{
"type": "FeatureCollection",
"name": "culiacán",
"crs": { "type": "name", "properties": { "name": "urn:ogc:def:crs:OGC:1.3:CRS84" } },
"features": [
{ "type": "Feature", "properties": { "city": "Culiacán", "route_name": "5_de Febrero", "route_name_short": "de Febrero", "type": "Bus", "shape_id": "shape_3566" }, "geometry": { "type": "LineString", "coordinates": [ [ -107.39019, 24.80772 ], [ -107.38383, 24.8083 ], [ -107.38344, 24.80542 ], [ -107.38046, 24.80259 ], [ -107.37788, 24.79995 ], [ -107.37521, 24.79589 ], [ -107.37385, 24.79274 ], [ -107.37221, 24.78901 ], [ -107.37135, 24.78915 ], [ -107.36927, 24.78907 ], [ -107.36719, 24.78902 ], [ -107.3652, 24.78893 ], [ -107.36419, 24.7889 ], [ -107.36324, 24.78888 ], [ -107.36029, 24.78877 ], [ -107.3588, 24.78879 ], [ -107.3576, 24.78874 ], [ -107.35545, 24.78868 ], [ -107.35413, 24.78866 ], [ -107.35331, 24.78867 ], [ -107.35332, 24.78918 ], [ -107.35237, 24.78919 ], [ -107.35245, 24.78978 ], [ -107.34779, 24.79033 ], [ -107.34736, 24.78744 ], [ -107.34841, 24.78741 ], [ -107.34877, 24.79017 ], [ -107.35102, 24.78992 ], [ -107.35239, 24.78975 ], [ -107.35234, 24.78917 ], [ -107.35329, 24.78916 ], [ -107.35329, 24.78885 ], [ -107.35329, 24.78866 ], [ -107.35415, 24.78863 ], [ -107.35586, 24.78867 ], [ -107.35846, 24.78865 ], [ -107.3622, 24.78868 ], [ -107.36958, 24.78898 ], [ -107.37131, 24.78903 ], [ -107.37186, 24.78897 ], [ -107.37225, 24.78881 ], [ -107.37376, 24.79203 ], [ -107.37521, 24.79537 ], [ -107.37791, 24.79962 ], [ -107.37838, 24.80014 ], [ -107.3828, 24.79991 ], [ -107.38329, 24.80384 ], [ -107.38344, 24.80518 ], [ -107.38973, 24.80485 ], [ -107.396, 24.80457 ], [ -107.39655, 24.80727 ], [ -107.39025, 24.80773 ] ] } },
{ "type": "Feature", "properties": { "city": "Culiacán", "route_name": "10_de Abril", "route_name_short": "de Abril", "type": "Bus", "shape_id": "shape_3567" }, "geometry": { "type": "LineString", "coordinates": [ [ -107.42871, 24.85018 ], [ -107.42792, 24.84872 ], [ -107.42779, 24.84766 ], [ -107.42758, 24.84652 ], [ -107.42534, 24.84653 ], [ -107.42472, 24.84642 ], [ -107.42088, 24.84454 ], [ -107.42041, 24.84451 ], [ -107.41958, 24.84476 ], [ -107.41913, 24.84477 ], [ -107.4184, 24.84456 ], [ -107.41384, 24.84296 ], [ -107.41245, 24.84334 ], [ -107.41021, 24.84272 ], [ -107.40999, 24.84262 ], [ -107.40939, 24.84219 ], [ -107.40973, 24.84117 ], [ -107.40982, 24.84068 ], [ -107.41108, 24.8378 ], [ -107.41219, 24.83514 ], [ -107.41333, 24.83251 ], [ -107.41447, 24.8298 ], [ -107.41586, 24.82666 ], [ -107.41698, 24.82409 ], [ -107.41751, 24.82273 ], [ -107.41765, 24.82259 ], [ -107.42065, 24.82135 ], [ -107.42079, 24.82106 ], [ -107.41754, 24.81817 ], [ -107.41454, 24.81548 ], [ -107.41241, 24.81345 ], [ -107.40653, 24.80814 ], [ -107.40623, 24.80772 ], [ -107.40581, 24.80581 ], [ -107.40552, 24.80493 ], [ -107.40436, 24.80502 ], [ -107.40546, 24.80886 ], [ -107.40205, 24.8099 ], [ -107.40121, 24.80994 ], [ -107.40099, 24.80857 ], [ -107.3974, 24.80861 ], [ -107.39615, 24.80872 ] ] } },
{ "type": "Feature", "properties": { "city": "Culiacán", "route_name": "20_de Noviembre Balcones de Loma Linda - Huerta Grande", "route_name_short": "de Noviembre Balcones de Loma Linda - Huerta Grande", "type": "Bus", "shape_id": "shape_3569" }, "geometry": { "type": "LineString", "coordinates": [ [ -106.4203, 23.20026 ], [ -106.41819, 23.20069 ], [ -106.41526, 23.2012 ], [ -106.41531, 23.20154 ], [ -106.41353, 23.20188 ], [ -106.41255, 23.20203 ], [ -106.41149, 23.20447 ], [ -106.41047, 23.20689 ], [ -106.4095, 23.20911 ], [ -106.4091, 23.20981 ], [ -106.40738, 23.21222 ], [ -106.40583, 23.21442 ], [ -106.4047, 23.21594 ], [ -106.40403, 23.21705 ], [ -106.40361, 23.21775 ], [ -106.40325, 23.21851 ], [ -106.40295, 23.21949 ], [ -106.40274, 23.2201 ], [ -106.40237, 23.22098 ], [ -106.4018, 23.22211 ], [ -106.40074, 23.22432 ], [ -106.40036, 23.22518 ], [ -106.40209, 23.22659 ], [ -106.40474, 23.22874 ], [ -106.40523, 23.22913 ], [ -106.40481, 23.22986 ], [ -106.40411, 23.23113 ], [ -106.40373, 23.23183 ], [ -106.40443, 23.23209 ], [ -106.40611, 23.2325 ], [ -106.40962, 23.23329 ], [ -106.41206, 23.23379 ], [ -106.41266, 23.23396 ], [ -106.41217, 23.23595 ], [ -106.41166, 23.23799 ], [ -106.4115, 23.23807 ], [ -106.41111, 23.23801 ], [ -106.41083, 23.23797 ], [ -106.41039, 23.23963 ], [ -106.40995, 23.24139 ], [ -106.40963, 23.24261 ], [ -106.40924, 23.24425 ], [ -106.40909, 23.24456 ], [ -106.4086, 23.245 ], [ -106.40817, 23.24534 ], [ -106.40937, 23.24653 ], [ -106.41139, 23.2485 ], [ -106.41339, 23.25046 ], [ -106.4128, 23.25084 ], [ -106.41217, 23.25137 ], [ -106.41141, 23.25212 ], [ -106.41089, 23.25252 ], [ -106.41253, 23.25412 ], [ -106.41392, 23.25548 ], [ -106.41331, 23.25587 ], [ -106.41251, 23.25641 ], [ -106.41156, 23.25709 ], [ -106.41034, 23.25792 ], [ -106.40901, 23.25881 ], [ -106.40879, 23.25904 ], [ -106.40761, 23.25795 ], [ -106.40757, 23.25808 ], [ -106.40998, 23.26028 ], [ -106.41244, 23.26259 ], [ -106.41497, 23.26498 ], [ -106.41613, 23.26608 ], [ -106.4163, 23.26646 ], [ -106.41626, 23.26693 ], [ -106.41611, 23.26751 ], [ -106.41587, 23.26886 ], [ -106.41556, 23.27021 ], [ -106.41526, 23.27155 ], [ -106.41449, 23.27473 ], [ -106.4138, 23.27756 ], [ -106.41358, 23.27843 ], [ -106.41323, 23.27941 ], [ -106.41356, 23.27957 ], [ -106.4131, 23.28058 ], [ -106.41264, 23.28178 ], [ -106.41191, 23.28366 ], [ -106.41179, 23.28403 ], [ -106.41182, 23.28434 ], [ -106.41236, 23.28557 ], [ -106.41242, 23.28567 ], [ -106.4125, 23.28569 ], [ -106.41269, 23.28583 ], [ -106.41311, 23.28635 ], [ -106.41348, 23.28685 ], [ -106.41364, 23.28713 ], [ -106.41369, 23.28712 ], [ -106.4134, 23.28666 ], [ -106.41295, 23.2861 ], [ -106.41265, 23.28573 ], [ -106.41251, 23.28561 ], [ -106.4124, 23.28548 ], [ -106.41192, 23.28441 ], [ -106.41187, 23.28423 ], [ -106.41186, 23.28403 ], [ -106.412, 23.28363 ], [ -106.41257, 23.28215 ], [ -106.41316, 23.28064 ], [ -106.4132, 23.28051 ], [ -106.41364, 23.27953 ], [ -106.41339, 23.27941 ], [ -106.41373, 23.27867 ], [ -106.41383, 23.27825 ], [ -106.41431, 23.27623 ], [ -106.41495, 23.27358 ], [ -106.41555, 23.27101 ], [ -106.41623, 23.2681 ], [ -106.41648, 23.26682 ], [ -106.41643, 23.26628 ], [ -106.41617, 23.26585 ], [ -106.41551, 23.26524 ], [ -106.41223, 23.26221 ], [ -106.40939, 23.25964 ], [ -106.40895, 23.2592 ], [ -106.40919, 23.25896 ], [ -106.41009, 23.25835 ], [ -106.41319, 23.25621 ], [ -106.41414, 23.2555 ], [ -106.41277, 23.25421 ], [ -106.41105, 23.25253 ], [ -106.4124, 23.2514 ], [ -106.41296, 23.25087 ], [ -106.41376, 23.25044 ], [ -106.41427, 23.25012 ], [ -106.41446, 23.24987 ], [ -106.41482, 23.24933 ], [ -106.41542, 23.24882 ], [ -106.41562, 23.24862 ], [ -106.41322, 23.24815 ], [ -106.41263, 23.24805 ], [ -106.41221, 23.24772 ], [ -106.4117, 23.24732 ], [ -106.411, 23.24802 ], [ -106.40966, 23.24676 ], [ -106.40826, 23.24534 ], [ -106.40892, 23.24481 ], [ -106.40919, 23.24452 ], [ -106.40933, 23.2441 ], [ -106.40977, 23.24226 ], [ -106.41049, 23.23946 ], [ -106.41085, 23.23802 ], [ -106.41149, 23.23813 ], [ -106.41155, 23.23822 ], [ -106.41165, 23.23826 ], [ -106.41178, 23.23818 ], [ -106.41173, 23.23805 ], [ -106.41174, 23.23789 ], [ -106.41246, 23.23508 ], [ -106.41274, 23.23395 ], [ -106.4128, 23.23359 ], [ -106.41312, 23.23238 ], [ -106.41048, 23.23184 ], [ -106.40631, 23.23095 ], [ -106.40526, 23.2307 ], [ -106.40452, 23.23047 ], [ -106.4053, 23.2291 ], [ -106.40398, 23.22806 ], [ -106.40196, 23.22643 ], [ -106.40046, 23.22521 ], [ -106.40094, 23.22411 ], [ -106.40122, 23.22357 ], [ -106.40198, 23.22199 ], [ -106.40275, 23.22037 ], [ -106.40307, 23.21952 ], [ -106.40336, 23.2186 ], [ -106.40365, 23.21798 ], [ -106.40416, 23.21705 ], [ -106.40501, 23.21579 ], [ -106.40595, 23.2144 ], [ -106.40757, 23.21221 ], [ -106.40935, 23.20974 ], [ -106.41093, 23.20755 ], [ -106.41116, 23.20735 ], [ -106.41326, 23.20692 ], [ -106.41645, 23.20627 ], [ -106.41948, 23.20568 ], [ -106.42104, 23.20532 ], [ -106.4207, 23.20269 ], [ -106.4203, 23.20024 ] ] } },
{ "type": "Feature", "properties": { "city": "Culiacán", "route_name": "Aguaruto_", "route_name_short": "", "type": "Bus", "shape_id": "shape_3515" }, "geometry": { "type": "LineString", "coordinates": [ [ -107.39543, 24.80096 ], [ -107.39558, 24.80194 ], [ -107.39593, 24.80409 ], [ -107.39634, 24.80649 ], [ -107.39926, 24.80626 ], [ -107.40089, 24.80612 ], [ -107.40074, 24.80434 ], [ -107.40059, 24.8016 ], [ -107.40046, 24.8002 ], [ -107.40034, 24.79881 ], [ -107.40129, 24.79876 ], [ -107.40293, 24.79871 ], [ -107.40485, 24.7986 ], [ -107.4066, 24.79845 ], [ -107.40736, 24.79716 ], [ -107.40846, 24.79598 ], [ -107.4087, 24.79579 ], [ -107.40908, 24.79533 ], [ -107.40949, 24.7947 ], [ -107.40989, 24.794 ], [ -107.40993, 24.79381 ], [ -107.40979, 24.79354 ], [ -107.41044, 24.79331 ], [ -107.41148, 24.79307 ], [ -107.41354, 24.79297 ], [ -107.41669, 24.79295 ], [ -107.4181, 24.79279 ], [ -107.42001, 24.79254 ], [ -107.42282, 24.79162 ], [ -107.42573, 24.79063 ], [ -107.42705, 24.79022 ], [ -107.42769, 24.78993 ], [ -107.42814, 24.78953 ], [ -107.42855, 24.789 ], [ -107.42989, 24.78556 ], [ -107.43019, 24.78492 ], [ -107.43074, 24.78443 ], [ -107.43335, 24.7827 ], [ -107.43572, 24.78105 ], [ -107.43779, 24.77978 ], [ -107.43905, 24.77925 ], [ -107.44162, 24.77838 ], [ -107.44457, 24.77739 ], [ -107.44782, 24.77623 ], [ -107.45096, 24.77517 ], [ -107.45302, 24.77444 ], [ -107.45346, 24.7743 ], [ -107.45387, 24.77425 ], [ -107.45634, 24.77454 ], [ -107.45794, 24.77478 ], [ -107.45991, 24.77504 ], [ -107.46046, 24.77506 ], [ -107.46159, 24.77498 ], [ -107.46379, 24.77471 ], [ -107.46511, 24.77468 ], [ -107.46604, 24.7748 ], [ -107.46747, 24.77498 ], [ -107.46864, 24.77503 ], [ -107.47134, 24.77502 ], [ -107.47181, 24.77503 ], [ -107.4761, 24.77504 ], [ -107.47984, 24.77504 ], [ -107.48259, 24.77505 ], [ -107.48558, 24.77506 ], [ -107.4871, 24.77494 ], [ -107.48994, 24.77472 ], [ -107.49379, 24.77436 ], [ -107.49766, 24.774 ], [ -107.50438, 24.77342 ], [ -107.50642, 24.77326 ], [ -107.50773, 24.77597 ], [ -107.50913, 24.77875 ], [ -107.50779, 24.77933 ], [ -107.50838, 24.78134 ], [ -107.51049, 24.78086 ], [ -107.51315, 24.78038 ], [ -107.51478, 24.78015 ], [ -107.51691, 24.78007 ], [ -107.51678, 24.77785 ], [ -107.51475, 24.77809 ], [ -107.51463, 24.777 ], [ -107.51442, 24.77512 ], [ -107.51343, 24.77523 ], [ -107.51118, 24.77612 ], [ -107.50832, 24.77733 ], [ -107.50633, 24.77337 ], [ -107.50467, 24.77353 ], [ -107.50301, 24.77368 ], [ -107.49886, 24.77405 ], [ -107.49674, 24.77424 ], [ -107.49487, 24.7744 ], [ -107.49261, 24.77461 ], [ -107.49029, 24.77481 ], [ -107.4884, 24.77496 ], [ -107.48659, 24.77511 ], [ -107.48574, 24.77518 ], [ -107.48468, 24.77517 ], [ -107.48258, 24.77517 ], [ -107.47904, 24.77516 ], [ -107.47649, 24.77516 ], [ -107.47201, 24.77516 ], [ -107.4714, 24.77513 ], [ -107.4684, 24.77514 ], [ -107.4674, 24.77509 ], [ -107.46525, 24.77481 ], [ -107.4647, 24.77479 ], [ -107.46371, 24.77486 ], [ -107.46141, 24.77512 ], [ -107.45988, 24.77518 ], [ -107.45917, 24.77507 ], [ -107.45631, 24.77468 ], [ -107.45558, 24.77458 ], [ -107.45386, 24.77439 ], [ -107.45341, 24.77445 ], [ -107.45206, 24.77494 ], [ -107.45094, 24.77529 ], [ -107.45041, 24.77549 ], [ -107.44913, 24.77594 ], [ -107.44765, 24.77642 ], [ -107.44615, 24.77693 ], [ -107.44374, 24.77775 ], [ -107.44159, 24.77852 ], [ -107.43919, 24.77935 ], [ -107.43781, 24.77996 ], [ -107.43652, 24.78073 ], [ -107.4355, 24.7814 ], [ -107.43426, 24.78222 ], [ -107.43285, 24.78315 ], [ -107.43131, 24.78418 ], [ -107.43047, 24.78475 ], [ -107.43023, 24.78503 ], [ -107.42973, 24.78615 ], [ -107.42966, 24.78643 ], [ -107.42919, 24.78777 ], [ -107.42879, 24.78894 ], [ -107.42866, 24.78917 ], [ -107.42818, 24.78977 ], [ -107.42763, 24.79014 ], [ -107.42704, 24.79039 ], [ -107.42589, 24.79072 ], [ -107.42491, 24.79105 ], [ -107.42372, 24.79145 ], [ -107.42193, 24.79204 ], [ -107.42007, 24.7926 ], [ -107.41971, 24.79266 ], [ -107.41778, 24.79295 ], [ -107.41711, 24.79302 ], [ -107.41594, 24.79304 ], [ -107.41358, 24.79309 ], [ -107.41151, 24.79321 ], [ -107.41085, 24.79334 ], [ -107.41028, 24.79357 ], [ -107.40974, 24.79449 ], [ -107.40919, 24.79532 ], [ -107.40876, 24.79583 ], [ -107.4077, 24.79688 ], [ -107.40749, 24.79719 ], [ -107.40704, 24.79788 ], [ -107.40651, 24.79895 ], [ -107.40643, 24.79925 ], [ -107.40609, 24.79989 ], [ -107.40585, 24.80046 ], [ -107.40437, 24.80056 ], [ -107.40137, 24.80067 ], [ -107.39543, 24.80097 ] ] } },
{ "type": "Feature", "properties": { "city": "Culiacán", "route_name": "Agustina_Ramírez", "route_name_short": "Ramírez", "type": "Bus", "shape_id": "shape_3504" }, "geometry": { "type": "LineString", "coordinates": [ [ -107.40547, 24.80884 ], [ -107.40205, 24.80979 ], [ -107.40039, 24.8101 ], [ -107.40013, 24.80861 ], [ -107.39761, 24.8086 ], [ -107.39572, 24.80878 ], [ -107.39549, 24.80655 ], [ -107.40086, 24.80613 ], [ -107.40568, 24.80565 ], [ -107.40589, 24.80561 ], [ -107.40565, 24.80498 ], [ -107.4048, 24.80439 ], [ -107.40471, 24.80415 ], [ -107.40482, 24.80392 ], [ -107.40506, 24.80377 ], [ -107.40534, 24.80382 ], [ -107.40553, 24.80394 ], [ -107.40639, 24.80782 ], [ -107.40965, 24.81075 ], [ -107.41397, 24.81477 ], [ -107.41996, 24.82017 ], [ -107.42021, 24.82019 ], [ -107.42035, 24.82012 ], [ -107.42043, 24.81994 ], [ -107.4203, 24.81974 ], [ -107.42014, 24.81967 ], [ -107.41984, 24.81969 ], [ -107.417, 24.82096 ], [ -107.4162, 24.82124 ], [ -107.41594, 24.82147 ], [ -107.41583, 24.82169 ], [ -107.41558, 24.82171 ], [ -107.41548, 24.82156 ], [ -107.41567, 24.82129 ], [ -107.41538, 24.82102 ], [ -107.41445, 24.82046 ], [ -107.4143, 24.82044 ], [ -107.41305, 24.81981 ], [ -107.41252, 24.82067 ], [ -107.41245, 24.82104 ], [ -107.41197, 24.82099 ], [ -107.41161, 24.82085 ], [ -107.41087, 24.82046 ], [ -107.41031, 24.82168 ], [ -107.41016, 24.82186 ], [ -107.40843, 24.8256 ], [ -107.41302, 24.82736 ], [ -107.41263, 24.82803 ], [ -107.41278, 24.82818 ], [ -107.41469, 24.82904 ], [ -107.41489, 24.82904 ], [ -107.42071, 24.83143 ], [ -107.42134, 24.83155 ], [ -107.42373, 24.83257 ], [ -107.42364, 24.83268 ], [ -107.42234, 24.83218 ], [ -107.4212, 24.83473 ], [ -107.42076, 24.83572 ], [ -107.42024, 24.83678 ], [ -107.41749, 24.83586 ], [ -107.41704, 24.83678 ], [ -107.41693, 24.83713 ], [ -107.41672, 24.83881 ], [ -107.41869, 24.84226 ], [ -107.41924, 24.8424 ], [ -107.41974, 24.84098 ], [ -107.42097, 24.84127 ], [ -107.4223, 24.83745 ], [ -107.42784, 24.83909 ], [ -107.42794, 24.83871 ], [ -107.4258, 24.83805 ], [ -107.42733, 24.83679 ], [ -107.42122, 24.83476 ], [ -107.4225, 24.83224 ], [ -107.42129, 24.83169 ], [ -107.42053, 24.83152 ], [ -107.41481, 24.82912 ], [ -107.41468, 24.82901 ], [ -107.41279, 24.82822 ], [ -107.41222, 24.82811 ], [ -107.41268, 24.82727 ], [ -107.40841, 24.82559 ], [ -107.41013, 24.82189 ], [ -107.4101, 24.82181 ], [ -107.41019, 24.82166 ], [ -107.41212, 24.8225 ], [ -107.41232, 24.82197 ], [ -107.41246, 24.82068 ], [ -107.41309, 24.81971 ], [ -107.414, 24.82013 ], [ -107.41554, 24.82109 ], [ -107.41573, 24.82129 ], [ -107.41899, 24.8199 ], [ -107.41905, 24.81979 ], [ -107.41904, 24.81964 ], [ -107.41774, 24.81828 ], [ -107.41567, 24.81651 ], [ -107.41158, 24.8127 ], [ -107.40643, 24.80806 ], [ -107.40626, 24.80777 ], [ -107.40583, 24.80582 ], [ -107.40564, 24.80501 ], [ -107.40435, 24.80501 ], [ -107.40549, 24.80882 ] ] } },
{ "type": "Feature", "properties": { "city": "Culiacán", "route_name": "Aquiles_Serdán", "route_name_short": "Serdán", "type": "Bus", "shape_id": "shape_3516" }, "geometry": { "type": "LineString", "coordinates": [ [ -107.40906, 24.76077 ], [ -107.40901, 24.76079 ], [ -107.40927, 24.76108 ], [ -107.40982, 24.76159 ], [ -107.41085, 24.76251 ], [ -107.41111, 24.763 ], [ -107.41127, 24.76344 ], [ -107.41001, 24.76459 ], [ -107.40883, 24.76572 ], [ -107.4098, 24.76658 ], [ -107.4108, 24.76743 ], [ -107.4098, 24.76776 ], [ -107.41397, 24.77146 ], [ -107.41614, 24.77337 ], [ -107.41834, 24.77528 ], [ -107.42196, 24.77846 ], [ -107.42268, 24.77909 ], [ -107.42276, 24.7791 ], [ -107.41979, 24.78194 ], [ -107.41821, 24.78342 ], [ -107.41663, 24.78495 ], [ -107.41744, 24.78551 ], [ -107.41803, 24.78578 ], [ -107.41853, 24.78584 ], [ -107.42004, 24.78591 ], [ -107.41802, 24.78937 ], [ -107.41743, 24.78908 ], [ -107.41616, 24.79126 ], [ -107.41617, 24.79139 ], [ -107.41655, 24.79271 ], [ -107.41659, 24.79294 ], [ -107.41279, 24.79296 ], [ -107.41284, 24.79318 ], [ -107.41269, 24.79359 ], [ -107.41147, 24.79614 ], [ -107.41104, 24.7969 ], [ -107.4103, 24.79764 ], [ -107.40716, 24.80048 ], [ -107.4058, 24.80213 ], [ -107.40546, 24.8029 ], [ -107.40516, 24.80339 ], [ -107.40499, 24.80366 ], [ -107.40495, 24.80381 ], [ -107.40473, 24.80396 ], [ -107.403, 24.80404 ], [ -107.40379, 24.80722 ], [ -107.40097, 24.80745 ], [ -107.40108, 24.8091 ], [ -107.40018, 24.80923 ], [ -107.39773, 24.80948 ], [ -107.3968, 24.80959 ], [ -107.39662, 24.80867 ], [ -107.39791, 24.80858 ], [ -107.40011, 24.80862 ], [ -107.40002, 24.80699 ], [ -107.40092, 24.80693 ], [ -107.4048, 24.80658 ], [ -107.40428, 24.80463 ], [ -107.40484, 24.80451 ], [ -107.40517, 24.80459 ], [ -107.40543, 24.8045 ], [ -107.40559, 24.8043 ], [ -107.4056, 24.80411 ], [ -107.40554, 24.80389 ], [ -107.40552, 24.80343 ], [ -107.40566, 24.80283 ], [ -107.40601, 24.80215 ], [ -107.40718, 24.80072 ], [ -107.40929, 24.79878 ], [ -107.41082, 24.79742 ], [ -107.41125, 24.79692 ], [ -107.4116, 24.79637 ], [ -107.41292, 24.79354 ], [ -107.41337, 24.79308 ], [ -107.41664, 24.79303 ], [ -107.41661, 24.79274 ], [ -107.41638, 24.79199 ], [ -107.41624, 24.79152 ], [ -107.41619, 24.79127 ], [ -107.41746, 24.78909 ], [ -107.41635, 24.78856 ], [ -107.41727, 24.78686 ], [ -107.41732, 24.78646 ], [ -107.41735, 24.78581 ], [ -107.4174, 24.78562 ], [ -107.41752, 24.78547 ], [ -107.41674, 24.78491 ], [ -107.41817, 24.78353 ], [ -107.42041, 24.7814 ], [ -107.42289, 24.77904 ], [ -107.42272, 24.77905 ], [ -107.42212, 24.77855 ], [ -107.41847, 24.77534 ], [ -107.41652, 24.77363 ], [ -107.41451, 24.77189 ], [ -107.40989, 24.76777 ], [ -107.41088, 24.76744 ], [ -107.40986, 24.76658 ], [ -107.4089, 24.76573 ], [ -107.41005, 24.76458 ], [ -107.41133, 24.76344 ], [ -107.41114, 24.76297 ], [ -107.41089, 24.76248 ], [ -107.40954, 24.76129 ], [ -107.40929, 24.76105 ], [ -107.40906, 24.76077 ] ] } },
{ "type": "Feature", "properties": { "city": "Culiacán", "route_name": "Alcanfores_- La Villita Navolato", "route_name_short": "- La Villita Navolato", "type": "Bus", "shape_id": "shape_3568" }, "geometry": { "type": "LineString", "coordinates": [ [ -107.69839, 24.74676 ], [ -107.69717, 24.74699 ], [ -107.69711, 24.74653 ], [ -107.69593, 24.7467 ], [ -107.69621, 24.7481 ], [ -107.69627, 24.74813 ], [ -107.69514, 24.74833 ], [ -107.69536, 24.74931 ], [ -107.69539, 24.7502 ], [ -107.69377, 24.75021 ], [ -107.69268, 24.75027 ], [ -107.69165, 24.75026 ], [ -107.69189, 24.75128 ], [ -107.69243, 24.75369 ], [ -107.69322, 24.7571 ], [ -107.69417, 24.76101 ], [ -107.69473, 24.76344 ], [ -107.69482, 24.76373 ], [ -107.69512, 24.765 ], [ -107.69539, 24.76609 ], [ -107.6955, 24.76636 ], [ -107.6977, 24.76678 ], [ -107.69956, 24.7671 ], [ -107.69936, 24.76817 ], [ -107.69805, 24.76808 ], [ -107.69735, 24.76794 ], [ -107.6963, 24.76758 ], [ -107.69637, 24.76741 ], [ -107.69485, 24.76694 ], [ -107.69507, 24.76631 ], [ -107.69414, 24.76582 ], [ -107.6939, 24.76655 ], [ -107.69392, 24.76674 ], [ -107.69327, 24.7664 ], [ -107.69287, 24.76621 ], [ -107.6926, 24.76601 ], [ -107.69116, 24.76555 ], [ -107.6901, 24.76522 ], [ -107.68937, 24.76478 ], [ -107.68853, 24.76434 ], [ -107.6869, 24.76387 ], [ -107.68668, 24.76512 ], [ -107.68561, 24.76512 ], [ -107.68576, 24.7643 ], [ -107.68582, 24.76409 ], [ -107.68584, 24.76379 ], [ -107.68605, 24.76275 ], [ -107.68605, 24.76258 ], [ -107.68524, 24.76239 ], [ -107.68445, 24.76218 ], [ -107.68351, 24.76187 ], [ -107.68313, 24.76179 ], [ -107.68202, 24.76176 ], [ -107.68136, 24.76174 ], [ -107.68067, 24.76169 ], [ -107.6801, 24.76165 ], [ -107.67908, 24.76162 ], [ -107.6791, 24.76303 ], [ -107.68014, 24.7631 ], [ -107.68024, 24.7618 ], [ -107.68138, 24.76182 ], [ -107.68241, 24.76186 ], [ -107.68318, 24.76197 ], [ -107.68391, 24.76211 ], [ -107.68521, 24.76253 ], [ -107.68509, 24.76313 ], [ -107.68491, 24.76359 ], [ -107.68484, 24.76399 ], [ -107.6849, 24.76407 ], [ -107.68488, 24.76436 ], [ -107.68473, 24.76516 ], [ -107.68461, 24.76589 ], [ -107.68548, 24.7659 ], [ -107.68558, 24.76516 ], [ -107.68667, 24.76517 ], [ -107.68675, 24.76509 ], [ -107.68894, 24.76576 ], [ -107.69261, 24.76699 ], [ -107.69252, 24.76749 ], [ -107.69374, 24.76779 ], [ -107.69434, 24.76782 ], [ -107.69545, 24.76803 ], [ -107.69607, 24.7682 ], [ -107.69714, 24.76853 ], [ -107.69928, 24.76876 ], [ -107.69963, 24.76697 ], [ -107.69976, 24.76614 ], [ -107.69881, 24.76573 ], [ -107.69834, 24.7655 ], [ -107.69792, 24.76539 ], [ -107.6964, 24.76513 ], [ -107.69547, 24.76495 ], [ -107.69517, 24.76499 ], [ -107.69467, 24.76293 ], [ -107.694, 24.75978 ], [ -107.69332, 24.75723 ], [ -107.69261, 24.75406 ], [ -107.69174, 24.7503 ], [ -107.69259, 24.75032 ], [ -107.69355, 24.75025 ], [ -107.69498, 24.75024 ], [ -107.69635, 24.75022 ], [ -107.69733, 24.75025 ], [ -107.6983, 24.7504 ], [ -107.69845, 24.74934 ], [ -107.6987, 24.74826 ], [ -107.69848, 24.74706 ], [ -107.6984, 24.74677 ] ] } },
{ "type": "Feature", "properties": { "city": "Culiacán", "route_name": "Bachigualato_- Chata", "route_name_short": "- Chata", "type": "Bus", "shape_id": "shape_3517" }, "geometry": { "type": "LineString", "coordinates": [ [ -107.47387, 24.77502 ], [ -107.47059, 24.77503 ], [ -107.46799, 24.775 ], [ -107.46667, 24.77491 ], [ -107.46512, 24.77471 ], [ -107.46499, 24.77471 ], [ -107.4645, 24.77471 ], [ -107.46391, 24.77473 ], [ -107.46104, 24.77503 ], [ -107.46048, 24.77506 ], [ -107.46017, 24.77502 ], [ -107.45733, 24.7747 ], [ -107.45453, 24.77432 ], [ -107.45408, 24.77426 ], [ -107.45363, 24.77425 ], [ -107.44727, 24.77643 ], [ -107.44598, 24.77688 ], [ -107.44327, 24.77782 ], [ -107.43913, 24.77922 ], [ -107.43804, 24.77966 ], [ -107.43727, 24.78008 ], [ -107.43644, 24.78057 ], [ -107.43076, 24.78443 ], [ -107.43041, 24.78466 ], [ -107.43016, 24.785 ], [ -107.42959, 24.78617 ], [ -107.42859, 24.78887 ], [ -107.4281, 24.78958 ], [ -107.42743, 24.79005 ], [ -107.42687, 24.79026 ], [ -107.42586, 24.79059 ], [ -107.42291, 24.79158 ], [ -107.42021, 24.79244 ], [ -107.41754, 24.79289 ], [ -107.41308, 24.79295 ], [ -107.41154, 24.79299 ], [ -107.41094, 24.79312 ], [ -107.41012, 24.79348 ], [ -107.40983, 24.79355 ], [ -107.40992, 24.79373 ], [ -107.4099, 24.79399 ], [ -107.40965, 24.79448 ], [ -107.40911, 24.79532 ], [ -107.40891, 24.79556 ], [ -107.40871, 24.7958 ], [ -107.40825, 24.79623 ], [ -107.40771, 24.79675 ], [ -107.40737, 24.79718 ], [ -107.40703, 24.79774 ], [ -107.40659, 24.79854 ], [ -107.40607, 24.79983 ], [ -107.4054, 24.80148 ], [ -107.4047, 24.80315 ], [ -107.40467, 24.80349 ], [ -107.40475, 24.80393 ], [ -107.40471, 24.80421 ], [ -107.40477, 24.80437 ], [ -107.40492, 24.80452 ], [ -107.40509, 24.80458 ], [ -107.40524, 24.80468 ], [ -107.40565, 24.80496 ], [ -107.4058, 24.80555 ], [ -107.40619, 24.80757 ], [ -107.40632, 24.80789 ], [ -107.40651, 24.80811 ], [ -107.40759, 24.80908 ], [ -107.40922, 24.81062 ], [ -107.41252, 24.81357 ], [ -107.41592, 24.81673 ], [ -107.41752, 24.81809 ], [ -107.41772, 24.8184 ], [ -107.41792, 24.81876 ], [ -107.41796, 24.81943 ], [ -107.4181, 24.81976 ], [ -107.41825, 24.82003 ], [ -107.41818, 24.82023 ], [ -107.41586, 24.82124 ], [ -107.41559, 24.82143 ], [ -107.41529, 24.82194 ], [ -107.41474, 24.82303 ], [ -107.41457, 24.82338 ], [ -107.41191, 24.82243 ], [ -107.41021, 24.82166 ], [ -107.41011, 24.82188 ], [ -107.40842, 24.82564 ], [ -107.40695, 24.8286 ], [ -107.40623, 24.83008 ], [ -107.40588, 24.8308 ], [ -107.40553, 24.83084 ], [ -107.4054, 24.83148 ], [ -107.40485, 24.83185 ], [ -107.4028, 24.83285 ], [ -107.40156, 24.8334 ], [ -107.40026, 24.83381 ], [ -107.39994, 24.83391 ], [ -107.39958, 24.834 ], [ -107.39906, 24.83402 ], [ -107.39822, 24.83385 ], [ -107.39573, 24.83312 ], [ -107.39337, 24.83245 ], [ -107.3915, 24.83188 ], [ -107.38926, 24.83124 ], [ -107.38402, 24.82977 ], [ -107.37965, 24.82853 ], [ -107.37968, 24.82868 ], [ -107.39152, 24.832 ], [ -107.39798, 24.83389 ], [ -107.39844, 24.83406 ], [ -107.39893, 24.83415 ], [ -107.39931, 24.83414 ], [ -107.39968, 24.83409 ], [ -107.40152, 24.8335 ], [ -107.40296, 24.83287 ], [ -107.40487, 24.83198 ], [ -107.40535, 24.83186 ], [ -107.40569, 24.83191 ], [ -107.40618, 24.83209 ], [ -107.40682, 24.83243 ], [ -107.40715, 24.83256 ], [ -107.40764, 24.83265 ], [ -107.40796, 24.83265 ], [ -107.40794, 24.83251 ], [ -107.4079, 24.83239 ], [ -107.40775, 24.8323 ], [ -107.40737, 24.83237 ], [ -107.40708, 24.83234 ], [ -107.4067, 24.83226 ], [ -107.40624, 24.83199 ], [ -107.40582, 24.83183 ], [ -107.40554, 24.83158 ], [ -107.40565, 24.83122 ], [ -107.40576, 24.83114 ], [ -107.40594, 24.83078 ], [ -107.40882, 24.82486 ], [ -107.40977, 24.82281 ], [ -107.41018, 24.82182 ], [ -107.41191, 24.82255 ], [ -107.41487, 24.82361 ], [ -107.41561, 24.82212 ], [ -107.41592, 24.82149 ], [ -107.41607, 24.82133 ], [ -107.41935, 24.81991 ], [ -107.41996, 24.81967 ], [ -107.42011, 24.81966 ], [ -107.42028, 24.81971 ], [ -107.42037, 24.81979 ], [ -107.42042, 24.81991 ], [ -107.42042, 24.82009 ], [ -107.42033, 24.82019 ], [ -107.42021, 24.82024 ], [ -107.41999, 24.8202 ], [ -107.41983, 24.82009 ], [ -107.41927, 24.81956 ], [ -107.41795, 24.81836 ], [ -107.41703, 24.81751 ], [ -107.4144, 24.81516 ], [ -107.41265, 24.81351 ], [ -107.40959, 24.8107 ], [ -107.4066, 24.80802 ], [ -107.40644, 24.80785 ], [ -107.40633, 24.80765 ], [ -107.40579, 24.80508 ], [ -107.40564, 24.80443 ], [ -107.40557, 24.80397 ], [ -107.40502, 24.80337 ], [ -107.40482, 24.80319 ], [ -107.40503, 24.80252 ], [ -107.40561, 24.80112 ], [ -107.40667, 24.79849 ], [ -107.40709, 24.7977 ], [ -107.40743, 24.79719 ], [ -107.40799, 24.79653 ], [ -107.40853, 24.79602 ], [ -107.40874, 24.79583 ], [ -107.40917, 24.79533 ], [ -107.4094, 24.79499 ], [ -107.40972, 24.79452 ], [ -107.41008, 24.79396 ], [ -107.41027, 24.79352 ], [ -107.41084, 24.79333 ], [ -107.41155, 24.79319 ], [ -107.41221, 24.79313 ], [ -107.41428, 24.79307 ], [ -107.41657, 24.79303 ], [ -107.41755, 24.79298 ], [ -107.42028, 24.79254 ], [ -107.42736, 24.79025 ], [ -107.42775, 24.79005 ], [ -107.42813, 24.78976 ], [ -107.42857, 24.78928 ], [ -107.42875, 24.78899 ], [ -107.4297, 24.78619 ], [ -107.43022, 24.78504 ], [ -107.43045, 24.78474 ], [ -107.4308, 24.78449 ], [ -107.43556, 24.78138 ], [ -107.43736, 24.7802 ], [ -107.43841, 24.77965 ], [ -107.44053, 24.77886 ], [ -107.44353, 24.77781 ], [ -107.44573, 24.77706 ], [ -107.44746, 24.77649 ], [ -107.45318, 24.77454 ], [ -107.4537, 24.77443 ], [ -107.45398, 24.77441 ], [ -107.45428, 24.77442 ], [ -107.45638, 24.77468 ], [ -107.46, 24.77516 ], [ -107.46043, 24.77519 ], [ -107.46096, 24.77516 ], [ -107.46245, 24.77502 ], [ -107.46368, 24.77488 ], [ -107.46459, 24.77481 ], [ -107.4652, 24.77485 ], [ -107.46519, 24.77531 ], [ -107.46523, 24.77579 ], [ -107.46538, 24.7765 ], [ -107.4654, 24.7771 ], [ -107.46533, 24.77831 ], [ -107.46526, 24.7792 ], [ -107.46523, 24.77993 ], [ -107.46523, 24.77999 ], [ -107.46526, 24.78003 ], [ -107.46537, 24.78009 ], [ -107.46575, 24.78013 ], [ -107.46646, 24.78025 ], [ -107.46645, 24.7802 ], [ -107.46555, 24.78008 ], [ -107.46533, 24.78003 ], [ -107.46526, 24.77996 ], [ -107.46529, 24.7793 ], [ -107.46536, 24.77837 ], [ -107.46543, 24.77733 ], [ -107.46543, 24.77674 ], [ -107.46541, 24.77651 ], [ -107.46525, 24.7756 ], [ -107.46524, 24.77484 ], [ -107.46543, 24.77485 ], [ -107.46624, 24.77496 ], [ -107.46738, 24.7751 ], [ -107.46804, 24.77512 ], [ -107.47005, 24.77514 ], [ -107.47389, 24.77515 ], [ -107.47387, 24.77504 ] ] } },
{ "type": "Feature", "properties": { "city": "Culiacán", "route_name": "Barrancos_- Central", "route_name_short": "- Central", "type": "Bus", "shape_id": "shape_3519" }, "geometry": { "type": "LineString", "coordinates": [ [ -107.40336, 24.75505 ], [ -107.42886, 24.75369 ], [ -107.42912, 24.75829 ], [ -107.43316, 24.76757 ], [ -107.43416, 24.76797 ], [ -107.43543, 24.77066 ], [ -107.43097, 24.78352 ], [ -107.43092, 24.78403 ], [ -107.43016, 24.78465 ], [ -107.42994, 24.78501 ], [ -107.42847, 24.78908 ], [ -107.42804, 24.78964 ], [ -107.42747, 24.79003 ], [ -107.426, 24.79051 ], [ -107.42426, 24.78872 ], [ -107.42276, 24.78913 ], [ -107.42252, 24.78933 ], [ -107.42239, 24.78971 ], [ -107.42244, 24.79008 ], [ -107.42718, 24.79992 ], [ -107.42897, 24.79913 ], [ -107.42895, 24.79824 ], [ -107.42886, 24.79825 ], [ -107.42885, 24.79907 ], [ -107.42723, 24.7998 ], [ -107.42575, 24.79677 ], [ -107.42084, 24.79831 ], [ -107.41581, 24.79979 ], [ -107.41498, 24.80016 ], [ -107.41039, 24.80479 ], [ -107.40942, 24.80529 ], [ -107.409, 24.80611 ], [ -107.40548, 24.80994 ], [ -107.40467, 24.81049 ], [ -107.40412, 24.81066 ], [ -107.40148, 24.81125 ], [ -107.40128, 24.80993 ], [ -107.402, 24.80983 ], [ -107.40266, 24.81445 ], [ -107.4023, 24.81609 ], [ -107.40185, 24.81644 ], [ -107.40138, 24.81644 ], [ -107.40091, 24.81623 ], [ -107.3983, 24.81449 ], [ -107.39757, 24.8142 ], [ -107.39653, 24.81396 ], [ -107.39492, 24.8139 ], [ -107.38825, 24.81467 ], [ -107.38767, 24.81494 ], [ -107.38358, 24.81752 ], [ -107.38358, 24.81752 ], [ -107.38082, 24.82072 ], [ -107.38144, 24.82106 ], [ -107.38196, 24.8205 ], [ -107.38228, 24.8205 ], [ -107.38317, 24.8214 ], [ -107.38339, 24.82193 ], [ -107.38376, 24.82519 ], [ -107.38427, 24.8296 ], [ -107.38397, 24.82976 ], [ -107.37965, 24.82854 ], [ -107.37966, 24.82866 ], [ -107.38957, 24.83146 ], [ -107.38935, 24.8291 ], [ -107.38911, 24.82631 ], [ -107.38947, 24.82564 ], [ -107.39032, 24.82407 ], [ -107.39022, 24.82331 ], [ -107.38955, 24.82029 ], [ -107.38955, 24.82009 ], [ -107.38925, 24.81988 ], [ -107.389, 24.81956 ], [ -107.38893, 24.81915 ], [ -107.38857, 24.81743 ], [ -107.39169, 24.817 ], [ -107.396, 24.81638 ], [ -107.39516, 24.81222 ], [ -107.39452, 24.80802 ], [ -107.39433, 24.80463 ], [ -107.40216, 24.80424 ], [ -107.4029, 24.8045 ], [ -107.40327, 24.80457 ], [ -107.40487, 24.80448 ], [ -107.40509, 24.80456 ], [ -107.40541, 24.8045 ], [ -107.40561, 24.8042 ], [ -107.40546, 24.80368 ], [ -107.40546, 24.80343 ], [ -107.40559, 24.80289 ], [ -107.40588, 24.80234 ], [ -107.40716, 24.80076 ], [ -107.41024, 24.79799 ], [ -107.41116, 24.79703 ], [ -107.41283, 24.79365 ], [ -107.41332, 24.7931 ], [ -107.41696, 24.79303 ], [ -107.4198, 24.79263 ], [ -107.42044, 24.79247 ], [ -107.42758, 24.79016 ], [ -107.42814, 24.78975 ], [ -107.42862, 24.78921 ], [ -107.42983, 24.78611 ], [ -107.43024, 24.78532 ], [ -107.43076, 24.78466 ], [ -107.43097, 24.78411 ], [ -107.43106, 24.78346 ], [ -107.43336, 24.77678 ], [ -107.43558, 24.77066 ], [ -107.43439, 24.76806 ], [ -107.43421, 24.76782 ], [ -107.43344, 24.76752 ], [ -107.43322, 24.76734 ], [ -107.42927, 24.75827 ], [ -107.42907, 24.7534 ], [ -107.40856, 24.75451 ], [ -107.40314, 24.75475 ], [ -107.40338, 24.75504 ] ] } },
{ "type": "Feature", "properties": { "city": "Culiacán", "route_name": "Bachigualato_- Paraíso", "route_name_short": "- Paraíso", "type": "Bus", "shape_id": "shape_3518" }, "geometry": { "type": "LineString", "coordinates": [ [ -107.46047, 24.7568 ], [ -107.46063, 24.76011 ], [ -107.46079, 24.76728 ], [ -107.46089, 24.76923 ], [ -107.46107, 24.77501 ], [ -107.45992, 24.77506 ], [ -107.45747, 24.77471 ], [ -107.45399, 24.77425 ], [ -107.45352, 24.77427 ], [ -107.44824, 24.77605 ], [ -107.44708, 24.77649 ], [ -107.44698, 24.77647 ], [ -107.44477, 24.77721 ], [ -107.44333, 24.77772 ], [ -107.44308, 24.77787 ], [ -107.44032, 24.77879 ], [ -107.43821, 24.77958 ], [ -107.4372, 24.78011 ], [ -107.43542, 24.78125 ], [ -107.43046, 24.78461 ], [ -107.43009, 24.78507 ], [ -107.42952, 24.78637 ], [ -107.4286, 24.78886 ], [ -107.42802, 24.78965 ], [ -107.42771, 24.78989 ], [ -107.42719, 24.79016 ], [ -107.42001, 24.79252 ], [ -107.41707, 24.79293 ], [ -107.41431, 24.79295 ], [ -107.41149, 24.79306 ], [ -107.41096, 24.79314 ], [ -107.4098, 24.79354 ], [ -107.40991, 24.79382 ], [ -107.40989, 24.79396 ], [ -107.40978, 24.79422 ], [ -107.40911, 24.79529 ], [ -107.40873, 24.79576 ], [ -107.4085, 24.79592 ], [ -107.40735, 24.79717 ], [ -107.4066, 24.79846 ], [ -107.40462, 24.80345 ], [ -107.40473, 24.80402 ], [ -107.40469, 24.80418 ], [ -107.40479, 24.80441 ], [ -107.40555, 24.80487 ], [ -107.40566, 24.80501 ], [ -107.40623, 24.80772 ], [ -107.40639, 24.80799 ], [ -107.4125, 24.81355 ], [ -107.41386, 24.81487 ], [ -107.41756, 24.81818 ], [ -107.41769, 24.81837 ], [ -107.41904, 24.81962 ], [ -107.41899, 24.81991 ], [ -107.41569, 24.8213 ], [ -107.41554, 24.82146 ], [ -107.41506, 24.82234 ], [ -107.41456, 24.82338 ], [ -107.41188, 24.82241 ], [ -107.41017, 24.82166 ], [ -107.41012, 24.82189 ], [ -107.40917, 24.82403 ], [ -107.4059, 24.83077 ], [ -107.40553, 24.83082 ], [ -107.4055, 24.83118 ], [ -107.4054, 24.83145 ], [ -107.40469, 24.83193 ], [ -107.40315, 24.83269 ], [ -107.4015, 24.8334 ], [ -107.40001, 24.8339 ], [ -107.39926, 24.834 ], [ -107.39881, 24.83399 ], [ -107.3979, 24.83376 ], [ -107.39155, 24.83189 ], [ -107.37966, 24.82855 ], [ -107.37967, 24.82868 ], [ -107.39335, 24.83251 ], [ -107.39859, 24.83408 ], [ -107.39924, 24.83413 ], [ -107.40007, 24.83399 ], [ -107.40159, 24.83346 ], [ -107.40244, 24.83311 ], [ -107.40475, 24.83202 ], [ -107.40531, 24.83187 ], [ -107.40567, 24.8319 ], [ -107.4061, 24.83206 ], [ -107.40692, 24.83248 ], [ -107.4076, 24.83264 ], [ -107.4079, 24.83265 ], [ -107.40795, 24.83252 ], [ -107.4079, 24.8324 ], [ -107.4077, 24.8323 ], [ -107.40748, 24.83235 ], [ -107.4069, 24.83233 ], [ -107.40558, 24.83174 ], [ -107.40555, 24.83155 ], [ -107.40565, 24.83119 ], [ -107.40573, 24.83116 ], [ -107.40846, 24.82559 ], [ -107.41022, 24.82182 ], [ -107.41183, 24.82252 ], [ -107.41468, 24.82353 ], [ -107.41474, 24.82343 ], [ -107.41499, 24.82333 ], [ -107.41516, 24.82306 ], [ -107.41598, 24.82137 ], [ -107.41973, 24.81973 ], [ -107.4201, 24.81966 ], [ -107.42036, 24.81981 ], [ -107.42041, 24.81996 ], [ -107.42039, 24.82005 ], [ -107.42021, 24.82019 ], [ -107.41991, 24.82012 ], [ -107.41355, 24.81438 ], [ -107.41249, 24.81334 ], [ -107.40637, 24.80779 ], [ -107.40553, 24.80394 ], [ -107.40477, 24.80315 ], [ -107.40609, 24.79987 ], [ -107.40615, 24.79984 ], [ -107.4067, 24.79846 ], [ -107.40708, 24.79776 ], [ -107.40767, 24.7969 ], [ -107.40874, 24.79586 ], [ -107.40919, 24.79533 ], [ -107.40974, 24.79449 ], [ -107.41026, 24.79357 ], [ -107.41083, 24.79334 ], [ -107.41149, 24.7932 ], [ -107.41332, 24.79309 ], [ -107.41698, 24.79303 ], [ -107.42004, 24.7926 ], [ -107.42171, 24.7921 ], [ -107.42589, 24.79071 ], [ -107.42702, 24.79039 ], [ -107.42755, 24.79017 ], [ -107.42812, 24.78978 ], [ -107.42864, 24.78918 ], [ -107.42878, 24.78892 ], [ -107.42972, 24.78617 ], [ -107.43022, 24.78504 ], [ -107.43048, 24.78472 ], [ -107.43652, 24.78073 ], [ -107.43782, 24.77995 ], [ -107.43931, 24.77931 ], [ -107.44317, 24.77796 ], [ -107.44344, 24.77791 ], [ -107.44668, 24.77681 ], [ -107.44735, 24.77653 ], [ -107.4509, 24.77529 ], [ -107.45334, 24.77447 ], [ -107.4537, 24.7744 ], [ -107.45421, 24.77442 ], [ -107.45628, 24.77467 ], [ -107.45991, 24.77517 ], [ -107.46085, 24.77517 ], [ -107.46305, 24.77495 ], [ -107.4639, 24.77485 ], [ -107.46496, 24.77482 ], [ -107.46578, 24.7749 ], [ -107.46626, 24.77468 ], [ -107.46642, 24.77433 ], [ -107.4663, 24.77259 ], [ -107.46616, 24.77254 ], [ -107.46605, 24.7726 ], [ -107.4662, 24.77428 ], [ -107.46618, 24.77454 ], [ -107.466, 24.77472 ], [ -107.46579, 24.77468 ], [ -107.46499, 24.77461 ], [ -107.46442, 24.77459 ], [ -107.46383, 24.77464 ], [ -107.46351, 24.77409 ], [ -107.46344, 24.77368 ], [ -107.46266, 24.77046 ], [ -107.46269, 24.76838 ], [ -107.4628, 24.76838 ], [ -107.46276, 24.76726 ], [ -107.4637, 24.76724 ], [ -107.46369, 24.76668 ], [ -107.46325, 24.76669 ], [ -107.46316, 24.76209 ], [ -107.4656, 24.76207 ], [ -107.46615, 24.76217 ], [ -107.46758, 24.76216 ], [ -107.46764, 24.76202 ], [ -107.46753, 24.76002 ], [ -107.46558, 24.75997 ], [ -107.46555, 24.75638 ], [ -107.46327, 24.75638 ], [ -107.46326, 24.75681 ], [ -107.46046, 24.75679 ] ] } },
{ "type": "Feature", "properties": { "city": "Culiacán", "route_name": "Barrancos_- Centro", "route_name_short": "- Centro", "type": "Bus", "shape_id": "shape_3520" }, "geometry": { "type": "LineString", "coordinates": [ [ -107.40339, 24.75503 ], [ -107.42886, 24.75372 ], [ -107.42915, 24.75832 ], [ -107.43315, 24.7675 ], [ -107.4334, 24.76766 ], [ -107.43409, 24.76791 ], [ -107.4343, 24.76817 ], [ -107.43543, 24.77067 ], [ -107.43216, 24.78009 ], [ -107.43101, 24.78344 ], [ -107.43091, 24.78402 ], [ -107.43022, 24.78459 ], [ -107.42994, 24.78504 ], [ -107.42849, 24.78909 ], [ -107.42802, 24.78964 ], [ -107.42738, 24.79007 ], [ -107.42599, 24.79055 ], [ -107.42046, 24.79237 ], [ -107.41993, 24.7925 ], [ -107.41719, 24.79292 ], [ -107.4128, 24.793 ], [ -107.41284, 24.79336 ], [ -107.41141, 24.79629 ], [ -107.411, 24.79696 ], [ -107.41058, 24.79741 ], [ -107.40725, 24.8004 ], [ -107.40693, 24.80069 ], [ -107.40569, 24.80233 ], [ -107.40494, 24.80381 ], [ -107.40471, 24.80403 ], [ -107.39426, 24.80456 ], [ -107.39442, 24.80803 ], [ -107.39049, 24.80878 ], [ -107.39119, 24.81176 ], [ -107.39117, 24.81395 ], [ -107.39017, 24.81442 ], [ -107.38821, 24.81467 ], [ -107.38773, 24.81493 ], [ -107.3836, 24.81751 ], [ -107.38073, 24.82072 ], [ -107.38142, 24.82106 ], [ -107.382, 24.82051 ], [ -107.38219, 24.82048 ], [ -107.38293, 24.82111 ], [ -107.38322, 24.82156 ], [ -107.38343, 24.82234 ], [ -107.38423, 24.82957 ], [ -107.38406, 24.82978 ], [ -107.37859, 24.82824 ], [ -107.37862, 24.82836 ], [ -107.38955, 24.83145 ], [ -107.38911, 24.82631 ], [ -107.39034, 24.82405 ], [ -107.38955, 24.82023 ], [ -107.38936, 24.81999 ], [ -107.38906, 24.81965 ], [ -107.38894, 24.81927 ], [ -107.38872, 24.81791 ], [ -107.38826, 24.8154 ], [ -107.38826, 24.81513 ], [ -107.38845, 24.81491 ], [ -107.38942, 24.81464 ], [ -107.38979, 24.81468 ], [ -107.39141, 24.81447 ], [ -107.39458, 24.81404 ], [ -107.39603, 24.81406 ], [ -107.3975, 24.81433 ], [ -107.39836, 24.81466 ], [ -107.40192, 24.81711 ], [ -107.40208, 24.81714 ], [ -107.40268, 24.81545 ], [ -107.40279, 24.81463 ], [ -107.40242, 24.81168 ], [ -107.4025, 24.81146 ], [ -107.40263, 24.81132 ], [ -107.40323, 24.81098 ], [ -107.40442, 24.81069 ], [ -107.40482, 24.81053 ], [ -107.40543, 24.81017 ], [ -107.4091, 24.80622 ], [ -107.40951, 24.80538 ], [ -107.41047, 24.8049 ], [ -107.41271, 24.80261 ], [ -107.41503, 24.80032 ], [ -107.41601, 24.7999 ], [ -107.42013, 24.79867 ], [ -107.42539, 24.79701 ], [ -107.42572, 24.79716 ], [ -107.42717, 24.79991 ], [ -107.4288, 24.79922 ], [ -107.42887, 24.79917 ], [ -107.42892, 24.79912 ], [ -107.42896, 24.79892 ], [ -107.42891, 24.79835 ], [ -107.42887, 24.79836 ], [ -107.42892, 24.79889 ], [ -107.42891, 24.79909 ], [ -107.4288, 24.79918 ], [ -107.42715, 24.79988 ], [ -107.42784, 24.80116 ], [ -107.4292, 24.80062 ], [ -107.4304, 24.80002 ], [ -107.43112, 24.7998 ], [ -107.43245, 24.79951 ], [ -107.43478, 24.79878 ], [ -107.43447, 24.79796 ], [ -107.43408, 24.7971 ], [ -107.43295, 24.79432 ], [ -107.42567, 24.79679 ], [ -107.4212, 24.79817 ], [ -107.41654, 24.79957 ], [ -107.41582, 24.79977 ], [ -107.41496, 24.80019 ], [ -107.41199, 24.80311 ], [ -107.41036, 24.80481 ], [ -107.40967, 24.80515 ], [ -107.4094, 24.80534 ], [ -107.40903, 24.80616 ], [ -107.40794, 24.8073 ], [ -107.40774, 24.80727 ], [ -107.40706, 24.80673 ], [ -107.40672, 24.80644 ], [ -107.40657, 24.80616 ], [ -107.40619, 24.80558 ], [ -107.40573, 24.80493 ], [ -107.40553, 24.80389 ], [ -107.40557, 24.80319 ], [ -107.40586, 24.8024 ], [ -107.40636, 24.80172 ], [ -107.40707, 24.80086 ], [ -107.40792, 24.8 ], [ -107.41043, 24.79779 ], [ -107.41104, 24.79726 ], [ -107.41141, 24.79669 ], [ -107.41216, 24.79515 ], [ -107.4129, 24.79355 ], [ -107.41333, 24.7931 ], [ -107.41494, 24.79306 ], [ -107.41732, 24.79301 ], [ -107.41864, 24.79285 ], [ -107.41995, 24.79263 ], [ -107.42106, 24.79232 ], [ -107.4232, 24.79164 ], [ -107.42252, 24.78983 ], [ -107.4228, 24.78924 ], [ -107.42421, 24.78885 ], [ -107.42592, 24.79072 ], [ -107.42705, 24.79037 ], [ -107.4276, 24.79017 ], [ -107.42816, 24.78976 ], [ -107.42862, 24.78919 ], [ -107.42983, 24.78606 ], [ -107.43026, 24.78532 ], [ -107.43076, 24.78465 ], [ -107.43098, 24.78398 ], [ -107.4311, 24.7833 ], [ -107.43401, 24.77501 ], [ -107.43561, 24.77065 ], [ -107.43435, 24.76797 ], [ -107.43413, 24.76777 ], [ -107.43344, 24.76749 ], [ -107.43323, 24.76736 ], [ -107.42928, 24.75825 ], [ -107.42906, 24.75341 ], [ -107.40321, 24.75474 ], [ -107.40338, 24.75503 ] ] } },
{ "type": "Feature", "properties": { "city": "Culiacán", "route_name": "Barrio_7 Gotas", "route_name_short": "7 Gotas", "type": "Bus", "shape_id": "shape_3521" }, "geometry": { "type": "LineString", "coordinates": [ [ -107.35086, 24.79412 ], [ -107.35081, 24.79411 ], [ -107.35062, 24.79472 ], [ -107.35058, 24.7951 ], [ -107.35065, 24.79557 ], [ -107.35074, 24.79628 ], [ -107.35099, 24.79783 ], [ -107.35122, 24.79942 ], [ -107.35132, 24.80007 ], [ -107.35143, 24.8002 ], [ -107.35155, 24.80023 ], [ -107.35224, 24.80016 ], [ -107.35223, 24.80133 ], [ -107.35244, 24.802 ], [ -107.35265, 24.80252 ], [ -107.35283, 24.80302 ], [ -107.35563, 24.80262 ], [ -107.36194, 24.80173 ], [ -107.36602, 24.80126 ], [ -107.36677, 24.80146 ], [ -107.37869, 24.80531 ], [ -107.37915, 24.80545 ], [ -107.37984, 24.80546 ], [ -107.38658, 24.80511 ], [ -107.38928, 24.80497 ], [ -107.39527, 24.80464 ], [ -107.39543, 24.80551 ], [ -107.39562, 24.80794 ], [ -107.39372, 24.80808 ], [ -107.39051, 24.80877 ], [ -107.38701, 24.80949 ], [ -107.38687, 24.80801 ], [ -107.38679, 24.80707 ], [ -107.38658, 24.80499 ], [ -107.3834, 24.80521 ], [ -107.37979, 24.80535 ], [ -107.37923, 24.80532 ], [ -107.37673, 24.80457 ], [ -107.36852, 24.80194 ], [ -107.36602, 24.80119 ], [ -107.3624, 24.80159 ], [ -107.35744, 24.80226 ], [ -107.35576, 24.80252 ], [ -107.35285, 24.80292 ], [ -107.3527, 24.80253 ], [ -107.35248, 24.80202 ], [ -107.35228, 24.80134 ], [ -107.35229, 24.80012 ], [ -107.35158, 24.8002 ], [ -107.35143, 24.80017 ], [ -107.35134, 24.80005 ], [ -107.35126, 24.7994 ], [ -107.35117, 24.79884 ], [ -107.35095, 24.7975 ], [ -107.35077, 24.79621 ], [ -107.35063, 24.79514 ], [ -107.35065, 24.79477 ], [ -107.3507, 24.79458 ], [ -107.35088, 24.79411 ] ] } },
{ "type": "Feature", "properties": { "city": "Culiacán", "route_name": "Barrio_Pemex", "route_name_short": "Pemex", "type": "Bus", "shape_id": "shape_3522" }, "geometry": { "type": "LineString", "coordinates": [ [ -107.43128, 24.74501 ], [ -107.43228, 24.74495 ], [ -107.43259, 24.74575 ], [ -107.43331, 24.74679 ], [ -107.43479, 24.74874 ], [ -107.43636, 24.75301 ], [ -107.42992, 24.75338 ], [ -107.42893, 24.75343 ], [ -107.4291, 24.75821 ], [ -107.43014, 24.76071 ], [ -107.43011, 24.76077 ], [ -107.42642, 24.76168 ], [ -107.42825, 24.76595 ], [ -107.4306, 24.77176 ], [ -107.42905, 24.77324 ], [ -107.43122, 24.77398 ], [ -107.43402, 24.77482 ], [ -107.43319, 24.77706 ], [ -107.43226, 24.77994 ], [ -107.43102, 24.78343 ], [ -107.43095, 24.78399 ], [ -107.43027, 24.78454 ], [ -107.42993, 24.78505 ], [ -107.42867, 24.78869 ], [ -107.42845, 24.78912 ], [ -107.428, 24.78965 ], [ -107.42771, 24.78989 ], [ -107.42722, 24.79014 ], [ -107.42, 24.79252 ], [ -107.41704, 24.79293 ], [ -107.41277, 24.79299 ], [ -107.4115, 24.79306 ], [ -107.41061, 24.79325 ], [ -107.40714, 24.79457 ], [ -107.4015, 24.79685 ], [ -107.40277, 24.80323 ], [ -107.40343, 24.80586 ], [ -107.40087, 24.80613 ], [ -107.39548, 24.80656 ], [ -107.39548, 24.80656 ], [ -107.39572, 24.80879 ], [ -107.39703, 24.80864 ], [ -107.39807, 24.80858 ], [ -107.40014, 24.80861 ], [ -107.39989, 24.80526 ], [ -107.40228, 24.80512 ], [ -107.40172, 24.80238 ], [ -107.40261, 24.80227 ], [ -107.40173, 24.79788 ], [ -107.40277, 24.7978 ], [ -107.40263, 24.79658 ], [ -107.41077, 24.79336 ], [ -107.41148, 24.7932 ], [ -107.41331, 24.79309 ], [ -107.41701, 24.79302 ], [ -107.42003, 24.79261 ], [ -107.42319, 24.79162 ], [ -107.4259, 24.79071 ], [ -107.42702, 24.79039 ], [ -107.42772, 24.79008 ], [ -107.42813, 24.78979 ], [ -107.42864, 24.78919 ], [ -107.42963, 24.78651 ], [ -107.42969, 24.78647 ], [ -107.4299, 24.78594 ], [ -107.43028, 24.78525 ], [ -107.43077, 24.78469 ], [ -107.43093, 24.78425 ], [ -107.43105, 24.78344 ], [ -107.43232, 24.77989 ], [ -107.43324, 24.77704 ], [ -107.43406, 24.7748 ], [ -107.43121, 24.77394 ], [ -107.4291, 24.77322 ], [ -107.43064, 24.77178 ], [ -107.42813, 24.76559 ], [ -107.42647, 24.76169 ], [ -107.43008, 24.76077 ], [ -107.43034, 24.76075 ], [ -107.4293, 24.75832 ], [ -107.42922, 24.75797 ], [ -107.42906, 24.75372 ], [ -107.43649, 24.75328 ], [ -107.43644, 24.75303 ], [ -107.43487, 24.74876 ], [ -107.43335, 24.74676 ], [ -107.43294, 24.74699 ], [ -107.43246, 24.747 ], [ -107.43155, 24.74578 ], [ -107.4313, 24.74507 ] ] } },
{ "type": "Feature", "properties": { "city": "Culiacán", "route_name": "Buenos_Aires", "route_name_short": "Aires", "type": "Bus", "shape_id": "shape_3524" }, "geometry": { "type": "LineString", "coordinates": [ [ -107.39555, 24.80732 ], [ -107.39542, 24.80553 ], [ -107.39522, 24.8045 ], [ -107.39484, 24.80209 ], [ -107.39423, 24.80221 ], [ -107.39157, 24.8027 ], [ -107.39154, 24.80234 ], [ -107.39165, 24.80122 ], [ -107.39148, 24.80025 ], [ -107.39111, 24.79854 ], [ -107.39094, 24.79753 ], [ -107.39381, 24.7974 ], [ -107.3941, 24.7975 ], [ -107.39394, 24.79747 ], [ -107.39355, 24.79201 ], [ -107.39344, 24.79169 ], [ -107.39712, 24.79152 ], [ -107.3982, 24.79179 ], [ -107.4006, 24.79235 ], [ -107.40067, 24.79231 ], [ -107.40053, 24.78933 ], [ -107.40044, 24.78765 ], [ -107.40037, 24.78632 ], [ -107.40041, 24.78585 ], [ -107.40562, 24.78606 ], [ -107.4068, 24.78607 ], [ -107.40752, 24.78611 ], [ -107.40768, 24.78595 ], [ -107.408, 24.7858 ], [ -107.40942, 24.78522 ], [ -107.40971, 24.78503 ], [ -107.4103, 24.78465 ], [ -107.41067, 24.78438 ], [ -107.41081, 24.78439 ], [ -107.41111, 24.78383 ], [ -107.4111, 24.78308 ], [ -107.41065, 24.78217 ], [ -107.41081, 24.78211 ], [ -107.41112, 24.78188 ], [ -107.41187, 24.78112 ], [ -107.4119, 24.78091 ], [ -107.40578, 24.77547 ], [ -107.40568, 24.77519 ], [ -107.4036, 24.77326 ], [ -107.40113, 24.77109 ], [ -107.39701, 24.77531 ], [ -107.39638, 24.77443 ], [ -107.39534, 24.7728 ], [ -107.39506, 24.77255 ], [ -107.39553, 24.77243 ], [ -107.39384, 24.77093 ], [ -107.39281, 24.77001 ], [ -107.39259, 24.77021 ], [ -107.39159, 24.76933 ], [ -107.39102, 24.76885 ], [ -107.38989, 24.7699 ], [ -107.38979, 24.77029 ], [ -107.39, 24.77136 ], [ -107.39061, 24.7734 ], [ -107.39046, 24.77344 ], [ -107.38976, 24.77085 ], [ -107.38969, 24.77044 ], [ -107.38971, 24.77003 ], [ -107.38995, 24.76961 ], [ -107.39035, 24.76923 ], [ -107.39044, 24.76917 ], [ -107.39066, 24.76895 ], [ -107.39088, 24.76876 ], [ -107.39117, 24.76842 ], [ -107.39137, 24.76804 ], [ -107.39137, 24.76775 ], [ -107.39045, 24.76556 ], [ -107.38879, 24.76164 ], [ -107.3867, 24.75662 ], [ -107.38512, 24.75324 ], [ -107.3848, 24.75258 ], [ -107.38464, 24.75224 ], [ -107.38499, 24.75219 ], [ -107.38606, 24.75185 ], [ -107.38741, 24.75182 ], [ -107.38981, 24.75127 ], [ -107.38977, 24.7509 ], [ -107.38918, 24.74869 ], [ -107.39169, 24.74884 ], [ -107.39229, 24.74888 ], [ -107.39244, 24.74897 ], [ -107.39287, 24.75028 ], [ -107.39287, 24.75028 ], [ -107.38982, 24.75098 ], [ -107.38985, 24.75123 ], [ -107.39017, 24.7517 ], [ -107.39122, 24.75277 ], [ -107.39123, 24.75293 ], [ -107.3911, 24.753 ], [ -107.38787, 24.75365 ], [ -107.38591, 24.75411 ], [ -107.38465, 24.75469 ], [ -107.38433, 24.75489 ], [ -107.38456, 24.75528 ], [ -107.38596, 24.75464 ], [ -107.38647, 24.75556 ], [ -107.38885, 24.76112 ], [ -107.39162, 24.76767 ], [ -107.39157, 24.7681 ], [ -107.39105, 24.76881 ], [ -107.39256, 24.77013 ], [ -107.39444, 24.76843 ], [ -107.39618, 24.76665 ], [ -107.40546, 24.77486 ], [ -107.40569, 24.7751 ], [ -107.40915, 24.77815 ], [ -107.41377, 24.78215 ], [ -107.41334, 24.7828 ], [ -107.41328, 24.78305 ], [ -107.41145, 24.78255 ], [ -107.41084, 24.78217 ], [ -107.41074, 24.78218 ], [ -107.41116, 24.78306 ], [ -107.41116, 24.7838 ], [ -107.41057, 24.78501 ], [ -107.41036, 24.78559 ], [ -107.41027, 24.78618 ], [ -107.41029, 24.78661 ], [ -107.40556, 24.78643 ], [ -107.40288, 24.78635 ], [ -107.40042, 24.78627 ], [ -107.40044, 24.78687 ], [ -107.40057, 24.7893 ], [ -107.4006, 24.79051 ], [ -107.40066, 24.7919 ], [ -107.40073, 24.79237 ], [ -107.40056, 24.79241 ], [ -107.39848, 24.79195 ], [ -107.39713, 24.79162 ], [ -107.39617, 24.79169 ], [ -107.39368, 24.79182 ], [ -107.39358, 24.79198 ], [ -107.39397, 24.79752 ], [ -107.39278, 24.79752 ], [ -107.39285, 24.79929 ], [ -107.39304, 24.80225 ], [ -107.3942, 24.80204 ], [ -107.39552, 24.80177 ], [ -107.3958, 24.80324 ], [ -107.39635, 24.80648 ], [ -107.39648, 24.80724 ], [ -107.3956, 24.80731 ] ] } },
{ "type": "Feature", "properties": { "city": "Culiacán", "route_name": "Barrio_Seguro Social", "route_name_short": "Seguro Social", "type": "Bus", "shape_id": "shape_3523" }, "geometry": { "type": "LineString", "coordinates": [ [ -107.33133, 24.80595 ], [ -107.33161, 24.8059 ], [ -107.33146, 24.80529 ], [ -107.33102, 24.80257 ], [ -107.33315, 24.80227 ], [ -107.33422, 24.80204 ], [ -107.33473, 24.8018 ], [ -107.33358, 24.8009 ], [ -107.33348, 24.80059 ], [ -107.33518, 24.79971 ], [ -107.33542, 24.80011 ], [ -107.33608, 24.80171 ], [ -107.33525, 24.80217 ], [ -107.33614, 24.80294 ], [ -107.33682, 24.80517 ], [ -107.34619, 24.80385 ], [ -107.34609, 24.80287 ], [ -107.34652, 24.79916 ], [ -107.34644, 24.79879 ], [ -107.34768, 24.79878 ], [ -107.34773, 24.79916 ], [ -107.34802, 24.79916 ], [ -107.34837, 24.79954 ], [ -107.34854, 24.79999 ], [ -107.3491, 24.80009 ], [ -107.34925, 24.80057 ], [ -107.35106, 24.80135 ], [ -107.3513, 24.80173 ], [ -107.35149, 24.80223 ], [ -107.35166, 24.8031 ], [ -107.35491, 24.80267 ], [ -107.35714, 24.80232 ], [ -107.3573, 24.80224 ], [ -107.366, 24.80116 ], [ -107.37877, 24.80523 ], [ -107.37925, 24.80533 ], [ -107.3798, 24.80536 ], [ -107.3834, 24.80518 ], [ -107.38353, 24.80567 ], [ -107.38403, 24.80979 ], [ -107.38419, 24.80983 ], [ -107.38523, 24.80984 ], [ -107.39345, 24.80814 ], [ -107.39446, 24.80801 ], [ -107.39422, 24.80202 ], [ -107.39301, 24.80225 ], [ -107.39151, 24.8025 ], [ -107.39163, 24.80118 ], [ -107.39097, 24.79755 ], [ -107.38714, 24.7977 ], [ -107.38746, 24.79897 ], [ -107.38754, 24.79956 ], [ -107.38771, 24.80042 ], [ -107.38842, 24.80323 ], [ -107.39302, 24.80241 ], [ -107.39337, 24.80749 ], [ -107.39346, 24.8081 ], [ -107.39443, 24.80799 ], [ -107.39441, 24.80739 ], [ -107.38382, 24.80828 ], [ -107.38349, 24.80573 ], [ -107.38338, 24.8055 ], [ -107.38307, 24.80532 ], [ -107.38128, 24.80542 ], [ -107.37928, 24.80546 ], [ -107.37695, 24.80478 ], [ -107.36883, 24.80215 ], [ -107.36591, 24.80126 ], [ -107.35722, 24.80236 ], [ -107.35352, 24.80298 ], [ -107.35365, 24.80639 ], [ -107.35279, 24.80637 ], [ -107.35023, 24.80603 ], [ -107.34893, 24.80593 ], [ -107.34689, 24.80623 ], [ -107.34583, 24.80625 ], [ -107.34225, 24.80655 ], [ -107.34162, 24.80611 ], [ -107.34092, 24.80576 ], [ -107.34027, 24.80559 ], [ -107.33975, 24.8056 ], [ -107.33896, 24.80573 ], [ -107.33749, 24.80582 ], [ -107.33693, 24.80581 ], [ -107.33447, 24.80638 ], [ -107.33358, 24.80649 ], [ -107.33174, 24.80659 ], [ -107.33135, 24.80599 ] ] } },
{ "type": "Feature", "properties": { "city": "Culiacán", "route_name": "Bugambilias_", "route_name_short": "", "type": "Bus", "shape_id": "shape_3525" }, "geometry": { "type": "LineString", "coordinates": [ [ -107.396, 24.80456 ], [ -107.39633, 24.80649 ], [ -107.40089, 24.80613 ], [ -107.40568, 24.80562 ], [ -107.40562, 24.80513 ], [ -107.40552, 24.80494 ], [ -107.40512, 24.80458 ], [ -107.4049, 24.80451 ], [ -107.40475, 24.80432 ], [ -107.40462, 24.80345 ], [ -107.40606, 24.79992 ], [ -107.40615, 24.79956 ], [ -107.40661, 24.79845 ], [ -107.40709, 24.79755 ], [ -107.40767, 24.79679 ], [ -107.4085, 24.79592 ], [ -107.40873, 24.79575 ], [ -107.40922, 24.79513 ], [ -107.4099, 24.79397 ], [ -107.40989, 24.79379 ], [ -107.40979, 24.79354 ], [ -107.41082, 24.79318 ], [ -107.41136, 24.79307 ], [ -107.4143, 24.79294 ], [ -107.41659, 24.79294 ], [ -107.41759, 24.79287 ], [ -107.42, 24.79252 ], [ -107.42577, 24.79063 ], [ -107.42695, 24.79022 ], [ -107.4277, 24.7899 ], [ -107.42803, 24.78965 ], [ -107.42863, 24.78882 ], [ -107.42945, 24.78655 ], [ -107.43009, 24.78507 ], [ -107.43037, 24.78472 ], [ -107.43062, 24.78449 ], [ -107.43543, 24.78125 ], [ -107.43719, 24.78012 ], [ -107.43821, 24.77958 ], [ -107.43929, 24.77916 ], [ -107.44309, 24.77785 ], [ -107.44337, 24.77771 ], [ -107.44566, 24.77689 ], [ -107.44586, 24.77692 ], [ -107.44956, 24.77561 ], [ -107.45358, 24.77427 ], [ -107.45355, 24.7708 ], [ -107.45174, 24.7708 ], [ -107.45171, 24.76935 ], [ -107.46089, 24.76924 ], [ -107.46079, 24.76676 ], [ -107.46325, 24.76669 ], [ -107.46313, 24.7626 ], [ -107.46315, 24.76026 ], [ -107.46326, 24.75793 ], [ -107.46325, 24.75678 ], [ -107.46046, 24.75678 ], [ -107.4605, 24.75796 ], [ -107.46015, 24.75796 ], [ -107.45929, 24.75789 ], [ -107.45778, 24.75774 ], [ -107.45504, 24.7575 ], [ -107.45488, 24.75735 ], [ -107.4548, 24.75716 ], [ -107.45463, 24.75457 ], [ -107.45476, 24.75455 ], [ -107.45463, 24.75457 ], [ -107.45476, 24.75455 ], [ -107.45467, 24.75645 ], [ -107.45471, 24.75716 ], [ -107.45495, 24.75746 ], [ -107.45502, 24.7579 ], [ -107.45518, 24.76396 ], [ -107.45524, 24.76942 ], [ -107.45174, 24.76945 ], [ -107.45176, 24.77078 ], [ -107.45367, 24.77077 ], [ -107.45368, 24.77425 ], [ -107.45517, 24.77439 ], [ -107.45511, 24.77451 ], [ -107.45508, 24.77452 ], [ -107.45384, 24.7744 ], [ -107.45341, 24.77445 ], [ -107.44735, 24.77652 ], [ -107.4473, 24.77658 ], [ -107.44655, 24.77686 ], [ -107.44348, 24.7779 ], [ -107.44316, 24.77795 ], [ -107.43926, 24.77932 ], [ -107.43824, 24.77974 ], [ -107.43652, 24.78071 ], [ -107.43814, 24.78458 ], [ -107.43831, 24.78482 ], [ -107.43867, 24.78583 ], [ -107.43491, 24.78768 ], [ -107.43403, 24.78615 ], [ -107.4336, 24.7858 ], [ -107.43196, 24.7881 ], [ -107.43181, 24.78849 ], [ -107.43188, 24.789 ], [ -107.43237, 24.78993 ], [ -107.43237, 24.79011 ], [ -107.43218, 24.79047 ], [ -107.43196, 24.79068 ], [ -107.43146, 24.79086 ], [ -107.42697, 24.79175 ], [ -107.42419, 24.79254 ], [ -107.42089, 24.79358 ], [ -107.41981, 24.79395 ], [ -107.41772, 24.7949 ], [ -107.41667, 24.79551 ], [ -107.41582, 24.79609 ], [ -107.41477, 24.7969 ], [ -107.40999, 24.80101 ], [ -107.40874, 24.80221 ], [ -107.40843, 24.80268 ], [ -107.40788, 24.80385 ], [ -107.41014, 24.80444 ], [ -107.41045, 24.80447 ], [ -107.41075, 24.8044 ], [ -107.41169, 24.80341 ], [ -107.41185, 24.80353 ], [ -107.41043, 24.80493 ], [ -107.40978, 24.80519 ], [ -107.4094, 24.80553 ], [ -107.40909, 24.80623 ], [ -107.40679, 24.80876 ], [ -107.40674, 24.80897 ], [ -107.40678, 24.80908 ], [ -107.40694, 24.80918 ], [ -107.40718, 24.80912 ], [ -107.40725, 24.80903 ], [ -107.40725, 24.8088 ], [ -107.40638, 24.80799 ], [ -107.40622, 24.80771 ], [ -107.40571, 24.80513 ], [ -107.4056, 24.80491 ], [ -107.40505, 24.80456 ], [ -107.40458, 24.8045 ], [ -107.40326, 24.80459 ], [ -107.40212, 24.80422 ], [ -107.396, 24.80456 ], [ -107.39633, 24.80649 ], [ -107.40089, 24.80613 ] ] } },
{ "type": "Feature", "properties": { "city": "Culiacán", "route_name": "Bugambilias_Norte", "route_name_short": "Norte", "type": "Bus", "shape_id": "shape_3526" }, "geometry": { "type": "LineString", "coordinates": [ [ -107.45515, 24.76229 ], [ -107.45499, 24.75749 ], [ -107.45474, 24.75728 ], [ -107.45462, 24.75457 ], [ -107.45476, 24.75456 ], [ -107.45481, 24.75719 ], [ -107.45486, 24.75736 ], [ -107.45502, 24.75749 ], [ -107.46052, 24.75799 ], [ -107.46049, 24.75683 ], [ -107.46326, 24.75677 ], [ -107.46324, 24.75839 ], [ -107.46313, 24.76123 ], [ -107.46314, 24.76308 ], [ -107.46326, 24.76668 ], [ -107.46369, 24.76669 ], [ -107.46369, 24.76681 ], [ -107.46082, 24.76688 ], [ -107.46089, 24.76935 ], [ -107.45177, 24.76946 ], [ -107.45179, 24.77075 ], [ -107.45369, 24.77079 ], [ -107.45367, 24.77424 ], [ -107.45517, 24.77439 ], [ -107.45513, 24.77454 ], [ -107.45425, 24.77441 ], [ -107.45381, 24.7744 ], [ -107.45334, 24.77448 ], [ -107.44736, 24.77652 ], [ -107.44731, 24.77658 ], [ -107.44618, 24.77698 ], [ -107.44347, 24.7779 ], [ -107.44317, 24.77795 ], [ -107.43915, 24.77936 ], [ -107.43781, 24.77996 ], [ -107.43462, 24.78196 ], [ -107.43046, 24.78473 ], [ -107.43023, 24.78501 ], [ -107.42971, 24.78618 ], [ -107.42865, 24.78918 ], [ -107.42814, 24.78977 ], [ -107.42753, 24.79018 ], [ -107.42702, 24.79039 ], [ -107.42592, 24.7907 ], [ -107.42007, 24.7926 ], [ -107.4171, 24.79302 ], [ -107.41331, 24.79309 ], [ -107.41152, 24.7932 ], [ -107.41086, 24.79334 ], [ -107.41027, 24.79357 ], [ -107.40974, 24.7945 ], [ -107.40919, 24.79531 ], [ -107.40882, 24.79577 ], [ -107.4077, 24.79687 ], [ -107.40744, 24.7972 ], [ -107.40671, 24.79847 ], [ -107.40615, 24.79983 ], [ -107.40582, 24.80045 ], [ -107.40477, 24.80315 ], [ -107.40551, 24.80388 ], [ -107.4056, 24.80421 ], [ -107.4055, 24.80443 ], [ -107.40537, 24.80453 ], [ -107.40516, 24.80458 ], [ -107.40459, 24.80449 ], [ -107.40377, 24.80459 ], [ -107.40326, 24.8046 ], [ -107.40289, 24.80452 ], [ -107.40211, 24.80424 ], [ -107.39608, 24.8045 ], [ -107.39625, 24.80637 ], [ -107.40011, 24.80621 ], [ -107.40211, 24.80424 ], [ -107.396, 24.80456 ], [ -107.39633, 24.80649 ], [ -107.40088, 24.80613 ], [ -107.40568, 24.80563 ], [ -107.40561, 24.80511 ], [ -107.40551, 24.80493 ], [ -107.40514, 24.8046 ], [ -107.40481, 24.80442 ], [ -107.40472, 24.80422 ], [ -107.40472, 24.80403 ], [ -107.40495, 24.80381 ], [ -107.4052, 24.80377 ], [ -107.4054, 24.80382 ], [ -107.40551, 24.80395 ], [ -107.40577, 24.80496 ], [ -107.406, 24.80534 ], [ -107.40623, 24.8056 ], [ -107.40652, 24.80614 ], [ -107.40679, 24.80648 ], [ -107.40761, 24.80723 ], [ -107.40792, 24.80729 ], [ -107.40896, 24.80616 ], [ -107.40826, 24.80556 ], [ -107.40789, 24.80495 ], [ -107.40777, 24.80442 ], [ -107.40786, 24.80386 ], [ -107.40827, 24.80299 ], [ -107.4088, 24.80214 ], [ -107.40966, 24.8013 ], [ -107.41536, 24.79643 ], [ -107.41734, 24.79511 ], [ -107.41981, 24.79397 ], [ -107.42072, 24.79364 ], [ -107.42671, 24.7918 ], [ -107.43161, 24.79084 ], [ -107.43193, 24.79071 ], [ -107.4321, 24.79058 ], [ -107.43237, 24.79009 ], [ -107.43234, 24.78981 ], [ -107.43202, 24.78931 ], [ -107.43184, 24.7889 ], [ -107.43181, 24.78851 ], [ -107.43189, 24.78822 ], [ -107.43359, 24.78579 ], [ -107.43402, 24.78613 ], [ -107.43492, 24.78769 ], [ -107.43867, 24.78585 ], [ -107.43832, 24.78482 ], [ -107.43815, 24.7846 ], [ -107.43645, 24.78058 ], [ -107.43769, 24.77983 ], [ -107.4393, 24.77916 ], [ -107.44309, 24.77785 ], [ -107.44331, 24.77773 ], [ -107.44567, 24.77689 ], [ -107.44707, 24.77649 ], [ -107.45357, 24.77427 ], [ -107.45355, 24.7708 ], [ -107.45182, 24.7708 ], [ -107.45182, 24.7694 ], [ -107.45509, 24.76932 ], [ -107.45515, 24.76365 ], [ -107.45502, 24.75767 ], [ -107.45485, 24.75732 ], [ -107.45476, 24.75463 ], [ -107.45461, 24.75461 ], [ -107.45472, 24.75722 ], [ -107.45506, 24.75753 ], [ -107.46049, 24.758 ], [ -107.46051, 24.75685 ], [ -107.4633, 24.75679 ], [ -107.46328, 24.76665 ], [ -107.46079, 24.76679 ], [ -107.46088, 24.76922 ] ] } },
{ "type": "Feature", "properties": { "city": "Culiacán", "route_name": "Campiña_", "route_name_short": "", "type": "Bus", "shape_id": "shape_3527" }, "geometry": { "type": "LineString", "coordinates": [ [ -107.41177, 24.79594 ], [ -107.41155, 24.79639 ], [ -107.41121, 24.79696 ], [ -107.41073, 24.79751 ], [ -107.41037, 24.79789 ], [ -107.40932, 24.79881 ], [ -107.40819, 24.79981 ], [ -107.40713, 24.80078 ], [ -107.40684, 24.80113 ], [ -107.4062, 24.80192 ], [ -107.40587, 24.80235 ], [ -107.4056, 24.80293 ], [ -107.40549, 24.80329 ], [ -107.40546, 24.80349 ], [ -107.40551, 24.80393 ], [ -107.40559, 24.80414 ], [ -107.40558, 24.80426 ], [ -107.40549, 24.80445 ], [ -107.40538, 24.80452 ], [ -107.40514, 24.80459 ], [ -107.40504, 24.80456 ], [ -107.40483, 24.8045 ], [ -107.40453, 24.80451 ], [ -107.40422, 24.80456 ], [ -107.40384, 24.80459 ], [ -107.40329, 24.8046 ], [ -107.40311, 24.80458 ], [ -107.40295, 24.80453 ], [ -107.40214, 24.80425 ], [ -107.40139, 24.8043 ], [ -107.39782, 24.80449 ], [ -107.39603, 24.80457 ], [ -107.39433, 24.80465 ], [ -107.39438, 24.80557 ], [ -107.3945, 24.80801 ], [ -107.39465, 24.80891 ], [ -107.39497, 24.81085 ], [ -107.39396, 24.81099 ], [ -107.39285, 24.81112 ], [ -107.39112, 24.81129 ], [ -107.38937, 24.81146 ], [ -107.38831, 24.8116 ], [ -107.38599, 24.81196 ], [ -107.38454, 24.81195 ], [ -107.38451, 24.812 ], [ -107.3844, 24.812 ], [ -107.38274, 24.812 ], [ -107.38104, 24.81201 ], [ -107.38065, 24.81214 ], [ -107.37981, 24.81268 ], [ -107.37924, 24.81308 ], [ -107.37848, 24.81357 ], [ -107.37826, 24.81368 ], [ -107.37794, 24.81375 ], [ -107.37623, 24.81406 ], [ -107.37428, 24.8144 ], [ -107.37203, 24.81479 ], [ -107.37032, 24.81508 ], [ -107.36822, 24.81527 ], [ -107.36806, 24.81541 ], [ -107.36758, 24.81571 ], [ -107.36747, 24.81577 ], [ -107.36732, 24.8158 ], [ -107.36607, 24.81584 ], [ -107.36362, 24.81594 ], [ -107.36341, 24.81596 ], [ -107.36339, 24.81581 ], [ -107.36311, 24.81409 ], [ -107.36282, 24.81232 ], [ -107.3626, 24.81101 ], [ -107.36239, 24.80945 ], [ -107.36213, 24.80784 ], [ -107.36198, 24.80712 ], [ -107.36176, 24.80567 ], [ -107.3615, 24.80414 ], [ -107.36124, 24.80264 ], [ -107.36114, 24.80187 ], [ -107.36128, 24.80183 ], [ -107.36141, 24.80263 ], [ -107.36163, 24.80412 ], [ -107.36176, 24.80489 ], [ -107.36201, 24.80643 ], [ -107.36214, 24.80716 ], [ -107.36237, 24.80853 ], [ -107.36253, 24.80951 ], [ -107.36271, 24.81038 ], [ -107.36279, 24.81101 ], [ -107.36301, 24.81231 ], [ -107.3632, 24.81347 ], [ -107.36337, 24.8146 ], [ -107.36344, 24.81494 ], [ -107.36359, 24.81582 ], [ -107.36603, 24.81571 ], [ -107.36718, 24.81569 ], [ -107.36736, 24.81568 ], [ -107.36754, 24.8156 ], [ -107.36799, 24.8153 ], [ -107.36815, 24.81514 ], [ -107.3691, 24.81507 ], [ -107.37031, 24.81498 ], [ -107.37061, 24.81492 ], [ -107.37178, 24.81472 ], [ -107.37353, 24.81441 ], [ -107.37475, 24.8142 ], [ -107.3762, 24.81392 ], [ -107.3773, 24.81373 ], [ -107.37793, 24.81362 ], [ -107.37826, 24.81354 ], [ -107.37849, 24.81345 ], [ -107.3792, 24.813 ], [ -107.3804, 24.81219 ], [ -107.38072, 24.81203 ], [ -107.38101, 24.81194 ], [ -107.38211, 24.81193 ], [ -107.3838, 24.81192 ], [ -107.38428, 24.81192 ], [ -107.38421, 24.81139 ], [ -107.38584, 24.81128 ], [ -107.38917, 24.81083 ], [ -107.3948, 24.80988 ], [ -107.39466, 24.80907 ], [ -107.39447, 24.80803 ], [ -107.3943, 24.80456 ], [ -107.40474, 24.80403 ], [ -107.40465, 24.80356 ], [ -107.40465, 24.80338 ], [ -107.40474, 24.80315 ], [ -107.40517, 24.80205 ], [ -107.40562, 24.80094 ], [ -107.40607, 24.7999 ], [ -107.40605, 24.79983 ], [ -107.40616, 24.79956 ], [ -107.40661, 24.79848 ], [ -107.407, 24.79773 ], [ -107.40731, 24.79723 ], [ -107.40795, 24.79649 ], [ -107.40848, 24.79594 ], [ -107.40862, 24.79584 ], [ -107.40872, 24.79577 ], [ -107.40911, 24.7953 ], [ -107.40936, 24.7949 ], [ -107.40948, 24.79488 ], [ -107.41105, 24.7956 ], [ -107.41177, 24.79592 ] ] } },
{ "type": "Feature", "properties": { "city": "Culiacán", "route_name": "Cañadas_- Quintas", "route_name_short": "- Quintas", "type": "Bus", "shape_id": "shape_3529" }, "geometry": { "type": "LineString", "coordinates": [ [ -107.37385, 24.8196 ], [ -107.37407, 24.8143 ], [ -107.37844, 24.81347 ], [ -107.38054, 24.81211 ], [ -107.381, 24.81194 ], [ -107.38427, 24.81192 ], [ -107.3842, 24.81138 ], [ -107.3859, 24.81128 ], [ -107.38845, 24.81093 ], [ -107.39478, 24.80991 ], [ -107.39447, 24.80803 ], [ -107.39434, 24.80438 ], [ -107.39419, 24.80189 ], [ -107.39404, 24.79918 ], [ -107.39782, 24.79899 ], [ -107.39964, 24.79885 ], [ -107.40186, 24.79872 ], [ -107.4014, 24.79648 ], [ -107.40066, 24.79239 ], [ -107.4005, 24.78911 ], [ -107.40037, 24.7866 ], [ -107.40041, 24.78584 ], [ -107.40043, 24.78569 ], [ -107.40049, 24.78554 ], [ -107.40064, 24.78529 ], [ -107.40081, 24.78507 ], [ -107.40102, 24.78493 ], [ -107.40148, 24.78475 ], [ -107.40324, 24.78479 ], [ -107.40448, 24.78429 ], [ -107.40445, 24.78421 ], [ -107.40451, 24.78407 ], [ -107.40465, 24.784 ], [ -107.40497, 24.78403 ], [ -107.4054, 24.78362 ], [ -107.40106, 24.78346 ], [ -107.40089, 24.78336 ], [ -107.40094, 24.78329 ], [ -107.40116, 24.78338 ], [ -107.40287, 24.78342 ], [ -107.40131, 24.78201 ], [ -107.40128, 24.78166 ], [ -107.40256, 24.78151 ], [ -107.40295, 24.78157 ], [ -107.40346, 24.78166 ], [ -107.40408, 24.7816 ], [ -107.4059, 24.78133 ], [ -107.40775, 24.7811 ], [ -107.40826, 24.78106 ], [ -107.40875, 24.7811 ], [ -107.41013, 24.78121 ], [ -107.41039, 24.78161 ], [ -107.41076, 24.78215 ], [ -107.41083, 24.78211 ], [ -107.41129, 24.7816 ], [ -107.41213, 24.78093 ], [ -107.41242, 24.78102 ], [ -107.41401, 24.78236 ], [ -107.41672, 24.78488 ], [ -107.41738, 24.78538 ], [ -107.41761, 24.7855 ], [ -107.41823, 24.7857 ], [ -107.42061, 24.7859 ], [ -107.42138, 24.78616 ], [ -107.42189, 24.78642 ], [ -107.42434, 24.78877 ], [ -107.42422, 24.78885 ], [ -107.4228, 24.78923 ], [ -107.42258, 24.78947 ], [ -107.42252, 24.78979 ], [ -107.42323, 24.79172 ], [ -107.42402, 24.79352 ], [ -107.42575, 24.79672 ], [ -107.43398, 24.79404 ], [ -107.43631, 24.79324 ], [ -107.43722, 24.79273 ], [ -107.43785, 24.79218 ], [ -107.44178, 24.7885 ], [ -107.44352, 24.78961 ], [ -107.4516, 24.79419 ], [ -107.45184, 24.79462 ], [ -107.4519, 24.79491 ], [ -107.45183, 24.79517 ], [ -107.45088, 24.79774 ], [ -107.45063, 24.79721 ], [ -107.45147, 24.79494 ], [ -107.45149, 24.79462 ], [ -107.45135, 24.7943 ], [ -107.45102, 24.79397 ], [ -107.44174, 24.78881 ], [ -107.43755, 24.79273 ], [ -107.43634, 24.79343 ], [ -107.43006, 24.79555 ], [ -107.42581, 24.79694 ], [ -107.42726, 24.79983 ], [ -107.42886, 24.79913 ], [ -107.42891, 24.79905 ], [ -107.4289, 24.79833 ], [ -107.42895, 24.79906 ], [ -107.42889, 24.79913 ], [ -107.42714, 24.7999 ], [ -107.42554, 24.79682 ], [ -107.42546, 24.79657 ], [ -107.42391, 24.79351 ], [ -107.42315, 24.79173 ], [ -107.42244, 24.78996 ], [ -107.42244, 24.78959 ], [ -107.42259, 24.78932 ], [ -107.42274, 24.78919 ], [ -107.42287, 24.7891 ], [ -107.42327, 24.78896 ], [ -107.42411, 24.78875 ], [ -107.42197, 24.78663 ], [ -107.42136, 24.78626 ], [ -107.42046, 24.78597 ], [ -107.41816, 24.78579 ], [ -107.4177, 24.78565 ], [ -107.41711, 24.7853 ], [ -107.41516, 24.78375 ], [ -107.41358, 24.78239 ], [ -107.41347, 24.78252 ], [ -107.41334, 24.78272 ], [ -107.41328, 24.78292 ], [ -107.41326, 24.78304 ], [ -107.41153, 24.78258 ], [ -107.41082, 24.78215 ], [ -107.41075, 24.78219 ], [ -107.4101, 24.78124 ], [ -107.40775, 24.78106 ], [ -107.40557, 24.78134 ], [ -107.40342, 24.78164 ], [ -107.40262, 24.78154 ], [ -107.40132, 24.78168 ], [ -107.40134, 24.78201 ], [ -107.40291, 24.78342 ], [ -107.4056, 24.78351 ], [ -107.40539, 24.78384 ], [ -107.405, 24.78413 ], [ -107.40499, 24.78428 ], [ -107.40487, 24.78441 ], [ -107.40468, 24.78444 ], [ -107.40451, 24.78438 ], [ -107.40345, 24.78482 ], [ -107.4015, 24.78477 ], [ -107.40092, 24.78504 ], [ -107.4007, 24.78526 ], [ -107.40056, 24.78549 ], [ -107.40048, 24.78568 ], [ -107.40046, 24.78583 ], [ -107.40041, 24.78662 ], [ -107.40054, 24.78848 ], [ -107.4007, 24.79235 ], [ -107.40159, 24.7971 ], [ -107.40188, 24.79869 ], [ -107.40187, 24.79883 ], [ -107.39769, 24.79907 ], [ -107.39408, 24.79927 ], [ -107.39425, 24.80238 ], [ -107.39432, 24.80493 ], [ -107.39451, 24.80803 ], [ -107.39498, 24.81084 ], [ -107.38935, 24.81147 ], [ -107.38601, 24.81195 ], [ -107.38117, 24.81198 ], [ -107.38055, 24.81217 ], [ -107.37851, 24.81355 ], [ -107.37827, 24.81366 ], [ -107.37426, 24.8144 ], [ -107.37403, 24.81972 ], [ -107.37405, 24.81985 ], [ -107.37412, 24.81997 ], [ -107.3741, 24.82008 ], [ -107.37398, 24.82018 ], [ -107.37377, 24.82009 ], [ -107.37375, 24.81996 ], [ -107.37389, 24.81983 ], [ -107.37385, 24.81962 ] ] } },
{ "type": "Feature", "properties": { "city": "Culiacán", "route_name": "Cañadas_- Quintas", "route_name_short": "- Quintas", "type": "Bus", "shape_id": "shape_3505" }, "geometry": { "type": "LineString", "coordinates": [ [ -107.45063, 24.79721 ], [ -107.45147, 24.79494 ], [ -107.45149, 24.79462 ], [ -107.45135, 24.7943 ], [ -107.45102, 24.79397 ], [ -107.44174, 24.78881 ], [ -107.43755, 24.79273 ], [ -107.43634, 24.79343 ], [ -107.43006, 24.79555 ], [ -107.42581, 24.79694 ], [ -107.42726, 24.79983 ], [ -107.42886, 24.79913 ], [ -107.42891, 24.79905 ], [ -107.4289, 24.79833 ], [ -107.42895, 24.79906 ], [ -107.42889, 24.79913 ], [ -107.42714, 24.7999 ], [ -107.42554, 24.79682 ], [ -107.42546, 24.79657 ], [ -107.42391, 24.79351 ], [ -107.42315, 24.79173 ], [ -107.42244, 24.78996 ], [ -107.42244, 24.78959 ], [ -107.42259, 24.78932 ], [ -107.42274, 24.78919 ], [ -107.42287, 24.7891 ], [ -107.42327, 24.78896 ], [ -107.42411, 24.78875 ], [ -107.42197, 24.78663 ], [ -107.42136, 24.78626 ], [ -107.42046, 24.78597 ], [ -107.41816, 24.78579 ], [ -107.4177, 24.78565 ], [ -107.41711, 24.7853 ], [ -107.41516, 24.78375 ], [ -107.41358, 24.78239 ], [ -107.41347, 24.78252 ], [ -107.41334, 24.78272 ], [ -107.41328, 24.78292 ], [ -107.41326, 24.78304 ], [ -107.41153, 24.78258 ], [ -107.41082, 24.78215 ], [ -107.41075, 24.78219 ], [ -107.4101, 24.78124 ], [ -107.40775, 24.78106 ], [ -107.40557, 24.78134 ], [ -107.40342, 24.78164 ], [ -107.40262, 24.78154 ], [ -107.40132, 24.78168 ], [ -107.40134, 24.78201 ], [ -107.40291, 24.78342 ], [ -107.4056, 24.78351 ], [ -107.40539, 24.78384 ], [ -107.405, 24.78413 ], [ -107.40499, 24.78428 ], [ -107.40487, 24.78441 ], [ -107.40468, 24.78444 ], [ -107.40451, 24.78438 ], [ -107.40345, 24.78482 ], [ -107.4015, 24.78477 ], [ -107.40092, 24.78504 ], [ -107.4007, 24.78526 ], [ -107.40056, 24.78549 ], [ -107.40048, 24.78568 ], [ -107.40046, 24.78583 ], [ -107.40041, 24.78662 ], [ -107.40054, 24.78848 ], [ -107.4007, 24.79235 ], [ -107.40159, 24.7971 ], [ -107.40188, 24.79869 ], [ -107.40187, 24.79883 ], [ -107.39769, 24.79907 ], [ -107.39408, 24.79927 ], [ -107.39425, 24.80238 ], [ -107.39432, 24.80493 ], [ -107.39451, 24.80803 ], [ -107.39498, 24.81084 ], [ -107.38935, 24.81147 ], [ -107.38601, 24.81195 ], [ -107.38117, 24.81198 ], [ -107.38055, 24.81217 ], [ -107.37851, 24.81355 ], [ -107.37827, 24.81366 ], [ -107.37426, 24.8144 ], [ -107.37405, 24.82017 ], [ -107.37385, 24.82005 ], [ -107.37385, 24.81962 ], [ -107.37385, 24.81958 ], [ -107.37407, 24.8143 ], [ -107.37844, 24.81347 ], [ -107.38054, 24.81211 ], [ -107.381, 24.81194 ], [ -107.38427, 24.81192 ], [ -107.3842, 24.81138 ], [ -107.3859, 24.81128 ], [ -107.38845, 24.81093 ], [ -107.39478, 24.80991 ], [ -107.39447, 24.80803 ], [ -107.39434, 24.80438 ], [ -107.39419, 24.80189 ], [ -107.39404, 24.79918 ], [ -107.39782, 24.79899 ], [ -107.39964, 24.79885 ], [ -107.40186, 24.79872 ], [ -107.4014, 24.79648 ], [ -107.40066, 24.79239 ], [ -107.4005, 24.78911 ], [ -107.40037, 24.7866 ], [ -107.40041, 24.78584 ], [ -107.40043, 24.78569 ], [ -107.40049, 24.78554 ], [ -107.40064, 24.78529 ], [ -107.40081, 24.78507 ], [ -107.40102, 24.78493 ], [ -107.40148, 24.78475 ], [ -107.40324, 24.78479 ], [ -107.40448, 24.78429 ], [ -107.40445, 24.78421 ], [ -107.40451, 24.78407 ], [ -107.40465, 24.784 ], [ -107.40497, 24.78403 ], [ -107.4054, 24.78362 ], [ -107.40106, 24.78346 ], [ -107.40089, 24.78336 ], [ -107.40094, 24.78329 ], [ -107.40116, 24.78338 ], [ -107.40287, 24.78342 ], [ -107.40131, 24.78201 ], [ -107.40128, 24.78166 ], [ -107.40256, 24.78151 ], [ -107.40295, 24.78157 ], [ -107.40346, 24.78166 ], [ -107.40408, 24.7816 ], [ -107.4059, 24.78133 ], [ -107.40775, 24.7811 ], [ -107.40826, 24.78106 ], [ -107.40875, 24.7811 ], [ -107.41013, 24.78121 ], [ -107.41039, 24.78161 ], [ -107.41076, 24.78215 ], [ -107.41083, 24.78211 ], [ -107.41129, 24.7816 ], [ -107.41213, 24.78093 ], [ -107.41242, 24.78102 ], [ -107.41401, 24.78236 ], [ -107.41672, 24.78488 ], [ -107.41738, 24.78538 ], [ -107.41761, 24.7855 ], [ -107.41823, 24.7857 ], [ -107.42061, 24.7859 ], [ -107.42138, 24.78616 ], [ -107.42189, 24.78642 ], [ -107.42434, 24.78877 ], [ -107.42422, 24.78885 ], [ -107.4228, 24.78923 ], [ -107.42258, 24.78947 ], [ -107.42252, 24.78979 ], [ -107.42323, 24.79172 ], [ -107.42402, 24.79352 ], [ -107.42575, 24.79672 ], [ -107.43398, 24.79404 ], [ -107.43631, 24.79324 ], [ -107.43722, 24.79273 ], [ -107.43785, 24.79218 ], [ -107.44178, 24.7885 ], [ -107.44352, 24.78961 ], [ -107.4516, 24.79419 ], [ -107.45184, 24.79462 ], [ -107.4519, 24.79491 ], [ -107.45183, 24.79517 ], [ -107.45088, 24.79774 ] ] } },
{ "type": "Feature", "properties": { "city": "Culiacán", "route_name": "Canal_3", "route_name_short": "3", "type": "Bus", "shape_id": "shape_3528" }, "geometry": { "type": "LineString", "coordinates": [ [ -107.42111, 24.84211 ], [ -107.42207, 24.84131 ], [ -107.42285, 24.84052 ], [ -107.42257, 24.83959 ], [ -107.42046, 24.83899 ], [ -107.42003, 24.84017 ], [ -107.42001, 24.8402 ], [ -107.41981, 24.84013 ], [ -107.4196, 24.83995 ], [ -107.41939, 24.83988 ], [ -107.41901, 24.83988 ], [ -107.41879, 24.83984 ], [ -107.41791, 24.83946 ], [ -107.41806, 24.83898 ], [ -107.41673, 24.83861 ], [ -107.41678, 24.83828 ], [ -107.41618, 24.8381 ], [ -107.41616, 24.83842 ], [ -107.41505, 24.83811 ], [ -107.41541, 24.83674 ], [ -107.41571, 24.83628 ], [ -107.41609, 24.83543 ], [ -107.41592, 24.83537 ], [ -107.41575, 24.83533 ], [ -107.41553, 24.83532 ], [ -107.41514, 24.83518 ], [ -107.41502, 24.8352 ], [ -107.41257, 24.83431 ], [ -107.41444, 24.82992 ], [ -107.41177, 24.82991 ], [ -107.41072, 24.83204 ], [ -107.40943, 24.83237 ], [ -107.40902, 24.83243 ], [ -107.40834, 24.83234 ], [ -107.40683, 24.8318 ], [ -107.40696, 24.83138 ], [ -107.40582, 24.83093 ], [ -107.40865, 24.82514 ], [ -107.40973, 24.82278 ], [ -107.41011, 24.82189 ], [ -107.41011, 24.82178 ], [ -107.40964, 24.82156 ], [ -107.40888, 24.82143 ], [ -107.40837, 24.82145 ], [ -107.40636, 24.82172 ], [ -107.40578, 24.82173 ], [ -107.40036, 24.82135 ], [ -107.40173, 24.81757 ], [ -107.40235, 24.81603 ], [ -107.40252, 24.81536 ], [ -107.40267, 24.81439 ], [ -107.40204, 24.80986 ], [ -107.40184, 24.80971 ], [ -107.40131, 24.80967 ], [ -107.40113, 24.80948 ], [ -107.40104, 24.80865 ], [ -107.39809, 24.80858 ], [ -107.39742, 24.8086 ], [ -107.39571, 24.8088 ], [ -107.39548, 24.80656 ], [ -107.39543, 24.80552 ], [ -107.39497, 24.80318 ], [ -107.39482, 24.80208 ], [ -107.39157, 24.80267 ], [ -107.39149, 24.80234 ], [ -107.39162, 24.80118 ], [ -107.39096, 24.79762 ], [ -107.38717, 24.7978 ], [ -107.3874, 24.7989 ], [ -107.386, 24.79921 ], [ -107.3857, 24.79786 ], [ -107.38567, 24.79745 ], [ -107.38589, 24.79679 ], [ -107.38591, 24.79609 ], [ -107.38586, 24.79583 ], [ -107.38552, 24.79493 ], [ -107.38514, 24.79337 ], [ -107.3846, 24.79327 ], [ -107.38429, 24.7947 ], [ -107.38295, 24.79538 ], [ -107.38236, 24.79562 ], [ -107.38133, 24.79569 ], [ -107.38176, 24.79273 ], [ -107.38207, 24.79093 ], [ -107.38197, 24.79046 ], [ -107.38209, 24.79019 ], [ -107.3825, 24.78968 ], [ -107.38205, 24.78934 ], [ -107.38197, 24.78875 ], [ -107.38169, 24.78803 ], [ -107.38228, 24.78748 ], [ -107.382, 24.78683 ], [ -107.38183, 24.78628 ], [ -107.3819, 24.78606 ], [ -107.38188, 24.78568 ], [ -107.38154, 24.7852 ], [ -107.38157, 24.78517 ], [ -107.38189, 24.78558 ], [ -107.38194, 24.78573 ], [ -107.38193, 24.7861 ], [ -107.38187, 24.78627 ], [ -107.38202, 24.7868 ], [ -107.38232, 24.78748 ], [ -107.38173, 24.78803 ], [ -107.38198, 24.78865 ], [ -107.38208, 24.78926 ], [ -107.38255, 24.78967 ], [ -107.38213, 24.79021 ], [ -107.38202, 24.79044 ], [ -107.38213, 24.79124 ], [ -107.38186, 24.79279 ], [ -107.3818, 24.79286 ], [ -107.38158, 24.79457 ], [ -107.38138, 24.79564 ], [ -107.38231, 24.79559 ], [ -107.38425, 24.79468 ], [ -107.38455, 24.79466 ], [ -107.38466, 24.7951 ], [ -107.38642, 24.79472 ], [ -107.38838, 24.80307 ], [ -107.39555, 24.80177 ], [ -107.39586, 24.80368 ], [ -107.39429, 24.80378 ], [ -107.39448, 24.80801 ], [ -107.3948, 24.80988 ], [ -107.3968, 24.80958 ], [ -107.40108, 24.8091 ], [ -107.40098, 24.80745 ], [ -107.40183, 24.80739 ], [ -107.40281, 24.81466 ], [ -107.4027, 24.81538 ], [ -107.40225, 24.81675 ], [ -107.40074, 24.82076 ], [ -107.401, 24.8211 ], [ -107.40157, 24.82136 ], [ -107.40572, 24.82163 ], [ -107.40642, 24.82162 ], [ -107.40833, 24.82132 ], [ -107.40912, 24.82134 ], [ -107.40974, 24.82146 ], [ -107.41029, 24.82171 ], [ -107.41019, 24.8219 ], [ -107.40885, 24.82484 ], [ -107.40604, 24.83056 ], [ -107.40576, 24.83112 ], [ -107.40565, 24.83119 ], [ -107.40555, 24.83156 ], [ -107.40561, 24.83176 ], [ -107.40692, 24.83234 ], [ -107.40762, 24.83233 ], [ -107.41038, 24.83174 ], [ -107.4116, 24.82943 ], [ -107.41193, 24.82963 ], [ -107.41182, 24.8298 ], [ -107.4146, 24.82982 ], [ -107.41264, 24.8343 ], [ -107.41502, 24.83517 ], [ -107.41514, 24.83515 ], [ -107.41552, 24.83529 ], [ -107.41573, 24.8353 ], [ -107.41602, 24.83538 ], [ -107.41625, 24.83547 ], [ -107.41586, 24.8362 ], [ -107.41575, 24.83626 ], [ -107.41546, 24.83673 ], [ -107.4153, 24.83718 ], [ -107.4151, 24.83807 ], [ -107.41609, 24.83837 ], [ -107.41616, 24.83804 ], [ -107.41694, 24.83828 ], [ -107.41688, 24.83861 ], [ -107.41812, 24.83896 ], [ -107.41795, 24.83945 ], [ -107.41883, 24.83982 ], [ -107.41902, 24.83985 ], [ -107.41941, 24.83986 ], [ -107.41962, 24.83993 ], [ -107.41983, 24.84011 ], [ -107.41998, 24.84014 ], [ -107.42041, 24.83893 ], [ -107.4226, 24.83956 ], [ -107.42345, 24.84217 ], [ -107.42364, 24.84295 ], [ -107.42099, 24.84219 ] ] } },
{ "type": "Feature", "properties": { "city": "Culiacán", "route_name": "Coloso_", "route_name_short": "", "type": "Bus", "shape_id": "shape_3532" }, "geometry": { "type": "LineString", "coordinates": [ [ -107.35629, 24.78346 ], [ -107.35641, 24.78435 ], [ -107.35666, 24.78421 ], [ -107.35704, 24.78468 ], [ -107.3566, 24.78491 ], [ -107.35667, 24.7856 ], [ -107.35677, 24.78594 ], [ -107.3569, 24.78623 ], [ -107.35705, 24.78668 ], [ -107.35701, 24.78682 ], [ -107.35711, 24.78723 ], [ -107.35733, 24.78799 ], [ -107.35758, 24.78877 ], [ -107.35773, 24.78993 ], [ -107.35798, 24.79159 ], [ -107.35826, 24.7933 ], [ -107.35844, 24.79449 ], [ -107.35865, 24.79573 ], [ -107.3589, 24.79735 ], [ -107.35935, 24.80012 ], [ -107.35949, 24.80118 ], [ -107.35964, 24.80209 ], [ -107.35968, 24.80218 ], [ -107.35978, 24.80276 ], [ -107.36002, 24.80434 ], [ -107.36015, 24.80511 ], [ -107.36173, 24.80491 ], [ -107.36294, 24.80475 ], [ -107.36404, 24.8046 ], [ -107.36618, 24.80431 ], [ -107.36645, 24.80432 ], [ -107.36781, 24.80475 ], [ -107.36984, 24.80541 ], [ -107.37131, 24.80588 ], [ -107.37247, 24.80626 ], [ -107.37334, 24.80653 ], [ -107.37519, 24.80712 ], [ -107.37587, 24.80735 ], [ -107.37551, 24.80826 ], [ -107.37533, 24.80892 ], [ -107.37744, 24.80924 ], [ -107.37896, 24.80953 ], [ -107.3812, 24.80969 ], [ -107.38385, 24.80988 ], [ -107.38404, 24.80989 ], [ -107.38411, 24.8098 ], [ -107.38493, 24.80985 ], [ -107.38532, 24.80982 ], [ -107.38699, 24.80948 ], [ -107.38797, 24.80926 ], [ -107.39049, 24.80877 ], [ -107.3916, 24.80854 ], [ -107.39347, 24.80812 ], [ -107.39563, 24.80793 ], [ -107.39556, 24.80732 ], [ -107.39444, 24.80739 ], [ -107.39446, 24.80799 ], [ -107.39465, 24.80891 ], [ -107.39481, 24.80989 ], [ -107.39593, 24.80973 ], [ -107.39819, 24.80943 ], [ -107.40017, 24.80921 ], [ -107.40109, 24.80911 ], [ -107.40104, 24.80865 ], [ -107.40097, 24.80746 ], [ -107.40271, 24.80731 ], [ -107.40381, 24.80722 ], [ -107.40351, 24.80614 ], [ -107.40324, 24.80508 ], [ -107.40304, 24.80413 ], [ -107.40278, 24.80323 ], [ -107.40268, 24.80269 ], [ -107.40234, 24.80105 ], [ -107.40209, 24.79979 ], [ -107.40188, 24.79884 ], [ -107.40188, 24.79871 ], [ -107.40176, 24.79812 ], [ -107.40151, 24.79683 ], [ -107.40279, 24.79632 ], [ -107.40446, 24.79566 ], [ -107.40537, 24.7953 ], [ -107.40608, 24.795 ], [ -107.40729, 24.79452 ], [ -107.40851, 24.79404 ], [ -107.40948, 24.79366 ], [ -107.4098, 24.79354 ], [ -107.40946, 24.79271 ], [ -107.40934, 24.79239 ], [ -107.4089, 24.79106 ], [ -107.40863, 24.79025 ], [ -107.40836, 24.78946 ], [ -107.40807, 24.7885 ], [ -107.40774, 24.78755 ], [ -107.40757, 24.78706 ], [ -107.40744, 24.78625 ], [ -107.40754, 24.78611 ], [ -107.40892, 24.78615 ], [ -107.41025, 24.78618 ], [ -107.41025, 24.78659 ], [ -107.41045, 24.78707 ], [ -107.41103, 24.7884 ], [ -107.41137, 24.7892 ], [ -107.41234, 24.79155 ], [ -107.4126, 24.79225 ], [ -107.41281, 24.79277 ], [ -107.41282, 24.79288 ], [ -107.41292, 24.79297 ], [ -107.41296, 24.7931 ], [ -107.41195, 24.79316 ], [ -107.41144, 24.79322 ], [ -107.41096, 24.7933 ], [ -107.41023, 24.79357 ], [ -107.41021, 24.79367 ], [ -107.40998, 24.7941 ], [ -107.40953, 24.79484 ], [ -107.40879, 24.79575 ], [ -107.40853, 24.79604 ], [ -107.40776, 24.79671 ], [ -107.40738, 24.79733 ], [ -107.40695, 24.79802 ], [ -107.40612, 24.79986 ], [ -107.40611, 24.79988 ], [ -107.40518, 24.80203 ], [ -107.4026, 24.80228 ], [ -107.40171, 24.80236 ], [ -107.40194, 24.80329 ], [ -107.40202, 24.80381 ], [ -107.402, 24.80398 ], [ -107.40209, 24.80416 ], [ -107.40216, 24.8046 ], [ -107.40244, 24.80596 ], [ -107.40263, 24.80677 ], [ -107.40176, 24.80686 ], [ -107.40095, 24.80693 ], [ -107.40001, 24.80697 ], [ -107.40015, 24.80863 ], [ -107.3996, 24.80861 ], [ -107.3981, 24.80859 ], [ -107.39736, 24.80861 ], [ -107.39662, 24.8087 ], [ -107.3968, 24.80959 ], [ -107.397, 24.81053 ], [ -107.39497, 24.81085 ], [ -107.39394, 24.81099 ], [ -107.39211, 24.8112 ], [ -107.39105, 24.81129 ], [ -107.38973, 24.81143 ], [ -107.38834, 24.8116 ], [ -107.3872, 24.81177 ], [ -107.38602, 24.81197 ], [ -107.38535, 24.81195 ], [ -107.38455, 24.81196 ], [ -107.38431, 24.81195 ], [ -107.38415, 24.81091 ], [ -107.38403, 24.80981 ], [ -107.38269, 24.80972 ], [ -107.3806, 24.80957 ], [ -107.37928, 24.80948 ], [ -107.37875, 24.80942 ], [ -107.37762, 24.80919 ], [ -107.37665, 24.80902 ], [ -107.37544, 24.80883 ], [ -107.37559, 24.80832 ], [ -107.37598, 24.80735 ], [ -107.37528, 24.80713 ], [ -107.37331, 24.80649 ], [ -107.37258, 24.80625 ], [ -107.37053, 24.8056 ], [ -107.36992, 24.8054 ], [ -107.3687, 24.80501 ], [ -107.36711, 24.80448 ], [ -107.36644, 24.80428 ], [ -107.36622, 24.80427 ], [ -107.36504, 24.80443 ], [ -107.36401, 24.80457 ], [ -107.36179, 24.80487 ], [ -107.36018, 24.80507 ], [ -107.36005, 24.80432 ], [ -107.35983, 24.80287 ], [ -107.35971, 24.80216 ], [ -107.35972, 24.80206 ], [ -107.35962, 24.80136 ], [ -107.35943, 24.8002 ], [ -107.35926, 24.79904 ], [ -107.35908, 24.79789 ], [ -107.35889, 24.79674 ], [ -107.35873, 24.79561 ], [ -107.35853, 24.79446 ], [ -107.35836, 24.79329 ], [ -107.35817, 24.79214 ], [ -107.35797, 24.79088 ], [ -107.35775, 24.78947 ], [ -107.35766, 24.78877 ], [ -107.35748, 24.788 ], [ -107.35715, 24.78676 ], [ -107.35707, 24.78665 ], [ -107.35692, 24.78621 ], [ -107.35682, 24.78594 ], [ -107.35671, 24.7856 ], [ -107.35664, 24.78493 ], [ -107.35708, 24.78469 ], [ -107.35667, 24.78416 ], [ -107.35644, 24.7843 ], [ -107.35634, 24.78345 ], [ -107.35629, 24.78345 ] ] } },
{ "type": "Feature", "properties": { "city": "Culiacán", "route_name": "Circuito_Sur", "route_name_short": "Sur", "type": "Bus", "shape_id": "shape_3531" }, "geometry": { "type": "LineString", "coordinates": [ [ -107.40211, 24.80424 ], [ -107.38331, 24.8053 ], [ -107.37846, 24.80059 ], [ -107.37764, 24.79964 ], [ -107.37663, 24.79813 ], [ -107.37501, 24.79541 ], [ -107.36994, 24.78397 ], [ -107.37039, 24.78382 ], [ -107.37684, 24.78342 ], [ -107.38131, 24.78324 ], [ -107.3822, 24.78309 ], [ -107.38265, 24.78277 ], [ -107.38294, 24.78225 ], [ -107.38304, 24.78096 ], [ -107.38318, 24.7808 ], [ -107.38597, 24.77997 ], [ -107.3975, 24.77717 ], [ -107.40554, 24.77508 ], [ -107.40579, 24.77515 ], [ -107.41191, 24.78056 ], [ -107.4151, 24.78329 ], [ -107.41673, 24.7849 ], [ -107.41777, 24.78559 ], [ -107.41837, 24.78572 ], [ -107.42008, 24.78584 ], [ -107.42094, 24.78601 ], [ -107.42189, 24.78641 ], [ -107.42459, 24.78902 ], [ -107.42587, 24.79035 ], [ -107.42607, 24.79067 ], [ -107.4201, 24.7926 ], [ -107.41722, 24.79301 ], [ -107.41334, 24.79308 ], [ -107.4129, 24.79353 ], [ -107.41137, 24.79678 ], [ -107.41069, 24.79759 ], [ -107.40716, 24.80075 ], [ -107.40668, 24.80134 ], [ -107.40562, 24.80287 ], [ -107.40549, 24.80371 ], [ -107.40562, 24.80427 ], [ -107.40548, 24.80446 ], [ -107.40518, 24.80458 ], [ -107.40476, 24.80449 ], [ -107.40394, 24.80458 ], [ -107.40297, 24.80454 ], [ -107.40212, 24.80424 ], [ -107.40211, 24.80424 ], [ -107.38331, 24.8053 ], [ -107.37846, 24.80059 ], [ -107.37764, 24.79964 ], [ -107.37663, 24.79813 ], [ -107.37501, 24.79541 ], [ -107.36994, 24.78397 ], [ -107.37039, 24.78382 ], [ -107.37684, 24.78342 ], [ -107.38131, 24.78324 ], [ -107.3822, 24.78309 ], [ -107.38265, 24.78277 ], [ -107.38294, 24.78225 ], [ -107.38304, 24.78096 ], [ -107.38318, 24.7808 ], [ -107.38597, 24.77997 ], [ -107.3975, 24.77717 ], [ -107.40554, 24.77508 ], [ -107.40579, 24.77515 ], [ -107.41191, 24.78056 ], [ -107.4151, 24.78329 ], [ -107.41673, 24.7849 ], [ -107.41777, 24.78559 ], [ -107.41837, 24.78572 ], [ -107.42008, 24.78584 ], [ -107.42094, 24.78601 ], [ -107.42189, 24.78641 ], [ -107.42459, 24.78902 ], [ -107.42587, 24.79035 ], [ -107.42607, 24.79067 ], [ -107.4201, 24.7926 ], [ -107.41722, 24.79301 ], [ -107.41334, 24.79308 ], [ -107.4129, 24.79353 ], [ -107.41137, 24.79678 ], [ -107.41069, 24.79759 ], [ -107.40716, 24.80075 ], [ -107.40668, 24.80134 ], [ -107.40562, 24.80287 ], [ -107.40549, 24.80371 ], [ -107.40562, 24.80427 ], [ -107.40548, 24.80446 ], [ -107.40518, 24.80458 ], [ -107.40476, 24.80449 ], [ -107.40394, 24.80458 ], [ -107.40297, 24.80454 ], [ -107.40212, 24.80424 ] ] } },
{ "type": "Feature", "properties": { "city": "Culiacán", "route_name": "Circuito_Norte", "route_name_short": "Norte", "type": "Bus", "shape_id": "shape_3530" }, "geometry": { "type": "LineString", "coordinates": [ [ -107.38487, 24.83001 ], [ -107.3876, 24.83079 ], [ -107.38866, 24.83109 ], [ -107.39156, 24.8319 ], [ -107.39477, 24.83284 ], [ -107.39652, 24.83335 ], [ -107.39868, 24.83396 ], [ -107.39912, 24.83402 ], [ -107.3996, 24.83397 ], [ -107.39997, 24.8339 ], [ -107.40078, 24.83367 ], [ -107.40189, 24.83326 ], [ -107.40358, 24.83252 ], [ -107.40457, 24.832 ], [ -107.40518, 24.83176 ], [ -107.40565, 24.83177 ], [ -107.40595, 24.83188 ], [ -107.4066, 24.83221 ], [ -107.40691, 24.83236 ], [ -107.40772, 24.83231 ], [ -107.40909, 24.83202 ], [ -107.41038, 24.83175 ], [ -107.41048, 24.83163 ], [ -107.41125, 24.83011 ], [ -107.41235, 24.82791 ], [ -107.41376, 24.82511 ], [ -107.41511, 24.82227 ], [ -107.41547, 24.82159 ], [ -107.41567, 24.82133 ], [ -107.41711, 24.82068 ], [ -107.41882, 24.82 ], [ -107.419, 24.81991 ], [ -107.41904, 24.81982 ], [ -107.41906, 24.81962 ], [ -107.41775, 24.81845 ], [ -107.41762, 24.81824 ], [ -107.41694, 24.81763 ], [ -107.41564, 24.81648 ], [ -107.40839, 24.8098 ], [ -107.40688, 24.80847 ], [ -107.4063, 24.80784 ], [ -107.40612, 24.8073 ], [ -107.40575, 24.80514 ], [ -107.40538, 24.80473 ], [ -107.40488, 24.8045 ], [ -107.40476, 24.80436 ], [ -107.40469, 24.80418 ], [ -107.40474, 24.80403 ], [ -107.40482, 24.80392 ], [ -107.40496, 24.8038 ], [ -107.40501, 24.80371 ], [ -107.40511, 24.80347 ], [ -107.40566, 24.80237 ], [ -107.40598, 24.80192 ], [ -107.40627, 24.80156 ], [ -107.40656, 24.80117 ], [ -107.407, 24.80064 ], [ -107.40949, 24.79841 ], [ -107.40993, 24.798 ], [ -107.41042, 24.79757 ], [ -107.41073, 24.79726 ], [ -107.41092, 24.79704 ], [ -107.41104, 24.79691 ], [ -107.41103, 24.79688 ], [ -107.41022, 24.7965 ], [ -107.409, 24.79598 ], [ -107.40875, 24.79585 ], [ -107.4081, 24.79646 ], [ -107.40768, 24.79689 ], [ -107.40733, 24.79738 ], [ -107.4071, 24.79776 ], [ -107.40672, 24.79848 ], [ -107.40662, 24.79847 ], [ -107.40593, 24.79851 ], [ -107.40438, 24.79863 ], [ -107.40423, 24.79864 ], [ -107.40205, 24.79876 ], [ -107.40189, 24.79882 ], [ -107.40101, 24.79887 ], [ -107.40035, 24.79891 ], [ -107.39946, 24.79898 ], [ -107.39749, 24.79908 ], [ -107.39648, 24.79914 ], [ -107.39405, 24.79927 ], [ -107.39393, 24.79928 ], [ -107.39389, 24.79924 ], [ -107.39287, 24.79929 ], [ -107.3913, 24.79937 ], [ -107.38993, 24.79946 ], [ -107.38897, 24.79952 ], [ -107.38844, 24.79955 ], [ -107.38851, 24.79995 ], [ -107.3888, 24.80138 ], [ -107.38911, 24.80293 ], [ -107.38937, 24.80407 ], [ -107.38953, 24.80472 ], [ -107.38979, 24.80581 ], [ -107.39008, 24.807 ], [ -107.39024, 24.80772 ], [ -107.38948, 24.80778 ], [ -107.38764, 24.80796 ], [ -107.38599, 24.80809 ], [ -107.38441, 24.80823 ], [ -107.38383, 24.80828 ], [ -107.38395, 24.80918 ], [ -107.38409, 24.81041 ], [ -107.38421, 24.81131 ], [ -107.38428, 24.812 ], [ -107.38366, 24.812 ], [ -107.38269, 24.81203 ], [ -107.38125, 24.81201 ], [ -107.38056, 24.81219 ], [ -107.37852, 24.81356 ], [ -107.37858, 24.81383 ], [ -107.3785, 24.8155 ], [ -107.37862, 24.81607 ], [ -107.37905, 24.81751 ], [ -107.37979, 24.81839 ], [ -107.38018, 24.81879 ], [ -107.38242, 24.82051 ], [ -107.38327, 24.82125 ], [ -107.38361, 24.82226 ], [ -107.38396, 24.82495 ], [ -107.38441, 24.8295 ], [ -107.38483, 24.83 ], [ -107.38487, 24.83001 ], [ -107.3876, 24.83079 ], [ -107.38866, 24.83109 ], [ -107.39156, 24.8319 ], [ -107.39477, 24.83284 ], [ -107.39652, 24.83335 ], [ -107.39868, 24.83396 ], [ -107.39912, 24.83402 ], [ -107.3996, 24.83397 ], [ -107.39997, 24.8339 ], [ -107.40078, 24.83367 ], [ -107.40189, 24.83326 ], [ -107.40358, 24.83252 ], [ -107.40457, 24.832 ], [ -107.40518, 24.83176 ], [ -107.40565, 24.83177 ], [ -107.40595, 24.83188 ], [ -107.4066, 24.83221 ], [ -107.40691, 24.83236 ], [ -107.40772, 24.83231 ], [ -107.40909, 24.83202 ], [ -107.41038, 24.83175 ], [ -107.41048, 24.83163 ], [ -107.41125, 24.83011 ], [ -107.41235, 24.82791 ], [ -107.41376, 24.82511 ], [ -107.41511, 24.82227 ], [ -107.41547, 24.82159 ], [ -107.41567, 24.82133 ], [ -107.41711, 24.82068 ], [ -107.41882, 24.82 ], [ -107.419, 24.81991 ], [ -107.41904, 24.81982 ], [ -107.41906, 24.81962 ], [ -107.41775, 24.81845 ], [ -107.41762, 24.81824 ], [ -107.41694, 24.81763 ], [ -107.41564, 24.81648 ], [ -107.40839, 24.8098 ], [ -107.40688, 24.80847 ], [ -107.4063, 24.80784 ], [ -107.40612, 24.8073 ], [ -107.40575, 24.80514 ], [ -107.40538, 24.80473 ], [ -107.40488, 24.8045 ], [ -107.40476, 24.80436 ], [ -107.40469, 24.80418 ], [ -107.40474, 24.80403 ], [ -107.40482, 24.80392 ], [ -107.40496, 24.8038 ], [ -107.40501, 24.80371 ], [ -107.40511, 24.80347 ], [ -107.40566, 24.80237 ], [ -107.40598, 24.80192 ], [ -107.40627, 24.80156 ], [ -107.40656, 24.80117 ], [ -107.407, 24.80064 ], [ -107.40949, 24.79841 ], [ -107.40993, 24.798 ], [ -107.41042, 24.79757 ], [ -107.41073, 24.79726 ], [ -107.41092, 24.79704 ], [ -107.41104, 24.79691 ], [ -107.41103, 24.79688 ], [ -107.41022, 24.7965 ], [ -107.409, 24.79598 ], [ -107.40875, 24.79585 ], [ -107.4081, 24.79646 ], [ -107.40768, 24.79689 ], [ -107.40733, 24.79738 ], [ -107.4071, 24.79776 ], [ -107.40672, 24.79848 ], [ -107.40662, 24.79847 ], [ -107.40593, 24.79851 ], [ -107.40438, 24.79863 ], [ -107.40423, 24.79864 ], [ -107.40205, 24.79876 ], [ -107.40189, 24.79882 ], [ -107.40101, 24.79887 ], [ -107.40035, 24.79891 ], [ -107.39946, 24.79898 ], [ -107.39749, 24.79908 ], [ -107.39648, 24.79914 ], [ -107.39405, 24.79927 ], [ -107.39393, 24.79928 ], [ -107.39389, 24.79924 ], [ -107.39287, 24.79929 ], [ -107.3913, 24.79937 ], [ -107.38993, 24.79946 ], [ -107.38897, 24.79952 ], [ -107.38844, 24.79955 ], [ -107.38851, 24.79995 ], [ -107.3888, 24.80138 ], [ -107.38911, 24.80293 ], [ -107.38937, 24.80407 ], [ -107.38953, 24.80472 ], [ -107.38979, 24.80581 ], [ -107.39008, 24.807 ], [ -107.39024, 24.80772 ], [ -107.38948, 24.80778 ], [ -107.38764, 24.80796 ], [ -107.38599, 24.80809 ], [ -107.38441, 24.80823 ], [ -107.38383, 24.80828 ], [ -107.38395, 24.80918 ], [ -107.38409, 24.81041 ], [ -107.38421, 24.81131 ], [ -107.38428, 24.812 ], [ -107.38366, 24.812 ], [ -107.38269, 24.81203 ], [ -107.38125, 24.81201 ], [ -107.38056, 24.81219 ], [ -107.37852, 24.81356 ], [ -107.37858, 24.81383 ], [ -107.3785, 24.8155 ], [ -107.37862, 24.81607 ], [ -107.37905, 24.81751 ], [ -107.37979, 24.81839 ], [ -107.38018, 24.81879 ], [ -107.38242, 24.82051 ], [ -107.38327, 24.82125 ], [ -107.38361, 24.82226 ], [ -107.38396, 24.82495 ], [ -107.38441, 24.8295 ], [ -107.38483, 24.83 ] ] } },
{ "type": "Feature", "properties": { "city": "Culiacán", "route_name": "Huertas_", "route_name_short": "", "type": "Bus", "shape_id": "shape_3536" }, "geometry": { "type": "LineString", "coordinates": [ [ -107.36437, 24.82661 ], [ -107.36519, 24.82777 ], [ -107.36607, 24.8286 ], [ -107.36681, 24.82903 ], [ -107.36759, 24.82928 ], [ -107.36848, 24.82941 ], [ -107.36938, 24.82941 ], [ -107.37068, 24.82914 ], [ -107.37189, 24.82853 ], [ -107.37465, 24.82664 ], [ -107.37687, 24.82506 ], [ -107.37831, 24.8235 ], [ -107.38027, 24.82161 ], [ -107.38091, 24.8207 ], [ -107.38159, 24.81992 ], [ -107.38377, 24.81758 ], [ -107.38469, 24.81697 ], [ -107.38708, 24.81551 ], [ -107.3889, 24.81479 ], [ -107.39128, 24.81439 ], [ -107.39448, 24.81405 ], [ -107.39556, 24.81403 ], [ -107.39665, 24.81414 ], [ -107.39755, 24.8143 ], [ -107.39816, 24.81456 ], [ -107.40002, 24.81579 ], [ -107.40155, 24.81689 ], [ -107.40211, 24.81717 ], [ -107.4027, 24.81537 ], [ -107.40281, 24.81465 ], [ -107.40181, 24.80738 ], [ -107.40099, 24.80746 ], [ -107.40111, 24.80911 ], [ -107.3968, 24.80959 ], [ -107.39661, 24.80868 ], [ -107.39647, 24.80719 ], [ -107.39597, 24.80446 ], [ -107.39588, 24.80369 ], [ -107.39312, 24.80385 ], [ -107.39304, 24.80224 ], [ -107.38838, 24.80307 ], [ -107.38792, 24.80072 ], [ -107.38732, 24.79807 ], [ -107.38646, 24.79464 ], [ -107.38614, 24.79343 ], [ -107.38118, 24.79254 ], [ -107.38067, 24.79256 ], [ -107.38021, 24.79265 ], [ -107.37786, 24.79333 ], [ -107.37686, 24.79353 ], [ -107.3763, 24.79354 ], [ -107.37565, 24.79346 ], [ -107.37562, 24.79336 ], [ -107.37568, 24.79305 ], [ -107.37522, 24.79009 ], [ -107.37464, 24.78676 ], [ -107.37406, 24.78296 ], [ -107.37351, 24.77886 ], [ -107.37292, 24.77507 ], [ -107.37217, 24.77033 ], [ -107.37175, 24.7676 ], [ -107.37131, 24.76508 ], [ -107.37096, 24.76512 ], [ -107.36787, 24.76606 ], [ -107.3676, 24.76536 ], [ -107.37104, 24.76356 ], [ -107.37062, 24.76125 ], [ -107.36984, 24.75753 ], [ -107.36962, 24.75587 ], [ -107.36985, 24.75461 ], [ -107.37007, 24.75421 ], [ -107.37171, 24.75316 ], [ -107.37168, 24.7531 ], [ -107.37001, 24.75419 ], [ -107.36981, 24.75457 ], [ -107.36968, 24.75509 ], [ -107.36957, 24.75589 ], [ -107.3697, 24.75709 ], [ -107.37101, 24.76349 ], [ -107.36747, 24.76531 ], [ -107.36779, 24.76611 ], [ -107.37095, 24.76515 ], [ -107.37127, 24.76511 ], [ -107.37166, 24.76729 ], [ -107.37215, 24.77045 ], [ -107.37245, 24.77259 ], [ -107.37288, 24.77504 ], [ -107.37354, 24.77971 ], [ -107.37419, 24.78389 ], [ -107.37488, 24.78786 ], [ -107.37538, 24.79171 ], [ -107.37565, 24.79305 ], [ -107.37559, 24.79337 ], [ -107.37564, 24.79348 ], [ -107.37631, 24.79358 ], [ -107.37722, 24.7935 ], [ -107.37791, 24.79336 ], [ -107.38022, 24.79268 ], [ -107.38068, 24.79259 ], [ -107.38116, 24.79257 ], [ -107.38137, 24.79258 ], [ -107.38169, 24.79272 ], [ -107.38432, 24.79328 ], [ -107.38665, 24.79363 ], [ -107.38694, 24.79364 ], [ -107.3884, 24.79345 ], [ -107.39007, 24.7931 ], [ -107.39026, 24.79322 ], [ -107.39094, 24.79753 ], [ -107.39162, 24.80118 ], [ -107.3915, 24.80233 ], [ -107.39231, 24.80754 ], [ -107.39668, 24.80719 ], [ -107.40093, 24.80691 ], [ -107.40102, 24.80864 ], [ -107.40114, 24.80949 ], [ -107.40134, 24.80968 ], [ -107.40181, 24.80971 ], [ -107.40203, 24.80985 ], [ -107.40267, 24.81433 ], [ -107.40251, 24.81542 ], [ -107.40232, 24.81607 ], [ -107.40188, 24.81646 ], [ -107.40148, 24.81648 ], [ -107.40114, 24.81638 ], [ -107.39946, 24.81525 ], [ -107.39779, 24.81429 ], [ -107.39731, 24.81412 ], [ -107.39665, 24.81399 ], [ -107.39554, 24.81389 ], [ -107.39416, 24.81392 ], [ -107.39122, 24.81425 ], [ -107.39001, 24.81446 ], [ -107.38839, 24.81466 ], [ -107.38796, 24.81478 ], [ -107.38531, 24.81648 ], [ -107.38444, 24.81695 ], [ -107.3836, 24.8175 ], [ -107.3814, 24.81982 ], [ -107.38013, 24.82153 ], [ -107.37833, 24.82327 ], [ -107.37776, 24.82386 ], [ -107.37721, 24.82454 ], [ -107.37675, 24.82498 ], [ -107.37466, 24.82645 ], [ -107.37267, 24.82453 ], [ -107.37169, 24.82401 ], [ -107.37126, 24.82486 ], [ -107.37112, 24.82492 ], [ -107.37123, 24.82506 ], [ -107.37137, 24.82563 ], [ -107.37081, 24.82583 ], [ -107.36958, 24.82557 ], [ -107.36774, 24.82478 ], [ -107.36893, 24.82278 ], [ -107.37213, 24.8244 ], [ -107.37272, 24.82474 ], [ -107.37447, 24.82651 ], [ -107.37186, 24.82838 ], [ -107.3705, 24.82906 ], [ -107.36909, 24.82928 ], [ -107.3678, 24.82921 ], [ -107.3671, 24.82898 ], [ -107.36654, 24.82873 ], [ -107.36592, 24.82833 ], [ -107.36533, 24.82775 ], [ -107.36453, 24.82661 ] ] } },
{ "type": "Feature", "properties": { "city": "Culiacán", "route_name": "Díaz_Ordaz", "route_name_short": "Ordaz", "type": "Bus", "shape_id": "shape_3534" }, "geometry": { "type": "LineString", "coordinates": [ [ -107.41283, 24.79283 ], [ -107.41292, 24.79298 ], [ -107.41295, 24.79341 ], [ -107.41164, 24.79626 ], [ -107.41123, 24.79694 ], [ -107.41038, 24.79786 ], [ -107.40718, 24.80073 ], [ -107.40585, 24.80236 ], [ -107.40561, 24.80286 ], [ -107.40546, 24.80351 ], [ -107.4056, 24.80421 ], [ -107.40551, 24.80442 ], [ -107.40536, 24.80452 ], [ -107.4051, 24.80458 ], [ -107.4049, 24.80451 ], [ -107.40459, 24.80449 ], [ -107.40422, 24.80456 ], [ -107.40479, 24.80657 ], [ -107.39999, 24.80696 ], [ -107.40012, 24.80861 ], [ -107.39806, 24.80857 ], [ -107.39662, 24.80869 ], [ -107.39681, 24.80959 ], [ -107.40022, 24.80918 ], [ -107.40107, 24.80914 ], [ -107.40099, 24.80746 ], [ -107.40383, 24.8072 ], [ -107.40295, 24.80411 ], [ -107.40468, 24.80406 ], [ -107.40494, 24.80382 ], [ -107.40565, 24.80233 ], [ -107.40653, 24.80117 ], [ -107.40702, 24.80061 ], [ -107.41064, 24.79734 ], [ -107.41101, 24.79691 ], [ -107.4116, 24.79589 ], [ -107.41226, 24.79456 ], [ -107.41026, 24.79362 ], [ -107.40988, 24.7937 ], [ -107.40946, 24.79274 ], [ -107.40741, 24.78649 ], [ -107.40758, 24.78607 ], [ -107.40819, 24.78573 ], [ -107.40958, 24.78512 ], [ -107.41065, 24.78437 ], [ -107.41079, 24.78437 ], [ -107.41108, 24.78383 ], [ -107.41111, 24.7832 ], [ -107.41095, 24.78272 ], [ -107.41066, 24.78217 ], [ -107.41188, 24.7811 ], [ -107.41187, 24.78089 ], [ -107.40901, 24.77833 ], [ -107.41112, 24.77644 ], [ -107.4185, 24.76942 ], [ -107.42044, 24.76753 ], [ -107.41762, 24.76503 ], [ -107.4103, 24.76766 ], [ -107.40982, 24.76779 ], [ -107.41294, 24.77053 ], [ -107.40967, 24.77372 ], [ -107.40684, 24.77608 ], [ -107.41203, 24.78067 ], [ -107.41378, 24.78217 ], [ -107.41341, 24.7826 ], [ -107.4133, 24.78282 ], [ -107.41326, 24.78304 ], [ -107.4127, 24.78291 ], [ -107.41161, 24.7826 ], [ -107.41116, 24.78238 ], [ -107.41081, 24.78214 ], [ -107.41072, 24.78219 ], [ -107.41116, 24.78321 ], [ -107.41114, 24.7838 ], [ -107.41062, 24.78477 ], [ -107.41037, 24.78539 ], [ -107.41024, 24.7866 ], [ -107.41201, 24.79073 ], [ -107.41282, 24.79278 ], [ -107.41283, 24.79283 ], [ -107.41292, 24.79298 ], [ -107.41295, 24.79341 ], [ -107.41164, 24.79626 ], [ -107.41123, 24.79694 ], [ -107.41038, 24.79786 ], [ -107.40718, 24.80073 ], [ -107.40585, 24.80236 ], [ -107.40561, 24.80286 ], [ -107.40546, 24.80351 ], [ -107.4056, 24.80421 ], [ -107.40551, 24.80442 ], [ -107.40536, 24.80452 ], [ -107.4051, 24.80458 ], [ -107.4049, 24.80451 ], [ -107.40459, 24.80449 ], [ -107.40422, 24.80456 ], [ -107.40479, 24.80657 ], [ -107.40006, 24.80693 ], [ -107.40012, 24.80861 ], [ -107.39806, 24.80857 ], [ -107.39662, 24.80869 ], [ -107.39681, 24.80959 ], [ -107.40022, 24.80918 ], [ -107.40107, 24.80914 ], [ -107.40099, 24.80746 ], [ -107.40383, 24.8072 ], [ -107.40295, 24.80411 ], [ -107.40468, 24.80406 ], [ -107.40494, 24.80382 ], [ -107.40565, 24.80233 ], [ -107.40653, 24.80117 ], [ -107.40702, 24.80061 ], [ -107.41064, 24.79734 ], [ -107.41101, 24.79691 ], [ -107.4116, 24.79589 ], [ -107.41226, 24.79456 ], [ -107.41026, 24.79362 ], [ -107.40988, 24.7937 ], [ -107.40946, 24.79274 ], [ -107.40741, 24.78649 ], [ -107.40758, 24.78607 ], [ -107.40819, 24.78573 ], [ -107.40958, 24.78512 ], [ -107.41065, 24.78437 ], [ -107.41079, 24.78437 ], [ -107.41108, 24.78383 ], [ -107.41111, 24.7832 ], [ -107.41095, 24.78272 ], [ -107.41066, 24.78217 ], [ -107.41188, 24.7811 ], [ -107.41187, 24.78089 ], [ -107.40901, 24.77833 ], [ -107.41112, 24.77644 ], [ -107.4185, 24.76942 ], [ -107.42044, 24.76753 ], [ -107.41762, 24.76503 ], [ -107.4103, 24.76766 ], [ -107.40982, 24.76779 ], [ -107.41294, 24.77053 ], [ -107.40967, 24.77372 ], [ -107.40684, 24.77608 ], [ -107.41203, 24.78067 ], [ -107.41378, 24.78217 ], [ -107.41341, 24.7826 ], [ -107.4133, 24.78282 ], [ -107.41326, 24.78304 ], [ -107.4127, 24.78291 ], [ -107.41161, 24.7826 ], [ -107.41116, 24.78238 ], [ -107.41081, 24.78214 ], [ -107.41072, 24.78219 ], [ -107.41116, 24.78321 ], [ -107.41114, 24.7838 ], [ -107.41062, 24.78477 ], [ -107.41037, 24.78539 ], [ -107.41024, 24.7866 ], [ -107.41201, 24.79073 ], [ -107.41282, 24.79278 ] ] } },
{ "type": "Feature", "properties": { "city": "Culiacán", "route_name": "Fovissste_", "route_name_short": "", "type": "Bus", "shape_id": "shape_3535" }, "geometry": { "type": "LineString", "coordinates": [ [ -107.37677, 24.82772 ], [ -107.37641, 24.82804 ], [ -107.37628, 24.82823 ], [ -107.37624, 24.82844 ], [ -107.37633, 24.82941 ], [ -107.37599, 24.82942 ], [ -107.37417, 24.82986 ], [ -107.37401, 24.82912 ], [ -107.37435, 24.82794 ], [ -107.37332, 24.82766 ], [ -107.37297, 24.82792 ], [ -107.37266, 24.82898 ], [ -107.37279, 24.83009 ], [ -107.37327, 24.83008 ], [ -107.3742, 24.82993 ], [ -107.37597, 24.82949 ], [ -107.37643, 24.82955 ], [ -107.37629, 24.82838 ], [ -107.37646, 24.82809 ], [ -107.37672, 24.82781 ], [ -107.38448, 24.83002 ], [ -107.38406, 24.82608 ], [ -107.38362, 24.82236 ], [ -107.38378, 24.82204 ], [ -107.38413, 24.82186 ], [ -107.38571, 24.82164 ], [ -107.38555, 24.82085 ], [ -107.38548, 24.82073 ], [ -107.38394, 24.8197 ], [ -107.38514, 24.81819 ], [ -107.38587, 24.81778 ], [ -107.39127, 24.81708 ], [ -107.39596, 24.81639 ], [ -107.39543, 24.81319 ], [ -107.39497, 24.81085 ], [ -107.39699, 24.81053 ], [ -107.39679, 24.80959 ], [ -107.39481, 24.80988 ], [ -107.3945, 24.80801 ], [ -107.39432, 24.80463 ], [ -107.39431, 24.80378 ], [ -107.39587, 24.80369 ], [ -107.39554, 24.80178 ], [ -107.39016, 24.80279 ], [ -107.38533, 24.8036 ], [ -107.38247, 24.80379 ], [ -107.38206, 24.80373 ], [ -107.38185, 24.80365 ], [ -107.37832, 24.80015 ], [ -107.37791, 24.79968 ], [ -107.37607, 24.79689 ], [ -107.37865, 24.79541 ], [ -107.37844, 24.79436 ], [ -107.37872, 24.79413 ], [ -107.37926, 24.79412 ], [ -107.37933, 24.79409 ], [ -107.37942, 24.79397 ], [ -107.37942, 24.79391 ], [ -107.37928, 24.79384 ], [ -107.37849, 24.7936 ], [ -107.37785, 24.79335 ], [ -107.3768, 24.79355 ], [ -107.37586, 24.79355 ], [ -107.37421, 24.79307 ], [ -107.37227, 24.78885 ], [ -107.37176, 24.78901 ], [ -107.37088, 24.78904 ], [ -107.36681, 24.78892 ], [ -107.36312, 24.78875 ], [ -107.36312, 24.78785 ], [ -107.36312, 24.7872 ], [ -107.36304, 24.78693 ], [ -107.3595, 24.78237 ], [ -107.35762, 24.78355 ], [ -107.35726, 24.78309 ], [ -107.35657, 24.78348 ], [ -107.35659, 24.78351 ], [ -107.35726, 24.78313 ], [ -107.35763, 24.7836 ], [ -107.35948, 24.78241 ], [ -107.363, 24.78693 ], [ -107.36307, 24.78725 ], [ -107.3631, 24.78886 ], [ -107.37089, 24.78913 ], [ -107.37153, 24.78913 ], [ -107.37217, 24.789 ], [ -107.37511, 24.79567 ], [ -107.37532, 24.79608 ], [ -107.37662, 24.79811 ], [ -107.37764, 24.79963 ], [ -107.37837, 24.80046 ], [ -107.382, 24.80401 ], [ -107.38329, 24.80387 ], [ -107.38484, 24.80381 ], [ -107.38669, 24.80355 ], [ -107.39422, 24.80219 ], [ -107.39446, 24.80803 ], [ -107.39591, 24.81632 ], [ -107.38738, 24.8175 ], [ -107.38716, 24.81758 ], [ -107.38585, 24.81776 ], [ -107.38511, 24.81818 ], [ -107.38385, 24.81978 ], [ -107.38538, 24.82077 ], [ -107.38548, 24.8209 ], [ -107.38561, 24.82163 ], [ -107.38339, 24.82194 ], [ -107.38383, 24.82573 ], [ -107.38423, 24.82957 ], [ -107.3842, 24.82964 ], [ -107.38402, 24.82977 ], [ -107.37678, 24.82767 ] ] } },
{ "type": "Feature", "properties": { "city": "Culiacán", "route_name": "Cucas_Central - USE", "route_name_short": "Central - USE", "type": "Bus", "shape_id": "shape_3533" }, "geometry": null },
{ "type": "Feature", "properties": { "city": "Culiacán", "route_name": "Huizaches_", "route_name_short": "", "type": "Bus", "shape_id": "shape_3537" }, "geometry": { "type": "LineString", "coordinates": [ [ -107.39641, 24.80687 ], [ -107.39635, 24.80643 ], [ -107.39587, 24.80365 ], [ -107.39318, 24.80387 ], [ -107.39311, 24.80384 ], [ -107.39298, 24.80111 ], [ -107.39288, 24.79927 ], [ -107.39278, 24.79752 ], [ -107.39397, 24.7975 ], [ -107.3936, 24.79197 ], [ -107.39368, 24.79182 ], [ -107.3937, 24.79086 ], [ -107.39384, 24.79053 ], [ -107.394, 24.79024 ], [ -107.39413, 24.79 ], [ -107.39426, 24.78981 ], [ -107.39444, 24.78968 ], [ -107.39455, 24.78964 ], [ -107.39468, 24.78964 ], [ -107.39539, 24.78957 ], [ -107.39561, 24.78941 ], [ -107.39574, 24.78922 ], [ -107.39578, 24.78901 ], [ -107.39575, 24.78882 ], [ -107.39502, 24.787 ], [ -107.39445, 24.78561 ], [ -107.39442, 24.78537 ], [ -107.39449, 24.78508 ], [ -107.39467, 24.78492 ], [ -107.39599, 24.78408 ], [ -107.39613, 24.78394 ], [ -107.39619, 24.78377 ], [ -107.39621, 24.78363 ], [ -107.39613, 24.78334 ], [ -107.39565, 24.78231 ], [ -107.39523, 24.78183 ], [ -107.39388, 24.78049 ], [ -107.39347, 24.77957 ], [ -107.39306, 24.77855 ], [ -107.39298, 24.77835 ], [ -107.39293, 24.77823 ], [ -107.39259, 24.77832 ], [ -107.38919, 24.77918 ], [ -107.38849, 24.77749 ], [ -107.38722, 24.77783 ], [ -107.38599, 24.77812 ], [ -107.38427, 24.77848 ], [ -107.38383, 24.77742 ], [ -107.38375, 24.77716 ], [ -107.38374, 24.77672 ], [ -107.38374, 24.77627 ], [ -107.38356, 24.77524 ], [ -107.38342, 24.77494 ], [ -107.38339, 24.77477 ], [ -107.38327, 24.77429 ], [ -107.38308, 24.77338 ], [ -107.38299, 24.7729 ], [ -107.3829, 24.77248 ], [ -107.38276, 24.77192 ], [ -107.38264, 24.77142 ], [ -107.38252, 24.77095 ], [ -107.38241, 24.77039 ], [ -107.38232, 24.7699 ], [ -107.38207, 24.76811 ], [ -107.38186, 24.76694 ], [ -107.38171, 24.7659 ], [ -107.3816, 24.76534 ], [ -107.38145, 24.76431 ], [ -107.38128, 24.76336 ], [ -107.38094, 24.76146 ], [ -107.38071, 24.76029 ], [ -107.38041, 24.75881 ], [ -107.38013, 24.7575 ], [ -107.38016, 24.75743 ], [ -107.38, 24.75667 ], [ -107.37979, 24.75566 ], [ -107.3798, 24.75558 ], [ -107.37986, 24.75547 ], [ -107.38017, 24.75518 ], [ -107.38055, 24.75477 ], [ -107.38102, 24.75435 ], [ -107.38173, 24.75365 ], [ -107.38239, 24.75295 ], [ -107.38294, 24.75242 ], [ -107.38326, 24.75213 ], [ -107.38329, 24.75204 ], [ -107.38377, 24.75215 ], [ -107.38469, 24.75236 ], [ -107.38499, 24.75297 ], [ -107.38508, 24.75297 ], [ -107.38515, 24.7529 ], [ -107.38509, 24.75277 ], [ -107.38515, 24.75262 ], [ -107.38529, 24.7525 ], [ -107.38577, 24.75232 ], [ -107.38625, 24.75212 ], [ -107.38609, 24.75185 ], [ -107.38601, 24.75163 ], [ -107.38597, 24.75141 ], [ -107.38596, 24.75104 ], [ -107.38598, 24.74987 ], [ -107.38597, 24.74945 ], [ -107.38598, 24.74928 ], [ -107.38604, 24.74919 ], [ -107.38567, 24.74892 ], [ -107.38505, 24.7484 ], [ -107.38916, 24.7487 ], [ -107.38967, 24.75051 ], [ -107.38979, 24.75094 ], [ -107.3899, 24.75126 ], [ -107.3899, 24.75126 ], [ -107.38821, 24.75165 ], [ -107.38742, 24.75184 ], [ -107.38681, 24.75185 ], [ -107.38636, 24.75186 ], [ -107.38601, 24.75189 ], [ -107.38566, 24.75195 ], [ -107.38508, 24.7522 ], [ -107.38477, 24.75229 ], [ -107.38474, 24.75243 ], [ -107.38602, 24.75513 ], [ -107.38627, 24.75572 ], [ -107.3866, 24.75647 ], [ -107.38763, 24.75888 ], [ -107.38717, 24.75899 ], [ -107.38484, 24.75951 ], [ -107.38377, 24.75974 ], [ -107.3839, 24.76022 ], [ -107.38403, 24.76071 ], [ -107.38275, 24.76106 ], [ -107.3821, 24.76122 ], [ -107.3809, 24.76148 ], [ -107.38125, 24.76338 ], [ -107.38148, 24.76484 ], [ -107.38155, 24.76535 ], [ -107.38174, 24.7664 ], [ -107.38184, 24.76698 ], [ -107.38195, 24.76764 ], [ -107.3821, 24.76862 ], [ -107.38222, 24.76937 ], [ -107.38229, 24.76995 ], [ -107.38237, 24.77041 ], [ -107.38261, 24.77146 ], [ -107.38287, 24.77252 ], [ -107.38315, 24.77388 ], [ -107.38335, 24.77479 ], [ -107.38338, 24.77497 ], [ -107.38352, 24.77526 ], [ -107.38371, 24.77628 ], [ -107.3837, 24.77687 ], [ -107.38372, 24.77717 ], [ -107.38387, 24.77762 ], [ -107.38424, 24.77854 ], [ -107.38603, 24.77815 ], [ -107.38724, 24.77787 ], [ -107.38847, 24.77754 ], [ -107.38918, 24.77929 ], [ -107.39154, 24.77866 ], [ -107.39288, 24.77836 ], [ -107.39364, 24.78025 ], [ -107.39372, 24.78046 ], [ -107.39379, 24.7806 ], [ -107.39388, 24.7807 ], [ -107.39468, 24.78145 ], [ -107.39543, 24.78223 ], [ -107.39558, 24.78242 ], [ -107.39607, 24.78354 ], [ -107.39608, 24.78371 ], [ -107.39603, 24.78386 ], [ -107.39593, 24.78396 ], [ -107.39578, 24.78407 ], [ -107.39449, 24.78491 ], [ -107.3944, 24.78501 ], [ -107.39433, 24.78519 ], [ -107.3943, 24.78543 ], [ -107.39446, 24.78594 ], [ -107.39466, 24.78645 ], [ -107.39493, 24.78719 ], [ -107.39512, 24.78773 ], [ -107.39554, 24.78886 ], [ -107.39555, 24.78904 ], [ -107.39548, 24.7892 ], [ -107.39535, 24.78931 ], [ -107.39523, 24.78938 ], [ -107.39508, 24.7894 ], [ -107.39467, 24.78951 ], [ -107.39424, 24.78968 ], [ -107.39404, 24.78996 ], [ -107.39386, 24.79027 ], [ -107.39371, 24.79057 ], [ -107.39367, 24.79063 ], [ -107.3936, 24.79069 ], [ -107.39349, 24.79078 ], [ -107.39338, 24.79084 ], [ -107.39346, 24.79172 ], [ -107.39337, 24.79174 ], [ -107.39323, 24.79175 ], [ -107.39297, 24.79178 ], [ -107.39241, 24.79195 ], [ -107.39188, 24.79221 ], [ -107.39129, 24.7926 ], [ -107.39121, 24.79265 ], [ -107.39031, 24.79295 ], [ -107.39024, 24.79307 ], [ -107.39027, 24.79354 ], [ -107.39053, 24.79505 ], [ -107.39076, 24.79647 ], [ -107.39098, 24.79777 ], [ -107.39121, 24.79899 ], [ -107.39146, 24.80024 ], [ -107.39163, 24.80119 ], [ -107.3915, 24.80234 ], [ -107.39162, 24.80294 ], [ -107.39181, 24.80437 ], [ -107.39201, 24.8057 ], [ -107.3923, 24.80754 ], [ -107.39445, 24.80739 ], [ -107.39647, 24.80725 ], [ -107.39642, 24.80689 ] ] } },
{ "type": "Feature", "properties": { "city": "Culiacán", "route_name": "Infonavit_", "route_name_short": "", "type": "Bus", "shape_id": "shape_3538" }, "geometry": { "type": "LineString", "coordinates": [ [ -107.4214, 24.82883 ], [ -107.42149, 24.82885 ], [ -107.42187, 24.82798 ], [ -107.42255, 24.82634 ], [ -107.42386, 24.82685 ], [ -107.42512, 24.8273 ], [ -107.4252, 24.82711 ], [ -107.42458, 24.82646 ], [ -107.42448, 24.82651 ], [ -107.42341, 24.82546 ], [ -107.42301, 24.82532 ], [ -107.42314, 24.82504 ], [ -107.42338, 24.82486 ], [ -107.42378, 24.82465 ], [ -107.42373, 24.82457 ], [ -107.42313, 24.82489 ], [ -107.42297, 24.82501 ], [ -107.42246, 24.82451 ], [ -107.42231, 24.82435 ], [ -107.42215, 24.82431 ], [ -107.42188, 24.82409 ], [ -107.42127, 24.82345 ], [ -107.42093, 24.82326 ], [ -107.4206, 24.8229 ], [ -107.41856, 24.82027 ], [ -107.41975, 24.81972 ], [ -107.42012, 24.81966 ], [ -107.42033, 24.81977 ], [ -107.4204, 24.81998 ], [ -107.42033, 24.82012 ], [ -107.42015, 24.82019 ], [ -107.4199, 24.82012 ], [ -107.41685, 24.81743 ], [ -107.41391, 24.81472 ], [ -107.41229, 24.81316 ], [ -107.40752, 24.8088 ], [ -107.40642, 24.80785 ], [ -107.40631, 24.80761 ], [ -107.40578, 24.80496 ], [ -107.4055, 24.80393 ], [ -107.40535, 24.80381 ], [ -107.40517, 24.80377 ], [ -107.40495, 24.8038 ], [ -107.40472, 24.80403 ], [ -107.40471, 24.80416 ], [ -107.40475, 24.80433 ], [ -107.4049, 24.80451 ], [ -107.40514, 24.8046 ], [ -107.40551, 24.80493 ], [ -107.40561, 24.80511 ], [ -107.40567, 24.80563 ], [ -107.40163, 24.80606 ], [ -107.39805, 24.80645 ], [ -107.39496, 24.80676 ], [ -107.39009, 24.807 ], [ -107.38914, 24.80309 ], [ -107.38859, 24.80039 ], [ -107.38774, 24.80045 ], [ -107.38774, 24.80045 ], [ -107.38757, 24.79966 ], [ -107.38747, 24.79892 ], [ -107.38717, 24.79778 ], [ -107.39096, 24.79763 ], [ -107.39163, 24.80128 ], [ -107.3915, 24.80233 ], [ -107.39196, 24.80505 ], [ -107.3923, 24.80753 ], [ -107.39556, 24.80731 ], [ -107.39571, 24.80879 ], [ -107.3973, 24.80861 ], [ -107.39827, 24.80858 ], [ -107.40013, 24.80862 ], [ -107.4, 24.80696 ], [ -107.40479, 24.80657 ], [ -107.40435, 24.80503 ], [ -107.40554, 24.80494 ], [ -107.40563, 24.8051 ], [ -107.40584, 24.80585 ], [ -107.40622, 24.80771 ], [ -107.40648, 24.8081 ], [ -107.41247, 24.81348 ], [ -107.41376, 24.81477 ], [ -107.41582, 24.81658 ], [ -107.41755, 24.81815 ], [ -107.41772, 24.81838 ], [ -107.41903, 24.81961 ], [ -107.41904, 24.81981 ], [ -107.41898, 24.81992 ], [ -107.41841, 24.82015 ], [ -107.41794, 24.82036 ], [ -107.41803, 24.8205 ], [ -107.41851, 24.82029 ], [ -107.41961, 24.82179 ], [ -107.41762, 24.82261 ], [ -107.41686, 24.82429 ], [ -107.42244, 24.82632 ], [ -107.42139, 24.82883 ] ] } },
{ "type": "Feature", "properties": { "city": "Culiacán", "route_name": "ISSSTESIN_", "route_name_short": "", "type": "Bus", "shape_id": "shape_3540" }, "geometry": { "type": "LineString", "coordinates": [ [ -107.45091, 24.79775 ], [ -107.45183, 24.79516 ], [ -107.45186, 24.79473 ], [ -107.45179, 24.79451 ], [ -107.45151, 24.79412 ], [ -107.45102, 24.79381 ], [ -107.44164, 24.78851 ], [ -107.4377, 24.79232 ], [ -107.4369, 24.79292 ], [ -107.43657, 24.79311 ], [ -107.43568, 24.79346 ], [ -107.43282, 24.79438 ], [ -107.4346, 24.7987 ], [ -107.43291, 24.79925 ], [ -107.43209, 24.79947 ], [ -107.43117, 24.79963 ], [ -107.43059, 24.79983 ], [ -107.42814, 24.80092 ], [ -107.42778, 24.80078 ], [ -107.4273, 24.79986 ], [ -107.4289, 24.79915 ], [ -107.42897, 24.79907 ], [ -107.42892, 24.79833 ], [ -107.42888, 24.79838 ], [ -107.42892, 24.79908 ], [ -107.42884, 24.79915 ], [ -107.42728, 24.79983 ], [ -107.42715, 24.79991 ], [ -107.43404, 24.81308 ], [ -107.43403, 24.81321 ], [ -107.43395, 24.81337 ], [ -107.42482, 24.81737 ], [ -107.42179, 24.81864 ], [ -107.42046, 24.8189 ], [ -107.42015, 24.81914 ], [ -107.4199, 24.81947 ], [ -107.41952, 24.81968 ], [ -107.41911, 24.81987 ], [ -107.41917, 24.81998 ], [ -107.41936, 24.81992 ], [ -107.42136, 24.82153 ], [ -107.42239, 24.82242 ], [ -107.42281, 24.82291 ], [ -107.42506, 24.82625 ], [ -107.42591, 24.82722 ], [ -107.42569, 24.82735 ], [ -107.42045, 24.82546 ], [ -107.41475, 24.82345 ], [ -107.41469, 24.82356 ], [ -107.4144, 24.8237 ], [ -107.41247, 24.82764 ], [ -107.41045, 24.83172 ], [ -107.4077, 24.83233 ], [ -107.40723, 24.83234 ], [ -107.40676, 24.8323 ], [ -107.4056, 24.83175 ], [ -107.40498, 24.83181 ], [ -107.4019, 24.83326 ], [ -107.40065, 24.83372 ], [ -107.39962, 24.83397 ], [ -107.39915, 24.83401 ], [ -107.39869, 24.83397 ], [ -107.39493, 24.8329 ], [ -107.39548, 24.83057 ], [ -107.39595, 24.82809 ], [ -107.39612, 24.82709 ], [ -107.39626, 24.82492 ], [ -107.39636, 24.82267 ], [ -107.39651, 24.81954 ], [ -107.39605, 24.81669 ], [ -107.39546, 24.8139 ], [ -107.39528, 24.81269 ], [ -107.39511, 24.81144 ], [ -107.39465, 24.80892 ], [ -107.39571, 24.80881 ], [ -107.39582, 24.80918 ], [ -107.39583, 24.80924 ], [ -107.39594, 24.80973 ], [ -107.39486, 24.80989 ], [ -107.39521, 24.81265 ], [ -107.39616, 24.81768 ], [ -107.39645, 24.81951 ], [ -107.39646, 24.8198 ], [ -107.3963, 24.82267 ], [ -107.39622, 24.82445 ], [ -107.39605, 24.82705 ], [ -107.39591, 24.82808 ], [ -107.3954, 24.83062 ], [ -107.39486, 24.83298 ], [ -107.39808, 24.83394 ], [ -107.39874, 24.8341 ], [ -107.39924, 24.83415 ], [ -107.3998, 24.83406 ], [ -107.4018, 24.83338 ], [ -107.40494, 24.83196 ], [ -107.40535, 24.83187 ], [ -107.40579, 24.83193 ], [ -107.4068, 24.83243 ], [ -107.40762, 24.83263 ], [ -107.40795, 24.83264 ], [ -107.40946, 24.83237 ], [ -107.41072, 24.83202 ], [ -107.41282, 24.82779 ], [ -107.41488, 24.82361 ], [ -107.42011, 24.82538 ], [ -107.42566, 24.82747 ], [ -107.42602, 24.82732 ], [ -107.42614, 24.82721 ], [ -107.42538, 24.82642 ], [ -107.42497, 24.82588 ], [ -107.42308, 24.823 ], [ -107.42269, 24.82254 ], [ -107.42202, 24.82189 ], [ -107.41912, 24.81943 ], [ -107.41466, 24.8154 ], [ -107.41127, 24.81229 ], [ -107.40749, 24.80876 ], [ -107.40743, 24.80837 ], [ -107.40773, 24.80766 ], [ -107.40908, 24.80624 ], [ -107.4095, 24.8054 ], [ -107.40967, 24.80526 ], [ -107.41036, 24.80495 ], [ -107.41064, 24.80478 ], [ -107.41347, 24.80188 ], [ -107.41509, 24.80032 ], [ -107.41561, 24.80004 ], [ -107.41677, 24.79966 ], [ -107.42123, 24.79835 ], [ -107.42604, 24.79683 ], [ -107.43118, 24.79507 ], [ -107.43599, 24.79355 ], [ -107.43707, 24.79303 ], [ -107.43766, 24.7926 ], [ -107.44156, 24.78888 ], [ -107.4419, 24.78888 ], [ -107.44449, 24.79032 ], [ -107.44851, 24.79256 ], [ -107.45109, 24.79402 ], [ -107.45128, 24.79418 ], [ -107.4514, 24.79442 ], [ -107.45146, 24.7949 ], [ -107.45064, 24.79719 ], [ -107.45091, 24.79775 ] ] } },
{ "type": "Feature", "properties": { "city": "Culiacán", "route_name": "Infonavit_Las Flores", "route_name_short": "Las Flores", "type": "Bus", "shape_id": "shape_3539" }, "geometry": { "type": "LineString", "coordinates": [ [ -107.39992, 24.80621 ], [ -107.39796, 24.80635 ], [ -107.39634, 24.80649 ], [ -107.396, 24.80457 ], [ -107.39781, 24.80447 ], [ -107.40074, 24.80433 ], [ -107.40109, 24.8043 ], [ -107.40213, 24.80423 ], [ -107.4029, 24.80451 ], [ -107.4033, 24.8046 ], [ -107.40389, 24.80459 ], [ -107.40447, 24.80451 ], [ -107.40487, 24.80451 ], [ -107.40516, 24.80459 ], [ -107.4054, 24.80451 ], [ -107.4055, 24.80443 ], [ -107.40559, 24.80425 ], [ -107.40552, 24.80393 ], [ -107.40546, 24.80353 ], [ -107.40549, 24.80331 ], [ -107.40561, 24.80288 ], [ -107.40588, 24.80236 ], [ -107.40712, 24.80079 ], [ -107.40871, 24.79934 ], [ -107.4102, 24.79802 ], [ -107.41035, 24.79789 ], [ -107.41081, 24.79743 ], [ -107.41121, 24.79697 ], [ -107.41157, 24.79635 ], [ -107.41236, 24.79462 ], [ -107.41285, 24.79362 ], [ -107.41293, 24.79358 ], [ -107.41334, 24.7931 ], [ -107.41528, 24.79306 ], [ -107.4166, 24.79304 ], [ -107.41694, 24.79303 ], [ -107.41752, 24.79298 ], [ -107.41814, 24.79289 ], [ -107.42003, 24.79261 ], [ -107.42232, 24.79192 ], [ -107.42439, 24.79123 ], [ -107.4259, 24.79071 ], [ -107.42616, 24.79064 ], [ -107.42701, 24.7904 ], [ -107.42754, 24.79018 ], [ -107.42777, 24.79005 ], [ -107.42812, 24.78979 ], [ -107.42865, 24.78919 ], [ -107.42877, 24.78894 ], [ -107.42926, 24.78758 ], [ -107.42973, 24.78617 ], [ -107.43018, 24.78515 ], [ -107.43025, 24.78501 ], [ -107.43047, 24.78475 ], [ -107.43073, 24.78454 ], [ -107.43162, 24.78396 ], [ -107.43361, 24.78264 ], [ -107.43388, 24.78297 ], [ -107.43412, 24.78338 ], [ -107.4342, 24.78369 ], [ -107.43413, 24.78398 ], [ -107.43399, 24.78429 ], [ -107.43316, 24.78555 ], [ -107.43349, 24.78577 ], [ -107.43356, 24.7858 ], [ -107.43358, 24.7858 ], [ -107.43359, 24.78581 ], [ -107.43362, 24.78581 ], [ -107.43362, 24.78582 ], [ -107.43404, 24.78617 ], [ -107.43435, 24.78674 ], [ -107.43492, 24.78771 ], [ -107.43708, 24.78663 ], [ -107.43871, 24.78585 ], [ -107.43834, 24.7848 ], [ -107.43816, 24.78456 ], [ -107.43761, 24.78323 ], [ -107.43701, 24.78179 ], [ -107.43656, 24.7807 ], [ -107.43789, 24.77991 ], [ -107.43883, 24.7795 ], [ -107.43918, 24.77935 ], [ -107.43936, 24.77929 ], [ -107.43924, 24.77897 ], [ -107.43883, 24.77796 ], [ -107.43831, 24.77673 ], [ -107.43785, 24.77565 ], [ -107.43723, 24.77418 ], [ -107.43684, 24.77327 ], [ -107.43796, 24.77288 ], [ -107.43903, 24.77253 ], [ -107.44004, 24.77216 ], [ -107.43984, 24.77169 ], [ -107.43967, 24.77122 ], [ -107.43945, 24.77074 ], [ -107.43944, 24.77078 ], [ -107.43966, 24.77125 ], [ -107.43981, 24.77171 ], [ -107.44, 24.77214 ], [ -107.43901, 24.77249 ], [ -107.4385, 24.77267 ], [ -107.43793, 24.77285 ], [ -107.43679, 24.77325 ], [ -107.43705, 24.77385 ], [ -107.43736, 24.77455 ], [ -107.43759, 24.77512 ], [ -107.43799, 24.77605 ], [ -107.43842, 24.77709 ], [ -107.43882, 24.77799 ], [ -107.43928, 24.77916 ], [ -107.4385, 24.77948 ], [ -107.43784, 24.77976 ], [ -107.43646, 24.78058 ], [ -107.43669, 24.78114 ], [ -107.43718, 24.78232 ], [ -107.43759, 24.78328 ], [ -107.43793, 24.78412 ], [ -107.43815, 24.78461 ], [ -107.43832, 24.78484 ], [ -107.43854, 24.78554 ], [ -107.43866, 24.78585 ], [ -107.43761, 24.78633 ], [ -107.43648, 24.7869 ], [ -107.43491, 24.78768 ], [ -107.43454, 24.78701 ], [ -107.43422, 24.78646 ], [ -107.43404, 24.78614 ], [ -107.43375, 24.78587 ], [ -107.43413, 24.78533 ], [ -107.43462, 24.78561 ], [ -107.43478, 24.78562 ], [ -107.43496, 24.78558 ], [ -107.43651, 24.78482 ], [ -107.43795, 24.78411 ], [ -107.43745, 24.78288 ], [ -107.43716, 24.78218 ], [ -107.43672, 24.78113 ], [ -107.43646, 24.78052 ], [ -107.43617, 24.78077 ], [ -107.43542, 24.78127 ], [ -107.434, 24.78225 ], [ -107.43292, 24.78298 ], [ -107.43127, 24.78408 ], [ -107.43091, 24.78433 ], [ -107.43069, 24.78445 ], [ -107.43044, 24.78465 ], [ -107.43011, 24.78506 ], [ -107.42989, 24.78552 ], [ -107.42951, 24.78642 ], [ -107.42903, 24.78771 ], [ -107.4287, 24.78863 ], [ -107.4286, 24.78888 ], [ -107.42847, 24.78911 ], [ -107.42829, 24.78935 ], [ -107.42802, 24.78966 ], [ -107.42769, 24.78991 ], [ -107.42731, 24.79011 ], [ -107.42709, 24.79019 ], [ -107.42583, 24.7906 ], [ -107.42435, 24.79108 ], [ -107.423, 24.79154 ], [ -107.42201, 24.79188 ], [ -107.42117, 24.79215 ], [ -107.42054, 24.79236 ], [ -107.42, 24.79252 ], [ -107.41808, 24.79281 ], [ -107.41706, 24.79293 ], [ -107.41571, 24.79295 ], [ -107.41377, 24.79296 ], [ -107.41278, 24.79299 ], [ -107.4128, 24.79312 ], [ -107.41278, 24.79332 ], [ -107.41271, 24.79353 ], [ -107.41225, 24.79455 ], [ -107.412, 24.79504 ], [ -107.41164, 24.79586 ], [ -107.41142, 24.79627 ], [ -107.41104, 24.79691 ], [ -107.41071, 24.79727 ], [ -107.40996, 24.79796 ], [ -107.40884, 24.79902 ], [ -107.40771, 24.79999 ], [ -107.40697, 24.80067 ], [ -107.40649, 24.80124 ], [ -107.40623, 24.8016 ], [ -107.40605, 24.80181 ], [ -107.40568, 24.80232 ], [ -107.40494, 24.80384 ], [ -107.40475, 24.80401 ], [ -107.40471, 24.80421 ], [ -107.40478, 24.80438 ], [ -107.40494, 24.80452 ], [ -107.40513, 24.8046 ], [ -107.40532, 24.80476 ], [ -107.40553, 24.80494 ], [ -107.40562, 24.80512 ], [ -107.4056, 24.80523 ], [ -107.40568, 24.80563 ], [ -107.40455, 24.80574 ], [ -107.40336, 24.80587 ], [ -107.40164, 24.80606 ], [ -107.39992, 24.80621 ], [ -107.39796, 24.80635 ], [ -107.39634, 24.80649 ], [ -107.396, 24.80457 ], [ -107.39781, 24.80447 ] ] } },
{ "type": "Feature", "properties": { "city": "Culiacán", "route_name": "Lázaro_Cárdenas", "route_name_short": "Cárdenas", "type": "Bus", "shape_id": "shape_3506" }, "geometry": { "type": "LineString", "coordinates": [ [ -107.36472, 24.76851 ], [ -107.3715, 24.76642 ], [ -107.37168, 24.76757 ], [ -107.37316, 24.76729 ], [ -107.37326, 24.76733 ], [ -107.37818, 24.76621 ], [ -107.37896, 24.77104 ], [ -107.37949, 24.77458 ], [ -107.37971, 24.77614 ], [ -107.37756, 24.77663 ], [ -107.37775, 24.77759 ], [ -107.37302, 24.77871 ], [ -107.36813, 24.77986 ], [ -107.36887, 24.7814 ], [ -107.3699, 24.78385 ], [ -107.37205, 24.78868 ], [ -107.37363, 24.79242 ], [ -107.37517, 24.79581 ], [ -107.37593, 24.79704 ], [ -107.37767, 24.79964 ], [ -107.3785, 24.80058 ], [ -107.38106, 24.8031 ], [ -107.38328, 24.8053 ], [ -107.38528, 24.80518 ], [ -107.38541, 24.80603 ], [ -107.38968, 24.80582 ], [ -107.39256, 24.80567 ], [ -107.39546, 24.80552 ], [ -107.39557, 24.80731 ], [ -107.39822, 24.80715 ], [ -107.40095, 24.80691 ], [ -107.40367, 24.80665 ], [ -107.40473, 24.81057 ], [ -107.40547, 24.81012 ], [ -107.40678, 24.80877 ], [ -107.4077, 24.8077 ], [ -107.40907, 24.80623 ], [ -107.40938, 24.80555 ], [ -107.40952, 24.80536 ], [ -107.41053, 24.80484 ], [ -107.41185, 24.80353 ], [ -107.41249, 24.80282 ], [ -107.41487, 24.8005 ], [ -107.41542, 24.80013 ], [ -107.41579, 24.79996 ], [ -107.42058, 24.79846 ], [ -107.42544, 24.797 ], [ -107.42575, 24.79715 ], [ -107.42716, 24.79992 ], [ -107.42886, 24.79919 ], [ -107.42896, 24.79907 ], [ -107.42891, 24.79835 ], [ -107.42887, 24.79836 ], [ -107.42892, 24.79903 ], [ -107.42886, 24.79916 ], [ -107.42715, 24.79988 ], [ -107.42785, 24.80118 ], [ -107.43086, 24.79985 ], [ -107.43298, 24.79934 ], [ -107.43478, 24.79874 ], [ -107.43314, 24.79485 ], [ -107.43324, 24.79456 ], [ -107.43337, 24.7944 ], [ -107.43587, 24.79359 ], [ -107.43699, 24.79308 ], [ -107.43769, 24.79258 ], [ -107.44159, 24.78887 ], [ -107.44193, 24.7889 ], [ -107.44466, 24.79044 ], [ -107.45126, 24.79419 ], [ -107.45154, 24.79474 ], [ -107.45036, 24.79801 ], [ -107.45055, 24.79814 ], [ -107.45074, 24.79815 ], [ -107.45189, 24.79487 ], [ -107.45179, 24.79449 ], [ -107.45152, 24.79407 ], [ -107.44511, 24.79051 ], [ -107.44165, 24.78854 ], [ -107.43769, 24.79232 ], [ -107.43707, 24.79281 ], [ -107.43659, 24.79309 ], [ -107.43591, 24.79337 ], [ -107.43165, 24.79478 ], [ -107.42677, 24.7964 ], [ -107.42241, 24.79778 ], [ -107.41615, 24.79967 ], [ -107.41498, 24.80016 ], [ -107.41432, 24.80074 ], [ -107.41031, 24.80484 ], [ -107.40944, 24.80527 ], [ -107.40926, 24.80551 ], [ -107.40913, 24.80592 ], [ -107.40894, 24.80619 ], [ -107.40755, 24.80768 ], [ -107.40672, 24.80867 ], [ -107.40572, 24.80975 ], [ -107.40454, 24.80574 ], [ -107.4009, 24.80613 ], [ -107.39537, 24.80656 ], [ -107.39008, 24.807 ], [ -107.38956, 24.80482 ], [ -107.38345, 24.80518 ], [ -107.38216, 24.80398 ], [ -107.37832, 24.80015 ], [ -107.37732, 24.79885 ], [ -107.37597, 24.79677 ], [ -107.37522, 24.79552 ], [ -107.37419, 24.79312 ], [ -107.37165, 24.78742 ], [ -107.37088, 24.78556 ], [ -107.37014, 24.7839 ], [ -107.36832, 24.77986 ], [ -107.37326, 24.77871 ], [ -107.3778, 24.77762 ], [ -107.37763, 24.77667 ], [ -107.37977, 24.77617 ], [ -107.37902, 24.77116 ], [ -107.37821, 24.76603 ], [ -107.37322, 24.76722 ], [ -107.37317, 24.76727 ], [ -107.3717, 24.76754 ], [ -107.37152, 24.76637 ], [ -107.36467, 24.76847 ] ] } },
{ "type": "Feature", "properties": { "city": "Culiacán", "route_name": "Lima_- Seguro Social", "route_name_short": "- Seguro Social", "type": "Bus", "shape_id": "shape_3543" }, "geometry": { "type": "LineString", "coordinates": [ [ -107.37408, 24.76818 ], [ -107.3743, 24.76967 ], [ -107.37452, 24.77112 ], [ -107.37346, 24.77136 ], [ -107.37412, 24.77594 ], [ -107.37303, 24.77619 ], [ -107.37338, 24.77865 ], [ -107.37372, 24.78087 ], [ -107.37409, 24.78348 ], [ -107.37444, 24.78552 ], [ -107.37472, 24.78731 ], [ -107.375, 24.78905 ], [ -107.37532, 24.79121 ], [ -107.37567, 24.79303 ], [ -107.37557, 24.79344 ], [ -107.37444, 24.79309 ], [ -107.37402, 24.79321 ], [ -107.37536, 24.79615 ], [ -107.37646, 24.79787 ], [ -107.37703, 24.79874 ], [ -107.37764, 24.79963 ], [ -107.37838, 24.80047 ], [ -107.38088, 24.80291 ], [ -107.3833, 24.8053 ], [ -107.3835, 24.80573 ], [ -107.38383, 24.80828 ], [ -107.38698, 24.80801 ], [ -107.38986, 24.80773 ], [ -107.3923, 24.80754 ], [ -107.39556, 24.80731 ], [ -107.39568, 24.80857 ], [ -107.39605, 24.81069 ], [ -107.39292, 24.81109 ], [ -107.39111, 24.81125 ], [ -107.39112, 24.81271 ], [ -107.3912, 24.81411 ], [ -107.39144, 24.81547 ], [ -107.39345, 24.81675 ], [ -107.39477, 24.81655 ], [ -107.39592, 24.81634 ], [ -107.39611, 24.81734 ], [ -107.39646, 24.81959 ], [ -107.39638, 24.82108 ], [ -107.39402, 24.82098 ], [ -107.39368, 24.82682 ], [ -107.39336, 24.83241 ], [ -107.38934, 24.83126 ], [ -107.38488, 24.83001 ], [ -107.37859, 24.82824 ], [ -107.37863, 24.82951 ], [ -107.37889, 24.8319 ], [ -107.37919, 24.83559 ], [ -107.3796, 24.83952 ], [ -107.37994, 24.84351 ], [ -107.37949, 24.84355 ], [ -107.37955, 24.8441 ], [ -107.37889, 24.84413 ], [ -107.37902, 24.84591 ], [ -107.37753, 24.84605 ], [ -107.37706, 24.84608 ], [ -107.37666, 24.8462 ], [ -107.37605, 24.84625 ], [ -107.37602, 24.84601 ], [ -107.37546, 24.84606 ], [ -107.37549, 24.84678 ], [ -107.3755, 24.84682 ], [ -107.37611, 24.84675 ], [ -107.37609, 24.84631 ], [ -107.37673, 24.84621 ], [ -107.37708, 24.84612 ], [ -107.37758, 24.84608 ], [ -107.37908, 24.84595 ], [ -107.37893, 24.84416 ], [ -107.37961, 24.84414 ], [ -107.37955, 24.84359 ], [ -107.37998, 24.84354 ], [ -107.37966, 24.83995 ], [ -107.37932, 24.83615 ], [ -107.37898, 24.83247 ], [ -107.37862, 24.82886 ], [ -107.37864, 24.82838 ], [ -107.384, 24.82988 ], [ -107.3891, 24.83132 ], [ -107.39154, 24.83201 ], [ -107.39177, 24.82717 ], [ -107.39196, 24.82251 ], [ -107.3963, 24.82267 ], [ -107.39651, 24.81961 ], [ -107.39598, 24.81633 ], [ -107.39527, 24.81299 ], [ -107.39498, 24.81083 ], [ -107.397, 24.81052 ], [ -107.39661, 24.80868 ], [ -107.39647, 24.80725 ], [ -107.39595, 24.80423 ], [ -107.39541, 24.80097 ], [ -107.39517, 24.79725 ], [ -107.39393, 24.79732 ], [ -107.39382, 24.79739 ], [ -107.39112, 24.79753 ], [ -107.38762, 24.79769 ], [ -107.38715, 24.7977 ], [ -107.3871, 24.79756 ], [ -107.38569, 24.79784 ], [ -107.38612, 24.79969 ], [ -107.38475, 24.79992 ], [ -107.38445, 24.79982 ], [ -107.38402, 24.7998 ], [ -107.37918, 24.80005 ], [ -107.37834, 24.80015 ], [ -107.37792, 24.79967 ], [ -107.37731, 24.79884 ], [ -107.37597, 24.79677 ], [ -107.37521, 24.79551 ], [ -107.37308, 24.7906 ], [ -107.37524, 24.7904 ], [ -107.37408, 24.783 ], [ -107.37308, 24.77621 ], [ -107.37418, 24.77595 ], [ -107.3735, 24.77137 ], [ -107.37458, 24.77114 ], [ -107.3743, 24.76931 ], [ -107.37413, 24.76818 ], [ -107.37408, 24.76819 ] ] } },
{ "type": "Feature", "properties": { "city": "Culiacán", "route_name": "Juntas_Canaco", "route_name_short": "Canaco", "type": "Bus", "shape_id": "shape_3541" }, "geometry": { "type": "LineString", "coordinates": [ [ -107.39612, 24.80874 ], [ -107.3981, 24.80858 ], [ -107.40014, 24.80862 ], [ -107.40102, 24.80862 ], [ -107.40124, 24.80997 ], [ -107.40541, 24.80883 ], [ -107.40488, 24.80686 ], [ -107.40435, 24.80502 ], [ -107.40552, 24.80499 ], [ -107.40562, 24.8051 ], [ -107.40583, 24.80585 ], [ -107.40621, 24.80769 ], [ -107.40638, 24.80801 ], [ -107.41246, 24.81349 ], [ -107.4138, 24.81484 ], [ -107.41485, 24.81579 ], [ -107.41865, 24.81911 ], [ -107.42235, 24.82243 ], [ -107.42294, 24.82307 ], [ -107.42613, 24.82115 ], [ -107.42541, 24.82013 ], [ -107.42492, 24.81965 ], [ -107.42367, 24.81788 ], [ -107.42337, 24.81777 ], [ -107.42143, 24.8151 ], [ -107.41913, 24.81193 ], [ -107.41904, 24.81172 ], [ -107.4189, 24.8115 ], [ -107.41859, 24.81141 ], [ -107.41811, 24.81151 ], [ -107.41647, 24.81194 ], [ -107.41586, 24.81207 ], [ -107.41554, 24.81212 ], [ -107.41524, 24.81212 ], [ -107.415, 24.81205 ], [ -107.41477, 24.8119 ], [ -107.4147, 24.81181 ], [ -107.41464, 24.81166 ], [ -107.41461, 24.81145 ], [ -107.41515, 24.81136 ], [ -107.41534, 24.8113 ], [ -107.41548, 24.81121 ], [ -107.4166, 24.81052 ], [ -107.41756, 24.80986 ], [ -107.4192, 24.80917 ], [ -107.42019, 24.80866 ], [ -107.42028, 24.80862 ], [ -107.4206, 24.80928 ], [ -107.42139, 24.80912 ], [ -107.42125, 24.80865 ], [ -107.42234, 24.80841 ], [ -107.42246, 24.80883 ], [ -107.42234, 24.80841 ], [ -107.42246, 24.80883 ], [ -107.42062, 24.80925 ], [ -107.42031, 24.80858 ], [ -107.42015, 24.80864 ], [ -107.41914, 24.80917 ], [ -107.41756, 24.80982 ], [ -107.41649, 24.81054 ], [ -107.41536, 24.81125 ], [ -107.41457, 24.81143 ], [ -107.4146, 24.81168 ], [ -107.41467, 24.81185 ], [ -107.41481, 24.81197 ], [ -107.41499, 24.81208 ], [ -107.4153, 24.81215 ], [ -107.41551, 24.81215 ], [ -107.41574, 24.81212 ], [ -107.41607, 24.81207 ], [ -107.41648, 24.81198 ], [ -107.41811, 24.81155 ], [ -107.41859, 24.81144 ], [ -107.41889, 24.81152 ], [ -107.41902, 24.81175 ], [ -107.41912, 24.81197 ], [ -107.42148, 24.81525 ], [ -107.42341, 24.81785 ], [ -107.42364, 24.81804 ], [ -107.42483, 24.81972 ], [ -107.42528, 24.82015 ], [ -107.42554, 24.82047 ], [ -107.42603, 24.82117 ], [ -107.42305, 24.82298 ], [ -107.42252, 24.82236 ], [ -107.42027, 24.82043 ], [ -107.41748, 24.81794 ], [ -107.41586, 24.81642 ], [ -107.41388, 24.81468 ], [ -107.41255, 24.8134 ], [ -107.40752, 24.8088 ], [ -107.40642, 24.80785 ], [ -107.40633, 24.80766 ], [ -107.40557, 24.80407 ], [ -107.40547, 24.8039 ], [ -107.40535, 24.80382 ], [ -107.40516, 24.80377 ], [ -107.40495, 24.80381 ], [ -107.40472, 24.80403 ], [ -107.40472, 24.80425 ], [ -107.40484, 24.80445 ], [ -107.40515, 24.80461 ], [ -107.40552, 24.80492 ], [ -107.40561, 24.80514 ], [ -107.40567, 24.80562 ], [ -107.40162, 24.80606 ], [ -107.39831, 24.80633 ], [ -107.39546, 24.80656 ], [ -107.39572, 24.80879 ], [ -107.39607, 24.80875 ] ] } },
{ "type": "Feature", "properties": { "city": "Culiacán", "route_name": "Libertad_- CU", "route_name_short": "- CU", "type": "Bus", "shape_id": "shape_3542" }, "geometry": { "type": "LineString", "coordinates": [ [ -107.41871, 24.78159 ], [ -107.41489, 24.77826 ], [ -107.41222, 24.78083 ], [ -107.41127, 24.78159 ], [ -107.4108, 24.78211 ], [ -107.41069, 24.78216 ], [ -107.41103, 24.78287 ], [ -107.41114, 24.78334 ], [ -107.41113, 24.78377 ], [ -107.41079, 24.7844 ], [ -107.41068, 24.78437 ], [ -107.40942, 24.78521 ], [ -107.40785, 24.78587 ], [ -107.40759, 24.78603 ], [ -107.40753, 24.78611 ], [ -107.40635, 24.78607 ], [ -107.40329, 24.78596 ], [ -107.40042, 24.78584 ], [ -107.40036, 24.78627 ], [ -107.40042, 24.78737 ], [ -107.40052, 24.78929 ], [ -107.39957, 24.78931 ], [ -107.39843, 24.78937 ], [ -107.39621, 24.7895 ], [ -107.39511, 24.78938 ], [ -107.39423, 24.78966 ], [ -107.39367, 24.79061 ], [ -107.39337, 24.79084 ], [ -107.39348, 24.79183 ], [ -107.39357, 24.79198 ], [ -107.39385, 24.79468 ], [ -107.39393, 24.79733 ], [ -107.39381, 24.7974 ], [ -107.39058, 24.79753 ], [ -107.38713, 24.7977 ], [ -107.38659, 24.79542 ], [ -107.38613, 24.79342 ], [ -107.38111, 24.79253 ], [ -107.38067, 24.79255 ], [ -107.38021, 24.79265 ], [ -107.37788, 24.79333 ], [ -107.37667, 24.79355 ], [ -107.37604, 24.79353 ], [ -107.37563, 24.79345 ], [ -107.37445, 24.79307 ], [ -107.37415, 24.79313 ], [ -107.37401, 24.79321 ], [ -107.37535, 24.79612 ], [ -107.37764, 24.79962 ], [ -107.37842, 24.80051 ], [ -107.38071, 24.80283 ], [ -107.3833, 24.80531 ], [ -107.38348, 24.80573 ], [ -107.38383, 24.80828 ], [ -107.38562, 24.80811 ], [ -107.38574, 24.80973 ], [ -107.38596, 24.81126 ], [ -107.38421, 24.8114 ], [ -107.3843, 24.8119 ], [ -107.38103, 24.81194 ], [ -107.38054, 24.81211 ], [ -107.37921, 24.81299 ], [ -107.37825, 24.81355 ], [ -107.37827, 24.81398 ], [ -107.37819, 24.81541 ], [ -107.37866, 24.81723 ], [ -107.37887, 24.8177 ], [ -107.37935, 24.81827 ], [ -107.38004, 24.81887 ], [ -107.38155, 24.81996 ], [ -107.38299, 24.82109 ], [ -107.3834, 24.82194 ], [ -107.38423, 24.82958 ], [ -107.38415, 24.82971 ], [ -107.38401, 24.82977 ], [ -107.37967, 24.82856 ], [ -107.37969, 24.82868 ], [ -107.38448, 24.83003 ], [ -107.38393, 24.82506 ], [ -107.38362, 24.82248 ], [ -107.38349, 24.82178 ], [ -107.38313, 24.82107 ], [ -107.38012, 24.81877 ], [ -107.37914, 24.81766 ], [ -107.379, 24.81742 ], [ -107.37847, 24.8155 ], [ -107.37859, 24.81398 ], [ -107.37848, 24.81357 ], [ -107.38055, 24.81218 ], [ -107.38113, 24.812 ], [ -107.386, 24.81196 ], [ -107.38721, 24.81178 ], [ -107.38707, 24.80964 ], [ -107.3868, 24.80702 ], [ -107.3855, 24.80721 ], [ -107.3837, 24.80733 ], [ -107.38351, 24.80571 ], [ -107.38354, 24.80565 ], [ -107.38339, 24.80511 ], [ -107.38204, 24.80385 ], [ -107.3802, 24.80201 ], [ -107.37834, 24.80015 ], [ -107.37793, 24.79969 ], [ -107.37732, 24.79887 ], [ -107.37648, 24.79758 ], [ -107.37522, 24.79552 ], [ -107.37418, 24.79314 ], [ -107.37443, 24.7931 ], [ -107.3759, 24.79354 ], [ -107.37632, 24.79359 ], [ -107.37675, 24.79357 ], [ -107.37787, 24.79336 ], [ -107.38023, 24.79268 ], [ -107.38068, 24.79258 ], [ -107.38122, 24.79257 ], [ -107.38188, 24.79276 ], [ -107.38682, 24.79363 ], [ -107.38842, 24.79343 ], [ -107.39007, 24.79309 ], [ -107.39026, 24.7932 ], [ -107.39063, 24.7955 ], [ -107.39096, 24.79761 ], [ -107.39396, 24.7975 ], [ -107.3938, 24.79459 ], [ -107.3936, 24.79196 ], [ -107.39367, 24.79181 ], [ -107.39371, 24.79084 ], [ -107.39419, 24.7899 ], [ -107.39432, 24.78976 ], [ -107.39449, 24.78966 ], [ -107.39512, 24.78959 ], [ -107.39616, 24.78957 ], [ -107.39626, 24.78952 ], [ -107.39846, 24.78941 ], [ -107.40056, 24.78933 ], [ -107.40041, 24.78627 ], [ -107.4053, 24.78644 ], [ -107.41027, 24.78661 ], [ -107.41026, 24.78619 ], [ -107.41041, 24.78529 ], [ -107.41116, 24.78379 ], [ -107.41117, 24.78337 ], [ -107.41111, 24.78297 ], [ -107.41075, 24.78217 ], [ -107.41142, 24.78254 ], [ -107.41194, 24.7827 ], [ -107.41327, 24.78305 ], [ -107.41341, 24.78259 ], [ -107.4164, 24.77963 ], [ -107.4187, 24.78161 ], [ -107.41871, 24.78159 ] ] } },
{ "type": "Feature", "properties": { "city": "Culiacán", "route_name": "Loma_de Rodriguera", "route_name_short": "de Rodriguera", "type": "Bus", "shape_id": "shape_3544" }, "geometry": { "type": "LineString", "coordinates": [ [ -107.36884, 24.87589 ], [ -107.36886, 24.87593 ], [ -107.36937, 24.87585 ], [ -107.36968, 24.87587 ], [ -107.36987, 24.8759 ], [ -107.3701, 24.87601 ], [ -107.37072, 24.87644 ], [ -107.37112, 24.87668 ], [ -107.37136, 24.87677 ], [ -107.37172, 24.87679 ], [ -107.37209, 24.87672 ], [ -107.37383, 24.87632 ], [ -107.37621, 24.87579 ], [ -107.37703, 24.87554 ], [ -107.37795, 24.87519 ], [ -107.37971, 24.87453 ], [ -107.3815, 24.87385 ], [ -107.38492, 24.87253 ], [ -107.38587, 24.87195 ], [ -107.38664, 24.87145 ], [ -107.38689, 24.87138 ], [ -107.38714, 24.87135 ], [ -107.38906, 24.87121 ], [ -107.39353, 24.8705 ], [ -107.39332, 24.86871 ], [ -107.39335, 24.8674 ], [ -107.39324, 24.86486 ], [ -107.39358, 24.85752 ], [ -107.3938, 24.85289 ], [ -107.39407, 24.84737 ], [ -107.39439, 24.84113 ], [ -107.39443, 24.84024 ], [ -107.39455, 24.8371 ], [ -107.39473, 24.83398 ], [ -107.39487, 24.8332 ], [ -107.39501, 24.83247 ], [ -107.39539, 24.83102 ], [ -107.39596, 24.8281 ], [ -107.3961, 24.82704 ], [ -107.39629, 24.82426 ], [ -107.39639, 24.82204 ], [ -107.39652, 24.81984 ], [ -107.39648, 24.81944 ], [ -107.39602, 24.81664 ], [ -107.39546, 24.81388 ], [ -107.39521, 24.8124 ], [ -107.3951, 24.81148 ], [ -107.39498, 24.8108 ], [ -107.39698, 24.81053 ], [ -107.3968, 24.80964 ], [ -107.39678, 24.80959 ], [ -107.39479, 24.80989 ], [ -107.39504, 24.81141 ], [ -107.39517, 24.81247 ], [ -107.39551, 24.81435 ], [ -107.39635, 24.81883 ], [ -107.39644, 24.81942 ], [ -107.39647, 24.81985 ], [ -107.39612, 24.826 ], [ -107.39606, 24.82704 ], [ -107.39591, 24.8281 ], [ -107.39541, 24.83066 ], [ -107.39486, 24.83298 ], [ -107.39468, 24.83395 ], [ -107.39462, 24.8349 ], [ -107.39435, 24.84117 ], [ -107.3942, 24.84408 ], [ -107.39404, 24.84719 ], [ -107.39387, 24.85059 ], [ -107.39372, 24.854 ], [ -107.39344, 24.85934 ], [ -107.39316, 24.86497 ], [ -107.39325, 24.86594 ], [ -107.39329, 24.86741 ], [ -107.39322, 24.8682 ], [ -107.39325, 24.86875 ], [ -107.39349, 24.87055 ], [ -107.39278, 24.87065 ], [ -107.39219, 24.87089 ], [ -107.3883, 24.87123 ], [ -107.38713, 24.87131 ], [ -107.38684, 24.87137 ], [ -107.38664, 24.87142 ], [ -107.3849, 24.8725 ], [ -107.38364, 24.87301 ], [ -107.38258, 24.87338 ], [ -107.37749, 24.87534 ], [ -107.37681, 24.87557 ], [ -107.37605, 24.87579 ], [ -107.37378, 24.8763 ], [ -107.37204, 24.8767 ], [ -107.37172, 24.87676 ], [ -107.37141, 24.87675 ], [ -107.37117, 24.87667 ], [ -107.37075, 24.87642 ], [ -107.37014, 24.876 ], [ -107.36988, 24.87587 ], [ -107.36968, 24.87584 ], [ -107.36938, 24.87582 ], [ -107.36885, 24.8759 ] ] } },
{ "type": "Feature", "properties": { "city": "Culiacán", "route_name": "Loma_de Rodriguera - Alameda", "route_name_short": "de Rodriguera - Alameda", "type": "Bus", "shape_id": "shape_3545" }, "geometry": { "type": "LineString", "coordinates": [ [ -107.38609, 24.86764 ], [ -107.38652, 24.86752 ], [ -107.38629, 24.86603 ], [ -107.38736, 24.86594 ], [ -107.38839, 24.86581 ], [ -107.38856, 24.86576 ], [ -107.38879, 24.86565 ], [ -107.38894, 24.86553 ], [ -107.38901, 24.86541 ], [ -107.38911, 24.86519 ], [ -107.38923, 24.86457 ], [ -107.38936, 24.86193 ], [ -107.38946, 24.85914 ], [ -107.38947, 24.8584 ], [ -107.38966, 24.85752 ], [ -107.39081, 24.85775 ], [ -107.39117, 24.8578 ], [ -107.39171, 24.85785 ], [ -107.39355, 24.85819 ], [ -107.39362, 24.85708 ], [ -107.39371, 24.85511 ], [ -107.39381, 24.85291 ], [ -107.39391, 24.85055 ], [ -107.39397, 24.84961 ], [ -107.394, 24.84897 ], [ -107.39404, 24.84805 ], [ -107.39415, 24.84601 ], [ -107.3942, 24.84484 ], [ -107.39429, 24.84314 ], [ -107.39439, 24.84118 ], [ -107.39442, 24.84018 ], [ -107.39445, 24.83997 ], [ -107.39449, 24.83907 ], [ -107.39458, 24.83683 ], [ -107.39464, 24.83557 ], [ -107.39474, 24.83395 ], [ -107.39492, 24.83286 ], [ -107.3953, 24.83132 ], [ -107.39552, 24.83032 ], [ -107.39574, 24.82927 ], [ -107.39595, 24.8281 ], [ -107.39613, 24.82706 ], [ -107.39629, 24.82425 ], [ -107.39641, 24.82168 ], [ -107.39642, 24.8211 ], [ -107.3965, 24.81984 ], [ -107.39648, 24.81946 ], [ -107.39642, 24.81904 ], [ -107.39608, 24.817 ], [ -107.39578, 24.81543 ], [ -107.39548, 24.81391 ], [ -107.39524, 24.8126 ], [ -107.39498, 24.81083 ], [ -107.39607, 24.81067 ], [ -107.39698, 24.81052 ], [ -107.3968, 24.80959 ], [ -107.3965, 24.80963 ], [ -107.39646, 24.80964 ], [ -107.39481, 24.80988 ], [ -107.39512, 24.81202 ], [ -107.39544, 24.81399 ], [ -107.39569, 24.81523 ], [ -107.39593, 24.81643 ], [ -107.39627, 24.81834 ], [ -107.39639, 24.81906 ], [ -107.39645, 24.81951 ], [ -107.39646, 24.81983 ], [ -107.39638, 24.8211 ], [ -107.39637, 24.8217 ], [ -107.39624, 24.82426 ], [ -107.3961, 24.82603 ], [ -107.39607, 24.82705 ], [ -107.3959, 24.82812 ], [ -107.39546, 24.83031 ], [ -107.39524, 24.83133 ], [ -107.39486, 24.83295 ], [ -107.39468, 24.83396 ], [ -107.39459, 24.8356 ], [ -107.39455, 24.83668 ], [ -107.39451, 24.83722 ], [ -107.39446, 24.83822 ], [ -107.39444, 24.83922 ], [ -107.39438, 24.84018 ], [ -107.39429, 24.8422 ], [ -107.3942, 24.84413 ], [ -107.3941, 24.84604 ], [ -107.39403, 24.84732 ], [ -107.39397, 24.84843 ], [ -107.39397, 24.84901 ], [ -107.39384, 24.85105 ], [ -107.39375, 24.85295 ], [ -107.39362, 24.85608 ], [ -107.39351, 24.85813 ], [ -107.39168, 24.85781 ], [ -107.39126, 24.85777 ], [ -107.39085, 24.85772 ], [ -107.38961, 24.85748 ], [ -107.38955, 24.85778 ], [ -107.38943, 24.85841 ], [ -107.38939, 24.86008 ], [ -107.38935, 24.8611 ], [ -107.38927, 24.86254 ], [ -107.38924, 24.86295 ], [ -107.3892, 24.86383 ], [ -107.38916, 24.86456 ], [ -107.3891, 24.86487 ], [ -107.38905, 24.86521 ], [ -107.38897, 24.86537 ], [ -107.38884, 24.86554 ], [ -107.38876, 24.86561 ], [ -107.38856, 24.86572 ], [ -107.38832, 24.86577 ], [ -107.38779, 24.86584 ], [ -107.38731, 24.8659 ], [ -107.38625, 24.86599 ], [ -107.38582, 24.86602 ], [ -107.38609, 24.86764 ] ] } },
{ "type": "Feature", "properties": { "city": "Culiacán", "route_name": "Lombardo_Toledano", "route_name_short": "Toledano", "type": "Bus", "shape_id": "shape_3546" }, "geometry": { "type": "LineString", "coordinates": [ [ -107.39006, 24.84789 ], [ -107.39004, 24.84814 ], [ -107.3898, 24.84902 ], [ -107.3895, 24.8498 ], [ -107.39135, 24.85021 ], [ -107.39152, 24.84672 ], [ -107.39127, 24.84673 ], [ -107.39126, 24.84656 ], [ -107.39137, 24.84443 ], [ -107.39142, 24.8431 ], [ -107.39147, 24.84206 ], [ -107.39093, 24.84206 ], [ -107.39093, 24.84002 ], [ -107.39094, 24.83904 ], [ -107.39126, 24.83578 ], [ -107.39156, 24.83238 ], [ -107.39187, 24.82407 ], [ -107.39207, 24.81996 ], [ -107.39498, 24.81955 ], [ -107.39501, 24.81931 ], [ -107.39641, 24.81902 ], [ -107.39545, 24.8138 ], [ -107.39465, 24.80893 ], [ -107.39608, 24.80875 ], [ -107.39613, 24.80874 ], [ -107.39738, 24.80859 ], [ -107.40104, 24.80866 ], [ -107.40113, 24.80948 ], [ -107.40135, 24.80969 ], [ -107.40184, 24.80972 ], [ -107.40197, 24.80978 ], [ -107.40205, 24.80989 ], [ -107.40266, 24.81419 ], [ -107.40265, 24.81456 ], [ -107.40252, 24.81542 ], [ -107.40226, 24.81625 ], [ -107.40051, 24.82087 ], [ -107.39994, 24.82255 ], [ -107.39988, 24.82298 ], [ -107.39977, 24.82719 ], [ -107.3997, 24.8278 ], [ -107.39926, 24.82948 ], [ -107.39902, 24.83006 ], [ -107.39889, 24.83061 ], [ -107.39889, 24.83115 ], [ -107.39896, 24.83161 ], [ -107.39914, 24.83211 ], [ -107.39987, 24.8335 ], [ -107.40002, 24.83388 ], [ -107.40091, 24.83554 ], [ -107.40045, 24.83564 ], [ -107.39701, 24.83561 ], [ -107.39575, 24.83552 ], [ -107.39461, 24.83558 ], [ -107.39467, 24.83398 ], [ -107.39488, 24.83291 ], [ -107.39857, 24.83408 ], [ -107.39931, 24.83414 ], [ -107.40008, 24.83399 ], [ -107.40025, 24.83394 ], [ -107.4002, 24.83384 ], [ -107.39912, 24.83158 ], [ -107.39904, 24.83111 ], [ -107.39911, 24.83055 ], [ -107.39989, 24.8278 ], [ -107.39996, 24.82703 ], [ -107.40006, 24.823 ], [ -107.40028, 24.82196 ], [ -107.40224, 24.81678 ], [ -107.40268, 24.81545 ], [ -107.40281, 24.81469 ], [ -107.40182, 24.80738 ], [ -107.40097, 24.80746 ], [ -107.40101, 24.80863 ], [ -107.40108, 24.8091 ], [ -107.39679, 24.80959 ], [ -107.39092, 24.8105 ], [ -107.39116, 24.81149 ], [ -107.3911, 24.81234 ], [ -107.39123, 24.81427 ], [ -107.39167, 24.817 ], [ -107.39349, 24.81673 ], [ -107.3939, 24.81913 ], [ -107.39404, 24.82046 ], [ -107.39401, 24.82098 ], [ -107.39335, 24.83243 ], [ -107.39154, 24.83185 ], [ -107.39116, 24.83641 ], [ -107.3911, 24.83706 ], [ -107.39104, 24.83768 ], [ -107.39091, 24.83905 ], [ -107.3909, 24.84002 ], [ -107.3909, 24.8421 ], [ -107.39145, 24.84209 ], [ -107.3914, 24.84307 ], [ -107.39134, 24.84444 ], [ -107.39121, 24.84673 ], [ -107.39105, 24.84675 ], [ -107.39084, 24.84672 ], [ -107.39078, 24.8477 ], [ -107.3901, 24.84755 ], [ -107.39007, 24.84789 ] ] } },
{ "type": "Feature", "properties": { "city": "Culiacán", "route_name": "Lomita_- Cañadas C.U.", "route_name_short": "- Cañadas C.U.", "type": "Bus", "shape_id": "shape_3507" }, "geometry": { "type": "LineString", "coordinates": [ [ -107.36875, 24.80213 ], [ -107.36775, 24.80471 ], [ -107.36623, 24.80426 ], [ -107.36674, 24.80728 ], [ -107.3665, 24.80862 ], [ -107.3662, 24.80979 ], [ -107.36611, 24.81055 ], [ -107.36584, 24.81083 ], [ -107.36578, 24.81116 ], [ -107.36579, 24.81132 ], [ -107.366, 24.81174 ], [ -107.36742, 24.81418 ], [ -107.36835, 24.81601 ], [ -107.36886, 24.8169 ], [ -107.36888, 24.81724 ], [ -107.36855, 24.81898 ], [ -107.368, 24.82095 ], [ -107.36797, 24.82123 ], [ -107.36806, 24.82183 ], [ -107.36846, 24.82241 ], [ -107.36882, 24.8227 ], [ -107.37235, 24.82451 ], [ -107.37283, 24.8248 ], [ -107.37354, 24.82546 ], [ -107.37537, 24.82732 ], [ -107.3767, 24.82779 ], [ -107.3786, 24.82838 ], [ -107.3817, 24.82924 ], [ -107.38513, 24.83021 ], [ -107.38968, 24.83146 ], [ -107.39317, 24.83246 ], [ -107.3949, 24.83298 ], [ -107.39547, 24.83053 ], [ -107.39594, 24.8281 ], [ -107.39615, 24.826 ], [ -107.39636, 24.82172 ], [ -107.3965, 24.81985 ], [ -107.3963, 24.8183 ], [ -107.39543, 24.81378 ], [ -107.39509, 24.8112 ], [ -107.39449, 24.80801 ], [ -107.39432, 24.80479 ], [ -107.39423, 24.80244 ], [ -107.39413, 24.80013 ], [ -107.39396, 24.79759 ], [ -107.3938, 24.79464 ], [ -107.39359, 24.79197 ], [ -107.39368, 24.79181 ], [ -107.39371, 24.79084 ], [ -107.39422, 24.78986 ], [ -107.39452, 24.78964 ], [ -107.39543, 24.78958 ], [ -107.39574, 24.78923 ], [ -107.39575, 24.78879 ], [ -107.39443, 24.78554 ], [ -107.39445, 24.7852 ], [ -107.39452, 24.78505 ], [ -107.39601, 24.78407 ], [ -107.39619, 24.78377 ], [ -107.39619, 24.78361 ], [ -107.39611, 24.78332 ], [ -107.39565, 24.78232 ], [ -107.39522, 24.78185 ], [ -107.39537, 24.78185 ], [ -107.39676, 24.78262 ], [ -107.39808, 24.783 ], [ -107.39953, 24.7828 ], [ -107.40088, 24.78337 ], [ -107.40093, 24.78329 ], [ -107.39932, 24.78255 ], [ -107.39878, 24.78253 ], [ -107.3999, 24.78165 ], [ -107.39992, 24.78148 ], [ -107.39987, 24.78118 ], [ -107.40005, 24.78091 ], [ -107.40015, 24.78086 ], [ -107.40068, 24.78085 ], [ -107.40164, 24.77998 ], [ -107.40168, 24.77962 ], [ -107.40333, 24.77971 ], [ -107.40336, 24.77857 ], [ -107.40465, 24.77762 ], [ -107.40468, 24.77755 ], [ -107.40747, 24.77695 ], [ -107.40903, 24.77833 ], [ -107.40919, 24.77818 ], [ -107.40771, 24.77687 ], [ -107.40628, 24.77715 ], [ -107.40484, 24.77752 ], [ -107.40467, 24.77751 ], [ -107.40333, 24.77855 ], [ -107.40328, 24.77967 ], [ -107.40165, 24.77959 ], [ -107.4016, 24.77998 ], [ -107.40067, 24.78082 ], [ -107.40037, 24.78081 ], [ -107.40012, 24.78083 ], [ -107.40002, 24.78089 ], [ -107.39988, 24.78105 ], [ -107.39984, 24.7812 ], [ -107.3999, 24.78147 ], [ -107.39987, 24.78163 ], [ -107.39873, 24.78253 ], [ -107.39682, 24.78251 ], [ -107.39654, 24.78247 ], [ -107.39537, 24.78182 ], [ -107.39523, 24.78181 ], [ -107.39509, 24.7819 ], [ -107.39558, 24.78244 ], [ -107.39602, 24.78343 ], [ -107.39606, 24.7838 ], [ -107.39592, 24.78396 ], [ -107.39451, 24.78489 ], [ -107.39437, 24.78504 ], [ -107.39429, 24.78546 ], [ -107.39492, 24.78712 ], [ -107.3955, 24.78876 ], [ -107.39554, 24.78905 ], [ -107.39537, 24.78929 ], [ -107.39522, 24.78938 ], [ -107.39469, 24.7895 ], [ -107.39424, 24.78967 ], [ -107.39369, 24.79058 ], [ -107.39355, 24.79073 ], [ -107.39337, 24.79083 ], [ -107.39346, 24.7917 ], [ -107.39284, 24.79183 ], [ -107.39228, 24.79201 ], [ -107.39104, 24.7927 ], [ -107.39021, 24.79301 ], [ -107.39035, 24.7939 ], [ -107.39088, 24.79728 ], [ -107.39115, 24.79864 ], [ -107.39163, 24.80119 ], [ -107.39151, 24.80238 ], [ -107.39195, 24.80517 ], [ -107.39218, 24.8069 ], [ -107.39251, 24.80861 ], [ -107.39276, 24.81021 ], [ -107.39091, 24.81056 ], [ -107.39111, 24.8113 ], [ -107.39112, 24.81193 ], [ -107.39114, 24.81356 ], [ -107.39143, 24.81545 ], [ -107.39348, 24.81677 ], [ -107.39364, 24.81753 ], [ -107.39407, 24.82044 ], [ -107.39387, 24.82344 ], [ -107.39365, 24.82726 ], [ -107.39351, 24.82996 ], [ -107.39337, 24.83245 ], [ -107.3896, 24.83132 ], [ -107.38477, 24.82999 ], [ -107.38142, 24.82906 ], [ -107.37769, 24.82799 ], [ -107.37576, 24.82735 ], [ -107.37524, 24.82707 ], [ -107.37292, 24.82472 ], [ -107.36899, 24.82264 ], [ -107.36845, 24.82218 ], [ -107.36819, 24.82166 ], [ -107.36817, 24.82101 ], [ -107.36892, 24.81799 ], [ -107.36908, 24.81711 ], [ -107.36905, 24.81695 ], [ -107.36876, 24.81633 ], [ -107.36758, 24.81403 ], [ -107.36606, 24.81147 ], [ -107.366, 24.81123 ], [ -107.36605, 24.811 ], [ -107.36624, 24.81073 ], [ -107.3663, 24.80981 ], [ -107.36675, 24.80803 ], [ -107.36688, 24.80721 ], [ -107.36667, 24.80628 ], [ -107.36594, 24.8017 ], [ -107.36589, 24.8012 ], [ -107.36872, 24.80212 ] ] } },
{ "type": "Feature", "properties": { "city": "Culiacán", "route_name": "Margarita_", "route_name_short": "", "type": "Bus", "shape_id": "shape_3549" }, "geometry": { "type": "LineString", "coordinates": [ [ -107.36514, 24.7669 ], [ -107.36563, 24.76823 ], [ -107.3715, 24.76644 ], [ -107.37178, 24.76817 ], [ -107.37206, 24.7699 ], [ -107.37269, 24.7739 ], [ -107.37304, 24.77618 ], [ -107.3734, 24.77866 ], [ -107.37356, 24.77975 ], [ -107.37376, 24.78111 ], [ -107.37408, 24.78321 ], [ -107.37424, 24.78434 ], [ -107.37453, 24.78623 ], [ -107.37482, 24.78797 ], [ -107.37505, 24.78946 ], [ -107.37529, 24.79109 ], [ -107.37564, 24.79303 ], [ -107.37559, 24.79337 ], [ -107.37562, 24.79348 ], [ -107.37585, 24.79354 ], [ -107.3763, 24.79358 ], [ -107.37653, 24.79358 ], [ -107.37689, 24.79355 ], [ -107.37718, 24.7935 ], [ -107.37773, 24.79338 ], [ -107.37787, 24.79336 ], [ -107.37969, 24.79284 ], [ -107.38023, 24.79269 ], [ -107.38069, 24.79258 ], [ -107.38126, 24.79256 ], [ -107.38148, 24.79261 ], [ -107.38162, 24.79266 ], [ -107.38164, 24.7927 ], [ -107.38193, 24.79277 ], [ -107.38298, 24.79297 ], [ -107.3839, 24.79314 ], [ -107.3848, 24.7933 ], [ -107.38606, 24.79353 ], [ -107.38664, 24.79363 ], [ -107.3869, 24.79364 ], [ -107.38704, 24.79363 ], [ -107.38805, 24.79349 ], [ -107.38842, 24.79343 ], [ -107.38987, 24.79314 ], [ -107.39006, 24.7931 ], [ -107.39016, 24.79313 ], [ -107.39026, 24.79321 ], [ -107.39033, 24.79381 ], [ -107.39043, 24.79448 ], [ -107.39061, 24.79561 ], [ -107.39084, 24.79695 ], [ -107.39096, 24.79764 ], [ -107.39114, 24.79869 ], [ -107.39128, 24.79938 ], [ -107.39146, 24.80024 ], [ -107.39162, 24.80117 ], [ -107.39163, 24.80131 ], [ -107.39152, 24.80249 ], [ -107.392, 24.8055 ], [ -107.3925, 24.80856 ], [ -107.39273, 24.81022 ], [ -107.39094, 24.81054 ], [ -107.38916, 24.81085 ], [ -107.38715, 24.8111 ], [ -107.3859, 24.81128 ], [ -107.38422, 24.81139 ], [ -107.38431, 24.81194 ], [ -107.38262, 24.81192 ], [ -107.38106, 24.81193 ], [ -107.38082, 24.81201 ], [ -107.38051, 24.81213 ], [ -107.37961, 24.81274 ], [ -107.37842, 24.81348 ], [ -107.37826, 24.81355 ], [ -107.37828, 24.81394 ], [ -107.37822, 24.81498 ], [ -107.3782, 24.81541 ], [ -107.37852, 24.81662 ], [ -107.37866, 24.81725 ], [ -107.37882, 24.81763 ], [ -107.379, 24.81786 ], [ -107.37936, 24.81829 ], [ -107.37973, 24.81863 ], [ -107.38028, 24.81902 ], [ -107.38168, 24.82005 ], [ -107.383, 24.8211 ], [ -107.38324, 24.82152 ], [ -107.38341, 24.82196 ], [ -107.38399, 24.82718 ], [ -107.38425, 24.82959 ], [ -107.38416, 24.8297 ], [ -107.38403, 24.82978 ], [ -107.37966, 24.82855 ], [ -107.37967, 24.82867 ], [ -107.38133, 24.82912 ], [ -107.38449, 24.83002 ], [ -107.38439, 24.82917 ], [ -107.384, 24.82556 ], [ -107.38361, 24.82235 ], [ -107.38355, 24.82194 ], [ -107.38335, 24.82141 ], [ -107.38316, 24.82109 ], [ -107.38021, 24.81883 ], [ -107.37917, 24.81769 ], [ -107.379, 24.81741 ], [ -107.37849, 24.81554 ], [ -107.37852, 24.81454 ], [ -107.37859, 24.81404 ], [ -107.37848, 24.81357 ], [ -107.38058, 24.81218 ], [ -107.38097, 24.81202 ], [ -107.38127, 24.81199 ], [ -107.383, 24.812 ], [ -107.38451, 24.81196 ], [ -107.38593, 24.81194 ], [ -107.38902, 24.8115 ], [ -107.39208, 24.81117 ], [ -107.39501, 24.81087 ], [ -107.39462, 24.80891 ], [ -107.39451, 24.80799 ], [ -107.39433, 24.80454 ], [ -107.3943, 24.80379 ], [ -107.39587, 24.8037 ], [ -107.39555, 24.80174 ], [ -107.39153, 24.80249 ], [ -107.39004, 24.80278 ], [ -107.38839, 24.80307 ], [ -107.38742, 24.79884 ], [ -107.38699, 24.79701 ], [ -107.38615, 24.79362 ], [ -107.38613, 24.79341 ], [ -107.38528, 24.79329 ], [ -107.38341, 24.79295 ], [ -107.38168, 24.79263 ], [ -107.3816, 24.79264 ], [ -107.38141, 24.79256 ], [ -107.38119, 24.79253 ], [ -107.38065, 24.79256 ], [ -107.37955, 24.79283 ], [ -107.37775, 24.79333 ], [ -107.37704, 24.79351 ], [ -107.37649, 24.79355 ], [ -107.37611, 24.79353 ], [ -107.37566, 24.79346 ], [ -107.37563, 24.79336 ], [ -107.37569, 24.79318 ], [ -107.37569, 24.79297 ], [ -107.3755, 24.79206 ], [ -107.37533, 24.79102 ], [ -107.37508, 24.78939 ], [ -107.37475, 24.78731 ], [ -107.3745, 24.78569 ], [ -107.37424, 24.78403 ], [ -107.37408, 24.78299 ], [ -107.37367, 24.78028 ], [ -107.37343, 24.77866 ], [ -107.37329, 24.77762 ], [ -107.37308, 24.77616 ], [ -107.3729, 24.775 ], [ -107.37261, 24.77318 ], [ -107.37237, 24.77153 ], [ -107.3721, 24.76986 ], [ -107.37172, 24.76753 ], [ -107.37153, 24.76636 ], [ -107.3699, 24.76687 ], [ -107.36772, 24.76753 ], [ -107.36613, 24.76804 ], [ -107.36565, 24.76818 ], [ -107.36518, 24.76687 ] ] } },
{ "type": "Feature", "properties": { "city": "Culiacán", "route_name": "Mandarina_", "route_name_short": "", "type": "Bus", "shape_id": "shape_3548" }, "geometry": { "type": "LineString", "coordinates": [ [ -107.43232, 24.76526 ], [ -107.43473, 24.76423 ], [ -107.43581, 24.7639 ], [ -107.43764, 24.76452 ], [ -107.43614, 24.76085 ], [ -107.43389, 24.76161 ], [ -107.43324, 24.75957 ], [ -107.4303, 24.76063 ], [ -107.43007, 24.76076 ], [ -107.42891, 24.76103 ], [ -107.4326, 24.7699 ], [ -107.4313, 24.77111 ], [ -107.43186, 24.7713 ], [ -107.43095, 24.77377 ], [ -107.43084, 24.77384 ], [ -107.42922, 24.77814 ], [ -107.42709, 24.78347 ], [ -107.42394, 24.78655 ], [ -107.42342, 24.787 ], [ -107.42288, 24.78737 ], [ -107.4219, 24.78644 ], [ -107.42136, 24.78614 ], [ -107.42055, 24.78587 ], [ -107.41825, 24.78572 ], [ -107.41781, 24.78558 ], [ -107.41729, 24.7853 ], [ -107.41638, 24.78457 ], [ -107.41527, 24.78344 ], [ -107.41512, 24.78378 ], [ -107.4151, 24.78452 ], [ -107.41494, 24.78485 ], [ -107.41467, 24.7851 ], [ -107.41396, 24.78544 ], [ -107.41361, 24.78573 ], [ -107.41343, 24.78602 ], [ -107.41334, 24.78629 ], [ -107.40565, 24.78607 ], [ -107.40039, 24.78586 ], [ -107.40051, 24.78853 ], [ -107.40049, 24.78927 ], [ -107.39619, 24.78947 ], [ -107.39513, 24.78937 ], [ -107.39423, 24.78965 ], [ -107.39366, 24.79062 ], [ -107.39337, 24.79083 ], [ -107.39348, 24.79182 ], [ -107.39299, 24.79178 ], [ -107.39239, 24.79197 ], [ -107.39127, 24.7926 ], [ -107.39028, 24.79297 ], [ -107.39021, 24.7932 ], [ -107.39073, 24.79647 ], [ -107.3916, 24.80118 ], [ -107.39147, 24.80234 ], [ -107.39161, 24.80296 ], [ -107.39175, 24.80393 ], [ -107.39506, 24.80375 ], [ -107.39542, 24.80553 ], [ -107.39555, 24.8073 ], [ -107.39648, 24.80725 ], [ -107.43389, 24.76161 ], [ -107.43614, 24.76085 ], [ -107.43764, 24.76452 ], [ -107.43581, 24.7639 ], [ -107.43473, 24.76423 ], [ -107.43232, 24.76526 ], [ -107.43233, 24.76532 ], [ -107.43236, 24.76542 ], [ -107.43101, 24.76591 ], [ -107.43268, 24.76986 ], [ -107.43139, 24.7711 ], [ -107.43195, 24.77128 ], [ -107.43099, 24.77381 ], [ -107.43088, 24.77388 ], [ -107.4293, 24.7781 ], [ -107.42718, 24.78343 ], [ -107.42556, 24.78502 ], [ -107.42283, 24.78746 ], [ -107.42182, 24.78652 ], [ -107.42102, 24.78614 ], [ -107.42021, 24.78594 ], [ -107.41836, 24.78582 ], [ -107.41758, 24.78559 ], [ -107.4174, 24.78569 ], [ -107.41736, 24.78587 ], [ -107.4173, 24.78685 ], [ -107.40046, 24.78625 ], [ -107.40058, 24.78931 ], [ -107.39625, 24.78951 ], [ -107.39615, 24.78956 ], [ -107.3945, 24.78965 ], [ -107.39422, 24.78982 ], [ -107.3937, 24.79083 ], [ -107.39367, 24.7918 ], [ -107.39359, 24.792 ], [ -107.39395, 24.79749 ], [ -107.39277, 24.79751 ], [ -107.39302, 24.80225 ], [ -107.39554, 24.80176 ], [ -107.39648, 24.80725 ] ] } },
{ "type": "Feature", "properties": { "city": "Culiacán", "route_name": "Lomita_- Vallado", "route_name_short": "- Vallado", "type": "Bus", "shape_id": "shape_3547" }, "geometry": { "type": "LineString", "coordinates": [ [ -107.39662, 24.80868 ], [ -107.39742, 24.80861 ], [ -107.3981, 24.80859 ], [ -107.40012, 24.80862 ], [ -107.40002, 24.80697 ], [ -107.40262, 24.80677 ], [ -107.40213, 24.80447 ], [ -107.4017, 24.80237 ], [ -107.40256, 24.80227 ], [ -107.40211, 24.79983 ], [ -107.40171, 24.79786 ], [ -107.40445, 24.7977 ], [ -107.40462, 24.79573 ], [ -107.40592, 24.79529 ], [ -107.40788, 24.79453 ], [ -107.41082, 24.79335 ], [ -107.41153, 24.7932 ], [ -107.41295, 24.7931 ], [ -107.41281, 24.79287 ], [ -107.4128, 24.79274 ], [ -107.4117, 24.78998 ], [ -107.4136, 24.78929 ], [ -107.41377, 24.78932 ], [ -107.41471, 24.78776 ], [ -107.41802, 24.78937 ], [ -107.42004, 24.78593 ], [ -107.42045, 24.78597 ], [ -107.42104, 24.78614 ], [ -107.42159, 24.78636 ], [ -107.42196, 24.78663 ], [ -107.42279, 24.78748 ], [ -107.42403, 24.78647 ], [ -107.42401, 24.78637 ], [ -107.424, 24.78624 ], [ -107.42463, 24.78471 ], [ -107.42374, 24.78439 ], [ -107.42412, 24.78348 ], [ -107.41976, 24.78202 ], [ -107.42272, 24.77922 ], [ -107.42594, 24.77616 ], [ -107.42794, 24.77435 ], [ -107.42898, 24.77336 ], [ -107.43048, 24.77193 ], [ -107.43136, 24.77112 ], [ -107.435, 24.77222 ], [ -107.43559, 24.77063 ], [ -107.43538, 24.77016 ], [ -107.4347, 24.76869 ], [ -107.43431, 24.76793 ], [ -107.43419, 24.76782 ], [ -107.43343, 24.76754 ], [ -107.43322, 24.76735 ], [ -107.43035, 24.76075 ], [ -107.4333, 24.75973 ], [ -107.43299, 24.75873 ], [ -107.43509, 24.75807 ], [ -107.43514, 24.75816 ], [ -107.43782, 24.75799 ], [ -107.43775, 24.75654 ], [ -107.43762, 24.75502 ], [ -107.43697, 24.75327 ], [ -107.43764, 24.75323 ], [ -107.43763, 24.75299 ], [ -107.43732, 24.75214 ], [ -107.43446, 24.74484 ], [ -107.43234, 24.745 ], [ -107.43234, 24.745 ], [ -107.43257, 24.74573 ], [ -107.43471, 24.74861 ], [ -107.43614, 24.75219 ], [ -107.4364, 24.75305 ], [ -107.43537, 24.75311 ], [ -107.43545, 24.75334 ], [ -107.43611, 24.75488 ], [ -107.43612, 24.7552 ], [ -107.43436, 24.75535 ], [ -107.43412, 24.75542 ], [ -107.43509, 24.75807 ], [ -107.43299, 24.75873 ], [ -107.43325, 24.75964 ], [ -107.43016, 24.76072 ], [ -107.4316, 24.76414 ], [ -107.43303, 24.76732 ], [ -107.43314, 24.7675 ], [ -107.43345, 24.76765 ], [ -107.43402, 24.76786 ], [ -107.43426, 24.76802 ], [ -107.43468, 24.76882 ], [ -107.4355, 24.77066 ], [ -107.43498, 24.77217 ], [ -107.43132, 24.77108 ], [ -107.42861, 24.77365 ], [ -107.42601, 24.77605 ], [ -107.42279, 24.77908 ], [ -107.41967, 24.78204 ], [ -107.42405, 24.7835 ], [ -107.42368, 24.78444 ], [ -107.42456, 24.78473 ], [ -107.42395, 24.78628 ], [ -107.42396, 24.78647 ], [ -107.42288, 24.78736 ], [ -107.42202, 24.78658 ], [ -107.42187, 24.78642 ], [ -107.42165, 24.78631 ], [ -107.42126, 24.78612 ], [ -107.42084, 24.78599 ], [ -107.42044, 24.78588 ], [ -107.42004, 24.78586 ], [ -107.418, 24.78933 ], [ -107.41468, 24.78771 ], [ -107.41447, 24.78811 ], [ -107.41415, 24.7882 ], [ -107.41011, 24.78967 ], [ -107.41149, 24.79304 ], [ -107.41112, 24.79307 ], [ -107.41071, 24.7932 ], [ -107.40586, 24.79518 ], [ -107.40459, 24.79561 ], [ -107.40439, 24.79766 ], [ -107.40167, 24.79782 ], [ -107.40261, 24.80226 ], [ -107.40297, 24.804 ], [ -107.40381, 24.80721 ], [ -107.40097, 24.80746 ], [ -107.40109, 24.80913 ], [ -107.39821, 24.80943 ], [ -107.3968, 24.80961 ], [ -107.39662, 24.80868 ] ] } },
{ "type": "Feature", "properties": { "city": "Culiacán", "route_name": "Mercado_de Abastos", "route_name_short": "de Abastos", "type": "Bus", "shape_id": "shape_3550" }, "geometry": { "type": "LineString", "coordinates": [ [ -107.35519, 24.77462 ], [ -107.35823, 24.77394 ], [ -107.35828, 24.77413 ], [ -107.36011, 24.77384 ], [ -107.36351, 24.77341 ], [ -107.36372, 24.77346 ], [ -107.36525, 24.77326 ], [ -107.36666, 24.77643 ], [ -107.36803, 24.7796 ], [ -107.36878, 24.7813 ], [ -107.36992, 24.78387 ], [ -107.37198, 24.78866 ], [ -107.37385, 24.7927 ], [ -107.3751, 24.79566 ], [ -107.3756, 24.79653 ], [ -107.37682, 24.79842 ], [ -107.37764, 24.79962 ], [ -107.37804, 24.8001 ], [ -107.37818, 24.80025 ], [ -107.37834, 24.80015 ], [ -107.37889, 24.80009 ], [ -107.38277, 24.79986 ], [ -107.38327, 24.80387 ], [ -107.38488, 24.8038 ], [ -107.38672, 24.80355 ], [ -107.38908, 24.80312 ], [ -107.39158, 24.8027 ], [ -107.39202, 24.80569 ], [ -107.39231, 24.80755 ], [ -107.3934, 24.80747 ], [ -107.3933, 24.80673 ], [ -107.39007, 24.80702 ], [ -107.38911, 24.80294 ], [ -107.3854, 24.8036 ], [ -107.38329, 24.80372 ], [ -107.3828, 24.79984 ], [ -107.37945, 24.8 ], [ -107.37831, 24.80013 ], [ -107.37788, 24.79962 ], [ -107.37672, 24.79795 ], [ -107.37523, 24.79554 ], [ -107.3743, 24.79328 ], [ -107.37242, 24.78919 ], [ -107.37024, 24.78416 ], [ -107.36917, 24.78177 ], [ -107.36838, 24.78011 ], [ -107.36679, 24.77649 ], [ -107.36534, 24.77313 ], [ -107.3645, 24.77116 ], [ -107.3654, 24.77111 ], [ -107.36542, 24.77041 ], [ -107.36419, 24.77042 ], [ -107.3635, 24.7689 ], [ -107.36334, 24.76892 ], [ -107.36388, 24.77021 ], [ -107.35736, 24.7717 ], [ -107.35703, 24.77166 ], [ -107.35665, 24.77177 ], [ -107.35459, 24.77224 ], [ -107.35493, 24.77352 ], [ -107.355, 24.774 ], [ -107.35519, 24.77461 ] ] } },
{ "type": "Feature", "properties": { "city": "Culiacán", "route_name": "Normal_", "route_name_short": "", "type": "Bus", "shape_id": "shape_3552" }, "geometry": { "type": "LineString", "coordinates": [ [ -107.36593, 24.79629 ], [ -107.37052, 24.79775 ], [ -107.36888, 24.80207 ], [ -107.37393, 24.80372 ], [ -107.37874, 24.80523 ], [ -107.37922, 24.80533 ], [ -107.37979, 24.80536 ], [ -107.38342, 24.80519 ], [ -107.38655, 24.80501 ], [ -107.3899, 24.80481 ], [ -107.39317, 24.8046 ], [ -107.39332, 24.80673 ], [ -107.39719, 24.80633 ], [ -107.40075, 24.80614 ], [ -107.40343, 24.80587 ], [ -107.40297, 24.80411 ], [ -107.40259, 24.80234 ], [ -107.40183, 24.79854 ], [ -107.4015, 24.79684 ], [ -107.40479, 24.79558 ], [ -107.40766, 24.79437 ], [ -107.40979, 24.79353 ], [ -107.40945, 24.7927 ], [ -107.40869, 24.79036 ], [ -107.40784, 24.7879 ], [ -107.40749, 24.78682 ], [ -107.40741, 24.78648 ], [ -107.40744, 24.78626 ], [ -107.4076, 24.78604 ], [ -107.40782, 24.78589 ], [ -107.40946, 24.78519 ], [ -107.41065, 24.78438 ], [ -107.41079, 24.78439 ], [ -107.41112, 24.78379 ], [ -107.41114, 24.78338 ], [ -107.41102, 24.78285 ], [ -107.41068, 24.78216 ], [ -107.41079, 24.78212 ], [ -107.41128, 24.7816 ], [ -107.41186, 24.78113 ], [ -107.41188, 24.7809 ], [ -107.409, 24.77824 ], [ -107.4058, 24.77549 ], [ -107.40558, 24.77501 ], [ -107.4044, 24.77393 ], [ -107.40516, 24.77335 ], [ -107.40788, 24.77092 ], [ -107.41054, 24.76841 ], [ -107.4078, 24.76599 ], [ -107.4083, 24.76557 ], [ -107.41101, 24.76301 ], [ -107.41083, 24.76252 ], [ -107.40975, 24.76153 ], [ -107.40671, 24.76433 ], [ -107.40372, 24.76714 ], [ -107.40302, 24.76782 ], [ -107.40136, 24.76633 ], [ -107.39937, 24.7646 ], [ -107.36589, 24.79628 ], [ -107.36584, 24.80101 ], [ -107.36578, 24.80105 ], [ -107.36578, 24.80127 ], [ -107.366, 24.80127 ], [ -107.36669, 24.80146 ], [ -107.37187, 24.80314 ], [ -107.37634, 24.80458 ], [ -107.3788, 24.80534 ], [ -107.37928, 24.80546 ], [ -107.3828, 24.80536 ], [ -107.3891, 24.80501 ], [ -107.3938, 24.80475 ], [ -107.39525, 24.80461 ], [ -107.39543, 24.80552 ], [ -107.39556, 24.80731 ], [ -107.39973, 24.80699 ], [ -107.40263, 24.80677 ], [ -107.4017, 24.80236 ], [ -107.4026, 24.80227 ], [ -107.40198, 24.79909 ], [ -107.40154, 24.79694 ], [ -107.4046, 24.79579 ], [ -107.40786, 24.79453 ], [ -107.41081, 24.79334 ], [ -107.41149, 24.79321 ], [ -107.41294, 24.79311 ], [ -107.41292, 24.79296 ], [ -107.41283, 24.79288 ], [ -107.41169, 24.78998 ], [ -107.41026, 24.7866 ], [ -107.41025, 24.78617 ], [ -107.41043, 24.78523 ], [ -107.41116, 24.78379 ], [ -107.41114, 24.7831 ], [ -107.41075, 24.7822 ], [ -107.41081, 24.78215 ], [ -107.41137, 24.78253 ], [ -107.41192, 24.7827 ], [ -107.41328, 24.78306 ], [ -107.41332, 24.7828 ], [ -107.41344, 24.78257 ], [ -107.41379, 24.78216 ], [ -107.41223, 24.78085 ], [ -107.40912, 24.77807 ], [ -107.40565, 24.77508 ], [ -107.40563, 24.775 ], [ -107.40445, 24.77392 ], [ -107.4052, 24.77336 ], [ -107.40784, 24.7709 ], [ -107.41058, 24.76841 ], [ -107.40787, 24.766 ], [ -107.40861, 24.76534 ], [ -107.41093, 24.76317 ], [ -107.4111, 24.76301 ], [ -107.4109, 24.76251 ], [ -107.40974, 24.76146 ], [ -107.40637, 24.76456 ], [ -107.40302, 24.76774 ], [ -107.39942, 24.7645 ] ] } },
{ "type": "Feature", "properties": { "city": "Culiacán", "route_name": "Mirador_", "route_name_short": "", "type": "Bus", "shape_id": "shape_3551" }, "geometry": { "type": "LineString", "coordinates": [ [ -107.39584, 24.80928 ], [ -107.39594, 24.80972 ], [ -107.3948, 24.80989 ], [ -107.391, 24.81051 ], [ -107.39115, 24.81139 ], [ -107.3911, 24.81268 ], [ -107.39117, 24.81384 ], [ -107.39164, 24.81692 ], [ -107.3885, 24.81733 ], [ -107.38878, 24.81898 ], [ -107.38891, 24.81954 ], [ -107.38912, 24.81982 ], [ -107.38942, 24.82014 ], [ -107.38976, 24.82169 ], [ -107.39022, 24.82399 ], [ -107.3894, 24.82545 ], [ -107.389, 24.82629 ], [ -107.38946, 24.83141 ], [ -107.38931, 24.83369 ], [ -107.38938, 24.8338 ], [ -107.38935, 24.83454 ], [ -107.38944, 24.83459 ], [ -107.38927, 24.83697 ], [ -107.38897, 24.84304 ], [ -107.38892, 24.8439 ], [ -107.38884, 24.8463 ], [ -107.38808, 24.84614 ], [ -107.38806, 24.8471 ], [ -107.38787, 24.85008 ], [ -107.38653, 24.84994 ], [ -107.38634, 24.852 ], [ -107.38578, 24.85197 ], [ -107.38591, 24.85064 ], [ -107.38589, 24.84935 ], [ -107.38245, 24.8499 ], [ -107.38251, 24.85034 ], [ -107.38278, 24.85212 ], [ -107.38285, 24.8521 ], [ -107.38256, 24.85031 ], [ -107.3849, 24.84995 ], [ -107.38587, 24.84996 ], [ -107.38586, 24.85064 ], [ -107.38579, 24.85133 ], [ -107.38571, 24.852 ], [ -107.38641, 24.85204 ], [ -107.38658, 24.84998 ], [ -107.38794, 24.85015 ], [ -107.38817, 24.84619 ], [ -107.38889, 24.84634 ], [ -107.38897, 24.84386 ], [ -107.38904, 24.84298 ], [ -107.38913, 24.84093 ], [ -107.3893, 24.83769 ], [ -107.3895, 24.83454 ], [ -107.3894, 24.83449 ], [ -107.38942, 24.83369 ], [ -107.38947, 24.83352 ], [ -107.38957, 24.83134 ], [ -107.38911, 24.82627 ], [ -107.39034, 24.82402 ], [ -107.38951, 24.82009 ], [ -107.38925, 24.81987 ], [ -107.389, 24.8195 ], [ -107.38861, 24.81742 ], [ -107.39168, 24.817 ], [ -107.396, 24.81638 ], [ -107.39538, 24.81378 ], [ -107.39504, 24.8112 ], [ -107.39482, 24.80988 ], [ -107.39094, 24.81053 ], [ -107.39076, 24.80981 ], [ -107.39025, 24.80771 ], [ -107.39282, 24.8075 ], [ -107.39558, 24.80733 ], [ -107.39572, 24.80879 ], [ -107.39583, 24.80927 ] ] } },
{ "type": "Feature", "properties": { "city": "Culiacán", "route_name": "Nuevo_Culiacán", "route_name_short": "Culiacán", "type": "Bus", "shape_id": "shape_3508" }, "geometry": { "type": "LineString", "coordinates": [ [ -107.36225, 24.85054 ], [ -107.36227, 24.85215 ], [ -107.36401, 24.85214 ], [ -107.36412, 24.85094 ], [ -107.36398, 24.85055 ], [ -107.36397, 24.84933 ], [ -107.36396, 24.84789 ], [ -107.3639, 24.84776 ], [ -107.36306, 24.84749 ], [ -107.36185, 24.84705 ], [ -107.36249, 24.84551 ], [ -107.36077, 24.84493 ], [ -107.35985, 24.84405 ], [ -107.35841, 24.84369 ], [ -107.3586, 24.84304 ], [ -107.35866, 24.84273 ], [ -107.35865, 24.84246 ], [ -107.36098, 24.83978 ], [ -107.36237, 24.83781 ], [ -107.36251, 24.83757 ], [ -107.36525, 24.83427 ], [ -107.36542, 24.83419 ], [ -107.36645, 24.83299 ], [ -107.36765, 24.83202 ], [ -107.36817, 24.83161 ], [ -107.36847, 24.83116 ], [ -107.36863, 24.83071 ], [ -107.36908, 24.83093 ], [ -107.36926, 24.83099 ], [ -107.37161, 24.83167 ], [ -107.37228, 24.83177 ], [ -107.37342, 24.83182 ], [ -107.37382, 24.83178 ], [ -107.3753, 24.83138 ], [ -107.3756, 24.83123 ], [ -107.37615, 24.83073 ], [ -107.3763, 24.83051 ], [ -107.37638, 24.83023 ], [ -107.37643, 24.82981 ], [ -107.37642, 24.82938 ], [ -107.3763, 24.82849 ], [ -107.37632, 24.82834 ], [ -107.37637, 24.82816 ], [ -107.37683, 24.82771 ], [ -107.37719, 24.82725 ], [ -107.37893, 24.82446 ], [ -107.37928, 24.82405 ], [ -107.37979, 24.82364 ], [ -107.38117, 24.82275 ], [ -107.38261, 24.82227 ], [ -107.38322, 24.82198 ], [ -107.38668, 24.82152 ], [ -107.38999, 24.82106 ], [ -107.39131, 24.82091 ], [ -107.39203, 24.82091 ], [ -107.39207, 24.81996 ], [ -107.39188, 24.81834 ], [ -107.39618, 24.81766 ], [ -107.39563, 24.81484 ], [ -107.39501, 24.81109 ], [ -107.39449, 24.80798 ], [ -107.39436, 24.80489 ], [ -107.39417, 24.80102 ], [ -107.3986, 24.8008 ], [ -107.39851, 24.79902 ], [ -107.4019, 24.79882 ], [ -107.40161, 24.79718 ], [ -107.40127, 24.79503 ], [ -107.40071, 24.79233 ], [ -107.40089, 24.79227 ], [ -107.40152, 24.79182 ], [ -107.40259, 24.7916 ], [ -107.40268, 24.79106 ], [ -107.4057, 24.79051 ], [ -107.40814, 24.78954 ], [ -107.41088, 24.78849 ], [ -107.4135, 24.78747 ], [ -107.41337, 24.78671 ], [ -107.41337, 24.78629 ], [ -107.41352, 24.78593 ], [ -107.4137, 24.78569 ], [ -107.41399, 24.78546 ], [ -107.41459, 24.78519 ], [ -107.41484, 24.78503 ], [ -107.41504, 24.78478 ], [ -107.41514, 24.78452 ], [ -107.41515, 24.78377 ], [ -107.41668, 24.78499 ], [ -107.41889, 24.78282 ], [ -107.41924, 24.78292 ], [ -107.41943, 24.78254 ], [ -107.41947, 24.78229 ], [ -107.41946, 24.78226 ], [ -107.41889, 24.78278 ], [ -107.41673, 24.78489 ], [ -107.41527, 24.78344 ], [ -107.41512, 24.78373 ], [ -107.4151, 24.78442 ], [ -107.415, 24.78473 ], [ -107.41481, 24.785 ], [ -107.41382, 24.7855 ], [ -107.41349, 24.78589 ], [ -107.41333, 24.7863 ], [ -107.4089, 24.78615 ], [ -107.40888, 24.78652 ], [ -107.41011, 24.78967 ], [ -107.40575, 24.79137 ], [ -107.40561, 24.79137 ], [ -107.40557, 24.79111 ], [ -107.4055, 24.79105 ], [ -107.40541, 24.79105 ], [ -107.40133, 24.79184 ], [ -107.40063, 24.79192 ], [ -107.40068, 24.79246 ], [ -107.40106, 24.79437 ], [ -107.40144, 24.79648 ], [ -107.40168, 24.79788 ], [ -107.40023, 24.79793 ], [ -107.40033, 24.79882 ], [ -107.39773, 24.79897 ], [ -107.39405, 24.79917 ], [ -107.39127, 24.79939 ], [ -107.39161, 24.80124 ], [ -107.39152, 24.80233 ], [ -107.3919, 24.80495 ], [ -107.39234, 24.80767 ], [ -107.39276, 24.81019 ], [ -107.39094, 24.81053 ], [ -107.39113, 24.81129 ], [ -107.39117, 24.81175 ], [ -107.39112, 24.8124 ], [ -107.39113, 24.81301 ], [ -107.39131, 24.81485 ], [ -107.39164, 24.81689 ], [ -107.38849, 24.81734 ], [ -107.38886, 24.81934 ], [ -107.38899, 24.81973 ], [ -107.38909, 24.81989 ], [ -107.38943, 24.82012 ], [ -107.38961, 24.82109 ], [ -107.38629, 24.82154 ], [ -107.38321, 24.82195 ], [ -107.38263, 24.82223 ], [ -107.38117, 24.82269 ], [ -107.38043, 24.82317 ], [ -107.37975, 24.82364 ], [ -107.37926, 24.82403 ], [ -107.37892, 24.82441 ], [ -107.37712, 24.82727 ], [ -107.37678, 24.82769 ], [ -107.37638, 24.82807 ], [ -107.37627, 24.82832 ], [ -107.37623, 24.82854 ], [ -107.37639, 24.82969 ], [ -107.37633, 24.83021 ], [ -107.37624, 24.83048 ], [ -107.37611, 24.8307 ], [ -107.37564, 24.83118 ], [ -107.37526, 24.83135 ], [ -107.3738, 24.83175 ], [ -107.37338, 24.83179 ], [ -107.37224, 24.83173 ], [ -107.37164, 24.83163 ], [ -107.37033, 24.83126 ], [ -107.36912, 24.8309 ], [ -107.36855, 24.83063 ], [ -107.36838, 24.831 ], [ -107.36822, 24.83134 ], [ -107.36746, 24.83198 ], [ -107.36731, 24.83223 ], [ -107.3664, 24.83288 ], [ -107.3625, 24.83754 ], [ -107.36227, 24.83758 ], [ -107.36098, 24.83744 ], [ -107.36019, 24.83772 ], [ -107.36011, 24.83769 ], [ -107.36, 24.83774 ], [ -107.35999, 24.83782 ], [ -107.36003, 24.83789 ], [ -107.3601, 24.83792 ], [ -107.36017, 24.83787 ], [ -107.36027, 24.83779 ], [ -107.36096, 24.83756 ], [ -107.36238, 24.83772 ], [ -107.36095, 24.83975 ], [ -107.35848, 24.84259 ], [ -107.35841, 24.84323 ], [ -107.35827, 24.84379 ], [ -107.3598, 24.84416 ], [ -107.3607, 24.84503 ], [ -107.36236, 24.84562 ], [ -107.36175, 24.84705 ], [ -107.36305, 24.84752 ], [ -107.36266, 24.84851 ], [ -107.36266, 24.84895 ], [ -107.36266, 24.84935 ], [ -107.36222, 24.84935 ], [ -107.36225, 24.85052 ] ] } },
{ "type": "Feature", "properties": { "city": "Culiacán", "route_name": "Palmito_", "route_name_short": "", "type": "Bus", "shape_id": "shape_3553" }, "geometry": { "type": "LineString", "coordinates": [ [ -107.42142, 24.74914 ], [ -107.42136, 24.74795 ], [ -107.4234, 24.74784 ], [ -107.42343, 24.74824 ], [ -107.42463, 24.74819 ], [ -107.42506, 24.74921 ], [ -107.42632, 24.74879 ], [ -107.42763, 24.74832 ], [ -107.42879, 24.75103 ], [ -107.4291, 24.75826 ], [ -107.43015, 24.76071 ], [ -107.43009, 24.76076 ], [ -107.42644, 24.76164 ], [ -107.4267, 24.7622 ], [ -107.42362, 24.763 ], [ -107.42461, 24.76534 ], [ -107.4248, 24.76586 ], [ -107.42479, 24.766 ], [ -107.42503, 24.76667 ], [ -107.42518, 24.76719 ], [ -107.42656, 24.77068 ], [ -107.42799, 24.77421 ], [ -107.42278, 24.7791 ], [ -107.42727, 24.78059 ], [ -107.4305, 24.7816 ], [ -107.43157, 24.78188 ], [ -107.43099, 24.78348 ], [ -107.43093, 24.78398 ], [ -107.43026, 24.78455 ], [ -107.43007, 24.78479 ], [ -107.42985, 24.78524 ], [ -107.42944, 24.78642 ], [ -107.42945, 24.78656 ], [ -107.42846, 24.78911 ], [ -107.428, 24.78967 ], [ -107.4277, 24.7899 ], [ -107.4272, 24.79015 ], [ -107.42001, 24.79252 ], [ -107.41686, 24.79294 ], [ -107.41278, 24.79299 ], [ -107.41163, 24.79305 ], [ -107.41089, 24.79316 ], [ -107.40775, 24.79433 ], [ -107.4015, 24.79679 ], [ -107.40277, 24.80322 ], [ -107.40342, 24.80586 ], [ -107.40089, 24.80613 ], [ -107.39592, 24.80651 ], [ -107.39589, 24.80652 ], [ -107.3901, 24.80699 ], [ -107.38915, 24.80309 ], [ -107.3886, 24.80037 ], [ -107.38776, 24.80045 ], [ -107.38718, 24.7978 ], [ -107.39168, 24.79757 ], [ -107.39846, 24.79732 ], [ -107.40018, 24.79724 ], [ -107.40069, 24.79717 ], [ -107.40088, 24.79707 ], [ -107.40141, 24.79693 ], [ -107.40158, 24.79688 ], [ -107.40786, 24.79454 ], [ -107.41081, 24.79335 ], [ -107.41152, 24.79319 ], [ -107.41281, 24.7931 ], [ -107.41732, 24.79301 ], [ -107.42011, 24.7926 ], [ -107.42754, 24.79018 ], [ -107.42815, 24.78977 ], [ -107.42865, 24.78919 ], [ -107.42989, 24.78595 ], [ -107.43036, 24.78515 ], [ -107.43078, 24.78464 ], [ -107.43091, 24.78428 ], [ -107.43104, 24.7835 ], [ -107.43161, 24.78187 ], [ -107.43048, 24.78157 ], [ -107.42862, 24.78099 ], [ -107.42283, 24.77908 ], [ -107.42803, 24.77424 ], [ -107.42683, 24.77118 ], [ -107.42558, 24.76814 ], [ -107.42522, 24.76716 ], [ -107.42509, 24.76672 ], [ -107.42484, 24.76604 ], [ -107.42483, 24.76584 ], [ -107.42476, 24.76566 ], [ -107.42367, 24.76302 ], [ -107.42676, 24.76223 ], [ -107.42651, 24.76167 ], [ -107.43035, 24.76076 ], [ -107.42924, 24.75816 ], [ -107.42893, 24.75097 ], [ -107.42771, 24.74825 ], [ -107.42624, 24.74877 ], [ -107.42509, 24.74916 ], [ -107.42464, 24.74815 ], [ -107.42342, 24.74821 ], [ -107.42349, 24.74902 ], [ -107.42244, 24.7491 ], [ -107.42142, 24.74914 ], [ -107.42136, 24.74795 ] ] } },
{ "type": "Feature", "properties": { "city": "Culiacán", "route_name": "Penitenciaría_- Santa Rocío", "route_name_short": "- Santa Rocío", "type": "Bus", "shape_id": "shape_3509" }, "geometry": { "type": "LineString", "coordinates": [ [ -107.49855, 24.77408 ], [ -107.49855, 24.77394 ], [ -107.4968, 24.77412 ], [ -107.49569, 24.77422 ], [ -107.4941, 24.77434 ], [ -107.49318, 24.77443 ], [ -107.49057, 24.77465 ], [ -107.48928, 24.77478 ], [ -107.48744, 24.77492 ], [ -107.48605, 24.77502 ], [ -107.48589, 24.77295 ], [ -107.48583, 24.7725 ], [ -107.48581, 24.77209 ], [ -107.48522, 24.77212 ], [ -107.48505, 24.77204 ], [ -107.48334, 24.77209 ], [ -107.48333, 24.77146 ], [ -107.48506, 24.7714 ], [ -107.48508, 24.77167 ], [ -107.48509, 24.77203 ], [ -107.48521, 24.77209 ], [ -107.48527, 24.7721 ], [ -107.48579, 24.77206 ], [ -107.4858, 24.77251 ], [ -107.48586, 24.77292 ], [ -107.48593, 24.77397 ], [ -107.48593, 24.77397 ], [ -107.48602, 24.77503 ], [ -107.48544, 24.77505 ], [ -107.48489, 24.77505 ], [ -107.48347, 24.77504 ], [ -107.48257, 24.77503 ], [ -107.48095, 24.77504 ], [ -107.47955, 24.77504 ], [ -107.47822, 24.77505 ], [ -107.47709, 24.77504 ], [ -107.47552, 24.77503 ], [ -107.47389, 24.77503 ], [ -107.47201, 24.77504 ], [ -107.47069, 24.77502 ], [ -107.46888, 24.77503 ], [ -107.46823, 24.77502 ], [ -107.46748, 24.77498 ], [ -107.46683, 24.7749 ], [ -107.46604, 24.7748 ], [ -107.46506, 24.77467 ], [ -107.46438, 24.77468 ], [ -107.46382, 24.77471 ], [ -107.4632, 24.77479 ], [ -107.46244, 24.77489 ], [ -107.46174, 24.77496 ], [ -107.46072, 24.77506 ], [ -107.46033, 24.77506 ], [ -107.46033, 24.77506 ], [ -107.45994, 24.77504 ], [ -107.45887, 24.77491 ], [ -107.45809, 24.7748 ], [ -107.45746, 24.77472 ], [ -107.4565, 24.77457 ], [ -107.45603, 24.77451 ], [ -107.45517, 24.77441 ], [ -107.45401, 24.77427 ], [ -107.45369, 24.77427 ], [ -107.45349, 24.77429 ], [ -107.4525, 24.77463 ], [ -107.4525, 24.77463 ], [ -107.45086, 24.77519 ], [ -107.44949, 24.77565 ], [ -107.44825, 24.77607 ], [ -107.44746, 24.77635 ], [ -107.44708, 24.77649 ], [ -107.44698, 24.77648 ], [ -107.44651, 24.77663 ], [ -107.44611, 24.77676 ], [ -107.44567, 24.7769 ], [ -107.44526, 24.77706 ], [ -107.44479, 24.77721 ], [ -107.44466, 24.77727 ], [ -107.4443, 24.77739 ], [ -107.44363, 24.77764 ], [ -107.44331, 24.77774 ], [ -107.44315, 24.77781 ], [ -107.44308, 24.77786 ], [ -107.44183, 24.77829 ], [ -107.44043, 24.77876 ], [ -107.4393, 24.77916 ], [ -107.43822, 24.77958 ], [ -107.4378, 24.77978 ], [ -107.43719, 24.78012 ], [ -107.43637, 24.78064 ], [ -107.43542, 24.78127 ], [ -107.43412, 24.78217 ], [ -107.43401, 24.78225 ], [ -107.43326, 24.78276 ], [ -107.43273, 24.7831 ], [ -107.43243, 24.78331 ], [ -107.43151, 24.78392 ], [ -107.43095, 24.7843 ], [ -107.4307, 24.78445 ], [ -107.43045, 24.78463 ], [ -107.43015, 24.785 ], [ -107.42997, 24.78535 ], [ -107.42966, 24.78608 ], [ -107.42935, 24.7868 ], [ -107.42902, 24.78772 ], [ -107.42861, 24.78885 ], [ -107.42847, 24.78911 ], [ -107.42827, 24.78938 ], [ -107.42799, 24.78968 ], [ -107.42769, 24.78991 ], [ -107.42738, 24.79008 ], [ -107.42712, 24.79018 ], [ -107.42583, 24.7906 ], [ -107.4253, 24.79079 ], [ -107.42422, 24.79113 ], [ -107.42279, 24.79161 ], [ -107.42139, 24.79209 ], [ -107.42051, 24.79236 ], [ -107.42001, 24.79253 ], [ -107.41826, 24.79278 ], [ -107.41717, 24.79293 ], [ -107.4166, 24.79296 ], [ -107.41512, 24.79297 ], [ -107.41431, 24.79296 ], [ -107.41293, 24.79298 ], [ -107.4115, 24.79306 ], [ -107.41106, 24.79313 ], [ -107.41077, 24.79321 ], [ -107.40972, 24.79357 ], [ -107.40778, 24.79433 ], [ -107.40663, 24.79479 ], [ -107.40546, 24.79527 ], [ -107.40453, 24.79563 ], [ -107.40332, 24.79611 ], [ -107.40245, 24.79645 ], [ -107.40208, 24.79661 ], [ -107.40198, 24.79659 ], [ -107.40146, 24.79675 ], [ -107.4011, 24.79684 ], [ -107.40067, 24.79694 ], [ -107.40016, 24.79699 ], [ -107.39844, 24.7971 ], [ -107.39737, 24.79715 ], [ -107.39578, 24.79724 ], [ -107.39393, 24.79733 ], [ -107.39381, 24.7974 ], [ -107.39253, 24.79745 ], [ -107.39093, 24.79753 ], [ -107.39106, 24.79817 ], [ -107.39127, 24.79939 ], [ -107.39146, 24.80026 ], [ -107.39163, 24.80121 ], [ -107.39162, 24.8015 ], [ -107.39151, 24.80234 ], [ -107.39163, 24.80298 ], [ -107.39175, 24.80394 ], [ -107.39188, 24.80481 ], [ -107.39202, 24.80571 ], [ -107.39219, 24.80683 ], [ -107.39231, 24.80754 ], [ -107.39337, 24.80748 ], [ -107.39447, 24.8074 ], [ -107.39556, 24.80732 ], [ -107.39646, 24.80726 ], [ -107.39635, 24.80654 ], [ -107.39635, 24.8065 ], [ -107.39617, 24.80549 ], [ -107.39597, 24.80445 ], [ -107.39587, 24.80367 ], [ -107.3956, 24.80194 ], [ -107.39555, 24.80176 ], [ -107.39542, 24.80096 ], [ -107.39524, 24.79826 ], [ -107.3952, 24.79744 ], [ -107.39639, 24.79741 ], [ -107.39845, 24.79733 ], [ -107.4002, 24.79725 ], [ -107.4007, 24.79719 ], [ -107.4008, 24.79708 ], [ -107.40142, 24.79693 ], [ -107.40153, 24.79694 ], [ -107.40264, 24.79653 ], [ -107.40398, 24.79599 ], [ -107.40557, 24.7954 ], [ -107.40671, 24.79499 ], [ -107.40786, 24.79454 ], [ -107.40987, 24.79372 ], [ -107.41083, 24.79335 ], [ -107.41127, 24.79324 ], [ -107.41152, 24.79321 ], [ -107.41295, 24.7931 ], [ -107.41333, 24.79309 ], [ -107.41431, 24.79307 ], [ -107.41527, 24.79306 ], [ -107.4166, 24.79304 ], [ -107.41711, 24.79303 ], [ -107.41753, 24.79298 ], [ -107.41817, 24.79289 ], [ -107.41911, 24.79274 ], [ -107.42006, 24.79261 ], [ -107.42086, 24.79237 ], [ -107.4231, 24.79165 ], [ -107.42398, 24.79136 ], [ -107.42522, 24.79096 ], [ -107.42591, 24.79071 ], [ -107.42641, 24.79057 ], [ -107.42703, 24.7904 ], [ -107.42752, 24.7902 ], [ -107.42778, 24.79006 ], [ -107.42815, 24.78978 ], [ -107.42864, 24.78919 ], [ -107.42877, 24.78895 ], [ -107.42901, 24.78826 ], [ -107.42942, 24.78712 ], [ -107.4297, 24.78623 ], [ -107.42976, 24.78608 ], [ -107.43007, 24.78536 ], [ -107.43022, 24.78504 ], [ -107.43047, 24.78475 ], [ -107.43076, 24.78453 ], [ -107.43151, 24.78404 ], [ -107.43266, 24.78327 ], [ -107.43365, 24.7826 ], [ -107.43399, 24.78239 ], [ -107.43536, 24.7815 ], [ -107.43655, 24.78071 ], [ -107.43764, 24.78006 ], [ -107.43806, 24.77983 ], [ -107.43916, 24.77936 ], [ -107.44001, 24.77907 ], [ -107.4405, 24.7789 ], [ -107.44197, 24.77838 ], [ -107.44319, 24.77795 ], [ -107.44323, 24.77796 ], [ -107.44344, 24.77791 ], [ -107.44515, 24.77733 ], [ -107.44515, 24.77733 ], [ -107.44598, 24.77705 ], [ -107.44672, 24.7768 ], [ -107.4473, 24.77659 ], [ -107.44735, 24.77653 ], [ -107.44881, 24.77604 ], [ -107.45039, 24.7755 ], [ -107.45093, 24.77529 ], [ -107.45199, 24.77495 ], [ -107.45339, 24.77447 ], [ -107.45367, 24.77442 ], [ -107.45405, 24.77441 ], [ -107.45511, 24.77453 ], [ -107.45629, 24.77467 ], [ -107.45644, 24.77471 ], [ -107.45818, 24.77494 ], [ -107.45956, 24.77514 ], [ -107.45989, 24.77517 ], [ -107.46037, 24.77519 ], [ -107.46101, 24.77516 ], [ -107.46246, 24.775 ], [ -107.46384, 24.77485 ], [ -107.46423, 24.77483 ], [ -107.46449, 24.7748 ], [ -107.4651, 24.7748 ], [ -107.46525, 24.77482 ], [ -107.46525, 24.77482 ], [ -107.46629, 24.77495 ], [ -107.46733, 24.77507 ], [ -107.46795, 24.77512 ], [ -107.46838, 24.77514 ], [ -107.46899, 24.77515 ], [ -107.47068, 24.77514 ], [ -107.4714, 24.77513 ], [ -107.47201, 24.77515 ], [ -107.47389, 24.77514 ], [ -107.47406, 24.77514 ], [ -107.47466, 24.77515 ], [ -107.47543, 24.77516 ], [ -107.47611, 24.77516 ], [ -107.47744, 24.77516 ], [ -107.4789, 24.77516 ], [ -107.48043, 24.77516 ], [ -107.48258, 24.77517 ], [ -107.48417, 24.77517 ], [ -107.48566, 24.77518 ], [ -107.48775, 24.77503 ], [ -107.48969, 24.77486 ], [ -107.49, 24.77483 ], [ -107.49195, 24.77466 ], [ -107.49326, 24.77455 ], [ -107.49433, 24.77445 ], [ -107.49558, 24.77435 ], [ -107.49699, 24.77422 ], [ -107.49855, 24.77408 ] ] } },
{ "type": "Feature", "properties": { "city": "Culiacán", "route_name": "Popular_- Chulavista Navolato", "route_name_short": "- Chulavista Navolato", "type": "Bus", "shape_id": "shape_3570" }, "geometry": { "type": "LineString", "coordinates": [ [ -107.72035, 24.76512 ], [ -107.71847, 24.76488 ], [ -107.71864, 24.76395 ], [ -107.71868, 24.76358 ], [ -107.71852, 24.76336 ], [ -107.7183, 24.763 ], [ -107.71755, 24.76337 ], [ -107.71478, 24.76489 ], [ -107.71244, 24.76613 ], [ -107.71227, 24.76626 ], [ -107.7114, 24.76675 ], [ -107.7103, 24.76682 ], [ -107.70853, 24.76692 ], [ -107.70613, 24.76701 ], [ -107.70594, 24.76689 ], [ -107.70578, 24.76669 ], [ -107.70519, 24.76667 ], [ -107.70401, 24.76662 ], [ -107.70327, 24.76661 ], [ -107.70132, 24.76678 ], [ -107.70122, 24.76683 ], [ -107.70057, 24.76679 ], [ -107.70017, 24.76671 ], [ -107.70005, 24.76655 ], [ -107.70003, 24.76639 ], [ -107.69968, 24.76611 ], [ -107.69856, 24.76559 ], [ -107.69843, 24.76667 ], [ -107.69818, 24.76807 ], [ -107.69755, 24.76795 ], [ -107.6963, 24.7676 ], [ -107.69633, 24.76743 ], [ -107.6949, 24.76696 ], [ -107.69509, 24.7663 ], [ -107.69671, 24.76657 ], [ -107.69708, 24.76525 ], [ -107.69564, 24.76496 ], [ -107.69535, 24.76496 ], [ -107.69518, 24.76498 ], [ -107.69495, 24.76409 ], [ -107.69477, 24.76318 ], [ -107.69404, 24.76001 ], [ -107.69358, 24.75833 ], [ -107.69321, 24.75673 ], [ -107.69296, 24.75552 ], [ -107.69114, 24.75562 ], [ -107.68948, 24.75566 ], [ -107.68795, 24.75575 ], [ -107.68789, 24.75493 ], [ -107.68771, 24.75371 ], [ -107.68568, 24.75391 ], [ -107.68516, 24.75391 ], [ -107.68504, 24.75379 ], [ -107.68491, 24.75247 ], [ -107.6851, 24.75242 ], [ -107.68887, 24.75212 ], [ -107.689, 24.75315 ], [ -107.68906, 24.75361 ], [ -107.68769, 24.75372 ], [ -107.68782, 24.75492 ], [ -107.68789, 24.75576 ], [ -107.6879, 24.75589 ], [ -107.68981, 24.75578 ], [ -107.69105, 24.75572 ], [ -107.69291, 24.75561 ], [ -107.69321, 24.75706 ], [ -107.69367, 24.75896 ], [ -107.69423, 24.76136 ], [ -107.69477, 24.76354 ], [ -107.69495, 24.76432 ], [ -107.69512, 24.76503 ], [ -107.69535, 24.76593 ], [ -107.69551, 24.76637 ], [ -107.69773, 24.76676 ], [ -107.69985, 24.76714 ], [ -107.70485, 24.76803 ], [ -107.70728, 24.76846 ], [ -107.70802, 24.76839 ], [ -107.70868, 24.76822 ], [ -107.71056, 24.76722 ], [ -107.7125, 24.76619 ], [ -107.71412, 24.76536 ], [ -107.71752, 24.76354 ], [ -107.71832, 24.76312 ], [ -107.71861, 24.76354 ], [ -107.71863, 24.76369 ], [ -107.71857, 24.76399 ], [ -107.71968, 24.76412 ], [ -107.72045, 24.76421 ], [ -107.72035, 24.76512 ] ] } },
{ "type": "Feature", "properties": { "city": "Culiacán", "route_name": "Petróleos_- Pemex - Quintas", "route_name_short": "- Pemex - Quintas", "type": "Bus", "shape_id": "shape_3555" }, "geometry": { "type": "LineString", "coordinates": [ [ -107.36174, 24.80637 ], [ -107.36163, 24.8064 ], [ -107.35936, 24.80597 ], [ -107.35867, 24.80584 ], [ -107.3578, 24.8058 ], [ -107.35686, 24.80591 ], [ -107.35688, 24.80636 ], [ -107.35687, 24.8072 ], [ -107.35688, 24.808 ], [ -107.35692, 24.80892 ], [ -107.35695, 24.80967 ], [ -107.35699, 24.80982 ], [ -107.35709, 24.80989 ], [ -107.35807, 24.81044 ], [ -107.35868, 24.81077 ], [ -107.35963, 24.81128 ], [ -107.36263, 24.81117 ], [ -107.36274, 24.81175 ], [ -107.36321, 24.81468 ], [ -107.36341, 24.81596 ], [ -107.36361, 24.81595 ], [ -107.36605, 24.81584 ], [ -107.36729, 24.8158 ], [ -107.3676, 24.81573 ], [ -107.36824, 24.81526 ], [ -107.37038, 24.81507 ], [ -107.37538, 24.81421 ], [ -107.37831, 24.81367 ], [ -107.37854, 24.81354 ], [ -107.3807, 24.81212 ], [ -107.38105, 24.81201 ], [ -107.38448, 24.812 ], [ -107.38454, 24.81195 ], [ -107.386, 24.81197 ], [ -107.38723, 24.81176 ], [ -107.38832, 24.81161 ], [ -107.39015, 24.81138 ], [ -107.39209, 24.8112 ], [ -107.39396, 24.81099 ], [ -107.39498, 24.81086 ], [ -107.39657, 24.81058 ], [ -107.39657, 24.81058 ], [ -107.39657, 24.81058 ], [ -107.39661, 24.81058 ], [ -107.39699, 24.81053 ], [ -107.39661, 24.80866 ], [ -107.39809, 24.80858 ], [ -107.40013, 24.80862 ], [ -107.3999, 24.80528 ], [ -107.40083, 24.80522 ], [ -107.40228, 24.80513 ], [ -107.40213, 24.80421 ], [ -107.40192, 24.80328 ], [ -107.4017, 24.80236 ], [ -107.40257, 24.80228 ], [ -107.40211, 24.79979 ], [ -107.40191, 24.79872 ], [ -107.40174, 24.79787 ], [ -107.40375, 24.79776 ], [ -107.40445, 24.79771 ], [ -107.40455, 24.79692 ], [ -107.40453, 24.79681 ], [ -107.40465, 24.79579 ], [ -107.40671, 24.79498 ], [ -107.40988, 24.79372 ], [ -107.41086, 24.79333 ], [ -107.4115, 24.79321 ], [ -107.41296, 24.7931 ], [ -107.41294, 24.79296 ], [ -107.4128, 24.79273 ], [ -107.41235, 24.79153 ], [ -107.41173, 24.78999 ], [ -107.41285, 24.78956 ], [ -107.41363, 24.78927 ], [ -107.41378, 24.78931 ], [ -107.41409, 24.78884 ], [ -107.41457, 24.78804 ], [ -107.41473, 24.78776 ], [ -107.41578, 24.78831 ], [ -107.41636, 24.78858 ], [ -107.41801, 24.78938 ], [ -107.41833, 24.78886 ], [ -107.41902, 24.78768 ], [ -107.41942, 24.78702 ], [ -107.41967, 24.78655 ], [ -107.42004, 24.78593 ], [ -107.42016, 24.78594 ], [ -107.42045, 24.78597 ], [ -107.42083, 24.78608 ], [ -107.42126, 24.78623 ], [ -107.42165, 24.78641 ], [ -107.4221, 24.78674 ], [ -107.42284, 24.78749 ], [ -107.42473, 24.78583 ], [ -107.42641, 24.78421 ], [ -107.42719, 24.78342 ], [ -107.42857, 24.77994 ], [ -107.42929, 24.77814 ], [ -107.43004, 24.77604 ], [ -107.43055, 24.77469 ], [ -107.43087, 24.77387 ], [ -107.4309, 24.77383 ], [ -107.42998, 24.7735 ], [ -107.42912, 24.77322 ], [ -107.42976, 24.77262 ], [ -107.43066, 24.77178 ], [ -107.43024, 24.7708 ], [ -107.42992, 24.76998 ], [ -107.4296, 24.76919 ], [ -107.43057, 24.76888 ], [ -107.43201, 24.76838 ], [ -107.43166, 24.76753 ], [ -107.4313, 24.76673 ], [ -107.43098, 24.76594 ], [ -107.43238, 24.76545 ], [ -107.4323, 24.76518 ], [ -107.43184, 24.76418 ], [ -107.43105, 24.76242 ], [ -107.4303, 24.76064 ], [ -107.42977, 24.75938 ], [ -107.43128, 24.75887 ], [ -107.43287, 24.7583 ], [ -107.43274, 24.75786 ], [ -107.43228, 24.75648 ], [ -107.43193, 24.75535 ], [ -107.43172, 24.75466 ], [ -107.43149, 24.75397 ], [ -107.43112, 24.7528 ], [ -107.43076, 24.75168 ], [ -107.43068, 24.75147 ], [ -107.43064, 24.7512 ], [ -107.43039, 24.75048 ], [ -107.42976, 24.7507 ], [ -107.42982, 24.75097 ], [ -107.42982, 24.75111 ], [ -107.42895, 24.75113 ], [ -107.42895, 24.75087 ], [ -107.42841, 24.74969 ], [ -107.42776, 24.74826 ], [ -107.42787, 24.74824 ], [ -107.42864, 24.74796 ], [ -107.4295, 24.7473 ], [ -107.43295, 24.74699 ], [ -107.43295, 24.74699 ], [ -107.43333, 24.74677 ], [ -107.43257, 24.74574 ], [ -107.43229, 24.74494 ], [ -107.4313, 24.745 ], [ -107.42978, 24.74509 ], [ -107.43, 24.74584 ], [ -107.43092, 24.7471 ], [ -107.42951, 24.74719 ], [ -107.42935, 24.74722 ], [ -107.42936, 24.74731 ], [ -107.42954, 24.7475 ], [ -107.42955, 24.74759 ], [ -107.42953, 24.74773 ], [ -107.42967, 24.74828 ], [ -107.42991, 24.74902 ], [ -107.4304, 24.75062 ], [ -107.43059, 24.75119 ], [ -107.43065, 24.75153 ], [ -107.43079, 24.75194 ], [ -107.43105, 24.75268 ], [ -107.43131, 24.75359 ], [ -107.43169, 24.75471 ], [ -107.43201, 24.75576 ], [ -107.43225, 24.75653 ], [ -107.43235, 24.75688 ], [ -107.43172, 24.75709 ], [ -107.42922, 24.75798 ], [ -107.42909, 24.75798 ], [ -107.42914, 24.75832 ], [ -107.4294, 24.75903 ], [ -107.43066, 24.76193 ], [ -107.4322, 24.76547 ], [ -107.43092, 24.76594 ], [ -107.43127, 24.76677 ], [ -107.43195, 24.76836 ], [ -107.42955, 24.76918 ], [ -107.43023, 24.77085 ], [ -107.43059, 24.77178 ], [ -107.42905, 24.77325 ], [ -107.43082, 24.77384 ], [ -107.42982, 24.7765 ], [ -107.42924, 24.77815 ], [ -107.42888, 24.7791 ], [ -107.42851, 24.77999 ], [ -107.42816, 24.78087 ], [ -107.42779, 24.7818 ], [ -107.42743, 24.78269 ], [ -107.42714, 24.78341 ], [ -107.42626, 24.7843 ], [ -107.42466, 24.78583 ], [ -107.4229, 24.78739 ], [ -107.4219, 24.78643 ], [ -107.42141, 24.78618 ], [ -107.42072, 24.78594 ], [ -107.42009, 24.78582 ], [ -107.41999, 24.78595 ], [ -107.41963, 24.78654 ], [ -107.41895, 24.78771 ], [ -107.41801, 24.78934 ], [ -107.41582, 24.78828 ], [ -107.41472, 24.78773 ], [ -107.4145, 24.78808 ], [ -107.41422, 24.7882 ], [ -107.41252, 24.78878 ], [ -107.41091, 24.78939 ], [ -107.41012, 24.78968 ], [ -107.41077, 24.79126 ], [ -107.41149, 24.79306 ], [ -107.411, 24.79313 ], [ -107.40915, 24.79378 ], [ -107.40632, 24.79491 ], [ -107.40494, 24.79546 ], [ -107.40337, 24.79609 ], [ -107.40151, 24.79684 ], [ -107.40171, 24.79796 ], [ -107.40208, 24.79983 ], [ -107.40261, 24.8025 ], [ -107.4031, 24.80458 ], [ -107.40343, 24.80587 ], [ -107.40241, 24.80599 ], [ -107.40088, 24.80614 ], [ -107.39795, 24.80635 ], [ -107.39548, 24.80657 ], [ -107.39562, 24.80795 ], [ -107.39449, 24.80802 ], [ -107.39346, 24.80814 ], [ -107.39242, 24.80834 ], [ -107.39159, 24.80853 ], [ -107.38991, 24.80889 ], [ -107.38856, 24.80916 ], [ -107.38702, 24.80949 ], [ -107.38541, 24.8098 ], [ -107.3851, 24.80984 ], [ -107.3842, 24.80983 ], [ -107.38409, 24.80979 ], [ -107.38403, 24.8098 ], [ -107.38409, 24.81042 ], [ -107.38428, 24.81193 ], [ -107.38277, 24.81192 ], [ -107.38105, 24.81194 ], [ -107.38052, 24.81212 ], [ -107.37845, 24.81346 ], [ -107.37824, 24.81356 ], [ -107.37619, 24.81393 ], [ -107.37428, 24.81427 ], [ -107.37429, 24.81385 ], [ -107.37414, 24.81308 ], [ -107.37365, 24.81087 ], [ -107.37346, 24.81031 ], [ -107.37292, 24.8105 ], [ -107.3713, 24.81057 ], [ -107.36964, 24.81065 ], [ -107.36815, 24.8107 ], [ -107.36668, 24.81045 ], [ -107.36645, 24.81045 ], [ -107.36609, 24.81058 ], [ -107.36583, 24.81087 ], [ -107.36572, 24.81091 ], [ -107.36423, 24.81097 ], [ -107.36279, 24.81101 ], [ -107.3627, 24.81039 ], [ -107.36251, 24.80951 ], [ -107.36226, 24.80787 ], [ -107.36201, 24.80644 ], [ -107.36174, 24.80637 ], [ -107.36163, 24.8064 ] ] } },
{ "type": "Feature", "properties": { "city": "Culiacán", "route_name": "Penitenciaría_- Directo", "route_name_short": "- Directo", "type": "Bus", "shape_id": "shape_3554" }, "geometry": { "type": "LineString", "coordinates": [ [ -107.49855, 24.77407 ], [ -107.49855, 24.77395 ], [ -107.49511, 24.77425 ], [ -107.49326, 24.77442 ], [ -107.49122, 24.7746 ], [ -107.48974, 24.77473 ], [ -107.48773, 24.77491 ], [ -107.48602, 24.77504 ], [ -107.48518, 24.77506 ], [ -107.48259, 24.77505 ], [ -107.48032, 24.77504 ], [ -107.47657, 24.77503 ], [ -107.47389, 24.77503 ], [ -107.47141, 24.77504 ], [ -107.46799, 24.77502 ], [ -107.46739, 24.77496 ], [ -107.46638, 24.77484 ], [ -107.46595, 24.77478 ], [ -107.46514, 24.77468 ], [ -107.46441, 24.77468 ], [ -107.46383, 24.77471 ], [ -107.46243, 24.7749 ], [ -107.46091, 24.77505 ], [ -107.4603, 24.77507 ], [ -107.45989, 24.77505 ], [ -107.45929, 24.77495 ], [ -107.45812, 24.77482 ], [ -107.45748, 24.77471 ], [ -107.45651, 24.77456 ], [ -107.45651, 24.77456 ], [ -107.45633, 24.77457 ], [ -107.45418, 24.77429 ], [ -107.45369, 24.77427 ], [ -107.45351, 24.7743 ], [ -107.45206, 24.7748 ], [ -107.45123, 24.77508 ], [ -107.45084, 24.77519 ], [ -107.45006, 24.77546 ], [ -107.44747, 24.77635 ], [ -107.44704, 24.7765 ], [ -107.44698, 24.77648 ], [ -107.44668, 24.77658 ], [ -107.44617, 24.77674 ], [ -107.44582, 24.77685 ], [ -107.44539, 24.77701 ], [ -107.4448, 24.77721 ], [ -107.44466, 24.77727 ], [ -107.44419, 24.77744 ], [ -107.44419, 24.77744 ], [ -107.44367, 24.77761 ], [ -107.44333, 24.77773 ], [ -107.44314, 24.77781 ], [ -107.44309, 24.77786 ], [ -107.4425, 24.77806 ], [ -107.4415, 24.7784 ], [ -107.4409, 24.7786 ], [ -107.44025, 24.77882 ], [ -107.43931, 24.77916 ], [ -107.43822, 24.77958 ], [ -107.43778, 24.77978 ], [ -107.43718, 24.78013 ], [ -107.43626, 24.78071 ], [ -107.43542, 24.78127 ], [ -107.43412, 24.78216 ], [ -107.43325, 24.78277 ], [ -107.43234, 24.78336 ], [ -107.43189, 24.78366 ], [ -107.43117, 24.78415 ], [ -107.43092, 24.78431 ], [ -107.43072, 24.78443 ], [ -107.43043, 24.78465 ], [ -107.43014, 24.78501 ], [ -107.42991, 24.78545 ], [ -107.42969, 24.78599 ], [ -107.42939, 24.7867 ], [ -107.42913, 24.78742 ], [ -107.42873, 24.78853 ], [ -107.4286, 24.78888 ], [ -107.42845, 24.78912 ], [ -107.42827, 24.78939 ], [ -107.428, 24.78967 ], [ -107.4277, 24.78989 ], [ -107.42748, 24.79002 ], [ -107.42726, 24.79013 ], [ -107.42669, 24.79032 ], [ -107.42555, 24.7907 ], [ -107.42453, 24.79103 ], [ -107.42342, 24.7914 ], [ -107.42264, 24.79166 ], [ -107.42131, 24.79211 ], [ -107.42002, 24.79252 ], [ -107.41885, 24.7927 ], [ -107.41814, 24.79281 ], [ -107.41724, 24.79292 ], [ -107.4166, 24.79295 ], [ -107.41527, 24.79295 ], [ -107.41415, 24.79295 ], [ -107.41267, 24.79299 ], [ -107.41148, 24.79306 ], [ -107.41103, 24.79314 ], [ -107.41027, 24.79337 ], [ -107.40941, 24.79369 ], [ -107.40776, 24.79433 ], [ -107.40653, 24.79482 ], [ -107.40653, 24.79482 ], [ -107.40544, 24.79527 ], [ -107.40494, 24.79546 ], [ -107.40343, 24.79607 ], [ -107.40205, 24.79661 ], [ -107.40196, 24.7966 ], [ -107.4015, 24.79674 ], [ -107.40083, 24.79691 ], [ -107.40061, 24.79694 ], [ -107.40061, 24.79694 ], [ -107.40016, 24.79699 ], [ -107.39844, 24.7971 ], [ -107.39736, 24.79715 ], [ -107.39638, 24.7972 ], [ -107.39535, 24.79725 ], [ -107.39394, 24.79733 ], [ -107.39381, 24.79742 ], [ -107.39277, 24.79744 ], [ -107.39094, 24.79753 ], [ -107.39099, 24.7979 ], [ -107.39101, 24.79789 ], [ -107.39099, 24.7979 ], [ -107.39099, 24.79788 ], [ -107.391, 24.79789 ], [ -107.391, 24.79791 ], [ -107.391, 24.79791 ], [ -107.39117, 24.79887 ], [ -107.39133, 24.79966 ], [ -107.39146, 24.80025 ], [ -107.39162, 24.80118 ], [ -107.3915, 24.80234 ], [ -107.39163, 24.80295 ], [ -107.39176, 24.80394 ], [ -107.39187, 24.8047 ], [ -107.39189, 24.80482 ], [ -107.39202, 24.8057 ], [ -107.3922, 24.80684 ], [ -107.3923, 24.80755 ], [ -107.39233, 24.80755 ], [ -107.39236, 24.80754 ], [ -107.3924, 24.80754 ], [ -107.39243, 24.80754 ], [ -107.39338, 24.80747 ], [ -107.39444, 24.8074 ], [ -107.39645, 24.80726 ], [ -107.39648, 24.80725 ], [ -107.39635, 24.80654 ], [ -107.39623, 24.80587 ], [ -107.39609, 24.80507 ], [ -107.396, 24.80455 ], [ -107.39597, 24.80446 ], [ -107.39587, 24.80368 ], [ -107.39574, 24.80287 ], [ -107.39559, 24.80195 ], [ -107.39554, 24.80177 ], [ -107.39542, 24.80098 ], [ -107.39535, 24.80008 ], [ -107.39529, 24.79911 ], [ -107.39523, 24.79828 ], [ -107.3952, 24.79745 ], [ -107.39639, 24.79741 ], [ -107.39844, 24.79733 ], [ -107.3995, 24.79727 ], [ -107.40018, 24.79724 ], [ -107.4007, 24.79717 ], [ -107.40081, 24.79707 ], [ -107.40142, 24.79692 ], [ -107.40153, 24.79694 ], [ -107.40198, 24.79678 ], [ -107.40308, 24.79635 ], [ -107.40462, 24.79575 ], [ -107.40572, 24.79536 ], [ -107.40729, 24.79476 ], [ -107.40887, 24.79415 ], [ -107.41025, 24.79357 ], [ -107.41082, 24.79335 ], [ -107.41148, 24.79321 ], [ -107.41295, 24.7931 ], [ -107.41333, 24.7931 ], [ -107.41526, 24.79305 ], [ -107.4166, 24.79304 ], [ -107.41702, 24.79302 ], [ -107.41745, 24.79299 ], [ -107.41776, 24.79295 ], [ -107.41819, 24.79289 ], [ -107.41901, 24.79276 ], [ -107.41943, 24.7927 ], [ -107.42007, 24.79261 ], [ -107.42193, 24.79203 ], [ -107.42321, 24.79162 ], [ -107.42461, 24.79115 ], [ -107.4255, 24.79087 ], [ -107.42592, 24.79072 ], [ -107.42706, 24.79038 ], [ -107.42756, 24.79019 ], [ -107.42779, 24.79005 ], [ -107.42815, 24.78978 ], [ -107.42851, 24.78937 ], [ -107.42865, 24.78918 ], [ -107.42876, 24.78895 ], [ -107.42906, 24.78813 ], [ -107.42948, 24.78695 ], [ -107.42972, 24.78619 ], [ -107.43002, 24.78547 ], [ -107.43024, 24.78502 ], [ -107.43047, 24.78476 ], [ -107.43073, 24.78454 ], [ -107.43118, 24.78426 ], [ -107.43212, 24.78363 ], [ -107.43358, 24.78267 ], [ -107.43409, 24.78233 ], [ -107.43444, 24.78209 ], [ -107.43486, 24.78183 ], [ -107.43558, 24.78135 ], [ -107.43633, 24.78087 ], [ -107.43653, 24.78073 ], [ -107.43718, 24.78033 ], [ -107.43794, 24.77988 ], [ -107.43829, 24.77972 ], [ -107.4392, 24.77935 ], [ -107.43935, 24.7793 ], [ -107.43996, 24.7791 ], [ -107.44051, 24.77891 ], [ -107.44122, 24.77864 ], [ -107.44279, 24.77809 ], [ -107.44317, 24.77795 ], [ -107.44321, 24.77797 ], [ -107.44345, 24.77791 ], [ -107.44383, 24.77778 ], [ -107.44496, 24.77741 ], [ -107.4454, 24.77725 ], [ -107.44643, 24.7769 ], [ -107.44672, 24.7768 ], [ -107.44731, 24.77659 ], [ -107.44734, 24.77654 ], [ -107.44904, 24.77597 ], [ -107.4501, 24.7756 ], [ -107.45092, 24.7753 ], [ -107.45204, 24.77494 ], [ -107.45338, 24.77446 ], [ -107.4537, 24.77441 ], [ -107.45402, 24.77441 ], [ -107.45512, 24.77453 ], [ -107.45599, 24.77463 ], [ -107.45631, 24.77467 ], [ -107.45644, 24.77471 ], [ -107.45809, 24.77492 ], [ -107.45963, 24.77514 ], [ -107.45992, 24.77518 ], [ -107.46014, 24.77517 ], [ -107.46036, 24.77518 ], [ -107.46089, 24.77517 ], [ -107.461, 24.77517 ], [ -107.46187, 24.77507 ], [ -107.46245, 24.775 ], [ -107.46384, 24.77485 ], [ -107.46453, 24.7748 ], [ -107.4651, 24.7748 ], [ -107.46636, 24.77495 ], [ -107.46734, 24.77508 ], [ -107.46771, 24.7751 ], [ -107.46863, 24.77515 ], [ -107.46915, 24.77513 ], [ -107.46987, 24.77514 ], [ -107.4714, 24.77514 ], [ -107.47202, 24.77515 ], [ -107.47279, 24.77515 ], [ -107.47405, 24.77515 ], [ -107.47542, 24.77516 ], [ -107.47678, 24.77516 ], [ -107.47833, 24.77516 ], [ -107.47955, 24.77515 ], [ -107.48115, 24.77517 ], [ -107.48259, 24.77516 ], [ -107.48379, 24.77517 ], [ -107.48526, 24.77519 ], [ -107.49003, 24.77483 ], [ -107.49326, 24.77457 ], [ -107.49563, 24.77435 ], [ -107.49856, 24.77407 ] ] } },
{ "type": "Feature", "properties": { "city": "Culiacán", "route_name": "República_Mexicana", "route_name_short": "Mexicana", "type": "Bus", "shape_id": "shape_3510" }, "geometry": { "type": "LineString", "coordinates": [ [ -107.39368, 24.76331 ], [ -107.39316, 24.76379 ], [ -107.3932, 24.76383 ], [ -107.39373, 24.76332 ], [ -107.3938, 24.76316 ], [ -107.39412, 24.76287 ], [ -107.39509, 24.76216 ], [ -107.3952, 24.76192 ], [ -107.3954, 24.76168 ], [ -107.39452, 24.76068 ], [ -107.3958, 24.75971 ], [ -107.39709, 24.75868 ], [ -107.39654, 24.75811 ], [ -107.39649, 24.75778 ], [ -107.39557, 24.75664 ], [ -107.39473, 24.7555 ], [ -107.39731, 24.75538 ], [ -107.39728, 24.75507 ], [ -107.39448, 24.75528 ], [ -107.39545, 24.75653 ], [ -107.39646, 24.75777 ], [ -107.39542, 24.75824 ], [ -107.39529, 24.75853 ], [ -107.3941, 24.75982 ], [ -107.39402, 24.76002 ], [ -107.39399, 24.7602 ], [ -107.39401, 24.76057 ], [ -107.39379, 24.7604 ], [ -107.39319, 24.75992 ], [ -107.3922, 24.76086 ], [ -107.39289, 24.76152 ], [ -107.39224, 24.7621 ], [ -107.3916, 24.76245 ], [ -107.39162, 24.76255 ], [ -107.39161, 24.7626 ], [ -107.39042, 24.76369 ], [ -107.39004, 24.76336 ], [ -107.38994, 24.76333 ], [ -107.38824, 24.76381 ], [ -107.38806, 24.76378 ], [ -107.38793, 24.76383 ], [ -107.38379, 24.76479 ], [ -107.38388, 24.76491 ], [ -107.38425, 24.76642 ], [ -107.38454, 24.76802 ], [ -107.38489, 24.76871 ], [ -107.38569, 24.77068 ], [ -107.38577, 24.77176 ], [ -107.38689, 24.77372 ], [ -107.38846, 24.77752 ], [ -107.38634, 24.77806 ], [ -107.38358, 24.77863 ], [ -107.38399, 24.78056 ], [ -107.38334, 24.78073 ], [ -107.38313, 24.78084 ], [ -107.38303, 24.78097 ], [ -107.38301, 24.78138 ], [ -107.38281, 24.78253 ], [ -107.38265, 24.78273 ], [ -107.38248, 24.78289 ], [ -107.38213, 24.78308 ], [ -107.3818, 24.78316 ], [ -107.38133, 24.78321 ], [ -107.3772, 24.78338 ], [ -107.37411, 24.78357 ], [ -107.37488, 24.78833 ], [ -107.37521, 24.79066 ], [ -107.37563, 24.79293 ], [ -107.37561, 24.79333 ], [ -107.3756, 24.79348 ], [ -107.37579, 24.79356 ], [ -107.37611, 24.79358 ], [ -107.37666, 24.79359 ], [ -107.3772, 24.79351 ], [ -107.37778, 24.79337 ], [ -107.37787, 24.79336 ], [ -107.37927, 24.79295 ], [ -107.38068, 24.79259 ], [ -107.38114, 24.79258 ], [ -107.38153, 24.79263 ], [ -107.38174, 24.79274 ], [ -107.3867, 24.79363 ], [ -107.38719, 24.79361 ], [ -107.38861, 24.7934 ], [ -107.39008, 24.79311 ], [ -107.39022, 24.79315 ], [ -107.39027, 24.79323 ], [ -107.39044, 24.79464 ], [ -107.39083, 24.797 ], [ -107.39164, 24.80128 ], [ -107.3915, 24.80238 ], [ -107.39165, 24.80311 ], [ -107.3919, 24.8049 ], [ -107.3923, 24.80752 ], [ -107.39642, 24.80725 ], [ -107.39646, 24.80724 ], [ -107.39603, 24.80458 ], [ -107.39556, 24.80178 ], [ -107.39188, 24.80244 ], [ -107.38839, 24.80307 ], [ -107.38787, 24.80093 ], [ -107.38756, 24.79961 ], [ -107.38745, 24.79894 ], [ -107.38734, 24.79847 ], [ -107.38672, 24.79593 ], [ -107.38614, 24.79365 ], [ -107.38612, 24.79344 ], [ -107.38357, 24.79298 ], [ -107.38161, 24.79262 ], [ -107.3814, 24.79254 ], [ -107.38119, 24.79253 ], [ -107.38069, 24.79255 ], [ -107.37924, 24.79292 ], [ -107.37785, 24.79333 ], [ -107.37775, 24.79334 ], [ -107.3773, 24.79345 ], [ -107.37678, 24.79354 ], [ -107.37654, 24.79355 ], [ -107.37611, 24.79354 ], [ -107.37581, 24.79353 ], [ -107.37566, 24.79346 ], [ -107.37565, 24.79338 ], [ -107.37568, 24.7932 ], [ -107.37568, 24.79303 ], [ -107.37563, 24.7927 ], [ -107.37531, 24.79105 ], [ -107.37479, 24.78744 ], [ -107.37419, 24.78362 ], [ -107.37776, 24.78341 ], [ -107.38133, 24.78325 ], [ -107.38179, 24.78321 ], [ -107.38215, 24.78311 ], [ -107.38243, 24.78298 ], [ -107.38271, 24.78275 ], [ -107.38288, 24.7825 ], [ -107.38298, 24.78219 ], [ -107.38311, 24.78102 ], [ -107.38337, 24.78083 ], [ -107.38405, 24.78064 ], [ -107.38365, 24.77864 ], [ -107.38426, 24.77853 ], [ -107.38639, 24.77807 ], [ -107.3885, 24.77755 ], [ -107.38691, 24.77368 ], [ -107.38581, 24.77174 ], [ -107.38572, 24.77067 ], [ -107.38494, 24.76871 ], [ -107.38456, 24.76797 ], [ -107.38428, 24.76642 ], [ -107.3839, 24.76487 ], [ -107.38596, 24.76445 ], [ -107.38804, 24.76396 ], [ -107.38824, 24.76384 ], [ -107.38982, 24.76339 ], [ -107.38996, 24.76337 ], [ -107.39004, 24.76339 ], [ -107.39043, 24.76371 ], [ -107.39165, 24.7626 ], [ -107.39166, 24.76255 ], [ -107.39164, 24.76245 ], [ -107.39226, 24.76211 ], [ -107.39292, 24.76151 ], [ -107.39224, 24.76087 ], [ -107.39319, 24.75995 ], [ -107.39378, 24.76044 ], [ -107.39406, 24.76066 ], [ -107.39403, 24.7602 ], [ -107.3941, 24.75989 ], [ -107.3953, 24.75855 ], [ -107.39544, 24.75825 ], [ -107.39646, 24.75779 ], [ -107.39648, 24.75806 ], [ -107.39701, 24.75867 ], [ -107.39574, 24.7597 ], [ -107.39447, 24.76068 ], [ -107.39537, 24.76172 ], [ -107.39661, 24.76095 ], [ -107.39759, 24.76057 ], [ -107.39779, 24.7608 ], [ -107.39697, 24.76196 ], [ -107.39648, 24.76251 ], [ -107.39602, 24.76295 ], [ -107.39499, 24.76306 ], [ -107.39422, 24.76319 ], [ -107.39368, 24.76331 ] ] } },
{ "type": "Feature", "properties": { "city": "Culiacán", "route_name": "Prepa_- Huertas", "route_name_short": "- Huertas", "type": "Bus", "shape_id": "shape_3556" }, "geometry": { "type": "LineString", "coordinates": [ [ -107.38182, 24.75257 ], [ -107.38014, 24.75197 ], [ -107.37959, 24.75322 ], [ -107.37912, 24.75424 ], [ -107.37816, 24.7563 ], [ -107.37804, 24.75641 ], [ -107.37796, 24.75646 ], [ -107.37774, 24.75655 ], [ -107.37753, 24.7566 ], [ -107.37472, 24.75723 ], [ -107.37497, 24.75922 ], [ -107.37041, 24.7603 ], [ -107.37021, 24.75936 ], [ -107.37011, 24.75938 ], [ -107.36854, 24.75983 ], [ -107.36679, 24.76035 ], [ -107.36546, 24.76073 ], [ -107.36242, 24.76167 ], [ -107.36208, 24.76061 ], [ -107.36101, 24.76093 ], [ -107.35997, 24.76123 ], [ -107.36148, 24.76468 ], [ -107.36404, 24.77055 ], [ -107.36631, 24.77564 ], [ -107.37099, 24.78632 ], [ -107.37504, 24.79566 ], [ -107.37699, 24.79869 ], [ -107.3778, 24.79983 ], [ -107.37971, 24.80179 ], [ -107.3833, 24.80533 ], [ -107.38958, 24.8049 ], [ -107.3899, 24.80631 ], [ -107.3903, 24.80773 ], [ -107.39558, 24.80731 ], [ -107.39573, 24.80882 ], [ -107.39737, 24.80861 ], [ -107.39836, 24.80859 ], [ -107.40076, 24.80863 ], [ -107.40104, 24.80866 ], [ -107.40109, 24.80912 ], [ -107.39679, 24.80959 ], [ -107.39372, 24.81007 ], [ -107.3921, 24.81032 ], [ -107.39094, 24.81056 ], [ -107.39049, 24.80875 ], [ -107.38975, 24.80889 ], [ -107.3895, 24.8078 ], [ -107.38882, 24.80487 ], [ -107.38345, 24.80519 ], [ -107.38184, 24.80365 ], [ -107.37834, 24.80015 ], [ -107.37733, 24.79887 ], [ -107.37624, 24.79719 ], [ -107.37526, 24.79553 ], [ -107.3723, 24.78884 ], [ -107.37007, 24.78392 ], [ -107.36896, 24.78132 ], [ -107.36742, 24.77784 ], [ -107.36589, 24.77436 ], [ -107.36465, 24.77145 ], [ -107.36451, 24.77113 ], [ -107.36541, 24.7711 ], [ -107.3654, 24.77038 ], [ -107.3642, 24.77043 ], [ -107.36355, 24.7689 ], [ -107.36566, 24.76821 ], [ -107.3656, 24.76817 ], [ -107.36349, 24.76885 ], [ -107.36284, 24.76742 ], [ -107.36163, 24.76457 ], [ -107.36014, 24.76121 ], [ -107.36207, 24.76065 ], [ -107.3624, 24.76172 ], [ -107.3635, 24.76137 ], [ -107.36546, 24.76077 ], [ -107.36784, 24.76009 ], [ -107.37021, 24.7594 ], [ -107.37022, 24.75933 ], [ -107.36973, 24.75703 ], [ -107.37237, 24.75637 ], [ -107.37447, 24.75582 ], [ -107.37469, 24.75731 ], [ -107.37754, 24.75662 ], [ -107.37776, 24.75659 ], [ -107.37797, 24.75651 ], [ -107.37808, 24.75644 ], [ -107.37817, 24.75634 ], [ -107.37956, 24.75335 ], [ -107.38089, 24.75033 ], [ -107.38279, 24.75106 ], [ -107.38274, 24.75139 ], [ -107.38247, 24.75198 ], [ -107.38215, 24.75264 ], [ -107.3821, 24.75267 ], [ -107.38182, 24.75257 ] ] } },
{ "type": "Feature", "properties": { "city": "Culiacán", "route_name": "Recursos_", "route_name_short": "", "type": "Bus", "shape_id": "shape_3557" }, "geometry": { "type": "LineString", "coordinates": [ [ -107.36601, 24.78438 ], [ -107.36592, 24.78885 ], [ -107.36583, 24.79263 ], [ -107.36583, 24.79627 ], [ -107.37045, 24.79775 ], [ -107.36874, 24.80213 ], [ -107.37482, 24.80407 ], [ -107.37888, 24.80536 ], [ -107.37942, 24.80547 ], [ -107.37986, 24.80546 ], [ -107.38305, 24.80531 ], [ -107.3834, 24.8055 ], [ -107.38349, 24.80575 ], [ -107.38379, 24.80829 ], [ -107.38563, 24.80813 ], [ -107.38814, 24.80791 ], [ -107.39445, 24.80739 ], [ -107.39557, 24.80734 ], [ -107.39571, 24.8088 ], [ -107.39661, 24.80868 ], [ -107.39809, 24.80859 ], [ -107.40012, 24.80862 ], [ -107.40007, 24.80751 ], [ -107.40001, 24.80697 ], [ -107.40095, 24.80691 ], [ -107.4048, 24.80658 ], [ -107.40436, 24.80502 ], [ -107.40481, 24.80497 ], [ -107.40515, 24.80496 ], [ -107.40543, 24.80497 ], [ -107.40549, 24.80495 ], [ -107.40564, 24.80523 ], [ -107.40577, 24.80561 ], [ -107.40588, 24.80613 ], [ -107.40611, 24.80721 ], [ -107.40629, 24.80784 ], [ -107.40661, 24.80824 ], [ -107.40726, 24.80879 ], [ -107.40726, 24.80904 ], [ -107.4071, 24.80919 ], [ -107.4069, 24.8092 ], [ -107.40679, 24.80911 ], [ -107.40674, 24.80899 ], [ -107.40681, 24.80881 ], [ -107.40783, 24.80758 ], [ -107.40906, 24.80625 ], [ -107.40937, 24.80559 ], [ -107.40957, 24.80534 ], [ -107.41005, 24.80511 ], [ -107.41045, 24.80493 ], [ -107.41254, 24.80279 ], [ -107.41447, 24.80088 ], [ -107.41513, 24.8003 ], [ -107.41582, 24.79996 ], [ -107.41994, 24.79871 ], [ -107.4239, 24.79749 ], [ -107.43221, 24.7948 ], [ -107.43643, 24.79339 ], [ -107.43707, 24.79305 ], [ -107.43771, 24.79258 ], [ -107.43978, 24.7906 ], [ -107.44158, 24.78889 ], [ -107.44196, 24.78891 ], [ -107.44524, 24.79074 ], [ -107.44824, 24.7924 ], [ -107.45119, 24.79408 ], [ -107.45133, 24.79426 ], [ -107.45142, 24.79448 ], [ -107.45147, 24.79468 ], [ -107.45143, 24.79496 ], [ -107.45036, 24.79799 ], [ -107.4505, 24.79812 ], [ -107.45066, 24.79813 ], [ -107.45075, 24.79806 ], [ -107.45186, 24.79505 ], [ -107.45187, 24.79477 ], [ -107.45176, 24.79447 ], [ -107.45153, 24.79416 ], [ -107.45062, 24.79361 ], [ -107.44165, 24.78854 ], [ -107.43762, 24.7924 ], [ -107.437, 24.79287 ], [ -107.43633, 24.79321 ], [ -107.43281, 24.7944 ], [ -107.43459, 24.7987 ], [ -107.43221, 24.79944 ], [ -107.43116, 24.79965 ], [ -107.42816, 24.80092 ], [ -107.42778, 24.80079 ], [ -107.42728, 24.79988 ], [ -107.42893, 24.79914 ], [ -107.42896, 24.79904 ], [ -107.42891, 24.79836 ], [ -107.42887, 24.79837 ], [ -107.42892, 24.79904 ], [ -107.42886, 24.79916 ], [ -107.42726, 24.79984 ], [ -107.42567, 24.79673 ], [ -107.41831, 24.79907 ], [ -107.41569, 24.79984 ], [ -107.41497, 24.80017 ], [ -107.41368, 24.80133 ], [ -107.4126, 24.80252 ], [ -107.41099, 24.80416 ], [ -107.41034, 24.8048 ], [ -107.40993, 24.80502 ], [ -107.40945, 24.80525 ], [ -107.40926, 24.80557 ], [ -107.409, 24.80617 ], [ -107.40791, 24.8073 ], [ -107.40767, 24.80727 ], [ -107.40709, 24.80675 ], [ -107.40678, 24.80652 ], [ -107.40666, 24.80643 ], [ -107.40664, 24.80626 ], [ -107.40653, 24.80611 ], [ -107.40621, 24.80555 ], [ -107.40577, 24.80497 ], [ -107.4056, 24.80417 ], [ -107.40549, 24.80391 ], [ -107.40523, 24.80375 ], [ -107.40492, 24.80383 ], [ -107.4047, 24.80403 ], [ -107.4047, 24.8043 ], [ -107.4054, 24.80485 ], [ -107.40559, 24.80503 ], [ -107.40565, 24.80562 ], [ -107.39547, 24.80658 ], [ -107.39562, 24.80794 ], [ -107.39531, 24.80797 ], [ -107.39516, 24.80798 ], [ -107.39448, 24.80802 ], [ -107.39345, 24.80814 ], [ -107.39242, 24.80835 ], [ -107.39049, 24.80876 ], [ -107.38512, 24.80985 ], [ -107.38404, 24.80979 ], [ -107.38358, 24.80619 ], [ -107.3835, 24.80546 ], [ -107.38342, 24.80516 ], [ -107.38217, 24.80524 ], [ -107.37939, 24.80535 ], [ -107.37882, 24.80525 ], [ -107.37451, 24.80387 ], [ -107.36888, 24.80207 ], [ -107.36902, 24.80168 ], [ -107.36958, 24.80029 ], [ -107.37054, 24.79774 ], [ -107.36939, 24.79738 ], [ -107.36595, 24.79629 ], [ -107.36591, 24.79439 ], [ -107.36593, 24.7927 ], [ -107.36602, 24.78899 ], [ -107.36604, 24.78679 ], [ -107.36609, 24.7844 ], [ -107.366, 24.7844 ] ] } },
{ "type": "Feature", "properties": { "city": "Culiacán", "route_name": "Revolución_", "route_name_short": "", "type": "Bus", "shape_id": "shape_3511" }, "geometry": { "type": "LineString", "coordinates": [ [ -107.39432, 24.80455 ], [ -107.38955, 24.80482 ], [ -107.3834, 24.80519 ], [ -107.37979, 24.80535 ], [ -107.37925, 24.80534 ], [ -107.37875, 24.80523 ], [ -107.37286, 24.80337 ], [ -107.36666, 24.80135 ], [ -107.36591, 24.80117 ], [ -107.36586, 24.801 ], [ -107.36592, 24.79893 ], [ -107.36593, 24.79676 ], [ -107.36592, 24.79384 ], [ -107.36602, 24.78892 ], [ -107.36608, 24.78441 ], [ -107.3662, 24.78399 ], [ -107.36705, 24.78285 ], [ -107.36784, 24.78192 ], [ -107.36797, 24.78182 ], [ -107.36782, 24.78177 ], [ -107.36609, 24.78394 ], [ -107.36598, 24.78437 ], [ -107.36595, 24.7865 ], [ -107.36593, 24.78875 ], [ -107.36588, 24.79082 ], [ -107.36584, 24.79267 ], [ -107.36584, 24.7966 ], [ -107.36583, 24.79821 ], [ -107.36579, 24.80105 ], [ -107.36578, 24.80127 ], [ -107.366, 24.80127 ], [ -107.36642, 24.80137 ], [ -107.36871, 24.80209 ], [ -107.37123, 24.8029 ], [ -107.37666, 24.80466 ], [ -107.37858, 24.80528 ], [ -107.37927, 24.80546 ], [ -107.37971, 24.80548 ], [ -107.38159, 24.8054 ], [ -107.38389, 24.80526 ], [ -107.38958, 24.80494 ], [ -107.39061, 24.80905 ], [ -107.39094, 24.81054 ], [ -107.39277, 24.81021 ], [ -107.39479, 24.80987 ], [ -107.39445, 24.80767 ], [ -107.39431, 24.80458 ] ] } },
{ "type": "Feature", "properties": { "city": "Culiacán", "route_name": "Río_Viejo - 5 de Febrero - IMSS Navolato", "route_name_short": "Viejo - 5 de Febrero - IMSS Navolato", "type": "Bus", "shape_id": "shape_3572" }, "geometry": { "type": "LineString", "coordinates": [ [ -107.6777, 24.78159 ], [ -107.67746, 24.78097 ], [ -107.67736, 24.78064 ], [ -107.67733, 24.78052 ], [ -107.67738, 24.78021 ], [ -107.67749, 24.77973 ], [ -107.67752, 24.77965 ], [ -107.67762, 24.77957 ], [ -107.67798, 24.77942 ], [ -107.67821, 24.77935 ], [ -107.67882, 24.77922 ], [ -107.67959, 24.77908 ], [ -107.67981, 24.77896 ], [ -107.68046, 24.77853 ], [ -107.68103, 24.77806 ], [ -107.68216, 24.7778 ], [ -107.684, 24.77738 ], [ -107.68457, 24.77727 ], [ -107.6849, 24.77725 ], [ -107.68542, 24.77727 ], [ -107.68672, 24.77736 ], [ -107.68716, 24.77741 ], [ -107.68818, 24.7776 ], [ -107.69013, 24.77791 ], [ -107.69073, 24.77798 ], [ -107.69186, 24.77806 ], [ -107.69279, 24.77813 ], [ -107.69289, 24.77777 ], [ -107.69333, 24.77617 ], [ -107.69351, 24.77563 ], [ -107.6937, 24.77538 ], [ -107.69389, 24.7752 ], [ -107.69425, 24.77495 ], [ -107.69477, 24.77462 ], [ -107.69556, 24.77411 ], [ -107.69587, 24.77386 ], [ -107.69599, 24.77367 ], [ -107.69609, 24.77343 ], [ -107.69621, 24.77294 ], [ -107.69658, 24.77126 ], [ -107.69703, 24.76915 ], [ -107.69723, 24.76834 ], [ -107.69774, 24.76674 ], [ -107.69805, 24.7654 ], [ -107.69587, 24.76504 ], [ -107.69549, 24.76494 ], [ -107.69517, 24.76501 ], [ -107.69481, 24.76346 ], [ -107.69415, 24.76035 ], [ -107.69349, 24.75802 ], [ -107.69288, 24.75515 ], [ -107.69249, 24.75352 ], [ -107.69193, 24.75104 ], [ -107.6913, 24.74822 ], [ -107.69093, 24.7466 ], [ -107.6937, 24.74603 ], [ -107.69688, 24.74542 ], [ -107.69662, 24.74447 ], [ -107.69218, 24.74532 ], [ -107.69231, 24.74582 ], [ -107.69069, 24.74611 ], [ -107.69118, 24.74818 ], [ -107.69192, 24.75137 ], [ -107.69246, 24.75377 ], [ -107.6927, 24.75482 ], [ -107.6929, 24.75561 ], [ -107.69347, 24.75828 ], [ -107.69382, 24.75954 ], [ -107.69415, 24.76095 ], [ -107.69481, 24.76368 ], [ -107.69547, 24.76636 ], [ -107.69767, 24.76678 ], [ -107.69725, 24.76814 ], [ -107.69701, 24.76903 ], [ -107.69671, 24.77044 ], [ -107.6962, 24.77274 ], [ -107.69601, 24.77349 ], [ -107.6959, 24.77372 ], [ -107.69577, 24.77388 ], [ -107.69544, 24.77413 ], [ -107.69488, 24.77449 ], [ -107.69432, 24.77485 ], [ -107.69387, 24.77514 ], [ -107.69359, 24.77542 ], [ -107.69343, 24.77568 ], [ -107.69321, 24.77638 ], [ -107.69275, 24.77811 ], [ -107.69165, 24.77801 ], [ -107.69056, 24.77793 ], [ -107.68991, 24.77786 ], [ -107.68828, 24.77758 ], [ -107.68701, 24.77735 ], [ -107.68662, 24.77732 ], [ -107.68576, 24.77727 ], [ -107.68497, 24.77723 ], [ -107.6846, 24.77723 ], [ -107.68429, 24.77728 ], [ -107.68363, 24.77743 ], [ -107.68218, 24.77776 ], [ -107.68101, 24.77803 ], [ -107.68071, 24.77826 ], [ -107.68037, 24.77857 ], [ -107.67993, 24.77883 ], [ -107.67963, 24.77903 ], [ -107.67934, 24.77909 ], [ -107.67886, 24.77916 ], [ -107.67844, 24.77927 ], [ -107.67783, 24.77944 ], [ -107.67752, 24.77958 ], [ -107.67745, 24.77969 ], [ -107.67738, 24.78001 ], [ -107.67731, 24.78039 ], [ -107.67729, 24.7806 ], [ -107.67738, 24.78085 ], [ -107.67758, 24.78139 ], [ -107.67765, 24.78161 ], [ -107.67769, 24.78159 ] ] } },
{ "type": "Feature", "properties": { "city": "Culiacán", "route_name": "Río_Viejo - 5 de Febrero - Juárez Navolato", "route_name_short": "Viejo - 5 de Febrero - Juárez Navolato", "type": "Bus", "shape_id": "shape_3571" }, "geometry": { "type": "LineString", "coordinates": [ [ -107.6777, 24.78159 ], [ -107.67746, 24.78097 ], [ -107.67736, 24.78064 ], [ -107.67733, 24.78052 ], [ -107.67738, 24.78021 ], [ -107.67749, 24.77973 ], [ -107.67752, 24.77965 ], [ -107.67762, 24.77957 ], [ -107.67798, 24.77942 ], [ -107.67821, 24.77935 ], [ -107.67882, 24.77922 ], [ -107.67959, 24.77908 ], [ -107.67981, 24.77896 ], [ -107.68046, 24.77853 ], [ -107.68103, 24.77806 ], [ -107.68216, 24.7778 ], [ -107.684, 24.77738 ], [ -107.68457, 24.77727 ], [ -107.6849, 24.77725 ], [ -107.68542, 24.77727 ], [ -107.68672, 24.77736 ], [ -107.68716, 24.77741 ], [ -107.68818, 24.7776 ], [ -107.69013, 24.77791 ], [ -107.69073, 24.77798 ], [ -107.69186, 24.77806 ], [ -107.69279, 24.77813 ], [ -107.69289, 24.77777 ], [ -107.69333, 24.77617 ], [ -107.69351, 24.77563 ], [ -107.6937, 24.77538 ], [ -107.69389, 24.7752 ], [ -107.69425, 24.77495 ], [ -107.69477, 24.77462 ], [ -107.69556, 24.77411 ], [ -107.69587, 24.77386 ], [ -107.69599, 24.77367 ], [ -107.69609, 24.77343 ], [ -107.69621, 24.77294 ], [ -107.69658, 24.77126 ], [ -107.69703, 24.76915 ], [ -107.69723, 24.76834 ], [ -107.69774, 24.76674 ], [ -107.69806, 24.76542 ], [ -107.69819, 24.76468 ], [ -107.69822, 24.76386 ], [ -107.69829, 24.76189 ], [ -107.6983, 24.76154 ], [ -107.69827, 24.76123 ], [ -107.69831, 24.76055 ], [ -107.69843, 24.75839 ], [ -107.69858, 24.75592 ], [ -107.69857, 24.75577 ], [ -107.69637, 24.75597 ], [ -107.69533, 24.75604 ], [ -107.69496, 24.75598 ], [ -107.69449, 24.75584 ], [ -107.69378, 24.75558 ], [ -107.69356, 24.75549 ], [ -107.69325, 24.75548 ], [ -107.69304, 24.75539 ], [ -107.69288, 24.75515 ], [ -107.69249, 24.75352 ], [ -107.69193, 24.75104 ], [ -107.6913, 24.74822 ], [ -107.69093, 24.7466 ], [ -107.6937, 24.74603 ], [ -107.69688, 24.74542 ], [ -107.69662, 24.74447 ], [ -107.69218, 24.74532 ], [ -107.69231, 24.74582 ], [ -107.69069, 24.74611 ], [ -107.69118, 24.74818 ], [ -107.69192, 24.75137 ], [ -107.69246, 24.75377 ], [ -107.6927, 24.75482 ], [ -107.6929, 24.75561 ], [ -107.69351, 24.75558 ], [ -107.69384, 24.75565 ], [ -107.69456, 24.75595 ], [ -107.69495, 24.75608 ], [ -107.69547, 24.75614 ], [ -107.69614, 24.7561 ], [ -107.69853, 24.7559 ], [ -107.69852, 24.75659 ], [ -107.69834, 24.75924 ], [ -107.69826, 24.7608 ], [ -107.69822, 24.76132 ], [ -107.69826, 24.76162 ], [ -107.69819, 24.76331 ], [ -107.69813, 24.76476 ], [ -107.69798, 24.76555 ], [ -107.69766, 24.76683 ], [ -107.69725, 24.76814 ], [ -107.69701, 24.76903 ], [ -107.69671, 24.77044 ], [ -107.6962, 24.77274 ], [ -107.69601, 24.77349 ], [ -107.6959, 24.77372 ], [ -107.69577, 24.77388 ], [ -107.69544, 24.77413 ], [ -107.69488, 24.77449 ], [ -107.69432, 24.77485 ], [ -107.69387, 24.77514 ], [ -107.69359, 24.77542 ], [ -107.69343, 24.77568 ], [ -107.69321, 24.77638 ], [ -107.69275, 24.77811 ], [ -107.69165, 24.77801 ], [ -107.69056, 24.77793 ], [ -107.68991, 24.77786 ], [ -107.68828, 24.77758 ], [ -107.68701, 24.77735 ], [ -107.68662, 24.77732 ], [ -107.68576, 24.77727 ], [ -107.68497, 24.77723 ], [ -107.6846, 24.77723 ], [ -107.68429, 24.77728 ], [ -107.68363, 24.77743 ], [ -107.68218, 24.77776 ], [ -107.68101, 24.77803 ], [ -107.68071, 24.77826 ], [ -107.68037, 24.77857 ], [ -107.67993, 24.77883 ], [ -107.67963, 24.77903 ], [ -107.67934, 24.77909 ], [ -107.67886, 24.77916 ], [ -107.67844, 24.77927 ], [ -107.67783, 24.77944 ], [ -107.67752, 24.77958 ], [ -107.67745, 24.77969 ], [ -107.67738, 24.78001 ], [ -107.67731, 24.78039 ], [ -107.67729, 24.7806 ], [ -107.67738, 24.78085 ], [ -107.67758, 24.78139 ], [ -107.67765, 24.78161 ], [ -107.67769, 24.78159 ] ] } },
{ "type": "Feature", "properties": { "city": "Culiacán", "route_name": "Ruiz_Cortines", "route_name_short": "Cortines", "type": "Bus", "shape_id": "shape_3512" }, "geometry": { "type": "LineString", "coordinates": [ [ -107.40086, 24.80611 ], [ -107.39635, 24.80651 ], [ -107.39601, 24.80457 ], [ -107.39612, 24.80456 ], [ -107.40211, 24.80424 ], [ -107.40089, 24.79792 ], [ -107.40173, 24.79787 ], [ -107.40156, 24.79694 ], [ -107.40088, 24.79326 ], [ -107.4007, 24.79235 ], [ -107.40066, 24.79143 ], [ -107.40058, 24.7893 ], [ -107.40044, 24.78689 ], [ -107.40043, 24.78626 ], [ -107.40046, 24.78583 ], [ -107.40055, 24.78552 ], [ -107.40067, 24.78529 ], [ -107.40098, 24.78502 ], [ -107.40152, 24.78478 ], [ -107.4035, 24.78481 ], [ -107.40451, 24.78437 ], [ -107.40469, 24.78445 ], [ -107.40483, 24.78443 ], [ -107.40494, 24.78435 ], [ -107.405, 24.78421 ], [ -107.405, 24.78412 ], [ -107.40514, 24.78406 ], [ -107.40544, 24.78376 ], [ -107.40561, 24.78351 ], [ -107.40412, 24.78347 ], [ -107.4029, 24.78342 ], [ -107.40134, 24.78203 ], [ -107.40132, 24.7817 ], [ -107.40184, 24.78161 ], [ -107.40268, 24.78154 ], [ -107.40314, 24.78162 ], [ -107.40355, 24.78164 ], [ -107.40613, 24.78129 ], [ -107.40718, 24.78114 ], [ -107.4078, 24.78162 ], [ -107.40813, 24.78206 ], [ -107.4082, 24.78212 ], [ -107.41005, 24.78229 ], [ -107.4108, 24.78214 ], [ -107.41091, 24.78219 ], [ -107.41099, 24.78224 ], [ -107.41159, 24.78259 ], [ -107.41229, 24.78278 ], [ -107.41327, 24.78303 ], [ -107.41334, 24.78272 ], [ -107.4137, 24.78222 ], [ -107.41394, 24.78199 ], [ -107.41448, 24.78149 ], [ -107.41514, 24.7809 ], [ -107.41578, 24.78024 ], [ -107.41642, 24.77959 ], [ -107.41492, 24.77828 ], [ -107.4176, 24.77582 ], [ -107.41828, 24.77518 ], [ -107.42023, 24.77332 ], [ -107.42092, 24.77265 ], [ -107.42157, 24.77204 ], [ -107.42288, 24.7708 ], [ -107.42416, 24.76955 ], [ -107.42481, 24.76891 ], [ -107.42406, 24.76824 ], [ -107.42332, 24.76759 ], [ -107.42238, 24.76676 ], [ -107.42136, 24.76588 ], [ -107.42022, 24.7649 ], [ -107.41954, 24.76434 ], [ -107.41849, 24.76197 ], [ -107.42062, 24.76123 ], [ -107.42163, 24.7609 ], [ -107.42264, 24.76067 ], [ -107.42201, 24.75926 ], [ -107.42185, 24.7567 ], [ -107.4217, 24.75422 ], [ -107.42176, 24.75408 ], [ -107.42485, 24.75391 ], [ -107.42487, 24.75369 ], [ -107.42473, 24.7515 ], [ -107.42454, 24.749 ], [ -107.42477, 24.74899 ], [ -107.42496, 24.74898 ], [ -107.42516, 24.74938 ], [ -107.42538, 24.74983 ], [ -107.42826, 24.74975 ], [ -107.42841, 24.74968 ], [ -107.42775, 24.74823 ], [ -107.4276, 24.74817 ], [ -107.42692, 24.74655 ], [ -107.42619, 24.74486 ], [ -107.42165, 24.74493 ], [ -107.4169, 24.7452 ], [ -107.41704, 24.74691 ], [ -107.41545, 24.74701 ], [ -107.41559, 24.74897 ], [ -107.41686, 24.74889 ], [ -107.4168, 24.74811 ], [ -107.41759, 24.74807 ], [ -107.41776, 24.74767 ], [ -107.41796, 24.74713 ], [ -107.41875, 24.74523 ], [ -107.42317, 24.74495 ], [ -107.42613, 24.74494 ], [ -107.42692, 24.74666 ], [ -107.42761, 24.74834 ], [ -107.42824, 24.74972 ], [ -107.4254, 24.74981 ], [ -107.42498, 24.74894 ], [ -107.42129, 24.74916 ], [ -107.42158, 24.75383 ], [ -107.42169, 24.75467 ], [ -107.42197, 24.7593 ], [ -107.42256, 24.76064 ], [ -107.42157, 24.76086 ], [ -107.41842, 24.76197 ], [ -107.41953, 24.7644 ], [ -107.42216, 24.76664 ], [ -107.42476, 24.76892 ], [ -107.42201, 24.77155 ], [ -107.42003, 24.77364 ], [ -107.41807, 24.77532 ], [ -107.41617, 24.77708 ], [ -107.41486, 24.77829 ], [ -107.41287, 24.78026 ], [ -107.41077, 24.78213 ], [ -107.41001, 24.78226 ], [ -107.40819, 24.78208 ], [ -107.40757, 24.78209 ], [ -107.40646, 24.78228 ], [ -107.40562, 24.78342 ], [ -107.40554, 24.78342 ], [ -107.40529, 24.78375 ], [ -107.40499, 24.78402 ], [ -107.40488, 24.78404 ], [ -107.40476, 24.78399 ], [ -107.40464, 24.784 ], [ -107.4045, 24.7841 ], [ -107.40444, 24.78423 ], [ -107.40448, 24.78431 ], [ -107.40323, 24.78479 ], [ -107.4015, 24.78474 ], [ -107.40097, 24.78497 ], [ -107.40062, 24.7853 ], [ -107.40049, 24.78556 ], [ -107.40042, 24.78583 ], [ -107.40038, 24.78659 ], [ -107.40056, 24.78979 ], [ -107.40066, 24.79238 ], [ -107.40168, 24.79785 ], [ -107.40025, 24.79793 ], [ -107.4006, 24.80161 ], [ -107.40082, 24.80522 ], [ -107.40088, 24.80611 ] ] } },
{ "type": "Feature", "properties": { "city": "Culiacán", "route_name": "San_Miguel - Amistad", "route_name_short": "Miguel - Amistad", "type": "Bus", "shape_id": "shape_3558" }, "geometry": { "type": "LineString", "coordinates": [ [ -107.34917, 24.8005 ], [ -107.34921, 24.8005 ], [ -107.34908, 24.80003 ], [ -107.34895, 24.79958 ], [ -107.34873, 24.79919 ], [ -107.34833, 24.7987 ], [ -107.34784, 24.79711 ], [ -107.34741, 24.7954 ], [ -107.34712, 24.79455 ], [ -107.34758, 24.79457 ], [ -107.35088, 24.79417 ], [ -107.35413, 24.79373 ], [ -107.35498, 24.79367 ], [ -107.35836, 24.79322 ], [ -107.36131, 24.79281 ], [ -107.36284, 24.79254 ], [ -107.36292, 24.79254 ], [ -107.36311, 24.79252 ], [ -107.36561, 24.79254 ], [ -107.36773, 24.79267 ], [ -107.36896, 24.79272 ], [ -107.36896, 24.79272 ], [ -107.36901, 24.79202 ], [ -107.37005, 24.79206 ], [ -107.37009, 24.79204 ], [ -107.37015, 24.79201 ], [ -107.37025, 24.79195 ], [ -107.37159, 24.79149 ], [ -107.37227, 24.79121 ], [ -107.37303, 24.79093 ], [ -107.37342, 24.79186 ], [ -107.37403, 24.79322 ], [ -107.37441, 24.7931 ], [ -107.37504, 24.7933 ], [ -107.37565, 24.79349 ], [ -107.37601, 24.79357 ], [ -107.37637, 24.79359 ], [ -107.37668, 24.79358 ], [ -107.37711, 24.79352 ], [ -107.37775, 24.79337 ], [ -107.37787, 24.79337 ], [ -107.3797, 24.79284 ], [ -107.38027, 24.79268 ], [ -107.38068, 24.79259 ], [ -107.38117, 24.79257 ], [ -107.3814, 24.7926 ], [ -107.38163, 24.79267 ], [ -107.38166, 24.79272 ], [ -107.38274, 24.79293 ], [ -107.38461, 24.79327 ], [ -107.38604, 24.79353 ], [ -107.38654, 24.79361 ], [ -107.38675, 24.79363 ], [ -107.38696, 24.79364 ], [ -107.38722, 24.79362 ], [ -107.38844, 24.79344 ], [ -107.39009, 24.7931 ], [ -107.39017, 24.79314 ], [ -107.39026, 24.7932 ], [ -107.39032, 24.79382 ], [ -107.39053, 24.79506 ], [ -107.39062, 24.79563 ], [ -107.39076, 24.79646 ], [ -107.39128, 24.79939 ], [ -107.39162, 24.80119 ], [ -107.3915, 24.80234 ], [ -107.39164, 24.80297 ], [ -107.39176, 24.80393 ], [ -107.39189, 24.80481 ], [ -107.39202, 24.80571 ], [ -107.39372, 24.80561 ], [ -107.39543, 24.80553 ], [ -107.39548, 24.80664 ], [ -107.39557, 24.80733 ], [ -107.39648, 24.80725 ], [ -107.39644, 24.80697 ], [ -107.39643, 24.80694 ], [ -107.39633, 24.80649 ], [ -107.39548, 24.80657 ], [ -107.39331, 24.80673 ], [ -107.39008, 24.807 ], [ -107.38938, 24.80404 ], [ -107.38909, 24.80291 ], [ -107.38869, 24.80083 ], [ -107.38859, 24.80039 ], [ -107.38779, 24.80045 ], [ -107.38752, 24.79944 ], [ -107.38711, 24.79753 ], [ -107.38667, 24.79568 ], [ -107.38615, 24.79363 ], [ -107.38615, 24.79342 ], [ -107.38526, 24.79329 ], [ -107.38276, 24.79283 ], [ -107.38168, 24.79262 ], [ -107.38159, 24.79265 ], [ -107.38145, 24.79257 ], [ -107.38117, 24.79253 ], [ -107.38068, 24.79255 ], [ -107.38023, 24.79265 ], [ -107.37919, 24.79294 ], [ -107.37784, 24.79333 ], [ -107.37772, 24.79332 ], [ -107.37711, 24.79348 ], [ -107.37666, 24.79354 ], [ -107.3763, 24.79355 ], [ -107.37596, 24.79352 ], [ -107.37564, 24.79344 ], [ -107.37443, 24.79306 ], [ -107.37411, 24.79292 ], [ -107.37379, 24.79221 ], [ -107.37317, 24.79083 ], [ -107.37224, 24.79118 ], [ -107.37154, 24.79146 ], [ -107.37022, 24.79192 ], [ -107.37009, 24.792 ], [ -107.36995, 24.79202 ], [ -107.36896, 24.79199 ], [ -107.36893, 24.7926 ], [ -107.36742, 24.79254 ], [ -107.36589, 24.79249 ], [ -107.36298, 24.7924 ], [ -107.3628, 24.7925 ], [ -107.36123, 24.79277 ], [ -107.35984, 24.79296 ], [ -107.3565, 24.79341 ], [ -107.35482, 24.79362 ], [ -107.3541, 24.79369 ], [ -107.35201, 24.79394 ], [ -107.35002, 24.79423 ], [ -107.34757, 24.79451 ], [ -107.34705, 24.79451 ], [ -107.34603, 24.7947 ], [ -107.34557, 24.79481 ], [ -107.34576, 24.79558 ], [ -107.34595, 24.79637 ], [ -107.34615, 24.79719 ], [ -107.34646, 24.79879 ], [ -107.34828, 24.79873 ], [ -107.34869, 24.79922 ], [ -107.34888, 24.79951 ], [ -107.34906, 24.80008 ], [ -107.34917, 24.8005 ] ] } },
{ "type": "Feature", "properties": { "city": "Culiacán", "route_name": "Solidaridad_", "route_name_short": "", "type": "Bus", "shape_id": "shape_3559" }, "geometry": { "type": "LineString", "coordinates": [ [ -107.45837, 24.83382 ], [ -107.45847, 24.8333 ], [ -107.45767, 24.83317 ], [ -107.45651, 24.83252 ], [ -107.45568, 24.83203 ], [ -107.4548, 24.83197 ], [ -107.45465, 24.83161 ], [ -107.45458, 24.83126 ], [ -107.45496, 24.82878 ], [ -107.45502, 24.82831 ], [ -107.45512, 24.8282 ], [ -107.45509, 24.82801 ], [ -107.45564, 24.82437 ], [ -107.45536, 24.8242 ], [ -107.45492, 24.82375 ], [ -107.45451, 24.82338 ], [ -107.45416, 24.82325 ], [ -107.45272, 24.82306 ], [ -107.45288, 24.82216 ], [ -107.45324, 24.81958 ], [ -107.4532, 24.81951 ], [ -107.45292, 24.8195 ], [ -107.45224, 24.81966 ], [ -107.45198, 24.81964 ], [ -107.44465, 24.81867 ], [ -107.44013, 24.8178 ], [ -107.43964, 24.82005 ], [ -107.43468, 24.8192 ], [ -107.43416, 24.82172 ], [ -107.43265, 24.82148 ], [ -107.43189, 24.82184 ], [ -107.43213, 24.82223 ], [ -107.42985, 24.82333 ], [ -107.42978, 24.82358 ], [ -107.42969, 24.82364 ], [ -107.42853, 24.82434 ], [ -107.42735, 24.82275 ], [ -107.42698, 24.82202 ], [ -107.42613, 24.82113 ], [ -107.42306, 24.82299 ], [ -107.42265, 24.8225 ], [ -107.42209, 24.82196 ], [ -107.41922, 24.81952 ], [ -107.41399, 24.81479 ], [ -107.41213, 24.813 ], [ -107.40644, 24.80787 ], [ -107.40637, 24.80778 ], [ -107.40616, 24.80686 ], [ -107.4056, 24.80426 ], [ -107.40552, 24.80396 ], [ -107.40536, 24.80381 ], [ -107.40516, 24.80377 ], [ -107.40497, 24.80379 ], [ -107.40472, 24.80403 ], [ -107.4021, 24.80412 ], [ -107.40066, 24.80301 ], [ -107.40069, 24.80338 ], [ -107.39782, 24.80358 ], [ -107.39588, 24.80368 ], [ -107.39507, 24.80374 ], [ -107.39544, 24.80553 ], [ -107.39548, 24.80659 ], [ -107.39572, 24.8088 ], [ -107.39573, 24.80884 ], [ -107.39595, 24.80972 ], [ -107.3961, 24.81066 ], [ -107.40038, 24.81007 ], [ -107.40019, 24.80919 ], [ -107.3999, 24.80526 ], [ -107.40553, 24.80493 ], [ -107.40584, 24.80583 ], [ -107.40621, 24.80768 ], [ -107.40659, 24.80822 ], [ -107.41128, 24.81244 ], [ -107.41459, 24.81554 ], [ -107.41755, 24.81816 ], [ -107.41807, 24.81888 ], [ -107.41841, 24.81903 ], [ -107.42059, 24.81923 ], [ -107.42088, 24.81915 ], [ -107.42185, 24.81875 ], [ -107.42199, 24.81876 ], [ -107.42364, 24.81805 ], [ -107.42482, 24.8197 ], [ -107.42534, 24.8202 ], [ -107.42554, 24.82048 ], [ -107.42584, 24.82092 ], [ -107.4265, 24.82183 ], [ -107.42661, 24.82196 ], [ -107.42844, 24.82443 ], [ -107.42892, 24.82507 ], [ -107.42968, 24.82608 ], [ -107.42988, 24.82634 ], [ -107.42992, 24.8265 ], [ -107.42993, 24.82676 ], [ -107.42996, 24.82691 ], [ -107.43048, 24.82761 ], [ -107.4309, 24.82824 ], [ -107.43145, 24.829 ], [ -107.43208, 24.82985 ], [ -107.43221, 24.83004 ], [ -107.43219, 24.83015 ], [ -107.43223, 24.83018 ], [ -107.43224, 24.83003 ], [ -107.43213, 24.82986 ], [ -107.43139, 24.82886 ], [ -107.43096, 24.82827 ], [ -107.43104, 24.82823 ], [ -107.43091, 24.82801 ], [ -107.43024, 24.82709 ], [ -107.43014, 24.82691 ], [ -107.43006, 24.82646 ], [ -107.43001, 24.82628 ], [ -107.42984, 24.82604 ], [ -107.42911, 24.82508 ], [ -107.42856, 24.82437 ], [ -107.42976, 24.82366 ], [ -107.42983, 24.82355 ], [ -107.42991, 24.82334 ], [ -107.43226, 24.82222 ], [ -107.43205, 24.82183 ], [ -107.43265, 24.82153 ], [ -107.43419, 24.82177 ], [ -107.43469, 24.81929 ], [ -107.43967, 24.82017 ], [ -107.44015, 24.81788 ], [ -107.44436, 24.8187 ], [ -107.45089, 24.81959 ], [ -107.45199, 24.81972 ], [ -107.45244, 24.81973 ], [ -107.45254, 24.82001 ], [ -107.45281, 24.82042 ], [ -107.45286, 24.82061 ], [ -107.45274, 24.82153 ], [ -107.45256, 24.82248 ], [ -107.45224, 24.82278 ], [ -107.45215, 24.82308 ], [ -107.45267, 24.82317 ], [ -107.4523, 24.82589 ], [ -107.45189, 24.82849 ], [ -107.45198, 24.82867 ], [ -107.45485, 24.82905 ], [ -107.45453, 24.83091 ], [ -107.45451, 24.83134 ], [ -107.45459, 24.83166 ], [ -107.45515, 24.83314 ], [ -107.45529, 24.83332 ], [ -107.45555, 24.83351 ], [ -107.45617, 24.83387 ], [ -107.45627, 24.83405 ], [ -107.45622, 24.83444 ], [ -107.45706, 24.83469 ], [ -107.45756, 24.83488 ], [ -107.45813, 24.83498 ], [ -107.45836, 24.83383 ] ] } },
{ "type": "Feature", "properties": { "city": "Culiacán", "route_name": "Toledo_", "route_name_short": "", "type": "Bus", "shape_id": "shape_3561" }, "geometry": { "type": "LineString", "coordinates": [ [ -107.43165, 24.79478 ], [ -107.4159, 24.79975 ], [ -107.41495, 24.80017 ], [ -107.41439, 24.80066 ], [ -107.41038, 24.80477 ], [ -107.40944, 24.80527 ], [ -107.4093, 24.80545 ], [ -107.40898, 24.80615 ], [ -107.40791, 24.80729 ], [ -107.40763, 24.80724 ], [ -107.40678, 24.80647 ], [ -107.40652, 24.80616 ], [ -107.40621, 24.80557 ], [ -107.40599, 24.80534 ], [ -107.40578, 24.805 ], [ -107.40554, 24.804 ], [ -107.40535, 24.80381 ], [ -107.40507, 24.80379 ], [ -107.4049, 24.80385 ], [ -107.40472, 24.80403 ], [ -107.4021, 24.80413 ], [ -107.40107, 24.8033 ], [ -107.40067, 24.80304 ], [ -107.40088, 24.80613 ], [ -107.39633, 24.80649 ], [ -107.39552, 24.80178 ], [ -107.38836, 24.80307 ], [ -107.38714, 24.7977 ], [ -107.38616, 24.79367 ], [ -107.38618, 24.79354 ], [ -107.38614, 24.79342 ], [ -107.38124, 24.79254 ], [ -107.38083, 24.79254 ], [ -107.38054, 24.79257 ], [ -107.38018, 24.79266 ], [ -107.37788, 24.79332 ], [ -107.37789, 24.7931 ], [ -107.37814, 24.79282 ], [ -107.37854, 24.79251 ], [ -107.37899, 24.79219 ], [ -107.37908, 24.79212 ], [ -107.37917, 24.79195 ], [ -107.37916, 24.79182 ], [ -107.379, 24.7909 ], [ -107.37929, 24.79046 ], [ -107.37937, 24.79029 ], [ -107.37939, 24.79013 ], [ -107.37918, 24.78967 ], [ -107.3802, 24.78928 ], [ -107.38031, 24.78913 ], [ -107.38006, 24.78853 ], [ -107.37936, 24.78653 ], [ -107.37912, 24.78592 ], [ -107.37884, 24.78517 ], [ -107.37829, 24.78361 ], [ -107.37862, 24.78345 ], [ -107.37871, 24.78333 ], [ -107.37851, 24.78336 ], [ -107.37842, 24.78109 ], [ -107.37824, 24.77902 ], [ -107.37816, 24.77883 ], [ -107.37799, 24.77858 ], [ -107.37788, 24.77835 ], [ -107.37779, 24.77759 ], [ -107.3776, 24.77665 ], [ -107.37736, 24.77495 ], [ -107.37687, 24.7717 ], [ -107.37648, 24.76892 ], [ -107.37607, 24.76631 ], [ -107.37566, 24.76376 ], [ -107.37527, 24.76112 ], [ -107.37472, 24.7573 ], [ -107.3743, 24.75448 ], [ -107.37409, 24.75312 ], [ -107.37385, 24.75173 ], [ -107.37458, 24.75123 ], [ -107.37485, 24.75093 ], [ -107.37556, 24.7491 ], [ -107.37568, 24.74879 ], [ -107.37597, 24.748 ], [ -107.37614, 24.74718 ], [ -107.37638, 24.74696 ], [ -107.37659, 24.74671 ], [ -107.3767, 24.74638 ], [ -107.37664, 24.7464 ], [ -107.37655, 24.7467 ], [ -107.37637, 24.74694 ], [ -107.37609, 24.74719 ], [ -107.37594, 24.74797 ], [ -107.37565, 24.74874 ], [ -107.3755, 24.74913 ], [ -107.37479, 24.75091 ], [ -107.37453, 24.75121 ], [ -107.37381, 24.75172 ], [ -107.37467, 24.75728 ], [ -107.37521, 24.76105 ], [ -107.37566, 24.76408 ], [ -107.37603, 24.76629 ], [ -107.37642, 24.76897 ], [ -107.37684, 24.77171 ], [ -107.37733, 24.77506 ], [ -107.37755, 24.77661 ], [ -107.37774, 24.77756 ], [ -107.37777, 24.7781 ], [ -107.37782, 24.77838 ], [ -107.37791, 24.77855 ], [ -107.3781, 24.77882 ], [ -107.3782, 24.77904 ], [ -107.37838, 24.78111 ], [ -107.37845, 24.78336 ], [ -107.37828, 24.78335 ], [ -107.37825, 24.78355 ], [ -107.37827, 24.78373 ], [ -107.37881, 24.78522 ], [ -107.37906, 24.78594 ], [ -107.37935, 24.78657 ], [ -107.37978, 24.78789 ], [ -107.38005, 24.78862 ], [ -107.38025, 24.78912 ], [ -107.38021, 24.78921 ], [ -107.38011, 24.78928 ], [ -107.37914, 24.78966 ], [ -107.37934, 24.79014 ], [ -107.37935, 24.79028 ], [ -107.37897, 24.79088 ], [ -107.37914, 24.79195 ], [ -107.37903, 24.79212 ], [ -107.37886, 24.79225 ], [ -107.37833, 24.7926 ], [ -107.37797, 24.79295 ], [ -107.37784, 24.79312 ], [ -107.37787, 24.79335 ], [ -107.38024, 24.79267 ], [ -107.38069, 24.79259 ], [ -107.38124, 24.79257 ], [ -107.38161, 24.79265 ], [ -107.38188, 24.79276 ], [ -107.38674, 24.79363 ], [ -107.38841, 24.79343 ], [ -107.39007, 24.7931 ], [ -107.39026, 24.7932 ], [ -107.39095, 24.79759 ], [ -107.39162, 24.80119 ], [ -107.3915, 24.80235 ], [ -107.39157, 24.80268 ], [ -107.39481, 24.80208 ], [ -107.39499, 24.80332 ], [ -107.39543, 24.80552 ], [ -107.39556, 24.80731 ], [ -107.39801, 24.8071 ], [ -107.40094, 24.80692 ], [ -107.40366, 24.80666 ], [ -107.40474, 24.81057 ], [ -107.40542, 24.81015 ], [ -107.40582, 24.80979 ], [ -107.40695, 24.80859 ], [ -107.40794, 24.80745 ], [ -107.40908, 24.80623 ], [ -107.40938, 24.80555 ], [ -107.40954, 24.80535 ], [ -107.40979, 24.80519 ], [ -107.4103, 24.80502 ], [ -107.41053, 24.80487 ], [ -107.41435, 24.80097 ], [ -107.4151, 24.80031 ], [ -107.41574, 24.79998 ], [ -107.41836, 24.79921 ], [ -107.42543, 24.79701 ], [ -107.42565, 24.79709 ], [ -107.42576, 24.79718 ], [ -107.42715, 24.79989 ], [ -107.42886, 24.79912 ], [ -107.4289, 24.79907 ], [ -107.42887, 24.79834 ], [ -107.42891, 24.79834 ], [ -107.42895, 24.79907 ], [ -107.42889, 24.79915 ], [ -107.42715, 24.79992 ], [ -107.42785, 24.80118 ], [ -107.43085, 24.79985 ], [ -107.43257, 24.79947 ], [ -107.43477, 24.79875 ], [ -107.43313, 24.79483 ], [ -107.43297, 24.79435 ], [ -107.43169, 24.79477 ] ] } },
{ "type": "Feature", "properties": { "city": "Culiacán", "route_name": "STASE_", "route_name_short": "", "type": "Bus", "shape_id": "shape_3560" }, "geometry": { "type": "LineString", "coordinates": [ [ -107.41043, 24.83169 ], [ -107.41019, 24.83179 ], [ -107.40798, 24.83224 ], [ -107.40749, 24.83206 ], [ -107.40758, 24.83168 ], [ -107.40777, 24.83095 ], [ -107.40716, 24.83068 ], [ -107.40726, 24.83037 ], [ -107.40627, 24.83006 ], [ -107.40645, 24.82979 ], [ -107.40771, 24.82991 ], [ -107.40813, 24.8294 ], [ -107.40886, 24.82946 ], [ -107.40924, 24.82894 ], [ -107.40939, 24.82896 ], [ -107.40946, 24.8289 ], [ -107.40948, 24.82883 ], [ -107.41043, 24.82845 ], [ -107.41177, 24.82791 ], [ -107.41265, 24.82817 ], [ -107.4159, 24.82149 ], [ -107.41609, 24.82131 ], [ -107.41976, 24.81973 ], [ -107.42011, 24.81966 ], [ -107.42027, 24.81972 ], [ -107.42038, 24.81987 ], [ -107.42037, 24.82008 ], [ -107.42027, 24.82017 ], [ -107.42018, 24.82019 ], [ -107.41989, 24.82012 ], [ -107.41384, 24.81465 ], [ -107.41249, 24.81334 ], [ -107.40837, 24.80957 ], [ -107.40648, 24.80791 ], [ -107.40638, 24.8078 ], [ -107.40632, 24.80761 ], [ -107.40554, 24.80397 ], [ -107.40542, 24.80385 ], [ -107.40516, 24.80376 ], [ -107.40494, 24.80381 ], [ -107.40473, 24.80402 ], [ -107.4047, 24.80416 ], [ -107.40481, 24.80442 ], [ -107.40515, 24.80461 ], [ -107.40554, 24.80494 ], [ -107.40562, 24.80509 ], [ -107.40559, 24.80521 ], [ -107.40567, 24.80562 ], [ -107.40245, 24.80597 ], [ -107.39643, 24.80647 ], [ -107.39639, 24.80647 ], [ -107.39007, 24.807 ], [ -107.3892, 24.8033 ], [ -107.38858, 24.80038 ], [ -107.38773, 24.80045 ], [ -107.38743, 24.79891 ], [ -107.38718, 24.79779 ], [ -107.38718, 24.79779 ], [ -107.39093, 24.79762 ], [ -107.39162, 24.8012 ], [ -107.39152, 24.80232 ], [ -107.3923, 24.80755 ], [ -107.39556, 24.80732 ], [ -107.39571, 24.8088 ], [ -107.39671, 24.80866 ], [ -107.39808, 24.80856 ], [ -107.40012, 24.80862 ], [ -107.40001, 24.80696 ], [ -107.40481, 24.80658 ], [ -107.40435, 24.805 ], [ -107.40551, 24.80494 ], [ -107.40584, 24.80586 ], [ -107.40625, 24.80776 ], [ -107.40642, 24.80804 ], [ -107.41252, 24.81356 ], [ -107.41398, 24.815 ], [ -107.41759, 24.81821 ], [ -107.41774, 24.81842 ], [ -107.41907, 24.81963 ], [ -107.419, 24.81991 ], [ -107.41746, 24.82052 ], [ -107.41572, 24.82129 ], [ -107.41512, 24.82221 ], [ -107.41226, 24.82805 ], [ -107.4118, 24.82905 ], [ -107.41044, 24.83168 ] ] } },
{ "type": "Feature", "properties": { "city": "Culiacán", "route_name": "U_de O - Villas del Río", "route_name_short": "de O - Villas del Río", "type": "Bus", "shape_id": "shape_3513" }, "geometry": { "type": "LineString", "coordinates": [ [ -107.46177, 24.80446 ], [ -107.45913, 24.80728 ], [ -107.45891, 24.8074 ], [ -107.45866, 24.80746 ], [ -107.45104, 24.80665 ], [ -107.45082, 24.80658 ], [ -107.45059, 24.80637 ], [ -107.44581, 24.80553 ], [ -107.43956, 24.80477 ], [ -107.43777, 24.8058 ], [ -107.43755, 24.80587 ], [ -107.43553, 24.80604 ], [ -107.43523, 24.80711 ], [ -107.43181, 24.80716 ], [ -107.4315, 24.80713 ], [ -107.43111, 24.80709 ], [ -107.43094, 24.80678 ], [ -107.4273, 24.79987 ], [ -107.42889, 24.79915 ], [ -107.42896, 24.79905 ], [ -107.42895, 24.79874 ], [ -107.42891, 24.79833 ], [ -107.42888, 24.79837 ], [ -107.42891, 24.79906 ], [ -107.42887, 24.79914 ], [ -107.42714, 24.79989 ], [ -107.43107, 24.80725 ], [ -107.43256, 24.81003 ], [ -107.43402, 24.81299 ], [ -107.43395, 24.81337 ], [ -107.43214, 24.81412 ], [ -107.43091, 24.81178 ], [ -107.42839, 24.8129 ], [ -107.42746, 24.81119 ], [ -107.42739, 24.81123 ], [ -107.42826, 24.81289 ], [ -107.42956, 24.81531 ], [ -107.42629, 24.81681 ], [ -107.42346, 24.81798 ], [ -107.42185, 24.81863 ], [ -107.42143, 24.81871 ], [ -107.41851, 24.81842 ], [ -107.418, 24.81828 ], [ -107.41765, 24.81808 ], [ -107.41573, 24.81634 ], [ -107.41373, 24.81455 ], [ -107.41196, 24.81286 ], [ -107.40749, 24.80877 ], [ -107.40651, 24.80795 ], [ -107.40637, 24.8078 ], [ -107.4056, 24.80421 ], [ -107.40551, 24.80394 ], [ -107.40522, 24.80377 ], [ -107.40492, 24.80383 ], [ -107.40472, 24.80404 ], [ -107.40208, 24.80413 ], [ -107.40065, 24.80302 ], [ -107.40067, 24.80339 ], [ -107.39585, 24.80369 ], [ -107.39507, 24.80374 ], [ -107.39544, 24.80552 ], [ -107.39548, 24.80655 ], [ -107.39571, 24.80881 ], [ -107.39593, 24.80973 ], [ -107.39606, 24.81067 ], [ -107.39701, 24.81053 ], [ -107.39704, 24.81053 ], [ -107.4004, 24.81009 ], [ -107.4002, 24.8092 ], [ -107.39988, 24.80526 ], [ -107.40228, 24.80513 ], [ -107.40214, 24.80424 ], [ -107.40309, 24.80455 ], [ -107.4036, 24.8046 ], [ -107.40462, 24.8045 ], [ -107.40503, 24.80454 ], [ -107.40551, 24.80493 ], [ -107.40563, 24.80516 ], [ -107.40584, 24.80586 ], [ -107.40622, 24.80771 ], [ -107.4065, 24.80812 ], [ -107.41209, 24.81318 ], [ -107.41432, 24.81529 ], [ -107.41608, 24.81681 ], [ -107.41755, 24.81814 ], [ -107.41804, 24.81887 ], [ -107.41837, 24.81902 ], [ -107.42057, 24.81922 ], [ -107.42099, 24.81911 ], [ -107.42186, 24.81875 ], [ -107.42202, 24.81876 ], [ -107.42517, 24.81743 ], [ -107.42865, 24.81586 ], [ -107.42968, 24.81538 ], [ -107.42903, 24.81411 ], [ -107.42817, 24.81245 ], [ -107.42747, 24.81119 ], [ -107.42738, 24.81122 ], [ -107.42798, 24.81235 ], [ -107.42858, 24.8135 ], [ -107.42931, 24.81483 ], [ -107.42961, 24.81544 ], [ -107.42979, 24.81535 ], [ -107.43433, 24.81336 ], [ -107.43281, 24.81042 ], [ -107.43112, 24.80713 ], [ -107.43182, 24.80722 ], [ -107.43527, 24.80715 ], [ -107.43556, 24.80612 ], [ -107.43763, 24.80596 ], [ -107.43956, 24.80484 ], [ -107.44549, 24.8056 ], [ -107.45042, 24.80643 ], [ -107.45103, 24.80678 ], [ -107.45515, 24.80716 ], [ -107.45845, 24.80754 ], [ -107.45879, 24.80753 ], [ -107.45911, 24.80739 ], [ -107.45972, 24.80684 ], [ -107.46, 24.80707 ], [ -107.45986, 24.80825 ], [ -107.46247, 24.80752 ], [ -107.46243, 24.808 ], [ -107.46351, 24.80811 ], [ -107.46399, 24.80439 ], [ -107.46234, 24.80428 ], [ -107.46204, 24.80433 ], [ -107.46178, 24.80446 ] ] } },
{ "type": "Feature", "properties": { "city": "Culiacán", "route_name": "Vegas_- Central", "route_name_short": "- Central", "type": "Bus", "shape_id": "shape_3563" }, "geometry": { "type": "LineString", "coordinates": [ [ -107.365, 24.81588 ], [ -107.36499, 24.81575 ], [ -107.36359, 24.81581 ], [ -107.3628, 24.81102 ], [ -107.35966, 24.81113 ], [ -107.35952, 24.81119 ], [ -107.35707, 24.80983 ], [ -107.357, 24.80976 ], [ -107.35692, 24.80801 ], [ -107.35693, 24.80634 ], [ -107.35681, 24.8055 ], [ -107.35791, 24.80536 ], [ -107.35825, 24.80538 ], [ -107.36622, 24.8043 ], [ -107.36673, 24.80738 ], [ -107.37115, 24.80818 ], [ -107.37921, 24.80956 ], [ -107.37989, 24.80962 ], [ -107.37997, 24.80865 ], [ -107.39142, 24.80761 ], [ -107.39647, 24.80726 ], [ -107.398, 24.8071 ], [ -107.40094, 24.80692 ], [ -107.40366, 24.80666 ], [ -107.40474, 24.81057 ], [ -107.40548, 24.8101 ], [ -107.40684, 24.80872 ], [ -107.4078, 24.80758 ], [ -107.40909, 24.80623 ], [ -107.40939, 24.80553 ], [ -107.4095, 24.80539 ], [ -107.40972, 24.80522 ], [ -107.41047, 24.80492 ], [ -107.41421, 24.80108 ], [ -107.41512, 24.80031 ], [ -107.4157, 24.80001 ], [ -107.41675, 24.79967 ], [ -107.42601, 24.79684 ], [ -107.43627, 24.79343 ], [ -107.43696, 24.7931 ], [ -107.43767, 24.7926 ], [ -107.44156, 24.78888 ], [ -107.44198, 24.78891 ], [ -107.44987, 24.79332 ], [ -107.45106, 24.79401 ], [ -107.45127, 24.79417 ], [ -107.45139, 24.79439 ], [ -107.45147, 24.79488 ], [ -107.45063, 24.79718 ], [ -107.4509, 24.79775 ], [ -107.45185, 24.79501 ], [ -107.45185, 24.79475 ], [ -107.45178, 24.79451 ], [ -107.45156, 24.79416 ], [ -107.45131, 24.79399 ], [ -107.44165, 24.78853 ], [ -107.43773, 24.79229 ], [ -107.43692, 24.79289 ], [ -107.4361, 24.7933 ], [ -107.43281, 24.79439 ], [ -107.43458, 24.79871 ], [ -107.43218, 24.79946 ], [ -107.43113, 24.79965 ], [ -107.43057, 24.79982 ], [ -107.42817, 24.80091 ], [ -107.42794, 24.80088 ], [ -107.42773, 24.80075 ], [ -107.42729, 24.79987 ], [ -107.42891, 24.79915 ], [ -107.42895, 24.79907 ], [ -107.42891, 24.79832 ], [ -107.42887, 24.79911 ], [ -107.42725, 24.79983 ], [ -107.42566, 24.79675 ], [ -107.42118, 24.79816 ], [ -107.41588, 24.79975 ], [ -107.41495, 24.80017 ], [ -107.41468, 24.80039 ], [ -107.41031, 24.80484 ], [ -107.40957, 24.80518 ], [ -107.4094, 24.80531 ], [ -107.40898, 24.80615 ], [ -107.40572, 24.80972 ], [ -107.40494, 24.80707 ], [ -107.40078, 24.80752 ], [ -107.39807, 24.80769 ], [ -107.39562, 24.80794 ], [ -107.39518, 24.80796 ], [ -107.39512, 24.80797 ], [ -107.39343, 24.80814 ], [ -107.38702, 24.80949 ], [ -107.3851, 24.80985 ], [ -107.38417, 24.80983 ], [ -107.38409, 24.80978 ], [ -107.37907, 24.80947 ], [ -107.37659, 24.80899 ], [ -107.37531, 24.80882 ], [ -107.37251, 24.80829 ], [ -107.37119, 24.80811 ], [ -107.36686, 24.80731 ], [ -107.36691, 24.8072 ], [ -107.36668, 24.80631 ], [ -107.36638, 24.8043 ], [ -107.36628, 24.80426 ], [ -107.3652, 24.8044 ], [ -107.36246, 24.80477 ], [ -107.35844, 24.80532 ], [ -107.35793, 24.80532 ], [ -107.35676, 24.80547 ], [ -107.35688, 24.80635 ], [ -107.35687, 24.80803 ], [ -107.35693, 24.80969 ], [ -107.35699, 24.80983 ], [ -107.35963, 24.81128 ], [ -107.36263, 24.81116 ], [ -107.3634, 24.81596 ], [ -107.365, 24.81589 ] ] } },
{ "type": "Feature", "properties": { "city": "Culiacán", "route_name": "Vallado_- Chulavista", "route_name_short": "- Chulavista", "type": "Bus", "shape_id": "shape_3562" }, "geometry": { "type": "LineString", "coordinates": [ [ -107.40663, 24.75488 ], [ -107.40657, 24.75461 ], [ -107.40725, 24.75457 ], [ -107.40851, 24.75282 ], [ -107.41006, 24.75137 ], [ -107.41088, 24.75138 ], [ -107.4132, 24.75124 ], [ -107.41348, 24.75129 ], [ -107.41261, 24.75429 ], [ -107.41588, 24.7541 ], [ -107.41547, 24.75507 ], [ -107.41494, 24.75583 ], [ -107.41345, 24.75731 ], [ -107.41423, 24.75801 ], [ -107.41513, 24.75796 ], [ -107.41507, 24.75704 ], [ -107.41855, 24.75685 ], [ -107.41871, 24.75925 ], [ -107.41451, 24.76074 ], [ -107.41475, 24.76123 ], [ -107.41296, 24.76185 ], [ -107.41472, 24.76606 ], [ -107.42155, 24.77204 ], [ -107.42308, 24.77336 ], [ -107.42045, 24.77588 ], [ -107.41709, 24.77897 ], [ -107.41512, 24.78089 ], [ -107.41377, 24.78213 ], [ -107.41529, 24.78346 ], [ -107.41515, 24.78377 ], [ -107.4151, 24.78458 ], [ -107.41477, 24.78504 ], [ -107.41455, 24.78519 ], [ -107.41391, 24.78549 ], [ -107.41355, 24.78586 ], [ -107.41337, 24.78627 ], [ -107.41335, 24.78673 ], [ -107.41026, 24.7866 ], [ -107.41168, 24.78996 ], [ -107.41295, 24.79311 ], [ -107.41148, 24.79319 ], [ -107.41082, 24.79334 ], [ -107.41026, 24.79358 ], [ -107.40976, 24.79447 ], [ -107.4092, 24.79529 ], [ -107.40873, 24.79586 ], [ -107.40767, 24.79691 ], [ -107.40715, 24.79766 ], [ -107.4067, 24.7985 ], [ -107.40208, 24.79876 ], [ -107.40191, 24.79882 ], [ -107.3985, 24.79903 ], [ -107.39529, 24.7992 ], [ -107.39541, 24.80093 ], [ -107.39641, 24.80692 ], [ -107.41348, 24.75129 ], [ -107.4132, 24.75124 ], [ -107.41088, 24.75138 ], [ -107.41006, 24.75137 ], [ -107.40851, 24.75282 ], [ -107.40725, 24.75457 ], [ -107.40657, 24.75461 ], [ -107.40663, 24.75488 ], [ -107.41205, 24.75461 ], [ -107.41197, 24.7548 ], [ -107.4113, 24.75556 ], [ -107.41167, 24.75587 ], [ -107.41024, 24.75722 ], [ -107.41086, 24.75778 ], [ -107.4105, 24.75812 ], [ -107.40956, 24.75731 ], [ -107.40873, 24.75811 ], [ -107.41067, 24.75991 ], [ -107.41282, 24.76181 ], [ -107.41468, 24.7661 ], [ -107.42301, 24.77337 ], [ -107.42041, 24.77586 ], [ -107.4164, 24.77959 ], [ -107.41488, 24.77827 ], [ -107.41203, 24.78102 ], [ -107.41531, 24.78388 ], [ -107.41649, 24.78485 ], [ -107.41733, 24.78546 ], [ -107.41737, 24.78571 ], [ -107.4173, 24.78678 ], [ -107.41721, 24.78701 ], [ -107.41446, 24.79172 ], [ -107.41447, 24.7918 ], [ -107.41427, 24.79188 ], [ -107.41433, 24.79295 ], [ -107.41275, 24.79298 ], [ -107.41106, 24.79311 ], [ -107.40979, 24.79355 ], [ -107.4099, 24.79376 ], [ -107.4099, 24.79396 ], [ -107.40936, 24.79489 ], [ -107.40869, 24.7958 ], [ -107.40848, 24.79592 ], [ -107.40736, 24.79713 ], [ -107.4066, 24.79843 ], [ -107.40525, 24.79854 ], [ -107.39745, 24.79898 ], [ -107.39761, 24.80083 ], [ -107.39775, 24.80356 ], [ -107.39506, 24.80375 ], [ -107.39543, 24.80546 ], [ -107.39556, 24.80732 ], [ -107.39647, 24.80725 ], [ -107.39643, 24.80696 ] ] } },
{ "type": "Feature", "properties": { "city": "Culiacán", "route_name": "Zapata_- Panteón", "route_name_short": "- Panteón", "type": "Bus", "shape_id": "shape_3514" }, "geometry": { "type": "LineString", "coordinates": [ [ -107.35309, 24.77317 ], [ -107.35221, 24.77338 ], [ -107.35205, 24.77283 ], [ -107.34881, 24.77362 ], [ -107.34719, 24.77391 ], [ -107.34649, 24.77398 ], [ -107.34637, 24.77314 ], [ -107.3476, 24.77304 ], [ -107.34805, 24.77281 ], [ -107.34849, 24.77272 ], [ -107.34868, 24.77315 ], [ -107.3488, 24.77366 ], [ -107.35028, 24.77333 ], [ -107.35066, 24.77501 ], [ -107.35116, 24.77715 ], [ -107.35154, 24.77881 ], [ -107.35178, 24.7799 ], [ -107.35211, 24.78121 ], [ -107.35226, 24.78218 ], [ -107.35308, 24.78204 ], [ -107.35246, 24.7789 ], [ -107.35228, 24.77798 ], [ -107.35329, 24.77778 ], [ -107.35393, 24.77767 ], [ -107.35549, 24.77739 ], [ -107.35607, 24.78149 ], [ -107.3564, 24.78149 ], [ -107.35982, 24.77924 ], [ -107.36078, 24.77866 ], [ -107.36375, 24.78248 ], [ -107.36733, 24.78018 ], [ -107.36761, 24.78004 ], [ -107.36791, 24.77996 ], [ -107.36817, 24.7799 ], [ -107.37509, 24.79565 ], [ -107.37578, 24.79683 ], [ -107.37764, 24.79963 ], [ -107.37841, 24.8005 ], [ -107.38202, 24.80401 ], [ -107.38329, 24.80387 ], [ -107.38513, 24.80378 ], [ -107.38669, 24.80355 ], [ -107.39484, 24.80209 ], [ -107.39524, 24.80456 ], [ -107.39544, 24.80551 ], [ -107.39547, 24.80623 ], [ -107.39562, 24.80795 ], [ -107.39344, 24.80813 ], [ -107.39303, 24.80224 ], [ -107.3851, 24.80364 ], [ -107.38244, 24.80379 ], [ -107.38187, 24.80365 ], [ -107.37833, 24.80015 ], [ -107.37786, 24.7996 ], [ -107.37731, 24.79887 ], [ -107.3765, 24.79763 ], [ -107.37522, 24.79553 ], [ -107.3683, 24.77984 ], [ -107.36761, 24.78 ], [ -107.36728, 24.78017 ], [ -107.36376, 24.78244 ], [ -107.3608, 24.77864 ], [ -107.36318, 24.77716 ], [ -107.36201, 24.775 ], [ -107.35921, 24.77666 ], [ -107.35433, 24.77757 ], [ -107.35381, 24.77527 ], [ -107.35336, 24.77309 ], [ -107.3531, 24.77316 ] ] } },
{ "type": "Feature", "properties": { "city": "Culiacán", "route_name": "Villa_Universidad", "route_name_short": "Universidad", "type": "Bus", "shape_id": "shape_3564" }, "geometry": { "type": "LineString", "coordinates": [ [ -107.38497, 24.84561 ], [ -107.38498, 24.84426 ], [ -107.38631, 24.84426 ], [ -107.38636, 24.84296 ], [ -107.3868, 24.84297 ], [ -107.38681, 24.84046 ], [ -107.3871, 24.83909 ], [ -107.38614, 24.83887 ], [ -107.38593, 24.83874 ], [ -107.38561, 24.83822 ], [ -107.38547, 24.83811 ], [ -107.38517, 24.83802 ], [ -107.38517, 24.8377 ], [ -107.38506, 24.83723 ], [ -107.38505, 24.83645 ], [ -107.38461, 24.83343 ], [ -107.38451, 24.83336 ], [ -107.38446, 24.83323 ], [ -107.38456, 24.833 ], [ -107.3843, 24.83082 ], [ -107.38426, 24.82984 ], [ -107.38944, 24.8313 ], [ -107.389, 24.82627 ], [ -107.39023, 24.82398 ], [ -107.38961, 24.82109 ], [ -107.39182, 24.8209 ], [ -107.3964, 24.82106 ], [ -107.3965, 24.81972 ], [ -107.39532, 24.81277 ], [ -107.39445, 24.80806 ], [ -107.39411, 24.80015 ], [ -107.40207, 24.79979 ], [ -107.40187, 24.79884 ], [ -107.40201, 24.79876 ], [ -107.40658, 24.79844 ], [ -107.40748, 24.79697 ], [ -107.40848, 24.79593 ], [ -107.40866, 24.79581 ], [ -107.40907, 24.79531 ], [ -107.40969, 24.79438 ], [ -107.40991, 24.79395 ], [ -107.40987, 24.79374 ], [ -107.40919, 24.79189 ], [ -107.41447, 24.78969 ], [ -107.4154, 24.79013 ], [ -107.41632, 24.78849 ], [ -107.41795, 24.78928 ], [ -107.41832, 24.78882 ], [ -107.42011, 24.78972 ], [ -107.42091, 24.7883 ], [ -107.42121, 24.78788 ], [ -107.42202, 24.7886 ], [ -107.42285, 24.78757 ], [ -107.42283, 24.78747 ], [ -107.4234, 24.78696 ], [ -107.4235, 24.78703 ], [ -107.42366, 24.78753 ], [ -107.42519, 24.78774 ], [ -107.42533, 24.78786 ], [ -107.4265, 24.78801 ], [ -107.42602, 24.79031 ], [ -107.42592, 24.79038 ], [ -107.42565, 24.79037 ], [ -107.38493, 24.847 ], [ -107.38365, 24.84668 ], [ -107.38377, 24.84578 ], [ -107.38639, 24.84299 ], [ -107.38683, 24.843 ], [ -107.38685, 24.84038 ], [ -107.38715, 24.83907 ], [ -107.38618, 24.83885 ], [ -107.38596, 24.8387 ], [ -107.38554, 24.8381 ], [ -107.38532, 24.83802 ], [ -107.38534, 24.83751 ], [ -107.38487, 24.83345 ], [ -107.38498, 24.8332 ], [ -107.38493, 24.83307 ], [ -107.3848, 24.83297 ], [ -107.3845, 24.83004 ], [ -107.38955, 24.83145 ], [ -107.38912, 24.82628 ], [ -107.39035, 24.824 ], [ -107.38954, 24.82023 ], [ -107.38957, 24.81985 ], [ -107.3897, 24.81938 ], [ -107.38999, 24.81895 ], [ -107.39052, 24.81857 ], [ -107.39621, 24.81768 ], [ -107.39449, 24.808 ], [ -107.39418, 24.80102 ], [ -107.40585, 24.80046 ], [ -107.4061, 24.79988 ], [ -107.40618, 24.79983 ], [ -107.40673, 24.79845 ], [ -107.40744, 24.79724 ], [ -107.4084, 24.79614 ], [ -107.40874, 24.79585 ], [ -107.41121, 24.79696 ], [ -107.41158, 24.79636 ], [ -107.41294, 24.79332 ], [ -107.41296, 24.79311 ], [ -107.41282, 24.7929 ], [ -107.41282, 24.79278 ], [ -107.41234, 24.79153 ], [ -107.4153, 24.79041 ], [ -107.41636, 24.78865 ], [ -107.41801, 24.78937 ], [ -107.41834, 24.78892 ], [ -107.42013, 24.78978 ], [ -107.42096, 24.78834 ], [ -107.42175, 24.78901 ], [ -107.42289, 24.78755 ], [ -107.42402, 24.78866 ], [ -107.42565, 24.79037 ], [ -107.42592, 24.79038 ], [ -107.42602, 24.79031 ], [ -107.4265, 24.78801 ], [ -107.42533, 24.78786 ], [ -107.42519, 24.78774 ], [ -107.42366, 24.78753 ], [ -107.4235, 24.78703 ] ] } },
{ "type": "Feature", "properties": { "city": "Culiacán", "route_name": "Zapata_- Centro", "route_name_short": "- Centro", "type": "Bus", "shape_id": "shape_3565" }, "geometry": { "type": "LineString", "coordinates": [ [ -107.34509, 24.7728 ], [ -107.34631, 24.77266 ], [ -107.3465, 24.77399 ], [ -107.34527, 24.77416 ], [ -107.34534, 24.77448 ], [ -107.34537, 24.77476 ], [ -107.34535, 24.77513 ], [ -107.34541, 24.77554 ], [ -107.34554, 24.77597 ], [ -107.34835, 24.78226 ], [ -107.34911, 24.78377 ], [ -107.34927, 24.78388 ], [ -107.34956, 24.78481 ], [ -107.34991, 24.78523 ], [ -107.34995, 24.78575 ], [ -107.34993, 24.78685 ], [ -107.35542, 24.787 ], [ -107.35569, 24.78868 ], [ -107.36117, 24.78881 ], [ -107.36114, 24.78809 ], [ -107.35948, 24.78599 ], [ -107.35945, 24.78596 ], [ -107.35929, 24.78571 ], [ -107.35911, 24.78554 ], [ -107.36734, 24.78018 ], [ -107.36775, 24.77999 ], [ -107.36817, 24.77989 ], [ -107.37509, 24.79563 ], [ -107.37531, 24.79607 ], [ -107.37687, 24.7985 ], [ -107.37763, 24.79962 ], [ -107.37817, 24.80025 ], [ -107.38202, 24.80401 ], [ -107.38331, 24.80387 ], [ -107.38487, 24.8038 ], [ -107.38566, 24.80371 ], [ -107.38916, 24.80312 ], [ -107.39481, 24.80208 ], [ -107.39498, 24.80326 ], [ -107.39543, 24.80551 ], [ -107.39548, 24.80656 ], [ -107.39571, 24.8088 ], [ -107.39661, 24.80868 ], [ -107.39571, 24.8088 ], [ -107.39661, 24.80868 ], [ -107.39647, 24.80723 ], [ -107.39554, 24.80177 ], [ -107.3851, 24.80364 ], [ -107.38242, 24.8038 ], [ -107.38187, 24.80366 ], [ -107.37834, 24.80015 ], [ -107.37732, 24.79887 ], [ -107.37523, 24.79553 ], [ -107.36831, 24.77984 ], [ -107.36761, 24.78 ], [ -107.36721, 24.78021 ], [ -107.35816, 24.78609 ], [ -107.35712, 24.78671 ], [ -107.35702, 24.78678 ], [ -107.35706, 24.787 ], [ -107.34996, 24.78683 ], [ -107.34997, 24.78527 ], [ -107.3496, 24.78482 ], [ -107.34929, 24.78386 ], [ -107.34915, 24.78375 ], [ -107.34886, 24.78324 ], [ -107.34837, 24.78222 ], [ -107.3456, 24.77597 ], [ -107.34544, 24.77551 ], [ -107.34539, 24.77516 ], [ -107.34539, 24.77459 ], [ -107.34529, 24.77413 ], [ -107.34516, 24.77346 ], [ -107.3451, 24.7728 ] ] } }
]
}
