{
"type": "FeatureCollection",
"name": "hermosillo",
"crs": { "type": "name", "properties": { "name": "urn:ogc:def:crs:OGC:1.3:CRS84" } },
"features": [
{ "type": "Feature", "properties": { "city": "Hermosillo", "route_name": "2_Periférico - Lomas", "route_name_short": "Periférico - Lomas", "type": "Bus", "shape_id": "shape_3652" }, "geometry": { "type": "LineString", "coordinates": [ [ -110.99224, 29.11006 ], [ -110.99231, 29.11678 ], [ -110.99896, 29.11679 ], [ -111.00069, 29.11681 ], [ -111.0055, 29.11624 ], [ -111.00596, 29.11902 ], [ -111.00636, 29.12175 ], [ -111.00662, 29.12308 ], [ -111.00661, 29.124 ], [ -111.00678, 29.12532 ], [ -111.0071, 29.1271 ], [ -111.01192, 29.12642 ], [ -111.01226, 29.12836 ], [ -111.01383, 29.12814 ], [ -111.01397, 29.12903 ], [ -111.01437, 29.12895 ], [ -111.01542, 29.1351 ], [ -111.01268, 29.1355 ], [ -111.00986, 29.13586 ], [ -111.00531, 29.13717 ], [ -111.00454, 29.13525 ], [ -111.00428, 29.13487 ], [ -111.00372, 29.13167 ], [ -111.00044, 29.1321 ], [ -111.00025, 29.13202 ], [ -111.00015, 29.1317 ], [ -110.9997, 29.13196 ], [ -110.99869, 29.13477 ], [ -110.99691, 29.13678 ], [ -110.9951, 29.13738 ], [ -110.99381, 29.13402 ], [ -110.99279, 29.1312 ], [ -110.99262, 29.13059 ], [ -110.9926, 29.12766 ], [ -110.99257, 29.12448 ], [ -110.98917, 29.1227 ], [ -110.98281, 29.1194 ], [ -110.97289, 29.11424 ], [ -110.9722, 29.11002 ], [ -110.96637, 29.11075 ], [ -110.96529, 29.11037 ], [ -110.95619, 29.10874 ], [ -110.95297, 29.10876 ], [ -110.95297, 29.10169 ], [ -110.95121, 29.10171 ], [ -110.95122, 29.09791 ], [ -110.95127, 29.09779 ], [ -110.95179, 29.0976 ], [ -110.95219, 29.09735 ], [ -110.95251, 29.09708 ], [ -110.95281, 29.09673 ], [ -110.95298, 29.09642 ], [ -110.95311, 29.09632 ], [ -110.95313, 29.09618 ], [ -110.95324, 29.09598 ], [ -110.95431, 29.09398 ], [ -110.95558, 29.09162 ], [ -110.95891, 29.08528 ], [ -110.95899, 29.08493 ], [ -110.95887, 29.08415 ], [ -110.95823, 29.08163 ], [ -110.95764, 29.07909 ], [ -110.9572, 29.07766 ], [ -110.9568, 29.07532 ], [ -110.9566, 29.0741 ], [ -110.95649, 29.07374 ], [ -110.95597, 29.07299 ], [ -110.95583, 29.07266 ], [ -110.95568, 29.07158 ], [ -110.95554, 29.07042 ], [ -110.95579, 29.07027 ], [ -110.95633, 29.07029 ], [ -110.9573, 29.07017 ], [ -110.96353, 29.07019 ], [ -110.9647, 29.07016 ], [ -110.96538, 29.07019 ], [ -110.96728, 29.07069 ], [ -110.96773, 29.07075 ], [ -110.96922, 29.07083 ], [ -110.97195, 29.07101 ], [ -110.97225, 29.07086 ], [ -110.96771, 29.0644 ], [ -110.96732, 29.06343 ], [ -110.96702, 29.06231 ], [ -110.96663, 29.05986 ], [ -110.96617, 29.05849 ], [ -110.96554, 29.05731 ], [ -110.96475, 29.05574 ], [ -110.96375, 29.0537 ], [ -110.96362, 29.05289 ], [ -110.96355, 29.05206 ], [ -110.9635, 29.05126 ], [ -110.96346, 29.05016 ], [ -110.9634, 29.04879 ], [ -110.96334, 29.04827 ], [ -110.96306, 29.04733 ], [ -110.96158, 29.04364 ], [ -110.96099, 29.04158 ], [ -110.96029, 29.03862 ], [ -110.96003, 29.0382 ], [ -110.95972, 29.03789 ], [ -110.9594, 29.03769 ], [ -110.95645, 29.0369 ], [ -110.95705, 29.03412 ], [ -110.9575, 29.03175 ], [ -110.95312, 29.03092 ], [ -110.9488, 29.03027 ], [ -110.94989, 29.02423 ], [ -110.94646, 29.02369 ], [ -110.94299, 29.0232 ], [ -110.94365, 29.00843 ], [ -110.94343, 29.0067 ], [ -110.94332, 29.00539 ], [ -110.94351, 29.00135 ], [ -110.94368, 28.99634 ], [ -110.9437, 28.99599 ], [ -110.94196, 28.996 ], [ -110.94196, 28.99605 ], [ -110.94192, 28.99607 ], [ -110.94364, 28.99602 ], [ -110.94357, 28.99868 ], [ -110.94348, 29.00095 ], [ -110.94071, 29.00082 ], [ -110.94072, 29.00155 ], [ -110.94068, 29.0021 ], [ -110.93511, 29.00192 ], [ -110.93509, 29.00396 ], [ -110.93475, 29.00403 ], [ -110.93475, 29.00504 ], [ -110.93463, 29.00515 ], [ -110.93354, 29.0051 ], [ -110.93342, 29.00523 ], [ -110.93351, 29.00661 ], [ -110.93161, 29.00661 ], [ -110.93162, 29.00812 ], [ -110.93124, 29.00835 ], [ -110.92913, 29.00836 ], [ -110.92913, 29.00941 ], [ -110.92908, 29.00986 ], [ -110.92932, 29.01027 ], [ -110.92942, 29.01063 ], [ -110.92943, 29.01152 ], [ -110.93165, 29.01154 ], [ -110.93167, 29.01538 ], [ -110.93173, 29.01863 ], [ -110.93163, 29.01897 ], [ -110.93152, 29.01922 ], [ -110.93087, 29.02001 ], [ -110.93623, 29.02448 ], [ -110.94097, 29.02848 ], [ -110.9414, 29.02912 ], [ -110.94149, 29.02973 ], [ -110.94119, 29.03224 ], [ -110.94097, 29.03246 ], [ -110.94068, 29.03253 ], [ -110.93999, 29.03238 ], [ -110.93924, 29.03217 ], [ -110.93826, 29.03194 ], [ -110.93822, 29.03212 ], [ -110.94019, 29.03271 ], [ -110.9408, 29.03305 ], [ -110.94096, 29.03327 ], [ -110.94095, 29.03391 ], [ -110.94065, 29.03478 ], [ -110.94032, 29.03569 ], [ -110.93974, 29.03674 ], [ -110.93659, 29.04272 ], [ -110.93501, 29.0459 ], [ -110.93337, 29.0489 ], [ -110.93551, 29.04969 ], [ -110.93621, 29.05001 ], [ -110.93742, 29.05036 ], [ -110.9396, 29.05111 ], [ -110.94054, 29.04926 ], [ -110.94081, 29.04902 ], [ -110.94254, 29.04785 ], [ -110.94508, 29.04317 ], [ -110.94524, 29.0426 ], [ -110.94533, 29.04198 ], [ -110.94525, 29.04087 ], [ -110.94511, 29.04007 ], [ -110.94528, 29.03985 ], [ -110.94524, 29.03962 ], [ -110.94516, 29.03949 ], [ -110.945, 29.03944 ], [ -110.94483, 29.03796 ], [ -110.94485, 29.03741 ], [ -110.94503, 29.03676 ], [ -110.94574, 29.03472 ], [ -110.94643, 29.03442 ], [ -110.95212, 29.03595 ], [ -110.95806, 29.03758 ], [ -110.95912, 29.03795 ], [ -110.95954, 29.03815 ], [ -110.95995, 29.03875 ], [ -110.9602, 29.03951 ], [ -110.96046, 29.04059 ], [ -110.96115, 29.0433 ], [ -110.96123, 29.04364 ], [ -110.96276, 29.04742 ], [ -110.96296, 29.04802 ], [ -110.96308, 29.0487 ], [ -110.96337, 29.05342 ], [ -110.9637, 29.05437 ], [ -110.96606, 29.05902 ], [ -110.96639, 29.06028 ], [ -110.96673, 29.0621 ], [ -110.96689, 29.06295 ], [ -110.96726, 29.06404 ], [ -110.96771, 29.06475 ], [ -110.97191, 29.07088 ], [ -110.9678, 29.07064 ], [ -110.96722, 29.07055 ], [ -110.96554, 29.07011 ], [ -110.95998, 29.07007 ], [ -110.95807, 29.0701 ], [ -110.95712, 29.07001 ], [ -110.95529, 29.0698 ], [ -110.95473, 29.06979 ], [ -110.95461, 29.06989 ], [ -110.95457, 29.07026 ], [ -110.95465, 29.07033 ], [ -110.95478, 29.07029 ], [ -110.95519, 29.07035 ], [ -110.95548, 29.07056 ], [ -110.95564, 29.0717 ], [ -110.95578, 29.07268 ], [ -110.95587, 29.073 ], [ -110.95587, 29.07328 ], [ -110.95614, 29.07513 ], [ -110.95638, 29.07702 ], [ -110.9569, 29.07922 ], [ -110.9572, 29.08176 ], [ -110.95763, 29.08431 ], [ -110.95782, 29.08553 ], [ -110.95794, 29.08669 ], [ -110.95542, 29.09148 ], [ -110.95457, 29.09298 ], [ -110.95414, 29.09385 ], [ -110.95298, 29.09604 ], [ -110.95283, 29.09616 ], [ -110.95285, 29.09634 ], [ -110.95241, 29.09692 ], [ -110.95195, 29.09723 ], [ -110.95149, 29.09743 ], [ -110.95112, 29.09755 ], [ -110.95101, 29.09767 ], [ -110.95092, 29.09785 ], [ -110.95087, 29.10887 ], [ -110.95551, 29.10889 ], [ -110.95627, 29.10889 ], [ -110.96526, 29.11047 ], [ -110.97056, 29.11248 ], [ -110.99198, 29.10982 ], [ -110.99226, 29.11004 ] ] } },
{ "type": "Feature", "properties": { "city": "Hermosillo", "route_name": "1_Sahuaro", "route_name_short": "Sahuaro", "type": "Bus", "shape_id": "shape_3631" }, "geometry": { "type": "LineString", "coordinates": [ [ -111.01603, 29.11593 ], [ -111.01594, 29.10028 ], [ -111.01245, 29.10031 ], [ -111.00791, 29.10113 ], [ -111.00581, 29.10197 ], [ -111.00534, 29.10206 ], [ -110.99251, 29.10211 ], [ -110.99247, 29.09782 ], [ -110.98063, 29.0993 ], [ -110.97967, 29.09306 ], [ -110.97787, 29.0927 ], [ -110.97665, 29.0924 ], [ -110.96483, 29.08781 ], [ -110.96112, 29.08447 ], [ -110.96025, 29.08419 ], [ -110.95933, 29.08403 ], [ -110.95691, 29.08426 ], [ -110.95582, 29.07774 ], [ -110.9508, 29.07817 ], [ -110.95136, 29.08291 ], [ -110.95016, 29.08295 ], [ -110.94453, 29.08123 ], [ -110.94219, 29.08049 ], [ -110.93698, 29.07918 ], [ -110.93575, 29.07838 ], [ -110.93391, 29.07781 ], [ -110.93292, 29.07757 ], [ -110.93199, 29.07751 ], [ -110.93068, 29.0779 ], [ -110.92839, 29.07933 ], [ -110.92751, 29.07978 ], [ -110.92357, 29.08026 ], [ -110.92416, 29.08145 ], [ -110.92499, 29.08383 ], [ -110.9257, 29.08527 ], [ -110.92598, 29.08621 ], [ -110.9263, 29.08639 ], [ -110.92665, 29.08652 ], [ -110.93007, 29.08678 ], [ -110.93049, 29.08726 ], [ -110.93114, 29.0887 ], [ -110.93116, 29.08976 ], [ -110.931, 29.09355 ], [ -110.93103, 29.09584 ], [ -110.93098, 29.09726 ], [ -110.93089, 29.09732 ], [ -110.92759, 29.09731 ], [ -110.92483, 29.09771 ], [ -110.92512, 29.09882 ], [ -110.92398, 29.09902 ], [ -110.92374, 29.0982 ], [ -110.92603, 29.09772 ], [ -110.92776, 29.09747 ], [ -110.93087, 29.0975 ], [ -110.93107, 29.09749 ], [ -110.93106, 29.09731 ], [ -110.93107, 29.09317 ], [ -110.93124, 29.08931 ], [ -110.93124, 29.08876 ], [ -110.93045, 29.08704 ], [ -110.92991, 29.08663 ], [ -110.92822, 29.08659 ], [ -110.92765, 29.08646 ], [ -110.92735, 29.08623 ], [ -110.92542, 29.08133 ], [ -110.92532, 29.08115 ], [ -110.92511, 29.08111 ], [ -110.92422, 29.08139 ], [ -110.92364, 29.08029 ], [ -110.92756, 29.07982 ], [ -110.92838, 29.07941 ], [ -110.93049, 29.07809 ], [ -110.93186, 29.07785 ], [ -110.93275, 29.07811 ], [ -110.93433, 29.07861 ], [ -110.9354, 29.07903 ], [ -110.93617, 29.07915 ], [ -110.93707, 29.07938 ], [ -110.94087, 29.08051 ], [ -110.94905, 29.08306 ], [ -110.95035, 29.08325 ], [ -110.94964, 29.0789 ], [ -110.95438, 29.07854 ], [ -110.95571, 29.08471 ], [ -110.95691, 29.08461 ], [ -110.95907, 29.0844 ], [ -110.96042, 29.0845 ], [ -110.96129, 29.08492 ], [ -110.96455, 29.08798 ], [ -110.97099, 29.09053 ], [ -110.9714, 29.093 ], [ -110.97529, 29.09253 ], [ -110.97554, 29.09233 ], [ -110.97729, 29.09289 ], [ -110.97955, 29.09338 ], [ -110.99202, 29.09404 ], [ -110.99214, 29.09553 ], [ -110.99208, 29.09795 ], [ -110.99219, 29.10348 ], [ -111.00543, 29.10345 ], [ -111.00549, 29.10511 ], [ -111.01127, 29.1051 ], [ -111.01133, 29.11595 ], [ -111.01603, 29.11593 ] ] } },
{ "type": "Feature", "properties": { "city": "Hermosillo", "route_name": "1_Manga", "route_name_short": "Manga", "type": "Bus", "shape_id": "shape_3633" }, "geometry": { "type": "LineString", "coordinates": [ [ -110.99249, 29.09619 ], [ -110.99251, 29.09396 ], [ -111.00642, 29.09469 ], [ -111.02207, 29.09555 ], [ -111.02223, 29.09567 ], [ -111.02227, 29.09586 ], [ -111.02253, 29.10025 ], [ -111.02768, 29.09942 ], [ -111.02732, 29.09746 ], [ -111.02845, 29.09623 ], [ -111.02794, 29.09472 ], [ -111.03945, 29.09178 ], [ -111.05132, 29.08876 ], [ -111.05157, 29.0874 ], [ -111.04673, 29.08861 ], [ -111.04525, 29.08899 ], [ -111.04558, 29.09003 ], [ -111.04101, 29.09121 ], [ -111.02776, 29.09451 ], [ -111.0283, 29.09609 ], [ -111.02829, 29.09623 ], [ -111.0272, 29.09745 ], [ -111.02755, 29.09933 ], [ -111.02273, 29.10014 ], [ -111.02245, 29.09532 ], [ -111.02093, 29.09517 ], [ -111.01944, 29.09509 ], [ -111.01926, 29.09514 ], [ -111.01267, 29.09475 ], [ -111.00945, 29.0946 ], [ -111.00791, 29.09452 ], [ -111.00665, 29.09449 ], [ -111.00649, 29.09505 ], [ -111.0063, 29.0955 ], [ -111.00508, 29.09714 ], [ -111.00489, 29.09757 ], [ -111.00477, 29.0981 ], [ -111.00192, 29.09801 ], [ -111.00183, 29.10007 ], [ -111.00181, 29.10107 ], [ -111.00186, 29.1021 ], [ -110.99782, 29.10208 ], [ -110.99503, 29.10212 ], [ -110.99247, 29.10212 ], [ -110.9925, 29.09724 ], [ -110.99248, 29.09477 ], [ -110.99246, 29.09355 ], [ -110.99238, 29.09236 ], [ -110.99207, 29.09166 ], [ -110.99037, 29.08982 ], [ -110.98983, 29.08923 ], [ -110.98936, 29.0887 ], [ -110.98663, 29.08903 ], [ -110.98514, 29.08925 ], [ -110.98391, 29.08933 ], [ -110.98321, 29.08924 ], [ -110.97933, 29.08811 ], [ -110.97738, 29.08755 ], [ -110.97634, 29.08725 ], [ -110.97579, 29.08707 ], [ -110.9752, 29.08685 ], [ -110.97367, 29.08607 ], [ -110.97288, 29.08568 ], [ -110.97248, 29.08555 ], [ -110.97205, 29.08544 ], [ -110.97131, 29.08546 ], [ -110.96917, 29.08571 ], [ -110.96708, 29.0862 ], [ -110.96656, 29.08634 ], [ -110.96644, 29.08632 ], [ -110.96636, 29.08634 ], [ -110.96628, 29.08639 ], [ -110.96599, 29.08643 ], [ -110.96447, 29.0868 ], [ -110.96418, 29.08683 ], [ -110.96389, 29.08678 ], [ -110.96358, 29.08669 ], [ -110.9626, 29.08579 ], [ -110.96169, 29.08503 ], [ -110.96146, 29.08478 ], [ -110.9612, 29.08457 ], [ -110.96071, 29.08431 ], [ -110.95973, 29.08413 ], [ -110.95941, 29.08411 ], [ -110.95913, 29.08414 ], [ -110.95696, 29.08436 ], [ -110.95637, 29.08104 ], [ -110.95609, 29.07938 ], [ -110.95582, 29.07771 ], [ -110.95472, 29.0778 ], [ -110.95082, 29.07818 ], [ -110.95097, 29.07946 ], [ -110.95113, 29.08054 ], [ -110.95141, 29.08292 ], [ -110.95051, 29.08299 ], [ -110.95042, 29.08304 ], [ -110.94889, 29.08256 ], [ -110.94645, 29.08183 ], [ -110.94247, 29.08067 ], [ -110.93992, 29.07991 ], [ -110.93774, 29.07933 ], [ -110.93723, 29.07919 ], [ -110.93679, 29.07902 ], [ -110.93593, 29.07847 ], [ -110.93561, 29.07832 ], [ -110.93508, 29.07816 ], [ -110.93461, 29.07801 ], [ -110.93399, 29.07781 ], [ -110.9337, 29.07777 ], [ -110.93272, 29.07752 ], [ -110.93225, 29.07748 ], [ -110.93202, 29.0775 ], [ -110.93167, 29.07754 ], [ -110.93133, 29.07763 ], [ -110.93098, 29.07776 ], [ -110.93071, 29.07789 ], [ -110.93001, 29.07831 ], [ -110.9293, 29.07877 ], [ -110.9283, 29.0794 ], [ -110.92763, 29.07973 ], [ -110.92722, 29.07984 ], [ -110.92653, 29.0799 ], [ -110.92355, 29.08026 ], [ -110.92403, 29.08113 ], [ -110.92451, 29.0825 ], [ -110.92499, 29.08372 ], [ -110.9255, 29.08503 ], [ -110.92585, 29.08596 ], [ -110.92596, 29.08615 ], [ -110.92612, 29.08635 ], [ -110.92657, 29.08655 ], [ -110.92787, 29.08663 ], [ -110.92976, 29.08673 ], [ -110.93005, 29.08682 ], [ -110.93029, 29.08698 ], [ -110.93089, 29.08812 ], [ -110.93105, 29.08848 ], [ -110.93117, 29.08883 ], [ -110.93101, 29.09297 ], [ -110.93099, 29.09517 ], [ -110.93098, 29.09632 ], [ -110.93094, 29.09716 ], [ -110.93099, 29.09729 ], [ -110.93092, 29.0973 ], [ -110.92858, 29.09725 ], [ -110.92732, 29.09729 ], [ -110.92658, 29.09737 ], [ -110.92482, 29.09776 ], [ -110.92511, 29.09881 ], [ -110.92398, 29.09903 ], [ -110.92378, 29.09823 ], [ -110.92607, 29.09776 ], [ -110.92732, 29.09753 ], [ -110.92851, 29.09748 ], [ -110.93111, 29.09751 ], [ -110.9311, 29.09729 ], [ -110.93105, 29.09715 ], [ -110.9311, 29.09555 ], [ -110.93109, 29.09396 ], [ -110.93112, 29.09229 ], [ -110.93127, 29.0889 ], [ -110.9312, 29.08855 ], [ -110.93075, 29.08761 ], [ -110.93038, 29.08693 ], [ -110.93004, 29.08672 ], [ -110.92978, 29.08663 ], [ -110.92886, 29.08661 ], [ -110.92775, 29.08652 ], [ -110.92757, 29.08641 ], [ -110.92738, 29.08624 ], [ -110.92638, 29.08366 ], [ -110.92587, 29.08238 ], [ -110.92532, 29.08108 ], [ -110.92513, 29.08101 ], [ -110.92497, 29.08103 ], [ -110.92462, 29.08115 ], [ -110.92422, 29.08134 ], [ -110.92408, 29.081 ], [ -110.92369, 29.08031 ], [ -110.92741, 29.07989 ], [ -110.92776, 29.07975 ], [ -110.92832, 29.07949 ], [ -110.92968, 29.0786 ], [ -110.93052, 29.07808 ], [ -110.93066, 29.0781 ], [ -110.93107, 29.07798 ], [ -110.93149, 29.07792 ], [ -110.93207, 29.07793 ], [ -110.9356, 29.07908 ], [ -110.93675, 29.07928 ], [ -110.93707, 29.07943 ], [ -110.93813, 29.07972 ], [ -110.93976, 29.08019 ], [ -110.94599, 29.08205 ], [ -110.94678, 29.08229 ], [ -110.9476, 29.0826 ], [ -110.94924, 29.08311 ], [ -110.94975, 29.08316 ], [ -110.95005, 29.08318 ], [ -110.95029, 29.08298 ], [ -110.95038, 29.08286 ], [ -110.95008, 29.08081 ], [ -110.94975, 29.07887 ], [ -110.95231, 29.07868 ], [ -110.95443, 29.07851 ], [ -110.95569, 29.08473 ], [ -110.95645, 29.08468 ], [ -110.95764, 29.08455 ], [ -110.95887, 29.0844 ], [ -110.95925, 29.08435 ], [ -110.95977, 29.08435 ], [ -110.96039, 29.08445 ], [ -110.96086, 29.08461 ], [ -110.96141, 29.08504 ], [ -110.96295, 29.08657 ], [ -110.96456, 29.08798 ], [ -110.9678, 29.0893 ], [ -110.97103, 29.09056 ], [ -110.97143, 29.093 ], [ -110.9736, 29.09273 ], [ -110.97528, 29.09254 ], [ -110.97568, 29.09235 ], [ -110.97648, 29.09263 ], [ -110.97749, 29.09288 ], [ -110.97811, 29.09674 ], [ -110.97844, 29.09875 ], [ -110.97876, 29.10069 ], [ -110.98383, 29.10004 ], [ -110.98672, 29.09967 ], [ -110.98882, 29.09941 ], [ -110.99074, 29.09918 ], [ -110.99217, 29.09899 ], [ -110.99247, 29.09896 ], [ -110.9925, 29.0962 ] ] } },
{ "type": "Feature", "properties": { "city": "Hermosillo", "route_name": "2_Cárdenas - Cuauhtémoc", "route_name_short": "Cárdenas - Cuauhtémoc", "type": "Bus", "shape_id": "shape_3661" }, "geometry": { "type": "LineString", "coordinates": [ [ -110.97119, 29.11022 ], [ -110.96651, 29.11079 ], [ -110.96529, 29.11037 ], [ -110.95619, 29.10874 ], [ -110.95297, 29.10876 ], [ -110.95297, 29.10169 ], [ -110.95121, 29.10171 ], [ -110.95122, 29.09791 ], [ -110.95127, 29.09779 ], [ -110.95179, 29.0976 ], [ -110.95219, 29.09735 ], [ -110.95251, 29.09708 ], [ -110.95281, 29.09673 ], [ -110.95298, 29.09642 ], [ -110.95311, 29.09632 ], [ -110.95313, 29.09618 ], [ -110.95324, 29.09598 ], [ -110.95431, 29.09398 ], [ -110.95558, 29.09162 ], [ -110.95891, 29.08528 ], [ -110.95899, 29.08493 ], [ -110.95887, 29.08415 ], [ -110.95823, 29.08163 ], [ -110.95764, 29.07909 ], [ -110.9572, 29.07766 ], [ -110.9568, 29.07532 ], [ -110.9566, 29.0741 ], [ -110.95649, 29.07374 ], [ -110.95597, 29.07299 ], [ -110.95583, 29.07266 ], [ -110.95568, 29.07158 ], [ -110.95554, 29.07042 ], [ -110.95579, 29.07027 ], [ -110.95633, 29.07029 ], [ -110.9573, 29.07017 ], [ -110.96353, 29.07019 ], [ -110.9647, 29.07016 ], [ -110.96538, 29.07019 ], [ -110.96728, 29.07069 ], [ -110.96773, 29.07075 ], [ -110.96922, 29.07083 ], [ -110.97195, 29.07101 ], [ -110.97225, 29.07086 ], [ -110.96771, 29.0644 ], [ -110.96732, 29.06343 ], [ -110.96702, 29.06231 ], [ -110.96663, 29.05986 ], [ -110.96617, 29.05849 ], [ -110.96554, 29.05731 ], [ -110.96475, 29.05574 ], [ -110.96375, 29.0537 ], [ -110.96362, 29.05289 ], [ -110.96355, 29.05206 ], [ -110.9635, 29.05126 ], [ -110.96346, 29.05016 ], [ -110.9634, 29.04879 ], [ -110.96334, 29.04827 ], [ -110.96306, 29.04733 ], [ -110.96158, 29.04364 ], [ -110.96099, 29.04158 ], [ -110.96029, 29.03862 ], [ -110.96003, 29.0382 ], [ -110.95972, 29.03789 ], [ -110.9594, 29.03769 ], [ -110.95645, 29.0369 ], [ -110.95705, 29.03412 ], [ -110.9575, 29.03175 ], [ -110.95312, 29.03092 ], [ -110.9488, 29.03027 ], [ -110.94989, 29.02423 ], [ -110.94646, 29.02369 ], [ -110.94299, 29.0232 ], [ -110.94365, 29.00843 ], [ -110.94343, 29.0067 ], [ -110.94332, 29.00539 ], [ -110.94351, 29.00135 ], [ -110.94368, 28.99634 ], [ -110.9437, 28.99599 ], [ -110.94196, 28.996 ], [ -110.94196, 28.99605 ], [ -110.94192, 28.99607 ], [ -110.94364, 28.99602 ], [ -110.94357, 28.99868 ], [ -110.94348, 29.00095 ], [ -110.94071, 29.00082 ], [ -110.94072, 29.00155 ], [ -110.94068, 29.0021 ], [ -110.93511, 29.00192 ], [ -110.93509, 29.00396 ], [ -110.93475, 29.00403 ], [ -110.93475, 29.00504 ], [ -110.93463, 29.00515 ], [ -110.93354, 29.0051 ], [ -110.93342, 29.00523 ], [ -110.93351, 29.00661 ], [ -110.93161, 29.00661 ], [ -110.93162, 29.00812 ], [ -110.93124, 29.00835 ], [ -110.92913, 29.00836 ], [ -110.92913, 29.00941 ], [ -110.92908, 29.00986 ], [ -110.92932, 29.01027 ], [ -110.92942, 29.01063 ], [ -110.92943, 29.01152 ], [ -110.93165, 29.01154 ], [ -110.93167, 29.01538 ], [ -110.93173, 29.01863 ], [ -110.93163, 29.01897 ], [ -110.93152, 29.01922 ], [ -110.93087, 29.02001 ], [ -110.93623, 29.02448 ], [ -110.94097, 29.02848 ], [ -110.9414, 29.02912 ], [ -110.94149, 29.02973 ], [ -110.94119, 29.03224 ], [ -110.94097, 29.03246 ], [ -110.94068, 29.03253 ], [ -110.93999, 29.03238 ], [ -110.93924, 29.03217 ], [ -110.93826, 29.03194 ], [ -110.93822, 29.03212 ], [ -110.94019, 29.03271 ], [ -110.9408, 29.03305 ], [ -110.94096, 29.03327 ], [ -110.94095, 29.03391 ], [ -110.94065, 29.03478 ], [ -110.94032, 29.03569 ], [ -110.93974, 29.03674 ], [ -110.93659, 29.04272 ], [ -110.93501, 29.0459 ], [ -110.93337, 29.0489 ], [ -110.93551, 29.04969 ], [ -110.93621, 29.05001 ], [ -110.93742, 29.05036 ], [ -110.9396, 29.05111 ], [ -110.94054, 29.04926 ], [ -110.94081, 29.04902 ], [ -110.94254, 29.04785 ], [ -110.94508, 29.04317 ], [ -110.94524, 29.0426 ], [ -110.94533, 29.04198 ], [ -110.94525, 29.04087 ], [ -110.94511, 29.04007 ], [ -110.94528, 29.03985 ], [ -110.94524, 29.03962 ], [ -110.94516, 29.03949 ], [ -110.945, 29.03944 ], [ -110.94483, 29.03796 ], [ -110.94485, 29.03741 ], [ -110.94503, 29.03676 ], [ -110.94574, 29.03472 ], [ -110.94643, 29.03442 ], [ -110.95212, 29.03595 ], [ -110.95806, 29.03758 ], [ -110.95912, 29.03795 ], [ -110.95954, 29.03815 ], [ -110.95995, 29.03875 ], [ -110.9602, 29.03951 ], [ -110.96046, 29.04059 ], [ -110.96115, 29.0433 ], [ -110.96123, 29.04364 ], [ -110.96276, 29.04742 ], [ -110.96296, 29.04802 ], [ -110.96308, 29.0487 ], [ -110.96337, 29.05342 ], [ -110.9637, 29.05437 ], [ -110.96606, 29.05902 ], [ -110.96639, 29.06028 ], [ -110.96673, 29.0621 ], [ -110.96689, 29.06295 ], [ -110.96726, 29.06404 ], [ -110.96771, 29.06475 ], [ -110.97191, 29.07088 ], [ -110.9678, 29.07064 ], [ -110.96722, 29.07055 ], [ -110.96554, 29.07011 ], [ -110.95998, 29.07007 ], [ -110.95807, 29.0701 ], [ -110.95712, 29.07001 ], [ -110.95529, 29.0698 ], [ -110.95473, 29.06979 ], [ -110.95461, 29.06989 ], [ -110.95457, 29.07026 ], [ -110.95465, 29.07033 ], [ -110.95478, 29.07029 ], [ -110.95519, 29.07035 ], [ -110.95548, 29.07056 ], [ -110.95564, 29.0717 ], [ -110.95578, 29.07268 ], [ -110.95587, 29.073 ], [ -110.95587, 29.07328 ], [ -110.95614, 29.07513 ], [ -110.95638, 29.07702 ], [ -110.9569, 29.07922 ], [ -110.9572, 29.08176 ], [ -110.95763, 29.08431 ], [ -110.95782, 29.08553 ], [ -110.95794, 29.08669 ], [ -110.95542, 29.09148 ], [ -110.95457, 29.09298 ], [ -110.95414, 29.09385 ], [ -110.95298, 29.09604 ], [ -110.95283, 29.09616 ], [ -110.95285, 29.09634 ], [ -110.95241, 29.09692 ], [ -110.95195, 29.09723 ], [ -110.95149, 29.09743 ], [ -110.95112, 29.09755 ], [ -110.95101, 29.09767 ], [ -110.95092, 29.09785 ], [ -110.95087, 29.10887 ], [ -110.95551, 29.10889 ], [ -110.95627, 29.10889 ], [ -110.96524, 29.11044 ], [ -110.9689, 29.1118 ], [ -110.97059, 29.11245 ], [ -110.97072, 29.11318 ], [ -110.97513, 29.11543 ], [ -110.98106, 29.11851 ], [ -110.98844, 29.12227 ], [ -110.98858, 29.12313 ], [ -110.98933, 29.12306 ], [ -110.99236, 29.12457 ], [ -110.99239, 29.1305 ], [ -110.99253, 29.13112 ], [ -110.9943, 29.13582 ], [ -110.99486, 29.13743 ], [ -110.99683, 29.13686 ], [ -110.99865, 29.13487 ], [ -110.99884, 29.1344 ], [ -110.99969, 29.132 ], [ -111.00012, 29.1317 ], [ -111.00021, 29.13197 ], [ -111.00054, 29.13211 ], [ -111.00372, 29.13164 ], [ -111.00425, 29.13485 ], [ -111.00463, 29.13552 ], [ -111.00529, 29.13719 ], [ -111.0099, 29.13591 ], [ -111.01542, 29.13516 ], [ -111.01439, 29.12896 ], [ -111.01397, 29.12903 ], [ -111.01386, 29.12813 ], [ -111.0123, 29.12835 ], [ -111.01195, 29.12646 ], [ -111.00712, 29.1271 ], [ -111.0066, 29.124 ], [ -111.00668, 29.12327 ], [ -111.00607, 29.11965 ], [ -111.00557, 29.11609 ], [ -111.00054, 29.11669 ], [ -110.99249, 29.11662 ], [ -110.9925, 29.10745 ], [ -110.98723, 29.10818 ], [ -110.98048, 29.10902 ], [ -110.97115, 29.11019 ] ] } },
{ "type": "Feature", "properties": { "city": "Hermosillo", "route_name": "3_Reyes", "route_name_short": "Reyes", "type": "Bus", "shape_id": "shape_3655" }, "geometry": { "type": "LineString", "coordinates": [ [ -110.99252, 29.11385 ], [ -110.99249, 29.10281 ], [ -110.9925, 29.09724 ], [ -110.99249, 29.09445 ], [ -110.99244, 29.09309 ], [ -110.99237, 29.0923 ], [ -110.99215, 29.09175 ], [ -110.98942, 29.08874 ], [ -110.98664, 29.08571 ], [ -110.98656, 29.08552 ], [ -110.98669, 29.08538 ], [ -110.99184, 29.08535 ], [ -110.99523, 29.08532 ], [ -110.99581, 29.08526 ], [ -110.99994, 29.08398 ], [ -111.00405, 29.08276 ], [ -111.00482, 29.08264 ], [ -111.02089, 29.08189 ], [ -111.02467, 29.08175 ], [ -111.02603, 29.08166 ], [ -111.02951, 29.08154 ], [ -111.03072, 29.0815 ], [ -111.03188, 29.08142 ], [ -111.03721, 29.08124 ], [ -111.04736, 29.08068 ], [ -111.04997, 29.08071 ], [ -111.04994, 29.08058 ], [ -111.04741, 29.08047 ], [ -111.04449, 29.08062 ], [ -111.03433, 29.08109 ], [ -111.03146, 29.08124 ], [ -111.0292, 29.08128 ], [ -111.0271, 29.08139 ], [ -111.02328, 29.08147 ], [ -111.02278, 29.08157 ], [ -111.02113, 29.08163 ], [ -111.00629, 29.08226 ], [ -111.00598, 29.08211 ], [ -111.00408, 29.08229 ], [ -111.00093, 29.08327 ], [ -111.00021, 29.08143 ], [ -110.99575, 29.08272 ], [ -110.99544, 29.08178 ], [ -110.99427, 29.08208 ], [ -110.98889, 29.0821 ], [ -110.98364, 29.08212 ], [ -110.9833, 29.08257 ], [ -110.98285, 29.08194 ], [ -110.98215, 29.07902 ], [ -110.98087, 29.07896 ], [ -110.98051, 29.07875 ], [ -110.97893, 29.0784 ], [ -110.9774, 29.07815 ], [ -110.9765, 29.0771 ], [ -110.97577, 29.07593 ], [ -110.97735, 29.07398 ], [ -110.97479, 29.07248 ], [ -110.97227, 29.07093 ], [ -110.96733, 29.07063 ], [ -110.96556, 29.07015 ], [ -110.96498, 29.07008 ], [ -110.96418, 29.0701 ], [ -110.95979, 29.07007 ], [ -110.96042, 29.07539 ], [ -110.95679, 29.07574 ], [ -110.95715, 29.07753 ], [ -110.95571, 29.0777 ], [ -110.95604, 29.07991 ], [ -110.95245, 29.08012 ], [ -110.95287, 29.08403 ], [ -110.95504, 29.08462 ], [ -110.95569, 29.08475 ], [ -110.95692, 29.08464 ], [ -110.95771, 29.09004 ], [ -110.95977, 29.10259 ], [ -110.95293, 29.10348 ], [ -110.95296, 29.10893 ], [ -110.95552, 29.10896 ], [ -110.95625, 29.10889 ], [ -110.96304, 29.11011 ], [ -110.96403, 29.11623 ], [ -110.96294, 29.11633 ], [ -110.96367, 29.12067 ], [ -110.96472, 29.12051 ], [ -110.96844, 29.14365 ], [ -110.96815, 29.14778 ], [ -110.96758, 29.14901 ], [ -110.95955, 29.14871 ], [ -110.95966, 29.15103 ], [ -110.96072, 29.15268 ], [ -110.96172, 29.15242 ], [ -110.96169, 29.14888 ], [ -110.96815, 29.14909 ], [ -110.96828, 29.14766 ], [ -110.97206, 29.14781 ], [ -110.97194, 29.14899 ], [ -110.97178, 29.14991 ], [ -110.97236, 29.15373 ], [ -110.97752, 29.15312 ], [ -110.97824, 29.15306 ], [ -110.97708, 29.14545 ], [ -110.97752, 29.14434 ], [ -110.97765, 29.144 ], [ -110.97768, 29.1437 ], [ -110.97533, 29.12903 ], [ -110.97294, 29.11439 ], [ -110.97575, 29.11578 ], [ -110.98285, 29.11574 ], [ -110.98992, 29.11569 ], [ -110.98987, 29.11387 ], [ -110.99251, 29.11386 ] ] } },
{ "type": "Feature", "properties": { "city": "Hermosillo", "route_name": "4_Centro", "route_name_short": "Centro", "type": "Bus", "shape_id": "shape_3656" }, "geometry": { "type": "LineString", "coordinates": [ [ -110.99652, 29.14395 ], [ -110.99649, 29.14107 ], [ -110.99601, 29.13976 ], [ -110.99426, 29.13504 ], [ -110.99266, 29.13078 ], [ -110.99252, 29.11021 ], [ -110.99246, 29.10081 ], [ -110.9925, 29.09718 ], [ -110.99248, 29.09353 ], [ -110.99239, 29.09243 ], [ -110.99227, 29.09204 ], [ -110.99207, 29.09169 ], [ -110.98786, 29.087 ], [ -110.98588, 29.08482 ], [ -110.98348, 29.0827 ], [ -110.98295, 29.08205 ], [ -110.98261, 29.08118 ], [ -110.98179, 29.07745 ], [ -110.98117, 29.0765 ], [ -110.98044, 29.07583 ], [ -110.97238, 29.07102 ], [ -110.96805, 29.06468 ], [ -110.96756, 29.06384 ], [ -110.9671, 29.06258 ], [ -110.96641, 29.05914 ], [ -110.96447, 29.05524 ], [ -110.9638, 29.05371 ], [ -110.96359, 29.05275 ], [ -110.96358, 29.05121 ], [ -110.96347, 29.05034 ], [ -110.96341, 29.04903 ], [ -110.96328, 29.04807 ], [ -110.96301, 29.04722 ], [ -110.96243, 29.04582 ], [ -110.9614, 29.04319 ], [ -110.9604, 29.03915 ], [ -110.9601, 29.03828 ], [ -110.95951, 29.03771 ], [ -110.95022, 29.03522 ], [ -110.94549, 29.03393 ], [ -110.94216, 29.03297 ], [ -110.94177, 29.03296 ], [ -110.94078, 29.03266 ], [ -110.93478, 29.03101 ], [ -110.93057, 29.02987 ], [ -110.92881, 29.0296 ], [ -110.92678, 29.02957 ], [ -110.91977, 29.02975 ], [ -110.91075, 29.02997 ], [ -110.91065, 29.02444 ], [ -110.91059, 29.02164 ], [ -110.91051, 29.01903 ], [ -110.90709, 29.01911 ], [ -110.90501, 29.0191 ], [ -110.90307, 29.01975 ], [ -110.9023, 29.01768 ], [ -110.90158, 29.01575 ], [ -110.90146, 29.01555 ], [ -110.90135, 29.01545 ], [ -110.9021, 29.01513 ], [ -110.90261, 29.01445 ], [ -110.90362, 29.0128 ], [ -110.90397, 29.01214 ], [ -110.90409, 29.01176 ], [ -110.9041, 29.01141 ], [ -110.90436, 29.0111 ], [ -110.90507, 29.01053 ], [ -110.90642, 29.00831 ], [ -110.90862, 29.00476 ], [ -110.90899, 29.00461 ], [ -110.91007, 29.0028 ], [ -110.91248, 29.0048 ], [ -110.91358, 29.00575 ], [ -110.91491, 29.00682 ], [ -110.91509, 29.00674 ], [ -110.91539, 29.00631 ], [ -110.91607, 29.00559 ], [ -110.91643, 29.00547 ], [ -110.91744, 29.00538 ], [ -110.91777, 29.00528 ], [ -110.91802, 29.00516 ], [ -110.92005, 29.00336 ], [ -110.92038, 29.00307 ], [ -110.92054, 29.00289 ], [ -110.92061, 29.00538 ], [ -110.92085, 29.00567 ], [ -110.92208, 29.00664 ], [ -110.92217, 29.00682 ], [ -110.92369, 29.00803 ], [ -110.92379, 29.0079 ], [ -110.92378, 29.00596 ], [ -110.9283, 29.00596 ], [ -110.92902, 29.00653 ], [ -110.92904, 29.00679 ], [ -110.92909, 29.00856 ], [ -110.93365, 29.00851 ], [ -110.93252, 29.01092 ], [ -110.93254, 29.01362 ], [ -110.93161, 29.01362 ], [ -110.93167, 29.01873 ], [ -110.93154, 29.01914 ], [ -110.9308, 29.02 ], [ -110.93605, 29.02442 ], [ -110.93872, 29.02659 ], [ -110.94054, 29.02817 ], [ -110.94077, 29.02833 ], [ -110.94116, 29.02882 ], [ -110.94135, 29.02919 ], [ -110.94142, 29.02961 ], [ -110.94125, 29.03228 ], [ -110.94118, 29.03395 ], [ -110.94104, 29.03444 ], [ -110.9408, 29.03493 ], [ -110.93962, 29.03704 ], [ -110.93854, 29.03924 ], [ -110.9371, 29.04179 ], [ -110.93528, 29.04528 ], [ -110.93382, 29.04797 ], [ -110.93333, 29.04889 ], [ -110.93411, 29.04919 ], [ -110.93522, 29.04957 ], [ -110.93582, 29.04985 ], [ -110.9365, 29.05012 ], [ -110.93728, 29.05031 ], [ -110.93798, 29.05056 ], [ -110.93959, 29.05109 ], [ -110.94017, 29.05006 ], [ -110.94065, 29.04918 ], [ -110.94259, 29.04782 ], [ -110.94314, 29.04689 ], [ -110.94404, 29.04521 ], [ -110.94476, 29.04389 ], [ -110.945, 29.04347 ], [ -110.94531, 29.04251 ], [ -110.94536, 29.04185 ], [ -110.94511, 29.04002 ], [ -110.94523, 29.03989 ], [ -110.94528, 29.03978 ], [ -110.94529, 29.0397 ], [ -110.94525, 29.03961 ], [ -110.94519, 29.03952 ], [ -110.94508, 29.03947 ], [ -110.94503, 29.03946 ], [ -110.94484, 29.0378 ], [ -110.94491, 29.03733 ], [ -110.94505, 29.03672 ], [ -110.94569, 29.03495 ], [ -110.94577, 29.03478 ], [ -110.94585, 29.03469 ], [ -110.94644, 29.03444 ], [ -110.95237, 29.03607 ], [ -110.95546, 29.03687 ], [ -110.95553, 29.03693 ], [ -110.95832, 29.0377 ], [ -110.95764, 29.04127 ], [ -110.95769, 29.04146 ], [ -110.95733, 29.04344 ], [ -110.95621, 29.04916 ], [ -110.95508, 29.05511 ], [ -110.95452, 29.05834 ], [ -110.95416, 29.06027 ], [ -110.95463, 29.06531 ], [ -110.95531, 29.07036 ], [ -110.95548, 29.07083 ], [ -110.95622, 29.07619 ], [ -110.95647, 29.07779 ], [ -110.95679, 29.07902 ], [ -110.95717, 29.082 ], [ -110.95765, 29.08497 ], [ -110.95783, 29.08499 ], [ -110.95793, 29.08517 ], [ -110.95813, 29.0853 ], [ -110.95855, 29.08532 ], [ -110.95881, 29.08515 ], [ -110.95905, 29.08493 ], [ -110.95938, 29.08457 ], [ -110.9599, 29.08446 ], [ -110.96039, 29.08451 ], [ -110.96087, 29.08465 ], [ -110.96448, 29.08794 ], [ -110.96397, 29.0886 ], [ -110.96366, 29.08864 ], [ -110.96569, 29.10126 ], [ -110.96861, 29.10087 ], [ -110.97059, 29.11322 ], [ -110.97113, 29.11337 ], [ -110.97483, 29.11528 ], [ -110.98839, 29.12235 ], [ -110.98849, 29.12288 ], [ -110.98572, 29.12321 ], [ -110.98889, 29.14272 ], [ -110.9917, 29.14237 ], [ -110.99201, 29.14456 ], [ -110.99652, 29.14397 ] ] } },
{ "type": "Feature", "properties": { "city": "Hermosillo", "route_name": "3_Monteverde", "route_name_short": "Monteverde", "type": "Bus", "shape_id": "shape_3659" }, "geometry": { "type": "LineString", "coordinates": [ [ -110.99253, 29.11431 ], [ -110.99255, 29.10736 ], [ -110.99248, 29.103 ], [ -110.9925, 29.09733 ], [ -110.99247, 29.09452 ], [ -110.99244, 29.09313 ], [ -110.9924, 29.09241 ], [ -110.99218, 29.09174 ], [ -110.98933, 29.08866 ], [ -110.98661, 29.08571 ], [ -110.98655, 29.08551 ], [ -110.98662, 29.08537 ], [ -110.9913, 29.08534 ], [ -110.99537, 29.0853 ], [ -110.99596, 29.08521 ], [ -110.99666, 29.08497 ], [ -111.0026, 29.08308 ], [ -111.00427, 29.08271 ], [ -111.00521, 29.08261 ], [ -111.01496, 29.0821 ], [ -111.025, 29.08171 ], [ -111.03108, 29.08146 ], [ -111.03714, 29.08123 ], [ -111.04497, 29.0808 ], [ -111.04765, 29.08066 ], [ -111.04995, 29.08073 ], [ -111.04994, 29.08054 ], [ -111.04745, 29.08051 ], [ -111.04456, 29.08061 ], [ -111.03912, 29.08092 ], [ -111.03377, 29.08112 ], [ -111.03031, 29.08126 ], [ -111.02334, 29.08147 ], [ -111.02292, 29.08156 ], [ -111.02179, 29.0816 ], [ -111.00632, 29.08227 ], [ -111.00595, 29.08211 ], [ -111.00411, 29.08231 ], [ -111.00092, 29.08327 ], [ -111.00022, 29.08141 ], [ -110.99573, 29.08273 ], [ -110.99543, 29.08178 ], [ -110.99432, 29.08208 ], [ -110.98898, 29.08209 ], [ -110.98372, 29.08212 ], [ -110.98477, 29.08076 ], [ -110.98253, 29.08079 ], [ -110.98216, 29.07901 ], [ -110.98091, 29.07895 ], [ -110.98047, 29.07871 ], [ -110.97727, 29.07811 ], [ -110.97647, 29.07785 ], [ -110.97511, 29.07776 ], [ -110.97474, 29.07544 ], [ -110.97445, 29.07373 ], [ -110.97462, 29.07348 ], [ -110.9746, 29.07329 ], [ -110.97453, 29.07317 ], [ -110.97435, 29.07311 ], [ -110.97327, 29.07328 ], [ -110.96734, 29.07377 ], [ -110.96149, 29.07429 ], [ -110.96159, 29.07522 ], [ -110.95975, 29.07544 ], [ -110.95785, 29.07564 ], [ -110.95616, 29.07579 ], [ -110.95643, 29.07763 ], [ -110.95427, 29.07782 ], [ -110.95492, 29.08085 ], [ -110.95119, 29.08111 ], [ -110.95147, 29.08357 ], [ -110.95484, 29.08456 ], [ -110.95565, 29.08473 ], [ -110.95665, 29.08993 ], [ -110.9573, 29.09368 ], [ -110.95761, 29.0961 ], [ -110.95876, 29.10279 ], [ -110.9593, 29.10274 ], [ -110.95984, 29.10303 ], [ -110.96037, 29.10298 ], [ -110.96195, 29.10281 ], [ -110.96304, 29.10952 ], [ -110.9635, 29.11284 ], [ -110.9641, 29.11626 ], [ -110.96298, 29.1164 ], [ -110.96368, 29.12065 ], [ -110.96478, 29.1205 ], [ -110.96668, 29.13221 ], [ -110.96763, 29.13803 ], [ -110.96842, 29.14284 ], [ -110.96847, 29.1434 ], [ -110.96847, 29.14394 ], [ -110.96819, 29.14771 ], [ -110.96758, 29.14902 ], [ -110.95947, 29.14869 ], [ -110.95958, 29.14933 ], [ -110.95963, 29.15097 ], [ -110.96026, 29.15183 ], [ -110.96073, 29.15267 ], [ -110.96169, 29.15242 ], [ -110.96168, 29.14888 ], [ -110.96816, 29.14912 ], [ -110.96824, 29.14849 ], [ -110.96824, 29.14765 ], [ -110.97205, 29.14782 ], [ -110.97202, 29.14892 ], [ -110.97178, 29.14988 ], [ -110.97236, 29.15375 ], [ -110.97751, 29.1531 ], [ -110.9782, 29.15298 ], [ -110.97711, 29.14579 ], [ -110.97711, 29.14534 ], [ -110.97724, 29.14493 ], [ -110.97759, 29.14428 ], [ -110.97767, 29.14399 ], [ -110.97767, 29.14371 ], [ -110.9753, 29.12885 ], [ -110.9741, 29.12142 ], [ -110.97345, 29.11743 ], [ -110.97315, 29.11569 ], [ -110.97294, 29.11436 ], [ -110.97859, 29.11732 ], [ -110.97855, 29.11578 ], [ -110.9899, 29.11571 ], [ -110.98989, 29.11437 ], [ -110.99252, 29.11433 ] ] } },
{ "type": "Feature", "properties": { "city": "Hermosillo", "route_name": "4_Periférico", "route_name_short": "Periférico", "type": "Bus", "shape_id": "shape_3657" }, "geometry": { "type": "LineString", "coordinates": [ [ -110.99205, 29.14454 ], [ -110.99653, 29.14397 ], [ -110.99649, 29.14109 ], [ -110.99466, 29.13612 ], [ -110.99266, 29.13075 ], [ -110.99241, 29.09241 ], [ -110.99205, 29.0916 ], [ -110.98542, 29.08439 ], [ -110.98333, 29.08258 ], [ -110.98287, 29.08192 ], [ -110.98187, 29.07775 ], [ -110.98143, 29.07685 ], [ -110.98089, 29.07621 ], [ -110.98024, 29.07566 ], [ -110.97253, 29.07114 ], [ -110.96949, 29.06681 ], [ -110.96769, 29.0642 ], [ -110.96717, 29.0628 ], [ -110.96688, 29.06142 ], [ -110.96655, 29.05949 ], [ -110.96604, 29.05832 ], [ -110.96386, 29.05398 ], [ -110.96363, 29.05302 ], [ -110.9634, 29.0486 ], [ -110.96318, 29.04764 ], [ -110.96157, 29.04365 ], [ -110.96028, 29.03865 ], [ -110.95998, 29.03816 ], [ -110.95953, 29.03775 ], [ -110.95576, 29.03666 ], [ -110.95538, 29.03666 ], [ -110.94463, 29.03371 ], [ -110.93738, 29.03171 ], [ -110.93031, 29.02978 ], [ -110.92908, 29.02964 ], [ -110.92663, 29.02959 ], [ -110.9186, 29.02981 ], [ -110.91076, 29.02998 ], [ -110.91053, 29.01901 ], [ -110.90496, 29.0191 ], [ -110.90308, 29.01976 ], [ -110.9015, 29.01558 ], [ -110.90132, 29.01543 ], [ -110.90205, 29.01514 ], [ -110.90263, 29.01445 ], [ -110.90404, 29.01204 ], [ -110.90412, 29.0114 ], [ -110.90436, 29.01107 ], [ -110.90506, 29.01057 ], [ -110.90861, 29.00478 ], [ -110.90896, 29.00463 ], [ -110.91008, 29.00283 ], [ -110.91486, 29.0068 ], [ -110.91518, 29.00666 ], [ -110.91582, 29.00581 ], [ -110.91618, 29.00558 ], [ -110.91664, 29.00542 ], [ -110.91743, 29.0054 ], [ -110.91806, 29.00518 ], [ -110.92054, 29.00294 ], [ -110.92058, 29.00546 ], [ -110.92231, 29.00695 ], [ -110.92369, 29.00553 ], [ -110.92368, 29.00599 ], [ -110.92826, 29.00595 ], [ -110.92903, 29.00656 ], [ -110.92911, 29.00857 ], [ -110.93365, 29.00852 ], [ -110.93249, 29.01099 ], [ -110.93252, 29.01361 ], [ -110.93161, 29.01363 ], [ -110.93166, 29.01894 ], [ -110.93129, 29.01947 ], [ -110.93076, 29.01998 ], [ -110.94078, 29.02838 ], [ -110.94136, 29.02912 ], [ -110.94113, 29.03421 ], [ -110.93331, 29.04894 ], [ -110.93487, 29.04944 ], [ -110.93642, 29.05006 ], [ -110.93958, 29.0511 ], [ -110.94063, 29.04925 ], [ -110.94252, 29.04787 ], [ -110.945, 29.04353 ], [ -110.94529, 29.04263 ], [ -110.94535, 29.04203 ], [ -110.94511, 29.04004 ], [ -110.94526, 29.03992 ], [ -110.94529, 29.03969 ], [ -110.94515, 29.03949 ], [ -110.94503, 29.03944 ], [ -110.94483, 29.03778 ], [ -110.94506, 29.03663 ], [ -110.9458, 29.03476 ], [ -110.94641, 29.03445 ], [ -110.95834, 29.03769 ], [ -110.95415, 29.06025 ], [ -110.95467, 29.06583 ], [ -110.95517, 29.0694 ], [ -110.95545, 29.07082 ], [ -110.95569, 29.07252 ], [ -110.95585, 29.073 ], [ -110.95579, 29.07323 ], [ -110.95587, 29.07371 ], [ -110.95629, 29.07684 ], [ -110.95681, 29.07919 ], [ -110.95742, 29.08343 ], [ -110.95762, 29.0846 ], [ -110.95777, 29.08483 ], [ -110.95789, 29.08511 ], [ -110.95807, 29.08526 ], [ -110.95841, 29.08534 ], [ -110.95868, 29.08524 ], [ -110.95899, 29.08493 ], [ -110.95947, 29.08455 ], [ -110.95977, 29.08448 ], [ -110.96041, 29.08451 ], [ -110.96096, 29.0847 ], [ -110.96296, 29.08658 ], [ -110.96448, 29.08793 ], [ -110.96399, 29.08858 ], [ -110.96366, 29.08863 ], [ -110.96569, 29.10126 ], [ -110.96861, 29.10088 ], [ -110.97058, 29.11318 ], [ -110.97121, 29.11341 ], [ -110.97574, 29.11577 ], [ -110.98824, 29.1157 ], [ -110.98826, 29.1215 ], [ -110.98837, 29.12221 ], [ -110.98842, 29.12247 ], [ -110.99204, 29.14454 ] ] } },
{ "type": "Feature", "properties": { "city": "Hermosillo", "route_name": "7_DIF", "route_name_short": "DIF", "type": "Bus", "shape_id": "shape_3662" }, "geometry": { "type": "LineString", "coordinates": [ [ -110.95561, 29.0707 ], [ -110.95512, 29.0674 ], [ -110.95767, 29.0672 ], [ -110.95785, 29.0687 ], [ -110.95802, 29.07027 ], [ -110.96121, 29.0703 ], [ -110.96361, 29.0703 ], [ -110.96377, 29.07035 ], [ -110.96403, 29.07049 ], [ -110.96481, 29.07059 ], [ -110.96498, 29.07158 ], [ -110.96516, 29.07339 ], [ -110.96534, 29.07489 ], [ -110.96226, 29.07519 ], [ -110.96058, 29.07538 ], [ -110.95999, 29.07553 ], [ -110.95961, 29.07553 ], [ -110.95871, 29.0756 ], [ -110.95674, 29.07578 ], [ -110.95527, 29.07591 ], [ -110.95364, 29.07604 ], [ -110.95206, 29.07612 ], [ -110.95098, 29.07615 ], [ -110.94941, 29.07625 ], [ -110.9483, 29.07629 ], [ -110.94827, 29.0767 ], [ -110.94824, 29.07697 ], [ -110.94853, 29.0782 ], [ -110.9488, 29.08046 ], [ -110.95112, 29.08027 ], [ -110.95134, 29.08161 ], [ -110.95149, 29.08346 ], [ -110.95187, 29.08619 ], [ -110.95231, 29.089 ], [ -110.95274, 29.09185 ], [ -110.95322, 29.09479 ], [ -110.95325, 29.09536 ], [ -110.95319, 29.09558 ], [ -110.95296, 29.0961 ], [ -110.95284, 29.09616 ], [ -110.95284, 29.09624 ], [ -110.95295, 29.09637 ], [ -110.95308, 29.09638 ], [ -110.95334, 29.09636 ], [ -110.9535, 29.09635 ], [ -110.95399, 29.0962 ], [ -110.95454, 29.09613 ], [ -110.955, 29.09602 ], [ -110.95543, 29.09582 ], [ -110.9559, 29.09576 ], [ -110.9563, 29.09583 ], [ -110.95647, 29.096 ], [ -110.9567, 29.09765 ], [ -110.95696, 29.09925 ], [ -110.95687, 29.0997 ], [ -110.95673, 29.1001 ], [ -110.95672, 29.10034 ], [ -110.95681, 29.10046 ], [ -110.95705, 29.1003 ], [ -110.95724, 29.10076 ], [ -110.95757, 29.10266 ], [ -110.958, 29.10546 ], [ -110.9581, 29.10612 ], [ -110.95785, 29.10611 ], [ -110.95728, 29.10592 ], [ -110.95662, 29.1057 ], [ -110.95601, 29.1056 ], [ -110.95522, 29.1055 ], [ -110.95442, 29.10561 ], [ -110.95351, 29.10586 ], [ -110.95322, 29.10585 ], [ -110.95299, 29.10566 ], [ -110.95297, 29.10528 ], [ -110.95097, 29.10529 ], [ -110.95102, 29.10639 ], [ -110.95104, 29.10721 ], [ -110.95106, 29.10998 ], [ -110.95096, 29.11027 ], [ -110.95101, 29.11232 ], [ -110.95099, 29.11465 ], [ -110.95304, 29.11469 ], [ -110.95531, 29.11437 ], [ -110.95787, 29.11405 ], [ -110.95826, 29.11642 ], [ -110.9588, 29.11978 ], [ -110.95901, 29.12118 ], [ -110.96283, 29.12073 ], [ -110.96456, 29.12055 ], [ -110.96485, 29.1205 ], [ -110.96483, 29.12081 ], [ -110.96505, 29.1222 ], [ -110.96545, 29.12468 ], [ -110.96585, 29.12707 ], [ -110.9662, 29.12933 ], [ -110.96786, 29.13955 ], [ -110.96795, 29.14014 ], [ -110.97095, 29.13974 ], [ -110.97488, 29.13924 ], [ -110.97841, 29.1388 ], [ -110.98212, 29.13833 ], [ -110.98527, 29.13795 ], [ -110.98819, 29.13757 ], [ -110.99174, 29.13714 ], [ -110.99461, 29.13676 ], [ -110.99506, 29.13788 ], [ -110.99578, 29.13986 ], [ -110.99742, 29.13945 ], [ -111.00128, 29.13834 ], [ -111.00456, 29.1374 ], [ -111.00805, 29.13641 ], [ -111.00929, 29.13606 ], [ -111.00998, 29.13592 ], [ -111.01144, 29.13573 ], [ -111.0128, 29.13554 ], [ -111.0154, 29.13517 ], [ -111.0157, 29.13671 ], [ -111.01589, 29.13762 ], [ -111.016, 29.13805 ], [ -111.01606, 29.13838 ], [ -111.01479, 29.13856 ], [ -111.01199, 29.13893 ], [ -111.01221, 29.14016 ], [ -111.01259, 29.14232 ], [ -111.01272, 29.14323 ], [ -111.01001, 29.14364 ], [ -111.00707, 29.14415 ], [ -111.00495, 29.14453 ], [ -111.00301, 29.14488 ], [ -111.00261, 29.14493 ], [ -111.00217, 29.14488 ], [ -111.00168, 29.14475 ], [ -110.99951, 29.14403 ], [ -110.99819, 29.14363 ], [ -110.99781, 29.14359 ], [ -110.99695, 29.14365 ], [ -110.99541, 29.14388 ], [ -110.99457, 29.14397 ], [ -110.9946, 29.14417 ], [ -110.9972, 29.14384 ], [ -110.99787, 29.14378 ], [ -110.99828, 29.14386 ], [ -111.00074, 29.14462 ], [ -111.00199, 29.14503 ], [ -111.00258, 29.14508 ], [ -111.00302, 29.14509 ], [ -111.00548, 29.14463 ], [ -111.00838, 29.14411 ], [ -111.01114, 29.14363 ], [ -111.01281, 29.14333 ], [ -111.0124, 29.14095 ], [ -111.01204, 29.139 ], [ -111.01447, 29.13864 ], [ -111.01613, 29.13841 ], [ -111.01604, 29.13795 ], [ -111.01585, 29.13735 ], [ -111.01571, 29.13655 ], [ -111.01545, 29.13511 ], [ -111.0141, 29.13531 ], [ -111.01255, 29.13552 ], [ -111.0105, 29.13578 ], [ -111.00975, 29.13591 ], [ -111.00902, 29.13609 ], [ -111.00821, 29.13633 ], [ -111.00544, 29.1371 ], [ -111.00348, 29.13766 ], [ -110.99988, 29.1387 ], [ -110.99723, 29.13943 ], [ -110.99597, 29.13977 ], [ -110.99479, 29.1367 ], [ -110.9942, 29.13677 ], [ -110.99202, 29.13704 ], [ -110.9889, 29.13744 ], [ -110.98562, 29.13786 ], [ -110.98219, 29.13829 ], [ -110.97837, 29.13875 ], [ -110.97686, 29.13893 ], [ -110.97658, 29.13701 ], [ -110.97633, 29.13563 ], [ -110.97634, 29.13527 ], [ -110.97599, 29.13344 ], [ -110.97581, 29.13236 ], [ -110.97551, 29.13033 ], [ -110.97522, 29.12857 ], [ -110.97507, 29.12788 ], [ -110.97504, 29.12738 ], [ -110.97454, 29.12447 ], [ -110.97421, 29.12253 ], [ -110.97367, 29.11913 ], [ -110.97318, 29.11604 ], [ -110.97259, 29.11248 ], [ -110.97202, 29.10913 ], [ -110.97192, 29.10852 ], [ -110.9719, 29.10801 ], [ -110.97165, 29.10682 ], [ -110.97153, 29.10599 ], [ -110.97133, 29.10472 ], [ -110.97077, 29.10155 ], [ -110.97043, 29.09951 ], [ -110.96996, 29.09636 ], [ -110.96946, 29.09321 ], [ -110.9691, 29.09107 ], [ -110.96815, 29.09124 ], [ -110.96794, 29.09015 ], [ -110.96788, 29.08932 ], [ -110.96994, 29.09006 ], [ -110.97004, 29.0906 ], [ -110.97012, 29.09095 ], [ -110.96909, 29.0911 ], [ -110.96882, 29.08941 ], [ -110.96694, 29.0887 ], [ -110.96585, 29.08827 ], [ -110.96482, 29.08784 ], [ -110.96454, 29.08766 ], [ -110.9631, 29.08631 ], [ -110.9613, 29.08467 ], [ -110.96086, 29.0844 ], [ -110.9601, 29.08417 ], [ -110.95936, 29.08416 ], [ -110.95812, 29.08426 ], [ -110.95599, 29.08452 ], [ -110.95544, 29.08452 ], [ -110.95462, 29.0843 ], [ -110.95357, 29.08399 ], [ -110.95289, 29.08378 ], [ -110.95267, 29.08201 ], [ -110.95242, 29.07929 ], [ -110.95236, 29.07867 ], [ -110.95649, 29.07836 ], [ -110.9574, 29.07828 ], [ -110.95706, 29.07682 ], [ -110.9568, 29.07537 ], [ -110.95656, 29.07399 ], [ -110.95625, 29.0734 ], [ -110.95593, 29.07295 ], [ -110.95576, 29.07251 ], [ -110.95558, 29.07099 ], [ -110.9556, 29.07075 ] ] } },
{ "type": "Feature", "properties": { "city": "Hermosillo", "route_name": "6_", "route_name_short": "", "type": "Bus", "shape_id": "shape_3653" }, "geometry": { "type": "LineString", "coordinates": [ [ -110.98645, 29.14526 ], [ -110.99563, 29.14408 ], [ -110.99584, 29.14407 ], [ -110.99606, 29.14414 ], [ -110.99627, 29.14443 ], [ -110.9964, 29.14709 ], [ -110.99645, 29.14974 ], [ -110.99653, 29.15181 ], [ -110.9965, 29.15254 ], [ -110.99671, 29.15256 ], [ -110.99668, 29.14975 ], [ -110.98877, 29.15089 ], [ -110.98685, 29.14585 ], [ -110.98664, 29.14505 ], [ -110.98664, 29.14419 ], [ -110.98667, 29.14245 ], [ -110.98657, 29.14121 ], [ -110.98642, 29.14034 ], [ -110.9858, 29.13661 ], [ -110.98523, 29.13287 ], [ -110.98367, 29.1233 ], [ -110.98344, 29.12174 ], [ -110.98348, 29.12003 ], [ -110.98352, 29.11677 ], [ -110.98159, 29.10508 ], [ -110.97968, 29.09328 ], [ -110.97947, 29.09315 ], [ -110.97691, 29.09249 ], [ -110.97532, 29.09192 ], [ -110.97501, 29.09192 ], [ -110.97437, 29.09164 ], [ -110.97399, 29.09154 ], [ -110.96339, 29.09286 ], [ -110.96289, 29.08985 ], [ -110.96388, 29.08972 ], [ -110.96373, 29.08868 ], [ -110.96396, 29.08864 ], [ -110.96404, 29.08861 ], [ -110.96479, 29.08892 ], [ -110.96511, 29.08821 ], [ -110.96576, 29.08848 ], [ -110.96587, 29.08822 ], [ -110.96504, 29.08789 ], [ -110.96446, 29.08753 ], [ -110.96393, 29.08705 ], [ -110.96255, 29.08577 ], [ -110.96122, 29.08455 ], [ -110.96077, 29.08433 ], [ -110.96031, 29.0842 ], [ -110.95974, 29.08412 ], [ -110.95913, 29.08411 ], [ -110.95598, 29.08449 ], [ -110.95546, 29.08449 ], [ -110.95291, 29.08379 ], [ -110.95255, 29.0802 ], [ -110.95475, 29.08005 ], [ -110.95494, 29.08088 ], [ -110.95014, 29.08123 ], [ -110.94999, 29.08032 ], [ -110.94981, 29.07938 ], [ -110.94529, 29.07957 ], [ -110.94337, 29.07969 ], [ -110.94144, 29.07954 ], [ -110.93749, 29.079 ], [ -110.93738, 29.07904 ], [ -110.93727, 29.0792 ], [ -110.93677, 29.07902 ], [ -110.9363, 29.07874 ], [ -110.93591, 29.07845 ], [ -110.93457, 29.07798 ], [ -110.93397, 29.07781 ], [ -110.93366, 29.07776 ], [ -110.93266, 29.07751 ], [ -110.93222, 29.0775 ], [ -110.93158, 29.07756 ], [ -110.93119, 29.07767 ], [ -110.9308, 29.07783 ], [ -110.92827, 29.07944 ], [ -110.9276, 29.07975 ], [ -110.92711, 29.07986 ], [ -110.92646, 29.07991 ], [ -110.92505, 29.08009 ], [ -110.92365, 29.08023 ], [ -110.92317, 29.07855 ], [ -110.92308, 29.07737 ], [ -110.92311, 29.07686 ], [ -110.92318, 29.07634 ], [ -110.92338, 29.0753 ], [ -110.92364, 29.07406 ], [ -110.92368, 29.0738 ], [ -110.9237, 29.07353 ], [ -110.92365, 29.07336 ], [ -110.92357, 29.07319 ], [ -110.92294, 29.07255 ], [ -110.92228, 29.07195 ], [ -110.92165, 29.07138 ], [ -110.92122, 29.07072 ], [ -110.9211, 29.07033 ], [ -110.9211, 29.06985 ], [ -110.92126, 29.0694 ], [ -110.92148, 29.06895 ], [ -110.92179, 29.0685 ], [ -110.92224, 29.06805 ], [ -110.92339, 29.06686 ], [ -110.92537, 29.06489 ], [ -110.92711, 29.06327 ], [ -110.92786, 29.06256 ], [ -110.9285, 29.06176 ], [ -110.92894, 29.06098 ], [ -110.92919, 29.06017 ], [ -110.92926, 29.05934 ], [ -110.92925, 29.05837 ], [ -110.92928, 29.05761 ], [ -110.9294, 29.05701 ], [ -110.92968, 29.05626 ], [ -110.93003, 29.0555 ], [ -110.93084, 29.05407 ], [ -110.9316, 29.05262 ], [ -110.93241, 29.05117 ], [ -110.93399, 29.04823 ], [ -110.93556, 29.04529 ], [ -110.93533, 29.04518 ], [ -110.93333, 29.0489 ], [ -110.93524, 29.04958 ], [ -110.93639, 29.05006 ], [ -110.93751, 29.05039 ], [ -110.93955, 29.05108 ], [ -110.94056, 29.04922 ], [ -110.94083, 29.04904 ], [ -110.94156, 29.04853 ], [ -110.94254, 29.04787 ], [ -110.94308, 29.04699 ], [ -110.94502, 29.04339 ], [ -110.9453, 29.04256 ], [ -110.94534, 29.04168 ], [ -110.94521, 29.04053 ], [ -110.94512, 29.04004 ], [ -110.94524, 29.03991 ], [ -110.94529, 29.03972 ], [ -110.94522, 29.03956 ], [ -110.94503, 29.03946 ], [ -110.94501, 29.03929 ], [ -110.94483, 29.03786 ], [ -110.94491, 29.03728 ], [ -110.94503, 29.03678 ], [ -110.94577, 29.03477 ], [ -110.94588, 29.03468 ], [ -110.94642, 29.03443 ], [ -110.94871, 29.03504 ], [ -110.94865, 29.034 ], [ -110.94855, 29.0339 ], [ -110.94838, 29.03403 ], [ -110.94846, 29.03416 ], [ -110.94848, 29.03477 ], [ -110.94505, 29.03384 ], [ -110.94209, 29.033 ], [ -110.94184, 29.03279 ], [ -110.94171, 29.03257 ], [ -110.94182, 29.03004 ], [ -110.94173, 29.02926 ], [ -110.94156, 29.02883 ], [ -110.94128, 29.02841 ], [ -110.9314, 29.0202 ], [ -110.93132, 29.01999 ], [ -110.93131, 29.01977 ], [ -110.93162, 29.01942 ], [ -110.93187, 29.01889 ], [ -110.93189, 29.01827 ], [ -110.93187, 29.01643 ], [ -110.93262, 29.01496 ], [ -110.93263, 29.01436 ], [ -110.93261, 29.01377 ], [ -110.93263, 29.01176 ], [ -110.93276, 29.01167 ], [ -110.93359, 29.00996 ], [ -110.93427, 29.00852 ], [ -110.93461, 29.00851 ], [ -110.93461, 29.00833 ], [ -110.92396, 29.0085 ], [ -110.92389, 29.00809 ], [ -110.92378, 29.00785 ], [ -110.92229, 29.00667 ], [ -110.92209, 29.00657 ], [ -110.92075, 29.00549 ], [ -110.92077, 29.00523 ], [ -110.92074, 29.004 ], [ -110.92063, 29.00273 ], [ -110.92049, 29.00232 ], [ -110.92045, 29.00084 ], [ -110.92036, 28.9992 ], [ -110.92051, 28.99872 ], [ -110.91969, 28.9986 ], [ -110.91943, 28.99846 ], [ -110.91903, 28.99836 ], [ -110.91803, 28.9983 ], [ -110.91767, 28.99981 ], [ -110.91735, 29.00133 ], [ -110.91664, 29.00435 ], [ -110.91759, 29.00515 ], [ -110.91777, 29.00527 ], [ -110.91808, 29.00508 ], [ -110.92009, 29.00333 ], [ -110.91995, 29.00321 ], [ -110.91826, 29.00474 ], [ -110.91793, 29.00504 ], [ -110.9177, 29.00515 ], [ -110.91672, 29.00434 ], [ -110.91722, 29.00218 ], [ -110.91768, 29.00002 ], [ -110.91805, 28.99847 ], [ -110.92024, 28.99887 ], [ -110.92019, 28.99914 ], [ -110.92029, 29.00104 ], [ -110.92033, 29.00267 ], [ -110.92021, 29.00292 ], [ -110.91999, 29.00319 ], [ -110.9201, 29.00338 ], [ -110.9202, 29.0034 ], [ -110.92066, 29.00342 ], [ -110.92072, 29.00552 ], [ -110.92207, 29.00663 ], [ -110.92216, 29.00681 ], [ -110.92366, 29.00801 ], [ -110.92376, 29.00823 ], [ -110.92384, 29.0086 ], [ -110.93369, 29.00851 ], [ -110.93261, 29.01072 ], [ -110.93254, 29.01094 ], [ -110.93255, 29.01177 ], [ -110.93255, 29.01362 ], [ -110.93162, 29.01363 ], [ -110.93164, 29.01604 ], [ -110.93166, 29.01856 ], [ -110.93163, 29.01893 ], [ -110.93146, 29.01928 ], [ -110.93079, 29.02 ], [ -110.93809, 29.02605 ], [ -110.94076, 29.02833 ], [ -110.94114, 29.02876 ], [ -110.94135, 29.02918 ], [ -110.94143, 29.0296 ], [ -110.94122, 29.03207 ], [ -110.9411, 29.03232 ], [ -110.94088, 29.03248 ], [ -110.9406, 29.03251 ], [ -110.94018, 29.03245 ], [ -110.93933, 29.03226 ], [ -110.93827, 29.03198 ], [ -110.93821, 29.03215 ], [ -110.94143, 29.03307 ], [ -110.94324, 29.03355 ], [ -110.9454, 29.03423 ], [ -110.94542, 29.03448 ], [ -110.94552, 29.03471 ], [ -110.94476, 29.03687 ], [ -110.94466, 29.03732 ], [ -110.94461, 29.038 ], [ -110.94479, 29.03947 ], [ -110.94465, 29.03957 ], [ -110.94461, 29.0397 ], [ -110.94462, 29.03982 ], [ -110.94472, 29.03998 ], [ -110.94489, 29.04006 ], [ -110.9451, 29.0418 ], [ -110.94509, 29.04222 ], [ -110.94502, 29.04262 ], [ -110.94475, 29.0434 ], [ -110.9428, 29.04702 ], [ -110.94235, 29.04774 ], [ -110.94102, 29.04864 ], [ -110.94051, 29.04901 ], [ -110.94046, 29.04919 ], [ -110.9395, 29.05085 ], [ -110.9381, 29.05037 ], [ -110.9368, 29.04983 ], [ -110.93548, 29.04941 ], [ -110.93413, 29.04893 ], [ -110.93399, 29.04888 ], [ -110.93389, 29.0488 ], [ -110.93384, 29.0487 ], [ -110.93382, 29.04857 ], [ -110.93464, 29.04705 ], [ -110.93556, 29.0453 ], [ -110.93533, 29.04518 ], [ -110.93224, 29.05088 ], [ -110.93057, 29.05393 ], [ -110.92977, 29.05546 ], [ -110.92934, 29.05628 ], [ -110.9291, 29.057 ], [ -110.92899, 29.05763 ], [ -110.92897, 29.05831 ], [ -110.929, 29.05898 ], [ -110.92899, 29.05965 ], [ -110.92883, 29.0605 ], [ -110.92816, 29.06183 ], [ -110.92725, 29.06275 ], [ -110.92617, 29.06381 ], [ -110.92511, 29.06483 ], [ -110.9241, 29.06585 ], [ -110.92211, 29.06784 ], [ -110.92156, 29.06841 ], [ -110.92105, 29.06928 ], [ -110.92082, 29.06975 ], [ -110.92073, 29.07022 ], [ -110.92072, 29.0708 ], [ -110.92083, 29.07134 ], [ -110.92107, 29.07188 ], [ -110.9213, 29.07218 ], [ -110.92305, 29.07383 ], [ -110.92316, 29.07404 ], [ -110.92323, 29.07426 ], [ -110.92334, 29.07485 ], [ -110.92299, 29.0769 ], [ -110.92297, 29.07777 ], [ -110.92305, 29.07847 ], [ -110.92357, 29.08032 ], [ -110.92499, 29.08017 ], [ -110.92643, 29.07999 ], [ -110.92711, 29.07993 ], [ -110.92741, 29.07988 ], [ -110.92769, 29.07979 ], [ -110.92828, 29.07951 ], [ -110.92858, 29.07933 ], [ -110.93051, 29.07808 ], [ -110.93069, 29.07807 ], [ -110.93124, 29.07794 ], [ -110.9317, 29.07792 ], [ -110.93215, 29.07795 ], [ -110.9334, 29.07834 ], [ -110.93556, 29.07909 ], [ -110.93673, 29.07926 ], [ -110.93708, 29.07942 ], [ -110.9395, 29.08012 ], [ -110.94339, 29.08127 ], [ -110.94343, 29.0808 ], [ -110.94882, 29.08046 ], [ -110.9511, 29.08026 ], [ -110.95254, 29.0802 ], [ -110.95229, 29.07805 ], [ -110.95081, 29.07818 ], [ -110.95092, 29.0788 ], [ -110.95096, 29.07931 ], [ -110.95109, 29.08022 ], [ -110.95129, 29.08166 ], [ -110.95146, 29.08355 ], [ -110.95494, 29.08459 ], [ -110.95558, 29.08472 ], [ -110.95641, 29.0847 ], [ -110.9592, 29.08438 ], [ -110.95976, 29.08437 ], [ -110.96026, 29.08442 ], [ -110.96087, 29.08463 ], [ -110.96139, 29.08506 ], [ -110.96449, 29.08793 ], [ -110.96397, 29.08859 ], [ -110.96264, 29.08872 ], [ -110.9628, 29.08979 ], [ -110.95982, 29.09017 ], [ -110.9606, 29.09426 ], [ -110.97524, 29.09253 ], [ -110.97578, 29.09232 ], [ -110.97648, 29.09256 ], [ -110.97753, 29.09284 ], [ -110.97763, 29.09374 ], [ -110.97941, 29.1043 ], [ -110.98145, 29.11679 ], [ -110.98148, 29.11857 ], [ -110.98124, 29.11995 ], [ -110.9818, 29.12345 ], [ -110.98276, 29.12967 ], [ -110.98484, 29.14225 ], [ -110.98524, 29.14301 ], [ -110.98567, 29.14352 ], [ -110.9862, 29.14432 ], [ -110.98646, 29.14526 ] ] } },
{ "type": "Feature", "properties": { "city": "Hermosillo", "route_name": "5_", "route_name_short": "", "type": "Bus", "shape_id": "shape_3658" }, "geometry": { "type": "LineString", "coordinates": [ [ -110.97684, 29.1458 ], [ -110.97795, 29.15309 ], [ -110.98075, 29.15275 ], [ -110.97948, 29.1494 ], [ -110.97984, 29.14938 ], [ -110.98003, 29.14934 ], [ -110.98245, 29.14865 ], [ -110.98275, 29.14941 ], [ -110.98327, 29.15088 ], [ -110.98346, 29.15164 ], [ -110.98353, 29.15162 ], [ -110.98336, 29.15094 ], [ -110.98323, 29.15058 ], [ -110.98284, 29.14944 ], [ -110.9825, 29.14858 ], [ -110.9797, 29.14934 ], [ -110.97765, 29.14937 ], [ -110.97734, 29.14743 ], [ -110.97714, 29.14584 ], [ -110.97711, 29.14567 ], [ -110.97713, 29.14528 ], [ -110.97719, 29.14501 ], [ -110.97748, 29.14445 ], [ -110.97758, 29.14422 ], [ -110.97766, 29.14395 ], [ -110.97769, 29.14369 ], [ -110.97739, 29.1418 ], [ -110.97882, 29.14163 ], [ -110.97599, 29.12442 ], [ -110.97688, 29.12432 ], [ -110.97821, 29.12417 ], [ -110.97802, 29.12308 ], [ -110.97671, 29.12323 ], [ -110.97584, 29.12336 ], [ -110.97516, 29.11911 ], [ -110.97375, 29.11929 ], [ -110.97288, 29.11393 ], [ -110.97697, 29.11393 ], [ -110.97364, 29.09372 ], [ -110.97264, 29.09383 ], [ -110.97216, 29.09068 ], [ -110.96478, 29.08777 ], [ -110.96129, 29.08459 ], [ -110.96077, 29.08431 ], [ -110.95999, 29.08413 ], [ -110.95916, 29.08412 ], [ -110.95696, 29.08438 ], [ -110.95582, 29.07773 ], [ -110.95432, 29.07783 ], [ -110.95215, 29.07806 ], [ -110.95087, 29.07817 ], [ -110.94853, 29.07845 ], [ -110.949, 29.08273 ], [ -110.94961, 29.08848 ], [ -110.94989, 29.0913 ], [ -110.95017, 29.09342 ], [ -110.93831, 29.09488 ], [ -110.93837, 29.09742 ], [ -110.93263, 29.0973 ], [ -110.92785, 29.09726 ], [ -110.92701, 29.0973 ], [ -110.92483, 29.09774 ], [ -110.92509, 29.09881 ], [ -110.91686, 29.10051 ], [ -110.91651, 29.10072 ], [ -110.91611, 29.1011 ], [ -110.91967, 29.10274 ], [ -110.91945, 29.10323 ], [ -110.9195, 29.10711 ], [ -110.91945, 29.11091 ], [ -110.9207, 29.11094 ], [ -110.92067, 29.10736 ], [ -110.92071, 29.10378 ], [ -110.92353, 29.10316 ], [ -110.92609, 29.10261 ], [ -110.92612, 29.10277 ], [ -110.92853, 29.10227 ], [ -110.92898, 29.10399 ], [ -110.92907, 29.10397 ], [ -110.92852, 29.10202 ], [ -110.92842, 29.10168 ], [ -110.92839, 29.10146 ], [ -110.92834, 29.10132 ], [ -110.92804, 29.10007 ], [ -110.92559, 29.10058 ], [ -110.92495, 29.09799 ], [ -110.92638, 29.09768 ], [ -110.92722, 29.09756 ], [ -110.92803, 29.09749 ], [ -110.93509, 29.0976 ], [ -110.93509, 29.0963 ], [ -110.93617, 29.0963 ], [ -110.93879, 29.09598 ], [ -110.93857, 29.09492 ], [ -110.95096, 29.09337 ], [ -110.9505, 29.08968 ], [ -110.94979, 29.08317 ], [ -110.95012, 29.08312 ], [ -110.95037, 29.08289 ], [ -110.94974, 29.07886 ], [ -110.95444, 29.07852 ], [ -110.95571, 29.08472 ], [ -110.95726, 29.0846 ], [ -110.95916, 29.08438 ], [ -110.96016, 29.08439 ], [ -110.9607, 29.08455 ], [ -110.96098, 29.08469 ], [ -110.96442, 29.08787 ], [ -110.96488, 29.08813 ], [ -110.96891, 29.08973 ], [ -110.97103, 29.09052 ], [ -110.97304, 29.10294 ], [ -110.9742, 29.11006 ], [ -110.9747, 29.11328 ], [ -110.97485, 29.11423 ], [ -110.97486, 29.11521 ], [ -110.97127, 29.11335 ], [ -110.97061, 29.11312 ], [ -110.97167, 29.11963 ], [ -110.97511, 29.11919 ], [ -110.9758, 29.12344 ], [ -110.97667, 29.1233 ], [ -110.978, 29.12313 ], [ -110.97823, 29.12449 ], [ -110.9769, 29.12466 ], [ -110.97604, 29.12473 ], [ -110.97692, 29.13028 ], [ -110.97874, 29.14158 ], [ -110.97527, 29.14199 ], [ -110.9756, 29.14385 ], [ -110.97589, 29.14435 ], [ -110.97642, 29.1449 ], [ -110.97664, 29.14521 ], [ -110.97682, 29.14578 ] ] } },
{ "type": "Feature", "properties": { "city": "Hermosillo", "route_name": "9_Hacienda del Sur", "route_name_short": "Hacienda del Sur", "type": "Bus", "shape_id": "shape_3663" }, "geometry": { "type": "LineString", "coordinates": [ [ -110.96753, 29.00292 ], [ -110.97041, 28.99739 ], [ -110.96881, 28.99658 ], [ -110.96831, 28.99635 ], [ -110.96823, 28.99626 ], [ -110.96813, 28.99627 ], [ -110.96806, 28.99637 ], [ -110.9656, 28.99644 ], [ -110.96567, 28.99729 ], [ -110.96771, 28.99724 ], [ -110.96811, 28.99644 ], [ -110.9683, 28.99641 ], [ -110.97019, 28.99732 ], [ -110.96897, 28.99971 ], [ -110.96638, 29.00474 ], [ -110.96367, 29.0102 ], [ -110.96289, 29.01175 ], [ -110.96239, 29.01266 ], [ -110.96218, 29.01331 ], [ -110.96196, 29.01432 ], [ -110.96166, 29.0167 ], [ -110.96088, 29.02201 ], [ -110.95979, 29.02975 ], [ -110.95921, 29.03371 ], [ -110.95872, 29.03633 ], [ -110.95803, 29.03991 ], [ -110.95709, 29.04507 ], [ -110.95664, 29.04717 ], [ -110.95571, 29.0519 ], [ -110.95464, 29.05806 ], [ -110.95419, 29.06027 ], [ -110.95426, 29.06092 ], [ -110.95474, 29.06564 ], [ -110.95532, 29.06986 ], [ -110.95556, 29.07115 ], [ -110.9559, 29.0735 ], [ -110.95637, 29.07681 ], [ -110.9567, 29.07841 ], [ -110.95685, 29.07913 ], [ -110.9571, 29.08079 ], [ -110.95733, 29.08255 ], [ -110.95374, 29.0828 ], [ -110.95276, 29.08288 ], [ -110.95253, 29.08016 ], [ -110.95616, 29.07994 ], [ -110.95588, 29.07842 ], [ -110.95736, 29.07829 ], [ -110.95703, 29.0767 ], [ -110.95673, 29.07493 ], [ -110.95653, 29.0738 ], [ -110.95609, 29.07322 ], [ -110.95586, 29.07284 ], [ -110.95556, 29.0708 ], [ -110.9551, 29.06732 ], [ -110.95485, 29.06548 ], [ -110.9547, 29.06417 ], [ -110.95437, 29.06121 ], [ -110.95435, 29.06052 ], [ -110.95434, 29.06001 ], [ -110.95497, 29.05727 ], [ -110.95616, 29.05088 ], [ -110.95727, 29.04522 ], [ -110.95832, 29.03886 ], [ -110.95931, 29.03407 ], [ -110.95969, 29.03204 ], [ -110.96014, 29.02833 ], [ -110.96088, 29.02289 ], [ -110.96155, 29.01806 ], [ -110.96207, 29.01484 ], [ -110.96218, 29.01398 ], [ -110.96236, 29.01316 ], [ -110.96255, 29.01271 ], [ -110.9648, 29.00832 ], [ -110.9675, 29.00293 ] ] } },
{ "type": "Feature", "properties": { "city": "Hermosillo", "route_name": "8_", "route_name_short": "", "type": "Bus", "shape_id": "shape_3654" }, "geometry": { "type": "LineString", "coordinates": [ [ -110.93836, 29.09709 ], [ -110.93894, 29.09704 ], [ -110.93842, 29.09425 ], [ -110.9384, 29.094 ], [ -110.93839, 29.09155 ], [ -110.93836, 29.09119 ], [ -110.93832, 29.09102 ], [ -110.93816, 29.09062 ], [ -110.93796, 29.09022 ], [ -110.93762, 29.08987 ], [ -110.93665, 29.0889 ], [ -110.93654, 29.08873 ], [ -110.93649, 29.08853 ], [ -110.9365, 29.08828 ], [ -110.93661, 29.08803 ], [ -110.93697, 29.08751 ], [ -110.93712, 29.0873 ], [ -110.93722, 29.08699 ], [ -110.93723, 29.08645 ], [ -110.93722, 29.08562 ], [ -110.93731, 29.08475 ], [ -110.93727, 29.08437 ], [ -110.93705, 29.08415 ], [ -110.93679, 29.08409 ], [ -110.93448, 29.0841 ], [ -110.93364, 29.08431 ], [ -110.93315, 29.08442 ], [ -110.93281, 29.0846 ], [ -110.93242, 29.08493 ], [ -110.9322, 29.08521 ], [ -110.9315, 29.08616 ], [ -110.93134, 29.08677 ], [ -110.93128, 29.08735 ], [ -110.93125, 29.08788 ], [ -110.93114, 29.08803 ], [ -110.93098, 29.08807 ], [ -110.93059, 29.08731 ], [ -110.93036, 29.08693 ], [ -110.93014, 29.08677 ], [ -110.92976, 29.08664 ], [ -110.92882, 29.08661 ], [ -110.92791, 29.08654 ], [ -110.92759, 29.08642 ], [ -110.9273, 29.08604 ], [ -110.92699, 29.08522 ], [ -110.92647, 29.08396 ], [ -110.9253, 29.08108 ], [ -110.92511, 29.08109 ], [ -110.92419, 29.08139 ], [ -110.92365, 29.0803 ], [ -110.92449, 29.08022 ], [ -110.9255, 29.0801 ], [ -110.92717, 29.07992 ], [ -110.92747, 29.07986 ], [ -110.92762, 29.07981 ], [ -110.92831, 29.07949 ], [ -110.92936, 29.07881 ], [ -110.93026, 29.07824 ], [ -110.93088, 29.07788 ], [ -110.93119, 29.07775 ], [ -110.93157, 29.07764 ], [ -110.93196, 29.07758 ], [ -110.93224, 29.07756 ], [ -110.93263, 29.07758 ], [ -110.93284, 29.07761 ], [ -110.93354, 29.0778 ], [ -110.93396, 29.07786 ], [ -110.93481, 29.0757 ], [ -110.93487, 29.07562 ], [ -110.93494, 29.07555 ], [ -110.93507, 29.07549 ], [ -110.93535, 29.07545 ], [ -110.93539, 29.07499 ], [ -110.93544, 29.07423 ], [ -110.93547, 29.07407 ], [ -110.93595, 29.07289 ], [ -110.93642, 29.07296 ], [ -110.93772, 29.07315 ], [ -110.93771, 29.07533 ], [ -110.93772, 29.07543 ], [ -110.93776, 29.07547 ], [ -110.93765, 29.07559 ], [ -110.93776, 29.0756 ], [ -110.93796, 29.07564 ], [ -110.94186, 29.07235 ], [ -110.94197, 29.07221 ], [ -110.94235, 29.07226 ], [ -110.94428, 29.07243 ], [ -110.9465, 29.07255 ], [ -110.94683, 29.07343 ], [ -110.94703, 29.07382 ], [ -110.94739, 29.07437 ], [ -110.94782, 29.07482 ], [ -110.94821, 29.07511 ], [ -110.94823, 29.07522 ], [ -110.94824, 29.07549 ], [ -110.94827, 29.07575 ], [ -110.94829, 29.07622 ], [ -110.94821, 29.07676 ], [ -110.94819, 29.07693 ], [ -110.94821, 29.0771 ], [ -110.94852, 29.07839 ], [ -110.94868, 29.07971 ], [ -110.94876, 29.08047 ], [ -110.95008, 29.08036 ], [ -110.95112, 29.08026 ], [ -110.95248, 29.0802 ], [ -110.95368, 29.08011 ], [ -110.95532, 29.08001 ], [ -110.95618, 29.07995 ], [ -110.95592, 29.07843 ], [ -110.95743, 29.0783 ], [ -110.95723, 29.07754 ], [ -110.95702, 29.07629 ], [ -110.95655, 29.0739 ], [ -110.95647, 29.07372 ], [ -110.95595, 29.07293 ], [ -110.95583, 29.07257 ], [ -110.9556, 29.07091 ], [ -110.95564, 29.0708 ], [ -110.95533, 29.0687 ], [ -110.95505, 29.06659 ], [ -110.95469, 29.06359 ], [ -110.95454, 29.06209 ], [ -110.95438, 29.0606 ], [ -110.9544, 29.06019 ], [ -110.95448, 29.05966 ], [ -110.9546, 29.05921 ], [ -110.95493, 29.05756 ], [ -110.95902, 29.05814 ], [ -110.96069, 29.05822 ], [ -110.96112, 29.05833 ], [ -110.96137, 29.05812 ], [ -110.9615, 29.05805 ], [ -110.96203, 29.05799 ], [ -110.96262, 29.05797 ], [ -110.96303, 29.0579 ], [ -110.9654, 29.0571 ], [ -110.96386, 29.05397 ], [ -110.96373, 29.05364 ], [ -110.96359, 29.05288 ], [ -110.96354, 29.05173 ], [ -110.96356, 29.05121 ], [ -110.96347, 29.05065 ], [ -110.96338, 29.04873 ], [ -110.96333, 29.04837 ], [ -110.96322, 29.04785 ], [ -110.96282, 29.04683 ], [ -110.96199, 29.04484 ], [ -110.96414, 29.04422 ], [ -110.9662, 29.04367 ], [ -110.96867, 29.0431 ], [ -110.97019, 29.04295 ], [ -110.96993, 29.04163 ], [ -110.97305, 29.04088 ], [ -110.97416, 29.04062 ], [ -110.97597, 29.04018 ], [ -110.97611, 29.04017 ], [ -110.97625, 29.04019 ], [ -110.97729, 29.04044 ], [ -110.97919, 29.04099 ], [ -110.97925, 29.03966 ], [ -110.97945, 29.03834 ], [ -110.97955, 29.03766 ], [ -110.97955, 29.03711 ], [ -110.97974, 29.0358 ], [ -110.98101, 29.03596 ], [ -110.98109, 29.03549 ], [ -110.98103, 29.03553 ], [ -110.98101, 29.03547 ], [ -110.98104, 29.03474 ], [ -110.98467, 29.03526 ], [ -110.9863, 29.03546 ], [ -110.98741, 29.03556 ], [ -110.98829, 29.03559 ], [ -110.98793, 29.03205 ], [ -110.9848, 29.03228 ], [ -110.98284, 29.03204 ], [ -110.98059, 29.03167 ], [ -110.97834, 29.03135 ], [ -110.97501, 29.03093 ], [ -110.97206, 29.03058 ], [ -110.97177, 29.03249 ], [ -110.97157, 29.03344 ], [ -110.97506, 29.03391 ], [ -110.97797, 29.03429 ], [ -110.97825, 29.03434 ], [ -110.97839, 29.03443 ], [ -110.97886, 29.03546 ], [ -110.97889, 29.0356 ], [ -110.97897, 29.03567 ], [ -110.97918, 29.03573 ], [ -110.97967, 29.03579 ], [ -110.97955, 29.03658 ], [ -110.97947, 29.03762 ], [ -110.97941, 29.03836 ], [ -110.97919, 29.03962 ], [ -110.97912, 29.04089 ], [ -110.97727, 29.04036 ], [ -110.97624, 29.04011 ], [ -110.97597, 29.04009 ], [ -110.97418, 29.04054 ], [ -110.97286, 29.04084 ], [ -110.97133, 29.04122 ], [ -110.96982, 29.04158 ], [ -110.96985, 29.04176 ], [ -110.96883, 29.04192 ], [ -110.96577, 29.04248 ], [ -110.96344, 29.04286 ], [ -110.9617, 29.04316 ], [ -110.9614, 29.04322 ], [ -110.9612, 29.04335 ], [ -110.96131, 29.04376 ], [ -110.96166, 29.04461 ], [ -110.96224, 29.04607 ], [ -110.96259, 29.04692 ], [ -110.96292, 29.04778 ], [ -110.96309, 29.04861 ], [ -110.96313, 29.0491 ], [ -110.96321, 29.05064 ], [ -110.96332, 29.05246 ], [ -110.96336, 29.05328 ], [ -110.96354, 29.05393 ], [ -110.96448, 29.05584 ], [ -110.96242, 29.05634 ], [ -110.95801, 29.05575 ], [ -110.95536, 29.05537 ], [ -110.95504, 29.05537 ], [ -110.95453, 29.05825 ], [ -110.9543, 29.05943 ], [ -110.95418, 29.06029 ], [ -110.95418, 29.06056 ], [ -110.95441, 29.06279 ], [ -110.9546, 29.06492 ], [ -110.95517, 29.06916 ], [ -110.95543, 29.0708 ], [ -110.9555, 29.0709 ], [ -110.95575, 29.07265 ], [ -110.95587, 29.07298 ], [ -110.95581, 29.07309 ], [ -110.95588, 29.07344 ], [ -110.95631, 29.07678 ], [ -110.95649, 29.07764 ], [ -110.95584, 29.07772 ], [ -110.95451, 29.07782 ], [ -110.9531, 29.07797 ], [ -110.95097, 29.07817 ], [ -110.94967, 29.07833 ], [ -110.94959, 29.07788 ], [ -110.94943, 29.07622 ], [ -110.94888, 29.07624 ], [ -110.94834, 29.07625 ], [ -110.94833, 29.07584 ], [ -110.94832, 29.07565 ], [ -110.94828, 29.07547 ], [ -110.94829, 29.07509 ], [ -110.9479, 29.07481 ], [ -110.94778, 29.0747 ], [ -110.94754, 29.07446 ], [ -110.94734, 29.07421 ], [ -110.94699, 29.07365 ], [ -110.94676, 29.07308 ], [ -110.94655, 29.07251 ], [ -110.94419, 29.07238 ], [ -110.94326, 29.0723 ], [ -110.94234, 29.0722 ], [ -110.94209, 29.07209 ], [ -110.94197, 29.07197 ], [ -110.94179, 29.07198 ], [ -110.94174, 29.0721 ], [ -110.94163, 29.07217 ], [ -110.94067, 29.073 ], [ -110.9397, 29.07381 ], [ -110.93875, 29.07463 ], [ -110.93779, 29.07543 ], [ -110.93777, 29.07535 ], [ -110.93776, 29.07526 ], [ -110.93775, 29.07403 ], [ -110.93777, 29.07311 ], [ -110.93665, 29.07295 ], [ -110.93591, 29.07284 ], [ -110.93543, 29.07403 ], [ -110.9353, 29.0754 ], [ -110.93509, 29.07543 ], [ -110.93492, 29.0755 ], [ -110.93478, 29.07566 ], [ -110.93435, 29.07673 ], [ -110.93414, 29.0773 ], [ -110.93392, 29.07781 ], [ -110.93367, 29.07777 ], [ -110.93352, 29.07774 ], [ -110.9329, 29.07756 ], [ -110.93271, 29.07753 ], [ -110.93225, 29.07749 ], [ -110.93193, 29.07751 ], [ -110.93155, 29.07758 ], [ -110.93118, 29.07769 ], [ -110.93076, 29.07786 ], [ -110.93023, 29.07818 ], [ -110.92932, 29.07876 ], [ -110.92828, 29.07944 ], [ -110.92764, 29.07973 ], [ -110.92745, 29.0798 ], [ -110.92716, 29.07986 ], [ -110.92524, 29.08007 ], [ -110.92428, 29.08018 ], [ -110.92356, 29.08025 ], [ -110.92415, 29.08145 ], [ -110.92473, 29.08303 ], [ -110.92536, 29.0846 ], [ -110.92585, 29.08581 ], [ -110.92613, 29.08636 ], [ -110.92659, 29.08655 ], [ -110.92811, 29.08663 ], [ -110.92889, 29.08669 ], [ -110.92942, 29.08671 ], [ -110.92976, 29.08672 ], [ -110.93001, 29.0868 ], [ -110.93025, 29.08695 ], [ -110.93036, 29.08708 ], [ -110.93091, 29.08814 ], [ -110.93114, 29.08809 ], [ -110.93129, 29.08797 ], [ -110.93133, 29.08727 ], [ -110.93139, 29.08681 ], [ -110.93146, 29.08645 ], [ -110.93157, 29.08619 ], [ -110.93229, 29.08517 ], [ -110.93249, 29.08493 ], [ -110.93285, 29.08465 ], [ -110.93321, 29.08447 ], [ -110.93366, 29.08434 ], [ -110.93444, 29.08418 ], [ -110.93677, 29.08416 ], [ -110.93701, 29.08421 ], [ -110.93712, 29.08429 ], [ -110.93719, 29.08439 ], [ -110.93723, 29.08475 ], [ -110.93713, 29.08562 ], [ -110.93714, 29.08649 ], [ -110.93713, 29.08706 ], [ -110.937, 29.08734 ], [ -110.9369, 29.08748 ], [ -110.93652, 29.08799 ], [ -110.9364, 29.08832 ], [ -110.93643, 29.08867 ], [ -110.93649, 29.08881 ], [ -110.93658, 29.08894 ], [ -110.93753, 29.08989 ], [ -110.93784, 29.09021 ], [ -110.93804, 29.09058 ], [ -110.93818, 29.09089 ], [ -110.93829, 29.0912 ], [ -110.93831, 29.09149 ], [ -110.93833, 29.09402 ], [ -110.93834, 29.0945 ], [ -110.93842, 29.09645 ], [ -110.93835, 29.09708 ] ] } },
{ "type": "Feature", "properties": { "city": "Hermosillo", "route_name": "9_", "route_name_short": "", "type": "Bus", "shape_id": "shape_3647" }, "geometry": { "type": "LineString", "coordinates": [ [ -110.95094, 29.09778 ], [ -110.9513, 29.09777 ], [ -110.95161, 29.09766 ], [ -110.95143, 29.09622 ], [ -110.95121, 29.09489 ], [ -110.95078, 29.09227 ], [ -110.95059, 29.09047 ], [ -110.94978, 29.08339 ], [ -110.94978, 29.08316 ], [ -110.95005, 29.08318 ], [ -110.95036, 29.08287 ], [ -110.95027, 29.08217 ], [ -110.95273, 29.08202 ], [ -110.95253, 29.08018 ], [ -110.95535, 29.08 ], [ -110.95522, 29.07848 ], [ -110.95745, 29.0783 ], [ -110.95723, 29.07753 ], [ -110.95699, 29.07619 ], [ -110.95676, 29.07486 ], [ -110.9565, 29.07379 ], [ -110.95584, 29.07274 ], [ -110.95558, 29.07095 ], [ -110.95561, 29.07077 ], [ -110.95549, 29.0699 ], [ -110.95504, 29.06678 ], [ -110.95437, 29.06074 ], [ -110.95439, 29.06005 ], [ -110.95465, 29.05894 ], [ -110.95541, 29.05492 ], [ -110.95648, 29.04922 ], [ -110.95867, 29.03783 ], [ -110.95839, 29.0374 ], [ -110.95577, 29.0367 ], [ -110.95556, 29.0367 ], [ -110.9518, 29.03568 ], [ -110.95192, 29.03521 ], [ -110.9521, 29.03074 ], [ -110.95022, 29.03046 ], [ -110.9505, 29.02902 ], [ -110.95077, 29.02749 ], [ -110.95078, 29.02739 ], [ -110.95087, 29.02729 ], [ -110.95133, 29.02736 ], [ -110.95152, 29.02641 ], [ -110.95502, 29.02693 ], [ -110.95537, 29.02506 ], [ -110.95644, 29.02523 ], [ -110.95841, 29.02542 ], [ -110.96134, 29.02576 ], [ -110.96185, 29.0257 ], [ -110.96226, 29.02557 ], [ -110.96265, 29.02537 ], [ -110.9653, 29.0232 ], [ -110.96749, 29.02148 ], [ -110.96824, 29.02114 ], [ -110.96872, 29.02097 ], [ -110.96926, 29.02084 ], [ -110.96973, 29.02076 ], [ -110.97022, 29.02072 ], [ -110.97076, 29.02067 ], [ -110.9715, 29.01672 ], [ -110.97395, 29.01707 ], [ -110.97429, 29.01707 ], [ -110.97484, 29.0169 ], [ -110.97509, 29.01671 ], [ -110.97549, 29.01617 ], [ -110.97576, 29.01591 ], [ -110.9761, 29.01574 ], [ -110.9765, 29.01567 ], [ -110.97728, 29.01579 ], [ -110.98685, 29.01711 ], [ -110.9869, 29.01704 ], [ -110.98687, 29.01697 ], [ -110.98466, 29.01666 ], [ -110.98214, 29.0163 ], [ -110.97734, 29.01566 ], [ -110.97766, 29.01375 ], [ -110.97769, 29.0133 ], [ -110.97765, 29.01284 ], [ -110.97751, 29.01195 ], [ -110.97764, 29.01184 ], [ -110.97768, 29.01166 ], [ -110.97763, 29.01151 ], [ -110.97743, 29.0114 ], [ -110.97732, 29.01053 ], [ -110.97711, 29.00991 ], [ -110.97698, 29.0096 ], [ -110.97697, 29.00931 ], [ -110.97739, 29.00726 ], [ -110.97748, 29.00665 ], [ -110.97733, 29.00627 ], [ -110.97712, 29.00595 ], [ -110.97693, 29.00609 ], [ -110.97717, 29.00643 ], [ -110.97726, 29.00677 ], [ -110.97717, 29.00727 ], [ -110.97674, 29.00939 ], [ -110.97676, 29.00974 ], [ -110.97703, 29.01034 ], [ -110.97712, 29.01058 ], [ -110.9772, 29.01146 ], [ -110.97709, 29.01154 ], [ -110.97704, 29.01168 ], [ -110.97712, 29.01187 ], [ -110.97727, 29.01195 ], [ -110.97741, 29.01195 ], [ -110.97763, 29.01334 ], [ -110.9776, 29.01366 ], [ -110.97723, 29.01564 ], [ -110.9765, 29.01552 ], [ -110.97611, 29.01557 ], [ -110.97577, 29.01571 ], [ -110.97547, 29.0159 ], [ -110.97524, 29.01615 ], [ -110.97503, 29.01651 ], [ -110.9747, 29.01673 ], [ -110.97444, 29.01685 ], [ -110.97404, 29.0169 ], [ -110.97154, 29.0166 ], [ -110.97141, 29.01672 ], [ -110.97069, 29.02061 ], [ -110.96983, 29.02067 ], [ -110.96916, 29.0208 ], [ -110.96859, 29.02093 ], [ -110.96787, 29.02122 ], [ -110.96726, 29.02154 ], [ -110.96525, 29.02314 ], [ -110.96262, 29.02528 ], [ -110.96231, 29.02547 ], [ -110.96197, 29.02559 ], [ -110.9616, 29.02566 ], [ -110.96129, 29.02567 ], [ -110.95963, 29.02552 ], [ -110.95637, 29.02514 ], [ -110.95595, 29.02818 ], [ -110.95549, 29.03139 ], [ -110.9593, 29.03203 ], [ -110.95941, 29.03211 ], [ -110.95767, 29.04122 ], [ -110.9577, 29.04145 ], [ -110.95676, 29.04631 ], [ -110.95536, 29.05371 ], [ -110.95474, 29.05714 ], [ -110.9544, 29.05889 ], [ -110.95417, 29.06035 ], [ -110.95459, 29.0648 ], [ -110.95518, 29.06924 ], [ -110.95542, 29.07075 ], [ -110.95551, 29.07092 ], [ -110.95573, 29.07265 ], [ -110.95589, 29.07301 ], [ -110.95582, 29.07317 ], [ -110.95646, 29.07765 ], [ -110.94855, 29.07845 ], [ -110.94978, 29.0901 ], [ -110.95021, 29.09384 ], [ -110.95036, 29.09538 ], [ -110.95062, 29.09757 ], [ -110.94087, 29.09746 ], [ -110.93589, 29.09741 ], [ -110.93349, 29.09733 ], [ -110.9311, 29.0973 ], [ -110.93105, 29.0972 ], [ -110.93111, 29.09297 ], [ -110.92984, 29.09295 ], [ -110.92946, 29.09299 ], [ -110.92918, 29.09306 ], [ -110.92913, 29.09206 ], [ -110.92896, 29.09166 ], [ -110.92876, 29.09136 ], [ -110.92855, 29.09146 ], [ -110.92648, 29.09214 ], [ -110.92563, 29.09246 ], [ -110.92321, 29.09343 ], [ -110.92089, 29.09435 ], [ -110.92011, 29.09285 ], [ -110.91826, 29.09362 ], [ -110.91903, 29.09518 ], [ -110.92086, 29.09442 ], [ -110.92176, 29.09609 ], [ -110.92672, 29.09409 ], [ -110.92909, 29.09317 ], [ -110.92909, 29.09254 ], [ -110.92904, 29.09208 ], [ -110.92898, 29.09188 ], [ -110.92875, 29.09145 ], [ -110.92855, 29.09112 ], [ -110.92705, 29.08958 ], [ -110.92436, 29.08668 ], [ -110.92451, 29.08651 ], [ -110.92485, 29.08633 ], [ -110.92587, 29.086 ], [ -110.926, 29.08623 ], [ -110.92614, 29.08636 ], [ -110.92647, 29.08651 ], [ -110.92973, 29.08671 ], [ -110.93004, 29.08681 ], [ -110.93029, 29.08693 ], [ -110.9311, 29.08856 ], [ -110.93119, 29.08891 ], [ -110.93101, 29.09307 ], [ -110.93095, 29.09726 ], [ -110.93088, 29.09752 ], [ -110.93589, 29.09759 ], [ -110.94091, 29.09765 ], [ -110.95093, 29.0978 ] ] } },
{ "type": "Feature", "properties": { "city": "Hermosillo", "route_name": "10_Caturegli", "route_name_short": "Caturegli", "type": "Bus", "shape_id": "shape_3648" }, "geometry": { "type": "LineString", "coordinates": [ [ -111.0289, 29.15515 ], [ -111.02905, 29.15512 ], [ -111.02896, 29.15104 ], [ -111.029, 29.15075 ], [ -111.0291, 29.15059 ], [ -111.0291, 29.15042 ], [ -111.02559, 29.15097 ], [ -111.02533, 29.15097 ], [ -111.02524, 29.15061 ], [ -111.02507, 29.14932 ], [ -111.02516, 29.14927 ], [ -111.0298, 29.14833 ], [ -111.03111, 29.14809 ], [ -111.03081, 29.14668 ], [ -111.03043, 29.14527 ], [ -111.02554, 29.14624 ], [ -111.02477, 29.14638 ], [ -111.02458, 29.14299 ], [ -111.02458, 29.14193 ], [ -111.02451, 29.1415 ], [ -111.02452, 29.14135 ], [ -111.02434, 29.13927 ], [ -111.02363, 29.13148 ], [ -111.02339, 29.13072 ], [ -111.02626, 29.12988 ], [ -111.02782, 29.12956 ], [ -111.02764, 29.12828 ], [ -111.0276, 29.12767 ], [ -111.02735, 29.12679 ], [ -111.02698, 29.12442 ], [ -111.02617, 29.12457 ], [ -111.02591, 29.12287 ], [ -111.02749, 29.12262 ], [ -111.0289, 29.12232 ], [ -111.03016, 29.1222 ], [ -111.03147, 29.12204 ], [ -111.03506, 29.12153 ], [ -111.04121, 29.12066 ], [ -111.04439, 29.12023 ], [ -111.04518, 29.12002 ], [ -111.04731, 29.11974 ], [ -111.04758, 29.11972 ], [ -111.04934, 29.12023 ], [ -111.05096, 29.12102 ], [ -111.05192, 29.12134 ], [ -111.05248, 29.12142 ], [ -111.05539, 29.12102 ], [ -111.05998, 29.12041 ], [ -111.06033, 29.12036 ], [ -111.06034, 29.12021 ], [ -111.05594, 29.12078 ], [ -111.05253, 29.12126 ], [ -111.05197, 29.12122 ], [ -111.05129, 29.121 ], [ -111.04966, 29.12015 ], [ -111.04786, 29.11963 ], [ -111.04722, 29.11958 ], [ -111.04529, 29.11985 ], [ -111.04455, 29.12003 ], [ -111.04121, 29.12048 ], [ -111.03505, 29.12134 ], [ -111.03133, 29.12187 ], [ -111.02996, 29.12203 ], [ -111.02884, 29.12212 ], [ -111.02728, 29.12247 ], [ -111.02362, 29.123 ], [ -111.02364, 29.11854 ], [ -111.02224, 29.11866 ], [ -111.02229, 29.11569 ], [ -111.01956, 29.1157 ], [ -111.01879, 29.1158 ], [ -111.01599, 29.11585 ], [ -111.01596, 29.10986 ], [ -111.00678, 29.10987 ], [ -111.00543, 29.1098 ], [ -110.99912, 29.10984 ], [ -110.99809, 29.10965 ], [ -110.9936, 29.10966 ], [ -110.99328, 29.10961 ], [ -110.99279, 29.1096 ], [ -110.99252, 29.10946 ], [ -110.99246, 29.09783 ], [ -110.98067, 29.0993 ], [ -110.97965, 29.09313 ], [ -110.979, 29.093 ], [ -110.97676, 29.09246 ], [ -110.97578, 29.09209 ], [ -110.97236, 29.09081 ], [ -110.97198, 29.09064 ], [ -110.96914, 29.08954 ], [ -110.96473, 29.08775 ], [ -110.96282, 29.086 ], [ -110.96147, 29.08477 ], [ -110.96108, 29.08447 ], [ -110.96051, 29.08425 ], [ -110.96018, 29.08416 ], [ -110.95949, 29.08412 ], [ -110.95881, 29.08415 ], [ -110.95697, 29.08438 ], [ -110.95637, 29.0808 ], [ -110.95266, 29.08103 ], [ -110.95239, 29.0787 ], [ -110.95449, 29.07852 ], [ -110.95574, 29.08473 ], [ -110.95636, 29.08473 ], [ -110.95843, 29.08444 ], [ -110.95965, 29.08435 ], [ -110.96027, 29.08442 ], [ -110.96092, 29.08464 ], [ -110.96122, 29.08488 ], [ -110.96175, 29.08539 ], [ -110.9645, 29.08793 ], [ -110.96622, 29.08863 ], [ -110.97103, 29.09055 ], [ -110.97143, 29.09302 ], [ -110.97525, 29.09251 ], [ -110.97566, 29.09241 ], [ -110.97616, 29.09255 ], [ -110.97941, 29.09337 ], [ -110.98068, 29.09346 ], [ -110.98142, 29.0982 ], [ -110.98243, 29.09806 ], [ -110.98444, 29.11063 ], [ -110.98548, 29.11684 ], [ -110.98551, 29.12082 ], [ -110.98839, 29.12229 ], [ -110.98855, 29.12315 ], [ -110.98911, 29.12308 ], [ -110.98939, 29.12309 ], [ -110.98963, 29.12317 ], [ -110.98992, 29.1233 ], [ -110.9923, 29.12453 ], [ -110.99272, 29.12458 ], [ -110.99547, 29.12599 ], [ -110.99827, 29.12741 ], [ -111.00102, 29.1288 ], [ -111.00093, 29.12797 ], [ -111.01197, 29.12644 ], [ -111.0118, 29.12513 ], [ -111.01181, 29.12477 ], [ -111.01156, 29.12333 ], [ -111.01746, 29.12248 ], [ -111.02339, 29.12167 ], [ -111.02335, 29.12423 ], [ -111.02334, 29.12493 ], [ -111.02325, 29.12576 ], [ -111.02322, 29.12683 ], [ -111.0213, 29.12709 ], [ -111.02052, 29.1272 ], [ -111.02028, 29.12719 ], [ -111.02063, 29.12862 ], [ -111.02109, 29.13123 ], [ -111.018, 29.13199 ], [ -111.01497, 29.13273 ], [ -111.01607, 29.1384 ], [ -111.01194, 29.13892 ], [ -111.01271, 29.14339 ], [ -111.01852, 29.14245 ], [ -111.02436, 29.1414 ], [ -111.02444, 29.14148 ], [ -111.02451, 29.14193 ], [ -111.02452, 29.14302 ], [ -111.02459, 29.14384 ], [ -111.02474, 29.14673 ], [ -111.02504, 29.14949 ], [ -111.02519, 29.15057 ], [ -111.02529, 29.151 ], [ -111.02558, 29.15101 ], [ -111.02868, 29.15054 ], [ -111.02885, 29.15076 ], [ -111.02885, 29.15106 ], [ -111.0289, 29.15314 ], [ -111.0289, 29.15515 ] ] } },
{ "type": "Feature", "properties": { "city": "Hermosillo", "route_name": "10_VH", "route_name_short": "VH", "type": "Bus", "shape_id": "shape_3649" }, "geometry": { "type": "LineString", "coordinates": [ [ -111.02354, 29.12685 ], [ -111.02354, 29.12591 ], [ -111.02356, 29.1251 ], [ -111.02362, 29.12431 ], [ -111.02361, 29.12319 ], [ -111.02363, 29.12156 ], [ -111.01148, 29.12328 ], [ -111.01176, 29.12485 ], [ -111.01172, 29.12506 ], [ -111.0119, 29.12639 ], [ -111.009, 29.12679 ], [ -111.0064, 29.12713 ], [ -111.00083, 29.12792 ], [ -111.00093, 29.12868 ], [ -110.99723, 29.1268 ], [ -110.99332, 29.12483 ], [ -110.98555, 29.12078 ], [ -110.98553, 29.11676 ], [ -110.98537, 29.11563 ], [ -110.985, 29.11352 ], [ -110.98464, 29.11146 ], [ -110.984, 29.10734 ], [ -110.98264, 29.09908 ], [ -110.98065, 29.09931 ], [ -110.9797, 29.0934 ], [ -110.97959, 29.09317 ], [ -110.9794, 29.0931 ], [ -110.97689, 29.0925 ], [ -110.97583, 29.09213 ], [ -110.97447, 29.09157 ], [ -110.97247, 29.09086 ], [ -110.97219, 29.0907 ], [ -110.97093, 29.09024 ], [ -110.96503, 29.0879 ], [ -110.96445, 29.08752 ], [ -110.96311, 29.08631 ], [ -110.96143, 29.08474 ], [ -110.96108, 29.08448 ], [ -110.9605, 29.08425 ], [ -110.96003, 29.08417 ], [ -110.95956, 29.08413 ], [ -110.95878, 29.08417 ], [ -110.95693, 29.08436 ], [ -110.95634, 29.08078 ], [ -110.95266, 29.08104 ], [ -110.95237, 29.0787 ], [ -110.95444, 29.07849 ], [ -110.9557, 29.08471 ], [ -110.95748, 29.08456 ], [ -110.95918, 29.08438 ], [ -110.95952, 29.08436 ], [ -110.95993, 29.08436 ], [ -110.96054, 29.0845 ], [ -110.96092, 29.08465 ], [ -110.96123, 29.08489 ], [ -110.9615, 29.08516 ], [ -110.96224, 29.08585 ], [ -110.9633, 29.08685 ], [ -110.96458, 29.08798 ], [ -110.96625, 29.08862 ], [ -110.96764, 29.08925 ], [ -110.97102, 29.09051 ], [ -110.97123, 29.09178 ], [ -110.97144, 29.093 ], [ -110.97524, 29.09252 ], [ -110.97567, 29.09234 ], [ -110.9775, 29.09286 ], [ -110.97813, 29.09683 ], [ -110.97876, 29.10068 ], [ -110.98209, 29.10023 ], [ -110.98545, 29.09983 ], [ -110.99218, 29.09898 ], [ -110.99225, 29.1098 ], [ -110.99348, 29.10977 ], [ -110.99362, 29.10973 ], [ -110.9982, 29.10971 ], [ -110.99919, 29.10989 ], [ -111.00181, 29.10988 ], [ -111.00606, 29.10987 ], [ -111.00678, 29.10995 ], [ -111.01131, 29.10992 ], [ -111.01132, 29.11294 ], [ -111.01138, 29.11593 ], [ -111.01509, 29.1159 ], [ -111.01881, 29.11586 ], [ -111.01904, 29.1159 ], [ -111.02223, 29.11589 ], [ -111.02224, 29.11732 ], [ -111.02218, 29.11871 ], [ -111.02283, 29.11868 ], [ -111.02338, 29.11861 ], [ -111.02338, 29.12115 ], [ -111.02338, 29.1232 ], [ -111.02745, 29.12263 ], [ -111.02836, 29.12238 ], [ -111.03169, 29.12199 ], [ -111.03653, 29.12133 ], [ -111.03971, 29.12086 ], [ -111.04121, 29.12065 ], [ -111.04435, 29.12019 ], [ -111.04666, 29.1198 ], [ -111.04747, 29.11972 ], [ -111.04888, 29.12006 ], [ -111.04936, 29.12025 ], [ -111.05111, 29.1211 ], [ -111.05212, 29.12136 ], [ -111.05247, 29.1214 ], [ -111.05526, 29.12104 ], [ -111.05936, 29.12048 ], [ -111.06036, 29.12034 ], [ -111.06033, 29.1202 ], [ -111.05549, 29.12085 ], [ -111.0525, 29.12127 ], [ -111.05204, 29.12121 ], [ -111.05139, 29.12104 ], [ -111.04975, 29.12021 ], [ -111.04926, 29.12002 ], [ -111.04751, 29.11954 ], [ -111.04669, 29.11963 ], [ -111.04559, 29.11981 ], [ -111.04462, 29.12 ], [ -111.04124, 29.12049 ], [ -111.03989, 29.12066 ], [ -111.03848, 29.12086 ], [ -111.03742, 29.12101 ], [ -111.03356, 29.12153 ], [ -111.03181, 29.1218 ], [ -111.03005, 29.12202 ], [ -111.02876, 29.12214 ], [ -111.02737, 29.12248 ], [ -111.02586, 29.1227 ], [ -111.02616, 29.12458 ], [ -111.02694, 29.12447 ], [ -111.02733, 29.12683 ], [ -111.02747, 29.12735 ], [ -111.02754, 29.12776 ], [ -111.02756, 29.12826 ], [ -111.0278, 29.12954 ], [ -111.02621, 29.12986 ], [ -111.02551, 29.13006 ], [ -111.02319, 29.13072 ], [ -111.02347, 29.1316 ], [ -111.02362, 29.13334 ], [ -111.02384, 29.1359 ], [ -111.02428, 29.14096 ], [ -111.02435, 29.14134 ], [ -111.02447, 29.14146 ], [ -111.02453, 29.14227 ], [ -111.02456, 29.14324 ], [ -111.02466, 29.14474 ], [ -111.02469, 29.14567 ], [ -111.02483, 29.14722 ], [ -111.02505, 29.14931 ], [ -111.02513, 29.15032 ], [ -111.02528, 29.15098 ], [ -111.0254, 29.15104 ], [ -111.02707, 29.1508 ], [ -111.02868, 29.15054 ], [ -111.02885, 29.15075 ], [ -111.02885, 29.15122 ], [ -111.02888, 29.15329 ], [ -111.02892, 29.15516 ], [ -111.02904, 29.15515 ], [ -111.02906, 29.15342 ], [ -111.02896, 29.15118 ], [ -111.02898, 29.15077 ], [ -111.02909, 29.15063 ], [ -111.02909, 29.15046 ], [ -111.02704, 29.15075 ], [ -111.02542, 29.151 ], [ -111.0253, 29.15092 ], [ -111.02518, 29.15019 ], [ -111.0251, 29.1493 ], [ -111.02824, 29.14865 ], [ -111.0311, 29.14808 ], [ -111.03088, 29.14697 ], [ -111.03042, 29.14529 ], [ -111.02608, 29.14617 ], [ -111.02476, 29.14639 ], [ -111.02471, 29.14478 ], [ -111.02467, 29.14409 ], [ -111.02459, 29.14341 ], [ -111.02457, 29.14239 ], [ -111.02456, 29.1419 ], [ -111.02452, 29.14143 ], [ -111.02457, 29.14137 ], [ -111.02452, 29.14117 ], [ -111.01854, 29.14221 ], [ -111.01276, 29.14317 ], [ -111.01251, 29.14157 ], [ -111.01226, 29.14004 ], [ -111.01207, 29.13898 ], [ -111.01609, 29.13842 ], [ -111.0158, 29.13697 ], [ -111.01553, 29.13558 ], [ -111.01504, 29.13279 ], [ -111.01799, 29.13206 ], [ -111.02116, 29.13128 ], [ -111.02075, 29.12897 ], [ -111.02034, 29.12724 ], [ -111.02058, 29.12724 ], [ -111.02313, 29.12687 ], [ -111.02353, 29.12685 ] ] } },
{ "type": "Feature", "properties": { "city": "Hermosillo", "route_name": "12_", "route_name_short": "", "type": "Bus", "shape_id": "shape_3651" }, "geometry": { "type": "LineString", "coordinates": [ [ -110.99587, 29.14406 ], [ -110.99634, 29.14444 ], [ -110.99649, 29.14971 ], [ -110.99651, 29.15258 ], [ -110.99676, 29.15262 ], [ -110.9967, 29.14972 ], [ -110.98879, 29.15086 ], [ -110.98743, 29.14755 ], [ -110.98708, 29.14643 ], [ -110.98667, 29.14521 ], [ -110.98662, 29.14188 ], [ -110.98516, 29.13255 ], [ -110.98366, 29.1233 ], [ -110.9818, 29.12364 ], [ -110.97442, 29.12443 ], [ -110.97172, 29.1247 ], [ -110.97022, 29.12485 ], [ -110.9671, 29.12517 ], [ -110.96657, 29.12182 ], [ -110.96633, 29.12027 ], [ -110.95906, 29.12116 ], [ -110.95839, 29.11694 ], [ -110.95756, 29.11185 ], [ -110.95519, 29.11217 ], [ -110.953, 29.11244 ], [ -110.95301, 29.10166 ], [ -110.95125, 29.1017 ], [ -110.95122, 29.09806 ], [ -110.95123, 29.09789 ], [ -110.95132, 29.09777 ], [ -110.95159, 29.09763 ], [ -110.95157, 29.09726 ], [ -110.95074, 29.09195 ], [ -110.94977, 29.08326 ], [ -110.9501, 29.08309 ], [ -110.95041, 29.08284 ], [ -110.95026, 29.08218 ], [ -110.95272, 29.08204 ], [ -110.95254, 29.08019 ], [ -110.95619, 29.07995 ], [ -110.95593, 29.07845 ], [ -110.95743, 29.0783 ], [ -110.95711, 29.07695 ], [ -110.95659, 29.07387 ], [ -110.95598, 29.073 ], [ -110.95584, 29.07266 ], [ -110.95559, 29.07091 ], [ -110.95564, 29.07083 ], [ -110.95501, 29.06648 ], [ -110.95461, 29.06317 ], [ -110.95435, 29.06025 ], [ -110.95689, 29.04704 ], [ -110.95814, 29.04049 ], [ -110.95881, 29.03711 ], [ -110.95936, 29.03392 ], [ -110.96104, 29.03419 ], [ -110.96152, 29.03417 ], [ -110.96385, 29.03455 ], [ -110.96398, 29.03516 ], [ -110.96631, 29.03549 ], [ -110.97245, 29.03621 ], [ -110.97354, 29.03655 ], [ -110.97811, 29.037 ], [ -110.97955, 29.03717 ], [ -110.98099, 29.03732 ], [ -110.98254, 29.03753 ], [ -110.98342, 29.03758 ], [ -110.98327, 29.03672 ], [ -110.98212, 29.03655 ], [ -110.98186, 29.03615 ], [ -110.98186, 29.03597 ], [ -110.98194, 29.03563 ], [ -110.98199, 29.03493 ], [ -110.98514, 29.03531 ], [ -110.98683, 29.0355 ], [ -110.98829, 29.03559 ], [ -110.98793, 29.03205 ], [ -110.98479, 29.03227 ], [ -110.98231, 29.03196 ], [ -110.98156, 29.03183 ], [ -110.98185, 29.03005 ], [ -110.97921, 29.02974 ], [ -110.97462, 29.02915 ], [ -110.97087, 29.0287 ], [ -110.97025, 29.02857 ], [ -110.96999, 29.03017 ], [ -110.97, 29.03034 ], [ -110.97388, 29.03078 ], [ -110.97463, 29.03094 ], [ -110.97935, 29.03156 ], [ -110.98415, 29.03228 ], [ -110.98479, 29.03233 ], [ -110.986, 29.03225 ], [ -110.98786, 29.03212 ], [ -110.9882, 29.03551 ], [ -110.98743, 29.03548 ], [ -110.98551, 29.03529 ], [ -110.98188, 29.03484 ], [ -110.98185, 29.03565 ], [ -110.98176, 29.03596 ], [ -110.98178, 29.03617 ], [ -110.98204, 29.03659 ], [ -110.98319, 29.03679 ], [ -110.98331, 29.0375 ], [ -110.97929, 29.03709 ], [ -110.97463, 29.03656 ], [ -110.97341, 29.03647 ], [ -110.97241, 29.03615 ], [ -110.96886, 29.03571 ], [ -110.96616, 29.03544 ], [ -110.96406, 29.03511 ], [ -110.96392, 29.03452 ], [ -110.96132, 29.03411 ], [ -110.96171, 29.03214 ], [ -110.95944, 29.03194 ], [ -110.95922, 29.03352 ], [ -110.95888, 29.03519 ], [ -110.95818, 29.03898 ], [ -110.95685, 29.04601 ], [ -110.95419, 29.06012 ], [ -110.95436, 29.06228 ], [ -110.95456, 29.06455 ], [ -110.95515, 29.06896 ], [ -110.95543, 29.07079 ], [ -110.95551, 29.07092 ], [ -110.95573, 29.07261 ], [ -110.95588, 29.07296 ], [ -110.95585, 29.07319 ], [ -110.95648, 29.07765 ], [ -110.95567, 29.07775 ], [ -110.95486, 29.07779 ], [ -110.95167, 29.07811 ], [ -110.94854, 29.07844 ], [ -110.9506, 29.0975 ], [ -110.95088, 29.09783 ], [ -110.95096, 29.10627 ], [ -110.95101, 29.10814 ], [ -110.95095, 29.10897 ], [ -110.95099, 29.11002 ], [ -110.95092, 29.11027 ], [ -110.95096, 29.11248 ], [ -110.95096, 29.11467 ], [ -110.95289, 29.11465 ], [ -110.95784, 29.11408 ], [ -110.95825, 29.11655 ], [ -110.95899, 29.12122 ], [ -110.96627, 29.12032 ], [ -110.96658, 29.12242 ], [ -110.96693, 29.1245 ], [ -110.96844, 29.12431 ], [ -110.9686, 29.12521 ], [ -110.9819, 29.12382 ], [ -110.9823, 29.126 ], [ -110.98257, 29.12821 ], [ -110.98351, 29.13374 ], [ -110.98487, 29.14234 ], [ -110.98532, 29.14309 ], [ -110.98582, 29.1437 ], [ -110.98624, 29.14437 ], [ -110.98647, 29.14526 ], [ -110.99119, 29.14464 ], [ -110.99584, 29.14405 ] ] } },
{ "type": "Feature", "properties": { "city": "Hermosillo", "route_name": "13_", "route_name_short": "", "type": "Bus", "shape_id": "shape_3646" }, "geometry": { "type": "LineString", "coordinates": [ [ -110.98876, 29.15095 ], [ -110.9879, 29.14847 ], [ -110.98711, 29.14661 ], [ -110.98661, 29.14501 ], [ -110.9837, 29.14538 ], [ -110.98249, 29.13825 ], [ -110.98096, 29.12847 ], [ -110.98445, 29.12804 ], [ -110.98351, 29.12238 ], [ -110.98171, 29.12258 ], [ -110.98001, 29.1228 ], [ -110.97917, 29.11748 ], [ -110.97855, 29.11716 ], [ -110.97856, 29.11393 ], [ -110.97896, 29.11391 ], [ -110.97892, 29.11335 ], [ -110.97883, 29.11298 ], [ -110.97852, 29.11126 ], [ -110.97809, 29.10857 ], [ -110.97721, 29.10319 ], [ -110.97545, 29.09239 ], [ -110.97536, 29.09223 ], [ -110.97367, 29.09182 ], [ -110.97281, 29.09169 ], [ -110.96929, 29.09213 ], [ -110.96901, 29.09009 ], [ -110.96883, 29.08941 ], [ -110.96673, 29.0886 ], [ -110.965, 29.08788 ], [ -110.96446, 29.08753 ], [ -110.96282, 29.08603 ], [ -110.96162, 29.08494 ], [ -110.96116, 29.08453 ], [ -110.96067, 29.0843 ], [ -110.95989, 29.08414 ], [ -110.95932, 29.08414 ], [ -110.95879, 29.08417 ], [ -110.95715, 29.08437 ], [ -110.95606, 29.08449 ], [ -110.95552, 29.08449 ], [ -110.95421, 29.08417 ], [ -110.9529, 29.0838 ], [ -110.95253, 29.08018 ], [ -110.95618, 29.07994 ], [ -110.95591, 29.07842 ], [ -110.95741, 29.07831 ], [ -110.95704, 29.07658 ], [ -110.95656, 29.07387 ], [ -110.95586, 29.07279 ], [ -110.95504, 29.06671 ], [ -110.95484, 29.06519 ], [ -110.95468, 29.06366 ], [ -110.95459, 29.06286 ], [ -110.95438, 29.06057 ], [ -110.95439, 29.06003 ], [ -110.95468, 29.05877 ], [ -110.95494, 29.05755 ], [ -110.95906, 29.0581 ], [ -110.9607, 29.05821 ], [ -110.96109, 29.05834 ], [ -110.96146, 29.05804 ], [ -110.96291, 29.05792 ], [ -110.96516, 29.05717 ], [ -110.96571, 29.05696 ], [ -110.96639, 29.05678 ], [ -110.96708, 29.05675 ], [ -110.96819, 29.05669 ], [ -110.97011, 29.05643 ], [ -110.97191, 29.05549 ], [ -110.97174, 29.05366 ], [ -110.9706, 29.04983 ], [ -110.96998, 29.04736 ], [ -110.96914, 29.04418 ], [ -110.96869, 29.04258 ], [ -110.96823, 29.04104 ], [ -110.96822, 29.03939 ], [ -110.96788, 29.03752 ], [ -110.97034, 29.03781 ], [ -110.97258, 29.03806 ], [ -110.97262, 29.03836 ], [ -110.97455, 29.03853 ], [ -110.97529, 29.0386 ], [ -110.97577, 29.03872 ], [ -110.97732, 29.03888 ], [ -110.97837, 29.039 ], [ -110.97932, 29.03921 ], [ -110.97952, 29.03764 ], [ -110.97949, 29.03713 ], [ -110.98339, 29.03754 ], [ -110.98355, 29.03857 ], [ -110.9822, 29.03919 ], [ -110.98136, 29.03956 ], [ -110.97929, 29.03915 ], [ -110.97836, 29.03896 ], [ -110.97733, 29.03884 ], [ -110.97604, 29.0387 ], [ -110.97589, 29.04012 ], [ -110.96984, 29.04159 ], [ -110.96988, 29.04177 ], [ -110.96584, 29.04248 ], [ -110.96756, 29.04846 ], [ -110.96938, 29.05444 ], [ -110.96717, 29.05501 ], [ -110.96451, 29.05585 ], [ -110.96244, 29.05635 ], [ -110.95866, 29.05587 ], [ -110.95534, 29.05538 ], [ -110.95504, 29.05539 ], [ -110.9546, 29.05793 ], [ -110.95422, 29.05998 ], [ -110.95418, 29.06056 ], [ -110.95465, 29.06523 ], [ -110.95526, 29.06971 ], [ -110.9555, 29.07089 ], [ -110.95576, 29.07268 ], [ -110.95588, 29.07298 ], [ -110.95583, 29.07313 ], [ -110.95649, 29.07765 ], [ -110.95366, 29.07791 ], [ -110.95083, 29.0782 ], [ -110.95129, 29.08157 ], [ -110.95149, 29.08354 ], [ -110.95495, 29.08459 ], [ -110.9557, 29.08472 ], [ -110.95748, 29.08457 ], [ -110.95916, 29.08437 ], [ -110.9598, 29.08438 ], [ -110.96018, 29.0844 ], [ -110.9605, 29.08449 ], [ -110.96105, 29.08473 ], [ -110.96161, 29.08525 ], [ -110.96266, 29.08626 ], [ -110.96462, 29.08799 ], [ -110.96678, 29.08885 ], [ -110.96863, 29.08962 ], [ -110.97104, 29.09053 ], [ -110.97144, 29.09299 ], [ -110.97542, 29.09248 ], [ -110.97714, 29.10314 ], [ -110.97801, 29.10849 ], [ -110.97885, 29.11341 ], [ -110.97888, 29.11387 ], [ -110.97849, 29.11386 ], [ -110.9785, 29.11723 ], [ -110.97913, 29.11754 ], [ -110.97996, 29.12287 ], [ -110.98166, 29.12264 ], [ -110.98486, 29.14228 ], [ -110.98523, 29.14296 ], [ -110.9857, 29.14354 ], [ -110.98602, 29.14398 ], [ -110.98626, 29.14437 ], [ -110.98631, 29.1447 ], [ -110.98667, 29.14601 ], [ -110.98842, 29.15084 ], [ -110.98573, 29.15119 ], [ -110.98533, 29.14992 ], [ -110.98314, 29.15052 ], [ -110.9835, 29.1517 ], [ -110.98875, 29.15095 ] ] } },
{ "type": "Feature", "properties": { "city": "Hermosillo", "route_name": "11_", "route_name_short": "", "type": "Bus", "shape_id": "shape_3650" }, "geometry": { "type": "LineString", "coordinates": [ [ -111.01133, 29.11593 ], [ -111.01598, 29.1159 ], [ -111.01604, 29.11134 ], [ -111.01596, 29.10883 ], [ -111.01597, 29.10549 ], [ -111.00083, 29.10553 ], [ -111.00081, 29.10389 ], [ -111.00003, 29.10388 ], [ -111.00002, 29.10345 ], [ -111.00017, 29.10336 ], [ -111.00018, 29.10211 ], [ -110.99621, 29.10216 ], [ -110.99219, 29.10214 ], [ -110.99221, 29.10541 ], [ -110.98651, 29.10612 ], [ -110.98275, 29.10658 ], [ -110.98073, 29.10682 ], [ -110.97151, 29.10801 ], [ -110.96688, 29.10855 ], [ -110.96448, 29.10884 ], [ -110.96233, 29.10915 ], [ -110.96238, 29.10958 ], [ -110.96239, 29.10982 ], [ -110.95627, 29.1087 ], [ -110.95461, 29.10871 ], [ -110.95302, 29.10873 ], [ -110.953, 29.10293 ], [ -110.95296, 29.09882 ], [ -110.95292, 29.09823 ], [ -110.95293, 29.09767 ], [ -110.95299, 29.09716 ], [ -110.95325, 29.09655 ], [ -110.95351, 29.09633 ], [ -110.95442, 29.09611 ], [ -110.95419, 29.09423 ], [ -110.9543, 29.09415 ], [ -110.95433, 29.094 ], [ -110.95423, 29.0939 ], [ -110.95411, 29.09385 ], [ -110.95404, 29.09349 ], [ -110.95357, 29.09019 ], [ -110.95325, 29.08688 ], [ -110.95253, 29.08022 ], [ -110.95618, 29.07997 ], [ -110.95596, 29.07845 ], [ -110.95748, 29.07831 ], [ -110.95694, 29.07595 ], [ -110.9567, 29.07445 ], [ -110.95649, 29.07375 ], [ -110.95587, 29.07273 ], [ -110.95503, 29.06661 ], [ -110.95482, 29.06508 ], [ -110.95466, 29.06357 ], [ -110.95437, 29.06052 ], [ -110.95615, 29.05104 ], [ -110.95794, 29.04158 ], [ -110.95871, 29.03748 ], [ -110.95647, 29.03692 ], [ -110.95722, 29.03341 ], [ -110.95751, 29.03169 ], [ -110.95555, 29.03134 ], [ -110.956, 29.02825 ], [ -110.95647, 29.02518 ], [ -110.95316, 29.0247 ], [ -110.94986, 29.02421 ], [ -110.9435, 29.02327 ], [ -110.94293, 29.02321 ], [ -110.93981, 29.02262 ], [ -110.93931, 29.02236 ], [ -110.9387, 29.02192 ], [ -110.9384, 29.02182 ], [ -110.93801, 29.02187 ], [ -110.93744, 29.0216 ], [ -110.93617, 29.02059 ], [ -110.93235, 29.0174 ], [ -110.93183, 29.01694 ], [ -110.93181, 29.01306 ], [ -110.93181, 29.01196 ], [ -110.93186, 29.01149 ], [ -110.92941, 29.01155 ], [ -110.92942, 29.01073 ], [ -110.92936, 29.01041 ], [ -110.92909, 29.00982 ], [ -110.92912, 29.00921 ], [ -110.92915, 29.00783 ], [ -110.92908, 29.0066 ], [ -110.92894, 29.00638 ], [ -110.92855, 29.00605 ], [ -110.92834, 29.00592 ], [ -110.92805, 29.00589 ], [ -110.92802, 29.00548 ], [ -110.92976, 29.00547 ], [ -110.92977, 29.00494 ], [ -110.92974, 29.00323 ], [ -110.93153, 29.0032 ], [ -110.93157, 29.00328 ], [ -110.93158, 29.00336 ], [ -110.9316, 29.00544 ], [ -110.9325, 29.00544 ], [ -110.93346, 29.00541 ], [ -110.93351, 29.00515 ], [ -110.93467, 29.00514 ], [ -110.93476, 29.00509 ], [ -110.93476, 29.00406 ], [ -110.93504, 29.00399 ], [ -110.93512, 29.00386 ], [ -110.93514, 29.00334 ], [ -110.93515, 29.00198 ], [ -110.93737, 29.00202 ], [ -110.94073, 29.00213 ], [ -110.94071, 29.00114 ], [ -110.94073, 29.00083 ], [ -110.94067, 29.00041 ], [ -110.94214, 29.00042 ], [ -110.94349, 29.0005 ], [ -110.94344, 29.00144 ], [ -110.94339, 29.00291 ], [ -110.94333, 29.0054 ], [ -110.94337, 29.0063 ], [ -110.94358, 29.00849 ], [ -110.94353, 29.00919 ], [ -110.94344, 29.01247 ], [ -110.94334, 29.01477 ], [ -110.94327, 29.01541 ], [ -110.94321, 29.01633 ], [ -110.94318, 29.01823 ], [ -110.9431, 29.02036 ], [ -110.94306, 29.02091 ], [ -110.94313, 29.02122 ], [ -110.94312, 29.02189 ], [ -110.943, 29.02216 ], [ -110.94298, 29.02318 ], [ -110.94302, 29.0232 ], [ -110.94303, 29.02222 ], [ -110.94316, 29.0219 ], [ -110.94317, 29.02121 ], [ -110.94314, 29.02089 ], [ -110.94314, 29.02059 ], [ -110.9432, 29.01871 ], [ -110.94327, 29.01638 ], [ -110.94338, 29.01477 ], [ -110.94343, 29.01397 ], [ -110.94351, 29.01208 ], [ -110.94362, 29.00846 ], [ -110.94348, 29.00689 ], [ -110.94336, 29.00544 ], [ -110.94344, 29.00293 ], [ -110.9435, 29.00149 ], [ -110.94352, 29.00047 ], [ -110.94204, 29.00037 ], [ -110.94062, 29.00036 ], [ -110.94067, 29.00084 ], [ -110.94066, 29.00125 ], [ -110.94067, 29.00208 ], [ -110.9351, 29.00192 ], [ -110.93507, 29.00387 ], [ -110.93502, 29.00396 ], [ -110.93475, 29.00399 ], [ -110.93471, 29.00509 ], [ -110.93347, 29.00511 ], [ -110.9334, 29.00538 ], [ -110.93178, 29.0054 ], [ -110.93175, 29.00336 ], [ -110.93157, 29.00317 ], [ -110.9297, 29.00318 ], [ -110.92969, 29.00542 ], [ -110.92799, 29.00543 ], [ -110.92802, 29.00596 ], [ -110.92832, 29.00597 ], [ -110.92893, 29.00643 ], [ -110.92906, 29.00664 ], [ -110.9291, 29.00856 ], [ -110.9316, 29.00852 ], [ -110.93169, 29.01026 ], [ -110.93163, 29.0107 ], [ -110.93164, 29.01112 ], [ -110.93165, 29.0128 ], [ -110.93168, 29.01704 ], [ -110.9349, 29.01976 ], [ -110.93758, 29.02197 ], [ -110.93778, 29.02217 ], [ -110.93793, 29.02246 ], [ -110.9382, 29.02262 ], [ -110.93853, 29.02262 ], [ -110.93885, 29.02256 ], [ -110.93934, 29.02269 ], [ -110.94338, 29.02333 ], [ -110.94993, 29.0243 ], [ -110.95319, 29.02477 ], [ -110.955, 29.02501 ], [ -110.95635, 29.02522 ], [ -110.95591, 29.02833 ], [ -110.95548, 29.03141 ], [ -110.95812, 29.0319 ], [ -110.95927, 29.03203 ], [ -110.95941, 29.03212 ], [ -110.95886, 29.03542 ], [ -110.95828, 29.03872 ], [ -110.95698, 29.0452 ], [ -110.9542, 29.06024 ], [ -110.9542, 29.06067 ], [ -110.95442, 29.06267 ], [ -110.95462, 29.06482 ], [ -110.95519, 29.06911 ], [ -110.95587, 29.0734 ], [ -110.95618, 29.07554 ], [ -110.95628, 29.07661 ], [ -110.95649, 29.07766 ], [ -110.95362, 29.07793 ], [ -110.95082, 29.0782 ], [ -110.95193, 29.08685 ], [ -110.95329, 29.09545 ], [ -110.95296, 29.09607 ], [ -110.95285, 29.09617 ], [ -110.95284, 29.09629 ], [ -110.95258, 29.09668 ], [ -110.95233, 29.09696 ], [ -110.95204, 29.0972 ], [ -110.95156, 29.09742 ], [ -110.95112, 29.09755 ], [ -110.95089, 29.09782 ], [ -110.95092, 29.10337 ], [ -110.95097, 29.10634 ], [ -110.95091, 29.10711 ], [ -110.9509, 29.10892 ], [ -110.95326, 29.10887 ], [ -110.95557, 29.10891 ], [ -110.95629, 29.10889 ], [ -110.95765, 29.10912 ], [ -110.95948, 29.10946 ], [ -110.96313, 29.11011 ], [ -110.96299, 29.1091 ], [ -110.96445, 29.1089 ], [ -110.96625, 29.10869 ], [ -110.96799, 29.10846 ], [ -110.96984, 29.10827 ], [ -110.97692, 29.10736 ], [ -110.99112, 29.10559 ], [ -110.99086, 29.10399 ], [ -110.99248, 29.10379 ], [ -110.99247, 29.10346 ], [ -110.99626, 29.10346 ], [ -110.99994, 29.10346 ], [ -110.99997, 29.10394 ], [ -111.00075, 29.10396 ], [ -111.00074, 29.1056 ], [ -111.01127, 29.10558 ], [ -111.01135, 29.11593 ] ] } },
{ "type": "Feature", "properties": { "city": "Hermosillo", "route_name": "15_Fuentes Modelo", "route_name_short": "Fuentes Modelo", "type": "Bus", "shape_id": "shape_3636" }, "geometry": { "type": "LineString", "coordinates": [ [ -110.99411, 29.10155 ], [ -110.99408, 29.10089 ], [ -110.99877, 29.10086 ], [ -110.99905, 29.10095 ], [ -110.99942, 29.10131 ], [ -110.99986, 29.10134 ], [ -111.00078, 29.10148 ], [ -111.00193, 29.10154 ], [ -111.00189, 29.10028 ], [ -111.00196, 29.09924 ], [ -111.002, 29.09806 ], [ -111.00159, 29.09792 ], [ -111.00113, 29.09768 ], [ -111.00081, 29.09746 ], [ -111.00049, 29.09727 ], [ -111.00003, 29.09716 ], [ -110.99954, 29.09714 ], [ -110.99634, 29.09714 ], [ -110.99219, 29.09715 ], [ -110.99218, 29.09787 ], [ -110.98326, 29.099 ], [ -110.9805, 29.09934 ], [ -110.97465, 29.10008 ], [ -110.96879, 29.1008 ], [ -110.96422, 29.10137 ], [ -110.9597, 29.10192 ], [ -110.95982, 29.10261 ], [ -110.95301, 29.10348 ], [ -110.95296, 29.09892 ], [ -110.95292, 29.09846 ], [ -110.95292, 29.09803 ], [ -110.95297, 29.09724 ], [ -110.95309, 29.09692 ], [ -110.95337, 29.09641 ], [ -110.95365, 29.09628 ], [ -110.95441, 29.09617 ], [ -110.95446, 29.09595 ], [ -110.95418, 29.09429 ], [ -110.95429, 29.09407 ], [ -110.95446, 29.09404 ], [ -110.95443, 29.09394 ], [ -110.9543, 29.09392 ], [ -110.95412, 29.0939 ], [ -110.95414, 29.09375 ], [ -110.95405, 29.09354 ], [ -110.95397, 29.09289 ], [ -110.9536, 29.09057 ], [ -110.95336, 29.08822 ], [ -110.95252, 29.08016 ], [ -110.95616, 29.07995 ], [ -110.95591, 29.07842 ], [ -110.95742, 29.0783 ], [ -110.95707, 29.07668 ], [ -110.95749, 29.07636 ], [ -110.95742, 29.076 ], [ -110.96415, 29.07538 ], [ -110.96622, 29.07565 ], [ -110.96818, 29.07586 ], [ -110.96893, 29.07616 ], [ -110.97073, 29.07664 ], [ -110.97084, 29.07759 ], [ -110.97212, 29.07769 ], [ -110.97515, 29.07784 ], [ -110.97445, 29.0738 ], [ -110.97446, 29.07365 ], [ -110.97455, 29.07354 ], [ -110.9746, 29.07344 ], [ -110.97479, 29.07327 ], [ -110.97521, 29.07277 ], [ -110.97239, 29.07106 ], [ -110.96998, 29.0676 ], [ -110.96805, 29.06481 ], [ -110.96766, 29.06413 ], [ -110.96738, 29.06348 ], [ -110.96711, 29.06271 ], [ -110.96689, 29.06163 ], [ -110.96669, 29.06056 ], [ -110.96651, 29.05958 ], [ -110.96626, 29.05881 ], [ -110.96568, 29.05762 ], [ -110.96547, 29.05726 ], [ -110.96566, 29.05698 ], [ -110.96641, 29.05678 ], [ -110.96772, 29.05673 ], [ -110.97, 29.05649 ], [ -110.97118, 29.0559 ], [ -110.97148, 29.05633 ], [ -110.97191, 29.05583 ], [ -110.97223, 29.05572 ], [ -110.97271, 29.05567 ], [ -110.97294, 29.05571 ], [ -110.97703, 29.05538 ], [ -110.97726, 29.05746 ], [ -110.97938, 29.05727 ], [ -110.97967, 29.05743 ], [ -110.97995, 29.05764 ], [ -110.9801, 29.05896 ], [ -110.98021, 29.06028 ], [ -110.98034, 29.06097 ], [ -110.98064, 29.06194 ], [ -110.98393, 29.06204 ], [ -110.98453, 29.06214 ], [ -110.98539, 29.06251 ], [ -110.9858, 29.06279 ], [ -110.98641, 29.06335 ], [ -110.98698, 29.06365 ], [ -110.98777, 29.06374 ], [ -110.99267, 29.0631 ], [ -110.99437, 29.06288 ], [ -110.99667, 29.06225 ], [ -111.0004, 29.06088 ], [ -111.00145, 29.06053 ], [ -111.00251, 29.06024 ], [ -111.00484, 29.05974 ], [ -111.00707, 29.05923 ], [ -111.01072, 29.05836 ], [ -111.01342, 29.05776 ], [ -111.01329, 29.05755 ], [ -111.0131, 29.05691 ], [ -111.0129, 29.05554 ], [ -111.01267, 29.05399 ], [ -111.01042, 29.05426 ], [ -111.01028, 29.05298 ], [ -111.01001, 29.05184 ], [ -111.00957, 29.05126 ], [ -111.00812, 29.05171 ], [ -111.00731, 29.05192 ], [ -111.00507, 29.05246 ], [ -111.00386, 29.04992 ], [ -111.00353, 29.04913 ], [ -111.00306, 29.04836 ], [ -111.00244, 29.04844 ], [ -111.0025, 29.04855 ], [ -111.00272, 29.0485 ], [ -111.00293, 29.04852 ], [ -111.00312, 29.04862 ], [ -111.00348, 29.04924 ], [ -111.00446, 29.05132 ], [ -111.00504, 29.05261 ], [ -111.00516, 29.05494 ], [ -111.0048, 29.05621 ], [ -111.00474, 29.05837 ], [ -111.00497, 29.05948 ], [ -111.00308, 29.05988 ], [ -111.00156, 29.06029 ], [ -110.99841, 29.06142 ], [ -110.99594, 29.06227 ], [ -110.99432, 29.06268 ], [ -110.99211, 29.06298 ], [ -110.98767, 29.06357 ], [ -110.9871, 29.06349 ], [ -110.98651, 29.06321 ], [ -110.98557, 29.06237 ], [ -110.98425, 29.06187 ], [ -110.98065, 29.06175 ], [ -110.98039, 29.06086 ], [ -110.98024, 29.06008 ], [ -110.98007, 29.05797 ], [ -110.98014, 29.0576 ], [ -110.98026, 29.05741 ], [ -110.98068, 29.05708 ], [ -110.98123, 29.05661 ], [ -110.98223, 29.05593 ], [ -110.98251, 29.05547 ], [ -110.98347, 29.05413 ], [ -110.98415, 29.0526 ], [ -110.98414, 29.05231 ], [ -110.9839, 29.05176 ], [ -110.98366, 29.05128 ], [ -110.98275, 29.05012 ], [ -110.98244, 29.04977 ], [ -110.98212, 29.04961 ], [ -110.97964, 29.0508 ], [ -110.97816, 29.05159 ], [ -110.97723, 29.05209 ], [ -110.97658, 29.05238 ], [ -110.97593, 29.05264 ], [ -110.9702, 29.05421 ], [ -110.96933, 29.05447 ], [ -110.96733, 29.05497 ], [ -110.96578, 29.05543 ], [ -110.96451, 29.05585 ], [ -110.96523, 29.05725 ], [ -110.96563, 29.058 ], [ -110.96597, 29.05875 ], [ -110.96621, 29.05951 ], [ -110.96658, 29.06115 ], [ -110.96692, 29.06288 ], [ -110.9673, 29.06401 ], [ -110.96972, 29.0676 ], [ -110.97222, 29.07117 ], [ -110.97355, 29.07203 ], [ -110.97493, 29.07283 ], [ -110.97474, 29.07307 ], [ -110.97453, 29.07312 ], [ -110.97302, 29.0733 ], [ -110.97037, 29.07353 ], [ -110.96157, 29.07434 ], [ -110.96166, 29.07521 ], [ -110.96091, 29.07528 ], [ -110.96035, 29.07541 ], [ -110.95997, 29.07549 ], [ -110.95941, 29.07551 ], [ -110.9578, 29.07567 ], [ -110.9562, 29.0758 ], [ -110.95632, 29.07687 ], [ -110.95649, 29.07765 ], [ -110.95082, 29.07819 ], [ -110.95128, 29.08159 ], [ -110.95175, 29.08559 ], [ -110.95226, 29.08886 ], [ -110.95328, 29.09541 ], [ -110.95299, 29.09605 ], [ -110.95289, 29.09614 ], [ -110.95284, 29.09628 ], [ -110.95278, 29.09643 ], [ -110.95252, 29.09679 ], [ -110.95216, 29.09709 ], [ -110.95175, 29.09732 ], [ -110.95153, 29.09743 ], [ -110.95128, 29.09751 ], [ -110.95104, 29.09762 ], [ -110.95088, 29.09789 ], [ -110.95093, 29.10396 ], [ -110.95301, 29.10394 ], [ -110.95301, 29.10353 ], [ -110.95934, 29.10273 ], [ -110.95994, 29.10303 ], [ -110.97324, 29.10135 ], [ -110.97699, 29.10088 ], [ -110.98076, 29.10041 ], [ -110.98829, 29.09947 ], [ -110.99247, 29.09892 ], [ -110.99249, 29.0972 ], [ -110.99906, 29.09719 ], [ -110.99999, 29.09717 ], [ -111.00041, 29.09728 ], [ -111.00074, 29.09747 ], [ -111.00106, 29.09769 ], [ -111.00132, 29.09781 ], [ -111.00163, 29.09799 ], [ -111.00195, 29.09809 ], [ -111.00195, 29.09912 ], [ -111.00186, 29.10014 ], [ -111.00185, 29.10119 ], [ -111.00192, 29.10214 ], [ -110.99877, 29.10215 ], [ -110.99413, 29.10217 ], [ -110.99412, 29.10155 ] ] } },
{ "type": "Feature", "properties": { "city": "Hermosillo", "route_name": "14_Palo Verde Sur", "route_name_short": "Palo Verde Sur", "type": "Bus", "shape_id": "shape_3635" }, "geometry": { "type": "LineString", "coordinates": [ [ -110.97338, 29.14223 ], [ -110.97214, 29.14241 ], [ -110.97089, 29.14255 ], [ -110.96841, 29.14284 ], [ -110.96756, 29.1376 ], [ -110.96707, 29.13446 ], [ -110.96345, 29.13489 ], [ -110.96292, 29.13146 ], [ -110.96296, 29.13123 ], [ -110.96293, 29.13093 ], [ -110.96281, 29.13068 ], [ -110.95906, 29.13118 ], [ -110.95907, 29.13057 ], [ -110.95904, 29.12993 ], [ -110.95894, 29.12859 ], [ -110.95602, 29.12858 ], [ -110.95465, 29.12868 ], [ -110.95253, 29.12893 ], [ -110.95164, 29.12906 ], [ -110.95152, 29.12658 ], [ -110.95148, 29.12559 ], [ -110.95129, 29.12459 ], [ -110.95127, 29.12364 ], [ -110.95131, 29.12266 ], [ -110.9513, 29.11861 ], [ -110.9513, 29.11658 ], [ -110.95129, 29.11468 ], [ -110.95304, 29.1147 ], [ -110.953, 29.10825 ], [ -110.95299, 29.10501 ], [ -110.95298, 29.1017 ], [ -110.95125, 29.10171 ], [ -110.95124, 29.09987 ], [ -110.95121, 29.09791 ], [ -110.95126, 29.09774 ], [ -110.95159, 29.09762 ], [ -110.95155, 29.09721 ], [ -110.95136, 29.09583 ], [ -110.95111, 29.09437 ], [ -110.94747, 29.09485 ], [ -110.94472, 29.09514 ], [ -110.94413, 29.09138 ], [ -110.94313, 29.09147 ], [ -110.94291, 29.08993 ], [ -110.94525, 29.08971 ], [ -110.94763, 29.08956 ], [ -110.94708, 29.084 ], [ -110.94982, 29.08375 ], [ -110.94977, 29.08316 ], [ -110.95004, 29.08315 ], [ -110.95027, 29.08298 ], [ -110.95035, 29.08276 ], [ -110.95027, 29.08218 ], [ -110.9527, 29.08203 ], [ -110.95254, 29.08019 ], [ -110.95617, 29.07993 ], [ -110.9559, 29.07843 ], [ -110.9574, 29.0783 ], [ -110.95653, 29.07376 ], [ -110.95595, 29.07297 ], [ -110.95579, 29.07243 ], [ -110.95554, 29.07039 ], [ -110.95583, 29.07027 ], [ -110.95644, 29.07026 ], [ -110.95747, 29.07016 ], [ -110.95879, 29.07013 ], [ -110.96047, 29.07015 ], [ -110.96204, 29.07016 ], [ -110.96351, 29.07014 ], [ -110.96381, 29.07014 ], [ -110.96541, 29.07019 ], [ -110.9673, 29.07071 ], [ -110.97204, 29.07098 ], [ -110.97223, 29.07085 ], [ -110.97001, 29.06766 ], [ -110.96784, 29.06446 ], [ -110.96745, 29.06368 ], [ -110.96715, 29.0629 ], [ -110.96682, 29.06122 ], [ -110.96651, 29.05952 ], [ -110.96615, 29.05856 ], [ -110.96568, 29.05761 ], [ -110.96549, 29.05725 ], [ -110.96567, 29.05696 ], [ -110.96645, 29.05676 ], [ -110.96769, 29.05673 ], [ -110.97, 29.05647 ], [ -110.97123, 29.05588 ], [ -110.96995, 29.05177 ], [ -110.96857, 29.04767 ], [ -110.96892, 29.0475 ], [ -110.97002, 29.04723 ], [ -110.97498, 29.04625 ], [ -110.97627, 29.04635 ], [ -110.97734, 29.04668 ], [ -110.9792, 29.04411 ], [ -110.98115, 29.04152 ], [ -110.98168, 29.03738 ], [ -110.98335, 29.03757 ], [ -110.98369, 29.03965 ], [ -110.98387, 29.04166 ], [ -110.98366, 29.0434 ], [ -110.98344, 29.04415 ], [ -110.98347, 29.04862 ], [ -110.98354, 29.04893 ], [ -110.98362, 29.0491 ], [ -110.98663, 29.04773 ], [ -110.99046, 29.04504 ], [ -110.99108, 29.0466 ], [ -110.99161, 29.0463 ], [ -110.99204, 29.0461 ], [ -110.99527, 29.04597 ], [ -110.99687, 29.04589 ], [ -110.99847, 29.04586 ], [ -110.99836, 29.04354 ], [ -110.9975, 29.04199 ], [ -110.99652, 29.04042 ], [ -110.99149, 29.04405 ], [ -110.98896, 29.04589 ], [ -110.98643, 29.04763 ], [ -110.98488, 29.04835 ], [ -110.98334, 29.04901 ], [ -110.97867, 29.05132 ], [ -110.97731, 29.05204 ], [ -110.9759, 29.05267 ], [ -110.97019, 29.05423 ], [ -110.96737, 29.05496 ], [ -110.96451, 29.05587 ], [ -110.96574, 29.05821 ], [ -110.96627, 29.05961 ], [ -110.96666, 29.06144 ], [ -110.96704, 29.06325 ], [ -110.96768, 29.06468 ], [ -110.96868, 29.06608 ], [ -110.96962, 29.06748 ], [ -110.97201, 29.07095 ], [ -110.96736, 29.07064 ], [ -110.9654, 29.07013 ], [ -110.96359, 29.07007 ], [ -110.96199, 29.0701 ], [ -110.95811, 29.07008 ], [ -110.95703, 29.06999 ], [ -110.95657, 29.06984 ], [ -110.95606, 29.06976 ], [ -110.95462, 29.06967 ], [ -110.95453, 29.06961 ], [ -110.95451, 29.06945 ], [ -110.95475, 29.06938 ], [ -110.95507, 29.06942 ], [ -110.95526, 29.06951 ], [ -110.9555, 29.07089 ], [ -110.95573, 29.07267 ], [ -110.95588, 29.07301 ], [ -110.95587, 29.0735 ], [ -110.95649, 29.07766 ], [ -110.95576, 29.07775 ], [ -110.95519, 29.07777 ], [ -110.95082, 29.07819 ], [ -110.95128, 29.08154 ], [ -110.95141, 29.08293 ], [ -110.95058, 29.08298 ], [ -110.9504, 29.08304 ], [ -110.94899, 29.0826 ], [ -110.94912, 29.08377 ], [ -110.94701, 29.08394 ], [ -110.94755, 29.08952 ], [ -110.94515, 29.08966 ], [ -110.94283, 29.08988 ], [ -110.94307, 29.09152 ], [ -110.94408, 29.09144 ], [ -110.94467, 29.0952 ], [ -110.9474, 29.09493 ], [ -110.95027, 29.09454 ], [ -110.95059, 29.09733 ], [ -110.95068, 29.09762 ], [ -110.95089, 29.0978 ], [ -110.9509, 29.09935 ], [ -110.95092, 29.10064 ], [ -110.95096, 29.10323 ], [ -110.95098, 29.10628 ], [ -110.95091, 29.10709 ], [ -110.9509, 29.1084 ], [ -110.95096, 29.11192 ], [ -110.95097, 29.11544 ], [ -110.95099, 29.11766 ], [ -110.95095, 29.1199 ], [ -110.95101, 29.12231 ], [ -110.95095, 29.12302 ], [ -110.95099, 29.12477 ], [ -110.95118, 29.12587 ], [ -110.95126, 29.12676 ], [ -110.9522, 29.1267 ], [ -110.95233, 29.12726 ], [ -110.95254, 29.12898 ], [ -110.95469, 29.12872 ], [ -110.95598, 29.12862 ], [ -110.95887, 29.12864 ], [ -110.95896, 29.1296 ], [ -110.95902, 29.13126 ], [ -110.96269, 29.13075 ], [ -110.96275, 29.13123 ], [ -110.96287, 29.13145 ], [ -110.963, 29.13245 ], [ -110.96329, 29.13427 ], [ -110.96383, 29.13773 ], [ -110.96815, 29.13722 ], [ -110.97248, 29.13667 ], [ -110.97269, 29.13803 ], [ -110.97282, 29.13853 ], [ -110.97297, 29.13944 ], [ -110.97308, 29.14036 ], [ -110.97338, 29.14223 ] ] } },
{ "type": "Feature", "properties": { "city": "Hermosillo", "route_name": "15_Villa Bonita", "route_name_short": "Villa Bonita", "type": "Bus", "shape_id": "shape_3637" }, "geometry": { "type": "LineString", "coordinates": [ [ -110.95133, 29.08211 ], [ -110.95271, 29.08202 ], [ -110.95254, 29.08018 ], [ -110.95617, 29.07994 ], [ -110.95591, 29.07841 ], [ -110.95745, 29.0783 ], [ -110.95727, 29.07764 ], [ -110.95707, 29.07667 ], [ -110.95749, 29.07636 ], [ -110.95741, 29.07601 ], [ -110.96054, 29.07569 ], [ -110.96004, 29.07181 ], [ -110.95989, 29.07016 ], [ -110.96342, 29.07016 ], [ -110.96532, 29.07017 ], [ -110.96715, 29.07065 ], [ -110.96784, 29.07073 ], [ -110.96969, 29.07084 ], [ -110.97199, 29.071 ], [ -110.97222, 29.07082 ], [ -110.97125, 29.06943 ], [ -110.97132, 29.06925 ], [ -110.97152, 29.06913 ], [ -110.97621, 29.06966 ], [ -110.98754, 29.06986 ], [ -110.99659, 29.06928 ], [ -111.0009, 29.06848 ], [ -111.00073, 29.06803 ], [ -110.99655, 29.06881 ], [ -110.99648, 29.06867 ], [ -110.99649, 29.06846 ], [ -110.9964, 29.06821 ], [ -110.99628, 29.068 ], [ -110.99625, 29.06778 ], [ -110.99629, 29.06747 ], [ -110.99639, 29.06715 ], [ -110.99665, 29.06673 ], [ -110.99704, 29.06639 ], [ -110.99799, 29.06583 ], [ -110.99957, 29.0651 ], [ -111.00042, 29.06485 ], [ -111.0011, 29.06475 ], [ -111.00171, 29.06469 ], [ -111.00263, 29.0645 ], [ -111.00324, 29.06442 ], [ -111.00437, 29.06415 ], [ -111.00517, 29.064 ], [ -111.00559, 29.06388 ], [ -111.0059, 29.06371 ], [ -111.00748, 29.06202 ], [ -111.00786, 29.06182 ], [ -111.00963, 29.06147 ], [ -111.01128, 29.06109 ], [ -111.01457, 29.06043 ], [ -111.01454, 29.06029 ], [ -111.01117, 29.06094 ], [ -111.01018, 29.0612 ], [ -111.0092, 29.06141 ], [ -111.00809, 29.0616 ], [ -111.00734, 29.05916 ], [ -111.01924, 29.05638 ], [ -111.01943, 29.05644 ], [ -111.01958, 29.05663 ], [ -111.01983, 29.05892 ], [ -111.0208, 29.05875 ], [ -111.02271, 29.05847 ], [ -111.02294, 29.05856 ], [ -111.02408, 29.05841 ], [ -111.02452, 29.05828 ], [ -111.02547, 29.05812 ], [ -111.02528, 29.05718 ], [ -111.0251, 29.05664 ], [ -111.02468, 29.05484 ], [ -111.01996, 29.05598 ], [ -111.01779, 29.05652 ], [ -111.01664, 29.05678 ], [ -111.01464, 29.05724 ], [ -111.01326, 29.05753 ], [ -111.01312, 29.05695 ], [ -111.01277, 29.05484 ], [ -111.01267, 29.05399 ], [ -111.01041, 29.05425 ], [ -111.01028, 29.05297 ], [ -111.01002, 29.05185 ], [ -111.00956, 29.05126 ], [ -111.00729, 29.05193 ], [ -111.007, 29.05194 ], [ -111.00507, 29.05244 ], [ -111.00348, 29.04911 ], [ -111.00324, 29.04867 ], [ -111.00307, 29.04838 ], [ -111.00274, 29.04837 ], [ -111.00277, 29.0485 ], [ -111.00297, 29.04854 ], [ -111.00314, 29.04863 ], [ -111.00348, 29.04922 ], [ -111.00414, 29.05066 ], [ -111.00439, 29.05112 ], [ -111.00503, 29.05254 ], [ -111.00517, 29.05501 ], [ -111.00481, 29.05623 ], [ -111.00479, 29.05654 ], [ -111.00474, 29.05842 ], [ -111.00504, 29.0597 ], [ -111.00711, 29.05922 ], [ -111.00722, 29.05953 ], [ -111.00787, 29.06166 ], [ -111.00749, 29.06179 ], [ -111.00724, 29.062 ], [ -111.00653, 29.06278 ], [ -111.00571, 29.06367 ], [ -111.00522, 29.06382 ], [ -111.00327, 29.06424 ], [ -111.0026, 29.06433 ], [ -111.00176, 29.06454 ], [ -111.00101, 29.0646 ], [ -111.00029, 29.06473 ], [ -110.99931, 29.06501 ], [ -110.99825, 29.06549 ], [ -110.99723, 29.06607 ], [ -110.99674, 29.06645 ], [ -110.99632, 29.06692 ], [ -110.99614, 29.06739 ], [ -110.99607, 29.06785 ], [ -110.99615, 29.06887 ], [ -110.98818, 29.06939 ], [ -110.98395, 29.06935 ], [ -110.97617, 29.06922 ], [ -110.97067, 29.06859 ], [ -110.96423, 29.0684 ], [ -110.96462, 29.06982 ], [ -110.96449, 29.07003 ], [ -110.96429, 29.0701 ], [ -110.96079, 29.07009 ], [ -110.95813, 29.07011 ], [ -110.95783, 29.07005 ], [ -110.95732, 29.07004 ], [ -110.95647, 29.06981 ], [ -110.95455, 29.06967 ], [ -110.95448, 29.06956 ], [ -110.95458, 29.06939 ], [ -110.95502, 29.06942 ], [ -110.95523, 29.06951 ], [ -110.95559, 29.07144 ], [ -110.95574, 29.07256 ], [ -110.95589, 29.07294 ], [ -110.95588, 29.07339 ], [ -110.95619, 29.07572 ], [ -110.95636, 29.07706 ], [ -110.95651, 29.07766 ], [ -110.95083, 29.07819 ], [ -110.95129, 29.0816 ], [ -110.95133, 29.08211 ] ] } },
{ "type": "Feature", "properties": { "city": "Hermosillo", "route_name": "14_Palo Verde", "route_name_short": "Palo Verde", "type": "Bus", "shape_id": "shape_3634" }, "geometry": { "type": "LineString", "coordinates": [ [ -110.97335, 29.14224 ], [ -110.96839, 29.14285 ], [ -110.968, 29.14015 ], [ -110.9675, 29.1373 ], [ -110.96705, 29.13445 ], [ -110.96346, 29.1349 ], [ -110.96292, 29.13148 ], [ -110.96297, 29.13115 ], [ -110.96291, 29.13089 ], [ -110.96282, 29.13067 ], [ -110.95908, 29.13117 ], [ -110.95903, 29.12955 ], [ -110.95894, 29.12858 ], [ -110.95576, 29.12857 ], [ -110.95163, 29.12903 ], [ -110.95151, 29.12596 ], [ -110.9513, 29.12457 ], [ -110.95128, 29.12288 ], [ -110.95135, 29.12276 ], [ -110.95131, 29.12158 ], [ -110.95132, 29.11806 ], [ -110.95131, 29.11614 ], [ -110.95128, 29.11468 ], [ -110.95305, 29.1147 ], [ -110.953, 29.10858 ], [ -110.95301, 29.10514 ], [ -110.953, 29.10346 ], [ -110.95299, 29.1017 ], [ -110.95124, 29.1017 ], [ -110.95121, 29.09973 ], [ -110.95122, 29.09794 ], [ -110.95127, 29.09777 ], [ -110.95159, 29.09765 ], [ -110.95157, 29.09737 ], [ -110.95138, 29.09583 ], [ -110.95112, 29.09436 ], [ -110.94473, 29.09513 ], [ -110.94413, 29.09138 ], [ -110.94312, 29.09146 ], [ -110.94292, 29.08993 ], [ -110.94527, 29.08972 ], [ -110.94665, 29.08964 ], [ -110.94763, 29.08955 ], [ -110.94736, 29.08675 ], [ -110.9472, 29.08505 ], [ -110.94706, 29.08399 ], [ -110.94984, 29.08376 ], [ -110.94978, 29.08316 ], [ -110.95006, 29.08317 ], [ -110.95035, 29.0829 ], [ -110.95028, 29.08218 ], [ -110.95272, 29.08202 ], [ -110.95253, 29.0802 ], [ -110.95616, 29.07994 ], [ -110.95592, 29.07843 ], [ -110.95743, 29.07829 ], [ -110.95678, 29.0751 ], [ -110.95667, 29.07421 ], [ -110.95629, 29.07336 ], [ -110.95594, 29.07291 ], [ -110.9558, 29.07245 ], [ -110.95557, 29.07042 ], [ -110.95577, 29.0703 ], [ -110.95982, 29.07029 ], [ -110.96358, 29.07032 ], [ -110.9636, 29.07016 ], [ -110.96537, 29.0702 ], [ -110.9661, 29.07038 ], [ -110.96733, 29.0707 ], [ -110.97201, 29.07099 ], [ -110.97223, 29.07086 ], [ -110.96942, 29.06677 ], [ -110.96799, 29.06467 ], [ -110.96768, 29.06412 ], [ -110.9674, 29.06351 ], [ -110.96717, 29.06288 ], [ -110.96701, 29.06225 ], [ -110.96656, 29.05981 ], [ -110.96613, 29.05848 ], [ -110.96551, 29.05729 ], [ -110.96565, 29.05698 ], [ -110.96639, 29.05679 ], [ -110.96772, 29.05675 ], [ -110.96891, 29.05659 ], [ -110.97005, 29.05646 ], [ -110.97071, 29.05613 ], [ -110.97384, 29.05457 ], [ -110.97686, 29.05263 ], [ -110.97768, 29.05201 ], [ -110.98145, 29.05015 ], [ -110.9836, 29.0491 ], [ -110.98628, 29.04794 ], [ -110.98713, 29.04743 ], [ -110.99186, 29.04405 ], [ -110.9966, 29.04064 ], [ -110.99749, 29.04209 ], [ -110.99832, 29.04358 ], [ -110.9984, 29.04581 ], [ -110.99212, 29.04606 ], [ -110.9916, 29.04625 ], [ -110.9911, 29.04653 ], [ -110.99052, 29.04507 ], [ -110.99027, 29.04491 ], [ -110.98707, 29.04724 ], [ -110.98587, 29.0479 ], [ -110.98356, 29.04891 ], [ -110.9835, 29.04406 ], [ -110.98369, 29.04343 ], [ -110.9839, 29.0417 ], [ -110.98379, 29.04003 ], [ -110.98341, 29.03751 ], [ -110.9825, 29.03745 ], [ -110.98164, 29.03734 ], [ -110.98147, 29.03912 ], [ -110.98131, 29.03999 ], [ -110.98112, 29.04149 ], [ -110.97915, 29.0441 ], [ -110.97732, 29.04662 ], [ -110.97631, 29.04632 ], [ -110.97496, 29.04621 ], [ -110.97161, 29.04686 ], [ -110.9689, 29.04746 ], [ -110.96849, 29.04763 ], [ -110.96959, 29.05086 ], [ -110.97061, 29.0541 ], [ -110.96909, 29.05452 ], [ -110.9675, 29.05492 ], [ -110.9645, 29.05586 ], [ -110.9654, 29.05759 ], [ -110.96596, 29.05876 ], [ -110.96623, 29.05954 ], [ -110.96661, 29.06133 ], [ -110.96685, 29.06261 ], [ -110.96701, 29.06314 ], [ -110.96739, 29.06413 ], [ -110.96797, 29.06508 ], [ -110.96933, 29.06708 ], [ -110.97069, 29.06899 ], [ -110.97196, 29.07091 ], [ -110.96732, 29.07063 ], [ -110.96579, 29.07022 ], [ -110.96531, 29.07012 ], [ -110.96348, 29.07008 ], [ -110.96219, 29.0701 ], [ -110.96048, 29.07008 ], [ -110.95764, 29.07006 ], [ -110.95724, 29.07003 ], [ -110.95613, 29.06977 ], [ -110.9546, 29.06967 ], [ -110.95454, 29.06957 ], [ -110.95451, 29.06943 ], [ -110.95466, 29.06939 ], [ -110.95497, 29.06941 ], [ -110.95513, 29.06947 ], [ -110.95522, 29.06959 ], [ -110.95539, 29.07053 ], [ -110.9555, 29.07091 ], [ -110.95576, 29.07279 ], [ -110.95588, 29.07299 ], [ -110.95583, 29.07322 ], [ -110.95618, 29.07587 ], [ -110.95648, 29.07764 ], [ -110.95578, 29.07773 ], [ -110.95082, 29.07819 ], [ -110.95115, 29.08069 ], [ -110.95129, 29.08167 ], [ -110.9514, 29.08293 ], [ -110.9504, 29.08303 ], [ -110.949, 29.0826 ], [ -110.9491, 29.08378 ], [ -110.94699, 29.08394 ], [ -110.94729, 29.08663 ], [ -110.94749, 29.08868 ], [ -110.94753, 29.08951 ], [ -110.94612, 29.08961 ], [ -110.94487, 29.08969 ], [ -110.94385, 29.0898 ], [ -110.94284, 29.08989 ], [ -110.94306, 29.09152 ], [ -110.94407, 29.09144 ], [ -110.94434, 29.09328 ], [ -110.94467, 29.09521 ], [ -110.95025, 29.09455 ], [ -110.95041, 29.09592 ], [ -110.95057, 29.09725 ], [ -110.95056, 29.09748 ], [ -110.95066, 29.09763 ], [ -110.95088, 29.0978 ], [ -110.95088, 29.09795 ], [ -110.95092, 29.09983 ], [ -110.95092, 29.10173 ], [ -110.95093, 29.10461 ], [ -110.95095, 29.10638 ], [ -110.95089, 29.10875 ], [ -110.95096, 29.11126 ], [ -110.95096, 29.11476 ], [ -110.95098, 29.11791 ], [ -110.95095, 29.12004 ], [ -110.95101, 29.12217 ], [ -110.95094, 29.12295 ], [ -110.95096, 29.12456 ], [ -110.95115, 29.12563 ], [ -110.95127, 29.12662 ], [ -110.95125, 29.12716 ], [ -110.95124, 29.12775 ], [ -110.95131, 29.12913 ], [ -110.95577, 29.12863 ], [ -110.95886, 29.12865 ], [ -110.95894, 29.1295 ], [ -110.95896, 29.12997 ], [ -110.959, 29.13126 ], [ -110.96269, 29.13076 ], [ -110.96273, 29.13122 ], [ -110.96285, 29.13146 ], [ -110.96327, 29.13425 ], [ -110.96358, 29.13599 ], [ -110.96382, 29.13774 ], [ -110.96827, 29.1372 ], [ -110.97246, 29.13668 ], [ -110.97296, 29.13945 ], [ -110.97335, 29.14224 ] ] } },
{ "type": "Feature", "properties": { "city": "Hermosillo", "route_name": "16_Monteverde", "route_name_short": "Monteverde", "type": "Bus", "shape_id": "shape_3638" }, "geometry": { "type": "LineString", "coordinates": [ [ -110.97217, 29.14587 ], [ -110.97206, 29.14815 ], [ -110.97202, 29.14877 ], [ -110.97193, 29.14926 ], [ -110.9718, 29.14965 ], [ -110.97188, 29.15036 ], [ -110.9724, 29.15371 ], [ -110.97618, 29.15327 ], [ -110.97778, 29.15305 ], [ -110.97799, 29.15308 ], [ -110.97835, 29.15558 ], [ -110.97852, 29.15652 ], [ -110.97881, 29.1573 ], [ -110.97918, 29.15942 ], [ -110.97957, 29.16212 ], [ -110.98013, 29.16582 ], [ -110.98131, 29.16568 ], [ -110.98174, 29.16586 ], [ -110.98203, 29.16588 ], [ -110.98306, 29.16574 ], [ -110.98312, 29.16616 ], [ -110.98406, 29.16604 ], [ -110.98395, 29.16528 ], [ -110.98319, 29.16564 ], [ -110.98196, 29.16577 ], [ -110.98129, 29.16561 ], [ -110.98016, 29.16569 ], [ -110.97965, 29.16238 ], [ -110.97933, 29.16017 ], [ -110.97902, 29.15816 ], [ -110.97881, 29.15697 ], [ -110.9786, 29.15553 ], [ -110.97822, 29.15304 ], [ -110.97741, 29.148 ], [ -110.97711, 29.14574 ], [ -110.9771, 29.14541 ], [ -110.97718, 29.14499 ], [ -110.97756, 29.14427 ], [ -110.97763, 29.14395 ], [ -110.97766, 29.14364 ], [ -110.97328, 29.11652 ], [ -110.97104, 29.10293 ], [ -110.96995, 29.09616 ], [ -110.96942, 29.09278 ], [ -110.96915, 29.0912 ], [ -110.96899, 29.09009 ], [ -110.96884, 29.08942 ], [ -110.96673, 29.0886 ], [ -110.96533, 29.08801 ], [ -110.96484, 29.0878 ], [ -110.96435, 29.08746 ], [ -110.96275, 29.08598 ], [ -110.96117, 29.08453 ], [ -110.96079, 29.08434 ], [ -110.96013, 29.08416 ], [ -110.95943, 29.08414 ], [ -110.95874, 29.08417 ], [ -110.95634, 29.08445 ], [ -110.95589, 29.0845 ], [ -110.95544, 29.08449 ], [ -110.95392, 29.08409 ], [ -110.95024, 29.08299 ], [ -110.95036, 29.0828 ], [ -110.94974, 29.07885 ], [ -110.95239, 29.07868 ], [ -110.95444, 29.07848 ], [ -110.95495, 29.08089 ], [ -110.95123, 29.08114 ], [ -110.95149, 29.08356 ], [ -110.95279, 29.08393 ], [ -110.95502, 29.08459 ], [ -110.95571, 29.08471 ], [ -110.95645, 29.08468 ], [ -110.95921, 29.08434 ], [ -110.95982, 29.08436 ], [ -110.96037, 29.08444 ], [ -110.9609, 29.08464 ], [ -110.96149, 29.08515 ], [ -110.96256, 29.08618 ], [ -110.96449, 29.08792 ], [ -110.96396, 29.0886 ], [ -110.96166, 29.08887 ], [ -110.96185, 29.08991 ], [ -110.95983, 29.09018 ], [ -110.96309, 29.1101 ], [ -110.96422, 29.11029 ], [ -110.96535, 29.11053 ], [ -110.96625, 29.11085 ], [ -110.96767, 29.1195 ], [ -110.96905, 29.12817 ], [ -110.97046, 29.13681 ], [ -110.9708, 29.13876 ], [ -110.97114, 29.14114 ], [ -110.97149, 29.14331 ], [ -110.97185, 29.14563 ], [ -110.97184, 29.14586 ], [ -110.97215, 29.14588 ] ] } },
{ "type": "Feature", "properties": { "city": "Hermosillo", "route_name": "16_Reforma", "route_name_short": "Reforma", "type": "Bus", "shape_id": "shape_3639" }, "geometry": { "type": "LineString", "coordinates": [ [ -110.9769, 29.14606 ], [ -110.97744, 29.1495 ], [ -110.97793, 29.15294 ], [ -110.97828, 29.15534 ], [ -110.97848, 29.15643 ], [ -110.97868, 29.15705 ], [ -110.97884, 29.1575 ], [ -110.97906, 29.15884 ], [ -110.97944, 29.16121 ], [ -110.97999, 29.16491 ], [ -110.98014, 29.16583 ], [ -110.98108, 29.1657 ], [ -110.982, 29.1659 ], [ -110.98309, 29.16577 ], [ -110.98313, 29.16618 ], [ -110.98406, 29.16604 ], [ -110.98395, 29.16533 ], [ -110.98322, 29.16564 ], [ -110.98192, 29.16578 ], [ -110.98133, 29.16561 ], [ -110.98117, 29.16559 ], [ -110.98017, 29.16571 ], [ -110.98007, 29.16515 ], [ -110.97951, 29.16138 ], [ -110.97913, 29.15897 ], [ -110.97884, 29.15726 ], [ -110.97864, 29.15594 ], [ -110.97829, 29.1535 ], [ -110.97818, 29.1529 ], [ -110.97781, 29.15305 ], [ -110.97549, 29.15332 ], [ -110.97257, 29.15365 ], [ -110.97249, 29.15364 ], [ -110.97242, 29.15359 ], [ -110.97185, 29.1499 ], [ -110.97187, 29.1496 ], [ -110.97206, 29.14881 ], [ -110.97222, 29.14563 ], [ -110.9719, 29.14562 ], [ -110.97054, 29.1369 ], [ -110.96913, 29.12819 ], [ -110.96764, 29.11908 ], [ -110.96695, 29.11481 ], [ -110.96662, 29.11288 ], [ -110.96627, 29.11056 ], [ -110.96447, 29.09978 ], [ -110.96357, 29.09391 ], [ -110.96954, 29.09324 ], [ -110.96889, 29.08948 ], [ -110.96583, 29.08821 ], [ -110.965, 29.08788 ], [ -110.96454, 29.0876 ], [ -110.96362, 29.08679 ], [ -110.9627, 29.08589 ], [ -110.9616, 29.08493 ], [ -110.96123, 29.0846 ], [ -110.96084, 29.08438 ], [ -110.96015, 29.08417 ], [ -110.95927, 29.08412 ], [ -110.957, 29.08437 ], [ -110.95624, 29.08447 ], [ -110.95548, 29.0845 ], [ -110.95286, 29.08379 ], [ -110.95025, 29.08299 ], [ -110.95034, 29.08288 ], [ -110.95034, 29.08272 ], [ -110.94974, 29.07885 ], [ -110.95444, 29.0785 ], [ -110.95495, 29.08089 ], [ -110.95124, 29.08112 ], [ -110.95148, 29.08354 ], [ -110.95514, 29.08462 ], [ -110.95579, 29.08471 ], [ -110.95702, 29.08462 ], [ -110.95878, 29.0844 ], [ -110.95972, 29.08435 ], [ -110.96037, 29.08445 ], [ -110.96092, 29.08466 ], [ -110.96122, 29.08488 ], [ -110.96148, 29.08514 ], [ -110.96252, 29.08614 ], [ -110.96453, 29.08794 ], [ -110.96658, 29.08877 ], [ -110.96676, 29.08888 ], [ -110.96893, 29.10257 ], [ -110.96957, 29.10664 ], [ -110.96974, 29.10729 ], [ -110.96985, 29.10795 ], [ -110.96992, 29.10875 ], [ -110.97117, 29.1163 ], [ -110.97563, 29.14386 ], [ -110.97588, 29.14428 ], [ -110.97613, 29.14458 ], [ -110.97659, 29.1451 ], [ -110.97677, 29.14558 ], [ -110.9769, 29.14606 ] ] } },
{ "type": "Feature", "properties": { "city": "Hermosillo", "route_name": "17_Choyal", "route_name_short": "Choyal", "type": "Bus", "shape_id": "shape_3640" }, "geometry": { "type": "LineString", "coordinates": [ [ -110.99654, 29.14412 ], [ -110.99665, 29.14397 ], [ -110.997, 29.14387 ], [ -110.99776, 29.14382 ], [ -110.99862, 29.14397 ], [ -111.00219, 29.1451 ], [ -111.00301, 29.1451 ], [ -111.00602, 29.14456 ], [ -111.00679, 29.14936 ], [ -111.00716, 29.15175 ], [ -111.00742, 29.15352 ], [ -111.00762, 29.15415 ], [ -111.0086, 29.15488 ], [ -111.00751, 29.15625 ], [ -111.00809, 29.15945 ], [ -111.01074, 29.1591 ], [ -111.01124, 29.15911 ], [ -111.01147, 29.15877 ], [ -111.01292, 29.15701 ], [ -111.01333, 29.15671 ], [ -111.01379, 29.1565 ], [ -111.01423, 29.15645 ], [ -111.01475, 29.15645 ], [ -111.01537, 29.15663 ], [ -111.01654, 29.15734 ], [ -111.01896, 29.1544 ], [ -111.0191, 29.15417 ], [ -111.01918, 29.15389 ], [ -111.01925, 29.15365 ], [ -111.01923, 29.15336 ], [ -111.01869, 29.14937 ], [ -111.01927, 29.14733 ], [ -111.01889, 29.14475 ], [ -111.01845, 29.14225 ], [ -111.01563, 29.14269 ], [ -111.01277, 29.14318 ], [ -111.01205, 29.13892 ], [ -111.01037, 29.13915 ], [ -111.00782, 29.13989 ], [ -111.00502, 29.14071 ], [ -111.00219, 29.14149 ], [ -110.99935, 29.14229 ], [ -110.99651, 29.1431 ], [ -110.99647, 29.1411 ], [ -110.99454, 29.13589 ], [ -110.99266, 29.13081 ], [ -110.99259, 29.13005 ], [ -110.99261, 29.1271 ], [ -110.99256, 29.12258 ], [ -110.99255, 29.11882 ], [ -110.99259, 29.11796 ], [ -110.99259, 29.11758 ], [ -110.99252, 29.11718 ], [ -110.99249, 29.11435 ], [ -110.99249, 29.10612 ], [ -110.99247, 29.102 ], [ -110.99246, 29.09793 ], [ -110.99205, 29.09787 ], [ -110.98668, 29.09856 ], [ -110.98397, 29.09891 ], [ -110.98065, 29.09932 ], [ -110.98015, 29.0962 ], [ -110.97972, 29.09353 ], [ -110.97965, 29.09329 ], [ -110.97955, 29.0931 ], [ -110.97818, 29.09283 ], [ -110.97667, 29.09243 ], [ -110.97432, 29.09153 ], [ -110.97281, 29.09099 ], [ -110.96865, 29.08936 ], [ -110.96576, 29.08819 ], [ -110.96482, 29.08781 ], [ -110.96439, 29.08749 ], [ -110.96275, 29.08596 ], [ -110.96168, 29.08501 ], [ -110.96114, 29.08451 ], [ -110.96024, 29.08418 ], [ -110.95885, 29.08416 ], [ -110.95696, 29.08438 ], [ -110.95636, 29.08104 ], [ -110.95582, 29.07774 ], [ -110.95328, 29.07797 ], [ -110.95082, 29.07819 ], [ -110.95118, 29.08085 ], [ -110.95134, 29.08219 ], [ -110.95147, 29.08354 ], [ -110.95238, 29.08958 ], [ -110.95283, 29.0926 ], [ -110.95311, 29.09412 ], [ -110.9532, 29.09484 ], [ -110.95322, 29.09522 ], [ -110.95327, 29.09543 ], [ -110.95298, 29.09605 ], [ -110.95287, 29.0962 ], [ -110.95281, 29.09636 ], [ -110.95259, 29.09669 ], [ -110.9523, 29.09698 ], [ -110.95173, 29.09735 ], [ -110.95113, 29.09753 ], [ -110.95089, 29.09781 ], [ -110.95095, 29.10544 ], [ -110.95098, 29.10636 ], [ -110.95092, 29.10662 ], [ -110.95095, 29.11054 ], [ -110.95098, 29.11699 ], [ -110.95098, 29.12055 ], [ -110.95101, 29.12235 ], [ -110.95096, 29.12332 ], [ -110.95097, 29.12441 ], [ -110.95115, 29.12562 ], [ -110.95128, 29.12676 ], [ -110.95664, 29.12625 ], [ -110.95843, 29.12619 ], [ -110.96201, 29.12585 ], [ -110.96557, 29.12551 ], [ -110.96701, 29.1345 ], [ -110.98324, 29.13247 ], [ -110.98369, 29.13526 ], [ -110.99359, 29.13403 ], [ -110.99423, 29.13579 ], [ -110.99489, 29.13758 ], [ -110.99576, 29.1399 ], [ -111.00661, 29.13682 ], [ -111.00776, 29.13997 ], [ -111.01025, 29.13923 ], [ -111.01197, 29.13899 ], [ -111.01273, 29.14339 ], [ -111.01843, 29.14246 ], [ -111.01883, 29.1449 ], [ -111.01918, 29.14727 ], [ -111.01855, 29.1494 ], [ -111.01914, 29.15335 ], [ -111.01918, 29.15364 ], [ -111.01908, 29.154 ], [ -111.01895, 29.1543 ], [ -111.01864, 29.15466 ], [ -111.01653, 29.15724 ], [ -111.01542, 29.1566 ], [ -111.01492, 29.15645 ], [ -111.01467, 29.15639 ], [ -111.01441, 29.15637 ], [ -111.01382, 29.15643 ], [ -111.01332, 29.15663 ], [ -111.01284, 29.157 ], [ -111.01126, 29.15893 ], [ -111.01078, 29.15889 ], [ -111.0081, 29.15927 ], [ -111.00279, 29.16002 ], [ -111.00142, 29.16022 ], [ -111.00157, 29.16204 ], [ -111.00178, 29.16378 ], [ -111.00187, 29.16468 ], [ -111.00178, 29.16476 ], [ -111.00176, 29.16486 ], [ -111.00182, 29.16494 ], [ -111.00191, 29.16496 ], [ -111.00205, 29.16624 ], [ -110.99823, 29.1668 ], [ -110.99804, 29.16461 ], [ -110.99755, 29.16053 ], [ -110.99686, 29.15466 ], [ -110.99654, 29.14413 ] ] } },
{ "type": "Feature", "properties": { "city": "Hermosillo", "route_name": "17_Bachoco", "route_name_short": "Bachoco", "type": "Bus", "shape_id": "shape_3641" }, "geometry": { "type": "LineString", "coordinates": [ [ -110.9963, 29.14383 ], [ -110.99635, 29.14453 ], [ -110.99632, 29.14489 ], [ -110.99643, 29.1481 ], [ -110.99655, 29.15177 ], [ -110.99648, 29.15272 ], [ -110.99658, 29.15377 ], [ -110.99663, 29.15494 ], [ -110.99702, 29.15784 ], [ -110.99719, 29.15929 ], [ -110.99737, 29.16076 ], [ -110.99788, 29.16471 ], [ -110.99812, 29.16683 ], [ -111.00205, 29.16624 ], [ -111.0019, 29.16502 ], [ -111.002, 29.16489 ], [ -111.00203, 29.1648 ], [ -111.00196, 29.16469 ], [ -111.00188, 29.16469 ], [ -111.00178, 29.16385 ], [ -111.0014, 29.16038 ], [ -111.00472, 29.15993 ], [ -111.00814, 29.15946 ], [ -111.00754, 29.15627 ], [ -111.00862, 29.15491 ], [ -111.0126, 29.15739 ], [ -111.01283, 29.15707 ], [ -111.01317, 29.15678 ], [ -111.01385, 29.15648 ], [ -111.01425, 29.15644 ], [ -111.01476, 29.15646 ], [ -111.01541, 29.15664 ], [ -111.01657, 29.15731 ], [ -111.01796, 29.15563 ], [ -111.01905, 29.15427 ], [ -111.01923, 29.15355 ], [ -111.01893, 29.15145 ], [ -111.0186, 29.14939 ], [ -111.01869, 29.14896 ], [ -111.01898, 29.1481 ], [ -111.01923, 29.1474 ], [ -111.01918, 29.14669 ], [ -111.01845, 29.14224 ], [ -111.01276, 29.14319 ], [ -111.01205, 29.13893 ], [ -111.01034, 29.13914 ], [ -111.00781, 29.13991 ], [ -111.00666, 29.13675 ], [ -110.996, 29.1398 ], [ -110.99549, 29.13843 ], [ -110.99483, 29.13668 ], [ -110.99093, 29.13721 ], [ -110.99021, 29.13298 ], [ -110.98534, 29.13359 ], [ -110.98511, 29.13221 ], [ -110.96705, 29.13444 ], [ -110.96632, 29.12996 ], [ -110.9656, 29.12531 ], [ -110.96129, 29.12571 ], [ -110.95975, 29.1259 ], [ -110.95827, 29.12604 ], [ -110.95679, 29.12608 ], [ -110.95377, 29.12635 ], [ -110.95187, 29.12657 ], [ -110.95151, 29.1264 ], [ -110.95144, 29.12548 ], [ -110.95128, 29.12452 ], [ -110.95125, 29.1229 ], [ -110.95133, 29.12279 ], [ -110.9513, 29.12055 ], [ -110.9513, 29.11763 ], [ -110.95128, 29.11467 ], [ -110.95305, 29.11468 ], [ -110.95299, 29.10605 ], [ -110.95299, 29.10174 ], [ -110.95296, 29.09889 ], [ -110.95289, 29.09815 ], [ -110.95293, 29.0975 ], [ -110.95303, 29.09697 ], [ -110.95329, 29.09647 ], [ -110.95357, 29.09631 ], [ -110.95442, 29.09616 ], [ -110.95444, 29.09591 ], [ -110.95418, 29.09427 ], [ -110.95432, 29.09409 ], [ -110.95443, 29.09401 ], [ -110.95433, 29.09392 ], [ -110.95411, 29.09393 ], [ -110.95412, 29.09374 ], [ -110.95404, 29.09349 ], [ -110.95374, 29.09156 ], [ -110.95354, 29.09004 ], [ -110.95338, 29.08854 ], [ -110.95299, 29.08481 ], [ -110.95281, 29.08295 ], [ -110.95262, 29.08104 ], [ -110.95012, 29.08123 ], [ -110.94973, 29.07886 ], [ -110.95208, 29.07867 ], [ -110.95446, 29.0785 ], [ -110.95571, 29.0847 ], [ -110.958, 29.08451 ], [ -110.95891, 29.08438 ], [ -110.95978, 29.08436 ], [ -110.96046, 29.08446 ], [ -110.96103, 29.0847 ], [ -110.96307, 29.08666 ], [ -110.96458, 29.08797 ], [ -110.96883, 29.08968 ], [ -110.97102, 29.09051 ], [ -110.97143, 29.09298 ], [ -110.97535, 29.09251 ], [ -110.97569, 29.09234 ], [ -110.97657, 29.09264 ], [ -110.97944, 29.09333 ], [ -110.98464, 29.09361 ], [ -110.98821, 29.09378 ], [ -110.98842, 29.09384 ], [ -110.99186, 29.09399 ], [ -110.99217, 29.09429 ], [ -110.99239, 29.13068 ], [ -110.99424, 29.13583 ], [ -110.99522, 29.13841 ], [ -110.99616, 29.14099 ], [ -110.99621, 29.14157 ], [ -110.9963, 29.14383 ] ] } },
{ "type": "Feature", "properties": { "city": "Hermosillo", "route_name": "19_Bachoco", "route_name_short": "Bachoco", "type": "Bus", "shape_id": "shape_3644" }, "geometry": { "type": "LineString", "coordinates": [ [ -110.99483, 29.13672 ], [ -110.99265, 29.13077 ], [ -110.99262, 29.12773 ], [ -110.99258, 29.12486 ], [ -110.99285, 29.12463 ], [ -111.00103, 29.1288 ], [ -111.00037, 29.12456 ], [ -110.99948, 29.11869 ], [ -111.01133, 29.11729 ], [ -111.01133, 29.11871 ], [ -111.02224, 29.11871 ], [ -111.0234, 29.11861 ], [ -111.02859, 29.11788 ], [ -111.03056, 29.11745 ], [ -111.03702, 29.11665 ], [ -111.03899, 29.11636 ], [ -111.03807, 29.11212 ], [ -111.03851, 29.11091 ], [ -111.03902, 29.10743 ], [ -111.04362, 29.10629 ], [ -111.04822, 29.10514 ], [ -111.04815, 29.10488 ], [ -111.04338, 29.10604 ], [ -111.03983, 29.10699 ], [ -111.03902, 29.10713 ], [ -111.03805, 29.10725 ], [ -111.03731, 29.10727 ], [ -111.03662, 29.10727 ], [ -111.03142, 29.10795 ], [ -111.02865, 29.10833 ], [ -111.02666, 29.10876 ], [ -111.02647, 29.10885 ], [ -111.02405, 29.10922 ], [ -111.0237, 29.10938 ], [ -111.02316, 29.10953 ], [ -111.02332, 29.11264 ], [ -111.02341, 29.1142 ], [ -111.02344, 29.11553 ], [ -111.02331, 29.11567 ], [ -111.02315, 29.11573 ], [ -111.01984, 29.1157 ], [ -111.0193, 29.11572 ], [ -111.01886, 29.11579 ], [ -111.01599, 29.11585 ], [ -111.01602, 29.11542 ], [ -111.016, 29.10975 ], [ -111.01594, 29.10907 ], [ -111.01595, 29.10817 ], [ -111.01599, 29.10708 ], [ -111.01597, 29.10514 ], [ -111.01598, 29.10273 ], [ -111.01595, 29.10034 ], [ -111.01239, 29.10033 ], [ -111.01138, 29.10056 ], [ -111.00804, 29.10112 ], [ -111.00586, 29.10202 ], [ -111.00517, 29.10211 ], [ -110.99871, 29.10212 ], [ -110.9961, 29.10216 ], [ -110.99222, 29.10214 ], [ -110.96342, 29.10579 ], [ -110.96274, 29.10154 ], [ -110.9597, 29.10193 ], [ -110.95981, 29.1026 ], [ -110.95633, 29.10307 ], [ -110.953, 29.10348 ], [ -110.95299, 29.10033 ], [ -110.95292, 29.09868 ], [ -110.95295, 29.09726 ], [ -110.95321, 29.0966 ], [ -110.95342, 29.09638 ], [ -110.95375, 29.09625 ], [ -110.95442, 29.09615 ], [ -110.95443, 29.09586 ], [ -110.95418, 29.09431 ], [ -110.95748, 29.08798 ], [ -110.95668, 29.08283 ], [ -110.9558, 29.07773 ], [ -110.94854, 29.07845 ], [ -110.94901, 29.0826 ], [ -110.93699, 29.07912 ], [ -110.93647, 29.07886 ], [ -110.93591, 29.07847 ], [ -110.93501, 29.07815 ], [ -110.9339, 29.0778 ], [ -110.93362, 29.07776 ], [ -110.93245, 29.07748 ], [ -110.93171, 29.07755 ], [ -110.93098, 29.07773 ], [ -110.92934, 29.07874 ], [ -110.92842, 29.07934 ], [ -110.9276, 29.07975 ], [ -110.92711, 29.07987 ], [ -110.9265, 29.0799 ], [ -110.92355, 29.08025 ], [ -110.92412, 29.08141 ], [ -110.92438, 29.08214 ], [ -110.92572, 29.08544 ], [ -110.92586, 29.08597 ], [ -110.92605, 29.08626 ], [ -110.92624, 29.08642 ], [ -110.92677, 29.08655 ], [ -110.92976, 29.08671 ], [ -110.93, 29.0868 ], [ -110.93031, 29.08699 ], [ -110.93062, 29.08759 ], [ -110.93107, 29.08849 ], [ -110.93119, 29.08888 ], [ -110.93102, 29.09315 ], [ -110.93098, 29.09732 ], [ -110.9271, 29.09731 ], [ -110.92483, 29.09775 ], [ -110.92512, 29.09881 ], [ -110.92398, 29.09904 ], [ -110.92377, 29.09823 ], [ -110.92672, 29.09761 ], [ -110.92776, 29.09749 ], [ -110.93106, 29.09751 ], [ -110.93109, 29.09321 ], [ -110.93127, 29.08887 ], [ -110.93117, 29.08848 ], [ -110.93074, 29.08761 ], [ -110.93036, 29.08692 ], [ -110.93005, 29.08673 ], [ -110.92971, 29.08664 ], [ -110.92885, 29.08662 ], [ -110.92816, 29.08655 ], [ -110.92777, 29.08645 ], [ -110.92752, 29.08631 ], [ -110.92734, 29.08615 ], [ -110.92725, 29.08587 ], [ -110.92636, 29.08368 ], [ -110.9253, 29.08108 ], [ -110.92504, 29.0811 ], [ -110.92419, 29.0814 ], [ -110.92366, 29.0803 ], [ -110.92661, 29.07996 ], [ -110.92713, 29.07992 ], [ -110.92762, 29.0798 ], [ -110.9283, 29.07951 ], [ -110.92898, 29.07907 ], [ -110.93036, 29.07817 ], [ -110.93103, 29.07779 ], [ -110.93145, 29.07767 ], [ -110.93187, 29.07759 ], [ -110.93246, 29.07756 ], [ -110.93354, 29.07779 ], [ -110.93389, 29.07794 ], [ -110.93511, 29.07836 ], [ -110.93709, 29.0794 ], [ -110.9427, 29.08106 ], [ -110.94618, 29.08207 ], [ -110.94914, 29.08307 ], [ -110.95006, 29.08317 ], [ -110.95036, 29.08283 ], [ -110.95006, 29.08089 ], [ -110.94974, 29.07886 ], [ -110.95446, 29.0785 ], [ -110.95495, 29.0809 ], [ -110.95122, 29.08113 ], [ -110.95162, 29.08472 ], [ -110.95215, 29.0883 ], [ -110.95271, 29.09193 ], [ -110.95314, 29.09418 ], [ -110.95328, 29.09545 ], [ -110.953, 29.09604 ], [ -110.95289, 29.09616 ], [ -110.95285, 29.09631 ], [ -110.95255, 29.09673 ], [ -110.95219, 29.0971 ], [ -110.95154, 29.09743 ], [ -110.9509, 29.09776 ], [ -110.95096, 29.10623 ], [ -110.95089, 29.10757 ], [ -110.95096, 29.11128 ], [ -110.95098, 29.11809 ], [ -110.951, 29.12234 ], [ -110.95094, 29.12434 ], [ -110.95112, 29.12546 ], [ -110.95128, 29.12676 ], [ -110.95686, 29.12625 ], [ -110.95798, 29.12624 ], [ -110.96386, 29.12566 ], [ -110.96556, 29.12549 ], [ -110.96792, 29.14013 ], [ -110.99484, 29.13672 ] ] } },
{ "type": "Feature", "properties": { "city": "Hermosillo", "route_name": "18_Lado A Soriana", "route_name_short": "Lado A Soriana", "type": "Bus", "shape_id": "shape_3642" }, "geometry": { "type": "LineString", "coordinates": [ [ -111.00234, 29.14511 ], [ -111.00307, 29.14512 ], [ -111.00605, 29.14458 ], [ -111.00924, 29.14397 ], [ -111.00919, 29.14361 ], [ -111.00778, 29.1399 ], [ -111.00227, 29.1415 ], [ -110.99646, 29.14316 ], [ -110.99647, 29.14112 ], [ -110.99599, 29.13978 ], [ -110.99264, 29.13083 ], [ -110.9925, 29.11432 ], [ -110.99247, 29.09781 ], [ -110.98063, 29.09932 ], [ -110.97962, 29.09311 ], [ -110.97796, 29.09275 ], [ -110.97605, 29.09223 ], [ -110.97226, 29.09076 ], [ -110.96475, 29.08775 ], [ -110.96397, 29.08711 ], [ -110.96188, 29.08515 ], [ -110.96124, 29.08456 ], [ -110.96081, 29.08437 ], [ -110.9604, 29.08422 ], [ -110.95978, 29.08414 ], [ -110.95916, 29.08414 ], [ -110.95884, 29.08392 ], [ -110.95812, 29.08115 ], [ -110.95797, 29.08038 ], [ -110.95722, 29.07754 ], [ -110.95674, 29.0747 ], [ -110.95665, 29.07417 ], [ -110.95642, 29.0736 ], [ -110.95627, 29.07333 ], [ -110.95599, 29.073 ], [ -110.95583, 29.07267 ], [ -110.95561, 29.07107 ], [ -110.95561, 29.07074 ], [ -110.95521, 29.06789 ], [ -110.9546, 29.06301 ], [ -110.95446, 29.06153 ], [ -110.95437, 29.06049 ], [ -110.9544, 29.06006 ], [ -110.95547, 29.05449 ], [ -110.95654, 29.04892 ], [ -110.95869, 29.03778 ], [ -110.95912, 29.03792 ], [ -110.95955, 29.03821 ], [ -110.95987, 29.0386 ], [ -110.96027, 29.0398 ], [ -110.96062, 29.04108 ], [ -110.9613, 29.04371 ], [ -110.96283, 29.0476 ], [ -110.96298, 29.04797 ], [ -110.96311, 29.0488 ], [ -110.9632, 29.05063 ], [ -110.96341, 29.05348 ], [ -110.96366, 29.05417 ], [ -110.96584, 29.05843 ], [ -110.96609, 29.05907 ], [ -110.96629, 29.0597 ], [ -110.96676, 29.06222 ], [ -110.96699, 29.06311 ], [ -110.96729, 29.06395 ], [ -110.96767, 29.06461 ], [ -110.97094, 29.06936 ], [ -110.97174, 29.07055 ], [ -110.97199, 29.07092 ], [ -110.97229, 29.07123 ], [ -110.97283, 29.0716 ], [ -110.97554, 29.07319 ], [ -110.97997, 29.07585 ], [ -110.98058, 29.07628 ], [ -110.98086, 29.07657 ], [ -110.98115, 29.07695 ], [ -110.98139, 29.07738 ], [ -110.9817, 29.07816 ], [ -110.98185, 29.07886 ], [ -110.98239, 29.08135 ], [ -110.98268, 29.08214 ], [ -110.98314, 29.08272 ], [ -110.98394, 29.08341 ], [ -110.98579, 29.08513 ], [ -110.98911, 29.08874 ], [ -110.98635, 29.08908 ], [ -110.98515, 29.08925 ], [ -110.98399, 29.08936 ], [ -110.98306, 29.08921 ], [ -110.97965, 29.08822 ], [ -110.97587, 29.08712 ], [ -110.97498, 29.08676 ], [ -110.97289, 29.08569 ], [ -110.97213, 29.08545 ], [ -110.97151, 29.08546 ], [ -110.9693, 29.0857 ], [ -110.96664, 29.08635 ], [ -110.96654, 29.08638 ], [ -110.96647, 29.08636 ], [ -110.96633, 29.08641 ], [ -110.96597, 29.08644 ], [ -110.96517, 29.08665 ], [ -110.96466, 29.08678 ], [ -110.96417, 29.08684 ], [ -110.96342, 29.08665 ], [ -110.96183, 29.0852 ], [ -110.96136, 29.08477 ], [ -110.96107, 29.08455 ], [ -110.9608, 29.08442 ], [ -110.96026, 29.08426 ], [ -110.95966, 29.08419 ], [ -110.95867, 29.08425 ], [ -110.95741, 29.08438 ], [ -110.95591, 29.0845 ], [ -110.95541, 29.08449 ], [ -110.95385, 29.08409 ], [ -110.9523, 29.08362 ], [ -110.9495, 29.08277 ], [ -110.94387, 29.08111 ], [ -110.93822, 29.07947 ], [ -110.93706, 29.07915 ], [ -110.93644, 29.07882 ], [ -110.9358, 29.0784 ], [ -110.93413, 29.07787 ], [ -110.9327, 29.07755 ], [ -110.93208, 29.07751 ], [ -110.93139, 29.07763 ], [ -110.93084, 29.07784 ], [ -110.93034, 29.07814 ], [ -110.92791, 29.07962 ], [ -110.92739, 29.07983 ], [ -110.92678, 29.07989 ], [ -110.9247, 29.08015 ], [ -110.92356, 29.08027 ], [ -110.92414, 29.08145 ], [ -110.92472, 29.08297 ], [ -110.92585, 29.08591 ], [ -110.92609, 29.08633 ], [ -110.92658, 29.08655 ], [ -110.92751, 29.08659 ], [ -110.92868, 29.08666 ], [ -110.92975, 29.08671 ], [ -110.93023, 29.0869 ], [ -110.93042, 29.08717 ], [ -110.93106, 29.08846 ], [ -110.93118, 29.08882 ], [ -110.9312, 29.08926 ], [ -110.93104, 29.09281 ], [ -110.93098, 29.0971 ], [ -110.93089, 29.09734 ], [ -110.93087, 29.09777 ], [ -110.93091, 29.09905 ], [ -110.93105, 29.09968 ], [ -110.93132, 29.10027 ], [ -110.93175, 29.10091 ], [ -110.93347, 29.10325 ], [ -110.9338, 29.10355 ], [ -110.93417, 29.10382 ], [ -110.93495, 29.1042 ], [ -110.93671, 29.10499 ], [ -110.93959, 29.10633 ], [ -110.94512, 29.10883 ], [ -110.94573, 29.10894 ], [ -110.94794, 29.10893 ], [ -110.95088, 29.1089 ], [ -110.95093, 29.1103 ], [ -110.95095, 29.11105 ], [ -110.95095, 29.11332 ], [ -110.95097, 29.1178 ], [ -110.95102, 29.12227 ], [ -110.95095, 29.12296 ], [ -110.95098, 29.12449 ], [ -110.95119, 29.12577 ], [ -110.95127, 29.12675 ], [ -110.95686, 29.12624 ], [ -110.95897, 29.12615 ], [ -110.96991, 29.12507 ], [ -110.98857, 29.12314 ], [ -110.99206, 29.14453 ], [ -110.99593, 29.14403 ], [ -110.99677, 29.1439 ], [ -110.99764, 29.14382 ], [ -110.99794, 29.14382 ], [ -110.9982, 29.14389 ], [ -111.00234, 29.14511 ] ] } },
{ "type": "Feature", "properties": { "city": "Hermosillo", "route_name": "18_Lado B Soriana", "route_name_short": "Lado B Soriana", "type": "Bus", "shape_id": "shape_3643" }, "geometry": { "type": "LineString", "coordinates": [ [ -110.98861, 29.12322 ], [ -110.98913, 29.12315 ], [ -110.98918, 29.12275 ], [ -110.98884, 29.12254 ], [ -110.98856, 29.12264 ], [ -110.98851, 29.1229 ], [ -110.97005, 29.12485 ], [ -110.96079, 29.12577 ], [ -110.9579, 29.12605 ], [ -110.95188, 29.12658 ], [ -110.95166, 29.1265 ], [ -110.95154, 29.12637 ], [ -110.95125, 29.1242 ], [ -110.95132, 29.12284 ], [ -110.9513, 29.11773 ], [ -110.95122, 29.10874 ], [ -110.94553, 29.10869 ], [ -110.94482, 29.10848 ], [ -110.93951, 29.10609 ], [ -110.93448, 29.10376 ], [ -110.93393, 29.10338 ], [ -110.93344, 29.10293 ], [ -110.93189, 29.10073 ], [ -110.93139, 29.09995 ], [ -110.93117, 29.09941 ], [ -110.9311, 29.09875 ], [ -110.93109, 29.0939 ], [ -110.93127, 29.0891 ], [ -110.93125, 29.08866 ], [ -110.93095, 29.08802 ], [ -110.93031, 29.0868 ], [ -110.92988, 29.08664 ], [ -110.9295, 29.08663 ], [ -110.92766, 29.08656 ], [ -110.92727, 29.08594 ], [ -110.9253, 29.08107 ], [ -110.92417, 29.08136 ], [ -110.92365, 29.08031 ], [ -110.92747, 29.07987 ], [ -110.92906, 29.07901 ], [ -110.93067, 29.078 ], [ -110.93131, 29.0777 ], [ -110.93198, 29.07758 ], [ -110.93286, 29.07761 ], [ -110.93468, 29.07819 ], [ -110.93616, 29.0789 ], [ -110.93689, 29.07932 ], [ -110.93762, 29.07958 ], [ -110.94337, 29.08126 ], [ -110.94626, 29.08209 ], [ -110.94913, 29.08307 ], [ -110.95038, 29.08322 ], [ -110.95558, 29.08473 ], [ -110.96013, 29.08426 ], [ -110.96093, 29.08456 ], [ -110.9615, 29.085 ], [ -110.9638, 29.08721 ], [ -110.96464, 29.08792 ], [ -110.97004, 29.09005 ], [ -110.96936, 29.08591 ], [ -110.97172, 29.08565 ], [ -110.97248, 29.08573 ], [ -110.97342, 29.08618 ], [ -110.97483, 29.08696 ], [ -110.97623, 29.08746 ], [ -110.97927, 29.08835 ], [ -110.98303, 29.08939 ], [ -110.98415, 29.0896 ], [ -110.98951, 29.08888 ], [ -110.98633, 29.08538 ], [ -110.9829, 29.08209 ], [ -110.98242, 29.08039 ], [ -110.98184, 29.07779 ], [ -110.98142, 29.07691 ], [ -110.9808, 29.07614 ], [ -110.98004, 29.07558 ], [ -110.97247, 29.07117 ], [ -110.96788, 29.06456 ], [ -110.96729, 29.06335 ], [ -110.96645, 29.05933 ], [ -110.96621, 29.05872 ], [ -110.96372, 29.05377 ], [ -110.96354, 29.05259 ], [ -110.96348, 29.05085 ], [ -110.96339, 29.04874 ], [ -110.96306, 29.04744 ], [ -110.96166, 29.04395 ], [ -110.9608, 29.04084 ], [ -110.9603, 29.03883 ], [ -110.96, 29.03818 ], [ -110.9596, 29.03786 ], [ -110.95901, 29.0376 ], [ -110.9584, 29.03741 ], [ -110.95624, 29.04917 ], [ -110.95415, 29.06028 ], [ -110.95514, 29.06878 ], [ -110.9558, 29.07283 ], [ -110.95581, 29.07316 ], [ -110.95638, 29.07719 ], [ -110.95686, 29.07911 ], [ -110.95747, 29.0837 ], [ -110.95779, 29.08498 ], [ -110.95804, 29.08523 ], [ -110.9584, 29.08532 ], [ -110.95873, 29.08522 ], [ -110.95904, 29.08492 ], [ -110.95958, 29.08452 ], [ -110.96011, 29.08446 ], [ -110.96067, 29.08459 ], [ -110.96123, 29.0849 ], [ -110.96384, 29.08742 ], [ -110.96461, 29.08804 ], [ -110.96662, 29.08882 ], [ -110.97105, 29.09055 ], [ -110.97144, 29.093 ], [ -110.97519, 29.09255 ], [ -110.97576, 29.09236 ], [ -110.97895, 29.09326 ], [ -110.97964, 29.09337 ], [ -110.98591, 29.09366 ], [ -110.99185, 29.09402 ], [ -110.99217, 29.09434 ], [ -110.99227, 29.11261 ], [ -110.99233, 29.12174 ], [ -110.99234, 29.12628 ], [ -110.99239, 29.1308 ], [ -110.99406, 29.13532 ], [ -110.99577, 29.1399 ], [ -111.00661, 29.13682 ], [ -111.00918, 29.14376 ], [ -111.00332, 29.14482 ], [ -111.00266, 29.14489 ], [ -111.00202, 29.14482 ], [ -110.99849, 29.14367 ], [ -110.99769, 29.14356 ], [ -110.99681, 29.14365 ], [ -110.99206, 29.14431 ], [ -110.98861, 29.12322 ] ] } },
{ "type": "Feature", "properties": { "city": "Hermosillo", "route_name": "17_Express", "route_name_short": "Express", "type": "Bus", "shape_id": "shape_3660" }, "geometry": { "type": "LineString", "coordinates": [ [ -111.0212, 29.17461 ], [ -111.02169, 29.17456 ], [ -111.02195, 29.17464 ], [ -111.0221, 29.17458 ], [ -111.02216, 29.17446 ], [ -111.02212, 29.17433 ], [ -111.02201, 29.17424 ], [ -111.02185, 29.17426 ], [ -111.02168, 29.17441 ], [ -111.02069, 29.17456 ], [ -111.01683, 29.17509 ], [ -111.01674, 29.175 ], [ -111.01671, 29.17481 ], [ -111.01652, 29.1737 ], [ -111.01639, 29.17297 ], [ -111.01627, 29.1723 ], [ -111.01607, 29.17115 ], [ -111.01598, 29.17043 ], [ -111.0159, 29.16978 ], [ -111.01572, 29.16833 ], [ -111.01569, 29.1679 ], [ -111.01574, 29.1677 ], [ -111.01587, 29.16755 ], [ -111.01616, 29.16749 ], [ -111.01883, 29.16713 ], [ -111.01937, 29.16721 ], [ -111.02087, 29.16772 ], [ -111.02097, 29.16785 ], [ -111.02107, 29.16793 ], [ -111.02121, 29.16791 ], [ -111.02129, 29.16782 ], [ -111.02131, 29.16771 ], [ -111.02128, 29.16762 ], [ -111.02115, 29.16756 ], [ -111.02104, 29.16757 ], [ -111.02095, 29.16762 ], [ -111.02084, 29.16758 ], [ -111.01908, 29.16702 ], [ -111.01876, 29.16699 ], [ -111.016, 29.16737 ], [ -111.01575, 29.16732 ], [ -111.0156, 29.16716 ], [ -111.01531, 29.1647 ], [ -111.01498, 29.16204 ], [ -111.0148, 29.16045 ], [ -111.01435, 29.16042 ], [ -111.01388, 29.16032 ], [ -111.01353, 29.16017 ], [ -111.01303, 29.15987 ], [ -111.01262, 29.15961 ], [ -111.01219, 29.15935 ], [ -111.01186, 29.15916 ], [ -111.01158, 29.159 ], [ -111.01148, 29.15877 ], [ -111.0122, 29.15787 ], [ -111.01275, 29.1572 ], [ -111.01328, 29.15672 ], [ -111.01385, 29.15647 ], [ -111.01444, 29.15642 ], [ -111.01505, 29.15654 ], [ -111.01542, 29.15666 ], [ -111.016, 29.15701 ], [ -111.01655, 29.15732 ], [ -111.01823, 29.1553 ], [ -111.019, 29.15433 ], [ -111.0192, 29.15388 ], [ -111.01925, 29.15359 ], [ -111.01902, 29.15205 ], [ -111.01862, 29.14936 ], [ -111.01866, 29.14906 ], [ -111.01876, 29.14875 ], [ -111.0192, 29.14748 ], [ -111.01924, 29.14727 ], [ -111.01922, 29.14705 ], [ -111.01898, 29.1453 ], [ -111.01858, 29.14293 ], [ -111.01844, 29.14224 ], [ -111.01363, 29.14302 ], [ -111.01043, 29.14352 ], [ -111.0071, 29.14412 ], [ -111.00402, 29.14467 ], [ -111.00305, 29.14484 ], [ -111.00256, 29.14488 ], [ -111.00217, 29.14482 ], [ -111.00121, 29.14455 ], [ -110.99838, 29.14363 ], [ -110.99793, 29.14356 ], [ -110.99719, 29.14359 ], [ -110.99634, 29.14375 ], [ -110.99547, 29.14383 ], [ -110.99011, 29.14456 ], [ -110.98701, 29.14496 ], [ -110.98417, 29.14533 ], [ -110.98154, 29.14569 ], [ -110.97936, 29.1459 ], [ -110.97822, 29.1459 ], [ -110.97708, 29.14586 ], [ -110.9736, 29.14571 ], [ -110.97042, 29.14557 ], [ -110.96642, 29.14548 ], [ -110.96334, 29.14533 ], [ -110.96039, 29.14525 ], [ -110.95773, 29.14509 ], [ -110.95681, 29.14509 ], [ -110.95375, 29.14576 ], [ -110.95344, 29.14556 ], [ -110.95331, 29.14481 ], [ -110.9533, 29.14385 ], [ -110.95331, 29.14364 ], [ -110.95371, 29.14243 ], [ -110.95384, 29.14186 ], [ -110.95384, 29.14135 ], [ -110.95374, 29.14055 ], [ -110.95363, 29.13913 ], [ -110.95348, 29.13759 ], [ -110.95344, 29.13656 ], [ -110.95336, 29.13448 ], [ -110.95325, 29.13378 ], [ -110.95299, 29.13307 ], [ -110.95257, 29.13215 ], [ -110.95184, 29.13018 ], [ -110.95173, 29.12965 ], [ -110.95167, 29.1291 ], [ -110.95158, 29.1287 ], [ -110.95157, 29.12765 ], [ -110.95153, 29.12661 ], [ -110.9515, 29.12588 ], [ -110.95143, 29.12538 ], [ -110.95131, 29.12472 ], [ -110.95128, 29.12394 ], [ -110.95127, 29.12316 ], [ -110.95126, 29.12288 ], [ -110.95133, 29.12276 ], [ -110.9513, 29.12106 ], [ -110.95131, 29.11987 ], [ -110.95129, 29.11793 ], [ -110.95125, 29.11047 ], [ -110.9513, 29.11019 ], [ -110.95128, 29.10866 ], [ -110.95125, 29.10632 ], [ -110.95125, 29.10543 ], [ -110.95124, 29.10173 ], [ -110.95127, 29.10127 ], [ -110.95122, 29.10059 ], [ -110.95122, 29.09789 ], [ -110.95137, 29.09771 ], [ -110.95158, 29.09765 ], [ -110.95156, 29.09731 ], [ -110.95112, 29.09446 ], [ -110.95009, 29.086 ], [ -110.94979, 29.08334 ], [ -110.94977, 29.08316 ], [ -110.95006, 29.08316 ], [ -110.95025, 29.08298 ], [ -110.95035, 29.0827 ], [ -110.95001, 29.08036 ], [ -110.95109, 29.08025 ], [ -110.9513, 29.08171 ], [ -110.95139, 29.08293 ], [ -110.95058, 29.08298 ], [ -110.95043, 29.08306 ], [ -110.949, 29.0826 ], [ -110.94958, 29.08807 ], [ -110.95018, 29.0934 ], [ -110.95025, 29.09455 ], [ -110.95058, 29.09747 ], [ -110.9509, 29.09779 ], [ -110.95091, 29.10105 ], [ -110.95093, 29.10184 ], [ -110.95097, 29.10581 ], [ -110.95098, 29.10632 ], [ -110.95092, 29.10652 ], [ -110.95091, 29.1088 ], [ -110.95093, 29.11019 ], [ -110.95099, 29.11225 ], [ -110.95095, 29.1149 ], [ -110.95098, 29.11969 ], [ -110.95102, 29.12237 ], [ -110.95094, 29.12309 ], [ -110.95098, 29.12445 ], [ -110.9512, 29.12591 ], [ -110.95129, 29.12663 ], [ -110.95128, 29.12888 ], [ -110.95152, 29.1302 ], [ -110.95163, 29.13077 ], [ -110.95251, 29.13276 ], [ -110.95299, 29.13416 ], [ -110.95306, 29.13477 ], [ -110.95308, 29.13634 ], [ -110.95312, 29.13706 ], [ -110.95309, 29.13761 ], [ -110.95351, 29.1415 ], [ -110.95328, 29.14259 ], [ -110.95298, 29.14366 ], [ -110.95292, 29.14428 ], [ -110.95296, 29.14492 ], [ -110.95305, 29.14536 ], [ -110.95319, 29.14614 ], [ -110.95382, 29.14605 ], [ -110.9546, 29.14585 ], [ -110.95625, 29.14552 ], [ -110.95726, 29.1454 ], [ -110.95841, 29.14546 ], [ -110.95914, 29.14547 ], [ -110.9611, 29.14557 ], [ -110.96356, 29.14558 ], [ -110.96658, 29.14577 ], [ -110.96844, 29.14574 ], [ -110.97316, 29.14589 ], [ -110.97697, 29.14602 ], [ -110.97894, 29.14614 ], [ -110.97984, 29.14609 ], [ -110.98159, 29.1459 ], [ -110.98856, 29.14497 ], [ -110.9947, 29.14419 ], [ -110.99581, 29.14403 ], [ -110.99636, 29.14444 ], [ -110.99629, 29.14487 ], [ -110.99646, 29.1488 ], [ -110.99647, 29.15022 ], [ -110.99656, 29.15129 ], [ -110.99649, 29.15259 ], [ -110.99663, 29.15487 ], [ -110.99689, 29.15691 ], [ -110.99713, 29.15883 ], [ -110.99737, 29.16075 ], [ -110.99888, 29.16062 ], [ -111.00146, 29.16037 ], [ -111.00742, 29.15956 ], [ -111.01001, 29.15918 ], [ -111.01079, 29.15909 ], [ -111.01127, 29.15912 ], [ -111.01139, 29.15887 ], [ -111.0126, 29.15738 ], [ -111.01313, 29.15774 ], [ -111.01367, 29.15808 ], [ -111.01395, 29.15838 ], [ -111.01394, 29.15853 ], [ -111.01394, 29.15869 ], [ -111.01402, 29.15879 ], [ -111.01417, 29.15886 ], [ -111.01427, 29.15893 ], [ -111.01442, 29.15916 ], [ -111.01452, 29.15975 ], [ -111.01466, 29.16105 ], [ -111.01492, 29.16338 ], [ -111.0151, 29.16468 ], [ -111.01525, 29.16606 ], [ -111.01547, 29.16795 ], [ -111.01563, 29.16923 ], [ -111.01577, 29.17031 ], [ -111.01587, 29.17116 ], [ -111.016, 29.17195 ], [ -111.01615, 29.1728 ], [ -111.01631, 29.17385 ], [ -111.01659, 29.17504 ], [ -111.01667, 29.1752 ], [ -111.01687, 29.17525 ], [ -111.0171, 29.1752 ], [ -111.0212, 29.17461 ] ] } },
{ "type": "Feature", "properties": { "city": "Hermosillo", "route_name": "19_Mendoza", "route_name_short": "Mendoza", "type": "Bus", "shape_id": "shape_3645" }, "geometry": { "type": "LineString", "coordinates": [ [ -110.99232, 29.12431 ], [ -110.99233, 29.12747 ], [ -110.99238, 29.12927 ], [ -110.99237, 29.13064 ], [ -110.99252, 29.13117 ], [ -110.99357, 29.134 ], [ -110.99457, 29.13671 ], [ -110.98124, 29.1384 ], [ -110.97458, 29.13924 ], [ -110.97126, 29.13966 ], [ -110.96799, 29.14009 ], [ -110.96678, 29.13275 ], [ -110.96558, 29.1253 ], [ -110.9584, 29.12602 ], [ -110.95756, 29.12607 ], [ -110.95681, 29.12608 ], [ -110.95185, 29.12657 ], [ -110.95153, 29.12639 ], [ -110.95147, 29.12562 ], [ -110.95132, 29.12487 ], [ -110.95127, 29.12291 ], [ -110.95133, 29.12279 ], [ -110.9513, 29.1205 ], [ -110.95133, 29.11749 ], [ -110.95128, 29.11467 ], [ -110.95306, 29.1147 ], [ -110.95294, 29.09806 ], [ -110.95299, 29.09715 ], [ -110.95323, 29.09659 ], [ -110.95337, 29.09641 ], [ -110.95441, 29.09616 ], [ -110.95445, 29.09584 ], [ -110.95417, 29.09429 ], [ -110.95431, 29.09409 ], [ -110.95443, 29.094 ], [ -110.95436, 29.09393 ], [ -110.95413, 29.09393 ], [ -110.95414, 29.0937 ], [ -110.95403, 29.09345 ], [ -110.95359, 29.09049 ], [ -110.9533, 29.08747 ], [ -110.95263, 29.08104 ], [ -110.95122, 29.08113 ], [ -110.95142, 29.08292 ], [ -110.95052, 29.08299 ], [ -110.95041, 29.08304 ], [ -110.94357, 29.081 ], [ -110.94011, 29.07998 ], [ -110.9368, 29.07905 ], [ -110.9356, 29.07834 ], [ -110.93446, 29.07796 ], [ -110.9336, 29.07776 ], [ -110.93285, 29.07755 ], [ -110.93241, 29.0775 ], [ -110.93209, 29.07751 ], [ -110.93179, 29.07754 ], [ -110.93134, 29.07763 ], [ -110.93073, 29.07786 ], [ -110.92831, 29.07941 ], [ -110.92766, 29.07973 ], [ -110.92715, 29.07986 ], [ -110.92355, 29.08026 ], [ -110.9241, 29.08138 ], [ -110.92579, 29.08563 ], [ -110.9259, 29.08604 ], [ -110.92618, 29.08638 ], [ -110.92655, 29.08654 ], [ -110.92724, 29.08658 ], [ -110.92962, 29.0867 ], [ -110.93, 29.08678 ], [ -110.93038, 29.08708 ], [ -110.93113, 29.08865 ], [ -110.93119, 29.08902 ], [ -110.93101, 29.09314 ], [ -110.931, 29.09731 ], [ -110.9275, 29.09727 ], [ -110.92693, 29.09733 ], [ -110.92479, 29.09775 ], [ -110.92513, 29.0988 ], [ -110.92397, 29.09904 ], [ -110.92377, 29.09822 ], [ -110.92723, 29.09753 ], [ -110.928, 29.09747 ], [ -110.93108, 29.09751 ], [ -110.93108, 29.0954 ], [ -110.9311, 29.09323 ], [ -110.93128, 29.08891 ], [ -110.93118, 29.08857 ], [ -110.93101, 29.08818 ], [ -110.9304, 29.08697 ], [ -110.93011, 29.08674 ], [ -110.92971, 29.08663 ], [ -110.92884, 29.08661 ], [ -110.92808, 29.08655 ], [ -110.92775, 29.08645 ], [ -110.92744, 29.08623 ], [ -110.92726, 29.08588 ], [ -110.92531, 29.0811 ], [ -110.92504, 29.08111 ], [ -110.9242, 29.0814 ], [ -110.92368, 29.08031 ], [ -110.92641, 29.07998 ], [ -110.92727, 29.07991 ], [ -110.92771, 29.07979 ], [ -110.92823, 29.07953 ], [ -110.92907, 29.07901 ], [ -110.93083, 29.0779 ], [ -110.93134, 29.0777 ], [ -110.93181, 29.0776 ], [ -110.93227, 29.07756 ], [ -110.93282, 29.0776 ], [ -110.93364, 29.07783 ], [ -110.93514, 29.07838 ], [ -110.93708, 29.07941 ], [ -110.93935, 29.08006 ], [ -110.94262, 29.08105 ], [ -110.94642, 29.08214 ], [ -110.94921, 29.0831 ], [ -110.95006, 29.08318 ], [ -110.9503, 29.08297 ], [ -110.95036, 29.08275 ], [ -110.94974, 29.07886 ], [ -110.95445, 29.07851 ], [ -110.95549, 29.08361 ], [ -110.95655, 29.08924 ], [ -110.95299, 29.09598 ], [ -110.95296, 29.09611 ], [ -110.95287, 29.09617 ], [ -110.95286, 29.09632 ], [ -110.95255, 29.09674 ], [ -110.95219, 29.09707 ], [ -110.9518, 29.09732 ], [ -110.95116, 29.09753 ], [ -110.95088, 29.09781 ], [ -110.95092, 29.10395 ], [ -110.95303, 29.10394 ], [ -110.95301, 29.10353 ], [ -110.95932, 29.10272 ], [ -110.95992, 29.10303 ], [ -110.96881, 29.1019 ], [ -110.96958, 29.10667 ], [ -110.99247, 29.10379 ], [ -110.99245, 29.10347 ], [ -111.00554, 29.10342 ], [ -111.00534, 29.10216 ], [ -111.00618, 29.10195 ], [ -111.0079, 29.10121 ], [ -111.01139, 29.1006 ], [ -111.01125, 29.10205 ], [ -111.01133, 29.10247 ], [ -111.01135, 29.10299 ], [ -111.01128, 29.10377 ], [ -111.01131, 29.10915 ], [ -111.01134, 29.11256 ], [ -111.01132, 29.11445 ], [ -111.01139, 29.11592 ], [ -111.01873, 29.11585 ], [ -111.02356, 29.11585 ], [ -111.02355, 29.11422 ], [ -111.02349, 29.11259 ], [ -111.02333, 29.10954 ], [ -111.0241, 29.10934 ], [ -111.02647, 29.10889 ], [ -111.02761, 29.10875 ], [ -111.0298, 29.10842 ], [ -111.03633, 29.10753 ], [ -111.03837, 29.10739 ], [ -111.03897, 29.10744 ], [ -111.04468, 29.10601 ], [ -111.04823, 29.10513 ], [ -111.04815, 29.1049 ], [ -111.04359, 29.10598 ], [ -111.03979, 29.107 ], [ -111.03917, 29.10711 ], [ -111.03896, 29.10748 ], [ -111.03851, 29.11069 ], [ -111.03839, 29.11113 ], [ -111.03802, 29.11207 ], [ -111.03852, 29.11443 ], [ -111.0389, 29.11619 ], [ -111.03644, 29.11651 ], [ -111.0359, 29.11663 ], [ -111.03265, 29.11706 ], [ -111.0321, 29.11721 ], [ -111.03145, 29.11727 ], [ -111.03025, 29.11744 ], [ -111.02852, 29.11784 ], [ -111.02363, 29.11854 ], [ -111.02219, 29.11866 ], [ -111.01677, 29.11865 ], [ -111.01141, 29.11867 ], [ -111.0114, 29.11726 ], [ -111.00541, 29.11797 ], [ -110.99941, 29.11867 ], [ -111.00019, 29.12378 ], [ -111.00082, 29.1278 ], [ -111.00094, 29.1287 ], [ -110.99663, 29.12651 ], [ -110.99234, 29.12431 ] ] } },
{ "type": "Feature", "properties": { "city": "Hermosillo", "route_name": "Línea_1 Derecho - J. García", "route_name_short": "1 Derecho - J. García", "type": "Bus", "shape_id": "shape_3632" }, "geometry": { "type": "LineString", "coordinates": [ [ -109.99003, 27.48615 ], [ -109.99027, 27.48535 ], [ -109.98964, 27.48544 ], [ -109.98891, 27.48554 ], [ -109.9883, 27.48561 ], [ -109.98717, 27.48559 ], [ -109.98492, 27.4856 ], [ -109.98205, 27.48557 ], [ -109.98207, 27.48433 ], [ -109.98201, 27.48288 ], [ -109.98194, 27.48265 ], [ -109.98038, 27.48266 ], [ -109.97617, 27.48268 ], [ -109.97371, 27.48271 ], [ -109.97367, 27.48287 ], [ -109.97365, 27.48309 ], [ -109.97351, 27.48323 ], [ -109.97349, 27.4834 ], [ -109.97347, 27.48564 ], [ -109.97344, 27.4863 ], [ -109.97295, 27.48632 ], [ -109.97235, 27.48631 ], [ -109.97105, 27.48635 ], [ -109.96796, 27.48634 ], [ -109.96105, 27.48634 ], [ -109.96109, 27.48448 ], [ -109.96107, 27.48269 ], [ -109.95919, 27.48269 ], [ -109.95479, 27.48269 ], [ -109.95089, 27.48269 ], [ -109.94642, 27.48268 ], [ -109.94529, 27.48267 ], [ -109.94532, 27.48336 ], [ -109.94529, 27.48505 ], [ -109.9453, 27.48782 ], [ -109.94531, 27.48818 ], [ -109.94536, 27.48884 ], [ -109.94538, 27.48998 ], [ -109.94531, 27.49045 ], [ -109.9453, 27.49176 ], [ -109.9434, 27.49178 ], [ -109.9419, 27.49179 ], [ -109.93901, 27.49179 ], [ -109.93602, 27.49178 ], [ -109.93393, 27.49181 ], [ -109.92966, 27.49178 ], [ -109.92795, 27.49177 ], [ -109.92797, 27.49289 ], [ -109.92797, 27.49555 ], [ -109.92791, 27.49796 ], [ -109.92792, 27.50071 ], [ -109.92797, 27.50199 ], [ -109.92798, 27.50267 ], [ -109.92794, 27.50368 ], [ -109.92798, 27.50505 ], [ -109.92796, 27.50737 ], [ -109.928, 27.50885 ], [ -109.92796, 27.5098 ], [ -109.92798, 27.51173 ], [ -109.92631, 27.51174 ], [ -109.92515, 27.51172 ], [ -109.92516, 27.51311 ], [ -109.92517, 27.51364 ], [ -109.92519, 27.51431 ], [ -109.92517, 27.51577 ], [ -109.92517, 27.51672 ], [ -109.92521, 27.51706 ], [ -109.9239, 27.51707 ], [ -109.92307, 27.51701 ], [ -109.92211, 27.517 ], [ -109.92036, 27.51703 ], [ -109.9183, 27.51704 ], [ -109.91665, 27.51702 ], [ -109.9148, 27.51702 ], [ -109.91264, 27.517 ], [ -109.91263, 27.51782 ], [ -109.91263, 27.5202 ], [ -109.91263, 27.5205 ], [ -109.91252, 27.52057 ], [ -109.91227, 27.52052 ], [ -109.912, 27.52047 ], [ -109.91162, 27.52047 ], [ -109.91094, 27.52061 ], [ -109.91072, 27.5207 ], [ -109.91072, 27.52084 ], [ -109.91092, 27.52105 ], [ -109.91114, 27.52093 ], [ -109.9115, 27.52089 ], [ -109.91197, 27.52093 ], [ -109.91252, 27.52095 ], [ -109.91267, 27.52101 ], [ -109.91272, 27.52113 ], [ -109.91273, 27.52151 ], [ -109.91269, 27.52286 ], [ -109.91078, 27.52282 ], [ -109.90862, 27.52279 ], [ -109.90724, 27.52279 ], [ -109.906, 27.52279 ], [ -109.90575, 27.52276 ], [ -109.90521, 27.52274 ], [ -109.90521, 27.52416 ], [ -109.90519, 27.52505 ], [ -109.90511, 27.52515 ], [ -109.9045, 27.52514 ], [ -109.9008, 27.52514 ], [ -109.8992, 27.52514 ], [ -109.89697, 27.52515 ], [ -109.89625, 27.52515 ], [ -109.89564, 27.52512 ], [ -109.89444, 27.52514 ], [ -109.89446, 27.52626 ], [ -109.89444, 27.52792 ], [ -109.89442, 27.52881 ], [ -109.89578, 27.52878 ], [ -109.89578, 27.5276 ], [ -109.89579, 27.52638 ], [ -109.89577, 27.52517 ], [ -109.89711, 27.52521 ], [ -109.90125, 27.52517 ], [ -109.90494, 27.5252 ], [ -109.90518, 27.5252 ], [ -109.90525, 27.5253 ], [ -109.90537, 27.52528 ], [ -109.90544, 27.52516 ], [ -109.9054, 27.52505 ], [ -109.90542, 27.52456 ], [ -109.90538, 27.52285 ], [ -109.90606, 27.52285 ], [ -109.90643, 27.52281 ], [ -109.90819, 27.52283 ], [ -109.9112, 27.52286 ], [ -109.91277, 27.52291 ], [ -109.91278, 27.52126 ], [ -109.91273, 27.521 ], [ -109.91259, 27.52091 ], [ -109.91237, 27.5209 ], [ -109.91186, 27.52086 ], [ -109.91144, 27.52087 ], [ -109.91119, 27.52088 ], [ -109.911, 27.52096 ], [ -109.91092, 27.52098 ], [ -109.91078, 27.52086 ], [ -109.91078, 27.52075 ], [ -109.91092, 27.52067 ], [ -109.91141, 27.52056 ], [ -109.91182, 27.52051 ], [ -109.91198, 27.52053 ], [ -109.91231, 27.52058 ], [ -109.91246, 27.52061 ], [ -109.91262, 27.52058 ], [ -109.91271, 27.52047 ], [ -109.91268, 27.52009 ], [ -109.9127, 27.51915 ], [ -109.91269, 27.51706 ], [ -109.91436, 27.51707 ], [ -109.91883, 27.51709 ], [ -109.92199, 27.51705 ], [ -109.92311, 27.51706 ], [ -109.92371, 27.5171 ], [ -109.92475, 27.5171 ], [ -109.92526, 27.51709 ], [ -109.92523, 27.51655 ], [ -109.92523, 27.51471 ], [ -109.92522, 27.51343 ], [ -109.92519, 27.51216 ], [ -109.9252, 27.51175 ], [ -109.92659, 27.51178 ], [ -109.92805, 27.51178 ], [ -109.92923, 27.51174 ], [ -109.9292, 27.50948 ], [ -109.92918, 27.5072 ], [ -109.9292, 27.50338 ], [ -109.92919, 27.49944 ], [ -109.9292, 27.49371 ], [ -109.9292, 27.49183 ], [ -109.9325, 27.49183 ], [ -109.93728, 27.49183 ], [ -109.94112, 27.49182 ], [ -109.94418, 27.49182 ], [ -109.94466, 27.4918 ], [ -109.94468, 27.49014 ], [ -109.94468, 27.48677 ], [ -109.94466, 27.4827 ], [ -109.94699, 27.48272 ], [ -109.94875, 27.48273 ], [ -109.94875, 27.48447 ], [ -109.94873, 27.48642 ], [ -109.94931, 27.48642 ], [ -109.95028, 27.48644 ], [ -109.95133, 27.48643 ], [ -109.95324, 27.48641 ], [ -109.95657, 27.48642 ], [ -109.95842, 27.48638 ], [ -109.96097, 27.48635 ], [ -109.96098, 27.48736 ], [ -109.96096, 27.49176 ], [ -109.96094, 27.4939 ], [ -109.96156, 27.49405 ], [ -109.9641, 27.49482 ], [ -109.96568, 27.49532 ], [ -109.96601, 27.49548 ], [ -109.96607, 27.49562 ], [ -109.96624, 27.49568 ], [ -109.96637, 27.49566 ], [ -109.96647, 27.49548 ], [ -109.9664, 27.49534 ], [ -109.9663, 27.49527 ], [ -109.96603, 27.49531 ], [ -109.96575, 27.4952 ], [ -109.96575, 27.49498 ], [ -109.96561, 27.49406 ], [ -109.96541, 27.49322 ], [ -109.96504, 27.49208 ], [ -109.96504, 27.49182 ], [ -109.96517, 27.49154 ], [ -109.96538, 27.49139 ], [ -109.96555, 27.49134 ], [ -109.9658, 27.49133 ], [ -109.96603, 27.49141 ], [ -109.9665, 27.49201 ], [ -109.96695, 27.49259 ], [ -109.96749, 27.49297 ], [ -109.96805, 27.49324 ], [ -109.96883, 27.49356 ], [ -109.96926, 27.49369 ], [ -109.96945, 27.49391 ], [ -109.96968, 27.49442 ], [ -109.9698, 27.49486 ], [ -109.96985, 27.49514 ], [ -109.97001, 27.49537 ], [ -109.97025, 27.4956 ], [ -109.97078, 27.49576 ], [ -109.97114, 27.49585 ], [ -109.9714, 27.496 ], [ -109.97164, 27.49637 ], [ -109.97176, 27.4966 ], [ -109.97195, 27.49688 ], [ -109.9722, 27.49698 ], [ -109.97254, 27.49699 ], [ -109.97311, 27.49689 ], [ -109.97365, 27.4966 ], [ -109.97366, 27.49446 ], [ -109.97368, 27.49117 ], [ -109.97547, 27.49121 ], [ -109.97545, 27.4906 ], [ -109.97556, 27.49047 ], [ -109.97592, 27.49045 ], [ -109.97634, 27.49043 ], [ -109.97657, 27.49032 ], [ -109.97693, 27.48994 ], [ -109.97745, 27.48954 ], [ -109.97773, 27.48954 ], [ -109.97828, 27.48952 ], [ -109.98115, 27.48958 ], [ -109.9824, 27.4896 ], [ -109.98298, 27.4896 ], [ -109.9837, 27.48958 ], [ -109.98432, 27.48946 ], [ -109.98469, 27.48938 ], [ -109.98548, 27.48925 ], [ -109.98583, 27.48925 ], [ -109.98682, 27.48929 ], [ -109.98823, 27.4893 ], [ -109.98888, 27.48924 ], [ -109.98987, 27.48924 ], [ -109.98987, 27.48781 ], [ -109.98988, 27.48667 ], [ -109.99003, 27.48617 ] ] } }
]
}
