{
"type": "FeatureCollection",
"name": "querétaro",
"crs": { "type": "name", "properties": { "name": "urn:ogc:def:crs:OGC:1.3:CRS84" } },
"features": [
{ "type": "Feature", "properties": { "city": "Querétaro", "route_name": "4_L-4 Fracc. Santuarios - Penal", "route_name_short": "L-4 Fracc. Santuarios - Penal", "type": "Subway", "shape_id": "shape_2426" }, "geometry": { "type": "LineString", "coordinates": [ [ -100.36191, 20.67353 ], [ -100.36196, 20.67355 ], [ -100.36237, 20.67133 ], [ -100.36277, 20.6694 ], [ -100.36317, 20.66724 ], [ -100.36342, 20.66664 ], [ -100.36378, 20.66615 ], [ -100.36422, 20.6658 ], [ -100.3647, 20.66556 ], [ -100.36529, 20.66539 ], [ -100.36577, 20.66539 ], [ -100.36621, 20.66539 ], [ -100.36931, 20.66566 ], [ -100.37032, 20.66564 ], [ -100.37079, 20.66559 ], [ -100.3713, 20.66544 ], [ -100.37163, 20.6653 ], [ -100.37223, 20.66496 ], [ -100.37355, 20.66422 ], [ -100.37476, 20.6635 ], [ -100.3755, 20.66311 ], [ -100.37603, 20.66297 ], [ -100.37717, 20.66256 ], [ -100.37729, 20.66242 ], [ -100.37736, 20.66227 ], [ -100.37735, 20.6621 ], [ -100.37727, 20.66186 ], [ -100.37692, 20.66155 ], [ -100.37556, 20.66067 ], [ -100.37508, 20.66032 ], [ -100.37486, 20.66004 ], [ -100.37471, 20.6598 ], [ -100.37462, 20.65968 ], [ -100.37455, 20.65947 ], [ -100.3745, 20.65914 ], [ -100.37455, 20.65862 ], [ -100.37466, 20.65835 ], [ -100.37584, 20.6564 ], [ -100.37655, 20.65516 ], [ -100.37683, 20.65474 ], [ -100.37698, 20.65456 ], [ -100.3772, 20.65442 ], [ -100.37755, 20.65417 ], [ -100.37786, 20.65399 ], [ -100.3785, 20.65382 ], [ -100.38108, 20.65358 ], [ -100.38399, 20.65339 ], [ -100.38607, 20.65322 ], [ -100.38812, 20.65316 ], [ -100.38882, 20.65307 ], [ -100.38933, 20.65288 ], [ -100.39082, 20.6521 ], [ -100.39128, 20.65177 ], [ -100.39145, 20.65151 ], [ -100.39162, 20.65122 ], [ -100.39172, 20.65079 ], [ -100.39171, 20.65028 ], [ -100.39158, 20.64946 ], [ -100.39152, 20.6488 ], [ -100.39152, 20.64843 ], [ -100.39158, 20.64805 ], [ -100.3919, 20.64681 ], [ -100.39265, 20.64429 ], [ -100.39306, 20.64273 ], [ -100.39321, 20.64204 ], [ -100.39349, 20.64005 ], [ -100.39385, 20.63685 ], [ -100.39396, 20.6359 ], [ -100.39395, 20.63534 ], [ -100.39375, 20.63497 ], [ -100.39352, 20.63461 ], [ -100.39312, 20.63434 ], [ -100.39069, 20.63355 ], [ -100.39045, 20.63343 ], [ -100.39031, 20.63326 ], [ -100.39036, 20.633 ], [ -100.39071, 20.63241 ], [ -100.39106, 20.63179 ], [ -100.39121, 20.6314 ], [ -100.39122, 20.631 ], [ -100.39107, 20.63033 ], [ -100.39095, 20.62984 ], [ -100.39077, 20.62924 ], [ -100.39046, 20.62869 ], [ -100.39018, 20.62831 ], [ -100.38945, 20.62781 ], [ -100.38914, 20.62765 ], [ -100.38857, 20.62747 ], [ -100.38668, 20.62737 ], [ -100.38584, 20.62727 ], [ -100.38559, 20.62714 ], [ -100.38547, 20.62691 ], [ -100.38551, 20.62663 ], [ -100.38565, 20.62644 ], [ -100.38848, 20.62501 ], [ -100.38882, 20.62477 ], [ -100.3891, 20.62436 ], [ -100.38999, 20.62301 ], [ -100.39011, 20.62272 ], [ -100.39013, 20.62059 ], [ -100.39012, 20.61937 ], [ -100.39013, 20.61902 ], [ -100.39018, 20.61878 ], [ -100.39027, 20.61855 ], [ -100.39026, 20.61833 ], [ -100.39011, 20.61801 ], [ -100.3901, 20.61704 ], [ -100.39031, 20.61625 ], [ -100.39034, 20.61594 ], [ -100.39024, 20.61514 ], [ -100.38962, 20.61262 ], [ -100.38944, 20.61206 ], [ -100.38855, 20.6102 ], [ -100.38848, 20.61011 ], [ -100.38828, 20.61004 ], [ -100.38777, 20.61017 ], [ -100.38751, 20.61026 ], [ -100.38729, 20.61022 ], [ -100.38712, 20.61014 ], [ -100.38697, 20.60995 ], [ -100.38655, 20.60892 ], [ -100.38643, 20.60852 ], [ -100.38642, 20.60817 ], [ -100.3865, 20.60784 ], [ -100.38689, 20.60741 ], [ -100.38993, 20.60515 ], [ -100.39147, 20.60402 ], [ -100.393, 20.60291 ], [ -100.39328, 20.60272 ], [ -100.39344, 20.60254 ], [ -100.39366, 20.60228 ], [ -100.39376, 20.60204 ], [ -100.39396, 20.60156 ], [ -100.39388, 20.59901 ], [ -100.39397, 20.59884 ], [ -100.39436, 20.5987 ], [ -100.39475, 20.59842 ], [ -100.39503, 20.59828 ], [ -100.39528, 20.5982 ], [ -100.39595, 20.59814 ], [ -100.39625, 20.59814 ], [ -100.39707, 20.59829 ], [ -100.39745, 20.59826 ], [ -100.39774, 20.59818 ], [ -100.39872, 20.59775 ], [ -100.39934, 20.5975 ], [ -100.39978, 20.5972 ], [ -100.39928, 20.59543 ], [ -100.39845, 20.59279 ], [ -100.39736, 20.58945 ], [ -100.39661, 20.58689 ], [ -100.39567, 20.58339 ], [ -100.39816, 20.58177 ], [ -100.39934, 20.58074 ], [ -100.40045, 20.57936 ], [ -100.40151, 20.5781 ], [ -100.40325, 20.57606 ], [ -100.40491, 20.57405 ], [ -100.40582, 20.57291 ], [ -100.40626, 20.57236 ], [ -100.40648, 20.57193 ], [ -100.40748, 20.57077 ], [ -100.40892, 20.56901 ], [ -100.41095, 20.56658 ], [ -100.41245, 20.56479 ], [ -100.41404, 20.56283 ], [ -100.41545, 20.56115 ], [ -100.41732, 20.55889 ], [ -100.4191, 20.55667 ], [ -100.42079, 20.55467 ], [ -100.42248, 20.55254 ], [ -100.4249, 20.54966 ], [ -100.42679, 20.54734 ], [ -100.42871, 20.54495 ], [ -100.43058, 20.54275 ], [ -100.43084, 20.54256 ], [ -100.43185, 20.54124 ], [ -100.43213, 20.54116 ], [ -100.43594, 20.54068 ], [ -100.43954, 20.54023 ], [ -100.43973, 20.54134 ], [ -100.43982, 20.54245 ], [ -100.43992, 20.54651 ], [ -100.43994, 20.54927 ], [ -100.43991, 20.55039 ], [ -100.43993, 20.55156 ], [ -100.44002, 20.55157 ], [ -100.43996, 20.55391 ], [ -100.4374, 20.554 ], [ -100.43372, 20.55407 ], [ -100.43361, 20.55644 ], [ -100.4335, 20.55755 ], [ -100.43332, 20.55774 ], [ -100.43325, 20.5578 ], [ -100.43313, 20.55782 ], [ -100.43309, 20.55792 ], [ -100.43313, 20.55804 ], [ -100.43325, 20.55817 ], [ -100.43344, 20.55816 ], [ -100.43398, 20.55816 ], [ -100.43543, 20.5579 ], [ -100.4366, 20.55752 ], [ -100.43814, 20.557 ], [ -100.43851, 20.55682 ], [ -100.43889, 20.55655 ], [ -100.43919, 20.55615 ], [ -100.43983, 20.55514 ], [ -100.44061, 20.55376 ], [ -100.44093, 20.55361 ], [ -100.44153, 20.55338 ], [ -100.44203, 20.55334 ], [ -100.44238, 20.55342 ], [ -100.44268, 20.55376 ], [ -100.44323, 20.5544 ], [ -100.44363, 20.55486 ], [ -100.44396, 20.55531 ], [ -100.44414, 20.55558 ], [ -100.44442, 20.55532 ], [ -100.44507, 20.55446 ], [ -100.44548, 20.55386 ], [ -100.44594, 20.55341 ], [ -100.44632, 20.5531 ], [ -100.44686, 20.55272 ], [ -100.44726, 20.55254 ], [ -100.44776, 20.55242 ], [ -100.44776, 20.5523 ], [ -100.44774, 20.55224 ], [ -100.44725, 20.55239 ], [ -100.44682, 20.55256 ], [ -100.4463, 20.55283 ], [ -100.44561, 20.55344 ], [ -100.44516, 20.55397 ], [ -100.44475, 20.5545 ], [ -100.44426, 20.55514 ], [ -100.44408, 20.55539 ], [ -100.44365, 20.55479 ], [ -100.4424, 20.55335 ], [ -100.44199, 20.55327 ], [ -100.44157, 20.55331 ], [ -100.44094, 20.55352 ], [ -100.44061, 20.55366 ], [ -100.44033, 20.55403 ], [ -100.43995, 20.55472 ], [ -100.43918, 20.55594 ], [ -100.43876, 20.55653 ], [ -100.4383, 20.55683 ], [ -100.43758, 20.55707 ], [ -100.43631, 20.55752 ], [ -100.43535, 20.55782 ], [ -100.43464, 20.55796 ], [ -100.43411, 20.55807 ], [ -100.43369, 20.55809 ], [ -100.43341, 20.55806 ], [ -100.43341, 20.55794 ], [ -100.43333, 20.55782 ], [ -100.43344, 20.55768 ], [ -100.43356, 20.55762 ], [ -100.43365, 20.55634 ], [ -100.43377, 20.55412 ], [ -100.4375, 20.55403 ], [ -100.43756, 20.55157 ], [ -100.43997, 20.55155 ], [ -100.43994, 20.55033 ], [ -100.43998, 20.54919 ], [ -100.43997, 20.54624 ], [ -100.43989, 20.54258 ], [ -100.43977, 20.54135 ], [ -100.43972, 20.5409 ], [ -100.4396, 20.54024 ], [ -100.44092, 20.54009 ], [ -100.44087, 20.53822 ], [ -100.4405, 20.53513 ], [ -100.44007, 20.53234 ], [ -100.44079, 20.53217 ], [ -100.44108, 20.53213 ], [ -100.44144, 20.53206 ], [ -100.44176, 20.53207 ], [ -100.44179, 20.53181 ], [ -100.44103, 20.53191 ], [ -100.44026, 20.53208 ], [ -100.4398, 20.53222 ], [ -100.43943, 20.53241 ], [ -100.43861, 20.53294 ], [ -100.43799, 20.53354 ], [ -100.43738, 20.53424 ], [ -100.43036, 20.54282 ], [ -100.42596, 20.54815 ], [ -100.42464, 20.54979 ], [ -100.42147, 20.5535 ], [ -100.41787, 20.55797 ], [ -100.41447, 20.56209 ], [ -100.41077, 20.56656 ], [ -100.40781, 20.5702 ], [ -100.40559, 20.57285 ], [ -100.40471, 20.57401 ], [ -100.40377, 20.57517 ], [ -100.40039, 20.5792 ], [ -100.39908, 20.58075 ], [ -100.39937, 20.58114 ], [ -100.4006, 20.5826 ], [ -100.40212, 20.5846 ], [ -100.40327, 20.58705 ], [ -100.40478, 20.59043 ], [ -100.40562, 20.59227 ], [ -100.40704, 20.59555 ], [ -100.40304, 20.59597 ], [ -100.40178, 20.59593 ], [ -100.40048, 20.59629 ], [ -100.40002, 20.5965 ], [ -100.39863, 20.59738 ], [ -100.39762, 20.59783 ], [ -100.39704, 20.5979 ], [ -100.39605, 20.59777 ], [ -100.3954, 20.59778 ], [ -100.39463, 20.59802 ], [ -100.39419, 20.59826 ], [ -100.39382, 20.59852 ], [ -100.39369, 20.59858 ], [ -100.39364, 20.59875 ], [ -100.39376, 20.59894 ], [ -100.39382, 20.60027 ], [ -100.39385, 20.60149 ], [ -100.39365, 20.60207 ], [ -100.3934, 20.60244 ], [ -100.39318, 20.60265 ], [ -100.39116, 20.6041 ], [ -100.38987, 20.60508 ], [ -100.38738, 20.60661 ], [ -100.3864, 20.60722 ], [ -100.38616, 20.60744 ], [ -100.38602, 20.60771 ], [ -100.38588, 20.60811 ], [ -100.38595, 20.60846 ], [ -100.38678, 20.6101 ], [ -100.38811, 20.61293 ], [ -100.38836, 20.61337 ], [ -100.38877, 20.61394 ], [ -100.38954, 20.615 ], [ -100.38973, 20.61505 ], [ -100.39, 20.61499 ], [ -100.39013, 20.61474 ], [ -100.38994, 20.61376 ], [ -100.38967, 20.6139 ], [ -100.38939, 20.61418 ], [ -100.38918, 20.61449 ], [ -100.38983, 20.61549 ], [ -100.3899, 20.6157 ], [ -100.38988, 20.61594 ], [ -100.38995, 20.61682 ], [ -100.38985, 20.61732 ], [ -100.39, 20.61765 ], [ -100.39002, 20.6183 ], [ -100.39002, 20.61886 ], [ -100.39006, 20.62 ], [ -100.39011, 20.62235 ], [ -100.39004, 20.62271 ], [ -100.38992, 20.62298 ], [ -100.38888, 20.62458 ], [ -100.38871, 20.62476 ], [ -100.38842, 20.62499 ], [ -100.38574, 20.62629 ], [ -100.38549, 20.62645 ], [ -100.38534, 20.62667 ], [ -100.38533, 20.62682 ], [ -100.38534, 20.62702 ], [ -100.38551, 20.62724 ], [ -100.38582, 20.62736 ], [ -100.38648, 20.62745 ], [ -100.38846, 20.62757 ], [ -100.38877, 20.62765 ], [ -100.38923, 20.62782 ], [ -100.38965, 20.62804 ], [ -100.39019, 20.62853 ], [ -100.3905, 20.62907 ], [ -100.3907, 20.62958 ], [ -100.39108, 20.63085 ], [ -100.3911, 20.63107 ], [ -100.39107, 20.63129 ], [ -100.39099, 20.63169 ], [ -100.39031, 20.6328 ], [ -100.3902, 20.63305 ], [ -100.39024, 20.63332 ], [ -100.39041, 20.63356 ], [ -100.39079, 20.63369 ], [ -100.39193, 20.63403 ], [ -100.39291, 20.63436 ], [ -100.39327, 20.63454 ], [ -100.39351, 20.63472 ], [ -100.39369, 20.63501 ], [ -100.39382, 20.6353 ], [ -100.39387, 20.63568 ], [ -100.39354, 20.63841 ], [ -100.39327, 20.64067 ], [ -100.39308, 20.64223 ], [ -100.3925, 20.64424 ], [ -100.39192, 20.64639 ], [ -100.3915, 20.64795 ], [ -100.39142, 20.64844 ], [ -100.39142, 20.64882 ], [ -100.39154, 20.65041 ], [ -100.39154, 20.65089 ], [ -100.39137, 20.65128 ], [ -100.39102, 20.65177 ], [ -100.38945, 20.65268 ], [ -100.38903, 20.65287 ], [ -100.38861, 20.65299 ], [ -100.38711, 20.65302 ], [ -100.38386, 20.65327 ], [ -100.38149, 20.65347 ], [ -100.37969, 20.65356 ], [ -100.37832, 20.65373 ], [ -100.37773, 20.65395 ], [ -100.37737, 20.65415 ], [ -100.37712, 20.65436 ], [ -100.37675, 20.65469 ], [ -100.3766, 20.655 ], [ -100.37607, 20.65594 ], [ -100.37543, 20.65699 ], [ -100.37481, 20.65803 ], [ -100.37451, 20.65864 ], [ -100.37445, 20.65913 ], [ -100.37451, 20.65949 ], [ -100.37455, 20.6597 ], [ -100.37468, 20.65992 ], [ -100.37479, 20.6601 ], [ -100.375, 20.6603 ], [ -100.37557, 20.66077 ], [ -100.37697, 20.66165 ], [ -100.37726, 20.66181 ], [ -100.37733, 20.66196 ], [ -100.37735, 20.66215 ], [ -100.37735, 20.66227 ], [ -100.37727, 20.66246 ], [ -100.37713, 20.6626 ], [ -100.37604, 20.66289 ], [ -100.37526, 20.66315 ], [ -100.3735, 20.66415 ], [ -100.37214, 20.66497 ], [ -100.37151, 20.66531 ], [ -100.37085, 20.66553 ], [ -100.37025, 20.6656 ], [ -100.36925, 20.66562 ], [ -100.36691, 20.66541 ], [ -100.36619, 20.66535 ], [ -100.36574, 20.6653 ], [ -100.36534, 20.66534 ], [ -100.36501, 20.66541 ], [ -100.36455, 20.66557 ], [ -100.36416, 20.66581 ], [ -100.3638, 20.66605 ], [ -100.36338, 20.66659 ], [ -100.36308, 20.6672 ], [ -100.36276, 20.66895 ], [ -100.36248, 20.67034 ], [ -100.36208, 20.67273 ], [ -100.36192, 20.67353 ] ] } },
{ "type": "Feature", "properties": { "city": "Querétaro", "route_name": "8_L-8 Terminal de Autobuses - Cerrito Colorado", "route_name_short": "L-8 Terminal de Autobuses - Cerrito Colorado", "type": "Subway", "shape_id": "shape_2428" }, "geometry": { "type": "LineString", "coordinates": [ [ -100.35936, 20.58017 ], [ -100.35947, 20.58031 ], [ -100.35969, 20.58049 ], [ -100.36005, 20.5807 ], [ -100.36017, 20.58075 ], [ -100.36031, 20.58076 ], [ -100.36056, 20.58065 ], [ -100.361, 20.58032 ], [ -100.36149, 20.57998 ], [ -100.36178, 20.57996 ], [ -100.36209, 20.58003 ], [ -100.36324, 20.58058 ], [ -100.36357, 20.58061 ], [ -100.36377, 20.58058 ], [ -100.36638, 20.58012 ], [ -100.36716, 20.57988 ], [ -100.3679, 20.5796 ], [ -100.36818, 20.57969 ], [ -100.36836, 20.57982 ], [ -100.36844, 20.57998 ], [ -100.36843, 20.58025 ], [ -100.36823, 20.58048 ], [ -100.368, 20.5806 ], [ -100.36702, 20.58082 ], [ -100.36459, 20.58123 ], [ -100.36261, 20.58163 ], [ -100.36129, 20.58191 ], [ -100.36077, 20.58189 ], [ -100.36054, 20.58178 ], [ -100.36038, 20.58162 ], [ -100.36037, 20.58132 ], [ -100.36045, 20.58105 ], [ -100.36071, 20.58084 ], [ -100.36093, 20.58079 ], [ -100.36127, 20.58087 ], [ -100.36147, 20.58104 ], [ -100.36168, 20.58138 ], [ -100.36186, 20.58351 ], [ -100.362, 20.58403 ], [ -100.36259, 20.58541 ], [ -100.36291, 20.58631 ], [ -100.3631, 20.58707 ], [ -100.36305, 20.58729 ], [ -100.36277, 20.58785 ], [ -100.36261, 20.58831 ], [ -100.36247, 20.58863 ], [ -100.36233, 20.58884 ], [ -100.36202, 20.589 ], [ -100.36188, 20.58911 ], [ -100.36085, 20.58953 ], [ -100.36021, 20.58971 ], [ -100.35983, 20.58967 ], [ -100.3594, 20.58957 ], [ -100.35855, 20.5891 ], [ -100.35843, 20.58932 ], [ -100.35952, 20.58971 ], [ -100.36008, 20.58978 ], [ -100.36041, 20.58978 ], [ -100.3609, 20.58959 ], [ -100.36186, 20.58926 ], [ -100.36335, 20.5888 ], [ -100.36428, 20.58852 ], [ -100.36447, 20.5885 ], [ -100.36628, 20.58843 ], [ -100.36784, 20.58837 ], [ -100.36933, 20.58813 ], [ -100.3716, 20.58775 ], [ -100.37373, 20.58736 ], [ -100.37534, 20.58708 ], [ -100.37894, 20.58651 ], [ -100.38048, 20.58629 ], [ -100.38083, 20.58632 ], [ -100.38119, 20.58637 ], [ -100.38455, 20.58716 ], [ -100.385, 20.58719 ], [ -100.3854, 20.5872 ], [ -100.38595, 20.58709 ], [ -100.38875, 20.58605 ], [ -100.39395, 20.58418 ], [ -100.39516, 20.58724 ], [ -100.40187, 20.58493 ], [ -100.40234, 20.58516 ], [ -100.40328, 20.58709 ], [ -100.40571, 20.59238 ], [ -100.40719, 20.59597 ], [ -100.40756, 20.596 ], [ -100.40776, 20.59606 ], [ -100.40824, 20.59621 ], [ -100.40887, 20.59649 ], [ -100.40924, 20.59651 ], [ -100.41196, 20.59637 ], [ -100.4123, 20.59618 ], [ -100.41298, 20.59567 ], [ -100.41349, 20.59535 ], [ -100.41485, 20.59534 ], [ -100.41597, 20.59927 ], [ -100.41744, 20.60436 ], [ -100.41864, 20.60877 ], [ -100.41987, 20.61301 ], [ -100.42103, 20.61719 ], [ -100.42177, 20.61985 ], [ -100.42259, 20.6225 ], [ -100.42248, 20.6228 ], [ -100.42228, 20.62293 ], [ -100.42206, 20.62294 ], [ -100.42184, 20.62283 ], [ -100.42173, 20.62266 ], [ -100.42172, 20.62243 ], [ -100.42183, 20.62223 ], [ -100.42195, 20.62217 ], [ -100.42217, 20.62211 ], [ -100.42361, 20.62233 ], [ -100.4238, 20.62252 ], [ -100.42383, 20.62269 ], [ -100.42375, 20.6229 ], [ -100.42355, 20.623 ], [ -100.42336, 20.62299 ], [ -100.42323, 20.62293 ], [ -100.42294, 20.62255 ], [ -100.42269, 20.622 ], [ -100.42253, 20.62147 ], [ -100.42221, 20.62034 ], [ -100.42222, 20.62007 ], [ -100.42212, 20.61968 ], [ -100.422, 20.61922 ], [ -100.42213, 20.61898 ], [ -100.42575, 20.61819 ], [ -100.42874, 20.61757 ], [ -100.42909, 20.61759 ], [ -100.42929, 20.61757 ], [ -100.43019, 20.61996 ], [ -100.43182, 20.62392 ], [ -100.43334, 20.62781 ], [ -100.43614, 20.63484 ], [ -100.44274, 20.63178 ], [ -100.44287, 20.63174 ], [ -100.44294, 20.63187 ], [ -100.44339, 20.63314 ], [ -100.44352, 20.6336 ], [ -100.44358, 20.63399 ], [ -100.44358, 20.63484 ], [ -100.44374, 20.63503 ], [ -100.44395, 20.63526 ], [ -100.44412, 20.63541 ], [ -100.44431, 20.63551 ], [ -100.44464, 20.63561 ], [ -100.44499, 20.63563 ], [ -100.44529, 20.63561 ], [ -100.44572, 20.63546 ], [ -100.4481, 20.63465 ], [ -100.4504, 20.63382 ], [ -100.45163, 20.63363 ], [ -100.45229, 20.63341 ], [ -100.45403, 20.63281 ], [ -100.45396, 20.63246 ], [ -100.45459, 20.63227 ], [ -100.45533, 20.63207 ], [ -100.45583, 20.63201 ], [ -100.45793, 20.63171 ], [ -100.45766, 20.6294 ], [ -100.4574, 20.62822 ], [ -100.45753, 20.62757 ], [ -100.45785, 20.62627 ], [ -100.45804, 20.62565 ], [ -100.45771, 20.62513 ], [ -100.45769, 20.62502 ], [ -100.45918, 20.62426 ], [ -100.46019, 20.62377 ], [ -100.46126, 20.62513 ], [ -100.46273, 20.62703 ], [ -100.46442, 20.62902 ], [ -100.46664, 20.63178 ], [ -100.46434, 20.63259 ], [ -100.46191, 20.6335 ], [ -100.46195, 20.6335 ], [ -100.45942, 20.63432 ], [ -100.45832, 20.63469 ], [ -100.45796, 20.63165 ], [ -100.45637, 20.6319 ], [ -100.45558, 20.63199 ], [ -100.45527, 20.63205 ], [ -100.45479, 20.63218 ], [ -100.45391, 20.63242 ], [ -100.45397, 20.63275 ], [ -100.45234, 20.63331 ], [ -100.45158, 20.63358 ], [ -100.45043, 20.63372 ], [ -100.44808, 20.63452 ], [ -100.4453, 20.6355 ], [ -100.4452, 20.63561 ], [ -100.44465, 20.63557 ], [ -100.44435, 20.63549 ], [ -100.44405, 20.63526 ], [ -100.44386, 20.63508 ], [ -100.44362, 20.63483 ], [ -100.44363, 20.63435 ], [ -100.44362, 20.63403 ], [ -100.44355, 20.63357 ], [ -100.44342, 20.6331 ], [ -100.44297, 20.63183 ], [ -100.44287, 20.63167 ], [ -100.43957, 20.6332 ], [ -100.43629, 20.63472 ], [ -100.43329, 20.6361 ], [ -100.43014, 20.63758 ], [ -100.42983, 20.63771 ], [ -100.42953, 20.63764 ], [ -100.42866, 20.63588 ], [ -100.42758, 20.63359 ], [ -100.4266, 20.63131 ], [ -100.42599, 20.6297 ], [ -100.4253, 20.62806 ], [ -100.42507, 20.62778 ], [ -100.42452, 20.62646 ], [ -100.42406, 20.62528 ], [ -100.4234, 20.62367 ], [ -100.42257, 20.62158 ], [ -100.42222, 20.62038 ], [ -100.42223, 20.62008 ], [ -100.42216, 20.61989 ], [ -100.42185, 20.6186 ], [ -100.42095, 20.61545 ], [ -100.42011, 20.61238 ], [ -100.4192, 20.60927 ], [ -100.41769, 20.6039 ], [ -100.41643, 20.59959 ], [ -100.41532, 20.59562 ], [ -100.41522, 20.59521 ], [ -100.41458, 20.5952 ], [ -100.41401, 20.59523 ], [ -100.41374, 20.5951 ], [ -100.41352, 20.59482 ], [ -100.41226, 20.59579 ], [ -100.41205, 20.59596 ], [ -100.41164, 20.59609 ], [ -100.40937, 20.59617 ], [ -100.40903, 20.59617 ], [ -100.40876, 20.59611 ], [ -100.40814, 20.59587 ], [ -100.40757, 20.59564 ], [ -100.40713, 20.59553 ], [ -100.4048, 20.59576 ], [ -100.40309, 20.59595 ], [ -100.40182, 20.59595 ], [ -100.40079, 20.59619 ], [ -100.40037, 20.59632 ], [ -100.39966, 20.59675 ], [ -100.39866, 20.59353 ], [ -100.39741, 20.58949 ], [ -100.39665, 20.58698 ], [ -100.39573, 20.58361 ], [ -100.3956, 20.58325 ], [ -100.39414, 20.58397 ], [ -100.3918, 20.58478 ], [ -100.38912, 20.58574 ], [ -100.38696, 20.58656 ], [ -100.3859, 20.58692 ], [ -100.38526, 20.58704 ], [ -100.38464, 20.58698 ], [ -100.38308, 20.58662 ], [ -100.38114, 20.58618 ], [ -100.3803, 20.58611 ], [ -100.37548, 20.58692 ], [ -100.37056, 20.58779 ], [ -100.36807, 20.58821 ], [ -100.36566, 20.58837 ], [ -100.36529, 20.58837 ], [ -100.36503, 20.58834 ], [ -100.36482, 20.5883 ], [ -100.36461, 20.58821 ], [ -100.36432, 20.5881 ], [ -100.36414, 20.58789 ], [ -100.36394, 20.58763 ], [ -100.36354, 20.58709 ], [ -100.36223, 20.58423 ], [ -100.36204, 20.58376 ], [ -100.36198, 20.58337 ], [ -100.36189, 20.58213 ], [ -100.3618, 20.58084 ], [ -100.36168, 20.57957 ], [ -100.36149, 20.57873 ], [ -100.36137, 20.5777 ], [ -100.36103, 20.57613 ], [ -100.36069, 20.57466 ], [ -100.3604, 20.57384 ], [ -100.35998, 20.5729 ], [ -100.359, 20.57059 ], [ -100.35884, 20.57047 ], [ -100.35871, 20.5705 ], [ -100.35862, 20.57071 ], [ -100.35928, 20.57224 ], [ -100.36007, 20.57416 ], [ -100.36032, 20.5748 ], [ -100.36075, 20.57667 ], [ -100.36129, 20.57857 ], [ -100.36139, 20.57904 ], [ -100.36127, 20.57953 ], [ -100.36085, 20.58029 ], [ -100.36048, 20.58059 ], [ -100.36023, 20.58066 ], [ -100.3601, 20.58063 ], [ -100.35991, 20.58048 ], [ -100.35976, 20.57999 ], [ -100.35951, 20.57887 ], [ -100.35937, 20.57877 ], [ -100.35924, 20.57878 ], [ -100.35908, 20.57892 ], [ -100.35937, 20.5802 ] ] } },
{ "type": "Feature", "properties": { "city": "Querétaro", "route_name": "7_L-7 Terminal de Autobuses - Eduardo Loarca", "route_name_short": "L-7 Terminal de Autobuses - Eduardo Loarca", "type": "Subway", "shape_id": "shape_2427" }, "geometry": { "type": "LineString", "coordinates": [ [ -100.35955, 20.58039 ], [ -100.35968, 20.58047 ], [ -100.36, 20.58068 ], [ -100.36021, 20.58075 ], [ -100.36035, 20.58072 ], [ -100.3605, 20.58068 ], [ -100.36066, 20.58059 ], [ -100.36111, 20.5802 ], [ -100.36155, 20.57998 ], [ -100.3617, 20.57995 ], [ -100.36185, 20.57996 ], [ -100.3621, 20.58007 ], [ -100.36318, 20.58056 ], [ -100.36339, 20.58063 ], [ -100.36364, 20.58063 ], [ -100.36385, 20.58056 ], [ -100.36511, 20.58034 ], [ -100.36694, 20.58 ], [ -100.36799, 20.57955 ], [ -100.36857, 20.5793 ], [ -100.37114, 20.57825 ], [ -100.37183, 20.57807 ], [ -100.37378, 20.57771 ], [ -100.3788, 20.57673 ], [ -100.38263, 20.57601 ], [ -100.38243, 20.57661 ], [ -100.38221, 20.57728 ], [ -100.38219, 20.57756 ], [ -100.38243, 20.57825 ], [ -100.38265, 20.57883 ], [ -100.38368, 20.58153 ], [ -100.3847, 20.58422 ], [ -100.38526, 20.58568 ], [ -100.38581, 20.58716 ], [ -100.38629, 20.5884 ], [ -100.38641, 20.58835 ], [ -100.38596, 20.58709 ], [ -100.38896, 20.58599 ], [ -100.39124, 20.58519 ], [ -100.39392, 20.58419 ], [ -100.39514, 20.58723 ], [ -100.4022, 20.5848 ], [ -100.40329, 20.5843 ], [ -100.40373, 20.58421 ], [ -100.4042, 20.58427 ], [ -100.40462, 20.58433 ], [ -100.4049, 20.58426 ], [ -100.40513, 20.58417 ], [ -100.40535, 20.58404 ], [ -100.40568, 20.58364 ], [ -100.40687, 20.58203 ], [ -100.4071, 20.58196 ], [ -100.41042, 20.58503 ], [ -100.41167, 20.58616 ], [ -100.41188, 20.58641 ], [ -100.41221, 20.58684 ], [ -100.41253, 20.58737 ], [ -100.41268, 20.58772 ], [ -100.414, 20.59231 ], [ -100.41484, 20.59533 ], [ -100.4154, 20.59728 ], [ -100.41598, 20.59928 ], [ -100.41742, 20.60439 ], [ -100.41832, 20.60756 ], [ -100.41919, 20.61069 ], [ -100.42097, 20.61693 ], [ -100.42204, 20.62075 ], [ -100.4224, 20.62199 ], [ -100.42259, 20.6225 ], [ -100.42251, 20.62272 ], [ -100.42238, 20.62288 ], [ -100.42223, 20.62294 ], [ -100.42207, 20.62292 ], [ -100.42192, 20.62287 ], [ -100.42182, 20.62279 ], [ -100.42175, 20.62269 ], [ -100.42172, 20.62256 ], [ -100.42172, 20.62243 ], [ -100.4218, 20.62229 ], [ -100.42191, 20.6222 ], [ -100.42204, 20.62215 ], [ -100.42216, 20.62211 ], [ -100.42358, 20.62232 ], [ -100.42372, 20.62243 ], [ -100.42382, 20.62256 ], [ -100.42383, 20.62271 ], [ -100.42377, 20.62285 ], [ -100.42365, 20.62294 ], [ -100.42351, 20.62299 ], [ -100.42331, 20.62297 ], [ -100.42317, 20.62286 ], [ -100.42302, 20.62266 ], [ -100.42274, 20.62211 ], [ -100.42265, 20.6219 ], [ -100.42235, 20.62082 ], [ -100.42223, 20.62035 ], [ -100.42218, 20.61988 ], [ -100.42201, 20.61922 ], [ -100.42203, 20.61916 ], [ -100.42209, 20.61909 ], [ -100.42213, 20.619 ], [ -100.42292, 20.61879 ], [ -100.42433, 20.61852 ], [ -100.42521, 20.61835 ], [ -100.42599, 20.61818 ], [ -100.42851, 20.61765 ], [ -100.42884, 20.61761 ], [ -100.42914, 20.61763 ], [ -100.43006, 20.61749 ], [ -100.43287, 20.61699 ], [ -100.43477, 20.61665 ], [ -100.43541, 20.61827 ], [ -100.43572, 20.61911 ], [ -100.43606, 20.61882 ], [ -100.43642, 20.6186 ], [ -100.43712, 20.61825 ], [ -100.43746, 20.6185 ], [ -100.43986, 20.62064 ], [ -100.44052, 20.62138 ], [ -100.44105, 20.62216 ], [ -100.4414, 20.62285 ], [ -100.44161, 20.6235 ], [ -100.44226, 20.62625 ], [ -100.44252, 20.62745 ], [ -100.44263, 20.62817 ], [ -100.44255, 20.62859 ], [ -100.44228, 20.62991 ], [ -100.44218, 20.63038 ], [ -100.44224, 20.6308 ], [ -100.44258, 20.63179 ], [ -100.44287, 20.63173 ], [ -100.44296, 20.63194 ], [ -100.44336, 20.63315 ], [ -100.44359, 20.63398 ], [ -100.44356, 20.63481 ], [ -100.44379, 20.63508 ], [ -100.44402, 20.63528 ], [ -100.44433, 20.63551 ], [ -100.44464, 20.63563 ], [ -100.44494, 20.63569 ], [ -100.44524, 20.63568 ], [ -100.44545, 20.6356 ], [ -100.44798, 20.63469 ], [ -100.44932, 20.63813 ], [ -100.4502, 20.64033 ], [ -100.45112, 20.64258 ], [ -100.45152, 20.64373 ], [ -100.45186, 20.64464 ], [ -100.45189, 20.64499 ], [ -100.45192, 20.64592 ], [ -100.45195, 20.64614 ], [ -100.45267, 20.64613 ], [ -100.45411, 20.64607 ], [ -100.45464, 20.64641 ], [ -100.45673, 20.64781 ], [ -100.45772, 20.6484 ], [ -100.45816, 20.6479 ], [ -100.45883, 20.64699 ], [ -100.45904, 20.64668 ], [ -100.45909, 20.64651 ], [ -100.45902, 20.64624 ], [ -100.45904, 20.64575 ], [ -100.45904, 20.64534 ], [ -100.45892, 20.64487 ], [ -100.45895, 20.64458 ], [ -100.4592, 20.644 ], [ -100.45972, 20.64407 ], [ -100.46037, 20.64417 ], [ -100.46064, 20.64446 ], [ -100.46121, 20.64508 ], [ -100.4617, 20.64571 ], [ -100.46181, 20.64592 ], [ -100.46196, 20.64612 ], [ -100.46231, 20.64623 ], [ -100.46373, 20.64687 ], [ -100.46516, 20.64758 ], [ -100.4666, 20.64825 ], [ -100.46852, 20.64905 ], [ -100.46909, 20.64926 ], [ -100.46933, 20.6494 ], [ -100.46977, 20.6497 ], [ -100.47025, 20.65032 ], [ -100.47073, 20.6508 ], [ -100.4715, 20.65147 ], [ -100.47185, 20.65186 ], [ -100.47224, 20.65264 ], [ -100.47244, 20.65279 ], [ -100.47346, 20.65354 ], [ -100.47393, 20.65388 ], [ -100.47414, 20.65417 ], [ -100.47429, 20.65447 ], [ -100.47371, 20.65535 ], [ -100.47286, 20.65651 ], [ -100.47202, 20.65769 ], [ -100.47082, 20.65448 ], [ -100.46945, 20.65519 ], [ -100.46817, 20.6559 ], [ -100.46785, 20.65607 ], [ -100.46709, 20.65689 ], [ -100.46571, 20.65844 ], [ -100.46473, 20.65806 ], [ -100.46445, 20.65739 ], [ -100.46407, 20.65634 ], [ -100.46544, 20.65592 ], [ -100.46673, 20.65552 ], [ -100.46703, 20.65531 ], [ -100.46801, 20.65603 ], [ -100.46842, 20.65585 ], [ -100.46997, 20.655 ], [ -100.47079, 20.65462 ], [ -100.47108, 20.65536 ], [ -100.47173, 20.6572 ], [ -100.472, 20.65791 ], [ -100.47306, 20.65649 ], [ -100.47352, 20.65579 ], [ -100.4742, 20.65486 ], [ -100.47439, 20.65471 ], [ -100.47455, 20.65458 ], [ -100.47445, 20.6543 ], [ -100.47423, 20.65391 ], [ -100.47399, 20.65361 ], [ -100.47335, 20.65315 ], [ -100.47257, 20.6526 ], [ -100.47194, 20.6519 ], [ -100.47179, 20.65156 ], [ -100.47148, 20.6512 ], [ -100.47046, 20.6503 ], [ -100.47012, 20.65003 ], [ -100.46973, 20.64959 ], [ -100.46926, 20.64927 ], [ -100.46874, 20.64906 ], [ -100.46693, 20.64834 ], [ -100.46579, 20.6478 ], [ -100.46391, 20.64688 ], [ -100.46266, 20.64633 ], [ -100.46205, 20.64609 ], [ -100.46189, 20.64595 ], [ -100.46131, 20.64509 ], [ -100.46029, 20.64396 ], [ -100.46013, 20.64393 ], [ -100.45918, 20.64379 ], [ -100.45892, 20.64447 ], [ -100.45882, 20.6448 ], [ -100.45897, 20.6454 ], [ -100.45898, 20.6457 ], [ -100.45894, 20.646 ], [ -100.45891, 20.64635 ], [ -100.45897, 20.64658 ], [ -100.45837, 20.64747 ], [ -100.45774, 20.64827 ], [ -100.45514, 20.64661 ], [ -100.45422, 20.64602 ], [ -100.45353, 20.64605 ], [ -100.45204, 20.64609 ], [ -100.452, 20.64477 ], [ -100.45195, 20.64459 ], [ -100.45119, 20.64247 ], [ -100.45018, 20.64 ], [ -100.44947, 20.63814 ], [ -100.44802, 20.63454 ], [ -100.44556, 20.63542 ], [ -100.4453, 20.63555 ], [ -100.44515, 20.63561 ], [ -100.44491, 20.63562 ], [ -100.4446, 20.63555 ], [ -100.44436, 20.63549 ], [ -100.44404, 20.63525 ], [ -100.44384, 20.63507 ], [ -100.44362, 20.63474 ], [ -100.44364, 20.63406 ], [ -100.44361, 20.63383 ], [ -100.44342, 20.63316 ], [ -100.44296, 20.63182 ], [ -100.44282, 20.63143 ], [ -100.44256, 20.63052 ], [ -100.44254, 20.63013 ], [ -100.44283, 20.62909 ], [ -100.44298, 20.62853 ], [ -100.4429, 20.62814 ], [ -100.44251, 20.62615 ], [ -100.44201, 20.62389 ], [ -100.44185, 20.6234 ], [ -100.44177, 20.62292 ], [ -100.44172, 20.62267 ], [ -100.44154, 20.6223 ], [ -100.44134, 20.62197 ], [ -100.44095, 20.62143 ], [ -100.44026, 20.62064 ], [ -100.43938, 20.61981 ], [ -100.43771, 20.6182 ], [ -100.43737, 20.61785 ], [ -100.43706, 20.61746 ], [ -100.43696, 20.61724 ], [ -100.43685, 20.6169 ], [ -100.43674, 20.6162 ], [ -100.4333, 20.61679 ], [ -100.42937, 20.61747 ], [ -100.42907, 20.6175 ], [ -100.42866, 20.61753 ], [ -100.42606, 20.61809 ], [ -100.42229, 20.61886 ], [ -100.42199, 20.6187 ], [ -100.42182, 20.61855 ], [ -100.42149, 20.61735 ], [ -100.4208, 20.61496 ], [ -100.41964, 20.61074 ], [ -100.4187, 20.60753 ], [ -100.41781, 20.60436 ], [ -100.41761, 20.60365 ], [ -100.41687, 20.60103 ], [ -100.41597, 20.59786 ], [ -100.41561, 20.59659 ], [ -100.41504, 20.59454 ], [ -100.41432, 20.59214 ], [ -100.41314, 20.58786 ], [ -100.41287, 20.58723 ], [ -100.4125, 20.58663 ], [ -100.41103, 20.58506 ], [ -100.40723, 20.58156 ], [ -100.40686, 20.58174 ], [ -100.40656, 20.58206 ], [ -100.40551, 20.58349 ], [ -100.40531, 20.5838 ], [ -100.40513, 20.58398 ], [ -100.40461, 20.58415 ], [ -100.40425, 20.58405 ], [ -100.40392, 20.58402 ], [ -100.40357, 20.58399 ], [ -100.4032, 20.58411 ], [ -100.40244, 20.58455 ], [ -100.40216, 20.58466 ], [ -100.39974, 20.58551 ], [ -100.39654, 20.5866 ], [ -100.39565, 20.58339 ], [ -100.39573, 20.58334 ], [ -100.39566, 20.58314 ], [ -100.39492, 20.5836 ], [ -100.39408, 20.58396 ], [ -100.39164, 20.58481 ], [ -100.38906, 20.58575 ], [ -100.3859, 20.58691 ], [ -100.38507, 20.58491 ], [ -100.38437, 20.58295 ], [ -100.38365, 20.58106 ], [ -100.38291, 20.57921 ], [ -100.38257, 20.5783 ], [ -100.38232, 20.57763 ], [ -100.38228, 20.57742 ], [ -100.38236, 20.57707 ], [ -100.38257, 20.57644 ], [ -100.38277, 20.57598 ], [ -100.38364, 20.57583 ], [ -100.38364, 20.57565 ], [ -100.38253, 20.57586 ], [ -100.37795, 20.57674 ], [ -100.37429, 20.57743 ], [ -100.37124, 20.578 ], [ -100.37018, 20.57843 ], [ -100.36967, 20.57863 ], [ -100.36751, 20.57956 ], [ -100.36691, 20.57978 ], [ -100.36552, 20.58007 ], [ -100.36361, 20.58047 ], [ -100.36337, 20.58049 ], [ -100.36315, 20.58047 ], [ -100.36241, 20.58012 ], [ -100.36219, 20.57998 ], [ -100.36201, 20.5799 ], [ -100.36179, 20.57983 ], [ -100.36163, 20.57986 ], [ -100.36147, 20.57993 ], [ -100.36099, 20.58018 ], [ -100.36052, 20.58057 ], [ -100.36035, 20.58061 ], [ -100.36022, 20.5806 ], [ -100.36003, 20.58058 ], [ -100.3599, 20.58043 ], [ -100.35975, 20.57991 ], [ -100.3595, 20.57882 ], [ -100.35939, 20.57877 ], [ -100.35926, 20.5788 ], [ -100.35913, 20.5789 ], [ -100.35914, 20.5791 ], [ -100.35928, 20.57983 ], [ -100.35938, 20.58018 ], [ -100.35953, 20.58039 ] ] } },
{ "type": "Feature", "properties": { "city": "Querétaro", "route_name": "5_Hércules - Fracc. Santuarios", "route_name_short": "Hércules - Fracc. Santuarios", "type": "Bus", "shape_id": "shape_2477" }, "geometry": { "type": "LineString", "coordinates": [ [ -100.44952, 20.5525 ], [ -100.44997, 20.55259 ], [ -100.44999, 20.55279 ], [ -100.45007, 20.55309 ], [ -100.45012, 20.55306 ], [ -100.45005, 20.55284 ], [ -100.45006, 20.55256 ], [ -100.44964, 20.55246 ], [ -100.44818, 20.55218 ], [ -100.44778, 20.55208 ], [ -100.44718, 20.55155 ], [ -100.44568, 20.55027 ], [ -100.4455, 20.55008 ], [ -100.44531, 20.55 ], [ -100.44509, 20.54994 ], [ -100.44367, 20.54976 ], [ -100.44134, 20.54943 ], [ -100.44038, 20.54933 ], [ -100.43999, 20.54931 ], [ -100.43998, 20.54813 ], [ -100.43998, 20.54715 ], [ -100.43995, 20.54609 ], [ -100.43992, 20.5442 ], [ -100.43991, 20.54311 ], [ -100.43988, 20.54239 ], [ -100.43795, 20.54256 ], [ -100.43663, 20.54272 ], [ -100.43624, 20.54285 ], [ -100.43473, 20.54363 ], [ -100.43426, 20.54393 ], [ -100.43361, 20.54464 ], [ -100.43317, 20.54529 ], [ -100.43283, 20.54569 ], [ -100.43214, 20.54639 ], [ -100.43086, 20.54752 ], [ -100.42988, 20.5484 ], [ -100.42887, 20.54924 ], [ -100.42836, 20.54908 ], [ -100.42777, 20.54884 ], [ -100.42718, 20.54885 ], [ -100.4266, 20.54891 ], [ -100.42629, 20.54883 ], [ -100.42569, 20.54847 ], [ -100.4252, 20.54811 ], [ -100.4251, 20.54794 ], [ -100.42511, 20.54774 ], [ -100.4252, 20.54752 ], [ -100.42537, 20.54742 ], [ -100.42561, 20.5474 ], [ -100.42582, 20.54748 ], [ -100.4259, 20.54758 ], [ -100.42598, 20.54772 ], [ -100.42597, 20.54794 ], [ -100.42593, 20.54813 ], [ -100.42539, 20.54883 ], [ -100.42421, 20.55026 ], [ -100.42284, 20.55186 ], [ -100.42103, 20.55409 ], [ -100.42, 20.55536 ], [ -100.41884, 20.55676 ], [ -100.41709, 20.55892 ], [ -100.41591, 20.56033 ], [ -100.41532, 20.56094 ], [ -100.414, 20.56254 ], [ -100.41422, 20.56279 ], [ -100.4144, 20.563 ], [ -100.41456, 20.56337 ], [ -100.41465, 20.56378 ], [ -100.4147, 20.5647 ], [ -100.41481, 20.56688 ], [ -100.41227, 20.56812 ], [ -100.41125, 20.56867 ], [ -100.41161, 20.56898 ], [ -100.41322, 20.57014 ], [ -100.41513, 20.57149 ], [ -100.4152, 20.57225 ], [ -100.41531, 20.57431 ], [ -100.41537, 20.57467 ], [ -100.41561, 20.57504 ], [ -100.41592, 20.57535 ], [ -100.41605, 20.5756 ], [ -100.4161, 20.57607 ], [ -100.41611, 20.57791 ], [ -100.41608, 20.57824 ], [ -100.41592, 20.57859 ], [ -100.41566, 20.57896 ], [ -100.41532, 20.57921 ], [ -100.41481, 20.57939 ], [ -100.41325, 20.5798 ], [ -100.41069, 20.58034 ], [ -100.40929, 20.58065 ], [ -100.4087, 20.58082 ], [ -100.40721, 20.58155 ], [ -100.40676, 20.58182 ], [ -100.40606, 20.58275 ], [ -100.40552, 20.58352 ], [ -100.40524, 20.58386 ], [ -100.40488, 20.58407 ], [ -100.40457, 20.5841 ], [ -100.40427, 20.58408 ], [ -100.40394, 20.584 ], [ -100.40361, 20.58401 ], [ -100.40316, 20.58409 ], [ -100.40255, 20.58445 ], [ -100.40208, 20.5847 ], [ -100.40126, 20.58497 ], [ -100.39888, 20.58582 ], [ -100.39645, 20.58663 ], [ -100.39404, 20.58741 ], [ -100.3912, 20.58837 ], [ -100.38831, 20.5894 ], [ -100.38608, 20.59019 ], [ -100.38356, 20.59108 ], [ -100.38299, 20.59123 ], [ -100.38274, 20.59123 ], [ -100.3826, 20.59115 ], [ -100.38246, 20.5911 ], [ -100.38226, 20.59115 ], [ -100.38212, 20.59129 ], [ -100.38183, 20.59132 ], [ -100.38106, 20.59139 ], [ -100.38007, 20.59145 ], [ -100.37973, 20.59153 ], [ -100.37914, 20.59168 ], [ -100.37879, 20.59189 ], [ -100.37708, 20.59314 ], [ -100.3749, 20.59474 ], [ -100.37245, 20.59651 ], [ -100.37018, 20.59815 ], [ -100.3702, 20.59822 ], [ -100.37013, 20.59844 ], [ -100.37008, 20.59859 ], [ -100.37, 20.59917 ], [ -100.36995, 20.59947 ], [ -100.36987, 20.59966 ], [ -100.36963, 20.60001 ], [ -100.3693, 20.60033 ], [ -100.36895, 20.60057 ], [ -100.36756, 20.60133 ], [ -100.36705, 20.60162 ], [ -100.36669, 20.60174 ], [ -100.36638, 20.60178 ], [ -100.36578, 20.60174 ], [ -100.36474, 20.60165 ], [ -100.36423, 20.60158 ], [ -100.36377, 20.60149 ], [ -100.36354, 20.6014 ], [ -100.36307, 20.60118 ], [ -100.36271, 20.60101 ], [ -100.36241, 20.60091 ], [ -100.36212, 20.60087 ], [ -100.36178, 20.60083 ], [ -100.36138, 20.60077 ], [ -100.36086, 20.60064 ], [ -100.36029, 20.60041 ], [ -100.35792, 20.59954 ], [ -100.35773, 20.59941 ], [ -100.35757, 20.59919 ], [ -100.35737, 20.59908 ], [ -100.35707, 20.59898 ], [ -100.35671, 20.59879 ], [ -100.35656, 20.59873 ], [ -100.35631, 20.5987 ], [ -100.35597, 20.59866 ], [ -100.35567, 20.59871 ], [ -100.35544, 20.59885 ], [ -100.35512, 20.59898 ], [ -100.35452, 20.59924 ], [ -100.35379, 20.59959 ], [ -100.35338, 20.59982 ], [ -100.35299, 20.59994 ], [ -100.35255, 20.60007 ], [ -100.35222, 20.60015 ], [ -100.35183, 20.60031 ], [ -100.3506, 20.601 ], [ -100.3502, 20.6012 ], [ -100.34982, 20.60135 ], [ -100.34909, 20.60163 ], [ -100.34838, 20.6019 ], [ -100.34787, 20.60205 ], [ -100.34746, 20.60223 ], [ -100.34711, 20.60236 ], [ -100.34714, 20.6024 ], [ -100.3476, 20.60223 ], [ -100.3485, 20.60189 ], [ -100.34936, 20.6016 ], [ -100.35031, 20.6012 ], [ -100.35092, 20.60086 ], [ -100.35181, 20.60039 ], [ -100.35236, 20.60016 ], [ -100.35274, 20.60005 ], [ -100.35341, 20.59987 ], [ -100.35372, 20.59969 ], [ -100.35474, 20.59917 ], [ -100.35541, 20.59894 ], [ -100.35562, 20.5988 ], [ -100.35585, 20.59874 ], [ -100.3562, 20.59874 ], [ -100.3565, 20.59877 ], [ -100.35674, 20.59886 ], [ -100.35734, 20.59914 ], [ -100.35753, 20.59924 ], [ -100.35765, 20.59941 ], [ -100.3578, 20.59953 ], [ -100.35826, 20.59971 ], [ -100.36017, 20.60041 ], [ -100.36099, 20.60072 ], [ -100.36156, 20.60086 ], [ -100.36222, 20.60092 ], [ -100.36262, 20.60102 ], [ -100.36337, 20.60138 ], [ -100.36387, 20.60155 ], [ -100.36465, 20.6017 ], [ -100.36557, 20.60177 ], [ -100.36624, 20.60183 ], [ -100.36668, 20.6018 ], [ -100.36697, 20.60171 ], [ -100.36778, 20.60128 ], [ -100.36919, 20.60047 ], [ -100.36958, 20.60016 ], [ -100.36981, 20.5999 ], [ -100.36995, 20.59963 ], [ -100.37005, 20.59928 ], [ -100.37006, 20.59897 ], [ -100.37012, 20.5987 ], [ -100.3702, 20.5984 ], [ -100.37031, 20.59828 ], [ -100.37171, 20.59724 ], [ -100.37368, 20.59581 ], [ -100.37589, 20.59419 ], [ -100.37797, 20.5927 ], [ -100.37881, 20.59204 ], [ -100.37916, 20.59189 ], [ -100.37972, 20.59163 ], [ -100.38026, 20.59157 ], [ -100.38216, 20.59144 ], [ -100.38231, 20.59152 ], [ -100.38252, 20.59154 ], [ -100.3827, 20.59142 ], [ -100.38284, 20.59134 ], [ -100.38354, 20.59124 ], [ -100.38459, 20.59086 ], [ -100.3864, 20.59022 ], [ -100.38884, 20.58934 ], [ -100.3941, 20.58757 ], [ -100.39731, 20.58652 ], [ -100.40105, 20.58521 ], [ -100.40187, 20.58494 ], [ -100.40246, 20.58471 ], [ -100.40287, 20.5845 ], [ -100.40338, 20.58426 ], [ -100.40368, 20.58421 ], [ -100.40422, 20.58426 ], [ -100.40449, 20.58431 ], [ -100.40495, 20.58424 ], [ -100.40534, 20.58405 ], [ -100.4056, 20.58379 ], [ -100.406, 20.58323 ], [ -100.40674, 20.58222 ], [ -100.40701, 20.58192 ], [ -100.40759, 20.58163 ], [ -100.40876, 20.58103 ], [ -100.41003, 20.58071 ], [ -100.41323, 20.57993 ], [ -100.41509, 20.5795 ], [ -100.41555, 20.5793 ], [ -100.41582, 20.57905 ], [ -100.41596, 20.57878 ], [ -100.41612, 20.57855 ], [ -100.41622, 20.57821 ], [ -100.41624, 20.57767 ], [ -100.41619, 20.57664 ], [ -100.41621, 20.57583 ], [ -100.41611, 20.57546 ], [ -100.41591, 20.57514 ], [ -100.41567, 20.5749 ], [ -100.4155, 20.57459 ], [ -100.41542, 20.57429 ], [ -100.4154, 20.57363 ], [ -100.41387, 20.5743 ], [ -100.41273, 20.57482 ], [ -100.41178, 20.573 ], [ -100.41151, 20.57241 ], [ -100.41301, 20.5716 ], [ -100.41431, 20.57086 ], [ -100.41291, 20.56988 ], [ -100.41147, 20.56883 ], [ -100.41138, 20.56871 ], [ -100.41344, 20.5677 ], [ -100.41496, 20.56692 ], [ -100.41487, 20.56566 ], [ -100.41477, 20.56415 ], [ -100.41472, 20.56352 ], [ -100.41463, 20.56321 ], [ -100.41449, 20.56292 ], [ -100.4143, 20.56262 ], [ -100.4148, 20.56196 ], [ -100.4161, 20.56046 ], [ -100.41628, 20.56018 ], [ -100.41643, 20.55998 ], [ -100.41735, 20.55883 ], [ -100.41894, 20.55691 ], [ -100.42055, 20.55493 ], [ -100.42111, 20.55425 ], [ -100.4218, 20.55336 ], [ -100.42324, 20.55161 ], [ -100.42488, 20.54971 ], [ -100.42626, 20.54797 ], [ -100.42811, 20.54572 ], [ -100.4292, 20.5444 ], [ -100.43012, 20.54331 ], [ -100.43065, 20.54264 ], [ -100.43085, 20.5425 ], [ -100.43184, 20.54128 ], [ -100.43206, 20.54118 ], [ -100.43276, 20.54106 ], [ -100.4354, 20.54074 ], [ -100.43954, 20.54026 ], [ -100.43972, 20.54116 ], [ -100.43979, 20.54175 ], [ -100.43983, 20.5425 ], [ -100.43989, 20.54432 ], [ -100.43991, 20.54634 ], [ -100.43995, 20.54853 ], [ -100.43994, 20.54937 ], [ -100.44053, 20.54938 ], [ -100.44141, 20.54948 ], [ -100.44394, 20.54983 ], [ -100.44501, 20.54996 ], [ -100.44525, 20.55002 ], [ -100.44545, 20.55014 ], [ -100.44563, 20.5503 ], [ -100.44654, 20.55111 ], [ -100.44772, 20.55213 ], [ -100.44863, 20.5523 ], [ -100.4495, 20.55249 ] ] } },
{ "type": "Feature", "properties": { "city": "Querétaro", "route_name": "10_Boulevares del Cimatario - Fracc. de los Juncos", "route_name_short": "Boulevares del Cimatario - Fracc. de los Juncos", "type": "Bus", "shape_id": "shape_2473" }, "geometry": { "type": "LineString", "coordinates": [ [ -100.39138, 20.54696 ], [ -100.39122, 20.54667 ], [ -100.39113, 20.54671 ], [ -100.39176, 20.54783 ], [ -100.39178, 20.54796 ], [ -100.39181, 20.54807 ], [ -100.3919, 20.54812 ], [ -100.39236, 20.54897 ], [ -100.39325, 20.55067 ], [ -100.39448, 20.55303 ], [ -100.39517, 20.55438 ], [ -100.39657, 20.55705 ], [ -100.3974, 20.55874 ], [ -100.39546, 20.55869 ], [ -100.39434, 20.55865 ], [ -100.39297, 20.55863 ], [ -100.39279, 20.55871 ], [ -100.39262, 20.55882 ], [ -100.39145, 20.55921 ], [ -100.38925, 20.55992 ], [ -100.38968, 20.56099 ], [ -100.38916, 20.56119 ], [ -100.3896, 20.5624 ], [ -100.39056, 20.56486 ], [ -100.3919, 20.56842 ], [ -100.39389, 20.57366 ], [ -100.39438, 20.57513 ], [ -100.39273, 20.57549 ], [ -100.38953, 20.57617 ], [ -100.38858, 20.57633 ], [ -100.38688, 20.57667 ], [ -100.38641, 20.57663 ], [ -100.38573, 20.57659 ], [ -100.38544, 20.5766 ], [ -100.38516, 20.57665 ], [ -100.38553, 20.57773 ], [ -100.3861, 20.57763 ], [ -100.38664, 20.5774 ], [ -100.38706, 20.57714 ], [ -100.38751, 20.57699 ], [ -100.38961, 20.57659 ], [ -100.39239, 20.57604 ], [ -100.39485, 20.57553 ], [ -100.39642, 20.57525 ], [ -100.39674, 20.57641 ], [ -100.39707, 20.57778 ], [ -100.39764, 20.57989 ], [ -100.39808, 20.58157 ], [ -100.39718, 20.58224 ], [ -100.39648, 20.58268 ], [ -100.3951, 20.5835 ], [ -100.3941, 20.58394 ], [ -100.39204, 20.58471 ], [ -100.39063, 20.58519 ], [ -100.38875, 20.58588 ], [ -100.38928, 20.58721 ], [ -100.38978, 20.58853 ], [ -100.38994, 20.58897 ], [ -100.39281, 20.58799 ], [ -100.39543, 20.58715 ], [ -100.39658, 20.58677 ], [ -100.39962, 20.58574 ], [ -100.4019, 20.58494 ], [ -100.40208, 20.58502 ], [ -100.4023, 20.58513 ], [ -100.40237, 20.5852 ], [ -100.40292, 20.58633 ], [ -100.40384, 20.58833 ], [ -100.40487, 20.59052 ], [ -100.40693, 20.58974 ], [ -100.40784, 20.58947 ], [ -100.40861, 20.58935 ], [ -100.40934, 20.58925 ], [ -100.40981, 20.58929 ], [ -100.41032, 20.58932 ], [ -100.41188, 20.5895 ], [ -100.41271, 20.58962 ], [ -100.41327, 20.58981 ], [ -100.41363, 20.59107 ], [ -100.41485, 20.59533 ], [ -100.41589, 20.59894 ], [ -100.41713, 20.60331 ], [ -100.41839, 20.6078 ], [ -100.41952, 20.61167 ], [ -100.42049, 20.61522 ], [ -100.42166, 20.61932 ], [ -100.42259, 20.62251 ], [ -100.42253, 20.62269 ], [ -100.42238, 20.62288 ], [ -100.42221, 20.62293 ], [ -100.42196, 20.62291 ], [ -100.42179, 20.62278 ], [ -100.42172, 20.62256 ], [ -100.42176, 20.62237 ], [ -100.42193, 20.62219 ], [ -100.42218, 20.62211 ], [ -100.42238, 20.62216 ], [ -100.42362, 20.62235 ], [ -100.42374, 20.62244 ], [ -100.42382, 20.62262 ], [ -100.42379, 20.62281 ], [ -100.42362, 20.62296 ], [ -100.42343, 20.62299 ], [ -100.42328, 20.62294 ], [ -100.42308, 20.62274 ], [ -100.42291, 20.62253 ], [ -100.42257, 20.62161 ], [ -100.42232, 20.62073 ], [ -100.42222, 20.62029 ], [ -100.42224, 20.62008 ], [ -100.42198, 20.61919 ], [ -100.4221, 20.61902 ], [ -100.42292, 20.61883 ], [ -100.42538, 20.61828 ], [ -100.42701, 20.61795 ], [ -100.42876, 20.6176 ], [ -100.42903, 20.61761 ], [ -100.42944, 20.6176 ], [ -100.4333, 20.61692 ], [ -100.4348, 20.61667 ], [ -100.43537, 20.61823 ], [ -100.43649, 20.62128 ], [ -100.43754, 20.62417 ], [ -100.43843, 20.62656 ], [ -100.43932, 20.62896 ], [ -100.44034, 20.63149 ], [ -100.44082, 20.63267 ], [ -100.4425, 20.63189 ], [ -100.44285, 20.63176 ], [ -100.44293, 20.63185 ], [ -100.44303, 20.63218 ], [ -100.44336, 20.63313 ], [ -100.4435, 20.63354 ], [ -100.44357, 20.63394 ], [ -100.4436, 20.63433 ], [ -100.44358, 20.63487 ], [ -100.4437, 20.63497 ], [ -100.44402, 20.63534 ], [ -100.44432, 20.63553 ], [ -100.44437, 20.63556 ], [ -100.44466, 20.63561 ], [ -100.44511, 20.63564 ], [ -100.4454, 20.6356 ], [ -100.44585, 20.63544 ], [ -100.44741, 20.6349 ], [ -100.448, 20.63471 ], [ -100.44858, 20.63621 ], [ -100.44922, 20.63787 ], [ -100.4493, 20.63805 ], [ -100.44945, 20.63838 ], [ -100.45065, 20.64144 ], [ -100.45077, 20.64173 ], [ -100.45026, 20.6418 ], [ -100.45005, 20.64184 ], [ -100.45012, 20.64299 ], [ -100.45031, 20.646 ], [ -100.45045, 20.64874 ], [ -100.45065, 20.65226 ], [ -100.45075, 20.65408 ], [ -100.45228, 20.654 ], [ -100.45403, 20.65398 ], [ -100.45543, 20.65381 ], [ -100.45673, 20.65361 ], [ -100.45806, 20.65342 ], [ -100.45843, 20.65371 ], [ -100.45905, 20.65366 ], [ -100.46136, 20.65528 ], [ -100.46148, 20.65534 ], [ -100.46217, 20.65445 ], [ -100.46258, 20.65392 ], [ -100.46275, 20.65375 ], [ -100.463, 20.65357 ], [ -100.46354, 20.65326 ], [ -100.46397, 20.65296 ], [ -100.46409, 20.65287 ], [ -100.46561, 20.65416 ], [ -100.46706, 20.65531 ], [ -100.46802, 20.65603 ], [ -100.46825, 20.65595 ], [ -100.46964, 20.65519 ], [ -100.47079, 20.65463 ], [ -100.47138, 20.65616 ], [ -100.47201, 20.65789 ], [ -100.47241, 20.65911 ], [ -100.47355, 20.65983 ], [ -100.47392, 20.66009 ], [ -100.4751, 20.65842 ], [ -100.47588, 20.65739 ], [ -100.47606, 20.65731 ], [ -100.4763, 20.65759 ], [ -100.4765, 20.65778 ], [ -100.4767, 20.65799 ], [ -100.47679, 20.65825 ], [ -100.47676, 20.65848 ], [ -100.47679, 20.65871 ], [ -100.47693, 20.65889 ], [ -100.47711, 20.65898 ], [ -100.47759, 20.65903 ], [ -100.47822, 20.65912 ], [ -100.47848, 20.65921 ], [ -100.47863, 20.65944 ], [ -100.4786, 20.65966 ], [ -100.47848, 20.66042 ], [ -100.4785, 20.66068 ], [ -100.47863, 20.66104 ], [ -100.47919, 20.66216 ], [ -100.47935, 20.66242 ], [ -100.47955, 20.66268 ], [ -100.48038, 20.66401 ], [ -100.48092, 20.66479 ], [ -100.4818, 20.66586 ], [ -100.48224, 20.66631 ], [ -100.48254, 20.66669 ], [ -100.48296, 20.66731 ], [ -100.48323, 20.66783 ], [ -100.48352, 20.66865 ], [ -100.48398, 20.6698 ], [ -100.48419, 20.67016 ], [ -100.48439, 20.67051 ], [ -100.4846, 20.67094 ], [ -100.48474, 20.67147 ], [ -100.48489, 20.67215 ], [ -100.48414, 20.67247 ], [ -100.48366, 20.67275 ], [ -100.48382, 20.67309 ], [ -100.48504, 20.67265 ], [ -100.48491, 20.67198 ], [ -100.48475, 20.67133 ], [ -100.48467, 20.67103 ], [ -100.48451, 20.67064 ], [ -100.48427, 20.67021 ], [ -100.48397, 20.66971 ], [ -100.48384, 20.66931 ], [ -100.48361, 20.66881 ], [ -100.48343, 20.66833 ], [ -100.48328, 20.66788 ], [ -100.48316, 20.66757 ], [ -100.48281, 20.66703 ], [ -100.48251, 20.66657 ], [ -100.48217, 20.6662 ], [ -100.48168, 20.66569 ], [ -100.48123, 20.66512 ], [ -100.48079, 20.66455 ], [ -100.48027, 20.66376 ], [ -100.4798, 20.66303 ], [ -100.47951, 20.66258 ], [ -100.47933, 20.66231 ], [ -100.47915, 20.662 ], [ -100.47881, 20.66126 ], [ -100.47864, 20.6609 ], [ -100.47854, 20.6606 ], [ -100.47853, 20.66049 ], [ -100.47854, 20.66028 ], [ -100.47866, 20.65968 ], [ -100.47866, 20.65936 ], [ -100.4786, 20.65922 ], [ -100.47843, 20.6591 ], [ -100.47809, 20.65906 ], [ -100.47715, 20.65892 ], [ -100.47701, 20.65887 ], [ -100.47694, 20.65879 ], [ -100.47682, 20.65861 ], [ -100.47681, 20.65846 ], [ -100.47682, 20.65816 ], [ -100.47678, 20.65802 ], [ -100.47666, 20.65788 ], [ -100.47636, 20.65758 ], [ -100.47613, 20.6573 ], [ -100.47604, 20.65724 ], [ -100.47579, 20.65742 ], [ -100.4752, 20.65823 ], [ -100.47395, 20.65998 ], [ -100.47285, 20.6593 ], [ -100.47245, 20.65903 ], [ -100.47197, 20.65762 ], [ -100.47174, 20.65698 ], [ -100.47083, 20.65453 ], [ -100.47004, 20.65491 ], [ -100.46809, 20.65591 ], [ -100.46703, 20.65514 ], [ -100.46605, 20.65432 ], [ -100.46538, 20.6538 ], [ -100.46521, 20.65376 ], [ -100.46456, 20.65324 ], [ -100.46407, 20.65281 ], [ -100.46369, 20.65305 ], [ -100.46297, 20.65346 ], [ -100.46255, 20.65376 ], [ -100.46238, 20.65394 ], [ -100.46217, 20.65426 ], [ -100.46169, 20.65488 ], [ -100.46141, 20.65522 ], [ -100.46021, 20.65441 ], [ -100.45909, 20.65363 ], [ -100.45844, 20.65366 ], [ -100.4581, 20.65337 ], [ -100.45551, 20.65376 ], [ -100.45443, 20.65389 ], [ -100.45394, 20.65394 ], [ -100.45335, 20.65394 ], [ -100.45139, 20.654 ], [ -100.45079, 20.65402 ], [ -100.45062, 20.65102 ], [ -100.4505, 20.64901 ], [ -100.45038, 20.64644 ], [ -100.45022, 20.64404 ], [ -100.45014, 20.64254 ], [ -100.4501, 20.64187 ], [ -100.45081, 20.64179 ], [ -100.45088, 20.64172 ], [ -100.45044, 20.64068 ], [ -100.44944, 20.63809 ], [ -100.44941, 20.63793 ], [ -100.44933, 20.6378 ], [ -100.44866, 20.63605 ], [ -100.44804, 20.63451 ], [ -100.44613, 20.6352 ], [ -100.44539, 20.63547 ], [ -100.44523, 20.63556 ], [ -100.44498, 20.63559 ], [ -100.44476, 20.63558 ], [ -100.44457, 20.63555 ], [ -100.44437, 20.63548 ], [ -100.44408, 20.63532 ], [ -100.44392, 20.63519 ], [ -100.44379, 20.63501 ], [ -100.44364, 20.63485 ], [ -100.44364, 20.63474 ], [ -100.44363, 20.63443 ], [ -100.44363, 20.63406 ], [ -100.44361, 20.63381 ], [ -100.44357, 20.63361 ], [ -100.44342, 20.63315 ], [ -100.44318, 20.63247 ], [ -100.44305, 20.63206 ], [ -100.44292, 20.63169 ], [ -100.4427, 20.63176 ], [ -100.44209, 20.63203 ], [ -100.44086, 20.63259 ], [ -100.44033, 20.63134 ], [ -100.43946, 20.6292 ], [ -100.43858, 20.62684 ], [ -100.43765, 20.6244 ], [ -100.43692, 20.62238 ], [ -100.43621, 20.62041 ], [ -100.43553, 20.61858 ], [ -100.43488, 20.61681 ], [ -100.4348, 20.61651 ], [ -100.43338, 20.61675 ], [ -100.4313, 20.61712 ], [ -100.42932, 20.61746 ], [ -100.42914, 20.61747 ], [ -100.42881, 20.61751 ], [ -100.42804, 20.61764 ], [ -100.42634, 20.61799 ], [ -100.42412, 20.61845 ], [ -100.42222, 20.61885 ], [ -100.42195, 20.61868 ], [ -100.42181, 20.61854 ], [ -100.42158, 20.6177 ], [ -100.42038, 20.61341 ], [ -100.4193, 20.60957 ], [ -100.41786, 20.60463 ], [ -100.41674, 20.60069 ], [ -100.41554, 20.5964 ], [ -100.41521, 20.59518 ], [ -100.41462, 20.5952 ], [ -100.4142, 20.59521 ], [ -100.414, 20.59521 ], [ -100.41384, 20.59515 ], [ -100.41357, 20.59492 ], [ -100.41326, 20.59449 ], [ -100.41304, 20.59435 ], [ -100.41292, 20.59429 ], [ -100.41176, 20.59474 ], [ -100.41026, 20.59534 ], [ -100.40979, 20.59434 ], [ -100.40964, 20.59403 ], [ -100.4094, 20.59399 ], [ -100.40898, 20.59396 ], [ -100.4087, 20.59378 ], [ -100.40835, 20.59324 ], [ -100.40778, 20.59237 ], [ -100.4075, 20.59193 ], [ -100.40733, 20.59152 ], [ -100.40723, 20.59143 ], [ -100.40707, 20.59147 ], [ -100.40684, 20.5915 ], [ -100.40572, 20.59085 ], [ -100.40559, 20.59073 ], [ -100.40535, 20.5903 ], [ -100.40387, 20.5909 ], [ -100.40317, 20.5912 ], [ -100.40176, 20.59166 ], [ -100.40094, 20.59189 ], [ -100.39934, 20.5924 ], [ -100.3984, 20.5927 ], [ -100.39787, 20.59101 ], [ -100.39716, 20.58879 ], [ -100.39654, 20.58662 ], [ -100.39559, 20.58691 ], [ -100.39328, 20.58767 ], [ -100.39035, 20.58865 ], [ -100.38971, 20.58726 ], [ -100.38919, 20.58619 ], [ -100.3891, 20.58602 ], [ -100.389, 20.58597 ], [ -100.39133, 20.58511 ], [ -100.39388, 20.5842 ], [ -100.39486, 20.58382 ], [ -100.39565, 20.58336 ], [ -100.39659, 20.58279 ], [ -100.39775, 20.58208 ], [ -100.39818, 20.58175 ], [ -100.39773, 20.58007 ], [ -100.39733, 20.57855 ], [ -100.39699, 20.5772 ], [ -100.39551, 20.57744 ], [ -100.39381, 20.57766 ], [ -100.39353, 20.57687 ], [ -100.39203, 20.57706 ], [ -100.3913, 20.57713 ], [ -100.38919, 20.57753 ], [ -100.38928, 20.57822 ], [ -100.3885, 20.57831 ], [ -100.38652, 20.57857 ], [ -100.3864, 20.57865 ], [ -100.38611, 20.57871 ], [ -100.38565, 20.57756 ], [ -100.3852, 20.57645 ], [ -100.38488, 20.57553 ], [ -100.38468, 20.57497 ], [ -100.38473, 20.57478 ], [ -100.38496, 20.57461 ], [ -100.38547, 20.5745 ], [ -100.3861, 20.57435 ], [ -100.38737, 20.57396 ], [ -100.38836, 20.57372 ], [ -100.39054, 20.57319 ], [ -100.39244, 20.57271 ], [ -100.39397, 20.57233 ], [ -100.39348, 20.57106 ], [ -100.3927, 20.56892 ], [ -100.3917, 20.56633 ], [ -100.39088, 20.56412 ], [ -100.39002, 20.56194 ], [ -100.38974, 20.56106 ], [ -100.38937, 20.56011 ], [ -100.38932, 20.55993 ], [ -100.39131, 20.5593 ], [ -100.39264, 20.55888 ], [ -100.3928, 20.55877 ], [ -100.39297, 20.55868 ], [ -100.3934, 20.55868 ], [ -100.39559, 20.55873 ], [ -100.39758, 20.55879 ], [ -100.39703, 20.5577 ], [ -100.39558, 20.55492 ], [ -100.39512, 20.55402 ], [ -100.39449, 20.55278 ], [ -100.39373, 20.55135 ], [ -100.39274, 20.54943 ], [ -100.39202, 20.54811 ], [ -100.39202, 20.548 ], [ -100.39201, 20.54792 ], [ -100.39192, 20.54789 ], [ -100.39185, 20.54778 ], [ -100.39139, 20.54697 ] ] } },
{ "type": "Feature", "properties": { "city": "Querétaro", "route_name": "9_Chedraui - Fracc. Vistana", "route_name_short": "Chedraui - Fracc. Vistana", "type": "Bus", "shape_id": "shape_2430" }, "geometry": { "type": "LineString", "coordinates": [ [ -100.38944, 20.65553 ], [ -100.38922, 20.65712 ], [ -100.3893, 20.65722 ], [ -100.39084, 20.65736 ], [ -100.39304, 20.65747 ], [ -100.39429, 20.65764 ], [ -100.39461, 20.65766 ], [ -100.39502, 20.65777 ], [ -100.39544, 20.6578 ], [ -100.39555, 20.65709 ], [ -100.39604, 20.65446 ], [ -100.39947, 20.65499 ], [ -100.40325, 20.65564 ], [ -100.40362, 20.65348 ], [ -100.40401, 20.65137 ], [ -100.4042, 20.6503 ], [ -100.40752, 20.65083 ], [ -100.4083, 20.65092 ], [ -100.40862, 20.64928 ], [ -100.41361, 20.64873 ], [ -100.41612, 20.64844 ], [ -100.41615, 20.64826 ], [ -100.41626, 20.64552 ], [ -100.41619, 20.64489 ], [ -100.41568, 20.64254 ], [ -100.41533, 20.64106 ], [ -100.4151, 20.63956 ], [ -100.41488, 20.63791 ], [ -100.41477, 20.6371 ], [ -100.4146, 20.63627 ], [ -100.41439, 20.63545 ], [ -100.41384, 20.63376 ], [ -100.41347, 20.63234 ], [ -100.41336, 20.63156 ], [ -100.413, 20.62947 ], [ -100.41273, 20.6274 ], [ -100.41248, 20.62534 ], [ -100.41236, 20.62487 ], [ -100.41124, 20.62176 ], [ -100.41094, 20.62095 ], [ -100.41064, 20.62043 ], [ -100.41051, 20.62012 ], [ -100.41022, 20.61728 ], [ -100.40995, 20.6149 ], [ -100.40983, 20.61279 ], [ -100.40972, 20.61197 ], [ -100.40959, 20.61157 ], [ -100.40937, 20.61136 ], [ -100.40916, 20.61124 ], [ -100.40798, 20.61084 ], [ -100.40673, 20.61055 ], [ -100.40628, 20.6104 ], [ -100.4061, 20.61028 ], [ -100.40604, 20.61013 ], [ -100.40604, 20.60979 ], [ -100.40621, 20.60955 ], [ -100.40634, 20.60934 ], [ -100.40645, 20.60912 ], [ -100.40663, 20.60869 ], [ -100.40675, 20.60838 ], [ -100.40679, 20.60797 ], [ -100.40681, 20.60745 ], [ -100.40678, 20.60714 ], [ -100.4068, 20.60684 ], [ -100.40693, 20.6066 ], [ -100.40674, 20.60587 ], [ -100.40678, 20.60562 ], [ -100.40677, 20.60522 ], [ -100.40665, 20.60506 ], [ -100.40664, 20.60403 ], [ -100.40667, 20.60259 ], [ -100.40659, 20.6019 ], [ -100.40654, 20.60093 ], [ -100.40654, 20.60002 ], [ -100.40662, 20.59803 ], [ -100.40665, 20.59754 ], [ -100.40597, 20.5975 ], [ -100.40378, 20.59733 ], [ -100.40167, 20.59715 ], [ -100.40077, 20.59722 ], [ -100.39987, 20.59732 ], [ -100.39928, 20.59539 ], [ -100.39838, 20.59258 ], [ -100.39738, 20.58946 ], [ -100.39663, 20.58695 ], [ -100.3965, 20.58661 ], [ -100.39058, 20.58858 ], [ -100.38682, 20.58992 ], [ -100.38568, 20.59033 ], [ -100.38402, 20.59092 ], [ -100.38337, 20.59112 ], [ -100.38277, 20.59123 ], [ -100.38258, 20.59112 ], [ -100.38239, 20.59111 ], [ -100.38221, 20.59116 ], [ -100.38207, 20.59129 ], [ -100.38152, 20.59135 ], [ -100.37991, 20.59147 ], [ -100.37931, 20.59165 ], [ -100.3789, 20.59185 ], [ -100.37669, 20.59076 ], [ -100.37647, 20.58997 ], [ -100.37645, 20.58907 ], [ -100.37639, 20.58707 ], [ -100.37628, 20.58682 ], [ -100.37515, 20.58695 ], [ -100.37478, 20.58574 ], [ -100.37468, 20.58521 ], [ -100.37449, 20.5837 ], [ -100.37442, 20.58271 ], [ -100.37417, 20.5804 ], [ -100.37417, 20.57746 ], [ -100.37203, 20.57786 ], [ -100.37106, 20.57809 ], [ -100.36968, 20.57861 ], [ -100.36932, 20.57748 ], [ -100.36928, 20.57678 ], [ -100.36942, 20.57538 ], [ -100.36944, 20.575 ], [ -100.36928, 20.57417 ], [ -100.36864, 20.57474 ], [ -100.36838, 20.57481 ], [ -100.36551, 20.57535 ], [ -100.36416, 20.57559 ], [ -100.36432, 20.57486 ], [ -100.36434, 20.57452 ], [ -100.36428, 20.57419 ], [ -100.36403, 20.57318 ], [ -100.36359, 20.57223 ], [ -100.36304, 20.57101 ], [ -100.3627, 20.57022 ], [ -100.36234, 20.56909 ], [ -100.36187, 20.56918 ], [ -100.36145, 20.56928 ], [ -100.36095, 20.56939 ], [ -100.36029, 20.56963 ], [ -100.36032, 20.5697 ], [ -100.36081, 20.56953 ], [ -100.36176, 20.56932 ], [ -100.36233, 20.56922 ], [ -100.36259, 20.56999 ], [ -100.36282, 20.57063 ], [ -100.36312, 20.57129 ], [ -100.3631, 20.57145 ], [ -100.36311, 20.57155 ], [ -100.36342, 20.57218 ], [ -100.36395, 20.57341 ], [ -100.36418, 20.5742 ], [ -100.36422, 20.57456 ], [ -100.36417, 20.57495 ], [ -100.36402, 20.57562 ], [ -100.36334, 20.57569 ], [ -100.36336, 20.57582 ], [ -100.36509, 20.57551 ], [ -100.36727, 20.57515 ], [ -100.36854, 20.57493 ], [ -100.36918, 20.57437 ], [ -100.36999, 20.5737 ], [ -100.37038, 20.57342 ], [ -100.37222, 20.57286 ], [ -100.37231, 20.57354 ], [ -100.37292, 20.57495 ], [ -100.37396, 20.57722 ], [ -100.37409, 20.57777 ], [ -100.37402, 20.5798 ], [ -100.37434, 20.58277 ], [ -100.37456, 20.58471 ], [ -100.37461, 20.58541 ], [ -100.37509, 20.58698 ], [ -100.37064, 20.58779 ], [ -100.37065, 20.58788 ], [ -100.37301, 20.58749 ], [ -100.37508, 20.58711 ], [ -100.37636, 20.58816 ], [ -100.37645, 20.59025 ], [ -100.37658, 20.59073 ], [ -100.37664, 20.59089 ], [ -100.37676, 20.5911 ], [ -100.37706, 20.59154 ], [ -100.37743, 20.59196 ], [ -100.37787, 20.59235 ], [ -100.37815, 20.59255 ], [ -100.379, 20.59195 ], [ -100.37971, 20.59162 ], [ -100.38006, 20.59157 ], [ -100.38088, 20.59151 ], [ -100.38213, 20.59144 ], [ -100.38232, 20.59152 ], [ -100.38256, 20.59153 ], [ -100.38279, 20.59137 ], [ -100.38344, 20.59125 ], [ -100.38403, 20.59108 ], [ -100.38681, 20.59007 ], [ -100.38981, 20.589 ], [ -100.39273, 20.58803 ], [ -100.39505, 20.58727 ], [ -100.40179, 20.58495 ], [ -100.40205, 20.58502 ], [ -100.4022, 20.58509 ], [ -100.40237, 20.58522 ], [ -100.40322, 20.58704 ], [ -100.40486, 20.59047 ], [ -100.40622, 20.59363 ], [ -100.40696, 20.59545 ], [ -100.40731, 20.59616 ], [ -100.4073, 20.59643 ], [ -100.40669, 20.59736 ], [ -100.40661, 20.59758 ], [ -100.40648, 20.60006 ], [ -100.40654, 20.6018 ], [ -100.40661, 20.60253 ], [ -100.40662, 20.60296 ], [ -100.40657, 20.60378 ], [ -100.40655, 20.60505 ], [ -100.40646, 20.60511 ], [ -100.40643, 20.60521 ], [ -100.40655, 20.60554 ], [ -100.40682, 20.60655 ], [ -100.40673, 20.60672 ], [ -100.40666, 20.60711 ], [ -100.40667, 20.60772 ], [ -100.40661, 20.60832 ], [ -100.40653, 20.60869 ], [ -100.4063, 20.60925 ], [ -100.40615, 20.60945 ], [ -100.40576, 20.60999 ], [ -100.40554, 20.61024 ], [ -100.4055, 20.61049 ], [ -100.40556, 20.61066 ], [ -100.40567, 20.61068 ], [ -100.40592, 20.61072 ], [ -100.40691, 20.6109 ], [ -100.40778, 20.61115 ], [ -100.40923, 20.61161 ], [ -100.40941, 20.61176 ], [ -100.40958, 20.61215 ], [ -100.40966, 20.61252 ], [ -100.40965, 20.61285 ], [ -100.40979, 20.61478 ], [ -100.40989, 20.61571 ], [ -100.41008, 20.61702 ], [ -100.41037, 20.61991 ], [ -100.41046, 20.62026 ], [ -100.4108, 20.62092 ], [ -100.41105, 20.62146 ], [ -100.41161, 20.62311 ], [ -100.41226, 20.62492 ], [ -100.41233, 20.62514 ], [ -100.4126, 20.62712 ], [ -100.41287, 20.62933 ], [ -100.41329, 20.63157 ], [ -100.41336, 20.63216 ], [ -100.41364, 20.6333 ], [ -100.41434, 20.63572 ], [ -100.4145, 20.6364 ], [ -100.41489, 20.63866 ], [ -100.41507, 20.64014 ], [ -100.41545, 20.64208 ], [ -100.4161, 20.64494 ], [ -100.41617, 20.64537 ], [ -100.41613, 20.64641 ], [ -100.416, 20.64836 ], [ -100.41281, 20.64872 ], [ -100.40854, 20.64919 ], [ -100.4082, 20.65086 ], [ -100.40717, 20.65073 ], [ -100.40602, 20.65055 ], [ -100.40411, 20.65023 ], [ -100.40364, 20.6529 ], [ -100.40315, 20.65554 ], [ -100.40074, 20.65516 ], [ -100.39823, 20.65474 ], [ -100.39589, 20.65438 ], [ -100.39387, 20.65407 ], [ -100.39312, 20.65396 ], [ -100.39226, 20.65419 ], [ -100.39185, 20.65412 ], [ -100.3915, 20.65407 ], [ -100.38992, 20.6538 ], [ -100.38979, 20.65383 ], [ -100.38942, 20.65552 ] ] } },
{ "type": "Feature", "properties": { "city": "Querétaro", "route_name": "7_Boulevares del Cimatario - Fracc. Vistana", "route_name_short": "Boulevares del Cimatario - Fracc. Vistana", "type": "Bus", "shape_id": "shape_2429" }, "geometry": { "type": "LineString", "coordinates": [ [ -100.3912, 20.54665 ], [ -100.3911, 20.5467 ], [ -100.39179, 20.54789 ], [ -100.39177, 20.54804 ], [ -100.39185, 20.5481 ], [ -100.39195, 20.54821 ], [ -100.39277, 20.54976 ], [ -100.39356, 20.5513 ], [ -100.39498, 20.55398 ], [ -100.39615, 20.55624 ], [ -100.39673, 20.55737 ], [ -100.39728, 20.55849 ], [ -100.39865, 20.56103 ], [ -100.39664, 20.562 ], [ -100.39627, 20.5622 ], [ -100.39555, 20.56286 ], [ -100.39528, 20.56376 ], [ -100.39531, 20.56402 ], [ -100.39559, 20.56433 ], [ -100.39583, 20.56446 ], [ -100.3961, 20.56445 ], [ -100.39535, 20.56568 ], [ -100.39519, 20.56571 ], [ -100.396, 20.56836 ], [ -100.39577, 20.56843 ], [ -100.39651, 20.57058 ], [ -100.39321, 20.57145 ], [ -100.39088, 20.57201 ], [ -100.38677, 20.57308 ], [ -100.38768, 20.57435 ], [ -100.38773, 20.57453 ], [ -100.38774, 20.57463 ], [ -100.3874, 20.5747 ], [ -100.38589, 20.575 ], [ -100.3849, 20.57549 ], [ -100.38475, 20.5755 ], [ -100.38568, 20.57808 ], [ -100.38622, 20.57939 ], [ -100.38675, 20.58078 ], [ -100.38777, 20.58341 ], [ -100.38883, 20.58604 ], [ -100.39397, 20.58417 ], [ -100.39468, 20.58389 ], [ -100.39539, 20.58353 ], [ -100.39796, 20.58191 ], [ -100.39916, 20.58089 ], [ -100.39975, 20.58157 ], [ -100.40051, 20.58259 ], [ -100.4015, 20.58376 ], [ -100.40201, 20.58447 ], [ -100.4024, 20.58526 ], [ -100.40315, 20.58688 ], [ -100.40439, 20.58952 ], [ -100.40558, 20.59217 ], [ -100.40703, 20.59558 ], [ -100.40528, 20.59571 ], [ -100.40312, 20.59595 ], [ -100.4025, 20.59595 ], [ -100.40148, 20.59599 ], [ -100.40075, 20.59619 ], [ -100.40021, 20.59637 ], [ -100.3997, 20.5967 ], [ -100.39845, 20.59747 ], [ -100.39869, 20.59838 ], [ -100.39883, 20.59931 ], [ -100.39898, 20.60074 ], [ -100.39933, 20.60204 ], [ -100.39945, 20.6026 ], [ -100.39942, 20.60366 ], [ -100.3994, 20.6064 ], [ -100.39941, 20.60778 ], [ -100.39939, 20.60851 ], [ -100.39938, 20.60928 ], [ -100.39939, 20.6098 ], [ -100.39963, 20.61145 ], [ -100.39983, 20.61318 ], [ -100.40121, 20.61293 ], [ -100.40152, 20.61296 ], [ -100.40197, 20.61302 ], [ -100.40214, 20.61322 ], [ -100.40233, 20.61398 ], [ -100.40239, 20.61443 ], [ -100.4024, 20.61528 ], [ -100.40252, 20.61569 ], [ -100.4027, 20.6159 ], [ -100.40346, 20.61639 ], [ -100.40374, 20.61658 ], [ -100.40393, 20.61684 ], [ -100.40404, 20.61703 ], [ -100.40414, 20.6176 ], [ -100.40426, 20.61812 ], [ -100.40448, 20.61874 ], [ -100.40506, 20.61986 ], [ -100.40556, 20.62089 ], [ -100.40613, 20.62533 ], [ -100.40641, 20.62782 ], [ -100.40659, 20.6293 ], [ -100.40662, 20.62964 ], [ -100.40657, 20.63008 ], [ -100.40631, 20.63099 ], [ -100.40595, 20.63219 ], [ -100.4057, 20.6331 ], [ -100.40568, 20.63353 ], [ -100.40582, 20.6341 ], [ -100.40601, 20.63485 ], [ -100.40609, 20.63515 ], [ -100.40602, 20.63629 ], [ -100.40594, 20.63733 ], [ -100.40584, 20.63847 ], [ -100.40564, 20.64046 ], [ -100.40558, 20.64103 ], [ -100.40543, 20.64305 ], [ -100.40493, 20.64567 ], [ -100.4044, 20.64858 ], [ -100.40402, 20.65079 ], [ -100.40364, 20.65295 ], [ -100.40069, 20.65246 ], [ -100.39851, 20.65211 ], [ -100.39642, 20.6518 ], [ -100.39594, 20.65438 ], [ -100.39427, 20.65411 ], [ -100.3935, 20.65399 ], [ -100.39311, 20.65395 ], [ -100.39263, 20.65411 ], [ -100.39227, 20.6542 ], [ -100.392, 20.65416 ], [ -100.39178, 20.65409 ], [ -100.39085, 20.65398 ], [ -100.38977, 20.6538 ], [ -100.38968, 20.65434 ], [ -100.38932, 20.65637 ], [ -100.38919, 20.65714 ], [ -100.38927, 20.65721 ], [ -100.39028, 20.65733 ], [ -100.39157, 20.65742 ], [ -100.39303, 20.65746 ], [ -100.39337, 20.65555 ], [ -100.39367, 20.65405 ], [ -100.39604, 20.65444 ], [ -100.39653, 20.65189 ], [ -100.40371, 20.65307 ], [ -100.40411, 20.65089 ], [ -100.40447, 20.64875 ], [ -100.40504, 20.6457 ], [ -100.40553, 20.64276 ], [ -100.40571, 20.64096 ], [ -100.40592, 20.63891 ], [ -100.40607, 20.63693 ], [ -100.4062, 20.6354 ], [ -100.40616, 20.63499 ], [ -100.40598, 20.63434 ], [ -100.40582, 20.6336 ], [ -100.40585, 20.63311 ], [ -100.40609, 20.63216 ], [ -100.40652, 20.63061 ], [ -100.40671, 20.62992 ], [ -100.4067, 20.62934 ], [ -100.40651, 20.62787 ], [ -100.40607, 20.62418 ], [ -100.40586, 20.62246 ], [ -100.40567, 20.62089 ], [ -100.40502, 20.6196 ], [ -100.40456, 20.61867 ], [ -100.4044, 20.61826 ], [ -100.40427, 20.61785 ], [ -100.40417, 20.61704 ], [ -100.40397, 20.61666 ], [ -100.40382, 20.61649 ], [ -100.40362, 20.61636 ], [ -100.40313, 20.61607 ], [ -100.40268, 20.61574 ], [ -100.40253, 20.61546 ], [ -100.40251, 20.6152 ], [ -100.40249, 20.61456 ], [ -100.40245, 20.61407 ], [ -100.40234, 20.61364 ], [ -100.4021, 20.61296 ], [ -100.4017, 20.61291 ], [ -100.40151, 20.61281 ], [ -100.4013, 20.61271 ], [ -100.39986, 20.61299 ], [ -100.39966, 20.61131 ], [ -100.39943, 20.60972 ], [ -100.39944, 20.60872 ], [ -100.39948, 20.60757 ], [ -100.39944, 20.6067 ], [ -100.39945, 20.60559 ], [ -100.39947, 20.60462 ], [ -100.39948, 20.60368 ], [ -100.39951, 20.60268 ], [ -100.39946, 20.60241 ], [ -100.39911, 20.60108 ], [ -100.39922, 20.60098 ], [ -100.39943, 20.60091 ], [ -100.40056, 20.6009 ], [ -100.40059, 20.60001 ], [ -100.4002, 20.59857 ], [ -100.39978, 20.59715 ], [ -100.39945, 20.59604 ], [ -100.39913, 20.5949 ], [ -100.39844, 20.5928 ], [ -100.39793, 20.59121 ], [ -100.39743, 20.58959 ], [ -100.39693, 20.58802 ], [ -100.39654, 20.58655 ], [ -100.39614, 20.5852 ], [ -100.39582, 20.58385 ], [ -100.3956, 20.58323 ], [ -100.39467, 20.58369 ], [ -100.39411, 20.58393 ], [ -100.39348, 20.58415 ], [ -100.39099, 20.58508 ], [ -100.38893, 20.58582 ], [ -100.38671, 20.58033 ], [ -100.38468, 20.575 ], [ -100.38477, 20.57476 ], [ -100.38499, 20.57461 ], [ -100.38606, 20.57435 ], [ -100.38716, 20.57403 ], [ -100.38942, 20.57348 ], [ -100.39395, 20.57234 ], [ -100.39277, 20.56921 ], [ -100.3916, 20.56602 ], [ -100.39415, 20.56522 ], [ -100.39427, 20.56564 ], [ -100.39431, 20.56575 ], [ -100.39462, 20.56571 ], [ -100.39555, 20.56419 ], [ -100.39541, 20.564 ], [ -100.3954, 20.56378 ], [ -100.39555, 20.56332 ], [ -100.39564, 20.56296 ], [ -100.39571, 20.56283 ], [ -100.39585, 20.56267 ], [ -100.39606, 20.56245 ], [ -100.39632, 20.56222 ], [ -100.3967, 20.56202 ], [ -100.39761, 20.56158 ], [ -100.39875, 20.56104 ], [ -100.39766, 20.55897 ], [ -100.39708, 20.55784 ], [ -100.39648, 20.5567 ], [ -100.39533, 20.55444 ], [ -100.39327, 20.55045 ], [ -100.39216, 20.54841 ], [ -100.39201, 20.54812 ], [ -100.39201, 20.54795 ], [ -100.39192, 20.54788 ], [ -100.39187, 20.54779 ], [ -100.39121, 20.54666 ] ] } },
{ "type": "Feature", "properties": { "city": "Querétaro", "route_name": "12_Chedraui - Azucenas", "route_name_short": "Chedraui - Azucenas", "type": "Bus", "shape_id": "shape_2431" }, "geometry": { "type": "LineString", "coordinates": [ [ -100.47399, 20.63412 ], [ -100.4742, 20.63387 ], [ -100.47442, 20.6335 ], [ -100.47456, 20.63308 ], [ -100.47376, 20.6331 ], [ -100.47293, 20.63318 ], [ -100.47164, 20.63288 ], [ -100.47115, 20.63284 ], [ -100.47121, 20.63239 ], [ -100.47115, 20.63214 ], [ -100.47093, 20.63186 ], [ -100.47062, 20.63174 ], [ -100.46999, 20.63167 ], [ -100.46922, 20.63167 ], [ -100.46912, 20.63121 ], [ -100.46891, 20.63126 ], [ -100.46879, 20.63102 ], [ -100.46685, 20.63173 ], [ -100.46323, 20.63297 ], [ -100.46037, 20.63397 ], [ -100.45844, 20.63464 ], [ -100.45443, 20.63603 ], [ -100.45182, 20.63693 ], [ -100.45076, 20.63421 ], [ -100.45022, 20.6329 ], [ -100.44984, 20.63182 ], [ -100.4491, 20.62953 ], [ -100.44848, 20.62996 ], [ -100.44705, 20.63094 ], [ -100.44592, 20.63129 ], [ -100.44528, 20.63146 ], [ -100.44476, 20.63143 ], [ -100.44386, 20.63158 ], [ -100.44287, 20.63167 ], [ -100.44258, 20.63066 ], [ -100.44253, 20.63022 ], [ -100.44279, 20.62924 ], [ -100.44293, 20.62846 ], [ -100.44267, 20.62705 ], [ -100.44237, 20.62563 ], [ -100.44226, 20.62496 ], [ -100.44191, 20.62363 ], [ -100.44173, 20.62272 ], [ -100.44142, 20.62217 ], [ -100.44104, 20.62158 ], [ -100.44059, 20.621 ], [ -100.43767, 20.61816 ], [ -100.43729, 20.61777 ], [ -100.43708, 20.61751 ], [ -100.43693, 20.61723 ], [ -100.43682, 20.61671 ], [ -100.43675, 20.61616 ], [ -100.43442, 20.61659 ], [ -100.43193, 20.61702 ], [ -100.43027, 20.61731 ], [ -100.42872, 20.61754 ], [ -100.42574, 20.61813 ], [ -100.42228, 20.61884 ], [ -100.42184, 20.61861 ], [ -100.42077, 20.61482 ], [ -100.41977, 20.61112 ], [ -100.41873, 20.60775 ], [ -100.4178, 20.60441 ], [ -100.41656, 20.60002 ], [ -100.41534, 20.59561 ], [ -100.41448, 20.59283 ], [ -100.4138, 20.59007 ], [ -100.41305, 20.58755 ], [ -100.41207, 20.58604 ], [ -100.41023, 20.5844 ], [ -100.40724, 20.58161 ], [ -100.4069, 20.58171 ], [ -100.40677, 20.58179 ], [ -100.40671, 20.58187 ], [ -100.40626, 20.58247 ], [ -100.40543, 20.58364 ], [ -100.40509, 20.58399 ], [ -100.40473, 20.58412 ], [ -100.40428, 20.58407 ], [ -100.40389, 20.58397 ], [ -100.40346, 20.58401 ], [ -100.4029, 20.58424 ], [ -100.4024, 20.58455 ], [ -100.40044, 20.58531 ], [ -100.39674, 20.58653 ], [ -100.3953, 20.58702 ], [ -100.39291, 20.5878 ], [ -100.39056, 20.58857 ], [ -100.38645, 20.59005 ], [ -100.38438, 20.5908 ], [ -100.38365, 20.59105 ], [ -100.38273, 20.59126 ], [ -100.38256, 20.59115 ], [ -100.38243, 20.59113 ], [ -100.3823, 20.59115 ], [ -100.38213, 20.59124 ], [ -100.38208, 20.5913 ], [ -100.38153, 20.59136 ], [ -100.37993, 20.59146 ], [ -100.37953, 20.59154 ], [ -100.37892, 20.59181 ], [ -100.37772, 20.59126 ], [ -100.37658, 20.59074 ], [ -100.37651, 20.59043 ], [ -100.3764, 20.58963 ], [ -100.37642, 20.58766 ], [ -100.37638, 20.58701 ], [ -100.37627, 20.58679 ], [ -100.37516, 20.58694 ], [ -100.37478, 20.58569 ], [ -100.37463, 20.5847 ], [ -100.37446, 20.58354 ], [ -100.37436, 20.58218 ], [ -100.37422, 20.58052 ], [ -100.37416, 20.57972 ], [ -100.37419, 20.57874 ], [ -100.37425, 20.57785 ], [ -100.37418, 20.57756 ], [ -100.37286, 20.57451 ], [ -100.37247, 20.57351 ], [ -100.37229, 20.57245 ], [ -100.37207, 20.57127 ], [ -100.37186, 20.57071 ], [ -100.37127, 20.56897 ], [ -100.37074, 20.56746 ], [ -100.37024, 20.56602 ], [ -100.3691, 20.5629 ], [ -100.36767, 20.56345 ], [ -100.36594, 20.56393 ], [ -100.36562, 20.5641 ], [ -100.36505, 20.56448 ], [ -100.36493, 20.56456 ], [ -100.36422, 20.56352 ], [ -100.36274, 20.55979 ], [ -100.3626, 20.55986 ], [ -100.36338, 20.56182 ], [ -100.36413, 20.56364 ], [ -100.36462, 20.56436 ], [ -100.36462, 20.56461 ], [ -100.36454, 20.56474 ], [ -100.36426, 20.56492 ], [ -100.36304, 20.5655 ], [ -100.36271, 20.56596 ], [ -100.36208, 20.56665 ], [ -100.36185, 20.56713 ], [ -100.36181, 20.56754 ], [ -100.36219, 20.56901 ], [ -100.36215, 20.56913 ], [ -100.36054, 20.56956 ], [ -100.35882, 20.57018 ], [ -100.35835, 20.56893 ], [ -100.3572, 20.56624 ], [ -100.35683, 20.56535 ], [ -100.35673, 20.56477 ], [ -100.35667, 20.56417 ], [ -100.35686, 20.56378 ], [ -100.35719, 20.56304 ], [ -100.35728, 20.56222 ], [ -100.35749, 20.56169 ], [ -100.35782, 20.56108 ], [ -100.35848, 20.55993 ], [ -100.35888, 20.55929 ], [ -100.35952, 20.55853 ], [ -100.36037, 20.55793 ], [ -100.36082, 20.55787 ], [ -100.36103, 20.5579 ], [ -100.36127, 20.55797 ], [ -100.36161, 20.55819 ], [ -100.362, 20.55853 ], [ -100.36218, 20.55891 ], [ -100.36413, 20.56363 ], [ -100.36491, 20.56472 ], [ -100.36545, 20.56437 ], [ -100.36605, 20.56404 ], [ -100.36899, 20.56313 ], [ -100.37016, 20.56618 ], [ -100.37071, 20.56776 ], [ -100.37126, 20.56933 ], [ -100.3719, 20.57114 ], [ -100.372, 20.57152 ], [ -100.37216, 20.5725 ], [ -100.37234, 20.57355 ], [ -100.37401, 20.57737 ], [ -100.37413, 20.57773 ], [ -100.37407, 20.57895 ], [ -100.37405, 20.57961 ], [ -100.37408, 20.5802 ], [ -100.37433, 20.58273 ], [ -100.37444, 20.584 ], [ -100.37457, 20.58482 ], [ -100.37466, 20.58556 ], [ -100.37509, 20.58697 ], [ -100.37054, 20.58775 ], [ -100.37062, 20.58792 ], [ -100.37519, 20.58712 ], [ -100.37664, 20.5869 ], [ -100.3783, 20.58661 ], [ -100.37968, 20.58637 ], [ -100.38082, 20.58629 ], [ -100.38163, 20.58647 ], [ -100.381, 20.58924 ], [ -100.38097, 20.58978 ], [ -100.38129, 20.5915 ], [ -100.38153, 20.59151 ], [ -100.38214, 20.59145 ], [ -100.3824, 20.59155 ], [ -100.38261, 20.5915 ], [ -100.38277, 20.59138 ], [ -100.38297, 20.59134 ], [ -100.38382, 20.59111 ], [ -100.38468, 20.59082 ], [ -100.38674, 20.59011 ], [ -100.39008, 20.58889 ], [ -100.39263, 20.58806 ], [ -100.39527, 20.5872 ], [ -100.39836, 20.58614 ], [ -100.40182, 20.58496 ], [ -100.40352, 20.58424 ], [ -100.40406, 20.58426 ], [ -100.40473, 20.58432 ], [ -100.40515, 20.58419 ], [ -100.40547, 20.58392 ], [ -100.40637, 20.58275 ], [ -100.40666, 20.58232 ], [ -100.40703, 20.58193 ], [ -100.40749, 20.58233 ], [ -100.40846, 20.58329 ], [ -100.41038, 20.58495 ], [ -100.4118, 20.5863 ], [ -100.41245, 20.58723 ], [ -100.41288, 20.58835 ], [ -100.41392, 20.59193 ], [ -100.41485, 20.59538 ], [ -100.41571, 20.59852 ], [ -100.41645, 20.60077 ], [ -100.41735, 20.60413 ], [ -100.41856, 20.60842 ], [ -100.41954, 20.61184 ], [ -100.42049, 20.61523 ], [ -100.42156, 20.61909 ], [ -100.42244, 20.62208 ], [ -100.42261, 20.6225 ], [ -100.42249, 20.62278 ], [ -100.42232, 20.62293 ], [ -100.42205, 20.62292 ], [ -100.42184, 20.62281 ], [ -100.42172, 20.62264 ], [ -100.42175, 20.62236 ], [ -100.42192, 20.62222 ], [ -100.42216, 20.62211 ], [ -100.42277, 20.62219 ], [ -100.42366, 20.62233 ], [ -100.42377, 20.62249 ], [ -100.4238, 20.62263 ], [ -100.4238, 20.62276 ], [ -100.42367, 20.62293 ], [ -100.42347, 20.623 ], [ -100.42321, 20.62285 ], [ -100.42295, 20.62262 ], [ -100.42259, 20.62172 ], [ -100.42229, 20.6207 ], [ -100.42192, 20.61928 ], [ -100.42213, 20.619 ], [ -100.42321, 20.61877 ], [ -100.42613, 20.61814 ], [ -100.42769, 20.61784 ], [ -100.42928, 20.61758 ], [ -100.43311, 20.61694 ], [ -100.43483, 20.61665 ], [ -100.43527, 20.61796 ], [ -100.43573, 20.61914 ], [ -100.43607, 20.6188 ], [ -100.43641, 20.61859 ], [ -100.43712, 20.61824 ], [ -100.43787, 20.61885 ], [ -100.43952, 20.62035 ], [ -100.44022, 20.62102 ], [ -100.44073, 20.62165 ], [ -100.4411, 20.62224 ], [ -100.44134, 20.62278 ], [ -100.44158, 20.62339 ], [ -100.44184, 20.62438 ], [ -100.44217, 20.62589 ], [ -100.44243, 20.62712 ], [ -100.44259, 20.62772 ], [ -100.44263, 20.62834 ], [ -100.44225, 20.63004 ], [ -100.44216, 20.63054 ], [ -100.44261, 20.63183 ], [ -100.44297, 20.63173 ], [ -100.44473, 20.6315 ], [ -100.44547, 20.63148 ], [ -100.44711, 20.63105 ], [ -100.44904, 20.62969 ], [ -100.44953, 20.6312 ], [ -100.45001, 20.63266 ], [ -100.45049, 20.63388 ], [ -100.45153, 20.63656 ], [ -100.45182, 20.63727 ], [ -100.45439, 20.63636 ], [ -100.45734, 20.63536 ], [ -100.45847, 20.635 ], [ -100.46013, 20.63438 ], [ -100.46426, 20.63297 ], [ -100.46685, 20.63207 ], [ -100.46815, 20.63369 ], [ -100.46918, 20.63501 ], [ -100.46999, 20.63487 ], [ -100.47219, 20.63448 ], [ -100.47247, 20.63452 ], [ -100.47314, 20.63457 ], [ -100.47349, 20.63443 ], [ -100.47399, 20.63412 ] ] } },
{ "type": "Feature", "properties": { "city": "Querétaro", "route_name": "13_Menchaca II - IMSS", "route_name_short": "Menchaca II - IMSS", "type": "Bus", "shape_id": "shape_2474" }, "geometry": { "type": "LineString", "coordinates": [ [ -100.40562, 20.58374 ], [ -100.40658, 20.58239 ], [ -100.40683, 20.58204 ], [ -100.40704, 20.58189 ], [ -100.40988, 20.58451 ], [ -100.41023, 20.58487 ], [ -100.41014, 20.58504 ], [ -100.40994, 20.58518 ], [ -100.40844, 20.58557 ], [ -100.40695, 20.58596 ], [ -100.40507, 20.58648 ], [ -100.40326, 20.58711 ], [ -100.40465, 20.59008 ], [ -100.40631, 20.59383 ], [ -100.407, 20.59555 ], [ -100.40596, 20.59566 ], [ -100.4037, 20.59587 ], [ -100.4031, 20.59595 ], [ -100.4022, 20.59595 ], [ -100.40168, 20.59597 ], [ -100.40034, 20.59631 ], [ -100.40001, 20.59651 ], [ -100.39877, 20.59729 ], [ -100.39842, 20.59747 ], [ -100.39856, 20.59783 ], [ -100.39865, 20.59828 ], [ -100.39888, 20.59971 ], [ -100.3989, 20.60026 ], [ -100.39905, 20.60103 ], [ -100.39934, 20.60219 ], [ -100.39945, 20.60256 ], [ -100.39946, 20.60297 ], [ -100.39942, 20.60404 ], [ -100.39941, 20.60562 ], [ -100.39939, 20.60815 ], [ -100.39938, 20.60934 ], [ -100.39943, 20.61013 ], [ -100.39961, 20.61147 ], [ -100.39973, 20.61258 ], [ -100.3998, 20.61299 ], [ -100.39945, 20.61303 ], [ -100.39912, 20.61303 ], [ -100.39813, 20.61294 ], [ -100.3972, 20.61287 ], [ -100.39647, 20.61291 ], [ -100.39548, 20.61294 ], [ -100.39508, 20.61292 ], [ -100.39433, 20.61276 ], [ -100.39396, 20.61272 ], [ -100.39323, 20.61273 ], [ -100.39243, 20.61273 ], [ -100.39199, 20.61277 ], [ -100.3917, 20.613 ], [ -100.39129, 20.61335 ], [ -100.39089, 20.61344 ], [ -100.3902, 20.61366 ], [ -100.3899, 20.61377 ], [ -100.38946, 20.61409 ], [ -100.38917, 20.61451 ], [ -100.38952, 20.61499 ], [ -100.38963, 20.61504 ], [ -100.38996, 20.615 ], [ -100.39012, 20.61482 ], [ -100.39005, 20.61434 ], [ -100.38998, 20.61391 ], [ -100.3899, 20.61375 ], [ -100.38958, 20.61399 ], [ -100.38952, 20.61497 ], [ -100.38971, 20.61525 ], [ -100.38982, 20.61546 ], [ -100.38989, 20.61587 ], [ -100.38991, 20.61666 ], [ -100.3899, 20.6171 ], [ -100.38987, 20.61728 ], [ -100.38988, 20.61745 ], [ -100.38999, 20.61768 ], [ -100.39, 20.61792 ], [ -100.39003, 20.6183 ], [ -100.39007, 20.62035 ], [ -100.39011, 20.62202 ], [ -100.39006, 20.62266 ], [ -100.38996, 20.62291 ], [ -100.3896, 20.62349 ], [ -100.38881, 20.62464 ], [ -100.38862, 20.62485 ], [ -100.38803, 20.62521 ], [ -100.38714, 20.62563 ], [ -100.38603, 20.62617 ], [ -100.38547, 20.62648 ], [ -100.38535, 20.62668 ], [ -100.38529, 20.6269 ], [ -100.38535, 20.62709 ], [ -100.38553, 20.62726 ], [ -100.38592, 20.62737 ], [ -100.38658, 20.62748 ], [ -100.3874, 20.62754 ], [ -100.38812, 20.62756 ], [ -100.38859, 20.62762 ], [ -100.38898, 20.62773 ], [ -100.38927, 20.62784 ], [ -100.38963, 20.62807 ], [ -100.38999, 20.62836 ], [ -100.3903, 20.62871 ], [ -100.39052, 20.62905 ], [ -100.39072, 20.62956 ], [ -100.39093, 20.63031 ], [ -100.39109, 20.63104 ], [ -100.39107, 20.63139 ], [ -100.39091, 20.63189 ], [ -100.39023, 20.63298 ], [ -100.39017, 20.6332 ], [ -100.39028, 20.63343 ], [ -100.39037, 20.63355 ], [ -100.39, 20.63372 ], [ -100.38833, 20.63425 ], [ -100.38743, 20.63453 ], [ -100.38721, 20.63453 ], [ -100.38706, 20.63446 ], [ -100.38704, 20.63433 ], [ -100.38721, 20.63414 ], [ -100.3874, 20.63396 ], [ -100.3875, 20.63382 ], [ -100.3875, 20.63359 ], [ -100.3875, 20.63325 ], [ -100.38752, 20.63312 ], [ -100.38765, 20.6329 ], [ -100.38784, 20.63277 ], [ -100.38815, 20.6326 ], [ -100.38822, 20.63223 ], [ -100.38821, 20.63173 ], [ -100.3882, 20.63155 ], [ -100.38831, 20.63126 ], [ -100.38839, 20.63097 ], [ -100.38848, 20.63034 ], [ -100.38736, 20.63051 ], [ -100.38602, 20.63069 ], [ -100.38479, 20.63092 ], [ -100.3838, 20.6311 ], [ -100.38381, 20.63185 ], [ -100.38383, 20.63312 ], [ -100.38544, 20.63293 ], [ -100.38536, 20.63246 ], [ -100.3853, 20.63247 ], [ -100.38539, 20.63288 ], [ -100.38418, 20.63306 ], [ -100.38389, 20.63307 ], [ -100.38386, 20.63159 ], [ -100.38383, 20.63116 ], [ -100.38563, 20.6308 ], [ -100.38684, 20.63061 ], [ -100.38808, 20.63043 ], [ -100.38842, 20.63039 ], [ -100.38833, 20.63105 ], [ -100.38824, 20.63134 ], [ -100.38818, 20.63148 ], [ -100.38815, 20.63164 ], [ -100.38818, 20.63184 ], [ -100.38817, 20.63226 ], [ -100.38814, 20.63254 ], [ -100.38794, 20.63267 ], [ -100.38767, 20.63284 ], [ -100.38752, 20.63298 ], [ -100.38747, 20.63317 ], [ -100.38747, 20.63332 ], [ -100.38746, 20.63364 ], [ -100.38745, 20.63382 ], [ -100.38729, 20.63399 ], [ -100.38713, 20.63415 ], [ -100.38697, 20.63434 ], [ -100.38699, 20.63442 ], [ -100.38705, 20.63453 ], [ -100.38717, 20.63456 ], [ -100.38736, 20.63459 ], [ -100.3878, 20.63448 ], [ -100.38986, 20.6338 ], [ -100.39048, 20.63357 ], [ -100.39071, 20.63369 ], [ -100.39126, 20.63385 ], [ -100.39127, 20.63371 ], [ -100.39079, 20.63359 ], [ -100.3905, 20.63348 ], [ -100.39036, 20.63337 ], [ -100.39033, 20.63319 ], [ -100.39038, 20.63294 ], [ -100.39094, 20.6321 ], [ -100.39111, 20.63164 ], [ -100.39122, 20.63119 ], [ -100.3912, 20.63093 ], [ -100.39103, 20.63027 ], [ -100.3909, 20.62972 ], [ -100.39073, 20.62927 ], [ -100.39045, 20.62867 ], [ -100.39019, 20.62833 ], [ -100.38984, 20.62806 ], [ -100.38949, 20.62784 ], [ -100.38924, 20.62769 ], [ -100.38876, 20.62752 ], [ -100.38817, 20.62744 ], [ -100.38693, 20.62737 ], [ -100.38603, 20.62731 ], [ -100.38586, 20.62726 ], [ -100.38562, 20.62716 ], [ -100.38549, 20.62698 ], [ -100.38545, 20.62677 ], [ -100.38555, 20.62658 ], [ -100.38586, 20.62634 ], [ -100.3875, 20.62551 ], [ -100.38804, 20.62525 ], [ -100.38849, 20.62499 ], [ -100.38882, 20.6247 ], [ -100.38919, 20.62417 ], [ -100.38986, 20.62317 ], [ -100.39005, 20.62288 ], [ -100.39012, 20.62256 ], [ -100.39014, 20.62225 ], [ -100.39013, 20.62165 ], [ -100.3901, 20.61987 ], [ -100.39011, 20.61919 ], [ -100.39009, 20.6189 ], [ -100.39021, 20.61858 ], [ -100.39024, 20.61842 ], [ -100.39017, 20.61812 ], [ -100.39011, 20.61792 ], [ -100.39012, 20.61728 ], [ -100.39012, 20.61691 ], [ -100.39031, 20.61631 ], [ -100.39034, 20.61607 ], [ -100.39029, 20.61569 ], [ -100.39027, 20.61546 ], [ -100.39009, 20.61449 ], [ -100.38999, 20.61403 ], [ -100.39077, 20.61379 ], [ -100.39188, 20.61342 ], [ -100.39306, 20.61325 ], [ -100.3938, 20.6132 ], [ -100.39473, 20.61323 ], [ -100.39607, 20.61317 ], [ -100.39739, 20.61303 ], [ -100.39782, 20.61306 ], [ -100.39937, 20.6132 ], [ -100.3999, 20.61315 ], [ -100.39968, 20.61148 ], [ -100.39948, 20.61011 ], [ -100.39942, 20.60958 ], [ -100.39941, 20.60842 ], [ -100.39944, 20.60699 ], [ -100.39946, 20.60536 ], [ -100.39947, 20.6036 ], [ -100.39948, 20.60307 ], [ -100.39951, 20.60276 ], [ -100.39952, 20.60255 ], [ -100.3994, 20.6022 ], [ -100.39912, 20.60118 ], [ -100.39918, 20.60102 ], [ -100.39937, 20.60094 ], [ -100.40008, 20.60092 ], [ -100.40049, 20.60088 ], [ -100.40056, 20.60082 ], [ -100.40058, 20.60041 ], [ -100.40056, 20.59999 ], [ -100.40044, 20.59947 ], [ -100.39997, 20.59776 ], [ -100.39945, 20.59599 ], [ -100.39884, 20.59404 ], [ -100.39804, 20.59156 ], [ -100.39741, 20.58955 ], [ -100.39676, 20.58744 ], [ -100.39658, 20.58677 ], [ -100.39781, 20.58636 ], [ -100.39962, 20.58573 ], [ -100.40183, 20.58494 ], [ -100.40285, 20.58451 ], [ -100.40329, 20.58431 ], [ -100.40361, 20.5842 ], [ -100.40404, 20.58422 ], [ -100.40447, 20.58431 ], [ -100.40477, 20.58428 ], [ -100.4051, 20.58421 ], [ -100.40536, 20.58402 ], [ -100.40561, 20.58375 ] ] } },
{ "type": "Feature", "properties": { "city": "Querétaro", "route_name": "14_San Pablo - El Pórtico", "route_name_short": "San Pablo - El Pórtico", "type": "Bus", "shape_id": "shape_2432" }, "geometry": { "type": "LineString", "coordinates": [ [ -100.42095, 20.61791 ], [ -100.421, 20.61789 ], [ -100.42025, 20.61653 ], [ -100.42, 20.61611 ], [ -100.41968, 20.61569 ], [ -100.4195, 20.61545 ], [ -100.41887, 20.61489 ], [ -100.41844, 20.61457 ], [ -100.4182, 20.61451 ], [ -100.41791, 20.61445 ], [ -100.41756, 20.61446 ], [ -100.41709, 20.61443 ], [ -100.41636, 20.61431 ], [ -100.41588, 20.61417 ], [ -100.41545, 20.614 ], [ -100.41369, 20.61191 ], [ -100.41299, 20.61111 ], [ -100.41236, 20.61039 ], [ -100.4118, 20.60966 ], [ -100.41029, 20.60715 ], [ -100.40882, 20.60581 ], [ -100.40666, 20.60381 ], [ -100.4056, 20.60378 ], [ -100.40444, 20.60373 ], [ -100.4021, 20.60359 ], [ -100.40152, 20.60356 ], [ -100.3994, 20.60359 ], [ -100.39941, 20.60564 ], [ -100.39717, 20.60588 ], [ -100.39691, 20.60588 ], [ -100.39573, 20.60431 ], [ -100.39546, 20.60399 ], [ -100.39498, 20.60443 ], [ -100.39456, 20.60462 ], [ -100.39399, 20.60475 ], [ -100.3933, 20.60469 ], [ -100.39298, 20.60467 ], [ -100.39272, 20.60459 ], [ -100.39271, 20.60382 ], [ -100.39261, 20.60317 ], [ -100.39354, 20.6024 ], [ -100.39374, 20.60209 ], [ -100.39393, 20.60168 ], [ -100.39396, 20.60136 ], [ -100.3939, 20.60001 ], [ -100.39387, 20.59907 ], [ -100.39389, 20.5989 ], [ -100.39397, 20.59883 ], [ -100.394, 20.59873 ], [ -100.39395, 20.59862 ], [ -100.39379, 20.59854 ], [ -100.39362, 20.59863 ], [ -100.39298, 20.59852 ], [ -100.39213, 20.59842 ], [ -100.39136, 20.59831 ], [ -100.39074, 20.59829 ], [ -100.38964, 20.59839 ], [ -100.38901, 20.59852 ], [ -100.38855, 20.59899 ], [ -100.38827, 20.59932 ], [ -100.38801, 20.59953 ], [ -100.38737, 20.59975 ], [ -100.38677, 20.59998 ], [ -100.38606, 20.5964 ], [ -100.38495, 20.59307 ], [ -100.38453, 20.59314 ], [ -100.38423, 20.59179 ], [ -100.38382, 20.59115 ], [ -100.38483, 20.59079 ], [ -100.38705, 20.58998 ], [ -100.38601, 20.58733 ], [ -100.38432, 20.58285 ], [ -100.38359, 20.581 ], [ -100.38291, 20.57917 ], [ -100.38255, 20.57829 ], [ -100.38225, 20.57743 ], [ -100.38255, 20.5766 ], [ -100.38277, 20.57579 ], [ -100.38279, 20.57484 ], [ -100.38286, 20.57318 ], [ -100.38294, 20.57152 ], [ -100.38299, 20.56928 ], [ -100.38311, 20.56703 ], [ -100.38531, 20.56713 ], [ -100.38585, 20.5671 ], [ -100.38636, 20.56701 ], [ -100.38676, 20.5668 ], [ -100.38717, 20.56775 ], [ -100.3911, 20.56633 ], [ -100.39106, 20.5662 ], [ -100.39233, 20.5658 ], [ -100.39412, 20.56523 ], [ -100.39426, 20.56573 ], [ -100.3946, 20.5657 ], [ -100.39548, 20.56436 ], [ -100.39535, 20.564 ], [ -100.3953, 20.56374 ], [ -100.39547, 20.56313 ], [ -100.3956, 20.5629 ], [ -100.39629, 20.56223 ], [ -100.39661, 20.56205 ], [ -100.39731, 20.56171 ], [ -100.39858, 20.56113 ], [ -100.39901, 20.56106 ], [ -100.39981, 20.56109 ], [ -100.401, 20.56113 ], [ -100.40072, 20.56067 ], [ -100.40118, 20.56015 ], [ -100.40054, 20.55888 ], [ -100.40212, 20.55895 ], [ -100.40239, 20.55902 ], [ -100.40543, 20.55573 ], [ -100.40734, 20.55375 ], [ -100.40919, 20.5518 ], [ -100.40951, 20.55149 ], [ -100.41092, 20.54999 ], [ -100.4124, 20.54847 ], [ -100.41262, 20.54832 ], [ -100.41272, 20.54812 ], [ -100.41378, 20.54703 ], [ -100.41362, 20.54691 ], [ -100.4125, 20.54808 ], [ -100.41233, 20.54817 ], [ -100.41228, 20.54835 ], [ -100.4108, 20.54989 ], [ -100.40939, 20.55138 ], [ -100.4091, 20.55163 ], [ -100.40763, 20.55322 ], [ -100.40614, 20.55477 ], [ -100.40323, 20.55784 ], [ -100.40311, 20.55788 ], [ -100.40288, 20.5579 ], [ -100.4021, 20.55892 ], [ -100.40051, 20.55887 ], [ -100.40109, 20.56016 ], [ -100.40064, 20.56069 ], [ -100.4009, 20.56109 ], [ -100.39975, 20.56107 ], [ -100.39876, 20.56102 ], [ -100.39723, 20.5617 ], [ -100.39648, 20.56208 ], [ -100.39622, 20.56223 ], [ -100.39601, 20.56243 ], [ -100.39553, 20.56291 ], [ -100.39541, 20.56313 ], [ -100.39525, 20.56374 ], [ -100.39522, 20.56385 ], [ -100.39446, 20.56396 ], [ -100.3942, 20.56409 ], [ -100.39402, 20.5646 ], [ -100.39377, 20.56377 ], [ -100.39085, 20.56473 ], [ -100.38813, 20.56568 ], [ -100.38606, 20.56642 ], [ -100.38294, 20.56634 ], [ -100.38286, 20.56928 ], [ -100.38282, 20.57074 ], [ -100.3827, 20.57078 ], [ -100.38262, 20.57076 ], [ -100.38148, 20.56946 ], [ -100.38133, 20.56947 ], [ -100.38124, 20.56956 ], [ -100.38122, 20.56973 ], [ -100.38205, 20.57066 ], [ -100.38279, 20.57157 ], [ -100.38277, 20.57311 ], [ -100.38264, 20.57576 ], [ -100.38258, 20.57609 ], [ -100.38247, 20.57652 ], [ -100.38217, 20.57737 ], [ -100.38245, 20.57833 ], [ -100.38284, 20.57937 ], [ -100.38367, 20.58149 ], [ -100.38561, 20.58663 ], [ -100.38682, 20.58991 ], [ -100.38368, 20.591 ], [ -100.38294, 20.59123 ], [ -100.38274, 20.59124 ], [ -100.38254, 20.59113 ], [ -100.38232, 20.59113 ], [ -100.38215, 20.59122 ], [ -100.38208, 20.59133 ], [ -100.38109, 20.59136 ], [ -100.38013, 20.59145 ], [ -100.3797, 20.59152 ], [ -100.37911, 20.59169 ], [ -100.37889, 20.5918 ], [ -100.3779, 20.59135 ], [ -100.37673, 20.59078 ], [ -100.37658, 20.59075 ], [ -100.37711, 20.59161 ], [ -100.37755, 20.59207 ], [ -100.3781, 20.59249 ], [ -100.38008, 20.59396 ], [ -100.38046, 20.59439 ], [ -100.38066, 20.59522 ], [ -100.3807, 20.59564 ], [ -100.38088, 20.5961 ], [ -100.381, 20.59642 ], [ -100.38106, 20.59701 ], [ -100.38107, 20.5976 ], [ -100.38105, 20.59833 ], [ -100.38093, 20.59942 ], [ -100.38077, 20.60035 ], [ -100.38087, 20.60093 ], [ -100.38139, 20.60095 ], [ -100.38188, 20.60105 ], [ -100.38264, 20.60129 ], [ -100.38305, 20.60136 ], [ -100.38343, 20.60141 ], [ -100.38388, 20.60138 ], [ -100.38443, 20.60119 ], [ -100.38684, 20.60038 ], [ -100.38669, 20.5997 ], [ -100.38632, 20.59777 ], [ -100.3845, 20.59797 ], [ -100.38437, 20.59851 ], [ -100.38422, 20.59909 ], [ -100.38403, 20.59952 ], [ -100.38396, 20.59999 ], [ -100.38393, 20.60039 ], [ -100.38397, 20.60101 ], [ -100.38404, 20.60133 ], [ -100.38536, 20.60087 ], [ -100.38781, 20.59992 ], [ -100.38851, 20.59946 ], [ -100.38903, 20.59897 ], [ -100.38942, 20.59874 ], [ -100.39106, 20.59856 ], [ -100.39144, 20.5986 ], [ -100.39178, 20.5987 ], [ -100.39336, 20.599 ], [ -100.39365, 20.59891 ], [ -100.39376, 20.59894 ], [ -100.39377, 20.59909 ], [ -100.39382, 20.60099 ], [ -100.39384, 20.60146 ], [ -100.39371, 20.60191 ], [ -100.39345, 20.60235 ], [ -100.39326, 20.60257 ], [ -100.39293, 20.60282 ], [ -100.39201, 20.60348 ], [ -100.39124, 20.60405 ], [ -100.38998, 20.60498 ], [ -100.38839, 20.60601 ], [ -100.38854, 20.60619 ], [ -100.38976, 20.60529 ], [ -100.39112, 20.60429 ], [ -100.39241, 20.60332 ], [ -100.39313, 20.6028 ], [ -100.39364, 20.60281 ], [ -100.39378, 20.60293 ], [ -100.3942, 20.6033 ], [ -100.39493, 20.60322 ], [ -100.39512, 20.60335 ], [ -100.39687, 20.60393 ], [ -100.39807, 20.60388 ], [ -100.39882, 20.60368 ], [ -100.39956, 20.60361 ], [ -100.40126, 20.60358 ], [ -100.40222, 20.60364 ], [ -100.40475, 20.6038 ], [ -100.40664, 20.60387 ], [ -100.40856, 20.60564 ], [ -100.41015, 20.6071 ], [ -100.4103, 20.60726 ], [ -100.41085, 20.60817 ], [ -100.41145, 20.6092 ], [ -100.41167, 20.60958 ], [ -100.41207, 20.61012 ], [ -100.41261, 20.61074 ], [ -100.41368, 20.61197 ], [ -100.41444, 20.61286 ], [ -100.41547, 20.61408 ], [ -100.41594, 20.61425 ], [ -100.41642, 20.61437 ], [ -100.41705, 20.6145 ], [ -100.41792, 20.61452 ], [ -100.41831, 20.61458 ], [ -100.41871, 20.61484 ], [ -100.41938, 20.61542 ], [ -100.41963, 20.61569 ], [ -100.42001, 20.61621 ], [ -100.42094, 20.61792 ] ] } },
{ "type": "Feature", "properties": { "city": "Querétaro", "route_name": "17_San José el Alto - Socavón", "route_name_short": "San José el Alto - Socavón", "type": "Bus", "shape_id": "shape_2475" }, "geometry": { "type": "LineString", "coordinates": [ [ -100.37717, 20.65431 ], [ -100.3769, 20.65453 ], [ -100.37664, 20.65488 ], [ -100.37629, 20.6555 ], [ -100.37636, 20.65552 ], [ -100.37659, 20.65513 ], [ -100.37673, 20.65485 ], [ -100.37708, 20.65448 ], [ -100.3775, 20.65416 ], [ -100.37783, 20.65401 ], [ -100.37823, 20.65388 ], [ -100.37873, 20.65379 ], [ -100.37998, 20.65368 ], [ -100.38136, 20.65356 ], [ -100.38377, 20.65338 ], [ -100.38599, 20.65325 ], [ -100.38595, 20.65311 ], [ -100.38306, 20.65335 ], [ -100.38219, 20.65341 ], [ -100.3821, 20.6522 ], [ -100.38207, 20.65173 ], [ -100.38222, 20.65139 ], [ -100.38283, 20.64987 ], [ -100.38329, 20.64871 ], [ -100.38339, 20.6486 ], [ -100.38393, 20.64833 ], [ -100.38414, 20.64818 ], [ -100.38417, 20.64807 ], [ -100.38418, 20.64773 ], [ -100.38417, 20.64677 ], [ -100.38422, 20.64658 ], [ -100.38437, 20.64608 ], [ -100.38455, 20.64546 ], [ -100.38466, 20.645 ], [ -100.38474, 20.64439 ], [ -100.38478, 20.64388 ], [ -100.38471, 20.64298 ], [ -100.38461, 20.64187 ], [ -100.38457, 20.64155 ], [ -100.38461, 20.64123 ], [ -100.38476, 20.64072 ], [ -100.38501, 20.63972 ], [ -100.38525, 20.63937 ], [ -100.38555, 20.63909 ], [ -100.3859, 20.63878 ], [ -100.38599, 20.63882 ], [ -100.38612, 20.63886 ], [ -100.38623, 20.6388 ], [ -100.38622, 20.6387 ], [ -100.38619, 20.6386 ], [ -100.38628, 20.63854 ], [ -100.38755, 20.63861 ], [ -100.38741, 20.63786 ], [ -100.38737, 20.63772 ], [ -100.3889, 20.63721 ], [ -100.39037, 20.63669 ], [ -100.39077, 20.63655 ], [ -100.3906, 20.63731 ], [ -100.39058, 20.63741 ], [ -100.39187, 20.63703 ], [ -100.39179, 20.63769 ], [ -100.39173, 20.63832 ], [ -100.39176, 20.63862 ], [ -100.39201, 20.63902 ], [ -100.39247, 20.63956 ], [ -100.39267, 20.63988 ], [ -100.39296, 20.6403 ], [ -100.3932, 20.64056 ], [ -100.39329, 20.64067 ], [ -100.39314, 20.64175 ], [ -100.39303, 20.64238 ], [ -100.3928, 20.64325 ], [ -100.39239, 20.64472 ], [ -100.39224, 20.6449 ], [ -100.39193, 20.64591 ], [ -100.39174, 20.64662 ], [ -100.39206, 20.64666 ], [ -100.3925, 20.64504 ], [ -100.39256, 20.64476 ], [ -100.39259, 20.64451 ], [ -100.3927, 20.64412 ], [ -100.39304, 20.64284 ], [ -100.39324, 20.64201 ], [ -100.3933, 20.6413 ], [ -100.39348, 20.64005 ], [ -100.39374, 20.63791 ], [ -100.39392, 20.63639 ], [ -100.39396, 20.63584 ], [ -100.39395, 20.63548 ], [ -100.39389, 20.63521 ], [ -100.39366, 20.63478 ], [ -100.3934, 20.63453 ], [ -100.39278, 20.63419 ], [ -100.3918, 20.63389 ], [ -100.39083, 20.6336 ], [ -100.39048, 20.63347 ], [ -100.39033, 20.6333 ], [ -100.39032, 20.63311 ], [ -100.39043, 20.63282 ], [ -100.39098, 20.63198 ], [ -100.39108, 20.63178 ], [ -100.39118, 20.63142 ], [ -100.39121, 20.63112 ], [ -100.39115, 20.63075 ], [ -100.39105, 20.63037 ], [ -100.39097, 20.62993 ], [ -100.39074, 20.62931 ], [ -100.39054, 20.62883 ], [ -100.39022, 20.62838 ], [ -100.38986, 20.6281 ], [ -100.38941, 20.6278 ], [ -100.38904, 20.62762 ], [ -100.38858, 20.62749 ], [ -100.38801, 20.62745 ], [ -100.38671, 20.62737 ], [ -100.38596, 20.62728 ], [ -100.38562, 20.62719 ], [ -100.38555, 20.62706 ], [ -100.38548, 20.62691 ], [ -100.38547, 20.62669 ], [ -100.3856, 20.62652 ], [ -100.38585, 20.62637 ], [ -100.38735, 20.6256 ], [ -100.38788, 20.62533 ], [ -100.38852, 20.62498 ], [ -100.38872, 20.62479 ], [ -100.38895, 20.62455 ], [ -100.38937, 20.62392 ], [ -100.3898, 20.62328 ], [ -100.38999, 20.62298 ], [ -100.39008, 20.62277 ], [ -100.39013, 20.62253 ], [ -100.39015, 20.62226 ], [ -100.39012, 20.62147 ], [ -100.39011, 20.61992 ], [ -100.39008, 20.61922 ], [ -100.39012, 20.61894 ], [ -100.39017, 20.61873 ], [ -100.39027, 20.61843 ], [ -100.39023, 20.61827 ], [ -100.39014, 20.61805 ], [ -100.39014, 20.61762 ], [ -100.39011, 20.61694 ], [ -100.39022, 20.61661 ], [ -100.39034, 20.61627 ], [ -100.39033, 20.61608 ], [ -100.39026, 20.6156 ], [ -100.39024, 20.6152 ], [ -100.39002, 20.61417 ], [ -100.3899, 20.6137 ], [ -100.38979, 20.6133 ], [ -100.38952, 20.61225 ], [ -100.38899, 20.61112 ], [ -100.38853, 20.61016 ], [ -100.38832, 20.61005 ], [ -100.38806, 20.61007 ], [ -100.38763, 20.61021 ], [ -100.38745, 20.61025 ], [ -100.38723, 20.61018 ], [ -100.38704, 20.61007 ], [ -100.38691, 20.60981 ], [ -100.38648, 20.60876 ], [ -100.38645, 20.60859 ], [ -100.38641, 20.60834 ], [ -100.38645, 20.60806 ], [ -100.38656, 20.60777 ], [ -100.38677, 20.60749 ], [ -100.38712, 20.60723 ], [ -100.38827, 20.60641 ], [ -100.38994, 20.60516 ], [ -100.39144, 20.60404 ], [ -100.39315, 20.6028 ], [ -100.39351, 20.60245 ], [ -100.39377, 20.60211 ], [ -100.39393, 20.60164 ], [ -100.39397, 20.60135 ], [ -100.39395, 20.60102 ], [ -100.39388, 20.59953 ], [ -100.39386, 20.59899 ], [ -100.39394, 20.59889 ], [ -100.394, 20.59881 ], [ -100.39413, 20.59878 ], [ -100.39446, 20.59861 ], [ -100.39478, 20.59843 ], [ -100.39513, 20.59825 ], [ -100.39539, 20.59819 ], [ -100.39605, 20.59812 ], [ -100.39646, 20.59815 ], [ -100.39691, 20.59827 ], [ -100.39724, 20.59827 ], [ -100.39785, 20.59809 ], [ -100.39858, 20.59778 ], [ -100.39986, 20.59731 ], [ -100.39948, 20.59614 ], [ -100.39862, 20.59339 ], [ -100.39801, 20.59142 ], [ -100.39733, 20.58933 ], [ -100.39653, 20.58662 ], [ -100.39398, 20.58743 ], [ -100.39034, 20.58869 ], [ -100.38753, 20.58968 ], [ -100.38489, 20.5906 ], [ -100.38365, 20.59105 ], [ -100.38276, 20.59125 ], [ -100.38261, 20.59116 ], [ -100.38252, 20.59111 ], [ -100.38225, 20.59116 ], [ -100.38211, 20.59127 ], [ -100.38196, 20.59133 ], [ -100.38109, 20.59139 ], [ -100.37976, 20.59151 ], [ -100.37948, 20.59158 ], [ -100.37903, 20.59174 ], [ -100.37858, 20.59206 ], [ -100.37734, 20.59294 ], [ -100.37486, 20.59475 ], [ -100.37249, 20.59649 ], [ -100.37037, 20.59801 ], [ -100.37017, 20.59814 ], [ -100.37021, 20.59829 ], [ -100.37012, 20.59849 ], [ -100.37005, 20.59876 ], [ -100.36994, 20.59957 ], [ -100.36978, 20.59984 ], [ -100.36964, 20.60004 ], [ -100.36916, 20.60042 ], [ -100.36891, 20.60059 ], [ -100.36821, 20.60096 ], [ -100.36708, 20.60158 ], [ -100.3667, 20.60174 ], [ -100.36647, 20.60176 ], [ -100.36623, 20.60175 ], [ -100.36631, 20.60278 ], [ -100.36638, 20.60387 ], [ -100.36549, 20.60391 ], [ -100.36475, 20.60389 ], [ -100.36441, 20.60385 ], [ -100.364, 20.60376 ], [ -100.36319, 20.60355 ], [ -100.36278, 20.60342 ], [ -100.36225, 20.60316 ], [ -100.36146, 20.60275 ], [ -100.36102, 20.60253 ], [ -100.3605, 20.60223 ], [ -100.36029, 20.60214 ], [ -100.35975, 20.60199 ], [ -100.35905, 20.60183 ], [ -100.35839, 20.60174 ], [ -100.35765, 20.60165 ], [ -100.35599, 20.60151 ], [ -100.35556, 20.6015 ], [ -100.35523, 20.60153 ], [ -100.35445, 20.6018 ], [ -100.35351, 20.6022 ], [ -100.35265, 20.60271 ], [ -100.35172, 20.60317 ], [ -100.35052, 20.60373 ], [ -100.34869, 20.60484 ], [ -100.34833, 20.60501 ], [ -100.34696, 20.6055 ], [ -100.34642, 20.60565 ], [ -100.34559, 20.60577 ], [ -100.34511, 20.6058 ], [ -100.34447, 20.60589 ], [ -100.34408, 20.60601 ], [ -100.34363, 20.60622 ], [ -100.34305, 20.6066 ], [ -100.34193, 20.60743 ], [ -100.34078, 20.60828 ], [ -100.34039, 20.60849 ], [ -100.33979, 20.60876 ], [ -100.3386, 20.60922 ], [ -100.33816, 20.60933 ], [ -100.33771, 20.60944 ], [ -100.33716, 20.60963 ], [ -100.3368, 20.60965 ], [ -100.33614, 20.60965 ], [ -100.33581, 20.60962 ], [ -100.33524, 20.60944 ], [ -100.33467, 20.60931 ], [ -100.33413, 20.60924 ], [ -100.33339, 20.60921 ], [ -100.33275, 20.60923 ], [ -100.33191, 20.60931 ], [ -100.33081, 20.60934 ], [ -100.33048, 20.60942 ], [ -100.33014, 20.60955 ], [ -100.32948, 20.60987 ], [ -100.32894, 20.61031 ], [ -100.32845, 20.61087 ], [ -100.32778, 20.61176 ], [ -100.32667, 20.61312 ], [ -100.3259, 20.61407 ], [ -100.32522, 20.61465 ], [ -100.32416, 20.6156 ], [ -100.32373, 20.61587 ], [ -100.3233, 20.61609 ], [ -100.32298, 20.61619 ], [ -100.32232, 20.61629 ], [ -100.32165, 20.61636 ], [ -100.32134, 20.61639 ], [ -100.32101, 20.61649 ], [ -100.32067, 20.61659 ], [ -100.32036, 20.61676 ], [ -100.31994, 20.617 ], [ -100.31997, 20.61705 ], [ -100.32027, 20.61686 ], [ -100.32079, 20.61661 ], [ -100.32131, 20.61644 ], [ -100.32216, 20.61635 ], [ -100.32288, 20.61626 ], [ -100.32322, 20.61615 ], [ -100.32359, 20.61601 ], [ -100.32403, 20.61576 ], [ -100.32452, 20.61536 ], [ -100.32568, 20.61432 ], [ -100.3261, 20.61392 ], [ -100.32684, 20.61298 ], [ -100.32826, 20.6112 ], [ -100.32902, 20.61032 ], [ -100.32942, 20.60996 ], [ -100.32974, 20.60979 ], [ -100.33035, 20.60952 ], [ -100.33072, 20.60941 ], [ -100.33108, 20.60937 ], [ -100.33215, 20.60932 ], [ -100.33327, 20.60924 ], [ -100.33399, 20.60929 ], [ -100.33455, 20.60933 ], [ -100.33535, 20.60951 ], [ -100.3359, 20.60967 ], [ -100.33664, 20.6097 ], [ -100.33727, 20.60964 ], [ -100.33794, 20.60945 ], [ -100.33881, 20.60921 ], [ -100.33964, 20.60888 ], [ -100.3407, 20.60837 ], [ -100.34119, 20.60805 ], [ -100.34257, 20.60704 ], [ -100.3432, 20.60654 ], [ -100.34383, 20.60618 ], [ -100.34438, 20.60597 ], [ -100.34525, 20.60584 ], [ -100.34592, 20.60577 ], [ -100.34655, 20.60566 ], [ -100.34738, 20.6054 ], [ -100.34846, 20.60499 ], [ -100.34887, 20.60478 ], [ -100.3505, 20.60381 ], [ -100.35126, 20.60343 ], [ -100.35209, 20.60305 ], [ -100.35275, 20.60268 ], [ -100.35362, 20.60218 ], [ -100.35508, 20.60163 ], [ -100.35541, 20.60156 ], [ -100.35571, 20.60153 ], [ -100.35706, 20.60163 ], [ -100.35891, 20.60185 ], [ -100.35963, 20.602 ], [ -100.36019, 20.60214 ], [ -100.36063, 20.60234 ], [ -100.36205, 20.6031 ], [ -100.36286, 20.60349 ], [ -100.3635, 20.60367 ], [ -100.36434, 20.60388 ], [ -100.36467, 20.60394 ], [ -100.36534, 20.60394 ], [ -100.36643, 20.60391 ], [ -100.36634, 20.60237 ], [ -100.36629, 20.6018 ], [ -100.36665, 20.6018 ], [ -100.36694, 20.60172 ], [ -100.36813, 20.60107 ], [ -100.36915, 20.60052 ], [ -100.36933, 20.60034 ], [ -100.36964, 20.60009 ], [ -100.36982, 20.59991 ], [ -100.36993, 20.59967 ], [ -100.37002, 20.5994 ], [ -100.37006, 20.59905 ], [ -100.37012, 20.59869 ], [ -100.37015, 20.59854 ], [ -100.37024, 20.59836 ], [ -100.37029, 20.59828 ], [ -100.37211, 20.59695 ], [ -100.37396, 20.59562 ], [ -100.37637, 20.59385 ], [ -100.37875, 20.5921 ], [ -100.37917, 20.59189 ], [ -100.37971, 20.59163 ], [ -100.38006, 20.59158 ], [ -100.38088, 20.59154 ], [ -100.38216, 20.59146 ], [ -100.38231, 20.59151 ], [ -100.38246, 20.59156 ], [ -100.38264, 20.59146 ], [ -100.38281, 20.59137 ], [ -100.3833, 20.59128 ], [ -100.3838, 20.59115 ], [ -100.38535, 20.59059 ], [ -100.38792, 20.58967 ], [ -100.3906, 20.58873 ], [ -100.39368, 20.58773 ], [ -100.39664, 20.58673 ], [ -100.39959, 20.58573 ], [ -100.40223, 20.58481 ], [ -100.40302, 20.5866 ], [ -100.40454, 20.58984 ], [ -100.40578, 20.59264 ], [ -100.40653, 20.59437 ], [ -100.40703, 20.59555 ], [ -100.40553, 20.59568 ], [ -100.40434, 20.59583 ], [ -100.4032, 20.59594 ], [ -100.40234, 20.59596 ], [ -100.40182, 20.59596 ], [ -100.40124, 20.59606 ], [ -100.40037, 20.59632 ], [ -100.40004, 20.5965 ], [ -100.39942, 20.5969 ], [ -100.39843, 20.59752 ], [ -100.39759, 20.59782 ], [ -100.39713, 20.5979 ], [ -100.39679, 20.59787 ], [ -100.39604, 20.59777 ], [ -100.39559, 20.59778 ], [ -100.39485, 20.59792 ], [ -100.39443, 20.59811 ], [ -100.39389, 20.59846 ], [ -100.39378, 20.59855 ], [ -100.39367, 20.59862 ], [ -100.39367, 20.59878 ], [ -100.39375, 20.59893 ], [ -100.39376, 20.59903 ], [ -100.39383, 20.60106 ], [ -100.39383, 20.60148 ], [ -100.39376, 20.60179 ], [ -100.39363, 20.60208 ], [ -100.39335, 20.60247 ], [ -100.39307, 20.60272 ], [ -100.39279, 20.60285 ], [ -100.39258, 20.60305 ], [ -100.39208, 20.60344 ], [ -100.39113, 20.60416 ], [ -100.38974, 20.60517 ], [ -100.38912, 20.60557 ], [ -100.38748, 20.60653 ], [ -100.38624, 20.60733 ], [ -100.38598, 20.60778 ], [ -100.38591, 20.60807 ], [ -100.38592, 20.60829 ], [ -100.38605, 20.60868 ], [ -100.38684, 20.61022 ], [ -100.38783, 20.6124 ], [ -100.38828, 20.61327 ], [ -100.38864, 20.61376 ], [ -100.38911, 20.61447 ], [ -100.3896, 20.61506 ], [ -100.38986, 20.61503 ], [ -100.39009, 20.61486 ], [ -100.39016, 20.61475 ], [ -100.39004, 20.61428 ], [ -100.3899, 20.61379 ], [ -100.38979, 20.61383 ], [ -100.38946, 20.61409 ], [ -100.38919, 20.61446 ], [ -100.38924, 20.61463 ], [ -100.38982, 20.61544 ], [ -100.38992, 20.61583 ], [ -100.38992, 20.61653 ], [ -100.38994, 20.61704 ], [ -100.38985, 20.6173 ], [ -100.38987, 20.61741 ], [ -100.38999, 20.61768 ], [ -100.39, 20.61805 ], [ -100.39005, 20.61942 ], [ -100.39007, 20.6211 ], [ -100.3901, 20.6224 ], [ -100.39005, 20.62273 ], [ -100.38992, 20.62301 ], [ -100.38964, 20.62344 ], [ -100.38888, 20.62453 ], [ -100.38863, 20.62482 ], [ -100.38836, 20.625 ], [ -100.38792, 20.62525 ], [ -100.38629, 20.62605 ], [ -100.38566, 20.62637 ], [ -100.3854, 20.62655 ], [ -100.38529, 20.62685 ], [ -100.38535, 20.62706 ], [ -100.38551, 20.62728 ], [ -100.38595, 20.62739 ], [ -100.3884, 20.62761 ], [ -100.38883, 20.62767 ], [ -100.38924, 20.62785 ], [ -100.38961, 20.62806 ], [ -100.39001, 20.62837 ], [ -100.39027, 20.62866 ], [ -100.39052, 20.62904 ], [ -100.39063, 20.62932 ], [ -100.39078, 20.62984 ], [ -100.39109, 20.631 ], [ -100.39108, 20.6314 ], [ -100.39096, 20.63178 ], [ -100.3908, 20.63203 ], [ -100.39024, 20.63294 ], [ -100.3902, 20.63319 ], [ -100.39029, 20.63345 ], [ -100.39056, 20.63363 ], [ -100.39199, 20.63406 ], [ -100.39293, 20.63438 ], [ -100.39334, 20.63459 ], [ -100.39359, 20.63485 ], [ -100.39379, 20.63523 ], [ -100.39388, 20.6356 ], [ -100.39384, 20.6359 ], [ -100.39369, 20.63719 ], [ -100.3935, 20.63848 ], [ -100.39336, 20.63866 ], [ -100.3933, 20.63905 ], [ -100.39322, 20.63957 ], [ -100.39314, 20.6398 ], [ -100.39299, 20.63987 ], [ -100.39279, 20.63979 ], [ -100.39252, 20.63957 ], [ -100.39231, 20.63933 ], [ -100.39198, 20.63891 ], [ -100.39181, 20.63861 ], [ -100.39177, 20.63842 ], [ -100.39176, 20.63821 ], [ -100.39192, 20.63696 ], [ -100.39065, 20.63735 ], [ -100.39082, 20.63648 ], [ -100.38928, 20.63703 ], [ -100.38732, 20.6377 ], [ -100.38742, 20.63812 ], [ -100.38747, 20.6385 ], [ -100.38747, 20.63858 ], [ -100.38663, 20.63851 ], [ -100.38632, 20.6385 ], [ -100.3862, 20.63851 ], [ -100.38615, 20.63859 ], [ -100.38599, 20.63859 ], [ -100.38594, 20.63869 ], [ -100.3858, 20.63879 ], [ -100.38535, 20.63918 ], [ -100.38506, 20.63955 ], [ -100.38492, 20.63984 ], [ -100.38476, 20.64061 ], [ -100.3845, 20.64153 ], [ -100.38459, 20.64198 ], [ -100.38472, 20.64375 ], [ -100.38472, 20.64408 ], [ -100.38465, 20.64461 ], [ -100.38459, 20.64512 ], [ -100.38423, 20.64643 ], [ -100.38412, 20.64685 ], [ -100.38412, 20.64776 ], [ -100.38411, 20.64811 ], [ -100.38405, 20.64819 ], [ -100.38383, 20.64834 ], [ -100.38345, 20.64853 ], [ -100.38327, 20.64863 ], [ -100.38318, 20.6489 ], [ -100.38254, 20.65046 ], [ -100.3819, 20.6521 ], [ -100.38138, 20.65343 ], [ -100.37976, 20.65356 ], [ -100.37871, 20.65367 ], [ -100.37816, 20.6538 ], [ -100.37769, 20.65397 ], [ -100.37737, 20.65413 ], [ -100.37717, 20.65431 ] ] } },
{ "type": "Feature", "properties": { "city": "Querétaro", "route_name": "19_Terminal de Autobuses - Fray Junípero Serra", "route_name_short": "Terminal de Autobuses - Fray Junípero Serra", "type": "Bus", "shape_id": "shape_2433" }, "geometry": { "type": "LineString", "coordinates": [ [ -100.37758, 20.65589 ], [ -100.3769, 20.65594 ], [ -100.37641, 20.65726 ], [ -100.37545, 20.65693 ], [ -100.37534, 20.65712 ], [ -100.37467, 20.65825 ], [ -100.37452, 20.6586 ], [ -100.37443, 20.65913 ], [ -100.37447, 20.65944 ], [ -100.37464, 20.65985 ], [ -100.37452, 20.65986 ], [ -100.37392, 20.65976 ], [ -100.37332, 20.65966 ], [ -100.37217, 20.65939 ], [ -100.37179, 20.65933 ], [ -100.37167, 20.65979 ], [ -100.37191, 20.65987 ], [ -100.37184, 20.66017 ], [ -100.36878, 20.65955 ], [ -100.36876, 20.65945 ], [ -100.36864, 20.65938 ], [ -100.36852, 20.65938 ], [ -100.36845, 20.65947 ], [ -100.36833, 20.65947 ], [ -100.3653, 20.65887 ], [ -100.36529, 20.6589 ], [ -100.3668, 20.65921 ], [ -100.36838, 20.65952 ], [ -100.36841, 20.65957 ], [ -100.36848, 20.65967 ], [ -100.36858, 20.65971 ], [ -100.36871, 20.65969 ], [ -100.36877, 20.65961 ], [ -100.36996, 20.65983 ], [ -100.37188, 20.66022 ], [ -100.37197, 20.65983 ], [ -100.37173, 20.65978 ], [ -100.37184, 20.65938 ], [ -100.37202, 20.6594 ], [ -100.37247, 20.65949 ], [ -100.37304, 20.65965 ], [ -100.37338, 20.65974 ], [ -100.37446, 20.65988 ], [ -100.37472, 20.65989 ], [ -100.37456, 20.65953 ], [ -100.3745, 20.65922 ], [ -100.37451, 20.65891 ], [ -100.37463, 20.65844 ], [ -100.37532, 20.65723 ], [ -100.37608, 20.65597 ], [ -100.37641, 20.65538 ], [ -100.37681, 20.65479 ], [ -100.37716, 20.6544 ], [ -100.37747, 20.6542 ], [ -100.37779, 20.65403 ], [ -100.37825, 20.65388 ], [ -100.37852, 20.65382 ], [ -100.38399, 20.65338 ], [ -100.38514, 20.6533 ], [ -100.3862, 20.65319 ], [ -100.38724, 20.65317 ], [ -100.38827, 20.65314 ], [ -100.38883, 20.65307 ], [ -100.38926, 20.6529 ], [ -100.38978, 20.65276 ], [ -100.39097, 20.65198 ], [ -100.39132, 20.65169 ], [ -100.39148, 20.65145 ], [ -100.39165, 20.65105 ], [ -100.39172, 20.65047 ], [ -100.39166, 20.64998 ], [ -100.39165, 20.64958 ], [ -100.39161, 20.64891 ], [ -100.39162, 20.64827 ], [ -100.39178, 20.64768 ], [ -100.39207, 20.6466 ], [ -100.39252, 20.64473 ], [ -100.39282, 20.64359 ], [ -100.3931, 20.64256 ], [ -100.39322, 20.64198 ], [ -100.39333, 20.64132 ], [ -100.39368, 20.63861 ], [ -100.39379, 20.63733 ], [ -100.39395, 20.63598 ], [ -100.39398, 20.63566 ], [ -100.39394, 20.63546 ], [ -100.39379, 20.635 ], [ -100.39361, 20.63475 ], [ -100.39336, 20.63452 ], [ -100.3931, 20.63432 ], [ -100.39176, 20.63386 ], [ -100.39061, 20.63353 ], [ -100.39045, 20.63343 ], [ -100.39035, 20.63331 ], [ -100.39033, 20.63304 ], [ -100.39101, 20.63189 ], [ -100.3912, 20.63129 ], [ -100.39121, 20.63097 ], [ -100.39116, 20.63073 ], [ -100.39101, 20.6302 ], [ -100.39089, 20.62961 ], [ -100.39061, 20.62899 ], [ -100.39033, 20.62852 ], [ -100.39014, 20.62827 ], [ -100.38951, 20.62784 ], [ -100.38909, 20.62765 ], [ -100.38863, 20.62748 ], [ -100.38681, 20.62735 ], [ -100.38591, 20.62725 ], [ -100.38568, 20.6272 ], [ -100.38559, 20.6271 ], [ -100.38546, 20.62689 ], [ -100.3855, 20.62669 ], [ -100.38562, 20.62649 ], [ -100.38834, 20.62509 ], [ -100.3887, 20.62485 ], [ -100.38895, 20.62457 ], [ -100.38976, 20.62333 ], [ -100.38991, 20.62313 ], [ -100.39001, 20.62291 ], [ -100.3901, 20.62275 ], [ -100.39013, 20.62256 ], [ -100.39014, 20.62228 ], [ -100.39013, 20.62004 ], [ -100.3901, 20.61915 ], [ -100.39016, 20.61881 ], [ -100.39026, 20.6185 ], [ -100.39025, 20.61831 ], [ -100.39015, 20.61811 ], [ -100.39011, 20.61701 ], [ -100.39032, 20.61623 ], [ -100.39031, 20.61595 ], [ -100.39023, 20.61512 ], [ -100.38998, 20.61393 ], [ -100.38984, 20.61349 ], [ -100.38959, 20.61249 ], [ -100.38928, 20.61172 ], [ -100.38854, 20.61017 ], [ -100.38825, 20.61006 ], [ -100.38774, 20.61018 ], [ -100.38754, 20.61025 ], [ -100.38728, 20.61022 ], [ -100.38699, 20.61001 ], [ -100.38644, 20.60859 ], [ -100.3864, 20.60831 ], [ -100.38644, 20.60802 ], [ -100.38662, 20.60768 ], [ -100.38695, 20.60734 ], [ -100.38995, 20.60515 ], [ -100.39279, 20.60304 ], [ -100.39343, 20.60257 ], [ -100.39364, 20.60231 ], [ -100.39375, 20.60207 ], [ -100.39385, 20.60189 ], [ -100.39389, 20.60173 ], [ -100.39396, 20.60151 ], [ -100.39389, 20.60028 ], [ -100.39387, 20.599 ], [ -100.39389, 20.59892 ], [ -100.39399, 20.59886 ], [ -100.39419, 20.59876 ], [ -100.39495, 20.59833 ], [ -100.39531, 20.59821 ], [ -100.39572, 20.59815 ], [ -100.39617, 20.59811 ], [ -100.39694, 20.59829 ], [ -100.39726, 20.59827 ], [ -100.39762, 20.59816 ], [ -100.39857, 20.5978 ], [ -100.39947, 20.59742 ], [ -100.39979, 20.59716 ], [ -100.39942, 20.59596 ], [ -100.39842, 20.59267 ], [ -100.39745, 20.58972 ], [ -100.39655, 20.5866 ], [ -100.39391, 20.58746 ], [ -100.39053, 20.58861 ], [ -100.38718, 20.58979 ], [ -100.38432, 20.59083 ], [ -100.38352, 20.59107 ], [ -100.38276, 20.59125 ], [ -100.38259, 20.59115 ], [ -100.38243, 20.5911 ], [ -100.38222, 20.59118 ], [ -100.38213, 20.59129 ], [ -100.38126, 20.59136 ], [ -100.3802, 20.59144 ], [ -100.37964, 20.59153 ], [ -100.37888, 20.59182 ], [ -100.37659, 20.59074 ], [ -100.37656, 20.59066 ], [ -100.37645, 20.58991 ], [ -100.37641, 20.58919 ], [ -100.37638, 20.58696 ], [ -100.37626, 20.5868 ], [ -100.37517, 20.58696 ], [ -100.37476, 20.58567 ], [ -100.37462, 20.58477 ], [ -100.37449, 20.58379 ], [ -100.37421, 20.58043 ], [ -100.37415, 20.57981 ], [ -100.37419, 20.57912 ], [ -100.37425, 20.57766 ], [ -100.37414, 20.57746 ], [ -100.37171, 20.5779 ], [ -100.37124, 20.57799 ], [ -100.36961, 20.57867 ], [ -100.36749, 20.57958 ], [ -100.36691, 20.57978 ], [ -100.36535, 20.5801 ], [ -100.36357, 20.58047 ], [ -100.3633, 20.58051 ], [ -100.36287, 20.5803 ], [ -100.36243, 20.58011 ], [ -100.36207, 20.57995 ], [ -100.36187, 20.5799 ], [ -100.36164, 20.57986 ], [ -100.36148, 20.57989 ], [ -100.36092, 20.58027 ], [ -100.3605, 20.58056 ], [ -100.36033, 20.58065 ], [ -100.36021, 20.58064 ], [ -100.36002, 20.5806 ], [ -100.35985, 20.58039 ], [ -100.35974, 20.57993 ], [ -100.35949, 20.5788 ], [ -100.35926, 20.57879 ], [ -100.35912, 20.57891 ], [ -100.35913, 20.57905 ], [ -100.35933, 20.58006 ], [ -100.35937, 20.5802 ], [ -100.35937, 20.58063 ], [ -100.35931, 20.58082 ], [ -100.35919, 20.58098 ], [ -100.359, 20.58109 ], [ -100.35877, 20.58117 ], [ -100.35876, 20.58126 ], [ -100.35878, 20.58135 ], [ -100.35888, 20.58137 ], [ -100.35903, 20.58134 ], [ -100.35935, 20.5812 ], [ -100.35948, 20.58102 ], [ -100.35946, 20.58082 ], [ -100.35944, 20.58052 ], [ -100.35949, 20.58044 ], [ -100.3596, 20.5804 ], [ -100.36001, 20.58071 ], [ -100.36017, 20.58075 ], [ -100.36032, 20.58072 ], [ -100.36058, 20.58064 ], [ -100.36146, 20.57999 ], [ -100.36166, 20.57996 ], [ -100.36187, 20.57999 ], [ -100.36215, 20.58008 ], [ -100.36329, 20.58057 ], [ -100.36351, 20.5806 ], [ -100.3637, 20.58057 ], [ -100.36393, 20.58056 ], [ -100.3654, 20.58031 ], [ -100.36694, 20.57999 ], [ -100.3679, 20.57958 ], [ -100.36856, 20.57927 ], [ -100.37109, 20.57827 ], [ -100.37189, 20.57805 ], [ -100.37411, 20.57764 ], [ -100.37414, 20.57835 ], [ -100.37409, 20.57877 ], [ -100.37404, 20.57922 ], [ -100.37405, 20.57984 ], [ -100.3743, 20.58274 ], [ -100.37452, 20.58457 ], [ -100.37465, 20.58563 ], [ -100.37506, 20.58694 ], [ -100.373, 20.58734 ], [ -100.37055, 20.5878 ], [ -100.37066, 20.58791 ], [ -100.37319, 20.58744 ], [ -100.37511, 20.58711 ], [ -100.37655, 20.58692 ], [ -100.37751, 20.58673 ], [ -100.37817, 20.58666 ], [ -100.37968, 20.58638 ], [ -100.38033, 20.58631 ], [ -100.38089, 20.58631 ], [ -100.38125, 20.58636 ], [ -100.38437, 20.58713 ], [ -100.38502, 20.5872 ], [ -100.38544, 20.58718 ], [ -100.38598, 20.58709 ], [ -100.38862, 20.5861 ], [ -100.39149, 20.58506 ], [ -100.39395, 20.58419 ], [ -100.39514, 20.58722 ], [ -100.39833, 20.58617 ], [ -100.40185, 20.58495 ], [ -100.40234, 20.58513 ], [ -100.40317, 20.58692 ], [ -100.40483, 20.5905 ], [ -100.40612, 20.59336 ], [ -100.407, 20.59553 ], [ -100.40303, 20.59596 ], [ -100.40159, 20.59597 ], [ -100.40048, 20.59629 ], [ -100.40009, 20.59646 ], [ -100.39976, 20.59667 ], [ -100.39861, 20.59741 ], [ -100.39786, 20.59773 ], [ -100.39752, 20.59784 ], [ -100.39687, 20.5979 ], [ -100.39622, 20.59779 ], [ -100.39578, 20.59778 ], [ -100.39537, 20.59779 ], [ -100.39489, 20.59792 ], [ -100.39442, 20.59812 ], [ -100.39383, 20.59846 ], [ -100.39375, 20.59857 ], [ -100.39365, 20.5987 ], [ -100.39374, 20.59901 ], [ -100.39384, 20.6013 ], [ -100.3938, 20.6017 ], [ -100.39363, 20.60214 ], [ -100.39335, 20.60251 ], [ -100.39274, 20.60294 ], [ -100.38988, 20.60508 ], [ -100.38646, 20.60712 ], [ -100.38619, 20.60739 ], [ -100.38599, 20.60778 ], [ -100.38589, 20.60813 ], [ -100.38601, 20.60853 ], [ -100.38636, 20.60922 ], [ -100.38655, 20.60962 ], [ -100.38727, 20.61114 ], [ -100.38797, 20.61269 ], [ -100.38846, 20.61348 ], [ -100.38936, 20.61476 ], [ -100.38964, 20.61512 ], [ -100.38983, 20.61545 ], [ -100.38988, 20.61588 ], [ -100.38994, 20.61699 ], [ -100.38988, 20.61728 ], [ -100.38992, 20.61747 ], [ -100.39001, 20.61777 ], [ -100.39005, 20.61927 ], [ -100.39008, 20.62077 ], [ -100.3901, 20.62227 ], [ -100.39004, 20.62262 ], [ -100.39001, 20.6228 ], [ -100.38993, 20.62299 ], [ -100.38976, 20.62325 ], [ -100.38884, 20.6246 ], [ -100.38872, 20.62473 ], [ -100.38828, 20.62505 ], [ -100.38568, 20.62635 ], [ -100.38541, 20.62652 ], [ -100.38532, 20.62674 ], [ -100.38531, 20.62691 ], [ -100.38538, 20.62713 ], [ -100.38554, 20.62726 ], [ -100.38582, 20.62734 ], [ -100.38657, 20.62744 ], [ -100.38853, 20.62758 ], [ -100.38885, 20.62768 ], [ -100.38927, 20.62783 ], [ -100.38971, 20.62812 ], [ -100.39006, 20.62842 ], [ -100.39027, 20.62867 ], [ -100.3905, 20.62901 ], [ -100.39069, 20.62955 ], [ -100.39104, 20.63077 ], [ -100.39109, 20.63111 ], [ -100.39106, 20.6314 ], [ -100.39093, 20.63184 ], [ -100.39023, 20.63298 ], [ -100.39021, 20.63329 ], [ -100.3904, 20.63351 ], [ -100.39061, 20.63363 ], [ -100.39177, 20.63399 ], [ -100.39299, 20.63438 ], [ -100.39325, 20.63455 ], [ -100.39345, 20.63469 ], [ -100.39361, 20.63493 ], [ -100.39384, 20.63536 ], [ -100.39386, 20.63573 ], [ -100.39366, 20.63738 ], [ -100.39343, 20.63908 ], [ -100.39327, 20.64077 ], [ -100.393, 20.64244 ], [ -100.39272, 20.64352 ], [ -100.39238, 20.64465 ], [ -100.39211, 20.64521 ], [ -100.39148, 20.64752 ], [ -100.39137, 20.64796 ], [ -100.39129, 20.6489 ], [ -100.39138, 20.64937 ], [ -100.39149, 20.6497 ], [ -100.39154, 20.65048 ], [ -100.39155, 20.65073 ], [ -100.39148, 20.65108 ], [ -100.39133, 20.65137 ], [ -100.39108, 20.6517 ], [ -100.39074, 20.65198 ], [ -100.38939, 20.6527 ], [ -100.38908, 20.65284 ], [ -100.38877, 20.65293 ], [ -100.38828, 20.65297 ], [ -100.38725, 20.653 ], [ -100.38033, 20.65352 ], [ -100.38033, 20.65368 ], [ -100.38105, 20.65362 ], [ -100.38112, 20.65556 ], [ -100.38035, 20.65562 ], [ -100.3798, 20.6557 ], [ -100.3776, 20.65591 ] ] } },
{ "type": "Feature", "properties": { "city": "Querétaro", "route_name": "21_Bosques del Cimatario - La Loma", "route_name_short": "Bosques del Cimatario - La Loma", "type": "Bus", "shape_id": "shape_2435" }, "geometry": { "type": "LineString", "coordinates": [ [ -100.38501, 20.54588 ], [ -100.38499, 20.54608 ], [ -100.38509, 20.5462 ], [ -100.38531, 20.54703 ], [ -100.38529, 20.54751 ], [ -100.38498, 20.54909 ], [ -100.3852, 20.54974 ], [ -100.38592, 20.55152 ], [ -100.38757, 20.55563 ], [ -100.38829, 20.55751 ], [ -100.389, 20.55937 ], [ -100.38913, 20.55963 ], [ -100.38935, 20.56017 ], [ -100.38966, 20.56103 ], [ -100.38913, 20.56118 ], [ -100.38949, 20.56209 ], [ -100.3902, 20.56392 ], [ -100.39159, 20.56763 ], [ -100.39233, 20.56948 ], [ -100.39311, 20.57146 ], [ -100.38957, 20.57239 ], [ -100.3873, 20.57291 ], [ -100.38677, 20.57308 ], [ -100.38746, 20.57404 ], [ -100.3877, 20.57434 ], [ -100.38775, 20.57465 ], [ -100.38584, 20.575 ], [ -100.38493, 20.57545 ], [ -100.38473, 20.57549 ], [ -100.38499, 20.57622 ], [ -100.38504, 20.57641 ], [ -100.38479, 20.57679 ], [ -100.38381, 20.57735 ], [ -100.38287, 20.57749 ], [ -100.38183, 20.57769 ], [ -100.38167, 20.5776 ], [ -100.38161, 20.57746 ], [ -100.38162, 20.57732 ], [ -100.38174, 20.57723 ], [ -100.38197, 20.57724 ], [ -100.38361, 20.58132 ], [ -100.38429, 20.58315 ], [ -100.38502, 20.58499 ], [ -100.38647, 20.58891 ], [ -100.38686, 20.59007 ], [ -100.38989, 20.58896 ], [ -100.39472, 20.58739 ], [ -100.39812, 20.58623 ], [ -100.4004, 20.58541 ], [ -100.40232, 20.58476 ], [ -100.40326, 20.58428 ], [ -100.40369, 20.58423 ], [ -100.40405, 20.58424 ], [ -100.40454, 20.58432 ], [ -100.40506, 20.58423 ], [ -100.40537, 20.58401 ], [ -100.40562, 20.58376 ], [ -100.40618, 20.58295 ], [ -100.40665, 20.58227 ], [ -100.40706, 20.5819 ], [ -100.40859, 20.58338 ], [ -100.4101, 20.58473 ], [ -100.41175, 20.58626 ], [ -100.41215, 20.58679 ], [ -100.41248, 20.5873 ], [ -100.41278, 20.58809 ], [ -100.41301, 20.58892 ], [ -100.41472, 20.59497 ], [ -100.41598, 20.59933 ], [ -100.41723, 20.60366 ], [ -100.4182, 20.60722 ], [ -100.41916, 20.61067 ], [ -100.41956, 20.6119 ], [ -100.41989, 20.61311 ], [ -100.42044, 20.61515 ], [ -100.42098, 20.61698 ], [ -100.42204, 20.6208 ], [ -100.42258, 20.62249 ], [ -100.42356, 20.62486 ], [ -100.42402, 20.62595 ], [ -100.4245, 20.62706 ], [ -100.42555, 20.62972 ], [ -100.42657, 20.63234 ], [ -100.42739, 20.63417 ], [ -100.42842, 20.63627 ], [ -100.42942, 20.63839 ], [ -100.42986, 20.63931 ], [ -100.43019, 20.64019 ], [ -100.43034, 20.64069 ], [ -100.43046, 20.64122 ], [ -100.43055, 20.64224 ], [ -100.43063, 20.64341 ], [ -100.43076, 20.64487 ], [ -100.43089, 20.64656 ], [ -100.43101, 20.64813 ], [ -100.43088, 20.64847 ], [ -100.43069, 20.64864 ], [ -100.4304, 20.64867 ], [ -100.43013, 20.64854 ], [ -100.42996, 20.64836 ], [ -100.42985, 20.648 ], [ -100.4299, 20.64775 ], [ -100.43006, 20.64742 ], [ -100.43034, 20.64721 ], [ -100.43069, 20.64714 ], [ -100.4314, 20.64708 ], [ -100.43207, 20.64703 ], [ -100.43218, 20.6472 ], [ -100.43218, 20.64741 ], [ -100.43206, 20.64759 ], [ -100.4318, 20.64761 ], [ -100.43155, 20.6475 ], [ -100.43147, 20.64732 ], [ -100.43122, 20.64505 ], [ -100.43106, 20.64357 ], [ -100.43121, 20.64319 ], [ -100.43148, 20.64314 ], [ -100.43305, 20.64309 ], [ -100.43468, 20.64298 ], [ -100.43504, 20.6431 ], [ -100.43515, 20.64331 ], [ -100.43536, 20.64386 ], [ -100.43576, 20.64426 ], [ -100.43627, 20.6445 ], [ -100.43682, 20.64458 ], [ -100.4389, 20.64437 ], [ -100.43937, 20.64424 ], [ -100.43974, 20.644 ], [ -100.44006, 20.64366 ], [ -100.44032, 20.64311 ], [ -100.44048, 20.64252 ], [ -100.44064, 20.64193 ], [ -100.44068, 20.64145 ], [ -100.44085, 20.64129 ], [ -100.44193, 20.64089 ], [ -100.4441, 20.64002 ], [ -100.4464, 20.63915 ], [ -100.45201, 20.63722 ], [ -100.45458, 20.63629 ], [ -100.45714, 20.63546 ], [ -100.45751, 20.63627 ], [ -100.45744, 20.6364 ], [ -100.45746, 20.63652 ], [ -100.45759, 20.63662 ], [ -100.45785, 20.63879 ], [ -100.45906, 20.63866 ], [ -100.46129, 20.63842 ], [ -100.46144, 20.63937 ], [ -100.46152, 20.63943 ], [ -100.46165, 20.63945 ], [ -100.46158, 20.64084 ], [ -100.46385, 20.64095 ], [ -100.46361, 20.64233 ], [ -100.46357, 20.64274 ], [ -100.46466, 20.64269 ], [ -100.46536, 20.64288 ], [ -100.46737, 20.64333 ], [ -100.46947, 20.64382 ], [ -100.47339, 20.64472 ], [ -100.47756, 20.64571 ], [ -100.47803, 20.64633 ], [ -100.47827, 20.64635 ], [ -100.47835, 20.64627 ], [ -100.47837, 20.64614 ], [ -100.47789, 20.64549 ], [ -100.47737, 20.64484 ], [ -100.47571, 20.64273 ], [ -100.47495, 20.64172 ], [ -100.47461, 20.64194 ], [ -100.47583, 20.64347 ], [ -100.47715, 20.64516 ], [ -100.47712, 20.64531 ], [ -100.47705, 20.64543 ], [ -100.47689, 20.64553 ], [ -100.47322, 20.64464 ], [ -100.46994, 20.64387 ], [ -100.46729, 20.64326 ], [ -100.46471, 20.64265 ], [ -100.46362, 20.64269 ], [ -100.46368, 20.64219 ], [ -100.4639, 20.6409 ], [ -100.46164, 20.64077 ], [ -100.4617, 20.6394 ], [ -100.46149, 20.63935 ], [ -100.46134, 20.63837 ], [ -100.45942, 20.63859 ], [ -100.45792, 20.63874 ], [ -100.45767, 20.63661 ], [ -100.45777, 20.63652 ], [ -100.4578, 20.6364 ], [ -100.45769, 20.63631 ], [ -100.4576, 20.63624 ], [ -100.45722, 20.6354 ], [ -100.45905, 20.63477 ], [ -100.45906, 20.6346 ], [ -100.45895, 20.63449 ], [ -100.45634, 20.63538 ], [ -100.45423, 20.63611 ], [ -100.45197, 20.63689 ], [ -100.44708, 20.63861 ], [ -100.44435, 20.63962 ], [ -100.44079, 20.64095 ], [ -100.44063, 20.64096 ], [ -100.44048, 20.64067 ], [ -100.44012, 20.64027 ], [ -100.43963, 20.63999 ], [ -100.43858, 20.63962 ], [ -100.43818, 20.63932 ], [ -100.43794, 20.63901 ], [ -100.43775, 20.63898 ], [ -100.43753, 20.63902 ], [ -100.43739, 20.63916 ], [ -100.43704, 20.63947 ], [ -100.43633, 20.63985 ], [ -100.43561, 20.6402 ], [ -100.43526, 20.64048 ], [ -100.43502, 20.64077 ], [ -100.43481, 20.64125 ], [ -100.43478, 20.64152 ], [ -100.43479, 20.64181 ], [ -100.43497, 20.6425 ], [ -100.43472, 20.64278 ], [ -100.43444, 20.64289 ], [ -100.43337, 20.6429 ], [ -100.43127, 20.64296 ], [ -100.43097, 20.64258 ], [ -100.43087, 20.64142 ], [ -100.43065, 20.64032 ], [ -100.43032, 20.63935 ], [ -100.42976, 20.63826 ], [ -100.42865, 20.63617 ], [ -100.42766, 20.63411 ], [ -100.42698, 20.63263 ], [ -100.4251, 20.6279 ], [ -100.42417, 20.62554 ], [ -100.42299, 20.62268 ], [ -100.42256, 20.62155 ], [ -100.42232, 20.62068 ], [ -100.42221, 20.62019 ], [ -100.42215, 20.61983 ], [ -100.42153, 20.61749 ], [ -100.4198, 20.61133 ], [ -100.41883, 20.60802 ], [ -100.41788, 20.6047 ], [ -100.4168, 20.60082 ], [ -100.4157, 20.59691 ], [ -100.41508, 20.59479 ], [ -100.41448, 20.5927 ], [ -100.41371, 20.58992 ], [ -100.41303, 20.58765 ], [ -100.41272, 20.58701 ], [ -100.41229, 20.58639 ], [ -100.41099, 20.58501 ], [ -100.40875, 20.58298 ], [ -100.40722, 20.58153 ], [ -100.40675, 20.58185 ], [ -100.40643, 20.5822 ], [ -100.40537, 20.58375 ], [ -100.40488, 20.58407 ], [ -100.40448, 20.58413 ], [ -100.40395, 20.58402 ], [ -100.40347, 20.58401 ], [ -100.40289, 20.58424 ], [ -100.40213, 20.58468 ], [ -100.40021, 20.58534 ], [ -100.39671, 20.58656 ], [ -100.39508, 20.58707 ], [ -100.39037, 20.58867 ], [ -100.38984, 20.58756 ], [ -100.38911, 20.58603 ], [ -100.38894, 20.58586 ], [ -100.38883, 20.58568 ], [ -100.38788, 20.58341 ], [ -100.38701, 20.58112 ], [ -100.38606, 20.57868 ], [ -100.38514, 20.57623 ], [ -100.38487, 20.57556 ], [ -100.38773, 20.57503 ], [ -100.38895, 20.57479 ], [ -100.38998, 20.57449 ], [ -100.39047, 20.57444 ], [ -100.39163, 20.57418 ], [ -100.39391, 20.57374 ], [ -100.39442, 20.57367 ], [ -100.39313, 20.5701 ], [ -100.39173, 20.56635 ], [ -100.39028, 20.56256 ], [ -100.3895, 20.56046 ], [ -100.38914, 20.55944 ], [ -100.38876, 20.55843 ], [ -100.38806, 20.5565 ], [ -100.38791, 20.55613 ], [ -100.38735, 20.55478 ], [ -100.38666, 20.55312 ], [ -100.38529, 20.54966 ], [ -100.38511, 20.54903 ], [ -100.3854, 20.54755 ], [ -100.3854, 20.5469 ], [ -100.38512, 20.54593 ], [ -100.38501, 20.54588 ] ] } },
{ "type": "Feature", "properties": { "city": "Querétaro", "route_name": "24_La Pradera - Boulevares del Cimatario", "route_name_short": "La Pradera - Boulevares del Cimatario", "type": "Bus", "shape_id": "shape_2437" }, "geometry": { "type": "LineString", "coordinates": [ [ -100.33895, 20.65777 ], [ -100.34031, 20.65789 ], [ -100.34032, 20.65765 ], [ -100.33977, 20.65657 ], [ -100.33909, 20.65538 ], [ -100.33913, 20.65401 ], [ -100.34156, 20.65404 ], [ -100.3416, 20.65372 ], [ -100.34183, 20.65334 ], [ -100.34189, 20.6531 ], [ -100.34192, 20.65257 ], [ -100.34183, 20.65172 ], [ -100.34182, 20.65142 ], [ -100.34201, 20.65039 ], [ -100.34221, 20.65033 ], [ -100.34231, 20.6502 ], [ -100.34309, 20.65023 ], [ -100.34329, 20.65052 ], [ -100.3435, 20.65085 ], [ -100.34334, 20.65302 ], [ -100.3432, 20.65465 ], [ -100.34315, 20.65509 ], [ -100.34304, 20.6565 ], [ -100.34314, 20.65659 ], [ -100.34327, 20.65656 ], [ -100.3434, 20.65648 ], [ -100.34349, 20.65534 ], [ -100.34358, 20.65393 ], [ -100.34396, 20.64885 ], [ -100.34421, 20.64549 ], [ -100.34437, 20.64329 ], [ -100.34446, 20.64153 ], [ -100.34448, 20.64125 ], [ -100.34457, 20.64093 ], [ -100.34488, 20.64028 ], [ -100.34535, 20.63965 ], [ -100.34587, 20.6392 ], [ -100.35074, 20.63654 ], [ -100.35555, 20.63375 ], [ -100.36154, 20.62982 ], [ -100.36203, 20.62963 ], [ -100.36259, 20.62947 ], [ -100.36348, 20.62935 ], [ -100.36603, 20.62906 ], [ -100.36834, 20.62871 ], [ -100.36906, 20.62848 ], [ -100.36986, 20.62822 ], [ -100.37457, 20.62545 ], [ -100.3752, 20.62524 ], [ -100.3761, 20.62512 ], [ -100.3779, 20.6249 ], [ -100.38151, 20.62451 ], [ -100.38515, 20.62402 ], [ -100.38556, 20.62381 ], [ -100.3859, 20.62346 ], [ -100.38603, 20.62323 ], [ -100.38608, 20.62294 ], [ -100.38599, 20.62258 ], [ -100.38575, 20.62219 ], [ -100.38552, 20.62186 ], [ -100.38519, 20.6215 ], [ -100.38472, 20.62101 ], [ -100.38405, 20.62048 ], [ -100.38349, 20.62002 ], [ -100.38303, 20.6196 ], [ -100.38281, 20.61905 ], [ -100.38271, 20.61783 ], [ -100.38245, 20.6174 ], [ -100.38209, 20.61708 ], [ -100.38157, 20.61674 ], [ -100.38108, 20.61635 ], [ -100.38091, 20.6159 ], [ -100.38084, 20.61537 ], [ -100.38062, 20.6142 ], [ -100.38039, 20.61374 ], [ -100.37996, 20.61318 ], [ -100.3795, 20.61273 ], [ -100.37928, 20.61248 ], [ -100.3791, 20.61213 ], [ -100.37916, 20.61182 ], [ -100.37942, 20.61152 ], [ -100.37993, 20.61119 ], [ -100.38048, 20.61079 ], [ -100.38113, 20.61042 ], [ -100.38225, 20.60972 ], [ -100.38295, 20.60963 ], [ -100.38332, 20.60953 ], [ -100.38365, 20.60934 ], [ -100.38386, 20.60913 ], [ -100.38406, 20.60907 ], [ -100.3844, 20.60909 ], [ -100.3849, 20.60909 ], [ -100.38551, 20.60904 ], [ -100.38647, 20.60792 ], [ -100.38673, 20.60757 ], [ -100.38702, 20.6073 ], [ -100.38863, 20.60612 ], [ -100.3903, 20.60491 ], [ -100.39323, 20.60273 ], [ -100.39349, 20.60249 ], [ -100.39365, 20.60224 ], [ -100.39384, 20.60183 ], [ -100.39398, 20.60147 ], [ -100.3939, 20.60015 ], [ -100.39385, 20.59931 ], [ -100.39389, 20.59893 ], [ -100.39403, 20.59881 ], [ -100.3949, 20.59838 ], [ -100.39504, 20.59827 ], [ -100.39535, 20.59821 ], [ -100.3963, 20.59813 ], [ -100.39682, 20.59826 ], [ -100.39709, 20.59829 ], [ -100.3973, 20.59827 ], [ -100.39766, 20.59816 ], [ -100.39887, 20.59769 ], [ -100.39949, 20.59745 ], [ -100.39977, 20.59714 ], [ -100.39859, 20.59319 ], [ -100.398, 20.59137 ], [ -100.39741, 20.58961 ], [ -100.39654, 20.58662 ], [ -100.39033, 20.58867 ], [ -100.38973, 20.58731 ], [ -100.38906, 20.58595 ], [ -100.3889, 20.58579 ], [ -100.38838, 20.58465 ], [ -100.38793, 20.58345 ], [ -100.38744, 20.58216 ], [ -100.38689, 20.58076 ], [ -100.38555, 20.57729 ], [ -100.3849, 20.57555 ], [ -100.38794, 20.57498 ], [ -100.3891, 20.57476 ], [ -100.39009, 20.57446 ], [ -100.39057, 20.57442 ], [ -100.39196, 20.5741 ], [ -100.39353, 20.57383 ], [ -100.39491, 20.57364 ], [ -100.39542, 20.57348 ], [ -100.39584, 20.57322 ], [ -100.39611, 20.57315 ], [ -100.39707, 20.57299 ], [ -100.39754, 20.57298 ], [ -100.39775, 20.57291 ], [ -100.39872, 20.57226 ], [ -100.40097, 20.57085 ], [ -100.40162, 20.57044 ], [ -100.40177, 20.57032 ], [ -100.40183, 20.57017 ], [ -100.40187, 20.56993 ], [ -100.40155, 20.56936 ], [ -100.40115, 20.56877 ], [ -100.40051, 20.56777 ], [ -100.40048, 20.56762 ], [ -100.40061, 20.56735 ], [ -100.40061, 20.56713 ], [ -100.40042, 20.56666 ], [ -100.40039, 20.56638 ], [ -100.40056, 20.56606 ], [ -100.40091, 20.56562 ], [ -100.40093, 20.56543 ], [ -100.40092, 20.56523 ], [ -100.40063, 20.56464 ], [ -100.40006, 20.56358 ], [ -100.39887, 20.56125 ], [ -100.39759, 20.55881 ], [ -100.39652, 20.55673 ], [ -100.39539, 20.55459 ], [ -100.39438, 20.55255 ], [ -100.39316, 20.55024 ], [ -100.39216, 20.54832 ], [ -100.39204, 20.5481 ], [ -100.39202, 20.54799 ], [ -100.39199, 20.54793 ], [ -100.39189, 20.54787 ], [ -100.39136, 20.54695 ], [ -100.3912, 20.54669 ], [ -100.39038, 20.54509 ], [ -100.39028, 20.54515 ], [ -100.39128, 20.547 ], [ -100.39179, 20.54789 ], [ -100.39179, 20.54804 ], [ -100.39186, 20.54812 ], [ -100.39193, 20.54813 ], [ -100.39225, 20.54874 ], [ -100.39374, 20.55161 ], [ -100.39514, 20.55431 ], [ -100.39631, 20.55653 ], [ -100.39733, 20.55854 ], [ -100.3987, 20.56113 ], [ -100.4, 20.56365 ], [ -100.40061, 20.56481 ], [ -100.40078, 20.56519 ], [ -100.40084, 20.56547 ], [ -100.40059, 20.5658 ], [ -100.4003, 20.56608 ], [ -100.4001, 20.56633 ], [ -100.40004, 20.56666 ], [ -100.40021, 20.56715 ], [ -100.40048, 20.5679 ], [ -100.40141, 20.56931 ], [ -100.40169, 20.56973 ], [ -100.40176, 20.56999 ], [ -100.40171, 20.57023 ], [ -100.40144, 20.57047 ], [ -100.40093, 20.57078 ], [ -100.39869, 20.57219 ], [ -100.39771, 20.57282 ], [ -100.39749, 20.57292 ], [ -100.39699, 20.57291 ], [ -100.39635, 20.57303 ], [ -100.39589, 20.57313 ], [ -100.39538, 20.57339 ], [ -100.39483, 20.57356 ], [ -100.394, 20.57372 ], [ -100.39368, 20.57369 ], [ -100.39235, 20.57397 ], [ -100.39197, 20.57397 ], [ -100.39175, 20.57394 ], [ -100.38937, 20.57443 ], [ -100.38851, 20.57465 ], [ -100.3881, 20.5747 ], [ -100.38775, 20.57465 ], [ -100.38713, 20.57473 ], [ -100.38574, 20.57504 ], [ -100.38496, 20.57545 ], [ -100.38472, 20.57551 ], [ -100.3853, 20.57702 ], [ -100.3861, 20.57904 ], [ -100.38682, 20.58097 ], [ -100.38745, 20.58259 ], [ -100.38873, 20.58587 ], [ -100.38574, 20.58697 ], [ -100.38631, 20.58843 ], [ -100.38688, 20.59003 ], [ -100.38994, 20.58894 ], [ -100.39063, 20.58874 ], [ -100.39551, 20.58713 ], [ -100.40022, 20.5855 ], [ -100.40188, 20.58494 ], [ -100.40234, 20.58516 ], [ -100.40326, 20.5871 ], [ -100.40487, 20.59049 ], [ -100.40589, 20.59289 ], [ -100.40704, 20.59554 ], [ -100.40504, 20.59574 ], [ -100.40314, 20.59594 ], [ -100.40184, 20.59593 ], [ -100.40107, 20.59611 ], [ -100.4004, 20.59631 ], [ -100.39858, 20.59738 ], [ -100.39766, 20.5978 ], [ -100.3973, 20.59789 ], [ -100.39697, 20.59789 ], [ -100.39595, 20.59776 ], [ -100.39536, 20.5978 ], [ -100.39469, 20.598 ], [ -100.3942, 20.59827 ], [ -100.39383, 20.59854 ], [ -100.39371, 20.59861 ], [ -100.39367, 20.59881 ], [ -100.39375, 20.59893 ], [ -100.39379, 20.60022 ], [ -100.39385, 20.60147 ], [ -100.39376, 20.60176 ], [ -100.39364, 20.60204 ], [ -100.3935, 20.6023 ], [ -100.39325, 20.60259 ], [ -100.39054, 20.60457 ], [ -100.38948, 20.60531 ], [ -100.38832, 20.60601 ], [ -100.38637, 20.60724 ], [ -100.38605, 20.6076 ], [ -100.38593, 20.60802 ], [ -100.38577, 20.60843 ], [ -100.38559, 20.60858 ], [ -100.38526, 20.60874 ], [ -100.38487, 20.60875 ], [ -100.38452, 20.60862 ], [ -100.38421, 20.60844 ], [ -100.38386, 20.60811 ], [ -100.38366, 20.60788 ], [ -100.38356, 20.60771 ], [ -100.38341, 20.60775 ], [ -100.38326, 20.60782 ], [ -100.38332, 20.60827 ], [ -100.38325, 20.60852 ], [ -100.38306, 20.60883 ], [ -100.38278, 20.60913 ], [ -100.38241, 20.60952 ], [ -100.38152, 20.61003 ], [ -100.38043, 20.61066 ], [ -100.37982, 20.61116 ], [ -100.37949, 20.61137 ], [ -100.37917, 20.61164 ], [ -100.37905, 20.61178 ], [ -100.37899, 20.61216 ], [ -100.37906, 20.61242 ], [ -100.37974, 20.61327 ], [ -100.38026, 20.61387 ], [ -100.38049, 20.61427 ], [ -100.38073, 20.61576 ], [ -100.38087, 20.61617 ], [ -100.38111, 20.61653 ], [ -100.38154, 20.61686 ], [ -100.38226, 20.61741 ], [ -100.38249, 20.61781 ], [ -100.38256, 20.6182 ], [ -100.38263, 20.61904 ], [ -100.3828, 20.61942 ], [ -100.38304, 20.61979 ], [ -100.38384, 20.62045 ], [ -100.38462, 20.62104 ], [ -100.38565, 20.62222 ], [ -100.38588, 20.62268 ], [ -100.38593, 20.62291 ], [ -100.38589, 20.62312 ], [ -100.38571, 20.62344 ], [ -100.38542, 20.62366 ], [ -100.38501, 20.62379 ], [ -100.38327, 20.62403 ], [ -100.38006, 20.62437 ], [ -100.37546, 20.62495 ], [ -100.37492, 20.62503 ], [ -100.37436, 20.62523 ], [ -100.37189, 20.62665 ], [ -100.36938, 20.62805 ], [ -100.36814, 20.62844 ], [ -100.36589, 20.62874 ], [ -100.36326, 20.62905 ], [ -100.36243, 20.62916 ], [ -100.36177, 20.62935 ], [ -100.36119, 20.62964 ], [ -100.35867, 20.63137 ], [ -100.35604, 20.633 ], [ -100.35143, 20.63576 ], [ -100.34928, 20.63692 ], [ -100.34722, 20.63811 ], [ -100.34624, 20.63857 ], [ -100.34504, 20.63897 ], [ -100.3445, 20.63931 ], [ -100.34403, 20.63976 ], [ -100.34371, 20.64025 ], [ -100.34357, 20.64075 ], [ -100.34352, 20.64123 ], [ -100.34361, 20.64175 ], [ -100.34387, 20.6424 ], [ -100.34396, 20.64286 ], [ -100.34398, 20.64326 ], [ -100.34368, 20.64769 ], [ -100.34362, 20.64864 ], [ -100.3436, 20.64951 ], [ -100.34313, 20.65006 ], [ -100.34291, 20.65012 ], [ -100.34233, 20.65008 ], [ -100.34225, 20.64996 ], [ -100.34213, 20.64986 ], [ -100.34195, 20.64984 ], [ -100.34181, 20.64992 ], [ -100.34171, 20.65006 ], [ -100.34175, 20.65028 ], [ -100.34188, 20.65037 ], [ -100.34167, 20.65148 ], [ -100.34182, 20.65261 ], [ -100.34176, 20.65318 ], [ -100.34168, 20.65342 ], [ -100.34146, 20.65372 ], [ -100.34145, 20.65396 ], [ -100.33912, 20.65394 ], [ -100.33893, 20.65778 ] ] } },
{ "type": "Feature", "properties": { "city": "Querétaro", "route_name": "20_Los Olvera - PGJ", "route_name_short": "Los Olvera - PGJ", "type": "Bus", "shape_id": "shape_2434" }, "geometry": { "type": "LineString", "coordinates": [ [ -100.40516, 20.53727 ], [ -100.40523, 20.53727 ], [ -100.40515, 20.53539 ], [ -100.40847, 20.53535 ], [ -100.40925, 20.5354 ], [ -100.41131, 20.53551 ], [ -100.41229, 20.53447 ], [ -100.41442, 20.53429 ], [ -100.41678, 20.53409 ], [ -100.4183, 20.53398 ], [ -100.41865, 20.53404 ], [ -100.41894, 20.53422 ], [ -100.41928, 20.53454 ], [ -100.42012, 20.53541 ], [ -100.42171, 20.53706 ], [ -100.42247, 20.53781 ], [ -100.42395, 20.53939 ], [ -100.42451, 20.53976 ], [ -100.42664, 20.54061 ], [ -100.42887, 20.54151 ], [ -100.42927, 20.5415 ], [ -100.43109, 20.54124 ], [ -100.43156, 20.54127 ], [ -100.42862, 20.54491 ], [ -100.42577, 20.54838 ], [ -100.4236, 20.55093 ], [ -100.41952, 20.55595 ], [ -100.41757, 20.55448 ], [ -100.41637, 20.55526 ], [ -100.41479, 20.55522 ], [ -100.41383, 20.55525 ], [ -100.41288, 20.55426 ], [ -100.41157, 20.5543 ], [ -100.41143, 20.55399 ], [ -100.4113, 20.55386 ], [ -100.41008, 20.55326 ], [ -100.40932, 20.55139 ], [ -100.40909, 20.55164 ], [ -100.40885, 20.55193 ], [ -100.40536, 20.55555 ], [ -100.4046, 20.55553 ], [ -100.40403, 20.55614 ], [ -100.40365, 20.55662 ], [ -100.4029, 20.55787 ], [ -100.40211, 20.55891 ], [ -100.40203, 20.55893 ], [ -100.40127, 20.55889 ], [ -100.40049, 20.55887 ], [ -100.40112, 20.56018 ], [ -100.40063, 20.56065 ], [ -100.40084, 20.56104 ], [ -100.39874, 20.56103 ], [ -100.39755, 20.55874 ], [ -100.39319, 20.55864 ], [ -100.39294, 20.55864 ], [ -100.39268, 20.5588 ], [ -100.38926, 20.55992 ], [ -100.38965, 20.561 ], [ -100.38912, 20.56118 ], [ -100.39098, 20.56602 ], [ -100.39307, 20.57146 ], [ -100.39443, 20.57514 ], [ -100.3873, 20.57661 ], [ -100.38679, 20.57669 ], [ -100.3859, 20.57661 ], [ -100.38546, 20.57661 ], [ -100.38516, 20.57665 ], [ -100.38574, 20.57821 ], [ -100.38638, 20.57979 ], [ -100.38699, 20.58139 ], [ -100.3886, 20.58547 ], [ -100.38989, 20.58881 ], [ -100.3861, 20.59019 ], [ -100.38571, 20.59036 ], [ -100.38514, 20.5905 ], [ -100.38393, 20.59093 ], [ -100.38322, 20.59115 ], [ -100.38274, 20.59124 ], [ -100.3826, 20.59117 ], [ -100.38241, 20.59111 ], [ -100.38221, 20.59118 ], [ -100.38206, 20.59135 ], [ -100.38148, 20.59132 ], [ -100.37979, 20.59148 ], [ -100.3793, 20.59163 ], [ -100.3789, 20.59184 ], [ -100.37701, 20.59089 ], [ -100.37661, 20.59075 ], [ -100.37656, 20.5904 ], [ -100.37649, 20.58997 ], [ -100.37648, 20.58951 ], [ -100.37647, 20.58905 ], [ -100.3764, 20.58711 ], [ -100.37629, 20.58673 ], [ -100.37503, 20.58695 ], [ -100.37051, 20.58781 ], [ -100.36859, 20.58808 ], [ -100.36768, 20.58825 ], [ -100.3652, 20.58843 ], [ -100.3645, 20.58825 ], [ -100.36373, 20.58753 ], [ -100.36343, 20.58691 ], [ -100.36307, 20.58589 ], [ -100.3627, 20.58524 ], [ -100.36245, 20.58467 ], [ -100.36202, 20.58373 ], [ -100.36192, 20.58294 ], [ -100.36189, 20.58212 ], [ -100.36185, 20.58117 ], [ -100.36195, 20.58093 ], [ -100.36212, 20.58074 ], [ -100.36231, 20.58066 ], [ -100.36257, 20.58067 ], [ -100.3628, 20.5808 ], [ -100.36294, 20.58097 ], [ -100.36293, 20.58122 ], [ -100.36287, 20.58141 ], [ -100.36265, 20.58159 ], [ -100.36227, 20.58174 ], [ -100.36041, 20.58214 ], [ -100.35848, 20.58254 ], [ -100.35818, 20.58249 ], [ -100.35782, 20.58219 ], [ -100.35737, 20.58168 ], [ -100.35686, 20.5818 ], [ -100.35647, 20.58196 ], [ -100.35621, 20.58215 ], [ -100.3561, 20.58223 ], [ -100.35583, 20.58223 ], [ -100.35568, 20.58233 ], [ -100.35568, 20.58247 ], [ -100.3558, 20.58261 ], [ -100.35572, 20.58293 ], [ -100.35559, 20.58336 ], [ -100.35567, 20.58389 ], [ -100.35604, 20.58474 ], [ -100.35619, 20.58525 ], [ -100.3562, 20.58555 ], [ -100.35612, 20.58585 ], [ -100.35602, 20.58606 ], [ -100.35588, 20.58629 ], [ -100.35575, 20.58638 ], [ -100.35552, 20.58634 ], [ -100.35539, 20.58619 ], [ -100.35539, 20.58599 ], [ -100.3555, 20.58556 ], [ -100.35573, 20.58494 ], [ -100.35628, 20.58421 ], [ -100.35684, 20.58379 ], [ -100.35744, 20.58358 ], [ -100.35827, 20.58352 ], [ -100.35992, 20.5835 ], [ -100.36096, 20.5838 ], [ -100.36179, 20.58415 ], [ -100.36221, 20.58458 ], [ -100.36271, 20.58567 ], [ -100.36302, 20.58664 ], [ -100.36312, 20.58718 ], [ -100.36277, 20.58784 ], [ -100.36258, 20.58833 ], [ -100.36243, 20.58873 ], [ -100.36201, 20.58904 ], [ -100.36067, 20.58961 ], [ -100.36032, 20.58968 ], [ -100.35999, 20.58968 ], [ -100.35951, 20.58959 ], [ -100.35853, 20.58911 ], [ -100.35843, 20.5893 ], [ -100.35912, 20.58959 ], [ -100.35964, 20.58974 ], [ -100.36, 20.58976 ], [ -100.36045, 20.58975 ], [ -100.36195, 20.58926 ], [ -100.36287, 20.58892 ], [ -100.36413, 20.58862 ], [ -100.36589, 20.58853 ], [ -100.36778, 20.5884 ], [ -100.36891, 20.58823 ], [ -100.37505, 20.5871 ], [ -100.37636, 20.58822 ], [ -100.37641, 20.58914 ], [ -100.37648, 20.59041 ], [ -100.37655, 20.59073 ], [ -100.37672, 20.591 ], [ -100.37694, 20.59142 ], [ -100.37753, 20.59206 ], [ -100.37794, 20.59237 ], [ -100.37818, 20.59255 ], [ -100.3791, 20.59189 ], [ -100.37975, 20.59163 ], [ -100.38008, 20.59158 ], [ -100.38209, 20.59144 ], [ -100.38223, 20.5915 ], [ -100.38243, 20.59152 ], [ -100.38263, 20.59148 ], [ -100.3828, 20.59135 ], [ -100.38321, 20.59129 ], [ -100.38395, 20.59109 ], [ -100.38702, 20.58999 ], [ -100.38693, 20.58962 ], [ -100.38594, 20.58708 ], [ -100.38898, 20.58598 ], [ -100.38841, 20.58475 ], [ -100.38793, 20.58352 ], [ -100.38697, 20.58101 ], [ -100.38643, 20.57962 ], [ -100.38592, 20.57821 ], [ -100.38493, 20.57565 ], [ -100.38487, 20.57545 ], [ -100.38473, 20.57512 ], [ -100.38467, 20.57492 ], [ -100.38475, 20.57478 ], [ -100.38489, 20.57469 ], [ -100.38522, 20.57453 ], [ -100.38582, 20.57441 ], [ -100.38797, 20.57381 ], [ -100.39314, 20.57252 ], [ -100.39393, 20.57232 ], [ -100.3934, 20.5708 ], [ -100.39217, 20.56757 ], [ -100.3908, 20.56391 ], [ -100.38931, 20.55995 ], [ -100.39107, 20.55939 ], [ -100.3928, 20.5588 ], [ -100.39291, 20.55871 ], [ -100.39328, 20.55867 ], [ -100.39743, 20.55878 ], [ -100.39863, 20.56109 ], [ -100.39925, 20.56108 ], [ -100.401, 20.56111 ], [ -100.40073, 20.56063 ], [ -100.40118, 20.56021 ], [ -100.40057, 20.55892 ], [ -100.40211, 20.55896 ], [ -100.40239, 20.55897 ], [ -100.40564, 20.55558 ], [ -100.40917, 20.55183 ], [ -100.4094, 20.55239 ], [ -100.40978, 20.55314 ], [ -100.4099, 20.5533 ], [ -100.41053, 20.55356 ], [ -100.41124, 20.55393 ], [ -100.4114, 20.5541 ], [ -100.41152, 20.55455 ], [ -100.4122, 20.55737 ], [ -100.41225, 20.55771 ], [ -100.41215, 20.55789 ], [ -100.41189, 20.55814 ], [ -100.41172, 20.55836 ], [ -100.41184, 20.55955 ], [ -100.41202, 20.5608 ], [ -100.41287, 20.56165 ], [ -100.41382, 20.56244 ], [ -100.41422, 20.56273 ], [ -100.41628, 20.56021 ], [ -100.4183, 20.55769 ], [ -100.42037, 20.55517 ], [ -100.4224, 20.5526 ], [ -100.42415, 20.55058 ], [ -100.42573, 20.54864 ], [ -100.42886, 20.54478 ], [ -100.43039, 20.54299 ], [ -100.43182, 20.54116 ], [ -100.43114, 20.54118 ], [ -100.43073, 20.54118 ], [ -100.42927, 20.54135 ], [ -100.42883, 20.54136 ], [ -100.42669, 20.54044 ], [ -100.42465, 20.53966 ], [ -100.42416, 20.53934 ], [ -100.4233, 20.5385 ], [ -100.42252, 20.53768 ], [ -100.42223, 20.53751 ], [ -100.42041, 20.53566 ], [ -100.41951, 20.53472 ], [ -100.41904, 20.53424 ], [ -100.41873, 20.53403 ], [ -100.41844, 20.53393 ], [ -100.41745, 20.53398 ], [ -100.41541, 20.53415 ], [ -100.41289, 20.53436 ], [ -100.41168, 20.53448 ], [ -100.41017, 20.53465 ], [ -100.40982, 20.53477 ], [ -100.40758, 20.53481 ], [ -100.40509, 20.53485 ], [ -100.40517, 20.53726 ] ] } },
{ "type": "Feature", "properties": { "city": "Querétaro", "route_name": "27_Paseos de San Miguel - Fracc. Vistana", "route_name_short": "Paseos de San Miguel - Fracc. Vistana", "type": "Bus", "shape_id": "shape_2438" }, "geometry": { "type": "LineString", "coordinates": [ [ -100.47097, 20.66262 ], [ -100.47101, 20.66262 ], [ -100.47012, 20.66051 ], [ -100.47086, 20.6595 ], [ -100.47207, 20.65782 ], [ -100.47159, 20.65653 ], [ -100.47109, 20.65517 ], [ -100.47085, 20.65456 ], [ -100.47079, 20.65451 ], [ -100.46914, 20.65537 ], [ -100.46809, 20.65592 ], [ -100.46733, 20.65537 ], [ -100.4661, 20.65436 ], [ -100.46532, 20.65377 ], [ -100.46524, 20.65379 ], [ -100.46409, 20.65284 ], [ -100.46379, 20.653 ], [ -100.46301, 20.65344 ], [ -100.46261, 20.65376 ], [ -100.46229, 20.65405 ], [ -100.46196, 20.65453 ], [ -100.46141, 20.65526 ], [ -100.46031, 20.65448 ], [ -100.4591, 20.65363 ], [ -100.45841, 20.65365 ], [ -100.45805, 20.65336 ], [ -100.45767, 20.65346 ], [ -100.45585, 20.65237 ], [ -100.45512, 20.6518 ], [ -100.45561, 20.65114 ], [ -100.45726, 20.64895 ], [ -100.45517, 20.6476 ], [ -100.4544, 20.64718 ], [ -100.45426, 20.64716 ], [ -100.4541, 20.64721 ], [ -100.45206, 20.64717 ], [ -100.45203, 20.64605 ], [ -100.452, 20.64473 ], [ -100.4518, 20.64408 ], [ -100.45048, 20.64064 ], [ -100.44953, 20.6382 ], [ -100.44831, 20.6351 ], [ -100.44807, 20.63461 ], [ -100.44753, 20.6348 ], [ -100.44534, 20.63556 ], [ -100.44478, 20.63556 ], [ -100.44431, 20.63544 ], [ -100.44392, 20.63519 ], [ -100.44371, 20.63487 ], [ -100.44355, 20.63344 ], [ -100.44297, 20.63174 ], [ -100.44269, 20.63086 ], [ -100.44255, 20.63023 ], [ -100.44272, 20.62952 ], [ -100.443, 20.62826 ], [ -100.4421, 20.62393 ], [ -100.44173, 20.62261 ], [ -100.44067, 20.62104 ], [ -100.43947, 20.61982 ], [ -100.43753, 20.61807 ], [ -100.43693, 20.61722 ], [ -100.43671, 20.61577 ], [ -100.43632, 20.61448 ], [ -100.43586, 20.61257 ], [ -100.43539, 20.61101 ], [ -100.43505, 20.6104 ], [ -100.4345, 20.609 ], [ -100.43403, 20.60803 ], [ -100.43277, 20.60654 ], [ -100.43157, 20.60551 ], [ -100.43089, 20.60517 ], [ -100.42951, 20.60425 ], [ -100.42793, 20.60288 ], [ -100.42681, 20.60265 ], [ -100.42504, 20.60263 ], [ -100.42323, 20.60272 ], [ -100.42122, 20.60301 ], [ -100.41956, 20.60317 ], [ -100.41766, 20.60359 ], [ -100.41716, 20.602 ], [ -100.41581, 20.59718 ], [ -100.41525, 20.59545 ], [ -100.41495, 20.59545 ], [ -100.41506, 20.59621 ], [ -100.41622, 20.60013 ], [ -100.41735, 20.6043 ], [ -100.41616, 20.60445 ], [ -100.4115, 20.60469 ], [ -100.41031, 20.60487 ], [ -100.40867, 20.60563 ], [ -100.40772, 20.60477 ], [ -100.40654, 20.60378 ], [ -100.40442, 20.60371 ], [ -100.40215, 20.60356 ], [ -100.40045, 20.60355 ], [ -100.39942, 20.60371 ], [ -100.3994, 20.6056 ], [ -100.39769, 20.6058 ], [ -100.39699, 20.60585 ], [ -100.39657, 20.60541 ], [ -100.39544, 20.604 ], [ -100.39469, 20.60457 ], [ -100.39382, 20.60471 ], [ -100.39273, 20.60461 ], [ -100.39267, 20.60322 ], [ -100.39285, 20.60298 ], [ -100.39276, 20.60284 ], [ -100.39216, 20.60333 ], [ -100.39034, 20.60467 ], [ -100.38845, 20.60588 ], [ -100.38681, 20.6069 ], [ -100.38596, 20.60768 ], [ -100.38599, 20.60858 ], [ -100.38654, 20.60966 ], [ -100.3874, 20.61151 ], [ -100.38822, 20.61323 ], [ -100.38932, 20.61482 ], [ -100.38986, 20.61583 ], [ -100.38986, 20.61716 ], [ -100.38998, 20.61772 ], [ -100.39, 20.619 ], [ -100.39006, 20.62091 ], [ -100.39006, 20.62245 ], [ -100.38971, 20.62327 ], [ -100.38874, 20.62463 ], [ -100.38792, 20.62522 ], [ -100.38599, 20.62616 ], [ -100.38532, 20.62666 ], [ -100.38537, 20.6271 ], [ -100.38578, 20.62736 ], [ -100.38725, 20.62753 ], [ -100.38864, 20.62763 ], [ -100.38962, 20.62807 ], [ -100.39019, 20.62861 ], [ -100.39055, 20.62919 ], [ -100.39103, 20.63083 ], [ -100.391, 20.63156 ], [ -100.39031, 20.63275 ], [ -100.39021, 20.63334 ], [ -100.39056, 20.63361 ], [ -100.39101, 20.63379 ], [ -100.39289, 20.63435 ], [ -100.39346, 20.63476 ], [ -100.39377, 20.63527 ], [ -100.39381, 20.636 ], [ -100.39334, 20.63987 ], [ -100.39304, 20.64213 ], [ -100.39265, 20.64362 ], [ -100.39181, 20.64659 ], [ -100.39196, 20.64667 ], [ -100.39802, 20.6477 ], [ -100.40434, 20.64868 ], [ -100.40355, 20.65296 ], [ -100.39855, 20.65214 ], [ -100.39796, 20.65493 ], [ -100.39738, 20.65808 ], [ -100.39719, 20.65941 ], [ -100.39807, 20.65517 ], [ -100.3986, 20.65226 ], [ -100.40112, 20.65267 ], [ -100.40362, 20.65306 ], [ -100.40385, 20.65242 ], [ -100.40451, 20.64874 ], [ -100.40417, 20.64846 ], [ -100.40013, 20.64782 ], [ -100.39554, 20.64706 ], [ -100.39515, 20.6468 ], [ -100.39536, 20.64476 ], [ -100.39566, 20.64268 ], [ -100.39575, 20.6419 ], [ -100.39563, 20.64112 ], [ -100.39549, 20.64088 ], [ -100.39375, 20.64059 ], [ -100.39352, 20.64033 ], [ -100.39351, 20.63893 ], [ -100.39373, 20.63711 ], [ -100.39388, 20.63562 ], [ -100.3936, 20.63485 ], [ -100.39293, 20.63432 ], [ -100.39053, 20.63355 ], [ -100.39024, 20.63325 ], [ -100.39031, 20.63285 ], [ -100.39101, 20.63171 ], [ -100.39112, 20.63115 ], [ -100.39101, 20.63051 ], [ -100.39046, 20.62888 ], [ -100.38992, 20.62822 ], [ -100.3892, 20.62777 ], [ -100.38838, 20.62754 ], [ -100.38683, 20.62745 ], [ -100.38562, 20.62725 ], [ -100.38536, 20.62689 ], [ -100.38552, 20.62646 ], [ -100.38751, 20.62548 ], [ -100.38873, 20.62482 ], [ -100.38939, 20.62395 ], [ -100.39004, 20.62296 ], [ -100.39019, 20.62221 ], [ -100.39015, 20.61888 ], [ -100.39028, 20.61834 ], [ -100.39017, 20.6179 ], [ -100.39008, 20.61698 ], [ -100.39006, 20.61573 ], [ -100.39023, 20.61511 ], [ -100.38994, 20.61372 ], [ -100.38928, 20.61166 ], [ -100.38857, 20.61014 ], [ -100.38832, 20.61005 ], [ -100.38785, 20.6101 ], [ -100.38747, 20.61025 ], [ -100.38719, 20.61013 ], [ -100.38663, 20.60899 ], [ -100.38646, 20.60818 ], [ -100.38672, 20.60759 ], [ -100.38814, 20.60651 ], [ -100.38991, 20.60517 ], [ -100.39202, 20.60364 ], [ -100.39319, 20.6028 ], [ -100.39368, 20.60284 ], [ -100.3941, 20.60325 ], [ -100.39428, 20.6033 ], [ -100.395, 20.60331 ], [ -100.3961, 20.60368 ], [ -100.39726, 20.60394 ], [ -100.39957, 20.60366 ], [ -100.40144, 20.60359 ], [ -100.40345, 20.60375 ], [ -100.40586, 20.60383 ], [ -100.40661, 20.60386 ], [ -100.40715, 20.60433 ], [ -100.40861, 20.60567 ], [ -100.40978, 20.60521 ], [ -100.41064, 20.60485 ], [ -100.41161, 20.60475 ], [ -100.41639, 20.60449 ], [ -100.41808, 20.60423 ], [ -100.41849, 20.60399 ], [ -100.41846, 20.60356 ], [ -100.41961, 20.60323 ], [ -100.42135, 20.60307 ], [ -100.42207, 20.60293 ], [ -100.42416, 20.60274 ], [ -100.42598, 20.60272 ], [ -100.42764, 20.60273 ], [ -100.4289, 20.6038 ], [ -100.43049, 20.60509 ], [ -100.43163, 20.60559 ], [ -100.43261, 20.60645 ], [ -100.43358, 20.60745 ], [ -100.43429, 20.60856 ], [ -100.43446, 20.60922 ], [ -100.43478, 20.60999 ], [ -100.4352, 20.61077 ], [ -100.43569, 20.61222 ], [ -100.43603, 20.61372 ], [ -100.43656, 20.6154 ], [ -100.43665, 20.6164 ], [ -100.43684, 20.61723 ], [ -100.43721, 20.61786 ], [ -100.43904, 20.61954 ], [ -100.44056, 20.62103 ], [ -100.44142, 20.62228 ], [ -100.44188, 20.62357 ], [ -100.44256, 20.62653 ], [ -100.44295, 20.62844 ], [ -100.44279, 20.62894 ], [ -100.44248, 20.6304 ], [ -100.44269, 20.63118 ], [ -100.44318, 20.63259 ], [ -100.44356, 20.63381 ], [ -100.44369, 20.63494 ], [ -100.44402, 20.63528 ], [ -100.44423, 20.63545 ], [ -100.44446, 20.63555 ], [ -100.44494, 20.63561 ], [ -100.44546, 20.63558 ], [ -100.44807, 20.63467 ], [ -100.44863, 20.63616 ], [ -100.44949, 20.63827 ], [ -100.45037, 20.64054 ], [ -100.45132, 20.6429 ], [ -100.45202, 20.6448 ], [ -100.45203, 20.64716 ], [ -100.45307, 20.64717 ], [ -100.45411, 20.64723 ], [ -100.45432, 20.64715 ], [ -100.45538, 20.64778 ], [ -100.45726, 20.64897 ], [ -100.45609, 20.65052 ], [ -100.45515, 20.65177 ], [ -100.45528, 20.65193 ], [ -100.45573, 20.65229 ], [ -100.45764, 20.65346 ], [ -100.45802, 20.6534 ], [ -100.45842, 20.65369 ], [ -100.45907, 20.65366 ], [ -100.46028, 20.65448 ], [ -100.46149, 20.65536 ], [ -100.46161, 20.65521 ], [ -100.46245, 20.65402 ], [ -100.46267, 20.65378 ], [ -100.46299, 20.65358 ], [ -100.46335, 20.65338 ], [ -100.4641, 20.6529 ], [ -100.46477, 20.65347 ], [ -100.46515, 20.65377 ], [ -100.46585, 20.65433 ], [ -100.46689, 20.65515 ], [ -100.46738, 20.65557 ], [ -100.46805, 20.65604 ], [ -100.46816, 20.65598 ], [ -100.46914, 20.65546 ], [ -100.47076, 20.65462 ], [ -100.4708, 20.65467 ], [ -100.47109, 20.65542 ], [ -100.47155, 20.65666 ], [ -100.47194, 20.65773 ], [ -100.47033, 20.65995 ], [ -100.47005, 20.66039 ], [ -100.47095, 20.66261 ] ] } },
{ "type": "Feature", "properties": { "city": "Querétaro", "route_name": "28_Boulevares del Cimatario - Jardines de San José", "route_name_short": "Boulevares del Cimatario - Jardines de San José", "type": "Bus", "shape_id": "shape_2439" }, "geometry": { "type": "LineString", "coordinates": [ [ -100.37601, 20.65599 ], [ -100.37606, 20.656 ], [ -100.37679, 20.6548 ], [ -100.37725, 20.65431 ], [ -100.37773, 20.65404 ], [ -100.37829, 20.65387 ], [ -100.379, 20.65375 ], [ -100.38035, 20.65366 ], [ -100.38035, 20.65351 ], [ -100.37911, 20.65363 ], [ -100.37824, 20.65374 ], [ -100.37768, 20.65397 ], [ -100.3778, 20.65348 ], [ -100.37848, 20.65141 ], [ -100.37905, 20.64953 ], [ -100.37963, 20.64763 ], [ -100.3802, 20.64582 ], [ -100.37619, 20.64589 ], [ -100.37597, 20.64572 ], [ -100.37584, 20.64551 ], [ -100.37593, 20.64512 ], [ -100.37652, 20.64279 ], [ -100.37693, 20.64119 ], [ -100.37731, 20.63966 ], [ -100.37762, 20.63844 ], [ -100.37782, 20.63814 ], [ -100.37796, 20.6376 ], [ -100.38013, 20.63788 ], [ -100.38285, 20.63824 ], [ -100.38468, 20.63591 ], [ -100.38596, 20.63441 ], [ -100.3859, 20.63433 ], [ -100.38574, 20.63425 ], [ -100.38566, 20.63416 ], [ -100.38557, 20.63365 ], [ -100.38544, 20.63292 ], [ -100.38388, 20.6331 ], [ -100.38384, 20.63113 ], [ -100.38599, 20.63074 ], [ -100.38842, 20.63039 ], [ -100.38832, 20.63116 ], [ -100.38821, 20.63142 ], [ -100.38817, 20.63161 ], [ -100.38818, 20.6322 ], [ -100.3881, 20.63256 ], [ -100.38793, 20.63266 ], [ -100.3877, 20.63283 ], [ -100.38755, 20.63295 ], [ -100.38746, 20.63324 ], [ -100.38746, 20.63365 ], [ -100.38743, 20.63382 ], [ -100.3873, 20.634 ], [ -100.38704, 20.63425 ], [ -100.38697, 20.6344 ], [ -100.38705, 20.6345 ], [ -100.38718, 20.63456 ], [ -100.38735, 20.63456 ], [ -100.38755, 20.63453 ], [ -100.38769, 20.63449 ], [ -100.39022, 20.63369 ], [ -100.39047, 20.6336 ], [ -100.39067, 20.63365 ], [ -100.39124, 20.63384 ], [ -100.39129, 20.63374 ], [ -100.39065, 20.63354 ], [ -100.3905, 20.6335 ], [ -100.39039, 20.6334 ], [ -100.39031, 20.63321 ], [ -100.39041, 20.63288 ], [ -100.39102, 20.63184 ], [ -100.39123, 20.6312 ], [ -100.39117, 20.63079 ], [ -100.391, 20.6303 ], [ -100.39086, 20.62962 ], [ -100.3907, 20.62912 ], [ -100.3904, 20.6286 ], [ -100.39017, 20.62832 ], [ -100.38945, 20.6278 ], [ -100.38897, 20.62763 ], [ -100.38855, 20.62749 ], [ -100.38599, 20.62727 ], [ -100.38577, 20.62724 ], [ -100.38556, 20.62711 ], [ -100.38546, 20.62687 ], [ -100.38549, 20.62669 ], [ -100.38563, 20.62646 ], [ -100.38847, 20.62503 ], [ -100.38874, 20.62481 ], [ -100.38887, 20.62464 ], [ -100.38953, 20.6237 ], [ -100.39006, 20.62283 ], [ -100.39011, 20.6226 ], [ -100.39014, 20.62238 ], [ -100.39016, 20.62203 ], [ -100.39012, 20.6213 ], [ -100.39014, 20.62042 ], [ -100.39011, 20.61906 ], [ -100.39018, 20.61865 ], [ -100.39026, 20.61845 ], [ -100.39024, 20.61827 ], [ -100.39015, 20.61806 ], [ -100.39011, 20.61726 ], [ -100.39011, 20.61702 ], [ -100.39016, 20.61681 ], [ -100.39034, 20.61613 ], [ -100.39029, 20.61571 ], [ -100.39023, 20.61516 ], [ -100.38998, 20.61399 ], [ -100.38983, 20.61343 ], [ -100.38957, 20.6124 ], [ -100.38923, 20.61159 ], [ -100.38862, 20.61035 ], [ -100.38848, 20.61012 ], [ -100.38828, 20.61004 ], [ -100.3877, 20.61018 ], [ -100.38753, 20.61022 ], [ -100.38733, 20.61023 ], [ -100.38711, 20.6101 ], [ -100.38694, 20.60991 ], [ -100.38675, 20.60938 ], [ -100.38648, 20.6087 ], [ -100.38643, 20.60826 ], [ -100.38649, 20.60792 ], [ -100.3867, 20.6076 ], [ -100.38698, 20.60732 ], [ -100.38951, 20.60547 ], [ -100.38995, 20.60517 ], [ -100.39274, 20.60306 ], [ -100.39317, 20.60278 ], [ -100.39352, 20.60248 ], [ -100.39372, 20.60215 ], [ -100.39387, 20.6018 ], [ -100.39395, 20.60155 ], [ -100.39395, 20.60131 ], [ -100.39393, 20.60029 ], [ -100.39387, 20.59896 ], [ -100.39399, 20.5988 ], [ -100.39398, 20.59868 ], [ -100.39384, 20.59855 ], [ -100.39368, 20.59861 ], [ -100.39355, 20.59862 ], [ -100.39328, 20.59859 ], [ -100.39125, 20.59829 ], [ -100.3895, 20.59839 ], [ -100.38914, 20.5985 ], [ -100.38884, 20.59869 ], [ -100.38834, 20.59926 ], [ -100.38809, 20.59949 ], [ -100.38773, 20.59966 ], [ -100.38729, 20.59975 ], [ -100.38677, 20.6 ], [ -100.38637, 20.598 ], [ -100.38612, 20.59656 ], [ -100.38582, 20.59552 ], [ -100.38492, 20.59308 ], [ -100.38456, 20.59315 ], [ -100.38416, 20.5917 ], [ -100.38371, 20.59097 ], [ -100.38294, 20.59124 ], [ -100.38269, 20.59122 ], [ -100.38253, 20.59113 ], [ -100.38238, 20.59111 ], [ -100.38218, 20.59121 ], [ -100.3821, 20.59133 ], [ -100.38137, 20.59136 ], [ -100.3802, 20.59145 ], [ -100.3797, 20.59151 ], [ -100.37931, 20.59162 ], [ -100.3789, 20.59183 ], [ -100.37871, 20.59173 ], [ -100.37708, 20.59094 ], [ -100.3766, 20.59075 ], [ -100.37559, 20.59017 ], [ -100.3738, 20.58933 ], [ -100.37226, 20.5886 ], [ -100.37129, 20.58818 ], [ -100.37076, 20.58802 ], [ -100.37065, 20.5879 ], [ -100.3709, 20.58785 ], [ -100.3739, 20.58732 ], [ -100.378, 20.5867 ], [ -100.37947, 20.58643 ], [ -100.38034, 20.58633 ], [ -100.38074, 20.58632 ], [ -100.38141, 20.58637 ], [ -100.38289, 20.58677 ], [ -100.3847, 20.58717 ], [ -100.38534, 20.58725 ], [ -100.38606, 20.58705 ], [ -100.38899, 20.58595 ], [ -100.38888, 20.5858 ], [ -100.3885, 20.58494 ], [ -100.38809, 20.5839 ], [ -100.38732, 20.58188 ], [ -100.38651, 20.5798 ], [ -100.38571, 20.57769 ], [ -100.38487, 20.57559 ], [ -100.38473, 20.5752 ], [ -100.38468, 20.57503 ], [ -100.38471, 20.5748 ], [ -100.38487, 20.57467 ], [ -100.38521, 20.57455 ], [ -100.38625, 20.57431 ], [ -100.38899, 20.57357 ], [ -100.39328, 20.57251 ], [ -100.3955, 20.57196 ], [ -100.39514, 20.57094 ], [ -100.39465, 20.56965 ], [ -100.39423, 20.56833 ], [ -100.39281, 20.56426 ], [ -100.39193, 20.56179 ], [ -100.39095, 20.55937 ], [ -100.38931, 20.55993 ], [ -100.38864, 20.55811 ], [ -100.38791, 20.55619 ], [ -100.3872, 20.55443 ], [ -100.3857, 20.55073 ], [ -100.38657, 20.55044 ], [ -100.38753, 20.55017 ], [ -100.38905, 20.54979 ], [ -100.38955, 20.54968 ], [ -100.39015, 20.54959 ], [ -100.39006, 20.54934 ], [ -100.39001, 20.54903 ], [ -100.38967, 20.54793 ], [ -100.3899, 20.54788 ], [ -100.39087, 20.54785 ], [ -100.39169, 20.54782 ], [ -100.3918, 20.54794 ], [ -100.3918, 20.54807 ], [ -100.3919, 20.54813 ], [ -100.39203, 20.54802 ], [ -100.39199, 20.54794 ], [ -100.39189, 20.54789 ], [ -100.39142, 20.547 ], [ -100.39057, 20.54548 ], [ -100.39045, 20.54551 ], [ -100.39114, 20.54672 ], [ -100.3917, 20.54779 ], [ -100.38952, 20.54783 ], [ -100.38994, 20.54915 ], [ -100.39005, 20.54944 ], [ -100.39009, 20.54955 ], [ -100.38964, 20.54963 ], [ -100.38892, 20.54978 ], [ -100.38763, 20.5501 ], [ -100.38657, 20.55042 ], [ -100.38562, 20.55073 ], [ -100.38598, 20.55174 ], [ -100.38686, 20.55384 ], [ -100.38763, 20.55588 ], [ -100.38846, 20.55797 ], [ -100.3892, 20.55989 ], [ -100.38967, 20.56101 ], [ -100.38915, 20.56119 ], [ -100.38986, 20.56304 ], [ -100.39056, 20.56494 ], [ -100.3919, 20.5684 ], [ -100.3931, 20.57147 ], [ -100.38923, 20.57245 ], [ -100.38676, 20.57308 ], [ -100.3875, 20.57407 ], [ -100.38769, 20.57438 ], [ -100.38776, 20.57463 ], [ -100.38704, 20.57474 ], [ -100.38571, 20.57503 ], [ -100.38488, 20.57547 ], [ -100.38474, 20.57551 ], [ -100.38562, 20.5779 ], [ -100.38601, 20.57879 ], [ -100.38656, 20.58027 ], [ -100.38713, 20.5817 ], [ -100.38792, 20.58377 ], [ -100.38875, 20.58588 ], [ -100.38588, 20.58693 ], [ -100.38542, 20.58704 ], [ -100.38488, 20.58705 ], [ -100.38347, 20.58669 ], [ -100.38148, 20.58626 ], [ -100.38069, 20.58611 ], [ -100.37884, 20.58636 ], [ -100.37563, 20.58689 ], [ -100.37192, 20.58753 ], [ -100.37056, 20.58782 ], [ -100.37059, 20.58793 ], [ -100.37068, 20.58804 ], [ -100.37109, 20.58817 ], [ -100.37184, 20.58846 ], [ -100.37343, 20.58921 ], [ -100.37498, 20.58996 ], [ -100.37645, 20.59069 ], [ -100.3766, 20.59082 ], [ -100.37675, 20.59108 ], [ -100.37704, 20.59154 ], [ -100.37751, 20.59203 ], [ -100.37797, 20.59239 ], [ -100.3785, 20.59282 ], [ -100.38003, 20.59393 ], [ -100.38033, 20.5942 ], [ -100.38049, 20.59448 ], [ -100.38062, 20.59497 ], [ -100.38068, 20.59548 ], [ -100.38078, 20.59584 ], [ -100.38101, 20.59644 ], [ -100.38106, 20.59667 ], [ -100.38105, 20.59713 ], [ -100.38108, 20.59809 ], [ -100.38097, 20.59917 ], [ -100.38078, 20.60022 ], [ -100.38082, 20.60058 ], [ -100.38084, 20.60093 ], [ -100.38131, 20.60094 ], [ -100.3818, 20.60103 ], [ -100.38259, 20.60126 ], [ -100.38333, 20.60143 ], [ -100.38371, 20.60139 ], [ -100.38409, 20.60134 ], [ -100.38537, 20.60087 ], [ -100.38602, 20.60072 ], [ -100.38677, 20.60042 ], [ -100.38738, 20.60009 ], [ -100.38804, 20.59979 ], [ -100.38848, 20.59948 ], [ -100.38909, 20.59892 ], [ -100.38942, 20.59879 ], [ -100.38971, 20.59871 ], [ -100.39107, 20.59857 ], [ -100.39158, 20.59863 ], [ -100.39314, 20.59897 ], [ -100.3933, 20.59899 ], [ -100.39353, 20.59899 ], [ -100.39364, 20.59893 ], [ -100.39378, 20.59892 ], [ -100.39379, 20.6 ], [ -100.39384, 20.6014 ], [ -100.39379, 20.60169 ], [ -100.39369, 20.602 ], [ -100.39344, 20.60238 ], [ -100.3926, 20.60302 ], [ -100.39163, 20.60376 ], [ -100.38989, 20.60506 ], [ -100.38638, 20.60722 ], [ -100.38608, 20.60753 ], [ -100.38589, 20.60814 ], [ -100.38604, 20.60866 ], [ -100.38807, 20.61287 ], [ -100.38881, 20.61404 ], [ -100.38955, 20.61503 ], [ -100.38968, 20.61505 ], [ -100.38998, 20.61498 ], [ -100.39012, 20.61479 ], [ -100.39013, 20.61457 ], [ -100.38992, 20.61377 ], [ -100.3897, 20.61391 ], [ -100.38952, 20.61407 ], [ -100.38932, 20.6143 ], [ -100.38917, 20.61452 ], [ -100.38937, 20.6148 ], [ -100.38975, 20.61527 ], [ -100.38985, 20.61555 ], [ -100.38989, 20.61584 ], [ -100.38993, 20.61629 ], [ -100.38995, 20.61695 ], [ -100.38987, 20.61726 ], [ -100.3899, 20.61747 ], [ -100.38999, 20.61768 ], [ -100.38999, 20.61785 ], [ -100.39003, 20.61907 ], [ -100.39008, 20.62024 ], [ -100.39007, 20.62136 ], [ -100.3901, 20.62234 ], [ -100.39007, 20.6226 ], [ -100.39, 20.62287 ], [ -100.38944, 20.62375 ], [ -100.38883, 20.62462 ], [ -100.38866, 20.62479 ], [ -100.38838, 20.625 ], [ -100.38704, 20.62569 ], [ -100.3856, 20.62639 ], [ -100.38542, 20.62652 ], [ -100.38532, 20.62675 ], [ -100.38532, 20.62695 ], [ -100.38541, 20.62712 ], [ -100.38553, 20.62726 ], [ -100.38574, 20.62734 ], [ -100.3863, 20.62742 ], [ -100.38852, 20.62759 ], [ -100.38925, 20.62783 ], [ -100.38961, 20.62802 ], [ -100.39006, 20.6284 ], [ -100.39045, 20.62894 ], [ -100.3907, 20.62956 ], [ -100.39103, 20.63072 ], [ -100.39108, 20.63113 ], [ -100.39108, 20.63135 ], [ -100.39093, 20.63183 ], [ -100.39032, 20.63278 ], [ -100.39024, 20.63296 ], [ -100.39019, 20.63313 ], [ -100.39021, 20.63332 ], [ -100.39033, 20.63348 ], [ -100.39019, 20.63365 ], [ -100.38893, 20.63402 ], [ -100.38769, 20.63446 ], [ -100.38753, 20.63449 ], [ -100.38727, 20.63454 ], [ -100.38715, 20.63452 ], [ -100.38707, 20.63443 ], [ -100.38702, 20.63435 ], [ -100.38742, 20.63393 ], [ -100.38751, 20.6338 ], [ -100.38753, 20.63368 ], [ -100.38749, 20.63336 ], [ -100.3876, 20.63298 ], [ -100.38776, 20.63285 ], [ -100.38801, 20.63264 ], [ -100.38815, 20.6326 ], [ -100.38824, 20.63213 ], [ -100.3882, 20.63169 ], [ -100.38825, 20.63141 ], [ -100.38835, 20.63114 ], [ -100.38846, 20.63035 ], [ -100.38774, 20.63046 ], [ -100.38666, 20.63059 ], [ -100.38569, 20.63075 ], [ -100.3838, 20.6311 ], [ -100.38383, 20.63265 ], [ -100.38531, 20.63246 ], [ -100.38553, 20.63362 ], [ -100.38563, 20.63419 ], [ -100.38568, 20.63429 ], [ -100.38579, 20.63434 ], [ -100.38586, 20.63438 ], [ -100.38463, 20.63587 ], [ -100.38276, 20.63819 ], [ -100.37806, 20.63758 ], [ -100.37763, 20.63755 ], [ -100.3775, 20.63759 ], [ -100.37742, 20.63788 ], [ -100.37738, 20.63809 ], [ -100.37748, 20.63837 ], [ -100.37755, 20.63847 ], [ -100.37721, 20.63988 ], [ -100.37679, 20.64146 ], [ -100.37641, 20.64303 ], [ -100.37576, 20.64564 ], [ -100.37568, 20.64607 ], [ -100.37863, 20.64598 ], [ -100.38001, 20.64596 ], [ -100.37968, 20.64689 ], [ -100.37931, 20.64814 ], [ -100.3788, 20.64982 ], [ -100.37822, 20.65162 ], [ -100.37764, 20.6535 ], [ -100.37751, 20.65405 ], [ -100.37702, 20.65442 ], [ -100.37663, 20.65493 ], [ -100.37601, 20.65596 ] ] } },
{ "type": "Feature", "properties": { "city": "Querétaro", "route_name": "31_Paseos de San Miguel - Plaza las Américas", "route_name_short": "Paseos de San Miguel - Plaza las Américas", "type": "Bus", "shape_id": "shape_2478" }, "geometry": { "type": "LineString", "coordinates": [ [ -100.38298, 20.59137 ], [ -100.38376, 20.59115 ], [ -100.38469, 20.59083 ], [ -100.38642, 20.59022 ], [ -100.38989, 20.58896 ], [ -100.39472, 20.58739 ], [ -100.39812, 20.58623 ], [ -100.4004, 20.58541 ], [ -100.40188, 20.58489 ], [ -100.40235, 20.58518 ], [ -100.40327, 20.5871 ], [ -100.40486, 20.59048 ], [ -100.40717, 20.59597 ], [ -100.40795, 20.59605 ], [ -100.40888, 20.59652 ], [ -100.41101, 20.5964 ], [ -100.41202, 20.59632 ], [ -100.41246, 20.59609 ], [ -100.4132, 20.5955 ], [ -100.41373, 20.59532 ], [ -100.4148, 20.59517 ], [ -100.41598, 20.59933 ], [ -100.41723, 20.60366 ], [ -100.4182, 20.60722 ], [ -100.41916, 20.61067 ], [ -100.41956, 20.6119 ], [ -100.41989, 20.61311 ], [ -100.42044, 20.61515 ], [ -100.42098, 20.61698 ], [ -100.42204, 20.6208 ], [ -100.42258, 20.62249 ], [ -100.42356, 20.62486 ], [ -100.42402, 20.62595 ], [ -100.4245, 20.62706 ], [ -100.42555, 20.62972 ], [ -100.42657, 20.63234 ], [ -100.42739, 20.63417 ], [ -100.42842, 20.63627 ], [ -100.42942, 20.63839 ], [ -100.42986, 20.63931 ], [ -100.43019, 20.64019 ], [ -100.43034, 20.64069 ], [ -100.43046, 20.64122 ], [ -100.43055, 20.64224 ], [ -100.43063, 20.64341 ], [ -100.43076, 20.64487 ], [ -100.43089, 20.64656 ], [ -100.43101, 20.64813 ], [ -100.43088, 20.64847 ], [ -100.43069, 20.64864 ], [ -100.4304, 20.64867 ], [ -100.43013, 20.64854 ], [ -100.42996, 20.64836 ], [ -100.42985, 20.648 ], [ -100.4299, 20.64775 ], [ -100.43006, 20.64742 ], [ -100.43034, 20.64721 ], [ -100.43069, 20.64714 ], [ -100.4314, 20.64708 ], [ -100.43207, 20.64703 ], [ -100.43218, 20.6472 ], [ -100.43218, 20.64741 ], [ -100.43206, 20.64759 ], [ -100.4318, 20.64761 ], [ -100.43155, 20.6475 ], [ -100.43147, 20.64732 ], [ -100.43122, 20.64505 ], [ -100.43106, 20.64357 ], [ -100.43121, 20.64319 ], [ -100.43148, 20.64314 ], [ -100.43305, 20.64309 ], [ -100.43468, 20.64298 ], [ -100.43504, 20.6431 ], [ -100.43515, 20.64331 ], [ -100.43536, 20.64386 ], [ -100.43576, 20.64426 ], [ -100.43627, 20.6445 ], [ -100.43682, 20.64458 ], [ -100.4389, 20.64437 ], [ -100.43937, 20.64424 ], [ -100.43974, 20.644 ], [ -100.44006, 20.64366 ], [ -100.44032, 20.64311 ], [ -100.44048, 20.64252 ], [ -100.44064, 20.64193 ], [ -100.44068, 20.64145 ], [ -100.44085, 20.64129 ], [ -100.44193, 20.64089 ], [ -100.4441, 20.64002 ], [ -100.4464, 20.63915 ], [ -100.44933, 20.63814 ], [ -100.45013, 20.64011 ], [ -100.45073, 20.64171 ], [ -100.45005, 20.64184 ], [ -100.45007, 20.64263 ], [ -100.45027, 20.64536 ], [ -100.4504, 20.64742 ], [ -100.45052, 20.65049 ], [ -100.45072, 20.65367 ], [ -100.45079, 20.65483 ], [ -100.45086, 20.65562 ], [ -100.45128, 20.65652 ], [ -100.45163, 20.65703 ], [ -100.45213, 20.65748 ], [ -100.45335, 20.65836 ], [ -100.45359, 20.65861 ], [ -100.45519, 20.65969 ], [ -100.45561, 20.66007 ], [ -100.45604, 20.66035 ], [ -100.45703, 20.66106 ], [ -100.45753, 20.66042 ], [ -100.45831, 20.65941 ], [ -100.45859, 20.65914 ], [ -100.45889, 20.65876 ], [ -100.45919, 20.65835 ], [ -100.46005, 20.65716 ], [ -100.46099, 20.65598 ], [ -100.46194, 20.65477 ], [ -100.46232, 20.65418 ], [ -100.46268, 20.65377 ], [ -100.46311, 20.6535 ], [ -100.46363, 20.65319 ], [ -100.46404, 20.6529 ], [ -100.46441, 20.65315 ], [ -100.46497, 20.65364 ], [ -100.46622, 20.65461 ], [ -100.46729, 20.6555 ], [ -100.468, 20.65601 ], [ -100.46816, 20.656 ], [ -100.46873, 20.65567 ], [ -100.46968, 20.65517 ], [ -100.47077, 20.6546 ], [ -100.47143, 20.65633 ], [ -100.4719, 20.65764 ], [ -100.47243, 20.65911 ], [ -100.47303, 20.65947 ], [ -100.47388, 20.66004 ], [ -100.47293, 20.66139 ], [ -100.47269, 20.66165 ], [ -100.47084, 20.66234 ], [ -100.47121, 20.66317 ], [ -100.47124, 20.66314 ], [ -100.47091, 20.66237 ], [ -100.47241, 20.66181 ], [ -100.47272, 20.66169 ], [ -100.47281, 20.6616 ], [ -100.47349, 20.66066 ], [ -100.47397, 20.66 ], [ -100.47246, 20.65902 ], [ -100.47199, 20.65767 ], [ -100.47127, 20.65563 ], [ -100.4708, 20.6545 ], [ -100.46968, 20.65508 ], [ -100.46807, 20.65592 ], [ -100.46724, 20.65528 ], [ -100.46613, 20.65438 ], [ -100.46545, 20.65384 ], [ -100.4652, 20.65375 ], [ -100.46468, 20.65332 ], [ -100.46405, 20.65284 ], [ -100.46353, 20.65315 ], [ -100.46288, 20.65354 ], [ -100.46237, 20.65395 ], [ -100.46181, 20.65486 ], [ -100.46104, 20.65586 ], [ -100.46031, 20.65675 ], [ -100.45978, 20.65742 ], [ -100.45973, 20.65755 ], [ -100.4591, 20.65841 ], [ -100.4587, 20.65893 ], [ -100.45862, 20.65897 ], [ -100.45853, 20.65896 ], [ -100.45813, 20.65945 ], [ -100.45699, 20.66086 ], [ -100.45572, 20.65996 ], [ -100.45395, 20.65865 ], [ -100.45313, 20.65812 ], [ -100.45239, 20.65759 ], [ -100.45167, 20.65696 ], [ -100.4514, 20.6566 ], [ -100.45113, 20.65611 ], [ -100.45091, 20.65563 ], [ -100.45084, 20.65478 ], [ -100.45076, 20.6533 ], [ -100.45059, 20.65031 ], [ -100.45043, 20.64724 ], [ -100.45031, 20.64514 ], [ -100.45025, 20.64409 ], [ -100.45016, 20.64283 ], [ -100.4501, 20.64189 ], [ -100.45017, 20.64186 ], [ -100.45054, 20.64181 ], [ -100.45088, 20.64174 ], [ -100.45009, 20.63976 ], [ -100.44945, 20.63816 ], [ -100.44942, 20.63795 ], [ -100.44934, 20.63784 ], [ -100.44708, 20.63861 ], [ -100.44435, 20.63962 ], [ -100.44079, 20.64095 ], [ -100.44063, 20.64096 ], [ -100.44048, 20.64067 ], [ -100.44012, 20.64027 ], [ -100.43963, 20.63999 ], [ -100.43858, 20.63962 ], [ -100.43818, 20.63932 ], [ -100.43794, 20.63901 ], [ -100.43775, 20.63898 ], [ -100.43753, 20.63902 ], [ -100.43739, 20.63916 ], [ -100.43704, 20.63947 ], [ -100.43633, 20.63985 ], [ -100.43561, 20.6402 ], [ -100.43526, 20.64048 ], [ -100.43502, 20.64077 ], [ -100.43481, 20.64125 ], [ -100.43478, 20.64152 ], [ -100.43479, 20.64181 ], [ -100.43497, 20.6425 ], [ -100.43472, 20.64278 ], [ -100.43444, 20.64289 ], [ -100.43337, 20.6429 ], [ -100.43127, 20.64296 ], [ -100.43097, 20.64258 ], [ -100.43087, 20.64142 ], [ -100.43065, 20.64032 ], [ -100.43032, 20.63935 ], [ -100.42976, 20.63826 ], [ -100.42865, 20.63617 ], [ -100.42766, 20.63411 ], [ -100.42698, 20.63263 ], [ -100.4251, 20.6279 ], [ -100.42417, 20.62554 ], [ -100.42299, 20.62268 ], [ -100.42256, 20.62155 ], [ -100.42232, 20.62068 ], [ -100.42221, 20.62019 ], [ -100.42215, 20.61983 ], [ -100.42153, 20.61749 ], [ -100.4198, 20.61133 ], [ -100.41883, 20.60802 ], [ -100.41788, 20.6047 ], [ -100.4168, 20.60082 ], [ -100.4157, 20.59691 ], [ -100.41508, 20.59479 ], [ -100.41448, 20.5927 ], [ -100.41371, 20.58992 ], [ -100.41303, 20.58765 ], [ -100.41272, 20.58701 ], [ -100.41229, 20.58639 ], [ -100.41208, 20.58612 ], [ -100.41182, 20.58632 ], [ -100.41227, 20.58686 ], [ -100.41262, 20.58761 ], [ -100.41286, 20.58826 ], [ -100.4132, 20.58954 ], [ -100.41297, 20.5897 ], [ -100.41222, 20.58954 ], [ -100.41038, 20.58931 ], [ -100.40951, 20.58925 ], [ -100.40893, 20.58929 ], [ -100.40814, 20.58943 ], [ -100.40723, 20.58964 ], [ -100.40462, 20.59063 ], [ -100.40158, 20.59175 ], [ -100.39841, 20.59269 ], [ -100.39651, 20.58664 ], [ -100.39508, 20.58707 ], [ -100.3896, 20.58897 ], [ -100.38685, 20.58993 ], [ -100.38433, 20.59078 ], [ -100.38361, 20.59106 ], [ -100.38286, 20.59124 ], [ -100.38271, 20.59122 ], [ -100.38262, 20.59115 ], [ -100.38249, 20.59111 ], [ -100.38234, 20.59112 ], [ -100.3822, 20.59122 ], [ -100.38209, 20.59132 ], [ -100.38062, 20.59142 ], [ -100.37984, 20.59148 ], [ -100.37927, 20.59165 ], [ -100.37889, 20.59182 ], [ -100.37762, 20.59119 ], [ -100.37677, 20.59079 ], [ -100.37658, 20.59074 ], [ -100.37646, 20.58966 ], [ -100.37643, 20.58856 ], [ -100.3764, 20.58704 ], [ -100.37629, 20.58677 ], [ -100.37372, 20.5872 ], [ -100.37061, 20.58779 ], [ -100.37062, 20.58792 ], [ -100.373, 20.58749 ], [ -100.37513, 20.58713 ], [ -100.37541, 20.58739 ], [ -100.37615, 20.58799 ], [ -100.37638, 20.58818 ], [ -100.37642, 20.58967 ], [ -100.37651, 20.59068 ], [ -100.37682, 20.5912 ], [ -100.37745, 20.59203 ], [ -100.37815, 20.59253 ], [ -100.37905, 20.59192 ], [ -100.3797, 20.59163 ], [ -100.38002, 20.59157 ], [ -100.38205, 20.59146 ], [ -100.38229, 20.59152 ], [ -100.38248, 20.59154 ], [ -100.38263, 20.59149 ], [ -100.38275, 20.59139 ], [ -100.38297, 20.59136 ] ] } },
{ "type": "Feature", "properties": { "city": "Querétaro", "route_name": "29_Colonia Tenochtitlán - Mercado la Cruz", "route_name_short": "Colonia Tenochtitlán - Mercado la Cruz", "type": "Bus", "shape_id": "shape_2476" }, "geometry": { "type": "LineString", "coordinates": [ [ -100.48233, 20.63415 ], [ -100.4829, 20.63364 ], [ -100.48302, 20.63367 ], [ -100.4831, 20.63356 ], [ -100.48307, 20.63347 ], [ -100.48298, 20.63341 ], [ -100.48288, 20.63351 ], [ -100.48283, 20.63359 ], [ -100.48265, 20.63369 ], [ -100.48134, 20.63486 ], [ -100.47948, 20.6365 ], [ -100.47908, 20.63684 ], [ -100.47823, 20.63747 ], [ -100.47808, 20.63755 ], [ -100.4775, 20.63771 ], [ -100.47724, 20.63782 ], [ -100.4768, 20.63824 ], [ -100.47669, 20.63843 ], [ -100.47659, 20.63874 ], [ -100.47618, 20.63911 ], [ -100.47591, 20.63927 ], [ -100.47495, 20.63965 ], [ -100.47447, 20.63979 ], [ -100.47409, 20.63979 ], [ -100.47375, 20.63976 ], [ -100.47355, 20.63979 ], [ -100.47332, 20.63998 ], [ -100.47317, 20.64006 ], [ -100.47459, 20.64193 ], [ -100.47381, 20.6425 ], [ -100.47369, 20.64251 ], [ -100.47361, 20.64255 ], [ -100.47296, 20.64242 ], [ -100.47044, 20.64182 ], [ -100.4705, 20.64159 ], [ -100.47049, 20.64148 ], [ -100.4703, 20.64064 ], [ -100.47007, 20.63968 ], [ -100.46999, 20.63929 ], [ -100.46982, 20.6386 ], [ -100.46939, 20.63677 ], [ -100.46907, 20.63551 ], [ -100.46897, 20.63502 ], [ -100.46923, 20.63501 ], [ -100.4695, 20.63494 ], [ -100.46882, 20.6341 ], [ -100.4672, 20.63206 ], [ -100.46705, 20.63192 ], [ -100.46699, 20.63175 ], [ -100.46691, 20.63168 ], [ -100.46533, 20.63223 ], [ -100.46406, 20.63268 ], [ -100.46337, 20.63164 ], [ -100.46168, 20.62925 ], [ -100.46086, 20.62811 ], [ -100.46088, 20.62799 ], [ -100.46087, 20.62791 ], [ -100.46082, 20.62782 ], [ -100.46074, 20.62781 ], [ -100.46061, 20.62784 ], [ -100.46054, 20.62788 ], [ -100.45908, 20.62756 ], [ -100.45645, 20.62698 ], [ -100.45518, 20.62667 ], [ -100.45503, 20.62656 ], [ -100.45494, 20.62645 ], [ -100.45416, 20.62697 ], [ -100.45389, 20.62715 ], [ -100.45368, 20.62742 ], [ -100.45331, 20.62789 ], [ -100.45318, 20.62808 ], [ -100.45313, 20.62836 ], [ -100.45276, 20.6285 ], [ -100.45182, 20.62864 ], [ -100.45122, 20.62878 ], [ -100.44981, 20.62929 ], [ -100.44909, 20.62955 ], [ -100.44812, 20.63023 ], [ -100.4472, 20.63086 ], [ -100.44701, 20.63097 ], [ -100.44579, 20.6313 ], [ -100.44528, 20.63145 ], [ -100.44488, 20.63144 ], [ -100.44443, 20.63145 ], [ -100.44291, 20.63166 ], [ -100.44262, 20.63178 ], [ -100.44153, 20.63229 ], [ -100.44086, 20.6326 ], [ -100.44039, 20.63147 ], [ -100.43943, 20.62911 ], [ -100.4387, 20.62717 ], [ -100.4379, 20.62503 ], [ -100.43705, 20.62273 ], [ -100.43625, 20.62054 ], [ -100.43572, 20.6191 ], [ -100.43606, 20.61881 ], [ -100.43643, 20.61861 ], [ -100.43708, 20.61823 ], [ -100.43744, 20.61795 ], [ -100.43715, 20.61758 ], [ -100.437, 20.61736 ], [ -100.43691, 20.61716 ], [ -100.43678, 20.61642 ], [ -100.43655, 20.61516 ], [ -100.43629, 20.61449 ], [ -100.43616, 20.61396 ], [ -100.43585, 20.6126 ], [ -100.43586, 20.61235 ], [ -100.43541, 20.61098 ], [ -100.43521, 20.61062 ], [ -100.43501, 20.61039 ], [ -100.43483, 20.61002 ], [ -100.43456, 20.60935 ], [ -100.43449, 20.60907 ], [ -100.43446, 20.6088 ], [ -100.43425, 20.60839 ], [ -100.43389, 20.60784 ], [ -100.43337, 20.60709 ], [ -100.43304, 20.60677 ], [ -100.43248, 20.60626 ], [ -100.43179, 20.60571 ], [ -100.43159, 20.60556 ], [ -100.43104, 20.60527 ], [ -100.43045, 20.60498 ], [ -100.42997, 20.60461 ], [ -100.42947, 20.60423 ], [ -100.42899, 20.60383 ], [ -100.42807, 20.60301 ], [ -100.42777, 20.60278 ], [ -100.4276, 20.60268 ], [ -100.42745, 20.60265 ], [ -100.42638, 20.60266 ], [ -100.42472, 20.60266 ], [ -100.42458, 20.60254 ], [ -100.42413, 20.60203 ], [ -100.42382, 20.60179 ], [ -100.42335, 20.60142 ], [ -100.42307, 20.60121 ], [ -100.42294, 20.60112 ], [ -100.42235, 20.60129 ], [ -100.42207, 20.60135 ], [ -100.42088, 20.60138 ], [ -100.4201, 20.60143 ], [ -100.41985, 20.60137 ], [ -100.41968, 20.60127 ], [ -100.41959, 20.60115 ], [ -100.41953, 20.601 ], [ -100.41944, 20.60014 ], [ -100.41943, 20.59983 ], [ -100.41945, 20.59963 ], [ -100.41956, 20.59944 ], [ -100.41987, 20.59909 ], [ -100.42023, 20.59871 ], [ -100.42018, 20.59807 ], [ -100.42003, 20.59656 ], [ -100.41986, 20.59487 ], [ -100.41868, 20.59497 ], [ -100.41712, 20.5951 ], [ -100.41546, 20.5952 ], [ -100.41459, 20.59521 ], [ -100.41399, 20.5952 ], [ -100.41377, 20.59512 ], [ -100.4135, 20.59485 ], [ -100.41248, 20.59564 ], [ -100.41198, 20.59599 ], [ -100.41172, 20.59608 ], [ -100.41021, 20.59614 ], [ -100.40914, 20.59617 ], [ -100.40882, 20.59612 ], [ -100.4083, 20.59587 ], [ -100.40768, 20.59568 ], [ -100.40733, 20.59555 ], [ -100.40688, 20.59555 ], [ -100.40553, 20.59569 ], [ -100.40323, 20.59593 ], [ -100.40251, 20.59595 ], [ -100.40169, 20.59597 ], [ -100.40112, 20.5961 ], [ -100.4005, 20.59627 ], [ -100.40019, 20.5964 ], [ -100.39962, 20.59677 ], [ -100.39844, 20.59749 ], [ -100.39789, 20.59772 ], [ -100.39744, 20.59786 ], [ -100.39708, 20.59788 ], [ -100.39679, 20.59787 ], [ -100.39603, 20.59778 ], [ -100.39557, 20.59777 ], [ -100.39527, 20.59781 ], [ -100.3948, 20.59792 ], [ -100.39434, 20.59819 ], [ -100.39398, 20.59842 ], [ -100.39382, 20.59855 ], [ -100.39366, 20.59859 ], [ -100.39348, 20.59862 ], [ -100.39273, 20.59848 ], [ -100.39169, 20.59836 ], [ -100.39117, 20.5983 ], [ -100.39043, 20.59833 ], [ -100.38957, 20.5984 ], [ -100.38923, 20.59846 ], [ -100.38893, 20.59863 ], [ -100.38864, 20.59891 ], [ -100.38825, 20.59935 ], [ -100.38807, 20.5995 ], [ -100.38775, 20.59961 ], [ -100.38725, 20.5998 ], [ -100.38677, 20.59998 ], [ -100.38658, 20.59905 ], [ -100.38634, 20.59777 ], [ -100.3845, 20.59795 ], [ -100.3843, 20.59882 ], [ -100.38416, 20.59922 ], [ -100.384, 20.59966 ], [ -100.38393, 20.60006 ], [ -100.38393, 20.60073 ], [ -100.38397, 20.60109 ], [ -100.38407, 20.60133 ], [ -100.38516, 20.60093 ], [ -100.386, 20.60073 ], [ -100.38688, 20.60039 ], [ -100.38829, 20.59966 ], [ -100.38876, 20.5992 ], [ -100.3892, 20.59886 ], [ -100.3894, 20.59877 ], [ -100.39057, 20.5986 ], [ -100.39119, 20.59857 ], [ -100.39233, 20.59883 ], [ -100.39304, 20.59894 ], [ -100.39338, 20.599 ], [ -100.3937, 20.5989 ], [ -100.39389, 20.59891 ], [ -100.39401, 20.59879 ], [ -100.39421, 20.59877 ], [ -100.39481, 20.59842 ], [ -100.39516, 20.59823 ], [ -100.39567, 20.59816 ], [ -100.39622, 20.5981 ], [ -100.39694, 20.59827 ], [ -100.39723, 20.59829 ], [ -100.39785, 20.59808 ], [ -100.3992, 20.59755 ], [ -100.39983, 20.59715 ], [ -100.40021, 20.59675 ], [ -100.40043, 20.59659 ], [ -100.40095, 20.59647 ], [ -100.40156, 20.5963 ], [ -100.40185, 20.59623 ], [ -100.4024, 20.5962 ], [ -100.40314, 20.59621 ], [ -100.40392, 20.59613 ], [ -100.40484, 20.59605 ], [ -100.40656, 20.59598 ], [ -100.40722, 20.59595 ], [ -100.40758, 20.59598 ], [ -100.40822, 20.59621 ], [ -100.40888, 20.59647 ], [ -100.40919, 20.5965 ], [ -100.41088, 20.59641 ], [ -100.41173, 20.59635 ], [ -100.41213, 20.59629 ], [ -100.41243, 20.59611 ], [ -100.41298, 20.5957 ], [ -100.41348, 20.59534 ], [ -100.41382, 20.59533 ], [ -100.4144, 20.5953 ], [ -100.41533, 20.59527 ], [ -100.41725, 20.59513 ], [ -100.41908, 20.59499 ], [ -100.41983, 20.59493 ], [ -100.41999, 20.59651 ], [ -100.42017, 20.59858 ], [ -100.42015, 20.59875 ], [ -100.41977, 20.59916 ], [ -100.41947, 20.59946 ], [ -100.41939, 20.59966 ], [ -100.41939, 20.59993 ], [ -100.41946, 20.6008 ], [ -100.41951, 20.60113 ], [ -100.41961, 20.60128 ], [ -100.41978, 20.60139 ], [ -100.42002, 20.60145 ], [ -100.42047, 20.60146 ], [ -100.42242, 20.60138 ], [ -100.42292, 20.60138 ], [ -100.42317, 20.60147 ], [ -100.42392, 20.60201 ], [ -100.4244, 20.60251 ], [ -100.42459, 20.60269 ], [ -100.42663, 20.60273 ], [ -100.42732, 20.60271 ], [ -100.42762, 20.60273 ], [ -100.42772, 20.6028 ], [ -100.42816, 20.60317 ], [ -100.4295, 20.60432 ], [ -100.43031, 20.60492 ], [ -100.43119, 20.6054 ], [ -100.43165, 20.60566 ], [ -100.43193, 20.60587 ], [ -100.43295, 20.60675 ], [ -100.43331, 20.60713 ], [ -100.43392, 20.60795 ], [ -100.43422, 20.60841 ], [ -100.43441, 20.60882 ], [ -100.43443, 20.60898 ], [ -100.43451, 20.60931 ], [ -100.43473, 20.60989 ], [ -100.43489, 20.61029 ], [ -100.43509, 20.61059 ], [ -100.43537, 20.6111 ], [ -100.43558, 20.61171 ], [ -100.43577, 20.61234 ], [ -100.4358, 20.61264 ], [ -100.43609, 20.61396 ], [ -100.43621, 20.61439 ], [ -100.43622, 20.61456 ], [ -100.43624, 20.61483 ], [ -100.43615, 20.61518 ], [ -100.43615, 20.61544 ], [ -100.43628, 20.61626 ], [ -100.43475, 20.61653 ], [ -100.43506, 20.61732 ], [ -100.43554, 20.61871 ], [ -100.43614, 20.62037 ], [ -100.43693, 20.62248 ], [ -100.43773, 20.62469 ], [ -100.43859, 20.62699 ], [ -100.43951, 20.62944 ], [ -100.4404, 20.63162 ], [ -100.44084, 20.63268 ], [ -100.44273, 20.63177 ], [ -100.44296, 20.63175 ], [ -100.44419, 20.63158 ], [ -100.44456, 20.6315 ], [ -100.44493, 20.6315 ], [ -100.44531, 20.63151 ], [ -100.44577, 20.63141 ], [ -100.44694, 20.63106 ], [ -100.44716, 20.631 ], [ -100.44756, 20.63076 ], [ -100.44857, 20.63 ], [ -100.44919, 20.62959 ], [ -100.44998, 20.62932 ], [ -100.45127, 20.62884 ], [ -100.45197, 20.62866 ], [ -100.45268, 20.62855 ], [ -100.45311, 20.62843 ], [ -100.45323, 20.62837 ], [ -100.45329, 20.62815 ], [ -100.45352, 20.6278 ], [ -100.45393, 20.62724 ], [ -100.45438, 20.62693 ], [ -100.45496, 20.62656 ], [ -100.45511, 20.62667 ], [ -100.4553, 20.62674 ], [ -100.45654, 20.62702 ], [ -100.45941, 20.62767 ], [ -100.46059, 20.62795 ], [ -100.46062, 20.62808 ], [ -100.46071, 20.62812 ], [ -100.46084, 20.62816 ], [ -100.46146, 20.62903 ], [ -100.4635, 20.63191 ], [ -100.46423, 20.633 ], [ -100.46686, 20.63206 ], [ -100.468, 20.63348 ], [ -100.46918, 20.63495 ], [ -100.4689, 20.63498 ], [ -100.46922, 20.63627 ], [ -100.46964, 20.638 ], [ -100.4701, 20.63993 ], [ -100.47043, 20.64139 ], [ -100.47045, 20.64159 ], [ -100.47043, 20.64175 ], [ -100.47038, 20.64185 ], [ -100.47234, 20.64232 ], [ -100.47362, 20.6426 ], [ -100.47366, 20.64269 ], [ -100.47374, 20.64271 ], [ -100.47383, 20.64266 ], [ -100.47393, 20.64254 ], [ -100.47499, 20.64183 ], [ -100.47372, 20.64014 ], [ -100.47359, 20.63989 ], [ -100.47401, 20.63989 ], [ -100.47435, 20.63989 ], [ -100.47469, 20.63983 ], [ -100.47547, 20.63955 ], [ -100.47602, 20.63931 ], [ -100.47656, 20.63885 ], [ -100.47758, 20.63808 ], [ -100.47868, 20.63721 ], [ -100.47937, 20.63676 ], [ -100.48129, 20.63505 ], [ -100.48231, 20.63414 ] ] } },
{ "type": "Feature", "properties": { "city": "Querétaro", "route_name": "33_Bolaños II - Alameda", "route_name_short": "Bolaños II - Alameda", "type": "Bus", "shape_id": "shape_2440" }, "geometry": { "type": "LineString", "coordinates": [ [ -100.38987, 20.58882 ], [ -100.38709, 20.58982 ], [ -100.38509, 20.59053 ], [ -100.3834, 20.59111 ], [ -100.38283, 20.59125 ], [ -100.3827, 20.59123 ], [ -100.38255, 20.59112 ], [ -100.38233, 20.59111 ], [ -100.38221, 20.59119 ], [ -100.38207, 20.59133 ], [ -100.38116, 20.59138 ], [ -100.3798, 20.59148 ], [ -100.37888, 20.59179 ], [ -100.37729, 20.59105 ], [ -100.37671, 20.59077 ], [ -100.37661, 20.59087 ], [ -100.37695, 20.59139 ], [ -100.37732, 20.5919 ], [ -100.37822, 20.59258 ], [ -100.37968, 20.59369 ], [ -100.38011, 20.59397 ], [ -100.38037, 20.59428 ], [ -100.38052, 20.59455 ], [ -100.38063, 20.59502 ], [ -100.38077, 20.59578 ], [ -100.38104, 20.59653 ], [ -100.38107, 20.59758 ], [ -100.38104, 20.59854 ], [ -100.3809, 20.59959 ], [ -100.38078, 20.60025 ], [ -100.38079, 20.60067 ], [ -100.38082, 20.60097 ], [ -100.38098, 20.60096 ], [ -100.38178, 20.60101 ], [ -100.38278, 20.60135 ], [ -100.38325, 20.60143 ], [ -100.38377, 20.60141 ], [ -100.38532, 20.60089 ], [ -100.38619, 20.60064 ], [ -100.38708, 20.60026 ], [ -100.38774, 20.59995 ], [ -100.38847, 20.59954 ], [ -100.3888, 20.59917 ], [ -100.38899, 20.59898 ], [ -100.38923, 20.59884 ], [ -100.38955, 20.59874 ], [ -100.39001, 20.59868 ], [ -100.39064, 20.5986 ], [ -100.39097, 20.59858 ], [ -100.39132, 20.59859 ], [ -100.39234, 20.59882 ], [ -100.39306, 20.59894 ], [ -100.39339, 20.599 ], [ -100.39369, 20.5989 ], [ -100.39377, 20.59894 ], [ -100.39383, 20.60085 ], [ -100.39386, 20.60137 ], [ -100.39375, 20.60185 ], [ -100.39354, 20.60225 ], [ -100.39322, 20.60261 ], [ -100.39192, 20.60356 ], [ -100.39068, 20.60449 ], [ -100.38915, 20.60554 ], [ -100.38738, 20.60657 ], [ -100.38627, 20.60731 ], [ -100.386, 20.60771 ], [ -100.38583, 20.60835 ], [ -100.38559, 20.60861 ], [ -100.38534, 20.6087 ], [ -100.38514, 20.60878 ], [ -100.38473, 20.60872 ], [ -100.38434, 20.60854 ], [ -100.38393, 20.60821 ], [ -100.38371, 20.60798 ], [ -100.38355, 20.60771 ], [ -100.38327, 20.60781 ], [ -100.38332, 20.60829 ], [ -100.38315, 20.60868 ], [ -100.38254, 20.60939 ], [ -100.38206, 20.60973 ], [ -100.38139, 20.61013 ], [ -100.37995, 20.61101 ], [ -100.37942, 20.61138 ], [ -100.37922, 20.61153 ], [ -100.37909, 20.61172 ], [ -100.37902, 20.61197 ], [ -100.37898, 20.61213 ], [ -100.37905, 20.61235 ], [ -100.3792, 20.61257 ], [ -100.37972, 20.61317 ], [ -100.38015, 20.61368 ], [ -100.38033, 20.61398 ], [ -100.38051, 20.6144 ], [ -100.38059, 20.61505 ], [ -100.38066, 20.61558 ], [ -100.38087, 20.61618 ], [ -100.38089, 20.61639 ], [ -100.38074, 20.61644 ], [ -100.37795, 20.61517 ], [ -100.37737, 20.61506 ], [ -100.37667, 20.61527 ], [ -100.37636, 20.61545 ], [ -100.37635, 20.6156 ], [ -100.3738, 20.61651 ], [ -100.37332, 20.61671 ], [ -100.37305, 20.61695 ], [ -100.37283, 20.6172 ], [ -100.37276, 20.61737 ], [ -100.37277, 20.61789 ], [ -100.37269, 20.61801 ], [ -100.3726, 20.61812 ], [ -100.37253, 20.61831 ], [ -100.37284, 20.61824 ], [ -100.37389, 20.61802 ], [ -100.37421, 20.61739 ], [ -100.37428, 20.61735 ], [ -100.37542, 20.61692 ], [ -100.37708, 20.61634 ], [ -100.3773, 20.61631 ], [ -100.37746, 20.61639 ], [ -100.37756, 20.61657 ], [ -100.37759, 20.61673 ], [ -100.3776, 20.61682 ], [ -100.37769, 20.61686 ], [ -100.37783, 20.61712 ], [ -100.37782, 20.61722 ], [ -100.3781, 20.61772 ], [ -100.37811, 20.61784 ], [ -100.37819, 20.61791 ], [ -100.37833, 20.6182 ], [ -100.37843, 20.61842 ], [ -100.37852, 20.61846 ], [ -100.37897, 20.61885 ], [ -100.37911, 20.61895 ], [ -100.37925, 20.61899 ], [ -100.37961, 20.61909 ], [ -100.37979, 20.61915 ], [ -100.38039, 20.61907 ], [ -100.38062, 20.61906 ], [ -100.38101, 20.6192 ], [ -100.38112, 20.61903 ], [ -100.38118, 20.61886 ], [ -100.38112, 20.61878 ], [ -100.38066, 20.61865 ], [ -100.38057, 20.61879 ], [ -100.38106, 20.61897 ], [ -100.38104, 20.61907 ], [ -100.38055, 20.61895 ], [ -100.38005, 20.61899 ], [ -100.37969, 20.61896 ], [ -100.37941, 20.61892 ], [ -100.37908, 20.6188 ], [ -100.37858, 20.61842 ], [ -100.37858, 20.61833 ], [ -100.37847, 20.61823 ], [ -100.37824, 20.61775 ], [ -100.3781, 20.61746 ], [ -100.37782, 20.61691 ], [ -100.37776, 20.61669 ], [ -100.37758, 20.61644 ], [ -100.37742, 20.6163 ], [ -100.37722, 20.61627 ], [ -100.37695, 20.61636 ], [ -100.37453, 20.61718 ], [ -100.37433, 20.61725 ], [ -100.37421, 20.6173 ], [ -100.37409, 20.6175 ], [ -100.37384, 20.61801 ], [ -100.3735, 20.61809 ], [ -100.37257, 20.61828 ], [ -100.37263, 20.61816 ], [ -100.37271, 20.61806 ], [ -100.37278, 20.61789 ], [ -100.37281, 20.61772 ], [ -100.37282, 20.61737 ], [ -100.37294, 20.61711 ], [ -100.37338, 20.61671 ], [ -100.37641, 20.61563 ], [ -100.37638, 20.61538 ], [ -100.37732, 20.61512 ], [ -100.37768, 20.61511 ], [ -100.37802, 20.61526 ], [ -100.38071, 20.61647 ], [ -100.38106, 20.6166 ], [ -100.3813, 20.61674 ], [ -100.38187, 20.61712 ], [ -100.38225, 20.61742 ], [ -100.38247, 20.61778 ], [ -100.38251, 20.61802 ], [ -100.38264, 20.61798 ], [ -100.38274, 20.61796 ], [ -100.38264, 20.61773 ], [ -100.38244, 20.61742 ], [ -100.3822, 20.61719 ], [ -100.38184, 20.61691 ], [ -100.38126, 20.61648 ], [ -100.38107, 20.61625 ], [ -100.38085, 20.61585 ], [ -100.38072, 20.61537 ], [ -100.38068, 20.61479 ], [ -100.38058, 20.61436 ], [ -100.38049, 20.61413 ], [ -100.38036, 20.61383 ], [ -100.38013, 20.6135 ], [ -100.37983, 20.61319 ], [ -100.37965, 20.61291 ], [ -100.37925, 20.61242 ], [ -100.37912, 20.61225 ], [ -100.37911, 20.61203 ], [ -100.37917, 20.61182 ], [ -100.37928, 20.61161 ], [ -100.38218, 20.60973 ], [ -100.38323, 20.60958 ], [ -100.38357, 20.60941 ], [ -100.38384, 20.60919 ], [ -100.38401, 20.60907 ], [ -100.38419, 20.60906 ], [ -100.38483, 20.60909 ], [ -100.38545, 20.60908 ], [ -100.3856, 20.60897 ], [ -100.38658, 20.60775 ], [ -100.38711, 20.60726 ], [ -100.39007, 20.60504 ], [ -100.39132, 20.60411 ], [ -100.39269, 20.60316 ], [ -100.39316, 20.60279 ], [ -100.39359, 20.6024 ], [ -100.39385, 20.60189 ], [ -100.39395, 20.60151 ], [ -100.39388, 20.59892 ], [ -100.39402, 20.5988 ], [ -100.39427, 20.59872 ], [ -100.39474, 20.59847 ], [ -100.3951, 20.59826 ], [ -100.39564, 20.59817 ], [ -100.39615, 20.59815 ], [ -100.39652, 20.59817 ], [ -100.39694, 20.59828 ], [ -100.39731, 20.59828 ], [ -100.39938, 20.59753 ], [ -100.39979, 20.5972 ], [ -100.39875, 20.59376 ], [ -100.3974, 20.58958 ], [ -100.39657, 20.58662 ], [ -100.39336, 20.58762 ], [ -100.38988, 20.58881 ] ] } },
{ "type": "Feature", "properties": { "city": "Querétaro", "route_name": "36_La Loma IX - Terminal de Autobuses", "route_name_short": "La Loma IX - Terminal de Autobuses", "type": "Bus", "shape_id": "shape_2441" }, "geometry": { "type": "LineString", "coordinates": [ [ -100.35891, 20.58136 ], [ -100.35925, 20.58127 ], [ -100.35944, 20.58113 ], [ -100.3595, 20.58099 ], [ -100.35943, 20.58074 ], [ -100.35951, 20.58042 ], [ -100.35959, 20.5804 ], [ -100.35999, 20.58065 ], [ -100.36024, 20.58077 ], [ -100.36049, 20.58067 ], [ -100.36127, 20.58007 ], [ -100.36158, 20.57997 ], [ -100.3618, 20.57996 ], [ -100.36216, 20.58007 ], [ -100.36312, 20.58055 ], [ -100.36339, 20.58061 ], [ -100.36513, 20.58036 ], [ -100.36689, 20.58001 ], [ -100.37061, 20.57844 ], [ -100.37104, 20.57827 ], [ -100.37157, 20.57813 ], [ -100.37398, 20.57766 ], [ -100.37795, 20.57691 ], [ -100.38263, 20.57599 ], [ -100.38224, 20.57708 ], [ -100.38216, 20.57746 ], [ -100.38223, 20.57778 ], [ -100.38239, 20.57817 ], [ -100.38303, 20.57991 ], [ -100.38415, 20.5828 ], [ -100.38474, 20.58433 ], [ -100.3853, 20.58583 ], [ -100.3869, 20.59005 ], [ -100.3896, 20.58909 ], [ -100.39482, 20.58737 ], [ -100.39621, 20.58687 ], [ -100.39904, 20.58594 ], [ -100.40186, 20.58497 ], [ -100.40321, 20.58436 ], [ -100.40342, 20.58428 ], [ -100.40369, 20.58422 ], [ -100.40399, 20.58423 ], [ -100.40452, 20.58432 ], [ -100.40484, 20.58429 ], [ -100.40513, 20.58418 ], [ -100.40562, 20.5838 ], [ -100.40628, 20.58284 ], [ -100.40663, 20.58234 ], [ -100.40703, 20.58191 ], [ -100.40998, 20.58456 ], [ -100.41108, 20.58568 ], [ -100.41209, 20.58674 ], [ -100.41253, 20.58743 ], [ -100.41275, 20.58806 ], [ -100.41397, 20.59207 ], [ -100.4148, 20.59501 ], [ -100.41605, 20.59943 ], [ -100.41741, 20.60436 ], [ -100.41808, 20.60423 ], [ -100.41842, 20.60406 ], [ -100.41845, 20.60382 ], [ -100.41842, 20.60362 ], [ -100.41855, 20.60348 ], [ -100.42056, 20.60302 ], [ -100.42095, 20.60302 ], [ -100.42124, 20.60305 ], [ -100.42147, 20.60303 ], [ -100.42369, 20.60276 ], [ -100.42544, 20.60271 ], [ -100.42736, 20.60271 ], [ -100.4277, 20.60275 ], [ -100.4289, 20.60381 ], [ -100.43028, 20.60492 ], [ -100.43163, 20.60564 ], [ -100.43332, 20.60711 ], [ -100.434, 20.60809 ], [ -100.43422, 20.60845 ], [ -100.4344, 20.6089 ], [ -100.43466, 20.60973 ], [ -100.43509, 20.61061 ], [ -100.43559, 20.61186 ], [ -100.43599, 20.61354 ], [ -100.43668, 20.61577 ], [ -100.43691, 20.61713 ], [ -100.43741, 20.61797 ], [ -100.43836, 20.61698 ], [ -100.43905, 20.61627 ], [ -100.43942, 20.61595 ], [ -100.43996, 20.61576 ], [ -100.44066, 20.61566 ], [ -100.44174, 20.61574 ], [ -100.44284, 20.61588 ], [ -100.44621, 20.61628 ], [ -100.44653, 20.61392 ], [ -100.44852, 20.61418 ], [ -100.44816, 20.61658 ], [ -100.45034, 20.61692 ], [ -100.451, 20.61704 ], [ -100.452, 20.6173 ], [ -100.45236, 20.61752 ], [ -100.45326, 20.61801 ], [ -100.45402, 20.61851 ], [ -100.45551, 20.6196 ], [ -100.45707, 20.62075 ], [ -100.45904, 20.62233 ], [ -100.46072, 20.62443 ], [ -100.46324, 20.6276 ], [ -100.46495, 20.62961 ], [ -100.46569, 20.63067 ], [ -100.46688, 20.63204 ], [ -100.46835, 20.63156 ], [ -100.46893, 20.63134 ], [ -100.46884, 20.63105 ], [ -100.4689, 20.63096 ], [ -100.46839, 20.62879 ], [ -100.47109, 20.62806 ], [ -100.47395, 20.62729 ], [ -100.47353, 20.62605 ], [ -100.4734, 20.62555 ], [ -100.47714, 20.62603 ], [ -100.47753, 20.6261 ], [ -100.47735, 20.62559 ], [ -100.4768, 20.62365 ], [ -100.47573, 20.62031 ], [ -100.47522, 20.62042 ], [ -100.47519, 20.62048 ], [ -100.4757, 20.62039 ], [ -100.47656, 20.62313 ], [ -100.47735, 20.62575 ], [ -100.47722, 20.62591 ], [ -100.47707, 20.62598 ], [ -100.4733, 20.62548 ], [ -100.47364, 20.62651 ], [ -100.47386, 20.62726 ], [ -100.47105, 20.62803 ], [ -100.46826, 20.62876 ], [ -100.46877, 20.63104 ], [ -100.46705, 20.63164 ], [ -100.46546, 20.62968 ], [ -100.46394, 20.62768 ], [ -100.46087, 20.62367 ], [ -100.45983, 20.6224 ], [ -100.45914, 20.6216 ], [ -100.45808, 20.62079 ], [ -100.45673, 20.61981 ], [ -100.45474, 20.61835 ], [ -100.4538, 20.61768 ], [ -100.45291, 20.61714 ], [ -100.45214, 20.61688 ], [ -100.4503, 20.61663 ], [ -100.44811, 20.61634 ], [ -100.44111, 20.61546 ], [ -100.43933, 20.61563 ], [ -100.43679, 20.61613 ], [ -100.43671, 20.61577 ], [ -100.43625, 20.61427 ], [ -100.43596, 20.613 ], [ -100.4356, 20.61162 ], [ -100.43514, 20.61052 ], [ -100.4348, 20.60981 ], [ -100.43458, 20.60915 ], [ -100.43427, 20.60842 ], [ -100.43336, 20.60707 ], [ -100.43171, 20.60561 ], [ -100.43049, 20.60499 ], [ -100.42925, 20.60401 ], [ -100.42764, 20.60264 ], [ -100.42634, 20.60267 ], [ -100.42467, 20.60263 ], [ -100.42265, 20.6028 ], [ -100.4215, 20.60296 ], [ -100.42083, 20.60294 ], [ -100.41967, 20.60314 ], [ -100.41758, 20.60362 ], [ -100.41558, 20.59669 ], [ -100.41455, 20.59289 ], [ -100.41386, 20.59027 ], [ -100.41317, 20.58792 ], [ -100.41256, 20.58667 ], [ -100.41137, 20.58535 ], [ -100.40725, 20.58157 ], [ -100.40671, 20.58186 ], [ -100.40536, 20.58374 ], [ -100.40489, 20.5841 ], [ -100.40453, 20.58413 ], [ -100.40423, 20.58402 ], [ -100.40366, 20.584 ], [ -100.40332, 20.58408 ], [ -100.403, 20.5842 ], [ -100.40192, 20.58478 ], [ -100.40053, 20.58521 ], [ -100.39874, 20.58587 ], [ -100.39549, 20.58695 ], [ -100.39249, 20.58792 ], [ -100.38996, 20.58878 ], [ -100.38699, 20.58989 ], [ -100.38605, 20.58731 ], [ -100.3844, 20.5831 ], [ -100.38299, 20.57945 ], [ -100.38225, 20.57749 ], [ -100.38277, 20.57597 ], [ -100.38369, 20.5758 ], [ -100.38364, 20.57567 ], [ -100.37943, 20.57649 ], [ -100.37737, 20.57687 ], [ -100.37439, 20.5774 ], [ -100.37311, 20.57763 ], [ -100.37097, 20.57808 ], [ -100.36859, 20.57907 ], [ -100.36742, 20.57958 ], [ -100.36693, 20.57976 ], [ -100.36638, 20.57992 ], [ -100.36437, 20.58026 ], [ -100.36343, 20.58047 ], [ -100.36292, 20.58031 ], [ -100.36221, 20.58004 ], [ -100.36183, 20.57991 ], [ -100.36158, 20.57985 ], [ -100.36091, 20.58024 ], [ -100.36038, 20.5806 ], [ -100.36011, 20.58061 ], [ -100.35991, 20.58047 ], [ -100.35977, 20.5801 ], [ -100.35951, 20.57883 ], [ -100.35935, 20.57876 ], [ -100.35922, 20.57881 ], [ -100.35909, 20.57895 ], [ -100.35922, 20.57955 ], [ -100.35934, 20.58011 ], [ -100.35938, 20.58043 ], [ -100.35932, 20.58077 ], [ -100.35922, 20.58097 ], [ -100.35903, 20.58107 ], [ -100.35886, 20.58113 ], [ -100.35874, 20.58119 ], [ -100.35879, 20.58134 ], [ -100.35891, 20.58137 ] ] } },
{ "type": "Feature", "properties": { "city": "Querétaro", "route_name": "37_Los Olvera - La Cañada", "route_name_short": "Los Olvera - La Cañada", "type": "Bus", "shape_id": "shape_2442" }, "geometry": { "type": "LineString", "coordinates": [ [ -100.33015, 20.60786 ], [ -100.32953, 20.6068 ], [ -100.33035, 20.60659 ], [ -100.33182, 20.60607 ], [ -100.33211, 20.60599 ], [ -100.33316, 20.60603 ], [ -100.33379, 20.60615 ], [ -100.33476, 20.60654 ], [ -100.33542, 20.60704 ], [ -100.33603, 20.60736 ], [ -100.33669, 20.60742 ], [ -100.33712, 20.6073 ], [ -100.33767, 20.60702 ], [ -100.33864, 20.60683 ], [ -100.33894, 20.60661 ], [ -100.33947, 20.60596 ], [ -100.34023, 20.60519 ], [ -100.34087, 20.60477 ], [ -100.34256, 20.60418 ], [ -100.34405, 20.60346 ], [ -100.34444, 20.60332 ], [ -100.34497, 20.60328 ], [ -100.34583, 20.60299 ], [ -100.34773, 20.60216 ], [ -100.34883, 20.60181 ], [ -100.34986, 20.60141 ], [ -100.35067, 20.60104 ], [ -100.35197, 20.60026 ], [ -100.35231, 20.6001 ], [ -100.35335, 20.5998 ], [ -100.3555, 20.59881 ], [ -100.35571, 20.5987 ], [ -100.35601, 20.59865 ], [ -100.35657, 20.5987 ], [ -100.35688, 20.59892 ], [ -100.35751, 20.59913 ], [ -100.35783, 20.59949 ], [ -100.361, 20.60067 ], [ -100.36242, 20.60091 ], [ -100.36353, 20.60141 ], [ -100.3645, 20.60165 ], [ -100.36599, 20.60177 ], [ -100.36662, 20.60178 ], [ -100.36698, 20.60169 ], [ -100.36956, 20.60024 ], [ -100.36992, 20.59994 ], [ -100.37036, 20.5987 ], [ -100.37049, 20.59818 ], [ -100.37487, 20.59497 ], [ -100.37807, 20.5927 ], [ -100.37933, 20.59181 ], [ -100.37972, 20.59168 ], [ -100.38021, 20.59159 ], [ -100.38223, 20.59143 ], [ -100.38239, 20.59154 ], [ -100.38259, 20.59153 ], [ -100.38278, 20.59141 ], [ -100.38406, 20.59109 ], [ -100.38677, 20.59008 ], [ -100.39018, 20.58891 ], [ -100.39486, 20.58732 ], [ -100.39797, 20.58628 ], [ -100.39842, 20.58618 ], [ -100.40281, 20.58459 ], [ -100.40331, 20.58432 ], [ -100.40376, 20.58419 ], [ -100.40426, 20.5842 ], [ -100.40473, 20.58429 ], [ -100.40522, 20.58419 ], [ -100.40567, 20.58391 ], [ -100.4071, 20.58197 ], [ -100.40721, 20.58155 ], [ -100.40097, 20.57575 ], [ -100.40058, 20.57521 ], [ -100.4006, 20.57491 ], [ -100.40074, 20.57475 ], [ -100.40092, 20.57465 ], [ -100.4013, 20.57467 ], [ -100.4018, 20.57485 ], [ -100.40402, 20.57637 ], [ -100.40414, 20.57658 ], [ -100.40418, 20.57674 ], [ -100.40412, 20.5769 ], [ -100.40403, 20.57701 ], [ -100.40385, 20.57706 ], [ -100.40361, 20.57702 ], [ -100.40336, 20.57692 ], [ -100.40324, 20.57681 ], [ -100.40315, 20.57663 ], [ -100.40321, 20.5763 ], [ -100.40491, 20.57424 ], [ -100.40796, 20.57055 ], [ -100.40823, 20.57047 ], [ -100.40858, 20.57045 ], [ -100.409, 20.57021 ], [ -100.41139, 20.57188 ], [ -100.41167, 20.57241 ], [ -100.41437, 20.57088 ], [ -100.41532, 20.57156 ], [ -100.41498, 20.56706 ], [ -100.41476, 20.56337 ], [ -100.41422, 20.56206 ], [ -100.41364, 20.56016 ], [ -100.41288, 20.55841 ], [ -100.41247, 20.55764 ], [ -100.41251, 20.55741 ], [ -100.41168, 20.5541 ], [ -100.41152, 20.55381 ], [ -100.41023, 20.55321 ], [ -100.40935, 20.55102 ], [ -100.40873, 20.54963 ], [ -100.40844, 20.54924 ], [ -100.40771, 20.54772 ], [ -100.4071, 20.54659 ], [ -100.40683, 20.54622 ], [ -100.40638, 20.54601 ], [ -100.40559, 20.54576 ], [ -100.40246, 20.54516 ], [ -100.40249, 20.545 ], [ -100.4045, 20.54408 ], [ -100.40309, 20.54133 ], [ -100.40065, 20.54114 ], [ -100.40052, 20.54148 ], [ -100.40019, 20.54164 ], [ -100.40013, 20.54142 ], [ -100.39935, 20.53984 ], [ -100.39921, 20.53957 ], [ -100.39756, 20.53742 ], [ -100.39723, 20.53696 ], [ -100.39718, 20.53652 ], [ -100.39719, 20.5361 ], [ -100.39733, 20.53572 ], [ -100.39824, 20.53453 ], [ -100.39906, 20.53371 ], [ -100.39991, 20.53311 ], [ -100.40087, 20.53275 ], [ -100.40324, 20.53207 ], [ -100.40325, 20.53251 ], [ -100.40343, 20.53353 ], [ -100.40376, 20.53427 ], [ -100.40395, 20.53492 ], [ -100.40517, 20.53494 ], [ -100.40517, 20.53668 ], [ -100.40517, 20.53673 ], [ -100.40517, 20.53494 ], [ -100.404, 20.53484 ], [ -100.40384, 20.53422 ], [ -100.40349, 20.53342 ], [ -100.40333, 20.53252 ], [ -100.40327, 20.53176 ], [ -100.4006, 20.53252 ], [ -100.39956, 20.53313 ], [ -100.39839, 20.53424 ], [ -100.39755, 20.53513 ], [ -100.39704, 20.53544 ], [ -100.39657, 20.53555 ], [ -100.39642, 20.53569 ], [ -100.39637, 20.53587 ], [ -100.3964, 20.53602 ], [ -100.39732, 20.53707 ], [ -100.39916, 20.53938 ], [ -100.40023, 20.54151 ], [ -100.40075, 20.54157 ], [ -100.40091, 20.54114 ], [ -100.40314, 20.54129 ], [ -100.40462, 20.54418 ], [ -100.40598, 20.54355 ], [ -100.40662, 20.54481 ], [ -100.4066, 20.5453 ], [ -100.40622, 20.54614 ], [ -100.40684, 20.54666 ], [ -100.4074, 20.54757 ], [ -100.40856, 20.5501 ], [ -100.40875, 20.5509 ], [ -100.40941, 20.55238 ], [ -100.40972, 20.55266 ], [ -100.40995, 20.55318 ], [ -100.41146, 20.5539 ], [ -100.41232, 20.55732 ], [ -100.41235, 20.55767 ], [ -100.41223, 20.55788 ], [ -100.41196, 20.55809 ], [ -100.41182, 20.55823 ], [ -100.41211, 20.56078 ], [ -100.41294, 20.56157 ], [ -100.41412, 20.56254 ], [ -100.41109, 20.56616 ], [ -100.408, 20.56986 ], [ -100.40551, 20.57303 ], [ -100.4046, 20.57394 ], [ -100.40326, 20.57557 ], [ -100.40249, 20.57669 ], [ -100.40167, 20.57773 ], [ -100.40145, 20.57778 ], [ -100.40098, 20.57748 ], [ -100.40107, 20.57726 ], [ -100.40151, 20.57673 ], [ -100.40176, 20.57673 ], [ -100.4021, 20.57697 ], [ -100.40349, 20.5783 ], [ -100.40377, 20.57879 ], [ -100.40416, 20.57923 ], [ -100.4057, 20.58067 ], [ -100.40705, 20.58175 ], [ -100.40683, 20.58193 ], [ -100.40555, 20.58375 ], [ -100.40521, 20.58397 ], [ -100.40476, 20.58405 ], [ -100.40396, 20.58395 ], [ -100.40358, 20.584 ], [ -100.40313, 20.58415 ], [ -100.40244, 20.58456 ], [ -100.39684, 20.58651 ], [ -100.39519, 20.58695 ], [ -100.39056, 20.58858 ], [ -100.38727, 20.58978 ], [ -100.38384, 20.59104 ], [ -100.38281, 20.59125 ], [ -100.38272, 20.59117 ], [ -100.38245, 20.59109 ], [ -100.38222, 20.59114 ], [ -100.38211, 20.59127 ], [ -100.38144, 20.59131 ], [ -100.37984, 20.59151 ], [ -100.37927, 20.5917 ], [ -100.37851, 20.59217 ], [ -100.37288, 20.59615 ], [ -100.37049, 20.59799 ], [ -100.37003, 20.59952 ], [ -100.36986, 20.59986 ], [ -100.36925, 20.60036 ], [ -100.36733, 20.60142 ], [ -100.3666, 20.6017 ], [ -100.36543, 20.60167 ], [ -100.36447, 20.60157 ], [ -100.36359, 20.60135 ], [ -100.36282, 20.60097 ], [ -100.3622, 20.60077 ], [ -100.36107, 20.60056 ], [ -100.35787, 20.59942 ], [ -100.35758, 20.59904 ], [ -100.35702, 20.59884 ], [ -100.35658, 20.59862 ], [ -100.35584, 20.5986 ], [ -100.35338, 20.59969 ], [ -100.35226, 20.6 ], [ -100.35047, 20.60102 ], [ -100.34917, 20.60157 ], [ -100.3471, 20.60231 ], [ -100.34591, 20.60284 ], [ -100.34495, 20.60318 ], [ -100.34413, 20.6033 ], [ -100.34289, 20.60393 ], [ -100.34086, 20.60467 ], [ -100.34041, 20.60496 ], [ -100.33927, 20.60604 ], [ -100.33872, 20.60667 ], [ -100.33763, 20.60692 ], [ -100.33704, 20.60723 ], [ -100.33672, 20.60731 ], [ -100.33623, 20.60727 ], [ -100.33425, 20.60728 ], [ -100.33421, 20.60927 ], [ -100.33341, 20.60919 ], [ -100.33084, 20.60935 ], [ -100.33013, 20.60796 ], [ -100.32949, 20.60692 ] ] } },
{ "type": "Feature", "properties": { "city": "Querétaro", "route_name": "38_Santa María Magdalena - Rancho San Antonio", "route_name_short": "Santa María Magdalena - Rancho San Antonio", "type": "Bus", "shape_id": "shape_2443" }, "geometry": { "type": "LineString", "coordinates": [ [ -100.37231, 20.61471 ], [ -100.37313, 20.61445 ], [ -100.37332, 20.61439 ], [ -100.37344, 20.6143 ], [ -100.37356, 20.61423 ], [ -100.3738, 20.61387 ], [ -100.37388, 20.61376 ], [ -100.37416, 20.61327 ], [ -100.37427, 20.61316 ], [ -100.37445, 20.61295 ], [ -100.37528, 20.61236 ], [ -100.37562, 20.61216 ], [ -100.3759, 20.61231 ], [ -100.37618, 20.61218 ], [ -100.37623, 20.61205 ], [ -100.37645, 20.61152 ], [ -100.37665, 20.61118 ], [ -100.37678, 20.61103 ], [ -100.37698, 20.6109 ], [ -100.37711, 20.6109 ], [ -100.37726, 20.61095 ], [ -100.37905, 20.61141 ], [ -100.37931, 20.61158 ], [ -100.37989, 20.61121 ], [ -100.38104, 20.61043 ], [ -100.38169, 20.61004 ], [ -100.38232, 20.60973 ], [ -100.38263, 20.60961 ], [ -100.38299, 20.60961 ], [ -100.38336, 20.60952 ], [ -100.38357, 20.60942 ], [ -100.3839, 20.60913 ], [ -100.38423, 20.60907 ], [ -100.38473, 20.60907 ], [ -100.38518, 20.60904 ], [ -100.38555, 20.60904 ], [ -100.38598, 20.60852 ], [ -100.38653, 20.60783 ], [ -100.38697, 20.60729 ], [ -100.39022, 20.60495 ], [ -100.39188, 20.60376 ], [ -100.39343, 20.60256 ], [ -100.39364, 20.60226 ], [ -100.39379, 20.60197 ], [ -100.39398, 20.60142 ], [ -100.39392, 20.60028 ], [ -100.39387, 20.5992 ], [ -100.39388, 20.59894 ], [ -100.39401, 20.59875 ], [ -100.3939, 20.59859 ], [ -100.39378, 20.59853 ], [ -100.39371, 20.5986 ], [ -100.39356, 20.5986 ], [ -100.39267, 20.59848 ], [ -100.39143, 20.59828 ], [ -100.38935, 20.5984 ], [ -100.38888, 20.59866 ], [ -100.38821, 20.59942 ], [ -100.38779, 20.59962 ], [ -100.38726, 20.59976 ], [ -100.38687, 20.59998 ], [ -100.38595, 20.60031 ], [ -100.38483, 20.60073 ], [ -100.38418, 20.60099 ], [ -100.38371, 20.60106 ], [ -100.38329, 20.60109 ], [ -100.38253, 20.60094 ], [ -100.38183, 20.60074 ], [ -100.38136, 20.60067 ], [ -100.38094, 20.60067 ], [ -100.38061, 20.60066 ], [ -100.3803, 20.60065 ], [ -100.37971, 20.60051 ], [ -100.37914, 20.60036 ], [ -100.3783, 20.60035 ], [ -100.37787, 20.60026 ], [ -100.37713, 20.60016 ], [ -100.37686, 20.60006 ], [ -100.37637, 20.60016 ], [ -100.37603, 20.60018 ], [ -100.3759, 20.60005 ], [ -100.37555, 20.59959 ], [ -100.37416, 20.59816 ], [ -100.37309, 20.59709 ], [ -100.37264, 20.59657 ], [ -100.376, 20.59415 ], [ -100.37693, 20.59344 ], [ -100.37797, 20.5927 ], [ -100.37879, 20.5921 ], [ -100.37919, 20.59187 ], [ -100.37969, 20.59162 ], [ -100.38008, 20.59156 ], [ -100.38169, 20.59143 ], [ -100.38217, 20.59146 ], [ -100.38234, 20.59156 ], [ -100.38257, 20.59152 ], [ -100.38274, 20.59137 ], [ -100.38297, 20.59135 ], [ -100.38397, 20.5911 ], [ -100.38657, 20.59013 ], [ -100.39014, 20.5889 ], [ -100.39545, 20.58713 ], [ -100.40184, 20.58498 ], [ -100.40333, 20.58431 ], [ -100.40373, 20.58419 ], [ -100.40415, 20.58426 ], [ -100.4046, 20.5843 ], [ -100.40488, 20.58426 ], [ -100.40514, 20.5842 ], [ -100.40535, 20.58403 ], [ -100.40561, 20.58377 ], [ -100.4069, 20.58199 ], [ -100.40717, 20.58195 ], [ -100.40944, 20.58408 ], [ -100.41179, 20.58627 ], [ -100.41231, 20.58697 ], [ -100.41255, 20.58646 ], [ -100.41277, 20.58634 ], [ -100.41312, 20.58634 ], [ -100.4147, 20.58674 ], [ -100.4163, 20.58712 ], [ -100.41924, 20.58784 ], [ -100.42351, 20.58882 ], [ -100.42714, 20.58967 ], [ -100.42818, 20.58991 ], [ -100.43024, 20.59015 ], [ -100.43066, 20.59015 ], [ -100.43276, 20.59006 ], [ -100.43391, 20.59001 ], [ -100.43507, 20.58992 ], [ -100.43813, 20.5897 ], [ -100.44001, 20.58974 ], [ -100.44092, 20.58973 ], [ -100.44186, 20.58981 ], [ -100.44396, 20.59005 ], [ -100.4461, 20.59031 ], [ -100.4505, 20.59081 ], [ -100.45033, 20.59106 ], [ -100.4502, 20.59121 ], [ -100.45016, 20.5916 ], [ -100.45008, 20.59209 ], [ -100.45001, 20.59312 ], [ -100.44556, 20.59271 ], [ -100.44608, 20.59501 ], [ -100.44669, 20.59791 ], [ -100.44745, 20.59788 ], [ -100.4468, 20.59418 ], [ -100.44656, 20.59284 ], [ -100.44924, 20.59311 ], [ -100.45006, 20.59314 ], [ -100.45016, 20.59196 ], [ -100.45026, 20.59129 ], [ -100.45029, 20.59118 ], [ -100.45052, 20.59089 ], [ -100.4506, 20.59076 ], [ -100.45019, 20.59068 ], [ -100.44529, 20.59003 ], [ -100.44313, 20.58983 ], [ -100.44097, 20.5896 ], [ -100.43966, 20.58963 ], [ -100.43809, 20.58968 ], [ -100.43514, 20.58985 ], [ -100.43281, 20.58999 ], [ -100.43117, 20.59009 ], [ -100.43011, 20.59008 ], [ -100.4299, 20.59006 ], [ -100.42708, 20.58954 ], [ -100.41913, 20.5877 ], [ -100.41655, 20.58706 ], [ -100.41299, 20.58623 ], [ -100.41283, 20.58621 ], [ -100.41264, 20.58618 ], [ -100.41238, 20.58612 ], [ -100.41208, 20.58606 ], [ -100.41162, 20.58567 ], [ -100.40954, 20.58373 ], [ -100.40719, 20.58155 ], [ -100.40673, 20.58184 ], [ -100.40607, 20.58276 ], [ -100.40545, 20.58359 ], [ -100.4052, 20.58391 ], [ -100.4048, 20.5841 ], [ -100.4046, 20.58414 ], [ -100.40419, 20.58406 ], [ -100.40379, 20.58399 ], [ -100.40356, 20.584 ], [ -100.40318, 20.58413 ], [ -100.40245, 20.58456 ], [ -100.39695, 20.58648 ], [ -100.39534, 20.58701 ], [ -100.39055, 20.58858 ], [ -100.38626, 20.59013 ], [ -100.38564, 20.59033 ], [ -100.38514, 20.59051 ], [ -100.38457, 20.59073 ], [ -100.38392, 20.59096 ], [ -100.38299, 20.59122 ], [ -100.38281, 20.59125 ], [ -100.38266, 20.59118 ], [ -100.38251, 20.59111 ], [ -100.3823, 20.59114 ], [ -100.38208, 20.59132 ], [ -100.38049, 20.59142 ], [ -100.37978, 20.59148 ], [ -100.37939, 20.59165 ], [ -100.37891, 20.59185 ], [ -100.37671, 20.59077 ], [ -100.37661, 20.59089 ], [ -100.3771, 20.59159 ], [ -100.37762, 20.59212 ], [ -100.37791, 20.59241 ], [ -100.37847, 20.59282 ], [ -100.3803, 20.59412 ], [ -100.38057, 20.59465 ], [ -100.38063, 20.59508 ], [ -100.38076, 20.59573 ], [ -100.38102, 20.59646 ], [ -100.38106, 20.59667 ], [ -100.38105, 20.59721 ], [ -100.38108, 20.59762 ], [ -100.38107, 20.59818 ], [ -100.381, 20.59887 ], [ -100.3808, 20.60015 ], [ -100.38084, 20.60058 ], [ -100.38085, 20.60093 ], [ -100.38154, 20.60099 ], [ -100.38251, 20.60123 ], [ -100.38316, 20.60138 ], [ -100.3835, 20.60139 ], [ -100.38406, 20.60135 ], [ -100.38516, 20.60093 ], [ -100.38625, 20.60062 ], [ -100.38744, 20.60013 ], [ -100.38852, 20.59948 ], [ -100.389, 20.59898 ], [ -100.38933, 20.59879 ], [ -100.39037, 20.59862 ], [ -100.39125, 20.59858 ], [ -100.39231, 20.59879 ], [ -100.39342, 20.599 ], [ -100.39378, 20.59892 ], [ -100.39378, 20.60019 ], [ -100.39385, 20.60137 ], [ -100.3938, 20.60166 ], [ -100.39369, 20.60195 ], [ -100.39344, 20.60237 ], [ -100.39232, 20.60327 ], [ -100.39116, 20.60412 ], [ -100.38951, 20.60535 ], [ -100.38794, 20.60629 ], [ -100.38646, 20.60716 ], [ -100.38618, 20.60741 ], [ -100.38599, 20.60769 ], [ -100.3859, 20.60818 ], [ -100.3857, 20.60853 ], [ -100.38549, 20.60865 ], [ -100.38519, 20.60874 ], [ -100.38483, 20.60875 ], [ -100.38436, 20.60855 ], [ -100.3838, 20.60806 ], [ -100.38356, 20.60769 ], [ -100.38324, 20.6078 ], [ -100.38331, 20.60825 ], [ -100.38316, 20.60866 ], [ -100.38241, 20.60952 ], [ -100.38102, 20.61033 ], [ -100.37987, 20.61112 ], [ -100.37938, 20.61141 ], [ -100.37869, 20.6112 ], [ -100.37703, 20.61077 ], [ -100.37695, 20.61086 ], [ -100.37672, 20.61103 ], [ -100.37656, 20.61124 ], [ -100.37641, 20.61149 ], [ -100.37619, 20.61201 ], [ -100.37617, 20.61212 ], [ -100.37602, 20.6122 ], [ -100.37589, 20.61228 ], [ -100.37563, 20.6121 ], [ -100.37439, 20.61288 ], [ -100.37359, 20.61411 ], [ -100.37348, 20.61425 ], [ -100.37321, 20.61435 ], [ -100.37231, 20.61467 ], [ -100.3723, 20.61471 ] ] } },
{ "type": "Feature", "properties": { "city": "Querétaro", "route_name": "40_Fracc. San Ángel - Centro Cívico", "route_name_short": "Fracc. San Ángel - Centro Cívico", "type": "Bus", "shape_id": "shape_2444" }, "geometry": { "type": "LineString", "coordinates": [ [ -100.47336, 20.62541 ], [ -100.47336, 20.62547 ], [ -100.47541, 20.62581 ], [ -100.47708, 20.62606 ], [ -100.47727, 20.62607 ], [ -100.47752, 20.62608 ], [ -100.47741, 20.6257 ], [ -100.47627, 20.622 ], [ -100.47576, 20.62027 ], [ -100.47237, 20.62103 ], [ -100.47216, 20.62027 ], [ -100.47077, 20.62061 ], [ -100.46998, 20.62083 ], [ -100.46856, 20.62117 ], [ -100.46864, 20.62084 ], [ -100.46871, 20.62064 ], [ -100.46866, 20.62045 ], [ -100.46856, 20.61998 ], [ -100.46843, 20.61958 ], [ -100.46785, 20.61781 ], [ -100.46748, 20.61673 ], [ -100.46673, 20.61689 ], [ -100.46539, 20.61638 ], [ -100.46518, 20.61634 ], [ -100.46497, 20.61634 ], [ -100.46471, 20.61642 ], [ -100.46421, 20.61656 ], [ -100.46239, 20.61731 ], [ -100.46075, 20.61803 ], [ -100.45685, 20.61915 ], [ -100.45635, 20.6192 ], [ -100.4556, 20.61921 ], [ -100.45469, 20.61918 ], [ -100.45346, 20.62018 ], [ -100.45155, 20.62065 ], [ -100.45058, 20.62106 ], [ -100.44994, 20.61999 ], [ -100.44998, 20.61983 ], [ -100.44943, 20.61901 ], [ -100.44853, 20.6175 ], [ -100.4487, 20.61725 ], [ -100.44883, 20.61641 ], [ -100.44831, 20.61639 ], [ -100.44476, 20.61594 ], [ -100.44107, 20.61549 ], [ -100.44072, 20.61546 ], [ -100.4401, 20.61554 ], [ -100.43911, 20.61572 ], [ -100.4373, 20.61605 ], [ -100.43544, 20.61644 ], [ -100.42923, 20.61751 ], [ -100.42878, 20.6175 ], [ -100.42225, 20.61883 ], [ -100.42185, 20.61865 ], [ -100.4198, 20.61138 ], [ -100.41789, 20.60457 ], [ -100.41719, 20.60226 ], [ -100.41656, 20.59993 ], [ -100.41532, 20.59559 ], [ -100.4143, 20.59203 ], [ -100.4132, 20.58805 ], [ -100.41281, 20.58715 ], [ -100.41248, 20.58664 ], [ -100.41184, 20.58582 ], [ -100.40724, 20.58157 ], [ -100.40675, 20.58178 ], [ -100.40549, 20.58354 ], [ -100.40522, 20.58393 ], [ -100.40491, 20.58405 ], [ -100.40459, 20.58411 ], [ -100.40377, 20.58397 ], [ -100.40339, 20.58405 ], [ -100.40241, 20.58452 ], [ -100.39972, 20.58554 ], [ -100.3968, 20.58653 ], [ -100.39349, 20.58761 ], [ -100.39026, 20.58871 ], [ -100.38724, 20.58977 ], [ -100.38398, 20.59093 ], [ -100.38297, 20.59123 ], [ -100.38273, 20.59125 ], [ -100.38261, 20.59114 ], [ -100.38242, 20.5911 ], [ -100.38225, 20.59118 ], [ -100.38209, 20.59133 ], [ -100.38147, 20.59132 ], [ -100.37989, 20.59148 ], [ -100.37939, 20.59162 ], [ -100.37889, 20.59183 ], [ -100.37683, 20.59086 ], [ -100.37661, 20.59074 ], [ -100.37648, 20.59003 ], [ -100.37644, 20.58908 ], [ -100.37645, 20.58793 ], [ -100.37638, 20.587 ], [ -100.3763, 20.58678 ], [ -100.37515, 20.58697 ], [ -100.37472, 20.58564 ], [ -100.37462, 20.58476 ], [ -100.37441, 20.58265 ], [ -100.37417, 20.58028 ], [ -100.37418, 20.57927 ], [ -100.37422, 20.57793 ], [ -100.37412, 20.57736 ], [ -100.37265, 20.57393 ], [ -100.37279, 20.57352 ], [ -100.37279, 20.57328 ], [ -100.37326, 20.57319 ], [ -100.37312, 20.5719 ], [ -100.37314, 20.5708 ], [ -100.37663, 20.57014 ], [ -100.37493, 20.56828 ], [ -100.37512, 20.56823 ], [ -100.37407, 20.56703 ], [ -100.37443, 20.56687 ], [ -100.37487, 20.5667 ], [ -100.37629, 20.56642 ], [ -100.37836, 20.56601 ], [ -100.37614, 20.56353 ], [ -100.37469, 20.56194 ], [ -100.37424, 20.56226 ], [ -100.37398, 20.56239 ], [ -100.37364, 20.56246 ], [ -100.37324, 20.56232 ], [ -100.37284, 20.56211 ], [ -100.37246, 20.56202 ], [ -100.37206, 20.56205 ], [ -100.36931, 20.56289 ], [ -100.36587, 20.56397 ], [ -100.36537, 20.56428 ], [ -100.36512, 20.56439 ], [ -100.36487, 20.5643 ], [ -100.36475, 20.56422 ], [ -100.36426, 20.56362 ], [ -100.36273, 20.55983 ], [ -100.36258, 20.55985 ], [ -100.36417, 20.56368 ], [ -100.36457, 20.56421 ], [ -100.36489, 20.56471 ], [ -100.36502, 20.56461 ], [ -100.36603, 20.56407 ], [ -100.36893, 20.56317 ], [ -100.3722, 20.56217 ], [ -100.37264, 20.56221 ], [ -100.37298, 20.56233 ], [ -100.37355, 20.56259 ], [ -100.37383, 20.56259 ], [ -100.37411, 20.56253 ], [ -100.3745, 20.56232 ], [ -100.37769, 20.56588 ], [ -100.37761, 20.56613 ], [ -100.37467, 20.56669 ], [ -100.37577, 20.56787 ], [ -100.37766, 20.56987 ], [ -100.37266, 20.57086 ], [ -100.37268, 20.57172 ], [ -100.37273, 20.57274 ], [ -100.37225, 20.5729 ], [ -100.37234, 20.57343 ], [ -100.37243, 20.57376 ], [ -100.37319, 20.57552 ], [ -100.37396, 20.57726 ], [ -100.37412, 20.57858 ], [ -100.37407, 20.57996 ], [ -100.37446, 20.58396 ], [ -100.37466, 20.58563 ], [ -100.37505, 20.58699 ], [ -100.3732, 20.58728 ], [ -100.37059, 20.5878 ], [ -100.37063, 20.58793 ], [ -100.37463, 20.58721 ], [ -100.37511, 20.58717 ], [ -100.37639, 20.58816 ], [ -100.37639, 20.58929 ], [ -100.37648, 20.59044 ], [ -100.37654, 20.59065 ], [ -100.37673, 20.59108 ], [ -100.37712, 20.59164 ], [ -100.37755, 20.59206 ], [ -100.3779, 20.59237 ], [ -100.37821, 20.59259 ], [ -100.37905, 20.59194 ], [ -100.37949, 20.59175 ], [ -100.37993, 20.59161 ], [ -100.38119, 20.59149 ], [ -100.38213, 20.59145 ], [ -100.38236, 20.59155 ], [ -100.38255, 20.59153 ], [ -100.38273, 20.59138 ], [ -100.38405, 20.59107 ], [ -100.38655, 20.59015 ], [ -100.39028, 20.58886 ], [ -100.39336, 20.58782 ], [ -100.39633, 20.58683 ], [ -100.39945, 20.58579 ], [ -100.40255, 20.58464 ], [ -100.40342, 20.58427 ], [ -100.40382, 20.58418 ], [ -100.40423, 20.58427 ], [ -100.40451, 20.58429 ], [ -100.4047, 20.58428 ], [ -100.40509, 20.58423 ], [ -100.40536, 20.58403 ], [ -100.4056, 20.58374 ], [ -100.40691, 20.582 ], [ -100.40712, 20.58196 ], [ -100.4101, 20.58472 ], [ -100.41191, 20.58645 ], [ -100.41228, 20.58695 ], [ -100.41256, 20.58747 ], [ -100.41277, 20.58798 ], [ -100.41392, 20.59199 ], [ -100.41476, 20.59491 ], [ -100.41649, 20.6011 ], [ -100.41714, 20.60332 ], [ -100.41772, 20.60553 ], [ -100.41945, 20.61147 ], [ -100.42089, 20.61667 ], [ -100.42237, 20.62186 ], [ -100.4226, 20.62249 ], [ -100.42255, 20.62264 ], [ -100.42247, 20.6228 ], [ -100.42233, 20.62291 ], [ -100.42216, 20.62295 ], [ -100.42196, 20.6229 ], [ -100.42183, 20.62281 ], [ -100.42173, 20.62266 ], [ -100.42172, 20.62243 ], [ -100.42182, 20.62225 ], [ -100.42197, 20.62216 ], [ -100.42214, 20.62212 ], [ -100.4236, 20.62234 ], [ -100.42379, 20.6225 ], [ -100.42383, 20.62267 ], [ -100.42379, 20.62284 ], [ -100.42366, 20.62295 ], [ -100.4235, 20.623 ], [ -100.42334, 20.62299 ], [ -100.42325, 20.62287 ], [ -100.42303, 20.62273 ], [ -100.42272, 20.62207 ], [ -100.42251, 20.62133 ], [ -100.42223, 20.62035 ], [ -100.42223, 20.6201 ], [ -100.42217, 20.6199 ], [ -100.422, 20.61917 ], [ -100.42209, 20.61908 ], [ -100.42213, 20.61898 ], [ -100.42877, 20.61759 ], [ -100.42925, 20.61762 ], [ -100.43478, 20.61664 ], [ -100.43572, 20.61915 ], [ -100.43647, 20.61854 ], [ -100.43725, 20.61816 ], [ -100.43901, 20.61627 ], [ -100.43934, 20.61599 ], [ -100.43973, 20.61581 ], [ -100.44042, 20.6157 ], [ -100.44113, 20.61569 ], [ -100.44452, 20.61609 ], [ -100.44429, 20.61783 ], [ -100.44407, 20.61953 ], [ -100.44456, 20.62249 ], [ -100.44751, 20.62245 ], [ -100.44829, 20.62245 ], [ -100.44857, 20.62233 ], [ -100.44896, 20.62215 ], [ -100.45003, 20.62146 ], [ -100.45078, 20.62103 ], [ -100.45161, 20.62065 ], [ -100.4526, 20.62045 ], [ -100.45349, 20.62022 ], [ -100.45467, 20.6192 ], [ -100.45597, 20.61926 ], [ -100.45683, 20.61921 ], [ -100.45849, 20.61872 ], [ -100.46085, 20.61806 ], [ -100.46248, 20.61733 ], [ -100.46425, 20.6166 ], [ -100.46474, 20.61644 ], [ -100.46523, 20.61639 ], [ -100.46573, 20.61658 ], [ -100.46672, 20.61696 ], [ -100.46744, 20.61677 ], [ -100.46795, 20.61824 ], [ -100.4684, 20.61967 ], [ -100.46866, 20.62055 ], [ -100.46862, 20.62077 ], [ -100.46849, 20.62125 ], [ -100.47032, 20.62078 ], [ -100.47211, 20.62032 ], [ -100.4723, 20.62109 ], [ -100.47245, 20.62107 ], [ -100.4757, 20.62034 ], [ -100.47695, 20.62443 ], [ -100.47721, 20.62531 ], [ -100.47731, 20.62567 ], [ -100.47726, 20.62587 ], [ -100.47713, 20.62597 ], [ -100.47695, 20.62599 ], [ -100.47336, 20.62544 ] ] } },
{ "type": "Feature", "properties": { "city": "Querétaro", "route_name": "41_Vista Azul - Paseos del Pedregal", "route_name_short": "Vista Azul - Paseos del Pedregal", "type": "Bus", "shape_id": "shape_2479" }, "geometry": { "type": "LineString", "coordinates": [ [ -100.37098, 20.55539 ], [ -100.37193, 20.55453 ], [ -100.37181, 20.55433 ], [ -100.37051, 20.55551 ], [ -100.36978, 20.55619 ], [ -100.37129, 20.55769 ], [ -100.37246, 20.55892 ], [ -100.37264, 20.55911 ], [ -100.37306, 20.559 ], [ -100.37586, 20.55801 ], [ -100.37715, 20.5576 ], [ -100.37854, 20.55714 ], [ -100.38006, 20.55879 ], [ -100.38092, 20.55975 ], [ -100.38226, 20.5587 ], [ -100.38278, 20.55832 ], [ -100.38299, 20.5582 ], [ -100.38318, 20.55816 ], [ -100.38318, 20.55924 ], [ -100.38315, 20.5604 ], [ -100.38308, 20.56226 ], [ -100.38297, 20.5658 ], [ -100.38288, 20.56834 ], [ -100.3828, 20.57017 ], [ -100.38287, 20.57102 ], [ -100.38292, 20.57155 ], [ -100.38288, 20.57337 ], [ -100.38285, 20.57476 ], [ -100.38286, 20.57504 ], [ -100.3841, 20.57479 ], [ -100.38434, 20.57493 ], [ -100.38455, 20.57511 ], [ -100.38473, 20.5755 ], [ -100.38572, 20.57821 ], [ -100.38652, 20.58016 ], [ -100.38773, 20.58331 ], [ -100.38873, 20.58589 ], [ -100.38586, 20.58692 ], [ -100.38572, 20.58696 ], [ -100.38579, 20.58714 ], [ -100.38882, 20.58603 ], [ -100.39211, 20.58487 ], [ -100.39397, 20.58419 ], [ -100.39482, 20.58639 ], [ -100.39516, 20.58727 ], [ -100.3988, 20.586 ], [ -100.40191, 20.58494 ], [ -100.40215, 20.58505 ], [ -100.40231, 20.58513 ], [ -100.40265, 20.58581 ], [ -100.40418, 20.58905 ], [ -100.40596, 20.59304 ], [ -100.40702, 20.59555 ], [ -100.40513, 20.59573 ], [ -100.40439, 20.59581 ], [ -100.40312, 20.59595 ], [ -100.40221, 20.59596 ], [ -100.40166, 20.59597 ], [ -100.40105, 20.5961 ], [ -100.40034, 20.59631 ], [ -100.39966, 20.59674 ], [ -100.39836, 20.59751 ], [ -100.39764, 20.5978 ], [ -100.39727, 20.59787 ], [ -100.39683, 20.59785 ], [ -100.39596, 20.59776 ], [ -100.39558, 20.59777 ], [ -100.39527, 20.59782 ], [ -100.39466, 20.598 ], [ -100.39428, 20.59822 ], [ -100.39389, 20.59848 ], [ -100.39375, 20.59858 ], [ -100.39368, 20.59866 ], [ -100.39366, 20.59878 ], [ -100.39374, 20.59889 ], [ -100.39376, 20.599 ], [ -100.39384, 20.60111 ], [ -100.39384, 20.60154 ], [ -100.39375, 20.60179 ], [ -100.39362, 20.60214 ], [ -100.39338, 20.60248 ], [ -100.39308, 20.6027 ], [ -100.39267, 20.60295 ], [ -100.39241, 20.6032 ], [ -100.39176, 20.60367 ], [ -100.3898, 20.60512 ], [ -100.38766, 20.60642 ], [ -100.38632, 20.60727 ], [ -100.38611, 20.60751 ], [ -100.38595, 20.60787 ], [ -100.38589, 20.60816 ], [ -100.38598, 20.60853 ], [ -100.38622, 20.60898 ], [ -100.38746, 20.61161 ], [ -100.38817, 20.61304 ], [ -100.38837, 20.61336 ], [ -100.38876, 20.61393 ], [ -100.38954, 20.61505 ], [ -100.38977, 20.61505 ], [ -100.39, 20.61499 ], [ -100.39015, 20.61481 ], [ -100.3901, 20.61448 ], [ -100.38994, 20.61377 ], [ -100.38954, 20.61399 ], [ -100.38931, 20.61426 ], [ -100.38921, 20.61452 ], [ -100.38919, 20.61457 ], [ -100.38971, 20.61526 ], [ -100.38982, 20.61543 ], [ -100.38989, 20.61586 ], [ -100.38993, 20.6165 ], [ -100.38992, 20.61703 ], [ -100.38987, 20.61725 ], [ -100.38989, 20.61743 ], [ -100.38999, 20.61772 ], [ -100.39, 20.61807 ], [ -100.39004, 20.61863 ], [ -100.39004, 20.61916 ], [ -100.39007, 20.62052 ], [ -100.38994, 20.62044 ], [ -100.38979, 20.62053 ], [ -100.38968, 20.62064 ], [ -100.38972, 20.6208 ], [ -100.38982, 20.62105 ], [ -100.38992, 20.62112 ], [ -100.3909, 20.62157 ], [ -100.39304, 20.62254 ], [ -100.39519, 20.62355 ], [ -100.39511, 20.62386 ], [ -100.39506, 20.62401 ], [ -100.3951, 20.62422 ], [ -100.39513, 20.62431 ], [ -100.39528, 20.62444 ], [ -100.39531, 20.6246 ], [ -100.39526, 20.62625 ], [ -100.39528, 20.62693 ], [ -100.39522, 20.62741 ], [ -100.39524, 20.6277 ], [ -100.39529, 20.6282 ], [ -100.39534, 20.62859 ], [ -100.39554, 20.63049 ], [ -100.39565, 20.63188 ], [ -100.39566, 20.63306 ], [ -100.39557, 20.63472 ], [ -100.39548, 20.63552 ], [ -100.39534, 20.63647 ], [ -100.39516, 20.63766 ], [ -100.395, 20.6386 ], [ -100.39502, 20.63879 ], [ -100.39543, 20.64054 ], [ -100.3957, 20.64172 ], [ -100.39572, 20.64198 ], [ -100.39565, 20.64248 ], [ -100.39533, 20.64445 ], [ -100.39521, 20.64551 ], [ -100.39784, 20.64593 ], [ -100.40065, 20.6464 ], [ -100.40406, 20.64695 ], [ -100.4047, 20.64705 ], [ -100.40434, 20.6489 ], [ -100.40367, 20.65272 ], [ -100.4029, 20.65708 ], [ -100.40232, 20.66028 ], [ -100.40223, 20.66074 ], [ -100.40211, 20.66089 ], [ -100.40187, 20.66101 ], [ -100.40073, 20.66141 ], [ -100.40018, 20.6616 ], [ -100.39987, 20.66185 ], [ -100.39971, 20.66216 ], [ -100.39962, 20.66237 ], [ -100.39962, 20.66269 ], [ -100.39983, 20.66333 ], [ -100.40045, 20.66545 ], [ -100.40047, 20.66571 ], [ -100.40061, 20.66569 ], [ -100.4004, 20.6649 ], [ -100.4003, 20.66444 ], [ -100.40188, 20.66404 ], [ -100.40108, 20.66147 ], [ -100.40181, 20.66122 ], [ -100.40211, 20.66111 ], [ -100.40229, 20.66092 ], [ -100.40237, 20.66065 ], [ -100.4026, 20.6595 ], [ -100.40302, 20.65707 ], [ -100.40374, 20.65291 ], [ -100.40439, 20.64928 ], [ -100.40453, 20.64853 ], [ -100.40186, 20.64813 ], [ -100.39934, 20.64773 ], [ -100.3951, 20.64701 ], [ -100.39529, 20.64524 ], [ -100.39552, 20.64359 ], [ -100.39574, 20.64212 ], [ -100.39578, 20.64188 ], [ -100.39573, 20.64161 ], [ -100.3953, 20.63975 ], [ -100.39507, 20.63873 ], [ -100.39505, 20.63856 ], [ -100.39525, 20.6373 ], [ -100.39544, 20.63607 ], [ -100.39558, 20.63499 ], [ -100.39561, 20.63482 ], [ -100.39571, 20.63322 ], [ -100.39572, 20.63189 ], [ -100.39563, 20.63086 ], [ -100.39535, 20.62829 ], [ -100.39529, 20.62762 ], [ -100.39529, 20.62732 ], [ -100.39534, 20.62688 ], [ -100.3953, 20.62635 ], [ -100.39537, 20.62461 ], [ -100.39535, 20.62445 ], [ -100.39524, 20.62434 ], [ -100.39516, 20.62424 ], [ -100.39513, 20.62411 ], [ -100.39512, 20.62401 ], [ -100.39522, 20.62362 ], [ -100.39523, 20.62344 ], [ -100.39447, 20.62304 ], [ -100.3941, 20.62283 ], [ -100.39378, 20.62256 ], [ -100.39338, 20.62236 ], [ -100.3928, 20.62205 ], [ -100.39201, 20.62142 ], [ -100.39014, 20.62056 ], [ -100.39011, 20.61984 ], [ -100.39008, 20.6191 ], [ -100.3902, 20.61861 ], [ -100.39026, 20.61837 ], [ -100.39017, 20.61813 ], [ -100.39011, 20.61791 ], [ -100.39012, 20.61696 ], [ -100.39022, 20.61659 ], [ -100.39033, 20.61626 ], [ -100.39028, 20.61576 ], [ -100.39027, 20.61538 ], [ -100.38994, 20.61368 ], [ -100.38982, 20.61339 ], [ -100.38966, 20.61275 ], [ -100.3893, 20.61176 ], [ -100.38877, 20.61064 ], [ -100.38851, 20.61012 ], [ -100.38824, 20.61006 ], [ -100.38798, 20.61009 ], [ -100.3876, 20.61022 ], [ -100.38737, 20.61024 ], [ -100.38713, 20.61013 ], [ -100.38697, 20.61001 ], [ -100.38687, 20.60974 ], [ -100.38647, 20.60872 ], [ -100.38639, 20.6084 ], [ -100.38644, 20.60805 ], [ -100.38656, 20.60779 ], [ -100.38685, 20.60743 ], [ -100.38762, 20.60684 ], [ -100.39118, 20.60424 ], [ -100.39321, 20.60275 ], [ -100.39353, 20.60244 ], [ -100.39377, 20.60203 ], [ -100.39392, 20.6017 ], [ -100.39398, 20.60127 ], [ -100.39392, 20.60056 ], [ -100.39387, 20.59913 ], [ -100.39387, 20.59896 ], [ -100.39399, 20.59883 ], [ -100.39414, 20.59878 ], [ -100.39469, 20.5985 ], [ -100.39511, 20.59824 ], [ -100.39538, 20.5982 ], [ -100.39608, 20.5981 ], [ -100.3965, 20.59817 ], [ -100.39694, 20.59828 ], [ -100.39721, 20.59828 ], [ -100.39781, 20.59809 ], [ -100.39958, 20.59739 ], [ -100.3998, 20.59716 ], [ -100.39946, 20.59612 ], [ -100.39861, 20.59335 ], [ -100.39723, 20.58901 ], [ -100.39655, 20.5866 ], [ -100.39262, 20.58789 ], [ -100.39036, 20.58864 ], [ -100.38924, 20.5863 ], [ -100.38901, 20.58595 ], [ -100.38888, 20.58574 ], [ -100.38847, 20.58485 ], [ -100.38725, 20.58165 ], [ -100.38618, 20.57894 ], [ -100.3857, 20.5776 ], [ -100.38516, 20.57632 ], [ -100.38467, 20.57505 ], [ -100.38475, 20.57482 ], [ -100.38483, 20.57466 ], [ -100.38564, 20.57446 ], [ -100.38587, 20.5742 ], [ -100.38591, 20.57396 ], [ -100.3858, 20.57361 ], [ -100.38561, 20.5731 ], [ -100.38505, 20.57172 ], [ -100.38473, 20.57084 ], [ -100.38402, 20.56993 ], [ -100.38302, 20.56878 ], [ -100.38313, 20.56638 ], [ -100.38323, 20.56384 ], [ -100.38332, 20.56032 ], [ -100.38344, 20.55775 ], [ -100.38323, 20.55775 ], [ -100.38319, 20.5581 ], [ -100.38286, 20.55821 ], [ -100.38244, 20.5585 ], [ -100.38094, 20.55967 ], [ -100.37946, 20.5581 ], [ -100.37856, 20.55707 ], [ -100.37688, 20.55764 ], [ -100.37416, 20.55858 ], [ -100.37267, 20.55906 ], [ -100.37205, 20.55845 ], [ -100.37078, 20.55709 ], [ -100.36995, 20.55632 ], [ -100.37097, 20.55539 ] ] } },
{ "type": "Feature", "properties": { "city": "Querétaro", "route_name": "43_Col. Sergio Villaseñor - Candiles", "route_name_short": "Col. Sergio Villaseñor - Candiles", "type": "Bus", "shape_id": "shape_2436" }, "geometry": { "type": "LineString", "coordinates": [ [ -100.42069, 20.64565 ], [ -100.42109, 20.64563 ], [ -100.42108, 20.64462 ], [ -100.42104, 20.64457 ], [ -100.42103, 20.64561 ], [ -100.42015, 20.64562 ], [ -100.42014, 20.6453 ], [ -100.41991, 20.64533 ], [ -100.41797, 20.64535 ], [ -100.41615, 20.64539 ], [ -100.41614, 20.64588 ], [ -100.41598, 20.64836 ], [ -100.41322, 20.64867 ], [ -100.41051, 20.64895 ], [ -100.40862, 20.64913 ], [ -100.40837, 20.64913 ], [ -100.40467, 20.64859 ], [ -100.40046, 20.64791 ], [ -100.39517, 20.64708 ], [ -100.39413, 20.64686 ], [ -100.39345, 20.64586 ], [ -100.39288, 20.64502 ], [ -100.39274, 20.64472 ], [ -100.39259, 20.64449 ], [ -100.39307, 20.6428 ], [ -100.3933, 20.64154 ], [ -100.39348, 20.64012 ], [ -100.39364, 20.63883 ], [ -100.39375, 20.63755 ], [ -100.39395, 20.63618 ], [ -100.39394, 20.6355 ], [ -100.39387, 20.6352 ], [ -100.39373, 20.6349 ], [ -100.3934, 20.63453 ], [ -100.39301, 20.63428 ], [ -100.39156, 20.63379 ], [ -100.3909, 20.63358 ], [ -100.39048, 20.63347 ], [ -100.39034, 20.63329 ], [ -100.39034, 20.63307 ], [ -100.39063, 20.63254 ], [ -100.39104, 20.63187 ], [ -100.3912, 20.63136 ], [ -100.39122, 20.63098 ], [ -100.39103, 20.63022 ], [ -100.39085, 20.62955 ], [ -100.39058, 20.62889 ], [ -100.39014, 20.6283 ], [ -100.38977, 20.62805 ], [ -100.38928, 20.62769 ], [ -100.38872, 20.62751 ], [ -100.38825, 20.62741 ], [ -100.38748, 20.6274 ], [ -100.38667, 20.62737 ], [ -100.38595, 20.62728 ], [ -100.38565, 20.62719 ], [ -100.3855, 20.62698 ], [ -100.38547, 20.6268 ], [ -100.38553, 20.6266 ], [ -100.38578, 20.62641 ], [ -100.38684, 20.62586 ], [ -100.3878, 20.62538 ], [ -100.38853, 20.62498 ], [ -100.38884, 20.62469 ], [ -100.38945, 20.62381 ], [ -100.39, 20.62295 ], [ -100.39011, 20.62262 ], [ -100.39015, 20.62225 ], [ -100.39014, 20.6212 ], [ -100.39013, 20.62047 ], [ -100.3901, 20.61898 ], [ -100.39021, 20.6186 ], [ -100.39026, 20.61849 ], [ -100.39022, 20.61825 ], [ -100.39013, 20.61804 ], [ -100.39011, 20.61701 ], [ -100.39035, 20.61626 ], [ -100.3903, 20.61573 ], [ -100.39022, 20.61509 ], [ -100.39, 20.61404 ], [ -100.38957, 20.61239 ], [ -100.38857, 20.61021 ], [ -100.38845, 20.61012 ], [ -100.38824, 20.61003 ], [ -100.38769, 20.6102 ], [ -100.3874, 20.61024 ], [ -100.3872, 20.61019 ], [ -100.38694, 20.60994 ], [ -100.38666, 20.60919 ], [ -100.38645, 20.60862 ], [ -100.38642, 20.6081 ], [ -100.38653, 20.60783 ], [ -100.38676, 20.6075 ], [ -100.38702, 20.60726 ], [ -100.3896, 20.60542 ], [ -100.39007, 20.60508 ], [ -100.39176, 20.60385 ], [ -100.39326, 20.60271 ], [ -100.39354, 20.60242 ], [ -100.39377, 20.60207 ], [ -100.39393, 20.60169 ], [ -100.39396, 20.60138 ], [ -100.39392, 20.60033 ], [ -100.39392, 20.59963 ], [ -100.39387, 20.59896 ], [ -100.39403, 20.59882 ], [ -100.39483, 20.5984 ], [ -100.39526, 20.5982 ], [ -100.39608, 20.59815 ], [ -100.39712, 20.5983 ], [ -100.39765, 20.59818 ], [ -100.39873, 20.59776 ], [ -100.39945, 20.59747 ], [ -100.3998, 20.59718 ], [ -100.39865, 20.59339 ], [ -100.39738, 20.58954 ], [ -100.39665, 20.587 ], [ -100.39654, 20.5866 ], [ -100.3954, 20.58703 ], [ -100.3929, 20.58779 ], [ -100.39036, 20.58867 ], [ -100.38907, 20.58597 ], [ -100.38891, 20.58584 ], [ -100.38794, 20.58346 ], [ -100.38702, 20.58111 ], [ -100.38645, 20.57966 ], [ -100.38591, 20.57821 ], [ -100.38487, 20.57554 ], [ -100.38483, 20.57535 ], [ -100.38473, 20.57513 ], [ -100.3847, 20.57491 ], [ -100.3849, 20.57464 ], [ -100.38562, 20.57448 ], [ -100.38717, 20.57398 ], [ -100.38989, 20.57335 ], [ -100.39232, 20.57276 ], [ -100.39546, 20.57198 ], [ -100.39324, 20.5655 ], [ -100.39415, 20.56524 ], [ -100.39427, 20.56575 ], [ -100.39547, 20.56573 ], [ -100.39819, 20.56574 ], [ -100.399, 20.5645 ], [ -100.40051, 20.56452 ], [ -100.3985, 20.56059 ], [ -100.39745, 20.55856 ], [ -100.39566, 20.55505 ], [ -100.39204, 20.5481 ], [ -100.39205, 20.54799 ], [ -100.39213, 20.54791 ], [ -100.39233, 20.54786 ], [ -100.39542, 20.5476 ], [ -100.39699, 20.54745 ], [ -100.39856, 20.54737 ], [ -100.40029, 20.54715 ], [ -100.40116, 20.54702 ], [ -100.40152, 20.5468 ], [ -100.40175, 20.54653 ], [ -100.4024, 20.5456 ], [ -100.40254, 20.54546 ], [ -100.40274, 20.54542 ], [ -100.40318, 20.5455 ], [ -100.40528, 20.54599 ], [ -100.40576, 20.54609 ], [ -100.40619, 20.54628 ], [ -100.40652, 20.54652 ], [ -100.40713, 20.54739 ], [ -100.40735, 20.54733 ], [ -100.40694, 20.54666 ], [ -100.40666, 20.54625 ], [ -100.40633, 20.54608 ], [ -100.40557, 20.54583 ], [ -100.40391, 20.54547 ], [ -100.40307, 20.5453 ], [ -100.40273, 20.54523 ], [ -100.40253, 20.54524 ], [ -100.40236, 20.54535 ], [ -100.40177, 20.5462 ], [ -100.40144, 20.54663 ], [ -100.40107, 20.54686 ], [ -100.40014, 20.54698 ], [ -100.39692, 20.54731 ], [ -100.39521, 20.54744 ], [ -100.39181, 20.54773 ], [ -100.39176, 20.54783 ], [ -100.39182, 20.54806 ], [ -100.39192, 20.54815 ], [ -100.39196, 20.54828 ], [ -100.3925, 20.54921 ], [ -100.39335, 20.55087 ], [ -100.39419, 20.5524 ], [ -100.395, 20.55406 ], [ -100.39742, 20.55877 ], [ -100.39978, 20.5632 ], [ -100.40072, 20.56511 ], [ -100.40083, 20.56535 ], [ -100.40082, 20.56557 ], [ -100.40069, 20.56574 ], [ -100.39956, 20.56573 ], [ -100.39614, 20.56567 ], [ -100.39425, 20.56566 ], [ -100.39484, 20.56809 ], [ -100.39211, 20.56884 ], [ -100.39309, 20.5715 ], [ -100.3873, 20.57295 ], [ -100.38571, 20.57332 ], [ -100.385, 20.57164 ], [ -100.38466, 20.5715 ], [ -100.38441, 20.57142 ], [ -100.38373, 20.57149 ], [ -100.38282, 20.57165 ], [ -100.3827, 20.57447 ], [ -100.38263, 20.57598 ], [ -100.38281, 20.57596 ], [ -100.38475, 20.57563 ], [ -100.38556, 20.57771 ], [ -100.38574, 20.57823 ], [ -100.38598, 20.57876 ], [ -100.38681, 20.5809 ], [ -100.38764, 20.58304 ], [ -100.38873, 20.58584 ], [ -100.38573, 20.58697 ], [ -100.38578, 20.58714 ], [ -100.38713, 20.58665 ], [ -100.38927, 20.58586 ], [ -100.39396, 20.58416 ], [ -100.39515, 20.58726 ], [ -100.39784, 20.58636 ], [ -100.39845, 20.58617 ], [ -100.40184, 20.58496 ], [ -100.4024, 20.58521 ], [ -100.40324, 20.58703 ], [ -100.40495, 20.59073 ], [ -100.40604, 20.59321 ], [ -100.40704, 20.59556 ], [ -100.40343, 20.59592 ], [ -100.40263, 20.59594 ], [ -100.40182, 20.59593 ], [ -100.40044, 20.59627 ], [ -100.40007, 20.59647 ], [ -100.39847, 20.59748 ], [ -100.39736, 20.5979 ], [ -100.39564, 20.59775 ], [ -100.39489, 20.59792 ], [ -100.39389, 20.59843 ], [ -100.39378, 20.59858 ], [ -100.39368, 20.59863 ], [ -100.39367, 20.5988 ], [ -100.39375, 20.59897 ], [ -100.39384, 20.60135 ], [ -100.39382, 20.60168 ], [ -100.39367, 20.60202 ], [ -100.39339, 20.60243 ], [ -100.39309, 20.60273 ], [ -100.39278, 20.60291 ], [ -100.39223, 20.60336 ], [ -100.3915, 20.60385 ], [ -100.38986, 20.60507 ], [ -100.38643, 20.60721 ], [ -100.38617, 20.60743 ], [ -100.38597, 20.60777 ], [ -100.38588, 20.60815 ], [ -100.38599, 20.60855 ], [ -100.38656, 20.60964 ], [ -100.38706, 20.61071 ], [ -100.38807, 20.61284 ], [ -100.38835, 20.6133 ], [ -100.38867, 20.61376 ], [ -100.38936, 20.61481 ], [ -100.3896, 20.61508 ], [ -100.3898, 20.61505 ], [ -100.39001, 20.61497 ], [ -100.39017, 20.61469 ], [ -100.38992, 20.61374 ], [ -100.38959, 20.61399 ], [ -100.38917, 20.61451 ], [ -100.38983, 20.61547 ], [ -100.38988, 20.61591 ], [ -100.38995, 20.61702 ], [ -100.38986, 20.61732 ], [ -100.39003, 20.61772 ], [ -100.39006, 20.62008 ], [ -100.39009, 20.62122 ], [ -100.39008, 20.62252 ], [ -100.38997, 20.6229 ], [ -100.38964, 20.62346 ], [ -100.38896, 20.62445 ], [ -100.38867, 20.62477 ], [ -100.38836, 20.62502 ], [ -100.38759, 20.62543 ], [ -100.38627, 20.62605 ], [ -100.38566, 20.62636 ], [ -100.38541, 20.62658 ], [ -100.3853, 20.62687 ], [ -100.38536, 20.62704 ], [ -100.38545, 20.6272 ], [ -100.3857, 20.62732 ], [ -100.38634, 20.62745 ], [ -100.38725, 20.62751 ], [ -100.3885, 20.62761 ], [ -100.38894, 20.6277 ], [ -100.38935, 20.62789 ], [ -100.39, 20.62835 ], [ -100.39037, 20.62884 ], [ -100.39061, 20.62929 ], [ -100.39093, 20.63036 ], [ -100.39108, 20.6309 ], [ -100.39109, 20.63129 ], [ -100.39094, 20.63177 ], [ -100.39058, 20.63238 ], [ -100.39031, 20.63284 ], [ -100.3902, 20.63313 ], [ -100.39021, 20.63328 ], [ -100.39027, 20.63343 ], [ -100.39051, 20.63359 ], [ -100.3909, 20.63375 ], [ -100.39299, 20.63437 ], [ -100.3933, 20.63458 ], [ -100.39354, 20.6348 ], [ -100.39373, 20.63507 ], [ -100.39386, 20.63535 ], [ -100.39384, 20.63592 ], [ -100.39372, 20.63723 ], [ -100.39351, 20.63861 ], [ -100.39323, 20.64097 ], [ -100.39305, 20.6422 ], [ -100.39259, 20.64392 ], [ -100.39234, 20.6448 ], [ -100.3922, 20.64504 ], [ -100.39194, 20.64587 ], [ -100.39174, 20.64663 ], [ -100.39356, 20.64691 ], [ -100.39505, 20.64713 ], [ -100.4004, 20.64801 ], [ -100.4045, 20.64865 ], [ -100.40664, 20.64899 ], [ -100.40842, 20.64929 ], [ -100.40878, 20.64924 ], [ -100.41255, 20.64889 ], [ -100.41398, 20.64869 ], [ -100.41551, 20.64852 ], [ -100.41611, 20.64844 ], [ -100.41618, 20.64728 ], [ -100.41627, 20.64544 ], [ -100.4164, 20.64542 ], [ -100.4201, 20.64536 ], [ -100.42009, 20.64565 ], [ -100.42068, 20.64565 ] ] } },
{ "type": "Feature", "properties": { "city": "Querétaro", "route_name": "44_Terminal de Autobuses - Paseos del Pedregal", "route_name_short": "Terminal de Autobuses - Paseos del Pedregal", "type": "Bus", "shape_id": "shape_2480" }, "geometry": { "type": "LineString", "coordinates": [ [ -100.37571, 20.57713 ], [ -100.37396, 20.5775 ], [ -100.3714, 20.57797 ], [ -100.371, 20.57806 ], [ -100.36973, 20.57859 ], [ -100.36749, 20.57957 ], [ -100.36678, 20.57982 ], [ -100.36607, 20.57996 ], [ -100.36522, 20.58014 ], [ -100.36407, 20.58037 ], [ -100.36346, 20.58049 ], [ -100.36328, 20.58049 ], [ -100.36295, 20.58034 ], [ -100.36229, 20.58007 ], [ -100.36175, 20.57987 ], [ -100.36161, 20.57987 ], [ -100.36141, 20.57993 ], [ -100.36067, 20.58042 ], [ -100.36035, 20.58063 ], [ -100.36013, 20.58063 ], [ -100.35989, 20.58047 ], [ -100.35971, 20.57978 ], [ -100.35955, 20.57894 ], [ -100.35947, 20.57881 ], [ -100.35936, 20.57877 ], [ -100.35922, 20.57881 ], [ -100.35911, 20.5789 ], [ -100.35933, 20.58012 ], [ -100.35938, 20.58036 ], [ -100.35934, 20.58079 ], [ -100.35924, 20.58095 ], [ -100.35901, 20.5811 ], [ -100.35878, 20.58115 ], [ -100.35873, 20.58125 ], [ -100.35877, 20.58135 ], [ -100.35893, 20.58139 ], [ -100.35935, 20.58121 ], [ -100.35962, 20.58094 ], [ -100.35984, 20.58061 ], [ -100.36009, 20.58073 ], [ -100.36026, 20.58075 ], [ -100.36046, 20.58068 ], [ -100.36077, 20.58048 ], [ -100.3613, 20.5801 ], [ -100.36156, 20.57997 ], [ -100.3618, 20.57996 ], [ -100.36259, 20.58028 ], [ -100.36319, 20.58056 ], [ -100.36332, 20.5806 ], [ -100.36358, 20.58064 ], [ -100.3644, 20.58047 ], [ -100.36506, 20.58038 ], [ -100.36626, 20.5801 ], [ -100.36683, 20.58001 ], [ -100.36794, 20.57956 ], [ -100.37092, 20.57831 ], [ -100.37121, 20.57823 ], [ -100.37211, 20.57803 ], [ -100.37515, 20.57743 ], [ -100.37764, 20.57697 ], [ -100.38185, 20.57616 ], [ -100.38263, 20.576 ], [ -100.38233, 20.57691 ], [ -100.38218, 20.57734 ], [ -100.38216, 20.57751 ], [ -100.38253, 20.57853 ], [ -100.38363, 20.58145 ], [ -100.38489, 20.5847 ], [ -100.38617, 20.58812 ], [ -100.38689, 20.59009 ], [ -100.38852, 20.58946 ], [ -100.39138, 20.58848 ], [ -100.39408, 20.58762 ], [ -100.39737, 20.58648 ], [ -100.40132, 20.58513 ], [ -100.40193, 20.58494 ], [ -100.40214, 20.58504 ], [ -100.4023, 20.58512 ], [ -100.40244, 20.58535 ], [ -100.40383, 20.5883 ], [ -100.40571, 20.59246 ], [ -100.4071, 20.59563 ], [ -100.4073, 20.59613 ], [ -100.40726, 20.59642 ], [ -100.40711, 20.59671 ], [ -100.40664, 20.59752 ], [ -100.40661, 20.59808 ], [ -100.4065, 20.60011 ], [ -100.40652, 20.60071 ], [ -100.4066, 20.60218 ], [ -100.40667, 20.60257 ], [ -100.40662, 20.60368 ], [ -100.40655, 20.60391 ], [ -100.40658, 20.60491 ], [ -100.40655, 20.60506 ], [ -100.40644, 20.60509 ], [ -100.40648, 20.60535 ], [ -100.40657, 20.60561 ], [ -100.40682, 20.60657 ], [ -100.40671, 20.60678 ], [ -100.40665, 20.60707 ], [ -100.40669, 20.60781 ], [ -100.40665, 20.60822 ], [ -100.40648, 20.60882 ], [ -100.40626, 20.60929 ], [ -100.40583, 20.60989 ], [ -100.40567, 20.61009 ], [ -100.40552, 20.6102 ], [ -100.40548, 20.61042 ], [ -100.40552, 20.61066 ], [ -100.40564, 20.61071 ], [ -100.406, 20.61073 ], [ -100.40738, 20.61102 ], [ -100.40879, 20.61144 ], [ -100.40912, 20.61156 ], [ -100.40945, 20.61185 ], [ -100.40957, 20.6121 ], [ -100.40964, 20.6125 ], [ -100.40968, 20.61331 ], [ -100.40981, 20.61501 ], [ -100.41008, 20.61715 ], [ -100.41042, 20.61997 ], [ -100.41051, 20.62041 ], [ -100.41083, 20.62093 ], [ -100.41104, 20.62145 ], [ -100.41138, 20.62238 ], [ -100.41178, 20.62357 ], [ -100.4123, 20.62501 ], [ -100.41247, 20.62629 ], [ -100.41261, 20.62727 ], [ -100.40925, 20.62763 ], [ -100.40642, 20.62793 ], [ -100.40657, 20.6292 ], [ -100.40661, 20.62952 ], [ -100.40662, 20.63 ], [ -100.40646, 20.63047 ], [ -100.40583, 20.63262 ], [ -100.40572, 20.6331 ], [ -100.40568, 20.63342 ], [ -100.40574, 20.63378 ], [ -100.40604, 20.63494 ], [ -100.4061, 20.6353 ], [ -100.40601, 20.63642 ], [ -100.40578, 20.63893 ], [ -100.4055, 20.64197 ], [ -100.40541, 20.64297 ], [ -100.40508, 20.64484 ], [ -100.40465, 20.64731 ], [ -100.40403, 20.65068 ], [ -100.40343, 20.65398 ], [ -100.40288, 20.65721 ], [ -100.40234, 20.66016 ], [ -100.40226, 20.6607 ], [ -100.40214, 20.66087 ], [ -100.40176, 20.66107 ], [ -100.40084, 20.66136 ], [ -100.39999, 20.66178 ], [ -100.3998, 20.66195 ], [ -100.39964, 20.66227 ], [ -100.39963, 20.66251 ], [ -100.39966, 20.66276 ], [ -100.39976, 20.66322 ], [ -100.39821, 20.66353 ], [ -100.39787, 20.66359 ], [ -100.39766, 20.66369 ], [ -100.39748, 20.66392 ], [ -100.39742, 20.66411 ], [ -100.3974, 20.66425 ], [ -100.3975, 20.66468 ], [ -100.39652, 20.66469 ], [ -100.39502, 20.66471 ], [ -100.39495, 20.66463 ], [ -100.39495, 20.66391 ], [ -100.39492, 20.66391 ], [ -100.39491, 20.66448 ], [ -100.39491, 20.66464 ], [ -100.39496, 20.66472 ], [ -100.39703, 20.66475 ], [ -100.39756, 20.66472 ], [ -100.39744, 20.6643 ], [ -100.39745, 20.66409 ], [ -100.39757, 20.66387 ], [ -100.39767, 20.66376 ], [ -100.39783, 20.66366 ], [ -100.39813, 20.66356 ], [ -100.3998, 20.66327 ], [ -100.40043, 20.66539 ], [ -100.40045, 20.66561 ], [ -100.40049, 20.66572 ], [ -100.40064, 20.6657 ], [ -100.39994, 20.66329 ], [ -100.39981, 20.66285 ], [ -100.39977, 20.66263 ], [ -100.39979, 20.6624 ], [ -100.39991, 20.66207 ], [ -100.40028, 20.66177 ], [ -100.40056, 20.66163 ], [ -100.4019, 20.66117 ], [ -100.40229, 20.66093 ], [ -100.40238, 20.6605 ], [ -100.40263, 20.65932 ], [ -100.40309, 20.6567 ], [ -100.40384, 20.65232 ], [ -100.40421, 20.65029 ], [ -100.4048, 20.64706 ], [ -100.40552, 20.64283 ], [ -100.40562, 20.64199 ], [ -100.40586, 20.63935 ], [ -100.4061, 20.63663 ], [ -100.40624, 20.63537 ], [ -100.4062, 20.63506 ], [ -100.40595, 20.63425 ], [ -100.40587, 20.63384 ], [ -100.40581, 20.63351 ], [ -100.40581, 20.63329 ], [ -100.40586, 20.63295 ], [ -100.40652, 20.63061 ], [ -100.40668, 20.63007 ], [ -100.40671, 20.62977 ], [ -100.40672, 20.62928 ], [ -100.40658, 20.62827 ], [ -100.40634, 20.62635 ], [ -100.40601, 20.62381 ], [ -100.40573, 20.62132 ], [ -100.40568, 20.62091 ], [ -100.40544, 20.62046 ], [ -100.40487, 20.61931 ], [ -100.40437, 20.61822 ], [ -100.40426, 20.61766 ], [ -100.40418, 20.6172 ], [ -100.40338, 20.61699 ], [ -100.4027, 20.61683 ], [ -100.40167, 20.61671 ], [ -100.40039, 20.61667 ], [ -100.39929, 20.61658 ], [ -100.39863, 20.61651 ], [ -100.39612, 20.61644 ], [ -100.39234, 20.61632 ], [ -100.39091, 20.61614 ], [ -100.39055, 20.61603 ], [ -100.39033, 20.61566 ], [ -100.39023, 20.61513 ], [ -100.38996, 20.61389 ], [ -100.38978, 20.6133 ], [ -100.38945, 20.61215 ], [ -100.38909, 20.61134 ], [ -100.38868, 20.61042 ], [ -100.38849, 20.61011 ], [ -100.38832, 20.61005 ], [ -100.38796, 20.6101 ], [ -100.3876, 20.61021 ], [ -100.38741, 20.61025 ], [ -100.38716, 20.61014 ], [ -100.38702, 20.61005 ], [ -100.38687, 20.60974 ], [ -100.38648, 20.60876 ], [ -100.3864, 20.60837 ], [ -100.38644, 20.60812 ], [ -100.38655, 20.60781 ], [ -100.38677, 20.6075 ], [ -100.38837, 20.60631 ], [ -100.39116, 20.60424 ], [ -100.39331, 20.60269 ], [ -100.39354, 20.60241 ], [ -100.39379, 20.60205 ], [ -100.39396, 20.60165 ], [ -100.39397, 20.60128 ], [ -100.39388, 20.59942 ], [ -100.39388, 20.59903 ], [ -100.39397, 20.59885 ], [ -100.3941, 20.59878 ], [ -100.39444, 20.59864 ], [ -100.39491, 20.59835 ], [ -100.3952, 20.59824 ], [ -100.39605, 20.59814 ], [ -100.39629, 20.59813 ], [ -100.39689, 20.59829 ], [ -100.39727, 20.59828 ], [ -100.39852, 20.59785 ], [ -100.39956, 20.59739 ], [ -100.39978, 20.59716 ], [ -100.39944, 20.59594 ], [ -100.39804, 20.59154 ], [ -100.39733, 20.58935 ], [ -100.39653, 20.58663 ], [ -100.3936, 20.58758 ], [ -100.39036, 20.58866 ], [ -100.38931, 20.58639 ], [ -100.38909, 20.586 ], [ -100.38898, 20.5859 ], [ -100.38883, 20.58565 ], [ -100.38813, 20.58402 ], [ -100.38733, 20.58188 ], [ -100.386, 20.57843 ], [ -100.38573, 20.57777 ], [ -100.38514, 20.57625 ], [ -100.38471, 20.57515 ], [ -100.38466, 20.57486 ], [ -100.3846, 20.5747 ], [ -100.38445, 20.57468 ], [ -100.38439, 20.57479 ], [ -100.3844, 20.57494 ], [ -100.38453, 20.5751 ], [ -100.38472, 20.57548 ], [ -100.38369, 20.57564 ], [ -100.38234, 20.57589 ], [ -100.37852, 20.57663 ], [ -100.37569, 20.57715 ] ] } },
{ "type": "Feature", "properties": { "city": "Querétaro", "route_name": "45_La Loma - Terminal de Autobuses", "route_name_short": "La Loma - Terminal de Autobuses", "type": "Bus", "shape_id": "shape_2445" }, "geometry": { "type": "LineString", "coordinates": [ [ -100.47666, 20.64456 ], [ -100.47712, 20.64523 ], [ -100.47708, 20.64535 ], [ -100.47696, 20.64544 ], [ -100.47682, 20.64552 ], [ -100.47612, 20.64534 ], [ -100.46474, 20.64267 ], [ -100.46522, 20.64071 ], [ -100.46548, 20.64 ], [ -100.46445, 20.63557 ], [ -100.46587, 20.63536 ], [ -100.46557, 20.63254 ], [ -100.4671, 20.63196 ], [ -100.46701, 20.63175 ], [ -100.46701, 20.63155 ], [ -100.46544, 20.62954 ], [ -100.46221, 20.62544 ], [ -100.45927, 20.62171 ], [ -100.4562, 20.6194 ], [ -100.45302, 20.61712 ], [ -100.45182, 20.61683 ], [ -100.44974, 20.61656 ], [ -100.44623, 20.61612 ], [ -100.44157, 20.61552 ], [ -100.44069, 20.61544 ], [ -100.43751, 20.61598 ], [ -100.43626, 20.61629 ], [ -100.4348, 20.61654 ], [ -100.42978, 20.61736 ], [ -100.42882, 20.61746 ], [ -100.42452, 20.61835 ], [ -100.42222, 20.61886 ], [ -100.42187, 20.61859 ], [ -100.41972, 20.61109 ], [ -100.41789, 20.60459 ], [ -100.4165, 20.59965 ], [ -100.41554, 20.59634 ], [ -100.41468, 20.59326 ], [ -100.41325, 20.58828 ], [ -100.41303, 20.58761 ], [ -100.41269, 20.58687 ], [ -100.4117, 20.58571 ], [ -100.41115, 20.58516 ], [ -100.40755, 20.5819 ], [ -100.40722, 20.58154 ], [ -100.40674, 20.58183 ], [ -100.40547, 20.58354 ], [ -100.40529, 20.5838 ], [ -100.40499, 20.58404 ], [ -100.40472, 20.5841 ], [ -100.40447, 20.5841 ], [ -100.40381, 20.58399 ], [ -100.40317, 20.5841 ], [ -100.40216, 20.58466 ], [ -100.40108, 20.58505 ], [ -100.39905, 20.58575 ], [ -100.39654, 20.5866 ], [ -100.39558, 20.58322 ], [ -100.39534, 20.5834 ], [ -100.39411, 20.58392 ], [ -100.39289, 20.58439 ], [ -100.38891, 20.5858 ], [ -100.38837, 20.58459 ], [ -100.38788, 20.58338 ], [ -100.38697, 20.58095 ], [ -100.38591, 20.57818 ], [ -100.38506, 20.57609 ], [ -100.38489, 20.57552 ], [ -100.38469, 20.57505 ], [ -100.38469, 20.57482 ], [ -100.38461, 20.57475 ], [ -100.38454, 20.57475 ], [ -100.38443, 20.57474 ], [ -100.38439, 20.57484 ], [ -100.38442, 20.57494 ], [ -100.38469, 20.57546 ], [ -100.38299, 20.57578 ], [ -100.37892, 20.57654 ], [ -100.37433, 20.57741 ], [ -100.37118, 20.57801 ], [ -100.3681, 20.5793 ], [ -100.36717, 20.57969 ], [ -100.36665, 20.57984 ], [ -100.36614, 20.57995 ], [ -100.36502, 20.5802 ], [ -100.36372, 20.58044 ], [ -100.36327, 20.58047 ], [ -100.36246, 20.58012 ], [ -100.36201, 20.57991 ], [ -100.36142, 20.57988 ], [ -100.3604, 20.58062 ], [ -100.36014, 20.58064 ], [ -100.35997, 20.58057 ], [ -100.35984, 20.58036 ], [ -100.3597, 20.57972 ], [ -100.3595, 20.5788 ], [ -100.3593, 20.57877 ], [ -100.35919, 20.57883 ], [ -100.35909, 20.57895 ], [ -100.35937, 20.58024 ], [ -100.35934, 20.58063 ], [ -100.35931, 20.58082 ], [ -100.35922, 20.58096 ], [ -100.35908, 20.58104 ], [ -100.35894, 20.5811 ], [ -100.35876, 20.58115 ], [ -100.35877, 20.5813 ], [ -100.35884, 20.58143 ], [ -100.35931, 20.58123 ], [ -100.35949, 20.58107 ], [ -100.35943, 20.58061 ], [ -100.35951, 20.58039 ], [ -100.35965, 20.58043 ], [ -100.35999, 20.58074 ], [ -100.36025, 20.58076 ], [ -100.36049, 20.58067 ], [ -100.36126, 20.58011 ], [ -100.36153, 20.57996 ], [ -100.3618, 20.57996 ], [ -100.36219, 20.58009 ], [ -100.36319, 20.58057 ], [ -100.36339, 20.58061 ], [ -100.36513, 20.58036 ], [ -100.36689, 20.58001 ], [ -100.37061, 20.57844 ], [ -100.37148, 20.57816 ], [ -100.37385, 20.57771 ], [ -100.3769, 20.57711 ], [ -100.38242, 20.576 ], [ -100.38477, 20.57561 ], [ -100.38519, 20.57683 ], [ -100.38596, 20.57867 ], [ -100.3867, 20.58062 ], [ -100.38768, 20.58313 ], [ -100.38873, 20.58589 ], [ -100.38601, 20.58686 ], [ -100.38572, 20.58699 ], [ -100.38677, 20.58979 ], [ -100.3869, 20.59006 ], [ -100.38971, 20.58905 ], [ -100.39238, 20.58816 ], [ -100.39503, 20.58729 ], [ -100.39643, 20.58682 ], [ -100.40185, 20.58496 ], [ -100.40227, 20.58511 ], [ -100.40321, 20.58694 ], [ -100.40491, 20.59065 ], [ -100.40698, 20.59545 ], [ -100.40724, 20.59596 ], [ -100.40766, 20.59603 ], [ -100.40879, 20.59647 ], [ -100.4095, 20.59648 ], [ -100.4103, 20.59647 ], [ -100.41209, 20.59633 ], [ -100.41331, 20.59547 ], [ -100.41377, 20.59532 ], [ -100.41479, 20.59522 ], [ -100.416, 20.59944 ], [ -100.41736, 20.60406 ], [ -100.41918, 20.61075 ], [ -100.42001, 20.61352 ], [ -100.42079, 20.61633 ], [ -100.42241, 20.62192 ], [ -100.42258, 20.62246 ], [ -100.42243, 20.62282 ], [ -100.42222, 20.62294 ], [ -100.42202, 20.6229 ], [ -100.42187, 20.62283 ], [ -100.42178, 20.62269 ], [ -100.42172, 20.62256 ], [ -100.42174, 20.62236 ], [ -100.42185, 20.62225 ], [ -100.42202, 20.62218 ], [ -100.42219, 20.62212 ], [ -100.42359, 20.6223 ], [ -100.42375, 20.62247 ], [ -100.42381, 20.62261 ], [ -100.42384, 20.62274 ], [ -100.42375, 20.6229 ], [ -100.42359, 20.62297 ], [ -100.42344, 20.62299 ], [ -100.4232, 20.62288 ], [ -100.42295, 20.62259 ], [ -100.42269, 20.62196 ], [ -100.42245, 20.62123 ], [ -100.42225, 20.62047 ], [ -100.42222, 20.62009 ], [ -100.42214, 20.61982 ], [ -100.42203, 20.61922 ], [ -100.42205, 20.61902 ], [ -100.4226, 20.61887 ], [ -100.42591, 20.61817 ], [ -100.42895, 20.61764 ], [ -100.4348, 20.61667 ], [ -100.43568, 20.61916 ], [ -100.43619, 20.61875 ], [ -100.43662, 20.61854 ], [ -100.43696, 20.61838 ], [ -100.43724, 20.61812 ], [ -100.43762, 20.61789 ], [ -100.4382, 20.61732 ], [ -100.43861, 20.61667 ], [ -100.43924, 20.6161 ], [ -100.43964, 20.61587 ], [ -100.44068, 20.6157 ], [ -100.44318, 20.61596 ], [ -100.44615, 20.6163 ], [ -100.44852, 20.61668 ], [ -100.45034, 20.61691 ], [ -100.45201, 20.61737 ], [ -100.45372, 20.61836 ], [ -100.45475, 20.61905 ], [ -100.45864, 20.62199 ], [ -100.45892, 20.62221 ], [ -100.46005, 20.6236 ], [ -100.46659, 20.6317 ], [ -100.46915, 20.63485 ], [ -100.47001, 20.63589 ], [ -100.47027, 20.63583 ], [ -100.4708, 20.63642 ], [ -100.47186, 20.63777 ], [ -100.47161, 20.63803 ], [ -100.47218, 20.63887 ], [ -100.47317, 20.64006 ], [ -100.47567, 20.64325 ], [ -100.47693, 20.64488 ], [ -100.47809, 20.64637 ], [ -100.47846, 20.64626 ], [ -100.47821, 20.6459 ], [ -100.47705, 20.64446 ], [ -100.47494, 20.64172 ], [ -100.47459, 20.64196 ], [ -100.47567, 20.64326 ], [ -100.47664, 20.64456 ] ] } },
{ "type": "Feature", "properties": { "city": "Querétaro", "route_name": "50_Col. 10 de Abril - Mercado la Cruz", "route_name_short": "Col. 10 de Abril - Mercado la Cruz", "type": "Bus", "shape_id": "shape_2481" }, "geometry": { "type": "LineString", "coordinates": [ [ -100.38696, 20.58987 ], [ -100.38482, 20.59064 ], [ -100.38375, 20.59102 ], [ -100.38281, 20.59126 ], [ -100.38272, 20.59125 ], [ -100.38263, 20.59115 ], [ -100.38248, 20.5911 ], [ -100.38232, 20.59113 ], [ -100.38214, 20.59124 ], [ -100.3821, 20.5913 ], [ -100.38137, 20.59135 ], [ -100.38071, 20.59142 ], [ -100.37983, 20.59147 ], [ -100.37962, 20.59155 ], [ -100.37912, 20.59172 ], [ -100.3789, 20.59182 ], [ -100.37673, 20.59079 ], [ -100.37662, 20.59078 ], [ -100.37684, 20.59124 ], [ -100.37706, 20.59158 ], [ -100.3775, 20.59203 ], [ -100.37807, 20.59248 ], [ -100.37873, 20.59299 ], [ -100.38008, 20.59394 ], [ -100.38039, 20.5943 ], [ -100.38055, 20.59462 ], [ -100.38063, 20.59512 ], [ -100.38074, 20.59569 ], [ -100.38088, 20.59613 ], [ -100.38102, 20.59649 ], [ -100.38104, 20.59686 ], [ -100.38104, 20.59824 ], [ -100.38097, 20.59899 ], [ -100.38083, 20.60005 ], [ -100.38078, 20.60043 ], [ -100.38084, 20.6007 ], [ -100.38083, 20.60094 ], [ -100.38147, 20.60097 ], [ -100.38207, 20.60112 ], [ -100.38303, 20.60138 ], [ -100.38338, 20.60143 ], [ -100.38389, 20.6014 ], [ -100.38476, 20.60108 ], [ -100.38587, 20.60075 ], [ -100.38685, 20.60038 ], [ -100.38671, 20.5996 ], [ -100.38616, 20.59678 ], [ -100.38606, 20.59629 ], [ -100.38593, 20.59595 ], [ -100.3858, 20.59551 ], [ -100.38554, 20.59485 ], [ -100.385, 20.59325 ], [ -100.38498, 20.5931 ], [ -100.38455, 20.59313 ], [ -100.38418, 20.5917 ], [ -100.38383, 20.59117 ], [ -100.38471, 20.59081 ], [ -100.38676, 20.59011 ], [ -100.38853, 20.58944 ], [ -100.39162, 20.58839 ], [ -100.39516, 20.58723 ], [ -100.39971, 20.58569 ], [ -100.40222, 20.58481 ], [ -100.40344, 20.58425 ], [ -100.40375, 20.58422 ], [ -100.40438, 20.58428 ], [ -100.40469, 20.58432 ], [ -100.40511, 20.58421 ], [ -100.40538, 20.584 ], [ -100.40569, 20.58367 ], [ -100.40656, 20.58244 ], [ -100.40694, 20.58201 ], [ -100.40708, 20.58191 ], [ -100.4086, 20.58336 ], [ -100.41069, 20.58529 ], [ -100.41168, 20.5862 ], [ -100.41191, 20.58644 ], [ -100.41222, 20.58687 ], [ -100.41241, 20.58714 ], [ -100.41265, 20.58759 ], [ -100.41281, 20.58816 ], [ -100.41352, 20.59062 ], [ -100.4144, 20.59369 ], [ -100.41525, 20.59669 ], [ -100.41647, 20.601 ], [ -100.41744, 20.60443 ], [ -100.41819, 20.60419 ], [ -100.41841, 20.60411 ], [ -100.41848, 20.60396 ], [ -100.41846, 20.60366 ], [ -100.41849, 20.60355 ], [ -100.41867, 20.60345 ], [ -100.41954, 20.60325 ], [ -100.42018, 20.60309 ], [ -100.42055, 20.60302 ], [ -100.42068, 20.60299 ], [ -100.42087, 20.60301 ], [ -100.42121, 20.60307 ], [ -100.42136, 20.60306 ], [ -100.42152, 20.60302 ], [ -100.42241, 20.60376 ], [ -100.42282, 20.60415 ], [ -100.42354, 20.60501 ], [ -100.42377, 20.60535 ], [ -100.424, 20.60551 ], [ -100.42451, 20.60574 ], [ -100.42479, 20.60588 ], [ -100.42503, 20.60608 ], [ -100.42545, 20.60645 ], [ -100.42579, 20.60715 ], [ -100.42638, 20.60833 ], [ -100.42655, 20.60881 ], [ -100.42684, 20.60979 ], [ -100.42777, 20.60965 ], [ -100.42959, 20.60939 ], [ -100.43122, 20.60923 ], [ -100.43388, 20.60893 ], [ -100.43444, 20.60893 ], [ -100.43449, 20.60929 ], [ -100.43457, 20.60953 ], [ -100.43476, 20.60996 ], [ -100.43488, 20.61027 ], [ -100.43507, 20.61059 ], [ -100.43516, 20.6107 ], [ -100.43534, 20.61112 ], [ -100.4357, 20.61215 ], [ -100.43585, 20.61282 ], [ -100.43619, 20.61441 ], [ -100.43626, 20.61482 ], [ -100.43619, 20.61508 ], [ -100.4361, 20.61527 ], [ -100.4363, 20.61639 ], [ -100.43651, 20.61733 ], [ -100.43668, 20.61769 ], [ -100.43694, 20.61803 ], [ -100.4371, 20.61821 ], [ -100.43739, 20.61799 ], [ -100.43825, 20.61713 ], [ -100.43902, 20.61625 ], [ -100.43932, 20.61601 ], [ -100.43959, 20.6159 ], [ -100.43974, 20.61583 ], [ -100.44012, 20.61573 ], [ -100.4404, 20.61568 ], [ -100.44107, 20.61565 ], [ -100.4427, 20.61587 ], [ -100.44451, 20.61611 ], [ -100.44425, 20.61802 ], [ -100.44406, 20.6195 ], [ -100.44411, 20.61998 ], [ -100.44446, 20.62186 ], [ -100.44622, 20.62158 ], [ -100.44806, 20.62132 ], [ -100.448, 20.62158 ], [ -100.44782, 20.62193 ], [ -100.44774, 20.62208 ], [ -100.44741, 20.62224 ], [ -100.44715, 20.62239 ], [ -100.44696, 20.62242 ], [ -100.4469, 20.6225 ], [ -100.44719, 20.62384 ], [ -100.44738, 20.62458 ], [ -100.44792, 20.62622 ], [ -100.44814, 20.62696 ], [ -100.44959, 20.62663 ], [ -100.45177, 20.62586 ], [ -100.4523, 20.62566 ], [ -100.45269, 20.62561 ], [ -100.4544, 20.62547 ], [ -100.45489, 20.62548 ], [ -100.45499, 20.62645 ], [ -100.45505, 20.62662 ], [ -100.45516, 20.62673 ], [ -100.45555, 20.62681 ], [ -100.45874, 20.62752 ], [ -100.46057, 20.62795 ], [ -100.4606, 20.62804 ], [ -100.46066, 20.62811 ], [ -100.46084, 20.62814 ], [ -100.46124, 20.62874 ], [ -100.46259, 20.63062 ], [ -100.46405, 20.6327 ], [ -100.46107, 20.63375 ], [ -100.45764, 20.63493 ], [ -100.45438, 20.63606 ], [ -100.45169, 20.63701 ], [ -100.45254, 20.63911 ], [ -100.45305, 20.64037 ], [ -100.45344, 20.64063 ], [ -100.45411, 20.64105 ], [ -100.45494, 20.64138 ], [ -100.45715, 20.64204 ], [ -100.4586, 20.64242 ], [ -100.45893, 20.64267 ], [ -100.45976, 20.64344 ], [ -100.46008, 20.64384 ], [ -100.46114, 20.64499 ], [ -100.4619, 20.64602 ], [ -100.462, 20.64615 ], [ -100.46255, 20.64635 ], [ -100.46346, 20.64674 ], [ -100.46442, 20.64721 ], [ -100.4661, 20.64799 ], [ -100.46685, 20.64835 ], [ -100.46776, 20.64871 ], [ -100.46921, 20.64932 ], [ -100.46941, 20.64944 ], [ -100.46975, 20.6497 ], [ -100.47007, 20.6501 ], [ -100.4704, 20.65046 ], [ -100.47063, 20.65069 ], [ -100.47161, 20.65161 ], [ -100.47188, 20.65189 ], [ -100.47193, 20.65207 ], [ -100.47222, 20.65257 ], [ -100.47233, 20.65273 ], [ -100.47267, 20.65296 ], [ -100.4733, 20.65342 ], [ -100.47384, 20.65382 ], [ -100.47397, 20.65394 ], [ -100.47414, 20.65419 ], [ -100.47429, 20.65447 ], [ -100.47409, 20.6548 ], [ -100.47391, 20.65508 ], [ -100.47273, 20.6567 ], [ -100.47141, 20.6585 ], [ -100.47242, 20.65907 ], [ -100.47389, 20.66006 ], [ -100.47301, 20.6613 ], [ -100.47272, 20.66166 ], [ -100.47227, 20.6618 ], [ -100.47091, 20.66231 ], [ -100.47065, 20.66177 ], [ -100.47012, 20.6605 ], [ -100.47159, 20.65851 ], [ -100.47207, 20.65783 ], [ -100.47139, 20.65599 ], [ -100.47079, 20.65451 ], [ -100.46898, 20.65547 ], [ -100.46805, 20.65594 ], [ -100.46785, 20.6561 ], [ -100.46719, 20.65674 ], [ -100.46627, 20.65775 ], [ -100.46568, 20.65841 ], [ -100.46486, 20.65811 ], [ -100.46471, 20.65797 ], [ -100.46456, 20.65767 ], [ -100.4641, 20.65635 ], [ -100.46534, 20.65596 ], [ -100.46601, 20.65577 ], [ -100.4667, 20.65553 ], [ -100.46683, 20.65547 ], [ -100.46705, 20.65528 ], [ -100.46753, 20.65568 ], [ -100.46804, 20.65602 ], [ -100.46815, 20.65597 ], [ -100.467, 20.65512 ], [ -100.46543, 20.65383 ], [ -100.46523, 20.65379 ], [ -100.46454, 20.65324 ], [ -100.46408, 20.65283 ], [ -100.46379, 20.65298 ], [ -100.46333, 20.65325 ], [ -100.46261, 20.65373 ], [ -100.46255, 20.65385 ], [ -100.46207, 20.65452 ], [ -100.46166, 20.65507 ], [ -100.46114, 20.65573 ], [ -100.46058, 20.65639 ], [ -100.46061, 20.65642 ], [ -100.46156, 20.65526 ], [ -100.46206, 20.65461 ], [ -100.46256, 20.65392 ], [ -100.463, 20.65356 ], [ -100.46365, 20.65317 ], [ -100.46408, 20.65288 ], [ -100.46479, 20.65348 ], [ -100.46546, 20.654 ], [ -100.467, 20.65527 ], [ -100.46686, 20.65541 ], [ -100.46671, 20.65548 ], [ -100.46646, 20.65559 ], [ -100.46552, 20.65588 ], [ -100.46403, 20.65633 ], [ -100.46442, 20.65742 ], [ -100.46464, 20.65795 ], [ -100.46473, 20.6581 ], [ -100.46516, 20.65827 ], [ -100.46574, 20.65846 ], [ -100.46654, 20.65753 ], [ -100.46764, 20.65634 ], [ -100.46795, 20.65606 ], [ -100.4681, 20.65607 ], [ -100.4683, 20.65592 ], [ -100.46969, 20.65515 ], [ -100.47078, 20.65462 ], [ -100.47159, 20.65676 ], [ -100.47192, 20.65762 ], [ -100.47193, 20.65778 ], [ -100.47066, 20.65956 ], [ -100.47004, 20.66042 ], [ -100.47087, 20.66235 ], [ -100.47256, 20.66176 ], [ -100.47278, 20.66166 ], [ -100.47397, 20.66004 ], [ -100.47216, 20.65882 ], [ -100.47157, 20.65851 ], [ -100.47227, 20.65756 ], [ -100.4743, 20.65474 ], [ -100.4745, 20.65461 ], [ -100.47456, 20.65457 ], [ -100.47426, 20.65394 ], [ -100.47399, 20.65364 ], [ -100.47369, 20.65339 ], [ -100.47311, 20.65298 ], [ -100.47272, 20.65269 ], [ -100.47214, 20.65218 ], [ -100.47181, 20.65174 ], [ -100.4718, 20.65158 ], [ -100.47146, 20.65121 ], [ -100.47015, 20.65009 ], [ -100.47002, 20.64994 ], [ -100.46983, 20.64974 ], [ -100.46972, 20.64961 ], [ -100.46951, 20.64946 ], [ -100.46929, 20.64931 ], [ -100.46913, 20.64924 ], [ -100.46791, 20.64874 ], [ -100.46708, 20.64841 ], [ -100.46595, 20.64788 ], [ -100.46428, 20.64708 ], [ -100.4632, 20.64658 ], [ -100.46217, 20.64616 ], [ -100.46204, 20.64611 ], [ -100.46186, 20.64593 ], [ -100.46176, 20.64572 ], [ -100.46148, 20.64532 ], [ -100.46035, 20.64406 ], [ -100.45984, 20.64348 ], [ -100.45908, 20.64275 ], [ -100.45869, 20.64238 ], [ -100.45776, 20.64214 ], [ -100.45645, 20.6418 ], [ -100.45508, 20.64139 ], [ -100.45422, 20.64106 ], [ -100.45353, 20.64063 ], [ -100.45314, 20.64038 ], [ -100.45285, 20.63957 ], [ -100.45194, 20.63721 ], [ -100.45395, 20.63654 ], [ -100.45768, 20.63526 ], [ -100.4599, 20.63448 ], [ -100.46247, 20.6336 ], [ -100.46428, 20.63298 ], [ -100.46352, 20.63186 ], [ -100.46152, 20.62905 ], [ -100.46086, 20.62808 ], [ -100.46089, 20.62791 ], [ -100.46084, 20.62784 ], [ -100.46076, 20.62781 ], [ -100.46066, 20.62782 ], [ -100.46057, 20.62788 ], [ -100.46047, 20.62788 ], [ -100.45823, 20.62736 ], [ -100.45523, 20.6267 ], [ -100.45509, 20.62657 ], [ -100.45504, 20.62642 ], [ -100.45499, 20.62619 ], [ -100.45491, 20.62535 ], [ -100.45492, 20.62513 ], [ -100.45255, 20.62526 ], [ -100.45216, 20.62531 ], [ -100.45164, 20.62551 ], [ -100.45173, 20.62583 ], [ -100.45029, 20.62634 ], [ -100.44952, 20.6266 ], [ -100.44824, 20.62689 ], [ -100.44751, 20.62466 ], [ -100.4474, 20.62443 ], [ -100.44727, 20.62402 ], [ -100.447, 20.62267 ], [ -100.44699, 20.62249 ], [ -100.44731, 20.62241 ], [ -100.44781, 20.62247 ], [ -100.44833, 20.62243 ], [ -100.44887, 20.62217 ], [ -100.44982, 20.62165 ], [ -100.45019, 20.62135 ], [ -100.45063, 20.62108 ], [ -100.4499, 20.61998 ], [ -100.44812, 20.62091 ], [ -100.44789, 20.61951 ], [ -100.4478, 20.61951 ], [ -100.44807, 20.62106 ], [ -100.44807, 20.62123 ], [ -100.44756, 20.62131 ], [ -100.44559, 20.6216 ], [ -100.44453, 20.62176 ], [ -100.44419, 20.62182 ], [ -100.44367, 20.62166 ], [ -100.44328, 20.62158 ], [ -100.44265, 20.62163 ], [ -100.44172, 20.62176 ], [ -100.4413, 20.62182 ], [ -100.44109, 20.62151 ], [ -100.4406, 20.62086 ], [ -100.44004, 20.6203 ], [ -100.43984, 20.62023 ], [ -100.43871, 20.61911 ], [ -100.43739, 20.61792 ], [ -100.4371, 20.61752 ], [ -100.43692, 20.61718 ], [ -100.43683, 20.61681 ], [ -100.43675, 20.61624 ], [ -100.43662, 20.61553 ], [ -100.43652, 20.61507 ], [ -100.43626, 20.61444 ], [ -100.43598, 20.61324 ], [ -100.43578, 20.61229 ], [ -100.43567, 20.61196 ], [ -100.43545, 20.6113 ], [ -100.43535, 20.61099 ], [ -100.43518, 20.61063 ], [ -100.43507, 20.61046 ], [ -100.43488, 20.61016 ], [ -100.43475, 20.60983 ], [ -100.43459, 20.60943 ], [ -100.43449, 20.60901 ], [ -100.43447, 20.60885 ], [ -100.43276, 20.60901 ], [ -100.42973, 20.60931 ], [ -100.42687, 20.60972 ], [ -100.42665, 20.60907 ], [ -100.42647, 20.60849 ], [ -100.42625, 20.60797 ], [ -100.42589, 20.60723 ], [ -100.42553, 20.60655 ], [ -100.42527, 20.60621 ], [ -100.425, 20.60598 ], [ -100.42458, 20.60573 ], [ -100.42424, 20.60555 ], [ -100.42395, 20.60543 ], [ -100.42377, 20.60525 ], [ -100.42336, 20.60473 ], [ -100.42274, 20.60401 ], [ -100.42222, 20.60357 ], [ -100.42156, 20.60297 ], [ -100.42135, 20.60299 ], [ -100.42112, 20.603 ], [ -100.42097, 20.60299 ], [ -100.42058, 20.60294 ], [ -100.41837, 20.60348 ], [ -100.41762, 20.60363 ], [ -100.41666, 20.60027 ], [ -100.41509, 20.59484 ], [ -100.41349, 20.58931 ], [ -100.41309, 20.58773 ], [ -100.41264, 20.58691 ], [ -100.4122, 20.58618 ], [ -100.41119, 20.58528 ], [ -100.40959, 20.58376 ], [ -100.40724, 20.58154 ], [ -100.4068, 20.5818 ], [ -100.40648, 20.58217 ], [ -100.40562, 20.58337 ], [ -100.4052, 20.58387 ], [ -100.40492, 20.58404 ], [ -100.40468, 20.58411 ], [ -100.40428, 20.58407 ], [ -100.40397, 20.584 ], [ -100.40371, 20.58401 ], [ -100.40342, 20.58404 ], [ -100.40302, 20.58417 ], [ -100.40251, 20.58448 ], [ -100.40198, 20.58474 ], [ -100.4012, 20.58499 ], [ -100.39656, 20.58659 ], [ -100.39236, 20.58799 ], [ -100.3899, 20.58883 ], [ -100.38696, 20.58986 ] ] } },
{ "type": "Feature", "properties": { "city": "Querétaro", "route_name": "51_Boulevares del Cimatario - Rancho San Pedro", "route_name_short": "Boulevares del Cimatario - Rancho San Pedro", "type": "Bus", "shape_id": "shape_2472" }, "geometry": { "type": "LineString", "coordinates": [ [ -100.39343, 20.5476 ], [ -100.39209, 20.54767 ], [ -100.39184, 20.54772 ], [ -100.39074, 20.54585 ], [ -100.39, 20.54438 ], [ -100.38989, 20.54438 ], [ -100.39064, 20.54587 ], [ -100.39178, 20.54789 ], [ -100.39179, 20.54797 ], [ -100.39185, 20.54812 ], [ -100.39196, 20.54812 ], [ -100.39204, 20.54802 ], [ -100.39207, 20.54792 ], [ -100.39227, 20.54783 ], [ -100.39304, 20.5478 ], [ -100.39469, 20.54767 ], [ -100.39725, 20.54743 ], [ -100.3987, 20.54732 ], [ -100.39872, 20.54777 ], [ -100.39872, 20.54836 ], [ -100.39868, 20.54901 ], [ -100.3986, 20.54952 ], [ -100.3984, 20.55001 ], [ -100.39802, 20.55095 ], [ -100.39858, 20.551 ], [ -100.39891, 20.55102 ], [ -100.39951, 20.5509 ], [ -100.40157, 20.55053 ], [ -100.40155, 20.55155 ], [ -100.40148, 20.55253 ], [ -100.40142, 20.55387 ], [ -100.40137, 20.55469 ], [ -100.40131, 20.55541 ], [ -100.39873, 20.55532 ], [ -100.39597, 20.55525 ], [ -100.39563, 20.55525 ], [ -100.39606, 20.55607 ], [ -100.39683, 20.55757 ], [ -100.39741, 20.55872 ], [ -100.39542, 20.55869 ], [ -100.39306, 20.55861 ], [ -100.39294, 20.55862 ], [ -100.39283, 20.55872 ], [ -100.39261, 20.55883 ], [ -100.39215, 20.559 ], [ -100.39287, 20.56099 ], [ -100.39318, 20.56185 ], [ -100.39339, 20.56255 ], [ -100.39372, 20.56379 ], [ -100.39164, 20.56447 ], [ -100.38857, 20.56553 ], [ -100.38626, 20.56635 ], [ -100.38605, 20.56641 ], [ -100.38451, 20.56638 ], [ -100.38312, 20.56634 ], [ -100.38295, 20.56634 ], [ -100.38288, 20.56831 ], [ -100.3828, 20.57071 ], [ -100.38273, 20.57077 ], [ -100.3826, 20.57076 ], [ -100.3815, 20.56948 ], [ -100.38139, 20.56947 ], [ -100.38129, 20.56946 ], [ -100.38123, 20.56956 ], [ -100.38122, 20.56966 ], [ -100.38124, 20.56978 ], [ -100.38254, 20.57126 ], [ -100.38275, 20.57152 ], [ -100.38278, 20.57186 ], [ -100.38274, 20.57296 ], [ -100.38268, 20.57507 ], [ -100.38264, 20.57581 ], [ -100.38254, 20.57621 ], [ -100.38225, 20.57708 ], [ -100.38216, 20.57737 ], [ -100.38227, 20.5778 ], [ -100.38251, 20.57849 ], [ -100.38282, 20.57935 ], [ -100.3836, 20.58135 ], [ -100.38505, 20.58513 ], [ -100.38642, 20.58873 ], [ -100.38688, 20.59007 ], [ -100.38868, 20.58938 ], [ -100.39219, 20.58821 ], [ -100.39653, 20.58676 ], [ -100.39882, 20.58601 ], [ -100.40189, 20.58492 ], [ -100.40221, 20.58506 ], [ -100.40243, 20.58529 ], [ -100.40355, 20.58768 ], [ -100.40532, 20.59154 ], [ -100.40634, 20.59394 ], [ -100.40702, 20.59555 ], [ -100.40591, 20.59565 ], [ -100.40475, 20.59577 ], [ -100.40354, 20.59591 ], [ -100.40311, 20.59594 ], [ -100.40221, 20.59594 ], [ -100.40174, 20.59596 ], [ -100.40102, 20.59612 ], [ -100.40036, 20.5963 ], [ -100.40008, 20.59645 ], [ -100.39895, 20.59718 ], [ -100.39815, 20.59759 ], [ -100.39755, 20.59781 ], [ -100.39703, 20.59788 ], [ -100.3963, 20.59779 ], [ -100.39566, 20.59776 ], [ -100.39522, 20.59782 ], [ -100.39477, 20.59798 ], [ -100.3944, 20.59812 ], [ -100.39394, 20.59844 ], [ -100.39386, 20.59852 ], [ -100.39376, 20.59856 ], [ -100.39367, 20.59863 ], [ -100.39365, 20.59882 ], [ -100.39377, 20.59896 ], [ -100.39379, 20.60031 ], [ -100.39382, 20.60113 ], [ -100.39383, 20.60154 ], [ -100.39368, 20.60199 ], [ -100.39336, 20.60249 ], [ -100.39306, 20.60272 ], [ -100.39274, 20.6029 ], [ -100.39245, 20.60316 ], [ -100.3911, 20.60418 ], [ -100.38947, 20.60534 ], [ -100.38862, 20.60587 ], [ -100.38721, 20.60671 ], [ -100.38651, 20.60715 ], [ -100.38622, 20.60737 ], [ -100.38607, 20.60758 ], [ -100.38593, 20.60794 ], [ -100.38589, 20.60816 ], [ -100.386, 20.6085 ], [ -100.38627, 20.60911 ], [ -100.38718, 20.61097 ], [ -100.38816, 20.61301 ], [ -100.3885, 20.61358 ], [ -100.38869, 20.61387 ], [ -100.38924, 20.61463 ], [ -100.38971, 20.61522 ], [ -100.38987, 20.61556 ], [ -100.38996, 20.61579 ], [ -100.39006, 20.61626 ], [ -100.39019, 20.61644 ], [ -100.39045, 20.61655 ], [ -100.39133, 20.61673 ], [ -100.39261, 20.61683 ], [ -100.39576, 20.61689 ], [ -100.39859, 20.61697 ], [ -100.40191, 20.61705 ], [ -100.40245, 20.61715 ], [ -100.40348, 20.61737 ], [ -100.40418, 20.61763 ], [ -100.405, 20.61786 ], [ -100.40801, 20.61882 ], [ -100.41023, 20.61954 ], [ -100.41028, 20.61976 ], [ -100.41037, 20.62025 ], [ -100.41055, 20.62061 ], [ -100.41084, 20.62103 ], [ -100.41104, 20.62137 ], [ -100.4111, 20.62164 ], [ -100.41172, 20.62341 ], [ -100.41361, 20.62306 ], [ -100.41615, 20.62256 ], [ -100.41582, 20.62161 ], [ -100.41664, 20.62147 ], [ -100.41713, 20.62151 ], [ -100.41781, 20.62156 ], [ -100.41802, 20.62151 ], [ -100.42025, 20.62181 ], [ -100.42287, 20.6222 ], [ -100.42369, 20.62236 ], [ -100.42379, 20.62254 ], [ -100.4238, 20.62272 ], [ -100.42369, 20.62292 ], [ -100.42358, 20.62296 ], [ -100.42338, 20.62297 ], [ -100.42319, 20.62287 ], [ -100.42306, 20.62267 ], [ -100.42287, 20.62244 ], [ -100.42246, 20.62129 ], [ -100.42217, 20.62022 ], [ -100.42221, 20.62009 ], [ -100.42209, 20.61953 ], [ -100.42198, 20.61917 ], [ -100.42216, 20.619 ], [ -100.42246, 20.61893 ], [ -100.42422, 20.61854 ], [ -100.42672, 20.61799 ], [ -100.42876, 20.61761 ], [ -100.42908, 20.61762 ], [ -100.42937, 20.61759 ], [ -100.43031, 20.61743 ], [ -100.43482, 20.61667 ], [ -100.43571, 20.61914 ], [ -100.43608, 20.61881 ], [ -100.43679, 20.61841 ], [ -100.43721, 20.61816 ], [ -100.43753, 20.61787 ], [ -100.43834, 20.61699 ], [ -100.43894, 20.61634 ], [ -100.4394, 20.61594 ], [ -100.44009, 20.61574 ], [ -100.44045, 20.61566 ], [ -100.44128, 20.61568 ], [ -100.44253, 20.61586 ], [ -100.44538, 20.6162 ], [ -100.44814, 20.61655 ], [ -100.44864, 20.61667 ], [ -100.44946, 20.61679 ], [ -100.4511, 20.61704 ], [ -100.45184, 20.61725 ], [ -100.4524, 20.61752 ], [ -100.45357, 20.61821 ], [ -100.45449, 20.61881 ], [ -100.45498, 20.6192 ], [ -100.45589, 20.61924 ], [ -100.45652, 20.61923 ], [ -100.45683, 20.61919 ], [ -100.45829, 20.61879 ], [ -100.46055, 20.61816 ], [ -100.46193, 20.61757 ], [ -100.4638, 20.61677 ], [ -100.46459, 20.6165 ], [ -100.46485, 20.6164 ], [ -100.46517, 20.61637 ], [ -100.46555, 20.61647 ], [ -100.46558, 20.61628 ], [ -100.46544, 20.61532 ], [ -100.46532, 20.61469 ], [ -100.46522, 20.61426 ], [ -100.46512, 20.61369 ], [ -100.46498, 20.61248 ], [ -100.46485, 20.6117 ], [ -100.46469, 20.6108 ], [ -100.46449, 20.60956 ], [ -100.46462, 20.60955 ], [ -100.46515, 20.6097 ], [ -100.46565, 20.60971 ], [ -100.46626, 20.60962 ], [ -100.46669, 20.60939 ], [ -100.46706, 20.60907 ], [ -100.46744, 20.60866 ], [ -100.46785, 20.60846 ], [ -100.46895, 20.6082 ], [ -100.46894, 20.60809 ], [ -100.46621, 20.6087 ], [ -100.46497, 20.60901 ], [ -100.46465, 20.60917 ], [ -100.46461, 20.60938 ], [ -100.4646, 20.60948 ], [ -100.46445, 20.60956 ], [ -100.46477, 20.61145 ], [ -100.4651, 20.61381 ], [ -100.4652, 20.61443 ], [ -100.46533, 20.6149 ], [ -100.46544, 20.61553 ], [ -100.46552, 20.61629 ], [ -100.46551, 20.61642 ], [ -100.46524, 20.61634 ], [ -100.46502, 20.6163 ], [ -100.46479, 20.61638 ], [ -100.46381, 20.61669 ], [ -100.46087, 20.61797 ], [ -100.46045, 20.61814 ], [ -100.45724, 20.61904 ], [ -100.45674, 20.61917 ], [ -100.45628, 20.6192 ], [ -100.45584, 20.61919 ], [ -100.45422, 20.61798 ], [ -100.45319, 20.61729 ], [ -100.45271, 20.61702 ], [ -100.45222, 20.61687 ], [ -100.45119, 20.61671 ], [ -100.45063, 20.61666 ], [ -100.44938, 20.61649 ], [ -100.44819, 20.61634 ], [ -100.44854, 20.61402 ], [ -100.4486, 20.6136 ], [ -100.44776, 20.61242 ], [ -100.44673, 20.61235 ], [ -100.44656, 20.61365 ], [ -100.44622, 20.61609 ], [ -100.44409, 20.61583 ], [ -100.44122, 20.61549 ], [ -100.44063, 20.61548 ], [ -100.43986, 20.61556 ], [ -100.43895, 20.61572 ], [ -100.43704, 20.61609 ], [ -100.43466, 20.61653 ], [ -100.4326, 20.61689 ], [ -100.42929, 20.61748 ], [ -100.42903, 20.61748 ], [ -100.42855, 20.61754 ], [ -100.42778, 20.6177 ], [ -100.424, 20.61848 ], [ -100.42224, 20.61886 ], [ -100.42184, 20.61859 ], [ -100.4214, 20.61705 ], [ -100.42075, 20.61472 ], [ -100.4197, 20.61098 ], [ -100.41847, 20.60678 ], [ -100.41777, 20.60428 ], [ -100.41743, 20.60437 ], [ -100.41812, 20.60695 ], [ -100.4195, 20.6117 ], [ -100.42041, 20.61502 ], [ -100.42134, 20.61826 ], [ -100.4217, 20.61958 ], [ -100.42162, 20.61993 ], [ -100.4215, 20.62049 ], [ -100.42132, 20.62088 ], [ -100.421, 20.62124 ], [ -100.42065, 20.62146 ], [ -100.42032, 20.62155 ], [ -100.41978, 20.6215 ], [ -100.41901, 20.62135 ], [ -100.41841, 20.62123 ], [ -100.41612, 20.62086 ], [ -100.41525, 20.6207 ], [ -100.41434, 20.62044 ], [ -100.41356, 20.62008 ], [ -100.41267, 20.61984 ], [ -100.41127, 20.61937 ], [ -100.40854, 20.61853 ], [ -100.40481, 20.61738 ], [ -100.40286, 20.61687 ], [ -100.402, 20.61673 ], [ -100.40077, 20.61669 ], [ -100.39921, 20.61654 ], [ -100.3981, 20.61647 ], [ -100.39685, 20.61648 ], [ -100.39425, 20.61638 ], [ -100.39362, 20.61634 ], [ -100.39195, 20.6163 ], [ -100.39094, 20.61614 ], [ -100.39053, 20.61602 ], [ -100.39034, 20.61576 ], [ -100.39024, 20.61526 ], [ -100.38975, 20.61306 ], [ -100.38949, 20.61215 ], [ -100.38886, 20.61081 ], [ -100.38857, 20.61018 ], [ -100.38839, 20.61005 ], [ -100.38803, 20.61007 ], [ -100.38769, 20.6102 ], [ -100.38749, 20.61024 ], [ -100.38717, 20.61016 ], [ -100.38692, 20.60991 ], [ -100.3867, 20.60932 ], [ -100.38642, 20.60854 ], [ -100.38641, 20.60811 ], [ -100.38658, 20.60779 ], [ -100.38683, 20.60742 ], [ -100.38721, 20.60713 ], [ -100.38903, 20.60582 ], [ -100.39204, 20.6036 ], [ -100.39332, 20.60265 ], [ -100.39355, 20.60244 ], [ -100.39377, 20.60207 ], [ -100.39395, 20.60159 ], [ -100.39396, 20.60122 ], [ -100.39394, 20.60039 ], [ -100.39387, 20.59906 ], [ -100.3939, 20.59888 ], [ -100.394, 20.59882 ], [ -100.39413, 20.59878 ], [ -100.3947, 20.59849 ], [ -100.39505, 20.59826 ], [ -100.39536, 20.59819 ], [ -100.39607, 20.59813 ], [ -100.39692, 20.59828 ], [ -100.39717, 20.59829 ], [ -100.39757, 20.5982 ], [ -100.39856, 20.59781 ], [ -100.39984, 20.59734 ], [ -100.39948, 20.59609 ], [ -100.39906, 20.59473 ], [ -100.39801, 20.59141 ], [ -100.39694, 20.58805 ], [ -100.39653, 20.58659 ], [ -100.39425, 20.58733 ], [ -100.39111, 20.58843 ], [ -100.39035, 20.58868 ], [ -100.38928, 20.58636 ], [ -100.38909, 20.58601 ], [ -100.38894, 20.58589 ], [ -100.38885, 20.58572 ], [ -100.38823, 20.58431 ], [ -100.38736, 20.58199 ], [ -100.3861, 20.57876 ], [ -100.38527, 20.57661 ], [ -100.38469, 20.57505 ], [ -100.3847, 20.57483 ], [ -100.38485, 20.57466 ], [ -100.38514, 20.57455 ], [ -100.38566, 20.57444 ], [ -100.38583, 20.57423 ], [ -100.38592, 20.57405 ], [ -100.38587, 20.57376 ], [ -100.38508, 20.57184 ], [ -100.38475, 20.57088 ], [ -100.38402, 20.56995 ], [ -100.38302, 20.56881 ], [ -100.3831, 20.56702 ], [ -100.38504, 20.5671 ], [ -100.38564, 20.56713 ], [ -100.38609, 20.56707 ], [ -100.38647, 20.56693 ], [ -100.38675, 20.56677 ], [ -100.38717, 20.56779 ], [ -100.38915, 20.56703 ], [ -100.39109, 20.56633 ], [ -100.39108, 20.56621 ], [ -100.39209, 20.56584 ], [ -100.39417, 20.56521 ], [ -100.3938, 20.56391 ], [ -100.39366, 20.56333 ], [ -100.39323, 20.56177 ], [ -100.39264, 20.56021 ], [ -100.39222, 20.55903 ], [ -100.39254, 20.55889 ], [ -100.39273, 20.55884 ], [ -100.39293, 20.55869 ], [ -100.39321, 20.55868 ], [ -100.39689, 20.55878 ], [ -100.39757, 20.55879 ], [ -100.39673, 20.55708 ], [ -100.39579, 20.55531 ], [ -100.39782, 20.55534 ], [ -100.40135, 20.55545 ], [ -100.40146, 20.55407 ], [ -100.40157, 20.55171 ], [ -100.40161, 20.5507 ], [ -100.40161, 20.55044 ], [ -100.40004, 20.55072 ], [ -100.39921, 20.55091 ], [ -100.39884, 20.55092 ], [ -100.39821, 20.55089 ], [ -100.39831, 20.55056 ], [ -100.39866, 20.54964 ], [ -100.39876, 20.5493 ], [ -100.39882, 20.54891 ], [ -100.39882, 20.54817 ], [ -100.39883, 20.54745 ], [ -100.39881, 20.5471 ], [ -100.39678, 20.54729 ], [ -100.39376, 20.54757 ], [ -100.39344, 20.5476 ] ] } },
{ "type": "Feature", "properties": { "city": "Querétaro", "route_name": "53_La Pradera - San José de los Olvera", "route_name_short": "La Pradera - San José de los Olvera", "type": "Bus", "shape_id": "shape_2446" }, "geometry": { "type": "LineString", "coordinates": [ [ -100.34038, 20.66025 ], [ -100.34144, 20.66024 ], [ -100.34165, 20.65958 ], [ -100.34205, 20.6589 ], [ -100.34217, 20.65888 ], [ -100.34231, 20.65886 ], [ -100.34239, 20.65878 ], [ -100.34239, 20.65867 ], [ -100.34228, 20.65857 ], [ -100.34213, 20.65857 ], [ -100.34206, 20.65865 ], [ -100.34053, 20.65788 ], [ -100.34025, 20.65746 ], [ -100.33907, 20.65534 ], [ -100.33916, 20.654 ], [ -100.34155, 20.65404 ], [ -100.34164, 20.65365 ], [ -100.34186, 20.65323 ], [ -100.34193, 20.65267 ], [ -100.34184, 20.6519 ], [ -100.34183, 20.6514 ], [ -100.342, 20.65042 ], [ -100.34209, 20.65039 ], [ -100.34218, 20.65033 ], [ -100.3423, 20.65016 ], [ -100.3428, 20.65022 ], [ -100.34312, 20.65024 ], [ -100.34335, 20.65068 ], [ -100.34351, 20.65084 ], [ -100.3434, 20.652 ], [ -100.34323, 20.65439 ], [ -100.34301, 20.6565 ], [ -100.34319, 20.65662 ], [ -100.3434, 20.65643 ], [ -100.34345, 20.65588 ], [ -100.34356, 20.65404 ], [ -100.34387, 20.6502 ], [ -100.34406, 20.64758 ], [ -100.34431, 20.64393 ], [ -100.34442, 20.64256 ], [ -100.34447, 20.64118 ], [ -100.34483, 20.64036 ], [ -100.34509, 20.63997 ], [ -100.34541, 20.63958 ], [ -100.34594, 20.63913 ], [ -100.34734, 20.63842 ], [ -100.35103, 20.63636 ], [ -100.35445, 20.63436 ], [ -100.35658, 20.63307 ], [ -100.35861, 20.63177 ], [ -100.36082, 20.6303 ], [ -100.36131, 20.62995 ], [ -100.36178, 20.62971 ], [ -100.36252, 20.62946 ], [ -100.36787, 20.62882 ], [ -100.36889, 20.62854 ], [ -100.36987, 20.62819 ], [ -100.37246, 20.62671 ], [ -100.37428, 20.62565 ], [ -100.37511, 20.62525 ], [ -100.37727, 20.62496 ], [ -100.37952, 20.62472 ], [ -100.38448, 20.62412 ], [ -100.38538, 20.62397 ], [ -100.38575, 20.62365 ], [ -100.38603, 20.62322 ], [ -100.38606, 20.62281 ], [ -100.38581, 20.62228 ], [ -100.38557, 20.62191 ], [ -100.38535, 20.62162 ], [ -100.38464, 20.62093 ], [ -100.38347, 20.62002 ], [ -100.38314, 20.61973 ], [ -100.38292, 20.61937 ], [ -100.38281, 20.61906 ], [ -100.38274, 20.61816 ], [ -100.38259, 20.61768 ], [ -100.38238, 20.61733 ], [ -100.38216, 20.61714 ], [ -100.38124, 20.61652 ], [ -100.38096, 20.61606 ], [ -100.38079, 20.61561 ], [ -100.38066, 20.61459 ], [ -100.38051, 20.61408 ], [ -100.38028, 20.61369 ], [ -100.3793, 20.61252 ], [ -100.3791, 20.61213 ], [ -100.37913, 20.61194 ], [ -100.37921, 20.61173 ], [ -100.37945, 20.61147 ], [ -100.3801, 20.61107 ], [ -100.38062, 20.61068 ], [ -100.38193, 20.6099 ], [ -100.38226, 20.60971 ], [ -100.38249, 20.60965 ], [ -100.38262, 20.60977 ], [ -100.38262, 20.6099 ], [ -100.38255, 20.60997 ], [ -100.38228, 20.61003 ], [ -100.38213, 20.61014 ], [ -100.38201, 20.61031 ], [ -100.38197, 20.61047 ], [ -100.38183, 20.61054 ], [ -100.3817, 20.61049 ], [ -100.38038, 20.60942 ], [ -100.37918, 20.60806 ], [ -100.3787, 20.60741 ], [ -100.37825, 20.60666 ], [ -100.37759, 20.60504 ], [ -100.37678, 20.60254 ], [ -100.37617, 20.60055 ], [ -100.37549, 20.59949 ], [ -100.37415, 20.59819 ], [ -100.37286, 20.59682 ], [ -100.37081, 20.59482 ], [ -100.36876, 20.59282 ], [ -100.36528, 20.58943 ], [ -100.36518, 20.58925 ], [ -100.36514, 20.58901 ], [ -100.36528, 20.58873 ], [ -100.36552, 20.58859 ], [ -100.36729, 20.58846 ], [ -100.36957, 20.58808 ], [ -100.37513, 20.58713 ], [ -100.37587, 20.58775 ], [ -100.3764, 20.5882 ], [ -100.37639, 20.58971 ], [ -100.37656, 20.59075 ], [ -100.3768, 20.59118 ], [ -100.37711, 20.59163 ], [ -100.37747, 20.592 ], [ -100.37797, 20.59241 ], [ -100.37813, 20.59255 ], [ -100.37908, 20.59193 ], [ -100.37978, 20.5916 ], [ -100.38069, 20.59155 ], [ -100.38211, 20.59143 ], [ -100.38224, 20.59149 ], [ -100.38239, 20.59155 ], [ -100.38266, 20.59146 ], [ -100.38292, 20.59134 ], [ -100.3834, 20.59127 ], [ -100.38391, 20.59112 ], [ -100.3868, 20.59009 ], [ -100.39023, 20.58887 ], [ -100.39231, 20.5882 ], [ -100.39505, 20.58728 ], [ -100.39649, 20.58679 ], [ -100.40134, 20.58515 ], [ -100.40259, 20.58468 ], [ -100.40331, 20.58428 ], [ -100.40356, 20.58423 ], [ -100.40395, 20.58424 ], [ -100.40454, 20.5843 ], [ -100.40491, 20.58427 ], [ -100.40522, 20.58413 ], [ -100.40554, 20.58386 ], [ -100.40654, 20.5825 ], [ -100.40691, 20.58201 ], [ -100.40773, 20.58158 ], [ -100.40872, 20.58109 ], [ -100.40954, 20.58088 ], [ -100.41126, 20.58041 ], [ -100.41314, 20.57998 ], [ -100.41474, 20.57956 ], [ -100.41534, 20.57942 ], [ -100.41583, 20.57902 ], [ -100.4161, 20.57863 ], [ -100.41623, 20.57819 ], [ -100.41624, 20.57778 ], [ -100.41621, 20.57588 ], [ -100.41612, 20.57547 ], [ -100.41573, 20.57498 ], [ -100.4155, 20.57463 ], [ -100.41543, 20.57421 ], [ -100.41533, 20.57253 ], [ -100.41513, 20.56979 ], [ -100.41489, 20.56627 ], [ -100.41475, 20.56361 ], [ -100.41461, 20.56319 ], [ -100.41432, 20.56265 ], [ -100.41556, 20.56125 ], [ -100.41638, 20.56007 ], [ -100.41878, 20.5571 ], [ -100.41986, 20.55576 ], [ -100.42056, 20.55497 ], [ -100.42232, 20.55273 ], [ -100.42445, 20.55022 ], [ -100.42616, 20.54808 ], [ -100.42647, 20.548 ], [ -100.4267, 20.54803 ], [ -100.42691, 20.54815 ], [ -100.42695, 20.54842 ], [ -100.4269, 20.54864 ], [ -100.42671, 20.5488 ], [ -100.42648, 20.54887 ], [ -100.42605, 20.54871 ], [ -100.4252, 20.54812 ], [ -100.42509, 20.54784 ], [ -100.42515, 20.54757 ], [ -100.4253, 20.54744 ], [ -100.4255, 20.54739 ], [ -100.42576, 20.54745 ], [ -100.42592, 20.54761 ], [ -100.42598, 20.54786 ], [ -100.42599, 20.54807 ], [ -100.42497, 20.54932 ], [ -100.42306, 20.55164 ], [ -100.4211, 20.55398 ], [ -100.41955, 20.55592 ], [ -100.41897, 20.5555 ], [ -100.41763, 20.55448 ], [ -100.41859, 20.55275 ], [ -100.41698, 20.55116 ], [ -100.41629, 20.55042 ], [ -100.41397, 20.55049 ], [ -100.41332, 20.55073 ], [ -100.41305, 20.55089 ], [ -100.41257, 20.55129 ], [ -100.41244, 20.55129 ], [ -100.41224, 20.55362 ], [ -100.41382, 20.55524 ], [ -100.41639, 20.55524 ], [ -100.41757, 20.55451 ], [ -100.41953, 20.55598 ], [ -100.41809, 20.5577 ], [ -100.41631, 20.55982 ], [ -100.41585, 20.5604 ], [ -100.41468, 20.56175 ], [ -100.41403, 20.56254 ], [ -100.4144, 20.56299 ], [ -100.41452, 20.56324 ], [ -100.41465, 20.56372 ], [ -100.41493, 20.56838 ], [ -100.41522, 20.57264 ], [ -100.41531, 20.57435 ], [ -100.41542, 20.57475 ], [ -100.41601, 20.57548 ], [ -100.41606, 20.57566 ], [ -100.4161, 20.5762 ], [ -100.41609, 20.5782 ], [ -100.41594, 20.57859 ], [ -100.41562, 20.57901 ], [ -100.41526, 20.57923 ], [ -100.41476, 20.57941 ], [ -100.41319, 20.57981 ], [ -100.41096, 20.58029 ], [ -100.40941, 20.58066 ], [ -100.40867, 20.58088 ], [ -100.4073, 20.58152 ], [ -100.40687, 20.58177 ], [ -100.40655, 20.58208 ], [ -100.40551, 20.58353 ], [ -100.40524, 20.5839 ], [ -100.40488, 20.58408 ], [ -100.40464, 20.58414 ], [ -100.40443, 20.58409 ], [ -100.40392, 20.58402 ], [ -100.40359, 20.58401 ], [ -100.40325, 20.58411 ], [ -100.40223, 20.58463 ], [ -100.40112, 20.58504 ], [ -100.3996, 20.58557 ], [ -100.39661, 20.58657 ], [ -100.39516, 20.58703 ], [ -100.39223, 20.58805 ], [ -100.39008, 20.58875 ], [ -100.38726, 20.58979 ], [ -100.38534, 20.59044 ], [ -100.38379, 20.59099 ], [ -100.38324, 20.59114 ], [ -100.38275, 20.59123 ], [ -100.38261, 20.59114 ], [ -100.38236, 20.59112 ], [ -100.38221, 20.59117 ], [ -100.38211, 20.59128 ], [ -100.382, 20.59133 ], [ -100.3808, 20.59139 ], [ -100.37967, 20.59148 ], [ -100.37888, 20.59183 ], [ -100.37666, 20.59077 ], [ -100.37653, 20.59025 ], [ -100.37645, 20.58971 ], [ -100.37643, 20.58827 ], [ -100.37642, 20.58702 ], [ -100.3763, 20.58676 ], [ -100.37526, 20.58693 ], [ -100.37063, 20.5878 ], [ -100.36743, 20.5883 ], [ -100.36473, 20.58848 ], [ -100.36421, 20.58849 ], [ -100.36368, 20.58861 ], [ -100.36253, 20.58891 ], [ -100.36165, 20.58921 ], [ -100.36117, 20.58941 ], [ -100.36066, 20.58961 ], [ -100.36021, 20.58969 ], [ -100.35987, 20.58968 ], [ -100.35948, 20.5896 ], [ -100.35899, 20.58936 ], [ -100.35854, 20.58911 ], [ -100.35843, 20.58931 ], [ -100.35933, 20.58967 ], [ -100.35975, 20.58974 ], [ -100.36009, 20.5898 ], [ -100.36046, 20.58974 ], [ -100.36103, 20.58957 ], [ -100.36181, 20.58929 ], [ -100.36241, 20.58928 ], [ -100.36294, 20.58932 ], [ -100.36373, 20.58952 ], [ -100.36525, 20.58997 ], [ -100.36592, 20.59053 ], [ -100.36809, 20.59276 ], [ -100.37034, 20.59501 ], [ -100.37158, 20.59622 ], [ -100.37251, 20.59724 ], [ -100.37299, 20.59769 ], [ -100.3735, 20.59804 ], [ -100.37477, 20.59929 ], [ -100.37542, 20.60003 ], [ -100.37584, 20.60087 ], [ -100.37648, 20.60276 ], [ -100.37731, 20.60532 ], [ -100.37773, 20.60646 ], [ -100.37821, 20.60746 ], [ -100.37872, 20.60831 ], [ -100.3793, 20.60903 ], [ -100.37971, 20.60947 ], [ -100.37983, 20.60969 ], [ -100.37987, 20.60999 ], [ -100.37969, 20.61052 ], [ -100.37971, 20.61077 ], [ -100.37975, 20.61092 ], [ -100.37971, 20.61109 ], [ -100.37922, 20.61145 ], [ -100.37896, 20.6117 ], [ -100.37884, 20.61195 ], [ -100.37893, 20.61226 ], [ -100.37939, 20.61278 ], [ -100.37985, 20.61336 ], [ -100.38026, 20.61384 ], [ -100.38045, 20.61429 ], [ -100.38057, 20.61477 ], [ -100.38072, 20.6158 ], [ -100.38086, 20.61621 ], [ -100.38111, 20.61648 ], [ -100.38154, 20.61683 ], [ -100.38216, 20.61727 ], [ -100.38246, 20.61772 ], [ -100.38256, 20.61811 ], [ -100.38265, 20.6189 ], [ -100.38277, 20.61936 ], [ -100.38299, 20.61971 ], [ -100.38327, 20.62 ], [ -100.38469, 20.6211 ], [ -100.38515, 20.62153 ], [ -100.38551, 20.62193 ], [ -100.38581, 20.62246 ], [ -100.38591, 20.62289 ], [ -100.38582, 20.62329 ], [ -100.38562, 20.62353 ], [ -100.38541, 20.62372 ], [ -100.38493, 20.62382 ], [ -100.37999, 20.6244 ], [ -100.37515, 20.62497 ], [ -100.37472, 20.6251 ], [ -100.37429, 20.62529 ], [ -100.37359, 20.62568 ], [ -100.37154, 20.62686 ], [ -100.36945, 20.62799 ], [ -100.36876, 20.62826 ], [ -100.3679, 20.62848 ], [ -100.3626, 20.62913 ], [ -100.36213, 20.62922 ], [ -100.36169, 20.6294 ], [ -100.36107, 20.62969 ], [ -100.35901, 20.63108 ], [ -100.35685, 20.63252 ], [ -100.35182, 20.6355 ], [ -100.34672, 20.63835 ], [ -100.34527, 20.63888 ], [ -100.34482, 20.63908 ], [ -100.34455, 20.63929 ], [ -100.34402, 20.63975 ], [ -100.34368, 20.64032 ], [ -100.34354, 20.64092 ], [ -100.34355, 20.6414 ], [ -100.34364, 20.64187 ], [ -100.34384, 20.64241 ], [ -100.34394, 20.64271 ], [ -100.34396, 20.643 ], [ -100.34392, 20.64391 ], [ -100.34362, 20.64946 ], [ -100.34314, 20.65006 ], [ -100.34291, 20.65009 ], [ -100.3423, 20.65005 ], [ -100.34225, 20.64994 ], [ -100.3421, 20.64985 ], [ -100.34222, 20.64823 ], [ -100.3423, 20.6473 ], [ -100.3416, 20.64721 ], [ -100.3407, 20.64718 ], [ -100.34003, 20.6471 ], [ -100.33978, 20.64704 ], [ -100.33841, 20.64694 ], [ -100.33744, 20.64696 ], [ -100.33797, 20.64831 ], [ -100.33825, 20.64942 ], [ -100.33837, 20.65028 ], [ -100.33848, 20.65097 ], [ -100.33853, 20.65145 ], [ -100.3389, 20.65251 ], [ -100.33915, 20.6532 ], [ -100.33914, 20.65367 ], [ -100.33901, 20.65541 ], [ -100.33896, 20.65713 ], [ -100.33892, 20.65926 ], [ -100.34036, 20.65934 ], [ -100.34035, 20.66027 ] ] } },
{ "type": "Feature", "properties": { "city": "Querétaro", "route_name": "54_Boulevares del Cimatario - El Tintero", "route_name_short": "Boulevares del Cimatario - El Tintero", "type": "Bus", "shape_id": "shape_2447" }, "geometry": { "type": "LineString", "coordinates": [ [ -100.39002, 20.54435 ], [ -100.38989, 20.54434 ], [ -100.39119, 20.54687 ], [ -100.39178, 20.54794 ], [ -100.3918, 20.54807 ], [ -100.39191, 20.54815 ], [ -100.39206, 20.54842 ], [ -100.39326, 20.55068 ], [ -100.3936, 20.55139 ], [ -100.39175, 20.55247 ], [ -100.39214, 20.55377 ], [ -100.3925, 20.55532 ], [ -100.39147, 20.55528 ], [ -100.39047, 20.55562 ], [ -100.38792, 20.55652 ], [ -100.3886, 20.5583 ], [ -100.38881, 20.55888 ], [ -100.38899, 20.55932 ], [ -100.38935, 20.56018 ], [ -100.38966, 20.56102 ], [ -100.38915, 20.56119 ], [ -100.39056, 20.56485 ], [ -100.38977, 20.56509 ], [ -100.38756, 20.5659 ], [ -100.38655, 20.56625 ], [ -100.38606, 20.5664 ], [ -100.38564, 20.56638 ], [ -100.38293, 20.56633 ], [ -100.38291, 20.56651 ], [ -100.38289, 20.56893 ], [ -100.38284, 20.57071 ], [ -100.38272, 20.57079 ], [ -100.38257, 20.57076 ], [ -100.38232, 20.57046 ], [ -100.38202, 20.57008 ], [ -100.38148, 20.56949 ], [ -100.3813, 20.56949 ], [ -100.38123, 20.56965 ], [ -100.38127, 20.56977 ], [ -100.38227, 20.57091 ], [ -100.38273, 20.57149 ], [ -100.38278, 20.57176 ], [ -100.38266, 20.57568 ], [ -100.38245, 20.57652 ], [ -100.38214, 20.57738 ], [ -100.38251, 20.57845 ], [ -100.38368, 20.58159 ], [ -100.38565, 20.58669 ], [ -100.38688, 20.59005 ], [ -100.38713, 20.58999 ], [ -100.38882, 20.58935 ], [ -100.39054, 20.58879 ], [ -100.39474, 20.58739 ], [ -100.39631, 20.58686 ], [ -100.40136, 20.58511 ], [ -100.40289, 20.58452 ], [ -100.40354, 20.58426 ], [ -100.40423, 20.58428 ], [ -100.4048, 20.58431 ], [ -100.40518, 20.58418 ], [ -100.40547, 20.5839 ], [ -100.40676, 20.58219 ], [ -100.40705, 20.58193 ], [ -100.40765, 20.58248 ], [ -100.41063, 20.58525 ], [ -100.41147, 20.58599 ], [ -100.41198, 20.58652 ], [ -100.4124, 20.58717 ], [ -100.41257, 20.58748 ], [ -100.41267, 20.58779 ], [ -100.41334, 20.5899 ], [ -100.41399, 20.59228 ], [ -100.41472, 20.59483 ], [ -100.41594, 20.59924 ], [ -100.41745, 20.60438 ], [ -100.41774, 20.60429 ], [ -100.41799, 20.60424 ], [ -100.41822, 20.60419 ], [ -100.41839, 20.6041 ], [ -100.41845, 20.60395 ], [ -100.41848, 20.6035 ], [ -100.42059, 20.603 ], [ -100.42128, 20.60308 ], [ -100.4216, 20.603 ], [ -100.42333, 20.60277 ], [ -100.4249, 20.60271 ], [ -100.42751, 20.60274 ], [ -100.42765, 20.60277 ], [ -100.42784, 20.6029 ], [ -100.42829, 20.60328 ], [ -100.42848, 20.60326 ], [ -100.42991, 20.60356 ], [ -100.43448, 20.60246 ], [ -100.43905, 20.60135 ], [ -100.44067, 20.60099 ], [ -100.44117, 20.60282 ], [ -100.4414, 20.60382 ], [ -100.43983, 20.60417 ], [ -100.44041, 20.60659 ], [ -100.44058, 20.60732 ], [ -100.44119, 20.60977 ], [ -100.44134, 20.61049 ], [ -100.44298, 20.61011 ], [ -100.44375, 20.60999 ], [ -100.44396, 20.61084 ], [ -100.44443, 20.6126 ], [ -100.44391, 20.61288 ], [ -100.44347, 20.61297 ], [ -100.44294, 20.6131 ], [ -100.44229, 20.61328 ], [ -100.44126, 20.61309 ], [ -100.44106, 20.61304 ], [ -100.44095, 20.61248 ], [ -100.44067, 20.6114 ], [ -100.44072, 20.61116 ], [ -100.44104, 20.6109 ], [ -100.44127, 20.61067 ], [ -100.44139, 20.61047 ], [ -100.44132, 20.61012 ], [ -100.44077, 20.60786 ], [ -100.44041, 20.60631 ], [ -100.44015, 20.60526 ], [ -100.43988, 20.60415 ], [ -100.43961, 20.60423 ], [ -100.43877, 20.6045 ], [ -100.43856, 20.60361 ], [ -100.43832, 20.60266 ], [ -100.42998, 20.60467 ], [ -100.42947, 20.60426 ], [ -100.42834, 20.60323 ], [ -100.42762, 20.60269 ], [ -100.42729, 20.60267 ], [ -100.42554, 20.60264 ], [ -100.42344, 20.60271 ], [ -100.42259, 20.60282 ], [ -100.42179, 20.60294 ], [ -100.42137, 20.60298 ], [ -100.42059, 20.60294 ], [ -100.4176, 20.60366 ], [ -100.41724, 20.60247 ], [ -100.41555, 20.59648 ], [ -100.41465, 20.5933 ], [ -100.4139, 20.59068 ], [ -100.41326, 20.5882 ], [ -100.41303, 20.58761 ], [ -100.41264, 20.58689 ], [ -100.4117, 20.58572 ], [ -100.40747, 20.58184 ], [ -100.4072, 20.58156 ], [ -100.40674, 20.58183 ], [ -100.40547, 20.58354 ], [ -100.40525, 20.58385 ], [ -100.40499, 20.58401 ], [ -100.40481, 20.58408 ], [ -100.40448, 20.58409 ], [ -100.40385, 20.58399 ], [ -100.40321, 20.58409 ], [ -100.40222, 20.5846 ], [ -100.40107, 20.58502 ], [ -100.39926, 20.5857 ], [ -100.39516, 20.58703 ], [ -100.39286, 20.5878 ], [ -100.39047, 20.58862 ], [ -100.38699, 20.58986 ], [ -100.38602, 20.58725 ], [ -100.38509, 20.58487 ], [ -100.38387, 20.58176 ], [ -100.38319, 20.57991 ], [ -100.3825, 20.57825 ], [ -100.38222, 20.57748 ], [ -100.38238, 20.57707 ], [ -100.38279, 20.57575 ], [ -100.38286, 20.57387 ], [ -100.38291, 20.57094 ], [ -100.38301, 20.56898 ], [ -100.3831, 20.567 ], [ -100.38559, 20.56712 ], [ -100.38632, 20.56701 ], [ -100.38676, 20.56681 ], [ -100.38717, 20.56777 ], [ -100.38778, 20.56757 ], [ -100.39109, 20.56632 ], [ -100.39107, 20.56621 ], [ -100.39161, 20.56601 ], [ -100.3909, 20.56419 ], [ -100.39015, 20.56218 ], [ -100.38937, 20.56012 ], [ -100.38914, 20.55941 ], [ -100.38872, 20.55824 ], [ -100.38806, 20.55654 ], [ -100.38805, 20.55631 ], [ -100.38795, 20.55609 ], [ -100.38857, 20.55561 ], [ -100.38921, 20.55503 ], [ -100.39014, 20.554 ], [ -100.39108, 20.55279 ], [ -100.39142, 20.55392 ], [ -100.39183, 20.5553 ], [ -100.39259, 20.55537 ], [ -100.39222, 20.55379 ], [ -100.39203, 20.55311 ], [ -100.39192, 20.55245 ], [ -100.39271, 20.55198 ], [ -100.39371, 20.55136 ], [ -100.39229, 20.54851 ], [ -100.39203, 20.54813 ], [ -100.39202, 20.54798 ], [ -100.3919, 20.54787 ], [ -100.39136, 20.54692 ], [ -100.39068, 20.54568 ], [ -100.38999, 20.54436 ] ] } },
{ "type": "Feature", "properties": { "city": "Querétaro", "route_name": "55_Socavón - Rancho Bella Vista", "route_name_short": "Socavón - Rancho Bella Vista", "type": "Bus", "shape_id": "shape_2448" }, "geometry": { "type": "LineString", "coordinates": [ [ -100.31983, 20.61716 ], [ -100.32028, 20.61684 ], [ -100.32073, 20.61661 ], [ -100.32121, 20.61647 ], [ -100.32148, 20.61639 ], [ -100.32311, 20.61621 ], [ -100.32376, 20.61591 ], [ -100.32429, 20.61557 ], [ -100.3249, 20.61498 ], [ -100.32556, 20.61442 ], [ -100.3259, 20.61413 ], [ -100.32626, 20.6137 ], [ -100.32686, 20.61294 ], [ -100.32758, 20.61211 ], [ -100.32813, 20.61134 ], [ -100.32932, 20.61002 ], [ -100.33036, 20.60949 ], [ -100.33095, 20.60937 ], [ -100.33169, 20.60932 ], [ -100.33251, 20.60926 ], [ -100.33371, 20.60925 ], [ -100.33456, 20.60933 ], [ -100.33599, 20.60967 ], [ -100.33631, 20.60969 ], [ -100.33663, 20.60969 ], [ -100.33695, 20.60967 ], [ -100.33725, 20.60962 ], [ -100.33835, 20.60935 ], [ -100.33932, 20.60902 ], [ -100.34087, 20.6083 ], [ -100.34277, 20.60687 ], [ -100.34322, 20.6065 ], [ -100.34399, 20.60609 ], [ -100.34488, 20.60589 ], [ -100.34475, 20.60529 ], [ -100.34453, 20.6046 ], [ -100.34409, 20.6035 ], [ -100.34433, 20.60343 ], [ -100.34484, 20.60333 ], [ -100.34529, 20.60319 ], [ -100.3462, 20.60286 ], [ -100.34699, 20.60249 ], [ -100.34759, 20.6022 ], [ -100.34845, 20.60189 ], [ -100.34897, 20.60172 ], [ -100.34954, 20.60153 ], [ -100.35041, 20.60118 ], [ -100.35114, 20.60072 ], [ -100.35158, 20.60049 ], [ -100.3521, 20.60027 ], [ -100.35255, 20.6001 ], [ -100.35302, 20.59998 ], [ -100.35346, 20.59984 ], [ -100.35396, 20.59957 ], [ -100.35491, 20.59911 ], [ -100.35537, 20.59897 ], [ -100.35577, 20.59875 ], [ -100.35622, 20.59874 ], [ -100.35659, 20.59876 ], [ -100.35697, 20.59897 ], [ -100.35751, 20.5992 ], [ -100.35764, 20.5994 ], [ -100.35791, 20.59958 ], [ -100.35917, 20.60003 ], [ -100.36086, 20.60067 ], [ -100.36116, 20.60077 ], [ -100.36154, 20.60087 ], [ -100.36225, 20.60091 ], [ -100.36285, 20.60115 ], [ -100.36354, 20.60146 ], [ -100.36387, 20.60156 ], [ -100.36504, 20.60173 ], [ -100.3663, 20.60182 ], [ -100.36687, 20.60175 ], [ -100.3673, 20.60155 ], [ -100.36901, 20.60057 ], [ -100.3694, 20.60031 ], [ -100.36969, 20.60005 ], [ -100.3699, 20.5998 ], [ -100.36999, 20.59954 ], [ -100.37007, 20.59918 ], [ -100.37025, 20.5983 ], [ -100.37159, 20.5973 ], [ -100.37455, 20.59517 ], [ -100.37735, 20.59313 ], [ -100.37873, 20.59211 ], [ -100.37903, 20.59197 ], [ -100.37928, 20.59182 ], [ -100.37986, 20.5916 ], [ -100.38036, 20.59156 ], [ -100.38154, 20.59147 ], [ -100.38208, 20.59143 ], [ -100.3823, 20.59155 ], [ -100.38244, 20.59156 ], [ -100.3826, 20.59152 ], [ -100.38273, 20.59141 ], [ -100.38287, 20.59138 ], [ -100.38391, 20.59113 ], [ -100.38512, 20.59068 ], [ -100.38744, 20.58984 ], [ -100.38913, 20.58926 ], [ -100.39023, 20.58886 ], [ -100.39482, 20.58734 ], [ -100.39643, 20.58681 ], [ -100.40192, 20.58491 ], [ -100.40321, 20.58436 ], [ -100.40378, 20.58421 ], [ -100.40452, 20.58432 ], [ -100.4051, 20.58422 ], [ -100.40537, 20.58403 ], [ -100.4056, 20.58373 ], [ -100.40627, 20.58282 ], [ -100.40666, 20.58228 ], [ -100.40705, 20.5819 ], [ -100.40808, 20.58289 ], [ -100.41019, 20.58482 ], [ -100.41108, 20.58568 ], [ -100.41209, 20.58674 ], [ -100.41255, 20.58744 ], [ -100.41283, 20.5881 ], [ -100.41388, 20.59196 ], [ -100.41471, 20.59472 ], [ -100.41599, 20.59935 ], [ -100.41743, 20.60436 ], [ -100.4178, 20.60429 ], [ -100.41808, 20.60423 ], [ -100.4183, 20.60416 ], [ -100.41844, 20.60402 ], [ -100.4185, 20.60382 ], [ -100.41844, 20.60361 ], [ -100.41855, 20.60346 ], [ -100.42067, 20.603 ], [ -100.42122, 20.60307 ], [ -100.42167, 20.60298 ], [ -100.4238, 20.60275 ], [ -100.42567, 20.60271 ], [ -100.42743, 20.60271 ], [ -100.42773, 20.60279 ], [ -100.42817, 20.60318 ], [ -100.4289, 20.60381 ], [ -100.4304, 20.60502 ], [ -100.43134, 20.60548 ], [ -100.43201, 20.60596 ], [ -100.43329, 20.6071 ], [ -100.43358, 20.6075 ], [ -100.43382, 20.60781 ], [ -100.43424, 20.60847 ], [ -100.43438, 20.60885 ], [ -100.43451, 20.60927 ], [ -100.4348, 20.61 ], [ -100.4351, 20.61063 ], [ -100.43631, 20.61033 ], [ -100.44109, 20.60922 ], [ -100.44135, 20.61045 ], [ -100.44059, 20.6112 ], [ -100.44055, 20.61136 ], [ -100.44059, 20.61157 ], [ -100.44091, 20.61287 ], [ -100.44079, 20.61305 ], [ -100.44104, 20.61308 ], [ -100.44179, 20.61321 ], [ -100.44233, 20.61328 ], [ -100.44356, 20.613 ], [ -100.44406, 20.61284 ], [ -100.44446, 20.61263 ], [ -100.44484, 20.61262 ], [ -100.44502, 20.61252 ], [ -100.44661, 20.61153 ], [ -100.44723, 20.61129 ], [ -100.44795, 20.61099 ], [ -100.44813, 20.61071 ], [ -100.4482, 20.60994 ], [ -100.44827, 20.60957 ], [ -100.44847, 20.60902 ], [ -100.44938, 20.60717 ], [ -100.44995, 20.60662 ], [ -100.45046, 20.60626 ], [ -100.45067, 20.60597 ], [ -100.45017, 20.60589 ], [ -100.44967, 20.60592 ], [ -100.44924, 20.60596 ], [ -100.44931, 20.60658 ], [ -100.4493, 20.60716 ], [ -100.44845, 20.6089 ], [ -100.44821, 20.60952 ], [ -100.44807, 20.61068 ], [ -100.44794, 20.61092 ], [ -100.44766, 20.61105 ], [ -100.44702, 20.61133 ], [ -100.44624, 20.61164 ], [ -100.44514, 20.61235 ], [ -100.44478, 20.61256 ], [ -100.4446, 20.6126 ], [ -100.44442, 20.61255 ], [ -100.44417, 20.61273 ], [ -100.44383, 20.61288 ], [ -100.44304, 20.61305 ], [ -100.44228, 20.61323 ], [ -100.44139, 20.61309 ], [ -100.44109, 20.61302 ], [ -100.44081, 20.613 ], [ -100.44055, 20.61303 ], [ -100.43846, 20.61341 ], [ -100.43764, 20.61359 ], [ -100.43679, 20.61412 ], [ -100.43627, 20.61446 ], [ -100.43584, 20.61256 ], [ -100.43575, 20.61215 ], [ -100.43556, 20.6115 ], [ -100.43504, 20.61038 ], [ -100.43454, 20.6092 ], [ -100.43428, 20.60841 ], [ -100.43377, 20.60764 ], [ -100.43343, 20.60719 ], [ -100.43308, 20.60681 ], [ -100.43191, 20.60577 ], [ -100.43098, 20.60525 ], [ -100.43038, 20.60493 ], [ -100.4295, 20.60424 ], [ -100.42769, 20.60269 ], [ -100.42505, 20.60267 ], [ -100.42323, 20.60272 ], [ -100.42142, 20.60296 ], [ -100.42049, 20.60295 ], [ -100.41829, 20.6035 ], [ -100.41758, 20.60364 ], [ -100.41635, 20.59923 ], [ -100.41544, 20.59605 ], [ -100.41486, 20.59405 ], [ -100.41435, 20.59213 ], [ -100.41353, 20.58932 ], [ -100.41331, 20.58839 ], [ -100.41298, 20.58741 ], [ -100.41221, 20.58621 ], [ -100.41052, 20.58458 ], [ -100.4084, 20.58267 ], [ -100.40723, 20.58157 ], [ -100.40674, 20.58182 ], [ -100.40614, 20.58269 ], [ -100.40542, 20.58365 ], [ -100.40521, 20.58387 ], [ -100.40494, 20.58405 ], [ -100.40461, 20.58412 ], [ -100.40431, 20.5841 ], [ -100.40394, 20.58402 ], [ -100.40366, 20.58401 ], [ -100.40309, 20.58414 ], [ -100.40218, 20.58464 ], [ -100.39981, 20.58547 ], [ -100.39679, 20.58651 ], [ -100.39528, 20.58705 ], [ -100.39064, 20.58855 ], [ -100.3873, 20.58973 ], [ -100.3862, 20.59013 ], [ -100.38433, 20.5908 ], [ -100.38367, 20.59103 ], [ -100.38287, 20.59123 ], [ -100.38271, 20.59123 ], [ -100.38262, 20.59116 ], [ -100.38248, 20.59112 ], [ -100.3823, 20.59116 ], [ -100.38206, 20.5913 ], [ -100.38087, 20.59141 ], [ -100.37961, 20.59151 ], [ -100.37886, 20.59183 ], [ -100.37836, 20.5922 ], [ -100.37737, 20.59292 ], [ -100.3743, 20.59517 ], [ -100.37117, 20.59742 ], [ -100.37019, 20.59814 ], [ -100.37014, 20.5985 ], [ -100.36993, 20.5995 ], [ -100.36983, 20.59977 ], [ -100.36967, 20.6 ], [ -100.36921, 20.60036 ], [ -100.36769, 20.60129 ], [ -100.36715, 20.60155 ], [ -100.3668, 20.60172 ], [ -100.36635, 20.60176 ], [ -100.36489, 20.60168 ], [ -100.36378, 20.60151 ], [ -100.36269, 20.60102 ], [ -100.36223, 20.60089 ], [ -100.36151, 20.60083 ], [ -100.36079, 20.60062 ], [ -100.35884, 20.59985 ], [ -100.35781, 20.59949 ], [ -100.35767, 20.59933 ], [ -100.35759, 20.59919 ], [ -100.35707, 20.59896 ], [ -100.35663, 20.59874 ], [ -100.3563, 20.59869 ], [ -100.35578, 20.59868 ], [ -100.35529, 20.59894 ], [ -100.35476, 20.59911 ], [ -100.35389, 20.59954 ], [ -100.35351, 20.59976 ], [ -100.35297, 20.59996 ], [ -100.3524, 20.60009 ], [ -100.35177, 20.60034 ], [ -100.35092, 20.60078 ], [ -100.35031, 20.60118 ], [ -100.34931, 20.60157 ], [ -100.34836, 20.60188 ], [ -100.34756, 20.60216 ], [ -100.34647, 20.60269 ], [ -100.34516, 20.60317 ], [ -100.34469, 20.60332 ], [ -100.34433, 20.60335 ], [ -100.34403, 20.60346 ], [ -100.34463, 20.60504 ], [ -100.3448, 20.60586 ], [ -100.34404, 20.60602 ], [ -100.34301, 20.60659 ], [ -100.34084, 20.60826 ], [ -100.33921, 20.60902 ], [ -100.33826, 20.6093 ], [ -100.33721, 20.60956 ], [ -100.33694, 20.60964 ], [ -100.33667, 20.60966 ], [ -100.33608, 20.60965 ], [ -100.33453, 20.60929 ], [ -100.33387, 20.60922 ], [ -100.33276, 20.60924 ], [ -100.33128, 20.6093 ], [ -100.33083, 20.60934 ], [ -100.33034, 20.60943 ], [ -100.32921, 20.61 ], [ -100.32823, 20.61113 ], [ -100.32755, 20.61204 ], [ -100.32682, 20.61289 ], [ -100.32625, 20.61368 ], [ -100.32592, 20.61403 ], [ -100.32552, 20.61435 ], [ -100.32493, 20.61492 ], [ -100.3242, 20.61553 ], [ -100.32367, 20.61591 ], [ -100.32308, 20.61615 ], [ -100.32142, 20.61635 ], [ -100.32083, 20.61653 ], [ -100.32038, 20.61674 ], [ -100.31991, 20.61703 ], [ -100.31952, 20.61734 ], [ -100.3192, 20.61768 ], [ -100.31925, 20.61769 ], [ -100.31982, 20.61716 ] ] } },
{ "type": "Feature", "properties": { "city": "Querétaro", "route_name": "58_Boulevares del Cimatario - Las Teresas", "route_name_short": "Boulevares del Cimatario - Las Teresas", "type": "Bus", "shape_id": "shape_2450" }, "geometry": { "type": "LineString", "coordinates": [ [ -100.43283, 20.59381 ], [ -100.42978, 20.59412 ], [ -100.4274, 20.59439 ], [ -100.42689, 20.59444 ], [ -100.42611, 20.59442 ], [ -100.42473, 20.59443 ], [ -100.42319, 20.59454 ], [ -100.41998, 20.59483 ], [ -100.4182, 20.595 ], [ -100.41664, 20.59514 ], [ -100.41518, 20.59522 ], [ -100.4143, 20.59202 ], [ -100.41326, 20.58829 ], [ -100.41303, 20.58762 ], [ -100.41264, 20.58688 ], [ -100.41202, 20.58604 ], [ -100.4109, 20.58498 ], [ -100.40725, 20.58157 ], [ -100.40683, 20.58176 ], [ -100.4055, 20.58355 ], [ -100.40526, 20.58383 ], [ -100.40491, 20.58406 ], [ -100.4045, 20.58406 ], [ -100.40384, 20.58402 ], [ -100.40353, 20.584 ], [ -100.40309, 20.58417 ], [ -100.40215, 20.58466 ], [ -100.40109, 20.58506 ], [ -100.39889, 20.58583 ], [ -100.39684, 20.58649 ], [ -100.39516, 20.58703 ], [ -100.39036, 20.58865 ], [ -100.38912, 20.58599 ], [ -100.38886, 20.58578 ], [ -100.38788, 20.58336 ], [ -100.38697, 20.58093 ], [ -100.38586, 20.57809 ], [ -100.38469, 20.57504 ], [ -100.38469, 20.57487 ], [ -100.38475, 20.57471 ], [ -100.38497, 20.57461 ], [ -100.38736, 20.57399 ], [ -100.38972, 20.57335 ], [ -100.39313, 20.57254 ], [ -100.39496, 20.5721 ], [ -100.39546, 20.57194 ], [ -100.39425, 20.56841 ], [ -100.39272, 20.5641 ], [ -100.39098, 20.55934 ], [ -100.39155, 20.5592 ], [ -100.39033, 20.55606 ], [ -100.39152, 20.55566 ], [ -100.39143, 20.55533 ], [ -100.39252, 20.55536 ], [ -100.39274, 20.55526 ], [ -100.39293, 20.55525 ], [ -100.3937, 20.55523 ], [ -100.39472, 20.55519 ], [ -100.39571, 20.5551 ], [ -100.39425, 20.55235 ], [ -100.39328, 20.55047 ], [ -100.39236, 20.54868 ], [ -100.39203, 20.54813 ], [ -100.39201, 20.54797 ], [ -100.39191, 20.54787 ], [ -100.39164, 20.54741 ], [ -100.39073, 20.54583 ], [ -100.38999, 20.54435 ], [ -100.38989, 20.5444 ], [ -100.39074, 20.54598 ], [ -100.39165, 20.54767 ], [ -100.39177, 20.54787 ], [ -100.3918, 20.54804 ], [ -100.39193, 20.54815 ], [ -100.39223, 20.54876 ], [ -100.39367, 20.55148 ], [ -100.39506, 20.55418 ], [ -100.39602, 20.55597 ], [ -100.39744, 20.55875 ], [ -100.39306, 20.55866 ], [ -100.3926, 20.55887 ], [ -100.39219, 20.55895 ], [ -100.39238, 20.55956 ], [ -100.39322, 20.56179 ], [ -100.39331, 20.56216 ], [ -100.39418, 20.56528 ], [ -100.39481, 20.56807 ], [ -100.39228, 20.56883 ], [ -100.39211, 20.56893 ], [ -100.39305, 20.57149 ], [ -100.38963, 20.57237 ], [ -100.38677, 20.57308 ], [ -100.38569, 20.5733 ], [ -100.38551, 20.57277 ], [ -100.38465, 20.57072 ], [ -100.38302, 20.56878 ], [ -100.38308, 20.56795 ], [ -100.38316, 20.56635 ], [ -100.38296, 20.56634 ], [ -100.38284, 20.57008 ], [ -100.38278, 20.57077 ], [ -100.38264, 20.57076 ], [ -100.38187, 20.56994 ], [ -100.38148, 20.56948 ], [ -100.38134, 20.56947 ], [ -100.38123, 20.56954 ], [ -100.38121, 20.56971 ], [ -100.38213, 20.57079 ], [ -100.38277, 20.57154 ], [ -100.38274, 20.57324 ], [ -100.38268, 20.5749 ], [ -100.38264, 20.57553 ], [ -100.38259, 20.57602 ], [ -100.38219, 20.5774 ], [ -100.3824, 20.5782 ], [ -100.38261, 20.57866 ], [ -100.38272, 20.5791 ], [ -100.38425, 20.58306 ], [ -100.3856, 20.58661 ], [ -100.38686, 20.59004 ], [ -100.3885, 20.58948 ], [ -100.39022, 20.58886 ], [ -100.39474, 20.58737 ], [ -100.39635, 20.58684 ], [ -100.39864, 20.58604 ], [ -100.40093, 20.58528 ], [ -100.40252, 20.58469 ], [ -100.40327, 20.58429 ], [ -100.40365, 20.5842 ], [ -100.40393, 20.5842 ], [ -100.40462, 20.58429 ], [ -100.40499, 20.58423 ], [ -100.40528, 20.58412 ], [ -100.40557, 20.58378 ], [ -100.40588, 20.58335 ], [ -100.40651, 20.58249 ], [ -100.40678, 20.58215 ], [ -100.40705, 20.5819 ], [ -100.41029, 20.5849 ], [ -100.41189, 20.58643 ], [ -100.41231, 20.587 ], [ -100.41262, 20.58753 ], [ -100.41286, 20.58836 ], [ -100.41317, 20.58951 ], [ -100.41395, 20.59207 ], [ -100.4145, 20.59403 ], [ -100.41484, 20.59535 ], [ -100.41535, 20.59528 ], [ -100.41607, 20.59521 ], [ -100.41781, 20.5951 ], [ -100.41974, 20.5949 ], [ -100.4232, 20.59459 ], [ -100.42488, 20.59446 ], [ -100.42584, 20.59447 ], [ -100.42695, 20.59449 ], [ -100.42771, 20.5944 ], [ -100.4279, 20.59539 ], [ -100.42812, 20.5963 ], [ -100.43044, 20.596 ], [ -100.43064, 20.59699 ], [ -100.43078, 20.59769 ], [ -100.43014, 20.5978 ], [ -100.43001, 20.59781 ], [ -100.42999, 20.59864 ], [ -100.42998, 20.59948 ], [ -100.43007, 20.5999 ], [ -100.43387, 20.59978 ], [ -100.43526, 20.59974 ], [ -100.43507, 20.59899 ], [ -100.43495, 20.59841 ], [ -100.43476, 20.59535 ], [ -100.43469, 20.59469 ], [ -100.43455, 20.594 ], [ -100.43447, 20.59385 ], [ -100.43438, 20.59376 ], [ -100.43425, 20.59366 ], [ -100.43284, 20.5938 ] ] } },
{ "type": "Feature", "properties": { "city": "Querétaro", "route_name": "56_Col. Praderas del Sol - Santa María Magdalena", "route_name_short": "Col. Praderas del Sol - Santa María Magdalena", "type": "Bus", "shape_id": "shape_2449" }, "geometry": { "type": "LineString", "coordinates": [ [ -100.44667, 20.59793 ], [ -100.44739, 20.59787 ], [ -100.4466, 20.59288 ], [ -100.45006, 20.59316 ], [ -100.45021, 20.59134 ], [ -100.45038, 20.59105 ], [ -100.45065, 20.59075 ], [ -100.44997, 20.59064 ], [ -100.44903, 20.59058 ], [ -100.44714, 20.59027 ], [ -100.44527, 20.59009 ], [ -100.44123, 20.5896 ], [ -100.4406, 20.58959 ], [ -100.43898, 20.58964 ], [ -100.43708, 20.58973 ], [ -100.43228, 20.59002 ], [ -100.43086, 20.59007 ], [ -100.42938, 20.58994 ], [ -100.42802, 20.58972 ], [ -100.42456, 20.58898 ], [ -100.42131, 20.5882 ], [ -100.41765, 20.58735 ], [ -100.41417, 20.58651 ], [ -100.4127, 20.58619 ], [ -100.41224, 20.5862 ], [ -100.41189, 20.58641 ], [ -100.41233, 20.58705 ], [ -100.41258, 20.5875 ], [ -100.41287, 20.58834 ], [ -100.41319, 20.58952 ], [ -100.41312, 20.58963 ], [ -100.41293, 20.58969 ], [ -100.41256, 20.58958 ], [ -100.41096, 20.58938 ], [ -100.4092, 20.58921 ], [ -100.40849, 20.58934 ], [ -100.40719, 20.58961 ], [ -100.40494, 20.59045 ], [ -100.40318, 20.5912 ], [ -100.40169, 20.5917 ], [ -100.40064, 20.58848 ], [ -100.39969, 20.586 ], [ -100.39954, 20.58559 ], [ -100.39679, 20.58651 ], [ -100.39538, 20.58699 ], [ -100.3929, 20.58781 ], [ -100.39035, 20.58865 ], [ -100.38925, 20.58626 ], [ -100.38908, 20.58598 ], [ -100.38892, 20.58583 ], [ -100.38873, 20.5855 ], [ -100.38702, 20.58117 ], [ -100.38586, 20.57805 ], [ -100.38467, 20.57507 ], [ -100.38471, 20.57482 ], [ -100.38491, 20.57462 ], [ -100.38569, 20.57443 ], [ -100.38581, 20.5743 ], [ -100.3859, 20.57406 ], [ -100.38589, 20.57386 ], [ -100.38584, 20.57371 ], [ -100.38507, 20.57176 ], [ -100.3847, 20.57078 ], [ -100.38409, 20.57005 ], [ -100.38304, 20.56879 ], [ -100.38317, 20.56499 ], [ -100.38339, 20.55835 ], [ -100.3834, 20.55727 ], [ -100.38322, 20.55716 ], [ -100.38318, 20.55804 ], [ -100.38313, 20.5581 ], [ -100.38278, 20.55828 ], [ -100.38265, 20.55834 ], [ -100.38231, 20.5586 ], [ -100.38093, 20.55969 ], [ -100.37941, 20.55804 ], [ -100.37824, 20.55896 ], [ -100.377, 20.55757 ], [ -100.37475, 20.55836 ], [ -100.37265, 20.55903 ], [ -100.37252, 20.55894 ], [ -100.37202, 20.5584 ], [ -100.3713, 20.55765 ], [ -100.36997, 20.55629 ], [ -100.37227, 20.55419 ], [ -100.37356, 20.55308 ], [ -100.37474, 20.55194 ], [ -100.37466, 20.55174 ], [ -100.37333, 20.55304 ], [ -100.37226, 20.55396 ], [ -100.36976, 20.55616 ], [ -100.37221, 20.55865 ], [ -100.37263, 20.5591 ], [ -100.3747, 20.55842 ], [ -100.37698, 20.55764 ], [ -100.37737, 20.55813 ], [ -100.37821, 20.55906 ], [ -100.37942, 20.55812 ], [ -100.38092, 20.55976 ], [ -100.3818, 20.55906 ], [ -100.38244, 20.55855 ], [ -100.3829, 20.55823 ], [ -100.38318, 20.55819 ], [ -100.38318, 20.55915 ], [ -100.38311, 20.56099 ], [ -100.38304, 20.56349 ], [ -100.38296, 20.56607 ], [ -100.38289, 20.56783 ], [ -100.38282, 20.57069 ], [ -100.38274, 20.57077 ], [ -100.38258, 20.57077 ], [ -100.3822, 20.57031 ], [ -100.38184, 20.56986 ], [ -100.38148, 20.56947 ], [ -100.3813, 20.5695 ], [ -100.38121, 20.56954 ], [ -100.38125, 20.56976 ], [ -100.38182, 20.57041 ], [ -100.38238, 20.57106 ], [ -100.38276, 20.57147 ], [ -100.38277, 20.5724 ], [ -100.3827, 20.57416 ], [ -100.38267, 20.57512 ], [ -100.38261, 20.57603 ], [ -100.38216, 20.57736 ], [ -100.38244, 20.57825 ], [ -100.38291, 20.57956 ], [ -100.38412, 20.58269 ], [ -100.38562, 20.58662 ], [ -100.38661, 20.58926 ], [ -100.38689, 20.59008 ], [ -100.38712, 20.58998 ], [ -100.39028, 20.58885 ], [ -100.39327, 20.58785 ], [ -100.39635, 20.58684 ], [ -100.40182, 20.58492 ], [ -100.40201, 20.58498 ], [ -100.40231, 20.58512 ], [ -100.40315, 20.58687 ], [ -100.40486, 20.59054 ], [ -100.40622, 20.59004 ], [ -100.40719, 20.58966 ], [ -100.40824, 20.58943 ], [ -100.40897, 20.5893 ], [ -100.40937, 20.58928 ], [ -100.4101, 20.58931 ], [ -100.40968, 20.58827 ], [ -100.40899, 20.58649 ], [ -100.41069, 20.58586 ], [ -100.41117, 20.58572 ], [ -100.41165, 20.58614 ], [ -100.4119, 20.58639 ], [ -100.41213, 20.58625 ], [ -100.413, 20.58636 ], [ -100.41361, 20.58649 ], [ -100.41906, 20.58776 ], [ -100.42639, 20.5895 ], [ -100.42822, 20.58992 ], [ -100.42931, 20.59004 ], [ -100.43035, 20.59015 ], [ -100.4323, 20.59009 ], [ -100.43706, 20.58981 ], [ -100.43957, 20.58969 ], [ -100.44057, 20.58972 ], [ -100.44142, 20.58976 ], [ -100.44385, 20.59003 ], [ -100.45023, 20.59078 ], [ -100.45051, 20.59086 ], [ -100.45031, 20.59107 ], [ -100.4502, 20.5913 ], [ -100.45, 20.59311 ], [ -100.44869, 20.59302 ], [ -100.44654, 20.59281 ], [ -100.44558, 20.59274 ], [ -100.44668, 20.59791 ] ] } },
{ "type": "Feature", "properties": { "city": "Querétaro", "route_name": "59_Col. Praderas del Sol - Fracc. Vistana", "route_name_short": "Col. Praderas del Sol - Fracc. Vistana", "type": "Bus", "shape_id": "shape_2482" }, "geometry": { "type": "LineString", "coordinates": [ [ -100.39377, 20.65403 ], [ -100.39309, 20.65392 ], [ -100.39261, 20.65413 ], [ -100.39228, 20.6542 ], [ -100.39184, 20.6541 ], [ -100.38979, 20.65379 ], [ -100.38951, 20.65515 ], [ -100.38918, 20.6571 ], [ -100.3892, 20.65719 ], [ -100.38928, 20.65724 ], [ -100.39305, 20.65749 ], [ -100.39366, 20.65406 ], [ -100.39557, 20.65435 ], [ -100.39913, 20.65494 ], [ -100.40087, 20.65523 ], [ -100.40325, 20.65562 ], [ -100.40373, 20.65284 ], [ -100.40442, 20.64907 ], [ -100.40451, 20.64863 ], [ -100.40726, 20.64911 ], [ -100.40847, 20.6493 ], [ -100.40877, 20.64928 ], [ -100.41011, 20.64911 ], [ -100.41366, 20.64872 ], [ -100.41613, 20.64844 ], [ -100.4162, 20.64678 ], [ -100.41627, 20.64572 ], [ -100.41626, 20.64538 ], [ -100.41624, 20.64504 ], [ -100.41589, 20.6435 ], [ -100.41538, 20.64123 ], [ -100.41528, 20.64063 ], [ -100.4151, 20.63945 ], [ -100.41481, 20.63743 ], [ -100.41462, 20.63639 ], [ -100.4145, 20.63584 ], [ -100.414, 20.63422 ], [ -100.4136, 20.63276 ], [ -100.41349, 20.63227 ], [ -100.41333, 20.63146 ], [ -100.41314, 20.63014 ], [ -100.41283, 20.62839 ], [ -100.41269, 20.62722 ], [ -100.41252, 20.62588 ], [ -100.41239, 20.62495 ], [ -100.412, 20.62384 ], [ -100.41111, 20.62147 ], [ -100.41106, 20.62128 ], [ -100.41103, 20.62101 ], [ -100.41097, 20.62068 ], [ -100.41096, 20.62041 ], [ -100.41106, 20.62021 ], [ -100.41136, 20.62003 ], [ -100.4116, 20.61993 ], [ -100.4119, 20.61996 ], [ -100.41406, 20.62062 ], [ -100.41592, 20.62116 ], [ -100.41871, 20.62161 ], [ -100.4203, 20.62185 ], [ -100.42368, 20.62235 ], [ -100.42379, 20.62256 ], [ -100.42382, 20.62267 ], [ -100.42373, 20.62289 ], [ -100.4235, 20.62299 ], [ -100.4233, 20.62295 ], [ -100.42318, 20.62283 ], [ -100.42299, 20.62265 ], [ -100.42268, 20.62196 ], [ -100.42242, 20.62109 ], [ -100.42221, 20.62032 ], [ -100.42218, 20.62005 ], [ -100.42179, 20.6185 ], [ -100.42142, 20.6171 ], [ -100.42072, 20.6147 ], [ -100.41998, 20.61194 ], [ -100.41921, 20.6093 ], [ -100.41848, 20.60681 ], [ -100.41788, 20.60464 ], [ -100.41708, 20.60188 ], [ -100.41646, 20.59967 ], [ -100.41571, 20.59704 ], [ -100.41503, 20.59462 ], [ -100.4144, 20.59238 ], [ -100.41376, 20.59006 ], [ -100.4132, 20.58807 ], [ -100.41297, 20.58749 ], [ -100.41274, 20.58705 ], [ -100.41214, 20.58618 ], [ -100.41028, 20.5844 ], [ -100.40725, 20.58157 ], [ -100.40704, 20.58166 ], [ -100.4067, 20.58186 ], [ -100.40641, 20.58228 ], [ -100.40588, 20.583 ], [ -100.40549, 20.5836 ], [ -100.40519, 20.5839 ], [ -100.40488, 20.58408 ], [ -100.40452, 20.58411 ], [ -100.4041, 20.58403 ], [ -100.40374, 20.584 ], [ -100.40343, 20.58404 ], [ -100.40304, 20.58417 ], [ -100.40249, 20.58448 ], [ -100.40206, 20.58471 ], [ -100.40064, 20.58521 ], [ -100.39793, 20.58616 ], [ -100.39653, 20.58662 ], [ -100.39598, 20.58452 ], [ -100.3956, 20.58324 ], [ -100.3947, 20.58369 ], [ -100.39384, 20.58405 ], [ -100.38978, 20.5855 ], [ -100.38889, 20.5858 ], [ -100.38855, 20.58508 ], [ -100.38716, 20.58145 ], [ -100.38599, 20.57843 ], [ -100.38512, 20.57618 ], [ -100.3847, 20.57507 ], [ -100.38471, 20.57486 ], [ -100.38481, 20.57468 ], [ -100.38504, 20.57458 ], [ -100.38571, 20.57445 ], [ -100.38588, 20.57416 ], [ -100.38594, 20.57395 ], [ -100.38577, 20.57355 ], [ -100.38567, 20.5732 ], [ -100.38489, 20.57137 ], [ -100.3847, 20.57081 ], [ -100.38444, 20.57045 ], [ -100.38377, 20.56965 ], [ -100.38301, 20.56881 ], [ -100.38308, 20.56762 ], [ -100.38315, 20.56499 ], [ -100.38324, 20.56254 ], [ -100.38338, 20.55915 ], [ -100.38348, 20.55428 ], [ -100.38359, 20.55134 ], [ -100.3837, 20.54779 ], [ -100.38375, 20.54659 ], [ -100.38349, 20.54669 ], [ -100.38215, 20.5473 ], [ -100.38014, 20.5482 ], [ -100.37878, 20.54884 ], [ -100.3774, 20.54946 ], [ -100.37714, 20.54957 ], [ -100.37674, 20.54983 ], [ -100.37644, 20.55001 ], [ -100.37591, 20.55047 ], [ -100.37564, 20.55084 ], [ -100.37569, 20.5508 ], [ -100.37613, 20.55031 ], [ -100.37655, 20.54998 ], [ -100.37681, 20.54991 ], [ -100.37729, 20.54979 ], [ -100.37748, 20.55047 ], [ -100.37764, 20.55101 ], [ -100.37782, 20.55125 ], [ -100.37888, 20.55262 ], [ -100.37912, 20.55245 ], [ -100.37916, 20.5523 ], [ -100.37923, 20.5487 ], [ -100.38256, 20.54716 ], [ -100.38356, 20.54674 ], [ -100.38345, 20.54979 ], [ -100.38332, 20.55392 ], [ -100.38327, 20.55642 ], [ -100.38321, 20.5576 ], [ -100.38321, 20.55879 ], [ -100.38319, 20.55934 ], [ -100.38307, 20.56244 ], [ -100.38291, 20.56795 ], [ -100.3828, 20.57071 ], [ -100.38273, 20.57081 ], [ -100.38255, 20.57072 ], [ -100.38203, 20.57014 ], [ -100.38151, 20.56948 ], [ -100.38138, 20.56946 ], [ -100.38126, 20.5695 ], [ -100.38122, 20.56966 ], [ -100.38126, 20.56981 ], [ -100.38272, 20.57145 ], [ -100.38278, 20.57158 ], [ -100.38279, 20.57177 ], [ -100.38276, 20.57238 ], [ -100.3827, 20.57506 ], [ -100.38266, 20.57576 ], [ -100.38261, 20.57612 ], [ -100.38243, 20.57664 ], [ -100.38218, 20.5773 ], [ -100.38215, 20.57751 ], [ -100.38224, 20.57775 ], [ -100.3826, 20.57868 ], [ -100.38271, 20.57909 ], [ -100.38367, 20.58158 ], [ -100.38491, 20.58474 ], [ -100.38581, 20.58715 ], [ -100.38628, 20.58839 ], [ -100.38641, 20.58835 ], [ -100.38596, 20.58709 ], [ -100.3885, 20.58614 ], [ -100.39029, 20.5855 ], [ -100.39361, 20.58431 ], [ -100.39492, 20.58376 ], [ -100.39552, 20.58343 ], [ -100.39706, 20.58249 ], [ -100.39821, 20.58174 ], [ -100.39916, 20.58091 ], [ -100.40012, 20.58204 ], [ -100.40196, 20.58438 ], [ -100.40221, 20.58483 ], [ -100.40289, 20.58449 ], [ -100.40325, 20.58434 ], [ -100.40361, 20.58424 ], [ -100.404, 20.58422 ], [ -100.40445, 20.58431 ], [ -100.40479, 20.58429 ], [ -100.40509, 20.58421 ], [ -100.40541, 20.58398 ], [ -100.40579, 20.58351 ], [ -100.4067, 20.58228 ], [ -100.40698, 20.58195 ], [ -100.40711, 20.5819 ], [ -100.40834, 20.58316 ], [ -100.41197, 20.58651 ], [ -100.41234, 20.58702 ], [ -100.41267, 20.58766 ], [ -100.41302, 20.58893 ], [ -100.41379, 20.59161 ], [ -100.41515, 20.59635 ], [ -100.41642, 20.60083 ], [ -100.41745, 20.60447 ], [ -100.41825, 20.60734 ], [ -100.41918, 20.61068 ], [ -100.42005, 20.61366 ], [ -100.42075, 20.61614 ], [ -100.42172, 20.61958 ], [ -100.42164, 20.61988 ], [ -100.42151, 20.62041 ], [ -100.42128, 20.62092 ], [ -100.42098, 20.62128 ], [ -100.42057, 20.62148 ], [ -100.42014, 20.62153 ], [ -100.41956, 20.62152 ], [ -100.41926, 20.62151 ], [ -100.41824, 20.62142 ], [ -100.4167, 20.62115 ], [ -100.41591, 20.62101 ], [ -100.41472, 20.6207 ], [ -100.41349, 20.62031 ], [ -100.41116, 20.61957 ], [ -100.40956, 20.61903 ], [ -100.40928, 20.61881 ], [ -100.40799, 20.61841 ], [ -100.40677, 20.61801 ], [ -100.40565, 20.61772 ], [ -100.40447, 20.61729 ], [ -100.40409, 20.61722 ], [ -100.4042, 20.61783 ], [ -100.40435, 20.61836 ], [ -100.40454, 20.61878 ], [ -100.40541, 20.62058 ], [ -100.40555, 20.62095 ], [ -100.40562, 20.62126 ], [ -100.40575, 20.62224 ], [ -100.40629, 20.62685 ], [ -100.40645, 20.62808 ], [ -100.40903, 20.62776 ], [ -100.41266, 20.62736 ], [ -100.41278, 20.62883 ], [ -100.41333, 20.63187 ], [ -100.41384, 20.634 ], [ -100.41441, 20.63591 ], [ -100.41453, 20.63642 ], [ -100.41469, 20.63742 ], [ -100.41516, 20.64067 ], [ -100.41552, 20.64237 ], [ -100.41596, 20.64432 ], [ -100.41611, 20.64518 ], [ -100.41615, 20.64554 ], [ -100.41613, 20.64609 ], [ -100.41604, 20.64796 ], [ -100.41598, 20.64837 ], [ -100.41221, 20.64876 ], [ -100.40876, 20.64919 ], [ -100.40849, 20.6492 ], [ -100.40794, 20.64909 ], [ -100.40532, 20.64868 ], [ -100.40443, 20.64854 ], [ -100.40397, 20.65096 ], [ -100.40345, 20.654 ], [ -100.40315, 20.65553 ], [ -100.40064, 20.65509 ], [ -100.40027, 20.65509 ], [ -100.39927, 20.65492 ], [ -100.39514, 20.65423 ], [ -100.3938, 20.65403 ] ] } },
{ "type": "Feature", "properties": { "city": "Querétaro", "route_name": "61_Bolaños - La Loma", "route_name_short": "Bolaños - La Loma", "type": "Bus", "shape_id": "shape_2451" }, "geometry": { "type": "LineString", "coordinates": [ [ -100.4653, 20.64284 ], [ -100.46761, 20.64337 ], [ -100.47003, 20.64394 ], [ -100.47332, 20.6447 ], [ -100.476, 20.64533 ], [ -100.47758, 20.64569 ], [ -100.47769, 20.64583 ], [ -100.47807, 20.64634 ], [ -100.47821, 20.64633 ], [ -100.47835, 20.64632 ], [ -100.4784, 20.64619 ], [ -100.47792, 20.64553 ], [ -100.47707, 20.6444 ], [ -100.47628, 20.64344 ], [ -100.47492, 20.64173 ], [ -100.47459, 20.64195 ], [ -100.4759, 20.64352 ], [ -100.47716, 20.64518 ], [ -100.47711, 20.64537 ], [ -100.47688, 20.64551 ], [ -100.47578, 20.64524 ], [ -100.47324, 20.64463 ], [ -100.46988, 20.64385 ], [ -100.46731, 20.64325 ], [ -100.46784, 20.6413 ], [ -100.4682, 20.64035 ], [ -100.4683, 20.6395 ], [ -100.46684, 20.63935 ], [ -100.4662, 20.63654 ], [ -100.4659, 20.63528 ], [ -100.46437, 20.63316 ], [ -100.46407, 20.6327 ], [ -100.46132, 20.63363 ], [ -100.45866, 20.63457 ], [ -100.45203, 20.63686 ], [ -100.44935, 20.6378 ], [ -100.44809, 20.6345 ], [ -100.44537, 20.63547 ], [ -100.44522, 20.63558 ], [ -100.44501, 20.63559 ], [ -100.44481, 20.63558 ], [ -100.44455, 20.63554 ], [ -100.44431, 20.63544 ], [ -100.44415, 20.63537 ], [ -100.44391, 20.63515 ], [ -100.44375, 20.63496 ], [ -100.44362, 20.63478 ], [ -100.44364, 20.63405 ], [ -100.44359, 20.63381 ], [ -100.44353, 20.63345 ], [ -100.44293, 20.63172 ], [ -100.44264, 20.63084 ], [ -100.44254, 20.63046 ], [ -100.44255, 20.63016 ], [ -100.44274, 20.62945 ], [ -100.4429, 20.62876 ], [ -100.44295, 20.62844 ], [ -100.44294, 20.62824 ], [ -100.44255, 20.62618 ], [ -100.44201, 20.62385 ], [ -100.44175, 20.62292 ], [ -100.44149, 20.62227 ], [ -100.44103, 20.62156 ], [ -100.44011, 20.62043 ], [ -100.43738, 20.61792 ], [ -100.4371, 20.61753 ], [ -100.4369, 20.61715 ], [ -100.43672, 20.61598 ], [ -100.43659, 20.61529 ], [ -100.43635, 20.61457 ], [ -100.43586, 20.61256 ], [ -100.43548, 20.61127 ], [ -100.43503, 20.61037 ], [ -100.43454, 20.60921 ], [ -100.43437, 20.60868 ], [ -100.4342, 20.6083 ], [ -100.43367, 20.60749 ], [ -100.43312, 20.60686 ], [ -100.43166, 20.60557 ], [ -100.43052, 20.60503 ], [ -100.42861, 20.60348 ], [ -100.4277, 20.60269 ], [ -100.42464, 20.60265 ], [ -100.42295, 20.60274 ], [ -100.42142, 20.60298 ], [ -100.42105, 20.603 ], [ -100.42056, 20.60295 ], [ -100.41908, 20.60331 ], [ -100.4176, 20.60363 ], [ -100.41723, 20.60241 ], [ -100.41592, 20.59772 ], [ -100.41527, 20.59548 ], [ -100.41508, 20.5954 ], [ -100.4149, 20.59548 ], [ -100.41601, 20.59942 ], [ -100.41742, 20.60437 ], [ -100.4144, 20.60455 ], [ -100.41187, 20.60468 ], [ -100.4105, 20.60478 ], [ -100.40864, 20.60563 ], [ -100.40659, 20.60378 ], [ -100.4048, 20.60372 ], [ -100.40308, 20.60364 ], [ -100.40193, 20.60355 ], [ -100.39942, 20.6036 ], [ -100.39944, 20.60565 ], [ -100.39698, 20.60587 ], [ -100.39682, 20.60587 ], [ -100.39684, 20.60578 ], [ -100.39601, 20.60467 ], [ -100.39548, 20.60398 ], [ -100.39496, 20.60444 ], [ -100.39462, 20.6046 ], [ -100.39418, 20.60473 ], [ -100.39347, 20.60472 ], [ -100.39271, 20.60466 ], [ -100.3927, 20.60315 ], [ -100.39288, 20.60297 ], [ -100.39279, 20.60288 ], [ -100.39178, 20.60364 ], [ -100.38982, 20.60507 ], [ -100.38808, 20.60619 ], [ -100.38648, 20.60715 ], [ -100.3862, 20.60737 ], [ -100.38602, 20.60777 ], [ -100.38589, 20.60819 ], [ -100.38573, 20.60846 ], [ -100.38549, 20.60863 ], [ -100.38513, 20.60877 ], [ -100.38468, 20.60873 ], [ -100.38408, 20.60833 ], [ -100.38363, 20.60786 ], [ -100.38355, 20.60774 ], [ -100.3834, 20.60776 ], [ -100.38328, 20.60783 ], [ -100.3833, 20.60814 ], [ -100.38329, 20.60841 ], [ -100.38309, 20.60881 ], [ -100.38241, 20.60951 ], [ -100.38077, 20.61047 ], [ -100.37935, 20.61141 ], [ -100.37707, 20.61081 ], [ -100.37684, 20.61095 ], [ -100.37656, 20.61144 ], [ -100.37659, 20.61191 ], [ -100.37649, 20.6121 ], [ -100.37635, 20.6123 ], [ -100.37594, 20.6125 ], [ -100.37558, 20.61269 ], [ -100.37536, 20.61286 ], [ -100.37537, 20.6131 ], [ -100.37528, 20.61345 ], [ -100.37526, 20.61369 ], [ -100.37532, 20.61406 ], [ -100.37477, 20.61428 ], [ -100.37366, 20.61472 ], [ -100.37298, 20.61501 ], [ -100.37275, 20.61511 ], [ -100.37245, 20.61524 ], [ -100.37226, 20.61536 ], [ -100.37201, 20.61579 ], [ -100.37207, 20.61579 ], [ -100.37233, 20.61539 ], [ -100.37249, 20.61525 ], [ -100.37291, 20.61508 ], [ -100.3736, 20.61479 ], [ -100.3748, 20.61433 ], [ -100.37536, 20.61409 ], [ -100.37532, 20.61383 ], [ -100.37533, 20.61347 ], [ -100.37537, 20.61328 ], [ -100.37546, 20.61309 ], [ -100.37592, 20.61286 ], [ -100.37674, 20.61268 ], [ -100.37655, 20.61215 ], [ -100.37664, 20.61199 ], [ -100.37661, 20.61147 ], [ -100.3768, 20.61116 ], [ -100.37712, 20.61101 ], [ -100.37904, 20.61146 ], [ -100.37938, 20.6115 ], [ -100.38024, 20.61093 ], [ -100.38093, 20.61049 ], [ -100.38179, 20.60996 ], [ -100.38243, 20.60966 ], [ -100.38284, 20.60964 ], [ -100.38335, 20.60954 ], [ -100.38374, 20.60927 ], [ -100.38406, 20.60904 ], [ -100.38448, 20.60908 ], [ -100.38552, 20.60904 ], [ -100.38661, 20.60773 ], [ -100.38701, 20.6073 ], [ -100.38756, 20.6069 ], [ -100.38956, 20.60545 ], [ -100.39342, 20.60256 ], [ -100.39365, 20.60281 ], [ -100.3942, 20.60331 ], [ -100.39482, 20.60322 ], [ -100.39504, 20.60327 ], [ -100.39506, 20.60334 ], [ -100.39687, 20.60392 ], [ -100.39835, 20.60385 ], [ -100.39863, 20.60371 ], [ -100.39923, 20.60364 ], [ -100.40014, 20.60365 ], [ -100.40132, 20.60359 ], [ -100.40199, 20.60364 ], [ -100.40409, 20.60377 ], [ -100.40661, 20.60385 ], [ -100.40742, 20.60459 ], [ -100.40871, 20.60577 ], [ -100.40993, 20.60515 ], [ -100.41073, 20.60483 ], [ -100.41166, 20.6048 ], [ -100.41714, 20.60451 ], [ -100.41782, 20.60429 ], [ -100.4183, 20.60418 ], [ -100.41843, 20.60405 ], [ -100.41847, 20.60385 ], [ -100.41846, 20.60366 ], [ -100.41847, 20.60352 ], [ -100.41952, 20.60326 ], [ -100.42064, 20.603 ], [ -100.42127, 20.60307 ], [ -100.42171, 20.60298 ], [ -100.42391, 20.60271 ], [ -100.4255, 20.60271 ], [ -100.42763, 20.60273 ], [ -100.42928, 20.6041 ], [ -100.43039, 20.60501 ], [ -100.43096, 20.60529 ], [ -100.43163, 20.60563 ], [ -100.432, 20.60595 ], [ -100.43328, 20.60709 ], [ -100.43371, 20.60769 ], [ -100.4342, 20.60841 ], [ -100.43444, 20.60915 ], [ -100.43509, 20.61059 ], [ -100.43555, 20.61174 ], [ -100.43606, 20.61364 ], [ -100.43624, 20.61443 ], [ -100.43624, 20.61484 ], [ -100.43613, 20.61521 ], [ -100.4362, 20.61576 ], [ -100.4363, 20.61621 ], [ -100.43651, 20.6173 ], [ -100.43669, 20.61769 ], [ -100.43689, 20.61799 ], [ -100.43718, 20.61827 ], [ -100.43779, 20.61881 ], [ -100.43967, 20.62047 ], [ -100.44034, 20.62117 ], [ -100.44082, 20.62183 ], [ -100.44112, 20.62229 ], [ -100.44136, 20.62273 ], [ -100.44157, 20.62343 ], [ -100.44192, 20.62479 ], [ -100.44224, 20.62628 ], [ -100.44259, 20.62783 ], [ -100.44262, 20.62827 ], [ -100.44222, 20.63011 ], [ -100.44216, 20.63047 ], [ -100.44227, 20.63093 ], [ -100.44258, 20.6318 ], [ -100.44285, 20.6317 ], [ -100.44349, 20.63352 ], [ -100.44357, 20.63389 ], [ -100.4436, 20.63421 ], [ -100.44357, 20.63481 ], [ -100.44371, 20.63499 ], [ -100.4439, 20.63521 ], [ -100.44406, 20.63535 ], [ -100.4442, 20.63546 ], [ -100.44439, 20.63554 ], [ -100.44465, 20.6356 ], [ -100.44507, 20.63566 ], [ -100.44539, 20.6356 ], [ -100.44574, 20.63547 ], [ -100.44657, 20.63516 ], [ -100.44803, 20.63467 ], [ -100.44914, 20.63762 ], [ -100.44928, 20.63814 ], [ -100.44959, 20.63805 ], [ -100.45176, 20.63732 ], [ -100.45548, 20.63603 ], [ -100.45715, 20.63544 ], [ -100.45751, 20.63624 ], [ -100.45744, 20.63641 ], [ -100.45747, 20.63651 ], [ -100.45758, 20.63659 ], [ -100.4577, 20.63656 ], [ -100.4578, 20.63645 ], [ -100.45843, 20.6364 ], [ -100.45917, 20.63632 ], [ -100.46064, 20.63614 ], [ -100.46326, 20.63575 ], [ -100.46448, 20.63559 ], [ -100.465, 20.6379 ], [ -100.46544, 20.63973 ], [ -100.46546, 20.63996 ], [ -100.46541, 20.64018 ], [ -100.46469, 20.64273 ], [ -100.46529, 20.64282 ] ] } },
{ "type": "Feature", "properties": { "city": "Querétaro", "route_name": "65_Lomas de la Cruz - Terminal de Autobuses", "route_name_short": "Lomas de la Cruz - Terminal de Autobuses", "type": "Bus", "shape_id": "shape_2483" }, "geometry": { "type": "LineString", "coordinates": [ [ -100.45001, 20.51844 ], [ -100.44991, 20.51817 ], [ -100.44977, 20.51792 ], [ -100.44971, 20.51782 ], [ -100.45146, 20.51718 ], [ -100.45144, 20.51711 ], [ -100.44963, 20.51779 ], [ -100.44977, 20.51802 ], [ -100.4499, 20.51827 ], [ -100.44996, 20.51841 ], [ -100.45002, 20.51865 ], [ -100.45005, 20.51887 ], [ -100.45014, 20.51925 ], [ -100.45024, 20.5197 ], [ -100.45025, 20.51989 ], [ -100.45019, 20.52012 ], [ -100.45017, 20.52021 ], [ -100.45005, 20.52029 ], [ -100.44976, 20.52041 ], [ -100.44966, 20.52046 ], [ -100.44977, 20.52095 ], [ -100.44986, 20.52149 ], [ -100.44997, 20.52237 ], [ -100.45011, 20.52327 ], [ -100.45019, 20.52382 ], [ -100.45033, 20.5241 ], [ -100.45045, 20.52428 ], [ -100.45196, 20.52608 ], [ -100.45262, 20.52692 ], [ -100.45372, 20.52652 ], [ -100.45691, 20.52544 ], [ -100.45705, 20.52571 ], [ -100.4572, 20.52597 ], [ -100.45734, 20.52634 ], [ -100.45755, 20.52696 ], [ -100.45773, 20.52742 ], [ -100.45773, 20.5276 ], [ -100.45766, 20.52771 ], [ -100.45685, 20.52803 ], [ -100.45438, 20.52912 ], [ -100.45359, 20.52944 ], [ -100.45258, 20.52982 ], [ -100.45139, 20.53024 ], [ -100.45041, 20.53055 ], [ -100.45003, 20.53063 ], [ -100.44965, 20.53064 ], [ -100.44891, 20.53054 ], [ -100.44831, 20.53038 ], [ -100.44816, 20.5302 ], [ -100.44811, 20.53013 ], [ -100.44812, 20.52999 ], [ -100.44824, 20.52967 ], [ -100.44848, 20.52902 ], [ -100.44886, 20.52841 ], [ -100.44889, 20.52829 ], [ -100.44872, 20.5283 ], [ -100.44849, 20.52874 ], [ -100.44788, 20.53026 ], [ -100.44763, 20.5309 ], [ -100.44732, 20.53142 ], [ -100.4468, 20.53229 ], [ -100.44643, 20.53286 ], [ -100.44528, 20.53252 ], [ -100.44432, 20.53224 ], [ -100.44327, 20.53195 ], [ -100.44284, 20.53188 ], [ -100.44197, 20.53182 ], [ -100.44157, 20.53181 ], [ -100.44161, 20.53204 ], [ -100.44213, 20.53201 ], [ -100.4432, 20.53211 ], [ -100.4437, 20.53223 ], [ -100.44493, 20.53256 ], [ -100.44568, 20.53273 ], [ -100.44582, 20.53289 ], [ -100.44586, 20.53311 ], [ -100.44586, 20.53325 ], [ -100.44566, 20.53388 ], [ -100.44556, 20.53424 ], [ -100.44554, 20.53468 ], [ -100.44564, 20.53507 ], [ -100.44599, 20.53623 ], [ -100.44624, 20.53699 ], [ -100.44625, 20.5372 ], [ -100.44604, 20.53765 ], [ -100.44592, 20.53784 ], [ -100.44571, 20.53797 ], [ -100.44548, 20.53803 ], [ -100.44506, 20.53806 ], [ -100.44469, 20.5381 ], [ -100.44452, 20.53816 ], [ -100.44414, 20.5386 ], [ -100.44385, 20.53903 ], [ -100.44342, 20.54015 ], [ -100.44315, 20.54084 ], [ -100.44305, 20.5411 ], [ -100.44299, 20.54139 ], [ -100.44303, 20.54174 ], [ -100.44316, 20.54214 ], [ -100.44357, 20.54275 ], [ -100.44393, 20.54315 ], [ -100.44395, 20.54328 ], [ -100.44442, 20.54353 ], [ -100.44462, 20.54376 ], [ -100.44499, 20.54418 ], [ -100.44512, 20.54445 ], [ -100.44517, 20.54482 ], [ -100.44522, 20.54592 ], [ -100.44534, 20.54866 ], [ -100.44542, 20.55007 ], [ -100.44526, 20.55001 ], [ -100.44485, 20.54993 ], [ -100.44357, 20.54976 ], [ -100.44191, 20.54953 ], [ -100.43994, 20.54932 ], [ -100.43991, 20.55042 ], [ -100.43994, 20.55159 ], [ -100.44003, 20.55162 ], [ -100.43994, 20.55391 ], [ -100.4368, 20.55398 ], [ -100.43371, 20.55409 ], [ -100.43365, 20.55564 ], [ -100.43352, 20.55743 ], [ -100.43351, 20.55759 ], [ -100.43332, 20.55771 ], [ -100.43326, 20.55778 ], [ -100.43308, 20.55783 ], [ -100.43303, 20.55794 ], [ -100.43285, 20.55797 ], [ -100.43254, 20.55806 ], [ -100.43238, 20.55819 ], [ -100.43223, 20.5584 ], [ -100.43223, 20.55869 ], [ -100.43233, 20.55957 ], [ -100.43231, 20.55978 ], [ -100.43221, 20.55987 ], [ -100.43191, 20.55995 ], [ -100.43111, 20.5601 ], [ -100.43005, 20.5603 ], [ -100.42962, 20.56039 ], [ -100.42832, 20.56075 ], [ -100.42688, 20.56109 ], [ -100.42603, 20.56127 ], [ -100.42575, 20.56137 ], [ -100.4248, 20.5619 ], [ -100.42427, 20.56215 ], [ -100.42379, 20.56234 ], [ -100.423, 20.56276 ], [ -100.42058, 20.56404 ], [ -100.41745, 20.56559 ], [ -100.41481, 20.56689 ], [ -100.41489, 20.5678 ], [ -100.41508, 20.57044 ], [ -100.41522, 20.57246 ], [ -100.4153, 20.5738 ], [ -100.41534, 20.57432 ], [ -100.41537, 20.57464 ], [ -100.41552, 20.57492 ], [ -100.41584, 20.57522 ], [ -100.41602, 20.5755 ], [ -100.4161, 20.57582 ], [ -100.41613, 20.57793 ], [ -100.41606, 20.57826 ], [ -100.41589, 20.57867 ], [ -100.41559, 20.57904 ], [ -100.41531, 20.57921 ], [ -100.41489, 20.57937 ], [ -100.41272, 20.57994 ], [ -100.41072, 20.58034 ], [ -100.40961, 20.58059 ], [ -100.40875, 20.5808 ], [ -100.40792, 20.58122 ], [ -100.40711, 20.58164 ], [ -100.40671, 20.58183 ], [ -100.40612, 20.58265 ], [ -100.40554, 20.58347 ], [ -100.40521, 20.5839 ], [ -100.40493, 20.58403 ], [ -100.40469, 20.58411 ], [ -100.40433, 20.5841 ], [ -100.40399, 20.58402 ], [ -100.40375, 20.584 ], [ -100.40344, 20.58403 ], [ -100.40314, 20.58411 ], [ -100.40263, 20.5844 ], [ -100.40219, 20.58466 ], [ -100.4015, 20.58488 ], [ -100.39924, 20.58568 ], [ -100.39654, 20.58662 ], [ -100.39601, 20.58477 ], [ -100.39562, 20.58323 ], [ -100.39475, 20.58369 ], [ -100.39353, 20.58418 ], [ -100.39146, 20.58488 ], [ -100.38996, 20.58543 ], [ -100.38671, 20.58661 ], [ -100.38587, 20.58691 ], [ -100.38518, 20.58514 ], [ -100.38493, 20.58452 ], [ -100.38461, 20.58361 ], [ -100.3842, 20.5826 ], [ -100.38333, 20.58033 ], [ -100.38262, 20.57842 ], [ -100.38234, 20.5778 ], [ -100.38224, 20.57748 ], [ -100.38235, 20.57713 ], [ -100.38276, 20.57595 ], [ -100.3828, 20.5757 ], [ -100.3828, 20.57538 ], [ -100.38277, 20.57503 ], [ -100.38276, 20.57476 ], [ -100.38283, 20.57298 ], [ -100.38287, 20.57162 ], [ -100.38285, 20.57116 ], [ -100.3827, 20.5709 ], [ -100.3821, 20.57019 ], [ -100.38151, 20.56948 ], [ -100.38136, 20.56946 ], [ -100.38124, 20.5695 ], [ -100.38123, 20.56963 ], [ -100.38124, 20.56978 ], [ -100.38262, 20.57131 ], [ -100.38277, 20.57151 ], [ -100.38275, 20.57168 ], [ -100.37986, 20.57223 ], [ -100.37869, 20.57094 ], [ -100.37768, 20.5699 ], [ -100.3759, 20.57022 ], [ -100.37343, 20.57071 ], [ -100.37265, 20.57085 ], [ -100.37266, 20.57171 ], [ -100.37273, 20.57271 ], [ -100.37223, 20.57286 ], [ -100.37234, 20.57357 ], [ -100.37243, 20.57382 ], [ -100.37293, 20.57494 ], [ -100.37386, 20.57705 ], [ -100.37404, 20.57748 ], [ -100.37222, 20.57782 ], [ -100.37121, 20.578 ], [ -100.37078, 20.57818 ], [ -100.3683, 20.5792 ], [ -100.36714, 20.5797 ], [ -100.36664, 20.57987 ], [ -100.36592, 20.57999 ], [ -100.36445, 20.58027 ], [ -100.36337, 20.58052 ], [ -100.36322, 20.58049 ], [ -100.36282, 20.58031 ], [ -100.36239, 20.5801 ], [ -100.36197, 20.57993 ], [ -100.36177, 20.57989 ], [ -100.36151, 20.5799 ], [ -100.36119, 20.58006 ], [ -100.36057, 20.5805 ], [ -100.36033, 20.58062 ], [ -100.36015, 20.58064 ], [ -100.35989, 20.58047 ], [ -100.35979, 20.58023 ], [ -100.35951, 20.57883 ], [ -100.3594, 20.57879 ], [ -100.35925, 20.57877 ], [ -100.35917, 20.57884 ], [ -100.35911, 20.57894 ], [ -100.35934, 20.58006 ], [ -100.35938, 20.58035 ], [ -100.35935, 20.58071 ], [ -100.35928, 20.58089 ], [ -100.35914, 20.58101 ], [ -100.35895, 20.5811 ], [ -100.35874, 20.58116 ], [ -100.35877, 20.58131 ], [ -100.35886, 20.58139 ], [ -100.35902, 20.58134 ], [ -100.35949, 20.58109 ], [ -100.35952, 20.58103 ], [ -100.35943, 20.58073 ], [ -100.35948, 20.58046 ], [ -100.35957, 20.58037 ], [ -100.36008, 20.58074 ], [ -100.36024, 20.58075 ], [ -100.36046, 20.58068 ], [ -100.36075, 20.58049 ], [ -100.36136, 20.58007 ], [ -100.36159, 20.57996 ], [ -100.36189, 20.57999 ], [ -100.36222, 20.58012 ], [ -100.36313, 20.58051 ], [ -100.36344, 20.58062 ], [ -100.36368, 20.5806 ], [ -100.3658, 20.58023 ], [ -100.36683, 20.57999 ], [ -100.36751, 20.57976 ], [ -100.37115, 20.57823 ], [ -100.37152, 20.57816 ], [ -100.37422, 20.5776 ], [ -100.37331, 20.57552 ], [ -100.37267, 20.57392 ], [ -100.37277, 20.57363 ], [ -100.3728, 20.5732 ], [ -100.37277, 20.57269 ], [ -100.37323, 20.57269 ], [ -100.3731, 20.57147 ], [ -100.37315, 20.57081 ], [ -100.37474, 20.5705 ], [ -100.37767, 20.56995 ], [ -100.37913, 20.57149 ], [ -100.37981, 20.57226 ], [ -100.37903, 20.5724 ], [ -100.37885, 20.57245 ], [ -100.37852, 20.57261 ], [ -100.37831, 20.57288 ], [ -100.37818, 20.57331 ], [ -100.37817, 20.5738 ], [ -100.37822, 20.57407 ], [ -100.37796, 20.57566 ], [ -100.37823, 20.57579 ], [ -100.37854, 20.57586 ], [ -100.379, 20.57581 ], [ -100.3803, 20.57554 ], [ -100.38269, 20.57504 ], [ -100.38264, 20.57579 ], [ -100.38258, 20.57613 ], [ -100.38235, 20.57686 ], [ -100.3822, 20.57731 ], [ -100.38216, 20.57752 ], [ -100.3822, 20.57768 ], [ -100.38271, 20.57899 ], [ -100.38354, 20.58119 ], [ -100.38446, 20.58356 ], [ -100.38555, 20.58643 ], [ -100.3858, 20.58714 ], [ -100.3863, 20.58841 ], [ -100.38642, 20.58839 ], [ -100.38595, 20.58711 ], [ -100.38736, 20.58657 ], [ -100.38961, 20.58575 ], [ -100.39326, 20.58442 ], [ -100.39479, 20.58385 ], [ -100.39633, 20.58298 ], [ -100.39749, 20.58222 ], [ -100.39854, 20.58144 ], [ -100.39918, 20.58088 ], [ -100.40038, 20.58238 ], [ -100.40196, 20.58439 ], [ -100.40221, 20.58482 ], [ -100.40333, 20.58429 ], [ -100.40363, 20.58422 ], [ -100.40393, 20.58421 ], [ -100.40426, 20.58427 ], [ -100.40459, 20.58432 ], [ -100.40498, 20.58424 ], [ -100.40525, 20.58411 ], [ -100.40556, 20.58382 ], [ -100.40682, 20.58211 ], [ -100.40715, 20.58183 ], [ -100.40814, 20.58134 ], [ -100.40882, 20.58102 ], [ -100.4098, 20.58077 ], [ -100.41167, 20.58032 ], [ -100.41494, 20.57955 ], [ -100.41553, 20.57933 ], [ -100.41602, 20.57883 ], [ -100.41624, 20.57825 ], [ -100.41624, 20.57773 ], [ -100.41624, 20.57581 ], [ -100.41617, 20.57552 ], [ -100.41598, 20.57525 ], [ -100.41567, 20.57489 ], [ -100.41548, 20.57456 ], [ -100.41545, 20.57431 ], [ -100.41529, 20.57191 ], [ -100.41495, 20.56695 ], [ -100.42004, 20.56444 ], [ -100.42199, 20.56347 ], [ -100.42373, 20.56257 ], [ -100.42397, 20.56244 ], [ -100.42461, 20.56221 ], [ -100.4251, 20.56194 ], [ -100.42561, 20.56165 ], [ -100.42606, 20.56141 ], [ -100.42843, 20.56089 ], [ -100.43001, 20.56047 ], [ -100.43101, 20.5603 ], [ -100.43227, 20.56003 ], [ -100.43233, 20.56008 ], [ -100.43248, 20.56011 ], [ -100.43257, 20.55999 ], [ -100.43259, 20.55991 ], [ -100.43252, 20.55978 ], [ -100.43245, 20.55969 ], [ -100.43236, 20.55906 ], [ -100.43232, 20.5586 ], [ -100.43237, 20.55832 ], [ -100.43251, 20.55817 ], [ -100.4327, 20.55808 ], [ -100.43314, 20.55802 ], [ -100.43321, 20.55813 ], [ -100.43334, 20.55813 ], [ -100.43338, 20.55803 ], [ -100.43338, 20.55788 ], [ -100.43331, 20.55781 ], [ -100.43355, 20.55759 ], [ -100.43365, 20.5562 ], [ -100.43376, 20.55413 ], [ -100.43622, 20.55405 ], [ -100.43747, 20.55404 ], [ -100.43757, 20.55161 ], [ -100.43985, 20.55153 ], [ -100.44, 20.55154 ], [ -100.43995, 20.55037 ], [ -100.44, 20.5483 ], [ -100.43993, 20.54626 ], [ -100.43988, 20.54319 ], [ -100.4398, 20.5419 ], [ -100.43975, 20.54119 ], [ -100.43957, 20.54024 ], [ -100.44091, 20.54008 ], [ -100.44088, 20.53871 ], [ -100.4408, 20.53773 ], [ -100.4404, 20.53433 ], [ -100.44006, 20.53237 ], [ -100.44076, 20.53215 ], [ -100.44129, 20.53206 ], [ -100.44178, 20.53201 ], [ -100.44297, 20.53208 ], [ -100.44361, 20.53217 ], [ -100.44517, 20.53259 ], [ -100.44594, 20.53283 ], [ -100.44643, 20.53299 ], [ -100.44652, 20.53315 ], [ -100.44654, 20.53332 ], [ -100.44648, 20.53341 ], [ -100.44633, 20.53346 ], [ -100.44623, 20.53342 ], [ -100.44617, 20.53333 ], [ -100.44616, 20.53316 ], [ -100.44624, 20.53272 ], [ -100.44644, 20.53247 ], [ -100.44667, 20.53233 ], [ -100.44688, 20.53235 ], [ -100.44718, 20.53192 ], [ -100.44789, 20.53065 ], [ -100.44805, 20.53052 ], [ -100.44825, 20.53046 ], [ -100.44895, 20.53063 ], [ -100.4494, 20.53073 ], [ -100.45008, 20.53071 ], [ -100.45048, 20.53066 ], [ -100.45097, 20.53052 ], [ -100.45271, 20.52986 ], [ -100.45422, 20.52933 ], [ -100.45633, 20.52841 ], [ -100.45945, 20.52709 ], [ -100.46044, 20.52665 ], [ -100.4604, 20.52653 ], [ -100.45802, 20.52757 ], [ -100.45788, 20.52752 ], [ -100.45781, 20.52747 ], [ -100.45772, 20.52726 ], [ -100.45743, 20.52649 ], [ -100.45721, 20.5259 ], [ -100.45703, 20.52561 ], [ -100.45695, 20.52539 ], [ -100.45513, 20.52601 ], [ -100.45263, 20.52687 ], [ -100.45176, 20.52576 ], [ -100.4504, 20.52413 ], [ -100.45026, 20.5239 ], [ -100.45017, 20.52342 ], [ -100.45003, 20.52248 ], [ -100.44987, 20.52131 ], [ -100.44978, 20.5208 ], [ -100.4497, 20.52051 ], [ -100.44998, 20.52038 ], [ -100.45016, 20.52028 ], [ -100.45026, 20.52007 ], [ -100.45029, 20.51976 ], [ -100.45019, 20.51938 ], [ -100.45011, 20.51892 ], [ -100.45006, 20.5187 ], [ -100.45003, 20.51845 ] ] } },
{ "type": "Feature", "properties": { "city": "Querétaro", "route_name": "62_Los Olvera - UTEQ", "route_name_short": "Los Olvera - UTEQ", "type": "Bus", "shape_id": "shape_2452" }, "geometry": { "type": "LineString", "coordinates": [ [ -100.40519, 20.53666 ], [ -100.40352, 20.53676 ], [ -100.40419, 20.53819 ], [ -100.40474, 20.53943 ], [ -100.40489, 20.53986 ], [ -100.40202, 20.53963 ], [ -100.40227, 20.54002 ], [ -100.40444, 20.54415 ], [ -100.40504, 20.54523 ], [ -100.40531, 20.54578 ], [ -100.40531, 20.54601 ], [ -100.40574, 20.54605 ], [ -100.40604, 20.54617 ], [ -100.40661, 20.54655 ], [ -100.40701, 20.5473 ], [ -100.40774, 20.5488 ], [ -100.40943, 20.55245 ], [ -100.4098, 20.5532 ], [ -100.4106, 20.5536 ], [ -100.41128, 20.55395 ], [ -100.41142, 20.55422 ], [ -100.41151, 20.55453 ], [ -100.41223, 20.5577 ], [ -100.41215, 20.55791 ], [ -100.41168, 20.55835 ], [ -100.41173, 20.55891 ], [ -100.41196, 20.56076 ], [ -100.41246, 20.56127 ], [ -100.41375, 20.56235 ], [ -100.41445, 20.56294 ], [ -100.41461, 20.56355 ], [ -100.41464, 20.56422 ], [ -100.41483, 20.56688 ], [ -100.4151, 20.5708 ], [ -100.41534, 20.5746 ], [ -100.4155, 20.57488 ], [ -100.41601, 20.57555 ], [ -100.41608, 20.57596 ], [ -100.4161, 20.57693 ], [ -100.41616, 20.57811 ], [ -100.41597, 20.57853 ], [ -100.41567, 20.57898 ], [ -100.41532, 20.57921 ], [ -100.41488, 20.57943 ], [ -100.41088, 20.58032 ], [ -100.40983, 20.58053 ], [ -100.40873, 20.58082 ], [ -100.40732, 20.58147 ], [ -100.40682, 20.5818 ], [ -100.41, 20.58458 ], [ -100.41024, 20.58488 ], [ -100.41006, 20.5851 ], [ -100.40859, 20.58554 ], [ -100.41008, 20.5893 ], [ -100.40911, 20.58923 ], [ -100.40736, 20.58955 ], [ -100.40582, 20.59009 ], [ -100.4049, 20.59059 ], [ -100.40712, 20.59558 ], [ -100.40374, 20.5959 ], [ -100.4029, 20.59598 ], [ -100.40164, 20.59595 ], [ -100.40107, 20.59614 ], [ -100.40052, 20.59626 ], [ -100.39968, 20.59668 ], [ -100.39894, 20.59722 ], [ -100.39807, 20.59766 ], [ -100.39742, 20.59792 ], [ -100.39678, 20.59787 ], [ -100.39588, 20.59778 ], [ -100.39486, 20.5979 ], [ -100.39372, 20.59857 ], [ -100.39364, 20.59869 ], [ -100.39375, 20.599 ], [ -100.3938, 20.59966 ], [ -100.39384, 20.60065 ], [ -100.39382, 20.60145 ], [ -100.39377, 20.60178 ], [ -100.39359, 20.60213 ], [ -100.39337, 20.60247 ], [ -100.39277, 20.60291 ], [ -100.39154, 20.60384 ], [ -100.38996, 20.60499 ], [ -100.38847, 20.60595 ], [ -100.38701, 20.60684 ], [ -100.38648, 20.60717 ], [ -100.38626, 20.60735 ], [ -100.38608, 20.60754 ], [ -100.38596, 20.60792 ], [ -100.38589, 20.60828 ], [ -100.38635, 20.60925 ], [ -100.38805, 20.61287 ], [ -100.38927, 20.61465 ], [ -100.38959, 20.61504 ], [ -100.38984, 20.61547 ], [ -100.38991, 20.61602 ], [ -100.39007, 20.61639 ], [ -100.39054, 20.61659 ], [ -100.39228, 20.61681 ], [ -100.39948, 20.61701 ], [ -100.40152, 20.61706 ], [ -100.40232, 20.61715 ], [ -100.40203, 20.61854 ], [ -100.40158, 20.62077 ], [ -100.40145, 20.62118 ], [ -100.40119, 20.6215 ], [ -100.40089, 20.62176 ], [ -100.40041, 20.62213 ], [ -100.39976, 20.62547 ], [ -100.4005, 20.62575 ], [ -100.40447, 20.62752 ], [ -100.40597, 20.62817 ], [ -100.40652, 20.62806 ], [ -100.4073, 20.62793 ], [ -100.41267, 20.62736 ], [ -100.41283, 20.62887 ], [ -100.41313, 20.63079 ], [ -100.41357, 20.63304 ], [ -100.41417, 20.63508 ], [ -100.4145, 20.63624 ], [ -100.41474, 20.63765 ], [ -100.41506, 20.63989 ], [ -100.41544, 20.64205 ], [ -100.41605, 20.64465 ], [ -100.41616, 20.64537 ], [ -100.41616, 20.64577 ], [ -100.416, 20.64835 ], [ -100.4144, 20.64853 ], [ -100.41072, 20.64895 ], [ -100.40874, 20.64916 ], [ -100.40854, 20.64916 ], [ -100.40722, 20.64899 ], [ -100.40441, 20.6485 ], [ -100.40408, 20.65046 ], [ -100.40353, 20.65342 ], [ -100.40343, 20.65405 ], [ -100.40354, 20.65407 ], [ -100.40369, 20.65304 ], [ -100.40422, 20.65025 ], [ -100.40449, 20.64865 ], [ -100.40605, 20.64891 ], [ -100.40823, 20.64925 ], [ -100.40864, 20.64926 ], [ -100.40945, 20.6492 ], [ -100.41059, 20.64906 ], [ -100.41421, 20.64864 ], [ -100.41611, 20.64844 ], [ -100.41627, 20.64534 ], [ -100.41616, 20.64469 ], [ -100.41568, 20.64257 ], [ -100.41527, 20.64057 ], [ -100.41494, 20.6385 ], [ -100.41483, 20.63751 ], [ -100.41466, 20.63656 ], [ -100.41445, 20.63578 ], [ -100.41414, 20.63473 ], [ -100.41358, 20.63271 ], [ -100.41314, 20.63029 ], [ -100.41299, 20.62925 ], [ -100.41283, 20.62825 ], [ -100.41275, 20.62731 ], [ -100.40647, 20.62792 ], [ -100.40622, 20.62789 ], [ -100.40564, 20.62764 ], [ -100.40412, 20.62695 ], [ -100.40187, 20.6259 ], [ -100.39968, 20.62493 ], [ -100.39925, 20.62477 ], [ -100.39813, 20.62469 ], [ -100.39513, 20.62333 ], [ -100.39422, 20.6229 ], [ -100.39385, 20.62258 ], [ -100.39281, 20.62204 ], [ -100.39195, 20.62137 ], [ -100.3901, 20.62051 ], [ -100.3901, 20.61975 ], [ -100.39009, 20.61892 ], [ -100.39026, 20.61842 ], [ -100.39013, 20.61799 ], [ -100.39011, 20.617 ], [ -100.39025, 20.61654 ], [ -100.39035, 20.61609 ], [ -100.39028, 20.61532 ], [ -100.39005, 20.61422 ], [ -100.38956, 20.61233 ], [ -100.38861, 20.6102 ], [ -100.38843, 20.61009 ], [ -100.38826, 20.61004 ], [ -100.38806, 20.61009 ], [ -100.38754, 20.61025 ], [ -100.38737, 20.61023 ], [ -100.3872, 20.61018 ], [ -100.38693, 20.60995 ], [ -100.38677, 20.60943 ], [ -100.38647, 20.60872 ], [ -100.38641, 20.60834 ], [ -100.38646, 20.60797 ], [ -100.38664, 20.60768 ], [ -100.38688, 20.60738 ], [ -100.38857, 20.60622 ], [ -100.39085, 20.60447 ], [ -100.39318, 20.60277 ], [ -100.39354, 20.60245 ], [ -100.39384, 20.60197 ], [ -100.39397, 20.60146 ], [ -100.39394, 20.60089 ], [ -100.39386, 20.59894 ], [ -100.39399, 20.59886 ], [ -100.39468, 20.59847 ], [ -100.39529, 20.59822 ], [ -100.39614, 20.59808 ], [ -100.39679, 20.59829 ], [ -100.39744, 20.59824 ], [ -100.39806, 20.59802 ], [ -100.39967, 20.59732 ], [ -100.39977, 20.59705 ], [ -100.39872, 20.59359 ], [ -100.39742, 20.58958 ], [ -100.39656, 20.58679 ], [ -100.40085, 20.58528 ], [ -100.40254, 20.58465 ], [ -100.40334, 20.5843 ], [ -100.40395, 20.58424 ], [ -100.4047, 20.58434 ], [ -100.40528, 20.58412 ], [ -100.40654, 20.5825 ], [ -100.40705, 20.58196 ], [ -100.40773, 20.58158 ], [ -100.40958, 20.58086 ], [ -100.41387, 20.57981 ], [ -100.41547, 20.57933 ], [ -100.41585, 20.57903 ], [ -100.41607, 20.57869 ], [ -100.41631, 20.57822 ], [ -100.41618, 20.57637 ], [ -100.41622, 20.57592 ], [ -100.41614, 20.57554 ], [ -100.41575, 20.575 ], [ -100.41547, 20.57456 ], [ -100.41537, 20.57342 ], [ -100.41527, 20.57168 ], [ -100.41499, 20.5675 ], [ -100.41475, 20.56366 ], [ -100.41457, 20.56288 ], [ -100.41395, 20.56144 ], [ -100.41269, 20.55835 ], [ -100.41239, 20.55768 ], [ -100.41208, 20.55657 ], [ -100.41174, 20.55497 ], [ -100.41141, 20.55389 ], [ -100.41016, 20.55327 ], [ -100.40976, 20.55238 ], [ -100.40925, 20.55128 ], [ -100.40875, 20.55016 ], [ -100.40802, 20.54871 ], [ -100.40737, 20.54726 ], [ -100.40671, 20.54628 ], [ -100.40648, 20.54614 ], [ -100.40594, 20.54593 ], [ -100.40527, 20.54572 ], [ -100.40337, 20.54536 ], [ -100.40284, 20.54526 ], [ -100.40249, 20.54523 ], [ -100.40238, 20.54511 ], [ -100.40354, 20.54458 ], [ -100.40448, 20.54411 ], [ -100.403, 20.54128 ], [ -100.40565, 20.54141 ], [ -100.40494, 20.53983 ], [ -100.40505, 20.5397 ], [ -100.40497, 20.53948 ], [ -100.40479, 20.53945 ], [ -100.40444, 20.53861 ], [ -100.40362, 20.5368 ], [ -100.4052, 20.53671 ], [ -100.40519, 20.53667 ] ] } },
{ "type": "Feature", "properties": { "city": "Querétaro", "route_name": "66_Juriquilla - Alameda", "route_name_short": "Juriquilla - Alameda", "type": "Bus", "shape_id": "shape_2453" }, "geometry": { "type": "LineString", "coordinates": [ [ -100.45275, 20.70822 ], [ -100.45282, 20.70818 ], [ -100.45286, 20.70812 ], [ -100.45302, 20.70803 ], [ -100.4533, 20.7079 ], [ -100.45349, 20.70774 ], [ -100.45371, 20.70747 ], [ -100.45396, 20.70722 ], [ -100.45424, 20.70706 ], [ -100.45508, 20.70673 ], [ -100.45522, 20.70663 ], [ -100.45565, 20.70588 ], [ -100.45645, 20.70557 ], [ -100.45539, 20.70316 ], [ -100.45503, 20.70205 ], [ -100.45494, 20.70146 ], [ -100.45489, 20.70067 ], [ -100.45492, 20.69989 ], [ -100.45485, 20.69955 ], [ -100.4547, 20.69903 ], [ -100.45448, 20.69842 ], [ -100.4542, 20.69809 ], [ -100.45398, 20.69782 ], [ -100.4532, 20.69733 ], [ -100.45301, 20.69721 ], [ -100.45282, 20.69695 ], [ -100.45164, 20.69486 ], [ -100.45181, 20.69275 ], [ -100.45195, 20.69138 ], [ -100.45209, 20.68996 ], [ -100.45231, 20.68662 ], [ -100.45258, 20.68307 ], [ -100.45264, 20.6826 ], [ -100.45269, 20.68234 ], [ -100.45292, 20.68206 ], [ -100.45309, 20.68188 ], [ -100.45335, 20.68151 ], [ -100.45354, 20.6811 ], [ -100.45357, 20.68091 ], [ -100.45312, 20.68062 ], [ -100.45256, 20.68023 ], [ -100.4521, 20.67994 ], [ -100.4516, 20.67952 ], [ -100.45152, 20.67938 ], [ -100.45138, 20.67916 ], [ -100.45128, 20.6788 ], [ -100.4512, 20.67766 ], [ -100.45241, 20.67769 ], [ -100.45418, 20.67772 ], [ -100.45471, 20.67758 ], [ -100.45831, 20.67564 ], [ -100.45806, 20.67541 ], [ -100.45761, 20.67491 ], [ -100.45716, 20.67455 ], [ -100.45647, 20.67399 ], [ -100.45602, 20.67368 ], [ -100.45582, 20.67353 ], [ -100.45555, 20.67352 ], [ -100.45509, 20.67351 ], [ -100.45465, 20.67362 ], [ -100.45389, 20.67373 ], [ -100.45187, 20.67395 ], [ -100.45008, 20.67253 ], [ -100.44837, 20.67113 ], [ -100.44486, 20.6683 ], [ -100.44446, 20.66785 ], [ -100.44393, 20.66707 ], [ -100.44332, 20.6658 ], [ -100.44307, 20.66512 ], [ -100.44289, 20.66449 ], [ -100.44254, 20.66337 ], [ -100.44202, 20.66156 ], [ -100.44088, 20.65758 ], [ -100.4403, 20.65575 ], [ -100.4397, 20.65374 ], [ -100.43945, 20.65314 ], [ -100.43919, 20.65256 ], [ -100.43888, 20.65199 ], [ -100.43852, 20.65146 ], [ -100.4376, 20.65029 ], [ -100.43685, 20.64958 ], [ -100.43588, 20.64881 ], [ -100.43493, 20.64812 ], [ -100.43486, 20.64803 ], [ -100.43364, 20.64718 ], [ -100.43341, 20.647 ], [ -100.43162, 20.64568 ], [ -100.43125, 20.6453 ], [ -100.431, 20.64262 ], [ -100.43089, 20.64151 ], [ -100.43071, 20.64055 ], [ -100.43061, 20.64017 ], [ -100.4304, 20.63951 ], [ -100.42874, 20.63612 ], [ -100.42792, 20.63437 ], [ -100.4272, 20.63277 ], [ -100.42376, 20.62454 ], [ -100.4231, 20.62301 ], [ -100.42255, 20.62149 ], [ -100.42222, 20.6203 ], [ -100.42224, 20.62011 ], [ -100.42217, 20.61989 ], [ -100.42158, 20.61768 ], [ -100.42093, 20.61545 ], [ -100.41977, 20.6112 ], [ -100.41867, 20.60742 ], [ -100.41759, 20.60362 ], [ -100.41684, 20.60092 ], [ -100.41605, 20.59815 ], [ -100.41525, 20.59539 ], [ -100.41418, 20.59161 ], [ -100.41315, 20.58795 ], [ -100.413, 20.58756 ], [ -100.4128, 20.58717 ], [ -100.41238, 20.58647 ], [ -100.4115, 20.58554 ], [ -100.40942, 20.58358 ], [ -100.40718, 20.58156 ], [ -100.40691, 20.58168 ], [ -100.4067, 20.58186 ], [ -100.40557, 20.58342 ], [ -100.40536, 20.58376 ], [ -100.40518, 20.58389 ], [ -100.40505, 20.58398 ], [ -100.40477, 20.58408 ], [ -100.40455, 20.58413 ], [ -100.40428, 20.58407 ], [ -100.40371, 20.58399 ], [ -100.40342, 20.58404 ], [ -100.40314, 20.58415 ], [ -100.40265, 20.58444 ], [ -100.40226, 20.58463 ], [ -100.39938, 20.58564 ], [ -100.39654, 20.58661 ], [ -100.39597, 20.58445 ], [ -100.39562, 20.5832 ], [ -100.39463, 20.58376 ], [ -100.3919, 20.58474 ], [ -100.38931, 20.58568 ], [ -100.38575, 20.58698 ], [ -100.38582, 20.58713 ], [ -100.38898, 20.58596 ], [ -100.39113, 20.5852 ], [ -100.3932, 20.58444 ], [ -100.39376, 20.58426 ], [ -100.39468, 20.58392 ], [ -100.39513, 20.58371 ], [ -100.39817, 20.58178 ], [ -100.39917, 20.58089 ], [ -100.40067, 20.58272 ], [ -100.40201, 20.58446 ], [ -100.40222, 20.58484 ], [ -100.40237, 20.58475 ], [ -100.40326, 20.5843 ], [ -100.40347, 20.58423 ], [ -100.40376, 20.58421 ], [ -100.40412, 20.58424 ], [ -100.40452, 20.58431 ], [ -100.40487, 20.58425 ], [ -100.40509, 20.58421 ], [ -100.40532, 20.58408 ], [ -100.40563, 20.58373 ], [ -100.4068, 20.5821 ], [ -100.40703, 20.58192 ], [ -100.40992, 20.58456 ], [ -100.41171, 20.58622 ], [ -100.41207, 20.58666 ], [ -100.41231, 20.58705 ], [ -100.41256, 20.58744 ], [ -100.41274, 20.58794 ], [ -100.41395, 20.5921 ], [ -100.41469, 20.59481 ], [ -100.41554, 20.5979 ], [ -100.4164, 20.6008 ], [ -100.41738, 20.60417 ], [ -100.41829, 20.60756 ], [ -100.41928, 20.61099 ], [ -100.42034, 20.61476 ], [ -100.42135, 20.61825 ], [ -100.42182, 20.61997 ], [ -100.42224, 20.62141 ], [ -100.42259, 20.62244 ], [ -100.42693, 20.6331 ], [ -100.42997, 20.63955 ], [ -100.43024, 20.6402 ], [ -100.43039, 20.64086 ], [ -100.43047, 20.64145 ], [ -100.43064, 20.64325 ], [ -100.43077, 20.64494 ], [ -100.43089, 20.64583 ], [ -100.43091, 20.64701 ], [ -100.43099, 20.64802 ], [ -100.43098, 20.6483 ], [ -100.4308, 20.64854 ], [ -100.43068, 20.64862 ], [ -100.43055, 20.64863 ], [ -100.43027, 20.64864 ], [ -100.4301, 20.64853 ], [ -100.43003, 20.64842 ], [ -100.4299, 20.64819 ], [ -100.42987, 20.64793 ], [ -100.42995, 20.6476 ], [ -100.4302, 20.6473 ], [ -100.43057, 20.64715 ], [ -100.4325, 20.64696 ], [ -100.433, 20.64696 ], [ -100.43324, 20.64706 ], [ -100.4335, 20.64722 ], [ -100.43484, 20.64812 ], [ -100.43667, 20.64948 ], [ -100.43728, 20.65001 ], [ -100.43798, 20.65082 ], [ -100.43852, 20.65154 ], [ -100.4388, 20.65201 ], [ -100.43905, 20.65239 ], [ -100.43949, 20.65335 ], [ -100.43984, 20.65425 ], [ -100.44004, 20.65493 ], [ -100.44024, 20.65567 ], [ -100.4405, 20.65654 ], [ -100.44178, 20.66092 ], [ -100.44247, 20.66325 ], [ -100.4428, 20.66442 ], [ -100.44307, 20.66525 ], [ -100.44324, 20.6657 ], [ -100.44343, 20.66616 ], [ -100.44387, 20.66709 ], [ -100.4442, 20.66753 ], [ -100.44448, 20.66795 ], [ -100.44482, 20.66832 ], [ -100.44524, 20.66866 ], [ -100.44855, 20.67135 ], [ -100.45025, 20.67271 ], [ -100.45184, 20.67403 ], [ -100.45239, 20.67441 ], [ -100.45258, 20.67437 ], [ -100.45307, 20.6739 ], [ -100.45457, 20.67371 ], [ -100.45536, 20.6735 ], [ -100.4558, 20.67358 ], [ -100.4567, 20.6742 ], [ -100.45742, 20.67477 ], [ -100.45819, 20.67563 ], [ -100.4552, 20.67727 ], [ -100.45475, 20.67751 ], [ -100.45434, 20.67765 ], [ -100.4541, 20.67767 ], [ -100.45114, 20.6776 ], [ -100.45123, 20.67886 ], [ -100.45131, 20.67912 ], [ -100.4514, 20.67927 ], [ -100.45147, 20.67941 ], [ -100.45158, 20.67956 ], [ -100.45201, 20.6799 ], [ -100.45348, 20.68092 ], [ -100.45351, 20.68096 ], [ -100.45344, 20.68122 ], [ -100.45314, 20.68173 ], [ -100.45294, 20.68199 ], [ -100.45284, 20.6821 ], [ -100.45266, 20.68228 ], [ -100.4526, 20.68252 ], [ -100.45255, 20.68296 ], [ -100.45249, 20.68348 ], [ -100.45219, 20.68768 ], [ -100.45185, 20.69138 ], [ -100.45167, 20.69317 ], [ -100.45156, 20.69476 ], [ -100.45156, 20.6949 ], [ -100.45164, 20.695 ], [ -100.45173, 20.69511 ], [ -100.45279, 20.69695 ], [ -100.45296, 20.69721 ], [ -100.45314, 20.69736 ], [ -100.45389, 20.6978 ], [ -100.45405, 20.69796 ], [ -100.45445, 20.69848 ], [ -100.45466, 20.6991 ], [ -100.45479, 20.69961 ], [ -100.45487, 20.69993 ], [ -100.45483, 20.70074 ], [ -100.45491, 20.7017 ], [ -100.45497, 20.70207 ], [ -100.45505, 20.70232 ], [ -100.45532, 20.70313 ], [ -100.45637, 20.70554 ], [ -100.45563, 20.70583 ], [ -100.45512, 20.70663 ], [ -100.45467, 20.70685 ], [ -100.45416, 20.70702 ], [ -100.45393, 20.70717 ], [ -100.45371, 20.70739 ], [ -100.45343, 20.70767 ], [ -100.45322, 20.70785 ], [ -100.45304, 20.70794 ], [ -100.45281, 20.70799 ], [ -100.45266, 20.70798 ], [ -100.45256, 20.70804 ], [ -100.45249, 20.70811 ], [ -100.45258, 20.70821 ], [ -100.45304, 20.70828 ], [ -100.45508, 20.70891 ], [ -100.4557, 20.70898 ], [ -100.45622, 20.70883 ], [ -100.45825, 20.70807 ], [ -100.4607, 20.70707 ], [ -100.46069, 20.70703 ], [ -100.45863, 20.70788 ], [ -100.45768, 20.70823 ], [ -100.45627, 20.70879 ], [ -100.45567, 20.70895 ], [ -100.45513, 20.70888 ], [ -100.45315, 20.70826 ], [ -100.45281, 20.70815 ], [ -100.4528, 20.70807 ], [ -100.45274, 20.70796 ], [ -100.45252, 20.70798 ], [ -100.4513, 20.70765 ], [ -100.4505, 20.70734 ], [ -100.44946, 20.7067 ], [ -100.44904, 20.70636 ], [ -100.44899, 20.70623 ], [ -100.44882, 20.70614 ], [ -100.44864, 20.70623 ], [ -100.44858, 20.70621 ], [ -100.44826, 20.70622 ], [ -100.44498, 20.70552 ], [ -100.44335, 20.70519 ], [ -100.44309, 20.70506 ], [ -100.44293, 20.70495 ], [ -100.44275, 20.70499 ], [ -100.44263, 20.7051 ], [ -100.44043, 20.70526 ], [ -100.43919, 20.70544 ], [ -100.4382, 20.70554 ], [ -100.438, 20.70556 ], [ -100.43777, 20.70547 ], [ -100.43727, 20.70552 ], [ -100.43732, 20.70588 ], [ -100.43778, 20.70583 ], [ -100.43795, 20.70572 ], [ -100.43999, 20.70543 ], [ -100.44099, 20.70535 ], [ -100.44256, 20.70526 ], [ -100.44269, 20.70527 ], [ -100.44285, 20.70533 ], [ -100.44307, 20.70529 ], [ -100.44494, 20.70566 ], [ -100.44705, 20.70611 ], [ -100.44855, 20.70639 ], [ -100.44877, 20.70653 ], [ -100.44896, 20.70653 ], [ -100.45034, 20.70743 ], [ -100.45113, 20.70773 ], [ -100.4523, 20.70807 ], [ -100.45244, 20.7081 ], [ -100.45259, 20.70823 ], [ -100.45282, 20.70824 ], [ -100.45509, 20.70892 ], [ -100.45569, 20.70898 ], [ -100.45621, 20.70885 ], [ -100.45825, 20.70806 ], [ -100.46074, 20.70707 ], [ -100.46069, 20.70701 ], [ -100.45858, 20.70788 ], [ -100.45768, 20.70825 ], [ -100.45627, 20.70875 ], [ -100.45566, 20.70893 ], [ -100.45513, 20.70888 ], [ -100.45373, 20.70842 ], [ -100.45283, 20.70816 ] ] } },
{ "type": "Feature", "properties": { "city": "Querétaro", "route_name": "67_El Nabo - Alameda", "route_name_short": "El Nabo - Alameda", "type": "Bus", "shape_id": "shape_2484" }, "geometry": { "type": "LineString", "coordinates": [ [ -100.45221, 20.67767 ], [ -100.45318, 20.6777 ], [ -100.45404, 20.67772 ], [ -100.45423, 20.67771 ], [ -100.45443, 20.67767 ], [ -100.45472, 20.67754 ], [ -100.45542, 20.67719 ], [ -100.45826, 20.6757 ], [ -100.45859, 20.67613 ], [ -100.45891, 20.67656 ], [ -100.4591, 20.67688 ], [ -100.4592, 20.67721 ], [ -100.45926, 20.67745 ], [ -100.45938, 20.67757 ], [ -100.45971, 20.67773 ], [ -100.45984, 20.67781 ], [ -100.45982, 20.67803 ], [ -100.45979, 20.6783 ], [ -100.45991, 20.67844 ], [ -100.46007, 20.67849 ], [ -100.46047, 20.67863 ], [ -100.4611, 20.67874 ], [ -100.46217, 20.67896 ], [ -100.46242, 20.67904 ], [ -100.46252, 20.67922 ], [ -100.46256, 20.67949 ], [ -100.46259, 20.67975 ], [ -100.46276, 20.67991 ], [ -100.463, 20.68008 ], [ -100.46351, 20.68027 ], [ -100.46373, 20.68036 ], [ -100.46383, 20.68047 ], [ -100.46399, 20.68075 ], [ -100.46423, 20.68099 ], [ -100.46468, 20.68136 ], [ -100.46555, 20.68201 ], [ -100.46621, 20.68254 ], [ -100.46678, 20.68304 ], [ -100.46718, 20.68339 ], [ -100.46758, 20.68363 ], [ -100.46803, 20.68365 ], [ -100.46898, 20.68369 ], [ -100.46927, 20.6837 ], [ -100.4695, 20.68362 ], [ -100.46978, 20.68354 ], [ -100.46997, 20.68357 ], [ -100.47077, 20.68372 ], [ -100.47249, 20.68407 ], [ -100.47281, 20.68413 ], [ -100.47298, 20.68425 ], [ -100.47333, 20.68461 ], [ -100.47387, 20.68526 ], [ -100.4741, 20.68553 ], [ -100.47421, 20.68593 ], [ -100.47427, 20.68617 ], [ -100.47457, 20.68654 ], [ -100.47472, 20.68671 ], [ -100.47525, 20.68692 ], [ -100.4771, 20.68758 ], [ -100.47735, 20.68774 ], [ -100.47758, 20.68817 ], [ -100.47791, 20.68891 ], [ -100.47901, 20.69118 ], [ -100.47961, 20.6924 ], [ -100.48016, 20.69349 ], [ -100.48028, 20.6936 ], [ -100.48045, 20.69376 ], [ -100.48049, 20.69409 ], [ -100.48044, 20.69419 ], [ -100.48054, 20.69425 ], [ -100.48059, 20.69451 ], [ -100.48058, 20.69489 ], [ -100.48053, 20.69502 ], [ -100.4807, 20.69547 ], [ -100.48076, 20.69543 ], [ -100.48058, 20.69504 ], [ -100.48063, 20.69482 ], [ -100.48063, 20.69447 ], [ -100.48059, 20.69429 ], [ -100.4806, 20.69412 ], [ -100.48053, 20.69406 ], [ -100.48047, 20.69375 ], [ -100.48034, 20.69356 ], [ -100.48036, 20.69331 ], [ -100.48033, 20.69279 ], [ -100.48026, 20.69237 ], [ -100.48005, 20.69201 ], [ -100.47979, 20.69158 ], [ -100.47961, 20.69075 ], [ -100.47929, 20.68952 ], [ -100.47899, 20.68872 ], [ -100.47885, 20.68844 ], [ -100.47838, 20.68819 ], [ -100.47785, 20.68788 ], [ -100.47769, 20.68788 ], [ -100.47752, 20.6877 ], [ -100.47722, 20.68758 ], [ -100.47604, 20.68715 ], [ -100.47505, 20.68679 ], [ -100.47477, 20.68665 ], [ -100.47431, 20.68615 ], [ -100.47423, 20.68576 ], [ -100.47418, 20.68559 ], [ -100.47403, 20.68533 ], [ -100.47346, 20.68468 ], [ -100.47305, 20.68424 ], [ -100.47283, 20.68409 ], [ -100.47229, 20.68401 ], [ -100.47084, 20.68369 ], [ -100.46983, 20.68351 ], [ -100.46919, 20.68365 ], [ -100.46868, 20.68363 ], [ -100.46779, 20.68358 ], [ -100.4675, 20.68354 ], [ -100.46697, 20.68313 ], [ -100.46567, 20.68204 ], [ -100.46437, 20.68104 ], [ -100.46403, 20.6807 ], [ -100.46394, 20.68049 ], [ -100.46373, 20.6803 ], [ -100.46353, 20.68021 ], [ -100.46303, 20.68005 ], [ -100.46274, 20.67987 ], [ -100.46264, 20.6797 ], [ -100.4626, 20.67936 ], [ -100.46252, 20.67914 ], [ -100.46241, 20.67899 ], [ -100.46231, 20.67894 ], [ -100.46197, 20.67888 ], [ -100.46067, 20.67862 ], [ -100.46036, 20.67854 ], [ -100.46017, 20.67847 ], [ -100.45995, 20.67842 ], [ -100.45982, 20.6783 ], [ -100.45988, 20.6781 ], [ -100.45989, 20.67796 ], [ -100.45985, 20.67775 ], [ -100.45975, 20.67767 ], [ -100.4594, 20.67753 ], [ -100.45927, 20.67723 ], [ -100.45918, 20.67697 ], [ -100.45906, 20.67672 ], [ -100.4587, 20.67618 ], [ -100.45838, 20.67576 ], [ -100.45823, 20.67563 ], [ -100.45671, 20.67643 ], [ -100.45536, 20.6772 ], [ -100.45446, 20.67763 ], [ -100.45417, 20.67768 ], [ -100.45348, 20.67765 ], [ -100.45244, 20.67765 ], [ -100.45224, 20.67762 ], [ -100.45224, 20.67715 ], [ -100.45231, 20.67693 ], [ -100.45255, 20.67668 ], [ -100.45253, 20.67656 ], [ -100.45212, 20.67613 ], [ -100.45179, 20.67577 ], [ -100.45169, 20.67556 ], [ -100.45179, 20.6754 ], [ -100.45226, 20.675 ], [ -100.45245, 20.67478 ], [ -100.4525, 20.67461 ], [ -100.45246, 20.67436 ], [ -100.45208, 20.67415 ], [ -100.45008, 20.67253 ], [ -100.44837, 20.67113 ], [ -100.44486, 20.6683 ], [ -100.44446, 20.66785 ], [ -100.44393, 20.66707 ], [ -100.44332, 20.6658 ], [ -100.44307, 20.66512 ], [ -100.44289, 20.66449 ], [ -100.44254, 20.66337 ], [ -100.44202, 20.66156 ], [ -100.44088, 20.65758 ], [ -100.4403, 20.65575 ], [ -100.4397, 20.65374 ], [ -100.43945, 20.65314 ], [ -100.43919, 20.65256 ], [ -100.43888, 20.65199 ], [ -100.43852, 20.65146 ], [ -100.4376, 20.65029 ], [ -100.43685, 20.64958 ], [ -100.43588, 20.64881 ], [ -100.43493, 20.64812 ], [ -100.43486, 20.64803 ], [ -100.43364, 20.64718 ], [ -100.43341, 20.647 ], [ -100.43162, 20.64568 ], [ -100.43125, 20.6453 ], [ -100.431, 20.64262 ], [ -100.43089, 20.64151 ], [ -100.43071, 20.64055 ], [ -100.43061, 20.64017 ], [ -100.4304, 20.63951 ], [ -100.42874, 20.63612 ], [ -100.42792, 20.63437 ], [ -100.4272, 20.63277 ], [ -100.42376, 20.62454 ], [ -100.4231, 20.62301 ], [ -100.42255, 20.62149 ], [ -100.42222, 20.6203 ], [ -100.42224, 20.62011 ], [ -100.42217, 20.61989 ], [ -100.42158, 20.61768 ], [ -100.42093, 20.61545 ], [ -100.41977, 20.6112 ], [ -100.41867, 20.60742 ], [ -100.41759, 20.60362 ], [ -100.41684, 20.60092 ], [ -100.41605, 20.59815 ], [ -100.41525, 20.59539 ], [ -100.41418, 20.59161 ], [ -100.41315, 20.58795 ], [ -100.413, 20.58756 ], [ -100.4128, 20.58717 ], [ -100.41238, 20.58647 ], [ -100.4115, 20.58554 ], [ -100.40942, 20.58358 ], [ -100.40718, 20.58156 ], [ -100.40691, 20.58168 ], [ -100.4067, 20.58186 ], [ -100.40557, 20.58342 ], [ -100.40536, 20.58376 ], [ -100.40518, 20.58389 ], [ -100.40505, 20.58398 ], [ -100.40477, 20.58408 ], [ -100.40455, 20.58413 ], [ -100.40428, 20.58407 ], [ -100.40371, 20.58399 ], [ -100.40342, 20.58404 ], [ -100.40314, 20.58415 ], [ -100.40265, 20.58444 ], [ -100.40226, 20.58463 ], [ -100.39938, 20.58564 ], [ -100.39654, 20.58661 ], [ -100.39597, 20.58445 ], [ -100.39562, 20.5832 ], [ -100.39463, 20.58376 ], [ -100.3919, 20.58474 ], [ -100.38931, 20.58568 ], [ -100.38575, 20.58698 ], [ -100.38582, 20.58713 ], [ -100.38898, 20.58596 ], [ -100.39113, 20.5852 ], [ -100.3932, 20.58444 ], [ -100.39376, 20.58426 ], [ -100.39468, 20.58392 ], [ -100.39513, 20.58371 ], [ -100.39817, 20.58178 ], [ -100.39917, 20.58089 ], [ -100.40067, 20.58272 ], [ -100.40201, 20.58446 ], [ -100.40222, 20.58484 ], [ -100.40237, 20.58475 ], [ -100.40326, 20.5843 ], [ -100.40347, 20.58423 ], [ -100.40376, 20.58421 ], [ -100.40412, 20.58424 ], [ -100.40452, 20.58431 ], [ -100.40487, 20.58425 ], [ -100.40509, 20.58421 ], [ -100.40532, 20.58408 ], [ -100.40563, 20.58373 ], [ -100.4068, 20.5821 ], [ -100.40703, 20.58192 ], [ -100.40992, 20.58456 ], [ -100.41171, 20.58622 ], [ -100.41207, 20.58666 ], [ -100.41231, 20.58705 ], [ -100.41256, 20.58744 ], [ -100.41274, 20.58794 ], [ -100.41395, 20.5921 ], [ -100.41469, 20.59481 ], [ -100.41554, 20.5979 ], [ -100.4164, 20.6008 ], [ -100.41738, 20.60417 ], [ -100.41829, 20.60756 ], [ -100.41928, 20.61099 ], [ -100.42034, 20.61476 ], [ -100.42135, 20.61825 ], [ -100.42182, 20.61997 ], [ -100.42224, 20.62141 ], [ -100.42259, 20.62244 ], [ -100.42693, 20.6331 ], [ -100.42997, 20.63955 ], [ -100.43024, 20.6402 ], [ -100.43039, 20.64086 ], [ -100.43047, 20.64145 ], [ -100.43064, 20.64325 ], [ -100.43077, 20.64494 ], [ -100.43089, 20.64583 ], [ -100.43091, 20.64701 ], [ -100.43099, 20.64802 ], [ -100.43098, 20.6483 ], [ -100.4308, 20.64854 ], [ -100.43068, 20.64862 ], [ -100.43055, 20.64863 ], [ -100.43027, 20.64864 ], [ -100.4301, 20.64853 ], [ -100.43003, 20.64842 ], [ -100.4299, 20.64819 ], [ -100.42987, 20.64793 ], [ -100.42995, 20.6476 ], [ -100.4302, 20.6473 ], [ -100.43057, 20.64715 ], [ -100.4325, 20.64696 ], [ -100.433, 20.64696 ], [ -100.43324, 20.64706 ], [ -100.4335, 20.64722 ], [ -100.43484, 20.64812 ], [ -100.43667, 20.64948 ], [ -100.43728, 20.65001 ], [ -100.43798, 20.65082 ], [ -100.43852, 20.65154 ], [ -100.4388, 20.65201 ], [ -100.43905, 20.65239 ], [ -100.43949, 20.65335 ], [ -100.43984, 20.65425 ], [ -100.44004, 20.65493 ], [ -100.44024, 20.65567 ], [ -100.4405, 20.65654 ], [ -100.44178, 20.66092 ], [ -100.44247, 20.66325 ], [ -100.4428, 20.66442 ], [ -100.44307, 20.66525 ], [ -100.44324, 20.6657 ], [ -100.44343, 20.66616 ], [ -100.44387, 20.66709 ], [ -100.4442, 20.66753 ], [ -100.44448, 20.66795 ], [ -100.44482, 20.66832 ], [ -100.44524, 20.66866 ], [ -100.44855, 20.67135 ], [ -100.45025, 20.67271 ], [ -100.45184, 20.67403 ], [ -100.45242, 20.67446 ], [ -100.45243, 20.6746 ], [ -100.4524, 20.67476 ], [ -100.4523, 20.67491 ], [ -100.45171, 20.67543 ], [ -100.45161, 20.67556 ], [ -100.45171, 20.67576 ], [ -100.45191, 20.67599 ], [ -100.45247, 20.67659 ], [ -100.45249, 20.67664 ], [ -100.45223, 20.67696 ], [ -100.45219, 20.67712 ], [ -100.4522, 20.67767 ] ] } },
{ "type": "Feature", "properties": { "city": "Querétaro", "route_name": "69_Colonia San Pedro - Santa Bárbara", "route_name_short": "Colonia San Pedro - Santa Bárbara", "type": "Bus", "shape_id": "shape_2454" }, "geometry": { "type": "LineString", "coordinates": [ [ -100.32407, 20.60202 ], [ -100.32464, 20.60309 ], [ -100.32469, 20.60308 ], [ -100.32404, 20.60189 ], [ -100.3239, 20.6016 ], [ -100.3238, 20.6012 ], [ -100.32369, 20.60074 ], [ -100.32348, 20.60035 ], [ -100.32338, 20.60018 ], [ -100.3233, 20.60001 ], [ -100.32315, 20.59953 ], [ -100.3232, 20.59876 ], [ -100.32335, 20.59786 ], [ -100.32336, 20.59753 ], [ -100.32329, 20.59684 ], [ -100.32319, 20.59579 ], [ -100.32309, 20.59524 ], [ -100.32279, 20.59387 ], [ -100.32261, 20.59291 ], [ -100.32257, 20.59245 ], [ -100.32324, 20.59242 ], [ -100.3243, 20.59238 ], [ -100.32474, 20.59237 ], [ -100.32564, 20.59232 ], [ -100.3257, 20.59237 ], [ -100.32579, 20.59243 ], [ -100.3259, 20.59242 ], [ -100.32601, 20.59232 ], [ -100.32747, 20.59228 ], [ -100.32804, 20.59203 ], [ -100.32931, 20.59146 ], [ -100.33033, 20.59099 ], [ -100.33068, 20.59083 ], [ -100.33125, 20.59071 ], [ -100.3319, 20.59065 ], [ -100.33225, 20.59065 ], [ -100.33255, 20.59072 ], [ -100.33292, 20.59085 ], [ -100.33306, 20.59099 ], [ -100.33323, 20.59103 ], [ -100.3334, 20.59101 ], [ -100.33353, 20.59091 ], [ -100.33362, 20.59075 ], [ -100.33518, 20.59063 ], [ -100.33587, 20.59051 ], [ -100.33724, 20.59016 ], [ -100.33731, 20.59018 ], [ -100.33742, 20.59028 ], [ -100.33761, 20.59033 ], [ -100.33777, 20.5903 ], [ -100.3379, 20.59019 ], [ -100.33797, 20.59003 ], [ -100.33832, 20.58995 ], [ -100.33918, 20.58964 ], [ -100.33989, 20.58942 ], [ -100.34126, 20.58904 ], [ -100.34144, 20.5891 ], [ -100.34182, 20.58915 ], [ -100.3429, 20.58921 ], [ -100.3439, 20.58908 ], [ -100.34565, 20.5888 ], [ -100.34716, 20.58856 ], [ -100.34831, 20.58837 ], [ -100.34868, 20.58837 ], [ -100.34904, 20.58844 ], [ -100.34951, 20.58863 ], [ -100.34998, 20.58888 ], [ -100.35049, 20.58914 ], [ -100.35114, 20.58936 ], [ -100.35151, 20.58939 ], [ -100.35188, 20.58941 ], [ -100.35228, 20.58931 ], [ -100.35373, 20.58887 ], [ -100.35557, 20.58832 ], [ -100.3559, 20.5883 ], [ -100.35622, 20.58832 ], [ -100.35665, 20.58845 ], [ -100.35757, 20.58889 ], [ -100.35857, 20.58936 ], [ -100.35956, 20.58973 ], [ -100.35997, 20.5898 ], [ -100.36054, 20.58976 ], [ -100.36125, 20.58949 ], [ -100.36328, 20.58882 ], [ -100.36409, 20.58862 ], [ -100.36442, 20.5886 ], [ -100.36692, 20.58849 ], [ -100.36835, 20.58833 ], [ -100.37359, 20.5874 ], [ -100.37543, 20.58708 ], [ -100.37875, 20.58657 ], [ -100.37949, 20.58641 ], [ -100.3802, 20.58632 ], [ -100.38073, 20.5863 ], [ -100.38106, 20.58633 ], [ -100.38428, 20.5871 ], [ -100.38501, 20.58722 ], [ -100.38541, 20.58723 ], [ -100.38605, 20.58707 ], [ -100.38908, 20.58595 ], [ -100.39134, 20.58513 ], [ -100.3951, 20.58369 ], [ -100.39674, 20.58271 ], [ -100.39757, 20.58221 ], [ -100.39825, 20.58169 ], [ -100.39942, 20.58063 ], [ -100.40005, 20.57984 ], [ -100.40115, 20.57852 ], [ -100.40274, 20.57665 ], [ -100.4043, 20.57475 ], [ -100.40586, 20.57281 ], [ -100.40649, 20.57203 ], [ -100.40673, 20.57182 ], [ -100.40762, 20.57073 ], [ -100.40921, 20.56873 ], [ -100.41087, 20.56668 ], [ -100.41255, 20.56466 ], [ -100.41415, 20.56273 ], [ -100.41687, 20.55943 ], [ -100.41961, 20.55612 ], [ -100.42222, 20.55285 ], [ -100.42484, 20.54972 ], [ -100.42847, 20.54532 ], [ -100.43013, 20.54328 ], [ -100.43171, 20.54138 ], [ -100.43455, 20.53784 ], [ -100.43561, 20.53661 ], [ -100.43645, 20.53558 ], [ -100.43804, 20.53368 ], [ -100.43854, 20.53323 ], [ -100.43918, 20.53275 ], [ -100.43961, 20.53255 ], [ -100.44031, 20.5323 ], [ -100.44093, 20.53212 ], [ -100.44145, 20.53204 ], [ -100.44183, 20.53202 ], [ -100.44147, 20.53012 ], [ -100.44124, 20.52855 ], [ -100.44193, 20.52772 ], [ -100.44247, 20.52709 ], [ -100.44615, 20.52256 ], [ -100.44455, 20.52138 ], [ -100.44022, 20.52665 ], [ -100.4405, 20.52694 ], [ -100.4407, 20.52728 ], [ -100.44082, 20.52771 ], [ -100.44106, 20.529 ], [ -100.44135, 20.53036 ], [ -100.44164, 20.5318 ], [ -100.44088, 20.53192 ], [ -100.44022, 20.53211 ], [ -100.43948, 20.53239 ], [ -100.43882, 20.53279 ], [ -100.43819, 20.53328 ], [ -100.4377, 20.53379 ], [ -100.43713, 20.53451 ], [ -100.43188, 20.54093 ], [ -100.42923, 20.54415 ], [ -100.42661, 20.54738 ], [ -100.42549, 20.54871 ], [ -100.42431, 20.55015 ], [ -100.42176, 20.55317 ], [ -100.41929, 20.55627 ], [ -100.41689, 20.55912 ], [ -100.41451, 20.56205 ], [ -100.41258, 20.56442 ], [ -100.41062, 20.56675 ], [ -100.40923, 20.5685 ], [ -100.40776, 20.57027 ], [ -100.40671, 20.57155 ], [ -100.40563, 20.57285 ], [ -100.40462, 20.57404 ], [ -100.40375, 20.57515 ], [ -100.40224, 20.57687 ], [ -100.40089, 20.57859 ], [ -100.39958, 20.58019 ], [ -100.39902, 20.58077 ], [ -100.39813, 20.58155 ], [ -100.3978, 20.58184 ], [ -100.39692, 20.58241 ], [ -100.3948, 20.58368 ], [ -100.39157, 20.58487 ], [ -100.38907, 20.58575 ], [ -100.38591, 20.58691 ], [ -100.38544, 20.58703 ], [ -100.38498, 20.58703 ], [ -100.38463, 20.58696 ], [ -100.38324, 20.58662 ], [ -100.38282, 20.58655 ], [ -100.38222, 20.5864 ], [ -100.38103, 20.58614 ], [ -100.3807, 20.58613 ], [ -100.38034, 20.58612 ], [ -100.37792, 20.58652 ], [ -100.37556, 20.58689 ], [ -100.37084, 20.58772 ], [ -100.36829, 20.58816 ], [ -100.36635, 20.58838 ], [ -100.36428, 20.58849 ], [ -100.36334, 20.58869 ], [ -100.36256, 20.58891 ], [ -100.36198, 20.58911 ], [ -100.36149, 20.58928 ], [ -100.36078, 20.58955 ], [ -100.36029, 20.58972 ], [ -100.35985, 20.5897 ], [ -100.35937, 20.58955 ], [ -100.35798, 20.58892 ], [ -100.35702, 20.58851 ], [ -100.35646, 20.58825 ], [ -100.35592, 20.58816 ], [ -100.35551, 20.58823 ], [ -100.35503, 20.58831 ], [ -100.35275, 20.589 ], [ -100.35193, 20.58923 ], [ -100.35143, 20.58921 ], [ -100.35097, 20.58913 ], [ -100.35024, 20.58891 ], [ -100.3494, 20.58856 ], [ -100.34907, 20.58842 ], [ -100.34878, 20.58833 ], [ -100.34849, 20.58832 ], [ -100.34805, 20.58835 ], [ -100.34712, 20.58851 ], [ -100.34554, 20.58877 ], [ -100.34384, 20.58904 ], [ -100.34304, 20.58915 ], [ -100.34265, 20.58917 ], [ -100.34236, 20.58916 ], [ -100.34196, 20.58904 ], [ -100.34166, 20.58888 ], [ -100.34135, 20.58862 ], [ -100.34112, 20.58827 ], [ -100.34097, 20.58796 ], [ -100.34086, 20.58798 ], [ -100.34075, 20.58803 ], [ -100.34072, 20.58812 ], [ -100.34081, 20.58863 ], [ -100.34075, 20.58889 ], [ -100.34053, 20.58909 ], [ -100.3403, 20.58919 ], [ -100.33925, 20.58949 ], [ -100.33795, 20.58985 ], [ -100.33782, 20.58977 ], [ -100.33772, 20.58972 ], [ -100.33756, 20.58971 ], [ -100.33744, 20.58976 ], [ -100.33732, 20.58989 ], [ -100.33728, 20.59005 ], [ -100.33626, 20.59029 ], [ -100.33587, 20.59038 ], [ -100.33496, 20.59049 ], [ -100.33442, 20.59052 ], [ -100.3337, 20.59051 ], [ -100.33351, 20.5905 ], [ -100.33341, 20.59042 ], [ -100.33325, 20.59038 ], [ -100.33312, 20.59039 ], [ -100.33298, 20.59051 ], [ -100.33266, 20.59057 ], [ -100.332, 20.59053 ], [ -100.33148, 20.59053 ], [ -100.33088, 20.59064 ], [ -100.3304, 20.59079 ], [ -100.3292, 20.59135 ], [ -100.32796, 20.59192 ], [ -100.32735, 20.59217 ], [ -100.32601, 20.59221 ], [ -100.32591, 20.59212 ], [ -100.32581, 20.5921 ], [ -100.3257, 20.59217 ], [ -100.3256, 20.59219 ], [ -100.32438, 20.59226 ], [ -100.32425, 20.59235 ], [ -100.32335, 20.59239 ], [ -100.32267, 20.59242 ], [ -100.32255, 20.59242 ], [ -100.32255, 20.59264 ], [ -100.32273, 20.59376 ], [ -100.32302, 20.5951 ], [ -100.32315, 20.59575 ], [ -100.32326, 20.59684 ], [ -100.32333, 20.59764 ], [ -100.32327, 20.59817 ], [ -100.32317, 20.59873 ], [ -100.32312, 20.59953 ], [ -100.32324, 20.59994 ], [ -100.32336, 20.6002 ], [ -100.32366, 20.60075 ], [ -100.32386, 20.60158 ], [ -100.32407, 20.60202 ] ] } },
{ "type": "Feature", "properties": { "city": "Querétaro", "route_name": "70_Las Teresas - Lomas del Marqués", "route_name_short": "Las Teresas - Lomas del Marqués", "type": "Bus", "shape_id": "shape_2455" }, "geometry": { "type": "LineString", "coordinates": [ [ -100.36053, 20.61077 ], [ -100.36053, 20.61084 ], [ -100.3623, 20.61078 ], [ -100.36408, 20.61071 ], [ -100.3672, 20.61061 ], [ -100.36751, 20.61076 ], [ -100.36972, 20.61178 ], [ -100.36985, 20.61205 ], [ -100.36987, 20.61231 ], [ -100.36984, 20.6125 ], [ -100.36976, 20.61271 ], [ -100.3696, 20.61293 ], [ -100.36902, 20.61336 ], [ -100.36837, 20.6138 ], [ -100.36755, 20.61425 ], [ -100.36713, 20.61438 ], [ -100.36655, 20.61443 ], [ -100.36484, 20.61445 ], [ -100.36201, 20.61455 ], [ -100.36189, 20.61476 ], [ -100.36193, 20.61498 ], [ -100.36223, 20.61496 ], [ -100.36716, 20.61482 ], [ -100.36745, 20.61474 ], [ -100.3677, 20.61463 ], [ -100.36863, 20.61416 ], [ -100.36955, 20.61359 ], [ -100.36975, 20.61339 ], [ -100.36987, 20.61318 ], [ -100.36999, 20.61288 ], [ -100.37015, 20.61252 ], [ -100.37041, 20.61218 ], [ -100.37103, 20.61174 ], [ -100.37123, 20.61158 ], [ -100.37139, 20.61136 ], [ -100.37151, 20.61109 ], [ -100.37155, 20.61077 ], [ -100.37153, 20.61009 ], [ -100.37161, 20.60983 ], [ -100.37177, 20.60957 ], [ -100.37197, 20.60941 ], [ -100.37231, 20.60928 ], [ -100.37357, 20.60915 ], [ -100.37378, 20.60917 ], [ -100.37424, 20.60927 ], [ -100.37461, 20.60946 ], [ -100.37509, 20.60967 ], [ -100.37518, 20.60984 ], [ -100.3752, 20.61007 ], [ -100.37478, 20.61066 ], [ -100.37457, 20.61093 ], [ -100.37455, 20.61111 ], [ -100.37458, 20.61127 ], [ -100.37468, 20.6114 ], [ -100.37487, 20.61151 ], [ -100.37519, 20.61153 ], [ -100.37555, 20.61148 ], [ -100.37653, 20.6109 ], [ -100.37693, 20.61087 ], [ -100.37792, 20.61108 ], [ -100.37939, 20.61145 ], [ -100.38139, 20.61077 ], [ -100.38386, 20.61273 ], [ -100.38631, 20.61469 ], [ -100.38719, 20.61526 ], [ -100.38796, 20.61566 ], [ -100.38962, 20.61632 ], [ -100.38992, 20.61657 ], [ -100.38991, 20.61711 ], [ -100.38986, 20.61736 ], [ -100.39002, 20.61778 ], [ -100.39001, 20.61836 ], [ -100.39014, 20.61841 ], [ -100.39029, 20.61836 ], [ -100.39015, 20.61803 ], [ -100.39011, 20.61716 ], [ -100.39018, 20.61684 ], [ -100.39033, 20.61614 ], [ -100.39028, 20.61539 ], [ -100.39004, 20.61415 ], [ -100.38948, 20.6122 ], [ -100.38859, 20.61024 ], [ -100.38842, 20.61004 ], [ -100.38817, 20.61003 ], [ -100.38763, 20.61022 ], [ -100.38739, 20.61024 ], [ -100.38714, 20.61016 ], [ -100.38693, 20.60986 ], [ -100.38652, 20.60881 ], [ -100.38642, 20.60841 ], [ -100.38642, 20.60814 ], [ -100.38652, 20.60787 ], [ -100.38673, 20.60757 ], [ -100.38708, 20.60726 ], [ -100.38994, 20.60516 ], [ -100.39347, 20.60253 ], [ -100.39383, 20.60198 ], [ -100.39395, 20.60141 ], [ -100.39391, 20.60028 ], [ -100.39387, 20.59917 ], [ -100.39392, 20.59894 ], [ -100.39405, 20.59884 ], [ -100.39483, 20.59839 ], [ -100.39528, 20.5982 ], [ -100.39636, 20.59816 ], [ -100.39712, 20.59831 ], [ -100.39766, 20.59821 ], [ -100.39888, 20.59768 ], [ -100.39953, 20.59741 ], [ -100.40024, 20.59671 ], [ -100.40052, 20.59661 ], [ -100.40191, 20.59621 ], [ -100.40352, 20.59617 ], [ -100.40504, 20.59601 ], [ -100.40725, 20.59595 ], [ -100.40757, 20.59599 ], [ -100.40839, 20.59627 ], [ -100.40887, 20.59648 ], [ -100.40926, 20.59651 ], [ -100.41217, 20.59632 ], [ -100.41342, 20.59538 ], [ -100.41455, 20.59531 ], [ -100.41538, 20.59527 ], [ -100.41716, 20.59513 ], [ -100.41901, 20.59499 ], [ -100.42093, 20.59482 ], [ -100.42297, 20.59464 ], [ -100.42378, 20.59455 ], [ -100.42464, 20.59447 ], [ -100.42567, 20.59447 ], [ -100.4265, 20.59448 ], [ -100.42727, 20.59445 ], [ -100.42907, 20.59423 ], [ -100.43011, 20.59411 ], [ -100.43162, 20.59395 ], [ -100.43385, 20.59374 ], [ -100.43414, 20.59371 ], [ -100.4343, 20.59372 ], [ -100.43446, 20.59385 ], [ -100.43455, 20.59404 ], [ -100.43469, 20.59485 ], [ -100.43478, 20.59596 ], [ -100.4349, 20.59808 ], [ -100.43497, 20.59861 ], [ -100.43505, 20.59898 ], [ -100.43522, 20.59971 ], [ -100.43439, 20.59975 ], [ -100.43114, 20.59985 ], [ -100.43008, 20.59987 ], [ -100.43, 20.5995 ], [ -100.43001, 20.59876 ], [ -100.43004, 20.59785 ], [ -100.43045, 20.59777 ], [ -100.43112, 20.59763 ], [ -100.43198, 20.59744 ], [ -100.43195, 20.59739 ], [ -100.43103, 20.59761 ], [ -100.43045, 20.59774 ], [ -100.43001, 20.59779 ], [ -100.42995, 20.59884 ], [ -100.42996, 20.59941 ], [ -100.43002, 20.59992 ], [ -100.43384, 20.5998 ], [ -100.43454, 20.59978 ], [ -100.43529, 20.59975 ], [ -100.43505, 20.59882 ], [ -100.43496, 20.59831 ], [ -100.43489, 20.59736 ], [ -100.43487, 20.59668 ], [ -100.43471, 20.59471 ], [ -100.4346, 20.59415 ], [ -100.43452, 20.59382 ], [ -100.43432, 20.59369 ], [ -100.43422, 20.59365 ], [ -100.43297, 20.59377 ], [ -100.43232, 20.59384 ], [ -100.43097, 20.59395 ], [ -100.42702, 20.59443 ], [ -100.42452, 20.59442 ], [ -100.42285, 20.5946 ], [ -100.42122, 20.59473 ], [ -100.41887, 20.59494 ], [ -100.41709, 20.5951 ], [ -100.41541, 20.59521 ], [ -100.41434, 20.59523 ], [ -100.41394, 20.59521 ], [ -100.41367, 20.59506 ], [ -100.41351, 20.59483 ], [ -100.41286, 20.59533 ], [ -100.41197, 20.59602 ], [ -100.41137, 20.59609 ], [ -100.41067, 20.59611 ], [ -100.40942, 20.59618 ], [ -100.40897, 20.59617 ], [ -100.40829, 20.59587 ], [ -100.40737, 20.59558 ], [ -100.40695, 20.59557 ], [ -100.4032, 20.59594 ], [ -100.40187, 20.59595 ], [ -100.40115, 20.59609 ], [ -100.40056, 20.59628 ], [ -100.40015, 20.59644 ], [ -100.39978, 20.59666 ], [ -100.39848, 20.5975 ], [ -100.39757, 20.59784 ], [ -100.39706, 20.59789 ], [ -100.39618, 20.59779 ], [ -100.39555, 20.59777 ], [ -100.3952, 20.59782 ], [ -100.39489, 20.59795 ], [ -100.39447, 20.59811 ], [ -100.39412, 20.59831 ], [ -100.39385, 20.59853 ], [ -100.39375, 20.59859 ], [ -100.39365, 20.59871 ], [ -100.39373, 20.59887 ], [ -100.39375, 20.59903 ], [ -100.39378, 20.59979 ], [ -100.39384, 20.60106 ], [ -100.39383, 20.60164 ], [ -100.39368, 20.60197 ], [ -100.39346, 20.60239 ], [ -100.38967, 20.60522 ], [ -100.38813, 20.60615 ], [ -100.38636, 20.60725 ], [ -100.38613, 20.60748 ], [ -100.38599, 20.60775 ], [ -100.3859, 20.60801 ], [ -100.38591, 20.60821 ], [ -100.38598, 20.60843 ], [ -100.38702, 20.61059 ], [ -100.38799, 20.61274 ], [ -100.3885, 20.61356 ], [ -100.3891, 20.61444 ], [ -100.38951, 20.615 ], [ -100.38963, 20.61505 ], [ -100.38995, 20.61501 ], [ -100.39014, 20.61476 ], [ -100.39004, 20.61419 ], [ -100.38993, 20.61379 ], [ -100.38964, 20.61394 ], [ -100.38941, 20.61415 ], [ -100.3892, 20.61449 ], [ -100.38956, 20.61506 ], [ -100.3898, 20.61537 ], [ -100.38984, 20.61561 ], [ -100.38962, 20.61578 ], [ -100.38945, 20.61582 ], [ -100.3881, 20.61525 ], [ -100.38702, 20.61469 ], [ -100.38433, 20.6126 ], [ -100.38157, 20.61045 ], [ -100.38107, 20.61 ], [ -100.3811, 20.60968 ], [ -100.38131, 20.60956 ], [ -100.38146, 20.60956 ], [ -100.38158, 20.60963 ], [ -100.38168, 20.60976 ], [ -100.38167, 20.60999 ], [ -100.38076, 20.61044 ], [ -100.38, 20.61103 ], [ -100.37939, 20.6114 ], [ -100.37861, 20.61118 ], [ -100.37781, 20.61102 ], [ -100.37711, 20.61081 ], [ -100.37671, 20.61077 ], [ -100.37654, 20.61078 ], [ -100.37632, 20.61087 ], [ -100.3757, 20.61126 ], [ -100.37551, 20.61134 ], [ -100.37531, 20.61138 ], [ -100.37506, 20.61138 ], [ -100.3749, 20.61136 ], [ -100.37477, 20.6113 ], [ -100.37471, 20.61112 ], [ -100.37475, 20.61095 ], [ -100.37536, 20.61019 ], [ -100.37538, 20.60984 ], [ -100.37516, 20.60947 ], [ -100.37445, 20.60916 ], [ -100.37394, 20.60901 ], [ -100.37361, 20.60897 ], [ -100.3725, 20.60909 ], [ -100.37207, 20.60918 ], [ -100.37174, 20.60931 ], [ -100.37157, 20.60949 ], [ -100.37145, 20.60969 ], [ -100.37131, 20.60999 ], [ -100.37127, 20.61039 ], [ -100.3711, 20.61119 ], [ -100.37092, 20.61143 ], [ -100.3707, 20.61164 ], [ -100.37052, 20.61173 ], [ -100.3703, 20.6118 ], [ -100.37013, 20.61179 ], [ -100.36988, 20.61179 ], [ -100.36723, 20.61056 ], [ -100.3641, 20.61065 ], [ -100.36214, 20.61073 ], [ -100.36103, 20.61077 ], [ -100.36052, 20.61077 ] ] } },
{ "type": "Feature", "properties": { "city": "Querétaro", "route_name": "72_Col. 10 de Abril - Terminal de Autobuses", "route_name_short": "Col. 10 de Abril - Terminal de Autobuses", "type": "Bus", "shape_id": "shape_2456" }, "geometry": { "type": "LineString", "coordinates": [ [ -100.35875, 20.58113 ], [ -100.35873, 20.58127 ], [ -100.35882, 20.58137 ], [ -100.35905, 20.58135 ], [ -100.35929, 20.58124 ], [ -100.35951, 20.58105 ], [ -100.35949, 20.58092 ], [ -100.35944, 20.58072 ], [ -100.35943, 20.58055 ], [ -100.35949, 20.58039 ], [ -100.35959, 20.5804 ], [ -100.36004, 20.5807 ], [ -100.3602, 20.58075 ], [ -100.36032, 20.58072 ], [ -100.36052, 20.58067 ], [ -100.36141, 20.58002 ], [ -100.36158, 20.57996 ], [ -100.36179, 20.57993 ], [ -100.36204, 20.58002 ], [ -100.36326, 20.58058 ], [ -100.36349, 20.58062 ], [ -100.36382, 20.58059 ], [ -100.36673, 20.58004 ], [ -100.36695, 20.57997 ], [ -100.36826, 20.57939 ], [ -100.37092, 20.57832 ], [ -100.37187, 20.57806 ], [ -100.37408, 20.57764 ], [ -100.37412, 20.57791 ], [ -100.37409, 20.57908 ], [ -100.37405, 20.57978 ], [ -100.37432, 20.58263 ], [ -100.37439, 20.5837 ], [ -100.37452, 20.58468 ], [ -100.37473, 20.58578 ], [ -100.37509, 20.58697 ], [ -100.3717, 20.58758 ], [ -100.37059, 20.58779 ], [ -100.37062, 20.58791 ], [ -100.37327, 20.58743 ], [ -100.37512, 20.58713 ], [ -100.37557, 20.58748 ], [ -100.37638, 20.58817 ], [ -100.37638, 20.5892 ], [ -100.37641, 20.58981 ], [ -100.37651, 20.59059 ], [ -100.37675, 20.59109 ], [ -100.37715, 20.59164 ], [ -100.37746, 20.59201 ], [ -100.37794, 20.59242 ], [ -100.37814, 20.59255 ], [ -100.37933, 20.59342 ], [ -100.38009, 20.59395 ], [ -100.38042, 20.5943 ], [ -100.38055, 20.59463 ], [ -100.38062, 20.59497 ], [ -100.38075, 20.5957 ], [ -100.38091, 20.59616 ], [ -100.38104, 20.59653 ], [ -100.38108, 20.59733 ], [ -100.38107, 20.59822 ], [ -100.38079, 20.60034 ], [ -100.38085, 20.60069 ], [ -100.38082, 20.60096 ], [ -100.38114, 20.60095 ], [ -100.382, 20.60111 ], [ -100.38306, 20.60141 ], [ -100.3837, 20.60143 ], [ -100.38426, 20.60127 ], [ -100.38511, 20.60097 ], [ -100.38584, 20.60077 ], [ -100.38687, 20.60037 ], [ -100.38682, 20.60002 ], [ -100.38633, 20.5978 ], [ -100.38451, 20.59796 ], [ -100.38422, 20.5991 ], [ -100.38401, 20.59961 ], [ -100.38392, 20.60021 ], [ -100.38395, 20.60089 ], [ -100.38405, 20.6013 ], [ -100.38583, 20.60077 ], [ -100.38688, 20.60036 ], [ -100.38751, 20.60003 ], [ -100.38853, 20.59944 ], [ -100.38898, 20.59903 ], [ -100.38915, 20.59884 ], [ -100.38954, 20.59875 ], [ -100.39044, 20.59861 ], [ -100.39115, 20.59859 ], [ -100.39166, 20.59864 ], [ -100.39231, 20.59883 ], [ -100.39311, 20.59896 ], [ -100.39352, 20.59898 ], [ -100.39388, 20.59892 ], [ -100.39408, 20.59882 ], [ -100.39483, 20.5984 ], [ -100.39524, 20.59821 ], [ -100.39589, 20.59808 ], [ -100.39625, 20.59815 ], [ -100.3971, 20.5983 ], [ -100.39754, 20.5982 ], [ -100.39876, 20.59774 ], [ -100.39945, 20.59745 ], [ -100.39999, 20.597 ], [ -100.40024, 20.59671 ], [ -100.40057, 20.59655 ], [ -100.40178, 20.59623 ], [ -100.40319, 20.59622 ], [ -100.40394, 20.59614 ], [ -100.40434, 20.59609 ], [ -100.40485, 20.59601 ], [ -100.40615, 20.59599 ], [ -100.40752, 20.59595 ], [ -100.40879, 20.59639 ], [ -100.40897, 20.59648 ], [ -100.40922, 20.59649 ], [ -100.41051, 20.59644 ], [ -100.41191, 20.59636 ], [ -100.41222, 20.59628 ], [ -100.41346, 20.59533 ], [ -100.41387, 20.59535 ], [ -100.41486, 20.59531 ], [ -100.41548, 20.59749 ], [ -100.41609, 20.59962 ], [ -100.41741, 20.60437 ], [ -100.41926, 20.61094 ], [ -100.42141, 20.6185 ], [ -100.42196, 20.6205 ], [ -100.42227, 20.62159 ], [ -100.42261, 20.62247 ], [ -100.42249, 20.62278 ], [ -100.42234, 20.6229 ], [ -100.42217, 20.62295 ], [ -100.42197, 20.6229 ], [ -100.42181, 20.6228 ], [ -100.42173, 20.62265 ], [ -100.42172, 20.62244 ], [ -100.42181, 20.62225 ], [ -100.42196, 20.62217 ], [ -100.42216, 20.62212 ], [ -100.42362, 20.62234 ], [ -100.42379, 20.6225 ], [ -100.42383, 20.62271 ], [ -100.42374, 20.6229 ], [ -100.42355, 20.62299 ], [ -100.42338, 20.623 ], [ -100.42324, 20.62294 ], [ -100.42303, 20.62272 ], [ -100.42267, 20.62193 ], [ -100.42242, 20.62113 ], [ -100.42223, 20.62034 ], [ -100.42222, 20.62005 ], [ -100.42199, 20.61915 ], [ -100.42209, 20.61907 ], [ -100.42213, 20.61898 ], [ -100.42566, 20.61823 ], [ -100.4288, 20.61758 ], [ -100.4295, 20.61759 ], [ -100.4325, 20.61705 ], [ -100.4348, 20.61666 ], [ -100.43572, 20.61912 ], [ -100.4361, 20.61876 ], [ -100.43702, 20.61827 ], [ -100.43711, 20.61822 ], [ -100.43865, 20.61955 ], [ -100.44017, 20.62094 ], [ -100.44068, 20.62159 ], [ -100.44112, 20.6223 ], [ -100.44144, 20.62298 ], [ -100.44173, 20.6239 ], [ -100.44185, 20.62455 ], [ -100.44229, 20.62646 ], [ -100.44256, 20.62763 ], [ -100.44261, 20.62807 ], [ -100.44259, 20.62838 ], [ -100.44221, 20.63024 ], [ -100.44218, 20.63065 ], [ -100.44232, 20.63104 ], [ -100.4426, 20.63182 ], [ -100.44284, 20.63174 ], [ -100.44318, 20.6325 ], [ -100.44345, 20.63342 ], [ -100.44358, 20.63391 ], [ -100.44358, 20.63438 ], [ -100.44359, 20.6348 ], [ -100.44379, 20.63511 ], [ -100.44401, 20.63528 ], [ -100.44426, 20.63548 ], [ -100.44461, 20.63564 ], [ -100.44492, 20.6357 ], [ -100.44551, 20.63556 ], [ -100.44677, 20.6351 ], [ -100.44801, 20.6347 ], [ -100.44886, 20.63692 ], [ -100.4492, 20.63781 ], [ -100.4494, 20.63825 ], [ -100.45017, 20.64022 ], [ -100.45111, 20.64255 ], [ -100.45352, 20.643 ], [ -100.4572, 20.64365 ], [ -100.46034, 20.6442 ], [ -100.46055, 20.64436 ], [ -100.46123, 20.64506 ], [ -100.46178, 20.64589 ], [ -100.46197, 20.6461 ], [ -100.46224, 20.64623 ], [ -100.46252, 20.64635 ], [ -100.46314, 20.6466 ], [ -100.46713, 20.64849 ], [ -100.46906, 20.64924 ], [ -100.46945, 20.64941 ], [ -100.46972, 20.64968 ], [ -100.47044, 20.65053 ], [ -100.47123, 20.65125 ], [ -100.47204, 20.65207 ], [ -100.47247, 20.65252 ], [ -100.47275, 20.65275 ], [ -100.47388, 20.65361 ], [ -100.47402, 20.65374 ], [ -100.47428, 20.65402 ], [ -100.47443, 20.65438 ], [ -100.4743, 20.65447 ], [ -100.47284, 20.65654 ], [ -100.472, 20.65767 ], [ -100.47122, 20.65552 ], [ -100.47082, 20.65451 ], [ -100.46932, 20.65527 ], [ -100.46813, 20.6559 ], [ -100.46789, 20.65605 ], [ -100.46718, 20.65677 ], [ -100.46644, 20.65758 ], [ -100.46598, 20.65809 ], [ -100.46572, 20.65842 ], [ -100.46499, 20.65816 ], [ -100.46476, 20.65806 ], [ -100.46462, 20.65784 ], [ -100.46446, 20.65743 ], [ -100.46432, 20.657 ], [ -100.46411, 20.65642 ], [ -100.46414, 20.65636 ], [ -100.46553, 20.65592 ], [ -100.46633, 20.65567 ], [ -100.46675, 20.65551 ], [ -100.46707, 20.65532 ], [ -100.46742, 20.6556 ], [ -100.46796, 20.65603 ], [ -100.46805, 20.65592 ], [ -100.46715, 20.65522 ], [ -100.46631, 20.65452 ], [ -100.46536, 20.65379 ], [ -100.46524, 20.65382 ], [ -100.46465, 20.6533 ], [ -100.46415, 20.65293 ], [ -100.46405, 20.65286 ], [ -100.46324, 20.65331 ], [ -100.46287, 20.65356 ], [ -100.46247, 20.65382 ], [ -100.46209, 20.65437 ], [ -100.46132, 20.65538 ], [ -100.46032, 20.65672 ], [ -100.4601, 20.65659 ], [ -100.45996, 20.65681 ], [ -100.4602, 20.65696 ], [ -100.46081, 20.65615 ], [ -100.4613, 20.65558 ], [ -100.46186, 20.6549 ], [ -100.46228, 20.65423 ], [ -100.4626, 20.65389 ], [ -100.46305, 20.65353 ], [ -100.4634, 20.65333 ], [ -100.46403, 20.65292 ], [ -100.46432, 20.6531 ], [ -100.46541, 20.65399 ], [ -100.46677, 20.65505 ], [ -100.46703, 20.65526 ], [ -100.46689, 20.65541 ], [ -100.46645, 20.65558 ], [ -100.46493, 20.65603 ], [ -100.46401, 20.65634 ], [ -100.46415, 20.65661 ], [ -100.46424, 20.65695 ], [ -100.46439, 20.65739 ], [ -100.46464, 20.65797 ], [ -100.46474, 20.6581 ], [ -100.46501, 20.6582 ], [ -100.46572, 20.65846 ], [ -100.46612, 20.658 ], [ -100.4666, 20.65747 ], [ -100.46738, 20.65662 ], [ -100.46776, 20.65623 ], [ -100.46798, 20.65604 ], [ -100.46818, 20.656 ], [ -100.46893, 20.65554 ], [ -100.47079, 20.65462 ], [ -100.47199, 20.65784 ], [ -100.47434, 20.65468 ], [ -100.47454, 20.65459 ], [ -100.47456, 20.6545 ], [ -100.47435, 20.65405 ], [ -100.47394, 20.65356 ], [ -100.47268, 20.65265 ], [ -100.47113, 20.6511 ], [ -100.47029, 20.65033 ], [ -100.46978, 20.64968 ], [ -100.46943, 20.64937 ], [ -100.4691, 20.64922 ], [ -100.46788, 20.64873 ], [ -100.46716, 20.64846 ], [ -100.466, 20.6479 ], [ -100.46416, 20.64706 ], [ -100.4626, 20.64633 ], [ -100.46218, 20.64616 ], [ -100.46196, 20.64604 ], [ -100.46172, 20.64572 ], [ -100.46147, 20.64529 ], [ -100.46083, 20.6446 ], [ -100.46029, 20.64398 ], [ -100.45933, 20.64383 ], [ -100.45718, 20.64343 ], [ -100.45375, 20.64287 ], [ -100.45223, 20.6426 ], [ -100.45118, 20.64244 ], [ -100.45092, 20.64178 ], [ -100.45035, 20.6404 ], [ -100.44948, 20.63817 ], [ -100.44942, 20.63787 ], [ -100.44917, 20.63737 ], [ -100.44887, 20.63652 ], [ -100.44806, 20.63454 ], [ -100.44657, 20.63504 ], [ -100.4456, 20.63539 ], [ -100.44499, 20.63563 ], [ -100.44464, 20.63559 ], [ -100.44432, 20.63546 ], [ -100.44404, 20.63523 ], [ -100.44381, 20.63504 ], [ -100.44364, 20.63481 ], [ -100.44361, 20.63417 ], [ -100.44358, 20.6337 ], [ -100.44347, 20.63321 ], [ -100.44297, 20.6318 ], [ -100.4426, 20.6307 ], [ -100.44254, 20.6304 ], [ -100.44254, 20.63022 ], [ -100.44282, 20.62892 ], [ -100.44292, 20.62863 ], [ -100.44294, 20.62837 ], [ -100.44278, 20.62749 ], [ -100.44268, 20.62692 ], [ -100.44225, 20.62482 ], [ -100.44199, 20.62371 ], [ -100.44185, 20.62333 ], [ -100.44175, 20.62277 ], [ -100.44155, 20.62235 ], [ -100.44098, 20.62151 ], [ -100.44036, 20.62074 ], [ -100.43897, 20.61937 ], [ -100.43768, 20.61816 ], [ -100.43727, 20.61772 ], [ -100.43701, 20.61736 ], [ -100.43687, 20.61705 ], [ -100.43677, 20.61641 ], [ -100.43671, 20.61616 ], [ -100.43439, 20.6166 ], [ -100.43164, 20.61707 ], [ -100.42938, 20.61748 ], [ -100.42881, 20.6175 ], [ -100.42585, 20.61811 ], [ -100.42225, 20.61885 ], [ -100.42182, 20.61861 ], [ -100.42034, 20.61325 ], [ -100.4187, 20.60753 ], [ -100.41773, 20.60417 ], [ -100.41641, 20.59941 ], [ -100.41585, 20.59751 ], [ -100.41533, 20.59553 ], [ -100.4152, 20.59521 ], [ -100.41414, 20.59522 ], [ -100.41389, 20.59521 ], [ -100.41365, 20.59503 ], [ -100.41352, 20.59482 ], [ -100.41218, 20.59588 ], [ -100.41191, 20.59601 ], [ -100.41169, 20.59607 ], [ -100.40916, 20.59619 ], [ -100.40892, 20.59615 ], [ -100.40871, 20.59604 ], [ -100.40749, 20.5956 ], [ -100.40695, 20.59556 ], [ -100.40591, 20.59565 ], [ -100.40305, 20.59596 ], [ -100.40174, 20.59594 ], [ -100.4005, 20.59625 ], [ -100.40015, 20.59642 ], [ -100.3995, 20.59684 ], [ -100.39843, 20.59749 ], [ -100.39756, 20.59783 ], [ -100.39705, 20.5979 ], [ -100.39624, 20.5978 ], [ -100.39577, 20.59773 ], [ -100.39536, 20.59779 ], [ -100.39486, 20.59792 ], [ -100.39428, 20.59822 ], [ -100.39384, 20.59854 ], [ -100.39369, 20.59858 ], [ -100.39356, 20.59861 ], [ -100.3933, 20.59859 ], [ -100.3914, 20.5983 ], [ -100.3896, 20.59839 ], [ -100.38928, 20.59845 ], [ -100.38905, 20.59854 ], [ -100.38872, 20.59884 ], [ -100.38833, 20.59927 ], [ -100.38812, 20.59946 ], [ -100.38786, 20.59961 ], [ -100.38739, 20.59975 ], [ -100.38678, 20.6 ], [ -100.38633, 20.59781 ], [ -100.38612, 20.59656 ], [ -100.38553, 20.59476 ], [ -100.385, 20.59312 ], [ -100.38456, 20.59318 ], [ -100.38375, 20.59102 ], [ -100.38356, 20.59105 ], [ -100.38285, 20.59124 ], [ -100.38268, 20.5912 ], [ -100.38251, 20.59111 ], [ -100.38224, 20.59118 ], [ -100.38204, 20.5913 ], [ -100.38152, 20.59135 ], [ -100.38067, 20.59142 ], [ -100.3799, 20.59149 ], [ -100.37961, 20.59155 ], [ -100.37932, 20.59164 ], [ -100.37907, 20.59174 ], [ -100.37891, 20.59185 ], [ -100.37774, 20.59126 ], [ -100.37662, 20.59076 ], [ -100.37653, 20.59042 ], [ -100.37647, 20.58991 ], [ -100.37644, 20.58908 ], [ -100.37644, 20.58819 ], [ -100.37641, 20.58715 ], [ -100.37628, 20.58677 ], [ -100.3758, 20.58687 ], [ -100.37557, 20.58399 ], [ -100.37552, 20.5835 ], [ -100.37548, 20.58272 ], [ -100.37442, 20.58277 ], [ -100.37419, 20.5804 ], [ -100.37415, 20.57976 ], [ -100.37419, 20.57913 ], [ -100.37423, 20.57773 ], [ -100.37414, 20.57747 ], [ -100.37185, 20.57787 ], [ -100.37098, 20.5781 ], [ -100.36768, 20.57949 ], [ -100.36697, 20.57978 ], [ -100.36363, 20.58047 ], [ -100.36332, 20.58049 ], [ -100.36239, 20.58011 ], [ -100.36196, 20.5799 ], [ -100.36171, 20.57988 ], [ -100.36153, 20.57989 ], [ -100.36132, 20.57997 ], [ -100.36049, 20.58059 ], [ -100.36034, 20.58062 ], [ -100.36019, 20.58065 ], [ -100.36005, 20.5806 ], [ -100.3599, 20.58046 ], [ -100.35983, 20.5803 ], [ -100.35952, 20.57891 ], [ -100.35938, 20.5788 ], [ -100.35917, 20.57884 ], [ -100.3591, 20.57901 ], [ -100.35934, 20.58009 ], [ -100.35936, 20.58033 ], [ -100.35934, 20.58073 ], [ -100.35923, 20.58098 ], [ -100.35874, 20.58114 ] ] } },
{ "type": "Feature", "properties": { "city": "Querétaro", "route_name": "75_Lourdes - Plaza las Américas", "route_name_short": "Lourdes - Plaza las Américas", "type": "Bus", "shape_id": "shape_2457" }, "geometry": { "type": "LineString", "coordinates": [ [ -100.37102, 20.58784 ], [ -100.37306, 20.58748 ], [ -100.37497, 20.58713 ], [ -100.37646, 20.58695 ], [ -100.37794, 20.58666 ], [ -100.37992, 20.58635 ], [ -100.38052, 20.58627 ], [ -100.38104, 20.58632 ], [ -100.38334, 20.58685 ], [ -100.38392, 20.587 ], [ -100.38456, 20.58716 ], [ -100.38506, 20.58719 ], [ -100.38549, 20.58719 ], [ -100.38592, 20.58708 ], [ -100.38849, 20.58615 ], [ -100.39141, 20.58508 ], [ -100.3938, 20.58422 ], [ -100.39475, 20.58387 ], [ -100.39636, 20.58293 ], [ -100.39797, 20.58195 ], [ -100.39828, 20.5817 ], [ -100.39919, 20.58089 ], [ -100.4008, 20.58288 ], [ -100.40204, 20.5845 ], [ -100.4022, 20.58482 ], [ -100.40342, 20.58426 ], [ -100.4039, 20.58421 ], [ -100.40445, 20.58431 ], [ -100.40477, 20.58427 ], [ -100.40492, 20.58427 ], [ -100.40514, 20.58418 ], [ -100.40539, 20.58398 ], [ -100.40563, 20.58372 ], [ -100.40625, 20.58287 ], [ -100.40654, 20.58243 ], [ -100.40692, 20.58203 ], [ -100.40736, 20.58174 ], [ -100.40576, 20.58022 ], [ -100.40378, 20.57849 ], [ -100.40252, 20.57732 ], [ -100.40092, 20.57588 ], [ -100.40064, 20.57558 ], [ -100.40049, 20.57534 ], [ -100.40043, 20.57515 ], [ -100.40044, 20.57498 ], [ -100.40059, 20.57481 ], [ -100.40084, 20.57469 ], [ -100.40116, 20.5747 ], [ -100.40178, 20.57496 ], [ -100.40274, 20.57554 ], [ -100.40377, 20.57638 ], [ -100.40398, 20.57663 ], [ -100.40401, 20.57683 ], [ -100.40385, 20.57704 ], [ -100.40352, 20.57707 ], [ -100.40313, 20.57692 ], [ -100.40301, 20.57672 ], [ -100.40301, 20.57649 ], [ -100.4031, 20.57618 ], [ -100.40381, 20.57531 ], [ -100.40484, 20.57417 ], [ -100.40603, 20.57262 ], [ -100.40736, 20.5709 ], [ -100.40809, 20.57006 ], [ -100.40878, 20.5692 ], [ -100.41017, 20.56747 ], [ -100.41203, 20.5653 ], [ -100.41387, 20.56301 ], [ -100.41548, 20.56114 ], [ -100.41704, 20.55922 ], [ -100.4184, 20.55757 ], [ -100.4197, 20.556 ], [ -100.42205, 20.55302 ], [ -100.42302, 20.55187 ], [ -100.4239, 20.55087 ], [ -100.42513, 20.54938 ], [ -100.42653, 20.54771 ], [ -100.4288, 20.54483 ], [ -100.43124, 20.54201 ], [ -100.43169, 20.54141 ], [ -100.43213, 20.54121 ], [ -100.43613, 20.54065 ], [ -100.43914, 20.54032 ], [ -100.44093, 20.5401 ], [ -100.44085, 20.53933 ], [ -100.44088, 20.5384 ], [ -100.44065, 20.53665 ], [ -100.44039, 20.53455 ], [ -100.44007, 20.53231 ], [ -100.44076, 20.53215 ], [ -100.44123, 20.53214 ], [ -100.44199, 20.53204 ], [ -100.44285, 20.53213 ], [ -100.44332, 20.53214 ], [ -100.44391, 20.53227 ], [ -100.44478, 20.53248 ], [ -100.44636, 20.53293 ], [ -100.44654, 20.53314 ], [ -100.44652, 20.53337 ], [ -100.44644, 20.53347 ], [ -100.44628, 20.53347 ], [ -100.44616, 20.53335 ], [ -100.44617, 20.53306 ], [ -100.44622, 20.53275 ], [ -100.44636, 20.53255 ], [ -100.44656, 20.5324 ], [ -100.44673, 20.53236 ], [ -100.44684, 20.53243 ], [ -100.44702, 20.53214 ], [ -100.44754, 20.53123 ], [ -100.44793, 20.53058 ], [ -100.44818, 20.53046 ], [ -100.44921, 20.53072 ], [ -100.44982, 20.53075 ], [ -100.45038, 20.53068 ], [ -100.45095, 20.53049 ], [ -100.45252, 20.52994 ], [ -100.45444, 20.5292 ], [ -100.45607, 20.52853 ], [ -100.45789, 20.52776 ], [ -100.46043, 20.52667 ], [ -100.46076, 20.52743 ], [ -100.46122, 20.52734 ], [ -100.46172, 20.52726 ], [ -100.46196, 20.5271 ], [ -100.4624, 20.52687 ], [ -100.46446, 20.52581 ], [ -100.46746, 20.52426 ], [ -100.46834, 20.52388 ], [ -100.46897, 20.52357 ], [ -100.46931, 20.52349 ], [ -100.46986, 20.52339 ], [ -100.47005, 20.52338 ], [ -100.47008, 20.52291 ], [ -100.47041, 20.52289 ], [ -100.47073, 20.52283 ], [ -100.47149, 20.52247 ], [ -100.47281, 20.52016 ], [ -100.47378, 20.51841 ], [ -100.47478, 20.51666 ], [ -100.47571, 20.51494 ], [ -100.47591, 20.51462 ], [ -100.47733, 20.5132 ], [ -100.47731, 20.51313 ], [ -100.47586, 20.51459 ], [ -100.47492, 20.51626 ], [ -100.4738, 20.51829 ], [ -100.47269, 20.52025 ], [ -100.47188, 20.52165 ], [ -100.47149, 20.52239 ], [ -100.47094, 20.52268 ], [ -100.47048, 20.52284 ], [ -100.47, 20.52283 ], [ -100.46998, 20.52334 ], [ -100.46937, 20.52342 ], [ -100.46919, 20.52347 ], [ -100.46801, 20.52396 ], [ -100.46691, 20.52445 ], [ -100.46545, 20.52524 ], [ -100.46452, 20.52572 ], [ -100.46362, 20.52616 ], [ -100.4622, 20.52691 ], [ -100.46189, 20.52707 ], [ -100.46169, 20.52723 ], [ -100.46078, 20.52737 ], [ -100.46073, 20.52722 ], [ -100.46042, 20.52652 ], [ -100.45734, 20.52785 ], [ -100.45441, 20.52914 ], [ -100.45273, 20.52974 ], [ -100.45102, 20.53033 ], [ -100.45022, 20.5306 ], [ -100.44969, 20.53064 ], [ -100.44892, 20.53053 ], [ -100.44827, 20.5304 ], [ -100.4481, 20.53009 ], [ -100.4483, 20.52946 ], [ -100.44855, 20.52886 ], [ -100.44885, 20.52831 ], [ -100.44878, 20.5283 ], [ -100.4486, 20.52851 ], [ -100.44831, 20.5291 ], [ -100.44789, 20.5303 ], [ -100.44747, 20.53109 ], [ -100.44712, 20.53176 ], [ -100.44681, 20.53231 ], [ -100.44654, 20.53268 ], [ -100.44639, 20.53283 ], [ -100.44552, 20.53263 ], [ -100.44498, 20.53244 ], [ -100.44466, 20.53226 ], [ -100.44343, 20.53195 ], [ -100.44279, 20.53184 ], [ -100.44165, 20.5318 ], [ -100.44168, 20.53203 ], [ -100.44313, 20.53211 ], [ -100.44403, 20.53231 ], [ -100.44479, 20.53253 ], [ -100.44573, 20.53279 ], [ -100.44582, 20.53293 ], [ -100.44587, 20.53319 ], [ -100.44556, 20.53427 ], [ -100.44555, 20.53479 ], [ -100.44578, 20.53556 ], [ -100.44624, 20.53703 ], [ -100.44611, 20.53745 ], [ -100.44597, 20.53779 ], [ -100.44557, 20.53804 ], [ -100.44468, 20.53804 ], [ -100.44435, 20.53831 ], [ -100.44394, 20.53887 ], [ -100.44323, 20.5406 ], [ -100.44296, 20.54139 ], [ -100.44303, 20.54182 ], [ -100.44323, 20.54226 ], [ -100.44371, 20.54287 ], [ -100.4447, 20.54375 ], [ -100.44503, 20.54423 ], [ -100.44518, 20.5447 ], [ -100.44528, 20.54736 ], [ -100.44545, 20.55005 ], [ -100.44171, 20.54947 ], [ -100.43997, 20.54933 ], [ -100.4399, 20.55037 ], [ -100.4392, 20.55017 ], [ -100.43725, 20.54978 ], [ -100.43468, 20.54931 ], [ -100.4338, 20.54916 ], [ -100.43151, 20.54919 ], [ -100.42985, 20.54929 ], [ -100.42906, 20.54932 ], [ -100.42874, 20.54922 ], [ -100.42783, 20.54889 ], [ -100.42759, 20.54882 ], [ -100.42741, 20.54884 ], [ -100.42653, 20.54885 ], [ -100.42632, 20.54883 ], [ -100.42613, 20.54877 ], [ -100.42558, 20.54839 ], [ -100.4251, 20.54804 ], [ -100.42511, 20.54792 ], [ -100.42509, 20.54775 ], [ -100.42518, 20.54754 ], [ -100.42531, 20.54744 ], [ -100.42551, 20.54743 ], [ -100.42568, 20.54741 ], [ -100.42586, 20.54752 ], [ -100.42597, 20.54768 ], [ -100.42601, 20.54789 ], [ -100.42597, 20.54804 ], [ -100.42591, 20.54814 ], [ -100.42536, 20.54889 ], [ -100.42392, 20.55058 ], [ -100.4226, 20.55217 ], [ -100.42064, 20.55455 ], [ -100.41871, 20.55692 ], [ -100.41659, 20.55953 ], [ -100.41547, 20.56088 ], [ -100.41438, 20.5622 ], [ -100.41169, 20.56549 ], [ -100.40962, 20.56799 ], [ -100.40859, 20.56923 ], [ -100.40767, 20.57043 ], [ -100.40767, 20.57043 ], [ -100.40706, 20.57113 ], [ -100.40652, 20.57184 ], [ -100.40535, 20.57309 ], [ -100.40465, 20.574 ], [ -100.40342, 20.57544 ], [ -100.40162, 20.57768 ], [ -100.40137, 20.57782 ], [ -100.40118, 20.57774 ], [ -100.40087, 20.57751 ], [ -100.40083, 20.57739 ], [ -100.401, 20.57711 ], [ -100.4012, 20.57684 ], [ -100.4014, 20.57676 ], [ -100.40163, 20.57677 ], [ -100.40199, 20.57709 ], [ -100.40268, 20.57776 ], [ -100.40329, 20.57852 ], [ -100.40366, 20.57886 ], [ -100.4041, 20.57928 ], [ -100.4056, 20.58058 ], [ -100.40687, 20.58172 ], [ -100.40671, 20.58184 ], [ -100.40609, 20.58274 ], [ -100.40546, 20.58357 ], [ -100.40525, 20.58384 ], [ -100.405, 20.58403 ], [ -100.40465, 20.58409 ], [ -100.40394, 20.58402 ], [ -100.40366, 20.58398 ], [ -100.40318, 20.5841 ], [ -100.40237, 20.5846 ], [ -100.4004, 20.58529 ], [ -100.39653, 20.5866 ], [ -100.39567, 20.5835 ], [ -100.39563, 20.58318 ], [ -100.39481, 20.58363 ], [ -100.39407, 20.58398 ], [ -100.39243, 20.58453 ], [ -100.3889, 20.58584 ], [ -100.38605, 20.58684 ], [ -100.38558, 20.58699 ], [ -100.38519, 20.58704 ], [ -100.38478, 20.587 ], [ -100.38365, 20.58674 ], [ -100.3823, 20.58644 ], [ -100.38102, 20.58616 ], [ -100.38061, 20.58612 ], [ -100.38029, 20.58613 ], [ -100.37884, 20.58637 ], [ -100.37646, 20.58673 ], [ -100.37419, 20.5871 ], [ -100.3706, 20.58777 ], [ -100.37063, 20.58792 ], [ -100.37102, 20.58785 ] ] } },
{ "type": "Feature", "properties": { "city": "Querétaro", "route_name": "76_Las Flores - San José el Alto", "route_name_short": "Las Flores - San José el Alto", "type": "Bus", "shape_id": "shape_2458" }, "geometry": { "type": "LineString", "coordinates": [ [ -100.45434, 20.55214 ], [ -100.45014, 20.55255 ], [ -100.4478, 20.5521 ], [ -100.44566, 20.55023 ], [ -100.44547, 20.55 ], [ -100.43994, 20.54929 ], [ -100.43996, 20.54683 ], [ -100.4399, 20.54433 ], [ -100.43983, 20.54179 ], [ -100.43957, 20.54023 ], [ -100.44088, 20.5401 ], [ -100.44088, 20.53822 ], [ -100.4405, 20.53536 ], [ -100.44008, 20.53235 ], [ -100.44077, 20.53218 ], [ -100.44129, 20.5321 ], [ -100.44183, 20.53202 ], [ -100.44181, 20.53181 ], [ -100.44132, 20.53184 ], [ -100.44064, 20.53199 ], [ -100.43955, 20.53234 ], [ -100.43888, 20.53273 ], [ -100.43825, 20.53323 ], [ -100.43779, 20.53374 ], [ -100.43611, 20.53576 ], [ -100.43195, 20.54084 ], [ -100.42937, 20.54397 ], [ -100.42679, 20.54712 ], [ -100.42327, 20.55138 ], [ -100.41911, 20.55646 ], [ -100.41457, 20.56196 ], [ -100.41127, 20.56595 ], [ -100.40802, 20.56994 ], [ -100.40569, 20.57275 ], [ -100.40473, 20.57394 ], [ -100.3991, 20.58077 ], [ -100.40073, 20.58283 ], [ -100.40154, 20.58382 ], [ -100.4022, 20.5848 ], [ -100.40338, 20.58428 ], [ -100.40387, 20.58421 ], [ -100.40438, 20.58428 ], [ -100.40463, 20.58431 ], [ -100.40484, 20.58426 ], [ -100.40521, 20.58411 ], [ -100.40543, 20.58397 ], [ -100.40563, 20.5837 ], [ -100.40671, 20.58224 ], [ -100.40704, 20.5819 ], [ -100.41009, 20.58467 ], [ -100.41186, 20.58636 ], [ -100.41234, 20.58706 ], [ -100.41267, 20.58775 ], [ -100.41478, 20.59502 ], [ -100.41717, 20.60345 ], [ -100.41932, 20.61109 ], [ -100.42143, 20.61858 ], [ -100.42165, 20.61933 ], [ -100.42168, 20.61968 ], [ -100.42156, 20.62027 ], [ -100.42142, 20.6207 ], [ -100.42112, 20.62111 ], [ -100.42081, 20.6214 ], [ -100.42038, 20.62153 ], [ -100.41995, 20.6215 ], [ -100.41894, 20.62134 ], [ -100.41851, 20.62124 ], [ -100.41765, 20.62109 ], [ -100.41611, 20.62085 ], [ -100.41484, 20.62058 ], [ -100.41414, 20.62036 ], [ -100.41344, 20.62004 ], [ -100.41112, 20.61933 ], [ -100.4086, 20.61859 ], [ -100.40607, 20.61776 ], [ -100.40413, 20.61722 ], [ -100.40416, 20.61765 ], [ -100.40424, 20.61804 ], [ -100.40437, 20.61845 ], [ -100.40556, 20.62091 ], [ -100.40564, 20.62142 ], [ -100.4058, 20.62274 ], [ -100.40644, 20.62795 ], [ -100.40651, 20.62872 ], [ -100.40665, 20.62961 ], [ -100.40657, 20.63012 ], [ -100.40578, 20.63288 ], [ -100.4057, 20.63323 ], [ -100.40569, 20.63356 ], [ -100.40576, 20.63391 ], [ -100.40605, 20.63492 ], [ -100.4061, 20.63525 ], [ -100.40566, 20.64055 ], [ -100.40546, 20.64255 ], [ -100.40531, 20.64356 ], [ -100.40514, 20.64447 ], [ -100.40448, 20.6483 ], [ -100.40392, 20.65134 ], [ -100.40063, 20.65083 ], [ -100.39785, 20.65039 ], [ -100.39686, 20.65022 ], [ -100.39679, 20.64904 ], [ -100.39674, 20.64858 ], [ -100.39668, 20.64841 ], [ -100.39637, 20.64818 ], [ -100.39604, 20.64722 ], [ -100.39507, 20.64707 ], [ -100.39208, 20.64654 ], [ -100.39176, 20.64645 ], [ -100.39153, 20.6473 ], [ -100.39134, 20.6481 ], [ -100.39131, 20.64894 ], [ -100.39136, 20.64923 ], [ -100.39144, 20.64933 ], [ -100.39146, 20.64982 ], [ -100.39155, 20.65033 ], [ -100.39152, 20.65083 ], [ -100.39137, 20.65133 ], [ -100.39107, 20.65174 ], [ -100.39057, 20.65207 ], [ -100.3898, 20.65247 ], [ -100.38911, 20.65282 ], [ -100.38858, 20.65298 ], [ -100.38753, 20.65301 ], [ -100.3846, 20.65322 ], [ -100.38122, 20.65347 ], [ -100.37888, 20.65364 ], [ -100.37817, 20.65377 ], [ -100.3775, 20.65407 ], [ -100.37709, 20.65436 ], [ -100.37669, 20.65478 ], [ -100.37658, 20.655 ], [ -100.37603, 20.65597 ], [ -100.37609, 20.65598 ], [ -100.3767, 20.65491 ], [ -100.37709, 20.65445 ], [ -100.37752, 20.65414 ], [ -100.37814, 20.65391 ], [ -100.37863, 20.6538 ], [ -100.37898, 20.65376 ], [ -100.38252, 20.65348 ], [ -100.38538, 20.65326 ], [ -100.38787, 20.65316 ], [ -100.38856, 20.65311 ], [ -100.38932, 20.6529 ], [ -100.39062, 20.65223 ], [ -100.3912, 20.65181 ], [ -100.39149, 20.65143 ], [ -100.39168, 20.65097 ], [ -100.39171, 20.65039 ], [ -100.39164, 20.6499 ], [ -100.39166, 20.64961 ], [ -100.39161, 20.6488 ], [ -100.39169, 20.64812 ], [ -100.39206, 20.64666 ], [ -100.39593, 20.64731 ], [ -100.39611, 20.64788 ], [ -100.39622, 20.64821 ], [ -100.39657, 20.6485 ], [ -100.39666, 20.64864 ], [ -100.39667, 20.64917 ], [ -100.39671, 20.65025 ], [ -100.40073, 20.6509 ], [ -100.404, 20.6514 ], [ -100.40445, 20.64893 ], [ -100.40519, 20.64469 ], [ -100.40549, 20.64314 ], [ -100.40565, 20.64173 ], [ -100.40576, 20.64051 ], [ -100.40604, 20.63716 ], [ -100.40621, 20.63542 ], [ -100.40613, 20.63487 ], [ -100.40586, 20.63387 ], [ -100.4058, 20.63351 ], [ -100.40582, 20.63315 ], [ -100.40636, 20.63117 ], [ -100.4067, 20.63 ], [ -100.40673, 20.62961 ], [ -100.40652, 20.628 ], [ -100.40624, 20.62565 ], [ -100.40567, 20.62092 ], [ -100.40442, 20.61832 ], [ -100.40432, 20.61799 ], [ -100.4044, 20.61783 ], [ -100.40452, 20.61772 ], [ -100.41101, 20.61965 ], [ -100.41593, 20.62118 ], [ -100.42367, 20.62231 ], [ -100.42382, 20.62255 ], [ -100.42383, 20.62272 ], [ -100.42376, 20.62283 ], [ -100.42359, 20.62297 ], [ -100.42334, 20.62299 ], [ -100.42301, 20.62264 ], [ -100.42265, 20.62188 ], [ -100.42247, 20.62128 ], [ -100.42222, 20.62041 ], [ -100.42221, 20.62003 ], [ -100.42201, 20.61927 ], [ -100.4198, 20.61136 ], [ -100.41792, 20.60485 ], [ -100.41761, 20.60367 ], [ -100.41657, 20.60001 ], [ -100.41547, 20.59615 ], [ -100.41441, 20.59231 ], [ -100.41346, 20.58899 ], [ -100.4132, 20.58808 ], [ -100.4129, 20.58735 ], [ -100.41259, 20.5868 ], [ -100.4121, 20.58614 ], [ -100.41092, 20.58501 ], [ -100.40758, 20.58192 ], [ -100.40581, 20.58026 ], [ -100.40224, 20.57707 ], [ -100.40067, 20.57567 ], [ -100.40046, 20.57523 ], [ -100.40045, 20.57495 ], [ -100.40063, 20.57477 ], [ -100.401, 20.57466 ], [ -100.40121, 20.57471 ], [ -100.40177, 20.57496 ], [ -100.40296, 20.57571 ], [ -100.40385, 20.57643 ], [ -100.40401, 20.57665 ], [ -100.40398, 20.57685 ], [ -100.40388, 20.57699 ], [ -100.40369, 20.57711 ], [ -100.40338, 20.57703 ], [ -100.4031, 20.57685 ], [ -100.40298, 20.57657 ], [ -100.40313, 20.57622 ], [ -100.40485, 20.57411 ], [ -100.40632, 20.57226 ], [ -100.40653, 20.57189 ], [ -100.40782, 20.57031 ], [ -100.41216, 20.56513 ], [ -100.41389, 20.56299 ], [ -100.41687, 20.55944 ], [ -100.41957, 20.55617 ], [ -100.42228, 20.55274 ], [ -100.42488, 20.5497 ], [ -100.42621, 20.54804 ], [ -100.4267, 20.54752 ], [ -100.42707, 20.54725 ], [ -100.42903, 20.54492 ], [ -100.42921, 20.54458 ], [ -100.42923, 20.54436 ], [ -100.42956, 20.54397 ], [ -100.43028, 20.54313 ], [ -100.43162, 20.5414 ], [ -100.43296, 20.53978 ], [ -100.43431, 20.53818 ], [ -100.43699, 20.53496 ], [ -100.43795, 20.53377 ], [ -100.4385, 20.53329 ], [ -100.43905, 20.53286 ], [ -100.43961, 20.53252 ], [ -100.44032, 20.53227 ], [ -100.44127, 20.5321 ], [ -100.442, 20.53203 ], [ -100.4433, 20.53206 ], [ -100.44574, 20.53276 ], [ -100.44583, 20.53299 ], [ -100.44588, 20.53324 ], [ -100.44568, 20.53372 ], [ -100.44553, 20.53454 ], [ -100.44564, 20.53503 ], [ -100.44589, 20.53581 ], [ -100.44622, 20.5369 ], [ -100.44626, 20.53716 ], [ -100.44604, 20.53772 ], [ -100.44574, 20.53795 ], [ -100.44553, 20.53802 ], [ -100.44477, 20.53809 ], [ -100.44455, 20.53815 ], [ -100.4439, 20.53898 ], [ -100.44331, 20.54042 ], [ -100.44302, 20.54116 ], [ -100.443, 20.54163 ], [ -100.44313, 20.54203 ], [ -100.44336, 20.54251 ], [ -100.44371, 20.54293 ], [ -100.44424, 20.5434 ], [ -100.44451, 20.54359 ], [ -100.44482, 20.54397 ], [ -100.44512, 20.54436 ], [ -100.4452, 20.54467 ], [ -100.44522, 20.54556 ], [ -100.44537, 20.54889 ], [ -100.44543, 20.55009 ], [ -100.44558, 20.55026 ], [ -100.44644, 20.55102 ], [ -100.44777, 20.55216 ], [ -100.44812, 20.55221 ], [ -100.44991, 20.55256 ], [ -100.4502, 20.5526 ], [ -100.45287, 20.55232 ], [ -100.45435, 20.55221 ], [ -100.45434, 20.55214 ] ] } },
{ "type": "Feature", "properties": { "city": "Querétaro", "route_name": "77_Col. 20 de Enero - Plaza las Américas", "route_name_short": "Col. 20 de Enero - Plaza las Américas", "type": "Bus", "shape_id": "shape_2459" }, "geometry": { "type": "LineString", "coordinates": [ [ -100.45769, 20.5192 ], [ -100.45765, 20.51921 ], [ -100.45843, 20.52119 ], [ -100.45881, 20.52211 ], [ -100.4591, 20.52271 ], [ -100.45825, 20.52301 ], [ -100.45838, 20.52332 ], [ -100.45919, 20.52305 ], [ -100.45948, 20.52374 ], [ -100.45828, 20.52414 ], [ -100.45668, 20.52472 ], [ -100.45566, 20.5221 ], [ -100.4528, 20.52315 ], [ -100.45158, 20.52362 ], [ -100.45056, 20.52399 ], [ -100.45032, 20.52403 ], [ -100.45017, 20.52365 ], [ -100.45011, 20.52317 ], [ -100.44962, 20.52337 ], [ -100.44906, 20.52349 ], [ -100.44878, 20.52352 ], [ -100.44863, 20.52405 ], [ -100.44894, 20.52452 ], [ -100.44924, 20.52503 ], [ -100.44925, 20.5252 ], [ -100.45105, 20.52747 ], [ -100.45163, 20.5272 ], [ -100.45348, 20.52948 ], [ -100.45084, 20.53042 ], [ -100.45095, 20.5307 ], [ -100.45105, 20.53101 ], [ -100.45118, 20.53133 ], [ -100.45107, 20.53151 ], [ -100.45106, 20.53172 ], [ -100.45113, 20.5319 ], [ -100.45121, 20.53205 ], [ -100.45147, 20.53207 ], [ -100.45164, 20.53197 ], [ -100.45171, 20.53176 ], [ -100.45173, 20.53152 ], [ -100.45223, 20.53135 ], [ -100.45889, 20.52936 ], [ -100.45905, 20.52951 ], [ -100.45878, 20.53266 ], [ -100.45854, 20.53544 ], [ -100.45841, 20.53606 ], [ -100.45391, 20.53486 ], [ -100.44728, 20.53306 ], [ -100.44463, 20.53228 ], [ -100.44382, 20.53207 ], [ -100.443, 20.53187 ], [ -100.44205, 20.5318 ], [ -100.44163, 20.53183 ], [ -100.44167, 20.53204 ], [ -100.44228, 20.53206 ], [ -100.44283, 20.53205 ], [ -100.44335, 20.53212 ], [ -100.44578, 20.5328 ], [ -100.44586, 20.53319 ], [ -100.44571, 20.5337 ], [ -100.4456, 20.53444 ], [ -100.44556, 20.53462 ], [ -100.44558, 20.53479 ], [ -100.44626, 20.53693 ], [ -100.4463, 20.5371 ], [ -100.44598, 20.53781 ], [ -100.44579, 20.53798 ], [ -100.4447, 20.53809 ], [ -100.44438, 20.5383 ], [ -100.44401, 20.53896 ], [ -100.44347, 20.5403 ], [ -100.44323, 20.54076 ], [ -100.44312, 20.54123 ], [ -100.44308, 20.54164 ], [ -100.44325, 20.54221 ], [ -100.44356, 20.54268 ], [ -100.44395, 20.54321 ], [ -100.44402, 20.54332 ], [ -100.44419, 20.54344 ], [ -100.44448, 20.54348 ], [ -100.44484, 20.54387 ], [ -100.44522, 20.54439 ], [ -100.4455, 20.54998 ], [ -100.44129, 20.54942 ], [ -100.44004, 20.54933 ], [ -100.44003, 20.5504 ], [ -100.43836, 20.55008 ], [ -100.43797, 20.54995 ], [ -100.43421, 20.54917 ], [ -100.43377, 20.54913 ], [ -100.42888, 20.54927 ], [ -100.42869, 20.54916 ], [ -100.42802, 20.54896 ], [ -100.42754, 20.54879 ], [ -100.42612, 20.54875 ], [ -100.42534, 20.54828 ], [ -100.42518, 20.54802 ], [ -100.42523, 20.54774 ], [ -100.42533, 20.54761 ], [ -100.42553, 20.54754 ], [ -100.42576, 20.54757 ], [ -100.42596, 20.54772 ], [ -100.42601, 20.54798 ], [ -100.42597, 20.5482 ], [ -100.42261, 20.55224 ], [ -100.41952, 20.55593 ], [ -100.41594, 20.5604 ], [ -100.41474, 20.5619 ], [ -100.41302, 20.56393 ], [ -100.40892, 20.56893 ], [ -100.40465, 20.57391 ], [ -100.40333, 20.57543 ], [ -100.40295, 20.57608 ], [ -100.40181, 20.57756 ], [ -100.40167, 20.5777 ], [ -100.40152, 20.57776 ], [ -100.40139, 20.57775 ], [ -100.40101, 20.57747 ], [ -100.40102, 20.57729 ], [ -100.40147, 20.57675 ], [ -100.40165, 20.57672 ], [ -100.40207, 20.57699 ], [ -100.40299, 20.57781 ], [ -100.40349, 20.57831 ], [ -100.40401, 20.57908 ], [ -100.40561, 20.58058 ], [ -100.40682, 20.58181 ], [ -100.40549, 20.58382 ], [ -100.40515, 20.58401 ], [ -100.40473, 20.58405 ], [ -100.40366, 20.58397 ], [ -100.40318, 20.58411 ], [ -100.40245, 20.58455 ], [ -100.39867, 20.58593 ], [ -100.39665, 20.58659 ], [ -100.39579, 20.5836 ], [ -100.39536, 20.58336 ], [ -100.39464, 20.58377 ], [ -100.39162, 20.58483 ], [ -100.38918, 20.58575 ], [ -100.38585, 20.58692 ], [ -100.38512, 20.587 ], [ -100.38465, 20.58696 ], [ -100.3835, 20.58663 ], [ -100.38133, 20.58612 ], [ -100.38087, 20.58606 ], [ -100.38046, 20.58608 ], [ -100.37551, 20.58693 ], [ -100.3706, 20.58782 ], [ -100.36805, 20.58817 ], [ -100.36407, 20.58845 ], [ -100.36284, 20.58876 ], [ -100.36173, 20.58912 ], [ -100.36152, 20.58914 ], [ -100.36142, 20.58922 ], [ -100.36145, 20.58938 ], [ -100.36159, 20.5894 ], [ -100.36171, 20.58933 ], [ -100.36162, 20.58938 ], [ -100.36173, 20.58933 ], [ -100.36178, 20.58926 ], [ -100.36344, 20.58872 ], [ -100.36421, 20.58855 ], [ -100.36686, 20.58842 ], [ -100.36947, 20.58813 ], [ -100.37484, 20.58717 ], [ -100.37939, 20.58644 ], [ -100.38029, 20.5863 ], [ -100.38086, 20.58627 ], [ -100.3813, 20.58636 ], [ -100.38497, 20.58717 ], [ -100.3854, 20.58718 ], [ -100.38607, 20.58706 ], [ -100.38865, 20.58609 ], [ -100.39147, 20.58507 ], [ -100.39375, 20.58426 ], [ -100.39476, 20.58391 ], [ -100.3953, 20.58364 ], [ -100.39824, 20.58173 ], [ -100.39922, 20.58091 ], [ -100.4008, 20.58288 ], [ -100.40234, 20.58482 ], [ -100.40334, 20.5843 ], [ -100.40377, 20.58419 ], [ -100.40422, 20.58426 ], [ -100.40466, 20.58428 ], [ -100.40499, 20.58425 ], [ -100.40525, 20.58417 ], [ -100.40571, 20.5837 ], [ -100.40684, 20.58212 ], [ -100.40854, 20.58113 ], [ -100.40852, 20.58105 ], [ -100.40845, 20.58097 ], [ -100.40715, 20.58153 ], [ -100.4059, 20.58032 ], [ -100.40423, 20.57884 ], [ -100.40084, 20.57586 ], [ -100.40044, 20.57528 ], [ -100.4004, 20.57503 ], [ -100.40059, 20.57477 ], [ -100.40089, 20.57468 ], [ -100.4012, 20.57472 ], [ -100.4018, 20.57495 ], [ -100.40301, 20.5756 ], [ -100.40379, 20.57635 ], [ -100.404, 20.57663 ], [ -100.40403, 20.57672 ], [ -100.40398, 20.57683 ], [ -100.40389, 20.57697 ], [ -100.40371, 20.57707 ], [ -100.4033, 20.57698 ], [ -100.40309, 20.57684 ], [ -100.403, 20.57664 ], [ -100.40308, 20.57634 ], [ -100.40483, 20.57428 ], [ -100.40779, 20.57074 ], [ -100.41206, 20.5653 ], [ -100.41435, 20.56264 ], [ -100.41905, 20.5568 ], [ -100.42431, 20.55043 ], [ -100.42725, 20.54693 ], [ -100.42899, 20.54486 ], [ -100.43184, 20.54127 ], [ -100.4362, 20.54072 ], [ -100.43916, 20.54034 ], [ -100.44112, 20.54013 ], [ -100.44107, 20.53825 ], [ -100.44002, 20.53229 ], [ -100.44059, 20.53217 ], [ -100.44105, 20.53205 ], [ -100.44158, 20.53198 ], [ -100.44295, 20.53201 ], [ -100.44402, 20.53224 ], [ -100.4446, 20.53237 ], [ -100.45141, 20.53427 ], [ -100.4586, 20.53623 ], [ -100.45861, 20.53561 ], [ -100.45886, 20.53265 ], [ -100.45916, 20.52952 ], [ -100.45931, 20.52936 ], [ -100.45934, 20.52925 ], [ -100.4593, 20.52917 ], [ -100.45921, 20.52908 ], [ -100.45903, 20.52907 ], [ -100.45892, 20.52917 ], [ -100.45887, 20.52932 ], [ -100.45235, 20.53128 ], [ -100.45175, 20.53147 ], [ -100.45162, 20.53142 ], [ -100.45144, 20.53132 ], [ -100.45124, 20.53131 ], [ -100.45093, 20.53054 ], [ -100.4526, 20.52991 ], [ -100.45444, 20.52924 ], [ -100.45442, 20.52913 ], [ -100.45353, 20.52945 ], [ -100.45164, 20.52711 ], [ -100.45037, 20.52563 ], [ -100.44965, 20.52465 ], [ -100.44998, 20.52418 ], [ -100.45025, 20.5241 ], [ -100.45042, 20.5241 ], [ -100.45382, 20.52283 ], [ -100.45563, 20.52215 ], [ -100.45603, 20.5232 ], [ -100.45668, 20.52477 ], [ -100.45868, 20.52404 ], [ -100.45954, 20.52374 ], [ -100.45922, 20.52299 ], [ -100.4584, 20.52324 ], [ -100.45831, 20.52304 ], [ -100.45915, 20.52276 ], [ -100.45886, 20.5221 ], [ -100.4584, 20.52096 ], [ -100.4577, 20.5192 ] ] } },
{ "type": "Feature", "properties": { "city": "Querétaro", "route_name": "78_El Pozo - Mercado Escobedo", "route_name_short": "El Pozo - Mercado Escobedo", "type": "Bus", "shape_id": "shape_2471" }, "geometry": { "type": "LineString", "coordinates": [ [ -100.39766, 20.59817 ], [ -100.39859, 20.59783 ], [ -100.39939, 20.59753 ], [ -100.39978, 20.59719 ], [ -100.39919, 20.59519 ], [ -100.39814, 20.59183 ], [ -100.39652, 20.58662 ], [ -100.39347, 20.5876 ], [ -100.38755, 20.58968 ], [ -100.38514, 20.59051 ], [ -100.38383, 20.59098 ], [ -100.38336, 20.59114 ], [ -100.38279, 20.59124 ], [ -100.38263, 20.59113 ], [ -100.38243, 20.59111 ], [ -100.3822, 20.59118 ], [ -100.38209, 20.59131 ], [ -100.38101, 20.59142 ], [ -100.37976, 20.59148 ], [ -100.37944, 20.59159 ], [ -100.37888, 20.59183 ], [ -100.37683, 20.59084 ], [ -100.3766, 20.59076 ], [ -100.3768, 20.59122 ], [ -100.37723, 20.59178 ], [ -100.37814, 20.59254 ], [ -100.37989, 20.59384 ], [ -100.38029, 20.59425 ], [ -100.3805, 20.59455 ], [ -100.38064, 20.59512 ], [ -100.38069, 20.59547 ], [ -100.38086, 20.596 ], [ -100.38107, 20.59648 ], [ -100.38108, 20.59712 ], [ -100.38104, 20.59838 ], [ -100.38099, 20.59916 ], [ -100.38079, 20.60031 ], [ -100.3808, 20.60051 ], [ -100.38085, 20.60066 ], [ -100.38092, 20.6008 ], [ -100.38089, 20.60094 ], [ -100.3815, 20.60099 ], [ -100.38198, 20.60109 ], [ -100.3831, 20.60139 ], [ -100.38339, 20.60143 ], [ -100.38389, 20.60138 ], [ -100.38451, 20.60118 ], [ -100.38544, 20.60086 ], [ -100.38616, 20.60067 ], [ -100.38709, 20.60027 ], [ -100.38817, 20.5997 ], [ -100.38862, 20.59939 ], [ -100.38918, 20.59886 ], [ -100.38954, 20.59875 ], [ -100.39064, 20.59862 ], [ -100.39123, 20.59859 ], [ -100.39176, 20.59868 ], [ -100.39294, 20.59892 ], [ -100.39331, 20.59899 ], [ -100.39355, 20.59896 ], [ -100.39373, 20.59888 ], [ -100.39378, 20.59899 ], [ -100.39379, 20.59962 ], [ -100.39384, 20.60115 ], [ -100.39385, 20.60157 ], [ -100.39369, 20.60197 ], [ -100.39339, 20.60244 ], [ -100.39316, 20.60265 ], [ -100.39292, 20.60279 ], [ -100.39266, 20.60294 ], [ -100.39241, 20.6032 ], [ -100.3911, 20.60419 ], [ -100.3895, 20.60535 ], [ -100.38781, 20.60633 ], [ -100.38644, 20.60721 ], [ -100.38622, 20.60738 ], [ -100.38597, 20.60779 ], [ -100.38588, 20.60817 ], [ -100.38577, 20.6084 ], [ -100.38553, 20.60864 ], [ -100.38516, 20.60874 ], [ -100.3849, 20.60876 ], [ -100.38449, 20.60863 ], [ -100.38407, 20.60832 ], [ -100.3837, 20.60796 ], [ -100.38359, 20.60775 ], [ -100.3835, 20.60773 ], [ -100.38332, 20.60779 ], [ -100.38326, 20.60785 ], [ -100.38331, 20.6083 ], [ -100.38319, 20.60859 ], [ -100.383, 20.60888 ], [ -100.38282, 20.60907 ], [ -100.38235, 20.60956 ], [ -100.38199, 20.60978 ], [ -100.38137, 20.61012 ], [ -100.38041, 20.6107 ], [ -100.37998, 20.61105 ], [ -100.37949, 20.61137 ], [ -100.37911, 20.6117 ], [ -100.37903, 20.61196 ], [ -100.37903, 20.61226 ], [ -100.37916, 20.61257 ], [ -100.37978, 20.6132 ], [ -100.38034, 20.61401 ], [ -100.38046, 20.61428 ], [ -100.38058, 20.61476 ], [ -100.38064, 20.61534 ], [ -100.38073, 20.61584 ], [ -100.38089, 20.61625 ], [ -100.38113, 20.61652 ], [ -100.38187, 20.61707 ], [ -100.38226, 20.61737 ], [ -100.38249, 20.61777 ], [ -100.38261, 20.61828 ], [ -100.38265, 20.61888 ], [ -100.3828, 20.61944 ], [ -100.38314, 20.61991 ], [ -100.38384, 20.62046 ], [ -100.38467, 20.62111 ], [ -100.38514, 20.62149 ], [ -100.38545, 20.62187 ], [ -100.38574, 20.62232 ], [ -100.38589, 20.62263 ], [ -100.38592, 20.62292 ], [ -100.38583, 20.62322 ], [ -100.38569, 20.62347 ], [ -100.38541, 20.62364 ], [ -100.38507, 20.62377 ], [ -100.38454, 20.62386 ], [ -100.38083, 20.6243 ], [ -100.37687, 20.62479 ], [ -100.37546, 20.62492 ], [ -100.37493, 20.625 ], [ -100.37463, 20.62508 ], [ -100.37408, 20.62509 ], [ -100.3734, 20.62516 ], [ -100.37308, 20.62532 ], [ -100.3726, 20.62547 ], [ -100.37182, 20.6257 ], [ -100.37123, 20.62579 ], [ -100.37079, 20.62591 ], [ -100.37018, 20.62614 ], [ -100.36875, 20.62666 ], [ -100.36822, 20.62688 ], [ -100.36807, 20.62689 ], [ -100.36796, 20.6267 ], [ -100.36772, 20.62631 ], [ -100.36758, 20.62619 ], [ -100.36719, 20.62608 ], [ -100.36669, 20.62599 ], [ -100.36635, 20.62599 ], [ -100.3657, 20.62603 ], [ -100.36496, 20.62612 ], [ -100.36362, 20.62626 ], [ -100.3633, 20.62625 ], [ -100.36221, 20.62605 ], [ -100.36174, 20.62598 ], [ -100.36149, 20.62596 ], [ -100.36099, 20.62606 ], [ -100.35815, 20.6266 ], [ -100.35799, 20.62663 ], [ -100.35756, 20.62688 ], [ -100.35571, 20.62797 ], [ -100.35332, 20.6294 ], [ -100.35197, 20.63014 ], [ -100.35131, 20.6304 ], [ -100.35035, 20.63075 ], [ -100.34794, 20.63167 ], [ -100.34603, 20.63234 ], [ -100.34361, 20.63324 ], [ -100.34294, 20.63349 ], [ -100.34202, 20.63371 ], [ -100.34149, 20.6338 ], [ -100.3414, 20.63369 ], [ -100.34127, 20.63365 ], [ -100.34112, 20.6337 ], [ -100.34104, 20.6338 ], [ -100.34068, 20.63386 ], [ -100.33928, 20.63396 ], [ -100.33756, 20.63407 ], [ -100.33636, 20.63414 ], [ -100.3361, 20.63411 ], [ -100.33572, 20.63404 ], [ -100.33539, 20.634 ], [ -100.33514, 20.63399 ], [ -100.33497, 20.63406 ], [ -100.33479, 20.6342 ], [ -100.33459, 20.63453 ], [ -100.33294, 20.63731 ], [ -100.33272, 20.63773 ], [ -100.33269, 20.63796 ], [ -100.33271, 20.63846 ], [ -100.33185, 20.63858 ], [ -100.3311, 20.63865 ], [ -100.33091, 20.63871 ], [ -100.33046, 20.63898 ], [ -100.33019, 20.63928 ], [ -100.3298, 20.63972 ], [ -100.32957, 20.64008 ], [ -100.32914, 20.64058 ], [ -100.32903, 20.6407 ], [ -100.3291, 20.64073 ], [ -100.32953, 20.64018 ], [ -100.32976, 20.63986 ], [ -100.32992, 20.63963 ], [ -100.33018, 20.63933 ], [ -100.33042, 20.63911 ], [ -100.33064, 20.63891 ], [ -100.33104, 20.63873 ], [ -100.33162, 20.63865 ], [ -100.33278, 20.6385 ], [ -100.33272, 20.63809 ], [ -100.33274, 20.63778 ], [ -100.33292, 20.63743 ], [ -100.33347, 20.63649 ], [ -100.3347, 20.63445 ], [ -100.33487, 20.6342 ], [ -100.33505, 20.63409 ], [ -100.33521, 20.63404 ], [ -100.33547, 20.63406 ], [ -100.33583, 20.63409 ], [ -100.33614, 20.63417 ], [ -100.33668, 20.63417 ], [ -100.33921, 20.63401 ], [ -100.34107, 20.63387 ], [ -100.34114, 20.63395 ], [ -100.34125, 20.634 ], [ -100.34137, 20.63401 ], [ -100.34146, 20.63392 ], [ -100.34157, 20.63383 ], [ -100.34267, 20.63361 ], [ -100.34316, 20.63346 ], [ -100.34382, 20.63322 ], [ -100.34717, 20.63199 ], [ -100.34959, 20.63109 ], [ -100.35191, 20.63023 ], [ -100.35235, 20.63 ], [ -100.35445, 20.62878 ], [ -100.35704, 20.62725 ], [ -100.358, 20.62668 ], [ -100.35833, 20.62662 ], [ -100.36137, 20.62602 ], [ -100.36169, 20.62603 ], [ -100.36233, 20.62613 ], [ -100.36325, 20.62628 ], [ -100.36345, 20.62631 ], [ -100.36382, 20.62627 ], [ -100.36619, 20.62604 ], [ -100.36662, 20.62603 ], [ -100.36686, 20.62606 ], [ -100.36728, 20.62614 ], [ -100.36756, 20.62624 ], [ -100.36775, 20.62639 ], [ -100.36797, 20.62683 ], [ -100.36811, 20.62696 ], [ -100.36829, 20.62691 ], [ -100.3691, 20.62657 ], [ -100.37112, 20.62584 ], [ -100.37164, 20.62576 ], [ -100.37217, 20.62566 ], [ -100.37323, 20.62536 ], [ -100.3735, 20.6252 ], [ -100.37415, 20.62512 ], [ -100.37454, 20.62513 ], [ -100.37335, 20.6258 ], [ -100.37176, 20.62673 ], [ -100.36949, 20.628 ], [ -100.36892, 20.62821 ], [ -100.36796, 20.62849 ], [ -100.36622, 20.62869 ], [ -100.36512, 20.62882 ], [ -100.36494, 20.62894 ], [ -100.36487, 20.629 ], [ -100.36491, 20.62909 ], [ -100.36512, 20.62916 ], [ -100.36726, 20.6289 ], [ -100.36805, 20.62877 ], [ -100.36911, 20.6285 ], [ -100.37032, 20.62795 ], [ -100.37191, 20.62702 ], [ -100.3746, 20.62547 ], [ -100.37497, 20.62533 ], [ -100.37531, 20.62523 ], [ -100.37821, 20.62491 ], [ -100.38207, 20.62442 ], [ -100.38504, 20.62405 ], [ -100.38536, 20.62395 ], [ -100.38578, 20.62365 ], [ -100.38601, 20.6233 ], [ -100.38606, 20.62292 ], [ -100.38599, 20.62262 ], [ -100.38578, 20.62219 ], [ -100.38534, 20.62163 ], [ -100.38393, 20.62043 ], [ -100.3832, 20.61986 ], [ -100.38294, 20.61951 ], [ -100.38278, 20.61917 ], [ -100.38272, 20.61878 ], [ -100.38263, 20.61802 ], [ -100.38255, 20.61768 ], [ -100.38235, 20.61733 ], [ -100.38204, 20.6171 ], [ -100.38162, 20.61678 ], [ -100.38118, 20.61647 ], [ -100.38096, 20.61614 ], [ -100.38078, 20.61569 ], [ -100.38072, 20.61519 ], [ -100.38062, 20.6144 ], [ -100.38044, 20.61402 ], [ -100.38018, 20.61357 ], [ -100.37961, 20.61288 ], [ -100.37922, 20.61247 ], [ -100.37911, 20.61219 ], [ -100.37915, 20.61185 ], [ -100.37932, 20.61161 ], [ -100.38001, 20.61115 ], [ -100.38038, 20.61085 ], [ -100.38078, 20.61056 ], [ -100.38199, 20.60985 ], [ -100.3824, 20.60967 ], [ -100.38283, 20.60963 ], [ -100.38347, 20.60948 ], [ -100.38372, 20.60927 ], [ -100.38404, 20.60906 ], [ -100.38424, 20.60906 ], [ -100.38479, 20.60908 ], [ -100.38556, 20.60905 ], [ -100.38645, 20.60796 ], [ -100.38679, 20.60751 ], [ -100.38713, 20.60721 ], [ -100.38765, 20.60682 ], [ -100.38935, 20.60561 ], [ -100.39187, 20.60374 ], [ -100.39332, 20.60266 ], [ -100.39373, 20.60216 ], [ -100.39389, 20.60178 ], [ -100.39398, 20.60142 ], [ -100.39396, 20.60094 ], [ -100.39388, 20.59903 ], [ -100.39394, 20.5989 ], [ -100.39405, 20.5988 ], [ -100.3942, 20.59878 ], [ -100.39477, 20.59844 ], [ -100.39517, 20.59822 ], [ -100.39544, 20.59818 ], [ -100.39619, 20.59814 ], [ -100.39649, 20.59818 ], [ -100.39695, 20.5983 ], [ -100.39724, 20.59829 ], [ -100.39768, 20.59818 ] ] } },
{ "type": "Feature", "properties": { "city": "Querétaro", "route_name": "80_Las Américas - Lázaro Cárdenas", "route_name_short": "Las Américas - Lázaro Cárdenas", "type": "Bus", "shape_id": "shape_2460" }, "geometry": { "type": "LineString", "coordinates": [ [ -100.37423, 20.56204 ], [ -100.37774, 20.56588 ], [ -100.37755, 20.5662 ], [ -100.37484, 20.56668 ], [ -100.37454, 20.56677 ], [ -100.37408, 20.56695 ], [ -100.37512, 20.56822 ], [ -100.37477, 20.56825 ], [ -100.37502, 20.56857 ], [ -100.37654, 20.57015 ], [ -100.37266, 20.57088 ], [ -100.37265, 20.57161 ], [ -100.37276, 20.57275 ], [ -100.37225, 20.57287 ], [ -100.37236, 20.57361 ], [ -100.37401, 20.57736 ], [ -100.37412, 20.57782 ], [ -100.37407, 20.57983 ], [ -100.37429, 20.58269 ], [ -100.37453, 20.58471 ], [ -100.37467, 20.58563 ], [ -100.37519, 20.58724 ], [ -100.37639, 20.58816 ], [ -100.37641, 20.58932 ], [ -100.3765, 20.5905 ], [ -100.37677, 20.59116 ], [ -100.37746, 20.59199 ], [ -100.37794, 20.59239 ], [ -100.38005, 20.59394 ], [ -100.38034, 20.59423 ], [ -100.38051, 20.59451 ], [ -100.38063, 20.59506 ], [ -100.38082, 20.59592 ], [ -100.38103, 20.59639 ], [ -100.38107, 20.59777 ], [ -100.38107, 20.59837 ], [ -100.38087, 20.59971 ], [ -100.38077, 20.60042 ], [ -100.38086, 20.60071 ], [ -100.38089, 20.60095 ], [ -100.38112, 20.60093 ], [ -100.38167, 20.60101 ], [ -100.38237, 20.60119 ], [ -100.38312, 20.60137 ], [ -100.38367, 20.60142 ], [ -100.38423, 20.60129 ], [ -100.38577, 20.60076 ], [ -100.3867, 20.60046 ], [ -100.38688, 20.60037 ], [ -100.38659, 20.59907 ], [ -100.38635, 20.59776 ], [ -100.38449, 20.59799 ], [ -100.38428, 20.59895 ], [ -100.384, 20.59965 ], [ -100.38394, 20.6001 ], [ -100.38396, 20.60107 ], [ -100.38411, 20.60131 ], [ -100.38457, 20.60117 ], [ -100.38576, 20.60075 ], [ -100.38674, 20.60043 ], [ -100.3873, 20.60016 ], [ -100.38848, 20.59948 ], [ -100.38896, 20.59901 ], [ -100.38931, 20.59881 ], [ -100.3897, 20.5987 ], [ -100.39107, 20.59858 ], [ -100.39166, 20.59865 ], [ -100.3931, 20.59896 ], [ -100.39331, 20.59902 ], [ -100.39354, 20.59898 ], [ -100.3937, 20.59889 ], [ -100.39377, 20.59899 ], [ -100.3938, 20.6003 ], [ -100.39383, 20.60142 ], [ -100.3938, 20.60176 ], [ -100.39367, 20.60209 ], [ -100.3934, 20.6024 ], [ -100.39306, 20.60274 ], [ -100.39266, 20.60295 ], [ -100.39156, 20.60385 ], [ -100.38986, 20.60507 ], [ -100.38846, 20.60597 ], [ -100.38848, 20.60607 ], [ -100.38851, 20.60619 ], [ -100.38861, 20.60613 ], [ -100.38996, 20.60517 ], [ -100.39212, 20.60357 ], [ -100.39294, 20.60295 ], [ -100.39326, 20.60277 ], [ -100.3937, 20.60285 ], [ -100.39419, 20.6033 ], [ -100.39435, 20.60327 ], [ -100.39493, 20.60321 ], [ -100.39516, 20.60339 ], [ -100.39537, 20.60342 ], [ -100.39672, 20.60388 ], [ -100.3969, 20.6039 ], [ -100.39815, 20.60385 ], [ -100.39841, 20.60382 ], [ -100.39875, 20.60369 ], [ -100.39902, 20.60365 ], [ -100.39943, 20.60361 ], [ -100.3994, 20.6072 ], [ -100.39937, 20.60933 ], [ -100.39938, 20.60969 ], [ -100.39954, 20.61107 ], [ -100.3998, 20.61287 ], [ -100.39984, 20.61318 ], [ -100.39997, 20.61315 ], [ -100.40134, 20.61295 ], [ -100.40205, 20.61302 ], [ -100.40237, 20.61278 ], [ -100.40399, 20.61202 ], [ -100.40457, 20.61157 ], [ -100.40548, 20.61073 ], [ -100.40575, 20.61069 ], [ -100.40602, 20.61071 ], [ -100.40748, 20.61104 ], [ -100.40924, 20.6116 ], [ -100.40946, 20.61183 ], [ -100.40956, 20.61211 ], [ -100.40966, 20.61259 ], [ -100.40979, 20.61466 ], [ -100.40991, 20.61581 ], [ -100.41015, 20.61762 ], [ -100.41043, 20.61994 ], [ -100.4105, 20.62031 ], [ -100.41081, 20.62093 ], [ -100.41098, 20.62126 ], [ -100.41113, 20.62163 ], [ -100.41224, 20.62485 ], [ -100.41232, 20.62505 ], [ -100.41265, 20.62736 ], [ -100.41756, 20.62686 ], [ -100.41747, 20.6259 ], [ -100.41737, 20.62526 ], [ -100.41738, 20.6251 ], [ -100.41732, 20.62481 ], [ -100.41786, 20.62467 ], [ -100.41807, 20.62452 ], [ -100.41815, 20.62433 ], [ -100.41811, 20.62383 ], [ -100.41663, 20.62413 ], [ -100.41664, 20.62419 ], [ -100.41805, 20.6239 ], [ -100.41808, 20.62432 ], [ -100.41801, 20.62449 ], [ -100.41781, 20.62463 ], [ -100.41728, 20.62478 ], [ -100.41733, 20.62511 ], [ -100.41733, 20.62527 ], [ -100.41741, 20.62594 ], [ -100.41751, 20.62676 ], [ -100.41273, 20.62727 ], [ -100.41244, 20.62507 ], [ -100.41176, 20.62314 ], [ -100.41092, 20.6209 ], [ -100.41059, 20.62039 ], [ -100.41049, 20.62 ], [ -100.41024, 20.61736 ], [ -100.40994, 20.61463 ], [ -100.40981, 20.61243 ], [ -100.4097, 20.61174 ], [ -100.40953, 20.61144 ], [ -100.40926, 20.61124 ], [ -100.40756, 20.61072 ], [ -100.4064, 20.61046 ], [ -100.40614, 20.61025 ], [ -100.40602, 20.61017 ], [ -100.40578, 20.61007 ], [ -100.40563, 20.61016 ], [ -100.40431, 20.61134 ], [ -100.40292, 20.61213 ], [ -100.40149, 20.61272 ], [ -100.39986, 20.61301 ], [ -100.3996, 20.61108 ], [ -100.39945, 20.61003 ], [ -100.39943, 20.60923 ], [ -100.39946, 20.6056 ], [ -100.39691, 20.6059 ], [ -100.39676, 20.60566 ], [ -100.3952, 20.60354 ], [ -100.39509, 20.60327 ], [ -100.395, 20.60223 ], [ -100.39497, 20.60107 ], [ -100.39489, 20.59974 ], [ -100.3947, 20.59855 ], [ -100.3945, 20.59808 ], [ -100.39439, 20.59811 ], [ -100.39389, 20.59851 ], [ -100.39371, 20.59858 ], [ -100.3935, 20.59861 ], [ -100.39234, 20.59842 ], [ -100.39126, 20.59826 ], [ -100.38993, 20.59834 ], [ -100.38941, 20.59842 ], [ -100.38907, 20.59854 ], [ -100.38865, 20.59891 ], [ -100.38829, 20.59934 ], [ -100.38793, 20.59957 ], [ -100.3874, 20.59976 ], [ -100.38705, 20.59984 ], [ -100.38676, 20.60001 ], [ -100.38609, 20.59651 ], [ -100.38496, 20.59309 ], [ -100.38458, 20.59317 ], [ -100.38419, 20.59173 ], [ -100.38389, 20.59125 ], [ -100.38301, 20.58973 ], [ -100.38151, 20.58939 ], [ -100.38046, 20.58911 ], [ -100.37892, 20.5889 ], [ -100.37737, 20.58882 ], [ -100.37647, 20.58909 ], [ -100.37638, 20.58704 ], [ -100.37632, 20.58676 ], [ -100.37516, 20.58696 ], [ -100.37474, 20.58552 ], [ -100.37439, 20.58305 ], [ -100.37418, 20.58038 ], [ -100.37414, 20.57972 ], [ -100.37418, 20.57886 ], [ -100.37423, 20.57819 ], [ -100.37423, 20.57774 ], [ -100.3741, 20.57734 ], [ -100.37248, 20.57358 ], [ -100.37238, 20.573 ], [ -100.37211, 20.57144 ], [ -100.37199, 20.57108 ], [ -100.37136, 20.56926 ], [ -100.37073, 20.56745 ], [ -100.36917, 20.56306 ], [ -100.37221, 20.56217 ], [ -100.37256, 20.56218 ], [ -100.37298, 20.56233 ], [ -100.3733, 20.5625 ], [ -100.37358, 20.56256 ], [ -100.37392, 20.56259 ], [ -100.3746, 20.56222 ], [ -100.37479, 20.56206 ], [ -100.37363, 20.56076 ], [ -100.37353, 20.56063 ], [ -100.37371, 20.56049 ], [ -100.37395, 20.56039 ], [ -100.37414, 20.56042 ], [ -100.3734, 20.55953 ], [ -100.37295, 20.559 ], [ -100.37494, 20.55833 ], [ -100.37747, 20.55748 ], [ -100.38024, 20.55648 ], [ -100.38114, 20.55616 ], [ -100.38162, 20.55649 ], [ -100.38245, 20.55707 ], [ -100.38056, 20.55862 ], [ -100.37873, 20.56006 ], [ -100.37754, 20.56103 ], [ -100.37734, 20.56087 ], [ -100.37514, 20.56057 ], [ -100.37427, 20.56042 ], [ -100.37383, 20.5604 ], [ -100.37365, 20.56044 ], [ -100.3735, 20.56057 ], [ -100.37291, 20.56006 ], [ -100.37251, 20.55984 ], [ -100.37162, 20.55951 ], [ -100.37128, 20.55947 ], [ -100.37107, 20.55952 ], [ -100.371, 20.55964 ], [ -100.37114, 20.55983 ], [ -100.37166, 20.55992 ], [ -100.37221, 20.56013 ], [ -100.37281, 20.56052 ], [ -100.37327, 20.56096 ], [ -100.37424, 20.56206 ] ] } },
{ "type": "Feature", "properties": { "city": "Querétaro", "route_name": "79_Central Park - Los Ángeles", "route_name_short": "Central Park - Los Ángeles", "type": "Bus", "shape_id": "shape_2485" }, "geometry": { "type": "LineString", "coordinates": [ [ -100.48724, 20.53747 ], [ -100.4885, 20.53714 ], [ -100.48853, 20.53674 ], [ -100.48875, 20.53498 ], [ -100.48891, 20.5339 ], [ -100.489, 20.53282 ], [ -100.48919, 20.53169 ], [ -100.48808, 20.53148 ], [ -100.48787, 20.5326 ], [ -100.48781, 20.53292 ], [ -100.48779, 20.53367 ], [ -100.48762, 20.53481 ], [ -100.48747, 20.53587 ], [ -100.48974, 20.5363 ], [ -100.48968, 20.53668 ], [ -100.48642, 20.53757 ], [ -100.48404, 20.53824 ], [ -100.48325, 20.53848 ], [ -100.48219, 20.53868 ], [ -100.4815, 20.53876 ], [ -100.48055, 20.53883 ], [ -100.47831, 20.53892 ], [ -100.47527, 20.53897 ], [ -100.4714, 20.53906 ], [ -100.47011, 20.53907 ], [ -100.46958, 20.53903 ], [ -100.46904, 20.53893 ], [ -100.46807, 20.53871 ], [ -100.46628, 20.53823 ], [ -100.46195, 20.53703 ], [ -100.45926, 20.5363 ], [ -100.45627, 20.53549 ], [ -100.45415, 20.53493 ], [ -100.45087, 20.53406 ], [ -100.44805, 20.53328 ], [ -100.44565, 20.53265 ], [ -100.44452, 20.53228 ], [ -100.44324, 20.53196 ], [ -100.44241, 20.53181 ], [ -100.44175, 20.53183 ], [ -100.44116, 20.53188 ], [ -100.44054, 20.53203 ], [ -100.44007, 20.53212 ], [ -100.43911, 20.53261 ], [ -100.43844, 20.5331 ], [ -100.4379, 20.53361 ], [ -100.43738, 20.53425 ], [ -100.4366, 20.53519 ], [ -100.43514, 20.53698 ], [ -100.43314, 20.5394 ], [ -100.43181, 20.54095 ], [ -100.43004, 20.54317 ], [ -100.42936, 20.54401 ], [ -100.42788, 20.54581 ], [ -100.42573, 20.54843 ], [ -100.42334, 20.5513 ], [ -100.42183, 20.55309 ], [ -100.42035, 20.55494 ], [ -100.41819, 20.55762 ], [ -100.41739, 20.55854 ], [ -100.41597, 20.56027 ], [ -100.41407, 20.56256 ], [ -100.41183, 20.56532 ], [ -100.40965, 20.56799 ], [ -100.40726, 20.57087 ], [ -100.40641, 20.5719 ], [ -100.40558, 20.57287 ], [ -100.40494, 20.57362 ], [ -100.40365, 20.57518 ], [ -100.40164, 20.57767 ], [ -100.40145, 20.57775 ], [ -100.40132, 20.57781 ], [ -100.40109, 20.5777 ], [ -100.40084, 20.57749 ], [ -100.40084, 20.57733 ], [ -100.40118, 20.57686 ], [ -100.40136, 20.57679 ], [ -100.40165, 20.57681 ], [ -100.40182, 20.5769 ], [ -100.40297, 20.57797 ], [ -100.40391, 20.57905 ], [ -100.40575, 20.58073 ], [ -100.40685, 20.58177 ], [ -100.40658, 20.58201 ], [ -100.40595, 20.58289 ], [ -100.40547, 20.5836 ], [ -100.40518, 20.58389 ], [ -100.40484, 20.58407 ], [ -100.4045, 20.58411 ], [ -100.40419, 20.58404 ], [ -100.40391, 20.58401 ], [ -100.40358, 20.584 ], [ -100.40318, 20.58411 ], [ -100.4026, 20.58444 ], [ -100.40209, 20.58469 ], [ -100.40094, 20.58509 ], [ -100.39894, 20.58579 ], [ -100.39805, 20.58609 ], [ -100.39654, 20.58663 ], [ -100.39613, 20.58516 ], [ -100.39565, 20.58341 ], [ -100.39572, 20.58335 ], [ -100.39568, 20.58318 ], [ -100.39494, 20.58356 ], [ -100.39364, 20.58416 ], [ -100.39151, 20.58487 ], [ -100.39043, 20.58527 ], [ -100.38896, 20.5858 ], [ -100.38594, 20.5869 ], [ -100.38535, 20.58706 ], [ -100.38472, 20.58699 ], [ -100.38383, 20.58678 ], [ -100.38346, 20.5867 ], [ -100.3827, 20.58653 ], [ -100.38164, 20.58627 ], [ -100.38099, 20.58617 ], [ -100.38049, 20.5861 ], [ -100.37992, 20.58616 ], [ -100.37815, 20.58649 ], [ -100.37533, 20.58693 ], [ -100.37333, 20.58726 ], [ -100.37026, 20.58782 ], [ -100.36913, 20.58803 ], [ -100.36775, 20.58823 ], [ -100.36722, 20.58831 ], [ -100.36569, 20.58844 ], [ -100.36437, 20.5885 ], [ -100.36381, 20.58856 ], [ -100.36295, 20.58879 ], [ -100.36172, 20.5892 ], [ -100.36098, 20.58948 ], [ -100.36041, 20.58966 ], [ -100.36002, 20.58969 ], [ -100.35954, 20.58961 ], [ -100.35911, 20.58944 ], [ -100.35857, 20.58914 ], [ -100.35841, 20.58931 ], [ -100.35922, 20.58962 ], [ -100.35972, 20.58975 ], [ -100.3601, 20.5898 ], [ -100.36052, 20.58976 ], [ -100.36151, 20.58943 ], [ -100.36215, 20.58923 ], [ -100.36282, 20.58927 ], [ -100.36391, 20.58954 ], [ -100.36419, 20.58951 ], [ -100.36457, 20.58941 ], [ -100.36479, 20.58906 ], [ -100.36482, 20.5888 ], [ -100.36463, 20.58856 ], [ -100.36432, 20.58829 ], [ -100.36391, 20.58804 ], [ -100.36361, 20.58768 ], [ -100.36349, 20.5872 ], [ -100.36325, 20.58633 ], [ -100.36295, 20.58569 ], [ -100.36278, 20.58546 ], [ -100.36253, 20.58486 ], [ -100.3622, 20.58419 ], [ -100.36203, 20.58363 ], [ -100.36194, 20.58297 ], [ -100.36186, 20.58199 ], [ -100.36173, 20.58011 ], [ -100.36154, 20.57902 ], [ -100.36135, 20.57816 ], [ -100.36099, 20.57621 ], [ -100.3608, 20.57507 ], [ -100.36082, 20.5749 ], [ -100.36077, 20.57446 ], [ -100.36079, 20.57427 ], [ -100.36087, 20.57409 ], [ -100.36121, 20.574 ], [ -100.36219, 20.57377 ], [ -100.36217, 20.57365 ], [ -100.36071, 20.57398 ], [ -100.36056, 20.57392 ], [ -100.36036, 20.57373 ], [ -100.36018, 20.57339 ], [ -100.35928, 20.57115 ], [ -100.359, 20.57059 ], [ -100.35881, 20.57048 ], [ -100.35872, 20.5705 ], [ -100.35866, 20.57063 ], [ -100.35867, 20.57087 ], [ -100.35953, 20.57285 ], [ -100.36025, 20.57462 ], [ -100.36041, 20.57511 ], [ -100.36092, 20.57731 ], [ -100.36122, 20.57823 ], [ -100.36138, 20.57897 ], [ -100.36153, 20.57964 ], [ -100.36158, 20.58011 ], [ -100.3617, 20.5819 ], [ -100.36186, 20.58341 ], [ -100.36198, 20.58391 ], [ -100.36224, 20.58459 ], [ -100.36266, 20.5856 ], [ -100.36275, 20.5859 ], [ -100.36302, 20.58665 ], [ -100.36312, 20.58702 ], [ -100.36302, 20.58736 ], [ -100.36276, 20.58784 ], [ -100.36255, 20.58848 ], [ -100.36237, 20.58876 ], [ -100.36198, 20.58911 ], [ -100.36156, 20.58926 ], [ -100.36079, 20.58953 ], [ -100.36028, 20.58968 ], [ -100.35991, 20.58967 ], [ -100.35963, 20.58963 ], [ -100.35923, 20.5895 ], [ -100.35869, 20.58921 ], [ -100.35855, 20.58913 ], [ -100.35841, 20.58932 ], [ -100.35906, 20.58956 ], [ -100.35957, 20.58972 ], [ -100.35997, 20.58978 ], [ -100.36043, 20.58977 ], [ -100.36135, 20.58948 ], [ -100.36204, 20.58925 ], [ -100.36362, 20.58873 ], [ -100.3642, 20.58863 ], [ -100.36489, 20.5886 ], [ -100.36589, 20.58852 ], [ -100.36741, 20.58844 ], [ -100.36783, 20.58841 ], [ -100.36965, 20.58809 ], [ -100.3738, 20.58734 ], [ -100.3765, 20.58693 ], [ -100.3796, 20.5864 ], [ -100.38044, 20.5863 ], [ -100.3808, 20.5863 ], [ -100.38161, 20.58642 ], [ -100.38447, 20.58714 ], [ -100.38505, 20.58722 ], [ -100.38564, 20.58718 ], [ -100.38649, 20.58688 ], [ -100.38966, 20.58575 ], [ -100.39328, 20.58442 ], [ -100.39457, 20.58391 ], [ -100.39549, 20.58347 ], [ -100.39654, 20.58283 ], [ -100.39799, 20.58191 ], [ -100.39917, 20.58091 ], [ -100.4001, 20.58203 ], [ -100.40183, 20.5842 ], [ -100.40207, 20.58458 ], [ -100.4022, 20.58483 ], [ -100.40329, 20.58428 ], [ -100.40385, 20.58421 ], [ -100.40435, 20.58431 ], [ -100.4047, 20.58429 ], [ -100.40503, 20.58423 ], [ -100.40536, 20.58403 ], [ -100.40574, 20.58363 ], [ -100.40669, 20.58231 ], [ -100.40701, 20.58192 ], [ -100.40738, 20.58176 ], [ -100.40715, 20.58149 ], [ -100.40625, 20.58064 ], [ -100.40426, 20.57879 ], [ -100.40275, 20.5775 ], [ -100.4019, 20.57678 ], [ -100.40065, 20.57562 ], [ -100.40046, 20.57526 ], [ -100.40046, 20.57504 ], [ -100.40058, 20.5748 ], [ -100.40076, 20.57472 ], [ -100.40127, 20.57474 ], [ -100.4022, 20.57522 ], [ -100.40365, 20.57624 ], [ -100.40386, 20.57647 ], [ -100.40397, 20.57664 ], [ -100.40398, 20.57688 ], [ -100.40382, 20.57703 ], [ -100.40366, 20.57708 ], [ -100.40338, 20.57703 ], [ -100.40305, 20.57681 ], [ -100.40301, 20.57666 ], [ -100.40304, 20.57642 ], [ -100.4031, 20.57613 ], [ -100.40349, 20.57568 ], [ -100.40532, 20.57346 ], [ -100.40639, 20.57215 ], [ -100.40677, 20.5716 ], [ -100.40778, 20.57039 ], [ -100.40993, 20.5678 ], [ -100.41235, 20.56496 ], [ -100.41442, 20.56235 ], [ -100.41628, 20.56019 ], [ -100.41784, 20.55822 ], [ -100.42009, 20.55553 ], [ -100.42196, 20.5532 ], [ -100.4232, 20.55165 ], [ -100.42547, 20.54898 ], [ -100.42776, 20.54619 ], [ -100.42885, 20.54476 ], [ -100.42976, 20.54373 ], [ -100.43119, 20.54191 ], [ -100.43331, 20.53938 ], [ -100.43539, 20.53688 ], [ -100.43717, 20.5347 ], [ -100.43837, 20.53336 ], [ -100.43899, 20.53291 ], [ -100.43929, 20.5327 ], [ -100.44003, 20.53235 ], [ -100.44112, 20.532 ], [ -100.44188, 20.53196 ], [ -100.44286, 20.53202 ], [ -100.44437, 20.53238 ], [ -100.44714, 20.53313 ], [ -100.45114, 20.53422 ], [ -100.45444, 20.53509 ], [ -100.45695, 20.53578 ], [ -100.46106, 20.53688 ], [ -100.46448, 20.53781 ], [ -100.46818, 20.53879 ], [ -100.4692, 20.53907 ], [ -100.4699, 20.53915 ], [ -100.47045, 20.53916 ], [ -100.47122, 20.53915 ], [ -100.47363, 20.53907 ], [ -100.47692, 20.53904 ], [ -100.47911, 20.53895 ], [ -100.48103, 20.53891 ], [ -100.48172, 20.53886 ], [ -100.48253, 20.53871 ], [ -100.48338, 20.53853 ], [ -100.48447, 20.53821 ], [ -100.48722, 20.53748 ] ] } },
{ "type": "Feature", "properties": { "city": "Querétaro", "route_name": "81_Ciudad del Sol - Centro Cívico", "route_name_short": "Ciudad del Sol - Centro Cívico", "type": "Bus", "shape_id": "shape_2461" }, "geometry": { "type": "LineString", "coordinates": [ [ -100.36102, 20.55753 ], [ -100.36202, 20.55706 ], [ -100.3624, 20.55696 ], [ -100.36286, 20.557 ], [ -100.36317, 20.55713 ], [ -100.3635, 20.55727 ], [ -100.36433, 20.55806 ], [ -100.36501, 20.55848 ], [ -100.36551, 20.55867 ], [ -100.36644, 20.55888 ], [ -100.36942, 20.55949 ], [ -100.37187, 20.55996 ], [ -100.37269, 20.56042 ], [ -100.37334, 20.561 ], [ -100.37448, 20.56229 ], [ -100.37478, 20.56206 ], [ -100.37355, 20.56067 ], [ -100.37364, 20.56051 ], [ -100.37378, 20.56044 ], [ -100.37413, 20.56044 ], [ -100.37396, 20.56018 ], [ -100.37297, 20.55901 ], [ -100.37619, 20.55789 ], [ -100.37903, 20.55693 ], [ -100.38109, 20.55618 ], [ -100.38132, 20.55629 ], [ -100.38246, 20.55708 ], [ -100.37914, 20.55979 ], [ -100.37753, 20.56102 ], [ -100.37737, 20.56087 ], [ -100.37572, 20.56065 ], [ -100.37419, 20.5604 ], [ -100.37388, 20.56039 ], [ -100.3736, 20.56047 ], [ -100.37349, 20.56063 ], [ -100.37311, 20.56023 ], [ -100.3727, 20.55995 ], [ -100.37219, 20.55973 ], [ -100.37122, 20.55945 ], [ -100.37101, 20.55955 ], [ -100.37102, 20.55969 ], [ -100.37113, 20.55981 ], [ -100.37168, 20.55993 ], [ -100.37209, 20.56007 ], [ -100.37237, 20.56025 ], [ -100.37281, 20.56052 ], [ -100.37308, 20.56074 ], [ -100.37342, 20.56111 ], [ -100.37434, 20.56216 ], [ -100.37383, 20.56246 ], [ -100.3735, 20.56242 ], [ -100.37279, 20.56211 ], [ -100.37241, 20.56205 ], [ -100.372, 20.56206 ], [ -100.37164, 20.56217 ], [ -100.36932, 20.56289 ], [ -100.36684, 20.56369 ], [ -100.36589, 20.56396 ], [ -100.36522, 20.56437 ], [ -100.36497, 20.56436 ], [ -100.36474, 20.56424 ], [ -100.36426, 20.56356 ], [ -100.36392, 20.56278 ], [ -100.36324, 20.56099 ], [ -100.3627, 20.55978 ], [ -100.36258, 20.55985 ], [ -100.36318, 20.56135 ], [ -100.36416, 20.56364 ], [ -100.36467, 20.56434 ], [ -100.3646, 20.56471 ], [ -100.36435, 20.56491 ], [ -100.36355, 20.56518 ], [ -100.36312, 20.56548 ], [ -100.36241, 20.56631 ], [ -100.36198, 20.56687 ], [ -100.36181, 20.56727 ], [ -100.36187, 20.56775 ], [ -100.36219, 20.56893 ], [ -100.36216, 20.5691 ], [ -100.36097, 20.56939 ], [ -100.35911, 20.57008 ], [ -100.35848, 20.57033 ], [ -100.36017, 20.57447 ], [ -100.36049, 20.57541 ], [ -100.3609, 20.57728 ], [ -100.3613, 20.57867 ], [ -100.36153, 20.57979 ], [ -100.36159, 20.58048 ], [ -100.36171, 20.5822 ], [ -100.36187, 20.58354 ], [ -100.36197, 20.58392 ], [ -100.36276, 20.58576 ], [ -100.36302, 20.58665 ], [ -100.36313, 20.58707 ], [ -100.36297, 20.58746 ], [ -100.36269, 20.58803 ], [ -100.36257, 20.5884 ], [ -100.36245, 20.58868 ], [ -100.36222, 20.58893 ], [ -100.3617, 20.58914 ], [ -100.36147, 20.58926 ], [ -100.36077, 20.58959 ], [ -100.36031, 20.58968 ], [ -100.35998, 20.58969 ], [ -100.35954, 20.58961 ], [ -100.35909, 20.58941 ], [ -100.35854, 20.58914 ], [ -100.3584, 20.58933 ], [ -100.35904, 20.58957 ], [ -100.35971, 20.58978 ], [ -100.3604, 20.58976 ], [ -100.36069, 20.58971 ], [ -100.36103, 20.58957 ], [ -100.36182, 20.58929 ], [ -100.36341, 20.58872 ], [ -100.3645, 20.5886 ], [ -100.36692, 20.58848 ], [ -100.36966, 20.58808 ], [ -100.3751, 20.58713 ], [ -100.37641, 20.58821 ], [ -100.37642, 20.58915 ], [ -100.37646, 20.58989 ], [ -100.37654, 20.59063 ], [ -100.37679, 20.5912 ], [ -100.37734, 20.59188 ], [ -100.37756, 20.59206 ], [ -100.37814, 20.59255 ], [ -100.37911, 20.59191 ], [ -100.37972, 20.59163 ], [ -100.38027, 20.59155 ], [ -100.38167, 20.59144 ], [ -100.38209, 20.59144 ], [ -100.38226, 20.59153 ], [ -100.38241, 20.59158 ], [ -100.38257, 20.59155 ], [ -100.38284, 20.5914 ], [ -100.383, 20.59134 ], [ -100.38356, 20.59121 ], [ -100.38404, 20.59106 ], [ -100.38681, 20.59008 ], [ -100.38973, 20.58901 ], [ -100.39499, 20.58732 ], [ -100.39643, 20.58679 ], [ -100.39867, 20.58603 ], [ -100.40185, 20.58492 ], [ -100.40232, 20.5851 ], [ -100.40325, 20.58704 ], [ -100.40483, 20.59048 ], [ -100.40623, 20.59365 ], [ -100.40697, 20.59538 ], [ -100.40749, 20.59642 ], [ -100.40793, 20.59688 ], [ -100.40849, 20.59729 ], [ -100.40897, 20.5976 ], [ -100.41124, 20.59885 ], [ -100.41224, 20.59911 ], [ -100.41387, 20.59928 ], [ -100.41558, 20.59939 ], [ -100.41588, 20.59954 ], [ -100.41613, 20.59991 ], [ -100.41718, 20.60349 ], [ -100.41937, 20.61135 ], [ -100.42147, 20.61868 ], [ -100.42193, 20.62037 ], [ -100.42242, 20.62203 ], [ -100.42257, 20.62249 ], [ -100.4225, 20.62276 ], [ -100.42235, 20.6229 ], [ -100.42213, 20.62294 ], [ -100.42189, 20.62287 ], [ -100.42174, 20.6227 ], [ -100.42172, 20.62242 ], [ -100.42184, 20.62224 ], [ -100.42212, 20.6221 ], [ -100.42363, 20.62233 ], [ -100.42501, 20.62251 ], [ -100.42548, 20.62249 ], [ -100.42588, 20.62226 ], [ -100.42644, 20.62173 ], [ -100.427, 20.62138 ], [ -100.42772, 20.6212 ], [ -100.42936, 20.6209 ], [ -100.42972, 20.6208 ], [ -100.43031, 20.62056 ], [ -100.43061, 20.62035 ], [ -100.43137, 20.62019 ], [ -100.43335, 20.61982 ], [ -100.43461, 20.61957 ], [ -100.43554, 20.61925 ], [ -100.43598, 20.61889 ], [ -100.43709, 20.61821 ], [ -100.43971, 20.62052 ], [ -100.4403, 20.6211 ], [ -100.44077, 20.62169 ], [ -100.44116, 20.62233 ], [ -100.44141, 20.62293 ], [ -100.44156, 20.62336 ], [ -100.44172, 20.62395 ], [ -100.44224, 20.62615 ], [ -100.4426, 20.62767 ], [ -100.44262, 20.62828 ], [ -100.44248, 20.62884 ], [ -100.44223, 20.63008 ], [ -100.44216, 20.6305 ], [ -100.44222, 20.63073 ], [ -100.44261, 20.63182 ], [ -100.44288, 20.63173 ], [ -100.4434, 20.63324 ], [ -100.44355, 20.63375 ], [ -100.44361, 20.63444 ], [ -100.44358, 20.63488 ], [ -100.444, 20.63533 ], [ -100.44428, 20.63552 ], [ -100.44472, 20.63563 ], [ -100.445, 20.63566 ], [ -100.44543, 20.63554 ], [ -100.44799, 20.63468 ], [ -100.44877, 20.63672 ], [ -100.44932, 20.63817 ], [ -100.45194, 20.63727 ], [ -100.4539, 20.63656 ], [ -100.45596, 20.63585 ], [ -100.45987, 20.6345 ], [ -100.46139, 20.63399 ], [ -100.46422, 20.63299 ], [ -100.46568, 20.63509 ], [ -100.46589, 20.63534 ], [ -100.46649, 20.63784 ], [ -100.46684, 20.63936 ], [ -100.46822, 20.63951 ], [ -100.47006, 20.63971 ], [ -100.47045, 20.64157 ], [ -100.4704, 20.64183 ], [ -100.46983, 20.6439 ], [ -100.47329, 20.64469 ], [ -100.47538, 20.64521 ], [ -100.47765, 20.64576 ], [ -100.47805, 20.64633 ], [ -100.47833, 20.6469 ], [ -100.47835, 20.64732 ], [ -100.47904, 20.64733 ], [ -100.47961, 20.64711 ], [ -100.48279, 20.64588 ], [ -100.4855, 20.64486 ], [ -100.48842, 20.64369 ], [ -100.49164, 20.64247 ], [ -100.49172, 20.64229 ], [ -100.49161, 20.64214 ], [ -100.4914, 20.64214 ], [ -100.48941, 20.64293 ], [ -100.48448, 20.64485 ], [ -100.48176, 20.64585 ], [ -100.48162, 20.64566 ], [ -100.48143, 20.64514 ], [ -100.48116, 20.64452 ], [ -100.4812, 20.64441 ], [ -100.48116, 20.6443 ], [ -100.48105, 20.64425 ], [ -100.48053, 20.64306 ], [ -100.48017, 20.64222 ], [ -100.48022, 20.64209 ], [ -100.48037, 20.64203 ], [ -100.48079, 20.64185 ], [ -100.48087, 20.6419 ], [ -100.48105, 20.64196 ], [ -100.48124, 20.64196 ], [ -100.48143, 20.6418 ], [ -100.48146, 20.64157 ], [ -100.48133, 20.6414 ], [ -100.48121, 20.64129 ], [ -100.48102, 20.64132 ], [ -100.48084, 20.6414 ], [ -100.48074, 20.64156 ], [ -100.48074, 20.64174 ], [ -100.48042, 20.64189 ], [ -100.48007, 20.64196 ], [ -100.47949, 20.64118 ], [ -100.47899, 20.64052 ], [ -100.47902, 20.64037 ], [ -100.47887, 20.64027 ], [ -100.47875, 20.6403 ], [ -100.47869, 20.64039 ], [ -100.47809, 20.64066 ], [ -100.47793, 20.64061 ], [ -100.47783, 20.64069 ], [ -100.47782, 20.64079 ], [ -100.4779, 20.64088 ], [ -100.47802, 20.64087 ], [ -100.47811, 20.64076 ], [ -100.47873, 20.64051 ], [ -100.47908, 20.64084 ], [ -100.47962, 20.6416 ], [ -100.48005, 20.64221 ], [ -100.48029, 20.64279 ], [ -100.48096, 20.64429 ], [ -100.48092, 20.64444 ], [ -100.48097, 20.64454 ], [ -100.48108, 20.64462 ], [ -100.48124, 20.64495 ], [ -100.48142, 20.64551 ], [ -100.48155, 20.6458 ], [ -100.48149, 20.64598 ], [ -100.48026, 20.64643 ], [ -100.4795, 20.64676 ], [ -100.47904, 20.64689 ], [ -100.47866, 20.64694 ], [ -100.47839, 20.64616 ], [ -100.47781, 20.64543 ], [ -100.47744, 20.6449 ], [ -100.47558, 20.64254 ], [ -100.47494, 20.64171 ], [ -100.47463, 20.64196 ], [ -100.47574, 20.6433 ], [ -100.47699, 20.64498 ], [ -100.47714, 20.64518 ], [ -100.47713, 20.64536 ], [ -100.47687, 20.64549 ], [ -100.47461, 20.64497 ], [ -100.47182, 20.64427 ], [ -100.46989, 20.64387 ], [ -100.47003, 20.64334 ], [ -100.47045, 20.64176 ], [ -100.47047, 20.64151 ], [ -100.47008, 20.63968 ], [ -100.46808, 20.63946 ], [ -100.46688, 20.63933 ], [ -100.46631, 20.63696 ], [ -100.46595, 20.63535 ], [ -100.46524, 20.63437 ], [ -100.46406, 20.63272 ], [ -100.45979, 20.63417 ], [ -100.45578, 20.63558 ], [ -100.45183, 20.63695 ], [ -100.44935, 20.63782 ], [ -100.44856, 20.63586 ], [ -100.44807, 20.63454 ], [ -100.44539, 20.63547 ], [ -100.44509, 20.63559 ], [ -100.4446, 20.63556 ], [ -100.44422, 20.63542 ], [ -100.44394, 20.63518 ], [ -100.44364, 20.63481 ], [ -100.44364, 20.63426 ], [ -100.44361, 20.63386 ], [ -100.44348, 20.63333 ], [ -100.44302, 20.63198 ], [ -100.44259, 20.63072 ], [ -100.44249, 20.63025 ], [ -100.4428, 20.62925 ], [ -100.44297, 20.62836 ], [ -100.44204, 20.62397 ], [ -100.44172, 20.6227 ], [ -100.44126, 20.62193 ], [ -100.44084, 20.62129 ], [ -100.4403, 20.62067 ], [ -100.438, 20.61846 ], [ -100.43729, 20.61783 ], [ -100.43691, 20.61715 ], [ -100.43674, 20.6162 ], [ -100.42959, 20.61744 ], [ -100.42878, 20.61751 ], [ -100.42779, 20.6177 ], [ -100.42592, 20.61809 ], [ -100.4222, 20.61883 ], [ -100.42183, 20.61863 ], [ -100.41976, 20.61109 ], [ -100.41786, 20.6046 ], [ -100.41542, 20.59596 ], [ -100.41521, 20.59521 ], [ -100.41406, 20.59522 ], [ -100.41385, 20.59518 ], [ -100.41363, 20.595 ], [ -100.41352, 20.59481 ], [ -100.41219, 20.59585 ], [ -100.41199, 20.59599 ], [ -100.41177, 20.59608 ], [ -100.41151, 20.59608 ], [ -100.40929, 20.59617 ], [ -100.40896, 20.59616 ], [ -100.40833, 20.59591 ], [ -100.40741, 20.59558 ], [ -100.40704, 20.59553 ], [ -100.403, 20.59597 ], [ -100.40179, 20.59595 ], [ -100.40043, 20.59628 ], [ -100.40001, 20.59651 ], [ -100.39967, 20.59675 ], [ -100.3985, 20.59291 ], [ -100.3974, 20.58957 ], [ -100.39663, 20.58704 ], [ -100.39652, 20.5866 ], [ -100.39061, 20.58858 ], [ -100.38394, 20.59094 ], [ -100.38331, 20.59112 ], [ -100.38281, 20.59125 ], [ -100.38263, 20.59112 ], [ -100.38237, 20.5911 ], [ -100.38212, 20.5913 ], [ -100.38143, 20.59136 ], [ -100.37979, 20.59147 ], [ -100.37949, 20.59157 ], [ -100.37889, 20.59185 ], [ -100.37723, 20.59101 ], [ -100.37632, 20.59062 ], [ -100.37349, 20.5892 ], [ -100.37234, 20.58999 ], [ -100.37171, 20.59041 ], [ -100.37117, 20.59008 ], [ -100.37085, 20.58979 ], [ -100.37059, 20.58948 ], [ -100.37032, 20.58904 ], [ -100.37008, 20.58849 ], [ -100.36997, 20.58787 ], [ -100.36765, 20.58825 ], [ -100.36504, 20.58838 ], [ -100.36461, 20.58828 ], [ -100.36437, 20.58815 ], [ -100.36407, 20.5878 ], [ -100.36363, 20.58727 ], [ -100.36223, 20.5842 ], [ -100.36206, 20.58379 ], [ -100.36198, 20.58338 ], [ -100.3618, 20.58101 ], [ -100.36168, 20.57972 ], [ -100.36117, 20.57701 ], [ -100.36085, 20.57547 ], [ -100.36071, 20.57476 ], [ -100.36055, 20.57424 ], [ -100.36, 20.57285 ], [ -100.35903, 20.57048 ], [ -100.35797, 20.56807 ], [ -100.35693, 20.56565 ], [ -100.35673, 20.56487 ], [ -100.35667, 20.56427 ], [ -100.35677, 20.56391 ], [ -100.35717, 20.56312 ], [ -100.35724, 20.56273 ], [ -100.35732, 20.56209 ], [ -100.35754, 20.56155 ], [ -100.35883, 20.55931 ], [ -100.35952, 20.55854 ], [ -100.3603, 20.55795 ], [ -100.36101, 20.55753 ] ] } },
{ "type": "Feature", "properties": { "city": "Querétaro", "route_name": "83_Col. Sergio Villaseñor - Rancho Bella Vista", "route_name_short": "Col. Sergio Villaseñor - Rancho Bella Vista", "type": "Bus", "shape_id": "shape_2462" }, "geometry": { "type": "LineString", "coordinates": [ [ -100.42015, 20.64565 ], [ -100.42109, 20.64561 ], [ -100.42109, 20.64456 ], [ -100.42105, 20.64455 ], [ -100.42104, 20.64558 ], [ -100.42083, 20.6456 ], [ -100.42018, 20.6456 ], [ -100.42016, 20.64531 ], [ -100.41805, 20.64535 ], [ -100.41624, 20.64539 ], [ -100.41621, 20.64491 ], [ -100.41604, 20.6441 ], [ -100.41562, 20.64231 ], [ -100.40963, 20.64148 ], [ -100.40629, 20.64105 ], [ -100.40348, 20.64074 ], [ -100.4008, 20.64034 ], [ -100.40072, 20.63813 ], [ -100.40078, 20.63739 ], [ -100.40092, 20.63631 ], [ -100.40117, 20.63517 ], [ -100.39655, 20.63574 ], [ -100.39548, 20.63589 ], [ -100.3956, 20.63492 ], [ -100.39573, 20.63291 ], [ -100.39563, 20.63073 ], [ -100.3954, 20.62853 ], [ -100.39529, 20.62793 ], [ -100.39529, 20.62742 ], [ -100.39529, 20.62637 ], [ -100.39535, 20.62466 ], [ -100.39535, 20.62445 ], [ -100.39516, 20.62426 ], [ -100.39511, 20.6241 ], [ -100.39513, 20.62389 ], [ -100.39529, 20.62342 ], [ -100.39411, 20.62285 ], [ -100.39391, 20.62264 ], [ -100.39364, 20.62247 ], [ -100.39293, 20.62214 ], [ -100.39199, 20.62142 ], [ -100.39016, 20.62054 ], [ -100.3901, 20.61917 ], [ -100.39014, 20.61888 ], [ -100.39027, 20.61835 ], [ -100.39013, 20.6181 ], [ -100.39013, 20.61789 ], [ -100.39013, 20.61726 ], [ -100.39015, 20.61687 ], [ -100.39035, 20.61614 ], [ -100.39025, 20.61513 ], [ -100.38988, 20.61355 ], [ -100.38961, 20.61254 ], [ -100.38938, 20.61192 ], [ -100.38853, 20.61013 ], [ -100.38837, 20.61005 ], [ -100.38817, 20.61005 ], [ -100.38758, 20.61022 ], [ -100.38725, 20.61022 ], [ -100.38693, 20.60995 ], [ -100.38653, 20.60888 ], [ -100.38641, 20.60838 ], [ -100.38645, 20.60798 ], [ -100.38682, 20.60745 ], [ -100.39028, 20.6049 ], [ -100.39274, 20.60311 ], [ -100.39345, 20.60253 ], [ -100.39369, 20.60225 ], [ -100.39385, 20.60191 ], [ -100.39396, 20.60124 ], [ -100.39392, 20.60033 ], [ -100.39387, 20.59907 ], [ -100.39399, 20.59883 ], [ -100.39436, 20.59866 ], [ -100.39503, 20.5983 ], [ -100.39555, 20.59813 ], [ -100.39613, 20.59812 ], [ -100.39711, 20.5983 ], [ -100.39745, 20.59826 ], [ -100.39847, 20.59784 ], [ -100.39964, 20.59728 ], [ -100.40013, 20.59681 ], [ -100.40049, 20.59657 ], [ -100.40114, 20.59642 ], [ -100.40176, 20.59619 ], [ -100.40336, 20.59619 ], [ -100.40475, 20.59603 ], [ -100.40549, 20.596 ], [ -100.40723, 20.59593 ], [ -100.40777, 20.59602 ], [ -100.40867, 20.59641 ], [ -100.40919, 20.5965 ], [ -100.41014, 20.59646 ], [ -100.41195, 20.59636 ], [ -100.41226, 20.59624 ], [ -100.41334, 20.59543 ], [ -100.41359, 20.59534 ], [ -100.41436, 20.5953 ], [ -100.41486, 20.59532 ], [ -100.41586, 20.59902 ], [ -100.41649, 20.60114 ], [ -100.41744, 20.6044 ], [ -100.41779, 20.60432 ], [ -100.4182, 20.60418 ], [ -100.41842, 20.60408 ], [ -100.41847, 20.60393 ], [ -100.41845, 20.60379 ], [ -100.41844, 20.60361 ], [ -100.41852, 20.60346 ], [ -100.41986, 20.6032 ], [ -100.42067, 20.603 ], [ -100.42136, 20.60304 ], [ -100.42209, 20.60291 ], [ -100.42303, 20.6028 ], [ -100.4247, 20.60271 ], [ -100.42617, 20.60271 ], [ -100.42759, 20.60271 ], [ -100.42793, 20.60294 ], [ -100.42917, 20.60406 ], [ -100.43046, 20.60505 ], [ -100.43152, 20.60556 ], [ -100.43185, 20.60582 ], [ -100.43245, 20.60628 ], [ -100.43441, 20.6058 ], [ -100.43643, 20.60531 ], [ -100.43991, 20.60445 ], [ -100.44063, 20.60753 ], [ -100.441, 20.60903 ], [ -100.44133, 20.61042 ], [ -100.44151, 20.61045 ], [ -100.44258, 20.61021 ], [ -100.44375, 20.60999 ], [ -100.44446, 20.61264 ], [ -100.44476, 20.61266 ], [ -100.44509, 20.61247 ], [ -100.44562, 20.61209 ], [ -100.446, 20.61183 ], [ -100.44642, 20.6116 ], [ -100.44696, 20.6114 ], [ -100.44796, 20.61097 ], [ -100.44807, 20.61079 ], [ -100.44813, 20.6105 ], [ -100.44819, 20.60994 ], [ -100.44829, 20.60947 ], [ -100.44845, 20.60899 ], [ -100.4488, 20.60832 ], [ -100.44908, 20.6078 ], [ -100.44933, 20.60723 ], [ -100.4494, 20.60717 ], [ -100.44959, 20.60697 ], [ -100.44998, 20.60659 ], [ -100.45047, 20.60625 ], [ -100.45066, 20.60599 ], [ -100.45003, 20.60587 ], [ -100.44924, 20.60595 ], [ -100.4493, 20.60632 ], [ -100.44933, 20.60689 ], [ -100.44927, 20.60724 ], [ -100.44913, 20.60754 ], [ -100.44865, 20.60853 ], [ -100.44839, 20.60902 ], [ -100.44823, 20.6095 ], [ -100.44814, 20.61001 ], [ -100.44807, 20.61066 ], [ -100.44799, 20.61089 ], [ -100.44781, 20.61101 ], [ -100.44731, 20.6112 ], [ -100.44634, 20.6116 ], [ -100.44595, 20.61179 ], [ -100.44533, 20.61224 ], [ -100.44481, 20.61259 ], [ -100.44442, 20.61259 ], [ -100.44403, 20.61285 ], [ -100.44349, 20.61297 ], [ -100.44239, 20.61324 ], [ -100.44175, 20.6132 ], [ -100.44108, 20.61307 ], [ -100.44069, 20.61146 ], [ -100.44067, 20.61131 ], [ -100.44073, 20.61115 ], [ -100.44138, 20.61055 ], [ -100.44136, 20.61037 ], [ -100.44107, 20.60913 ], [ -100.44071, 20.60761 ], [ -100.43988, 20.60416 ], [ -100.43889, 20.60445 ], [ -100.43572, 20.60523 ], [ -100.43256, 20.60599 ], [ -100.43225, 20.60609 ], [ -100.43161, 20.60556 ], [ -100.4305, 20.60502 ], [ -100.4292, 20.60403 ], [ -100.42793, 20.60288 ], [ -100.4276, 20.60268 ], [ -100.42593, 20.60266 ], [ -100.4246, 20.60266 ], [ -100.42288, 20.60276 ], [ -100.42185, 20.60292 ], [ -100.42132, 20.60301 ], [ -100.4206, 20.60296 ], [ -100.41759, 20.60365 ], [ -100.41649, 20.59965 ], [ -100.41531, 20.59555 ], [ -100.41519, 20.59519 ], [ -100.41405, 20.59521 ], [ -100.41385, 20.59518 ], [ -100.41351, 20.59482 ], [ -100.41213, 20.59591 ], [ -100.41176, 20.59607 ], [ -100.41096, 20.5961 ], [ -100.4097, 20.59618 ], [ -100.40915, 20.59618 ], [ -100.40873, 20.5961 ], [ -100.40818, 20.59585 ], [ -100.40756, 20.59562 ], [ -100.40695, 20.59554 ], [ -100.40496, 20.59575 ], [ -100.40321, 20.59595 ], [ -100.40171, 20.59596 ], [ -100.40072, 20.5962 ], [ -100.40022, 20.59637 ], [ -100.39965, 20.59674 ], [ -100.39848, 20.59746 ], [ -100.39754, 20.59786 ], [ -100.3969, 20.5979 ], [ -100.39592, 20.59777 ], [ -100.39536, 20.59782 ], [ -100.39475, 20.59794 ], [ -100.39423, 20.59825 ], [ -100.39387, 20.59852 ], [ -100.3937, 20.5986 ], [ -100.39366, 20.59871 ], [ -100.39368, 20.59884 ], [ -100.39377, 20.59897 ], [ -100.39381, 20.60036 ], [ -100.39384, 20.60131 ], [ -100.3938, 20.60168 ], [ -100.39363, 20.60209 ], [ -100.39336, 20.60247 ], [ -100.39265, 20.60303 ], [ -100.39093, 20.60428 ], [ -100.38944, 20.60536 ], [ -100.38783, 20.60632 ], [ -100.38643, 20.60718 ], [ -100.38613, 20.60745 ], [ -100.38599, 20.60775 ], [ -100.38592, 20.60803 ], [ -100.38594, 20.6082 ], [ -100.38594, 20.60844 ], [ -100.38608, 20.60866 ], [ -100.3869, 20.61034 ], [ -100.38764, 20.612 ], [ -100.38814, 20.61306 ], [ -100.3886, 20.61373 ], [ -100.38911, 20.61437 ], [ -100.38959, 20.61507 ], [ -100.39002, 20.61497 ], [ -100.39016, 20.61468 ], [ -100.38992, 20.61377 ], [ -100.38957, 20.61398 ], [ -100.38926, 20.61434 ], [ -100.38922, 20.61459 ], [ -100.38985, 20.61552 ], [ -100.38992, 20.61681 ], [ -100.38986, 20.61733 ], [ -100.39002, 20.6178 ], [ -100.39008, 20.62053 ], [ -100.39008, 20.62125 ], [ -100.39518, 20.62351 ], [ -100.39507, 20.62396 ], [ -100.39505, 20.62413 ], [ -100.39514, 20.6243 ], [ -100.39529, 20.62445 ], [ -100.3953, 20.62477 ], [ -100.39523, 20.6263 ], [ -100.39523, 20.62747 ], [ -100.39523, 20.62781 ], [ -100.39538, 20.62899 ], [ -100.39557, 20.63049 ], [ -100.39567, 20.6329 ], [ -100.39554, 20.63496 ], [ -100.39542, 20.63594 ], [ -100.39559, 20.63592 ], [ -100.3965, 20.6358 ], [ -100.40104, 20.63522 ], [ -100.40069, 20.63741 ], [ -100.40066, 20.6379 ], [ -100.4007, 20.64054 ], [ -100.40435, 20.64105 ], [ -100.40784, 20.64153 ], [ -100.41114, 20.64196 ], [ -100.41359, 20.64231 ], [ -100.41477, 20.64247 ], [ -100.41519, 20.64248 ], [ -100.41554, 20.64245 ], [ -100.41588, 20.64398 ], [ -100.41609, 20.64493 ], [ -100.41614, 20.64541 ], [ -100.41961, 20.64536 ], [ -100.42012, 20.64538 ], [ -100.42012, 20.64565 ] ] } },
{ "type": "Feature", "properties": { "city": "Querétaro", "route_name": "84_Paseos de San Miguel - San Pedrito Peñuelas", "route_name_short": "Paseos de San Miguel - San Pedrito Peñuelas", "type": "Bus", "shape_id": "shape_2486" }, "geometry": { "type": "LineString", "coordinates": [ [ -100.4326, 20.617 ], [ -100.4348, 20.61666 ], [ -100.43572, 20.61917 ], [ -100.43598, 20.61886 ], [ -100.43627, 20.61867 ], [ -100.43711, 20.61821 ], [ -100.43922, 20.62004 ], [ -100.44015, 20.62093 ], [ -100.44077, 20.62169 ], [ -100.44121, 20.62243 ], [ -100.4415, 20.62312 ], [ -100.44173, 20.62402 ], [ -100.44226, 20.62639 ], [ -100.4426, 20.62771 ], [ -100.44259, 20.62834 ], [ -100.4423, 20.6298 ], [ -100.44216, 20.63051 ], [ -100.44234, 20.63112 ], [ -100.4426, 20.6318 ], [ -100.44287, 20.63173 ], [ -100.44349, 20.63355 ], [ -100.4436, 20.63413 ], [ -100.44356, 20.63478 ], [ -100.4439, 20.63523 ], [ -100.4442, 20.63545 ], [ -100.44449, 20.63558 ], [ -100.44496, 20.63564 ], [ -100.44533, 20.63559 ], [ -100.44658, 20.63516 ], [ -100.448, 20.6347 ], [ -100.4492, 20.6378 ], [ -100.45001, 20.6399 ], [ -100.45074, 20.64173 ], [ -100.45004, 20.64183 ], [ -100.45015, 20.64344 ], [ -100.45031, 20.64595 ], [ -100.45049, 20.64951 ], [ -100.45067, 20.6524 ], [ -100.45076, 20.65418 ], [ -100.45085, 20.65559 ], [ -100.45118, 20.65634 ], [ -100.45145, 20.65677 ], [ -100.45184, 20.65719 ], [ -100.45217, 20.65748 ], [ -100.4533, 20.65828 ], [ -100.45361, 20.6586 ], [ -100.45508, 20.65963 ], [ -100.45575, 20.66019 ], [ -100.45704, 20.66107 ], [ -100.45827, 20.65947 ], [ -100.45865, 20.65911 ], [ -100.45923, 20.65833 ], [ -100.45962, 20.65778 ], [ -100.45971, 20.6576 ], [ -100.45994, 20.65731 ], [ -100.46081, 20.65617 ], [ -100.46149, 20.65534 ], [ -100.46204, 20.65466 ], [ -100.46228, 20.65428 ], [ -100.46252, 20.65396 ], [ -100.46284, 20.65369 ], [ -100.46343, 20.65332 ], [ -100.46373, 20.65317 ], [ -100.46408, 20.6529 ], [ -100.46536, 20.65396 ], [ -100.46669, 20.655 ], [ -100.46804, 20.65603 ], [ -100.46954, 20.65526 ], [ -100.47079, 20.65464 ], [ -100.47135, 20.65616 ], [ -100.47192, 20.65763 ], [ -100.47245, 20.65913 ], [ -100.47391, 20.66007 ], [ -100.47341, 20.6607 ], [ -100.47287, 20.66149 ], [ -100.47265, 20.66166 ], [ -100.47231, 20.6618 ], [ -100.47085, 20.66234 ], [ -100.47113, 20.66306 ], [ -100.47117, 20.66306 ], [ -100.47091, 20.66236 ], [ -100.47255, 20.66175 ], [ -100.47274, 20.66169 ], [ -100.47301, 20.66133 ], [ -100.47399, 20.66 ], [ -100.4728, 20.65927 ], [ -100.47251, 20.65906 ], [ -100.47196, 20.65754 ], [ -100.47156, 20.65643 ], [ -100.47082, 20.65448 ], [ -100.46943, 20.65521 ], [ -100.46809, 20.65593 ], [ -100.46669, 20.65485 ], [ -100.46542, 20.65383 ], [ -100.46526, 20.65379 ], [ -100.46507, 20.65369 ], [ -100.46409, 20.65283 ], [ -100.46381, 20.65307 ], [ -100.46347, 20.65323 ], [ -100.4633, 20.65335 ], [ -100.46272, 20.65371 ], [ -100.46242, 20.654 ], [ -100.46215, 20.65443 ], [ -100.46155, 20.6552 ], [ -100.46023, 20.65686 ], [ -100.45972, 20.6575 ], [ -100.45953, 20.65783 ], [ -100.45928, 20.65815 ], [ -100.45868, 20.65897 ], [ -100.45858, 20.65892 ], [ -100.45798, 20.65961 ], [ -100.45703, 20.6609 ], [ -100.45543, 20.65974 ], [ -100.45354, 20.65837 ], [ -100.45294, 20.658 ], [ -100.45211, 20.65739 ], [ -100.45157, 20.65686 ], [ -100.45129, 20.65643 ], [ -100.45096, 20.65576 ], [ -100.4509, 20.65551 ], [ -100.4508, 20.65433 ], [ -100.45057, 20.6501 ], [ -100.4504, 20.64666 ], [ -100.45019, 20.6433 ], [ -100.45011, 20.64187 ], [ -100.45067, 20.6418 ], [ -100.45089, 20.64172 ], [ -100.44948, 20.63817 ], [ -100.44943, 20.6379 ], [ -100.44931, 20.63773 ], [ -100.44841, 20.63543 ], [ -100.44809, 20.63452 ], [ -100.44556, 20.63539 ], [ -100.44525, 20.63552 ], [ -100.445, 20.63559 ], [ -100.44473, 20.63558 ], [ -100.44443, 20.63551 ], [ -100.444, 20.63527 ], [ -100.44384, 20.63508 ], [ -100.44368, 20.63487 ], [ -100.44362, 20.63473 ], [ -100.44365, 20.63422 ], [ -100.44358, 20.63363 ], [ -100.44333, 20.63286 ], [ -100.44284, 20.63148 ], [ -100.4425, 20.63037 ], [ -100.44256, 20.63014 ], [ -100.44296, 20.62855 ], [ -100.4429, 20.62818 ], [ -100.4423, 20.62521 ], [ -100.442, 20.62374 ], [ -100.44187, 20.62343 ], [ -100.44175, 20.62285 ], [ -100.44168, 20.62262 ], [ -100.44136, 20.62208 ], [ -100.44097, 20.6215 ], [ -100.44047, 20.62089 ], [ -100.43945, 20.61982 ], [ -100.43818, 20.61862 ], [ -100.43748, 20.61799 ], [ -100.43714, 20.61756 ], [ -100.43695, 20.61728 ], [ -100.43678, 20.61655 ], [ -100.43673, 20.61616 ], [ -100.43464, 20.61655 ], [ -100.43158, 20.61708 ], [ -100.42937, 20.61748 ], [ -100.42925, 20.61751 ], [ -100.43013, 20.61973 ], [ -100.43037, 20.62033 ], [ -100.42956, 20.62064 ], [ -100.42891, 20.6208 ], [ -100.42764, 20.62103 ], [ -100.42699, 20.62119 ], [ -100.42654, 20.62138 ], [ -100.42599, 20.62191 ], [ -100.42561, 20.62223 ], [ -100.42519, 20.62242 ], [ -100.42464, 20.62237 ], [ -100.42344, 20.62223 ], [ -100.4207, 20.6218 ], [ -100.41644, 20.62112 ], [ -100.41555, 20.62093 ], [ -100.41397, 20.62045 ], [ -100.41031, 20.61928 ], [ -100.40733, 20.61837 ], [ -100.40409, 20.61727 ], [ -100.40425, 20.618 ], [ -100.40441, 20.61859 ], [ -100.40529, 20.62036 ], [ -100.40558, 20.62103 ], [ -100.40571, 20.62196 ], [ -100.40598, 20.62436 ], [ -100.40966, 20.62361 ], [ -100.41164, 20.62319 ], [ -100.41229, 20.62494 ], [ -100.41241, 20.62572 ], [ -100.41263, 20.62728 ], [ -100.40966, 20.62759 ], [ -100.40645, 20.62793 ], [ -100.40624, 20.6279 ], [ -100.40508, 20.6274 ], [ -100.40226, 20.6261 ], [ -100.39982, 20.62497 ], [ -100.3994, 20.62702 ], [ -100.39929, 20.6276 ], [ -100.39922, 20.62838 ], [ -100.39899, 20.62953 ], [ -100.39857, 20.6317 ], [ -100.4012, 20.63195 ], [ -100.4017, 20.63204 ], [ -100.40133, 20.63367 ], [ -100.40087, 20.63625 ], [ -100.40066, 20.63751 ], [ -100.40066, 20.64052 ], [ -100.40413, 20.641 ], [ -100.40558, 20.64119 ], [ -100.40547, 20.64257 ], [ -100.40531, 20.64362 ], [ -100.40487, 20.64602 ], [ -100.40442, 20.64853 ], [ -100.40041, 20.64791 ], [ -100.39598, 20.64719 ], [ -100.39509, 20.64703 ], [ -100.39525, 20.6455 ], [ -100.39549, 20.64366 ], [ -100.39569, 20.64236 ], [ -100.39575, 20.64188 ], [ -100.39572, 20.64152 ], [ -100.39544, 20.64053 ], [ -100.39529, 20.6397 ], [ -100.39505, 20.63886 ], [ -100.39503, 20.63861 ], [ -100.39523, 20.63741 ], [ -100.39545, 20.63591 ], [ -100.39761, 20.63565 ], [ -100.39977, 20.63535 ], [ -100.40115, 20.63517 ], [ -100.40164, 20.63283 ], [ -100.40181, 20.632 ], [ -100.40128, 20.63192 ], [ -100.40021, 20.63183 ], [ -100.39863, 20.63166 ], [ -100.39897, 20.62984 ], [ -100.39924, 20.62858 ], [ -100.39928, 20.62818 ], [ -100.39935, 20.62752 ], [ -100.39957, 20.62632 ], [ -100.39977, 20.62546 ], [ -100.40159, 20.62623 ], [ -100.40501, 20.62778 ], [ -100.40586, 20.62815 ], [ -100.4065, 20.62809 ], [ -100.40668, 20.628 ], [ -100.40935, 20.62771 ], [ -100.41274, 20.62736 ], [ -100.41243, 20.62495 ], [ -100.41194, 20.62363 ], [ -100.41113, 20.62151 ], [ -100.41104, 20.62117 ], [ -100.41102, 20.62087 ], [ -100.41096, 20.62051 ], [ -100.41109, 20.62019 ], [ -100.41148, 20.61997 ], [ -100.41183, 20.61994 ], [ -100.41526, 20.62102 ], [ -100.41673, 20.6213 ], [ -100.41883, 20.62162 ], [ -100.42056, 20.62186 ], [ -100.42219, 20.62213 ], [ -100.42365, 20.62236 ], [ -100.42379, 20.62252 ], [ -100.42384, 20.62272 ], [ -100.42372, 20.62287 ], [ -100.42363, 20.62297 ], [ -100.42336, 20.62299 ], [ -100.42317, 20.62286 ], [ -100.42296, 20.62256 ], [ -100.42264, 20.62179 ], [ -100.42244, 20.6211 ], [ -100.42223, 20.62026 ], [ -100.42223, 20.62005 ], [ -100.422, 20.61917 ], [ -100.42215, 20.619 ], [ -100.4233, 20.61874 ], [ -100.42618, 20.61811 ], [ -100.4276, 20.61779 ], [ -100.42872, 20.61758 ], [ -100.42912, 20.61762 ], [ -100.42949, 20.61759 ], [ -100.43184, 20.61718 ], [ -100.4326, 20.617 ] ] } },
{ "type": "Feature", "properties": { "city": "Querétaro", "route_name": "85_Terminal de Autobuses - El Pueblito", "route_name_short": "Terminal de Autobuses - El Pueblito", "type": "Bus", "shape_id": "shape_2487" }, "geometry": { "type": "LineString", "coordinates": [ [ -100.43131, 20.54124 ], [ -100.43188, 20.54123 ], [ -100.43267, 20.54109 ], [ -100.43431, 20.54085 ], [ -100.43635, 20.54062 ], [ -100.43955, 20.54025 ], [ -100.4397, 20.54119 ], [ -100.43979, 20.54179 ], [ -100.43983, 20.54243 ], [ -100.43987, 20.54348 ], [ -100.43995, 20.54756 ], [ -100.43991, 20.54936 ], [ -100.44006, 20.54935 ], [ -100.44138, 20.54948 ], [ -100.4434, 20.54977 ], [ -100.44507, 20.54997 ], [ -100.44541, 20.55012 ], [ -100.44563, 20.55032 ], [ -100.44673, 20.55124 ], [ -100.44769, 20.55211 ], [ -100.44773, 20.55208 ], [ -100.44626, 20.55077 ], [ -100.44559, 20.55022 ], [ -100.44531, 20.55 ], [ -100.44477, 20.54989 ], [ -100.44314, 20.54969 ], [ -100.4413, 20.54941 ], [ -100.43997, 20.5493 ], [ -100.43999, 20.54821 ], [ -100.43997, 20.54625 ], [ -100.43991, 20.54435 ], [ -100.43988, 20.54262 ], [ -100.43985, 20.54199 ], [ -100.43961, 20.54025 ], [ -100.44088, 20.54008 ], [ -100.44088, 20.53823 ], [ -100.44071, 20.53699 ], [ -100.44041, 20.53461 ], [ -100.44007, 20.53236 ], [ -100.44063, 20.5322 ], [ -100.44129, 20.53207 ], [ -100.44188, 20.53203 ], [ -100.44179, 20.53179 ], [ -100.44129, 20.53184 ], [ -100.44043, 20.53201 ], [ -100.43957, 20.53232 ], [ -100.43896, 20.53268 ], [ -100.43853, 20.53303 ], [ -100.43767, 20.5339 ], [ -100.43662, 20.53511 ], [ -100.43466, 20.53753 ], [ -100.4331, 20.53944 ], [ -100.43278, 20.53973 ], [ -100.43257, 20.53992 ], [ -100.43179, 20.54094 ], [ -100.43153, 20.54118 ], [ -100.43116, 20.54119 ], [ -100.43072, 20.54119 ], [ -100.42916, 20.54138 ], [ -100.42894, 20.54138 ], [ -100.42848, 20.54122 ], [ -100.42655, 20.5404 ], [ -100.42453, 20.53956 ], [ -100.42401, 20.53923 ], [ -100.42315, 20.53833 ], [ -100.42247, 20.53766 ], [ -100.42219, 20.53748 ], [ -100.42129, 20.53656 ], [ -100.41946, 20.53464 ], [ -100.41915, 20.53433 ], [ -100.41887, 20.53411 ], [ -100.41868, 20.53401 ], [ -100.41841, 20.53395 ], [ -100.41787, 20.53396 ], [ -100.41649, 20.53406 ], [ -100.41474, 20.5342 ], [ -100.41311, 20.53436 ], [ -100.41184, 20.53446 ], [ -100.41038, 20.53462 ], [ -100.40993, 20.53478 ], [ -100.40915, 20.53477 ], [ -100.40517, 20.53487 ], [ -100.4051, 20.53553 ], [ -100.40514, 20.53667 ], [ -100.40379, 20.53674 ], [ -100.40354, 20.53677 ], [ -100.40435, 20.53851 ], [ -100.40498, 20.53999 ], [ -100.40562, 20.54138 ], [ -100.40268, 20.54125 ], [ -100.40062, 20.54112 ], [ -100.40045, 20.54148 ], [ -100.40014, 20.54163 ], [ -100.39998, 20.54161 ], [ -100.39967, 20.54247 ], [ -100.39931, 20.54351 ], [ -100.39871, 20.54457 ], [ -100.39855, 20.54487 ], [ -100.39864, 20.54658 ], [ -100.39871, 20.54732 ], [ -100.40027, 20.54716 ], [ -100.40098, 20.54704 ], [ -100.40139, 20.54692 ], [ -100.40169, 20.54662 ], [ -100.40221, 20.54592 ], [ -100.40248, 20.54551 ], [ -100.40267, 20.54543 ], [ -100.40309, 20.54549 ], [ -100.40422, 20.54572 ], [ -100.40565, 20.54604 ], [ -100.40623, 20.54627 ], [ -100.40663, 20.54661 ], [ -100.40699, 20.54716 ], [ -100.40737, 20.54793 ], [ -100.40814, 20.54956 ], [ -100.4091, 20.5517 ], [ -100.40754, 20.55329 ], [ -100.40566, 20.55527 ], [ -100.40541, 20.55552 ], [ -100.4028, 20.55546 ], [ -100.39965, 20.55536 ], [ -100.3956, 20.55523 ], [ -100.39667, 20.55724 ], [ -100.39743, 20.55874 ], [ -100.39548, 20.55868 ], [ -100.3931, 20.55864 ], [ -100.39293, 20.55865 ], [ -100.39279, 20.55875 ], [ -100.39259, 20.55883 ], [ -100.39209, 20.559 ], [ -100.38931, 20.55994 ], [ -100.38969, 20.56101 ], [ -100.38915, 20.56122 ], [ -100.39035, 20.56431 ], [ -100.39235, 20.56956 ], [ -100.39308, 20.57149 ], [ -100.39079, 20.57203 ], [ -100.38799, 20.57277 ], [ -100.38676, 20.57307 ], [ -100.38758, 20.57422 ], [ -100.38773, 20.57444 ], [ -100.38777, 20.57467 ], [ -100.38682, 20.5748 ], [ -100.38648, 20.57489 ], [ -100.38579, 20.57499 ], [ -100.38508, 20.57541 ], [ -100.38469, 20.57548 ], [ -100.38388, 20.57559 ], [ -100.38319, 20.57574 ], [ -100.38177, 20.57603 ], [ -100.38086, 20.57618 ], [ -100.37954, 20.57642 ], [ -100.3773, 20.57687 ], [ -100.37562, 20.57718 ], [ -100.37256, 20.57777 ], [ -100.37162, 20.57794 ], [ -100.37116, 20.57802 ], [ -100.36983, 20.57854 ], [ -100.368, 20.57935 ], [ -100.36706, 20.57973 ], [ -100.36642, 20.57992 ], [ -100.36509, 20.58015 ], [ -100.36412, 20.58037 ], [ -100.36337, 20.5805 ], [ -100.36318, 20.58048 ], [ -100.36233, 20.58008 ], [ -100.36204, 20.57995 ], [ -100.36178, 20.57988 ], [ -100.36151, 20.5799 ], [ -100.3612, 20.58004 ], [ -100.36037, 20.58061 ], [ -100.36018, 20.58065 ], [ -100.35999, 20.58057 ], [ -100.35986, 20.58043 ], [ -100.35967, 20.57963 ], [ -100.35951, 20.57883 ], [ -100.35935, 20.57877 ], [ -100.35921, 20.57883 ], [ -100.35911, 20.57892 ], [ -100.35937, 20.5802 ], [ -100.35938, 20.58053 ], [ -100.3593, 20.58086 ], [ -100.35911, 20.58101 ], [ -100.35881, 20.58114 ], [ -100.35874, 20.58124 ], [ -100.35881, 20.58138 ], [ -100.359, 20.58135 ], [ -100.35924, 20.58127 ], [ -100.35951, 20.58104 ], [ -100.35943, 20.58077 ], [ -100.35946, 20.58051 ], [ -100.35952, 20.58036 ], [ -100.35969, 20.58044 ], [ -100.3601, 20.58075 ], [ -100.36027, 20.58075 ], [ -100.36061, 20.58061 ], [ -100.36127, 20.58011 ], [ -100.36153, 20.57998 ], [ -100.36185, 20.57997 ], [ -100.36261, 20.58029 ], [ -100.36333, 20.58061 ], [ -100.36371, 20.58061 ], [ -100.36476, 20.58041 ], [ -100.36656, 20.58005 ], [ -100.36695, 20.57997 ], [ -100.3678, 20.57962 ], [ -100.37005, 20.57867 ], [ -100.37109, 20.57825 ], [ -100.37164, 20.57812 ], [ -100.37321, 20.5778 ], [ -100.37566, 20.57736 ], [ -100.37957, 20.5766 ], [ -100.37954, 20.57641 ], [ -100.37924, 20.5765 ], [ -100.3791, 20.57595 ], [ -100.37911, 20.57577 ], [ -100.38097, 20.57538 ], [ -100.38435, 20.57472 ], [ -100.38603, 20.57437 ], [ -100.38673, 20.57418 ], [ -100.38727, 20.57399 ], [ -100.38804, 20.57383 ], [ -100.38927, 20.57351 ], [ -100.3917, 20.57291 ], [ -100.39516, 20.57204 ], [ -100.39546, 20.57195 ], [ -100.39491, 20.57034 ], [ -100.39315, 20.56532 ], [ -100.39173, 20.56139 ], [ -100.39104, 20.5594 ], [ -100.39249, 20.55892 ], [ -100.39271, 20.55884 ], [ -100.39291, 20.55872 ], [ -100.39317, 20.55868 ], [ -100.39557, 20.55873 ], [ -100.39758, 20.55878 ], [ -100.39676, 20.55721 ], [ -100.39577, 20.55529 ], [ -100.39727, 20.55531 ], [ -100.40132, 20.55546 ], [ -100.4053, 20.55557 ], [ -100.40564, 20.55553 ], [ -100.40746, 20.55364 ], [ -100.4094, 20.55161 ], [ -100.4086, 20.54975 ], [ -100.40847, 20.5495 ], [ -100.40828, 20.5493 ], [ -100.40802, 20.54871 ], [ -100.40729, 20.54718 ], [ -100.40698, 20.54671 ], [ -100.40663, 20.5462 ], [ -100.40627, 20.54605 ], [ -100.40569, 20.54587 ], [ -100.40373, 20.54544 ], [ -100.40267, 20.54523 ], [ -100.40246, 20.54526 ], [ -100.40219, 20.54557 ], [ -100.40143, 20.54666 ], [ -100.40122, 20.54679 ], [ -100.40084, 20.5469 ], [ -100.40003, 20.54699 ], [ -100.39881, 20.5471 ], [ -100.39867, 20.54527 ], [ -100.3987, 20.54484 ], [ -100.39889, 20.54447 ], [ -100.39933, 20.54371 ], [ -100.39957, 20.54312 ], [ -100.40007, 20.54173 ], [ -100.40049, 20.54151 ], [ -100.40064, 20.54116 ], [ -100.4013, 20.5412 ], [ -100.40544, 20.54143 ], [ -100.4057, 20.54145 ], [ -100.40496, 20.53985 ], [ -100.40502, 20.53967 ], [ -100.405, 20.53951 ], [ -100.40488, 20.53945 ], [ -100.40477, 20.53941 ], [ -100.40432, 20.53838 ], [ -100.40359, 20.53679 ], [ -100.4052, 20.53669 ], [ -100.40515, 20.53559 ], [ -100.40517, 20.53541 ], [ -100.40699, 20.53538 ], [ -100.40844, 20.53534 ], [ -100.40965, 20.53541 ], [ -100.41131, 20.53553 ], [ -100.41227, 20.53448 ], [ -100.41337, 20.53437 ], [ -100.41485, 20.53423 ], [ -100.4176, 20.53402 ], [ -100.41829, 20.53397 ], [ -100.41862, 20.53403 ], [ -100.41884, 20.53414 ], [ -100.41904, 20.53429 ], [ -100.42054, 20.53589 ], [ -100.4223, 20.53763 ], [ -100.42281, 20.53818 ], [ -100.42393, 20.53933 ], [ -100.42435, 20.53963 ], [ -100.42471, 20.5398 ], [ -100.42687, 20.5407 ], [ -100.42858, 20.54142 ], [ -100.42893, 20.54152 ], [ -100.42937, 20.54149 ], [ -100.43035, 20.54136 ], [ -100.43131, 20.54124 ] ] } },
{ "type": "Feature", "properties": { "city": "Querétaro", "route_name": "87_Los Olvera - Terminal de Autobuses", "route_name_short": "Los Olvera - Terminal de Autobuses", "type": "Bus", "shape_id": "shape_2463" }, "geometry": { "type": "LineString", "coordinates": [ [ -100.40515, 20.53593 ], [ -100.40518, 20.53732 ], [ -100.40522, 20.5373 ], [ -100.4052, 20.53611 ], [ -100.40517, 20.53485 ], [ -100.40388, 20.5349 ], [ -100.40371, 20.53434 ], [ -100.4034, 20.53362 ], [ -100.40324, 20.53289 ], [ -100.40307, 20.53177 ], [ -100.40286, 20.53184 ], [ -100.40189, 20.53216 ], [ -100.40079, 20.53252 ], [ -100.39921, 20.53332 ], [ -100.39794, 20.53455 ], [ -100.39771, 20.53461 ], [ -100.39615, 20.53471 ], [ -100.39399, 20.53486 ], [ -100.39396, 20.53339 ], [ -100.39233, 20.53337 ], [ -100.39255, 20.53501 ], [ -100.39608, 20.53476 ], [ -100.3979, 20.53465 ], [ -100.39744, 20.53526 ], [ -100.39681, 20.53554 ], [ -100.39655, 20.53561 ], [ -100.39638, 20.53574 ], [ -100.39634, 20.5359 ], [ -100.39638, 20.53604 ], [ -100.39724, 20.53711 ], [ -100.39748, 20.53754 ], [ -100.39916, 20.53967 ], [ -100.39943, 20.54031 ], [ -100.39975, 20.541 ], [ -100.40002, 20.54152 ], [ -100.39995, 20.54173 ], [ -100.39962, 20.54253 ], [ -100.39936, 20.54342 ], [ -100.39859, 20.54474 ], [ -100.39856, 20.54511 ], [ -100.39867, 20.54714 ], [ -100.39707, 20.54727 ], [ -100.39552, 20.54743 ], [ -100.39242, 20.54763 ], [ -100.39196, 20.54769 ], [ -100.39187, 20.54768 ], [ -100.39172, 20.54778 ], [ -100.39181, 20.54809 ], [ -100.39193, 20.54817 ], [ -100.39202, 20.54836 ], [ -100.39358, 20.55131 ], [ -100.39501, 20.55404 ], [ -100.39568, 20.55529 ], [ -100.39737, 20.55855 ], [ -100.39864, 20.5611 ], [ -100.39715, 20.56173 ], [ -100.39648, 20.5621 ], [ -100.39603, 20.56244 ], [ -100.39567, 20.56278 ], [ -100.39553, 20.56292 ], [ -100.39525, 20.56387 ], [ -100.3947, 20.56391 ], [ -100.39422, 20.56406 ], [ -100.39402, 20.56467 ], [ -100.39378, 20.56376 ], [ -100.39066, 20.56482 ], [ -100.3881, 20.56572 ], [ -100.3861, 20.5664 ], [ -100.38313, 20.56637 ], [ -100.38324, 20.56286 ], [ -100.3833, 20.56127 ], [ -100.38341, 20.5582 ], [ -100.38342, 20.55776 ], [ -100.3832, 20.55778 ], [ -100.38316, 20.55813 ], [ -100.38266, 20.55834 ], [ -100.38277, 20.55778 ], [ -100.38245, 20.55705 ], [ -100.37918, 20.55968 ], [ -100.37763, 20.56089 ], [ -100.3775, 20.561 ], [ -100.37734, 20.56087 ], [ -100.37536, 20.56056 ], [ -100.37407, 20.56035 ], [ -100.37378, 20.56037 ], [ -100.37347, 20.56057 ], [ -100.37302, 20.56019 ], [ -100.37248, 20.55979 ], [ -100.37159, 20.55949 ], [ -100.37122, 20.55946 ], [ -100.37109, 20.55948 ], [ -100.37101, 20.55958 ], [ -100.371, 20.5597 ], [ -100.37112, 20.55983 ], [ -100.37175, 20.55996 ], [ -100.37233, 20.56022 ], [ -100.37286, 20.56057 ], [ -100.37328, 20.56096 ], [ -100.37423, 20.56206 ], [ -100.3766, 20.56464 ], [ -100.37771, 20.56585 ], [ -100.37759, 20.56616 ], [ -100.37464, 20.5667 ], [ -100.37588, 20.56808 ], [ -100.37763, 20.56991 ], [ -100.37644, 20.57012 ], [ -100.37267, 20.57087 ], [ -100.37272, 20.57273 ], [ -100.37225, 20.57288 ], [ -100.37239, 20.57374 ], [ -100.37403, 20.57748 ], [ -100.37164, 20.5779 ], [ -100.37092, 20.57812 ], [ -100.36753, 20.57956 ], [ -100.36694, 20.57978 ], [ -100.36646, 20.5799 ], [ -100.36357, 20.58048 ], [ -100.36326, 20.58051 ], [ -100.36205, 20.57992 ], [ -100.36174, 20.57986 ], [ -100.36143, 20.57993 ], [ -100.36043, 20.58058 ], [ -100.36021, 20.58063 ], [ -100.36002, 20.58056 ], [ -100.35986, 20.58041 ], [ -100.35949, 20.57881 ], [ -100.35931, 20.57875 ], [ -100.35911, 20.57889 ], [ -100.35937, 20.58027 ], [ -100.35935, 20.58075 ], [ -100.35922, 20.58094 ], [ -100.35906, 20.58108 ], [ -100.35884, 20.58114 ], [ -100.35872, 20.5812 ], [ -100.35876, 20.58137 ], [ -100.35889, 20.58139 ], [ -100.35922, 20.5813 ], [ -100.35944, 20.58113 ], [ -100.35952, 20.58102 ], [ -100.35944, 20.58075 ], [ -100.35944, 20.58049 ], [ -100.35955, 20.58036 ], [ -100.35989, 20.5806 ], [ -100.36009, 20.58074 ], [ -100.36026, 20.58073 ], [ -100.36046, 20.58067 ], [ -100.36145, 20.58 ], [ -100.3616, 20.57994 ], [ -100.36181, 20.57992 ], [ -100.36212, 20.58007 ], [ -100.36335, 20.58062 ], [ -100.3638, 20.5806 ], [ -100.36703, 20.57997 ], [ -100.37117, 20.57822 ], [ -100.37379, 20.57773 ], [ -100.37421, 20.57765 ], [ -100.37262, 20.57387 ], [ -100.37276, 20.5736 ], [ -100.37278, 20.57331 ], [ -100.37322, 20.57318 ], [ -100.37311, 20.57164 ], [ -100.37313, 20.57082 ], [ -100.3777, 20.56992 ], [ -100.3761, 20.56824 ], [ -100.37475, 20.56672 ], [ -100.37503, 20.56666 ], [ -100.37843, 20.56607 ], [ -100.37352, 20.56063 ], [ -100.37368, 20.56049 ], [ -100.37384, 20.56043 ], [ -100.37395, 20.56039 ], [ -100.37409, 20.56041 ], [ -100.37727, 20.5609 ], [ -100.37754, 20.56106 ], [ -100.37766, 20.56096 ], [ -100.38244, 20.55714 ], [ -100.38272, 20.55776 ], [ -100.3826, 20.55839 ], [ -100.38294, 20.5583 ], [ -100.38318, 20.55821 ], [ -100.38319, 20.55912 ], [ -100.38311, 20.56088 ], [ -100.38293, 20.56701 ], [ -100.38316, 20.56702 ], [ -100.38582, 20.56715 ], [ -100.38627, 20.56702 ], [ -100.38676, 20.56679 ], [ -100.38717, 20.5678 ], [ -100.39109, 20.56634 ], [ -100.39105, 20.5662 ], [ -100.39413, 20.56522 ], [ -100.39429, 20.56571 ], [ -100.39818, 20.56573 ], [ -100.39902, 20.56446 ], [ -100.4003, 20.56453 ], [ -100.40052, 20.56453 ], [ -100.39773, 20.55906 ], [ -100.39534, 20.55453 ], [ -100.39279, 20.54952 ], [ -100.39209, 20.54818 ], [ -100.39205, 20.54807 ], [ -100.39204, 20.54796 ], [ -100.39216, 20.54786 ], [ -100.39244, 20.54783 ], [ -100.3984, 20.54735 ], [ -100.39881, 20.54731 ], [ -100.39867, 20.54505 ], [ -100.3987, 20.5448 ], [ -100.39941, 20.54351 ], [ -100.40009, 20.54168 ], [ -100.4001, 20.54152 ], [ -100.39988, 20.54106 ], [ -100.39923, 20.5396 ], [ -100.3982, 20.53827 ], [ -100.39716, 20.53691 ], [ -100.39713, 20.53664 ], [ -100.39712, 20.53622 ], [ -100.39723, 20.53582 ], [ -100.39735, 20.53556 ], [ -100.39808, 20.53458 ], [ -100.39878, 20.53387 ], [ -100.39941, 20.53335 ], [ -100.39975, 20.53322 ], [ -100.40103, 20.53271 ], [ -100.40307, 20.5321 ], [ -100.40315, 20.53266 ], [ -100.40334, 20.5336 ], [ -100.40364, 20.53431 ], [ -100.40378, 20.53489 ], [ -100.40389, 20.53495 ], [ -100.40512, 20.53492 ], [ -100.40514, 20.53592 ] ] } },
{ "type": "Feature", "properties": { "city": "Querétaro", "route_name": "88_Terminal de Autobuses - San Pedrito Peñuelas", "route_name_short": "Terminal de Autobuses - San Pedrito Peñuelas", "type": "Bus", "shape_id": "shape_2464" }, "geometry": { "type": "LineString", "coordinates": [ [ -100.35873, 20.58122 ], [ -100.35879, 20.58136 ], [ -100.3589, 20.58138 ], [ -100.35907, 20.58133 ], [ -100.3594, 20.58117 ], [ -100.35953, 20.58104 ], [ -100.35943, 20.58085 ], [ -100.35945, 20.58057 ], [ -100.3595, 20.5804 ], [ -100.35957, 20.5804 ], [ -100.36002, 20.5807 ], [ -100.36027, 20.58073 ], [ -100.36046, 20.58068 ], [ -100.36134, 20.58008 ], [ -100.36159, 20.57998 ], [ -100.36178, 20.57995 ], [ -100.36209, 20.58002 ], [ -100.36318, 20.58057 ], [ -100.36341, 20.58063 ], [ -100.36367, 20.58061 ], [ -100.36692, 20.57999 ], [ -100.36797, 20.57954 ], [ -100.36947, 20.57891 ], [ -100.37103, 20.57828 ], [ -100.37184, 20.57806 ], [ -100.37409, 20.57766 ], [ -100.37414, 20.57796 ], [ -100.37405, 20.57918 ], [ -100.37408, 20.58005 ], [ -100.3743, 20.58261 ], [ -100.37454, 20.58472 ], [ -100.37463, 20.58547 ], [ -100.37509, 20.58701 ], [ -100.37068, 20.58777 ], [ -100.36808, 20.58818 ], [ -100.36742, 20.5883 ], [ -100.36609, 20.58837 ], [ -100.36427, 20.58851 ], [ -100.36365, 20.5886 ], [ -100.36292, 20.58881 ], [ -100.36193, 20.58909 ], [ -100.36099, 20.5895 ], [ -100.36032, 20.58969 ], [ -100.35988, 20.5897 ], [ -100.3595, 20.58959 ], [ -100.35926, 20.58948 ], [ -100.35851, 20.58915 ], [ -100.35843, 20.58929 ], [ -100.35935, 20.58968 ], [ -100.35989, 20.5898 ], [ -100.36032, 20.58981 ], [ -100.36075, 20.58966 ], [ -100.36181, 20.5893 ], [ -100.36222, 20.58927 ], [ -100.36249, 20.58927 ], [ -100.36275, 20.58927 ], [ -100.36299, 20.5893 ], [ -100.36331, 20.58938 ], [ -100.36517, 20.59001 ], [ -100.3655, 20.59015 ], [ -100.36716, 20.5918 ], [ -100.36807, 20.59271 ], [ -100.37161, 20.59619 ], [ -100.37218, 20.59689 ], [ -100.37276, 20.59751 ], [ -100.37353, 20.59809 ], [ -100.37498, 20.5995 ], [ -100.37534, 20.59996 ], [ -100.37566, 20.60046 ], [ -100.3766, 20.603 ], [ -100.377, 20.60433 ], [ -100.3775, 20.60593 ], [ -100.37779, 20.60659 ], [ -100.37838, 20.60774 ], [ -100.37894, 20.60856 ], [ -100.37978, 20.60954 ], [ -100.37987, 20.60974 ], [ -100.37987, 20.60996 ], [ -100.37965, 20.61053 ], [ -100.3798, 20.61113 ], [ -100.37952, 20.61129 ], [ -100.37934, 20.61139 ], [ -100.37878, 20.61123 ], [ -100.37743, 20.61089 ], [ -100.37707, 20.61081 ], [ -100.37703, 20.61093 ], [ -100.37867, 20.61132 ], [ -100.37972, 20.61164 ], [ -100.37989, 20.61147 ], [ -100.38036, 20.61113 ], [ -100.3809, 20.61093 ], [ -100.38143, 20.6108 ], [ -100.38209, 20.61133 ], [ -100.38474, 20.61345 ], [ -100.38659, 20.61492 ], [ -100.38733, 20.61535 ], [ -100.38836, 20.61585 ], [ -100.38955, 20.61627 ], [ -100.3899, 20.61654 ], [ -100.38993, 20.6169 ], [ -100.38985, 20.61726 ], [ -100.38992, 20.61749 ], [ -100.39001, 20.61774 ], [ -100.39009, 20.62036 ], [ -100.39011, 20.6225 ], [ -100.38994, 20.62305 ], [ -100.38942, 20.62382 ], [ -100.38883, 20.62467 ], [ -100.3885, 20.62496 ], [ -100.38564, 20.62638 ], [ -100.38539, 20.6266 ], [ -100.3853, 20.62684 ], [ -100.38536, 20.62706 ], [ -100.38554, 20.62726 ], [ -100.38576, 20.62735 ], [ -100.38609, 20.62739 ], [ -100.38854, 20.62762 ], [ -100.38918, 20.62781 ], [ -100.38965, 20.62804 ], [ -100.3901, 20.62846 ], [ -100.39031, 20.62874 ], [ -100.39053, 20.62909 ], [ -100.39071, 20.6295 ], [ -100.39097, 20.63042 ], [ -100.39108, 20.6309 ], [ -100.39108, 20.63133 ], [ -100.39097, 20.63172 ], [ -100.39029, 20.63285 ], [ -100.39018, 20.63309 ], [ -100.39023, 20.63337 ], [ -100.39038, 20.63351 ], [ -100.3906, 20.63365 ], [ -100.39303, 20.63438 ], [ -100.3934, 20.63463 ], [ -100.39364, 20.63487 ], [ -100.39377, 20.63507 ], [ -100.39386, 20.63537 ], [ -100.39387, 20.63589 ], [ -100.39344, 20.63916 ], [ -100.3931, 20.64212 ], [ -100.39254, 20.64424 ], [ -100.39236, 20.64483 ], [ -100.39221, 20.64503 ], [ -100.39194, 20.64588 ], [ -100.39174, 20.64662 ], [ -100.39205, 20.64666 ], [ -100.39593, 20.64729 ], [ -100.40199, 20.64826 ], [ -100.4045, 20.64865 ], [ -100.40514, 20.6451 ], [ -100.40546, 20.64328 ], [ -100.40567, 20.64157 ], [ -100.40581, 20.64007 ], [ -100.406, 20.63749 ], [ -100.4062, 20.63526 ], [ -100.40582, 20.63375 ], [ -100.4058, 20.63333 ], [ -100.40588, 20.63287 ], [ -100.40671, 20.62997 ], [ -100.40674, 20.6296 ], [ -100.40659, 20.62824 ], [ -100.4062, 20.62547 ], [ -100.40596, 20.62329 ], [ -100.40569, 20.62091 ], [ -100.40438, 20.61823 ], [ -100.40418, 20.61719 ], [ -100.4037, 20.61706 ], [ -100.40254, 20.61683 ], [ -100.40164, 20.6167 ], [ -100.4002, 20.61668 ], [ -100.39526, 20.61646 ], [ -100.39196, 20.61629 ], [ -100.39089, 20.61614 ], [ -100.3906, 20.61607 ], [ -100.39045, 20.61594 ], [ -100.39027, 20.61544 ], [ -100.38994, 20.61375 ], [ -100.38967, 20.61392 ], [ -100.38937, 20.61419 ], [ -100.38919, 20.61454 ], [ -100.38962, 20.61509 ], [ -100.38984, 20.61543 ], [ -100.38981, 20.61564 ], [ -100.38963, 20.61582 ], [ -100.38945, 20.61586 ], [ -100.38842, 20.61537 ], [ -100.38687, 20.61454 ], [ -100.38516, 20.61323 ], [ -100.38315, 20.61167 ], [ -100.38148, 20.61032 ], [ -100.38023, 20.60926 ], [ -100.37919, 20.60809 ], [ -100.37846, 20.60705 ], [ -100.37782, 20.60566 ], [ -100.37729, 20.60414 ], [ -100.3767, 20.60219 ], [ -100.37626, 20.60087 ], [ -100.37605, 20.60038 ], [ -100.37573, 20.5999 ], [ -100.37538, 20.5994 ], [ -100.37399, 20.59796 ], [ -100.37307, 20.59709 ], [ -100.37249, 20.59642 ], [ -100.37196, 20.59586 ], [ -100.37047, 20.5945 ], [ -100.36909, 20.59315 ], [ -100.36717, 20.59127 ], [ -100.36561, 20.5897 ], [ -100.36522, 20.58929 ], [ -100.36515, 20.58917 ], [ -100.36515, 20.58905 ], [ -100.36522, 20.5888 ], [ -100.36535, 20.58867 ], [ -100.3657, 20.58854 ], [ -100.36708, 20.58843 ], [ -100.36765, 20.58842 ], [ -100.36824, 20.58834 ], [ -100.36953, 20.58812 ], [ -100.37521, 20.5871 ], [ -100.3748, 20.58574 ], [ -100.37461, 20.58483 ], [ -100.37437, 20.58237 ], [ -100.37417, 20.57994 ], [ -100.37415, 20.5792 ], [ -100.37426, 20.57784 ], [ -100.37416, 20.57748 ], [ -100.37186, 20.57787 ], [ -100.371, 20.57808 ], [ -100.3689, 20.57895 ], [ -100.36743, 20.5796 ], [ -100.36667, 20.57987 ], [ -100.36462, 20.58023 ], [ -100.36368, 20.58045 ], [ -100.36344, 20.5805 ], [ -100.36326, 20.58048 ], [ -100.36235, 20.58008 ], [ -100.36199, 20.57991 ], [ -100.36175, 20.57986 ], [ -100.36151, 20.5799 ], [ -100.36126, 20.57999 ], [ -100.36086, 20.58028 ], [ -100.36052, 20.58057 ], [ -100.3604, 20.58061 ], [ -100.36024, 20.58064 ], [ -100.36008, 20.58062 ], [ -100.35993, 20.58049 ], [ -100.3598, 20.58022 ], [ -100.3595, 20.57884 ], [ -100.35937, 20.57877 ], [ -100.35918, 20.57883 ], [ -100.3591, 20.57901 ], [ -100.35938, 20.58034 ], [ -100.35932, 20.58074 ], [ -100.35924, 20.58096 ], [ -100.35902, 20.58105 ], [ -100.35878, 20.58115 ], [ -100.35873, 20.58123 ] ] } },
{ "type": "Feature", "properties": { "city": "Querétaro", "route_name": "94_Fracc. Pirámides  - Plaza las Américas", "route_name_short": "Fracc. Pirámides  - Plaza las Américas", "type": "Bus", "shape_id": "shape_2489" }, "geometry": { "type": "LineString", "coordinates": [ [ -100.44482, 20.53254 ], [ -100.44739, 20.53319 ], [ -100.4477, 20.53336 ], [ -100.45129, 20.53433 ], [ -100.45179, 20.53447 ], [ -100.45212, 20.53492 ], [ -100.45254, 20.53538 ], [ -100.4532, 20.53617 ], [ -100.45326, 20.53631 ], [ -100.45328, 20.53647 ], [ -100.45321, 20.5367 ], [ -100.45301, 20.53716 ], [ -100.45286, 20.53752 ], [ -100.45282, 20.53777 ], [ -100.45282, 20.53824 ], [ -100.45287, 20.53842 ], [ -100.45305, 20.53878 ], [ -100.45326, 20.53921 ], [ -100.45412, 20.54079 ], [ -100.45275, 20.54172 ], [ -100.45235, 20.542 ], [ -100.45216, 20.5421 ], [ -100.45151, 20.54252 ], [ -100.45141, 20.5425 ], [ -100.45134, 20.54253 ], [ -100.45125, 20.54264 ], [ -100.45126, 20.54275 ], [ -100.45138, 20.54281 ], [ -100.45151, 20.54283 ], [ -100.45193, 20.54321 ], [ -100.45247, 20.54373 ], [ -100.45288, 20.54419 ], [ -100.45318, 20.54469 ], [ -100.45348, 20.5452 ], [ -100.45363, 20.54539 ], [ -100.45396, 20.54554 ], [ -100.45422, 20.54558 ], [ -100.45459, 20.54552 ], [ -100.45478, 20.54542 ], [ -100.4551, 20.54537 ], [ -100.45526, 20.54542 ], [ -100.45563, 20.54556 ], [ -100.45567, 20.54549 ], [ -100.45469, 20.54515 ], [ -100.45328, 20.54462 ], [ -100.45319, 20.54456 ], [ -100.45296, 20.5442 ], [ -100.45273, 20.5439 ], [ -100.45181, 20.54295 ], [ -100.45178, 20.5428 ], [ -100.45181, 20.54264 ], [ -100.45195, 20.54241 ], [ -100.45229, 20.54209 ], [ -100.45258, 20.54188 ], [ -100.45398, 20.54092 ], [ -100.45429, 20.54071 ], [ -100.45401, 20.54022 ], [ -100.45337, 20.53903 ], [ -100.45319, 20.53884 ], [ -100.45302, 20.53868 ], [ -100.45291, 20.53841 ], [ -100.45285, 20.53822 ], [ -100.45284, 20.53794 ], [ -100.45287, 20.53764 ], [ -100.45294, 20.53741 ], [ -100.45311, 20.53698 ], [ -100.45327, 20.53665 ], [ -100.4533, 20.53637 ], [ -100.45327, 20.53624 ], [ -100.45319, 20.53611 ], [ -100.45242, 20.53519 ], [ -100.45201, 20.5347 ], [ -100.45192, 20.53461 ], [ -100.45114, 20.53438 ], [ -100.44928, 20.53386 ], [ -100.44811, 20.53356 ], [ -100.44755, 20.5334 ], [ -100.44694, 20.53324 ], [ -100.44676, 20.53322 ], [ -100.44657, 20.53336 ], [ -100.44637, 20.53347 ], [ -100.44621, 20.53342 ], [ -100.44616, 20.53315 ], [ -100.4462, 20.53279 ], [ -100.44629, 20.53262 ], [ -100.44658, 20.53237 ], [ -100.44677, 20.53236 ], [ -100.44645, 20.53285 ], [ -100.44558, 20.53262 ], [ -100.44375, 20.53204 ], [ -100.44315, 20.53192 ], [ -100.44255, 20.53181 ], [ -100.44158, 20.53179 ], [ -100.44082, 20.53192 ], [ -100.44026, 20.53206 ], [ -100.4396, 20.53233 ], [ -100.43893, 20.5327 ], [ -100.43809, 20.53342 ], [ -100.43763, 20.53396 ], [ -100.43648, 20.53533 ], [ -100.43494, 20.53718 ], [ -100.4329, 20.53963 ], [ -100.43268, 20.53985 ], [ -100.43078, 20.54219 ], [ -100.43048, 20.5426 ], [ -100.42924, 20.54416 ], [ -100.42772, 20.54599 ], [ -100.42606, 20.54803 ], [ -100.42435, 20.55009 ], [ -100.42279, 20.55194 ], [ -100.42195, 20.55295 ], [ -100.4201, 20.55523 ], [ -100.41889, 20.55674 ], [ -100.41668, 20.55938 ], [ -100.41587, 20.56037 ], [ -100.41566, 20.56052 ], [ -100.41402, 20.56255 ], [ -100.41433, 20.56291 ], [ -100.41447, 20.56314 ], [ -100.41459, 20.56349 ], [ -100.41466, 20.56393 ], [ -100.41475, 20.56544 ], [ -100.41486, 20.5672 ], [ -100.41501, 20.56945 ], [ -100.41522, 20.57236 ], [ -100.41529, 20.57372 ], [ -100.41531, 20.57429 ], [ -100.41536, 20.57463 ], [ -100.41548, 20.57488 ], [ -100.41586, 20.57525 ], [ -100.41604, 20.57553 ], [ -100.41613, 20.57601 ], [ -100.41613, 20.57744 ], [ -100.4161, 20.57815 ], [ -100.41593, 20.57858 ], [ -100.41573, 20.57893 ], [ -100.41534, 20.57921 ], [ -100.41494, 20.57935 ], [ -100.41294, 20.57984 ], [ -100.41225, 20.58001 ], [ -100.41075, 20.58034 ], [ -100.40947, 20.58064 ], [ -100.40878, 20.5808 ], [ -100.40828, 20.58101 ], [ -100.40724, 20.58154 ], [ -100.40679, 20.58183 ], [ -100.40642, 20.58225 ], [ -100.40553, 20.58346 ], [ -100.40523, 20.5839 ], [ -100.40493, 20.58404 ], [ -100.40468, 20.58412 ], [ -100.40439, 20.58411 ], [ -100.40408, 20.58403 ], [ -100.40382, 20.58401 ], [ -100.40349, 20.58401 ], [ -100.40325, 20.58408 ], [ -100.40207, 20.58472 ], [ -100.4012, 20.58501 ], [ -100.39663, 20.58658 ], [ -100.39328, 20.58768 ], [ -100.3899, 20.58881 ], [ -100.38628, 20.59014 ], [ -100.38452, 20.59072 ], [ -100.3836, 20.59105 ], [ -100.383, 20.59122 ], [ -100.38273, 20.59127 ], [ -100.38265, 20.59119 ], [ -100.38253, 20.59111 ], [ -100.38241, 20.59112 ], [ -100.38221, 20.59115 ], [ -100.38214, 20.59129 ], [ -100.38188, 20.59132 ], [ -100.38103, 20.59139 ], [ -100.37975, 20.59148 ], [ -100.37956, 20.59156 ], [ -100.37886, 20.59183 ], [ -100.37802, 20.59139 ], [ -100.37657, 20.59074 ], [ -100.37343, 20.58919 ], [ -100.37173, 20.58839 ], [ -100.3712, 20.5882 ], [ -100.37071, 20.58806 ], [ -100.37065, 20.58795 ], [ -100.37305, 20.58748 ], [ -100.37513, 20.58713 ], [ -100.37519, 20.58722 ], [ -100.37539, 20.58736 ], [ -100.37644, 20.58824 ], [ -100.3764, 20.58906 ], [ -100.37649, 20.59015 ], [ -100.37655, 20.59053 ], [ -100.37665, 20.59089 ], [ -100.37687, 20.59128 ], [ -100.37724, 20.59177 ], [ -100.37769, 20.59216 ], [ -100.37817, 20.59255 ], [ -100.37868, 20.59217 ], [ -100.3791, 20.59189 ], [ -100.37973, 20.59163 ], [ -100.38, 20.59159 ], [ -100.38139, 20.5915 ], [ -100.38216, 20.59146 ], [ -100.38235, 20.59155 ], [ -100.38254, 20.59152 ], [ -100.3827, 20.59145 ], [ -100.38283, 20.59137 ], [ -100.38354, 20.59125 ], [ -100.38386, 20.59111 ], [ -100.38531, 20.59064 ], [ -100.3871, 20.59 ], [ -100.38967, 20.58902 ], [ -100.3925, 20.5881 ], [ -100.39523, 20.58722 ], [ -100.39883, 20.58598 ], [ -100.40118, 20.58517 ], [ -100.40246, 20.58471 ], [ -100.40323, 20.5843 ], [ -100.40365, 20.58421 ], [ -100.40407, 20.58423 ], [ -100.40448, 20.58431 ], [ -100.40488, 20.58429 ], [ -100.40518, 20.58415 ], [ -100.40556, 20.58381 ], [ -100.40666, 20.58232 ], [ -100.40698, 20.58198 ], [ -100.4077, 20.58159 ], [ -100.40882, 20.58102 ], [ -100.40985, 20.58076 ], [ -100.41302, 20.58 ], [ -100.41501, 20.5795 ], [ -100.41545, 20.57939 ], [ -100.41586, 20.57901 ], [ -100.41608, 20.57862 ], [ -100.41622, 20.57828 ], [ -100.41627, 20.57781 ], [ -100.41624, 20.57709 ], [ -100.41621, 20.57584 ], [ -100.41613, 20.57553 ], [ -100.41599, 20.57528 ], [ -100.41561, 20.57482 ], [ -100.41551, 20.57459 ], [ -100.41543, 20.57415 ], [ -100.41532, 20.57216 ], [ -100.4151, 20.5692 ], [ -100.4149, 20.56605 ], [ -100.41478, 20.56389 ], [ -100.41462, 20.56318 ], [ -100.41452, 20.56294 ], [ -100.4143, 20.56269 ], [ -100.41586, 20.56083 ], [ -100.41619, 20.56029 ], [ -100.4173, 20.55887 ], [ -100.41935, 20.55642 ], [ -100.42137, 20.55392 ], [ -100.42295, 20.55193 ], [ -100.42453, 20.55013 ], [ -100.42576, 20.54866 ], [ -100.42683, 20.54728 ], [ -100.42802, 20.54588 ], [ -100.42927, 20.54427 ], [ -100.42978, 20.5437 ], [ -100.43045, 20.54294 ], [ -100.43129, 20.54181 ], [ -100.43277, 20.53998 ], [ -100.43339, 20.53928 ], [ -100.43443, 20.53807 ], [ -100.43597, 20.53617 ], [ -100.43733, 20.5345 ], [ -100.43786, 20.53388 ], [ -100.43827, 20.53347 ], [ -100.43867, 20.53313 ], [ -100.43924, 20.53272 ], [ -100.43974, 20.53248 ], [ -100.44023, 20.53231 ], [ -100.44069, 20.53212 ], [ -100.44164, 20.53203 ], [ -100.44228, 20.53202 ], [ -100.44299, 20.53203 ], [ -100.44331, 20.53208 ], [ -100.44422, 20.53232 ], [ -100.44483, 20.53254 ] ] } },
{ "type": "Feature", "properties": { "city": "Querétaro", "route_name": "92_Boulevares del Cimatario - Fracc. Vistana", "route_name_short": "Boulevares del Cimatario - Fracc. Vistana", "type": "Bus", "shape_id": "shape_2488" }, "geometry": { "type": "LineString", "coordinates": [ [ -100.39231, 20.54855 ], [ -100.39201, 20.54806 ], [ -100.39203, 20.54799 ], [ -100.39197, 20.54791 ], [ -100.3919, 20.54785 ], [ -100.39178, 20.54765 ], [ -100.39097, 20.54625 ], [ -100.39, 20.54435 ], [ -100.3899, 20.54437 ], [ -100.39087, 20.54629 ], [ -100.39177, 20.54789 ], [ -100.39179, 20.548 ], [ -100.39182, 20.5481 ], [ -100.39191, 20.54814 ], [ -100.39281, 20.54984 ], [ -100.39461, 20.55329 ], [ -100.3964, 20.55671 ], [ -100.39789, 20.55967 ], [ -100.39946, 20.56266 ], [ -100.40075, 20.56511 ], [ -100.40084, 20.56541 ], [ -100.4008, 20.56562 ], [ -100.40057, 20.56588 ], [ -100.40027, 20.5662 ], [ -100.40016, 20.5665 ], [ -100.40031, 20.56702 ], [ -100.40064, 20.56773 ], [ -100.4012, 20.56856 ], [ -100.40138, 20.56886 ], [ -100.40162, 20.56901 ], [ -100.40194, 20.56904 ], [ -100.40228, 20.56905 ], [ -100.40265, 20.5693 ], [ -100.40346, 20.57003 ], [ -100.40383, 20.57063 ], [ -100.40453, 20.57184 ], [ -100.40497, 20.57268 ], [ -100.40508, 20.57288 ], [ -100.40522, 20.57323 ], [ -100.40496, 20.57359 ], [ -100.40429, 20.57447 ], [ -100.40199, 20.57723 ], [ -100.40162, 20.5777 ], [ -100.40144, 20.57777 ], [ -100.4013, 20.5778 ], [ -100.40107, 20.57769 ], [ -100.40086, 20.57749 ], [ -100.40082, 20.57738 ], [ -100.40101, 20.57712 ], [ -100.40119, 20.57686 ], [ -100.40131, 20.57679 ], [ -100.40156, 20.57681 ], [ -100.40184, 20.57694 ], [ -100.40322, 20.57829 ], [ -100.40474, 20.57973 ], [ -100.40487, 20.57997 ], [ -100.40652, 20.58145 ], [ -100.40684, 20.58176 ], [ -100.40652, 20.58212 ], [ -100.40594, 20.5829 ], [ -100.40545, 20.58364 ], [ -100.4052, 20.58391 ], [ -100.40485, 20.58407 ], [ -100.40461, 20.58412 ], [ -100.40421, 20.58406 ], [ -100.40392, 20.58401 ], [ -100.40359, 20.584 ], [ -100.40327, 20.58408 ], [ -100.40271, 20.58435 ], [ -100.40214, 20.58467 ], [ -100.40247, 20.58541 ], [ -100.40369, 20.58803 ], [ -100.40539, 20.59173 ], [ -100.40705, 20.59555 ], [ -100.40627, 20.59559 ], [ -100.40549, 20.59568 ], [ -100.40444, 20.59579 ], [ -100.40324, 20.59594 ], [ -100.40247, 20.59596 ], [ -100.40174, 20.59595 ], [ -100.40128, 20.59605 ], [ -100.40023, 20.59636 ], [ -100.39973, 20.59667 ], [ -100.39878, 20.59728 ], [ -100.39841, 20.59752 ], [ -100.39771, 20.59779 ], [ -100.39728, 20.5979 ], [ -100.39688, 20.59787 ], [ -100.39601, 20.59777 ], [ -100.39561, 20.59775 ], [ -100.39524, 20.59782 ], [ -100.39462, 20.59803 ], [ -100.39402, 20.59836 ], [ -100.39383, 20.59853 ], [ -100.39373, 20.59858 ], [ -100.39365, 20.59867 ], [ -100.39368, 20.59879 ], [ -100.39376, 20.59896 ], [ -100.39377, 20.59982 ], [ -100.39382, 20.60113 ], [ -100.39382, 20.60156 ], [ -100.39361, 20.6021 ], [ -100.39335, 20.6025 ], [ -100.39296, 20.60279 ], [ -100.39272, 20.60293 ], [ -100.39235, 20.60325 ], [ -100.39056, 20.60457 ], [ -100.38984, 20.60511 ], [ -100.38882, 20.60574 ], [ -100.38735, 20.60661 ], [ -100.38623, 20.60733 ], [ -100.38607, 20.60758 ], [ -100.38592, 20.60804 ], [ -100.38591, 20.60831 ], [ -100.38612, 20.60882 ], [ -100.38726, 20.61114 ], [ -100.38815, 20.61304 ], [ -100.38862, 20.61373 ], [ -100.38919, 20.61456 ], [ -100.38955, 20.61502 ], [ -100.38975, 20.61505 ], [ -100.39002, 20.61495 ], [ -100.39011, 20.61478 ], [ -100.39013, 20.61456 ], [ -100.38993, 20.61379 ], [ -100.38981, 20.61386 ], [ -100.38945, 20.61411 ], [ -100.38919, 20.61454 ], [ -100.38971, 20.61525 ], [ -100.38984, 20.6155 ], [ -100.38992, 20.61601 ], [ -100.38997, 20.61662 ], [ -100.38991, 20.61706 ], [ -100.38985, 20.61731 ], [ -100.39001, 20.61769 ], [ -100.39004, 20.61805 ], [ -100.39004, 20.61911 ], [ -100.39009, 20.62052 ], [ -100.38993, 20.62046 ], [ -100.38978, 20.62052 ], [ -100.38969, 20.62065 ], [ -100.38977, 20.6209 ], [ -100.38991, 20.62116 ], [ -100.39119, 20.62173 ], [ -100.39342, 20.6227 ], [ -100.39592, 20.62384 ], [ -100.3984, 20.62497 ], [ -100.39971, 20.62545 ], [ -100.39937, 20.6272 ], [ -100.39928, 20.62792 ], [ -100.39922, 20.62852 ], [ -100.39895, 20.62986 ], [ -100.39872, 20.63114 ], [ -100.39861, 20.63167 ], [ -100.40172, 20.63201 ], [ -100.40135, 20.63369 ], [ -100.401, 20.63568 ], [ -100.40069, 20.63744 ], [ -100.40065, 20.63789 ], [ -100.40067, 20.63857 ], [ -100.40065, 20.64054 ], [ -100.40218, 20.64074 ], [ -100.40557, 20.6412 ], [ -100.40546, 20.64265 ], [ -100.40533, 20.64356 ], [ -100.40495, 20.64558 ], [ -100.40447, 20.64823 ], [ -100.40409, 20.6503 ], [ -100.4039, 20.65137 ], [ -100.40145, 20.65097 ], [ -100.39785, 20.6504 ], [ -100.39671, 20.65023 ], [ -100.39646, 20.65171 ], [ -100.39595, 20.6544 ], [ -100.39372, 20.65401 ], [ -100.39311, 20.65394 ], [ -100.39223, 20.65419 ], [ -100.39185, 20.65411 ], [ -100.39116, 20.65402 ], [ -100.38979, 20.65381 ], [ -100.38959, 20.65486 ], [ -100.38931, 20.65633 ], [ -100.3892, 20.65719 ], [ -100.38932, 20.65724 ], [ -100.39228, 20.65743 ], [ -100.39304, 20.65749 ], [ -100.39339, 20.65548 ], [ -100.39365, 20.65406 ], [ -100.39659, 20.65453 ], [ -100.39785, 20.65469 ], [ -100.39804, 20.65474 ], [ -100.39751, 20.65765 ], [ -100.39715, 20.65965 ], [ -100.39923, 20.65998 ], [ -100.40243, 20.66043 ], [ -100.40285, 20.65791 ], [ -100.40332, 20.65525 ], [ -100.40404, 20.65118 ], [ -100.40484, 20.64684 ], [ -100.40541, 20.64352 ], [ -100.40554, 20.64267 ], [ -100.4057, 20.64105 ], [ -100.4031, 20.64068 ], [ -100.40075, 20.64036 ], [ -100.40073, 20.63832 ], [ -100.40076, 20.6376 ], [ -100.40083, 20.63703 ], [ -100.40115, 20.63516 ], [ -100.39971, 20.63536 ], [ -100.39744, 20.63565 ], [ -100.39544, 20.63592 ], [ -100.39559, 20.63493 ], [ -100.39568, 20.63318 ], [ -100.39569, 20.63199 ], [ -100.39559, 20.6306 ], [ -100.39542, 20.62888 ], [ -100.39534, 20.62829 ], [ -100.39525, 20.62773 ], [ -100.3953, 20.62689 ], [ -100.39529, 20.62588 ], [ -100.39534, 20.62455 ], [ -100.39525, 20.62439 ], [ -100.39513, 20.62423 ], [ -100.39512, 20.62405 ], [ -100.39523, 20.62342 ], [ -100.39423, 20.62293 ], [ -100.39396, 20.62268 ], [ -100.39355, 20.62244 ], [ -100.393, 20.6222 ], [ -100.39229, 20.62166 ], [ -100.39193, 20.62139 ], [ -100.39067, 20.62082 ], [ -100.39015, 20.62056 ], [ -100.39009, 20.61922 ], [ -100.39012, 20.61886 ], [ -100.39028, 20.61849 ], [ -100.39022, 20.61828 ], [ -100.39015, 20.61801 ], [ -100.39013, 20.61692 ], [ -100.39033, 20.61632 ], [ -100.39032, 20.61585 ], [ -100.39025, 20.61526 ], [ -100.39014, 20.61458 ], [ -100.38976, 20.61316 ], [ -100.38949, 20.61223 ], [ -100.38899, 20.61112 ], [ -100.38855, 20.61021 ], [ -100.38836, 20.61005 ], [ -100.3881, 20.61004 ], [ -100.38766, 20.6102 ], [ -100.38744, 20.61025 ], [ -100.38721, 20.61017 ], [ -100.38697, 20.60994 ], [ -100.38649, 20.60872 ], [ -100.38644, 20.60819 ], [ -100.38649, 20.6079 ], [ -100.38666, 20.60762 ], [ -100.38697, 20.60731 ], [ -100.3892, 20.60568 ], [ -100.39187, 20.60373 ], [ -100.39315, 20.60282 ], [ -100.39353, 20.6025 ], [ -100.39376, 20.60213 ], [ -100.39396, 20.60156 ], [ -100.39397, 20.60128 ], [ -100.39394, 20.60051 ], [ -100.39388, 20.59895 ], [ -100.39397, 20.59883 ], [ -100.39399, 20.59871 ], [ -100.39393, 20.59862 ], [ -100.39383, 20.59857 ], [ -100.39372, 20.59859 ], [ -100.39357, 20.59861 ], [ -100.39291, 20.5985 ], [ -100.3918, 20.59835 ], [ -100.39118, 20.59828 ], [ -100.39044, 20.59831 ], [ -100.38947, 20.59841 ], [ -100.38908, 20.59851 ], [ -100.38872, 20.59881 ], [ -100.38822, 20.59939 ], [ -100.38794, 20.59957 ], [ -100.38729, 20.59976 ], [ -100.38677, 20.59999 ], [ -100.38622, 20.59722 ], [ -100.3861, 20.59652 ], [ -100.38594, 20.59592 ], [ -100.38557, 20.59492 ], [ -100.3853, 20.5942 ], [ -100.38478, 20.59246 ], [ -100.38465, 20.59167 ], [ -100.38417, 20.59166 ], [ -100.38382, 20.59117 ], [ -100.38639, 20.59024 ], [ -100.38877, 20.58935 ], [ -100.39246, 20.58813 ], [ -100.39656, 20.58675 ], [ -100.39958, 20.58574 ], [ -100.39889, 20.58389 ], [ -100.39805, 20.58185 ], [ -100.39918, 20.58089 ], [ -100.39995, 20.58001 ], [ -100.40181, 20.57773 ], [ -100.40433, 20.57462 ], [ -100.40546, 20.57334 ], [ -100.40586, 20.57278 ], [ -100.40643, 20.57211 ], [ -100.40657, 20.57193 ], [ -100.40691, 20.57161 ], [ -100.40837, 20.56991 ], [ -100.40922, 20.56885 ], [ -100.40902, 20.56859 ], [ -100.40742, 20.57061 ], [ -100.40656, 20.57158 ], [ -100.4065, 20.57179 ], [ -100.40609, 20.57226 ], [ -100.40541, 20.57306 ], [ -100.40499, 20.57239 ], [ -100.40457, 20.57159 ], [ -100.40383, 20.57025 ], [ -100.40361, 20.56993 ], [ -100.40311, 20.56962 ], [ -100.40275, 20.56924 ], [ -100.40241, 20.56901 ], [ -100.40217, 20.56894 ], [ -100.40176, 20.56896 ], [ -100.40149, 20.56884 ], [ -100.4011, 20.56822 ], [ -100.4006, 20.56744 ], [ -100.40043, 20.56704 ], [ -100.40028, 20.56653 ], [ -100.4004, 20.56621 ], [ -100.40075, 20.56581 ], [ -100.40092, 20.56555 ], [ -100.40093, 20.56529 ], [ -100.40064, 20.56467 ], [ -100.3992, 20.56193 ], [ -100.39753, 20.55873 ], [ -100.396, 20.55572 ], [ -100.39463, 20.5531 ], [ -100.39325, 20.55043 ], [ -100.39229, 20.54855 ] ] } },
{ "type": "Feature", "properties": { "city": "Querétaro", "route_name": "96_Fracc. San Ángel - Paseos del Pedregal", "route_name_short": "Fracc. San Ángel - Paseos del Pedregal", "type": "Bus", "shape_id": "shape_2490" }, "geometry": { "type": "LineString", "coordinates": [ [ -100.47674, 20.62373 ], [ -100.47718, 20.62509 ], [ -100.47734, 20.62572 ], [ -100.4772, 20.62595 ], [ -100.47704, 20.62598 ], [ -100.47491, 20.62568 ], [ -100.47336, 20.62544 ], [ -100.47337, 20.62549 ], [ -100.47524, 20.62578 ], [ -100.47751, 20.62609 ], [ -100.47743, 20.62583 ], [ -100.47737, 20.62559 ], [ -100.47707, 20.62464 ], [ -100.47669, 20.62338 ], [ -100.47576, 20.62031 ], [ -100.47777, 20.61994 ], [ -100.47763, 20.61972 ], [ -100.4773, 20.61927 ], [ -100.47722, 20.61914 ], [ -100.47701, 20.61912 ], [ -100.47648, 20.61839 ], [ -100.47504, 20.61863 ], [ -100.47495, 20.61821 ], [ -100.47252, 20.6187 ], [ -100.47066, 20.61918 ], [ -100.47054, 20.61885 ], [ -100.47075, 20.61873 ], [ -100.46963, 20.61596 ], [ -100.46767, 20.61667 ], [ -100.46683, 20.61689 ], [ -100.46666, 20.61686 ], [ -100.46591, 20.61659 ], [ -100.46534, 20.61637 ], [ -100.46507, 20.61632 ], [ -100.4647, 20.61639 ], [ -100.46421, 20.61656 ], [ -100.46165, 20.61767 ], [ -100.46038, 20.61815 ], [ -100.45979, 20.61834 ], [ -100.45871, 20.61863 ], [ -100.45725, 20.61902 ], [ -100.45675, 20.61915 ], [ -100.45582, 20.61921 ], [ -100.4551, 20.61917 ], [ -100.45473, 20.61916 ], [ -100.45446, 20.61936 ], [ -100.45398, 20.61979 ], [ -100.4537, 20.62002 ], [ -100.45339, 20.62023 ], [ -100.45263, 20.6204 ], [ -100.45224, 20.62047 ], [ -100.45161, 20.62062 ], [ -100.45116, 20.62078 ], [ -100.45055, 20.6211 ], [ -100.44989, 20.62155 ], [ -100.44954, 20.62177 ], [ -100.44906, 20.62204 ], [ -100.44839, 20.62239 ], [ -100.44804, 20.62243 ], [ -100.44733, 20.62243 ], [ -100.44592, 20.62245 ], [ -100.44426, 20.62245 ], [ -100.44372, 20.62252 ], [ -100.44333, 20.62281 ], [ -100.44205, 20.62363 ], [ -100.44195, 20.62366 ], [ -100.44176, 20.62296 ], [ -100.44167, 20.62258 ], [ -100.44129, 20.62197 ], [ -100.44084, 20.62133 ], [ -100.4402, 20.62057 ], [ -100.43892, 20.6193 ], [ -100.43783, 20.61829 ], [ -100.43738, 20.61787 ], [ -100.43701, 20.6174 ], [ -100.43688, 20.61698 ], [ -100.43675, 20.61625 ], [ -100.43657, 20.61529 ], [ -100.43627, 20.61437 ], [ -100.43611, 20.61381 ], [ -100.43575, 20.61215 ], [ -100.43561, 20.61163 ], [ -100.43519, 20.61064 ], [ -100.43491, 20.61023 ], [ -100.43477, 20.60984 ], [ -100.43454, 20.60927 ], [ -100.43446, 20.60886 ], [ -100.43438, 20.60859 ], [ -100.43403, 20.60804 ], [ -100.43333, 20.60707 ], [ -100.43298, 20.60672 ], [ -100.43243, 20.60625 ], [ -100.4318, 20.60574 ], [ -100.4315, 20.6055 ], [ -100.43094, 20.6052 ], [ -100.43043, 20.60499 ], [ -100.42986, 20.60454 ], [ -100.4283, 20.60322 ], [ -100.42772, 20.60274 ], [ -100.42757, 20.60267 ], [ -100.42691, 20.60265 ], [ -100.42503, 20.60267 ], [ -100.42359, 20.60271 ], [ -100.42293, 20.60275 ], [ -100.42198, 20.60289 ], [ -100.42134, 20.60302 ], [ -100.421, 20.60298 ], [ -100.42062, 20.60294 ], [ -100.42006, 20.60305 ], [ -100.41825, 20.6035 ], [ -100.4176, 20.60362 ], [ -100.41684, 20.60094 ], [ -100.41615, 20.59854 ], [ -100.41565, 20.5967 ], [ -100.41557, 20.59668 ], [ -100.41544, 20.59665 ], [ -100.4153, 20.59685 ], [ -100.41532, 20.59704 ], [ -100.41577, 20.59866 ], [ -100.41667, 20.6018 ], [ -100.41752, 20.6047 ], [ -100.41921, 20.61083 ], [ -100.4203, 20.6145 ], [ -100.42171, 20.61962 ], [ -100.42162, 20.61994 ], [ -100.42145, 20.62058 ], [ -100.42113, 20.6211 ], [ -100.42064, 20.62147 ], [ -100.42011, 20.62155 ], [ -100.41921, 20.62139 ], [ -100.41845, 20.62122 ], [ -100.41686, 20.62099 ], [ -100.4157, 20.62078 ], [ -100.41468, 20.62054 ], [ -100.41426, 20.62043 ], [ -100.41387, 20.62019 ], [ -100.41348, 20.62007 ], [ -100.41257, 20.61978 ], [ -100.41067, 20.61922 ], [ -100.41046, 20.61901 ], [ -100.41039, 20.61809 ], [ -100.41022, 20.61678 ], [ -100.41014, 20.61637 ], [ -100.41007, 20.61582 ], [ -100.40998, 20.61497 ], [ -100.40981, 20.61497 ], [ -100.40991, 20.61577 ], [ -100.4101, 20.61734 ], [ -100.41031, 20.61914 ], [ -100.41045, 20.62016 ], [ -100.41055, 20.62054 ], [ -100.41081, 20.62099 ], [ -100.41099, 20.62132 ], [ -100.4111, 20.62164 ], [ -100.41136, 20.62237 ], [ -100.41175, 20.62347 ], [ -100.4123, 20.62499 ], [ -100.41252, 20.62667 ], [ -100.41261, 20.62726 ], [ -100.4091, 20.62765 ], [ -100.40643, 20.62792 ], [ -100.40657, 20.62918 ], [ -100.40663, 20.62968 ], [ -100.40655, 20.63009 ], [ -100.40616, 20.63152 ], [ -100.4057, 20.63312 ], [ -100.40565, 20.63338 ], [ -100.40578, 20.63397 ], [ -100.40605, 20.635 ], [ -100.40609, 20.63529 ], [ -100.40603, 20.63612 ], [ -100.4059, 20.6378 ], [ -100.40557, 20.6412 ], [ -100.40546, 20.64264 ], [ -100.40524, 20.64389 ], [ -100.40503, 20.64515 ], [ -100.40464, 20.64735 ], [ -100.40413, 20.65023 ], [ -100.40347, 20.6538 ], [ -100.40304, 20.65614 ], [ -100.40257, 20.65894 ], [ -100.40225, 20.66066 ], [ -100.40208, 20.66094 ], [ -100.40167, 20.66108 ], [ -100.40075, 20.66142 ], [ -100.4001, 20.66167 ], [ -100.39984, 20.6619 ], [ -100.39971, 20.66209 ], [ -100.39963, 20.66242 ], [ -100.39964, 20.66284 ], [ -100.39994, 20.66379 ], [ -100.40044, 20.66543 ], [ -100.40047, 20.66565 ], [ -100.40046, 20.66572 ], [ -100.40062, 20.66568 ], [ -100.4003, 20.66449 ], [ -100.40187, 20.66407 ], [ -100.40402, 20.66347 ], [ -100.40432, 20.66344 ], [ -100.40454, 20.66355 ], [ -100.40467, 20.66374 ], [ -100.40467, 20.66387 ], [ -100.40421, 20.66503 ], [ -100.40259, 20.66547 ], [ -100.40231, 20.66552 ], [ -100.40185, 20.66401 ], [ -100.40073, 20.66432 ], [ -100.40027, 20.66443 ], [ -100.39985, 20.66303 ], [ -100.39977, 20.66266 ], [ -100.3998, 20.66232 ], [ -100.39992, 20.66204 ], [ -100.40032, 20.66172 ], [ -100.4012, 20.66143 ], [ -100.40199, 20.66113 ], [ -100.40219, 20.66104 ], [ -100.40236, 20.66073 ], [ -100.40249, 20.66004 ], [ -100.40319, 20.65605 ], [ -100.40382, 20.65254 ], [ -100.40461, 20.64802 ], [ -100.4054, 20.64353 ], [ -100.40557, 20.64263 ], [ -100.40579, 20.64031 ], [ -100.40619, 20.63572 ], [ -100.40621, 20.63536 ], [ -100.40618, 20.63502 ], [ -100.40595, 20.63421 ], [ -100.40582, 20.63343 ], [ -100.40586, 20.63303 ], [ -100.40615, 20.63196 ], [ -100.40667, 20.63003 ], [ -100.40674, 20.62975 ], [ -100.4067, 20.62913 ], [ -100.40653, 20.62801 ], [ -100.40866, 20.62777 ], [ -100.41203, 20.62741 ], [ -100.41274, 20.62731 ], [ -100.41251, 20.62556 ], [ -100.41241, 20.62493 ], [ -100.41197, 20.62372 ], [ -100.41123, 20.62181 ], [ -100.41105, 20.62113 ], [ -100.41101, 20.62086 ], [ -100.41095, 20.62049 ], [ -100.41104, 20.62027 ], [ -100.41133, 20.62003 ], [ -100.41161, 20.6199 ], [ -100.41199, 20.61997 ], [ -100.41536, 20.62102 ], [ -100.41643, 20.62126 ], [ -100.41755, 20.62141 ], [ -100.41959, 20.62176 ], [ -100.42188, 20.62208 ], [ -100.42365, 20.62233 ], [ -100.42377, 20.62249 ], [ -100.42382, 20.62268 ], [ -100.42376, 20.62288 ], [ -100.42358, 20.62298 ], [ -100.42336, 20.62297 ], [ -100.42314, 20.62279 ], [ -100.42298, 20.62263 ], [ -100.42268, 20.62194 ], [ -100.42248, 20.62133 ], [ -100.4222, 20.62017 ], [ -100.42223, 20.61998 ], [ -100.42187, 20.6187 ], [ -100.42067, 20.61441 ], [ -100.41933, 20.60972 ], [ -100.41805, 20.6053 ], [ -100.4178, 20.6043 ], [ -100.41828, 20.60416 ], [ -100.41842, 20.60403 ], [ -100.41846, 20.60381 ], [ -100.41843, 20.60361 ], [ -100.41854, 20.60347 ], [ -100.42016, 20.60306 ], [ -100.42056, 20.603 ], [ -100.42074, 20.60299 ], [ -100.42091, 20.60304 ], [ -100.42117, 20.60307 ], [ -100.42143, 20.60308 ], [ -100.4227, 20.60281 ], [ -100.42319, 20.60278 ], [ -100.4242, 20.60273 ], [ -100.42636, 20.60272 ], [ -100.42733, 20.60271 ], [ -100.42757, 20.60273 ], [ -100.42778, 20.60285 ], [ -100.42937, 20.60421 ], [ -100.43025, 20.60491 ], [ -100.43054, 20.60507 ], [ -100.4314, 20.60551 ], [ -100.43193, 20.60588 ], [ -100.43262, 20.60647 ], [ -100.43323, 20.60704 ], [ -100.4336, 20.60751 ], [ -100.43412, 20.60825 ], [ -100.43433, 20.60863 ], [ -100.43443, 20.60892 ], [ -100.43453, 20.60942 ], [ -100.43475, 20.60996 ], [ -100.43489, 20.6103 ], [ -100.43511, 20.61061 ], [ -100.43521, 20.61078 ], [ -100.43532, 20.6111 ], [ -100.43556, 20.61171 ], [ -100.43575, 20.61231 ], [ -100.43601, 20.61357 ], [ -100.43622, 20.61439 ], [ -100.43624, 20.61481 ], [ -100.43614, 20.61523 ], [ -100.43616, 20.61565 ], [ -100.43645, 20.61699 ], [ -100.43655, 20.61746 ], [ -100.43683, 20.61789 ], [ -100.4371, 20.61822 ], [ -100.43775, 20.61763 ], [ -100.43848, 20.6169 ], [ -100.43924, 20.61604 ], [ -100.43958, 20.6159 ], [ -100.44016, 20.61574 ], [ -100.44045, 20.61568 ], [ -100.44107, 20.61567 ], [ -100.44215, 20.61579 ], [ -100.44452, 20.6161 ], [ -100.44415, 20.6189 ], [ -100.44406, 20.61954 ], [ -100.44418, 20.62022 ], [ -100.44454, 20.62258 ], [ -100.44518, 20.62254 ], [ -100.44657, 20.6225 ], [ -100.44791, 20.62248 ], [ -100.44828, 20.62246 ], [ -100.44852, 20.6224 ], [ -100.44953, 20.62185 ], [ -100.45002, 20.62151 ], [ -100.45066, 20.6211 ], [ -100.45108, 20.62087 ], [ -100.4515, 20.62071 ], [ -100.45236, 20.62048 ], [ -100.4531, 20.62035 ], [ -100.45345, 20.62024 ], [ -100.45379, 20.61999 ], [ -100.4544, 20.61945 ], [ -100.45474, 20.61923 ], [ -100.45507, 20.61922 ], [ -100.45564, 20.61924 ], [ -100.45647, 20.61924 ], [ -100.45694, 20.61917 ], [ -100.45847, 20.61876 ], [ -100.46024, 20.61823 ], [ -100.46082, 20.61804 ], [ -100.46225, 20.61744 ], [ -100.46409, 20.61666 ], [ -100.46459, 20.61647 ], [ -100.46496, 20.61639 ], [ -100.46526, 20.61638 ], [ -100.46579, 20.61657 ], [ -100.46641, 20.61682 ], [ -100.46674, 20.61692 ], [ -100.46697, 20.61693 ], [ -100.46747, 20.61679 ], [ -100.46809, 20.61868 ], [ -100.46849, 20.61967 ], [ -100.46869, 20.62046 ], [ -100.46998, 20.62015 ], [ -100.47179, 20.61969 ], [ -100.47198, 20.61976 ], [ -100.47204, 20.61987 ], [ -100.47227, 20.62071 ], [ -100.47237, 20.62105 ], [ -100.474, 20.62068 ], [ -100.4757, 20.62034 ], [ -100.47642, 20.62266 ], [ -100.47672, 20.62372 ] ] } },
{ "type": "Feature", "properties": { "city": "Querétaro", "route_name": "98_Boulevares del Cimatario - Cerrito Colorado", "route_name_short": "Boulevares del Cimatario - Cerrito Colorado", "type": "Bus", "shape_id": "shape_2465" }, "geometry": { "type": "LineString", "coordinates": [ [ -100.38989, 20.54442 ], [ -100.39082, 20.54617 ], [ -100.39177, 20.54791 ], [ -100.39181, 20.54807 ], [ -100.39194, 20.54816 ], [ -100.39374, 20.55162 ], [ -100.39566, 20.55528 ], [ -100.39741, 20.55876 ], [ -100.39315, 20.5586 ], [ -100.39289, 20.55866 ], [ -100.39214, 20.559 ], [ -100.39303, 20.5614 ], [ -100.39337, 20.56253 ], [ -100.39422, 20.56544 ], [ -100.3948, 20.56809 ], [ -100.39208, 20.56891 ], [ -100.39375, 20.5733 ], [ -100.39441, 20.57517 ], [ -100.39097, 20.57585 ], [ -100.38731, 20.5766 ], [ -100.3868, 20.57668 ], [ -100.38576, 20.5766 ], [ -100.38516, 20.57665 ], [ -100.38555, 20.57772 ], [ -100.38607, 20.57761 ], [ -100.38632, 20.57755 ], [ -100.38722, 20.57711 ], [ -100.38759, 20.57698 ], [ -100.39144, 20.57616 ], [ -100.39536, 20.57544 ], [ -100.39734, 20.57507 ], [ -100.3979, 20.57501 ], [ -100.39856, 20.57483 ], [ -100.39899, 20.57486 ], [ -100.39921, 20.57493 ], [ -100.39963, 20.57509 ], [ -100.40024, 20.57543 ], [ -100.40259, 20.57767 ], [ -100.40339, 20.57862 ], [ -100.40403, 20.57923 ], [ -100.40561, 20.58058 ], [ -100.4069, 20.58174 ], [ -100.41166, 20.58617 ], [ -100.41225, 20.5869 ], [ -100.41271, 20.58783 ], [ -100.41323, 20.58949 ], [ -100.4139, 20.59192 ], [ -100.41477, 20.5951 ], [ -100.41606, 20.5996 ], [ -100.41743, 20.60444 ], [ -100.41936, 20.61131 ], [ -100.42142, 20.61851 ], [ -100.42258, 20.62249 ], [ -100.42497, 20.62827 ], [ -100.42625, 20.63154 ], [ -100.42692, 20.63312 ], [ -100.4277, 20.63472 ], [ -100.43011, 20.63989 ], [ -100.43029, 20.64039 ], [ -100.43041, 20.64093 ], [ -100.43079, 20.64523 ], [ -100.43089, 20.64703 ], [ -100.43121, 20.64967 ], [ -100.43154, 20.65249 ], [ -100.43178, 20.65473 ], [ -100.43194, 20.65649 ], [ -100.43163, 20.65674 ], [ -100.43135, 20.65681 ], [ -100.4302, 20.6569 ], [ -100.42997, 20.6569 ], [ -100.42984, 20.65672 ], [ -100.42968, 20.65547 ], [ -100.4294, 20.65295 ], [ -100.4288, 20.65299 ], [ -100.42869, 20.6529 ], [ -100.42864, 20.6527 ], [ -100.42856, 20.64976 ], [ -100.4285, 20.64674 ], [ -100.42867, 20.64652 ], [ -100.43042, 20.64635 ], [ -100.43062, 20.64639 ], [ -100.43076, 20.64653 ], [ -100.4309, 20.64683 ], [ -100.43101, 20.64812 ], [ -100.43094, 20.64834 ], [ -100.43081, 20.64857 ], [ -100.43063, 20.64864 ], [ -100.43044, 20.64869 ], [ -100.43024, 20.64863 ], [ -100.43009, 20.64851 ], [ -100.42994, 20.64834 ], [ -100.42987, 20.64809 ], [ -100.42991, 20.64778 ], [ -100.42997, 20.64759 ], [ -100.43012, 20.64737 ], [ -100.43031, 20.6472 ], [ -100.43069, 20.64715 ], [ -100.43204, 20.64705 ], [ -100.43223, 20.64719 ], [ -100.4322, 20.6474 ], [ -100.43204, 20.64763 ], [ -100.43183, 20.64763 ], [ -100.43169, 20.64762 ], [ -100.43146, 20.6474 ], [ -100.43139, 20.64691 ], [ -100.43106, 20.64349 ], [ -100.43123, 20.64321 ], [ -100.4314, 20.64315 ], [ -100.43309, 20.64309 ], [ -100.43336, 20.64301 ], [ -100.4337, 20.64305 ], [ -100.43479, 20.64299 ], [ -100.43509, 20.64312 ], [ -100.43521, 20.64361 ], [ -100.43555, 20.6441 ], [ -100.43598, 20.64438 ], [ -100.43677, 20.64458 ], [ -100.43877, 20.64439 ], [ -100.4395, 20.6442 ], [ -100.44004, 20.64368 ], [ -100.44037, 20.64287 ], [ -100.44056, 20.64212 ], [ -100.44072, 20.64136 ], [ -100.44583, 20.63935 ], [ -100.45145, 20.6374 ], [ -100.4577, 20.63525 ], [ -100.46348, 20.63325 ], [ -100.46891, 20.63137 ], [ -100.46913, 20.63133 ], [ -100.46923, 20.63167 ], [ -100.47062, 20.63178 ], [ -100.47088, 20.63192 ], [ -100.47099, 20.63202 ], [ -100.4711, 20.63221 ], [ -100.47112, 20.63246 ], [ -100.47108, 20.63283 ], [ -100.47164, 20.63287 ], [ -100.47292, 20.63314 ], [ -100.47442, 20.63307 ], [ -100.47445, 20.63321 ], [ -100.47438, 20.63346 ], [ -100.47427, 20.63371 ], [ -100.47401, 20.63404 ], [ -100.4737, 20.63429 ], [ -100.47333, 20.63443 ], [ -100.47305, 20.63449 ], [ -100.4727, 20.63453 ], [ -100.4724, 20.63448 ], [ -100.47213, 20.63451 ], [ -100.46981, 20.63488 ], [ -100.46743, 20.63518 ], [ -100.46835, 20.63906 ], [ -100.46828, 20.63949 ], [ -100.46529, 20.63918 ], [ -100.46445, 20.63558 ], [ -100.46367, 20.63568 ], [ -100.46336, 20.63328 ], [ -100.46422, 20.63299 ], [ -100.46407, 20.63271 ], [ -100.46324, 20.63297 ], [ -100.45757, 20.63495 ], [ -100.4521, 20.63688 ], [ -100.44461, 20.63949 ], [ -100.44067, 20.64099 ], [ -100.44038, 20.64054 ], [ -100.44, 20.64016 ], [ -100.43856, 20.63963 ], [ -100.43817, 20.63931 ], [ -100.43792, 20.639 ], [ -100.43752, 20.63899 ], [ -100.43732, 20.63924 ], [ -100.43694, 20.63953 ], [ -100.43566, 20.64015 ], [ -100.43517, 20.6405 ], [ -100.43487, 20.64109 ], [ -100.43477, 20.64155 ], [ -100.43495, 20.64247 ], [ -100.43478, 20.64276 ], [ -100.43464, 20.64286 ], [ -100.43452, 20.6429 ], [ -100.43149, 20.64298 ], [ -100.4312, 20.64291 ], [ -100.43102, 20.64267 ], [ -100.43088, 20.64153 ], [ -100.43069, 20.64036 ], [ -100.43039, 20.63947 ], [ -100.42756, 20.63362 ], [ -100.42554, 20.62858 ], [ -100.42525, 20.62799 ], [ -100.42506, 20.62776 ], [ -100.42427, 20.62566 ], [ -100.42341, 20.62376 ], [ -100.42267, 20.62188 ], [ -100.42216, 20.62031 ], [ -100.42221, 20.61993 ], [ -100.4215, 20.61734 ], [ -100.41967, 20.61085 ], [ -100.41772, 20.60414 ], [ -100.41682, 20.60084 ], [ -100.41535, 20.59569 ], [ -100.41323, 20.58821 ], [ -100.41305, 20.58767 ], [ -100.41272, 20.58699 ], [ -100.41226, 20.58633 ], [ -100.411, 20.58506 ], [ -100.40774, 20.58205 ], [ -100.40588, 20.58031 ], [ -100.40343, 20.57811 ], [ -100.40239, 20.57721 ], [ -100.40133, 20.57623 ], [ -100.39912, 20.57429 ], [ -100.39885, 20.57406 ], [ -100.39865, 20.57397 ], [ -100.39799, 20.57382 ], [ -100.39768, 20.57386 ], [ -100.39732, 20.57396 ], [ -100.39697, 20.57413 ], [ -100.39642, 20.57451 ], [ -100.39587, 20.57482 ], [ -100.39543, 20.57505 ], [ -100.39497, 20.57516 ], [ -100.39454, 20.57389 ], [ -100.39305, 20.56996 ], [ -100.3916, 20.56598 ], [ -100.39419, 20.56525 ], [ -100.3931, 20.56143 ], [ -100.39219, 20.55901 ], [ -100.39258, 20.55889 ], [ -100.39289, 20.55875 ], [ -100.39319, 20.55865 ], [ -100.39759, 20.55879 ], [ -100.3957, 20.55519 ], [ -100.39307, 20.55005 ], [ -100.39204, 20.5481 ], [ -100.39203, 20.54793 ], [ -100.39187, 20.54785 ], [ -100.39093, 20.54614 ], [ -100.39002, 20.54439 ], [ -100.38988, 20.54439 ] ] } },
{ "type": "Feature", "properties": { "city": "Querétaro", "route_name": "105_El Salitre - Alameda", "route_name_short": "El Salitre - Alameda", "type": "Bus", "shape_id": "shape_2470" }, "geometry": { "type": "LineString", "coordinates": [ [ -100.38648, 20.58841 ], [ -100.3863, 20.58844 ], [ -100.38688, 20.59008 ], [ -100.3886, 20.58942 ], [ -100.39046, 20.5888 ], [ -100.3933, 20.58786 ], [ -100.39728, 20.5865 ], [ -100.40036, 20.58545 ], [ -100.40215, 20.58483 ], [ -100.40327, 20.5843 ], [ -100.40368, 20.58421 ], [ -100.40434, 20.58428 ], [ -100.40475, 20.58432 ], [ -100.40529, 20.58415 ], [ -100.40562, 20.58372 ], [ -100.40638, 20.58265 ], [ -100.4068, 20.58209 ], [ -100.40705, 20.58193 ], [ -100.40913, 20.58383 ], [ -100.41121, 20.58573 ], [ -100.41212, 20.58669 ], [ -100.41249, 20.58734 ], [ -100.41275, 20.58785 ], [ -100.4133, 20.58974 ], [ -100.41451, 20.59409 ], [ -100.41548, 20.5975 ], [ -100.41666, 20.60157 ], [ -100.41842, 20.60792 ], [ -100.41985, 20.61286 ], [ -100.42109, 20.61719 ], [ -100.42222, 20.62145 ], [ -100.42265, 20.62264 ], [ -100.42362, 20.62497 ], [ -100.42517, 20.62868 ], [ -100.42685, 20.6329 ], [ -100.42773, 20.63489 ], [ -100.42978, 20.63909 ], [ -100.43015, 20.63981 ], [ -100.43027, 20.64028 ], [ -100.43037, 20.64069 ], [ -100.43049, 20.64144 ], [ -100.43069, 20.64359 ], [ -100.43099, 20.64778 ], [ -100.43142, 20.65139 ], [ -100.43187, 20.65546 ], [ -100.43208, 20.65798 ], [ -100.43222, 20.65952 ], [ -100.43206, 20.65962 ], [ -100.43182, 20.65968 ], [ -100.43074, 20.65977 ], [ -100.43034, 20.65975 ], [ -100.43011, 20.65974 ], [ -100.42979, 20.6597 ], [ -100.42851, 20.65919 ], [ -100.42774, 20.65886 ], [ -100.42719, 20.65849 ], [ -100.42706, 20.65842 ], [ -100.42699, 20.65841 ], [ -100.42701, 20.65868 ], [ -100.42716, 20.6604 ], [ -100.42733, 20.6617 ], [ -100.4276, 20.66421 ], [ -100.42781, 20.66614 ], [ -100.4277, 20.66611 ], [ -100.42743, 20.66589 ], [ -100.42719, 20.66577 ], [ -100.42702, 20.6657 ], [ -100.42649, 20.66567 ], [ -100.42626, 20.66564 ], [ -100.42559, 20.66546 ], [ -100.42529, 20.66542 ], [ -100.42496, 20.6654 ], [ -100.42482, 20.66533 ], [ -100.42441, 20.66494 ], [ -100.42424, 20.66482 ], [ -100.42398, 20.66494 ], [ -100.42326, 20.66538 ], [ -100.42309, 20.66573 ], [ -100.42301, 20.66599 ], [ -100.42297, 20.66615 ], [ -100.42303, 20.66667 ], [ -100.42317, 20.66762 ], [ -100.4234, 20.66881 ], [ -100.4221, 20.66898 ], [ -100.42127, 20.6691 ], [ -100.4211, 20.66863 ], [ -100.42097, 20.66811 ], [ -100.42089, 20.66812 ], [ -100.42126, 20.66919 ], [ -100.42347, 20.66888 ], [ -100.42327, 20.66783 ], [ -100.42317, 20.66727 ], [ -100.42307, 20.66677 ], [ -100.42304, 20.66629 ], [ -100.42304, 20.66607 ], [ -100.4231, 20.66584 ], [ -100.42325, 20.66549 ], [ -100.42336, 20.66536 ], [ -100.42405, 20.66495 ], [ -100.42423, 20.66487 ], [ -100.42447, 20.66506 ], [ -100.42468, 20.66527 ], [ -100.42483, 20.66541 ], [ -100.42507, 20.66545 ], [ -100.42537, 20.66548 ], [ -100.42572, 20.66552 ], [ -100.42611, 20.66565 ], [ -100.42637, 20.66571 ], [ -100.42665, 20.66573 ], [ -100.42696, 20.66575 ], [ -100.42711, 20.66578 ], [ -100.42728, 20.66587 ], [ -100.42781, 20.66622 ], [ -100.42792, 20.66618 ], [ -100.42797, 20.66555 ], [ -100.42794, 20.66506 ], [ -100.42776, 20.6644 ], [ -100.42768, 20.66375 ], [ -100.42752, 20.66201 ], [ -100.42734, 20.66021 ], [ -100.42717, 20.65893 ], [ -100.42733, 20.65887 ], [ -100.42745, 20.65882 ], [ -100.42762, 20.65889 ], [ -100.42887, 20.65944 ], [ -100.42978, 20.65979 ], [ -100.43024, 20.65986 ], [ -100.43067, 20.65987 ], [ -100.43109, 20.65984 ], [ -100.43194, 20.65974 ], [ -100.43221, 20.65979 ], [ -100.43228, 20.65991 ], [ -100.43244, 20.66112 ], [ -100.43277, 20.66429 ], [ -100.43322, 20.66828 ], [ -100.43348, 20.67137 ], [ -100.43392, 20.67502 ], [ -100.43438, 20.6791 ], [ -100.4349, 20.68307 ], [ -100.43526, 20.68668 ], [ -100.43571, 20.69133 ], [ -100.43585, 20.69274 ], [ -100.43576, 20.69291 ], [ -100.4356, 20.69299 ], [ -100.43542, 20.69304 ], [ -100.43525, 20.69298 ], [ -100.4351, 20.69287 ], [ -100.43502, 20.69259 ], [ -100.43502, 20.69218 ], [ -100.43506, 20.69204 ], [ -100.43524, 20.69191 ], [ -100.43547, 20.69179 ], [ -100.43645, 20.69171 ], [ -100.43678, 20.69171 ], [ -100.43697, 20.69179 ], [ -100.43706, 20.69194 ], [ -100.43714, 20.69215 ], [ -100.43714, 20.69232 ], [ -100.43713, 20.69269 ], [ -100.43703, 20.69283 ], [ -100.43687, 20.69292 ], [ -100.43667, 20.69291 ], [ -100.43646, 20.69279 ], [ -100.43633, 20.69267 ], [ -100.43617, 20.69123 ], [ -100.43562, 20.68621 ], [ -100.43523, 20.68203 ], [ -100.43476, 20.67756 ], [ -100.43435, 20.67354 ], [ -100.43383, 20.6691 ], [ -100.43335, 20.6642 ], [ -100.43298, 20.66102 ], [ -100.43266, 20.65823 ], [ -100.43233, 20.6549 ], [ -100.43193, 20.65148 ], [ -100.43144, 20.64741 ], [ -100.43107, 20.64353 ], [ -100.4308, 20.64117 ], [ -100.43069, 20.64049 ], [ -100.43039, 20.63947 ], [ -100.42996, 20.6386 ], [ -100.42831, 20.63518 ], [ -100.4272, 20.63285 ], [ -100.42645, 20.63091 ], [ -100.42534, 20.62816 ], [ -100.42516, 20.62789 ], [ -100.42497, 20.6275 ], [ -100.42354, 20.62397 ], [ -100.42255, 20.62166 ], [ -100.42233, 20.62094 ], [ -100.42217, 20.62014 ], [ -100.4221, 20.61972 ], [ -100.42158, 20.61773 ], [ -100.42115, 20.61623 ], [ -100.42019, 20.61277 ], [ -100.41982, 20.61148 ], [ -100.41915, 20.60902 ], [ -100.4183, 20.60628 ], [ -100.41728, 20.60249 ], [ -100.41628, 20.59897 ], [ -100.41528, 20.59564 ], [ -100.41431, 20.59212 ], [ -100.41328, 20.5886 ], [ -100.41309, 20.58778 ], [ -100.41275, 20.58711 ], [ -100.41237, 20.58649 ], [ -100.41153, 20.58551 ], [ -100.41044, 20.58458 ], [ -100.40788, 20.58216 ], [ -100.4072, 20.58156 ], [ -100.40683, 20.58181 ], [ -100.40655, 20.58207 ], [ -100.40547, 20.58351 ], [ -100.40537, 20.58374 ], [ -100.40511, 20.58391 ], [ -100.40492, 20.58401 ], [ -100.4046, 20.58407 ], [ -100.40427, 20.58408 ], [ -100.40398, 20.58396 ], [ -100.4036, 20.58399 ], [ -100.4033, 20.58406 ], [ -100.40189, 20.58475 ], [ -100.40036, 20.5853 ], [ -100.39703, 20.58647 ], [ -100.39376, 20.58751 ], [ -100.38898, 20.58915 ], [ -100.38699, 20.58984 ], [ -100.38641, 20.58841 ] ] } },
{ "type": "Feature", "properties": { "city": "Querétaro", "route_name": "110_La Loma - Mercado la Cruz", "route_name_short": "La Loma - Mercado la Cruz", "type": "Bus", "shape_id": "shape_2466" }, "geometry": { "type": "LineString", "coordinates": [ [ -100.3845, 20.59793 ], [ -100.3843, 20.59878 ], [ -100.38415, 20.59923 ], [ -100.384, 20.5996 ], [ -100.38395, 20.60002 ], [ -100.38393, 20.60033 ], [ -100.38396, 20.60103 ], [ -100.38404, 20.60135 ], [ -100.38418, 20.60127 ], [ -100.3863, 20.60061 ], [ -100.38685, 20.60039 ], [ -100.38766, 20.59998 ], [ -100.38842, 20.59955 ], [ -100.38894, 20.59905 ], [ -100.38924, 20.59884 ], [ -100.3895, 20.59873 ], [ -100.39092, 20.59858 ], [ -100.39148, 20.59862 ], [ -100.39338, 20.59901 ], [ -100.39372, 20.59891 ], [ -100.39376, 20.59896 ], [ -100.39377, 20.6 ], [ -100.39386, 20.60153 ], [ -100.39368, 20.60197 ], [ -100.39345, 20.60239 ], [ -100.39308, 20.6027 ], [ -100.39273, 20.60295 ], [ -100.39118, 20.60413 ], [ -100.3896, 20.60527 ], [ -100.38621, 20.60733 ], [ -100.38605, 20.60763 ], [ -100.38593, 20.60804 ], [ -100.38593, 20.60823 ], [ -100.38641, 20.60932 ], [ -100.38721, 20.61109 ], [ -100.38828, 20.61325 ], [ -100.38912, 20.61451 ], [ -100.38967, 20.61516 ], [ -100.38981, 20.6155 ], [ -100.38987, 20.61585 ], [ -100.38994, 20.61644 ], [ -100.39128, 20.61671 ], [ -100.39243, 20.61679 ], [ -100.39506, 20.61685 ], [ -100.39784, 20.61697 ], [ -100.40006, 20.61704 ], [ -100.40181, 20.61706 ], [ -100.40278, 20.61723 ], [ -100.40352, 20.61743 ], [ -100.41018, 20.61944 ], [ -100.4126, 20.62018 ], [ -100.41501, 20.62094 ], [ -100.41738, 20.62142 ], [ -100.41987, 20.62177 ], [ -100.42211, 20.6221 ], [ -100.4239, 20.62235 ], [ -100.42497, 20.62253 ], [ -100.42546, 20.62251 ], [ -100.42571, 20.62238 ], [ -100.42621, 20.62197 ], [ -100.42663, 20.62157 ], [ -100.42698, 20.62141 ], [ -100.42729, 20.62132 ], [ -100.42974, 20.62081 ], [ -100.4303, 20.62057 ], [ -100.43064, 20.62033 ], [ -100.43444, 20.61962 ], [ -100.43537, 20.61934 ], [ -100.43616, 20.61878 ], [ -100.43711, 20.61823 ], [ -100.43856, 20.61949 ], [ -100.43953, 20.62037 ], [ -100.4404, 20.62122 ], [ -100.44099, 20.62206 ], [ -100.44136, 20.62277 ], [ -100.44156, 20.62333 ], [ -100.44172, 20.62396 ], [ -100.44218, 20.62586 ], [ -100.44257, 20.6277 ], [ -100.44261, 20.62814 ], [ -100.44234, 20.62951 ], [ -100.44215, 20.6304 ], [ -100.44232, 20.63106 ], [ -100.44262, 20.63181 ], [ -100.44286, 20.6317 ], [ -100.44332, 20.63298 ], [ -100.44351, 20.6336 ], [ -100.44358, 20.63423 ], [ -100.4436, 20.63481 ], [ -100.44379, 20.63508 ], [ -100.44418, 20.63541 ], [ -100.44467, 20.63561 ], [ -100.44522, 20.63563 ], [ -100.44569, 20.63549 ], [ -100.44796, 20.63471 ], [ -100.44932, 20.63814 ], [ -100.45168, 20.63732 ], [ -100.45709, 20.63547 ], [ -100.46424, 20.63301 ], [ -100.46592, 20.63537 ], [ -100.46995, 20.63489 ], [ -100.46987, 20.63444 ], [ -100.46949, 20.63296 ], [ -100.46924, 20.63174 ], [ -100.46975, 20.63176 ], [ -100.47043, 20.63178 ], [ -100.47087, 20.63192 ], [ -100.47104, 20.63212 ], [ -100.47113, 20.63242 ], [ -100.47108, 20.63282 ], [ -100.47291, 20.63319 ], [ -100.47344, 20.63315 ], [ -100.47445, 20.63313 ], [ -100.47431, 20.63358 ], [ -100.47415, 20.63387 ], [ -100.4739, 20.63409 ], [ -100.47346, 20.63436 ], [ -100.47318, 20.6345 ], [ -100.47278, 20.63449 ], [ -100.47217, 20.63448 ], [ -100.46889, 20.63501 ], [ -100.46974, 20.63856 ], [ -100.47042, 20.64151 ], [ -100.47042, 20.64177 ], [ -100.46983, 20.64388 ], [ -100.47319, 20.64469 ], [ -100.47761, 20.64572 ], [ -100.47795, 20.6462 ], [ -100.47816, 20.64655 ], [ -100.47833, 20.647 ], [ -100.47836, 20.64733 ], [ -100.47866, 20.64728 ], [ -100.47899, 20.64733 ], [ -100.47929, 20.64722 ], [ -100.48224, 20.64608 ], [ -100.48567, 20.64478 ], [ -100.48957, 20.64326 ], [ -100.49348, 20.64177 ], [ -100.49612, 20.64077 ], [ -100.49946, 20.63948 ], [ -100.49981, 20.63927 ], [ -100.49999, 20.63918 ], [ -100.49996, 20.63906 ], [ -100.49976, 20.63902 ], [ -100.49947, 20.63907 ], [ -100.49617, 20.64036 ], [ -100.49205, 20.64188 ], [ -100.48963, 20.64281 ], [ -100.48572, 20.64434 ], [ -100.48226, 20.64572 ], [ -100.4794, 20.64673 ], [ -100.47899, 20.64691 ], [ -100.47865, 20.64667 ], [ -100.47824, 20.64596 ], [ -100.47611, 20.64323 ], [ -100.47492, 20.64171 ], [ -100.47459, 20.64192 ], [ -100.47611, 20.64382 ], [ -100.47716, 20.64515 ], [ -100.47711, 20.64535 ], [ -100.47691, 20.64551 ], [ -100.4733, 20.64466 ], [ -100.46989, 20.64383 ], [ -100.47047, 20.64179 ], [ -100.47047, 20.64157 ], [ -100.47046, 20.64136 ], [ -100.46974, 20.63827 ], [ -100.46896, 20.63506 ], [ -100.47052, 20.63481 ], [ -100.47205, 20.63453 ], [ -100.47258, 20.63455 ], [ -100.4731, 20.63457 ], [ -100.47345, 20.63445 ], [ -100.47378, 20.63429 ], [ -100.47404, 20.63409 ], [ -100.47426, 20.63385 ], [ -100.47448, 20.63338 ], [ -100.47457, 20.63304 ], [ -100.47327, 20.63311 ], [ -100.4729, 20.63317 ], [ -100.47116, 20.63275 ], [ -100.47118, 20.63234 ], [ -100.47107, 20.63195 ], [ -100.47062, 20.63174 ], [ -100.47, 20.63167 ], [ -100.46923, 20.63168 ], [ -100.46913, 20.63119 ], [ -100.46891, 20.63126 ], [ -100.4688, 20.63101 ], [ -100.46685, 20.63171 ], [ -100.46327, 20.63296 ], [ -100.45817, 20.63474 ], [ -100.45185, 20.63691 ], [ -100.4506, 20.63379 ], [ -100.44553, 20.6355 ], [ -100.44517, 20.63558 ], [ -100.44478, 20.63556 ], [ -100.44431, 20.63544 ], [ -100.44388, 20.63521 ], [ -100.44367, 20.63483 ], [ -100.44361, 20.63391 ], [ -100.44352, 20.63344 ], [ -100.4429, 20.63169 ], [ -100.44188, 20.63217 ], [ -100.43922, 20.6334 ], [ -100.43648, 20.63463 ], [ -100.42987, 20.63773 ], [ -100.42952, 20.63762 ], [ -100.42837, 20.63532 ], [ -100.42771, 20.63392 ], [ -100.42708, 20.63254 ], [ -100.42578, 20.62919 ], [ -100.42527, 20.62801 ], [ -100.42504, 20.62769 ], [ -100.4243, 20.62584 ], [ -100.42368, 20.62434 ], [ -100.42281, 20.62232 ], [ -100.4227, 20.62191 ], [ -100.4228, 20.62163 ], [ -100.42298, 20.62146 ], [ -100.42329, 20.62151 ], [ -100.42344, 20.62166 ], [ -100.42349, 20.6218 ], [ -100.42344, 20.62197 ], [ -100.42319, 20.62219 ], [ -100.42288, 20.62206 ], [ -100.42062, 20.62181 ], [ -100.41663, 20.62113 ], [ -100.41533, 20.62087 ], [ -100.41438, 20.62047 ], [ -100.41363, 20.62012 ], [ -100.41263, 20.6198 ], [ -100.41063, 20.61925 ], [ -100.40844, 20.61852 ], [ -100.40423, 20.61725 ], [ -100.40412, 20.61695 ], [ -100.40387, 20.61653 ], [ -100.40333, 20.61617 ], [ -100.40291, 20.61593 ], [ -100.40272, 20.61581 ], [ -100.40263, 20.61565 ], [ -100.4025, 20.61531 ], [ -100.4025, 20.61463 ], [ -100.40242, 20.61399 ], [ -100.40206, 20.61296 ], [ -100.40164, 20.61289 ], [ -100.40129, 20.61274 ], [ -100.39978, 20.613 ], [ -100.39865, 20.61297 ], [ -100.39744, 20.61283 ], [ -100.39616, 20.61291 ], [ -100.39526, 20.61291 ], [ -100.39377, 20.61268 ], [ -100.39303, 20.61275 ], [ -100.39224, 20.61273 ], [ -100.39187, 20.61284 ], [ -100.39129, 20.61333 ], [ -100.39091, 20.61342 ], [ -100.39024, 20.61363 ], [ -100.38987, 20.61351 ], [ -100.38952, 20.61233 ], [ -100.38906, 20.61118 ], [ -100.38847, 20.61008 ], [ -100.38816, 20.61005 ], [ -100.38744, 20.61026 ], [ -100.38719, 20.61016 ], [ -100.387, 20.61004 ], [ -100.38653, 20.60874 ], [ -100.38641, 20.60837 ], [ -100.3864, 20.60805 ], [ -100.3866, 20.60769 ], [ -100.38695, 20.60736 ], [ -100.3885, 20.6062 ], [ -100.38848, 20.60605 ], [ -100.38841, 20.60597 ], [ -100.38747, 20.60654 ], [ -100.38615, 20.60737 ], [ -100.38598, 20.60778 ], [ -100.38592, 20.60825 ], [ -100.38617, 20.60889 ], [ -100.38703, 20.61061 ], [ -100.38791, 20.6125 ], [ -100.38784, 20.61282 ], [ -100.38761, 20.61323 ], [ -100.38722, 20.61353 ], [ -100.38687, 20.61379 ], [ -100.38657, 20.61385 ], [ -100.38594, 20.61377 ], [ -100.38532, 20.6134 ], [ -100.38356, 20.61195 ], [ -100.38085, 20.60985 ], [ -100.38009, 20.6091 ], [ -100.37943, 20.60837 ], [ -100.37876, 20.60751 ], [ -100.37847, 20.60704 ], [ -100.37827, 20.60656 ], [ -100.37774, 20.60541 ], [ -100.37729, 20.60409 ], [ -100.37667, 20.6021 ], [ -100.37628, 20.60084 ], [ -100.37633, 20.60063 ], [ -100.37653, 20.60053 ], [ -100.37694, 20.60051 ], [ -100.3775, 20.60055 ], [ -100.37881, 20.60069 ], [ -100.37947, 20.60079 ], [ -100.38006, 20.60098 ], [ -100.38116, 20.60096 ], [ -100.38187, 20.60107 ], [ -100.38287, 20.60137 ], [ -100.38353, 20.60142 ], [ -100.38389, 20.60138 ], [ -100.38425, 20.60129 ], [ -100.38684, 20.60039 ], [ -100.38633, 20.59777 ], [ -100.38451, 20.59793 ] ] } },
{ "type": "Feature", "properties": { "city": "Querétaro", "route_name": "121_Terminal de Autobuses - Parque Bicentenario", "route_name_short": "Terminal de Autobuses - Parque Bicentenario", "type": "Bus", "shape_id": "shape_2467" }, "geometry": { "type": "LineString", "coordinates": [ [ -100.44669, 20.73621 ], [ -100.447, 20.73684 ], [ -100.44819, 20.73681 ], [ -100.44843, 20.73681 ], [ -100.44839, 20.73666 ], [ -100.44835, 20.73655 ], [ -100.4482, 20.7366 ], [ -100.44818, 20.73677 ], [ -100.44704, 20.7368 ], [ -100.44667, 20.73608 ], [ -100.44428, 20.73157 ], [ -100.44144, 20.7262 ], [ -100.4415, 20.72543 ], [ -100.44319, 20.72421 ], [ -100.44463, 20.7231 ], [ -100.44604, 20.72199 ], [ -100.44738, 20.72106 ], [ -100.44751, 20.72098 ], [ -100.44767, 20.721 ], [ -100.44788, 20.72097 ], [ -100.44801, 20.7208 ], [ -100.44805, 20.72063 ], [ -100.44792, 20.72042 ], [ -100.44769, 20.72039 ], [ -100.44758, 20.72037 ], [ -100.44748, 20.72023 ], [ -100.44704, 20.71973 ], [ -100.44682, 20.71929 ], [ -100.446, 20.71657 ], [ -100.44598, 20.71635 ], [ -100.44636, 20.71332 ], [ -100.4464, 20.71293 ], [ -100.44628, 20.71159 ], [ -100.44609, 20.70881 ], [ -100.44595, 20.706 ], [ -100.44592, 20.70587 ], [ -100.44855, 20.70642 ], [ -100.44876, 20.70656 ], [ -100.44892, 20.70653 ], [ -100.449, 20.70644 ], [ -100.44903, 20.70634 ], [ -100.44893, 20.7062 ], [ -100.44882, 20.70615 ], [ -100.44865, 20.70623 ], [ -100.4484, 20.70624 ], [ -100.44763, 20.70609 ], [ -100.44583, 20.70569 ], [ -100.44514, 20.70558 ], [ -100.44342, 20.70521 ], [ -100.44311, 20.7051 ], [ -100.44271, 20.70469 ], [ -100.44196, 20.70311 ], [ -100.44125, 20.70154 ], [ -100.44016, 20.69943 ], [ -100.44006, 20.6989 ], [ -100.44003, 20.69818 ], [ -100.43997, 20.6957 ], [ -100.43996, 20.6938 ], [ -100.43988, 20.69306 ], [ -100.43987, 20.69288 ], [ -100.44024, 20.69184 ], [ -100.44026, 20.69164 ], [ -100.4402, 20.69152 ], [ -100.43993, 20.69124 ], [ -100.43948, 20.69101 ], [ -100.43843, 20.69119 ], [ -100.43803, 20.69128 ], [ -100.43769, 20.69135 ], [ -100.43748, 20.6913 ], [ -100.43709, 20.69091 ], [ -100.43679, 20.69052 ], [ -100.43635, 20.69 ], [ -100.43597, 20.68948 ], [ -100.43542, 20.68384 ], [ -100.4348, 20.67814 ], [ -100.43454, 20.67517 ], [ -100.43419, 20.67217 ], [ -100.43355, 20.66628 ], [ -100.43321, 20.66272 ], [ -100.43278, 20.65963 ], [ -100.43251, 20.65688 ], [ -100.43225, 20.65438 ], [ -100.43165, 20.64908 ], [ -100.43143, 20.64715 ], [ -100.43125, 20.64532 ], [ -100.4309, 20.64155 ], [ -100.43079, 20.64086 ], [ -100.43064, 20.64025 ], [ -100.4304, 20.63952 ], [ -100.43003, 20.63878 ], [ -100.42829, 20.63513 ], [ -100.42738, 20.6332 ], [ -100.42627, 20.63048 ], [ -100.42581, 20.62931 ], [ -100.42525, 20.62801 ], [ -100.42506, 20.62775 ], [ -100.42354, 20.62396 ], [ -100.42265, 20.62191 ], [ -100.42223, 20.62035 ], [ -100.42221, 20.62004 ], [ -100.42207, 20.61944 ], [ -100.41974, 20.61106 ], [ -100.41782, 20.60454 ], [ -100.41581, 20.59718 ], [ -100.41525, 20.5952 ], [ -100.41396, 20.59523 ], [ -100.41352, 20.59483 ], [ -100.41251, 20.5956 ], [ -100.41206, 20.59595 ], [ -100.41173, 20.59607 ], [ -100.40988, 20.59611 ], [ -100.40906, 20.59618 ], [ -100.40819, 20.59581 ], [ -100.40715, 20.59555 ], [ -100.40475, 20.59577 ], [ -100.40356, 20.59588 ], [ -100.40299, 20.59595 ], [ -100.40236, 20.59593 ], [ -100.40159, 20.59597 ], [ -100.40028, 20.59635 ], [ -100.39964, 20.59675 ], [ -100.39961, 20.5966 ], [ -100.39907, 20.59472 ], [ -100.39743, 20.58959 ], [ -100.39665, 20.587 ], [ -100.39573, 20.58364 ], [ -100.39564, 20.58319 ], [ -100.39472, 20.58366 ], [ -100.39399, 20.584 ], [ -100.38633, 20.58676 ], [ -100.38544, 20.58702 ], [ -100.38505, 20.58704 ], [ -100.38469, 20.58697 ], [ -100.38222, 20.58642 ], [ -100.3812, 20.58619 ], [ -100.38041, 20.58613 ], [ -100.37867, 20.58636 ], [ -100.37558, 20.58689 ], [ -100.36811, 20.5882 ], [ -100.36654, 20.58834 ], [ -100.36509, 20.58838 ], [ -100.36452, 20.58824 ], [ -100.36403, 20.58792 ], [ -100.36367, 20.58737 ], [ -100.36342, 20.58676 ], [ -100.36234, 20.58454 ], [ -100.36202, 20.58357 ], [ -100.36191, 20.58264 ], [ -100.36178, 20.58037 ], [ -100.36152, 20.57902 ], [ -100.3611, 20.5769 ], [ -100.36086, 20.57549 ], [ -100.3606, 20.57447 ], [ -100.36004, 20.57296 ], [ -100.35903, 20.57066 ], [ -100.35881, 20.57045 ], [ -100.3587, 20.57054 ], [ -100.35866, 20.57085 ], [ -100.35907, 20.57174 ], [ -100.35982, 20.57351 ], [ -100.36035, 20.57496 ], [ -100.36091, 20.57729 ], [ -100.36137, 20.57873 ], [ -100.36135, 20.57926 ], [ -100.36113, 20.57977 ], [ -100.36092, 20.58013 ], [ -100.36063, 20.58045 ], [ -100.36029, 20.58064 ], [ -100.3601, 20.58061 ], [ -100.36002, 20.58056 ], [ -100.35998, 20.58051 ], [ -100.35987, 20.58039 ], [ -100.35969, 20.57968 ], [ -100.35952, 20.5789 ], [ -100.35942, 20.5788 ], [ -100.3593, 20.57878 ], [ -100.35921, 20.57882 ], [ -100.35913, 20.57889 ], [ -100.35911, 20.57901 ], [ -100.35934, 20.5801 ], [ -100.35936, 20.58053 ], [ -100.35933, 20.5808 ], [ -100.35926, 20.58092 ], [ -100.35916, 20.58101 ], [ -100.35895, 20.58109 ], [ -100.35876, 20.58115 ], [ -100.35875, 20.58134 ], [ -100.35891, 20.5814 ], [ -100.35921, 20.58129 ], [ -100.35946, 20.58112 ], [ -100.35948, 20.58084 ], [ -100.35946, 20.5806 ], [ -100.35955, 20.58038 ], [ -100.35988, 20.58061 ], [ -100.3601, 20.58074 ], [ -100.36029, 20.58073 ], [ -100.36049, 20.58067 ], [ -100.36139, 20.58003 ], [ -100.3616, 20.57997 ], [ -100.3618, 20.57996 ], [ -100.36212, 20.58006 ], [ -100.36315, 20.58053 ], [ -100.36339, 20.58061 ], [ -100.36371, 20.58061 ], [ -100.36513, 20.58036 ], [ -100.36689, 20.58001 ], [ -100.36781, 20.57964 ], [ -100.36802, 20.57962 ], [ -100.36834, 20.57978 ], [ -100.36842, 20.5799 ], [ -100.36848, 20.58006 ], [ -100.36848, 20.58022 ], [ -100.36841, 20.58036 ], [ -100.36815, 20.58054 ], [ -100.36586, 20.58107 ], [ -100.36299, 20.58159 ], [ -100.36123, 20.58194 ], [ -100.36099, 20.58192 ], [ -100.36077, 20.58186 ], [ -100.36056, 20.58182 ], [ -100.36043, 20.58164 ], [ -100.36037, 20.58132 ], [ -100.36038, 20.5811 ], [ -100.36058, 20.58091 ], [ -100.36079, 20.58084 ], [ -100.36101, 20.58078 ], [ -100.36138, 20.58092 ], [ -100.36166, 20.58131 ], [ -100.36179, 20.58262 ], [ -100.36186, 20.58355 ], [ -100.362, 20.58402 ], [ -100.36259, 20.58544 ], [ -100.36276, 20.5859 ], [ -100.36306, 20.58679 ], [ -100.36311, 20.58707 ], [ -100.36309, 20.58727 ], [ -100.36286, 20.58763 ], [ -100.36264, 20.58809 ], [ -100.36255, 20.58852 ], [ -100.36221, 20.58892 ], [ -100.3619, 20.58911 ], [ -100.36174, 20.58915 ], [ -100.36079, 20.58957 ], [ -100.36018, 20.58969 ], [ -100.35972, 20.58968 ], [ -100.35937, 20.58955 ], [ -100.359, 20.58935 ], [ -100.35847, 20.58915 ], [ -100.35842, 20.58932 ], [ -100.35912, 20.58961 ], [ -100.3597, 20.58976 ], [ -100.36028, 20.58979 ], [ -100.36073, 20.58968 ], [ -100.36179, 20.58931 ], [ -100.36324, 20.58884 ], [ -100.36356, 20.58876 ], [ -100.36463, 20.58854 ], [ -100.36664, 20.58848 ], [ -100.36862, 20.58829 ], [ -100.37493, 20.58714 ], [ -100.37935, 20.58646 ], [ -100.38052, 20.58629 ], [ -100.381, 20.58633 ], [ -100.38152, 20.58641 ], [ -100.38367, 20.58697 ], [ -100.38481, 20.58719 ], [ -100.38519, 20.58722 ], [ -100.38579, 20.58715 ], [ -100.38867, 20.58608 ], [ -100.3901, 20.58556 ], [ -100.39219, 20.58486 ], [ -100.39396, 20.58419 ], [ -100.39514, 20.58724 ], [ -100.39654, 20.58678 ], [ -100.39947, 20.58579 ], [ -100.40193, 20.58492 ], [ -100.40238, 20.58523 ], [ -100.40323, 20.58703 ], [ -100.40482, 20.59044 ], [ -100.40567, 20.59241 ], [ -100.40648, 20.5943 ], [ -100.40719, 20.59589 ], [ -100.40759, 20.59601 ], [ -100.40916, 20.59652 ], [ -100.41206, 20.59636 ], [ -100.41245, 20.59614 ], [ -100.41349, 20.59535 ], [ -100.41483, 20.59534 ], [ -100.41603, 20.59944 ], [ -100.41736, 20.6041 ], [ -100.41904, 20.61012 ], [ -100.42099, 20.61697 ], [ -100.42204, 20.6208 ], [ -100.42258, 20.62249 ], [ -100.42354, 20.62478 ], [ -100.42434, 20.62665 ], [ -100.42581, 20.63042 ], [ -100.42712, 20.63357 ], [ -100.42805, 20.63557 ], [ -100.42899, 20.63748 ], [ -100.42982, 20.63916 ], [ -100.43018, 20.64004 ], [ -100.43038, 20.6409 ], [ -100.43059, 20.64264 ], [ -100.43074, 20.64468 ], [ -100.43082, 20.64548 ], [ -100.43093, 20.64729 ], [ -100.43146, 20.65203 ], [ -100.43162, 20.65324 ], [ -100.43173, 20.65447 ], [ -100.432, 20.65678 ], [ -100.43223, 20.65937 ], [ -100.43244, 20.66138 ], [ -100.43297, 20.66608 ], [ -100.43353, 20.67148 ], [ -100.43414, 20.67688 ], [ -100.43477, 20.68241 ], [ -100.4351, 20.68516 ], [ -100.43532, 20.68787 ], [ -100.43585, 20.69264 ], [ -100.43575, 20.69292 ], [ -100.43558, 20.69301 ], [ -100.43542, 20.69304 ], [ -100.43517, 20.69294 ], [ -100.43503, 20.69269 ], [ -100.435, 20.6922 ], [ -100.43504, 20.69207 ], [ -100.43522, 20.69191 ], [ -100.4354, 20.69178 ], [ -100.43576, 20.69174 ], [ -100.43812, 20.69151 ], [ -100.4385, 20.69145 ], [ -100.43881, 20.69163 ], [ -100.43902, 20.69179 ], [ -100.43928, 20.69211 ], [ -100.43962, 20.69267 ], [ -100.43974, 20.69324 ], [ -100.43982, 20.69424 ], [ -100.43987, 20.69594 ], [ -100.43988, 20.69765 ], [ -100.43988, 20.69883 ], [ -100.43992, 20.69911 ], [ -100.43999, 20.6994 ], [ -100.44106, 20.70156 ], [ -100.44188, 20.70333 ], [ -100.44269, 20.70499 ], [ -100.44269, 20.70527 ], [ -100.44284, 20.70534 ], [ -100.44295, 20.70531 ], [ -100.44317, 20.7053 ], [ -100.44387, 20.70547 ], [ -100.44581, 20.70586 ], [ -100.44629, 20.71293 ], [ -100.44627, 20.71326 ], [ -100.44611, 20.71478 ], [ -100.44587, 20.71639 ], [ -100.44593, 20.71664 ], [ -100.44649, 20.71842 ], [ -100.44673, 20.71927 ], [ -100.44687, 20.71961 ], [ -100.44714, 20.71997 ], [ -100.44742, 20.72047 ], [ -100.44738, 20.72071 ], [ -100.44737, 20.72087 ], [ -100.4472, 20.72103 ], [ -100.44178, 20.72514 ], [ -100.4411, 20.72562 ], [ -100.44142, 20.72624 ], [ -100.4423, 20.72796 ], [ -100.4467, 20.73623 ] ] } },
{ "type": "Feature", "properties": { "city": "Querétaro", "route_name": "122_Ejido Modelo - Universidad Politécnica", "route_name_short": "Ejido Modelo - Universidad Politécnica", "type": "Bus", "shape_id": "shape_2491" }, "geometry": { "type": "LineString", "coordinates": [ [ -100.28803, 20.5711 ], [ -100.28466, 20.57118 ], [ -100.28444, 20.57111 ], [ -100.28364, 20.57109 ], [ -100.28194, 20.57114 ], [ -100.28188, 20.57014 ], [ -100.28193, 20.57006 ], [ -100.28197, 20.56995 ], [ -100.28223, 20.56978 ], [ -100.28282, 20.56955 ], [ -100.28314, 20.56945 ], [ -100.28342, 20.56942 ], [ -100.28725, 20.56929 ], [ -100.28672, 20.56568 ], [ -100.28644, 20.56388 ], [ -100.28411, 20.5642 ], [ -100.28396, 20.56429 ], [ -100.2839, 20.56446 ], [ -100.28393, 20.56481 ], [ -100.28408, 20.56614 ], [ -100.28306, 20.56624 ], [ -100.28274, 20.56632 ], [ -100.28174, 20.5667 ], [ -100.28167, 20.56663 ], [ -100.28151, 20.56666 ], [ -100.28144, 20.56674 ], [ -100.28079, 20.56693 ], [ -100.27996, 20.56715 ], [ -100.27956, 20.56724 ], [ -100.27914, 20.56724 ], [ -100.27805, 20.56726 ], [ -100.27763, 20.56731 ], [ -100.27656, 20.56759 ], [ -100.2753, 20.56794 ], [ -100.27494, 20.56798 ], [ -100.27457, 20.56797 ], [ -100.27381, 20.56786 ], [ -100.27214, 20.56763 ], [ -100.27147, 20.56755 ], [ -100.27114, 20.56744 ], [ -100.26885, 20.56631 ], [ -100.269, 20.56586 ], [ -100.26908, 20.56556 ], [ -100.26919, 20.56498 ], [ -100.26917, 20.56458 ], [ -100.26912, 20.56425 ], [ -100.26907, 20.56359 ], [ -100.26908, 20.56344 ], [ -100.26927, 20.56326 ], [ -100.26972, 20.56322 ], [ -100.27232, 20.56316 ], [ -100.275, 20.56313 ], [ -100.27895, 20.56308 ], [ -100.28128, 20.56306 ], [ -100.28159, 20.56298 ], [ -100.28171, 20.56274 ], [ -100.28164, 20.56079 ], [ -100.27839, 20.56082 ], [ -100.27521, 20.56088 ], [ -100.27318, 20.56096 ], [ -100.27299, 20.56104 ], [ -100.27221, 20.56162 ], [ -100.27137, 20.56162 ], [ -100.26813, 20.56166 ], [ -100.26776, 20.5615 ], [ -100.26764, 20.56141 ], [ -100.26739, 20.55852 ], [ -100.26728, 20.55719 ], [ -100.26724, 20.55664 ], [ -100.26716, 20.55585 ], [ -100.26719, 20.55562 ], [ -100.26709, 20.55455 ], [ -100.26688, 20.55202 ], [ -100.26679, 20.55091 ], [ -100.26683, 20.55067 ], [ -100.26703, 20.55043 ], [ -100.26723, 20.55031 ], [ -100.26759, 20.55019 ], [ -100.26784, 20.55004 ], [ -100.26881, 20.54935 ], [ -100.27175, 20.54727 ], [ -100.27216, 20.54702 ], [ -100.27353, 20.54609 ], [ -100.2749, 20.54507 ], [ -100.27568, 20.54453 ], [ -100.27557, 20.54438 ], [ -100.27506, 20.54483 ], [ -100.27448, 20.5453 ], [ -100.27317, 20.54626 ], [ -100.27184, 20.54715 ], [ -100.27129, 20.54755 ], [ -100.27039, 20.54821 ], [ -100.26803, 20.54987 ], [ -100.26763, 20.55011 ], [ -100.26746, 20.5502 ], [ -100.26714, 20.5503 ], [ -100.26671, 20.5504 ], [ -100.26686, 20.5523 ], [ -100.26711, 20.55538 ], [ -100.26713, 20.55568 ], [ -100.26713, 20.55605 ], [ -100.2673, 20.55808 ], [ -100.26757, 20.56103 ], [ -100.2678, 20.5645 ], [ -100.2678, 20.56492 ], [ -100.26779, 20.56531 ], [ -100.26753, 20.56589 ], [ -100.26735, 20.56622 ], [ -100.26697, 20.56663 ], [ -100.26639, 20.56698 ], [ -100.26598, 20.56717 ], [ -100.26504, 20.56757 ], [ -100.26357, 20.56823 ], [ -100.26185, 20.56909 ], [ -100.26114, 20.56946 ], [ -100.26033, 20.57018 ], [ -100.25947, 20.57115 ], [ -100.25932, 20.57147 ], [ -100.2593, 20.57238 ], [ -100.25924, 20.57279 ], [ -100.25896, 20.5733 ], [ -100.25851, 20.57406 ], [ -100.25724, 20.57606 ], [ -100.25605, 20.57788 ], [ -100.2562, 20.57788 ], [ -100.25801, 20.575 ], [ -100.25898, 20.57349 ], [ -100.25919, 20.57334 ], [ -100.25952, 20.57307 ], [ -100.25979, 20.57299 ], [ -100.26021, 20.57295 ], [ -100.26041, 20.57275 ], [ -100.26062, 20.5724 ], [ -100.26087, 20.57216 ], [ -100.26126, 20.57205 ], [ -100.26176, 20.57199 ], [ -100.26229, 20.57195 ], [ -100.26363, 20.57188 ], [ -100.26506, 20.57184 ], [ -100.27099, 20.5717 ], [ -100.27461, 20.57161 ], [ -100.2782, 20.57155 ], [ -100.28148, 20.57148 ], [ -100.28368, 20.57141 ], [ -100.28666, 20.57134 ], [ -100.28667, 20.57298 ], [ -100.28938, 20.57247 ], [ -100.29152, 20.57205 ], [ -100.29149, 20.57246 ], [ -100.29136, 20.57274 ], [ -100.29076, 20.57368 ], [ -100.28977, 20.57515 ], [ -100.28909, 20.57609 ], [ -100.28858, 20.57685 ], [ -100.28762, 20.57824 ], [ -100.28697, 20.57917 ], [ -100.28688, 20.57942 ], [ -100.28652, 20.58108 ], [ -100.28627, 20.58238 ], [ -100.28593, 20.5846 ], [ -100.2857, 20.58598 ], [ -100.28542, 20.58779 ], [ -100.28524, 20.58871 ], [ -100.2851, 20.58961 ], [ -100.28498, 20.58991 ], [ -100.28492, 20.59012 ], [ -100.28503, 20.5902 ], [ -100.28511, 20.59016 ], [ -100.28513, 20.59002 ], [ -100.28513, 20.58976 ], [ -100.28516, 20.5895 ], [ -100.2855, 20.58744 ], [ -100.28601, 20.58434 ], [ -100.28653, 20.58126 ], [ -100.28687, 20.57962 ], [ -100.28694, 20.57935 ], [ -100.28704, 20.57917 ], [ -100.28744, 20.57857 ], [ -100.289, 20.57628 ], [ -100.29095, 20.57347 ], [ -100.29132, 20.57284 ], [ -100.29149, 20.57256 ], [ -100.29153, 20.57233 ], [ -100.29157, 20.5721 ], [ -100.29163, 20.57203 ], [ -100.29187, 20.57198 ], [ -100.29216, 20.57183 ], [ -100.29246, 20.57173 ], [ -100.29314, 20.57156 ], [ -100.29319, 20.57148 ], [ -100.29356, 20.57143 ], [ -100.29434, 20.57131 ], [ -100.29599, 20.57091 ], [ -100.29893, 20.57027 ], [ -100.29988, 20.57008 ], [ -100.30046, 20.56999 ], [ -100.30115, 20.56996 ], [ -100.30476, 20.56999 ], [ -100.30727, 20.57 ], [ -100.30895, 20.57 ], [ -100.30984, 20.57011 ], [ -100.3108, 20.5703 ], [ -100.31333, 20.57087 ], [ -100.31621, 20.57155 ], [ -100.31676, 20.57171 ], [ -100.31776, 20.57208 ], [ -100.31837, 20.57219 ], [ -100.31931, 20.57224 ], [ -100.3198, 20.57239 ], [ -100.3211, 20.57275 ], [ -100.3244, 20.57392 ], [ -100.3264, 20.57461 ], [ -100.32904, 20.57564 ], [ -100.32983, 20.57593 ], [ -100.33094, 20.57619 ], [ -100.33139, 20.57628 ], [ -100.33198, 20.57631 ], [ -100.33249, 20.57633 ], [ -100.33271, 20.57624 ], [ -100.33289, 20.57607 ], [ -100.33303, 20.57594 ], [ -100.33329, 20.57588 ], [ -100.33445, 20.57587 ], [ -100.33548, 20.57589 ], [ -100.33569, 20.57595 ], [ -100.33605, 20.57626 ], [ -100.33736, 20.57764 ], [ -100.33785, 20.57795 ], [ -100.33907, 20.57828 ], [ -100.33957, 20.57845 ], [ -100.34013, 20.57891 ], [ -100.34183, 20.58056 ], [ -100.34258, 20.58143 ], [ -100.34275, 20.5818 ], [ -100.34283, 20.58214 ], [ -100.34279, 20.58263 ], [ -100.34248, 20.58358 ], [ -100.34168, 20.58554 ], [ -100.341, 20.58687 ], [ -100.34086, 20.58726 ], [ -100.34073, 20.58766 ], [ -100.34072, 20.58817 ], [ -100.34087, 20.58866 ], [ -100.34122, 20.589 ], [ -100.34162, 20.58914 ], [ -100.34216, 20.58917 ], [ -100.34284, 20.58922 ], [ -100.34411, 20.58902 ], [ -100.34729, 20.58852 ], [ -100.34845, 20.58833 ], [ -100.3487, 20.58834 ], [ -100.34913, 20.58846 ], [ -100.35011, 20.58893 ], [ -100.35103, 20.58933 ], [ -100.35149, 20.5894 ], [ -100.35194, 20.58939 ], [ -100.35252, 20.58925 ], [ -100.35496, 20.58849 ], [ -100.35567, 20.5883 ], [ -100.3561, 20.5883 ], [ -100.35644, 20.5884 ], [ -100.35705, 20.58864 ], [ -100.35871, 20.58942 ], [ -100.3596, 20.58973 ], [ -100.3601, 20.58981 ], [ -100.3605, 20.58974 ], [ -100.36096, 20.58959 ], [ -100.3621, 20.58923 ], [ -100.36313, 20.58888 ], [ -100.36392, 20.58866 ], [ -100.36448, 20.58858 ], [ -100.36535, 20.58853 ], [ -100.36647, 20.58849 ], [ -100.36776, 20.58841 ], [ -100.36879, 20.58824 ], [ -100.37045, 20.58796 ], [ -100.37171, 20.58774 ], [ -100.37518, 20.58711 ], [ -100.37562, 20.58708 ], [ -100.37761, 20.58674 ], [ -100.37957, 20.58641 ], [ -100.38034, 20.58632 ], [ -100.38077, 20.58629 ], [ -100.38158, 20.58643 ], [ -100.38345, 20.58691 ], [ -100.38449, 20.58715 ], [ -100.38493, 20.5872 ], [ -100.38528, 20.58721 ], [ -100.38584, 20.58713 ], [ -100.38632, 20.58695 ], [ -100.38979, 20.58569 ], [ -100.39331, 20.58441 ], [ -100.39487, 20.5838 ], [ -100.39558, 20.5834 ], [ -100.39651, 20.58283 ], [ -100.39749, 20.58223 ], [ -100.39828, 20.58167 ], [ -100.39915, 20.58092 ], [ -100.4009, 20.58302 ], [ -100.40187, 20.58426 ], [ -100.40215, 20.58471 ], [ -100.40249, 20.58548 ], [ -100.40355, 20.5877 ], [ -100.40487, 20.59053 ], [ -100.40622, 20.59001 ], [ -100.40685, 20.58978 ], [ -100.40731, 20.58963 ], [ -100.40827, 20.5894 ], [ -100.40877, 20.58933 ], [ -100.40918, 20.58929 ], [ -100.4101, 20.58932 ], [ -100.40951, 20.58787 ], [ -100.40897, 20.58649 ], [ -100.41115, 20.58573 ], [ -100.41153, 20.58605 ], [ -100.41192, 20.58646 ], [ -100.41229, 20.58636 ], [ -100.41251, 20.58631 ], [ -100.41288, 20.58631 ], [ -100.41354, 20.58647 ], [ -100.41484, 20.5868 ], [ -100.4156, 20.587 ], [ -100.41585, 20.58711 ], [ -100.41644, 20.58726 ], [ -100.41621, 20.58505 ], [ -100.41601, 20.58333 ], [ -100.41776, 20.58285 ], [ -100.4182, 20.58277 ], [ -100.41964, 20.58255 ], [ -100.42247, 20.58202 ], [ -100.42242, 20.58179 ], [ -100.42243, 20.58167 ], [ -100.42253, 20.58156 ], [ -100.42244, 20.58112 ], [ -100.42237, 20.58113 ], [ -100.42246, 20.5815 ], [ -100.42244, 20.58157 ], [ -100.42238, 20.58166 ], [ -100.42236, 20.58177 ], [ -100.42242, 20.582 ], [ -100.42058, 20.58233 ], [ -100.41833, 20.58271 ], [ -100.41783, 20.58279 ], [ -100.41672, 20.5831 ], [ -100.41585, 20.58334 ], [ -100.41603, 20.58474 ], [ -100.41624, 20.58699 ], [ -100.41493, 20.5867 ], [ -100.41322, 20.58629 ], [ -100.41236, 20.58611 ], [ -100.41218, 20.58625 ], [ -100.41186, 20.58641 ], [ -100.41226, 20.58697 ], [ -100.41255, 20.58744 ], [ -100.41278, 20.58805 ], [ -100.41322, 20.5896 ], [ -100.41291, 20.58969 ], [ -100.41244, 20.58959 ], [ -100.41126, 20.58942 ], [ -100.41007, 20.58928 ], [ -100.4096, 20.58926 ], [ -100.40896, 20.58925 ], [ -100.40844, 20.58935 ], [ -100.40789, 20.58946 ], [ -100.40721, 20.58962 ], [ -100.40631, 20.58994 ], [ -100.40513, 20.59039 ], [ -100.40481, 20.59053 ], [ -100.40549, 20.59196 ], [ -100.40651, 20.59435 ], [ -100.40702, 20.59556 ], [ -100.40633, 20.59559 ], [ -100.40552, 20.5957 ], [ -100.40444, 20.5958 ], [ -100.40315, 20.59594 ], [ -100.40231, 20.59597 ], [ -100.40183, 20.59594 ], [ -100.40144, 20.596 ], [ -100.40045, 20.59628 ], [ -100.4001, 20.59642 ], [ -100.39964, 20.59676 ], [ -100.399, 20.59454 ], [ -100.39842, 20.59267 ], [ -100.39784, 20.59096 ], [ -100.39729, 20.58915 ], [ -100.39647, 20.5864 ], [ -100.39561, 20.58322 ], [ -100.39477, 20.58367 ], [ -100.39397, 20.58399 ], [ -100.39252, 20.58452 ], [ -100.39193, 20.5847 ], [ -100.38848, 20.58596 ], [ -100.3859, 20.5869 ], [ -100.38549, 20.58703 ], [ -100.38511, 20.58705 ], [ -100.38439, 20.58694 ], [ -100.38377, 20.58676 ], [ -100.38291, 20.58659 ], [ -100.38202, 20.58637 ], [ -100.38103, 20.58616 ], [ -100.38069, 20.58613 ], [ -100.38018, 20.58614 ], [ -100.3791, 20.58631 ], [ -100.37779, 20.58652 ], [ -100.37549, 20.5869 ], [ -100.37516, 20.58697 ], [ -100.37477, 20.58571 ], [ -100.3747, 20.58522 ], [ -100.37441, 20.58312 ], [ -100.37426, 20.58131 ], [ -100.37414, 20.57971 ], [ -100.37414, 20.57921 ], [ -100.37263, 20.57954 ], [ -100.37159, 20.57973 ], [ -100.36977, 20.5801 ], [ -100.36889, 20.5803 ], [ -100.36816, 20.58056 ], [ -100.36766, 20.5807 ], [ -100.36579, 20.58108 ], [ -100.36296, 20.5817 ], [ -100.36025, 20.58227 ], [ -100.35803, 20.58275 ], [ -100.35756, 20.5829 ], [ -100.35709, 20.58308 ], [ -100.35656, 20.58343 ], [ -100.35595, 20.58391 ], [ -100.35561, 20.58438 ], [ -100.35539, 20.58492 ], [ -100.35496, 20.58591 ], [ -100.35431, 20.58667 ], [ -100.35401, 20.58695 ], [ -100.3534, 20.5874 ], [ -100.35243, 20.58778 ], [ -100.35169, 20.58793 ], [ -100.35082, 20.58793 ], [ -100.34981, 20.58773 ], [ -100.3488, 20.58753 ], [ -100.34798, 20.58746 ], [ -100.34705, 20.58746 ], [ -100.34639, 20.58738 ], [ -100.3455, 20.58718 ], [ -100.34468, 20.58673 ], [ -100.34414, 20.58624 ], [ -100.34376, 20.5857 ], [ -100.34348, 20.58512 ], [ -100.34334, 20.58464 ], [ -100.34328, 20.584 ], [ -100.34339, 20.58246 ], [ -100.34338, 20.58163 ], [ -100.34334, 20.58118 ], [ -100.34317, 20.58065 ], [ -100.34286, 20.58002 ], [ -100.3424, 20.57946 ], [ -100.34188, 20.57894 ], [ -100.34113, 20.57835 ], [ -100.34034, 20.57788 ], [ -100.33795, 20.57651 ], [ -100.33685, 20.57585 ], [ -100.33638, 20.57546 ], [ -100.33594, 20.57524 ], [ -100.33531, 20.57495 ], [ -100.33428, 20.5747 ], [ -100.33351, 20.57457 ], [ -100.33211, 20.57446 ], [ -100.33133, 20.57435 ], [ -100.33079, 20.57423 ], [ -100.33017, 20.57415 ], [ -100.32984, 20.5741 ], [ -100.32976, 20.57419 ], [ -100.32818, 20.57381 ], [ -100.32766, 20.57368 ], [ -100.32715, 20.57345 ], [ -100.32612, 20.57319 ], [ -100.32508, 20.57288 ], [ -100.32458, 20.5728 ], [ -100.32419, 20.57277 ], [ -100.32395, 20.57284 ], [ -100.32369, 20.57282 ], [ -100.32256, 20.57253 ], [ -100.32193, 20.57237 ], [ -100.32152, 20.57215 ], [ -100.32083, 20.572 ], [ -100.31924, 20.57155 ], [ -100.31875, 20.57135 ], [ -100.3185, 20.57128 ], [ -100.31805, 20.57124 ], [ -100.31783, 20.57116 ], [ -100.3176, 20.57108 ], [ -100.31692, 20.571 ], [ -100.31618, 20.57091 ], [ -100.31578, 20.57091 ], [ -100.31549, 20.57086 ], [ -100.31535, 20.57074 ], [ -100.31446, 20.57041 ], [ -100.31287, 20.57007 ], [ -100.31074, 20.56958 ], [ -100.31007, 20.56946 ], [ -100.30946, 20.5694 ], [ -100.30882, 20.56932 ], [ -100.30746, 20.56931 ], [ -100.30683, 20.56938 ], [ -100.30645, 20.56943 ], [ -100.30601, 20.56945 ], [ -100.30464, 20.56947 ], [ -100.30429, 20.56937 ], [ -100.30351, 20.56936 ], [ -100.30189, 20.56934 ], [ -100.3005, 20.56934 ], [ -100.30008, 20.56933 ], [ -100.29974, 20.56936 ], [ -100.29938, 20.5695 ], [ -100.29869, 20.5696 ], [ -100.29807, 20.56971 ], [ -100.29744, 20.56987 ], [ -100.29652, 20.57013 ], [ -100.29467, 20.57068 ], [ -100.29394, 20.57085 ], [ -100.29341, 20.57095 ], [ -100.29269, 20.57097 ], [ -100.29173, 20.57101 ], [ -100.28948, 20.57107 ], [ -100.28804, 20.57111 ] ] } },
{ "type": "Feature", "properties": { "city": "Querétaro", "route_name": "125_Terminal de Autobuses - Santa Barbarita", "route_name_short": "Terminal de Autobuses - Santa Barbarita", "type": "Bus", "shape_id": "shape_2492" }, "geometry": { "type": "LineString", "coordinates": [ [ -100.4412, 20.5297 ], [ -100.44163, 20.5318 ], [ -100.44092, 20.53192 ], [ -100.44051, 20.53201 ], [ -100.44005, 20.53217 ], [ -100.43911, 20.53261 ], [ -100.43844, 20.5331 ], [ -100.4379, 20.53361 ], [ -100.43738, 20.53425 ], [ -100.4366, 20.53519 ], [ -100.43514, 20.53698 ], [ -100.43314, 20.5394 ], [ -100.43181, 20.54095 ], [ -100.43004, 20.54317 ], [ -100.42936, 20.54401 ], [ -100.42788, 20.54581 ], [ -100.42573, 20.54843 ], [ -100.42334, 20.5513 ], [ -100.42183, 20.55309 ], [ -100.42035, 20.55494 ], [ -100.41819, 20.55762 ], [ -100.41739, 20.55854 ], [ -100.41597, 20.56027 ], [ -100.41407, 20.56256 ], [ -100.41183, 20.56532 ], [ -100.40965, 20.56799 ], [ -100.40726, 20.57087 ], [ -100.40641, 20.5719 ], [ -100.40558, 20.57287 ], [ -100.40494, 20.57362 ], [ -100.40365, 20.57518 ], [ -100.40164, 20.57767 ], [ -100.40145, 20.57775 ], [ -100.40132, 20.57781 ], [ -100.40109, 20.5777 ], [ -100.40084, 20.57749 ], [ -100.40084, 20.57733 ], [ -100.40118, 20.57686 ], [ -100.40136, 20.57679 ], [ -100.40165, 20.57681 ], [ -100.40182, 20.5769 ], [ -100.40297, 20.57797 ], [ -100.40391, 20.57905 ], [ -100.40575, 20.58073 ], [ -100.40685, 20.58177 ], [ -100.40658, 20.58201 ], [ -100.40595, 20.58289 ], [ -100.40547, 20.5836 ], [ -100.40518, 20.58389 ], [ -100.40484, 20.58407 ], [ -100.4045, 20.58411 ], [ -100.40419, 20.58404 ], [ -100.40391, 20.58401 ], [ -100.40358, 20.584 ], [ -100.40318, 20.58411 ], [ -100.4026, 20.58444 ], [ -100.40209, 20.58469 ], [ -100.40094, 20.58509 ], [ -100.39894, 20.58579 ], [ -100.39805, 20.58609 ], [ -100.39654, 20.58663 ], [ -100.39613, 20.58516 ], [ -100.39565, 20.58341 ], [ -100.39572, 20.58335 ], [ -100.39568, 20.58318 ], [ -100.39494, 20.58356 ], [ -100.39364, 20.58416 ], [ -100.39151, 20.58487 ], [ -100.39043, 20.58527 ], [ -100.38896, 20.5858 ], [ -100.38594, 20.5869 ], [ -100.38535, 20.58706 ], [ -100.38472, 20.58699 ], [ -100.38383, 20.58678 ], [ -100.38346, 20.5867 ], [ -100.3827, 20.58653 ], [ -100.38164, 20.58627 ], [ -100.38099, 20.58617 ], [ -100.38049, 20.5861 ], [ -100.37992, 20.58616 ], [ -100.37815, 20.58649 ], [ -100.37533, 20.58693 ], [ -100.37333, 20.58726 ], [ -100.37026, 20.58782 ], [ -100.36913, 20.58803 ], [ -100.36775, 20.58823 ], [ -100.36722, 20.58831 ], [ -100.36569, 20.58844 ], [ -100.36504, 20.58844 ], [ -100.36432, 20.58829 ], [ -100.36391, 20.58804 ], [ -100.36361, 20.58768 ], [ -100.36349, 20.5872 ], [ -100.36325, 20.58633 ], [ -100.36295, 20.58569 ], [ -100.36278, 20.58546 ], [ -100.36253, 20.58486 ], [ -100.3622, 20.58419 ], [ -100.36203, 20.58363 ], [ -100.36194, 20.58297 ], [ -100.36186, 20.58199 ], [ -100.36173, 20.58011 ], [ -100.36154, 20.57902 ], [ -100.36135, 20.57816 ], [ -100.36099, 20.57621 ], [ -100.3608, 20.57507 ], [ -100.36063, 20.5747 ], [ -100.36047, 20.5743 ], [ -100.36039, 20.5742 ], [ -100.36029, 20.57423 ], [ -100.36022, 20.57435 ], [ -100.36025, 20.57462 ], [ -100.36041, 20.57511 ], [ -100.36092, 20.57731 ], [ -100.3612, 20.57815 ], [ -100.36136, 20.57914 ], [ -100.36119, 20.57968 ], [ -100.36083, 20.5803 ], [ -100.36055, 20.58054 ], [ -100.36027, 20.58065 ], [ -100.36011, 20.58065 ], [ -100.35992, 20.58049 ], [ -100.35983, 20.58026 ], [ -100.35968, 20.57965 ], [ -100.35951, 20.57887 ], [ -100.35942, 20.57878 ], [ -100.3593, 20.57878 ], [ -100.35916, 20.57885 ], [ -100.35909, 20.57895 ], [ -100.35932, 20.57996 ], [ -100.35937, 20.58029 ], [ -100.35935, 20.58077 ], [ -100.35925, 20.58094 ], [ -100.35907, 20.58106 ], [ -100.35884, 20.58114 ], [ -100.35873, 20.5812 ], [ -100.35877, 20.58138 ], [ -100.35892, 20.58138 ], [ -100.3591, 20.58134 ], [ -100.35931, 20.58124 ], [ -100.35945, 20.58109 ], [ -100.35955, 20.58104 ], [ -100.35942, 20.58073 ], [ -100.35946, 20.58045 ], [ -100.35956, 20.58037 ], [ -100.35992, 20.58066 ], [ -100.36019, 20.58076 ], [ -100.36044, 20.58069 ], [ -100.36067, 20.58055 ], [ -100.36123, 20.58013 ], [ -100.36155, 20.57997 ], [ -100.36201, 20.58002 ], [ -100.36248, 20.58024 ], [ -100.36329, 20.5806 ], [ -100.36353, 20.58062 ], [ -100.3653, 20.58034 ], [ -100.36662, 20.58006 ], [ -100.36732, 20.57983 ], [ -100.3679, 20.57959 ], [ -100.3682, 20.57968 ], [ -100.36843, 20.57987 ], [ -100.36845, 20.58009 ], [ -100.36838, 20.58033 ], [ -100.3681, 20.58059 ], [ -100.36733, 20.58078 ], [ -100.36486, 20.58119 ], [ -100.36363, 20.58145 ], [ -100.36167, 20.58181 ], [ -100.36112, 20.58196 ], [ -100.36074, 20.5819 ], [ -100.3605, 20.58174 ], [ -100.36037, 20.58155 ], [ -100.36036, 20.58135 ], [ -100.36038, 20.58115 ], [ -100.36058, 20.58093 ], [ -100.3608, 20.5808 ], [ -100.36106, 20.5808 ], [ -100.36129, 20.58088 ], [ -100.36147, 20.58102 ], [ -100.36166, 20.58135 ], [ -100.36186, 20.58341 ], [ -100.36198, 20.58391 ], [ -100.36224, 20.58459 ], [ -100.36266, 20.5856 ], [ -100.36275, 20.5859 ], [ -100.36302, 20.58665 ], [ -100.36312, 20.58702 ], [ -100.36302, 20.58736 ], [ -100.36276, 20.58784 ], [ -100.36255, 20.58848 ], [ -100.36237, 20.58876 ], [ -100.36198, 20.58911 ], [ -100.36156, 20.58926 ], [ -100.36079, 20.58953 ], [ -100.36031, 20.58969 ], [ -100.35991, 20.58967 ], [ -100.35963, 20.58963 ], [ -100.35923, 20.5895 ], [ -100.35856, 20.58911 ], [ -100.35841, 20.58932 ], [ -100.35906, 20.58956 ], [ -100.35957, 20.58972 ], [ -100.35997, 20.58978 ], [ -100.36043, 20.58977 ], [ -100.36135, 20.58948 ], [ -100.36204, 20.58925 ], [ -100.36362, 20.58873 ], [ -100.3642, 20.58863 ], [ -100.36489, 20.5886 ], [ -100.36589, 20.58852 ], [ -100.36741, 20.58844 ], [ -100.36783, 20.58841 ], [ -100.36965, 20.58809 ], [ -100.3738, 20.58734 ], [ -100.3765, 20.58693 ], [ -100.3796, 20.5864 ], [ -100.38044, 20.5863 ], [ -100.3808, 20.5863 ], [ -100.38161, 20.58642 ], [ -100.38447, 20.58714 ], [ -100.38505, 20.58722 ], [ -100.38564, 20.58718 ], [ -100.38649, 20.58688 ], [ -100.38966, 20.58575 ], [ -100.39328, 20.58442 ], [ -100.39457, 20.58391 ], [ -100.39549, 20.58347 ], [ -100.39654, 20.58283 ], [ -100.39799, 20.58191 ], [ -100.39917, 20.58091 ], [ -100.4001, 20.58203 ], [ -100.40183, 20.5842 ], [ -100.40207, 20.58458 ], [ -100.4022, 20.58483 ], [ -100.40329, 20.58428 ], [ -100.40385, 20.58421 ], [ -100.40435, 20.58431 ], [ -100.4047, 20.58429 ], [ -100.40503, 20.58423 ], [ -100.40536, 20.58403 ], [ -100.40574, 20.58363 ], [ -100.40669, 20.58231 ], [ -100.40701, 20.58192 ], [ -100.40738, 20.58176 ], [ -100.40715, 20.58149 ], [ -100.40625, 20.58064 ], [ -100.40426, 20.57879 ], [ -100.40275, 20.5775 ], [ -100.4019, 20.57678 ], [ -100.40065, 20.57562 ], [ -100.40046, 20.57526 ], [ -100.40046, 20.57504 ], [ -100.40058, 20.5748 ], [ -100.40076, 20.57472 ], [ -100.40127, 20.57474 ], [ -100.4022, 20.57522 ], [ -100.40365, 20.57624 ], [ -100.40386, 20.57647 ], [ -100.40397, 20.57664 ], [ -100.40398, 20.57688 ], [ -100.40382, 20.57703 ], [ -100.40366, 20.57708 ], [ -100.40338, 20.57703 ], [ -100.40305, 20.57681 ], [ -100.40301, 20.57666 ], [ -100.40304, 20.57642 ], [ -100.4031, 20.57613 ], [ -100.40349, 20.57568 ], [ -100.40532, 20.57346 ], [ -100.40639, 20.57215 ], [ -100.40677, 20.5716 ], [ -100.40778, 20.57039 ], [ -100.40993, 20.5678 ], [ -100.41235, 20.56496 ], [ -100.41442, 20.56235 ], [ -100.41628, 20.56019 ], [ -100.41784, 20.55822 ], [ -100.42009, 20.55553 ], [ -100.42196, 20.5532 ], [ -100.4232, 20.55165 ], [ -100.42547, 20.54898 ], [ -100.42776, 20.54619 ], [ -100.42885, 20.54476 ], [ -100.42976, 20.54373 ], [ -100.43119, 20.54191 ], [ -100.43331, 20.53938 ], [ -100.43539, 20.53688 ], [ -100.43717, 20.5347 ], [ -100.43837, 20.53336 ], [ -100.43899, 20.53291 ], [ -100.43929, 20.5327 ], [ -100.44003, 20.53235 ], [ -100.44098, 20.5321 ], [ -100.44131, 20.53206 ], [ -100.44185, 20.53202 ], [ -100.44149, 20.5303 ], [ -100.44124, 20.52859 ], [ -100.44355, 20.52574 ], [ -100.44544, 20.52347 ], [ -100.44618, 20.52254 ], [ -100.4443, 20.52121 ], [ -100.44165, 20.51928 ], [ -100.44121, 20.5194 ], [ -100.44102, 20.51948 ], [ -100.44068, 20.51989 ], [ -100.44032, 20.52032 ], [ -100.43871, 20.51914 ], [ -100.43702, 20.52129 ], [ -100.43861, 20.52244 ], [ -100.43673, 20.52472 ], [ -100.43595, 20.52424 ], [ -100.43555, 20.52401 ], [ -100.43357, 20.52195 ], [ -100.43311, 20.52146 ], [ -100.43247, 20.52069 ], [ -100.43198, 20.52002 ], [ -100.43194, 20.52005 ], [ -100.43296, 20.52138 ], [ -100.43318, 20.52167 ], [ -100.43452, 20.52308 ], [ -100.43541, 20.52399 ], [ -100.43642, 20.5247 ], [ -100.43797, 20.5255 ], [ -100.43893, 20.52592 ], [ -100.43967, 20.5263 ], [ -100.44052, 20.5269 ], [ -100.44069, 20.52725 ], [ -100.44121, 20.5297 ] ] } },
{ "type": "Feature", "properties": { "city": "Querétaro", "route_name": "123_Ejido Modelo - El Colorado", "route_name_short": "Ejido Modelo - El Colorado", "type": "Bus", "shape_id": "shape_2468" }, "geometry": { "type": "LineString", "coordinates": [ [ -100.26714, 20.55579 ], [ -100.26549, 20.55592 ], [ -100.26558, 20.55694 ], [ -100.26539, 20.55725 ], [ -100.26503, 20.55769 ], [ -100.26312, 20.56015 ], [ -100.25913, 20.55881 ], [ -100.25986, 20.55681 ], [ -100.26001, 20.55653 ], [ -100.26023, 20.55652 ], [ -100.26105, 20.55673 ], [ -100.26165, 20.55685 ], [ -100.2618, 20.55694 ], [ -100.2618, 20.55711 ], [ -100.26158, 20.55772 ], [ -100.26093, 20.55945 ], [ -100.26312, 20.56019 ], [ -100.2623, 20.56093 ], [ -100.2619, 20.56136 ], [ -100.26143, 20.56207 ], [ -100.26007, 20.56424 ], [ -100.25972, 20.56465 ], [ -100.25793, 20.56615 ], [ -100.25767, 20.56643 ], [ -100.25755, 20.56675 ], [ -100.25748, 20.56808 ], [ -100.25745, 20.56902 ], [ -100.25737, 20.56927 ], [ -100.25722, 20.56942 ], [ -100.25694, 20.5694 ], [ -100.25645, 20.56913 ], [ -100.25605, 20.56887 ], [ -100.2541, 20.5678 ], [ -100.25423, 20.56517 ], [ -100.25426, 20.56491 ], [ -100.25527, 20.56392 ], [ -100.25574, 20.56342 ], [ -100.25564, 20.56335 ], [ -100.25453, 20.56353 ], [ -100.25433, 20.5636 ], [ -100.25424, 20.56382 ], [ -100.25418, 20.56534 ], [ -100.25407, 20.56764 ], [ -100.25402, 20.56784 ], [ -100.25349, 20.56873 ], [ -100.25331, 20.56897 ], [ -100.25309, 20.56904 ], [ -100.25256, 20.56883 ], [ -100.25204, 20.56863 ], [ -100.25098, 20.56803 ], [ -100.24819, 20.5665 ], [ -100.24664, 20.56563 ], [ -100.24627, 20.5653 ], [ -100.24576, 20.56498 ], [ -100.2453, 20.56472 ], [ -100.24497, 20.56526 ], [ -100.24692, 20.5662 ], [ -100.24724, 20.56624 ], [ -100.24775, 20.56652 ], [ -100.2507, 20.56813 ], [ -100.25201, 20.56891 ], [ -100.25266, 20.56924 ], [ -100.255, 20.57051 ], [ -100.25639, 20.5713 ], [ -100.25742, 20.57179 ], [ -100.25765, 20.57194 ], [ -100.25797, 20.57212 ], [ -100.25824, 20.57258 ], [ -100.25855, 20.57309 ], [ -100.25866, 20.57339 ], [ -100.25864, 20.57371 ], [ -100.2586, 20.57391 ], [ -100.25757, 20.57555 ], [ -100.25651, 20.57718 ], [ -100.25614, 20.57778 ], [ -100.25626, 20.57776 ], [ -100.25704, 20.57655 ], [ -100.25827, 20.57462 ], [ -100.25879, 20.57377 ], [ -100.25903, 20.57344 ], [ -100.25942, 20.57312 ], [ -100.25966, 20.57307 ], [ -100.25993, 20.57296 ], [ -100.26026, 20.57292 ], [ -100.26044, 20.57259 ], [ -100.26076, 20.57224 ], [ -100.26098, 20.57213 ], [ -100.26152, 20.57196 ], [ -100.27103, 20.57168 ], [ -100.28169, 20.57146 ], [ -100.28681, 20.57136 ], [ -100.29339, 20.57118 ], [ -100.29658, 20.57062 ], [ -100.29735, 20.57048 ], [ -100.2982, 20.57042 ], [ -100.29956, 20.57014 ], [ -100.30128, 20.56995 ], [ -100.30922, 20.57001 ], [ -100.31126, 20.57039 ], [ -100.3132, 20.57084 ], [ -100.31549, 20.57135 ], [ -100.31745, 20.57201 ], [ -100.31825, 20.57217 ], [ -100.31933, 20.57227 ], [ -100.32046, 20.57256 ], [ -100.32296, 20.57335 ], [ -100.32621, 20.57448 ], [ -100.3291, 20.57568 ], [ -100.32987, 20.57597 ], [ -100.33101, 20.57621 ], [ -100.33165, 20.57631 ], [ -100.33243, 20.57635 ], [ -100.33264, 20.57634 ], [ -100.33283, 20.57614 ], [ -100.33294, 20.57599 ], [ -100.33315, 20.57589 ], [ -100.33344, 20.57591 ], [ -100.33473, 20.57583 ], [ -100.33556, 20.57589 ], [ -100.33589, 20.5761 ], [ -100.33728, 20.57757 ], [ -100.33769, 20.57786 ], [ -100.33938, 20.57836 ], [ -100.33968, 20.57852 ], [ -100.33997, 20.57874 ], [ -100.34195, 20.58064 ], [ -100.34262, 20.58147 ], [ -100.34282, 20.582 ], [ -100.34279, 20.58272 ], [ -100.34203, 20.5847 ], [ -100.34094, 20.58697 ], [ -100.34079, 20.58749 ], [ -100.34071, 20.58787 ], [ -100.34073, 20.58822 ], [ -100.34084, 20.58865 ], [ -100.34123, 20.58899 ], [ -100.34174, 20.58916 ], [ -100.34223, 20.58919 ], [ -100.34266, 20.58918 ], [ -100.3434, 20.58915 ], [ -100.34676, 20.5886 ], [ -100.34864, 20.58832 ], [ -100.34919, 20.58848 ], [ -100.35048, 20.58912 ], [ -100.3509, 20.58928 ], [ -100.3514, 20.5894 ], [ -100.35187, 20.58941 ], [ -100.35236, 20.5893 ], [ -100.35588, 20.58826 ], [ -100.35659, 20.58843 ], [ -100.35765, 20.58891 ], [ -100.35845, 20.58931 ], [ -100.35936, 20.58968 ], [ -100.3599, 20.58978 ], [ -100.36027, 20.58977 ], [ -100.3607, 20.58969 ], [ -100.36133, 20.58946 ], [ -100.36177, 20.58931 ], [ -100.3635, 20.58875 ], [ -100.36427, 20.5886 ], [ -100.36577, 20.58846 ], [ -100.36684, 20.58848 ], [ -100.36795, 20.58837 ], [ -100.36932, 20.58814 ], [ -100.3741, 20.58729 ], [ -100.37512, 20.58713 ], [ -100.3764, 20.58818 ], [ -100.37641, 20.58846 ], [ -100.37641, 20.58955 ], [ -100.37644, 20.58987 ], [ -100.37657, 20.59075 ], [ -100.37681, 20.59121 ], [ -100.37709, 20.59159 ], [ -100.37755, 20.59204 ], [ -100.37816, 20.59256 ], [ -100.37877, 20.59212 ], [ -100.37907, 20.59192 ], [ -100.37956, 20.59169 ], [ -100.37992, 20.59159 ], [ -100.38067, 20.59153 ], [ -100.38128, 20.59151 ], [ -100.38179, 20.59147 ], [ -100.38213, 20.59145 ], [ -100.38236, 20.59153 ], [ -100.38257, 20.59152 ], [ -100.38273, 20.59139 ], [ -100.3832, 20.59131 ], [ -100.38409, 20.59104 ], [ -100.38606, 20.59035 ], [ -100.39007, 20.58894 ], [ -100.39236, 20.58817 ], [ -100.39531, 20.58722 ], [ -100.39679, 20.58671 ], [ -100.39981, 20.58564 ], [ -100.4024, 20.58476 ], [ -100.40332, 20.58431 ], [ -100.40366, 20.5842 ], [ -100.40415, 20.58424 ], [ -100.40457, 20.58432 ], [ -100.40483, 20.58429 ], [ -100.40514, 20.58417 ], [ -100.40539, 20.58403 ], [ -100.40559, 20.58378 ], [ -100.40683, 20.58212 ], [ -100.40711, 20.58187 ], [ -100.40877, 20.58104 ], [ -100.40958, 20.58082 ], [ -100.41053, 20.58247 ], [ -100.41154, 20.58422 ], [ -100.41182, 20.58472 ], [ -100.41261, 20.58458 ], [ -100.41321, 20.58439 ], [ -100.41393, 20.58412 ], [ -100.41451, 20.5839 ], [ -100.41567, 20.58342 ], [ -100.41764, 20.58288 ], [ -100.41874, 20.58269 ], [ -100.4225, 20.58203 ], [ -100.42242, 20.58181 ], [ -100.42246, 20.58168 ], [ -100.42253, 20.58158 ], [ -100.42243, 20.58108 ], [ -100.42237, 20.58113 ], [ -100.42248, 20.58157 ], [ -100.42237, 20.58168 ], [ -100.42239, 20.58183 ], [ -100.42243, 20.58201 ], [ -100.42006, 20.58242 ], [ -100.41797, 20.58277 ], [ -100.41727, 20.58293 ], [ -100.41587, 20.58333 ], [ -100.4154, 20.58346 ], [ -100.41438, 20.58389 ], [ -100.41313, 20.58438 ], [ -100.41254, 20.58455 ], [ -100.41199, 20.58464 ], [ -100.41166, 20.58407 ], [ -100.41066, 20.58231 ], [ -100.4097, 20.5806 ], [ -100.40893, 20.58075 ], [ -100.40734, 20.5815 ], [ -100.40683, 20.58176 ], [ -100.40643, 20.58226 ], [ -100.40542, 20.58366 ], [ -100.40526, 20.58385 ], [ -100.40504, 20.584 ], [ -100.40471, 20.58414 ], [ -100.40435, 20.58409 ], [ -100.40401, 20.58402 ], [ -100.40355, 20.58402 ], [ -100.40301, 20.58418 ], [ -100.40225, 20.58464 ], [ -100.39671, 20.58653 ], [ -100.39572, 20.58687 ], [ -100.39344, 20.58762 ], [ -100.39009, 20.58877 ], [ -100.38697, 20.58987 ], [ -100.384, 20.58207 ], [ -100.38224, 20.57743 ], [ -100.38243, 20.57708 ], [ -100.38262, 20.57704 ], [ -100.38278, 20.57715 ], [ -100.38283, 20.57733 ], [ -100.38272, 20.57753 ], [ -100.37852, 20.57838 ], [ -100.3744, 20.57919 ], [ -100.37079, 20.57991 ], [ -100.36909, 20.58028 ], [ -100.36716, 20.58082 ], [ -100.3617, 20.58196 ], [ -100.35791, 20.58276 ], [ -100.35656, 20.58334 ], [ -100.35577, 20.5841 ], [ -100.35544, 20.58477 ], [ -100.3552, 20.58542 ], [ -100.35488, 20.58604 ], [ -100.35439, 20.58666 ], [ -100.35347, 20.58734 ], [ -100.35261, 20.58774 ], [ -100.35208, 20.58788 ], [ -100.3515, 20.58792 ], [ -100.35098, 20.58795 ], [ -100.34911, 20.58758 ], [ -100.34866, 20.58751 ], [ -100.34617, 20.58736 ], [ -100.34554, 20.58717 ], [ -100.34495, 20.58689 ], [ -100.34452, 20.58657 ], [ -100.3442, 20.58627 ], [ -100.34373, 20.5857 ], [ -100.34349, 20.58521 ], [ -100.34336, 20.58474 ], [ -100.34328, 20.58387 ], [ -100.34338, 20.58244 ], [ -100.34339, 20.5817 ], [ -100.3433, 20.58115 ], [ -100.34312, 20.58054 ], [ -100.3429, 20.58011 ], [ -100.34257, 20.57964 ], [ -100.34141, 20.57857 ], [ -100.3403, 20.57788 ], [ -100.34023, 20.57763 ], [ -100.33648, 20.57536 ], [ -100.33594, 20.57523 ], [ -100.33518, 20.5749 ], [ -100.33434, 20.57472 ], [ -100.33361, 20.57458 ], [ -100.33217, 20.5745 ], [ -100.33106, 20.5743 ], [ -100.33056, 20.57421 ], [ -100.32983, 20.57409 ], [ -100.32982, 20.5742 ], [ -100.3284, 20.57386 ], [ -100.32714, 20.57345 ], [ -100.32526, 20.57296 ], [ -100.32456, 20.57279 ], [ -100.32415, 20.57279 ], [ -100.32395, 20.57285 ], [ -100.32305, 20.57267 ], [ -100.3218, 20.57236 ], [ -100.32097, 20.57205 ], [ -100.31836, 20.57124 ], [ -100.31774, 20.57113 ], [ -100.3168, 20.57097 ], [ -100.31562, 20.57088 ], [ -100.3153, 20.57072 ], [ -100.31448, 20.57043 ], [ -100.3108, 20.56958 ], [ -100.30948, 20.56939 ], [ -100.30885, 20.56933 ], [ -100.30736, 20.56934 ], [ -100.30634, 20.56946 ], [ -100.30486, 20.56947 ], [ -100.30426, 20.56938 ], [ -100.30298, 20.56936 ], [ -100.29995, 20.56934 ], [ -100.29935, 20.56951 ], [ -100.29807, 20.56971 ], [ -100.29413, 20.57082 ], [ -100.29348, 20.57094 ], [ -100.2929, 20.57099 ], [ -100.28933, 20.57106 ], [ -100.28568, 20.57116 ], [ -100.2847, 20.5712 ], [ -100.28438, 20.57113 ], [ -100.28209, 20.57116 ], [ -100.27966, 20.57123 ], [ -100.27896, 20.57134 ], [ -100.27711, 20.57137 ], [ -100.27435, 20.57142 ], [ -100.27157, 20.57149 ], [ -100.26908, 20.57153 ], [ -100.26616, 20.57161 ], [ -100.26361, 20.57168 ], [ -100.26167, 20.5717 ], [ -100.26118, 20.57162 ], [ -100.26084, 20.57143 ], [ -100.26058, 20.57111 ], [ -100.26049, 20.57064 ], [ -100.26062, 20.57025 ], [ -100.26086, 20.56992 ], [ -100.26128, 20.56953 ], [ -100.26196, 20.56914 ], [ -100.26354, 20.56836 ], [ -100.26592, 20.56726 ], [ -100.26666, 20.56687 ], [ -100.26715, 20.56649 ], [ -100.26757, 20.56593 ], [ -100.26783, 20.56525 ], [ -100.26786, 20.56466 ], [ -100.26763, 20.56139 ], [ -100.26749, 20.55961 ], [ -100.26717, 20.5558 ] ] } },
{ "type": "Feature", "properties": { "city": "Querétaro", "route_name": "130_Circuito Centro Educativo", "route_name_short": "Circuito Centro Educativo", "type": "Bus", "shape_id": "shape_2493" }, "geometry": { "type": "LineString", "coordinates": [ [ -100.4646, 20.62924 ], [ -100.46664, 20.63178 ], [ -100.46301, 20.63304 ], [ -100.45763, 20.63491 ], [ -100.45422, 20.63613 ], [ -100.44905, 20.63794 ], [ -100.4458, 20.63902 ], [ -100.44204, 20.64048 ], [ -100.44065, 20.641 ], [ -100.44043, 20.64063 ], [ -100.44016, 20.64029 ], [ -100.43972, 20.64006 ], [ -100.43904, 20.63982 ], [ -100.43851, 20.63959 ], [ -100.43809, 20.63924 ], [ -100.43793, 20.639 ], [ -100.43771, 20.63896 ], [ -100.43752, 20.639 ], [ -100.43723, 20.63934 ], [ -100.43679, 20.63961 ], [ -100.43614, 20.63992 ], [ -100.43589, 20.64006 ], [ -100.43539, 20.64031 ], [ -100.4351, 20.64065 ], [ -100.43488, 20.64102 ], [ -100.43477, 20.64141 ], [ -100.43464, 20.64149 ], [ -100.43446, 20.64147 ], [ -100.43425, 20.64123 ], [ -100.43399, 20.64103 ], [ -100.43372, 20.64099 ], [ -100.43262, 20.64066 ], [ -100.43188, 20.64045 ], [ -100.43154, 20.64041 ], [ -100.43128, 20.64045 ], [ -100.43096, 20.64067 ], [ -100.43038, 20.64133 ], [ -100.43027, 20.64153 ], [ -100.43031, 20.64192 ], [ -100.43037, 20.64223 ], [ -100.43016, 20.64265 ], [ -100.42965, 20.64297 ], [ -100.42903, 20.64316 ], [ -100.42858, 20.64337 ], [ -100.42814, 20.64369 ], [ -100.42776, 20.64419 ], [ -100.42752, 20.64471 ], [ -100.42731, 20.6455 ], [ -100.42699, 20.64667 ], [ -100.42686, 20.6475 ], [ -100.42666, 20.6483 ], [ -100.42634, 20.64864 ], [ -100.42598, 20.64881 ], [ -100.42558, 20.64888 ], [ -100.42497, 20.64884 ], [ -100.42472, 20.6487 ], [ -100.42448, 20.64848 ], [ -100.42442, 20.64827 ], [ -100.42444, 20.64795 ], [ -100.42454, 20.64769 ], [ -100.42483, 20.6474 ], [ -100.42534, 20.64688 ], [ -100.42556, 20.64651 ], [ -100.42571, 20.64626 ], [ -100.4258, 20.64546 ], [ -100.42592, 20.64441 ], [ -100.4259, 20.64396 ], [ -100.42576, 20.64292 ], [ -100.42566, 20.6426 ], [ -100.42542, 20.6423 ], [ -100.42504, 20.64212 ], [ -100.42421, 20.642 ], [ -100.42222, 20.64168 ], [ -100.42155, 20.64159 ], [ -100.421, 20.64159 ], [ -100.42, 20.64169 ], [ -100.4185, 20.64189 ], [ -100.4162, 20.64222 ], [ -100.4155, 20.64228 ], [ -100.41599, 20.64437 ], [ -100.41616, 20.64533 ], [ -100.41614, 20.64625 ], [ -100.41598, 20.64907 ], [ -100.41592, 20.65005 ], [ -100.4158, 20.65045 ], [ -100.41556, 20.65077 ], [ -100.41504, 20.651 ], [ -100.41305, 20.65158 ], [ -100.41129, 20.65208 ], [ -100.41112, 20.65217 ], [ -100.4104, 20.65276 ], [ -100.40959, 20.65338 ], [ -100.40923, 20.6536 ], [ -100.4089, 20.65373 ], [ -100.4082, 20.65365 ], [ -100.40748, 20.65352 ], [ -100.40402, 20.65298 ], [ -100.40362, 20.65293 ], [ -100.40324, 20.65499 ], [ -100.40315, 20.65552 ], [ -100.40087, 20.65515 ], [ -100.40054, 20.65511 ], [ -100.40014, 20.6551 ], [ -100.39892, 20.65486 ], [ -100.39593, 20.65438 ], [ -100.39351, 20.65399 ], [ -100.3932, 20.65601 ], [ -100.39294, 20.65747 ], [ -100.39066, 20.65733 ], [ -100.38935, 20.65723 ], [ -100.38922, 20.65719 ], [ -100.3892, 20.65708 ], [ -100.38941, 20.65583 ], [ -100.38967, 20.65438 ], [ -100.38979, 20.65381 ], [ -100.39144, 20.65406 ], [ -100.39192, 20.65411 ], [ -100.39221, 20.6542 ], [ -100.39242, 20.65417 ], [ -100.39314, 20.65396 ], [ -100.39337, 20.65402 ], [ -100.3946, 20.65421 ], [ -100.39754, 20.65468 ], [ -100.40134, 20.65532 ], [ -100.40327, 20.65565 ], [ -100.40392, 20.65185 ], [ -100.40436, 20.64949 ], [ -100.40461, 20.64805 ], [ -100.40507, 20.64556 ], [ -100.40542, 20.64351 ], [ -100.40557, 20.64267 ], [ -100.40563, 20.64204 ], [ -100.40577, 20.64023 ], [ -100.40601, 20.63773 ], [ -100.40618, 20.63575 ], [ -100.40621, 20.63523 ], [ -100.40613, 20.63483 ], [ -100.40592, 20.6341 ], [ -100.40585, 20.63372 ], [ -100.4058, 20.63336 ], [ -100.40586, 20.63304 ], [ -100.40614, 20.63194 ], [ -100.40661, 20.63028 ], [ -100.40671, 20.62996 ], [ -100.40673, 20.62962 ], [ -100.40671, 20.62918 ], [ -100.40654, 20.62801 ], [ -100.40901, 20.62775 ], [ -100.41275, 20.62734 ], [ -100.41251, 20.62557 ], [ -100.41238, 20.6249 ], [ -100.41194, 20.62359 ], [ -100.41143, 20.62232 ], [ -100.41113, 20.62145 ], [ -100.41094, 20.62094 ], [ -100.41068, 20.62056 ], [ -100.41054, 20.62023 ], [ -100.41047, 20.6197 ], [ -100.41038, 20.61893 ], [ -100.41021, 20.61729 ], [ -100.41008, 20.61595 ], [ -100.41, 20.61505 ], [ -100.4099, 20.61437 ], [ -100.40988, 20.61333 ], [ -100.40978, 20.61232 ], [ -100.40976, 20.61196 ], [ -100.40959, 20.61155 ], [ -100.40922, 20.61126 ], [ -100.40869, 20.61106 ], [ -100.40763, 20.61073 ], [ -100.40644, 20.61047 ], [ -100.40617, 20.61033 ], [ -100.40604, 20.61018 ], [ -100.4058, 20.61008 ], [ -100.40565, 20.61013 ], [ -100.40485, 20.61082 ], [ -100.40424, 20.6114 ], [ -100.40338, 20.61191 ], [ -100.40219, 20.61246 ], [ -100.4012, 20.61277 ], [ -100.40029, 20.61289 ], [ -100.39983, 20.613 ], [ -100.39954, 20.61058 ], [ -100.39937, 20.60959 ], [ -100.39941, 20.60868 ], [ -100.39946, 20.60573 ], [ -100.39946, 20.60321 ], [ -100.39952, 20.60269 ], [ -100.39947, 20.60233 ], [ -100.39912, 20.60111 ], [ -100.39918, 20.601 ], [ -100.39946, 20.60093 ], [ -100.4004, 20.60088 ], [ -100.40056, 20.60082 ], [ -100.40058, 20.60029 ], [ -100.40055, 20.59999 ], [ -100.40037, 20.59915 ], [ -100.39995, 20.59777 ], [ -100.39951, 20.59627 ], [ -100.39887, 20.59407 ], [ -100.39789, 20.59109 ], [ -100.39694, 20.58801 ], [ -100.39656, 20.58676 ], [ -100.399, 20.58593 ], [ -100.40186, 20.58495 ], [ -100.40211, 20.58505 ], [ -100.40234, 20.58517 ], [ -100.403, 20.58658 ], [ -100.40453, 20.58979 ], [ -100.40486, 20.59053 ], [ -100.40721, 20.58962 ], [ -100.40778, 20.58952 ], [ -100.40857, 20.58936 ], [ -100.40901, 20.58928 ], [ -100.40963, 20.58929 ], [ -100.41006, 20.5893 ], [ -100.41144, 20.58947 ], [ -100.41295, 20.58971 ], [ -100.41326, 20.58981 ], [ -100.41395, 20.59217 ], [ -100.4145, 20.59398 ], [ -100.41556, 20.59787 ], [ -100.4171, 20.60327 ], [ -100.41799, 20.60639 ], [ -100.41891, 20.60957 ], [ -100.41961, 20.61213 ], [ -100.42026, 20.61449 ], [ -100.42085, 20.61644 ], [ -100.42177, 20.61981 ], [ -100.42238, 20.62186 ], [ -100.42259, 20.62254 ], [ -100.4225, 20.62273 ], [ -100.42238, 20.62287 ], [ -100.4222, 20.62296 ], [ -100.42193, 20.6229 ], [ -100.42179, 20.62276 ], [ -100.42172, 20.62257 ], [ -100.42178, 20.62229 ], [ -100.42196, 20.62219 ], [ -100.42224, 20.62212 ], [ -100.42367, 20.62237 ], [ -100.42378, 20.62252 ], [ -100.42383, 20.62273 ], [ -100.4237, 20.62291 ], [ -100.42353, 20.62299 ], [ -100.42338, 20.62298 ], [ -100.42313, 20.62281 ], [ -100.423, 20.62264 ], [ -100.42284, 20.62237 ], [ -100.42249, 20.6213 ], [ -100.42219, 20.62026 ], [ -100.42224, 20.6201 ], [ -100.42202, 20.61933 ], [ -100.42202, 20.61917 ], [ -100.42218, 20.61898 ], [ -100.42349, 20.61869 ], [ -100.42539, 20.61827 ], [ -100.42669, 20.61803 ], [ -100.42818, 20.61771 ], [ -100.42881, 20.61762 ], [ -100.42928, 20.61763 ], [ -100.42942, 20.61758 ], [ -100.43267, 20.61697 ], [ -100.43486, 20.61669 ], [ -100.43572, 20.61912 ], [ -100.43598, 20.61887 ], [ -100.43631, 20.61867 ], [ -100.43712, 20.61826 ], [ -100.43758, 20.61784 ], [ -100.43826, 20.61708 ], [ -100.43878, 20.6165 ], [ -100.43937, 20.61597 ], [ -100.43971, 20.61584 ], [ -100.44032, 20.61569 ], [ -100.44104, 20.61566 ], [ -100.44197, 20.61576 ], [ -100.44486, 20.61614 ], [ -100.44793, 20.61652 ], [ -100.44866, 20.61668 ], [ -100.44917, 20.61677 ], [ -100.45036, 20.6169 ], [ -100.45098, 20.61703 ], [ -100.45196, 20.61729 ], [ -100.45252, 20.61761 ], [ -100.45358, 20.61819 ], [ -100.4543, 20.61871 ], [ -100.45613, 20.62006 ], [ -100.4587, 20.622 ], [ -100.45913, 20.62243 ], [ -100.45996, 20.62346 ], [ -100.46168, 20.62569 ], [ -100.46315, 20.62753 ], [ -100.4646, 20.62926 ] ] } },
{ "type": "Feature", "properties": { "city": "Querétaro", "route_name": "131_Circuito Centro Educativo", "route_name_short": "Circuito Centro Educativo", "type": "Bus", "shape_id": "shape_2494" }, "geometry": { "type": "LineString", "coordinates": [ [ -100.46244, 20.6336 ], [ -100.46705, 20.63198 ], [ -100.467, 20.63166 ], [ -100.46674, 20.63115 ], [ -100.46453, 20.62841 ], [ -100.46038, 20.62312 ], [ -100.45923, 20.62169 ], [ -100.45842, 20.62104 ], [ -100.45606, 20.61929 ], [ -100.45345, 20.61744 ], [ -100.45282, 20.61706 ], [ -100.45221, 20.61693 ], [ -100.45067, 20.61663 ], [ -100.44944, 20.61651 ], [ -100.44866, 20.61642 ], [ -100.44601, 20.61607 ], [ -100.44351, 20.61577 ], [ -100.44179, 20.6155 ], [ -100.44113, 20.61546 ], [ -100.44048, 20.61543 ], [ -100.44001, 20.61552 ], [ -100.43818, 20.6159 ], [ -100.43642, 20.61622 ], [ -100.43498, 20.61647 ], [ -100.43192, 20.61705 ], [ -100.42933, 20.61749 ], [ -100.42881, 20.61751 ], [ -100.42806, 20.61762 ], [ -100.4232, 20.61867 ], [ -100.42226, 20.61886 ], [ -100.42195, 20.61867 ], [ -100.4218, 20.61854 ], [ -100.42157, 20.61763 ], [ -100.42059, 20.6142 ], [ -100.41942, 20.60992 ], [ -100.41831, 20.60609 ], [ -100.41735, 20.60269 ], [ -100.41621, 20.59875 ], [ -100.41534, 20.59556 ], [ -100.41455, 20.59284 ], [ -100.41355, 20.58936 ], [ -100.41314, 20.58792 ], [ -100.41271, 20.58697 ], [ -100.4125, 20.58661 ], [ -100.41224, 20.58635 ], [ -100.41215, 20.58646 ], [ -100.41208, 20.58665 ], [ -100.41218, 20.58685 ], [ -100.41266, 20.58765 ], [ -100.41285, 20.58831 ], [ -100.41322, 20.58957 ], [ -100.41302, 20.58967 ], [ -100.41282, 20.58969 ], [ -100.41228, 20.58955 ], [ -100.41166, 20.58948 ], [ -100.41119, 20.58943 ], [ -100.41026, 20.58933 ], [ -100.4097, 20.58928 ], [ -100.40901, 20.58927 ], [ -100.40851, 20.58936 ], [ -100.40739, 20.5896 ], [ -100.40608, 20.59006 ], [ -100.40484, 20.59053 ], [ -100.40583, 20.59278 ], [ -100.40702, 20.59554 ], [ -100.4061, 20.59564 ], [ -100.40491, 20.59576 ], [ -100.40363, 20.59588 ], [ -100.40309, 20.59598 ], [ -100.40234, 20.59595 ], [ -100.40178, 20.59597 ], [ -100.40133, 20.59604 ], [ -100.40087, 20.59616 ], [ -100.40033, 20.59632 ], [ -100.3999, 20.59656 ], [ -100.39895, 20.59717 ], [ -100.39844, 20.5975 ], [ -100.39861, 20.59808 ], [ -100.39875, 20.59885 ], [ -100.39889, 20.60012 ], [ -100.39892, 20.60042 ], [ -100.39911, 20.60127 ], [ -100.39942, 20.60245 ], [ -100.39946, 20.60285 ], [ -100.39943, 20.60336 ], [ -100.39944, 20.60439 ], [ -100.39944, 20.60607 ], [ -100.39941, 20.60827 ], [ -100.39941, 20.60957 ], [ -100.39945, 20.60993 ], [ -100.39973, 20.61222 ], [ -100.3998, 20.6128 ], [ -100.39985, 20.61317 ], [ -100.40088, 20.61299 ], [ -100.40134, 20.61296 ], [ -100.40192, 20.61299 ], [ -100.40213, 20.61295 ], [ -100.40309, 20.61249 ], [ -100.40387, 20.61208 ], [ -100.40448, 20.61163 ], [ -100.4051, 20.61106 ], [ -100.40541, 20.61076 ], [ -100.40563, 20.61073 ], [ -100.40595, 20.61072 ], [ -100.40721, 20.61098 ], [ -100.40842, 20.61133 ], [ -100.40906, 20.61156 ], [ -100.40938, 20.61174 ], [ -100.40956, 20.61203 ], [ -100.40962, 20.61227 ], [ -100.40969, 20.61304 ], [ -100.40976, 20.61436 ], [ -100.40994, 20.6161 ], [ -100.41032, 20.61909 ], [ -100.41044, 20.62021 ], [ -100.41066, 20.62068 ], [ -100.41094, 20.62112 ], [ -100.41107, 20.62151 ], [ -100.41139, 20.62239 ], [ -100.41199, 20.62417 ], [ -100.4123, 20.625 ], [ -100.41256, 20.6268 ], [ -100.41261, 20.62728 ], [ -100.41024, 20.62751 ], [ -100.40643, 20.62793 ], [ -100.40662, 20.62936 ], [ -100.40665, 20.62966 ], [ -100.40656, 20.63018 ], [ -100.40599, 20.63209 ], [ -100.40571, 20.63321 ], [ -100.4057, 20.63347 ], [ -100.40583, 20.63408 ], [ -100.40603, 20.63497 ], [ -100.40608, 20.63531 ], [ -100.40606, 20.63601 ], [ -100.40596, 20.63732 ], [ -100.40569, 20.64021 ], [ -100.40539, 20.64313 ], [ -100.40504, 20.64502 ], [ -100.40465, 20.64719 ], [ -100.4041, 20.65035 ], [ -100.40365, 20.6529 ], [ -100.40316, 20.6555 ], [ -100.40109, 20.6552 ], [ -100.39904, 20.65489 ], [ -100.39598, 20.65439 ], [ -100.39311, 20.65394 ], [ -100.3927, 20.65408 ], [ -100.39221, 20.65421 ], [ -100.3919, 20.65411 ], [ -100.39154, 20.65408 ], [ -100.38978, 20.65382 ], [ -100.38963, 20.65456 ], [ -100.38951, 20.65527 ], [ -100.3893, 20.65643 ], [ -100.38919, 20.65716 ], [ -100.38931, 20.65727 ], [ -100.39108, 20.65737 ], [ -100.39303, 20.65749 ], [ -100.39364, 20.65408 ], [ -100.39575, 20.65438 ], [ -100.39927, 20.65497 ], [ -100.40189, 20.65539 ], [ -100.40328, 20.65562 ], [ -100.40371, 20.65303 ], [ -100.40554, 20.65334 ], [ -100.40756, 20.65364 ], [ -100.40791, 20.65362 ], [ -100.40831, 20.65368 ], [ -100.4088, 20.65372 ], [ -100.4092, 20.65362 ], [ -100.4099, 20.65318 ], [ -100.41053, 20.65264 ], [ -100.41112, 20.65217 ], [ -100.41147, 20.65206 ], [ -100.41313, 20.65154 ], [ -100.415, 20.65101 ], [ -100.41553, 20.65077 ], [ -100.41579, 20.65067 ], [ -100.41593, 20.65042 ], [ -100.41604, 20.65009 ], [ -100.41608, 20.64909 ], [ -100.41617, 20.64794 ], [ -100.41627, 20.64563 ], [ -100.41624, 20.64501 ], [ -100.41612, 20.64449 ], [ -100.41575, 20.64291 ], [ -100.41567, 20.6424 ], [ -100.41781, 20.64215 ], [ -100.41981, 20.64187 ], [ -100.42031, 20.64186 ], [ -100.4212, 20.64189 ], [ -100.42296, 20.64212 ], [ -100.42495, 20.64243 ], [ -100.42523, 20.6426 ], [ -100.42535, 20.64285 ], [ -100.42557, 20.64376 ], [ -100.42561, 20.64443 ], [ -100.42556, 20.64576 ], [ -100.42553, 20.64622 ], [ -100.42513, 20.64686 ], [ -100.42471, 20.64727 ], [ -100.42438, 20.64772 ], [ -100.42424, 20.64799 ], [ -100.42427, 20.64831 ], [ -100.42443, 20.64866 ], [ -100.42488, 20.64891 ], [ -100.42546, 20.64901 ], [ -100.42596, 20.649 ], [ -100.42637, 20.64883 ], [ -100.4267, 20.64853 ], [ -100.42691, 20.64808 ], [ -100.427, 20.64755 ], [ -100.42717, 20.64661 ], [ -100.42739, 20.6457 ], [ -100.42762, 20.64486 ], [ -100.42784, 20.64435 ], [ -100.42815, 20.64385 ], [ -100.42875, 20.64339 ], [ -100.42922, 20.64318 ], [ -100.43023, 20.6431 ], [ -100.43263, 20.64303 ], [ -100.43449, 20.64299 ], [ -100.43489, 20.64303 ], [ -100.43511, 20.64317 ], [ -100.43526, 20.64366 ], [ -100.43554, 20.64408 ], [ -100.43603, 20.64444 ], [ -100.43653, 20.64456 ], [ -100.43688, 20.64455 ], [ -100.43738, 20.64451 ], [ -100.4387, 20.64439 ], [ -100.43924, 20.64427 ], [ -100.43965, 20.64408 ], [ -100.44004, 20.64364 ], [ -100.44025, 20.64331 ], [ -100.44058, 20.64209 ], [ -100.44073, 20.64143 ], [ -100.44079, 20.64133 ], [ -100.44408, 20.64007 ], [ -100.448, 20.63861 ], [ -100.45194, 20.63723 ], [ -100.45509, 20.63614 ], [ -100.45913, 20.63475 ], [ -100.46244, 20.63363 ] ] } },
{ "type": "Feature", "properties": { "city": "Querétaro", "route_name": "132_Azucenas - Alameda", "route_name_short": "Azucenas - Alameda", "type": "Bus", "shape_id": "shape_2495" }, "geometry": { "type": "LineString", "coordinates": [ [ -100.38576, 20.58715 ], [ -100.38878, 20.58606 ], [ -100.38896, 20.58594 ], [ -100.38891, 20.5858 ], [ -100.3861, 20.58684 ], [ -100.38566, 20.587 ], [ -100.38522, 20.58703 ], [ -100.38466, 20.58697 ], [ -100.38396, 20.58682 ], [ -100.38297, 20.58657 ], [ -100.3821, 20.58639 ], [ -100.38141, 20.58624 ], [ -100.38081, 20.58611 ], [ -100.38019, 20.58612 ], [ -100.37917, 20.58627 ], [ -100.37572, 20.58689 ], [ -100.37306, 20.58731 ], [ -100.37038, 20.58781 ], [ -100.36872, 20.58807 ], [ -100.36774, 20.58823 ], [ -100.36698, 20.58834 ], [ -100.36608, 20.58835 ], [ -100.36591, 20.58843 ], [ -100.36468, 20.58848 ], [ -100.36399, 20.58852 ], [ -100.36339, 20.58868 ], [ -100.36191, 20.58914 ], [ -100.36117, 20.58942 ], [ -100.36036, 20.58967 ], [ -100.3601, 20.58971 ], [ -100.35975, 20.58966 ], [ -100.35935, 20.58952 ], [ -100.35855, 20.58912 ], [ -100.35841, 20.58934 ], [ -100.35924, 20.58962 ], [ -100.35967, 20.58973 ], [ -100.36006, 20.58979 ], [ -100.36053, 20.58975 ], [ -100.36135, 20.58944 ], [ -100.36217, 20.58926 ], [ -100.36302, 20.58934 ], [ -100.36443, 20.58978 ], [ -100.36526, 20.59004 ], [ -100.36558, 20.59021 ], [ -100.36735, 20.59201 ], [ -100.36963, 20.59426 ], [ -100.37167, 20.59627 ], [ -100.37231, 20.59704 ], [ -100.37283, 20.59758 ], [ -100.37359, 20.59815 ], [ -100.37511, 20.59971 ], [ -100.37555, 20.60026 ], [ -100.37571, 20.60059 ], [ -100.37584, 20.60089 ], [ -100.3761, 20.60168 ], [ -100.3763, 20.60217 ], [ -100.37678, 20.60362 ], [ -100.37728, 20.60533 ], [ -100.37743, 20.60581 ], [ -100.37778, 20.60663 ], [ -100.37832, 20.60768 ], [ -100.37882, 20.60846 ], [ -100.37964, 20.60939 ], [ -100.38142, 20.6108 ], [ -100.3838, 20.61267 ], [ -100.38589, 20.61433 ], [ -100.38674, 20.615 ], [ -100.3875, 20.61544 ], [ -100.38887, 20.61605 ], [ -100.38967, 20.61635 ], [ -100.38993, 20.61659 ], [ -100.38992, 20.61685 ], [ -100.38988, 20.61732 ], [ -100.38999, 20.61766 ], [ -100.39002, 20.618 ], [ -100.39005, 20.61836 ], [ -100.39016, 20.6184 ], [ -100.39026, 20.61832 ], [ -100.39016, 20.61809 ], [ -100.39013, 20.61718 ], [ -100.39016, 20.61681 ], [ -100.3903, 20.61674 ], [ -100.39105, 20.61664 ], [ -100.39147, 20.61674 ], [ -100.39225, 20.6168 ], [ -100.39328, 20.6168 ], [ -100.39592, 20.61691 ], [ -100.39831, 20.61699 ], [ -100.40073, 20.61705 ], [ -100.40176, 20.61705 ], [ -100.40241, 20.61714 ], [ -100.40337, 20.61734 ], [ -100.40611, 20.61823 ], [ -100.40872, 20.61905 ], [ -100.4108, 20.6197 ], [ -100.41156, 20.61993 ], [ -100.41216, 20.62006 ], [ -100.41382, 20.62058 ], [ -100.41508, 20.62095 ], [ -100.41576, 20.62112 ], [ -100.41644, 20.62125 ], [ -100.4184, 20.62158 ], [ -100.42026, 20.62183 ], [ -100.42217, 20.62211 ], [ -100.42362, 20.62231 ], [ -100.42375, 20.62246 ], [ -100.42381, 20.62264 ], [ -100.42376, 20.62286 ], [ -100.42357, 20.62295 ], [ -100.42341, 20.62299 ], [ -100.42329, 20.62295 ], [ -100.42309, 20.6227 ], [ -100.42291, 20.62251 ], [ -100.4226, 20.62173 ], [ -100.42223, 20.62035 ], [ -100.42223, 20.62009 ], [ -100.42201, 20.61918 ], [ -100.42215, 20.61897 ], [ -100.42296, 20.61881 ], [ -100.4267, 20.61801 ], [ -100.4286, 20.61759 ], [ -100.42924, 20.6176 ], [ -100.4294, 20.61783 ], [ -100.43059, 20.62094 ], [ -100.43162, 20.62347 ], [ -100.43296, 20.62691 ], [ -100.4344, 20.63055 ], [ -100.43504, 20.63211 ], [ -100.43567, 20.63368 ], [ -100.43613, 20.63483 ], [ -100.43818, 20.63389 ], [ -100.44084, 20.63266 ], [ -100.44249, 20.6319 ], [ -100.44279, 20.6318 ], [ -100.4429, 20.63176 ], [ -100.44301, 20.63213 ], [ -100.44326, 20.63278 ], [ -100.44345, 20.63341 ], [ -100.44359, 20.63396 ], [ -100.44358, 20.63473 ], [ -100.44358, 20.63489 ], [ -100.44374, 20.635 ], [ -100.44393, 20.63525 ], [ -100.44416, 20.63542 ], [ -100.44444, 20.63556 ], [ -100.44479, 20.63563 ], [ -100.44526, 20.63566 ], [ -100.44588, 20.63542 ], [ -100.44945, 20.63418 ], [ -100.45049, 20.63382 ], [ -100.4516, 20.63673 ], [ -100.45181, 20.63729 ], [ -100.45405, 20.63651 ], [ -100.45964, 20.63456 ], [ -100.46365, 20.63318 ], [ -100.46671, 20.63209 ], [ -100.46847, 20.63147 ], [ -100.47107, 20.6306 ], [ -100.47407, 20.62953 ], [ -100.47455, 20.62938 ], [ -100.47453, 20.62913 ], [ -100.47447, 20.62906 ], [ -100.47095, 20.63027 ], [ -100.4668, 20.63172 ], [ -100.46244, 20.63324 ], [ -100.45822, 20.63472 ], [ -100.45442, 20.63603 ], [ -100.45183, 20.63693 ], [ -100.45106, 20.635 ], [ -100.45063, 20.63398 ], [ -100.45058, 20.6337 ], [ -100.45038, 20.6338 ], [ -100.44962, 20.63404 ], [ -100.44841, 20.6344 ], [ -100.44662, 20.63504 ], [ -100.44536, 20.63547 ], [ -100.44515, 20.6356 ], [ -100.44481, 20.63558 ], [ -100.44453, 20.63553 ], [ -100.44424, 20.63541 ], [ -100.44402, 20.63526 ], [ -100.44389, 20.63513 ], [ -100.44374, 20.63493 ], [ -100.44364, 20.63486 ], [ -100.44364, 20.63446 ], [ -100.44364, 20.63405 ], [ -100.44361, 20.63382 ], [ -100.44354, 20.63353 ], [ -100.44335, 20.63295 ], [ -100.44322, 20.63257 ], [ -100.44304, 20.63206 ], [ -100.44296, 20.63169 ], [ -100.44282, 20.63173 ], [ -100.4425, 20.63184 ], [ -100.44142, 20.63233 ], [ -100.43976, 20.63309 ], [ -100.43628, 20.63472 ], [ -100.43313, 20.63619 ], [ -100.43001, 20.63764 ], [ -100.42973, 20.63772 ], [ -100.42953, 20.63762 ], [ -100.42927, 20.63714 ], [ -100.42812, 20.63474 ], [ -100.42724, 20.63293 ], [ -100.42663, 20.63135 ], [ -100.42592, 20.62954 ], [ -100.42532, 20.62816 ], [ -100.42505, 20.62774 ], [ -100.42476, 20.62695 ], [ -100.42365, 20.62426 ], [ -100.42266, 20.62189 ], [ -100.42276, 20.62181 ], [ -100.42282, 20.62155 ], [ -100.42302, 20.62147 ], [ -100.4232, 20.62145 ], [ -100.42336, 20.62152 ], [ -100.42345, 20.62163 ], [ -100.42347, 20.62182 ], [ -100.42331, 20.62207 ], [ -100.42319, 20.62214 ], [ -100.42169, 20.62193 ], [ -100.42027, 20.62165 ], [ -100.41958, 20.6215 ], [ -100.4187, 20.62128 ], [ -100.41697, 20.62099 ], [ -100.416, 20.62087 ], [ -100.41533, 20.62069 ], [ -100.41429, 20.62041 ], [ -100.41367, 20.62013 ], [ -100.41276, 20.61986 ], [ -100.41103, 20.61931 ], [ -100.41038, 20.61915 ], [ -100.40943, 20.61883 ], [ -100.40818, 20.61845 ], [ -100.40557, 20.61764 ], [ -100.40385, 20.61712 ], [ -100.4034, 20.617 ], [ -100.40267, 20.61684 ], [ -100.40175, 20.61671 ], [ -100.40055, 20.6167 ], [ -100.39902, 20.61658 ], [ -100.39871, 20.6165 ], [ -100.39714, 20.61647 ], [ -100.39558, 20.61642 ], [ -100.39399, 20.61638 ], [ -100.39287, 20.61633 ], [ -100.3919, 20.61628 ], [ -100.39144, 20.61622 ], [ -100.39079, 20.61611 ], [ -100.39053, 20.61601 ], [ -100.39039, 20.61581 ], [ -100.39027, 20.61546 ], [ -100.39019, 20.61488 ], [ -100.38997, 20.61396 ], [ -100.38977, 20.61326 ], [ -100.3895, 20.61229 ], [ -100.38921, 20.61156 ], [ -100.38861, 20.6103 ], [ -100.38847, 20.6101 ], [ -100.38825, 20.61003 ], [ -100.38786, 20.61013 ], [ -100.38754, 20.61023 ], [ -100.38726, 20.61019 ], [ -100.38701, 20.61 ], [ -100.3869, 20.60974 ], [ -100.38644, 20.60864 ], [ -100.38641, 20.6083 ], [ -100.38645, 20.60795 ], [ -100.38667, 20.60763 ], [ -100.38697, 20.60734 ], [ -100.38998, 20.60512 ], [ -100.39316, 20.60278 ], [ -100.3935, 20.60247 ], [ -100.39375, 20.60212 ], [ -100.39397, 20.60163 ], [ -100.39397, 20.60106 ], [ -100.3939, 20.59943 ], [ -100.39389, 20.59896 ], [ -100.39398, 20.59884 ], [ -100.394, 20.59871 ], [ -100.39392, 20.59857 ], [ -100.3938, 20.59853 ], [ -100.39367, 20.59862 ], [ -100.39333, 20.59858 ], [ -100.39163, 20.59834 ], [ -100.39096, 20.59829 ], [ -100.39047, 20.59832 ], [ -100.38946, 20.5984 ], [ -100.3891, 20.59849 ], [ -100.38861, 20.59893 ], [ -100.38814, 20.59944 ], [ -100.38778, 20.59961 ], [ -100.38734, 20.59976 ], [ -100.38684, 20.59996 ], [ -100.38552, 20.60051 ], [ -100.38478, 20.60077 ], [ -100.38411, 20.60097 ], [ -100.38365, 20.60108 ], [ -100.38323, 20.60107 ], [ -100.3827, 20.60098 ], [ -100.38169, 20.60069 ], [ -100.38123, 20.60063 ], [ -100.38053, 20.60066 ], [ -100.38007, 20.60062 ], [ -100.37878, 20.60031 ], [ -100.37828, 20.60031 ], [ -100.37765, 20.60022 ], [ -100.37712, 20.60014 ], [ -100.37649, 20.60013 ], [ -100.37594, 20.60018 ], [ -100.37542, 20.59945 ], [ -100.37519, 20.59919 ], [ -100.37377, 20.59776 ], [ -100.37297, 20.59699 ], [ -100.37244, 20.59632 ], [ -100.37163, 20.59552 ], [ -100.37073, 20.59475 ], [ -100.36919, 20.59322 ], [ -100.36705, 20.59117 ], [ -100.36571, 20.5898 ], [ -100.36513, 20.58919 ], [ -100.36513, 20.58897 ], [ -100.36527, 20.58874 ], [ -100.36548, 20.58858 ], [ -100.36592, 20.5885 ], [ -100.36719, 20.58845 ], [ -100.36779, 20.5884 ], [ -100.36882, 20.58822 ], [ -100.37063, 20.58793 ], [ -100.37334, 20.58745 ], [ -100.37495, 20.58716 ], [ -100.37646, 20.58694 ], [ -100.37774, 20.5867 ], [ -100.37956, 20.58641 ], [ -100.38033, 20.58634 ], [ -100.38065, 20.58629 ], [ -100.3811, 20.58635 ], [ -100.38163, 20.58644 ], [ -100.3835, 20.58691 ], [ -100.38459, 20.58715 ], [ -100.38491, 20.5872 ], [ -100.38524, 20.58721 ], [ -100.38576, 20.58715 ] ] } },
{ "type": "Feature", "properties": { "city": "Querétaro", "route_name": "133_La Pradera - Plaza Sendero", "route_name_short": "La Pradera - Plaza Sendero", "type": "Bus", "shape_id": "shape_2469" }, "geometry": { "type": "LineString", "coordinates": [ [ -100.41514, 20.59508 ], [ -100.415, 20.59507 ], [ -100.41483, 20.59523 ], [ -100.41502, 20.59589 ], [ -100.41567, 20.59823 ], [ -100.41657, 20.60131 ], [ -100.41824, 20.6073 ], [ -100.41999, 20.61345 ], [ -100.42087, 20.61655 ], [ -100.4217, 20.61959 ], [ -100.42148, 20.62053 ], [ -100.4213, 20.62089 ], [ -100.421, 20.62125 ], [ -100.42073, 20.62143 ], [ -100.42035, 20.62153 ], [ -100.42003, 20.62151 ], [ -100.41769, 20.62109 ], [ -100.41609, 20.62086 ], [ -100.41519, 20.62069 ], [ -100.41437, 20.62047 ], [ -100.41334, 20.62001 ], [ -100.41069, 20.6192 ], [ -100.41052, 20.61905 ], [ -100.41024, 20.61705 ], [ -100.40996, 20.61498 ], [ -100.40982, 20.61501 ], [ -100.41013, 20.61762 ], [ -100.41045, 20.62019 ], [ -100.41098, 20.6212 ], [ -100.41229, 20.62496 ], [ -100.41262, 20.62731 ], [ -100.40641, 20.62793 ], [ -100.40661, 20.62969 ], [ -100.40619, 20.63142 ], [ -100.40571, 20.63316 ], [ -100.40569, 20.63348 ], [ -100.40609, 20.63519 ], [ -100.4058, 20.63876 ], [ -100.40549, 20.64234 ], [ -100.40441, 20.64852 ], [ -100.39174, 20.64653 ], [ -100.39138, 20.64793 ], [ -100.39131, 20.64828 ], [ -100.3913, 20.64864 ], [ -100.39133, 20.64928 ], [ -100.39146, 20.6495 ], [ -100.39155, 20.65052 ], [ -100.39148, 20.651 ], [ -100.3913, 20.65142 ], [ -100.39094, 20.65184 ], [ -100.38929, 20.65273 ], [ -100.38862, 20.65297 ], [ -100.38808, 20.65303 ], [ -100.38636, 20.65306 ], [ -100.38336, 20.65332 ], [ -100.37863, 20.65366 ], [ -100.37753, 20.65404 ], [ -100.3769, 20.6545 ], [ -100.37647, 20.65518 ], [ -100.3745, 20.65858 ], [ -100.37448, 20.65947 ], [ -100.37462, 20.65982 ], [ -100.37481, 20.66014 ], [ -100.37518, 20.6605 ], [ -100.37524, 20.66078 ], [ -100.37513, 20.66106 ], [ -100.37494, 20.66161 ], [ -100.37469, 20.66176 ], [ -100.37451, 20.66182 ], [ -100.37322, 20.6615 ], [ -100.37254, 20.66141 ], [ -100.37158, 20.66124 ], [ -100.36859, 20.66054 ], [ -100.35921, 20.6586 ], [ -100.35703, 20.65832 ], [ -100.3567, 20.6583 ], [ -100.35536, 20.65859 ], [ -100.35054, 20.66071 ], [ -100.34991, 20.66095 ], [ -100.34888, 20.66107 ], [ -100.34816, 20.6611 ], [ -100.34701, 20.66098 ], [ -100.3454, 20.66074 ], [ -100.3448, 20.66057 ], [ -100.3442, 20.66017 ], [ -100.34377, 20.65973 ], [ -100.34343, 20.65918 ], [ -100.34327, 20.65864 ], [ -100.34324, 20.65807 ], [ -100.34336, 20.65674 ], [ -100.34357, 20.65392 ], [ -100.34379, 20.65155 ], [ -100.34396, 20.64905 ], [ -100.34388, 20.64896 ], [ -100.34372, 20.64894 ], [ -100.3436, 20.64903 ], [ -100.34356, 20.65003 ], [ -100.34345, 20.65136 ], [ -100.34328, 20.65366 ], [ -100.34288, 20.65835 ], [ -100.3427, 20.6586 ], [ -100.34251, 20.6587 ], [ -100.34224, 20.65856 ], [ -100.34205, 20.65866 ], [ -100.34059, 20.65789 ], [ -100.34031, 20.65786 ], [ -100.34034, 20.65762 ], [ -100.3391, 20.6553 ], [ -100.3392, 20.65324 ], [ -100.33851, 20.65129 ], [ -100.33843, 20.65058 ], [ -100.33835, 20.64965 ], [ -100.33798, 20.64818 ], [ -100.3372, 20.64644 ], [ -100.33731, 20.6464 ], [ -100.33837, 20.64713 ], [ -100.33892, 20.64777 ], [ -100.33946, 20.64832 ], [ -100.34037, 20.64894 ], [ -100.34049, 20.64909 ], [ -100.34067, 20.6491 ], [ -100.34127, 20.64939 ], [ -100.3418, 20.64992 ], [ -100.34173, 20.65004 ], [ -100.34172, 20.65019 ], [ -100.34181, 20.65032 ], [ -100.34201, 20.6504 ], [ -100.34221, 20.65032 ], [ -100.34232, 20.65015 ], [ -100.34224, 20.64991 ], [ -100.34207, 20.64982 ], [ -100.34187, 20.64984 ], [ -100.34135, 20.64934 ], [ -100.34074, 20.64895 ], [ -100.34067, 20.64878 ], [ -100.34057, 20.64874 ], [ -100.3405, 20.64876 ], [ -100.34036, 20.64878 ], [ -100.33973, 20.64836 ], [ -100.33921, 20.64793 ], [ -100.33849, 20.64706 ], [ -100.3373, 20.64628 ], [ -100.33713, 20.64639 ], [ -100.33793, 20.64817 ], [ -100.33823, 20.64948 ], [ -100.33836, 20.65054 ], [ -100.33847, 20.65131 ], [ -100.33915, 20.65322 ], [ -100.33905, 20.65536 ], [ -100.34032, 20.6576 ], [ -100.34028, 20.65789 ], [ -100.34062, 20.65793 ], [ -100.34199, 20.65871 ], [ -100.3421, 20.65885 ], [ -100.34222, 20.65889 ], [ -100.34239, 20.65882 ], [ -100.34246, 20.65882 ], [ -100.34266, 20.6588 ], [ -100.34279, 20.65884 ], [ -100.34286, 20.65895 ], [ -100.34322, 20.65958 ], [ -100.34387, 20.66034 ], [ -100.34419, 20.66056 ], [ -100.34459, 20.6608 ], [ -100.34496, 20.66094 ], [ -100.34553, 20.66107 ], [ -100.34826, 20.66144 ], [ -100.34889, 20.66141 ], [ -100.34957, 20.66132 ], [ -100.35101, 20.66083 ], [ -100.35503, 20.65907 ], [ -100.35552, 20.65888 ], [ -100.35625, 20.65872 ], [ -100.35702, 20.65861 ], [ -100.35804, 20.65874 ], [ -100.36787, 20.66073 ], [ -100.37137, 20.66139 ], [ -100.37263, 20.6617 ], [ -100.37547, 20.66242 ], [ -100.3756, 20.66253 ], [ -100.37565, 20.66264 ], [ -100.37561, 20.66289 ], [ -100.37548, 20.6631 ], [ -100.37647, 20.66282 ], [ -100.37712, 20.66262 ], [ -100.37729, 20.66242 ], [ -100.37735, 20.66216 ], [ -100.37735, 20.66196 ], [ -100.37717, 20.66168 ], [ -100.37683, 20.6615 ], [ -100.3754, 20.66058 ], [ -100.37509, 20.66034 ], [ -100.3748, 20.66001 ], [ -100.37463, 20.65972 ], [ -100.37453, 20.65944 ], [ -100.37452, 20.65892 ], [ -100.3746, 20.65848 ], [ -100.37656, 20.65514 ], [ -100.37675, 20.65484 ], [ -100.37705, 20.65455 ], [ -100.37742, 20.6542 ], [ -100.378, 20.65396 ], [ -100.37854, 20.65382 ], [ -100.38293, 20.65347 ], [ -100.38566, 20.65324 ], [ -100.38803, 20.6532 ], [ -100.38873, 20.65314 ], [ -100.38939, 20.65287 ], [ -100.3911, 20.65195 ], [ -100.3915, 20.65144 ], [ -100.39166, 20.65095 ], [ -100.39174, 20.65027 ], [ -100.3916, 20.64925 ], [ -100.39162, 20.64868 ], [ -100.39169, 20.64809 ], [ -100.39208, 20.64667 ], [ -100.4044, 20.64861 ], [ -100.40342, 20.65412 ], [ -100.40355, 20.65413 ], [ -100.40463, 20.64786 ], [ -100.40524, 20.6444 ], [ -100.40558, 20.64258 ], [ -100.40576, 20.64035 ], [ -100.40606, 20.63701 ], [ -100.4062, 20.63541 ], [ -100.40617, 20.63516 ], [ -100.40582, 20.63367 ], [ -100.40583, 20.63315 ], [ -100.40673, 20.62979 ], [ -100.40656, 20.62799 ], [ -100.41271, 20.62736 ], [ -100.41239, 20.6249 ], [ -100.41174, 20.62316 ], [ -100.41111, 20.6213 ], [ -100.41103, 20.62095 ], [ -100.41093, 20.62038 ], [ -100.41112, 20.62015 ], [ -100.41141, 20.61998 ], [ -100.41178, 20.61991 ], [ -100.41377, 20.62057 ], [ -100.41574, 20.62114 ], [ -100.41849, 20.62161 ], [ -100.42369, 20.62233 ], [ -100.42382, 20.62255 ], [ -100.42381, 20.62278 ], [ -100.42372, 20.62291 ], [ -100.4236, 20.62297 ], [ -100.42331, 20.62294 ], [ -100.42309, 20.62275 ], [ -100.4229, 20.62247 ], [ -100.42232, 20.62087 ], [ -100.42222, 20.62043 ], [ -100.42222, 20.62005 ], [ -100.42201, 20.61917 ], [ -100.42224, 20.61897 ], [ -100.42733, 20.61784 ], [ -100.42897, 20.61759 ], [ -100.42932, 20.6176 ], [ -100.43272, 20.617 ], [ -100.43485, 20.61664 ], [ -100.43571, 20.61916 ], [ -100.43597, 20.6189 ], [ -100.43629, 20.61868 ], [ -100.43699, 20.61829 ], [ -100.43748, 20.61796 ], [ -100.43714, 20.61756 ], [ -100.4369, 20.6172 ], [ -100.43673, 20.6162 ], [ -100.43661, 20.61532 ], [ -100.4363, 20.61455 ], [ -100.43611, 20.61395 ], [ -100.43577, 20.61219 ], [ -100.4355, 20.61143 ], [ -100.43534, 20.61098 ], [ -100.4351, 20.6105 ], [ -100.4349, 20.61017 ], [ -100.4346, 20.60951 ], [ -100.43449, 20.60917 ], [ -100.43444, 20.60884 ], [ -100.43405, 20.60802 ], [ -100.43336, 20.60713 ], [ -100.43253, 20.60634 ], [ -100.43183, 20.60574 ], [ -100.43144, 20.60548 ], [ -100.43043, 20.60501 ], [ -100.42763, 20.6027 ], [ -100.42447, 20.60267 ], [ -100.42281, 20.6028 ], [ -100.42129, 20.60306 ], [ -100.42056, 20.60295 ], [ -100.41761, 20.60367 ], [ -100.41525, 20.59545 ], [ -100.41515, 20.59506 ] ] } },
{ "type": "Feature", "properties": { "city": "Querétaro", "route_name": "134_Loma Bonita - Plaza las Américas", "route_name_short": "Loma Bonita - Plaza las Américas", "type": "Bus", "shape_id": "shape_2496" }, "geometry": { "type": "LineString", "coordinates": [ [ -100.37771, 20.58653 ], [ -100.37551, 20.58691 ], [ -100.37275, 20.58738 ], [ -100.37061, 20.58778 ], [ -100.37065, 20.58792 ], [ -100.3737, 20.58737 ], [ -100.37635, 20.58696 ], [ -100.37765, 20.58673 ], [ -100.38018, 20.58632 ], [ -100.38067, 20.5863 ], [ -100.38126, 20.58637 ], [ -100.38169, 20.58646 ], [ -100.38365, 20.58694 ], [ -100.38449, 20.58716 ], [ -100.38505, 20.58723 ], [ -100.38551, 20.58721 ], [ -100.38596, 20.58708 ], [ -100.38747, 20.58656 ], [ -100.39026, 20.58552 ], [ -100.39229, 20.58479 ], [ -100.3944, 20.58402 ], [ -100.39496, 20.58376 ], [ -100.39572, 20.58334 ], [ -100.39685, 20.58263 ], [ -100.39796, 20.58192 ], [ -100.39899, 20.58107 ], [ -100.39973, 20.58026 ], [ -100.40048, 20.57931 ], [ -100.40138, 20.57827 ], [ -100.40177, 20.57827 ], [ -100.40197, 20.57835 ], [ -100.40225, 20.57851 ], [ -100.4027, 20.57851 ], [ -100.40317, 20.57849 ], [ -100.40337, 20.57855 ], [ -100.40366, 20.57891 ], [ -100.40495, 20.58004 ], [ -100.4066, 20.58151 ], [ -100.40854, 20.58331 ], [ -100.41059, 20.58522 ], [ -100.41184, 20.58638 ], [ -100.4121, 20.58674 ], [ -100.41235, 20.5871 ], [ -100.4126, 20.58753 ], [ -100.41277, 20.58799 ], [ -100.41296, 20.58863 ], [ -100.41332, 20.58994 ], [ -100.41419, 20.59298 ], [ -100.41491, 20.59555 ], [ -100.41531, 20.5971 ], [ -100.41577, 20.59862 ], [ -100.41642, 20.60085 ], [ -100.41745, 20.60441 ], [ -100.41808, 20.60421 ], [ -100.41838, 20.60412 ], [ -100.41844, 20.60398 ], [ -100.41845, 20.6038 ], [ -100.41845, 20.60356 ], [ -100.41853, 20.60348 ], [ -100.41941, 20.60327 ], [ -100.42062, 20.60297 ], [ -100.42083, 20.603 ], [ -100.42114, 20.60306 ], [ -100.42134, 20.60307 ], [ -100.4224, 20.60289 ], [ -100.42302, 20.60279 ], [ -100.42429, 20.60273 ], [ -100.42592, 20.60271 ], [ -100.42702, 20.60272 ], [ -100.42753, 20.6027 ], [ -100.42769, 20.60277 ], [ -100.42844, 20.60339 ], [ -100.42951, 20.60433 ], [ -100.43034, 20.60498 ], [ -100.43137, 20.60548 ], [ -100.43167, 20.60568 ], [ -100.43218, 20.60608 ], [ -100.43305, 20.60685 ], [ -100.43342, 20.60725 ], [ -100.43391, 20.60793 ], [ -100.43424, 20.60844 ], [ -100.4344, 20.60886 ], [ -100.43449, 20.60916 ], [ -100.43478, 20.60997 ], [ -100.4349, 20.61027 ], [ -100.43513, 20.61065 ], [ -100.43539, 20.61122 ], [ -100.43573, 20.61219 ], [ -100.43603, 20.61354 ], [ -100.43622, 20.61442 ], [ -100.43623, 20.61487 ], [ -100.43614, 20.61525 ], [ -100.43617, 20.61572 ], [ -100.43642, 20.61685 ], [ -100.43657, 20.61749 ], [ -100.4369, 20.61806 ], [ -100.43742, 20.61847 ], [ -100.43832, 20.61928 ], [ -100.43961, 20.62043 ], [ -100.44031, 20.62113 ], [ -100.44085, 20.62184 ], [ -100.44112, 20.62228 ], [ -100.44137, 20.62282 ], [ -100.44158, 20.62339 ], [ -100.44174, 20.62398 ], [ -100.442, 20.62516 ], [ -100.44229, 20.62655 ], [ -100.44254, 20.62757 ], [ -100.44261, 20.62812 ], [ -100.44259, 20.62856 ], [ -100.44238, 20.62935 ], [ -100.44216, 20.63041 ], [ -100.4422, 20.63075 ], [ -100.44236, 20.63124 ], [ -100.4426, 20.63183 ], [ -100.4429, 20.63178 ], [ -100.443, 20.63214 ], [ -100.4433, 20.63294 ], [ -100.44349, 20.63351 ], [ -100.44356, 20.6339 ], [ -100.4436, 20.63418 ], [ -100.44357, 20.63492 ], [ -100.44367, 20.63497 ], [ -100.44394, 20.63525 ], [ -100.44416, 20.63544 ], [ -100.44451, 20.63559 ], [ -100.44491, 20.63563 ], [ -100.44528, 20.63563 ], [ -100.44577, 20.63548 ], [ -100.44799, 20.6347 ], [ -100.44873, 20.63658 ], [ -100.44939, 20.63826 ], [ -100.45065, 20.64149 ], [ -100.45072, 20.64173 ], [ -100.45006, 20.64183 ], [ -100.4501, 20.64264 ], [ -100.45016, 20.64348 ], [ -100.45028, 20.64552 ], [ -100.45042, 20.64828 ], [ -100.45063, 20.65204 ], [ -100.45073, 20.65422 ], [ -100.45085, 20.65563 ], [ -100.45115, 20.65626 ], [ -100.45136, 20.65667 ], [ -100.45169, 20.65705 ], [ -100.45223, 20.65751 ], [ -100.45307, 20.65815 ], [ -100.45334, 20.65835 ], [ -100.45358, 20.65862 ], [ -100.45484, 20.65948 ], [ -100.45573, 20.66018 ], [ -100.45628, 20.66053 ], [ -100.45705, 20.6611 ], [ -100.45768, 20.66018 ], [ -100.45842, 20.65929 ], [ -100.45861, 20.65911 ], [ -100.45871, 20.65899 ], [ -100.45858, 20.65892 ], [ -100.45809, 20.65946 ], [ -100.45734, 20.66044 ], [ -100.45702, 20.66089 ], [ -100.45556, 20.65982 ], [ -100.4538, 20.65856 ], [ -100.45342, 20.6583 ], [ -100.45315, 20.65815 ], [ -100.45246, 20.65761 ], [ -100.45181, 20.65711 ], [ -100.45144, 20.65672 ], [ -100.45122, 20.65628 ], [ -100.45094, 20.65575 ], [ -100.45089, 20.65556 ], [ -100.45073, 20.65328 ], [ -100.45051, 20.64919 ], [ -100.45035, 20.64602 ], [ -100.45018, 20.64323 ], [ -100.4501, 20.64186 ], [ -100.45079, 20.64178 ], [ -100.45085, 20.64171 ], [ -100.45023, 20.64006 ], [ -100.44946, 20.63812 ], [ -100.44942, 20.63789 ], [ -100.44936, 20.63779 ], [ -100.44915, 20.63729 ], [ -100.44807, 20.63453 ], [ -100.44639, 20.63509 ], [ -100.44532, 20.63548 ], [ -100.44516, 20.63556 ], [ -100.44477, 20.63556 ], [ -100.44452, 20.63554 ], [ -100.44426, 20.63545 ], [ -100.44402, 20.63526 ], [ -100.44377, 20.63499 ], [ -100.4437, 20.6349 ], [ -100.44364, 20.63485 ], [ -100.44363, 20.6343 ], [ -100.44365, 20.63403 ], [ -100.44356, 20.63363 ], [ -100.44348, 20.63328 ], [ -100.44305, 20.63215 ], [ -100.44293, 20.63167 ], [ -100.44276, 20.63123 ], [ -100.44254, 20.63042 ], [ -100.44253, 20.63013 ], [ -100.44286, 20.62889 ], [ -100.44297, 20.62845 ], [ -100.44291, 20.6281 ], [ -100.44254, 20.62635 ], [ -100.44218, 20.6246 ], [ -100.442, 20.62377 ], [ -100.44185, 20.62337 ], [ -100.44175, 20.62277 ], [ -100.4415, 20.62229 ], [ -100.44109, 20.62165 ], [ -100.44057, 20.62102 ], [ -100.43971, 20.62008 ], [ -100.43836, 20.61877 ], [ -100.43755, 20.61806 ], [ -100.43713, 20.61754 ], [ -100.4369, 20.61707 ], [ -100.43676, 20.61647 ], [ -100.43668, 20.61586 ], [ -100.43656, 20.61517 ], [ -100.43631, 20.61455 ], [ -100.43643, 20.61444 ], [ -100.43628, 20.61411 ], [ -100.43619, 20.61366 ], [ -100.43583, 20.61212 ], [ -100.43567, 20.61159 ], [ -100.43545, 20.61099 ], [ -100.43519, 20.61051 ], [ -100.43489, 20.60992 ], [ -100.43457, 20.609 ], [ -100.43457, 20.60884 ], [ -100.43446, 20.60883 ], [ -100.43436, 20.6086 ], [ -100.43423, 20.60836 ], [ -100.4338, 20.60769 ], [ -100.43336, 20.60711 ], [ -100.43293, 20.60667 ], [ -100.43228, 20.60611 ], [ -100.43163, 20.60558 ], [ -100.43095, 20.60523 ], [ -100.43045, 20.60497 ], [ -100.42938, 20.60418 ], [ -100.42832, 20.60324 ], [ -100.42781, 20.6028 ], [ -100.42761, 20.60269 ], [ -100.42746, 20.60266 ], [ -100.42686, 20.60265 ], [ -100.42464, 20.60267 ], [ -100.4235, 20.60271 ], [ -100.42276, 20.60278 ], [ -100.42202, 20.60288 ], [ -100.42143, 20.60301 ], [ -100.42117, 20.60301 ], [ -100.42093, 20.60296 ], [ -100.42067, 20.60293 ], [ -100.42042, 20.60298 ], [ -100.41972, 20.60314 ], [ -100.41824, 20.60352 ], [ -100.4176, 20.60361 ], [ -100.41712, 20.60205 ], [ -100.41667, 20.6003 ], [ -100.41553, 20.5963 ], [ -100.41495, 20.59424 ], [ -100.41419, 20.59164 ], [ -100.41359, 20.58949 ], [ -100.4132, 20.58805 ], [ -100.41296, 20.58747 ], [ -100.41261, 20.58683 ], [ -100.41218, 20.58622 ], [ -100.41169, 20.58573 ], [ -100.40986, 20.58401 ], [ -100.40797, 20.58228 ], [ -100.40545, 20.57996 ], [ -100.40352, 20.57829 ], [ -100.40205, 20.57692 ], [ -100.40071, 20.57567 ], [ -100.40048, 20.57538 ], [ -100.40045, 20.57509 ], [ -100.4005, 20.57488 ], [ -100.40075, 20.57471 ], [ -100.40108, 20.57468 ], [ -100.40143, 20.57479 ], [ -100.40235, 20.57533 ], [ -100.40253, 20.57563 ], [ -100.40266, 20.57592 ], [ -100.40259, 20.57634 ], [ -100.40249, 20.5766 ], [ -100.40153, 20.57781 ], [ -100.40013, 20.57952 ], [ -100.39905, 20.58075 ], [ -100.39854, 20.58125 ], [ -100.3973, 20.58219 ], [ -100.39654, 20.58265 ], [ -100.39556, 20.58326 ], [ -100.39458, 20.58375 ], [ -100.39388, 20.58403 ], [ -100.39239, 20.58457 ], [ -100.38957, 20.58558 ], [ -100.38649, 20.58668 ], [ -100.38589, 20.5869 ], [ -100.38552, 20.58703 ], [ -100.38505, 20.58703 ], [ -100.38437, 20.58692 ], [ -100.38374, 20.58676 ], [ -100.3828, 20.58654 ], [ -100.38201, 20.58637 ], [ -100.38118, 20.58619 ], [ -100.38073, 20.58614 ], [ -100.38028, 20.58614 ], [ -100.3791, 20.5863 ], [ -100.3777, 20.58652 ] ] } },
{ "type": "Feature", "properties": { "city": "Querétaro", "route_name": "135_Emeterio González - IMSS", "route_name_short": "Emeterio González - IMSS", "type": "Bus", "shape_id": "shape_2497" }, "geometry": { "type": "LineString", "coordinates": [ [ -100.40691, 20.58199 ], [ -100.40792, 20.58146 ], [ -100.40876, 20.58103 ], [ -100.40981, 20.58077 ], [ -100.40969, 20.58056 ], [ -100.40881, 20.58079 ], [ -100.40847, 20.58096 ], [ -100.40755, 20.58141 ], [ -100.40698, 20.58168 ], [ -100.40659, 20.582 ], [ -100.40601, 20.5828 ], [ -100.40546, 20.58358 ], [ -100.40516, 20.58394 ], [ -100.40485, 20.58407 ], [ -100.40455, 20.58411 ], [ -100.40419, 20.58405 ], [ -100.40391, 20.58399 ], [ -100.40358, 20.584 ], [ -100.40318, 20.5841 ], [ -100.40262, 20.5844 ], [ -100.40206, 20.58471 ], [ -100.4011, 20.585 ], [ -100.40001, 20.58542 ], [ -100.39649, 20.58665 ], [ -100.39333, 20.58763 ], [ -100.39101, 20.58843 ], [ -100.38917, 20.58908 ], [ -100.38677, 20.58993 ], [ -100.3859, 20.59028 ], [ -100.38447, 20.59074 ], [ -100.38354, 20.59106 ], [ -100.383, 20.59121 ], [ -100.38275, 20.59127 ], [ -100.38265, 20.59117 ], [ -100.3825, 20.59111 ], [ -100.3823, 20.59111 ], [ -100.38214, 20.59123 ], [ -100.38209, 20.59131 ], [ -100.38115, 20.59138 ], [ -100.38071, 20.59141 ], [ -100.37976, 20.59148 ], [ -100.37956, 20.59156 ], [ -100.37901, 20.59173 ], [ -100.37858, 20.59203 ], [ -100.37699, 20.59317 ], [ -100.37556, 20.59426 ], [ -100.37385, 20.59552 ], [ -100.37167, 20.59707 ], [ -100.37019, 20.59813 ], [ -100.37018, 20.59829 ], [ -100.37012, 20.59852 ], [ -100.37005, 20.59875 ], [ -100.37002, 20.5992 ], [ -100.3699, 20.59955 ], [ -100.36985, 20.59971 ], [ -100.36961, 20.60006 ], [ -100.36915, 20.60043 ], [ -100.36867, 20.60072 ], [ -100.36724, 20.6015 ], [ -100.36675, 20.60173 ], [ -100.36647, 20.60178 ], [ -100.36626, 20.60174 ], [ -100.36631, 20.60293 ], [ -100.36638, 20.60386 ], [ -100.36551, 20.60392 ], [ -100.36482, 20.6039 ], [ -100.36433, 20.60383 ], [ -100.36347, 20.60362 ], [ -100.36293, 20.60348 ], [ -100.3624, 20.60324 ], [ -100.36143, 20.60274 ], [ -100.36075, 20.60235 ], [ -100.36032, 20.60215 ], [ -100.3598, 20.60203 ], [ -100.35914, 20.60185 ], [ -100.35831, 20.60172 ], [ -100.35731, 20.60163 ], [ -100.35608, 20.60153 ], [ -100.35561, 20.60149 ], [ -100.3553, 20.60153 ], [ -100.35483, 20.60165 ], [ -100.35393, 20.60202 ], [ -100.35287, 20.60258 ], [ -100.35206, 20.60302 ], [ -100.35101, 20.60348 ], [ -100.35049, 20.60376 ], [ -100.34927, 20.6045 ], [ -100.34867, 20.60485 ], [ -100.34829, 20.60501 ], [ -100.34792, 20.60514 ], [ -100.34702, 20.60548 ], [ -100.34664, 20.60561 ], [ -100.34618, 20.60568 ], [ -100.34554, 20.6058 ], [ -100.34483, 20.60582 ], [ -100.34485, 20.60588 ], [ -100.34545, 20.60582 ], [ -100.34588, 20.6058 ], [ -100.34654, 20.60565 ], [ -100.34686, 20.60557 ], [ -100.34754, 20.60534 ], [ -100.34842, 20.605 ], [ -100.34879, 20.60484 ], [ -100.34972, 20.60428 ], [ -100.3506, 20.60373 ], [ -100.35132, 20.60339 ], [ -100.35216, 20.60301 ], [ -100.35307, 20.60251 ], [ -100.3536, 20.60223 ], [ -100.3541, 20.60201 ], [ -100.35464, 20.60178 ], [ -100.35515, 20.60161 ], [ -100.35557, 20.60156 ], [ -100.35598, 20.60157 ], [ -100.35709, 20.60164 ], [ -100.35894, 20.60185 ], [ -100.35967, 20.60203 ], [ -100.36044, 20.60225 ], [ -100.36127, 20.6027 ], [ -100.36252, 20.60333 ], [ -100.36283, 20.6035 ], [ -100.36337, 20.60364 ], [ -100.36447, 20.60391 ], [ -100.36503, 20.60396 ], [ -100.36584, 20.60393 ], [ -100.36645, 20.60389 ], [ -100.36631, 20.6019 ], [ -100.36631, 20.60181 ], [ -100.36661, 20.60179 ], [ -100.36679, 20.60179 ], [ -100.36755, 20.60139 ], [ -100.36879, 20.6007 ], [ -100.36919, 20.60049 ], [ -100.36932, 20.60035 ], [ -100.3697, 20.60004 ], [ -100.36978, 20.59991 ], [ -100.36991, 20.59973 ], [ -100.37, 20.5995 ], [ -100.37006, 20.59919 ], [ -100.37008, 20.59889 ], [ -100.37013, 20.59866 ], [ -100.3702, 20.59845 ], [ -100.37025, 20.59831 ], [ -100.37242, 20.59674 ], [ -100.37561, 20.59444 ], [ -100.37765, 20.59294 ], [ -100.37875, 20.5921 ], [ -100.37912, 20.59189 ], [ -100.37955, 20.59168 ], [ -100.37995, 20.59158 ], [ -100.38153, 20.59149 ], [ -100.38215, 20.59145 ], [ -100.38227, 20.5915 ], [ -100.38236, 20.59155 ], [ -100.3826, 20.59152 ], [ -100.38273, 20.59143 ], [ -100.38278, 20.59138 ], [ -100.3832, 20.59133 ], [ -100.38378, 20.59115 ], [ -100.38597, 20.5904 ], [ -100.38751, 20.58982 ], [ -100.38976, 20.58901 ], [ -100.39049, 20.5888 ], [ -100.39179, 20.58834 ], [ -100.39516, 20.58724 ], [ -100.39661, 20.58677 ], [ -100.3986, 20.5861 ], [ -100.40068, 20.58536 ], [ -100.40175, 20.58498 ], [ -100.40229, 20.58481 ], [ -100.40284, 20.58449 ], [ -100.40335, 20.58427 ], [ -100.40365, 20.58422 ], [ -100.40409, 20.58423 ], [ -100.40451, 20.58432 ], [ -100.40491, 20.58428 ], [ -100.40519, 20.58416 ], [ -100.40547, 20.5839 ], [ -100.40577, 20.58354 ], [ -100.40654, 20.58247 ], [ -100.40692, 20.58201 ] ] } },
{ "type": "Feature", "properties": { "city": "Querétaro", "route_name": "136_Terminal de Autobuses - Puertas de San Miguel", "route_name_short": "Terminal de Autobuses - Puertas de San Miguel", "type": "Bus", "shape_id": "shape_2498" }, "geometry": { "type": "LineString", "coordinates": [ [ -100.36366, 20.58046 ], [ -100.36333, 20.5805 ], [ -100.36301, 20.58039 ], [ -100.36226, 20.58003 ], [ -100.3619, 20.5799 ], [ -100.36158, 20.57986 ], [ -100.36126, 20.57998 ], [ -100.36033, 20.58061 ], [ -100.36011, 20.58063 ], [ -100.35987, 20.58048 ], [ -100.3598, 20.58027 ], [ -100.35951, 20.57881 ], [ -100.35939, 20.57876 ], [ -100.3592, 20.5788 ], [ -100.35912, 20.57892 ], [ -100.35915, 20.57919 ], [ -100.35936, 20.58023 ], [ -100.35935, 20.5805 ], [ -100.35936, 20.58077 ], [ -100.3592, 20.58099 ], [ -100.35892, 20.58113 ], [ -100.35873, 20.58117 ], [ -100.35876, 20.58131 ], [ -100.35883, 20.58138 ], [ -100.35909, 20.58135 ], [ -100.35948, 20.5811 ], [ -100.35951, 20.58096 ], [ -100.35945, 20.5808 ], [ -100.35946, 20.58048 ], [ -100.35955, 20.58036 ], [ -100.35995, 20.58067 ], [ -100.36015, 20.58076 ], [ -100.36035, 20.58071 ], [ -100.36058, 20.58061 ], [ -100.36102, 20.58031 ], [ -100.36139, 20.58004 ], [ -100.36168, 20.57999 ], [ -100.36194, 20.58001 ], [ -100.36244, 20.58022 ], [ -100.36311, 20.58052 ], [ -100.36343, 20.58064 ], [ -100.36377, 20.58061 ], [ -100.36558, 20.58026 ], [ -100.36672, 20.58003 ], [ -100.36715, 20.57989 ], [ -100.36986, 20.57877 ], [ -100.3709, 20.57833 ], [ -100.37112, 20.57824 ], [ -100.37197, 20.57807 ], [ -100.37409, 20.57766 ], [ -100.37412, 20.57781 ], [ -100.37411, 20.57842 ], [ -100.37404, 20.57933 ], [ -100.37405, 20.57971 ], [ -100.3765, 20.57919 ], [ -100.37888, 20.5787 ], [ -100.38175, 20.57813 ], [ -100.38349, 20.57774 ], [ -100.38433, 20.57772 ], [ -100.38507, 20.57774 ], [ -100.38564, 20.57773 ], [ -100.38617, 20.57759 ], [ -100.3866, 20.57746 ], [ -100.38727, 20.57707 ], [ -100.38858, 20.57675 ], [ -100.39095, 20.57626 ], [ -100.39489, 20.57552 ], [ -100.39775, 20.57498 ], [ -100.39841, 20.57491 ], [ -100.39896, 20.57489 ], [ -100.39917, 20.57493 ], [ -100.39956, 20.57508 ], [ -100.40007, 20.57533 ], [ -100.40061, 20.5758 ], [ -100.40247, 20.57755 ], [ -100.40353, 20.57846 ], [ -100.40413, 20.57923 ], [ -100.40551, 20.58055 ], [ -100.40905, 20.58375 ], [ -100.41154, 20.58608 ], [ -100.41195, 20.58647 ], [ -100.41216, 20.58685 ], [ -100.41243, 20.58723 ], [ -100.41266, 20.58775 ], [ -100.41309, 20.5891 ], [ -100.41438, 20.59361 ], [ -100.41522, 20.5967 ], [ -100.41643, 20.60091 ], [ -100.41786, 20.60591 ], [ -100.41884, 20.60939 ], [ -100.42006, 20.61367 ], [ -100.42105, 20.61728 ], [ -100.42198, 20.62051 ], [ -100.4224, 20.62188 ], [ -100.42281, 20.623 ], [ -100.42324, 20.62408 ], [ -100.42436, 20.62676 ], [ -100.42598, 20.63089 ], [ -100.42692, 20.63311 ], [ -100.42743, 20.63429 ], [ -100.42833, 20.63611 ], [ -100.42989, 20.63929 ], [ -100.43025, 20.64018 ], [ -100.4303, 20.64057 ], [ -100.43026, 20.64125 ], [ -100.43003, 20.64192 ], [ -100.42989, 20.64248 ], [ -100.42992, 20.64271 ], [ -100.43002, 20.64288 ], [ -100.43035, 20.64307 ], [ -100.43086, 20.64311 ], [ -100.43262, 20.64305 ], [ -100.43461, 20.64298 ], [ -100.43491, 20.64301 ], [ -100.43512, 20.64319 ], [ -100.43523, 20.64358 ], [ -100.43545, 20.64398 ], [ -100.43559, 20.64412 ], [ -100.43608, 20.64443 ], [ -100.43648, 20.64456 ], [ -100.43691, 20.64456 ], [ -100.43788, 20.64448 ], [ -100.4388, 20.64435 ], [ -100.43929, 20.64426 ], [ -100.43977, 20.64399 ], [ -100.44007, 20.64362 ], [ -100.44027, 20.64323 ], [ -100.44068, 20.64315 ], [ -100.44167, 20.64311 ], [ -100.44413, 20.643 ], [ -100.44489, 20.64301 ], [ -100.44553, 20.64291 ], [ -100.44603, 20.64284 ], [ -100.44793, 20.64276 ], [ -100.44938, 20.64268 ], [ -100.45104, 20.64261 ], [ -100.45129, 20.64259 ], [ -100.45231, 20.64278 ], [ -100.4549, 20.64322 ], [ -100.45717, 20.64365 ], [ -100.45867, 20.64389 ], [ -100.46038, 20.64418 ], [ -100.46074, 20.64455 ], [ -100.46114, 20.64498 ], [ -100.46159, 20.64554 ], [ -100.46179, 20.64586 ], [ -100.46191, 20.64605 ], [ -100.46209, 20.64617 ], [ -100.46343, 20.64672 ], [ -100.46421, 20.6471 ], [ -100.46568, 20.64779 ], [ -100.46677, 20.64831 ], [ -100.46772, 20.64872 ], [ -100.46848, 20.64901 ], [ -100.46919, 20.6493 ], [ -100.46943, 20.64945 ], [ -100.46979, 20.6497 ], [ -100.4701, 20.65012 ], [ -100.47038, 20.65046 ], [ -100.47095, 20.65097 ], [ -100.47185, 20.65187 ], [ -100.47203, 20.65221 ], [ -100.47225, 20.65266 ], [ -100.47271, 20.65301 ], [ -100.47361, 20.65366 ], [ -100.47392, 20.65388 ], [ -100.47417, 20.65427 ], [ -100.47439, 20.65468 ], [ -100.47459, 20.65494 ], [ -100.47475, 20.65529 ], [ -100.47495, 20.65573 ], [ -100.47525, 20.65613 ], [ -100.47543, 20.65636 ], [ -100.47568, 20.657 ], [ -100.47586, 20.65737 ], [ -100.47603, 20.65761 ], [ -100.47638, 20.65799 ], [ -100.47659, 20.65823 ], [ -100.47664, 20.65847 ], [ -100.47662, 20.65875 ], [ -100.47679, 20.65901 ], [ -100.47747, 20.65927 ], [ -100.47755, 20.65904 ], [ -100.47824, 20.65914 ], [ -100.4785, 20.65924 ], [ -100.47861, 20.65938 ], [ -100.47861, 20.6597 ], [ -100.47851, 20.6603 ], [ -100.47849, 20.66055 ], [ -100.47855, 20.66085 ], [ -100.47892, 20.66162 ], [ -100.4793, 20.66239 ], [ -100.47953, 20.66268 ], [ -100.48004, 20.66351 ], [ -100.48054, 20.66426 ], [ -100.48108, 20.665 ], [ -100.48152, 20.66554 ], [ -100.48198, 20.66609 ], [ -100.48231, 20.6664 ], [ -100.48264, 20.66684 ], [ -100.48293, 20.66724 ], [ -100.48317, 20.66767 ], [ -100.48339, 20.66837 ], [ -100.48371, 20.66913 ], [ -100.48397, 20.66985 ], [ -100.48421, 20.67022 ], [ -100.48448, 20.67068 ], [ -100.48465, 20.67111 ], [ -100.48488, 20.67214 ], [ -100.48407, 20.67253 ], [ -100.48329, 20.67293 ], [ -100.48346, 20.67333 ], [ -100.48504, 20.67263 ], [ -100.4849, 20.67192 ], [ -100.48472, 20.67125 ], [ -100.48465, 20.67092 ], [ -100.48444, 20.67051 ], [ -100.48406, 20.6699 ], [ -100.48383, 20.66931 ], [ -100.48348, 20.66848 ], [ -100.48329, 20.66788 ], [ -100.48315, 20.66753 ], [ -100.48287, 20.66708 ], [ -100.48249, 20.66654 ], [ -100.48209, 20.66612 ], [ -100.48177, 20.66577 ], [ -100.48133, 20.66527 ], [ -100.48074, 20.66449 ], [ -100.48025, 20.66373 ], [ -100.47967, 20.66279 ], [ -100.47943, 20.66247 ], [ -100.47918, 20.66204 ], [ -100.47863, 20.66092 ], [ -100.4786, 20.66074 ], [ -100.47854, 20.66057 ], [ -100.47858, 20.66022 ], [ -100.47866, 20.65977 ], [ -100.47867, 20.65945 ], [ -100.47858, 20.65925 ], [ -100.47845, 20.65914 ], [ -100.47826, 20.65909 ], [ -100.47743, 20.65899 ], [ -100.477, 20.65888 ], [ -100.47692, 20.65882 ], [ -100.47678, 20.65864 ], [ -100.4768, 20.65836 ], [ -100.47678, 20.6581 ], [ -100.47664, 20.6579 ], [ -100.4763, 20.65752 ], [ -100.47612, 20.65736 ], [ -100.47573, 20.65652 ], [ -100.47557, 20.65618 ], [ -100.47528, 20.65576 ], [ -100.47501, 20.65535 ], [ -100.47458, 20.6546 ], [ -100.47431, 20.65403 ], [ -100.47401, 20.65368 ], [ -100.47356, 20.6533 ], [ -100.47293, 20.65288 ], [ -100.47227, 20.65231 ], [ -100.47182, 20.65175 ], [ -100.47178, 20.65158 ], [ -100.4715, 20.65123 ], [ -100.47065, 20.6505 ], [ -100.47014, 20.65006 ], [ -100.46999, 20.6499 ], [ -100.46973, 20.64958 ], [ -100.46939, 20.64936 ], [ -100.46909, 20.64922 ], [ -100.46787, 20.64873 ], [ -100.46695, 20.64836 ], [ -100.46604, 20.64792 ], [ -100.46412, 20.64701 ], [ -100.46315, 20.64654 ], [ -100.46208, 20.64611 ], [ -100.4619, 20.64597 ], [ -100.46178, 20.64576 ], [ -100.46154, 20.6454 ], [ -100.46112, 20.64491 ], [ -100.46065, 20.64439 ], [ -100.46025, 20.64396 ], [ -100.45912, 20.64377 ], [ -100.45607, 20.64325 ], [ -100.45233, 20.64264 ], [ -100.45134, 20.6425 ], [ -100.45094, 20.64245 ], [ -100.45045, 20.64246 ], [ -100.44815, 20.64255 ], [ -100.4459, 20.64263 ], [ -100.44564, 20.64264 ], [ -100.445, 20.6428 ], [ -100.44456, 20.64286 ], [ -100.44358, 20.64296 ], [ -100.44163, 20.64298 ], [ -100.44067, 20.64306 ], [ -100.44049, 20.64301 ], [ -100.44035, 20.64294 ], [ -100.44056, 20.64216 ], [ -100.44071, 20.64154 ], [ -100.44067, 20.64114 ], [ -100.44051, 20.64073 ], [ -100.44014, 20.64027 ], [ -100.4398, 20.64007 ], [ -100.43914, 20.63985 ], [ -100.43842, 20.63954 ], [ -100.43806, 20.6392 ], [ -100.43794, 20.639 ], [ -100.43757, 20.639 ], [ -100.43748, 20.63908 ], [ -100.43713, 20.63939 ], [ -100.43669, 20.63968 ], [ -100.43598, 20.64001 ], [ -100.43528, 20.64039 ], [ -100.43501, 20.64072 ], [ -100.43479, 20.64135 ], [ -100.43469, 20.64147 ], [ -100.43453, 20.64149 ], [ -100.43425, 20.64125 ], [ -100.43409, 20.6411 ], [ -100.43349, 20.64092 ], [ -100.43263, 20.64063 ], [ -100.43219, 20.64044 ], [ -100.43168, 20.64028 ], [ -100.43118, 20.64034 ], [ -100.43096, 20.64038 ], [ -100.43076, 20.64022 ], [ -100.43061, 20.64005 ], [ -100.43039, 20.6395 ], [ -100.42962, 20.6379 ], [ -100.42818, 20.63487 ], [ -100.42722, 20.63287 ], [ -100.42625, 20.63038 ], [ -100.42534, 20.62825 ], [ -100.4251, 20.62788 ], [ -100.42476, 20.62704 ], [ -100.42365, 20.62422 ], [ -100.42292, 20.62258 ], [ -100.42252, 20.62145 ], [ -100.42218, 20.6203 ], [ -100.42222, 20.62002 ], [ -100.42195, 20.6191 ], [ -100.42108, 20.61593 ], [ -100.41992, 20.61172 ], [ -100.4187, 20.60757 ], [ -100.41754, 20.6034 ], [ -100.41649, 20.59969 ], [ -100.41565, 20.59676 ], [ -100.41495, 20.59433 ], [ -100.41416, 20.59151 ], [ -100.41323, 20.58827 ], [ -100.41297, 20.5875 ], [ -100.41267, 20.58687 ], [ -100.41217, 20.58618 ], [ -100.41153, 20.58557 ], [ -100.40855, 20.58277 ], [ -100.40436, 20.57887 ], [ -100.40355, 20.57819 ], [ -100.4024, 20.57721 ], [ -100.40087, 20.57585 ], [ -100.39954, 20.57467 ], [ -100.39877, 20.57405 ], [ -100.39839, 20.57391 ], [ -100.39769, 20.57383 ], [ -100.3974, 20.57385 ], [ -100.39712, 20.57387 ], [ -100.39628, 20.5744 ], [ -100.39536, 20.5749 ], [ -100.39474, 20.57509 ], [ -100.39433, 20.57514 ], [ -100.39209, 20.57563 ], [ -100.38965, 20.57614 ], [ -100.38768, 20.57651 ], [ -100.38683, 20.57668 ], [ -100.38629, 20.57662 ], [ -100.38559, 20.57657 ], [ -100.38527, 20.57663 ], [ -100.38467, 20.57684 ], [ -100.38411, 20.57714 ], [ -100.38388, 20.57731 ], [ -100.38336, 20.5774 ], [ -100.38214, 20.57766 ], [ -100.37995, 20.57809 ], [ -100.3768, 20.57872 ], [ -100.37523, 20.57901 ], [ -100.37458, 20.57914 ], [ -100.37436, 20.57899 ], [ -100.37421, 20.57873 ], [ -100.37423, 20.57841 ], [ -100.37423, 20.57768 ], [ -100.37415, 20.57741 ], [ -100.37297, 20.57771 ], [ -100.37108, 20.57804 ], [ -100.37058, 20.57823 ], [ -100.36856, 20.57911 ], [ -100.36695, 20.57978 ], [ -100.36647, 20.57988 ], [ -100.36585, 20.58002 ], [ -100.36518, 20.58014 ], [ -100.36366, 20.58045 ] ] } },
{ "type": "Feature", "properties": { "city": "Querétaro", "route_name": "137_Menchaca II - Alameda", "route_name_short": "Menchaca II - Alameda", "type": "Bus", "shape_id": "shape_2499" }, "geometry": { "type": "LineString", "coordinates": [ [ -100.38579, 20.58714 ], [ -100.38627, 20.58698 ], [ -100.38899, 20.58595 ], [ -100.38893, 20.58582 ], [ -100.38672, 20.5866 ], [ -100.38585, 20.58694 ], [ -100.3853, 20.58705 ], [ -100.38493, 20.58705 ], [ -100.38427, 20.5869 ], [ -100.38322, 20.58666 ], [ -100.38235, 20.58645 ], [ -100.38115, 20.58618 ], [ -100.38065, 20.5861 ], [ -100.38014, 20.58617 ], [ -100.37794, 20.5865 ], [ -100.37694, 20.58669 ], [ -100.37591, 20.58684 ], [ -100.37447, 20.58707 ], [ -100.37158, 20.58758 ], [ -100.37058, 20.58779 ], [ -100.37059, 20.58791 ], [ -100.37065, 20.58804 ], [ -100.37205, 20.58856 ], [ -100.37292, 20.58899 ], [ -100.37492, 20.58993 ], [ -100.37625, 20.59057 ], [ -100.3766, 20.5908 ], [ -100.37687, 20.59127 ], [ -100.37718, 20.59172 ], [ -100.37772, 20.59224 ], [ -100.37837, 20.59271 ], [ -100.38002, 20.59393 ], [ -100.38028, 20.59418 ], [ -100.38053, 20.59455 ], [ -100.38065, 20.5952 ], [ -100.38075, 20.59574 ], [ -100.38089, 20.59613 ], [ -100.38099, 20.59646 ], [ -100.38106, 20.59716 ], [ -100.38107, 20.59767 ], [ -100.38106, 20.59838 ], [ -100.38082, 20.60002 ], [ -100.38077, 20.60041 ], [ -100.38084, 20.60071 ], [ -100.38089, 20.60095 ], [ -100.38153, 20.601 ], [ -100.382, 20.60112 ], [ -100.38266, 20.6013 ], [ -100.38323, 20.60143 ], [ -100.38367, 20.60143 ], [ -100.38401, 20.60137 ], [ -100.38484, 20.60107 ], [ -100.38573, 20.60078 ], [ -100.3865, 20.60053 ], [ -100.38744, 20.60008 ], [ -100.38819, 20.59971 ], [ -100.3885, 20.59947 ], [ -100.38894, 20.59905 ], [ -100.38918, 20.59886 ], [ -100.38953, 20.59875 ], [ -100.39059, 20.5986 ], [ -100.3912, 20.59857 ], [ -100.39185, 20.59872 ], [ -100.39255, 20.59884 ], [ -100.39306, 20.59892 ], [ -100.39325, 20.59898 ], [ -100.3935, 20.59901 ], [ -100.39369, 20.59886 ], [ -100.39376, 20.59893 ], [ -100.39376, 20.59916 ], [ -100.39384, 20.60107 ], [ -100.39381, 20.6016 ], [ -100.39364, 20.60208 ], [ -100.39335, 20.60248 ], [ -100.39316, 20.60265 ], [ -100.39286, 20.60281 ], [ -100.39255, 20.60304 ], [ -100.39225, 20.60334 ], [ -100.39138, 20.60396 ], [ -100.38972, 20.60517 ], [ -100.38868, 20.60582 ], [ -100.38765, 20.60643 ], [ -100.38636, 20.60722 ], [ -100.38609, 20.60748 ], [ -100.38596, 20.60793 ], [ -100.38588, 20.60818 ], [ -100.38605, 20.60866 ], [ -100.38656, 20.60968 ], [ -100.38706, 20.6107 ], [ -100.38806, 20.61284 ], [ -100.38847, 20.61353 ], [ -100.38882, 20.61401 ], [ -100.38937, 20.61481 ], [ -100.38956, 20.61506 ], [ -100.38979, 20.61504 ], [ -100.39004, 20.61494 ], [ -100.39016, 20.61475 ], [ -100.38994, 20.61376 ], [ -100.38981, 20.61383 ], [ -100.38953, 20.61401 ], [ -100.38917, 20.61451 ], [ -100.38941, 20.61487 ], [ -100.38971, 20.61522 ], [ -100.38986, 20.6155 ], [ -100.3899, 20.61591 ], [ -100.38994, 20.61699 ], [ -100.38987, 20.61736 ], [ -100.38997, 20.6176 ], [ -100.39003, 20.61804 ], [ -100.39003, 20.6191 ], [ -100.39007, 20.61941 ], [ -100.39007, 20.62083 ], [ -100.3901, 20.62215 ], [ -100.39008, 20.6226 ], [ -100.38997, 20.62291 ], [ -100.38958, 20.62352 ], [ -100.38906, 20.62427 ], [ -100.38868, 20.6248 ], [ -100.38831, 20.62505 ], [ -100.3878, 20.62531 ], [ -100.38687, 20.62574 ], [ -100.38609, 20.62613 ], [ -100.3855, 20.62643 ], [ -100.38533, 20.62673 ], [ -100.38531, 20.62702 ], [ -100.38544, 20.62722 ], [ -100.38595, 20.62739 ], [ -100.38755, 20.62755 ], [ -100.38814, 20.62759 ], [ -100.38911, 20.62778 ], [ -100.38958, 20.62803 ], [ -100.38998, 20.62832 ], [ -100.39034, 20.62877 ], [ -100.39054, 20.62913 ], [ -100.39073, 20.62959 ], [ -100.39093, 20.63039 ], [ -100.39109, 20.63096 ], [ -100.39109, 20.63134 ], [ -100.39093, 20.63182 ], [ -100.39061, 20.63234 ], [ -100.39028, 20.63287 ], [ -100.39019, 20.63312 ], [ -100.39023, 20.63335 ], [ -100.39037, 20.63355 ], [ -100.39009, 20.63369 ], [ -100.3892, 20.63397 ], [ -100.38758, 20.63449 ], [ -100.38725, 20.63454 ], [ -100.38713, 20.63451 ], [ -100.38702, 20.63441 ], [ -100.38705, 20.63429 ], [ -100.38736, 20.63401 ], [ -100.3875, 20.63378 ], [ -100.38751, 20.6334 ], [ -100.38751, 20.63313 ], [ -100.38763, 20.63296 ], [ -100.38785, 20.63276 ], [ -100.38816, 20.63259 ], [ -100.38823, 20.6322 ], [ -100.38823, 20.63181 ], [ -100.3882, 20.63157 ], [ -100.38832, 20.63121 ], [ -100.38838, 20.63102 ], [ -100.38846, 20.63035 ], [ -100.38758, 20.63045 ], [ -100.3868, 20.63059 ], [ -100.38594, 20.63071 ], [ -100.38433, 20.63101 ], [ -100.38378, 20.6311 ], [ -100.38383, 20.63268 ], [ -100.38508, 20.63248 ], [ -100.38532, 20.63249 ], [ -100.38557, 20.63382 ], [ -100.38564, 20.6342 ], [ -100.38571, 20.6343 ], [ -100.38587, 20.63438 ], [ -100.38571, 20.63458 ], [ -100.38505, 20.63536 ], [ -100.38398, 20.63665 ], [ -100.38276, 20.63822 ], [ -100.38289, 20.63826 ], [ -100.38442, 20.63625 ], [ -100.38594, 20.63444 ], [ -100.38591, 20.63432 ], [ -100.38578, 20.63427 ], [ -100.38569, 20.63418 ], [ -100.38565, 20.63408 ], [ -100.38544, 20.63291 ], [ -100.38389, 20.6331 ], [ -100.38386, 20.63176 ], [ -100.38385, 20.63112 ], [ -100.38627, 20.6307 ], [ -100.38787, 20.63046 ], [ -100.38842, 20.63041 ], [ -100.38835, 20.63095 ], [ -100.38825, 20.6313 ], [ -100.38815, 20.63155 ], [ -100.38815, 20.63175 ], [ -100.38818, 20.63212 ], [ -100.38815, 20.63235 ], [ -100.38809, 20.63259 ], [ -100.38777, 20.63277 ], [ -100.38761, 20.63288 ], [ -100.38745, 20.63316 ], [ -100.38745, 20.6334 ], [ -100.38744, 20.63374 ], [ -100.38737, 20.63393 ], [ -100.38721, 20.63406 ], [ -100.38699, 20.63428 ], [ -100.38695, 20.63438 ], [ -100.38703, 20.6345 ], [ -100.38718, 20.63459 ], [ -100.38736, 20.63458 ], [ -100.38751, 20.63455 ], [ -100.3886, 20.6342 ], [ -100.3902, 20.63369 ], [ -100.39046, 20.63356 ], [ -100.39078, 20.6337 ], [ -100.39125, 20.63385 ], [ -100.39286, 20.63435 ], [ -100.39323, 20.63453 ], [ -100.39345, 20.6347 ], [ -100.39358, 20.63488 ], [ -100.3938, 20.63525 ], [ -100.39384, 20.63552 ], [ -100.39386, 20.63583 ], [ -100.39379, 20.63635 ], [ -100.39354, 20.63844 ], [ -100.39347, 20.63902 ], [ -100.39362, 20.63911 ], [ -100.39388, 20.63674 ], [ -100.39397, 20.63597 ], [ -100.39394, 20.63539 ], [ -100.39374, 20.63493 ], [ -100.39357, 20.63469 ], [ -100.39318, 20.63439 ], [ -100.39234, 20.63406 ], [ -100.39152, 20.63378 ], [ -100.39072, 20.63356 ], [ -100.39043, 20.63343 ], [ -100.39031, 20.6332 ], [ -100.39039, 20.63298 ], [ -100.39052, 20.63272 ], [ -100.39095, 20.63206 ], [ -100.39108, 20.63173 ], [ -100.3912, 20.63114 ], [ -100.39117, 20.63079 ], [ -100.39107, 20.63048 ], [ -100.39075, 20.6292 ], [ -100.39051, 20.62878 ], [ -100.39013, 20.62829 ], [ -100.38981, 20.62805 ], [ -100.38949, 20.62782 ], [ -100.38909, 20.62763 ], [ -100.3885, 20.62749 ], [ -100.38784, 20.62742 ], [ -100.38683, 20.62737 ], [ -100.38595, 20.62728 ], [ -100.38558, 20.62714 ], [ -100.38548, 20.6269 ], [ -100.3855, 20.62665 ], [ -100.38568, 20.62646 ], [ -100.38681, 20.62588 ], [ -100.38818, 20.62517 ], [ -100.3886, 20.62493 ], [ -100.38881, 20.62473 ], [ -100.38927, 20.62404 ], [ -100.3899, 20.62315 ], [ -100.39006, 20.62286 ], [ -100.39014, 20.62249 ], [ -100.39015, 20.62202 ], [ -100.39012, 20.61987 ], [ -100.39009, 20.61917 ], [ -100.39015, 20.61881 ], [ -100.39027, 20.61849 ], [ -100.39025, 20.61831 ], [ -100.39014, 20.61804 ], [ -100.39014, 20.61776 ], [ -100.39009, 20.617 ], [ -100.39022, 20.61658 ], [ -100.39034, 20.61619 ], [ -100.39029, 20.61572 ], [ -100.39021, 20.61502 ], [ -100.39008, 20.61437 ], [ -100.38987, 20.61358 ], [ -100.3896, 20.61247 ], [ -100.38936, 20.61188 ], [ -100.38862, 20.61032 ], [ -100.38849, 20.61012 ], [ -100.38832, 20.61006 ], [ -100.38816, 20.61004 ], [ -100.38776, 20.61015 ], [ -100.38747, 20.61024 ], [ -100.38728, 20.61021 ], [ -100.38708, 20.61008 ], [ -100.38693, 20.6099 ], [ -100.38676, 20.60942 ], [ -100.38646, 20.60864 ], [ -100.3864, 20.6082 ], [ -100.38649, 20.60789 ], [ -100.38673, 20.60754 ], [ -100.38714, 20.60719 ], [ -100.38971, 20.60532 ], [ -100.39172, 20.60382 ], [ -100.39313, 20.60281 ], [ -100.3935, 20.60249 ], [ -100.39374, 20.60215 ], [ -100.39392, 20.60169 ], [ -100.39397, 20.60134 ], [ -100.39392, 20.60052 ], [ -100.39387, 20.59901 ], [ -100.39391, 20.59893 ], [ -100.39401, 20.59882 ], [ -100.39395, 20.59862 ], [ -100.39383, 20.59854 ], [ -100.39373, 20.59857 ], [ -100.39364, 20.59864 ], [ -100.39307, 20.59853 ], [ -100.39174, 20.59835 ], [ -100.39122, 20.59828 ], [ -100.3907, 20.5983 ], [ -100.38962, 20.59839 ], [ -100.38925, 20.59845 ], [ -100.38899, 20.59858 ], [ -100.38852, 20.59904 ], [ -100.38817, 20.59942 ], [ -100.38788, 20.59957 ], [ -100.38733, 20.59975 ], [ -100.38677, 20.59999 ], [ -100.38628, 20.59751 ], [ -100.3861, 20.59655 ], [ -100.38594, 20.59595 ], [ -100.38574, 20.59532 ], [ -100.38531, 20.59422 ], [ -100.38494, 20.5931 ], [ -100.38456, 20.59314 ], [ -100.38425, 20.59189 ], [ -100.38412, 20.59162 ], [ -100.38373, 20.59101 ], [ -100.38315, 20.5912 ], [ -100.38275, 20.59128 ], [ -100.38258, 20.59112 ], [ -100.38244, 20.59108 ], [ -100.38223, 20.59116 ], [ -100.38211, 20.59128 ], [ -100.382, 20.5913 ], [ -100.38127, 20.59136 ], [ -100.38067, 20.59141 ], [ -100.37996, 20.59146 ], [ -100.37967, 20.59153 ], [ -100.37924, 20.59165 ], [ -100.3789, 20.59183 ], [ -100.37682, 20.59082 ], [ -100.37636, 20.59061 ], [ -100.37571, 20.59026 ], [ -100.3741, 20.5895 ], [ -100.37274, 20.58883 ], [ -100.37221, 20.58858 ], [ -100.37172, 20.58838 ], [ -100.37109, 20.58814 ], [ -100.3707, 20.58803 ], [ -100.37067, 20.58795 ], [ -100.37097, 20.58787 ], [ -100.37513, 20.58713 ], [ -100.37789, 20.5867 ], [ -100.38021, 20.58633 ], [ -100.38062, 20.58631 ], [ -100.38098, 20.58633 ], [ -100.3814, 20.5864 ], [ -100.38217, 20.5866 ], [ -100.38441, 20.58712 ], [ -100.38491, 20.58721 ], [ -100.38522, 20.58723 ], [ -100.38578, 20.58714 ] ] } }
]
}
