shape_id,shape_pt_sequence,shape_pt_lon,shape_pt_lat
shape_74-1,0,-97.844810,22.209130
shape_74-1,1,-97.845250,22.209780
shape_74-1,2,-97.844780,22.209930
shape_74-1,3,-97.843810,22.210630
shape_74-1,4,-97.841960,22.211800
shape_74-1,5,-97.842020,22.211850
shape_74-1,6,-97.844850,22.210010
shape_74-1,7,-97.845290,22.209840
shape_74-1,8,-97.846230,22.211140
shape_74-1,9,-97.847850,22.211850
shape_74-1,10,-97.854580,22.214830
shape_74-1,11,-97.855790,22.212510
shape_74-1,12,-97.856670,22.212870
shape_74-1,13,-97.856940,22.212400
shape_74-1,14,-97.856020,22.212010
shape_74-1,15,-97.853490,22.211100
shape_74-1,16,-97.851730,22.210430
shape_74-1,17,-97.850820,22.210040
shape_74-1,18,-97.849880,22.209890
shape_74-1,19,-97.849010,22.209980
shape_74-1,20,-97.848400,22.210570
shape_74-1,21,-97.848260,22.210960
shape_74-1,22,-97.847630,22.210820
shape_74-1,23,-97.846640,22.211310
shape_74-1,24,-97.846230,22.211140
shape_74-1,25,-97.845290,22.209840
shape_74-1,26,-97.845200,22.209720
shape_74-1,27,-97.844790,22.209180
shape_76-1,0,-97.871530,22.226840
shape_76-1,1,-97.871290,22.226800
shape_76-1,2,-97.871180,22.226650
shape_76-1,3,-97.870600,22.226150
shape_76-1,4,-97.868990,22.221300
shape_76-1,5,-97.868740,22.220530
shape_76-1,6,-97.868500,22.220040
shape_76-1,7,-97.868390,22.220080
shape_76-1,8,-97.858390,22.215610
shape_76-1,9,-97.859230,22.214020
shape_76-1,10,-97.857520,22.213220
shape_76-1,11,-97.857190,22.212990
shape_76-1,12,-97.857260,22.212830
shape_76-1,13,-97.857530,22.212870
shape_76-1,14,-97.857530,22.212870
shape_76-1,15,-97.857260,22.212830
shape_76-1,16,-97.857950,22.213040
shape_76-1,17,-97.858710,22.213290
shape_76-1,18,-97.859750,22.213930
shape_76-1,19,-97.860250,22.214480
shape_76-1,20,-97.860480,22.215040
shape_76-1,21,-97.864130,22.216590
shape_76-1,22,-97.863440,22.217890
shape_76-1,23,-97.868390,22.220080
shape_76-1,24,-97.868500,22.220040
shape_76-1,25,-97.868740,22.220530
shape_76-1,26,-97.868990,22.221300
shape_76-1,27,-97.870050,22.224540
shape_76-1,28,-97.870630,22.224360
shape_76-1,29,-97.871670,22.226230
shape_76-1,30,-97.871570,22.226860
shape_76-1,31,-97.871290,22.226800
shape_81-1,0,-97.839410,22.226380
shape_81-1,1,-97.840480,22.226790
shape_81-1,2,-97.840300,22.226050
shape_81-1,3,-97.841490,22.223870
shape_81-1,4,-97.840610,22.223500
shape_81-1,5,-97.841040,22.222720
shape_81-1,6,-97.840170,22.222350
shape_81-1,7,-97.844280,22.214500
shape_81-1,8,-97.845540,22.214020
shape_81-1,9,-97.845720,22.213810
shape_81-1,10,-97.847360,22.214570
shape_81-1,11,-97.849450,22.210550
shape_81-1,12,-97.852870,22.212110
shape_81-1,13,-97.853040,22.211840
shape_81-1,14,-97.854840,22.212270
shape_81-1,15,-97.855800,22.212450
shape_81-1,16,-97.857530,22.213200
shape_81-1,17,-97.857530,22.213200
shape_81-1,18,-97.856300,22.215610
shape_81-1,19,-97.853700,22.214440
shape_81-1,20,-97.852050,22.213710
shape_81-1,21,-97.850580,22.213060
shape_81-1,22,-97.848660,22.212180
shape_81-1,23,-97.847360,22.214570
shape_81-1,24,-97.845720,22.213810
shape_81-1,25,-97.845540,22.214020
shape_81-1,26,-97.844280,22.214500
shape_81-1,27,-97.840170,22.222350
shape_81-1,28,-97.841040,22.222720
shape_81-1,29,-97.840610,22.223500
shape_81-1,30,-97.841490,22.223870
shape_81-1,31,-97.840300,22.226050
shape_81-1,32,-97.840450,22.226730
shape_81-1,33,-97.839380,22.226370
shape_89A-1,0,-97.921280,22.412130
shape_89A-1,1,-97.922280,22.412250
shape_89A-1,2,-97.922680,22.409370
shape_89A-1,3,-97.921710,22.409250
shape_89A-1,4,-97.922920,22.400310
shape_89A-1,5,-97.923180,22.399470
shape_89A-1,6,-97.929040,22.397460
shape_89A-1,7,-97.929620,22.397130
shape_89A-1,8,-97.931850,22.394640
shape_89A-1,9,-97.932470,22.394490
shape_89A-1,10,-97.933370,22.395300
shape_89A-1,11,-97.934190,22.395580
shape_89A-1,12,-97.935300,22.395740
shape_89A-1,13,-97.934930,22.397450
shape_89A-1,14,-97.935780,22.397620
shape_89A-1,15,-97.935990,22.396700
shape_89A-1,16,-97.936920,22.396910
shape_89A-1,17,-97.936920,22.396910
shape_89A-1,18,-97.936000,22.396760
shape_89A-1,19,-97.934620,22.396520
shape_89A-1,20,-97.933160,22.396200
shape_89A-1,21,-97.933380,22.395330
shape_89A-1,22,-97.933000,22.395050
shape_89A-1,23,-97.932680,22.394810
shape_89A-1,24,-97.932510,22.394570
shape_89A-1,25,-97.932470,22.394490
shape_89A-1,26,-97.931850,22.394640
shape_89A-1,27,-97.929620,22.397130
shape_89A-1,28,-97.928380,22.397480
shape_89A-1,29,-97.927490,22.397650
shape_89A-1,30,-97.925250,22.397330
shape_89A-1,31,-97.924000,22.397640
shape_89A-1,32,-97.922780,22.398390
shape_89A-1,33,-97.921750,22.399370
shape_89A-1,34,-97.921970,22.399620
shape_89A-1,35,-97.922340,22.399760
shape_89A-1,36,-97.923220,22.399530
shape_89A-1,37,-97.922920,22.400310
shape_89A-1,38,-97.921710,22.409250
shape_89A-1,39,-97.922680,22.409370
shape_89A-1,40,-97.922280,22.412250
shape_67-1,0,-97.858040,22.250450
shape_67-1,1,-97.857520,22.246520
shape_67-1,2,-97.855200,22.245330
shape_67-1,3,-97.855100,22.247080
shape_67-1,4,-97.854580,22.248170
shape_67-1,5,-97.854840,22.250300
shape_67-1,6,-97.853850,22.249760
shape_67-1,7,-97.853850,22.249760
shape_67-1,8,-97.853630,22.248090
shape_67-1,9,-97.850630,22.246530
shape_67-1,10,-97.850210,22.247210
shape_67-1,11,-97.844020,22.243880
shape_67-1,12,-97.843180,22.245350
shape_67-1,13,-97.841820,22.247470
shape_67-1,14,-97.841400,22.248190
shape_67-1,15,-97.839880,22.247330
shape_67-1,16,-97.839440,22.248100
shape_67-1,17,-97.839440,22.248100
shape_67-1,18,-97.837940,22.247230
shape_67-1,19,-97.839720,22.244440
shape_67-1,20,-97.842760,22.246010
shape_67-1,21,-97.843180,22.245350
shape_67-1,22,-97.844020,22.243880
shape_67-1,23,-97.850210,22.247210
shape_67-1,24,-97.850630,22.246530
shape_67-1,25,-97.853630,22.248090
shape_67-1,26,-97.853850,22.249760
shape_67-1,27,-97.853850,22.249760
shape_67-1,28,-97.854840,22.250300
shape_67-1,29,-97.854580,22.248170
shape_67-1,30,-97.855100,22.247080
shape_67-1,31,-97.855250,22.245360
shape_67-1,32,-97.857510,22.246550
shape_67-1,33,-97.858100,22.250430
shape_82-1,0,-97.873790,22.238410
shape_82-1,1,-97.873500,22.238000
shape_82-1,2,-97.873150,22.235610
shape_82-1,3,-97.872420,22.234490
shape_82-1,4,-97.872190,22.233980
shape_82-1,5,-97.872340,22.232890
shape_82-1,6,-97.872680,22.232440
shape_82-1,7,-97.872720,22.232150
shape_82-1,8,-97.872450,22.231640
shape_82-1,9,-97.872160,22.231410
shape_82-1,10,-97.870790,22.230560
shape_82-1,11,-97.870420,22.229670
shape_82-1,12,-97.869850,22.228170
shape_82-1,13,-97.868570,22.227810
shape_82-1,14,-97.868210,22.227710
shape_82-1,15,-97.866510,22.223610
shape_82-1,16,-97.866000,22.222570
shape_82-1,17,-97.865400,22.223250
shape_82-1,18,-97.864930,22.223520
shape_82-1,19,-97.864480,22.223420
shape_82-1,20,-97.863500,22.223540
shape_82-1,21,-97.863220,22.220780
shape_82-1,22,-97.863500,22.223540
shape_82-1,23,-97.863220,22.220780
shape_82-1,24,-97.862880,22.219800
shape_82-1,25,-97.862680,22.219410
shape_82-1,26,-97.857530,22.217140
shape_82-1,27,-97.857530,22.217140
shape_82-1,28,-97.858820,22.214780
shape_82-1,29,-97.859660,22.215200
shape_82-1,30,-97.858010,22.218360
shape_82-1,31,-97.862300,22.220230
shape_82-1,32,-97.862760,22.220430
shape_82-1,33,-97.863250,22.220660
shape_82-1,34,-97.863270,22.220680
shape_82-1,35,-97.863300,22.222600
shape_82-1,36,-97.862940,22.223420
shape_82-1,37,-97.863500,22.223540
shape_82-1,38,-97.864480,22.223420
shape_82-1,39,-97.865060,22.223530
shape_82-1,40,-97.865910,22.223840
shape_82-1,41,-97.866510,22.223610
shape_82-1,42,-97.868210,22.227710
shape_82-1,43,-97.868570,22.227810
shape_82-1,44,-97.869850,22.228170
shape_82-1,45,-97.870420,22.229670
shape_82-1,46,-97.870790,22.230560
shape_82-1,47,-97.872160,22.231410
shape_82-1,48,-97.872450,22.231640
shape_82-1,49,-97.872720,22.232150
shape_82-1,50,-97.872680,22.232440
shape_82-1,51,-97.872340,22.232890
shape_82-1,52,-97.872190,22.233980
shape_82-1,53,-97.872420,22.234490
shape_82-1,54,-97.873150,22.235610
shape_82-1,55,-97.873500,22.238000
shape_66-1,0,-97.837850,22.276160
shape_66-1,1,-97.835140,22.267900
shape_66-1,2,-97.833340,22.262210
shape_66-1,3,-97.835000,22.260870
shape_66-1,4,-97.832600,22.258430
shape_66-1,5,-97.837300,22.254470
shape_66-1,6,-97.835200,22.249480
shape_66-1,7,-97.834830,22.248580
shape_66-1,8,-97.834680,22.248190
shape_66-1,9,-97.834110,22.246670
shape_66-1,10,-97.835240,22.244870
shape_66-1,11,-97.837470,22.246040
shape_66-1,12,-97.835200,22.249480
shape_66-1,13,-97.837300,22.254470
shape_66-1,14,-97.832600,22.258430
shape_66-1,15,-97.835000,22.260870
shape_66-1,16,-97.833940,22.261810
shape_66-1,17,-97.838550,22.276050
shape_75-1,0,-97.895330,22.226440
shape_75-1,1,-97.894000,22.224910
shape_75-1,2,-97.892070,22.224670
shape_75-1,3,-97.890720,22.224480
shape_75-1,4,-97.886810,22.222930
shape_75-1,5,-97.885310,22.223280
shape_75-1,6,-97.870490,22.217540
shape_75-1,7,-97.870760,22.216970
shape_75-1,8,-97.868200,22.215990
shape_75-1,9,-97.867790,22.215610
shape_75-1,10,-97.866150,22.215000
shape_75-1,11,-97.864770,22.214740
shape_75-1,12,-97.864020,22.214440
shape_75-1,13,-97.857230,22.211880
shape_75-1,14,-97.856930,22.212400
shape_75-1,15,-97.856930,22.212400
shape_75-1,16,-97.857780,22.212700
shape_75-1,17,-97.857690,22.212920
shape_75-1,18,-97.859040,22.213470
shape_75-1,19,-97.860100,22.214310
shape_75-1,20,-97.860340,22.214140
shape_75-1,21,-97.860940,22.214590
shape_75-1,22,-97.863440,22.215650
shape_75-1,23,-97.864060,22.214460
shape_75-1,24,-97.864770,22.214740
shape_75-1,25,-97.866150,22.215000
shape_75-1,26,-97.867790,22.215610
shape_75-1,27,-97.868200,22.215990
shape_75-1,28,-97.870760,22.216970
shape_75-1,29,-97.870490,22.217540
shape_75-1,30,-97.885310,22.223280
shape_75-1,31,-97.886810,22.222930
shape_75-1,32,-97.890720,22.224480
shape_75-1,33,-97.892070,22.224670
shape_75-1,34,-97.894000,22.224910
shape_59-1,0,-97.872700,22.247620
shape_59-1,1,-97.871850,22.248090
shape_59-1,2,-97.871450,22.247360
shape_59-1,3,-97.867210,22.249400
shape_59-1,4,-97.865970,22.249930
shape_59-1,5,-97.863570,22.250620
shape_59-1,6,-97.853570,22.253550
shape_59-1,7,-97.851680,22.254090
shape_59-1,8,-97.835230,22.244850
shape_59-1,9,-97.834330,22.246260
shape_59-1,10,-97.834330,22.246260
shape_59-1,11,-97.835530,22.246940
shape_59-1,12,-97.850030,22.254610
shape_59-1,13,-97.853570,22.253550
shape_59-1,14,-97.863570,22.250620
shape_59-1,15,-97.865970,22.249930
shape_59-1,16,-97.872330,22.246960
shape_59-1,17,-97.872690,22.247620
shape_56-1,0,-97.873780,22.238430
shape_56-1,1,-97.873440,22.237870
shape_56-1,2,-97.873140,22.235570
shape_56-1,3,-97.872640,22.234890
shape_56-1,4,-97.872320,22.234290
shape_56-1,5,-97.872200,22.233670
shape_56-1,6,-97.872320,22.232870
shape_56-1,7,-97.872730,22.232420
shape_56-1,8,-97.872580,22.231840
shape_56-1,9,-97.872190,22.231430
shape_56-1,10,-97.871570,22.231130
shape_56-1,11,-97.870750,22.230530
shape_56-1,12,-97.869840,22.228150
shape_56-1,13,-97.868180,22.227680
shape_56-1,14,-97.866520,22.223600
shape_56-1,15,-97.865930,22.223880
shape_56-1,16,-97.864470,22.223380
shape_56-1,17,-97.863450,22.223530
shape_56-1,18,-97.863200,22.220930
shape_56-1,19,-97.863180,22.220470
shape_56-1,20,-97.862690,22.219410
shape_56-1,21,-97.857580,22.217140
shape_56-1,22,-97.858840,22.214770
shape_56-1,23,-97.859640,22.215170
shape_56-1,24,-97.857970,22.218370
shape_56-1,25,-97.863180,22.220630
shape_56-1,26,-97.863180,22.220630
shape_56-1,27,-97.857970,22.218370
shape_56-1,28,-97.859640,22.215170
shape_56-1,29,-97.858840,22.214770
shape_56-1,30,-97.857580,22.217140
shape_56-1,31,-97.862690,22.219410
shape_56-1,32,-97.863180,22.220470
shape_56-1,33,-97.863200,22.220930
shape_56-1,34,-97.863450,22.223530
shape_56-1,35,-97.864470,22.223380
shape_56-1,36,-97.865930,22.223880
shape_56-1,37,-97.866520,22.223600
shape_56-1,38,-97.868180,22.227680
shape_56-1,39,-97.869840,22.228150
shape_56-1,40,-97.870750,22.230530
shape_56-1,41,-97.871570,22.231130
shape_56-1,42,-97.872190,22.231430
shape_56-1,43,-97.872580,22.231840
shape_56-1,44,-97.872730,22.232420
shape_56-1,45,-97.872320,22.232870
shape_56-1,46,-97.872200,22.233670
shape_56-1,47,-97.872320,22.234290
shape_56-1,48,-97.872640,22.234890
shape_56-1,49,-97.873140,22.235570
shape_56-1,50,-97.873440,22.237870
shape_73-1,0,-97.857970,22.249400
shape_73-1,1,-97.857550,22.246530
shape_73-1,2,-97.855270,22.245360
shape_73-1,3,-97.855290,22.242700
shape_73-1,4,-97.855180,22.242140
shape_73-1,5,-97.858150,22.240290
shape_73-1,6,-97.859000,22.236640
shape_73-1,7,-97.858830,22.236170
shape_73-1,8,-97.857130,22.234640
shape_73-1,9,-97.857110,22.233980
shape_73-1,10,-97.857240,22.233550
shape_73-1,11,-97.858930,22.231860
shape_73-1,12,-97.859510,22.231120
shape_73-1,13,-97.859680,22.230470
shape_73-1,14,-97.858580,22.226030
shape_73-1,15,-97.857730,22.225510
shape_73-1,16,-97.859440,22.221880
shape_73-1,17,-97.855810,22.220310
shape_73-1,18,-97.859220,22.213980
shape_73-1,19,-97.858350,22.213590
shape_73-1,20,-97.858090,22.214060
shape_73-1,21,-97.858090,22.214060
shape_73-1,22,-97.857730,22.214780
shape_73-1,23,-97.856680,22.216830
shape_73-1,24,-97.854000,22.221660
shape_73-1,25,-97.855950,22.221890
shape_73-1,26,-97.856680,22.222550
shape_73-1,27,-97.856710,22.223480
shape_73-1,28,-97.856210,22.224360
shape_73-1,29,-97.856170,22.224930
shape_73-1,30,-97.856920,22.225450
shape_73-1,31,-97.857730,22.225510
shape_73-1,32,-97.858580,22.226030
shape_73-1,33,-97.859680,22.230470
shape_73-1,34,-97.859510,22.231120
shape_73-1,35,-97.858930,22.231860
shape_73-1,36,-97.857240,22.233550
shape_73-1,37,-97.857110,22.233980
shape_73-1,38,-97.857130,22.234640
shape_73-1,39,-97.858830,22.236170
shape_73-1,40,-97.859000,22.236640
shape_73-1,41,-97.858150,22.240290
shape_73-1,42,-97.855180,22.242140
shape_73-1,43,-97.855290,22.242700
shape_73-1,44,-97.855270,22.245360
shape_73-1,45,-97.857550,22.246530
shape_85-1,0,-97.843250,22.269620
shape_85-1,1,-97.844020,22.271600
shape_85-1,2,-97.841910,22.272370
shape_85-1,3,-97.840910,22.269870
shape_85-1,4,-97.838860,22.270610
shape_85-1,5,-97.838710,22.270310
shape_85-1,6,-97.836920,22.270990
shape_85-1,7,-97.836310,22.269020
shape_85-1,8,-97.838140,22.268090
shape_85-1,9,-97.837540,22.267030
shape_85-1,10,-97.837150,22.266480
shape_85-1,11,-97.835850,22.265180
shape_85-1,12,-97.838130,22.263600
shape_85-1,13,-97.838760,22.263150
shape_85-1,14,-97.837980,22.262380
shape_85-1,15,-97.837780,22.262410
shape_85-1,16,-97.837450,22.262060
shape_85-1,17,-97.839390,22.260450
shape_85-1,18,-97.831540,22.252500
shape_85-1,19,-97.835130,22.249490
shape_85-1,20,-97.836180,22.248240
shape_85-1,21,-97.836600,22.247500
shape_85-1,22,-97.837050,22.246760
shape_85-1,23,-97.836290,22.246420
shape_85-1,24,-97.836290,22.246420
shape_85-1,25,-97.835890,22.247110
shape_85-1,26,-97.835440,22.247810
shape_85-1,27,-97.834870,22.248650
shape_85-1,28,-97.835130,22.249490
shape_85-1,29,-97.830860,22.253040
shape_85-1,30,-97.838760,22.261010
shape_85-1,31,-97.839980,22.262250
shape_85-1,32,-97.839490,22.262620
shape_85-1,33,-97.839080,22.262940
shape_85-1,34,-97.838760,22.263150
shape_85-1,35,-97.838130,22.263600
shape_85-1,36,-97.835850,22.265180
shape_85-1,37,-97.837150,22.266480
shape_85-1,38,-97.837540,22.267030
shape_85-1,39,-97.838140,22.268090
shape_85-1,40,-97.836310,22.269020
shape_85-1,41,-97.836920,22.270990
shape_85-1,42,-97.838710,22.270310
shape_85-1,43,-97.838860,22.270610
shape_85-1,44,-97.840910,22.269870
shape_85-1,45,-97.841910,22.272370
shape_85-1,46,-97.844020,22.271600
shape_71-1,0,-97.833740,22.240480
shape_71-1,1,-97.834270,22.240950
shape_71-1,2,-97.834810,22.240370
shape_71-1,3,-97.835360,22.239730
shape_71-1,4,-97.835520,22.239650
shape_71-1,5,-97.835630,22.239700
shape_71-1,6,-97.837150,22.237330
shape_71-1,7,-97.837820,22.236750
shape_71-1,8,-97.838340,22.235750
shape_71-1,9,-97.838580,22.235060
shape_71-1,10,-97.838850,22.234430
shape_71-1,11,-97.839480,22.233260
shape_71-1,12,-97.839920,22.233380
shape_71-1,13,-97.842970,22.227340
shape_71-1,14,-97.847800,22.217930
shape_71-1,15,-97.850320,22.212910
shape_71-1,16,-97.852050,22.213700
shape_71-1,17,-97.851230,22.215250
shape_71-1,18,-97.855420,22.217180
shape_71-1,19,-97.857550,22.213220
shape_71-1,20,-97.857550,22.213220
shape_71-1,21,-97.855890,22.212480
shape_71-1,22,-97.853040,22.211840
shape_71-1,23,-97.852910,22.212160
shape_71-1,24,-97.850310,22.210950
shape_71-1,25,-97.849090,22.213350
shape_71-1,26,-97.848250,22.212950
shape_71-1,27,-97.847410,22.214580
shape_71-1,28,-97.848270,22.214980
shape_71-1,29,-97.842050,22.227020
shape_71-1,30,-97.842950,22.227400
shape_71-1,31,-97.839920,22.233380
shape_71-1,32,-97.839480,22.233260
shape_71-1,33,-97.838850,22.234430
shape_71-1,34,-97.838580,22.235060
shape_71-1,35,-97.838340,22.235750
shape_71-1,36,-97.837820,22.236750
shape_71-1,37,-97.837150,22.237330
shape_71-1,38,-97.835630,22.239700
shape_71-1,39,-97.835520,22.239650
shape_71-1,40,-97.835360,22.239730
shape_71-1,41,-97.834810,22.240370
shape_71-1,42,-97.834280,22.240920
shape_71-1,43,-97.833720,22.240520
shape_69-1,0,-97.834470,22.248880
shape_69-1,1,-97.832870,22.250240
shape_69-1,2,-97.835980,22.253320
shape_69-1,3,-97.837080,22.254460
shape_69-1,4,-97.837160,22.254570
shape_69-1,5,-97.831940,22.258990
shape_69-1,6,-97.830350,22.260310
shape_69-1,7,-97.829520,22.260890
shape_69-1,8,-97.828940,22.261440
shape_69-1,9,-97.824480,22.265300
shape_69-1,10,-97.830990,22.272040
shape_69-1,11,-97.830460,22.272500
shape_69-1,12,-97.829940,22.272950
shape_69-1,13,-97.827240,22.275280
shape_69-1,14,-97.829680,22.277770
shape_69-1,15,-97.827930,22.278370
shape_69-1,16,-97.828960,22.280610
shape_69-1,17,-97.830420,22.284060
shape_69-1,18,-97.830420,22.284060
shape_69-1,19,-97.828960,22.280610
shape_69-1,20,-97.827930,22.278370
shape_69-1,21,-97.829680,22.277770
shape_69-1,22,-97.827240,22.275280
shape_69-1,23,-97.829940,22.272950
shape_69-1,24,-97.830460,22.272500
shape_69-1,25,-97.830990,22.272040
shape_69-1,26,-97.824480,22.265300
shape_69-1,27,-97.828940,22.261440
shape_69-1,28,-97.829520,22.260890
shape_69-1,29,-97.830350,22.260310
shape_69-1,30,-97.831940,22.258990
shape_69-1,31,-97.837160,22.254570
shape_69-1,32,-97.837080,22.254460
shape_69-1,33,-97.835980,22.253320
shape_69-1,34,-97.833560,22.250900
shape_69-1,35,-97.835070,22.249530
shape_69-1,36,-97.835000,22.249310
shape_69-1,37,-97.834870,22.249260
shape_69-1,38,-97.834450,22.248880
shape_72-1,0,-97.860090,22.251630
shape_72-1,1,-97.859830,22.248730
shape_72-1,2,-97.860030,22.247090
shape_72-1,3,-97.860160,22.246230
shape_72-1,4,-97.862920,22.246190
shape_72-1,5,-97.862510,22.233640
shape_72-1,6,-97.860970,22.233710
shape_72-1,7,-97.861110,22.231650
shape_72-1,8,-97.861030,22.230490
shape_72-1,9,-97.861390,22.229120
shape_72-1,10,-97.861400,22.228690
shape_72-1,11,-97.860480,22.228380
shape_72-1,12,-97.861710,22.225820
shape_72-1,13,-97.858270,22.224330
shape_72-1,14,-97.859420,22.221900
shape_72-1,15,-97.855840,22.220300
shape_72-1,16,-97.859240,22.213980
shape_72-1,17,-97.859240,22.213980
shape_72-1,18,-97.856710,22.212870
shape_72-1,19,-97.854600,22.216830
shape_72-1,20,-97.863270,22.220700
shape_72-1,21,-97.863570,22.224140
shape_72-1,22,-97.862930,22.225290
shape_72-1,23,-97.862580,22.226180
shape_72-1,24,-97.862030,22.227510
shape_72-1,25,-97.861400,22.228690
shape_72-1,26,-97.862730,22.229380
shape_72-1,27,-97.862560,22.230120
shape_72-1,28,-97.863510,22.233310
shape_72-1,29,-97.863440,22.235140
shape_72-1,30,-97.863530,22.238280
shape_72-1,31,-97.863790,22.246130
shape_72-1,32,-97.863810,22.249220
shape_72-1,33,-97.863640,22.250590
shape_72-1,34,-97.860070,22.251670
shape_88-1,0,-97.919730,22.423470
shape_88-1,1,-97.922370,22.423790
shape_88-1,2,-97.922240,22.424690
shape_88-1,3,-97.925180,22.425020
shape_88-1,4,-97.929570,22.425630
shape_88-1,5,-97.931070,22.425750
shape_88-1,6,-97.933560,22.427100
shape_88-1,7,-97.934760,22.419050
shape_88-1,8,-97.934530,22.418640
shape_88-1,9,-97.934570,22.418060
shape_88-1,10,-97.933350,22.417930
shape_88-1,11,-97.933920,22.414390
shape_88-1,12,-97.933630,22.414340
shape_88-1,13,-97.933780,22.413430
shape_88-1,14,-97.931460,22.412240
shape_88-1,15,-97.938310,22.408630
shape_88-1,16,-97.937170,22.405710
shape_88-1,17,-97.938040,22.397210
shape_88-1,18,-97.936880,22.396920
shape_88-1,19,-97.936700,22.397790
shape_88-1,20,-97.936700,22.397790
shape_88-1,21,-97.937350,22.397920
shape_88-1,22,-97.937970,22.398010
shape_88-1,23,-97.937170,22.405710
shape_88-1,24,-97.938310,22.408630
shape_88-1,25,-97.931460,22.412240
shape_88-1,26,-97.933780,22.413430
shape_88-1,27,-97.933630,22.414340
shape_88-1,28,-97.933920,22.414390
shape_88-1,29,-97.933350,22.417930
shape_88-1,30,-97.934570,22.418060
shape_88-1,31,-97.934530,22.418640
shape_88-1,32,-97.934760,22.419050
shape_88-1,33,-97.933560,22.427100
shape_88-1,34,-97.931070,22.425750
shape_88-1,35,-97.929570,22.425630
shape_88-1,36,-97.925180,22.425020
shape_88-1,37,-97.922240,22.424690
shape_88-1,38,-97.922370,22.423790
shape_61-1,0,-97.837350,22.249770
shape_61-1,1,-97.838080,22.250190
shape_61-1,2,-97.844800,22.239710
shape_61-1,3,-97.845550,22.240250
shape_61-1,4,-97.846400,22.240610
shape_61-1,5,-97.847220,22.239150
shape_61-1,6,-97.848220,22.236090
shape_61-1,7,-97.846500,22.235540
shape_61-1,8,-97.846990,22.234300
shape_61-1,9,-97.844250,22.233490
shape_61-1,10,-97.846400,22.227620
shape_61-1,11,-97.850430,22.216950
shape_61-1,12,-97.851220,22.215220
shape_61-1,13,-97.852110,22.215630
shape_61-1,14,-97.853750,22.212510
shape_61-1,15,-97.853770,22.212520
shape_61-1,16,-97.854590,22.212930
shape_61-1,17,-97.854230,22.213680
shape_61-1,18,-97.852510,22.212920
shape_61-1,19,-97.850430,22.216950
shape_61-1,20,-97.846400,22.227620
shape_61-1,21,-97.844250,22.233490
shape_61-1,22,-97.846990,22.234300
shape_61-1,23,-97.846500,22.235540
shape_61-1,24,-97.848220,22.236090
shape_61-1,25,-97.847220,22.239150
shape_61-1,26,-97.846400,22.240610
shape_61-1,27,-97.845550,22.240250
shape_61-1,28,-97.844800,22.239710
shape_61-1,29,-97.842660,22.243210
shape_61-1,30,-97.843280,22.243560
shape_61-1,31,-97.840200,22.248490
shape_61-1,32,-97.838680,22.247630
shape_61-1,33,-97.837320,22.249810
shape_61-1,34,-97.838100,22.250210
shape_77-1,0,-97.860780,22.279270
shape_77-1,1,-97.856260,22.275460
shape_77-1,2,-97.858520,22.269790
shape_77-1,3,-97.856390,22.269050
shape_77-1,4,-97.857980,22.264820
shape_77-1,5,-97.853340,22.263320
shape_77-1,6,-97.853630,22.262640
shape_77-1,7,-97.850500,22.261640
shape_77-1,8,-97.850360,22.261690
shape_77-1,9,-97.844530,22.258610
shape_77-1,10,-97.844150,22.258010
shape_77-1,11,-97.843270,22.257150
shape_77-1,12,-97.844710,22.256020
shape_77-1,13,-97.844980,22.255640
shape_77-1,14,-97.845340,22.255020
shape_77-1,15,-97.841480,22.252990
shape_77-1,16,-97.839950,22.252130
shape_77-1,17,-97.839320,22.251850
shape_77-1,18,-97.839110,22.251710
shape_77-1,19,-97.839600,22.251010
shape_77-1,20,-97.840050,22.250310
shape_77-1,21,-97.837770,22.249070
shape_77-1,22,-97.837320,22.249760
shape_77-1,23,-97.836650,22.250510
shape_77-1,24,-97.836070,22.249860
shape_77-1,25,-97.836620,22.249410
shape_77-1,26,-97.837010,22.248690
shape_77-1,27,-97.837480,22.247920
shape_77-1,28,-97.837480,22.247920
shape_77-1,29,-97.839010,22.248780
shape_77-1,30,-97.840060,22.249330
shape_77-1,31,-97.841320,22.250010
shape_77-1,32,-97.840850,22.250780
shape_77-1,33,-97.839950,22.252130
shape_77-1,34,-97.841480,22.252990
shape_77-1,35,-97.845340,22.255020
shape_77-1,36,-97.844980,22.255640
shape_77-1,37,-97.844710,22.256020
shape_77-1,38,-97.843270,22.257150
shape_77-1,39,-97.844150,22.258010
shape_77-1,40,-97.844530,22.258610
shape_77-1,41,-97.850360,22.261690
shape_77-1,42,-97.850500,22.261640
shape_77-1,43,-97.852110,22.262170
shape_77-1,44,-97.851830,22.262880
shape_77-1,45,-97.857980,22.264820
shape_77-1,46,-97.856150,22.269820
shape_77-1,47,-97.858250,22.270490
shape_77-1,48,-97.856320,22.275420
shape_77-1,49,-97.855070,22.274560
shape_77-1,50,-97.854820,22.274700
shape_77-1,51,-97.856340,22.276750
shape_77-1,52,-97.858850,22.277980
shape_77-1,53,-97.860550,22.279310
shape_65-1,0,-97.857950,22.213400
shape_65-1,1,-97.856690,22.212840
shape_65-1,2,-97.854580,22.216800
shape_65-1,3,-97.863220,22.220620
shape_65-1,4,-97.863290,22.221010
shape_65-1,5,-97.863420,22.223500
shape_65-1,6,-97.864750,22.226660
shape_65-1,7,-97.872160,22.244770
shape_65-1,8,-97.873440,22.247080
shape_65-1,9,-97.874730,22.249460
shape_65-1,10,-97.876450,22.255200
shape_65-1,11,-97.873590,22.255240
shape_65-1,12,-97.873580,22.256190
shape_65-1,13,-97.873580,22.256190
shape_65-1,14,-97.873990,22.257230
shape_65-1,15,-97.876660,22.257250
shape_65-1,16,-97.876450,22.255200
shape_65-1,17,-97.874730,22.249460
shape_65-1,18,-97.873440,22.247080
shape_65-1,19,-97.872160,22.244770
shape_65-1,20,-97.864750,22.226660
shape_65-1,21,-97.863420,22.223500
shape_65-1,22,-97.863290,22.221010
shape_65-1,23,-97.862780,22.219490
shape_65-1,24,-97.857540,22.217170
shape_65-1,25,-97.859300,22.213990
shape_65-1,26,-97.856690,22.212840
shape_64-1,0,-97.786870,22.264040
shape_64-1,1,-97.795730,22.262720
shape_64-1,2,-97.795890,22.263460
shape_64-1,3,-97.798980,22.263180
shape_64-1,4,-97.808130,22.258570
shape_64-1,5,-97.818620,22.253290
shape_64-1,6,-97.819130,22.253180
shape_64-1,7,-97.819780,22.253500
shape_64-1,8,-97.821570,22.255330
shape_64-1,9,-97.833090,22.245630
shape_64-1,10,-97.835090,22.246710
shape_64-1,11,-97.836410,22.244560
shape_64-1,12,-97.837190,22.244930
shape_64-1,13,-97.836330,22.246390
shape_64-1,14,-97.836330,22.246390
shape_64-1,15,-97.835610,22.246000
shape_64-1,16,-97.833080,22.244450
shape_64-1,17,-97.832460,22.244970
shape_64-1,18,-97.831290,22.245980
shape_64-1,19,-97.821940,22.253910
shape_64-1,20,-97.819830,22.253370
shape_64-1,21,-97.819130,22.253180
shape_64-1,22,-97.818620,22.253290
shape_64-1,23,-97.808130,22.258570
shape_64-1,24,-97.798980,22.263180
shape_64-1,25,-97.795890,22.263460
shape_64-1,26,-97.795790,22.262730
shape_64-1,27,-97.786900,22.264100
shape_62-1,0,-97.836050,22.249860
shape_62-1,1,-97.839070,22.252920
shape_62-1,2,-97.840010,22.252100
shape_62-1,3,-97.841310,22.249990
shape_62-1,4,-97.842840,22.250870
shape_62-1,5,-97.846780,22.244430
shape_62-1,6,-97.847990,22.245050
shape_62-1,7,-97.847120,22.244600
shape_62-1,8,-97.848770,22.241920
shape_62-1,9,-97.850120,22.239300
shape_62-1,10,-97.851030,22.237510
shape_62-1,11,-97.849820,22.237060
shape_62-1,12,-97.848850,22.235020
shape_62-1,13,-97.848330,22.233420
shape_62-1,14,-97.847530,22.232010
shape_62-1,15,-97.846810,22.231050
shape_62-1,16,-97.846620,22.229810
shape_62-1,17,-97.852630,22.218350
shape_62-1,18,-97.853320,22.217220
shape_62-1,19,-97.853310,22.217230
shape_62-1,20,-97.855870,22.212460
shape_62-1,21,-97.854950,22.212260
shape_62-1,22,-97.854490,22.212950
shape_62-1,23,-97.852500,22.216770
shape_62-1,24,-97.853310,22.217230
shape_62-1,25,-97.846620,22.229810
shape_62-1,26,-97.846810,22.231050
shape_62-1,27,-97.847530,22.232010
shape_62-1,28,-97.848330,22.233420
shape_62-1,29,-97.848850,22.235020
shape_62-1,30,-97.849820,22.237060
shape_62-1,31,-97.851030,22.237510
shape_62-1,32,-97.850120,22.239300
shape_62-1,33,-97.848770,22.241920
shape_62-1,34,-97.847120,22.244600
shape_62-1,35,-97.847990,22.245050
shape_62-1,36,-97.846780,22.244430
shape_62-1,37,-97.843730,22.249430
shape_62-1,38,-97.842230,22.248640
shape_62-1,39,-97.841310,22.249990
shape_62-1,40,-97.840010,22.252100
shape_62-1,41,-97.839150,22.252930
shape_62-1,42,-97.836160,22.249880
shape_112-1,0,-97.953610,22.425030
shape_112-1,1,-97.953990,22.424060
shape_112-1,2,-97.951630,22.423130
shape_112-1,3,-97.950970,22.427670
shape_112-1,4,-97.962210,22.435550
shape_112-1,5,-97.971140,22.441970
shape_112-1,6,-97.978480,22.452880
shape_112-1,7,-97.977850,22.454030
shape_112-1,8,-97.976120,22.456710
shape_112-1,9,-97.976160,22.458030
shape_112-1,10,-97.971350,22.462830
shape_112-1,11,-97.971350,22.462830
shape_112-1,12,-97.976160,22.458030
shape_112-1,13,-97.976120,22.456710
shape_112-1,14,-97.977850,22.454030
shape_112-1,15,-97.978480,22.452880
shape_112-1,16,-97.971140,22.441970
shape_112-1,17,-97.962210,22.435550
shape_112-1,18,-97.950970,22.427670
shape_112-1,19,-97.951630,22.423130
shape_112-1,20,-97.953990,22.424060
shape_68-1,0,-97.850250,22.210900
shape_68-1,1,-97.852850,22.212100
shape_68-1,2,-97.853040,22.211880
shape_68-1,3,-97.854900,22.212310
shape_68-1,4,-97.855880,22.212490
shape_68-1,5,-97.857540,22.213210
shape_68-1,6,-97.855410,22.217190
shape_68-1,7,-97.851220,22.215240
shape_68-1,8,-97.852030,22.213690
shape_68-1,9,-97.850330,22.212940
shape_68-1,10,-97.846990,22.219490
shape_68-1,11,-97.845390,22.222680
shape_68-1,12,-97.840530,22.232040
shape_68-1,13,-97.840260,22.232700
shape_68-1,14,-97.839860,22.233390
shape_68-1,15,-97.840290,22.233540
shape_68-1,16,-97.843790,22.234690
shape_68-1,17,-97.842690,22.237750
shape_68-1,18,-97.842260,22.238480
shape_68-1,19,-97.840980,22.240410
shape_68-1,20,-97.836630,22.247480
shape_68-1,21,-97.834350,22.246300
shape_68-1,22,-97.834350,22.246300
shape_68-1,23,-97.834820,22.245600
shape_68-1,24,-97.837020,22.246730
shape_68-1,25,-97.840980,22.240410
shape_68-1,26,-97.842260,22.238480
shape_68-1,27,-97.842690,22.237750
shape_68-1,28,-97.843610,22.235290
shape_68-1,29,-97.840840,22.234420
shape_68-1,30,-97.841060,22.233830
shape_68-1,31,-97.839860,22.233390
shape_68-1,32,-97.840260,22.232700
shape_68-1,33,-97.840530,22.232040
shape_68-1,34,-97.842980,22.227400
shape_68-1,35,-97.842010,22.226990
shape_68-1,36,-97.844430,22.222250
shape_68-1,37,-97.846050,22.219140
shape_68-1,38,-97.848260,22.214970
shape_68-1,39,-97.847370,22.214600
shape_68-1,40,-97.848210,22.213060
shape_68-1,41,-97.849040,22.213350
shape_68-1,42,-97.850310,22.210950
shape_68-1,43,-97.852800,22.212100
shape_68-1,44,-97.853040,22.211880
shape_60-1,0,-97.875220,22.258620
shape_60-1,1,-97.876060,22.259500
shape_60-1,2,-97.875650,22.260750
shape_60-1,3,-97.874320,22.260430
shape_60-1,4,-97.874610,22.259100
shape_60-1,5,-97.875160,22.258540
shape_60-1,6,-97.873960,22.257250
shape_60-1,7,-97.873570,22.256180
shape_60-1,8,-97.873600,22.255220
shape_60-1,9,-97.864650,22.255230
shape_60-1,10,-97.863870,22.257280
shape_60-1,11,-97.862070,22.260260
shape_60-1,12,-97.861200,22.262190
shape_60-1,13,-97.860490,22.263370
shape_60-1,14,-97.860120,22.263200
shape_60-1,15,-97.859340,22.262740
shape_60-1,16,-97.858730,22.262480
shape_60-1,17,-97.857670,22.262150
shape_60-1,18,-97.856770,22.262170
shape_60-1,19,-97.855630,22.261730
shape_60-1,20,-97.854150,22.261290
shape_60-1,21,-97.855700,22.257210
shape_60-1,22,-97.854880,22.257230
shape_60-1,23,-97.850020,22.254630
shape_60-1,24,-97.851650,22.254060
shape_60-1,25,-97.845260,22.250270
shape_60-1,26,-97.835210,22.244850
shape_60-1,27,-97.834350,22.246280
shape_60-1,28,-97.834350,22.246280
shape_60-1,29,-97.836560,22.247460
shape_60-1,30,-97.844320,22.251710
shape_60-1,31,-97.847030,22.253160
shape_60-1,32,-97.850020,22.254630
shape_60-1,33,-97.852630,22.256030
shape_60-1,34,-97.854100,22.256840
shape_60-1,35,-97.852620,22.260780
shape_60-1,36,-97.855630,22.261730
shape_60-1,37,-97.856770,22.262170
shape_60-1,38,-97.857670,22.262150
shape_60-1,39,-97.858730,22.262480
shape_60-1,40,-97.859340,22.262740
shape_60-1,41,-97.860120,22.263200
shape_60-1,42,-97.860490,22.263370
shape_60-1,43,-97.861200,22.262190
shape_60-1,44,-97.862070,22.260260
shape_60-1,45,-97.863870,22.257280
shape_60-1,46,-97.864650,22.255230
shape_60-1,47,-97.873600,22.255220
shape_60-1,48,-97.873570,22.256180
shape_60-1,49,-97.873960,22.257250
shape_60-1,50,-97.875230,22.258640
shape_60-1,51,-97.874610,22.259100
shape_60-1,52,-97.874320,22.260430
shape_60-1,53,-97.875650,22.260750
shape_60-1,54,-97.876090,22.259510
shape_60-1,55,-97.875230,22.258650
shape_84-1,0,-97.917720,22.221700
shape_84-1,1,-97.914070,22.222580
shape_84-1,2,-97.909150,22.223740
shape_84-1,3,-97.903760,22.224360
shape_84-1,4,-97.895390,22.226610
shape_84-1,5,-97.895120,22.226170
shape_84-1,6,-97.894160,22.225010
shape_84-1,7,-97.893620,22.224810
shape_84-1,8,-97.891880,22.224710
shape_84-1,9,-97.889100,22.223810
shape_84-1,10,-97.889010,22.223510
shape_84-1,11,-97.886790,22.222950
shape_84-1,12,-97.885490,22.223240
shape_84-1,13,-97.871480,22.217930
shape_84-1,14,-97.871800,22.217310
shape_84-1,15,-97.868300,22.216030
shape_84-1,16,-97.867850,22.215630
shape_84-1,17,-97.866200,22.214980
shape_84-1,18,-97.864710,22.214710
shape_84-1,19,-97.857300,22.211910
shape_84-1,20,-97.856640,22.212870
shape_84-1,21,-97.856960,22.212390
shape_84-1,22,-97.857400,22.212560
shape_84-1,23,-97.857310,22.212790
shape_84-1,24,-97.857310,22.212790
shape_84-1,25,-97.857210,22.212970
shape_84-1,26,-97.857180,22.213050
shape_84-1,27,-97.857540,22.213250
shape_84-1,28,-97.858080,22.213470
shape_84-1,29,-97.859670,22.214230
shape_84-1,30,-97.859900,22.214670
shape_84-1,31,-97.860090,22.214370
shape_84-1,32,-97.860400,22.214100
shape_84-1,33,-97.860890,22.214530
shape_84-1,34,-97.863460,22.215680
shape_84-1,35,-97.864050,22.214470
shape_84-1,36,-97.864800,22.214760
shape_84-1,37,-97.866200,22.214980
shape_84-1,38,-97.867850,22.215630
shape_84-1,39,-97.868300,22.216030
shape_84-1,40,-97.871800,22.217310
shape_84-1,41,-97.871480,22.217930
shape_84-1,42,-97.885490,22.223240
shape_84-1,43,-97.886790,22.222950
shape_84-1,44,-97.889010,22.223510
shape_84-1,45,-97.889100,22.223810
shape_84-1,46,-97.891880,22.224710
shape_84-1,47,-97.893620,22.224810
shape_84-1,48,-97.894160,22.225010
shape_84-1,49,-97.895120,22.226170
shape_84-1,50,-97.895390,22.226610
shape_84-1,51,-97.903760,22.224360
shape_84-1,52,-97.909150,22.223740
shape_84-1,53,-97.917690,22.221790
shape_88A-1,0,-97.909390,22.415370
shape_88A-1,1,-97.912010,22.416860
shape_88A-1,2,-97.912740,22.415710
shape_88A-1,3,-97.913060,22.415660
shape_88A-1,4,-97.914340,22.415770
shape_88A-1,5,-97.915070,22.415870
shape_88A-1,6,-97.915950,22.416580
shape_88A-1,7,-97.916270,22.415080
shape_88A-1,8,-97.916470,22.414110
shape_88A-1,9,-97.915650,22.414040
shape_88A-1,10,-97.915790,22.413210
shape_88A-1,11,-97.918800,22.413480
shape_88A-1,12,-97.918930,22.412320
shape_88A-1,13,-97.919500,22.411990
shape_88A-1,14,-97.919910,22.411910
shape_88A-1,15,-97.921280,22.412110
shape_88A-1,16,-97.920840,22.415460
shape_88A-1,17,-97.922320,22.415680
shape_88A-1,18,-97.922100,22.417670
shape_88A-1,19,-97.924010,22.417880
shape_88A-1,20,-97.931120,22.418490
shape_88A-1,21,-97.931560,22.418030
shape_88A-1,22,-97.931730,22.417580
shape_88A-1,23,-97.931690,22.412350
shape_88A-1,24,-97.931790,22.412130
shape_88A-1,25,-97.934620,22.410600
shape_88A-1,26,-97.932470,22.407970
shape_88A-1,27,-97.934620,22.410600
shape_88A-1,28,-97.938330,22.408530
shape_88A-1,29,-97.937260,22.405770
shape_88A-1,30,-97.938050,22.397220
shape_88A-1,31,-97.936890,22.396940
shape_88A-1,32,-97.936700,22.397750
shape_88A-1,33,-97.936690,22.397780
shape_88A-1,34,-97.937620,22.397960
shape_88A-1,35,-97.937930,22.398030
shape_88A-1,36,-97.937260,22.405770
shape_88A-1,37,-97.938330,22.408530
shape_88A-1,38,-97.934620,22.410600
shape_88A-1,39,-97.932470,22.407970
shape_88A-1,40,-97.934620,22.410600
shape_88A-1,41,-97.931790,22.412130
shape_88A-1,42,-97.931690,22.412350
shape_88A-1,43,-97.931730,22.417580
shape_88A-1,44,-97.931560,22.418030
shape_88A-1,45,-97.931120,22.418490
shape_88A-1,46,-97.924010,22.417880
shape_88A-1,47,-97.922100,22.417670
shape_88A-1,48,-97.922320,22.415680
shape_88A-1,49,-97.920840,22.415460
shape_88A-1,50,-97.921280,22.412110
shape_88A-1,51,-97.919910,22.411910
shape_88A-1,52,-97.919500,22.411990
shape_88A-1,53,-97.918930,22.412320
shape_88A-1,54,-97.918800,22.413480
shape_88A-1,55,-97.915790,22.413210
shape_88A-1,56,-97.915650,22.414040
shape_88A-1,57,-97.916470,22.414110
shape_88A-1,58,-97.916270,22.415080
shape_88A-1,59,-97.915950,22.416580
shape_88A-1,60,-97.915070,22.415870
shape_88A-1,61,-97.914340,22.415770
shape_88A-1,62,-97.913060,22.415660
shape_88A-1,63,-97.912740,22.415710
shape_88A-1,64,-97.912010,22.416860
shape_87-1,0,-97.838350,22.296980
shape_87-1,1,-97.836730,22.292020
shape_87-1,2,-97.836410,22.290640
shape_87-1,3,-97.836350,22.288710
shape_87-1,4,-97.835240,22.288760
shape_87-1,5,-97.834870,22.288360
shape_87-1,6,-97.834560,22.277060
shape_87-1,7,-97.833610,22.277080
shape_87-1,8,-97.833620,22.276970
shape_87-1,9,-97.833590,22.276690
shape_87-1,10,-97.834270,22.276660
shape_87-1,11,-97.833860,22.275370
shape_87-1,12,-97.833630,22.274680
shape_87-1,13,-97.824470,22.265260
shape_87-1,14,-97.827470,22.262640
shape_87-1,15,-97.829720,22.260740
shape_87-1,16,-97.831390,22.259480
shape_87-1,17,-97.837140,22.254570
shape_87-1,18,-97.837060,22.254390
shape_87-1,19,-97.833490,22.250870
shape_87-1,20,-97.835650,22.248890
shape_87-1,21,-97.837530,22.246130
shape_87-1,22,-97.836000,22.245250
shape_87-1,23,-97.836000,22.245250
shape_87-1,24,-97.836440,22.244600
shape_87-1,25,-97.837940,22.245350
shape_87-1,26,-97.835650,22.248890
shape_87-1,27,-97.833490,22.250870
shape_87-1,28,-97.831600,22.252480
shape_87-1,29,-97.830940,22.253110
shape_87-1,30,-97.834570,22.256820
shape_87-1,31,-97.831390,22.259480
shape_87-1,32,-97.829720,22.260740
shape_87-1,33,-97.827470,22.262640
shape_87-1,34,-97.824470,22.265260
shape_87-1,35,-97.833630,22.274680
shape_87-1,36,-97.833860,22.275370
shape_87-1,37,-97.834270,22.276660
shape_87-1,38,-97.833590,22.276690
shape_87-1,39,-97.833620,22.276970
shape_87-1,40,-97.833610,22.277080
shape_87-1,41,-97.834560,22.277060
shape_87-1,42,-97.834870,22.288360
shape_87-1,43,-97.835240,22.288760
shape_87-1,44,-97.836350,22.288710
shape_87-1,45,-97.836410,22.290640
shape_87-1,46,-97.836730,22.292020
shape_89-1,0,-97.935640,22.398750
shape_89-1,1,-97.935800,22.397610
shape_89-1,2,-97.936710,22.397810
shape_89-1,3,-97.936500,22.398840
shape_89-1,4,-97.935250,22.398740
shape_89-1,5,-97.934710,22.398070
shape_89-1,6,-97.934100,22.397360
shape_89-1,7,-97.935800,22.397620
shape_89-1,8,-97.934090,22.397340
shape_89-1,9,-97.934030,22.396400
shape_89-1,10,-97.934250,22.395620
shape_89-1,11,-97.933280,22.395320
shape_89-1,12,-97.932000,22.394240
shape_89-1,13,-97.929650,22.397020
shape_89-1,14,-97.928380,22.397630
shape_89-1,15,-97.928780,22.398190
shape_89-1,16,-97.930280,22.399610
shape_89-1,17,-97.929390,22.404740
shape_89-1,18,-97.929700,22.405060
shape_89-1,19,-97.928480,22.405570
shape_89-1,20,-97.928500,22.405250
shape_89-1,21,-97.927040,22.405100
shape_89-1,22,-97.926920,22.406410
shape_89-1,23,-97.926130,22.406320
shape_89-1,24,-97.925880,22.407160
shape_89-1,25,-97.924970,22.407120
shape_89-1,26,-97.923950,22.406980
shape_89-1,27,-97.923030,22.406890
shape_89-1,28,-97.922080,22.406760
shape_89-1,29,-97.922500,22.403440
shape_89-1,30,-97.921590,22.403410
shape_89-1,31,-97.921450,22.403570
shape_89-1,32,-97.920060,22.403300
shape_89-1,33,-97.919610,22.405710
shape_89-1,34,-97.919680,22.406570
shape_89-1,35,-97.915130,22.406210
shape_89-1,36,-97.915130,22.406020
shape_89-1,37,-97.914350,22.406030
shape_89-1,38,-97.913230,22.408740
shape_89-1,39,-97.910520,22.408390
shape_89-1,40,-97.907490,22.408080
shape_89-1,41,-97.907380,22.409010
shape_89-1,42,-97.907240,22.409740
shape_89-1,43,-97.907090,22.409890
shape_89-1,44,-97.907080,22.410420
shape_89-1,45,-97.905730,22.410320
shape_89-1,46,-97.905330,22.413220
shape_89-1,47,-97.906650,22.413430
shape_89-1,48,-97.906550,22.414470
shape_89-1,49,-97.907980,22.414570
shape_89-1,50,-97.910390,22.415950
shape_89-1,51,-97.910390,22.415950
shape_89-1,52,-97.907980,22.414570
shape_89-1,53,-97.906550,22.414470
shape_89-1,54,-97.906650,22.413430
shape_89-1,55,-97.905330,22.413220
shape_89-1,56,-97.905730,22.410320
shape_89-1,57,-97.907080,22.410420
shape_89-1,58,-97.907090,22.409890
shape_89-1,59,-97.907240,22.409740
shape_89-1,60,-97.907380,22.409010
shape_89-1,61,-97.907490,22.408080
shape_89-1,62,-97.910520,22.408390
shape_89-1,63,-97.913230,22.408740
shape_89-1,64,-97.914350,22.406030
shape_89-1,65,-97.915130,22.406020
shape_89-1,66,-97.915130,22.406210
shape_89-1,67,-97.919680,22.406570
shape_89-1,68,-97.919870,22.406580
shape_89-1,69,-97.920040,22.406570
shape_89-1,70,-97.920420,22.406570
shape_89-1,71,-97.920900,22.406600
shape_89-1,72,-97.921570,22.406700
shape_89-1,73,-97.922080,22.406760
shape_89-1,74,-97.923030,22.406890
shape_89-1,75,-97.923950,22.406980
shape_89-1,76,-97.924970,22.407120
shape_89-1,77,-97.925880,22.407160
shape_89-1,78,-97.926130,22.406320
shape_89-1,79,-97.926920,22.406410
shape_89-1,80,-97.927040,22.405100
shape_89-1,81,-97.928500,22.405250
shape_89-1,82,-97.928480,22.405570
shape_89-1,83,-97.929700,22.405060
shape_89-1,84,-97.929390,22.404740
shape_89-1,85,-97.930280,22.399610
shape_89-1,86,-97.928780,22.398190
shape_89-1,87,-97.928380,22.397630
shape_89-1,88,-97.929650,22.397020
shape_89-1,89,-97.932000,22.394240
shape_89-1,90,-97.933280,22.395320
shape_89-1,91,-97.934250,22.395620
shape_89-1,92,-97.934030,22.396400
shape_89-1,93,-97.934090,22.397320
shape_89-1,94,-97.936690,22.397790
shape_89-1,95,-97.936520,22.398820
shape_89-1,96,-97.936690,22.397790
shape_89-1,97,-97.937630,22.397960
shape_89-1,98,-97.937470,22.398940
shape_89-1,99,-97.936380,22.398810
shape_89-1,100,-97.935290,22.398770
shape_89-1,101,-97.934090,22.397320
shape_32-1,0,-97.838320,22.297000
shape_32-1,1,-97.837940,22.295650
shape_32-1,2,-97.837600,22.294730
shape_32-1,3,-97.837030,22.292910
shape_32-1,4,-97.836650,22.291780
shape_32-1,5,-97.836420,22.290650
shape_32-1,6,-97.836330,22.288720
shape_32-1,7,-97.835270,22.288760
shape_32-1,8,-97.834890,22.288870
shape_32-1,9,-97.834520,22.277010
shape_32-1,10,-97.833560,22.276980
shape_32-1,11,-97.833580,22.276690
shape_32-1,12,-97.834250,22.276650
shape_32-1,13,-97.833820,22.275340
shape_32-1,14,-97.833610,22.274640
shape_32-1,15,-97.824470,22.265260
shape_32-1,16,-97.827460,22.262640
shape_32-1,17,-97.837260,22.254450
shape_32-1,18,-97.835180,22.249460
shape_32-1,19,-97.837590,22.246120
shape_32-1,20,-97.835200,22.244850
shape_32-1,21,-97.835640,22.244150
shape_32-1,22,-97.837850,22.245320
shape_32-1,23,-97.837400,22.246000
shape_32-1,24,-97.837400,22.246000
shape_32-1,25,-97.837850,22.245320
shape_32-1,26,-97.835640,22.244150
shape_32-1,27,-97.835200,22.244850
shape_32-1,28,-97.837590,22.246120
shape_32-1,29,-97.835180,22.249460
shape_32-1,30,-97.837260,22.254450
shape_32-1,31,-97.827460,22.262640
shape_32-1,32,-97.824470,22.265260
shape_32-1,33,-97.833610,22.274640
shape_32-1,34,-97.833820,22.275340
shape_32-1,35,-97.834250,22.276650
shape_32-1,36,-97.833580,22.276690
shape_32-1,37,-97.833560,22.276980
shape_32-1,38,-97.834520,22.277010
shape_32-1,39,-97.834890,22.288870
shape_32-1,40,-97.835270,22.288760
shape_32-1,41,-97.836330,22.288720
shape_32-1,42,-97.836420,22.290650
shape_32-1,43,-97.836650,22.291780
shape_32-1,44,-97.837030,22.292910
shape_32-1,45,-97.837600,22.294730
shape_32-1,46,-97.837940,22.295650
shape_58-1,0,-97.866510,22.302940
shape_58-1,1,-97.864190,22.302570
shape_58-1,2,-97.864080,22.302720
shape_58-1,3,-97.857610,22.304960
shape_58-1,4,-97.852500,22.292500
shape_58-1,5,-97.852910,22.292190
shape_58-1,6,-97.848180,22.280600
shape_58-1,7,-97.841460,22.264230
shape_58-1,8,-97.843160,22.259850
shape_58-1,9,-97.843700,22.258800
shape_58-1,10,-97.836040,22.250990
shape_58-1,11,-97.836680,22.250460
shape_58-1,12,-97.837360,22.249780
shape_58-1,13,-97.836620,22.249400
shape_58-1,14,-97.836090,22.249920
shape_58-1,15,-97.836090,22.249920
shape_58-1,16,-97.839100,22.252950
shape_58-1,17,-97.838650,22.253300
shape_58-1,18,-97.838550,22.253390
shape_58-1,19,-97.838470,22.253430
shape_58-1,20,-97.843700,22.258800
shape_58-1,21,-97.843160,22.259850
shape_58-1,22,-97.841460,22.264230
shape_58-1,23,-97.847310,22.279330
shape_58-1,24,-97.851990,22.291460
shape_58-1,25,-97.852500,22.292500
shape_58-1,26,-97.857610,22.304960
shape_58-1,27,-97.864250,22.302610
shape_58-1,28,-97.866530,22.302950
shape_63-1,0,-97.889100,22.277370
shape_63-1,1,-97.887330,22.277300
shape_63-1,2,-97.885050,22.278230
shape_63-1,3,-97.884090,22.278920
shape_63-1,4,-97.883610,22.279030
shape_63-1,5,-97.882180,22.278940
shape_63-1,6,-97.881130,22.278980
shape_63-1,7,-97.880060,22.278460
shape_63-1,8,-97.877870,22.276570
shape_63-1,9,-97.873960,22.275480
shape_63-1,10,-97.874660,22.272960
shape_63-1,11,-97.874130,22.271060
shape_63-1,12,-97.873750,22.269570
shape_63-1,13,-97.873820,22.267020
shape_63-1,14,-97.874560,22.265340
shape_63-1,15,-97.876160,22.259510
shape_63-1,16,-97.876610,22.257280
shape_63-1,17,-97.876420,22.255160
shape_63-1,18,-97.875920,22.253250
shape_63-1,19,-97.874000,22.248030
shape_63-1,20,-97.873060,22.246520
shape_63-1,21,-97.869620,22.248230
shape_63-1,22,-97.867200,22.249360
shape_63-1,23,-97.865740,22.250000
shape_63-1,24,-97.863380,22.250630
shape_63-1,25,-97.858140,22.252120
shape_63-1,26,-97.857580,22.246600
shape_63-1,27,-97.857390,22.246420
shape_63-1,28,-97.855250,22.245330
shape_63-1,29,-97.855250,22.245330
shape_63-1,30,-97.855050,22.247430
shape_63-1,31,-97.854590,22.248160
shape_63-1,32,-97.854900,22.250540
shape_63-1,33,-97.854180,22.251810
shape_63-1,34,-97.853660,22.253530
shape_63-1,35,-97.858190,22.252280
shape_63-1,36,-97.863380,22.250630
shape_63-1,37,-97.865740,22.250000
shape_63-1,38,-97.867200,22.249360
shape_63-1,39,-97.869620,22.248230
shape_63-1,40,-97.873060,22.246520
shape_63-1,41,-97.874000,22.248030
shape_63-1,42,-97.875920,22.253250
shape_63-1,43,-97.876420,22.255160
shape_63-1,44,-97.876610,22.257280
shape_63-1,45,-97.876160,22.259510
shape_63-1,46,-97.874560,22.265340
shape_63-1,47,-97.873820,22.267020
shape_63-1,48,-97.873750,22.269570
shape_63-1,49,-97.874130,22.271060
shape_63-1,50,-97.874660,22.272960
shape_63-1,51,-97.873960,22.275480
shape_63-1,52,-97.877870,22.276570
shape_63-1,53,-97.880060,22.278460
shape_63-1,54,-97.881130,22.278980
shape_63-1,55,-97.882180,22.278940
shape_63-1,56,-97.883610,22.279030
shape_63-1,57,-97.884090,22.278920
shape_63-1,58,-97.885050,22.278230
shape_63-1,59,-97.886800,22.277420
shape_63-1,60,-97.889130,22.277370
shape_12-1,0,-97.895750,22.231640
shape_12-1,1,-97.895590,22.230670
shape_12-1,2,-97.895270,22.229690
shape_12-1,3,-97.894550,22.226830
shape_12-1,4,-97.893010,22.227270
shape_12-1,5,-97.891850,22.227990
shape_12-1,6,-97.891190,22.228250
shape_12-1,7,-97.890390,22.228280
shape_12-1,8,-97.889670,22.228080
shape_12-1,9,-97.889550,22.227950
shape_12-1,10,-97.889520,22.227600
shape_12-1,11,-97.889680,22.227410
shape_12-1,12,-97.890080,22.227260
shape_12-1,13,-97.891180,22.227450
shape_12-1,14,-97.891790,22.227430
shape_12-1,15,-97.893300,22.227090
shape_12-1,16,-97.894590,22.226750
shape_12-1,17,-97.895430,22.226580
shape_12-1,18,-97.895150,22.226200
shape_12-1,19,-97.894770,22.225810
shape_12-1,20,-97.894200,22.225030
shape_12-1,21,-97.893770,22.224840
shape_12-1,22,-97.891940,22.224680
shape_12-1,23,-97.890800,22.224440
shape_12-1,24,-97.889360,22.223920
shape_12-1,25,-97.888830,22.223340
shape_12-1,26,-97.888950,22.223750
shape_12-1,27,-97.886710,22.222920
shape_12-1,28,-97.885470,22.223250
shape_12-1,29,-97.870500,22.217550
shape_12-1,30,-97.870780,22.216970
shape_12-1,31,-97.868270,22.216030
shape_12-1,32,-97.867780,22.215600
shape_12-1,33,-97.866160,22.214990
shape_12-1,34,-97.864740,22.214720
shape_12-1,35,-97.864050,22.214460
shape_12-1,36,-97.863230,22.216190
shape_12-1,37,-97.860680,22.215080
shape_12-1,38,-97.860490,22.215030
shape_12-1,39,-97.860110,22.214350
shape_12-1,40,-97.859390,22.213700
shape_12-1,41,-97.858970,22.213420
shape_12-1,42,-97.858550,22.213280
shape_12-1,43,-97.857670,22.212940
shape_12-1,44,-97.857770,22.212700
shape_12-1,45,-97.856040,22.212050
shape_12-1,46,-97.855840,22.212480
shape_12-1,47,-97.859230,22.214020
shape_12-1,48,-97.858390,22.215610
shape_12-1,49,-97.861790,22.217110
shape_12-1,50,-97.863190,22.214150
shape_12-1,51,-97.864050,22.214460
shape_12-1,52,-97.864050,22.214460
shape_12-1,53,-97.863190,22.214150
shape_12-1,54,-97.861790,22.217110
shape_12-1,55,-97.858390,22.215610
shape_12-1,56,-97.859230,22.214020
shape_12-1,57,-97.855840,22.212480
shape_12-1,58,-97.856040,22.212050
shape_12-1,59,-97.857770,22.212700
shape_12-1,60,-97.857670,22.212940
shape_12-1,61,-97.858550,22.213280
shape_12-1,62,-97.858970,22.213420
shape_12-1,63,-97.859390,22.213700
shape_12-1,64,-97.860110,22.214350
shape_12-1,65,-97.860490,22.215030
shape_12-1,66,-97.860680,22.215080
shape_12-1,67,-97.863230,22.216190
shape_12-1,68,-97.864050,22.214460
shape_12-1,69,-97.864740,22.214720
shape_12-1,70,-97.866160,22.214990
shape_12-1,71,-97.867780,22.215600
shape_12-1,72,-97.868270,22.216030
shape_12-1,73,-97.870780,22.216970
shape_12-1,74,-97.870500,22.217550
shape_12-1,75,-97.885470,22.223250
shape_12-1,76,-97.886710,22.222920
shape_12-1,77,-97.888950,22.223750
shape_12-1,78,-97.888830,22.223340
shape_12-1,79,-97.889360,22.223920
shape_12-1,80,-97.890800,22.224440
shape_12-1,81,-97.891940,22.224680
shape_12-1,82,-97.893770,22.224840
shape_12-1,83,-97.894200,22.225030
shape_12-1,84,-97.894770,22.225810
shape_12-1,85,-97.895150,22.226200
shape_12-1,86,-97.895430,22.226580
shape_12-1,87,-97.894590,22.226750
shape_12-1,88,-97.893300,22.227090
shape_12-1,89,-97.891790,22.227430
shape_12-1,90,-97.891180,22.227450
shape_12-1,91,-97.890080,22.227260
shape_12-1,92,-97.889680,22.227410
shape_12-1,93,-97.889520,22.227600
shape_12-1,94,-97.889550,22.227950
shape_12-1,95,-97.889670,22.228080
shape_12-1,96,-97.890390,22.228280
shape_12-1,97,-97.891190,22.228250
shape_12-1,98,-97.891850,22.227990
shape_12-1,99,-97.893010,22.227270
shape_12-1,100,-97.894550,22.226830
shape_12-1,101,-97.895270,22.229690
shape_12-1,102,-97.895580,22.230670
shape_27-1,0,-97.859390,22.213670
shape_27-1,1,-97.860090,22.214310
shape_27-1,2,-97.860360,22.214100
shape_27-1,3,-97.860930,22.214570
shape_27-1,4,-97.864340,22.216040
shape_27-1,5,-97.865900,22.216720
shape_27-1,6,-97.866290,22.217180
shape_27-1,7,-97.866890,22.217770
shape_27-1,8,-97.867890,22.218630
shape_27-1,9,-97.868250,22.218970
shape_27-1,10,-97.868510,22.219320
shape_27-1,11,-97.868820,22.219940
shape_27-1,12,-97.869150,22.220510
shape_27-1,13,-97.869650,22.221040
shape_27-1,14,-97.869910,22.221350
shape_27-1,15,-97.870080,22.221760
shape_27-1,16,-97.870480,22.224070
shape_27-1,17,-97.871930,22.226780
shape_27-1,18,-97.874210,22.226290
shape_27-1,19,-97.876900,22.225620
shape_27-1,20,-97.881570,22.224440
shape_27-1,21,-97.882560,22.224370
shape_27-1,22,-97.883640,22.224460
shape_27-1,23,-97.885250,22.224980
shape_27-1,24,-97.886690,22.225550
shape_27-1,25,-97.890260,22.227300
shape_27-1,26,-97.891210,22.227470
shape_27-1,27,-97.892430,22.227300
shape_27-1,28,-97.896570,22.226280
shape_27-1,29,-97.899470,22.225510
shape_27-1,30,-97.902130,22.224800
shape_27-1,31,-97.903760,22.224400
shape_27-1,32,-97.907080,22.223830
shape_27-1,33,-97.909530,22.223580
shape_27-1,34,-97.922130,22.220660
shape_27-1,35,-97.927230,22.219450
shape_27-1,36,-97.927280,22.219650
shape_27-1,37,-97.922140,22.220880
shape_27-1,38,-97.922960,22.223350
shape_27-1,39,-97.923180,22.224280
shape_27-1,40,-97.923180,22.224280
shape_27-1,41,-97.920060,22.224870
shape_27-1,42,-97.918400,22.225290
shape_27-1,43,-97.917980,22.225160
shape_27-1,44,-97.917410,22.225200
shape_27-1,45,-97.913930,22.225870
shape_27-1,46,-97.909790,22.226850
shape_27-1,47,-97.905540,22.227290
shape_27-1,48,-97.905380,22.227130
shape_27-1,49,-97.904310,22.227230
shape_27-1,50,-97.904170,22.226140
shape_27-1,51,-97.903760,22.224400
shape_27-1,52,-97.902130,22.224800
shape_27-1,53,-97.899470,22.225510
shape_27-1,54,-97.896570,22.226280
shape_27-1,55,-97.892540,22.227520
shape_27-1,56,-97.891470,22.228170
shape_27-1,57,-97.890170,22.228210
shape_27-1,58,-97.889210,22.227810
shape_27-1,59,-97.887880,22.226710
shape_27-1,60,-97.886630,22.225630
shape_27-1,61,-97.885250,22.224980
shape_27-1,62,-97.883640,22.224460
shape_27-1,63,-97.882560,22.224370
shape_27-1,64,-97.881570,22.224440
shape_27-1,65,-97.876900,22.225620
shape_27-1,66,-97.874210,22.226290
shape_27-1,67,-97.871930,22.226780
shape_27-1,68,-97.871300,22.226810
shape_27-1,69,-97.870650,22.226280
shape_27-1,70,-97.870410,22.225680
shape_27-1,71,-97.869550,22.224850
shape_27-1,72,-97.869060,22.222670
shape_27-1,73,-97.868740,22.222060
shape_27-1,74,-97.867580,22.221170
shape_27-1,75,-97.865620,22.221270
shape_27-1,76,-97.865160,22.222420
shape_27-1,77,-97.864550,22.223430
shape_27-1,78,-97.863470,22.223530
shape_27-1,79,-97.863300,22.220870
shape_27-1,80,-97.862720,22.219490
shape_27-1,81,-97.859280,22.217930
shape_27-1,82,-97.861480,22.213510
shape_27-1,83,-97.859820,22.212880
shape_27-1,84,-97.859380,22.213660
shape_27-1,85,-97.860090,22.214310
shape_80-1,0,-97.866870,22.278670
shape_80-1,1,-97.863020,22.281510
shape_80-1,2,-97.860570,22.279230
shape_80-1,3,-97.856300,22.275500
shape_80-1,4,-97.858610,22.269540
shape_80-1,5,-97.859430,22.266860
shape_80-1,6,-97.860420,22.263380
shape_80-1,7,-97.861620,22.261240
shape_80-1,8,-97.863120,22.258820
shape_80-1,9,-97.863790,22.257310
shape_80-1,10,-97.864690,22.255220
shape_80-1,11,-97.864770,22.254350
shape_80-1,12,-97.865590,22.253140
shape_80-1,13,-97.866770,22.251130
shape_80-1,14,-97.867240,22.249420
shape_80-1,15,-97.867670,22.247020
shape_80-1,16,-97.866960,22.244380
shape_80-1,17,-97.867070,22.242720
shape_80-1,18,-97.866360,22.237780
shape_80-1,19,-97.865700,22.235480
shape_80-1,20,-97.865030,22.233510
shape_80-1,21,-97.864670,22.231810
shape_80-1,22,-97.864110,22.230300
shape_80-1,23,-97.864950,22.227340
shape_80-1,24,-97.863500,22.223560
shape_80-1,25,-97.863250,22.221590
shape_80-1,26,-97.855800,22.218370
shape_80-1,27,-97.855410,22.219140
shape_80-1,28,-97.856260,22.219540
shape_80-1,29,-97.856260,22.219540
shape_80-1,30,-97.857180,22.219930
shape_80-1,31,-97.858270,22.220410
shape_80-1,32,-97.863340,22.222630
shape_80-1,33,-97.863500,22.223560
shape_80-1,34,-97.864950,22.227340
shape_80-1,35,-97.865740,22.229500
shape_80-1,36,-97.864170,22.230240
shape_80-1,37,-97.864190,22.230360
shape_80-1,38,-97.862790,22.230660
shape_80-1,39,-97.863540,22.233500
shape_80-1,40,-97.863410,22.233800
shape_80-1,41,-97.863560,22.238320
shape_80-1,42,-97.863610,22.241170
shape_80-1,43,-97.864220,22.241180
shape_80-1,44,-97.864320,22.241440
shape_80-1,45,-97.866300,22.241260
shape_80-1,46,-97.866380,22.242730
shape_80-1,47,-97.866410,22.244410
shape_80-1,48,-97.866510,22.246870
shape_80-1,49,-97.866440,22.247930
shape_80-1,50,-97.865990,22.249910
shape_80-1,51,-97.863270,22.250790
shape_80-1,52,-97.863340,22.252760
shape_80-1,53,-97.864730,22.253020
shape_80-1,54,-97.864770,22.254350
shape_80-1,55,-97.864690,22.255220
shape_80-1,56,-97.863790,22.257310
shape_80-1,57,-97.863120,22.258820
shape_80-1,58,-97.861620,22.261240
shape_80-1,59,-97.860420,22.263380
shape_80-1,60,-97.859430,22.266860
shape_80-1,61,-97.858610,22.269540
shape_80-1,62,-97.856300,22.275460
shape_80-1,63,-97.854560,22.274210
shape_80-1,64,-97.856100,22.276670
shape_80-1,65,-97.860570,22.279230
shape_80-1,66,-97.863060,22.281530
shape_80-1,67,-97.867350,22.278360
shape_8-1,0,-97.858240,22.252170
shape_8-1,1,-97.857600,22.246580
shape_8-1,2,-97.855210,22.245320
shape_8-1,3,-97.855120,22.246730
shape_8-1,4,-97.855030,22.247180
shape_8-1,5,-97.854800,22.247690
shape_8-1,6,-97.854590,22.248070
shape_8-1,7,-97.854760,22.249580
shape_8-1,8,-97.854870,22.250400
shape_8-1,9,-97.854310,22.251390
shape_8-1,10,-97.853530,22.253550
shape_8-1,11,-97.860100,22.251680
shape_8-1,12,-97.863560,22.250610
shape_8-1,13,-97.866020,22.249920
shape_8-1,14,-97.867240,22.249370
shape_8-1,15,-97.869620,22.248220
shape_8-1,16,-97.873060,22.246530
shape_8-1,17,-97.874060,22.248290
shape_8-1,18,-97.874920,22.250450
shape_8-1,19,-97.875690,22.252710
shape_8-1,20,-97.876100,22.254040
shape_8-1,21,-97.876410,22.255420
shape_8-1,22,-97.876530,22.256970
shape_8-1,23,-97.876280,22.258630
shape_8-1,24,-97.875660,22.260700
shape_8-1,25,-97.874970,22.263500
shape_8-1,26,-97.874100,22.266180
shape_8-1,27,-97.873610,22.267620
shape_8-1,28,-97.873590,22.269430
shape_8-1,29,-97.873920,22.270920
shape_8-1,30,-97.874560,22.272510
shape_8-1,31,-97.874300,22.274290
shape_8-1,32,-97.873800,22.275490
shape_8-1,33,-97.875630,22.275980
shape_8-1,34,-97.877640,22.276570
shape_8-1,35,-97.878230,22.276920
shape_8-1,36,-97.879140,22.277840
shape_8-1,37,-97.880740,22.278930
shape_8-1,38,-97.882330,22.279030
shape_8-1,39,-97.883680,22.279090
shape_8-1,40,-97.884510,22.278750
shape_8-1,41,-97.886600,22.277500
shape_8-1,42,-97.887630,22.277350
shape_8-1,43,-97.889120,22.277430
shape_8-1,44,-97.890660,22.276670
shape_8-1,45,-97.890660,22.276670
shape_8-1,46,-97.889120,22.277430
shape_8-1,47,-97.887630,22.277350
shape_8-1,48,-97.886600,22.277500
shape_8-1,49,-97.884510,22.278750
shape_8-1,50,-97.883680,22.279090
shape_8-1,51,-97.882330,22.279030
shape_8-1,52,-97.880740,22.278930
shape_8-1,53,-97.879140,22.277840
shape_8-1,54,-97.878230,22.276920
shape_8-1,55,-97.877640,22.276570
shape_8-1,56,-97.875630,22.275980
shape_8-1,57,-97.873800,22.275490
shape_8-1,58,-97.874300,22.274290
shape_8-1,59,-97.874560,22.272510
shape_8-1,60,-97.873920,22.270920
shape_8-1,61,-97.873590,22.269430
shape_8-1,62,-97.873610,22.267620
shape_8-1,63,-97.874100,22.266180
shape_8-1,64,-97.874970,22.263500
shape_8-1,65,-97.875660,22.260700
shape_8-1,66,-97.876280,22.258630
shape_8-1,67,-97.876530,22.256970
shape_8-1,68,-97.876410,22.255420
shape_8-1,69,-97.876100,22.254040
shape_8-1,70,-97.875690,22.252710
shape_8-1,71,-97.874920,22.250450
shape_8-1,72,-97.874060,22.248290
shape_8-1,73,-97.873060,22.246530
shape_8-1,74,-97.869620,22.248220
shape_8-1,75,-97.867240,22.249370
shape_8-1,76,-97.866020,22.249920
shape_8-1,77,-97.863560,22.250610
shape_8-1,78,-97.860100,22.251680
shape_8-1,79,-97.853530,22.253550
shape_8-1,80,-97.854310,22.251390
shape_8-1,81,-97.854870,22.250400
shape_8-1,82,-97.854760,22.249580
shape_8-1,83,-97.854590,22.248070
shape_8-1,84,-97.854800,22.247690
shape_8-1,85,-97.855030,22.247180
shape_8-1,86,-97.855120,22.246730
shape_8-1,87,-97.855210,22.245320
shape_8-1,88,-97.857520,22.246440
shape_8-1,89,-97.858360,22.252160
shape_117-1,0,-97.935820,22.397620
shape_117-1,1,-97.936160,22.395870
shape_117-1,2,-97.934170,22.395580
shape_117-1,3,-97.933300,22.395250
shape_117-1,4,-97.929850,22.391940
shape_117-1,5,-97.929390,22.391640
shape_117-1,6,-97.924690,22.390710
shape_117-1,7,-97.923780,22.390470
shape_117-1,8,-97.923000,22.390230
shape_117-1,9,-97.922390,22.389650
shape_117-1,10,-97.921870,22.388600
shape_117-1,11,-97.920780,22.387590
shape_117-1,12,-97.918850,22.386590
shape_117-1,13,-97.915400,22.383190
shape_117-1,14,-97.915220,22.383320
shape_117-1,15,-97.914950,22.383530
shape_117-1,16,-97.913700,22.385740
shape_117-1,17,-97.912280,22.387300
shape_117-1,18,-97.910620,22.385640
shape_117-1,19,-97.909980,22.385140
shape_117-1,20,-97.906580,22.388000
shape_117-1,21,-97.906920,22.389460
shape_117-1,22,-97.907040,22.390610
shape_117-1,23,-97.907250,22.390610
shape_117-1,24,-97.907460,22.391390
shape_117-1,25,-97.901620,22.396400
shape_117-1,26,-97.900680,22.396850
shape_117-1,27,-97.899790,22.397010
shape_117-1,28,-97.898750,22.396880
shape_117-1,29,-97.893440,22.395480
shape_117-1,30,-97.888140,22.395610
shape_117-1,31,-97.883870,22.395910
shape_117-1,32,-97.884360,22.392140
shape_117-1,33,-97.884810,22.391370
shape_117-1,34,-97.885050,22.390020
shape_117-1,35,-97.884210,22.387240
shape_117-1,36,-97.883850,22.386070
shape_117-1,37,-97.878360,22.385460
shape_117-1,38,-97.878400,22.385850
shape_117-1,39,-97.883980,22.386570
shape_117-1,40,-97.883980,22.386570
shape_117-1,41,-97.878400,22.385850
shape_117-1,42,-97.878360,22.385460
shape_117-1,43,-97.883850,22.386070
shape_117-1,44,-97.884210,22.387240
shape_117-1,45,-97.885050,22.390020
shape_117-1,46,-97.884810,22.391370
shape_117-1,47,-97.884360,22.392140
shape_117-1,48,-97.883870,22.395910
shape_117-1,49,-97.888140,22.395610
shape_117-1,50,-97.893440,22.395480
shape_117-1,51,-97.898750,22.396880
shape_117-1,52,-97.899790,22.397010
shape_117-1,53,-97.900680,22.396850
shape_117-1,54,-97.901620,22.396400
shape_117-1,55,-97.907460,22.391390
shape_117-1,56,-97.908280,22.390750
shape_117-1,57,-97.908480,22.390560
shape_117-1,58,-97.908740,22.390340
shape_117-1,59,-97.909190,22.389960
shape_117-1,60,-97.910030,22.389340
shape_117-1,61,-97.910700,22.388710
shape_117-1,62,-97.912330,22.387360
shape_117-1,63,-97.913700,22.385740
shape_117-1,64,-97.914950,22.383530
shape_117-1,65,-97.915220,22.383320
shape_117-1,66,-97.915400,22.383190
shape_117-1,67,-97.918850,22.386590
shape_117-1,68,-97.920780,22.387590
shape_117-1,69,-97.921870,22.388600
shape_117-1,70,-97.922390,22.389650
shape_117-1,71,-97.923000,22.390230
shape_117-1,72,-97.923780,22.390470
shape_117-1,73,-97.924690,22.390710
shape_117-1,74,-97.929390,22.391640
shape_117-1,75,-97.929850,22.391940
shape_117-1,76,-97.933300,22.395250
shape_117-1,77,-97.934170,22.395580
shape_117-1,78,-97.935220,22.395670
shape_117-1,79,-97.934970,22.397450
shape_117-1,80,-97.935790,22.397590
shape_86-1,0,-97.886320,22.277570
shape_86-1,1,-97.884700,22.278380
shape_86-1,2,-97.883890,22.279020
shape_86-1,3,-97.881270,22.278990
shape_86-1,4,-97.879810,22.278430
shape_86-1,5,-97.878360,22.276950
shape_86-1,6,-97.877260,22.276390
shape_86-1,7,-97.873870,22.275480
shape_86-1,8,-97.874730,22.272760
shape_86-1,9,-97.873630,22.269540
shape_86-1,10,-97.873810,22.266920
shape_86-1,11,-97.874710,22.265070
shape_86-1,12,-97.876620,22.257190
shape_86-1,13,-97.876450,22.254940
shape_86-1,14,-97.874450,22.248950
shape_86-1,15,-97.873230,22.246540
shape_86-1,16,-97.868660,22.236750
shape_86-1,17,-97.864190,22.225390
shape_86-1,18,-97.863440,22.223440
shape_86-1,19,-97.863250,22.220600
shape_86-1,20,-97.862630,22.219350
shape_86-1,21,-97.857540,22.217130
shape_86-1,22,-97.859800,22.212850
shape_86-1,23,-97.858860,22.212510
shape_86-1,24,-97.857960,22.214420
shape_86-1,25,-97.859660,22.215170
shape_86-1,26,-97.858820,22.214800
shape_86-1,27,-97.859680,22.215170
shape_86-1,28,-97.859280,22.216010
shape_86-1,29,-97.858800,22.216750
shape_86-1,30,-97.858010,22.218370
shape_86-1,31,-97.858900,22.218750
shape_86-1,32,-97.862300,22.220230
shape_86-1,33,-97.863250,22.220600
shape_86-1,34,-97.863440,22.223440
shape_86-1,35,-97.864190,22.225390
shape_86-1,36,-97.868660,22.236750
shape_86-1,37,-97.873230,22.246540
shape_86-1,38,-97.874450,22.248950
shape_86-1,39,-97.876450,22.254940
shape_86-1,40,-97.876620,22.257190
shape_86-1,41,-97.874710,22.265070
shape_86-1,42,-97.873810,22.266920
shape_86-1,43,-97.873630,22.269540
shape_86-1,44,-97.874730,22.272760
shape_86-1,45,-97.873870,22.275480
shape_86-1,46,-97.877260,22.276390
shape_86-1,47,-97.878360,22.276950
shape_86-1,48,-97.879810,22.278430
shape_86-1,49,-97.881270,22.278990
shape_86-1,50,-97.883890,22.279020
shape_86-1,51,-97.885220,22.279390
shape_86-1,52,-97.885370,22.278730
shape_86-1,53,-97.885150,22.278180
shape_86-1,54,-97.883880,22.279010
shape_44-1,0,-97.828990,22.264110
shape_44-1,1,-97.830410,22.262970
shape_44-1,2,-97.828360,22.260900
shape_44-1,3,-97.829070,22.260330
shape_44-1,4,-97.827880,22.259110
shape_44-1,5,-97.835380,22.252740
shape_44-1,6,-97.834180,22.251510
shape_44-1,7,-97.836080,22.249850
shape_44-1,8,-97.837290,22.251090
shape_44-1,9,-97.836250,22.251910
shape_44-1,10,-97.837470,22.254880
shape_44-1,11,-97.841370,22.258830
shape_44-1,12,-97.844620,22.256090
shape_44-1,13,-97.844780,22.255870
shape_44-1,14,-97.846380,22.253410
shape_44-1,15,-97.850680,22.246560
shape_44-1,16,-97.850870,22.246630
shape_44-1,17,-97.851530,22.246050
shape_44-1,18,-97.852770,22.244070
shape_44-1,19,-97.852060,22.243730
shape_44-1,20,-97.852810,22.242180
shape_44-1,21,-97.853280,22.241210
shape_44-1,22,-97.853890,22.240410
shape_44-1,23,-97.853380,22.238660
shape_44-1,24,-97.851750,22.237700
shape_44-1,25,-97.850140,22.237210
shape_44-1,26,-97.849430,22.236650
shape_44-1,27,-97.847970,22.232880
shape_44-1,28,-97.846600,22.230380
shape_44-1,29,-97.847370,22.228290
shape_44-1,30,-97.855420,22.213310
shape_44-1,31,-97.855850,22.212460
shape_44-1,32,-97.855820,22.212520
shape_44-1,33,-97.854840,22.212280
shape_44-1,34,-97.852480,22.216850
shape_44-1,35,-97.853340,22.217170
shape_44-1,36,-97.847370,22.228290
shape_44-1,37,-97.846600,22.230380
shape_44-1,38,-97.847970,22.232880
shape_44-1,39,-97.849430,22.236650
shape_44-1,40,-97.850140,22.237210
shape_44-1,41,-97.851750,22.237700
shape_44-1,42,-97.853380,22.238660
shape_44-1,43,-97.853890,22.240410
shape_44-1,44,-97.853280,22.241210
shape_44-1,45,-97.852810,22.242180
shape_44-1,46,-97.852060,22.243730
shape_44-1,47,-97.852770,22.244070
shape_44-1,48,-97.851530,22.246050
shape_44-1,49,-97.850870,22.246630
shape_44-1,50,-97.850680,22.246560
shape_44-1,51,-97.846380,22.253410
shape_44-1,52,-97.844780,22.255870
shape_44-1,53,-97.844620,22.256090
shape_44-1,54,-97.841370,22.258830
shape_44-1,55,-97.837470,22.254880
shape_44-1,56,-97.836250,22.251910
shape_44-1,57,-97.835990,22.251300
shape_44-1,58,-97.835550,22.250330
shape_44-1,59,-97.834180,22.251510
shape_44-1,60,-97.835380,22.252740
shape_44-1,61,-97.827880,22.259110
shape_44-1,62,-97.829070,22.260330
shape_44-1,63,-97.828400,22.260990
shape_44-1,64,-97.830390,22.262960
shape_44-1,65,-97.828990,22.264150
shape_83-1,0,-97.794280,22.275160
shape_83-1,1,-97.795830,22.274710
shape_83-1,2,-97.800020,22.274110
shape_83-1,3,-97.801310,22.273870
shape_83-1,4,-97.809370,22.269740
shape_83-1,5,-97.814330,22.267120
shape_83-1,6,-97.832260,22.251920
shape_83-1,7,-97.835440,22.249160
shape_83-1,8,-97.841510,22.239570
shape_83-1,9,-97.842670,22.237780
shape_83-1,10,-97.845500,22.230100
shape_83-1,11,-97.848660,22.221540
shape_83-1,12,-97.850430,22.216930
shape_83-1,13,-97.851230,22.215260
shape_83-1,14,-97.853750,22.216410
shape_83-1,15,-97.855880,22.212460
shape_83-1,16,-97.855880,22.212460
shape_83-1,17,-97.853060,22.211880
shape_83-1,18,-97.851230,22.215260
shape_83-1,19,-97.850430,22.216930
shape_83-1,20,-97.848660,22.221540
shape_83-1,21,-97.845500,22.230100
shape_83-1,22,-97.842670,22.237780
shape_83-1,23,-97.841510,22.239570
shape_83-1,24,-97.835440,22.249160
shape_83-1,25,-97.832260,22.251920
shape_83-1,26,-97.814330,22.267120
shape_83-1,27,-97.809370,22.269740
shape_83-1,28,-97.801310,22.273870
shape_83-1,29,-97.800020,22.274110
shape_83-1,30,-97.795940,22.274720
shape_83-1,31,-97.794230,22.275150
shape_70-1,0,-97.857610,22.305060
shape_70-1,1,-97.853500,22.295080
shape_70-1,2,-97.852500,22.292510
shape_70-1,3,-97.852990,22.292130
shape_70-1,4,-97.845550,22.274520
shape_70-1,5,-97.846770,22.271820
shape_70-1,6,-97.848360,22.267370
shape_70-1,7,-97.852130,22.257330
shape_70-1,8,-97.853590,22.253520
shape_70-1,9,-97.854430,22.251310
shape_70-1,10,-97.854860,22.250500
shape_70-1,11,-97.854640,22.248010
shape_70-1,12,-97.855130,22.247040
shape_70-1,13,-97.855360,22.243140
shape_70-1,14,-97.855050,22.242100
shape_70-1,15,-97.853880,22.240440
shape_70-1,16,-97.853410,22.239020
shape_70-1,17,-97.852640,22.238050
shape_70-1,18,-97.849880,22.237100
shape_70-1,19,-97.849230,22.236090
shape_70-1,20,-97.847980,22.232840
shape_70-1,21,-97.846640,22.230070
shape_70-1,22,-97.848150,22.226610
shape_70-1,23,-97.855400,22.213310
shape_70-1,24,-97.855820,22.212420
shape_70-1,25,-97.854900,22.212280
shape_70-1,26,-97.854900,22.212280
shape_70-1,27,-97.854750,22.212600
shape_70-1,28,-97.853790,22.214400
shape_70-1,29,-97.852460,22.216790
shape_70-1,30,-97.853310,22.217210
shape_70-1,31,-97.848150,22.226610
shape_70-1,32,-97.846640,22.230070
shape_70-1,33,-97.847980,22.232840
shape_70-1,34,-97.849230,22.236090
shape_70-1,35,-97.849880,22.237100
shape_70-1,36,-97.852640,22.238050
shape_70-1,37,-97.853410,22.239020
shape_70-1,38,-97.853880,22.240440
shape_70-1,39,-97.855050,22.242100
shape_70-1,40,-97.855360,22.243140
shape_70-1,41,-97.855130,22.247040
shape_70-1,42,-97.854640,22.248010
shape_70-1,43,-97.854860,22.250500
shape_70-1,44,-97.854430,22.251310
shape_70-1,45,-97.853590,22.253520
shape_70-1,46,-97.852130,22.257330
shape_70-1,47,-97.848360,22.267370
shape_70-1,48,-97.846770,22.271820
shape_70-1,49,-97.845290,22.274660
shape_70-1,50,-97.852160,22.291840
shape_70-1,51,-97.852500,22.292510
shape_70-1,52,-97.857650,22.305110
shape_79-1,0,-97.847120,22.326170
shape_79-1,1,-97.849060,22.325470
shape_79-1,2,-97.850950,22.324300
shape_79-1,3,-97.853790,22.322850
shape_79-1,4,-97.852380,22.319770
shape_79-1,5,-97.851130,22.317240
shape_79-1,6,-97.850020,22.314860
shape_79-1,7,-97.851270,22.313930
shape_79-1,8,-97.848700,22.306220
shape_79-1,9,-97.849030,22.305710
shape_79-1,10,-97.848780,22.305180
shape_79-1,11,-97.848700,22.304750
shape_79-1,12,-97.848180,22.303570
shape_79-1,13,-97.846500,22.304180
shape_79-1,14,-97.846210,22.303490
shape_79-1,15,-97.846000,22.303460
shape_79-1,16,-97.845920,22.300770
shape_79-1,17,-97.844420,22.300830
shape_79-1,18,-97.844220,22.300790
shape_79-1,19,-97.844440,22.297840
shape_79-1,20,-97.844750,22.296250
shape_79-1,21,-97.846040,22.296150
shape_79-1,22,-97.845430,22.289270
shape_79-1,23,-97.848540,22.289030
shape_79-1,24,-97.848480,22.288420
shape_79-1,25,-97.848060,22.288270
shape_79-1,26,-97.848670,22.286590
shape_79-1,27,-97.844390,22.285190
shape_79-1,28,-97.845860,22.281270
shape_79-1,29,-97.840120,22.279440
shape_79-1,30,-97.841150,22.276880
shape_79-1,31,-97.843370,22.276810
shape_79-1,32,-97.843890,22.276630
shape_79-1,33,-97.844840,22.275930
shape_79-1,34,-97.845510,22.275120
shape_79-1,35,-97.845760,22.275000
shape_79-1,36,-97.844060,22.270640
shape_79-1,37,-97.845210,22.267610
shape_79-1,38,-97.846120,22.265270
shape_79-1,39,-97.846750,22.263590
shape_79-1,40,-97.847400,22.261870
shape_79-1,41,-97.843980,22.260240
shape_79-1,42,-97.843110,22.259860
shape_79-1,43,-97.843710,22.258830
shape_79-1,44,-97.838410,22.253450
shape_79-1,45,-97.839090,22.252920
shape_79-1,46,-97.836090,22.249880
shape_79-1,47,-97.836090,22.249880
shape_79-1,48,-97.835580,22.250350
shape_79-1,49,-97.835780,22.250780
shape_79-1,50,-97.836020,22.251000
shape_79-1,51,-97.837830,22.252880
shape_79-1,52,-97.838410,22.253450
shape_79-1,53,-97.843710,22.258830
shape_79-1,54,-97.843110,22.259860
shape_79-1,55,-97.843980,22.260240
shape_79-1,56,-97.847400,22.261870
shape_79-1,57,-97.846750,22.263590
shape_79-1,58,-97.846120,22.265270
shape_79-1,59,-97.845210,22.267610
shape_79-1,60,-97.844060,22.270640
shape_79-1,61,-97.845760,22.275000
shape_79-1,62,-97.845510,22.275120
shape_79-1,63,-97.844840,22.275930
shape_79-1,64,-97.843890,22.276630
shape_79-1,65,-97.843370,22.276810
shape_79-1,66,-97.841150,22.276880
shape_79-1,67,-97.840120,22.279440
shape_79-1,68,-97.845860,22.281270
shape_79-1,69,-97.844390,22.285190
shape_79-1,70,-97.848670,22.286590
shape_79-1,71,-97.848060,22.288270
shape_79-1,72,-97.848480,22.288420
shape_79-1,73,-97.848540,22.289030
shape_79-1,74,-97.845430,22.289270
shape_79-1,75,-97.846040,22.296150
shape_79-1,76,-97.844750,22.296250
shape_79-1,77,-97.844440,22.297840
shape_79-1,78,-97.844220,22.300790
shape_79-1,79,-97.844420,22.300830
shape_79-1,80,-97.845920,22.300770
shape_79-1,81,-97.846000,22.303460
shape_79-1,82,-97.846210,22.303490
shape_79-1,83,-97.846500,22.304180
shape_79-1,84,-97.848180,22.303570
shape_79-1,85,-97.848700,22.304750
shape_79-1,86,-97.848780,22.305180
shape_79-1,87,-97.849030,22.305710
shape_79-1,88,-97.848700,22.306220
shape_79-1,89,-97.851270,22.313930
shape_79-1,90,-97.850020,22.314860
shape_79-1,91,-97.851130,22.317240
shape_79-1,92,-97.852380,22.319770
shape_79-1,93,-97.853790,22.322850
shape_79-1,94,-97.850950,22.324300
shape_79-1,95,-97.849060,22.325470
shape_118-1,0,-97.872670,22.369140
shape_118-1,1,-97.873670,22.370280
shape_118-1,2,-97.877860,22.367290
shape_118-1,3,-97.878300,22.367760
shape_118-1,4,-97.883260,22.364750
shape_118-1,5,-97.882520,22.363240
shape_118-1,6,-97.882780,22.361190
shape_118-1,7,-97.881780,22.361060
shape_118-1,8,-97.882080,22.358910
shape_118-1,9,-97.882430,22.358980
shape_118-1,10,-97.887220,22.354240
shape_118-1,11,-97.883640,22.351390
shape_118-1,12,-97.880930,22.349880
shape_118-1,13,-97.878910,22.348450
shape_118-1,14,-97.876980,22.346580
shape_118-1,15,-97.875760,22.344260
shape_118-1,16,-97.874370,22.339760
shape_118-1,17,-97.873230,22.335750
shape_118-1,18,-97.873460,22.333440
shape_118-1,19,-97.873910,22.331140
shape_118-1,20,-97.875220,22.327130
shape_118-1,21,-97.876380,22.323520
shape_118-1,22,-97.878230,22.317450
shape_118-1,23,-97.879300,22.314150
shape_118-1,24,-97.880420,22.310580
shape_118-1,25,-97.881140,22.308390
shape_118-1,26,-97.881620,22.306730
shape_118-1,27,-97.881750,22.305770
shape_118-1,28,-97.881700,22.304860
shape_118-1,29,-97.879770,22.301490
shape_118-1,30,-97.878640,22.299660
shape_118-1,31,-97.876510,22.296280
shape_118-1,32,-97.873330,22.291110
shape_118-1,33,-97.873040,22.289730
shape_118-1,34,-97.872160,22.289040
shape_118-1,35,-97.870710,22.288270
shape_118-1,36,-97.869640,22.287470
shape_118-1,37,-97.869480,22.287520
shape_118-1,38,-97.870540,22.288320
shape_118-1,39,-97.871120,22.288960
shape_118-1,40,-97.872240,22.289890
shape_118-1,41,-97.873330,22.291110
shape_118-1,42,-97.876750,22.296480
shape_118-1,43,-97.878640,22.299660
shape_118-1,44,-97.879940,22.301740
shape_118-1,45,-97.881700,22.304860
shape_118-1,46,-97.881830,22.305790
shape_118-1,47,-97.881620,22.306730
shape_118-1,48,-97.880670,22.309740
shape_118-1,49,-97.879490,22.313320
shape_118-1,50,-97.878230,22.317590
shape_118-1,51,-97.876420,22.323520
shape_118-1,52,-97.874600,22.329120
shape_118-1,53,-97.873910,22.331140
shape_118-1,54,-97.873230,22.335750
shape_118-1,55,-97.875760,22.344260
shape_118-1,56,-97.876980,22.346580
shape_118-1,57,-97.880930,22.349880
shape_118-1,58,-97.883640,22.351390
shape_118-1,59,-97.887220,22.354240
shape_118-1,60,-97.882430,22.358980
shape_118-1,61,-97.882080,22.358910
shape_118-1,62,-97.881780,22.361060
shape_118-1,63,-97.882780,22.361190
shape_118-1,64,-97.882520,22.363240
shape_118-1,65,-97.883260,22.364750
shape_118-1,66,-97.878300,22.367760
shape_118-1,67,-97.877860,22.367290
shape_118-1,68,-97.874840,22.364160
shape_118-1,69,-97.873740,22.364930
shape_118-1,70,-97.875580,22.367170
shape_118-1,71,-97.872710,22.369190
shape_118-1,72,-97.873670,22.370280
shape_21-1,0,-97.833180,22.275560
shape_21-1,1,-97.833860,22.275350
shape_21-1,2,-97.837980,22.274190
shape_21-1,3,-97.836300,22.269080
shape_21-1,4,-97.838760,22.267810
shape_21-1,5,-97.839350,22.269070
shape_21-1,6,-97.840650,22.268570
shape_21-1,7,-97.841400,22.268270
shape_21-1,8,-97.840890,22.267220
shape_21-1,9,-97.840650,22.266860
shape_21-1,10,-97.839830,22.267240
shape_21-1,11,-97.839480,22.266570
shape_21-1,12,-97.839310,22.266570
shape_21-1,13,-97.837700,22.267310
shape_21-1,14,-97.837440,22.266850
shape_21-1,15,-97.836340,22.265640
shape_21-1,16,-97.835890,22.265180
shape_21-1,17,-97.838140,22.263610
shape_21-1,18,-97.839380,22.262680
shape_21-1,19,-97.839990,22.262240
shape_21-1,20,-97.838770,22.261000
shape_21-1,21,-97.839400,22.260470
shape_21-1,22,-97.839700,22.260770
shape_21-1,23,-97.840440,22.262520
shape_21-1,24,-97.840900,22.263180
shape_21-1,25,-97.841630,22.263880
shape_21-1,26,-97.842330,22.264650
shape_21-1,27,-97.842510,22.264110
shape_21-1,28,-97.848720,22.266140
shape_21-1,29,-97.849750,22.263800
shape_21-1,30,-97.854320,22.265170
shape_21-1,31,-97.856430,22.259640
shape_21-1,32,-97.853410,22.258620
shape_21-1,33,-97.854070,22.256780
shape_21-1,34,-97.854640,22.255400
shape_21-1,35,-97.854820,22.254730
shape_21-1,36,-97.854910,22.253150
shape_21-1,37,-97.858210,22.252190
shape_21-1,38,-97.858020,22.249580
shape_21-1,39,-97.857630,22.246620
shape_21-1,40,-97.857410,22.246410
shape_21-1,41,-97.858310,22.244100
shape_21-1,42,-97.858870,22.241880
shape_21-1,43,-97.860100,22.237350
shape_21-1,44,-97.860650,22.235180
shape_21-1,45,-97.861040,22.233610
shape_21-1,46,-97.861050,22.230490
shape_21-1,47,-97.861260,22.229800
shape_21-1,48,-97.861440,22.228770
shape_21-1,49,-97.861370,22.228580
shape_21-1,50,-97.861820,22.227710
shape_21-1,51,-97.859250,22.226680
shape_21-1,52,-97.858970,22.227270
shape_21-1,53,-97.858820,22.227310
shape_21-1,54,-97.858600,22.226180
shape_21-1,55,-97.857920,22.225510
shape_21-1,56,-97.856990,22.225490
shape_21-1,57,-97.856420,22.225140
shape_21-1,58,-97.856140,22.224590
shape_21-1,59,-97.856760,22.223160
shape_21-1,60,-97.856500,22.222300
shape_21-1,61,-97.855680,22.221810
shape_21-1,62,-97.854040,22.221700
shape_21-1,63,-97.856300,22.217530
shape_21-1,64,-97.855390,22.217160
shape_21-1,65,-97.855390,22.217160
shape_21-1,66,-97.853270,22.221340
shape_21-1,67,-97.854040,22.221700
shape_21-1,68,-97.855680,22.221810
shape_21-1,69,-97.856500,22.222300
shape_21-1,70,-97.856760,22.223160
shape_21-1,71,-97.856140,22.224590
shape_21-1,72,-97.856420,22.225140
shape_21-1,73,-97.856990,22.225490
shape_21-1,74,-97.857920,22.225510
shape_21-1,75,-97.858600,22.226180
shape_21-1,76,-97.858820,22.227310
shape_21-1,77,-97.858970,22.227270
shape_21-1,78,-97.859020,22.227890
shape_21-1,79,-97.859450,22.229520
shape_21-1,80,-97.860290,22.229600
shape_21-1,81,-97.859900,22.229560
shape_21-1,82,-97.860760,22.229700
shape_21-1,83,-97.861260,22.229800
shape_21-1,84,-97.861050,22.230490
shape_21-1,85,-97.861040,22.233610
shape_21-1,86,-97.860650,22.235180
shape_21-1,87,-97.860100,22.237350
shape_21-1,88,-97.858870,22.241880
shape_21-1,89,-97.858310,22.244100
shape_21-1,90,-97.857410,22.246410
shape_21-1,91,-97.857630,22.246620
shape_21-1,92,-97.858020,22.249580
shape_21-1,93,-97.858210,22.252190
shape_21-1,94,-97.854910,22.253150
shape_21-1,95,-97.854820,22.254730
shape_21-1,96,-97.854640,22.255400
shape_21-1,97,-97.854070,22.256780
shape_21-1,98,-97.853410,22.258620
shape_21-1,99,-97.854920,22.259110
shape_21-1,100,-97.852800,22.264790
shape_21-1,101,-97.849750,22.263800
shape_21-1,102,-97.848720,22.266140
shape_21-1,103,-97.842510,22.264110
shape_21-1,104,-97.842330,22.264650
shape_21-1,105,-97.841630,22.263880
shape_21-1,106,-97.840900,22.263180
shape_21-1,107,-97.840440,22.262520
shape_21-1,108,-97.839990,22.262240
shape_21-1,109,-97.839380,22.262680
shape_21-1,110,-97.838140,22.263610
shape_21-1,111,-97.835890,22.265180
shape_21-1,112,-97.836340,22.265640
shape_21-1,113,-97.837440,22.266850
shape_21-1,114,-97.837700,22.267310
shape_21-1,115,-97.839310,22.266570
shape_21-1,116,-97.839480,22.266570
shape_21-1,117,-97.839830,22.267240
shape_21-1,118,-97.840650,22.266860
shape_21-1,119,-97.840890,22.267220
shape_21-1,120,-97.841400,22.268270
shape_21-1,121,-97.840650,22.268570
shape_21-1,122,-97.839350,22.269070
shape_21-1,123,-97.838760,22.267810
shape_21-1,124,-97.836300,22.269090
shape_21-1,125,-97.836030,22.268260
shape_21-1,126,-97.835320,22.268470
shape_21-1,127,-97.837260,22.274370
shape_21-1,128,-97.833860,22.275350
shape_17-1,0,-97.849070,22.325440
shape_17-1,1,-97.850890,22.324350
shape_17-1,2,-97.853950,22.322780
shape_17-1,3,-97.853720,22.322850
shape_17-1,4,-97.850010,22.314850
shape_17-1,5,-97.850190,22.314740
shape_17-1,6,-97.849880,22.314410
shape_17-1,7,-97.850870,22.313660
shape_17-1,8,-97.851130,22.313500
shape_17-1,9,-97.848690,22.306230
shape_17-1,10,-97.849010,22.305730
shape_17-1,11,-97.848830,22.305110
shape_17-1,12,-97.848530,22.304420
shape_17-1,13,-97.848180,22.303560
shape_17-1,14,-97.846510,22.304170
shape_17-1,15,-97.846200,22.303480
shape_17-1,16,-97.845990,22.303490
shape_17-1,17,-97.845930,22.300790
shape_17-1,18,-97.844430,22.300830
shape_17-1,19,-97.844250,22.300770
shape_17-1,20,-97.844420,22.298060
shape_17-1,21,-97.844710,22.296400
shape_17-1,22,-97.844810,22.296240
shape_17-1,23,-97.846040,22.296150
shape_17-1,24,-97.845430,22.289270
shape_17-1,25,-97.846030,22.289230
shape_17-1,26,-97.845920,22.288270
shape_17-1,27,-97.846960,22.288500
shape_17-1,28,-97.847110,22.288500
shape_17-1,29,-97.847940,22.286370
shape_17-1,30,-97.844360,22.285190
shape_17-1,31,-97.845840,22.281300
shape_17-1,32,-97.842260,22.280120
shape_17-1,33,-97.840130,22.279440
shape_17-1,34,-97.841120,22.276950
shape_17-1,35,-97.841540,22.276880
shape_17-1,36,-97.842940,22.276840
shape_17-1,37,-97.843740,22.276690
shape_17-1,38,-97.844370,22.276340
shape_17-1,39,-97.845480,22.275130
shape_17-1,40,-97.845720,22.274990
shape_17-1,41,-97.845600,22.274550
shape_17-1,42,-97.847500,22.269870
shape_17-1,43,-97.847550,22.269610
shape_17-1,44,-97.845970,22.268310
shape_17-1,45,-97.843780,22.266000
shape_17-1,46,-97.845690,22.261040
shape_17-1,47,-97.843120,22.259870
shape_17-1,48,-97.843710,22.258850
shape_17-1,49,-97.836010,22.251000
shape_17-1,50,-97.835760,22.250810
shape_17-1,51,-97.835560,22.250300
shape_17-1,52,-97.836110,22.249860
shape_17-1,53,-97.839110,22.252920
shape_17-1,54,-97.838430,22.253460
shape_17-1,55,-97.838430,22.253460
shape_17-1,56,-97.839110,22.252920
shape_17-1,57,-97.836110,22.249860
shape_17-1,58,-97.835560,22.250300
shape_17-1,59,-97.835760,22.250810
shape_17-1,60,-97.836010,22.251000
shape_17-1,61,-97.843710,22.258850
shape_17-1,62,-97.843120,22.259870
shape_17-1,63,-97.845690,22.261040
shape_17-1,64,-97.843780,22.266000
shape_17-1,65,-97.845970,22.268310
shape_17-1,66,-97.847550,22.269610
shape_17-1,67,-97.847500,22.269870
shape_17-1,68,-97.845600,22.274550
shape_17-1,69,-97.845720,22.274990
shape_17-1,70,-97.845480,22.275130
shape_17-1,71,-97.844370,22.276340
shape_17-1,72,-97.843740,22.276690
shape_17-1,73,-97.842940,22.276840
shape_17-1,74,-97.841540,22.276880
shape_17-1,75,-97.841120,22.276950
shape_17-1,76,-97.840130,22.279440
shape_17-1,77,-97.842260,22.280120
shape_17-1,78,-97.845840,22.281300
shape_17-1,79,-97.844360,22.285190
shape_17-1,80,-97.847940,22.286370
shape_17-1,81,-97.847110,22.288500
shape_17-1,82,-97.846960,22.288500
shape_17-1,83,-97.845920,22.288270
shape_17-1,84,-97.846030,22.289230
shape_17-1,85,-97.845430,22.289270
shape_17-1,86,-97.846040,22.296150
shape_17-1,87,-97.844810,22.296240
shape_17-1,88,-97.844710,22.296400
shape_17-1,89,-97.844420,22.298060
shape_17-1,90,-97.844250,22.300770
shape_17-1,91,-97.844430,22.300830
shape_17-1,92,-97.845930,22.300790
shape_17-1,93,-97.845990,22.303490
shape_17-1,94,-97.846200,22.303480
shape_17-1,95,-97.846510,22.304170
shape_17-1,96,-97.848180,22.303560
shape_17-1,97,-97.848530,22.304420
shape_17-1,98,-97.848830,22.305110
shape_17-1,99,-97.849010,22.305730
shape_17-1,100,-97.848690,22.306230
shape_17-1,101,-97.851130,22.313500
shape_17-1,102,-97.850870,22.313660
shape_17-1,103,-97.849880,22.314410
shape_17-1,104,-97.850190,22.314740
shape_17-1,105,-97.850010,22.314850
shape_17-1,106,-97.853720,22.322850
shape_17-1,107,-97.853950,22.322780
shape_17-1,108,-97.850890,22.324350
shape_20-1,0,-97.872350,22.340330
shape_20-1,1,-97.868660,22.341680
shape_20-1,2,-97.864520,22.331680
shape_20-1,3,-97.860640,22.322220
shape_20-1,4,-97.860330,22.321780
shape_20-1,5,-97.860460,22.321550
shape_20-1,6,-97.860760,22.321410
shape_20-1,7,-97.858970,22.316160
shape_20-1,8,-97.857370,22.311210
shape_20-1,9,-97.857080,22.311310
shape_20-1,10,-97.855100,22.306120
shape_20-1,11,-97.857680,22.305080
shape_20-1,12,-97.856660,22.302590
shape_20-1,13,-97.854830,22.298330
shape_20-1,14,-97.852550,22.292660
shape_20-1,15,-97.852960,22.292250
shape_20-1,16,-97.850780,22.286770
shape_20-1,17,-97.845630,22.274660
shape_20-1,18,-97.847610,22.269780
shape_20-1,19,-97.842220,22.264670
shape_20-1,20,-97.841360,22.263820
shape_20-1,21,-97.840310,22.262430
shape_20-1,22,-97.839820,22.260780
shape_20-1,23,-97.832350,22.253180
shape_20-1,24,-97.835590,22.250360
shape_20-1,25,-97.834970,22.248920
shape_20-1,26,-97.834300,22.247240
shape_20-1,27,-97.834570,22.247280
shape_20-1,28,-97.834310,22.247230
shape_20-1,29,-97.834300,22.247240
shape_20-1,30,-97.834970,22.248920
shape_20-1,31,-97.835190,22.249390
shape_20-1,32,-97.834940,22.249580
shape_20-1,33,-97.830980,22.253150
shape_20-1,34,-97.838710,22.261000
shape_20-1,35,-97.840350,22.262560
shape_20-1,36,-97.841360,22.263820
shape_20-1,37,-97.842220,22.264670
shape_20-1,38,-97.847610,22.269780
shape_20-1,39,-97.845630,22.274660
shape_20-1,40,-97.850780,22.286770
shape_20-1,41,-97.852960,22.292250
shape_20-1,42,-97.852550,22.292660
shape_20-1,43,-97.854830,22.298330
shape_20-1,44,-97.856660,22.302590
shape_20-1,45,-97.857680,22.305080
shape_20-1,46,-97.855100,22.306120
shape_20-1,47,-97.857080,22.311310
shape_20-1,48,-97.857370,22.311210
shape_20-1,49,-97.858970,22.316160
shape_20-1,50,-97.860760,22.321410
shape_20-1,51,-97.860460,22.321550
shape_20-1,52,-97.860330,22.321780
shape_20-1,53,-97.860640,22.322220
shape_20-1,54,-97.864520,22.331680
shape_20-1,55,-97.868660,22.341680
shape_28-1,0,-97.892990,22.282760
shape_28-1,1,-97.892950,22.282140
shape_28-1,2,-97.891880,22.282180
shape_28-1,3,-97.891880,22.282300
shape_28-1,4,-97.890330,22.282120
shape_28-1,5,-97.890310,22.282250
shape_28-1,6,-97.888560,22.282090
shape_28-1,7,-97.888480,22.283470
shape_28-1,8,-97.890110,22.283610
shape_28-1,9,-97.890980,22.287300
shape_28-1,10,-97.889100,22.286010
shape_28-1,11,-97.888370,22.285990
shape_28-1,12,-97.887310,22.286150
shape_28-1,13,-97.886980,22.286220
shape_28-1,14,-97.887140,22.286340
shape_28-1,15,-97.888170,22.286590
shape_28-1,16,-97.888570,22.286760
shape_28-1,17,-97.889450,22.287400
shape_28-1,18,-97.889140,22.287840
shape_28-1,19,-97.888600,22.287820
shape_28-1,20,-97.888050,22.287440
shape_28-1,21,-97.886470,22.287020
shape_28-1,22,-97.886240,22.286410
shape_28-1,23,-97.885000,22.286770
shape_28-1,24,-97.884460,22.286850
shape_28-1,25,-97.883000,22.287210
shape_28-1,26,-97.881690,22.287370
shape_28-1,27,-97.881140,22.287330
shape_28-1,28,-97.880780,22.287230
shape_28-1,29,-97.877630,22.286500
shape_28-1,30,-97.875020,22.285840
shape_28-1,31,-97.873900,22.285670
shape_28-1,32,-97.873950,22.284610
shape_28-1,33,-97.873110,22.282640
shape_28-1,34,-97.872990,22.280490
shape_28-1,35,-97.873760,22.276190
shape_28-1,36,-97.874690,22.272720
shape_28-1,37,-97.873830,22.270350
shape_28-1,38,-97.873740,22.267020
shape_28-1,39,-97.874750,22.265070
shape_28-1,40,-97.876230,22.259410
shape_28-1,41,-97.876640,22.256870
shape_28-1,42,-97.876320,22.254980
shape_28-1,43,-97.874900,22.250060
shape_28-1,44,-97.873100,22.246540
shape_28-1,45,-97.864540,22.226340
shape_28-1,46,-97.863500,22.223260
shape_28-1,47,-97.863250,22.220810
shape_28-1,48,-97.862720,22.219440
shape_28-1,49,-97.857500,22.217140
shape_28-1,50,-97.859200,22.214000
shape_28-1,51,-97.859670,22.214220
shape_28-1,52,-97.859900,22.214750
shape_28-1,53,-97.859630,22.215180
shape_28-1,54,-97.859630,22.215180
shape_28-1,55,-97.857990,22.218360
shape_28-1,56,-97.862330,22.220240
shape_28-1,57,-97.863250,22.220810
shape_28-1,58,-97.863500,22.223260
shape_28-1,59,-97.864540,22.226340
shape_28-1,60,-97.873100,22.246540
shape_28-1,61,-97.874900,22.250060
shape_28-1,62,-97.876320,22.254980
shape_28-1,63,-97.876640,22.256870
shape_28-1,64,-97.876230,22.259410
shape_28-1,65,-97.874750,22.265070
shape_28-1,66,-97.873740,22.267020
shape_28-1,67,-97.873830,22.270350
shape_28-1,68,-97.874690,22.272720
shape_28-1,69,-97.873760,22.276190
shape_28-1,70,-97.872990,22.280490
shape_28-1,71,-97.873110,22.282640
shape_28-1,72,-97.873950,22.284610
shape_28-1,73,-97.873900,22.285670
shape_28-1,74,-97.875020,22.285840
shape_28-1,75,-97.877630,22.286500
shape_28-1,76,-97.880780,22.287230
shape_28-1,77,-97.881140,22.287330
shape_28-1,78,-97.881690,22.287370
shape_28-1,79,-97.883000,22.287210
shape_28-1,80,-97.884460,22.286850
shape_28-1,81,-97.885000,22.286770
shape_28-1,82,-97.886240,22.286410
shape_28-1,83,-97.886470,22.287020
shape_28-1,84,-97.888050,22.287440
shape_28-1,85,-97.888600,22.287820
shape_28-1,86,-97.889140,22.287840
shape_28-1,87,-97.889450,22.287400
shape_28-1,88,-97.888570,22.286760
shape_28-1,89,-97.888170,22.286590
shape_28-1,90,-97.887140,22.286340
shape_28-1,91,-97.886980,22.286220
shape_28-1,92,-97.887310,22.286150
shape_28-1,93,-97.888370,22.285990
shape_28-1,94,-97.889100,22.286010
shape_28-1,95,-97.890980,22.287300
shape_28-1,96,-97.890110,22.283610
shape_28-1,97,-97.888480,22.283470
shape_28-1,98,-97.888560,22.282090
shape_28-1,99,-97.890310,22.282250
shape_28-1,100,-97.890330,22.282120
shape_28-1,101,-97.891880,22.282300
shape_28-1,102,-97.891880,22.282180
shape_28-1,103,-97.892890,22.282170
shape_28-1,104,-97.892990,22.282720
shape_14-1,0,-97.855420,22.217190
shape_14-1,1,-97.863210,22.220620
shape_14-1,2,-97.863220,22.221180
shape_14-1,3,-97.863400,22.223560
shape_14-1,4,-97.865140,22.227870
shape_14-1,5,-97.867090,22.232880
shape_14-1,6,-97.869490,22.238560
shape_14-1,7,-97.872520,22.245570
shape_14-1,8,-97.873680,22.247600
shape_14-1,9,-97.875050,22.250810
shape_14-1,10,-97.876400,22.255180
shape_14-1,11,-97.876600,22.257130
shape_14-1,12,-97.876170,22.259530
shape_14-1,13,-97.875720,22.260580
shape_14-1,14,-97.874390,22.265490
shape_14-1,15,-97.873610,22.268190
shape_14-1,16,-97.873760,22.270690
shape_14-1,17,-97.874620,22.272700
shape_14-1,18,-97.874190,22.274360
shape_14-1,19,-97.873850,22.275460
shape_14-1,20,-97.875610,22.275950
shape_14-1,21,-97.875650,22.275580
shape_14-1,22,-97.876870,22.274340
shape_14-1,23,-97.878910,22.275000
shape_14-1,24,-97.880350,22.276170
shape_14-1,25,-97.879390,22.277800
shape_14-1,26,-97.878910,22.279550
shape_14-1,27,-97.878680,22.280780
shape_14-1,28,-97.879210,22.282210
shape_14-1,29,-97.879680,22.283010
shape_14-1,30,-97.879930,22.283280
shape_14-1,31,-97.880540,22.283590
shape_14-1,32,-97.881090,22.283980
shape_14-1,33,-97.881200,22.284530
shape_14-1,34,-97.881160,22.285030
shape_14-1,35,-97.880960,22.285290
shape_14-1,36,-97.880720,22.287230
shape_14-1,37,-97.882070,22.287300
shape_14-1,38,-97.883530,22.287070
shape_14-1,39,-97.883590,22.286170
shape_14-1,40,-97.883370,22.285560
shape_14-1,41,-97.882810,22.285070
shape_14-1,42,-97.883430,22.284270
shape_14-1,43,-97.884270,22.285740
shape_14-1,44,-97.884650,22.286740
shape_14-1,45,-97.884560,22.286890
shape_14-1,46,-97.884820,22.288000
shape_14-1,47,-97.884850,22.288930
shape_14-1,48,-97.885320,22.288900
shape_14-1,49,-97.885510,22.289510
shape_14-1,50,-97.886320,22.290160
shape_14-1,51,-97.887500,22.289820
shape_14-1,52,-97.887870,22.289760
shape_14-1,53,-97.887100,22.289000
shape_14-1,54,-97.886460,22.287010
shape_14-1,55,-97.888020,22.287410
shape_14-1,56,-97.888630,22.287800
shape_14-1,57,-97.888480,22.288890
shape_14-1,58,-97.889210,22.289830
shape_14-1,59,-97.891340,22.290040
shape_14-1,60,-97.890900,22.288010
shape_14-1,61,-97.888630,22.287800
shape_14-1,62,-97.888630,22.287800
shape_14-1,63,-97.890900,22.288010
shape_14-1,64,-97.891340,22.290040
shape_14-1,65,-97.889210,22.289830
shape_14-1,66,-97.888480,22.288890
shape_14-1,67,-97.888630,22.287800
shape_14-1,68,-97.888020,22.287410
shape_14-1,69,-97.886460,22.287010
shape_14-1,70,-97.887100,22.289000
shape_14-1,71,-97.886120,22.286480
shape_14-1,72,-97.884560,22.286890
shape_14-1,73,-97.884650,22.286740
shape_14-1,74,-97.884270,22.285740
shape_14-1,75,-97.883430,22.284270
shape_14-1,76,-97.882810,22.285070
shape_14-1,77,-97.883370,22.285560
shape_14-1,78,-97.883590,22.286170
shape_14-1,79,-97.883530,22.287070
shape_14-1,80,-97.882070,22.287300
shape_14-1,81,-97.880720,22.287230
shape_14-1,82,-97.880960,22.285290
shape_14-1,83,-97.881160,22.285030
shape_14-1,84,-97.881200,22.284530
shape_14-1,85,-97.881090,22.283980
shape_14-1,86,-97.880540,22.283590
shape_14-1,87,-97.879930,22.283280
shape_14-1,88,-97.879680,22.283010
shape_14-1,89,-97.879210,22.282210
shape_14-1,90,-97.878680,22.280780
shape_14-1,91,-97.878910,22.279550
shape_14-1,92,-97.879390,22.277800
shape_14-1,93,-97.880350,22.276170
shape_14-1,94,-97.878910,22.275000
shape_14-1,95,-97.876870,22.274340
shape_14-1,96,-97.875650,22.275580
shape_14-1,97,-97.875610,22.275950
shape_14-1,98,-97.873850,22.275460
shape_14-1,99,-97.874190,22.274360
shape_14-1,100,-97.874620,22.272700
shape_14-1,101,-97.873760,22.270690
shape_14-1,102,-97.873610,22.268190
shape_14-1,103,-97.874390,22.265490
shape_14-1,104,-97.875720,22.260580
shape_14-1,105,-97.876170,22.259530
shape_14-1,106,-97.876600,22.257130
shape_14-1,107,-97.876400,22.255180
shape_14-1,108,-97.875050,22.250810
shape_14-1,109,-97.873680,22.247600
shape_14-1,110,-97.872520,22.245570
shape_14-1,111,-97.869490,22.238560
shape_14-1,112,-97.867090,22.232880
shape_14-1,113,-97.865140,22.227870
shape_14-1,114,-97.863400,22.223560
shape_14-1,115,-97.863240,22.221610
shape_14-1,116,-97.856680,22.218770
shape_14-1,117,-97.857630,22.217110
shape_14-1,118,-97.856730,22.216810
shape_14-1,119,-97.856170,22.217640
shape_43-1,0,-97.882720,22.283390
shape_43-1,1,-97.882530,22.284230
shape_43-1,2,-97.881020,22.285110
shape_43-1,3,-97.880760,22.287210
shape_43-1,4,-97.880720,22.287400
shape_43-1,5,-97.876410,22.292160
shape_43-1,6,-97.873230,22.290420
shape_43-1,7,-97.873100,22.289790
shape_43-1,8,-97.872280,22.289080
shape_43-1,9,-97.871070,22.288490
shape_43-1,10,-97.865890,22.284930
shape_43-1,11,-97.862910,22.281300
shape_43-1,12,-97.858320,22.277280
shape_43-1,13,-97.855500,22.274870
shape_43-1,14,-97.853800,22.273490
shape_43-1,15,-97.850780,22.272740
shape_43-1,16,-97.847480,22.269630
shape_43-1,17,-97.853560,22.253670
shape_43-1,18,-97.854450,22.251320
shape_43-1,19,-97.854890,22.250570
shape_43-1,20,-97.854590,22.248060
shape_43-1,21,-97.855180,22.247160
shape_43-1,22,-97.855440,22.243220
shape_43-1,23,-97.855120,22.242290
shape_43-1,24,-97.854090,22.240820
shape_43-1,25,-97.853350,22.239000
shape_43-1,26,-97.852480,22.237900
shape_43-1,27,-97.849710,22.237110
shape_43-1,28,-97.847500,22.231750
shape_43-1,29,-97.846660,22.230510
shape_43-1,30,-97.846710,22.229320
shape_43-1,31,-97.854150,22.215660
shape_43-1,32,-97.854150,22.215660
shape_43-1,33,-97.856060,22.212040
shape_43-1,34,-97.856880,22.212360
shape_43-1,35,-97.856730,22.212860
shape_43-1,36,-97.856730,22.212860
shape_43-1,37,-97.855870,22.212470
shape_43-1,38,-97.854900,22.212310
shape_43-1,39,-97.854580,22.212900
shape_43-1,40,-97.852440,22.216760
shape_43-1,41,-97.853420,22.217270
shape_43-1,42,-97.852970,22.217820
shape_43-1,43,-97.846710,22.229320
shape_43-1,44,-97.846660,22.230510
shape_43-1,45,-97.847500,22.231750
shape_43-1,46,-97.849710,22.237110
shape_43-1,47,-97.852480,22.237900
shape_43-1,48,-97.853350,22.239000
shape_43-1,49,-97.854090,22.240820
shape_43-1,50,-97.855120,22.242290
shape_43-1,51,-97.855440,22.243220
shape_43-1,52,-97.855180,22.247160
shape_43-1,53,-97.854590,22.248060
shape_43-1,54,-97.854890,22.250570
shape_43-1,55,-97.854450,22.251320
shape_43-1,56,-97.853560,22.253670
shape_43-1,57,-97.847480,22.269630
shape_43-1,58,-97.850780,22.272740
shape_43-1,59,-97.853800,22.273490
shape_43-1,60,-97.855500,22.274870
shape_43-1,61,-97.858320,22.277280
shape_43-1,62,-97.862910,22.281300
shape_43-1,63,-97.865890,22.284930
shape_43-1,64,-97.871070,22.288490
shape_43-1,65,-97.872280,22.289080
shape_43-1,66,-97.872390,22.288860
shape_43-1,67,-97.872650,22.288520
shape_43-1,68,-97.873010,22.287990
shape_43-1,69,-97.873780,22.285680
shape_43-1,70,-97.880720,22.287400
shape_43-1,71,-97.881400,22.287430
shape_43-1,72,-97.881870,22.287390
shape_43-1,73,-97.884640,22.286810
shape_43-1,74,-97.884280,22.285460
shape_43-1,75,-97.882970,22.283360
shape_46-1,0,-97.838340,22.296990
shape_46-1,1,-97.836730,22.292000
shape_46-1,2,-97.836410,22.290670
shape_46-1,3,-97.836320,22.288710
shape_46-1,4,-97.835290,22.288790
shape_46-1,5,-97.834880,22.288350
shape_46-1,6,-97.834880,22.286810
shape_46-1,7,-97.833590,22.286910
shape_46-1,8,-97.832980,22.286160
shape_46-1,9,-97.831730,22.286870
shape_46-1,10,-97.829140,22.281300
shape_46-1,11,-97.827920,22.278320
shape_46-1,12,-97.830760,22.277380
shape_46-1,13,-97.834520,22.277020
shape_46-1,14,-97.843080,22.276890
shape_46-1,15,-97.844280,22.276430
shape_46-1,16,-97.845570,22.275180
shape_46-1,17,-97.845630,22.274700
shape_46-1,18,-97.854280,22.251730
shape_46-1,19,-97.854970,22.250470
shape_46-1,20,-97.854540,22.248170
shape_46-1,21,-97.855160,22.247100
shape_46-1,22,-97.855370,22.242930
shape_46-1,23,-97.854540,22.241600
shape_46-1,24,-97.852950,22.238320
shape_46-1,25,-97.849750,22.237030
shape_46-1,26,-97.848320,22.233390
shape_46-1,27,-97.846600,22.230610
shape_46-1,28,-97.846680,22.229580
shape_46-1,29,-97.856020,22.212040
shape_46-1,30,-97.856060,22.212140
shape_46-1,31,-97.857820,22.212620
shape_46-1,32,-97.857610,22.213290
shape_46-1,33,-97.855820,22.212440
shape_46-1,34,-97.854880,22.212330
shape_46-1,35,-97.852480,22.216810
shape_46-1,36,-97.853340,22.217290
shape_46-1,37,-97.846680,22.229580
shape_46-1,38,-97.846600,22.230610
shape_46-1,39,-97.848320,22.233390
shape_46-1,40,-97.849750,22.237030
shape_46-1,41,-97.852950,22.238320
shape_46-1,42,-97.854540,22.241600
shape_46-1,43,-97.855370,22.242930
shape_46-1,44,-97.855160,22.247100
shape_46-1,45,-97.854540,22.248170
shape_46-1,46,-97.854970,22.250470
shape_46-1,47,-97.854280,22.251730
shape_46-1,48,-97.845630,22.274700
shape_46-1,49,-97.845570,22.275180
shape_46-1,50,-97.844280,22.276430
shape_46-1,51,-97.843080,22.276890
shape_46-1,52,-97.834520,22.277020
shape_46-1,53,-97.830760,22.277380
shape_46-1,54,-97.827920,22.278320
shape_46-1,55,-97.829140,22.281300
shape_46-1,56,-97.831730,22.286870
shape_46-1,57,-97.832980,22.286160
shape_46-1,58,-97.833590,22.286910
shape_46-1,59,-97.834880,22.286810
shape_46-1,60,-97.834880,22.288350
shape_46-1,61,-97.835290,22.288790
shape_46-1,62,-97.836320,22.288710
shape_46-1,63,-97.836410,22.290670
shape_46-1,64,-97.836710,22.292040
shape_46-1,65,-97.838350,22.297000
shape_29-1,0,-97.891210,22.297940
shape_29-1,1,-97.892520,22.295550
shape_29-1,2,-97.891160,22.294100
shape_29-1,3,-97.890740,22.293450
shape_29-1,4,-97.890490,22.292630
shape_29-1,5,-97.888630,22.290580
shape_29-1,6,-97.887010,22.288880
shape_29-1,7,-97.885890,22.285280
shape_29-1,8,-97.887100,22.284960
shape_29-1,9,-97.886710,22.283870
shape_29-1,10,-97.887870,22.283560
shape_29-1,11,-97.886480,22.280850
shape_29-1,12,-97.886460,22.279730
shape_29-1,13,-97.889360,22.279630
shape_29-1,14,-97.891630,22.279660
shape_29-1,15,-97.891420,22.278180
shape_29-1,16,-97.889460,22.278540
shape_29-1,17,-97.889070,22.277420
shape_29-1,18,-97.889720,22.277270
shape_29-1,19,-97.890650,22.276660
shape_29-1,20,-97.889880,22.276040
shape_29-1,21,-97.889040,22.275780
shape_29-1,22,-97.887860,22.275540
shape_29-1,23,-97.887330,22.277270
shape_29-1,24,-97.886050,22.277670
shape_29-1,25,-97.884990,22.278160
shape_29-1,26,-97.884000,22.278930
shape_29-1,27,-97.883540,22.279000
shape_29-1,28,-97.882250,22.278910
shape_29-1,29,-97.881060,22.278910
shape_29-1,30,-97.879250,22.277820
shape_29-1,31,-97.877680,22.276390
shape_29-1,32,-97.874100,22.275450
shape_29-1,33,-97.874730,22.273020
shape_29-1,34,-97.873810,22.269880
shape_29-1,35,-97.873830,22.266920
shape_29-1,36,-97.874970,22.264220
shape_29-1,37,-97.876210,22.259330
shape_29-1,38,-97.876570,22.257090
shape_29-1,39,-97.876320,22.254410
shape_29-1,40,-97.874170,22.248390
shape_29-1,41,-97.871830,22.244240
shape_29-1,42,-97.868680,22.236750
shape_29-1,43,-97.863590,22.223980
shape_29-1,44,-97.863310,22.222270
shape_29-1,45,-97.863160,22.220540
shape_29-1,46,-97.862650,22.219370
shape_29-1,47,-97.857550,22.217150
shape_29-1,48,-97.859220,22.214010
shape_29-1,49,-97.858320,22.213590
shape_29-1,50,-97.857680,22.214830
shape_29-1,51,-97.857680,22.214830
shape_29-1,52,-97.857310,22.215540
shape_29-1,53,-97.856710,22.216710
shape_29-1,54,-97.857550,22.217150
shape_29-1,55,-97.862650,22.219370
shape_29-1,56,-97.863160,22.220540
shape_29-1,57,-97.863310,22.222270
shape_29-1,58,-97.863590,22.223980
shape_29-1,59,-97.868680,22.236750
shape_29-1,60,-97.871830,22.244240
shape_29-1,61,-97.874170,22.248390
shape_29-1,62,-97.876320,22.254410
shape_29-1,63,-97.876570,22.257090
shape_29-1,64,-97.876210,22.259330
shape_29-1,65,-97.874970,22.264220
shape_29-1,66,-97.873830,22.266920
shape_29-1,67,-97.873810,22.269880
shape_29-1,68,-97.874730,22.273020
shape_29-1,69,-97.874100,22.275450
shape_29-1,70,-97.877680,22.276390
shape_29-1,71,-97.879250,22.277820
shape_29-1,72,-97.881060,22.278910
shape_29-1,73,-97.882250,22.278910
shape_29-1,74,-97.883540,22.279000
shape_29-1,75,-97.884000,22.278930
shape_29-1,76,-97.884990,22.278160
shape_29-1,77,-97.886050,22.277670
shape_29-1,78,-97.887330,22.277270
shape_29-1,79,-97.889070,22.277420
shape_29-1,80,-97.889460,22.278540
shape_29-1,81,-97.891420,22.278180
shape_29-1,82,-97.891630,22.279660
shape_29-1,83,-97.889360,22.279630
shape_29-1,84,-97.886460,22.279730
shape_29-1,85,-97.886480,22.280850
shape_29-1,86,-97.887630,22.283040
shape_29-1,87,-97.885340,22.283710
shape_29-1,88,-97.885890,22.285280
shape_29-1,89,-97.887010,22.288880
shape_29-1,90,-97.888630,22.290580
shape_29-1,91,-97.890490,22.292630
shape_29-1,92,-97.890740,22.293450
shape_29-1,93,-97.891160,22.294100
shape_29-1,94,-97.892520,22.295540
shape_29-1,95,-97.891260,22.297920
shape_Fracc.-1,0,-97.888320,22.340210
shape_Fracc.-1,1,-97.887990,22.340090
shape_Fracc.-1,2,-97.887890,22.339760
shape_Fracc.-1,3,-97.888190,22.339490
shape_Fracc.-1,4,-97.887960,22.338980
shape_Fracc.-1,5,-97.887420,22.338710
shape_Fracc.-1,6,-97.886850,22.338250
shape_Fracc.-1,7,-97.886250,22.338270
shape_Fracc.-1,8,-97.886100,22.338630
shape_Fracc.-1,9,-97.886400,22.338960
shape_Fracc.-1,10,-97.886400,22.339120
shape_Fracc.-1,11,-97.886810,22.339430
shape_Fracc.-1,12,-97.886800,22.339850
shape_Fracc.-1,13,-97.887060,22.340090
shape_Fracc.-1,14,-97.888260,22.340520
shape_Fracc.-1,15,-97.888370,22.340830
shape_Fracc.-1,16,-97.888300,22.341140
shape_Fracc.-1,17,-97.888600,22.341330
shape_Fracc.-1,18,-97.889620,22.341970
shape_Fracc.-1,19,-97.889850,22.341970
shape_Fracc.-1,20,-97.889430,22.341490
shape_Fracc.-1,21,-97.888690,22.340980
shape_Fracc.-1,22,-97.888890,22.340430
shape_Fracc.-1,23,-97.888660,22.340330
shape_Fracc.-1,24,-97.888630,22.340060
shape_Fracc.-1,25,-97.889350,22.338360
shape_Fracc.-1,26,-97.889150,22.338040
shape_Fracc.-1,27,-97.889250,22.337740
shape_Fracc.-1,28,-97.888570,22.335730
shape_Fracc.-1,29,-97.887980,22.335380
shape_Fracc.-1,30,-97.887470,22.334700
shape_Fracc.-1,31,-97.887180,22.334490
shape_Fracc.-1,32,-97.885190,22.333660
shape_Fracc.-1,33,-97.884520,22.334370
shape_Fracc.-1,34,-97.883710,22.334960
shape_Fracc.-1,35,-97.883090,22.335250
shape_Fracc.-1,36,-97.882890,22.335050
shape_Fracc.-1,37,-97.879900,22.336670
shape_Fracc.-1,38,-97.876120,22.337780
shape_Fracc.-1,39,-97.875250,22.337780
shape_Fracc.-1,40,-97.874260,22.337530
shape_Fracc.-1,41,-97.873600,22.336830
shape_Fracc.-1,42,-97.873200,22.335630
shape_Fracc.-1,43,-97.873510,22.333160
shape_Fracc.-1,44,-97.874180,22.330660
shape_Fracc.-1,45,-97.881100,22.308530
shape_Fracc.-1,46,-97.881790,22.306090
shape_Fracc.-1,47,-97.881600,22.304740
shape_Fracc.-1,48,-97.873230,22.291040
shape_Fracc.-1,49,-97.873190,22.289990
shape_Fracc.-1,50,-97.871960,22.289000
shape_Fracc.-1,51,-97.870400,22.287990
shape_Fracc.-1,52,-97.865850,22.284790
shape_Fracc.-1,53,-97.862820,22.281190
shape_Fracc.-1,54,-97.858160,22.277080
shape_Fracc.-1,55,-97.854000,22.273610
shape_Fracc.-1,56,-97.850630,22.272660
shape_Fracc.-1,57,-97.854710,22.274360
shape_Fracc.-1,58,-97.856130,22.276670
shape_Fracc.-1,59,-97.858890,22.277980
shape_Fracc.-1,60,-97.859410,22.278180
shape_Fracc.-1,61,-97.859410,22.278180
shape_Fracc.-1,62,-97.858890,22.277980
shape_Fracc.-1,63,-97.856130,22.276670
shape_Fracc.-1,64,-97.854710,22.274360
shape_Fracc.-1,65,-97.850630,22.272660
shape_Fracc.-1,66,-97.854000,22.273610
shape_Fracc.-1,67,-97.858160,22.277080
shape_Fracc.-1,68,-97.862820,22.281190
shape_Fracc.-1,69,-97.865850,22.284790
shape_Fracc.-1,70,-97.870400,22.287990
shape_Fracc.-1,71,-97.871960,22.289000
shape_Fracc.-1,72,-97.873190,22.289990
shape_Fracc.-1,73,-97.873230,22.291040
shape_Fracc.-1,74,-97.881600,22.304740
shape_Fracc.-1,75,-97.881790,22.306090
shape_Fracc.-1,76,-97.881100,22.308530
shape_Fracc.-1,77,-97.874180,22.330660
shape_Fracc.-1,78,-97.873510,22.333160
shape_Fracc.-1,79,-97.873200,22.335630
shape_Fracc.-1,80,-97.873600,22.336830
shape_Fracc.-1,81,-97.874260,22.337530
shape_Fracc.-1,82,-97.875250,22.337780
shape_Fracc.-1,83,-97.876120,22.337780
shape_Fracc.-1,84,-97.879900,22.336670
shape_Fracc.-1,85,-97.882890,22.335050
shape_Fracc.-1,86,-97.883090,22.335250
shape_Fracc.-1,87,-97.883710,22.334960
shape_Fracc.-1,88,-97.884520,22.334370
shape_Fracc.-1,89,-97.885190,22.333660
shape_Fracc.-1,90,-97.887180,22.334490
shape_Fracc.-1,91,-97.887470,22.334700
shape_Fracc.-1,92,-97.887980,22.335380
shape_Fracc.-1,93,-97.888570,22.335730
shape_Fracc.-1,94,-97.889250,22.337740
shape_Fracc.-1,95,-97.889150,22.338040
shape_Fracc.-1,96,-97.889350,22.338360
shape_Fracc.-1,97,-97.888630,22.340060
shape_Fracc.-1,98,-97.888660,22.340330
shape_Fracc.-1,99,-97.888890,22.340430
shape_Fracc.-1,100,-97.888690,22.340980
shape_Fracc.-1,101,-97.889430,22.341490
shape_Fracc.-1,102,-97.889850,22.341970
shape_Fracc.-1,103,-97.889620,22.341970
shape_Fracc.-1,104,-97.888600,22.341330
shape_Fracc.-1,105,-97.888300,22.341140
shape_Fracc.-1,106,-97.888370,22.340830
shape_Fracc.-1,107,-97.888260,22.340520
shape_Fracc.-1,108,-97.887060,22.340090
shape_Fracc.-1,109,-97.886800,22.339850
shape_Fracc.-1,110,-97.886810,22.339430
shape_Fracc.-1,111,-97.886400,22.339120
shape_Fracc.-1,112,-97.886400,22.338960
shape_Fracc.-1,113,-97.886100,22.338630
shape_Fracc.-1,114,-97.886250,22.338270
shape_Fracc.-1,115,-97.886850,22.338250
shape_Fracc.-1,116,-97.887420,22.338710
shape_Fracc.-1,117,-97.887960,22.338980
shape_Fracc.-1,118,-97.888190,22.339490
shape_Fracc.-1,119,-97.887890,22.339760
shape_Fracc.-1,120,-97.887990,22.340090
shape_41-1,0,-97.892280,22.287830
shape_41-1,1,-97.890920,22.287300
shape_41-1,2,-97.890100,22.283610
shape_41-1,3,-97.890300,22.282210
shape_41-1,4,-97.887580,22.281950
shape_41-1,5,-97.887080,22.282020
shape_41-1,6,-97.887860,22.283570
shape_41-1,7,-97.886690,22.283860
shape_41-1,8,-97.887080,22.284980
shape_41-1,9,-97.885780,22.285380
shape_41-1,10,-97.886140,22.286480
shape_41-1,11,-97.881700,22.287370
shape_41-1,12,-97.873630,22.285620
shape_41-1,13,-97.872980,22.288120
shape_41-1,14,-97.872340,22.288470
shape_41-1,15,-97.871170,22.288570
shape_41-1,16,-97.868470,22.286720
shape_41-1,17,-97.866360,22.285250
shape_41-1,18,-97.860550,22.279090
shape_41-1,19,-97.858720,22.277580
shape_41-1,20,-97.856230,22.275380
shape_41-1,21,-97.853960,22.273510
shape_41-1,22,-97.851060,22.272820
shape_41-1,23,-97.840470,22.262700
shape_41-1,24,-97.839670,22.260700
shape_41-1,25,-97.838780,22.259850
shape_41-1,26,-97.842730,22.256580
shape_41-1,27,-97.843400,22.256020
shape_41-1,28,-97.839680,22.252320
shape_41-1,29,-97.842230,22.248590
shape_41-1,30,-97.834430,22.244440
shape_41-1,31,-97.836050,22.241810
shape_41-1,32,-97.838360,22.243040
shape_41-1,33,-97.835340,22.241240
shape_41-1,34,-97.838360,22.243040
shape_41-1,35,-97.839700,22.240830
shape_41-1,36,-97.840470,22.241240
shape_41-1,37,-97.842260,22.238410
shape_41-1,38,-97.840560,22.237510
shape_41-1,39,-97.840720,22.237160
shape_41-1,40,-97.841640,22.237470
shape_41-1,41,-97.839590,22.240750
shape_41-1,42,-97.839700,22.240830
shape_41-1,43,-97.839700,22.240830
shape_41-1,44,-97.839590,22.240750
shape_41-1,45,-97.841640,22.237470
shape_41-1,46,-97.840720,22.237160
shape_41-1,47,-97.840560,22.237510
shape_41-1,48,-97.842260,22.238410
shape_41-1,49,-97.840470,22.241240
shape_41-1,50,-97.839700,22.240830
shape_41-1,51,-97.838360,22.243040
shape_41-1,52,-97.838360,22.243040
shape_41-1,53,-97.836050,22.241810
shape_41-1,54,-97.834840,22.243820
shape_41-1,55,-97.835610,22.244120
shape_41-1,56,-97.834390,22.246240
shape_41-1,57,-97.841260,22.250000
shape_41-1,58,-97.839680,22.252320
shape_41-1,59,-97.843400,22.256020
shape_41-1,60,-97.842730,22.256580
shape_41-1,61,-97.838240,22.260390
shape_41-1,62,-97.840470,22.262700
shape_41-1,63,-97.845480,22.267790
shape_41-1,64,-97.851060,22.272820
shape_41-1,65,-97.853960,22.273510
shape_41-1,66,-97.854820,22.274780
shape_41-1,67,-97.856080,22.276550
shape_41-1,68,-97.858760,22.277940
shape_41-1,69,-97.860550,22.279090
shape_41-1,70,-97.866360,22.285250
shape_41-1,71,-97.868470,22.286720
shape_41-1,72,-97.870890,22.288680
shape_41-1,73,-97.872280,22.289270
shape_41-1,74,-97.872830,22.289600
shape_41-1,75,-97.873060,22.290000
shape_41-1,76,-97.873020,22.290220
shape_41-1,77,-97.872670,22.290310
shape_41-1,78,-97.872250,22.289890
shape_41-1,79,-97.872170,22.289420
shape_41-1,80,-97.873200,22.287660
shape_41-1,81,-97.873630,22.285620
shape_41-1,82,-97.881700,22.287370
shape_41-1,83,-97.886140,22.286480
shape_41-1,84,-97.885780,22.285380
shape_41-1,85,-97.887080,22.284980
shape_41-1,86,-97.886560,22.283390
shape_41-1,87,-97.887670,22.283040
shape_41-1,88,-97.887080,22.282020
shape_41-1,89,-97.887580,22.281950
shape_41-1,90,-97.890300,22.282210
shape_41-1,91,-97.890100,22.283610
shape_41-1,92,-97.890920,22.287300
shape_34-1,0,-97.842740,22.299640
shape_34-1,1,-97.842460,22.294830
shape_34-1,2,-97.838050,22.296090
shape_34-1,3,-97.837150,22.293360
shape_34-1,4,-97.836710,22.291990
shape_34-1,5,-97.836440,22.290650
shape_34-1,6,-97.836320,22.288700
shape_34-1,7,-97.835290,22.288790
shape_34-1,8,-97.834890,22.288420
shape_34-1,9,-97.834550,22.277050
shape_34-1,10,-97.838890,22.276920
shape_34-1,11,-97.833650,22.260920
shape_34-1,12,-97.833730,22.260810
shape_34-1,13,-97.831950,22.258990
shape_34-1,14,-97.832620,22.258430
shape_34-1,15,-97.829610,22.255400
shape_34-1,16,-97.835450,22.250380
shape_34-1,17,-97.835750,22.251120
shape_34-1,18,-97.836050,22.251010
shape_34-1,19,-97.836700,22.250500
shape_34-1,20,-97.837330,22.249780
shape_34-1,21,-97.837810,22.249070
shape_34-1,22,-97.841840,22.242720
shape_34-1,23,-97.841010,22.242290
shape_34-1,24,-97.843120,22.238880
shape_34-1,25,-97.842260,22.238450
shape_34-1,26,-97.842670,22.237720
shape_34-1,27,-97.843570,22.235290
shape_34-1,28,-97.845990,22.228790
shape_34-1,29,-97.850110,22.217750
shape_34-1,30,-97.848270,22.216960
shape_34-1,31,-97.850340,22.212930
shape_34-1,32,-97.857120,22.215980
shape_34-1,33,-97.856670,22.216740
shape_34-1,34,-97.851620,22.214470
shape_34-1,35,-97.850110,22.217750
shape_34-1,36,-97.850110,22.217750
shape_34-1,37,-97.851620,22.214470
shape_34-1,38,-97.856670,22.216740
shape_34-1,39,-97.857120,22.215980
shape_34-1,40,-97.850340,22.212930
shape_34-1,41,-97.848270,22.216960
shape_34-1,42,-97.850110,22.217750
shape_34-1,43,-97.845990,22.228790
shape_34-1,44,-97.843570,22.235290
shape_34-1,45,-97.842670,22.237720
shape_34-1,46,-97.842260,22.238450
shape_34-1,47,-97.843120,22.238880
shape_34-1,48,-97.841010,22.242290
shape_34-1,49,-97.838820,22.245880
shape_34-1,50,-97.837960,22.245370
shape_34-1,51,-97.835760,22.248920
shape_34-1,52,-97.835170,22.249460
shape_34-1,53,-97.835030,22.249550
shape_34-1,54,-97.835200,22.249850
shape_34-1,55,-97.835450,22.250380
shape_34-1,56,-97.829610,22.255400
shape_34-1,57,-97.832620,22.258430
shape_34-1,58,-97.831950,22.258990
shape_34-1,59,-97.833730,22.260810
shape_34-1,60,-97.834370,22.261400
shape_34-1,61,-97.833360,22.262210
shape_34-1,62,-97.837370,22.274840
shape_34-1,63,-97.837930,22.276350
shape_34-1,64,-97.838660,22.276230
shape_34-1,65,-97.838870,22.276870
shape_34-1,66,-97.834550,22.277050
shape_34-1,67,-97.834890,22.288420
shape_34-1,68,-97.835290,22.288790
shape_34-1,69,-97.836320,22.288700
shape_34-1,70,-97.836440,22.290650
shape_34-1,71,-97.836710,22.291990
shape_34-1,72,-97.837150,22.293360
shape_34-1,73,-97.838050,22.296090
shape_34-1,74,-97.842460,22.294830
shape_49-1,0,-97.899670,22.298700
shape_49-1,1,-97.899020,22.299300
shape_49-1,2,-97.899670,22.299940
shape_49-1,3,-97.900340,22.299350
shape_49-1,4,-97.899010,22.298050
shape_49-1,5,-97.896790,22.300640
shape_49-1,6,-97.896140,22.301270
shape_49-1,7,-97.893870,22.299600
shape_49-1,8,-97.891190,22.297910
shape_49-1,9,-97.887070,22.295710
shape_49-1,10,-97.885460,22.295330
shape_49-1,11,-97.881830,22.295050
shape_49-1,12,-97.880140,22.294420
shape_49-1,13,-97.878660,22.293410
shape_49-1,14,-97.873290,22.290430
shape_49-1,15,-97.872930,22.288240
shape_49-1,16,-97.874020,22.285010
shape_49-1,17,-97.872930,22.282190
shape_49-1,18,-97.873140,22.278100
shape_49-1,19,-97.874660,22.272780
shape_49-1,20,-97.873740,22.270020
shape_49-1,21,-97.874000,22.266520
shape_49-1,22,-97.875120,22.264100
shape_49-1,23,-97.876250,22.259110
shape_49-1,24,-97.876620,22.257350
shape_49-1,25,-97.876510,22.255160
shape_49-1,26,-97.874370,22.248690
shape_49-1,27,-97.872650,22.245650
shape_49-1,28,-97.869560,22.238580
shape_49-1,29,-97.867970,22.235220
shape_49-1,30,-97.864600,22.226420
shape_49-1,31,-97.863400,22.223260
shape_49-1,32,-97.863270,22.221540
shape_49-1,33,-97.855800,22.218390
shape_49-1,34,-97.854950,22.219980
shape_49-1,35,-97.855430,22.219120
shape_49-1,36,-97.863340,22.222630
shape_49-1,37,-97.863340,22.222630
shape_49-1,38,-97.855430,22.219120
shape_49-1,39,-97.854950,22.219980
shape_49-1,40,-97.855800,22.218390
shape_49-1,41,-97.863270,22.221540
shape_49-1,42,-97.863400,22.223260
shape_49-1,43,-97.864600,22.226420
shape_49-1,44,-97.867970,22.235220
shape_49-1,45,-97.869560,22.238580
shape_49-1,46,-97.872650,22.245650
shape_49-1,47,-97.874370,22.248690
shape_49-1,48,-97.876510,22.255160
shape_49-1,49,-97.876620,22.257350
shape_49-1,50,-97.876250,22.259110
shape_49-1,51,-97.875120,22.264100
shape_49-1,52,-97.874000,22.266520
shape_49-1,53,-97.873740,22.270020
shape_49-1,54,-97.874660,22.272780
shape_49-1,55,-97.873140,22.278100
shape_49-1,56,-97.872930,22.282190
shape_49-1,57,-97.874020,22.285010
shape_49-1,58,-97.872930,22.288240
shape_49-1,59,-97.872030,22.289730
shape_49-1,60,-97.873210,22.291120
shape_49-1,61,-97.875310,22.294420
shape_49-1,62,-97.876620,22.296260
shape_49-1,63,-97.880030,22.294400
shape_49-1,64,-97.881830,22.295050
shape_49-1,65,-97.885460,22.295330
shape_49-1,66,-97.887070,22.295710
shape_49-1,67,-97.891190,22.297910
shape_49-1,68,-97.893870,22.299600
shape_49-1,69,-97.896140,22.301270
shape_49-1,70,-97.896790,22.300640
shape_49-1,71,-97.899030,22.298060
shape_49-1,72,-97.900350,22.299370
shape_49-1,73,-97.899680,22.299940
shape_49-1,74,-97.899000,22.299300
shape_49-1,75,-97.899690,22.298720
shape_15-1,0,-97.837470,22.247950
shape_15-1,1,-97.841300,22.250020
shape_15-1,2,-97.839960,22.252140
shape_15-1,3,-97.845340,22.255010
shape_15-1,4,-97.844800,22.255900
shape_15-1,5,-97.843320,22.257160
shape_15-1,6,-97.844170,22.258020
shape_15-1,7,-97.844560,22.258590
shape_15-1,8,-97.850440,22.261670
shape_15-1,9,-97.852120,22.262110
shape_15-1,10,-97.851830,22.262860
shape_15-1,11,-97.858010,22.264850
shape_15-1,12,-97.856130,22.269770
shape_15-1,13,-97.858180,22.270460
shape_15-1,14,-97.856430,22.274980
shape_15-1,15,-97.856050,22.275360
shape_15-1,16,-97.855290,22.274700
shape_15-1,17,-97.855120,22.275070
shape_15-1,18,-97.856290,22.276750
shape_15-1,19,-97.859470,22.278410
shape_15-1,20,-97.862590,22.281090
shape_15-1,21,-97.864430,22.283370
shape_15-1,22,-97.866230,22.285280
shape_15-1,23,-97.868740,22.286990
shape_15-1,24,-97.869870,22.287790
shape_15-1,25,-97.871110,22.288950
shape_15-1,26,-97.872230,22.290200
shape_15-1,27,-97.873340,22.291350
shape_15-1,28,-97.879610,22.301300
shape_15-1,29,-97.885000,22.301290
shape_15-1,30,-97.888730,22.303300
shape_15-1,31,-97.888230,22.306390
shape_15-1,32,-97.887500,22.309870
shape_15-1,33,-97.886720,22.313460
shape_15-1,34,-97.886280,22.315420
shape_15-1,35,-97.885470,22.317340
shape_15-1,36,-97.882470,22.317270
shape_15-1,37,-97.882670,22.323100
shape_15-1,38,-97.886850,22.323580
shape_15-1,39,-97.888870,22.318660
shape_15-1,40,-97.882520,22.319260
shape_15-1,41,-97.882520,22.319260
shape_15-1,42,-97.888870,22.318660
shape_15-1,43,-97.886850,22.323580
shape_15-1,44,-97.882670,22.323100
shape_15-1,45,-97.882520,22.317880
shape_15-1,46,-97.885650,22.317820
shape_15-1,47,-97.885740,22.317270
shape_15-1,48,-97.886280,22.315420
shape_15-1,49,-97.886720,22.313460
shape_15-1,50,-97.887500,22.309870
shape_15-1,51,-97.888230,22.306390
shape_15-1,52,-97.888730,22.303300
shape_15-1,53,-97.885000,22.301290
shape_15-1,54,-97.879610,22.301300
shape_15-1,55,-97.873340,22.291350
shape_15-1,56,-97.872230,22.290200
shape_15-1,57,-97.871110,22.288950
shape_15-1,58,-97.869870,22.287790
shape_15-1,59,-97.868740,22.286990
shape_15-1,60,-97.866230,22.285280
shape_15-1,61,-97.864430,22.283370
shape_15-1,62,-97.862590,22.281090
shape_15-1,63,-97.859470,22.278410
shape_15-1,64,-97.858470,22.277360
shape_15-1,65,-97.857050,22.276150
shape_15-1,66,-97.856380,22.275560
shape_15-1,67,-97.856530,22.275000
shape_15-1,68,-97.858180,22.270460
shape_15-1,69,-97.856130,22.269770
shape_15-1,70,-97.858010,22.264850
shape_15-1,71,-97.851830,22.262860
shape_15-1,72,-97.852120,22.262110
shape_15-1,73,-97.850440,22.261670
shape_15-1,74,-97.844560,22.258590
shape_15-1,75,-97.844170,22.258020
shape_15-1,76,-97.843320,22.257160
shape_15-1,77,-97.844800,22.255900
shape_15-1,78,-97.845340,22.255010
shape_15-1,79,-97.839180,22.251760
shape_15-1,80,-97.840100,22.250300
shape_15-1,81,-97.837070,22.248680
shape_78-1,0,-97.857620,22.304930
shape_78-1,1,-97.861560,22.303540
shape_78-1,2,-97.863180,22.307320
shape_78-1,3,-97.863760,22.307090
shape_78-1,4,-97.869040,22.307200
shape_78-1,5,-97.868870,22.310680
shape_78-1,6,-97.875180,22.310970
shape_78-1,7,-97.880420,22.310560
shape_78-1,8,-97.881810,22.305670
shape_78-1,9,-97.881250,22.303890
shape_78-1,10,-97.873420,22.291220
shape_78-1,11,-97.872990,22.289080
shape_78-1,12,-97.873700,22.285660
shape_78-1,13,-97.873870,22.284410
shape_78-1,14,-97.872970,22.282190
shape_78-1,15,-97.873120,22.278470
shape_78-1,16,-97.874710,22.272890
shape_78-1,17,-97.873760,22.270060
shape_78-1,18,-97.873760,22.267040
shape_78-1,19,-97.875420,22.262830
shape_78-1,20,-97.876510,22.257860
shape_78-1,21,-97.876490,22.256290
shape_78-1,22,-97.876170,22.253790
shape_78-1,23,-97.873960,22.247950
shape_78-1,24,-97.871530,22.243330
shape_78-1,25,-97.867580,22.234210
shape_78-1,26,-97.864820,22.226860
shape_78-1,27,-97.863610,22.223900
shape_78-1,28,-97.863340,22.222170
shape_78-1,29,-97.863250,22.220660
shape_78-1,30,-97.862690,22.219430
shape_78-1,31,-97.859260,22.217940
shape_78-1,32,-97.860070,22.216370
shape_78-1,33,-97.859180,22.215950
shape_78-1,34,-97.859190,22.215990
shape_78-1,35,-97.857970,22.218400
shape_78-1,36,-97.859820,22.219150
shape_78-1,37,-97.862330,22.220240
shape_78-1,38,-97.863250,22.220660
shape_78-1,39,-97.863340,22.222170
shape_78-1,40,-97.863610,22.223900
shape_78-1,41,-97.864820,22.226860
shape_78-1,42,-97.867580,22.234210
shape_78-1,43,-97.871530,22.243330
shape_78-1,44,-97.873960,22.247950
shape_78-1,45,-97.876170,22.253790
shape_78-1,46,-97.876490,22.256290
shape_78-1,47,-97.876510,22.257860
shape_78-1,48,-97.875420,22.262830
shape_78-1,49,-97.873760,22.267040
shape_78-1,50,-97.873760,22.270060
shape_78-1,51,-97.874710,22.272890
shape_78-1,52,-97.873120,22.278470
shape_78-1,53,-97.872970,22.282190
shape_78-1,54,-97.873870,22.284410
shape_78-1,55,-97.873700,22.285660
shape_78-1,56,-97.872990,22.289080
shape_78-1,57,-97.873420,22.291220
shape_78-1,58,-97.881250,22.303890
shape_78-1,59,-97.881810,22.305670
shape_78-1,60,-97.881110,22.308590
shape_78-1,61,-97.873820,22.309040
shape_78-1,62,-97.869000,22.308770
shape_78-1,63,-97.869040,22.307200
shape_78-1,64,-97.863760,22.307090
shape_78-1,65,-97.863180,22.307320
shape_78-1,66,-97.861560,22.303570
shape_78-1,67,-97.857660,22.304920
shape_6-1,0,-97.880640,22.322080
shape_6-1,1,-97.880650,22.323260
shape_6-1,2,-97.882680,22.323080
shape_6-1,3,-97.882060,22.308450
shape_6-1,4,-97.880950,22.308610
shape_6-1,5,-97.879760,22.312350
shape_6-1,6,-97.877250,22.312520
shape_6-1,7,-97.877090,22.308820
shape_6-1,8,-97.873850,22.309020
shape_6-1,9,-97.872870,22.308920
shape_6-1,10,-97.871990,22.308940
shape_6-1,11,-97.868960,22.308730
shape_6-1,12,-97.869140,22.305230
shape_6-1,13,-97.869040,22.303330
shape_6-1,14,-97.864280,22.302560
shape_6-1,15,-97.857650,22.304940
shape_6-1,16,-97.852500,22.292570
shape_6-1,17,-97.852950,22.292110
shape_6-1,18,-97.841920,22.265470
shape_6-1,19,-97.842370,22.264590
shape_6-1,20,-97.841580,22.263720
shape_6-1,21,-97.842970,22.260270
shape_6-1,22,-97.844650,22.257310
shape_6-1,23,-97.847030,22.254010
shape_6-1,24,-97.841600,22.251120
shape_6-1,25,-97.840740,22.252560
shape_6-1,26,-97.840350,22.253000
shape_6-1,27,-97.839670,22.253540
shape_6-1,28,-97.835800,22.249610
shape_6-1,29,-97.836050,22.249090
shape_6-1,30,-97.846510,22.254690
shape_6-1,31,-97.846510,22.254690
shape_6-1,32,-97.836050,22.249090
shape_6-1,33,-97.835800,22.249610
shape_6-1,34,-97.839670,22.253540
shape_6-1,35,-97.840350,22.253000
shape_6-1,36,-97.840740,22.252560
shape_6-1,37,-97.841600,22.251120
shape_6-1,38,-97.847030,22.254010
shape_6-1,39,-97.844650,22.257310
shape_6-1,40,-97.842970,22.260270
shape_6-1,41,-97.841580,22.263720
shape_6-1,42,-97.841600,22.264040
shape_6-1,43,-97.841500,22.264370
shape_6-1,44,-97.841920,22.265470
shape_6-1,45,-97.852950,22.292110
shape_6-1,46,-97.852500,22.292570
shape_6-1,47,-97.857650,22.304940
shape_6-1,48,-97.864280,22.302560
shape_6-1,49,-97.869040,22.303330
shape_6-1,50,-97.869140,22.305230
shape_6-1,51,-97.868960,22.308730
shape_6-1,52,-97.868920,22.310720
shape_6-1,53,-97.873630,22.310920
shape_6-1,54,-97.877150,22.310820
shape_6-1,55,-97.880370,22.310620
shape_6-1,56,-97.879760,22.312350
shape_6-1,57,-97.878850,22.316040
shape_6-1,58,-97.880320,22.315960
shape_6-1,59,-97.882430,22.315720
shape_6-1,60,-97.882680,22.323080
shape_6-1,61,-97.880650,22.323160
shape_6-1,62,-97.880670,22.322130
shape_3-1,0,-97.884040,22.336740
shape_3-1,1,-97.883250,22.338010
shape_3-1,2,-97.883530,22.338070
shape_3-1,3,-97.884920,22.338230
shape_3-1,4,-97.885180,22.338090
shape_3-1,5,-97.886680,22.335770
shape_3-1,6,-97.886530,22.335510
shape_3-1,7,-97.885010,22.335390
shape_3-1,8,-97.884160,22.336730
shape_3-1,9,-97.882990,22.335030
shape_3-1,10,-97.881560,22.335820
shape_3-1,11,-97.879730,22.336720
shape_3-1,12,-97.877000,22.337510
shape_3-1,13,-97.875090,22.337770
shape_3-1,14,-97.874020,22.337280
shape_3-1,15,-97.873360,22.336580
shape_3-1,16,-97.873330,22.333840
shape_3-1,17,-97.874020,22.331210
shape_3-1,18,-97.873720,22.331310
shape_3-1,19,-97.872520,22.327350
shape_3-1,20,-97.872130,22.326340
shape_3-1,21,-97.870030,22.323540
shape_3-1,22,-97.868440,22.316710
shape_3-1,23,-97.868600,22.314140
shape_3-1,24,-97.868840,22.310220
shape_3-1,25,-97.864110,22.310230
shape_3-1,26,-97.863780,22.308330
shape_3-1,27,-97.863900,22.307850
shape_3-1,28,-97.863600,22.306010
shape_3-1,29,-97.862470,22.303210
shape_3-1,30,-97.857580,22.304970
shape_3-1,31,-97.855010,22.298590
shape_3-1,32,-97.852500,22.292530
shape_3-1,33,-97.850330,22.286910
shape_3-1,34,-97.847930,22.281120
shape_3-1,35,-97.845260,22.274310
shape_3-1,36,-97.843250,22.269610
shape_3-1,37,-97.843510,22.269490
shape_3-1,38,-97.841310,22.264040
shape_3-1,39,-97.841710,22.263800
shape_3-1,40,-97.842920,22.260330
shape_3-1,41,-97.843130,22.259770
shape_3-1,42,-97.843720,22.258850
shape_3-1,43,-97.838400,22.253470
shape_3-1,44,-97.839120,22.252910
shape_3-1,45,-97.837270,22.251090
shape_3-1,46,-97.838080,22.250250
shape_3-1,47,-97.838570,22.249450
shape_3-1,48,-97.837770,22.249040
shape_3-1,49,-97.837350,22.249780
shape_3-1,50,-97.836680,22.250470
shape_3-1,51,-97.836090,22.249870
shape_3-1,52,-97.835780,22.249600
shape_3-1,53,-97.835600,22.249640
shape_3-1,54,-97.835440,22.249560
shape_3-1,55,-97.835330,22.249440
shape_3-1,56,-97.835230,22.249510
shape_3-1,57,-97.835540,22.250280
shape_3-1,58,-97.835790,22.250830
shape_3-1,59,-97.835920,22.250930
shape_3-1,60,-97.838400,22.253470
shape_3-1,61,-97.836620,22.251650
shape_3-1,62,-97.835920,22.250930
shape_3-1,63,-97.835800,22.250830
shape_3-1,64,-97.835540,22.250280
shape_3-1,65,-97.835240,22.249520
shape_3-1,66,-97.835350,22.249430
shape_3-1,67,-97.835470,22.249580
shape_3-1,68,-97.835610,22.249640
shape_3-1,69,-97.835700,22.249630
shape_3-1,70,-97.835780,22.249600
shape_3-1,71,-97.836090,22.249870
shape_3-1,72,-97.836680,22.250470
shape_3-1,73,-97.836020,22.251030
shape_3-1,74,-97.836650,22.251640
shape_3-1,75,-97.840140,22.255240
shape_3-1,76,-97.841960,22.257090
shape_3-1,77,-97.843720,22.258850
shape_3-1,78,-97.843130,22.259770
shape_3-1,79,-97.842920,22.260330
shape_3-1,80,-97.841600,22.263840
shape_3-1,81,-97.841200,22.263580
shape_3-1,82,-97.843340,22.268840
shape_3-1,83,-97.845530,22.274400
shape_3-1,84,-97.848620,22.281710
shape_3-1,85,-97.850850,22.287150
shape_3-1,86,-97.852950,22.292220
shape_3-1,87,-97.852500,22.292530
shape_3-1,88,-97.854970,22.298510
shape_3-1,89,-97.857580,22.304970
shape_3-1,90,-97.862470,22.303210
shape_3-1,91,-97.863600,22.306010
shape_3-1,92,-97.863900,22.307850
shape_3-1,93,-97.863780,22.308330
shape_3-1,94,-97.864110,22.310230
shape_3-1,95,-97.868840,22.310220
shape_3-1,96,-97.868600,22.314140
shape_3-1,97,-97.868440,22.316710
shape_3-1,98,-97.869210,22.319990
shape_3-1,99,-97.870030,22.323540
shape_3-1,100,-97.872130,22.326340
shape_3-1,101,-97.872520,22.327350
shape_3-1,102,-97.873720,22.331310
shape_3-1,103,-97.874020,22.331210
shape_3-1,104,-97.873330,22.333840
shape_3-1,105,-97.873360,22.336580
shape_3-1,106,-97.874020,22.337280
shape_3-1,107,-97.875090,22.337770
shape_3-1,108,-97.877000,22.337510
shape_3-1,109,-97.879730,22.336720
shape_3-1,110,-97.881560,22.335820
shape_3-1,111,-97.882990,22.335030
shape_3-1,112,-97.884160,22.336730
shape_3-1,113,-97.885010,22.335390
shape_3-1,114,-97.886530,22.335510
shape_3-1,115,-97.886680,22.335770
shape_3-1,116,-97.885180,22.338090
shape_3-1,117,-97.884920,22.338230
shape_3-1,118,-97.883530,22.338070
shape_3-1,119,-97.883250,22.338010
shape_39-1,0,-97.796470,22.278410
shape_39-1,1,-97.794180,22.275420
shape_39-1,2,-97.794300,22.275210
shape_39-1,3,-97.794820,22.274970
shape_39-1,4,-97.799690,22.274270
shape_39-1,5,-97.801320,22.273910
shape_39-1,6,-97.807550,22.270670
shape_39-1,7,-97.814050,22.267350
shape_39-1,8,-97.820910,22.261600
shape_39-1,9,-97.827110,22.267970
shape_39-1,10,-97.833630,22.274690
shape_39-1,11,-97.834230,22.276610
shape_39-1,12,-97.833540,22.276700
shape_39-1,13,-97.833650,22.277090
shape_39-1,14,-97.841620,22.276920
shape_39-1,15,-97.843560,22.276710
shape_39-1,16,-97.844510,22.276250
shape_39-1,17,-97.845510,22.275110
shape_39-1,18,-97.845780,22.274980
shape_39-1,19,-97.845550,22.274380
shape_39-1,20,-97.847630,22.269380
shape_39-1,21,-97.849730,22.263560
shape_39-1,22,-97.852310,22.256950
shape_39-1,23,-97.854370,22.251350
shape_39-1,24,-97.854900,22.250510
shape_39-1,25,-97.854670,22.248070
shape_39-1,26,-97.855140,22.247000
shape_39-1,27,-97.855440,22.243210
shape_39-1,28,-97.854920,22.242030
shape_39-1,29,-97.853890,22.240210
shape_39-1,30,-97.853570,22.239020
shape_39-1,31,-97.853100,22.238340
shape_39-1,32,-97.852200,22.237740
shape_39-1,33,-97.850630,22.237330
shape_39-1,34,-97.849800,22.236970
shape_39-1,35,-97.849490,22.236570
shape_39-1,36,-97.848340,22.233260
shape_39-1,37,-97.846640,22.230630
shape_39-1,38,-97.846640,22.229860
shape_39-1,39,-97.846880,22.228980
shape_39-1,40,-97.849130,22.225030
shape_39-1,41,-97.851370,22.220900
shape_39-1,42,-97.854240,22.215560
shape_39-1,43,-97.855850,22.212400
shape_39-1,44,-97.855460,22.213170
shape_39-1,45,-97.855880,22.212450
shape_39-1,46,-97.854940,22.212260
shape_39-1,47,-97.852420,22.216820
shape_39-1,48,-97.853340,22.217290
shape_39-1,49,-97.851640,22.220300
shape_39-1,50,-97.849390,22.224240
shape_39-1,51,-97.846880,22.228980
shape_39-1,52,-97.846600,22.229840
shape_39-1,53,-97.846640,22.230630
shape_39-1,54,-97.848230,22.233390
shape_39-1,55,-97.849410,22.236610
shape_39-1,56,-97.849770,22.237070
shape_39-1,57,-97.850290,22.237370
shape_39-1,58,-97.852240,22.237940
shape_39-1,59,-97.852910,22.238460
shape_39-1,60,-97.853400,22.239150
shape_39-1,61,-97.853720,22.240090
shape_39-1,62,-97.854240,22.241060
shape_39-1,63,-97.854920,22.242030
shape_39-1,64,-97.855440,22.243210
shape_39-1,65,-97.855140,22.247000
shape_39-1,66,-97.854560,22.247970
shape_39-1,67,-97.854880,22.250470
shape_39-1,68,-97.854370,22.251350
shape_39-1,69,-97.853400,22.254050
shape_39-1,70,-97.852310,22.256950
shape_39-1,71,-97.850980,22.260270
shape_39-1,72,-97.849820,22.263520
shape_39-1,73,-97.847630,22.269600
shape_39-1,74,-97.845550,22.274380
shape_39-1,75,-97.845780,22.274980
shape_39-1,76,-97.845510,22.275110
shape_39-1,77,-97.844510,22.276250
shape_39-1,78,-97.843560,22.276710
shape_39-1,79,-97.842690,22.276860
shape_39-1,80,-97.841580,22.276880
shape_39-1,81,-97.833650,22.277090
shape_39-1,82,-97.833540,22.276700
shape_39-1,83,-97.834230,22.276610
shape_39-1,84,-97.833630,22.274690
shape_39-1,85,-97.827070,22.268050
shape_39-1,86,-97.820910,22.261600
shape_39-1,87,-97.814050,22.267350
shape_39-1,88,-97.807550,22.270670
shape_39-1,89,-97.801320,22.273910
shape_39-1,90,-97.799690,22.274270
shape_39-1,91,-97.794820,22.274970
shape_39-1,92,-97.794260,22.275100
shape_39-1,93,-97.794070,22.275200
shape_39-1,94,-97.793880,22.275260
shape_39-1,95,-97.793920,22.275440
shape_39-1,96,-97.794160,22.275560
shape_39-1,97,-97.796580,22.278510
shape_48-1,0,-97.849840,22.329000
shape_48-1,1,-97.849990,22.328830
shape_48-1,2,-97.849890,22.328170
shape_48-1,3,-97.849080,22.325430
shape_48-1,4,-97.850870,22.324320
shape_48-1,5,-97.853800,22.322870
shape_48-1,6,-97.850030,22.314850
shape_48-1,7,-97.851270,22.313910
shape_48-1,8,-97.849360,22.308190
shape_48-1,9,-97.857680,22.305080
shape_48-1,10,-97.856420,22.301980
shape_48-1,11,-97.854980,22.298630
shape_48-1,12,-97.852510,22.292580
shape_48-1,13,-97.850960,22.288890
shape_48-1,14,-97.850410,22.287160
shape_48-1,15,-97.845440,22.274990
shape_48-1,16,-97.845260,22.274610
shape_48-1,17,-97.845550,22.274460
shape_48-1,18,-97.849820,22.263450
shape_48-1,19,-97.852920,22.255400
shape_48-1,20,-97.854220,22.251810
shape_48-1,21,-97.854570,22.251020
shape_48-1,22,-97.854880,22.250550
shape_48-1,23,-97.854600,22.248160
shape_48-1,24,-97.855160,22.247200
shape_48-1,25,-97.855370,22.242910
shape_48-1,26,-97.855010,22.242170
shape_48-1,27,-97.853970,22.240610
shape_48-1,28,-97.853400,22.238930
shape_48-1,29,-97.852900,22.238320
shape_48-1,30,-97.852010,22.237730
shape_48-1,31,-97.849770,22.237030
shape_48-1,32,-97.848730,22.234870
shape_48-1,33,-97.848270,22.233360
shape_48-1,34,-97.846670,22.230620
shape_48-1,35,-97.846580,22.229750
shape_48-1,36,-97.856030,22.212070
shape_48-1,37,-97.857770,22.212700
shape_48-1,38,-97.857770,22.212690
shape_48-1,39,-97.857100,22.214070
shape_48-1,40,-97.854640,22.212890
shape_48-1,41,-97.852420,22.216800
shape_48-1,42,-97.853290,22.217270
shape_48-1,43,-97.846580,22.229750
shape_48-1,44,-97.846670,22.230620
shape_48-1,45,-97.848270,22.233360
shape_48-1,46,-97.848730,22.234870
shape_48-1,47,-97.849770,22.237030
shape_48-1,48,-97.852010,22.237730
shape_48-1,49,-97.852900,22.238320
shape_48-1,50,-97.853400,22.238930
shape_48-1,51,-97.853970,22.240610
shape_48-1,52,-97.855010,22.242170
shape_48-1,53,-97.855370,22.242910
shape_48-1,54,-97.855160,22.247200
shape_48-1,55,-97.854600,22.248160
shape_48-1,56,-97.854880,22.250550
shape_48-1,57,-97.854570,22.251020
shape_48-1,58,-97.854220,22.251810
shape_48-1,59,-97.852920,22.255400
shape_48-1,60,-97.849820,22.263450
shape_48-1,61,-97.845550,22.274460
shape_48-1,62,-97.845260,22.274610
shape_48-1,63,-97.845440,22.274990
shape_48-1,64,-97.850410,22.287160
shape_48-1,65,-97.850960,22.288890
shape_48-1,66,-97.852510,22.292580
shape_48-1,67,-97.854980,22.298630
shape_48-1,68,-97.856420,22.301980
shape_48-1,69,-97.857680,22.305080
shape_48-1,70,-97.849360,22.308190
shape_48-1,71,-97.851270,22.313910
shape_48-1,72,-97.850030,22.314850
shape_48-1,73,-97.853800,22.322870
shape_48-1,74,-97.850870,22.324320
shape_48-1,75,-97.849080,22.325430
shape_48-1,76,-97.849890,22.328170
shape_48-1,77,-97.849990,22.328830
shape_22-1,0,-97.864130,22.330740
shape_22-1,1,-97.860650,22.322220
shape_22-1,2,-97.860400,22.321850
shape_22-1,3,-97.860570,22.321570
shape_22-1,4,-97.860790,22.321370
shape_22-1,5,-97.857360,22.311230
shape_22-1,6,-97.857070,22.311330
shape_22-1,7,-97.856420,22.309350
shape_22-1,8,-97.855100,22.306130
shape_22-1,9,-97.857690,22.305080
shape_22-1,10,-97.856260,22.301700
shape_22-1,11,-97.855540,22.300070
shape_22-1,12,-97.853960,22.296110
shape_22-1,13,-97.852530,22.292660
shape_22-1,14,-97.852920,22.292260
shape_22-1,15,-97.847920,22.279960
shape_22-1,16,-97.845610,22.274530
shape_22-1,17,-97.849770,22.263740
shape_22-1,18,-97.854410,22.251170
shape_22-1,19,-97.854920,22.250340
shape_22-1,20,-97.854560,22.247930
shape_22-1,21,-97.855120,22.247020
shape_22-1,22,-97.855270,22.244560
shape_22-1,23,-97.855250,22.242390
shape_22-1,24,-97.853830,22.240540
shape_22-1,25,-97.852910,22.238300
shape_22-1,26,-97.849860,22.237090
shape_22-1,27,-97.848550,22.234370
shape_22-1,28,-97.847480,22.231900
shape_22-1,29,-97.846620,22.230400
shape_22-1,30,-97.856080,22.212060
shape_22-1,31,-97.855210,22.211730
shape_22-1,32,-97.852390,22.216810
shape_22-1,33,-97.853380,22.217250
shape_22-1,34,-97.855260,22.211720
shape_22-1,35,-97.852390,22.216810
shape_22-1,36,-97.852790,22.217000
shape_22-1,37,-97.853310,22.217220
shape_22-1,38,-97.846620,22.230400
shape_22-1,39,-97.847480,22.231900
shape_22-1,40,-97.848550,22.234370
shape_22-1,41,-97.849860,22.237090
shape_22-1,42,-97.852910,22.238300
shape_22-1,43,-97.853830,22.240540
shape_22-1,44,-97.855250,22.242390
shape_22-1,45,-97.855270,22.244560
shape_22-1,46,-97.855120,22.247020
shape_22-1,47,-97.854560,22.247930
shape_22-1,48,-97.854920,22.250340
shape_22-1,49,-97.854410,22.251170
shape_22-1,50,-97.849770,22.263740
shape_22-1,51,-97.845610,22.274530
shape_22-1,52,-97.847920,22.279960
shape_22-1,53,-97.852920,22.292260
shape_22-1,54,-97.852530,22.292660
shape_22-1,55,-97.853960,22.296110
shape_22-1,56,-97.855540,22.300070
shape_22-1,57,-97.856260,22.301700
shape_22-1,58,-97.857690,22.305080
shape_22-1,59,-97.855100,22.306130
shape_22-1,60,-97.856420,22.309350
shape_22-1,61,-97.857070,22.311330
shape_22-1,62,-97.857360,22.311230
shape_22-1,63,-97.860790,22.321370
shape_22-1,64,-97.860570,22.321570
shape_22-1,65,-97.860400,22.321850
shape_22-1,66,-97.864140,22.330730
shape_33-1,0,-97.899030,22.298050
shape_33-1,1,-97.896730,22.300660
shape_33-1,2,-97.892600,22.305260
shape_33-1,3,-97.891900,22.304720
shape_33-1,4,-97.891260,22.305330
shape_33-1,5,-97.889970,22.304330
shape_33-1,6,-97.889310,22.303960
shape_33-1,7,-97.888990,22.303490
shape_33-1,8,-97.889270,22.302030
shape_33-1,9,-97.890250,22.302540
shape_33-1,10,-97.890470,22.302270
shape_33-1,11,-97.891840,22.300410
shape_33-1,12,-97.889090,22.299700
shape_33-1,13,-97.888410,22.299700
shape_33-1,14,-97.887650,22.299390
shape_33-1,15,-97.885510,22.303060
shape_33-1,16,-97.885290,22.303230
shape_33-1,17,-97.884150,22.302870
shape_33-1,18,-97.885050,22.301330
shape_33-1,19,-97.884020,22.301270
shape_33-1,20,-97.883960,22.300110
shape_33-1,21,-97.884920,22.298720
shape_33-1,22,-97.884690,22.298460
shape_33-1,23,-97.824150,22.254220
shape_33-1,24,-97.823550,22.253650
shape_33-1,25,-97.822900,22.254160
shape_33-1,26,-97.823510,22.254780
shape_33-1,27,-97.827850,22.251170
shape_33-1,28,-97.827220,22.250550
shape_33-1,29,-97.826540,22.249970
shape_33-1,30,-97.825920,22.249330
shape_33-1,31,-97.825680,22.249110
shape_33-1,32,-97.825520,22.248720
shape_33-1,33,-97.826050,22.248260
shape_33-1,34,-97.829390,22.245480
shape_33-1,35,-97.830640,22.244430
shape_33-1,36,-97.830750,22.244490
shape_33-1,37,-97.831360,22.243950
shape_33-1,38,-97.832440,22.245000
shape_33-1,39,-97.833630,22.244000
shape_33-1,40,-97.837510,22.246080
shape_33-1,41,-97.839320,22.243280
shape_33-1,42,-97.854450,22.251360
shape_33-1,43,-97.854730,22.250960
shape_33-1,44,-97.854920,22.250400
shape_33-1,45,-97.854590,22.248220
shape_33-1,46,-97.855100,22.247450
shape_33-1,47,-97.855230,22.245350
shape_33-1,48,-97.857560,22.246580
shape_33-1,49,-97.858200,22.252190
shape_33-1,50,-97.853610,22.253490
shape_33-1,51,-97.849730,22.263790
shape_33-1,52,-97.855930,22.265760
shape_33-1,53,-97.855350,22.267180
shape_33-1,54,-97.853920,22.268630
shape_33-1,55,-97.852110,22.272950
shape_33-1,56,-97.854260,22.273870
shape_33-1,57,-97.855470,22.275650
shape_33-1,58,-97.856350,22.276800
shape_33-1,59,-97.858900,22.278020
shape_33-1,60,-97.861490,22.279940
shape_33-1,61,-97.864330,22.282960
shape_33-1,62,-97.865410,22.284200
shape_33-1,63,-97.866380,22.285170
shape_33-1,64,-97.871080,22.288900
shape_33-1,65,-97.871950,22.289810
shape_33-1,66,-97.872620,22.290490
shape_33-1,67,-97.873360,22.291180
shape_33-1,68,-97.876550,22.296270
shape_33-1,69,-97.879800,22.294470
shape_33-1,70,-97.880270,22.294470
shape_33-1,71,-97.881810,22.295090
shape_33-1,72,-97.883900,22.295250
shape_33-1,73,-97.886800,22.295610
shape_33-1,74,-97.889840,22.297160
shape_33-1,75,-97.888080,22.298170
shape_33-1,76,-97.886910,22.296910
shape_33-1,77,-97.884690,22.298460
shape_33-1,78,-97.884920,22.298720
shape_33-1,79,-97.883960,22.300110
shape_33-1,80,-97.884020,22.301270
shape_33-1,81,-97.885050,22.301330
shape_33-1,82,-97.884150,22.302870
shape_33-1,83,-97.885290,22.303230
shape_33-1,84,-97.885510,22.303060
shape_33-1,85,-97.887650,22.299390
shape_33-1,86,-97.888410,22.299700
shape_33-1,87,-97.889090,22.299700
shape_33-1,88,-97.891840,22.300410
shape_33-1,89,-97.890470,22.302270
shape_33-1,90,-97.890250,22.302540
shape_33-1,91,-97.889270,22.302030
shape_33-1,92,-97.888990,22.303490
shape_33-1,93,-97.889310,22.303960
shape_33-1,94,-97.889970,22.304330
shape_33-1,95,-97.891260,22.305330
shape_33-1,96,-97.891900,22.304720
shape_33-1,97,-97.892600,22.305260
shape_33-1,98,-97.896730,22.300660
shape_52-1,0,-97.851880,22.321510
shape_52-1,1,-97.850800,22.321960
shape_52-1,2,-97.851750,22.323910
shape_52-1,3,-97.853780,22.322870
shape_52-1,4,-97.850040,22.314840
shape_52-1,5,-97.851280,22.313970
shape_52-1,6,-97.848700,22.306240
shape_52-1,7,-97.849030,22.305660
shape_52-1,8,-97.848800,22.305010
shape_52-1,9,-97.848540,22.304420
shape_52-1,10,-97.848180,22.303530
shape_52-1,11,-97.846500,22.304160
shape_52-1,12,-97.846200,22.303480
shape_52-1,13,-97.846000,22.303480
shape_52-1,14,-97.845930,22.300750
shape_52-1,15,-97.844420,22.300840
shape_52-1,16,-97.844230,22.300760
shape_52-1,17,-97.844500,22.297610
shape_52-1,18,-97.844760,22.296240
shape_52-1,19,-97.845410,22.296180
shape_52-1,20,-97.844870,22.290660
shape_52-1,21,-97.842620,22.290850
shape_52-1,22,-97.842340,22.288260
shape_52-1,23,-97.843680,22.284980
shape_52-1,24,-97.842210,22.284510
shape_52-1,25,-97.845060,22.277250
shape_52-1,26,-97.844310,22.277000
shape_52-1,27,-97.844580,22.276150
shape_52-1,28,-97.845150,22.275560
shape_52-1,29,-97.845490,22.275100
shape_52-1,30,-97.845270,22.274640
shape_52-1,31,-97.845660,22.274320
shape_52-1,32,-97.848320,22.267350
shape_52-1,33,-97.851440,22.259390
shape_52-1,34,-97.853120,22.254890
shape_52-1,35,-97.853990,22.252380
shape_52-1,36,-97.854400,22.251350
shape_52-1,37,-97.854900,22.250540
shape_52-1,38,-97.854620,22.248070
shape_52-1,39,-97.855060,22.247120
shape_52-1,40,-97.855320,22.244230
shape_52-1,41,-97.855390,22.243090
shape_52-1,42,-97.855000,22.242130
shape_52-1,43,-97.853970,22.240670
shape_52-1,44,-97.853350,22.238860
shape_52-1,45,-97.852840,22.238190
shape_52-1,46,-97.851940,22.237730
shape_52-1,47,-97.849840,22.237130
shape_52-1,48,-97.849490,22.236620
shape_52-1,49,-97.848720,22.234740
shape_52-1,50,-97.848420,22.233650
shape_52-1,51,-97.847300,22.231570
shape_52-1,52,-97.846760,22.230990
shape_52-1,53,-97.846590,22.230120
shape_52-1,54,-97.846800,22.229190
shape_52-1,55,-97.855850,22.212480
shape_52-1,56,-97.854860,22.212280
shape_52-1,57,-97.852390,22.216830
shape_52-1,58,-97.853230,22.217190
shape_52-1,59,-97.853230,22.217190
shape_52-1,60,-97.852390,22.216830
shape_52-1,61,-97.854860,22.212280
shape_52-1,62,-97.855850,22.212480
shape_52-1,63,-97.846800,22.229190
shape_52-1,64,-97.846590,22.230120
shape_52-1,65,-97.846760,22.230990
shape_52-1,66,-97.847300,22.231570
shape_52-1,67,-97.848420,22.233650
shape_52-1,68,-97.848720,22.234740
shape_52-1,69,-97.849490,22.236620
shape_52-1,70,-97.849840,22.237130
shape_52-1,71,-97.851940,22.237730
shape_52-1,72,-97.852840,22.238190
shape_52-1,73,-97.853350,22.238860
shape_52-1,74,-97.853970,22.240670
shape_52-1,75,-97.855000,22.242130
shape_52-1,76,-97.855390,22.243090
shape_52-1,77,-97.855320,22.244230
shape_52-1,78,-97.855060,22.247120
shape_52-1,79,-97.854620,22.248070
shape_52-1,80,-97.854900,22.250540
shape_52-1,81,-97.854400,22.251350
shape_52-1,82,-97.853990,22.252380
shape_52-1,83,-97.853120,22.254890
shape_52-1,84,-97.851440,22.259390
shape_52-1,85,-97.848320,22.267350
shape_52-1,86,-97.845660,22.274320
shape_52-1,87,-97.845270,22.274640
shape_52-1,88,-97.845490,22.275100
shape_52-1,89,-97.845610,22.275400
shape_52-1,90,-97.845710,22.275650
shape_52-1,91,-97.845410,22.276490
shape_52-1,92,-97.845060,22.277250
shape_52-1,93,-97.842210,22.284510
shape_52-1,94,-97.843680,22.284980
shape_52-1,95,-97.842340,22.288260
shape_52-1,96,-97.842620,22.290850
shape_52-1,97,-97.844870,22.290660
shape_52-1,98,-97.845410,22.296180
shape_52-1,99,-97.844760,22.296240
shape_52-1,100,-97.844500,22.297610
shape_52-1,101,-97.844230,22.300760
shape_52-1,102,-97.844420,22.300840
shape_52-1,103,-97.845930,22.300750
shape_52-1,104,-97.846000,22.303480
shape_52-1,105,-97.846200,22.303480
shape_52-1,106,-97.846500,22.304160
shape_52-1,107,-97.848180,22.303530
shape_52-1,108,-97.848540,22.304420
shape_52-1,109,-97.848800,22.305010
shape_52-1,110,-97.849030,22.305660
shape_52-1,111,-97.848700,22.306240
shape_52-1,112,-97.851280,22.313970
shape_52-1,113,-97.850040,22.314840
shape_52-1,114,-97.853780,22.322870
shape_52-1,115,-97.851750,22.323910
shape_52-1,116,-97.850840,22.322000
shape_52-1,117,-97.851900,22.321540
shape_120-1,0,-97.910200,22.403450
shape_120-1,1,-97.909360,22.399940
shape_120-1,2,-97.909300,22.399300
shape_120-1,3,-97.909960,22.399300
shape_120-1,4,-97.910220,22.397740
shape_120-1,5,-97.910570,22.395410
shape_120-1,6,-97.910750,22.394660
shape_120-1,7,-97.910670,22.394010
shape_120-1,8,-97.910550,22.393430
shape_120-1,9,-97.910160,22.392880
shape_120-1,10,-97.911160,22.392070
shape_120-1,11,-97.914160,22.392890
shape_120-1,12,-97.914260,22.392160
shape_120-1,13,-97.914440,22.391460
shape_120-1,14,-97.914480,22.390470
shape_120-1,15,-97.914320,22.389490
shape_120-1,16,-97.914020,22.388980
shape_120-1,17,-97.912440,22.387290
shape_120-1,18,-97.913320,22.386340
shape_120-1,19,-97.914320,22.384320
shape_120-1,20,-97.914870,22.383540
shape_120-1,21,-97.915160,22.383150
shape_120-1,22,-97.910760,22.378890
shape_120-1,23,-97.907090,22.375280
shape_120-1,24,-97.900220,22.368390
shape_120-1,25,-97.894320,22.362040
shape_120-1,26,-97.891270,22.358570
shape_120-1,27,-97.887090,22.354100
shape_120-1,28,-97.883910,22.351530
shape_120-1,29,-97.880970,22.350060
shape_120-1,30,-97.879770,22.349180
shape_120-1,31,-97.878760,22.348230
shape_120-1,32,-97.877480,22.347020
shape_120-1,33,-97.876360,22.345750
shape_120-1,34,-97.874620,22.340130
shape_120-1,35,-97.873160,22.335470
shape_120-1,36,-97.873870,22.331400
shape_120-1,37,-97.876340,22.323620
shape_120-1,38,-97.878230,22.317510
shape_120-1,39,-97.879470,22.313520
shape_120-1,40,-97.880480,22.310360
shape_120-1,41,-97.881420,22.307380
shape_120-1,42,-97.881730,22.306550
shape_120-1,43,-97.881790,22.305730
shape_120-1,44,-97.881700,22.304980
shape_120-1,45,-97.881510,22.304320
shape_120-1,46,-97.879580,22.301210
shape_120-1,47,-97.876700,22.296380
shape_120-1,48,-97.873250,22.291000
shape_120-1,49,-97.873060,22.289850
shape_120-1,50,-97.872650,22.289430
shape_120-1,51,-97.872180,22.289120
shape_120-1,52,-97.869540,22.287390
shape_120-1,53,-97.869540,22.287390
shape_120-1,54,-97.871390,22.289320
shape_120-1,55,-97.872260,22.290200
shape_120-1,56,-97.873220,22.291150
shape_120-1,57,-97.876600,22.296160
shape_120-1,58,-97.879690,22.301370
shape_120-1,59,-97.881510,22.304320
shape_120-1,60,-97.881790,22.305730
shape_120-1,61,-97.881420,22.307380
shape_120-1,62,-97.880370,22.310860
shape_120-1,63,-97.879210,22.314310
shape_120-1,64,-97.878270,22.317640
shape_120-1,65,-97.876600,22.323000
shape_120-1,66,-97.873870,22.331400
shape_120-1,67,-97.873160,22.335470
shape_120-1,68,-97.874710,22.340470
shape_120-1,69,-97.876360,22.345750
shape_120-1,70,-97.878760,22.348230
shape_120-1,71,-97.880970,22.350060
shape_120-1,72,-97.883910,22.351530
shape_120-1,73,-97.887090,22.354100
shape_120-1,74,-97.890500,22.357860
shape_120-1,75,-97.894110,22.361710
shape_120-1,76,-97.900220,22.368390
shape_120-1,77,-97.907090,22.375280
shape_120-1,78,-97.911060,22.378970
shape_120-1,79,-97.915160,22.383150
shape_120-1,80,-97.914870,22.383540
shape_120-1,81,-97.914320,22.384320
shape_120-1,82,-97.913320,22.386340
shape_120-1,83,-97.912440,22.387290
shape_120-1,84,-97.914020,22.388980
shape_120-1,85,-97.914320,22.389490
shape_120-1,86,-97.914480,22.390470
shape_120-1,87,-97.914440,22.391460
shape_120-1,88,-97.914260,22.392160
shape_120-1,89,-97.914160,22.392890
shape_120-1,90,-97.911160,22.392070
shape_120-1,91,-97.910160,22.392880
shape_120-1,92,-97.910550,22.393430
shape_120-1,93,-97.910670,22.394010
shape_120-1,94,-97.910750,22.394660
shape_120-1,95,-97.910570,22.395410
shape_120-1,96,-97.910220,22.397740
shape_120-1,97,-97.909960,22.399300
shape_120-1,98,-97.909300,22.399300
shape_120-1,99,-97.910220,22.403110
shape_30-1,0,-97.882240,22.334060
shape_30-1,1,-97.883780,22.330710
shape_30-1,2,-97.883680,22.329590
shape_30-1,3,-97.883190,22.329650
shape_30-1,4,-97.883120,22.326320
shape_30-1,5,-97.881120,22.326370
shape_30-1,6,-97.880950,22.323070
shape_30-1,7,-97.876520,22.323390
shape_30-1,8,-97.878280,22.317800
shape_30-1,9,-97.879140,22.314920
shape_30-1,10,-97.879880,22.312520
shape_30-1,11,-97.880740,22.310030
shape_30-1,12,-97.881220,22.308420
shape_30-1,13,-97.881800,22.306640
shape_30-1,14,-97.881860,22.304970
shape_30-1,15,-97.880080,22.301760
shape_30-1,16,-97.876770,22.296540
shape_30-1,17,-97.873420,22.291300
shape_30-1,18,-97.873100,22.289780
shape_30-1,19,-97.872920,22.288750
shape_30-1,20,-97.873160,22.287640
shape_30-1,21,-97.874060,22.284770
shape_30-1,22,-97.873070,22.282610
shape_30-1,23,-97.873110,22.278970
shape_30-1,24,-97.873910,22.275510
shape_30-1,25,-97.874680,22.273360
shape_30-1,26,-97.874580,22.272320
shape_30-1,27,-97.873720,22.270190
shape_30-1,28,-97.873810,22.266900
shape_30-1,29,-97.874580,22.265330
shape_30-1,30,-97.876120,22.259630
shape_30-1,31,-97.876620,22.257330
shape_30-1,32,-97.876210,22.253970
shape_30-1,33,-97.873360,22.246980
shape_30-1,34,-97.869790,22.239230
shape_30-1,35,-97.866620,22.231650
shape_30-1,36,-97.863700,22.224160
shape_30-1,37,-97.863160,22.221160
shape_30-1,38,-97.863250,22.220540
shape_30-1,39,-97.862580,22.219390
shape_30-1,40,-97.859260,22.217910
shape_30-1,41,-97.860070,22.216330
shape_30-1,42,-97.858370,22.215600
shape_30-1,43,-97.858810,22.214800
shape_30-1,44,-97.860460,22.215530
shape_30-1,45,-97.860700,22.215050
shape_30-1,46,-97.861460,22.213480
shape_30-1,47,-97.859780,22.212850
shape_30-1,48,-97.859370,22.213670
shape_30-1,49,-97.860500,22.215010
shape_30-1,50,-97.861520,22.215450
shape_30-1,51,-97.860910,22.216730
shape_30-1,52,-97.860070,22.216330
shape_30-1,53,-97.860790,22.213270
shape_30-1,54,-97.860440,22.213910
shape_30-1,55,-97.860140,22.214370
shape_30-1,56,-97.860680,22.215140
shape_30-1,57,-97.861520,22.215450
shape_30-1,58,-97.861330,22.215900
shape_30-1,59,-97.860930,22.216730
shape_30-1,60,-97.859190,22.215940
shape_30-1,61,-97.858000,22.218370
shape_30-1,62,-97.862340,22.220240
shape_30-1,63,-97.863240,22.220630
shape_30-1,64,-97.863160,22.221160
shape_30-1,65,-97.863700,22.224160
shape_30-1,66,-97.866620,22.231650
shape_30-1,67,-97.869790,22.239230
shape_30-1,68,-97.873360,22.246980
shape_30-1,69,-97.876210,22.253970
shape_30-1,70,-97.876620,22.257330
shape_30-1,71,-97.876120,22.259630
shape_30-1,72,-97.874580,22.265330
shape_30-1,73,-97.873810,22.266900
shape_30-1,74,-97.873720,22.270190
shape_30-1,75,-97.874580,22.272320
shape_30-1,76,-97.874680,22.273360
shape_30-1,77,-97.873910,22.275510
shape_30-1,78,-97.873110,22.278970
shape_30-1,79,-97.873070,22.282610
shape_30-1,80,-97.874060,22.284770
shape_30-1,81,-97.873160,22.287640
shape_30-1,82,-97.872920,22.288750
shape_30-1,83,-97.873100,22.289780
shape_30-1,84,-97.873420,22.291300
shape_30-1,85,-97.876770,22.296540
shape_30-1,86,-97.880080,22.301760
shape_30-1,87,-97.881860,22.304970
shape_30-1,88,-97.881800,22.306640
shape_30-1,89,-97.881220,22.308420
shape_30-1,90,-97.880740,22.310030
shape_30-1,91,-97.879880,22.312520
shape_30-1,92,-97.879140,22.314920
shape_30-1,93,-97.878280,22.317800
shape_30-1,94,-97.876520,22.323390
shape_30-1,95,-97.880950,22.323070
shape_30-1,96,-97.881120,22.326370
shape_30-1,97,-97.883120,22.326320
shape_30-1,98,-97.883190,22.329650
shape_30-1,99,-97.883680,22.329590
shape_30-1,100,-97.883780,22.330710
shape_57-1,0,-97.882480,22.317840
shape_57-1,1,-97.885650,22.317820
shape_57-1,2,-97.885650,22.317190
shape_57-1,3,-97.886750,22.314570
shape_57-1,4,-97.887260,22.311180
shape_57-1,5,-97.890510,22.311110
shape_57-1,6,-97.891970,22.309050
shape_57-1,7,-97.893500,22.306360
shape_57-1,8,-97.893630,22.306000
shape_57-1,9,-97.892590,22.305240
shape_57-1,10,-97.896140,22.301290
shape_57-1,11,-97.893250,22.299180
shape_57-1,12,-97.892830,22.299950
shape_57-1,13,-97.892810,22.300050
shape_57-1,14,-97.892050,22.300390
shape_57-1,15,-97.891730,22.300490
shape_57-1,16,-97.890540,22.302300
shape_57-1,17,-97.890400,22.302260
shape_57-1,18,-97.890240,22.302540
shape_57-1,19,-97.889220,22.302040
shape_57-1,20,-97.888960,22.303470
shape_57-1,21,-97.888630,22.303230
shape_57-1,22,-97.886170,22.301960
shape_57-1,23,-97.887800,22.299150
shape_57-1,24,-97.889770,22.298070
shape_57-1,25,-97.889440,22.297420
shape_57-1,26,-97.889890,22.297170
shape_57-1,27,-97.888250,22.296330
shape_57-1,28,-97.886420,22.295460
shape_57-1,29,-97.882020,22.295110
shape_57-1,30,-97.880240,22.294450
shape_57-1,31,-97.879590,22.294530
shape_57-1,32,-97.876530,22.296300
shape_57-1,33,-97.873810,22.291970
shape_57-1,34,-97.873300,22.291040
shape_57-1,35,-97.873040,22.289650
shape_57-1,36,-97.872940,22.288870
shape_57-1,37,-97.873380,22.287150
shape_57-1,38,-97.873920,22.285430
shape_57-1,39,-97.873830,22.283840
shape_57-1,40,-97.873030,22.282600
shape_57-1,41,-97.872950,22.280220
shape_57-1,42,-97.873290,22.277740
shape_57-1,43,-97.874640,22.272780
shape_57-1,44,-97.873660,22.269480
shape_57-1,45,-97.873720,22.267020
shape_57-1,46,-97.874940,22.264570
shape_57-1,47,-97.876640,22.257430
shape_57-1,48,-97.876530,22.254980
shape_57-1,49,-97.874020,22.247970
shape_57-1,50,-97.871550,22.243330
shape_57-1,51,-97.868010,22.235320
shape_57-1,52,-97.864580,22.226420
shape_57-1,53,-97.863440,22.223400
shape_57-1,54,-97.863210,22.221500
shape_57-1,55,-97.855810,22.218370
shape_57-1,56,-97.855410,22.219160
shape_57-1,57,-97.855410,22.219160
shape_57-1,58,-97.857200,22.219960
shape_57-1,59,-97.863360,22.222640
shape_57-1,60,-97.863440,22.223400
shape_57-1,61,-97.864580,22.226420
shape_57-1,62,-97.868010,22.235320
shape_57-1,63,-97.871550,22.243330
shape_57-1,64,-97.874020,22.247970
shape_57-1,65,-97.876530,22.254980
shape_57-1,66,-97.876640,22.257430
shape_57-1,67,-97.874940,22.264570
shape_57-1,68,-97.873720,22.267020
shape_57-1,69,-97.873660,22.269480
shape_57-1,70,-97.874640,22.272780
shape_57-1,71,-97.873290,22.277740
shape_57-1,72,-97.872950,22.280220
shape_57-1,73,-97.873030,22.282600
shape_57-1,74,-97.873830,22.283840
shape_57-1,75,-97.873920,22.285430
shape_57-1,76,-97.873380,22.287150
shape_57-1,77,-97.872940,22.288870
shape_57-1,78,-97.873040,22.289650
shape_57-1,79,-97.873300,22.291040
shape_57-1,80,-97.873810,22.291970
shape_57-1,81,-97.876530,22.296300
shape_57-1,82,-97.879590,22.294530
shape_57-1,83,-97.880240,22.294450
shape_57-1,84,-97.882020,22.295110
shape_57-1,85,-97.886420,22.295460
shape_57-1,86,-97.888250,22.296330
shape_57-1,87,-97.889890,22.297170
shape_57-1,88,-97.889440,22.297420
shape_57-1,89,-97.889770,22.298070
shape_57-1,90,-97.887800,22.299150
shape_57-1,91,-97.886170,22.301960
shape_57-1,92,-97.888630,22.303230
shape_57-1,93,-97.888960,22.303470
shape_57-1,94,-97.889220,22.302040
shape_57-1,95,-97.890240,22.302540
shape_57-1,96,-97.890400,22.302260
shape_57-1,97,-97.890540,22.302300
shape_57-1,98,-97.891730,22.300490
shape_57-1,99,-97.892050,22.300390
shape_57-1,100,-97.892810,22.300050
shape_57-1,101,-97.892830,22.299950
shape_57-1,102,-97.893250,22.299180
shape_57-1,103,-97.896140,22.301290
shape_57-1,104,-97.892590,22.305240
shape_57-1,105,-97.893630,22.306000
shape_57-1,106,-97.893500,22.306360
shape_57-1,107,-97.891970,22.309050
shape_57-1,108,-97.890510,22.311110
shape_57-1,109,-97.887260,22.311180
shape_57-1,110,-97.886750,22.314570
shape_57-1,111,-97.885650,22.317190
shape_57-1,112,-97.884700,22.317360
shape_57-1,113,-97.884260,22.317390
shape_57-1,114,-97.884230,22.317810
shape_18-1,0,-97.892840,22.282120
shape_18-1,1,-97.892970,22.281580
shape_18-1,2,-97.892890,22.280410
shape_18-1,3,-97.892760,22.278220
shape_18-1,4,-97.892660,22.276820
shape_18-1,5,-97.891930,22.276960
shape_18-1,6,-97.891160,22.277190
shape_18-1,7,-97.890500,22.276550
shape_18-1,8,-97.889770,22.277020
shape_18-1,9,-97.889200,22.277300
shape_18-1,10,-97.887730,22.277270
shape_18-1,11,-97.887020,22.277340
shape_18-1,12,-97.886210,22.277580
shape_18-1,13,-97.885040,22.278140
shape_18-1,14,-97.884490,22.278520
shape_18-1,15,-97.884230,22.278780
shape_18-1,16,-97.883810,22.278940
shape_18-1,17,-97.883330,22.278990
shape_18-1,18,-97.882560,22.278890
shape_18-1,19,-97.881470,22.278960
shape_18-1,20,-97.880820,22.278830
shape_18-1,21,-97.880260,22.278580
shape_18-1,22,-97.879370,22.277870
shape_18-1,23,-97.883060,22.279080
shape_18-1,24,-97.882950,22.280370
shape_18-1,25,-97.882510,22.281640
shape_18-1,26,-97.882360,22.282300
shape_18-1,27,-97.882780,22.283320
shape_18-1,28,-97.882510,22.284220
shape_18-1,29,-97.881090,22.285050
shape_18-1,30,-97.880740,22.287220
shape_18-1,31,-97.874340,22.285680
shape_18-1,32,-97.873460,22.285620
shape_18-1,33,-97.872430,22.285350
shape_18-1,34,-97.871910,22.285920
shape_18-1,35,-97.871340,22.286630
shape_18-1,36,-97.866340,22.283040
shape_18-1,37,-97.867530,22.281720
shape_18-1,38,-97.868600,22.280600
shape_18-1,39,-97.869150,22.279870
shape_18-1,40,-97.868460,22.279410
shape_18-1,41,-97.868370,22.279530
shape_18-1,42,-97.867280,22.278280
shape_18-1,43,-97.864850,22.280220
shape_18-1,44,-97.863140,22.281460
shape_18-1,45,-97.862210,22.280460
shape_18-1,46,-97.861170,22.279610
shape_18-1,47,-97.859660,22.278400
shape_18-1,48,-97.858240,22.277240
shape_18-1,49,-97.856390,22.275630
shape_18-1,50,-97.857320,22.273040
shape_18-1,51,-97.858810,22.269190
shape_18-1,52,-97.859640,22.266220
shape_18-1,53,-97.860220,22.264210
shape_18-1,54,-97.860610,22.263250
shape_18-1,55,-97.861780,22.260900
shape_18-1,56,-97.863950,22.257230
shape_18-1,57,-97.864760,22.255210
shape_18-1,58,-97.864800,22.254390
shape_18-1,59,-97.866460,22.251650
shape_18-1,60,-97.866820,22.250900
shape_18-1,61,-97.867230,22.249420
shape_18-1,62,-97.867640,22.247020
shape_18-1,63,-97.867090,22.245080
shape_18-1,64,-97.866980,22.243450
shape_18-1,65,-97.866920,22.241520
shape_18-1,66,-97.866400,22.237970
shape_18-1,67,-97.865270,22.234550
shape_18-1,68,-97.864120,22.229750
shape_18-1,69,-97.864990,22.227370
shape_18-1,70,-97.863520,22.223510
shape_18-1,71,-97.863340,22.221580
shape_18-1,72,-97.862840,22.221460
shape_18-1,73,-97.857540,22.219130
shape_18-1,74,-97.858420,22.217490
shape_18-1,75,-97.854180,22.215620
shape_18-1,76,-97.851630,22.214470
shape_18-1,77,-97.852490,22.212870
shape_18-1,78,-97.849040,22.211310
shape_18-1,79,-97.848180,22.212970
shape_18-1,80,-97.848680,22.212240
shape_18-1,81,-97.852060,22.213730
shape_18-1,82,-97.854620,22.214880
shape_18-1,83,-97.853310,22.217230
shape_18-1,84,-97.857540,22.219130
shape_18-1,85,-97.862840,22.221460
shape_18-1,86,-97.863270,22.221620
shape_18-1,87,-97.863520,22.223510
shape_18-1,88,-97.865770,22.229530
shape_18-1,89,-97.864200,22.230250
shape_18-1,90,-97.864170,22.230380
shape_18-1,91,-97.862790,22.230670
shape_18-1,92,-97.863560,22.233510
shape_18-1,93,-97.863540,22.238320
shape_18-1,94,-97.863610,22.241930
shape_18-1,95,-97.863740,22.246200
shape_18-1,96,-97.863850,22.249140
shape_18-1,97,-97.863550,22.250690
shape_18-1,98,-97.863290,22.251190
shape_18-1,99,-97.863360,22.252740
shape_18-1,100,-97.864770,22.253140
shape_18-1,101,-97.864800,22.254390
shape_18-1,102,-97.864760,22.255210
shape_18-1,103,-97.863950,22.257230
shape_18-1,104,-97.861780,22.260900
shape_18-1,105,-97.860610,22.263250
shape_18-1,106,-97.860220,22.264210
shape_18-1,107,-97.859640,22.266220
shape_18-1,108,-97.858810,22.269190
shape_18-1,109,-97.857320,22.273040
shape_18-1,110,-97.856180,22.275430
shape_18-1,111,-97.855360,22.274780
shape_18-1,112,-97.855030,22.275040
shape_18-1,113,-97.856220,22.276710
shape_18-1,114,-97.858650,22.277910
shape_18-1,115,-97.859630,22.278510
shape_18-1,116,-97.861170,22.279610
shape_18-1,117,-97.862210,22.280460
shape_18-1,118,-97.863140,22.281460
shape_18-1,119,-97.864850,22.280220
shape_18-1,120,-97.867280,22.278280
shape_18-1,121,-97.868370,22.279530
shape_18-1,122,-97.868460,22.279410
shape_18-1,123,-97.869150,22.279870
shape_18-1,124,-97.868600,22.280600
shape_18-1,125,-97.867530,22.281720
shape_18-1,126,-97.866950,22.282430
shape_18-1,127,-97.871920,22.285960
shape_18-1,128,-97.871910,22.285920
shape_18-1,129,-97.872430,22.285350
shape_18-1,130,-97.873460,22.285620
shape_18-1,131,-97.874340,22.285680
shape_18-1,132,-97.880740,22.287220
shape_18-1,133,-97.881090,22.285050
shape_18-1,134,-97.882510,22.284220
shape_18-1,135,-97.882780,22.283320
shape_18-1,136,-97.882360,22.282300
shape_18-1,137,-97.882510,22.281640
shape_18-1,138,-97.882950,22.280370
shape_18-1,139,-97.883060,22.279080
shape_18-1,140,-97.879370,22.277870
shape_18-1,141,-97.880260,22.278580
shape_18-1,142,-97.880820,22.278830
shape_18-1,143,-97.881470,22.278960
shape_18-1,144,-97.882560,22.278890
shape_18-1,145,-97.883330,22.278990
shape_18-1,146,-97.883810,22.278940
shape_18-1,147,-97.884230,22.278780
shape_18-1,148,-97.884490,22.278520
shape_18-1,149,-97.885040,22.278140
shape_18-1,150,-97.886210,22.277580
shape_18-1,151,-97.887020,22.277340
shape_18-1,152,-97.887730,22.277270
shape_18-1,153,-97.889200,22.277300
shape_18-1,154,-97.889770,22.277020
shape_18-1,155,-97.890500,22.276550
shape_18-1,156,-97.891160,22.277190
shape_18-1,157,-97.891930,22.276960
shape_18-1,158,-97.892660,22.276820
shape_18-1,159,-97.892760,22.278220
shape_18-1,160,-97.892890,22.280410
shape_18-1,161,-97.892970,22.281580
shape_25-1,0,-97.833730,22.240480
shape_25-1,1,-97.834290,22.240960
shape_25-1,2,-97.833520,22.241870
shape_25-1,3,-97.833060,22.242420
shape_25-1,4,-97.833560,22.242960
shape_25-1,5,-97.831850,22.244390
shape_25-1,6,-97.833040,22.245590
shape_25-1,7,-97.836710,22.247540
shape_25-1,8,-97.838030,22.245390
shape_25-1,9,-97.847950,22.250800
shape_25-1,10,-97.846670,22.252910
shape_25-1,11,-97.850000,22.254630
shape_25-1,12,-97.853700,22.253500
shape_25-1,13,-97.854460,22.251430
shape_25-1,14,-97.854940,22.250570
shape_25-1,15,-97.854680,22.248090
shape_25-1,16,-97.855160,22.247170
shape_25-1,17,-97.855280,22.245410
shape_25-1,18,-97.857490,22.246530
shape_25-1,19,-97.858210,22.252200
shape_25-1,20,-97.863300,22.250700
shape_25-1,21,-97.863330,22.252730
shape_25-1,22,-97.864780,22.253050
shape_25-1,23,-97.864690,22.255100
shape_25-1,24,-97.863850,22.257320
shape_25-1,25,-97.861980,22.260360
shape_25-1,26,-97.860810,22.262950
shape_25-1,27,-97.860180,22.263910
shape_25-1,28,-97.859430,22.266920
shape_25-1,29,-97.858560,22.269840
shape_25-1,30,-97.856330,22.275150
shape_25-1,31,-97.856100,22.275340
shape_25-1,32,-97.855350,22.274730
shape_25-1,33,-97.855100,22.274910
shape_25-1,34,-97.856110,22.276590
shape_25-1,35,-97.856540,22.276930
shape_25-1,36,-97.859440,22.278370
shape_25-1,37,-97.861960,22.280590
shape_25-1,38,-97.863130,22.281740
shape_25-1,39,-97.865510,22.284630
shape_25-1,40,-97.870870,22.288650
shape_25-1,41,-97.871970,22.289080
shape_25-1,42,-97.872680,22.289440
shape_25-1,43,-97.872980,22.289870
shape_25-1,44,-97.872930,22.290250
shape_25-1,45,-97.872640,22.290260
shape_25-1,46,-97.872200,22.289940
shape_25-1,47,-97.872130,22.289460
shape_25-1,48,-97.872710,22.288320
shape_25-1,49,-97.873320,22.287280
shape_25-1,50,-97.873780,22.285650
shape_25-1,51,-97.873940,22.284420
shape_25-1,52,-97.872990,22.282430
shape_25-1,53,-97.873010,22.279570
shape_25-1,54,-97.873280,22.277770
shape_25-1,55,-97.874050,22.275550
shape_25-1,56,-97.877710,22.276580
shape_25-1,57,-97.879400,22.277960
shape_25-1,58,-97.880820,22.278990
shape_25-1,59,-97.883540,22.279060
shape_25-1,60,-97.884190,22.278990
shape_25-1,61,-97.885130,22.278170
shape_25-1,62,-97.886560,22.277550
shape_25-1,63,-97.888620,22.277350
shape_25-1,64,-97.889080,22.277430
shape_25-1,65,-97.889460,22.278520
shape_25-1,66,-97.891360,22.278170
shape_25-1,67,-97.891620,22.279640
shape_25-1,68,-97.889330,22.279640
shape_25-1,69,-97.886450,22.279740
shape_25-1,70,-97.886430,22.279880
shape_25-1,71,-97.884190,22.278990
shape_25-1,72,-97.884190,22.278990
shape_25-1,73,-97.886430,22.279880
shape_25-1,74,-97.886450,22.279740
shape_25-1,75,-97.889330,22.279640
shape_25-1,76,-97.891620,22.279640
shape_25-1,77,-97.891360,22.278170
shape_25-1,78,-97.889460,22.278520
shape_25-1,79,-97.889080,22.277430
shape_25-1,80,-97.888620,22.277350
shape_25-1,81,-97.886560,22.277550
shape_25-1,82,-97.885130,22.278170
shape_25-1,83,-97.884190,22.278990
shape_25-1,84,-97.883540,22.279060
shape_25-1,85,-97.880820,22.278990
shape_25-1,86,-97.879400,22.277960
shape_25-1,87,-97.877710,22.276580
shape_25-1,88,-97.874050,22.275550
shape_25-1,89,-97.873280,22.277770
shape_25-1,90,-97.873010,22.279570
shape_25-1,91,-97.872990,22.282430
shape_25-1,92,-97.873940,22.284420
shape_25-1,93,-97.873780,22.285650
shape_25-1,94,-97.873320,22.287280
shape_25-1,95,-97.872710,22.288320
shape_25-1,96,-97.872230,22.288470
shape_25-1,97,-97.872020,22.288510
shape_25-1,98,-97.871380,22.288570
shape_25-1,99,-97.870850,22.288410
shape_25-1,100,-97.871180,22.288540
shape_25-1,101,-97.871470,22.288580
shape_25-1,102,-97.871810,22.288550
shape_25-1,103,-97.871160,22.288540
shape_25-1,104,-97.870720,22.288310
shape_25-1,105,-97.870650,22.288230
shape_25-1,106,-97.870440,22.288050
shape_25-1,107,-97.869960,22.287710
shape_25-1,108,-97.865510,22.284630
shape_25-1,109,-97.863130,22.281740
shape_25-1,110,-97.861960,22.280590
shape_25-1,111,-97.859440,22.278370
shape_25-1,112,-97.858830,22.277540
shape_25-1,113,-97.858040,22.276970
shape_25-1,114,-97.857440,22.276470
shape_25-1,115,-97.856980,22.276070
shape_25-1,116,-97.856510,22.275690
shape_25-1,117,-97.856100,22.275340
shape_25-1,118,-97.856330,22.275150
shape_25-1,119,-97.858560,22.269840
shape_25-1,120,-97.859430,22.266920
shape_25-1,121,-97.860180,22.263910
shape_25-1,122,-97.860810,22.262950
shape_25-1,123,-97.861980,22.260360
shape_25-1,124,-97.863850,22.257320
shape_25-1,125,-97.864690,22.255100
shape_25-1,126,-97.867240,22.249500
shape_25-1,127,-97.864470,22.250320
shape_25-1,128,-97.863300,22.250700
shape_25-1,129,-97.858210,22.252200
shape_25-1,130,-97.857490,22.246530
shape_25-1,131,-97.855280,22.245410
shape_25-1,132,-97.855160,22.247170
shape_25-1,133,-97.854680,22.248090
shape_25-1,134,-97.854940,22.250570
shape_25-1,135,-97.854460,22.251430
shape_25-1,136,-97.853700,22.253500
shape_25-1,137,-97.851750,22.254130
shape_25-1,138,-97.847500,22.251710
shape_25-1,139,-97.848870,22.249370
shape_25-1,140,-97.838860,22.243990
shape_25-1,141,-97.837540,22.246120
shape_25-1,142,-97.833590,22.244000
shape_25-1,143,-97.833060,22.243430
shape_25-1,144,-97.833560,22.242960
shape_25-1,145,-97.833060,22.242420
shape_25-1,146,-97.832890,22.242200
shape_25-1,147,-97.833690,22.240550
shape_7-1,0,-97.853200,22.217170
shape_7-1,1,-97.852400,22.216790
shape_7-1,2,-97.854920,22.212240
shape_7-1,3,-97.855870,22.212460
shape_7-1,4,-97.853260,22.217250
shape_7-1,5,-97.849180,22.224780
shape_7-1,6,-97.847570,22.227850
shape_7-1,7,-97.846680,22.229760
shape_7-1,8,-97.846790,22.231010
shape_7-1,9,-97.848050,22.232920
shape_7-1,10,-97.848580,22.234010
shape_7-1,11,-97.849260,22.236160
shape_7-1,12,-97.849850,22.237080
shape_7-1,13,-97.852050,22.237750
shape_7-1,14,-97.853380,22.239040
shape_7-1,15,-97.854190,22.241120
shape_7-1,16,-97.855110,22.242260
shape_7-1,17,-97.855430,22.243510
shape_7-1,18,-97.855210,22.245220
shape_7-1,19,-97.855110,22.247230
shape_7-1,20,-97.854580,22.248260
shape_7-1,21,-97.854890,22.250440
shape_7-1,22,-97.854400,22.251260
shape_7-1,23,-97.853540,22.253680
shape_7-1,24,-97.852640,22.256070
shape_7-1,25,-97.845650,22.274480
shape_7-1,26,-97.845230,22.274650
shape_7-1,27,-97.845490,22.275120
shape_7-1,28,-97.844670,22.276120
shape_7-1,29,-97.843620,22.276710
shape_7-1,30,-97.840740,22.276890
shape_7-1,31,-97.838010,22.276890
shape_7-1,32,-97.835020,22.276970
shape_7-1,33,-97.831990,22.277040
shape_7-1,34,-97.827910,22.278320
shape_7-1,35,-97.828920,22.280520
shape_7-1,36,-97.825330,22.282260
shape_7-1,37,-97.824990,22.282380
shape_7-1,38,-97.822850,22.283540
shape_7-1,39,-97.821500,22.281490
shape_7-1,40,-97.813230,22.288020
shape_7-1,41,-97.807500,22.292460
shape_7-1,42,-97.807290,22.292540
shape_7-1,43,-97.806990,22.292540
shape_7-1,44,-97.806820,22.292770
shape_7-1,45,-97.806900,22.293010
shape_7-1,46,-97.807150,22.293110
shape_7-1,47,-97.807400,22.293000
shape_7-1,48,-97.807470,22.292760
shape_7-1,49,-97.809540,22.290990
shape_7-1,50,-97.810440,22.290280
shape_7-1,51,-97.815500,22.286400
shape_7-1,52,-97.816990,22.289590
shape_7-1,53,-97.817820,22.291550
shape_7-1,54,-97.818170,22.291600
shape_7-1,55,-97.818280,22.291960
shape_7-1,56,-97.818150,22.292200
shape_7-1,57,-97.818500,22.292000
shape_7-1,58,-97.819140,22.293520
shape_7-1,59,-97.819850,22.293620
shape_7-1,60,-97.821510,22.293650
shape_7-1,61,-97.821710,22.293830
shape_7-1,62,-97.821790,22.294670
shape_7-1,63,-97.820330,22.294800
shape_7-1,64,-97.820040,22.295090
shape_7-1,65,-97.819580,22.295100
shape_7-1,66,-97.819650,22.295800
shape_7-1,67,-97.819230,22.295930
shape_7-1,68,-97.819390,22.296930
shape_7-1,69,-97.819390,22.296930
shape_7-1,70,-97.819230,22.295930
shape_7-1,71,-97.819650,22.295800
shape_7-1,72,-97.819580,22.295100
shape_7-1,73,-97.820040,22.295090
shape_7-1,74,-97.820330,22.294800
shape_7-1,75,-97.821790,22.294670
shape_7-1,76,-97.821710,22.293830
shape_7-1,77,-97.821510,22.293650
shape_7-1,78,-97.819850,22.293620
shape_7-1,79,-97.819140,22.293520
shape_7-1,80,-97.818500,22.292000
shape_7-1,81,-97.818150,22.292200
shape_7-1,82,-97.818280,22.291960
shape_7-1,83,-97.818170,22.291600
shape_7-1,84,-97.817820,22.291550
shape_7-1,85,-97.816990,22.289590
shape_7-1,86,-97.815500,22.286400
shape_7-1,87,-97.810440,22.290280
shape_7-1,88,-97.809540,22.290990
shape_7-1,89,-97.807470,22.292760
shape_7-1,90,-97.807400,22.293000
shape_7-1,91,-97.807150,22.293110
shape_7-1,92,-97.806900,22.293010
shape_7-1,93,-97.806820,22.292770
shape_7-1,94,-97.806990,22.292540
shape_7-1,95,-97.807290,22.292540
shape_7-1,96,-97.807500,22.292460
shape_7-1,97,-97.813230,22.288020
shape_7-1,98,-97.821500,22.281490
shape_7-1,99,-97.822850,22.283540
shape_7-1,100,-97.824990,22.282380
shape_7-1,101,-97.825330,22.282260
shape_7-1,102,-97.828920,22.280520
shape_7-1,103,-97.827910,22.278320
shape_7-1,104,-97.831990,22.277040
shape_7-1,105,-97.835020,22.276970
shape_7-1,106,-97.838010,22.276890
shape_7-1,107,-97.840740,22.276890
shape_7-1,108,-97.843620,22.276710
shape_7-1,109,-97.844670,22.276120
shape_7-1,110,-97.845490,22.275120
shape_7-1,111,-97.845230,22.274650
shape_7-1,112,-97.845650,22.274480
shape_7-1,113,-97.852640,22.256070
shape_7-1,114,-97.853540,22.253680
shape_7-1,115,-97.854400,22.251260
shape_7-1,116,-97.854890,22.250440
shape_7-1,117,-97.854580,22.248260
shape_7-1,118,-97.855110,22.247230
shape_7-1,119,-97.855210,22.245220
shape_7-1,120,-97.855430,22.243510
shape_7-1,121,-97.855110,22.242260
shape_7-1,122,-97.854190,22.241120
shape_7-1,123,-97.853380,22.239040
shape_7-1,124,-97.852050,22.237750
shape_7-1,125,-97.849850,22.237080
shape_7-1,126,-97.849260,22.236160
shape_7-1,127,-97.848580,22.234010
shape_7-1,128,-97.848050,22.232920
shape_7-1,129,-97.846790,22.231010
shape_7-1,130,-97.846680,22.229760
shape_7-1,131,-97.847570,22.227850
shape_7-1,132,-97.849180,22.224780
shape_7-1,133,-97.853260,22.217250
shape_7-1,134,-97.855870,22.212460
shape_7-1,135,-97.854920,22.212240
shape_7-1,136,-97.852400,22.216790
shape_55-1,0,-97.881450,22.335870
shape_55-1,1,-97.881230,22.329710
shape_55-1,2,-97.878140,22.329810
shape_55-1,3,-97.874430,22.329470
shape_55-1,4,-97.877950,22.318780
shape_55-1,5,-97.879750,22.313220
shape_55-1,6,-97.881570,22.306930
shape_55-1,7,-97.881810,22.305520
shape_55-1,8,-97.881490,22.304150
shape_55-1,9,-97.873310,22.291180
shape_55-1,10,-97.873030,22.288060
shape_55-1,11,-97.874020,22.285320
shape_55-1,12,-97.873780,22.284030
shape_55-1,13,-97.872800,22.282210
shape_55-1,14,-97.873120,22.278670
shape_55-1,15,-97.874620,22.273250
shape_55-1,16,-97.874490,22.271720
shape_55-1,17,-97.873700,22.269680
shape_55-1,18,-97.873780,22.267040
shape_55-1,19,-97.874640,22.265250
shape_55-1,20,-97.876720,22.257230
shape_55-1,21,-97.875890,22.252940
shape_55-1,22,-97.874240,22.248430
shape_55-1,23,-97.870050,22.239770
shape_55-1,24,-97.864670,22.226460
shape_55-1,25,-97.863540,22.223730
shape_55-1,26,-97.863250,22.221560
shape_55-1,27,-97.853290,22.217220
shape_55-1,28,-97.855000,22.214060
shape_55-1,29,-97.855000,22.214060
shape_55-1,30,-97.848200,22.210940
shape_55-1,31,-97.848480,22.210400
shape_55-1,32,-97.848890,22.210020
shape_55-1,33,-97.849740,22.209840
shape_55-1,34,-97.850590,22.209970
shape_55-1,35,-97.851600,22.210380
shape_55-1,36,-97.854310,22.211400
shape_55-1,37,-97.854280,22.211620
shape_55-1,38,-97.853290,22.211430
shape_55-1,39,-97.852390,22.211090
shape_55-1,40,-97.850430,22.214830
shape_55-1,41,-97.853780,22.216440
shape_55-1,42,-97.853340,22.217270
shape_55-1,43,-97.863270,22.221650
shape_55-1,44,-97.863540,22.223730
shape_55-1,45,-97.864670,22.226460
shape_55-1,46,-97.870050,22.239770
shape_55-1,47,-97.874240,22.248430
shape_55-1,48,-97.875890,22.252940
shape_55-1,49,-97.876720,22.257230
shape_55-1,50,-97.874640,22.265250
shape_55-1,51,-97.873780,22.267040
shape_55-1,52,-97.873700,22.269680
shape_55-1,53,-97.874490,22.271720
shape_55-1,54,-97.874620,22.273250
shape_55-1,55,-97.873120,22.278670
shape_55-1,56,-97.872800,22.282210
shape_55-1,57,-97.873780,22.284030
shape_55-1,58,-97.874020,22.285320
shape_55-1,59,-97.873030,22.288060
shape_55-1,60,-97.873310,22.291180
shape_55-1,61,-97.881490,22.304150
shape_55-1,62,-97.881810,22.305520
shape_55-1,63,-97.881570,22.306930
shape_55-1,64,-97.879750,22.313220
shape_55-1,65,-97.877950,22.318780
shape_55-1,66,-97.874430,22.329470
shape_55-1,67,-97.878140,22.329810
shape_55-1,68,-97.881190,22.329750
shape_55-1,69,-97.881570,22.335750
shape_119-1,0,-97.878660,22.383720
shape_119-1,1,-97.878370,22.385820
shape_119-1,2,-97.884010,22.386580
shape_119-1,3,-97.885070,22.389960
shape_119-1,4,-97.885010,22.390650
shape_119-1,5,-97.884340,22.392160
shape_119-1,6,-97.883930,22.395870
shape_119-1,7,-97.893480,22.395460
shape_119-1,8,-97.896940,22.385830
shape_119-1,9,-97.900540,22.381940
shape_119-1,10,-97.901530,22.377900
shape_119-1,11,-97.901890,22.376650
shape_119-1,12,-97.902520,22.375400
shape_119-1,13,-97.904000,22.373530
shape_119-1,14,-97.904000,22.372680
shape_119-1,15,-97.903780,22.371940
shape_119-1,16,-97.900200,22.368330
shape_119-1,17,-97.894830,22.362660
shape_119-1,18,-97.891190,22.358650
shape_119-1,19,-97.887070,22.354090
shape_119-1,20,-97.883510,22.351230
shape_119-1,21,-97.880200,22.349560
shape_119-1,22,-97.876340,22.345730
shape_119-1,23,-97.873440,22.336480
shape_119-1,24,-97.873420,22.334140
shape_119-1,25,-97.874710,22.329160
shape_119-1,26,-97.876300,22.323760
shape_119-1,27,-97.878230,22.317530
shape_119-1,28,-97.879340,22.314110
shape_119-1,29,-97.880370,22.310780
shape_119-1,30,-97.881170,22.308410
shape_119-1,31,-97.881770,22.305870
shape_119-1,32,-97.880780,22.302950
shape_119-1,33,-97.879600,22.301210
shape_119-1,34,-97.876510,22.296160
shape_119-1,35,-97.873330,22.291240
shape_119-1,36,-97.872970,22.289650
shape_119-1,37,-97.870370,22.287970
shape_119-1,38,-97.869560,22.287310
shape_119-1,39,-97.869620,22.287450
shape_119-1,40,-97.870400,22.287970
shape_119-1,41,-97.871920,22.289790
shape_119-1,42,-97.873330,22.291240
shape_119-1,43,-97.876550,22.296200
shape_119-1,44,-97.878830,22.300020
shape_119-1,45,-97.880780,22.302950
shape_119-1,46,-97.881570,22.304500
shape_119-1,47,-97.881770,22.305870
shape_119-1,48,-97.881170,22.308410
shape_119-1,49,-97.880500,22.310580
shape_119-1,50,-97.879640,22.313080
shape_119-1,51,-97.878310,22.317530
shape_119-1,52,-97.877330,22.320700
shape_119-1,53,-97.876300,22.323760
shape_119-1,54,-97.874790,22.328640
shape_119-1,55,-97.873420,22.334140
shape_119-1,56,-97.873440,22.336480
shape_119-1,57,-97.874970,22.341500
shape_119-1,58,-97.876340,22.345730
shape_119-1,59,-97.880200,22.349560
shape_119-1,60,-97.883510,22.351230
shape_119-1,61,-97.887070,22.354090
shape_119-1,62,-97.895140,22.362780
shape_119-1,63,-97.903780,22.371940
shape_119-1,64,-97.904000,22.373530
shape_119-1,65,-97.902520,22.375400
shape_119-1,66,-97.901530,22.377900
shape_119-1,67,-97.900540,22.381940
shape_119-1,68,-97.896940,22.385830
shape_119-1,69,-97.893480,22.395460
shape_119-1,70,-97.883930,22.395870
shape_119-1,71,-97.884340,22.392160
shape_119-1,72,-97.885010,22.390650
shape_119-1,73,-97.885070,22.389960
shape_119-1,74,-97.884010,22.386580
shape_119-1,75,-97.884320,22.384370
shape_119-1,76,-97.878700,22.383730
shape_116-1,0,-97.948170,22.392140
shape_116-1,1,-97.946420,22.392020
shape_116-1,2,-97.946570,22.390580
shape_116-1,3,-97.944070,22.390400
shape_116-1,4,-97.943970,22.390720
shape_116-1,5,-97.943200,22.390830
shape_116-1,6,-97.941590,22.390600
shape_116-1,7,-97.941080,22.394700
shape_116-1,8,-97.940900,22.396030
shape_116-1,9,-97.940700,22.397570
shape_116-1,10,-97.940800,22.398350
shape_116-1,11,-97.940400,22.400750
shape_116-1,12,-97.940210,22.401950
shape_116-1,13,-97.940630,22.399330
shape_116-1,14,-97.937800,22.399010
shape_116-1,15,-97.937300,22.405830
shape_116-1,16,-97.941960,22.416600
shape_116-1,17,-97.941700,22.416700
shape_116-1,18,-97.938220,22.408670
shape_116-1,19,-97.934430,22.410630
shape_116-1,20,-97.931550,22.412260
shape_116-1,21,-97.933760,22.413450
shape_116-1,22,-97.933670,22.414360
shape_116-1,23,-97.933870,22.414460
shape_116-1,24,-97.933780,22.415510
shape_116-1,25,-97.934960,22.415650
shape_116-1,26,-97.934470,22.418610
shape_116-1,27,-97.934790,22.419100
shape_116-1,28,-97.933520,22.427060
shape_116-1,29,-97.930820,22.425670
shape_116-1,30,-97.925110,22.425010
shape_116-1,31,-97.926460,22.416230
shape_116-1,32,-97.924350,22.416050
shape_116-1,33,-97.920800,22.415450
shape_116-1,34,-97.921280,22.412120
shape_116-1,35,-97.922290,22.412270
shape_116-1,36,-97.922710,22.409380
shape_116-1,37,-97.921700,22.409260
shape_116-1,38,-97.922780,22.401360
shape_116-1,39,-97.922910,22.400320
shape_116-1,40,-97.923120,22.399490
shape_116-1,41,-97.929120,22.397350
shape_116-1,42,-97.932020,22.394110
shape_116-1,43,-97.929900,22.391980
shape_116-1,44,-97.930330,22.391650
shape_116-1,45,-97.941190,22.393550
shape_116-1,46,-97.941590,22.390600
shape_116-1,47,-97.943200,22.390830
shape_116-1,48,-97.943970,22.390720
shape_116-1,49,-97.944070,22.390400
shape_116-1,50,-97.946570,22.390580
shape_116-1,51,-97.941510,22.391050
shape_116-1,52,-97.941590,22.390600
shape_116-1,53,-97.941330,22.392250
shape_116-1,54,-97.937000,22.391710
shape_116-1,55,-97.933630,22.391390
shape_116-1,56,-97.933140,22.392060
shape_116-1,57,-97.930330,22.391650
shape_116-1,58,-97.929900,22.391980
shape_116-1,59,-97.932020,22.394110
shape_116-1,60,-97.929120,22.397350
shape_116-1,61,-97.923120,22.399490
shape_116-1,62,-97.922910,22.400320
shape_116-1,63,-97.922780,22.401360
shape_116-1,64,-97.921700,22.409260
shape_116-1,65,-97.922710,22.409380
shape_116-1,66,-97.922290,22.412270
shape_116-1,67,-97.921280,22.412120
shape_116-1,68,-97.920800,22.415450
shape_116-1,69,-97.924350,22.416050
shape_116-1,70,-97.926460,22.416230
shape_116-1,71,-97.925110,22.425010
shape_116-1,72,-97.930820,22.425670
shape_116-1,73,-97.933520,22.427060
shape_116-1,74,-97.934790,22.419100
shape_116-1,75,-97.934470,22.418610
shape_116-1,76,-97.934960,22.415650
shape_116-1,77,-97.933780,22.415510
shape_116-1,78,-97.933870,22.414460
shape_116-1,79,-97.933670,22.414360
shape_116-1,80,-97.933760,22.413450
shape_116-1,81,-97.931550,22.412260
shape_116-1,82,-97.934430,22.410630
shape_116-1,83,-97.938220,22.408670
shape_116-1,84,-97.941700,22.416700
shape_116-1,85,-97.941960,22.416600
shape_116-1,86,-97.937300,22.405830
shape_116-1,87,-97.937800,22.399010
shape_116-1,88,-97.940630,22.399330
shape_116-1,89,-97.940210,22.401950
shape_116-1,90,-97.940400,22.400750
shape_116-1,91,-97.940800,22.398350
shape_116-1,92,-97.940700,22.397570
shape_116-1,93,-97.940900,22.396030
shape_116-1,94,-97.941080,22.394700
shape_116-1,95,-97.941400,22.392650
shape_116-1,96,-97.941590,22.390600
shape_116-1,97,-97.941720,22.390000
shape_116-1,98,-97.941890,22.389050
shape_116-1,99,-97.942150,22.386750
shape_116-1,100,-97.947050,22.387260
shape_116-1,101,-97.950220,22.387780
shape_116-1,102,-97.951530,22.390300
shape_116-1,103,-97.949980,22.392280
shape_37-1,0,-97.786970,22.265110
shape_37-1,1,-97.786840,22.264000
shape_37-1,2,-97.795780,22.262750
shape_37-1,3,-97.795870,22.263500
shape_37-1,4,-97.798700,22.263160
shape_37-1,5,-97.803030,22.261150
shape_37-1,6,-97.818680,22.253250
shape_37-1,7,-97.819650,22.253320
shape_37-1,8,-97.821580,22.255340
shape_37-1,9,-97.826510,22.251100
shape_37-1,10,-97.827280,22.250550
shape_37-1,11,-97.833080,22.245600
shape_37-1,12,-97.836690,22.247540
shape_37-1,13,-97.841250,22.240160
shape_37-1,14,-97.841300,22.239970
shape_37-1,15,-97.841540,22.239540
shape_37-1,16,-97.839010,22.238200
shape_37-1,17,-97.839780,22.237080
shape_37-1,18,-97.840830,22.234400
shape_37-1,19,-97.841050,22.233800
shape_37-1,20,-97.840260,22.233550
shape_37-1,21,-97.839890,22.233370
shape_37-1,22,-97.839000,22.233080
shape_37-1,23,-97.840290,22.230180
shape_37-1,24,-97.840400,22.230090
shape_37-1,25,-97.841520,22.227780
shape_37-1,26,-97.840850,22.227730
shape_37-1,27,-97.840670,22.227400
shape_37-1,28,-97.840340,22.226060
shape_37-1,29,-97.844740,22.217590
shape_37-1,30,-97.845210,22.217710
shape_37-1,31,-97.848450,22.210470
shape_37-1,32,-97.848700,22.210220
shape_37-1,33,-97.852870,22.212100
shape_37-1,34,-97.853100,22.211880
shape_37-1,35,-97.855870,22.212410
shape_37-1,36,-97.857550,22.213240
shape_37-1,37,-97.855420,22.217190
shape_37-1,38,-97.851280,22.215280
shape_37-1,39,-97.852040,22.213690
shape_37-1,40,-97.850330,22.212950
shape_37-1,41,-97.839860,22.233410
shape_37-1,42,-97.839860,22.233410
shape_37-1,43,-97.850330,22.212950
shape_37-1,44,-97.852040,22.213690
shape_37-1,45,-97.851280,22.215280
shape_37-1,46,-97.855420,22.217190
shape_37-1,47,-97.857550,22.213240
shape_37-1,48,-97.855870,22.212410
shape_37-1,49,-97.853100,22.211880
shape_37-1,50,-97.852870,22.212100
shape_37-1,51,-97.848700,22.210220
shape_37-1,52,-97.848450,22.210470
shape_37-1,53,-97.845210,22.217710
shape_37-1,54,-97.844740,22.217590
shape_37-1,55,-97.840340,22.226060
shape_37-1,56,-97.840670,22.227400
shape_37-1,57,-97.840850,22.227730
shape_37-1,58,-97.841520,22.227780
shape_37-1,59,-97.840400,22.230090
shape_37-1,60,-97.840290,22.230180
shape_37-1,61,-97.839000,22.233080
shape_37-1,62,-97.839890,22.233370
shape_37-1,63,-97.840260,22.233550
shape_37-1,64,-97.841990,22.234120
shape_37-1,65,-97.841300,22.235950
shape_37-1,66,-97.840580,22.237530
shape_37-1,67,-97.841340,22.237900
shape_37-1,68,-97.842240,22.238440
shape_37-1,69,-97.841540,22.239540
shape_37-1,70,-97.841300,22.239970
shape_37-1,71,-97.841250,22.240160
shape_37-1,72,-97.836690,22.247540
shape_37-1,73,-97.833080,22.245600
shape_37-1,74,-97.827280,22.250550
shape_37-1,75,-97.826510,22.251100
shape_37-1,76,-97.821580,22.255340
shape_37-1,77,-97.819650,22.253320
shape_37-1,78,-97.818680,22.253250
shape_37-1,79,-97.803030,22.261150
shape_37-1,80,-97.798700,22.263160
shape_37-1,81,-97.797440,22.264000
shape_37-1,82,-97.797120,22.264180
shape_37-1,83,-97.802420,22.273170
shape_37-1,84,-97.800210,22.274170
shape_37-1,85,-97.793960,22.275160
shape_37-1,86,-97.790190,22.270080
shape_37-1,87,-97.786880,22.264710
shape_47-1,0,-97.881270,22.331380
shape_47-1,1,-97.881100,22.326380
shape_47-1,2,-97.885650,22.326180
shape_47-1,3,-97.886850,22.323440
shape_47-1,4,-97.882630,22.323000
shape_47-1,5,-97.876300,22.323420
shape_47-1,6,-97.881770,22.306010
shape_47-1,7,-97.881530,22.304560
shape_47-1,8,-97.873250,22.291180
shape_47-1,9,-97.873120,22.289570
shape_47-1,10,-97.870220,22.287850
shape_47-1,11,-97.865910,22.284950
shape_47-1,12,-97.862910,22.281370
shape_47-1,13,-97.857370,22.276410
shape_47-1,14,-97.854370,22.273870
shape_47-1,15,-97.852180,22.272910
shape_47-1,16,-97.850650,22.272680
shape_47-1,17,-97.847370,22.269660
shape_47-1,18,-97.851110,22.260210
shape_47-1,19,-97.854190,22.251850
shape_47-1,20,-97.854790,22.250630
shape_47-1,21,-97.854580,22.248090
shape_47-1,22,-97.855160,22.247140
shape_47-1,23,-97.855350,22.243090
shape_47-1,24,-97.854840,22.241950
shape_47-1,25,-97.853160,22.238560
shape_47-1,26,-97.849990,22.237150
shape_47-1,27,-97.849340,22.236470
shape_47-1,28,-97.847760,22.232360
shape_47-1,29,-97.846620,22.230530
shape_47-1,30,-97.846830,22.229160
shape_47-1,31,-97.854220,22.215620
shape_47-1,32,-97.856020,22.212020
shape_47-1,33,-97.857770,22.212700
shape_47-1,34,-97.857760,22.212690
shape_47-1,35,-97.857120,22.214030
shape_47-1,36,-97.856260,22.213650
shape_47-1,37,-97.856750,22.212790
shape_47-1,38,-97.855850,22.212480
shape_47-1,39,-97.854840,22.212280
shape_47-1,40,-97.852440,22.216790
shape_47-1,41,-97.853380,22.217170
shape_47-1,42,-97.846830,22.229160
shape_47-1,43,-97.846620,22.230530
shape_47-1,44,-97.847760,22.232360
shape_47-1,45,-97.849340,22.236470
shape_47-1,46,-97.849990,22.237150
shape_47-1,47,-97.853160,22.238560
shape_47-1,48,-97.854840,22.241950
shape_47-1,49,-97.855350,22.243090
shape_47-1,50,-97.855160,22.247140
shape_47-1,51,-97.854580,22.248090
shape_47-1,52,-97.854790,22.250630
shape_47-1,53,-97.854190,22.251850
shape_47-1,54,-97.851110,22.260210
shape_47-1,55,-97.847370,22.269660
shape_47-1,56,-97.850650,22.272680
shape_47-1,57,-97.852180,22.272910
shape_47-1,58,-97.854370,22.273870
shape_47-1,59,-97.857370,22.276410
shape_47-1,60,-97.862910,22.281370
shape_47-1,61,-97.865910,22.284950
shape_47-1,62,-97.870220,22.287850
shape_47-1,63,-97.873120,22.289570
shape_47-1,64,-97.873250,22.291180
shape_47-1,65,-97.881530,22.304560
shape_47-1,66,-97.881770,22.306010
shape_47-1,67,-97.876300,22.323420
shape_47-1,68,-97.882630,22.323000
shape_47-1,69,-97.886850,22.323440
shape_47-1,70,-97.885650,22.326180
shape_47-1,71,-97.881060,22.326380
shape_47-1,72,-97.881300,22.331460
shape_24-1,0,-97.865770,22.321970
shape_24-1,1,-97.869560,22.321620
shape_24-1,2,-97.868480,22.317100
shape_24-1,3,-97.868500,22.316830
shape_24-1,4,-97.869870,22.316810
shape_24-1,5,-97.870200,22.317160
shape_24-1,6,-97.872590,22.317220
shape_24-1,7,-97.874600,22.317810
shape_24-1,8,-97.878290,22.317820
shape_24-1,9,-97.885620,22.317820
shape_24-1,10,-97.886060,22.316190
shape_24-1,11,-97.887400,22.311150
shape_24-1,12,-97.890500,22.311110
shape_24-1,13,-97.892050,22.309020
shape_24-1,14,-97.893530,22.306360
shape_24-1,15,-97.893650,22.305980
shape_24-1,16,-97.892590,22.305250
shape_24-1,17,-97.896140,22.301280
shape_24-1,18,-97.893230,22.299190
shape_24-1,19,-97.892800,22.299980
shape_24-1,20,-97.892740,22.300090
shape_24-1,21,-97.891980,22.300430
shape_24-1,22,-97.891300,22.300280
shape_24-1,23,-97.890420,22.301680
shape_24-1,24,-97.889440,22.301190
shape_24-1,25,-97.889250,22.301590
shape_24-1,26,-97.887120,22.300540
shape_24-1,27,-97.887790,22.299180
shape_24-1,28,-97.889740,22.298080
shape_24-1,29,-97.889420,22.297420
shape_24-1,30,-97.889870,22.297180
shape_24-1,31,-97.886880,22.295620
shape_24-1,32,-97.882050,22.295090
shape_24-1,33,-97.880280,22.294500
shape_24-1,34,-97.879910,22.294140
shape_24-1,35,-97.873220,22.290430
shape_24-1,36,-97.873000,22.288940
shape_24-1,37,-97.873080,22.288040
shape_24-1,38,-97.873920,22.285660
shape_24-1,39,-97.873970,22.284380
shape_24-1,40,-97.873060,22.282330
shape_24-1,41,-97.873150,22.278570
shape_24-1,42,-97.874020,22.275370
shape_24-1,43,-97.874720,22.272590
shape_24-1,44,-97.873720,22.269810
shape_24-1,45,-97.873830,22.267190
shape_24-1,46,-97.874830,22.264760
shape_24-1,47,-97.876410,22.258700
shape_24-1,48,-97.876630,22.257090
shape_24-1,49,-97.875900,22.253120
shape_24-1,50,-97.869860,22.239290
shape_24-1,51,-97.865010,22.227440
shape_24-1,52,-97.863400,22.223480
shape_24-1,53,-97.863210,22.221560
shape_24-1,54,-97.855820,22.218390
shape_24-1,55,-97.855820,22.218390
shape_24-1,56,-97.855480,22.219170
shape_24-1,57,-97.863340,22.222710
shape_24-1,58,-97.863400,22.223480
shape_24-1,59,-97.865010,22.227440
shape_24-1,60,-97.869860,22.239290
shape_24-1,61,-97.875900,22.253120
shape_24-1,62,-97.876630,22.257090
shape_24-1,63,-97.876410,22.258700
shape_24-1,64,-97.874830,22.264760
shape_24-1,65,-97.873830,22.267190
shape_24-1,66,-97.873720,22.269810
shape_24-1,67,-97.874720,22.272590
shape_24-1,68,-97.874020,22.275370
shape_24-1,69,-97.873150,22.278570
shape_24-1,70,-97.873060,22.282330
shape_24-1,71,-97.873970,22.284380
shape_24-1,72,-97.873920,22.285660
shape_24-1,73,-97.873080,22.288040
shape_24-1,74,-97.872060,22.289450
shape_24-1,75,-97.872550,22.290390
shape_24-1,76,-97.873350,22.291290
shape_24-1,77,-97.876560,22.296280
shape_24-1,78,-97.879990,22.294410
shape_24-1,79,-97.880280,22.294500
shape_24-1,80,-97.882050,22.295090
shape_24-1,81,-97.886880,22.295620
shape_24-1,82,-97.889870,22.297180
shape_24-1,83,-97.889420,22.297420
shape_24-1,84,-97.889740,22.298080
shape_24-1,85,-97.887790,22.299180
shape_24-1,86,-97.887120,22.300540
shape_24-1,87,-97.889250,22.301590
shape_24-1,88,-97.889440,22.301190
shape_24-1,89,-97.890420,22.301680
shape_24-1,90,-97.891300,22.300280
shape_24-1,91,-97.891980,22.300430
shape_24-1,92,-97.892740,22.300090
shape_24-1,93,-97.892800,22.299980
shape_24-1,94,-97.893230,22.299190
shape_24-1,95,-97.896140,22.301280
shape_24-1,96,-97.892590,22.305250
shape_24-1,97,-97.893650,22.305980
shape_24-1,98,-97.893530,22.306360
shape_24-1,99,-97.892050,22.309020
shape_24-1,100,-97.890500,22.311110
shape_24-1,101,-97.887400,22.311150
shape_24-1,102,-97.886060,22.316190
shape_24-1,103,-97.885480,22.317330
shape_24-1,104,-97.878370,22.317310
shape_24-1,105,-97.874560,22.317370
shape_24-1,106,-97.872590,22.317220
shape_24-1,107,-97.870200,22.317160
shape_24-1,108,-97.869870,22.316810
shape_24-1,109,-97.868500,22.316830
shape_24-1,110,-97.868480,22.317100
shape_24-1,111,-97.869560,22.321640
shape_24-1,112,-97.865780,22.321960
shape_40-1,0,-97.853960,22.212020
shape_40-1,1,-97.852910,22.211840
shape_40-1,2,-97.852820,22.212120
shape_40-1,3,-97.850310,22.210970
shape_40-1,4,-97.849060,22.213360
shape_40-1,5,-97.848200,22.212960
shape_40-1,6,-97.847360,22.214580
shape_40-1,7,-97.848210,22.214980
shape_40-1,8,-97.843580,22.223850
shape_40-1,9,-97.841140,22.228580
shape_40-1,10,-97.840380,22.230170
shape_40-1,11,-97.840210,22.230250
shape_40-1,12,-97.841960,22.226970
shape_40-1,13,-97.846020,22.228650
shape_40-1,14,-97.845120,22.231230
shape_40-1,15,-97.844270,22.233290
shape_40-1,16,-97.842820,22.237360
shape_40-1,17,-97.842220,22.238460
shape_40-1,18,-97.840710,22.240760
shape_40-1,19,-97.838610,22.244330
shape_40-1,20,-97.836290,22.247980
shape_40-1,21,-97.835530,22.249080
shape_40-1,22,-97.835090,22.249540
shape_40-1,23,-97.837160,22.254580
shape_40-1,24,-97.831400,22.259510
shape_40-1,25,-97.830340,22.260320
shape_40-1,26,-97.827400,22.262670
shape_40-1,27,-97.824510,22.265290
shape_40-1,28,-97.828550,22.269510
shape_40-1,29,-97.825810,22.271750
shape_40-1,30,-97.825730,22.271940
shape_40-1,31,-97.824740,22.272840
shape_40-1,32,-97.829670,22.277790
shape_40-1,33,-97.827930,22.278380
shape_40-1,34,-97.829020,22.280740
shape_40-1,35,-97.829150,22.281370
shape_40-1,36,-97.826000,22.282960
shape_40-1,37,-97.823470,22.284400
shape_40-1,38,-97.821610,22.281560
shape_40-1,39,-97.815550,22.286320
shape_40-1,40,-97.817880,22.291570
shape_40-1,41,-97.818200,22.291650
shape_40-1,42,-97.818280,22.292020
shape_40-1,43,-97.818540,22.292150
shape_40-1,44,-97.819200,22.293580
shape_40-1,45,-97.821590,22.293640
shape_40-1,46,-97.821730,22.293860
shape_40-1,47,-97.821780,22.294700
shape_40-1,48,-97.820380,22.294800
shape_40-1,49,-97.820060,22.295070
shape_40-1,50,-97.819610,22.295080
shape_40-1,51,-97.819640,22.295790
shape_40-1,52,-97.819530,22.295870
shape_40-1,53,-97.819550,22.295970
shape_40-1,54,-97.819650,22.296010
shape_40-1,55,-97.819760,22.296620
shape_40-1,56,-97.821470,22.296420
shape_40-1,57,-97.819760,22.296620
shape_40-1,58,-97.819650,22.296010
shape_40-1,59,-97.819550,22.295970
shape_40-1,60,-97.819530,22.295870
shape_40-1,61,-97.819640,22.295790
shape_40-1,62,-97.819610,22.295080
shape_40-1,63,-97.820060,22.295070
shape_40-1,64,-97.820380,22.294800
shape_40-1,65,-97.821780,22.294700
shape_40-1,66,-97.821730,22.293860
shape_40-1,67,-97.821590,22.293640
shape_40-1,68,-97.819200,22.293580
shape_40-1,69,-97.818540,22.292150
shape_40-1,70,-97.818280,22.292020
shape_40-1,71,-97.818200,22.291650
shape_40-1,72,-97.817880,22.291570
shape_40-1,73,-97.815550,22.286320
shape_40-1,74,-97.807370,22.292630
shape_40-1,75,-97.807370,22.292630
shape_40-1,76,-97.815550,22.286320
shape_40-1,77,-97.817880,22.291570
shape_40-1,78,-97.818200,22.291650
shape_40-1,79,-97.818280,22.292020
shape_40-1,80,-97.818540,22.292150
shape_40-1,81,-97.819200,22.293580
shape_40-1,82,-97.821590,22.293640
shape_40-1,83,-97.821730,22.293860
shape_40-1,84,-97.821780,22.294700
shape_40-1,85,-97.820380,22.294800
shape_40-1,86,-97.820060,22.295070
shape_40-1,87,-97.819610,22.295080
shape_40-1,88,-97.819640,22.295790
shape_40-1,89,-97.819530,22.295870
shape_40-1,90,-97.819550,22.295970
shape_40-1,91,-97.819650,22.296010
shape_40-1,92,-97.819760,22.296620
shape_40-1,93,-97.821470,22.296420
shape_40-1,94,-97.819760,22.296620
shape_40-1,95,-97.819650,22.296010
shape_40-1,96,-97.819550,22.295970
shape_40-1,97,-97.819530,22.295870
shape_40-1,98,-97.819640,22.295790
shape_40-1,99,-97.819610,22.295080
shape_40-1,100,-97.820060,22.295070
shape_40-1,101,-97.820380,22.294800
shape_40-1,102,-97.821780,22.294700
shape_40-1,103,-97.821730,22.293860
shape_40-1,104,-97.821590,22.293640
shape_40-1,105,-97.819200,22.293580
shape_40-1,106,-97.818540,22.292150
shape_40-1,107,-97.818280,22.292020
shape_40-1,108,-97.818200,22.291650
shape_40-1,109,-97.817880,22.291570
shape_40-1,110,-97.815550,22.286320
shape_40-1,111,-97.821610,22.281560
shape_40-1,112,-97.823470,22.284400
shape_40-1,113,-97.826000,22.282960
shape_40-1,114,-97.829150,22.281370
shape_40-1,115,-97.829020,22.280740
shape_40-1,116,-97.827930,22.278380
shape_40-1,117,-97.829670,22.277790
shape_40-1,118,-97.824740,22.272840
shape_40-1,119,-97.825730,22.271940
shape_40-1,120,-97.825810,22.271750
shape_40-1,121,-97.828550,22.269510
shape_40-1,122,-97.824510,22.265290
shape_40-1,123,-97.827400,22.262670
shape_40-1,124,-97.830340,22.260320
shape_40-1,125,-97.831400,22.259510
shape_40-1,126,-97.837160,22.254580
shape_40-1,127,-97.835090,22.249540
shape_40-1,128,-97.835530,22.249080
shape_40-1,129,-97.836290,22.247980
shape_40-1,130,-97.838610,22.244330
shape_40-1,131,-97.840710,22.240760
shape_40-1,132,-97.842220,22.238460
shape_40-1,133,-97.842820,22.237360
shape_40-1,134,-97.843850,22.234730
shape_40-1,135,-97.839880,22.233410
shape_40-1,136,-97.849080,22.215380
shape_40-1,137,-97.850350,22.212910
shape_40-1,138,-97.852020,22.213700
shape_40-1,139,-97.851250,22.215250
shape_40-1,140,-97.855410,22.217220
shape_40-1,141,-97.857610,22.213190
shape_40-1,142,-97.853040,22.211880
shape_31-1,0,-97.896840,22.324900
shape_31-1,1,-97.894310,22.324390
shape_31-1,2,-97.895330,22.321020
shape_31-1,3,-97.895790,22.319560
shape_31-1,4,-97.896220,22.318610
shape_31-1,5,-97.896220,22.318240
shape_31-1,6,-97.895900,22.318240
shape_31-1,7,-97.895370,22.317110
shape_31-1,8,-97.894930,22.317250
shape_31-1,9,-97.892810,22.316720
shape_31-1,10,-97.890540,22.316280
shape_31-1,11,-97.889920,22.318920
shape_31-1,12,-97.888880,22.318680
shape_31-1,13,-97.886850,22.323480
shape_31-1,14,-97.885180,22.323240
shape_31-1,15,-97.885220,22.319000
shape_31-1,16,-97.882500,22.319290
shape_31-1,17,-97.882080,22.309680
shape_31-1,18,-97.880870,22.309700
shape_31-1,19,-97.881180,22.308610
shape_31-1,20,-97.881460,22.307780
shape_31-1,21,-97.881830,22.306340
shape_31-1,22,-97.881870,22.305500
shape_31-1,23,-97.881730,22.304630
shape_31-1,24,-97.881200,22.303510
shape_31-1,25,-97.878960,22.300050
shape_31-1,26,-97.877730,22.298080
shape_31-1,27,-97.873360,22.291180
shape_31-1,28,-97.872970,22.288830
shape_31-1,29,-97.873380,22.286990
shape_31-1,30,-97.873940,22.285310
shape_31-1,31,-97.873680,22.283880
shape_31-1,32,-97.872910,22.282150
shape_31-1,33,-97.873100,22.278100
shape_31-1,34,-97.874710,22.272800
shape_31-1,35,-97.873680,22.269920
shape_31-1,36,-97.873810,22.267040
shape_31-1,37,-97.875030,22.264060
shape_31-1,38,-97.876210,22.259350
shape_31-1,39,-97.876490,22.257270
shape_31-1,40,-97.876600,22.255020
shape_31-1,41,-97.874430,22.248930
shape_31-1,42,-97.873080,22.246540
shape_31-1,43,-97.867840,22.234920
shape_31-1,44,-97.863470,22.223400
shape_31-1,45,-97.863280,22.221560
shape_31-1,46,-97.854970,22.218000
shape_31-1,47,-97.855880,22.216370
shape_31-1,48,-97.849910,22.213720
shape_31-1,49,-97.851640,22.210390
shape_31-1,50,-97.850790,22.210060
shape_31-1,51,-97.849780,22.209850
shape_31-1,52,-97.849020,22.209950
shape_31-1,53,-97.848650,22.210200
shape_31-1,54,-97.848210,22.210940
shape_31-1,55,-97.847760,22.210790
shape_31-1,56,-97.847120,22.211040
shape_31-1,57,-97.846650,22.211300
shape_31-1,58,-97.847830,22.211850
shape_31-1,59,-97.848210,22.210940
shape_31-1,60,-97.848210,22.210940
shape_31-1,61,-97.847830,22.211850
shape_31-1,62,-97.846650,22.211300
shape_31-1,63,-97.847120,22.211040
shape_31-1,64,-97.847760,22.210790
shape_31-1,65,-97.848210,22.210940
shape_31-1,66,-97.847830,22.211840
shape_31-1,67,-97.848470,22.212120
shape_31-1,68,-97.848720,22.212250
shape_31-1,69,-97.849150,22.212380
shape_31-1,70,-97.849490,22.212600
shape_31-1,71,-97.852060,22.213710
shape_31-1,72,-97.851270,22.215270
shape_31-1,73,-97.854580,22.216810
shape_31-1,74,-97.856260,22.217530
shape_31-1,75,-97.863340,22.220710
shape_31-1,76,-97.863280,22.221560
shape_31-1,77,-97.863470,22.223400
shape_31-1,78,-97.867840,22.234920
shape_31-1,79,-97.873080,22.246540
shape_31-1,80,-97.874430,22.248930
shape_31-1,81,-97.876600,22.255020
shape_31-1,82,-97.876490,22.257270
shape_31-1,83,-97.876210,22.259350
shape_31-1,84,-97.875030,22.264060
shape_31-1,85,-97.873810,22.267040
shape_31-1,86,-97.873680,22.269920
shape_31-1,87,-97.874710,22.272800
shape_31-1,88,-97.873100,22.278100
shape_31-1,89,-97.872910,22.282150
shape_31-1,90,-97.873680,22.283880
shape_31-1,91,-97.873940,22.285310
shape_31-1,92,-97.873380,22.286990
shape_31-1,93,-97.872970,22.288830
shape_31-1,94,-97.873360,22.291180
shape_31-1,95,-97.877730,22.298080
shape_31-1,96,-97.878960,22.300050
shape_31-1,97,-97.881200,22.303510
shape_31-1,98,-97.881730,22.304630
shape_31-1,99,-97.881870,22.305500
shape_31-1,100,-97.881830,22.306340
shape_31-1,101,-97.881460,22.307780
shape_31-1,102,-97.881180,22.308610
shape_31-1,103,-97.878740,22.308750
shape_31-1,104,-97.878800,22.310710
shape_31-1,105,-97.882150,22.310530
shape_31-1,106,-97.882500,22.319290
shape_31-1,107,-97.885220,22.319000
shape_31-1,108,-97.885180,22.323240
shape_31-1,109,-97.886850,22.323480
shape_31-1,110,-97.888880,22.318680
shape_31-1,111,-97.889920,22.318920
shape_31-1,112,-97.890540,22.316280
shape_31-1,113,-97.892810,22.316720
shape_31-1,114,-97.894930,22.317250
shape_31-1,115,-97.895370,22.317110
shape_31-1,116,-97.895900,22.318240
shape_31-1,117,-97.896220,22.318240
shape_31-1,118,-97.896220,22.318610
shape_31-1,119,-97.895790,22.319560
shape_31-1,120,-97.895330,22.321020
shape_31-1,121,-97.894310,22.324390
shape_1-1,0,-97.854180,22.215630
shape_1-1,1,-97.855860,22.212460
shape_1-1,2,-97.854860,22.212260
shape_1-1,3,-97.853270,22.215220
shape_1-1,4,-97.852380,22.216830
shape_1-1,5,-97.853300,22.217160
shape_1-1,6,-97.852850,22.217900
shape_1-1,7,-97.851280,22.220960
shape_1-1,8,-97.848980,22.225170
shape_1-1,9,-97.846930,22.229010
shape_1-1,10,-97.846590,22.230160
shape_1-1,11,-97.846770,22.231080
shape_1-1,12,-97.847930,22.232740
shape_1-1,13,-97.848470,22.233810
shape_1-1,14,-97.849020,22.235440
shape_1-1,15,-97.849770,22.237060
shape_1-1,16,-97.852660,22.238130
shape_1-1,17,-97.853350,22.238900
shape_1-1,18,-97.853890,22.240530
shape_1-1,19,-97.855320,22.242820
shape_1-1,20,-97.855280,22.245660
shape_1-1,21,-97.855050,22.247280
shape_1-1,22,-97.854640,22.248150
shape_1-1,23,-97.854870,22.250400
shape_1-1,24,-97.854430,22.251320
shape_1-1,25,-97.853580,22.253520
shape_1-1,26,-97.852650,22.255740
shape_1-1,27,-97.851710,22.258320
shape_1-1,28,-97.849730,22.263700
shape_1-1,29,-97.847520,22.269720
shape_1-1,30,-97.850720,22.272720
shape_1-1,31,-97.853770,22.273530
shape_1-1,32,-97.854900,22.274720
shape_1-1,33,-97.856210,22.276710
shape_1-1,34,-97.858980,22.278080
shape_1-1,35,-97.862910,22.281270
shape_1-1,36,-97.865170,22.284240
shape_1-1,37,-97.867120,22.285830
shape_1-1,38,-97.868430,22.286840
shape_1-1,39,-97.870650,22.289780
shape_1-1,40,-97.871350,22.289640
shape_1-1,41,-97.871880,22.289730
shape_1-1,42,-97.873250,22.291180
shape_1-1,43,-97.877070,22.297270
shape_1-1,44,-97.881160,22.303870
shape_1-1,45,-97.881600,22.304890
shape_1-1,46,-97.881660,22.306750
shape_1-1,47,-97.878600,22.316060
shape_1-1,48,-97.878900,22.316050
shape_1-1,49,-97.881810,22.306630
shape_1-1,50,-97.881790,22.304890
shape_1-1,51,-97.888520,22.304420
shape_1-1,52,-97.887660,22.308960
shape_1-1,53,-97.887230,22.311200
shape_1-1,54,-97.890030,22.311120
shape_1-1,55,-97.889000,22.315480
shape_1-1,56,-97.888830,22.315960
shape_1-1,57,-97.888900,22.316150
shape_1-1,58,-97.888720,22.316400
shape_1-1,59,-97.888920,22.317550
shape_1-1,60,-97.888920,22.317550
shape_1-1,61,-97.888720,22.316400
shape_1-1,62,-97.888900,22.316150
shape_1-1,63,-97.888830,22.315960
shape_1-1,64,-97.889000,22.315480
shape_1-1,65,-97.890030,22.311120
shape_1-1,66,-97.887230,22.311200
shape_1-1,67,-97.887660,22.308960
shape_1-1,68,-97.888710,22.304680
shape_1-1,69,-97.891230,22.305340
shape_1-1,70,-97.889420,22.303980
shape_1-1,71,-97.889140,22.304330
shape_1-1,72,-97.888780,22.304210
shape_1-1,73,-97.888700,22.304470
shape_1-1,74,-97.881620,22.304940
shape_1-1,75,-97.881570,22.306550
shape_1-1,76,-97.880310,22.310580
shape_1-1,77,-97.878610,22.316100
shape_1-1,78,-97.878810,22.316100
shape_1-1,79,-97.880500,22.310540
shape_1-1,80,-97.881900,22.306630
shape_1-1,81,-97.881810,22.304860
shape_1-1,82,-97.881320,22.303810
shape_1-1,83,-97.879810,22.301490
shape_1-1,84,-97.877070,22.297270
shape_1-1,85,-97.873330,22.291150
shape_1-1,86,-97.873090,22.289910
shape_1-1,87,-97.872530,22.289270
shape_1-1,88,-97.871330,22.288610
shape_1-1,89,-97.870350,22.288020
shape_1-1,90,-97.868550,22.286750
shape_1-1,91,-97.867120,22.285830
shape_1-1,92,-97.865170,22.284240
shape_1-1,93,-97.862910,22.281270
shape_1-1,94,-97.858980,22.278080
shape_1-1,95,-97.857160,22.276270
shape_1-1,96,-97.855010,22.274440
shape_1-1,97,-97.853770,22.273530
shape_1-1,98,-97.850720,22.272720
shape_1-1,99,-97.847520,22.269720
shape_1-1,100,-97.849730,22.263700
shape_1-1,101,-97.852220,22.257090
shape_1-1,102,-97.853580,22.253520
shape_1-1,103,-97.854430,22.251320
shape_1-1,104,-97.854870,22.250400
shape_1-1,105,-97.854640,22.248150
shape_1-1,106,-97.855050,22.247280
shape_1-1,107,-97.855280,22.245660
shape_1-1,108,-97.855320,22.242820
shape_1-1,109,-97.853890,22.240530
shape_1-1,110,-97.853350,22.238900
shape_1-1,111,-97.852660,22.238130
shape_1-1,112,-97.849770,22.237060
shape_1-1,113,-97.848470,22.233810
shape_1-1,114,-97.847930,22.232740
shape_1-1,115,-97.846770,22.231080
shape_1-1,116,-97.846590,22.230160
shape_1-1,117,-97.846930,22.229010
shape_1-1,118,-97.848980,22.225170
shape_1-1,119,-97.851280,22.220960
shape_1-1,120,-97.852850,22.217900
shape_1-1,121,-97.853300,22.217160
shape_1-1,122,-97.852380,22.216830
shape_1-1,123,-97.853270,22.215220
shape_1-1,124,-97.854860,22.212260
shape_1-1,125,-97.855860,22.212460
shape_2-1,0,-97.884100,22.336790
shape_2-1,1,-97.883310,22.337970
shape_2-1,2,-97.883570,22.338100
shape_2-1,3,-97.884870,22.338250
shape_2-1,4,-97.885070,22.338200
shape_2-1,5,-97.886680,22.335910
shape_2-1,6,-97.886680,22.335660
shape_2-1,7,-97.886490,22.335560
shape_2-1,8,-97.885200,22.335420
shape_2-1,9,-97.885070,22.335430
shape_2-1,10,-97.884160,22.336710
shape_2-1,11,-97.883000,22.335000
shape_2-1,12,-97.881490,22.335860
shape_2-1,13,-97.881350,22.334690
shape_2-1,14,-97.879360,22.334740
shape_2-1,15,-97.879320,22.333090
shape_2-1,16,-97.881340,22.333030
shape_2-1,17,-97.881170,22.329700
shape_2-1,18,-97.878000,22.329790
shape_2-1,19,-97.874600,22.329450
shape_2-1,20,-97.875730,22.325910
shape_2-1,21,-97.877290,22.321150
shape_2-1,22,-97.878330,22.317650
shape_2-1,23,-97.879160,22.314930
shape_2-1,24,-97.880300,22.311330
shape_2-1,25,-97.880990,22.309350
shape_2-1,26,-97.881800,22.306670
shape_2-1,27,-97.881850,22.305040
shape_2-1,28,-97.881280,22.303560
shape_2-1,29,-97.879770,22.301370
shape_2-1,30,-97.878650,22.299510
shape_2-1,31,-97.876550,22.296160
shape_2-1,32,-97.873880,22.292040
shape_2-1,33,-97.873350,22.291090
shape_2-1,34,-97.873140,22.290170
shape_2-1,35,-97.872850,22.289560
shape_2-1,36,-97.873080,22.287990
shape_2-1,37,-97.873630,22.286520
shape_2-1,38,-97.873940,22.284650
shape_2-1,39,-97.873510,22.283620
shape_2-1,40,-97.872950,22.282470
shape_2-1,41,-97.873080,22.279490
shape_2-1,42,-97.873380,22.277620
shape_2-1,43,-97.874730,22.272600
shape_2-1,44,-97.874060,22.271030
shape_2-1,45,-97.873720,22.269340
shape_2-1,46,-97.873850,22.267450
shape_2-1,47,-97.874540,22.265510
shape_2-1,48,-97.875690,22.261770
shape_2-1,49,-97.876470,22.258320
shape_2-1,50,-97.876680,22.256650
shape_2-1,51,-97.876380,22.254470
shape_2-1,52,-97.875090,22.250650
shape_2-1,53,-97.873290,22.246680
shape_2-1,54,-97.871750,22.243700
shape_2-1,55,-97.870460,22.240720
shape_2-1,56,-97.868920,22.237150
shape_2-1,57,-97.867370,22.233220
shape_2-1,58,-97.865270,22.228170
shape_2-1,59,-97.864240,22.225230
shape_2-1,60,-97.863390,22.222990
shape_2-1,61,-97.863220,22.221590
shape_2-1,62,-97.857820,22.219250
shape_2-1,63,-97.853310,22.217230
shape_2-1,64,-97.855050,22.214040
shape_2-1,65,-97.852760,22.212990
shape_2-1,66,-97.848200,22.210920
shape_2-1,67,-97.848420,22.210480
shape_2-1,68,-97.849020,22.209960
shape_2-1,69,-97.849820,22.209870
shape_2-1,70,-97.850850,22.210080
shape_2-1,71,-97.856970,22.212370
shape_2-1,72,-97.856490,22.213310
shape_2-1,73,-97.856190,22.213690
shape_2-1,74,-97.855440,22.213270
shape_2-1,75,-97.854600,22.212910
shape_2-1,76,-97.854160,22.213680
shape_2-1,77,-97.852860,22.216010
shape_2-1,78,-97.856350,22.217530
shape_2-1,79,-97.855410,22.219160
shape_2-1,80,-97.858870,22.220700
shape_2-1,81,-97.862910,22.222480
shape_2-1,82,-97.863300,22.222600
shape_2-1,83,-97.863390,22.222990
shape_2-1,84,-97.864240,22.225230
shape_2-1,85,-97.865780,22.229440
shape_2-1,86,-97.867240,22.232980
shape_2-1,87,-97.868570,22.236510
shape_2-1,88,-97.870460,22.240720
shape_2-1,89,-97.872730,22.245610
shape_2-1,90,-97.873250,22.246600
shape_2-1,91,-97.874410,22.248670
shape_2-1,92,-97.875090,22.250650
shape_2-1,93,-97.876380,22.254470
shape_2-1,94,-97.876600,22.256490
shape_2-1,95,-97.876470,22.258320
shape_2-1,96,-97.875650,22.261540
shape_2-1,97,-97.874620,22.265150
shape_2-1,98,-97.873810,22.267220
shape_2-1,99,-97.873720,22.269340
shape_2-1,100,-97.874110,22.270950
shape_2-1,101,-97.874730,22.272600
shape_2-1,102,-97.873890,22.275710
shape_2-1,103,-97.873160,22.278100
shape_2-1,104,-97.873080,22.279490
shape_2-1,105,-97.872860,22.282620
shape_2-1,106,-97.873720,22.284050
shape_2-1,107,-97.874020,22.284850
shape_2-1,108,-97.873630,22.286520
shape_2-1,109,-97.873080,22.287990
shape_2-1,110,-97.872070,22.289220
shape_2-1,111,-97.871960,22.289570
shape_2-1,112,-97.872300,22.290210
shape_2-1,113,-97.873250,22.291080
shape_2-1,114,-97.873880,22.292040
shape_2-1,115,-97.876550,22.296160
shape_2-1,116,-97.878650,22.299510
shape_2-1,117,-97.881280,22.303560
shape_2-1,118,-97.881850,22.305040
shape_2-1,119,-97.881800,22.306670
shape_2-1,120,-97.880990,22.309350
shape_2-1,121,-97.880300,22.311330
shape_2-1,122,-97.879160,22.314930
shape_2-1,123,-97.878330,22.317650
shape_2-1,124,-97.877290,22.321150
shape_2-1,125,-97.875730,22.325910
shape_2-1,126,-97.874600,22.329450
shape_2-1,127,-97.878000,22.329790
shape_2-1,128,-97.881170,22.329700
shape_2-1,129,-97.881340,22.333030
shape_2-1,130,-97.879320,22.333090
shape_2-1,131,-97.879360,22.334740
shape_2-1,132,-97.881350,22.334690
shape_2-1,133,-97.881490,22.335860
shape_2-1,134,-97.883000,22.335000
shape_2-1,135,-97.884160,22.336710
shape_2-1,136,-97.885070,22.335430
shape_2-1,137,-97.885200,22.335420
shape_2-1,138,-97.886490,22.335560
shape_2-1,139,-97.886680,22.335660
shape_2-1,140,-97.886680,22.335910
shape_2-1,141,-97.885070,22.338200
shape_2-1,142,-97.884870,22.338250
shape_2-1,143,-97.883570,22.338100
shape_2-1,144,-97.883310,22.337970
shape_50-1,0,-97.846650,22.326300
shape_50-1,1,-97.849140,22.325440
shape_50-1,2,-97.850890,22.324320
shape_50-1,3,-97.853810,22.322850
shape_50-1,4,-97.850020,22.314810
shape_50-1,5,-97.851270,22.313930
shape_50-1,6,-97.849340,22.308160
shape_50-1,7,-97.861560,22.303550
shape_50-1,8,-97.863180,22.307330
shape_50-1,9,-97.863800,22.307100
shape_50-1,10,-97.869050,22.307200
shape_50-1,11,-97.868920,22.310680
shape_50-1,12,-97.875140,22.311000
shape_50-1,13,-97.880430,22.310600
shape_50-1,14,-97.881810,22.305990
shape_50-1,15,-97.881640,22.304720
shape_50-1,16,-97.880990,22.303290
shape_50-1,17,-97.873940,22.292150
shape_50-1,18,-97.873310,22.291100
shape_50-1,19,-97.873080,22.289630
shape_50-1,20,-97.872990,22.288320
shape_50-1,21,-97.873490,22.286440
shape_50-1,22,-97.873980,22.284890
shape_50-1,23,-97.873250,22.282880
shape_50-1,24,-97.872880,22.281230
shape_50-1,25,-97.873440,22.276730
shape_50-1,26,-97.874750,22.272780
shape_50-1,27,-97.873760,22.270170
shape_50-1,28,-97.873740,22.267120
shape_50-1,29,-97.874690,22.265130
shape_50-1,30,-97.876640,22.257800
shape_50-1,31,-97.876570,22.255640
shape_50-1,32,-97.874130,22.248250
shape_50-1,33,-97.872930,22.246220
shape_50-1,34,-97.871470,22.243230
shape_50-1,35,-97.867690,22.234370
shape_50-1,36,-97.864240,22.225370
shape_50-1,37,-97.863410,22.223400
shape_50-1,38,-97.863280,22.221590
shape_50-1,39,-97.855780,22.218370
shape_50-1,40,-97.855020,22.219940
shape_50-1,41,-97.855420,22.219160
shape_50-1,42,-97.863340,22.222620
shape_50-1,43,-97.863340,22.222620
shape_50-1,44,-97.855420,22.219160
shape_50-1,45,-97.855020,22.219940
shape_50-1,46,-97.855780,22.218370
shape_50-1,47,-97.863280,22.221590
shape_50-1,48,-97.863410,22.223400
shape_50-1,49,-97.864240,22.225370
shape_50-1,50,-97.867690,22.234370
shape_50-1,51,-97.871470,22.243230
shape_50-1,52,-97.872930,22.246220
shape_50-1,53,-97.874130,22.248250
shape_50-1,54,-97.876570,22.255640
shape_50-1,55,-97.876640,22.257800
shape_50-1,56,-97.874690,22.265130
shape_50-1,57,-97.873740,22.267120
shape_50-1,58,-97.873760,22.270170
shape_50-1,59,-97.874750,22.272780
shape_50-1,60,-97.873440,22.276730
shape_50-1,61,-97.872880,22.281230
shape_50-1,62,-97.873250,22.282880
shape_50-1,63,-97.873980,22.284890
shape_50-1,64,-97.873490,22.286440
shape_50-1,65,-97.872990,22.288320
shape_50-1,66,-97.873080,22.289630
shape_50-1,67,-97.873310,22.291100
shape_50-1,68,-97.873940,22.292150
shape_50-1,69,-97.880990,22.303290
shape_50-1,70,-97.881640,22.304720
shape_50-1,71,-97.881810,22.305990
shape_50-1,72,-97.880990,22.308630
shape_50-1,73,-97.875010,22.308990
shape_50-1,74,-97.869040,22.308770
shape_50-1,75,-97.869050,22.307200
shape_50-1,76,-97.863800,22.307100
shape_50-1,77,-97.863180,22.307330
shape_50-1,78,-97.861560,22.303550
shape_50-1,79,-97.849340,22.308160
shape_50-1,80,-97.851270,22.313930
shape_50-1,81,-97.850020,22.314810
shape_50-1,82,-97.853810,22.322850
shape_50-1,83,-97.850890,22.324320
shape_50-1,84,-97.849140,22.325440
shape_90-1,0,-97.904620,22.521100
shape_90-1,1,-97.904320,22.519610
shape_90-1,2,-97.903930,22.517610
shape_90-1,3,-97.903810,22.474570
shape_90-1,4,-97.895140,22.438440
shape_90-1,5,-97.885870,22.423610
shape_90-1,6,-97.884790,22.421110
shape_90-1,7,-97.884960,22.419160
shape_90-1,8,-97.889340,22.407540
shape_90-1,9,-97.893330,22.404880
shape_90-1,10,-97.909810,22.403730
shape_90-1,11,-97.920930,22.400160
shape_90-1,12,-97.928650,22.397540
shape_90-1,13,-97.932000,22.394330
shape_90-1,14,-97.933630,22.395360
shape_90-1,15,-97.935260,22.395720
shape_90-1,16,-97.934930,22.397450
shape_90-1,17,-97.935800,22.397630
shape_90-1,18,-97.936170,22.395900
shape_90-1,19,-97.936170,22.395900
shape_90-1,20,-97.935820,22.395790
shape_90-1,21,-97.935520,22.395740
shape_90-1,22,-97.935260,22.395720
shape_90-1,23,-97.933630,22.395360
shape_90-1,24,-97.932000,22.394330
shape_90-1,25,-97.930180,22.396490
shape_90-1,26,-97.928650,22.397540
shape_90-1,27,-97.926400,22.397420
shape_90-1,28,-97.925000,22.397360
shape_90-1,29,-97.923650,22.397720
shape_90-1,30,-97.920930,22.400160
shape_90-1,31,-97.909750,22.403970
shape_90-1,32,-97.893330,22.404880
shape_90-1,33,-97.888680,22.404640
shape_90-1,34,-97.888740,22.403810
shape_90-1,35,-97.889580,22.403370
shape_90-1,36,-97.890110,22.403310
shape_90-1,37,-97.890690,22.403710
shape_90-1,38,-97.884960,22.419160
shape_90-1,39,-97.884790,22.421110
shape_90-1,40,-97.885870,22.423610
shape_90-1,41,-97.895140,22.438440
shape_90-1,42,-97.903810,22.474570
shape_90-1,43,-97.903930,22.517610
shape_90-1,44,-97.904710,22.521080
shape_38-1,0,-97.881540,22.280670
shape_38-1,1,-97.880680,22.280970
shape_38-1,2,-97.880000,22.282590
shape_38-1,3,-97.879940,22.282790
shape_38-1,4,-97.879650,22.283040
shape_38-1,5,-97.879960,22.283330
shape_38-1,6,-97.880520,22.283590
shape_38-1,7,-97.881660,22.282940
shape_38-1,8,-97.881900,22.282730
shape_38-1,9,-97.882560,22.282770
shape_38-1,10,-97.884340,22.285630
shape_38-1,11,-97.884720,22.286760
shape_38-1,12,-97.881690,22.287370
shape_38-1,13,-97.880790,22.287260
shape_38-1,14,-97.876370,22.292160
shape_38-1,15,-97.879920,22.294160
shape_38-1,16,-97.879830,22.294480
shape_38-1,17,-97.876490,22.296240
shape_38-1,18,-97.881790,22.304900
shape_38-1,19,-97.881750,22.306960
shape_38-1,20,-97.880290,22.311130
shape_38-1,21,-97.878250,22.317310
shape_38-1,22,-97.874640,22.317350
shape_38-1,23,-97.872970,22.317170
shape_38-1,24,-97.870270,22.317230
shape_38-1,25,-97.869770,22.316730
shape_38-1,26,-97.868360,22.316770
shape_38-1,27,-97.868550,22.314010
shape_38-1,28,-97.864750,22.314060
shape_38-1,29,-97.863840,22.308640
shape_38-1,30,-97.863780,22.308120
shape_38-1,31,-97.863870,22.307820
shape_38-1,32,-97.863630,22.306010
shape_38-1,33,-97.863130,22.304930
shape_38-1,34,-97.860900,22.305740
shape_38-1,35,-97.860210,22.304010
shape_38-1,36,-97.857580,22.304950
shape_38-1,37,-97.857710,22.305140
shape_38-1,38,-97.855090,22.306160
shape_38-1,39,-97.852270,22.299360
shape_38-1,40,-97.854870,22.298420
shape_38-1,41,-97.850910,22.288820
shape_38-1,42,-97.850400,22.287140
shape_38-1,43,-97.846480,22.285900
shape_38-1,44,-97.847990,22.282010
shape_38-1,45,-97.840150,22.279440
shape_38-1,46,-97.841090,22.276870
shape_38-1,47,-97.834200,22.276960
shape_38-1,48,-97.834250,22.276660
shape_38-1,49,-97.835030,22.276660
shape_38-1,50,-97.834200,22.276960
shape_38-1,51,-97.833550,22.276960
shape_38-1,52,-97.833540,22.276660
shape_38-1,53,-97.834250,22.276660
shape_38-1,54,-97.833640,22.274690
shape_38-1,55,-97.824430,22.265230
shape_38-1,56,-97.825770,22.264140
shape_38-1,57,-97.822140,22.260540
shape_38-1,58,-97.825890,22.257330
shape_38-1,59,-97.822900,22.254150
shape_38-1,60,-97.823530,22.253620
shape_38-1,61,-97.824150,22.254210
shape_38-1,62,-97.823500,22.254770
shape_38-1,63,-97.823500,22.254770
shape_38-1,64,-97.824150,22.254210
shape_38-1,65,-97.823530,22.253620
shape_38-1,66,-97.822900,22.254150
shape_38-1,67,-97.825890,22.257330
shape_38-1,68,-97.822140,22.260540
shape_38-1,69,-97.825770,22.264140
shape_38-1,70,-97.824430,22.265230
shape_38-1,71,-97.833640,22.274690
shape_38-1,72,-97.834250,22.276660
shape_38-1,73,-97.833540,22.276660
shape_38-1,74,-97.833550,22.276960
shape_38-1,75,-97.834200,22.276960
shape_38-1,76,-97.835030,22.276660
shape_38-1,77,-97.834250,22.276660
shape_38-1,78,-97.834200,22.276960
shape_38-1,79,-97.841090,22.276870
shape_38-1,80,-97.840150,22.279440
shape_38-1,81,-97.847990,22.282010
shape_38-1,82,-97.846480,22.285900
shape_38-1,83,-97.850400,22.287140
shape_38-1,84,-97.850910,22.288820
shape_38-1,85,-97.854870,22.298420
shape_38-1,86,-97.852270,22.299360
shape_38-1,87,-97.855090,22.306160
shape_38-1,88,-97.857710,22.305140
shape_38-1,89,-97.857580,22.304950
shape_38-1,90,-97.860210,22.304010
shape_38-1,91,-97.860900,22.305740
shape_38-1,92,-97.863130,22.304930
shape_38-1,93,-97.863630,22.306010
shape_38-1,94,-97.863870,22.307820
shape_38-1,95,-97.863780,22.308120
shape_38-1,96,-97.863840,22.308640
shape_38-1,97,-97.864750,22.314060
shape_38-1,98,-97.868550,22.314010
shape_38-1,99,-97.868360,22.316770
shape_38-1,100,-97.869770,22.316730
shape_38-1,101,-97.870270,22.317230
shape_38-1,102,-97.872970,22.317170
shape_38-1,103,-97.873890,22.317620
shape_38-1,104,-97.874990,22.317820
shape_38-1,105,-97.876360,22.317780
shape_38-1,106,-97.876490,22.319810
shape_38-1,107,-97.877540,22.319690
shape_38-1,108,-97.880290,22.311130
shape_38-1,109,-97.881750,22.306960
shape_38-1,110,-97.881790,22.304900
shape_38-1,111,-97.876490,22.296240
shape_38-1,112,-97.879830,22.294480
shape_38-1,113,-97.879920,22.294160
shape_38-1,114,-97.876370,22.292160
shape_38-1,115,-97.880790,22.287260
shape_38-1,116,-97.881690,22.287370
shape_38-1,117,-97.884720,22.286760
shape_38-1,118,-97.884340,22.285630
shape_38-1,119,-97.882560,22.282770
shape_38-1,120,-97.881900,22.282730
shape_38-1,121,-97.881660,22.282940
shape_38-1,122,-97.880520,22.283590
shape_38-1,123,-97.879960,22.283330
shape_38-1,124,-97.879650,22.283040
shape_38-1,125,-97.879940,22.282790
shape_38-1,126,-97.880000,22.282590
shape_38-1,127,-97.880680,22.280970
shape_10-1,0,-97.886820,22.313170
shape_10-1,1,-97.887220,22.311170
shape_10-1,2,-97.882190,22.311240
shape_10-1,3,-97.882040,22.308470
shape_10-1,4,-97.881060,22.308620
shape_10-1,5,-97.873830,22.309020
shape_10-1,6,-97.869000,22.308760
shape_10-1,7,-97.869060,22.307190
shape_10-1,8,-97.863750,22.307110
shape_10-1,9,-97.863160,22.307320
shape_10-1,10,-97.861560,22.303530
shape_10-1,11,-97.857630,22.304950
shape_10-1,12,-97.856280,22.301690
shape_10-1,13,-97.853680,22.302680
shape_10-1,14,-97.851660,22.297730
shape_10-1,15,-97.854240,22.296770
shape_10-1,16,-97.855160,22.299090
shape_10-1,17,-97.855550,22.299230
shape_10-1,18,-97.857330,22.298640
shape_10-1,19,-97.855180,22.293510
shape_10-1,20,-97.853690,22.294060
shape_10-1,21,-97.850790,22.287010
shape_10-1,22,-97.849370,22.283730
shape_10-1,23,-97.854240,22.283610
shape_10-1,24,-97.854220,22.283220
shape_10-1,25,-97.854020,22.282550
shape_10-1,26,-97.853860,22.281660
shape_10-1,27,-97.854040,22.280280
shape_10-1,28,-97.851660,22.280000
shape_10-1,29,-97.852070,22.278690
shape_10-1,30,-97.850350,22.278360
shape_10-1,31,-97.850550,22.277890
shape_10-1,32,-97.852010,22.273890
shape_10-1,33,-97.852260,22.272930
shape_10-1,34,-97.853400,22.270470
shape_10-1,35,-97.855500,22.271100
shape_10-1,36,-97.855700,22.271180
shape_10-1,37,-97.855840,22.270410
shape_10-1,38,-97.858490,22.271350
shape_10-1,39,-97.860310,22.271890
shape_10-1,40,-97.861340,22.271860
shape_10-1,41,-97.862480,22.271360
shape_10-1,42,-97.862990,22.270800
shape_10-1,43,-97.863220,22.270330
shape_10-1,44,-97.863630,22.269030
shape_10-1,45,-97.864010,22.268610
shape_10-1,46,-97.861920,22.267460
shape_10-1,47,-97.860150,22.267160
shape_10-1,48,-97.857480,22.266270
shape_10-1,49,-97.859180,22.261050
shape_10-1,50,-97.858110,22.260770
shape_10-1,51,-97.857160,22.260640
shape_10-1,52,-97.856110,22.260350
shape_10-1,53,-97.856830,22.258480
shape_10-1,54,-97.856890,22.258120
shape_10-1,55,-97.856940,22.257220
shape_10-1,56,-97.857780,22.255640
shape_10-1,57,-97.858290,22.252220
shape_10-1,58,-97.857580,22.246620
shape_10-1,59,-97.855250,22.245330
shape_10-1,60,-97.855460,22.243420
shape_10-1,61,-97.855230,22.242270
shape_10-1,62,-97.857730,22.240720
shape_10-1,63,-97.857970,22.240500
shape_10-1,64,-97.858230,22.240190
shape_10-1,65,-97.859090,22.236690
shape_10-1,66,-97.859020,22.236270
shape_10-1,67,-97.858720,22.235880
shape_10-1,68,-97.857130,22.234550
shape_10-1,69,-97.857090,22.234170
shape_10-1,70,-97.857180,22.233770
shape_10-1,71,-97.859150,22.231690
shape_10-1,72,-97.859540,22.231230
shape_10-1,73,-97.859770,22.230710
shape_10-1,74,-97.858760,22.226340
shape_10-1,75,-97.858570,22.225910
shape_10-1,76,-97.858230,22.225610
shape_10-1,77,-97.857780,22.225430
shape_10-1,78,-97.859450,22.221950
shape_10-1,79,-97.855850,22.220360
shape_10-1,80,-97.857440,22.217380
shape_10-1,81,-97.859240,22.214000
shape_10-1,82,-97.859240,22.214000
shape_10-1,83,-97.858380,22.213570
shape_10-1,84,-97.856900,22.216530
shape_10-1,85,-97.855400,22.219190
shape_10-1,86,-97.854040,22.221670
shape_10-1,87,-97.854840,22.221870
shape_10-1,88,-97.855570,22.221850
shape_10-1,89,-97.856290,22.222070
shape_10-1,90,-97.856680,22.222550
shape_10-1,91,-97.856810,22.223090
shape_10-1,92,-97.856230,22.224080
shape_10-1,93,-97.856100,22.224590
shape_10-1,94,-97.856230,22.225050
shape_10-1,95,-97.856660,22.225390
shape_10-1,96,-97.857260,22.225550
shape_10-1,97,-97.858010,22.225630
shape_10-1,98,-97.858470,22.225970
shape_10-1,99,-97.859620,22.230730
shape_10-1,100,-97.859470,22.231190
shape_10-1,101,-97.859150,22.231690
shape_10-1,102,-97.857180,22.233770
shape_10-1,103,-97.857050,22.234150
shape_10-1,104,-97.857130,22.234550
shape_10-1,105,-97.858640,22.236020
shape_10-1,106,-97.858830,22.236290
shape_10-1,107,-97.858920,22.236590
shape_10-1,108,-97.858230,22.240230
shape_10-1,109,-97.857970,22.240500
shape_10-1,110,-97.857710,22.240660
shape_10-1,111,-97.855140,22.242070
shape_10-1,112,-97.855050,22.242330
shape_10-1,113,-97.855330,22.243170
shape_10-1,114,-97.855250,22.245330
shape_10-1,115,-97.857580,22.246620
shape_10-1,116,-97.857930,22.249180
shape_10-1,117,-97.858290,22.252220
shape_10-1,118,-97.857780,22.255640
shape_10-1,119,-97.856940,22.257220
shape_10-1,120,-97.856890,22.258120
shape_10-1,121,-97.856830,22.258480
shape_10-1,122,-97.856110,22.260350
shape_10-1,123,-97.857160,22.260640
shape_10-1,124,-97.858110,22.260770
shape_10-1,125,-97.859180,22.261050
shape_10-1,126,-97.858360,22.263600
shape_10-1,127,-97.857480,22.266270
shape_10-1,128,-97.860150,22.267160
shape_10-1,129,-97.861920,22.267460
shape_10-1,130,-97.864010,22.268610
shape_10-1,131,-97.863630,22.269030
shape_10-1,132,-97.863220,22.270330
shape_10-1,133,-97.862990,22.270800
shape_10-1,134,-97.862480,22.271360
shape_10-1,135,-97.861340,22.271860
shape_10-1,136,-97.860310,22.271890
shape_10-1,137,-97.858490,22.271350
shape_10-1,138,-97.857330,22.270930
shape_10-1,139,-97.857030,22.271640
shape_10-1,140,-97.855700,22.271180
shape_10-1,141,-97.855500,22.271100
shape_10-1,142,-97.854420,22.273930
shape_10-1,143,-97.853850,22.273500
shape_10-1,144,-97.852440,22.273070
shape_10-1,145,-97.852010,22.273890
shape_10-1,146,-97.850550,22.277890
shape_10-1,147,-97.854680,22.278540
shape_10-1,148,-97.854040,22.280280
shape_10-1,149,-97.853860,22.281660
shape_10-1,150,-97.854020,22.282550
shape_10-1,151,-97.854220,22.283220
shape_10-1,152,-97.854240,22.283610
shape_10-1,153,-97.849370,22.283730
shape_10-1,154,-97.850790,22.287010
shape_10-1,155,-97.853690,22.294060
shape_10-1,156,-97.855180,22.293510
shape_10-1,157,-97.857330,22.298640
shape_10-1,158,-97.855550,22.299230
shape_10-1,159,-97.855160,22.299090
shape_10-1,160,-97.854240,22.296770
shape_10-1,161,-97.851660,22.297730
shape_10-1,162,-97.853680,22.302680
shape_10-1,163,-97.856280,22.301690
shape_10-1,164,-97.857630,22.304950
shape_10-1,165,-97.861560,22.303530
shape_10-1,166,-97.863160,22.307320
shape_10-1,167,-97.863750,22.307110
shape_10-1,168,-97.869060,22.307190
shape_10-1,169,-97.868850,22.310840
shape_10-1,170,-97.873720,22.310940
shape_10-1,171,-97.876550,22.310940
shape_10-1,172,-97.880350,22.310660
shape_10-1,173,-97.882150,22.310480
shape_10-1,174,-97.882190,22.311240
shape_10-1,175,-97.887220,22.311170
shape_26-1,0,-97.882670,22.323060
shape_26-1,1,-97.884440,22.323260
shape_26-1,2,-97.884360,22.319690
shape_26-1,3,-97.884340,22.319080
shape_26-1,4,-97.884250,22.317810
shape_26-1,5,-97.885570,22.317860
shape_26-1,6,-97.885720,22.317790
shape_26-1,7,-97.885840,22.316780
shape_26-1,8,-97.886070,22.316220
shape_26-1,9,-97.886710,22.314700
shape_26-1,10,-97.886940,22.313620
shape_26-1,11,-97.887160,22.311970
shape_26-1,12,-97.887350,22.311180
shape_26-1,13,-97.888220,22.306960
shape_26-1,14,-97.891120,22.306710
shape_26-1,15,-97.891380,22.305230
shape_26-1,16,-97.891900,22.304710
shape_26-1,17,-97.892610,22.305250
shape_26-1,18,-97.895510,22.301960
shape_26-1,19,-97.893320,22.300280
shape_26-1,20,-97.892870,22.300020
shape_26-1,21,-97.892090,22.300400
shape_26-1,22,-97.891830,22.300380
shape_26-1,23,-97.890820,22.301870
shape_26-1,24,-97.890530,22.302270
shape_26-1,25,-97.890410,22.302240
shape_26-1,26,-97.890290,22.302500
shape_26-1,27,-97.889210,22.302040
shape_26-1,28,-97.890320,22.300000
shape_26-1,29,-97.889730,22.299870
shape_26-1,30,-97.890220,22.298910
shape_26-1,31,-97.889750,22.298060
shape_26-1,32,-97.889050,22.298480
shape_26-1,33,-97.887800,22.299160
shape_26-1,34,-97.886120,22.301930
shape_26-1,35,-97.885420,22.303090
shape_26-1,36,-97.885330,22.303240
shape_26-1,37,-97.884090,22.302870
shape_26-1,38,-97.885050,22.301340
shape_26-1,39,-97.884940,22.301270
shape_26-1,40,-97.884040,22.301260
shape_26-1,41,-97.883980,22.300420
shape_26-1,42,-97.883970,22.300080
shape_26-1,43,-97.884770,22.298820
shape_26-1,44,-97.884920,22.298740
shape_26-1,45,-97.884660,22.298480
shape_26-1,46,-97.886910,22.296910
shape_26-1,47,-97.886340,22.296250
shape_26-1,48,-97.886120,22.295470
shape_26-1,49,-97.883180,22.295180
shape_26-1,50,-97.882050,22.295110
shape_26-1,51,-97.881120,22.294840
shape_26-1,52,-97.880540,22.294560
shape_26-1,53,-97.880170,22.294440
shape_26-1,54,-97.879750,22.294060
shape_26-1,55,-97.877760,22.292940
shape_26-1,56,-97.876390,22.292140
shape_26-1,57,-97.880850,22.287260
shape_26-1,58,-97.881210,22.287360
shape_26-1,59,-97.880740,22.287220
shape_26-1,60,-97.881030,22.285200
shape_26-1,61,-97.881230,22.285120
shape_26-1,62,-97.882540,22.284290
shape_26-1,63,-97.882860,22.283470
shape_26-1,64,-97.883010,22.283350
shape_26-1,65,-97.882610,22.282730
shape_26-1,66,-97.881480,22.282720
shape_26-1,67,-97.881550,22.280690
shape_26-1,68,-97.881550,22.280150
shape_26-1,69,-97.881960,22.278930
shape_26-1,70,-97.881500,22.278960
shape_26-1,71,-97.880800,22.278810
shape_26-1,72,-97.879430,22.277930
shape_26-1,73,-97.878330,22.276830
shape_26-1,74,-97.877840,22.276460
shape_26-1,75,-97.876360,22.276040
shape_26-1,76,-97.874050,22.275450
shape_26-1,77,-97.874390,22.274350
shape_26-1,78,-97.874680,22.273320
shape_26-1,79,-97.874760,22.272480
shape_26-1,80,-97.874030,22.270750
shape_26-1,81,-97.873760,22.269440
shape_26-1,82,-97.873840,22.267350
shape_26-1,83,-97.874470,22.265590
shape_26-1,84,-97.875190,22.263360
shape_26-1,85,-97.876190,22.259560
shape_26-1,86,-97.875610,22.259070
shape_26-1,87,-97.873920,22.257240
shape_26-1,88,-97.873550,22.256190
shape_26-1,89,-97.873530,22.255220
shape_26-1,90,-97.873090,22.253780
shape_26-1,91,-97.874140,22.253480
shape_26-1,92,-97.872670,22.249530
shape_26-1,93,-97.871420,22.247340
shape_26-1,94,-97.867230,22.249420
shape_26-1,95,-97.867650,22.247060
shape_26-1,96,-97.867100,22.245210
shape_26-1,97,-97.866990,22.244400
shape_26-1,98,-97.867020,22.243450
shape_26-1,99,-97.867040,22.242330
shape_26-1,100,-97.866900,22.241240
shape_26-1,101,-97.866410,22.237980
shape_26-1,102,-97.865960,22.236370
shape_26-1,103,-97.865640,22.235370
shape_26-1,104,-97.864790,22.235690
shape_26-1,105,-97.864410,22.235790
shape_26-1,106,-97.864100,22.236160
shape_26-1,107,-97.860300,22.236210
shape_26-1,108,-97.859050,22.236230
shape_26-1,109,-97.858910,22.236240
shape_26-1,110,-97.857270,22.234730
shape_26-1,111,-97.857120,22.234230
shape_26-1,112,-97.857240,22.233710
shape_26-1,113,-97.858140,22.232790
shape_26-1,114,-97.858780,22.232130
shape_26-1,115,-97.859290,22.231540
shape_26-1,116,-97.859650,22.230830
shape_26-1,117,-97.859700,22.230140
shape_26-1,118,-97.859480,22.229230
shape_26-1,119,-97.859110,22.228130
shape_26-1,120,-97.858810,22.226610
shape_26-1,121,-97.858510,22.225890
shape_26-1,122,-97.857860,22.225520
shape_26-1,123,-97.857720,22.225500
shape_26-1,124,-97.859440,22.221900
shape_26-1,125,-97.854160,22.219570
shape_26-1,126,-97.854990,22.218000
shape_26-1,127,-97.854990,22.218000
shape_26-1,128,-97.853290,22.217230
shape_26-1,129,-97.851450,22.220620
shape_26-1,130,-97.854240,22.221800
shape_26-1,131,-97.855810,22.221850
shape_26-1,132,-97.856660,22.222530
shape_26-1,133,-97.856760,22.223050
shape_26-1,134,-97.856160,22.224560
shape_26-1,135,-97.856760,22.225410
shape_26-1,136,-97.857720,22.225500
shape_26-1,137,-97.858670,22.223540
shape_26-1,138,-97.863000,22.225320
shape_26-1,139,-97.861410,22.228740
shape_26-1,140,-97.861340,22.229690
shape_26-1,141,-97.861040,22.230490
shape_26-1,142,-97.861080,22.232540
shape_26-1,143,-97.863250,22.232200
shape_26-1,144,-97.863520,22.233500
shape_26-1,145,-97.863400,22.234150
shape_26-1,146,-97.863640,22.241170
shape_26-1,147,-97.864620,22.241520
shape_26-1,148,-97.866210,22.241240
shape_26-1,149,-97.866480,22.246870
shape_26-1,150,-97.866320,22.248380
shape_26-1,151,-97.866010,22.249940
shape_26-1,152,-97.870510,22.247830
shape_26-1,153,-97.871740,22.249920
shape_26-1,154,-97.873090,22.253780
shape_26-1,155,-97.873530,22.255220
shape_26-1,156,-97.873550,22.256190
shape_26-1,157,-97.873920,22.257240
shape_26-1,158,-97.875610,22.259070
shape_26-1,159,-97.876190,22.259560
shape_26-1,160,-97.875190,22.263360
shape_26-1,161,-97.874470,22.265590
shape_26-1,162,-97.873840,22.267350
shape_26-1,163,-97.873760,22.269440
shape_26-1,164,-97.874030,22.270750
shape_26-1,165,-97.874760,22.272480
shape_26-1,166,-97.874680,22.273320
shape_26-1,167,-97.874390,22.274350
shape_26-1,168,-97.874050,22.275450
shape_26-1,169,-97.876360,22.276040
shape_26-1,170,-97.877840,22.276460
shape_26-1,171,-97.878330,22.276830
shape_26-1,172,-97.879430,22.277930
shape_26-1,173,-97.880800,22.278810
shape_26-1,174,-97.881500,22.278960
shape_26-1,175,-97.881960,22.278930
shape_26-1,176,-97.881550,22.280150
shape_26-1,177,-97.881550,22.280690
shape_26-1,178,-97.881480,22.282720
shape_26-1,179,-97.882610,22.282730
shape_26-1,180,-97.883010,22.283350
shape_26-1,181,-97.882860,22.283470
shape_26-1,182,-97.882540,22.284290
shape_26-1,183,-97.881230,22.285120
shape_26-1,184,-97.881030,22.285200
shape_26-1,185,-97.880740,22.287220
shape_26-1,186,-97.881210,22.287360
shape_26-1,187,-97.880850,22.287260
shape_26-1,188,-97.876390,22.292140
shape_26-1,189,-97.877760,22.292940
shape_26-1,190,-97.879750,22.294060
shape_26-1,191,-97.880170,22.294440
shape_26-1,192,-97.880540,22.294560
shape_26-1,193,-97.881120,22.294840
shape_26-1,194,-97.882050,22.295110
shape_26-1,195,-97.883180,22.295180
shape_26-1,196,-97.886120,22.295470
shape_26-1,197,-97.886340,22.296250
shape_26-1,198,-97.886910,22.296910
shape_26-1,199,-97.884660,22.298480
shape_26-1,200,-97.884920,22.298740
shape_26-1,201,-97.884770,22.298820
shape_26-1,202,-97.883970,22.300080
shape_26-1,203,-97.883980,22.300420
shape_26-1,204,-97.884040,22.301260
shape_26-1,205,-97.884940,22.301270
shape_26-1,206,-97.885050,22.301340
shape_26-1,207,-97.884090,22.302870
shape_26-1,208,-97.885330,22.303240
shape_26-1,209,-97.885420,22.303090
shape_26-1,210,-97.886120,22.301930
shape_26-1,211,-97.887800,22.299160
shape_26-1,212,-97.889050,22.298480
shape_26-1,213,-97.889750,22.298060
shape_26-1,214,-97.890220,22.298910
shape_26-1,215,-97.889730,22.299870
shape_26-1,216,-97.890320,22.300000
shape_26-1,217,-97.889210,22.302040
shape_26-1,218,-97.890290,22.302500
shape_26-1,219,-97.890410,22.302240
shape_26-1,220,-97.890530,22.302270
shape_26-1,221,-97.890820,22.301870
shape_26-1,222,-97.891830,22.300380
shape_26-1,223,-97.892090,22.300400
shape_26-1,224,-97.892870,22.300020
shape_26-1,225,-97.893320,22.300280
shape_26-1,226,-97.895510,22.301960
shape_26-1,227,-97.892610,22.305250
shape_26-1,228,-97.891900,22.304710
shape_26-1,229,-97.891380,22.305230
shape_26-1,230,-97.891120,22.306710
shape_26-1,231,-97.888220,22.306960
shape_26-1,232,-97.887350,22.311180
shape_26-1,233,-97.887160,22.311970
shape_26-1,234,-97.886940,22.313620
shape_26-1,235,-97.886710,22.314700
shape_26-1,236,-97.886070,22.316220
shape_26-1,237,-97.885840,22.316780
shape_26-1,238,-97.885500,22.317330
shape_26-1,239,-97.884790,22.317350
shape_26-1,240,-97.883370,22.317350
shape_26-1,241,-97.882480,22.317370
shape_26-1,242,-97.882490,22.317880
shape_26-1,243,-97.882690,22.323070
shape_51-1,0,-97.857310,22.335030
shape_51-1,1,-97.863840,22.332760
shape_51-1,2,-97.867680,22.342040
shape_51-1,3,-97.868650,22.341670
shape_51-1,4,-97.864430,22.331570
shape_51-1,5,-97.868150,22.330250
shape_51-1,6,-97.868590,22.331280
shape_51-1,7,-97.873240,22.329640
shape_51-1,8,-97.872560,22.327400
shape_51-1,9,-97.872160,22.326460
shape_51-1,10,-97.870700,22.324480
shape_51-1,11,-97.870070,22.323670
shape_51-1,12,-97.869560,22.321570
shape_51-1,13,-97.868450,22.317020
shape_51-1,14,-97.869060,22.307190
shape_51-1,15,-97.863760,22.307100
shape_51-1,16,-97.863150,22.307340
shape_51-1,17,-97.862660,22.306250
shape_51-1,18,-97.861560,22.303540
shape_51-1,19,-97.857610,22.304970
shape_51-1,20,-97.854400,22.297160
shape_51-1,21,-97.852460,22.292520
shape_51-1,22,-97.849840,22.285780
shape_51-1,23,-97.845310,22.274710
shape_51-1,24,-97.845680,22.274310
shape_51-1,25,-97.853040,22.255100
shape_51-1,26,-97.854260,22.251570
shape_51-1,27,-97.854920,22.250590
shape_51-1,28,-97.854620,22.247970
shape_51-1,29,-97.855200,22.247000
shape_51-1,30,-97.855370,22.243270
shape_51-1,31,-97.855120,22.242250
shape_51-1,32,-97.854020,22.240780
shape_51-1,33,-97.853230,22.238780
shape_51-1,34,-97.852610,22.238040
shape_51-1,35,-97.849820,22.237090
shape_51-1,36,-97.848790,22.234920
shape_51-1,37,-97.847800,22.232500
shape_51-1,38,-97.846660,22.230730
shape_51-1,39,-97.846790,22.229280
shape_51-1,40,-97.856040,22.212060
shape_51-1,41,-97.857770,22.212700
shape_51-1,42,-97.857990,22.212180
shape_51-1,43,-97.857990,22.212180
shape_51-1,44,-97.857770,22.212700
shape_51-1,45,-97.856940,22.212420
shape_51-1,46,-97.856720,22.212830
shape_51-1,47,-97.855820,22.212440
shape_51-1,48,-97.854900,22.212330
shape_51-1,49,-97.852410,22.216800
shape_51-1,50,-97.853300,22.217230
shape_51-1,51,-97.846790,22.229280
shape_51-1,52,-97.846660,22.230730
shape_51-1,53,-97.847760,22.232340
shape_51-1,54,-97.848190,22.233290
shape_51-1,55,-97.848790,22.234920
shape_51-1,56,-97.849820,22.237090
shape_51-1,57,-97.852610,22.238040
shape_51-1,58,-97.853230,22.238780
shape_51-1,59,-97.854020,22.240780
shape_51-1,60,-97.855120,22.242250
shape_51-1,61,-97.855370,22.243270
shape_51-1,62,-97.855200,22.247000
shape_51-1,63,-97.854620,22.247970
shape_51-1,64,-97.854920,22.250590
shape_51-1,65,-97.854260,22.251570
shape_51-1,66,-97.853040,22.255100
shape_51-1,67,-97.845680,22.274310
shape_51-1,68,-97.845630,22.274500
shape_51-1,69,-97.849840,22.285780
shape_51-1,70,-97.852950,22.292190
shape_51-1,71,-97.852560,22.292630
shape_51-1,72,-97.854400,22.297160
shape_51-1,73,-97.857610,22.304970
shape_51-1,74,-97.861560,22.303540
shape_51-1,75,-97.862660,22.306250
shape_51-1,76,-97.863150,22.307340
shape_51-1,77,-97.863760,22.307100
shape_51-1,78,-97.869060,22.307190
shape_51-1,79,-97.868450,22.317020
shape_51-1,80,-97.869560,22.321570
shape_51-1,81,-97.870070,22.323670
shape_51-1,82,-97.870700,22.324480
shape_51-1,83,-97.872160,22.326460
shape_51-1,84,-97.872560,22.327400
shape_51-1,85,-97.873240,22.329640
shape_51-1,86,-97.868590,22.331280
shape_51-1,87,-97.868150,22.330250
shape_51-1,88,-97.864430,22.331570
shape_51-1,89,-97.868650,22.341670
shape_51-1,90,-97.867680,22.342040
shape_51-1,91,-97.863870,22.332810
shape_51-1,92,-97.857370,22.335130
shape_42-1,0,-97.889420,22.313870
shape_42-1,1,-97.889600,22.313310
shape_42-1,2,-97.889860,22.311870
shape_42-1,3,-97.882140,22.312070
shape_42-1,4,-97.882070,22.308430
shape_42-1,5,-97.880620,22.308620
shape_42-1,6,-97.876490,22.308840
shape_42-1,7,-97.873810,22.308990
shape_42-1,8,-97.868990,22.308750
shape_42-1,9,-97.869040,22.307190
shape_42-1,10,-97.863780,22.307100
shape_42-1,11,-97.863150,22.307340
shape_42-1,12,-97.861530,22.303550
shape_42-1,13,-97.857610,22.304960
shape_42-1,14,-97.856180,22.301720
shape_42-1,15,-97.853680,22.302650
shape_42-1,16,-97.851670,22.297720
shape_42-1,17,-97.854240,22.296780
shape_42-1,18,-97.855250,22.299340
shape_42-1,19,-97.857350,22.298650
shape_42-1,20,-97.855170,22.293500
shape_42-1,21,-97.853680,22.294110
shape_42-1,22,-97.852940,22.292230
shape_42-1,23,-97.853980,22.287140
shape_42-1,24,-97.854220,22.285680
shape_42-1,25,-97.854200,22.283590
shape_42-1,26,-97.853970,22.282480
shape_42-1,27,-97.854040,22.280270
shape_42-1,28,-97.854830,22.278150
shape_42-1,29,-97.854660,22.278540
shape_42-1,30,-97.850420,22.277890
shape_42-1,31,-97.852010,22.273860
shape_42-1,32,-97.852060,22.272970
shape_42-1,33,-97.853160,22.270340
shape_42-1,34,-97.855640,22.271160
shape_42-1,35,-97.858760,22.262520
shape_42-1,36,-97.859170,22.261070
shape_42-1,37,-97.858130,22.260770
shape_42-1,38,-97.857020,22.260610
shape_42-1,39,-97.856100,22.260310
shape_42-1,40,-97.856670,22.258950
shape_42-1,41,-97.856880,22.258220
shape_42-1,42,-97.856920,22.257220
shape_42-1,43,-97.857750,22.255660
shape_42-1,44,-97.858080,22.255260
shape_42-1,45,-97.858210,22.252130
shape_42-1,46,-97.857520,22.246500
shape_42-1,47,-97.855160,22.245310
shape_42-1,48,-97.855350,22.243400
shape_42-1,49,-97.854950,22.242050
shape_42-1,50,-97.858060,22.240370
shape_42-1,51,-97.858960,22.236590
shape_42-1,52,-97.857460,22.234900
shape_42-1,53,-97.856920,22.233890
shape_42-1,54,-97.859470,22.231130
shape_42-1,55,-97.859670,22.230020
shape_42-1,56,-97.858550,22.225850
shape_42-1,57,-97.857580,22.225510
shape_42-1,58,-97.859420,22.221900
shape_42-1,59,-97.855850,22.220310
shape_42-1,60,-97.859190,22.214040
shape_42-1,61,-97.858320,22.213570
shape_42-1,62,-97.854030,22.221700
shape_42-1,63,-97.854450,22.221800
shape_42-1,64,-97.855720,22.221850
shape_42-1,65,-97.856450,22.222240
shape_42-1,66,-97.856710,22.222770
shape_42-1,67,-97.856080,22.224260
shape_42-1,68,-97.856260,22.224830
shape_42-1,69,-97.856680,22.225450
shape_42-1,70,-97.857580,22.225510
shape_42-1,71,-97.857580,22.225510
shape_42-1,72,-97.856680,22.225450
shape_42-1,73,-97.856260,22.224830
shape_42-1,74,-97.856080,22.224260
shape_42-1,75,-97.856710,22.222770
shape_42-1,76,-97.856450,22.222240
shape_42-1,77,-97.855720,22.221850
shape_42-1,78,-97.854450,22.221800
shape_42-1,79,-97.854030,22.221700
shape_42-1,80,-97.858320,22.213570
shape_42-1,81,-97.859190,22.214040
shape_42-1,82,-97.855850,22.220310
shape_42-1,83,-97.859420,22.221900
shape_42-1,84,-97.857580,22.225510
shape_42-1,85,-97.858550,22.225850
shape_42-1,86,-97.859670,22.230020
shape_42-1,87,-97.859470,22.231130
shape_42-1,88,-97.856920,22.233890
shape_42-1,89,-97.857460,22.234900
shape_42-1,90,-97.858960,22.236590
shape_42-1,91,-97.858060,22.240370
shape_42-1,92,-97.854950,22.242050
shape_42-1,93,-97.855350,22.243400
shape_42-1,94,-97.855160,22.245310
shape_42-1,95,-97.857520,22.246500
shape_42-1,96,-97.858210,22.252130
shape_42-1,97,-97.858080,22.255260
shape_42-1,98,-97.857750,22.255660
shape_42-1,99,-97.856920,22.257220
shape_42-1,100,-97.856880,22.258220
shape_42-1,101,-97.856670,22.258950
shape_42-1,102,-97.856100,22.260310
shape_42-1,103,-97.857020,22.260610
shape_42-1,104,-97.858130,22.260770
shape_42-1,105,-97.859170,22.261070
shape_42-1,106,-97.858760,22.262520
shape_42-1,107,-97.855640,22.271160
shape_42-1,108,-97.853160,22.270340
shape_42-1,109,-97.852060,22.272970
shape_42-1,110,-97.852010,22.273860
shape_42-1,111,-97.850420,22.277890
shape_42-1,112,-97.854660,22.278540
shape_42-1,113,-97.854830,22.278150
shape_42-1,114,-97.854040,22.280270
shape_42-1,115,-97.853970,22.282480
shape_42-1,116,-97.854200,22.283590
shape_42-1,117,-97.854220,22.285680
shape_42-1,118,-97.853980,22.287140
shape_42-1,119,-97.852940,22.292230
shape_42-1,120,-97.853680,22.294110
shape_42-1,121,-97.855170,22.293500
shape_42-1,122,-97.857350,22.298650
shape_42-1,123,-97.855250,22.299340
shape_42-1,124,-97.854240,22.296780
shape_42-1,125,-97.851670,22.297720
shape_42-1,126,-97.853680,22.302650
shape_42-1,127,-97.856180,22.301720
shape_42-1,128,-97.857610,22.304960
shape_42-1,129,-97.861530,22.303550
shape_42-1,130,-97.863150,22.307340
shape_42-1,131,-97.863780,22.307100
shape_42-1,132,-97.869040,22.307190
shape_42-1,133,-97.868870,22.310820
shape_42-1,134,-97.873660,22.310880
shape_42-1,135,-97.875930,22.310920
shape_42-1,136,-97.878180,22.310820
shape_42-1,137,-97.880500,22.310620
shape_42-1,138,-97.882220,22.310520
shape_42-1,139,-97.882140,22.312070
shape_42-1,140,-97.889860,22.311870
shape_42-1,141,-97.889600,22.313310
shape_115-1,0,-97.933750,22.393470
shape_115-1,1,-97.933410,22.395250
shape_115-1,2,-97.931900,22.393920
shape_115-1,3,-97.929790,22.391880
shape_115-1,4,-97.928490,22.391440
shape_115-1,5,-97.924370,22.390590
shape_115-1,6,-97.923550,22.390410
shape_115-1,7,-97.922600,22.389860
shape_115-1,8,-97.921980,22.388830
shape_115-1,9,-97.921060,22.387790
shape_115-1,10,-97.919870,22.387030
shape_115-1,11,-97.918950,22.386710
shape_115-1,12,-97.915380,22.383220
shape_115-1,13,-97.915220,22.383330
shape_115-1,14,-97.915220,22.383480
shape_115-1,15,-97.914710,22.383690
shape_115-1,16,-97.914260,22.384590
shape_115-1,17,-97.913300,22.386500
shape_115-1,18,-97.912470,22.387230
shape_115-1,19,-97.914160,22.389130
shape_115-1,20,-97.914480,22.390060
shape_115-1,21,-97.914500,22.390690
shape_115-1,22,-97.914180,22.392890
shape_115-1,23,-97.911510,22.392200
shape_115-1,24,-97.911020,22.395450
shape_115-1,25,-97.912240,22.395650
shape_115-1,26,-97.911800,22.398790
shape_115-1,27,-97.910060,22.398530
shape_115-1,28,-97.910570,22.395350
shape_115-1,29,-97.910750,22.394200
shape_115-1,30,-97.910530,22.393370
shape_115-1,31,-97.909690,22.392250
shape_115-1,32,-97.911770,22.390520
shape_115-1,33,-97.910510,22.389270
shape_115-1,34,-97.909900,22.389400
shape_115-1,35,-97.906690,22.392100
shape_115-1,36,-97.902720,22.395410
shape_115-1,37,-97.901640,22.396340
shape_115-1,38,-97.900980,22.396760
shape_115-1,39,-97.900070,22.396980
shape_115-1,40,-97.898780,22.396890
shape_115-1,41,-97.893480,22.395520
shape_115-1,42,-97.888050,22.395630
shape_115-1,43,-97.883890,22.395910
shape_115-1,44,-97.884410,22.392120
shape_115-1,45,-97.884880,22.391130
shape_115-1,46,-97.885070,22.389940
shape_115-1,47,-97.884170,22.386890
shape_115-1,48,-97.884730,22.383410
shape_115-1,49,-97.884020,22.382980
shape_115-1,50,-97.884920,22.375640
shape_115-1,51,-97.884540,22.375200
shape_115-1,52,-97.872730,22.373590
shape_115-1,53,-97.873250,22.372100
shape_115-1,54,-97.873570,22.371250
shape_115-1,55,-97.874600,22.370460
shape_115-1,56,-97.875570,22.371150
shape_115-1,57,-97.876600,22.372540
shape_115-1,58,-97.878550,22.372780
shape_115-1,59,-97.879840,22.373920
shape_115-1,60,-97.882220,22.371760
shape_115-1,61,-97.882780,22.371170
shape_115-1,62,-97.883980,22.370170
shape_115-1,63,-97.885090,22.371340
shape_115-1,64,-97.885470,22.371530
shape_115-1,65,-97.885690,22.371230
shape_115-1,66,-97.885970,22.368190
shape_115-1,67,-97.886400,22.367710
shape_115-1,68,-97.886980,22.367360
shape_115-1,69,-97.887760,22.361790
shape_115-1,70,-97.882730,22.361190
shape_115-1,71,-97.882500,22.363250
shape_115-1,72,-97.883280,22.364740
shape_115-1,73,-97.883120,22.364850
shape_115-1,74,-97.883460,22.365390
shape_115-1,75,-97.881950,22.366280
shape_115-1,76,-97.882800,22.367470
shape_115-1,77,-97.880040,22.369170
shape_115-1,78,-97.879420,22.369530
shape_115-1,79,-97.878070,22.368100
shape_115-1,80,-97.875630,22.369830
shape_115-1,81,-97.875380,22.369550
shape_115-1,82,-97.873900,22.370600
shape_115-1,83,-97.872910,22.369430
shape_115-1,84,-97.875770,22.367430
shape_115-1,85,-97.873730,22.364920
shape_115-1,86,-97.874780,22.364160
shape_115-1,87,-97.878260,22.367720
shape_115-1,88,-97.878260,22.367720
shape_115-1,89,-97.874780,22.364160
shape_115-1,90,-97.873730,22.364920
shape_115-1,91,-97.875770,22.367430
shape_115-1,92,-97.872910,22.369430
shape_115-1,93,-97.873900,22.370600
shape_115-1,94,-97.875380,22.369550
shape_115-1,95,-97.875630,22.369830
shape_115-1,96,-97.878070,22.368100
shape_115-1,97,-97.879420,22.369530
shape_115-1,98,-97.880040,22.369170
shape_115-1,99,-97.882800,22.367470
shape_115-1,100,-97.881950,22.366280
shape_115-1,101,-97.883460,22.365390
shape_115-1,102,-97.883120,22.364850
shape_115-1,103,-97.883280,22.364740
shape_115-1,104,-97.882500,22.363250
shape_115-1,105,-97.882730,22.361190
shape_115-1,106,-97.887760,22.361790
shape_115-1,107,-97.886980,22.367360
shape_115-1,108,-97.886400,22.367710
shape_115-1,109,-97.885970,22.368190
shape_115-1,110,-97.885690,22.371230
shape_115-1,111,-97.885470,22.371530
shape_115-1,112,-97.885090,22.371340
shape_115-1,113,-97.883980,22.370170
shape_115-1,114,-97.882780,22.371170
shape_115-1,115,-97.882220,22.371760
shape_115-1,116,-97.879840,22.373920
shape_115-1,117,-97.878550,22.372780
shape_115-1,118,-97.876600,22.372540
shape_115-1,119,-97.875570,22.371150
shape_115-1,120,-97.874600,22.370460
shape_115-1,121,-97.873570,22.371250
shape_115-1,122,-97.873250,22.372100
shape_115-1,123,-97.872730,22.373590
shape_115-1,124,-97.884540,22.375200
shape_115-1,125,-97.884920,22.375640
shape_115-1,126,-97.884020,22.382980
shape_115-1,127,-97.884730,22.383410
shape_115-1,128,-97.884170,22.386890
shape_115-1,129,-97.885070,22.389940
shape_115-1,130,-97.884880,22.391130
shape_115-1,131,-97.884410,22.392120
shape_115-1,132,-97.883890,22.395910
shape_115-1,133,-97.888050,22.395630
shape_115-1,134,-97.893480,22.395520
shape_115-1,135,-97.898780,22.396890
shape_115-1,136,-97.900070,22.396980
shape_115-1,137,-97.900980,22.396760
shape_115-1,138,-97.901640,22.396340
shape_115-1,139,-97.902720,22.395410
shape_115-1,140,-97.906690,22.392100
shape_115-1,141,-97.909900,22.389400
shape_115-1,142,-97.910510,22.389270
shape_115-1,143,-97.911770,22.390520
shape_115-1,144,-97.909690,22.392250
shape_115-1,145,-97.910530,22.393370
shape_115-1,146,-97.910750,22.394200
shape_115-1,147,-97.910570,22.395350
shape_115-1,148,-97.910060,22.398530
shape_115-1,149,-97.911800,22.398790
shape_115-1,150,-97.912240,22.395650
shape_115-1,151,-97.911020,22.395450
shape_115-1,152,-97.911510,22.392200
shape_115-1,153,-97.914180,22.392890
shape_115-1,154,-97.914500,22.390690
shape_115-1,155,-97.914480,22.390060
shape_115-1,156,-97.914160,22.389130
shape_115-1,157,-97.912470,22.387230
shape_115-1,158,-97.913300,22.386500
shape_115-1,159,-97.914260,22.384590
shape_115-1,160,-97.914710,22.383690
shape_115-1,161,-97.915220,22.383480
shape_115-1,162,-97.915220,22.383330
shape_115-1,163,-97.915380,22.383220
shape_115-1,164,-97.918950,22.386710
shape_115-1,165,-97.919870,22.387030
shape_115-1,166,-97.921060,22.387790
shape_115-1,167,-97.921980,22.388830
shape_115-1,168,-97.922600,22.389860
shape_115-1,169,-97.923550,22.390410
shape_115-1,170,-97.924370,22.390590
shape_115-1,171,-97.928490,22.391440
shape_115-1,172,-97.929790,22.391880
shape_115-1,173,-97.931900,22.393920
shape_115-1,174,-97.933310,22.395250
shape_115-1,175,-97.934280,22.395570
shape_115-1,176,-97.934640,22.393640
shape_115-1,177,-97.933760,22.393480
shape_45-1,0,-97.837830,22.291670
shape_45-1,1,-97.838290,22.293030
shape_45-1,2,-97.840260,22.292460
shape_45-1,3,-97.841050,22.294690
shape_45-1,4,-97.841020,22.294800
shape_45-1,5,-97.841180,22.295220
shape_45-1,6,-97.843230,22.294650
shape_45-1,7,-97.843230,22.294990
shape_45-1,8,-97.844730,22.294870
shape_45-1,9,-97.844470,22.292070
shape_45-1,10,-97.852050,22.291460
shape_45-1,11,-97.853170,22.294270
shape_45-1,12,-97.855190,22.293540
shape_45-1,13,-97.857520,22.299090
shape_45-1,14,-97.855420,22.299840
shape_45-1,15,-97.854200,22.296790
shape_45-1,16,-97.851660,22.297750
shape_45-1,17,-97.855110,22.306110
shape_45-1,18,-97.857700,22.305100
shape_45-1,19,-97.857670,22.304900
shape_45-1,20,-97.861560,22.303580
shape_45-1,21,-97.863160,22.307330
shape_45-1,22,-97.863780,22.307100
shape_45-1,23,-97.869060,22.307210
shape_45-1,24,-97.868920,22.310700
shape_45-1,25,-97.875180,22.310990
shape_45-1,26,-97.880430,22.310590
shape_45-1,27,-97.881450,22.307480
shape_45-1,28,-97.881730,22.305670
shape_45-1,29,-97.881570,22.304380
shape_45-1,30,-97.876490,22.296220
shape_45-1,31,-97.873270,22.291100
shape_45-1,32,-97.872990,22.289410
shape_45-1,33,-97.872990,22.287870
shape_45-1,34,-97.873940,22.285400
shape_45-1,35,-97.873740,22.283910
shape_45-1,36,-97.872880,22.282090
shape_45-1,37,-97.873510,22.276590
shape_45-1,38,-97.874730,22.272800
shape_45-1,39,-97.873680,22.269160
shape_45-1,40,-97.873810,22.266900
shape_45-1,41,-97.874880,22.264550
shape_45-1,42,-97.876040,22.259550
shape_45-1,43,-97.876640,22.257170
shape_45-1,44,-97.876280,22.253930
shape_45-1,45,-97.874110,22.248190
shape_45-1,46,-97.871900,22.244060
shape_45-1,47,-97.867580,22.234270
shape_45-1,48,-97.864370,22.225530
shape_45-1,49,-97.863420,22.223480
shape_45-1,50,-97.863270,22.221320
shape_45-1,51,-97.863230,22.220580
shape_45-1,52,-97.862710,22.219450
shape_45-1,53,-97.856660,22.216730
shape_45-1,54,-97.856660,22.216730
shape_45-1,55,-97.856290,22.217540
shape_45-1,56,-97.862330,22.220230
shape_45-1,57,-97.863230,22.220580
shape_45-1,58,-97.863270,22.221320
shape_45-1,59,-97.863420,22.223480
shape_45-1,60,-97.864370,22.225530
shape_45-1,61,-97.867580,22.234270
shape_45-1,62,-97.871900,22.244060
shape_45-1,63,-97.874110,22.248190
shape_45-1,64,-97.876280,22.253930
shape_45-1,65,-97.876640,22.257170
shape_45-1,66,-97.876040,22.259550
shape_45-1,67,-97.874880,22.264550
shape_45-1,68,-97.873810,22.266900
shape_45-1,69,-97.873680,22.269160
shape_45-1,70,-97.874730,22.272800
shape_45-1,71,-97.873510,22.276590
shape_45-1,72,-97.872880,22.282090
shape_45-1,73,-97.873740,22.283910
shape_45-1,74,-97.873940,22.285400
shape_45-1,75,-97.872990,22.287870
shape_45-1,76,-97.872990,22.289410
shape_45-1,77,-97.873270,22.291100
shape_45-1,78,-97.876490,22.296220
shape_45-1,79,-97.881570,22.304380
shape_45-1,80,-97.881730,22.305670
shape_45-1,81,-97.881450,22.307480
shape_45-1,82,-97.881060,22.308610
shape_45-1,83,-97.875090,22.308930
shape_45-1,84,-97.869020,22.308750
shape_45-1,85,-97.869060,22.307210
shape_45-1,86,-97.863780,22.307100
shape_45-1,87,-97.863160,22.307330
shape_45-1,88,-97.861560,22.303580
shape_45-1,89,-97.857670,22.304900
shape_45-1,90,-97.857700,22.305100
shape_45-1,91,-97.855110,22.306110
shape_45-1,92,-97.851660,22.297750
shape_45-1,93,-97.854200,22.296790
shape_45-1,94,-97.855420,22.299840
shape_45-1,95,-97.857520,22.299090
shape_45-1,96,-97.855190,22.293540
shape_45-1,97,-97.853170,22.294270
shape_45-1,98,-97.852580,22.292570
shape_45-1,99,-97.852930,22.292220
shape_45-1,100,-97.850830,22.287060
shape_45-1,101,-97.850480,22.287230
shape_45-1,102,-97.850990,22.288820
shape_45-1,103,-97.852050,22.291500
shape_45-1,104,-97.844470,22.292070
shape_45-1,105,-97.844730,22.294870
shape_45-1,106,-97.843230,22.294990
shape_45-1,107,-97.843230,22.294650
shape_45-1,108,-97.841180,22.295220
shape_45-1,109,-97.841020,22.294800
shape_45-1,110,-97.841050,22.294690
shape_45-1,111,-97.839840,22.291130
shape_45-1,112,-97.837830,22.291690
shape_45-1,113,-97.838290,22.293030
shape_23-1,0,-97.859120,22.323820
shape_23-1,1,-97.858400,22.322130
shape_23-1,2,-97.857950,22.322320
shape_23-1,3,-97.856680,22.322750
shape_23-1,4,-97.856330,22.321860
shape_23-1,5,-97.855880,22.321870
shape_23-1,6,-97.854480,22.317830
shape_23-1,7,-97.855410,22.317590
shape_23-1,8,-97.855370,22.317280
shape_23-1,9,-97.855030,22.316460
shape_23-1,10,-97.854910,22.315980
shape_23-1,11,-97.854280,22.314140
shape_23-1,12,-97.853010,22.310520
shape_23-1,13,-97.851660,22.307370
shape_23-1,14,-97.855100,22.306150
shape_23-1,15,-97.853670,22.302610
shape_23-1,16,-97.856290,22.301720
shape_23-1,17,-97.857640,22.304940
shape_23-1,18,-97.864190,22.302630
shape_23-1,19,-97.869090,22.303350
shape_23-1,20,-97.868920,22.310710
shape_23-1,21,-97.875120,22.310980
shape_23-1,22,-97.880530,22.310600
shape_23-1,23,-97.881850,22.306150
shape_23-1,24,-97.881780,22.304870
shape_23-1,25,-97.879540,22.300820
shape_23-1,26,-97.876670,22.296300
shape_23-1,27,-97.874100,22.292250
shape_23-1,28,-97.873410,22.291190
shape_23-1,29,-97.873160,22.290020
shape_23-1,30,-97.872720,22.289440
shape_23-1,31,-97.870520,22.288100
shape_23-1,32,-97.867630,22.286080
shape_23-1,33,-97.865300,22.284200
shape_23-1,34,-97.863100,22.281420
shape_23-1,35,-97.860770,22.279320
shape_23-1,36,-97.856330,22.275590
shape_23-1,37,-97.858060,22.271150
shape_23-1,38,-97.858900,22.269010
shape_23-1,39,-97.859490,22.266950
shape_23-1,40,-97.859930,22.265340
shape_23-1,41,-97.860560,22.263360
shape_23-1,42,-97.861290,22.262120
shape_23-1,43,-97.862140,22.260320
shape_23-1,44,-97.862850,22.259270
shape_23-1,45,-97.863450,22.258260
shape_23-1,46,-97.863950,22.257260
shape_23-1,47,-97.864400,22.256230
shape_23-1,48,-97.864730,22.255110
shape_23-1,49,-97.864740,22.254560
shape_23-1,50,-97.865630,22.253190
shape_23-1,51,-97.866850,22.250870
shape_23-1,52,-97.867240,22.249380
shape_23-1,53,-97.867580,22.247530
shape_23-1,54,-97.867660,22.247050
shape_23-1,55,-97.867120,22.245230
shape_23-1,56,-97.866990,22.244400
shape_23-1,57,-97.867070,22.242720
shape_23-1,58,-97.866300,22.237170
shape_23-1,59,-97.865050,22.233530
shape_23-1,60,-97.864130,22.230220
shape_23-1,61,-97.865000,22.233570
shape_23-1,62,-97.860970,22.233710
shape_23-1,63,-97.861140,22.231660
shape_23-1,64,-97.861470,22.228830
shape_23-1,65,-97.859060,22.227870
shape_23-1,66,-97.858470,22.225810
shape_23-1,67,-97.857240,22.225410
shape_23-1,68,-97.856580,22.225230
shape_23-1,69,-97.856160,22.224610
shape_23-1,70,-97.856640,22.223360
shape_23-1,71,-97.856660,22.222450
shape_23-1,72,-97.856130,22.221950
shape_23-1,73,-97.854720,22.221780
shape_23-1,74,-97.853240,22.221260
shape_23-1,75,-97.855410,22.217180
shape_23-1,76,-97.858020,22.218330
shape_23-1,77,-97.856130,22.221950
shape_23-1,78,-97.856130,22.221950
shape_23-1,79,-97.858020,22.218330
shape_23-1,80,-97.855410,22.217180
shape_23-1,81,-97.853240,22.221260
shape_23-1,82,-97.854720,22.221780
shape_23-1,83,-97.856130,22.221950
shape_23-1,84,-97.856660,22.222450
shape_23-1,85,-97.856640,22.223360
shape_23-1,86,-97.856160,22.224610
shape_23-1,87,-97.856580,22.225230
shape_23-1,88,-97.857240,22.225410
shape_23-1,89,-97.858470,22.225810
shape_23-1,90,-97.859060,22.227870
shape_23-1,91,-97.861470,22.228830
shape_23-1,92,-97.861050,22.230470
shape_23-1,93,-97.861140,22.231660
shape_23-1,94,-97.861070,22.232500
shape_23-1,95,-97.861900,22.232560
shape_23-1,96,-97.863130,22.232210
shape_23-1,97,-97.863470,22.233040
shape_23-1,98,-97.863610,22.233520
shape_23-1,99,-97.863430,22.233650
shape_23-1,100,-97.863630,22.240410
shape_23-1,101,-97.863580,22.241170
shape_23-1,102,-97.864190,22.241180
shape_23-1,103,-97.864500,22.241520
shape_23-1,104,-97.866230,22.241240
shape_23-1,105,-97.866430,22.244430
shape_23-1,106,-97.866500,22.246890
shape_23-1,107,-97.866490,22.247610
shape_23-1,108,-97.866010,22.249940
shape_23-1,109,-97.863310,22.250740
shape_23-1,110,-97.863300,22.252790
shape_23-1,111,-97.864800,22.253080
shape_23-1,112,-97.864740,22.254560
shape_23-1,113,-97.864730,22.255110
shape_23-1,114,-97.864400,22.256230
shape_23-1,115,-97.863950,22.257260
shape_23-1,116,-97.863450,22.258260
shape_23-1,117,-97.862850,22.259270
shape_23-1,118,-97.862140,22.260320
shape_23-1,119,-97.861290,22.262120
shape_23-1,120,-97.860560,22.263360
shape_23-1,121,-97.859930,22.265340
shape_23-1,122,-97.859490,22.266950
shape_23-1,123,-97.858900,22.269010
shape_23-1,124,-97.858060,22.271150
shape_23-1,125,-97.856330,22.275590
shape_23-1,126,-97.860770,22.279320
shape_23-1,127,-97.863100,22.281420
shape_23-1,128,-97.865300,22.284200
shape_23-1,129,-97.867630,22.286080
shape_23-1,130,-97.870520,22.288100
shape_23-1,131,-97.872720,22.289440
shape_23-1,132,-97.873160,22.290020
shape_23-1,133,-97.873410,22.291190
shape_23-1,134,-97.874100,22.292250
shape_23-1,135,-97.876670,22.296300
shape_23-1,136,-97.879540,22.300820
shape_23-1,137,-97.881780,22.304870
shape_23-1,138,-97.881850,22.306150
shape_23-1,139,-97.880530,22.310600
shape_23-1,140,-97.875120,22.310980
shape_23-1,141,-97.868920,22.310710
shape_23-1,142,-97.869090,22.303350
shape_23-1,143,-97.864190,22.302630
shape_23-1,144,-97.857640,22.304940
shape_23-1,145,-97.856290,22.301720
shape_23-1,146,-97.853670,22.302610
shape_23-1,147,-97.855100,22.306150
shape_23-1,148,-97.851660,22.307370
shape_23-1,149,-97.853010,22.310520
shape_23-1,150,-97.854280,22.314140
shape_23-1,151,-97.854910,22.315980
shape_23-1,152,-97.855030,22.316460
shape_23-1,153,-97.855370,22.317280
shape_23-1,154,-97.855410,22.317590
shape_23-1,155,-97.854480,22.317830
shape_23-1,156,-97.855880,22.321870
shape_23-1,157,-97.856330,22.321860
shape_23-1,158,-97.856680,22.322750
shape_23-1,159,-97.857950,22.322320
shape_23-1,160,-97.858400,22.322130
shape_5-1,0,-97.860340,22.324330
shape_5-1,1,-97.859940,22.323500
shape_5-1,2,-97.861940,22.322840
shape_5-1,3,-97.862370,22.323670
shape_5-1,4,-97.862350,22.323350
shape_5-1,5,-97.863180,22.323090
shape_5-1,6,-97.863940,22.325020
shape_5-1,7,-97.864680,22.326670
shape_5-1,8,-97.866710,22.331700
shape_5-1,9,-97.867090,22.332490
shape_5-1,10,-97.866980,22.332570
shape_5-1,11,-97.866360,22.330840
shape_5-1,12,-97.868590,22.330110
shape_5-1,13,-97.869000,22.331120
shape_5-1,14,-97.873200,22.329680
shape_5-1,15,-97.873700,22.331430
shape_5-1,16,-97.873820,22.331200
shape_5-1,17,-97.872630,22.327590
shape_5-1,18,-97.872180,22.326480
shape_5-1,19,-97.870090,22.323760
shape_5-1,20,-97.869540,22.321570
shape_5-1,21,-97.874410,22.321670
shape_5-1,22,-97.873440,22.317390
shape_5-1,23,-97.872410,22.317150
shape_5-1,24,-97.872910,22.308850
shape_5-1,25,-97.873870,22.309010
shape_5-1,26,-97.881120,22.308570
shape_5-1,27,-97.881770,22.305650
shape_5-1,28,-97.880890,22.303170
shape_5-1,29,-97.878400,22.299200
shape_5-1,30,-97.873360,22.291180
shape_5-1,31,-97.872990,22.288540
shape_5-1,32,-97.873760,22.285740
shape_5-1,33,-97.874020,22.284230
shape_5-1,34,-97.872970,22.281950
shape_5-1,35,-97.874040,22.275560
shape_5-1,36,-97.874770,22.272780
shape_5-1,37,-97.873680,22.269560
shape_5-1,38,-97.874060,22.266260
shape_5-1,39,-97.875050,22.264000
shape_5-1,40,-97.876210,22.259590
shape_5-1,41,-97.873960,22.257290
shape_5-1,42,-97.863940,22.257210
shape_5-1,43,-97.860500,22.263380
shape_5-1,44,-97.858760,22.262490
shape_5-1,45,-97.856770,22.262170
shape_5-1,46,-97.852670,22.260780
shape_5-1,47,-97.854150,22.256810
shape_5-1,48,-97.834310,22.246280
shape_5-1,49,-97.834760,22.245550
shape_5-1,50,-97.836280,22.246360
shape_5-1,51,-97.837030,22.246760
shape_5-1,52,-97.837590,22.246240
shape_5-1,53,-97.851710,22.254110
shape_5-1,54,-97.850110,22.254630
shape_5-1,55,-97.850110,22.254630
shape_5-1,56,-97.851710,22.254110
shape_5-1,57,-97.837590,22.246240
shape_5-1,58,-97.837030,22.246760
shape_5-1,59,-97.836280,22.246360
shape_5-1,60,-97.834760,22.245550
shape_5-1,61,-97.834310,22.246280
shape_5-1,62,-97.850140,22.254650
shape_5-1,63,-97.854860,22.257170
shape_5-1,64,-97.855720,22.257230
shape_5-1,65,-97.854160,22.261260
shape_5-1,66,-97.856770,22.262170
shape_5-1,67,-97.858760,22.262490
shape_5-1,68,-97.860500,22.263380
shape_5-1,69,-97.864750,22.255260
shape_5-1,70,-97.873460,22.255220
shape_5-1,71,-97.876400,22.255240
shape_5-1,72,-97.876660,22.257250
shape_5-1,73,-97.876210,22.259590
shape_5-1,74,-97.875050,22.264000
shape_5-1,75,-97.874060,22.266260
shape_5-1,76,-97.873680,22.269560
shape_5-1,77,-97.874770,22.272780
shape_5-1,78,-97.874040,22.275560
shape_5-1,79,-97.872970,22.281950
shape_5-1,80,-97.874020,22.284230
shape_5-1,81,-97.873760,22.285740
shape_5-1,82,-97.872990,22.288540
shape_5-1,83,-97.873360,22.291180
shape_5-1,84,-97.878400,22.299200
shape_5-1,85,-97.880890,22.303170
shape_5-1,86,-97.881770,22.305650
shape_5-1,87,-97.880330,22.310760
shape_5-1,88,-97.873850,22.310970
shape_5-1,89,-97.872760,22.310900
shape_5-1,90,-97.872410,22.317150
shape_5-1,91,-97.873440,22.317390
shape_5-1,92,-97.874410,22.321670
shape_5-1,93,-97.869540,22.321570
shape_5-1,94,-97.870090,22.323760
shape_5-1,95,-97.872180,22.326480
shape_5-1,96,-97.872630,22.327590
shape_5-1,97,-97.873820,22.331200
shape_5-1,98,-97.873700,22.331430
shape_5-1,99,-97.873200,22.329680
shape_5-1,100,-97.869000,22.331120
shape_5-1,101,-97.868590,22.330110
shape_5-1,102,-97.866360,22.330840
shape_5-1,103,-97.866980,22.332570
shape_5-1,104,-97.867090,22.332490
shape_5-1,105,-97.866710,22.331700
shape_5-1,106,-97.864680,22.326670
shape_5-1,107,-97.863940,22.325020
shape_5-1,108,-97.863180,22.323090
shape_5-1,109,-97.862350,22.323350
shape_5-1,110,-97.862370,22.323670
shape_5-1,111,-97.861940,22.322840
shape_5-1,112,-97.859940,22.323500
shape_113-1,0,-97.966590,22.447270
shape_113-1,1,-97.967680,22.440720
shape_113-1,2,-97.967640,22.440090
shape_113-1,3,-97.967400,22.439230
shape_113-1,4,-97.950780,22.427450
shape_113-1,5,-97.947260,22.424870
shape_113-1,6,-97.944140,22.421400
shape_113-1,7,-97.942990,22.419220
shape_113-1,8,-97.942150,22.417260
shape_113-1,9,-97.937210,22.405910
shape_113-1,10,-97.937410,22.403370
shape_113-1,11,-97.938010,22.397160
shape_113-1,12,-97.937790,22.396370
shape_113-1,13,-97.936930,22.396010
shape_113-1,14,-97.933240,22.395260
shape_113-1,15,-97.929680,22.391710
shape_113-1,16,-97.924430,22.390650
shape_113-1,17,-97.923370,22.390320
shape_113-1,18,-97.922620,22.389920
shape_113-1,19,-97.921920,22.388790
shape_113-1,20,-97.920710,22.387480
shape_113-1,21,-97.918740,22.386670
shape_113-1,22,-97.901830,22.369960
shape_113-1,23,-97.887150,22.354160
shape_113-1,24,-97.883290,22.351150
shape_113-1,25,-97.882610,22.350830
shape_113-1,26,-97.879130,22.348650
shape_113-1,27,-97.876510,22.345990
shape_113-1,28,-97.874470,22.339640
shape_113-1,29,-97.874570,22.339020
shape_113-1,30,-97.875010,22.338310
shape_113-1,31,-97.875930,22.337820
shape_113-1,32,-97.876240,22.337650
shape_113-1,33,-97.875060,22.337960
shape_113-1,34,-97.874170,22.338200
shape_113-1,35,-97.874120,22.339080
shape_113-1,36,-97.874300,22.339650
shape_113-1,37,-97.867690,22.342040
shape_113-1,38,-97.865600,22.336980
shape_113-1,39,-97.864170,22.333590
shape_113-1,40,-97.859970,22.323500
shape_113-1,41,-97.859120,22.323840
shape_113-1,42,-97.858400,22.322100
shape_113-1,43,-97.857940,22.322310
shape_113-1,44,-97.856630,22.322760
shape_113-1,45,-97.855610,22.322480
shape_113-1,46,-97.854200,22.323220
shape_113-1,47,-97.853940,22.322780
shape_113-1,48,-97.851750,22.323940
shape_113-1,49,-97.850790,22.324400
shape_113-1,50,-97.849080,22.325460
shape_113-1,51,-97.847090,22.326180
shape_113-1,52,-97.847870,22.328390
shape_113-1,53,-97.847870,22.328390
shape_113-1,54,-97.847090,22.326180
shape_113-1,55,-97.849080,22.325460
shape_113-1,56,-97.850790,22.324400
shape_113-1,57,-97.851750,22.323940
shape_113-1,58,-97.853940,22.322780
shape_113-1,59,-97.854200,22.323220
shape_113-1,60,-97.855610,22.322480
shape_113-1,61,-97.856630,22.322760
shape_113-1,62,-97.857940,22.322310
shape_113-1,63,-97.858400,22.322100
shape_113-1,64,-97.859120,22.323840
shape_113-1,65,-97.859970,22.323500
shape_113-1,66,-97.864170,22.333590
shape_113-1,67,-97.865600,22.336980
shape_113-1,68,-97.867690,22.342040
shape_113-1,69,-97.874350,22.339680
shape_113-1,70,-97.876510,22.345990
shape_113-1,71,-97.879130,22.348650
shape_113-1,72,-97.882610,22.350830
shape_113-1,73,-97.883290,22.351150
shape_113-1,74,-97.887150,22.354160
shape_113-1,75,-97.901830,22.369960
shape_113-1,76,-97.918740,22.386670
shape_113-1,77,-97.920710,22.387480
shape_113-1,78,-97.921920,22.388790
shape_113-1,79,-97.922620,22.389920
shape_113-1,80,-97.923370,22.390320
shape_113-1,81,-97.924430,22.390650
shape_113-1,82,-97.929680,22.391710
shape_113-1,83,-97.933240,22.395260
shape_113-1,84,-97.936930,22.396010
shape_113-1,85,-97.937790,22.396370
shape_113-1,86,-97.938010,22.397160
shape_113-1,87,-97.937410,22.403370
shape_113-1,88,-97.937210,22.405910
shape_113-1,89,-97.942150,22.417260
shape_113-1,90,-97.942990,22.419220
shape_113-1,91,-97.944140,22.421400
shape_113-1,92,-97.947260,22.424870
shape_113-1,93,-97.950780,22.427450
shape_113-1,94,-97.967400,22.439230
shape_113-1,95,-97.967640,22.440090
shape_113-1,96,-97.966680,22.447370
shape_4-1,0,-97.899820,22.324970
shape_4-1,1,-97.899820,22.325490
shape_4-1,2,-97.894300,22.324430
shape_4-1,3,-97.895120,22.321740
shape_4-1,4,-97.895740,22.319560
shape_4-1,5,-97.896220,22.318540
shape_4-1,6,-97.896220,22.318230
shape_4-1,7,-97.895900,22.318290
shape_4-1,8,-97.895370,22.317130
shape_4-1,9,-97.894900,22.317240
shape_4-1,10,-97.892750,22.316700
shape_4-1,11,-97.888700,22.315980
shape_4-1,12,-97.886600,22.317410
shape_4-1,13,-97.885590,22.317840
shape_4-1,14,-97.885670,22.317190
shape_4-1,15,-97.887380,22.311220
shape_4-1,16,-97.890870,22.311130
shape_4-1,17,-97.890200,22.312130
shape_4-1,18,-97.889870,22.311870
shape_4-1,19,-97.890000,22.311110
shape_4-1,20,-97.888700,22.311100
shape_4-1,21,-97.887380,22.311220
shape_4-1,22,-97.883870,22.311200
shape_4-1,23,-97.882110,22.311250
shape_4-1,24,-97.882220,22.312980
shape_4-1,25,-97.879620,22.313230
shape_4-1,26,-97.880880,22.309780
shape_4-1,27,-97.881810,22.306460
shape_4-1,28,-97.881770,22.304910
shape_4-1,29,-97.881200,22.303470
shape_4-1,30,-97.879780,22.301220
shape_4-1,31,-97.877390,22.297470
shape_4-1,32,-97.875960,22.295260
shape_4-1,33,-97.874430,22.292890
shape_4-1,34,-97.873370,22.291230
shape_4-1,35,-97.873130,22.289900
shape_4-1,36,-97.872980,22.288710
shape_4-1,37,-97.873130,22.287880
shape_4-1,38,-97.873620,22.286460
shape_4-1,39,-97.874070,22.285200
shape_4-1,40,-97.873890,22.283930
shape_4-1,41,-97.873070,22.282420
shape_4-1,42,-97.873160,22.279130
shape_4-1,43,-97.873540,22.276900
shape_4-1,44,-97.874750,22.272660
shape_4-1,45,-97.873760,22.269720
shape_4-1,46,-97.874020,22.266140
shape_4-1,47,-97.876300,22.259510
shape_4-1,48,-97.876620,22.255780
shape_4-1,49,-97.874620,22.249540
shape_4-1,50,-97.873190,22.246460
shape_4-1,51,-97.868570,22.248790
shape_4-1,52,-97.866320,22.249820
shape_4-1,53,-97.861210,22.251390
shape_4-1,54,-97.849970,22.254650
shape_4-1,55,-97.835850,22.247060
shape_4-1,56,-97.837200,22.244910
shape_4-1,57,-97.835650,22.244140
shape_4-1,58,-97.836790,22.242160
shape_4-1,59,-97.838320,22.243050
shape_4-1,60,-97.839750,22.240900
shape_4-1,61,-97.840560,22.241320
shape_4-1,62,-97.841290,22.240100
shape_4-1,63,-97.841570,22.239540
shape_4-1,64,-97.839850,22.238620
shape_4-1,65,-97.840750,22.237200
shape_4-1,66,-97.841950,22.234100
shape_4-1,67,-97.840250,22.233560
shape_4-1,68,-97.838980,22.233090
shape_4-1,69,-97.839900,22.233350
shape_4-1,70,-97.841140,22.230940
shape_4-1,71,-97.840190,22.230350
shape_4-1,72,-97.840340,22.230140
shape_4-1,73,-97.841540,22.227750
shape_4-1,74,-97.843190,22.224640
shape_4-1,75,-97.844840,22.221470
shape_4-1,76,-97.842260,22.220390
shape_4-1,77,-97.843930,22.217230
shape_4-1,78,-97.845150,22.217780
shape_4-1,79,-97.843810,22.221020
shape_4-1,80,-97.843810,22.221020
shape_4-1,81,-97.845150,22.217780
shape_4-1,82,-97.843930,22.217230
shape_4-1,83,-97.842260,22.220390
shape_4-1,84,-97.844840,22.221470
shape_4-1,85,-97.843190,22.224640
shape_4-1,86,-97.841540,22.227750
shape_4-1,87,-97.840340,22.230140
shape_4-1,88,-97.840190,22.230350
shape_4-1,89,-97.841140,22.230940
shape_4-1,90,-97.839900,22.233350
shape_4-1,91,-97.839860,22.233370
shape_4-1,92,-97.840250,22.233560
shape_4-1,93,-97.841050,22.233790
shape_4-1,94,-97.839760,22.237100
shape_4-1,95,-97.841410,22.237900
shape_4-1,96,-97.839610,22.240800
shape_4-1,97,-97.839750,22.240900
shape_4-1,98,-97.838320,22.243050
shape_4-1,99,-97.836790,22.242160
shape_4-1,100,-97.835650,22.244140
shape_4-1,101,-97.834940,22.243760
shape_4-1,102,-97.834430,22.244460
shape_4-1,103,-97.851680,22.254100
shape_4-1,104,-97.861210,22.251390
shape_4-1,105,-97.866320,22.249820
shape_4-1,106,-97.868570,22.248790
shape_4-1,107,-97.873190,22.246460
shape_4-1,108,-97.874620,22.249540
shape_4-1,109,-97.876620,22.255780
shape_4-1,110,-97.876300,22.259510
shape_4-1,111,-97.874020,22.266140
shape_4-1,112,-97.873760,22.269720
shape_4-1,113,-97.874750,22.272660
shape_4-1,114,-97.873540,22.276900
shape_4-1,115,-97.873160,22.279130
shape_4-1,116,-97.873070,22.282420
shape_4-1,117,-97.873890,22.283930
shape_4-1,118,-97.874070,22.285200
shape_4-1,119,-97.873620,22.286460
shape_4-1,120,-97.873130,22.287880
shape_4-1,121,-97.872980,22.288710
shape_4-1,122,-97.873130,22.289900
shape_4-1,123,-97.873370,22.291230
shape_4-1,124,-97.874430,22.292890
shape_4-1,125,-97.875960,22.295260
shape_4-1,126,-97.877390,22.297470
shape_4-1,127,-97.879780,22.301220
shape_4-1,128,-97.881200,22.303470
shape_4-1,129,-97.881770,22.304910
shape_4-1,130,-97.881810,22.306460
shape_4-1,131,-97.881020,22.308550
shape_4-1,132,-97.877990,22.308790
shape_4-1,133,-97.878080,22.310780
shape_4-1,134,-97.882180,22.310540
shape_4-1,135,-97.882110,22.311250
shape_4-1,136,-97.883870,22.311200
shape_4-1,137,-97.887380,22.311220
shape_4-1,138,-97.888700,22.311100
shape_4-1,139,-97.890000,22.311110
shape_4-1,140,-97.889870,22.311870
shape_4-1,141,-97.890200,22.312130
shape_4-1,142,-97.890870,22.311130
shape_4-1,143,-97.887380,22.311220
shape_4-1,144,-97.885670,22.317190
shape_4-1,145,-97.885590,22.317840
shape_4-1,146,-97.886600,22.317410
shape_4-1,147,-97.888700,22.315980
shape_4-1,148,-97.892750,22.316700
shape_4-1,149,-97.894900,22.317240
shape_4-1,150,-97.895370,22.317130
shape_4-1,151,-97.895900,22.318290
shape_4-1,152,-97.896220,22.318230
shape_4-1,153,-97.896220,22.318540
shape_4-1,154,-97.895740,22.319560
shape_4-1,155,-97.895120,22.321740
shape_4-1,156,-97.894300,22.324430
shape_4-1,157,-97.899820,22.325490
shape_19-1,0,-97.850310,22.348060
shape_19-1,1,-97.850490,22.348650
shape_19-1,2,-97.849290,22.348870
shape_19-1,3,-97.850310,22.353970
shape_19-1,4,-97.851370,22.353790
shape_19-1,5,-97.851590,22.354730
shape_19-1,6,-97.854890,22.354150
shape_19-1,7,-97.853690,22.348080
shape_19-1,8,-97.854750,22.347950
shape_19-1,9,-97.854670,22.347490
shape_19-1,10,-97.854770,22.347430
shape_19-1,11,-97.857830,22.346940
shape_19-1,12,-97.861800,22.346300
shape_19-1,13,-97.863580,22.345980
shape_19-1,14,-97.863760,22.345740
shape_19-1,15,-97.864490,22.342770
shape_19-1,16,-97.865320,22.342930
shape_19-1,17,-97.867670,22.342060
shape_19-1,18,-97.863460,22.331920
shape_19-1,19,-97.864470,22.331550
shape_19-1,20,-97.862760,22.327300
shape_19-1,21,-97.864640,22.326660
shape_19-1,22,-97.866380,22.330890
shape_19-1,23,-97.868140,22.330270
shape_19-1,24,-97.868610,22.331260
shape_19-1,25,-97.873360,22.329650
shape_19-1,26,-97.872650,22.327590
shape_19-1,27,-97.872470,22.327220
shape_19-1,28,-97.872100,22.326290
shape_19-1,29,-97.870150,22.323790
shape_19-1,30,-97.868460,22.316810
shape_19-1,31,-97.868940,22.310600
shape_19-1,32,-97.875120,22.310990
shape_19-1,33,-97.880610,22.310560
shape_19-1,34,-97.881940,22.305990
shape_19-1,35,-97.881700,22.304400
shape_19-1,36,-97.875760,22.294850
shape_19-1,37,-97.873290,22.290920
shape_19-1,38,-97.872930,22.288480
shape_19-1,39,-97.873940,22.285250
shape_19-1,40,-97.873660,22.283520
shape_19-1,41,-97.872930,22.281990
shape_19-1,42,-97.874000,22.275480
shape_19-1,43,-97.874750,22.272720
shape_19-1,44,-97.873830,22.269820
shape_19-1,45,-97.873740,22.267650
shape_19-1,46,-97.874770,22.264590
shape_19-1,47,-97.876250,22.259110
shape_19-1,48,-97.876700,22.256850
shape_19-1,49,-97.874560,22.249280
shape_19-1,50,-97.870460,22.240880
shape_19-1,51,-97.863500,22.223540
shape_19-1,52,-97.863300,22.221610
shape_19-1,53,-97.856660,22.218730
shape_19-1,54,-97.857160,22.217930
shape_19-1,55,-97.863180,22.220610
shape_19-1,56,-97.863300,22.221610
shape_19-1,57,-97.857160,22.217960
shape_19-1,58,-97.863180,22.220610
shape_19-1,59,-97.863280,22.221610
shape_19-1,60,-97.863500,22.223540
shape_19-1,61,-97.870460,22.240880
shape_19-1,62,-97.874560,22.249280
shape_19-1,63,-97.876700,22.256850
shape_19-1,64,-97.876250,22.259110
shape_19-1,65,-97.874770,22.264590
shape_19-1,66,-97.873740,22.267650
shape_19-1,67,-97.873830,22.269820
shape_19-1,68,-97.874750,22.272720
shape_19-1,69,-97.874000,22.275480
shape_19-1,70,-97.872930,22.281990
shape_19-1,71,-97.873660,22.283520
shape_19-1,72,-97.873940,22.285250
shape_19-1,73,-97.872930,22.288480
shape_19-1,74,-97.873290,22.290920
shape_19-1,75,-97.875760,22.294850
shape_19-1,76,-97.881700,22.304400
shape_19-1,77,-97.881940,22.305990
shape_19-1,78,-97.881270,22.308590
shape_19-1,79,-97.874940,22.308970
shape_19-1,80,-97.869130,22.308750
shape_19-1,81,-97.868460,22.316810
shape_19-1,82,-97.870150,22.323790
shape_19-1,83,-97.872100,22.326290
shape_19-1,84,-97.872470,22.327220
shape_19-1,85,-97.872650,22.327590
shape_19-1,86,-97.873360,22.329650
shape_19-1,87,-97.868610,22.331260
shape_19-1,88,-97.868140,22.330270
shape_19-1,89,-97.866380,22.330890
shape_19-1,90,-97.864640,22.326660
shape_19-1,91,-97.862760,22.327300
shape_19-1,92,-97.864470,22.331550
shape_19-1,93,-97.863460,22.331920
shape_19-1,94,-97.867670,22.342060
shape_19-1,95,-97.865320,22.342930
shape_19-1,96,-97.864490,22.342770
shape_19-1,97,-97.863760,22.345740
shape_19-1,98,-97.863580,22.345980
shape_19-1,99,-97.861800,22.346300
shape_19-1,100,-97.857830,22.346940
shape_19-1,101,-97.854770,22.347430
shape_19-1,102,-97.854670,22.347490
shape_19-1,103,-97.854750,22.347950
shape_19-1,104,-97.853690,22.348080
shape_19-1,105,-97.854890,22.354150
shape_19-1,106,-97.851590,22.354730
shape_19-1,107,-97.851370,22.353790
shape_19-1,108,-97.850310,22.353970
shape_19-1,109,-97.849290,22.348870
shape_19-1,110,-97.850490,22.348650
shape_16-1,0,-97.846700,22.329350
shape_16-1,1,-97.846560,22.328930
shape_16-1,2,-97.846760,22.328820
shape_16-1,3,-97.847000,22.328730
shape_16-1,4,-97.847270,22.328770
shape_16-1,5,-97.847410,22.328570
shape_16-1,6,-97.846620,22.326300
shape_16-1,7,-97.849150,22.325410
shape_16-1,8,-97.853780,22.322850
shape_16-1,9,-97.851350,22.317640
shape_16-1,10,-97.848040,22.318930
shape_16-1,11,-97.845490,22.318490
shape_16-1,12,-97.844960,22.318050
shape_16-1,13,-97.844250,22.316440
shape_16-1,14,-97.843500,22.314040
shape_16-1,15,-97.847120,22.311250
shape_16-1,16,-97.847470,22.311630
shape_16-1,17,-97.848470,22.310880
shape_16-1,18,-97.850850,22.313620
shape_16-1,19,-97.851110,22.313460
shape_16-1,20,-97.852470,22.317440
shape_16-1,21,-97.853100,22.318200
shape_16-1,22,-97.853300,22.318560
shape_16-1,23,-97.855070,22.321090
shape_16-1,24,-97.858960,22.320070
shape_16-1,25,-97.857290,22.315190
shape_16-1,26,-97.858580,22.314850
shape_16-1,27,-97.857340,22.311250
shape_16-1,28,-97.857090,22.311330
shape_16-1,29,-97.856430,22.309350
shape_16-1,30,-97.855050,22.306110
shape_16-1,31,-97.857690,22.305090
shape_16-1,32,-97.857630,22.304950
shape_16-1,33,-97.861580,22.303560
shape_16-1,34,-97.863200,22.307350
shape_16-1,35,-97.863780,22.307080
shape_16-1,36,-97.865940,22.307140
shape_16-1,37,-97.867830,22.307180
shape_16-1,38,-97.869050,22.307190
shape_16-1,39,-97.869030,22.308750
shape_16-1,40,-97.873910,22.309000
shape_16-1,41,-97.881110,22.308590
shape_16-1,42,-97.881760,22.306550
shape_16-1,43,-97.881840,22.305540
shape_16-1,44,-97.881540,22.304070
shape_16-1,45,-97.877950,22.298480
shape_16-1,46,-97.876080,22.295380
shape_16-1,47,-97.873420,22.291240
shape_16-1,48,-97.873000,22.289020
shape_16-1,49,-97.873060,22.288060
shape_16-1,50,-97.873620,22.286380
shape_16-1,51,-97.874050,22.285090
shape_16-1,52,-97.873920,22.284050
shape_16-1,53,-97.873140,22.282650
shape_16-1,54,-97.873020,22.280780
shape_16-1,55,-97.873350,22.277730
shape_16-1,56,-97.874230,22.274980
shape_16-1,57,-97.874830,22.272930
shape_16-1,58,-97.874150,22.270830
shape_16-1,59,-97.873780,22.269590
shape_16-1,60,-97.873850,22.267740
shape_16-1,61,-97.875780,22.260940
shape_16-1,62,-97.876640,22.257330
shape_16-1,63,-97.876190,22.253850
shape_16-1,64,-97.874110,22.248170
shape_16-1,65,-97.871100,22.242390
shape_16-1,66,-97.866680,22.231610
shape_16-1,67,-97.864410,22.225890
shape_16-1,68,-97.863650,22.223940
shape_16-1,69,-97.863250,22.222120
shape_16-1,70,-97.863270,22.220600
shape_16-1,71,-97.857960,22.218300
shape_16-1,72,-97.859240,22.215940
shape_16-1,73,-97.860090,22.216330
shape_16-1,74,-97.859280,22.217940
shape_16-1,75,-97.862670,22.219430
shape_16-1,76,-97.863270,22.220600
shape_16-1,77,-97.863270,22.220600
shape_16-1,78,-97.862670,22.219430
shape_16-1,79,-97.859280,22.217940
shape_16-1,80,-97.860090,22.216330
shape_16-1,81,-97.859240,22.215940
shape_16-1,82,-97.857960,22.218300
shape_16-1,83,-97.863270,22.220600
shape_16-1,84,-97.863250,22.222120
shape_16-1,85,-97.863650,22.223940
shape_16-1,86,-97.864410,22.225890
shape_16-1,87,-97.866680,22.231610
shape_16-1,88,-97.871100,22.242390
shape_16-1,89,-97.874110,22.248170
shape_16-1,90,-97.876190,22.253850
shape_16-1,91,-97.876640,22.257330
shape_16-1,92,-97.875780,22.260940
shape_16-1,93,-97.873850,22.267740
shape_16-1,94,-97.873780,22.269590
shape_16-1,95,-97.874150,22.270830
shape_16-1,96,-97.874830,22.272930
shape_16-1,97,-97.874230,22.274980
shape_16-1,98,-97.873350,22.277730
shape_16-1,99,-97.873020,22.280780
shape_16-1,100,-97.873140,22.282650
shape_16-1,101,-97.873920,22.284050
shape_16-1,102,-97.874050,22.285090
shape_16-1,103,-97.873620,22.286380
shape_16-1,104,-97.873060,22.288060
shape_16-1,105,-97.873000,22.289020
shape_16-1,106,-97.873420,22.291240
shape_16-1,107,-97.876080,22.295380
shape_16-1,108,-97.877950,22.298480
shape_16-1,109,-97.881540,22.304070
shape_16-1,110,-97.881840,22.305540
shape_16-1,111,-97.881760,22.306550
shape_16-1,112,-97.880240,22.310620
shape_16-1,113,-97.875240,22.311030
shape_16-1,114,-97.868920,22.310780
shape_16-1,115,-97.869050,22.307190
shape_16-1,116,-97.867830,22.307180
shape_16-1,117,-97.865940,22.307140
shape_16-1,118,-97.863780,22.307080
shape_16-1,119,-97.863200,22.307350
shape_16-1,120,-97.861580,22.303560
shape_16-1,121,-97.857630,22.304950
shape_16-1,122,-97.857690,22.305090
shape_16-1,123,-97.855050,22.306110
shape_16-1,124,-97.856430,22.309350
shape_16-1,125,-97.857090,22.311330
shape_16-1,126,-97.857340,22.311250
shape_16-1,127,-97.858580,22.314850
shape_16-1,128,-97.857290,22.315190
shape_16-1,129,-97.858960,22.320070
shape_16-1,130,-97.855070,22.321090
shape_16-1,131,-97.853300,22.318560
shape_16-1,132,-97.853100,22.318200
shape_16-1,133,-97.852470,22.317440
shape_16-1,134,-97.851110,22.313460
shape_16-1,135,-97.850850,22.313620
shape_16-1,136,-97.848470,22.310880
shape_16-1,137,-97.847470,22.311630
shape_16-1,138,-97.847120,22.311250
shape_16-1,139,-97.843500,22.314040
shape_16-1,140,-97.844250,22.316440
shape_16-1,141,-97.844960,22.318050
shape_16-1,142,-97.845490,22.318490
shape_16-1,143,-97.848040,22.318930
shape_16-1,144,-97.851350,22.317640
shape_16-1,145,-97.853780,22.322850
shape_16-1,146,-97.849150,22.325410
shape_16-1,147,-97.846620,22.326300
shape_16-1,148,-97.847410,22.328570
shape_16-1,149,-97.847270,22.328770
shape_16-1,150,-97.847000,22.328730
shape_16-1,151,-97.846760,22.328820
shape_16-1,152,-97.846590,22.328940
shape_16-1,153,-97.846650,22.329100
shape_101-1,0,-97.848520,22.346000
shape_101-1,1,-97.848190,22.344110
shape_101-1,2,-97.849140,22.343960
shape_101-1,3,-97.849880,22.348190
shape_101-1,4,-97.850370,22.348060
shape_101-1,5,-97.850500,22.348640
shape_101-1,6,-97.849280,22.348870
shape_101-1,7,-97.850310,22.353990
shape_101-1,8,-97.851400,22.353830
shape_101-1,9,-97.851590,22.354730
shape_101-1,10,-97.854880,22.354160
shape_101-1,11,-97.853590,22.347700
shape_101-1,12,-97.854760,22.347450
shape_101-1,13,-97.861160,22.346390
shape_101-1,14,-97.863640,22.345940
shape_101-1,15,-97.864550,22.342750
shape_101-1,16,-97.865310,22.342920
shape_101-1,17,-97.868670,22.341710
shape_101-1,18,-97.874280,22.339700
shape_101-1,19,-97.876240,22.345670
shape_101-1,20,-97.878170,22.347830
shape_101-1,21,-97.878280,22.347670
shape_101-1,22,-97.876390,22.345660
shape_101-1,23,-97.874390,22.338830
shape_101-1,24,-97.874060,22.337690
shape_101-1,25,-97.873520,22.336590
shape_101-1,26,-97.873230,22.335250
shape_101-1,27,-97.873830,22.331380
shape_101-1,28,-97.880440,22.310620
shape_101-1,29,-97.881620,22.306710
shape_101-1,30,-97.881730,22.305020
shape_101-1,31,-97.876060,22.295650
shape_101-1,32,-97.873250,22.291060
shape_101-1,33,-97.873010,22.288960
shape_101-1,34,-97.873270,22.287070
shape_101-1,35,-97.873980,22.284730
shape_101-1,36,-97.873100,22.282560
shape_101-1,37,-97.872880,22.280860
shape_101-1,38,-97.873660,22.276450
shape_101-1,39,-97.874730,22.272820
shape_101-1,40,-97.873630,22.269700
shape_101-1,41,-97.873910,22.266660
shape_101-1,42,-97.874690,22.265270
shape_101-1,43,-97.876600,22.257490
shape_101-1,44,-97.876450,22.255160
shape_101-1,45,-97.874260,22.248470
shape_101-1,46,-97.872090,22.244480
shape_101-1,47,-97.868870,22.237030
shape_101-1,48,-97.863460,22.223680
shape_101-1,49,-97.863230,22.220720
shape_101-1,50,-97.862950,22.219730
shape_101-1,51,-97.862670,22.219370
shape_101-1,52,-97.859280,22.217940
shape_101-1,53,-97.860970,22.214560
shape_101-1,54,-97.863440,22.215640
shape_101-1,55,-97.862610,22.217400
shape_101-1,56,-97.858340,22.215640
shape_101-1,57,-97.858830,22.214800
shape_101-1,58,-97.859620,22.215140
shape_101-1,59,-97.859620,22.215140
shape_101-1,60,-97.857990,22.218360
shape_101-1,61,-97.858920,22.218770
shape_101-1,62,-97.863270,22.220640
shape_101-1,63,-97.863460,22.223680
shape_101-1,64,-97.865720,22.229520
shape_101-1,65,-97.864170,22.230260
shape_101-1,66,-97.862730,22.230730
shape_101-1,67,-97.863570,22.233510
shape_101-1,68,-97.863440,22.235220
shape_101-1,69,-97.863610,22.237050
shape_101-1,70,-97.863570,22.241160
shape_101-1,71,-97.864170,22.241200
shape_101-1,72,-97.864340,22.241500
shape_101-1,73,-97.866270,22.241240
shape_101-1,74,-97.866450,22.243560
shape_101-1,75,-97.866450,22.247670
shape_101-1,76,-97.865970,22.249900
shape_101-1,77,-97.862560,22.250930
shape_101-1,78,-97.862620,22.252620
shape_101-1,79,-97.862180,22.254110
shape_101-1,80,-97.859820,22.258480
shape_101-1,81,-97.860330,22.259630
shape_101-1,82,-97.861880,22.260340
shape_101-1,83,-97.860890,22.262810
shape_101-1,84,-97.860030,22.264750
shape_101-1,85,-97.859520,22.266820
shape_101-1,86,-97.856260,22.275440
shape_101-1,87,-97.854560,22.274070
shape_101-1,88,-97.855910,22.276390
shape_101-1,89,-97.859040,22.278020
shape_101-1,90,-97.862010,22.280360
shape_101-1,91,-97.865480,22.284610
shape_101-1,92,-97.871270,22.288980
shape_101-1,93,-97.873250,22.291060
shape_101-1,94,-97.876060,22.295650
shape_101-1,95,-97.881730,22.305020
shape_101-1,96,-97.881620,22.306710
shape_101-1,97,-97.880440,22.310620
shape_101-1,98,-97.873830,22.331380
shape_101-1,99,-97.873230,22.335250
shape_101-1,100,-97.873520,22.336590
shape_101-1,101,-97.873760,22.337730
shape_101-1,102,-97.874150,22.338860
shape_101-1,103,-97.874280,22.339700
shape_101-1,104,-97.868670,22.341710
shape_101-1,105,-97.865310,22.342920
shape_101-1,106,-97.864550,22.342750
shape_101-1,107,-97.863640,22.345940
shape_101-1,108,-97.861160,22.346390
shape_101-1,109,-97.854760,22.347450
shape_101-1,110,-97.853590,22.347700
shape_101-1,111,-97.854880,22.354160
shape_101-1,112,-97.851590,22.354730
shape_101-1,113,-97.851400,22.353830
shape_101-1,114,-97.850310,22.353990
shape_101-1,115,-97.849280,22.348870
shape_101-1,116,-97.850500,22.348640
shape_101-1,117,-97.850370,22.348060
shape_101-1,118,-97.849880,22.348190
shape_101-1,119,-97.849140,22.343960
shape_101-1,120,-97.848190,22.344180
shape_101-1,121,-97.848550,22.346010
shape_54-1,0,-97.941250,22.415420
shape_54-1,1,-97.938020,22.407780
shape_54-1,2,-97.937280,22.405920
shape_54-1,3,-97.938060,22.397210
shape_54-1,4,-97.937880,22.396630
shape_54-1,5,-97.937390,22.396110
shape_54-1,6,-97.933790,22.395480
shape_54-1,7,-97.933060,22.395050
shape_54-1,8,-97.929820,22.391880
shape_54-1,9,-97.928890,22.391450
shape_54-1,10,-97.925260,22.390870
shape_54-1,11,-97.924170,22.390550
shape_54-1,12,-97.923570,22.390410
shape_54-1,13,-97.922740,22.389990
shape_54-1,14,-97.922270,22.389340
shape_54-1,15,-97.921980,22.388720
shape_54-1,16,-97.921170,22.387860
shape_54-1,17,-97.920140,22.387130
shape_54-1,18,-97.918990,22.386660
shape_54-1,19,-97.907970,22.375950
shape_54-1,20,-97.903980,22.371940
shape_54-1,21,-97.899810,22.368170
shape_54-1,22,-97.891750,22.359130
shape_54-1,23,-97.884750,22.351940
shape_54-1,24,-97.880370,22.349640
shape_54-1,25,-97.876120,22.345510
shape_54-1,26,-97.873760,22.337570
shape_54-1,27,-97.873120,22.335430
shape_54-1,28,-97.880440,22.310480
shape_54-1,29,-97.882150,22.310500
shape_54-1,30,-97.882110,22.308450
shape_54-1,31,-97.880890,22.308630
shape_54-1,32,-97.873870,22.309050
shape_54-1,33,-97.868940,22.308750
shape_54-1,34,-97.868420,22.316770
shape_54-1,35,-97.870070,22.323640
shape_54-1,36,-97.871270,22.325350
shape_54-1,37,-97.872160,22.326320
shape_54-1,38,-97.873260,22.329660
shape_54-1,39,-97.868980,22.331150
shape_54-1,40,-97.868520,22.330100
shape_54-1,41,-97.863490,22.331910
shape_54-1,42,-97.859990,22.323500
shape_54-1,43,-97.860950,22.323180
shape_54-1,44,-97.860520,22.322160
shape_54-1,45,-97.860350,22.321720
shape_54-1,46,-97.860490,22.321530
shape_54-1,47,-97.860760,22.321400
shape_54-1,48,-97.857920,22.313000
shape_54-1,49,-97.860570,22.312260
shape_54-1,50,-97.861330,22.313860
shape_54-1,51,-97.861820,22.315000
shape_54-1,52,-97.862170,22.315440
shape_54-1,53,-97.862590,22.315630
shape_54-1,54,-97.867530,22.316050
shape_54-1,55,-97.868080,22.315870
shape_54-1,56,-97.868500,22.315430
shape_54-1,57,-97.868500,22.315430
shape_54-1,58,-97.868080,22.315870
shape_54-1,59,-97.867530,22.316050
shape_54-1,60,-97.862590,22.315630
shape_54-1,61,-97.862170,22.315440
shape_54-1,62,-97.861820,22.315000
shape_54-1,63,-97.861330,22.313860
shape_54-1,64,-97.860570,22.312260
shape_54-1,65,-97.857920,22.313000
shape_54-1,66,-97.860760,22.321400
shape_54-1,67,-97.860490,22.321530
shape_54-1,68,-97.860350,22.321720
shape_54-1,69,-97.860520,22.322160
shape_54-1,70,-97.860950,22.323180
shape_54-1,71,-97.859990,22.323500
shape_54-1,72,-97.863490,22.331910
shape_54-1,73,-97.868520,22.330100
shape_54-1,74,-97.868980,22.331150
shape_54-1,75,-97.873260,22.329660
shape_54-1,76,-97.872160,22.326320
shape_54-1,77,-97.871270,22.325350
shape_54-1,78,-97.870070,22.323640
shape_54-1,79,-97.868420,22.316770
shape_54-1,80,-97.868980,22.310720
shape_54-1,81,-97.875270,22.311010
shape_54-1,82,-97.875800,22.310940
shape_54-1,83,-97.876470,22.310950
shape_54-1,84,-97.880070,22.310660
shape_54-1,85,-97.880440,22.310480
shape_54-1,86,-97.873120,22.335430
shape_54-1,87,-97.873760,22.337570
shape_54-1,88,-97.876120,22.345510
shape_54-1,89,-97.880370,22.349640
shape_54-1,90,-97.884750,22.351940
shape_54-1,91,-97.891750,22.359130
shape_54-1,92,-97.899810,22.368170
shape_54-1,93,-97.903980,22.371940
shape_54-1,94,-97.907970,22.375950
shape_54-1,95,-97.918990,22.386660
shape_54-1,96,-97.920140,22.387130
shape_54-1,97,-97.921170,22.387860
shape_54-1,98,-97.921980,22.388720
shape_54-1,99,-97.922270,22.389340
shape_54-1,100,-97.922740,22.389990
shape_54-1,101,-97.923570,22.390410
shape_54-1,102,-97.924170,22.390550
shape_54-1,103,-97.925260,22.390870
shape_54-1,104,-97.928890,22.391450
shape_54-1,105,-97.929820,22.391880
shape_54-1,106,-97.933060,22.395050
shape_54-1,107,-97.933790,22.395480
shape_54-1,108,-97.937390,22.396110
shape_54-1,109,-97.937880,22.396630
shape_54-1,110,-97.938060,22.397210
shape_54-1,111,-97.937280,22.405920
shape_54-1,112,-97.938020,22.407780
shape_101A-1,0,-97.848500,22.346000
shape_101A-1,1,-97.848190,22.344140
shape_101A-1,2,-97.849160,22.343960
shape_101A-1,3,-97.849560,22.346340
shape_101A-1,4,-97.849890,22.348180
shape_101A-1,5,-97.850360,22.348100
shape_101A-1,6,-97.850500,22.348680
shape_101A-1,7,-97.849290,22.348880
shape_101A-1,8,-97.850320,22.353980
shape_101A-1,9,-97.851390,22.353820
shape_101A-1,10,-97.851610,22.354720
shape_101A-1,11,-97.854870,22.354140
shape_101A-1,12,-97.853630,22.347720
shape_101A-1,13,-97.854680,22.347490
shape_101A-1,14,-97.863570,22.345970
shape_101A-1,15,-97.863740,22.345750
shape_101A-1,16,-97.864490,22.342780
shape_101A-1,17,-97.865300,22.342930
shape_101A-1,18,-97.867700,22.342050
shape_101A-1,19,-97.868610,22.341700
shape_101A-1,20,-97.874330,22.339700
shape_101A-1,21,-97.875710,22.344200
shape_101A-1,22,-97.876130,22.345430
shape_101A-1,23,-97.876450,22.345960
shape_101A-1,24,-97.877110,22.346740
shape_101A-1,25,-97.878170,22.347830
shape_101A-1,26,-97.878240,22.347710
shape_101A-1,27,-97.877160,22.346560
shape_101A-1,28,-97.876490,22.345800
shape_101A-1,29,-97.876270,22.345420
shape_101A-1,30,-97.875900,22.344300
shape_101A-1,31,-97.874540,22.339640
shape_101A-1,32,-97.873850,22.337410
shape_101A-1,33,-97.873190,22.335270
shape_101A-1,34,-97.873870,22.331320
shape_101A-1,35,-97.880140,22.311370
shape_101A-1,36,-97.881790,22.305950
shape_101A-1,37,-97.881730,22.304600
shape_101A-1,38,-97.873270,22.290960
shape_101A-1,39,-97.873030,22.289650
shape_101A-1,40,-97.871640,22.288840
shape_101A-1,41,-97.870120,22.287790
shape_101A-1,42,-97.865570,22.284630
shape_101A-1,43,-97.863160,22.281690
shape_101A-1,44,-97.862090,22.280500
shape_101A-1,45,-97.856260,22.275460
shape_101A-1,46,-97.859040,22.268490
shape_101A-1,47,-97.859620,22.266260
shape_101A-1,48,-97.860350,22.263780
shape_101A-1,49,-97.860720,22.263030
shape_101A-1,50,-97.862110,22.260190
shape_101A-1,51,-97.863960,22.257130
shape_101A-1,52,-97.864670,22.255200
shape_101A-1,53,-97.864750,22.254330
shape_101A-1,54,-97.865650,22.253120
shape_101A-1,55,-97.866790,22.250950
shape_101A-1,56,-97.867220,22.249440
shape_101A-1,57,-97.867630,22.246980
shape_101A-1,58,-97.866960,22.244380
shape_101A-1,59,-97.867050,22.242710
shape_101A-1,60,-97.866230,22.237190
shape_101A-1,61,-97.865200,22.234330
shape_101A-1,62,-97.864130,22.230020
shape_101A-1,63,-97.864900,22.227420
shape_101A-1,64,-97.863490,22.223660
shape_101A-1,65,-97.863210,22.220660
shape_101A-1,66,-97.862710,22.219430
shape_101A-1,67,-97.859260,22.217920
shape_101A-1,68,-97.860950,22.214580
shape_101A-1,69,-97.863490,22.215660
shape_101A-1,70,-97.862580,22.217480
shape_101A-1,71,-97.858340,22.215640
shape_101A-1,72,-97.858850,22.214820
shape_101A-1,73,-97.859600,22.215160
shape_101A-1,74,-97.859600,22.215160
shape_101A-1,75,-97.858010,22.218420
shape_101A-1,76,-97.863210,22.220660
shape_101A-1,77,-97.863490,22.223660
shape_101A-1,78,-97.864900,22.227420
shape_101A-1,79,-97.865760,22.229500
shape_101A-1,80,-97.864190,22.230260
shape_101A-1,81,-97.862780,22.230730
shape_101A-1,82,-97.863640,22.233490
shape_101A-1,83,-97.863420,22.233770
shape_101A-1,84,-97.863550,22.238220
shape_101A-1,85,-97.863590,22.241180
shape_101A-1,86,-97.864170,22.241200
shape_101A-1,87,-97.864320,22.241500
shape_101A-1,88,-97.866250,22.241280
shape_101A-1,89,-97.866490,22.246090
shape_101A-1,90,-97.866510,22.247580
shape_101A-1,91,-97.866020,22.249940
shape_101A-1,92,-97.862500,22.250950
shape_101A-1,93,-97.862670,22.252620
shape_101A-1,94,-97.861940,22.254590
shape_101A-1,95,-97.861510,22.255280
shape_101A-1,96,-97.860570,22.257230
shape_101A-1,97,-97.859920,22.258910
shape_101A-1,98,-97.860590,22.259830
shape_101A-1,99,-97.862010,22.260400
shape_101A-1,100,-97.860720,22.263030
shape_101A-1,101,-97.860350,22.263780
shape_101A-1,102,-97.859620,22.266260
shape_101A-1,103,-97.859040,22.268490
shape_101A-1,104,-97.856280,22.275380
shape_101A-1,105,-97.854620,22.274420
shape_101A-1,106,-97.856170,22.276750
shape_101A-1,107,-97.859190,22.278100
shape_101A-1,108,-97.862090,22.280500
shape_101A-1,109,-97.863160,22.281690
shape_101A-1,110,-97.865570,22.284630
shape_101A-1,111,-97.870120,22.287790
shape_101A-1,112,-97.871640,22.288840
shape_101A-1,113,-97.873030,22.289650
shape_101A-1,114,-97.873270,22.290960
shape_101A-1,115,-97.881730,22.304600
shape_101A-1,116,-97.881790,22.305950
shape_101A-1,117,-97.880140,22.311370
shape_101A-1,118,-97.873870,22.331320
shape_101A-1,119,-97.873190,22.335270
shape_101A-1,120,-97.873850,22.337410
shape_101A-1,121,-97.874230,22.339300
shape_101A-1,122,-97.874330,22.339700
shape_101A-1,123,-97.868610,22.341700
shape_101A-1,124,-97.867700,22.342050
shape_101A-1,125,-97.865300,22.342930
shape_101A-1,126,-97.864490,22.342780
shape_101A-1,127,-97.863740,22.345750
shape_101A-1,128,-97.863570,22.345970
shape_101A-1,129,-97.854680,22.347490
shape_101A-1,130,-97.853630,22.347720
shape_101A-1,131,-97.854870,22.354140
shape_101A-1,132,-97.851610,22.354720
shape_101A-1,133,-97.851390,22.353820
shape_101A-1,134,-97.850320,22.353980
shape_101A-1,135,-97.849290,22.348880
shape_101A-1,136,-97.850500,22.348680
shape_101A-1,137,-97.850360,22.348100
shape_101A-1,138,-97.849890,22.348180
shape_101A-1,139,-97.849560,22.346340
shape_101A-1,140,-97.849160,22.343960
shape_101A-1,141,-97.848190,22.344140
shape_101A-1,142,-97.848510,22.346010
shape_9-1,0,-97.847390,22.328560
shape_9-1,1,-97.846640,22.326300
shape_9-1,2,-97.849060,22.325440
shape_9-1,3,-97.850840,22.324320
shape_9-1,4,-97.855340,22.322130
shape_9-1,5,-97.855460,22.321910
shape_9-1,6,-97.855690,22.321910
shape_9-1,7,-97.852530,22.317460
shape_9-1,8,-97.852400,22.317290
shape_9-1,9,-97.848680,22.306170
shape_9-1,10,-97.848980,22.305700
shape_9-1,11,-97.848840,22.305170
shape_9-1,12,-97.848530,22.304430
shape_9-1,13,-97.846890,22.305020
shape_9-1,14,-97.846220,22.303470
shape_9-1,15,-97.846010,22.303490
shape_9-1,16,-97.845930,22.300780
shape_9-1,17,-97.844430,22.300830
shape_9-1,18,-97.844260,22.300780
shape_9-1,19,-97.844670,22.296590
shape_9-1,20,-97.844760,22.296270
shape_9-1,21,-97.844880,22.296230
shape_9-1,22,-97.845440,22.296190
shape_9-1,23,-97.845330,22.294840
shape_9-1,24,-97.847010,22.294710
shape_9-1,25,-97.846740,22.291930
shape_9-1,26,-97.842750,22.292240
shape_9-1,27,-97.842620,22.290800
shape_9-1,28,-97.842320,22.288210
shape_9-1,29,-97.843660,22.284990
shape_9-1,30,-97.850440,22.287180
shape_9-1,31,-97.850820,22.287010
shape_9-1,32,-97.847690,22.279560
shape_9-1,33,-97.850500,22.272360
shape_9-1,34,-97.851220,22.270410
shape_9-1,35,-97.852090,22.268270
shape_9-1,36,-97.853830,22.268730
shape_9-1,37,-97.855140,22.267390
shape_9-1,38,-97.855950,22.265750
shape_9-1,39,-97.852740,22.264670
shape_9-1,40,-97.855650,22.257240
shape_9-1,41,-97.856920,22.257270
shape_9-1,42,-97.857820,22.255640
shape_9-1,43,-97.858040,22.255200
shape_9-1,44,-97.858250,22.252150
shape_9-1,45,-97.863340,22.250690
shape_9-1,46,-97.863260,22.252750
shape_9-1,47,-97.865570,22.253200
shape_9-1,48,-97.866290,22.251980
shape_9-1,49,-97.866880,22.250800
shape_9-1,50,-97.867090,22.250050
shape_9-1,51,-97.867200,22.249390
shape_9-1,52,-97.867650,22.247060
shape_9-1,53,-97.867200,22.245530
shape_9-1,54,-97.867000,22.244410
shape_9-1,55,-97.867000,22.243560
shape_9-1,56,-97.867070,22.242850
shape_9-1,57,-97.866400,22.237760
shape_9-1,58,-97.865050,22.233370
shape_9-1,59,-97.864090,22.229880
shape_9-1,60,-97.864700,22.227950
shape_9-1,61,-97.863900,22.227660
shape_9-1,62,-97.864280,22.226840
shape_9-1,63,-97.858300,22.224320
shape_9-1,64,-97.859440,22.221910
shape_9-1,65,-97.855850,22.220310
shape_9-1,66,-97.859230,22.213990
shape_9-1,67,-97.855800,22.212460
shape_9-1,68,-97.856630,22.212860
shape_9-1,69,-97.854560,22.216810
shape_9-1,70,-97.863230,22.220610
shape_9-1,71,-97.863210,22.221010
shape_9-1,72,-97.863270,22.222830
shape_9-1,73,-97.863590,22.224080
shape_9-1,74,-97.862590,22.226120
shape_9-1,75,-97.861370,22.228710
shape_9-1,76,-97.861800,22.228990
shape_9-1,77,-97.862710,22.229340
shape_9-1,78,-97.862660,22.229620
shape_9-1,79,-97.862500,22.229930
shape_9-1,80,-97.863570,22.233470
shape_9-1,81,-97.863420,22.233770
shape_9-1,82,-97.863810,22.248950
shape_9-1,83,-97.863560,22.250620
shape_9-1,84,-97.863340,22.250690
shape_9-1,85,-97.863340,22.250690
shape_9-1,86,-97.863560,22.250620
shape_9-1,87,-97.863810,22.248950
shape_9-1,88,-97.863420,22.233770
shape_9-1,89,-97.863460,22.233120
shape_9-1,90,-97.862500,22.229930
shape_9-1,91,-97.862660,22.229620
shape_9-1,92,-97.862710,22.229340
shape_9-1,93,-97.861800,22.228990
shape_9-1,94,-97.861370,22.228710
shape_9-1,95,-97.862590,22.226120
shape_9-1,96,-97.863590,22.224080
shape_9-1,97,-97.863270,22.222830
shape_9-1,98,-97.863210,22.221010
shape_9-1,99,-97.863230,22.220610
shape_9-1,100,-97.854560,22.216810
shape_9-1,101,-97.856630,22.212860
shape_9-1,102,-97.854560,22.216830
shape_9-1,103,-97.863180,22.220540
shape_9-1,104,-97.863210,22.222810
shape_9-1,105,-97.863550,22.224140
shape_9-1,106,-97.861580,22.228490
shape_9-1,107,-97.862560,22.229280
shape_9-1,108,-97.863380,22.233020
shape_9-1,109,-97.863850,22.248930
shape_9-1,110,-97.863340,22.250690
shape_9-1,111,-97.858250,22.252150
shape_9-1,112,-97.858040,22.255200
shape_9-1,113,-97.857820,22.255640
shape_9-1,114,-97.856920,22.257270
shape_9-1,115,-97.855650,22.257240
shape_9-1,116,-97.852740,22.264670
shape_9-1,117,-97.855950,22.265750
shape_9-1,118,-97.855140,22.267390
shape_9-1,119,-97.853830,22.268730
shape_9-1,120,-97.852090,22.268270
shape_9-1,121,-97.851220,22.270410
shape_9-1,122,-97.850500,22.272360
shape_9-1,123,-97.847690,22.279560
shape_9-1,124,-97.850820,22.287010
shape_9-1,125,-97.850440,22.287180
shape_9-1,126,-97.843660,22.284990
shape_9-1,127,-97.842320,22.288210
shape_9-1,128,-97.842620,22.290800
shape_9-1,129,-97.842750,22.292240
shape_9-1,130,-97.846740,22.291930
shape_9-1,131,-97.847010,22.294710
shape_9-1,132,-97.845330,22.294840
shape_9-1,133,-97.845440,22.296190
shape_9-1,134,-97.844880,22.296230
shape_9-1,135,-97.844760,22.296270
shape_9-1,136,-97.844670,22.296590
shape_9-1,137,-97.844260,22.300780
shape_9-1,138,-97.844430,22.300830
shape_9-1,139,-97.845930,22.300780
shape_9-1,140,-97.846010,22.303490
shape_9-1,141,-97.846220,22.303470
shape_9-1,142,-97.846890,22.305020
shape_9-1,143,-97.848530,22.304430
shape_9-1,144,-97.848840,22.305170
shape_9-1,145,-97.848980,22.305700
shape_9-1,146,-97.848680,22.306170
shape_9-1,147,-97.852400,22.317290
shape_9-1,148,-97.852530,22.317460
shape_9-1,149,-97.855690,22.321910
shape_9-1,150,-97.855460,22.321910
shape_9-1,151,-97.855340,22.322130
shape_9-1,152,-97.850840,22.324320
shape_9-1,153,-97.849060,22.325440
shape_9-1,154,-97.846640,22.326300
shape_104-1,0,-97.909760,22.360420
shape_104-1,1,-97.910300,22.359060
shape_104-1,2,-97.913400,22.359970
shape_104-1,3,-97.914820,22.362270
shape_104-1,4,-97.916960,22.360950
shape_104-1,5,-97.917500,22.361710
shape_104-1,6,-97.913780,22.364180
shape_104-1,7,-97.912920,22.364780
shape_104-1,8,-97.913640,22.365620
shape_104-1,9,-97.910930,22.367450
shape_104-1,10,-97.912020,22.368460
shape_104-1,11,-97.910960,22.369300
shape_104-1,12,-97.910580,22.369660
shape_104-1,13,-97.908650,22.371340
shape_104-1,14,-97.909310,22.372010
shape_104-1,15,-97.906150,22.374120
shape_104-1,16,-97.900440,22.368590
shape_104-1,17,-97.888550,22.355670
shape_104-1,18,-97.886100,22.353290
shape_104-1,19,-97.883400,22.351090
shape_104-1,20,-97.879540,22.349020
shape_104-1,21,-97.876380,22.345850
shape_104-1,22,-97.873160,22.335910
shape_104-1,23,-97.873810,22.331700
shape_104-1,24,-97.880540,22.310240
shape_104-1,25,-97.881790,22.306250
shape_104-1,26,-97.881750,22.305120
shape_104-1,27,-97.881230,22.303710
shape_104-1,28,-97.873290,22.291120
shape_104-1,29,-97.872950,22.288280
shape_104-1,30,-97.874000,22.285090
shape_104-1,31,-97.872910,22.282170
shape_104-1,32,-97.873140,22.278100
shape_104-1,33,-97.874730,22.272890
shape_104-1,34,-97.873870,22.270470
shape_104-1,35,-97.873760,22.267060
shape_104-1,36,-97.874970,22.264360
shape_104-1,37,-97.876550,22.257660
shape_104-1,38,-97.876530,22.255840
shape_104-1,39,-97.876100,22.253610
shape_104-1,40,-97.873740,22.247540
shape_104-1,41,-97.873100,22.246480
shape_104-1,42,-97.867130,22.233000
shape_104-1,43,-97.863420,22.223420
shape_104-1,44,-97.863270,22.220660
shape_104-1,45,-97.862690,22.219430
shape_104-1,46,-97.859260,22.217880
shape_104-1,47,-97.860950,22.214560
shape_104-1,48,-97.863490,22.215680
shape_104-1,49,-97.862610,22.217500
shape_104-1,50,-97.858380,22.215660
shape_104-1,51,-97.858830,22.214760
shape_104-1,52,-97.859580,22.215140
shape_104-1,53,-97.859580,22.215140
shape_104-1,54,-97.857990,22.218380
shape_104-1,55,-97.863270,22.220660
shape_104-1,56,-97.863420,22.223420
shape_104-1,57,-97.865740,22.229520
shape_104-1,58,-97.864170,22.230380
shape_104-1,59,-97.862820,22.230630
shape_104-1,60,-97.863590,22.233450
shape_104-1,61,-97.863420,22.233790
shape_104-1,62,-97.863490,22.237840
shape_104-1,63,-97.863850,22.248670
shape_104-1,64,-97.863680,22.250530
shape_104-1,65,-97.862560,22.250970
shape_104-1,66,-97.862650,22.252680
shape_104-1,67,-97.862160,22.253950
shape_104-1,68,-97.861530,22.255180
shape_104-1,69,-97.859920,22.258760
shape_104-1,70,-97.860350,22.259610
shape_104-1,71,-97.862030,22.260360
shape_104-1,72,-97.861020,22.262850
shape_104-1,73,-97.859470,22.266980
shape_104-1,74,-97.856730,22.274480
shape_104-1,75,-97.856260,22.275400
shape_104-1,76,-97.854710,22.274320
shape_104-1,77,-97.855910,22.276390
shape_104-1,78,-97.858270,22.277660
shape_104-1,79,-97.861320,22.279770
shape_104-1,80,-97.864970,22.284010
shape_104-1,81,-97.871100,22.288540
shape_104-1,82,-97.873290,22.291120
shape_104-1,83,-97.881230,22.303710
shape_104-1,84,-97.881750,22.305120
shape_104-1,85,-97.881790,22.306250
shape_104-1,86,-97.880540,22.310240
shape_104-1,87,-97.873810,22.331700
shape_104-1,88,-97.873160,22.335910
shape_104-1,89,-97.876380,22.345850
shape_104-1,90,-97.879540,22.349020
shape_104-1,91,-97.883400,22.351090
shape_104-1,92,-97.886100,22.353290
shape_104-1,93,-97.888550,22.355670
shape_104-1,94,-97.900440,22.368590
shape_104-1,95,-97.906150,22.374120
shape_104-1,96,-97.909310,22.372010
shape_104-1,97,-97.908650,22.371340
shape_104-1,98,-97.910580,22.369660
shape_104-1,99,-97.910960,22.369300
shape_104-1,100,-97.912020,22.368460
shape_104-1,101,-97.910930,22.367450
shape_104-1,102,-97.913640,22.365620
shape_104-1,103,-97.912920,22.364780
shape_104-1,104,-97.913780,22.364180
shape_104-1,105,-97.917500,22.361710
shape_104-1,106,-97.916960,22.360950
shape_104-1,107,-97.914820,22.362270
shape_104-1,108,-97.913400,22.359970
shape_104-1,109,-97.910300,22.359060
shape_105A-1,0,-97.872050,22.365300
shape_105A-1,1,-97.872110,22.365630
shape_105A-1,2,-97.872330,22.365950
shape_105A-1,3,-97.874230,22.368130
shape_105A-1,4,-97.872700,22.369190
shape_105A-1,5,-97.873660,22.370300
shape_105A-1,6,-97.875110,22.369250
shape_105A-1,7,-97.875600,22.369830
shape_105A-1,8,-97.875790,22.369760
shape_105A-1,9,-97.878000,22.372360
shape_105A-1,10,-97.878130,22.372330
shape_105A-1,11,-97.879810,22.373910
shape_105A-1,12,-97.881830,22.372080
shape_105A-1,13,-97.880200,22.370270
shape_105A-1,14,-97.880490,22.370020
shape_105A-1,15,-97.878260,22.367760
shape_105A-1,16,-97.879640,22.366840
shape_105A-1,17,-97.880010,22.366870
shape_105A-1,18,-97.880310,22.366950
shape_105A-1,19,-97.882570,22.370180
shape_105A-1,20,-97.884600,22.368970
shape_105A-1,21,-97.884000,22.370170
shape_105A-1,22,-97.884940,22.371170
shape_105A-1,23,-97.885450,22.371560
shape_105A-1,24,-97.885630,22.371280
shape_105A-1,25,-97.885990,22.368140
shape_105A-1,26,-97.886480,22.367630
shape_105A-1,27,-97.886980,22.367380
shape_105A-1,28,-97.887780,22.361810
shape_105A-1,29,-97.881760,22.361080
shape_105A-1,30,-97.882090,22.358910
shape_105A-1,31,-97.882440,22.358980
shape_105A-1,32,-97.887240,22.354220
shape_105A-1,33,-97.885930,22.353190
shape_105A-1,34,-97.883570,22.351320
shape_105A-1,35,-97.882410,22.350720
shape_105A-1,36,-97.880650,22.349730
shape_105A-1,37,-97.879330,22.348830
shape_105A-1,38,-97.876350,22.345750
shape_105A-1,39,-97.875270,22.342460
shape_105A-1,40,-97.874420,22.338800
shape_105A-1,41,-97.873850,22.337150
shape_105A-1,42,-97.873240,22.335770
shape_105A-1,43,-97.873910,22.331120
shape_105A-1,44,-97.881790,22.305970
shape_105A-1,45,-97.881680,22.304600
shape_105A-1,46,-97.873250,22.291040
shape_105A-1,47,-97.872950,22.289530
shape_105A-1,48,-97.866000,22.285210
shape_105A-1,49,-97.862390,22.280800
shape_105A-1,50,-97.856340,22.275440
shape_105A-1,51,-97.859520,22.267450
shape_105A-1,52,-97.859770,22.265590
shape_105A-1,53,-97.860460,22.263840
shape_105A-1,54,-97.861830,22.260940
shape_105A-1,55,-97.863890,22.257640
shape_105A-1,56,-97.864670,22.255340
shape_105A-1,57,-97.865310,22.253430
shape_105A-1,58,-97.866550,22.251330
shape_105A-1,59,-97.867330,22.249300
shape_105A-1,60,-97.867650,22.247040
shape_105A-1,61,-97.867110,22.244700
shape_105A-1,62,-97.866770,22.239690
shape_105A-1,63,-97.865910,22.236080
shape_105A-1,64,-97.864880,22.232860
shape_105A-1,65,-97.864150,22.229720
shape_105A-1,66,-97.865010,22.227440
shape_105A-1,67,-97.863640,22.223940
shape_105A-1,68,-97.863310,22.222270
shape_105A-1,69,-97.863160,22.220620
shape_105A-1,70,-97.862610,22.219490
shape_105A-1,71,-97.859240,22.217940
shape_105A-1,72,-97.861000,22.214500
shape_105A-1,73,-97.863490,22.215660
shape_105A-1,74,-97.862630,22.217460
shape_105A-1,75,-97.858290,22.215620
shape_105A-1,76,-97.858810,22.214740
shape_105A-1,77,-97.859520,22.215080
shape_105A-1,78,-97.859520,22.215080
shape_105A-1,79,-97.858060,22.218320
shape_105A-1,80,-97.863160,22.220620
shape_105A-1,81,-97.863310,22.222270
shape_105A-1,82,-97.863640,22.223940
shape_105A-1,83,-97.865010,22.227440
shape_105A-1,84,-97.865760,22.229500
shape_105A-1,85,-97.867130,22.232760
shape_105A-1,86,-97.868380,22.236160
shape_105A-1,87,-97.870270,22.240230
shape_105A-1,88,-97.873060,22.246500
shape_105A-1,89,-97.873910,22.247810
shape_105A-1,90,-97.875220,22.250950
shape_105A-1,91,-97.876510,22.255660
shape_105A-1,92,-97.875650,22.261930
shape_105A-1,93,-97.873510,22.268210
shape_105A-1,94,-97.874620,22.272220
shape_105A-1,95,-97.873630,22.276790
shape_105A-1,96,-97.872860,22.282070
shape_105A-1,97,-97.874020,22.284810
shape_105A-1,98,-97.873160,22.287830
shape_105A-1,99,-97.871960,22.289710
shape_105A-1,100,-97.873250,22.291040
shape_105A-1,101,-97.881680,22.304600
shape_105A-1,102,-97.881790,22.305970
shape_105A-1,103,-97.873910,22.331120
shape_105A-1,104,-97.873240,22.335770
shape_105A-1,105,-97.873850,22.337150
shape_105A-1,106,-97.874420,22.338800
shape_105A-1,107,-97.875270,22.342460
shape_105A-1,108,-97.876350,22.345750
shape_105A-1,109,-97.879330,22.348830
shape_105A-1,110,-97.880650,22.349730
shape_105A-1,111,-97.882410,22.350720
shape_105A-1,112,-97.883570,22.351320
shape_105A-1,113,-97.885930,22.353190
shape_105A-1,114,-97.887240,22.354220
shape_105A-1,115,-97.882440,22.358980
shape_105A-1,116,-97.882090,22.358910
shape_105A-1,117,-97.881760,22.361080
shape_105A-1,118,-97.887780,22.361810
shape_105A-1,119,-97.886980,22.367380
shape_105A-1,120,-97.886480,22.367630
shape_105A-1,121,-97.885990,22.368140
shape_105A-1,122,-97.885630,22.371280
shape_105A-1,123,-97.885450,22.371560
shape_105A-1,124,-97.884940,22.371170
shape_105A-1,125,-97.884000,22.370170
shape_105A-1,126,-97.884600,22.368970
shape_105A-1,127,-97.882570,22.370180
shape_105A-1,128,-97.880310,22.366950
shape_105A-1,129,-97.880010,22.366870
shape_105A-1,130,-97.879640,22.366840
shape_105A-1,131,-97.878260,22.367760
shape_105A-1,132,-97.880490,22.370020
shape_105A-1,133,-97.880200,22.370270
shape_105A-1,134,-97.881830,22.372080
shape_105A-1,135,-97.879810,22.373910
shape_105A-1,136,-97.878130,22.372330
shape_105A-1,137,-97.878000,22.372360
shape_105A-1,138,-97.875790,22.369760
shape_105A-1,139,-97.875600,22.369830
shape_105A-1,140,-97.875110,22.369250
shape_105A-1,141,-97.873660,22.370300
shape_105A-1,142,-97.872700,22.369190
shape_105A-1,143,-97.874230,22.368130
shape_105A-1,144,-97.872330,22.365950
shape_105A-1,145,-97.872110,22.365630
shape_105-1,0,-97.872050,22.365300
shape_105-1,1,-97.872110,22.365630
shape_105-1,2,-97.872330,22.365950
shape_105-1,3,-97.874230,22.368130
shape_105-1,4,-97.872700,22.369190
shape_105-1,5,-97.873660,22.370300
shape_105-1,6,-97.875110,22.369250
shape_105-1,7,-97.875600,22.369830
shape_105-1,8,-97.875790,22.369760
shape_105-1,9,-97.878000,22.372360
shape_105-1,10,-97.878130,22.372330
shape_105-1,11,-97.879810,22.373910
shape_105-1,12,-97.881830,22.372080
shape_105-1,13,-97.880200,22.370270
shape_105-1,14,-97.880490,22.370020
shape_105-1,15,-97.878260,22.367760
shape_105-1,16,-97.879640,22.366840
shape_105-1,17,-97.880010,22.366870
shape_105-1,18,-97.880310,22.366950
shape_105-1,19,-97.882570,22.370180
shape_105-1,20,-97.884600,22.368970
shape_105-1,21,-97.884000,22.370170
shape_105-1,22,-97.884940,22.371170
shape_105-1,23,-97.885450,22.371560
shape_105-1,24,-97.885630,22.371280
shape_105-1,25,-97.885990,22.368140
shape_105-1,26,-97.886480,22.367630
shape_105-1,27,-97.886980,22.367380
shape_105-1,28,-97.887780,22.361810
shape_105-1,29,-97.881760,22.361080
shape_105-1,30,-97.882090,22.358910
shape_105-1,31,-97.882440,22.358980
shape_105-1,32,-97.887240,22.354220
shape_105-1,33,-97.885930,22.353190
shape_105-1,34,-97.883570,22.351320
shape_105-1,35,-97.882410,22.350720
shape_105-1,36,-97.880650,22.349730
shape_105-1,37,-97.879330,22.348830
shape_105-1,38,-97.876350,22.345750
shape_105-1,39,-97.875270,22.342460
shape_105-1,40,-97.874420,22.338800
shape_105-1,41,-97.873850,22.337150
shape_105-1,42,-97.873240,22.335770
shape_105-1,43,-97.873910,22.331120
shape_105-1,44,-97.881790,22.305970
shape_105-1,45,-97.881680,22.304600
shape_105-1,46,-97.873250,22.291040
shape_105-1,47,-97.872990,22.289410
shape_105-1,48,-97.872930,22.288000
shape_105-1,49,-97.873960,22.285010
shape_105-1,50,-97.872860,22.282410
shape_105-1,51,-97.873360,22.277080
shape_105-1,52,-97.874770,22.272760
shape_105-1,53,-97.873780,22.270150
shape_105-1,54,-97.873830,22.266980
shape_105-1,55,-97.874640,22.265230
shape_105-1,56,-97.876600,22.257270
shape_105-1,57,-97.876210,22.253990
shape_105-1,58,-97.873980,22.247910
shape_105-1,59,-97.873120,22.246520
shape_105-1,60,-97.865010,22.227440
shape_105-1,61,-97.863640,22.223940
shape_105-1,62,-97.863310,22.222270
shape_105-1,63,-97.863160,22.220620
shape_105-1,64,-97.862610,22.219490
shape_105-1,65,-97.859240,22.217940
shape_105-1,66,-97.861000,22.214500
shape_105-1,67,-97.863490,22.215660
shape_105-1,68,-97.862630,22.217460
shape_105-1,69,-97.858290,22.215620
shape_105-1,70,-97.858810,22.214740
shape_105-1,71,-97.859520,22.215080
shape_105-1,72,-97.859640,22.215240
shape_105-1,73,-97.857970,22.218400
shape_105-1,74,-97.863230,22.220640
shape_105-1,75,-97.863310,22.222270
shape_105-1,76,-97.863640,22.223940
shape_105-1,77,-97.865800,22.229500
shape_105-1,78,-97.864190,22.230360
shape_105-1,79,-97.862840,22.230690
shape_105-1,80,-97.863550,22.233370
shape_105-1,81,-97.863460,22.236970
shape_105-1,82,-97.863700,22.241140
shape_105-1,83,-97.864260,22.241180
shape_105-1,84,-97.864410,22.241440
shape_105-1,85,-97.866230,22.241300
shape_105-1,86,-97.866550,22.246820
shape_105-1,87,-97.866000,22.249920
shape_105-1,88,-97.863340,22.250730
shape_105-1,89,-97.863360,22.252800
shape_105-1,90,-97.864800,22.253060
shape_105-1,91,-97.864690,22.255220
shape_105-1,92,-97.863940,22.257250
shape_105-1,93,-97.860630,22.263280
shape_105-1,94,-97.859520,22.266980
shape_105-1,95,-97.856340,22.275360
shape_105-1,96,-97.854620,22.274250
shape_105-1,97,-97.855820,22.276270
shape_105-1,98,-97.856600,22.276870
shape_105-1,99,-97.859470,22.278450
shape_105-1,100,-97.862560,22.281000
shape_105-1,101,-97.865350,22.284370
shape_105-1,102,-97.870670,22.288260
shape_105-1,103,-97.873250,22.291040
shape_105-1,104,-97.881680,22.304600
shape_105-1,105,-97.881790,22.305970
shape_105-1,106,-97.873910,22.331120
shape_105-1,107,-97.873240,22.335770
shape_105-1,108,-97.873850,22.337150
shape_105-1,109,-97.874420,22.338800
shape_105-1,110,-97.875270,22.342460
shape_105-1,111,-97.876350,22.345750
shape_105-1,112,-97.879330,22.348830
shape_105-1,113,-97.880650,22.349730
shape_105-1,114,-97.882410,22.350720
shape_105-1,115,-97.883570,22.351320
shape_105-1,116,-97.885930,22.353190
shape_105-1,117,-97.887240,22.354220
shape_105-1,118,-97.882440,22.358980
shape_105-1,119,-97.882090,22.358910
shape_105-1,120,-97.881760,22.361080
shape_105-1,121,-97.887780,22.361810
shape_105-1,122,-97.886980,22.367380
shape_105-1,123,-97.886480,22.367630
shape_105-1,124,-97.885990,22.368140
shape_105-1,125,-97.885630,22.371280
shape_105-1,126,-97.885450,22.371560
shape_105-1,127,-97.884940,22.371170
shape_105-1,128,-97.884000,22.370170
shape_105-1,129,-97.884600,22.368970
shape_105-1,130,-97.882570,22.370180
shape_105-1,131,-97.880310,22.366950
shape_105-1,132,-97.880010,22.366870
shape_105-1,133,-97.879640,22.366840
shape_105-1,134,-97.878260,22.367760
shape_105-1,135,-97.880490,22.370020
shape_105-1,136,-97.880200,22.370270
shape_105-1,137,-97.881830,22.372080
shape_105-1,138,-97.879810,22.373910
shape_105-1,139,-97.878130,22.372330
shape_105-1,140,-97.878000,22.372360
shape_105-1,141,-97.875790,22.369760
shape_105-1,142,-97.875600,22.369830
shape_105-1,143,-97.875110,22.369250
shape_105-1,144,-97.873660,22.370300
shape_105-1,145,-97.872700,22.369190
shape_105-1,146,-97.874230,22.368130
shape_105-1,147,-97.872330,22.365950
shape_105-1,148,-97.872110,22.365630
shape_110-1,0,-97.966680,22.447310
shape_110-1,1,-97.967000,22.444490
shape_110-1,2,-97.967490,22.440940
shape_110-1,3,-97.967510,22.439790
shape_110-1,4,-97.967300,22.439160
shape_110-1,5,-97.950820,22.427470
shape_110-1,6,-97.946780,22.424380
shape_110-1,7,-97.942940,22.419920
shape_110-1,8,-97.942490,22.417930
shape_110-1,9,-97.939100,22.410410
shape_110-1,10,-97.937240,22.405650
shape_110-1,11,-97.937990,22.396880
shape_110-1,12,-97.937210,22.396050
shape_110-1,13,-97.933420,22.395400
shape_110-1,14,-97.930580,22.392560
shape_110-1,15,-97.929360,22.391590
shape_110-1,16,-97.924040,22.390540
shape_110-1,17,-97.923180,22.390300
shape_110-1,18,-97.922490,22.389820
shape_110-1,19,-97.922000,22.388810
shape_110-1,20,-97.920840,22.387560
shape_110-1,21,-97.918700,22.386570
shape_110-1,22,-97.906680,22.374680
shape_110-1,23,-97.902880,22.370990
shape_110-1,24,-97.899710,22.367720
shape_110-1,25,-97.887200,22.354200
shape_110-1,26,-97.883530,22.351210
shape_110-1,27,-97.879770,22.349220
shape_110-1,28,-97.876920,22.346520
shape_110-1,29,-97.876060,22.345250
shape_110-1,30,-97.873530,22.336520
shape_110-1,31,-97.873140,22.335210
shape_110-1,32,-97.873910,22.331400
shape_110-1,33,-97.880420,22.310580
shape_110-1,34,-97.882130,22.310500
shape_110-1,35,-97.882050,22.308410
shape_110-1,36,-97.874020,22.309030
shape_110-1,37,-97.868980,22.308750
shape_110-1,38,-97.869050,22.307180
shape_110-1,39,-97.866440,22.307170
shape_110-1,40,-97.864930,22.307120
shape_110-1,41,-97.863730,22.307090
shape_110-1,42,-97.863160,22.307340
shape_110-1,43,-97.861560,22.303550
shape_110-1,44,-97.857640,22.304930
shape_110-1,45,-97.857610,22.305090
shape_110-1,46,-97.855060,22.306140
shape_110-1,47,-97.852480,22.307110
shape_110-1,48,-97.849360,22.308210
shape_110-1,49,-97.849940,22.309870
shape_110-1,50,-97.852420,22.317370
shape_110-1,51,-97.852870,22.317920
shape_110-1,52,-97.855060,22.321090
shape_110-1,53,-97.855680,22.321890
shape_110-1,54,-97.855460,22.321940
shape_110-1,55,-97.855310,22.322140
shape_110-1,56,-97.856400,22.323680
shape_110-1,57,-97.856040,22.323930
shape_110-1,58,-97.853700,22.324910
shape_110-1,59,-97.852180,22.325110
shape_110-1,60,-97.851140,22.325250
shape_110-1,61,-97.851320,22.325890
shape_110-1,62,-97.849330,22.326370
shape_110-1,63,-97.849720,22.327720
shape_110-1,64,-97.847840,22.328420
shape_110-1,65,-97.847840,22.328420
shape_110-1,66,-97.849720,22.327720
shape_110-1,67,-97.849330,22.326370
shape_110-1,68,-97.851320,22.325890
shape_110-1,69,-97.851140,22.325250
shape_110-1,70,-97.852180,22.325110
shape_110-1,71,-97.853700,22.324910
shape_110-1,72,-97.856040,22.323930
shape_110-1,73,-97.856400,22.323680
shape_110-1,74,-97.855310,22.322140
shape_110-1,75,-97.855460,22.321940
shape_110-1,76,-97.855680,22.321890
shape_110-1,77,-97.855060,22.321090
shape_110-1,78,-97.852870,22.317920
shape_110-1,79,-97.852420,22.317370
shape_110-1,80,-97.849940,22.309870
shape_110-1,81,-97.849360,22.308210
shape_110-1,82,-97.852480,22.307110
shape_110-1,83,-97.855060,22.306140
shape_110-1,84,-97.857610,22.305090
shape_110-1,85,-97.857640,22.304930
shape_110-1,86,-97.861560,22.303550
shape_110-1,87,-97.863160,22.307340
shape_110-1,88,-97.863730,22.307090
shape_110-1,89,-97.864930,22.307120
shape_110-1,90,-97.866440,22.307170
shape_110-1,91,-97.869050,22.307180
shape_110-1,92,-97.868870,22.310760
shape_110-1,93,-97.874470,22.311010
shape_110-1,94,-97.878010,22.310740
shape_110-1,95,-97.879770,22.310640
shape_110-1,96,-97.880420,22.310580
shape_110-1,97,-97.873910,22.331400
shape_110-1,98,-97.873140,22.335210
shape_110-1,99,-97.873530,22.336520
shape_110-1,100,-97.876060,22.345250
shape_110-1,101,-97.876920,22.346520
shape_110-1,102,-97.879770,22.349220
shape_110-1,103,-97.883530,22.351210
shape_110-1,104,-97.887200,22.354200
shape_110-1,105,-97.899710,22.367720
shape_110-1,106,-97.902880,22.370990
shape_110-1,107,-97.906680,22.374680
shape_110-1,108,-97.918700,22.386570
shape_110-1,109,-97.920840,22.387560
shape_110-1,110,-97.922000,22.388810
shape_110-1,111,-97.922490,22.389820
shape_110-1,112,-97.923180,22.390300
shape_110-1,113,-97.924040,22.390540
shape_110-1,114,-97.929360,22.391590
shape_110-1,115,-97.930580,22.392560
shape_110-1,116,-97.933420,22.395400
shape_110-1,117,-97.937210,22.396050
shape_110-1,118,-97.937990,22.396880
shape_110-1,119,-97.937240,22.405650
shape_110-1,120,-97.939100,22.410410
shape_110-1,121,-97.941780,22.416700
shape_110-1,122,-97.941330,22.417040
shape_110-1,123,-97.940840,22.417120
shape_110-1,124,-97.942940,22.419920
shape_110-1,125,-97.946780,22.424380
shape_110-1,126,-97.950820,22.427470
shape_110-1,127,-97.967300,22.439160
shape_110-1,128,-97.967510,22.439790
shape_110-1,129,-97.967490,22.440940
shape_110-1,130,-97.967000,22.444490
shape_53-1,0,-97.941290,22.415370
shape_53-1,1,-97.937240,22.405670
shape_53-1,2,-97.938050,22.397180
shape_53-1,3,-97.937880,22.396390
shape_53-1,4,-97.937280,22.396030
shape_53-1,5,-97.933570,22.395420
shape_53-1,6,-97.931530,22.393490
shape_53-1,7,-97.929570,22.391690
shape_53-1,8,-97.924020,22.390480
shape_53-1,9,-97.923650,22.390460
shape_53-1,10,-97.922850,22.390150
shape_53-1,11,-97.922500,22.389720
shape_53-1,12,-97.922130,22.389060
shape_53-1,13,-97.921850,22.388550
shape_53-1,14,-97.920130,22.387220
shape_53-1,15,-97.918870,22.386730
shape_53-1,16,-97.909640,22.377620
shape_53-1,17,-97.905220,22.373210
shape_53-1,18,-97.900070,22.368290
shape_53-1,19,-97.890420,22.357720
shape_53-1,20,-97.887070,22.354050
shape_53-1,21,-97.884210,22.351760
shape_53-1,22,-97.882690,22.350830
shape_53-1,23,-97.879880,22.349280
shape_53-1,24,-97.876870,22.346380
shape_53-1,25,-97.875870,22.344780
shape_53-1,26,-97.873870,22.337490
shape_53-1,27,-97.873160,22.335490
shape_53-1,28,-97.873700,22.332150
shape_53-1,29,-97.879410,22.314090
shape_53-1,30,-97.881100,22.308730
shape_53-1,31,-97.881790,22.306050
shape_53-1,32,-97.881640,22.304740
shape_53-1,33,-97.875890,22.295050
shape_53-1,34,-97.873360,22.291240
shape_53-1,35,-97.872990,22.289160
shape_53-1,36,-97.873030,22.287710
shape_53-1,37,-97.873870,22.285400
shape_53-1,38,-97.873830,22.284030
shape_53-1,39,-97.872970,22.282520
shape_53-1,40,-97.873100,22.278730
shape_53-1,41,-97.874130,22.275000
shape_53-1,42,-97.874730,22.272600
shape_53-1,43,-97.873700,22.270080
shape_53-1,44,-97.873760,22.267100
shape_53-1,45,-97.874600,22.265170
shape_53-1,46,-97.876660,22.257410
shape_53-1,47,-97.876100,22.253750
shape_53-1,48,-97.874020,22.247990
shape_53-1,49,-97.872000,22.244440
shape_53-1,50,-97.869990,22.239470
shape_53-1,51,-97.868330,22.236120
shape_53-1,52,-97.866000,22.230140
shape_53-1,53,-97.863500,22.223580
shape_53-1,54,-97.863240,22.220600
shape_53-1,55,-97.862670,22.219410
shape_53-1,56,-97.857520,22.217140
shape_53-1,57,-97.858820,22.214780
shape_53-1,58,-97.859680,22.215150
shape_53-1,59,-97.857970,22.218370
shape_53-1,60,-97.863240,22.220600
shape_53-1,61,-97.863240,22.220600
shape_53-1,62,-97.857970,22.218370
shape_53-1,63,-97.859680,22.215150
shape_53-1,64,-97.858820,22.214780
shape_53-1,65,-97.857520,22.217140
shape_53-1,66,-97.862670,22.219410
shape_53-1,67,-97.863240,22.220600
shape_53-1,68,-97.863500,22.223580
shape_53-1,69,-97.866000,22.230140
shape_53-1,70,-97.868330,22.236120
shape_53-1,71,-97.869990,22.239470
shape_53-1,72,-97.872000,22.244440
shape_53-1,73,-97.874020,22.247990
shape_53-1,74,-97.876100,22.253750
shape_53-1,75,-97.876660,22.257410
shape_53-1,76,-97.874600,22.265170
shape_53-1,77,-97.873760,22.267100
shape_53-1,78,-97.873700,22.270080
shape_53-1,79,-97.874730,22.272600
shape_53-1,80,-97.874130,22.275000
shape_53-1,81,-97.873100,22.278730
shape_53-1,82,-97.872970,22.282520
shape_53-1,83,-97.873830,22.284030
shape_53-1,84,-97.873870,22.285400
shape_53-1,85,-97.873030,22.287710
shape_53-1,86,-97.872990,22.289160
shape_53-1,87,-97.873360,22.291240
shape_53-1,88,-97.875890,22.295050
shape_53-1,89,-97.881640,22.304740
shape_53-1,90,-97.881790,22.306050
shape_53-1,91,-97.881100,22.308730
shape_53-1,92,-97.879410,22.314090
shape_53-1,93,-97.873700,22.332150
shape_53-1,94,-97.873160,22.335490
shape_53-1,95,-97.873870,22.337490
shape_53-1,96,-97.875870,22.344780
shape_53-1,97,-97.876870,22.346380
shape_53-1,98,-97.879880,22.349280
shape_53-1,99,-97.882690,22.350830
shape_53-1,100,-97.884210,22.351760
shape_53-1,101,-97.887070,22.354050
shape_53-1,102,-97.890420,22.357720
shape_53-1,103,-97.900070,22.368290
shape_53-1,104,-97.905220,22.373210
shape_53-1,105,-97.909640,22.377620
shape_53-1,106,-97.918870,22.386730
shape_53-1,107,-97.920130,22.387220
shape_53-1,108,-97.921850,22.388550
shape_53-1,109,-97.922130,22.389060
shape_53-1,110,-97.922500,22.389720
shape_53-1,111,-97.922850,22.390150
shape_53-1,112,-97.923650,22.390460
shape_53-1,113,-97.924020,22.390480
shape_53-1,114,-97.929570,22.391690
shape_53-1,115,-97.931530,22.393490
shape_53-1,116,-97.933570,22.395420
shape_53-1,117,-97.937280,22.396030
shape_53-1,118,-97.937880,22.396390
shape_53-1,119,-97.938050,22.397180
shape_53-1,120,-97.937230,22.405670
shape_109A-1,0,-97.893330,22.435470
shape_109A-1,1,-97.886190,22.424140
shape_109A-1,2,-97.885030,22.422100
shape_109A-1,3,-97.884730,22.420050
shape_109A-1,4,-97.886770,22.414060
shape_109A-1,5,-97.897000,22.385710
shape_109A-1,6,-97.900440,22.381670
shape_109A-1,7,-97.901810,22.376890
shape_109A-1,8,-97.903420,22.374480
shape_109A-1,9,-97.904110,22.373190
shape_109A-1,10,-97.903550,22.371550
shape_109A-1,11,-97.898180,22.366250
shape_109A-1,12,-97.887240,22.354180
shape_109A-1,13,-97.883720,22.351390
shape_109A-1,14,-97.882670,22.350930
shape_109A-1,15,-97.880120,22.349400
shape_109A-1,16,-97.876700,22.346290
shape_109A-1,17,-97.875890,22.344720
shape_109A-1,18,-97.873190,22.335250
shape_109A-1,19,-97.873910,22.331420
shape_109A-1,20,-97.881810,22.306150
shape_109A-1,21,-97.881700,22.304900
shape_109A-1,22,-97.881420,22.303990
shape_109A-1,23,-97.873270,22.291100
shape_109A-1,24,-97.873120,22.289570
shape_109A-1,25,-97.872990,22.288100
shape_109A-1,26,-97.873890,22.285580
shape_109A-1,27,-97.873850,22.284350
shape_109A-1,28,-97.872990,22.282330
shape_109A-1,29,-97.873060,22.279370
shape_109A-1,30,-97.874000,22.275460
shape_109A-1,31,-97.874790,22.272580
shape_109A-1,32,-97.873810,22.270310
shape_109A-1,33,-97.873740,22.267020
shape_109A-1,34,-97.874600,22.265370
shape_109A-1,35,-97.876570,22.257450
shape_109A-1,36,-97.876420,22.255140
shape_109A-1,37,-97.874300,22.248830
shape_109A-1,38,-97.871550,22.243310
shape_109A-1,39,-97.867300,22.233530
shape_109A-1,40,-97.863380,22.223440
shape_109A-1,41,-97.863210,22.220640
shape_109A-1,42,-97.857990,22.218400
shape_109A-1,43,-97.859670,22.215190
shape_109A-1,44,-97.859670,22.215190
shape_109A-1,45,-97.858790,22.214760
shape_109A-1,46,-97.858360,22.215620
shape_109A-1,47,-97.862620,22.217490
shape_109A-1,48,-97.863460,22.215680
shape_109A-1,49,-97.860950,22.214540
shape_109A-1,50,-97.859260,22.217920
shape_109A-1,51,-97.862670,22.219430
shape_109A-1,52,-97.863210,22.220640
shape_109A-1,53,-97.863380,22.223440
shape_109A-1,54,-97.865090,22.227500
shape_109A-1,55,-97.864060,22.229800
shape_109A-1,56,-97.865310,22.234450
shape_109A-1,57,-97.866270,22.237210
shape_109A-1,58,-97.867090,22.242750
shape_109A-1,59,-97.867000,22.244420
shape_109A-1,60,-97.867260,22.245730
shape_109A-1,61,-97.867650,22.247060
shape_109A-1,62,-97.867200,22.249480
shape_109A-1,63,-97.866730,22.251210
shape_109A-1,64,-97.864800,22.254450
shape_109A-1,65,-97.864750,22.255260
shape_109A-1,66,-97.863760,22.257520
shape_109A-1,67,-97.860470,22.263390
shape_109A-1,68,-97.859390,22.267140
shape_109A-1,69,-97.856380,22.275440
shape_109A-1,70,-97.858570,22.277540
shape_109A-1,71,-97.862860,22.281350
shape_109A-1,72,-97.865740,22.284690
shape_109A-1,73,-97.870540,22.288220
shape_109A-1,74,-97.872910,22.289570
shape_109A-1,75,-97.873270,22.291100
shape_109A-1,76,-97.881420,22.303990
shape_109A-1,77,-97.881700,22.304900
shape_109A-1,78,-97.881810,22.306150
shape_109A-1,79,-97.873910,22.331420
shape_109A-1,80,-97.873190,22.335250
shape_109A-1,81,-97.875890,22.344720
shape_109A-1,82,-97.876700,22.346290
shape_109A-1,83,-97.880120,22.349400
shape_109A-1,84,-97.882670,22.350930
shape_109A-1,85,-97.883720,22.351390
shape_109A-1,86,-97.887240,22.354180
shape_109A-1,87,-97.898180,22.366250
shape_109A-1,88,-97.903550,22.371550
shape_109A-1,89,-97.904110,22.373190
shape_109A-1,90,-97.903420,22.374480
shape_109A-1,91,-97.901810,22.376890
shape_109A-1,92,-97.900440,22.381670
shape_109A-1,93,-97.897000,22.385710
shape_109A-1,94,-97.886770,22.414060
shape_109A-1,95,-97.884730,22.420050
shape_109A-1,96,-97.885030,22.422100
shape_109A-1,97,-97.886190,22.424140
shape_103A-1,0,-97.878610,22.383750
shape_103A-1,1,-97.878380,22.385810
shape_103A-1,2,-97.883960,22.386610
shape_103A-1,3,-97.885110,22.389960
shape_103A-1,4,-97.884810,22.391350
shape_103A-1,5,-97.884360,22.392200
shape_103A-1,6,-97.883890,22.395890
shape_103A-1,7,-97.888250,22.395560
shape_103A-1,8,-97.893270,22.395500
shape_103A-1,9,-97.894560,22.395890
shape_103A-1,10,-97.900050,22.397040
shape_103A-1,11,-97.901140,22.396630
shape_103A-1,12,-97.912220,22.387440
shape_103A-1,13,-97.913440,22.386330
shape_103A-1,14,-97.914280,22.384460
shape_103A-1,15,-97.915260,22.383350
shape_103A-1,16,-97.903160,22.371210
shape_103A-1,17,-97.892690,22.360280
shape_103A-1,18,-97.887180,22.354220
shape_103A-1,19,-97.884020,22.351640
shape_103A-1,20,-97.882130,22.350610
shape_103A-1,21,-97.880010,22.349440
shape_103A-1,22,-97.877650,22.347240
shape_103A-1,23,-97.876250,22.345670
shape_103A-1,24,-97.873850,22.337810
shape_103A-1,25,-97.873250,22.335310
shape_103A-1,26,-97.873910,22.331200
shape_103A-1,27,-97.880520,22.310560
shape_103A-1,28,-97.881120,22.308610
shape_103A-1,29,-97.881730,22.306110
shape_103A-1,30,-97.881680,22.305020
shape_103A-1,31,-97.879730,22.301290
shape_103A-1,32,-97.873310,22.291080
shape_103A-1,33,-97.872950,22.288080
shape_103A-1,34,-97.874040,22.285110
shape_103A-1,35,-97.872910,22.282470
shape_103A-1,36,-97.873060,22.279590
shape_103A-1,37,-97.873940,22.275400
shape_103A-1,38,-97.874660,22.272780
shape_103A-1,39,-97.873700,22.269780
shape_103A-1,40,-97.873850,22.266960
shape_103A-1,41,-97.874490,22.265530
shape_103A-1,42,-97.876600,22.257270
shape_103A-1,43,-97.876510,22.255180
shape_103A-1,44,-97.873960,22.247930
shape_103A-1,45,-97.871210,22.242570
shape_103A-1,46,-97.863460,22.223400
shape_103A-1,47,-97.863360,22.222090
shape_103A-1,48,-97.863210,22.220560
shape_103A-1,49,-97.857990,22.218340
shape_103A-1,50,-97.859580,22.215140
shape_103A-1,51,-97.859580,22.215140
shape_103A-1,52,-97.858850,22.214800
shape_103A-1,53,-97.858380,22.215680
shape_103A-1,54,-97.862610,22.217500
shape_103A-1,55,-97.863550,22.215680
shape_103A-1,56,-97.860970,22.214580
shape_103A-1,57,-97.859280,22.217940
shape_103A-1,58,-97.862650,22.219410
shape_103A-1,59,-97.863210,22.220560
shape_103A-1,60,-97.863360,22.222090
shape_103A-1,61,-97.863460,22.223400
shape_103A-1,62,-97.865090,22.227340
shape_103A-1,63,-97.864410,22.228910
shape_103A-1,64,-97.864150,22.229740
shape_103A-1,65,-97.864300,22.230610
shape_103A-1,66,-97.866250,22.237330
shape_103A-1,67,-97.866980,22.244240
shape_103A-1,68,-97.867690,22.247080
shape_103A-1,69,-97.867280,22.249440
shape_103A-1,70,-97.866810,22.250870
shape_103A-1,71,-97.865310,22.253670
shape_103A-1,72,-97.863810,22.257370
shape_103A-1,73,-97.860590,22.263360
shape_103A-1,74,-97.859390,22.267060
shape_103A-1,75,-97.857970,22.271230
shape_103A-1,76,-97.856300,22.275400
shape_103A-1,77,-97.861580,22.280000
shape_103A-1,78,-97.865780,22.284850
shape_103A-1,79,-97.871150,22.288780
shape_103A-1,80,-97.873310,22.291080
shape_103A-1,81,-97.879730,22.301290
shape_103A-1,82,-97.881680,22.305020
shape_103A-1,83,-97.881730,22.306110
shape_103A-1,84,-97.881120,22.308610
shape_103A-1,85,-97.880520,22.310560
shape_103A-1,86,-97.873910,22.331200
shape_103A-1,87,-97.873250,22.335310
shape_103A-1,88,-97.873850,22.337810
shape_103A-1,89,-97.876250,22.345670
shape_103A-1,90,-97.877650,22.347240
shape_103A-1,91,-97.880010,22.349440
shape_103A-1,92,-97.882130,22.350610
shape_103A-1,93,-97.884020,22.351640
shape_103A-1,94,-97.887180,22.354220
shape_103A-1,95,-97.892690,22.360280
shape_103A-1,96,-97.903160,22.371210
shape_103A-1,97,-97.915260,22.383350
shape_103A-1,98,-97.914280,22.384460
shape_103A-1,99,-97.913440,22.386330
shape_103A-1,100,-97.912220,22.387440
shape_103A-1,101,-97.901140,22.396630
shape_103A-1,102,-97.900050,22.397040
shape_103A-1,103,-97.894560,22.395890
shape_103A-1,104,-97.893270,22.395500
shape_103A-1,105,-97.888250,22.395560
shape_103A-1,106,-97.883890,22.395890
shape_103A-1,107,-97.884360,22.392200
shape_103A-1,108,-97.884810,22.391350
shape_103A-1,109,-97.885110,22.389960
shape_103A-1,110,-97.883960,22.386610
shape_103A-1,111,-97.878380,22.385810
shape_109-1,0,-97.893330,22.435470
shape_109-1,1,-97.886190,22.424140
shape_109-1,2,-97.885030,22.422100
shape_109-1,3,-97.884730,22.420050
shape_109-1,4,-97.886770,22.414060
shape_109-1,5,-97.897000,22.385710
shape_109-1,6,-97.900440,22.381670
shape_109-1,7,-97.901810,22.376890
shape_109-1,8,-97.903420,22.374480
shape_109-1,9,-97.904110,22.373190
shape_109-1,10,-97.903550,22.371550
shape_109-1,11,-97.898180,22.366250
shape_109-1,12,-97.894920,22.362580
shape_109-1,13,-97.891660,22.359130
shape_109-1,14,-97.887240,22.354180
shape_109-1,15,-97.883720,22.351390
shape_109-1,16,-97.882670,22.350930
shape_109-1,17,-97.880120,22.349400
shape_109-1,18,-97.876700,22.346290
shape_109-1,19,-97.875890,22.344720
shape_109-1,20,-97.873190,22.335250
shape_109-1,21,-97.873910,22.331420
shape_109-1,22,-97.876340,22.323680
shape_109-1,23,-97.878140,22.318160
shape_109-1,24,-97.880420,22.310970
shape_109-1,25,-97.881020,22.308750
shape_109-1,26,-97.881810,22.306150
shape_109-1,27,-97.881700,22.304900
shape_109-1,28,-97.881420,22.303990
shape_109-1,29,-97.873270,22.291100
shape_109-1,30,-97.873120,22.289570
shape_109-1,31,-97.872990,22.288100
shape_109-1,32,-97.873890,22.285580
shape_109-1,33,-97.873850,22.284350
shape_109-1,34,-97.872990,22.282330
shape_109-1,35,-97.873060,22.279370
shape_109-1,36,-97.874000,22.275460
shape_109-1,37,-97.874790,22.272580
shape_109-1,38,-97.873810,22.270310
shape_109-1,39,-97.873740,22.267020
shape_109-1,40,-97.874600,22.265370
shape_109-1,41,-97.876570,22.257450
shape_109-1,42,-97.876420,22.255140
shape_109-1,43,-97.874300,22.248830
shape_109-1,44,-97.871550,22.243310
shape_109-1,45,-97.867300,22.233530
shape_109-1,46,-97.865090,22.227930
shape_109-1,47,-97.863380,22.223440
shape_109-1,48,-97.863210,22.220640
shape_109-1,49,-97.862670,22.219430
shape_109-1,50,-97.859260,22.217920
shape_109-1,51,-97.860950,22.214540
shape_109-1,52,-97.863460,22.215680
shape_109-1,53,-97.862620,22.217490
shape_109-1,54,-97.858360,22.215620
shape_109-1,55,-97.858790,22.214760
shape_109-1,56,-97.859670,22.215190
shape_109-1,57,-97.859670,22.215190
shape_109-1,58,-97.858040,22.218360
shape_109-1,59,-97.863210,22.220640
shape_109-1,60,-97.863380,22.223440
shape_109-1,61,-97.864640,22.226560
shape_109-1,62,-97.866360,22.231070
shape_109-1,63,-97.867300,22.233530
shape_109-1,64,-97.869790,22.239020
shape_109-1,65,-97.867670,22.239830
shape_109-1,66,-97.868010,22.240820
shape_109-1,67,-97.866900,22.241240
shape_109-1,68,-97.866270,22.241300
shape_109-1,69,-97.866340,22.243740
shape_109-1,70,-97.866490,22.246860
shape_109-1,71,-97.866060,22.249900
shape_109-1,72,-97.863300,22.250700
shape_109-1,73,-97.863340,22.252760
shape_109-1,74,-97.864770,22.253050
shape_109-1,75,-97.864750,22.255200
shape_109-1,76,-97.863550,22.257900
shape_109-1,77,-97.862220,22.260230
shape_109-1,78,-97.860440,22.263360
shape_109-1,79,-97.859090,22.268170
shape_109-1,80,-97.857710,22.271860
shape_109-1,81,-97.856320,22.275420
shape_109-1,82,-97.855400,22.274780
shape_109-1,83,-97.855200,22.274860
shape_109-1,84,-97.855120,22.275040
shape_109-1,85,-97.856130,22.276650
shape_109-1,86,-97.859000,22.277980
shape_109-1,87,-97.862910,22.281270
shape_109-1,88,-97.865520,22.284610
shape_109-1,89,-97.870420,22.288120
shape_109-1,90,-97.873270,22.291100
shape_109-1,91,-97.876470,22.296130
shape_109-1,92,-97.879560,22.301090
shape_109-1,93,-97.881420,22.303990
shape_109-1,94,-97.881700,22.304900
shape_109-1,95,-97.881810,22.306150
shape_109-1,96,-97.881140,22.308430
shape_109-1,97,-97.880540,22.310260
shape_109-1,98,-97.878360,22.317130
shape_109-1,99,-97.876420,22.323400
shape_109-1,100,-97.873910,22.331420
shape_109-1,101,-97.873190,22.335250
shape_109-1,102,-97.873250,22.335950
shape_109-1,103,-97.875890,22.344720
shape_109-1,104,-97.876700,22.346290
shape_109-1,105,-97.880120,22.349400
shape_109-1,106,-97.882670,22.350930
shape_109-1,107,-97.883720,22.351390
shape_109-1,108,-97.887240,22.354180
shape_109-1,109,-97.892220,22.359520
shape_109-1,110,-97.898180,22.366250
shape_109-1,111,-97.903550,22.371550
shape_109-1,112,-97.904110,22.373190
shape_109-1,113,-97.903420,22.374480
shape_109-1,114,-97.901810,22.376890
shape_109-1,115,-97.900440,22.381670
shape_109-1,116,-97.897000,22.385710
shape_109-1,117,-97.886770,22.414060
shape_109-1,118,-97.884730,22.420050
shape_109-1,119,-97.885030,22.422100
shape_109-1,120,-97.886190,22.424140
shape_103-1,0,-97.878610,22.383750
shape_103-1,1,-97.878380,22.385810
shape_103-1,2,-97.883960,22.386610
shape_103-1,3,-97.885110,22.389960
shape_103-1,4,-97.884810,22.391350
shape_103-1,5,-97.884360,22.392200
shape_103-1,6,-97.883890,22.395890
shape_103-1,7,-97.888250,22.395560
shape_103-1,8,-97.893270,22.395500
shape_103-1,9,-97.894560,22.395890
shape_103-1,10,-97.900050,22.397040
shape_103-1,11,-97.901140,22.396630
shape_103-1,12,-97.912220,22.387440
shape_103-1,13,-97.913440,22.386330
shape_103-1,14,-97.914280,22.384460
shape_103-1,15,-97.915260,22.383350
shape_103-1,16,-97.903160,22.371210
shape_103-1,17,-97.892690,22.360280
shape_103-1,18,-97.887180,22.354220
shape_103-1,19,-97.884020,22.351640
shape_103-1,20,-97.882130,22.350610
shape_103-1,21,-97.880010,22.349440
shape_103-1,22,-97.877650,22.347240
shape_103-1,23,-97.876250,22.345670
shape_103-1,24,-97.873850,22.337810
shape_103-1,25,-97.873250,22.335310
shape_103-1,26,-97.873910,22.331200
shape_103-1,27,-97.876680,22.322610
shape_103-1,28,-97.878660,22.316890
shape_103-1,29,-97.880520,22.310560
shape_103-1,30,-97.881120,22.308610
shape_103-1,31,-97.881730,22.306110
shape_103-1,32,-97.881680,22.305020
shape_103-1,33,-97.879730,22.301290
shape_103-1,34,-97.876250,22.295850
shape_103-1,35,-97.873310,22.291080
shape_103-1,36,-97.872950,22.288080
shape_103-1,37,-97.874040,22.285110
shape_103-1,38,-97.872910,22.282470
shape_103-1,39,-97.873060,22.279590
shape_103-1,40,-97.873940,22.275400
shape_103-1,41,-97.874660,22.272780
shape_103-1,42,-97.873700,22.269780
shape_103-1,43,-97.873850,22.266960
shape_103-1,44,-97.874490,22.265530
shape_103-1,45,-97.875650,22.261140
shape_103-1,46,-97.876600,22.257270
shape_103-1,47,-97.876510,22.255180
shape_103-1,48,-97.873960,22.247930
shape_103-1,49,-97.871210,22.242570
shape_103-1,50,-97.869040,22.237230
shape_103-1,51,-97.867160,22.232860
shape_103-1,52,-97.864750,22.227060
shape_103-1,53,-97.863460,22.223400
shape_103-1,54,-97.863360,22.222090
shape_103-1,55,-97.863210,22.220560
shape_103-1,56,-97.862650,22.219390
shape_103-1,57,-97.859260,22.217900
shape_103-1,58,-97.860970,22.214580
shape_103-1,59,-97.863440,22.215660
shape_103-1,60,-97.862610,22.217500
shape_103-1,61,-97.858290,22.215660
shape_103-1,62,-97.858760,22.214780
shape_103-1,63,-97.859580,22.215140
shape_103-1,64,-97.859580,22.215140
shape_103-1,65,-97.858040,22.218360
shape_103-1,66,-97.863260,22.220640
shape_103-1,67,-97.863360,22.222090
shape_103-1,68,-97.863460,22.223400
shape_103-1,69,-97.864880,22.226980
shape_103-1,70,-97.866640,22.231590
shape_103-1,71,-97.868310,22.235840
shape_103-1,72,-97.870180,22.240120
shape_103-1,73,-97.868080,22.240840
shape_103-1,74,-97.866290,22.241260
shape_103-1,75,-97.866470,22.245430
shape_103-1,76,-97.866490,22.247600
shape_103-1,77,-97.866040,22.249920
shape_103-1,78,-97.863230,22.250790
shape_103-1,79,-97.863310,22.252780
shape_103-1,80,-97.864730,22.253060
shape_103-1,81,-97.864690,22.255220
shape_103-1,82,-97.863810,22.257250
shape_103-1,83,-97.861080,22.262490
shape_103-1,84,-97.860440,22.263600
shape_103-1,85,-97.859600,22.266520
shape_103-1,86,-97.858100,22.270790
shape_103-1,87,-97.856430,22.275480
shape_103-1,88,-97.855310,22.274740
shape_103-1,89,-97.855140,22.274840
shape_103-1,90,-97.855130,22.275020
shape_103-1,91,-97.856000,22.276430
shape_103-1,92,-97.856560,22.276880
shape_103-1,93,-97.858830,22.278020
shape_103-1,94,-97.862950,22.281190
shape_103-1,95,-97.865780,22.284810
shape_103-1,96,-97.870500,22.288100
shape_103-1,97,-97.873310,22.291080
shape_103-1,98,-97.879730,22.301290
shape_103-1,99,-97.881680,22.305020
shape_103-1,100,-97.881730,22.306110
shape_103-1,101,-97.881120,22.308610
shape_103-1,102,-97.880520,22.310560
shape_103-1,103,-97.878490,22.317050
shape_103-1,104,-97.876600,22.323240
shape_103-1,105,-97.873910,22.331200
shape_103-1,106,-97.873250,22.335310
shape_103-1,107,-97.873850,22.337810
shape_103-1,108,-97.876250,22.345670
shape_103-1,109,-97.877650,22.347240
shape_103-1,110,-97.880010,22.349440
shape_103-1,111,-97.882130,22.350610
shape_103-1,112,-97.884020,22.351640
shape_103-1,113,-97.887180,22.354220
shape_103-1,114,-97.892690,22.360280
shape_103-1,115,-97.901270,22.369540
shape_103-1,116,-97.902190,22.371470
shape_103-1,117,-97.903680,22.373570
shape_103-1,118,-97.907690,22.375710
shape_103-1,119,-97.915260,22.383350
shape_103-1,120,-97.914280,22.384460
shape_103-1,121,-97.913440,22.386330
shape_103-1,122,-97.912220,22.387440
shape_103-1,123,-97.906980,22.391870
shape_103-1,124,-97.901140,22.396630
shape_103-1,125,-97.900050,22.397040
shape_103-1,126,-97.894560,22.395890
shape_103-1,127,-97.893270,22.395500
shape_103-1,128,-97.888250,22.395560
shape_103-1,129,-97.883890,22.395890
shape_103-1,130,-97.884360,22.392200
shape_103-1,131,-97.884810,22.391350
shape_103-1,132,-97.885110,22.389960
shape_103-1,133,-97.883960,22.386610
shape_103-1,134,-97.883640,22.385360
shape_103-1,135,-97.883680,22.384330
shape_103-1,136,-97.878700,22.383770
shape_100-1,0,-97.950370,22.392860
shape_100-1,1,-97.947710,22.392620
shape_100-1,2,-97.947500,22.394480
shape_100-1,3,-97.948260,22.395150
shape_100-1,4,-97.949170,22.395450
shape_100-1,5,-97.950210,22.394810
shape_100-1,6,-97.950410,22.392660
shape_100-1,7,-97.950430,22.392390
shape_100-1,8,-97.951700,22.390810
shape_100-1,9,-97.950290,22.387770
shape_100-1,10,-97.947020,22.387220
shape_100-1,11,-97.946960,22.387840
shape_100-1,12,-97.944490,22.387610
shape_100-1,13,-97.944400,22.388580
shape_100-1,14,-97.942880,22.388360
shape_100-1,15,-97.942460,22.388580
shape_100-1,16,-97.941820,22.388520
shape_100-1,17,-97.941560,22.391120
shape_100-1,18,-97.940730,22.397560
shape_100-1,19,-97.940790,22.398460
shape_100-1,20,-97.940610,22.399360
shape_100-1,21,-97.937810,22.398980
shape_100-1,22,-97.938000,22.397090
shape_100-1,23,-97.937770,22.396440
shape_100-1,24,-97.937030,22.396010
shape_100-1,25,-97.933860,22.395470
shape_100-1,26,-97.933160,22.395130
shape_100-1,27,-97.930330,22.392300
shape_100-1,28,-97.929730,22.391810
shape_100-1,29,-97.924430,22.390600
shape_100-1,30,-97.923700,22.390440
shape_100-1,31,-97.922930,22.390190
shape_100-1,32,-97.922440,22.389640
shape_100-1,33,-97.922100,22.388920
shape_100-1,34,-97.921580,22.388280
shape_100-1,35,-97.920370,22.387340
shape_100-1,36,-97.919060,22.386960
shape_100-1,37,-97.912300,22.380400
shape_100-1,38,-97.907800,22.375830
shape_100-1,39,-97.903780,22.371770
shape_100-1,40,-97.899940,22.368040
shape_100-1,41,-97.889860,22.357040
shape_100-1,42,-97.886980,22.353990
shape_100-1,43,-97.883440,22.351170
shape_100-1,44,-97.880220,22.349520
shape_100-1,45,-97.878160,22.347790
shape_100-1,46,-97.876490,22.345830
shape_100-1,47,-97.875800,22.344560
shape_100-1,48,-97.873360,22.336360
shape_100-1,49,-97.873140,22.335230
shape_100-1,50,-97.875570,22.326020
shape_100-1,51,-97.881100,22.308570
shape_100-1,52,-97.881750,22.306510
shape_100-1,53,-97.881550,22.304480
shape_100-1,54,-97.873310,22.291080
shape_100-1,55,-97.872950,22.288220
shape_100-1,56,-97.874060,22.285250
shape_100-1,57,-97.872950,22.282470
shape_100-1,58,-97.873080,22.279070
shape_100-1,59,-97.874000,22.275360
shape_100-1,60,-97.874730,22.272660
shape_100-1,61,-97.873680,22.270000
shape_100-1,62,-97.873780,22.266900
shape_100-1,63,-97.874580,22.265430
shape_100-1,64,-97.876150,22.259490
shape_100-1,65,-97.876640,22.257290
shape_100-1,66,-97.876120,22.253770
shape_100-1,67,-97.874370,22.248870
shape_100-1,68,-97.873080,22.246480
shape_100-1,69,-97.870570,22.241140
shape_100-1,70,-97.867690,22.234410
shape_100-1,71,-97.864340,22.225890
shape_100-1,72,-97.863360,22.223160
shape_100-1,73,-97.863210,22.220640
shape_100-1,74,-97.862710,22.219430
shape_100-1,75,-97.859240,22.217940
shape_100-1,76,-97.860040,22.216340
shape_100-1,77,-97.860990,22.214590
shape_100-1,78,-97.863490,22.215680
shape_100-1,79,-97.862670,22.217480
shape_100-1,80,-97.858420,22.215630
shape_100-1,81,-97.858810,22.214730
shape_100-1,82,-97.859680,22.215190
shape_100-1,83,-97.859680,22.215190
shape_100-1,84,-97.858850,22.216630
shape_100-1,85,-97.857990,22.218400
shape_100-1,86,-97.862280,22.220260
shape_100-1,87,-97.863210,22.220640
shape_100-1,88,-97.863360,22.223160
shape_100-1,89,-97.864340,22.225890
shape_100-1,90,-97.865030,22.227380
shape_100-1,91,-97.864130,22.229800
shape_100-1,92,-97.865500,22.234860
shape_100-1,93,-97.866620,22.238820
shape_100-1,94,-97.867130,22.242790
shape_100-1,95,-97.867070,22.244870
shape_100-1,96,-97.867640,22.247020
shape_100-1,97,-97.867160,22.250140
shape_100-1,98,-97.865500,22.253160
shape_100-1,99,-97.864750,22.254570
shape_100-1,100,-97.864620,22.255600
shape_100-1,101,-97.862630,22.259430
shape_100-1,102,-97.860680,22.263200
shape_100-1,103,-97.856300,22.275460
shape_100-1,104,-97.854430,22.273990
shape_100-1,105,-97.854340,22.274190
shape_100-1,106,-97.855890,22.276270
shape_100-1,107,-97.856810,22.277040
shape_100-1,108,-97.859260,22.278160
shape_100-1,109,-97.862820,22.281120
shape_100-1,110,-97.865770,22.284790
shape_100-1,111,-97.870700,22.288460
shape_100-1,112,-97.873310,22.291080
shape_100-1,113,-97.881550,22.304480
shape_100-1,114,-97.881750,22.306510
shape_100-1,115,-97.881100,22.308570
shape_100-1,116,-97.875570,22.326020
shape_100-1,117,-97.873140,22.335230
shape_100-1,118,-97.873360,22.336360
shape_100-1,119,-97.875800,22.344560
shape_100-1,120,-97.876490,22.345830
shape_100-1,121,-97.878160,22.347790
shape_100-1,122,-97.880220,22.349520
shape_100-1,123,-97.883440,22.351170
shape_100-1,124,-97.886980,22.353990
shape_100-1,125,-97.889860,22.357040
shape_100-1,126,-97.899940,22.368040
shape_100-1,127,-97.903780,22.371770
shape_100-1,128,-97.907800,22.375830
shape_100-1,129,-97.912300,22.380400
shape_100-1,130,-97.919060,22.386960
shape_100-1,131,-97.920370,22.387340
shape_100-1,132,-97.921580,22.388280
shape_100-1,133,-97.922100,22.388920
shape_100-1,134,-97.922440,22.389640
shape_100-1,135,-97.922930,22.390190
shape_100-1,136,-97.923700,22.390440
shape_100-1,137,-97.924430,22.390600
shape_100-1,138,-97.929730,22.391810
shape_100-1,139,-97.930330,22.392300
shape_100-1,140,-97.933160,22.395130
shape_100-1,141,-97.933860,22.395470
shape_100-1,142,-97.937030,22.396010
shape_100-1,143,-97.937770,22.396440
shape_100-1,144,-97.938000,22.397090
shape_100-1,145,-97.937810,22.398980
shape_100-1,146,-97.940610,22.399360
shape_100-1,147,-97.940790,22.398460
shape_100-1,148,-97.940730,22.397560
shape_100-1,149,-97.941560,22.391120
shape_100-1,150,-97.941820,22.388520
shape_100-1,151,-97.942460,22.388580
shape_100-1,152,-97.942880,22.388360
shape_100-1,153,-97.944400,22.388580
shape_100-1,154,-97.944490,22.387610
shape_100-1,155,-97.946960,22.387840
shape_100-1,156,-97.947020,22.387220
shape_100-1,157,-97.950290,22.387770
shape_100-1,158,-97.951700,22.390810
shape_100-1,159,-97.950430,22.392390
shape_100-1,160,-97.950410,22.392660
shape_100-1,161,-97.950210,22.394810
shape_100-1,162,-97.949170,22.395450
shape_100-1,163,-97.948260,22.395150
shape_100-1,164,-97.947500,22.394480
shape_100-1,165,-97.947710,22.392620
shape_100A-1,0,-97.950390,22.392860
shape_100A-1,1,-97.947700,22.392590
shape_100A-1,2,-97.947560,22.394560
shape_100A-1,3,-97.948340,22.395160
shape_100A-1,4,-97.949110,22.395440
shape_100A-1,5,-97.950210,22.394780
shape_100A-1,6,-97.950440,22.392430
shape_100A-1,7,-97.951110,22.391560
shape_100A-1,8,-97.950620,22.391250
shape_100A-1,9,-97.951470,22.390310
shape_100A-1,10,-97.950040,22.387280
shape_100A-1,11,-97.947920,22.386790
shape_100A-1,12,-97.947090,22.386700
shape_100A-1,13,-97.947060,22.387260
shape_100A-1,14,-97.945190,22.387020
shape_100A-1,15,-97.945090,22.387630
shape_100A-1,16,-97.944530,22.387600
shape_100A-1,17,-97.944350,22.388740
shape_100A-1,18,-97.943350,22.388430
shape_100A-1,19,-97.942510,22.388490
shape_100A-1,20,-97.941840,22.388530
shape_100A-1,21,-97.941390,22.392290
shape_100A-1,22,-97.940860,22.396170
shape_100A-1,23,-97.940750,22.398510
shape_100A-1,24,-97.940630,22.399300
shape_100A-1,25,-97.937840,22.398990
shape_100A-1,26,-97.938010,22.397220
shape_100A-1,27,-97.937790,22.396410
shape_100A-1,28,-97.936700,22.395930
shape_100A-1,29,-97.933440,22.395360
shape_100A-1,30,-97.929620,22.391710
shape_100A-1,31,-97.923800,22.390440
shape_100A-1,32,-97.922640,22.389980
shape_100A-1,33,-97.921760,22.388450
shape_100A-1,34,-97.919920,22.387020
shape_100A-1,35,-97.917470,22.385460
shape_100A-1,36,-97.912640,22.380690
shape_100A-1,37,-97.906640,22.374620
shape_100A-1,38,-97.902750,22.370850
shape_100A-1,39,-97.900310,22.368370
shape_100A-1,40,-97.887200,22.354220
shape_100A-1,41,-97.883160,22.351050
shape_100A-1,42,-97.880070,22.349420
shape_100A-1,43,-97.876770,22.346290
shape_100A-1,44,-97.875850,22.344740
shape_100A-1,45,-97.874790,22.341010
shape_100A-1,46,-97.873160,22.335270
shape_100A-1,47,-97.873850,22.331060
shape_100A-1,48,-97.879390,22.313950
shape_100A-1,49,-97.880610,22.310060
shape_100A-1,50,-97.881810,22.306190
shape_100A-1,51,-97.881750,22.304840
shape_100A-1,52,-97.873250,22.291100
shape_100A-1,53,-97.873140,22.289850
shape_100A-1,54,-97.872180,22.289160
shape_100A-1,55,-97.870200,22.287990
shape_100A-1,56,-97.866490,22.285320
shape_100A-1,57,-97.864540,22.283480
shape_100A-1,58,-97.862240,22.280620
shape_100A-1,59,-97.856080,22.275360
shape_100A-1,60,-97.858850,22.269040
shape_100A-1,61,-97.859880,22.265250
shape_100A-1,62,-97.862050,22.260320
shape_100A-1,63,-97.863940,22.257170
shape_100A-1,64,-97.864640,22.255240
shape_100A-1,65,-97.864800,22.254370
shape_100A-1,66,-97.865590,22.253220
shape_100A-1,67,-97.866830,22.250810
shape_100A-1,68,-97.867280,22.249320
shape_100A-1,69,-97.867670,22.246920
shape_100A-1,70,-97.866960,22.244520
shape_100A-1,71,-97.866510,22.238620
shape_100A-1,72,-97.864150,22.229960
shape_100A-1,73,-97.865010,22.227420
shape_100A-1,74,-97.863490,22.223520
shape_100A-1,75,-97.863270,22.220600
shape_100A-1,76,-97.862650,22.219410
shape_100A-1,77,-97.859320,22.217980
shape_100A-1,78,-97.861020,22.214560
shape_100A-1,79,-97.863530,22.215640
shape_100A-1,80,-97.862630,22.217480
shape_100A-1,81,-97.858420,22.215680
shape_100A-1,82,-97.858790,22.214840
shape_100A-1,83,-97.859580,22.215160
shape_100A-1,84,-97.859580,22.215160
shape_100A-1,85,-97.858060,22.218420
shape_100A-1,86,-97.861490,22.219870
shape_100A-1,87,-97.863290,22.220720
shape_100A-1,88,-97.863490,22.223520
shape_100A-1,89,-97.865010,22.227420
shape_100A-1,90,-97.865780,22.229600
shape_100A-1,91,-97.869110,22.237700
shape_100A-1,92,-97.872990,22.246580
shape_100A-1,93,-97.874190,22.248210
shape_100A-1,94,-97.875050,22.250380
shape_100A-1,95,-97.876550,22.256370
shape_100A-1,96,-97.874920,22.264750
shape_100A-1,97,-97.873760,22.267180
shape_100A-1,98,-97.873940,22.270150
shape_100A-1,99,-97.874580,22.272380
shape_100A-1,100,-97.874410,22.274030
shape_100A-1,101,-97.872910,22.280040
shape_100A-1,102,-97.872730,22.282310
shape_100A-1,103,-97.874060,22.284570
shape_100A-1,104,-97.872180,22.289160
shape_100A-1,105,-97.872110,22.289970
shape_100A-1,106,-97.873250,22.291100
shape_100A-1,107,-97.881750,22.304840
shape_100A-1,108,-97.881810,22.306190
shape_100A-1,109,-97.880610,22.310060
shape_100A-1,110,-97.879390,22.313950
shape_100A-1,111,-97.873850,22.331060
shape_100A-1,112,-97.873160,22.335270
shape_100A-1,113,-97.874790,22.341010
shape_100A-1,114,-97.875850,22.344740
shape_100A-1,115,-97.876770,22.346290
shape_100A-1,116,-97.880070,22.349420
shape_100A-1,117,-97.883160,22.351050
shape_100A-1,118,-97.887200,22.354220
shape_100A-1,119,-97.900310,22.368370
shape_100A-1,120,-97.902750,22.370850
shape_100A-1,121,-97.906640,22.374620
shape_100A-1,122,-97.912640,22.380690
shape_100A-1,123,-97.917470,22.385460
shape_100A-1,124,-97.919920,22.387020
shape_100A-1,125,-97.921760,22.388450
shape_100A-1,126,-97.922640,22.389980
shape_100A-1,127,-97.923800,22.390440
shape_100A-1,128,-97.929620,22.391710
shape_100A-1,129,-97.933440,22.395360
shape_100A-1,130,-97.936700,22.395930
shape_100A-1,131,-97.937790,22.396410
shape_100A-1,132,-97.938010,22.397220
shape_100A-1,133,-97.937840,22.398990
shape_100A-1,134,-97.940630,22.399300
shape_100A-1,135,-97.940750,22.398510
shape_100A-1,136,-97.940860,22.396170
shape_100A-1,137,-97.941390,22.392290
shape_100A-1,138,-97.941840,22.388530
shape_100A-1,139,-97.942510,22.388490
shape_100A-1,140,-97.943350,22.388430
shape_100A-1,141,-97.944350,22.388740
shape_100A-1,142,-97.944530,22.387600
shape_100A-1,143,-97.945090,22.387630
shape_100A-1,144,-97.945190,22.387020
shape_100A-1,145,-97.947060,22.387260
shape_100A-1,146,-97.947090,22.386700
shape_100A-1,147,-97.947920,22.386790
shape_100A-1,148,-97.950040,22.387280
shape_100A-1,149,-97.951470,22.390310
shape_100A-1,150,-97.950620,22.391250
shape_100A-1,151,-97.951110,22.391560
shape_100A-1,152,-97.950440,22.392430
shape_100A-1,153,-97.950210,22.394780
shape_100A-1,154,-97.949110,22.395440
shape_100A-1,155,-97.948340,22.395160
shape_100A-1,156,-97.947560,22.394560
shape_100A-1,157,-97.947730,22.392580
shape_100A-1,158,-97.949020,22.392680
shape_100A-1,159,-97.950350,22.392900
shape_106-1,0,-97.884710,22.446140
shape_106-1,1,-97.896470,22.443720
shape_106-1,2,-97.894790,22.437890
shape_106-1,3,-97.885140,22.422380
shape_106-1,4,-97.884840,22.420890
shape_106-1,5,-97.884880,22.419220
shape_106-1,6,-97.896890,22.385870
shape_106-1,7,-97.899770,22.382580
shape_106-1,8,-97.900890,22.380750
shape_106-1,9,-97.901870,22.376750
shape_106-1,10,-97.903480,22.374390
shape_106-1,11,-97.904320,22.374030
shape_106-1,12,-97.907030,22.375430
shape_106-1,13,-97.907730,22.375920
shape_106-1,14,-97.909990,22.378020
shape_106-1,15,-97.910130,22.378190
shape_106-1,16,-97.910730,22.378800
shape_106-1,17,-97.910840,22.378700
shape_106-1,18,-97.910070,22.377930
shape_106-1,19,-97.909420,22.377220
shape_106-1,20,-97.907450,22.375390
shape_106-1,21,-97.904620,22.372630
shape_106-1,22,-97.901570,22.369700
shape_106-1,23,-97.894040,22.361670
shape_106-1,24,-97.887220,22.354300
shape_106-1,25,-97.883530,22.351230
shape_106-1,26,-97.880760,22.349860
shape_106-1,27,-97.878210,22.347730
shape_106-1,28,-97.876380,22.345870
shape_106-1,29,-97.874130,22.338330
shape_106-1,30,-97.873310,22.336340
shape_106-1,31,-97.873210,22.335270
shape_106-1,32,-97.873910,22.331260
shape_106-1,33,-97.875890,22.325540
shape_106-1,34,-97.878400,22.316530
shape_106-1,35,-97.880310,22.311090
shape_106-1,36,-97.881660,22.306650
shape_106-1,37,-97.881680,22.304820
shape_106-1,38,-97.876320,22.296050
shape_106-1,39,-97.873270,22.291080
shape_106-1,40,-97.872970,22.288920
shape_106-1,41,-97.873080,22.287770
shape_106-1,42,-97.873980,22.284890
shape_106-1,43,-97.873230,22.282860
shape_106-1,44,-97.872910,22.281270
shape_106-1,45,-97.873140,22.277980
shape_106-1,46,-97.874750,22.272860
shape_106-1,47,-97.873890,22.270630
shape_106-1,48,-97.873740,22.267040
shape_106-1,49,-97.874580,22.265310
shape_106-1,50,-97.876550,22.258280
shape_106-1,51,-97.876510,22.255260
shape_106-1,52,-97.875050,22.250850
shape_106-1,53,-97.873160,22.246560
shape_106-1,54,-97.867160,22.233060
shape_106-1,55,-97.863460,22.223680
shape_106-1,56,-97.863270,22.220620
shape_106-1,57,-97.862780,22.219470
shape_106-1,58,-97.859260,22.217980
shape_106-1,59,-97.860950,22.214540
shape_106-1,60,-97.863460,22.215660
shape_106-1,61,-97.862650,22.217460
shape_106-1,62,-97.858420,22.215640
shape_106-1,63,-97.858790,22.214800
shape_106-1,64,-97.859730,22.215220
shape_106-1,65,-97.859730,22.215220
shape_106-1,66,-97.858040,22.218340
shape_106-1,67,-97.863270,22.220620
shape_106-1,68,-97.863460,22.223680
shape_106-1,69,-97.865890,22.229500
shape_106-1,70,-97.864170,22.230320
shape_106-1,71,-97.862800,22.230730
shape_106-1,72,-97.863570,22.233530
shape_106-1,73,-97.863420,22.234410
shape_106-1,74,-97.863760,22.243340
shape_106-1,75,-97.863830,22.249140
shape_106-1,76,-97.863550,22.250530
shape_106-1,77,-97.863270,22.250770
shape_106-1,78,-97.863380,22.252840
shape_106-1,79,-97.864710,22.253040
shape_106-1,80,-97.864690,22.255200
shape_106-1,81,-97.860550,22.263400
shape_106-1,82,-97.859340,22.267810
shape_106-1,83,-97.856260,22.275520
shape_106-1,84,-97.854710,22.274280
shape_106-1,85,-97.856130,22.276590
shape_106-1,86,-97.859340,22.278260
shape_106-1,87,-97.863030,22.281350
shape_106-1,88,-97.865480,22.284650
shape_106-1,89,-97.869770,22.287530
shape_106-1,90,-97.873270,22.291080
shape_106-1,91,-97.876320,22.296050
shape_106-1,92,-97.881680,22.304820
shape_106-1,93,-97.881660,22.306650
shape_106-1,94,-97.880310,22.311090
shape_106-1,95,-97.878400,22.316530
shape_106-1,96,-97.875890,22.325540
shape_106-1,97,-97.873910,22.331260
shape_106-1,98,-97.873210,22.335270
shape_106-1,99,-97.873310,22.336340
shape_106-1,100,-97.874130,22.338330
shape_106-1,101,-97.876380,22.345870
shape_106-1,102,-97.878210,22.347730
shape_106-1,103,-97.880760,22.349860
shape_106-1,104,-97.883530,22.351230
shape_106-1,105,-97.887220,22.354300
shape_106-1,106,-97.894040,22.361670
shape_106-1,107,-97.901160,22.369560
shape_106-1,108,-97.901890,22.371180
shape_106-1,109,-97.902900,22.372700
shape_106-1,110,-97.904320,22.374030
shape_106-1,111,-97.903480,22.374390
shape_106-1,112,-97.901870,22.376750
shape_106-1,113,-97.900890,22.380750
shape_106-1,114,-97.899770,22.382580
shape_106-1,115,-97.896890,22.385870
shape_106-1,116,-97.884880,22.419220
shape_106-1,117,-97.884840,22.420890
shape_106-1,118,-97.885140,22.422380
shape_106-1,119,-97.894790,22.437890
shape_106-1,120,-97.896420,22.443720
shape_106-1,121,-97.884840,22.446180
shape_106A-1,0,-97.884710,22.446140
shape_106A-1,1,-97.896470,22.443720
shape_106A-1,2,-97.894790,22.437890
shape_106A-1,3,-97.885140,22.422380
shape_106A-1,4,-97.884840,22.420890
shape_106A-1,5,-97.884880,22.419220
shape_106A-1,6,-97.896890,22.385870
shape_106A-1,7,-97.899770,22.382580
shape_106A-1,8,-97.900890,22.380750
shape_106A-1,9,-97.901870,22.376750
shape_106A-1,10,-97.903480,22.374390
shape_106A-1,11,-97.903910,22.373710
shape_106A-1,12,-97.902620,22.372330
shape_106A-1,13,-97.901720,22.370850
shape_106A-1,14,-97.900990,22.369370
shape_106A-1,15,-97.894040,22.361670
shape_106A-1,16,-97.887220,22.354300
shape_106A-1,17,-97.883530,22.351230
shape_106A-1,18,-97.880760,22.349860
shape_106A-1,19,-97.878210,22.347730
shape_106A-1,20,-97.876380,22.345870
shape_106A-1,21,-97.874130,22.338330
shape_106A-1,22,-97.873310,22.336340
shape_106A-1,23,-97.873210,22.335270
shape_106A-1,24,-97.873910,22.331260
shape_106A-1,25,-97.875890,22.325540
shape_106A-1,26,-97.878400,22.316530
shape_106A-1,27,-97.880310,22.311090
shape_106A-1,28,-97.881660,22.306650
shape_106A-1,29,-97.881680,22.304820
shape_106A-1,30,-97.876320,22.296050
shape_106A-1,31,-97.873270,22.291080
shape_106A-1,32,-97.869390,22.287390
shape_106A-1,33,-97.865480,22.284570
shape_106A-1,34,-97.863120,22.281470
shape_106A-1,35,-97.860890,22.279570
shape_106A-1,36,-97.855910,22.276390
shape_106A-1,37,-97.854670,22.274360
shape_106A-1,38,-97.856380,22.275280
shape_106A-1,39,-97.859520,22.266820
shape_106A-1,40,-97.860290,22.263840
shape_106A-1,41,-97.861450,22.261560
shape_106A-1,42,-97.863890,22.257210
shape_106A-1,43,-97.864690,22.255200
shape_106A-1,44,-97.864770,22.253100
shape_106A-1,45,-97.863340,22.252740
shape_106A-1,46,-97.863310,22.250750
shape_106A-1,47,-97.866040,22.249880
shape_106A-1,48,-97.866450,22.247580
shape_106A-1,49,-97.866490,22.245350
shape_106A-1,50,-97.866270,22.241300
shape_106A-1,51,-97.864410,22.241460
shape_106A-1,52,-97.864170,22.241180
shape_106A-1,53,-97.863680,22.241200
shape_106A-1,54,-97.862800,22.230630
shape_106A-1,55,-97.864090,22.230400
shape_106A-1,56,-97.865780,22.229480
shape_106A-1,57,-97.863460,22.223680
shape_106A-1,58,-97.863270,22.220620
shape_106A-1,59,-97.862780,22.219470
shape_106A-1,60,-97.859260,22.217980
shape_106A-1,61,-97.858420,22.217540
shape_106A-1,62,-97.859730,22.215220
shape_106A-1,63,-97.859600,22.215200
shape_106A-1,64,-97.858810,22.214820
shape_106A-1,65,-97.858470,22.215640
shape_106A-1,66,-97.862650,22.217500
shape_106A-1,67,-97.863460,22.215680
shape_106A-1,68,-97.860970,22.214620
shape_106A-1,69,-97.859320,22.217980
shape_106A-1,70,-97.862780,22.219470
shape_106A-1,71,-97.863270,22.220620
shape_106A-1,72,-97.863460,22.223680
shape_106A-1,73,-97.865010,22.227380
shape_106A-1,74,-97.864390,22.228890
shape_106A-1,75,-97.864090,22.230400
shape_106A-1,76,-97.865740,22.235580
shape_106A-1,77,-97.866380,22.237590
shape_106A-1,78,-97.866880,22.240960
shape_106A-1,79,-97.867070,22.242270
shape_106A-1,80,-97.866960,22.243600
shape_106A-1,81,-97.867050,22.245170
shape_106A-1,82,-97.867730,22.247060
shape_106A-1,83,-97.867280,22.249420
shape_106A-1,84,-97.866620,22.251350
shape_106A-1,85,-97.865630,22.253240
shape_106A-1,86,-97.864840,22.254230
shape_106A-1,87,-97.864690,22.255200
shape_106A-1,88,-97.863890,22.257210
shape_106A-1,89,-97.861450,22.261560
shape_106A-1,90,-97.860290,22.263840
shape_106A-1,91,-97.859520,22.266820
shape_106A-1,92,-97.856380,22.275280
shape_106A-1,93,-97.857330,22.276350
shape_106A-1,94,-97.860890,22.279570
shape_106A-1,95,-97.863120,22.281470
shape_106A-1,96,-97.865480,22.284570
shape_106A-1,97,-97.869390,22.287390
shape_106A-1,98,-97.873270,22.291080
shape_106A-1,99,-97.876320,22.296050
shape_106A-1,100,-97.881680,22.304820
shape_106A-1,101,-97.881660,22.306650
shape_106A-1,102,-97.880310,22.311090
shape_106A-1,103,-97.878400,22.316530
shape_106A-1,104,-97.875890,22.325540
shape_106A-1,105,-97.873910,22.331260
shape_106A-1,106,-97.873210,22.335270
shape_106A-1,107,-97.873310,22.336340
shape_106A-1,108,-97.874130,22.338330
shape_106A-1,109,-97.876380,22.345870
shape_106A-1,110,-97.878210,22.347730
shape_106A-1,111,-97.880760,22.349860
shape_106A-1,112,-97.883530,22.351230
shape_106A-1,113,-97.887220,22.354300
shape_106A-1,114,-97.894040,22.361670
shape_106A-1,115,-97.900990,22.369370
shape_106A-1,116,-97.902240,22.370360
shape_106A-1,117,-97.903760,22.371850
shape_106A-1,118,-97.906210,22.374250
shape_106A-1,119,-97.908650,22.376490
shape_106A-1,120,-97.910630,22.378690
shape_106A-1,121,-97.907470,22.375810
shape_106A-1,122,-97.904450,22.374200
shape_106A-1,123,-97.903630,22.374530
shape_106A-1,124,-97.902610,22.375500
shape_106A-1,125,-97.901870,22.376750
shape_106A-1,126,-97.900890,22.380750
shape_106A-1,127,-97.899770,22.382580
shape_106A-1,128,-97.896890,22.385870
shape_106A-1,129,-97.884880,22.419220
shape_106A-1,130,-97.884840,22.420890
shape_106A-1,131,-97.885140,22.422380
shape_106A-1,132,-97.894790,22.437890
shape_106A-1,133,-97.896290,22.443720
shape_106A-1,134,-97.885010,22.446100
shape_107A-1,0,-97.973050,22.421940
shape_107A-1,1,-97.970820,22.433030
shape_107A-1,2,-97.970620,22.435070
shape_107A-1,3,-97.959850,22.433760
shape_107A-1,4,-97.947730,22.425230
shape_107A-1,5,-97.943200,22.420050
shape_107A-1,6,-97.942900,22.419380
shape_107A-1,7,-97.942060,22.417260
shape_107A-1,8,-97.937490,22.406430
shape_107A-1,9,-97.937150,22.404620
shape_107A-1,10,-97.937990,22.397000
shape_107A-1,11,-97.937580,22.396170
shape_107A-1,12,-97.934490,22.395610
shape_107A-1,13,-97.932730,22.395060
shape_107A-1,14,-97.929680,22.391770
shape_107A-1,15,-97.924360,22.390600
shape_107A-1,16,-97.923550,22.390420
shape_107A-1,17,-97.922520,22.389880
shape_107A-1,18,-97.921940,22.388850
shape_107A-1,19,-97.920500,22.387300
shape_107A-1,20,-97.919000,22.386850
shape_107A-1,21,-97.911920,22.379800
shape_107A-1,22,-97.908420,22.376390
shape_107A-1,23,-97.903720,22.371810
shape_107A-1,24,-97.896470,22.364420
shape_107A-1,25,-97.891340,22.358710
shape_107A-1,26,-97.887180,22.354200
shape_107A-1,27,-97.883700,22.351350
shape_107A-1,28,-97.880850,22.349900
shape_107A-1,29,-97.878120,22.347690
shape_107A-1,30,-97.876230,22.345670
shape_107A-1,31,-97.873310,22.336280
shape_107A-1,32,-97.873360,22.334260
shape_107A-1,33,-97.873940,22.331240
shape_107A-1,34,-97.881730,22.306610
shape_107A-1,35,-97.881640,22.304940
shape_107A-1,36,-97.881270,22.303930
shape_107A-1,37,-97.873380,22.291240
shape_107A-1,38,-97.872950,22.288340
shape_107A-1,39,-97.873780,22.285700
shape_107A-1,40,-97.873890,22.284090
shape_107A-1,41,-97.872930,22.282370
shape_107A-1,42,-97.872970,22.279430
shape_107A-1,43,-97.873980,22.275460
shape_107A-1,44,-97.874660,22.272760
shape_107A-1,45,-97.873700,22.270090
shape_107A-1,46,-97.873660,22.267240
shape_107A-1,47,-97.874860,22.264440
shape_107A-1,48,-97.876570,22.257450
shape_107A-1,49,-97.876470,22.255000
shape_107A-1,50,-97.874210,22.248410
shape_107A-1,51,-97.872840,22.246030
shape_107A-1,52,-97.868010,22.235260
shape_107A-1,53,-97.863550,22.223800
shape_107A-1,54,-97.863160,22.220660
shape_107A-1,55,-97.857990,22.218400
shape_107A-1,56,-97.859580,22.215140
shape_107A-1,57,-97.859580,22.215140
shape_107A-1,58,-97.858830,22.214740
shape_107A-1,59,-97.858360,22.215580
shape_107A-1,60,-97.862580,22.217480
shape_107A-1,61,-97.863460,22.215700
shape_107A-1,62,-97.860970,22.214560
shape_107A-1,63,-97.859240,22.217900
shape_107A-1,64,-97.862670,22.219430
shape_107A-1,65,-97.863210,22.220680
shape_107A-1,66,-97.863550,22.223800
shape_107A-1,67,-97.864990,22.227420
shape_107A-1,68,-97.864150,22.230160
shape_107A-1,69,-97.865480,22.234940
shape_107A-1,70,-97.866210,22.237110
shape_107A-1,71,-97.866700,22.239390
shape_107A-1,72,-97.867050,22.245210
shape_107A-1,73,-97.867670,22.246980
shape_107A-1,74,-97.867180,22.249540
shape_107A-1,75,-97.862650,22.250970
shape_107A-1,76,-97.862610,22.253310
shape_107A-1,77,-97.860500,22.257330
shape_107A-1,78,-97.859940,22.258360
shape_107A-1,79,-97.860120,22.259390
shape_107A-1,80,-97.862090,22.260420
shape_107A-1,81,-97.860120,22.264870
shape_107A-1,82,-97.858610,22.269760
shape_107A-1,83,-97.856300,22.275400
shape_107A-1,84,-97.860610,22.279210
shape_107A-1,85,-97.864580,22.283240
shape_107A-1,86,-97.867410,22.285840
shape_107A-1,87,-97.869690,22.287570
shape_107A-1,88,-97.872350,22.289140
shape_107A-1,89,-97.873100,22.289910
shape_107A-1,90,-97.873380,22.291240
shape_107A-1,91,-97.881270,22.303930
shape_107A-1,92,-97.881640,22.304940
shape_107A-1,93,-97.881730,22.306610
shape_107A-1,94,-97.873940,22.331240
shape_107A-1,95,-97.873360,22.334260
shape_107A-1,96,-97.873310,22.336280
shape_107A-1,97,-97.876230,22.345670
shape_107A-1,98,-97.878120,22.347690
shape_107A-1,99,-97.880850,22.349900
shape_107A-1,100,-97.883700,22.351350
shape_107A-1,101,-97.887180,22.354200
shape_107A-1,102,-97.891340,22.358710
shape_107A-1,103,-97.896470,22.364420
shape_107A-1,104,-97.903720,22.371810
shape_107A-1,105,-97.908420,22.376390
shape_107A-1,106,-97.911920,22.379800
shape_107A-1,107,-97.919000,22.386850
shape_107A-1,108,-97.920500,22.387300
shape_107A-1,109,-97.921940,22.388850
shape_107A-1,110,-97.922520,22.389880
shape_107A-1,111,-97.923550,22.390420
shape_107A-1,112,-97.924360,22.390600
shape_107A-1,113,-97.929680,22.391770
shape_107A-1,114,-97.932730,22.395060
shape_107A-1,115,-97.934490,22.395610
shape_107A-1,116,-97.937580,22.396170
shape_107A-1,117,-97.937990,22.397000
shape_107A-1,118,-97.937150,22.404620
shape_107A-1,119,-97.937490,22.406430
shape_107A-1,120,-97.942060,22.417260
shape_107A-1,121,-97.942900,22.419380
shape_107A-1,122,-97.943200,22.420050
shape_107A-1,123,-97.947730,22.425230
shape_107A-1,124,-97.959850,22.433760
shape_107A-1,125,-97.970620,22.435070
shape_107A-1,126,-97.970820,22.433030
shape_103B-1,0,-97.933690,22.415530
shape_103B-1,1,-97.934960,22.415690
shape_103B-1,2,-97.934550,22.418610
shape_103B-1,3,-97.934790,22.419020
shape_103B-1,4,-97.933520,22.427080
shape_103B-1,5,-97.930820,22.425630
shape_103B-1,6,-97.929790,22.425650
shape_103B-1,7,-97.925160,22.425030
shape_103B-1,8,-97.926440,22.416250
shape_103B-1,9,-97.924360,22.416030
shape_103B-1,10,-97.920820,22.415450
shape_103B-1,11,-97.921270,22.412100
shape_103B-1,12,-97.922340,22.412240
shape_103B-1,13,-97.922700,22.409380
shape_103B-1,14,-97.921700,22.409260
shape_103B-1,15,-97.921950,22.407690
shape_103B-1,16,-97.919540,22.407480
shape_103B-1,17,-97.919650,22.406580
shape_103B-1,18,-97.919130,22.406590
shape_103B-1,19,-97.915100,22.406200
shape_103B-1,20,-97.915160,22.405370
shape_103B-1,21,-97.915480,22.405420
shape_103B-1,22,-97.916010,22.405450
shape_103B-1,23,-97.916510,22.402430
shape_103B-1,24,-97.916550,22.401710
shape_103B-1,25,-97.913480,22.402600
shape_103B-1,26,-97.910330,22.403790
shape_103B-1,27,-97.909580,22.400730
shape_103B-1,28,-97.909360,22.399400
shape_103B-1,29,-97.909940,22.399380
shape_103B-1,30,-97.909490,22.399360
shape_103B-1,31,-97.909800,22.397810
shape_103B-1,32,-97.910250,22.397750
shape_103B-1,33,-97.910560,22.395430
shape_103B-1,34,-97.910780,22.394580
shape_103B-1,35,-97.910680,22.393870
shape_103B-1,36,-97.910510,22.393330
shape_103B-1,37,-97.910180,22.392890
shape_103B-1,38,-97.911150,22.392080
shape_103B-1,39,-97.914170,22.392890
shape_103B-1,40,-97.914380,22.391780
shape_103B-1,41,-97.914490,22.390640
shape_103B-1,42,-97.914310,22.389490
shape_103B-1,43,-97.914070,22.389030
shape_103B-1,44,-97.912410,22.387180
shape_103B-1,45,-97.913100,22.386530
shape_103B-1,46,-97.914260,22.384480
shape_103B-1,47,-97.914770,22.383570
shape_103B-1,48,-97.915430,22.383250
shape_103B-1,49,-97.906640,22.374660
shape_103B-1,50,-97.899990,22.368100
shape_103B-1,51,-97.887390,22.354400
shape_103B-1,52,-97.884150,22.351820
shape_103B-1,53,-97.883360,22.351190
shape_103B-1,54,-97.880390,22.349560
shape_103B-1,55,-97.878290,22.347850
shape_103B-1,56,-97.876300,22.345730
shape_103B-1,57,-97.873720,22.337390
shape_103B-1,58,-97.873210,22.335210
shape_103B-1,59,-97.873870,22.331440
shape_103B-1,60,-97.881790,22.306070
shape_103B-1,61,-97.881700,22.304700
shape_103B-1,62,-97.881100,22.303550
shape_103B-1,63,-97.873290,22.291180
shape_103B-1,64,-97.872950,22.288360
shape_103B-1,65,-97.873870,22.285560
shape_103B-1,66,-97.873890,22.284070
shape_103B-1,67,-97.872880,22.282210
shape_103B-1,68,-97.872990,22.279590
shape_103B-1,69,-97.873270,22.277280
shape_103B-1,70,-97.874710,22.272680
shape_103B-1,71,-97.873720,22.270080
shape_103B-1,72,-97.873850,22.266880
shape_103B-1,73,-97.874860,22.264930
shape_103B-1,74,-97.876640,22.257490
shape_103B-1,75,-97.876490,22.255640
shape_103B-1,76,-97.875780,22.252520
shape_103B-1,77,-97.873120,22.246460
shape_103B-1,78,-97.870970,22.242030
shape_103B-1,79,-97.868530,22.236330
shape_103B-1,80,-97.863360,22.223130
shape_103B-1,81,-97.863180,22.220660
shape_103B-1,82,-97.862710,22.219410
shape_103B-1,83,-97.859240,22.217880
shape_103B-1,84,-97.860970,22.214560
shape_103B-1,85,-97.863510,22.215660
shape_103B-1,86,-97.862580,22.217500
shape_103B-1,87,-97.858360,22.215620
shape_103B-1,88,-97.858810,22.214780
shape_103B-1,89,-97.859640,22.215180
shape_103B-1,90,-97.859640,22.215180
shape_103B-1,91,-97.859090,22.216350
shape_103B-1,92,-97.858380,22.217620
shape_103B-1,93,-97.858010,22.218400
shape_103B-1,94,-97.860630,22.219490
shape_103B-1,95,-97.861980,22.220130
shape_103B-1,96,-97.862410,22.220300
shape_103B-1,97,-97.862760,22.220400
shape_103B-1,98,-97.863180,22.220660
shape_103B-1,99,-97.863360,22.223130
shape_103B-1,100,-97.868530,22.236330
shape_103B-1,101,-97.870200,22.240130
shape_103B-1,102,-97.869170,22.240480
shape_103B-1,103,-97.866850,22.241220
shape_103B-1,104,-97.866250,22.241280
shape_103B-1,105,-97.866530,22.246840
shape_103B-1,106,-97.866530,22.247580
shape_103B-1,107,-97.865950,22.249980
shape_103B-1,108,-97.863250,22.250770
shape_103B-1,109,-97.863340,22.252800
shape_103B-1,110,-97.864750,22.253080
shape_103B-1,111,-97.864710,22.255240
shape_103B-1,112,-97.863920,22.257270
shape_103B-1,113,-97.862050,22.260310
shape_103B-1,114,-97.861020,22.262530
shape_103B-1,115,-97.859940,22.264830
shape_103B-1,116,-97.859020,22.268390
shape_103B-1,117,-97.857800,22.271820
shape_103B-1,118,-97.856340,22.275360
shape_103B-1,119,-97.854750,22.274400
shape_103B-1,120,-97.856040,22.276430
shape_103B-1,121,-97.858790,22.278020
shape_103B-1,122,-97.862310,22.280760
shape_103B-1,123,-97.865310,22.284530
shape_103B-1,124,-97.869000,22.287110
shape_103B-1,125,-97.871100,22.288700
shape_103B-1,126,-97.873290,22.291180
shape_103B-1,127,-97.881100,22.303550
shape_103B-1,128,-97.881700,22.304700
shape_103B-1,129,-97.881790,22.306070
shape_103B-1,130,-97.873870,22.331440
shape_103B-1,131,-97.873210,22.335210
shape_103B-1,132,-97.873720,22.337390
shape_103B-1,133,-97.876300,22.345730
shape_103B-1,134,-97.878290,22.347850
shape_103B-1,135,-97.880390,22.349560
shape_103B-1,136,-97.883360,22.351190
shape_103B-1,137,-97.884150,22.351820
shape_103B-1,138,-97.887390,22.354400
shape_103B-1,139,-97.899990,22.368100
shape_103B-1,140,-97.906640,22.374660
shape_103B-1,141,-97.915430,22.383250
shape_103B-1,142,-97.914770,22.383570
shape_103B-1,143,-97.914260,22.384480
shape_103B-1,144,-97.913100,22.386530
shape_103B-1,145,-97.912410,22.387180
shape_103B-1,146,-97.914070,22.389030
shape_103B-1,147,-97.914310,22.389490
shape_103B-1,148,-97.914490,22.390640
shape_103B-1,149,-97.914380,22.391780
shape_103B-1,150,-97.914170,22.392890
shape_103B-1,151,-97.911150,22.392080
shape_103B-1,152,-97.910180,22.392890
shape_103B-1,153,-97.910510,22.393330
shape_103B-1,154,-97.910680,22.393870
shape_103B-1,155,-97.910780,22.394580
shape_103B-1,156,-97.910560,22.395430
shape_103B-1,157,-97.910250,22.397750
shape_103B-1,158,-97.909800,22.397810
shape_103B-1,159,-97.909490,22.399360
shape_103B-1,160,-97.909940,22.399380
shape_103B-1,161,-97.909360,22.399400
shape_103B-1,162,-97.909580,22.400730
shape_103B-1,163,-97.910330,22.403790
shape_103B-1,164,-97.913480,22.402600
shape_103B-1,165,-97.916550,22.401710
shape_103B-1,166,-97.916510,22.402430
shape_103B-1,167,-97.916010,22.405450
shape_103B-1,168,-97.915480,22.405420
shape_103B-1,169,-97.915160,22.405370
shape_103B-1,170,-97.915100,22.406200
shape_103B-1,171,-97.919130,22.406590
shape_103B-1,172,-97.919650,22.406580
shape_103B-1,173,-97.919540,22.407480
shape_103B-1,174,-97.921950,22.407690
shape_103B-1,175,-97.921700,22.409260
shape_103B-1,176,-97.922700,22.409380
shape_103B-1,177,-97.922340,22.412240
shape_103B-1,178,-97.921270,22.412100
shape_103B-1,179,-97.920820,22.415450
shape_103B-1,180,-97.924360,22.416030
shape_103B-1,181,-97.926440,22.416250
shape_103B-1,182,-97.925160,22.425030
shape_103B-1,183,-97.929790,22.425650
shape_103B-1,184,-97.930820,22.425630
shape_103B-1,185,-97.933520,22.427080
shape_103B-1,186,-97.934790,22.419020
shape_103B-1,187,-97.934550,22.418610
shape_103B-1,188,-97.934980,22.415650
shape_103B-1,189,-97.933740,22.415530
shape_107-1,0,-97.973050,22.421940
shape_107-1,1,-97.970820,22.433030
shape_107-1,2,-97.970620,22.435070
shape_107-1,3,-97.959850,22.433760
shape_107-1,4,-97.947730,22.425230
shape_107-1,5,-97.943200,22.420050
shape_107-1,6,-97.942900,22.419380
shape_107-1,7,-97.942060,22.417260
shape_107-1,8,-97.937490,22.406430
shape_107-1,9,-97.937150,22.404620
shape_107-1,10,-97.937990,22.397000
shape_107-1,11,-97.937580,22.396170
shape_107-1,12,-97.934490,22.395610
shape_107-1,13,-97.932730,22.395060
shape_107-1,14,-97.929680,22.391770
shape_107-1,15,-97.924360,22.390600
shape_107-1,16,-97.923550,22.390420
shape_107-1,17,-97.922520,22.389880
shape_107-1,18,-97.921940,22.388850
shape_107-1,19,-97.920500,22.387300
shape_107-1,20,-97.919000,22.386850
shape_107-1,21,-97.911920,22.379800
shape_107-1,22,-97.908420,22.376390
shape_107-1,23,-97.903720,22.371810
shape_107-1,24,-97.896470,22.364420
shape_107-1,25,-97.891340,22.358710
shape_107-1,26,-97.887180,22.354200
shape_107-1,27,-97.883700,22.351350
shape_107-1,28,-97.880850,22.349900
shape_107-1,29,-97.878120,22.347690
shape_107-1,30,-97.876230,22.345670
shape_107-1,31,-97.873310,22.336280
shape_107-1,32,-97.873360,22.334260
shape_107-1,33,-97.873940,22.331240
shape_107-1,34,-97.881730,22.306610
shape_107-1,35,-97.881640,22.304940
shape_107-1,36,-97.881270,22.303930
shape_107-1,37,-97.873380,22.291240
shape_107-1,38,-97.872950,22.288340
shape_107-1,39,-97.873780,22.285700
shape_107-1,40,-97.873890,22.284090
shape_107-1,41,-97.872930,22.282370
shape_107-1,42,-97.872970,22.279430
shape_107-1,43,-97.873980,22.275460
shape_107-1,44,-97.874660,22.272760
shape_107-1,45,-97.873700,22.270090
shape_107-1,46,-97.873660,22.267240
shape_107-1,47,-97.874860,22.264440
shape_107-1,48,-97.876570,22.257450
shape_107-1,49,-97.876470,22.255000
shape_107-1,50,-97.874210,22.248410
shape_107-1,51,-97.872840,22.246030
shape_107-1,52,-97.868010,22.235260
shape_107-1,53,-97.863550,22.223800
shape_107-1,54,-97.863210,22.220680
shape_107-1,55,-97.862670,22.219430
shape_107-1,56,-97.859240,22.217900
shape_107-1,57,-97.860970,22.214560
shape_107-1,58,-97.863460,22.215700
shape_107-1,59,-97.862580,22.217480
shape_107-1,60,-97.858360,22.215580
shape_107-1,61,-97.858830,22.214740
shape_107-1,62,-97.859580,22.215140
shape_107-1,63,-97.859670,22.215180
shape_107-1,64,-97.858060,22.218380
shape_107-1,65,-97.863210,22.220680
shape_107-1,66,-97.863550,22.223800
shape_107-1,67,-97.868010,22.235260
shape_107-1,68,-97.869840,22.239090
shape_107-1,69,-97.867630,22.239830
shape_107-1,70,-97.868060,22.240840
shape_107-1,71,-97.866920,22.241260
shape_107-1,72,-97.866210,22.241320
shape_107-1,73,-97.866530,22.246860
shape_107-1,74,-97.866000,22.249920
shape_107-1,75,-97.862540,22.250890
shape_107-1,76,-97.862650,22.252560
shape_107-1,77,-97.862370,22.253650
shape_107-1,78,-97.860050,22.258240
shape_107-1,79,-97.860200,22.259450
shape_107-1,80,-97.861940,22.260310
shape_107-1,81,-97.860200,22.264280
shape_107-1,82,-97.858700,22.269480
shape_107-1,83,-97.856380,22.275440
shape_107-1,84,-97.854620,22.274400
shape_107-1,85,-97.856040,22.276430
shape_107-1,86,-97.857500,22.277460
shape_107-1,87,-97.859940,22.278690
shape_107-1,88,-97.863210,22.281710
shape_107-1,89,-97.865480,22.284610
shape_107-1,90,-97.870250,22.287830
shape_107-1,91,-97.873380,22.291240
shape_107-1,92,-97.881270,22.303930
shape_107-1,93,-97.881640,22.304940
shape_107-1,94,-97.881730,22.306610
shape_107-1,95,-97.873940,22.331240
shape_107-1,96,-97.873360,22.334260
shape_107-1,97,-97.873310,22.336280
shape_107-1,98,-97.876230,22.345670
shape_107-1,99,-97.878120,22.347690
shape_107-1,100,-97.880850,22.349900
shape_107-1,101,-97.883700,22.351350
shape_107-1,102,-97.887180,22.354200
shape_107-1,103,-97.891340,22.358710
shape_107-1,104,-97.896470,22.364420
shape_107-1,105,-97.903720,22.371810
shape_107-1,106,-97.908420,22.376390
shape_107-1,107,-97.911920,22.379800
shape_107-1,108,-97.919000,22.386850
shape_107-1,109,-97.920500,22.387300
shape_107-1,110,-97.921940,22.388850
shape_107-1,111,-97.922520,22.389880
shape_107-1,112,-97.923550,22.390420
shape_107-1,113,-97.924360,22.390600
shape_107-1,114,-97.929680,22.391770
shape_107-1,115,-97.932730,22.395060
shape_107-1,116,-97.934490,22.395610
shape_107-1,117,-97.937580,22.396170
shape_107-1,118,-97.937990,22.397000
shape_107-1,119,-97.937150,22.404620
shape_107-1,120,-97.937490,22.406430
shape_107-1,121,-97.942060,22.417260
shape_107-1,122,-97.942900,22.419380
shape_107-1,123,-97.943200,22.420050
shape_107-1,124,-97.947730,22.425230
shape_107-1,125,-97.959850,22.433760
shape_107-1,126,-97.972000,22.435310
shape_107-1,127,-97.974550,22.422240
shape_36-1,0,-97.858360,22.213610
shape_36-1,1,-97.855770,22.212430
shape_36-1,2,-97.853000,22.211850
shape_36-1,3,-97.852850,22.212120
shape_36-1,4,-97.849460,22.210540
shape_36-1,5,-97.847390,22.214580
shape_36-1,6,-97.848220,22.214990
shape_36-1,7,-97.845630,22.219900
shape_36-1,8,-97.841970,22.226940
shape_36-1,9,-97.842950,22.227400
shape_36-1,10,-97.841330,22.230530
shape_36-1,11,-97.839880,22.233370
shape_36-1,12,-97.839500,22.233240
shape_36-1,13,-97.839210,22.233770
shape_36-1,14,-97.838790,22.234480
shape_36-1,15,-97.838140,22.236240
shape_36-1,16,-97.837750,22.236790
shape_36-1,17,-97.837210,22.237230
shape_36-1,18,-97.836420,22.238420
shape_36-1,19,-97.835270,22.240300
shape_36-1,20,-97.837110,22.241240
shape_36-1,21,-97.839470,22.240700
shape_36-1,22,-97.840400,22.241200
shape_36-1,23,-97.836950,22.246730
shape_36-1,24,-97.836270,22.246360
shape_36-1,25,-97.834880,22.248550
shape_36-1,26,-97.835060,22.249420
shape_36-1,27,-97.830860,22.253110
shape_36-1,28,-97.839970,22.262250
shape_36-1,29,-97.835860,22.265190
shape_36-1,30,-97.837470,22.266870
shape_36-1,31,-97.838120,22.268120
shape_36-1,32,-97.840640,22.266870
shape_36-1,33,-97.841360,22.268240
shape_36-1,34,-97.842510,22.267810
shape_36-1,35,-97.842770,22.268180
shape_36-1,36,-97.842630,22.268380
shape_36-1,37,-97.840510,22.269020
shape_36-1,38,-97.841940,22.272360
shape_36-1,39,-97.844060,22.271630
shape_36-1,40,-97.849070,22.283820
shape_36-1,41,-97.854240,22.283590
shape_36-1,42,-97.854030,22.282520
shape_36-1,43,-97.853810,22.281650
shape_36-1,44,-97.854020,22.280300
shape_36-1,45,-97.854820,22.278180
shape_36-1,46,-97.852530,22.275210
shape_36-1,47,-97.852720,22.274610
shape_36-1,48,-97.852020,22.273850
shape_36-1,49,-97.852100,22.273010
shape_36-1,50,-97.853550,22.273440
shape_36-1,51,-97.854510,22.274250
shape_36-1,52,-97.856230,22.276730
shape_36-1,53,-97.859170,22.278140
shape_36-1,54,-97.862540,22.281060
shape_36-1,55,-97.865590,22.284750
shape_36-1,56,-97.870650,22.288300
shape_36-1,57,-97.873030,22.291120
shape_36-1,58,-97.876280,22.295950
shape_36-1,59,-97.881530,22.304340
shape_36-1,60,-97.881790,22.305970
shape_36-1,61,-97.880970,22.309270
shape_36-1,62,-97.873940,22.331340
shape_36-1,63,-97.873080,22.335870
shape_36-1,64,-97.875740,22.344280
shape_36-1,65,-97.876940,22.346460
shape_36-1,66,-97.879860,22.349080
shape_36-1,67,-97.881920,22.350470
shape_36-1,68,-97.883930,22.351430
shape_36-1,69,-97.901230,22.369600
shape_36-1,70,-97.902470,22.372120
shape_36-1,71,-97.904410,22.374150
shape_36-1,72,-97.906980,22.375420
shape_36-1,73,-97.910130,22.378140
shape_36-1,74,-97.919000,22.386870
shape_36-1,75,-97.921760,22.390690
shape_36-1,76,-97.921140,22.392560
shape_36-1,77,-97.921740,22.394520
shape_36-1,78,-97.926510,22.401190
shape_36-1,79,-97.929340,22.404720
shape_36-1,80,-97.942430,22.419400
shape_36-1,81,-97.947280,22.424910
shape_36-1,82,-97.950840,22.427450
shape_36-1,83,-97.953240,22.429320
shape_36-1,84,-97.959230,22.433620
shape_36-1,85,-97.967560,22.439520
shape_36-1,86,-97.967620,22.439320
shape_36-1,87,-97.959850,22.433820
shape_36-1,88,-97.972040,22.435250
shape_36-1,89,-97.974530,22.422150
shape_36-1,90,-97.973080,22.421930
shape_36-1,91,-97.970540,22.435030
shape_36-1,92,-97.970540,22.435030
shape_36-1,93,-97.973080,22.421930
shape_36-1,94,-97.974530,22.422150
shape_36-1,95,-97.972040,22.435250
shape_36-1,96,-97.959850,22.433820
shape_36-1,97,-97.967620,22.439320
shape_36-1,98,-97.967560,22.439520
shape_36-1,99,-97.959230,22.433620
shape_36-1,100,-97.953240,22.429320
shape_36-1,101,-97.950840,22.427450
shape_36-1,102,-97.947280,22.424910
shape_36-1,103,-97.942900,22.419600
shape_36-1,104,-97.939730,22.411230
shape_36-1,105,-97.937240,22.406150
shape_36-1,106,-97.938140,22.397180
shape_36-1,107,-97.937620,22.396350
shape_36-1,108,-97.933850,22.395480
shape_36-1,109,-97.932820,22.394880
shape_36-1,110,-97.930110,22.392140
shape_36-1,111,-97.924920,22.390950
shape_36-1,112,-97.923500,22.390440
shape_36-1,113,-97.921830,22.388530
shape_36-1,114,-97.920160,22.387220
shape_36-1,115,-97.919000,22.386870
shape_36-1,116,-97.910130,22.378140
shape_36-1,117,-97.906980,22.375420
shape_36-1,118,-97.904410,22.374150
shape_36-1,119,-97.902470,22.372120
shape_36-1,120,-97.901230,22.369600
shape_36-1,121,-97.883930,22.351430
shape_36-1,122,-97.881920,22.350470
shape_36-1,123,-97.879860,22.349080
shape_36-1,124,-97.876940,22.346460
shape_36-1,125,-97.875740,22.344280
shape_36-1,126,-97.873080,22.335870
shape_36-1,127,-97.873940,22.331340
shape_36-1,128,-97.880970,22.309270
shape_36-1,129,-97.881790,22.305970
shape_36-1,130,-97.881530,22.304340
shape_36-1,131,-97.876280,22.295950
shape_36-1,132,-97.873030,22.291120
shape_36-1,133,-97.870650,22.288300
shape_36-1,134,-97.865590,22.284750
shape_36-1,135,-97.862540,22.281060
shape_36-1,136,-97.859170,22.278140
shape_36-1,137,-97.856230,22.276730
shape_36-1,138,-97.854510,22.274250
shape_36-1,139,-97.853550,22.273440
shape_36-1,140,-97.852100,22.273010
shape_36-1,141,-97.852020,22.273850
shape_36-1,142,-97.852680,22.274530
shape_36-1,143,-97.852500,22.275290
shape_36-1,144,-97.852120,22.275870
shape_36-1,145,-97.851710,22.276440
shape_36-1,146,-97.851190,22.277130
shape_36-1,147,-97.852280,22.277280
shape_36-1,148,-97.852190,22.277750
shape_36-1,149,-97.851950,22.279150
shape_36-1,150,-97.851670,22.279930
shape_36-1,151,-97.854100,22.280310
shape_36-1,152,-97.853810,22.281650
shape_36-1,153,-97.854030,22.282520
shape_36-1,154,-97.854240,22.283590
shape_36-1,155,-97.849070,22.283820
shape_36-1,156,-97.845200,22.274480
shape_36-1,157,-97.844010,22.275000
shape_36-1,158,-97.842950,22.275220
shape_36-1,159,-97.841940,22.272360
shape_36-1,160,-97.840510,22.269020
shape_36-1,161,-97.842630,22.268380
shape_36-1,162,-97.842770,22.268180
shape_36-1,163,-97.842510,22.267810
shape_36-1,164,-97.841360,22.268240
shape_36-1,165,-97.840640,22.266870
shape_36-1,166,-97.838120,22.268120
shape_36-1,167,-97.837470,22.266870
shape_36-1,168,-97.835860,22.265190
shape_36-1,169,-97.839970,22.262250
shape_36-1,170,-97.830860,22.253110
shape_36-1,171,-97.835060,22.249420
shape_36-1,172,-97.834880,22.248550
shape_36-1,173,-97.836270,22.246360
shape_36-1,174,-97.836950,22.246730
shape_36-1,175,-97.840400,22.241200
shape_36-1,176,-97.839470,22.240700
shape_36-1,177,-97.837110,22.241240
shape_36-1,178,-97.835270,22.240300
shape_36-1,179,-97.836420,22.238420
shape_36-1,180,-97.837210,22.237230
shape_36-1,181,-97.837750,22.236790
shape_36-1,182,-97.838140,22.236240
shape_36-1,183,-97.838790,22.234480
shape_36-1,184,-97.839210,22.233770
shape_36-1,185,-97.839500,22.233240
shape_36-1,186,-97.839880,22.233370
shape_36-1,187,-97.841330,22.230530
shape_36-1,188,-97.842950,22.227400
shape_36-1,189,-97.841970,22.226940
shape_36-1,190,-97.845630,22.219900
shape_36-1,191,-97.848220,22.214990
shape_36-1,192,-97.850370,22.212950
shape_36-1,193,-97.852010,22.213690
shape_36-1,194,-97.851580,22.214660
shape_36-1,195,-97.851170,22.215300
shape_36-1,196,-97.855400,22.217250
shape_36-1,197,-97.857580,22.213150
shape_36-1,198,-97.855290,22.212320
shape_36-1,199,-97.853770,22.212060
shape_36-1,200,-97.853080,22.211900
shape_114A-1,0,-98.068210,22.543200
shape_114A-1,1,-98.074410,22.502130
shape_114A-1,2,-98.072310,22.502210
shape_114A-1,3,-98.033950,22.490100
shape_114A-1,4,-98.010450,22.479930
shape_114A-1,5,-97.991970,22.471880
shape_114A-1,6,-97.990920,22.470650
shape_114A-1,7,-97.971220,22.442390
shape_114A-1,8,-97.970600,22.441670
shape_114A-1,9,-97.946960,22.424660
shape_114A-1,10,-97.945600,22.423290
shape_114A-1,11,-97.943010,22.419640
shape_114A-1,12,-97.942490,22.418090
shape_114A-1,13,-97.941120,22.415020
shape_114A-1,14,-97.937190,22.405610
shape_114A-1,15,-97.938010,22.397020
shape_114A-1,16,-97.937690,22.396290
shape_114A-1,17,-97.933420,22.395340
shape_114A-1,18,-97.932130,22.394310
shape_114A-1,19,-97.929810,22.391880
shape_114A-1,20,-97.924510,22.390640
shape_114A-1,21,-97.923420,22.390360
shape_114A-1,22,-97.922730,22.390020
shape_114A-1,23,-97.921980,22.388790
shape_114A-1,24,-97.920800,22.387520
shape_114A-1,25,-97.918740,22.386610
shape_114A-1,26,-97.906830,22.374820
shape_114A-1,27,-97.887240,22.354220
shape_114A-1,28,-97.883510,22.351170
shape_114A-1,29,-97.880050,22.349520
shape_114A-1,30,-97.876640,22.346170
shape_114A-1,31,-97.875910,22.344600
shape_114A-1,32,-97.873190,22.335230
shape_114A-1,33,-97.873980,22.331180
shape_114A-1,34,-97.881850,22.305690
shape_114A-1,35,-97.881550,22.304400
shape_114A-1,36,-97.873310,22.291180
shape_114A-1,37,-97.873060,22.289180
shape_114A-1,38,-97.873060,22.287610
shape_114A-1,39,-97.874090,22.284790
shape_114A-1,40,-97.872930,22.282130
shape_114A-1,41,-97.873060,22.279590
shape_114A-1,42,-97.873210,22.277860
shape_114A-1,43,-97.874660,22.272860
shape_114A-1,44,-97.873890,22.270490
shape_114A-1,45,-97.873780,22.267200
shape_114A-1,46,-97.874510,22.265310
shape_114A-1,47,-97.876600,22.257390
shape_114A-1,48,-97.876470,22.255120
shape_114A-1,49,-97.876120,22.253690
shape_114A-1,50,-97.873910,22.247790
shape_114A-1,51,-97.873030,22.246400
shape_114A-1,52,-97.863440,22.223500
shape_114A-1,53,-97.863270,22.222230
shape_114A-1,54,-97.863270,22.220620
shape_114A-1,55,-97.857990,22.218380
shape_114A-1,56,-97.859580,22.215180
shape_114A-1,57,-97.859580,22.215180
shape_114A-1,58,-97.858790,22.214840
shape_114A-1,59,-97.858420,22.215660
shape_114A-1,60,-97.862630,22.217480
shape_114A-1,61,-97.863440,22.215720
shape_114A-1,62,-97.860970,22.214860
shape_114A-1,63,-97.858920,22.218740
shape_114A-1,64,-97.863270,22.220620
shape_114A-1,65,-97.863270,22.222230
shape_114A-1,66,-97.863440,22.223500
shape_114A-1,67,-97.865010,22.227380
shape_114A-1,68,-97.864090,22.229780
shape_114A-1,69,-97.865370,22.234610
shape_114A-1,70,-97.866470,22.238100
shape_114A-1,71,-97.867050,22.242750
shape_114A-1,72,-97.866940,22.244460
shape_114A-1,73,-97.867650,22.247060
shape_114A-1,74,-97.867300,22.249440
shape_114A-1,75,-97.866730,22.251230
shape_114A-1,76,-97.864770,22.254530
shape_114A-1,77,-97.864560,22.255900
shape_114A-1,78,-97.863890,22.257410
shape_114A-1,79,-97.860550,22.263280
shape_114A-1,80,-97.859410,22.266900
shape_114A-1,81,-97.858420,22.270170
shape_114A-1,82,-97.856300,22.275520
shape_114A-1,83,-97.862730,22.281000
shape_114A-1,84,-97.865910,22.284890
shape_114A-1,85,-97.870890,22.288460
shape_114A-1,86,-97.873030,22.289530
shape_114A-1,87,-97.873310,22.291180
shape_114A-1,88,-97.881550,22.304400
shape_114A-1,89,-97.881850,22.305690
shape_114A-1,90,-97.873980,22.331180
shape_114A-1,91,-97.873190,22.335230
shape_114A-1,92,-97.875910,22.344600
shape_114A-1,93,-97.876640,22.346170
shape_114A-1,94,-97.880050,22.349520
shape_114A-1,95,-97.883510,22.351170
shape_114A-1,96,-97.887240,22.354220
shape_114A-1,97,-97.906830,22.374820
shape_114A-1,98,-97.918740,22.386610
shape_114A-1,99,-97.920800,22.387520
shape_114A-1,100,-97.921980,22.388790
shape_114A-1,101,-97.922730,22.390020
shape_114A-1,102,-97.923420,22.390360
shape_114A-1,103,-97.924510,22.390640
shape_114A-1,104,-97.929810,22.391880
shape_114A-1,105,-97.932130,22.394310
shape_114A-1,106,-97.933420,22.395340
shape_114A-1,107,-97.937690,22.396290
shape_114A-1,108,-97.938010,22.397020
shape_114A-1,109,-97.937190,22.405610
shape_114A-1,110,-97.941120,22.415020
shape_114A-1,111,-97.942490,22.418090
shape_114A-1,112,-97.943010,22.419640
shape_114A-1,113,-97.945600,22.423290
shape_114A-1,114,-97.946960,22.424660
shape_114A-1,115,-97.970600,22.441670
shape_114A-1,116,-97.971220,22.442390
shape_114A-1,117,-97.990920,22.470650
shape_114A-1,118,-97.991970,22.471880
shape_114A-1,119,-98.010450,22.479930
shape_114A-1,120,-98.033950,22.490100
shape_114A-1,121,-98.072500,22.502250
shape_114A-1,122,-98.074610,22.502170
shape_114A-1,123,-98.071320,22.522710
shape_114A-1,124,-98.068260,22.543260
shape_11-1,0,-98.074740,22.434240
shape_11-1,1,-98.074140,22.435230
shape_11-1,2,-98.067230,22.443910
shape_11-1,3,-98.064570,22.447290
shape_11-1,4,-98.062850,22.450700
shape_11-1,5,-98.054820,22.448160
shape_11-1,6,-98.016480,22.435270
shape_11-1,7,-98.015690,22.440940
shape_11-1,8,-98.016290,22.441120
shape_11-1,9,-98.011570,22.473720
shape_11-1,10,-98.010580,22.479850
shape_11-1,11,-98.001290,22.475920
shape_11-1,12,-97.992210,22.471940
shape_11-1,13,-97.990520,22.470150
shape_11-1,14,-97.978520,22.452700
shape_11-1,15,-97.971160,22.442250
shape_11-1,16,-97.949440,22.426480
shape_11-1,17,-97.945860,22.423570
shape_11-1,18,-97.942900,22.419680
shape_11-1,19,-97.942580,22.418410
shape_11-1,20,-97.941610,22.416050
shape_11-1,21,-97.937210,22.405790
shape_11-1,22,-97.938030,22.396940
shape_11-1,23,-97.937600,22.396210
shape_11-1,24,-97.933330,22.395320
shape_11-1,25,-97.929490,22.391630
shape_11-1,26,-97.923720,22.390440
shape_11-1,27,-97.922970,22.390180
shape_11-1,28,-97.921980,22.388870
shape_11-1,29,-97.920520,22.387360
shape_11-1,30,-97.918970,22.386710
shape_11-1,31,-97.907040,22.375160
shape_11-1,32,-97.901380,22.369520
shape_11-1,33,-97.887350,22.354280
shape_11-1,34,-97.882730,22.350930
shape_11-1,35,-97.879640,22.349160
shape_11-1,36,-97.876360,22.345790
shape_11-1,37,-97.873230,22.335950
shape_11-1,38,-97.873250,22.335150
shape_11-1,39,-97.873890,22.331240
shape_11-1,40,-97.881770,22.306290
shape_11-1,41,-97.881660,22.304680
shape_11-1,42,-97.873290,22.291140
shape_11-1,43,-97.872950,22.288140
shape_11-1,44,-97.874020,22.284830
shape_11-1,45,-97.873550,22.283520
shape_11-1,46,-97.872840,22.282090
shape_11-1,47,-97.873210,22.277920
shape_11-1,48,-97.874640,22.272820
shape_11-1,49,-97.873700,22.269840
shape_11-1,50,-97.873810,22.266980
shape_11-1,51,-97.874600,22.265370
shape_11-1,52,-97.876210,22.259470
shape_11-1,53,-97.876700,22.257370
shape_11-1,54,-97.876190,22.253970
shape_11-1,55,-97.873960,22.247950
shape_11-1,56,-97.871360,22.242890
shape_11-1,57,-97.866850,22.232140
shape_11-1,58,-97.863660,22.223900
shape_11-1,59,-97.863310,22.222550
shape_11-1,60,-97.863270,22.220660
shape_11-1,61,-97.862650,22.219390
shape_11-1,62,-97.859280,22.217900
shape_11-1,63,-97.860920,22.214570
shape_11-1,64,-97.863450,22.215650
shape_11-1,65,-97.862620,22.217480
shape_11-1,66,-97.858380,22.215610
shape_11-1,67,-97.858840,22.214780
shape_11-1,68,-97.859620,22.215140
shape_11-1,69,-97.859620,22.215140
shape_11-1,70,-97.858010,22.218420
shape_11-1,71,-97.863270,22.220660
shape_11-1,72,-97.863310,22.222550
shape_11-1,73,-97.863660,22.223900
shape_11-1,74,-97.866850,22.232140
shape_11-1,75,-97.871360,22.242890
shape_11-1,76,-97.873960,22.247950
shape_11-1,77,-97.876190,22.253970
shape_11-1,78,-97.876700,22.257370
shape_11-1,79,-97.876210,22.259470
shape_11-1,80,-97.874600,22.265370
shape_11-1,81,-97.873810,22.266980
shape_11-1,82,-97.873700,22.269840
shape_11-1,83,-97.874640,22.272820
shape_11-1,84,-97.873210,22.277920
shape_11-1,85,-97.872840,22.282090
shape_11-1,86,-97.873550,22.283520
shape_11-1,87,-97.874020,22.284830
shape_11-1,88,-97.872950,22.288140
shape_11-1,89,-97.873290,22.291140
shape_11-1,90,-97.881660,22.304680
shape_11-1,91,-97.881770,22.306290
shape_11-1,92,-97.873890,22.331240
shape_11-1,93,-97.873250,22.335150
shape_11-1,94,-97.873230,22.335950
shape_11-1,95,-97.876360,22.345790
shape_11-1,96,-97.879640,22.349160
shape_11-1,97,-97.882730,22.350930
shape_11-1,98,-97.887350,22.354280
shape_11-1,99,-97.901380,22.369520
shape_11-1,100,-97.907040,22.375160
shape_11-1,101,-97.918970,22.386710
shape_11-1,102,-97.920520,22.387360
shape_11-1,103,-97.921980,22.388870
shape_11-1,104,-97.922970,22.390180
shape_11-1,105,-97.923720,22.390440
shape_11-1,106,-97.929490,22.391630
shape_11-1,107,-97.933330,22.395320
shape_11-1,108,-97.937600,22.396210
shape_11-1,109,-97.938030,22.396940
shape_11-1,110,-97.937210,22.405790
shape_11-1,111,-97.941610,22.416050
shape_11-1,112,-97.942580,22.418410
shape_11-1,113,-97.942900,22.419680
shape_11-1,114,-97.945860,22.423570
shape_11-1,115,-97.949440,22.426480
shape_11-1,116,-97.971160,22.442250
shape_11-1,117,-97.978520,22.452700
shape_11-1,118,-97.990520,22.470150
shape_11-1,119,-97.992210,22.471940
shape_11-1,120,-98.001290,22.475920
shape_11-1,121,-98.010580,22.479850
shape_11-1,122,-98.011570,22.473720
shape_11-1,123,-98.016290,22.441120
shape_11-1,124,-98.015690,22.440940
shape_11-1,125,-98.016480,22.435270
shape_11-1,126,-98.054820,22.448160
shape_11-1,127,-98.062850,22.450700
shape_11-1,128,-98.064570,22.447290
shape_11-1,129,-98.067230,22.443910
shape_11-1,130,-98.074140,22.435230
shape_114-1,0,-98.068210,22.543200
shape_114-1,1,-98.074410,22.502130
shape_114-1,2,-98.072310,22.502210
shape_114-1,3,-98.033950,22.490100
shape_114-1,4,-98.010450,22.479930
shape_114-1,5,-97.991970,22.471880
shape_114-1,6,-97.990920,22.470650
shape_114-1,7,-97.971220,22.442390
shape_114-1,8,-97.970600,22.441670
shape_114-1,9,-97.946960,22.424660
shape_114-1,10,-97.945600,22.423290
shape_114-1,11,-97.943010,22.419640
shape_114-1,12,-97.942490,22.418090
shape_114-1,13,-97.941120,22.415020
shape_114-1,14,-97.937190,22.405610
shape_114-1,15,-97.938010,22.397020
shape_114-1,16,-97.937690,22.396290
shape_114-1,17,-97.933420,22.395340
shape_114-1,18,-97.932130,22.394310
shape_114-1,19,-97.929810,22.391880
shape_114-1,20,-97.924510,22.390640
shape_114-1,21,-97.923420,22.390360
shape_114-1,22,-97.922730,22.390020
shape_114-1,23,-97.921980,22.388790
shape_114-1,24,-97.920800,22.387520
shape_114-1,25,-97.918740,22.386610
shape_114-1,26,-97.906830,22.374820
shape_114-1,27,-97.887240,22.354220
shape_114-1,28,-97.883510,22.351170
shape_114-1,29,-97.880050,22.349520
shape_114-1,30,-97.876640,22.346170
shape_114-1,31,-97.875910,22.344600
shape_114-1,32,-97.873190,22.335230
shape_114-1,33,-97.873980,22.331180
shape_114-1,34,-97.881850,22.305690
shape_114-1,35,-97.881550,22.304400
shape_114-1,36,-97.873310,22.291180
shape_114-1,37,-97.873060,22.289180
shape_114-1,38,-97.873060,22.287610
shape_114-1,39,-97.874090,22.284790
shape_114-1,40,-97.872930,22.282130
shape_114-1,41,-97.873060,22.279590
shape_114-1,42,-97.873210,22.277860
shape_114-1,43,-97.874660,22.272860
shape_114-1,44,-97.873890,22.270490
shape_114-1,45,-97.873780,22.267200
shape_114-1,46,-97.874510,22.265310
shape_114-1,47,-97.876600,22.257390
shape_114-1,48,-97.876470,22.255120
shape_114-1,49,-97.876120,22.253690
shape_114-1,50,-97.873910,22.247790
shape_114-1,51,-97.873030,22.246400
shape_114-1,52,-97.863440,22.223500
shape_114-1,53,-97.863270,22.222230
shape_114-1,54,-97.863270,22.220620
shape_114-1,55,-97.862650,22.219410
shape_114-1,56,-97.859260,22.217960
shape_114-1,57,-97.861000,22.214520
shape_114-1,58,-97.863440,22.215620
shape_114-1,59,-97.862630,22.217500
shape_114-1,60,-97.858400,22.215600
shape_114-1,61,-97.858790,22.214780
shape_114-1,62,-97.859580,22.215180
shape_114-1,63,-97.859690,22.215200
shape_114-1,64,-97.858010,22.218360
shape_114-1,65,-97.863270,22.220660
shape_114-1,66,-97.863270,22.222230
shape_114-1,67,-97.863440,22.223500
shape_114-1,68,-97.867930,22.234980
shape_114-1,69,-97.869690,22.239130
shape_114-1,70,-97.867630,22.239850
shape_114-1,71,-97.868010,22.240860
shape_114-1,72,-97.866880,22.241240
shape_114-1,73,-97.866300,22.241300
shape_114-1,74,-97.866470,22.247580
shape_114-1,75,-97.866040,22.249920
shape_114-1,76,-97.863310,22.250750
shape_114-1,77,-97.863290,22.252780
shape_114-1,78,-97.864800,22.253140
shape_114-1,79,-97.864710,22.255160
shape_114-1,80,-97.864040,22.257190
shape_114-1,81,-97.862880,22.259230
shape_114-1,82,-97.860500,22.263280
shape_114-1,83,-97.859390,22.266940
shape_114-1,84,-97.856340,22.275520
shape_114-1,85,-97.862650,22.280840
shape_114-1,86,-97.865310,22.284530
shape_114-1,87,-97.873010,22.289610
shape_114-1,88,-97.873310,22.291180
shape_114-1,89,-97.881550,22.304400
shape_114-1,90,-97.881850,22.305690
shape_114-1,91,-97.873980,22.331180
shape_114-1,92,-97.873190,22.335230
shape_114-1,93,-97.875910,22.344600
shape_114-1,94,-97.876640,22.346170
shape_114-1,95,-97.880050,22.349520
shape_114-1,96,-97.883510,22.351170
shape_114-1,97,-97.887240,22.354220
shape_114-1,98,-97.906830,22.374820
shape_114-1,99,-97.918740,22.386610
shape_114-1,100,-97.920800,22.387520
shape_114-1,101,-97.921980,22.388790
shape_114-1,102,-97.922730,22.390020
shape_114-1,103,-97.923420,22.390360
shape_114-1,104,-97.924510,22.390640
shape_114-1,105,-97.929810,22.391880
shape_114-1,106,-97.932130,22.394310
shape_114-1,107,-97.933420,22.395340
shape_114-1,108,-97.937690,22.396290
shape_114-1,109,-97.938010,22.397020
shape_114-1,110,-97.937190,22.405610
shape_114-1,111,-97.941120,22.415020
shape_114-1,112,-97.942490,22.418090
shape_114-1,113,-97.943010,22.419640
shape_114-1,114,-97.945600,22.423290
shape_114-1,115,-97.946960,22.424660
shape_114-1,116,-97.970600,22.441670
shape_114-1,117,-97.971220,22.442390
shape_114-1,118,-97.990920,22.470650
shape_114-1,119,-97.991970,22.471880
shape_114-1,120,-98.010450,22.479930
shape_114-1,121,-98.033950,22.490100
shape_114-1,122,-98.072310,22.502210
shape_114-1,123,-98.074390,22.502130
shape_114-1,124,-98.072180,22.516520
shape_114-1,125,-98.071170,22.523740
shape_114-1,126,-98.068260,22.543240
shape_111A-1,0,-98.074740,22.434240
shape_111A-1,1,-98.074140,22.435230
shape_111A-1,2,-98.067230,22.443910
shape_111A-1,3,-98.064570,22.447290
shape_111A-1,4,-98.062850,22.450700
shape_111A-1,5,-98.054820,22.448160
shape_111A-1,6,-98.016480,22.435270
shape_111A-1,7,-98.015690,22.440940
shape_111A-1,8,-98.016290,22.441120
shape_111A-1,9,-98.011570,22.473720
shape_111A-1,10,-98.010580,22.479850
shape_111A-1,11,-98.001290,22.475920
shape_111A-1,12,-97.992210,22.471940
shape_111A-1,13,-97.990520,22.470150
shape_111A-1,14,-97.978520,22.452700
shape_111A-1,15,-97.971160,22.442250
shape_111A-1,16,-97.949440,22.426480
shape_111A-1,17,-97.945860,22.423570
shape_111A-1,18,-97.942900,22.419680
shape_111A-1,19,-97.942580,22.418410
shape_111A-1,20,-97.941610,22.416050
shape_111A-1,21,-97.937210,22.405790
shape_111A-1,22,-97.938030,22.396940
shape_111A-1,23,-97.937600,22.396210
shape_111A-1,24,-97.933330,22.395320
shape_111A-1,25,-97.929490,22.391630
shape_111A-1,26,-97.923720,22.390440
shape_111A-1,27,-97.922970,22.390180
shape_111A-1,28,-97.921980,22.388870
shape_111A-1,29,-97.920520,22.387360
shape_111A-1,30,-97.918970,22.386710
shape_111A-1,31,-97.907040,22.375160
shape_111A-1,32,-97.901380,22.369520
shape_111A-1,33,-97.887350,22.354280
shape_111A-1,34,-97.882730,22.350930
shape_111A-1,35,-97.879640,22.349160
shape_111A-1,36,-97.876360,22.345790
shape_111A-1,37,-97.873230,22.335950
shape_111A-1,38,-97.873250,22.335150
shape_111A-1,39,-97.873890,22.331240
shape_111A-1,40,-97.881770,22.306290
shape_111A-1,41,-97.881660,22.304680
shape_111A-1,42,-97.873290,22.291140
shape_111A-1,43,-97.873030,22.289730
shape_111A-1,44,-97.871470,22.288800
shape_111A-1,45,-97.868530,22.286730
shape_111A-1,46,-97.865180,22.284210
shape_111A-1,47,-97.862650,22.280920
shape_111A-1,48,-97.856300,22.275480
shape_111A-1,49,-97.859520,22.267020
shape_111A-1,50,-97.860500,22.263440
shape_111A-1,51,-97.861060,22.262650
shape_111A-1,52,-97.863890,22.257410
shape_111A-1,53,-97.864620,22.255380
shape_111A-1,54,-97.864800,22.254490
shape_111A-1,55,-97.865570,22.253140
shape_111A-1,56,-97.866640,22.251410
shape_111A-1,57,-97.867160,22.249480
shape_111A-1,58,-97.867670,22.247120
shape_111A-1,59,-97.867200,22.245730
shape_111A-1,60,-97.866980,22.244420
shape_111A-1,61,-97.866880,22.241180
shape_111A-1,62,-97.866470,22.238020
shape_111A-1,63,-97.865160,22.234090
shape_111A-1,64,-97.864710,22.231880
shape_111A-1,65,-97.864110,22.229720
shape_111A-1,66,-97.864970,22.227460
shape_111A-1,67,-97.863660,22.223900
shape_111A-1,68,-97.863310,22.222550
shape_111A-1,69,-97.863270,22.220660
shape_111A-1,70,-97.862650,22.219390
shape_111A-1,71,-97.859280,22.217900
shape_111A-1,72,-97.860920,22.214570
shape_111A-1,73,-97.863450,22.215650
shape_111A-1,74,-97.862620,22.217480
shape_111A-1,75,-97.858380,22.215610
shape_111A-1,76,-97.858840,22.214780
shape_111A-1,77,-97.859620,22.215140
shape_111A-1,78,-97.859620,22.215140
shape_111A-1,79,-97.857970,22.218380
shape_111A-1,80,-97.863270,22.220660
shape_111A-1,81,-97.863310,22.222550
shape_111A-1,82,-97.863660,22.223900
shape_111A-1,83,-97.864970,22.227460
shape_111A-1,84,-97.867200,22.233290
shape_111A-1,85,-97.869820,22.239070
shape_111A-1,86,-97.867610,22.239870
shape_111A-1,87,-97.868010,22.240850
shape_111A-1,88,-97.866910,22.241230
shape_111A-1,89,-97.866240,22.241280
shape_111A-1,90,-97.866460,22.244420
shape_111A-1,91,-97.866510,22.247370
shape_111A-1,92,-97.866000,22.249930
shape_111A-1,93,-97.863300,22.250720
shape_111A-1,94,-97.863360,22.252760
shape_111A-1,95,-97.864750,22.253100
shape_111A-1,96,-97.864800,22.254490
shape_111A-1,97,-97.864620,22.255380
shape_111A-1,98,-97.863890,22.257410
shape_111A-1,99,-97.861060,22.262650
shape_111A-1,100,-97.860500,22.263440
shape_111A-1,101,-97.859520,22.267020
shape_111A-1,102,-97.856300,22.275480
shape_111A-1,103,-97.862650,22.280920
shape_111A-1,104,-97.865180,22.284210
shape_111A-1,105,-97.868530,22.286730
shape_111A-1,106,-97.871470,22.288800
shape_111A-1,107,-97.873030,22.289730
shape_111A-1,108,-97.873290,22.291140
shape_111A-1,109,-97.881660,22.304680
shape_111A-1,110,-97.881770,22.306290
shape_111A-1,111,-97.873890,22.331240
shape_111A-1,112,-97.873250,22.335150
shape_111A-1,113,-97.873230,22.335950
shape_111A-1,114,-97.876360,22.345790
shape_111A-1,115,-97.879640,22.349160
shape_111A-1,116,-97.882730,22.350930
shape_111A-1,117,-97.887350,22.354280
shape_111A-1,118,-97.901380,22.369520
shape_111A-1,119,-97.907040,22.375160
shape_111A-1,120,-97.918970,22.386710
shape_111A-1,121,-97.920520,22.387360
shape_111A-1,122,-97.921980,22.388870
shape_111A-1,123,-97.922970,22.390180
shape_111A-1,124,-97.923720,22.390440
shape_111A-1,125,-97.929490,22.391630
shape_111A-1,126,-97.933330,22.395320
shape_111A-1,127,-97.937600,22.396210
shape_111A-1,128,-97.938030,22.396940
shape_111A-1,129,-97.937210,22.405790
shape_111A-1,130,-97.941610,22.416050
shape_111A-1,131,-97.942580,22.418410
shape_111A-1,132,-97.942900,22.419680
shape_111A-1,133,-97.945860,22.423570
shape_111A-1,134,-97.949440,22.426480
shape_111A-1,135,-97.971160,22.442250
shape_111A-1,136,-97.978520,22.452700
shape_111A-1,137,-97.990520,22.470150
shape_111A-1,138,-97.992210,22.471940
shape_111A-1,139,-98.001290,22.475920
shape_111A-1,140,-98.010580,22.479850
shape_111A-1,141,-98.011570,22.473720
shape_111A-1,142,-98.016290,22.441120
shape_111A-1,143,-98.015690,22.440940
shape_111A-1,144,-98.016480,22.435270
shape_111A-1,145,-98.054820,22.448160
shape_111A-1,146,-98.062850,22.450700
shape_111A-1,147,-98.064570,22.447290
shape_111A-1,148,-98.067230,22.443910
shape_111A-1,149,-98.074140,22.435230
shape_108A-1,0,-98.157070,22.543660
shape_108A-1,1,-98.149820,22.542490
shape_108A-1,2,-98.149490,22.543200
shape_108A-1,3,-98.149690,22.543440
shape_108A-1,4,-98.149130,22.543560
shape_108A-1,5,-98.148640,22.547460
shape_108A-1,6,-98.148400,22.547520
shape_108A-1,7,-98.147910,22.551860
shape_108A-1,8,-98.143660,22.547700
shape_108A-1,9,-98.127090,22.525840
shape_108A-1,10,-98.110810,22.504270
shape_108A-1,11,-98.109500,22.502550
shape_108A-1,12,-98.108270,22.500860
shape_108A-1,13,-98.106750,22.499690
shape_108A-1,14,-98.103580,22.498320
shape_108A-1,15,-98.100380,22.497290
shape_108A-1,16,-98.087160,22.498980
shape_108A-1,17,-98.079760,22.501400
shape_108A-1,18,-98.072700,22.502270
shape_108A-1,19,-98.035470,22.490470
shape_108A-1,20,-98.031690,22.489160
shape_108A-1,21,-98.010450,22.479890
shape_108A-1,22,-97.992170,22.472030
shape_108A-1,23,-97.990750,22.470530
shape_108A-1,24,-97.971270,22.442330
shape_108A-1,25,-97.950730,22.427430
shape_108A-1,26,-97.947000,22.424580
shape_108A-1,27,-97.944420,22.421840
shape_108A-1,28,-97.942840,22.419100
shape_108A-1,29,-97.942040,22.416980
shape_108A-1,30,-97.938310,22.408590
shape_108A-1,31,-97.937260,22.405850
shape_108A-1,32,-97.938050,22.397100
shape_108A-1,33,-97.937770,22.396410
shape_108A-1,34,-97.937240,22.396050
shape_108A-1,35,-97.933500,22.395400
shape_108A-1,36,-97.932040,22.394130
shape_108A-1,37,-97.929660,22.391810
shape_108A-1,38,-97.923700,22.390480
shape_108A-1,39,-97.922900,22.390160
shape_108A-1,40,-97.922300,22.389500
shape_108A-1,41,-97.921550,22.388410
shape_108A-1,42,-97.920520,22.387380
shape_108A-1,43,-97.918520,22.386450
shape_108A-1,44,-97.908270,22.376190
shape_108A-1,45,-97.904660,22.372620
shape_108A-1,46,-97.897860,22.365990
shape_108A-1,47,-97.887220,22.354240
shape_108A-1,48,-97.883890,22.351580
shape_108A-1,49,-97.880240,22.349500
shape_108A-1,50,-97.878230,22.347810
shape_108A-1,51,-97.876210,22.345550
shape_108A-1,52,-97.873160,22.335670
shape_108A-1,53,-97.873940,22.331380
shape_108A-1,54,-97.881620,22.306690
shape_108A-1,55,-97.881700,22.304920
shape_108A-1,56,-97.881120,22.303690
shape_108A-1,57,-97.873290,22.291180
shape_108A-1,58,-97.873120,22.289790
shape_108A-1,59,-97.872240,22.289120
shape_108A-1,60,-97.870370,22.288020
shape_108A-1,61,-97.865460,22.284630
shape_108A-1,62,-97.863530,22.282150
shape_108A-1,63,-97.861490,22.280040
shape_108A-1,64,-97.856230,22.275500
shape_108A-1,65,-97.859150,22.267710
shape_108A-1,66,-97.860330,22.264000
shape_108A-1,67,-97.860480,22.263300
shape_108A-1,68,-97.861640,22.261100
shape_108A-1,69,-97.863850,22.257210
shape_108A-1,70,-97.864690,22.255140
shape_108A-1,71,-97.864770,22.254370
shape_108A-1,72,-97.865650,22.253180
shape_108A-1,73,-97.867000,22.250470
shape_108A-1,74,-97.867180,22.249360
shape_108A-1,75,-97.867650,22.246980
shape_108A-1,76,-97.866940,22.244500
shape_108A-1,77,-97.867070,22.242550
shape_108A-1,78,-97.866150,22.237190
shape_108A-1,79,-97.865050,22.233510
shape_108A-1,80,-97.864110,22.230040
shape_108A-1,81,-97.864280,22.229260
shape_108A-1,82,-97.864950,22.227320
shape_108A-1,83,-97.863610,22.223860
shape_108A-1,84,-97.863290,22.222150
shape_108A-1,85,-97.863210,22.220680
shape_108A-1,86,-97.862730,22.219450
shape_108A-1,87,-97.859240,22.217960
shape_108A-1,88,-97.860970,22.214560
shape_108A-1,89,-97.863460,22.215670
shape_108A-1,90,-97.862610,22.217480
shape_108A-1,91,-97.858370,22.215610
shape_108A-1,92,-97.858810,22.214780
shape_108A-1,93,-97.859640,22.215160
shape_108A-1,94,-97.859640,22.215160
shape_108A-1,95,-97.858010,22.218340
shape_108A-1,96,-97.858920,22.218790
shape_108A-1,97,-97.863270,22.220620
shape_108A-1,98,-97.863290,22.222150
shape_108A-1,99,-97.863610,22.223860
shape_108A-1,100,-97.864950,22.227320
shape_108A-1,101,-97.869110,22.237740
shape_108A-1,102,-97.872260,22.244790
shape_108A-1,103,-97.874020,22.248090
shape_108A-1,104,-97.875690,22.252440
shape_108A-1,105,-97.876400,22.254760
shape_108A-1,106,-97.876600,22.257090
shape_108A-1,107,-97.875290,22.263010
shape_108A-1,108,-97.873590,22.268840
shape_108A-1,109,-97.874710,22.273290
shape_108A-1,110,-97.873080,22.278690
shape_108A-1,111,-97.872910,22.282430
shape_108A-1,112,-97.874190,22.285210
shape_108A-1,113,-97.872930,22.288080
shape_108A-1,114,-97.873120,22.289790
shape_108A-1,115,-97.873290,22.291180
shape_108A-1,116,-97.881120,22.303690
shape_108A-1,117,-97.881700,22.304920
shape_108A-1,118,-97.881620,22.306690
shape_108A-1,119,-97.873940,22.331380
shape_108A-1,120,-97.873160,22.335670
shape_108A-1,121,-97.876210,22.345550
shape_108A-1,122,-97.878230,22.347810
shape_108A-1,123,-97.880240,22.349500
shape_108A-1,124,-97.883890,22.351580
shape_108A-1,125,-97.887220,22.354240
shape_108A-1,126,-97.897860,22.365990
shape_108A-1,127,-97.904660,22.372620
shape_108A-1,128,-97.908270,22.376190
shape_108A-1,129,-97.918520,22.386450
shape_108A-1,130,-97.920520,22.387380
shape_108A-1,131,-97.921550,22.388410
shape_108A-1,132,-97.922300,22.389500
shape_108A-1,133,-97.922900,22.390160
shape_108A-1,134,-97.923700,22.390480
shape_108A-1,135,-97.929660,22.391810
shape_108A-1,136,-97.932040,22.394130
shape_108A-1,137,-97.933500,22.395400
shape_108A-1,138,-97.937240,22.396050
shape_108A-1,139,-97.937770,22.396410
shape_108A-1,140,-97.938050,22.397100
shape_108A-1,141,-97.937260,22.405850
shape_108A-1,142,-97.938310,22.408590
shape_108A-1,143,-97.942040,22.416980
shape_108A-1,144,-97.942840,22.419100
shape_108A-1,145,-97.944420,22.421840
shape_108A-1,146,-97.947000,22.424580
shape_108A-1,147,-97.950730,22.427430
shape_108A-1,148,-97.971270,22.442330
shape_108A-1,149,-97.990750,22.470530
shape_108A-1,150,-97.992170,22.472030
shape_108A-1,151,-98.010450,22.479890
shape_108A-1,152,-98.031690,22.489160
shape_108A-1,153,-98.035470,22.490470
shape_108A-1,154,-98.072700,22.502270
shape_108A-1,155,-98.079760,22.501400
shape_108A-1,156,-98.087160,22.498980
shape_108A-1,157,-98.100380,22.497290
shape_108A-1,158,-98.103580,22.498320
shape_108A-1,159,-98.106750,22.499690
shape_108A-1,160,-98.108270,22.500860
shape_108A-1,161,-98.109500,22.502550
shape_108A-1,162,-98.110810,22.504270
shape_108A-1,163,-98.127090,22.525840
shape_108A-1,164,-98.143660,22.547700
shape_108A-1,165,-98.147910,22.551860
shape_108A-1,166,-98.148400,22.547520
shape_108A-1,167,-98.148640,22.547460
shape_108A-1,168,-98.149130,22.543560
shape_108A-1,169,-98.149690,22.543440
shape_108A-1,170,-98.149490,22.543200
shape_108A-1,171,-98.149820,22.542490
shape_108-1,0,-98.157050,22.543660
shape_108-1,1,-98.149970,22.542510
shape_108-1,2,-98.149520,22.543220
shape_108-1,3,-98.149650,22.543520
shape_108-1,4,-98.149170,22.543520
shape_108-1,5,-98.148640,22.547460
shape_108-1,6,-98.148380,22.547560
shape_108-1,7,-98.147860,22.551840
shape_108-1,8,-98.143400,22.547520
shape_108-1,9,-98.138890,22.541380
shape_108-1,10,-98.122750,22.520100
shape_108-1,11,-98.111050,22.504570
shape_108-1,12,-98.107800,22.500370
shape_108-1,13,-98.105760,22.499360
shape_108-1,14,-98.103490,22.498300
shape_108-1,15,-98.100890,22.497430
shape_108-1,16,-98.099370,22.497390
shape_108-1,17,-98.091000,22.498480
shape_108-1,18,-98.086390,22.499220
shape_108-1,19,-98.079500,22.501480
shape_108-1,20,-98.074140,22.502130
shape_108-1,21,-98.072550,22.502210
shape_108-1,22,-98.045600,22.493690
shape_108-1,23,-98.034270,22.490160
shape_108-1,24,-97.992040,22.471880
shape_108-1,25,-97.980880,22.456170
shape_108-1,26,-97.971050,22.442090
shape_108-1,27,-97.950780,22.427450
shape_108-1,28,-97.946630,22.424360
shape_108-1,29,-97.942940,22.419360
shape_108-1,30,-97.937880,22.407140
shape_108-1,31,-97.937240,22.404840
shape_108-1,32,-97.938010,22.396630
shape_108-1,33,-97.933500,22.395280
shape_108-1,34,-97.932130,22.394290
shape_108-1,35,-97.929730,22.391830
shape_108-1,36,-97.924880,22.390830
shape_108-1,37,-97.923330,22.390360
shape_108-1,38,-97.922560,22.389760
shape_108-1,39,-97.921460,22.388080
shape_108-1,40,-97.919060,22.386830
shape_108-1,41,-97.913250,22.381210
shape_108-1,42,-97.906900,22.374980
shape_108-1,43,-97.898230,22.366310
shape_108-1,44,-97.889790,22.356900
shape_108-1,45,-97.887220,22.354240
shape_108-1,46,-97.883590,22.351330
shape_108-1,47,-97.879770,22.349180
shape_108-1,48,-97.876340,22.345710
shape_108-1,49,-97.873330,22.336260
shape_108-1,50,-97.873510,22.333090
shape_108-1,51,-97.881750,22.306450
shape_108-1,52,-97.881620,22.304190
shape_108-1,53,-97.873290,22.291160
shape_108-1,54,-97.872990,22.288020
shape_108-1,55,-97.873850,22.285580
shape_108-1,56,-97.873850,22.284010
shape_108-1,57,-97.872840,22.282050
shape_108-1,58,-97.873140,22.278040
shape_108-1,59,-97.874750,22.272840
shape_108-1,60,-97.873720,22.270000
shape_108-1,61,-97.873740,22.267080
shape_108-1,62,-97.874640,22.265390
shape_108-1,63,-97.876660,22.257310
shape_108-1,64,-97.875890,22.253140
shape_108-1,65,-97.873760,22.247500
shape_108-1,66,-97.872950,22.246260
shape_108-1,67,-97.867220,22.233350
shape_108-1,68,-97.863640,22.223880
shape_108-1,69,-97.863290,22.222410
shape_108-1,70,-97.863210,22.220660
shape_108-1,71,-97.862630,22.219430
shape_108-1,72,-97.859260,22.217920
shape_108-1,73,-97.860930,22.214540
shape_108-1,74,-97.863460,22.215670
shape_108-1,75,-97.862610,22.217490
shape_108-1,76,-97.858380,22.215620
shape_108-1,77,-97.858820,22.214760
shape_108-1,78,-97.859630,22.215170
shape_108-1,79,-97.859630,22.215170
shape_108-1,80,-97.857990,22.218320
shape_108-1,81,-97.863210,22.220660
shape_108-1,82,-97.863290,22.222410
shape_108-1,83,-97.863640,22.223880
shape_108-1,84,-97.867220,22.233350
shape_108-1,85,-97.869770,22.239020
shape_108-1,86,-97.867580,22.239870
shape_108-1,87,-97.867990,22.240860
shape_108-1,88,-97.866900,22.241220
shape_108-1,89,-97.866230,22.241280
shape_108-1,90,-97.866490,22.247460
shape_108-1,91,-97.866020,22.249940
shape_108-1,92,-97.863250,22.250790
shape_108-1,93,-97.863360,22.252760
shape_108-1,94,-97.864750,22.253060
shape_108-1,95,-97.864730,22.255240
shape_108-1,96,-97.863850,22.257250
shape_108-1,97,-97.861320,22.261810
shape_108-1,98,-97.860460,22.263720
shape_108-1,99,-97.859390,22.266940
shape_108-1,100,-97.858250,22.270770
shape_108-1,101,-97.856430,22.275400
shape_108-1,102,-97.854580,22.274360
shape_108-1,103,-97.856100,22.276590
shape_108-1,104,-97.858830,22.277920
shape_108-1,105,-97.861750,22.280320
shape_108-1,106,-97.864800,22.283580
shape_108-1,107,-97.867540,22.286120
shape_108-1,108,-97.870850,22.288340
shape_108-1,109,-97.873290,22.291160
shape_108-1,110,-97.881620,22.304190
shape_108-1,111,-97.881750,22.306450
shape_108-1,112,-97.873510,22.333090
shape_108-1,113,-97.873330,22.336260
shape_108-1,114,-97.876340,22.345710
shape_108-1,115,-97.879770,22.349180
shape_108-1,116,-97.883590,22.351330
shape_108-1,117,-97.887220,22.354240
shape_108-1,118,-97.889790,22.356900
shape_108-1,119,-97.898230,22.366310
shape_108-1,120,-97.906900,22.374980
shape_108-1,121,-97.913250,22.381210
shape_108-1,122,-97.919060,22.386830
shape_108-1,123,-97.921460,22.388080
shape_108-1,124,-97.922000,22.389920
shape_108-1,125,-97.921510,22.391650
shape_108-1,126,-97.921230,22.393490
shape_108-1,127,-97.924210,22.397700
shape_108-1,128,-97.927920,22.403210
shape_108-1,129,-97.932510,22.408050
shape_108-1,130,-97.942090,22.418960
shape_108-1,131,-97.946630,22.424360
shape_108-1,132,-97.950780,22.427450
shape_108-1,133,-97.971050,22.442090
shape_108-1,134,-97.980880,22.456170
shape_108-1,135,-97.992040,22.471880
shape_108-1,136,-98.034270,22.490160
shape_108-1,137,-98.045600,22.493690
shape_108-1,138,-98.072550,22.502210
shape_108-1,139,-98.074140,22.502130
shape_108-1,140,-98.079500,22.501480
shape_108-1,141,-98.086390,22.499220
shape_108-1,142,-98.091000,22.498480
shape_108-1,143,-98.099370,22.497390
shape_108-1,144,-98.100890,22.497430
shape_108-1,145,-98.103490,22.498300
shape_108-1,146,-98.105760,22.499360
shape_108-1,147,-98.107800,22.500370
shape_108-1,148,-98.111050,22.504570
shape_108-1,149,-98.122750,22.520100
shape_108-1,150,-98.138890,22.541380
shape_108-1,151,-98.143400,22.547520
shape_108-1,152,-98.147860,22.551840
shape_108-1,153,-98.148380,22.547560
shape_108-1,154,-98.148640,22.547460
shape_108-1,155,-98.149170,22.543520
shape_108-1,156,-98.149650,22.543520
shape_108-1,157,-98.149520,22.543220
shape_108-1,158,-98.149970,22.542510
