{
"type": "FeatureCollection",
"name": "cancún",
"crs": { "type": "name", "properties": { "name": "urn:ogc:def:crs:OGC:1.3:CRS84" } },
"features": [
{ "type": "Feature", "properties": { "ciudad_nombre": "Cancún", "encodedLine": "yzl_CfxtpO{Oh@_KVkFOk]yAoOw@ePuCi@Me@Oa@U_@Y}CkDq@q@YWy@c@a@Se@OiDw@i@IwAOk@C{ABm@B}ARg[tEsAJc@@_@E_Co@qD_AmBi@kBu@g@[c@UmAw@sEmC_By@e@[y@q@mB]eBU_B_@gB[iBa@eC_@_Ck@eFgAeIkBmAOQKUCaAYsI{CaCk@kDkAaFgAm@OoHgCmG_CqEoBiDuAwFmCqFkBcDaAqAe@uA_@wBy@cDaAsBw@oE}AsAi@e@YiD{AiDaBcSyIsCiAaBs@uFuBeACg@EcC[iCc@gDc@yDeAeCeAeAi@_CyA}AmAu@{@]q@e@k@wCuBo@y@aCuBIQwAcBYSiBy@sDmBwAm@s@M]Cc@?gBJaAEWGs@a@qAaA{@i@iBu@iA[cAc@[S}@a@qAaAu@_@[KaAKiBAe@EaE{@qAe@iD{Ai@]uA{@eCoBc@c@gBqBcAwAgAwAwC{CuAy@aBqAiBmAcDkCwBmByAaAg@_@}A_Bu@}@s@_A]_@c@[iAs@e@Ka@Ce@Dk@J[JULSTc@t@iA~BiB`DmBbC]^aAv@{@|@_@v@K^M`AA^FtALp@Xn@t@`A\\\\Zd@Vj@RbAR`@JbATn@\\\\XPj@j@|@zAz@~Bb@fCH|A@rAE|D?fHEvDIfC?dBc@bHgA`H_@nBQv@kAnEqBtFWl@s@tAg@vAcAhCgEjJYl@sAzBmAdCqAzBkDpFs@rAw@`AuArBoArBsAbCgA`BaC~Du@hBo@fCQfAQzCAnA@pADjANlA^tBf@fBfCjHPp@b@jCNjDAjBSdDW`BQp@Sr@wAhDeAlBg@t@oCfCiBvAaHhFqDvCaFfD}AtAq@d@iChCwA`BcH|JsCtC{CbCuCbCoBrA{A|@}BhBsDdCk@d@gAbAwAnBc@f@uAjDSn@c@dBYzBI`AGfA?tAFxAHtA^xCt@hFPlBdAnHRrBPj@hDfWfBtNZ|BtAtKRnC@jAE`@Kf@}CrMu@pB]dBiCXoJVyFDaJ^o@Oi@o@_@Ga@?c@D]J{@l@]b@kAP{Rh@uEJwBWgBJiCL}A`@w@F_HVo@@w@IeB@WAWi@yAoDaCsGsC}GyHmSoB{EqEcLOGO@[JeT|JIPN`@@p@KtCALIBM@oCGgMc@{AUsEe@iEA?h@CTXz@h@pAj@lAlEtKrCrGlCzGf@bB`A`Et@lCZ|ABPCFcFUgFOqKg@{GUWEo@mh@IaJGcAqMIAh@?nAJ`EPbTuQy@aBCyLg@iCCKBCRFzABFFDJ@|GRxCP^?FABE@sB`BHvDJvMl@b@Aa@g\\\\BGRA|DJnENNDBd@JjK^dWLpMFHHDbDR|Rr@jJ^PEFSKs@_@aBg@_ByAaG[aA}@aCiCkGuCyGiAsCaDoHGQ?M`@CdAFpBB`IX|CFxRn@jHNjGHhBFbDPbK\\\\~KVdADfBZz@Dl@Iz@CtDDlHXhCBdCXd@BfAEvB?pEP`B@fFXnBZ\\\\@zBKjBAnIXpDHbCJtOd@~Cv@PB`@?XIBe@@}AGq@uAcLUu@qBqEYaAmAcJoBoOkDyVuAqKMkAImAAkA?oAFsA\\\\kCf@aCXy@z@sBfAiBrA}A`BwAp@g@dBeAfJmGtHaG|AgBl@u@nDiFfCmDn@w@fBgBlB_BlFsD|I{G`JoHv@w@p@w@j@{@pAeCbAmCVaAh@cDFy@HoDEaAa@{Ew@kFWkAc@iCMyC?mFJcDJoA^{CPgA|@_Ep@qBt@gB`CeEjCuD`@m@\\\\q@bDcFrImOnAkDzDmJdA}BjBuFtAwFtAeIb@yAJi@Da@EcAB{GNyE@gEGuBDwFAi@K{AUcBSy@Wy@_@}@c@{@aFaI]u@Qu@G_DDc@XiAh@_At@eA`@[bAm@d@QjBe@p@EvA?rB^`EdAd@LjBv@jBp@dAl@`Bx@|BvAxBhBjBxAdAhApEzFd@h@nAhAlCnBdBfAn@\\\\rEdB|A\\\\zAZn@FpCPb@FfAf@|ChBv@ZlBr@r@^XNdBnA`Af@`@FJF\\\\@pAAdBGT?TBHD\\\\H|@^~CbBlD`B~@dA`@j@@Hb@d@bG~FbCfCjAdARH~AnAjAd@fAj@~B`Aj@N|Bx@XFh@@pALh@J|BPzCb@bA@hG`CvCrAjEdBd@VdGnCbGdCxBjAdEbBb@VbA`@rEdBlH~BhDrAxBh@lAf@fAXpBl@vCjAz@^j@^rDvAfB|@VDjGnChA^~CvAtAb@bCt@nDz@|B\\\\rEdBjAXt@X`AXhGrBzBl@vAVt@RtARzDx@dCl@bAPfCn@~Ch@~Cr@nE|@rA^hDnBtEdCbBbA^PxEpClDhB~@^dBP`B?`@E`AO~Am@lBm@zDcApB]dD[j@CnCB`B?n@GlCa@n@Ch@?h@Bf@HfATfBl@`@R`@Td@j@pApAt@`Ad@f@f@`@n@\\\\ZLxBb@~@L`Cd@`Ch@~Ah@`@FdAJd@@jAC~FNnCPbK^fAFrCJlAJbALjAJjGP~ACn@ExIUxHYlACnDFbAHdCXR?LEPS?QKOWOa@IiAEo@@_AH", "data.route.shortName": "Corales", "data.route.longName": "1_Corales", "slug": "ruta-1-corales.4ei", "type": "Bus", "color": null, "trips": [ ], "shape_id": "shape_2279" }, "geometry": { "type": "LineString", "coordinates": [ [ -86.78292, 21.04253 ], [ -86.78313, 21.04523 ], [ -86.78325, 21.04715 ], [ -86.78317, 21.04833 ], [ -86.78272, 21.05319 ], [ -86.78244, 21.05583 ], [ -86.78169, 21.05858 ], [ -86.78162, 21.05879 ], [ -86.78154, 21.05898 ], [ -86.78143, 21.05915 ], [ -86.7813, 21.05931 ], [ -86.78044, 21.0601 ], [ -86.78019, 21.06035 ], [ -86.78007, 21.06048 ], [ -86.77989, 21.06077 ], [ -86.77979, 21.06094 ], [ -86.77971, 21.06113 ], [ -86.77943, 21.06198 ], [ -86.77938, 21.06219 ], [ -86.7793, 21.06263 ], [ -86.77928, 21.06285 ], [ -86.7793, 21.06331 ], [ -86.77932, 21.06354 ], [ -86.77942, 21.06401 ], [ -86.78049, 21.06853 ], [ -86.78055, 21.06895 ], [ -86.78056, 21.06913 ], [ -86.78053, 21.06929 ], [ -86.78029, 21.06993 ], [ -86.77997, 21.07082 ], [ -86.77976, 21.07137 ], [ -86.77949, 21.07191 ], [ -86.77935, 21.07211 ], [ -86.77924, 21.07229 ], [ -86.77896, 21.07268 ], [ -86.77825, 21.07374 ], [ -86.77796, 21.07422 ], [ -86.77782, 21.07441 ], [ -86.77757, 21.0747 ], [ -86.77742, 21.07525 ], [ -86.77731, 21.07576 ], [ -86.77715, 21.07624 ], [ -86.77701, 21.07676 ], [ -86.77684, 21.07729 ], [ -86.77668, 21.07796 ], [ -86.77646, 21.0786 ], [ -86.7761, 21.07975 ], [ -86.77556, 21.08138 ], [ -86.77548, 21.08177 ], [ -86.77542, 21.08186 ], [ -86.7754, 21.08197 ], [ -86.77527, 21.0823 ], [ -86.77449, 21.084 ], [ -86.77427, 21.08465 ], [ -86.77389, 21.08551 ], [ -86.77353, 21.08664 ], [ -86.77345, 21.08687 ], [ -86.77277, 21.08839 ], [ -86.77213, 21.08974 ], [ -86.77157, 21.09079 ], [ -86.77114, 21.09164 ], [ -86.77043, 21.09288 ], [ -86.76989, 21.09409 ], [ -86.76956, 21.09491 ], [ -86.76937, 21.09532 ], [ -86.76921, 21.09575 ], [ -86.76892, 21.09635 ], [ -86.76859, 21.09717 ], [ -86.76831, 21.09775 ], [ -86.76784, 21.09879 ], [ -86.76763, 21.09921 ], [ -86.7675, 21.0994 ], [ -86.76704, 21.10025 ], [ -86.76655, 21.1011 ], [ -86.76482, 21.10432 ], [ -86.76445, 21.10506 ], [ -86.76419, 21.10555 ], [ -86.7636, 21.10678 ], [ -86.76358, 21.10713 ], [ -86.76355, 21.10733 ], [ -86.76341, 21.10799 ], [ -86.76323, 21.10868 ], [ -86.76305, 21.10952 ], [ -86.7627, 21.11045 ], [ -86.76235, 21.11112 ], [ -86.76214, 21.11147 ], [ -86.76169, 21.11211 ], [ -86.7613, 21.11258 ], [ -86.761, 21.11285 ], [ -86.76075, 21.113 ], [ -86.76053, 21.11319 ], [ -86.75994, 21.11395 ], [ -86.75965, 21.11419 ], [ -86.75906, 21.11484 ], [ -86.75897, 21.11489 ], [ -86.75847, 21.11533 ], [ -86.75837, 21.11546 ], [ -86.75808, 21.11599 ], [ -86.75753, 21.11689 ], [ -86.7573, 21.11733 ], [ -86.75723, 21.11759 ], [ -86.75721, 21.11774 ], [ -86.75721, 21.11792 ], [ -86.75727, 21.11844 ], [ -86.75724, 21.11877 ], [ -86.7572, 21.11889 ], [ -86.75703, 21.11915 ], [ -86.7567, 21.11956 ], [ -86.75649, 21.11986 ], [ -86.75622, 21.12039 ], [ -86.75608, 21.12076 ], [ -86.7559, 21.1211 ], [ -86.7558, 21.12124 ], [ -86.75563, 21.12155 ], [ -86.7553, 21.12196 ], [ -86.75514, 21.12223 ], [ -86.75508, 21.12237 ], [ -86.75502, 21.1227 ], [ -86.75501, 21.12323 ], [ -86.75498, 21.12342 ], [ -86.75468, 21.12439 ], [ -86.75449, 21.1248 ], [ -86.75403, 21.12565 ], [ -86.75388, 21.12586 ], [ -86.75358, 21.12629 ], [ -86.75302, 21.12696 ], [ -86.75284, 21.12714 ], [ -86.75227, 21.12766 ], [ -86.75183, 21.128 ], [ -86.75139, 21.12836 ], [ -86.75061, 21.12912 ], [ -86.75032, 21.12955 ], [ -86.74991, 21.13004 ], [ -86.74952, 21.13057 ], [ -86.74882, 21.13139 ], [ -86.74827, 21.13199 ], [ -86.74794, 21.13244 ], [ -86.74778, 21.13264 ], [ -86.7473, 21.13311 ], [ -86.74699, 21.13338 ], [ -86.74667, 21.13364 ], [ -86.74651, 21.13379 ], [ -86.74637, 21.13397 ], [ -86.74611, 21.13434 ], [ -86.74605, 21.13453 ], [ -86.74603, 21.1347 ], [ -86.74606, 21.13489 ], [ -86.74612, 21.13511 ], [ -86.74618, 21.13525 ], [ -86.74625, 21.13536 ], [ -86.74636, 21.13546 ], [ -86.74663, 21.13564 ], [ -86.74727, 21.13601 ], [ -86.74808, 21.13654 ], [ -86.74874, 21.13709 ], [ -86.7489, 21.13724 ], [ -86.74918, 21.13757 ], [ -86.74949, 21.13787 ], [ -86.74977, 21.13803 ], [ -86.74993, 21.13809 ], [ -86.75026, 21.13816 ], [ -86.75042, 21.13817 ], [ -86.75085, 21.13813 ], [ -86.7511, 21.13806 ], [ -86.75134, 21.13793 ], [ -86.75167, 21.13766 ], [ -86.75181, 21.13751 ], [ -86.75193, 21.13732 ], [ -86.75203, 21.1371 ], [ -86.75213, 21.13676 ], [ -86.75219, 21.13659 ], [ -86.7523, 21.13625 ], [ -86.75245, 21.13601 ], [ -86.75254, 21.13588 ], [ -86.75276, 21.13566 ], [ -86.75322, 21.13535 ], [ -86.75386, 21.13505 ], [ -86.75454, 21.13487 ], [ -86.75501, 21.13482 ], [ -86.75543, 21.13481 ], [ -86.75638, 21.13484 ], [ -86.75786, 21.13484 ], [ -86.75878, 21.13487 ], [ -86.75946, 21.13492 ], [ -86.75997, 21.13492 ], [ -86.76143, 21.1351 ], [ -86.76288, 21.13546 ], [ -86.76344, 21.13562 ], [ -86.76372, 21.13571 ], [ -86.76476, 21.13609 ], [ -86.76599, 21.13666 ], [ -86.76622, 21.13678 ], [ -86.76665, 21.13704 ], [ -86.76709, 21.13724 ], [ -86.76778, 21.13758 ], [ -86.7696, 21.13858 ], [ -86.76983, 21.13871 ], [ -86.77045, 21.13913 ], [ -86.77112, 21.13952 ], [ -86.77174, 21.13993 ], [ -86.77295, 21.14079 ], [ -86.77337, 21.14105 ], [ -86.7737, 21.14133 ], [ -86.77428, 21.14176 ], [ -86.77486, 21.14216 ], [ -86.77552, 21.14258 ], [ -86.77601, 21.14294 ], [ -86.77697, 21.14359 ], [ -86.7775, 21.14386 ], [ -86.77818, 21.1441 ], [ -86.77854, 21.14419 ], [ -86.77932, 21.14428 ], [ -86.77972, 21.14429 ], [ -86.78013, 21.14428 ], [ -86.78051, 21.14425 ], [ -86.7809, 21.14417 ], [ -86.78149, 21.14401 ], [ -86.78201, 21.14381 ], [ -86.78351, 21.14313 ], [ -86.78376, 21.14304 ], [ -86.78446, 21.14286 ], [ -86.78532, 21.14278 ], [ -86.78586, 21.14279 ], [ -86.78669, 21.14289 ], [ -86.78718, 21.14301 ], [ -86.78743, 21.1431 ], [ -86.78769, 21.1432 ], [ -86.78854, 21.14364 ], [ -86.78909, 21.14399 ], [ -86.78936, 21.14419 ], [ -86.79004, 21.14491 ], [ -86.79048, 21.14544 ], [ -86.79165, 21.14689 ], [ -86.79241, 21.14778 ], [ -86.79325, 21.14891 ], [ -86.79368, 21.14938 ], [ -86.79387, 21.14963 ], [ -86.79456, 21.15032 ], [ -86.79505, 21.15076 ], [ -86.79696, 21.15222 ], [ -86.79771, 21.15296 ], [ -86.79837, 21.15374 ], [ -86.79903, 21.15449 ], [ -86.79945, 21.15505 ], [ -86.79976, 21.15551 ], [ -86.80029, 21.15614 ], [ -86.80096, 21.15704 ], [ -86.80115, 21.15726 ], [ -86.80149, 21.15762 ], [ -86.80205, 21.15806 ], [ -86.80225, 21.15824 ], [ -86.80311, 21.15867 ], [ -86.80335, 21.15877 ], [ -86.80386, 21.15895 ], [ -86.80448, 21.15908 ], [ -86.80481, 21.15913 ], [ -86.80517, 21.15917 ], [ -86.8056, 21.15917 ], [ -86.80605, 21.15913 ], [ -86.80648, 21.15908 ], [ -86.80725, 21.15892 ], [ -86.80842, 21.15865 ], [ -86.80897, 21.15856 ], [ -86.81049, 21.15821 ], [ -86.81107, 21.15811 ], [ -86.81129, 21.15802 ], [ -86.81517, 21.15717 ], [ -86.81768, 21.15665 ], [ -86.81831, 21.15651 ], [ -86.82034, 21.15608 ], [ -86.82106, 21.15598 ], [ -86.82144, 21.15597 ], [ -86.82161, 21.156 ], [ -86.82181, 21.15606 ], [ -86.82415, 21.15685 ], [ -86.82472, 21.15712 ], [ -86.82523, 21.15727 ], [ -86.82536, 21.15796 ], [ -86.82548, 21.1598 ], [ -86.82551, 21.16105 ], [ -86.82567, 21.16282 ], [ -86.82559, 21.16306 ], [ -86.82535, 21.16327 ], [ -86.82531, 21.16343 ], [ -86.82531, 21.1636 ], [ -86.82534, 21.16378 ], [ -86.8254, 21.16393 ], [ -86.82563, 21.16423 ], [ -86.82581, 21.16438 ], [ -86.8259, 21.16476 ], [ -86.82611, 21.16794 ], [ -86.82617, 21.16901 ], [ -86.82605, 21.16961 ], [ -86.82611, 21.17013 ], [ -86.82618, 21.17082 ], [ -86.82635, 21.17129 ], [ -86.82639, 21.17157 ], [ -86.82651, 21.17301 ], [ -86.82652, 21.17325 ], [ -86.82647, 21.17353 ], [ -86.82648, 21.17404 ], [ -86.82647, 21.17416 ], [ -86.82626, 21.17428 ], [ -86.82538, 21.17473 ], [ -86.824, 21.17538 ], [ -86.82257, 21.17612 ], [ -86.8193, 21.17769 ], [ -86.8182, 21.17825 ], [ -86.8161, 21.1793 ], [ -86.81606, 21.17938 ], [ -86.81607, 21.17946 ], [ -86.81613, 21.1796 ], [ -86.81804, 21.18299 ], [ -86.81813, 21.18304 ], [ -86.8183, 21.18296 ], [ -86.81855, 21.18295 ], [ -86.8193, 21.18301 ], [ -86.81937, 21.18302 ], [ -86.81939, 21.18307 ], [ -86.8194, 21.18314 ], [ -86.81936, 21.18386 ], [ -86.81918, 21.18614 ], [ -86.81907, 21.1866 ], [ -86.81888, 21.18766 ], [ -86.81887, 21.18867 ], [ -86.81908, 21.18867 ], [ -86.81919, 21.18869 ], [ -86.81949, 21.18856 ], [ -86.8199, 21.18835 ], [ -86.82029, 21.18813 ], [ -86.82232, 21.1871 ], [ -86.8237, 21.18636 ], [ -86.82512, 21.18565 ], [ -86.82562, 21.18545 ], [ -86.82659, 21.18512 ], [ -86.8273, 21.18485 ], [ -86.82777, 21.18471 ], [ -86.82786, 21.18469 ], [ -86.8279, 21.18471 ], [ -86.82779, 21.18585 ], [ -86.82771, 21.18701 ], [ -86.82751, 21.18902 ], [ -86.8274, 21.19044 ], [ -86.82737, 21.19056 ], [ -86.82074, 21.1908 ], [ -86.81897, 21.19085 ], [ -86.81863, 21.19089 ], [ -86.81858, 21.19322 ], [ -86.81879, 21.19323 ], [ -86.81919, 21.19323 ], [ -86.82016, 21.19317 ], [ -86.82354, 21.19308 ], [ -86.82325, 21.19607 ], [ -86.82323, 21.19656 ], [ -86.82303, 21.19877 ], [ -86.82301, 21.19946 ], [ -86.82303, 21.19952 ], [ -86.82313, 21.19954 ], [ -86.82359, 21.1995 ], [ -86.82363, 21.19948 ], [ -86.82366, 21.19944 ], [ -86.82367, 21.19938 ], [ -86.82377, 21.19795 ], [ -86.82386, 21.19718 ], [ -86.82386, 21.19702 ], [ -86.82385, 21.19698 ], [ -86.82382, 21.19696 ], [ -86.82324, 21.19695 ], [ -86.82329, 21.19646 ], [ -86.82335, 21.19554 ], [ -86.82358, 21.19318 ], [ -86.82357, 21.193 ], [ -86.81889, 21.19317 ], [ -86.81885, 21.19315 ], [ -86.81884, 21.19305 ], [ -86.8189, 21.1921 ], [ -86.81898, 21.19106 ], [ -86.81901, 21.19098 ], [ -86.8192, 21.19096 ], [ -86.82118, 21.1909 ], [ -86.82505, 21.19074 ], [ -86.82738, 21.19067 ], [ -86.82743, 21.19063 ], [ -86.82746, 21.19058 ], [ -86.82756, 21.18976 ], [ -86.82782, 21.18657 ], [ -86.82798, 21.18475 ], [ -86.82795, 21.18466 ], [ -86.82785, 21.18462 ], [ -86.82759, 21.18468 ], [ -86.8271, 21.18484 ], [ -86.82662, 21.18504 ], [ -86.82533, 21.18549 ], [ -86.825, 21.18563 ], [ -86.82435, 21.18594 ], [ -86.82301, 21.18663 ], [ -86.8216, 21.18738 ], [ -86.82086, 21.18775 ], [ -86.81934, 21.18856 ], [ -86.81925, 21.1886 ], [ -86.81918, 21.1886 ], [ -86.81916, 21.18843 ], [ -86.8192, 21.18808 ], [ -86.81922, 21.18751 ], [ -86.81935, 21.1859 ], [ -86.81939, 21.18511 ], [ -86.81963, 21.18194 ], [ -86.81971, 21.18044 ], [ -86.81976, 21.1791 ], [ -86.8198, 21.17857 ], [ -86.81989, 21.17775 ], [ -86.82004, 21.17581 ], [ -86.82016, 21.17373 ], [ -86.82019, 21.17338 ], [ -86.82033, 21.17286 ], [ -86.82036, 21.17256 ], [ -86.82031, 21.17233 ], [ -86.82029, 21.17203 ], [ -86.82032, 21.17112 ], [ -86.82045, 21.16961 ], [ -86.82047, 21.16892 ], [ -86.8206, 21.16825 ], [ -86.82062, 21.16806 ], [ -86.82059, 21.1677 ], [ -86.82059, 21.1671 ], [ -86.82068, 21.16605 ], [ -86.82069, 21.16556 ], [ -86.82082, 21.1644 ], [ -86.82096, 21.16384 ], [ -86.82097, 21.16369 ], [ -86.82091, 21.16307 ], [ -86.8209, 21.16253 ], [ -86.82103, 21.16085 ], [ -86.82108, 21.15996 ], [ -86.82114, 21.1593 ], [ -86.82133, 21.15663 ], [ -86.82161, 21.15583 ], [ -86.82163, 21.15574 ], [ -86.82163, 21.15557 ], [ -86.82158, 21.15544 ], [ -86.82139, 21.15542 ], [ -86.82092, 21.15541 ], [ -86.82067, 21.15545 ], [ -86.81857, 21.15588 ], [ -86.8183, 21.15599 ], [ -86.81725, 21.15656 ], [ -86.81692, 21.15669 ], [ -86.81514, 21.15708 ], [ -86.8125, 21.15764 ], [ -86.80869, 21.1585 ], [ -86.80668, 21.15893 ], [ -86.8063, 21.159 ], [ -86.80591, 21.15905 ], [ -86.80553, 21.15906 ], [ -86.80513, 21.15906 ], [ -86.80471, 21.15902 ], [ -86.80401, 21.15887 ], [ -86.80336, 21.15867 ], [ -86.80307, 21.15854 ], [ -86.80249, 21.15824 ], [ -86.80196, 21.15788 ], [ -86.80149, 21.15746 ], [ -86.80105, 21.15697 ], [ -86.80085, 21.15672 ], [ -86.8005, 21.15621 ], [ -86.79915, 21.15441 ], [ -86.79786, 21.15286 ], [ -86.79734, 21.15239 ], [ -86.79707, 21.15216 ], [ -86.7959, 21.15128 ], [ -86.79503, 21.1506 ], [ -86.79475, 21.15036 ], [ -86.79423, 21.14984 ], [ -86.79375, 21.14929 ], [ -86.79285, 21.1481 ], [ -86.79143, 21.14635 ], [ -86.78991, 21.14458 ], [ -86.78963, 21.1443 ], [ -86.78935, 21.14405 ], [ -86.78905, 21.14383 ], [ -86.78838, 21.14342 ], [ -86.78767, 21.14308 ], [ -86.78734, 21.14296 ], [ -86.78652, 21.14275 ], [ -86.78623, 21.14271 ], [ -86.78535, 21.14266 ], [ -86.78502, 21.14269 ], [ -86.78392, 21.14286 ], [ -86.78274, 21.14314 ], [ -86.78236, 21.14326 ], [ -86.78167, 21.14344 ], [ -86.7809, 21.14351 ], [ -86.77971, 21.14351 ], [ -86.77889, 21.14345 ], [ -86.77849, 21.14339 ], [ -86.77771, 21.14323 ], [ -86.77735, 21.14314 ], [ -86.77639, 21.14283 ], [ -86.77582, 21.14258 ], [ -86.7753, 21.14231 ], [ -86.77431, 21.14166 ], [ -86.7734, 21.14096 ], [ -86.77317, 21.14079 ], [ -86.77292, 21.14064 ], [ -86.77178, 21.13982 ], [ -86.76915, 21.13812 ], [ -86.76829, 21.13772 ], [ -86.76646, 21.13678 ], [ -86.76583, 21.13643 ], [ -86.7646, 21.13589 ], [ -86.76336, 21.13546 ], [ -86.76173, 21.13503 ], [ -86.76128, 21.13485 ], [ -86.76107, 21.13479 ], [ -86.7609, 21.13476 ], [ -86.76056, 21.13479 ], [ -86.75914, 21.13477 ], [ -86.75805, 21.13469 ], [ -86.75705, 21.13468 ], [ -86.75646, 21.13472 ], [ -86.75522, 21.13469 ], [ -86.75501, 21.1347 ], [ -86.75455, 21.13476 ], [ -86.75405, 21.13487 ], [ -86.75376, 21.13497 ], [ -86.75347, 21.13509 ], [ -86.75316, 21.13525 ], [ -86.75286, 21.13543 ], [ -86.75125, 21.13656 ], [ -86.75098, 21.13671 ], [ -86.75071, 21.1368 ], [ -86.74991, 21.13684 ], [ -86.74973, 21.13681 ], [ -86.74936, 21.13668 ], [ -86.74904, 21.13647 ], [ -86.74869, 21.1362 ], [ -86.74855, 21.13603 ], [ -86.74832, 21.13569 ], [ -86.74823, 21.1355 ], [ -86.74804, 21.13496 ], [ -86.74801, 21.13471 ], [ -86.74801, 21.13427 ], [ -86.74817, 21.13369 ], [ -86.74852, 21.13272 ], [ -86.74859, 21.13253 ], [ -86.74887, 21.13199 ], [ -86.74912, 21.13145 ], [ -86.74935, 21.1311 ], [ -86.74964, 21.13061 ], [ -86.75008, 21.12998 ], [ -86.75061, 21.12937 ], [ -86.75106, 21.12883 ], [ -86.75143, 21.12848 ], [ -86.75269, 21.12743 ], [ -86.7529, 21.12724 ], [ -86.75327, 21.12684 ], [ -86.75383, 21.12613 ], [ -86.75419, 21.12562 ], [ -86.75434, 21.12538 ], [ -86.75485, 21.12432 ], [ -86.755, 21.12385 ], [ -86.75514, 21.12339 ], [ -86.75518, 21.12315 ], [ -86.75527, 21.12242 ], [ -86.75531, 21.12224 ], [ -86.75551, 21.12188 ], [ -86.75604, 21.12109 ], [ -86.75618, 21.12081 ], [ -86.75644, 21.12026 ], [ -86.7566, 21.12 ], [ -86.75668, 21.11987 ], [ -86.75708, 21.11936 ], [ -86.75728, 21.11903 ], [ -86.75732, 21.11886 ], [ -86.75736, 21.1188 ], [ -86.75737, 21.11865 ], [ -86.75736, 21.11824 ], [ -86.75732, 21.11773 ], [ -86.75732, 21.11762 ], [ -86.75734, 21.11751 ], [ -86.75737, 21.11746 ], [ -86.75742, 21.11731 ], [ -86.75758, 21.117 ], [ -86.75808, 21.1162 ], [ -86.75857, 21.11533 ], [ -86.75892, 21.11501 ], [ -86.75914, 21.11484 ], [ -86.75919, 21.11483 ], [ -86.75938, 21.11465 ], [ -86.76066, 21.11335 ], [ -86.76134, 21.11269 ], [ -86.76169, 21.11231 ], [ -86.76174, 21.11221 ], [ -86.76214, 21.11173 ], [ -86.76233, 21.11135 ], [ -86.76255, 21.11099 ], [ -86.76288, 21.11035 ], [ -86.76296, 21.11013 ], [ -86.76325, 21.1095 ], [ -86.76329, 21.10937 ], [ -86.7633, 21.10916 ], [ -86.76337, 21.10875 ], [ -86.76343, 21.10854 ], [ -86.76352, 21.10791 ], [ -86.7637, 21.10713 ], [ -86.76371, 21.10679 ], [ -86.76436, 21.10546 ], [ -86.76478, 21.1047 ], [ -86.76529, 21.10368 ], [ -86.76541, 21.10349 ], [ -86.76613, 21.10218 ], [ -86.7668, 21.10088 ], [ -86.76718, 21.10027 ], [ -86.76768, 21.09928 ], [ -86.7678, 21.0991 ], [ -86.76797, 21.09876 ], [ -86.76848, 21.0977 ], [ -86.76912, 21.09619 ], [ -86.76954, 21.09534 ], [ -86.76975, 21.09473 ], [ -86.76995, 21.09434 ], [ -86.77008, 21.09398 ], [ -86.77031, 21.09341 ], [ -86.77069, 21.09265 ], [ -86.77085, 21.09235 ], [ -86.77101, 21.09213 ], [ -86.77145, 21.09123 ], [ -86.77176, 21.09071 ], [ -86.77179, 21.09059 ], [ -86.77251, 21.08925 ], [ -86.77267, 21.08888 ], [ -86.77311, 21.08808 ], [ -86.77329, 21.08765 ], [ -86.77356, 21.08699 ], [ -86.77386, 21.08611 ], [ -86.77401, 21.08548 ], [ -86.77452, 21.08442 ], [ -86.77465, 21.08404 ], [ -86.77478, 21.08377 ], [ -86.77491, 21.08344 ], [ -86.77549, 21.08211 ], [ -86.77572, 21.08149 ], [ -86.77584, 21.08105 ], [ -86.77594, 21.08078 ], [ -86.77604, 21.08035 ], [ -86.77633, 21.07941 ], [ -86.77656, 21.07874 ], [ -86.77665, 21.0784 ], [ -86.77689, 21.07772 ], [ -86.7771, 21.07692 ], [ -86.77736, 21.07612 ], [ -86.77767, 21.07508 ], [ -86.77783, 21.07466 ], [ -86.77839, 21.07381 ], [ -86.77906, 21.07274 ], [ -86.7794, 21.07224 ], [ -86.77949, 21.07208 ], [ -86.78022, 21.07099 ], [ -86.78075, 21.07012 ], [ -86.78091, 21.0698 ], [ -86.781, 21.06929 ], [ -86.781, 21.0688 ], [ -86.78097, 21.06863 ], [ -86.78089, 21.0683 ], [ -86.78066, 21.06782 ], [ -86.78043, 21.06727 ], [ -86.78009, 21.06633 ], [ -86.77994, 21.06576 ], [ -86.7798, 21.06493 ], [ -86.77978, 21.06471 ], [ -86.7798, 21.06399 ], [ -86.7798, 21.0635 ], [ -86.77976, 21.06326 ], [ -86.77959, 21.06255 ], [ -86.77957, 21.06231 ], [ -86.77957, 21.0621 ], [ -86.77959, 21.06189 ], [ -86.77964, 21.06169 ], [ -86.77975, 21.06133 ], [ -86.77998, 21.06081 ], [ -86.78008, 21.06064 ], [ -86.78019, 21.06047 ], [ -86.78041, 21.06028 ], [ -86.78082, 21.05987 ], [ -86.78115, 21.0596 ], [ -86.78135, 21.05941 ], [ -86.78152, 21.05921 ], [ -86.78167, 21.05897 ], [ -86.78174, 21.05883 ], [ -86.78192, 21.05822 ], [ -86.78199, 21.0579 ], [ -86.78218, 21.05725 ], [ -86.78239, 21.0566 ], [ -86.7826, 21.05612 ], [ -86.78264, 21.05595 ], [ -86.7827, 21.0556 ], [ -86.78271, 21.05541 ], [ -86.78269, 21.05503 ], [ -86.78277, 21.05375 ], [ -86.78286, 21.05303 ], [ -86.78302, 21.05109 ], [ -86.78306, 21.05073 ], [ -86.78312, 21.04999 ], [ -86.78318, 21.0496 ], [ -86.78325, 21.04926 ], [ -86.78331, 21.04888 ], [ -86.7834, 21.04754 ], [ -86.78338, 21.04706 ], [ -86.78335, 21.04682 ], [ -86.78324, 21.04509 ], [ -86.78311, 21.04352 ], [ -86.78309, 21.04313 ], [ -86.78313, 21.04225 ], [ -86.78318, 21.04191 ], [ -86.78331, 21.04124 ], [ -86.78331, 21.04114 ], [ -86.78328, 21.04107 ], [ -86.78318, 21.04098 ], [ -86.78309, 21.04098 ], [ -86.78301, 21.04104 ], [ -86.78293, 21.04116 ], [ -86.78288, 21.04133 ], [ -86.78285, 21.0417 ], [ -86.78286, 21.04194 ], [ -86.78291, 21.04226 ] ] } },
{ "type": "Feature", "properties": { "ciudad_nombre": "Cancún", "encodedLine": "yzl_CfxtpO{Oh@_KVyK_@qLi@kJ_@oOw@ePuCi@Me@Oa@U_@Y}CkDkAiA{Aw@e@OiDw@uAQwAKiCF}ARg[tEsAJc@@_@E_Co@qD_AmBi@kBu@mMqH_BmAkSqD_Ck@eFgAeIkBmAOQKUCaAYsI{CaCk@kDkAaFgAm@OmDkAoK{DqEoBiDuAwFmCqFkBcDaAqAe@uA_@wBy@cDaAsBw@oE}AsAi@e@YiD{AiDaBcSyIsCiAaBs@uFuBeACg@EcC[iCc@gDc@yDeAeCeAeAi@_CyA}AmAu@{@]q@e@k@wCuBo@y@aCuBIQwAcBYSiBy@sDmBwAm@s@M]Cc@?gBJaAEWGs@a@qAaA{@i@iBu@iA[cAc@[S}@a@qAaAu@_@[KaAKiBAe@EaE{@qAe@iD{Ai@]uA{@eCoBc@c@gBqBcAwAgAwAwC{CuAy@aBqAiBmAcDkCwBmByAaAg@_@}A_Bu@}@s@_A]_@c@[iAs@e@Ka@Ce@Dk@J[JULSTc@t@iA~BiB`DmBbC]^aAv@{@|@_@v@K^M`AA^FtALp@Xn@t@`A\\\\Zd@Vj@RbAR`@JbATn@\\\\n@d@TV|@zAz@~Bb@fCH|A@rAE|D?fHEvDIfC?dBc@bHgA`H_@nBQv@kAnEqBtFWl@s@tAg@vAcAhCaFxKsAzBmAdCu@pAgEzGs@rAw@`AuArBoArBsAbCgA`BaC~Du@hBo@fCQfAQzC?`DDjANlA^tBf@fBfCjHPp@b@jCNjDAjBSdDW`BQp@Sr@wAhDeAlBg@t@oCfCiBvAaHhFqDvCaFfD}AtAq@d@iChCwA`BcH|JsCtC{CbCuCbCoBrA{A|@}BhBsDdCk@d@gAbAwAnBc@f@_A|Bi@|Ac@dBYzBI`AGfA?tAFxAHtA^xCt@hFPlBdAnHRrBPj@b@|ClC|Sp@|EzCdVZtDCpAg@xBaAhDgB`H{@`E_@zBQx@{AtGa@rB_@~AG`Aj@^j@bAt@vCbArFh@`CvA~FhAzEFb@C`AAx@Rh@|@nBl@rBjBjIf@xBlCnLL`A|@`DPdA@R?RIf@ERe@j@sCbDwBtBsB|B{BnB{LdMoDjDcB|A{D`EqAjAq@`@y@VEHMd@a@~@S^uHfIuGtGQNaB`AcBv@_Af@`D`ItBrF|GrPbAvCt@hBtCrHdB~DbChGhEzK`@`AfBpDdCtEt@nAdCxFxA`Ez@vBpB~EjA|C`D~Hr@lBhRte@jJdVjDnIpDlJvAfDjB|E`BbE`HjQFJVR~A~DbA|Bf@|AFDThL@jBOHGLEN?pBEdB@x@VnMFnHRzK\\\\lQBvE`@f[LrADd@VDJOS[YgMMgKGgJUmKOeNMcDAoBO{IAmBIwELwCHcAE_@[iOESw@yBe@y@yAyDs@wA]gAqAqDuAcDwAgDcIqSyGmPeDuIiL{YiHkQ}CkIyIuTgAwC{EsLm@kAg@w@eCmE{@gBeAoCgAgC_@eAwEgLaBmEwCgHiDuIWq@Uw@_@y@aGaOeAyCoBuEROxDgBzAgAhFsFzGmHxBcBT@JCLIJQPk@h@cAd@o@VQr@y@`@_@dAgAtCoCtBiBnAmAnF}F~MsNjBkBrDmDxEmFkAoC]cBeAsF}DmPcA}FOgAS{@]cAaCkKWsAKgA]kCOuAQmE@sAXm@Iq@mCcNEc@l@sGR_Al@{BbBqGRgAPcAAeCW_DgAsHS}@oBoESaAOeAmDmXkDyVuAqKMkAImAAkA?oAFsALiA`@cCT_AXy@z@sB`@u@d@s@rA}A`BwAp@g@dBeAfJmGtHaG|AgBl@u@nDiFfCmDn@w@fBgBlB_BlFsD|I{G`JoHv@w@p@w@j@{@pAeCbAmCVaAh@cDFy@HoDEaAa@{Ew@kFWkAc@iCMyC?mFJcDJoA^{CPgA|@_Ep@qBt@gB`CeEjCuD`@m@\\\\q@bDcFrImOnAkDzDmJdA}BjBuFtAwFtAeIb@yAJi@Da@EcAB{GNyE?s@@sCGuBDwFEuAGo@UcBk@sBcAyBaFaI]u@Qu@OyA@a@JgAXiAh@_At@eA`@[`@WfAg@jBe@p@EvA?rB^fFrAjBv@jBp@dAl@`Bx@|BvAxBhBjBxAdAhApEzFjAnAxAjA|AfAdBfAn@\\\\rEdB|A\\\\zAZn@FpCPb@FfAf@|ChBv@ZlBr@r@^XNdBnA`Af@`@FJF\\\\@pAAdBGT?TBHD\\\\H|@^~CbBlD`B~@dA`@j@@Hb@d@bG~FbCfCjAdARH~AnAjAd@fAj@~B`Aj@N|Bx@XFh@@pALh@J|BPzCb@bA@hG`CvCrAjEdBd@VdGnCbGdCxBjAdEbBb@VbA`@rEdBlH~BhDrAxBh@lAf@fAXpBl@vCjAz@^j@^rDvAfB|@VDjGnChA^~CvAtAb@bCt@nDz@|B\\\\rEdBlM`EzBl@vAVt@RtARzDx@hE~@fCn@~Ch@~Cr@nE|@rA^|U|MlDhB~@^dBP`B?`@EjMoDpB]dD[j@CnCB`B?n@GlCa@n@Ch@?h@Bf@HfATfBl@`@R`@Td@j@pApAt@`Ad@f@f@`@n@\\\\ZLxBb@~@L`Cd@`Ch@~Ah@`@FdAJd@@jAC~FNnCPbK^fAFrCJ|Ed@jGP~ACn@ExIUxHYlACnDFbAHdCXR?LEPS?SKOUMc@SiABo@@_AH", "data.route.shortName": "Villas Otoch", "data.route.longName": "2-94_Villas Otoch", "slug": "ruta-2-94-villas-otoch.4em", "type": "Bus", "color": null, "trips": [ ], "shape_id": "shape_2282" }, "geometry": { "type": "LineString", "coordinates": [ [ -86.78292, 21.04253 ], [ -86.78313, 21.04523 ], [ -86.78325, 21.04715 ], [ -86.78309, 21.0492 ], [ -86.78288, 21.05137 ], [ -86.78272, 21.05319 ], [ -86.78244, 21.05583 ], [ -86.78169, 21.05858 ], [ -86.78162, 21.05879 ], [ -86.78154, 21.05898 ], [ -86.78143, 21.05915 ], [ -86.7813, 21.05931 ], [ -86.78044, 21.0601 ], [ -86.78007, 21.06048 ], [ -86.77979, 21.06094 ], [ -86.77971, 21.06113 ], [ -86.77943, 21.06198 ], [ -86.77934, 21.06241 ], [ -86.77928, 21.06285 ], [ -86.77932, 21.06354 ], [ -86.77942, 21.06401 ], [ -86.78049, 21.06853 ], [ -86.78055, 21.06895 ], [ -86.78056, 21.06913 ], [ -86.78053, 21.06929 ], [ -86.78029, 21.06993 ], [ -86.77997, 21.07082 ], [ -86.77976, 21.07137 ], [ -86.77949, 21.07191 ], [ -86.77796, 21.07422 ], [ -86.77757, 21.0747 ], [ -86.77668, 21.07796 ], [ -86.77646, 21.0786 ], [ -86.7761, 21.07975 ], [ -86.77556, 21.08138 ], [ -86.77548, 21.08177 ], [ -86.77542, 21.08186 ], [ -86.7754, 21.08197 ], [ -86.77527, 21.0823 ], [ -86.77449, 21.084 ], [ -86.77427, 21.08465 ], [ -86.77389, 21.08551 ], [ -86.77353, 21.08664 ], [ -86.77345, 21.08687 ], [ -86.77307, 21.08774 ], [ -86.77213, 21.08974 ], [ -86.77157, 21.09079 ], [ -86.77114, 21.09164 ], [ -86.77043, 21.09288 ], [ -86.76989, 21.09409 ], [ -86.76956, 21.09491 ], [ -86.76937, 21.09532 ], [ -86.76921, 21.09575 ], [ -86.76892, 21.09635 ], [ -86.76859, 21.09717 ], [ -86.76831, 21.09775 ], [ -86.76784, 21.09879 ], [ -86.76763, 21.09921 ], [ -86.7675, 21.0994 ], [ -86.76704, 21.10025 ], [ -86.76655, 21.1011 ], [ -86.76482, 21.10432 ], [ -86.76445, 21.10506 ], [ -86.76419, 21.10555 ], [ -86.7636, 21.10678 ], [ -86.76358, 21.10713 ], [ -86.76355, 21.10733 ], [ -86.76341, 21.10799 ], [ -86.76323, 21.10868 ], [ -86.76305, 21.10952 ], [ -86.7627, 21.11045 ], [ -86.76235, 21.11112 ], [ -86.76214, 21.11147 ], [ -86.76169, 21.11211 ], [ -86.7613, 21.11258 ], [ -86.761, 21.11285 ], [ -86.76075, 21.113 ], [ -86.76053, 21.11319 ], [ -86.75994, 21.11395 ], [ -86.75965, 21.11419 ], [ -86.75906, 21.11484 ], [ -86.75897, 21.11489 ], [ -86.75847, 21.11533 ], [ -86.75837, 21.11546 ], [ -86.75808, 21.11599 ], [ -86.75753, 21.11689 ], [ -86.7573, 21.11733 ], [ -86.75723, 21.11759 ], [ -86.75721, 21.11774 ], [ -86.75721, 21.11792 ], [ -86.75727, 21.11844 ], [ -86.75724, 21.11877 ], [ -86.7572, 21.11889 ], [ -86.75703, 21.11915 ], [ -86.7567, 21.11956 ], [ -86.75649, 21.11986 ], [ -86.75622, 21.12039 ], [ -86.75608, 21.12076 ], [ -86.7559, 21.1211 ], [ -86.7558, 21.12124 ], [ -86.75563, 21.12155 ], [ -86.7553, 21.12196 ], [ -86.75514, 21.12223 ], [ -86.75508, 21.12237 ], [ -86.75502, 21.1227 ], [ -86.75501, 21.12323 ], [ -86.75498, 21.12342 ], [ -86.75468, 21.12439 ], [ -86.75449, 21.1248 ], [ -86.75403, 21.12565 ], [ -86.75388, 21.12586 ], [ -86.75358, 21.12629 ], [ -86.75302, 21.12696 ], [ -86.75284, 21.12714 ], [ -86.75227, 21.12766 ], [ -86.75183, 21.128 ], [ -86.75139, 21.12836 ], [ -86.75061, 21.12912 ], [ -86.75032, 21.12955 ], [ -86.74991, 21.13004 ], [ -86.74952, 21.13057 ], [ -86.74882, 21.13139 ], [ -86.74827, 21.13199 ], [ -86.74794, 21.13244 ], [ -86.74778, 21.13264 ], [ -86.7473, 21.13311 ], [ -86.74699, 21.13338 ], [ -86.74667, 21.13364 ], [ -86.74651, 21.13379 ], [ -86.74637, 21.13397 ], [ -86.74611, 21.13434 ], [ -86.74605, 21.13453 ], [ -86.74603, 21.1347 ], [ -86.74606, 21.13489 ], [ -86.74612, 21.13511 ], [ -86.74618, 21.13525 ], [ -86.74625, 21.13536 ], [ -86.74636, 21.13546 ], [ -86.74663, 21.13564 ], [ -86.74727, 21.13601 ], [ -86.74808, 21.13654 ], [ -86.74874, 21.13709 ], [ -86.7489, 21.13724 ], [ -86.74918, 21.13757 ], [ -86.74949, 21.13787 ], [ -86.74977, 21.13803 ], [ -86.74993, 21.13809 ], [ -86.75026, 21.13816 ], [ -86.75042, 21.13817 ], [ -86.75085, 21.13813 ], [ -86.7511, 21.13806 ], [ -86.75134, 21.13793 ], [ -86.75167, 21.13766 ], [ -86.75181, 21.13751 ], [ -86.75193, 21.13732 ], [ -86.75203, 21.1371 ], [ -86.75213, 21.13676 ], [ -86.75219, 21.13659 ], [ -86.7523, 21.13625 ], [ -86.75245, 21.13601 ], [ -86.75264, 21.13577 ], [ -86.75276, 21.13566 ], [ -86.75322, 21.13535 ], [ -86.75386, 21.13505 ], [ -86.75454, 21.13487 ], [ -86.75501, 21.13482 ], [ -86.75543, 21.13481 ], [ -86.75638, 21.13484 ], [ -86.75786, 21.13484 ], [ -86.75878, 21.13487 ], [ -86.75946, 21.13492 ], [ -86.75997, 21.13492 ], [ -86.76143, 21.1351 ], [ -86.76288, 21.13546 ], [ -86.76344, 21.13562 ], [ -86.76372, 21.13571 ], [ -86.76476, 21.13609 ], [ -86.76599, 21.13666 ], [ -86.76622, 21.13678 ], [ -86.76665, 21.13704 ], [ -86.76709, 21.13724 ], [ -86.76778, 21.13758 ], [ -86.76983, 21.13871 ], [ -86.77045, 21.13913 ], [ -86.77112, 21.13952 ], [ -86.77153, 21.13979 ], [ -86.77295, 21.14079 ], [ -86.77337, 21.14105 ], [ -86.7737, 21.14133 ], [ -86.77428, 21.14176 ], [ -86.77486, 21.14216 ], [ -86.77552, 21.14258 ], [ -86.77601, 21.14294 ], [ -86.77697, 21.14359 ], [ -86.7775, 21.14386 ], [ -86.77818, 21.1441 ], [ -86.77854, 21.14419 ], [ -86.77932, 21.14428 ], [ -86.78013, 21.14428 ], [ -86.78051, 21.14425 ], [ -86.7809, 21.14417 ], [ -86.78149, 21.14401 ], [ -86.78201, 21.14381 ], [ -86.78351, 21.14313 ], [ -86.78376, 21.14304 ], [ -86.78446, 21.14286 ], [ -86.78532, 21.14278 ], [ -86.78586, 21.14279 ], [ -86.78669, 21.14289 ], [ -86.78718, 21.14301 ], [ -86.78743, 21.1431 ], [ -86.78769, 21.1432 ], [ -86.78854, 21.14364 ], [ -86.78909, 21.14399 ], [ -86.78936, 21.14419 ], [ -86.79004, 21.14491 ], [ -86.79048, 21.14544 ], [ -86.79165, 21.14689 ], [ -86.79241, 21.14778 ], [ -86.79325, 21.14891 ], [ -86.79368, 21.14938 ], [ -86.79387, 21.14963 ], [ -86.79456, 21.15032 ], [ -86.79505, 21.15076 ], [ -86.79696, 21.15222 ], [ -86.79771, 21.15296 ], [ -86.79837, 21.15374 ], [ -86.79903, 21.15449 ], [ -86.79945, 21.15505 ], [ -86.79976, 21.15551 ], [ -86.80029, 21.15614 ], [ -86.80096, 21.15704 ], [ -86.80115, 21.15726 ], [ -86.80149, 21.15762 ], [ -86.80205, 21.15806 ], [ -86.80225, 21.15824 ], [ -86.80288, 21.15856 ], [ -86.80335, 21.15877 ], [ -86.80386, 21.15895 ], [ -86.80448, 21.15908 ], [ -86.80481, 21.15913 ], [ -86.80517, 21.15917 ], [ -86.8056, 21.15917 ], [ -86.80605, 21.15913 ], [ -86.80648, 21.15908 ], [ -86.80725, 21.15892 ], [ -86.80842, 21.15865 ], [ -86.80897, 21.15856 ], [ -86.81049, 21.15821 ], [ -86.81107, 21.15811 ], [ -86.81129, 21.15802 ], [ -86.81208, 21.15784 ], [ -86.81543, 21.15713 ], [ -86.81654, 21.15688 ], [ -86.82025, 21.1561 ], [ -86.82116, 21.15596 ], [ -86.82157, 21.15598 ], [ -86.82218, 21.15618 ], [ -86.82303, 21.15651 ], [ -86.82448, 21.15703 ], [ -86.82545, 21.15733 ], [ -86.82607, 21.15749 ], [ -86.82636, 21.15758 ], [ -86.82775, 21.15804 ], [ -86.82833, 21.15821 ], [ -86.82881, 21.15837 ], [ -86.82914, 21.15841 ], [ -86.8293, 21.15819 ], [ -86.82964, 21.15797 ], [ -86.8304, 21.1577 ], [ -86.83162, 21.15736 ], [ -86.83227, 21.15715 ], [ -86.83355, 21.15671 ], [ -86.83465, 21.15634 ], [ -86.83483, 21.1563 ], [ -86.83516, 21.15632 ], [ -86.83545, 21.15633 ], [ -86.83566, 21.15623 ], [ -86.83622, 21.15592 ], [ -86.8368, 21.15569 ], [ -86.83846, 21.15515 ], [ -86.83907, 21.15495 ], [ -86.84123, 21.15424 ], [ -86.84156, 21.15417 ], [ -86.84237, 21.15386 ], [ -86.84272, 21.15377 ], [ -86.84282, 21.15376 ], [ -86.84292, 21.15376 ], [ -86.84312, 21.15381 ], [ -86.84322, 21.15384 ], [ -86.84344, 21.15403 ], [ -86.84426, 21.15477 ], [ -86.84485, 21.15537 ], [ -86.84548, 21.15595 ], [ -86.84604, 21.15657 ], [ -86.84831, 21.15879 ], [ -86.84917, 21.15967 ], [ -86.84964, 21.16017 ], [ -86.85061, 21.16111 ], [ -86.85099, 21.16152 ], [ -86.85116, 21.16177 ], [ -86.85128, 21.16206 ], [ -86.85133, 21.16209 ], [ -86.85152, 21.16216 ], [ -86.85184, 21.16233 ], [ -86.852, 21.16243 ], [ -86.85364, 21.16398 ], [ -86.85503, 21.16537 ], [ -86.85511, 21.16546 ], [ -86.85544, 21.16595 ], [ -86.85572, 21.16645 ], [ -86.85592, 21.16677 ], [ -86.85753, 21.16596 ], [ -86.85875, 21.16537 ], [ -86.86157, 21.16394 ], [ -86.86233, 21.1636 ], [ -86.86286, 21.16333 ], [ -86.8644, 21.16258 ], [ -86.86536, 21.16207 ], [ -86.86669, 21.16141 ], [ -86.86875, 21.1604 ], [ -86.86908, 21.16023 ], [ -86.86997, 21.15971 ], [ -86.87104, 21.15904 ], [ -86.87144, 21.15877 ], [ -86.87269, 21.1581 ], [ -86.87366, 21.15765 ], [ -86.87426, 21.15735 ], [ -86.87538, 21.15678 ], [ -86.87617, 21.1564 ], [ -86.87777, 21.15559 ], [ -86.87832, 21.15533 ], [ -86.88451, 21.15224 ], [ -86.88822, 21.15042 ], [ -86.8899, 21.14956 ], [ -86.89173, 21.14867 ], [ -86.89257, 21.14823 ], [ -86.89368, 21.14769 ], [ -86.89466, 21.1472 ], [ -86.8976, 21.14575 ], [ -86.89766, 21.14571 ], [ -86.89776, 21.14559 ], [ -86.89872, 21.14511 ], [ -86.89935, 21.14477 ], [ -86.89982, 21.14457 ], [ -86.89985, 21.14453 ], [ -86.90198, 21.14442 ], [ -86.90252, 21.14441 ], [ -86.90257, 21.14449 ], [ -86.90264, 21.14453 ], [ -86.90272, 21.14456 ], [ -86.90329, 21.14456 ], [ -86.9038, 21.14459 ], [ -86.90409, 21.14458 ], [ -86.90641, 21.14446 ], [ -86.90793, 21.14442 ], [ -86.90999, 21.14432 ], [ -86.91294, 21.14417 ], [ -86.91402, 21.14415 ], [ -86.91854, 21.14398 ], [ -86.91896, 21.14391 ], [ -86.91915, 21.14388 ], [ -86.91918, 21.14376 ], [ -86.9191, 21.1437 ], [ -86.91896, 21.1438 ], [ -86.91668, 21.14393 ], [ -86.91472, 21.144 ], [ -86.91292, 21.14404 ], [ -86.91093, 21.14415 ], [ -86.9085, 21.14423 ], [ -86.90768, 21.1443 ], [ -86.90712, 21.14431 ], [ -86.90538, 21.14439 ], [ -86.90483, 21.1444 ], [ -86.90375, 21.14445 ], [ -86.90299, 21.14438 ], [ -86.90265, 21.14433 ], [ -86.90249, 21.14436 ], [ -86.89988, 21.1445 ], [ -86.89978, 21.14453 ], [ -86.89917, 21.14481 ], [ -86.89888, 21.145 ], [ -86.89795, 21.14545 ], [ -86.89751, 21.14571 ], [ -86.89715, 21.14586 ], [ -86.89626, 21.14627 ], [ -86.89544, 21.1467 ], [ -86.8946, 21.14714 ], [ -86.89131, 21.14876 ], [ -86.88852, 21.15017 ], [ -86.88681, 21.151 ], [ -86.88251, 21.15313 ], [ -86.87957, 21.15462 ], [ -86.87791, 21.15541 ], [ -86.87444, 21.15714 ], [ -86.87368, 21.1575 ], [ -86.8715, 21.1586 ], [ -86.87112, 21.15883 ], [ -86.87084, 21.15903 ], [ -86.86981, 21.1597 ], [ -86.86929, 21.16 ], [ -86.86857, 21.16035 ], [ -86.86789, 21.16071 ], [ -86.86754, 21.16087 ], [ -86.86542, 21.16195 ], [ -86.86439, 21.16244 ], [ -86.86291, 21.1632 ], [ -86.8612, 21.16405 ], [ -86.86095, 21.16417 ], [ -86.86067, 21.16428 ], [ -86.86038, 21.16444 ], [ -86.85781, 21.16573 ], [ -86.85704, 21.16608 ], [ -86.85597, 21.16664 ], [ -86.85589, 21.16654 ], [ -86.85537, 21.16561 ], [ -86.85501, 21.16515 ], [ -86.85379, 21.16398 ], [ -86.85228, 21.16256 ], [ -86.85178, 21.16195 ], [ -86.85179, 21.16184 ], [ -86.85177, 21.16178 ], [ -86.85172, 21.16171 ], [ -86.85163, 21.16165 ], [ -86.85141, 21.16156 ], [ -86.85107, 21.16135 ], [ -86.85083, 21.16116 ], [ -86.85074, 21.16104 ], [ -86.85045, 21.16078 ], [ -86.85029, 21.16061 ], [ -86.84993, 21.16026 ], [ -86.84921, 21.15951 ], [ -86.84868, 21.15892 ], [ -86.84829, 21.15852 ], [ -86.84702, 21.15732 ], [ -86.84452, 21.15492 ], [ -86.84398, 21.15438 ], [ -86.84311, 21.15348 ], [ -86.84192, 21.15239 ], [ -86.8412, 21.15277 ], [ -86.8407, 21.15292 ], [ -86.83948, 21.15327 ], [ -86.83669, 21.15422 ], [ -86.83542, 21.15456 ], [ -86.83506, 21.15464 ], [ -86.83476, 21.15474 ], [ -86.83442, 21.15489 ], [ -86.83244, 21.15554 ], [ -86.83202, 21.15566 ], [ -86.83166, 21.15572 ], [ -86.83096, 21.15587 ], [ -86.83053, 21.15595 ], [ -86.8295, 21.15604 ], [ -86.82908, 21.15603 ], [ -86.82885, 21.1559 ], [ -86.8286, 21.15595 ], [ -86.82618, 21.15666 ], [ -86.826, 21.15669 ], [ -86.82462, 21.15646 ], [ -86.8243, 21.15636 ], [ -86.82368, 21.15613 ], [ -86.82231, 21.15563 ], [ -86.82195, 21.15553 ], [ -86.82161, 21.15544 ], [ -86.82094, 21.15545 ], [ -86.82014, 21.15557 ], [ -86.8186, 21.15593 ], [ -86.81829, 21.15603 ], [ -86.81725, 21.15659 ], [ -86.81692, 21.15669 ], [ -86.81657, 21.15677 ], [ -86.8125, 21.15764 ], [ -86.80869, 21.1585 ], [ -86.80668, 21.15893 ], [ -86.8063, 21.159 ], [ -86.80591, 21.15905 ], [ -86.80553, 21.15906 ], [ -86.80513, 21.15906 ], [ -86.80471, 21.15902 ], [ -86.80434, 21.15895 ], [ -86.80368, 21.15878 ], [ -86.80336, 21.15867 ], [ -86.80307, 21.15854 ], [ -86.80249, 21.15824 ], [ -86.80222, 21.15807 ], [ -86.80196, 21.15788 ], [ -86.80149, 21.15746 ], [ -86.80105, 21.15697 ], [ -86.80085, 21.15672 ], [ -86.8005, 21.15621 ], [ -86.79915, 21.15441 ], [ -86.79786, 21.15286 ], [ -86.79734, 21.15239 ], [ -86.79707, 21.15216 ], [ -86.7959, 21.15128 ], [ -86.79503, 21.1506 ], [ -86.79475, 21.15036 ], [ -86.79423, 21.14984 ], [ -86.79375, 21.14929 ], [ -86.79285, 21.1481 ], [ -86.79143, 21.14635 ], [ -86.78991, 21.14458 ], [ -86.78963, 21.1443 ], [ -86.78935, 21.14405 ], [ -86.78905, 21.14383 ], [ -86.78838, 21.14342 ], [ -86.78767, 21.14308 ], [ -86.78734, 21.14296 ], [ -86.78652, 21.14275 ], [ -86.78623, 21.14271 ], [ -86.78535, 21.14266 ], [ -86.78502, 21.14269 ], [ -86.78392, 21.14286 ], [ -86.78274, 21.14314 ], [ -86.78236, 21.14326 ], [ -86.78167, 21.14344 ], [ -86.7809, 21.14351 ], [ -86.77971, 21.14351 ], [ -86.77889, 21.14345 ], [ -86.77849, 21.14339 ], [ -86.77771, 21.14323 ], [ -86.77735, 21.14314 ], [ -86.77639, 21.14283 ], [ -86.77582, 21.14258 ], [ -86.7753, 21.14231 ], [ -86.77431, 21.14166 ], [ -86.7734, 21.14096 ], [ -86.77317, 21.14079 ], [ -86.77292, 21.14064 ], [ -86.77178, 21.13982 ], [ -86.76915, 21.13812 ], [ -86.76829, 21.13772 ], [ -86.76646, 21.13678 ], [ -86.76583, 21.13643 ], [ -86.7646, 21.13589 ], [ -86.76336, 21.13546 ], [ -86.76173, 21.13503 ], [ -86.76128, 21.13485 ], [ -86.76107, 21.13479 ], [ -86.7609, 21.13476 ], [ -86.76056, 21.13479 ], [ -86.75914, 21.13477 ], [ -86.75805, 21.13469 ], [ -86.75779, 21.13469 ], [ -86.75705, 21.13468 ], [ -86.75646, 21.13472 ], [ -86.75522, 21.13469 ], [ -86.75479, 21.13472 ], [ -86.75455, 21.13476 ], [ -86.75405, 21.13487 ], [ -86.75347, 21.13509 ], [ -86.75286, 21.13543 ], [ -86.75125, 21.13656 ], [ -86.75098, 21.13671 ], [ -86.75071, 21.1368 ], [ -86.75026, 21.13688 ], [ -86.75009, 21.13687 ], [ -86.74973, 21.13681 ], [ -86.74936, 21.13668 ], [ -86.74904, 21.13647 ], [ -86.74869, 21.1362 ], [ -86.74855, 21.13603 ], [ -86.74843, 21.13586 ], [ -86.74823, 21.1355 ], [ -86.74804, 21.13496 ], [ -86.74801, 21.13471 ], [ -86.74801, 21.13427 ], [ -86.74817, 21.13369 ], [ -86.74859, 21.13253 ], [ -86.74887, 21.13199 ], [ -86.74912, 21.13145 ], [ -86.74935, 21.1311 ], [ -86.74964, 21.13061 ], [ -86.75008, 21.12998 ], [ -86.75061, 21.12937 ], [ -86.75106, 21.12883 ], [ -86.75143, 21.12848 ], [ -86.75269, 21.12743 ], [ -86.75309, 21.12705 ], [ -86.75347, 21.1266 ], [ -86.75383, 21.12613 ], [ -86.75419, 21.12562 ], [ -86.75434, 21.12538 ], [ -86.75485, 21.12432 ], [ -86.755, 21.12385 ], [ -86.75514, 21.12339 ], [ -86.75518, 21.12315 ], [ -86.75527, 21.12242 ], [ -86.75531, 21.12224 ], [ -86.75551, 21.12188 ], [ -86.75604, 21.12109 ], [ -86.75618, 21.12081 ], [ -86.75644, 21.12026 ], [ -86.7566, 21.12 ], [ -86.75668, 21.11987 ], [ -86.75708, 21.11936 ], [ -86.75728, 21.11903 ], [ -86.75732, 21.11886 ], [ -86.75736, 21.1188 ], [ -86.75737, 21.11865 ], [ -86.75736, 21.11824 ], [ -86.75732, 21.11773 ], [ -86.75732, 21.11762 ], [ -86.75734, 21.11751 ], [ -86.75737, 21.11746 ], [ -86.75742, 21.11731 ], [ -86.75758, 21.117 ], [ -86.75808, 21.1162 ], [ -86.75857, 21.11533 ], [ -86.75892, 21.11501 ], [ -86.75914, 21.11484 ], [ -86.75919, 21.11483 ], [ -86.75938, 21.11465 ], [ -86.76066, 21.11335 ], [ -86.76134, 21.11269 ], [ -86.76169, 21.11231 ], [ -86.76174, 21.11221 ], [ -86.76214, 21.11173 ], [ -86.76233, 21.11135 ], [ -86.76255, 21.11099 ], [ -86.76288, 21.11035 ], [ -86.76296, 21.11013 ], [ -86.76325, 21.1095 ], [ -86.76329, 21.10937 ], [ -86.7633, 21.10916 ], [ -86.76337, 21.10875 ], [ -86.76343, 21.10854 ], [ -86.76352, 21.10791 ], [ -86.7637, 21.10713 ], [ -86.76371, 21.10679 ], [ -86.76436, 21.10546 ], [ -86.76478, 21.1047 ], [ -86.76529, 21.10368 ], [ -86.76541, 21.10349 ], [ -86.76613, 21.10218 ], [ -86.7668, 21.10088 ], [ -86.76718, 21.10027 ], [ -86.76768, 21.09928 ], [ -86.7678, 21.0991 ], [ -86.76797, 21.09876 ], [ -86.76848, 21.0977 ], [ -86.76912, 21.09619 ], [ -86.76954, 21.09534 ], [ -86.76975, 21.09473 ], [ -86.76995, 21.09434 ], [ -86.77008, 21.09398 ], [ -86.77031, 21.09341 ], [ -86.77069, 21.09265 ], [ -86.77085, 21.09235 ], [ -86.77101, 21.09213 ], [ -86.77145, 21.09123 ], [ -86.77176, 21.09071 ], [ -86.77179, 21.09059 ], [ -86.77251, 21.08925 ], [ -86.77267, 21.08888 ], [ -86.77311, 21.08808 ], [ -86.77329, 21.08765 ], [ -86.77356, 21.08699 ], [ -86.77386, 21.08611 ], [ -86.77401, 21.08548 ], [ -86.77452, 21.08442 ], [ -86.77549, 21.08211 ], [ -86.77572, 21.08149 ], [ -86.77584, 21.08105 ], [ -86.77594, 21.08078 ], [ -86.77604, 21.08035 ], [ -86.77633, 21.07941 ], [ -86.77665, 21.0784 ], [ -86.77689, 21.07772 ], [ -86.7771, 21.07692 ], [ -86.77736, 21.07612 ], [ -86.77767, 21.07508 ], [ -86.77783, 21.07466 ], [ -86.78022, 21.07099 ], [ -86.78075, 21.07012 ], [ -86.78091, 21.0698 ], [ -86.781, 21.06929 ], [ -86.781, 21.0688 ], [ -86.78097, 21.06863 ], [ -86.78009, 21.06633 ], [ -86.77994, 21.06576 ], [ -86.7798, 21.06493 ], [ -86.77978, 21.06471 ], [ -86.7798, 21.06399 ], [ -86.7798, 21.0635 ], [ -86.77976, 21.06326 ], [ -86.77959, 21.06255 ], [ -86.77957, 21.06231 ], [ -86.77957, 21.0621 ], [ -86.77959, 21.06189 ], [ -86.77964, 21.06169 ], [ -86.77975, 21.06133 ], [ -86.77998, 21.06081 ], [ -86.78008, 21.06064 ], [ -86.78019, 21.06047 ], [ -86.78041, 21.06028 ], [ -86.78082, 21.05987 ], [ -86.78115, 21.0596 ], [ -86.78135, 21.05941 ], [ -86.78152, 21.05921 ], [ -86.78167, 21.05897 ], [ -86.78174, 21.05883 ], [ -86.78192, 21.05822 ], [ -86.78199, 21.0579 ], [ -86.78218, 21.05725 ], [ -86.78239, 21.0566 ], [ -86.7826, 21.05612 ], [ -86.78264, 21.05595 ], [ -86.7827, 21.0556 ], [ -86.78271, 21.05541 ], [ -86.78269, 21.05503 ], [ -86.78277, 21.05375 ], [ -86.78286, 21.05303 ], [ -86.78302, 21.05109 ], [ -86.78306, 21.05073 ], [ -86.78312, 21.04999 ], [ -86.78331, 21.04888 ], [ -86.7834, 21.04754 ], [ -86.78338, 21.04706 ], [ -86.78335, 21.04682 ], [ -86.78324, 21.04509 ], [ -86.78311, 21.04352 ], [ -86.78309, 21.04313 ], [ -86.78313, 21.04225 ], [ -86.78318, 21.04191 ], [ -86.78331, 21.04124 ], [ -86.78331, 21.04114 ], [ -86.78328, 21.04107 ], [ -86.78318, 21.04098 ], [ -86.78308, 21.04098 ], [ -86.783, 21.04104 ], [ -86.78293, 21.04115 ], [ -86.78283, 21.04133 ], [ -86.78285, 21.0417 ], [ -86.78286, 21.04194 ], [ -86.78291, 21.04226 ] ] } },
{ "type": "Feature", "properties": { "ciudad_nombre": "Cancún", "encodedLine": "yzl_CfxtpO{Oh@_KVkFOk]yAoOw@ePuCi@Me@Oa@U_@Y}CkDq@q@YWy@c@a@Se@OiDw@i@IwAOk@C{ABm@B}ARg[tEsAJc@@_@E_Co@qD_AmBi@kBu@g@[c@UmAw@sEmC_By@e@[y@q@mB]eBU_B_@gB[iBa@eC_@_Ck@eFgAeIkBmAOQKUCaAYsI{CaCk@kDkAaFgAm@OoHgCmG_CqEoBiDuAwFmCqFkBcDaAqAe@uA_@wBy@cDaAsBw@oE}AsAi@e@YiD{AiDaBcSyIsCiAaBs@uFuBeACg@EcC[iCc@gDc@yDeAeCeAeAi@_CyA}AmAu@{@]q@e@k@wCuBo@y@aCuBIQwAcBYSiBy@sDmBwAm@s@M]Cc@?gBJaAEWGs@a@qAaA{@i@iBu@iA[cAc@[S}@a@qAaAu@_@[KaAKiBAe@EoB_@qA[i@Qg@SiD{A_CyAeCoBc@c@gBqBcAwAgAwAwC{CuAy@aBqAiBmAcDkCwBmByAaAg@_@}A_Bu@}@s@_A]_@c@[iAs@e@Ka@Ce@Dk@J[JULe@n@{AzCiB`DmBbC]^aAv@{@|@_@v@K^M`AA^FtALp@Xn@t@`A\\\\Zd@Vj@RbAR`@JbATn@\\\\XPj@j@|@zAz@~BXxAHl@JhCEjG?`GEvDIfC?dBc@bHgA`H_@nBQv@kAnEqBtFWl@s@tAg@vAcAhCaFxKsAzBmAdCu@pAgEzGs@rAw@`AuArBoArBsAbCgA`BaC~Du@hBo@fCQfAQzC?`DDjANlA^tBf@fBfCjHPp@b@jCNjDAjBSdDW`BQp@Sr@wAhDeAlBg@t@oCfCiBvAaHhFqDvCaFfD}AtAq@d@iChCwA`BcH|JsCtC{CbCuCbCoBrA{A|@}BhBsDdCk@d@gAbAwAnBc@f@uAjDSn@c@dBYzBI`AGfA?tAFxAHtA^xCt@hFPlBdAnHRrBPj@hDfWfBtNZ|BtAtKRnC@jAE`@Kf@}CrMYfA[h@WZe@Zk@Rq@LuJXsFTqIVkAMi@U_@Ga@?c@D]JqAh@WHg@FoDNaMV_Pp@}@D}A`@}BLyEPo@@m@Iy@?m@HmAz@_E`BaGrBsAf@UXKTCRGNuAv@u@^wB|@wLtFyGzCoB`AeYrM_CjAOPN`@vClHd@tA?P_BXaGx@gAFcC\\\\}Cj@_VtDyPrCyMnBGBED@HF@PAlAU`AMrc@cHxDq@lC_@bIsAtAQtEo@xEw@RKFICM{@iBwB_GUu@@EDEdJeE`Ac@NM`LeFxAw@jEsB`GkChGiCxCyAr@YbBy@~@g@POLa@?[BMJIvEcB|@YrCeAxAg@h@QVOn@Ml@GdHSxBMx@Ap@FlAFd@?hDO`CC|DKxDSlM_@xBKfAVh@?h@GbAe@p@GxZcAnAAr@UT@z@Lp@@t@CTENMR{AHuA^uBPaAj@}BfA_EPiAF_A?wAQgBMs@}@yHUu@qBqEYaAmAcJoBoOkDyVuAqKMkAImAAkA?oAFsA\\\\kCf@aCXy@z@sBfAiBrA}A`BwAp@g@dBeAfJmGtHaG|AgBl@u@nDiFfCmDn@w@fBgBlB_BlFsD|I{G`JoHv@w@p@w@j@{@pAeCbAmCVaAh@cDFy@HoDEaAa@{Ew@kFWkAc@iCMyC?mFJcDJoA^{CPgA|@_Ep@qBt@gB`CeEjCuD`@m@\\\\q@bDcFrImOnAkDzDmJdA}BjBuFtAwFtAeIb@yAJi@Da@EcAB{GNyE@gEGuBDwFAi@K{AUcBSy@Wy@_@}@c@{@aFaI]u@Qu@G_DDc@XiAh@_At@eA`@[bAm@d@QhA[`@Ip@EvA?rB^fFrAjBv@jBp@dAl@`Bx@|BvAxBhBjBxAdAhApEzFd@h@nAhAlCnBdBfAn@\\\\rEdB|A\\\\zAZn@FpCPb@FfAf@|ChBv@ZlBr@r@^XNdBnA`Af@`@FJF\\\\@pAAdBGT?TBHD\\\\H|@^~CbBlD`B~@dA`@j@@Hb@d@bG~FbCfCjAdARH~AnAjAd@fAj@~B`Aj@N|Bx@XFh@@pALh@J|BPzCb@bA@hG`CvCrAjEdBd@VdGnCbGdCxBjAdEbBb@VbA`@rEdBlH~BhDrAxBh@lAf@fAXpBl@vCjAz@^j@^rDvAfB|@VDjGnChA^~CvAtAb@bCt@nDz@|B\\\\rEdBjAXt@X`AXhGrBzBl@vAVt@RtARzDx@dCl@bAPfCn@~Ch@~Cr@nE|@rA^hDnBtEdCbBbA^PxEpClDhB~@^dBP`B?`@E`AO~Am@lBm@zDcApB]dD[j@CnCB`B?n@GlCa@n@Ch@?h@Bf@HfATfBl@`@R`@Td@j@pApAt@`Ad@f@f@`@n@\\\\ZLxBb@~@L`Cd@`Ch@~Ah@`@FdAJd@@jAC~FNnCPbK^fAFrCJlAJbALjAJjGP~ACn@ExIUxHYlACnDFbAHdCXR?LEPS?QKOWOa@IiAEo@@_AH", "data.route.shortName": "Rancho Viejo", "data.route.longName": "1_Rancho Viejo", "slug": "ruta-1-rancho-viejo.4eo", "type": "Bus", "color": null, "trips": [ ], "shape_id": "shape_2284" }, "geometry": { "type": "LineString", "coordinates": [ [ -86.78292, 21.04253 ], [ -86.78313, 21.04523 ], [ -86.78325, 21.04715 ], [ -86.78317, 21.04833 ], [ -86.78272, 21.05319 ], [ -86.78244, 21.05583 ], [ -86.78169, 21.05858 ], [ -86.78162, 21.05879 ], [ -86.78154, 21.05898 ], [ -86.78143, 21.05915 ], [ -86.7813, 21.05931 ], [ -86.78044, 21.0601 ], [ -86.78019, 21.06035 ], [ -86.78007, 21.06048 ], [ -86.77989, 21.06077 ], [ -86.77979, 21.06094 ], [ -86.77971, 21.06113 ], [ -86.77943, 21.06198 ], [ -86.77938, 21.06219 ], [ -86.7793, 21.06263 ], [ -86.77928, 21.06285 ], [ -86.7793, 21.06331 ], [ -86.77932, 21.06354 ], [ -86.77942, 21.06401 ], [ -86.78049, 21.06853 ], [ -86.78055, 21.06895 ], [ -86.78056, 21.06913 ], [ -86.78053, 21.06929 ], [ -86.78029, 21.06993 ], [ -86.77997, 21.07082 ], [ -86.77976, 21.07137 ], [ -86.77949, 21.07191 ], [ -86.77935, 21.07211 ], [ -86.77924, 21.07229 ], [ -86.77896, 21.07268 ], [ -86.77825, 21.07374 ], [ -86.77796, 21.07422 ], [ -86.77782, 21.07441 ], [ -86.77757, 21.0747 ], [ -86.77742, 21.07525 ], [ -86.77731, 21.07576 ], [ -86.77715, 21.07624 ], [ -86.77701, 21.07676 ], [ -86.77684, 21.07729 ], [ -86.77668, 21.07796 ], [ -86.77646, 21.0786 ], [ -86.7761, 21.07975 ], [ -86.77556, 21.08138 ], [ -86.77548, 21.08177 ], [ -86.77542, 21.08186 ], [ -86.7754, 21.08197 ], [ -86.77527, 21.0823 ], [ -86.77449, 21.084 ], [ -86.77427, 21.08465 ], [ -86.77389, 21.08551 ], [ -86.77353, 21.08664 ], [ -86.77345, 21.08687 ], [ -86.77277, 21.08839 ], [ -86.77213, 21.08974 ], [ -86.77157, 21.09079 ], [ -86.77114, 21.09164 ], [ -86.77043, 21.09288 ], [ -86.76989, 21.09409 ], [ -86.76956, 21.09491 ], [ -86.76937, 21.09532 ], [ -86.76921, 21.09575 ], [ -86.76892, 21.09635 ], [ -86.76859, 21.09717 ], [ -86.76831, 21.09775 ], [ -86.76784, 21.09879 ], [ -86.76763, 21.09921 ], [ -86.7675, 21.0994 ], [ -86.76704, 21.10025 ], [ -86.76655, 21.1011 ], [ -86.76482, 21.10432 ], [ -86.76445, 21.10506 ], [ -86.76419, 21.10555 ], [ -86.7636, 21.10678 ], [ -86.76358, 21.10713 ], [ -86.76355, 21.10733 ], [ -86.76341, 21.10799 ], [ -86.76323, 21.10868 ], [ -86.76305, 21.10952 ], [ -86.7627, 21.11045 ], [ -86.76235, 21.11112 ], [ -86.76214, 21.11147 ], [ -86.76169, 21.11211 ], [ -86.7613, 21.11258 ], [ -86.761, 21.11285 ], [ -86.76075, 21.113 ], [ -86.76053, 21.11319 ], [ -86.75994, 21.11395 ], [ -86.75965, 21.11419 ], [ -86.75906, 21.11484 ], [ -86.75897, 21.11489 ], [ -86.75847, 21.11533 ], [ -86.75837, 21.11546 ], [ -86.75808, 21.11599 ], [ -86.75753, 21.11689 ], [ -86.7573, 21.11733 ], [ -86.75723, 21.11759 ], [ -86.75721, 21.11774 ], [ -86.75721, 21.11792 ], [ -86.75727, 21.11844 ], [ -86.75724, 21.11877 ], [ -86.7572, 21.11889 ], [ -86.75703, 21.11915 ], [ -86.7567, 21.11956 ], [ -86.75649, 21.11986 ], [ -86.75622, 21.12039 ], [ -86.75608, 21.12076 ], [ -86.7559, 21.1211 ], [ -86.7558, 21.12124 ], [ -86.75563, 21.12155 ], [ -86.7553, 21.12196 ], [ -86.75514, 21.12223 ], [ -86.75508, 21.12237 ], [ -86.75502, 21.1227 ], [ -86.75501, 21.12323 ], [ -86.75498, 21.12342 ], [ -86.75482, 21.12398 ], [ -86.75468, 21.12439 ], [ -86.75459, 21.1246 ], [ -86.75449, 21.1248 ], [ -86.75403, 21.12565 ], [ -86.75358, 21.12629 ], [ -86.75302, 21.12696 ], [ -86.75284, 21.12714 ], [ -86.75227, 21.12766 ], [ -86.75183, 21.128 ], [ -86.75139, 21.12836 ], [ -86.75061, 21.12912 ], [ -86.75032, 21.12955 ], [ -86.74991, 21.13004 ], [ -86.74952, 21.13057 ], [ -86.74882, 21.13139 ], [ -86.74827, 21.13199 ], [ -86.74794, 21.13244 ], [ -86.74778, 21.13264 ], [ -86.7473, 21.13311 ], [ -86.74699, 21.13338 ], [ -86.74667, 21.13364 ], [ -86.74651, 21.13379 ], [ -86.74637, 21.13397 ], [ -86.74611, 21.13434 ], [ -86.74605, 21.13453 ], [ -86.74603, 21.1347 ], [ -86.74606, 21.13489 ], [ -86.74612, 21.13511 ], [ -86.74618, 21.13525 ], [ -86.74625, 21.13536 ], [ -86.74649, 21.13555 ], [ -86.74727, 21.13601 ], [ -86.74808, 21.13654 ], [ -86.74874, 21.13709 ], [ -86.7489, 21.13724 ], [ -86.74918, 21.13757 ], [ -86.74949, 21.13787 ], [ -86.74977, 21.13803 ], [ -86.74993, 21.13809 ], [ -86.75026, 21.13816 ], [ -86.75042, 21.13817 ], [ -86.75085, 21.13813 ], [ -86.7511, 21.13806 ], [ -86.75134, 21.13793 ], [ -86.75167, 21.13766 ], [ -86.75181, 21.13751 ], [ -86.75193, 21.13732 ], [ -86.75203, 21.1371 ], [ -86.75213, 21.13676 ], [ -86.75219, 21.13659 ], [ -86.7523, 21.13625 ], [ -86.75245, 21.13601 ], [ -86.75254, 21.13588 ], [ -86.75276, 21.13566 ], [ -86.75322, 21.13535 ], [ -86.75386, 21.13505 ], [ -86.75431, 21.13492 ], [ -86.75454, 21.13487 ], [ -86.75523, 21.13481 ], [ -86.75657, 21.13484 ], [ -86.75786, 21.13484 ], [ -86.75878, 21.13487 ], [ -86.75946, 21.13492 ], [ -86.75997, 21.13492 ], [ -86.76143, 21.1351 ], [ -86.76288, 21.13546 ], [ -86.76344, 21.13562 ], [ -86.76372, 21.13571 ], [ -86.76476, 21.13609 ], [ -86.76599, 21.13666 ], [ -86.76622, 21.13678 ], [ -86.76665, 21.13704 ], [ -86.76709, 21.13724 ], [ -86.76778, 21.13758 ], [ -86.76983, 21.13871 ], [ -86.77045, 21.13913 ], [ -86.77112, 21.13952 ], [ -86.77153, 21.13979 ], [ -86.77295, 21.14079 ], [ -86.77337, 21.14105 ], [ -86.7737, 21.14133 ], [ -86.77428, 21.14176 ], [ -86.77486, 21.14216 ], [ -86.77552, 21.14258 ], [ -86.77601, 21.14294 ], [ -86.77697, 21.14359 ], [ -86.7775, 21.14386 ], [ -86.77818, 21.1441 ], [ -86.77854, 21.14419 ], [ -86.77932, 21.14428 ], [ -86.78013, 21.14428 ], [ -86.78051, 21.14425 ], [ -86.7809, 21.14417 ], [ -86.78149, 21.14401 ], [ -86.78201, 21.14381 ], [ -86.78351, 21.14313 ], [ -86.78376, 21.14304 ], [ -86.78446, 21.14286 ], [ -86.78532, 21.14278 ], [ -86.78586, 21.14279 ], [ -86.78669, 21.14289 ], [ -86.78718, 21.14301 ], [ -86.78743, 21.1431 ], [ -86.78769, 21.1432 ], [ -86.78854, 21.14364 ], [ -86.78909, 21.14399 ], [ -86.78936, 21.14419 ], [ -86.79004, 21.14491 ], [ -86.79048, 21.14544 ], [ -86.79165, 21.14689 ], [ -86.79241, 21.14778 ], [ -86.79325, 21.14891 ], [ -86.79368, 21.14938 ], [ -86.79387, 21.14963 ], [ -86.79456, 21.15032 ], [ -86.79505, 21.15076 ], [ -86.79696, 21.15222 ], [ -86.79771, 21.15296 ], [ -86.79837, 21.15374 ], [ -86.79903, 21.15449 ], [ -86.79945, 21.15505 ], [ -86.79976, 21.15551 ], [ -86.80029, 21.15614 ], [ -86.80096, 21.15704 ], [ -86.80115, 21.15726 ], [ -86.80149, 21.15762 ], [ -86.80205, 21.15806 ], [ -86.80225, 21.15824 ], [ -86.80311, 21.15867 ], [ -86.80335, 21.15877 ], [ -86.80386, 21.15895 ], [ -86.80448, 21.15908 ], [ -86.80481, 21.15913 ], [ -86.80517, 21.15917 ], [ -86.8056, 21.15917 ], [ -86.80605, 21.15913 ], [ -86.80648, 21.15908 ], [ -86.80725, 21.15892 ], [ -86.80842, 21.15865 ], [ -86.80897, 21.15856 ], [ -86.81049, 21.15821 ], [ -86.81107, 21.15811 ], [ -86.81129, 21.15802 ], [ -86.81517, 21.15717 ], [ -86.81768, 21.15665 ], [ -86.81831, 21.15651 ], [ -86.82034, 21.15608 ], [ -86.82106, 21.15598 ], [ -86.82144, 21.15597 ], [ -86.82161, 21.156 ], [ -86.82181, 21.15606 ], [ -86.82415, 21.15685 ], [ -86.82451, 21.15698 ], [ -86.82472, 21.15712 ], [ -86.82486, 21.15724 ], [ -86.825, 21.15743 ], [ -86.8251, 21.15765 ], [ -86.82517, 21.1579 ], [ -86.8253, 21.15977 ], [ -86.82541, 21.16099 ], [ -86.82553, 21.16268 ], [ -86.82546, 21.16306 ], [ -86.82535, 21.16327 ], [ -86.82531, 21.16343 ], [ -86.82531, 21.1636 ], [ -86.82534, 21.16378 ], [ -86.8254, 21.16393 ], [ -86.82561, 21.16434 ], [ -86.82566, 21.16446 ], [ -86.8257, 21.16466 ], [ -86.82578, 21.16554 ], [ -86.8259, 21.16779 ], [ -86.82615, 21.17051 ], [ -86.82618, 21.17082 ], [ -86.82635, 21.17129 ], [ -86.82642, 21.17192 ], [ -86.82651, 21.17301 ], [ -86.82652, 21.17325 ], [ -86.82647, 21.17348 ], [ -86.82647, 21.17377 ], [ -86.82652, 21.174 ], [ -86.82682, 21.17439 ], [ -86.82731, 21.17535 ], [ -86.82789, 21.17664 ], [ -86.82809, 21.17706 ], [ -86.82822, 21.17717 ], [ -86.82833, 21.17723 ], [ -86.82843, 21.17725 ], [ -86.82851, 21.17729 ], [ -86.82879, 21.17772 ], [ -86.82895, 21.17799 ], [ -86.82926, 21.17859 ], [ -86.83049, 21.18079 ], [ -86.83127, 21.1822 ], [ -86.8316, 21.18276 ], [ -86.83394, 21.18695 ], [ -86.83432, 21.18759 ], [ -86.83441, 21.18767 ], [ -86.83458, 21.18759 ], [ -86.83609, 21.18683 ], [ -86.83652, 21.18664 ], [ -86.83661, 21.18664 ], [ -86.83674, 21.18712 ], [ -86.83703, 21.18841 ], [ -86.83707, 21.18877 ], [ -86.83722, 21.18943 ], [ -86.83744, 21.19022 ], [ -86.83835, 21.1939 ], [ -86.83909, 21.19675 ], [ -86.83965, 21.19912 ], [ -86.83967, 21.19916 ], [ -86.8397, 21.19919 ], [ -86.83975, 21.19918 ], [ -86.83976, 21.19914 ], [ -86.83975, 21.19905 ], [ -86.83964, 21.19866 ], [ -86.83957, 21.19833 ], [ -86.83811, 21.19247 ], [ -86.83786, 21.19154 ], [ -86.8377, 21.19083 ], [ -86.83728, 21.18921 ], [ -86.83719, 21.18878 ], [ -86.83695, 21.18771 ], [ -86.83667, 21.18662 ], [ -86.83661, 21.18652 ], [ -86.83656, 21.18648 ], [ -86.83649, 21.1865 ], [ -86.83596, 21.1868 ], [ -86.83468, 21.1874 ], [ -86.83441, 21.18751 ], [ -86.83438, 21.1875 ], [ -86.83435, 21.18747 ], [ -86.83336, 21.18568 ], [ -86.83318, 21.18535 ], [ -86.83311, 21.18527 ], [ -86.83196, 21.18318 ], [ -86.83168, 21.18273 ], [ -86.8311, 21.18171 ], [ -86.8304, 21.18042 ], [ -86.82971, 21.17909 ], [ -86.82926, 21.17832 ], [ -86.82913, 21.17806 ], [ -86.82884, 21.17756 ], [ -86.82864, 21.17724 ], [ -86.82856, 21.17715 ], [ -86.82839, 21.17708 ], [ -86.82825, 21.17708 ], [ -86.82818, 21.17706 ], [ -86.82813, 21.177 ], [ -86.82763, 21.17592 ], [ -86.8275, 21.17561 ], [ -86.82715, 21.17487 ], [ -86.82695, 21.17442 ], [ -86.82686, 21.17421 ], [ -86.82678, 21.17409 ], [ -86.82671, 21.17385 ], [ -86.82667, 21.17362 ], [ -86.82657, 21.17215 ], [ -86.8265, 21.17154 ], [ -86.82649, 21.17125 ], [ -86.82653, 21.171 ], [ -86.82657, 21.17061 ], [ -86.82657, 21.17042 ], [ -86.82649, 21.16957 ], [ -86.82647, 21.16892 ], [ -86.82641, 21.16797 ], [ -86.82631, 21.16704 ], [ -86.82615, 21.16473 ], [ -86.82609, 21.16412 ], [ -86.82621, 21.16376 ], [ -86.82621, 21.16355 ], [ -86.82617, 21.16334 ], [ -86.82598, 21.163 ], [ -86.82594, 21.16275 ], [ -86.8256, 21.1583 ], [ -86.82559, 21.1579 ], [ -86.82548, 21.15764 ], [ -86.82549, 21.15753 ], [ -86.82556, 21.15723 ], [ -86.82557, 21.15698 ], [ -86.82555, 21.15671 ], [ -86.82552, 21.1566 ], [ -86.82545, 21.15652 ], [ -86.82499, 21.15642 ], [ -86.82456, 21.15637 ], [ -86.82397, 21.15621 ], [ -86.82364, 21.15612 ], [ -86.82301, 21.1559 ], [ -86.82205, 21.15554 ], [ -86.82168, 21.15545 ], [ -86.82136, 21.15541 ], [ -86.82092, 21.15541 ], [ -86.8204, 21.1555 ], [ -86.82014, 21.15557 ], [ -86.81857, 21.15588 ], [ -86.8183, 21.15599 ], [ -86.81725, 21.15656 ], [ -86.81692, 21.15669 ], [ -86.81514, 21.15708 ], [ -86.8125, 21.15764 ], [ -86.80869, 21.1585 ], [ -86.80668, 21.15893 ], [ -86.8063, 21.159 ], [ -86.80591, 21.15905 ], [ -86.80553, 21.15906 ], [ -86.80513, 21.15906 ], [ -86.80471, 21.15902 ], [ -86.80401, 21.15887 ], [ -86.80336, 21.15867 ], [ -86.80307, 21.15854 ], [ -86.80249, 21.15824 ], [ -86.80196, 21.15788 ], [ -86.80149, 21.15746 ], [ -86.80105, 21.15697 ], [ -86.80085, 21.15672 ], [ -86.8005, 21.15621 ], [ -86.79915, 21.15441 ], [ -86.79786, 21.15286 ], [ -86.79734, 21.15239 ], [ -86.79707, 21.15216 ], [ -86.7959, 21.15128 ], [ -86.79503, 21.1506 ], [ -86.79475, 21.15036 ], [ -86.79423, 21.14984 ], [ -86.79375, 21.14929 ], [ -86.79285, 21.1481 ], [ -86.79143, 21.14635 ], [ -86.78991, 21.14458 ], [ -86.78963, 21.1443 ], [ -86.78935, 21.14405 ], [ -86.78905, 21.14383 ], [ -86.78838, 21.14342 ], [ -86.78767, 21.14308 ], [ -86.78734, 21.14296 ], [ -86.78652, 21.14275 ], [ -86.78623, 21.14271 ], [ -86.78535, 21.14266 ], [ -86.78502, 21.14269 ], [ -86.78392, 21.14286 ], [ -86.78274, 21.14314 ], [ -86.78236, 21.14326 ], [ -86.78167, 21.14344 ], [ -86.7809, 21.14351 ], [ -86.77971, 21.14351 ], [ -86.77889, 21.14345 ], [ -86.77849, 21.14339 ], [ -86.77771, 21.14323 ], [ -86.77735, 21.14314 ], [ -86.77639, 21.14283 ], [ -86.77582, 21.14258 ], [ -86.7753, 21.14231 ], [ -86.77431, 21.14166 ], [ -86.7734, 21.14096 ], [ -86.77317, 21.14079 ], [ -86.77292, 21.14064 ], [ -86.77178, 21.13982 ], [ -86.76915, 21.13812 ], [ -86.76829, 21.13772 ], [ -86.76646, 21.13678 ], [ -86.76583, 21.13643 ], [ -86.7646, 21.13589 ], [ -86.76336, 21.13546 ], [ -86.76173, 21.13503 ], [ -86.76128, 21.13485 ], [ -86.76107, 21.13479 ], [ -86.7609, 21.13476 ], [ -86.76056, 21.13479 ], [ -86.75914, 21.13477 ], [ -86.75805, 21.13469 ], [ -86.75705, 21.13468 ], [ -86.75646, 21.13472 ], [ -86.75522, 21.13469 ], [ -86.75501, 21.1347 ], [ -86.75455, 21.13476 ], [ -86.75405, 21.13487 ], [ -86.75376, 21.13497 ], [ -86.75347, 21.13509 ], [ -86.75316, 21.13525 ], [ -86.75286, 21.13543 ], [ -86.75125, 21.13656 ], [ -86.75098, 21.13671 ], [ -86.75071, 21.1368 ], [ -86.74991, 21.13684 ], [ -86.74973, 21.13681 ], [ -86.74936, 21.13668 ], [ -86.74904, 21.13647 ], [ -86.74869, 21.1362 ], [ -86.74855, 21.13603 ], [ -86.74832, 21.13569 ], [ -86.74823, 21.1355 ], [ -86.74809, 21.13513 ], [ -86.74804, 21.13496 ], [ -86.74801, 21.13471 ], [ -86.74801, 21.13427 ], [ -86.74817, 21.13369 ], [ -86.74859, 21.13253 ], [ -86.74887, 21.13199 ], [ -86.74912, 21.13145 ], [ -86.74935, 21.1311 ], [ -86.74964, 21.13061 ], [ -86.75008, 21.12998 ], [ -86.75061, 21.12937 ], [ -86.75106, 21.12883 ], [ -86.75143, 21.12848 ], [ -86.75269, 21.12743 ], [ -86.7529, 21.12724 ], [ -86.75327, 21.12684 ], [ -86.75383, 21.12613 ], [ -86.75419, 21.12562 ], [ -86.75434, 21.12538 ], [ -86.75485, 21.12432 ], [ -86.755, 21.12385 ], [ -86.75514, 21.12339 ], [ -86.75518, 21.12315 ], [ -86.75527, 21.12242 ], [ -86.75531, 21.12224 ], [ -86.75551, 21.12188 ], [ -86.75604, 21.12109 ], [ -86.75618, 21.12081 ], [ -86.75644, 21.12026 ], [ -86.7566, 21.12 ], [ -86.75668, 21.11987 ], [ -86.75708, 21.11936 ], [ -86.75728, 21.11903 ], [ -86.75732, 21.11886 ], [ -86.75736, 21.1188 ], [ -86.75737, 21.11865 ], [ -86.75736, 21.11824 ], [ -86.75732, 21.11773 ], [ -86.75732, 21.11762 ], [ -86.75734, 21.11751 ], [ -86.75737, 21.11746 ], [ -86.75742, 21.11731 ], [ -86.75758, 21.117 ], [ -86.75808, 21.1162 ], [ -86.75857, 21.11533 ], [ -86.75892, 21.11501 ], [ -86.75914, 21.11484 ], [ -86.75919, 21.11483 ], [ -86.75938, 21.11465 ], [ -86.76066, 21.11335 ], [ -86.76134, 21.11269 ], [ -86.76169, 21.11231 ], [ -86.76174, 21.11221 ], [ -86.76214, 21.11173 ], [ -86.76233, 21.11135 ], [ -86.76255, 21.11099 ], [ -86.76288, 21.11035 ], [ -86.76296, 21.11013 ], [ -86.76325, 21.1095 ], [ -86.76329, 21.10937 ], [ -86.7633, 21.10916 ], [ -86.76337, 21.10875 ], [ -86.76343, 21.10854 ], [ -86.76352, 21.10791 ], [ -86.7637, 21.10713 ], [ -86.76371, 21.10679 ], [ -86.76436, 21.10546 ], [ -86.76478, 21.1047 ], [ -86.76529, 21.10368 ], [ -86.76541, 21.10349 ], [ -86.76613, 21.10218 ], [ -86.7668, 21.10088 ], [ -86.76718, 21.10027 ], [ -86.76768, 21.09928 ], [ -86.7678, 21.0991 ], [ -86.76797, 21.09876 ], [ -86.76848, 21.0977 ], [ -86.76912, 21.09619 ], [ -86.76954, 21.09534 ], [ -86.76975, 21.09473 ], [ -86.76995, 21.09434 ], [ -86.77008, 21.09398 ], [ -86.77031, 21.09341 ], [ -86.77069, 21.09265 ], [ -86.77085, 21.09235 ], [ -86.77101, 21.09213 ], [ -86.77145, 21.09123 ], [ -86.77176, 21.09071 ], [ -86.77179, 21.09059 ], [ -86.77251, 21.08925 ], [ -86.77267, 21.08888 ], [ -86.77311, 21.08808 ], [ -86.77329, 21.08765 ], [ -86.77356, 21.08699 ], [ -86.77386, 21.08611 ], [ -86.77401, 21.08548 ], [ -86.77452, 21.08442 ], [ -86.77465, 21.08404 ], [ -86.77478, 21.08377 ], [ -86.77491, 21.08344 ], [ -86.77549, 21.08211 ], [ -86.77572, 21.08149 ], [ -86.77584, 21.08105 ], [ -86.77594, 21.08078 ], [ -86.77604, 21.08035 ], [ -86.77633, 21.07941 ], [ -86.77656, 21.07874 ], [ -86.77665, 21.0784 ], [ -86.77689, 21.07772 ], [ -86.7771, 21.07692 ], [ -86.77736, 21.07612 ], [ -86.77767, 21.07508 ], [ -86.77783, 21.07466 ], [ -86.77839, 21.07381 ], [ -86.77906, 21.07274 ], [ -86.7794, 21.07224 ], [ -86.77949, 21.07208 ], [ -86.78022, 21.07099 ], [ -86.78075, 21.07012 ], [ -86.78091, 21.0698 ], [ -86.781, 21.06929 ], [ -86.781, 21.0688 ], [ -86.78097, 21.06863 ], [ -86.78089, 21.0683 ], [ -86.78066, 21.06782 ], [ -86.78043, 21.06727 ], [ -86.78009, 21.06633 ], [ -86.77994, 21.06576 ], [ -86.7798, 21.06493 ], [ -86.77978, 21.06471 ], [ -86.7798, 21.06399 ], [ -86.7798, 21.0635 ], [ -86.77976, 21.06326 ], [ -86.77959, 21.06255 ], [ -86.77957, 21.06231 ], [ -86.77957, 21.0621 ], [ -86.77959, 21.06189 ], [ -86.77964, 21.06169 ], [ -86.77975, 21.06133 ], [ -86.77998, 21.06081 ], [ -86.78008, 21.06064 ], [ -86.78019, 21.06047 ], [ -86.78041, 21.06028 ], [ -86.78082, 21.05987 ], [ -86.78115, 21.0596 ], [ -86.78135, 21.05941 ], [ -86.78152, 21.05921 ], [ -86.78167, 21.05897 ], [ -86.78174, 21.05883 ], [ -86.78192, 21.05822 ], [ -86.78199, 21.0579 ], [ -86.78218, 21.05725 ], [ -86.78239, 21.0566 ], [ -86.7826, 21.05612 ], [ -86.78264, 21.05595 ], [ -86.7827, 21.0556 ], [ -86.78271, 21.05541 ], [ -86.78269, 21.05503 ], [ -86.78277, 21.05375 ], [ -86.78286, 21.05303 ], [ -86.78302, 21.05109 ], [ -86.78306, 21.05073 ], [ -86.78312, 21.04999 ], [ -86.78318, 21.0496 ], [ -86.78325, 21.04926 ], [ -86.78331, 21.04888 ], [ -86.7834, 21.04754 ], [ -86.78338, 21.04706 ], [ -86.78335, 21.04682 ], [ -86.78324, 21.04509 ], [ -86.78311, 21.04352 ], [ -86.78309, 21.04313 ], [ -86.78313, 21.04225 ], [ -86.78318, 21.04191 ], [ -86.78331, 21.04124 ], [ -86.78331, 21.04114 ], [ -86.78328, 21.04107 ], [ -86.78318, 21.04098 ], [ -86.78309, 21.04098 ], [ -86.78301, 21.04104 ], [ -86.78293, 21.04116 ], [ -86.78288, 21.04133 ], [ -86.78285, 21.0417 ], [ -86.78286, 21.04194 ], [ -86.78291, 21.04226 ] ] } },
{ "type": "Feature", "properties": { "ciudad_nombre": "Cancún", "encodedLine": "yzl_CfxtpO{Oh@_KVkFOk]yAoOw@ePuCi@Me@Oa@U_@Y}CkDq@q@YWy@c@a@Se@OiDw@i@IwAOk@C{ABm@B}ARg[tEsAJc@@_@E_Co@qD_AmBi@kBu@g@[c@UmAw@sEmC_By@e@[y@q@mB]eBU_B_@gB[iBa@eC_@_Ck@eFgAeIkBmAOQKUCaAYsI{CaCk@kDkAaFgAm@OoHgCmG_CqEoBiDuAwFmCqFkBcDaAqAe@uA_@wBy@cDaAsBw@oE}AsAi@e@YiD{AiDaBcSyIsCiAaBs@uFuBeACg@EcC[iCc@gDc@yDeAeCeAeAi@_CyA}AmAu@{@]q@e@k@wCuBo@y@aCuBIQwAcBYSiBy@sDmBwAm@s@M]Cc@?gBJaAEWGs@a@qAaA{@i@iBu@iA[cAc@[S}@a@qAaAu@_@[KaAKiBAe@EaE{@qAe@iD{Ai@]uA{@eCoBc@c@gBqBcAwAgAwAwC{CuAy@aBqAiBmAcDkCwBmByAaAg@_@}A_Bu@}@s@_A]_@c@[iAs@e@Ka@Ce@Dk@J[JULSTc@t@iA~BiB`DmBbC]^aAv@{@|@_@v@K^M`AA^FtALp@Xn@t@`A\\\\Zd@Vj@RbAR`@JbATn@\\\\XPj@j@|@zAz@~Bb@fCH|A@rAE|D?fHEvDIfC?dBc@bHgA`H_@nBQv@kAnEqBtFWl@s@tAg@vAcAhCgEjJYl@sAzBmAdCqAzBkDpFs@rAw@`AuArBoArBsAbCgA`BaC~Du@hBo@fCQfAQzCAnA@pADjANlA^tBf@fBfCjHPp@b@jCNjDAjBSdDW`BQp@Sr@wAhDeAlBg@t@oCfCiBvAaHhFqDvCaFfD}AtAq@d@iChCwA`BcH|JsCtC{CbCuCbCoBrA{A|@}BhBsDdCk@d@gAbAwAnBc@f@uAjDSn@c@dBYzBI`AGfA?tAFxAHtA^xCt@hFPlBdAnHRrBPj@hDfWfBtNZ|BtAtKRnC@jAE`@s@`DuBxIYfA[h@WZe@Zk@RqAn@gQb@aJ`@cA[c@g@_@Ga@?c@D]JeA`A{@R_Sn@{FPqBUgBDiCR}A`@w@F_HVo@@w@IeB@WAWi@yAoDaCsGsC}GaBoE_CeGKEUFCD@H~@bCbE`K~@fCd@dAPXnFzNFVLLz@MhAKvGQxBMx@Ap@FlAFd@?hDOlBk@fKQxMi@pBVfAVh@?h@GbA{@z@MnZw@bCGT@z@Lp@@t@CTENMR{AHuA^uBPaAj@}BfA_EPiAF_A?wAQgBMs@}@yHUu@qBqEYaAmAcJoBoOkDyVuAqKMkAImAAkA?oAFsA\\\\kCf@aCXy@z@sBfAiBrA}A`BwAp@g@dBeAfJmGtHaG|AgBl@u@nDiFfCmDn@w@fBgBlB_BlFsD|I{G`JoHv@w@p@w@j@{@pAeCbAmCVaAh@cDFy@HoDEaAa@{Ew@kFWkAc@iCMyC?mFJcDJoA^{CPgA|@_Ep@qBt@gB`CeEjCuD`@m@\\\\q@bDcFrImOnAkDzDmJdA}BjBuFtAwFtAeIb@yAJi@Da@EcAB{GNyE@gEGuBDwFAi@K{AUcBSy@Wy@_@}@c@{@aFaI]u@Qu@G_DDc@XiAh@_At@eA`@[bAm@d@QjBe@p@EvA?rB^`EdAd@LjBv@jBp@dAl@`Bx@|BvAxBhBjBxAdAhApEzFd@h@nAhAlCnBdBfAn@\\\\rEdB|A\\\\zAZn@FpCPb@FfAf@|ChBv@ZlBr@r@^XNdBnA`Af@`@FJF\\\\@pAAdBGT?TBHD\\\\H|@^~CbBlD`B~@dA`@j@@Hb@d@bG~FbCfCjAdARH~AnAjAd@fAj@~B`Aj@N|Bx@XFh@@pALh@J|BPzCb@bA@hG`CvCrAjEdBd@VdGnCbGdCxBjAdEbBb@VbA`@rEdBlH~BhDrAxBh@lAf@fAXpBl@vCjAz@^j@^rDvAfB|@VDjGnChA^~CvAtAb@bCt@nDz@|B\\\\rEdBjAXt@X`AXhGrBzBl@vAVt@RtARzDx@dCl@bAPfCn@~Ch@~Cr@nE|@rA^hDnBtEdCbBbA^PxEpClDhB~@^dBP`B?`@E`AO~Am@lBm@zDcApB]dD[j@CnCB`B?n@GlCa@n@Ch@?h@Bf@HfATfBl@`@R`@Td@j@pApAt@`Ad@f@f@`@n@\\\\ZLxBb@~@L`Cd@`Ch@~Ah@`@FdAJd@@jAC~FNnCPbK^fAFrCJlAJbALjAJjGP~ACn@ExIUxHYlACnDFbAHdCXR?LEPS?QKOWOa@IiAEo@@_AH", "data.route.shortName": "Parque Rehoyada", "data.route.longName": "1_Parque Rehoyada", "slug": "ruta-1-parque-rehoyada.4en", "type": "Bus", "color": null, "trips": [ ], "shape_id": "shape_2283" }, "geometry": { "type": "LineString", "coordinates": [ [ -86.78292, 21.04253 ], [ -86.78313, 21.04523 ], [ -86.78325, 21.04715 ], [ -86.78317, 21.04833 ], [ -86.78272, 21.05319 ], [ -86.78244, 21.05583 ], [ -86.78169, 21.05858 ], [ -86.78162, 21.05879 ], [ -86.78154, 21.05898 ], [ -86.78143, 21.05915 ], [ -86.7813, 21.05931 ], [ -86.78044, 21.0601 ], [ -86.78019, 21.06035 ], [ -86.78007, 21.06048 ], [ -86.77989, 21.06077 ], [ -86.77979, 21.06094 ], [ -86.77971, 21.06113 ], [ -86.77943, 21.06198 ], [ -86.77938, 21.06219 ], [ -86.7793, 21.06263 ], [ -86.77928, 21.06285 ], [ -86.7793, 21.06331 ], [ -86.77932, 21.06354 ], [ -86.77942, 21.06401 ], [ -86.78049, 21.06853 ], [ -86.78055, 21.06895 ], [ -86.78056, 21.06913 ], [ -86.78053, 21.06929 ], [ -86.78029, 21.06993 ], [ -86.77997, 21.07082 ], [ -86.77976, 21.07137 ], [ -86.77949, 21.07191 ], [ -86.77935, 21.07211 ], [ -86.77924, 21.07229 ], [ -86.77896, 21.07268 ], [ -86.77825, 21.07374 ], [ -86.77796, 21.07422 ], [ -86.77782, 21.07441 ], [ -86.77757, 21.0747 ], [ -86.77742, 21.07525 ], [ -86.77731, 21.07576 ], [ -86.77715, 21.07624 ], [ -86.77701, 21.07676 ], [ -86.77684, 21.07729 ], [ -86.77668, 21.07796 ], [ -86.77646, 21.0786 ], [ -86.7761, 21.07975 ], [ -86.77556, 21.08138 ], [ -86.77548, 21.08177 ], [ -86.77542, 21.08186 ], [ -86.7754, 21.08197 ], [ -86.77527, 21.0823 ], [ -86.77449, 21.084 ], [ -86.77427, 21.08465 ], [ -86.77389, 21.08551 ], [ -86.77353, 21.08664 ], [ -86.77345, 21.08687 ], [ -86.77277, 21.08839 ], [ -86.77213, 21.08974 ], [ -86.77157, 21.09079 ], [ -86.77114, 21.09164 ], [ -86.77043, 21.09288 ], [ -86.76989, 21.09409 ], [ -86.76956, 21.09491 ], [ -86.76937, 21.09532 ], [ -86.76921, 21.09575 ], [ -86.76892, 21.09635 ], [ -86.76859, 21.09717 ], [ -86.76831, 21.09775 ], [ -86.76784, 21.09879 ], [ -86.76763, 21.09921 ], [ -86.7675, 21.0994 ], [ -86.76704, 21.10025 ], [ -86.76655, 21.1011 ], [ -86.76482, 21.10432 ], [ -86.76445, 21.10506 ], [ -86.76419, 21.10555 ], [ -86.7636, 21.10678 ], [ -86.76358, 21.10713 ], [ -86.76355, 21.10733 ], [ -86.76341, 21.10799 ], [ -86.76323, 21.10868 ], [ -86.76305, 21.10952 ], [ -86.7627, 21.11045 ], [ -86.76235, 21.11112 ], [ -86.76214, 21.11147 ], [ -86.76169, 21.11211 ], [ -86.7613, 21.11258 ], [ -86.761, 21.11285 ], [ -86.76075, 21.113 ], [ -86.76053, 21.11319 ], [ -86.75994, 21.11395 ], [ -86.75965, 21.11419 ], [ -86.75906, 21.11484 ], [ -86.75897, 21.11489 ], [ -86.75847, 21.11533 ], [ -86.75837, 21.11546 ], [ -86.75808, 21.11599 ], [ -86.75753, 21.11689 ], [ -86.7573, 21.11733 ], [ -86.75723, 21.11759 ], [ -86.75721, 21.11774 ], [ -86.75721, 21.11792 ], [ -86.75727, 21.11844 ], [ -86.75724, 21.11877 ], [ -86.7572, 21.11889 ], [ -86.75703, 21.11915 ], [ -86.7567, 21.11956 ], [ -86.75649, 21.11986 ], [ -86.75622, 21.12039 ], [ -86.75608, 21.12076 ], [ -86.7559, 21.1211 ], [ -86.7558, 21.12124 ], [ -86.75563, 21.12155 ], [ -86.7553, 21.12196 ], [ -86.75514, 21.12223 ], [ -86.75508, 21.12237 ], [ -86.75502, 21.1227 ], [ -86.75501, 21.12323 ], [ -86.75498, 21.12342 ], [ -86.75468, 21.12439 ], [ -86.75449, 21.1248 ], [ -86.75403, 21.12565 ], [ -86.75388, 21.12586 ], [ -86.75358, 21.12629 ], [ -86.75302, 21.12696 ], [ -86.75284, 21.12714 ], [ -86.75227, 21.12766 ], [ -86.75183, 21.128 ], [ -86.75139, 21.12836 ], [ -86.75061, 21.12912 ], [ -86.75032, 21.12955 ], [ -86.74991, 21.13004 ], [ -86.74952, 21.13057 ], [ -86.74882, 21.13139 ], [ -86.74827, 21.13199 ], [ -86.74794, 21.13244 ], [ -86.74778, 21.13264 ], [ -86.7473, 21.13311 ], [ -86.74699, 21.13338 ], [ -86.74667, 21.13364 ], [ -86.74651, 21.13379 ], [ -86.74637, 21.13397 ], [ -86.74611, 21.13434 ], [ -86.74605, 21.13453 ], [ -86.74603, 21.1347 ], [ -86.74606, 21.13489 ], [ -86.74612, 21.13511 ], [ -86.74618, 21.13525 ], [ -86.74625, 21.13536 ], [ -86.74636, 21.13546 ], [ -86.74663, 21.13564 ], [ -86.74727, 21.13601 ], [ -86.74808, 21.13654 ], [ -86.74874, 21.13709 ], [ -86.7489, 21.13724 ], [ -86.74918, 21.13757 ], [ -86.74949, 21.13787 ], [ -86.74977, 21.13803 ], [ -86.74993, 21.13809 ], [ -86.75026, 21.13816 ], [ -86.75042, 21.13817 ], [ -86.75085, 21.13813 ], [ -86.7511, 21.13806 ], [ -86.75134, 21.13793 ], [ -86.75167, 21.13766 ], [ -86.75181, 21.13751 ], [ -86.75193, 21.13732 ], [ -86.75203, 21.1371 ], [ -86.75213, 21.13676 ], [ -86.75219, 21.13659 ], [ -86.7523, 21.13625 ], [ -86.75245, 21.13601 ], [ -86.75254, 21.13588 ], [ -86.75276, 21.13566 ], [ -86.75322, 21.13535 ], [ -86.75386, 21.13505 ], [ -86.75454, 21.13487 ], [ -86.75501, 21.13482 ], [ -86.75543, 21.13481 ], [ -86.75638, 21.13484 ], [ -86.75786, 21.13484 ], [ -86.75878, 21.13487 ], [ -86.75946, 21.13492 ], [ -86.75997, 21.13492 ], [ -86.76143, 21.1351 ], [ -86.76288, 21.13546 ], [ -86.76344, 21.13562 ], [ -86.76372, 21.13571 ], [ -86.76476, 21.13609 ], [ -86.76599, 21.13666 ], [ -86.76622, 21.13678 ], [ -86.76665, 21.13704 ], [ -86.76709, 21.13724 ], [ -86.76778, 21.13758 ], [ -86.7696, 21.13858 ], [ -86.76983, 21.13871 ], [ -86.77045, 21.13913 ], [ -86.77112, 21.13952 ], [ -86.77174, 21.13993 ], [ -86.77295, 21.14079 ], [ -86.77337, 21.14105 ], [ -86.7737, 21.14133 ], [ -86.77428, 21.14176 ], [ -86.77486, 21.14216 ], [ -86.77552, 21.14258 ], [ -86.77601, 21.14294 ], [ -86.77697, 21.14359 ], [ -86.7775, 21.14386 ], [ -86.77818, 21.1441 ], [ -86.77854, 21.14419 ], [ -86.77932, 21.14428 ], [ -86.77972, 21.14429 ], [ -86.78013, 21.14428 ], [ -86.78051, 21.14425 ], [ -86.7809, 21.14417 ], [ -86.78149, 21.14401 ], [ -86.78201, 21.14381 ], [ -86.78351, 21.14313 ], [ -86.78376, 21.14304 ], [ -86.78446, 21.14286 ], [ -86.78532, 21.14278 ], [ -86.78586, 21.14279 ], [ -86.78669, 21.14289 ], [ -86.78718, 21.14301 ], [ -86.78743, 21.1431 ], [ -86.78769, 21.1432 ], [ -86.78854, 21.14364 ], [ -86.78909, 21.14399 ], [ -86.78936, 21.14419 ], [ -86.79004, 21.14491 ], [ -86.79048, 21.14544 ], [ -86.79165, 21.14689 ], [ -86.79241, 21.14778 ], [ -86.79325, 21.14891 ], [ -86.79368, 21.14938 ], [ -86.79387, 21.14963 ], [ -86.79456, 21.15032 ], [ -86.79505, 21.15076 ], [ -86.79696, 21.15222 ], [ -86.79771, 21.15296 ], [ -86.79837, 21.15374 ], [ -86.79903, 21.15449 ], [ -86.79945, 21.15505 ], [ -86.79976, 21.15551 ], [ -86.80029, 21.15614 ], [ -86.80096, 21.15704 ], [ -86.80115, 21.15726 ], [ -86.80149, 21.15762 ], [ -86.80205, 21.15806 ], [ -86.80225, 21.15824 ], [ -86.80311, 21.15867 ], [ -86.80335, 21.15877 ], [ -86.80386, 21.15895 ], [ -86.80448, 21.15908 ], [ -86.80481, 21.15913 ], [ -86.80517, 21.15917 ], [ -86.8056, 21.15917 ], [ -86.80605, 21.15913 ], [ -86.80648, 21.15908 ], [ -86.80725, 21.15892 ], [ -86.80842, 21.15865 ], [ -86.80897, 21.15856 ], [ -86.81049, 21.15821 ], [ -86.81107, 21.15811 ], [ -86.81129, 21.15802 ], [ -86.81517, 21.15717 ], [ -86.81768, 21.15665 ], [ -86.81831, 21.15651 ], [ -86.82034, 21.15608 ], [ -86.82106, 21.15598 ], [ -86.82144, 21.15597 ], [ -86.82161, 21.156 ], [ -86.82242, 21.15626 ], [ -86.82415, 21.15685 ], [ -86.82451, 21.15698 ], [ -86.82472, 21.15712 ], [ -86.82486, 21.15724 ], [ -86.825, 21.15743 ], [ -86.8251, 21.15765 ], [ -86.82534, 21.15806 ], [ -86.82552, 21.16098 ], [ -86.82569, 21.16275 ], [ -86.82555, 21.16309 ], [ -86.82535, 21.16327 ], [ -86.82531, 21.16343 ], [ -86.82531, 21.1636 ], [ -86.82534, 21.16378 ], [ -86.8254, 21.16393 ], [ -86.82573, 21.16428 ], [ -86.82583, 21.16458 ], [ -86.82607, 21.16778 ], [ -86.82616, 21.16904 ], [ -86.82605, 21.16961 ], [ -86.82608, 21.17013 ], [ -86.82618, 21.17082 ], [ -86.82635, 21.17129 ], [ -86.82639, 21.17157 ], [ -86.82651, 21.17301 ], [ -86.82652, 21.17325 ], [ -86.82647, 21.17353 ], [ -86.82648, 21.17404 ], [ -86.82647, 21.17416 ], [ -86.82626, 21.17428 ], [ -86.82538, 21.17473 ], [ -86.824, 21.17538 ], [ -86.82257, 21.17612 ], [ -86.82153, 21.17661 ], [ -86.82022, 21.17725 ], [ -86.82019, 21.17731 ], [ -86.82023, 21.17742 ], [ -86.82026, 21.17744 ], [ -86.82031, 21.17743 ], [ -86.82097, 21.17711 ], [ -86.8229, 21.17613 ], [ -86.82358, 21.17581 ], [ -86.82393, 21.17562 ], [ -86.82406, 21.17553 ], [ -86.8266, 21.17433 ], [ -86.82672, 21.17429 ], [ -86.82679, 21.17422 ], [ -86.82672, 21.17392 ], [ -86.82666, 21.17355 ], [ -86.82657, 21.17215 ], [ -86.8265, 21.17154 ], [ -86.82649, 21.17125 ], [ -86.82653, 21.171 ], [ -86.82657, 21.17061 ], [ -86.82657, 21.17042 ], [ -86.82649, 21.16957 ], [ -86.82627, 21.16902 ], [ -86.82618, 21.16706 ], [ -86.82597, 21.16469 ], [ -86.82609, 21.16412 ], [ -86.82621, 21.16376 ], [ -86.82621, 21.16355 ], [ -86.82617, 21.16334 ], [ -86.82587, 21.163 ], [ -86.8258, 21.1627 ], [ -86.82552, 21.1583 ], [ -86.82548, 21.15764 ], [ -86.82549, 21.15753 ], [ -86.82556, 21.15723 ], [ -86.82557, 21.15698 ], [ -86.82555, 21.15671 ], [ -86.82552, 21.1566 ], [ -86.82545, 21.15652 ], [ -86.82499, 21.15642 ], [ -86.82456, 21.15637 ], [ -86.82397, 21.15621 ], [ -86.82364, 21.15612 ], [ -86.82301, 21.1559 ], [ -86.82205, 21.15554 ], [ -86.82168, 21.15545 ], [ -86.82136, 21.15541 ], [ -86.82092, 21.15541 ], [ -86.8204, 21.1555 ], [ -86.82014, 21.15557 ], [ -86.81857, 21.15588 ], [ -86.8183, 21.15599 ], [ -86.81725, 21.15656 ], [ -86.81692, 21.15669 ], [ -86.81514, 21.15708 ], [ -86.8125, 21.15764 ], [ -86.80869, 21.1585 ], [ -86.80668, 21.15893 ], [ -86.8063, 21.159 ], [ -86.80591, 21.15905 ], [ -86.80553, 21.15906 ], [ -86.80513, 21.15906 ], [ -86.80471, 21.15902 ], [ -86.80401, 21.15887 ], [ -86.80336, 21.15867 ], [ -86.80307, 21.15854 ], [ -86.80249, 21.15824 ], [ -86.80196, 21.15788 ], [ -86.80149, 21.15746 ], [ -86.80105, 21.15697 ], [ -86.80085, 21.15672 ], [ -86.8005, 21.15621 ], [ -86.79915, 21.15441 ], [ -86.79786, 21.15286 ], [ -86.79734, 21.15239 ], [ -86.79707, 21.15216 ], [ -86.7959, 21.15128 ], [ -86.79503, 21.1506 ], [ -86.79475, 21.15036 ], [ -86.79423, 21.14984 ], [ -86.79375, 21.14929 ], [ -86.79285, 21.1481 ], [ -86.79143, 21.14635 ], [ -86.78991, 21.14458 ], [ -86.78963, 21.1443 ], [ -86.78935, 21.14405 ], [ -86.78905, 21.14383 ], [ -86.78838, 21.14342 ], [ -86.78767, 21.14308 ], [ -86.78734, 21.14296 ], [ -86.78652, 21.14275 ], [ -86.78623, 21.14271 ], [ -86.78535, 21.14266 ], [ -86.78502, 21.14269 ], [ -86.78392, 21.14286 ], [ -86.78274, 21.14314 ], [ -86.78236, 21.14326 ], [ -86.78167, 21.14344 ], [ -86.7809, 21.14351 ], [ -86.77971, 21.14351 ], [ -86.77889, 21.14345 ], [ -86.77849, 21.14339 ], [ -86.77771, 21.14323 ], [ -86.77735, 21.14314 ], [ -86.77639, 21.14283 ], [ -86.77582, 21.14258 ], [ -86.7753, 21.14231 ], [ -86.77431, 21.14166 ], [ -86.7734, 21.14096 ], [ -86.77317, 21.14079 ], [ -86.77292, 21.14064 ], [ -86.77178, 21.13982 ], [ -86.76915, 21.13812 ], [ -86.76829, 21.13772 ], [ -86.76646, 21.13678 ], [ -86.76583, 21.13643 ], [ -86.7646, 21.13589 ], [ -86.76336, 21.13546 ], [ -86.76173, 21.13503 ], [ -86.76128, 21.13485 ], [ -86.76107, 21.13479 ], [ -86.7609, 21.13476 ], [ -86.76056, 21.13479 ], [ -86.75914, 21.13477 ], [ -86.75805, 21.13469 ], [ -86.75705, 21.13468 ], [ -86.75646, 21.13472 ], [ -86.75522, 21.13469 ], [ -86.75501, 21.1347 ], [ -86.75455, 21.13476 ], [ -86.75405, 21.13487 ], [ -86.75376, 21.13497 ], [ -86.75347, 21.13509 ], [ -86.75316, 21.13525 ], [ -86.75286, 21.13543 ], [ -86.75125, 21.13656 ], [ -86.75098, 21.13671 ], [ -86.75071, 21.1368 ], [ -86.74991, 21.13684 ], [ -86.74973, 21.13681 ], [ -86.74936, 21.13668 ], [ -86.74904, 21.13647 ], [ -86.74869, 21.1362 ], [ -86.74855, 21.13603 ], [ -86.74832, 21.13569 ], [ -86.74823, 21.1355 ], [ -86.74804, 21.13496 ], [ -86.74801, 21.13471 ], [ -86.74801, 21.13427 ], [ -86.74817, 21.13369 ], [ -86.74852, 21.13272 ], [ -86.74859, 21.13253 ], [ -86.74887, 21.13199 ], [ -86.74912, 21.13145 ], [ -86.74935, 21.1311 ], [ -86.74964, 21.13061 ], [ -86.75008, 21.12998 ], [ -86.75061, 21.12937 ], [ -86.75106, 21.12883 ], [ -86.75143, 21.12848 ], [ -86.75269, 21.12743 ], [ -86.7529, 21.12724 ], [ -86.75327, 21.12684 ], [ -86.75383, 21.12613 ], [ -86.75419, 21.12562 ], [ -86.75434, 21.12538 ], [ -86.75485, 21.12432 ], [ -86.755, 21.12385 ], [ -86.75514, 21.12339 ], [ -86.75518, 21.12315 ], [ -86.75527, 21.12242 ], [ -86.75531, 21.12224 ], [ -86.75551, 21.12188 ], [ -86.75604, 21.12109 ], [ -86.75618, 21.12081 ], [ -86.75644, 21.12026 ], [ -86.7566, 21.12 ], [ -86.75668, 21.11987 ], [ -86.75708, 21.11936 ], [ -86.75728, 21.11903 ], [ -86.75732, 21.11886 ], [ -86.75736, 21.1188 ], [ -86.75737, 21.11865 ], [ -86.75736, 21.11824 ], [ -86.75732, 21.11773 ], [ -86.75732, 21.11762 ], [ -86.75734, 21.11751 ], [ -86.75737, 21.11746 ], [ -86.75742, 21.11731 ], [ -86.75758, 21.117 ], [ -86.75808, 21.1162 ], [ -86.75857, 21.11533 ], [ -86.75892, 21.11501 ], [ -86.75914, 21.11484 ], [ -86.75919, 21.11483 ], [ -86.75938, 21.11465 ], [ -86.76066, 21.11335 ], [ -86.76134, 21.11269 ], [ -86.76169, 21.11231 ], [ -86.76174, 21.11221 ], [ -86.76214, 21.11173 ], [ -86.76233, 21.11135 ], [ -86.76255, 21.11099 ], [ -86.76288, 21.11035 ], [ -86.76296, 21.11013 ], [ -86.76325, 21.1095 ], [ -86.76329, 21.10937 ], [ -86.7633, 21.10916 ], [ -86.76337, 21.10875 ], [ -86.76343, 21.10854 ], [ -86.76352, 21.10791 ], [ -86.7637, 21.10713 ], [ -86.76371, 21.10679 ], [ -86.76436, 21.10546 ], [ -86.76478, 21.1047 ], [ -86.76529, 21.10368 ], [ -86.76541, 21.10349 ], [ -86.76613, 21.10218 ], [ -86.7668, 21.10088 ], [ -86.76718, 21.10027 ], [ -86.76768, 21.09928 ], [ -86.7678, 21.0991 ], [ -86.76797, 21.09876 ], [ -86.76848, 21.0977 ], [ -86.76912, 21.09619 ], [ -86.76954, 21.09534 ], [ -86.76975, 21.09473 ], [ -86.76995, 21.09434 ], [ -86.77008, 21.09398 ], [ -86.77031, 21.09341 ], [ -86.77069, 21.09265 ], [ -86.77085, 21.09235 ], [ -86.77101, 21.09213 ], [ -86.77145, 21.09123 ], [ -86.77176, 21.09071 ], [ -86.77179, 21.09059 ], [ -86.77251, 21.08925 ], [ -86.77267, 21.08888 ], [ -86.77311, 21.08808 ], [ -86.77329, 21.08765 ], [ -86.77356, 21.08699 ], [ -86.77386, 21.08611 ], [ -86.77401, 21.08548 ], [ -86.77452, 21.08442 ], [ -86.77465, 21.08404 ], [ -86.77478, 21.08377 ], [ -86.77491, 21.08344 ], [ -86.77549, 21.08211 ], [ -86.77572, 21.08149 ], [ -86.77584, 21.08105 ], [ -86.77594, 21.08078 ], [ -86.77604, 21.08035 ], [ -86.77633, 21.07941 ], [ -86.77656, 21.07874 ], [ -86.77665, 21.0784 ], [ -86.77689, 21.07772 ], [ -86.7771, 21.07692 ], [ -86.77736, 21.07612 ], [ -86.77767, 21.07508 ], [ -86.77783, 21.07466 ], [ -86.77839, 21.07381 ], [ -86.77906, 21.07274 ], [ -86.7794, 21.07224 ], [ -86.77949, 21.07208 ], [ -86.78022, 21.07099 ], [ -86.78075, 21.07012 ], [ -86.78091, 21.0698 ], [ -86.781, 21.06929 ], [ -86.781, 21.0688 ], [ -86.78097, 21.06863 ], [ -86.78089, 21.0683 ], [ -86.78066, 21.06782 ], [ -86.78043, 21.06727 ], [ -86.78009, 21.06633 ], [ -86.77994, 21.06576 ], [ -86.7798, 21.06493 ], [ -86.77978, 21.06471 ], [ -86.7798, 21.06399 ], [ -86.7798, 21.0635 ], [ -86.77976, 21.06326 ], [ -86.77959, 21.06255 ], [ -86.77957, 21.06231 ], [ -86.77957, 21.0621 ], [ -86.77959, 21.06189 ], [ -86.77964, 21.06169 ], [ -86.77975, 21.06133 ], [ -86.77998, 21.06081 ], [ -86.78008, 21.06064 ], [ -86.78019, 21.06047 ], [ -86.78041, 21.06028 ], [ -86.78082, 21.05987 ], [ -86.78115, 21.0596 ], [ -86.78135, 21.05941 ], [ -86.78152, 21.05921 ], [ -86.78167, 21.05897 ], [ -86.78174, 21.05883 ], [ -86.78192, 21.05822 ], [ -86.78199, 21.0579 ], [ -86.78218, 21.05725 ], [ -86.78239, 21.0566 ], [ -86.7826, 21.05612 ], [ -86.78264, 21.05595 ], [ -86.7827, 21.0556 ], [ -86.78271, 21.05541 ], [ -86.78269, 21.05503 ], [ -86.78277, 21.05375 ], [ -86.78286, 21.05303 ], [ -86.78302, 21.05109 ], [ -86.78306, 21.05073 ], [ -86.78312, 21.04999 ], [ -86.78318, 21.0496 ], [ -86.78325, 21.04926 ], [ -86.78331, 21.04888 ], [ -86.7834, 21.04754 ], [ -86.78338, 21.04706 ], [ -86.78335, 21.04682 ], [ -86.78324, 21.04509 ], [ -86.78311, 21.04352 ], [ -86.78309, 21.04313 ], [ -86.78313, 21.04225 ], [ -86.78318, 21.04191 ], [ -86.78331, 21.04124 ], [ -86.78331, 21.04114 ], [ -86.78328, 21.04107 ], [ -86.78318, 21.04098 ], [ -86.78309, 21.04098 ], [ -86.78301, 21.04104 ], [ -86.78293, 21.04116 ], [ -86.78288, 21.04133 ], [ -86.78285, 21.0417 ], [ -86.78286, 21.04194 ], [ -86.78291, 21.04226 ] ] } },
{ "type": "Feature", "properties": { "ciudad_nombre": "Cancún", "encodedLine": "yzl_CfxtpO{Oh@_KVkFOk]yAoOw@ePuCi@Me@Oa@U_@Y}CkDq@q@YWy@c@a@Se@OiDw@i@IwAOk@C{ABm@B}ARg[tEsAJc@@_@E_Co@qD_AmBi@kBu@g@[c@UmAw@sEmC_By@e@[y@q@mB]eBU_B_@gB[iBa@eC_@_Ck@eFgAeIkBmAOQKUCaAYsI{CaCk@kDkAaFgAm@OoHgCmG_CqEoBiDuAwFmCqFkBcDaAqAe@uA_@wBy@cDaAsBw@oE}AsAi@e@YiD{AiDaBcSyIsCiAaBs@uFuBeACg@EcC[iCc@gDc@yDeAeCeAeAi@_CyA}AmAu@{@]q@e@k@wCuBo@y@aCuBIQwAcBYSiBy@sDmBwAm@s@M]Cc@?gBJaAEWGs@a@qAaA{@i@iBu@iA[cAc@[S}@a@qAaAu@_@[KaAKiBAe@EoB_@qA[i@Qg@SiD{A_CyAeCoBc@c@gBqBcAwAgAwAwC{CuAy@aBqAiBmAcDkCwBmByAaAg@_@}A_Bu@}@s@_A]_@c@[iAs@e@Ka@Ce@Dk@J[JULe@n@{AzCiB`DmBbC]^aAv@{@|@_@v@K^M`AA^FtALp@Xn@t@`A\\\\Zd@Vj@RbAR`@JbATn@\\\\XPj@j@|@zAz@~BXxAHl@JhCEjG?`GEvDIfC?dBc@bHgA`H_@nBQv@kAnEqBtFWl@s@tAg@vAcAhCaFxKsAzBmAdCu@pAgEzGs@rAw@`AuArBoArBsAbCgA`BaC~Du@hBo@fCQfAQzC?`DDjANlA^tBf@fBfCjHPp@b@jCNjDAjBSdDW`BQp@Sr@wAhDeAlBg@t@oCfCiBvAaHhFqDvCaFfD}AtAq@d@iChCwA`BcH|JsCtC{CbCuCbCoBrA{A|@}BhBsDdCk@d@gAbAwAnBc@f@_A|Bi@|Ac@dBYzBI`AGfA?tAFxAHtA^xCt@hFPlBdAnHRrBPj@hDfWfBtNZ|BtAtKTdD?t@E`@Kf@}CrMYfAaAjC}Ed@sXx@iBCc@{@iBEu@`@eA~@mQp@iJVqA_@eBFgDR}@^oLR_BA{@NoGePWT`BtE~D|Jz@g@~M]fF@`CGpB]`Ng@rN]n@d@v@Lx@KlA}@dFYtSe@`DGjCT~Aa@VyACgBl@cBPaAj@}BfA_EPiAF_A?wAQgBMs@}@yHUu@qBqEYaAOeAmDmXkDyVuAqKMkAImAAkA?oAFsALiA`@cCT_AXy@z@sB`@u@d@s@rA}A`BwAp@g@dBeAfJmGtHaG|AgBl@u@nDiFfCmDn@w@fBgBlB_BlFsD|I{G`JoHv@w@p@w@j@{@pAeCbAmCVaAh@cDFy@HoDEaAa@{Ew@kFWkAc@iCMyC?mFJcDJoA^{CPgA|@_Ep@qBt@gB`CeEjCuD`@m@\\\\q@bDcFrImOnAkDzDmJdA}BjBuFtAwFtAeIb@yAJi@Da@EcAB{GNyE@gEGuBDwFAi@K{AUcBSy@Wy@_@}@c@{@aFaI]u@Qu@G_DDc@XiAh@_At@eA`@[bAm@d@QjBe@p@EvA?rB^`EdAd@LjBv@jBp@dAl@`Bx@|BvAxBhBjBxAdAhAvFdHnAhAn@f@|AfAdBfAn@\\\\rEdBxDx@n@FpCPb@FfAf@|ChBv@ZlBr@r@^XNdBnA`Af@`@FJF\\\\@pAAzBGTBHD\\\\H|@^~CbBlD`B~@dA`@j@@Hb@d@bG~FbCfCjAdARH~AnAjAd@fAj@~B`Aj@N|Bx@XFh@@pALh@J|BPzCb@bA@hG`CvCrAjEdBd@VdGnCbGdCxBjAdEbBb@VbA`@rEdBlH~BhDrAxBh@lAf@fAXpBl@vCjAz@^j@^rDvAfB|@VDjGnChA^~CvAtAb@bCt@nDz@|B\\\\rEdBjAXt@X`AXhGrBzBl@vAVt@RtARzDx@dCl@bAPfCn@~Ch@~Cr@nE|@rA^hDnBtEdCbBbA^PxEpClDhB~@^dBP`B?`@E`AO~Am@lBm@zDcApB]dD[j@CnCB`B?n@GlCa@n@Ch@?h@Bf@HfATfBl@`@R`@Td@j@pApAt@`Ad@f@f@`@n@\\\\ZLxBb@~@L`Cd@`Ch@~Ah@`@FdAJd@@jAC~FNnCPbK^fAFrCJlAJbALjAJjGP~ACn@ExIUxHYlACnDFbAHdCXR?LEPS?QKOWOa@IiAEo@@_AH", "data.route.shortName": "Parque Rehoyada", "data.route.longName": "3_Parque Rehoyada", "slug": "ruta-3-parque-rehoyada.4f5", "type": "Bus", "color": null, "trips": [ ], "shape_id": "shape_2300" }, "geometry": { "type": "LineString", "coordinates": [ [ -86.78292, 21.04253 ], [ -86.78313, 21.04523 ], [ -86.78325, 21.04715 ], [ -86.78317, 21.04833 ], [ -86.78272, 21.05319 ], [ -86.78244, 21.05583 ], [ -86.78169, 21.05858 ], [ -86.78162, 21.05879 ], [ -86.78154, 21.05898 ], [ -86.78143, 21.05915 ], [ -86.7813, 21.05931 ], [ -86.78044, 21.0601 ], [ -86.78019, 21.06035 ], [ -86.78007, 21.06048 ], [ -86.77989, 21.06077 ], [ -86.77979, 21.06094 ], [ -86.77971, 21.06113 ], [ -86.77943, 21.06198 ], [ -86.77938, 21.06219 ], [ -86.7793, 21.06263 ], [ -86.77928, 21.06285 ], [ -86.7793, 21.06331 ], [ -86.77932, 21.06354 ], [ -86.77942, 21.06401 ], [ -86.78049, 21.06853 ], [ -86.78055, 21.06895 ], [ -86.78056, 21.06913 ], [ -86.78053, 21.06929 ], [ -86.78029, 21.06993 ], [ -86.77997, 21.07082 ], [ -86.77976, 21.07137 ], [ -86.77949, 21.07191 ], [ -86.77935, 21.07211 ], [ -86.77924, 21.07229 ], [ -86.77896, 21.07268 ], [ -86.77825, 21.07374 ], [ -86.77796, 21.07422 ], [ -86.77782, 21.07441 ], [ -86.77757, 21.0747 ], [ -86.77742, 21.07525 ], [ -86.77731, 21.07576 ], [ -86.77715, 21.07624 ], [ -86.77701, 21.07676 ], [ -86.77684, 21.07729 ], [ -86.77668, 21.07796 ], [ -86.77646, 21.0786 ], [ -86.7761, 21.07975 ], [ -86.77556, 21.08138 ], [ -86.77548, 21.08177 ], [ -86.77542, 21.08186 ], [ -86.7754, 21.08197 ], [ -86.77527, 21.0823 ], [ -86.77449, 21.084 ], [ -86.77427, 21.08465 ], [ -86.77389, 21.08551 ], [ -86.77353, 21.08664 ], [ -86.77345, 21.08687 ], [ -86.77277, 21.08839 ], [ -86.77213, 21.08974 ], [ -86.77157, 21.09079 ], [ -86.77114, 21.09164 ], [ -86.77043, 21.09288 ], [ -86.76989, 21.09409 ], [ -86.76956, 21.09491 ], [ -86.76937, 21.09532 ], [ -86.76921, 21.09575 ], [ -86.76892, 21.09635 ], [ -86.76859, 21.09717 ], [ -86.76831, 21.09775 ], [ -86.76784, 21.09879 ], [ -86.76763, 21.09921 ], [ -86.7675, 21.0994 ], [ -86.76704, 21.10025 ], [ -86.76655, 21.1011 ], [ -86.76482, 21.10432 ], [ -86.76445, 21.10506 ], [ -86.76419, 21.10555 ], [ -86.7636, 21.10678 ], [ -86.76358, 21.10713 ], [ -86.76355, 21.10733 ], [ -86.76341, 21.10799 ], [ -86.76323, 21.10868 ], [ -86.76305, 21.10952 ], [ -86.7627, 21.11045 ], [ -86.76235, 21.11112 ], [ -86.76214, 21.11147 ], [ -86.76169, 21.11211 ], [ -86.7613, 21.11258 ], [ -86.761, 21.11285 ], [ -86.76075, 21.113 ], [ -86.76053, 21.11319 ], [ -86.75994, 21.11395 ], [ -86.75965, 21.11419 ], [ -86.75906, 21.11484 ], [ -86.75897, 21.11489 ], [ -86.75847, 21.11533 ], [ -86.75837, 21.11546 ], [ -86.75808, 21.11599 ], [ -86.75753, 21.11689 ], [ -86.7573, 21.11733 ], [ -86.75723, 21.11759 ], [ -86.75721, 21.11774 ], [ -86.75721, 21.11792 ], [ -86.75727, 21.11844 ], [ -86.75724, 21.11877 ], [ -86.7572, 21.11889 ], [ -86.75703, 21.11915 ], [ -86.7567, 21.11956 ], [ -86.75649, 21.11986 ], [ -86.75622, 21.12039 ], [ -86.75608, 21.12076 ], [ -86.7559, 21.1211 ], [ -86.7558, 21.12124 ], [ -86.75563, 21.12155 ], [ -86.7553, 21.12196 ], [ -86.75514, 21.12223 ], [ -86.75508, 21.12237 ], [ -86.75502, 21.1227 ], [ -86.75501, 21.12323 ], [ -86.75498, 21.12342 ], [ -86.75482, 21.12398 ], [ -86.75468, 21.12439 ], [ -86.75459, 21.1246 ], [ -86.75449, 21.1248 ], [ -86.75403, 21.12565 ], [ -86.75358, 21.12629 ], [ -86.75302, 21.12696 ], [ -86.75284, 21.12714 ], [ -86.75227, 21.12766 ], [ -86.75183, 21.128 ], [ -86.75139, 21.12836 ], [ -86.75061, 21.12912 ], [ -86.75032, 21.12955 ], [ -86.74991, 21.13004 ], [ -86.74952, 21.13057 ], [ -86.74882, 21.13139 ], [ -86.74827, 21.13199 ], [ -86.74794, 21.13244 ], [ -86.74778, 21.13264 ], [ -86.7473, 21.13311 ], [ -86.74699, 21.13338 ], [ -86.74667, 21.13364 ], [ -86.74651, 21.13379 ], [ -86.74637, 21.13397 ], [ -86.74611, 21.13434 ], [ -86.74605, 21.13453 ], [ -86.74603, 21.1347 ], [ -86.74606, 21.13489 ], [ -86.74612, 21.13511 ], [ -86.74618, 21.13525 ], [ -86.74625, 21.13536 ], [ -86.74649, 21.13555 ], [ -86.74727, 21.13601 ], [ -86.74808, 21.13654 ], [ -86.74874, 21.13709 ], [ -86.7489, 21.13724 ], [ -86.74918, 21.13757 ], [ -86.74949, 21.13787 ], [ -86.74977, 21.13803 ], [ -86.74993, 21.13809 ], [ -86.75026, 21.13816 ], [ -86.75042, 21.13817 ], [ -86.75085, 21.13813 ], [ -86.7511, 21.13806 ], [ -86.75134, 21.13793 ], [ -86.75167, 21.13766 ], [ -86.75181, 21.13751 ], [ -86.75193, 21.13732 ], [ -86.75203, 21.1371 ], [ -86.75213, 21.13676 ], [ -86.75219, 21.13659 ], [ -86.7523, 21.13625 ], [ -86.75245, 21.13601 ], [ -86.75254, 21.13588 ], [ -86.75276, 21.13566 ], [ -86.75322, 21.13535 ], [ -86.75386, 21.13505 ], [ -86.75431, 21.13492 ], [ -86.75454, 21.13487 ], [ -86.75523, 21.13481 ], [ -86.75657, 21.13484 ], [ -86.75786, 21.13484 ], [ -86.75878, 21.13487 ], [ -86.75946, 21.13492 ], [ -86.75997, 21.13492 ], [ -86.76143, 21.1351 ], [ -86.76288, 21.13546 ], [ -86.76344, 21.13562 ], [ -86.76372, 21.13571 ], [ -86.76476, 21.13609 ], [ -86.76599, 21.13666 ], [ -86.76622, 21.13678 ], [ -86.76665, 21.13704 ], [ -86.76709, 21.13724 ], [ -86.76778, 21.13758 ], [ -86.76983, 21.13871 ], [ -86.77045, 21.13913 ], [ -86.77112, 21.13952 ], [ -86.77153, 21.13979 ], [ -86.77295, 21.14079 ], [ -86.77337, 21.14105 ], [ -86.7737, 21.14133 ], [ -86.77428, 21.14176 ], [ -86.77486, 21.14216 ], [ -86.77552, 21.14258 ], [ -86.77601, 21.14294 ], [ -86.77697, 21.14359 ], [ -86.7775, 21.14386 ], [ -86.77818, 21.1441 ], [ -86.77854, 21.14419 ], [ -86.77932, 21.14428 ], [ -86.78013, 21.14428 ], [ -86.78051, 21.14425 ], [ -86.7809, 21.14417 ], [ -86.78149, 21.14401 ], [ -86.78201, 21.14381 ], [ -86.78351, 21.14313 ], [ -86.78376, 21.14304 ], [ -86.78446, 21.14286 ], [ -86.78532, 21.14278 ], [ -86.78586, 21.14279 ], [ -86.78669, 21.14289 ], [ -86.78718, 21.14301 ], [ -86.78743, 21.1431 ], [ -86.78769, 21.1432 ], [ -86.78854, 21.14364 ], [ -86.78909, 21.14399 ], [ -86.78936, 21.14419 ], [ -86.79004, 21.14491 ], [ -86.79048, 21.14544 ], [ -86.79165, 21.14689 ], [ -86.79241, 21.14778 ], [ -86.79325, 21.14891 ], [ -86.79368, 21.14938 ], [ -86.79387, 21.14963 ], [ -86.79456, 21.15032 ], [ -86.79505, 21.15076 ], [ -86.79696, 21.15222 ], [ -86.79771, 21.15296 ], [ -86.79837, 21.15374 ], [ -86.79903, 21.15449 ], [ -86.79945, 21.15505 ], [ -86.79976, 21.15551 ], [ -86.80029, 21.15614 ], [ -86.80096, 21.15704 ], [ -86.80115, 21.15726 ], [ -86.80149, 21.15762 ], [ -86.80205, 21.15806 ], [ -86.80225, 21.15824 ], [ -86.80288, 21.15856 ], [ -86.80335, 21.15877 ], [ -86.80386, 21.15895 ], [ -86.80448, 21.15908 ], [ -86.80481, 21.15913 ], [ -86.80517, 21.15917 ], [ -86.8056, 21.15917 ], [ -86.80605, 21.15913 ], [ -86.80648, 21.15908 ], [ -86.80725, 21.15892 ], [ -86.80842, 21.15865 ], [ -86.80897, 21.15856 ], [ -86.81049, 21.15821 ], [ -86.81107, 21.15811 ], [ -86.81129, 21.15802 ], [ -86.81517, 21.15717 ], [ -86.81768, 21.15665 ], [ -86.81831, 21.15651 ], [ -86.82034, 21.15608 ], [ -86.82117, 21.15597 ], [ -86.82144, 21.15597 ], [ -86.82161, 21.156 ], [ -86.82181, 21.15606 ], [ -86.82415, 21.15685 ], [ -86.82451, 21.15698 ], [ -86.82521, 21.15731 ], [ -86.8254, 21.15842 ], [ -86.82569, 21.16252 ], [ -86.82567, 21.16305 ], [ -86.82537, 21.16323 ], [ -86.82534, 21.16376 ], [ -86.82551, 21.16403 ], [ -86.82583, 21.16438 ], [ -86.82608, 21.16733 ], [ -86.8262, 21.16914 ], [ -86.82604, 21.16955 ], [ -86.82608, 21.17006 ], [ -86.82618, 21.1709 ], [ -86.82634, 21.17121 ], [ -86.82644, 21.17337 ], [ -86.82643, 21.17385 ], [ -86.82651, 21.17415 ], [ -86.82376, 21.17551 ], [ -86.82387, 21.17563 ], [ -86.82494, 21.17514 ], [ -86.82685, 21.17418 ], [ -86.82665, 21.17388 ], [ -86.8265, 21.17148 ], [ -86.82651, 21.17032 ], [ -86.82647, 21.16967 ], [ -86.82632, 21.1691 ], [ -86.82612, 21.16669 ], [ -86.82597, 21.16419 ], [ -86.82616, 21.16395 ], [ -86.82623, 21.16367 ], [ -86.82617, 21.16338 ], [ -86.82586, 21.16299 ], [ -86.82573, 21.16184 ], [ -86.82554, 21.15853 ], [ -86.8255, 21.15772 ], [ -86.82561, 21.15702 ], [ -86.82544, 21.15654 ], [ -86.82499, 21.15642 ], [ -86.82447, 21.15644 ], [ -86.82397, 21.15621 ], [ -86.82364, 21.15612 ], [ -86.82301, 21.1559 ], [ -86.82205, 21.15554 ], [ -86.82168, 21.15545 ], [ -86.82136, 21.15541 ], [ -86.82092, 21.15541 ], [ -86.8204, 21.1555 ], [ -86.82014, 21.15557 ], [ -86.81857, 21.15588 ], [ -86.8183, 21.15599 ], [ -86.81725, 21.15656 ], [ -86.81692, 21.15669 ], [ -86.81657, 21.15677 ], [ -86.8125, 21.15764 ], [ -86.80869, 21.1585 ], [ -86.80668, 21.15893 ], [ -86.8063, 21.159 ], [ -86.80591, 21.15905 ], [ -86.80553, 21.15906 ], [ -86.80513, 21.15906 ], [ -86.80471, 21.15902 ], [ -86.80434, 21.15895 ], [ -86.80368, 21.15878 ], [ -86.80336, 21.15867 ], [ -86.80307, 21.15854 ], [ -86.80249, 21.15824 ], [ -86.80222, 21.15807 ], [ -86.80196, 21.15788 ], [ -86.80149, 21.15746 ], [ -86.80105, 21.15697 ], [ -86.80085, 21.15672 ], [ -86.8005, 21.15621 ], [ -86.79915, 21.15441 ], [ -86.79786, 21.15286 ], [ -86.79734, 21.15239 ], [ -86.79707, 21.15216 ], [ -86.7959, 21.15128 ], [ -86.79503, 21.1506 ], [ -86.79475, 21.15036 ], [ -86.79423, 21.14984 ], [ -86.79375, 21.14929 ], [ -86.79285, 21.1481 ], [ -86.79143, 21.14635 ], [ -86.78991, 21.14458 ], [ -86.78963, 21.1443 ], [ -86.78935, 21.14405 ], [ -86.78905, 21.14383 ], [ -86.78838, 21.14342 ], [ -86.78767, 21.14308 ], [ -86.78734, 21.14296 ], [ -86.78652, 21.14275 ], [ -86.78623, 21.14271 ], [ -86.78535, 21.14266 ], [ -86.78502, 21.14269 ], [ -86.78392, 21.14286 ], [ -86.78274, 21.14314 ], [ -86.78236, 21.14326 ], [ -86.78167, 21.14344 ], [ -86.7809, 21.14351 ], [ -86.77971, 21.14351 ], [ -86.77889, 21.14345 ], [ -86.77849, 21.14339 ], [ -86.77771, 21.14323 ], [ -86.77735, 21.14314 ], [ -86.77639, 21.14283 ], [ -86.77582, 21.14258 ], [ -86.7753, 21.14231 ], [ -86.77431, 21.14166 ], [ -86.7734, 21.14096 ], [ -86.77317, 21.14079 ], [ -86.77292, 21.14064 ], [ -86.77178, 21.13982 ], [ -86.76915, 21.13812 ], [ -86.76829, 21.13772 ], [ -86.76646, 21.13678 ], [ -86.76583, 21.13643 ], [ -86.7646, 21.13589 ], [ -86.76336, 21.13546 ], [ -86.76173, 21.13503 ], [ -86.76128, 21.13485 ], [ -86.76107, 21.13479 ], [ -86.7609, 21.13476 ], [ -86.76056, 21.13479 ], [ -86.75914, 21.13477 ], [ -86.75805, 21.13469 ], [ -86.75705, 21.13468 ], [ -86.75646, 21.13472 ], [ -86.75522, 21.13469 ], [ -86.75501, 21.1347 ], [ -86.75455, 21.13476 ], [ -86.75405, 21.13487 ], [ -86.75376, 21.13497 ], [ -86.75347, 21.13509 ], [ -86.75316, 21.13525 ], [ -86.75286, 21.13543 ], [ -86.75125, 21.13656 ], [ -86.75098, 21.13671 ], [ -86.75071, 21.1368 ], [ -86.74991, 21.13684 ], [ -86.74973, 21.13681 ], [ -86.74936, 21.13668 ], [ -86.74904, 21.13647 ], [ -86.74869, 21.1362 ], [ -86.74855, 21.13603 ], [ -86.74832, 21.13569 ], [ -86.74823, 21.1355 ], [ -86.74804, 21.13496 ], [ -86.74801, 21.13471 ], [ -86.74801, 21.13427 ], [ -86.74817, 21.13369 ], [ -86.74852, 21.13272 ], [ -86.74859, 21.13253 ], [ -86.74887, 21.13199 ], [ -86.74912, 21.13145 ], [ -86.74935, 21.1311 ], [ -86.74964, 21.13061 ], [ -86.75008, 21.12998 ], [ -86.75061, 21.12937 ], [ -86.75106, 21.12883 ], [ -86.75143, 21.12848 ], [ -86.7529, 21.12724 ], [ -86.75327, 21.12684 ], [ -86.75347, 21.1266 ], [ -86.75383, 21.12613 ], [ -86.75419, 21.12562 ], [ -86.75434, 21.12538 ], [ -86.75485, 21.12432 ], [ -86.75514, 21.12339 ], [ -86.75518, 21.12315 ], [ -86.75527, 21.12242 ], [ -86.75531, 21.12224 ], [ -86.75551, 21.12188 ], [ -86.75604, 21.12109 ], [ -86.75618, 21.12081 ], [ -86.75644, 21.12026 ], [ -86.7566, 21.12 ], [ -86.75668, 21.11987 ], [ -86.75708, 21.11936 ], [ -86.75728, 21.11903 ], [ -86.75732, 21.11886 ], [ -86.75736, 21.1188 ], [ -86.75737, 21.11865 ], [ -86.75736, 21.11824 ], [ -86.75732, 21.11762 ], [ -86.75734, 21.11751 ], [ -86.75737, 21.11746 ], [ -86.75742, 21.11731 ], [ -86.75758, 21.117 ], [ -86.75808, 21.1162 ], [ -86.75857, 21.11533 ], [ -86.75892, 21.11501 ], [ -86.75914, 21.11484 ], [ -86.75919, 21.11483 ], [ -86.75938, 21.11465 ], [ -86.76066, 21.11335 ], [ -86.76134, 21.11269 ], [ -86.76169, 21.11231 ], [ -86.76174, 21.11221 ], [ -86.76214, 21.11173 ], [ -86.76233, 21.11135 ], [ -86.76255, 21.11099 ], [ -86.76288, 21.11035 ], [ -86.76296, 21.11013 ], [ -86.76325, 21.1095 ], [ -86.76329, 21.10937 ], [ -86.7633, 21.10916 ], [ -86.76337, 21.10875 ], [ -86.76343, 21.10854 ], [ -86.76352, 21.10791 ], [ -86.7637, 21.10713 ], [ -86.76371, 21.10679 ], [ -86.76436, 21.10546 ], [ -86.76478, 21.1047 ], [ -86.76529, 21.10368 ], [ -86.76541, 21.10349 ], [ -86.76613, 21.10218 ], [ -86.7668, 21.10088 ], [ -86.76718, 21.10027 ], [ -86.76768, 21.09928 ], [ -86.7678, 21.0991 ], [ -86.76797, 21.09876 ], [ -86.76848, 21.0977 ], [ -86.76912, 21.09619 ], [ -86.76954, 21.09534 ], [ -86.76975, 21.09473 ], [ -86.76995, 21.09434 ], [ -86.77008, 21.09398 ], [ -86.77031, 21.09341 ], [ -86.77069, 21.09265 ], [ -86.77085, 21.09235 ], [ -86.77101, 21.09213 ], [ -86.77145, 21.09123 ], [ -86.77176, 21.09071 ], [ -86.77179, 21.09059 ], [ -86.77251, 21.08925 ], [ -86.77267, 21.08888 ], [ -86.77311, 21.08808 ], [ -86.77329, 21.08765 ], [ -86.77356, 21.08699 ], [ -86.77386, 21.08611 ], [ -86.77401, 21.08548 ], [ -86.77452, 21.08442 ], [ -86.77465, 21.08404 ], [ -86.77478, 21.08377 ], [ -86.77491, 21.08344 ], [ -86.77549, 21.08211 ], [ -86.77572, 21.08149 ], [ -86.77584, 21.08105 ], [ -86.77594, 21.08078 ], [ -86.77604, 21.08035 ], [ -86.77633, 21.07941 ], [ -86.77656, 21.07874 ], [ -86.77665, 21.0784 ], [ -86.77689, 21.07772 ], [ -86.7771, 21.07692 ], [ -86.77736, 21.07612 ], [ -86.77767, 21.07508 ], [ -86.77783, 21.07466 ], [ -86.77839, 21.07381 ], [ -86.77906, 21.07274 ], [ -86.7794, 21.07224 ], [ -86.77949, 21.07208 ], [ -86.78022, 21.07099 ], [ -86.78075, 21.07012 ], [ -86.78091, 21.0698 ], [ -86.781, 21.06929 ], [ -86.781, 21.0688 ], [ -86.78097, 21.06863 ], [ -86.78089, 21.0683 ], [ -86.78066, 21.06782 ], [ -86.78043, 21.06727 ], [ -86.78009, 21.06633 ], [ -86.77994, 21.06576 ], [ -86.7798, 21.06493 ], [ -86.77978, 21.06471 ], [ -86.7798, 21.06399 ], [ -86.7798, 21.0635 ], [ -86.77976, 21.06326 ], [ -86.77959, 21.06255 ], [ -86.77957, 21.06231 ], [ -86.77957, 21.0621 ], [ -86.77959, 21.06189 ], [ -86.77964, 21.06169 ], [ -86.77975, 21.06133 ], [ -86.77998, 21.06081 ], [ -86.78008, 21.06064 ], [ -86.78019, 21.06047 ], [ -86.78041, 21.06028 ], [ -86.78082, 21.05987 ], [ -86.78115, 21.0596 ], [ -86.78135, 21.05941 ], [ -86.78152, 21.05921 ], [ -86.78167, 21.05897 ], [ -86.78174, 21.05883 ], [ -86.78192, 21.05822 ], [ -86.78199, 21.0579 ], [ -86.78218, 21.05725 ], [ -86.78239, 21.0566 ], [ -86.7826, 21.05612 ], [ -86.78264, 21.05595 ], [ -86.7827, 21.0556 ], [ -86.78271, 21.05541 ], [ -86.78269, 21.05503 ], [ -86.78277, 21.05375 ], [ -86.78286, 21.05303 ], [ -86.78302, 21.05109 ], [ -86.78306, 21.05073 ], [ -86.78312, 21.04999 ], [ -86.78318, 21.0496 ], [ -86.78325, 21.04926 ], [ -86.78331, 21.04888 ], [ -86.7834, 21.04754 ], [ -86.78338, 21.04706 ], [ -86.78335, 21.04682 ], [ -86.78324, 21.04509 ], [ -86.78311, 21.04352 ], [ -86.78309, 21.04313 ], [ -86.78313, 21.04225 ], [ -86.78318, 21.04191 ], [ -86.78331, 21.04124 ], [ -86.78331, 21.04114 ], [ -86.78328, 21.04107 ], [ -86.78318, 21.04098 ], [ -86.78309, 21.04098 ], [ -86.78301, 21.04104 ], [ -86.78293, 21.04116 ], [ -86.78288, 21.04133 ], [ -86.78285, 21.0417 ], [ -86.78286, 21.04194 ], [ -86.78291, 21.04226 ] ] } },
{ "type": "Feature", "properties": { "ciudad_nombre": "Cancún", "encodedLine": "{ea`C|z|pOuMb@q@Us@g@aACu@r@w@h@kADmA@gDNiGPw@@u@BeDV{EJy@Cg@e@Wo@zAiGxAeGHgAJa@B]Ye@c@@i@L}BAuQi@sSm@aC[iBGOh@r@lD?bASzFJrAGbATXNdBEr@q@nBe@n@aA`@iGV{J^_GBsBWmDRq@DaAV}@PmCH}@FeCFeCI_ATi@\\\\bC|FdC`HhGhOzAxDd@bAz@hCtA`DdCtGqBbAwDpBmElBYP`AlCb@`A|@bC|@xBVr@\\\\t@n@dBtC`GzCnHlB~EbAtCd@hAjAfC`@`Ad@rAhApCfGvOd@lAf@dAlAzCvBbGNXf@vAvCdHd@rAzBlFxEzLrBrFXh@z@~BxEjLlE~KfBpE|@pC|A|DzFtNhAnC|@`Cr@|AdC|GzHrRdBpEfFpMjAlCfAvClBtEhA`DtCbHfA`DfAfCpG`PoFjCiDzAiBbA`@hAhAlChB~Ef@fAzDzJb@~@~@~Bv@vB`@f@zBtFd@x@Vp@Rx@NjDFvDLjDHJ[mOGMy@eCi@eA_BeE]a@cEsK_@kA{CmHqBgFi@mA[gA]}@vFiCtAs@rAm@jAk@POwEwLuBaFqBoFaHgQmBqEq@oBqG}Oy@cC}@cCwBaFkB_Fw@gByCoI_BeDyAsDaDeIwAuDwCoIy@qBy@iBeBwEsDwIcBwEy@eBw@kBkBoFgDgIo@eByBcFiBeFsB}EgB{E_DyHmDmJaMa[yC}HqBeEy@wAaBkDeAwCiDuIcAaCdDyAjDeBtAs@zAaAVUa@uAmBkFq@aBm@eBaB{DoCyGsFuNyAiEk@qAc@oANUjJ_@f@ExBEbBNn@@pAGbBKbCi@`D@hQk@rEQH^b@Nd@Bn@EnA_AdDO`K]`GElGYdAPhBMp@Iv@Oz@MhFNv@Gt@?z@Ej@?bOe@t@GZYzBGbA?dAGd@@tBW~@Er@A~@BxG[n@Cr@Ev@A~B?zAEXf@^Rn@Ab@YXo@Ai@Ym@c@e@S_AEe@YHq@rAc@f@k@b@cAL{EL", "data.route.shortName": "Fco. I. Madero", "data.route.longName": "4_Fco. I. Madero", "slug": "ruta-4-fco-i-madero.4eb", "type": "Bus", "color": null, "trips": [ ], "shape_id": "shape_2272" }, "geometry": { "type": "LineString", "coordinates": [ [ -86.82431, 21.1467 ], [ -86.82449, 21.14905 ], [ -86.82438, 21.1493 ], [ -86.82418, 21.14956 ], [ -86.82416, 21.14989 ], [ -86.82442, 21.15016 ], [ -86.82463, 21.15044 ], [ -86.82466, 21.15082 ], [ -86.82467, 21.15121 ], [ -86.82475, 21.15205 ], [ -86.82484, 21.15338 ], [ -86.82485, 21.15366 ], [ -86.82487, 21.15393 ], [ -86.82499, 21.15476 ], [ -86.82505, 21.15586 ], [ -86.82503, 21.15615 ], [ -86.82484, 21.15635 ], [ -86.8246, 21.15647 ], [ -86.82327, 21.15601 ], [ -86.82196, 21.15556 ], [ -86.8216, 21.15551 ], [ -86.82143, 21.15545 ], [ -86.82128, 21.15543 ], [ -86.82109, 21.15556 ], [ -86.8211, 21.15574 ], [ -86.82117, 21.15595 ], [ -86.82116, 21.15658 ], [ -86.82095, 21.15957 ], [ -86.82072, 21.16287 ], [ -86.82058, 21.16352 ], [ -86.82054, 21.16405 ], [ -86.82075, 21.16413 ], [ -86.82162, 21.16387 ], [ -86.82196, 21.16387 ], [ -86.82322, 21.16397 ], [ -86.82364, 21.16391 ], [ -86.82398, 21.16395 ], [ -86.82411, 21.16384 ], [ -86.82462, 21.16376 ], [ -86.82488, 21.16379 ], [ -86.82544, 21.16404 ], [ -86.82568, 21.16423 ], [ -86.82585, 21.16456 ], [ -86.82597, 21.16589 ], [ -86.82613, 21.16779 ], [ -86.82615, 21.16907 ], [ -86.82603, 21.16965 ], [ -86.82613, 21.17052 ], [ -86.82616, 21.17077 ], [ -86.82628, 21.1711 ], [ -86.82637, 21.17141 ], [ -86.82642, 21.17212 ], [ -86.82646, 21.17243 ], [ -86.8265, 21.1731 ], [ -86.82645, 21.17377 ], [ -86.82656, 21.17409 ], [ -86.82671, 21.1743 ], [ -86.82798, 21.17364 ], [ -86.82943, 21.17297 ], [ -86.83204, 21.17164 ], [ -86.83297, 21.17118 ], [ -86.83331, 21.17099 ], [ -86.834, 21.17069 ], [ -86.83481, 21.17026 ], [ -86.8362, 21.16959 ], [ -86.83654, 21.17016 ], [ -86.83711, 21.17108 ], [ -86.83766, 21.17211 ], [ -86.83775, 21.17224 ], [ -86.83846, 21.17191 ], [ -86.83879, 21.17173 ], [ -86.83945, 21.17142 ], [ -86.84006, 21.17111 ], [ -86.84032, 21.17099 ], [ -86.84059, 21.17084 ], [ -86.8411, 21.1706 ], [ -86.84239, 21.16985 ], [ -86.84391, 21.16907 ], [ -86.84503, 21.16852 ], [ -86.84578, 21.16818 ], [ -86.84615, 21.16799 ], [ -86.84683, 21.16761 ], [ -86.84716, 21.16744 ], [ -86.84758, 21.16725 ], [ -86.84831, 21.16688 ], [ -86.85099, 21.16556 ], [ -86.85138, 21.16537 ], [ -86.85173, 21.16517 ], [ -86.85251, 21.16478 ], [ -86.85381, 21.16418 ], [ -86.85394, 21.1641 ], [ -86.85438, 21.1639 ], [ -86.85585, 21.16314 ], [ -86.85627, 21.16295 ], [ -86.85746, 21.16233 ], [ -86.85968, 21.16124 ], [ -86.8609, 21.16066 ], [ -86.86111, 21.16053 ], [ -86.86175, 21.16023 ], [ -86.86389, 21.15914 ], [ -86.86597, 21.15811 ], [ -86.86702, 21.15759 ], [ -86.86775, 21.15728 ], [ -86.8687, 21.15681 ], [ -86.87121, 21.15555 ], [ -86.87193, 21.15518 ], [ -86.87258, 21.15487 ], [ -86.87305, 21.15461 ], [ -86.87448, 21.15394 ], [ -86.87762, 21.15236 ], [ -86.87867, 21.15185 ], [ -86.881, 21.15069 ], [ -86.88171, 21.15031 ], [ -86.88247, 21.14995 ], [ -86.88354, 21.1494 ], [ -86.88435, 21.14903 ], [ -86.88581, 21.14828 ], [ -86.88662, 21.14792 ], [ -86.8873, 21.14756 ], [ -86.89003, 21.14619 ], [ -86.89073, 21.14739 ], [ -86.89119, 21.14824 ], [ -86.89153, 21.14877 ], [ -86.8919, 21.1486 ], [ -86.89261, 21.14823 ], [ -86.89373, 21.1477 ], [ -86.89409, 21.1475 ], [ -86.89599, 21.14656 ], [ -86.89631, 21.14638 ], [ -86.89695, 21.14606 ], [ -86.89755, 21.14578 ], [ -86.89775, 21.14561 ], [ -86.89898, 21.14499 ], [ -86.89927, 21.1448 ], [ -86.89952, 21.14468 ], [ -86.89981, 21.14458 ], [ -86.90067, 21.1445 ], [ -86.90159, 21.14446 ], [ -86.90245, 21.14439 ], [ -86.90251, 21.14434 ], [ -86.89988, 21.14448 ], [ -86.89981, 21.14452 ], [ -86.89914, 21.14481 ], [ -86.89879, 21.14502 ], [ -86.8978, 21.1455 ], [ -86.89763, 21.14565 ], [ -86.89561, 21.14663 ], [ -86.89523, 21.14679 ], [ -86.89372, 21.14757 ], [ -86.89256, 21.14814 ], [ -86.89217, 21.14835 ], [ -86.89181, 21.14849 ], [ -86.8915, 21.14864 ], [ -86.89081, 21.1474 ], [ -86.89055, 21.14697 ], [ -86.89032, 21.14655 ], [ -86.8901, 21.14617 ], [ -86.89002, 21.14608 ], [ -86.88782, 21.14716 ], [ -86.88669, 21.14775 ], [ -86.88549, 21.14832 ], [ -86.88257, 21.14977 ], [ -86.88152, 21.15032 ], [ -86.88096, 21.15057 ], [ -86.87825, 21.15194 ], [ -86.87759, 21.15223 ], [ -86.87693, 21.15254 ], [ -86.8758, 21.15314 ], [ -86.87468, 21.15368 ], [ -86.87416, 21.15396 ], [ -86.87248, 21.15473 ], [ -86.87165, 21.15521 ], [ -86.87075, 21.15566 ], [ -86.86912, 21.15647 ], [ -86.86821, 21.15691 ], [ -86.86653, 21.15767 ], [ -86.86596, 21.15796 ], [ -86.86543, 21.15825 ], [ -86.86435, 21.15876 ], [ -86.86263, 21.15966 ], [ -86.86155, 21.16016 ], [ -86.86104, 21.16045 ], [ -86.8605, 21.16073 ], [ -86.8593, 21.16127 ], [ -86.85766, 21.16211 ], [ -86.85715, 21.16235 ], [ -86.85601, 21.16296 ], [ -86.85486, 21.16349 ], [ -86.85375, 21.16407 ], [ -86.85265, 21.16459 ], [ -86.85108, 21.16539 ], [ -86.84925, 21.16626 ], [ -86.84476, 21.16851 ], [ -86.84317, 21.16928 ], [ -86.84218, 21.16985 ], [ -86.84174, 21.17014 ], [ -86.84088, 21.17063 ], [ -86.84012, 21.17098 ], [ -86.83841, 21.17183 ], [ -86.83776, 21.17217 ], [ -86.83731, 21.17134 ], [ -86.8368, 21.17048 ], [ -86.83654, 21.17005 ], [ -86.83621, 21.16959 ], [ -86.8361, 21.16947 ], [ -86.83567, 21.16964 ], [ -86.83449, 21.17019 ], [ -86.834, 21.17044 ], [ -86.83349, 21.17067 ], [ -86.83255, 21.17116 ], [ -86.83114, 21.17188 ], [ -86.82863, 21.1731 ], [ -86.82762, 21.17355 ], [ -86.82721, 21.17377 ], [ -86.82681, 21.17395 ], [ -86.8267, 21.17387 ], [ -86.82654, 21.17205 ], [ -86.82651, 21.17185 ], [ -86.82648, 21.17124 ], [ -86.82656, 21.17074 ], [ -86.82657, 21.1705 ], [ -86.82653, 21.17009 ], [ -86.82647, 21.16959 ], [ -86.82626, 21.16893 ], [ -86.82627, 21.16812 ], [ -86.82605, 21.16519 ], [ -86.82596, 21.16413 ], [ -86.82612, 21.16408 ], [ -86.8262, 21.1639 ], [ -86.82622, 21.16371 ], [ -86.82619, 21.16347 ], [ -86.82587, 21.16307 ], [ -86.82579, 21.16224 ], [ -86.82564, 21.16031 ], [ -86.82561, 21.15902 ], [ -86.82548, 21.15767 ], [ -86.82557, 21.15732 ], [ -86.8255, 21.15679 ], [ -86.82545, 21.15654 ], [ -86.82537, 21.15626 ], [ -86.8253, 21.15596 ], [ -86.82538, 21.15479 ], [ -86.82534, 21.15451 ], [ -86.82534, 21.15424 ], [ -86.82531, 21.15394 ], [ -86.82531, 21.15372 ], [ -86.82512, 21.15114 ], [ -86.82508, 21.15087 ], [ -86.82495, 21.15073 ], [ -86.82491, 21.15011 ], [ -86.82491, 21.14977 ], [ -86.82487, 21.14942 ], [ -86.82488, 21.14923 ], [ -86.82476, 21.14864 ], [ -86.82473, 21.14832 ], [ -86.82472, 21.14806 ], [ -86.82474, 21.14774 ], [ -86.8246, 21.14633 ], [ -86.82458, 21.14609 ], [ -86.82455, 21.14583 ], [ -86.82454, 21.14555 ], [ -86.82454, 21.14491 ], [ -86.82451, 21.14445 ], [ -86.82471, 21.14432 ], [ -86.82481, 21.14416 ], [ -86.8248, 21.14392 ], [ -86.82467, 21.14374 ], [ -86.82443, 21.14361 ], [ -86.82422, 21.14362 ], [ -86.82399, 21.14375 ], [ -86.8238, 21.14393 ], [ -86.82348, 21.14403 ], [ -86.82329, 21.14406 ], [ -86.82334, 21.14419 ], [ -86.82376, 21.14444 ], [ -86.82396, 21.14462 ], [ -86.82414, 21.14484 ], [ -86.82421, 21.14518 ], [ -86.82428, 21.14628 ] ] } },
{ "type": "Feature", "properties": { "ciudad_nombre": "Cancún", "encodedLine": "yda`Cvz|pOyL^eAB}BiA{@\\\\s@h@qAZgRr@_BB{H^gAEi@g@E}@jBcH`A{EJcALo@Kg@[MWBm@LyCIoCKsKSsJUkI]qBY_BCQd@v@nEQ`FBnC?bAT^P`Cw@~BgAb@uARgFRsIR_DLw@@gC@mBPiBH_A@q@Z_AL}ALgBHcBD{AGuA@cARe@d@}@f@iAd@uJdDo@^Yd@Md@wBhAyCpAeAj@wDdBdAvCxDvJvDhJhDbIlAdDdB|DbAxCjA`ClAjDjBdFvBlFbCrGfBpAz@hBdBxEl@|Ax@jB~BjGl@rAdElKrBzFnFrMxCbI|@nBxBpF`DjI|BtF|FpOtIbT|CbIpB|ErErIdAnBfAbChB|EfDjIr@lBdHnQt@nBxBhFpIfTdI~SvDbJjBzEr@pBdF~LfBxEfFjMz@zBbA`C|AxCv@pB~@nBl@nBRdJH|AE~ASVC`@GxEH~GVfLT~QNzGJnIJdFNtH?dBFxDFbEFbARNNCB]MWEkAUcGOyPEgIWqMIaHGsCQyJW_ORaCBmBKwFUmHm@kBmAsC_C{FeFaM{AmDoCkHcHgQ_@{@kE_LyBmFyF_OuDcJiBeF{@eBgBeFuGyP}@qBiD{IuB_FkBwE_D}FiCaFmB{EgB}Ey@eBgB}EwB{EyBoF{DcKw@_C{DmJs@oBy@kBeBuEy@qBcFsM{@oBiByEq@}A_FeMmByEkBaFeDaIkBwEkAw@i@i@mA{CsCmHkF_N{D}JgH{PyDwJ{DsJk@cB|@_@d@Yx@[x@e@dDwAhBaAj@c@PcAv@e@|Am@`@GjC{@vGiCz@_@nIMx@?jAGlCFrFKt@B|EObCKtOa@xAKz@?r@V`AIlBeAxBKfGQdGMlIU|@C`AJ~@AbAGlA]b@P~CClEU~@At@@`AGrLa@|@Qb@KpBAjDSlBStDCt@TpCGhA[~@M|@G~F@d@^`@Vn@Ch@_@Py@UcAg@e@Q_AMi@WNYr@e@n@y@v@gAJqDLqAE", "data.route.shortName": "Miguel Hidalgo", "data.route.longName": "5_Miguel Hidalgo", "slug": "ruta-5-miguel-hidalgo.4ea", "type": "Bus", "color": null, "trips": [ ], "shape_id": "shape_2271" }, "geometry": { "type": "LineString", "coordinates": [ [ -86.82428, 21.14653 ], [ -86.82444, 21.14874 ], [ -86.82446, 21.14909 ], [ -86.82409, 21.14972 ], [ -86.82424, 21.15002 ], [ -86.82445, 21.15028 ], [ -86.82459, 21.15069 ], [ -86.82485, 21.15377 ], [ -86.82487, 21.15425 ], [ -86.82503, 21.15583 ], [ -86.825, 21.15619 ], [ -86.8248, 21.1564 ], [ -86.82449, 21.15643 ], [ -86.82303, 21.15589 ], [ -86.82193, 21.15556 ], [ -86.82159, 21.1555 ], [ -86.82135, 21.15543 ], [ -86.82115, 21.15549 ], [ -86.82108, 21.15563 ], [ -86.8211, 21.15575 ], [ -86.82117, 21.15598 ], [ -86.82112, 21.15675 ], [ -86.82106, 21.15747 ], [ -86.82096, 21.15949 ], [ -86.82085, 21.16135 ], [ -86.8207, 21.16301 ], [ -86.82057, 21.16358 ], [ -86.82055, 21.16406 ], [ -86.82074, 21.16415 ], [ -86.82178, 21.16387 ], [ -86.82291, 21.16396 ], [ -86.82363, 21.16394 ], [ -86.82397, 21.16394 ], [ -86.82413, 21.16383 ], [ -86.82478, 21.16374 ], [ -86.82542, 21.16402 ], [ -86.8256, 21.16438 ], [ -86.8257, 21.16481 ], [ -86.8258, 21.16597 ], [ -86.8259, 21.16767 ], [ -86.82597, 21.16847 ], [ -86.82598, 21.16875 ], [ -86.82599, 21.16943 ], [ -86.82608, 21.16998 ], [ -86.82613, 21.17051 ], [ -86.82614, 21.17083 ], [ -86.82628, 21.17108 ], [ -86.82635, 21.1714 ], [ -86.82642, 21.17187 ], [ -86.82647, 21.17239 ], [ -86.8265, 21.17289 ], [ -86.82646, 21.17335 ], [ -86.82647, 21.17378 ], [ -86.82657, 21.17412 ], [ -86.82676, 21.17431 ], [ -86.82696, 21.17462 ], [ -86.82715, 21.17499 ], [ -86.82798, 21.17686 ], [ -86.82814, 21.1771 ], [ -86.82833, 21.17723 ], [ -86.82852, 21.1773 ], [ -86.82889, 21.1779 ], [ -86.8293, 21.17867 ], [ -86.82952, 21.17902 ], [ -86.83003, 21.17994 ], [ -86.83079, 21.17959 ], [ -86.83267, 21.17866 ], [ -86.83448, 21.17774 ], [ -86.8361, 21.17689 ], [ -86.83693, 21.1765 ], [ -86.83788, 21.17599 ], [ -86.83865, 21.17565 ], [ -86.8393, 21.17527 ], [ -86.84016, 21.17488 ], [ -86.84131, 21.17434 ], [ -86.8425, 21.17374 ], [ -86.84388, 21.17308 ], [ -86.84429, 21.17256 ], [ -86.84482, 21.17226 ], [ -86.84591, 21.17175 ], [ -86.84638, 21.17152 ], [ -86.84692, 21.17123 ], [ -86.84826, 21.17059 ], [ -86.84868, 21.17036 ], [ -86.85067, 21.16937 ], [ -86.85193, 21.16879 ], [ -86.85427, 21.16759 ], [ -86.85589, 21.16682 ], [ -86.85645, 21.16651 ], [ -86.85766, 21.1659 ], [ -86.85932, 21.16509 ], [ -86.86055, 21.16446 ], [ -86.8632, 21.16319 ], [ -86.86658, 21.16148 ], [ -86.8682, 21.16069 ], [ -86.86931, 21.16012 ], [ -86.87101, 21.15906 ], [ -86.87157, 21.15871 ], [ -86.87223, 21.15835 ], [ -86.87334, 21.15782 ], [ -86.875, 21.15698 ], [ -86.87555, 21.15672 ], [ -86.87851, 21.15525 ], [ -86.87907, 21.15498 ], [ -86.88024, 21.15437 ], [ -86.88364, 21.15268 ], [ -86.887, 21.15105 ], [ -86.88878, 21.15013 ], [ -86.88988, 21.14959 ], [ -86.89045, 21.14933 ], [ -86.89269, 21.14818 ], [ -86.89378, 21.14766 ], [ -86.89608, 21.1465 ], [ -86.8967, 21.1462 ], [ -86.89735, 21.14586 ], [ -86.89812, 21.14539 ], [ -86.89869, 21.14511 ], [ -86.89925, 21.14479 ], [ -86.89981, 21.14456 ], [ -86.9016, 21.14446 ], [ -86.90207, 21.14441 ], [ -86.90255, 21.14444 ], [ -86.90267, 21.14454 ], [ -86.90284, 21.14456 ], [ -86.90393, 21.1446 ], [ -86.90537, 21.14455 ], [ -86.90749, 21.14443 ], [ -86.91053, 21.14432 ], [ -86.91195, 21.14424 ], [ -86.91363, 21.14418 ], [ -86.91478, 21.14412 ], [ -86.91633, 21.14404 ], [ -86.91684, 21.14404 ], [ -86.91777, 21.144 ], [ -86.91875, 21.14396 ], [ -86.91909, 21.14392 ], [ -86.91917, 21.14382 ], [ -86.91915, 21.14374 ], [ -86.919, 21.14372 ], [ -86.91888, 21.14379 ], [ -86.9185, 21.14382 ], [ -86.9172, 21.14393 ], [ -86.91435, 21.14401 ], [ -86.91271, 21.14404 ], [ -86.91038, 21.14416 ], [ -86.90893, 21.14421 ], [ -86.90819, 21.14425 ], [ -86.9063, 21.14434 ], [ -86.90374, 21.14446 ], [ -86.90309, 21.14436 ], [ -86.90254, 21.14434 ], [ -86.9013, 21.1444 ], [ -86.89979, 21.14451 ], [ -86.89925, 21.14474 ], [ -86.89851, 21.14513 ], [ -86.89725, 21.14577 ], [ -86.895, 21.14692 ], [ -86.89413, 21.14738 ], [ -86.89263, 21.1481 ], [ -86.88971, 21.14956 ], [ -86.88941, 21.14972 ], [ -86.88733, 21.15074 ], [ -86.88614, 21.15135 ], [ -86.88358, 21.1526 ], [ -86.8818, 21.15351 ], [ -86.88065, 21.15404 ], [ -86.88014, 21.15434 ], [ -86.87899, 21.15486 ], [ -86.87614, 21.15625 ], [ -86.87557, 21.15656 ], [ -86.87383, 21.15741 ], [ -86.87271, 21.158 ], [ -86.87163, 21.15854 ], [ -86.87036, 21.15934 ], [ -86.86923, 21.16003 ], [ -86.86813, 21.16058 ], [ -86.86702, 21.1611 ], [ -86.86651, 21.16139 ], [ -86.8654, 21.16191 ], [ -86.8643, 21.16251 ], [ -86.8631, 21.16312 ], [ -86.86116, 21.16406 ], [ -86.86052, 21.16434 ], [ -86.85869, 21.16528 ], [ -86.85813, 21.16554 ], [ -86.85759, 21.16583 ], [ -86.85652, 21.16634 ], [ -86.85595, 21.16663 ], [ -86.85361, 21.16777 ], [ -86.85305, 21.16807 ], [ -86.85196, 21.1686 ], [ -86.85149, 21.16885 ], [ -86.84922, 21.16997 ], [ -86.84813, 21.17052 ], [ -86.847, 21.17106 ], [ -86.84539, 21.17189 ], [ -86.84431, 21.17243 ], [ -86.84403, 21.17281 ], [ -86.84382, 21.17302 ], [ -86.84304, 21.17341 ], [ -86.84153, 21.17415 ], [ -86.83913, 21.17533 ], [ -86.83722, 21.17627 ], [ -86.83436, 21.17775 ], [ -86.83248, 21.17868 ], [ -86.83062, 21.17962 ], [ -86.83012, 21.17984 ], [ -86.82996, 21.17953 ], [ -86.82983, 21.17934 ], [ -86.82969, 21.17905 ], [ -86.8295, 21.17876 ], [ -86.82906, 21.17793 ], [ -86.82873, 21.1774 ], [ -86.82855, 21.17718 ], [ -86.82821, 21.17709 ], [ -86.82802, 21.17681 ], [ -86.82779, 21.17634 ], [ -86.82775, 21.17617 ], [ -86.82745, 21.17547 ], [ -86.82676, 21.17407 ], [ -86.8266, 21.17377 ], [ -86.82653, 21.17209 ], [ -86.82653, 21.1718 ], [ -86.82649, 21.17142 ], [ -86.82653, 21.17071 ], [ -86.82647, 21.16949 ], [ -86.82649, 21.16922 ], [ -86.82641, 21.16811 ], [ -86.82635, 21.16745 ], [ -86.82618, 21.16478 ], [ -86.82612, 21.16433 ], [ -86.82612, 21.16403 ], [ -86.82624, 21.16377 ], [ -86.82619, 21.16344 ], [ -86.82584, 21.16289 ], [ -86.82578, 21.16228 ], [ -86.82569, 21.16096 ], [ -86.82562, 21.15965 ], [ -86.82551, 21.15798 ], [ -86.82549, 21.15767 ], [ -86.82555, 21.15734 ], [ -86.82554, 21.15702 ], [ -86.8255, 21.15668 ], [ -86.82535, 21.15629 ], [ -86.82544, 21.15611 ], [ -86.82542, 21.15531 ], [ -86.82531, 21.15428 ], [ -86.8253, 21.15396 ], [ -86.82531, 21.15369 ], [ -86.82527, 21.15336 ], [ -86.8251, 21.15118 ], [ -86.82501, 21.15087 ], [ -86.82495, 21.15069 ], [ -86.82494, 21.15012 ], [ -86.82484, 21.14926 ], [ -86.82474, 21.14871 ], [ -86.82472, 21.1478 ], [ -86.82483, 21.14753 ], [ -86.82479, 21.1468 ], [ -86.82465, 21.14643 ], [ -86.82458, 21.14611 ], [ -86.82454, 21.1458 ], [ -86.82455, 21.14452 ], [ -86.82471, 21.14433 ], [ -86.82483, 21.14416 ], [ -86.82481, 21.14392 ], [ -86.82465, 21.14371 ], [ -86.82436, 21.14362 ], [ -86.82402, 21.14373 ], [ -86.82383, 21.14393 ], [ -86.82351, 21.14402 ], [ -86.8233, 21.14409 ], [ -86.82338, 21.14421 ], [ -86.82364, 21.14434 ], [ -86.82388, 21.14453 ], [ -86.82416, 21.14482 ], [ -86.82422, 21.14518 ], [ -86.82429, 21.14607 ], [ -86.82426, 21.14648 ] ] } },
{ "type": "Feature", "properties": { "ciudad_nombre": "Cancún", "encodedLine": "qnh`Ctj{pObEkBtN{G`@QJBJPlBzEpWjq@j@pAlExL`@h@XJZ@^AjAI~FOtDQtANl@@fAA~Ka@xEMn@EbJSvDUbAVf@@b@E\\\\Sj@e@f@K|H[nEKvDErFIjAEfABa@dBW~@wBhJWj@]d@c@b@g@^_ATi@FgBBw@FsBFgFJ}AFYDGL?NPt@NvBPxCJdEGt@Kt@Sv@Yr@{@fBYt@St@AP@TBTHTh@p@zBlApCdBpArA`A`BfB~EJd@A`@Qv@?T@PNXj@d@bA\\\\j@DNCLKh@gA^e@xBuBdHkId@e@bAg@pA_AXs@PU|@U`@Er@BJDZ`A`AfFpBhJlA~E|A`I~@nB^n@JAVQxB_CrCuCRIN?P?PFfA`AvGbFnDtCj@bAbA\\\\XNh@^|VtRt@p@lAz@zEzDf@\\\\VLHJ@r@FtLHZTBbB?hECTEJSH}BFWPFlA`Ax@l@`EbD|DzCtBhB~AfApBdB`D`Cz@t@JPFr@?z@En@u@JoCNBvDD|A@`BKnAw@jD]dBc@bB[vAAl@DtA`@@\\\\Qq@?Ew@?q@Ji@fAmEjAkFDcA@kAIaGIi@uABeDPwGRYEEWCaAAyA@k@CaB@_@Ty@N]|BiDp@uABMwNkLc@[a@KGPCPGbA?j@IVYDcBD}D?GeBAiGEkC}BcBuKkIgCsBsReO}@k@gAeAi@]sBeBwAaAk@g@gCgBkAeAWSYD[XoCtC{AtAUNUAYIc@}@Mc@iAmFu@{Cq@kDiA}Eu@wDk@cC]gCWGeDXc@JiAd@URKj@S\\\\s@|@_@^oElFaDlD}@z@]Li@De@Ia@MMQQc@_AoCuAmDY{@Iq@Am@@m@^cBVo@\\\\o@Zo@TSMgAM]Y]sD_BoAq@]c@Ym@Mq@Eu@Ay@]{GCaARaATWTOXK\\\\EdIQrFUd@BfAV`@@b@M~AMnEOv@BX?LMBOCg@k@iD}AyHGu@Cs@r@}FjDmNHuAPm@[m@e@Ga@R{FM{Us@yL_@iBYaBAGr@l@`DDdAWvFNpAOr@\\\\j@PtBIj@u@jBi@Vi@R{@FaADqHLyFPqLj@qAB{@D_B`@sBRoGLi@Ge@AqA@WGSQSc@aHkQwCcHyJsVyCoIgAiC]s@{AwDYHy@\\\\wEzBwLvFaAZFN", "data.route.shortName": "Lombardo - Toledano", "data.route.longName": "6_Lombardo - Toledano", "slug": "ruta-6-lombardo-toledano.4ex", "type": "Bus", "color": null, "trips": [ ], "shape_id": "shape_2293" }, "geometry": { "type": "LineString", "coordinates": [ [ -86.81659, 21.18393 ], [ -86.81605, 21.18295 ], [ -86.81463, 21.18044 ], [ -86.81454, 21.18027 ], [ -86.81456, 21.18021 ], [ -86.81465, 21.18015 ], [ -86.81575, 21.1796 ], [ -86.82381, 21.17567 ], [ -86.82422, 21.17545 ], [ -86.82643, 21.17442 ], [ -86.82664, 21.17425 ], [ -86.8267, 21.17412 ], [ -86.82671, 21.17398 ], [ -86.8267, 21.17382 ], [ -86.82665, 21.17344 ], [ -86.82657, 21.17216 ], [ -86.82648, 21.17125 ], [ -86.82656, 21.17082 ], [ -86.82657, 21.17059 ], [ -86.82656, 21.17023 ], [ -86.82639, 21.16815 ], [ -86.82632, 21.16706 ], [ -86.82629, 21.16682 ], [ -86.82619, 21.16504 ], [ -86.82608, 21.16412 ], [ -86.8262, 21.16378 ], [ -86.82621, 21.16358 ], [ -86.82618, 21.1634 ], [ -86.82608, 21.16325 ], [ -86.82589, 21.16303 ], [ -86.82583, 21.16283 ], [ -86.82569, 21.16124 ], [ -86.82563, 21.1602 ], [ -86.8256, 21.15928 ], [ -86.82555, 21.15806 ], [ -86.82552, 21.15768 ], [ -86.82554, 21.15732 ], [ -86.82605, 21.15749 ], [ -86.82637, 21.15761 ], [ -86.82818, 21.15821 ], [ -86.8284, 21.15833 ], [ -86.82859, 21.15848 ], [ -86.82877, 21.15866 ], [ -86.82893, 21.15886 ], [ -86.82904, 21.15918 ], [ -86.82908, 21.15939 ], [ -86.8291, 21.15991 ], [ -86.82914, 21.16019 ], [ -86.82918, 21.16077 ], [ -86.82924, 21.16193 ], [ -86.82928, 21.1624 ], [ -86.82931, 21.16253 ], [ -86.82938, 21.16257 ], [ -86.82946, 21.16257 ], [ -86.82973, 21.16248 ], [ -86.83033, 21.1624 ], [ -86.8311, 21.16231 ], [ -86.83209, 21.16225 ], [ -86.83236, 21.16229 ], [ -86.83263, 21.16235 ], [ -86.83291, 21.16245 ], [ -86.83317, 21.16258 ], [ -86.83369, 21.16288 ], [ -86.83396, 21.16301 ], [ -86.83423, 21.16311 ], [ -86.83432, 21.16312 ], [ -86.83443, 21.16311 ], [ -86.83454, 21.16309 ], [ -86.83465, 21.16304 ], [ -86.8349, 21.16283 ], [ -86.83529, 21.16221 ], [ -86.8358, 21.16148 ], [ -86.83622, 21.16107 ], [ -86.83671, 21.16074 ], [ -86.83783, 21.16022 ], [ -86.83802, 21.16016 ], [ -86.83819, 21.16017 ], [ -86.83847, 21.16026 ], [ -86.83858, 21.16026 ], [ -86.83867, 21.16025 ], [ -86.8388, 21.16017 ], [ -86.83899, 21.15995 ], [ -86.83914, 21.15961 ], [ -86.83917, 21.15939 ], [ -86.83915, 21.15931 ], [ -86.83909, 21.15924 ], [ -86.83873, 21.15903 ], [ -86.83854, 21.15887 ], [ -86.83795, 21.15826 ], [ -86.83629, 21.15679 ], [ -86.8361, 21.1566 ], [ -86.8359, 21.15626 ], [ -86.83558, 21.15585 ], [ -86.83532, 21.15572 ], [ -86.83521, 21.15563 ], [ -86.8351, 21.15532 ], [ -86.83507, 21.15515 ], [ -86.83509, 21.15489 ], [ -86.83512, 21.15483 ], [ -86.83545, 21.15469 ], [ -86.83661, 21.15436 ], [ -86.83842, 21.15379 ], [ -86.83954, 21.1534 ], [ -86.84115, 21.15293 ], [ -86.84171, 21.15261 ], [ -86.84195, 21.15245 ], [ -86.84194, 21.15239 ], [ -86.84185, 21.15227 ], [ -86.84121, 21.15166 ], [ -86.84046, 21.15092 ], [ -86.84041, 21.15082 ], [ -86.84041, 21.15074 ], [ -86.84041, 21.15065 ], [ -86.84045, 21.15056 ], [ -86.84078, 21.1502 ], [ -86.84192, 21.1488 ], [ -86.84267, 21.14792 ], [ -86.84301, 21.1477 ], [ -86.84316, 21.14736 ], [ -86.84324, 21.14723 ], [ -86.8434, 21.14702 ], [ -86.84655, 21.14319 ], [ -86.8468, 21.14292 ], [ -86.8471, 21.14253 ], [ -86.84804, 21.14143 ], [ -86.84819, 21.14123 ], [ -86.84826, 21.14111 ], [ -86.84832, 21.14106 ], [ -86.84858, 21.14105 ], [ -86.85077, 21.14101 ], [ -86.85091, 21.14096 ], [ -86.85093, 21.14085 ], [ -86.85093, 21.14035 ], [ -86.85091, 21.13934 ], [ -86.85088, 21.13923 ], [ -86.85078, 21.13917 ], [ -86.85015, 21.13912 ], [ -86.85003, 21.13908 ], [ -86.85007, 21.13899 ], [ -86.8504, 21.1386 ], [ -86.85063, 21.13831 ], [ -86.85145, 21.13734 ], [ -86.85223, 21.13639 ], [ -86.85276, 21.1358 ], [ -86.85312, 21.13532 ], [ -86.85363, 21.13475 ], [ -86.85428, 21.13394 ], [ -86.85455, 21.13364 ], [ -86.85464, 21.13358 ], [ -86.8549, 21.13354 ], [ -86.8552, 21.13354 ], [ -86.85544, 21.13357 ], [ -86.8555, 21.13384 ], [ -86.85558, 21.13456 ], [ -86.8565, 21.13454 ], [ -86.85697, 21.13451 ], [ -86.85746, 21.1345 ], [ -86.85786, 21.13456 ], [ -86.85872, 21.13484 ], [ -86.85923, 21.13499 ], [ -86.85973, 21.13517 ], [ -86.86017, 21.13531 ], [ -86.8604, 21.13532 ], [ -86.86083, 21.13529 ], [ -86.86084, 21.13512 ], [ -86.86075, 21.13497 ], [ -86.86075, 21.13522 ], [ -86.86047, 21.13525 ], [ -86.86022, 21.13525 ], [ -86.86001, 21.13519 ], [ -86.85898, 21.13483 ], [ -86.8578, 21.13445 ], [ -86.85746, 21.13442 ], [ -86.85708, 21.13441 ], [ -86.85579, 21.13446 ], [ -86.85558, 21.13451 ], [ -86.8556, 21.13494 ], [ -86.85569, 21.13577 ], [ -86.85579, 21.13717 ], [ -86.85576, 21.1373 ], [ -86.85564, 21.13733 ], [ -86.85531, 21.13735 ], [ -86.85486, 21.13736 ], [ -86.85464, 21.13735 ], [ -86.85415, 21.13737 ], [ -86.85399, 21.13736 ], [ -86.8537, 21.13725 ], [ -86.85355, 21.13717 ], [ -86.8527, 21.13654 ], [ -86.85227, 21.13629 ], [ -86.8522, 21.13627 ], [ -86.85006, 21.13879 ], [ -86.84992, 21.13897 ], [ -86.84986, 21.13914 ], [ -86.84995, 21.13918 ], [ -86.85004, 21.1392 ], [ -86.85038, 21.13924 ], [ -86.8506, 21.13924 ], [ -86.85072, 21.13929 ], [ -86.85075, 21.13942 ], [ -86.85078, 21.13992 ], [ -86.85078, 21.14087 ], [ -86.85027, 21.14091 ], [ -86.84894, 21.14092 ], [ -86.84824, 21.14095 ], [ -86.84774, 21.14158 ], [ -86.84608, 21.14361 ], [ -86.8455, 21.14429 ], [ -86.84291, 21.14743 ], [ -86.84269, 21.14774 ], [ -86.84234, 21.1481 ], [ -86.84219, 21.14831 ], [ -86.84168, 21.14889 ], [ -86.84135, 21.14933 ], [ -86.84115, 21.14955 ], [ -86.84063, 21.15023 ], [ -86.84028, 21.15061 ], [ -86.84018, 21.15073 ], [ -86.84021, 21.15086 ], [ -86.84034, 21.151 ], [ -86.84109, 21.15172 ], [ -86.84152, 21.15218 ], [ -86.8416, 21.15229 ], [ -86.84159, 21.1524 ], [ -86.84154, 21.15253 ], [ -86.84123, 21.15271 ], [ -86.84105, 21.15278 ], [ -86.83986, 21.15315 ], [ -86.83908, 21.15342 ], [ -86.83822, 21.15367 ], [ -86.83711, 21.15404 ], [ -86.83619, 21.15431 ], [ -86.83553, 21.15453 ], [ -86.83485, 21.15468 ], [ -86.83481, 21.1548 ], [ -86.83494, 21.15563 ], [ -86.835, 21.15581 ], [ -86.83519, 21.15618 ], [ -86.83529, 21.15629 ], [ -86.83551, 21.15635 ], [ -86.83566, 21.15645 ], [ -86.83597, 21.15671 ], [ -86.83613, 21.15687 ], [ -86.83732, 21.15791 ], [ -86.83819, 21.15872 ], [ -86.83849, 21.15903 ], [ -86.83856, 21.15918 ], [ -86.83859, 21.15939 ], [ -86.83854, 21.15958 ], [ -86.83847, 21.15975 ], [ -86.83838, 21.15982 ], [ -86.8382, 21.15991 ], [ -86.83748, 21.16023 ], [ -86.83661, 21.16066 ], [ -86.83631, 21.16079 ], [ -86.83606, 21.16084 ], [ -86.83583, 21.16085 ], [ -86.8356, 21.16084 ], [ -86.8351, 21.16068 ], [ -86.83486, 21.16056 ], [ -86.83462, 21.16041 ], [ -86.83438, 21.16027 ], [ -86.83428, 21.16016 ], [ -86.83392, 21.16023 ], [ -86.83377, 21.1603 ], [ -86.83362, 21.16043 ], [ -86.83314, 21.16133 ], [ -86.83289, 21.16173 ], [ -86.83271, 21.16188 ], [ -86.83248, 21.16201 ], [ -86.83223, 21.16208 ], [ -86.83196, 21.16211 ], [ -86.83167, 21.16212 ], [ -86.83025, 21.16227 ], [ -86.82992, 21.16229 ], [ -86.82959, 21.16219 ], [ -86.82947, 21.16208 ], [ -86.82939, 21.16197 ], [ -86.82933, 21.16184 ], [ -86.8293, 21.16169 ], [ -86.82921, 21.16006 ], [ -86.8291, 21.15884 ], [ -86.82912, 21.15865 ], [ -86.82924, 21.15829 ], [ -86.82925, 21.15812 ], [ -86.82918, 21.15794 ], [ -86.82911, 21.15746 ], [ -86.82903, 21.15642 ], [ -86.82905, 21.15614 ], [ -86.82905, 21.15601 ], [ -86.82898, 21.15594 ], [ -86.8289, 21.15592 ], [ -86.8287, 21.15594 ], [ -86.82785, 21.15616 ], [ -86.82628, 21.15663 ], [ -86.82601, 21.15667 ], [ -86.82575, 21.15669 ], [ -86.82448, 21.15643 ], [ -86.82201, 21.15557 ], [ -86.82158, 21.15552 ], [ -86.82135, 21.15543 ], [ -86.82112, 21.15557 ], [ -86.82108, 21.15576 ], [ -86.82118, 21.15593 ], [ -86.82111, 21.15719 ], [ -86.82085, 21.16085 ], [ -86.82069, 21.16306 ], [ -86.82056, 21.16359 ], [ -86.82055, 21.16408 ], [ -86.82081, 21.16412 ], [ -86.82162, 21.16389 ], [ -86.82197, 21.16386 ], [ -86.82321, 21.16398 ], [ -86.82362, 21.1639 ], [ -86.82388, 21.16398 ], [ -86.8241, 21.16383 ], [ -86.82469, 21.16374 ], [ -86.82491, 21.16379 ], [ -86.82545, 21.16406 ], [ -86.82557, 21.16427 ], [ -86.82567, 21.16448 ], [ -86.82571, 21.16478 ], [ -86.82574, 21.16511 ], [ -86.82581, 21.16664 ], [ -86.8259, 21.16789 ], [ -86.82612, 21.17006 ], [ -86.82614, 21.17047 ], [ -86.82617, 21.17077 ], [ -86.82634, 21.17125 ], [ -86.82644, 21.17183 ], [ -86.82651, 21.17319 ], [ -86.82647, 21.1734 ], [ -86.82646, 21.17359 ], [ -86.82647, 21.174 ], [ -86.82643, 21.17412 ], [ -86.82634, 21.17422 ], [ -86.82616, 21.17432 ], [ -86.82322, 21.17577 ], [ -86.82176, 21.17653 ], [ -86.81798, 21.17842 ], [ -86.8163, 21.17919 ], [ -86.81561, 21.17955 ], [ -86.81535, 21.1797 ], [ -86.81443, 21.18016 ], [ -86.81448, 21.18029 ], [ -86.81463, 21.18058 ], [ -86.81525, 21.18166 ], [ -86.81649, 21.18386 ], [ -86.81663, 21.18419 ], [ -86.81671, 21.18415 ] ] } },
{ "type": "Feature", "properties": { "ciudad_nombre": "Cancún", "encodedLine": "yzl_CfxtpO{Oh@_KVkFOk]yAoOw@ePuCi@Me@Oa@U_@Y}CkDq@q@YWy@c@a@Se@OiDw@i@IwAOk@C{ABm@B}ARg[tEsAJc@@_@E_Co@qD_AmBi@kBu@g@[c@UmAw@sEmC_By@e@[y@q@mB]eBU_B_@gB[iBa@eC_@_Ck@eFgAeIkBmAOQKUCaAYsI{CaCk@kDkAaFgAm@OoHgCmG_CqEoBiDuAwFmCqFkBcDaAqAe@uA_@wBy@cDaAsBw@oE}AsAi@e@YiD{AiDaBcSyIsCiAaBs@uFuBeACg@EcC[iCc@gDc@yDeAeCeAeAi@_CyA}AmAu@{@]q@e@k@wCuBo@y@aCuBIQwAcBYSiBy@sDmBwAm@s@M]Cc@?gBJaAEWGs@a@qAaA{@i@iBu@iA[cAc@[S}@a@qAaAu@_@[KaAKiBAe@EoB_@qA[i@Qg@SiD{A_CyAeCoBc@c@gBqBcAwAgAwAwC{CuAy@aBqAiBmAcDkCwBmByAaAg@_@}A_Bu@}@s@_A]_@c@[iAs@e@Ka@Ce@Dk@J[JULe@n@{AzCiB`DmBbC]^aAv@{@|@_@v@K^M`AA^FtALp@Xn@t@`A\\\\Zd@Vj@RbAR`@JbATn@\\\\XPj@j@|@zAz@~BXxAHl@JhCEjG?`GEvDIfC?dBc@bHgA`H_@nBQv@kAnEqBtFWl@s@tAg@vAcAhCaFxKsAzBmAdCu@pAgEzGs@rAw@`AuArBoArBsAbCgA`BaC~Du@hBo@fCQfAQzC?`DDjANlA^tBf@fBfCjHPp@b@jCNjDAjBSdDW`BQp@Sr@wAhDeAlBg@t@oCfCiBvAaHhFqDvCaFfD}AtAq@d@iChCwA`BcH|JsCtC{CbCuCbCoBrA{A|@}BhBsDdCk@d@gAbAwAnBc@f@_A|Bi@|Ac@dBYzBI`AGfA?tAFxAHtA^xCt@hFPlBdAnHRrBPj@hDfWfBtNZ|BtAtKTdD?t@E`@Kf@}CrMYfAy@tDuCdMa@hB[lCA^JP\\\\ZTb@\\\\z@\\\\pAhDjPrBhJBdAA\\\\CVBV`@`Ar@dARd@Rv@nCrMbFlUHn@Ep@o@~@{LtM{C~CeDpDuDvDcBxAkDtCkAhA_DdDm@h@aAn@YFQHUp@_@`AqAxA}C~CmBvBmGtGwd@lT_GlCcLhFlYzt@zGvPcTl@gJx@g@H{@f@eWvLgNdGX`@fHkDrNmG`MaGdAKZQxL]jPc@j@IJwAmF{MgUwl@gDqI|E}BnAq@`DuAnOiHbI_EpLmFpAq@p@g@xCcDjBeBdDqDbCgCfBuAV?TIHKNi@\\\\{@^k@hBcBfDkDxDgDvBmBlByBtBuBvIkJjBmB|GyGvDgEX_@HU@WkAyD]wA_DkN_DeOK{@Mi@i@aBm@{C_BuGOqACg@YkBMaASwD?aAFaALeAkAsGmAkGDm@Hg@Hm@B@D[L_AHuA^uBPaAj@}BfA_EPiAF_A?wAQgBMs@}@yHUu@qBqEYaAOeAmDmXkDyVuAqKMkAImAAkA?oAFsALiA`@cCT_AXy@z@sB`@u@d@s@rA}A`BwAp@g@dBeAfJmGtHaG|AgBl@u@nDiFfCmDn@w@fBgBlB_BlFsD|I{G`JoHv@w@p@w@j@{@pAeCbAmCVaAh@cDFy@HoDEaAa@{Ew@kFWkAc@iCMyC?mFJcDJoA^{CPgA|@_Ep@qBt@gB`CeEjCuD`@m@\\\\q@bDcFrImOnAkDzDmJdA}BjBuFtAwFtAeIb@yAJi@Da@EcAB{GNyE@gEGuBDwFAi@K{AUcBSy@Wy@_@}@c@{@aFaI]u@Qu@G_DDc@XiAh@_At@eA`@[bAm@d@QjBe@p@EvA?rB^`EdAd@LjBv@jBp@dAl@`Bx@|BvAxBhBjBxAdAhAvFdHnAhAn@f@|AfAdBfAn@\\\\rEdBxDx@n@FpCPb@FfAf@|ChBv@ZlBr@r@^XNdBnA`Af@`@FJF\\\\@pAAzBGTBHD\\\\H|@^~CbBlD`B~@dA`@j@@Hb@d@bG~FbCfCjAdARH~AnAjAd@fAj@~B`Aj@N|Bx@XFh@@pALh@J|BPzCb@bA@hG`CvCrAjEdBd@VdGnCbGdCxBjAdEbBb@VbA`@rEdBlH~BhDrAxBh@lAf@fAXpBl@vCjAz@^j@^rDvAfB|@VDjGnChA^~CvAtAb@bCt@nDz@|B\\\\rEdBjAXt@X`AXhGrBzBl@vAVt@RtARzDx@dCl@bAPfCn@~Ch@~Cr@nE|@rA^hDnBtEdCbBbA^PxEpClDhB~@^dBP`B?`@E`AO~Am@lBm@zDcApB]dD[j@CnCB`B?n@GlCa@n@Ch@?h@Bf@HfATfBl@`@R`@Td@j@pApAt@`Ad@f@f@`@n@\\\\ZLxBb@~@L`Cd@`Ch@~Ah@`@FdAJd@@jAC~FNnCPbK^fAFrCJlAJbALjAJjGP~ACn@ExIUxHYlACnDFbAHdCXR?LEPS?QKOWOa@IiAEo@@_AH", "data.route.shortName": "Niños Héroes", "data.route.longName": "8_Niños Héroes", "slug": "ruta-8-ninos-heroes.4f6", "type": "Bus", "color": null, "trips": [ ], "shape_id": "shape_2301" }, "geometry": { "type": "LineString", "coordinates": [ [ -86.78292, 21.04253 ], [ -86.78313, 21.04523 ], [ -86.78325, 21.04715 ], [ -86.78317, 21.04833 ], [ -86.78272, 21.05319 ], [ -86.78244, 21.05583 ], [ -86.78169, 21.05858 ], [ -86.78162, 21.05879 ], [ -86.78154, 21.05898 ], [ -86.78143, 21.05915 ], [ -86.7813, 21.05931 ], [ -86.78044, 21.0601 ], [ -86.78019, 21.06035 ], [ -86.78007, 21.06048 ], [ -86.77989, 21.06077 ], [ -86.77979, 21.06094 ], [ -86.77971, 21.06113 ], [ -86.77943, 21.06198 ], [ -86.77938, 21.06219 ], [ -86.7793, 21.06263 ], [ -86.77928, 21.06285 ], [ -86.7793, 21.06331 ], [ -86.77932, 21.06354 ], [ -86.77942, 21.06401 ], [ -86.78049, 21.06853 ], [ -86.78055, 21.06895 ], [ -86.78056, 21.06913 ], [ -86.78053, 21.06929 ], [ -86.78029, 21.06993 ], [ -86.77997, 21.07082 ], [ -86.77976, 21.07137 ], [ -86.77949, 21.07191 ], [ -86.77935, 21.07211 ], [ -86.77924, 21.07229 ], [ -86.77896, 21.07268 ], [ -86.77825, 21.07374 ], [ -86.77796, 21.07422 ], [ -86.77782, 21.07441 ], [ -86.77757, 21.0747 ], [ -86.77742, 21.07525 ], [ -86.77731, 21.07576 ], [ -86.77715, 21.07624 ], [ -86.77701, 21.07676 ], [ -86.77684, 21.07729 ], [ -86.77668, 21.07796 ], [ -86.77646, 21.0786 ], [ -86.7761, 21.07975 ], [ -86.77556, 21.08138 ], [ -86.77548, 21.08177 ], [ -86.77542, 21.08186 ], [ -86.7754, 21.08197 ], [ -86.77527, 21.0823 ], [ -86.77449, 21.084 ], [ -86.77427, 21.08465 ], [ -86.77389, 21.08551 ], [ -86.77353, 21.08664 ], [ -86.77345, 21.08687 ], [ -86.77277, 21.08839 ], [ -86.77213, 21.08974 ], [ -86.77157, 21.09079 ], [ -86.77114, 21.09164 ], [ -86.77043, 21.09288 ], [ -86.76989, 21.09409 ], [ -86.76956, 21.09491 ], [ -86.76937, 21.09532 ], [ -86.76921, 21.09575 ], [ -86.76892, 21.09635 ], [ -86.76859, 21.09717 ], [ -86.76831, 21.09775 ], [ -86.76784, 21.09879 ], [ -86.76763, 21.09921 ], [ -86.7675, 21.0994 ], [ -86.76704, 21.10025 ], [ -86.76655, 21.1011 ], [ -86.76482, 21.10432 ], [ -86.76445, 21.10506 ], [ -86.76419, 21.10555 ], [ -86.7636, 21.10678 ], [ -86.76358, 21.10713 ], [ -86.76355, 21.10733 ], [ -86.76341, 21.10799 ], [ -86.76323, 21.10868 ], [ -86.76305, 21.10952 ], [ -86.7627, 21.11045 ], [ -86.76235, 21.11112 ], [ -86.76214, 21.11147 ], [ -86.76169, 21.11211 ], [ -86.7613, 21.11258 ], [ -86.761, 21.11285 ], [ -86.76075, 21.113 ], [ -86.76053, 21.11319 ], [ -86.75994, 21.11395 ], [ -86.75965, 21.11419 ], [ -86.75906, 21.11484 ], [ -86.75897, 21.11489 ], [ -86.75847, 21.11533 ], [ -86.75837, 21.11546 ], [ -86.75808, 21.11599 ], [ -86.75753, 21.11689 ], [ -86.7573, 21.11733 ], [ -86.75723, 21.11759 ], [ -86.75721, 21.11774 ], [ -86.75721, 21.11792 ], [ -86.75727, 21.11844 ], [ -86.75724, 21.11877 ], [ -86.7572, 21.11889 ], [ -86.75703, 21.11915 ], [ -86.7567, 21.11956 ], [ -86.75649, 21.11986 ], [ -86.75622, 21.12039 ], [ -86.75608, 21.12076 ], [ -86.7559, 21.1211 ], [ -86.7558, 21.12124 ], [ -86.75563, 21.12155 ], [ -86.7553, 21.12196 ], [ -86.75514, 21.12223 ], [ -86.75508, 21.12237 ], [ -86.75502, 21.1227 ], [ -86.75501, 21.12323 ], [ -86.75498, 21.12342 ], [ -86.75482, 21.12398 ], [ -86.75468, 21.12439 ], [ -86.75459, 21.1246 ], [ -86.75449, 21.1248 ], [ -86.75403, 21.12565 ], [ -86.75358, 21.12629 ], [ -86.75302, 21.12696 ], [ -86.75284, 21.12714 ], [ -86.75227, 21.12766 ], [ -86.75183, 21.128 ], [ -86.75139, 21.12836 ], [ -86.75061, 21.12912 ], [ -86.75032, 21.12955 ], [ -86.74991, 21.13004 ], [ -86.74952, 21.13057 ], [ -86.74882, 21.13139 ], [ -86.74827, 21.13199 ], [ -86.74794, 21.13244 ], [ -86.74778, 21.13264 ], [ -86.7473, 21.13311 ], [ -86.74699, 21.13338 ], [ -86.74667, 21.13364 ], [ -86.74651, 21.13379 ], [ -86.74637, 21.13397 ], [ -86.74611, 21.13434 ], [ -86.74605, 21.13453 ], [ -86.74603, 21.1347 ], [ -86.74606, 21.13489 ], [ -86.74612, 21.13511 ], [ -86.74618, 21.13525 ], [ -86.74625, 21.13536 ], [ -86.74649, 21.13555 ], [ -86.74727, 21.13601 ], [ -86.74808, 21.13654 ], [ -86.74874, 21.13709 ], [ -86.7489, 21.13724 ], [ -86.74918, 21.13757 ], [ -86.74949, 21.13787 ], [ -86.74977, 21.13803 ], [ -86.74993, 21.13809 ], [ -86.75026, 21.13816 ], [ -86.75042, 21.13817 ], [ -86.75085, 21.13813 ], [ -86.7511, 21.13806 ], [ -86.75134, 21.13793 ], [ -86.75167, 21.13766 ], [ -86.75181, 21.13751 ], [ -86.75193, 21.13732 ], [ -86.75203, 21.1371 ], [ -86.75213, 21.13676 ], [ -86.75219, 21.13659 ], [ -86.7523, 21.13625 ], [ -86.75245, 21.13601 ], [ -86.75254, 21.13588 ], [ -86.75276, 21.13566 ], [ -86.75322, 21.13535 ], [ -86.75386, 21.13505 ], [ -86.75431, 21.13492 ], [ -86.75454, 21.13487 ], [ -86.75523, 21.13481 ], [ -86.75657, 21.13484 ], [ -86.75786, 21.13484 ], [ -86.75878, 21.13487 ], [ -86.75946, 21.13492 ], [ -86.75997, 21.13492 ], [ -86.76143, 21.1351 ], [ -86.76288, 21.13546 ], [ -86.76344, 21.13562 ], [ -86.76372, 21.13571 ], [ -86.76476, 21.13609 ], [ -86.76599, 21.13666 ], [ -86.76622, 21.13678 ], [ -86.76665, 21.13704 ], [ -86.76709, 21.13724 ], [ -86.76778, 21.13758 ], [ -86.76983, 21.13871 ], [ -86.77045, 21.13913 ], [ -86.77112, 21.13952 ], [ -86.77153, 21.13979 ], [ -86.77295, 21.14079 ], [ -86.77337, 21.14105 ], [ -86.7737, 21.14133 ], [ -86.77428, 21.14176 ], [ -86.77486, 21.14216 ], [ -86.77552, 21.14258 ], [ -86.77601, 21.14294 ], [ -86.77697, 21.14359 ], [ -86.7775, 21.14386 ], [ -86.77818, 21.1441 ], [ -86.77854, 21.14419 ], [ -86.77932, 21.14428 ], [ -86.78013, 21.14428 ], [ -86.78051, 21.14425 ], [ -86.7809, 21.14417 ], [ -86.78149, 21.14401 ], [ -86.78201, 21.14381 ], [ -86.78351, 21.14313 ], [ -86.78376, 21.14304 ], [ -86.78446, 21.14286 ], [ -86.78532, 21.14278 ], [ -86.78586, 21.14279 ], [ -86.78669, 21.14289 ], [ -86.78718, 21.14301 ], [ -86.78743, 21.1431 ], [ -86.78769, 21.1432 ], [ -86.78854, 21.14364 ], [ -86.78909, 21.14399 ], [ -86.78936, 21.14419 ], [ -86.79004, 21.14491 ], [ -86.79048, 21.14544 ], [ -86.79165, 21.14689 ], [ -86.79241, 21.14778 ], [ -86.79325, 21.14891 ], [ -86.79368, 21.14938 ], [ -86.79387, 21.14963 ], [ -86.79456, 21.15032 ], [ -86.79505, 21.15076 ], [ -86.79696, 21.15222 ], [ -86.79771, 21.15296 ], [ -86.79837, 21.15374 ], [ -86.79903, 21.15449 ], [ -86.79945, 21.15505 ], [ -86.79976, 21.15551 ], [ -86.80029, 21.15614 ], [ -86.80096, 21.15704 ], [ -86.80115, 21.15726 ], [ -86.80149, 21.15762 ], [ -86.80205, 21.15806 ], [ -86.80225, 21.15824 ], [ -86.80288, 21.15856 ], [ -86.80335, 21.15877 ], [ -86.80386, 21.15895 ], [ -86.80448, 21.15908 ], [ -86.80481, 21.15913 ], [ -86.80517, 21.15917 ], [ -86.8056, 21.15917 ], [ -86.80605, 21.15913 ], [ -86.80648, 21.15908 ], [ -86.80725, 21.15892 ], [ -86.80842, 21.15865 ], [ -86.80897, 21.15856 ], [ -86.81049, 21.15821 ], [ -86.81107, 21.15811 ], [ -86.81129, 21.15802 ], [ -86.81517, 21.15717 ], [ -86.81768, 21.15665 ], [ -86.81831, 21.15651 ], [ -86.82034, 21.15608 ], [ -86.82117, 21.15597 ], [ -86.82144, 21.15597 ], [ -86.82161, 21.156 ], [ -86.82181, 21.15606 ], [ -86.82415, 21.15685 ], [ -86.82451, 21.15698 ], [ -86.82542, 21.15727 ], [ -86.82769, 21.15802 ], [ -86.82822, 21.15819 ], [ -86.82893, 21.15833 ], [ -86.82909, 21.15834 ], [ -86.82918, 21.15828 ], [ -86.82932, 21.15813 ], [ -86.8295, 21.15802 ], [ -86.8298, 21.15787 ], [ -86.83021, 21.15772 ], [ -86.83299, 21.15687 ], [ -86.8348, 21.15629 ], [ -86.83515, 21.15627 ], [ -86.8353, 21.15628 ], [ -86.83542, 21.1563 ], [ -86.83554, 21.15628 ], [ -86.83587, 21.15611 ], [ -86.83622, 21.15585 ], [ -86.83641, 21.15575 ], [ -86.83669, 21.15565 ], [ -86.83903, 21.15493 ], [ -86.84262, 21.15379 ], [ -86.84286, 21.15374 ], [ -86.84311, 21.15377 ], [ -86.84343, 21.15401 ], [ -86.84578, 21.15623 ], [ -86.84658, 21.15701 ], [ -86.84747, 21.15784 ], [ -86.84839, 21.15875 ], [ -86.84884, 21.15925 ], [ -86.84959, 21.16011 ], [ -86.84996, 21.16049 ], [ -86.85079, 21.16129 ], [ -86.851, 21.16152 ], [ -86.85124, 21.16185 ], [ -86.85128, 21.16198 ], [ -86.85133, 21.16207 ], [ -86.85158, 21.16218 ], [ -86.85191, 21.16234 ], [ -86.85236, 21.16275 ], [ -86.85316, 21.16354 ], [ -86.85376, 21.16409 ], [ -86.85515, 21.16544 ], [ -86.85858, 21.17148 ], [ -86.85929, 21.17276 ], [ -86.86046, 21.17486 ], [ -86.86908, 21.17063 ], [ -86.87192, 21.16921 ], [ -86.87215, 21.17259 ], [ -86.87244, 21.17439 ], [ -86.87249, 21.17459 ], [ -86.87269, 21.17489 ], [ -86.87489, 21.17876 ], [ -86.8762, 21.1812 ], [ -86.87637, 21.18107 ], [ -86.87551, 21.17959 ], [ -86.87416, 21.17709 ], [ -86.87287, 21.17484 ], [ -86.87281, 21.17449 ], [ -86.87272, 21.17435 ], [ -86.87257, 21.17214 ], [ -86.87239, 21.16936 ], [ -86.87234, 21.16914 ], [ -86.8719, 21.16908 ], [ -86.86952, 21.17027 ], [ -86.8622, 21.17383 ], [ -86.86051, 21.17467 ], [ -86.85988, 21.17356 ], [ -86.85963, 21.17316 ], [ -86.8592, 21.17235 ], [ -86.85771, 21.16971 ], [ -86.85675, 21.16809 ], [ -86.85556, 21.16592 ], [ -86.85531, 21.16551 ], [ -86.85511, 21.16526 ], [ -86.85429, 21.16449 ], [ -86.85378, 21.16395 ], [ -86.85289, 21.16312 ], [ -86.85221, 21.16246 ], [ -86.85178, 21.16194 ], [ -86.85178, 21.16182 ], [ -86.85173, 21.16171 ], [ -86.85167, 21.16166 ], [ -86.85146, 21.16158 ], [ -86.85116, 21.16143 ], [ -86.85094, 21.16127 ], [ -86.85044, 21.16074 ], [ -86.84958, 21.1599 ], [ -86.84874, 21.15897 ], [ -86.84819, 21.15837 ], [ -86.84758, 21.15782 ], [ -86.84699, 21.15723 ], [ -86.84517, 21.15551 ], [ -86.84462, 21.15497 ], [ -86.84321, 21.15354 ], [ -86.84221, 21.15262 ], [ -86.84205, 21.15249 ], [ -86.84194, 21.15244 ], [ -86.84182, 21.15243 ], [ -86.84089, 21.15281 ], [ -86.84045, 21.15296 ], [ -86.83799, 21.15376 ], [ -86.8354, 21.15456 ], [ -86.8351, 21.15462 ], [ -86.83489, 21.15469 ], [ -86.8344, 21.1549 ], [ -86.83362, 21.15513 ], [ -86.83223, 21.15561 ], [ -86.83182, 21.15569 ], [ -86.83162, 21.15571 ], [ -86.83108, 21.15584 ], [ -86.83075, 21.15591 ], [ -86.82983, 21.15601 ], [ -86.8295, 21.15601 ], [ -86.82917, 21.15597 ], [ -86.82882, 21.1559 ], [ -86.82744, 21.15628 ], [ -86.8261, 21.15667 ], [ -86.82587, 21.15664 ], [ -86.82567, 21.15659 ], [ -86.82544, 21.15654 ], [ -86.82545, 21.15652 ], [ -86.82531, 21.15649 ], [ -86.82499, 21.15642 ], [ -86.82456, 21.15637 ], [ -86.82397, 21.15621 ], [ -86.82364, 21.15612 ], [ -86.82301, 21.1559 ], [ -86.82205, 21.15554 ], [ -86.82168, 21.15545 ], [ -86.82136, 21.15541 ], [ -86.82092, 21.15541 ], [ -86.8204, 21.1555 ], [ -86.82014, 21.15557 ], [ -86.81857, 21.15588 ], [ -86.8183, 21.15599 ], [ -86.81725, 21.15656 ], [ -86.81692, 21.15669 ], [ -86.81657, 21.15677 ], [ -86.8125, 21.15764 ], [ -86.80869, 21.1585 ], [ -86.80668, 21.15893 ], [ -86.8063, 21.159 ], [ -86.80591, 21.15905 ], [ -86.80553, 21.15906 ], [ -86.80513, 21.15906 ], [ -86.80471, 21.15902 ], [ -86.80434, 21.15895 ], [ -86.80368, 21.15878 ], [ -86.80336, 21.15867 ], [ -86.80307, 21.15854 ], [ -86.80249, 21.15824 ], [ -86.80222, 21.15807 ], [ -86.80196, 21.15788 ], [ -86.80149, 21.15746 ], [ -86.80105, 21.15697 ], [ -86.80085, 21.15672 ], [ -86.8005, 21.15621 ], [ -86.79915, 21.15441 ], [ -86.79786, 21.15286 ], [ -86.79734, 21.15239 ], [ -86.79707, 21.15216 ], [ -86.7959, 21.15128 ], [ -86.79503, 21.1506 ], [ -86.79475, 21.15036 ], [ -86.79423, 21.14984 ], [ -86.79375, 21.14929 ], [ -86.79285, 21.1481 ], [ -86.79143, 21.14635 ], [ -86.78991, 21.14458 ], [ -86.78963, 21.1443 ], [ -86.78935, 21.14405 ], [ -86.78905, 21.14383 ], [ -86.78838, 21.14342 ], [ -86.78767, 21.14308 ], [ -86.78734, 21.14296 ], [ -86.78652, 21.14275 ], [ -86.78623, 21.14271 ], [ -86.78535, 21.14266 ], [ -86.78502, 21.14269 ], [ -86.78392, 21.14286 ], [ -86.78274, 21.14314 ], [ -86.78236, 21.14326 ], [ -86.78167, 21.14344 ], [ -86.7809, 21.14351 ], [ -86.77971, 21.14351 ], [ -86.77889, 21.14345 ], [ -86.77849, 21.14339 ], [ -86.77771, 21.14323 ], [ -86.77735, 21.14314 ], [ -86.77639, 21.14283 ], [ -86.77582, 21.14258 ], [ -86.7753, 21.14231 ], [ -86.77431, 21.14166 ], [ -86.7734, 21.14096 ], [ -86.77317, 21.14079 ], [ -86.77292, 21.14064 ], [ -86.77178, 21.13982 ], [ -86.76915, 21.13812 ], [ -86.76829, 21.13772 ], [ -86.76646, 21.13678 ], [ -86.76583, 21.13643 ], [ -86.7646, 21.13589 ], [ -86.76336, 21.13546 ], [ -86.76173, 21.13503 ], [ -86.76128, 21.13485 ], [ -86.76107, 21.13479 ], [ -86.7609, 21.13476 ], [ -86.76056, 21.13479 ], [ -86.75914, 21.13477 ], [ -86.75805, 21.13469 ], [ -86.75705, 21.13468 ], [ -86.75646, 21.13472 ], [ -86.75522, 21.13469 ], [ -86.75501, 21.1347 ], [ -86.75455, 21.13476 ], [ -86.75405, 21.13487 ], [ -86.75376, 21.13497 ], [ -86.75347, 21.13509 ], [ -86.75316, 21.13525 ], [ -86.75286, 21.13543 ], [ -86.75125, 21.13656 ], [ -86.75098, 21.13671 ], [ -86.75071, 21.1368 ], [ -86.74991, 21.13684 ], [ -86.74973, 21.13681 ], [ -86.74936, 21.13668 ], [ -86.74904, 21.13647 ], [ -86.74869, 21.1362 ], [ -86.74855, 21.13603 ], [ -86.74832, 21.13569 ], [ -86.74823, 21.1355 ], [ -86.74804, 21.13496 ], [ -86.74801, 21.13471 ], [ -86.74801, 21.13427 ], [ -86.74817, 21.13369 ], [ -86.74852, 21.13272 ], [ -86.74859, 21.13253 ], [ -86.74887, 21.13199 ], [ -86.74912, 21.13145 ], [ -86.74935, 21.1311 ], [ -86.74964, 21.13061 ], [ -86.75008, 21.12998 ], [ -86.75061, 21.12937 ], [ -86.75106, 21.12883 ], [ -86.75143, 21.12848 ], [ -86.7529, 21.12724 ], [ -86.75327, 21.12684 ], [ -86.75347, 21.1266 ], [ -86.75383, 21.12613 ], [ -86.75419, 21.12562 ], [ -86.75434, 21.12538 ], [ -86.75485, 21.12432 ], [ -86.75514, 21.12339 ], [ -86.75518, 21.12315 ], [ -86.75527, 21.12242 ], [ -86.75531, 21.12224 ], [ -86.75551, 21.12188 ], [ -86.75604, 21.12109 ], [ -86.75618, 21.12081 ], [ -86.75644, 21.12026 ], [ -86.7566, 21.12 ], [ -86.75668, 21.11987 ], [ -86.75708, 21.11936 ], [ -86.75728, 21.11903 ], [ -86.75732, 21.11886 ], [ -86.75736, 21.1188 ], [ -86.75737, 21.11865 ], [ -86.75736, 21.11824 ], [ -86.75732, 21.11762 ], [ -86.75734, 21.11751 ], [ -86.75737, 21.11746 ], [ -86.75742, 21.11731 ], [ -86.75758, 21.117 ], [ -86.75808, 21.1162 ], [ -86.75857, 21.11533 ], [ -86.75892, 21.11501 ], [ -86.75914, 21.11484 ], [ -86.75919, 21.11483 ], [ -86.75938, 21.11465 ], [ -86.76066, 21.11335 ], [ -86.76134, 21.11269 ], [ -86.76169, 21.11231 ], [ -86.76174, 21.11221 ], [ -86.76214, 21.11173 ], [ -86.76233, 21.11135 ], [ -86.76255, 21.11099 ], [ -86.76288, 21.11035 ], [ -86.76296, 21.11013 ], [ -86.76325, 21.1095 ], [ -86.76329, 21.10937 ], [ -86.7633, 21.10916 ], [ -86.76337, 21.10875 ], [ -86.76343, 21.10854 ], [ -86.76352, 21.10791 ], [ -86.7637, 21.10713 ], [ -86.76371, 21.10679 ], [ -86.76436, 21.10546 ], [ -86.76478, 21.1047 ], [ -86.76529, 21.10368 ], [ -86.76541, 21.10349 ], [ -86.76613, 21.10218 ], [ -86.7668, 21.10088 ], [ -86.76718, 21.10027 ], [ -86.76768, 21.09928 ], [ -86.7678, 21.0991 ], [ -86.76797, 21.09876 ], [ -86.76848, 21.0977 ], [ -86.76912, 21.09619 ], [ -86.76954, 21.09534 ], [ -86.76975, 21.09473 ], [ -86.76995, 21.09434 ], [ -86.77008, 21.09398 ], [ -86.77031, 21.09341 ], [ -86.77069, 21.09265 ], [ -86.77085, 21.09235 ], [ -86.77101, 21.09213 ], [ -86.77145, 21.09123 ], [ -86.77176, 21.09071 ], [ -86.77179, 21.09059 ], [ -86.77251, 21.08925 ], [ -86.77267, 21.08888 ], [ -86.77311, 21.08808 ], [ -86.77329, 21.08765 ], [ -86.77356, 21.08699 ], [ -86.77386, 21.08611 ], [ -86.77401, 21.08548 ], [ -86.77452, 21.08442 ], [ -86.77465, 21.08404 ], [ -86.77478, 21.08377 ], [ -86.77491, 21.08344 ], [ -86.77549, 21.08211 ], [ -86.77572, 21.08149 ], [ -86.77584, 21.08105 ], [ -86.77594, 21.08078 ], [ -86.77604, 21.08035 ], [ -86.77633, 21.07941 ], [ -86.77656, 21.07874 ], [ -86.77665, 21.0784 ], [ -86.77689, 21.07772 ], [ -86.7771, 21.07692 ], [ -86.77736, 21.07612 ], [ -86.77767, 21.07508 ], [ -86.77783, 21.07466 ], [ -86.77839, 21.07381 ], [ -86.77906, 21.07274 ], [ -86.7794, 21.07224 ], [ -86.77949, 21.07208 ], [ -86.78022, 21.07099 ], [ -86.78075, 21.07012 ], [ -86.78091, 21.0698 ], [ -86.781, 21.06929 ], [ -86.781, 21.0688 ], [ -86.78097, 21.06863 ], [ -86.78089, 21.0683 ], [ -86.78066, 21.06782 ], [ -86.78043, 21.06727 ], [ -86.78009, 21.06633 ], [ -86.77994, 21.06576 ], [ -86.7798, 21.06493 ], [ -86.77978, 21.06471 ], [ -86.7798, 21.06399 ], [ -86.7798, 21.0635 ], [ -86.77976, 21.06326 ], [ -86.77959, 21.06255 ], [ -86.77957, 21.06231 ], [ -86.77957, 21.0621 ], [ -86.77959, 21.06189 ], [ -86.77964, 21.06169 ], [ -86.77975, 21.06133 ], [ -86.77998, 21.06081 ], [ -86.78008, 21.06064 ], [ -86.78019, 21.06047 ], [ -86.78041, 21.06028 ], [ -86.78082, 21.05987 ], [ -86.78115, 21.0596 ], [ -86.78135, 21.05941 ], [ -86.78152, 21.05921 ], [ -86.78167, 21.05897 ], [ -86.78174, 21.05883 ], [ -86.78192, 21.05822 ], [ -86.78199, 21.0579 ], [ -86.78218, 21.05725 ], [ -86.78239, 21.0566 ], [ -86.7826, 21.05612 ], [ -86.78264, 21.05595 ], [ -86.7827, 21.0556 ], [ -86.78271, 21.05541 ], [ -86.78269, 21.05503 ], [ -86.78277, 21.05375 ], [ -86.78286, 21.05303 ], [ -86.78302, 21.05109 ], [ -86.78306, 21.05073 ], [ -86.78312, 21.04999 ], [ -86.78318, 21.0496 ], [ -86.78325, 21.04926 ], [ -86.78331, 21.04888 ], [ -86.7834, 21.04754 ], [ -86.78338, 21.04706 ], [ -86.78335, 21.04682 ], [ -86.78324, 21.04509 ], [ -86.78311, 21.04352 ], [ -86.78309, 21.04313 ], [ -86.78313, 21.04225 ], [ -86.78318, 21.04191 ], [ -86.78331, 21.04124 ], [ -86.78331, 21.04114 ], [ -86.78328, 21.04107 ], [ -86.78318, 21.04098 ], [ -86.78309, 21.04098 ], [ -86.78301, 21.04104 ], [ -86.78293, 21.04116 ], [ -86.78288, 21.04133 ], [ -86.78285, 21.0417 ], [ -86.78286, 21.04194 ], [ -86.78291, 21.04226 ] ] } },
{ "type": "Feature", "properties": { "ciudad_nombre": "Cancún", "encodedLine": "{sa`Cpq_qOyIpJ_HdH]RW?WGQQSe@Uw@o@eDqB}IiDuOi@yCKYyAD{BRoAp@]f@Yn@m@~@}BnCkIbJ[L_@De@Cc@MYUk@sAqCgIOs@Ai@@s@Jo@Ts@lAkCHg@?k@Oi@[a@{EoBs@a@Ua@Qk@O{@GmAYyI@}@Lc@LQRMXKZExCGrEQ`FIhAFd@PJ@LA^M`AOfDO~@Cz@HRCRKDSAc@Eg@o@mCqBwIXgBd@uEjDcNHgBT[Ka@a@]c@D_@LmEI}IWeWu@cBI_Ba@{ABGl@l@pDSpHJbBEh@Rb@ThBGx@w@rB_@Lw@Ve@DaBFy@?{@FiN`@eLb@eABaBb@a@FsI^k@A]G[A_AB[DSHa@\\\\GPyAn@yFpB{DnAYNODK@IKIO_D{IWi@iAsB_@{@aEiKiEqKwAwDoAuCm@GsEOq@?oCGgMc@gN_@KBEFCTXz@h@pAj@lAlEtKbDlHXx@BLKHwAf@oEfBuDrAuHzCaA\\\\WDIaDa@}\\\\IaJD}@wKOeAECr@VpU@zEs@AgOs@uMa@mAIsCEQH?l@D|@BFFDZBlGPxCP^?FABE@sB`BHvDJvMl@b@Aa@g\\\\BGFAjA@|BHhBJdBBND@HJlH@xBh@z^BPHFH?tBq@fHsCtBu@rD{AtDuAHMEQg@kA?GeAeCuCyGiAsCaDoHIY@ELCjEJ`IX|CFdUr@vB~FtDfJdGxO|@zAf@`AtArDz@rCTl@^h@H?LEJQpBy@xE}A`Ac@hAc@zAe@f@WTCdDQtDKrDQjALrABvFSfCE~Ka@vISlCQ^RPDl@?l@I\\\\[t@i@xACrH[nJQpFIjBF_DlNi@hAg@x@k@d@c@ViANmAF_LRmAFo@DSHIL?RRdAFf@P~CN|DAtA_@~B[~@gAzB_@`ACn@Fb@L\\\\V\\\\h@^vC`BvA~@p@l@rAlB~@xBx@`CBb@ARO`BFP`Ax@p@TZFT?ZI^w@r@}@rKsLh@k@pBmAb@_@Re@PYTO\\\\I`AK\\\\?PDl@dCXrA@\\\\zA~GRr@z@`ErAxFd@~BV`AXr@j@dAXFPGPOTYbHaHbEsEzI{I`FsFfAcAHM@MGa@yBmAkIgFmAq@U?CLDFLJp@^XT}AcArBrAlI`Fb@ZNR?b@EPgCdCqF`G", "data.route.shortName": "Corales - Mega Kabah", "data.route.longName": "9_Corales - Mega Kabah", "slug": "ruta-9-corales-mega-kabah.4ey", "type": "Bus", "color": null, "trips": [ ], "shape_id": "shape_2294" }, "geometry": { "type": "LineString", "coordinates": [ [ -86.83817, 21.14894 ], [ -86.84002, 21.15067 ], [ -86.84149, 21.15211 ], [ -86.84159, 21.15226 ], [ -86.84159, 21.15238 ], [ -86.84155, 21.1525 ], [ -86.84146, 21.15259 ], [ -86.84127, 21.15269 ], [ -86.84099, 21.1528 ], [ -86.84016, 21.15304 ], [ -86.83841, 21.15361 ], [ -86.83574, 21.15446 ], [ -86.83497, 21.15467 ], [ -86.83484, 21.15473 ], [ -86.83487, 21.15518 ], [ -86.83497, 21.1558 ], [ -86.83522, 21.1562 ], [ -86.83542, 21.15635 ], [ -86.83566, 21.15648 ], [ -86.83598, 21.15671 ], [ -86.8367, 21.15734 ], [ -86.83848, 21.159 ], [ -86.83855, 21.15914 ], [ -86.83858, 21.1593 ], [ -86.83856, 21.15949 ], [ -86.83849, 21.15967 ], [ -86.83838, 21.1598 ], [ -86.83796, 21.16002 ], [ -86.83632, 21.16075 ], [ -86.83606, 21.16083 ], [ -86.83585, 21.16084 ], [ -86.83559, 21.16083 ], [ -86.83535, 21.16077 ], [ -86.83509, 21.16066 ], [ -86.83439, 21.16027 ], [ -86.83419, 21.16022 ], [ -86.83397, 21.16022 ], [ -86.83376, 21.1603 ], [ -86.83359, 21.16044 ], [ -86.83303, 21.16154 ], [ -86.83286, 21.1618 ], [ -86.83269, 21.16191 ], [ -86.83247, 21.162 ], [ -86.83217, 21.16208 ], [ -86.83178, 21.16212 ], [ -86.83005, 21.16225 ], [ -86.82974, 21.16224 ], [ -86.82956, 21.16217 ], [ -86.82947, 21.1621 ], [ -86.8294, 21.162 ], [ -86.82934, 21.16187 ], [ -86.82931, 21.16173 ], [ -86.82927, 21.16096 ], [ -86.82918, 21.1599 ], [ -86.82913, 21.15877 ], [ -86.82917, 21.1584 ], [ -86.82926, 21.15821 ], [ -86.82927, 21.15815 ], [ -86.82926, 21.15808 ], [ -86.82919, 21.15792 ], [ -86.82911, 21.15759 ], [ -86.82903, 21.15675 ], [ -86.82901, 21.15643 ], [ -86.82906, 21.15613 ], [ -86.82904, 21.15603 ], [ -86.82898, 21.15593 ], [ -86.82888, 21.1559 ], [ -86.8287, 21.15591 ], [ -86.8285, 21.15594 ], [ -86.82779, 21.15618 ], [ -86.82607, 21.15675 ], [ -86.82555, 21.15662 ], [ -86.82448, 21.15643 ], [ -86.82206, 21.15557 ], [ -86.82154, 21.15552 ], [ -86.8214, 21.15541 ], [ -86.82123, 21.15547 ], [ -86.82108, 21.15564 ], [ -86.82111, 21.15582 ], [ -86.82118, 21.15598 ], [ -86.82113, 21.15701 ], [ -86.82101, 21.15876 ], [ -86.82074, 21.16263 ], [ -86.82069, 21.16313 ], [ -86.82052, 21.16361 ], [ -86.82054, 21.16407 ], [ -86.82077, 21.16411 ], [ -86.82166, 21.16388 ], [ -86.82319, 21.16398 ], [ -86.82369, 21.16392 ], [ -86.8239, 21.16395 ], [ -86.82408, 21.16385 ], [ -86.82461, 21.16374 ], [ -86.8249, 21.16378 ], [ -86.82548, 21.16406 ], [ -86.82555, 21.16422 ], [ -86.82567, 21.1645 ], [ -86.8257, 21.16469 ], [ -86.82574, 21.16518 ], [ -86.82574, 21.16547 ], [ -86.82578, 21.16577 ], [ -86.82595, 21.16822 ], [ -86.82613, 21.17033 ], [ -86.82615, 21.17068 ], [ -86.82633, 21.17117 ], [ -86.82637, 21.17134 ], [ -86.82653, 21.17304 ], [ -86.82652, 21.17326 ], [ -86.82648, 21.17341 ], [ -86.82647, 21.17355 ], [ -86.82649, 21.17387 ], [ -86.82652, 21.17401 ], [ -86.82657, 21.17411 ], [ -86.82672, 21.17428 ], [ -86.82681, 21.17432 ], [ -86.82705, 21.17477 ], [ -86.82762, 21.17602 ], [ -86.82802, 21.17696 ], [ -86.8281, 21.17709 ], [ -86.82813, 21.17717 ], [ -86.82814, 21.17723 ], [ -86.82808, 21.17728 ], [ -86.828, 21.17733 ], [ -86.82626, 21.17813 ], [ -86.82605, 21.17825 ], [ -86.82547, 21.17862 ], [ -86.82517, 21.17878 ], [ -86.8232, 21.17975 ], [ -86.82119, 21.18076 ], [ -86.82027, 21.1812 ], [ -86.81952, 21.1816 ], [ -86.81948, 21.18183 ], [ -86.8194, 21.18289 ], [ -86.8194, 21.18314 ], [ -86.81936, 21.18386 ], [ -86.81918, 21.18614 ], [ -86.81902, 21.18858 ], [ -86.81904, 21.18864 ], [ -86.81908, 21.18867 ], [ -86.81919, 21.18869 ], [ -86.81949, 21.18856 ], [ -86.8199, 21.18835 ], [ -86.82029, 21.18813 ], [ -86.82232, 21.1871 ], [ -86.82383, 21.18628 ], [ -86.82412, 21.18615 ], [ -86.82419, 21.18613 ], [ -86.82424, 21.18619 ], [ -86.82444, 21.18663 ], [ -86.82496, 21.18767 ], [ -86.82538, 21.18858 ], [ -86.82616, 21.19013 ], [ -86.82631, 21.19046 ], [ -86.82634, 21.19058 ], [ -86.82553, 21.19063 ], [ -86.82074, 21.1908 ], [ -86.81897, 21.19085 ], [ -86.81866, 21.19082 ], [ -86.81858, 21.19286 ], [ -86.81855, 21.19321 ], [ -86.81881, 21.19323 ], [ -86.82242, 21.19311 ], [ -86.82352, 21.1931 ], [ -86.82351, 21.19336 ], [ -86.82325, 21.19596 ], [ -86.82308, 21.19831 ], [ -86.82303, 21.1987 ], [ -86.823, 21.19944 ], [ -86.82305, 21.19953 ], [ -86.82328, 21.19953 ], [ -86.82359, 21.1995 ], [ -86.82363, 21.19948 ], [ -86.82366, 21.19944 ], [ -86.82368, 21.1993 ], [ -86.82377, 21.19795 ], [ -86.82386, 21.19718 ], [ -86.82386, 21.19702 ], [ -86.82385, 21.19698 ], [ -86.82382, 21.19696 ], [ -86.82324, 21.19695 ], [ -86.82329, 21.19646 ], [ -86.82335, 21.19554 ], [ -86.82358, 21.19318 ], [ -86.82357, 21.193 ], [ -86.81889, 21.19317 ], [ -86.81885, 21.19315 ], [ -86.81884, 21.19311 ], [ -86.81885, 21.19273 ], [ -86.8189, 21.1921 ], [ -86.81896, 21.19157 ], [ -86.81898, 21.19106 ], [ -86.81901, 21.19098 ], [ -86.81906, 21.19097 ], [ -86.82057, 21.19091 ], [ -86.82118, 21.1909 ], [ -86.82628, 21.19069 ], [ -86.82637, 21.19067 ], [ -86.82641, 21.19062 ], [ -86.82641, 21.19057 ], [ -86.82616, 21.18998 ], [ -86.82542, 21.1885 ], [ -86.82515, 21.18791 ], [ -86.82469, 21.18701 ], [ -86.82426, 21.1861 ], [ -86.82419, 21.18605 ], [ -86.8241, 21.18608 ], [ -86.82372, 21.18628 ], [ -86.82368, 21.18628 ], [ -86.82301, 21.18663 ], [ -86.8216, 21.18738 ], [ -86.82086, 21.18775 ], [ -86.81934, 21.18856 ], [ -86.81921, 21.18861 ], [ -86.81918, 21.1886 ], [ -86.81916, 21.18853 ], [ -86.81922, 21.18751 ], [ -86.81935, 21.1859 ], [ -86.81939, 21.18511 ], [ -86.81965, 21.18156 ], [ -86.82093, 21.18096 ], [ -86.82273, 21.18005 ], [ -86.82542, 21.17874 ], [ -86.82588, 21.17843 ], [ -86.82621, 21.17823 ], [ -86.82711, 21.1778 ], [ -86.82785, 21.1775 ], [ -86.82808, 21.17739 ], [ -86.82829, 21.17723 ], [ -86.82829, 21.17718 ], [ -86.82826, 21.17711 ], [ -86.82817, 21.17705 ], [ -86.82788, 21.17648 ], [ -86.82741, 21.17539 ], [ -86.82723, 21.17506 ], [ -86.82705, 21.17469 ], [ -86.82686, 21.17423 ], [ -86.82674, 21.17403 ], [ -86.82672, 21.17392 ], [ -86.82663, 21.17309 ], [ -86.82657, 21.17218 ], [ -86.82648, 21.17128 ], [ -86.82655, 21.1709 ], [ -86.82657, 21.17048 ], [ -86.82647, 21.16924 ], [ -86.82644, 21.16856 ], [ -86.82627, 21.16648 ], [ -86.82617, 21.16476 ], [ -86.82608, 21.16405 ], [ -86.82618, 21.16389 ], [ -86.82621, 21.1638 ], [ -86.82621, 21.16357 ], [ -86.82616, 21.16334 ], [ -86.82602, 21.16319 ], [ -86.82581, 21.16292 ], [ -86.82579, 21.16247 ], [ -86.82565, 21.16093 ], [ -86.82556, 21.15909 ], [ -86.82551, 21.15788 ], [ -86.82555, 21.15734 ], [ -86.82802, 21.15814 ], [ -86.82839, 21.15835 ], [ -86.82868, 21.15855 ], [ -86.82887, 21.15877 ], [ -86.82899, 21.15895 ], [ -86.82907, 21.15932 ], [ -86.82911, 21.15971 ], [ -86.82921, 21.16179 ], [ -86.82925, 21.16218 ], [ -86.82928, 21.16242 ], [ -86.82933, 21.16252 ], [ -86.8294, 21.16257 ], [ -86.8295, 21.16257 ], [ -86.82985, 21.16247 ], [ -86.83005, 21.16243 ], [ -86.83085, 21.16234 ], [ -86.8318, 21.16226 ], [ -86.83223, 21.16227 ], [ -86.83287, 21.16243 ], [ -86.83319, 21.16257 ], [ -86.83381, 21.16293 ], [ -86.83414, 21.16309 ], [ -86.83438, 21.16311 ], [ -86.83456, 21.16307 ], [ -86.83471, 21.163 ], [ -86.83486, 21.16288 ], [ -86.83502, 21.16267 ], [ -86.83551, 21.16191 ], [ -86.83583, 21.16147 ], [ -86.83606, 21.16122 ], [ -86.83661, 21.1608 ], [ -86.83722, 21.16048 ], [ -86.83787, 21.16019 ], [ -86.83805, 21.16017 ], [ -86.83815, 21.16018 ], [ -86.83864, 21.16026 ], [ -86.83873, 21.16022 ], [ -86.83902, 21.15989 ], [ -86.83913, 21.15964 ], [ -86.83917, 21.1595 ], [ -86.83917, 21.15939 ], [ -86.83912, 21.15925 ], [ -86.83884, 21.15909 ], [ -86.83853, 21.15883 ], [ -86.83635, 21.15681 ], [ -86.83613, 21.1566 ], [ -86.83574, 21.15603 ], [ -86.83558, 21.15585 ], [ -86.83539, 21.15575 ], [ -86.83526, 21.15566 ], [ -86.83518, 21.15555 ], [ -86.83513, 21.1554 ], [ -86.83507, 21.15507 ], [ -86.83507, 21.15492 ], [ -86.8351, 21.15483 ], [ -86.83577, 21.1546 ], [ -86.83619, 21.15447 ], [ -86.83634, 21.15446 ], [ -86.83778, 21.154 ], [ -86.83804, 21.1539 ], [ -86.83901, 21.1536 ], [ -86.84026, 21.15318 ], [ -86.8409, 21.15299 ], [ -86.84123, 21.15287 ], [ -86.84149, 21.15274 ], [ -86.84184, 21.15252 ], [ -86.84188, 21.15239 ], [ -86.84184, 21.1523 ], [ -86.84176, 21.15221 ], [ -86.84163, 21.1521 ], [ -86.84018, 21.15064 ], [ -86.83912, 21.14966 ], [ -86.83738, 21.14792 ], [ -86.83616, 21.14679 ], [ -86.83582, 21.14643 ], [ -86.83575, 21.14638 ], [ -86.83568, 21.14637 ], [ -86.83551, 21.14641 ], [ -86.83512, 21.14702 ], [ -86.83396, 21.14868 ], [ -86.83371, 21.14907 ], [ -86.83371, 21.14918 ], [ -86.83378, 21.1492 ], [ -86.83382, 21.14917 ], [ -86.83388, 21.1491 ], [ -86.83404, 21.14885 ], [ -86.83415, 21.14872 ], [ -86.83381, 21.14919 ], [ -86.83423, 21.14861 ], [ -86.83536, 21.14694 ], [ -86.8355, 21.14676 ], [ -86.8356, 21.14668 ], [ -86.83578, 21.14668 ], [ -86.83587, 21.14671 ], [ -86.83654, 21.14739 ], [ -86.83783, 21.1486 ] ] } },
{ "type": "Feature", "properties": { "ciudad_nombre": "Cancún", "encodedLine": "iz~_Cb_dqOfJGHADIBU]k]A_CEOkJ_IeCyAiBgBi@c@IOBK`AiAZa@?w@GmFCw[EoF@q@FGF?nGEvDGXIFGD_@EqE?yEEaFCuFQ_RAsDM_HOyD@UFKLErDIfCApBKp@Sp@Yz@eABm@L}@@g@Gg@W]e@[k@[i@Oe@Eg@DgATc@FoDFoCPyB@w@D}@L{@Py@ZqBbAkDlBiB^wDhA{@Xw@Zm@\\\\w@V}Bl@w@NyAF_@AUMOSG]AyDKo@Y{@e@{@sAqBaHkL[i@Qm@Kq@E{@]gPFUFKd@e@FSAq@G[OSYOQWK[A_@CYOEGFWh@m@x@[^a@Xs@H}@DqDHwNf@w@?_@GeAq@UI]BUL{@x@WJe@H{AHsBDmHVmBD{EX}ELiAQ]o@Iq@hBsGlAiFHqAFa@Qe@i@QmAPqA?oSi@iRo@iC_@yA@Kf@p@|ES~GHhAE^Ff@X|@DzAs@tBi@\\\\w@Ve@DaBFy@?{@FiN`@eLb@eABaBb@a@FsI^k@A]G[A_AB[DSHa@\\\\GPyAn@yFpB{DnAYNODK@IKIO_D{IWi@iAsB_@{@aEiKiEqKwAwDoAuCm@GsEOq@?oCG{Vy@sDIKBEFCTXz@h@pAj@lAlEtKrCrGlCzGf@bB`A`Et@lCZ|ABPCFcFUgFOqKg@{GUWEo@mh@IaJEUOEcL[O?IDEFAd@FdD?dBPtP?nAs@AgOs@uMa@mAIsCEQH?l@D|@BFFDZBlGPxCP^?FABE@sB`BHvDJvMl@b@Aa@g\\\\BGRA|DJhBJdBBNDBd@JjK^dWLpMFHHDbDR|Rr@jJ^PEFSKs@_@aBg@_ByAaG[aA}@aCiCkGuCyGiAsCaDoHGQ?M`@CdAFpBB`IX|CFdUr@vB~FtDfJdGxO|@zAf@`AtArDz@rCTl@^h@H?LEJQpBy@xE}A`Ac@hAc@zAe@f@WbBMvAGtDKrDQjALrABvFSfCE~Ka@vISlCQ^RPDV@TAl@IVGj@W`BOhIY|ACzFSxFOn@SnALfAA~@Ml@QL?\\\\RlKc@tCIbBA|CMlDIp@Gp@]f@AnABjDOjF]n@AZDb@Nh@@|CQ|CGrBKv@?h@Jr@d@|@v@B\\\\FvCZzK@|@Hh@Ph@V^TTnAfAXZrDfGjAfBXn@Xp@Jn@Bv@DtBEz@U`B?\\\\FXFBTCh@A`AIf@K|JgCtEeAlBYlBMxHS`CDNDLHHTHb@B`EDlLLlM?lLNxOApAERmKJIHCJC`@B|EAlBDtF?bGJbH@|HEPMPs@|@g@f@GL@HDD|B~ApCbClG`FHNHbDUFg@BaBBa@BIPFrD?jAD|BKx@{@|D{AfGAN@|ABNDFFD\\\\@v@C", "data.route.shortName": "Corales - Tecnológico", "data.route.longName": "11_Corales - Tecnológico", "slug": "ruta-11-corales-tecnologico.4eu", "type": "Bus", "color": null, "trips": [ ], "shape_id": "shape_2290" }, "geometry": { "type": "LineString", "coordinates": [ [ -86.86082, 21.13461 ], [ -86.86078, 21.13281 ], [ -86.86077, 21.13276 ], [ -86.86072, 21.13273 ], [ -86.86061, 21.13271 ], [ -86.85575, 21.13286 ], [ -86.85511, 21.13287 ], [ -86.85503, 21.1329 ], [ -86.85343, 21.13472 ], [ -86.85298, 21.13539 ], [ -86.85246, 21.13592 ], [ -86.85228, 21.13613 ], [ -86.8522, 21.13618 ], [ -86.85214, 21.13616 ], [ -86.85177, 21.13583 ], [ -86.8516, 21.13569 ], [ -86.85132, 21.13569 ], [ -86.85013, 21.13573 ], [ -86.84553, 21.13575 ], [ -86.84433, 21.13578 ], [ -86.84408, 21.13577 ], [ -86.84404, 21.13573 ], [ -86.84404, 21.13569 ], [ -86.84401, 21.13433 ], [ -86.84397, 21.13341 ], [ -86.84392, 21.13328 ], [ -86.84388, 21.13324 ], [ -86.84372, 21.13321 ], [ -86.84267, 21.13324 ], [ -86.84158, 21.13324 ], [ -86.84045, 21.13327 ], [ -86.83922, 21.13329 ], [ -86.83618, 21.13338 ], [ -86.83528, 21.13339 ], [ -86.83384, 21.13346 ], [ -86.83291, 21.13354 ], [ -86.8328, 21.13353 ], [ -86.83274, 21.13349 ], [ -86.83271, 21.13342 ], [ -86.83266, 21.13252 ], [ -86.83265, 21.13184 ], [ -86.83259, 21.13127 ], [ -86.83249, 21.13102 ], [ -86.83236, 21.13077 ], [ -86.83201, 21.13047 ], [ -86.83178, 21.13045 ], [ -86.83147, 21.13038 ], [ -86.83127, 21.13037 ], [ -86.83107, 21.13041 ], [ -86.83092, 21.13053 ], [ -86.83078, 21.13072 ], [ -86.83064, 21.13094 ], [ -86.83056, 21.13115 ], [ -86.83053, 21.13134 ], [ -86.83056, 21.13154 ], [ -86.83067, 21.1319 ], [ -86.83071, 21.13208 ], [ -86.83075, 21.13296 ], [ -86.83084, 21.13368 ], [ -86.83085, 21.13429 ], [ -86.83088, 21.13457 ], [ -86.83095, 21.13488 ], [ -86.83104, 21.13518 ], [ -86.83118, 21.13547 ], [ -86.83152, 21.13604 ], [ -86.83207, 21.1369 ], [ -86.83223, 21.13743 ], [ -86.8326, 21.13835 ], [ -86.83273, 21.13865 ], [ -86.83287, 21.13893 ], [ -86.83302, 21.13916 ], [ -86.83314, 21.13944 ], [ -86.83337, 21.14007 ], [ -86.83345, 21.14035 ], [ -86.83349, 21.1408 ], [ -86.83348, 21.14096 ], [ -86.83341, 21.14107 ], [ -86.83331, 21.14115 ], [ -86.83316, 21.14119 ], [ -86.83223, 21.1412 ], [ -86.83199, 21.14126 ], [ -86.83169, 21.14139 ], [ -86.83139, 21.14158 ], [ -86.83082, 21.142 ], [ -86.82868, 21.14345 ], [ -86.82847, 21.14359 ], [ -86.82824, 21.14368 ], [ -86.82799, 21.14374 ], [ -86.82769, 21.14377 ], [ -86.82493, 21.14392 ], [ -86.82482, 21.14388 ], [ -86.82476, 21.14384 ], [ -86.82457, 21.14365 ], [ -86.82447, 21.14361 ], [ -86.82422, 21.14362 ], [ -86.82408, 21.14366 ], [ -86.82398, 21.14374 ], [ -86.8239, 21.14387 ], [ -86.82378, 21.14396 ], [ -86.82364, 21.14402 ], [ -86.82348, 21.14403 ], [ -86.82335, 21.14405 ], [ -86.82332, 21.14413 ], [ -86.82336, 21.14417 ], [ -86.82357, 21.14429 ], [ -86.82386, 21.14452 ], [ -86.82402, 21.14466 ], [ -86.82415, 21.14483 ], [ -86.8242, 21.14509 ], [ -86.82423, 21.1454 ], [ -86.82428, 21.14629 ], [ -86.82448, 21.14881 ], [ -86.82448, 21.14909 ], [ -86.82444, 21.14925 ], [ -86.82419, 21.1496 ], [ -86.82414, 21.14971 ], [ -86.82416, 21.14986 ], [ -86.82423, 21.14997 ], [ -86.82452, 21.15027 ], [ -86.82458, 21.15039 ], [ -86.82463, 21.15058 ], [ -86.82468, 21.15104 ], [ -86.82471, 21.15162 ], [ -86.82483, 21.15313 ], [ -86.82486, 21.15368 ], [ -86.82499, 21.15478 ], [ -86.82506, 21.15589 ], [ -86.82497, 21.15626 ], [ -86.82473, 21.15641 ], [ -86.82448, 21.15646 ], [ -86.8231, 21.15593 ], [ -86.82193, 21.15554 ], [ -86.82152, 21.15549 ], [ -86.82135, 21.15545 ], [ -86.82116, 21.15554 ], [ -86.82107, 21.15575 ], [ -86.82116, 21.15614 ], [ -86.82116, 21.15655 ], [ -86.82095, 21.15983 ], [ -86.82071, 21.16292 ], [ -86.82055, 21.16361 ], [ -86.82056, 21.16406 ], [ -86.82076, 21.16412 ], [ -86.82187, 21.16387 ], [ -86.82331, 21.16397 ], [ -86.82368, 21.16392 ], [ -86.82384, 21.16395 ], [ -86.82404, 21.16391 ], [ -86.82435, 21.16378 ], [ -86.82481, 21.16375 ], [ -86.8254, 21.16401 ], [ -86.82555, 21.16422 ], [ -86.82567, 21.1645 ], [ -86.8257, 21.16469 ], [ -86.82574, 21.16518 ], [ -86.82574, 21.16547 ], [ -86.82578, 21.16577 ], [ -86.82595, 21.16822 ], [ -86.82613, 21.17033 ], [ -86.82615, 21.17068 ], [ -86.82633, 21.17117 ], [ -86.82637, 21.17134 ], [ -86.82653, 21.17304 ], [ -86.82652, 21.17326 ], [ -86.82648, 21.17341 ], [ -86.82647, 21.17355 ], [ -86.82649, 21.17387 ], [ -86.82652, 21.17401 ], [ -86.82657, 21.17411 ], [ -86.82672, 21.17428 ], [ -86.82681, 21.17432 ], [ -86.82705, 21.17477 ], [ -86.82762, 21.17602 ], [ -86.82802, 21.17696 ], [ -86.8281, 21.17709 ], [ -86.82813, 21.17717 ], [ -86.82814, 21.17723 ], [ -86.82808, 21.17728 ], [ -86.828, 21.17733 ], [ -86.82626, 21.17813 ], [ -86.82605, 21.17825 ], [ -86.82547, 21.17862 ], [ -86.82517, 21.17878 ], [ -86.8232, 21.17975 ], [ -86.82119, 21.18076 ], [ -86.82027, 21.1812 ], [ -86.81952, 21.1816 ], [ -86.81948, 21.18183 ], [ -86.8194, 21.18289 ], [ -86.8194, 21.18314 ], [ -86.81936, 21.18386 ], [ -86.81907, 21.18768 ], [ -86.81902, 21.18858 ], [ -86.81904, 21.18864 ], [ -86.81908, 21.18867 ], [ -86.81919, 21.18869 ], [ -86.81949, 21.18856 ], [ -86.8199, 21.18835 ], [ -86.82029, 21.18813 ], [ -86.82232, 21.1871 ], [ -86.8237, 21.18636 ], [ -86.82512, 21.18565 ], [ -86.82562, 21.18545 ], [ -86.82659, 21.18512 ], [ -86.8273, 21.18485 ], [ -86.82777, 21.18471 ], [ -86.82786, 21.18469 ], [ -86.8279, 21.18471 ], [ -86.82779, 21.18585 ], [ -86.82771, 21.18701 ], [ -86.82751, 21.18902 ], [ -86.8274, 21.19044 ], [ -86.82737, 21.19056 ], [ -86.82074, 21.1908 ], [ -86.81897, 21.19085 ], [ -86.81886, 21.19088 ], [ -86.81883, 21.19096 ], [ -86.81869, 21.19306 ], [ -86.81869, 21.19314 ], [ -86.81872, 21.19319 ], [ -86.81876, 21.19322 ], [ -86.81895, 21.19323 ], [ -86.81978, 21.19319 ], [ -86.82029, 21.19319 ], [ -86.82312, 21.1931 ], [ -86.82352, 21.1931 ], [ -86.82351, 21.19336 ], [ -86.82325, 21.19596 ], [ -86.82308, 21.19831 ], [ -86.82303, 21.1987 ], [ -86.823, 21.19944 ], [ -86.82305, 21.19953 ], [ -86.82328, 21.19953 ], [ -86.82359, 21.1995 ], [ -86.82363, 21.19948 ], [ -86.82366, 21.19944 ], [ -86.82368, 21.1993 ], [ -86.82377, 21.19795 ], [ -86.82386, 21.19718 ], [ -86.82386, 21.19702 ], [ -86.82385, 21.19698 ], [ -86.82382, 21.19696 ], [ -86.82324, 21.19695 ], [ -86.82329, 21.19646 ], [ -86.82335, 21.19554 ], [ -86.82358, 21.19318 ], [ -86.82357, 21.193 ], [ -86.81889, 21.19317 ], [ -86.81885, 21.19315 ], [ -86.81884, 21.19305 ], [ -86.8189, 21.1921 ], [ -86.81896, 21.19157 ], [ -86.81898, 21.19106 ], [ -86.81901, 21.19098 ], [ -86.8192, 21.19096 ], [ -86.82118, 21.1909 ], [ -86.82505, 21.19074 ], [ -86.82738, 21.19067 ], [ -86.82743, 21.19063 ], [ -86.82746, 21.19058 ], [ -86.82756, 21.18976 ], [ -86.82782, 21.18657 ], [ -86.82798, 21.18475 ], [ -86.82795, 21.18466 ], [ -86.82785, 21.18462 ], [ -86.82759, 21.18468 ], [ -86.8271, 21.18484 ], [ -86.82662, 21.18504 ], [ -86.82533, 21.18549 ], [ -86.825, 21.18563 ], [ -86.82435, 21.18594 ], [ -86.82301, 21.18663 ], [ -86.8216, 21.18738 ], [ -86.82086, 21.18775 ], [ -86.81934, 21.18856 ], [ -86.81925, 21.1886 ], [ -86.81918, 21.1886 ], [ -86.81916, 21.18843 ], [ -86.8192, 21.18808 ], [ -86.81922, 21.18751 ], [ -86.81935, 21.1859 ], [ -86.81939, 21.18511 ], [ -86.81965, 21.18156 ], [ -86.82093, 21.18096 ], [ -86.82273, 21.18005 ], [ -86.82542, 21.17874 ], [ -86.82588, 21.17843 ], [ -86.82621, 21.17823 ], [ -86.82711, 21.1778 ], [ -86.82785, 21.1775 ], [ -86.82808, 21.17739 ], [ -86.82829, 21.17723 ], [ -86.82829, 21.17718 ], [ -86.82826, 21.17711 ], [ -86.82817, 21.17705 ], [ -86.82788, 21.17648 ], [ -86.82741, 21.17539 ], [ -86.82723, 21.17506 ], [ -86.82705, 21.17469 ], [ -86.82686, 21.17423 ], [ -86.82674, 21.17403 ], [ -86.82667, 21.17353 ], [ -86.82663, 21.17309 ], [ -86.82657, 21.17218 ], [ -86.82648, 21.17128 ], [ -86.82655, 21.1709 ], [ -86.82657, 21.17048 ], [ -86.82647, 21.16924 ], [ -86.82644, 21.16856 ], [ -86.82627, 21.16648 ], [ -86.82617, 21.16476 ], [ -86.82608, 21.16405 ], [ -86.82618, 21.16389 ], [ -86.82621, 21.1638 ], [ -86.82622, 21.16368 ], [ -86.82621, 21.16357 ], [ -86.82616, 21.16334 ], [ -86.82612, 21.16322 ], [ -86.826, 21.163 ], [ -86.82592, 21.16251 ], [ -86.82579, 21.16086 ], [ -86.82577, 21.16039 ], [ -86.82567, 21.15913 ], [ -86.82559, 21.15788 ], [ -86.82549, 21.15764 ], [ -86.82556, 21.15724 ], [ -86.82555, 21.15688 ], [ -86.82548, 21.15656 ], [ -86.82539, 21.15633 ], [ -86.82539, 21.15626 ], [ -86.82549, 21.15611 ], [ -86.82531, 21.15412 ], [ -86.82526, 21.15337 ], [ -86.82525, 21.15287 ], [ -86.82518, 21.15208 ], [ -86.82513, 21.15121 ], [ -86.82509, 21.15096 ], [ -86.82494, 21.15071 ], [ -86.82493, 21.15051 ], [ -86.82495, 21.15011 ], [ -86.82487, 21.14925 ], [ -86.82472, 21.14807 ], [ -86.82471, 21.14783 ], [ -86.82474, 21.14769 ], [ -86.82482, 21.14751 ], [ -86.82483, 21.1473 ], [ -86.82474, 21.14651 ], [ -86.8247, 21.14572 ], [ -86.82464, 21.14514 ], [ -86.82464, 21.14486 ], [ -86.8247, 21.14465 ], [ -86.82489, 21.14439 ], [ -86.82517, 21.14408 ], [ -86.82532, 21.14406 ], [ -86.82608, 21.14402 ], [ -86.82814, 21.14388 ], [ -86.82845, 21.14387 ], [ -86.82866, 21.14382 ], [ -86.82887, 21.14373 ], [ -86.82903, 21.14361 ], [ -86.82914, 21.1435 ], [ -86.8295, 21.1431 ], [ -86.82964, 21.14297 ], [ -86.83096, 21.14207 ], [ -86.83148, 21.14169 ], [ -86.83172, 21.14156 ], [ -86.83197, 21.14143 ], [ -86.83221, 21.14137 ], [ -86.83249, 21.14135 ], [ -86.83308, 21.14132 ], [ -86.83338, 21.14135 ], [ -86.83387, 21.14146 ], [ -86.83402, 21.14146 ], [ -86.83415, 21.14142 ], [ -86.83417, 21.14138 ], [ -86.83415, 21.14127 ], [ -86.83414, 21.14106 ], [ -86.83409, 21.14073 ], [ -86.83403, 21.14053 ], [ -86.83335, 21.13862 ], [ -86.833, 21.13755 ], [ -86.83287, 21.137 ], [ -86.8328, 21.13645 ], [ -86.8327, 21.13488 ], [ -86.83273, 21.13423 ], [ -86.83276, 21.13415 ], [ -86.83281, 21.13408 ], [ -86.83292, 21.13403 ], [ -86.8331, 21.13398 ], [ -86.83407, 21.13396 ], [ -86.83622, 21.13393 ], [ -86.83853, 21.13386 ], [ -86.84068, 21.13386 ], [ -86.84337, 21.13378 ], [ -86.84378, 21.13379 ], [ -86.84388, 21.13382 ], [ -86.84394, 21.13581 ], [ -86.84399, 21.13586 ], [ -86.84405, 21.13588 ], [ -86.84422, 21.1359 ], [ -86.84533, 21.13588 ], [ -86.84588, 21.13589 ], [ -86.84711, 21.13586 ], [ -86.84841, 21.13586 ], [ -86.84987, 21.1358 ], [ -86.85146, 21.13579 ], [ -86.85155, 21.13582 ], [ -86.85164, 21.13589 ], [ -86.85195, 21.13615 ], [ -86.85215, 21.13635 ], [ -86.85222, 21.13639 ], [ -86.85227, 21.13638 ], [ -86.8523, 21.13635 ], [ -86.85278, 21.13572 ], [ -86.85344, 21.13499 ], [ -86.85457, 21.13364 ], [ -86.85465, 21.13359 ], [ -86.85547, 21.13354 ], [ -86.85551, 21.13365 ], [ -86.85553, 21.13385 ], [ -86.85555, 21.13434 ], [ -86.85557, 21.13451 ], [ -86.85566, 21.13456 ], [ -86.85656, 21.13452 ], [ -86.85694, 21.13452 ], [ -86.85757, 21.13449 ], [ -86.85786, 21.13455 ], [ -86.85881, 21.13485 ], [ -86.86013, 21.13531 ], [ -86.86021, 21.13532 ], [ -86.86068, 21.13531 ], [ -86.86076, 21.13529 ], [ -86.8608, 21.13526 ], [ -86.86083, 21.13522 ], [ -86.86084, 21.13507 ], [ -86.86082, 21.13479 ] ] } },
{ "type": "Feature", "properties": { "ciudad_nombre": "Cancún", "encodedLine": "yzl_CfxtpO{Oh@_KVkFOk]yAoOw@ePuCi@Me@Oa@U_@Y}CkDq@q@YWy@c@a@Se@OiDw@i@IwAOk@C{ABm@B}ARg[tEsAJc@@_@E_Co@qD_AmBi@kBu@g@[c@UmAw@sEmC_By@e@[y@q@mB]eBU_B_@gB[iBa@eC_@_Ck@eFgAeIkBmAOQKUCaAYsI{CaCk@kDkAaFgAm@OoHgCmG_CqEoBiDuAwFmCqFkBcDaAqAe@uA_@wBy@cDaAsBw@oE}AsAi@e@YiD{AiDaBcSyIsCiAaBs@uFuBeACg@EcC[iCc@gDc@yDeAeCeAeAi@_CyA}AmAu@{@]q@e@k@wCuBo@y@aCuBIQwAcBYSiBy@sDmBwAm@s@M]Cc@?gBJaAEWGs@a@qAaA{@i@iBu@iA[cAc@[S}@a@qAaAu@_@[KaAKiBAe@EoB_@qA[i@Qg@SiD{A_CyAeCoBc@c@gBqBcAwAgAwAwC{CuAy@aBqAiBmAcDkCwBmByAaAg@_@}A_Bu@}@s@_A]_@c@[iAs@e@Ka@Ce@Dk@J[JULe@n@{AzCiB`DmBbC]^aAv@{@|@_@v@K^M`AA^FtALp@Xn@t@`A\\\\Zd@Vj@RbAR`@JbATn@\\\\XPj@j@|@zAz@~BXxAHl@JhCEjG?`GEvDIfC?dBc@bHgA`H_@nBQv@kAnEqBtFWl@s@tAg@vAcAhCaFxKsAzBmAdCu@pAgEzGs@rAw@`AuArBoArBsAbCgA`BaC~Du@hBo@fCQfAQzC?`DDjANlA^tBf@fBfCjHPp@b@jCNjDAjBSdDW`BQp@Sr@wAhDeAlBg@t@oCfCiBvAaHhFqDvCaFfD}AtAq@d@iChCwA`BcH|JsCtC{CbCuCbCoBrA{A|@}BhBsDdCk@d@gAbAwAnBc@f@_A|Bi@|Ac@dBYzBI`AGfA?tAFxAHtA^xCt@hFPlBdAnHRrBPj@hDfWfBtNZ|BtAtKTdD?t@E`@Kf@}CrMYfAaAjC}Ed@sXx@iBCc@{@iBEu@`@eA~@mQp@iJVqA_@eBFgDR}@^oLR_BA{@NoGePoUcl@eOs_@oCoH[a@iAaC_DyB@\\\\tClB|@hBJt@^b@rE~KxSxi@bNp]`BtE~D|Jz@g@~M]fF@`CGpB]`Ng@rN]n@d@v@Lx@KlA}@dFYtSe@`DGjCT~Aa@VyACgBl@cBPaAj@}BfA_EPiAF_A?wAQgBMs@}@yHUu@qBqEYaAOeAmDmXkDyVuAqKMkAImAAkA?oAFsALiA`@cCT_AXy@z@sB`@u@d@s@rA}A`BwAp@g@dBeAfJmGtHaG|AgBl@u@nDiFfCmDn@w@fBgBlB_BlFsD|I{G`JoHv@w@p@w@j@{@pAeCbAmCVaAh@cDFy@HoDEaAa@{Ew@kFWkAc@iCMyC?mFJcDJoA^{CPgA|@_Ep@qBt@gB`CeEjCuD`@m@\\\\q@bDcFrImOnAkDzDmJdA}BjBuFtAwFtAeIb@yAJi@Da@EcAB{GNyE@gEGuBDwFAi@K{AUcBSy@Wy@_@}@c@{@aFaI]u@Qu@G_DDc@XiAh@_At@eA`@[bAm@d@QjBe@p@EvA?rB^`EdAd@LjBv@jBp@dAl@`Bx@|BvAxBhBjBxAdAhAvFdHnAhAn@f@|AfAdBfAn@\\\\rEdBxDx@n@FpCPb@FfAf@|ChBv@ZlBr@r@^XNdBnA`Af@`@FJF\\\\@pAAzBGTBHD\\\\H|@^~CbBlD`B~@dA`@j@@Hb@d@bG~FbCfCjAdARH~AnAjAd@fAj@~B`Aj@N|Bx@XFh@@pALh@J|BPzCb@bA@hG`CvCrAjEdBd@VdGnCbGdCxBjAdEbBb@VbA`@rEdBlH~BhDrAxBh@lAf@fAXpBl@vCjAz@^j@^rDvAfB|@VDjGnChA^~CvAtAb@bCt@nDz@|B\\\\rEdBjAXt@X`AXhGrBzBl@vAVt@RtARzDx@dCl@bAPfCn@~Ch@~Cr@nE|@rA^hDnBtEdCbBbA^PxEpClDhB~@^dBP`B?`@E`AO~Am@lBm@zDcApB]dD[j@CnCB`B?n@GlCa@n@Ch@?h@Bf@HfATfBl@`@R`@Td@j@pApAt@`Ad@f@f@`@n@\\\\ZLxBb@~@L`Cd@`Ch@~Ah@`@FdAJd@@jAC~FNnCPbK^fAFrCJlAJbALjAJjGP~ACn@ExIUxHYlACnDFbAHdCXR?LEPS?QKOWOa@IiAEo@@_AH", "data.route.shortName": "Puerto Juárez", "data.route.longName": "10_Puerto Juárez", "slug": "ruta-10-puerto-juarez.4f1", "type": "Bus", "color": null, "trips": [ ], "shape_id": "shape_2296" }, "geometry": { "type": "LineString", "coordinates": [ [ -86.78292, 21.04253 ], [ -86.78313, 21.04523 ], [ -86.78325, 21.04715 ], [ -86.78317, 21.04833 ], [ -86.78272, 21.05319 ], [ -86.78244, 21.05583 ], [ -86.78169, 21.05858 ], [ -86.78162, 21.05879 ], [ -86.78154, 21.05898 ], [ -86.78143, 21.05915 ], [ -86.7813, 21.05931 ], [ -86.78044, 21.0601 ], [ -86.78019, 21.06035 ], [ -86.78007, 21.06048 ], [ -86.77989, 21.06077 ], [ -86.77979, 21.06094 ], [ -86.77971, 21.06113 ], [ -86.77943, 21.06198 ], [ -86.77938, 21.06219 ], [ -86.7793, 21.06263 ], [ -86.77928, 21.06285 ], [ -86.7793, 21.06331 ], [ -86.77932, 21.06354 ], [ -86.77942, 21.06401 ], [ -86.78049, 21.06853 ], [ -86.78055, 21.06895 ], [ -86.78056, 21.06913 ], [ -86.78053, 21.06929 ], [ -86.78029, 21.06993 ], [ -86.77997, 21.07082 ], [ -86.77976, 21.07137 ], [ -86.77949, 21.07191 ], [ -86.77935, 21.07211 ], [ -86.77924, 21.07229 ], [ -86.77896, 21.07268 ], [ -86.77825, 21.07374 ], [ -86.77796, 21.07422 ], [ -86.77782, 21.07441 ], [ -86.77757, 21.0747 ], [ -86.77742, 21.07525 ], [ -86.77731, 21.07576 ], [ -86.77715, 21.07624 ], [ -86.77701, 21.07676 ], [ -86.77684, 21.07729 ], [ -86.77668, 21.07796 ], [ -86.77646, 21.0786 ], [ -86.7761, 21.07975 ], [ -86.77556, 21.08138 ], [ -86.77548, 21.08177 ], [ -86.77542, 21.08186 ], [ -86.7754, 21.08197 ], [ -86.77527, 21.0823 ], [ -86.77449, 21.084 ], [ -86.77427, 21.08465 ], [ -86.77389, 21.08551 ], [ -86.77353, 21.08664 ], [ -86.77345, 21.08687 ], [ -86.77277, 21.08839 ], [ -86.77213, 21.08974 ], [ -86.77157, 21.09079 ], [ -86.77114, 21.09164 ], [ -86.77043, 21.09288 ], [ -86.76989, 21.09409 ], [ -86.76956, 21.09491 ], [ -86.76937, 21.09532 ], [ -86.76921, 21.09575 ], [ -86.76892, 21.09635 ], [ -86.76859, 21.09717 ], [ -86.76831, 21.09775 ], [ -86.76784, 21.09879 ], [ -86.76763, 21.09921 ], [ -86.7675, 21.0994 ], [ -86.76704, 21.10025 ], [ -86.76655, 21.1011 ], [ -86.76482, 21.10432 ], [ -86.76445, 21.10506 ], [ -86.76419, 21.10555 ], [ -86.7636, 21.10678 ], [ -86.76358, 21.10713 ], [ -86.76355, 21.10733 ], [ -86.76341, 21.10799 ], [ -86.76323, 21.10868 ], [ -86.76305, 21.10952 ], [ -86.7627, 21.11045 ], [ -86.76235, 21.11112 ], [ -86.76214, 21.11147 ], [ -86.76169, 21.11211 ], [ -86.7613, 21.11258 ], [ -86.761, 21.11285 ], [ -86.76075, 21.113 ], [ -86.76053, 21.11319 ], [ -86.75994, 21.11395 ], [ -86.75965, 21.11419 ], [ -86.75906, 21.11484 ], [ -86.75897, 21.11489 ], [ -86.75847, 21.11533 ], [ -86.75837, 21.11546 ], [ -86.75808, 21.11599 ], [ -86.75753, 21.11689 ], [ -86.7573, 21.11733 ], [ -86.75723, 21.11759 ], [ -86.75721, 21.11774 ], [ -86.75721, 21.11792 ], [ -86.75727, 21.11844 ], [ -86.75724, 21.11877 ], [ -86.7572, 21.11889 ], [ -86.75703, 21.11915 ], [ -86.7567, 21.11956 ], [ -86.75649, 21.11986 ], [ -86.75622, 21.12039 ], [ -86.75608, 21.12076 ], [ -86.7559, 21.1211 ], [ -86.7558, 21.12124 ], [ -86.75563, 21.12155 ], [ -86.7553, 21.12196 ], [ -86.75514, 21.12223 ], [ -86.75508, 21.12237 ], [ -86.75502, 21.1227 ], [ -86.75501, 21.12323 ], [ -86.75498, 21.12342 ], [ -86.75482, 21.12398 ], [ -86.75468, 21.12439 ], [ -86.75459, 21.1246 ], [ -86.75449, 21.1248 ], [ -86.75403, 21.12565 ], [ -86.75358, 21.12629 ], [ -86.75302, 21.12696 ], [ -86.75284, 21.12714 ], [ -86.75227, 21.12766 ], [ -86.75183, 21.128 ], [ -86.75139, 21.12836 ], [ -86.75061, 21.12912 ], [ -86.75032, 21.12955 ], [ -86.74991, 21.13004 ], [ -86.74952, 21.13057 ], [ -86.74882, 21.13139 ], [ -86.74827, 21.13199 ], [ -86.74794, 21.13244 ], [ -86.74778, 21.13264 ], [ -86.7473, 21.13311 ], [ -86.74699, 21.13338 ], [ -86.74667, 21.13364 ], [ -86.74651, 21.13379 ], [ -86.74637, 21.13397 ], [ -86.74611, 21.13434 ], [ -86.74605, 21.13453 ], [ -86.74603, 21.1347 ], [ -86.74606, 21.13489 ], [ -86.74612, 21.13511 ], [ -86.74618, 21.13525 ], [ -86.74625, 21.13536 ], [ -86.74649, 21.13555 ], [ -86.74727, 21.13601 ], [ -86.74808, 21.13654 ], [ -86.74874, 21.13709 ], [ -86.7489, 21.13724 ], [ -86.74918, 21.13757 ], [ -86.74949, 21.13787 ], [ -86.74977, 21.13803 ], [ -86.74993, 21.13809 ], [ -86.75026, 21.13816 ], [ -86.75042, 21.13817 ], [ -86.75085, 21.13813 ], [ -86.7511, 21.13806 ], [ -86.75134, 21.13793 ], [ -86.75167, 21.13766 ], [ -86.75181, 21.13751 ], [ -86.75193, 21.13732 ], [ -86.75203, 21.1371 ], [ -86.75213, 21.13676 ], [ -86.75219, 21.13659 ], [ -86.7523, 21.13625 ], [ -86.75245, 21.13601 ], [ -86.75254, 21.13588 ], [ -86.75276, 21.13566 ], [ -86.75322, 21.13535 ], [ -86.75386, 21.13505 ], [ -86.75431, 21.13492 ], [ -86.75454, 21.13487 ], [ -86.75523, 21.13481 ], [ -86.75657, 21.13484 ], [ -86.75786, 21.13484 ], [ -86.75878, 21.13487 ], [ -86.75946, 21.13492 ], [ -86.75997, 21.13492 ], [ -86.76143, 21.1351 ], [ -86.76288, 21.13546 ], [ -86.76344, 21.13562 ], [ -86.76372, 21.13571 ], [ -86.76476, 21.13609 ], [ -86.76599, 21.13666 ], [ -86.76622, 21.13678 ], [ -86.76665, 21.13704 ], [ -86.76709, 21.13724 ], [ -86.76778, 21.13758 ], [ -86.76983, 21.13871 ], [ -86.77045, 21.13913 ], [ -86.77112, 21.13952 ], [ -86.77153, 21.13979 ], [ -86.77295, 21.14079 ], [ -86.77337, 21.14105 ], [ -86.7737, 21.14133 ], [ -86.77428, 21.14176 ], [ -86.77486, 21.14216 ], [ -86.77552, 21.14258 ], [ -86.77601, 21.14294 ], [ -86.77697, 21.14359 ], [ -86.7775, 21.14386 ], [ -86.77818, 21.1441 ], [ -86.77854, 21.14419 ], [ -86.77932, 21.14428 ], [ -86.78013, 21.14428 ], [ -86.78051, 21.14425 ], [ -86.7809, 21.14417 ], [ -86.78149, 21.14401 ], [ -86.78201, 21.14381 ], [ -86.78351, 21.14313 ], [ -86.78376, 21.14304 ], [ -86.78446, 21.14286 ], [ -86.78532, 21.14278 ], [ -86.78586, 21.14279 ], [ -86.78669, 21.14289 ], [ -86.78718, 21.14301 ], [ -86.78743, 21.1431 ], [ -86.78769, 21.1432 ], [ -86.78854, 21.14364 ], [ -86.78909, 21.14399 ], [ -86.78936, 21.14419 ], [ -86.79004, 21.14491 ], [ -86.79048, 21.14544 ], [ -86.79165, 21.14689 ], [ -86.79241, 21.14778 ], [ -86.79325, 21.14891 ], [ -86.79368, 21.14938 ], [ -86.79387, 21.14963 ], [ -86.79456, 21.15032 ], [ -86.79505, 21.15076 ], [ -86.79696, 21.15222 ], [ -86.79771, 21.15296 ], [ -86.79837, 21.15374 ], [ -86.79903, 21.15449 ], [ -86.79945, 21.15505 ], [ -86.79976, 21.15551 ], [ -86.80029, 21.15614 ], [ -86.80096, 21.15704 ], [ -86.80115, 21.15726 ], [ -86.80149, 21.15762 ], [ -86.80205, 21.15806 ], [ -86.80225, 21.15824 ], [ -86.80288, 21.15856 ], [ -86.80335, 21.15877 ], [ -86.80386, 21.15895 ], [ -86.80448, 21.15908 ], [ -86.80481, 21.15913 ], [ -86.80517, 21.15917 ], [ -86.8056, 21.15917 ], [ -86.80605, 21.15913 ], [ -86.80648, 21.15908 ], [ -86.80725, 21.15892 ], [ -86.80842, 21.15865 ], [ -86.80897, 21.15856 ], [ -86.81049, 21.15821 ], [ -86.81107, 21.15811 ], [ -86.81129, 21.15802 ], [ -86.81517, 21.15717 ], [ -86.81768, 21.15665 ], [ -86.81831, 21.15651 ], [ -86.82034, 21.15608 ], [ -86.82117, 21.15597 ], [ -86.82144, 21.15597 ], [ -86.82161, 21.156 ], [ -86.82181, 21.15606 ], [ -86.82415, 21.15685 ], [ -86.82451, 21.15698 ], [ -86.82521, 21.15731 ], [ -86.8254, 21.15842 ], [ -86.82569, 21.16252 ], [ -86.82567, 21.16305 ], [ -86.82537, 21.16323 ], [ -86.82534, 21.16376 ], [ -86.82551, 21.16403 ], [ -86.82583, 21.16438 ], [ -86.82608, 21.16733 ], [ -86.8262, 21.16914 ], [ -86.82604, 21.16955 ], [ -86.82608, 21.17006 ], [ -86.82618, 21.1709 ], [ -86.82634, 21.17121 ], [ -86.82644, 21.17337 ], [ -86.82643, 21.17385 ], [ -86.82651, 21.17415 ], [ -86.82376, 21.17551 ], [ -86.81654, 21.17911 ], [ -86.81132, 21.1817 ], [ -86.8098, 21.18242 ], [ -86.80963, 21.18256 ], [ -86.80898, 21.18293 ], [ -86.80837, 21.18373 ], [ -86.80852, 21.18372 ], [ -86.80907, 21.18297 ], [ -86.8096, 21.18266 ], [ -86.80987, 21.1826 ], [ -86.81005, 21.18244 ], [ -86.81213, 21.18138 ], [ -86.81898, 21.17805 ], [ -86.82387, 21.17563 ], [ -86.82494, 21.17514 ], [ -86.82685, 21.17418 ], [ -86.82665, 21.17388 ], [ -86.8265, 21.17148 ], [ -86.82651, 21.17032 ], [ -86.82647, 21.16967 ], [ -86.82632, 21.1691 ], [ -86.82612, 21.16669 ], [ -86.82597, 21.16419 ], [ -86.82616, 21.16395 ], [ -86.82623, 21.16367 ], [ -86.82617, 21.16338 ], [ -86.82586, 21.16299 ], [ -86.82573, 21.16184 ], [ -86.82554, 21.15853 ], [ -86.8255, 21.15772 ], [ -86.82561, 21.15702 ], [ -86.82544, 21.15654 ], [ -86.82499, 21.15642 ], [ -86.82447, 21.15644 ], [ -86.82397, 21.15621 ], [ -86.82364, 21.15612 ], [ -86.82301, 21.1559 ], [ -86.82205, 21.15554 ], [ -86.82168, 21.15545 ], [ -86.82136, 21.15541 ], [ -86.82092, 21.15541 ], [ -86.8204, 21.1555 ], [ -86.82014, 21.15557 ], [ -86.81857, 21.15588 ], [ -86.8183, 21.15599 ], [ -86.81725, 21.15656 ], [ -86.81692, 21.15669 ], [ -86.81657, 21.15677 ], [ -86.8125, 21.15764 ], [ -86.80869, 21.1585 ], [ -86.80668, 21.15893 ], [ -86.8063, 21.159 ], [ -86.80591, 21.15905 ], [ -86.80553, 21.15906 ], [ -86.80513, 21.15906 ], [ -86.80471, 21.15902 ], [ -86.80434, 21.15895 ], [ -86.80368, 21.15878 ], [ -86.80336, 21.15867 ], [ -86.80307, 21.15854 ], [ -86.80249, 21.15824 ], [ -86.80222, 21.15807 ], [ -86.80196, 21.15788 ], [ -86.80149, 21.15746 ], [ -86.80105, 21.15697 ], [ -86.80085, 21.15672 ], [ -86.8005, 21.15621 ], [ -86.79915, 21.15441 ], [ -86.79786, 21.15286 ], [ -86.79734, 21.15239 ], [ -86.79707, 21.15216 ], [ -86.7959, 21.15128 ], [ -86.79503, 21.1506 ], [ -86.79475, 21.15036 ], [ -86.79423, 21.14984 ], [ -86.79375, 21.14929 ], [ -86.79285, 21.1481 ], [ -86.79143, 21.14635 ], [ -86.78991, 21.14458 ], [ -86.78963, 21.1443 ], [ -86.78935, 21.14405 ], [ -86.78905, 21.14383 ], [ -86.78838, 21.14342 ], [ -86.78767, 21.14308 ], [ -86.78734, 21.14296 ], [ -86.78652, 21.14275 ], [ -86.78623, 21.14271 ], [ -86.78535, 21.14266 ], [ -86.78502, 21.14269 ], [ -86.78392, 21.14286 ], [ -86.78274, 21.14314 ], [ -86.78236, 21.14326 ], [ -86.78167, 21.14344 ], [ -86.7809, 21.14351 ], [ -86.77971, 21.14351 ], [ -86.77889, 21.14345 ], [ -86.77849, 21.14339 ], [ -86.77771, 21.14323 ], [ -86.77735, 21.14314 ], [ -86.77639, 21.14283 ], [ -86.77582, 21.14258 ], [ -86.7753, 21.14231 ], [ -86.77431, 21.14166 ], [ -86.7734, 21.14096 ], [ -86.77317, 21.14079 ], [ -86.77292, 21.14064 ], [ -86.77178, 21.13982 ], [ -86.76915, 21.13812 ], [ -86.76829, 21.13772 ], [ -86.76646, 21.13678 ], [ -86.76583, 21.13643 ], [ -86.7646, 21.13589 ], [ -86.76336, 21.13546 ], [ -86.76173, 21.13503 ], [ -86.76128, 21.13485 ], [ -86.76107, 21.13479 ], [ -86.7609, 21.13476 ], [ -86.76056, 21.13479 ], [ -86.75914, 21.13477 ], [ -86.75805, 21.13469 ], [ -86.75705, 21.13468 ], [ -86.75646, 21.13472 ], [ -86.75522, 21.13469 ], [ -86.75501, 21.1347 ], [ -86.75455, 21.13476 ], [ -86.75405, 21.13487 ], [ -86.75376, 21.13497 ], [ -86.75347, 21.13509 ], [ -86.75316, 21.13525 ], [ -86.75286, 21.13543 ], [ -86.75125, 21.13656 ], [ -86.75098, 21.13671 ], [ -86.75071, 21.1368 ], [ -86.74991, 21.13684 ], [ -86.74973, 21.13681 ], [ -86.74936, 21.13668 ], [ -86.74904, 21.13647 ], [ -86.74869, 21.1362 ], [ -86.74855, 21.13603 ], [ -86.74832, 21.13569 ], [ -86.74823, 21.1355 ], [ -86.74804, 21.13496 ], [ -86.74801, 21.13471 ], [ -86.74801, 21.13427 ], [ -86.74817, 21.13369 ], [ -86.74852, 21.13272 ], [ -86.74859, 21.13253 ], [ -86.74887, 21.13199 ], [ -86.74912, 21.13145 ], [ -86.74935, 21.1311 ], [ -86.74964, 21.13061 ], [ -86.75008, 21.12998 ], [ -86.75061, 21.12937 ], [ -86.75106, 21.12883 ], [ -86.75143, 21.12848 ], [ -86.7529, 21.12724 ], [ -86.75327, 21.12684 ], [ -86.75347, 21.1266 ], [ -86.75383, 21.12613 ], [ -86.75419, 21.12562 ], [ -86.75434, 21.12538 ], [ -86.75485, 21.12432 ], [ -86.75514, 21.12339 ], [ -86.75518, 21.12315 ], [ -86.75527, 21.12242 ], [ -86.75531, 21.12224 ], [ -86.75551, 21.12188 ], [ -86.75604, 21.12109 ], [ -86.75618, 21.12081 ], [ -86.75644, 21.12026 ], [ -86.7566, 21.12 ], [ -86.75668, 21.11987 ], [ -86.75708, 21.11936 ], [ -86.75728, 21.11903 ], [ -86.75732, 21.11886 ], [ -86.75736, 21.1188 ], [ -86.75737, 21.11865 ], [ -86.75736, 21.11824 ], [ -86.75732, 21.11762 ], [ -86.75734, 21.11751 ], [ -86.75737, 21.11746 ], [ -86.75742, 21.11731 ], [ -86.75758, 21.117 ], [ -86.75808, 21.1162 ], [ -86.75857, 21.11533 ], [ -86.75892, 21.11501 ], [ -86.75914, 21.11484 ], [ -86.75919, 21.11483 ], [ -86.75938, 21.11465 ], [ -86.76066, 21.11335 ], [ -86.76134, 21.11269 ], [ -86.76169, 21.11231 ], [ -86.76174, 21.11221 ], [ -86.76214, 21.11173 ], [ -86.76233, 21.11135 ], [ -86.76255, 21.11099 ], [ -86.76288, 21.11035 ], [ -86.76296, 21.11013 ], [ -86.76325, 21.1095 ], [ -86.76329, 21.10937 ], [ -86.7633, 21.10916 ], [ -86.76337, 21.10875 ], [ -86.76343, 21.10854 ], [ -86.76352, 21.10791 ], [ -86.7637, 21.10713 ], [ -86.76371, 21.10679 ], [ -86.76436, 21.10546 ], [ -86.76478, 21.1047 ], [ -86.76529, 21.10368 ], [ -86.76541, 21.10349 ], [ -86.76613, 21.10218 ], [ -86.7668, 21.10088 ], [ -86.76718, 21.10027 ], [ -86.76768, 21.09928 ], [ -86.7678, 21.0991 ], [ -86.76797, 21.09876 ], [ -86.76848, 21.0977 ], [ -86.76912, 21.09619 ], [ -86.76954, 21.09534 ], [ -86.76975, 21.09473 ], [ -86.76995, 21.09434 ], [ -86.77008, 21.09398 ], [ -86.77031, 21.09341 ], [ -86.77069, 21.09265 ], [ -86.77085, 21.09235 ], [ -86.77101, 21.09213 ], [ -86.77145, 21.09123 ], [ -86.77176, 21.09071 ], [ -86.77179, 21.09059 ], [ -86.77251, 21.08925 ], [ -86.77267, 21.08888 ], [ -86.77311, 21.08808 ], [ -86.77329, 21.08765 ], [ -86.77356, 21.08699 ], [ -86.77386, 21.08611 ], [ -86.77401, 21.08548 ], [ -86.77452, 21.08442 ], [ -86.77465, 21.08404 ], [ -86.77478, 21.08377 ], [ -86.77491, 21.08344 ], [ -86.77549, 21.08211 ], [ -86.77572, 21.08149 ], [ -86.77584, 21.08105 ], [ -86.77594, 21.08078 ], [ -86.77604, 21.08035 ], [ -86.77633, 21.07941 ], [ -86.77656, 21.07874 ], [ -86.77665, 21.0784 ], [ -86.77689, 21.07772 ], [ -86.7771, 21.07692 ], [ -86.77736, 21.07612 ], [ -86.77767, 21.07508 ], [ -86.77783, 21.07466 ], [ -86.77839, 21.07381 ], [ -86.77906, 21.07274 ], [ -86.7794, 21.07224 ], [ -86.77949, 21.07208 ], [ -86.78022, 21.07099 ], [ -86.78075, 21.07012 ], [ -86.78091, 21.0698 ], [ -86.781, 21.06929 ], [ -86.781, 21.0688 ], [ -86.78097, 21.06863 ], [ -86.78089, 21.0683 ], [ -86.78066, 21.06782 ], [ -86.78043, 21.06727 ], [ -86.78009, 21.06633 ], [ -86.77994, 21.06576 ], [ -86.7798, 21.06493 ], [ -86.77978, 21.06471 ], [ -86.7798, 21.06399 ], [ -86.7798, 21.0635 ], [ -86.77976, 21.06326 ], [ -86.77959, 21.06255 ], [ -86.77957, 21.06231 ], [ -86.77957, 21.0621 ], [ -86.77959, 21.06189 ], [ -86.77964, 21.06169 ], [ -86.77975, 21.06133 ], [ -86.77998, 21.06081 ], [ -86.78008, 21.06064 ], [ -86.78019, 21.06047 ], [ -86.78041, 21.06028 ], [ -86.78082, 21.05987 ], [ -86.78115, 21.0596 ], [ -86.78135, 21.05941 ], [ -86.78152, 21.05921 ], [ -86.78167, 21.05897 ], [ -86.78174, 21.05883 ], [ -86.78192, 21.05822 ], [ -86.78199, 21.0579 ], [ -86.78218, 21.05725 ], [ -86.78239, 21.0566 ], [ -86.7826, 21.05612 ], [ -86.78264, 21.05595 ], [ -86.7827, 21.0556 ], [ -86.78271, 21.05541 ], [ -86.78269, 21.05503 ], [ -86.78277, 21.05375 ], [ -86.78286, 21.05303 ], [ -86.78302, 21.05109 ], [ -86.78306, 21.05073 ], [ -86.78312, 21.04999 ], [ -86.78318, 21.0496 ], [ -86.78325, 21.04926 ], [ -86.78331, 21.04888 ], [ -86.7834, 21.04754 ], [ -86.78338, 21.04706 ], [ -86.78335, 21.04682 ], [ -86.78324, 21.04509 ], [ -86.78311, 21.04352 ], [ -86.78309, 21.04313 ], [ -86.78313, 21.04225 ], [ -86.78318, 21.04191 ], [ -86.78331, 21.04124 ], [ -86.78331, 21.04114 ], [ -86.78328, 21.04107 ], [ -86.78318, 21.04098 ], [ -86.78309, 21.04098 ], [ -86.78301, 21.04104 ], [ -86.78293, 21.04116 ], [ -86.78288, 21.04133 ], [ -86.78285, 21.0417 ], [ -86.78286, 21.04194 ], [ -86.78291, 21.04226 ] ] } },
{ "type": "Feature", "properties": { "ciudad_nombre": "Cancún", "encodedLine": "gea`C|z|pOyL`@w@?_@GeAq@UI]BUL{@x@WJe@H{AHsBDmHVmBD{EX}EL{@^a@EUEYKWCs@?YDe@ZUF[Ba@?g@Qg@EkCJyFLqEVaIN_AMs@Ua@Ec@?a@DmAh@w@Ve@DaBFy@?{@FiN`@eLb@eABaBb@a@FsI^k@A]G[A_AB[DSHQj@Nh@Tl@lCzGfFzMxDjJzBdGdCbGrF|NlHjQbBfE|DtKfUfk@Nt@CPBd@NZVH`BlD`CtFxCbIjE~K`BrE`EpJnCtH|Xvr@~DjKxBnFjA`DtFfNhExKZRpApC|Nj_@F~@m@\\sI~DeD`BiChAsFlCaJdEaIlDcB`AwFpCo@b@yI`E[L{@RmBP{Al@w@d@sArA]XyAl@MH`@dA@HCLANV|@nAtCh@xAxCrHFZo@Tq@\\yAtAk@d@eBv@w@T}@L_B`@s@Xg@VTLf@Uj@Ul@Of@UlCo@r@]`Aq@`A}@j@a@lBeAI[mEaLeAaC_AuCx@c@bAs@x@}@lAu@h@Yn@Sp@Kp@G`AW`Aa@vHoD`@Gb@Y|KyFbKoEfSoJ|C_BxAk@pFkC`@WCMu@oBkBaFw@oBuB}EiBcFmN}]qQyd@eDiImDiIu@oB{CsIwDaJeFwMoD{Ic@aAyAiEcB}DkIgTw@kBQs@Em@GQMMSK{EoKuDeKuEcLgGgPuYwt@_Ow_@}AyDc@oA_@s@EU@MHIHCpCMtDKpCO`@AjALrABvFSfCE~Ka@vISlCQ^RPDl@?l@IVGj@W`BOhIY|ACzFSxFOn@SnALfAA~@Ml@QL?\\RlKc@tCIbBA|CMlDIp@Gp@]f@AnABjDOjF]n@AZDb@Nh@@|CQd@ShAOj@C~FAPZLLNJ`@DRCTIPONSF[@_@Ie@m@i@Q]G[A_@IUUDw@xAq@x@_@NqBHgDJ", "data.route.shortName": "CECYTE", "data.route.longName": "12_CECYTE", "slug": "ruta-12-cecyte.4eh", "type": "Bus", "color": null, "trips": [ ], "shape_id": "shape_2278" }, "geometry": { "type": "LineString", "coordinates": [ [ -86.82431, 21.1466 ], [ -86.82448, 21.14881 ], [ -86.82448, 21.14909 ], [ -86.82444, 21.14925 ], [ -86.82419, 21.1496 ], [ -86.82414, 21.14971 ], [ -86.82416, 21.14986 ], [ -86.82423, 21.14997 ], [ -86.82452, 21.15027 ], [ -86.82458, 21.15039 ], [ -86.82463, 21.15058 ], [ -86.82468, 21.15104 ], [ -86.82471, 21.15162 ], [ -86.82483, 21.15313 ], [ -86.82486, 21.15368 ], [ -86.82499, 21.15478 ], [ -86.82506, 21.15589 ], [ -86.82522, 21.15619 ], [ -86.82519, 21.15636 ], [ -86.82516, 21.15647 ], [ -86.8251, 21.1566 ], [ -86.82508, 21.15672 ], [ -86.82508, 21.15698 ], [ -86.82511, 21.15711 ], [ -86.82525, 21.1573 ], [ -86.82529, 21.15741 ], [ -86.82531, 21.15755 ], [ -86.82531, 21.15772 ], [ -86.82522, 21.15792 ], [ -86.82519, 21.15812 ], [ -86.82525, 21.15882 ], [ -86.82532, 21.16007 ], [ -86.82544, 21.16112 ], [ -86.82552, 21.16273 ], [ -86.82545, 21.16305 ], [ -86.82534, 21.16331 ], [ -86.82531, 21.16348 ], [ -86.82531, 21.16366 ], [ -86.82534, 21.16383 ], [ -86.82555, 21.16422 ], [ -86.82567, 21.1645 ], [ -86.8257, 21.16469 ], [ -86.82574, 21.16518 ], [ -86.82574, 21.16547 ], [ -86.82578, 21.16577 ], [ -86.82595, 21.16822 ], [ -86.82613, 21.17033 ], [ -86.82615, 21.17068 ], [ -86.82633, 21.17117 ], [ -86.82637, 21.17134 ], [ -86.82653, 21.17304 ], [ -86.82652, 21.17326 ], [ -86.82648, 21.17341 ], [ -86.82647, 21.17355 ], [ -86.82649, 21.17387 ], [ -86.82652, 21.17401 ], [ -86.82657, 21.17411 ], [ -86.82679, 21.1742 ], [ -86.827, 21.17412 ], [ -86.82723, 21.17401 ], [ -86.82865, 21.1733 ], [ -86.83103, 21.17214 ], [ -86.83285, 21.17121 ], [ -86.83416, 21.17059 ], [ -86.83546, 21.16992 ], [ -86.83801, 21.1687 ], [ -86.84095, 21.16719 ], [ -86.84195, 21.16669 ], [ -86.84398, 21.16574 ], [ -86.85106, 21.16218 ], [ -86.85133, 21.1621 ], [ -86.85142, 21.16212 ], [ -86.85161, 21.1621 ], [ -86.85175, 21.16202 ], [ -86.8518, 21.1619 ], [ -86.85267, 21.16141 ], [ -86.8539, 21.16076 ], [ -86.85552, 21.15999 ], [ -86.8576, 21.15897 ], [ -86.85866, 21.15848 ], [ -86.86051, 21.15751 ], [ -86.86206, 21.15679 ], [ -86.87034, 21.15264 ], [ -86.87232, 21.15168 ], [ -86.87352, 21.15107 ], [ -86.87433, 21.15069 ], [ -86.87677, 21.14946 ], [ -86.87882, 21.14845 ], [ -86.87892, 21.14831 ], [ -86.87965, 21.1479 ], [ -86.88483, 21.14535 ], [ -86.88515, 21.14531 ], [ -86.8853, 21.14554 ], [ -86.88626, 21.14724 ], [ -86.88675, 21.14807 ], [ -86.88712, 21.14876 ], [ -86.88783, 21.14998 ], [ -86.88882, 21.15175 ], [ -86.88969, 21.15336 ], [ -86.89002, 21.15386 ], [ -86.89075, 21.1551 ], [ -86.89093, 21.15534 ], [ -86.8919, 21.15707 ], [ -86.89197, 21.15721 ], [ -86.89207, 21.15751 ], [ -86.89216, 21.15806 ], [ -86.89239, 21.15852 ], [ -86.89258, 21.1588 ], [ -86.893, 21.15922 ], [ -86.89313, 21.15937 ], [ -86.89336, 21.15982 ], [ -86.89341, 21.15989 ], [ -86.89376, 21.15972 ], [ -86.89381, 21.15971 ], [ -86.89388, 21.15973 ], [ -86.89396, 21.15974 ], [ -86.89427, 21.15962 ], [ -86.89502, 21.15922 ], [ -86.89547, 21.15901 ], [ -86.89701, 21.15824 ], [ -86.89715, 21.1582 ], [ -86.89726, 21.15844 ], [ -86.89741, 21.15869 ], [ -86.89784, 21.15914 ], [ -86.89803, 21.15936 ], [ -86.89831, 21.15987 ], [ -86.89842, 21.16015 ], [ -86.89849, 21.16046 ], [ -86.89866, 21.16094 ], [ -86.89879, 21.1612 ], [ -86.89891, 21.1614 ], [ -86.89898, 21.16129 ], [ -86.89887, 21.16109 ], [ -86.89876, 21.16087 ], [ -86.89868, 21.16064 ], [ -86.89857, 21.16044 ], [ -86.89833, 21.15973 ], [ -86.89818, 21.15947 ], [ -86.89793, 21.15914 ], [ -86.89762, 21.15881 ], [ -86.89745, 21.15859 ], [ -86.8971, 21.15804 ], [ -86.89696, 21.15809 ], [ -86.89487, 21.15912 ], [ -86.89422, 21.15947 ], [ -86.89347, 21.15979 ], [ -86.89329, 21.1595 ], [ -86.89303, 21.15916 ], [ -86.89272, 21.15887 ], [ -86.89245, 21.15848 ], [ -86.89232, 21.15827 ], [ -86.89222, 21.15803 ], [ -86.89216, 21.15778 ], [ -86.89212, 21.15753 ], [ -86.892, 21.1572 ], [ -86.89183, 21.15687 ], [ -86.89095, 21.15531 ], [ -86.89091, 21.15514 ], [ -86.89078, 21.15496 ], [ -86.88953, 21.15289 ], [ -86.88849, 21.15095 ], [ -86.88665, 21.14771 ], [ -86.88617, 21.14692 ], [ -86.88595, 21.14647 ], [ -86.88525, 21.14526 ], [ -86.88513, 21.14509 ], [ -86.88506, 21.14511 ], [ -86.8845, 21.14538 ], [ -86.88337, 21.14592 ], [ -86.88281, 21.1462 ], [ -86.8817, 21.14679 ], [ -86.88056, 21.14732 ], [ -86.87561, 21.14979 ], [ -86.86956, 21.15276 ], [ -86.86791, 21.15359 ], [ -86.86626, 21.15446 ], [ -86.8657, 21.15473 ], [ -86.864, 21.15551 ], [ -86.86223, 21.15643 ], [ -86.85987, 21.15758 ], [ -86.85813, 21.15846 ], [ -86.8578, 21.15864 ], [ -86.85679, 21.15909 ], [ -86.85584, 21.15959 ], [ -86.85244, 21.16125 ], [ -86.8519, 21.16153 ], [ -86.85164, 21.16162 ], [ -86.85141, 21.16165 ], [ -86.85132, 21.16169 ], [ -86.85125, 21.16176 ], [ -86.85119, 21.16186 ], [ -86.84919, 21.16296 ], [ -86.84724, 21.16387 ], [ -86.84514, 21.16494 ], [ -86.84238, 21.16626 ], [ -86.83378, 21.17053 ], [ -86.82854, 21.17309 ], [ -86.82761, 21.17356 ], [ -86.82721, 21.17374 ], [ -86.82695, 21.1739 ], [ -86.82684, 21.17393 ], [ -86.82677, 21.17392 ], [ -86.82672, 21.17387 ], [ -86.8267, 21.17382 ], [ -86.82663, 21.17309 ], [ -86.82657, 21.17218 ], [ -86.82649, 21.17145 ], [ -86.82648, 21.17128 ], [ -86.82655, 21.1709 ], [ -86.82657, 21.17048 ], [ -86.82647, 21.16924 ], [ -86.82644, 21.16856 ], [ -86.82627, 21.16648 ], [ -86.82617, 21.16476 ], [ -86.82608, 21.16405 ], [ -86.82618, 21.16389 ], [ -86.82621, 21.1638 ], [ -86.82621, 21.16357 ], [ -86.82616, 21.16334 ], [ -86.82612, 21.16322 ], [ -86.826, 21.163 ], [ -86.82592, 21.16251 ], [ -86.82579, 21.16086 ], [ -86.82577, 21.16039 ], [ -86.82567, 21.15913 ], [ -86.82559, 21.15788 ], [ -86.82549, 21.15764 ], [ -86.82556, 21.15724 ], [ -86.82555, 21.15688 ], [ -86.82548, 21.15656 ], [ -86.82539, 21.15633 ], [ -86.82539, 21.15626 ], [ -86.82549, 21.15611 ], [ -86.82531, 21.15412 ], [ -86.82526, 21.15337 ], [ -86.82525, 21.15287 ], [ -86.82518, 21.15208 ], [ -86.82513, 21.15121 ], [ -86.82509, 21.15096 ], [ -86.82494, 21.15071 ], [ -86.82493, 21.15051 ], [ -86.82495, 21.15011 ], [ -86.82487, 21.14925 ], [ -86.82472, 21.14807 ], [ -86.82471, 21.14783 ], [ -86.82474, 21.14769 ], [ -86.82482, 21.14751 ], [ -86.82483, 21.1473 ], [ -86.82474, 21.14651 ], [ -86.82464, 21.14632 ], [ -86.82456, 21.14595 ], [ -86.82454, 21.14573 ], [ -86.82453, 21.14445 ], [ -86.82467, 21.14436 ], [ -86.82474, 21.14429 ], [ -86.8248, 21.14421 ], [ -86.82483, 21.14404 ], [ -86.82481, 21.14394 ], [ -86.82476, 21.14383 ], [ -86.82468, 21.14374 ], [ -86.82458, 21.14366 ], [ -86.82444, 21.14362 ], [ -86.82428, 21.14361 ], [ -86.82409, 21.14366 ], [ -86.82388, 21.14389 ], [ -86.82373, 21.14398 ], [ -86.82359, 21.14402 ], [ -86.82343, 21.14403 ], [ -86.82332, 21.14408 ], [ -86.82335, 21.14419 ], [ -86.8238, 21.14447 ], [ -86.82409, 21.14472 ], [ -86.82417, 21.14488 ], [ -86.82422, 21.14545 ], [ -86.82428, 21.14629 ] ] } },
{ "type": "Feature", "properties": { "ciudad_nombre": "Cancún", "encodedLine": "gea`C|z|pOyL`@w@?_@GeAq@UI]BUL{@x@WJe@Hk@DqM`@mBD{EX}EL{@^w@KYKq@EY@YDQJa@nBSr@{BfKg@zCGzAHHLDJH^n@n@|BjBrI`AdFhBxHHl@Bj@?j@C`@H`@pA~BXr@rC~MZdBd@hB^jB~BhKPdACr@IXo@x@u@x@eZf[{HzG}@z@wBdCw@r@}@f@MNU?]TKTANu@xAcAjAoBpBg@n@{A`BcFdFm@p@wHxDkFbC{B`A}BjAk@PnAjDvAfDdAvCt@bBVr@~KlYpM`\\\\jIhTvFdNnCpHtF|Mt@pBsMk\\\\hOt_@tCxHpD`JVd@hA|C~B|FjHdR`CtFzEvL~Nr_@\\\\p@|B`G@DsB|@eOhHOL`BhETx@qAbAg@j@o@d@y@f@_A`@gAZ{@HgB`@u@V]TbAnCbC~FxBjFDp@Rr@|BlGxD|JPbA\\\\xOVAzFGdE@Z|TF@MsHMkKE]kC?yHPW_OEw@s@wA[cAcEuLcFqLxBiA`AcAdAq@`AS|@WxCm@`Ae@f@YgFuMiAoCMUzFmCdBs@fBy@hB}@nAs@iA{CuAcDqK}WgD_J{JqVwBuFe@sA{AkDg@wAuEoLkCkGmGkPiCsGaA_CmRmf@c@_AwK}Xg@mAg@qA}ByFaDsIcC_GiDyIoA{CeBuEv@g@rDgB`DwAfLsFxA}AbBcBhAuAhEmEpA{AzAoA`@WX?PEFGDINm@Xq@r@cA|IwIpC{BbGsGxByBtWoXr@q@f@u@wAqEeDqOkBcIiBgJc@wA{@aE_BeHo@wGI}ACmANqC?a@Im@iC{M@y@J_@RSTKPEb@ClKc@tCIbBA|CMlDIp@Gp@]f@AnABjDOjF]n@AZDb@Nh@@|CQd@ShAOj@C~FAPZLLNJ`@DRCTIPONSF[@_@Ie@m@i@Q]G[A_@IUUDw@xAq@x@_@NqBHgDJ", "data.route.shortName": "Haciendas del Caribe", "data.route.longName": "14_Haciendas del Caribe", "slug": "ruta-14-haciendas-del-caribe.4eZ", "type": "Bus", "color": null, "trips": [ ], "shape_id": "shape_2270" }, "geometry": { "type": "LineString", "coordinates": [ [ -86.82431, 21.1466 ], [ -86.82448, 21.14881 ], [ -86.82448, 21.14909 ], [ -86.82444, 21.14925 ], [ -86.82419, 21.1496 ], [ -86.82414, 21.14971 ], [ -86.82416, 21.14986 ], [ -86.82423, 21.14997 ], [ -86.82452, 21.15027 ], [ -86.82458, 21.15039 ], [ -86.82463, 21.15058 ], [ -86.82466, 21.1508 ], [ -86.82483, 21.15313 ], [ -86.82486, 21.15368 ], [ -86.82499, 21.15478 ], [ -86.82506, 21.15589 ], [ -86.82522, 21.15619 ], [ -86.82516, 21.15647 ], [ -86.8251, 21.1566 ], [ -86.82507, 21.15685 ], [ -86.82508, 21.15698 ], [ -86.82511, 21.15711 ], [ -86.82517, 21.1572 ], [ -86.82573, 21.15737 ], [ -86.82599, 21.15747 ], [ -86.82795, 21.15809 ], [ -86.82873, 21.15829 ], [ -86.82919, 21.15833 ], [ -86.82924, 21.15828 ], [ -86.82927, 21.15821 ], [ -86.82932, 21.15815 ], [ -86.82956, 21.15799 ], [ -86.83019, 21.15775 ], [ -86.83189, 21.15721 ], [ -86.83304, 21.15688 ], [ -86.83461, 21.15635 ], [ -86.83484, 21.1563 ], [ -86.83506, 21.15628 ], [ -86.83528, 21.15628 ], [ -86.83545, 21.1563 ], [ -86.83562, 21.15625 ], [ -86.83626, 21.15584 ], [ -86.83652, 21.15571 ], [ -86.83892, 21.15497 ], [ -86.83943, 21.15483 ], [ -86.83996, 21.15464 ], [ -86.8405, 21.15448 ], [ -86.84247, 21.15384 ], [ -86.84282, 21.15375 ], [ -86.84308, 21.15377 ], [ -86.84321, 21.15382 ], [ -86.8435, 21.15406 ], [ -86.84379, 21.15433 ], [ -86.84831, 21.15868 ], [ -86.84973, 21.16026 ], [ -86.85003, 21.16057 ], [ -86.8507, 21.16117 ], [ -86.85096, 21.16145 ], [ -86.85116, 21.16176 ], [ -86.85124, 21.16183 ], [ -86.85124, 21.16194 ], [ -86.85135, 21.16209 ], [ -86.85146, 21.16215 ], [ -86.85154, 21.16216 ], [ -86.85199, 21.16243 ], [ -86.85237, 21.16277 ], [ -86.85294, 21.16333 ], [ -86.85318, 21.16353 ], [ -86.85367, 21.16399 ], [ -86.85482, 21.16513 ], [ -86.85507, 21.16536 ], [ -86.856, 21.16692 ], [ -86.85666, 21.1681 ], [ -86.85699, 21.16872 ], [ -86.85737, 21.16935 ], [ -86.85746, 21.16957 ], [ -86.85832, 21.16917 ], [ -86.85916, 21.16873 ], [ -86.85992, 21.16838 ], [ -86.86042, 21.16811 ], [ -86.86068, 21.16799 ], [ -86.86491, 21.16591 ], [ -86.86956, 21.16358 ], [ -86.87297, 21.16192 ], [ -86.8754, 21.16068 ], [ -86.87693, 21.15996 ], [ -86.87932, 21.15873 ], [ -86.87989, 21.15846 ], [ -86.87519, 21.1608 ], [ -86.88042, 21.15819 ], [ -86.88199, 21.15744 ], [ -86.88376, 21.15655 ], [ -86.88395, 21.15643 ], [ -86.88474, 21.15606 ], [ -86.88601, 21.15542 ], [ -86.88908, 21.15392 ], [ -86.89031, 21.15327 ], [ -86.89251, 21.15217 ], [ -86.89773, 21.14961 ], [ -86.89798, 21.14946 ], [ -86.89927, 21.14883 ], [ -86.8993, 21.14882 ], [ -86.89961, 21.1494 ], [ -86.9011, 21.15199 ], [ -86.90117, 21.15207 ], [ -86.90218, 21.15158 ], [ -86.90247, 21.15147 ], [ -86.90281, 21.15188 ], [ -86.90303, 21.15208 ], [ -86.90322, 21.15232 ], [ -86.90342, 21.15261 ], [ -86.90359, 21.15293 ], [ -86.90373, 21.15329 ], [ -86.90378, 21.15359 ], [ -86.90395, 21.15411 ], [ -86.90407, 21.15438 ], [ -86.90418, 21.15453 ], [ -86.9049, 21.15419 ], [ -86.90618, 21.15353 ], [ -86.90736, 21.15292 ], [ -86.90761, 21.15289 ], [ -86.90787, 21.15279 ], [ -86.90922, 21.15216 ], [ -86.91113, 21.15123 ], [ -86.91147, 21.15114 ], [ -86.91416, 21.15099 ], [ -86.91415, 21.15087 ], [ -86.91411, 21.14961 ], [ -86.91412, 21.14862 ], [ -86.91763, 21.14848 ], [ -86.91764, 21.14844 ], [ -86.9161, 21.14851 ], [ -86.91412, 21.14858 ], [ -86.91397, 21.14861 ], [ -86.91397, 21.14931 ], [ -86.91406, 21.15088 ], [ -86.9115, 21.151 ], [ -86.91122, 21.15103 ], [ -86.91078, 21.15129 ], [ -86.91044, 21.15143 ], [ -86.90825, 21.15241 ], [ -86.90608, 21.15355 ], [ -86.90571, 21.15294 ], [ -86.90537, 21.15261 ], [ -86.90512, 21.15226 ], [ -86.90502, 21.15193 ], [ -86.9049, 21.15162 ], [ -86.90467, 21.15085 ], [ -86.90448, 21.15052 ], [ -86.90435, 21.15032 ], [ -86.902, 21.15148 ], [ -86.90128, 21.15185 ], [ -86.90117, 21.15192 ], [ -86.90046, 21.15066 ], [ -86.9002, 21.15015 ], [ -86.89991, 21.14963 ], [ -86.8996, 21.1491 ], [ -86.89934, 21.1487 ], [ -86.89856, 21.14907 ], [ -86.89774, 21.1495 ], [ -86.89375, 21.15151 ], [ -86.89199, 21.15235 ], [ -86.88822, 21.15425 ], [ -86.88699, 21.15485 ], [ -86.88657, 21.15504 ], [ -86.88571, 21.1555 ], [ -86.88527, 21.1557 ], [ -86.88311, 21.15677 ], [ -86.88177, 21.15747 ], [ -86.87899, 21.15882 ], [ -86.87761, 21.15951 ], [ -86.87697, 21.15984 ], [ -86.87066, 21.16295 ], [ -86.87034, 21.16313 ], [ -86.86619, 21.16517 ], [ -86.8658, 21.16537 ], [ -86.86539, 21.16557 ], [ -86.86414, 21.1662 ], [ -86.86244, 21.16701 ], [ -86.86116, 21.16767 ], [ -86.85943, 21.16852 ], [ -86.85865, 21.16892 ], [ -86.85758, 21.16943 ], [ -86.85738, 21.16915 ], [ -86.85686, 21.16825 ], [ -86.85642, 21.16744 ], [ -86.8552, 21.16532 ], [ -86.85473, 21.16487 ], [ -86.85423, 21.16437 ], [ -86.8538, 21.164 ], [ -86.85277, 21.16299 ], [ -86.85231, 21.16258 ], [ -86.85191, 21.16212 ], [ -86.85179, 21.16195 ], [ -86.85179, 21.16182 ], [ -86.85176, 21.16173 ], [ -86.85172, 21.16169 ], [ -86.85167, 21.16166 ], [ -86.85144, 21.16158 ], [ -86.85119, 21.16145 ], [ -86.85085, 21.16119 ], [ -86.84913, 21.15944 ], [ -86.84851, 21.15871 ], [ -86.84713, 21.15741 ], [ -86.84652, 21.1568 ], [ -86.84244, 21.15285 ], [ -86.84219, 21.15259 ], [ -86.84192, 21.15239 ], [ -86.84087, 21.15283 ], [ -86.83822, 21.15366 ], [ -86.8366, 21.1542 ], [ -86.8348, 21.15473 ], [ -86.83436, 21.15491 ], [ -86.83339, 21.15521 ], [ -86.83192, 21.15569 ], [ -86.83052, 21.15593 ], [ -86.83005, 21.15598 ], [ -86.82966, 21.156 ], [ -86.82893, 21.15592 ], [ -86.82876, 21.15592 ], [ -86.82853, 21.15597 ], [ -86.82615, 21.15666 ], [ -86.82586, 21.15665 ], [ -86.8257, 21.15659 ], [ -86.8256, 21.15649 ], [ -86.82554, 21.15638 ], [ -86.82551, 21.15629 ], [ -86.82549, 21.15611 ], [ -86.82531, 21.15412 ], [ -86.82526, 21.15337 ], [ -86.82525, 21.15287 ], [ -86.82518, 21.15208 ], [ -86.82513, 21.15121 ], [ -86.82509, 21.15096 ], [ -86.82494, 21.15071 ], [ -86.82493, 21.15051 ], [ -86.82495, 21.15011 ], [ -86.82487, 21.14925 ], [ -86.82472, 21.14807 ], [ -86.82471, 21.14783 ], [ -86.82474, 21.14769 ], [ -86.82482, 21.14751 ], [ -86.82483, 21.1473 ], [ -86.82474, 21.14651 ], [ -86.82464, 21.14632 ], [ -86.82456, 21.14595 ], [ -86.82454, 21.14573 ], [ -86.82453, 21.14445 ], [ -86.82467, 21.14436 ], [ -86.82474, 21.14429 ], [ -86.8248, 21.14421 ], [ -86.82483, 21.14404 ], [ -86.82481, 21.14394 ], [ -86.82476, 21.14383 ], [ -86.82468, 21.14374 ], [ -86.82458, 21.14366 ], [ -86.82444, 21.14362 ], [ -86.82428, 21.14361 ], [ -86.82409, 21.14366 ], [ -86.82388, 21.14389 ], [ -86.82373, 21.14398 ], [ -86.82359, 21.14402 ], [ -86.82343, 21.14403 ], [ -86.82332, 21.14408 ], [ -86.82335, 21.14419 ], [ -86.8238, 21.14447 ], [ -86.82409, 21.14472 ], [ -86.82417, 21.14488 ], [ -86.82422, 21.14545 ], [ -86.82428, 21.14629 ] ] } },
{ "type": "Feature", "properties": { "ciudad_nombre": "Cancún", "encodedLine": "gea`C|z|pOyL`@w@?_@GeAq@UI]BUL{@x@WJe@H{AHsBDmHVmBD{EX}ELo@Kk@WUeAjDgNReBHg@Gg@k@Sk@JyAFuJYg]aAcBe@}A@Ql@j@pBLjB[rGLxA?j@Vf@L`C}@jCa@Lw@Ve@DaBFy@?uDPoJVmLb@MHGP?NDVFHHF^HJJ^z@b@nAx@nCzAtEfAlDpAnDNt@Hn@BhCFj@V~@j@vAx@`C\\\\rAhD~IdC`GjA|CrAdD\\\\dAB\\\\FVFTJP~@nChClGdAtCjBpE`CjGn@hBhCnGf@tAnDrIjAjD`C`G|BdGtDbJ|BdG`C~Fv@vBnCtGfAAvDOvHS|CEtDSvACzDUrEKh@@f@Cd@C\\\\GvKY`BKjHWd@pNJbFRpFVlLPxFDVHHBP@lAPzEFdDJfDg@PCh@DbBD_@V@|BGt@?dCSbAEbAC|@?Sdj@D^FVZBd@@zDU|EIpCMV@Bn@PjXFlFANu@D{@?uFEaA?OLCTDpC?vBHtG@rGFfFCJi@AyEDKNCdACnGC~RErFGb@Cd@Fb@L\\\\tCbHdBzEtB|ErFpNCPKNSJ_@FqIv@aGn@cAHeCLMHAHFTJ|@^~Ep@vH@TEL@VBHJJFtAhAjNLJPBT?VAn@MpAKPE?IaBNW?qAJa@yDw@yJASDS?OKUUuBiAyNlDa@tAItHu@dC]vBMnAWmDgJwDiJyA{DoE}KE_@JkBJwPDsPBm@DIdGGBIK}H?_EIiFE_IFE|HBzA?RCDKGgDY_^IGaBHcHN_FRWC?yBBwAAoDByB@yHD_BAw@JcOEYYAsBHiBBOMImCAqBYeIAw@Hy@I{Eu@}TKsFMoC?y@ImBIcDq@AyHTqBJiFNsDPoFLcBPaD@uI`@mHN}BJ}DJcEHc@?e@E{@mBaBqEgDgIkD_J_@w@Wc@Ek@@w@LgJA}@Iu@Qw@s@kBiAeD]wBWeAyAmEcDcJa@aAg@w@i@q@}DcCs@]eBo@e@_@e@e@q@wAsEuLWu@C_@?i@GSKQoAuAcEmK[cAOmAUo@Wm@y@_AmAyCuAyD_BoDQo@Is@GmCCk@i@oB{@yBq@eCw@cCwAcEQu@Cc@?_@F]Zi@f@c@p@GxAE~Ka@vISlCQ^RPDl@?l@IVGj@WpA[rIi@pIEvHYnALfAA~@Ml@QL?h@N`K_@tCIbBA|CMlDIp@Gp@]f@AnABjDOjF]n@AZDb@Nh@@|CQd@ShAOj@C~FAPZLLNJ`@DRCTIPONSF[@_@Ie@m@i@Q]G[A_@IUUDw@xAq@x@_@NqBHgDJ", "data.route.shortName": "Chichen Itzá", "data.route.longName": "15_Chichen Itzá", "slug": "ruta-15-chichen-itza.4eY", "type": "Bus", "color": null, "trips": [ ], "shape_id": "shape_2269" }, "geometry": { "type": "LineString", "coordinates": [ [ -86.82431, 21.1466 ], [ -86.82448, 21.14881 ], [ -86.82448, 21.14909 ], [ -86.82444, 21.14925 ], [ -86.82419, 21.1496 ], [ -86.82414, 21.14971 ], [ -86.82416, 21.14986 ], [ -86.82423, 21.14997 ], [ -86.82452, 21.15027 ], [ -86.82458, 21.15039 ], [ -86.82463, 21.15058 ], [ -86.82468, 21.15104 ], [ -86.82471, 21.15162 ], [ -86.82483, 21.15313 ], [ -86.82486, 21.15368 ], [ -86.82499, 21.15478 ], [ -86.82506, 21.15589 ], [ -86.825, 21.15613 ], [ -86.82488, 21.15635 ], [ -86.82453, 21.15646 ], [ -86.82209, 21.1556 ], [ -86.82158, 21.1555 ], [ -86.82138, 21.15545 ], [ -86.82118, 21.15549 ], [ -86.82108, 21.15571 ], [ -86.82114, 21.15593 ], [ -86.82118, 21.15638 ], [ -86.82105, 21.15825 ], [ -86.82072, 21.16309 ], [ -86.82053, 21.16359 ], [ -86.82054, 21.16406 ], [ -86.82077, 21.16415 ], [ -86.82134, 21.16393 ], [ -86.82188, 21.16386 ], [ -86.82326, 21.164 ], [ -86.82371, 21.16393 ], [ -86.82393, 21.16393 ], [ -86.82413, 21.16381 ], [ -86.82478, 21.16374 ], [ -86.82548, 21.16405 ], [ -86.82555, 21.16422 ], [ -86.82567, 21.1645 ], [ -86.8257, 21.16469 ], [ -86.82574, 21.16518 ], [ -86.82574, 21.16547 ], [ -86.82583, 21.16638 ], [ -86.82595, 21.16822 ], [ -86.82613, 21.17037 ], [ -86.82618, 21.17044 ], [ -86.82627, 21.17048 ], [ -86.82635, 21.17048 ], [ -86.82647, 21.17045 ], [ -86.82652, 21.17041 ], [ -86.82656, 21.17036 ], [ -86.82661, 21.1702 ], [ -86.82667, 21.17014 ], [ -86.82697, 21.16998 ], [ -86.82737, 21.1698 ], [ -86.82809, 21.16951 ], [ -86.82916, 21.16905 ], [ -86.83003, 21.16869 ], [ -86.83091, 21.16828 ], [ -86.83118, 21.1682 ], [ -86.83142, 21.16815 ], [ -86.83211, 21.16813 ], [ -86.83233, 21.16809 ], [ -86.83265, 21.16797 ], [ -86.83309, 21.16775 ], [ -86.83374, 21.16746 ], [ -86.83416, 21.16731 ], [ -86.83592, 21.16646 ], [ -86.83721, 21.16579 ], [ -86.838, 21.16541 ], [ -86.83883, 21.16499 ], [ -86.83918, 21.16484 ], [ -86.83933, 21.16482 ], [ -86.83945, 21.16478 ], [ -86.83956, 21.16474 ], [ -86.83965, 21.16468 ], [ -86.84037, 21.16436 ], [ -86.84172, 21.16367 ], [ -86.84247, 21.16332 ], [ -86.84352, 21.16278 ], [ -86.84486, 21.16213 ], [ -86.84539, 21.16189 ], [ -86.84675, 21.1612 ], [ -86.84718, 21.161 ], [ -86.84888, 21.16012 ], [ -86.84974, 21.15974 ], [ -86.85103, 21.15909 ], [ -86.85234, 21.15846 ], [ -86.85412, 21.15755 ], [ -86.85543, 21.15692 ], [ -86.85671, 21.15627 ], [ -86.85731, 21.15599 ], [ -86.8587, 21.15527 ], [ -86.85869, 21.15491 ], [ -86.85861, 21.15399 ], [ -86.85851, 21.15243 ], [ -86.85848, 21.15164 ], [ -86.85838, 21.15073 ], [ -86.85836, 21.15029 ], [ -86.85825, 21.14935 ], [ -86.85819, 21.14829 ], [ -86.8582, 21.14808 ], [ -86.85818, 21.14788 ], [ -86.85816, 21.14769 ], [ -86.85812, 21.14754 ], [ -86.85799, 21.1455 ], [ -86.85793, 21.14501 ], [ -86.85781, 21.14351 ], [ -86.8603, 21.14332 ], [ -86.86144, 21.14326 ], [ -86.86265, 21.14316 ], [ -86.8648, 21.14304 ], [ -86.86605, 21.14295 ], [ -86.86617, 21.14292 ], [ -86.86622, 21.14287 ], [ -86.86631, 21.14285 ], [ -86.8667, 21.14284 ], [ -86.8678, 21.14275 ], [ -86.86863, 21.14271 ], [ -86.86947, 21.14265 ], [ -86.86956, 21.14285 ], [ -86.86977, 21.14287 ], [ -86.87027, 21.14284 ], [ -86.87011, 21.14281 ], [ -86.87012, 21.14269 ], [ -86.87008, 21.14206 ], [ -86.87008, 21.14179 ], [ -86.86998, 21.14112 ], [ -86.86995, 21.14078 ], [ -86.86993, 21.14044 ], [ -86.86993, 21.14013 ], [ -86.87684, 21.14023 ], [ -86.877, 21.1402 ], [ -86.87712, 21.14016 ], [ -86.87714, 21.14002 ], [ -86.87715, 21.13983 ], [ -86.87704, 21.13889 ], [ -86.87699, 21.13778 ], [ -86.87692, 21.13705 ], [ -86.87693, 21.13693 ], [ -86.87717, 21.13691 ], [ -86.88123, 21.13682 ], [ -86.88242, 21.13678 ], [ -86.8825, 21.13679 ], [ -86.88253, 21.13706 ], [ -86.88253, 21.13736 ], [ -86.8825, 21.13859 ], [ -86.8825, 21.13892 ], [ -86.88257, 21.139 ], [ -86.88268, 21.13902 ], [ -86.88341, 21.13899 ], [ -86.88401, 21.13899 ], [ -86.8854, 21.13894 ], [ -86.88678, 21.13893 ], [ -86.88794, 21.13889 ], [ -86.888, 21.13891 ], [ -86.88799, 21.13912 ], [ -86.88802, 21.14021 ], [ -86.8881, 21.14027 ], [ -86.88845, 21.14029 ], [ -86.88981, 21.14031 ], [ -86.89301, 21.14033 ], [ -86.89423, 21.14036 ], [ -86.89441, 21.1404 ], [ -86.8946, 21.14042 ], [ -86.89478, 21.14038 ], [ -86.89493, 21.14031 ], [ -86.89639, 21.13956 ], [ -86.89749, 21.13905 ], [ -86.8986, 21.13846 ], [ -86.90109, 21.13724 ], [ -86.90118, 21.13726 ], [ -86.90126, 21.13732 ], [ -86.90132, 21.13742 ], [ -86.90136, 21.13758 ], [ -86.90164, 21.13927 ], [ -86.90188, 21.14056 ], [ -86.90193, 21.1409 ], [ -86.902, 21.14157 ], [ -86.90205, 21.14164 ], [ -86.9021, 21.14165 ], [ -86.90221, 21.14161 ], [ -86.90252, 21.14155 ], [ -86.90364, 21.14139 ], [ -86.9052, 21.14114 ], [ -86.90531, 21.14113 ], [ -86.90538, 21.14116 ], [ -86.9055, 21.14115 ], [ -86.90555, 21.14113 ], [ -86.90561, 21.14107 ], [ -86.90604, 21.14103 ], [ -86.9085, 21.14066 ], [ -86.90856, 21.14059 ], [ -86.90858, 21.1405 ], [ -86.90858, 21.14039 ], [ -86.90857, 21.14027 ], [ -86.9085, 21.14003 ], [ -86.90844, 21.13962 ], [ -86.90841, 21.13953 ], [ -86.90836, 21.13953 ], [ -86.90844, 21.14002 ], [ -86.90844, 21.14014 ], [ -86.9085, 21.14055 ], [ -86.90757, 21.14072 ], [ -86.90568, 21.141 ], [ -86.90558, 21.14101 ], [ -86.90548, 21.14098 ], [ -86.9054, 21.14098 ], [ -86.90529, 21.14104 ], [ -86.9047, 21.14115 ], [ -86.90217, 21.14152 ], [ -86.902, 21.14065 ], [ -86.90195, 21.14022 ], [ -86.90168, 21.13867 ], [ -86.90153, 21.138 ], [ -86.90146, 21.1374 ], [ -86.90134, 21.137 ], [ -86.89954, 21.13787 ], [ -86.89773, 21.13879 ], [ -86.89679, 21.13924 ], [ -86.89472, 21.14028 ], [ -86.89456, 21.14031 ], [ -86.89402, 21.14025 ], [ -86.89118, 21.14019 ], [ -86.88836, 21.14016 ], [ -86.88813, 21.14014 ], [ -86.88808, 21.14011 ], [ -86.88804, 21.1388 ], [ -86.88799, 21.13878 ], [ -86.8864, 21.13884 ], [ -86.88544, 21.13884 ], [ -86.88427, 21.13889 ], [ -86.88267, 21.13892 ], [ -86.88264, 21.13888 ], [ -86.88266, 21.13729 ], [ -86.88266, 21.13683 ], [ -86.88264, 21.13673 ], [ -86.88258, 21.1367 ], [ -86.88174, 21.13674 ], [ -86.87678, 21.13687 ], [ -86.87674, 21.13692 ], [ -86.87679, 21.13741 ], [ -86.87687, 21.13887 ], [ -86.87697, 21.13999 ], [ -86.87695, 21.14011 ], [ -86.87634, 21.14011 ], [ -86.8759, 21.14009 ], [ -86.87502, 21.1401 ], [ -86.87441, 21.14008 ], [ -86.87284, 21.14007 ], [ -86.87236, 21.14004 ], [ -86.87208, 21.14005 ], [ -86.8695, 21.13999 ], [ -86.86937, 21.14002 ], [ -86.86936, 21.14015 ], [ -86.86941, 21.14073 ], [ -86.86943, 21.14126 ], [ -86.86936, 21.14134 ], [ -86.86865, 21.14139 ], [ -86.86808, 21.1414 ], [ -86.86645, 21.14153 ], [ -86.86617, 21.14154 ], [ -86.86588, 21.14149 ], [ -86.86478, 21.14154 ], [ -86.86127, 21.14181 ], [ -86.86005, 21.14187 ], [ -86.85933, 21.14194 ], [ -86.85904, 21.14194 ], [ -86.85849, 21.14199 ], [ -86.85767, 21.14204 ], [ -86.85766, 21.14229 ], [ -86.85777, 21.14386 ], [ -86.85783, 21.14443 ], [ -86.85791, 21.1456 ], [ -86.858, 21.1465 ], [ -86.85807, 21.1477 ], [ -86.85816, 21.1482 ], [ -86.85817, 21.14901 ], [ -86.85834, 21.15072 ], [ -86.85842, 21.15223 ], [ -86.85848, 21.15286 ], [ -86.85854, 21.15381 ], [ -86.85859, 21.15479 ], [ -86.85859, 21.15497 ], [ -86.85856, 21.15516 ], [ -86.85801, 21.15546 ], [ -86.85696, 21.15595 ], [ -86.85532, 21.15679 ], [ -86.85356, 21.15765 ], [ -86.85328, 21.15781 ], [ -86.8531, 21.15793 ], [ -86.85288, 21.15796 ], [ -86.8526, 21.15795 ], [ -86.8508, 21.15788 ], [ -86.85049, 21.15789 ], [ -86.85022, 21.15794 ], [ -86.84994, 21.15803 ], [ -86.8494, 21.15829 ], [ -86.84857, 21.15866 ], [ -86.84797, 21.15881 ], [ -86.84762, 21.15893 ], [ -86.84659, 21.15938 ], [ -86.84481, 21.1602 ], [ -86.84448, 21.16037 ], [ -86.8442, 21.16057 ], [ -86.84395, 21.16078 ], [ -86.84329, 21.16173 ], [ -86.84314, 21.16199 ], [ -86.8429, 21.1625 ], [ -86.84274, 21.16269 ], [ -86.84255, 21.16288 ], [ -86.84211, 21.16313 ], [ -86.83992, 21.16419 ], [ -86.83965, 21.16431 ], [ -86.83949, 21.16433 ], [ -86.83928, 21.16433 ], [ -86.83918, 21.16437 ], [ -86.83909, 21.16443 ], [ -86.83866, 21.16483 ], [ -86.83667, 21.16581 ], [ -86.83633, 21.16595 ], [ -86.83594, 21.16603 ], [ -86.8357, 21.16614 ], [ -86.83547, 21.16626 ], [ -86.83515, 21.16655 ], [ -86.83438, 21.16694 ], [ -86.83345, 21.16737 ], [ -86.83257, 21.16785 ], [ -86.83233, 21.16794 ], [ -86.83207, 21.16799 ], [ -86.83136, 21.16803 ], [ -86.83114, 21.16805 ], [ -86.83058, 21.16826 ], [ -86.82997, 21.16856 ], [ -86.8293, 21.16881 ], [ -86.82864, 21.16909 ], [ -86.82766, 21.16953 ], [ -86.82739, 21.16962 ], [ -86.82721, 21.16964 ], [ -86.82705, 21.16964 ], [ -86.8269, 21.1696 ], [ -86.82669, 21.16946 ], [ -86.82651, 21.16926 ], [ -86.82647, 21.16901 ], [ -86.82644, 21.16856 ], [ -86.82627, 21.16648 ], [ -86.82617, 21.16476 ], [ -86.82608, 21.16405 ], [ -86.82618, 21.16389 ], [ -86.82621, 21.1638 ], [ -86.82621, 21.16357 ], [ -86.82616, 21.16334 ], [ -86.82612, 21.16322 ], [ -86.826, 21.163 ], [ -86.82586, 21.16259 ], [ -86.82565, 21.16089 ], [ -86.82562, 21.1592 ], [ -86.82549, 21.15764 ], [ -86.82556, 21.15724 ], [ -86.82555, 21.15688 ], [ -86.82548, 21.15656 ], [ -86.82539, 21.15633 ], [ -86.82539, 21.15626 ], [ -86.82547, 21.15605 ], [ -86.82531, 21.15412 ], [ -86.82526, 21.15337 ], [ -86.82525, 21.15287 ], [ -86.82518, 21.15208 ], [ -86.82513, 21.15121 ], [ -86.82509, 21.15096 ], [ -86.82494, 21.15071 ], [ -86.82493, 21.15051 ], [ -86.82495, 21.15011 ], [ -86.82487, 21.14925 ], [ -86.82472, 21.14807 ], [ -86.82471, 21.14783 ], [ -86.82474, 21.14769 ], [ -86.82482, 21.14751 ], [ -86.82483, 21.1473 ], [ -86.82474, 21.14651 ], [ -86.82464, 21.14632 ], [ -86.82456, 21.14595 ], [ -86.82454, 21.14573 ], [ -86.82453, 21.14445 ], [ -86.82467, 21.14436 ], [ -86.82474, 21.14429 ], [ -86.8248, 21.14421 ], [ -86.82483, 21.14404 ], [ -86.82481, 21.14394 ], [ -86.82476, 21.14383 ], [ -86.82468, 21.14374 ], [ -86.82458, 21.14366 ], [ -86.82444, 21.14362 ], [ -86.82428, 21.14361 ], [ -86.82409, 21.14366 ], [ -86.82388, 21.14389 ], [ -86.82373, 21.14398 ], [ -86.82359, 21.14402 ], [ -86.82343, 21.14403 ], [ -86.82332, 21.14408 ], [ -86.82335, 21.14419 ], [ -86.8238, 21.14447 ], [ -86.82409, 21.14472 ], [ -86.82417, 21.14488 ], [ -86.82422, 21.14545 ], [ -86.82428, 21.14629 ] ] } },
{ "type": "Feature", "properties": { "ciudad_nombre": "Cancún", "encodedLine": "yzl_CfxtpO{Oh@_KVyK_@qLi@kJ_@oOw@ePuCi@Me@Oa@U_@Y}CkDq@q@YWy@c@a@Se@OiDw@i@IwAOk@C{ABm@B}ARg[tEsAJc@@_@E_Co@qD_AmBi@kBu@g@[c@UmAw@sEmC_By@e@[y@q@mB]eBU_B_@gB[iBa@eC_@_Ck@eFgAeIkBmAOQKUCaAYsI{CaCk@kDkAaFgAm@OoHgCmG_CqEoBiDuAwFmCqFkBcDaAqAe@uA_@wBy@cDaAsBw@oE}AsAi@e@YiD{AiDaBcSyIsCiAaBs@uFuBeACg@EcC[iCc@gDc@yDeAeCeAeAi@_CyA}AmAu@{@]q@e@k@wCuBo@y@aCuBIQwAcBYSiBy@sDmBwAm@s@M]Cc@?gBJaAEWGs@a@qAaA{@i@iBu@iA[cAc@[S}@a@qAaAu@_@[KaAKiBAe@EoB_@qA[i@Qg@SiD{A_CyAeCoBc@c@gBqBcAwAgAwAwC{CuAy@aBqAiBmAcDkCwBmByAaAg@_@}A_Bu@}@s@_A]_@c@[iAs@e@Ka@Ce@Dk@J[JULSTc@t@iA~BiB`DmBbC]^aAv@{@|@_@v@K^M`AA^FtALp@Xn@t@`A\\\\Zd@Vj@RbAR`@JbATn@\\\\XPj@j@|@zAz@~BXxAHl@JhCEjG?`GEvDIfC?dBc@bHgA`H_@nBQv@kAnEqBtFWl@s@tAg@vAcAhCaFxKsAzBmAdCu@pAgEzGs@rAw@`AuArBoArBsAbCgA`BaC~Du@hBo@fCQfAQzC?`DDjANlA^tBf@fBfCjHPp@b@jCNjDAjBSdDW`BQp@Sr@wAhDeAlBg@t@oCfCiBvAaHhFqDvCaFfD}AtAq@d@iChCwA`BcH|JsCtC{CbCuCbCoBrA{A|@}BhBsDdCk@d@gAbAwAnBc@f@_A|Bi@|Ac@dBMz@U`CGfA?tAFxAHtA^xCt@hFPlBdAnHRrBPj@n@nEv@dGXvCPx@\\\\rCp@|EpA~Jh@rE^pCPfBHpAGpAWtAsAhFo@~Ce@fByApG]nAmBtI_@zCOr@?XVTb@l@Zv@Tz@b@lBPdAbA~DVnAPfAH\\\\HPX`BzApG@zAGd@\\\\x@v@pARj@Tx@xAvGj@tClEbS^vALr@FLr@ZHFf@c@rBaC\\\\Ub@o@p@u@vFwF~@n@zD|CjEpDj@\\\\p@f@z@tAlBr@nCxBlBpAbGzErFdEfAbAm@`@qB`AsBpAuD`BuCtA}AbAyFxCmElC{DlBTtAdBzHv@dDrAlG|AzGD\\\\xXy@t@?RrI^`LNhHNlCD|CRxFJvFF~@CVJ^Fn@TfJRvD?~@m@Hd@~O@zAn@vRLbFANy@D?VbCFrBABKYeL@oCA[?cAKoBEmBWwI?Y`@Ev@EIuCEqFWuGO{GBWFSCaAY}IM}FWmG@y@SiEIwE_@}MUs@KQs@@kDPgEDoERgBBmBLwEFg@aByAqGy@aEk@eCSaAW_AyAaHfCyA~GmDzJuFtB_ApBeAb@YrBiAnAm@r@g@y@w@oEcDoGgF{EoDu@o@kBsA_@U_CuBqEiD}AoAaBmAgAaAYMKSoDoCq@o@qBaBi@Si@Ki@?g@LWCSIOYwBuJe@}Bk@gDMg@c@qAaAiEeAkESwAEu@[oBa@wGA_@V{BAa@sAoHaAsE@g@Bg@^sBJ{AT{AjAgFd@{A`@aBXuAB_@@sA?k@Gq@uAcLUu@qBqEYaAOeAmDmXkDyVuAqKMkAImAAkA?oAFsA\\\\kCf@aCXy@z@sB`@u@d@s@rA}A`BwAp@g@dBeAfJmGtHaG|AgBl@u@nDiFfCmDn@w@fBgBlB_BlFsD|I{G`JoHv@w@p@w@j@{@pAeCbAmCVaAh@cDFy@HoDEaAa@{Ew@kFWkAc@iCMyC?mFJcDJoA^{CPgA|@_Ep@qBt@gB`CeEjCuD`@m@\\\\q@bDcFrImOnAkDzDmJdA}BjBuFtAwFtAeIb@yAJi@Da@EcAB{GNyE@gEGuBDwFAi@K{AUcBk@sBcAyBaFaI]u@Qu@OyA@a@JgAXiAh@_At@eA`@[bAm@d@QhA[`@Ip@EvA?rB^`EdAd@LjBv@nA`@bEvB|A`A|@l@zApAjBxAdAhAvFdHnAhAn@f@|AfAdBfAn@\\\\rEdBxDx@n@FpCPb@FfAf@|ChBv@ZlBr@r@^XNdBnA`Af@`@FJF\\\\@pAAzBGTBHD\\\\H|@^~CbBlD`B~@dA`@j@@Hb@d@bG~FbCfCjAdARH~AnAjAd@fAj@~B`Aj@N|Bx@XFh@@pALh@J|BPzCb@bA@hG`CvCrAjEdBd@VdGnCbGdCxBjAdEbBb@VbA`@rEdBlH~BhDrAxBh@lAf@fAXpBl@vCjAz@^j@^rDvAfB|@VDjGnChA^~CvAtAb@bCt@nDz@|B\\\\rEdBjAXt@X`AXhGrBzBl@vAVt@RtARzDx@dCl@bAPfCn@~Ch@~Cr@nE|@rA^hDnBtEdCbBbA^PxEpClDhB~@^dBP`B?`@E`AO~Am@lBm@zDcApB]dD[j@CnCB`B?n@GlCa@n@Ch@?h@Bf@HfATfBl@`@R`@Td@j@pApAt@`Ad@f@f@`@n@\\\\ZLxBb@~@L`Cd@`Ch@~Ah@`@FdAJd@@jAC~FNnCPbK^fAFrCJlAJbALjAJjGP~ACn@ExIUxHYlACnDFbAHdCXR?LEPS?QKOWOa@IiAEo@@_AH", "data.route.shortName": "Hoteles 95-96", "data.route.longName": "15_Hoteles 95-96", "slug": "ruta-15-hoteles-95-96.4f7", "type": "Bus", "color": null, "trips": [ ], "shape_id": "shape_2302" }, "geometry": { "type": "LineString", "coordinates": [ [ -86.78292, 21.04253 ], [ -86.78313, 21.04523 ], [ -86.78325, 21.04715 ], [ -86.78309, 21.0492 ], [ -86.78288, 21.05137 ], [ -86.78272, 21.05319 ], [ -86.78244, 21.05583 ], [ -86.78169, 21.05858 ], [ -86.78162, 21.05879 ], [ -86.78154, 21.05898 ], [ -86.78143, 21.05915 ], [ -86.7813, 21.05931 ], [ -86.78044, 21.0601 ], [ -86.78019, 21.06035 ], [ -86.78007, 21.06048 ], [ -86.77989, 21.06077 ], [ -86.77979, 21.06094 ], [ -86.77971, 21.06113 ], [ -86.77943, 21.06198 ], [ -86.77938, 21.06219 ], [ -86.7793, 21.06263 ], [ -86.77928, 21.06285 ], [ -86.7793, 21.06331 ], [ -86.77932, 21.06354 ], [ -86.77942, 21.06401 ], [ -86.78049, 21.06853 ], [ -86.78055, 21.06895 ], [ -86.78056, 21.06913 ], [ -86.78053, 21.06929 ], [ -86.78029, 21.06993 ], [ -86.77997, 21.07082 ], [ -86.77976, 21.07137 ], [ -86.77949, 21.07191 ], [ -86.77935, 21.07211 ], [ -86.77924, 21.07229 ], [ -86.77896, 21.07268 ], [ -86.77825, 21.07374 ], [ -86.77796, 21.07422 ], [ -86.77782, 21.07441 ], [ -86.77757, 21.0747 ], [ -86.77742, 21.07525 ], [ -86.77731, 21.07576 ], [ -86.77715, 21.07624 ], [ -86.77701, 21.07676 ], [ -86.77684, 21.07729 ], [ -86.77668, 21.07796 ], [ -86.77646, 21.0786 ], [ -86.7761, 21.07975 ], [ -86.77556, 21.08138 ], [ -86.77548, 21.08177 ], [ -86.77542, 21.08186 ], [ -86.7754, 21.08197 ], [ -86.77527, 21.0823 ], [ -86.77449, 21.084 ], [ -86.77427, 21.08465 ], [ -86.77389, 21.08551 ], [ -86.77353, 21.08664 ], [ -86.77345, 21.08687 ], [ -86.77277, 21.08839 ], [ -86.77213, 21.08974 ], [ -86.77157, 21.09079 ], [ -86.77114, 21.09164 ], [ -86.77043, 21.09288 ], [ -86.76989, 21.09409 ], [ -86.76956, 21.09491 ], [ -86.76937, 21.09532 ], [ -86.76921, 21.09575 ], [ -86.76892, 21.09635 ], [ -86.76859, 21.09717 ], [ -86.76831, 21.09775 ], [ -86.76784, 21.09879 ], [ -86.76763, 21.09921 ], [ -86.7675, 21.0994 ], [ -86.76704, 21.10025 ], [ -86.76655, 21.1011 ], [ -86.76482, 21.10432 ], [ -86.76445, 21.10506 ], [ -86.76419, 21.10555 ], [ -86.7636, 21.10678 ], [ -86.76358, 21.10713 ], [ -86.76355, 21.10733 ], [ -86.76341, 21.10799 ], [ -86.76323, 21.10868 ], [ -86.76305, 21.10952 ], [ -86.7627, 21.11045 ], [ -86.76235, 21.11112 ], [ -86.76214, 21.11147 ], [ -86.76169, 21.11211 ], [ -86.7613, 21.11258 ], [ -86.761, 21.11285 ], [ -86.76075, 21.113 ], [ -86.76053, 21.11319 ], [ -86.75994, 21.11395 ], [ -86.75965, 21.11419 ], [ -86.75906, 21.11484 ], [ -86.75897, 21.11489 ], [ -86.75847, 21.11533 ], [ -86.75837, 21.11546 ], [ -86.75808, 21.11599 ], [ -86.75753, 21.11689 ], [ -86.7573, 21.11733 ], [ -86.75723, 21.11759 ], [ -86.75721, 21.11774 ], [ -86.75721, 21.11792 ], [ -86.75727, 21.11844 ], [ -86.75724, 21.11877 ], [ -86.7572, 21.11889 ], [ -86.75703, 21.11915 ], [ -86.7567, 21.11956 ], [ -86.75649, 21.11986 ], [ -86.75622, 21.12039 ], [ -86.75608, 21.12076 ], [ -86.7559, 21.1211 ], [ -86.7558, 21.12124 ], [ -86.75563, 21.12155 ], [ -86.7553, 21.12196 ], [ -86.75514, 21.12223 ], [ -86.75508, 21.12237 ], [ -86.75502, 21.1227 ], [ -86.75501, 21.12323 ], [ -86.75498, 21.12342 ], [ -86.75482, 21.12398 ], [ -86.75468, 21.12439 ], [ -86.75459, 21.1246 ], [ -86.75449, 21.1248 ], [ -86.75403, 21.12565 ], [ -86.75358, 21.12629 ], [ -86.75302, 21.12696 ], [ -86.75284, 21.12714 ], [ -86.75227, 21.12766 ], [ -86.75183, 21.128 ], [ -86.75139, 21.12836 ], [ -86.75061, 21.12912 ], [ -86.75032, 21.12955 ], [ -86.74991, 21.13004 ], [ -86.74952, 21.13057 ], [ -86.74882, 21.13139 ], [ -86.74827, 21.13199 ], [ -86.74794, 21.13244 ], [ -86.74778, 21.13264 ], [ -86.7473, 21.13311 ], [ -86.74699, 21.13338 ], [ -86.74667, 21.13364 ], [ -86.74651, 21.13379 ], [ -86.74637, 21.13397 ], [ -86.74611, 21.13434 ], [ -86.74605, 21.13453 ], [ -86.74603, 21.1347 ], [ -86.74606, 21.13489 ], [ -86.74612, 21.13511 ], [ -86.74618, 21.13525 ], [ -86.74625, 21.13536 ], [ -86.74636, 21.13546 ], [ -86.74663, 21.13564 ], [ -86.74727, 21.13601 ], [ -86.74808, 21.13654 ], [ -86.74874, 21.13709 ], [ -86.7489, 21.13724 ], [ -86.74918, 21.13757 ], [ -86.74949, 21.13787 ], [ -86.74977, 21.13803 ], [ -86.74993, 21.13809 ], [ -86.75026, 21.13816 ], [ -86.75042, 21.13817 ], [ -86.75085, 21.13813 ], [ -86.7511, 21.13806 ], [ -86.75134, 21.13793 ], [ -86.75167, 21.13766 ], [ -86.75181, 21.13751 ], [ -86.75193, 21.13732 ], [ -86.75203, 21.1371 ], [ -86.75213, 21.13676 ], [ -86.75219, 21.13659 ], [ -86.7523, 21.13625 ], [ -86.75245, 21.13601 ], [ -86.75254, 21.13588 ], [ -86.75276, 21.13566 ], [ -86.75322, 21.13535 ], [ -86.75386, 21.13505 ], [ -86.75431, 21.13492 ], [ -86.75454, 21.13487 ], [ -86.75523, 21.13481 ], [ -86.75657, 21.13484 ], [ -86.75786, 21.13484 ], [ -86.75878, 21.13487 ], [ -86.75946, 21.13492 ], [ -86.75997, 21.13492 ], [ -86.76143, 21.1351 ], [ -86.76288, 21.13546 ], [ -86.76344, 21.13562 ], [ -86.76372, 21.13571 ], [ -86.76476, 21.13609 ], [ -86.76599, 21.13666 ], [ -86.76622, 21.13678 ], [ -86.76665, 21.13704 ], [ -86.76709, 21.13724 ], [ -86.76778, 21.13758 ], [ -86.76983, 21.13871 ], [ -86.77045, 21.13913 ], [ -86.77112, 21.13952 ], [ -86.77153, 21.13979 ], [ -86.77295, 21.14079 ], [ -86.77337, 21.14105 ], [ -86.7737, 21.14133 ], [ -86.77428, 21.14176 ], [ -86.77486, 21.14216 ], [ -86.77552, 21.14258 ], [ -86.77601, 21.14294 ], [ -86.77697, 21.14359 ], [ -86.7775, 21.14386 ], [ -86.77818, 21.1441 ], [ -86.77854, 21.14419 ], [ -86.77932, 21.14428 ], [ -86.78013, 21.14428 ], [ -86.78051, 21.14425 ], [ -86.7809, 21.14417 ], [ -86.78149, 21.14401 ], [ -86.78201, 21.14381 ], [ -86.78351, 21.14313 ], [ -86.78376, 21.14304 ], [ -86.78446, 21.14286 ], [ -86.78532, 21.14278 ], [ -86.78586, 21.14279 ], [ -86.78669, 21.14289 ], [ -86.78718, 21.14301 ], [ -86.78743, 21.1431 ], [ -86.78769, 21.1432 ], [ -86.78854, 21.14364 ], [ -86.78909, 21.14399 ], [ -86.78936, 21.14419 ], [ -86.79004, 21.14491 ], [ -86.79048, 21.14544 ], [ -86.79165, 21.14689 ], [ -86.79241, 21.14778 ], [ -86.79325, 21.14891 ], [ -86.79368, 21.14938 ], [ -86.79387, 21.14963 ], [ -86.79456, 21.15032 ], [ -86.79505, 21.15076 ], [ -86.79696, 21.15222 ], [ -86.79771, 21.15296 ], [ -86.79837, 21.15374 ], [ -86.79903, 21.15449 ], [ -86.79945, 21.15505 ], [ -86.79976, 21.15551 ], [ -86.80029, 21.15614 ], [ -86.80096, 21.15704 ], [ -86.80115, 21.15726 ], [ -86.80149, 21.15762 ], [ -86.80205, 21.15806 ], [ -86.80225, 21.15824 ], [ -86.80288, 21.15856 ], [ -86.80335, 21.15877 ], [ -86.80386, 21.15895 ], [ -86.80416, 21.15902 ], [ -86.80481, 21.15913 ], [ -86.80517, 21.15917 ], [ -86.8056, 21.15917 ], [ -86.80605, 21.15913 ], [ -86.80648, 21.15908 ], [ -86.80725, 21.15892 ], [ -86.80842, 21.15865 ], [ -86.80897, 21.15856 ], [ -86.81049, 21.15821 ], [ -86.81107, 21.15811 ], [ -86.81129, 21.15802 ], [ -86.81233, 21.15778 ], [ -86.81364, 21.1575 ], [ -86.8144, 21.15737 ], [ -86.81469, 21.15728 ], [ -86.81543, 21.15713 ], [ -86.81654, 21.15688 ], [ -86.81846, 21.15647 ], [ -86.81952, 21.15626 ], [ -86.82025, 21.1561 ], [ -86.82077, 21.15601 ], [ -86.82118, 21.15596 ], [ -86.82159, 21.156 ], [ -86.82202, 21.15612 ], [ -86.82319, 21.15654 ], [ -86.82399, 21.15678 ], [ -86.82451, 21.15697 ], [ -86.82588, 21.15742 ], [ -86.82628, 21.15757 ], [ -86.82799, 21.15812 ], [ -86.82877, 21.15828 ], [ -86.82903, 21.15836 ], [ -86.82916, 21.15836 ], [ -86.82927, 21.15824 ], [ -86.8295, 21.15806 ], [ -86.82978, 21.15792 ], [ -86.83008, 21.15781 ], [ -86.83063, 21.15763 ], [ -86.83098, 21.15754 ], [ -86.83194, 21.1572 ], [ -86.83234, 21.15708 ], [ -86.8327, 21.15699 ], [ -86.83285, 21.15694 ], [ -86.83294, 21.15689 ], [ -86.83343, 21.15676 ], [ -86.8348, 21.1563 ], [ -86.83526, 21.15629 ], [ -86.83545, 21.15633 ], [ -86.83574, 21.15618 ], [ -86.83615, 21.1559 ], [ -86.83637, 21.1558 ], [ -86.83666, 21.15569 ], [ -86.83806, 21.15524 ], [ -86.83881, 21.15502 ], [ -86.84203, 21.15399 ], [ -86.84247, 21.15383 ], [ -86.84273, 21.15376 ], [ -86.8428, 21.15372 ], [ -86.84294, 21.15346 ], [ -86.84298, 21.15341 ], [ -86.8428, 21.15321 ], [ -86.84215, 21.15263 ], [ -86.84204, 21.15248 ], [ -86.8418, 21.1523 ], [ -86.84153, 21.15205 ], [ -86.84029, 21.15081 ], [ -86.84053, 21.15049 ], [ -86.84132, 21.14955 ], [ -86.84221, 21.14853 ], [ -86.84236, 21.14831 ], [ -86.84256, 21.14806 ], [ -86.84299, 21.14776 ], [ -86.84325, 21.14721 ], [ -86.84386, 21.14649 ], [ -86.84427, 21.14594 ], [ -86.84537, 21.14464 ], [ -86.84636, 21.14342 ], [ -86.8467, 21.14306 ], [ -86.84687, 21.14329 ], [ -86.8472, 21.14386 ], [ -86.84761, 21.14444 ], [ -86.8481, 21.14535 ], [ -86.84853, 21.1461 ], [ -86.84887, 21.14657 ], [ -86.84964, 21.14782 ], [ -86.85035, 21.14885 ], [ -86.8509, 21.14979 ], [ -86.85133, 21.14968 ], [ -86.85291, 21.14917 ], [ -86.85374, 21.14889 ], [ -86.85509, 21.14847 ], [ -86.85651, 21.148 ], [ -86.85666, 21.14797 ], [ -86.85637, 21.14384 ], [ -86.85637, 21.14357 ], [ -86.85807, 21.14347 ], [ -86.86016, 21.14331 ], [ -86.86165, 21.14323 ], [ -86.86236, 21.14315 ], [ -86.86315, 21.14312 ], [ -86.8644, 21.14302 ], [ -86.86564, 21.14296 ], [ -86.86596, 21.14292 ], [ -86.86608, 21.14294 ], [ -86.86624, 21.14288 ], [ -86.86648, 21.14284 ], [ -86.86828, 21.14273 ], [ -86.8692, 21.14263 ], [ -86.86952, 21.14263 ], [ -86.86957, 21.14286 ], [ -86.87229, 21.14267 ], [ -86.87275, 21.14266 ], [ -86.87591, 21.14242 ], [ -86.87705, 21.14235 ], [ -86.87713, 21.14236 ], [ -86.87716, 21.14265 ], [ -86.87728, 21.14265 ], [ -86.87732, 21.14199 ], [ -86.87731, 21.14141 ], [ -86.87725, 21.14139 ], [ -86.87514, 21.14152 ], [ -86.87442, 21.14151 ], [ -86.87428, 21.14152 ], [ -86.87394, 21.14152 ], [ -86.87338, 21.14158 ], [ -86.87283, 21.14161 ], [ -86.87111, 21.14173 ], [ -86.87098, 21.14173 ], [ -86.87095, 21.14156 ], [ -86.87092, 21.14128 ], [ -86.87017, 21.14133 ], [ -86.86896, 21.14136 ], [ -86.86757, 21.14148 ], [ -86.86615, 21.14156 ], [ -86.86603, 21.14154 ], [ -86.86593, 21.1415 ], [ -86.8656, 21.14152 ], [ -86.86385, 21.14165 ], [ -86.86258, 21.14172 ], [ -86.86123, 21.14184 ], [ -86.86094, 21.14183 ], [ -86.85993, 21.14193 ], [ -86.85885, 21.14198 ], [ -86.85646, 21.14214 ], [ -86.8562, 21.14225 ], [ -86.85611, 21.14231 ], [ -86.85612, 21.14257 ], [ -86.85621, 21.14343 ], [ -86.85624, 21.14443 ], [ -86.85634, 21.14547 ], [ -86.85636, 21.14599 ], [ -86.85643, 21.14654 ], [ -86.85647, 21.14762 ], [ -86.85598, 21.14782 ], [ -86.85461, 21.14827 ], [ -86.85364, 21.14856 ], [ -86.85297, 21.14878 ], [ -86.85264, 21.14888 ], [ -86.85232, 21.149 ], [ -86.85087, 21.14945 ], [ -86.85042, 21.14877 ], [ -86.84955, 21.14733 ], [ -86.84832, 21.14543 ], [ -86.848, 21.14484 ], [ -86.84765, 21.14427 ], [ -86.84752, 21.14409 ], [ -86.84715, 21.14351 ], [ -86.84692, 21.14311 ], [ -86.84672, 21.14285 ], [ -86.84644, 21.14314 ], [ -86.84562, 21.14418 ], [ -86.84446, 21.14554 ], [ -86.84358, 21.14664 ], [ -86.84334, 21.14691 ], [ -86.84292, 21.14745 ], [ -86.84281, 21.14761 ], [ -86.84222, 21.14825 ], [ -86.84137, 21.1493 ], [ -86.84097, 21.14977 ], [ -86.84058, 21.15026 ], [ -86.84025, 21.15062 ], [ -86.84018, 21.15075 ], [ -86.84008, 21.15081 ], [ -86.83936, 21.15169 ], [ -86.83912, 21.15194 ], [ -86.83863, 21.15251 ], [ -86.83853, 21.15272 ], [ -86.83847, 21.15293 ], [ -86.83847, 21.15314 ], [ -86.83854, 21.15334 ], [ -86.83852, 21.15346 ], [ -86.83847, 21.15356 ], [ -86.83834, 21.15364 ], [ -86.83647, 21.15424 ], [ -86.83584, 21.15443 ], [ -86.835, 21.15465 ], [ -86.8348, 21.15472 ], [ -86.83439, 21.1549 ], [ -86.83338, 21.15523 ], [ -86.83236, 21.15558 ], [ -86.83192, 21.15568 ], [ -86.83165, 21.15571 ], [ -86.83109, 21.15585 ], [ -86.82969, 21.15602 ], [ -86.82953, 21.15603 ], [ -86.82891, 21.15591 ], [ -86.82874, 21.15592 ], [ -86.82722, 21.15634 ], [ -86.82616, 21.15667 ], [ -86.82596, 21.15666 ], [ -86.82576, 21.15664 ], [ -86.82518, 21.15648 ], [ -86.82472, 21.15642 ], [ -86.82426, 21.15631 ], [ -86.8231, 21.15593 ], [ -86.82264, 21.15574 ], [ -86.82215, 21.15557 ], [ -86.82172, 21.15544 ], [ -86.82156, 21.15542 ], [ -86.82114, 21.15541 ], [ -86.82092, 21.15541 ], [ -86.82067, 21.15545 ], [ -86.81857, 21.15588 ], [ -86.8183, 21.15599 ], [ -86.81725, 21.15656 ], [ -86.81692, 21.15669 ], [ -86.81657, 21.15677 ], [ -86.8125, 21.15764 ], [ -86.80869, 21.1585 ], [ -86.80668, 21.15893 ], [ -86.8063, 21.159 ], [ -86.80591, 21.15905 ], [ -86.80553, 21.15906 ], [ -86.80513, 21.15906 ], [ -86.80471, 21.15902 ], [ -86.80401, 21.15887 ], [ -86.80336, 21.15867 ], [ -86.80307, 21.15854 ], [ -86.80249, 21.15824 ], [ -86.80222, 21.15807 ], [ -86.80196, 21.15788 ], [ -86.80149, 21.15746 ], [ -86.80105, 21.15697 ], [ -86.80085, 21.15672 ], [ -86.8005, 21.15621 ], [ -86.79915, 21.15441 ], [ -86.79786, 21.15286 ], [ -86.79734, 21.15239 ], [ -86.79707, 21.15216 ], [ -86.7959, 21.15128 ], [ -86.79503, 21.1506 ], [ -86.79475, 21.15036 ], [ -86.79423, 21.14984 ], [ -86.79375, 21.14929 ], [ -86.79285, 21.1481 ], [ -86.79143, 21.14635 ], [ -86.78991, 21.14458 ], [ -86.78963, 21.1443 ], [ -86.78935, 21.14405 ], [ -86.78905, 21.14383 ], [ -86.78838, 21.14342 ], [ -86.78767, 21.14308 ], [ -86.78734, 21.14296 ], [ -86.78652, 21.14275 ], [ -86.78623, 21.14271 ], [ -86.78535, 21.14266 ], [ -86.78502, 21.14269 ], [ -86.78392, 21.14286 ], [ -86.78274, 21.14314 ], [ -86.78236, 21.14326 ], [ -86.78167, 21.14344 ], [ -86.7809, 21.14351 ], [ -86.77971, 21.14351 ], [ -86.77889, 21.14345 ], [ -86.77849, 21.14339 ], [ -86.77771, 21.14323 ], [ -86.77735, 21.14314 ], [ -86.77639, 21.14283 ], [ -86.77582, 21.14258 ], [ -86.7753, 21.14231 ], [ -86.77431, 21.14166 ], [ -86.7734, 21.14096 ], [ -86.77317, 21.14079 ], [ -86.77292, 21.14064 ], [ -86.77178, 21.13982 ], [ -86.76915, 21.13812 ], [ -86.76829, 21.13772 ], [ -86.76646, 21.13678 ], [ -86.76583, 21.13643 ], [ -86.7646, 21.13589 ], [ -86.76336, 21.13546 ], [ -86.76173, 21.13503 ], [ -86.76128, 21.13485 ], [ -86.76107, 21.13479 ], [ -86.7609, 21.13476 ], [ -86.76056, 21.13479 ], [ -86.75914, 21.13477 ], [ -86.75805, 21.13469 ], [ -86.75705, 21.13468 ], [ -86.75646, 21.13472 ], [ -86.75522, 21.13469 ], [ -86.75501, 21.1347 ], [ -86.75455, 21.13476 ], [ -86.75405, 21.13487 ], [ -86.75347, 21.13509 ], [ -86.75286, 21.13543 ], [ -86.75125, 21.13656 ], [ -86.75098, 21.13671 ], [ -86.75071, 21.1368 ], [ -86.75026, 21.13688 ], [ -86.75009, 21.13687 ], [ -86.74973, 21.13681 ], [ -86.74936, 21.13668 ], [ -86.74904, 21.13647 ], [ -86.74869, 21.1362 ], [ -86.74855, 21.13603 ], [ -86.74832, 21.13569 ], [ -86.74823, 21.1355 ], [ -86.74809, 21.13513 ], [ -86.74804, 21.13496 ], [ -86.74801, 21.13471 ], [ -86.74801, 21.13427 ], [ -86.74817, 21.13369 ], [ -86.74852, 21.13272 ], [ -86.74859, 21.13253 ], [ -86.74887, 21.13199 ], [ -86.74904, 21.13159 ], [ -86.74964, 21.13061 ], [ -86.74997, 21.13014 ], [ -86.7502, 21.12983 ], [ -86.75061, 21.12937 ], [ -86.75106, 21.12883 ], [ -86.75143, 21.12848 ], [ -86.7529, 21.12724 ], [ -86.75327, 21.12684 ], [ -86.75347, 21.1266 ], [ -86.75383, 21.12613 ], [ -86.75419, 21.12562 ], [ -86.75434, 21.12538 ], [ -86.75485, 21.12432 ], [ -86.75514, 21.12339 ], [ -86.75518, 21.12315 ], [ -86.75527, 21.12242 ], [ -86.75531, 21.12224 ], [ -86.75551, 21.12188 ], [ -86.75604, 21.12109 ], [ -86.75618, 21.12081 ], [ -86.75644, 21.12026 ], [ -86.7566, 21.12 ], [ -86.75668, 21.11987 ], [ -86.75708, 21.11936 ], [ -86.75728, 21.11903 ], [ -86.75732, 21.11886 ], [ -86.75736, 21.1188 ], [ -86.75737, 21.11865 ], [ -86.75736, 21.11824 ], [ -86.75732, 21.11762 ], [ -86.75734, 21.11751 ], [ -86.75737, 21.11746 ], [ -86.75742, 21.11731 ], [ -86.75758, 21.117 ], [ -86.75808, 21.1162 ], [ -86.75857, 21.11533 ], [ -86.75892, 21.11501 ], [ -86.75914, 21.11484 ], [ -86.75919, 21.11483 ], [ -86.75938, 21.11465 ], [ -86.76066, 21.11335 ], [ -86.76134, 21.11269 ], [ -86.76169, 21.11231 ], [ -86.76174, 21.11221 ], [ -86.76214, 21.11173 ], [ -86.76233, 21.11135 ], [ -86.76255, 21.11099 ], [ -86.76288, 21.11035 ], [ -86.76296, 21.11013 ], [ -86.76325, 21.1095 ], [ -86.76329, 21.10937 ], [ -86.7633, 21.10916 ], [ -86.76337, 21.10875 ], [ -86.76343, 21.10854 ], [ -86.76352, 21.10791 ], [ -86.7637, 21.10713 ], [ -86.76371, 21.10679 ], [ -86.76436, 21.10546 ], [ -86.76478, 21.1047 ], [ -86.76529, 21.10368 ], [ -86.76541, 21.10349 ], [ -86.76613, 21.10218 ], [ -86.7668, 21.10088 ], [ -86.76718, 21.10027 ], [ -86.76768, 21.09928 ], [ -86.7678, 21.0991 ], [ -86.76797, 21.09876 ], [ -86.76848, 21.0977 ], [ -86.76912, 21.09619 ], [ -86.76954, 21.09534 ], [ -86.76975, 21.09473 ], [ -86.76995, 21.09434 ], [ -86.77008, 21.09398 ], [ -86.77031, 21.09341 ], [ -86.77069, 21.09265 ], [ -86.77085, 21.09235 ], [ -86.77101, 21.09213 ], [ -86.77145, 21.09123 ], [ -86.77176, 21.09071 ], [ -86.77179, 21.09059 ], [ -86.77251, 21.08925 ], [ -86.77267, 21.08888 ], [ -86.77311, 21.08808 ], [ -86.77329, 21.08765 ], [ -86.77356, 21.08699 ], [ -86.77386, 21.08611 ], [ -86.77401, 21.08548 ], [ -86.77452, 21.08442 ], [ -86.77465, 21.08404 ], [ -86.77478, 21.08377 ], [ -86.77491, 21.08344 ], [ -86.77549, 21.08211 ], [ -86.77572, 21.08149 ], [ -86.77584, 21.08105 ], [ -86.77594, 21.08078 ], [ -86.77604, 21.08035 ], [ -86.77633, 21.07941 ], [ -86.77656, 21.07874 ], [ -86.77665, 21.0784 ], [ -86.77689, 21.07772 ], [ -86.7771, 21.07692 ], [ -86.77736, 21.07612 ], [ -86.77767, 21.07508 ], [ -86.77783, 21.07466 ], [ -86.77839, 21.07381 ], [ -86.77906, 21.07274 ], [ -86.7794, 21.07224 ], [ -86.77949, 21.07208 ], [ -86.78022, 21.07099 ], [ -86.78075, 21.07012 ], [ -86.78091, 21.0698 ], [ -86.781, 21.06929 ], [ -86.781, 21.0688 ], [ -86.78097, 21.06863 ], [ -86.78089, 21.0683 ], [ -86.78066, 21.06782 ], [ -86.78043, 21.06727 ], [ -86.78009, 21.06633 ], [ -86.77994, 21.06576 ], [ -86.7798, 21.06493 ], [ -86.77978, 21.06471 ], [ -86.7798, 21.06399 ], [ -86.7798, 21.0635 ], [ -86.77976, 21.06326 ], [ -86.77959, 21.06255 ], [ -86.77957, 21.06231 ], [ -86.77957, 21.0621 ], [ -86.77959, 21.06189 ], [ -86.77964, 21.06169 ], [ -86.77975, 21.06133 ], [ -86.77998, 21.06081 ], [ -86.78008, 21.06064 ], [ -86.78019, 21.06047 ], [ -86.78041, 21.06028 ], [ -86.78082, 21.05987 ], [ -86.78115, 21.0596 ], [ -86.78135, 21.05941 ], [ -86.78152, 21.05921 ], [ -86.78167, 21.05897 ], [ -86.78174, 21.05883 ], [ -86.78192, 21.05822 ], [ -86.78199, 21.0579 ], [ -86.78218, 21.05725 ], [ -86.78239, 21.0566 ], [ -86.7826, 21.05612 ], [ -86.78264, 21.05595 ], [ -86.7827, 21.0556 ], [ -86.78271, 21.05541 ], [ -86.78269, 21.05503 ], [ -86.78277, 21.05375 ], [ -86.78286, 21.05303 ], [ -86.78302, 21.05109 ], [ -86.78306, 21.05073 ], [ -86.78312, 21.04999 ], [ -86.78318, 21.0496 ], [ -86.78325, 21.04926 ], [ -86.78331, 21.04888 ], [ -86.7834, 21.04754 ], [ -86.78338, 21.04706 ], [ -86.78335, 21.04682 ], [ -86.78324, 21.04509 ], [ -86.78311, 21.04352 ], [ -86.78309, 21.04313 ], [ -86.78313, 21.04225 ], [ -86.78318, 21.04191 ], [ -86.78331, 21.04124 ], [ -86.78331, 21.04114 ], [ -86.78328, 21.04107 ], [ -86.78318, 21.04098 ], [ -86.78309, 21.04098 ], [ -86.78301, 21.04104 ], [ -86.78293, 21.04116 ], [ -86.78288, 21.04133 ], [ -86.78285, 21.0417 ], [ -86.78286, 21.04194 ], [ -86.78291, 21.04226 ] ] } },
{ "type": "Feature", "properties": { "ciudad_nombre": "Cancún", "encodedLine": "waa`Ctz|pOeIV{GPe@McAs@]?]FWPWV_@Xo@NgCJqGLmFVuDL_FVmAI]e@S{@zAsFvAgGPcAHcAe@k@[@c@PcDE}Vq@mNi@}B[sAB?`Aj@~C@nAMlGFl@Eh@Pd@N~AA|@y@rBURa@LuARo@BcBBkIXqBBuBJyBFuBN}EN_@B}@X]D{H`@yA?g@GqA@e@Hi@f@QVoDtAkJ~CMXW~@y@d@oHbDiCpAsCrAiJ`EuE|BmKzEfCrGvBpFbAnCzArDzBzFNl@Vf@l@|AXl@l@dBpA~CtCzHhBlEVv@bCfGnRzf@lBpEtDvJhBjEp@jBfFdMnAvDfB|E^l@rKzXfD~HzCbI`@`A|@dC`@x@lE`LfBpE|BhGr@`BTt@zAfDlAjDv@pBjAfEDRHDXDhB~EBXTX`@x@\\\\|@Pp@\\\\j@pB~Eh@xA\\\\`@Pl@BRf@bA~@jCbBbETp@v@jBJN`AnCh@fAC^b@nBb@rCdBlFf@xAdDpIfBhEjAfDp@`BbArBzBdF`J~TpFhNrCrHr@zARr@\\\\|@tAlDtA|CBXd@vAaBz@cBt@u@Xy@b@o@f@k@p@_@p@Uz@aAxFgAzB}@dA{A~@iB|@uHjDsAp@}@^e@LiDjCgErBk@HIZDVLJZJ`G|NDt@Cv@W`@MJi@D{B?cG?d@@`BAmD?HPlCBx@CnE@h@IZ\\\\PDT?RMB[Ga@Oc@Ay@WgAuAyDqC}GK_@VSn@Yt@_@~BuA~@y@x@i@xBgAzB_AjBcAdEiBhAi@hAu@n@m@l@y@f@aAXcAQo@BYFUh@eD`@{@b@s@h@g@l@a@dH_D@KWq@Me@DYOe@eBaEcBqEgCmGkRef@c@eAeEoIY[cDuI{DuJ]aAe@cBa@kAFOq@oBWiASiAMmAUiA[g@}AuDKg@FUk@mAUS_AwBQi@_@w@gBqEEa@m@gAcA{B]{@sA_DcBmEKYHWgBwEUe@[A_AiDi@iAgA}CaC}FsFsNkDkIwNc_@gCcGqBsFwAgD}BaGQSaBuEiEsKgDuIc@oAqA_DiD}IYg@cHaRc@aAWw@K{@Sg@y@gAcBgEwFeOqAyCc@qAoA}CqIeUqCuGgDaJkAqCiDyIxAw@`IoDjCqAfCqAxGuC~DkBbBo@`B{@bDwAt@_@d@a@Lc@@_@HOzBy@nDiAj@SZQlC_ApAm@z@IvGSpDO^AdBNlBCjDO~EI`GYzBApDOdDGnBOb@RNDj@?r@INGLMTKNOz@ShHYtHM~FOhDA`@DnA?hAMv@SLBl@BjISfDExI[nCMv@ULGH?zA?zAClBQjESrA?r@RvCIp@Gr@Wt@KXAjGEDDJVHH`@PRBPANEb@[LWDW?WWs@NVk@k@QYIWGy@GKQCUp@kA|A]Ra@LqEN", "data.route.shortName": "Av. Leona Vicario - Palmas", "data.route.longName": "17_Av. Leona Vicario - Palmas", "slug": "ruta-17-av-leona-vicario-palmas.4eg", "type": "Bus", "color": null, "trips": [ ], "shape_id": "shape_2277" }, "geometry": { "type": "LineString", "coordinates": [ [ -86.82427, 21.14604 ], [ -86.82439, 21.14767 ], [ -86.82448, 21.14909 ], [ -86.82441, 21.14928 ], [ -86.82415, 21.14962 ], [ -86.82415, 21.14977 ], [ -86.82419, 21.14992 ], [ -86.82428, 21.15004 ], [ -86.8244, 21.15016 ], [ -86.82453, 21.15032 ], [ -86.82461, 21.15056 ], [ -86.82467, 21.15124 ], [ -86.82474, 21.15261 ], [ -86.82486, 21.1538 ], [ -86.82493, 21.15471 ], [ -86.82505, 21.15583 ], [ -86.825, 21.15622 ], [ -86.82481, 21.15637 ], [ -86.82451, 21.15647 ], [ -86.82329, 21.15601 ], [ -86.82197, 21.15557 ], [ -86.82163, 21.15548 ], [ -86.82129, 21.15543 ], [ -86.82107, 21.15562 ], [ -86.82108, 21.15576 ], [ -86.82117, 21.15594 ], [ -86.82114, 21.15676 ], [ -86.82089, 21.16059 ], [ -86.82068, 21.16306 ], [ -86.82054, 21.16369 ], [ -86.82056, 21.16411 ], [ -86.82089, 21.16411 ], [ -86.82169, 21.16389 ], [ -86.82209, 21.16388 ], [ -86.82344, 21.16395 ], [ -86.82367, 21.16391 ], [ -86.82388, 21.16394 ], [ -86.82407, 21.16385 ], [ -86.82455, 21.16377 ], [ -86.82486, 21.16378 ], [ -86.82544, 21.16407 ], [ -86.82554, 21.16418 ], [ -86.82561, 21.16435 ], [ -86.82571, 21.16478 ], [ -86.82573, 21.16502 ], [ -86.82575, 21.16552 ], [ -86.82588, 21.16718 ], [ -86.8259, 21.16775 ], [ -86.82596, 21.16834 ], [ -86.826, 21.16895 ], [ -86.82608, 21.16954 ], [ -86.82616, 21.17065 ], [ -86.82618, 21.17081 ], [ -86.82631, 21.17112 ], [ -86.82634, 21.17127 ], [ -86.82651, 21.17285 ], [ -86.82651, 21.1733 ], [ -86.82647, 21.1735 ], [ -86.82648, 21.17391 ], [ -86.82653, 21.1741 ], [ -86.82673, 21.17431 ], [ -86.82685, 21.1744 ], [ -86.82728, 21.17528 ], [ -86.82808, 21.1771 ], [ -86.82821, 21.17717 ], [ -86.82853, 21.17729 ], [ -86.82872, 21.17758 ], [ -86.82954, 21.1791 ], [ -86.82995, 21.17979 ], [ -86.83037, 21.18053 ], [ -86.83134, 21.18234 ], [ -86.83197, 21.18341 ], [ -86.83307, 21.1854 ], [ -86.83445, 21.18472 ], [ -86.83566, 21.18412 ], [ -86.83638, 21.18378 ], [ -86.83728, 21.18332 ], [ -86.83854, 21.1827 ], [ -86.83877, 21.18262 ], [ -86.83897, 21.1825 ], [ -86.83944, 21.18227 ], [ -86.83967, 21.18214 ], [ -86.84018, 21.18191 ], [ -86.84098, 21.1815 ], [ -86.84256, 21.18075 ], [ -86.84359, 21.18022 ], [ -86.84387, 21.1801 ], [ -86.84519, 21.17944 ], [ -86.85157, 21.17632 ], [ -86.85262, 21.17577 ], [ -86.8545, 21.17486 ], [ -86.85552, 21.17433 ], [ -86.85606, 21.17408 ], [ -86.85833, 21.17292 ], [ -86.85925, 21.17252 ], [ -86.86036, 21.172 ], [ -86.86059, 21.17184 ], [ -86.86473, 21.16982 ], [ -86.86633, 21.16898 ], [ -86.86795, 21.1682 ], [ -86.86828, 21.16803 ], [ -86.86895, 21.16772 ], [ -86.86924, 21.16755 ], [ -86.87133, 21.16652 ], [ -86.87238, 21.166 ], [ -86.87371, 21.16537 ], [ -86.8742, 21.16511 ], [ -86.87447, 21.165 ], [ -86.87531, 21.16454 ], [ -86.87617, 21.16415 ], [ -86.87674, 21.16387 ], [ -86.87774, 21.16349 ], [ -86.87784, 21.16346 ], [ -86.87787, 21.16341 ], [ -86.8779, 21.16328 ], [ -86.87902, 21.16275 ], [ -86.87915, 21.16273 ], [ -86.87928, 21.16262 ], [ -86.87957, 21.16245 ], [ -86.87988, 21.1623 ], [ -86.88013, 21.16221 ], [ -86.88035, 21.16206 ], [ -86.88147, 21.16149 ], [ -86.88192, 21.16128 ], [ -86.88209, 21.16113 ], [ -86.88232, 21.16104 ], [ -86.88242, 21.16102 ], [ -86.88276, 21.16082 ], [ -86.88346, 21.1605 ], [ -86.88444, 21.16 ], [ -86.88469, 21.15989 ], [ -86.88523, 21.15961 ], [ -86.88531, 21.15955 ], [ -86.88603, 21.15922 ], [ -86.88639, 21.15901 ], [ -86.88655, 21.15903 ], [ -86.88711, 21.15885 ], [ -86.88785, 21.15867 ], [ -86.88904, 21.15816 ], [ -86.88949, 21.15796 ], [ -86.89118, 21.15713 ], [ -86.89219, 21.15661 ], [ -86.89303, 21.15623 ], [ -86.89352, 21.15598 ], [ -86.8941, 21.15564 ], [ -86.89525, 21.15502 ], [ -86.89877, 21.15325 ], [ -86.90122, 21.15204 ], [ -86.90276, 21.1513 ], [ -86.90322, 21.15104 ], [ -86.90348, 21.15094 ], [ -86.90379, 21.15079 ], [ -86.90466, 21.15036 ], [ -86.90545, 21.14993 ], [ -86.90558, 21.14991 ], [ -86.90602, 21.14972 ], [ -86.90632, 21.15021 ], [ -86.90659, 21.15071 ], [ -86.90672, 21.15098 ], [ -86.9069, 21.15127 ], [ -86.9071, 21.15151 ], [ -86.90735, 21.15173 ], [ -86.9076, 21.15189 ], [ -86.9079, 21.152 ], [ -86.90915, 21.15233 ], [ -86.90977, 21.15269 ], [ -86.91012, 21.153 ], [ -86.91044, 21.15346 ], [ -86.91075, 21.15399 ], [ -86.91161, 21.15554 ], [ -86.91186, 21.15596 ], [ -86.91202, 21.15627 ], [ -86.91209, 21.15646 ], [ -86.91279, 21.15731 ], [ -86.91337, 21.15831 ], [ -86.91342, 21.15853 ], [ -86.91356, 21.15858 ], [ -86.91368, 21.15855 ], [ -86.91374, 21.15848 ], [ -86.9138, 21.15834 ], [ -86.91635, 21.15705 ], [ -86.91662, 21.15702 ], [ -86.9169, 21.15704 ], [ -86.91707, 21.15716 ], [ -86.91713, 21.15723 ], [ -86.91716, 21.15744 ], [ -86.91716, 21.15806 ], [ -86.91716, 21.15936 ], [ -86.91717, 21.15917 ], [ -86.91716, 21.15868 ], [ -86.91716, 21.15955 ], [ -86.91725, 21.1595 ], [ -86.91727, 21.15879 ], [ -86.91725, 21.1585 ], [ -86.91726, 21.15746 ], [ -86.91721, 21.15725 ], [ -86.91736, 21.15711 ], [ -86.91739, 21.15702 ], [ -86.91739, 21.15691 ], [ -86.91732, 21.15681 ], [ -86.91718, 21.15679 ], [ -86.91701, 21.15683 ], [ -86.91683, 21.15691 ], [ -86.91654, 21.15692 ], [ -86.91618, 21.15704 ], [ -86.91525, 21.15747 ], [ -86.91382, 21.1582 ], [ -86.91366, 21.15826 ], [ -86.91356, 21.15814 ], [ -86.91343, 21.1579 ], [ -86.91327, 21.15763 ], [ -86.91284, 21.15699 ], [ -86.91255, 21.15667 ], [ -86.91234, 21.15638 ], [ -86.91198, 21.15577 ], [ -86.91166, 21.15515 ], [ -86.91132, 21.15461 ], [ -86.91079, 21.15362 ], [ -86.91058, 21.15325 ], [ -86.91031, 21.15288 ], [ -86.91008, 21.15264 ], [ -86.90979, 21.15241 ], [ -86.90946, 21.15221 ], [ -86.90912, 21.15208 ], [ -86.90888, 21.15217 ], [ -86.90875, 21.15215 ], [ -86.90864, 21.15211 ], [ -86.90781, 21.1519 ], [ -86.90751, 21.15173 ], [ -86.90725, 21.15155 ], [ -86.90705, 21.15134 ], [ -86.90688, 21.15111 ], [ -86.90608, 21.14964 ], [ -86.90602, 21.14963 ], [ -86.90577, 21.14975 ], [ -86.90558, 21.14982 ], [ -86.90545, 21.14979 ], [ -86.90526, 21.14987 ], [ -86.90429, 21.15038 ], [ -86.90324, 21.15088 ], [ -86.90189, 21.15156 ], [ -86.89562, 21.15466 ], [ -86.89527, 21.15484 ], [ -86.89359, 21.15583 ], [ -86.89345, 21.15596 ], [ -86.89174, 21.15678 ], [ -86.88987, 21.15772 ], [ -86.88954, 21.15787 ], [ -86.88904, 21.15806 ], [ -86.88866, 21.15823 ], [ -86.88858, 21.15819 ], [ -86.88802, 21.15844 ], [ -86.88765, 21.15856 ], [ -86.88728, 21.15866 ], [ -86.88689, 21.15873 ], [ -86.88652, 21.15884 ], [ -86.88632, 21.15898 ], [ -86.88541, 21.15945 ], [ -86.88521, 21.15951 ], [ -86.8851, 21.15947 ], [ -86.88471, 21.15969 ], [ -86.88461, 21.1598 ], [ -86.88401, 21.16012 ], [ -86.8838, 21.16021 ], [ -86.88352, 21.16037 ], [ -86.88247, 21.16089 ], [ -86.8823, 21.16092 ], [ -86.88194, 21.16115 ], [ -86.88132, 21.16149 ], [ -86.88102, 21.16164 ], [ -86.88022, 21.16206 ], [ -86.87919, 21.16256 ], [ -86.87906, 21.16262 ], [ -86.87894, 21.16257 ], [ -86.87786, 21.16309 ], [ -86.87767, 21.1632 ], [ -86.87766, 21.16334 ], [ -86.87681, 21.16366 ], [ -86.87644, 21.16387 ], [ -86.87565, 21.16423 ], [ -86.87438, 21.16488 ], [ -86.87188, 21.1661 ], [ -86.87022, 21.16696 ], [ -86.86508, 21.16948 ], [ -86.86378, 21.17016 ], [ -86.86256, 21.17073 ], [ -86.86172, 21.17117 ], [ -86.86043, 21.1718 ], [ -86.86033, 21.17189 ], [ -86.85926, 21.17238 ], [ -86.85724, 21.17339 ], [ -86.85553, 21.17423 ], [ -86.85513, 21.17441 ], [ -86.85433, 21.17482 ], [ -86.85258, 21.17567 ], [ -86.85238, 21.1758 ], [ -86.84933, 21.17726 ], [ -86.849, 21.17744 ], [ -86.84872, 21.17756 ], [ -86.84842, 21.17762 ], [ -86.84822, 21.17772 ], [ -86.84786, 21.17801 ], [ -86.84686, 21.17851 ], [ -86.84427, 21.17975 ], [ -86.8435, 21.18016 ], [ -86.84309, 21.18034 ], [ -86.8423, 21.18074 ], [ -86.83875, 21.18243 ], [ -86.83736, 21.18316 ], [ -86.83559, 21.184 ], [ -86.83486, 21.18438 ], [ -86.83313, 21.18523 ], [ -86.83285, 21.18478 ], [ -86.83197, 21.18317 ], [ -86.83156, 21.18247 ], [ -86.83115, 21.18179 ], [ -86.8304, 21.18038 ], [ -86.82986, 21.17942 ], [ -86.82962, 21.17892 ], [ -86.82932, 21.17843 ], [ -86.82888, 21.17761 ], [ -86.82872, 21.17734 ], [ -86.82855, 21.17715 ], [ -86.82837, 21.17708 ], [ -86.82821, 21.17707 ], [ -86.82813, 21.17702 ], [ -86.82784, 21.1764 ], [ -86.82747, 21.17552 ], [ -86.82737, 21.1753 ], [ -86.82728, 21.17516 ], [ -86.82696, 21.17445 ], [ -86.82673, 21.17404 ], [ -86.82668, 21.17374 ], [ -86.82658, 21.17234 ], [ -86.8265, 21.17145 ], [ -86.82649, 21.17129 ], [ -86.82657, 21.17078 ], [ -86.82655, 21.17023 ], [ -86.82647, 21.16937 ], [ -86.82642, 21.16825 ], [ -86.82629, 21.16696 ], [ -86.82628, 21.16634 ], [ -86.8262, 21.16545 ], [ -86.82616, 21.16462 ], [ -86.82608, 21.16406 ], [ -86.82618, 21.16388 ], [ -86.82621, 21.1638 ], [ -86.82621, 21.16358 ], [ -86.82616, 21.16332 ], [ -86.82612, 21.16324 ], [ -86.82605, 21.16317 ], [ -86.82599, 21.16306 ], [ -86.82591, 21.16298 ], [ -86.82581, 21.16268 ], [ -86.82568, 21.16119 ], [ -86.82561, 21.15964 ], [ -86.82553, 21.15836 ], [ -86.82552, 21.15751 ], [ -86.82555, 21.15734 ], [ -86.82555, 21.15694 ], [ -86.82548, 21.15657 ], [ -86.82538, 21.15629 ], [ -86.8254, 21.15622 ], [ -86.82542, 21.15599 ], [ -86.82532, 21.15433 ], [ -86.82529, 21.15349 ], [ -86.82515, 21.15176 ], [ -86.82508, 21.15104 ], [ -86.82497, 21.15076 ], [ -86.82493, 21.15069 ], [ -86.82493, 21.15064 ], [ -86.82493, 21.15018 ], [ -86.82491, 21.14972 ], [ -86.82482, 21.14917 ], [ -86.82472, 21.14815 ], [ -86.82472, 21.14773 ], [ -86.82482, 21.14747 ], [ -86.82477, 21.14671 ], [ -86.82473, 21.14646 ], [ -86.82461, 21.1462 ], [ -86.82455, 21.14593 ], [ -86.82454, 21.1458 ], [ -86.82451, 21.14446 ], [ -86.82454, 21.14443 ], [ -86.82466, 21.14437 ], [ -86.82471, 21.14432 ], [ -86.8248, 21.14415 ], [ -86.82482, 21.14405 ], [ -86.82481, 21.14396 ], [ -86.82478, 21.14388 ], [ -86.82464, 21.1437 ], [ -86.82452, 21.14363 ], [ -86.8244, 21.1436 ], [ -86.82428, 21.1436 ], [ -86.82402, 21.14372 ], [ -86.82414, 21.14364 ], [ -86.82392, 21.14386 ], [ -86.82379, 21.14395 ], [ -86.82367, 21.144 ], [ -86.82338, 21.14404 ], [ -86.82332, 21.14408 ], [ -86.8233, 21.14417 ], [ -86.82355, 21.14428 ], [ -86.82402, 21.14466 ], [ -86.82412, 21.14481 ], [ -86.82419, 21.14498 ], [ -86.82427, 21.14603 ] ] } },
{ "type": "Feature", "properties": { "ciudad_nombre": "Cancún", "encodedLine": "gea`C|z|pOyL`@w@?_@GeAq@UI]BUL{@x@WJe@H{AHsBDmHVmBD{EX}ELaAKm@{@Fs@bDmNT}@@oAS]a@Ck@LyCAoQg@}Nc@}EW{@UsAAKj@Lh@d@xCIdEInB@hB`@hBD|Am@pBm@`@w@Ve@DaBFy@?{@FiN`@eLb@eABaBb@a@FsI^k@A]G[A_AB[DSHa@\\\\GPyAn@yFpB{DnAq@j@Ih@IPWPeCjAyCrAuNzG}ClAi@VEDFRrDvJ`B~DzFfOrC|GvAvDvBlFzAfEhAnCfAvCfEpKl@bBlKbXbG|NvA~Dr@`BhA|CtE~KvAjElCfG~BpGdAdCh@~ApB|EtCxHzHfRxA`E~CzH|E|Ll@lBd@jAT\\\\f@hAvAzDzCnHzBhGf@dAJ`@f@fAd@lA^x@Z|@dDjIrBpFzBxFbBzD\\\\bAdAfCrBnFjApCt@tB\\\\x@XdAzAfDnA~CNVZt@xDzJtCfHhE`LdCdGzAbE|BnFLb@_@TiAh@H`@Pb@fBfEzAlEtAdD?Je@TuAl@wE|BkDzAURh@|AlArCd@bB{FpCiAd@y@r@i@l@_@`Cy@vCQt@Wt@]n@c@h@g@f@m@b@q@^oGvCc@Ts@@Qf@uFxBaBhAi@n@q@\\\\aDpAe@BE^sPdIYHWCWEe@JaAq@_Bo@_Bc@?jAAj@@xKC`BBrIEj@i@@gI@@HfECxDDCgA@g@AqODaIr@RzDvAZr@z@KXs@bEgBrDgBzDsBd@LFBt@|AbEnKJZBR@f@Ah@KZEb@BJHJP@HEJ[?OQa@AgBI][aAg@eAOe@wCmHM_@Ac@lAo@|BeA`@[tBaBlDuAbAc@f@KRKTSf@]VMlCeApCsAjAeAn@s@R_@h@y@Vy@d@yBp@cDpAcBhBq@|DwBd@GS{@Yu@K_@DQAQKa@}AsDlAm@tFiCrAq@hBy@BEQi@}A_EaEcKAGDGfB{@iBaFwAiDkDwI_BkEuAeDy@wBgNk]}DeKuA}CqCwHo@yAoGcPkC}G_ByD[_Aw@oBsC_Hy@sBy@_C_AuBiKgXyAgDg@yAmI}SaE{JaCmGuDeJ_EqKsAyC_@mA{@qBkBiFeB_Ey@yBeBkEeE}KyAgD}B_G{@{BkJwUsBsF}ByFy@}BeAeC_DmIoB_FyBiF}AoEeCkGaBqEeCiGaAsCVUrCsA`KmElDaBfCeArAq@~@g@NYDSBg@FEpBy@xE}A`Ac@hAc@zAe@f@WzDUtDKpCO`@AjALrABvFSfCE~Ka@vISlCQ^RPDl@?l@IdAs@tAYpIUxIIjFQnCFfAA~@Ml@QL?f@LbK]tCIbBA|CMlDIp@Gp@]f@AnABjDOjF]n@AZDb@Nh@@|CQd@ShAOj@C~FAPZLLNJ`@DRCTIPONSF[@_@Ie@m@i@Q]G[A_@IUUDw@xAq@x@_@NqBHgDJ", "data.route.shortName": "Av. Talleres", "data.route.longName": "20_Av. Talleres", "slug": "ruta-20-av-talleres.4ef", "type": "Bus", "color": null, "trips": [ ], "shape_id": "shape_2276" }, "geometry": { "type": "LineString", "coordinates": [ [ -86.82431, 21.1466 ], [ -86.82448, 21.14881 ], [ -86.82448, 21.14909 ], [ -86.82444, 21.14925 ], [ -86.82419, 21.1496 ], [ -86.82414, 21.14971 ], [ -86.82416, 21.14986 ], [ -86.82423, 21.14997 ], [ -86.82452, 21.15027 ], [ -86.82458, 21.15039 ], [ -86.82463, 21.15058 ], [ -86.82468, 21.15104 ], [ -86.82471, 21.15162 ], [ -86.82483, 21.15313 ], [ -86.82486, 21.15368 ], [ -86.82499, 21.15478 ], [ -86.82506, 21.15589 ], [ -86.825, 21.15622 ], [ -86.8247, 21.15645 ], [ -86.82444, 21.15641 ], [ -86.82197, 21.15559 ], [ -86.82166, 21.15548 ], [ -86.82126, 21.15547 ], [ -86.82111, 21.15557 ], [ -86.82109, 21.15574 ], [ -86.82116, 21.15596 ], [ -86.82115, 21.15673 ], [ -86.82095, 21.15969 ], [ -86.82077, 21.16224 ], [ -86.82065, 21.16335 ], [ -86.82054, 21.16365 ], [ -86.82053, 21.16407 ], [ -86.82075, 21.16413 ], [ -86.82096, 21.16406 ], [ -86.82173, 21.16387 ], [ -86.82272, 21.16392 ], [ -86.82328, 21.16397 ], [ -86.82381, 21.16396 ], [ -86.82434, 21.16379 ], [ -86.82481, 21.16376 ], [ -86.82538, 21.16399 ], [ -86.82555, 21.16422 ], [ -86.82567, 21.1645 ], [ -86.8257, 21.16469 ], [ -86.82574, 21.16518 ], [ -86.82574, 21.16547 ], [ -86.82578, 21.16577 ], [ -86.82595, 21.16822 ], [ -86.82613, 21.17033 ], [ -86.82615, 21.17068 ], [ -86.82633, 21.17117 ], [ -86.82637, 21.17134 ], [ -86.82653, 21.17304 ], [ -86.82652, 21.17326 ], [ -86.82648, 21.17341 ], [ -86.82647, 21.17355 ], [ -86.82649, 21.17387 ], [ -86.82652, 21.17401 ], [ -86.82657, 21.17411 ], [ -86.82672, 21.17428 ], [ -86.82681, 21.17432 ], [ -86.82705, 21.17477 ], [ -86.82762, 21.17602 ], [ -86.82802, 21.17696 ], [ -86.82824, 21.17721 ], [ -86.82845, 21.17726 ], [ -86.82854, 21.17731 ], [ -86.82863, 21.17743 ], [ -86.82901, 21.1781 ], [ -86.82943, 21.17887 ], [ -86.83085, 21.18138 ], [ -86.83124, 21.18217 ], [ -86.83136, 21.18238 ], [ -86.83139, 21.18241 ], [ -86.83149, 21.18237 ], [ -86.83337, 21.18147 ], [ -86.83433, 21.18098 ], [ -86.83693, 21.17972 ], [ -86.83836, 21.17898 ], [ -86.83928, 21.17854 ], [ -86.84047, 21.17794 ], [ -86.84147, 21.17748 ], [ -86.84219, 21.17711 ], [ -86.84295, 21.17675 ], [ -86.84496, 21.17575 ], [ -86.84546, 21.17552 ], [ -86.84948, 21.17353 ], [ -86.85203, 21.17223 ], [ -86.85299, 21.17179 ], [ -86.85348, 21.17153 ], [ -86.85427, 21.17116 ], [ -86.85635, 21.17009 ], [ -86.85737, 21.16965 ], [ -86.85869, 21.16894 ], [ -86.86006, 21.1683 ], [ -86.86073, 21.16795 ], [ -86.86121, 21.16774 ], [ -86.86232, 21.16717 ], [ -86.86389, 21.16642 ], [ -86.86697, 21.16484 ], [ -86.86794, 21.16439 ], [ -86.86952, 21.16359 ], [ -86.87175, 21.16248 ], [ -86.8723, 21.16225 ], [ -86.87268, 21.16206 ], [ -86.87283, 21.16195 ], [ -86.8732, 21.16175 ], [ -86.87414, 21.16131 ], [ -86.87566, 21.16053 ], [ -86.87699, 21.15991 ], [ -86.87734, 21.15971 ], [ -86.87751, 21.15965 ], [ -86.87787, 21.15945 ], [ -86.87826, 21.15926 ], [ -86.87855, 21.1591 ], [ -86.87886, 21.15896 ], [ -86.88052, 21.15813 ], [ -86.88173, 21.15755 ], [ -86.88298, 21.15693 ], [ -86.88392, 21.15643 ], [ -86.88426, 21.15628 ], [ -86.88494, 21.15593 ], [ -86.88614, 21.15535 ], [ -86.88687, 21.15497 ], [ -86.88746, 21.1547 ], [ -86.88775, 21.15455 ], [ -86.8881, 21.15442 ], [ -86.88894, 21.15396 ], [ -86.88974, 21.15356 ], [ -86.88986, 21.15348 ], [ -86.89013, 21.15334 ], [ -86.89203, 21.15241 ], [ -86.89351, 21.15166 ], [ -86.8956, 21.15065 ], [ -86.89691, 21.14998 ], [ -86.89789, 21.14952 ], [ -86.89909, 21.14889 ], [ -86.89927, 21.14882 ], [ -86.89938, 21.14898 ], [ -86.89959, 21.14935 ], [ -86.89976, 21.1493 ], [ -86.89994, 21.14921 ], [ -86.90094, 21.14869 ], [ -86.90197, 21.14823 ], [ -86.9028, 21.1478 ], [ -86.90286, 21.1478 ], [ -86.90297, 21.14799 ], [ -86.9032, 21.14842 ], [ -86.90383, 21.1495 ], [ -86.90429, 21.15036 ], [ -86.90439, 21.15047 ], [ -86.90486, 21.15026 ], [ -86.9056, 21.14987 ], [ -86.9061, 21.14968 ], [ -86.90683, 21.15094 ], [ -86.90702, 21.15131 ], [ -86.90728, 21.1516 ], [ -86.90751, 21.15181 ], [ -86.90816, 21.15197 ], [ -86.90892, 21.15226 ], [ -86.90919, 21.15235 ], [ -86.90946, 21.15247 ], [ -86.9097, 21.15262 ], [ -86.90991, 21.1528 ], [ -86.91011, 21.153 ], [ -86.91029, 21.15323 ], [ -86.91045, 21.15348 ], [ -86.91121, 21.15484 ], [ -86.91132, 21.15502 ], [ -86.91133, 21.15528 ], [ -86.91153, 21.15537 ], [ -86.91214, 21.1566 ], [ -86.91251, 21.15709 ], [ -86.91275, 21.1573 ], [ -86.9129, 21.15755 ], [ -86.91331, 21.15836 ], [ -86.91333, 21.15855 ], [ -86.91349, 21.15858 ], [ -86.91512, 21.1614 ], [ -86.91517, 21.16153 ], [ -86.91515, 21.16165 ], [ -86.91512, 21.16177 ], [ -86.91518, 21.16196 ], [ -86.91493, 21.16229 ], [ -86.91469, 21.16277 ], [ -86.91451, 21.16325 ], [ -86.91489, 21.16325 ], [ -86.91511, 21.16326 ], [ -86.91716, 21.16325 ], [ -86.91765, 21.16327 ], [ -86.91935, 21.16325 ], [ -86.91957, 21.16328 ], [ -86.91958, 21.16349 ], [ -86.91959, 21.16513 ], [ -86.91964, 21.16512 ], [ -86.91962, 21.16412 ], [ -86.91965, 21.16319 ], [ -86.91929, 21.16321 ], [ -86.91909, 21.1632 ], [ -86.91644, 21.16321 ], [ -86.91483, 21.16318 ], [ -86.91493, 21.16292 ], [ -86.91537, 21.16198 ], [ -86.91563, 21.16184 ], [ -86.91557, 21.16154 ], [ -86.91531, 21.16141 ], [ -86.91479, 21.16043 ], [ -86.91427, 21.15953 ], [ -86.91369, 21.15859 ], [ -86.91376, 21.1584 ], [ -86.91378, 21.15836 ], [ -86.91425, 21.15809 ], [ -86.91625, 21.15711 ], [ -86.91639, 21.15705 ], [ -86.91649, 21.15703 ], [ -86.91669, 21.15702 ], [ -86.9169, 21.15703 ], [ -86.91704, 21.15709 ], [ -86.91722, 21.15712 ], [ -86.91728, 21.1571 ], [ -86.91734, 21.15705 ], [ -86.91735, 21.15696 ], [ -86.91732, 21.15691 ], [ -86.91718, 21.15685 ], [ -86.9171, 21.15685 ], [ -86.91693, 21.15694 ], [ -86.91641, 21.15695 ], [ -86.91626, 21.157 ], [ -86.91593, 21.15714 ], [ -86.91558, 21.15734 ], [ -86.91539, 21.15742 ], [ -86.91388, 21.15818 ], [ -86.91372, 21.15825 ], [ -86.91354, 21.15826 ], [ -86.9133, 21.15787 ], [ -86.91295, 21.15724 ], [ -86.91281, 21.15707 ], [ -86.91232, 21.15648 ], [ -86.91189, 21.15561 ], [ -86.91171, 21.15527 ], [ -86.91165, 21.15507 ], [ -86.91159, 21.15497 ], [ -86.91149, 21.15486 ], [ -86.91134, 21.15466 ], [ -86.91127, 21.15454 ], [ -86.91092, 21.15383 ], [ -86.9105, 21.1531 ], [ -86.91015, 21.15272 ], [ -86.90989, 21.15248 ], [ -86.90973, 21.15238 ], [ -86.90944, 21.15217 ], [ -86.90915, 21.15205 ], [ -86.90854, 21.15186 ], [ -86.90772, 21.15161 ], [ -86.90722, 21.1512 ], [ -86.90697, 21.15067 ], [ -86.90637, 21.14972 ], [ -86.90633, 21.14953 ], [ -86.90603, 21.14963 ], [ -86.90576, 21.14976 ], [ -86.9056, 21.14982 ], [ -86.90551, 21.14979 ], [ -86.90542, 21.1498 ], [ -86.90525, 21.14986 ], [ -86.90435, 21.15033 ], [ -86.90412, 21.14994 ], [ -86.90343, 21.14871 ], [ -86.90318, 21.14829 ], [ -86.90289, 21.14776 ], [ -86.90286, 21.14774 ], [ -86.90265, 21.14783 ], [ -86.90169, 21.1483 ], [ -86.89975, 21.14927 ], [ -86.89971, 21.14928 ], [ -86.89967, 21.14925 ], [ -86.89937, 21.14873 ], [ -86.89824, 21.14926 ], [ -86.89739, 21.1497 ], [ -86.89567, 21.15056 ], [ -86.89465, 21.15104 ], [ -86.89382, 21.15147 ], [ -86.89322, 21.15176 ], [ -86.88836, 21.1542 ], [ -86.88641, 21.15515 ], [ -86.88562, 21.15558 ], [ -86.88406, 21.15631 ], [ -86.88361, 21.15655 ], [ -86.88087, 21.15791 ], [ -86.87944, 21.15861 ], [ -86.87851, 21.15909 ], [ -86.87819, 21.15923 ], [ -86.87763, 21.15951 ], [ -86.87619, 21.16025 ], [ -86.87561, 21.16054 ], [ -86.87497, 21.16083 ], [ -86.87438, 21.16115 ], [ -86.87034, 21.16312 ], [ -86.8695, 21.16357 ], [ -86.86905, 21.16377 ], [ -86.8657, 21.16544 ], [ -86.8638, 21.16641 ], [ -86.86245, 21.16706 ], [ -86.86066, 21.16797 ], [ -86.85865, 21.16893 ], [ -86.85788, 21.16935 ], [ -86.85749, 21.16951 ], [ -86.85692, 21.16981 ], [ -86.85575, 21.17035 ], [ -86.85479, 21.17086 ], [ -86.85418, 21.17115 ], [ -86.85316, 21.17166 ], [ -86.85109, 21.17265 ], [ -86.85025, 21.1731 ], [ -86.84897, 21.17373 ], [ -86.84835, 21.17403 ], [ -86.84471, 21.17585 ], [ -86.84349, 21.17643 ], [ -86.84224, 21.17706 ], [ -86.84161, 21.17735 ], [ -86.84094, 21.1777 ], [ -86.83927, 21.1785 ], [ -86.83815, 21.17906 ], [ -86.83698, 21.17967 ], [ -86.83594, 21.18014 ], [ -86.8346, 21.18081 ], [ -86.83355, 21.1813 ], [ -86.83222, 21.18197 ], [ -86.83148, 21.1823 ], [ -86.83137, 21.18218 ], [ -86.83095, 21.18144 ], [ -86.82992, 21.17951 ], [ -86.82943, 21.17864 ], [ -86.82908, 21.17796 ], [ -86.82883, 21.17754 ], [ -86.82863, 21.17722 ], [ -86.8285, 21.17714 ], [ -86.8284, 21.17711 ], [ -86.8282, 21.17709 ], [ -86.82817, 21.17705 ], [ -86.82788, 21.17648 ], [ -86.82741, 21.17539 ], [ -86.82723, 21.17506 ], [ -86.82705, 21.17469 ], [ -86.82686, 21.17423 ], [ -86.82674, 21.17403 ], [ -86.82663, 21.17309 ], [ -86.82657, 21.17218 ], [ -86.82649, 21.17145 ], [ -86.82648, 21.17128 ], [ -86.82655, 21.1709 ], [ -86.82657, 21.17048 ], [ -86.82647, 21.16924 ], [ -86.82644, 21.16856 ], [ -86.82627, 21.16648 ], [ -86.82617, 21.16476 ], [ -86.82608, 21.16405 ], [ -86.82618, 21.16389 ], [ -86.82621, 21.1638 ], [ -86.82621, 21.16357 ], [ -86.82616, 21.16334 ], [ -86.8259, 21.16299 ], [ -86.82577, 21.16256 ], [ -86.82566, 21.16087 ], [ -86.82561, 21.15914 ], [ -86.82552, 21.15796 ], [ -86.82556, 21.15724 ], [ -86.82555, 21.15688 ], [ -86.82548, 21.15656 ], [ -86.82539, 21.15633 ], [ -86.82539, 21.15626 ], [ -86.82546, 21.15606 ], [ -86.82531, 21.15412 ], [ -86.82526, 21.15337 ], [ -86.82525, 21.15287 ], [ -86.82518, 21.15208 ], [ -86.82513, 21.15121 ], [ -86.82509, 21.15096 ], [ -86.82494, 21.15071 ], [ -86.82493, 21.15051 ], [ -86.82495, 21.15011 ], [ -86.82487, 21.14925 ], [ -86.82472, 21.14807 ], [ -86.82471, 21.14783 ], [ -86.82474, 21.14769 ], [ -86.82482, 21.14751 ], [ -86.82483, 21.1473 ], [ -86.82474, 21.14651 ], [ -86.82464, 21.14632 ], [ -86.82456, 21.14595 ], [ -86.82454, 21.14573 ], [ -86.82453, 21.14445 ], [ -86.82467, 21.14436 ], [ -86.82474, 21.14429 ], [ -86.8248, 21.14421 ], [ -86.82483, 21.14404 ], [ -86.82481, 21.14394 ], [ -86.82476, 21.14383 ], [ -86.82468, 21.14374 ], [ -86.82458, 21.14366 ], [ -86.82444, 21.14362 ], [ -86.82428, 21.14361 ], [ -86.82409, 21.14366 ], [ -86.82388, 21.14389 ], [ -86.82373, 21.14398 ], [ -86.82359, 21.14402 ], [ -86.82343, 21.14403 ], [ -86.82332, 21.14408 ], [ -86.82335, 21.14419 ], [ -86.8238, 21.14447 ], [ -86.82409, 21.14472 ], [ -86.82417, 21.14488 ], [ -86.82422, 21.14545 ], [ -86.82428, 21.14629 ] ] } },
{ "type": "Feature", "properties": { "ciudad_nombre": "Cancún", "encodedLine": "gea`C|z|pOyL`@w@?_@GeAq@UI]BUL{@x@WJe@H{AHsBDmHVmBD{EP}ETi@Cc@Ue@_AfBeHhAiFNkANk@Ig@[IWC_CLaFQ{IUmJWsIUuC_@y@Iu@DK|@p@dC@zCQfEHz@C|@X|@HvBi@bBq@h@w@Ve@DaBFy@?{@FiN`@eLb@eABaBb@a@FsI^k@A]G[A_@?{@HSHa@\\\\GPyAn@yFpB{DnAq@j@Ih@IPWPeCjAyCrAuNzGgEdB{@f@u@ZwFnCoItDkJlEH^l@zAxCzHPn@dA~B`CpGlAlCbAhC|BlExAfDfF`NzAzDj@nA@ThAbErBlFH\\\\Tl@fBfEnAjDd@dApB`FdKvWdBvE|@pBlDxIxJbWtAfD|CpI|BdFnBnFbD~HdFtMIJkDHyDRyDFoENaGh@Y?WDOJENgIrDr@|AxB`GkAj@eFzB}HcR[BsGvC[JlIvThBjEnEjLnAi@rCuAf@OjAk@CMwCxAuD`BWk@{CqHi@}AaB_EqFyNkAwC@GfB{@|DeBNENZn@jBx@tBnB~EjAjCZKhCiAvAu@\\\\Mt@_@gDgIdFaCtAk@RDLAPKV@t@?bAEhDGnES`EIvCMfB?j@GTCDSAa@@s@aCqGaByDw@uB{BuFmCcH_DmHaAgC_F}M_CyFiDyIeCkG}HcSqD}IkDeJiDqIiEaLcAiEaB{DaAmCqEsLgAsCiCqEoAeDaBcEw@uBu@eBu@sBQ_@gAwCiCoGn@W|G{C|FsCpLqFrCwAvAk@~FoCtHaDnDcBdAk@NYFUBa@BIpBy@xE}A`Ac@hAc@zAe@f@WzDUtDKpCO`@AjALrABvFSfCE~Ka@vISlCQ^RPDl@?l@IVGf@m@jOk@|FKhHWnALfAA~@Ml@QL?\\\\RlKc@tCIbBA|CMlDIp@Gp@]f@AnABjDOjF]n@AZDb@Nh@@|CQd@ShAOj@C~FAPZLLNJ`@DRCTIPONSF[@_@Ie@m@i@Q]G[A_@IUUDw@xAq@x@_@NqBHgDJ", "data.route.shortName": "Av. Niños Héroes", "data.route.longName": "18_Av. Niños Héroes", "slug": "ruta-18-av-ninos-heroes.4er", "type": "Bus", "color": null, "trips": [ ], "shape_id": "shape_2287" }, "geometry": { "type": "LineString", "coordinates": [ [ -86.82431, 21.1466 ], [ -86.82448, 21.14881 ], [ -86.82448, 21.14909 ], [ -86.82444, 21.14925 ], [ -86.82419, 21.1496 ], [ -86.82414, 21.14971 ], [ -86.82416, 21.14986 ], [ -86.82423, 21.14997 ], [ -86.82452, 21.15027 ], [ -86.82458, 21.15039 ], [ -86.82463, 21.15058 ], [ -86.82468, 21.15104 ], [ -86.82471, 21.15162 ], [ -86.82483, 21.15313 ], [ -86.82486, 21.15368 ], [ -86.82495, 21.15478 ], [ -86.82506, 21.15589 ], [ -86.82504, 21.1561 ], [ -86.82493, 21.15628 ], [ -86.82461, 21.15647 ], [ -86.82314, 21.15595 ], [ -86.82197, 21.15558 ], [ -86.82159, 21.1555 ], [ -86.82137, 21.15542 ], [ -86.82117, 21.15547 ], [ -86.82112, 21.15561 ], [ -86.8211, 21.15573 ], [ -86.82117, 21.15637 ], [ -86.82108, 21.1575 ], [ -86.82097, 21.15924 ], [ -86.82085, 21.16107 ], [ -86.82074, 21.16277 ], [ -86.82058, 21.16352 ], [ -86.82053, 21.16381 ], [ -86.82056, 21.16408 ], [ -86.82087, 21.16414 ], [ -86.82154, 21.16389 ], [ -86.82232, 21.16388 ], [ -86.82332, 21.16397 ], [ -86.82362, 21.16392 ], [ -86.82393, 21.16394 ], [ -86.82424, 21.16381 ], [ -86.82484, 21.16376 ], [ -86.82534, 21.16397 ], [ -86.82555, 21.16422 ], [ -86.82567, 21.1645 ], [ -86.8257, 21.16469 ], [ -86.82574, 21.16518 ], [ -86.82574, 21.16547 ], [ -86.82578, 21.16577 ], [ -86.82595, 21.16822 ], [ -86.82613, 21.17033 ], [ -86.82615, 21.17068 ], [ -86.82633, 21.17117 ], [ -86.82637, 21.17134 ], [ -86.82653, 21.17304 ], [ -86.82652, 21.17326 ], [ -86.82648, 21.17341 ], [ -86.82647, 21.17355 ], [ -86.82647, 21.17371 ], [ -86.82652, 21.17401 ], [ -86.82657, 21.17411 ], [ -86.82672, 21.17428 ], [ -86.82681, 21.17432 ], [ -86.82705, 21.17477 ], [ -86.82762, 21.17602 ], [ -86.82802, 21.17696 ], [ -86.82824, 21.17721 ], [ -86.82845, 21.17726 ], [ -86.82854, 21.17731 ], [ -86.82863, 21.17743 ], [ -86.82901, 21.1781 ], [ -86.82943, 21.17887 ], [ -86.83085, 21.18138 ], [ -86.83136, 21.18238 ], [ -86.83156, 21.18268 ], [ -86.8317, 21.18295 ], [ -86.83242, 21.18419 ], [ -86.83333, 21.18587 ], [ -86.83436, 21.18769 ], [ -86.83452, 21.18764 ], [ -86.83498, 21.18741 ], [ -86.83656, 21.18664 ], [ -86.8368, 21.18655 ], [ -86.83744, 21.1862 ], [ -86.83881, 21.18555 ], [ -86.83952, 21.18516 ], [ -86.84021, 21.18482 ], [ -86.84124, 21.18419 ], [ -86.84208, 21.18374 ], [ -86.84449, 21.18258 ], [ -86.84543, 21.18212 ], [ -86.84583, 21.1819 ], [ -86.84594, 21.18189 ], [ -86.84692, 21.18152 ], [ -86.84811, 21.18094 ], [ -86.84826, 21.18089 ], [ -86.84849, 21.18078 ], [ -86.84949, 21.18026 ], [ -86.85035, 21.17986 ], [ -86.8507, 21.17967 ], [ -86.85183, 21.1791 ], [ -86.85579, 21.17715 ], [ -86.85687, 21.17664 ], [ -86.85744, 21.17633 ], [ -86.85917, 21.17546 ], [ -86.86303, 21.17357 ], [ -86.86387, 21.17314 ], [ -86.86556, 21.17235 ], [ -86.86671, 21.17172 ], [ -86.86791, 21.17116 ], [ -86.86951, 21.17034 ], [ -86.87186, 21.16919 ], [ -86.87192, 21.16924 ], [ -86.87197, 21.1701 ], [ -86.87207, 21.17103 ], [ -86.87211, 21.17196 ], [ -86.87219, 21.173 ], [ -86.8724, 21.17429 ], [ -86.8724, 21.17442 ], [ -86.87243, 21.17454 ], [ -86.87249, 21.17462 ], [ -86.87257, 21.17465 ], [ -86.87347, 21.17629 ], [ -86.87394, 21.17603 ], [ -86.87523, 21.17542 ], [ -86.87545, 21.1758 ], [ -86.87607, 21.17695 ], [ -86.87301, 21.17854 ], [ -86.87303, 21.17868 ], [ -86.87379, 21.18006 ], [ -86.87385, 21.1802 ], [ -86.87733, 21.17853 ], [ -86.87835, 21.178 ], [ -86.88049, 21.17696 ], [ -86.88028, 21.17656 ], [ -86.87985, 21.17582 ], [ -86.87977, 21.17562 ], [ -86.87955, 21.17524 ], [ -86.87948, 21.17526 ], [ -86.87993, 21.17602 ], [ -86.88042, 21.17693 ], [ -86.8802, 21.17705 ], [ -86.87867, 21.17783 ], [ -86.8782, 21.17804 ], [ -86.87724, 21.17853 ], [ -86.87471, 21.17974 ], [ -86.87395, 21.18012 ], [ -86.87391, 21.18011 ], [ -86.87361, 21.17959 ], [ -86.8731, 21.17864 ], [ -86.87307, 21.17856 ], [ -86.87321, 21.17848 ], [ -86.87375, 21.17824 ], [ -86.87434, 21.17795 ], [ -86.87546, 21.17739 ], [ -86.87616, 21.17701 ], [ -86.8761, 21.17687 ], [ -86.87573, 21.17618 ], [ -86.87546, 21.17574 ], [ -86.87539, 21.17559 ], [ -86.87523, 21.17532 ], [ -86.87359, 21.17616 ], [ -86.87294, 21.17501 ], [ -86.87272, 21.17458 ], [ -86.87275, 21.17448 ], [ -86.87274, 21.17441 ], [ -86.87268, 21.17432 ], [ -86.87269, 21.1742 ], [ -86.87269, 21.17393 ], [ -86.87266, 21.17359 ], [ -86.87262, 21.17274 ], [ -86.87252, 21.1717 ], [ -86.87247, 21.17073 ], [ -86.8724, 21.16997 ], [ -86.8724, 21.16945 ], [ -86.87236, 21.16923 ], [ -86.87234, 21.16912 ], [ -86.87224, 21.16909 ], [ -86.87207, 21.1691 ], [ -86.87181, 21.16909 ], [ -86.87044, 21.16974 ], [ -86.86951, 21.17023 ], [ -86.86892, 21.17051 ], [ -86.86769, 21.17113 ], [ -86.86623, 21.17184 ], [ -86.86472, 21.17264 ], [ -86.86404, 21.17297 ], [ -86.86165, 21.17409 ], [ -86.8604, 21.17473 ], [ -86.85867, 21.17558 ], [ -86.85733, 21.17625 ], [ -86.85411, 21.17784 ], [ -86.85236, 21.17873 ], [ -86.85057, 21.17959 ], [ -86.84888, 21.18044 ], [ -86.84679, 21.18145 ], [ -86.84578, 21.18179 ], [ -86.84484, 21.18228 ], [ -86.84413, 21.18261 ], [ -86.84195, 21.18366 ], [ -86.84121, 21.18402 ], [ -86.84016, 21.18471 ], [ -86.83933, 21.18511 ], [ -86.83835, 21.1856 ], [ -86.83776, 21.18588 ], [ -86.83725, 21.18615 ], [ -86.83667, 21.18642 ], [ -86.83651, 21.18651 ], [ -86.83575, 21.18687 ], [ -86.83439, 21.18756 ], [ -86.83427, 21.18732 ], [ -86.83349, 21.18589 ], [ -86.83275, 21.18462 ], [ -86.83154, 21.18245 ], [ -86.8311, 21.18171 ], [ -86.83088, 21.18127 ], [ -86.83016, 21.17999 ], [ -86.82935, 21.17844 ], [ -86.82885, 21.17756 ], [ -86.82863, 21.17721 ], [ -86.8285, 21.17713 ], [ -86.82839, 21.17709 ], [ -86.82822, 21.17707 ], [ -86.82817, 21.17705 ], [ -86.82788, 21.17648 ], [ -86.82741, 21.17539 ], [ -86.82723, 21.17506 ], [ -86.82705, 21.17469 ], [ -86.82686, 21.17423 ], [ -86.82674, 21.17403 ], [ -86.82663, 21.17309 ], [ -86.82657, 21.17218 ], [ -86.82649, 21.17145 ], [ -86.82648, 21.17128 ], [ -86.82655, 21.1709 ], [ -86.82657, 21.17048 ], [ -86.82647, 21.16924 ], [ -86.82644, 21.16856 ], [ -86.82627, 21.16648 ], [ -86.82617, 21.16476 ], [ -86.82608, 21.16405 ], [ -86.82618, 21.16389 ], [ -86.82621, 21.1638 ], [ -86.82621, 21.16357 ], [ -86.82616, 21.16334 ], [ -86.82612, 21.16322 ], [ -86.82589, 21.16302 ], [ -86.82567, 21.1604 ], [ -86.82561, 21.15913 ], [ -86.82549, 21.15764 ], [ -86.82556, 21.15724 ], [ -86.82555, 21.15688 ], [ -86.82548, 21.15656 ], [ -86.82539, 21.15633 ], [ -86.82539, 21.15626 ], [ -86.82549, 21.15611 ], [ -86.82531, 21.15412 ], [ -86.82526, 21.15337 ], [ -86.82525, 21.15287 ], [ -86.82518, 21.15208 ], [ -86.82513, 21.15121 ], [ -86.82509, 21.15096 ], [ -86.82494, 21.15071 ], [ -86.82493, 21.15051 ], [ -86.82495, 21.15011 ], [ -86.82487, 21.14925 ], [ -86.82472, 21.14807 ], [ -86.82471, 21.14783 ], [ -86.82474, 21.14769 ], [ -86.82482, 21.14751 ], [ -86.82483, 21.1473 ], [ -86.82474, 21.14651 ], [ -86.82464, 21.14632 ], [ -86.82456, 21.14595 ], [ -86.82454, 21.14573 ], [ -86.82453, 21.14445 ], [ -86.82467, 21.14436 ], [ -86.82474, 21.14429 ], [ -86.8248, 21.14421 ], [ -86.82483, 21.14404 ], [ -86.82481, 21.14394 ], [ -86.82476, 21.14383 ], [ -86.82468, 21.14374 ], [ -86.82458, 21.14366 ], [ -86.82444, 21.14362 ], [ -86.82428, 21.14361 ], [ -86.82409, 21.14366 ], [ -86.82388, 21.14389 ], [ -86.82373, 21.14398 ], [ -86.82359, 21.14402 ], [ -86.82343, 21.14403 ], [ -86.82332, 21.14408 ], [ -86.82335, 21.14419 ], [ -86.8238, 21.14447 ], [ -86.82409, 21.14472 ], [ -86.82417, 21.14488 ], [ -86.82422, 21.14545 ], [ -86.82428, 21.14629 ] ] } },
{ "type": "Feature", "properties": { "ciudad_nombre": "Cancún", "encodedLine": "gea`C|z|pOyL`@w@?_@GeAq@UI]BUL{@x@WJe@H{AHsBDmHVmBD{EX}ELmAOe@uA|AqGvAgFLsAFs@K_@_@Uu@L_AF{Pc@{Ne@eHSyA_@_BAIZ@f@j@xDCjDSlCJ`A?j@Tf@LvBUfAe@pA_@Hw@Ve@DaBFy@?{@FiN`@eLb@eABaBb@a@FsI^k@A]G{@A{@HSHQj@Nh@Tl@lCzGfFzMxDjJzBdGdCbGrF|NxFdNvClH|DtKrE~KBLcHfDiClAcA`@oOpHmItDeAj@yCrA{]nPeAf@[JQKWg@aHuQM@iDbB}QlIkHrDsEnBuG~C}I~DuW`McCbAsJjEMNC`@BNNb@^t@nFpMnA`DvBdFxBvFrFlMhDnI@JCJKJgAn@uG`DwAn@sMpGyAl@k@Xa@Ta@`@e@p@CPBRu@lBa@p@s@`@cFdC}@^e@HHj@Nb@z@lBjAnDb@nBn@fBj@lBbAvCaEvAk@aAqCaHoDeKb@YpAq@?OESECI@QNy@b@{Af@|FbNnAfD~AdEhBu@bBaAx@_@}AuEeBsEoBsEyAkE`JkE^_@h@eAb@kAVGLKBk@Xm@j@]rCkAb@WrJsEbB}@jJoEJEb@GHYCKa@u@u@kBeA_C{DiJqBgFaEqJqGaPwA}C[kA?MHU^SlCiAbLgFvBeAdAe@fCoAtEsBfCsAtEwBzEuBrNwG~GmDdA_@~FsCvFgClBaAF@JRxCjH~A|Dp@nBHNHFH?HAvCyA`DuAtCyAhM_GpDgB~DeBfHgDnCmAfB}@z@]bFaCb@YFKDKMa@c@cAyEaMmAwC{DyJ@KJId@Of@UfGwCxBaAZWDM?Qg@eAsAqD}CoHkBmFmEqK}CcIqA{CsBwFqC}G_@kAqBmF{AsDCYFQb@E~BMtDKpCO`@AjALrABvFSfCE~Ka@vISlCQ^RPDl@?l@IhA_AjAElL_@rFK|FQ|@AnALfAA~@Ml@QL?\\\\RlKc@tCIbBA|CMlDIp@Gp@]f@AnABjDOjF]n@AZDb@Nh@@|CQd@ShAOj@C~FAPZLLNJ`@DRCTIPONSF[@_@Ie@m@i@Q]G[A_@IUUDw@xAq@x@_@NqBHgDJ", "data.route.shortName": "Villas Otoch -  Portillo (R-32)", "data.route.longName": "19_Villas Otoch -  Portillo (R-32)", "slug": "ruta-19-villas-otoch-portillo-r-32.4eq", "type": "Bus", "color": null, "trips": [ ], "shape_id": "shape_2286" }, "geometry": { "type": "LineString", "coordinates": [ [ -86.82431, 21.1466 ], [ -86.82448, 21.14881 ], [ -86.82448, 21.14909 ], [ -86.82444, 21.14925 ], [ -86.82419, 21.1496 ], [ -86.82414, 21.14971 ], [ -86.82416, 21.14986 ], [ -86.82423, 21.14997 ], [ -86.82452, 21.15027 ], [ -86.82458, 21.15039 ], [ -86.82463, 21.15058 ], [ -86.82468, 21.15104 ], [ -86.82471, 21.15162 ], [ -86.82483, 21.15313 ], [ -86.82486, 21.15368 ], [ -86.82499, 21.15478 ], [ -86.82506, 21.15589 ], [ -86.82498, 21.15628 ], [ -86.82455, 21.15647 ], [ -86.82318, 21.156 ], [ -86.82202, 21.15556 ], [ -86.8216, 21.15549 ], [ -86.82134, 21.15545 ], [ -86.82118, 21.15551 ], [ -86.82107, 21.15567 ], [ -86.82114, 21.15594 ], [ -86.82118, 21.15626 ], [ -86.821, 21.15912 ], [ -86.82081, 21.16166 ], [ -86.82071, 21.16313 ], [ -86.82055, 21.16358 ], [ -86.82054, 21.16406 ], [ -86.82068, 21.16411 ], [ -86.82088, 21.1641 ], [ -86.82181, 21.16388 ], [ -86.82267, 21.1639 ], [ -86.82338, 21.164 ], [ -86.82371, 21.16394 ], [ -86.82393, 21.16394 ], [ -86.82413, 21.16383 ], [ -86.82473, 21.16376 ], [ -86.82509, 21.16387 ], [ -86.8255, 21.16406 ], [ -86.82555, 21.16422 ], [ -86.82567, 21.1645 ], [ -86.8257, 21.16469 ], [ -86.82574, 21.16518 ], [ -86.82574, 21.16547 ], [ -86.82578, 21.16577 ], [ -86.82595, 21.16822 ], [ -86.82613, 21.17033 ], [ -86.82615, 21.17068 ], [ -86.82633, 21.17117 ], [ -86.82637, 21.17134 ], [ -86.82653, 21.17304 ], [ -86.82652, 21.17326 ], [ -86.82648, 21.17341 ], [ -86.82647, 21.17371 ], [ -86.82652, 21.17401 ], [ -86.82657, 21.17411 ], [ -86.82679, 21.1742 ], [ -86.827, 21.17412 ], [ -86.82723, 21.17401 ], [ -86.82865, 21.1733 ], [ -86.83103, 21.17214 ], [ -86.83285, 21.17121 ], [ -86.83416, 21.17059 ], [ -86.83546, 21.16992 ], [ -86.83801, 21.1687 ], [ -86.84044, 21.16745 ], [ -86.84195, 21.16669 ], [ -86.84398, 21.16574 ], [ -86.84606, 21.16468 ], [ -86.84613, 21.16466 ], [ -86.84697, 21.16612 ], [ -86.84736, 21.16681 ], [ -86.84753, 21.16715 ], [ -86.84906, 21.16979 ], [ -86.84997, 21.17146 ], [ -86.85019, 21.17181 ], [ -86.85061, 21.17258 ], [ -86.85341, 21.17752 ], [ -86.85361, 21.17787 ], [ -86.85367, 21.17801 ], [ -86.85361, 21.1781 ], [ -86.85341, 21.17822 ], [ -86.85042, 21.17967 ], [ -86.85043, 21.17974 ], [ -86.85093, 21.18059 ], [ -86.8526, 21.18362 ], [ -86.8535, 21.18512 ], [ -86.85406, 21.18618 ], [ -86.85486, 21.18757 ], [ -86.85582, 21.18932 ], [ -86.85807, 21.19327 ], [ -86.85841, 21.19393 ], [ -86.85943, 21.19579 ], [ -86.85951, 21.19586 ], [ -86.85968, 21.19588 ], [ -86.85976, 21.19586 ], [ -86.85994, 21.19578 ], [ -86.86021, 21.19562 ], [ -86.86254, 21.19442 ], [ -86.86335, 21.19402 ], [ -86.8645, 21.19342 ], [ -86.86574, 21.19281 ], [ -86.86805, 21.19159 ], [ -86.86973, 21.19074 ], [ -86.86979, 21.19073 ], [ -86.86985, 21.19075 ], [ -86.86991, 21.19081 ], [ -86.87015, 21.19117 ], [ -86.87096, 21.19256 ], [ -86.8712, 21.193 ], [ -86.87257, 21.19534 ], [ -86.8728, 21.19579 ], [ -86.87293, 21.19601 ], [ -86.87304, 21.19618 ], [ -86.87321, 21.19635 ], [ -86.87346, 21.19654 ], [ -86.87355, 21.19656 ], [ -86.87365, 21.19654 ], [ -86.8742, 21.19681 ], [ -86.87445, 21.19698 ], [ -86.87462, 21.19724 ], [ -86.87529, 21.19838 ], [ -86.87545, 21.19869 ], [ -86.8755, 21.19888 ], [ -86.87572, 21.19883 ], [ -86.8759, 21.19875 ], [ -86.87645, 21.19845 ], [ -86.87733, 21.19807 ], [ -86.87789, 21.19789 ], [ -86.87841, 21.19765 ], [ -86.87896, 21.19743 ], [ -86.87972, 21.19709 ], [ -86.88016, 21.19806 ], [ -86.87983, 21.19828 ], [ -86.87838, 21.19901 ], [ -86.87643, 21.19989 ], [ -86.8763, 21.19971 ], [ -86.87605, 21.1993 ], [ -86.87597, 21.1993 ], [ -86.87587, 21.19933 ], [ -86.87585, 21.19936 ], [ -86.87586, 21.19941 ], [ -86.87594, 21.1995 ], [ -86.87612, 21.19979 ], [ -86.87632, 21.20025 ], [ -86.87874, 21.19898 ], [ -86.87958, 21.19858 ], [ -86.88057, 21.1981 ], [ -86.8803, 21.19757 ], [ -86.87997, 21.19707 ], [ -86.87981, 21.19678 ], [ -86.87874, 21.19725 ], [ -86.87768, 21.19776 ], [ -86.87662, 21.19832 ], [ -86.8756, 21.19877 ], [ -86.87458, 21.197 ], [ -86.87442, 21.19684 ], [ -86.87407, 21.19663 ], [ -86.87369, 21.19645 ], [ -86.87365, 21.19633 ], [ -86.87359, 21.19626 ], [ -86.87337, 21.19624 ], [ -86.87314, 21.19611 ], [ -86.87299, 21.19589 ], [ -86.87261, 21.19515 ], [ -86.87249, 21.19497 ], [ -86.87143, 21.19311 ], [ -86.87112, 21.19261 ], [ -86.87008, 21.19079 ], [ -86.87005, 21.19073 ], [ -86.87001, 21.19055 ], [ -86.86988, 21.1905 ], [ -86.86982, 21.19052 ], [ -86.86955, 21.19069 ], [ -86.86901, 21.19096 ], [ -86.86837, 21.19131 ], [ -86.86656, 21.19225 ], [ -86.8654, 21.19282 ], [ -86.86355, 21.19379 ], [ -86.86082, 21.19516 ], [ -86.86003, 21.1956 ], [ -86.85965, 21.19574 ], [ -86.85958, 21.19574 ], [ -86.85947, 21.19569 ], [ -86.85937, 21.19553 ], [ -86.859, 21.19482 ], [ -86.85784, 21.19272 ], [ -86.85749, 21.19212 ], [ -86.8573, 21.19177 ], [ -86.8569, 21.19109 ], [ -86.85632, 21.19002 ], [ -86.8559, 21.18934 ], [ -86.8553, 21.18827 ], [ -86.85471, 21.18717 ], [ -86.85331, 21.18467 ], [ -86.85244, 21.18323 ], [ -86.85228, 21.18288 ], [ -86.85154, 21.1816 ], [ -86.85086, 21.18036 ], [ -86.85053, 21.17981 ], [ -86.85054, 21.17977 ], [ -86.85064, 21.17971 ], [ -86.85214, 21.17894 ], [ -86.85309, 21.17846 ], [ -86.85365, 21.17821 ], [ -86.85373, 21.17816 ], [ -86.85377, 21.17811 ], [ -86.85377, 21.17806 ], [ -86.85376, 21.17801 ], [ -86.85331, 21.17725 ], [ -86.85288, 21.17644 ], [ -86.85243, 21.17569 ], [ -86.85115, 21.1734 ], [ -86.85063, 21.17251 ], [ -86.85012, 21.17155 ], [ -86.84928, 21.17007 ], [ -86.84889, 21.16935 ], [ -86.84858, 21.16883 ], [ -86.84843, 21.16853 ], [ -86.84778, 21.16739 ], [ -86.84765, 21.16721 ], [ -86.84759, 21.16717 ], [ -86.84753, 21.16714 ], [ -86.84736, 21.16721 ], [ -86.84702, 21.16739 ], [ -86.84477, 21.16848 ], [ -86.84401, 21.16887 ], [ -86.84212, 21.16981 ], [ -86.84206, 21.1698 ], [ -86.84201, 21.16974 ], [ -86.84193, 21.16955 ], [ -86.84182, 21.16935 ], [ -86.84106, 21.16803 ], [ -86.84073, 21.16742 ], [ -86.84061, 21.16728 ], [ -86.84054, 21.16725 ], [ -86.84045, 21.16725 ], [ -86.8401, 21.16745 ], [ -86.83921, 21.16787 ], [ -86.83769, 21.16866 ], [ -86.8365, 21.1692 ], [ -86.83449, 21.17023 ], [ -86.83287, 21.17102 ], [ -86.83209, 21.17143 ], [ -86.83085, 21.17201 ], [ -86.82942, 21.17274 ], [ -86.82904, 21.1729 ], [ -86.82785, 21.17347 ], [ -86.82695, 21.17393 ], [ -86.82682, 21.17395 ], [ -86.82673, 21.17391 ], [ -86.8267, 21.17373 ], [ -86.82663, 21.17309 ], [ -86.82657, 21.17218 ], [ -86.82649, 21.17145 ], [ -86.82648, 21.17128 ], [ -86.82655, 21.1709 ], [ -86.82657, 21.17048 ], [ -86.82647, 21.16924 ], [ -86.82644, 21.16856 ], [ -86.82627, 21.16648 ], [ -86.82617, 21.16476 ], [ -86.82608, 21.16405 ], [ -86.82618, 21.16389 ], [ -86.82621, 21.1638 ], [ -86.82621, 21.16357 ], [ -86.82616, 21.16334 ], [ -86.82584, 21.16297 ], [ -86.82581, 21.16259 ], [ -86.82565, 21.16044 ], [ -86.82559, 21.15922 ], [ -86.8255, 21.15795 ], [ -86.82549, 21.15764 ], [ -86.82556, 21.15724 ], [ -86.82555, 21.15688 ], [ -86.82548, 21.15656 ], [ -86.82539, 21.15633 ], [ -86.82539, 21.15626 ], [ -86.82549, 21.15611 ], [ -86.82531, 21.15412 ], [ -86.82526, 21.15337 ], [ -86.82525, 21.15287 ], [ -86.82518, 21.15208 ], [ -86.82513, 21.15121 ], [ -86.82509, 21.15096 ], [ -86.82494, 21.15071 ], [ -86.82493, 21.15051 ], [ -86.82495, 21.15011 ], [ -86.82487, 21.14925 ], [ -86.82472, 21.14807 ], [ -86.82471, 21.14783 ], [ -86.82474, 21.14769 ], [ -86.82482, 21.14751 ], [ -86.82483, 21.1473 ], [ -86.82474, 21.14651 ], [ -86.82464, 21.14632 ], [ -86.82456, 21.14595 ], [ -86.82454, 21.14573 ], [ -86.82453, 21.14445 ], [ -86.82467, 21.14436 ], [ -86.82474, 21.14429 ], [ -86.8248, 21.14421 ], [ -86.82483, 21.14404 ], [ -86.82481, 21.14394 ], [ -86.82476, 21.14383 ], [ -86.82468, 21.14374 ], [ -86.82458, 21.14366 ], [ -86.82444, 21.14362 ], [ -86.82428, 21.14361 ], [ -86.82409, 21.14366 ], [ -86.82388, 21.14389 ], [ -86.82373, 21.14398 ], [ -86.82359, 21.14402 ], [ -86.82343, 21.14403 ], [ -86.82332, 21.14408 ], [ -86.82335, 21.14419 ], [ -86.8238, 21.14447 ], [ -86.82409, 21.14472 ], [ -86.82417, 21.14488 ], [ -86.82422, 21.14545 ], [ -86.82428, 21.14629 ] ] } },
{ "type": "Feature", "properties": { "ciudad_nombre": "Cancún", "encodedLine": "ida`Czz|pOgOd@QA_@Mo@a@OMYg@GSES\\\\{Gn@aC|@i@`CiAj@UVGn@EjAD`CPtMz@rAPpAJjAXvDpA|CtAdP~GnHrChClArCfAlD|A`Bl@~GxCfBp@zHdDXNZh@L\\\\TpA@n@e@bBYf@GPCp@GJoAz@i@V{@Ts@JkA@gDNuCBaABeBTcAR}@`@sDrBkFdCk@PmCj@wFbB{GxA}Ah@{FnAyEnAyIxBeBf@g@Xa@^gBbBiDnDmBlBgI~IgKnKcGtG}G`HwQtReBfBu@r@aH~F{FdGgAl@MLYDSLQn@s@zA_KrK{ExEoG`DsP|HgMdGsBx@cElBuCrAaBx@WPNZbBdEpAtD`EbKlBdFvD`JfAtCtJnVkKb@aGLiG^kCVYFORYPcHdDL`@lBrEl@fBcH`DSC_@}@}AyDoDiJcAZsGxCh@pAjCbHh@nA`BnEdIrS`GoCx@Y^SEKwCxAuD`BWk@{CqHi@}AaB_EqFyNkAwC@GfB{@|DeBNENZn@jBx@tBnB~EjAjCZKhCiAvAu@\\\\Mt@_@gDgIpBaAhD{A^ORDLAPKV@t@?bAEhDGnES`EIvCMfB?`AKDSAa@@s@]cAgCsG}@sBw@uB{BuFmCcH_DmHaAgC_F}MuBaFh@[j@UhEuBdEoBb@OfBcArCoAdGuCrB{@`EqB~CqA~A_AvCqA|@c@v@i@|@u@t@_A|B_CrGaHpBkB\\\\WFCPBFAZOHI@M?QBKr@mAl@w@zAuA`BeB|AyAlD{CxDyDbEoE~CaDjDsDnB}BnFmF~AcBvAgB~@{@~AgBbB_BdBeBNMZe@jMoM~GoHnAeAl@Y|Ag@zIwBxF{AdB[fBGj@GvEkArAY~DgAdAUvDaAf@IbD_@rAIlDBfDOvE?fKSbAO\\\\Mr@g@p@q@hBeENYf@YPSLUJ[@c@C]Gc@Qc@q@u@i@eAk@mBSc@Y]]]a@UiAi@qBw@}JcE{VmKiLsEcQsHaC{@cAYmAUQB]b@IX?fBHdCB`BCXK\\\\w@jAg@f@YHWDyBF{BJ", "data.route.shortName": "Kabah - Tecnológico", "data.route.longName": "21_Kabah - Tecnológico", "slug": "ruta-21-kabah-tecnologico.4es", "type": "Bus", "color": null, "trips": [ ], "shape_id": "shape_2288" }, "geometry": { "type": "LineString", "coordinates": [ [ -86.8243, 21.14645 ], [ -86.82449, 21.14905 ], [ -86.82448, 21.14914 ], [ -86.82441, 21.1493 ], [ -86.82424, 21.14954 ], [ -86.82417, 21.14962 ], [ -86.82397, 21.14975 ], [ -86.82387, 21.14979 ], [ -86.82377, 21.14982 ], [ -86.82235, 21.14967 ], [ -86.8217, 21.14943 ], [ -86.82149, 21.14912 ], [ -86.82112, 21.14847 ], [ -86.82101, 21.14825 ], [ -86.82097, 21.14813 ], [ -86.82094, 21.14789 ], [ -86.82097, 21.14751 ], [ -86.82106, 21.14686 ], [ -86.82136, 21.14451 ], [ -86.82145, 21.14409 ], [ -86.82151, 21.14368 ], [ -86.82164, 21.1433 ], [ -86.82205, 21.14238 ], [ -86.82248, 21.14159 ], [ -86.82392, 21.13884 ], [ -86.82466, 21.13732 ], [ -86.82505, 21.13663 ], [ -86.82541, 21.13589 ], [ -86.82588, 21.13502 ], [ -86.82611, 21.13453 ], [ -86.82688, 21.13309 ], [ -86.82713, 21.13257 ], [ -86.82796, 21.13099 ], [ -86.82804, 21.13086 ], [ -86.82825, 21.13072 ], [ -86.8284, 21.13065 ], [ -86.82881, 21.13054 ], [ -86.82905, 21.13053 ], [ -86.82955, 21.13072 ], [ -86.82975, 21.13085 ], [ -86.82984, 21.13089 ], [ -86.83009, 21.13091 ], [ -86.83015, 21.13095 ], [ -86.83045, 21.13135 ], [ -86.83057, 21.13156 ], [ -86.83068, 21.13186 ], [ -86.83074, 21.13212 ], [ -86.83075, 21.1325 ], [ -86.83083, 21.13334 ], [ -86.83085, 21.13409 ], [ -86.83087, 21.13442 ], [ -86.83098, 21.13493 ], [ -86.83108, 21.13527 ], [ -86.83125, 21.13558 ], [ -86.83183, 21.13648 ], [ -86.8325, 21.13766 ], [ -86.83259, 21.13788 ], [ -86.83281, 21.13859 ], [ -86.83331, 21.13983 ], [ -86.83376, 21.14125 ], [ -86.83397, 21.14172 ], [ -86.83437, 21.14298 ], [ -86.83477, 21.14407 ], [ -86.83538, 21.1458 ], [ -86.83558, 21.14631 ], [ -86.83571, 21.14651 ], [ -86.83587, 21.14668 ], [ -86.83637, 21.1472 ], [ -86.83725, 21.14805 ], [ -86.8378, 21.1486 ], [ -86.83956, 21.15024 ], [ -86.84156, 21.1522 ], [ -86.84295, 21.1535 ], [ -86.8444, 21.15493 ], [ -86.84755, 21.15793 ], [ -86.84807, 21.15844 ], [ -86.84833, 21.15871 ], [ -86.84961, 21.16016 ], [ -86.85092, 21.16142 ], [ -86.85115, 21.16178 ], [ -86.85122, 21.16185 ], [ -86.85125, 21.16198 ], [ -86.85132, 21.16208 ], [ -86.85156, 21.16217 ], [ -86.85202, 21.16243 ], [ -86.85404, 21.16435 ], [ -86.85513, 21.16545 ], [ -86.85594, 21.16681 ], [ -86.85753, 21.16963 ], [ -86.85884, 21.17191 ], [ -86.85913, 21.17249 ], [ -86.85968, 21.17347 ], [ -86.8601, 21.17422 ], [ -86.86039, 21.17471 ], [ -86.86048, 21.17483 ], [ -86.86062, 21.17475 ], [ -86.86161, 21.17425 ], [ -86.86252, 21.17384 ], [ -86.86446, 21.17287 ], [ -86.86561, 21.17232 ], [ -86.86738, 21.1714 ], [ -86.86813, 21.17104 ], [ -86.87189, 21.16917 ], [ -86.87207, 21.17115 ], [ -86.87214, 21.17244 ], [ -86.8723, 21.17377 ], [ -86.87242, 21.17447 ], [ -86.87246, 21.1746 ], [ -86.87256, 21.17468 ], [ -86.87265, 21.17481 ], [ -86.87348, 21.17627 ], [ -86.87365, 21.1762 ], [ -86.87471, 21.17565 ], [ -86.87523, 21.17542 ], [ -86.87604, 21.17688 ], [ -86.87602, 21.17698 ], [ -86.87571, 21.17714 ], [ -86.87478, 21.17761 ], [ -86.87297, 21.17849 ], [ -86.87311, 21.17883 ], [ -86.87388, 21.18021 ], [ -86.87429, 21.18 ], [ -86.87575, 21.1793 ], [ -86.87615, 21.17909 ], [ -86.87719, 21.1786 ], [ -86.88049, 21.17697 ], [ -86.87977, 21.17568 ], [ -86.87964, 21.17539 ], [ -86.87954, 21.17523 ], [ -86.87948, 21.17526 ], [ -86.87993, 21.17602 ], [ -86.88042, 21.17693 ], [ -86.8802, 21.17705 ], [ -86.87867, 21.17783 ], [ -86.8782, 21.17804 ], [ -86.87724, 21.17853 ], [ -86.87471, 21.17974 ], [ -86.87395, 21.18012 ], [ -86.87391, 21.18011 ], [ -86.87361, 21.17959 ], [ -86.8731, 21.17864 ], [ -86.87307, 21.17856 ], [ -86.87321, 21.17848 ], [ -86.87375, 21.17824 ], [ -86.87434, 21.17795 ], [ -86.87546, 21.17739 ], [ -86.87616, 21.17701 ], [ -86.8761, 21.17687 ], [ -86.87573, 21.17618 ], [ -86.87546, 21.17574 ], [ -86.87539, 21.17559 ], [ -86.87523, 21.17532 ], [ -86.87359, 21.17616 ], [ -86.87326, 21.17559 ], [ -86.8728, 21.17474 ], [ -86.87272, 21.17458 ], [ -86.87275, 21.17448 ], [ -86.87274, 21.17441 ], [ -86.87268, 21.17432 ], [ -86.87269, 21.1742 ], [ -86.87269, 21.17393 ], [ -86.87266, 21.17359 ], [ -86.87262, 21.17274 ], [ -86.87252, 21.1717 ], [ -86.87247, 21.17073 ], [ -86.8724, 21.16997 ], [ -86.8724, 21.16945 ], [ -86.87234, 21.16912 ], [ -86.87224, 21.16909 ], [ -86.87207, 21.1691 ], [ -86.87181, 21.16909 ], [ -86.87147, 21.16924 ], [ -86.87009, 21.16992 ], [ -86.86951, 21.17023 ], [ -86.86892, 21.17051 ], [ -86.86769, 21.17113 ], [ -86.86623, 21.17184 ], [ -86.86472, 21.17264 ], [ -86.86404, 21.17297 ], [ -86.86165, 21.17409 ], [ -86.86052, 21.17468 ], [ -86.86038, 21.17447 ], [ -86.86027, 21.17425 ], [ -86.85968, 21.17324 ], [ -86.85912, 21.17225 ], [ -86.85904, 21.17207 ], [ -86.8587, 21.17155 ], [ -86.8583, 21.17081 ], [ -86.85755, 21.1695 ], [ -86.85725, 21.16892 ], [ -86.85668, 21.16795 ], [ -86.85627, 21.16715 ], [ -86.85595, 21.16667 ], [ -86.85554, 21.16591 ], [ -86.85536, 21.1656 ], [ -86.85515, 21.16532 ], [ -86.85488, 21.16501 ], [ -86.85456, 21.16474 ], [ -86.85392, 21.16411 ], [ -86.85247, 21.16273 ], [ -86.85193, 21.16216 ], [ -86.85181, 21.16201 ], [ -86.85179, 21.16197 ], [ -86.85181, 21.16188 ], [ -86.8518, 21.16184 ], [ -86.85172, 21.1617 ], [ -86.85167, 21.16165 ], [ -86.8516, 21.16164 ], [ -86.85151, 21.16164 ], [ -86.85145, 21.16162 ], [ -86.85106, 21.16136 ], [ -86.85078, 21.16113 ], [ -86.85035, 21.16067 ], [ -86.84984, 21.16018 ], [ -86.84939, 21.15971 ], [ -86.84861, 21.15884 ], [ -86.84768, 21.15791 ], [ -86.84664, 21.15693 ], [ -86.84583, 21.15613 ], [ -86.84493, 21.15527 ], [ -86.8443, 21.15471 ], [ -86.84311, 21.15351 ], [ -86.84261, 21.15303 ], [ -86.84209, 21.15259 ], [ -86.84179, 21.15227 ], [ -86.84127, 21.15179 ], [ -86.84079, 21.15129 ], [ -86.84028, 21.15078 ], [ -86.84021, 21.1507 ], [ -86.84002, 21.15056 ], [ -86.8377, 21.14826 ], [ -86.83618, 21.14682 ], [ -86.83583, 21.14642 ], [ -86.8357, 21.14619 ], [ -86.8355, 21.14572 ], [ -86.8349, 21.14398 ], [ -86.83444, 21.14273 ], [ -86.8343, 21.14222 ], [ -86.83426, 21.1417 ], [ -86.83422, 21.14148 ], [ -86.83384, 21.1404 ], [ -86.83371, 21.13998 ], [ -86.83335, 21.13902 ], [ -86.83324, 21.13867 ], [ -86.83291, 21.13775 ], [ -86.83286, 21.13755 ], [ -86.8327, 21.13673 ], [ -86.83265, 21.13631 ], [ -86.83267, 21.13544 ], [ -86.83259, 21.1346 ], [ -86.83259, 21.13352 ], [ -86.83249, 21.13156 ], [ -86.83241, 21.13122 ], [ -86.83234, 21.13107 ], [ -86.83214, 21.13081 ], [ -86.83189, 21.13056 ], [ -86.8309, 21.13003 ], [ -86.83077, 21.12995 ], [ -86.83064, 21.12975 ], [ -86.83054, 21.12966 ], [ -86.83043, 21.12959 ], [ -86.83029, 21.12953 ], [ -86.83011, 21.12952 ], [ -86.82996, 21.12954 ], [ -86.82978, 21.12958 ], [ -86.8296, 21.12967 ], [ -86.82933, 21.12992 ], [ -86.82898, 21.13013 ], [ -86.82843, 21.13035 ], [ -86.82825, 21.13045 ], [ -86.8281, 21.13058 ], [ -86.82795, 21.13073 ], [ -86.82784, 21.1309 ], [ -86.82763, 21.13127 ], [ -86.82735, 21.13184 ], [ -86.82637, 21.13375 ], [ -86.82438, 21.13757 ], [ -86.82332, 21.1397 ], [ -86.82178, 21.1426 ], [ -86.82148, 21.14325 ], [ -86.82135, 21.14359 ], [ -86.82124, 21.14398 ], [ -86.82126, 21.14407 ], [ -86.82144, 21.14422 ], [ -86.82157, 21.14427 ], [ -86.82209, 21.14427 ], [ -86.82276, 21.14422 ], [ -86.82325, 21.1442 ], [ -86.82338, 21.14422 ], [ -86.82353, 21.14428 ], [ -86.82391, 21.14456 ], [ -86.82411, 21.14476 ], [ -86.82416, 21.14489 ], [ -86.82419, 21.14501 ], [ -86.82423, 21.14562 ], [ -86.82429, 21.14624 ] ] } },
{ "type": "Feature", "properties": { "ciudad_nombre": "Cancún", "encodedLine": "mj{_C|~gqO{RcI{IeDkZwIOcAaAo@aAF{@r@qDa@iFe@oI_@kJZc@sr@ZsNSs]Um^GoCeAqeA@uE?yEEaFCuFQ_RAsDM_HOyD@UFKLErDIfCApBKp@Sp@Yz@eABm@L}@@g@Gg@W]e@[k@[i@Oe@Eg@DgATc@FoDFoCPyB@w@D}@L{@Py@ZqBbAkDlBiB^wDhA{@Xw@Zm@\\\\w@V}Bl@w@NyAF_@AUMOSG]AyDKo@Y{@e@{@sAqBaHkL[i@Qm@Kq@E{@]gPFUFKd@e@FSAq@G[OSYOQWK[A_@CYOEGFWh@m@x@[^a@Xs@H}@DqDHwNf@w@?_@GeAq@UI]BUL{@x@WJe@H{AHsBDmHVmBD{EX}ELiAQ]o@Iq@hBsGlAiFHqAFa@Qe@i@QmAPqA?oSi@iRo@iC_@yA@Kf@p@|ES~GHhAE^Ff@X|@DzAs@tBi@\\\\w@Ve@DaBFy@?{@FiN`@eLb@eABaBb@a@FsI^k@A]G[A_AB[DSHa@\\\\GPyAn@yFpB{DnAYNOD]PHZTNqHrD}WtLyVnLoFjCpElLmOvB_Bh@iNxBcSrCw\\\\hFmJhBqCDcC`@eFBwA`@yIvE{@v@g@tAq@\\\\k@My@i@yEf@aMz@BVrK}@tF_@lAl@n@DXEd@c@Pw@bAyAdI}DdBo@jFE|AY|CCjNgCp[_FzWyDrHyA~@YlP{BwE{LjMcGnReJfTqJrE{BtBaAc@i@`@YpBy@xE}A`Ac@hAc@zAe@f@WbBMvAGtDKrDQjALrABvFSfCE~Ka@vISlCQ^RPDV@TAl@IVGj@W`BOhIY|ACzFSxFOn@SnALfAA~@Ml@QL?\\\\RlKc@tCIbBA|CMlDIp@Gp@]f@AnABjDOjF]n@AZDb@Nh@@|CQ|CGrBKv@?h@Jr@d@|@v@B\\\\FvCZzK@|@Hh@Ph@V^TTnAfAXZrDfGjAfBXn@Xp@Jn@Bv@DtBEz@U`B?\\\\FXFBTCh@A`AIf@K|JgCtEeAlBYlBMxHS`CDNDLHHTHb@B`EDlLLlM?lL?vPt@pdAx@j{@f@nGHxVd@lk@rKa@pJd@jHz@~Ah@XbAbA^~@Qb@q@`SnFrP|FxStIPV\\\\BJY?_@]Ig@?", "data.route.shortName": "Rancho Viejo - Jardines del Sur", "data.route.longName": "26_Rancho Viejo - Jardines del Sur", "slug": "ruta-26-rancho-viejo-jardines-del-sur.4f4", "type": "Bus", "color": null, "trips": [ ], "shape_id": "shape_2299" }, "geometry": { "type": "LineString", "coordinates": [ [ -86.88127, 21.11671 ], [ -86.87965, 21.11989 ], [ -86.87882, 21.12163 ], [ -86.8771, 21.12601 ], [ -86.87676, 21.12609 ], [ -86.87652, 21.12642 ], [ -86.87656, 21.12675 ], [ -86.87682, 21.12705 ], [ -86.87665, 21.12794 ], [ -86.87646, 21.12911 ], [ -86.8763, 21.13079 ], [ -86.87644, 21.13261 ], [ -86.86818, 21.13279 ], [ -86.86568, 21.13265 ], [ -86.86078, 21.13275 ], [ -86.85575, 21.13286 ], [ -86.85503, 21.1329 ], [ -86.84374, 21.13325 ], [ -86.84267, 21.13324 ], [ -86.84158, 21.13324 ], [ -86.84045, 21.13327 ], [ -86.83922, 21.13329 ], [ -86.83618, 21.13338 ], [ -86.83528, 21.13339 ], [ -86.83384, 21.13346 ], [ -86.83291, 21.13354 ], [ -86.8328, 21.13353 ], [ -86.83274, 21.13349 ], [ -86.83271, 21.13342 ], [ -86.83266, 21.13252 ], [ -86.83265, 21.13184 ], [ -86.83259, 21.13127 ], [ -86.83249, 21.13102 ], [ -86.83236, 21.13077 ], [ -86.83201, 21.13047 ], [ -86.83178, 21.13045 ], [ -86.83147, 21.13038 ], [ -86.83127, 21.13037 ], [ -86.83107, 21.13041 ], [ -86.83092, 21.13053 ], [ -86.83078, 21.13072 ], [ -86.83064, 21.13094 ], [ -86.83056, 21.13115 ], [ -86.83053, 21.13134 ], [ -86.83056, 21.13154 ], [ -86.83067, 21.1319 ], [ -86.83071, 21.13208 ], [ -86.83075, 21.13296 ], [ -86.83084, 21.13368 ], [ -86.83085, 21.13429 ], [ -86.83088, 21.13457 ], [ -86.83095, 21.13488 ], [ -86.83104, 21.13518 ], [ -86.83118, 21.13547 ], [ -86.83152, 21.13604 ], [ -86.83207, 21.1369 ], [ -86.83223, 21.13743 ], [ -86.8326, 21.13835 ], [ -86.83273, 21.13865 ], [ -86.83287, 21.13893 ], [ -86.83302, 21.13916 ], [ -86.83314, 21.13944 ], [ -86.83337, 21.14007 ], [ -86.83345, 21.14035 ], [ -86.83349, 21.1408 ], [ -86.83348, 21.14096 ], [ -86.83341, 21.14107 ], [ -86.83331, 21.14115 ], [ -86.83316, 21.14119 ], [ -86.83223, 21.1412 ], [ -86.83199, 21.14126 ], [ -86.83169, 21.14139 ], [ -86.83139, 21.14158 ], [ -86.83082, 21.142 ], [ -86.82868, 21.14345 ], [ -86.82847, 21.14359 ], [ -86.82824, 21.14368 ], [ -86.82799, 21.14374 ], [ -86.82769, 21.14377 ], [ -86.82493, 21.14392 ], [ -86.82482, 21.14388 ], [ -86.82476, 21.14384 ], [ -86.82457, 21.14365 ], [ -86.82447, 21.14361 ], [ -86.82422, 21.14362 ], [ -86.82408, 21.14366 ], [ -86.82398, 21.14374 ], [ -86.8239, 21.14387 ], [ -86.82378, 21.14396 ], [ -86.82364, 21.14402 ], [ -86.82348, 21.14403 ], [ -86.82335, 21.14405 ], [ -86.82332, 21.14413 ], [ -86.82336, 21.14417 ], [ -86.82357, 21.14429 ], [ -86.82386, 21.14452 ], [ -86.82402, 21.14466 ], [ -86.82415, 21.14483 ], [ -86.8242, 21.14509 ], [ -86.82423, 21.1454 ], [ -86.82428, 21.14629 ], [ -86.82448, 21.14881 ], [ -86.82448, 21.14909 ], [ -86.82444, 21.14925 ], [ -86.82419, 21.1496 ], [ -86.82414, 21.14971 ], [ -86.82416, 21.14986 ], [ -86.82423, 21.14997 ], [ -86.82452, 21.15027 ], [ -86.82458, 21.15039 ], [ -86.82463, 21.15058 ], [ -86.82468, 21.15104 ], [ -86.82471, 21.15162 ], [ -86.82483, 21.15313 ], [ -86.82486, 21.15368 ], [ -86.82499, 21.15478 ], [ -86.82506, 21.15589 ], [ -86.82497, 21.15626 ], [ -86.82473, 21.15641 ], [ -86.82448, 21.15646 ], [ -86.8231, 21.15593 ], [ -86.82193, 21.15554 ], [ -86.82152, 21.15549 ], [ -86.82135, 21.15545 ], [ -86.82116, 21.15554 ], [ -86.82107, 21.15575 ], [ -86.82116, 21.15614 ], [ -86.82116, 21.15655 ], [ -86.82095, 21.15983 ], [ -86.82071, 21.16292 ], [ -86.82055, 21.16361 ], [ -86.82056, 21.16406 ], [ -86.82076, 21.16412 ], [ -86.82187, 21.16387 ], [ -86.82331, 21.16397 ], [ -86.82368, 21.16392 ], [ -86.82384, 21.16395 ], [ -86.82404, 21.16391 ], [ -86.82435, 21.16378 ], [ -86.82481, 21.16375 ], [ -86.8254, 21.16401 ], [ -86.82555, 21.16422 ], [ -86.82567, 21.1645 ], [ -86.8257, 21.16469 ], [ -86.82574, 21.16518 ], [ -86.82574, 21.16547 ], [ -86.82578, 21.16577 ], [ -86.82595, 21.16822 ], [ -86.82613, 21.17033 ], [ -86.82615, 21.17068 ], [ -86.82633, 21.17117 ], [ -86.82637, 21.17134 ], [ -86.82653, 21.17304 ], [ -86.82652, 21.17326 ], [ -86.82648, 21.17341 ], [ -86.82647, 21.17355 ], [ -86.82649, 21.17387 ], [ -86.82652, 21.17401 ], [ -86.82657, 21.17411 ], [ -86.82672, 21.17428 ], [ -86.82681, 21.17432 ], [ -86.82705, 21.17477 ], [ -86.82762, 21.17602 ], [ -86.82802, 21.17696 ], [ -86.8281, 21.17709 ], [ -86.82813, 21.17717 ], [ -86.82822, 21.17732 ], [ -86.82836, 21.17727 ], [ -86.82844, 21.17716 ], [ -86.82934, 21.17869 ], [ -86.83153, 21.18268 ], [ -86.83369, 21.18649 ], [ -86.83439, 21.18769 ], [ -86.83654, 21.18664 ], [ -86.83714, 21.18927 ], [ -86.83735, 21.18975 ], [ -86.83796, 21.1922 ], [ -86.8387, 21.19542 ], [ -86.83987, 21.20018 ], [ -86.8404, 21.20201 ], [ -86.84043, 21.20274 ], [ -86.8406, 21.2034 ], [ -86.84062, 21.20455 ], [ -86.84079, 21.20499 ], [ -86.84187, 21.20672 ], [ -86.84215, 21.20702 ], [ -86.84258, 21.20722 ], [ -86.84273, 21.20747 ], [ -86.84266, 21.20769 ], [ -86.84245, 21.20798 ], [ -86.84265, 21.20907 ], [ -86.84295, 21.21132 ], [ -86.84307, 21.2113 ], [ -86.84276, 21.20928 ], [ -86.8426, 21.20805 ], [ -86.84283, 21.20766 ], [ -86.84286, 21.20742 ], [ -86.84283, 21.20729 ], [ -86.84265, 21.2071 ], [ -86.84237, 21.20701 ], [ -86.84192, 21.20667 ], [ -86.84097, 21.20504 ], [ -86.84073, 21.20453 ], [ -86.8407, 21.20335 ], [ -86.84057, 21.20288 ], [ -86.84055, 21.20209 ], [ -86.83987, 21.19963 ], [ -86.83875, 21.19506 ], [ -86.83782, 21.19108 ], [ -86.83737, 21.18954 ], [ -86.83724, 21.18922 ], [ -86.83662, 21.18643 ], [ -86.8344, 21.18751 ], [ -86.8331, 21.18521 ], [ -86.83131, 21.18209 ], [ -86.82946, 21.17869 ], [ -86.82884, 21.17763 ], [ -86.82851, 21.17704 ], [ -86.8283, 21.17722 ], [ -86.82817, 21.17705 ], [ -86.82788, 21.17648 ], [ -86.82741, 21.17539 ], [ -86.82723, 21.17506 ], [ -86.82705, 21.17469 ], [ -86.82686, 21.17423 ], [ -86.82674, 21.17403 ], [ -86.82667, 21.17353 ], [ -86.82663, 21.17309 ], [ -86.82657, 21.17218 ], [ -86.82648, 21.17128 ], [ -86.82655, 21.1709 ], [ -86.82657, 21.17048 ], [ -86.82647, 21.16924 ], [ -86.82644, 21.16856 ], [ -86.82627, 21.16648 ], [ -86.82617, 21.16476 ], [ -86.82608, 21.16405 ], [ -86.82618, 21.16389 ], [ -86.82621, 21.1638 ], [ -86.82622, 21.16368 ], [ -86.82621, 21.16357 ], [ -86.82616, 21.16334 ], [ -86.82612, 21.16322 ], [ -86.826, 21.163 ], [ -86.82592, 21.16251 ], [ -86.82579, 21.16086 ], [ -86.82577, 21.16039 ], [ -86.82567, 21.15913 ], [ -86.82559, 21.15788 ], [ -86.82549, 21.15764 ], [ -86.82556, 21.15724 ], [ -86.82555, 21.15688 ], [ -86.82548, 21.15656 ], [ -86.82539, 21.15633 ], [ -86.82539, 21.15626 ], [ -86.82549, 21.15611 ], [ -86.82531, 21.15412 ], [ -86.82526, 21.15337 ], [ -86.82525, 21.15287 ], [ -86.82518, 21.15208 ], [ -86.82513, 21.15121 ], [ -86.82509, 21.15096 ], [ -86.82494, 21.15071 ], [ -86.82493, 21.15051 ], [ -86.82495, 21.15011 ], [ -86.82487, 21.14925 ], [ -86.82472, 21.14807 ], [ -86.82471, 21.14783 ], [ -86.82474, 21.14769 ], [ -86.82482, 21.14751 ], [ -86.82483, 21.1473 ], [ -86.82474, 21.14651 ], [ -86.8247, 21.14572 ], [ -86.82464, 21.14514 ], [ -86.82464, 21.14486 ], [ -86.8247, 21.14465 ], [ -86.82489, 21.14439 ], [ -86.82517, 21.14408 ], [ -86.82532, 21.14406 ], [ -86.82608, 21.14402 ], [ -86.82814, 21.14388 ], [ -86.82845, 21.14387 ], [ -86.82866, 21.14382 ], [ -86.82887, 21.14373 ], [ -86.82903, 21.14361 ], [ -86.82914, 21.1435 ], [ -86.8295, 21.1431 ], [ -86.82964, 21.14297 ], [ -86.83096, 21.14207 ], [ -86.83148, 21.14169 ], [ -86.83172, 21.14156 ], [ -86.83197, 21.14143 ], [ -86.83221, 21.14137 ], [ -86.83249, 21.14135 ], [ -86.83308, 21.14132 ], [ -86.83338, 21.14135 ], [ -86.83387, 21.14146 ], [ -86.83402, 21.14146 ], [ -86.83415, 21.14142 ], [ -86.83417, 21.14138 ], [ -86.83415, 21.14127 ], [ -86.83414, 21.14106 ], [ -86.83409, 21.14073 ], [ -86.83403, 21.14053 ], [ -86.83335, 21.13862 ], [ -86.833, 21.13755 ], [ -86.83287, 21.137 ], [ -86.8328, 21.13645 ], [ -86.8327, 21.13488 ], [ -86.83273, 21.13423 ], [ -86.83276, 21.13415 ], [ -86.83281, 21.13408 ], [ -86.83292, 21.13403 ], [ -86.8331, 21.13398 ], [ -86.83407, 21.13396 ], [ -86.83622, 21.13393 ], [ -86.83853, 21.13386 ], [ -86.84068, 21.13386 ], [ -86.84352, 21.13386 ], [ -86.85465, 21.13359 ], [ -86.86431, 21.1333 ], [ -86.86567, 21.1331 ], [ -86.86948, 21.13305 ], [ -86.87659, 21.13286 ], [ -86.87642, 21.13084 ], [ -86.87661, 21.12899 ], [ -86.87691, 21.12749 ], [ -86.87712, 21.12701 ], [ -86.87746, 21.12688 ], [ -86.87762, 21.12654 ], [ -86.87753, 21.12622 ], [ -86.87728, 21.12604 ], [ -86.87848, 21.12283 ], [ -86.87975, 21.12001 ], [ -86.88146, 21.11668 ], [ -86.88158, 21.11659 ], [ -86.8816, 21.11644 ], [ -86.88147, 21.11638 ], [ -86.88131, 21.11638 ], [ -86.88126, 21.11653 ], [ -86.88126, 21.11673 ] ] } },
{ "type": "Feature", "properties": { "ciudad_nombre": "Cancún", "encodedLine": "yzl_CfxtpO{Oh@_KVyK_@qLi@kJ_@oOw@ePuCi@Me@Oa@U_@Y}CkDq@q@YWy@c@a@Se@OiDw@i@IwAOk@C{ABm@B}ARg[tEsAJc@@_@E_Co@qD_AmBi@kBu@g@[c@UmAw@sEmC_By@e@[y@q@mB]eBU_B_@gB[iBa@eC_@_Ck@eFgAeIkBmAOQKUCaAYsI{CaCk@kDkAaFgAm@OoHgCmG_CqEoBiDuAwFmCqFkBcDaAqAe@uA_@wBy@cDaAsBw@oE}AsAi@e@YiD{AiDaBcSyIsCiAaBs@uFuBeACg@EcC[iCc@gDc@yDeAeCeAeAi@_CyA}AmAu@{@]q@e@k@wCuBo@y@aCuBIQwAcBYSiBy@sDmBwAm@s@M]Cc@?gBJaAEWGs@a@qAaA{@i@iBu@iA[cAc@[S}@a@qAaAu@_@[KaAKiBAe@EoB_@qA[i@Qg@SiD{A_CyAeCoBc@c@gBqBcAwAgAwAwC{CuAy@aBqAiBmAcDkCwBmByAaAg@_@}A_Bu@}@s@_A]_@c@[iAs@e@Ka@Ce@Dk@J[JULSTc@t@iA~BiB`DmBbC]^aAv@{@|@_@v@K^M`AA^FtALp@Xn@t@`A\\\\Zd@Vj@RbAR`@JbATn@\\\\XPj@j@|@zAz@~BXxAHl@JhCEjG?`GEvDIfC?dBc@bHgA`H_@nBQv@kAnEqBtFWl@s@tAg@vAcAhCaFxKsAzBmAdCu@pAgEzGs@rAw@`AuArBoArBsAbCgA`BaC~Du@hBo@fCQfAQzC?`DDjANlA^tBf@fBfCjHPp@b@jCNjDAjBSdDW`BQp@Sr@wAhDeAlBg@t@oCfCiBvAaHhFqDvCaFfD}AtAq@d@iChCwA`BcH|JsCtC{CbCuCbCoBrA{A|@}BhBsDdCk@d@gAbAwAnBc@f@_A|Bi@|Ac@dBMz@U`CGfA?tAFxAHtA^xCt@hFPlBdAnHRrBPj@hDfWfBtNZ|BtAtKVdDErAu@fDmA|Ec@tBmA~EA^BJHHFBZBrAOj@QrANpI_@|@C`CA`IY~@A`AEdAc@hBBfEQpAQvAGvAE|AT`@?jCOlA]|BGhE?Z^JJNHTd@B\\\\BfC^dM?t@D`@Hd@P^VZ~AtATXxBhDjD`GNb@PlAB|CQ`CC|@ZtABX@^CrCL|P@fHHvH@zFJzJ@~HD|BBrHbF|D|CjCpCtBrLlJvCtB~AvAxGdF?lCLtFVbYsFBqCF?t@NbPs@~Cg@dB_@jBCVA`DoEvC[TQXAnBP|KBnKD`A@jENfLBhEAh@JrMB|@FpMD`BEZw@By@@oHEY@?zBHlG@pENfL?dAo@?uEDOLGnKA~NGbIETDPFDTOl@YCG]POBCGAMFqKRaYhGCCoHQuMEwHpI?xABJABMImDIuHAiEEqA@]GcIBiAMwQIsDW{U?cDAUrAaAnFoD[q@c@u@AwA@_@FYtB}IGaRjDAjACjB?VCjBAHEOcROsK?uBiBmB_Aq@_DiC{MeK}AqAaAs@}@w@iJkHcEeD[[?oLCw@?eBIuKE}OGmI?kDGsDAcIEwEBm@LaAOuBEgAEeCGg@Me@g@gAeC}D}BaEcC_EUi@YaBKyBWoMH_@h@k@Fc@?WAWISOQSMYc@MiAIEK@cAbB]d@QNQHg@FwIXoGP{DPo@Q_Am@MEQAQBOHgA|@QHSDmAHuBDyAL_CHyDDoFZaFNy@I]UIQGSEWDYbAyErAcFTiAHu@DcCQgBMs@}@yHUu@qBqEYaAOeAmDmXkDyVuAqKMkAImAAkA?oAFsA\\\\kCf@aCXy@z@sB`@u@d@s@rA}A`BwAp@g@dBeAfJmGtHaG|AgBl@u@nDiFfCmDn@w@fBgBlB_BlFsD|I{G`JoHv@w@p@w@j@{@pAeCbAmCVaAh@cDFy@HoDEaAa@{Ew@kFWkAc@iCMyC?mFJcDJoA^{CPgA|@_Ep@qBt@gB`CeEjCuD`@m@\\\\q@bDcFrImOnAkDzDmJdA}BjBuFtAwFtAeIb@yAJi@Da@EcAB{GNyE@gEGuBDwFAi@K{AUcBk@sBcAyBaFaI]u@Qu@OyA@a@JgAXiAh@_At@eA`@[bAm@d@QhA[`@Ip@EvA?rB^`EdAd@LjBv@nA`@bEvB|A`A|@l@zApAjBxAdAhAvFdHnAhAn@f@|AfAdBfAn@\\\\rEdBxDx@n@FpCPb@FfAf@|ChBv@ZlBr@r@^XNdBnA`Af@`@FJF\\\\@pAAzBGTBHD\\\\H|@^~CbBlD`B~@dA`@j@@Hb@d@bG~FbCfCjAdARH~AnAjAd@fAj@~B`Aj@N|Bx@XFh@@pALh@J|BPzCb@bA@hG`CvCrAjEdBd@VdGnCbGdCxBjAdEbBb@VbA`@rEdBlH~BhDrAxBh@lAf@fAXpBl@vCjAz@^j@^rDvAfB|@VDjGnChA^~CvAtAb@bCt@nDz@|B\\\\rEdBjAXt@X`AXhGrBzBl@vAVt@RtARzDx@dCl@bAPfCn@~Ch@~Cr@nE|@rA^hDnBtEdCbBbA^PxEpClDhB~@^dBP`B?`@E`AO~Am@lBm@zDcApB]dD[j@CnCB`B?n@GlCa@n@Ch@?h@Bf@HfATfBl@`@R`@Td@j@pApAt@`Ad@f@f@`@n@\\\\ZLxBb@~@L`Cd@`Ch@~Ah@`@FdAJd@@jAC~FNnCPbK^fAFrCJlAJbALjAJjGP~ACn@ExIUxHYlACnDFbAHdCXR?LEPS?QKOWOa@IiAEo@@_AH", "data.route.shortName": "Villas del Caribe", "data.route.longName": "27_Villas del Caribe", "slug": "ruta-27-villas-del-caribe.4ek", "type": "Bus", "color": null, "trips": [ ], "shape_id": "shape_2281" }, "geometry": { "type": "LineString", "coordinates": [ [ -86.78292, 21.04253 ], [ -86.78313, 21.04523 ], [ -86.78325, 21.04715 ], [ -86.78309, 21.0492 ], [ -86.78288, 21.05137 ], [ -86.78272, 21.05319 ], [ -86.78244, 21.05583 ], [ -86.78169, 21.05858 ], [ -86.78162, 21.05879 ], [ -86.78154, 21.05898 ], [ -86.78143, 21.05915 ], [ -86.7813, 21.05931 ], [ -86.78044, 21.0601 ], [ -86.78019, 21.06035 ], [ -86.78007, 21.06048 ], [ -86.77989, 21.06077 ], [ -86.77979, 21.06094 ], [ -86.77971, 21.06113 ], [ -86.77943, 21.06198 ], [ -86.77938, 21.06219 ], [ -86.7793, 21.06263 ], [ -86.77928, 21.06285 ], [ -86.7793, 21.06331 ], [ -86.77932, 21.06354 ], [ -86.77942, 21.06401 ], [ -86.78049, 21.06853 ], [ -86.78055, 21.06895 ], [ -86.78056, 21.06913 ], [ -86.78053, 21.06929 ], [ -86.78029, 21.06993 ], [ -86.77997, 21.07082 ], [ -86.77976, 21.07137 ], [ -86.77949, 21.07191 ], [ -86.77935, 21.07211 ], [ -86.77924, 21.07229 ], [ -86.77896, 21.07268 ], [ -86.77825, 21.07374 ], [ -86.77796, 21.07422 ], [ -86.77782, 21.07441 ], [ -86.77757, 21.0747 ], [ -86.77742, 21.07525 ], [ -86.77731, 21.07576 ], [ -86.77715, 21.07624 ], [ -86.77701, 21.07676 ], [ -86.77684, 21.07729 ], [ -86.77668, 21.07796 ], [ -86.77646, 21.0786 ], [ -86.7761, 21.07975 ], [ -86.77556, 21.08138 ], [ -86.77548, 21.08177 ], [ -86.77542, 21.08186 ], [ -86.7754, 21.08197 ], [ -86.77527, 21.0823 ], [ -86.77449, 21.084 ], [ -86.77427, 21.08465 ], [ -86.77389, 21.08551 ], [ -86.77353, 21.08664 ], [ -86.77345, 21.08687 ], [ -86.77277, 21.08839 ], [ -86.77213, 21.08974 ], [ -86.77157, 21.09079 ], [ -86.77114, 21.09164 ], [ -86.77043, 21.09288 ], [ -86.76989, 21.09409 ], [ -86.76956, 21.09491 ], [ -86.76937, 21.09532 ], [ -86.76921, 21.09575 ], [ -86.76892, 21.09635 ], [ -86.76859, 21.09717 ], [ -86.76831, 21.09775 ], [ -86.76784, 21.09879 ], [ -86.76763, 21.09921 ], [ -86.7675, 21.0994 ], [ -86.76704, 21.10025 ], [ -86.76655, 21.1011 ], [ -86.76482, 21.10432 ], [ -86.76445, 21.10506 ], [ -86.76419, 21.10555 ], [ -86.7636, 21.10678 ], [ -86.76358, 21.10713 ], [ -86.76355, 21.10733 ], [ -86.76341, 21.10799 ], [ -86.76323, 21.10868 ], [ -86.76305, 21.10952 ], [ -86.7627, 21.11045 ], [ -86.76235, 21.11112 ], [ -86.76214, 21.11147 ], [ -86.76169, 21.11211 ], [ -86.7613, 21.11258 ], [ -86.761, 21.11285 ], [ -86.76075, 21.113 ], [ -86.76053, 21.11319 ], [ -86.75994, 21.11395 ], [ -86.75965, 21.11419 ], [ -86.75906, 21.11484 ], [ -86.75897, 21.11489 ], [ -86.75847, 21.11533 ], [ -86.75837, 21.11546 ], [ -86.75808, 21.11599 ], [ -86.75753, 21.11689 ], [ -86.7573, 21.11733 ], [ -86.75723, 21.11759 ], [ -86.75721, 21.11774 ], [ -86.75721, 21.11792 ], [ -86.75727, 21.11844 ], [ -86.75724, 21.11877 ], [ -86.7572, 21.11889 ], [ -86.75703, 21.11915 ], [ -86.7567, 21.11956 ], [ -86.75649, 21.11986 ], [ -86.75622, 21.12039 ], [ -86.75608, 21.12076 ], [ -86.7559, 21.1211 ], [ -86.7558, 21.12124 ], [ -86.75563, 21.12155 ], [ -86.7553, 21.12196 ], [ -86.75514, 21.12223 ], [ -86.75508, 21.12237 ], [ -86.75502, 21.1227 ], [ -86.75501, 21.12323 ], [ -86.75498, 21.12342 ], [ -86.75482, 21.12398 ], [ -86.75468, 21.12439 ], [ -86.75459, 21.1246 ], [ -86.75449, 21.1248 ], [ -86.75403, 21.12565 ], [ -86.75358, 21.12629 ], [ -86.75302, 21.12696 ], [ -86.75284, 21.12714 ], [ -86.75227, 21.12766 ], [ -86.75183, 21.128 ], [ -86.75139, 21.12836 ], [ -86.75061, 21.12912 ], [ -86.75032, 21.12955 ], [ -86.74991, 21.13004 ], [ -86.74952, 21.13057 ], [ -86.74882, 21.13139 ], [ -86.74827, 21.13199 ], [ -86.74794, 21.13244 ], [ -86.74778, 21.13264 ], [ -86.7473, 21.13311 ], [ -86.74699, 21.13338 ], [ -86.74667, 21.13364 ], [ -86.74651, 21.13379 ], [ -86.74637, 21.13397 ], [ -86.74611, 21.13434 ], [ -86.74605, 21.13453 ], [ -86.74603, 21.1347 ], [ -86.74606, 21.13489 ], [ -86.74612, 21.13511 ], [ -86.74618, 21.13525 ], [ -86.74625, 21.13536 ], [ -86.74636, 21.13546 ], [ -86.74663, 21.13564 ], [ -86.74727, 21.13601 ], [ -86.74808, 21.13654 ], [ -86.74874, 21.13709 ], [ -86.7489, 21.13724 ], [ -86.74918, 21.13757 ], [ -86.74949, 21.13787 ], [ -86.74977, 21.13803 ], [ -86.74993, 21.13809 ], [ -86.75026, 21.13816 ], [ -86.75042, 21.13817 ], [ -86.75085, 21.13813 ], [ -86.7511, 21.13806 ], [ -86.75134, 21.13793 ], [ -86.75167, 21.13766 ], [ -86.75181, 21.13751 ], [ -86.75193, 21.13732 ], [ -86.75203, 21.1371 ], [ -86.75213, 21.13676 ], [ -86.75219, 21.13659 ], [ -86.7523, 21.13625 ], [ -86.75245, 21.13601 ], [ -86.75254, 21.13588 ], [ -86.75276, 21.13566 ], [ -86.75322, 21.13535 ], [ -86.75386, 21.13505 ], [ -86.75431, 21.13492 ], [ -86.75454, 21.13487 ], [ -86.75523, 21.13481 ], [ -86.75657, 21.13484 ], [ -86.75786, 21.13484 ], [ -86.75878, 21.13487 ], [ -86.75946, 21.13492 ], [ -86.75997, 21.13492 ], [ -86.76143, 21.1351 ], [ -86.76288, 21.13546 ], [ -86.76344, 21.13562 ], [ -86.76372, 21.13571 ], [ -86.76476, 21.13609 ], [ -86.76599, 21.13666 ], [ -86.76622, 21.13678 ], [ -86.76665, 21.13704 ], [ -86.76709, 21.13724 ], [ -86.76778, 21.13758 ], [ -86.76983, 21.13871 ], [ -86.77045, 21.13913 ], [ -86.77112, 21.13952 ], [ -86.77153, 21.13979 ], [ -86.77295, 21.14079 ], [ -86.77337, 21.14105 ], [ -86.7737, 21.14133 ], [ -86.77428, 21.14176 ], [ -86.77486, 21.14216 ], [ -86.77552, 21.14258 ], [ -86.77601, 21.14294 ], [ -86.77697, 21.14359 ], [ -86.7775, 21.14386 ], [ -86.77818, 21.1441 ], [ -86.77854, 21.14419 ], [ -86.77932, 21.14428 ], [ -86.78013, 21.14428 ], [ -86.78051, 21.14425 ], [ -86.7809, 21.14417 ], [ -86.78149, 21.14401 ], [ -86.78201, 21.14381 ], [ -86.78351, 21.14313 ], [ -86.78376, 21.14304 ], [ -86.78446, 21.14286 ], [ -86.78532, 21.14278 ], [ -86.78586, 21.14279 ], [ -86.78669, 21.14289 ], [ -86.78718, 21.14301 ], [ -86.78743, 21.1431 ], [ -86.78769, 21.1432 ], [ -86.78854, 21.14364 ], [ -86.78909, 21.14399 ], [ -86.78936, 21.14419 ], [ -86.79004, 21.14491 ], [ -86.79048, 21.14544 ], [ -86.79165, 21.14689 ], [ -86.79241, 21.14778 ], [ -86.79325, 21.14891 ], [ -86.79368, 21.14938 ], [ -86.79387, 21.14963 ], [ -86.79456, 21.15032 ], [ -86.79505, 21.15076 ], [ -86.79696, 21.15222 ], [ -86.79771, 21.15296 ], [ -86.79837, 21.15374 ], [ -86.79903, 21.15449 ], [ -86.79945, 21.15505 ], [ -86.79976, 21.15551 ], [ -86.80029, 21.15614 ], [ -86.80096, 21.15704 ], [ -86.80115, 21.15726 ], [ -86.80149, 21.15762 ], [ -86.80205, 21.15806 ], [ -86.80225, 21.15824 ], [ -86.80288, 21.15856 ], [ -86.80335, 21.15877 ], [ -86.80386, 21.15895 ], [ -86.80416, 21.15902 ], [ -86.80481, 21.15913 ], [ -86.80517, 21.15917 ], [ -86.8056, 21.15917 ], [ -86.80605, 21.15913 ], [ -86.80648, 21.15908 ], [ -86.80725, 21.15892 ], [ -86.80842, 21.15865 ], [ -86.80897, 21.15856 ], [ -86.81049, 21.15821 ], [ -86.81107, 21.15811 ], [ -86.81129, 21.15802 ], [ -86.81517, 21.15717 ], [ -86.81768, 21.15665 ], [ -86.81831, 21.15651 ], [ -86.82034, 21.15608 ], [ -86.82117, 21.15596 ], [ -86.82159, 21.15599 ], [ -86.82243, 21.15626 ], [ -86.82354, 21.15665 ], [ -86.82413, 21.15683 ], [ -86.82525, 21.15722 ], [ -86.82541, 21.15723 ], [ -86.82547, 21.15721 ], [ -86.82552, 21.15716 ], [ -86.82554, 21.15712 ], [ -86.82556, 21.15698 ], [ -86.82548, 21.15656 ], [ -86.82539, 21.15634 ], [ -86.82547, 21.15592 ], [ -86.82531, 21.15423 ], [ -86.82529, 21.15392 ], [ -86.82528, 21.15327 ], [ -86.82515, 21.15166 ], [ -86.82514, 21.15134 ], [ -86.82511, 21.15101 ], [ -86.82493, 21.15066 ], [ -86.82495, 21.15013 ], [ -86.82486, 21.14913 ], [ -86.82477, 21.14872 ], [ -86.82473, 21.14828 ], [ -86.8247, 21.14784 ], [ -86.82481, 21.14737 ], [ -86.82481, 21.1472 ], [ -86.82473, 21.1465 ], [ -86.82458, 21.14611 ], [ -86.82454, 21.14548 ], [ -86.82454, 21.14447 ], [ -86.8247, 21.14433 ], [ -86.82476, 21.14427 ], [ -86.82481, 21.14419 ], [ -86.825, 21.14408 ], [ -86.82515, 21.14406 ], [ -86.82583, 21.14404 ], [ -86.8281, 21.14388 ], [ -86.82837, 21.14388 ], [ -86.82854, 21.14385 ], [ -86.82873, 21.1438 ], [ -86.82889, 21.14371 ], [ -86.82903, 21.14359 ], [ -86.82946, 21.14311 ], [ -86.82959, 21.143 ], [ -86.83044, 21.14239 ], [ -86.83173, 21.14153 ], [ -86.83191, 21.14145 ], [ -86.8323, 21.14136 ], [ -86.83309, 21.14134 ], [ -86.83374, 21.14143 ], [ -86.83405, 21.14145 ], [ -86.83448, 21.14131 ], [ -86.83461, 21.14129 ], [ -86.83477, 21.14128 ], [ -86.83551, 21.1413 ], [ -86.83838, 21.14123 ], [ -86.83986, 21.14122 ], [ -86.84142, 21.14117 ], [ -86.84268, 21.14116 ], [ -86.84458, 21.1411 ], [ -86.84618, 21.14109 ], [ -86.84681, 21.14106 ], [ -86.84835, 21.14104 ], [ -86.8493, 21.1399 ], [ -86.85, 21.13911 ], [ -86.85059, 21.13838 ], [ -86.85242, 21.1362 ], [ -86.85301, 21.13544 ], [ -86.85345, 21.13496 ], [ -86.8546, 21.13355 ], [ -86.85531, 21.13355 ], [ -86.85654, 21.13348 ], [ -86.86072, 21.13336 ], [ -86.86074, 21.13458 ], [ -86.86078, 21.13531 ], [ -86.86105, 21.13531 ], [ -86.86379, 21.13523 ], [ -86.86459, 21.13549 ], [ -86.8651, 21.13569 ], [ -86.86564, 21.13585 ], [ -86.86576, 21.13587 ], [ -86.86657, 21.13588 ], [ -86.86733, 21.13692 ], [ -86.86744, 21.13706 ], [ -86.86757, 21.13715 ], [ -86.86813, 21.13716 ], [ -86.8702, 21.13707 ], [ -86.8722, 21.13705 ], [ -86.87253, 21.13702 ], [ -86.87355, 21.13701 ], [ -86.87567, 21.13693 ], [ -86.87668, 21.13691 ], [ -86.87689, 21.13692 ], [ -86.87923, 21.13686 ], [ -86.87954, 21.13684 ], [ -86.88187, 21.1368 ], [ -86.88236, 21.13677 ], [ -86.8825, 21.1368 ], [ -86.88252, 21.13708 ], [ -86.88253, 21.13737 ], [ -86.8825, 21.13889 ], [ -86.88251, 21.13902 ], [ -86.88313, 21.13902 ], [ -86.88448, 21.13897 ], [ -86.88553, 21.13896 ], [ -86.88765, 21.13888 ], [ -86.888, 21.13888 ], [ -86.888, 21.13912 ], [ -86.88803, 21.14019 ], [ -86.8881, 21.14027 ], [ -86.8901, 21.14031 ], [ -86.89266, 21.14032 ], [ -86.89428, 21.14036 ], [ -86.89439, 21.14039 ], [ -86.89448, 21.14036 ], [ -86.89451, 21.14032 ], [ -86.89443, 21.14021 ], [ -86.8943, 21.13998 ], [ -86.89426, 21.14 ], [ -86.89435, 21.14015 ], [ -86.89437, 21.14023 ], [ -86.89433, 21.14025 ], [ -86.89426, 21.14026 ], [ -86.89225, 21.14022 ], [ -86.88808, 21.14012 ], [ -86.88806, 21.13879 ], [ -86.88654, 21.13881 ], [ -86.88419, 21.1389 ], [ -86.88263, 21.13893 ], [ -86.88263, 21.13724 ], [ -86.88265, 21.13679 ], [ -86.88264, 21.13673 ], [ -86.88257, 21.13671 ], [ -86.8817, 21.13676 ], [ -86.88015, 21.13681 ], [ -86.87914, 21.13682 ], [ -86.87873, 21.13685 ], [ -86.87858, 21.13684 ], [ -86.87696, 21.13688 ], [ -86.87659, 21.13686 ], [ -86.87359, 21.13693 ], [ -86.87269, 21.13698 ], [ -86.86903, 21.1371 ], [ -86.86821, 21.1371 ], [ -86.8681, 21.13711 ], [ -86.86777, 21.13669 ], [ -86.86689, 21.13549 ], [ -86.86664, 21.13563 ], [ -86.86637, 21.13581 ], [ -86.86593, 21.13582 ], [ -86.86577, 21.13581 ], [ -86.86564, 21.13577 ], [ -86.86389, 21.13518 ], [ -86.86084, 21.13522 ], [ -86.86083, 21.13436 ], [ -86.86081, 21.13398 ], [ -86.86081, 21.13344 ], [ -86.86079, 21.13332 ], [ -86.86078, 21.13278 ], [ -86.86075, 21.13273 ], [ -86.85769, 21.13281 ], [ -86.85567, 21.13289 ], [ -86.85508, 21.13289 ], [ -86.85453, 21.13342 ], [ -86.85428, 21.13374 ], [ -86.85359, 21.13454 ], [ -86.85164, 21.13692 ], [ -86.85123, 21.13739 ], [ -86.85097, 21.13772 ], [ -86.85069, 21.13803 ], [ -86.84919, 21.13984 ], [ -86.84836, 21.14082 ], [ -86.84822, 21.14096 ], [ -86.84606, 21.14096 ], [ -86.84578, 21.14098 ], [ -86.84527, 21.14098 ], [ -86.84324, 21.14103 ], [ -86.84053, 21.14106 ], [ -86.83886, 21.1411 ], [ -86.838, 21.1411 ], [ -86.8371, 21.14114 ], [ -86.83548, 21.14115 ], [ -86.8344, 21.14118 ], [ -86.83417, 21.14116 ], [ -86.83384, 21.14109 ], [ -86.83325, 21.14117 ], [ -86.83289, 21.1412 ], [ -86.83222, 21.14123 ], [ -86.83202, 21.14127 ], [ -86.83183, 21.14134 ], [ -86.83147, 21.14154 ], [ -86.83052, 21.14221 ], [ -86.82955, 21.14284 ], [ -86.82859, 21.1435 ], [ -86.82838, 21.14361 ], [ -86.82789, 21.14374 ], [ -86.82728, 21.1438 ], [ -86.82496, 21.14392 ], [ -86.8248, 21.14387 ], [ -86.82458, 21.14366 ], [ -86.8244, 21.14362 ], [ -86.82428, 21.14362 ], [ -86.82416, 21.14363 ], [ -86.82406, 21.14368 ], [ -86.82397, 21.14376 ], [ -86.8239, 21.14386 ], [ -86.82372, 21.14399 ], [ -86.82335, 21.14406 ], [ -86.82332, 21.14411 ], [ -86.82333, 21.14417 ], [ -86.82383, 21.14451 ], [ -86.82402, 21.14466 ], [ -86.8241, 21.14475 ], [ -86.82415, 21.14484 ], [ -86.82419, 21.14504 ], [ -86.82432, 21.14676 ], [ -86.82441, 21.14812 ], [ -86.8245, 21.14906 ], [ -86.82441, 21.1493 ], [ -86.82418, 21.14962 ], [ -86.82415, 21.14969 ], [ -86.82414, 21.14978 ], [ -86.82416, 21.14987 ], [ -86.82421, 21.14995 ], [ -86.82452, 21.15031 ], [ -86.82457, 21.1504 ], [ -86.8246, 21.1505 ], [ -86.82465, 21.15089 ], [ -86.82468, 21.15148 ], [ -86.82475, 21.15193 ], [ -86.8248, 21.15257 ], [ -86.82483, 21.1535 ], [ -86.82497, 21.1547 ], [ -86.82505, 21.15583 ], [ -86.825, 21.15612 ], [ -86.82489, 21.15627 ], [ -86.8248, 21.15632 ], [ -86.8247, 21.15636 ], [ -86.82458, 21.15639 ], [ -86.82445, 21.15636 ], [ -86.82336, 21.15602 ], [ -86.82222, 21.1556 ], [ -86.82185, 21.15549 ], [ -86.82158, 21.15544 ], [ -86.82092, 21.15541 ], [ -86.8204, 21.1555 ], [ -86.82014, 21.15557 ], [ -86.81857, 21.15588 ], [ -86.8183, 21.15599 ], [ -86.81725, 21.15656 ], [ -86.81692, 21.15669 ], [ -86.81657, 21.15677 ], [ -86.8125, 21.15764 ], [ -86.80869, 21.1585 ], [ -86.80668, 21.15893 ], [ -86.8063, 21.159 ], [ -86.80591, 21.15905 ], [ -86.80553, 21.15906 ], [ -86.80513, 21.15906 ], [ -86.80471, 21.15902 ], [ -86.80401, 21.15887 ], [ -86.80336, 21.15867 ], [ -86.80307, 21.15854 ], [ -86.80249, 21.15824 ], [ -86.80222, 21.15807 ], [ -86.80196, 21.15788 ], [ -86.80149, 21.15746 ], [ -86.80105, 21.15697 ], [ -86.80085, 21.15672 ], [ -86.8005, 21.15621 ], [ -86.79915, 21.15441 ], [ -86.79786, 21.15286 ], [ -86.79734, 21.15239 ], [ -86.79707, 21.15216 ], [ -86.7959, 21.15128 ], [ -86.79503, 21.1506 ], [ -86.79475, 21.15036 ], [ -86.79423, 21.14984 ], [ -86.79375, 21.14929 ], [ -86.79285, 21.1481 ], [ -86.79143, 21.14635 ], [ -86.78991, 21.14458 ], [ -86.78963, 21.1443 ], [ -86.78935, 21.14405 ], [ -86.78905, 21.14383 ], [ -86.78838, 21.14342 ], [ -86.78767, 21.14308 ], [ -86.78734, 21.14296 ], [ -86.78652, 21.14275 ], [ -86.78623, 21.14271 ], [ -86.78535, 21.14266 ], [ -86.78502, 21.14269 ], [ -86.78392, 21.14286 ], [ -86.78274, 21.14314 ], [ -86.78236, 21.14326 ], [ -86.78167, 21.14344 ], [ -86.7809, 21.14351 ], [ -86.77971, 21.14351 ], [ -86.77889, 21.14345 ], [ -86.77849, 21.14339 ], [ -86.77771, 21.14323 ], [ -86.77735, 21.14314 ], [ -86.77639, 21.14283 ], [ -86.77582, 21.14258 ], [ -86.7753, 21.14231 ], [ -86.77431, 21.14166 ], [ -86.7734, 21.14096 ], [ -86.77317, 21.14079 ], [ -86.77292, 21.14064 ], [ -86.77178, 21.13982 ], [ -86.76915, 21.13812 ], [ -86.76829, 21.13772 ], [ -86.76646, 21.13678 ], [ -86.76583, 21.13643 ], [ -86.7646, 21.13589 ], [ -86.76336, 21.13546 ], [ -86.76173, 21.13503 ], [ -86.76128, 21.13485 ], [ -86.76107, 21.13479 ], [ -86.7609, 21.13476 ], [ -86.76056, 21.13479 ], [ -86.75914, 21.13477 ], [ -86.75805, 21.13469 ], [ -86.75705, 21.13468 ], [ -86.75646, 21.13472 ], [ -86.75522, 21.13469 ], [ -86.75501, 21.1347 ], [ -86.75455, 21.13476 ], [ -86.75405, 21.13487 ], [ -86.75347, 21.13509 ], [ -86.75286, 21.13543 ], [ -86.75125, 21.13656 ], [ -86.75098, 21.13671 ], [ -86.75071, 21.1368 ], [ -86.75026, 21.13688 ], [ -86.75009, 21.13687 ], [ -86.74973, 21.13681 ], [ -86.74936, 21.13668 ], [ -86.74904, 21.13647 ], [ -86.74869, 21.1362 ], [ -86.74855, 21.13603 ], [ -86.74832, 21.13569 ], [ -86.74823, 21.1355 ], [ -86.74809, 21.13513 ], [ -86.74804, 21.13496 ], [ -86.74801, 21.13471 ], [ -86.74801, 21.13427 ], [ -86.74817, 21.13369 ], [ -86.74852, 21.13272 ], [ -86.74859, 21.13253 ], [ -86.74887, 21.13199 ], [ -86.74904, 21.13159 ], [ -86.74964, 21.13061 ], [ -86.74997, 21.13014 ], [ -86.7502, 21.12983 ], [ -86.75061, 21.12937 ], [ -86.75106, 21.12883 ], [ -86.75143, 21.12848 ], [ -86.7529, 21.12724 ], [ -86.75327, 21.12684 ], [ -86.75347, 21.1266 ], [ -86.75383, 21.12613 ], [ -86.75419, 21.12562 ], [ -86.75434, 21.12538 ], [ -86.75485, 21.12432 ], [ -86.75514, 21.12339 ], [ -86.75518, 21.12315 ], [ -86.75527, 21.12242 ], [ -86.75531, 21.12224 ], [ -86.75551, 21.12188 ], [ -86.75604, 21.12109 ], [ -86.75618, 21.12081 ], [ -86.75644, 21.12026 ], [ -86.7566, 21.12 ], [ -86.75668, 21.11987 ], [ -86.75708, 21.11936 ], [ -86.75728, 21.11903 ], [ -86.75732, 21.11886 ], [ -86.75736, 21.1188 ], [ -86.75737, 21.11865 ], [ -86.75736, 21.11824 ], [ -86.75732, 21.11762 ], [ -86.75734, 21.11751 ], [ -86.75737, 21.11746 ], [ -86.75742, 21.11731 ], [ -86.75758, 21.117 ], [ -86.75808, 21.1162 ], [ -86.75857, 21.11533 ], [ -86.75892, 21.11501 ], [ -86.75914, 21.11484 ], [ -86.75919, 21.11483 ], [ -86.75938, 21.11465 ], [ -86.76066, 21.11335 ], [ -86.76134, 21.11269 ], [ -86.76169, 21.11231 ], [ -86.76174, 21.11221 ], [ -86.76214, 21.11173 ], [ -86.76233, 21.11135 ], [ -86.76255, 21.11099 ], [ -86.76288, 21.11035 ], [ -86.76296, 21.11013 ], [ -86.76325, 21.1095 ], [ -86.76329, 21.10937 ], [ -86.7633, 21.10916 ], [ -86.76337, 21.10875 ], [ -86.76343, 21.10854 ], [ -86.76352, 21.10791 ], [ -86.7637, 21.10713 ], [ -86.76371, 21.10679 ], [ -86.76436, 21.10546 ], [ -86.76478, 21.1047 ], [ -86.76529, 21.10368 ], [ -86.76541, 21.10349 ], [ -86.76613, 21.10218 ], [ -86.7668, 21.10088 ], [ -86.76718, 21.10027 ], [ -86.76768, 21.09928 ], [ -86.7678, 21.0991 ], [ -86.76797, 21.09876 ], [ -86.76848, 21.0977 ], [ -86.76912, 21.09619 ], [ -86.76954, 21.09534 ], [ -86.76975, 21.09473 ], [ -86.76995, 21.09434 ], [ -86.77008, 21.09398 ], [ -86.77031, 21.09341 ], [ -86.77069, 21.09265 ], [ -86.77085, 21.09235 ], [ -86.77101, 21.09213 ], [ -86.77145, 21.09123 ], [ -86.77176, 21.09071 ], [ -86.77179, 21.09059 ], [ -86.77251, 21.08925 ], [ -86.77267, 21.08888 ], [ -86.77311, 21.08808 ], [ -86.77329, 21.08765 ], [ -86.77356, 21.08699 ], [ -86.77386, 21.08611 ], [ -86.77401, 21.08548 ], [ -86.77452, 21.08442 ], [ -86.77465, 21.08404 ], [ -86.77478, 21.08377 ], [ -86.77491, 21.08344 ], [ -86.77549, 21.08211 ], [ -86.77572, 21.08149 ], [ -86.77584, 21.08105 ], [ -86.77594, 21.08078 ], [ -86.77604, 21.08035 ], [ -86.77633, 21.07941 ], [ -86.77656, 21.07874 ], [ -86.77665, 21.0784 ], [ -86.77689, 21.07772 ], [ -86.7771, 21.07692 ], [ -86.77736, 21.07612 ], [ -86.77767, 21.07508 ], [ -86.77783, 21.07466 ], [ -86.77839, 21.07381 ], [ -86.77906, 21.07274 ], [ -86.7794, 21.07224 ], [ -86.77949, 21.07208 ], [ -86.78022, 21.07099 ], [ -86.78075, 21.07012 ], [ -86.78091, 21.0698 ], [ -86.781, 21.06929 ], [ -86.781, 21.0688 ], [ -86.78097, 21.06863 ], [ -86.78089, 21.0683 ], [ -86.78066, 21.06782 ], [ -86.78043, 21.06727 ], [ -86.78009, 21.06633 ], [ -86.77994, 21.06576 ], [ -86.7798, 21.06493 ], [ -86.77978, 21.06471 ], [ -86.7798, 21.06399 ], [ -86.7798, 21.0635 ], [ -86.77976, 21.06326 ], [ -86.77959, 21.06255 ], [ -86.77957, 21.06231 ], [ -86.77957, 21.0621 ], [ -86.77959, 21.06189 ], [ -86.77964, 21.06169 ], [ -86.77975, 21.06133 ], [ -86.77998, 21.06081 ], [ -86.78008, 21.06064 ], [ -86.78019, 21.06047 ], [ -86.78041, 21.06028 ], [ -86.78082, 21.05987 ], [ -86.78115, 21.0596 ], [ -86.78135, 21.05941 ], [ -86.78152, 21.05921 ], [ -86.78167, 21.05897 ], [ -86.78174, 21.05883 ], [ -86.78192, 21.05822 ], [ -86.78199, 21.0579 ], [ -86.78218, 21.05725 ], [ -86.78239, 21.0566 ], [ -86.7826, 21.05612 ], [ -86.78264, 21.05595 ], [ -86.7827, 21.0556 ], [ -86.78271, 21.05541 ], [ -86.78269, 21.05503 ], [ -86.78277, 21.05375 ], [ -86.78286, 21.05303 ], [ -86.78302, 21.05109 ], [ -86.78306, 21.05073 ], [ -86.78312, 21.04999 ], [ -86.78318, 21.0496 ], [ -86.78325, 21.04926 ], [ -86.78331, 21.04888 ], [ -86.7834, 21.04754 ], [ -86.78338, 21.04706 ], [ -86.78335, 21.04682 ], [ -86.78324, 21.04509 ], [ -86.78311, 21.04352 ], [ -86.78309, 21.04313 ], [ -86.78313, 21.04225 ], [ -86.78318, 21.04191 ], [ -86.78331, 21.04124 ], [ -86.78331, 21.04114 ], [ -86.78328, 21.04107 ], [ -86.78318, 21.04098 ], [ -86.78309, 21.04098 ], [ -86.78301, 21.04104 ], [ -86.78293, 21.04116 ], [ -86.78288, 21.04133 ], [ -86.78285, 21.0417 ], [ -86.78286, 21.04194 ], [ -86.78291, 21.04226 ] ] } },
{ "type": "Feature", "properties": { "ciudad_nombre": "Cancún", "encodedLine": "gea`C|z|pOyL`@w@?_@GeAq@UI]BUL{@x@WJe@H{AHsBDmHVmBD{ET}EPkAQ]i@Gg@lDsNLkARw@Uq@a@Me@NoC?aLWwQm@iHY}AYsA?Mr@v@pDM|CCbEBf@Cp@\\\\h@J~B_@lAUx@g@Rw@Ve@DaBFy@?{@FiN`@kBFiCBoDPwA?oAl@a@FsIZk@?aAMsAHSNa@\\\\GPyAn@yFpB{DnAq@j@Ih@IPWPeCjAyCrAuNzGgEdB{@f@u@ZwFnCoItDkJlEH^l@zAxCzHPn@dA~B`CpG`AjCnAjCzC`GnApDbGrOnAhDfAfEvCxH`BhEbBfE_CfAuN|G_DrAoHtD{CpAeF`CwHjDiUvKkQ`ImB|@iBoEyBoFkE}Jc@_Cs@eBi@s@u@i@k@Ya@[SYIEGD?HJPb@b@nA|@Vb@^pB`@p@dA`B^z@`CrGlGvNn@fBlHfQ|DjJn@dB|D|JbC~FzBfFKT@VRLTD`HdP`BrDEHSJsCtAaCpAYNOe@U_@{DyJuBz@sMbG}CsHGOyBz@mAn@a@`@e@LQTE\\\\L^k@bBa@p@s@`@_FfBgA`@k@Rj@`Bt@lBpAbD`A`C~BzFhAvCmGxCuAoD{B_GiFmMjHgCGg@oChAgDpA`G`OtAhDpBhF_FrCy@ZNTb@UnFqCdHkDgCiGgBiEkB_F_BoE`JkDh@q@j@cA\\\\}@d@ATa@E]U[Zc@n@WjCoAhD`IzGgDdH{Cr@bBtCdHRl@JJJ?nCuAbE{B?OyFqM}AuDk@sA@YAQIS[MuB_FkEaKyE}L_EkJ}EyLqAeD~JoErFcCbZoNlSgJdEuBv@_@hKyEbEqB`EoBf@W}CwHeEwKgAqEaB_EqG{PkA_DiCmEoAgDwA_Ew@uBu@eBu@sBQ_@gAwCiCoGn@WzGcD~FkCpLqFrCwAvAk@~FoCtHiDnD{AdAk@NYFUBa@BIpBy@vEcBbA]hAc@zAi@f@_@|AKzAAvDSpCC`@AjALrACvFKfCE~Ka@vISlCQ^RPDl@?l@Ix@u@dBUfL[dGMdHOnALfAA~@Wl@GL?\\\\RlKc@tCIbBA|CMlDIp@Gp@]f@AnABjDOjF]n@AZDb@Nh@@|CQd@ShAOj@C~FAPZLLNJ`@DRCTIPONSF[@_@Ie@m@i@Q]G[A_@IUUDw@xAq@x@_@NqBHgDJ", "data.route.shortName": "Villas Otoch  - Av. Tulum", "data.route.longName": "28_Villas Otoch  - Av. Tulum", "slug": "ruta-28-villas-otoch-av-tulum.4et", "type": "Bus", "color": null, "trips": [ ], "shape_id": "shape_2289" }, "geometry": { "type": "LineString", "coordinates": [ [ -86.82431, 21.1466 ], [ -86.82448, 21.14881 ], [ -86.82448, 21.14909 ], [ -86.82444, 21.14925 ], [ -86.82419, 21.1496 ], [ -86.82414, 21.14971 ], [ -86.82416, 21.14986 ], [ -86.82423, 21.14997 ], [ -86.82452, 21.15027 ], [ -86.82458, 21.15039 ], [ -86.82463, 21.15058 ], [ -86.82468, 21.15104 ], [ -86.82471, 21.15162 ], [ -86.82483, 21.15313 ], [ -86.82486, 21.15368 ], [ -86.82497, 21.15478 ], [ -86.82506, 21.15589 ], [ -86.82497, 21.15627 ], [ -86.82476, 21.15642 ], [ -86.82456, 21.15646 ], [ -86.82206, 21.15559 ], [ -86.82168, 21.15552 ], [ -86.8214, 21.15542 ], [ -86.82115, 21.15553 ], [ -86.82108, 21.1557 ], [ -86.82116, 21.15589 ], [ -86.82116, 21.15661 ], [ -86.82104, 21.1587 ], [ -86.82081, 21.1617 ], [ -86.82068, 21.16319 ], [ -86.82055, 21.16366 ], [ -86.82055, 21.16408 ], [ -86.82081, 21.16415 ], [ -86.8217, 21.16387 ], [ -86.82249, 21.16394 ], [ -86.82347, 21.16396 ], [ -86.82367, 21.16394 ], [ -86.82392, 21.16396 ], [ -86.82413, 21.16381 ], [ -86.82477, 21.16375 ], [ -86.82516, 21.16391 ], [ -86.82545, 21.16402 ], [ -86.82555, 21.16422 ], [ -86.82567, 21.1645 ], [ -86.8257, 21.16469 ], [ -86.82574, 21.16518 ], [ -86.82574, 21.16547 ], [ -86.82578, 21.16577 ], [ -86.82595, 21.16822 ], [ -86.82599, 21.16876 ], [ -86.82601, 21.16945 ], [ -86.8261, 21.17033 ], [ -86.8261, 21.17077 ], [ -86.82633, 21.17117 ], [ -86.82637, 21.17134 ], [ -86.82651, 21.17304 ], [ -86.82651, 21.17326 ], [ -86.82644, 21.17359 ], [ -86.82649, 21.17401 ], [ -86.82657, 21.17411 ], [ -86.82672, 21.17428 ], [ -86.82681, 21.17432 ], [ -86.82705, 21.17477 ], [ -86.82762, 21.17602 ], [ -86.82802, 21.17696 ], [ -86.82824, 21.17721 ], [ -86.82845, 21.17726 ], [ -86.82854, 21.17731 ], [ -86.82863, 21.17743 ], [ -86.82901, 21.1781 ], [ -86.82943, 21.17887 ], [ -86.83085, 21.18138 ], [ -86.83136, 21.18238 ], [ -86.83156, 21.18268 ], [ -86.8317, 21.18295 ], [ -86.83242, 21.18419 ], [ -86.83333, 21.18587 ], [ -86.83436, 21.18769 ], [ -86.83452, 21.18764 ], [ -86.83498, 21.18741 ], [ -86.83656, 21.18664 ], [ -86.8368, 21.18655 ], [ -86.83744, 21.1862 ], [ -86.83881, 21.18555 ], [ -86.83951, 21.18522 ], [ -86.84021, 21.18482 ], [ -86.8415, 21.18404 ], [ -86.84239, 21.18364 ], [ -86.84505, 21.18234 ], [ -86.8459, 21.18194 ], [ -86.8469, 21.18158 ], [ -86.84847, 21.18082 ], [ -86.84948, 21.18033 ], [ -86.85048, 21.17983 ], [ -86.85084, 21.18047 ], [ -86.85227, 21.18298 ], [ -86.85269, 21.18378 ], [ -86.8536, 21.1853 ], [ -86.85401, 21.18608 ], [ -86.85466, 21.18723 ], [ -86.85552, 21.18879 ], [ -86.85756, 21.19236 ], [ -86.85917, 21.1953 ], [ -86.85948, 21.19585 ], [ -86.85844, 21.19638 ], [ -86.85724, 21.19699 ], [ -86.85533, 21.19801 ], [ -86.85469, 21.19819 ], [ -86.85418, 21.19845 ], [ -86.85392, 21.19866 ], [ -86.85371, 21.19893 ], [ -86.85358, 21.19915 ], [ -86.85344, 21.19932 ], [ -86.85331, 21.19942 ], [ -86.85328, 21.19947 ], [ -86.85331, 21.19951 ], [ -86.85336, 21.19951 ], [ -86.85345, 21.19945 ], [ -86.85363, 21.19927 ], [ -86.85394, 21.19887 ], [ -86.85412, 21.19875 ], [ -86.85469, 21.19859 ], [ -86.85494, 21.19842 ], [ -86.85543, 21.19807 ], [ -86.85573, 21.19791 ], [ -86.85711, 21.19726 ], [ -86.85963, 21.19591 ], [ -86.86015, 21.19567 ], [ -86.86307, 21.19416 ], [ -86.86489, 21.19321 ], [ -86.8654, 21.19297 ], [ -86.86731, 21.19202 ], [ -86.86859, 21.19136 ], [ -86.86975, 21.19074 ], [ -86.86986, 21.1908 ], [ -86.86998, 21.19079 ], [ -86.87005, 21.19069 ], [ -86.87008, 21.19058 ], [ -86.87283, 21.18913 ], [ -86.87373, 21.18864 ], [ -86.87378, 21.18867 ], [ -86.87384, 21.18877 ], [ -86.87427, 21.18951 ], [ -86.87468, 21.19016 ], [ -86.87476, 21.19029 ], [ -86.87457, 21.19037 ], [ -86.87441, 21.19048 ], [ -86.87252, 21.19142 ], [ -86.87282, 21.19201 ], [ -86.87412, 21.19435 ], [ -86.87258, 21.19514 ], [ -86.8725, 21.19518 ], [ -86.8728, 21.19579 ], [ -86.87304, 21.19618 ], [ -86.87321, 21.19635 ], [ -86.87328, 21.19654 ], [ -86.87339, 21.19663 ], [ -86.87354, 21.19666 ], [ -86.8737, 21.19659 ], [ -86.8742, 21.19681 ], [ -86.87445, 21.19698 ], [ -86.87462, 21.19724 ], [ -86.87514, 21.19836 ], [ -86.87531, 21.19872 ], [ -86.87541, 21.19894 ], [ -86.8759, 21.19872 ], [ -86.87645, 21.19845 ], [ -86.87727, 21.19804 ], [ -86.87792, 21.19771 ], [ -86.87918, 21.19707 ], [ -86.87994, 21.1967 ], [ -86.88071, 21.19805 ], [ -86.87983, 21.19848 ], [ -86.87855, 21.1991 ], [ -86.87624, 21.20027 ], [ -86.87556, 21.19877 ], [ -86.87536, 21.19881 ], [ -86.87573, 21.19953 ], [ -86.87614, 21.20037 ], [ -86.87871, 21.19908 ], [ -86.87956, 21.19865 ], [ -86.88073, 21.19808 ], [ -86.88147, 21.1992 ], [ -86.88161, 21.19949 ], [ -86.88172, 21.19941 ], [ -86.88161, 21.19923 ], [ -86.88088, 21.19803 ], [ -86.88002, 21.19656 ], [ -86.87869, 21.19724 ], [ -86.87768, 21.19776 ], [ -86.87656, 21.1983 ], [ -86.87552, 21.19878 ], [ -86.87466, 21.19701 ], [ -86.87441, 21.1968 ], [ -86.87407, 21.19658 ], [ -86.87376, 21.19643 ], [ -86.87375, 21.19624 ], [ -86.87358, 21.19613 ], [ -86.87343, 21.19616 ], [ -86.87329, 21.19627 ], [ -86.87311, 21.19613 ], [ -86.87299, 21.19589 ], [ -86.87259, 21.19519 ], [ -86.8742, 21.19434 ], [ -86.87336, 21.19292 ], [ -86.87258, 21.19145 ], [ -86.87308, 21.19119 ], [ -86.87455, 21.19044 ], [ -86.87478, 21.19034 ], [ -86.87484, 21.19028 ], [ -86.87484, 21.19022 ], [ -86.87441, 21.1895 ], [ -86.87379, 21.18852 ], [ -86.87371, 21.18852 ], [ -86.87138, 21.18977 ], [ -86.87047, 21.19024 ], [ -86.87005, 21.19046 ], [ -86.86992, 21.19045 ], [ -86.86983, 21.19046 ], [ -86.86973, 21.19051 ], [ -86.86966, 21.19065 ], [ -86.86854, 21.19124 ], [ -86.86661, 21.19226 ], [ -86.86438, 21.19335 ], [ -86.86256, 21.19431 ], [ -86.86035, 21.19542 ], [ -86.85952, 21.19583 ], [ -86.85848, 21.19391 ], [ -86.85782, 21.19269 ], [ -86.85534, 21.18835 ], [ -86.85354, 21.18508 ], [ -86.85295, 21.18409 ], [ -86.85279, 21.18381 ], [ -86.8517, 21.18184 ], [ -86.85113, 21.18086 ], [ -86.85057, 21.17989 ], [ -86.85045, 21.17969 ], [ -86.84889, 21.18048 ], [ -86.84685, 21.18147 ], [ -86.8458, 21.18183 ], [ -86.84484, 21.18232 ], [ -86.84198, 21.18369 ], [ -86.84118, 21.18407 ], [ -86.84015, 21.18476 ], [ -86.83931, 21.18516 ], [ -86.83835, 21.1856 ], [ -86.83776, 21.18588 ], [ -86.83725, 21.18615 ], [ -86.83667, 21.18642 ], [ -86.83651, 21.18651 ], [ -86.83575, 21.18687 ], [ -86.83439, 21.18756 ], [ -86.83427, 21.18732 ], [ -86.83345, 21.1859 ], [ -86.83275, 21.18462 ], [ -86.83154, 21.18245 ], [ -86.8311, 21.18171 ], [ -86.83088, 21.18127 ], [ -86.83016, 21.17999 ], [ -86.82931, 21.17844 ], [ -86.82885, 21.17756 ], [ -86.82863, 21.17721 ], [ -86.8285, 21.17713 ], [ -86.82839, 21.17709 ], [ -86.82822, 21.17707 ], [ -86.82817, 21.17705 ], [ -86.82788, 21.17648 ], [ -86.82738, 21.1754 ], [ -86.82723, 21.17506 ], [ -86.82705, 21.17469 ], [ -86.82684, 21.17423 ], [ -86.82668, 21.17403 ], [ -86.82662, 21.17356 ], [ -86.82661, 21.1731 ], [ -86.82651, 21.17218 ], [ -86.82649, 21.17145 ], [ -86.82648, 21.17128 ], [ -86.82655, 21.1709 ], [ -86.82653, 21.17048 ], [ -86.82647, 21.16924 ], [ -86.82644, 21.16856 ], [ -86.82627, 21.16648 ], [ -86.82617, 21.16476 ], [ -86.82608, 21.16405 ], [ -86.82618, 21.16389 ], [ -86.82621, 21.1638 ], [ -86.82621, 21.16357 ], [ -86.82616, 21.16334 ], [ -86.82589, 21.16305 ], [ -86.82578, 21.16254 ], [ -86.82564, 21.16042 ], [ -86.82557, 21.15911 ], [ -86.82549, 21.15764 ], [ -86.82556, 21.15724 ], [ -86.82555, 21.15688 ], [ -86.82543, 21.15656 ], [ -86.82539, 21.15633 ], [ -86.82539, 21.15626 ], [ -86.82549, 21.15611 ], [ -86.82531, 21.15412 ], [ -86.82526, 21.15337 ], [ -86.82525, 21.15287 ], [ -86.82518, 21.15208 ], [ -86.82513, 21.15121 ], [ -86.82509, 21.15096 ], [ -86.82494, 21.15071 ], [ -86.82493, 21.15051 ], [ -86.82495, 21.15011 ], [ -86.82487, 21.14925 ], [ -86.82472, 21.14807 ], [ -86.82471, 21.14783 ], [ -86.82474, 21.14769 ], [ -86.82482, 21.14751 ], [ -86.82483, 21.1473 ], [ -86.82474, 21.14651 ], [ -86.82464, 21.14632 ], [ -86.82456, 21.14595 ], [ -86.82454, 21.14573 ], [ -86.82453, 21.14445 ], [ -86.82467, 21.14436 ], [ -86.82474, 21.14429 ], [ -86.8248, 21.14421 ], [ -86.82483, 21.14404 ], [ -86.82481, 21.14394 ], [ -86.82476, 21.14383 ], [ -86.82468, 21.14374 ], [ -86.82458, 21.14366 ], [ -86.82444, 21.14362 ], [ -86.82428, 21.14361 ], [ -86.82409, 21.14366 ], [ -86.82388, 21.14389 ], [ -86.82373, 21.14398 ], [ -86.82359, 21.14402 ], [ -86.82343, 21.14403 ], [ -86.82332, 21.14408 ], [ -86.82335, 21.14419 ], [ -86.8238, 21.14447 ], [ -86.82409, 21.14472 ], [ -86.82417, 21.14488 ], [ -86.82422, 21.14545 ], [ -86.82428, 21.14629 ] ] } },
{ "type": "Feature", "properties": { "ciudad_nombre": "Cancún", "encodedLine": "yzl_CfxtpO{Oh@_KVkFOk]yAoOw@ePuCi@Me@Oa@U_@Y}CkDq@q@YWy@c@a@Se@OiDw@i@IwAOk@C{ABm@B}ARg[tEsAJc@@_@E_Co@qD_AmBi@kBu@g@[c@UmAw@sEmC_By@e@[y@q@mB]eBU_B_@gB[iBa@eC_@_Ck@eFgAeIkBmAOQKUCaAYsI{CaCk@kDkAaFgAm@OoHgCmG_CqEoBiDuAwFmCqFkBcDaAqAe@uA_@wBy@cDaAsBw@oE}AsAi@e@YiD{AiDaBcSyIsCiAaBs@uFuBeACg@EcC[iCc@gDc@yDeAeCeAeAi@_CyA}AmAu@{@]q@e@k@wCuBo@y@aCuBIQwAcBYSiBy@sDmBwAm@s@M]Cc@?gBJaAEWGs@a@qAaA{@i@iBu@iA[cAc@[S}@a@qAaAu@_@[KaAKiBAe@EoB_@qA[i@Qg@SiD{A_CyAeCoBc@c@gBqBcAwAgAwAwC{CuAy@aBqAiBmAcDkCwBmByAaAg@_@}A_Bu@}@s@_A]_@c@[iAs@e@Ka@Ce@Dk@J[JULe@n@{AzCiB`DmBbC]^aAv@{@|@_@v@K^M`AA^FtALp@Xn@t@`A\\\\Zd@Vj@RbAR`@JbATn@\\\\XPj@j@|@zAz@~BXxAHl@JhCEjG?`GEvDIfC?dBc@bHgA`H_@nBQv@kAnEqBtFWl@s@tAg@vAcAhCaFxKsAzBmAdCu@pAgEzGs@rAw@`AuArBoArBsAbCgA`BaC~Du@hBo@fCQfAQzC?`DDjANlA^tBf@fBfCjHPp@b@jCNjDAjBSdDW`BQp@Sr@wAhDeAlBg@t@oCfCiBvAaHhFqDvCaFfD}AtAq@d@iChCwA`BcH|JsCtC{CbCuCbCoBrA{A|@}BhBsDdCk@d@gAbAwAnBc@f@_A|Bi@|Ac@dBYzBI`AGfA?tAFxAHtA^xCt@hFPlBdAnHRrBPj@hDfWfBtNZ|BtAtKTdD?t@E`@Kf@}CrMYfAy@tDuCdMa@hB[lCA^JP\\\\ZTb@\\\\z@\\\\pAhDjPrBhJBdAA\\\\CVBV`@`Ar@dARd@Rv@nCrMbFlUHn@Ep@o@~@{LtM{C~CeDpDuDvDcBxAkDtCkAhA_DdDm@h@aAn@YFQHUp@_@`AqAxA}C~CmBvBmGtGwd@lT_GlCmk@~WmCxBw@j@eAh@uFbCcT|JiAp@qBxA_I|CkAh@{BpAyBxAaAf@]FW?SMeEqJoBmFYo@KCED@Th@vA|AfDdEzJF\\\\MNAZ\\\\Lb@O^g@`HwDjBgA~BcAbF_BVWn@q@h@a@z@i@fAi@bImDlFmC|Ao@hF_CxBwA~AsAn@c@lCsAnCqApCiApPaIfEoBnAq@`DuAnOiHbI_EpLmFpAq@p@g@xCcDjBeBdDqDbCgCfBuAV?TIHKNi@\\\\{@^k@hBcBfDkDxDgDvBmBlByBtBuBvIkJjBmB|GyGvDgEX_@HU@WkAyD]wA_DkN_DeOK{@Mi@i@aBm@{C_BuGOqACg@YkBMaASwD?aAFaALeAkAsGmAkGDm@Hg@Hm@B@D[L_AHuA^uBPaAj@}BfA_EPiAF_A?wAQgBMs@}@yHUu@qBqEYaAOeAmDmXkDyVuAqKMkAImAAkA?oAFsALiA`@cCT_AXy@z@sB`@u@d@s@rA}A`BwAp@g@dBeAfJmGtHaG|AgBl@u@nDiFfCmDn@w@fBgBlB_BlFsD|I{G`JoHv@w@p@w@j@{@pAeCbAmCVaAh@cDFy@HoDEaAa@{Ew@kFWkAc@iCMyC?mFJcDJoA^{CPgA|@_Ep@qBt@gB`CeEjCuD`@m@\\\\q@bDcFrImOnAkDzDmJdA}BjBuFtAwFtAeIb@yAJi@Da@EcAB{GNyE@gEGuBDwFAi@K{AUcBSy@Wy@_@}@c@{@aFaI]u@Qu@G_DDc@XiAh@_At@eA`@[bAm@d@QjBe@p@EvA?rB^`EdAd@LjBv@jBp@dAl@`Bx@|BvAxBhBjBxAdAhAvFdHnAhAn@f@|AfAdBfAn@\\\\rEdBxDx@n@FpCPb@FfAf@|ChBv@ZlBr@r@^XNdBnA`Af@`@FJF\\\\@pAAzBGTBHD\\\\H|@^~CbBlD`B~@dA`@j@@Hb@d@bG~FbCfCjAdARH~AnAjAd@fAj@~B`Aj@N|Bx@XFh@@pALh@J|BPzCb@bA@hG`CvCrAjEdBd@VdGnCbGdCxBjAdEbBb@VbA`@rEdBlH~BhDrAxBh@lAf@fAXpBl@vCjAz@^j@^rDvAfB|@VDjGnChA^~CvAtAb@bCt@nDz@|B\\\\rEdBjAXt@X`AXhGrBzBl@vAVt@RtARzDx@dCl@bAPfCn@~Ch@~Cr@nE|@rA^hDnBtEdCbBbA^PxEpClDhB~@^dBP`B?`@E`AO~Am@lBm@zDcApB]dD[j@CnCB`B?n@GlCa@n@Ch@?h@Bf@HfATfBl@`@R`@Td@j@pApAt@`Ad@f@f@`@n@\\\\ZLxBb@~@L`Cd@`Ch@~Ah@`@FdAJd@@jAC~FNnCPbK^fAFrCJlAJbALjAJjGP~ACn@ExIUxHYlACnDFbAHdCXR?LEPS?QKOWOa@IiAEo@@_AH", "data.route.shortName": "Paseos Kabah (R-2)", "data.route.longName": "33_Paseos Kabah (R-2)", "slug": "ruta-33-paseos-kabah-r-2.4ep", "type": "Bus", "color": null, "trips": [ ], "shape_id": "shape_2285" }, "geometry": { "type": "LineString", "coordinates": [ [ -86.78292, 21.04253 ], [ -86.78313, 21.04523 ], [ -86.78325, 21.04715 ], [ -86.78317, 21.04833 ], [ -86.78272, 21.05319 ], [ -86.78244, 21.05583 ], [ -86.78169, 21.05858 ], [ -86.78162, 21.05879 ], [ -86.78154, 21.05898 ], [ -86.78143, 21.05915 ], [ -86.7813, 21.05931 ], [ -86.78044, 21.0601 ], [ -86.78019, 21.06035 ], [ -86.78007, 21.06048 ], [ -86.77989, 21.06077 ], [ -86.77979, 21.06094 ], [ -86.77971, 21.06113 ], [ -86.77943, 21.06198 ], [ -86.77938, 21.06219 ], [ -86.7793, 21.06263 ], [ -86.77928, 21.06285 ], [ -86.7793, 21.06331 ], [ -86.77932, 21.06354 ], [ -86.77942, 21.06401 ], [ -86.78049, 21.06853 ], [ -86.78055, 21.06895 ], [ -86.78056, 21.06913 ], [ -86.78053, 21.06929 ], [ -86.78029, 21.06993 ], [ -86.77997, 21.07082 ], [ -86.77976, 21.07137 ], [ -86.77949, 21.07191 ], [ -86.77935, 21.07211 ], [ -86.77924, 21.07229 ], [ -86.77896, 21.07268 ], [ -86.77825, 21.07374 ], [ -86.77796, 21.07422 ], [ -86.77782, 21.07441 ], [ -86.77757, 21.0747 ], [ -86.77742, 21.07525 ], [ -86.77731, 21.07576 ], [ -86.77715, 21.07624 ], [ -86.77701, 21.07676 ], [ -86.77684, 21.07729 ], [ -86.77668, 21.07796 ], [ -86.77646, 21.0786 ], [ -86.7761, 21.07975 ], [ -86.77556, 21.08138 ], [ -86.77548, 21.08177 ], [ -86.77542, 21.08186 ], [ -86.7754, 21.08197 ], [ -86.77527, 21.0823 ], [ -86.77449, 21.084 ], [ -86.77427, 21.08465 ], [ -86.77389, 21.08551 ], [ -86.77353, 21.08664 ], [ -86.77345, 21.08687 ], [ -86.77277, 21.08839 ], [ -86.77213, 21.08974 ], [ -86.77157, 21.09079 ], [ -86.77114, 21.09164 ], [ -86.77043, 21.09288 ], [ -86.76989, 21.09409 ], [ -86.76956, 21.09491 ], [ -86.76937, 21.09532 ], [ -86.76921, 21.09575 ], [ -86.76892, 21.09635 ], [ -86.76859, 21.09717 ], [ -86.76831, 21.09775 ], [ -86.76784, 21.09879 ], [ -86.76763, 21.09921 ], [ -86.7675, 21.0994 ], [ -86.76704, 21.10025 ], [ -86.76655, 21.1011 ], [ -86.76482, 21.10432 ], [ -86.76445, 21.10506 ], [ -86.76419, 21.10555 ], [ -86.7636, 21.10678 ], [ -86.76358, 21.10713 ], [ -86.76355, 21.10733 ], [ -86.76341, 21.10799 ], [ -86.76323, 21.10868 ], [ -86.76305, 21.10952 ], [ -86.7627, 21.11045 ], [ -86.76235, 21.11112 ], [ -86.76214, 21.11147 ], [ -86.76169, 21.11211 ], [ -86.7613, 21.11258 ], [ -86.761, 21.11285 ], [ -86.76075, 21.113 ], [ -86.76053, 21.11319 ], [ -86.75994, 21.11395 ], [ -86.75965, 21.11419 ], [ -86.75906, 21.11484 ], [ -86.75897, 21.11489 ], [ -86.75847, 21.11533 ], [ -86.75837, 21.11546 ], [ -86.75808, 21.11599 ], [ -86.75753, 21.11689 ], [ -86.7573, 21.11733 ], [ -86.75723, 21.11759 ], [ -86.75721, 21.11774 ], [ -86.75721, 21.11792 ], [ -86.75727, 21.11844 ], [ -86.75724, 21.11877 ], [ -86.7572, 21.11889 ], [ -86.75703, 21.11915 ], [ -86.7567, 21.11956 ], [ -86.75649, 21.11986 ], [ -86.75622, 21.12039 ], [ -86.75608, 21.12076 ], [ -86.7559, 21.1211 ], [ -86.7558, 21.12124 ], [ -86.75563, 21.12155 ], [ -86.7553, 21.12196 ], [ -86.75514, 21.12223 ], [ -86.75508, 21.12237 ], [ -86.75502, 21.1227 ], [ -86.75501, 21.12323 ], [ -86.75498, 21.12342 ], [ -86.75482, 21.12398 ], [ -86.75468, 21.12439 ], [ -86.75459, 21.1246 ], [ -86.75449, 21.1248 ], [ -86.75403, 21.12565 ], [ -86.75358, 21.12629 ], [ -86.75302, 21.12696 ], [ -86.75284, 21.12714 ], [ -86.75227, 21.12766 ], [ -86.75183, 21.128 ], [ -86.75139, 21.12836 ], [ -86.75061, 21.12912 ], [ -86.75032, 21.12955 ], [ -86.74991, 21.13004 ], [ -86.74952, 21.13057 ], [ -86.74882, 21.13139 ], [ -86.74827, 21.13199 ], [ -86.74794, 21.13244 ], [ -86.74778, 21.13264 ], [ -86.7473, 21.13311 ], [ -86.74699, 21.13338 ], [ -86.74667, 21.13364 ], [ -86.74651, 21.13379 ], [ -86.74637, 21.13397 ], [ -86.74611, 21.13434 ], [ -86.74605, 21.13453 ], [ -86.74603, 21.1347 ], [ -86.74606, 21.13489 ], [ -86.74612, 21.13511 ], [ -86.74618, 21.13525 ], [ -86.74625, 21.13536 ], [ -86.74649, 21.13555 ], [ -86.74727, 21.13601 ], [ -86.74808, 21.13654 ], [ -86.74874, 21.13709 ], [ -86.7489, 21.13724 ], [ -86.74918, 21.13757 ], [ -86.74949, 21.13787 ], [ -86.74977, 21.13803 ], [ -86.74993, 21.13809 ], [ -86.75026, 21.13816 ], [ -86.75042, 21.13817 ], [ -86.75085, 21.13813 ], [ -86.7511, 21.13806 ], [ -86.75134, 21.13793 ], [ -86.75167, 21.13766 ], [ -86.75181, 21.13751 ], [ -86.75193, 21.13732 ], [ -86.75203, 21.1371 ], [ -86.75213, 21.13676 ], [ -86.75219, 21.13659 ], [ -86.7523, 21.13625 ], [ -86.75245, 21.13601 ], [ -86.75254, 21.13588 ], [ -86.75276, 21.13566 ], [ -86.75322, 21.13535 ], [ -86.75386, 21.13505 ], [ -86.75431, 21.13492 ], [ -86.75454, 21.13487 ], [ -86.75523, 21.13481 ], [ -86.75657, 21.13484 ], [ -86.75786, 21.13484 ], [ -86.75878, 21.13487 ], [ -86.75946, 21.13492 ], [ -86.75997, 21.13492 ], [ -86.76143, 21.1351 ], [ -86.76288, 21.13546 ], [ -86.76344, 21.13562 ], [ -86.76372, 21.13571 ], [ -86.76476, 21.13609 ], [ -86.76599, 21.13666 ], [ -86.76622, 21.13678 ], [ -86.76665, 21.13704 ], [ -86.76709, 21.13724 ], [ -86.76778, 21.13758 ], [ -86.76983, 21.13871 ], [ -86.77045, 21.13913 ], [ -86.77112, 21.13952 ], [ -86.77153, 21.13979 ], [ -86.77295, 21.14079 ], [ -86.77337, 21.14105 ], [ -86.7737, 21.14133 ], [ -86.77428, 21.14176 ], [ -86.77486, 21.14216 ], [ -86.77552, 21.14258 ], [ -86.77601, 21.14294 ], [ -86.77697, 21.14359 ], [ -86.7775, 21.14386 ], [ -86.77818, 21.1441 ], [ -86.77854, 21.14419 ], [ -86.77932, 21.14428 ], [ -86.78013, 21.14428 ], [ -86.78051, 21.14425 ], [ -86.7809, 21.14417 ], [ -86.78149, 21.14401 ], [ -86.78201, 21.14381 ], [ -86.78351, 21.14313 ], [ -86.78376, 21.14304 ], [ -86.78446, 21.14286 ], [ -86.78532, 21.14278 ], [ -86.78586, 21.14279 ], [ -86.78669, 21.14289 ], [ -86.78718, 21.14301 ], [ -86.78743, 21.1431 ], [ -86.78769, 21.1432 ], [ -86.78854, 21.14364 ], [ -86.78909, 21.14399 ], [ -86.78936, 21.14419 ], [ -86.79004, 21.14491 ], [ -86.79048, 21.14544 ], [ -86.79165, 21.14689 ], [ -86.79241, 21.14778 ], [ -86.79325, 21.14891 ], [ -86.79368, 21.14938 ], [ -86.79387, 21.14963 ], [ -86.79456, 21.15032 ], [ -86.79505, 21.15076 ], [ -86.79696, 21.15222 ], [ -86.79771, 21.15296 ], [ -86.79837, 21.15374 ], [ -86.79903, 21.15449 ], [ -86.79945, 21.15505 ], [ -86.79976, 21.15551 ], [ -86.80029, 21.15614 ], [ -86.80096, 21.15704 ], [ -86.80115, 21.15726 ], [ -86.80149, 21.15762 ], [ -86.80205, 21.15806 ], [ -86.80225, 21.15824 ], [ -86.80288, 21.15856 ], [ -86.80335, 21.15877 ], [ -86.80386, 21.15895 ], [ -86.80448, 21.15908 ], [ -86.80481, 21.15913 ], [ -86.80517, 21.15917 ], [ -86.8056, 21.15917 ], [ -86.80605, 21.15913 ], [ -86.80648, 21.15908 ], [ -86.80725, 21.15892 ], [ -86.80842, 21.15865 ], [ -86.80897, 21.15856 ], [ -86.81049, 21.15821 ], [ -86.81107, 21.15811 ], [ -86.81129, 21.15802 ], [ -86.81517, 21.15717 ], [ -86.81768, 21.15665 ], [ -86.81831, 21.15651 ], [ -86.82034, 21.15608 ], [ -86.82117, 21.15597 ], [ -86.82144, 21.15597 ], [ -86.82161, 21.156 ], [ -86.82181, 21.15606 ], [ -86.82415, 21.15685 ], [ -86.82451, 21.15698 ], [ -86.82542, 21.15727 ], [ -86.82769, 21.15802 ], [ -86.82822, 21.15819 ], [ -86.82893, 21.15833 ], [ -86.82909, 21.15834 ], [ -86.82918, 21.15828 ], [ -86.82932, 21.15813 ], [ -86.8295, 21.15802 ], [ -86.8298, 21.15787 ], [ -86.83021, 21.15772 ], [ -86.83299, 21.15687 ], [ -86.8348, 21.15629 ], [ -86.83515, 21.15627 ], [ -86.8353, 21.15628 ], [ -86.83542, 21.1563 ], [ -86.83554, 21.15628 ], [ -86.83587, 21.15611 ], [ -86.83622, 21.15585 ], [ -86.83641, 21.15575 ], [ -86.83669, 21.15565 ], [ -86.83903, 21.15493 ], [ -86.84262, 21.15379 ], [ -86.84286, 21.15374 ], [ -86.84311, 21.15377 ], [ -86.84343, 21.15401 ], [ -86.84578, 21.15623 ], [ -86.84658, 21.15701 ], [ -86.84747, 21.15784 ], [ -86.84839, 21.15875 ], [ -86.84884, 21.15925 ], [ -86.84959, 21.16011 ], [ -86.84996, 21.16049 ], [ -86.85079, 21.16129 ], [ -86.851, 21.16152 ], [ -86.85124, 21.16185 ], [ -86.85128, 21.16198 ], [ -86.85133, 21.16207 ], [ -86.85158, 21.16218 ], [ -86.85191, 21.16234 ], [ -86.85236, 21.16275 ], [ -86.85316, 21.16354 ], [ -86.85376, 21.16409 ], [ -86.85515, 21.16544 ], [ -86.85858, 21.17148 ], [ -86.85929, 21.17276 ], [ -86.86329, 21.17987 ], [ -86.8639, 21.18058 ], [ -86.86412, 21.18086 ], [ -86.86433, 21.18121 ], [ -86.86499, 21.18244 ], [ -86.8669, 21.18582 ], [ -86.86715, 21.18619 ], [ -86.8676, 21.18676 ], [ -86.86839, 21.18836 ], [ -86.8686, 21.18874 ], [ -86.86901, 21.18936 ], [ -86.86946, 21.18997 ], [ -86.86966, 21.1903 ], [ -86.8697, 21.19045 ], [ -86.8697, 21.19057 ], [ -86.86963, 21.19067 ], [ -86.86778, 21.19166 ], [ -86.86659, 21.19222 ], [ -86.86635, 21.19235 ], [ -86.86633, 21.19241 ], [ -86.86636, 21.19244 ], [ -86.86647, 21.19243 ], [ -86.86691, 21.19222 ], [ -86.86775, 21.19175 ], [ -86.86965, 21.19076 ], [ -86.8698, 21.19072 ], [ -86.86988, 21.19079 ], [ -86.87002, 21.1908 ], [ -86.87009, 21.19065 ], [ -86.87001, 21.19047 ], [ -86.86981, 21.19031 ], [ -86.86889, 21.18886 ], [ -86.86853, 21.18832 ], [ -86.86819, 21.18768 ], [ -86.86771, 21.18654 ], [ -86.86759, 21.18642 ], [ -86.86734, 21.18618 ], [ -86.86717, 21.18597 ], [ -86.86696, 21.18567 ], [ -86.86675, 21.18531 ], [ -86.86588, 21.18369 ], [ -86.86517, 21.1825 ], [ -86.86493, 21.18203 ], [ -86.86429, 21.18086 ], [ -86.86385, 21.18025 ], [ -86.86343, 21.17977 ], [ -86.86325, 21.17953 ], [ -86.86283, 21.17882 ], [ -86.86242, 21.1781 ], [ -86.86205, 21.17737 ], [ -86.86044, 21.17456 ], [ -86.85988, 21.17356 ], [ -86.85963, 21.17316 ], [ -86.8592, 21.17235 ], [ -86.85771, 21.16971 ], [ -86.85675, 21.16809 ], [ -86.85556, 21.16592 ], [ -86.85531, 21.16551 ], [ -86.85511, 21.16526 ], [ -86.85429, 21.16449 ], [ -86.85378, 21.16395 ], [ -86.85289, 21.16312 ], [ -86.85221, 21.16246 ], [ -86.85178, 21.16194 ], [ -86.85178, 21.16182 ], [ -86.85173, 21.16171 ], [ -86.85167, 21.16166 ], [ -86.85146, 21.16158 ], [ -86.85116, 21.16143 ], [ -86.85094, 21.16127 ], [ -86.85044, 21.16074 ], [ -86.84958, 21.1599 ], [ -86.84874, 21.15897 ], [ -86.84819, 21.15837 ], [ -86.84758, 21.15782 ], [ -86.84699, 21.15723 ], [ -86.84517, 21.15551 ], [ -86.84462, 21.15497 ], [ -86.84321, 21.15354 ], [ -86.84221, 21.15262 ], [ -86.84205, 21.15249 ], [ -86.84194, 21.15244 ], [ -86.84182, 21.15243 ], [ -86.84089, 21.15281 ], [ -86.84045, 21.15296 ], [ -86.83799, 21.15376 ], [ -86.8354, 21.15456 ], [ -86.8351, 21.15462 ], [ -86.83489, 21.15469 ], [ -86.8344, 21.1549 ], [ -86.83362, 21.15513 ], [ -86.83223, 21.15561 ], [ -86.83182, 21.15569 ], [ -86.83162, 21.15571 ], [ -86.83108, 21.15584 ], [ -86.83075, 21.15591 ], [ -86.82983, 21.15601 ], [ -86.8295, 21.15601 ], [ -86.82917, 21.15597 ], [ -86.82882, 21.1559 ], [ -86.82744, 21.15628 ], [ -86.8261, 21.15667 ], [ -86.82587, 21.15664 ], [ -86.82567, 21.15659 ], [ -86.82544, 21.15654 ], [ -86.82545, 21.15652 ], [ -86.82531, 21.15649 ], [ -86.82499, 21.15642 ], [ -86.82456, 21.15637 ], [ -86.82397, 21.15621 ], [ -86.82364, 21.15612 ], [ -86.82301, 21.1559 ], [ -86.82205, 21.15554 ], [ -86.82168, 21.15545 ], [ -86.82136, 21.15541 ], [ -86.82092, 21.15541 ], [ -86.8204, 21.1555 ], [ -86.82014, 21.15557 ], [ -86.81857, 21.15588 ], [ -86.8183, 21.15599 ], [ -86.81725, 21.15656 ], [ -86.81692, 21.15669 ], [ -86.81657, 21.15677 ], [ -86.8125, 21.15764 ], [ -86.80869, 21.1585 ], [ -86.80668, 21.15893 ], [ -86.8063, 21.159 ], [ -86.80591, 21.15905 ], [ -86.80553, 21.15906 ], [ -86.80513, 21.15906 ], [ -86.80471, 21.15902 ], [ -86.80434, 21.15895 ], [ -86.80368, 21.15878 ], [ -86.80336, 21.15867 ], [ -86.80307, 21.15854 ], [ -86.80249, 21.15824 ], [ -86.80222, 21.15807 ], [ -86.80196, 21.15788 ], [ -86.80149, 21.15746 ], [ -86.80105, 21.15697 ], [ -86.80085, 21.15672 ], [ -86.8005, 21.15621 ], [ -86.79915, 21.15441 ], [ -86.79786, 21.15286 ], [ -86.79734, 21.15239 ], [ -86.79707, 21.15216 ], [ -86.7959, 21.15128 ], [ -86.79503, 21.1506 ], [ -86.79475, 21.15036 ], [ -86.79423, 21.14984 ], [ -86.79375, 21.14929 ], [ -86.79285, 21.1481 ], [ -86.79143, 21.14635 ], [ -86.78991, 21.14458 ], [ -86.78963, 21.1443 ], [ -86.78935, 21.14405 ], [ -86.78905, 21.14383 ], [ -86.78838, 21.14342 ], [ -86.78767, 21.14308 ], [ -86.78734, 21.14296 ], [ -86.78652, 21.14275 ], [ -86.78623, 21.14271 ], [ -86.78535, 21.14266 ], [ -86.78502, 21.14269 ], [ -86.78392, 21.14286 ], [ -86.78274, 21.14314 ], [ -86.78236, 21.14326 ], [ -86.78167, 21.14344 ], [ -86.7809, 21.14351 ], [ -86.77971, 21.14351 ], [ -86.77889, 21.14345 ], [ -86.77849, 21.14339 ], [ -86.77771, 21.14323 ], [ -86.77735, 21.14314 ], [ -86.77639, 21.14283 ], [ -86.77582, 21.14258 ], [ -86.7753, 21.14231 ], [ -86.77431, 21.14166 ], [ -86.7734, 21.14096 ], [ -86.77317, 21.14079 ], [ -86.77292, 21.14064 ], [ -86.77178, 21.13982 ], [ -86.76915, 21.13812 ], [ -86.76829, 21.13772 ], [ -86.76646, 21.13678 ], [ -86.76583, 21.13643 ], [ -86.7646, 21.13589 ], [ -86.76336, 21.13546 ], [ -86.76173, 21.13503 ], [ -86.76128, 21.13485 ], [ -86.76107, 21.13479 ], [ -86.7609, 21.13476 ], [ -86.76056, 21.13479 ], [ -86.75914, 21.13477 ], [ -86.75805, 21.13469 ], [ -86.75705, 21.13468 ], [ -86.75646, 21.13472 ], [ -86.75522, 21.13469 ], [ -86.75501, 21.1347 ], [ -86.75455, 21.13476 ], [ -86.75405, 21.13487 ], [ -86.75376, 21.13497 ], [ -86.75347, 21.13509 ], [ -86.75316, 21.13525 ], [ -86.75286, 21.13543 ], [ -86.75125, 21.13656 ], [ -86.75098, 21.13671 ], [ -86.75071, 21.1368 ], [ -86.74991, 21.13684 ], [ -86.74973, 21.13681 ], [ -86.74936, 21.13668 ], [ -86.74904, 21.13647 ], [ -86.74869, 21.1362 ], [ -86.74855, 21.13603 ], [ -86.74832, 21.13569 ], [ -86.74823, 21.1355 ], [ -86.74804, 21.13496 ], [ -86.74801, 21.13471 ], [ -86.74801, 21.13427 ], [ -86.74817, 21.13369 ], [ -86.74852, 21.13272 ], [ -86.74859, 21.13253 ], [ -86.74887, 21.13199 ], [ -86.74912, 21.13145 ], [ -86.74935, 21.1311 ], [ -86.74964, 21.13061 ], [ -86.75008, 21.12998 ], [ -86.75061, 21.12937 ], [ -86.75106, 21.12883 ], [ -86.75143, 21.12848 ], [ -86.7529, 21.12724 ], [ -86.75327, 21.12684 ], [ -86.75347, 21.1266 ], [ -86.75383, 21.12613 ], [ -86.75419, 21.12562 ], [ -86.75434, 21.12538 ], [ -86.75485, 21.12432 ], [ -86.75514, 21.12339 ], [ -86.75518, 21.12315 ], [ -86.75527, 21.12242 ], [ -86.75531, 21.12224 ], [ -86.75551, 21.12188 ], [ -86.75604, 21.12109 ], [ -86.75618, 21.12081 ], [ -86.75644, 21.12026 ], [ -86.7566, 21.12 ], [ -86.75668, 21.11987 ], [ -86.75708, 21.11936 ], [ -86.75728, 21.11903 ], [ -86.75732, 21.11886 ], [ -86.75736, 21.1188 ], [ -86.75737, 21.11865 ], [ -86.75736, 21.11824 ], [ -86.75732, 21.11762 ], [ -86.75734, 21.11751 ], [ -86.75737, 21.11746 ], [ -86.75742, 21.11731 ], [ -86.75758, 21.117 ], [ -86.75808, 21.1162 ], [ -86.75857, 21.11533 ], [ -86.75892, 21.11501 ], [ -86.75914, 21.11484 ], [ -86.75919, 21.11483 ], [ -86.75938, 21.11465 ], [ -86.76066, 21.11335 ], [ -86.76134, 21.11269 ], [ -86.76169, 21.11231 ], [ -86.76174, 21.11221 ], [ -86.76214, 21.11173 ], [ -86.76233, 21.11135 ], [ -86.76255, 21.11099 ], [ -86.76288, 21.11035 ], [ -86.76296, 21.11013 ], [ -86.76325, 21.1095 ], [ -86.76329, 21.10937 ], [ -86.7633, 21.10916 ], [ -86.76337, 21.10875 ], [ -86.76343, 21.10854 ], [ -86.76352, 21.10791 ], [ -86.7637, 21.10713 ], [ -86.76371, 21.10679 ], [ -86.76436, 21.10546 ], [ -86.76478, 21.1047 ], [ -86.76529, 21.10368 ], [ -86.76541, 21.10349 ], [ -86.76613, 21.10218 ], [ -86.7668, 21.10088 ], [ -86.76718, 21.10027 ], [ -86.76768, 21.09928 ], [ -86.7678, 21.0991 ], [ -86.76797, 21.09876 ], [ -86.76848, 21.0977 ], [ -86.76912, 21.09619 ], [ -86.76954, 21.09534 ], [ -86.76975, 21.09473 ], [ -86.76995, 21.09434 ], [ -86.77008, 21.09398 ], [ -86.77031, 21.09341 ], [ -86.77069, 21.09265 ], [ -86.77085, 21.09235 ], [ -86.77101, 21.09213 ], [ -86.77145, 21.09123 ], [ -86.77176, 21.09071 ], [ -86.77179, 21.09059 ], [ -86.77251, 21.08925 ], [ -86.77267, 21.08888 ], [ -86.77311, 21.08808 ], [ -86.77329, 21.08765 ], [ -86.77356, 21.08699 ], [ -86.77386, 21.08611 ], [ -86.77401, 21.08548 ], [ -86.77452, 21.08442 ], [ -86.77465, 21.08404 ], [ -86.77478, 21.08377 ], [ -86.77491, 21.08344 ], [ -86.77549, 21.08211 ], [ -86.77572, 21.08149 ], [ -86.77584, 21.08105 ], [ -86.77594, 21.08078 ], [ -86.77604, 21.08035 ], [ -86.77633, 21.07941 ], [ -86.77656, 21.07874 ], [ -86.77665, 21.0784 ], [ -86.77689, 21.07772 ], [ -86.7771, 21.07692 ], [ -86.77736, 21.07612 ], [ -86.77767, 21.07508 ], [ -86.77783, 21.07466 ], [ -86.77839, 21.07381 ], [ -86.77906, 21.07274 ], [ -86.7794, 21.07224 ], [ -86.77949, 21.07208 ], [ -86.78022, 21.07099 ], [ -86.78075, 21.07012 ], [ -86.78091, 21.0698 ], [ -86.781, 21.06929 ], [ -86.781, 21.0688 ], [ -86.78097, 21.06863 ], [ -86.78089, 21.0683 ], [ -86.78066, 21.06782 ], [ -86.78043, 21.06727 ], [ -86.78009, 21.06633 ], [ -86.77994, 21.06576 ], [ -86.7798, 21.06493 ], [ -86.77978, 21.06471 ], [ -86.7798, 21.06399 ], [ -86.7798, 21.0635 ], [ -86.77976, 21.06326 ], [ -86.77959, 21.06255 ], [ -86.77957, 21.06231 ], [ -86.77957, 21.0621 ], [ -86.77959, 21.06189 ], [ -86.77964, 21.06169 ], [ -86.77975, 21.06133 ], [ -86.77998, 21.06081 ], [ -86.78008, 21.06064 ], [ -86.78019, 21.06047 ], [ -86.78041, 21.06028 ], [ -86.78082, 21.05987 ], [ -86.78115, 21.0596 ], [ -86.78135, 21.05941 ], [ -86.78152, 21.05921 ], [ -86.78167, 21.05897 ], [ -86.78174, 21.05883 ], [ -86.78192, 21.05822 ], [ -86.78199, 21.0579 ], [ -86.78218, 21.05725 ], [ -86.78239, 21.0566 ], [ -86.7826, 21.05612 ], [ -86.78264, 21.05595 ], [ -86.7827, 21.0556 ], [ -86.78271, 21.05541 ], [ -86.78269, 21.05503 ], [ -86.78277, 21.05375 ], [ -86.78286, 21.05303 ], [ -86.78302, 21.05109 ], [ -86.78306, 21.05073 ], [ -86.78312, 21.04999 ], [ -86.78318, 21.0496 ], [ -86.78325, 21.04926 ], [ -86.78331, 21.04888 ], [ -86.7834, 21.04754 ], [ -86.78338, 21.04706 ], [ -86.78335, 21.04682 ], [ -86.78324, 21.04509 ], [ -86.78311, 21.04352 ], [ -86.78309, 21.04313 ], [ -86.78313, 21.04225 ], [ -86.78318, 21.04191 ], [ -86.78331, 21.04124 ], [ -86.78331, 21.04114 ], [ -86.78328, 21.04107 ], [ -86.78318, 21.04098 ], [ -86.78309, 21.04098 ], [ -86.78301, 21.04104 ], [ -86.78293, 21.04116 ], [ -86.78288, 21.04133 ], [ -86.78285, 21.0417 ], [ -86.78286, 21.04194 ], [ -86.78291, 21.04226 ] ] } },
{ "type": "Feature", "properties": { "ciudad_nombre": "Cancún", "encodedLine": "yzl_CfxtpO{Oh@_KVyK_@qLi@kJ_@oOw@ePuCi@Me@Oa@U_@Y}CkDq@q@YWy@c@a@Se@OiDw@i@IwAOk@C{ABm@B}ARg[tEsAJc@@_@E_Co@qD_AmBi@kBu@g@[c@UmAw@sEmC_By@e@[y@q@mB]eBU_B_@gB[iBa@eC_@_Ck@eFgAeIkBmAOQKUCaAYsI{CaCk@kDkAaFgAm@OoHgCmG_CqEoBiDuAwFmCqFkBcDaAqAe@uA_@wBy@cDaAsBw@oE}AsAi@e@YiD{AiDaBcSyIsCiAaBs@uFuBeACg@EcC[iCc@gDc@yDeAeCeAeAi@_CyA}AmAu@{@]q@e@k@wCuBo@y@aCuBIQwAcBYSiBy@sDmBwAm@s@M]Cc@?gBJaAEWGs@a@qAaA{@i@iBu@iA[cAc@[S}@a@qAaAu@_@[KaAKiBAe@EoB_@qA[i@Qg@SiD{A_CyAeCoBc@c@gBqBcAwAgAwAwC{CuAy@aBqAiBmAcDkCwBmByAaAg@_@}A_Bu@}@s@_A]_@c@[iAs@e@Ka@Ce@Dk@J[JULSTc@t@iA~BiB`DmBbC]^aAv@{@|@_@v@K^M`AA^FtALp@Xn@t@`A\\\\Zd@Vj@RbAR`@JbATn@\\\\XPj@j@|@zAz@~BXxAHl@JhCEjG?`GEvDIfC?dBc@bHgA`H_@nBQv@kAnEqBtFWl@s@tAg@vAcAhCaFxKsAzBmAdCu@pAgEzGs@rAw@`AuArBoArBsAbCgA`BaC~Du@hBo@fCQfAQzC?`DDjANlA^tBf@fBfCjHPp@b@jCNjDAjBSdDW`BQp@Sr@wAhDeAlBg@t@oCfCiBvAaHhFqDvCaFfD}AtAq@d@iChCwA`BcH|JsCtC{CbCuCbCoBrA{A|@}BhBsDdCk@d@gAbAwAnBc@f@_A|Bi@|Ac@dBMz@U`CGfA?tAFxAHtA^xCt@hFPlBdAnHRrBPj@n@nEv@dGXvCPx@\\\\rCp@|EpA~Jh@rE^pCPfBHpAGpAWtAsAhFo@~Ce@fByApG]nAmBtI_@zCOr@?XVTb@l@Zv@Tz@b@lBPdAbA~DVnAPfAH\\\\HPX`BzApG@zAGd@\\\\x@v@pARj@Tx@xAvGj@tClEbS^vALr@FLr@ZHFf@c@rBaC\\\\Ub@o@p@u@vFwF~@n@zD|CjEpDj@\\\\p@f@z@tAlBr@nCxBlBpAbGzErFdEfAbAm@`@qB`AsBpAuD`BuCtA}AbAyFxCmElC{DlBTtAdBzHv@dDrAlG|AzGD\\\\xXy@t@?RrI^`LNhHNlCD|CRxFJvFF~@CVJ^Fn@TfJRvD?~@m@Hd@~O@zAn@vRLbFANy@D@\\\\tFUpFK\\\\}d@Po_@sHJCaAY}IM}FWmG@y@SiEIwE_@}MUs@KQs@@kDPgEDoERgBBmBLwEFg@aByAqGy@aEk@eCSaAW_AyAaHfCyA~GmDzJuFtB_ApBeAb@YrBiAnAm@r@g@y@w@oEcDoGgF{EoDu@o@kBsA_@U_CuBqEiD}AoAaBmAgAaAYMKSoDoCq@o@qBaBi@Si@Ki@?g@LWCSIOYwBuJe@}Bk@gDMg@c@qAaAiEeAkESwAEu@[oBa@wGA_@V{BAa@sAoHaAsE@g@Bg@^sBJ{AT{AjAgFd@{A`@aBXuAB_@@sA?k@Gq@uAcLUu@qBqEYaAOeAmDmXkDyVuAqKMkAImAAkA?oAFsA\\\\kCf@aCXy@z@sB`@u@d@s@rA}A`BwAp@g@dBeAfJmGtHaG|AgBl@u@nDiFfCmDn@w@fBgBlB_BlFsD|I{G`JoHv@w@p@w@j@{@pAeCbAmCVaAh@cDFy@HoDEaAa@{Ew@kFWkAc@iCMyC?mFJcDJoA^{CPgA|@_Ep@qBt@gB`CeEjCuD`@m@\\\\q@bDcFrImOnAkDzDmJdA}BjBuFtAwFtAeIb@yAJi@Da@EcAB{GNyE@gEGuBDwFAi@K{AUcBk@sBcAyBaFaI]u@Qu@OyA@a@JgAXiAh@_At@eA`@[bAm@d@QhA[`@Ip@EvA?rB^`EdAd@LjBv@nA`@bEvB|A`A|@l@zApAjBxAdAhAvFdHnAhAn@f@|AfAdBfAn@\\\\rEdBxDx@n@FpCPb@FfAf@|ChBv@ZlBr@r@^XNdBnA`Af@`@FJF\\\\@pAAzBGTBHD\\\\H|@^~CbBlD`B~@dA`@j@@Hb@d@bG~FbCfCjAdARH~AnAjAd@fAj@~B`Aj@N|Bx@XFh@@pALh@J|BPzCb@bA@hG`CvCrAjEdBd@VdGnCbGdCxBjAdEbBb@VbA`@rEdBlH~BhDrAxBh@lAf@fAXpBl@vCjAz@^j@^rDvAfB|@VDjGnChA^~CvAtAb@bCt@nDz@|B\\\\rEdBjAXt@X`AXhGrBzBl@vAVt@RtARzDx@dCl@bAPfCn@~Ch@~Cr@nE|@rA^hDnBtEdCbBbA^PxEpClDhB~@^dBP`B?`@E`AO~Am@lBm@zDcApB]dD[j@CnCB`B?n@GlCa@n@Ch@?h@Bf@HfATfBl@`@R`@Td@j@pApAt@`Ad@f@f@`@n@\\\\ZLxBb@~@L`Cd@`Ch@~Ah@`@FdAJd@@jAC~FNnCPbK^fAFrCJlAJbALjAJjGP~ACn@ExIUxHYlACnDFbAHdCXR?LEPS?QKOWOa@IiAEo@@_AH", "data.route.shortName": "95-96", "data.route.longName": "36_95-96", "slug": "ruta-36-95-96.4ej", "type": "Bus", "color": null, "trips": [ ], "shape_id": "shape_2280" }, "geometry": { "type": "LineString", "coordinates": [ [ -86.78292, 21.04253 ], [ -86.78313, 21.04523 ], [ -86.78325, 21.04715 ], [ -86.78309, 21.0492 ], [ -86.78288, 21.05137 ], [ -86.78272, 21.05319 ], [ -86.78244, 21.05583 ], [ -86.78169, 21.05858 ], [ -86.78162, 21.05879 ], [ -86.78154, 21.05898 ], [ -86.78143, 21.05915 ], [ -86.7813, 21.05931 ], [ -86.78044, 21.0601 ], [ -86.78019, 21.06035 ], [ -86.78007, 21.06048 ], [ -86.77989, 21.06077 ], [ -86.77979, 21.06094 ], [ -86.77971, 21.06113 ], [ -86.77943, 21.06198 ], [ -86.77938, 21.06219 ], [ -86.7793, 21.06263 ], [ -86.77928, 21.06285 ], [ -86.7793, 21.06331 ], [ -86.77932, 21.06354 ], [ -86.77942, 21.06401 ], [ -86.78049, 21.06853 ], [ -86.78055, 21.06895 ], [ -86.78056, 21.06913 ], [ -86.78053, 21.06929 ], [ -86.78029, 21.06993 ], [ -86.77997, 21.07082 ], [ -86.77976, 21.07137 ], [ -86.77949, 21.07191 ], [ -86.77935, 21.07211 ], [ -86.77924, 21.07229 ], [ -86.77896, 21.07268 ], [ -86.77825, 21.07374 ], [ -86.77796, 21.07422 ], [ -86.77782, 21.07441 ], [ -86.77757, 21.0747 ], [ -86.77742, 21.07525 ], [ -86.77731, 21.07576 ], [ -86.77715, 21.07624 ], [ -86.77701, 21.07676 ], [ -86.77684, 21.07729 ], [ -86.77668, 21.07796 ], [ -86.77646, 21.0786 ], [ -86.7761, 21.07975 ], [ -86.77556, 21.08138 ], [ -86.77548, 21.08177 ], [ -86.77542, 21.08186 ], [ -86.7754, 21.08197 ], [ -86.77527, 21.0823 ], [ -86.77449, 21.084 ], [ -86.77427, 21.08465 ], [ -86.77389, 21.08551 ], [ -86.77353, 21.08664 ], [ -86.77345, 21.08687 ], [ -86.77277, 21.08839 ], [ -86.77213, 21.08974 ], [ -86.77157, 21.09079 ], [ -86.77114, 21.09164 ], [ -86.77043, 21.09288 ], [ -86.76989, 21.09409 ], [ -86.76956, 21.09491 ], [ -86.76937, 21.09532 ], [ -86.76921, 21.09575 ], [ -86.76892, 21.09635 ], [ -86.76859, 21.09717 ], [ -86.76831, 21.09775 ], [ -86.76784, 21.09879 ], [ -86.76763, 21.09921 ], [ -86.7675, 21.0994 ], [ -86.76704, 21.10025 ], [ -86.76655, 21.1011 ], [ -86.76482, 21.10432 ], [ -86.76445, 21.10506 ], [ -86.76419, 21.10555 ], [ -86.7636, 21.10678 ], [ -86.76358, 21.10713 ], [ -86.76355, 21.10733 ], [ -86.76341, 21.10799 ], [ -86.76323, 21.10868 ], [ -86.76305, 21.10952 ], [ -86.7627, 21.11045 ], [ -86.76235, 21.11112 ], [ -86.76214, 21.11147 ], [ -86.76169, 21.11211 ], [ -86.7613, 21.11258 ], [ -86.761, 21.11285 ], [ -86.76075, 21.113 ], [ -86.76053, 21.11319 ], [ -86.75994, 21.11395 ], [ -86.75965, 21.11419 ], [ -86.75906, 21.11484 ], [ -86.75897, 21.11489 ], [ -86.75847, 21.11533 ], [ -86.75837, 21.11546 ], [ -86.75808, 21.11599 ], [ -86.75753, 21.11689 ], [ -86.7573, 21.11733 ], [ -86.75723, 21.11759 ], [ -86.75721, 21.11774 ], [ -86.75721, 21.11792 ], [ -86.75727, 21.11844 ], [ -86.75724, 21.11877 ], [ -86.7572, 21.11889 ], [ -86.75703, 21.11915 ], [ -86.7567, 21.11956 ], [ -86.75649, 21.11986 ], [ -86.75622, 21.12039 ], [ -86.75608, 21.12076 ], [ -86.7559, 21.1211 ], [ -86.7558, 21.12124 ], [ -86.75563, 21.12155 ], [ -86.7553, 21.12196 ], [ -86.75514, 21.12223 ], [ -86.75508, 21.12237 ], [ -86.75502, 21.1227 ], [ -86.75501, 21.12323 ], [ -86.75498, 21.12342 ], [ -86.75482, 21.12398 ], [ -86.75468, 21.12439 ], [ -86.75459, 21.1246 ], [ -86.75449, 21.1248 ], [ -86.75403, 21.12565 ], [ -86.75358, 21.12629 ], [ -86.75302, 21.12696 ], [ -86.75284, 21.12714 ], [ -86.75227, 21.12766 ], [ -86.75183, 21.128 ], [ -86.75139, 21.12836 ], [ -86.75061, 21.12912 ], [ -86.75032, 21.12955 ], [ -86.74991, 21.13004 ], [ -86.74952, 21.13057 ], [ -86.74882, 21.13139 ], [ -86.74827, 21.13199 ], [ -86.74794, 21.13244 ], [ -86.74778, 21.13264 ], [ -86.7473, 21.13311 ], [ -86.74699, 21.13338 ], [ -86.74667, 21.13364 ], [ -86.74651, 21.13379 ], [ -86.74637, 21.13397 ], [ -86.74611, 21.13434 ], [ -86.74605, 21.13453 ], [ -86.74603, 21.1347 ], [ -86.74606, 21.13489 ], [ -86.74612, 21.13511 ], [ -86.74618, 21.13525 ], [ -86.74625, 21.13536 ], [ -86.74636, 21.13546 ], [ -86.74663, 21.13564 ], [ -86.74727, 21.13601 ], [ -86.74808, 21.13654 ], [ -86.74874, 21.13709 ], [ -86.7489, 21.13724 ], [ -86.74918, 21.13757 ], [ -86.74949, 21.13787 ], [ -86.74977, 21.13803 ], [ -86.74993, 21.13809 ], [ -86.75026, 21.13816 ], [ -86.75042, 21.13817 ], [ -86.75085, 21.13813 ], [ -86.7511, 21.13806 ], [ -86.75134, 21.13793 ], [ -86.75167, 21.13766 ], [ -86.75181, 21.13751 ], [ -86.75193, 21.13732 ], [ -86.75203, 21.1371 ], [ -86.75213, 21.13676 ], [ -86.75219, 21.13659 ], [ -86.7523, 21.13625 ], [ -86.75245, 21.13601 ], [ -86.75254, 21.13588 ], [ -86.75276, 21.13566 ], [ -86.75322, 21.13535 ], [ -86.75386, 21.13505 ], [ -86.75431, 21.13492 ], [ -86.75454, 21.13487 ], [ -86.75523, 21.13481 ], [ -86.75657, 21.13484 ], [ -86.75786, 21.13484 ], [ -86.75878, 21.13487 ], [ -86.75946, 21.13492 ], [ -86.75997, 21.13492 ], [ -86.76143, 21.1351 ], [ -86.76288, 21.13546 ], [ -86.76344, 21.13562 ], [ -86.76372, 21.13571 ], [ -86.76476, 21.13609 ], [ -86.76599, 21.13666 ], [ -86.76622, 21.13678 ], [ -86.76665, 21.13704 ], [ -86.76709, 21.13724 ], [ -86.76778, 21.13758 ], [ -86.76983, 21.13871 ], [ -86.77045, 21.13913 ], [ -86.77112, 21.13952 ], [ -86.77153, 21.13979 ], [ -86.77295, 21.14079 ], [ -86.77337, 21.14105 ], [ -86.7737, 21.14133 ], [ -86.77428, 21.14176 ], [ -86.77486, 21.14216 ], [ -86.77552, 21.14258 ], [ -86.77601, 21.14294 ], [ -86.77697, 21.14359 ], [ -86.7775, 21.14386 ], [ -86.77818, 21.1441 ], [ -86.77854, 21.14419 ], [ -86.77932, 21.14428 ], [ -86.78013, 21.14428 ], [ -86.78051, 21.14425 ], [ -86.7809, 21.14417 ], [ -86.78149, 21.14401 ], [ -86.78201, 21.14381 ], [ -86.78351, 21.14313 ], [ -86.78376, 21.14304 ], [ -86.78446, 21.14286 ], [ -86.78532, 21.14278 ], [ -86.78586, 21.14279 ], [ -86.78669, 21.14289 ], [ -86.78718, 21.14301 ], [ -86.78743, 21.1431 ], [ -86.78769, 21.1432 ], [ -86.78854, 21.14364 ], [ -86.78909, 21.14399 ], [ -86.78936, 21.14419 ], [ -86.79004, 21.14491 ], [ -86.79048, 21.14544 ], [ -86.79165, 21.14689 ], [ -86.79241, 21.14778 ], [ -86.79325, 21.14891 ], [ -86.79368, 21.14938 ], [ -86.79387, 21.14963 ], [ -86.79456, 21.15032 ], [ -86.79505, 21.15076 ], [ -86.79696, 21.15222 ], [ -86.79771, 21.15296 ], [ -86.79837, 21.15374 ], [ -86.79903, 21.15449 ], [ -86.79945, 21.15505 ], [ -86.79976, 21.15551 ], [ -86.80029, 21.15614 ], [ -86.80096, 21.15704 ], [ -86.80115, 21.15726 ], [ -86.80149, 21.15762 ], [ -86.80205, 21.15806 ], [ -86.80225, 21.15824 ], [ -86.80288, 21.15856 ], [ -86.80335, 21.15877 ], [ -86.80386, 21.15895 ], [ -86.80416, 21.15902 ], [ -86.80481, 21.15913 ], [ -86.80517, 21.15917 ], [ -86.8056, 21.15917 ], [ -86.80605, 21.15913 ], [ -86.80648, 21.15908 ], [ -86.80725, 21.15892 ], [ -86.80842, 21.15865 ], [ -86.80897, 21.15856 ], [ -86.81049, 21.15821 ], [ -86.81107, 21.15811 ], [ -86.81129, 21.15802 ], [ -86.81233, 21.15778 ], [ -86.81364, 21.1575 ], [ -86.8144, 21.15737 ], [ -86.81469, 21.15728 ], [ -86.81543, 21.15713 ], [ -86.81654, 21.15688 ], [ -86.81846, 21.15647 ], [ -86.81952, 21.15626 ], [ -86.82025, 21.1561 ], [ -86.82077, 21.15601 ], [ -86.82118, 21.15596 ], [ -86.82159, 21.156 ], [ -86.82202, 21.15612 ], [ -86.82319, 21.15654 ], [ -86.82399, 21.15678 ], [ -86.82451, 21.15697 ], [ -86.82588, 21.15742 ], [ -86.82628, 21.15757 ], [ -86.82799, 21.15812 ], [ -86.82877, 21.15828 ], [ -86.82903, 21.15836 ], [ -86.82916, 21.15836 ], [ -86.82927, 21.15824 ], [ -86.8295, 21.15806 ], [ -86.82978, 21.15792 ], [ -86.83008, 21.15781 ], [ -86.83063, 21.15763 ], [ -86.83098, 21.15754 ], [ -86.83194, 21.1572 ], [ -86.83234, 21.15708 ], [ -86.8327, 21.15699 ], [ -86.83285, 21.15694 ], [ -86.83294, 21.15689 ], [ -86.83343, 21.15676 ], [ -86.8348, 21.1563 ], [ -86.83526, 21.15629 ], [ -86.83545, 21.15633 ], [ -86.83574, 21.15618 ], [ -86.83615, 21.1559 ], [ -86.83637, 21.1558 ], [ -86.83666, 21.15569 ], [ -86.83806, 21.15524 ], [ -86.83881, 21.15502 ], [ -86.84203, 21.15399 ], [ -86.84247, 21.15383 ], [ -86.84273, 21.15376 ], [ -86.8428, 21.15372 ], [ -86.84294, 21.15346 ], [ -86.84298, 21.15341 ], [ -86.8428, 21.15321 ], [ -86.84215, 21.15263 ], [ -86.84204, 21.15248 ], [ -86.8418, 21.1523 ], [ -86.84153, 21.15205 ], [ -86.84029, 21.15081 ], [ -86.84053, 21.15049 ], [ -86.84132, 21.14955 ], [ -86.84221, 21.14853 ], [ -86.84236, 21.14831 ], [ -86.84256, 21.14806 ], [ -86.84299, 21.14776 ], [ -86.84325, 21.14721 ], [ -86.84386, 21.14649 ], [ -86.84427, 21.14594 ], [ -86.84537, 21.14464 ], [ -86.84636, 21.14342 ], [ -86.8467, 21.14306 ], [ -86.84687, 21.14329 ], [ -86.8472, 21.14386 ], [ -86.84761, 21.14444 ], [ -86.8481, 21.14535 ], [ -86.84853, 21.1461 ], [ -86.84887, 21.14657 ], [ -86.84964, 21.14782 ], [ -86.85035, 21.14885 ], [ -86.8509, 21.14979 ], [ -86.85133, 21.14968 ], [ -86.85291, 21.14917 ], [ -86.85374, 21.14889 ], [ -86.85509, 21.14847 ], [ -86.85651, 21.148 ], [ -86.85666, 21.14797 ], [ -86.85637, 21.14384 ], [ -86.85637, 21.14357 ], [ -86.85807, 21.14347 ], [ -86.86016, 21.14331 ], [ -86.86165, 21.14323 ], [ -86.86236, 21.14315 ], [ -86.86315, 21.14312 ], [ -86.8644, 21.14302 ], [ -86.86564, 21.14296 ], [ -86.86596, 21.14292 ], [ -86.86608, 21.14294 ], [ -86.86624, 21.14288 ], [ -86.86648, 21.14284 ], [ -86.86828, 21.14273 ], [ -86.8692, 21.14263 ], [ -86.86952, 21.14263 ], [ -86.86957, 21.14286 ], [ -86.87229, 21.14267 ], [ -86.87275, 21.14266 ], [ -86.87591, 21.14242 ], [ -86.87705, 21.14235 ], [ -86.87713, 21.14236 ], [ -86.87716, 21.14265 ], [ -86.87731, 21.14264 ], [ -86.8772, 21.14141 ], [ -86.87714, 21.1402 ], [ -86.87107, 21.14005 ], [ -86.86587, 21.13996 ], [ -86.86593, 21.1415 ], [ -86.8656, 21.14152 ], [ -86.86385, 21.14165 ], [ -86.86258, 21.14172 ], [ -86.86123, 21.14184 ], [ -86.86094, 21.14183 ], [ -86.85993, 21.14193 ], [ -86.85885, 21.14198 ], [ -86.85646, 21.14214 ], [ -86.8562, 21.14225 ], [ -86.85611, 21.14231 ], [ -86.85612, 21.14257 ], [ -86.85621, 21.14343 ], [ -86.85624, 21.14443 ], [ -86.85634, 21.14547 ], [ -86.85636, 21.14599 ], [ -86.85643, 21.14654 ], [ -86.85647, 21.14762 ], [ -86.85598, 21.14782 ], [ -86.85461, 21.14827 ], [ -86.85364, 21.14856 ], [ -86.85297, 21.14878 ], [ -86.85264, 21.14888 ], [ -86.85232, 21.149 ], [ -86.85087, 21.14945 ], [ -86.85042, 21.14877 ], [ -86.84955, 21.14733 ], [ -86.84832, 21.14543 ], [ -86.848, 21.14484 ], [ -86.84765, 21.14427 ], [ -86.84752, 21.14409 ], [ -86.84715, 21.14351 ], [ -86.84692, 21.14311 ], [ -86.84672, 21.14285 ], [ -86.84644, 21.14314 ], [ -86.84562, 21.14418 ], [ -86.84446, 21.14554 ], [ -86.84358, 21.14664 ], [ -86.84334, 21.14691 ], [ -86.84292, 21.14745 ], [ -86.84281, 21.14761 ], [ -86.84222, 21.14825 ], [ -86.84137, 21.1493 ], [ -86.84097, 21.14977 ], [ -86.84058, 21.15026 ], [ -86.84025, 21.15062 ], [ -86.84018, 21.15075 ], [ -86.84008, 21.15081 ], [ -86.83936, 21.15169 ], [ -86.83912, 21.15194 ], [ -86.83863, 21.15251 ], [ -86.83853, 21.15272 ], [ -86.83847, 21.15293 ], [ -86.83847, 21.15314 ], [ -86.83854, 21.15334 ], [ -86.83852, 21.15346 ], [ -86.83847, 21.15356 ], [ -86.83834, 21.15364 ], [ -86.83647, 21.15424 ], [ -86.83584, 21.15443 ], [ -86.835, 21.15465 ], [ -86.8348, 21.15472 ], [ -86.83439, 21.1549 ], [ -86.83338, 21.15523 ], [ -86.83236, 21.15558 ], [ -86.83192, 21.15568 ], [ -86.83165, 21.15571 ], [ -86.83109, 21.15585 ], [ -86.82969, 21.15602 ], [ -86.82953, 21.15603 ], [ -86.82891, 21.15591 ], [ -86.82874, 21.15592 ], [ -86.82722, 21.15634 ], [ -86.82616, 21.15667 ], [ -86.82596, 21.15666 ], [ -86.82576, 21.15664 ], [ -86.82518, 21.15648 ], [ -86.82472, 21.15642 ], [ -86.82426, 21.15631 ], [ -86.8231, 21.15593 ], [ -86.82264, 21.15574 ], [ -86.82215, 21.15557 ], [ -86.82172, 21.15544 ], [ -86.82156, 21.15542 ], [ -86.82114, 21.15541 ], [ -86.82092, 21.15541 ], [ -86.82067, 21.15545 ], [ -86.81857, 21.15588 ], [ -86.8183, 21.15599 ], [ -86.81725, 21.15656 ], [ -86.81692, 21.15669 ], [ -86.81657, 21.15677 ], [ -86.8125, 21.15764 ], [ -86.80869, 21.1585 ], [ -86.80668, 21.15893 ], [ -86.8063, 21.159 ], [ -86.80591, 21.15905 ], [ -86.80553, 21.15906 ], [ -86.80513, 21.15906 ], [ -86.80471, 21.15902 ], [ -86.80401, 21.15887 ], [ -86.80336, 21.15867 ], [ -86.80307, 21.15854 ], [ -86.80249, 21.15824 ], [ -86.80222, 21.15807 ], [ -86.80196, 21.15788 ], [ -86.80149, 21.15746 ], [ -86.80105, 21.15697 ], [ -86.80085, 21.15672 ], [ -86.8005, 21.15621 ], [ -86.79915, 21.15441 ], [ -86.79786, 21.15286 ], [ -86.79734, 21.15239 ], [ -86.79707, 21.15216 ], [ -86.7959, 21.15128 ], [ -86.79503, 21.1506 ], [ -86.79475, 21.15036 ], [ -86.79423, 21.14984 ], [ -86.79375, 21.14929 ], [ -86.79285, 21.1481 ], [ -86.79143, 21.14635 ], [ -86.78991, 21.14458 ], [ -86.78963, 21.1443 ], [ -86.78935, 21.14405 ], [ -86.78905, 21.14383 ], [ -86.78838, 21.14342 ], [ -86.78767, 21.14308 ], [ -86.78734, 21.14296 ], [ -86.78652, 21.14275 ], [ -86.78623, 21.14271 ], [ -86.78535, 21.14266 ], [ -86.78502, 21.14269 ], [ -86.78392, 21.14286 ], [ -86.78274, 21.14314 ], [ -86.78236, 21.14326 ], [ -86.78167, 21.14344 ], [ -86.7809, 21.14351 ], [ -86.77971, 21.14351 ], [ -86.77889, 21.14345 ], [ -86.77849, 21.14339 ], [ -86.77771, 21.14323 ], [ -86.77735, 21.14314 ], [ -86.77639, 21.14283 ], [ -86.77582, 21.14258 ], [ -86.7753, 21.14231 ], [ -86.77431, 21.14166 ], [ -86.7734, 21.14096 ], [ -86.77317, 21.14079 ], [ -86.77292, 21.14064 ], [ -86.77178, 21.13982 ], [ -86.76915, 21.13812 ], [ -86.76829, 21.13772 ], [ -86.76646, 21.13678 ], [ -86.76583, 21.13643 ], [ -86.7646, 21.13589 ], [ -86.76336, 21.13546 ], [ -86.76173, 21.13503 ], [ -86.76128, 21.13485 ], [ -86.76107, 21.13479 ], [ -86.7609, 21.13476 ], [ -86.76056, 21.13479 ], [ -86.75914, 21.13477 ], [ -86.75805, 21.13469 ], [ -86.75705, 21.13468 ], [ -86.75646, 21.13472 ], [ -86.75522, 21.13469 ], [ -86.75501, 21.1347 ], [ -86.75455, 21.13476 ], [ -86.75405, 21.13487 ], [ -86.75347, 21.13509 ], [ -86.75286, 21.13543 ], [ -86.75125, 21.13656 ], [ -86.75098, 21.13671 ], [ -86.75071, 21.1368 ], [ -86.75026, 21.13688 ], [ -86.75009, 21.13687 ], [ -86.74973, 21.13681 ], [ -86.74936, 21.13668 ], [ -86.74904, 21.13647 ], [ -86.74869, 21.1362 ], [ -86.74855, 21.13603 ], [ -86.74832, 21.13569 ], [ -86.74823, 21.1355 ], [ -86.74809, 21.13513 ], [ -86.74804, 21.13496 ], [ -86.74801, 21.13471 ], [ -86.74801, 21.13427 ], [ -86.74817, 21.13369 ], [ -86.74852, 21.13272 ], [ -86.74859, 21.13253 ], [ -86.74887, 21.13199 ], [ -86.74904, 21.13159 ], [ -86.74964, 21.13061 ], [ -86.74997, 21.13014 ], [ -86.7502, 21.12983 ], [ -86.75061, 21.12937 ], [ -86.75106, 21.12883 ], [ -86.75143, 21.12848 ], [ -86.7529, 21.12724 ], [ -86.75327, 21.12684 ], [ -86.75347, 21.1266 ], [ -86.75383, 21.12613 ], [ -86.75419, 21.12562 ], [ -86.75434, 21.12538 ], [ -86.75485, 21.12432 ], [ -86.75514, 21.12339 ], [ -86.75518, 21.12315 ], [ -86.75527, 21.12242 ], [ -86.75531, 21.12224 ], [ -86.75551, 21.12188 ], [ -86.75604, 21.12109 ], [ -86.75618, 21.12081 ], [ -86.75644, 21.12026 ], [ -86.7566, 21.12 ], [ -86.75668, 21.11987 ], [ -86.75708, 21.11936 ], [ -86.75728, 21.11903 ], [ -86.75732, 21.11886 ], [ -86.75736, 21.1188 ], [ -86.75737, 21.11865 ], [ -86.75736, 21.11824 ], [ -86.75732, 21.11762 ], [ -86.75734, 21.11751 ], [ -86.75737, 21.11746 ], [ -86.75742, 21.11731 ], [ -86.75758, 21.117 ], [ -86.75808, 21.1162 ], [ -86.75857, 21.11533 ], [ -86.75892, 21.11501 ], [ -86.75914, 21.11484 ], [ -86.75919, 21.11483 ], [ -86.75938, 21.11465 ], [ -86.76066, 21.11335 ], [ -86.76134, 21.11269 ], [ -86.76169, 21.11231 ], [ -86.76174, 21.11221 ], [ -86.76214, 21.11173 ], [ -86.76233, 21.11135 ], [ -86.76255, 21.11099 ], [ -86.76288, 21.11035 ], [ -86.76296, 21.11013 ], [ -86.76325, 21.1095 ], [ -86.76329, 21.10937 ], [ -86.7633, 21.10916 ], [ -86.76337, 21.10875 ], [ -86.76343, 21.10854 ], [ -86.76352, 21.10791 ], [ -86.7637, 21.10713 ], [ -86.76371, 21.10679 ], [ -86.76436, 21.10546 ], [ -86.76478, 21.1047 ], [ -86.76529, 21.10368 ], [ -86.76541, 21.10349 ], [ -86.76613, 21.10218 ], [ -86.7668, 21.10088 ], [ -86.76718, 21.10027 ], [ -86.76768, 21.09928 ], [ -86.7678, 21.0991 ], [ -86.76797, 21.09876 ], [ -86.76848, 21.0977 ], [ -86.76912, 21.09619 ], [ -86.76954, 21.09534 ], [ -86.76975, 21.09473 ], [ -86.76995, 21.09434 ], [ -86.77008, 21.09398 ], [ -86.77031, 21.09341 ], [ -86.77069, 21.09265 ], [ -86.77085, 21.09235 ], [ -86.77101, 21.09213 ], [ -86.77145, 21.09123 ], [ -86.77176, 21.09071 ], [ -86.77179, 21.09059 ], [ -86.77251, 21.08925 ], [ -86.77267, 21.08888 ], [ -86.77311, 21.08808 ], [ -86.77329, 21.08765 ], [ -86.77356, 21.08699 ], [ -86.77386, 21.08611 ], [ -86.77401, 21.08548 ], [ -86.77452, 21.08442 ], [ -86.77465, 21.08404 ], [ -86.77478, 21.08377 ], [ -86.77491, 21.08344 ], [ -86.77549, 21.08211 ], [ -86.77572, 21.08149 ], [ -86.77584, 21.08105 ], [ -86.77594, 21.08078 ], [ -86.77604, 21.08035 ], [ -86.77633, 21.07941 ], [ -86.77656, 21.07874 ], [ -86.77665, 21.0784 ], [ -86.77689, 21.07772 ], [ -86.7771, 21.07692 ], [ -86.77736, 21.07612 ], [ -86.77767, 21.07508 ], [ -86.77783, 21.07466 ], [ -86.77839, 21.07381 ], [ -86.77906, 21.07274 ], [ -86.7794, 21.07224 ], [ -86.77949, 21.07208 ], [ -86.78022, 21.07099 ], [ -86.78075, 21.07012 ], [ -86.78091, 21.0698 ], [ -86.781, 21.06929 ], [ -86.781, 21.0688 ], [ -86.78097, 21.06863 ], [ -86.78089, 21.0683 ], [ -86.78066, 21.06782 ], [ -86.78043, 21.06727 ], [ -86.78009, 21.06633 ], [ -86.77994, 21.06576 ], [ -86.7798, 21.06493 ], [ -86.77978, 21.06471 ], [ -86.7798, 21.06399 ], [ -86.7798, 21.0635 ], [ -86.77976, 21.06326 ], [ -86.77959, 21.06255 ], [ -86.77957, 21.06231 ], [ -86.77957, 21.0621 ], [ -86.77959, 21.06189 ], [ -86.77964, 21.06169 ], [ -86.77975, 21.06133 ], [ -86.77998, 21.06081 ], [ -86.78008, 21.06064 ], [ -86.78019, 21.06047 ], [ -86.78041, 21.06028 ], [ -86.78082, 21.05987 ], [ -86.78115, 21.0596 ], [ -86.78135, 21.05941 ], [ -86.78152, 21.05921 ], [ -86.78167, 21.05897 ], [ -86.78174, 21.05883 ], [ -86.78192, 21.05822 ], [ -86.78199, 21.0579 ], [ -86.78218, 21.05725 ], [ -86.78239, 21.0566 ], [ -86.7826, 21.05612 ], [ -86.78264, 21.05595 ], [ -86.7827, 21.0556 ], [ -86.78271, 21.05541 ], [ -86.78269, 21.05503 ], [ -86.78277, 21.05375 ], [ -86.78286, 21.05303 ], [ -86.78302, 21.05109 ], [ -86.78306, 21.05073 ], [ -86.78312, 21.04999 ], [ -86.78318, 21.0496 ], [ -86.78325, 21.04926 ], [ -86.78331, 21.04888 ], [ -86.7834, 21.04754 ], [ -86.78338, 21.04706 ], [ -86.78335, 21.04682 ], [ -86.78324, 21.04509 ], [ -86.78311, 21.04352 ], [ -86.78309, 21.04313 ], [ -86.78313, 21.04225 ], [ -86.78318, 21.04191 ], [ -86.78331, 21.04124 ], [ -86.78331, 21.04114 ], [ -86.78328, 21.04107 ], [ -86.78318, 21.04098 ], [ -86.78309, 21.04098 ], [ -86.78301, 21.04104 ], [ -86.78293, 21.04116 ], [ -86.78288, 21.04133 ], [ -86.78285, 21.0417 ], [ -86.78286, 21.04194 ], [ -86.78291, 21.04226 ] ] } },
{ "type": "Feature", "properties": { "ciudad_nombre": "Cancún", "encodedLine": "yzl_CfxtpO{Oh@_KVkFOk]yAoOw@ePuCi@Me@Oa@U_@Y}CkDq@q@YWy@c@a@Se@OiDw@i@IwAOk@C{ABm@B}ARg[tEsAJc@@_@E_Co@qD_AmBi@kBu@g@[c@UmAw@sEmC_By@e@[y@q@mB]eBU_B_@gB[iBa@eC_@_Ck@eFgAeIkBmAOQKUCaAYsI{CaCk@kDkAaFgAm@OoHgCmG_CqEoBiDuAwFmCqFkBcDaAqAe@uA_@wBy@cDaAsBw@oE}AsAi@e@YiD{AiDaBcSyIsCiAaBs@uFuBeACg@EcC[iCc@gDc@yDeAeCeAeAi@_CyA}AmAu@{@]q@e@k@wCuBo@y@aCuBIQwAcBYSiBy@sDmBwAm@s@M]Cc@?gBJaAEWGs@a@qAaA{@i@iBu@iA[cAc@[S}@a@qAaAu@_@[KaAKiBAe@EoB_@qA[i@Qg@SiD{A_CyAeCoBc@c@gBqBcAwAgAwAwC{CuAy@aBqAiBmAcDkCwBmByAaAg@_@}A_Bu@}@s@_A]_@c@[iAs@e@Ka@Ce@Dk@J[JULe@n@{AzCiB`DmBbC]^aAv@{@|@_@v@K^M`AA^FtALp@Xn@t@`A\\\\Zd@Vj@RbAR`@JbATn@\\\\XPj@j@|@zAz@~BXxAHl@JhCEjG?`GEvDIfC?dBc@bHgA`H_@nBQv@kAnEqBtFWl@s@tAg@vAcAhCaFxKsAzBmAdCu@pAgEzGs@rAw@`AuArBoArBsAbCgA`BaC~Du@hBo@fCQfAQzC?`DDjANlA^tBf@fBfCjHPp@b@jCNjDAjBSdDW`BQp@Sr@wAhDeAlBg@t@oCfCiBvAaHhFqDvCaFfD}AtAq@d@iChCwA`BcH|JsCtC{CbCuCbCoBrA{A|@}BhBsDdCk@d@gAbAwAnBc@f@_A|Bi@|Ac@dBYzBI`AGfA?tAFxAHtA^xCt@hFPlBdAnHRrBPj@hDfWfBtNZ|BtAtKTdD?t@E`@Kf@}CrMYfAy@tDuCdMa@hB[lCA^JP\\\\ZTb@\\\\z@\\\\pAhDjPrBhJBdAA\\\\CVBV`@`Ar@dARd@Rv@nCrMbFlUHfCpAcAvCH|BzJxK~f@fI|^b@vBXdDpBhs@rBls@bAz_@EpAmBbGdJ`U_KdFgIbDiIfE}L`G_DtAbCrGjFjNjH~Pz@~BpE`LuB`A~AzDhDzI`AzBwHnDoF~BbAbCbAvBVxA_@NwGzCyAjAs@bCk@dDkAbDqA|AiBhAgHbDs@Cc@h@mGlCgChBuDpBg@CSb@J`@ZFjAxCxDzINj@@lBWPF`@RPXGFc@Q]AcBMk@uDuJkAqCJUQe@]E]TCR_DvA}KpFm@Og@RqBmAuC{@BvKC`O{K@?r@?j@`L@BeNAwFCiFnBj@jClATl@j@H`@[H]pJ{EfEmBn@GX_@rDcBbCsBjGqCl@C\\\\g@`IwC`BoAvAyArAuDbAkFjAeBlHqDn@Go@oC@[w@{Bo@eBrB_AfGuCnCmA{H{RlB{@iE}KwEqLyCgHwHiSs@sBjD}AzLeGjCkAzCcBlKmE`JaE_CmGiFoM|B}D`AwASiFaC{v@aC_y@y@wX{H{[mI{`@}Hy\\\\kAyD]wA_DkN_DeOK{@Mi@i@aBm@{C_BuGOqACg@YkBMaASwD?aAFaALeAkAsGmAkGDm@Hg@Hm@B@D[L_AHuA^uBPaAj@}BfA_EPiAF_A?wAQgBMs@}@yHUu@qBqEYaAOeAmDmXkDyVuAqKMkAImAAkA?oAFsALiA`@cCT_AXy@z@sB`@u@d@s@rA}A`BwAp@g@dBeAfJmGtHaG|AgBl@u@nDiFfCmDn@w@fBgBlB_BlFsD|I{G`JoHv@w@p@w@j@{@pAeCbAmCVaAh@cDFy@HoDEaAa@{Ew@kFWkAc@iCMyC?mFJcDJoA^{CPgA|@_Ep@qBt@gB`CeEjCuD`@m@\\\\q@bDcFrImOnAkDzDmJdA}BjBuFtAwFtAeIb@yAJi@Da@EcAB{GNyE@gEGuBDwFAi@K{AUcBSy@Wy@_@}@c@{@aFaI]u@Qu@G_DDc@XiAh@_At@eA`@[bAm@d@QjBe@p@EvA?rB^`EdAd@LjBv@jBp@dAl@`Bx@|BvAxBhBjBxAdAhAvFdHnAhAn@f@|AfAdBfAn@\\\\rEdBxDx@n@FpCPb@FfAf@|ChBv@ZlBr@r@^XNdBnA`Af@`@FJF\\\\@pAAzBGTBHD\\\\H|@^~CbBlD`B~@dA`@j@@Hb@d@bG~FbCfCjAdARH~AnAjAd@fAj@~B`Aj@N|Bx@XFh@@pALh@J|BPzCb@bA@hG`CvCrAjEdBd@VdGnCbGdCxBjAdEbBb@VbA`@rEdBlH~BhDrAxBh@lAf@fAXpBl@vCjAz@^j@^rDvAfB|@VDjGnChA^~CvAtAb@bCt@nDz@|B\\\\rEdBjAXt@X`AXhGrBzBl@vAVt@RtARzDx@dCl@bAPfCn@~Ch@~Cr@nE|@rA^hDnBtEdCbBbA^PxEpClDhB~@^dBP`B?`@E`AO~Am@lBm@zDcApB]dD[j@CnCB`B?n@GlCa@n@Ch@?h@Bf@HfATfBl@`@R`@Td@j@pApAt@`Ad@f@f@`@n@\\\\ZLxBb@~@L`Cd@`Ch@~Ah@`@FdAJd@@jAC~FNnCPbK^fAFrCJlAJbALjAJjGP~ACn@ExIUxHYlACnDFbAHdCXR?LEPS?QKOWOa@IiAEo@@_AH", "data.route.shortName": "Palmas - Zona Hotelera", "data.route.longName": "48_Palmas - Zona Hotelera", "slug": "ruta-48-palmas-zona-hotelera.4f3", "type": "Bus", "color": null, "trips": [ ], "shape_id": "shape_2298" }, "geometry": { "type": "LineString", "coordinates": [ [ -86.78292, 21.04253 ], [ -86.78313, 21.04523 ], [ -86.78325, 21.04715 ], [ -86.78317, 21.04833 ], [ -86.78272, 21.05319 ], [ -86.78244, 21.05583 ], [ -86.78169, 21.05858 ], [ -86.78162, 21.05879 ], [ -86.78154, 21.05898 ], [ -86.78143, 21.05915 ], [ -86.7813, 21.05931 ], [ -86.78044, 21.0601 ], [ -86.78019, 21.06035 ], [ -86.78007, 21.06048 ], [ -86.77989, 21.06077 ], [ -86.77979, 21.06094 ], [ -86.77971, 21.06113 ], [ -86.77943, 21.06198 ], [ -86.77938, 21.06219 ], [ -86.7793, 21.06263 ], [ -86.77928, 21.06285 ], [ -86.7793, 21.06331 ], [ -86.77932, 21.06354 ], [ -86.77942, 21.06401 ], [ -86.78049, 21.06853 ], [ -86.78055, 21.06895 ], [ -86.78056, 21.06913 ], [ -86.78053, 21.06929 ], [ -86.78029, 21.06993 ], [ -86.77997, 21.07082 ], [ -86.77976, 21.07137 ], [ -86.77949, 21.07191 ], [ -86.77935, 21.07211 ], [ -86.77924, 21.07229 ], [ -86.77896, 21.07268 ], [ -86.77825, 21.07374 ], [ -86.77796, 21.07422 ], [ -86.77782, 21.07441 ], [ -86.77757, 21.0747 ], [ -86.77742, 21.07525 ], [ -86.77731, 21.07576 ], [ -86.77715, 21.07624 ], [ -86.77701, 21.07676 ], [ -86.77684, 21.07729 ], [ -86.77668, 21.07796 ], [ -86.77646, 21.0786 ], [ -86.7761, 21.07975 ], [ -86.77556, 21.08138 ], [ -86.77548, 21.08177 ], [ -86.77542, 21.08186 ], [ -86.7754, 21.08197 ], [ -86.77527, 21.0823 ], [ -86.77449, 21.084 ], [ -86.77427, 21.08465 ], [ -86.77389, 21.08551 ], [ -86.77353, 21.08664 ], [ -86.77345, 21.08687 ], [ -86.77277, 21.08839 ], [ -86.77213, 21.08974 ], [ -86.77157, 21.09079 ], [ -86.77114, 21.09164 ], [ -86.77043, 21.09288 ], [ -86.76989, 21.09409 ], [ -86.76956, 21.09491 ], [ -86.76937, 21.09532 ], [ -86.76921, 21.09575 ], [ -86.76892, 21.09635 ], [ -86.76859, 21.09717 ], [ -86.76831, 21.09775 ], [ -86.76784, 21.09879 ], [ -86.76763, 21.09921 ], [ -86.7675, 21.0994 ], [ -86.76704, 21.10025 ], [ -86.76655, 21.1011 ], [ -86.76482, 21.10432 ], [ -86.76445, 21.10506 ], [ -86.76419, 21.10555 ], [ -86.7636, 21.10678 ], [ -86.76358, 21.10713 ], [ -86.76355, 21.10733 ], [ -86.76341, 21.10799 ], [ -86.76323, 21.10868 ], [ -86.76305, 21.10952 ], [ -86.7627, 21.11045 ], [ -86.76235, 21.11112 ], [ -86.76214, 21.11147 ], [ -86.76169, 21.11211 ], [ -86.7613, 21.11258 ], [ -86.761, 21.11285 ], [ -86.76075, 21.113 ], [ -86.76053, 21.11319 ], [ -86.75994, 21.11395 ], [ -86.75965, 21.11419 ], [ -86.75906, 21.11484 ], [ -86.75897, 21.11489 ], [ -86.75847, 21.11533 ], [ -86.75837, 21.11546 ], [ -86.75808, 21.11599 ], [ -86.75753, 21.11689 ], [ -86.7573, 21.11733 ], [ -86.75723, 21.11759 ], [ -86.75721, 21.11774 ], [ -86.75721, 21.11792 ], [ -86.75727, 21.11844 ], [ -86.75724, 21.11877 ], [ -86.7572, 21.11889 ], [ -86.75703, 21.11915 ], [ -86.7567, 21.11956 ], [ -86.75649, 21.11986 ], [ -86.75622, 21.12039 ], [ -86.75608, 21.12076 ], [ -86.7559, 21.1211 ], [ -86.7558, 21.12124 ], [ -86.75563, 21.12155 ], [ -86.7553, 21.12196 ], [ -86.75514, 21.12223 ], [ -86.75508, 21.12237 ], [ -86.75502, 21.1227 ], [ -86.75501, 21.12323 ], [ -86.75498, 21.12342 ], [ -86.75482, 21.12398 ], [ -86.75468, 21.12439 ], [ -86.75459, 21.1246 ], [ -86.75449, 21.1248 ], [ -86.75403, 21.12565 ], [ -86.75358, 21.12629 ], [ -86.75302, 21.12696 ], [ -86.75284, 21.12714 ], [ -86.75227, 21.12766 ], [ -86.75183, 21.128 ], [ -86.75139, 21.12836 ], [ -86.75061, 21.12912 ], [ -86.75032, 21.12955 ], [ -86.74991, 21.13004 ], [ -86.74952, 21.13057 ], [ -86.74882, 21.13139 ], [ -86.74827, 21.13199 ], [ -86.74794, 21.13244 ], [ -86.74778, 21.13264 ], [ -86.7473, 21.13311 ], [ -86.74699, 21.13338 ], [ -86.74667, 21.13364 ], [ -86.74651, 21.13379 ], [ -86.74637, 21.13397 ], [ -86.74611, 21.13434 ], [ -86.74605, 21.13453 ], [ -86.74603, 21.1347 ], [ -86.74606, 21.13489 ], [ -86.74612, 21.13511 ], [ -86.74618, 21.13525 ], [ -86.74625, 21.13536 ], [ -86.74649, 21.13555 ], [ -86.74727, 21.13601 ], [ -86.74808, 21.13654 ], [ -86.74874, 21.13709 ], [ -86.7489, 21.13724 ], [ -86.74918, 21.13757 ], [ -86.74949, 21.13787 ], [ -86.74977, 21.13803 ], [ -86.74993, 21.13809 ], [ -86.75026, 21.13816 ], [ -86.75042, 21.13817 ], [ -86.75085, 21.13813 ], [ -86.7511, 21.13806 ], [ -86.75134, 21.13793 ], [ -86.75167, 21.13766 ], [ -86.75181, 21.13751 ], [ -86.75193, 21.13732 ], [ -86.75203, 21.1371 ], [ -86.75213, 21.13676 ], [ -86.75219, 21.13659 ], [ -86.7523, 21.13625 ], [ -86.75245, 21.13601 ], [ -86.75254, 21.13588 ], [ -86.75276, 21.13566 ], [ -86.75322, 21.13535 ], [ -86.75386, 21.13505 ], [ -86.75431, 21.13492 ], [ -86.75454, 21.13487 ], [ -86.75523, 21.13481 ], [ -86.75657, 21.13484 ], [ -86.75786, 21.13484 ], [ -86.75878, 21.13487 ], [ -86.75946, 21.13492 ], [ -86.75997, 21.13492 ], [ -86.76143, 21.1351 ], [ -86.76288, 21.13546 ], [ -86.76344, 21.13562 ], [ -86.76372, 21.13571 ], [ -86.76476, 21.13609 ], [ -86.76599, 21.13666 ], [ -86.76622, 21.13678 ], [ -86.76665, 21.13704 ], [ -86.76709, 21.13724 ], [ -86.76778, 21.13758 ], [ -86.76983, 21.13871 ], [ -86.77045, 21.13913 ], [ -86.77112, 21.13952 ], [ -86.77153, 21.13979 ], [ -86.77295, 21.14079 ], [ -86.77337, 21.14105 ], [ -86.7737, 21.14133 ], [ -86.77428, 21.14176 ], [ -86.77486, 21.14216 ], [ -86.77552, 21.14258 ], [ -86.77601, 21.14294 ], [ -86.77697, 21.14359 ], [ -86.7775, 21.14386 ], [ -86.77818, 21.1441 ], [ -86.77854, 21.14419 ], [ -86.77932, 21.14428 ], [ -86.78013, 21.14428 ], [ -86.78051, 21.14425 ], [ -86.7809, 21.14417 ], [ -86.78149, 21.14401 ], [ -86.78201, 21.14381 ], [ -86.78351, 21.14313 ], [ -86.78376, 21.14304 ], [ -86.78446, 21.14286 ], [ -86.78532, 21.14278 ], [ -86.78586, 21.14279 ], [ -86.78669, 21.14289 ], [ -86.78718, 21.14301 ], [ -86.78743, 21.1431 ], [ -86.78769, 21.1432 ], [ -86.78854, 21.14364 ], [ -86.78909, 21.14399 ], [ -86.78936, 21.14419 ], [ -86.79004, 21.14491 ], [ -86.79048, 21.14544 ], [ -86.79165, 21.14689 ], [ -86.79241, 21.14778 ], [ -86.79325, 21.14891 ], [ -86.79368, 21.14938 ], [ -86.79387, 21.14963 ], [ -86.79456, 21.15032 ], [ -86.79505, 21.15076 ], [ -86.79696, 21.15222 ], [ -86.79771, 21.15296 ], [ -86.79837, 21.15374 ], [ -86.79903, 21.15449 ], [ -86.79945, 21.15505 ], [ -86.79976, 21.15551 ], [ -86.80029, 21.15614 ], [ -86.80096, 21.15704 ], [ -86.80115, 21.15726 ], [ -86.80149, 21.15762 ], [ -86.80205, 21.15806 ], [ -86.80225, 21.15824 ], [ -86.80288, 21.15856 ], [ -86.80335, 21.15877 ], [ -86.80386, 21.15895 ], [ -86.80448, 21.15908 ], [ -86.80481, 21.15913 ], [ -86.80517, 21.15917 ], [ -86.8056, 21.15917 ], [ -86.80605, 21.15913 ], [ -86.80648, 21.15908 ], [ -86.80725, 21.15892 ], [ -86.80842, 21.15865 ], [ -86.80897, 21.15856 ], [ -86.81049, 21.15821 ], [ -86.81107, 21.15811 ], [ -86.81129, 21.15802 ], [ -86.81517, 21.15717 ], [ -86.81768, 21.15665 ], [ -86.81831, 21.15651 ], [ -86.82034, 21.15608 ], [ -86.82117, 21.15597 ], [ -86.82144, 21.15597 ], [ -86.82161, 21.156 ], [ -86.82181, 21.15606 ], [ -86.82415, 21.15685 ], [ -86.82451, 21.15698 ], [ -86.82542, 21.15727 ], [ -86.82769, 21.15802 ], [ -86.82822, 21.15819 ], [ -86.82893, 21.15833 ], [ -86.82909, 21.15834 ], [ -86.82918, 21.15828 ], [ -86.82932, 21.15813 ], [ -86.8295, 21.15802 ], [ -86.8298, 21.15787 ], [ -86.83021, 21.15772 ], [ -86.83299, 21.15687 ], [ -86.8348, 21.15629 ], [ -86.83515, 21.15627 ], [ -86.8353, 21.15628 ], [ -86.83542, 21.1563 ], [ -86.83554, 21.15628 ], [ -86.83587, 21.15611 ], [ -86.83622, 21.15585 ], [ -86.83641, 21.15575 ], [ -86.83669, 21.15565 ], [ -86.83903, 21.15493 ], [ -86.84262, 21.15379 ], [ -86.8433, 21.15374 ], [ -86.84296, 21.15333 ], [ -86.84301, 21.15257 ], [ -86.84491, 21.15194 ], [ -86.85131, 21.14989 ], [ -86.85642, 21.14825 ], [ -86.85702, 21.14807 ], [ -86.85785, 21.14794 ], [ -86.86622, 21.14737 ], [ -86.87461, 21.14679 ], [ -86.87987, 21.14645 ], [ -86.88028, 21.14648 ], [ -86.88158, 21.14703 ], [ -86.88511, 21.14524 ], [ -86.88626, 21.14716 ], [ -86.88708, 21.1488 ], [ -86.88808, 21.15045 ], [ -86.88937, 21.15268 ], [ -86.8898, 21.15348 ], [ -86.89118, 21.15282 ], [ -86.89364, 21.15164 ], [ -86.89652, 21.15014 ], [ -86.89716, 21.14984 ], [ -86.89925, 21.14879 ], [ -86.89958, 21.14938 ], [ -86.90052, 21.1489 ], [ -86.90226, 21.14805 ], [ -86.90288, 21.14772 ], [ -86.90376, 21.14928 ], [ -86.9044, 21.15048 ], [ -86.90506, 21.15014 ], [ -86.90566, 21.1498 ], [ -86.90611, 21.14968 ], [ -86.90619, 21.14984 ], [ -86.90697, 21.15124 ], [ -86.90735, 21.15169 ], [ -86.90801, 21.15195 ], [ -86.90884, 21.15217 ], [ -86.90966, 21.15255 ], [ -86.91013, 21.15296 ], [ -86.9105, 21.15349 ], [ -86.91132, 21.15497 ], [ -86.9113, 21.15523 ], [ -86.91151, 21.15541 ], [ -86.91222, 21.15676 ], [ -86.91275, 21.15744 ], [ -86.91332, 21.15835 ], [ -86.9133, 21.15855 ], [ -86.91348, 21.15865 ], [ -86.91365, 21.15859 ], [ -86.91369, 21.15845 ], [ -86.91446, 21.15807 ], [ -86.9162, 21.15714 ], [ -86.91642, 21.15706 ], [ -86.91697, 21.15705 ], [ -86.91706, 21.15717 ], [ -86.91723, 21.15713 ], [ -86.91732, 21.15703 ], [ -86.91728, 21.1569 ], [ -86.9171, 21.15686 ], [ -86.91695, 21.15695 ], [ -86.91645, 21.15696 ], [ -86.91623, 21.15703 ], [ -86.91436, 21.15794 ], [ -86.91363, 21.15832 ], [ -86.91352, 21.15826 ], [ -86.91333, 21.15835 ], [ -86.9133, 21.1585 ], [ -86.91341, 21.15865 ], [ -86.91351, 21.15867 ], [ -86.91395, 21.15947 ], [ -86.91516, 21.16154 ], [ -86.91508, 21.16177 ], [ -86.91518, 21.16197 ], [ -86.91479, 21.16254 ], [ -86.91449, 21.16329 ], [ -86.91653, 21.16327 ], [ -86.9191, 21.16329 ], [ -86.91911, 21.16535 ], [ -86.91937, 21.16535 ], [ -86.91959, 21.16535 ], [ -86.9196, 21.16326 ], [ -86.91717, 21.16324 ], [ -86.91593, 21.16325 ], [ -86.91476, 21.16327 ], [ -86.91498, 21.16271 ], [ -86.91537, 21.16201 ], [ -86.9156, 21.1619 ], [ -86.91565, 21.16168 ], [ -86.91551, 21.16151 ], [ -86.91536, 21.16146 ], [ -86.91426, 21.15961 ], [ -86.91371, 21.15861 ], [ -86.91367, 21.15837 ], [ -86.91351, 21.15824 ], [ -86.91301, 21.15734 ], [ -86.91243, 21.15668 ], [ -86.9117, 21.15534 ], [ -86.91168, 21.15511 ], [ -86.91148, 21.15496 ], [ -86.91072, 21.15335 ], [ -86.91032, 21.15286 ], [ -86.90987, 21.15242 ], [ -86.90896, 21.152 ], [ -86.90778, 21.15166 ], [ -86.90727, 21.15128 ], [ -86.90638, 21.14977 ], [ -86.90634, 21.14953 ], [ -86.90562, 21.14977 ], [ -86.90548, 21.14976 ], [ -86.90486, 21.15004 ], [ -86.90435, 21.15028 ], [ -86.90403, 21.1497 ], [ -86.90328, 21.14838 ], [ -86.90289, 21.14766 ], [ -86.89971, 21.14924 ], [ -86.89941, 21.14869 ], [ -86.89734, 21.1497 ], [ -86.89517, 21.15078 ], [ -86.89369, 21.15155 ], [ -86.89044, 21.15311 ], [ -86.88986, 21.15337 ], [ -86.88939, 21.15251 ], [ -86.88808, 21.15029 ], [ -86.8877, 21.14959 ], [ -86.8872, 21.14881 ], [ -86.88617, 21.14682 ], [ -86.8852, 21.14505 ], [ -86.88385, 21.14569 ], [ -86.88153, 21.14686 ], [ -86.88058, 21.14623 ], [ -86.88014, 21.1459 ], [ -86.87897, 21.146 ], [ -86.87003, 21.14665 ], [ -86.86075, 21.1473 ], [ -86.85663, 21.14759 ], [ -86.85201, 21.14917 ], [ -86.84659, 21.15084 ], [ -86.84182, 21.15243 ], [ -86.84089, 21.15281 ], [ -86.84045, 21.15296 ], [ -86.83799, 21.15376 ], [ -86.8354, 21.15456 ], [ -86.8351, 21.15462 ], [ -86.83489, 21.15469 ], [ -86.8344, 21.1549 ], [ -86.83362, 21.15513 ], [ -86.83223, 21.15561 ], [ -86.83182, 21.15569 ], [ -86.83162, 21.15571 ], [ -86.83108, 21.15584 ], [ -86.83075, 21.15591 ], [ -86.82983, 21.15601 ], [ -86.8295, 21.15601 ], [ -86.82917, 21.15597 ], [ -86.82882, 21.1559 ], [ -86.82744, 21.15628 ], [ -86.8261, 21.15667 ], [ -86.82587, 21.15664 ], [ -86.82567, 21.15659 ], [ -86.82544, 21.15654 ], [ -86.82545, 21.15652 ], [ -86.82531, 21.15649 ], [ -86.82499, 21.15642 ], [ -86.82456, 21.15637 ], [ -86.82397, 21.15621 ], [ -86.82364, 21.15612 ], [ -86.82301, 21.1559 ], [ -86.82205, 21.15554 ], [ -86.82168, 21.15545 ], [ -86.82136, 21.15541 ], [ -86.82092, 21.15541 ], [ -86.8204, 21.1555 ], [ -86.82014, 21.15557 ], [ -86.81857, 21.15588 ], [ -86.8183, 21.15599 ], [ -86.81725, 21.15656 ], [ -86.81692, 21.15669 ], [ -86.81657, 21.15677 ], [ -86.8125, 21.15764 ], [ -86.80869, 21.1585 ], [ -86.80668, 21.15893 ], [ -86.8063, 21.159 ], [ -86.80591, 21.15905 ], [ -86.80553, 21.15906 ], [ -86.80513, 21.15906 ], [ -86.80471, 21.15902 ], [ -86.80434, 21.15895 ], [ -86.80368, 21.15878 ], [ -86.80336, 21.15867 ], [ -86.80307, 21.15854 ], [ -86.80249, 21.15824 ], [ -86.80222, 21.15807 ], [ -86.80196, 21.15788 ], [ -86.80149, 21.15746 ], [ -86.80105, 21.15697 ], [ -86.80085, 21.15672 ], [ -86.8005, 21.15621 ], [ -86.79915, 21.15441 ], [ -86.79786, 21.15286 ], [ -86.79734, 21.15239 ], [ -86.79707, 21.15216 ], [ -86.7959, 21.15128 ], [ -86.79503, 21.1506 ], [ -86.79475, 21.15036 ], [ -86.79423, 21.14984 ], [ -86.79375, 21.14929 ], [ -86.79285, 21.1481 ], [ -86.79143, 21.14635 ], [ -86.78991, 21.14458 ], [ -86.78963, 21.1443 ], [ -86.78935, 21.14405 ], [ -86.78905, 21.14383 ], [ -86.78838, 21.14342 ], [ -86.78767, 21.14308 ], [ -86.78734, 21.14296 ], [ -86.78652, 21.14275 ], [ -86.78623, 21.14271 ], [ -86.78535, 21.14266 ], [ -86.78502, 21.14269 ], [ -86.78392, 21.14286 ], [ -86.78274, 21.14314 ], [ -86.78236, 21.14326 ], [ -86.78167, 21.14344 ], [ -86.7809, 21.14351 ], [ -86.77971, 21.14351 ], [ -86.77889, 21.14345 ], [ -86.77849, 21.14339 ], [ -86.77771, 21.14323 ], [ -86.77735, 21.14314 ], [ -86.77639, 21.14283 ], [ -86.77582, 21.14258 ], [ -86.7753, 21.14231 ], [ -86.77431, 21.14166 ], [ -86.7734, 21.14096 ], [ -86.77317, 21.14079 ], [ -86.77292, 21.14064 ], [ -86.77178, 21.13982 ], [ -86.76915, 21.13812 ], [ -86.76829, 21.13772 ], [ -86.76646, 21.13678 ], [ -86.76583, 21.13643 ], [ -86.7646, 21.13589 ], [ -86.76336, 21.13546 ], [ -86.76173, 21.13503 ], [ -86.76128, 21.13485 ], [ -86.76107, 21.13479 ], [ -86.7609, 21.13476 ], [ -86.76056, 21.13479 ], [ -86.75914, 21.13477 ], [ -86.75805, 21.13469 ], [ -86.75705, 21.13468 ], [ -86.75646, 21.13472 ], [ -86.75522, 21.13469 ], [ -86.75501, 21.1347 ], [ -86.75455, 21.13476 ], [ -86.75405, 21.13487 ], [ -86.75376, 21.13497 ], [ -86.75347, 21.13509 ], [ -86.75316, 21.13525 ], [ -86.75286, 21.13543 ], [ -86.75125, 21.13656 ], [ -86.75098, 21.13671 ], [ -86.75071, 21.1368 ], [ -86.74991, 21.13684 ], [ -86.74973, 21.13681 ], [ -86.74936, 21.13668 ], [ -86.74904, 21.13647 ], [ -86.74869, 21.1362 ], [ -86.74855, 21.13603 ], [ -86.74832, 21.13569 ], [ -86.74823, 21.1355 ], [ -86.74804, 21.13496 ], [ -86.74801, 21.13471 ], [ -86.74801, 21.13427 ], [ -86.74817, 21.13369 ], [ -86.74852, 21.13272 ], [ -86.74859, 21.13253 ], [ -86.74887, 21.13199 ], [ -86.74912, 21.13145 ], [ -86.74935, 21.1311 ], [ -86.74964, 21.13061 ], [ -86.75008, 21.12998 ], [ -86.75061, 21.12937 ], [ -86.75106, 21.12883 ], [ -86.75143, 21.12848 ], [ -86.7529, 21.12724 ], [ -86.75327, 21.12684 ], [ -86.75347, 21.1266 ], [ -86.75383, 21.12613 ], [ -86.75419, 21.12562 ], [ -86.75434, 21.12538 ], [ -86.75485, 21.12432 ], [ -86.75514, 21.12339 ], [ -86.75518, 21.12315 ], [ -86.75527, 21.12242 ], [ -86.75531, 21.12224 ], [ -86.75551, 21.12188 ], [ -86.75604, 21.12109 ], [ -86.75618, 21.12081 ], [ -86.75644, 21.12026 ], [ -86.7566, 21.12 ], [ -86.75668, 21.11987 ], [ -86.75708, 21.11936 ], [ -86.75728, 21.11903 ], [ -86.75732, 21.11886 ], [ -86.75736, 21.1188 ], [ -86.75737, 21.11865 ], [ -86.75736, 21.11824 ], [ -86.75732, 21.11762 ], [ -86.75734, 21.11751 ], [ -86.75737, 21.11746 ], [ -86.75742, 21.11731 ], [ -86.75758, 21.117 ], [ -86.75808, 21.1162 ], [ -86.75857, 21.11533 ], [ -86.75892, 21.11501 ], [ -86.75914, 21.11484 ], [ -86.75919, 21.11483 ], [ -86.75938, 21.11465 ], [ -86.76066, 21.11335 ], [ -86.76134, 21.11269 ], [ -86.76169, 21.11231 ], [ -86.76174, 21.11221 ], [ -86.76214, 21.11173 ], [ -86.76233, 21.11135 ], [ -86.76255, 21.11099 ], [ -86.76288, 21.11035 ], [ -86.76296, 21.11013 ], [ -86.76325, 21.1095 ], [ -86.76329, 21.10937 ], [ -86.7633, 21.10916 ], [ -86.76337, 21.10875 ], [ -86.76343, 21.10854 ], [ -86.76352, 21.10791 ], [ -86.7637, 21.10713 ], [ -86.76371, 21.10679 ], [ -86.76436, 21.10546 ], [ -86.76478, 21.1047 ], [ -86.76529, 21.10368 ], [ -86.76541, 21.10349 ], [ -86.76613, 21.10218 ], [ -86.7668, 21.10088 ], [ -86.76718, 21.10027 ], [ -86.76768, 21.09928 ], [ -86.7678, 21.0991 ], [ -86.76797, 21.09876 ], [ -86.76848, 21.0977 ], [ -86.76912, 21.09619 ], [ -86.76954, 21.09534 ], [ -86.76975, 21.09473 ], [ -86.76995, 21.09434 ], [ -86.77008, 21.09398 ], [ -86.77031, 21.09341 ], [ -86.77069, 21.09265 ], [ -86.77085, 21.09235 ], [ -86.77101, 21.09213 ], [ -86.77145, 21.09123 ], [ -86.77176, 21.09071 ], [ -86.77179, 21.09059 ], [ -86.77251, 21.08925 ], [ -86.77267, 21.08888 ], [ -86.77311, 21.08808 ], [ -86.77329, 21.08765 ], [ -86.77356, 21.08699 ], [ -86.77386, 21.08611 ], [ -86.77401, 21.08548 ], [ -86.77452, 21.08442 ], [ -86.77465, 21.08404 ], [ -86.77478, 21.08377 ], [ -86.77491, 21.08344 ], [ -86.77549, 21.08211 ], [ -86.77572, 21.08149 ], [ -86.77584, 21.08105 ], [ -86.77594, 21.08078 ], [ -86.77604, 21.08035 ], [ -86.77633, 21.07941 ], [ -86.77656, 21.07874 ], [ -86.77665, 21.0784 ], [ -86.77689, 21.07772 ], [ -86.7771, 21.07692 ], [ -86.77736, 21.07612 ], [ -86.77767, 21.07508 ], [ -86.77783, 21.07466 ], [ -86.77839, 21.07381 ], [ -86.77906, 21.07274 ], [ -86.7794, 21.07224 ], [ -86.77949, 21.07208 ], [ -86.78022, 21.07099 ], [ -86.78075, 21.07012 ], [ -86.78091, 21.0698 ], [ -86.781, 21.06929 ], [ -86.781, 21.0688 ], [ -86.78097, 21.06863 ], [ -86.78089, 21.0683 ], [ -86.78066, 21.06782 ], [ -86.78043, 21.06727 ], [ -86.78009, 21.06633 ], [ -86.77994, 21.06576 ], [ -86.7798, 21.06493 ], [ -86.77978, 21.06471 ], [ -86.7798, 21.06399 ], [ -86.7798, 21.0635 ], [ -86.77976, 21.06326 ], [ -86.77959, 21.06255 ], [ -86.77957, 21.06231 ], [ -86.77957, 21.0621 ], [ -86.77959, 21.06189 ], [ -86.77964, 21.06169 ], [ -86.77975, 21.06133 ], [ -86.77998, 21.06081 ], [ -86.78008, 21.06064 ], [ -86.78019, 21.06047 ], [ -86.78041, 21.06028 ], [ -86.78082, 21.05987 ], [ -86.78115, 21.0596 ], [ -86.78135, 21.05941 ], [ -86.78152, 21.05921 ], [ -86.78167, 21.05897 ], [ -86.78174, 21.05883 ], [ -86.78192, 21.05822 ], [ -86.78199, 21.0579 ], [ -86.78218, 21.05725 ], [ -86.78239, 21.0566 ], [ -86.7826, 21.05612 ], [ -86.78264, 21.05595 ], [ -86.7827, 21.0556 ], [ -86.78271, 21.05541 ], [ -86.78269, 21.05503 ], [ -86.78277, 21.05375 ], [ -86.78286, 21.05303 ], [ -86.78302, 21.05109 ], [ -86.78306, 21.05073 ], [ -86.78312, 21.04999 ], [ -86.78318, 21.0496 ], [ -86.78325, 21.04926 ], [ -86.78331, 21.04888 ], [ -86.7834, 21.04754 ], [ -86.78338, 21.04706 ], [ -86.78335, 21.04682 ], [ -86.78324, 21.04509 ], [ -86.78311, 21.04352 ], [ -86.78309, 21.04313 ], [ -86.78313, 21.04225 ], [ -86.78318, 21.04191 ], [ -86.78331, 21.04124 ], [ -86.78331, 21.04114 ], [ -86.78328, 21.04107 ], [ -86.78318, 21.04098 ], [ -86.78309, 21.04098 ], [ -86.78301, 21.04104 ], [ -86.78293, 21.04116 ], [ -86.78288, 21.04133 ], [ -86.78285, 21.0417 ], [ -86.78286, 21.04194 ], [ -86.78291, 21.04226 ] ] } },
{ "type": "Feature", "properties": { "ciudad_nombre": "Cancún", "encodedLine": "yzl_CfxtpO{Oh@_KVkFOk]yAoOw@ePuCi@Me@Oa@U_@Y}CkDq@q@YWy@c@a@Se@OiDw@i@IwAOk@C{ABm@B}ARg[tEsAJc@@_@E_Co@qD_AmBi@kBu@g@[c@UmAw@sEmC_By@e@[y@q@mB]eBU_B_@gB[iBa@eC_@_Ck@eFgAeIkBmAOQKUCaAYsI{CaCk@kDkAaFgAm@OoHgCmG_CqEoBiDuAwFmCqFkBcDaAqAe@uA_@wBy@cDaAsBw@oE}AsAi@e@YiD{AiDaBcSyIsCiAaBs@uFuBeACg@EcC[iCc@gDc@yDeAeCeAeAi@_CyA}AmAu@{@]q@e@k@wCuBo@y@aCuBIQwAcBYSiBy@sDmBwAm@s@M]Cc@?gBJaAEWGs@a@qAaA{@i@iBu@iA[cAc@[S}@a@qAaAu@_@[KaAKiBAe@EaE{@qAe@iD{Ai@]uA{@eCoBc@c@gBqBcAwAgAwAwC{CuAy@aBqAiBmAcDkCwBmByAaAg@_@}A_Bu@}@s@_A]_@c@[iAs@e@Ka@Ce@Dk@J[JULSTc@t@iA~BiB`DmBbC]^aAv@{@|@_@v@K^M`AA^FtALp@Xn@t@`A\\\\Zd@Vj@RbAR`@JbATn@\\\\XPj@j@|@zAz@~Bb@fCH|A@rAE|D?fHEvDIfC?dBc@bHgA`H_@nBQv@kAnEqBtFWl@s@tAg@vAcAhCgEjJYl@sAzBmAdCqAzBkDpFs@rAw@`AuArBoArBsAbCgA`BaC~Du@hBo@fCQfAQzCAnA@pADjANlA^tBf@fBfCjHPp@b@jCNjDAjBSdDW`BQp@Sr@wAhDeAlBg@t@oCfCiBvAaHhFqDvCaFfD}AtAq@d@iChCwA`BcH|JsCtC{CbCuCbCoBrA{A|@}BhBsDdCk@d@gAbAwAnBc@f@uAjDSn@c@dBYzBI`AGfA?tAFxAHtA^xCt@hFPlBdAnHRrBPj@hDfWfBtNZ|BtAtKRnC@jAQhA}CrMu@pB]dBiCXoJVyFDaJ^o@Oi@o@_@Ga@?c@D]J{@l@]b@kAP{Rh@uEJwBWgBJiCL}A`@w@F_HVo@@w@IeB@u@n@uCvAeMjEiAeDqAkD[uAkDyHqNi^sHOoCGgMc@{AUsEe@iEA{Lo@qMIAh@?nAJ`EPbTkFYUyPeGQRlPaBAaBCqJe@F~BsEIUKAmBX?AM]CAb@DdBPFP@rEH?wBr@@|ET`BHvDJOuKE_DtFNPtPdF\\\\b@Aa@g\\\\BGRA|DJnENlOb@dAFpBB`IX|CF|Tf@xMl]hCzF`ArB~@lDtBbFrLmEtDiBpAWzLQbDAlFKxA[lIa@vQ]|@Af@j@bA@|@YhAy@hIYxTa@tCHxAMToDlE}QBe@@}AGq@uAcLUu@qBqEYaAmAcJoBoOkDyVuAqKMkAImAAkA?oAFsA\\\\kCf@aCXy@z@sBfAiBrA}A`BwAp@g@dBeAfJmGtHaG|AgBl@u@nDiFfCmDn@w@fBgBlB_BlFsD|I{G`JoHv@w@p@w@j@{@pAeCbAmCVaAh@cDFy@HoDEaAa@{Ew@kFWkAc@iCMyC?mFJcDJoA^{CPgA|@_Ep@qBt@gB`CeEjCuD`@m@\\\\q@bDcFrImOnAkDzDmJdA}BjBuFtAwFtAeIb@yAJi@Da@EcAB{GNyE@gEGuBDwFAi@K{AUcBSy@Wy@_@}@c@{@aFaI]u@Qu@G_DDc@XiAh@_At@eA`@[bAm@d@QjBe@p@EvA?rB^`EdAd@LjBv@jBp@dAl@`Bx@|BvAxBhBjBxAdAhApEzFd@h@nAhAlCnBdBfAn@\\\\rEdB|A\\\\zAZn@FpCPb@FfAf@|ChBv@ZlBr@r@^XNdBnA`Af@`@FJF\\\\@pAAdBGT?TBHD\\\\H|@^~CbBlD`B~@dA`@j@@Hb@d@bG~FbCfCjAdARH~AnAjAd@fAj@~B`Aj@N|Bx@XFh@@pALh@J|BPzCb@bA@hG`CvCrAjEdBd@VdGnCbGdCxBjAdEbBb@VbA`@rEdBlH~BhDrAxBh@lAf@fAXpBl@vCjAz@^j@^rDvAfB|@VDjGnChA^~CvAtAb@bCt@nDz@|B\\\\rEdBjAXt@X`AXhGrBzBl@vAVt@RtARzDx@dCl@bAPfCn@~Ch@~Cr@nE|@rA^hDnBtEdCbBbA^PxEpClDhB~@^dBP`B?`@E`AO~Am@lBm@zDcApB]dD[j@CnCB`B?n@GlCa@n@Ch@?h@Bf@HfATfBl@`@R`@Td@j@pApAt@`Ad@f@f@`@n@\\\\ZLxBb@~@L`Cd@`Ch@~Ah@`@FdAJd@@jAC~FNnCPbK^fAFrCJlAJbALjAJjGP~ACn@ExIUxHYlACnDFbAHdCXR?LEPS?QKOWOa@IiAEo@@_AH", "data.route.shortName": "Corales", "data.route.longName": "38_Corales", "slug": "ruta-38-corales.4f8", "type": "Bus", "color": null, "trips": [ ], "shape_id": "shape_2303" }, "geometry": { "type": "LineString", "coordinates": [ [ -86.78292, 21.04253 ], [ -86.78313, 21.04523 ], [ -86.78325, 21.04715 ], [ -86.78317, 21.04833 ], [ -86.78272, 21.05319 ], [ -86.78244, 21.05583 ], [ -86.78169, 21.05858 ], [ -86.78162, 21.05879 ], [ -86.78154, 21.05898 ], [ -86.78143, 21.05915 ], [ -86.7813, 21.05931 ], [ -86.78044, 21.0601 ], [ -86.78019, 21.06035 ], [ -86.78007, 21.06048 ], [ -86.77989, 21.06077 ], [ -86.77979, 21.06094 ], [ -86.77971, 21.06113 ], [ -86.77943, 21.06198 ], [ -86.77938, 21.06219 ], [ -86.7793, 21.06263 ], [ -86.77928, 21.06285 ], [ -86.7793, 21.06331 ], [ -86.77932, 21.06354 ], [ -86.77942, 21.06401 ], [ -86.78049, 21.06853 ], [ -86.78055, 21.06895 ], [ -86.78056, 21.06913 ], [ -86.78053, 21.06929 ], [ -86.78029, 21.06993 ], [ -86.77997, 21.07082 ], [ -86.77976, 21.07137 ], [ -86.77949, 21.07191 ], [ -86.77935, 21.07211 ], [ -86.77924, 21.07229 ], [ -86.77896, 21.07268 ], [ -86.77825, 21.07374 ], [ -86.77796, 21.07422 ], [ -86.77782, 21.07441 ], [ -86.77757, 21.0747 ], [ -86.77742, 21.07525 ], [ -86.77731, 21.07576 ], [ -86.77715, 21.07624 ], [ -86.77701, 21.07676 ], [ -86.77684, 21.07729 ], [ -86.77668, 21.07796 ], [ -86.77646, 21.0786 ], [ -86.7761, 21.07975 ], [ -86.77556, 21.08138 ], [ -86.77548, 21.08177 ], [ -86.77542, 21.08186 ], [ -86.7754, 21.08197 ], [ -86.77527, 21.0823 ], [ -86.77449, 21.084 ], [ -86.77427, 21.08465 ], [ -86.77389, 21.08551 ], [ -86.77353, 21.08664 ], [ -86.77345, 21.08687 ], [ -86.77277, 21.08839 ], [ -86.77213, 21.08974 ], [ -86.77157, 21.09079 ], [ -86.77114, 21.09164 ], [ -86.77043, 21.09288 ], [ -86.76989, 21.09409 ], [ -86.76956, 21.09491 ], [ -86.76937, 21.09532 ], [ -86.76921, 21.09575 ], [ -86.76892, 21.09635 ], [ -86.76859, 21.09717 ], [ -86.76831, 21.09775 ], [ -86.76784, 21.09879 ], [ -86.76763, 21.09921 ], [ -86.7675, 21.0994 ], [ -86.76704, 21.10025 ], [ -86.76655, 21.1011 ], [ -86.76482, 21.10432 ], [ -86.76445, 21.10506 ], [ -86.76419, 21.10555 ], [ -86.7636, 21.10678 ], [ -86.76358, 21.10713 ], [ -86.76355, 21.10733 ], [ -86.76341, 21.10799 ], [ -86.76323, 21.10868 ], [ -86.76305, 21.10952 ], [ -86.7627, 21.11045 ], [ -86.76235, 21.11112 ], [ -86.76214, 21.11147 ], [ -86.76169, 21.11211 ], [ -86.7613, 21.11258 ], [ -86.761, 21.11285 ], [ -86.76075, 21.113 ], [ -86.76053, 21.11319 ], [ -86.75994, 21.11395 ], [ -86.75965, 21.11419 ], [ -86.75906, 21.11484 ], [ -86.75897, 21.11489 ], [ -86.75847, 21.11533 ], [ -86.75837, 21.11546 ], [ -86.75808, 21.11599 ], [ -86.75753, 21.11689 ], [ -86.7573, 21.11733 ], [ -86.75723, 21.11759 ], [ -86.75721, 21.11774 ], [ -86.75721, 21.11792 ], [ -86.75727, 21.11844 ], [ -86.75724, 21.11877 ], [ -86.7572, 21.11889 ], [ -86.75703, 21.11915 ], [ -86.7567, 21.11956 ], [ -86.75649, 21.11986 ], [ -86.75622, 21.12039 ], [ -86.75608, 21.12076 ], [ -86.7559, 21.1211 ], [ -86.7558, 21.12124 ], [ -86.75563, 21.12155 ], [ -86.7553, 21.12196 ], [ -86.75514, 21.12223 ], [ -86.75508, 21.12237 ], [ -86.75502, 21.1227 ], [ -86.75501, 21.12323 ], [ -86.75498, 21.12342 ], [ -86.75468, 21.12439 ], [ -86.75449, 21.1248 ], [ -86.75403, 21.12565 ], [ -86.75388, 21.12586 ], [ -86.75358, 21.12629 ], [ -86.75302, 21.12696 ], [ -86.75284, 21.12714 ], [ -86.75227, 21.12766 ], [ -86.75183, 21.128 ], [ -86.75139, 21.12836 ], [ -86.75061, 21.12912 ], [ -86.75032, 21.12955 ], [ -86.74991, 21.13004 ], [ -86.74952, 21.13057 ], [ -86.74882, 21.13139 ], [ -86.74827, 21.13199 ], [ -86.74794, 21.13244 ], [ -86.74778, 21.13264 ], [ -86.7473, 21.13311 ], [ -86.74699, 21.13338 ], [ -86.74667, 21.13364 ], [ -86.74651, 21.13379 ], [ -86.74637, 21.13397 ], [ -86.74611, 21.13434 ], [ -86.74605, 21.13453 ], [ -86.74603, 21.1347 ], [ -86.74606, 21.13489 ], [ -86.74612, 21.13511 ], [ -86.74618, 21.13525 ], [ -86.74625, 21.13536 ], [ -86.74636, 21.13546 ], [ -86.74663, 21.13564 ], [ -86.74727, 21.13601 ], [ -86.74808, 21.13654 ], [ -86.74874, 21.13709 ], [ -86.7489, 21.13724 ], [ -86.74918, 21.13757 ], [ -86.74949, 21.13787 ], [ -86.74977, 21.13803 ], [ -86.74993, 21.13809 ], [ -86.75026, 21.13816 ], [ -86.75042, 21.13817 ], [ -86.75085, 21.13813 ], [ -86.7511, 21.13806 ], [ -86.75134, 21.13793 ], [ -86.75167, 21.13766 ], [ -86.75181, 21.13751 ], [ -86.75193, 21.13732 ], [ -86.75203, 21.1371 ], [ -86.75213, 21.13676 ], [ -86.75219, 21.13659 ], [ -86.7523, 21.13625 ], [ -86.75245, 21.13601 ], [ -86.75254, 21.13588 ], [ -86.75276, 21.13566 ], [ -86.75322, 21.13535 ], [ -86.75386, 21.13505 ], [ -86.75454, 21.13487 ], [ -86.75501, 21.13482 ], [ -86.75543, 21.13481 ], [ -86.75638, 21.13484 ], [ -86.75786, 21.13484 ], [ -86.75878, 21.13487 ], [ -86.75946, 21.13492 ], [ -86.75997, 21.13492 ], [ -86.76143, 21.1351 ], [ -86.76288, 21.13546 ], [ -86.76344, 21.13562 ], [ -86.76372, 21.13571 ], [ -86.76476, 21.13609 ], [ -86.76599, 21.13666 ], [ -86.76622, 21.13678 ], [ -86.76665, 21.13704 ], [ -86.76709, 21.13724 ], [ -86.76778, 21.13758 ], [ -86.7696, 21.13858 ], [ -86.76983, 21.13871 ], [ -86.77045, 21.13913 ], [ -86.77112, 21.13952 ], [ -86.77174, 21.13993 ], [ -86.77295, 21.14079 ], [ -86.77337, 21.14105 ], [ -86.7737, 21.14133 ], [ -86.77428, 21.14176 ], [ -86.77486, 21.14216 ], [ -86.77552, 21.14258 ], [ -86.77601, 21.14294 ], [ -86.77697, 21.14359 ], [ -86.7775, 21.14386 ], [ -86.77818, 21.1441 ], [ -86.77854, 21.14419 ], [ -86.77932, 21.14428 ], [ -86.77972, 21.14429 ], [ -86.78013, 21.14428 ], [ -86.78051, 21.14425 ], [ -86.7809, 21.14417 ], [ -86.78149, 21.14401 ], [ -86.78201, 21.14381 ], [ -86.78351, 21.14313 ], [ -86.78376, 21.14304 ], [ -86.78446, 21.14286 ], [ -86.78532, 21.14278 ], [ -86.78586, 21.14279 ], [ -86.78669, 21.14289 ], [ -86.78718, 21.14301 ], [ -86.78743, 21.1431 ], [ -86.78769, 21.1432 ], [ -86.78854, 21.14364 ], [ -86.78909, 21.14399 ], [ -86.78936, 21.14419 ], [ -86.79004, 21.14491 ], [ -86.79048, 21.14544 ], [ -86.79165, 21.14689 ], [ -86.79241, 21.14778 ], [ -86.79325, 21.14891 ], [ -86.79368, 21.14938 ], [ -86.79387, 21.14963 ], [ -86.79456, 21.15032 ], [ -86.79505, 21.15076 ], [ -86.79696, 21.15222 ], [ -86.79771, 21.15296 ], [ -86.79837, 21.15374 ], [ -86.79903, 21.15449 ], [ -86.79945, 21.15505 ], [ -86.79976, 21.15551 ], [ -86.80029, 21.15614 ], [ -86.80096, 21.15704 ], [ -86.80115, 21.15726 ], [ -86.80149, 21.15762 ], [ -86.80205, 21.15806 ], [ -86.80225, 21.15824 ], [ -86.80311, 21.15867 ], [ -86.80335, 21.15877 ], [ -86.80386, 21.15895 ], [ -86.80448, 21.15908 ], [ -86.80481, 21.15913 ], [ -86.80517, 21.15917 ], [ -86.8056, 21.15917 ], [ -86.80605, 21.15913 ], [ -86.80648, 21.15908 ], [ -86.80725, 21.15892 ], [ -86.80842, 21.15865 ], [ -86.80897, 21.15856 ], [ -86.81049, 21.15821 ], [ -86.81107, 21.15811 ], [ -86.81129, 21.15802 ], [ -86.81517, 21.15717 ], [ -86.81768, 21.15665 ], [ -86.81831, 21.15651 ], [ -86.82034, 21.15608 ], [ -86.82106, 21.15598 ], [ -86.82144, 21.15597 ], [ -86.82181, 21.15606 ], [ -86.82415, 21.15685 ], [ -86.82472, 21.15712 ], [ -86.82523, 21.15727 ], [ -86.82536, 21.15796 ], [ -86.82548, 21.1598 ], [ -86.82551, 21.16105 ], [ -86.82567, 21.16282 ], [ -86.82559, 21.16306 ], [ -86.82535, 21.16327 ], [ -86.82531, 21.16343 ], [ -86.82531, 21.1636 ], [ -86.82534, 21.16378 ], [ -86.8254, 21.16393 ], [ -86.82563, 21.16423 ], [ -86.82581, 21.16438 ], [ -86.8259, 21.16476 ], [ -86.82611, 21.16794 ], [ -86.82617, 21.16901 ], [ -86.82605, 21.16961 ], [ -86.82611, 21.17013 ], [ -86.82618, 21.17082 ], [ -86.82635, 21.17129 ], [ -86.82639, 21.17157 ], [ -86.82651, 21.17301 ], [ -86.82652, 21.17325 ], [ -86.82647, 21.17353 ], [ -86.82648, 21.17404 ], [ -86.82672, 21.17431 ], [ -86.82716, 21.17506 ], [ -86.82818, 21.17733 ], [ -86.82735, 21.1777 ], [ -86.82649, 21.17811 ], [ -86.82606, 21.17825 ], [ -86.82449, 21.17911 ], [ -86.81948, 21.1816 ], [ -86.8194, 21.18314 ], [ -86.81936, 21.18386 ], [ -86.81918, 21.18614 ], [ -86.81907, 21.1866 ], [ -86.81888, 21.18766 ], [ -86.81887, 21.18867 ], [ -86.81863, 21.19089 ], [ -86.81858, 21.19322 ], [ -86.81879, 21.19323 ], [ -86.81919, 21.19323 ], [ -86.82016, 21.19317 ], [ -86.82354, 21.19308 ], [ -86.82341, 21.19426 ], [ -86.82056, 21.19437 ], [ -86.82047, 21.19568 ], [ -86.82326, 21.19558 ], [ -86.82325, 21.19607 ], [ -86.82323, 21.19656 ], [ -86.82304, 21.19841 ], [ -86.82368, 21.19837 ], [ -86.82363, 21.19943 ], [ -86.82357, 21.19954 ], [ -86.82302, 21.19955 ], [ -86.82302, 21.19942 ], [ -86.82295, 21.19943 ], [ -86.82293, 21.19958 ], [ -86.82311, 21.19959 ], [ -86.82362, 21.19956 ], [ -86.82366, 21.19947 ], [ -86.82367, 21.19938 ], [ -86.82372, 21.19832 ], [ -86.82312, 21.19832 ], [ -86.82313, 21.19806 ], [ -86.82324, 21.19695 ], [ -86.82329, 21.19646 ], [ -86.82335, 21.19554 ], [ -86.82132, 21.19562 ], [ -86.82052, 21.19565 ], [ -86.8206, 21.19442 ], [ -86.82343, 21.19433 ], [ -86.82358, 21.19318 ], [ -86.82357, 21.193 ], [ -86.81889, 21.19317 ], [ -86.81885, 21.19315 ], [ -86.81884, 21.19305 ], [ -86.8189, 21.1921 ], [ -86.81898, 21.19106 ], [ -86.81916, 21.18843 ], [ -86.8192, 21.18808 ], [ -86.81922, 21.18751 ], [ -86.81935, 21.1859 ], [ -86.81939, 21.18511 ], [ -86.81959, 21.1816 ], [ -86.82446, 21.17923 ], [ -86.82572, 21.17854 ], [ -86.8263, 21.17821 ], [ -86.82717, 21.17789 ], [ -86.82831, 21.1773 ], [ -86.82728, 21.17512 ], [ -86.82675, 21.17421 ], [ -86.82663, 21.1738 ], [ -86.82654, 21.17158 ], [ -86.82653, 21.17076 ], [ -86.82647, 21.16957 ], [ -86.82633, 21.16912 ], [ -86.82616, 21.16745 ], [ -86.82601, 21.16445 ], [ -86.826, 21.16414 ], [ -86.82622, 21.16394 ], [ -86.82623, 21.1636 ], [ -86.8261, 21.16329 ], [ -86.82581, 21.16292 ], [ -86.82568, 21.16127 ], [ -86.82551, 21.15778 ], [ -86.82556, 21.15703 ], [ -86.82549, 21.15658 ], [ -86.82461, 21.15647 ], [ -86.82158, 21.15544 ], [ -86.82139, 21.15542 ], [ -86.82092, 21.15541 ], [ -86.82067, 21.15545 ], [ -86.81857, 21.15588 ], [ -86.8183, 21.15599 ], [ -86.81725, 21.15656 ], [ -86.81692, 21.15669 ], [ -86.81514, 21.15708 ], [ -86.8125, 21.15764 ], [ -86.80869, 21.1585 ], [ -86.80668, 21.15893 ], [ -86.8063, 21.159 ], [ -86.80591, 21.15905 ], [ -86.80553, 21.15906 ], [ -86.80513, 21.15906 ], [ -86.80471, 21.15902 ], [ -86.80401, 21.15887 ], [ -86.80336, 21.15867 ], [ -86.80307, 21.15854 ], [ -86.80249, 21.15824 ], [ -86.80196, 21.15788 ], [ -86.80149, 21.15746 ], [ -86.80105, 21.15697 ], [ -86.80085, 21.15672 ], [ -86.8005, 21.15621 ], [ -86.79915, 21.15441 ], [ -86.79786, 21.15286 ], [ -86.79734, 21.15239 ], [ -86.79707, 21.15216 ], [ -86.7959, 21.15128 ], [ -86.79503, 21.1506 ], [ -86.79475, 21.15036 ], [ -86.79423, 21.14984 ], [ -86.79375, 21.14929 ], [ -86.79285, 21.1481 ], [ -86.79143, 21.14635 ], [ -86.78991, 21.14458 ], [ -86.78963, 21.1443 ], [ -86.78935, 21.14405 ], [ -86.78905, 21.14383 ], [ -86.78838, 21.14342 ], [ -86.78767, 21.14308 ], [ -86.78734, 21.14296 ], [ -86.78652, 21.14275 ], [ -86.78623, 21.14271 ], [ -86.78535, 21.14266 ], [ -86.78502, 21.14269 ], [ -86.78392, 21.14286 ], [ -86.78274, 21.14314 ], [ -86.78236, 21.14326 ], [ -86.78167, 21.14344 ], [ -86.7809, 21.14351 ], [ -86.77971, 21.14351 ], [ -86.77889, 21.14345 ], [ -86.77849, 21.14339 ], [ -86.77771, 21.14323 ], [ -86.77735, 21.14314 ], [ -86.77639, 21.14283 ], [ -86.77582, 21.14258 ], [ -86.7753, 21.14231 ], [ -86.77431, 21.14166 ], [ -86.7734, 21.14096 ], [ -86.77317, 21.14079 ], [ -86.77292, 21.14064 ], [ -86.77178, 21.13982 ], [ -86.76915, 21.13812 ], [ -86.76829, 21.13772 ], [ -86.76646, 21.13678 ], [ -86.76583, 21.13643 ], [ -86.7646, 21.13589 ], [ -86.76336, 21.13546 ], [ -86.76173, 21.13503 ], [ -86.76128, 21.13485 ], [ -86.76107, 21.13479 ], [ -86.7609, 21.13476 ], [ -86.76056, 21.13479 ], [ -86.75914, 21.13477 ], [ -86.75805, 21.13469 ], [ -86.75705, 21.13468 ], [ -86.75646, 21.13472 ], [ -86.75522, 21.13469 ], [ -86.75501, 21.1347 ], [ -86.75455, 21.13476 ], [ -86.75405, 21.13487 ], [ -86.75376, 21.13497 ], [ -86.75347, 21.13509 ], [ -86.75316, 21.13525 ], [ -86.75286, 21.13543 ], [ -86.75125, 21.13656 ], [ -86.75098, 21.13671 ], [ -86.75071, 21.1368 ], [ -86.74991, 21.13684 ], [ -86.74973, 21.13681 ], [ -86.74936, 21.13668 ], [ -86.74904, 21.13647 ], [ -86.74869, 21.1362 ], [ -86.74855, 21.13603 ], [ -86.74832, 21.13569 ], [ -86.74823, 21.1355 ], [ -86.74804, 21.13496 ], [ -86.74801, 21.13471 ], [ -86.74801, 21.13427 ], [ -86.74817, 21.13369 ], [ -86.74852, 21.13272 ], [ -86.74859, 21.13253 ], [ -86.74887, 21.13199 ], [ -86.74912, 21.13145 ], [ -86.74935, 21.1311 ], [ -86.74964, 21.13061 ], [ -86.75008, 21.12998 ], [ -86.75061, 21.12937 ], [ -86.75106, 21.12883 ], [ -86.75143, 21.12848 ], [ -86.75269, 21.12743 ], [ -86.7529, 21.12724 ], [ -86.75327, 21.12684 ], [ -86.75383, 21.12613 ], [ -86.75419, 21.12562 ], [ -86.75434, 21.12538 ], [ -86.75485, 21.12432 ], [ -86.755, 21.12385 ], [ -86.75514, 21.12339 ], [ -86.75518, 21.12315 ], [ -86.75527, 21.12242 ], [ -86.75531, 21.12224 ], [ -86.75551, 21.12188 ], [ -86.75604, 21.12109 ], [ -86.75618, 21.12081 ], [ -86.75644, 21.12026 ], [ -86.7566, 21.12 ], [ -86.75668, 21.11987 ], [ -86.75708, 21.11936 ], [ -86.75728, 21.11903 ], [ -86.75732, 21.11886 ], [ -86.75736, 21.1188 ], [ -86.75737, 21.11865 ], [ -86.75736, 21.11824 ], [ -86.75732, 21.11773 ], [ -86.75732, 21.11762 ], [ -86.75734, 21.11751 ], [ -86.75737, 21.11746 ], [ -86.75742, 21.11731 ], [ -86.75758, 21.117 ], [ -86.75808, 21.1162 ], [ -86.75857, 21.11533 ], [ -86.75892, 21.11501 ], [ -86.75914, 21.11484 ], [ -86.75919, 21.11483 ], [ -86.75938, 21.11465 ], [ -86.76066, 21.11335 ], [ -86.76134, 21.11269 ], [ -86.76169, 21.11231 ], [ -86.76174, 21.11221 ], [ -86.76214, 21.11173 ], [ -86.76233, 21.11135 ], [ -86.76255, 21.11099 ], [ -86.76288, 21.11035 ], [ -86.76296, 21.11013 ], [ -86.76325, 21.1095 ], [ -86.76329, 21.10937 ], [ -86.7633, 21.10916 ], [ -86.76337, 21.10875 ], [ -86.76343, 21.10854 ], [ -86.76352, 21.10791 ], [ -86.7637, 21.10713 ], [ -86.76371, 21.10679 ], [ -86.76436, 21.10546 ], [ -86.76478, 21.1047 ], [ -86.76529, 21.10368 ], [ -86.76541, 21.10349 ], [ -86.76613, 21.10218 ], [ -86.7668, 21.10088 ], [ -86.76718, 21.10027 ], [ -86.76768, 21.09928 ], [ -86.7678, 21.0991 ], [ -86.76797, 21.09876 ], [ -86.76848, 21.0977 ], [ -86.76912, 21.09619 ], [ -86.76954, 21.09534 ], [ -86.76975, 21.09473 ], [ -86.76995, 21.09434 ], [ -86.77008, 21.09398 ], [ -86.77031, 21.09341 ], [ -86.77069, 21.09265 ], [ -86.77085, 21.09235 ], [ -86.77101, 21.09213 ], [ -86.77145, 21.09123 ], [ -86.77176, 21.09071 ], [ -86.77179, 21.09059 ], [ -86.77251, 21.08925 ], [ -86.77267, 21.08888 ], [ -86.77311, 21.08808 ], [ -86.77329, 21.08765 ], [ -86.77356, 21.08699 ], [ -86.77386, 21.08611 ], [ -86.77401, 21.08548 ], [ -86.77452, 21.08442 ], [ -86.77465, 21.08404 ], [ -86.77478, 21.08377 ], [ -86.77491, 21.08344 ], [ -86.77549, 21.08211 ], [ -86.77572, 21.08149 ], [ -86.77584, 21.08105 ], [ -86.77594, 21.08078 ], [ -86.77604, 21.08035 ], [ -86.77633, 21.07941 ], [ -86.77656, 21.07874 ], [ -86.77665, 21.0784 ], [ -86.77689, 21.07772 ], [ -86.7771, 21.07692 ], [ -86.77736, 21.07612 ], [ -86.77767, 21.07508 ], [ -86.77783, 21.07466 ], [ -86.77839, 21.07381 ], [ -86.77906, 21.07274 ], [ -86.7794, 21.07224 ], [ -86.77949, 21.07208 ], [ -86.78022, 21.07099 ], [ -86.78075, 21.07012 ], [ -86.78091, 21.0698 ], [ -86.781, 21.06929 ], [ -86.781, 21.0688 ], [ -86.78097, 21.06863 ], [ -86.78089, 21.0683 ], [ -86.78066, 21.06782 ], [ -86.78043, 21.06727 ], [ -86.78009, 21.06633 ], [ -86.77994, 21.06576 ], [ -86.7798, 21.06493 ], [ -86.77978, 21.06471 ], [ -86.7798, 21.06399 ], [ -86.7798, 21.0635 ], [ -86.77976, 21.06326 ], [ -86.77959, 21.06255 ], [ -86.77957, 21.06231 ], [ -86.77957, 21.0621 ], [ -86.77959, 21.06189 ], [ -86.77964, 21.06169 ], [ -86.77975, 21.06133 ], [ -86.77998, 21.06081 ], [ -86.78008, 21.06064 ], [ -86.78019, 21.06047 ], [ -86.78041, 21.06028 ], [ -86.78082, 21.05987 ], [ -86.78115, 21.0596 ], [ -86.78135, 21.05941 ], [ -86.78152, 21.05921 ], [ -86.78167, 21.05897 ], [ -86.78174, 21.05883 ], [ -86.78192, 21.05822 ], [ -86.78199, 21.0579 ], [ -86.78218, 21.05725 ], [ -86.78239, 21.0566 ], [ -86.7826, 21.05612 ], [ -86.78264, 21.05595 ], [ -86.7827, 21.0556 ], [ -86.78271, 21.05541 ], [ -86.78269, 21.05503 ], [ -86.78277, 21.05375 ], [ -86.78286, 21.05303 ], [ -86.78302, 21.05109 ], [ -86.78306, 21.05073 ], [ -86.78312, 21.04999 ], [ -86.78318, 21.0496 ], [ -86.78325, 21.04926 ], [ -86.78331, 21.04888 ], [ -86.7834, 21.04754 ], [ -86.78338, 21.04706 ], [ -86.78335, 21.04682 ], [ -86.78324, 21.04509 ], [ -86.78311, 21.04352 ], [ -86.78309, 21.04313 ], [ -86.78313, 21.04225 ], [ -86.78318, 21.04191 ], [ -86.78331, 21.04124 ], [ -86.78331, 21.04114 ], [ -86.78328, 21.04107 ], [ -86.78318, 21.04098 ], [ -86.78309, 21.04098 ], [ -86.78301, 21.04104 ], [ -86.78293, 21.04116 ], [ -86.78288, 21.04133 ], [ -86.78285, 21.0417 ], [ -86.78286, 21.04194 ], [ -86.78291, 21.04226 ] ] } },
{ "type": "Feature", "properties": { "ciudad_nombre": "Cancún", "encodedLine": "ofa`C|z|pO_Mb@g@IoAy@MAO@]LQVIz@Cx@tCI`E[`CCr@Nj@?~BGd@EhBArDQn@BPBLDJJxArABXBpCDl@PlGLvDJf@Rd@~@x@x@z@PR`@l@zFrJ\\\\~@D^D|@@pCAd@SdB?ZPv@Fd@HtC?pGJdM@|KJjHHdR@xDJrL?vLNhKHtPB\\\\F\\\\HNxCjDZd@Nh@Dp@YbJa@lTA|_@MnO?`IElGA~EIpH?rJGxGExR?|@J~BD|BGjJAlNQb`@AlAKr@?Nl@bBtIdTrArD|AtDz@|BFRBRGJWLi@HuNvAwSjB}C\\\\a@HURETAzAE\\\\]X{HnD{@X}DnBuI|D_@F{@@oGrCiAp@w@|@Wf@Sj@Ol@e@dDQt@Yx@a@t@e@r@m@l@q@b@_F|BgCfAWHeAl@yE~Bi@^gAdAo@^eBr@m@\\\\YJW@QFGXo@TqCnAgK`Fi@QU?QPeBeA}Aq@eASEv@?vCB`CAhG?`I}KECdBbDC`G?BuAAySFcEf@Jd@PlC`AZNFVHPTJTCZUHe@~GyC|Ay@fA_@nB_AZMVCXUl@_@vDmBf@_@d@e@nAw@lDaBf@UVETKRS\\\\SpHcDbBuAp@}@l@aANa@F_@CcAB_@d@uCRu@Xk@Ze@Z[^YzAq@HAVOjDcBNAx@D^KTIvAo@rMoGTCdAAVCjDiBjA_@LMHk@Fm@BwABSbHw@xSgBbFm@xGq@wCuH_ByDiFaNkDoII_@AQHm@BoA?cCD{I@iNFeEBmGBoOM_FA{AHmJ?eDDuGHub@JgE@wPFkIFu_@F}DTmGTwLCc@I_@[y@SWwB}Ba@k@GWEqA?aDMqTAuMQeMAwNQqQ?qDG}G?sEIwR@i@NqAU}BE_ECc@W}@]q@sB_D_ByC{DqG]eAIi@KiBYeLCuAH]b@e@HMDS@YCWGUMQa@YKQGSGy@EKIAKB_@v@k@x@e@f@[LgBHiFL", "data.route.shortName": "Prado Norte - Nichupté", "data.route.longName": "44_Prado Norte - Nichupté", "slug": "ruta-44-prado-norte-nichupte.4ed", "type": "Bus", "color": null, "trips": [ ], "shape_id": "shape_2274" }, "geometry": { "type": "LineString", "coordinates": [ [ -86.82431, 21.1468 ], [ -86.82449, 21.14904 ], [ -86.82444, 21.14924 ], [ -86.82415, 21.14964 ], [ -86.82414, 21.14971 ], [ -86.82415, 21.14979 ], [ -86.82422, 21.14994 ], [ -86.82434, 21.15003 ], [ -86.82464, 21.15008 ], [ -86.82493, 21.1501 ], [ -86.82488, 21.14935 ], [ -86.82474, 21.14838 ], [ -86.82472, 21.14773 ], [ -86.8248, 21.14747 ], [ -86.8248, 21.14725 ], [ -86.82476, 21.14661 ], [ -86.82473, 21.14642 ], [ -86.82472, 21.14589 ], [ -86.82463, 21.14499 ], [ -86.82465, 21.14475 ], [ -86.82467, 21.14466 ], [ -86.8247, 21.14459 ], [ -86.82476, 21.14453 ], [ -86.82518, 21.14408 ], [ -86.82531, 21.14406 ], [ -86.82604, 21.14404 ], [ -86.82627, 21.14401 ], [ -86.82762, 21.14392 ], [ -86.82854, 21.14385 ], [ -86.82874, 21.14379 ], [ -86.82893, 21.14369 ], [ -86.82922, 21.14337 ], [ -86.82952, 21.14308 ], [ -86.82962, 21.14299 ], [ -86.82985, 21.14282 ], [ -86.83171, 21.14156 ], [ -86.83203, 21.14141 ], [ -86.83219, 21.14138 ], [ -86.8325, 21.14135 ], [ -86.83323, 21.14134 ], [ -86.83342, 21.14135 ], [ -86.83393, 21.14145 ], [ -86.83407, 21.14145 ], [ -86.83435, 21.14136 ], [ -86.83454, 21.14132 ], [ -86.83529, 21.14127 ], [ -86.83666, 21.14127 ], [ -86.83893, 21.14121 ], [ -86.841, 21.1412 ], [ -86.8425, 21.14114 ], [ -86.84557, 21.14109 ], [ -86.8465, 21.14108 ], [ -86.84868, 21.14102 ], [ -86.85088, 21.14102 ], [ -86.85285, 21.14094 ], [ -86.85568, 21.14089 ], [ -86.85583, 21.14087 ], [ -86.85598, 21.14083 ], [ -86.85606, 21.14078 ], [ -86.85692, 21.14001 ], [ -86.85711, 21.13987 ], [ -86.85732, 21.13979 ], [ -86.85757, 21.13976 ], [ -86.85935, 21.13989 ], [ -86.86278, 21.14006 ], [ -86.86805, 21.14007 ], [ -86.87069, 21.14014 ], [ -86.8723, 21.14014 ], [ -86.87365, 21.14017 ], [ -86.87477, 21.14018 ], [ -86.8763, 21.14023 ], [ -86.87816, 21.14023 ], [ -86.87957, 21.14027 ], [ -86.88274, 21.1403 ], [ -86.88305, 21.1403 ], [ -86.88369, 21.14024 ], [ -86.88432, 21.14021 ], [ -86.88614, 21.14025 ], [ -86.88861, 21.14026 ], [ -86.89391, 21.14035 ], [ -86.8943, 21.14036 ], [ -86.89456, 21.14042 ], [ -86.89464, 21.14042 ], [ -86.89514, 21.14019 ], [ -86.89853, 21.13848 ], [ -86.89943, 21.13806 ], [ -86.90034, 21.13759 ], [ -86.90097, 21.13729 ], [ -86.90107, 21.13725 ], [ -86.90117, 21.13723 ], [ -86.90123, 21.13727 ], [ -86.9013, 21.13739 ], [ -86.90135, 21.1376 ], [ -86.90179, 21.14011 ], [ -86.90233, 21.14343 ], [ -86.90248, 21.14422 ], [ -86.90253, 21.14439 ], [ -86.90263, 21.1445 ], [ -86.90274, 21.14453 ], [ -86.9032, 21.14454 ], [ -86.90335, 21.14457 ], [ -86.90348, 21.14472 ], [ -86.90436, 21.1463 ], [ -86.90449, 21.1466 ], [ -86.90505, 21.14755 ], [ -86.906, 21.14926 ], [ -86.90604, 21.14942 ], [ -86.90605, 21.14972 ], [ -86.90679, 21.15108 ], [ -86.90704, 21.15145 ], [ -86.90735, 21.15173 ], [ -86.90755, 21.15185 ], [ -86.90777, 21.15195 ], [ -86.908, 21.15203 ], [ -86.90883, 21.15222 ], [ -86.9091, 21.15231 ], [ -86.90939, 21.15244 ], [ -86.90966, 21.15261 ], [ -86.90992, 21.1528 ], [ -86.91015, 21.15303 ], [ -86.91033, 21.15328 ], [ -86.91096, 21.1544 ], [ -86.91132, 21.15508 ], [ -86.91137, 21.1552 ], [ -86.9116, 21.15555 ], [ -86.91224, 21.15664 ], [ -86.9124, 21.15685 ], [ -86.91275, 21.15721 ], [ -86.91291, 21.15745 ], [ -86.91317, 21.15796 ], [ -86.91332, 21.15819 ], [ -86.91338, 21.15832 ], [ -86.91339, 21.15844 ], [ -86.91343, 21.15853 ], [ -86.91356, 21.15857 ], [ -86.91367, 21.15881 ], [ -86.91407, 21.15954 ], [ -86.9152, 21.1615 ], [ -86.91511, 21.16171 ], [ -86.91511, 21.16182 ], [ -86.9152, 21.16191 ], [ -86.91485, 21.16242 ], [ -86.9146, 21.16289 ], [ -86.9145, 21.16324 ], [ -86.91478, 21.16327 ], [ -86.91554, 21.16327 ], [ -86.91619, 21.16325 ], [ -86.91752, 21.16326 ], [ -86.91913, 21.16326 ], [ -86.9191, 21.16533 ], [ -86.91961, 21.16535 ], [ -86.91959, 21.16453 ], [ -86.91959, 21.16324 ], [ -86.91916, 21.16322 ], [ -86.91583, 21.16323 ], [ -86.91485, 21.16319 ], [ -86.91491, 21.16299 ], [ -86.915, 21.1628 ], [ -86.91533, 21.16209 ], [ -86.91541, 21.16195 ], [ -86.91553, 21.16191 ], [ -86.91562, 21.16186 ], [ -86.91568, 21.16175 ], [ -86.91566, 21.16164 ], [ -86.91555, 21.1615 ], [ -86.91536, 21.16145 ], [ -86.91459, 21.16001 ], [ -86.9143, 21.15954 ], [ -86.91414, 21.15918 ], [ -86.91382, 21.15862 ], [ -86.91375, 21.15848 ], [ -86.91373, 21.15836 ], [ -86.91362, 21.15823 ], [ -86.91346, 21.158 ], [ -86.91291, 21.15708 ], [ -86.91275, 21.15688 ], [ -86.91256, 21.15669 ], [ -86.91228, 21.15629 ], [ -86.91179, 21.15542 ], [ -86.91168, 21.15522 ], [ -86.91165, 21.1551 ], [ -86.91159, 21.15499 ], [ -86.91149, 21.15489 ], [ -86.91139, 21.15474 ], [ -86.91057, 21.15321 ], [ -86.91014, 21.15271 ], [ -86.90983, 21.15246 ], [ -86.9095, 21.15223 ], [ -86.90933, 21.15215 ], [ -86.90917, 21.15211 ], [ -86.90883, 21.15213 ], [ -86.90867, 21.15211 ], [ -86.90792, 21.15192 ], [ -86.90765, 21.15182 ], [ -86.90743, 21.15169 ], [ -86.90724, 21.15155 ], [ -86.9071, 21.15141 ], [ -86.90697, 21.15125 ], [ -86.90672, 21.15079 ], [ -86.90671, 21.15074 ], [ -86.90663, 21.15062 ], [ -86.90613, 21.14976 ], [ -86.90612, 21.14968 ], [ -86.90615, 21.14939 ], [ -86.90609, 21.14923 ], [ -86.90604, 21.14912 ], [ -86.9058, 21.14868 ], [ -86.90444, 21.14634 ], [ -86.90442, 21.14623 ], [ -86.90441, 21.14588 ], [ -86.90439, 21.14576 ], [ -86.90386, 21.1449 ], [ -86.9037, 21.14452 ], [ -86.90363, 21.14445 ], [ -86.90341, 21.1444 ], [ -86.90318, 21.14436 ], [ -86.90274, 21.14434 ], [ -86.90264, 21.14432 ], [ -86.90236, 21.14286 ], [ -86.90184, 21.13953 ], [ -86.90161, 21.13839 ], [ -86.90136, 21.13698 ], [ -86.89981, 21.13774 ], [ -86.89888, 21.13822 ], [ -86.89647, 21.13939 ], [ -86.89479, 21.14025 ], [ -86.89463, 21.1403 ], [ -86.89454, 21.14031 ], [ -86.89431, 21.14026 ], [ -86.89391, 21.14024 ], [ -86.89325, 21.14024 ], [ -86.89151, 21.14021 ], [ -86.88906, 21.1402 ], [ -86.88807, 21.14016 ], [ -86.88672, 21.14014 ], [ -86.88408, 21.14012 ], [ -86.88296, 21.14019 ], [ -86.8825, 21.1402 ], [ -86.88067, 21.14015 ], [ -86.87984, 21.14015 ], [ -86.87845, 21.14012 ], [ -86.87274, 21.14007 ], [ -86.87174, 21.14001 ], [ -86.8689, 21.14 ], [ -86.86724, 21.13996 ], [ -86.86201, 21.13992 ], [ -86.86106, 21.13988 ], [ -86.85971, 21.13977 ], [ -86.85751, 21.13966 ], [ -86.85733, 21.13968 ], [ -86.85717, 21.13973 ], [ -86.85688, 21.13987 ], [ -86.85676, 21.13997 ], [ -86.85613, 21.14057 ], [ -86.85591, 21.14074 ], [ -86.85579, 21.14078 ], [ -86.85538, 21.14081 ], [ -86.85457, 21.14081 ], [ -86.85112, 21.14088 ], [ -86.84877, 21.14089 ], [ -86.8465, 21.14098 ], [ -86.84398, 21.14099 ], [ -86.84101, 21.14108 ], [ -86.84012, 21.14108 ], [ -86.83869, 21.14112 ], [ -86.83763, 21.14112 ], [ -86.83447, 21.14117 ], [ -86.83426, 21.14116 ], [ -86.83385, 21.14108 ], [ -86.83322, 21.14119 ], [ -86.83226, 21.14122 ], [ -86.83208, 21.14124 ], [ -86.83177, 21.14136 ], [ -86.83152, 21.14151 ], [ -86.83072, 21.14209 ], [ -86.82995, 21.14257 ], [ -86.82858, 21.14351 ], [ -86.82823, 21.14366 ], [ -86.82802, 21.14371 ], [ -86.82749, 21.14377 ], [ -86.82538, 21.1439 ], [ -86.82495, 21.14392 ], [ -86.8248, 21.14387 ], [ -86.82461, 21.14369 ], [ -86.82454, 21.14364 ], [ -86.82444, 21.14361 ], [ -86.82431, 21.1436 ], [ -86.82419, 21.14362 ], [ -86.82408, 21.14366 ], [ -86.82399, 21.14373 ], [ -86.82386, 21.1439 ], [ -86.82377, 21.14396 ], [ -86.82367, 21.144 ], [ -86.82338, 21.14404 ], [ -86.82332, 21.14407 ], [ -86.82331, 21.14412 ], [ -86.82333, 21.14418 ], [ -86.82361, 21.14434 ], [ -86.8239, 21.14456 ], [ -86.8241, 21.14475 ], [ -86.82417, 21.14489 ], [ -86.82422, 21.14541 ], [ -86.82429, 21.14658 ] ] } },
{ "type": "Feature", "properties": { "ciudad_nombre": "Cancún", "encodedLine": "_ea`Cxz|pOqNf@q@Mi@g@i@Qi@L}@x@e@Tu@Fs@DiB@eDR_HNgDTcGNu@Gk@e@IcAtBoIr@iD^yCw@Us@FmBFyWo@oOm@qB]mAJEZD\\\\f@fC?dBK`H?jAVj@NjCcA~BcAb@gCTgEFgGRcELkMh@iB`@_BLoBDmBJu@Be@Ac@G]AgAF]J[RBXPd@j@fA|@vBtFvNxAfDx@dCbKbWnAtDr@zAl@`B`CvFtAdEx@dBf@|A`ArBnApDzBlFnBpFzDfJvDhJV`ArDbJn@lBPj@DdAHRJJXNzA|Cf@rAbGlOhEhLjBrEl@lAZz@v@hBjAfDdItSvQhd@nKtX`DtHnFlNcFfCwB|@sDbBgHhDqDfBaSbJ|@dCdBdEpHlR\\\\fAVj@n@bBZl@BPfAzBs@`@_A^}@b@}BlA_@VOPmJlEs@Rq@Lu@D[Ff@xArC`H|@~BdA`DlAbDnCrG~@~BTZLEfB}A~Ay@LNtBfFhOf`@Zn@jAzCXj@`@tA?R{FlCq@^o@b@e@j@]j@Wn@_@lB]tBUv@[t@c@r@i@n@o@j@u@b@aI|Do@FMZ{FpCq@^qAlAs@`@}CvAYDSHEN{I~DaB|@oCrAe@IS?KJMV}DaBi@OYEKnDBzEAlPGJsF?sBBNVf@G|CEhD?CgA@g@AqODaIr@R~DzARn@JHPBNAZKPa@DSzDiB`Aa@p@[`Ak@v@YlCmAXCFBt@|AbEnKJZBR@f@Ah@KZEb@BJHJP@HEJ[?OKo@GyAI][aAg@eAOe@wCmHM_@?KtAy@zBgA^UpBkBb@KfCqAbAc@f@KRKTSf@]VMlCeApCsAbB_Bj@y@d@_ANa@D]OaAd@eC^{AVg@\\\\e@^_@^W~Ay@xEsBBKYu@K_@DQAQKa@i@kAkBsEmLeZOWcD{IK?{Aj@w@d@qAlAaAwBkB{EsBaFuB_GsBaFgBuEFXdCc@dA]dIyDt@SVK^WpBcAvBkARQAWSs@uAgD_@u@kAoD{AwDmBkEiCgHc@kAi@eAYu@hFmCtCkAfTcKhAm@t@WhB{@nJuEKm@uCsHcBaEc@oAk@oAgAuC}CqHmGgP_D_ImAeDk@kAs@iB_E_JiBoFsB{FgBeEeAsCaAqB{@cCWk@EUaBiDOo@oBkFyG_QwDeJS_AA]Mc@]WW_@Wo@cAuBcBmEmBmFsAyCiFoMoCwH_DsHmBmFiB{EeEyJcAwCiAiCyA{DeByD}AyEqEyK_@aA[aAqBaFi@{A}DqJIa@B]XGXCx@A|AIpHWh@?lANT?ZDnBQvA@bAIfFKjHYjJYhBKTB\\\\L\\\\D\\\\?`@C`@Gj@w@rCSbEM|IMfEGlDO`@C^DPHhBAXG~@[l@RlDMlDQzIOt@GrGSt@a@`@AjA@tDKxAKj@IxAGj@Ab@Bf@N`CEzAIb@W|@Kb@Ad@?xDEZBLTRPTL^Bh@KRQPg@?k@Mi@e@[Wm@Em@KYUJQb@g@t@{@z@q@Ls@Dm@?cBHs@@", "data.route.shortName": "Palmas", "data.route.longName": "55_Palmas", "slug": "ruta-55-palmas.4ee", "type": "Bus", "color": null, "trips": [ ], "shape_id": "shape_2275" }, "geometry": { "type": "LineString", "coordinates": [ [ -86.82429, 21.14656 ], [ -86.82449, 21.14905 ], [ -86.82442, 21.1493 ], [ -86.82422, 21.14951 ], [ -86.82413, 21.14972 ], [ -86.8242, 21.14993 ], [ -86.82449, 21.15024 ], [ -86.8246, 21.15043 ], [ -86.82464, 21.1507 ], [ -86.82467, 21.15096 ], [ -86.82468, 21.15149 ], [ -86.82478, 21.15232 ], [ -86.82486, 21.15376 ], [ -86.82497, 21.1546 ], [ -86.82505, 21.1559 ], [ -86.82501, 21.15617 ], [ -86.82482, 21.15639 ], [ -86.82448, 21.15644 ], [ -86.8228, 21.15585 ], [ -86.82195, 21.15559 ], [ -86.82118, 21.15543 ], [ -86.82107, 21.15571 ], [ -86.82111, 21.15597 ], [ -86.82115, 21.15652 ], [ -86.82091, 21.16049 ], [ -86.82068, 21.16313 ], [ -86.82053, 21.1637 ], [ -86.82059, 21.16409 ], [ -86.82073, 21.16412 ], [ -86.82088, 21.16409 ], [ -86.82156, 21.16389 ], [ -86.82207, 21.16389 ], [ -86.82352, 21.16395 ], [ -86.8239, 21.16395 ], [ -86.82412, 21.16383 ], [ -86.82482, 21.16375 ], [ -86.82546, 21.16409 ], [ -86.82564, 21.16443 ], [ -86.82575, 21.16511 ], [ -86.82579, 21.16611 ], [ -86.82589, 21.16743 ], [ -86.82596, 21.16841 ], [ -86.82617, 21.17071 ], [ -86.82634, 21.17124 ], [ -86.82641, 21.17172 ], [ -86.82644, 21.17228 ], [ -86.8265, 21.17283 ], [ -86.82652, 21.1731 ], [ -86.82651, 21.17329 ], [ -86.82647, 21.17347 ], [ -86.82646, 21.17362 ], [ -86.8265, 21.17398 ], [ -86.82656, 21.17413 ], [ -86.82666, 21.17427 ], [ -86.82679, 21.17425 ], [ -86.82698, 21.17416 ], [ -86.82734, 21.17394 ], [ -86.82794, 21.17363 ], [ -86.83046, 21.1724 ], [ -86.8313, 21.17195 ], [ -86.83197, 21.17166 ], [ -86.83583, 21.16972 ], [ -86.83674, 21.16932 ], [ -86.8372, 21.16906 ], [ -86.83769, 21.16883 ], [ -86.83893, 21.16818 ], [ -86.83992, 21.16775 ], [ -86.84043, 21.16746 ], [ -86.8409, 21.16726 ], [ -86.84148, 21.16693 ], [ -86.84237, 21.16653 ], [ -86.84356, 21.16591 ], [ -86.84477, 21.16535 ], [ -86.84657, 21.16441 ], [ -86.84838, 21.16349 ], [ -86.84871, 21.16337 ], [ -86.85049, 21.16247 ], [ -86.85104, 21.16223 ], [ -86.85126, 21.16214 ], [ -86.85161, 21.16211 ], [ -86.85171, 21.16206 ], [ -86.85177, 21.162 ], [ -86.85185, 21.16187 ], [ -86.85264, 21.16141 ], [ -86.85306, 21.16121 ], [ -86.85569, 21.15991 ], [ -86.85782, 21.1589 ], [ -86.85888, 21.15836 ], [ -86.85927, 21.15813 ], [ -86.85957, 21.15799 ], [ -86.8601, 21.15771 ], [ -86.86094, 21.15733 ], [ -86.86425, 21.1557 ], [ -86.87022, 21.1527 ], [ -86.87433, 21.1507 ], [ -86.87588, 21.14989 ], [ -86.87835, 21.14869 ], [ -86.87903, 21.14983 ], [ -86.87934, 21.15043 ], [ -86.87984, 21.15133 ], [ -86.88069, 21.15281 ], [ -86.88121, 21.1537 ], [ -86.88299, 21.15691 ], [ -86.88366, 21.1566 ], [ -86.88465, 21.15609 ], [ -86.88776, 21.15456 ], [ -86.88812, 21.15441 ], [ -86.88834, 21.15429 ], [ -86.88884, 21.15405 ], [ -86.88907, 21.15391 ], [ -86.88916, 21.15389 ], [ -86.88978, 21.15353 ], [ -86.88995, 21.15379 ], [ -86.89011, 21.15411 ], [ -86.89029, 21.15442 ], [ -86.89068, 21.15505 ], [ -86.8908, 21.15521 ], [ -86.89089, 21.15529 ], [ -86.89192, 21.15712 ], [ -86.89202, 21.15738 ], [ -86.89209, 21.15763 ], [ -86.89212, 21.1579 ], [ -86.89216, 21.15804 ], [ -86.89261, 21.15784 ], [ -86.89406, 21.1571 ], [ -86.8947, 21.15679 ], [ -86.89551, 21.15644 ], [ -86.89633, 21.15605 ], [ -86.89771, 21.15533 ], [ -86.89835, 21.15501 ], [ -86.89849, 21.1549 ], [ -86.89846, 21.15483 ], [ -86.89799, 21.15431 ], [ -86.8977, 21.15383 ], [ -86.89778, 21.15376 ], [ -86.89894, 21.15317 ], [ -86.90426, 21.15056 ], [ -86.9045, 21.15042 ], [ -86.90528, 21.15004 ], [ -86.9055, 21.14991 ], [ -86.90593, 21.14974 ], [ -86.90603, 21.14974 ], [ -86.90674, 21.151 ], [ -86.9069, 21.15125 ], [ -86.90708, 21.15149 ], [ -86.9073, 21.15168 ], [ -86.90752, 21.15183 ], [ -86.90776, 21.15195 ], [ -86.90831, 21.15211 ], [ -86.9089, 21.15226 ], [ -86.90918, 21.15237 ], [ -86.90945, 21.15251 ], [ -86.90971, 21.15269 ], [ -86.90995, 21.1529 ], [ -86.91017, 21.15314 ], [ -86.91035, 21.15341 ], [ -86.9113, 21.15502 ], [ -86.91134, 21.15526 ], [ -86.91148, 21.15533 ], [ -86.91221, 21.15659 ], [ -86.91237, 21.15684 ], [ -86.91276, 21.15725 ], [ -86.91293, 21.15751 ], [ -86.91337, 21.1583 ], [ -86.9134, 21.15843 ], [ -86.91345, 21.15853 ], [ -86.91353, 21.15856 ], [ -86.91449, 21.1603 ], [ -86.9148, 21.16079 ], [ -86.91522, 21.16151 ], [ -86.91517, 21.1617 ], [ -86.91517, 21.1618 ], [ -86.91523, 21.16186 ], [ -86.91535, 21.16193 ], [ -86.91486, 21.16288 ], [ -86.91478, 21.16309 ], [ -86.91475, 21.16322 ], [ -86.91563, 21.16328 ], [ -86.91673, 21.16326 ], [ -86.91952, 21.16327 ], [ -86.91958, 21.16331 ], [ -86.91958, 21.16453 ], [ -86.9196, 21.16511 ], [ -86.91972, 21.16503 ], [ -86.91968, 21.16483 ], [ -86.91965, 21.16404 ], [ -86.91965, 21.16319 ], [ -86.91929, 21.16321 ], [ -86.91909, 21.1632 ], [ -86.91644, 21.16321 ], [ -86.91483, 21.16318 ], [ -86.91493, 21.16292 ], [ -86.91539, 21.16196 ], [ -86.91563, 21.16186 ], [ -86.91568, 21.1618 ], [ -86.9157, 21.16171 ], [ -86.91569, 21.16163 ], [ -86.91563, 21.16149 ], [ -86.91546, 21.1614 ], [ -86.91536, 21.16137 ], [ -86.91483, 21.16043 ], [ -86.91466, 21.1601 ], [ -86.91452, 21.15985 ], [ -86.9143, 21.15952 ], [ -86.91417, 21.15924 ], [ -86.91378, 21.15853 ], [ -86.91376, 21.1584 ], [ -86.91378, 21.15836 ], [ -86.91425, 21.15809 ], [ -86.91625, 21.15711 ], [ -86.91639, 21.15705 ], [ -86.91649, 21.15703 ], [ -86.91669, 21.15702 ], [ -86.9169, 21.15703 ], [ -86.91704, 21.15709 ], [ -86.91722, 21.15712 ], [ -86.91728, 21.1571 ], [ -86.91734, 21.15705 ], [ -86.91735, 21.15696 ], [ -86.91732, 21.15691 ], [ -86.91718, 21.15685 ], [ -86.9171, 21.15685 ], [ -86.91686, 21.15691 ], [ -86.91641, 21.15695 ], [ -86.91626, 21.157 ], [ -86.91593, 21.15714 ], [ -86.91558, 21.15734 ], [ -86.91539, 21.15742 ], [ -86.91388, 21.15818 ], [ -86.91372, 21.15825 ], [ -86.91366, 21.15825 ], [ -86.91337, 21.15782 ], [ -86.91301, 21.1572 ], [ -86.9129, 21.15704 ], [ -86.91236, 21.15647 ], [ -86.9123, 21.15629 ], [ -86.91189, 21.15561 ], [ -86.91171, 21.15527 ], [ -86.91165, 21.15507 ], [ -86.91159, 21.15497 ], [ -86.91149, 21.15486 ], [ -86.91134, 21.15466 ], [ -86.91127, 21.15454 ], [ -86.91092, 21.15383 ], [ -86.9105, 21.1531 ], [ -86.91002, 21.1526 ], [ -86.90973, 21.15238 ], [ -86.90941, 21.15219 ], [ -86.90924, 21.15211 ], [ -86.90909, 21.15208 ], [ -86.90876, 21.15216 ], [ -86.90809, 21.15197 ], [ -86.90763, 21.15181 ], [ -86.90743, 21.15169 ], [ -86.90724, 21.15154 ], [ -86.90708, 21.15138 ], [ -86.90696, 21.15122 ], [ -86.90667, 21.15074 ], [ -86.90609, 21.14965 ], [ -86.90603, 21.14963 ], [ -86.90576, 21.14976 ], [ -86.9056, 21.14982 ], [ -86.90551, 21.14979 ], [ -86.90542, 21.1498 ], [ -86.90525, 21.14986 ], [ -86.90487, 21.15007 ], [ -86.90381, 21.15061 ], [ -86.89946, 21.15276 ], [ -86.89934, 21.15284 ], [ -86.8976, 21.15366 ], [ -86.8976, 21.15372 ], [ -86.89782, 21.15418 ], [ -86.89801, 21.15446 ], [ -86.8984, 21.15487 ], [ -86.8978, 21.1552 ], [ -86.8967, 21.15574 ], [ -86.89557, 21.15632 ], [ -86.89429, 21.15691 ], [ -86.89316, 21.15749 ], [ -86.89209, 21.15801 ], [ -86.89222, 21.15797 ], [ -86.89204, 21.1573 ], [ -86.89189, 21.15695 ], [ -86.89096, 21.15532 ], [ -86.89086, 21.15505 ], [ -86.8908, 21.15493 ], [ -86.89068, 21.15477 ], [ -86.89034, 21.1542 ], [ -86.88996, 21.1536 ], [ -86.88987, 21.1535 ], [ -86.88975, 21.15351 ], [ -86.88949, 21.15361 ], [ -86.88865, 21.15404 ], [ -86.88838, 21.1542 ], [ -86.8875, 21.15458 ], [ -86.88658, 21.15504 ], [ -86.88556, 21.15559 ], [ -86.88408, 21.15628 ], [ -86.8837, 21.15646 ], [ -86.88335, 21.15667 ], [ -86.88308, 21.1568 ], [ -86.88237, 21.15563 ], [ -86.88199, 21.15488 ], [ -86.88005, 21.15148 ], [ -86.87982, 21.15111 ], [ -86.8797, 21.15084 ], [ -86.8794, 21.15031 ], [ -86.87833, 21.14847 ], [ -86.8781, 21.14853 ], [ -86.87656, 21.14928 ], [ -86.87559, 21.14978 ], [ -86.87519, 21.14996 ], [ -86.87479, 21.15018 ], [ -86.87404, 21.15054 ], [ -86.87251, 21.15133 ], [ -86.86975, 21.15268 ], [ -86.86815, 21.15348 ], [ -86.86732, 21.15387 ], [ -86.86694, 21.15409 ], [ -86.86641, 21.15435 ], [ -86.86465, 21.15531 ], [ -86.86345, 21.15584 ], [ -86.86219, 21.15642 ], [ -86.8612, 21.15694 ], [ -86.86046, 21.15729 ], [ -86.85989, 21.15762 ], [ -86.85923, 21.15792 ], [ -86.85901, 21.15804 ], [ -86.8589, 21.15807 ], [ -86.85805, 21.15856 ], [ -86.85781, 21.15864 ], [ -86.85663, 21.1592 ], [ -86.85375, 21.16061 ], [ -86.85196, 21.16153 ], [ -86.85164, 21.16163 ], [ -86.85149, 21.16164 ], [ -86.85131, 21.16171 ], [ -86.85119, 21.16186 ], [ -86.85103, 21.16198 ], [ -86.85079, 21.1621 ], [ -86.8502, 21.16244 ], [ -86.84917, 21.16294 ], [ -86.84798, 21.16349 ], [ -86.84721, 21.16391 ], [ -86.84489, 21.16508 ], [ -86.84333, 21.1658 ], [ -86.84179, 21.1666 ], [ -86.8406, 21.16715 ], [ -86.8395, 21.16768 ], [ -86.83761, 21.16867 ], [ -86.83685, 21.16901 ], [ -86.83616, 21.16938 ], [ -86.83522, 21.16983 ], [ -86.83429, 21.17034 ], [ -86.8332, 21.17081 ], [ -86.83115, 21.17186 ], [ -86.83082, 21.17202 ], [ -86.83049, 21.17216 ], [ -86.82936, 21.17273 ], [ -86.8289, 21.17294 ], [ -86.82705, 21.17389 ], [ -86.82688, 21.17394 ], [ -86.82673, 21.17392 ], [ -86.82669, 21.17379 ], [ -86.82667, 21.17366 ], [ -86.82666, 21.17337 ], [ -86.82661, 21.1729 ], [ -86.82649, 21.17137 ], [ -86.82649, 21.17116 ], [ -86.82657, 21.17077 ], [ -86.82657, 21.17066 ], [ -86.8266, 21.17052 ], [ -86.82651, 21.16996 ], [ -86.82652, 21.16952 ], [ -86.82647, 21.16918 ], [ -86.82641, 21.16802 ], [ -86.82628, 21.16652 ], [ -86.82615, 21.1647 ], [ -86.82609, 21.16417 ], [ -86.82611, 21.16406 ], [ -86.82618, 21.16391 ], [ -86.82621, 21.16376 ], [ -86.82621, 21.16361 ], [ -86.82619, 21.16344 ], [ -86.82615, 21.16327 ], [ -86.82587, 21.16305 ], [ -86.82577, 21.16231 ], [ -86.8257, 21.16133 ], [ -86.82563, 21.15958 ], [ -86.82559, 21.15858 ], [ -86.82551, 21.15771 ], [ -86.82549, 21.15754 ], [ -86.82552, 21.15738 ], [ -86.82557, 21.15729 ], [ -86.82556, 21.15676 ], [ -86.82552, 21.15663 ], [ -86.82538, 21.15631 ], [ -86.82548, 21.15608 ], [ -86.82541, 21.15521 ], [ -86.82532, 21.15434 ], [ -86.82524, 21.1526 ], [ -86.8252, 21.15233 ], [ -86.8251, 21.15095 ], [ -86.82493, 21.15068 ], [ -86.82492, 21.15051 ], [ -86.82493, 21.15013 ], [ -86.82487, 21.14922 ], [ -86.82481, 21.14877 ], [ -86.82476, 21.14855 ], [ -86.82472, 21.1481 ], [ -86.82471, 21.14788 ], [ -86.82473, 21.1477 ], [ -86.82481, 21.1475 ], [ -86.82478, 21.14685 ], [ -86.82473, 21.14639 ], [ -86.82461, 21.14621 ], [ -86.82455, 21.1459 ], [ -86.82454, 21.14572 ], [ -86.82454, 21.14553 ], [ -86.82451, 21.1446 ], [ -86.82453, 21.14446 ], [ -86.82464, 21.14439 ], [ -86.82473, 21.14429 ], [ -86.8248, 21.14418 ], [ -86.82482, 21.14402 ], [ -86.82476, 21.14381 ], [ -86.82467, 21.14371 ], [ -86.82447, 21.14362 ], [ -86.82425, 21.14362 ], [ -86.82404, 21.14369 ], [ -86.8239, 21.14388 ], [ -86.82367, 21.144 ], [ -86.82344, 21.14403 ], [ -86.82331, 21.14409 ], [ -86.82337, 21.1442 ], [ -86.82355, 21.14429 ], [ -86.82382, 21.14449 ], [ -86.82412, 21.14479 ], [ -86.82419, 21.14504 ], [ -86.82422, 21.1453 ], [ -86.82422, 21.14553 ], [ -86.82427, 21.14603 ], [ -86.82428, 21.14629 ] ] } },
{ "type": "Feature", "properties": { "ciudad_nombre": "Cancún", "encodedLine": "mgc`Cvb}pOp@?lASt@Y|BMbFGbEK`@VtH]lDIb@e@pBHdEUlH]fFU`EKxCH|@?f@l@j@Jt@W`@o@Ew@_@o@]_@WgB_@BBT_@p@cApAa@RyALqCBiEDaK\\\\o@Ko@_@u@WcA`@oA|@{FNsOl@eI^c@Sc@k@Ig@dDwMX}AFsAM[WMa@?WJeADeBGoJW{Pk@oIYgAWiB?Ql@^tAXpBC~AO`ELxAIT?^T\\\\LrADz@iArCy@NaCPmM\\\\oN^eEPoAf@uCDqGV{@GmAJi@X[f@mJnD_DhAaAZb@h@}OxHwOlHyRvI{OvHyDtAjA`Kh@hGzCfZnBvRd@dE|@jCvI|TxMz\\\\nJvVhIhSrIrTpKtX|ApEfBlDER]JoElBwN`HkPnHu@NoC~A{HvEgErCaBpAkC|A`F`MGL?RTBRXfHlQARBPP@tDpJINAVNRNF|D|JARHPRHTh@`EtJjIwDfGdO`F~LdErJWt@i@^iAd@mCl@QOU?YZiA^aAh@m@j@]x@}@xBqA`BaA|@_Af@uA`@WM_@JKXLVTFXGFUz@UtBiAdA{@~@yA~@wBx@uAzA_Ar@OTLXELU`BWrB{@dAg@n@R_BeEuFmMuDgJ}EqL}DwJsHtDI_@?SYW}AsDiBoE?UKS[ImDqJ?QIUO?}G{PSi@BWKKSOy@qBoC}GjCsAz@o@vBkBrA{@lHoEpDuBh@SbBu@|K_FbOaHrGyC\\\\DXI?]M_@@s@YwAoE}K}JiWuJaViLcZwIsT{Me]eFkMo@_AY_Bk@sF_AwI}BaTkAgLq@{Ge@_GtHgDjHcDdNuGnRwI`O_HvDgBm@o@fEaBpK}Dr@]tAK~DQpFEhCD~DKhBF|HU|Ha@fKSl@P~@AdAg@`@WXMlEQxFOnHIbFKhAGdAH", "data.route.shortName": "Vista Real (R-30)", "data.route.longName": "58_Vista Real (R-30)", "slug": "ruta-58-vista-real-r-30.4f2", "type": "Bus", "color": null, "trips": [ ], "shape_id": "shape_2297" }, "geometry": { "type": "LineString", "coordinates": [ [ -86.82556, 21.15719 ], [ -86.82556, 21.15694 ], [ -86.82546, 21.15655 ], [ -86.82533, 21.15628 ], [ -86.82526, 21.15565 ], [ -86.82522, 21.15451 ], [ -86.82516, 21.15353 ], [ -86.82528, 21.15336 ], [ -86.82513, 21.15181 ], [ -86.82508, 21.15094 ], [ -86.82489, 21.15076 ], [ -86.82494, 21.15019 ], [ -86.82483, 21.1492 ], [ -86.82468, 21.14769 ], [ -86.82457, 21.14653 ], [ -86.82451, 21.14556 ], [ -86.82456, 21.14479 ], [ -86.82456, 21.14448 ], [ -86.82479, 21.14428 ], [ -86.82485, 21.14406 ], [ -86.82473, 21.14379 ], [ -86.82449, 21.14362 ], [ -86.82421, 21.14365 ], [ -86.82397, 21.14381 ], [ -86.82381, 21.14396 ], [ -86.82329, 21.14408 ], [ -86.82331, 21.14424 ], [ -86.82342, 21.14422 ], [ -86.82367, 21.14438 ], [ -86.82408, 21.14472 ], [ -86.82418, 21.14489 ], [ -86.82425, 21.14534 ], [ -86.82427, 21.14607 ], [ -86.8243, 21.14708 ], [ -86.82445, 21.14901 ], [ -86.82439, 21.14925 ], [ -86.82423, 21.14949 ], [ -86.82411, 21.14976 ], [ -86.82428, 21.1501 ], [ -86.82459, 21.1505 ], [ -86.82467, 21.15176 ], [ -86.8249, 21.15442 ], [ -86.82506, 21.15605 ], [ -86.82496, 21.15623 ], [ -86.82474, 21.15641 ], [ -86.82454, 21.15646 ], [ -86.82218, 21.15563 ], [ -86.82171, 21.1555 ], [ -86.82129, 21.15546 ], [ -86.82115, 21.15553 ], [ -86.82108, 21.15565 ], [ -86.82108, 21.15582 ], [ -86.82114, 21.15594 ], [ -86.82117, 21.15629 ], [ -86.82113, 21.1568 ], [ -86.82101, 21.15864 ], [ -86.82079, 21.1615 ], [ -86.82066, 21.16318 ], [ -86.82054, 21.16354 ], [ -86.82054, 21.16407 ], [ -86.82077, 21.16416 ], [ -86.8212, 21.164 ], [ -86.82177, 21.16387 ], [ -86.82225, 21.16389 ], [ -86.82322, 21.16397 ], [ -86.82367, 21.1639 ], [ -86.82378, 21.16395 ], [ -86.82394, 21.16395 ], [ -86.82409, 21.16384 ], [ -86.82451, 21.16377 ], [ -86.82481, 21.16374 ], [ -86.82555, 21.16411 ], [ -86.82563, 21.1644 ], [ -86.82572, 21.16505 ], [ -86.82587, 21.16736 ], [ -86.82603, 21.16984 ], [ -86.82612, 21.17083 ], [ -86.82632, 21.17123 ], [ -86.82635, 21.17198 ], [ -86.82647, 21.17335 ], [ -86.82643, 21.17365 ], [ -86.82649, 21.17404 ], [ -86.82662, 21.17425 ], [ -86.82682, 21.17439 ], [ -86.8277, 21.17622 ], [ -86.82807, 21.17702 ], [ -86.82821, 21.17735 ], [ -86.82842, 21.17717 ], [ -86.82999, 21.17988 ], [ -86.8315, 21.18256 ], [ -86.83322, 21.18573 ], [ -86.83478, 21.18843 ], [ -86.83521, 21.18936 ], [ -86.83714, 21.18898 ], [ -86.83847, 21.18877 ], [ -86.84283, 21.18799 ], [ -86.84599, 21.18743 ], [ -86.84698, 21.18724 ], [ -86.84768, 21.18693 ], [ -86.85119, 21.18521 ], [ -86.85597, 21.18284 ], [ -86.85977, 21.181 ], [ -86.86302, 21.17935 ], [ -86.86648, 21.17765 ], [ -86.87059, 21.17564 ], [ -86.87164, 21.17517 ], [ -86.87251, 21.17465 ], [ -86.87261, 21.17468 ], [ -86.87267, 21.17483 ], [ -86.87322, 21.17587 ], [ -86.87467, 21.17839 ], [ -86.87619, 21.18117 ], [ -86.87627, 21.18144 ], [ -86.87675, 21.18216 ], [ -86.87783, 21.18374 ], [ -86.87857, 21.18474 ], [ -86.87898, 21.18523 ], [ -86.87945, 21.18593 ], [ -86.8817, 21.1848 ], [ -86.88177, 21.18484 ], [ -86.88187, 21.18484 ], [ -86.88189, 21.18473 ], [ -86.88202, 21.18463 ], [ -86.88497, 21.18315 ], [ -86.88507, 21.18316 ], [ -86.88516, 21.18314 ], [ -86.88517, 21.18305 ], [ -86.88702, 21.18214 ], [ -86.8871, 21.18219 ], [ -86.88722, 21.1822 ], [ -86.88732, 21.18212 ], [ -86.88736, 21.18204 ], [ -86.88927, 21.18109 ], [ -86.88937, 21.1811 ], [ -86.88946, 21.18105 ], [ -86.88951, 21.18095 ], [ -86.88972, 21.18084 ], [ -86.89159, 21.17987 ], [ -86.89067, 21.17821 ], [ -86.89326, 21.17689 ], [ -86.8955, 21.17576 ], [ -86.89736, 21.17477 ], [ -86.89763, 21.17489 ], [ -86.89779, 21.1751 ], [ -86.89798, 21.17547 ], [ -86.89821, 21.17618 ], [ -86.89813, 21.17627 ], [ -86.89813, 21.17638 ], [ -86.89827, 21.17651 ], [ -86.89843, 21.17688 ], [ -86.89864, 21.17721 ], [ -86.89886, 21.17744 ], [ -86.89915, 21.17759 ], [ -86.89976, 21.1779 ], [ -86.90025, 21.17831 ], [ -86.90056, 21.17864 ], [ -86.90076, 21.17896 ], [ -86.90093, 21.17939 ], [ -86.90086, 21.17951 ], [ -86.90092, 21.17967 ], [ -86.90105, 21.17973 ], [ -86.90117, 21.17966 ], [ -86.90121, 21.17955 ], [ -86.90117, 21.17942 ], [ -86.90106, 21.17938 ], [ -86.90095, 21.17908 ], [ -86.90058, 21.17849 ], [ -86.90028, 21.17814 ], [ -86.89983, 21.17782 ], [ -86.89923, 21.1775 ], [ -86.8988, 21.17721 ], [ -86.89848, 21.17675 ], [ -86.8984, 21.17649 ], [ -86.89847, 21.17638 ], [ -86.89844, 21.17625 ], [ -86.89833, 21.17618 ], [ -86.89821, 21.17569 ], [ -86.89791, 21.17511 ], [ -86.89771, 21.17476 ], [ -86.89781, 21.17452 ], [ -86.89682, 21.175 ], [ -86.89451, 21.17623 ], [ -86.89271, 21.17714 ], [ -86.89054, 21.17825 ], [ -86.88866, 21.1792 ], [ -86.88957, 21.18074 ], [ -86.88941, 21.18079 ], [ -86.88931, 21.18079 ], [ -86.88919, 21.18092 ], [ -86.88829, 21.18139 ], [ -86.88725, 21.18192 ], [ -86.88714, 21.18192 ], [ -86.88704, 21.18198 ], [ -86.88699, 21.18212 ], [ -86.88514, 21.18299 ], [ -86.88505, 21.18299 ], [ -86.88494, 21.18304 ], [ -86.88494, 21.18312 ], [ -86.88208, 21.18455 ], [ -86.88187, 21.18465 ], [ -86.88175, 21.18463 ], [ -86.88169, 21.18469 ], [ -86.88161, 21.18479 ], [ -86.88104, 21.18508 ], [ -86.87961, 21.1858 ], [ -86.87919, 21.1851 ], [ -86.87895, 21.1848 ], [ -86.87841, 21.1842 ], [ -86.87811, 21.18378 ], [ -86.87707, 21.18227 ], [ -86.87648, 21.18138 ], [ -86.87638, 21.18117 ], [ -86.87611, 21.18067 ], [ -86.87499, 21.1786 ], [ -86.87354, 21.17602 ], [ -86.87277, 21.17464 ], [ -86.8728, 21.17449 ], [ -86.87275, 21.17436 ], [ -86.8726, 21.17436 ], [ -86.87244, 21.17443 ], [ -86.87218, 21.17442 ], [ -86.87174, 21.17455 ], [ -86.86967, 21.17559 ], [ -86.86578, 21.1775 ], [ -86.86209, 21.17937 ], [ -86.85775, 21.1815 ], [ -86.85429, 21.18322 ], [ -86.84946, 21.1856 ], [ -86.84716, 21.18675 ], [ -86.84684, 21.18699 ], [ -86.84636, 21.18712 ], [ -86.84514, 21.18734 ], [ -86.84342, 21.18766 ], [ -86.84005, 21.18829 ], [ -86.83793, 21.18867 ], [ -86.83651, 21.18892 ], [ -86.83523, 21.18911 ], [ -86.83439, 21.18756 ], [ -86.83357, 21.18606 ], [ -86.83218, 21.18363 ], [ -86.83046, 21.18051 ], [ -86.82902, 21.17794 ], [ -86.8285, 21.17702 ], [ -86.82826, 21.17725 ], [ -86.82777, 21.17625 ], [ -86.82682, 21.17424 ], [ -86.82667, 21.17398 ], [ -86.82661, 21.17355 ], [ -86.82652, 21.17259 ], [ -86.82649, 21.17138 ], [ -86.82652, 21.17069 ], [ -86.82646, 21.16973 ], [ -86.8265, 21.1692 ], [ -86.82639, 21.16761 ], [ -86.82622, 21.16602 ], [ -86.82612, 21.16406 ], [ -86.82621, 21.16383 ], [ -86.8262, 21.16351 ], [ -86.826, 21.16316 ], [ -86.82588, 21.16299 ], [ -86.82581, 21.16286 ], [ -86.82572, 21.16183 ], [ -86.82564, 21.16058 ], [ -86.82559, 21.15906 ], [ -86.82553, 21.15792 ], [ -86.82549, 21.15755 ], [ -86.82554, 21.1572 ] ] } },
{ "type": "Feature", "properties": { "ciudad_nombre": "Cancún", "encodedLine": "qfa`C|z|pO~@EkER{HT{@]u@g@}@Nk@j@w@b@gADyCDiDVeGJuH^{BF_AKk@y@`EiQFcAIg@a@c@iARiFKs[gAcHQ_DUIx@\\\\dBTdBQbEDvCQv@b@x@HlCk@`BaAn@u@N{Mb@yFJoFZsGVcAXkCVeADwEHw@M_ABq@Pa@\\\\H^|CpHbCzGpIrSxB~FhBlEnElL|@bCb@z@`A`CbBjEVz@\\\\|@fBxDhChHxDjJ`AtCd@hA\\\\j@bDtIf@hAj@fAnAvCfAzCv@zCVl@Aj@P\\\\VJT`@hA`CrB~EtG~PPp@r@hB`AvBjDvIh@fApBrF`HfQlC`G`@lAXtAfA~BbAhClFrMpAnDhBnE`AlCjAnChA~ClDrItGrPp@t@b@`AxCjHhA`D`AhClFpM`DpIj@rAdCtG~A|DtDzJ`AtB`AdCjBjE\\\\jAbBvDZrApDpIJ^tBzEpD|IpCrHbD|HjBvEpCvHjBfEzKrXpEjLxEdLxBfG~FvODPgLdAi@Em@kAJ_@EY[Q[NEXs@FqCPgNfBc@@s@?q@HiEh@oAPqAVkAL_Hv@_@K_CPmFj@o@iGvKkAV?ZFhBQnOaBbD_@tACfAS?KyARcA@kH|@mNxA]GW?cHv@oCVj@`H`KgAXH|Hs@~AY\\\\Ih@M`AIpFk@jA?~Fy@rEg@nD]v@GNRZBh@fA\\\\RlBOxIu@Zr@vDvJdApCXGyFoOy@gBmFsNgEcKcEmK}BuF_AgCkCuGwB_GqEkKq@kBsDgJiDgJ]m@u@eBk@eB{BcF{DoKeEgKy@yBeG}Nk@iBo@cBy@eBeDeIoEsLsBaFcDoHuCgIsGiPwCaHo@kBmBgFwBmF_BaDa@yAg@yAkEaLsLwYo@cBo@}A{@aBq@gB}F_P_C}FaBwD}A_Em@gAq@eBo@_Bi@kBq@iBcB}DuF}Nu@gBu@sAc@iBUo@Aw@_@[c@Qs@oBm@qAo@cBa@qAwAyDcEkKyGaPcDqI_AsCiAgCaA_CuBkFoAoDyD}IcBsEgDiIcA}CkBmEo@kBeBuEi@kAm@yAuEiM\\\\Qr@IpGO`CObAApBNrBCtBMnGKxBKhCEnFUtEK~AI`@Nt@Dx@GhAi@~BKhAKhJYtEY~BBvCWj@LnAA|@G~AWl@LvBAdCSnCM|@@tBCvFS~BEz@Gn@Wn@I~@BbAAdCMrDYz@Al@@d@Jn@Dr@At@G|Ci@`AEtE?VCV`@XXj@@^OZ[JcAc@w@e@m@KiAa@E]r@i@x@u@p@wANwDF", "data.route.shortName": "Urbi Villa del Rey - Plaza las Américas", "data.route.longName": "66_Urbi Villa del Rey - Plaza las Américas", "slug": "ruta-66-urbi-villa-del-rey-plaza-las-americas.4ec", "type": "Bus", "color": null, "trips": [ ], "shape_id": "shape_2273" }, "geometry": { "type": "LineString", "coordinates": [ [ -86.82431, 21.14681 ], [ -86.82428, 21.14649 ], [ -86.82438, 21.14751 ], [ -86.82449, 21.14909 ], [ -86.82434, 21.14939 ], [ -86.82414, 21.14966 ], [ -86.82422, 21.14997 ], [ -86.82444, 21.15019 ], [ -86.82462, 21.15047 ], [ -86.82465, 21.15083 ], [ -86.82468, 21.1516 ], [ -86.8248, 21.15245 ], [ -86.82486, 21.15376 ], [ -86.82502, 21.15531 ], [ -86.82506, 21.15593 ], [ -86.825, 21.15625 ], [ -86.82471, 21.15647 ], [ -86.82178, 21.1555 ], [ -86.82144, 21.15546 ], [ -86.82124, 21.15551 ], [ -86.82106, 21.15568 ], [ -86.82116, 21.15605 ], [ -86.8211, 21.15722 ], [ -86.82074, 21.1618 ], [ -86.82065, 21.16326 ], [ -86.82054, 21.16406 ], [ -86.82083, 21.16411 ], [ -86.82134, 21.16396 ], [ -86.82185, 21.16385 ], [ -86.82283, 21.16394 ], [ -86.82359, 21.16391 ], [ -86.82387, 21.164 ], [ -86.82416, 21.16382 ], [ -86.82487, 21.16377 ], [ -86.82536, 21.16399 ], [ -86.8256, 21.16432 ], [ -86.82568, 21.16459 ], [ -86.82586, 21.16697 ], [ -86.82592, 21.16822 ], [ -86.82606, 21.16942 ], [ -86.82618, 21.1708 ], [ -86.82631, 21.17114 ], [ -86.82643, 21.17184 ], [ -86.82646, 21.17219 ], [ -86.82651, 21.17327 ], [ -86.82644, 21.17355 ], [ -86.82646, 21.17387 ], [ -86.82655, 21.17412 ], [ -86.8267, 21.17429 ], [ -86.82686, 21.17424 ], [ -86.82839, 21.17345 ], [ -86.82981, 21.17279 ], [ -86.83311, 21.1711 ], [ -86.83439, 21.17049 ], [ -86.83542, 21.16996 ], [ -86.83757, 21.16892 ], [ -86.83823, 21.16861 ], [ -86.83853, 21.16843 ], [ -86.83918, 21.1681 ], [ -86.8402, 21.1676 ], [ -86.8405, 21.16748 ], [ -86.84081, 21.16733 ], [ -86.84174, 21.16681 ], [ -86.84323, 21.16612 ], [ -86.84505, 21.16519 ], [ -86.8458, 21.16486 ], [ -86.84617, 21.16467 ], [ -86.84639, 21.16452 ], [ -86.8481, 21.1637 ], [ -86.84847, 21.1635 ], [ -86.84883, 21.16328 ], [ -86.84959, 21.16288 ], [ -86.85037, 21.16252 ], [ -86.85115, 21.16224 ], [ -86.85138, 21.16212 ], [ -86.8516, 21.16213 ], [ -86.85175, 21.16204 ], [ -86.85181, 21.16192 ], [ -86.85198, 21.16181 ], [ -86.85263, 21.16144 ], [ -86.85375, 21.16086 ], [ -86.85663, 21.15947 ], [ -86.85688, 21.15938 ], [ -86.85741, 21.15912 ], [ -86.85801, 21.15879 ], [ -86.85973, 21.15793 ], [ -86.86009, 21.15772 ], [ -86.86131, 21.15715 ], [ -86.86423, 21.1557 ], [ -86.86552, 21.15499 ], [ -86.86591, 21.15482 ], [ -86.86634, 21.15469 ], [ -86.86698, 21.15433 ], [ -86.86767, 21.15399 ], [ -86.87001, 21.1528 ], [ -86.87089, 21.15239 ], [ -86.87193, 21.15186 ], [ -86.87264, 21.15153 ], [ -86.87336, 21.15115 ], [ -86.87416, 21.15078 ], [ -86.87586, 21.14991 ], [ -86.87868, 21.14852 ], [ -86.87895, 21.14827 ], [ -86.87928, 21.14809 ], [ -86.88078, 21.14732 ], [ -86.88159, 21.14695 ], [ -86.88228, 21.14662 ], [ -86.88461, 21.14543 ], [ -86.8863, 21.14462 ], [ -86.88672, 21.1444 ], [ -86.88811, 21.14373 ], [ -86.88906, 21.14325 ], [ -86.89096, 21.14234 ], [ -86.89155, 21.14201 ], [ -86.89222, 21.14168 ], [ -86.89324, 21.14114 ], [ -86.89362, 21.14099 ], [ -86.89454, 21.14049 ], [ -86.89496, 21.14035 ], [ -86.89665, 21.13946 ], [ -86.89681, 21.1394 ], [ -86.89791, 21.13881 ], [ -86.89966, 21.13792 ], [ -86.9012, 21.13719 ], [ -86.90279, 21.13637 ], [ -86.90387, 21.13583 ], [ -86.90543, 21.1351 ], [ -86.90643, 21.13456 ], [ -86.91053, 21.1325 ], [ -86.91267, 21.13145 ], [ -86.91478, 21.13036 ], [ -86.9161, 21.12975 ], [ -86.91878, 21.12847 ], [ -86.91887, 21.12844 ], [ -86.91922, 21.13056 ], [ -86.91919, 21.13077 ], [ -86.91881, 21.131 ], [ -86.91865, 21.13094 ], [ -86.91852, 21.13097 ], [ -86.91843, 21.13111 ], [ -86.91851, 21.13125 ], [ -86.91864, 21.13128 ], [ -86.91868, 21.13154 ], [ -86.91877, 21.13227 ], [ -86.91929, 21.13471 ], [ -86.9193, 21.13489 ], [ -86.9193, 21.13515 ], [ -86.91935, 21.1354 ], [ -86.91956, 21.13641 ], [ -86.91965, 21.13681 ], [ -86.91977, 21.13722 ], [ -86.91984, 21.1376 ], [ -86.92012, 21.13904 ], [ -86.92006, 21.1392 ], [ -86.92015, 21.13984 ], [ -86.92037, 21.14103 ], [ -86.91904, 21.14127 ], [ -86.91866, 21.13923 ], [ -86.91866, 21.13911 ], [ -86.9187, 21.13897 ], [ -86.91861, 21.13844 ], [ -86.91812, 21.1358 ], [ -86.91796, 21.13498 ], [ -86.91794, 21.13455 ], [ -86.91784, 21.13419 ], [ -86.91778, 21.13419 ], [ -86.91788, 21.13464 ], [ -86.91789, 21.13498 ], [ -86.9182, 21.13648 ], [ -86.91865, 21.13895 ], [ -86.91861, 21.1391 ], [ -86.91861, 21.13922 ], [ -86.91889, 21.14068 ], [ -86.91901, 21.1414 ], [ -86.92046, 21.14118 ], [ -86.9201, 21.13925 ], [ -86.92015, 21.13912 ], [ -86.91989, 21.13753 ], [ -86.91976, 21.13705 ], [ -86.91971, 21.1369 ], [ -86.91964, 21.13669 ], [ -86.91959, 21.13636 ], [ -86.91937, 21.13515 ], [ -86.91937, 21.13477 ], [ -86.91908, 21.13349 ], [ -86.91888, 21.13243 ], [ -86.91873, 21.13155 ], [ -86.91869, 21.13127 ], [ -86.91879, 21.13119 ], [ -86.91881, 21.13105 ], [ -86.91917, 21.13084 ], [ -86.91927, 21.13069 ], [ -86.91919, 21.13014 ], [ -86.91892, 21.12841 ], [ -86.91918, 21.12827 ], [ -86.92106, 21.12735 ], [ -86.92179, 21.127 ], [ -86.92175, 21.12687 ], [ -86.91911, 21.12812 ], [ -86.91859, 21.12841 ], [ -86.91609, 21.1296 ], [ -86.91415, 21.1306 ], [ -86.91216, 21.13158 ], [ -86.91093, 21.13221 ], [ -86.91025, 21.13253 ], [ -86.90886, 21.13323 ], [ -86.90758, 21.13383 ], [ -86.9056, 21.13488 ], [ -86.90506, 21.13513 ], [ -86.90326, 21.13603 ], [ -86.90146, 21.13688 ], [ -86.90123, 21.13703 ], [ -86.90072, 21.1373 ], [ -86.90021, 21.13752 ], [ -86.89907, 21.13814 ], [ -86.89707, 21.13908 ], [ -86.89511, 21.14007 ], [ -86.8945, 21.14036 ], [ -86.89195, 21.14167 ], [ -86.89142, 21.14189 ], [ -86.89092, 21.14213 ], [ -86.89041, 21.14242 ], [ -86.88878, 21.14325 ], [ -86.8866, 21.14429 ], [ -86.88547, 21.14487 ], [ -86.88395, 21.14569 ], [ -86.88231, 21.14644 ], [ -86.87954, 21.14782 ], [ -86.87809, 21.14858 ], [ -86.87755, 21.14882 ], [ -86.87639, 21.14937 ], [ -86.8752, 21.14997 ], [ -86.87439, 21.15045 ], [ -86.87394, 21.15062 ], [ -86.87349, 21.15082 ], [ -86.8714, 21.15184 ], [ -86.86712, 21.15402 ], [ -86.86662, 21.15426 ], [ -86.86615, 21.1545 ], [ -86.86566, 21.1548 ], [ -86.86514, 21.15505 ], [ -86.86242, 21.15632 ], [ -86.86115, 21.15696 ], [ -86.86023, 21.15745 ], [ -86.85927, 21.15792 ], [ -86.85891, 21.15815 ], [ -86.8584, 21.1584 ], [ -86.85792, 21.15864 ], [ -86.85738, 21.15885 ], [ -86.85685, 21.1591 ], [ -86.8559, 21.1596 ], [ -86.85335, 21.16083 ], [ -86.85283, 21.1611 ], [ -86.85241, 21.16137 ], [ -86.85188, 21.16155 ], [ -86.85164, 21.16166 ], [ -86.85136, 21.16167 ], [ -86.85122, 21.16183 ], [ -86.85113, 21.16201 ], [ -86.85057, 21.16227 ], [ -86.85016, 21.1625 ], [ -86.84966, 21.16274 ], [ -86.84925, 21.16291 ], [ -86.84832, 21.16335 ], [ -86.84634, 21.16433 ], [ -86.84361, 21.16574 ], [ -86.84192, 21.16656 ], [ -86.84118, 21.16688 ], [ -86.8405, 21.16725 ], [ -86.83986, 21.16758 ], [ -86.83868, 21.16817 ], [ -86.8378, 21.16857 ], [ -86.83605, 21.1695 ], [ -86.83499, 21.17 ], [ -86.83334, 21.17084 ], [ -86.83255, 21.17118 ], [ -86.83152, 21.17172 ], [ -86.83098, 21.17196 ], [ -86.82991, 21.17247 ], [ -86.82953, 21.17268 ], [ -86.82908, 21.17291 ], [ -86.82679, 21.17398 ], [ -86.8267, 21.17383 ], [ -86.82665, 21.17357 ], [ -86.82657, 21.1722 ], [ -86.82649, 21.17155 ], [ -86.82648, 21.17121 ], [ -86.82656, 21.17064 ], [ -86.82654, 21.17006 ], [ -86.82647, 21.16947 ], [ -86.82641, 21.16811 ], [ -86.82635, 21.1675 ], [ -86.82632, 21.16681 ], [ -86.82621, 21.16561 ], [ -86.82615, 21.16454 ], [ -86.8261, 21.16406 ], [ -86.82618, 21.16389 ], [ -86.82621, 21.16362 ], [ -86.82617, 21.16333 ], [ -86.82596, 21.16296 ], [ -86.8259, 21.16232 ], [ -86.82584, 21.16195 ], [ -86.82571, 21.16014 ], [ -86.82558, 21.15907 ], [ -86.8256, 21.15843 ], [ -86.82548, 21.15767 ], [ -86.82555, 21.15745 ], [ -86.82554, 21.15705 ], [ -86.8255, 21.15674 ], [ -86.82538, 21.15626 ], [ -86.82545, 21.15603 ], [ -86.82544, 21.15543 ], [ -86.82534, 21.15476 ], [ -86.82527, 21.15404 ], [ -86.82528, 21.15373 ], [ -86.82526, 21.15314 ], [ -86.82516, 21.1519 ], [ -86.82513, 21.15126 ], [ -86.82509, 21.15096 ], [ -86.82497, 21.15072 ], [ -86.82492, 21.15048 ], [ -86.82494, 21.15016 ], [ -86.82493, 21.14982 ], [ -86.82486, 21.14915 ], [ -86.82473, 21.14825 ], [ -86.82472, 21.14795 ], [ -86.82473, 21.14772 ], [ -86.82479, 21.14753 ], [ -86.82482, 21.14729 ], [ -86.82481, 21.14703 ], [ -86.82477, 21.14676 ], [ -86.82456, 21.14597 ], [ -86.82453, 21.14564 ], [ -86.82453, 21.14457 ], [ -86.82451, 21.14445 ], [ -86.82468, 21.14433 ], [ -86.82481, 21.1442 ], [ -86.82482, 21.14398 ], [ -86.82474, 21.14382 ], [ -86.8246, 21.14368 ], [ -86.82426, 21.14362 ], [ -86.82398, 21.1438 ], [ -86.82375, 21.14399 ], [ -86.82338, 21.14405 ], [ -86.82335, 21.14422 ], [ -86.82361, 21.14437 ], [ -86.8239, 21.14458 ], [ -86.82415, 21.14485 ], [ -86.82423, 21.14529 ], [ -86.82427, 21.14621 ] ] } },
{ "type": "Feature", "properties": { "ciudad_nombre": "Cancún", "encodedLine": "eok`Clr|pOi@CH~BBJNDT?tA?vBLA}B`AFEeEG_B?iBIoGEeGnL\\\\rLZbM^|St@|N^jLXfPf@hTf@pQl@xDNbBXdA@|@KbAA~JVjG^fABh@Lp@Cl@@vGDbF\\\\~CL~@NxAH`AKl@AlBFnFLhM^hIRpBHzBj@z@L\\\\?pAS|AErADlJTdM\\\\nAAz@DXWjAw@`CeAt@Qp@?jAHzLr@dE^ZTR@VObB\\\\xE~AnKtEhR`IrRtHjNhGlClAl@dAVzAW`BYp@g@nB}@`@iCn@_Bb@iER{FLgBZqBfAaG|CsBbAeCj@yL|CoBXcCl@uAf@aK`CmL`DyA|@sBxByPnQaTtToLdMcMhMkL`LgGnGkAv@a@J]RSt@m@bA_ChCeEvE}ClC{AjBe@d@qIzDyJrEaNpG_NlG{JnEeOfHwB|@mHgRmCqGgDmJwIiTcIiS}FoOk@q@S_@a@sCm@_HsAkM}BiTgCeUc@gFEeAs@}FiB{OB{@^YuAiESu@MeDU}QKkK]yUuH_@gDB}GQwKWkH[VhTJxABlEgACF`CsBQsA@[GKqBf@??G", "data.route.shortName": "", "data.route.longName": "68_", "slug": "ruta-68.4f9", "type": "Bus", "color": null, "trips": [ ], "shape_id": "shape_2304" }, "geometry": { "type": "LineString", "coordinates": [ [ -86.82295, 21.19939 ], [ -86.82293, 21.1996 ], [ -86.82357, 21.19955 ], [ -86.82363, 21.19953 ], [ -86.82366, 21.19945 ], [ -86.82366, 21.19934 ], [ -86.82366, 21.19891 ], [ -86.82373, 21.19831 ], [ -86.8231, 21.19832 ], [ -86.82314, 21.19799 ], [ -86.82215, 21.19802 ], [ -86.82167, 21.19806 ], [ -86.82114, 21.19806 ], [ -86.81978, 21.19811 ], [ -86.81847, 21.19814 ], [ -86.81862, 21.19598 ], [ -86.81876, 21.1938 ], [ -86.81892, 21.19154 ], [ -86.81919, 21.18819 ], [ -86.81935, 21.18564 ], [ -86.81948, 21.1835 ], [ -86.81968, 21.18074 ], [ -86.81988, 21.17733 ], [ -86.82011, 21.17436 ], [ -86.82019, 21.17343 ], [ -86.82032, 21.17293 ], [ -86.82033, 21.17258 ], [ -86.82027, 21.17227 ], [ -86.82026, 21.17193 ], [ -86.82038, 21.17001 ], [ -86.82054, 21.16867 ], [ -86.82056, 21.16831 ], [ -86.82063, 21.1681 ], [ -86.82061, 21.16785 ], [ -86.82062, 21.16762 ], [ -86.82065, 21.16622 ], [ -86.8208, 21.16508 ], [ -86.82087, 21.16428 ], [ -86.82095, 21.16396 ], [ -86.821, 21.16351 ], [ -86.82094, 21.16318 ], [ -86.82093, 21.16295 ], [ -86.82097, 21.1624 ], [ -86.82104, 21.1612 ], [ -86.8212, 21.15891 ], [ -86.8213, 21.15726 ], [ -86.82135, 21.15669 ], [ -86.82157, 21.15607 ], [ -86.82164, 21.15577 ], [ -86.82164, 21.15562 ], [ -86.82154, 21.15521 ], [ -86.82151, 21.15474 ], [ -86.82154, 21.15432 ], [ -86.82165, 21.15249 ], [ -86.8218, 21.15022 ], [ -86.82179, 21.14982 ], [ -86.82182, 21.14952 ], [ -86.8217, 21.14939 ], [ -86.82142, 21.14901 ], [ -86.82107, 21.14836 ], [ -86.82098, 21.14809 ], [ -86.82098, 21.14784 ], [ -86.82103, 21.14746 ], [ -86.82129, 21.14524 ], [ -86.82145, 21.14425 ], [ -86.82156, 21.14411 ], [ -86.82157, 21.14401 ], [ -86.82149, 21.14389 ], [ -86.82164, 21.14339 ], [ -86.82212, 21.1423 ], [ -86.82319, 21.1403 ], [ -86.8248, 21.13721 ], [ -86.82635, 21.13407 ], [ -86.82768, 21.13161 ], [ -86.82807, 21.1309 ], [ -86.82842, 21.13067 ], [ -86.82888, 21.13055 ], [ -86.82937, 21.13067 ], [ -86.82962, 21.1308 ], [ -86.83018, 21.131 ], [ -86.83035, 21.13131 ], [ -86.83059, 21.132 ], [ -86.83077, 21.13248 ], [ -86.83087, 21.13349 ], [ -86.83094, 21.13475 ], [ -86.83108, 21.13527 ], [ -86.83144, 21.13584 ], [ -86.83223, 21.13713 ], [ -86.83257, 21.13771 ], [ -86.83279, 21.13838 ], [ -86.83358, 21.14059 ], [ -86.83371, 21.14115 ], [ -86.83394, 21.14181 ], [ -86.83414, 21.14224 ], [ -86.83479, 21.14417 ], [ -86.8356, 21.14632 ], [ -86.83591, 21.14677 ], [ -86.83652, 21.14735 ], [ -86.83948, 21.1502 ], [ -86.84295, 21.15357 ], [ -86.84522, 21.15573 ], [ -86.84751, 21.15799 ], [ -86.8496, 21.16013 ], [ -86.85096, 21.16145 ], [ -86.85124, 21.16183 ], [ -86.8513, 21.162 ], [ -86.8514, 21.16215 ], [ -86.85167, 21.16225 ], [ -86.85201, 21.16248 ], [ -86.8527, 21.16312 ], [ -86.85378, 21.16411 ], [ -86.85449, 21.1649 ], [ -86.85503, 21.16536 ], [ -86.85522, 21.16555 ], [ -86.85616, 21.16724 ], [ -86.85722, 21.16913 ], [ -86.85859, 21.17154 ], [ -86.85994, 21.17394 ], [ -86.86098, 21.17584 ], [ -86.86246, 21.17843 ], [ -86.86277, 21.17903 ], [ -86.85969, 21.18054 ], [ -86.85832, 21.18125 ], [ -86.85649, 21.18209 ], [ -86.85308, 21.18381 ], [ -86.84983, 21.18543 ], [ -86.84719, 21.1867 ], [ -86.84694, 21.18692 ], [ -86.84678, 21.18702 ], [ -86.84604, 21.18719 ], [ -86.8446, 21.18742 ], [ -86.8423, 21.18784 ], [ -86.83889, 21.18847 ], [ -86.83534, 21.18915 ], [ -86.83418, 21.18933 ], [ -86.83383, 21.18936 ], [ -86.83256, 21.18962 ], [ -86.82986, 21.19015 ], [ -86.82956, 21.19013 ], [ -86.82943, 21.18997 ], [ -86.82842, 21.1904 ], [ -86.82815, 21.1905 ], [ -86.82732, 21.19057 ], [ -86.82429, 21.19068 ], [ -86.82231, 21.19074 ], [ -86.81866, 21.19089 ], [ -86.8185, 21.19244 ], [ -86.81852, 21.19328 ], [ -86.81843, 21.19471 ], [ -86.81831, 21.19675 ], [ -86.81817, 21.19825 ], [ -86.82158, 21.19813 ], [ -86.82203, 21.19807 ], [ -86.82306, 21.19805 ], [ -86.82304, 21.19841 ], [ -86.82369, 21.19837 ], [ -86.8236, 21.19895 ], [ -86.82361, 21.19937 ], [ -86.82357, 21.19951 ], [ -86.823, 21.19957 ], [ -86.823, 21.19937 ], [ -86.82296, 21.19937 ] ] } },
{ "type": "Feature", "properties": { "ciudad_nombre": "Cancún", "encodedLine": "e~``Ch||pOjCFz@GRb@h@T`@Dh@URWHy@Oq@YYSOSy@E}@_@H?^_A`Bw@d@y@JsINaMZm@IiAu@k@Bs@j@kAj@o@CaEV}KZuLl@k@Me@i@Oi@vDwNL{@FeACa@_@Sc@?]LgDQsKUiUu@uDQm@OkB?Kn@P^T|APrAQxFGn@LlAGTF^Rd@HhBKz@u@~Au@\\\\gALqGRmOf@gEDkEPwAd@q@FgB@}ETcAC{@EqARe@VpFhNhHbRhM`\\\\pMf\\\\pM`\\\\zLf[x@pCG`@Td@`@Hl@bB`BdDpArCpGjQbFbMZU`AGnJ[rHUpKa@tOg@hPg@vOi@vCOd@hQ`Btd@h@jPu@C^hKx@nZNpFwAHC^pH[e@qNg@sOSsJIi@AsAImEa@uMdBG[sNo@oVa@uLmHT}Mh@sL^oL^{Rp@aM`@_Mb@_@A}KiYS{@sE_Lq@qBFa@E]KOe@S{AaDoHyRqH_RgLaYmMm\\\\oIqTsKiXuA}DTm@bFWxAArH@`FOlAJxFYrMc@lHUdARl@@p@U`@]VOr@OtA?tFWdGIxK[pAHlADbASd@Un@Ft@FfFMxHMdFUhEUl@_@lBFhCMxCY|AInBDd@PbEOh@c@fDK", "data.route.shortName": "", "data.route.longName": "95-96_", "slug": "ruta-95-96.4ez", "type": "Bus", "color": null, "trips": [ ], "shape_id": "shape_2295" }, "geometry": { "type": "LineString", "coordinates": [ [ -86.82453, 21.14547 ], [ -86.82457, 21.14477 ], [ -86.82453, 21.14447 ], [ -86.82471, 21.14437 ], [ -86.82482, 21.14416 ], [ -86.82485, 21.14399 ], [ -86.82474, 21.14378 ], [ -86.82462, 21.14368 ], [ -86.82433, 21.14363 ], [ -86.82408, 21.14371 ], [ -86.82395, 21.14384 ], [ -86.82387, 21.14394 ], [ -86.82358, 21.14404 ], [ -86.82327, 21.14407 ], [ -86.82332, 21.14423 ], [ -86.82348, 21.14423 ], [ -86.82397, 21.14455 ], [ -86.82416, 21.14483 ], [ -86.82422, 21.14512 ], [ -86.8243, 21.14682 ], [ -86.82444, 21.14907 ], [ -86.82439, 21.1493 ], [ -86.82412, 21.14967 ], [ -86.82414, 21.14989 ], [ -86.82436, 21.15015 ], [ -86.82458, 21.15053 ], [ -86.82456, 21.15077 ], [ -86.82468, 21.15174 ], [ -86.82482, 21.15381 ], [ -86.82505, 21.156 ], [ -86.82498, 21.15622 ], [ -86.82477, 21.15641 ], [ -86.82456, 21.15649 ], [ -86.82204, 21.15557 ], [ -86.82174, 21.1555 ], [ -86.82139, 21.15546 ], [ -86.82122, 21.15548 ], [ -86.82112, 21.15564 ], [ -86.82112, 21.15582 ], [ -86.82119, 21.15597 ], [ -86.8211, 21.15681 ], [ -86.82099, 21.15883 ], [ -86.82072, 21.1624 ], [ -86.82063, 21.16331 ], [ -86.82055, 21.16354 ], [ -86.82055, 21.16408 ], [ -86.82079, 21.16414 ], [ -86.82095, 21.16405 ], [ -86.82142, 21.16394 ], [ -86.82184, 21.16385 ], [ -86.82309, 21.16394 ], [ -86.82333, 21.16398 ], [ -86.82372, 21.16391 ], [ -86.82383, 21.16395 ], [ -86.82399, 21.16391 ], [ -86.82418, 21.16381 ], [ -86.82471, 21.16376 ], [ -86.82501, 21.16382 ], [ -86.82549, 21.16409 ], [ -86.82564, 21.16436 ], [ -86.82571, 21.16472 ], [ -86.82581, 21.16609 ], [ -86.82601, 21.16872 ], [ -86.82604, 21.16972 ], [ -86.82613, 21.17074 ], [ -86.82632, 21.17118 ], [ -86.82636, 21.17143 ], [ -86.82637, 21.17195 ], [ -86.82648, 21.17306 ], [ -86.82646, 21.1734 ], [ -86.82643, 21.1737 ], [ -86.82653, 21.17411 ], [ -86.82665, 21.1743 ], [ -86.8291, 21.17309 ], [ -86.83216, 21.1716 ], [ -86.83681, 21.16931 ], [ -86.84149, 21.16698 ], [ -86.84614, 21.16465 ], [ -86.85066, 21.16243 ], [ -86.85139, 21.16214 ], [ -86.85156, 21.16218 ], [ -86.85175, 21.16207 ], [ -86.8518, 21.1619 ], [ -86.8523, 21.16167 ], [ -86.85313, 21.16118 ], [ -86.85387, 21.16077 ], [ -86.85681, 21.1594 ], [ -86.85907, 21.15826 ], [ -86.85896, 21.15812 ], [ -86.85892, 21.15779 ], [ -86.85878, 21.15595 ], [ -86.85867, 21.15441 ], [ -86.8585, 21.1524 ], [ -86.8583, 21.14973 ], [ -86.8581, 21.14696 ], [ -86.85789, 21.14428 ], [ -86.85781, 21.14352 ], [ -86.86074, 21.14333 ], [ -86.86677, 21.14284 ], [ -86.86955, 21.14263 ], [ -86.86953, 21.1429 ], [ -86.8715, 21.14274 ], [ -86.8759, 21.14245 ], [ -86.87711, 21.14237 ], [ -86.87716, 21.14281 ], [ -86.87732, 21.14283 ], [ -86.87718, 21.1413 ], [ -86.87469, 21.14149 ], [ -86.87203, 21.14169 ], [ -86.87017, 21.14179 ], [ -86.86996, 21.14184 ], [ -86.86954, 21.14185 ], [ -86.86851, 21.1419 ], [ -86.86616, 21.14207 ], [ -86.86612, 21.14156 ], [ -86.86362, 21.1417 ], [ -86.85986, 21.14194 ], [ -86.85767, 21.14211 ], [ -86.85778, 21.14362 ], [ -86.85799, 21.14601 ], [ -86.85815, 21.14819 ], [ -86.85831, 21.15035 ], [ -86.85856, 21.15353 ], [ -86.85873, 21.15578 ], [ -86.85891, 21.15802 ], [ -86.8589, 21.15818 ], [ -86.85469, 21.16025 ], [ -86.85439, 21.16035 ], [ -86.85231, 21.16141 ], [ -86.85174, 21.16166 ], [ -86.85157, 21.16162 ], [ -86.85142, 21.16165 ], [ -86.85134, 21.16171 ], [ -86.85124, 21.1619 ], [ -86.85043, 21.16236 ], [ -86.84726, 21.16388 ], [ -86.84422, 21.16541 ], [ -86.84005, 21.16753 ], [ -86.83534, 21.16984 ], [ -86.83189, 21.17152 ], [ -86.82784, 21.17354 ], [ -86.82689, 21.17397 ], [ -86.82666, 21.17386 ], [ -86.82654, 21.17272 ], [ -86.82653, 21.17227 ], [ -86.82654, 21.17073 ], [ -86.82646, 21.1696 ], [ -86.82652, 21.16921 ], [ -86.82639, 21.16796 ], [ -86.82621, 21.16562 ], [ -86.8261, 21.16411 ], [ -86.8262, 21.16376 ], [ -86.82621, 21.16353 ], [ -86.8261, 21.16328 ], [ -86.82595, 21.16311 ], [ -86.82587, 21.16299 ], [ -86.82579, 21.16273 ], [ -86.82579, 21.1623 ], [ -86.82567, 21.16107 ], [ -86.82562, 21.15976 ], [ -86.82548, 21.15771 ], [ -86.82553, 21.1573 ], [ -86.82556, 21.15691 ], [ -86.82546, 21.15657 ], [ -86.82535, 21.15638 ], [ -86.82539, 21.15614 ], [ -86.82543, 21.15587 ], [ -86.82536, 21.15471 ], [ -86.82529, 21.15314 ], [ -86.82518, 21.15199 ], [ -86.82507, 21.15098 ], [ -86.82491, 21.15075 ], [ -86.82495, 21.1502 ], [ -86.82488, 21.14951 ], [ -86.82475, 21.14874 ], [ -86.8247, 21.14827 ], [ -86.82473, 21.14771 ], [ -86.82482, 21.14752 ], [ -86.82474, 21.14654 ], [ -86.82456, 21.14633 ], [ -86.8245, 21.14549 ] ] } },
{ "type": "Feature", "properties": { "ciudad_nombre": "Cancún", "encodedLine": "wdd`Czd|pOsFU}AW_BAOp@f@|BL~AWtGJhAEl@Vl@PfCk@zBqAh@y@LaHTuINkCFwE\\\\qFRwA^mBRoBFuDFa@I]A_@@i@FUNIPG^Pt@Vr@vB~Ez@`C`BhEfBdE|BhGfCjGzChIdD`IrBvFbCzFlAxDV`@RVVn@xCdI`D~HzBbGfBzDxCbIjCfGj@fBv@fBj@tAZpAIT?RBNLLh@\\\\Rf@z@`BdCjFZlAfBjFhBlEjGdPx@nBp@zA|@hCbCdGhHbRfAtCbBhErClGx@bC|@|BJ[^]rD_BnEyBj@QLKPG~AIhECrIa@FLN`CLrHTjFd@zOHzEDpAT|BJHNt@FfAFdCFj@Z@nBEbKa@zDIr@Ev@ExJUt@?`BMbGMhFUf@BTfTFnKAVSHmK?eHELzBLvQIpKrGKt@@fKKzBI~B?dCGfICdBGBjHZpUf@WPIGcKG_GC}GCk@EYoCDwJDcWZyGHAuKFcMY_FxG?vKHHCDWBYIkCGcNOkK?yAAS{Ob@gAFsCDsBL{Nb@gCL}HLSmDGaD_@{KS_K_@iKEaBAeB_@aMASQGWHOPEXCjAW~Bg@D{AByDRcEDsBHi@NyAv@wB|@qDfBw@VSGUg@gAuCaA{BeGmNgG_Pu@qBoHcRuCeIw@yByAgDYy@u@kB_DoIyAiD[u@_@}AEa@GWg@[QWK[uBsEo@mB}C}HiB}EkBiE}@mCuCwHi@iAyBqFoAkDu@yAcA}CqC{Gg@gAgAwCu@yBeAyB_BmE}DoJqC{HoF_NmAaDmB}EUg@@[LKtBMdJYx@AdBNt@?zFq@pCKzFKdCSfIUvCRr@Pr@FVCl@QRQPUf@Dh@?tH]j@[pFCtI_@l@FXC|@HrA?j@If@cErDcOLkC[Wc@Ae@PyM]aUu@", "data.route.shortName": "", "data.route.longName": "97-99_", "slug": "ruta-97-99.4ew", "type": "Bus", "color": null, "trips": [ ], "shape_id": "shape_2292" }, "geometry": { "type": "LineString", "coordinates": [ [ -86.82078, 21.16188 ], [ -86.82067, 21.1631 ], [ -86.82055, 21.16357 ], [ -86.82054, 21.16405 ], [ -86.82079, 21.16413 ], [ -86.82142, 21.16393 ], [ -86.8219, 21.16386 ], [ -86.82329, 21.16398 ], [ -86.82366, 21.16392 ], [ -86.82389, 21.16395 ], [ -86.82412, 21.16383 ], [ -86.8248, 21.16374 ], [ -86.82542, 21.16396 ], [ -86.82563, 21.16437 ], [ -86.8257, 21.16466 ], [ -86.82581, 21.16611 ], [ -86.82589, 21.16782 ], [ -86.82593, 21.16852 ], [ -86.82608, 21.1696 ], [ -86.82618, 21.17081 ], [ -86.82634, 21.17125 ], [ -86.82644, 21.1718 ], [ -86.82648, 21.17236 ], [ -86.82652, 21.17327 ], [ -86.82647, 21.17344 ], [ -86.82646, 21.17359 ], [ -86.82647, 21.17375 ], [ -86.82651, 21.17396 ], [ -86.82659, 21.17407 ], [ -86.82668, 21.17412 ], [ -86.82684, 21.17416 ], [ -86.82711, 21.17407 ], [ -86.82737, 21.17395 ], [ -86.82849, 21.17335 ], [ -86.82914, 21.17305 ], [ -86.83015, 21.17256 ], [ -86.83114, 21.17204 ], [ -86.83247, 21.17141 ], [ -86.83381, 21.17073 ], [ -86.83546, 21.16995 ], [ -86.83707, 21.16912 ], [ -86.83831, 21.16854 ], [ -86.83957, 21.16788 ], [ -86.8405, 21.16749 ], [ -86.84067, 21.16737 ], [ -86.84079, 21.16727 ], [ -86.84103, 21.16715 ], [ -86.84266, 21.16638 ], [ -86.84426, 21.16557 ], [ -86.84556, 21.16495 ], [ -86.8465, 21.16443 ], [ -86.84812, 21.16366 ], [ -86.84944, 21.16296 ], [ -86.84996, 21.16274 ], [ -86.85048, 21.16246 ], [ -86.85091, 21.16224 ], [ -86.85132, 21.1621 ], [ -86.85143, 21.16215 ], [ -86.85153, 21.16215 ], [ -86.85161, 21.16213 ], [ -86.85168, 21.16206 ], [ -86.85183, 21.16185 ], [ -86.85203, 21.16175 ], [ -86.85252, 21.16145 ], [ -86.8537, 21.16078 ], [ -86.85409, 21.16064 ], [ -86.85527, 21.16012 ], [ -86.8563, 21.15959 ], [ -86.85905, 21.15825 ], [ -86.85961, 21.15796 ], [ -86.86007, 21.15771 ], [ -86.86076, 21.1574 ], [ -86.86207, 21.15674 ], [ -86.86513, 21.15525 ], [ -86.86588, 21.15489 ], [ -86.86689, 21.15439 ], [ -86.86824, 21.15365 ], [ -86.8689, 21.15336 ], [ -86.86953, 21.15305 ], [ -86.86939, 21.15299 ], [ -86.86924, 21.15283 ], [ -86.86876, 21.15193 ], [ -86.86815, 21.15089 ], [ -86.86806, 21.15067 ], [ -86.868, 21.1506 ], [ -86.86796, 21.15051 ], [ -86.86791, 21.15003 ], [ -86.86789, 21.14902 ], [ -86.86772, 21.14732 ], [ -86.86779, 21.14728 ], [ -86.86844, 21.1472 ], [ -86.86998, 21.14713 ], [ -86.87116, 21.14702 ], [ -86.87386, 21.14683 ], [ -86.87496, 21.14678 ], [ -86.87537, 21.14675 ], [ -86.876, 21.14664 ], [ -86.87605, 21.14658 ], [ -86.87632, 21.1465 ], [ -86.87668, 21.14646 ], [ -86.87735, 21.14642 ], [ -86.87757, 21.14638 ], [ -86.87758, 21.14624 ], [ -86.87755, 21.14568 ], [ -86.87738, 21.14374 ], [ -86.87733, 21.1428 ], [ -86.8773, 21.14254 ], [ -86.87727, 21.14226 ], [ -86.87716, 21.14037 ], [ -86.87716, 21.1401 ], [ -86.87709, 21.13961 ], [ -86.87702, 21.13831 ], [ -86.87691, 21.13714 ], [ -86.87693, 21.13694 ], [ -86.88033, 21.13683 ], [ -86.88233, 21.13679 ], [ -86.88245, 21.1368 ], [ -86.8825, 21.1369 ], [ -86.8825, 21.13889 ], [ -86.88247, 21.14036 ], [ -86.88309, 21.14029 ], [ -86.88609, 21.14022 ], [ -86.8881, 21.14027 ], [ -86.88804, 21.13889 ], [ -86.88805, 21.13862 ], [ -86.88799, 21.13666 ], [ -86.88794, 21.13604 ], [ -86.88794, 21.1354 ], [ -86.8879, 21.13473 ], [ -86.88788, 21.13309 ], [ -86.88784, 21.13258 ], [ -86.88934, 21.13256 ], [ -86.89295, 21.13242 ], [ -86.89283, 21.13222 ], [ -86.89278, 21.13213 ], [ -86.89084, 21.13217 ], [ -86.88956, 21.13221 ], [ -86.88813, 21.13223 ], [ -86.88791, 21.13225 ], [ -86.88778, 21.13228 ], [ -86.88781, 21.133 ], [ -86.88784, 21.13488 ], [ -86.88798, 21.13874 ], [ -86.88803, 21.14015 ], [ -86.886, 21.14016 ], [ -86.88374, 21.14012 ], [ -86.88262, 21.14025 ], [ -86.88262, 21.13884 ], [ -86.88267, 21.1368 ], [ -86.88265, 21.13675 ], [ -86.88253, 21.13672 ], [ -86.8824, 21.1367 ], [ -86.8817, 21.13675 ], [ -86.87928, 21.13679 ], [ -86.8773, 21.13687 ], [ -86.87685, 21.13687 ], [ -86.87675, 21.13688 ], [ -86.87693, 21.13958 ], [ -86.87697, 21.13994 ], [ -86.877, 21.14068 ], [ -86.87707, 21.14126 ], [ -86.87725, 21.1438 ], [ -86.87732, 21.14448 ], [ -86.87739, 21.14607 ], [ -86.87652, 21.14617 ], [ -86.87571, 21.14621 ], [ -86.87365, 21.14637 ], [ -86.87173, 21.14647 ], [ -86.86976, 21.14663 ], [ -86.86927, 21.14666 ], [ -86.86876, 21.14667 ], [ -86.86651, 21.14683 ], [ -86.86641, 21.14684 ], [ -86.86637, 21.14693 ], [ -86.86642, 21.14705 ], [ -86.86651, 21.14713 ], [ -86.86664, 21.14716 ], [ -86.86702, 21.14718 ], [ -86.86766, 21.1473 ], [ -86.86769, 21.1475 ], [ -86.86771, 21.14796 ], [ -86.86781, 21.14889 ], [ -86.86784, 21.14987 ], [ -86.86789, 21.15045 ], [ -86.86797, 21.15066 ], [ -86.86825, 21.15111 ], [ -86.86856, 21.15171 ], [ -86.86908, 21.1526 ], [ -86.8692, 21.15288 ], [ -86.86916, 21.15298 ], [ -86.86896, 21.15309 ], [ -86.86821, 21.15345 ], [ -86.86759, 21.15378 ], [ -86.86512, 21.15509 ], [ -86.8624, 21.15641 ], [ -86.86183, 21.15668 ], [ -86.85877, 21.1582 ], [ -86.85714, 21.15895 ], [ -86.85653, 21.15923 ], [ -86.85569, 21.15968 ], [ -86.8554, 21.15981 ], [ -86.85486, 21.16008 ], [ -86.85318, 21.16088 ], [ -86.85233, 21.16133 ], [ -86.85206, 21.16147 ], [ -86.85159, 21.16163 ], [ -86.85142, 21.16166 ], [ -86.8513, 21.1617 ], [ -86.85116, 21.1619 ], [ -86.85104, 21.16199 ], [ -86.8509, 21.16205 ], [ -86.84984, 21.16264 ], [ -86.84929, 21.16288 ], [ -86.8477, 21.16367 ], [ -86.84659, 21.1642 ], [ -86.84558, 21.16474 ], [ -86.84487, 21.16505 ], [ -86.84331, 21.1658 ], [ -86.84294, 21.16601 ], [ -86.84173, 21.16662 ], [ -86.84087, 21.16702 ], [ -86.84042, 21.16729 ], [ -86.83963, 21.16763 ], [ -86.83821, 21.16836 ], [ -86.83785, 21.16856 ], [ -86.83709, 21.16892 ], [ -86.83648, 21.16919 ], [ -86.83587, 21.16954 ], [ -86.83484, 21.17002 ], [ -86.833, 21.17097 ], [ -86.83142, 21.1717 ], [ -86.82902, 21.1729 ], [ -86.82821, 21.17329 ], [ -86.8271, 21.17384 ], [ -86.8269, 21.17395 ], [ -86.82676, 21.17394 ], [ -86.8267, 21.17387 ], [ -86.82663, 21.17328 ], [ -86.8265, 21.17149 ], [ -86.82649, 21.1712 ], [ -86.82657, 21.17069 ], [ -86.82657, 21.17042 ], [ -86.82632, 21.16916 ], [ -86.82626, 21.16843 ], [ -86.8262, 21.16717 ], [ -86.8261, 21.1665 ], [ -86.82599, 21.16486 ], [ -86.82609, 21.1641 ], [ -86.82618, 21.16384 ], [ -86.82622, 21.16358 ], [ -86.8262, 21.16346 ], [ -86.82611, 21.16323 ], [ -86.82602, 21.16313 ], [ -86.82591, 21.16304 ], [ -86.82594, 21.16284 ], [ -86.82594, 21.16263 ], [ -86.82579, 21.16108 ], [ -86.82565, 21.16086 ], [ -86.82563, 21.15965 ], [ -86.82547, 21.15794 ], [ -86.82551, 21.15771 ], [ -86.82549, 21.15758 ], [ -86.82554, 21.15727 ], [ -86.82554, 21.15685 ], [ -86.82549, 21.15663 ], [ -86.82451, 21.15643 ], [ -86.82193, 21.15553 ], [ -86.82123, 21.15546 ], [ -86.82111, 21.1556 ], [ -86.8211, 21.15578 ], [ -86.82119, 21.15597 ], [ -86.82104, 21.15834 ], [ -86.82077, 21.16187 ] ] } },
{ "type": "Feature", "properties": { "ciudad_nombre": "Cancún", "encodedLine": "gea`C|z|pOyL`@w@?_@GeAq@UI]BUL{@x@WJe@H{AHsBDmHVmBD{EX}EL{@^w@KYKq@EY@YDe@ZUF[Ba@?g@Qg@EkCJyFLqEVaIN_AMs@Ua@Ec@?a@DmAh@w@Ve@DaBFy@?{@FiN`@eLb@eABaBb@a@FsI^k@A]G[A_AB[DSHa@\\GPyAn@yFpB{DnAUPWb@Un@UNUHei@yBq@G[Kc@EwF[iLa@uLi@qCESFCVU~[LjCRhCALUB_GGu_@kA{FGqAI}Ma@o@CSGCQVmGBUb@?bGRhCNxENbBJvA?@eBFm@DQLEDMP}G@}ANkKNIP?bAJtEXpDJhCNtBB|GRzBLr@Bn@d@AnDIlF@bBG~DEfENrDNzA?b@GHe@@aJUeIYcDGyK_@gNYuIY}@GICGEV{G@UDE~AJfBD|CRvGPlAJrB@FyBDc@@ETGBMNgGD_FDqADiEBGJEf@DrBF|BLlAPl@?hBFv@JnB?~DT~ADtDPxBF~ALhIV|ETlDJfH^tBFXAbAY`C}@~E}BdCcAbFgCnJkEHD|@zBbBxCXr@Rv@fBlFXh@NHJ?JEVYLAtAk@xE}A`Ac@hAc@zAe@f@Wz@G~BMtDKrDQjALrABvFSfCE~Ka@vISlCQ^RPDl@?l@IVGj@W`BOhIY|ACzFSxFOn@SnALfAA~@Ml@QL?\\RlKc@tCIbBA|CMlDIp@Gp@]f@AnABjDOjF]n@AZDb@Nh@@|CQd@ShAOj@C~FAPZLLNJ`@DRCTIPONSF[@_@Ie@m@i@Q]G[A_@IUUDw@xAq@x@_@NqBHgDJ", "data.route.shortName": "Domos", "data.route.longName": "237_Domos", "slug": "ruta-237-domos.4ev", "type": "Bus", "color": null, "trips": [ ], "shape_id": "shape_2291" }, "geometry": { "type": "LineString", "coordinates": [ [ -86.82431, 21.1466 ], [ -86.82448, 21.14881 ], [ -86.82448, 21.14909 ], [ -86.82444, 21.14925 ], [ -86.82419, 21.1496 ], [ -86.82414, 21.14971 ], [ -86.82416, 21.14986 ], [ -86.82423, 21.14997 ], [ -86.82452, 21.15027 ], [ -86.82458, 21.15039 ], [ -86.82463, 21.15058 ], [ -86.82468, 21.15104 ], [ -86.82471, 21.15162 ], [ -86.82483, 21.15313 ], [ -86.82486, 21.15368 ], [ -86.82499, 21.15478 ], [ -86.82506, 21.15589 ], [ -86.82522, 21.15619 ], [ -86.82516, 21.15647 ], [ -86.8251, 21.1566 ], [ -86.82507, 21.15685 ], [ -86.82508, 21.15698 ], [ -86.82511, 21.15711 ], [ -86.82525, 21.1573 ], [ -86.82529, 21.15741 ], [ -86.82531, 21.15755 ], [ -86.82531, 21.15772 ], [ -86.82522, 21.15792 ], [ -86.82519, 21.15812 ], [ -86.82525, 21.15882 ], [ -86.82532, 21.16007 ], [ -86.82544, 21.16112 ], [ -86.82552, 21.16273 ], [ -86.82545, 21.16305 ], [ -86.82534, 21.16331 ], [ -86.82531, 21.16348 ], [ -86.82531, 21.16366 ], [ -86.82534, 21.16383 ], [ -86.82555, 21.16422 ], [ -86.82567, 21.1645 ], [ -86.8257, 21.16469 ], [ -86.82574, 21.16518 ], [ -86.82574, 21.16547 ], [ -86.82578, 21.16577 ], [ -86.82595, 21.16822 ], [ -86.82613, 21.17033 ], [ -86.82615, 21.17068 ], [ -86.82633, 21.17117 ], [ -86.82637, 21.17134 ], [ -86.82653, 21.17304 ], [ -86.82652, 21.17326 ], [ -86.82648, 21.17341 ], [ -86.82647, 21.17355 ], [ -86.82649, 21.17387 ], [ -86.82652, 21.17401 ], [ -86.82657, 21.17411 ], [ -86.82672, 21.17428 ], [ -86.82681, 21.17432 ], [ -86.82705, 21.17477 ], [ -86.82762, 21.17602 ], [ -86.82802, 21.17696 ], [ -86.82811, 21.17707 ], [ -86.82829, 21.17719 ], [ -86.82853, 21.1773 ], [ -86.82861, 21.17741 ], [ -86.82866, 21.17752 ], [ -86.82805, 21.18427 ], [ -86.82801, 21.18452 ], [ -86.82795, 21.18466 ], [ -86.82792, 21.18484 ], [ -86.82778, 21.18608 ], [ -86.82761, 21.18821 ], [ -86.8274, 21.1904 ], [ -86.82737, 21.19113 ], [ -86.82741, 21.19123 ], [ -86.82753, 21.19125 ], [ -86.83217, 21.19136 ], [ -86.83287, 21.19129 ], [ -86.83356, 21.19119 ], [ -86.83363, 21.1912 ], [ -86.83365, 21.19131 ], [ -86.83361, 21.19259 ], [ -86.83323, 21.19782 ], [ -86.83319, 21.19908 ], [ -86.83314, 21.19949 ], [ -86.83297, 21.20188 ], [ -86.83295, 21.20212 ], [ -86.83291, 21.20222 ], [ -86.83282, 21.20224 ], [ -86.83147, 21.20212 ], [ -86.83136, 21.2021 ], [ -86.83136, 21.20192 ], [ -86.83146, 21.20062 ], [ -86.83154, 21.19993 ], [ -86.83162, 21.19884 ], [ -86.83168, 21.19834 ], [ -86.83168, 21.1979 ], [ -86.83117, 21.19789 ], [ -86.83094, 21.19785 ], [ -86.83085, 21.19782 ], [ -86.83082, 21.19775 ], [ -86.83075, 21.19772 ], [ -86.82932, 21.19763 ], [ -86.82885, 21.19762 ], [ -86.82687, 21.19754 ], [ -86.82682, 21.19746 ], [ -86.82682, 21.19737 ], [ -86.82688, 21.19703 ], [ -86.82701, 21.19596 ], [ -86.82707, 21.19507 ], [ -86.82715, 21.19438 ], [ -86.82717, 21.19379 ], [ -86.82727, 21.19236 ], [ -86.82734, 21.19174 ], [ -86.82736, 21.19148 ], [ -86.82755, 21.19124 ], [ -86.82843, 21.19125 ], [ -86.82962, 21.1913 ], [ -86.83012, 21.19129 ], [ -86.83108, 21.19133 ], [ -86.83208, 21.19136 ], [ -86.83298, 21.19128 ], [ -86.83344, 21.1912 ], [ -86.83362, 21.1912 ], [ -86.83367, 21.19124 ], [ -86.83368, 21.19143 ], [ -86.83357, 21.1932 ], [ -86.83344, 21.19483 ], [ -86.8334, 21.19565 ], [ -86.83324, 21.1977 ], [ -86.83311, 21.20014 ], [ -86.83298, 21.20185 ], [ -86.83294, 21.20216 ], [ -86.83292, 21.20221 ], [ -86.83289, 21.20225 ], [ -86.83147, 21.20213 ], [ -86.83136, 21.20212 ], [ -86.83133, 21.20209 ], [ -86.83139, 21.20161 ], [ -86.83142, 21.20109 ], [ -86.83152, 21.2003 ], [ -86.83161, 21.1989 ], [ -86.83167, 21.19851 ], [ -86.83168, 21.19793 ], [ -86.83107, 21.19789 ], [ -86.83089, 21.19786 ], [ -86.83086, 21.19785 ], [ -86.83082, 21.19774 ], [ -86.83075, 21.19772 ], [ -86.82943, 21.19764 ], [ -86.82831, 21.19761 ], [ -86.8279, 21.19758 ], [ -86.82689, 21.19755 ], [ -86.82685, 21.19753 ], [ -86.82682, 21.19747 ], [ -86.82685, 21.19727 ], [ -86.82689, 21.19669 ], [ -86.82696, 21.19606 ], [ -86.82705, 21.19567 ], [ -86.82705, 21.19544 ], [ -86.82709, 21.19491 ], [ -86.82715, 21.19463 ], [ -86.82715, 21.19407 ], [ -86.82726, 21.19311 ], [ -86.82729, 21.19263 ], [ -86.82738, 21.19172 ], [ -86.82742, 21.19111 ], [ -86.82749, 21.19063 ], [ -86.82761, 21.18898 ], [ -86.82772, 21.18787 ], [ -86.82778, 21.187 ], [ -86.82794, 21.18552 ], [ -86.82798, 21.18493 ], [ -86.82797, 21.1848 ], [ -86.82784, 21.18446 ], [ -86.82753, 21.18381 ], [ -86.8269, 21.18269 ], [ -86.82656, 21.18202 ], [ -86.82588, 21.18088 ], [ -86.82486, 21.17904 ], [ -86.82489, 21.17899 ], [ -86.82551, 21.17868 ], [ -86.82628, 21.17818 ], [ -86.82654, 21.17805 ], [ -86.82682, 21.17795 ], [ -86.82801, 21.17743 ], [ -86.82822, 21.1773 ], [ -86.82827, 21.17722 ], [ -86.82827, 21.17716 ], [ -86.82824, 21.1771 ], [ -86.82811, 21.17698 ], [ -86.8281, 21.17691 ], [ -86.82788, 21.17648 ], [ -86.82741, 21.17539 ], [ -86.82723, 21.17506 ], [ -86.82705, 21.17469 ], [ -86.82686, 21.17423 ], [ -86.82674, 21.17403 ], [ -86.8267, 21.17373 ], [ -86.82663, 21.17309 ], [ -86.82657, 21.17218 ], [ -86.82648, 21.17128 ], [ -86.82655, 21.1709 ], [ -86.82657, 21.17048 ], [ -86.82647, 21.16924 ], [ -86.82644, 21.16856 ], [ -86.82627, 21.16648 ], [ -86.82617, 21.16476 ], [ -86.82608, 21.16405 ], [ -86.82618, 21.16389 ], [ -86.82621, 21.1638 ], [ -86.82621, 21.16357 ], [ -86.82616, 21.16334 ], [ -86.82612, 21.16322 ], [ -86.826, 21.163 ], [ -86.82592, 21.16251 ], [ -86.82579, 21.16086 ], [ -86.82577, 21.16039 ], [ -86.82567, 21.15913 ], [ -86.82559, 21.15788 ], [ -86.82549, 21.15764 ], [ -86.82556, 21.15724 ], [ -86.82555, 21.15688 ], [ -86.82548, 21.15656 ], [ -86.82539, 21.15633 ], [ -86.82539, 21.15626 ], [ -86.82549, 21.15611 ], [ -86.82531, 21.15412 ], [ -86.82526, 21.15337 ], [ -86.82525, 21.15287 ], [ -86.82518, 21.15208 ], [ -86.82513, 21.15121 ], [ -86.82509, 21.15096 ], [ -86.82494, 21.15071 ], [ -86.82493, 21.15051 ], [ -86.82495, 21.15011 ], [ -86.82487, 21.14925 ], [ -86.82472, 21.14807 ], [ -86.82471, 21.14783 ], [ -86.82474, 21.14769 ], [ -86.82482, 21.14751 ], [ -86.82483, 21.1473 ], [ -86.82474, 21.14651 ], [ -86.82464, 21.14632 ], [ -86.82456, 21.14595 ], [ -86.82454, 21.14573 ], [ -86.82453, 21.14445 ], [ -86.82467, 21.14436 ], [ -86.82474, 21.14429 ], [ -86.8248, 21.14421 ], [ -86.82483, 21.14404 ], [ -86.82481, 21.14394 ], [ -86.82476, 21.14383 ], [ -86.82468, 21.14374 ], [ -86.82458, 21.14366 ], [ -86.82444, 21.14362 ], [ -86.82428, 21.14361 ], [ -86.82409, 21.14366 ], [ -86.82388, 21.14389 ], [ -86.82373, 21.14398 ], [ -86.82359, 21.14402 ], [ -86.82343, 21.14403 ], [ -86.82332, 21.14408 ], [ -86.82335, 21.14419 ], [ -86.8238, 21.14447 ], [ -86.82409, 21.14472 ], [ -86.82417, 21.14488 ], [ -86.82422, 21.14545 ], [ -86.82428, 21.14629 ] ] } }
]
}
