stop_code,stop_lat,stop_lon,stop_id,stop_name,zone_id,parent_station,stop_desc,location_type
0000,22.20919564342101,-97.844766237237,stop_left_0001,Stop 1,merged_cluster,,,0
0001,22.210580659367984,-97.84392588030431,stop_left_0002,Stop 2,merged_cluster,,,0
0002,22.211820016809533,-97.84202765902764,stop_left_0003,Stop 3,merged_cluster,,,0
0003,22.2108768214061,-97.8460046163117,stop_left_0004,Stop 4,merged_cluster,,,0
0004,22.21328506406874,-97.84904191898474,stop_left_0005,Stop 5,merged_cluster,,,0
0005,22.212174615363214,-97.84971969106957,stop_left_0006,Stop 6,merged_cluster,,,0
0006,22.21465002081061,-97.85159285475063,stop_left_0007,Stop 7,merged_cluster,,,0
0007,22.214622935286933,-97.85365553567594,stop_left_0008,Stop 8,merged_cluster,,,0
0008,22.21253474437858,-97.85575248054397,stop_left_0009,Stop 9,merged_cluster,,,0
0009,22.21363434093689,-97.85834720944152,stop_left_0010,Stop 10,merged_cluster,,,0
0010,22.21064731343729,-97.85222394368795,stop_left_0011,Stop 11,merged_cluster,,,0
0011,22.210875720728062,-97.85026292464008,stop_left_0012,Stop 12,merged_cluster,,,0
0012,22.22605782430869,-97.8715761071428,stop_left_0013,Stop 13,merged_cluster,,,0
0013,22.225094029325653,-97.87021898840639,stop_left_0014,Stop 14,merged_cluster,,,0
0014,22.222936527492912,-97.8695027843984,stop_left_0015,Stop 15,merged_cluster,,,0
0015,22.21991526155829,-97.86883973417446,stop_left_0016,Stop 16,merged_cluster,,,0
0016,22.21853903788087,-97.86487518545158,stop_left_0017,Stop 17,merged_cluster,,,0
0017,22.21756172215047,-97.86268877942713,stop_left_0018,Stop 18,merged_cluster,,,0
0018,22.216584378197187,-97.86050240480272,stop_left_0019,Stop 19,merged_cluster,,,0
0019,22.2155614770321,-97.85832203372483,stop_left_0020,Stop 20,merged_cluster,,,0
0020,22.21562365553175,-97.86344344243753,stop_left_0021,Stop 21,merged_cluster,,,0
0021,22.226573302564564,-97.83989861784447,stop_left_0022,Stop 22,merged_cluster,,,0
0022,22.223499292171788,-97.84067903269273,stop_left_0023,Stop 23,merged_cluster,,,0
0023,22.22046395072925,-97.84112514427026,stop_left_0024,Stop 24,merged_cluster,,,0
0024,22.218434119745375,-97.84218791541768,stop_left_0025,Stop 25,merged_cluster,,,0
0025,22.216404280011187,-97.84325065487121,stop_left_0026,Stop 26,merged_cluster,,,0
0026,22.214427025071934,-97.84439470466747,stop_left_0027,Stop 27,merged_cluster,,,0
0027,22.220755802104442,-97.84531860807715,stop_left_0028,Stop 28,merged_cluster,,,0
0028,22.21263357591983,-97.85268459932234,stop_left_0029,Stop 29,merged_cluster,,,0
0029,22.2147974081586,-97.85667160482743,stop_left_0030,Stop 30,merged_cluster,,,0
0030,22.411652525597848,-97.92235032926565,stop_left_0031,Stop 31,merged_cluster,,,0
0031,22.41038603205896,-97.92256827275122,stop_left_0032,Stop 32,merged_cluster,,,0
0032,22.409207068710238,-97.92173661502048,stop_left_0033,Stop 33,merged_cluster,,,0
0033,22.40769129380473,-97.9216524785704,stop_left_0034,Stop 34,merged_cluster,,,0
0034,22.404447570114698,-97.92238938888076,stop_left_0035,Stop 35,merged_cluster,,,0
0035,22.40275815218091,-97.92255929646684,stop_left_0036,Stop 36,merged_cluster,,,0
0036,22.39998996491289,-97.923074040482,stop_left_0037,Stop 37,merged_cluster,,,0
0037,22.39903920120652,-97.92435181878518,stop_left_0038,Stop 38,merged_cluster,,,0
0038,22.397481002091272,-97.92611507434555,stop_left_0039,Stop 39,merged_cluster,,,0
0039,22.39751530168186,-97.92868230052737,stop_left_0040,Stop 40,merged_cluster,,,0
0040,22.396242815007827,-97.9304524834272,stop_left_0041,Stop 41,merged_cluster,,,0
0041,22.394293295067172,-97.93199201554404,stop_left_0042,Stop 42,merged_cluster,,,0
0042,22.39570118665466,-97.93489630577804,stop_left_0043,Stop 43,merged_cluster,,,0
0043,22.39746218343303,-97.93494766919434,stop_left_0044,Stop 44,merged_cluster,,,0
0044,22.397793404300053,-97.92380330623192,stop_left_0045,Stop 45,merged_cluster,,,0
0045,22.399220944340097,-97.92194741008954,stop_left_0046,Stop 46,merged_cluster,,,0
0046,22.252455469431204,-97.85819979777935,stop_left_0047,Stop 47,merged_cluster,,,0
0047,22.24820468193396,-97.85779101065029,stop_left_0048,Stop 48,merged_cluster,,,0
0048,22.246186429474104,-97.85517559975581,stop_left_0049,Stop 49,merged_cluster,,,0
0049,22.24971003462099,-97.85484851464703,stop_left_0050,Stop 50,merged_cluster,,,0
0050,22.247361546744788,-97.85216941608032,stop_left_0051,Stop 51,merged_cluster,,,0
0051,22.246592636761626,-97.85084768847716,stop_left_0052,Stop 52,merged_cluster,,,0
0052,22.24619508028459,-97.8482651526321,stop_left_0053,Stop 53,merged_cluster,,,0
0053,22.24534208503818,-97.84618851318615,stop_left_0054,Stop 54,merged_cluster,,,0
0054,22.243935298155247,-97.84406461053669,stop_left_0055,Stop 55,merged_cluster,,,0
0055,22.24605599804018,-97.8426455456209,stop_left_0056,Stop 56,merged_cluster,,,0
0056,22.248375011001137,-97.84176723003857,stop_left_0057,Stop 57,merged_cluster,,,0
0057,22.24906041125924,-97.83958247092635,stop_left_0058,Stop 58,merged_cluster,,,0
0058,22.247336402854806,-97.83806840415517,stop_left_0059,Stop 59,merged_cluster,,,0
0059,22.245042206514512,-97.83801270004324,stop_left_0060,Stop 60,merged_cluster,,,0
0060,22.244625043025614,-97.84189682265533,stop_left_0061,Stop 61,merged_cluster,,,0
0061,22.237996339382583,-97.87352884106951,stop_left_0062,Stop 62,merged_cluster,,,0
0062,22.23542447632315,-97.87306312442739,stop_left_0063,Stop 63,merged_cluster,,,0
0063,22.231396285019148,-97.87218758876581,stop_left_0064,Stop 64,merged_cluster,,,0
0064,22.22903154142542,-97.8702079515424,stop_left_0065,Stop 65,merged_cluster,,,0
0065,22.225841594637416,-97.86746313289875,stop_left_0066,Stop 66,merged_cluster,,,0
0066,22.223592975864953,-97.86531247316086,stop_left_0067,Stop 67,merged_cluster,,,0
0067,22.222773283067333,-97.86334175668316,stop_left_0068,Stop 68,merged_cluster,,,0
0068,22.220133578086596,-97.86218759147062,stop_left_0069,Stop 69,merged_cluster,,,0
0069,22.21832975321084,-97.86009160234033,stop_left_0070,Stop 70,merged_cluster,,,0
0070,22.21819631895257,-97.85780584270925,stop_left_0071,Stop 71,merged_cluster,,,0
0071,22.276042181712338,-97.83857787728087,stop_left_0072,Stop 72,merged_cluster,,,0
0072,22.273701397254015,-97.83703882702002,stop_left_0073,Stop 73,merged_cluster,,,0
0073,22.271535816333923,-97.83635122015305,stop_left_0074,Stop 74,merged_cluster,,,0
0074,22.26937023284621,-97.83566363295034,stop_left_0075,Stop 75,merged_cluster,,,0
0075,22.265039058171844,-97.83428851752267,stop_left_0076,Stop 76,merged_cluster,,,0
0076,22.26137770010793,-97.83432663013079,stop_left_0077,Stop 77,merged_cluster,,,0
0077,22.258530820858077,-97.83250107286658,stop_left_0078,Stop 78,merged_cluster,,,0
0078,22.257110014443935,-97.83421007921811,stop_left_0079,Stop 79,merged_cluster,,,0
0079,22.255793483948516,-97.83578528812613,stop_left_0080,Stop 80,merged_cluster,,,0
0080,22.25410810667687,-97.83699734628149,stop_left_0081,Stop 81,merged_cluster,,,0
0081,22.251998838087324,-97.8361310266284,stop_left_0082,Stop 82,merged_cluster,,,0
0082,22.250544413408786,-97.83554776787291,stop_left_0083,Stop 83,merged_cluster,,,0
0083,22.247095668369795,-97.83580493054065,stop_left_0084,Stop 84,merged_cluster,,,0
0084,22.245331099831027,-97.83603004055442,stop_left_0085,Stop 85,merged_cluster,,,0
0085,22.226457048167468,-97.89530737582268,stop_left_0086,Stop 86,merged_cluster,,,0
0086,22.224898482992955,-97.89368751831378,stop_left_0087,Stop 87,merged_cluster,,,0
0087,22.224473774057262,-97.89087048899022,stop_left_0088,Stop 88,merged_cluster,,,0
0088,22.223830270309122,-97.88900666882905,stop_left_0089,Stop 89,merged_cluster,,,0
0089,22.22296206370457,-97.8867923127761,stop_left_0090,Stop 90,merged_cluster,,,0
0090,22.222981587756994,-97.88446363444515,stop_left_0091,Stop 91,merged_cluster,,,0
0091,22.22211433365739,-97.88222422985817,stop_left_0092,Stop 92,merged_cluster,,,0
0092,22.220847450750423,-97.87909974245339,stop_left_0093,Stop 93,merged_cluster,,,0
0093,22.220379736118396,-97.87774550697812,stop_left_0094,Stop 94,merged_cluster,,,0
0094,22.21951239268706,-97.87550618868872,stop_left_0095,Stop 95,merged_cluster,,,0
0095,22.21864501948652,-97.87326689916885,stop_left_0096,Stop 96,merged_cluster,,,0
0096,22.217777616520817,-97.87102763842039,stop_left_0097,Stop 97,merged_cluster,,,0
0097,22.216382120433142,-97.86930083463282,stop_left_0098,Stop 98,merged_cluster,,,0
0098,22.21555203821948,-97.86755571229521,stop_left_0099,Stop 99,merged_cluster,,,0
0099,22.214860380899736,-97.86526219220514,stop_left_0100,Stop 100,merged_cluster,,,0
0100,22.214400646807263,-97.86310325354478,stop_left_0101,Stop 101,merged_cluster,,,0
0101,22.24690973789706,-97.87342133174182,stop_left_0102,Stop 102,merged_cluster,,,0
0102,22.24741610991689,-97.87119552957168,stop_left_0103,Stop 103,merged_cluster,,,0
0103,22.248422608685804,-97.86927244338088,stop_left_0104,Stop 104,merged_cluster,,,0
0104,22.24985855184146,-97.8661189999543,stop_left_0105,Stop 105,merged_cluster,,,0
0105,22.250323991280446,-97.86468060466387,stop_left_0106,Stop 106,merged_cluster,,,0
0106,22.250942979515138,-97.86230552013096,stop_left_0107,Stop 107,merged_cluster,,,0
0107,22.251549793824882,-97.86024372364872,stop_left_0108,Stop 108,merged_cluster,,,0
0108,22.2531301461329,-97.85510007165824,stop_left_0109,Stop 109,merged_cluster,,,0
0109,22.25298190340121,-97.85385594681762,stop_left_0110,Stop 110,merged_cluster,,,0
0110,22.25428880418398,-97.8510076399385,stop_left_0111,Stop 111,merged_cluster,,,0
0111,22.251738063041262,-97.84768091483295,stop_left_0112,Stop 112,merged_cluster,,,0
0112,22.25116453251558,-97.84641488960443,stop_left_0113,Stop 113,merged_cluster,,,0
0113,22.249377678413584,-97.8435472158448,stop_left_0114,Stop 114,merged_cluster,,,0
0114,22.251006818743804,-97.84330809204867,stop_left_0115,Stop 115,merged_cluster,,,0
0115,22.25212208650896,-97.84541745824934,stop_left_0116,Stop 116,merged_cluster,,,0
0116,22.253134818651265,-97.8471652449852,stop_left_0117,Stop 117,merged_cluster,,,0
0117,22.25394743375988,-97.84883620124943,stop_left_0118,Stop 118,merged_cluster,,,0
0118,22.227742109459875,-97.86849939696994,stop_left_0119,Stop 119,merged_cluster,,,0
0119,22.22372983127195,-97.86660394506647,stop_left_0120,Stop 120,merged_cluster,,,0
0120,22.241848722913897,-97.85559528452637,stop_left_0121,Stop 121,merged_cluster,,,0
0121,22.240592944147192,-97.8576113204177,stop_left_0122,Stop 122,merged_cluster,,,0
0122,22.237144781857726,-97.85894839695071,stop_left_0123,Stop 123,merged_cluster,,,0
0123,22.233483229821783,-97.8574128031291,stop_left_0124,Stop 124,merged_cluster,,,0
0124,22.229783732213892,-97.85952614269677,stop_left_0125,Stop 125,merged_cluster,,,0
0125,22.22757607114537,-97.85901590469656,stop_left_0126,Stop 126,merged_cluster,,,0
0126,22.222717909001968,-97.85902603837603,stop_left_0127,Stop 127,merged_cluster,,,0
0127,22.221442753253164,-97.85835992955602,stop_left_0128,Stop 128,merged_cluster,,,0
0128,22.22032689485717,-97.85583360947233,stop_left_0129,Stop 129,merged_cluster,,,0
0129,22.221718829638927,-97.85473033185032,stop_left_0130,Stop 130,merged_cluster,,,0
0130,22.222711796942004,-97.85671433694708,stop_left_0131,Stop 131,merged_cluster,,,0
0131,22.22532164670917,-97.85701957219364,stop_left_0132,Stop 132,merged_cluster,,,0
0132,22.269610777298418,-97.843277376048,stop_left_0133,Stop 133,merged_cluster,,,0
0133,22.271775523433668,-97.84355348462019,stop_left_0134,Stop 134,merged_cluster,,,0
0134,22.272013755236735,-97.84179856682624,stop_left_0135,Stop 135,merged_cluster,,,0
0135,22.269980901170804,-97.8409232933034,stop_left_0136,Stop 136,merged_cluster,,,0
0136,22.270527675878974,-97.83878672528479,stop_left_0137,Stop 137,merged_cluster,,,0
0137,22.267433133612208,-97.83773528063747,stop_left_0138,Stop 138,merged_cluster,,,0
0138,22.264178909830243,-97.8372458720834,stop_left_0139,Stop 139,merged_cluster,,,0
0139,22.26282095627487,-97.8392778350442,stop_left_0140,Stop 140,merged_cluster,,,0
0140,22.260779425042163,-97.83846442786258,stop_left_0141,Stop 141,merged_cluster,,,0
0141,22.259238242176863,-97.83701456144821,stop_left_0142,Stop 142,merged_cluster,,,0
0142,22.254730649006444,-97.8329931530532,stop_left_0143,Stop 143,merged_cluster,,,0
0143,22.252648399385894,-97.83157826124447,stop_left_0144,Stop 144,merged_cluster,,,0
0144,22.250954064192484,-97.83327154281338,stop_left_0145,Stop 145,merged_cluster,,,0
0145,22.25788621915874,-97.83570311746338,stop_left_0146,Stop 146,merged_cluster,,,0
0146,22.240538851936027,-97.83366346928283,stop_left_0147,Stop 147,merged_cluster,,,0
0147,22.23972024901404,-97.83533114195352,stop_left_0148,Stop 148,merged_cluster,,,0
0148,22.23796667393379,-97.8367755763843,stop_left_0149,Stop 149,merged_cluster,,,0
0149,22.23558672556195,-97.83841204781383,stop_left_0150,Stop 150,merged_cluster,,,0
0150,22.2341009982584,-97.83899459668125,stop_left_0151,Stop 151,merged_cluster,,,0
0151,22.233559760360013,-97.84034781197664,stop_left_0152,Stop 152,merged_cluster,,,0
0152,22.2298033687791,-97.84168832051874,stop_left_0153,Stop 153,merged_cluster,,,0
0153,22.216027568643174,-97.85298368282353,stop_left_0154,Stop 154,merged_cluster,,,0
0154,22.21656870296505,-97.85635584770624,stop_left_0155,Stop 155,merged_cluster,,,0
0155,22.260951023270728,-97.8283709354518,stop_left_0156,Stop 156,merged_cluster,,,0
0156,22.26330815950452,-97.8267378164876,stop_left_0157,Stop 157,merged_cluster,,,0
0157,22.266502432063117,-97.82570967754306,stop_left_0158,Stop 158,merged_cluster,,,0
0158,22.26912308766304,-97.82826793649248,stop_left_0159,Stop 159,merged_cluster,,,0
0159,22.27187474035141,-97.83085967166258,stop_left_0160,Stop 160,merged_cluster,,,0
0160,22.275776840072798,-97.82776625921589,stop_left_0161,Stop 161,merged_cluster,,,0
0161,22.277939554755772,-97.82921386319718,stop_left_0162,Stop 162,merged_cluster,,,0
0162,22.281282425966648,-97.82921326390779,stop_left_0163,Stop 163,merged_cluster,,,0
0163,22.28263542556087,-97.82984842136405,stop_left_0164,Stop 164,merged_cluster,,,0
0164,22.249381889863354,-97.85985923329406,stop_left_0165,Stop 165,merged_cluster,,,0
0165,22.247130901662512,-97.85999571543915,stop_left_0166,Stop 166,merged_cluster,,,0
0166,22.246181966517135,-97.86160470644305,stop_left_0167,Stop 167,merged_cluster,,,0
0167,22.244938213977616,-97.86373070570939,stop_left_0168,Stop 168,merged_cluster,,,0
0168,22.242680928556243,-97.86366198231985,stop_left_0169,Stop 169,merged_cluster,,,0
0169,22.24064296116758,-97.8627096578178,stop_left_0170,Stop 170,merged_cluster,,,0
0170,22.23838581249741,-97.86263591887833,stop_left_0171,Stop 171,merged_cluster,,,0
0171,22.23612866327941,-97.86256218054803,stop_left_0172,Stop 172,merged_cluster,,,0
0172,22.233871513513666,-97.86248844282649,stop_left_0173,Stop 173,merged_cluster,,,0
0173,22.233729536117625,-97.86118829975723,stop_left_0174,Stop 174,merged_cluster,,,0
0174,22.230052782338568,-97.86115281449433,stop_left_0175,Stop 175,merged_cluster,,,0
0175,22.22797779158525,-97.86179608321154,stop_left_0176,Stop 176,merged_cluster,,,0
0176,22.22548927316894,-97.8608774198445,stop_left_0177,Stop 177,merged_cluster,,,0
0177,22.22453675330409,-97.85867832250361,stop_left_0178,Stop 178,merged_cluster,,,0
0178,22.22467747247856,-97.86330366652555,stop_left_0179,Stop 179,merged_cluster,,,0
0179,22.226755737767828,-97.86237310261373,stop_left_0180,Stop 180,merged_cluster,,,0
0180,22.230310993294676,-97.86264708191881,stop_left_0181,Stop 181,merged_cluster,,,0
0181,22.232886351942685,-97.86340791621674,stop_left_0182,Stop 182,merged_cluster,,,0
0182,22.23472182893937,-97.86348512144146,stop_left_0183,Stop 183,merged_cluster,,,0
0183,22.23697741556878,-97.86352178263841,stop_left_0184,Stop 184,merged_cluster,,,0
0184,22.23923457908225,-97.86359073808397,stop_left_0185,Stop 185,merged_cluster,,,0
0185,22.24149169912471,-97.86366549612676,stop_left_0186,Stop 186,merged_cluster,,,0
0186,22.24826470313181,-97.86383292754762,stop_left_0187,Stop 187,merged_cluster,,,0
0187,22.423443129286852,-97.91973376840154,stop_left_0188,Stop 188,merged_cluster,,,0
0188,22.423786393343583,-97.9223411124415,stop_left_0189,Stop 189,merged_cluster,,,0
0189,22.4247989150406,-97.92345344812433,stop_left_0190,Stop 190,merged_cluster,,,0
0190,22.425087525529413,-97.92586308840639,stop_left_0191,Stop 191,merged_cluster,,,0
0191,22.425510840501573,-97.9285151766812,stop_left_0192,Stop 192,merged_cluster,,,0
0192,22.42576593740047,-97.93092923049036,stop_left_0193,Stop 193,merged_cluster,,,0
0193,22.426095381665643,-97.93364444526271,stop_left_0194,Stop 194,merged_cluster,,,0
0194,22.422838665194202,-97.93422299109749,stop_left_0195,Stop 195,merged_cluster,,,0
0195,22.421171952029887,-97.93441427491209,stop_left_0196,Stop 196,merged_cluster,,,0
0196,22.41893082545184,-97.9347709830211,stop_left_0197,Stop 197,merged_cluster,,,0
0197,22.417742963018387,-97.93335064645119,stop_left_0198,Stop 198,merged_cluster,,,0
0198,22.414930912720383,-97.93385887379182,stop_left_0199,Stop 199,merged_cluster,,,0
0199,22.41332411269996,-97.93363389715482,stop_left_0200,Stop 200,merged_cluster,,,0
0200,22.41334039055902,-97.93166842963008,stop_left_0201,Stop 201,merged_cluster,,,0
0201,22.41082477471366,-97.93414191761521,stop_left_0202,Stop 202,merged_cluster,,,0
0202,22.410126645652888,-97.93541111298777,stop_left_0203,Stop 203,merged_cluster,,,0
0203,22.40894046030419,-97.93778003749495,stop_left_0204,Stop 204,merged_cluster,,,0
0204,22.40729182164124,-97.93775655013393,stop_left_0205,Stop 205,merged_cluster,,,0
0205,22.405124854117616,-97.93720062078637,stop_left_0206,Stop 206,merged_cluster,,,0
0206,22.402876817223532,-97.93743072477955,stop_left_0207,Stop 207,merged_cluster,,,0
0207,22.400030117324086,-97.93768527944061,stop_left_0208,Stop 208,merged_cluster,,,0
0208,22.398380739747292,-97.93789090572346,stop_left_0209,Stop 209,merged_cluster,,,0
0209,22.396955876347167,-97.93691126232066,stop_left_0210,Stop 210,merged_cluster,,,0
0210,22.243106111746187,-97.84258857614824,stop_left_0211,Stop 211,merged_cluster,,,0
0211,22.241167099115717,-97.8438318515841,stop_left_0212,Stop 212,merged_cluster,,,0
0212,22.240022030241914,-97.84528095323581,stop_left_0213,Stop 213,merged_cluster,,,0
0213,22.239264065794565,-97.84718878298807,stop_left_0214,Stop 214,merged_cluster,,,0
0214,22.237552176295765,-97.84771174591378,stop_left_0215,Stop 215,merged_cluster,,,0
0215,22.235881224420844,-97.84747749042084,stop_left_0216,Stop 216,merged_cluster,,,0
0216,22.234138846745104,-97.84654102712697,stop_left_0217,Stop 217,merged_cluster,,,0
0217,22.234030908245245,-97.8440367131826,stop_left_0218,Stop 218,merged_cluster,,,0
0218,22.23177252417858,-97.844848327471,stop_left_0219,Stop 219,merged_cluster,,,0
0219,22.229196722078093,-97.8458532669007,stop_left_0220,Stop 220,merged_cluster,,,0
0220,22.22654833888505,-97.84678040396976,stop_left_0221,Stop 221,merged_cluster,,,0
0221,22.22493121101431,-97.84744645868382,stop_left_0222,Stop 222,merged_cluster,,,0
0222,22.223237392899076,-97.84802451906832,stop_left_0223,Stop 223,merged_cluster,,,0
0223,22.220147285402163,-97.8491638360199,stop_left_0224,Stop 224,merged_cluster,,,0
0224,22.218540294135636,-97.8498602495664,stop_left_0225,Stop 225,merged_cluster,,,0
0225,22.215923493868523,-97.85088029432308,stop_left_0226,Stop 226,merged_cluster,,,0
0226,22.278755990998974,-97.86002220597884,stop_left_0227,Stop 227,merged_cluster,,,0
0227,22.276858443731296,-97.85781252401094,stop_left_0228,Stop 228,merged_cluster,,,0
0228,22.274777296488644,-97.85533685557064,stop_left_0229,Stop 229,merged_cluster,,,0
0229,22.272236138452037,-97.85759742539312,stop_left_0230,Stop 230,merged_cluster,,,0
0230,22.270185926257355,-97.85833114170457,stop_left_0231,Stop 231,merged_cluster,,,0
0231,22.269721355207764,-97.8561176876545,stop_left_0232,Stop 232,merged_cluster,,,0
0232,22.2672798047965,-97.85707194995614,stop_left_0233,Stop 233,merged_cluster,,,0
0233,22.26542925828553,-97.85772339279634,stop_left_0234,Stop 234,merged_cluster,,,0
0234,22.264000420023358,-97.85546054515663,stop_left_0235,Stop 235,merged_cluster,,,0
0235,22.263397447357157,-97.85356097420473,stop_left_0236,Stop 236,merged_cluster,,,0
0236,22.262270973305945,-97.85238524447063,stop_left_0237,Stop 237,merged_cluster,,,0
0237,22.261499162506453,-97.85005773427159,stop_left_0238,Stop 238,merged_cluster,,,0
0238,22.260473557552814,-97.84799839260333,stop_left_0239,Stop 239,merged_cluster,,,0
0239,22.259546979999392,-97.84632753141784,stop_left_0240,Stop 240,merged_cluster,,,0
0240,22.25856302020601,-97.84342813396849,stop_left_0241,Stop 241,merged_cluster,,,0
0241,22.256366570210137,-97.84431352287562,stop_left_0242,Stop 242,merged_cluster,,,0
0242,22.254794012612223,-97.84485109350948,stop_left_0243,Stop 243,merged_cluster,,,0
0243,22.253683233679414,-97.84273895624808,stop_left_0244,Stop 244,merged_cluster,,,0
0244,22.2512262023875,-97.84058192270876,stop_left_0245,Stop 245,merged_cluster,,,0
0245,22.213710387442212,-97.85625873253076,stop_left_0246,Stop 246,merged_cluster,,,0
0246,22.225788633601688,-97.86433063805832,stop_left_0247,Stop 247,merged_cluster,,,0
0247,22.227816562069098,-97.8650917107603,stop_left_0248,Stop 248,merged_cluster,,,0
0248,22.230324530880992,-97.866280392736,stop_left_0249,Stop 249,merged_cluster,,,0
0249,22.231908706711017,-97.86676339759869,stop_left_0250,Stop 250,merged_cluster,,,0
0250,22.234782662923823,-97.86800286128236,stop_left_0251,Stop 251,merged_cluster,,,0
0251,22.23800915710567,-97.86926136039666,stop_left_0252,Stop 252,merged_cluster,,,0
0252,22.24087591380645,-97.8705976575517,stop_left_0253,Stop 253,merged_cluster,,,0
0253,22.24334637453596,-97.87177087259988,stop_left_0254,Stop 254,merged_cluster,,,0
0254,22.24507259797351,-97.87241412980983,stop_left_0255,Stop 255,merged_cluster,,,0
0255,22.249277680130888,-97.87445634044632,stop_left_0256,Stop 256,merged_cluster,,,0
0256,22.25114357322918,-97.87511443560746,stop_left_0257,Stop 257,merged_cluster,,,0
0257,22.25344432168737,-97.87600831712835,stop_left_0258,Stop 258,merged_cluster,,,0
0258,22.255662138051907,-97.87638031532322,stop_left_0259,Stop 259,merged_cluster,,,0
0259,22.255262437295055,-97.87361887666592,stop_left_0260,Stop 260,merged_cluster,,,0
0260,22.25798848606383,-97.87457282806677,stop_left_0261,Stop 261,merged_cluster,,,0
0261,22.25771291912347,-97.87649301983562,stop_left_0262,Stop 262,merged_cluster,,,0
0262,22.26412673379935,-97.78690475439235,stop_left_0263,Stop 263,merged_cluster,,,0
0263,22.26359778490088,-97.79033752899456,stop_left_0264,Stop 264,merged_cluster,,,0
0264,22.263228937549613,-97.79273097966849,stop_left_0265,Stop 265,merged_cluster,,,0
0265,22.262860054350757,-97.795124419559,stop_left_0266,Stop 266,merged_cluster,,,0
0266,22.263221414320594,-97.79822256853767,stop_left_0267,Stop 267,merged_cluster,,,0
0267,22.26152544600852,-97.80228646213014,stop_left_0268,Stop 268,merged_cluster,,,0
0268,22.260931170561786,-97.80350487687332,stop_left_0269,Stop 269,merged_cluster,,,0
0269,22.25975450717206,-97.80573377072278,stop_left_0270,Stop 270,merged_cluster,,,0
0270,22.259192467585887,-97.80683345942327,stop_left_0271,Stop 271,merged_cluster,,,0
0271,22.258117870984435,-97.80896714209574,stop_left_0272,Stop 272,merged_cluster,,,0
0272,22.256525111124848,-97.81213148747744,stop_left_0273,Stop 273,merged_cluster,,,0
0273,22.25544858664081,-97.81426399649412,stop_left_0274,Stop 274,merged_cluster,,,0
0274,22.25489566932271,-97.81536897857455,stop_left_0275,Stop 275,merged_cluster,,,0
0275,22.25382154291185,-97.81750286094342,stop_left_0276,Stop 276,merged_cluster,,,0
0276,22.25363165245493,-97.82074255630084,stop_left_0277,Stop 277,merged_cluster,,,0
0277,22.255091450821208,-97.8213760315967,stop_left_0278,Stop 278,merged_cluster,,,0
0278,22.25327055754826,-97.82394337862438,stop_left_0279,Stop 279,merged_cluster,,,0
0279,22.250965411288345,-97.8267104438321,stop_left_0280,Stop 280,merged_cluster,,,0
0280,22.248743831808792,-97.82935332019474,stop_left_0281,Stop 281,merged_cluster,,,0
0281,22.247217808750598,-97.8311413846881,stop_left_0282,Stop 282,merged_cluster,,,0
0282,22.245691764064308,-97.83292941058637,stop_left_0283,Stop 283,merged_cluster,,,0
0283,22.251219553477206,-97.83743377019607,stop_left_0284,Stop 284,merged_cluster,,,0
0284,22.252653360259306,-97.83933309003234,stop_left_0285,Stop 285,merged_cluster,,,0
0285,22.247563418887648,-97.84490212099729,stop_left_0286,Stop 286,merged_cluster,,,0
0286,22.24498158456307,-97.84791684564581,stop_left_0287,Stop 287,merged_cluster,,,0
0287,22.24351156016581,-97.8477565798738,stop_left_0288,Stop 288,merged_cluster,,,0
0288,22.24154022161781,-97.8489334068867,stop_left_0289,Stop 289,merged_cluster,,,0
0289,22.23950416836407,-97.84998251732388,stop_left_0290,Stop 290,merged_cluster,,,0
0290,22.23791399341445,-97.85186273762677,stop_left_0291,Stop 291,merged_cluster,,,0
0291,22.236774995466163,-97.84954344656633,stop_left_0292,Stop 292,merged_cluster,,,0
0292,22.234723511539435,-97.84883600910179,stop_left_0293,Stop 293,merged_cluster,,,0
0293,22.23214061018782,-97.84763702192204,stop_left_0294,Stop 294,merged_cluster,,,0
0294,22.2308375144413,-97.846979361131,stop_left_0295,Stop 295,merged_cluster,,,0
0295,22.22869209775085,-97.84707330192404,stop_left_0296,Stop 296,merged_cluster,,,0
0296,22.226067930384712,-97.84864264548675,stop_left_0297,Stop 297,merged_cluster,,,0
0297,22.223766704454313,-97.8497570579167,stop_left_0298,Stop 298,merged_cluster,,,0
0298,22.222522897732148,-97.85037966425493,stop_left_0299,Stop 299,merged_cluster,,,0
0299,22.22033611129005,-97.85161199578266,stop_left_0300,Stop 300,merged_cluster,,,0
0300,22.217973073919016,-97.85294735067339,stop_left_0301,Stop 301,merged_cluster,,,0
0301,22.424035050184198,-97.95400137451887,stop_left_0302,Stop 302,merged_cluster,,,0
0302,22.424224696816108,-97.95150027586268,stop_left_0303,Stop 303,merged_cluster,,,0
0303,22.426462549117527,-97.95117495010527,stop_left_0304,Stop 304,merged_cluster,,,0
0304,22.428272231608005,-97.95187734677333,stop_left_0305,Stop 305,merged_cluster,,,0
0305,22.429560730167385,-97.9538056536268,stop_left_0306,Stop 306,merged_cluster,,,0
0306,22.430929936494937,-97.95573726490717,stop_left_0307,Stop 307,merged_cluster,,,0
0307,22.43235127922686,-97.95769548787601,stop_left_0308,Stop 308,merged_cluster,,,0
0308,22.43371091760954,-97.95963494471286,stop_left_0309,Stop 309,merged_cluster,,,0
0309,22.435650424939343,-97.96239989541996,stop_left_0310,Stop 310,merged_cluster,,,0
0310,22.43644487848099,-97.96350230418426,stop_left_0311,Stop 311,merged_cluster,,,0
0311,22.438220617506683,-97.96587690813381,stop_left_0312,Stop 312,merged_cluster,,,0
0312,22.439602099268388,-97.96779850816921,stop_left_0313,Stop 313,merged_cluster,,,0
0313,22.44098355935696,-97.96972014666605,stop_left_0314,Stop 314,merged_cluster,,,0
0314,22.442502121448403,-97.97146358643718,stop_left_0315,Stop 315,merged_cluster,,,0
0315,22.443901077372722,-97.97247347037077,stop_left_0316,Stop 316,merged_cluster,,,0
0316,22.445815717886617,-97.97376154266817,stop_left_0317,Stop 317,merged_cluster,,,0
0317,22.44819799771299,-97.97527927987548,stop_left_0318,Stop 318,merged_cluster,,,0
0318,22.44964497070466,-97.97633779129501,stop_left_0319,Stop 319,merged_cluster,,,0
0319,22.45207526689494,-97.97790416318999,stop_left_0320,Stop 320,merged_cluster,,,0
0320,22.453531916648757,-97.97815558017439,stop_left_0321,Stop 321,merged_cluster,,,0
0321,22.455489213648107,-97.97694205431729,stop_left_0322,Stop 322,merged_cluster,,,0
0322,22.45752717973758,-97.97617392891406,stop_left_0323,Stop 323,merged_cluster,,,0
0323,22.459333418002085,-97.97489375671542,stop_left_0324,Stop 324,merged_cluster,,,0
0324,22.460985886089198,-97.97323785639743,stop_left_0325,Stop 325,merged_cluster,,,0
0325,22.462638335373807,-97.97158191669402,stop_left_0326,Stop 326,merged_cluster,,,0
0326,22.234684261928912,-97.84159031202459,stop_left_0327,Stop 327,merged_cluster,,,0
0327,22.238263844511582,-97.84235964025186,stop_left_0328,Stop 328,merged_cluster,,,0
0328,22.240201472773155,-97.84111080524458,stop_left_0329,Stop 329,merged_cluster,,,0
0329,22.241633115970608,-97.84016346522394,stop_left_0330,Stop 330,merged_cluster,,,0
0330,22.243806054946933,-97.83892410186607,stop_left_0331,Stop 331,merged_cluster,,,0
0331,22.255205550473917,-97.8707166249451,stop_left_0332,Stop 332,merged_cluster,,,0
0332,22.255251809413565,-97.8694384723448,stop_left_0333,Stop 333,merged_cluster,,,0
0333,22.255201371939727,-97.86604821859065,stop_left_0334,Stop 334,merged_cluster,,,0
0334,22.256314409493775,-97.86418736379458,stop_left_0335,Stop 335,merged_cluster,,,0
0335,22.258140303918093,-97.86347773793605,stop_left_0336,Stop 336,merged_cluster,,,0
0336,22.259385874870727,-97.86263140287414,stop_left_0337,Stop 337,merged_cluster,,,0
0337,22.26289834806218,-97.86087220035253,stop_left_0338,Stop 338,merged_cluster,,,0
0338,22.262365182289482,-97.85826940604454,stop_left_0339,Stop 339,merged_cluster,,,0
0339,22.261520763815724,-97.85505769480304,stop_left_0340,Stop 340,merged_cluster,,,0
0340,22.258693639948017,-97.85510549558882,stop_left_0341,Stop 341,merged_cluster,,,0
0341,22.25617243438301,-97.85284468956178,stop_left_0342,Stop 342,merged_cluster,,,0
0342,22.252951502739823,-97.84972680319378,stop_left_0343,Stop 343,merged_cluster,,,0
0343,22.258521656989203,-97.85348109798858,stop_left_0344,Stop 344,merged_cluster,,,0
0344,22.26079561807907,-97.85276013995357,stop_left_0345,Stop 345,merged_cluster,,,0
0345,22.221637752507053,-97.91779096992654,stop_left_0346,Stop 346,merged_cluster,,,0
0346,22.222292329553113,-97.91537932878222,stop_left_0347,Stop 347,merged_cluster,,,0
0347,22.222853227364975,-97.91302976343057,stop_left_0348,Stop 348,merged_cluster,,,0
0348,22.223407582107264,-97.9106785512178,stop_left_0349,Stop 349,merged_cluster,,,0
0349,22.223672906264433,-97.90835240742352,stop_left_0350,Stop 350,merged_cluster,,,0
0350,22.22414152593764,-97.90589688220646,stop_left_0351,Stop 351,merged_cluster,,,0
0351,22.224571718754426,-97.90286757102676,stop_left_0352,Stop 352,merged_cluster,,,0
0352,22.22501295412148,-97.90122657912428,stop_left_0353,Stop 353,merged_cluster,,,0
0353,22.225575402104088,-97.89932981483629,stop_left_0354,Stop 354,merged_cluster,,,0
0354,22.41534688348661,-97.90940520787476,stop_left_0355,Stop 355,merged_cluster,,,0
0355,22.41687377334139,-97.91203509978959,stop_left_0356,Stop 356,merged_cluster,,,0
0356,22.415779204200028,-97.91413042747843,stop_left_0357,Stop 357,merged_cluster,,,0
0357,22.416295276910446,-97.91604045458506,stop_left_0358,Stop 358,merged_cluster,,,0
0358,22.414079638170836,-97.9164331024435,stop_left_0359,Stop 359,merged_cluster,,,0
0359,22.413372143601762,-97.91790103141287,stop_left_0360,Stop 360,merged_cluster,,,0
0360,22.41442712451736,-97.92092803255957,stop_left_0361,Stop 361,merged_cluster,,,0
0361,22.416603017815508,-97.92218865985001,stop_left_0362,Stop 362,merged_cluster,,,0
0362,22.41791552449718,-97.92474108582758,stop_left_0363,Stop 363,merged_cluster,,,0
0363,22.4181230460189,-97.92715961649415,stop_left_0364,Stop 364,merged_cluster,,,0
0364,22.418474369380117,-97.93062050145241,stop_left_0365,Stop 365,merged_cluster,,,0
0365,22.414619927351037,-97.93173650731057,stop_left_0366,Stop 366,merged_cluster,,,0
0366,22.296987880333038,-97.83832213875291,stop_left_0367,Stop 367,merged_cluster,,,0
0367,22.29484308896199,-97.83761100027448,stop_left_0368,Stop 368,merged_cluster,,,0
0368,22.292666745559927,-97.83691079501087,stop_left_0369,Stop 369,merged_cluster,,,0
0369,22.28960492327104,-97.8363465213958,stop_left_0370,Stop 370,merged_cluster,,,0
0370,22.28695025244344,-97.83487517815072,stop_left_0371,Stop 371,merged_cluster,,,0
0371,22.284580750091433,-97.83478531488416,stop_left_0372,Stop 372,merged_cluster,,,0
0372,22.28264403867221,-97.83468406353423,stop_left_0373,Stop 373,merged_cluster,,,0
0373,22.280178390428034,-97.83467267560931,stop_left_0374,Stop 374,merged_cluster,,,0
0374,22.277131466184493,-97.8330713914425,stop_left_0375,Stop 375,merged_cluster,,,0
0375,22.27519420862084,-97.83377091848503,stop_left_0376,Stop 376,merged_cluster,,,0
0376,22.273548064988574,-97.83248886185669,stop_left_0377,Stop 377,merged_cluster,,,0
0377,22.399487600313034,-97.93010985361495,stop_left_0378,Stop 378,merged_cluster,,,0
0378,22.401145778091,-97.93004308585503,stop_left_0379,Stop 379,merged_cluster,,,0
0379,22.403375147392016,-97.92965631411992,stop_left_0380,Stop 380,merged_cluster,,,0
0380,22.404737408573872,-97.92939337608988,stop_left_0381,Stop 381,merged_cluster,,,0
0381,22.405152338245895,-97.92728405471316,stop_left_0382,Stop 382,merged_cluster,,,0
0382,22.406776176880314,-97.92596399479699,stop_left_0383,Stop 383,merged_cluster,,,0
0383,22.407072097007447,-97.92442141696965,stop_left_0384,Stop 384,merged_cluster,,,0
0384,22.40356000309481,-97.92125601342231,stop_left_0385,Stop 385,merged_cluster,,,0
0385,22.404404586009495,-97.9198833305098,stop_left_0386,Stop 386,merged_cluster,,,0
0386,22.407195937156793,-97.91954538799425,stop_left_0387,Stop 387,merged_cluster,,,0
0387,22.406263983297613,-97.91547958835659,stop_left_0388,Stop 388,merged_cluster,,,0
0388,22.4076072401956,-97.91372937890632,stop_left_0389,Stop 389,merged_cluster,,,0
0389,22.408500159747067,-97.91158473928304,stop_left_0390,Stop 390,merged_cluster,,,0
0390,22.4083350826908,-97.90971671168641,stop_left_0391,Stop 391,merged_cluster,,,0
0391,22.40825419461034,-97.9074987156969,stop_left_0392,Stop 392,merged_cluster,,,0
0392,22.4104455502869,-97.90705794435915,stop_left_0393,Stop 393,merged_cluster,,,0
0393,22.41133256057425,-97.90561972154038,stop_left_0394,Stop 394,merged_cluster,,,0
0394,22.413252623889935,-97.90570786342198,stop_left_0395,Stop 395,merged_cluster,,,0
0395,22.414559623294064,-97.90744299459843,stop_left_0396,Stop 396,merged_cluster,,,0
0396,22.30260484263564,-97.86420532961058,stop_left_0397,Stop 397,merged_cluster,,,0
0397,22.30396519274964,-97.86046294638263,stop_left_0398,Stop 398,merged_cluster,,,0
0398,22.30476424417935,-97.85819316242119,stop_left_0399,Stop 399,merged_cluster,,,0
0399,22.302820208268287,-97.85669705955159,stop_left_0400,Stop 400,merged_cluster,,,0
0400,22.30052863759037,-97.85576136897532,stop_left_0401,Stop 401,merged_cluster,,,0
0401,22.298667403778182,-97.8549536153833,stop_left_0402,Stop 402,merged_cluster,,,0
0402,22.29654400175638,-97.85410209582209,stop_left_0403,Stop 403,merged_cluster,,,0
0403,22.293264358978565,-97.85271203900174,stop_left_0404,Stop 404,merged_cluster,,,0
0404,22.289904197447502,-97.85142063330352,stop_left_0405,Stop 405,merged_cluster,,,0
0405,22.28790265863173,-97.85119951984404,stop_left_0406,Stop 406,merged_cluster,,,0
0406,22.285633052506018,-97.8497552256727,stop_left_0407,Stop 407,merged_cluster,,,0
0407,22.283978319103195,-97.84907152012723,stop_left_0408,Stop 408,merged_cluster,,,0
0408,22.282065449959156,-97.84870633706898,stop_left_0409,Stop 409,merged_cluster,,,0
0409,22.279761831433333,-97.84780437754502,stop_left_0410,Stop 410,merged_cluster,,,0
0410,22.277862322259935,-97.84693065692935,stop_left_0411,Stop 411,merged_cluster,,,0
0411,22.27502902114958,-97.84567454892178,stop_left_0412,Stop 412,merged_cluster,,,0
0412,22.273167225736685,-97.84620456977859,stop_left_0413,Stop 413,merged_cluster,,,0
0413,22.266531857409362,-97.84238264616059,stop_left_0414,Stop 414,merged_cluster,,,0
0414,22.2648073559505,-97.8416658162041,stop_left_0415,Stop 415,merged_cluster,,,0
0415,22.262668521037988,-97.84203511306589,stop_left_0416,Stop 416,merged_cluster,,,0
0416,22.26054469539817,-97.8428594236644,stop_left_0417,Stop 417,merged_cluster,,,0
0417,22.25689535921801,-97.84179241235042,stop_left_0418,Stop 418,merged_cluster,,,0
0418,22.25522768308389,-97.84015672932838,stop_left_0419,Stop 419,merged_cluster,,,0
0419,22.253559991807784,-97.8385210848984,stop_left_0420,Stop 420,merged_cluster,,,0
0420,22.27739707397037,-97.88909876405913,stop_left_0421,Stop 421,merged_cluster,,,0
0421,22.277569430514678,-97.8867420063946,stop_left_0422,Stop 422,merged_cluster,,,0
0422,22.278233431537615,-97.88494099387925,stop_left_0423,Stop 423,merged_cluster,,,0
0423,22.278999080694746,-97.88190627721019,stop_left_0424,Stop 424,merged_cluster,,,0
0424,22.278219045170797,-97.87982872787312,stop_left_0425,Stop 425,merged_cluster,,,0
0425,22.276915356111182,-97.87822734661232,stop_left_0426,Stop 426,merged_cluster,,,0
0426,22.276085375449323,-97.87603005444883,stop_left_0427,Stop 427,merged_cluster,,,0
0427,22.275605019557883,-97.8739467929756,stop_left_0428,Stop 428,merged_cluster,,,0
0428,22.27260721242826,-97.87474555788785,stop_left_0429,Stop 429,merged_cluster,,,0
0429,22.270881964274135,-97.87405467083391,stop_left_0430,Stop 430,merged_cluster,,,0
0430,22.268653402086883,-97.87374603834267,stop_left_0431,Stop 431,merged_cluster,,,0
0431,22.26682140598132,-97.87387518356377,stop_left_0432,Stop 432,merged_cluster,,,0
0432,22.264664367186068,-97.87476194416772,stop_left_0433,Stop 433,merged_cluster,,,0
0433,22.26233119884008,-97.8754996856144,stop_left_0434,Stop 434,merged_cluster,,,0
0434,22.25992454427161,-97.87601618913219,stop_left_0435,Stop 435,merged_cluster,,,0
0435,22.230662344386364,-97.89560792087966,stop_left_0436,Stop 436,merged_cluster,,,0
0436,22.229421405886573,-97.89523227584688,stop_left_0437,Stop 437,merged_cluster,,,0
0437,22.22723590421902,-97.89277584076494,stop_left_0438,Stop 438,merged_cluster,,,0
0438,22.22733944183117,-97.89038035831406,stop_left_0439,Stop 439,merged_cluster,,,0
0439,22.21657755260222,-97.86564184750526,stop_left_0440,Stop 440,merged_cluster,,,0
0440,22.218144661192454,-97.86736854418258,stop_left_0441,Stop 441,merged_cluster,,,0
0441,22.221812698616414,-97.87011860550447,stop_left_0442,Stop 442,merged_cluster,,,0
0442,22.22619790411326,-97.8746923972271,stop_left_0443,Stop 443,merged_cluster,,,0
0443,22.22527691543294,-97.8781467363932,stop_left_0444,Stop 444,merged_cluster,,,0
0444,22.224685456801474,-97.88048750312277,stop_left_0445,Stop 445,merged_cluster,,,0
0445,22.224456841531314,-97.88171617193512,stop_left_0446,Stop 446,merged_cluster,,,0
0446,22.224940916107442,-97.88521779565752,stop_left_0447,Stop 447,merged_cluster,,,0
0447,22.22588019897597,-97.88742606116078,stop_left_0448,Stop 448,merged_cluster,,,0
0448,22.226253775666525,-97.89656264274338,stop_left_0449,Stop 449,merged_cluster,,,0
0449,22.221092267996003,-97.92014454977222,stop_left_0450,Stop 450,merged_cluster,,,0
0450,22.220743455354075,-97.92282756848152,stop_left_0451,Stop 451,merged_cluster,,,0
0451,22.21998726422116,-97.92484772553341,stop_left_0452,Stop 452,merged_cluster,,,0
0452,22.219429628791545,-97.92719799575114,stop_left_0453,Stop 453,merged_cluster,,,0
0453,22.222404666247677,-97.92267662493501,stop_left_0454,Stop 454,merged_cluster,,,0
0454,22.224371219857797,-97.92284386205594,stop_left_0455,Stop 455,merged_cluster,,,0
0455,22.224820703565218,-97.92046693367573,stop_left_0456,Stop 456,merged_cluster,,,0
0456,22.225228793967702,-97.91810999576306,stop_left_0457,Stop 457,merged_cluster,,,0
0457,22.2255484194419,-97.91574408157213,stop_left_0458,Stop 458,merged_cluster,,,0
0458,22.22602910951192,-97.91337599376742,stop_left_0459,Stop 459,merged_cluster,,,0
0459,22.226585559557588,-97.91102529942445,stop_left_0460,Stop 460,merged_cluster,,,0
0460,22.22699612658414,-97.90864202135467,stop_left_0461,Stop 461,merged_cluster,,,0
0461,22.22724569471817,-97.906231385741,stop_left_0462,Stop 462,merged_cluster,,,0
0462,22.226842265765473,-97.9042308858633,stop_left_0463,Stop 463,merged_cluster,,,0
0463,22.226969911250556,-97.88815042813599,stop_left_0464,Stop 464,merged_cluster,,,0
0464,22.221886862372706,-97.86846856938806,stop_left_0465,Stop 465,merged_cluster,,,0
0465,22.221260740189436,-97.86633347168006,stop_left_0466,Stop 466,merged_cluster,,,0
0466,22.278501256530028,-97.86704758420227,stop_left_0467,Stop 467,merged_cluster,,,0
0467,22.27969227436836,-97.86546630851683,stop_left_0468,Stop 468,merged_cluster,,,0
0468,22.280734309368455,-97.86238105250183,stop_left_0469,Stop 469,merged_cluster,,,0
0469,22.26664782367577,-97.85946024503473,stop_left_0470,Stop 470,merged_cluster,,,0
0470,22.26529610989016,-97.85996674273332,stop_left_0471,Stop 471,merged_cluster,,,0
0471,22.261108065128013,-97.86174222927599,stop_left_0472,Stop 472,merged_cluster,,,0
0472,22.25443124738893,-97.86479174667392,stop_left_0473,Stop 473,merged_cluster,,,0
0473,22.251950648168023,-97.8662493227254,stop_left_0474,Stop 474,merged_cluster,,,0
0474,22.248240404636434,-97.86742599505781,stop_left_0475,Stop 475,merged_cluster,,,0
0475,22.2460455898826,-97.8665056175465,stop_left_0476,Stop 476,merged_cluster,,,0
0476,22.243789227916583,-97.8664280278465,stop_left_0477,Stop 477,merged_cluster,,,0
0477,22.24129613398383,-97.8668359830622,stop_left_0478,Stop 478,merged_cluster,,,0
0478,22.239129108830607,-97.86654040506832,stop_left_0479,Stop 479,merged_cluster,,,0
0479,22.236934179109323,-97.86602729587564,stop_left_0480,Stop 480,merged_cluster,,,0
0480,22.234579374843786,-97.86545161893932,stop_left_0481,Stop 481,merged_cluster,,,0
0481,22.232493032021637,-97.86478497417865,stop_left_0482,Stop 482,merged_cluster,,,0
0482,22.23026716455935,-97.86422393083816,stop_left_0483,Stop 483,merged_cluster,,,0
0483,22.221255036297542,-97.86026820797089,stop_left_0484,Stop 484,merged_cluster,,,0
0484,22.218888593904698,-97.85553110592106,stop_left_0485,Stop 485,merged_cluster,,,0
0485,22.252826286755994,-97.86384213877605,stop_left_0486,Stop 486,merged_cluster,,,0
0486,22.276773432017613,-97.89038826558118,stop_left_0487,Stop 487,merged_cluster,,,0
0487,22.392032101341933,-97.92990541220527,stop_left_0488,Stop 488,merged_cluster,,,0
0488,22.391285955404893,-97.92774067158507,stop_left_0489,Stop 489,merged_cluster,,,0
0489,22.390856519559147,-97.92529041889276,stop_left_0490,Stop 490,merged_cluster,,,0
0490,22.389275468353922,-97.92230951389094,stop_left_0491,Stop 491,merged_cluster,,,0
0491,22.386703453842745,-97.91902389795777,stop_left_0492,Stop 492,merged_cluster,,,0
0492,22.385619714124253,-97.91782535653141,stop_left_0493,Stop 493,merged_cluster,,,0
0493,22.383983668329396,-97.91624538242458,stop_left_0494,Stop 494,merged_cluster,,,0
0494,22.383479693058007,-97.91514877344328,stop_left_0495,Stop 495,merged_cluster,,,0
0495,22.386721419186113,-97.91292822746384,stop_left_0496,Stop 496,merged_cluster,,,0
0496,22.385256376778177,-97.91008366086888,stop_left_0497,Stop 497,merged_cluster,,,0
0497,22.386575204602153,-97.90831727964976,stop_left_0498,Stop 498,merged_cluster,,,0
0498,22.38809614320528,-97.90663220408791,stop_left_0499,Stop 499,merged_cluster,,,0
0499,22.390321898564586,-97.9070392137335,stop_left_0500,Stop 500,merged_cluster,,,0
0500,22.392230020052374,-97.9064378879475,stop_left_0501,Stop 501,merged_cluster,,,0
0501,22.393600209770867,-97.90492668808406,stop_left_0502,Stop 502,merged_cluster,,,0
0502,22.395131394047734,-97.90314181587809,stop_left_0503,Stop 503,merged_cluster,,,0
0503,22.396069395790658,-97.90199714169329,stop_left_0504,Stop 504,merged_cluster,,,0
0504,22.3968556729475,-97.89875600654737,stop_left_0505,Stop 505,merged_cluster,,,0
0505,22.396207864266046,-97.89630742113431,stop_left_0506,Stop 506,merged_cluster,,,0
0506,22.395591872948877,-97.8939711146513,stop_left_0507,Stop 507,merged_cluster,,,0
0507,22.395545506427116,-97.89187524251217,stop_left_0508,Stop 508,merged_cluster,,,0
0508,22.39557952469539,-97.88888454129739,stop_left_0509,Stop 509,merged_cluster,,,0
0509,22.39571556785247,-97.88702436900144,stop_left_0510,Stop 510,merged_cluster,,,0
0510,22.395140316026712,-97.88396622899128,stop_left_0511,Stop 511,merged_cluster,,,0
0511,22.391859740474207,-97.88455695389938,stop_left_0512,Stop 512,merged_cluster,,,0
0512,22.3899782581435,-97.88500711906475,stop_left_0513,Stop 513,merged_cluster,,,0
0513,22.38855753566978,-97.88463183861917,stop_left_0514,Stop 514,merged_cluster,,,0
0514,22.386441951188296,-97.8825964893842,stop_left_0515,Stop 515,merged_cluster,,,0
0515,22.385685188800114,-97.88063210738535,stop_left_0516,Stop 516,merged_cluster,,,0
0516,22.385811727733802,-97.87858326806817,stop_left_0517,Stop 517,merged_cluster,,,0
0517,22.39073332112971,-97.90825606128719,stop_left_0518,Stop 518,merged_cluster,,,0
0518,22.389251758074405,-97.91008286171893,stop_left_0519,Stop 519,merged_cluster,,,0
0519,22.26408948011754,-97.82897098559404,stop_left_0520,Stop 520,merged_cluster,,,0
0520,22.26261137911661,-97.83001524336369,stop_left_0521,Stop 521,merged_cluster,,,0
0521,22.259355369037376,-97.82808001233367,stop_left_0522,Stop 522,merged_cluster,,,0
0522,22.258434816815985,-97.82986770520583,stop_left_0523,Stop 523,merged_cluster,,,0
0523,22.256754142200485,-97.83069709463287,stop_left_0524,Stop 524,merged_cluster,,,0
0524,22.25320856393753,-97.83478516553211,stop_left_0525,Stop 525,merged_cluster,,,0
0525,22.256785828846418,-97.83939120528667,stop_left_0526,Stop 526,merged_cluster,,,0
0526,22.258349920461526,-97.84198281897838,stop_left_0527,Stop 527,merged_cluster,,,0
0527,22.250310064147236,-97.84829229301964,stop_left_0528,Stop 528,merged_cluster,,,0
0528,22.248360356285765,-97.84951618393477,stop_left_0529,Stop 529,merged_cluster,,,0
0529,22.244843989190038,-97.85225158981243,stop_left_0530,Stop 530,merged_cluster,,,0
0530,22.242062094348967,-97.85289906280677,stop_left_0531,Stop 531,merged_cluster,,,0
0531,22.239247969394913,-97.85341969817605,stop_left_0532,Stop 532,merged_cluster,,,0
0532,22.274933094990388,-97.79488600404697,stop_left_0533,Stop 533,merged_cluster,,,0
0533,22.274315320062033,-97.79956547298505,stop_left_0534,Stop 534,merged_cluster,,,0
0534,22.273651981891646,-97.80187584480359,stop_left_0535,Stop 535,merged_cluster,,,0
0535,22.272445770738006,-97.80407588538395,stop_left_0536,Stop 536,merged_cluster,,,0
0536,22.27053413758989,-97.80775991610024,stop_left_0537,Stop 537,merged_cluster,,,0
0537,22.269266024118732,-97.81035936669258,stop_left_0538,Stop 538,merged_cluster,,,0
0538,22.267209734504775,-97.81410114579087,stop_left_0539,Stop 539,merged_cluster,,,0
0539,22.265349819663484,-97.81639290247305,stop_left_0540,Stop 540,merged_cluster,,,0
0540,22.262693205672058,-97.81950929575181,stop_left_0541,Stop 541,merged_cluster,,,0
0541,22.261172724950413,-97.8213029657918,stop_left_0542,Stop 542,merged_cluster,,,0
0542,22.25965222245632,-97.82309659724253,stop_left_0543,Stop 543,merged_cluster,,,0
0543,22.258725810821083,-97.82427585800562,stop_left_0544,Stop 544,merged_cluster,,,0
0544,22.257205272303356,-97.82606942647567,stop_left_0545,Stop 545,merged_cluster,,,0
0545,22.255090584384128,-97.82847726008899,stop_left_0546,Stop 546,merged_cluster,,,0
0546,22.253569994844984,-97.83027073721243,stop_left_0547,Stop 547,merged_cluster,,,0
0547,22.27156023480703,-97.84683213571441,stop_left_0548,Stop 548,merged_cluster,,,0
0548,22.269040857984297,-97.84767357263253,stop_left_0549,Stop 549,merged_cluster,,,0
0549,22.266711968446014,-97.84862224700507,stop_left_0550,Stop 550,merged_cluster,,,0
0550,22.265650513902234,-97.84903654773561,stop_left_0551,Stop 551,merged_cluster,,,0
0551,22.262860151214696,-97.85003619214231,stop_left_0552,Stop 552,merged_cluster,,,0
0552,22.259338871993467,-97.85148990840472,stop_left_0553,Stop 553,merged_cluster,,,0
0553,22.326144735524004,-97.84710946863352,stop_left_0554,Stop 554,merged_cluster,,,0
0554,22.325417214640048,-97.8490542352743,stop_left_0555,Stop 555,merged_cluster,,,0
0555,22.3243737291348,-97.85090406446884,stop_left_0556,Stop 556,merged_cluster,,,0
0556,22.32327157232298,-97.85293578971594,stop_left_0557,Stop 557,merged_cluster,,,0
0557,22.32080057710081,-97.85279235574696,stop_left_0558,Stop 558,merged_cluster,,,0
0558,22.31942249514964,-97.85216243999318,stop_left_0559,Stop 559,merged_cluster,,,0
0559,22.31692540698448,-97.8509515278097,stop_left_0560,Stop 560,merged_cluster,,,0
0560,22.31433551950804,-97.85074224935295,stop_left_0561,Stop 561,merged_cluster,,,0
0561,22.312749950845326,-97.85013169671755,stop_left_0562,Stop 562,merged_cluster,,,0
0562,22.310297182982886,-97.85008553109049,stop_left_0563,Stop 563,merged_cluster,,,0
0563,22.306031671852203,-97.84885082498036,stop_left_0564,Stop 564,merged_cluster,,,0
0564,22.30373452372854,-97.84771251829294,stop_left_0565,Stop 565,merged_cluster,,,0
0565,22.30319854220491,-97.84602135655955,stop_left_0566,Stop 566,merged_cluster,,,0
0566,22.301313682150564,-97.84591251043292,stop_left_0567,Stop 567,merged_cluster,,,0
0567,22.298950458178027,-97.84440978747551,stop_left_0568,Stop 568,merged_cluster,,,0
0568,22.29624031942808,-97.84522566974799,stop_left_0569,Stop 569,merged_cluster,,,0
0569,22.294162750108015,-97.84583458217305,stop_left_0570,Stop 570,merged_cluster,,,0
0570,22.291940687240526,-97.8465516399581,stop_left_0571,Stop 571,merged_cluster,,,0
0571,22.290156309007074,-97.84553779754366,stop_left_0572,Stop 572,merged_cluster,,,0
0572,22.289088682914354,-97.847427307028,stop_left_0573,Stop 573,merged_cluster,,,0
0573,22.287856080008364,-97.84732994673462,stop_left_0574,Stop 574,merged_cluster,,,0
0574,22.286349279573415,-97.84780978413728,stop_left_0575,Stop 575,merged_cluster,,,0
0575,22.28575786909408,-97.84621381574475,stop_left_0576,Stop 576,merged_cluster,,,0
0576,22.284263485107093,-97.84474340149157,stop_left_0577,Stop 577,merged_cluster,,,0
0577,22.2821338279349,-97.84550523357844,stop_left_0578,Stop 578,merged_cluster,,,0
0578,22.2804171467401,-97.84384773882739,stop_left_0579,Stop 579,merged_cluster,,,0
0579,22.28013159726591,-97.84219933776835,stop_left_0580,Stop 580,merged_cluster,,,0
0580,22.279089742530328,-97.84024735519371,stop_left_0581,Stop 581,merged_cluster,,,0
0581,22.277080098764507,-97.84109932003545,stop_left_0582,Stop 582,merged_cluster,,,0
0582,22.276738301901105,-97.8436017174711,stop_left_0583,Stop 583,merged_cluster,,,0
0583,22.269325042546058,-97.84452820592186,stop_left_0584,Stop 584,merged_cluster,,,0
0584,22.266867114821807,-97.84478974098074,stop_left_0585,Stop 585,merged_cluster,,,0
0585,22.265087857942454,-97.84541340711364,stop_left_0586,Stop 586,merged_cluster,,,0
0586,22.26294136123303,-97.84696426586329,stop_left_0587,Stop 587,merged_cluster,,,0
0587,22.26156687380177,-97.84682785295155,stop_left_0588,Stop 588,merged_cluster,,,0
0588,22.26053768011475,-97.84466843842138,stop_left_0589,Stop 589,merged_cluster,,,0
0589,22.36853027166781,-97.87369563651662,stop_left_0590,Stop 590,merged_cluster,,,0
0590,22.370262828320097,-97.8736925387258,stop_left_0591,Stop 591,merged_cluster,,,0
0591,22.36840492224747,-97.87624979487424,stop_left_0592,Stop 592,merged_cluster,,,0
0592,22.367567306115028,-97.87815823671227,stop_left_0593,Stop 593,merged_cluster,,,0
0593,22.36692050220089,-97.87946923841831,stop_left_0594,Stop 594,merged_cluster,,,0
0594,22.364537096384886,-97.88320618519796,stop_left_0595,Stop 595,merged_cluster,,,0
0595,22.36124800121142,-97.8828019793935,stop_left_0596,Stop 596,merged_cluster,,,0
0596,22.360123582916728,-97.88187602412442,stop_left_0597,Stop 597,merged_cluster,,,0
0597,22.358254678100383,-97.88320298757961,stop_left_0598,Stop 598,merged_cluster,,,0
0598,22.355924930846086,-97.88556074014063,stop_left_0599,Stop 599,merged_cluster,,,0
0599,22.353220109630428,-97.88593939122869,stop_left_0600,Stop 600,merged_cluster,,,0
0600,22.35191222715299,-97.8843407750655,stop_left_0601,Stop 601,merged_cluster,,,0
0601,22.350549808026575,-97.8820664819701,stop_left_0602,Stop 602,merged_cluster,,,0
0602,22.34740286581376,-97.87784414221882,stop_left_0603,Stop 603,merged_cluster,,,0
0603,22.344626624521688,-97.87592036251849,stop_left_0604,Stop 604,merged_cluster,,,0
0604,22.342476662852114,-97.87517882836075,stop_left_0605,Stop 605,merged_cluster,,,0
0605,22.34037056695561,-97.87465603854241,stop_left_0606,Stop 606,merged_cluster,,,0
0606,22.337727124212403,-97.87384798939581,stop_left_0607,Stop 607,merged_cluster,,,0
0607,22.33528077517455,-97.87331664554333,stop_left_0608,Stop 608,merged_cluster,,,0
0608,22.33331899302924,-97.87361799390385,stop_left_0609,Stop 609,merged_cluster,,,0
0609,22.331247965360376,-97.8736709384978,stop_left_0610,Stop 610,merged_cluster,,,0
0610,22.328258981112263,-97.87491336620052,stop_left_0611,Stop 611,merged_cluster,,,0
0611,22.324605575889123,-97.87612706253176,stop_left_0612,Stop 612,merged_cluster,,,0
0612,22.32303163320739,-97.87659598539318,stop_left_0613,Stop 613,merged_cluster,,,0
0613,22.31959370437359,-97.87765424763509,stop_left_0614,Stop 614,merged_cluster,,,0
0614,22.316047687479685,-97.87871918232271,stop_left_0615,Stop 615,merged_cluster,,,0
0615,22.31418697207054,-97.87933938991516,stop_left_0616,Stop 616,merged_cluster,,,0
0616,22.31219022744715,-97.87998595671897,stop_left_0617,Stop 617,merged_cluster,,,0
0617,22.309032575479865,-97.88105499152283,stop_left_0618,Stop 618,merged_cluster,,,0
0618,22.30541819028397,-97.88170150981277,stop_left_0619,Stop 619,merged_cluster,,,0
0619,22.30329480615441,-97.8809638349642,stop_left_0620,Stop 620,merged_cluster,,,0
0620,22.30108925106563,-97.87956756379597,stop_left_0621,Stop 621,merged_cluster,,,0
0621,22.29709041748081,-97.87714606500529,stop_left_0622,Stop 622,merged_cluster,,,0
0622,22.294539905475542,-97.87546520212983,stop_left_0623,Stop 623,merged_cluster,,,0
0623,22.29356482314461,-97.87480634497932,stop_left_0624,Stop 624,merged_cluster,,,0
0624,22.291167710159318,-97.87328387407868,stop_left_0625,Stop 625,merged_cluster,,,0
0625,22.288003471346045,-97.87296522398671,stop_left_0626,Stop 626,merged_cluster,,,0
0626,22.28827500450165,-97.87042952207318,stop_left_0627,Stop 627,merged_cluster,,,0
0627,22.366198607015367,-97.87676779549606,stop_left_0628,Stop 628,merged_cluster,,,0
0628,22.364817833502237,-97.8754624080002,stop_left_0629,Stop 629,merged_cluster,,,0
0629,22.36532756073674,-97.87410322650392,stop_left_0630,Stop 630,merged_cluster,,,0
0630,22.36712195148385,-97.87557719569163,stop_left_0631,Stop 631,merged_cluster,,,0
0631,22.26505707444286,-97.83611470695057,stop_left_0632,Stop 632,merged_cluster,,,0
0632,22.265129214402236,-97.84290045565301,stop_left_0633,Stop 633,merged_cluster,,,0
0633,22.26415265951896,-97.85074803755806,stop_left_0634,Stop 634,merged_cluster,,,0
0634,22.265256385916175,-97.85439719790703,stop_left_0635,Stop 635,merged_cluster,,,0
0635,22.25431740729436,-97.85481435041493,stop_left_0636,Stop 636,merged_cluster,,,0
0636,22.245450741399583,-97.85775277644709,stop_left_0637,Stop 637,merged_cluster,,,0
0637,22.243303776227155,-97.85848095087091,stop_left_0638,Stop 638,merged_cluster,,,0
0638,22.241592991519042,-97.85897795619663,stop_left_0639,Stop 639,merged_cluster,,,0
0639,22.23891878166567,-97.85964402611349,stop_left_0640,Stop 640,merged_cluster,,,0
0640,22.23721336252588,-97.86016453914705,stop_left_0641,Stop 641,merged_cluster,,,0
0641,22.30814168269901,-97.84936209544438,stop_left_0642,Stop 642,merged_cluster,,,0
0642,22.285418784971714,-97.84496687262403,stop_left_0643,Stop 643,merged_cluster,,,0
0643,22.340355217831544,-97.87236066130009,stop_left_0644,Stop 644,merged_cluster,,,0
0644,22.341181696903078,-97.87010165484399,stop_left_0645,Stop 645,merged_cluster,,,0
0645,22.340917332560274,-97.86831301948818,stop_left_0646,Stop 646,merged_cluster,,,0
0646,22.33881006063607,-97.86744056919869,stop_left_0647,Stop 647,merged_cluster,,,0
0647,22.336854229823043,-97.86660653775063,stop_left_0648,Stop 648,merged_cluster,,,0
0648,22.33459550435666,-97.86569574340851,stop_left_0649,Stop 649,merged_cluster,,,0
0649,22.332455700276995,-97.86487233134831,stop_left_0650,Stop 650,merged_cluster,,,0
0650,22.329298856920136,-97.86356849424527,stop_left_0651,Stop 651,merged_cluster,,,0
0651,22.32609197352975,-97.86108009371485,stop_left_0652,Stop 652,merged_cluster,,,0
0652,22.323023662545296,-97.86129632964764,stop_left_0653,Stop 653,merged_cluster,,,0
0653,22.321975713250552,-97.86043306374528,stop_left_0654,Stop 654,merged_cluster,,,0
0654,22.32001720935956,-97.86025455679537,stop_left_0655,Stop 655,merged_cluster,,,0
0655,22.317864750486493,-97.85952066973464,stop_left_0656,Stop 656,merged_cluster,,,0
0656,22.315044769936677,-97.85864182699807,stop_left_0657,Stop 657,merged_cluster,,,0
0657,22.31056969668323,-97.85685085448938,stop_left_0658,Stop 658,merged_cluster,,,0
0658,22.308502418851035,-97.856037660835,stop_left_0659,Stop 659,merged_cluster,,,0
0659,22.305819304998415,-97.8559192310203,stop_left_0660,Stop 660,merged_cluster,,,0
0660,22.282151541978713,-97.89201720393856,stop_left_0661,Stop 661,merged_cluster,,,0
0661,22.282160271315846,-97.88903075652163,stop_left_0662,Stop 662,merged_cluster,,,0
0662,22.284226397396093,-97.89020724070794,stop_left_0663,Stop 663,merged_cluster,,,0
0663,22.286741349749963,-97.88845602175519,stop_left_0664,Stop 664,merged_cluster,,,0
0664,22.286841997522693,-97.88437876514715,stop_left_0665,Stop 665,merged_cluster,,,0
0665,22.28718791427878,-97.88072297431333,stop_left_0666,Stop 666,merged_cluster,,,0
0666,22.286622657263678,-97.87837371900974,stop_left_0667,Stop 667,merged_cluster,,,0
0667,22.285732184370854,-97.87412879229646,stop_left_0668,Stop 668,merged_cluster,,,0
0668,22.283711875543077,-97.8735357142428,stop_left_0669,Stop 669,merged_cluster,,,0
0669,22.28229175658019,-97.87311971930478,stop_left_0670,Stop 670,merged_cluster,,,0
0670,22.278897911833187,-97.87327492786338,stop_left_0671,Stop 671,merged_cluster,,,0
0671,22.274470875196833,-97.8773631891353,stop_left_0672,Stop 672,merged_cluster,,,0
0672,22.2750459227803,-97.87892224738347,stop_left_0673,Stop 673,merged_cluster,,,0
0673,22.279360018541784,-97.87899216006679,stop_left_0674,Stop 674,merged_cluster,,,0
0674,22.281533783779146,-97.87899017349338,stop_left_0675,Stop 675,merged_cluster,,,0
0675,22.283392344205062,-97.88021181799353,stop_left_0676,Stop 676,merged_cluster,,,0
0676,22.284967676334897,-97.88128559153303,stop_left_0677,Stop 677,merged_cluster,,,0
0677,22.28520024648922,-97.88399454629283,stop_left_0678,Stop 678,merged_cluster,,,0
0678,22.28906732876962,-97.88540243580806,stop_left_0679,Stop 679,merged_cluster,,,0
0679,22.289233624596143,-97.88738589838373,stop_left_0680,Stop 680,merged_cluster,,,0
0680,22.28710300214986,-97.88671308222068,stop_left_0681,Stop 681,merged_cluster,,,0
0681,22.287916224659817,-97.88959192649055,stop_left_0682,Stop 682,merged_cluster,,,0
0682,22.28988401198661,-97.89003419463631,stop_left_0683,Stop 683,merged_cluster,,,0
0683,22.289032434904,-97.89109190499435,stop_left_0684,Stop 684,merged_cluster,,,0
0684,22.28337360526524,-97.8829448185418,stop_left_0685,Stop 685,merged_cluster,,,0
0685,22.289089702011676,-97.87913959767857,stop_left_0686,Stop 686,merged_cluster,,,0
0686,22.29063596735535,-97.8778280770621,stop_left_0687,Stop 687,merged_cluster,,,0
0687,22.292060509745603,-97.87617071605371,stop_left_0688,Stop 688,merged_cluster,,,0
0688,22.286856834328418,-97.86874260677541,stop_left_0689,Stop 689,merged_cluster,,,0
0689,22.28550088304808,-97.86660350756253,stop_left_0690,Stop 690,merged_cluster,,,0
0690,22.283825470158575,-97.86494658758023,stop_left_0691,Stop 691,merged_cluster,,,0
0691,22.273431974880086,-97.8533060422367,stop_left_0692,Stop 692,merged_cluster,,,0
0692,22.272741528449856,-97.85087669411656,stop_left_0693,Stop 693,merged_cluster,,,0
0693,22.271264543468433,-97.84907125850654,stop_left_0694,Stop 694,merged_cluster,,,0
0694,22.286354326853775,-97.83258198712302,stop_left_0695,Stop 695,merged_cluster,,,0
0695,22.277385567056857,-97.83065629000004,stop_left_0696,Stop 696,merged_cluster,,,0
0696,22.2768922117558,-97.83691436994415,stop_left_0697,Stop 697,merged_cluster,,,0
0697,22.297931975797482,-97.89128612234855,stop_left_0698,Stop 698,merged_cluster,,,0
0698,22.29591605673268,-97.89228667227836,stop_left_0699,Stop 699,merged_cluster,,,0
0699,22.294611831441795,-97.8916821599608,stop_left_0700,Stop 700,merged_cluster,,,0
0700,22.292222520745835,-97.89008217032926,stop_left_0701,Stop 701,merged_cluster,,,0
0701,22.29049969694512,-97.88851455477113,stop_left_0702,Stop 702,merged_cluster,,,0
0702,22.284938918848212,-97.88709630335522,stop_left_0703,Stop 703,merged_cluster,,,0
0703,22.283616368065154,-97.88755357979991,stop_left_0704,Stop 704,merged_cluster,,,0
0704,22.28180322943437,-97.88693665495805,stop_left_0705,Stop 705,merged_cluster,,,0
0705,22.279699414240756,-97.88656062067005,stop_left_0706,Stop 706,merged_cluster,,,0
0706,22.27968815935014,-97.88845993277262,stop_left_0707,Stop 707,merged_cluster,,,0
0707,22.279677246325228,-97.89088405463046,stop_left_0708,Stop 708,merged_cluster,,,0
0708,22.27562565055821,-97.8881447329641,stop_left_0709,Stop 709,merged_cluster,,,0
0709,22.28347232255412,-97.88624946505048,stop_left_0710,Stop 710,merged_cluster,,,0
0710,22.340873956210196,-97.8887593124022,stop_left_0711,Stop 711,merged_cluster,,,0
0711,22.338681969096207,-97.887340813722,stop_left_0712,Stop 712,merged_cluster,,,0
0712,22.338399302177617,-97.88930204640216,stop_left_0713,Stop 713,merged_cluster,,,0
0713,22.336741936239815,-97.88894288124882,stop_left_0714,Stop 714,merged_cluster,,,0
0714,22.334923436435034,-97.88767309418574,stop_left_0715,Stop 715,merged_cluster,,,0
0715,22.33373745382749,-97.88515567006947,stop_left_0716,Stop 716,merged_cluster,,,0
0716,22.334909326247327,-97.88373232029096,stop_left_0717,Stop 717,merged_cluster,,,0
0717,22.335748406112018,-97.8815990777656,stop_left_0718,Stop 718,merged_cluster,,,0
0718,22.337049191914943,-97.87869050411156,stop_left_0719,Stop 719,merged_cluster,,,0
0719,22.33762652451648,-97.87634519922489,stop_left_0720,Stop 720,merged_cluster,,,0
0720,22.29810723067672,-97.87778811465,stop_left_0721,Stop 721,merged_cluster,,,0
0721,22.2878549953745,-97.8922687529916,stop_left_0722,Stop 722,merged_cluster,,,0
0722,22.28691990655598,-97.89086526729642,stop_left_0723,Stop 723,merged_cluster,,,0
0723,22.26848478352436,-97.84648253473274,stop_left_0724,Stop 724,merged_cluster,,,0
0724,22.258381512536445,-97.84051009331766,stop_left_0725,Stop 725,merged_cluster,,,0
0725,22.255541137165253,-97.8429584052302,stop_left_0726,Stop 726,merged_cluster,,,0
0726,22.253892394839635,-97.84130073187794,stop_left_0727,Stop 727,merged_cluster,,,0
0727,22.247254506925206,-97.83966112764855,stop_left_0728,Stop 728,merged_cluster,,,0
0728,22.243428875248963,-97.83501927604392,stop_left_0729,Stop 729,merged_cluster,,,0
0729,22.241973404854107,-97.83641550385305,stop_left_0730,Stop 730,merged_cluster,,,0
0730,22.23725332823395,-97.84091144665886,stop_left_0731,Stop 731,merged_cluster,,,0
0731,22.29964146575251,-97.84271092226669,stop_left_0732,Stop 732,merged_cluster,,,0
0732,22.297386608992994,-97.8425796614833,stop_left_0733,Stop 733,merged_cluster,,,0
0733,22.294804095628056,-97.84245145286832,stop_left_0734,Stop 734,merged_cluster,,,0
0734,22.295430439774055,-97.84045773593108,stop_left_0735,Stop 735,merged_cluster,,,0
0735,22.254829908144963,-97.83023033818067,stop_left_0736,Stop 736,merged_cluster,,,0
0736,22.24363357970431,-97.84022386994802,stop_left_0737,Stop 737,merged_cluster,,,0
0737,22.217297623378297,-97.84912585670514,stop_left_0738,Stop 738,merged_cluster,,,0
0738,22.21505099936838,-97.84815540089112,stop_left_0739,Stop 739,merged_cluster,,,0
0739,22.298834458943954,-97.89951039124534,stop_left_0740,Stop 740,merged_cluster,,,0
0740,22.30064262635224,-97.89670765163031,stop_left_0741,Stop 741,merged_cluster,,,0
0741,22.299463678832637,-97.89370572800517,stop_left_0742,Stop 742,merged_cluster,,,0
0742,22.297172087023817,-97.88974954487723,stop_left_0743,Stop 743,merged_cluster,,,0
0743,22.29591309320546,-97.88750883247855,stop_left_0744,Stop 744,merged_cluster,,,0
0744,22.295433170737304,-97.88492856148642,stop_left_0745,Stop 745,merged_cluster,,,0
0745,22.295203356552033,-97.88353536071038,stop_left_0746,Stop 746,merged_cluster,,,0
0746,22.29485282516832,-97.8812619496765,stop_left_0747,Stop 747,merged_cluster,,,0
0747,22.293400914848885,-97.87858677093354,stop_left_0748,Stop 748,merged_cluster,,,0
0748,22.295309855708823,-97.87830437419679,stop_left_0749,Stop 749,merged_cluster,,,0
0749,22.301324111560273,-97.881230005606,stop_left_0750,Stop 750,merged_cluster,,,0
0750,22.3018187007146,-97.88592298627161,stop_left_0751,Stop 751,merged_cluster,,,0
0751,22.303804001542616,-97.88916931382445,stop_left_0752,Stop 752,merged_cluster,,,0
0752,22.305795813857202,-97.88828896100458,stop_left_0753,Stop 753,merged_cluster,,,0
0753,22.307938131070472,-97.88793492553883,stop_left_0754,Stop 754,merged_cluster,,,0
0754,22.31015430108761,-97.88746794359187,stop_left_0755,Stop 755,merged_cluster,,,0
0755,22.312367712601162,-97.88698703889028,stop_left_0756,Stop 756,merged_cluster,,,0
0756,22.315233466253524,-97.88634432683605,stop_left_0757,Stop 757,merged_cluster,,,0
0757,22.317603807570944,-97.88564833032859,stop_left_0758,Stop 758,merged_cluster,,,0
0758,22.319186633966584,-97.88256949491662,stop_left_0759,Stop 759,merged_cluster,,,0
0759,22.323033099484746,-97.88267351161487,stop_left_0760,Stop 760,merged_cluster,,,0
0760,22.32331000166979,-97.88585787458135,stop_left_0761,Stop 761,merged_cluster,,,0
0761,22.31873404482184,-97.88779828300535,stop_left_0762,Stop 762,merged_cluster,,,0
0762,22.31910153396831,-97.88448565165312,stop_left_0763,Stop 763,merged_cluster,,,0
0763,22.30618058873322,-97.8627230236963,stop_left_0764,Stop 764,merged_cluster,,,0
0764,22.307341090790004,-97.86378756960272,stop_left_0765,Stop 765,merged_cluster,,,0
0765,22.307198158966695,-97.8676497942721,stop_left_0766,Stop 766,merged_cluster,,,0
0766,22.309154265505057,-97.8689805999202,stop_left_0767,Stop 767,merged_cluster,,,0
0767,22.310682439821818,-97.86949475374426,stop_left_0768,Stop 768,merged_cluster,,,0
0768,22.310818164297686,-97.87246594510592,stop_left_0769,Stop 769,merged_cluster,,,0
0769,22.310929541806143,-97.87488990512108,stop_left_0770,Stop 770,merged_cluster,,,0
0770,22.310430501333077,-97.87713049636014,stop_left_0771,Stop 771,merged_cluster,,,0
0771,22.310587316329134,-97.87972345987987,stop_left_0772,Stop 772,merged_cluster,,,0
0772,22.308806664604084,-97.87804064413243,stop_left_0773,Stop 773,merged_cluster,,,0
0773,22.308956133937095,-97.87561908467832,stop_left_0774,Stop 774,merged_cluster,,,0
0774,22.309032066787807,-97.87319360430328,stop_left_0775,Stop 775,merged_cluster,,,0
0775,22.30889637550203,-97.87077111009886,stop_left_0776,Stop 776,merged_cluster,,,0
0776,22.322079786338854,-97.88066912444452,stop_left_0777,Stop 777,merged_cluster,,,0
0777,22.321443367525102,-97.88265645999242,stop_left_0778,Stop 778,merged_cluster,,,0
0778,22.31779293654458,-97.88342521810675,stop_left_0779,Stop 779,merged_cluster,,,0
0779,22.315422185382687,-97.88237460589987,stop_left_0780,Stop 780,merged_cluster,,,0
0780,22.312617385396674,-97.88220745634104,stop_left_0781,Stop 781,merged_cluster,,,0
0781,22.310360953115076,-97.88211183481148,stop_left_0782,Stop 782,merged_cluster,,,0
0782,22.312534983675462,-97.8774299449123,stop_left_0783,Stop 783,merged_cluster,,,0
0783,22.306635922687885,-97.86903854162709,stop_left_0784,Stop 784,merged_cluster,,,0
0784,22.304640860616452,-97.8691381490405,stop_left_0785,Stop 785,merged_cluster,,,0
0785,22.30315028399775,-97.86775891094511,stop_left_0786,Stop 786,merged_cluster,,,0
0786,22.250720679367546,-97.83915405186349,stop_left_0787,Stop 787,merged_cluster,,,0
0787,22.33651827996199,-97.88432812344146,stop_left_0788,Stop 788,merged_cluster,,,0
0788,22.33810739960456,-97.88409210678545,stop_left_0789,Stop 789,merged_cluster,,,0
0789,22.336406946740336,-97.88630217857985,stop_left_0790,Stop 790,merged_cluster,,,0
0790,22.329074514321437,-97.87301230995962,stop_left_0791,Stop 791,merged_cluster,,,0
0791,22.326913001185552,-97.87232030839833,stop_left_0792,Stop 792,merged_cluster,,,0
0792,22.32446815287148,-97.87072658385719,stop_left_0793,Stop 793,merged_cluster,,,0
0793,22.322949910508633,-97.86986525984229,stop_left_0794,Stop 794,merged_cluster,,,0
0794,22.320071211620633,-97.86925854812415,stop_left_0795,Stop 795,merged_cluster,,,0
0795,22.318640191619604,-97.86885952746354,stop_left_0796,Stop 796,merged_cluster,,,0
0796,22.315643227548225,-97.8685355875745,stop_left_0797,Stop 797,merged_cluster,,,0
0797,22.313197915528914,-97.86878948290524,stop_left_0798,Stop 798,merged_cluster,,,0
0798,22.310253523875044,-97.8658081524681,stop_left_0799,Stop 799,merged_cluster,,,0
0799,22.30956487166747,-97.8639649763475,stop_left_0800,Stop 800,merged_cluster,,,0
0800,22.30441180281743,-97.86298611492718,stop_left_0801,Stop 801,merged_cluster,,,0
0801,22.27842572879922,-97.79644629131144,stop_left_0802,Stop 802,merged_cluster,,,0
0802,22.276294751192964,-97.79479936396568,stop_left_0803,Stop 803,merged_cluster,,,0
0803,22.274659990367844,-97.79716767238001,stop_left_0804,Stop 804,merged_cluster,,,0
0804,22.271344274212925,-97.80619385666988,stop_left_0805,Stop 805,merged_cluster,,,0
0805,22.26817964418312,-97.81248628967673,stop_left_0806,Stop 806,merged_cluster,,,0
0806,22.26383871361886,-97.8181957238325,stop_left_0807,Stop 807,merged_cluster,,,0
0807,22.262382644450913,-97.82161846340519,stop_left_0808,Stop 808,merged_cluster,,,0
0808,22.26410080840675,-97.82338325914583,stop_left_0809,Stop 809,merged_cluster,,,0
0809,22.32882621758507,-97.85001884134697,stop_left_0810,Stop 810,merged_cluster,,,0
0810,22.32685460628149,-97.84947093134805,stop_left_0811,Stop 811,merged_cluster,,,0
0811,22.30703018542344,-97.85254108946052,stop_left_0812,Stop 812,merged_cluster,,,0
0812,22.303911644462584,-97.89375206363125,stop_left_0813,Stop 813,merged_cluster,,,0
0813,22.304944856043925,-97.89281730181756,stop_left_0814,Stop 814,merged_cluster,,,0
0814,22.305013143744343,-97.89089675017306,stop_left_0815,Stop 815,merged_cluster,,,0
0815,22.302211639315804,-97.88967869150609,stop_left_0816,Stop 816,merged_cluster,,,0
0816,22.300421667206606,-97.89183618621688,stop_left_0817,Stop 817,merged_cluster,,,0
0817,22.29967052678967,-97.88979957645346,stop_left_0818,Stop 818,merged_cluster,,,0
0818,22.2996171939176,-97.88813445349966,stop_left_0819,Stop 819,merged_cluster,,,0
0819,22.302929513837526,-97.88561922190878,stop_left_0820,Stop 820,merged_cluster,,,0
0820,22.29895931214368,-97.8847201053731,stop_left_0821,Stop 821,merged_cluster,,,0
0821,22.29748140424375,-97.88330294936134,stop_left_0822,Stop 822,merged_cluster,,,0
0822,22.296087168023895,-97.88139403098911,stop_left_0823,Stop 823,merged_cluster,,,0
0823,22.280749175795822,-97.86039845619382,stop_left_0824,Stop 824,merged_cluster,,,0
0824,22.279354686277983,-97.85848999727556,stop_left_0825,Stop 825,merged_cluster,,,0
0825,22.277960175682477,-97.85658157663137,stop_left_0826,Stop 826,merged_cluster,,,0
0826,22.27656564401397,-97.85467319425916,stop_left_0827,Stop 827,merged_cluster,,,0
0827,22.275171091277194,-97.85276485015677,stop_left_0828,Stop 828,merged_cluster,,,0
0828,22.26819801173299,-97.84322370361853,stop_left_0829,Stop 829,merged_cluster,,,0
0829,22.26540863260141,-97.83940751281807,stop_left_0830,Stop 830,merged_cluster,,,0
0830,22.262619169346735,-97.83559147502926,stop_left_0831,Stop 831,merged_cluster,,,0
0831,22.257039990618154,-97.82795985841881,stop_left_0832,Stop 832,merged_cluster,,,0
0832,22.255645143417688,-97.82605204987199,stop_left_0833,Stop 833,merged_cluster,,,0
0833,22.24861590717746,-97.8255972467056,stop_left_0834,Stop 834,merged_cluster,,,0
0834,22.24710189940317,-97.8273977413604,stop_left_0835,Stop 835,merged_cluster,,,0
0835,22.245596740700574,-97.82920607607473,stop_left_0836,Stop 836,merged_cluster,,,0
0836,22.244217676704608,-97.83101538396053,stop_left_0837,Stop 837,merged_cluster,,,0
0837,22.24687249679745,-97.84610500681983,stop_left_0838,Stop 838,merged_cluster,,,0
0838,22.247996184741115,-97.8482091506187,stop_left_0839,Stop 839,merged_cluster,,,0
0839,22.250243482720908,-97.85241754164977,stop_left_0840,Stop 840,merged_cluster,,,0
0840,22.26651676756947,-97.85560333700977,stop_left_0841,Stop 841,merged_cluster,,,0
0841,22.267966938908174,-97.85461344060755,stop_left_0842,Stop 842,merged_cluster,,,0
0842,22.269881991015026,-97.85342670181177,stop_left_0843,Stop 843,merged_cluster,,,0
0843,22.271985857191957,-97.85254521930584,stop_left_0844,Stop 844,merged_cluster,,,0
0844,22.29808887378279,-97.88796618162569,stop_left_0845,Stop 845,merged_cluster,,,0
0845,22.29705270065331,-97.8866569570203,stop_left_0846,Stop 846,merged_cluster,,,0
0846,22.3226336090596,-97.85111001528944,stop_left_0847,Stop 847,merged_cluster,,,0
0847,22.290676349740465,-97.84435420217211,stop_left_0848,Stop 848,merged_cluster,,,0
0848,22.289798436674143,-97.84247705118595,stop_left_0849,Stop 849,merged_cluster,,,0
0849,22.28799827988586,-97.8424780763958,stop_left_0850,Stop 850,merged_cluster,,,0
0850,22.285471579098395,-97.84344802565926,stop_left_0851,Stop 851,merged_cluster,,,0
0851,22.28453277572258,-97.84237084784827,stop_left_0852,Stop 852,merged_cluster,,,0
0852,22.28212097355769,-97.84311687903474,stop_left_0853,Stop 853,merged_cluster,,,0
0853,22.278296099219542,-97.84468036023392,stop_left_0854,Stop 854,merged_cluster,,,0
0854,22.40345588624759,-97.91017155331325,stop_left_0855,Stop 855,merged_cluster,,,0
0855,22.40220108544367,-97.90991066679638,stop_left_0856,Stop 856,merged_cluster,,,0
0856,22.399272902178005,-97.90959904351558,stop_left_0857,Stop 857,merged_cluster,,,0
0857,22.397395646583394,-97.91024230357655,stop_left_0858,Stop 858,merged_cluster,,,0
0858,22.395160616197167,-97.91059999464296,stop_left_0859,Stop 859,merged_cluster,,,0
0859,22.39303223759457,-97.91023304466319,stop_left_0860,Stop 860,merged_cluster,,,0
0860,22.392286660020442,-97.9120559676342,stop_left_0861,Stop 861,merged_cluster,,,0
0861,22.392391474649003,-97.91425766701782,stop_left_0862,Stop 862,merged_cluster,,,0
0862,22.39015167559578,-97.91445750218973,stop_left_0863,Stop 863,merged_cluster,,,0
0863,22.388085003523845,-97.9132683118689,stop_left_0864,Stop 864,merged_cluster,,,0
0864,22.38098021274839,-97.91307113722429,stop_left_0865,Stop 865,merged_cluster,,,0
0865,22.37915072205099,-97.9111700334499,stop_left_0866,Stop 866,merged_cluster,,,0
0866,22.37697527363222,-97.90888853437511,stop_left_0867,Stop 867,merged_cluster,,,0
0867,22.374730347334395,-97.90650217060495,stop_left_0868,Stop 868,merged_cluster,,,0
0868,22.373623006256192,-97.90561487556121,stop_left_0869,Stop 869,merged_cluster,,,0
0869,22.37116761407885,-97.90302917353706,stop_left_0870,Stop 870,merged_cluster,,,0
0870,22.36892150165288,-97.90097144723102,stop_left_0871,Stop 871,merged_cluster,,,0
0871,22.367836911558488,-97.89975232939764,stop_left_0872,Stop 872,merged_cluster,,,0
0872,22.366116961551988,-97.89817908334857,stop_left_0873,Stop 873,merged_cluster,,,0
0873,22.364679788019565,-97.89673412337072,stop_left_0874,Stop 874,merged_cluster,,,0
0874,22.36267701927389,-97.89503270639342,stop_left_0875,Stop 875,merged_cluster,,,0
0875,22.36096454054708,-97.89344964745585,stop_left_0876,Stop 876,merged_cluster,,,0
0876,22.359314267015662,-97.89194179353375,stop_left_0877,Stop 877,merged_cluster,,,0
0877,22.35755718437014,-97.89026347763772,stop_left_0878,Stop 878,merged_cluster,,,0
0878,22.35666209471053,-97.88935581209427,stop_left_0879,Stop 879,merged_cluster,,,0
0879,22.35493334448313,-97.88779388871338,stop_left_0880,Stop 880,merged_cluster,,,0
0880,22.32601885898057,-97.8755480715776,stop_left_0881,Stop 881,merged_cluster,,,0
0881,22.33404934427189,-97.8822132186491,stop_left_0882,Stop 882,merged_cluster,,,0
0882,22.331973076885557,-97.88316769231663,stop_left_0883,Stop 883,merged_cluster,,,0
0883,22.329842385190034,-97.8836733069853,stop_left_0884,Stop 884,merged_cluster,,,0
0884,22.3281034493881,-97.88312835778554,stop_left_0885,Stop 885,merged_cluster,,,0
0885,22.3263182160861,-97.88210716182721,stop_left_0886,Stop 886,merged_cluster,,,0
0886,22.32550060495587,-97.88104605306022,stop_left_0887,Stop 887,merged_cluster,,,0
0887,22.323245012731473,-97.8809298566696,stop_left_0888,Stop 888,merged_cluster,,,0
0888,22.323323946626292,-97.87815749794038,stop_left_0889,Stop 889,merged_cluster,,,0
0889,22.214681834532577,-97.86125955490387,stop_left_0890,Stop 890,merged_cluster,,,0
0890,22.310503286480724,-97.89090512081717,stop_left_0891,Stop 891,merged_cluster,,,0
0891,22.30952195121941,-97.89171312878437,stop_left_0892,Stop 892,merged_cluster,,,0
0892,22.279719687337206,-97.8928781833402,stop_left_0893,Stop 893,merged_cluster,,,0
0893,22.277625803953573,-97.89268837675716,stop_left_0894,Stop 894,merged_cluster,,,0
0894,22.281209631479754,-97.88150295012757,stop_left_0895,Stop 895,merged_cluster,,,0
0895,22.286057366984043,-97.87602448411758,stop_left_0896,Stop 896,merged_cluster,,,0
0896,22.286082017594104,-97.87181627742108,stop_left_0897,Stop 897,merged_cluster,,,0
0897,22.285702282410107,-97.87000020140981,stop_left_0898,Stop 898,merged_cluster,,,0
0898,22.284322893159967,-97.86807903897345,stop_left_0899,Stop 899,merged_cluster,,,0
0899,22.282874632821684,-97.86645107464928,stop_left_0900,Stop 900,merged_cluster,,,0
0900,22.281157758866026,-97.86802818266608,stop_left_0901,Stop 901,merged_cluster,,,0
0901,22.279713774634356,-97.86896566079886,stop_left_0902,Stop 902,merged_cluster,,,0
0902,22.229228277981154,-97.86573871490086,stop_left_0903,Stop 903,merged_cluster,,,0
0903,22.21685966929567,-97.8546049851976,stop_left_0904,Stop 904,merged_cluster,,,0
0904,22.23144944605354,-97.86303134514374,stop_left_0905,Stop 905,merged_cluster,,,0
0905,22.24945291858299,-97.86381901459072,stop_left_0906,Stop 906,merged_cluster,,,0
0906,22.251629282794568,-97.86333897482181,stop_left_0907,Stop 907,merged_cluster,,,0
0907,22.283017440592022,-97.86782503789877,stop_left_0908,Stop 908,merged_cluster,,,0
0908,22.284387459640925,-97.86975390823442,stop_left_0909,Stop 909,merged_cluster,,,0
0909,22.242195241445145,-97.83328487150604,stop_left_0910,Stop 910,merged_cluster,,,0
0910,22.24363783890056,-97.83321475403844,stop_left_0911,Stop 911,merged_cluster,,,0
0911,22.249977484193504,-97.8464992727266,stop_left_0912,Stop 912,merged_cluster,,,0
0912,22.246952185282368,-97.85751429693542,stop_left_0913,Stop 913,merged_cluster,,,0
0913,22.249889634219734,-97.85796471952202,stop_left_0914,Stop 914,merged_cluster,,,0
0914,22.248314165332285,-97.84684715017826,stop_left_0915,Stop 915,merged_cluster,,,0
0915,22.24492687558992,-97.8405447952098,stop_left_0916,Stop 916,merged_cluster,,,0
0916,22.24337102043869,-97.8554243450175,stop_left_0917,Stop 917,merged_cluster,,,0
0917,22.260636540300002,-97.85093722513929,stop_left_0918,Stop 918,merged_cluster,,,0
0918,22.26436125173686,-97.84946131772088,stop_left_0919,Stop 919,merged_cluster,,,0
0919,22.278735231732202,-97.82806896438889,stop_left_0920,Stop 920,merged_cluster,,,0
0920,22.28235096579677,-97.82726767288818,stop_left_0921,Stop 921,merged_cluster,,,0
0921,22.28271723493376,-97.8243100171592,stop_left_0922,Stop 922,merged_cluster,,,0
0922,22.282119676738283,-97.82194244328394,stop_left_0923,Stop 923,merged_cluster,,,0
0923,22.282625103479173,-97.82029921206336,stop_left_0924,Stop 924,merged_cluster,,,0
0924,22.283773664229372,-97.81874670994978,stop_left_0925,Stop 925,merged_cluster,,,0
0925,22.28523012778973,-97.8168924455488,stop_left_0926,Stop 926,merged_cluster,,,0
0926,22.28990060401919,-97.81095405459446,stop_left_0927,Stop 927,merged_cluster,,,0
0927,22.292521328080124,-97.8077060924837,stop_left_0928,Stop 928,merged_cluster,,,0
0928,22.288038524763788,-97.81629707062625,stop_left_0929,Stop 929,merged_cluster,,,0
0929,22.290118012434288,-97.81724489243805,stop_left_0930,Stop 930,merged_cluster,,,0
0930,22.291995285501002,-97.81829349583144,stop_left_0931,Stop 931,merged_cluster,,,0
0931,22.293498541210024,-97.81915821134928,stop_left_0932,Stop 932,merged_cluster,,,0
0932,22.29470537021028,-97.82108706526294,stop_left_0933,Stop 933,merged_cluster,,,0
0933,22.295780749530287,-97.8196199315232,stop_left_0934,Stop 934,merged_cluster,,,0
0934,22.331357032391292,-97.88125967858124,stop_left_0935,Stop 935,merged_cluster,,,0
0935,22.329954933410104,-97.88121217428619,stop_left_0936,Stop 936,merged_cluster,,,0
0936,22.3297925968851,-97.87886365011146,stop_left_0937,Stop 937,merged_cluster,,,0
0937,22.329661439657094,-97.87644176428805,stop_left_0938,Stop 938,merged_cluster,,,0
0938,22.274467108617337,-97.8743849422264,stop_left_0939,Stop 939,merged_cluster,,,0
0939,22.247987551420636,-97.87386475964257,stop_left_0940,Stop 940,merged_cluster,,,0
0940,22.209957647413873,-97.84905321298358,stop_left_0941,Stop 941,merged_cluster,,,0
0941,22.21196177617015,-97.85367196089653,stop_left_0942,Stop 942,merged_cluster,,,0
0942,22.383756896995767,-97.87869645785662,stop_left_0943,Stop 943,merged_cluster,,,0
0943,22.386355474612206,-97.88422655446386,stop_left_0944,Stop 944,merged_cluster,,,0
0944,22.392157402308424,-97.89463594054779,stop_left_0945,Stop 945,merged_cluster,,,0
0945,22.38950746782401,-97.8955992345873,stop_left_0946,Stop 946,merged_cluster,,,0
0946,22.387873830325027,-97.89617498700899,stop_left_0947,Stop 947,merged_cluster,,,0
0947,22.385299816343586,-97.89731210932263,stop_left_0948,Stop 948,merged_cluster,,,0
0948,22.38402934610112,-97.89856800617663,stop_left_0949,Stop 949,merged_cluster,,,0
0949,22.382811820567497,-97.89950495154524,stop_left_0950,Stop 950,merged_cluster,,,0
0950,22.38024094807738,-97.900926475026,stop_left_0951,Stop 951,merged_cluster,,,0
0951,22.378039220067212,-97.90146600105565,stop_left_0952,Stop 952,merged_cluster,,,0
0952,22.375900407707224,-97.90223561731031,stop_left_0953,Stop 953,merged_cluster,,,0
0953,22.37449613714361,-97.90327154186792,stop_left_0954,Stop 954,merged_cluster,,,0
0954,22.3584529549255,-97.89109970200668,stop_left_0955,Stop 955,merged_cluster,,,0
0955,22.34952339323802,-97.88012317355073,stop_left_0956,Stop 956,merged_cluster,,,0
0956,22.384247056345252,-97.88300051177278,stop_left_0957,Stop 957,merged_cluster,,,0
0957,22.38397259116769,-97.88059032585096,stop_left_0958,Stop 958,merged_cluster,,,0
0958,22.392600149343806,-97.94834069260496,stop_left_0959,Stop 959,merged_cluster,,,0
0959,22.391393888697202,-97.94645594368303,stop_left_0960,Stop 960,merged_cluster,,,0
0960,22.390676366732986,-97.94231646692803,stop_left_0961,Stop 961,merged_cluster,,,0
0961,22.393889445225323,-97.94121016305026,stop_left_0962,Stop 962,merged_cluster,,,0
0962,22.397159344941326,-97.94072397913453,stop_left_0963,Stop 963,merged_cluster,,,0
0963,22.399095893631856,-97.93903860870587,stop_left_0964,Stop 964,merged_cluster,,,0
0964,22.413229112714422,-97.9403640517073,stop_left_0965,Stop 965,merged_cluster,,,0
0965,22.411998931352564,-97.93206733821727,stop_left_0966,Stop 966,merged_cluster,,,0
0966,22.42341402377994,-97.92536618737769,stop_left_0967,Stop 967,merged_cluster,,,0
0967,22.421186348808295,-97.92574978623897,stop_left_0968,Stop 968,merged_cluster,,,0
0968,22.4194871303884,-97.92592976923956,stop_left_0969,Stop 969,merged_cluster,,,0
0969,22.416205016134146,-97.92646593778532,stop_left_0970,Stop 970,merged_cluster,,,0
0970,22.416145312247483,-97.92514824718052,stop_left_0971,Stop 971,merged_cluster,,,0
0971,22.415566812425098,-97.92165405420957,stop_left_0972,Stop 972,merged_cluster,,,0
0972,22.40575379904381,-97.92214996899096,stop_left_0973,Stop 973,merged_cluster,,,0
0973,22.392111156543166,-97.93312305669944,stop_left_0974,Stop 974,merged_cluster,,,0
0974,22.39252870584121,-97.93550955071153,stop_left_0975,Stop 975,merged_cluster,,,0
0975,22.39294622044917,-97.93789606050854,stop_left_0976,Stop 976,merged_cluster,,,0
0976,22.39194833722384,-97.93869176297495,stop_left_0977,Stop 977,merged_cluster,,,0
0977,22.388495956874756,-97.94280710648933,stop_left_0978,Stop 978,merged_cluster,,,0
0978,22.386811261989084,-97.94300047472682,stop_left_0979,Stop 979,merged_cluster,,,0
0979,22.387062439110913,-97.94541368732058,stop_left_0980,Stop 980,merged_cluster,,,0
0980,22.38735908110048,-97.94782172383535,stop_left_0981,Stop 981,merged_cluster,,,0
0981,22.38775174475148,-97.95021508970738,stop_left_0982,Stop 982,merged_cluster,,,0
0982,22.389791141035882,-97.95129783647204,stop_left_0983,Stop 983,merged_cluster,,,0
0983,22.39229594876085,-97.95000355901584,stop_left_0984,Stop 984,merged_cluster,,,0
0984,22.26334450673559,-97.79693688351942,stop_left_0985,Stop 985,merged_cluster,,,0
0985,22.262533242198,-97.80011545278113,stop_left_0986,Stop 986,merged_cluster,,,0
0986,22.238830963363792,-97.84018597692769,stop_left_0987,Stop 987,merged_cluster,,,0
0987,22.236332173601394,-97.84004201322898,stop_left_0988,Stop 988,merged_cluster,,,0
0988,22.231416481128516,-97.84086257027997,stop_left_0989,Stop 989,merged_cluster,,,0
0989,22.22826852258112,-97.841234703626,stop_left_0990,Stop 990,merged_cluster,,,0
0990,22.22548570457855,-97.8406060241699,stop_left_0991,Stop 991,merged_cluster,,,0
0991,22.220768273873485,-97.84323461461086,stop_left_0992,Stop 992,merged_cluster,,,0
0992,22.219387068909988,-97.8437741808476,stop_left_0993,Stop 993,merged_cluster,,,0
0993,22.21762967637379,-97.84500545107538,stop_left_0994,Stop 994,merged_cluster,,,0
0994,22.215163406518965,-97.84638120822983,stop_left_0995,Stop 995,merged_cluster,,,0
0995,22.21371981340194,-97.84696418321845,stop_left_0996,Stop 996,merged_cluster,,,0
0996,22.21819018904515,-97.8465643653247,stop_left_0997,Stop 997,merged_cluster,,,0
0997,22.222905093250137,-97.84526836554464,stop_left_0998,Stop 998,merged_cluster,,,0
0998,22.22406031108628,-97.84352407986901,stop_left_0999,Stop 999,merged_cluster,,,0
0999,22.22711669471671,-97.84228178174078,stop_left_1000,Stop 1000,merged_cluster,,,0
1000,22.26527769064114,-97.79780030436527,stop_left_1001,Stop 1001,merged_cluster,,,0
1001,22.267257385003603,-97.79896737773703,stop_left_1002,Stop 1002,merged_cluster,,,0
1002,22.26923707196305,-97.80013448295888,stop_left_1003,Stop 1003,merged_cluster,,,0
1003,22.271216751516977,-97.8013016200358,stop_left_1004,Stop 1004,merged_cluster,,,0
1004,22.27444325271828,-97.79339267850862,stop_left_1005,Stop 1005,merged_cluster,,,0
1005,22.272585257789878,-97.79201379191785,stop_left_1006,Stop 1006,merged_cluster,,,0
1006,22.270727252359883,-97.79063494109786,stop_left_1007,Stop 1007,merged_cluster,,,0
1007,22.268800897528983,-97.78936798717126,stop_left_1008,Stop 1008,merged_cluster,,,0
1008,22.266842220688595,-97.78816067601171,stop_left_1009,Stop 1009,merged_cluster,,,0
1009,22.326217867462674,-97.88540360391457,stop_left_1010,Stop 1010,merged_cluster,,,0
1010,22.321943034407557,-97.86576712363696,stop_left_1011,Stop 1011,merged_cluster,,,0
1011,22.321720002402202,-97.86818235503908,stop_left_1012,Stop 1012,merged_cluster,,,0
1012,22.316793679498144,-97.86913160421855,stop_left_1013,Stop 1013,merged_cluster,,,0
1013,22.31724972458568,-97.87060226592925,stop_left_1014,Stop 1014,merged_cluster,,,0
1014,22.317537004570067,-97.87376675500408,stop_left_1015,Stop 1015,merged_cluster,,,0
1015,22.317787096761627,-97.8761441978335,stop_left_1016,Stop 1016,merged_cluster,,,0
1016,22.317792940407088,-97.88099817865886,stop_left_1017,Stop 1017,merged_cluster,,,0
1017,22.30770334394016,-97.8927497899982,stop_left_1018,Stop 1018,merged_cluster,,,0
1018,22.22202133920643,-97.86187768386519,stop_left_1019,Stop 1019,merged_cluster,,,0
1019,22.228185190802574,-97.84496834254522,stop_left_1020,Stop 1020,merged_cluster,,,0
1020,22.236174269811652,-97.8432731109777,stop_left_1021,Stop 1021,merged_cluster,,,0
1021,22.260022656664898,-97.83068323779074,stop_left_1022,Stop 1022,merged_cluster,,,0
1022,22.264883737826008,-97.82499986583663,stop_left_1023,Stop 1023,merged_cluster,,,0
1023,22.271045142988978,-97.82662808963742,stop_left_1024,Stop 1024,merged_cluster,,,0
1024,22.27292573423565,-97.82486508220666,stop_left_1025,Stop 1025,merged_cluster,,,0
1025,22.27431565538633,-97.82616994341973,stop_left_1026,Stop 1026,merged_cluster,,,0
1026,22.28404788288419,-97.82320528400736,stop_left_1027,Stop 1027,merged_cluster,,,0
1027,22.28688533140569,-97.81576938770374,stop_left_1028,Stop 1028,merged_cluster,,,0
1028,22.288459519500147,-97.81282219655702,stop_left_1029,Stop 1029,merged_cluster,,,0
1029,22.29103625558695,-97.80939055367386,stop_left_1030,Stop 1030,merged_cluster,,,0
1030,22.32492648385309,-97.89683383273774,stop_left_1031,Stop 1031,merged_cluster,,,0
1031,22.323450321889034,-97.89456836755939,stop_left_1032,Stop 1032,merged_cluster,,,0
1032,22.3202449342525,-97.8956045508546,stop_left_1033,Stop 1033,merged_cluster,,,0
1033,22.31911319596169,-97.89591846745691,stop_left_1034,Stop 1034,merged_cluster,,,0
1034,22.3171079836258,-97.89447416157988,stop_left_1035,Stop 1035,merged_cluster,,,0
1035,22.31660141309519,-97.89205537586126,stop_left_1036,Stop 1036,merged_cluster,,,0
1036,22.318816950080556,-97.88959443061724,stop_left_1037,Stop 1037,merged_cluster,,,0
1037,22.32014039802859,-97.88823109166881,stop_left_1038,Stop 1038,merged_cluster,,,0
1038,22.321616097781042,-97.88522444725204,stop_left_1039,Stop 1039,merged_cluster,,,0
1039,22.309695758174747,-97.87879808630889,stop_left_1040,Stop 1040,merged_cluster,,,0
1040,22.304805885609387,-97.88405004908304,stop_left_1041,Stop 1041,merged_cluster,,,0
1041,22.314242618491413,-97.88932214367527,stop_left_1042,Stop 1042,merged_cluster,,,0
1042,22.316396931249727,-97.88875726506404,stop_left_1043,Stop 1043,merged_cluster,,,0
1043,22.334766526877267,-97.87938313456452,stop_left_1044,Stop 1044,merged_cluster,,,0
1044,22.33310301053868,-97.8797948238095,stop_left_1045,Stop 1045,merged_cluster,,,0
1045,22.316760689612504,-97.85219241309953,stop_left_1046,Stop 1046,merged_cluster,,,0
1046,22.30711647660193,-97.86608687392456,stop_left_1047,Stop 1047,merged_cluster,,,0
1047,22.521104982448342,-97.90459133018037,stop_left_1048,Stop 1048,merged_cluster,,,0
1048,22.51906052675512,-97.9042858465393,stop_left_1049,Stop 1049,merged_cluster,,,0
1049,22.516839268132244,-97.90395702216652,stop_left_1050,Stop 1050,merged_cluster,,,0
1050,22.514384051026337,-97.90389185866286,stop_left_1051,Stop 1051,merged_cluster,,,0
1051,22.51212591389972,-97.90388557451786,stop_left_1052,Stop 1052,merged_cluster,,,0
1052,22.509867776159837,-97.90387928888407,stop_left_1053,Stop 1053,merged_cluster,,,0
1053,22.507609637806734,-97.90387300176157,stop_left_1054,Stop 1054,merged_cluster,,,0
1054,22.50535149884048,-97.90386671315034,stop_left_1055,Stop 1055,merged_cluster,,,0
1055,22.503093359261108,-97.90386042305043,stop_left_1056,Stop 1056,merged_cluster,,,0
1056,22.50083521906866,-97.9038541314618,stop_left_1057,Stop 1057,merged_cluster,,,0
1057,22.498577078263207,-97.90384783838452,stop_left_1058,Stop 1058,merged_cluster,,,0
1058,22.496318936844794,-97.9038415438186,stop_left_1059,Stop 1059,merged_cluster,,,0
1059,22.49406079481347,-97.903835247764,stop_left_1060,Stop 1060,merged_cluster,,,0
1060,22.491802652169277,-97.90382895022077,stop_left_1061,Stop 1061,merged_cluster,,,0
1061,22.489741589721273,-97.90388152222789,stop_left_1062,Stop 1062,merged_cluster,,,0
1062,22.48728636504255,-97.90381635066854,stop_left_1063,Stop 1063,merged_cluster,,,0
1063,22.485028220560107,-97.90381004865952,stop_left_1064,Stop 1064,merged_cluster,,,0
1064,22.482967156327934,-97.90386261375146,stop_left_1065,Stop 1065,merged_cluster,,,0
1065,22.480511929757288,-97.90379744017584,stop_left_1066,Stop 1066,merged_cluster,,,0
1066,22.47845086433593,-97.90385000065832,stop_left_1067,Stop 1067,merged_cluster,,,0
1067,22.47599563650425,-97.903784825738,stop_left_1068,Stop 1068,merged_cluster,,,0
1068,22.473763288032384,-97.90358649639144,stop_left_1069,Stop 1069,merged_cluster,,,0
1069,22.471739993610925,-97.90316061455088,stop_left_1070,Stop 1070,merged_cluster,,,0
1070,22.469536005692223,-97.90263163018851,stop_left_1071,Stop 1071,merged_cluster,,,0
1071,22.467151323394763,-97.9019995499053,stop_left_1072,Stop 1072,merged_cluster,,,0
1072,22.464947331869514,-97.90147059815313,stop_left_1073,Stop 1073,merged_cluster,,,0
1073,22.46274333868894,-97.90094166160084,stop_left_1074,Stop 1074,merged_cluster,,,0
1074,22.460539343853643,-97.90041274024541,stop_left_1075,Stop 1075,merged_cluster,,,0
1075,22.45833534736426,-97.89988383408382,stop_left_1076,Stop 1076,merged_cluster,,,0
1076,22.45631204341187,-97.89945804324093,stop_left_1077,Stop 1077,merged_cluster,,,0
1077,22.453927349425623,-97.89882606732998,stop_left_1078,Stop 1078,merged_cluster,,,0
1078,22.45190404275479,-97.89840030246238,stop_left_1079,Stop 1079,merged_cluster,,,0
1079,22.449700039948333,-97.89787145484772,stop_left_1080,Stop 1080,merged_cluster,,,0
1080,22.44731534012722,-97.89723953107709,stop_left_1081,Stop 1081,merged_cluster,,,0
1081,22.445111333726093,-97.89671071601477,stop_left_1082,Stop 1082,merged_cluster,,,0
1082,22.443141331295486,-97.89617108203257,stop_left_1083,Stop 1083,merged_cluster,,,0
1083,22.440703315975025,-97.8956531314049,stop_left_1084,Stop 1084,merged_cluster,,,0
1084,22.43849930462632,-97.8951243618513,stop_left_1085,Stop 1085,merged_cluster,,,0
1085,22.436548522138782,-97.8939238291618,stop_left_1086,Stop 1086,merged_cluster,,,0
1086,22.434596111020927,-97.8927033186275,stop_left_1087,Stop 1087,merged_cluster,,,0
1087,22.432643691594915,-97.89148284140374,stop_left_1088,Stop 1088,merged_cluster,,,0
1088,22.43069126386344,-97.8902623974855,stop_left_1089,Stop 1089,merged_cluster,,,0
1089,22.428882119861534,-97.88919897659366,stop_left_1090,Stop 1090,merged_cluster,,,0
1090,22.426929676607564,-97.88797859586086,stop_left_1091,Stop 1091,merged_cluster,,,0
1091,22.424963518903606,-97.88678091536141,stop_left_1092,Stop 1092,merged_cluster,,,0
1092,22.42298641562317,-97.8856320172663,stop_left_1093,Stop 1093,merged_cluster,,,0
1093,22.421909565978762,-97.88507493354867,stop_left_1094,Stop 1094,merged_cluster,,,0
1094,22.41846764181684,-97.88519011449928,stop_left_1095,Stop 1095,merged_cluster,,,0
1095,22.416535908385185,-97.8859641379753,stop_left_1096,Stop 1096,merged_cluster,,,0
1096,22.414205512138555,-97.88679674534312,stop_left_1097,Stop 1097,merged_cluster,,,0
1097,22.412247254313616,-97.88742229882247,stop_left_1098,Stop 1098,merged_cluster,,,0
1098,22.409943360288338,-97.8884032727595,stop_left_1099,Stop 1099,merged_cluster,,,0
1099,22.407996717707224,-97.88913114074923,stop_left_1100,Stop 1100,merged_cluster,,,0
1100,22.406375835280624,-97.89103626990587,stop_left_1101,Stop 1101,merged_cluster,,,0
1101,22.404881517717353,-97.89283344996123,stop_left_1102,Stop 1102,merged_cluster,,,0
1102,22.404710026304947,-97.89537770904163,stop_left_1103,Stop 1103,merged_cluster,,,0
1103,22.40454110843883,-97.89779946006945,stop_left_1104,Stop 1104,merged_cluster,,,0
1104,22.404531618371355,-97.90010969059664,stop_left_1105,Stop 1105,merged_cluster,,,0
1105,22.404203163122048,-97.90264294960319,stop_left_1106,Stop 1106,merged_cluster,,,0
1106,22.40403413567307,-97.90506468809929,stop_left_1107,Stop 1107,merged_cluster,,,0
1107,22.403865071698213,-97.90748642240835,stop_left_1108,Stop 1108,merged_cluster,,,0
1108,22.40273087994243,-97.91321098639938,stop_left_1109,Stop 1109,merged_cluster,,,0
1109,22.401646724047314,-97.91665241612303,stop_left_1110,Stop 1110,merged_cluster,,,0
1110,22.400869621848546,-97.91893260147012,stop_left_1111,Stop 1111,merged_cluster,,,0
1111,22.40372206322341,-97.89071579169192,stop_left_1112,Stop 1112,merged_cluster,,,0
1112,22.40399280086269,-97.8886975773383,stop_left_1113,Stop 1113,merged_cluster,,,0
1113,22.405861906497254,-97.88992282756719,stop_left_1114,Stop 1114,merged_cluster,,,0
1114,22.28710528654317,-97.88286720849636,stop_left_1115,Stop 1115,merged_cluster,,,0
1115,22.314061212384466,-97.86671836597775,stop_left_1116,Stop 1116,merged_cluster,,,0
1116,22.31393742600583,-97.86475889633451,stop_left_1117,Stop 1117,merged_cluster,,,0
1117,22.311706314550655,-97.86438429279038,stop_left_1118,Stop 1118,merged_cluster,,,0
1118,22.30558970560088,-97.86080899263499,stop_left_1119,Stop 1119,merged_cluster,,,0
1119,22.304269104817326,-97.85431906977409,stop_left_1120,Stop 1120,merged_cluster,,,0
1120,22.3023055387681,-97.85468443712347,stop_left_1121,Stop 1121,merged_cluster,,,0
1121,22.300213317320207,-97.85259264696901,stop_left_1122,Stop 1122,merged_cluster,,,0
1122,22.298844407133924,-97.85361571679222,stop_left_1123,Stop 1123,merged_cluster,,,0
1123,22.295372538842535,-97.85358167142387,stop_left_1124,Stop 1124,merged_cluster,,,0
1124,22.291156175020713,-97.85184243135878,stop_left_1125,Stop 1125,merged_cluster,,,0
1125,22.283188349030034,-97.84756356340219,stop_left_1126,Stop 1126,merged_cluster,,,0
1126,22.281647234840737,-97.84697091618827,stop_left_1127,Stop 1127,merged_cluster,,,0
1127,22.26384077386683,-97.82550819765953,stop_left_1128,Stop 1128,merged_cluster,,,0
1128,22.262194238346847,-97.82384791771594,stop_left_1129,Stop 1129,merged_cluster,,,0
1129,22.255809943390666,-97.82449942806784,stop_left_1130,Stop 1130,merged_cluster,,,0
1130,22.298422106400686,-97.85191127763267,stop_left_1131,Stop 1131,merged_cluster,,,0
1131,22.298653995253215,-97.85725038020092,stop_left_1132,Stop 1132,merged_cluster,,,0
1132,22.29552423789281,-97.85599289885032,stop_left_1133,Stop 1133,merged_cluster,,,0
1133,22.293574545119967,-97.85508411851004,stop_left_1134,Stop 1134,merged_cluster,,,0
1134,22.28368489044398,-97.85149767894418,stop_left_1135,Stop 1135,merged_cluster,,,0
1135,22.283614600101807,-97.8529537741216,stop_left_1136,Stop 1136,merged_cluster,,,0
1136,22.281674608513054,-97.85378631061492,stop_left_1137,Stop 1137,merged_cluster,,,0
1137,22.279465268520624,-97.85430413655499,stop_left_1138,Stop 1138,merged_cluster,,,0
1138,22.28003104578005,-97.85169172016656,stop_left_1139,Stop 1139,merged_cluster,,,0
1139,22.278066184879822,-97.85174833117549,stop_left_1140,Stop 1140,merged_cluster,,,0
1140,22.271101363364473,-97.85557714496565,stop_left_1141,Stop 1141,merged_cluster,,,0
1141,22.27161569403719,-97.85948133641931,stop_left_1142,Stop 1142,merged_cluster,,,0
1142,22.271630488970377,-97.86179498820802,stop_left_1143,Stop 1143,merged_cluster,,,0
1143,22.26956253873197,-97.86349238928145,stop_left_1144,Stop 1144,merged_cluster,,,0
1144,22.268292460171025,-97.86337568722777,stop_left_1145,Stop 1145,merged_cluster,,,0
1145,22.26736695015802,-97.86120848289849,stop_left_1146,Stop 1146,merged_cluster,,,0
1146,22.261107106198207,-97.85913098233412,stop_left_1147,Stop 1147,merged_cluster,,,0
1147,22.260431673079832,-97.85656118129293,stop_left_1148,Stop 1148,merged_cluster,,,0
1148,22.258169817968078,-97.85685287522897,stop_left_1149,Stop 1149,merged_cluster,,,0
1149,22.256753703641674,-97.85715542534956,stop_left_1150,Stop 1150,merged_cluster,,,0
1150,22.254709031023808,-97.85804463433251,stop_left_1151,Stop 1151,merged_cluster,,,0
1151,22.24465297548285,-97.85529517688565,stop_left_1152,Stop 1152,merged_cluster,,,0
1152,22.239346111974278,-97.85840749990416,stop_left_1153,Stop 1153,merged_cluster,,,0
1153,22.235311518595,-97.85799682980985,stop_left_1154,Stop 1154,merged_cluster,,,0
1154,22.23178945754547,-97.85901699866218,stop_left_1155,Stop 1155,merged_cluster,,,0
1155,22.219166278011595,-97.8543211143773,stop_left_1156,Stop 1156,merged_cluster,,,0
1156,22.221274811481866,-97.8533645886231,stop_left_1157,Stop 1157,merged_cluster,,,0
1157,22.272878679668946,-97.85485211336926,stop_left_1158,Stop 1158,merged_cluster,,,0
1158,22.320403710437926,-97.8843468621642,stop_left_1159,Stop 1159,merged_cluster,,,0
1159,22.306946235468423,-97.8886953968546,stop_left_1160,Stop 1160,merged_cluster,,,0
1160,22.30645339927836,-97.89113557022901,stop_left_1161,Stop 1161,merged_cluster,,,0
1161,22.300274511932084,-97.88394658917899,stop_left_1162,Stop 1162,merged_cluster,,,0
1162,22.253806332374097,-97.8730677801635,stop_left_1163,Stop 1163,merged_cluster,,,0
1163,22.252339752000722,-97.87368483791363,stop_left_1164,Stop 1164,merged_cluster,,,0
1164,22.250205967324863,-97.87289074902688,stop_left_1165,Stop 1165,merged_cluster,,,0
1165,22.231657775625123,-97.86111099476844,stop_left_1166,Stop 1166,merged_cluster,,,0
1166,22.24975643713177,-97.87167693166924,stop_left_1167,Stop 1167,merged_cluster,,,0
1167,22.251895654839426,-97.87246157289758,stop_left_1168,Stop 1168,merged_cluster,,,0
1168,22.33515530008306,-97.85738043298745,stop_left_1169,Stop 1169,merged_cluster,,,0
1169,22.334187261035886,-97.86009272831598,stop_left_1170,Stop 1170,merged_cluster,,,0
1170,22.33342381326362,-97.86184732868442,stop_left_1171,Stop 1171,merged_cluster,,,0
1171,22.33101616454811,-97.8660725812258,stop_left_1172,Stop 1172,merged_cluster,,,0
1172,22.330356436845342,-97.86788813483325,stop_left_1173,Stop 1173,merged_cluster,,,0
1173,22.33096414068453,-97.86940344417808,stop_left_1174,Stop 1174,merged_cluster,,,0
1174,22.330163672668125,-97.87167308290675,stop_left_1175,Stop 1175,merged_cluster,,,0
1175,22.280953810411184,-97.84824429873859,stop_left_1176,Stop 1176,merged_cluster,,,0
1176,22.251787216520725,-97.85421550991664,stop_left_1177,Stop 1177,merged_cluster,,,0
1177,22.24754157631261,-97.85490948742556,stop_left_1178,Stop 1178,merged_cluster,,,0
1178,22.311903035248925,-97.88963144369419,stop_left_1179,Stop 1179,merged_cluster,,,0
1179,22.311968142600016,-97.88502696347753,stop_left_1180,Stop 1180,merged_cluster,,,0
1180,22.290112799019294,-97.85334296148024,stop_left_1181,Stop 1181,merged_cluster,,,0
1181,22.287894373829815,-97.85379623042438,stop_left_1182,Stop 1182,merged_cluster,,,0
1182,22.28567122927144,-97.85419081223266,stop_left_1183,Stop 1183,merged_cluster,,,0
1183,22.28386544196163,-97.85423175421248,stop_left_1184,Stop 1184,merged_cluster,,,0
1184,22.27650860365824,-97.85093401261777,stop_left_1185,Stop 1185,merged_cluster,,,0
1185,22.393474739081693,-97.93377869155545,stop_left_1186,Stop 1186,merged_cluster,,,0
1186,22.39597177564999,-97.89511885618444,stop_left_1187,Stop 1187,merged_cluster,,,0
1187,22.382235689986505,-97.88408194263907,stop_left_1188,Stop 1188,merged_cluster,,,0
1188,22.379992063201282,-97.88435705580264,stop_left_1189,Stop 1189,merged_cluster,,,0
1189,22.37774843497739,-97.88463215846348,stop_left_1190,Stop 1190,merged_cluster,,,0
1190,22.37555329170916,-97.8848077437879,stop_left_1191,Stop 1191,merged_cluster,,,0
1191,22.374961932337676,-97.88259232791785,stop_left_1192,Stop 1192,merged_cluster,,,0
1192,22.37378085110938,-97.87963169790858,stop_left_1193,Stop 1193,merged_cluster,,,0
1193,22.374306977325467,-97.87778761663547,stop_left_1194,Stop 1194,merged_cluster,,,0
1194,22.373979446984798,-97.87538528034949,stop_left_1195,Stop 1195,merged_cluster,,,0
1195,22.372857187178134,-97.87301638053614,stop_left_1196,Stop 1196,merged_cluster,,,0
1196,22.369513553327952,-97.87479347465815,stop_left_1197,Stop 1197,merged_cluster,,,0
1197,22.372516889315932,-97.87661521683849,stop_left_1198,Stop 1198,merged_cluster,,,0
1198,22.37108091238256,-97.88480534046396,stop_left_1199,Stop 1199,merged_cluster,,,0
1199,22.368874795295994,-97.88587768626921,stop_left_1200,Stop 1200,merged_cluster,,,0
1200,22.36705829814403,-97.88699287012376,stop_left_1201,Stop 1201,merged_cluster,,,0
1201,22.365205169475225,-97.8873217656115,stop_left_1202,Stop 1202,merged_cluster,,,0
1202,22.36164163469549,-97.8866167720675,stop_left_1203,Stop 1203,merged_cluster,,,0
1203,22.362443732278386,-97.8826193116055,stop_left_1204,Stop 1204,merged_cluster,,,0
1204,22.366789042425214,-97.88227862147893,stop_left_1205,Stop 1205,merged_cluster,,,0
1205,22.36896118768139,-97.88043178867642,stop_left_1206,Stop 1206,merged_cluster,,,0
1206,22.292756993451878,-97.83913548454788,stop_left_1207,Stop 1207,merged_cluster,,,0
1207,22.294924558679785,-97.84370806171748,stop_left_1208,Stop 1208,merged_cluster,,,0
1208,22.292142724612642,-97.84435217349683,stop_left_1209,Stop 1209,merged_cluster,,,0
1209,22.291758814983922,-97.84897032322908,stop_left_1210,Stop 1210,merged_cluster,,,0
1210,22.29137745368628,-97.8390533583414,stop_left_1211,Stop 1211,merged_cluster,,,0
1211,22.323525539178977,-97.85994973602207,stop_left_1212,Stop 1212,merged_cluster,,,0
1212,22.322532892459307,-97.85723606085566,stop_left_1213,Stop 1213,merged_cluster,,,0
1213,22.319397197925813,-97.8550536799477,stop_left_1214,Stop 1214,merged_cluster,,,0
1214,22.317695005379097,-97.85511207567176,stop_left_1215,Stop 1215,merged_cluster,,,0
1215,22.316412253661813,-97.85498816189974,stop_left_1216,Stop 1216,merged_cluster,,,0
1216,22.313555420758004,-97.85410554422153,stop_left_1217,Stop 1217,merged_cluster,,,0
1217,22.312106711053072,-97.85353602045123,stop_left_1218,Stop 1218,merged_cluster,,,0
1218,22.309289029111238,-97.85251378635462,stop_left_1219,Stop 1219,merged_cluster,,,0
1219,22.303309441796465,-97.86900067210115,stop_left_1220,Stop 1220,merged_cluster,,,0
1220,22.323199736701703,-97.86273841200604,stop_left_1221,Stop 1221,merged_cluster,,,0
1221,22.324802537841975,-97.86388538516772,stop_left_1222,Stop 1222,merged_cluster,,,0
1222,22.32689323403117,-97.86480120089219,stop_left_1223,Stop 1223,merged_cluster,,,0
1223,22.329105062972634,-97.86563160864456,stop_left_1224,Stop 1224,merged_cluster,,,0
1224,22.32157267577947,-97.8709895649429,stop_left_1225,Stop 1225,merged_cluster,,,0
1225,22.321622497971234,-97.87341607224599,stop_left_1226,Stop 1226,merged_cluster,,,0
1226,22.320278210721586,-97.87412433053701,stop_left_1227,Stop 1227,merged_cluster,,,0
1227,22.31440770539298,-97.87254603828288,stop_left_1228,Stop 1228,merged_cluster,,,0
1228,22.312153065579054,-97.87268186119253,stop_left_1229,Stop 1229,merged_cluster,,,0
1229,22.257303341046,-97.87223125220154,stop_left_1230,Stop 1230,merged_cluster,,,0
1230,22.257284003461486,-97.86980535421044,stop_left_1231,Stop 1231,merged_cluster,,,0
1231,22.257264629679383,-97.86737945863187,stop_left_1232,Stop 1232,merged_cluster,,,0
1232,22.24978152159648,-97.84085432149672,stop_left_1233,Stop 1233,merged_cluster,,,0
1233,22.44737329719765,-97.96670893555753,stop_left_1234,Stop 1234,merged_cluster,,,0
1234,22.445034199355042,-97.96693257941224,stop_left_1235,Stop 1235,merged_cluster,,,0
1235,22.442802539576427,-97.96730395486763,stop_left_1236,Stop 1236,merged_cluster,,,0
1236,22.426369283552226,-97.94925842656363,stop_left_1237,Stop 1237,merged_cluster,,,0
1237,22.4248738896397,-97.94737983465279,stop_left_1238,Stop 1238,merged_cluster,,,0
1238,22.42325384234355,-97.9457688404395,stop_left_1239,Stop 1239,merged_cluster,,,0
1239,22.421521265115693,-97.9442110415889,stop_left_1240,Stop 1240,merged_cluster,,,0
1240,22.420182660729722,-97.94353028394694,stop_left_1241,Stop 1241,merged_cluster,,,0
1241,22.418120573036795,-97.94255018847456,stop_left_1242,Stop 1242,merged_cluster,,,0
1242,22.415322389553936,-97.94127516993,stop_left_1243,Stop 1243,merged_cluster,,,0
1243,22.338510682106673,-97.86616507161149,stop_left_1244,Stop 1244,merged_cluster,,,0
1244,22.331182507491672,-97.86313658145018,stop_left_1245,Stop 1245,merged_cluster,,,0
1245,22.329076733706778,-97.86226002569245,stop_left_1246,Stop 1246,merged_cluster,,,0
1246,22.323022572932544,-97.8588129613091,stop_left_1247,Stop 1247,merged_cluster,,,0
1247,22.324969999995208,-97.89984912611241,stop_left_1248,Stop 1248,merged_cluster,,,0
1248,22.31116064092418,-97.88863093437674,stop_left_1249,Stop 1249,merged_cluster,,,0
1249,22.22569414440565,-97.84259827472282,stop_left_1250,Stop 1250,merged_cluster,,,0
1250,22.3488671127921,-97.84953448219602,stop_left_1251,Stop 1251,merged_cluster,,,0
1251,22.352631101497156,-97.85001258254988,stop_left_1252,Stop 1252,merged_cluster,,,0
1252,22.35383660109512,-97.85125778697004,stop_left_1253,Stop 1253,merged_cluster,,,0
1253,22.35330131857082,-97.85467840784314,stop_left_1254,Stop 1254,merged_cluster,,,0
1254,22.34938920353861,-97.85397843248032,stop_left_1255,Stop 1255,merged_cluster,,,0
1255,22.347240503173385,-97.85619121132723,stop_left_1256,Stop 1256,merged_cluster,,,0
1256,22.34662795923531,-97.85956104246496,stop_left_1257,Stop 1257,merged_cluster,,,0
1257,22.34625784117704,-97.86173620799539,stop_left_1258,Stop 1258,merged_cluster,,,0
1258,22.342868324563916,-97.86553419188573,stop_left_1259,Stop 1259,merged_cluster,,,0
1259,22.336404186342207,-97.8652904757774,stop_left_1260,Stop 1260,merged_cluster,,,0
1260,22.329091073685326,-97.84667750087279,stop_left_1261,Stop 1261,merged_cluster,,,0
1261,22.318213594245094,-97.84980286542029,stop_left_1262,Stop 1262,merged_cluster,,,0
1262,22.318956687831715,-97.84803979937054,stop_left_1263,Stop 1263,merged_cluster,,,0
1263,22.318544529076675,-97.84564629099897,stop_left_1264,Stop 1264,merged_cluster,,,0
1264,22.31626855008127,-97.84422675106481,stop_left_1265,Stop 1265,merged_cluster,,,0
1265,22.314563349589818,-97.84363321505155,stop_left_1266,Stop 1266,merged_cluster,,,0
1266,22.312921302432404,-97.8449058761857,stop_left_1267,Stop 1267,merged_cluster,,,0
1267,22.311480810600088,-97.84677488149357,stop_left_1268,Stop 1268,merged_cluster,,,0
1268,22.310993677716862,-97.84860618462062,stop_left_1269,Stop 1269,merged_cluster,,,0
1269,22.318715381896904,-97.8533865313244,stop_left_1270,Stop 1270,merged_cluster,,,0
1270,22.32072955650029,-97.8547830759305,stop_left_1271,Stop 1271,merged_cluster,,,0
1271,22.32069939585171,-97.85645233506004,stop_left_1272,Stop 1272,merged_cluster,,,0
1272,22.32008684372905,-97.85878840108516,stop_left_1273,Stop 1273,merged_cluster,,,0
1273,22.317616244540247,-97.85815084338573,stop_left_1274,Stop 1274,merged_cluster,,,0
1274,22.315925548282117,-97.85751114245686,stop_left_1275,Stop 1275,merged_cluster,,,0
1275,22.312011422114832,-97.85763284458362,stop_left_1276,Stop 1276,merged_cluster,,,0
1276,22.34492219857191,-97.84927881141276,stop_left_1277,Stop 1277,merged_cluster,,,0
1277,22.350800993438952,-97.849698090317,stop_left_1278,Stop 1278,merged_cluster,,,0
1278,22.347680290069878,-97.8538123665496,stop_left_1279,Stop 1279,merged_cluster,,,0
1279,22.345489313191507,-97.86373843036237,stop_left_1280,Stop 1280,merged_cluster,,,0
1280,22.25477273837631,-97.86185977484544,stop_left_1281,Stop 1281,merged_cluster,,,0
1281,22.256570451078193,-97.86088384825146,stop_left_1282,Stop 1282,merged_cluster,,,0
1282,22.25860604683552,-97.86012468267994,stop_left_1283,Stop 1283,merged_cluster,,,0
1283,22.313376556797117,-97.8580167746634,stop_left_1284,Stop 1284,merged_cluster,,,0
1284,22.312435961797377,-97.85983856871096,stop_left_1285,Stop 1285,merged_cluster,,,0
1285,22.313672006819527,-97.8612725433933,stop_left_1286,Stop 1286,merged_cluster,,,0
1286,22.31554218057594,-97.86246247820078,stop_left_1287,Stop 1287,merged_cluster,,,0
1287,22.315894086648104,-97.86537588871356,stop_left_1288,Stop 1288,merged_cluster,,,0
1288,22.3510787499369,-97.85424912025073,stop_left_1289,Stop 1289,merged_cluster,,,0
1289,22.31742737434373,-97.87833941145216,stop_left_1290,Stop 1290,merged_cluster,,,0
1290,22.281680646858494,-97.86321955313058,stop_left_1291,Stop 1291,merged_cluster,,,0
1291,22.2759650311994,-97.85689036076104,stop_left_1292,Stop 1292,merged_cluster,,,0
1292,22.322422259515392,-97.85554465209253,stop_left_1293,Stop 1293,merged_cluster,,,0
1293,22.300847859455622,-97.84470770800367,stop_left_1294,Stop 1294,merged_cluster,,,0
1294,22.29148069338836,-97.84265222998714,stop_left_1295,Stop 1295,merged_cluster,,,0
1295,22.276702460789778,-97.84877429654716,stop_left_1296,Stop 1296,merged_cluster,,,0
1296,22.274579970383666,-97.84960265361106,stop_left_1297,Stop 1297,merged_cluster,,,0
1297,22.270435471522156,-97.85124138088645,stop_left_1298,Stop 1298,merged_cluster,,,0
1298,22.268258357084733,-97.85215251428227,stop_left_1299,Stop 1299,merged_cluster,,,0
1299,22.360410611762067,-97.90973267073997,stop_left_1300,Stop 1300,merged_cluster,,,0
1300,22.359277462484236,-97.91113758370675,stop_left_1301,Stop 1301,merged_cluster,,,0
1301,22.360241855086187,-97.91353424273117,stop_left_1302,Stop 1302,merged_cluster,,,0
1302,22.361952027000097,-97.914657279166,stop_left_1303,Stop 1303,merged_cluster,,,0
1303,22.362235162983605,-97.91675923186912,stop_left_1304,Stop 1304,merged_cluster,,,0
1304,22.363547196281143,-97.91478321859348,stop_left_1305,Stop 1305,merged_cluster,,,0
1305,22.36509881428445,-97.91315600792579,stop_left_1306,Stop 1306,merged_cluster,,,0
1306,22.36641455368124,-97.91251297335774,stop_left_1307,Stop 1307,merged_cluster,,,0
1307,22.36775435446205,-97.91129974003718,stop_left_1308,Stop 1308,merged_cluster,,,0
1308,22.36945608649485,-97.91075441291385,stop_left_1309,Stop 1309,merged_cluster,,,0
1309,22.37087154644922,-97.90923080980969,stop_left_1310,Stop 1310,merged_cluster,,,0
1310,22.372402348103623,-97.90877238052241,stop_left_1311,Stop 1311,merged_cluster,,,0
1311,22.366391017479252,-97.87267686231581,stop_left_1312,Stop 1312,merged_cluster,,,0
1312,22.370511276769328,-97.87639143432851,stop_left_1313,Stop 1313,merged_cluster,,,0
1313,22.372846649194063,-97.87872031906635,stop_left_1314,Stop 1314,merged_cluster,,,0
1314,22.372077868269027,-97.88185818694927,stop_left_1315,Stop 1315,merged_cluster,,,0
1315,22.370330416917323,-97.88029241254321,stop_left_1316,Stop 1316,merged_cluster,,,0
1316,22.368683688727256,-97.87921095999549,stop_left_1317,Stop 1317,merged_cluster,,,0
1317,22.369980327478608,-97.88406270535823,stop_left_1318,Stop 1318,merged_cluster,,,0
1318,22.369714767354704,-97.88220971206096,stop_left_1319,Stop 1319,merged_cluster,,,0
1319,22.433872477752388,-97.96094578531934,stop_left_1320,Stop 1320,merged_cluster,,,0
1320,22.410809946457498,-97.93939290754814,stop_left_1321,Stop 1321,merged_cluster,,,0
1321,22.32409923772347,-97.85570686548441,stop_left_1322,Stop 1322,merged_cluster,,,0
1322,22.32496802572767,-97.85346700574189,stop_left_1323,Stop 1323,merged_cluster,,,0
1323,22.32802572487788,-97.84882053093476,stop_left_1324,Stop 1324,merged_cluster,,,0
1324,22.402352707564255,-97.89096436925995,stop_left_1325,Stop 1325,merged_cluster,,,0
1325,22.399320540969867,-97.89212001028007,stop_left_1326,Stop 1326,merged_cluster,,,0
1326,22.37332930618099,-97.90351552258592,stop_left_1327,Stop 1327,merged_cluster,,,0
1327,22.240657243099974,-97.86869727808813,stop_left_1328,Stop 1328,merged_cluster,,,0
1328,22.39399250140767,-97.94752573978519,stop_left_1329,Stop 1329,merged_cluster,,,0
1329,22.39512523722593,-97.94964493787265,stop_left_1330,Stop 1330,merged_cluster,,,0
1330,22.39212783153319,-97.94143872941386,stop_left_1331,Stop 1331,merged_cluster,,,0
1331,22.44612642586538,-97.8850164515217,stop_left_1332,Stop 1332,merged_cluster,,,0
1332,22.445853466576548,-97.88650821121051,stop_left_1333,Stop 1333,merged_cluster,,,0
1333,22.445115780540657,-97.88980690960716,stop_left_1334,Stop 1334,merged_cluster,,,0
1334,22.444649405390663,-97.89181923218231,stop_left_1335,Stop 1335,merged_cluster,,,0
1335,22.44411605330598,-97.89454487719742,stop_left_1336,Stop 1336,merged_cluster,,,0
1336,22.42236389649175,-97.97302549584029,stop_left_1337,Stop 1337,merged_cluster,,,0
1337,22.424164740501638,-97.97263232920113,stop_left_1338,Stop 1338,merged_cluster,,,0
1338,22.42638449925537,-97.97218599212182,stop_left_1339,Stop 1339,merged_cluster,,,0
1339,22.428604255642544,-97.97173963936652,stop_left_1340,Stop 1340,merged_cluster,,,0
1340,22.430824009662693,-97.97129327093253,stop_left_1341,Stop 1341,merged_cluster,,,0
1341,22.43213936001365,-97.97107090316842,stop_left_1342,Stop 1342,merged_cluster,,,0
1342,22.43495148251499,-97.96987011134583,stop_left_1343,Stop 1343,merged_cluster,,,0
1343,22.434737518071216,-97.9674375817481,stop_left_1344,Stop 1344,merged_cluster,,,0
1344,22.434365614401806,-97.96505290905077,stop_left_1345,Stop 1345,merged_cluster,,,0
1345,22.43418967308905,-97.96315717077616,stop_left_1346,Stop 1346,merged_cluster,,,0
1346,22.416751130439494,-97.93484040081314,stop_left_1347,Stop 1347,merged_cluster,,,0
1347,22.406497752800238,-97.91789513963782,stop_left_1348,Stop 1348,merged_cluster,,,0
1348,22.405175873363774,-97.91602589997416,stop_left_1349,Stop 1349,merged_cluster,,,0
1349,22.402943983871996,-97.91639541932108,stop_left_1350,Stop 1350,merged_cluster,,,0
1350,22.281069598004226,-97.87300098088741,stop_left_1351,Stop 1351,merged_cluster,,,0
1351,22.434405258387645,-97.97214691043881,stop_left_1352,Stop 1352,merged_cluster,,,0
1352,22.432183306920212,-97.97258045296887,stop_left_1353,Stop 1353,merged_cluster,,,0
1353,22.429961353169496,-97.97301398020728,stop_left_1354,Stop 1354,merged_cluster,,,0
1354,22.42773939713592,-97.97344749215658,stop_left_1355,Stop 1355,merged_cluster,,,0
1355,22.425517438819906,-97.97388098881945,stop_left_1356,Stop 1356,merged_cluster,,,0
1356,22.4232954782219,-97.97431447019848,stop_left_1357,Stop 1357,merged_cluster,,,0
1357,22.24843112176203,-97.83498926497279,stop_left_1358,Stop 1358,merged_cluster,,,0
1358,22.255813160006305,-97.8335144057475,stop_left_1359,Stop 1359,merged_cluster,,,0
1359,22.268833100454554,-97.84103474966348,stop_left_1360,Stop 1360,merged_cluster,,,0
1360,22.273269340319185,-97.84476487762315,stop_left_1361,Stop 1361,merged_cluster,,,0
1361,22.389336359248077,-97.92081706274881,stop_left_1362,Stop 1362,merged_cluster,,,0
1362,22.39131490491696,-97.92158330804224,stop_left_1363,Stop 1363,merged_cluster,,,0
1363,22.39346330162295,-97.92144681713914,stop_left_1364,Stop 1364,merged_cluster,,,0
1364,22.39498272019905,-97.92232146755724,stop_left_1365,Stop 1365,merged_cluster,,,0
1365,22.401118042717435,-97.92649353540229,stop_left_1366,Stop 1366,merged_cluster,,,0
1366,22.40292946248903,-97.92794085340458,stop_left_1367,Stop 1367,merged_cluster,,,0
1367,22.406475878269006,-97.93094336429732,stop_left_1368,Stop 1368,merged_cluster,,,0
1368,22.40774573360453,-97.932260293583,stop_left_1369,Stop 1369,merged_cluster,,,0
1369,22.413429619764177,-97.93714369981977,stop_left_1370,Stop 1370,merged_cluster,,,0
1370,22.41516802079732,-97.93869387939561,stop_left_1371,Stop 1371,merged_cluster,,,0
1371,22.416906408086483,-97.94024409725839,stop_left_1372,Stop 1372,merged_cluster,,,0
1372,22.274892455556078,-97.84280367903486,stop_left_1373,Stop 1373,merged_cluster,,,0
1373,22.54324372145971,-98.06828889661497,stop_left_1374,Stop 1374,merged_cluster,,,0
1374,22.541872657881747,-98.06849353197592,stop_left_1375,Stop 1375,merged_cluster,,,0
1375,22.539635816936862,-98.06882737721641,stop_left_1376,Stop 1376,merged_cluster,,,0
1376,22.537398974322418,-98.06916121031402,stop_left_1377,Stop 1377,merged_cluster,,,0
1377,22.534250865196842,-98.06953187996027,stop_left_1378,Stop 1378,merged_cluster,,,0
1378,22.532925284086062,-98.06982884008897,stop_left_1379,Stop 1379,merged_cluster,,,0
1379,22.529778169892875,-98.07020719145468,stop_left_1380,Stop 1380,merged_cluster,,,0
1380,22.528451587174917,-98.07049642131727,stop_left_1381,Stop 1381,merged_cluster,,,0
1381,22.525305467835793,-98.07088245393125,stop_left_1382,Stop 1382,merged_cluster,,,0
1382,22.5239778835912,-98.07116395401547,stop_left_1383,Stop 1383,merged_cluster,,,0
1383,22.52173851515378,-98.07147941213324,stop_left_1384,Stop 1384,merged_cluster,,,0
1384,22.517907017827056,-98.0721189076002,stop_left_1385,Stop 1385,merged_cluster,,,0
1385,22.5163600434713,-98.07223283189754,stop_left_1386,Stop 1386,merged_cluster,,,0
1386,22.514123683163003,-98.07257039577904,stop_left_1387,Stop 1387,merged_cluster,,,0
1387,22.511206083196495,-98.07319226752439,stop_left_1388,Stop 1388,merged_cluster,,,0
1388,22.50897243473288,-98.0735500284292,stop_left_1389,Stop 1389,merged_cluster,,,0
1389,22.507414592121393,-98.07358301399276,stop_left_1390,Stop 1390,merged_cluster,,,0
1390,22.50517822506957,-98.07392052892736,stop_left_1391,Stop 1391,merged_cluster,,,0
1391,22.502092769127586,-98.07436028516788,stop_left_1392,Stop 1392,merged_cluster,,,0
1392,22.50221584847211,-98.07286849393282,stop_left_1393,Stop 1393,merged_cluster,,,0
1393,22.501625229514744,-98.07079029602787,stop_left_1394,Stop 1394,merged_cluster,,,0
1394,22.500949928499427,-98.06822622736753,stop_left_1395,Stop 1395,merged_cluster,,,0
1395,22.49979571508311,-98.0648209448422,stop_left_1396,Stop 1396,merged_cluster,,,0
1396,22.499260270228827,-98.0631015708982,stop_left_1397,Stop 1397,merged_cluster,,,0
1397,22.498423653792212,-98.0604704627064,stop_left_1398,Stop 1398,merged_cluster,,,0
1398,22.497613707240653,-98.05791855600515,stop_left_1399,Stop 1399,merged_cluster,,,0
1399,22.496592002049418,-98.05441921560613,stop_left_1400,Stop 1400,merged_cluster,,,0
1400,22.495865568591316,-98.05211813512938,stop_left_1401,Stop 1401,merged_cluster,,,0
1401,22.49513910303325,-98.04981707984571,stop_left_1402,Stop 1402,merged_cluster,,,0
1402,22.49391997470019,-98.04613710439116,stop_left_1403,Stop 1403,merged_cluster,,,0
1403,22.49295951379488,-98.04291406518087,stop_left_1404,Stop 1404,merged_cluster,,,0
1404,22.491861935440927,-98.03976964351374,stop_left_1405,Stop 1405,merged_cluster,,,0
1405,22.49150629386813,-98.03831218142031,stop_left_1406,Stop 1406,merged_cluster,,,0
1406,22.49077963578509,-98.03601127735304,stop_left_1407,Stop 1407,merged_cluster,,,0
1407,22.490029194596506,-98.033717261572,stop_left_1408,Stop 1408,merged_cluster,,,0
1408,22.488736927063307,-98.03065182196441,stop_left_1409,Stop 1409,merged_cluster,,,0
1409,22.487847509982537,-98.02881324703506,stop_left_1410,Stop 1410,merged_cluster,,,0
1410,22.48689425070138,-98.02661028784033,stop_left_1411,Stop 1411,merged_cluster,,,0
1411,22.485940962266458,-98.02440735979117,stop_left_1412,Stop 1412,merged_cluster,,,0
1412,22.48472758530919,-98.02164732070128,stop_left_1413,Stop 1413,merged_cluster,,,0
1413,22.48377419136934,-98.01944448308969,stop_left_1414,Stop 1414,merged_cluster,,,0
1414,22.483080922081804,-98.01779876252976,stop_left_1415,Stop 1415,merged_cluster,,,0
1415,22.482127517074552,-98.01559595907554,stop_left_1416,Stop 1416,merged_cluster,,,0
1416,22.481057278749613,-98.01305545221085,stop_left_1417,Stop 1417,merged_cluster,,,0
1417,22.480495938814123,-98.01168836863621,stop_left_1418,Stop 1418,merged_cluster,,,0
1418,22.479540352082225,-98.00948663140717,stop_left_1419,Stop 1419,merged_cluster,,,0
1419,22.478305621848964,-98.00678914633454,stop_left_1420,Stop 1420,merged_cluster,,,0
1420,22.477623696113806,-98.0050861141585,stop_left_1421,Stop 1421,merged_cluster,,,0
1421,22.476145991195995,-98.00182290372402,stop_left_1422,Stop 1422,merged_cluster,,,0
1422,22.475430487595233,-98.00018853516629,stop_left_1423,Stop 1423,merged_cluster,,,0
1423,22.47474849434943,-97.99848557282148,stop_left_1424,Stop 1424,merged_cluster,,,0
1424,22.473513586252114,-97.99578828408714,stop_left_1425,Stop 1425,merged_cluster,,,0
1425,22.472831548015364,-97.99408536830171,stop_left_1426,Stop 1426,merged_cluster,,,0
1426,22.471385343398737,-97.99158494873755,stop_left_1427,Stop 1427,merged_cluster,,,0
1427,22.47002498477265,-97.99044945743131,stop_left_1428,Stop 1428,merged_cluster,,,0
1428,22.46708444903866,-97.98859810344571,stop_left_1429,Stop 1429,merged_cluster,,,0
1429,22.464390339758346,-97.98675409462673,stop_left_1430,Stop 1430,merged_cluster,,,0
1430,22.462444556460813,-97.98516429049616,stop_left_1431,Stop 1431,merged_cluster,,,0
1431,22.460549424548823,-97.98384308702113,stop_left_1432,Stop 1432,merged_cluster,,,0
1432,22.458175231363235,-97.9822574419795,stop_left_1433,Stop 1433,merged_cluster,,,0
1433,22.456759130945457,-97.98120078594681,stop_left_1434,Stop 1434,merged_cluster,,,0
1434,22.434253302077476,-98.0747653967018,stop_left_1435,Stop 1435,merged_cluster,,,0
1435,22.435671256079445,-98.07375248681163,stop_left_1436,Stop 1436,merged_cluster,,,0
1436,22.437150975662036,-98.07257457712898,stop_left_1437,Stop 1437,merged_cluster,,,0
1437,22.439778514881183,-98.07055541225276,stop_left_1438,Stop 1438,merged_cluster,,,0
1438,22.441117037398445,-98.06941728748345,stop_left_1439,Stop 1439,merged_cluster,,,0
1439,22.44259672124384,-98.06823928481084,stop_left_1440,Stop 1440,merged_cluster,,,0
1440,22.444414178750854,-98.0667971109897,stop_left_1441,Stop 1441,merged_cluster,,,0
1441,22.446236802018348,-98.06536274553156,stop_left_1442,Stop 1442,merged_cluster,,,0
1442,22.448537567273053,-98.06390854150774,stop_left_1443,Stop 1443,merged_cluster,,,0
1443,22.450585336044362,-98.0623969631098,stop_left_1444,Stop 1444,merged_cluster,,,0
1444,22.449984692950625,-98.0606789595385,stop_left_1445,Stop 1445,merged_cluster,,,0
1445,22.449130376137248,-98.05779708811902,stop_left_1446,Stop 1446,merged_cluster,,,0
1446,22.44840284815627,-98.05549718835131,stop_left_1447,Stop 1447,merged_cluster,,,0
1447,22.447925862149837,-98.05420902472729,stop_left_1448,Stop 1448,merged_cluster,,,0
1448,22.446879081496697,-98.05092278380447,stop_left_1449,Stop 1449,merged_cluster,,,0
1449,22.446390220421208,-98.04963970405309,stop_left_1450,Stop 1450,merged_cluster,,,0
1450,22.44562235224513,-98.04735508314543,stop_left_1451,Stop 1451,merged_cluster,,,0
1451,22.44471250155872,-98.04464818034573,stop_left_1452,Stop 1452,merged_cluster,,,0
1452,22.443944564485456,-98.04236361688028,stop_left_1453,Stop 1453,merged_cluster,,,0
1453,22.44331855851436,-98.04050137817028,stop_left_1454,Stop 1454,merged_cluster,,,0
1454,22.44255056421562,-98.03821686243613,stop_left_1455,Stop 1455,merged_cluster,,,0
1455,22.441782538395486,-98.03593237300163,stop_left_1456,Stop 1456,merged_cluster,,,0
1456,22.440735394703463,-98.03264642719701,stop_left_1457,Stop 1457,merged_cluster,,,0
1457,22.440246392205907,-98.03136347304148,stop_left_1458,Stop 1458,merged_cluster,,,0
1458,22.439199157806595,-98.02807760105317,stop_left_1459,Stop 1459,merged_cluster,,,0
1459,22.43871011997528,-98.02679467830981,stop_left_1460,Stop 1460,merged_cluster,,,0
1460,22.437941936603867,-98.0245103204109,stop_left_1461,Stop 1461,merged_cluster,,,0
1461,22.436894566182985,-98.02122455917458,stop_left_1462,Stop 1462,merged_cluster,,,0
1462,22.436263460318234,-98.01951942886768,stop_left_1463,Stop 1463,merged_cluster,,,0
1463,22.43636142259332,-98.0162985444047,stop_left_1464,Stop 1464,merged_cluster,,,0
1464,22.43901493015203,-98.01592883372504,stop_left_1465,Stop 1465,merged_cluster,,,0
1465,22.441408507826495,-98.0162776535835,stop_left_1466,Stop 1466,merged_cluster,,,0
1466,22.44267762187256,-98.01603512345169,stop_left_1467,Stop 1467,merged_cluster,,,0
1467,22.4449156842157,-98.01571115820619,stop_left_1468,Stop 1468,merged_cluster,,,0
1468,22.448122693188427,-98.01530574525366,stop_left_1469,Stop 1469,merged_cluster,,,0
1469,22.45036075170575,-98.01498175207914,stop_left_1470,Stop 1470,merged_cluster,,,0
1470,22.45259880858766,-98.01465774703566,stop_left_1471,Stop 1471,merged_cluster,,,0
1471,22.45386791723748,-98.01441517856206,stop_left_1472,Stop 1472,merged_cluster,,,0
1472,22.456519679206856,-98.0140312561991,stop_left_1473,Stop 1473,merged_cluster,,,0
1473,22.45931296941815,-98.01368566067136,stop_left_1474,Stop 1474,merged_cluster,,,0
1474,22.461551019755703,-98.01336160813194,stop_left_1475,Stop 1475,merged_cluster,,,0
1475,22.463789068456496,-98.01303754371352,stop_left_1476,Stop 1476,merged_cluster,,,0
1476,22.465058171705696,-98.01279493686678,stop_left_1477,Stop 1477,merged_cluster,,,0
1477,22.46826516094679,-98.01238937923166,stop_left_1478,Stop 1478,merged_cluster,,,0
1478,22.470503204735763,-98.01206527916418,stop_left_1479,Stop 1479,merged_cluster,,,0
1479,22.472741246886923,-98.01174116720965,stop_left_1480,Stop 1480,merged_cluster,,,0
1480,22.474009303905266,-98.01149379478257,stop_left_1481,Stop 1481,merged_cluster,,,0
1481,22.476655323851784,-98.01106647010022,stop_left_1482,Stop 1482,merged_cluster,,,0
1482,22.51278758290945,-98.07278273299734,stop_left_1483,Stop 1483,merged_cluster,,,0
1483,22.543686694444755,-98.15704497555514,stop_left_1484,Stop 1484,merged_cluster,,,0
1484,22.54330019124007,-98.15466974077675,stop_left_1485,Stop 1485,merged_cluster,,,0
1485,22.54291364765211,-98.15227448902026,stop_left_1486,Stop 1486,merged_cluster,,,0
1486,22.54342393550272,-98.14957692364051,stop_left_1487,Stop 1487,merged_cluster,,,0
1487,22.54652185336116,-98.14879560165505,stop_left_1488,Stop 1488,merged_cluster,,,0
1488,22.55108148537967,-98.14707439394762,stop_left_1489,Stop 1489,merged_cluster,,,0
1489,22.548657294000783,-98.14467819212453,stop_left_1490,Stop 1490,merged_cluster,,,0
1490,22.547805267719042,-98.14372732153373,stop_left_1491,Stop 1491,merged_cluster,,,0
1491,22.545966844777595,-98.14231034419403,stop_left_1492,Stop 1492,merged_cluster,,,0
1492,22.543979017547635,-98.14076367434272,stop_left_1493,Stop 1493,merged_cluster,,,0
1493,22.54227404297704,-98.1395108197847,stop_left_1494,Stop 1494,merged_cluster,,,0
1494,22.5404276249213,-98.13811111276985,stop_left_1495,Stop 1495,merged_cluster,,,0
1495,22.538581195433043,-98.13671144254172,stop_left_1496,Stop 1496,merged_cluster,,,0
1496,22.53585953623101,-98.1347197511663,stop_left_1497,Stop 1497,merged_cluster,,,0
1497,22.534722398820048,-98.133804149643,stop_left_1498,Stop 1498,merged_cluster,,,0
1498,22.533041838406664,-98.13251265252902,stop_left_1499,Stop 1499,merged_cluster,,,0
1499,22.531030319414302,-98.13100375642716,stop_left_1500,Stop 1500,merged_cluster,,,0
1500,22.52934887662125,-98.12971364303152,stop_left_1501,Stop 1501,merged_cluster,,,0
1501,22.526627136219254,-98.12772221776532,stop_left_1502,Stop 1502,merged_cluster,,,0
1502,22.52477930941272,-98.12632492556884,stop_left_1503,Stop 1503,merged_cluster,,,0
1503,22.52285094553408,-98.12487182027054,stop_left_1504,Stop 1504,merged_cluster,,,0
1504,22.521957727621757,-98.12412376639236,stop_left_1505,Stop 1505,merged_cluster,,,0
1505,22.519232515521196,-98.1221379598751,stop_left_1506,Stop 1506,merged_cluster,,,0
1506,22.51738356155317,-98.12074237800397,stop_left_1507,Stop 1507,merged_cluster,,,0
1507,22.515456752685722,-98.11928713783198,stop_left_1508,Stop 1508,merged_cluster,,,0
1508,22.514403278288444,-98.11842222817776,stop_left_1509,Stop 1509,merged_cluster,,,0
1509,22.511836631683163,-98.11655585240275,stop_left_1510,Stop 1510,merged_cluster,,,0
1510,22.510863930568114,-98.11575050671483,stop_left_1511,Stop 1511,merged_cluster,,,0
1511,22.509014924760045,-98.11435509175512,stop_left_1512,Stop 1512,merged_cluster,,,0
1512,22.50716590763732,-98.11295971344526,stop_left_1513,Stop 1513,merged_cluster,,,0
1513,22.505152852440617,-98.11145345274966,stop_left_1514,Stop 1514,merged_cluster,,,0
1514,22.502596531562805,-98.10957116821847,stop_left_1515,Stop 1515,merged_cluster,,,0
1515,22.500748600429148,-98.10817099085013,stop_left_1516,Stop 1516,merged_cluster,,,0
1516,22.49996628783964,-98.10692255155837,stop_left_1517,Stop 1517,merged_cluster,,,0
1517,22.49895878749502,-98.10498889067367,stop_left_1518,Stop 1518,merged_cluster,,,0
1518,22.498014669469608,-98.1025511929921,stop_left_1519,Stop 1519,merged_cluster,,,0
1519,22.49739206344337,-98.0993679424267,stop_left_1520,Stop 1520,merged_cluster,,,0
1520,22.497920721888597,-98.09566118303833,stop_left_1521,Stop 1521,merged_cluster,,,0
1521,22.49822851581998,-98.093253552785,stop_left_1522,Stop 1522,merged_cluster,,,0
1522,22.498536273407407,-98.09084591322602,stop_left_1523,Stop 1523,merged_cluster,,,0
1523,22.498843994649246,-98.08843826436605,stop_left_1524,Stop 1524,merged_cluster,,,0
1524,22.499650081066637,-98.08502327910959,stop_left_1525,Stop 1525,merged_cluster,,,0
1525,22.500108229250753,-98.08379805295391,stop_left_1526,Stop 1526,merged_cluster,,,0
1526,22.500930075367513,-98.08126426068058,stop_left_1527,Stop 1527,merged_cluster,,,0
1527,22.501498966870383,-98.07917882132357,stop_left_1528,Stop 1528,merged_cluster,,,0
1528,22.501795886194344,-98.07676955770066,stop_left_1529,Stop 1529,merged_cluster,,,0
1529,22.549526922051445,-98.148111672729,stop_left_1530,Stop 1530,merged_cluster,,,0
1530,22.541311385740705,-98.13887363787356,stop_left_1531,Stop 1531,merged_cluster,,,0
1531,22.53946539316836,-98.1374732905991,stop_left_1532,Stop 1532,merged_cluster,,,0
1532,22.509906552090296,-98.11510569720332,stop_left_1533,Stop 1533,merged_cluster,,,0
1533,22.50805646264289,-98.11371195692223,stop_left_1534,Stop 1534,merged_cluster,,,0
1534,22.4984582902791,-98.10389392193568,stop_left_1535,Stop 1535,merged_cluster,,,0
1535,22.4968863070937,-98.0556178101523,stop_left_1536,Stop 1536,merged_cluster,,,0
1536,22.493255127788412,-98.04411230849692,stop_left_1537,Stop 1537,merged_cluster,,,0
1537,22.459546408053466,-97.98324333069975,stop_left_1538,Stop 1538,merged_cluster,,,0
