shape_id,shape_pt_lat,shape_pt_lon,shape_pt_sequence,shape_dist_traveled
Shape_Route_1,22.21563,-97.85418,1,0.0
Shape_Route_1,22.21246,-97.85586,2,0.391348
Shape_Route_1,22.21226,-97.85486,3,0.496783
Shape_Route_1,22.21522,-97.85327,4,0.863182
Shape_Route_1,22.21683,-97.85238,5,1.063647
Shape_Route_1,22.21716,-97.8533,6,1.165275
Shape_Route_1,22.2179,-97.85285,7,1.25942
Shape_Route_1,22.22096,-97.85128,8,1.634857
Shape_Route_1,22.22517,-97.84898,9,2.157769
Shape_Route_1,22.22901,-97.84693,10,2.632506
Shape_Route_1,22.23016,-97.84659,11,2.764556
Shape_Route_1,22.23108,-97.84677,12,2.868084
Shape_Route_1,22.23274,-97.84793,13,3.087329
Shape_Route_1,22.23381,-97.84847,14,3.218211
Shape_Route_1,22.23544,-97.84902,15,3.40736
Shape_Route_1,22.23706,-97.84977,16,3.602657
Shape_Route_1,22.23813,-97.85266,17,3.923208
Shape_Route_1,22.2389,-97.85335,18,4.034222
Shape_Route_1,22.24053,-97.85389,19,4.223064
Shape_Route_1,22.24282,-97.85532,20,4.516312
Shape_Route_1,22.24566,-97.85528,21,4.83075
Shape_Route_1,22.24728,-97.85505,22,5.011658
Shape_Route_1,22.24815,-97.85464,23,5.116835
Shape_Route_1,22.2504,-97.85487,24,5.367054
Shape_Route_1,22.25132,-97.85443,25,5.478543
Shape_Route_1,22.25352,-97.85358,26,5.737375
Shape_Route_1,22.25574,-97.85265,27,6.001174
Shape_Route_1,22.25832,-97.85171,28,6.302781
Shape_Route_1,22.2637,-97.84973,29,6.932373
Shape_Route_1,22.26972,-97.84752,30,7.636673
Shape_Route_1,22.27272,-97.85072,31,8.104681
Shape_Route_1,22.27353,-97.85377,32,8.431496
Shape_Route_1,22.27472,-97.8549,33,8.607317
Shape_Route_1,22.27671,-97.85621,34,8.86569
Shape_Route_1,22.27808,-97.85898,35,9.188898
Shape_Route_1,22.28127,-97.86291,36,9.726195
Shape_Route_1,22.28424,-97.86517,37,10.1291
Shape_Route_1,22.28583,-97.86712,38,10.396215
Shape_Route_1,22.28684,-97.86843,39,10.571484
Shape_Route_1,22.28978,-97.87065,40,10.969294
Shape_Route_1,22.28964,-97.87135,41,11.04306
Shape_Route_1,22.28973,-97.87188,42,11.098566
Shape_Route_1,22.29118,-97.87325,43,11.312321
Shape_Route_1,22.29727,-97.87707,44,12.092991
Shape_Route_1,22.30387,-97.88116,45,12.936448
Shape_Route_1,22.30489,-97.8816,46,13.058128
Shape_Route_1,22.30675,-97.88166,47,13.264138
Shape_Route_1,22.31606,-97.8786,48,14.341956
Shape_Route_1,22.31605,-97.8789,49,14.372878
Shape_Route_1,22.30663,-97.88181,50,15.457978
Shape_Route_1,22.30489,-97.88179,51,15.650622
Shape_Route_1,22.30442,-97.88852,52,16.345867
Shape_Route_1,22.30896,-97.88766,53,16.85623
Shape_Route_1,22.3112,-97.88723,54,17.108141
Shape_Route_1,22.31112,-97.89003,55,17.396707
Shape_Route_1,22.31548,-97.889,56,17.890918
Shape_Route_1,22.31596,-97.88883,57,17.946869
Shape_Route_1,22.31615,-97.8889,58,17.969105
Shape_Route_1,22.3164,-97.88872,59,18.002419
Shape_Route_1,22.31755,-97.88892,60,18.131389
Shape_Route_1,22.3164,-97.88872,61,18.26036
Shape_Route_1,22.31615,-97.8889,62,18.293673
Shape_Route_1,22.31596,-97.88883,63,18.315909
Shape_Route_1,22.31548,-97.889,64,18.37186
Shape_Route_1,22.31112,-97.89003,65,18.866071
Shape_Route_1,22.3112,-97.88723,66,19.154637
Shape_Route_1,22.30896,-97.88766,67,19.406548
Shape_Route_1,22.30468,-97.88871,68,19.892568
Shape_Route_1,22.30534,-97.89123,69,20.162253
Shape_Route_1,22.30398,-97.88942,70,20.401911
Shape_Route_1,22.30433,-97.88914,71,20.450216
Shape_Route_1,22.30421,-97.88878,72,20.48961
Shape_Route_1,22.30447,-97.8887,73,20.51955
Shape_Route_1,22.30494,-97.88162,74,21.250755
Shape_Route_1,22.30655,-97.88157,75,21.42907
Shape_Route_1,22.31058,-97.88031,76,21.893721
Shape_Route_1,22.3161,-97.87861,77,22.529427
Shape_Route_1,22.3161,-97.87881,78,22.550029
Shape_Route_1,22.31054,-97.8805,79,23.189711
Shape_Route_1,22.30663,-97.8819,80,23.645973
Shape_Route_1,22.30486,-97.88181,81,23.842146
Shape_Route_1,22.30381,-97.88132,82,23.968877
Shape_Route_1,22.30149,-97.87981,83,24.269153
Shape_Route_1,22.29727,-97.87707,84,24.814996
Shape_Route_1,22.29115,-97.87333,85,25.59443
Shape_Route_1,22.28991,-97.87309,86,25.733917
Shape_Route_1,22.28927,-97.87253,87,25.82529
Shape_Route_1,22.28861,-97.87133,88,25.9689
Shape_Route_1,22.28802,-97.87035,89,26.089154
Shape_Route_1,22.28675,-97.86855,90,26.321878
Shape_Route_1,22.28583,-97.86712,91,26.500989
Shape_Route_1,22.28424,-97.86517,92,26.768103
Shape_Route_1,22.28127,-97.86291,93,27.171009
Shape_Route_1,22.27808,-97.85898,94,27.708306
Shape_Route_1,22.27627,-97.85716,95,27.98275
Shape_Route_1,22.27444,-97.85501,96,28.282953
Shape_Route_1,22.27353,-97.85377,97,28.445662
Shape_Route_1,22.27272,-97.85072,98,28.772477
Shape_Route_1,22.26972,-97.84752,99,29.240485
Shape_Route_1,22.2637,-97.84973,100,29.944785
Shape_Route_1,22.25709,-97.85222,101,30.720252
Shape_Route_1,22.25352,-97.85358,102,31.139595
Shape_Route_1,22.25132,-97.85443,103,31.398427
Shape_Route_1,22.2504,-97.85487,104,31.509917
Shape_Route_1,22.24815,-97.85464,105,31.760136
Shape_Route_1,22.24728,-97.85505,106,31.865313
Shape_Route_1,22.24566,-97.85528,107,32.04622
Shape_Route_1,22.24282,-97.85532,108,32.360659
Shape_Route_1,22.24053,-97.85389,109,32.653907
Shape_Route_1,22.2389,-97.85335,110,32.842749
Shape_Route_1,22.23813,-97.85266,111,32.953763
Shape_Route_1,22.23706,-97.84977,112,33.274314
Shape_Route_1,22.23381,-97.84847,113,33.658255
Shape_Route_1,22.23274,-97.84793,114,33.789136
Shape_Route_1,22.23108,-97.84677,115,34.008382
Shape_Route_1,22.23016,-97.84659,116,34.111909
Shape_Route_1,22.22901,-97.84693,117,34.243959
Shape_Route_1,22.22517,-97.84898,118,34.718696
Shape_Route_1,22.22096,-97.85128,119,35.241608
Shape_Route_1,22.2179,-97.85285,120,35.617046
Shape_Route_1,22.21716,-97.8533,121,35.71119
Shape_Route_1,22.21683,-97.85238,122,35.812818
Shape_Route_1,22.21522,-97.85327,123,36.013283
Shape_Route_1,22.21226,-97.85486,124,36.379682
Shape_Route_1,22.21246,-97.85586,125,36.485118
Shape_Route_2,22.33679,-97.8841,1,0.0
Shape_Route_2,22.33797,-97.88331,2,0.153902
Shape_Route_2,22.3381,-97.88357,3,0.184302
Shape_Route_2,22.33825,-97.88487,4,0.319217
Shape_Route_2,22.3382,-97.88507,5,0.340546
Shape_Route_2,22.33591,-97.88668,6,0.64348
Shape_Route_2,22.33566,-97.88668,7,0.671157
Shape_Route_2,22.33556,-97.88649,8,0.69364
Shape_Route_2,22.33542,-97.8852,9,0.827402
Shape_Route_2,22.33543,-97.88507,10,0.840837
Shape_Route_2,22.33671,-97.88416,11,1.010734
Shape_Route_2,22.335,-97.883,12,1.234592
Shape_Route_2,22.33586,-97.88149,13,1.416941
Shape_Route_2,22.33469,-97.88135,14,1.54727
Shape_Route_2,22.33474,-97.87936,15,1.752303
Shape_Route_2,22.33309,-97.87932,16,1.935018
Shape_Route_2,22.33303,-97.88134,17,2.143174
Shape_Route_2,22.3297,-97.88117,18,2.51225
Shape_Route_2,22.32979,-97.878,19,2.838904
Shape_Route_2,22.32945,-97.8746,20,3.191113
Shape_Route_2,22.32591,-97.87573,21,3.599939
Shape_Route_2,22.32115,-97.87729,22,4.150866
Shape_Route_2,22.31765,-97.87833,23,4.552882
Shape_Route_2,22.31493,-97.87916,24,4.865911
Shape_Route_2,22.31133,-97.8803,25,5.281401
Shape_Route_2,22.30935,-97.88099,26,5.51184
Shape_Route_2,22.30667,-97.8818,27,5.820048
Shape_Route_2,22.30504,-97.88185,28,6.000576
Shape_Route_2,22.30356,-97.88128,29,6.174628
Shape_Route_2,22.30137,-97.87977,30,6.462691
Shape_Route_2,22.29951,-97.87865,31,6.698731
Shape_Route_2,22.29616,-97.87655,32,7.128092
Shape_Route_2,22.29204,-97.87388,33,7.660736
Shape_Route_2,22.29109,-97.87335,34,7.779239
Shape_Route_2,22.29017,-97.87314,35,7.883363
Shape_Route_2,22.28956,-97.87285,36,7.957209
Shape_Route_2,22.28799,-97.87308,37,8.132629
Shape_Route_2,22.28652,-97.87363,38,8.304954
Shape_Route_2,22.28465,-97.87394,39,8.514428
Shape_Route_2,22.28362,-97.87351,40,8.636761
Shape_Route_2,22.28247,-97.87295,41,8.77654
Shape_Route_2,22.27949,-97.87308,42,9.106722
Shape_Route_2,22.27762,-97.87338,43,9.316041
Shape_Route_2,22.2726,-97.87473,44,9.888939
Shape_Route_2,22.27103,-97.87406,45,10.07596
Shape_Route_2,22.26934,-97.87372,46,10.266308
Shape_Route_2,22.26745,-97.87385,47,10.475975
Shape_Route_2,22.26551,-97.87454,48,10.702211
Shape_Route_2,22.26177,-97.87569,49,11.132883
Shape_Route_2,22.25832,-97.87647,50,11.523191
Shape_Route_2,22.25665,-97.87668,51,11.709336
Shape_Route_2,22.25447,-97.87638,52,11.952651
Shape_Route_2,22.25065,-97.87509,53,12.395957
Shape_Route_2,22.24668,-97.87329,54,12.873011
Shape_Route_2,22.2437,-97.87175,55,13.239111
Shape_Route_2,22.24072,-97.87046,56,13.594801
Shape_Route_2,22.23715,-97.86892,57,14.020707
Shape_Route_2,22.23322,-97.86737,58,14.484191
Shape_Route_2,22.22817,-97.86527,59,15.083703
Shape_Route_2,22.22523,-97.86424,60,15.426061
Shape_Route_2,22.22299,-97.86339,61,15.689068
Shape_Route_2,22.22159,-97.86322,62,15.845046
Shape_Route_2,22.21925,-97.85782,63,16.458999
Shape_Route_2,22.21723,-97.85331,64,16.974881
Shape_Route_2,22.21404,-97.85505,65,17.370976
Shape_Route_2,22.21299,-97.85276,66,17.634106
Shape_Route_2,22.21092,-97.8482,67,18.157058
Shape_Route_2,22.21048,-97.84842,68,18.21079
Shape_Route_2,22.20996,-97.84902,69,18.295287
Shape_Route_2,22.20987,-97.84982,70,18.378356
Shape_Route_2,22.21008,-97.85085,71,18.48705
Shape_Route_2,22.21237,-97.85697,72,19.166964
Shape_Route_2,22.21331,-97.85649,73,19.282194
Shape_Route_2,22.21369,-97.85619,74,19.334406
Shape_Route_2,22.21327,-97.85544,75,19.424624
Shape_Route_2,22.21291,-97.8546,76,19.519946
Shape_Route_2,22.21368,-97.85416,77,19.616507
Shape_Route_2,22.21601,-97.85286,78,19.907189
Shape_Route_2,22.21753,-97.85635,79,20.304352
Shape_Route_2,22.21916,-97.85541,80,20.509175
Shape_Route_2,22.2207,-97.85887,81,20.904482
Shape_Route_2,22.22248,-97.86291,82,21.365186
Shape_Route_2,22.2226,-97.8633,83,21.407524
Shape_Route_2,22.22299,-97.86339,84,21.451685
Shape_Route_2,22.22523,-97.86424,85,21.714693
Shape_Route_2,22.22944,-97.86578,86,22.207061
Shape_Route_2,22.23298,-97.86724,87,22.626864
Shape_Route_2,22.23651,-97.86857,88,23.041007
Shape_Route_2,22.24072,-97.87046,89,23.546155
Shape_Route_2,22.24561,-97.87273,90,24.135904
Shape_Route_2,22.2466,-97.87325,91,24.257905
Shape_Route_2,22.24867,-97.87441,92,24.516378
Shape_Route_2,22.25065,-97.87509,93,24.746509
Shape_Route_2,22.25447,-97.87638,94,25.189815
Shape_Route_2,22.25649,-97.8766,95,25.414591
Shape_Route_2,22.25832,-97.87647,96,25.617629
Shape_Route_2,22.26154,-97.87565,97,25.983986
Shape_Route_2,22.26515,-97.87462,98,26.397495
Shape_Route_2,22.26722,-97.87381,99,26.641387
Shape_Route_2,22.26934,-97.87372,100,26.876271
Shape_Route_2,22.27095,-97.87411,101,27.058985
Shape_Route_2,22.2726,-97.87473,102,27.252503
Shape_Route_2,22.27571,-97.87389,103,27.607517
Shape_Route_2,22.2781,-97.87316,104,27.882593
Shape_Route_2,22.27949,-97.87308,105,28.036698
Shape_Route_2,22.28262,-97.87286,106,28.383956
Shape_Route_2,22.28405,-97.87372,107,28.565378
Shape_Route_2,22.28485,-97.87402,108,28.659184
Shape_Route_2,22.28652,-97.87363,109,28.848382
Shape_Route_2,22.28799,-97.87308,110,29.020707
Shape_Route_2,22.28922,-97.87207,111,29.192086
Shape_Route_2,22.28957,-97.87196,112,29.232457
Shape_Route_2,22.29021,-97.8723,113,29.311496
Shape_Route_2,22.29108,-97.87325,114,29.448815
Shape_Route_2,22.29204,-97.87388,115,29.573347
Shape_Route_2,22.29616,-97.87655,116,30.105991
Shape_Route_2,22.29951,-97.87865,117,30.535352
Shape_Route_2,22.30356,-97.88128,118,31.059224
Shape_Route_2,22.30504,-97.88185,119,31.233276
Shape_Route_2,22.30667,-97.8818,120,31.413804
Shape_Route_2,22.30935,-97.88099,121,31.722012
Shape_Route_2,22.31133,-97.8803,122,31.952451
Shape_Route_2,22.31493,-97.87916,123,32.367941
Shape_Route_2,22.31765,-97.87833,124,32.68097
Shape_Route_2,22.32115,-97.87729,125,33.082986
Shape_Route_2,22.32591,-97.87573,126,33.633913
Shape_Route_2,22.32945,-97.8746,127,34.042739
Shape_Route_2,22.32979,-97.878,128,34.394948
Shape_Route_2,22.3297,-97.88117,129,34.721602
Shape_Route_2,22.33303,-97.88134,130,35.090678
Shape_Route_2,22.33309,-97.87932,131,35.298834
Shape_Route_2,22.33474,-97.87936,132,35.481549
Shape_Route_2,22.33469,-97.88135,133,35.686582
Shape_Route_2,22.33586,-97.88149,134,35.816911
Shape_Route_2,22.335,-97.883,135,35.99926
Shape_Route_2,22.33671,-97.88416,136,36.223118
Shape_Route_2,22.33543,-97.88507,137,36.393015
Shape_Route_2,22.33542,-97.8852,138,36.40645
Shape_Route_2,22.33556,-97.88649,139,36.540212
Shape_Route_2,22.33566,-97.88668,140,36.562695
Shape_Route_2,22.33591,-97.88668,141,36.590372
Shape_Route_2,22.3382,-97.88507,142,36.893306
Shape_Route_2,22.33825,-97.88487,143,36.914635
Shape_Route_2,22.3381,-97.88357,144,37.04955
Shape_Route_2,22.33797,-97.88331,145,37.07995
Shape_Route_3,22.33674,-97.88404,1,0.0
Shape_Route_3,22.33801,-97.88325,2,0.162445
Shape_Route_3,22.33807,-97.88353,3,0.192038
Shape_Route_3,22.33823,-97.88492,4,0.336287
Shape_Route_3,22.33809,-97.88518,5,0.367227
Shape_Route_3,22.33577,-97.88668,6,0.666952
Shape_Route_3,22.33551,-97.88653,7,0.69962
Shape_Route_3,22.33539,-97.88501,8,0.856732
Shape_Route_3,22.33673,-97.88416,9,1.028987
Shape_Route_3,22.33503,-97.88299,10,1.252463
Shape_Route_3,22.33582,-97.88156,11,1.423754
Shape_Route_3,22.33672,-97.87973,12,1.636947
Shape_Route_3,22.33751,-97.877,13,1.931404
Shape_Route_3,22.33777,-97.87509,14,2.130213
Shape_Route_3,22.33728,-97.87402,15,2.253042
Shape_Route_3,22.33658,-97.87336,16,2.356126
Shape_Route_3,22.33384,-97.87333,17,2.659484
Shape_Route_3,22.33121,-97.87402,18,2.959196
Shape_Route_3,22.33131,-97.87372,19,2.992019
Shape_Route_3,22.32735,-97.87252,20,3.447515
Shape_Route_3,22.32634,-97.87213,21,3.566328
Shape_Route_3,22.32354,-97.87003,22,3.944319
Shape_Route_3,22.31671,-97.86844,23,4.717994
Shape_Route_3,22.31414,-97.8686,24,5.002993
Shape_Route_3,22.31022,-97.86884,25,5.437675
Shape_Route_3,22.31023,-97.86411,26,5.924924
Shape_Route_3,22.30833,-97.86378,27,6.138
Shape_Route_3,22.30785,-97.8639,28,6.192559
Shape_Route_3,22.30601,-97.8636,29,6.398595
Shape_Route_3,22.30321,-97.86247,30,6.729716
Shape_Route_3,22.30497,-97.85758,31,7.269839
Shape_Route_3,22.29859,-97.85501,32,8.024153
Shape_Route_3,22.29253,-97.8525,33,8.74316
Shape_Route_3,22.28691,-97.85033,34,9.404294
Shape_Route_3,22.28112,-97.84793,35,10.091341
Shape_Route_3,22.27431,-97.84526,36,10.893895
Shape_Route_3,22.26961,-97.84325,37,11.453932
Shape_Route_3,22.26949,-97.84351,38,11.483836
Shape_Route_3,22.26404,-97.84131,39,12.128383
Shape_Route_3,22.2638,-97.84171,40,12.177423
Shape_Route_3,22.26033,-97.84292,41,12.581312
Shape_Route_3,22.25977,-97.84313,42,12.646978
Shape_Route_3,22.25885,-97.84372,43,12.765597
Shape_Route_3,22.25347,-97.8384,44,13.575117
Shape_Route_3,22.25291,-97.83912,45,13.671808
Shape_Route_3,22.25109,-97.83727,46,13.949201
Shape_Route_3,22.25025,-97.83808,47,14.074167
Shape_Route_3,22.24945,-97.83857,48,14.176119
Shape_Route_3,22.24904,-97.83777,49,14.270234
Shape_Route_3,22.24978,-97.83735,50,14.36289
Shape_Route_3,22.25047,-97.83668,51,14.465861
Shape_Route_3,22.24987,-97.83609,52,14.555914
Shape_Route_3,22.2496,-97.83578,53,14.599665
Shape_Route_3,22.24964,-97.8356,54,14.618736
Shape_Route_3,22.24956,-97.83544,55,14.637454
Shape_Route_3,22.24944,-97.83533,56,14.654918
Shape_Route_3,22.24951,-97.83523,57,14.667812
Shape_Route_3,22.25028,-97.83554,58,14.758848
Shape_Route_3,22.25083,-97.83579,59,14.824965
Shape_Route_3,22.25093,-97.83592,60,14.842344
Shape_Route_3,22.25347,-97.8384,61,15.222337
Shape_Route_3,22.25165,-97.83662,62,15.494822
Shape_Route_3,22.25093,-97.83592,63,15.602329
Shape_Route_3,22.25083,-97.8358,64,15.618927
Shape_Route_3,22.25028,-97.83554,65,15.685452
Shape_Route_3,22.24952,-97.83524,66,15.775092
Shape_Route_3,22.24943,-97.83535,67,15.790184
Shape_Route_3,22.24958,-97.83547,68,15.81089
Shape_Route_3,22.24964,-97.83561,69,15.826773
Shape_Route_3,22.24963,-97.8357,70,15.836114
Shape_Route_3,22.2496,-97.83578,71,15.845003
Shape_Route_3,22.24987,-97.83609,72,15.888754
Shape_Route_3,22.25047,-97.83668,73,15.978806
Shape_Route_3,22.25103,-97.83602,74,16.070839
Shape_Route_3,22.25164,-97.83665,75,16.164519
Shape_Route_3,22.25524,-97.84014,76,16.701362
Shape_Route_3,22.25709,-97.84196,77,16.979075
Shape_Route_3,22.25885,-97.84372,78,17.245272
Shape_Route_3,22.25977,-97.84313,79,17.363891
Shape_Route_3,22.26033,-97.84292,80,17.429557
Shape_Route_3,22.26384,-97.8416,81,17.841265
Shape_Route_3,22.26358,-97.8412,82,17.891539
Shape_Route_3,22.26884,-97.84334,83,18.514223
Shape_Route_3,22.2744,-97.84553,84,19.169826
Shape_Route_3,22.28171,-97.84862,85,20.039485
Shape_Route_3,22.28715,-97.85085,86,20.684081
Shape_Route_3,22.29222,-97.85295,87,21.285631
Shape_Route_3,22.29253,-97.8525,88,21.343313
Shape_Route_3,22.29851,-97.85497,89,22.052574
Shape_Route_3,22.30497,-97.85758,90,22.816629
Shape_Route_3,22.30321,-97.86247,91,23.356751
Shape_Route_3,22.30601,-97.8636,92,23.687873
Shape_Route_3,22.30785,-97.8639,93,23.893908
Shape_Route_3,22.30833,-97.86378,94,23.948467
Shape_Route_3,22.31023,-97.86411,95,24.161543
Shape_Route_3,22.31022,-97.86884,96,24.648792
Shape_Route_3,22.31414,-97.8686,97,25.083474
Shape_Route_3,22.31671,-97.86844,98,25.368473
Shape_Route_3,22.31999,-97.86921,99,25.740159
Shape_Route_3,22.32354,-97.87003,100,26.142149
Shape_Route_3,22.32634,-97.87213,101,26.520141
Shape_Route_3,22.32735,-97.87252,102,26.638953
Shape_Route_3,22.33131,-97.87372,103,27.09445
Shape_Route_3,22.33121,-97.87402,104,27.127272
Shape_Route_3,22.33384,-97.87333,105,27.426984
Shape_Route_3,22.33658,-97.87336,106,27.730342
Shape_Route_3,22.33728,-97.87402,107,27.833426
Shape_Route_3,22.33777,-97.87509,108,27.956256
Shape_Route_3,22.33751,-97.877,109,28.155065
Shape_Route_3,22.33672,-97.87973,110,28.449522
Shape_Route_3,22.33582,-97.88156,111,28.662714
Shape_Route_3,22.33503,-97.88299,112,28.834006
Shape_Route_3,22.33673,-97.88416,113,29.057482
Shape_Route_3,22.33539,-97.88501,114,29.229736
Shape_Route_3,22.33551,-97.88653,115,29.386848
Shape_Route_3,22.33577,-97.88668,116,29.419516
Shape_Route_3,22.33809,-97.88518,117,29.719242
Shape_Route_3,22.33823,-97.88492,118,29.750181
Shape_Route_3,22.33807,-97.88353,119,29.894431
Shape_Route_3,22.33801,-97.88325,120,29.924024
Shape_Route_9,22.32856,-97.84739,1,0.0
Shape_Route_9,22.3263,-97.84664,2,0.261858
Shape_Route_9,22.32544,-97.84906,3,0.528686
Shape_Route_9,22.32432,-97.85084,4,0.750022
Shape_Route_9,22.32213,-97.85534,5,1.273117
Shape_Route_9,22.32191,-97.85546,6,1.30043
Shape_Route_9,22.32191,-97.85569,7,1.324121
Shape_Route_9,22.31746,-97.85253,8,1.914595
Shape_Route_9,22.31729,-97.8524,9,1.937693
Shape_Route_9,22.30617,-97.84868,10,3.227043
Shape_Route_9,22.3057,-97.84898,11,3.287562
Shape_Route_9,22.30517,-97.84884,12,3.347985
Shape_Route_9,22.30443,-97.84853,13,3.435914
Shape_Route_9,22.30502,-97.84689,14,3.617049
Shape_Route_9,22.30347,-97.84622,15,3.802009
Shape_Route_9,22.30349,-97.84601,16,3.823756
Shape_Route_9,22.30078,-97.84593,17,4.123892
Shape_Route_9,22.30083,-97.84443,18,4.27852
Shape_Route_9,22.30078,-97.84426,19,4.296888
Shape_Route_9,22.29659,-97.84467,20,4.762679
Shape_Route_9,22.29627,-97.84476,21,4.799299
Shape_Route_9,22.29623,-97.84488,22,4.812431
Shape_Route_9,22.29619,-97.84544,23,4.870294
Shape_Route_9,22.29484,-97.84533,24,5.020181
Shape_Route_9,22.29471,-97.84701,25,5.193859
Shape_Route_9,22.29193,-97.84674,26,5.502885
Shape_Route_9,22.29224,-97.84275,27,5.915389
Shape_Route_9,22.2908,-97.84262,28,6.075373
Shape_Route_9,22.28821,-97.84232,29,6.363771
Shape_Route_9,22.28499,-97.84366,30,6.746055
Shape_Route_9,22.28718,-97.85044,31,7.485482
Shape_Route_9,22.28701,-97.85082,32,7.528922
Shape_Route_9,22.27956,-97.84769,33,8.41451
Shape_Route_9,22.27236,-97.8505,34,9.262571
Shape_Route_9,22.27041,-97.85122,35,9.490845
Shape_Route_9,22.26827,-97.85209,36,9.744156
Shape_Route_9,22.26873,-97.85383,37,9.930543
Shape_Route_9,22.26739,-97.85514,38,10.131115
Shape_Route_9,22.26575,-97.85595,39,10.330943
Shape_Route_9,22.26467,-97.85274,40,10.682666
Shape_Route_9,22.25724,-97.85565,41,11.558186
Shape_Route_9,22.25727,-97.85692,42,11.689103
Shape_Route_9,22.25564,-97.85782,43,11.891997
Shape_Route_9,22.2552,-97.85804,44,11.945726
Shape_Route_9,22.25215,-97.85825,45,12.28408
Shape_Route_9,22.25069,-97.86334,46,12.83297
Shape_Route_9,22.25275,-97.86326,47,13.061178
Shape_Route_9,22.2532,-97.86557,48,13.30439
Shape_Route_9,22.25198,-97.86629,49,13.458493
Shape_Route_9,22.2508,-97.86688,50,13.602585
Shape_Route_9,22.25005,-97.86709,51,13.688391
Shape_Route_9,22.24939,-97.8672,52,13.762332
Shape_Route_9,22.24706,-97.86765,53,14.024417
Shape_Route_9,22.24553,-97.8672,54,14.200035
Shape_Route_9,22.24441,-97.867,55,14.325729
Shape_Route_9,22.24356,-97.867,56,14.419831
Shape_Route_9,22.24285,-97.86707,57,14.498764
Shape_Route_9,22.23776,-97.8664,58,15.066482
Shape_Route_9,22.23337,-97.86505,59,15.572015
Shape_Route_9,22.22988,-97.86409,60,15.970854
Shape_Route_9,22.22795,-97.8647,61,16.193579
Shape_Route_9,22.22766,-97.8639,62,16.282067
Shape_Route_9,22.22684,-97.86428,63,16.380936
Shape_Route_9,22.22432,-97.8583,64,17.057517
Shape_Route_9,22.22191,-97.85944,65,17.349053
Shape_Route_9,22.22031,-97.85585,66,17.759312
Shape_Route_9,22.21399,-97.85923,67,18.540935
Shape_Route_9,22.21246,-97.8558,68,18.93299
Shape_Route_9,22.21286,-97.85663,69,19.02933
Shape_Route_9,22.21681,-97.85456,70,19.515909
Shape_Route_9,22.22061,-97.86323,71,20.503673
Shape_Route_9,22.22101,-97.86321,72,20.548004
Shape_Route_9,22.22283,-97.86327,73,20.749587
Shape_Route_9,22.22408,-97.86359,74,20.891849
Shape_Route_9,22.22612,-97.86259,75,21.140102
Shape_Route_9,22.22871,-97.86137,76,21.453198
Shape_Route_9,22.22899,-97.8618,77,21.507283
Shape_Route_9,22.22934,-97.86271,78,21.608767
Shape_Route_9,22.22962,-97.86266,79,21.640191
Shape_Route_9,22.22993,-97.8625,80,21.678267
Shape_Route_9,22.23347,-97.86357,81,22.085395
Shape_Route_9,22.23377,-97.86342,82,22.122029
Shape_Route_9,22.24895,-97.86381,83,23.803057
Shape_Route_9,22.25062,-97.86356,84,23.989726
Shape_Route_9,22.25069,-97.86334,85,24.013687
Shape_Route_9,22.25062,-97.86356,86,24.037647
Shape_Route_9,22.24895,-97.86381,87,24.224316
Shape_Route_9,22.23377,-97.86342,88,25.905344
Shape_Route_9,22.23312,-97.86346,89,25.977422
Shape_Route_9,22.22993,-97.8625,90,26.34418
Shape_Route_9,22.22962,-97.86266,91,26.382256
Shape_Route_9,22.22934,-97.86271,92,26.41368
Shape_Route_9,22.22899,-97.8618,93,26.515164
Shape_Route_9,22.22871,-97.86137,94,26.569249
Shape_Route_9,22.22612,-97.86259,95,26.882345
Shape_Route_9,22.22408,-97.86359,96,27.130598
Shape_Route_9,22.22283,-97.86327,97,27.27286
Shape_Route_9,22.22101,-97.86321,98,27.474443
Shape_Route_9,22.22061,-97.86323,99,27.518774
Shape_Route_9,22.21681,-97.85456,100,28.506538
Shape_Route_9,22.21286,-97.85663,101,28.993117
Shape_Route_9,22.21683,-97.85456,102,29.481687
Shape_Route_9,22.22054,-97.86318,103,30.460568
Shape_Route_9,22.22281,-97.86321,104,30.711893
Shape_Route_9,22.22414,-97.86355,105,30.863248
Shape_Route_9,22.22849,-97.86158,106,31.385886
Shape_Route_9,22.22928,-97.86256,107,31.519498
Shape_Route_9,22.23302,-97.86338,108,31.942083
Shape_Route_9,22.24893,-97.86385,109,33.704114
Shape_Route_9,22.25069,-97.86334,110,33.905924
Shape_Route_9,22.25215,-97.85825,111,34.454815
Shape_Route_9,22.2552,-97.85804,112,34.793168
Shape_Route_9,22.25564,-97.85782,113,34.846897
Shape_Route_9,22.25727,-97.85692,114,35.049791
Shape_Route_9,22.25724,-97.85565,115,35.180708
Shape_Route_9,22.26467,-97.85274,116,36.056229
Shape_Route_9,22.26575,-97.85595,117,36.407951
Shape_Route_9,22.26739,-97.85514,118,36.60778
Shape_Route_9,22.26873,-97.85383,119,36.808351
Shape_Route_9,22.26827,-97.85209,120,36.994739
Shape_Route_9,22.27041,-97.85122,121,37.248049
Shape_Route_9,22.27236,-97.8505,122,37.476324
Shape_Route_9,22.27956,-97.84769,123,38.324384
Shape_Route_9,22.28701,-97.85082,124,39.209973
Shape_Route_9,22.28718,-97.85044,125,39.253413
Shape_Route_9,22.28499,-97.84366,126,39.992839
Shape_Route_9,22.28821,-97.84232,127,40.375124
Shape_Route_9,22.2908,-97.84262,128,40.663522
Shape_Route_9,22.29224,-97.84275,129,40.823505
Shape_Route_9,22.29193,-97.84674,130,41.236009
Shape_Route_9,22.29471,-97.84701,131,41.545036
Shape_Route_9,22.29484,-97.84533,132,41.718714
Shape_Route_9,22.29619,-97.84544,133,41.8686
Shape_Route_9,22.29623,-97.84488,134,41.926463
Shape_Route_9,22.29627,-97.84476,135,41.939595
Shape_Route_9,22.29659,-97.84467,136,41.976215
Shape_Route_9,22.30078,-97.84426,137,42.442007
Shape_Route_9,22.30083,-97.84443,138,42.460374
Shape_Route_9,22.30078,-97.84593,139,42.615003
Shape_Route_9,22.30349,-97.84601,140,42.915139
Shape_Route_9,22.30347,-97.84622,141,42.936885
Shape_Route_9,22.30502,-97.84689,142,43.121846
Shape_Route_9,22.30443,-97.84853,143,43.30298
Shape_Route_9,22.30517,-97.84884,144,43.39091
Shape_Route_9,22.3057,-97.84898,145,43.451332
Shape_Route_9,22.30617,-97.84868,146,43.511851
Shape_Route_9,22.31729,-97.8524,147,44.801201
Shape_Route_9,22.31746,-97.85253,148,44.8243
Shape_Route_9,22.32191,-97.85569,149,45.414774
Shape_Route_9,22.32191,-97.85546,150,45.438464
Shape_Route_9,22.32213,-97.85534,151,45.465777
Shape_Route_9,22.32432,-97.85084,152,45.988873
Shape_Route_9,22.32544,-97.84906,153,46.210209
Shape_Route_9,22.3263,-97.84664,154,46.477036
Shape_Route_4,22.32497,-97.89982,1,0.0
Shape_Route_4,22.32549,-97.89982,2,0.057568
Shape_Route_4,22.32443,-97.8943,3,0.638115
Shape_Route_4,22.32174,-97.89512,4,0.947665
Shape_Route_4,22.31956,-97.89574,5,1.197315
Shape_Route_4,22.31854,-97.89622,6,1.320587
Shape_Route_4,22.31823,-97.89622,7,1.354906
Shape_Route_4,22.31829,-97.8959,8,1.388531
Shape_Route_4,22.31713,-97.89537,9,1.528074
Shape_Route_4,22.31724,-97.8949,10,1.577996
Shape_Route_4,22.3167,-97.89275,11,1.807386
Shape_Route_4,22.31598,-97.8887,12,2.232111
Shape_Route_4,22.31741,-97.8866,13,2.500169
Shape_Route_4,22.31784,-97.88559,14,2.614579
Shape_Route_4,22.31719,-97.88567,15,2.68701
Shape_Route_4,22.31122,-97.88738,16,3.371008
Shape_Route_4,22.31113,-97.89087,17,3.730653
Shape_Route_4,22.31213,-97.8902,18,3.861113
Shape_Route_4,22.31187,-97.88987,19,3.905656
Shape_Route_4,22.31111,-97.89,20,3.990853
Shape_Route_4,22.3111,-97.8887,21,4.124771
Shape_Route_4,22.31122,-97.88738,22,4.261393
Shape_Route_4,22.3112,-97.88387,23,4.622968
Shape_Route_4,22.31125,-97.88211,24,4.804352
Shape_Route_4,22.31298,-97.88222,25,4.996212
Shape_Route_4,22.31323,-97.87962,26,5.265464
Shape_Route_4,22.30978,-97.88088,27,5.668859
Shape_Route_4,22.30646,-97.88181,28,6.048691
Shape_Route_4,22.30491,-97.88177,29,6.220338
Shape_Route_4,22.30347,-97.8812,30,6.390228
Shape_Route_4,22.30122,-97.87978,31,6.6791
Shape_Route_4,22.29747,-97.87739,32,7.161777
Shape_Route_4,22.29526,-97.87596,33,7.447373
Shape_Route_4,22.29289,-97.87443,34,7.753459
Shape_Route_4,22.29123,-97.87337,35,7.967234
Shape_Route_4,22.2899,-97.87313,36,8.116538
Shape_Route_4,22.28871,-97.87298,37,8.249184
Shape_Route_4,22.28788,-97.87313,38,8.342362
Shape_Route_4,22.28646,-97.87362,39,8.507475
Shape_Route_4,22.2852,-97.87407,40,8.654471
Shape_Route_4,22.28393,-97.87389,41,8.796288
Shape_Route_4,22.28242,-97.87307,42,8.983594
Shape_Route_4,22.27913,-97.87316,43,9.347942
Shape_Route_4,22.2769,-97.87354,44,9.597907
Shape_Route_4,22.27266,-97.87475,45,10.083585
Shape_Route_4,22.26972,-97.87376,46,10.424677
Shape_Route_4,22.26614,-97.87402,47,10.821917
Shape_Route_4,22.25951,-97.8763,48,11.592596
Shape_Route_4,22.25578,-97.87662,49,12.006851
Shape_Route_4,22.24954,-97.87462,50,12.727758
Shape_Route_4,22.24646,-97.87319,51,13.099223
Shape_Route_4,22.24879,-97.86857,52,13.640735
Shape_Route_4,22.24982,-97.86632,53,13.899134
Shape_Route_4,22.25139,-97.86121,54,14.453692
Shape_Route_4,22.25465,-97.84997,55,15.666947
Shape_Route_4,22.24706,-97.83585,56,17.34729
Shape_Route_4,22.24491,-97.8372,57,17.622995
Shape_Route_4,22.24414,-97.83565,58,17.804062
Shape_Route_4,22.24216,-97.83679,59,18.052767
Shape_Route_4,22.24305,-97.83832,60,18.238706
Shape_Route_4,22.2409,-97.83975,61,18.518664
Shape_Route_4,22.24132,-97.84056,62,18.614221
Shape_Route_4,22.2401,-97.84129,63,18.768827
Shape_Route_4,22.23954,-97.84157,64,18.837211
Shape_Route_4,22.23862,-97.83985,65,19.04166
Shape_Route_4,22.2372,-97.84075,66,19.224193
Shape_Route_4,22.2341,-97.84195,67,19.588995
Shape_Route_4,22.23356,-97.84025,68,19.774131
Shape_Route_4,22.23309,-97.83898,69,19.914991
Shape_Route_4,22.23335,-97.8399,70,20.014088
Shape_Route_4,22.23094,-97.84114,71,20.309927
Shape_Route_4,22.23035,-97.84019,72,20.427632
Shape_Route_4,22.23014,-97.84034,73,20.455552
Shape_Route_4,22.22775,-97.84154,74,20.747628
Shape_Route_4,22.22464,-97.84319,75,21.131646
Shape_Route_4,22.22147,-97.84484,76,21.521631
Shape_Route_4,22.22039,-97.84226,77,21.813215
Shape_Route_4,22.21723,-97.84393,78,22.203113
Shape_Route_4,22.21778,-97.84515,79,22.342837
Shape_Route_4,22.22102,-97.84381,80,22.727208
Shape_Route_4,22.21778,-97.84515,81,23.111579
Shape_Route_4,22.21723,-97.84393,82,23.251302
Shape_Route_4,22.22039,-97.84226,83,23.6412
Shape_Route_4,22.22147,-97.84484,84,23.932784
Shape_Route_4,22.22464,-97.84319,85,24.32277
Shape_Route_4,22.22775,-97.84154,86,24.706787
Shape_Route_4,22.23014,-97.84034,87,24.998863
Shape_Route_4,22.23035,-97.84019,88,25.026784
Shape_Route_4,22.23094,-97.84114,89,25.144488
Shape_Route_4,22.23335,-97.8399,90,25.440328
Shape_Route_4,22.23337,-97.83986,91,25.445007
Shape_Route_4,22.23356,-97.84025,92,25.490375
Shape_Route_4,22.23379,-97.84105,93,25.576673
Shape_Route_4,22.2371,-97.83976,94,25.966493
Shape_Route_4,22.2379,-97.84141,95,26.158234
Shape_Route_4,22.2408,-97.83961,96,26.529034
Shape_Route_4,22.2409,-97.83975,97,26.547221
Shape_Route_4,22.24305,-97.83832,98,26.827179
Shape_Route_4,22.24216,-97.83679,99,27.013117
Shape_Route_4,22.24414,-97.83565,100,27.261823
Shape_Route_4,22.24376,-97.83494,101,27.346228
Shape_Route_4,22.24446,-97.83443,102,27.439868
Shape_Route_4,22.2541,-97.85168,103,29.513357
Shape_Route_4,22.25139,-97.86121,104,30.540271
Shape_Route_4,22.24982,-97.86632,105,31.094829
Shape_Route_4,22.24879,-97.86857,106,31.353228
Shape_Route_4,22.24646,-97.87319,107,31.89474
Shape_Route_4,22.24954,-97.87462,108,32.266205
Shape_Route_4,22.25578,-97.87662,109,32.987112
Shape_Route_4,22.25951,-97.8763,110,33.401367
Shape_Route_4,22.26614,-97.87402,111,34.172046
Shape_Route_4,22.26972,-97.87376,112,34.569285
Shape_Route_4,22.27266,-97.87475,113,34.910378
Shape_Route_4,22.2769,-97.87354,114,35.396056
Shape_Route_4,22.27913,-97.87316,115,35.646021
Shape_Route_4,22.28242,-97.87307,116,36.010369
Shape_Route_4,22.28393,-97.87389,117,36.197675
Shape_Route_4,22.2852,-97.87407,118,36.339492
Shape_Route_4,22.28646,-97.87362,119,36.486488
Shape_Route_4,22.28788,-97.87313,120,36.651601
Shape_Route_4,22.28871,-97.87298,121,36.744779
Shape_Route_4,22.2899,-97.87313,122,36.877425
Shape_Route_4,22.29123,-97.87337,123,37.026729
Shape_Route_4,22.29289,-97.87443,124,37.240504
Shape_Route_4,22.29526,-97.87596,125,37.54659
Shape_Route_4,22.29747,-97.87739,126,37.832186
Shape_Route_4,22.30122,-97.87978,127,38.314863
Shape_Route_4,22.30347,-97.8812,128,38.603735
Shape_Route_4,22.30491,-97.88177,129,38.773625
Shape_Route_4,22.30646,-97.88181,130,38.945272
Shape_Route_4,22.30855,-97.88102,131,39.190547
Shape_Route_4,22.30879,-97.87799,132,39.503805
Shape_Route_4,22.31078,-97.87808,133,39.72431
Shape_Route_4,22.31054,-97.88218,134,40.147492
Shape_Route_4,22.31125,-97.88211,135,40.226425
Shape_Route_4,22.3112,-97.88387,136,40.407809
Shape_Route_4,22.31122,-97.88738,137,40.769384
Shape_Route_4,22.3111,-97.8887,138,40.906005
Shape_Route_4,22.31111,-97.89,139,41.039924
Shape_Route_4,22.31187,-97.88987,140,41.125121
Shape_Route_4,22.31213,-97.8902,141,41.169664
Shape_Route_4,22.31113,-97.89087,142,41.300123
Shape_Route_4,22.31122,-97.88738,143,41.659769
Shape_Route_4,22.31719,-97.88567,144,42.343767
Shape_Route_4,22.31784,-97.88559,145,42.416198
Shape_Route_4,22.31741,-97.8866,146,42.530608
Shape_Route_4,22.31598,-97.8887,147,42.798665
Shape_Route_4,22.3167,-97.89275,148,43.22339
Shape_Route_4,22.31724,-97.8949,149,43.452781
Shape_Route_4,22.31713,-97.89537,150,43.502702
Shape_Route_4,22.31829,-97.8959,151,43.642246
Shape_Route_4,22.31823,-97.89622,152,43.67587
Shape_Route_4,22.31854,-97.89622,153,43.71019
Shape_Route_4,22.31956,-97.89574,154,43.833462
Shape_Route_4,22.32174,-97.89512,155,44.083112
Shape_Route_4,22.32443,-97.8943,156,44.392662
Shape_Route_4,22.32549,-97.89982,157,44.973209
Shape_Route_6,22.32208,-97.88064,1,0.0
Shape_Route_6,22.32326,-97.88065,2,0.13064
Shape_Route_6,22.32308,-97.88268,3,0.340682
Shape_Route_6,22.30845,-97.88206,4,1.961605
Shape_Route_6,22.30861,-97.88095,5,2.077313
Shape_Route_6,22.31235,-97.87976,6,2.509127
Shape_Route_6,22.31252,-97.87725,7,2.768367
Shape_Route_6,22.30882,-97.87709,8,3.17832
Shape_Route_6,22.30902,-97.87385,9,3.512815
Shape_Route_6,22.30892,-97.87287,10,3.614373
Shape_Route_6,22.30894,-97.87199,11,3.705051
Shape_Route_6,22.30873,-97.86896,12,4.018046
Shape_Route_6,22.30523,-97.86914,13,4.40597
Shape_Route_6,22.30333,-97.86904,14,4.616568
Shape_Route_6,22.30256,-97.86428,15,5.114286
Shape_Route_6,22.30494,-97.85765,16,5.846351
Shape_Route_6,22.29257,-97.8525,17,7.315004
Shape_Route_6,22.29211,-97.85295,18,7.383873
Shape_Route_6,22.26547,-97.84192,19,10.544554
Shape_Route_6,22.26459,-97.84237,20,10.652451
Shape_Route_6,22.26372,-97.84158,21,10.778562
Shape_Route_6,22.26027,-97.84297,22,11.186483
Shape_Route_6,22.25731,-97.84465,23,11.557102
Shape_Route_6,22.25401,-97.84703,24,11.997134
Shape_Route_6,22.25112,-97.8416,25,12.641732
Shape_Route_6,22.25256,-97.84074,26,12.824132
Shape_Route_6,22.253,-97.84035,27,12.887285
Shape_Route_6,22.25354,-97.83967,28,12.979398
Shape_Route_6,22.24961,-97.8358,29,13.569621
Shape_Route_6,22.24909,-97.83605,30,13.632692
Shape_Route_6,22.25469,-97.84651,31,14.876222
Shape_Route_6,22.24909,-97.83605,32,16.119751
Shape_Route_6,22.24961,-97.8358,33,16.182823
Shape_Route_6,22.25354,-97.83967,34,16.773045
Shape_Route_6,22.253,-97.84035,35,16.865158
Shape_Route_6,22.25256,-97.84074,36,16.928311
Shape_Route_6,22.25112,-97.8416,37,17.110711
Shape_Route_6,22.25401,-97.84703,38,17.75531
Shape_Route_6,22.25731,-97.84465,39,18.195341
Shape_Route_6,22.26027,-97.84297,40,18.56596
Shape_Route_6,22.26372,-97.84158,41,18.973882
Shape_Route_6,22.26404,-97.8416,42,19.009368
Shape_Route_6,22.26437,-97.8415,43,19.047328
Shape_Route_6,22.26547,-97.84192,44,19.17657
Shape_Route_6,22.29211,-97.85295,45,22.337251
Shape_Route_6,22.29257,-97.8525,46,22.406119
Shape_Route_6,22.30494,-97.85765,47,23.874773
Shape_Route_6,22.30256,-97.86428,48,24.606838
Shape_Route_6,22.30333,-97.86904,49,25.104556
Shape_Route_6,22.30523,-97.86914,50,25.315154
Shape_Route_6,22.30873,-97.86896,51,25.703078
Shape_Route_6,22.31072,-97.86892,52,25.923427
Shape_Route_6,22.31092,-97.87363,53,26.409117
Shape_Route_6,22.31082,-97.87715,54,26.771886
Shape_Route_6,22.31062,-97.88037,55,27.104321
Shape_Route_6,22.31235,-97.87976,56,27.305891
Shape_Route_6,22.31604,-97.87885,57,27.725022
Shape_Route_6,22.31596,-97.88032,58,27.876702
Shape_Route_6,22.31572,-97.88243,59,28.095666
Shape_Route_6,22.32308,-97.88268,60,28.910887
Shape_Route_6,22.32316,-97.88065,61,29.120169
Shape_Route_6,22.32213,-97.88067,62,29.234217
Shape_Route_8,22.25217,-97.85824,1,0.0
Shape_Route_8,22.24658,-97.8576,2,0.622364
Shape_Route_8,22.24532,-97.85521,3,0.905433
Shape_Route_8,22.24673,-97.85512,4,1.061807
Shape_Route_8,22.24718,-97.85503,5,1.112482
Shape_Route_8,22.24769,-97.8548,6,1.173717
Shape_Route_8,22.24807,-97.85459,7,1.221027
Shape_Route_8,22.24958,-97.85476,8,1.389112
Shape_Route_8,22.2504,-97.85487,9,1.480598
Shape_Route_8,22.25139,-97.85431,10,1.604465
Shape_Route_8,22.25355,-97.85353,11,1.856744
Shape_Route_8,22.25168,-97.8601,12,2.564757
Shape_Route_8,22.25061,-97.86356,13,2.940491
Shape_Route_8,22.24992,-97.86602,14,3.205268
Shape_Route_8,22.24937,-97.86724,15,3.344965
Shape_Route_8,22.24822,-97.86962,16,3.621315
Shape_Route_8,22.24653,-97.87306,17,4.022176
Shape_Route_8,22.24829,-97.87406,18,4.242597
Shape_Route_8,22.25045,-97.87492,19,4.497622
Shape_Route_8,22.25271,-97.87569,20,4.760104
Shape_Route_8,22.25404,-97.8761,21,4.913287
Shape_Route_8,22.25542,-97.87641,22,5.069368
Shape_Route_8,22.25697,-97.87653,23,5.24141
Shape_Route_8,22.25863,-97.87628,24,5.426982
Shape_Route_8,22.2607,-97.87566,25,5.664887
Shape_Route_8,22.2635,-97.87497,26,5.982919
Shape_Route_8,22.26618,-97.8741,27,6.292865
Shape_Route_8,22.26762,-97.87361,28,6.460089
Shape_Route_8,22.26943,-97.87359,29,6.660482
Shape_Route_8,22.27092,-97.87392,30,6.828905
Shape_Route_8,22.27251,-97.87456,31,7.016878
Shape_Route_8,22.27429,-97.8743,32,7.215751
Shape_Route_8,22.27549,-97.8738,33,7.358241
Shape_Route_8,22.27598,-97.87563,34,7.554447
Shape_Route_8,22.27657,-97.87764,35,7.771607
Shape_Route_8,22.27692,-97.87823,36,7.843697
Shape_Route_8,22.27784,-97.87914,37,7.982135
Shape_Route_8,22.27893,-97.88074,38,8.186437
Shape_Route_8,22.27903,-97.88233,39,8.350636
Shape_Route_8,22.27909,-97.88368,40,8.489891
Shape_Route_8,22.27875,-97.88451,41,8.583327
Shape_Route_8,22.2775,-97.8866,42,8.839302
Shape_Route_8,22.27735,-97.88763,43,8.94672
Shape_Route_8,22.27743,-97.88912,44,9.100498
Shape_Route_8,22.27667,-97.89066,45,9.2801
Shape_Route_8,22.27743,-97.88912,46,9.459703
Shape_Route_8,22.27735,-97.88763,47,9.613481
Shape_Route_8,22.2775,-97.8866,48,9.720899
Shape_Route_8,22.27875,-97.88451,49,9.976874
Shape_Route_8,22.27909,-97.88368,50,10.07031
Shape_Route_8,22.27903,-97.88233,51,10.209565
Shape_Route_8,22.27893,-97.88074,52,10.373764
Shape_Route_8,22.27784,-97.87914,53,10.578065
Shape_Route_8,22.27692,-97.87823,54,10.716504
Shape_Route_8,22.27657,-97.87764,55,10.788594
Shape_Route_8,22.27598,-97.87563,56,11.005754
Shape_Route_8,22.27549,-97.8738,57,11.20196
Shape_Route_8,22.27429,-97.8743,58,11.344449
Shape_Route_8,22.27251,-97.87456,59,11.543323
Shape_Route_8,22.27092,-97.87392,60,11.731296
Shape_Route_8,22.26943,-97.87359,61,11.899719
Shape_Route_8,22.26762,-97.87361,62,12.100111
Shape_Route_8,22.26618,-97.8741,63,12.267336
Shape_Route_8,22.2635,-97.87497,64,12.577281
Shape_Route_8,22.2607,-97.87566,65,12.895313
Shape_Route_8,22.25863,-97.87628,66,13.133218
Shape_Route_8,22.25697,-97.87653,67,13.31879
Shape_Route_8,22.25542,-97.87641,68,13.490832
Shape_Route_8,22.25404,-97.8761,69,13.646913
Shape_Route_8,22.25271,-97.87569,70,13.800097
Shape_Route_8,22.25045,-97.87492,71,14.062579
Shape_Route_8,22.24829,-97.87406,72,14.317603
Shape_Route_8,22.24653,-97.87306,73,14.538025
Shape_Route_8,22.24822,-97.86962,74,14.938886
Shape_Route_8,22.24937,-97.86724,75,15.215236
Shape_Route_8,22.24992,-97.86602,76,15.354933
Shape_Route_8,22.25061,-97.86356,77,15.61971
Shape_Route_8,22.25168,-97.8601,78,15.995444
Shape_Route_8,22.25355,-97.85353,79,16.703457
Shape_Route_8,22.25139,-97.85431,80,16.955736
Shape_Route_8,22.2504,-97.85487,81,17.079603
Shape_Route_8,22.24958,-97.85476,82,17.171089
Shape_Route_8,22.24807,-97.85459,83,17.339174
Shape_Route_8,22.24769,-97.8548,84,17.386484
Shape_Route_8,22.24718,-97.85503,85,17.447719
Shape_Route_8,22.24673,-97.85512,86,17.498394
Shape_Route_8,22.24532,-97.85521,87,17.654768
Shape_Route_8,22.24644,-97.85752,88,17.92319
Shape_Route_8,22.25216,-97.85836,89,18.562331
Shape_Route_5,22.32433,-97.86034,1,0.0
Shape_Route_5,22.3235,-97.85994,2,0.100703
Shape_Route_5,22.32284,-97.86194,3,0.319283
Shape_Route_5,22.32367,-97.86237,4,0.421289
Shape_Route_5,22.32335,-97.86235,5,0.456776
Shape_Route_5,22.32309,-97.86318,6,0.546984
Shape_Route_5,22.32502,-97.86394,7,0.774541
Shape_Route_5,22.32667,-97.86468,8,0.972475
Shape_Route_5,22.3317,-97.86671,9,1.567301
Shape_Route_5,22.33249,-97.86709,10,1.663119
Shape_Route_5,22.33257,-97.86698,11,1.6775
Shape_Route_5,22.33084,-97.86636,12,1.879391
Shape_Route_5,22.33011,-97.86859,13,2.122879
Shape_Route_5,22.33112,-97.869,14,2.242404
Shape_Route_5,22.32968,-97.8732,15,2.703433
Shape_Route_5,22.33143,-97.8737,16,2.903901
Shape_Route_5,22.3312,-97.87382,17,2.932205
Shape_Route_5,22.32759,-97.87263,18,3.350236
Shape_Route_5,22.32648,-97.87218,19,3.481573
Shape_Route_5,22.32376,-97.87009,20,3.851736
Shape_Route_5,22.32157,-97.86954,21,4.100719
Shape_Route_5,22.32167,-97.87441,22,4.602469
Shape_Route_5,22.31739,-97.87344,23,5.086722
Shape_Route_5,22.31715,-97.87241,24,5.196096
Shape_Route_5,22.30885,-97.87291,25,6.11642
Shape_Route_5,22.30901,-97.87387,26,6.216886
Shape_Route_5,22.30857,-97.88112,27,6.965317
Shape_Route_5,22.30565,-97.88177,28,7.295447
Shape_Route_5,22.30317,-97.88089,29,7.584582
Shape_Route_5,22.2992,-97.8784,30,8.093475
Shape_Route_5,22.29118,-97.87336,31,9.122036
Shape_Route_5,22.28854,-97.87299,32,9.416781
Shape_Route_5,22.28574,-97.87376,33,9.736755
Shape_Route_5,22.28423,-97.87402,34,9.906057
Shape_Route_5,22.28195,-97.87297,35,10.180678
Shape_Route_5,22.27556,-97.87404,36,10.896643
Shape_Route_5,22.27278,-97.87477,37,11.21347
Shape_Route_5,22.26956,-97.87368,38,11.587224
Shape_Route_5,22.26626,-97.87406,39,11.954653
Shape_Route_5,22.264,-97.87505,40,12.224851
Shape_Route_5,22.25959,-97.87621,41,12.727493
Shape_Route_5,22.25729,-97.87396,42,13.07187
Shape_Route_5,22.25721,-97.86394,43,14.104479
Shape_Route_5,22.26338,-97.8605,44,14.874055
Shape_Route_5,22.26249,-97.85876,45,15.078645
Shape_Route_5,22.26217,-97.85677,46,15.286748
Shape_Route_5,22.26078,-97.85267,47,15.736398
Shape_Route_5,22.25681,-97.85415,48,16.201621
Shape_Route_5,22.24628,-97.83431,49,18.555237
Shape_Route_5,22.24555,-97.83476,50,18.648416
Shape_Route_5,22.24636,-97.83628,51,18.828919
Shape_Route_5,22.24676,-97.83703,52,18.918
Shape_Route_5,22.24624,-97.83759,53,18.999517
Shape_Route_5,22.25411,-97.85171,54,20.695579
Shape_Route_5,22.25463,-97.85011,55,20.870225
Shape_Route_5,22.25411,-97.85171,56,21.044872
Shape_Route_5,22.24624,-97.83759,57,22.740933
Shape_Route_5,22.24676,-97.83703,58,22.82245
Shape_Route_5,22.24636,-97.83628,59,22.911532
Shape_Route_5,22.24555,-97.83476,60,23.092035
Shape_Route_5,22.24628,-97.83431,61,23.185214
Shape_Route_5,22.25465,-97.85014,62,25.0614
Shape_Route_5,22.25717,-97.85486,63,25.622136
Shape_Route_5,22.25723,-97.85572,64,25.711009
Shape_Route_5,22.26126,-97.85416,65,26.185243
Shape_Route_5,22.26217,-97.85677,66,26.472448
Shape_Route_5,22.26249,-97.85876,67,26.68055
Shape_Route_5,22.26338,-97.8605,68,26.885141
Shape_Route_5,22.25526,-97.86475,69,27.885102
Shape_Route_5,22.25522,-97.87346,70,28.7827
Shape_Route_5,22.25524,-97.8764,71,29.085681
Shape_Route_5,22.25725,-97.87666,72,29.309811
Shape_Route_5,22.25959,-97.87621,73,29.572985
Shape_Route_5,22.264,-97.87505,74,30.075628
Shape_Route_5,22.26626,-97.87406,75,30.345826
Shape_Route_5,22.26956,-97.87368,76,30.713255
Shape_Route_5,22.27278,-97.87477,77,31.087009
Shape_Route_5,22.27556,-97.87404,78,31.403836
Shape_Route_5,22.28195,-97.87297,79,32.1198
Shape_Route_5,22.28423,-97.87402,80,32.394422
Shape_Route_5,22.28574,-97.87376,81,32.563724
Shape_Route_5,22.28854,-97.87299,82,32.883698
Shape_Route_5,22.29118,-97.87336,83,33.178443
Shape_Route_5,22.2992,-97.8784,84,34.207004
Shape_Route_5,22.30317,-97.88089,85,34.715896
Shape_Route_5,22.30565,-97.88177,86,35.005032
Shape_Route_5,22.31076,-97.88033,87,35.589876
Shape_Route_5,22.31097,-97.87385,88,36.257795
Shape_Route_5,22.3109,-97.87276,89,36.370345
Shape_Route_5,22.31715,-97.87241,90,37.063213
Shape_Route_5,22.31739,-97.87344,91,37.172586
Shape_Route_5,22.32167,-97.87441,92,37.656839
Shape_Route_5,22.32157,-97.86954,93,38.158589
Shape_Route_5,22.32376,-97.87009,94,38.407572
Shape_Route_5,22.32648,-97.87218,95,38.777735
Shape_Route_5,22.32759,-97.87263,96,38.909072
Shape_Route_5,22.3312,-97.87382,97,39.327103
Shape_Route_5,22.33143,-97.8737,98,39.355407
Shape_Route_5,22.32968,-97.8732,99,39.555876
Shape_Route_5,22.33112,-97.869,100,40.016905
Shape_Route_5,22.33011,-97.86859,101,40.136429
Shape_Route_5,22.33084,-97.86636,102,40.379917
Shape_Route_5,22.33257,-97.86698,103,40.581809
Shape_Route_5,22.33249,-97.86709,104,40.596189
Shape_Route_5,22.3317,-97.86671,105,40.692007
Shape_Route_5,22.32667,-97.86468,106,41.286833
Shape_Route_5,22.32502,-97.86394,107,41.484767
Shape_Route_5,22.32309,-97.86318,108,41.712325
Shape_Route_5,22.32335,-97.86235,109,41.802533
Shape_Route_5,22.32367,-97.86237,110,41.838019
Shape_Route_5,22.32284,-97.86194,111,41.940025
Shape_Route_5,22.3235,-97.85994,112,42.158605
Shape_Route_7,22.21717,-97.8532,1,0.0
Shape_Route_7,22.21679,-97.8524,2,0.092576
Shape_Route_7,22.21224,-97.85492,3,0.659334
Shape_Route_7,22.21246,-97.85587,4,0.760247
Shape_Route_7,22.21725,-97.85326,5,1.354885
Shape_Route_7,22.22478,-97.84918,6,2.288593
Shape_Route_7,22.22785,-97.84757,7,2.666818
Shape_Route_7,22.22976,-97.84668,8,2.897312
Shape_Route_7,22.23101,-97.84679,9,3.036162
Shape_Route_7,22.23292,-97.84805,10,3.284311
Shape_Route_7,22.23401,-97.84858,11,3.416772
Shape_Route_7,22.23616,-97.84926,12,3.664899
Shape_Route_7,22.23708,-97.84985,13,3.783522
Shape_Route_7,22.23775,-97.85205,14,4.022092
Shape_Route_7,22.23904,-97.85338,15,4.220046
Shape_Route_7,22.24112,-97.85419,16,4.464984
Shape_Route_7,22.24226,-97.85511,17,4.622841
Shape_Route_7,22.24351,-97.85543,18,4.765102
Shape_Route_7,22.24522,-97.85521,19,4.955766
Shape_Route_7,22.24723,-97.85511,20,5.178529
Shape_Route_7,22.24826,-97.85458,21,5.304965
Shape_Route_7,22.25044,-97.85489,22,5.548415
Shape_Route_7,22.25126,-97.8544,23,5.652295
Shape_Route_7,22.25368,-97.85354,24,5.934489
Shape_Route_7,22.25607,-97.85264,25,6.214867
Shape_Route_7,22.27448,-97.84565,26,8.376549
Shape_Route_7,22.27465,-97.84523,27,8.42374
Shape_Route_7,22.27512,-97.84549,28,8.482265
Shape_Route_7,22.27612,-97.84467,29,8.621532
Shape_Route_7,22.27671,-97.84362,30,8.74791
Shape_Route_7,22.27689,-97.84074,31,9.045327
Shape_Route_7,22.27689,-97.83801,32,9.326619
Shape_Route_7,22.27697,-97.83502,33,9.634828
Shape_Route_7,22.27704,-97.83199,34,9.947128
Shape_Route_7,22.27832,-97.82791,35,10.390762
Shape_Route_7,22.28052,-97.82892,36,10.655624
Shape_Route_7,22.28226,-97.82533,37,11.072673
Shape_Route_7,22.28238,-97.82499,38,11.110139
Shape_Route_7,22.28354,-97.82285,39,11.365304
Shape_Route_7,22.28149,-97.8215,40,11.631492
Shape_Route_7,22.28802,-97.81323,41,12.748934
Shape_Route_7,22.29246,-97.8075,42,13.517142
Shape_Route_7,22.29254,-97.80729,43,13.54052
Shape_Route_7,22.29254,-97.80699,44,13.571428
Shape_Route_7,22.29277,-97.80682,45,13.602334
Shape_Route_7,22.29301,-97.8069,46,13.630153
Shape_Route_7,22.29311,-97.80715,47,13.658189
Shape_Route_7,22.293,-97.8074,48,13.686679
Shape_Route_7,22.29276,-97.80747,49,13.714211
Shape_Route_7,22.29099,-97.80954,50,14.003835
Shape_Route_7,22.29028,-97.81044,51,14.125395
Shape_Route_7,22.2864,-97.8155,52,14.800898
Shape_Route_7,22.28959,-97.81699,53,15.185986
Shape_Route_7,22.29155,-97.81782,54,15.41922
Shape_Route_7,22.2916,-97.81817,55,15.455702
Shape_Route_7,22.29196,-97.81828,56,15.497138
Shape_Route_7,22.2922,-97.81815,57,15.526893
Shape_Route_7,22.292,-97.8185,58,15.569208
Shape_Route_7,22.29352,-97.81914,59,15.749944
Shape_Route_7,22.29362,-97.81985,60,15.823926
Shape_Route_7,22.29365,-97.82151,61,15.994981
Shape_Route_7,22.29383,-97.82171,62,16.023646
Shape_Route_7,22.29467,-97.82179,63,16.117007
Shape_Route_7,22.2948,-97.82033,64,16.26811
Shape_Route_7,22.29509,-97.82004,65,16.311967
Shape_Route_7,22.2951,-97.81958,66,16.359372
Shape_Route_7,22.2958,-97.81965,67,16.437204
Shape_Route_7,22.29593,-97.81923,68,16.482805
Shape_Route_7,22.29693,-97.81939,69,16.594735
Shape_Route_7,22.29593,-97.81923,70,16.706666
Shape_Route_7,22.2958,-97.81965,71,16.752267
Shape_Route_7,22.2951,-97.81958,72,16.830099
Shape_Route_7,22.29509,-97.82004,73,16.877503
Shape_Route_7,22.2948,-97.82033,74,16.92136
Shape_Route_7,22.29467,-97.82179,75,17.072464
Shape_Route_7,22.29383,-97.82171,76,17.165825
Shape_Route_7,22.29365,-97.82151,77,17.19449
Shape_Route_7,22.29362,-97.81985,78,17.365545
Shape_Route_7,22.29352,-97.81914,79,17.439526
Shape_Route_7,22.292,-97.8185,80,17.620263
Shape_Route_7,22.2922,-97.81815,81,17.662578
Shape_Route_7,22.29196,-97.81828,82,17.692333
Shape_Route_7,22.2916,-97.81817,83,17.733769
Shape_Route_7,22.29155,-97.81782,84,17.77025
Shape_Route_7,22.28959,-97.81699,85,18.003484
Shape_Route_7,22.2864,-97.8155,86,18.388572
Shape_Route_7,22.29028,-97.81044,87,19.064076
Shape_Route_7,22.29099,-97.80954,88,19.185635
Shape_Route_7,22.29276,-97.80747,89,19.475259
Shape_Route_7,22.293,-97.8074,90,19.502791
Shape_Route_7,22.29311,-97.80715,91,19.531282
Shape_Route_7,22.29301,-97.8069,92,19.559317
Shape_Route_7,22.29277,-97.80682,93,19.587137
Shape_Route_7,22.29254,-97.80699,94,19.618042
Shape_Route_7,22.29254,-97.80729,95,19.64895
Shape_Route_7,22.29246,-97.8075,96,19.672329
Shape_Route_7,22.28802,-97.81323,97,20.440537
Shape_Route_7,22.28149,-97.8215,98,21.557978
Shape_Route_7,22.28354,-97.82285,99,21.824167
Shape_Route_7,22.28238,-97.82499,100,22.079332
Shape_Route_7,22.28226,-97.82533,101,22.116798
Shape_Route_7,22.28052,-97.82892,102,22.533847
Shape_Route_7,22.27832,-97.82791,103,22.798709
Shape_Route_7,22.27704,-97.83199,104,23.242342
Shape_Route_7,22.27697,-97.83502,105,23.554642
Shape_Route_7,22.27689,-97.83801,106,23.862851
Shape_Route_7,22.27689,-97.84074,107,24.144144
Shape_Route_7,22.27671,-97.84362,108,24.44156
Shape_Route_7,22.27612,-97.84467,109,24.567938
Shape_Route_7,22.27512,-97.84549,110,24.707205
Shape_Route_7,22.27465,-97.84523,111,24.76573
Shape_Route_7,22.27448,-97.84565,112,24.812922
Shape_Route_7,22.25607,-97.85264,113,26.974604
Shape_Route_7,22.25368,-97.85354,114,27.254982
Shape_Route_7,22.25126,-97.8544,115,27.537175
Shape_Route_7,22.25044,-97.85489,116,27.641056
Shape_Route_7,22.24826,-97.85458,117,27.884505
Shape_Route_7,22.24723,-97.85511,118,28.010942
Shape_Route_7,22.24522,-97.85521,119,28.233704
Shape_Route_7,22.24351,-97.85543,120,28.424368
Shape_Route_7,22.24226,-97.85511,121,28.566629
Shape_Route_7,22.24112,-97.85419,122,28.724486
Shape_Route_7,22.23904,-97.85338,123,28.969425
Shape_Route_7,22.23775,-97.85205,124,29.167379
Shape_Route_7,22.23708,-97.84985,125,29.405948
Shape_Route_7,22.23616,-97.84926,126,29.524572
Shape_Route_7,22.23401,-97.84858,127,29.772699
Shape_Route_7,22.23292,-97.84805,128,29.905159
Shape_Route_7,22.23101,-97.84679,129,30.153309
Shape_Route_7,22.22976,-97.84668,130,30.292158
Shape_Route_7,22.22785,-97.84757,131,30.522652
Shape_Route_7,22.22478,-97.84918,132,30.900877
Shape_Route_7,22.21725,-97.85326,133,31.834586
Shape_Route_7,22.21246,-97.85587,134,32.429223
Shape_Route_7,22.21224,-97.85492,135,32.530137
Shape_Route_7,22.21679,-97.8524,136,33.096895
Shape_Route_10,22.31317,-97.88682,1,0.0
Shape_Route_10,22.31117,-97.88722,2,0.225218
Shape_Route_10,22.31124,-97.88219,3,0.74342
Shape_Route_10,22.30847,-97.88204,4,1.050472
Shape_Route_10,22.30862,-97.88106,5,1.152781
Shape_Route_10,22.30902,-97.87383,6,1.898879
Shape_Route_10,22.30876,-97.869,7,2.397264
Shape_Route_10,22.30719,-97.86906,8,2.571187
Shape_Route_10,22.30711,-97.86375,9,3.118265
Shape_Route_10,22.30732,-97.86316,10,3.183339
Shape_Route_10,22.30353,-97.86156,11,3.634138
Shape_Route_10,22.30495,-97.85763,12,4.068445
Shape_Route_10,22.30169,-97.85628,13,4.455225
Shape_Route_10,22.30268,-97.85368,14,4.74463
Shape_Route_10,22.29773,-97.85166,15,5.330822
Shape_Route_10,22.29677,-97.85424,16,5.61708
Shape_Route_10,22.29909,-97.85516,17,5.890854
Shape_Route_10,22.29923,-97.85555,18,5.933918
Shape_Route_10,22.29864,-97.85733,19,6.128581
Shape_Route_10,22.29351,-97.85518,20,6.738183
Shape_Route_10,22.29406,-97.85369,21,6.903325
Shape_Route_10,22.28701,-97.85079,22,7.739056
Shape_Route_10,22.28373,-97.84937,23,8.130547
Shape_Route_10,22.28361,-97.85424,24,8.63249
Shape_Route_10,22.28322,-97.85422,25,8.675715
Shape_Route_10,22.28255,-97.85402,26,8.752699
Shape_Route_10,22.28166,-97.85386,27,8.8526
Shape_Route_10,22.28028,-97.85404,28,9.0065
Shape_Route_10,22.28,-97.85166,29,9.253674
Shape_Route_10,22.27869,-97.85207,30,9.40473
Shape_Route_10,22.27836,-97.85035,31,9.585678
Shape_Route_10,22.27789,-97.85055,32,9.641643
Shape_Route_10,22.27389,-97.85201,33,10.109333
Shape_Route_10,22.27293,-97.85226,34,10.218691
Shape_Route_10,22.27047,-97.8534,35,10.515287
Shape_Route_10,22.2711,-97.8555,36,10.742637
Shape_Route_10,22.27118,-97.8557,37,10.765068
Shape_Route_10,22.27041,-97.85584,38,10.851526
Shape_Route_10,22.27135,-97.85849,39,11.143743
Shape_Route_10,22.27189,-97.86031,40,11.340576
Shape_Route_10,22.27186,-97.86134,41,11.446759
Shape_Route_10,22.27136,-97.86248,42,11.576615
Shape_Route_10,22.2708,-97.86299,43,11.657887
Shape_Route_10,22.27033,-97.86322,44,11.715063
Shape_Route_10,22.26903,-97.86363,45,11.865057
Shape_Route_10,22.26861,-97.86401,46,11.925845
Shape_Route_10,22.26746,-97.86192,47,12.176023
Shape_Route_10,22.26716,-97.86015,48,12.36141
Shape_Route_10,22.26627,-97.85748,49,12.65365
Shape_Route_10,22.26105,-97.85918,50,13.257516
Shape_Route_10,22.26077,-97.85811,51,13.372052
Shape_Route_10,22.26064,-97.85716,52,13.471001
Shape_Route_10,22.26035,-97.85611,53,13.583865
Shape_Route_10,22.25848,-97.85683,54,13.803784
Shape_Route_10,22.25812,-97.85689,55,13.844115
Shape_Route_10,22.25722,-97.85694,56,13.943886
Shape_Route_10,22.25564,-97.85778,57,14.139053
Shape_Route_10,22.25222,-97.85829,58,14.521306
Shape_Route_10,22.24662,-97.85758,59,15.145575
Shape_Route_10,22.24533,-97.85525,60,15.424963
Shape_Route_10,22.24342,-97.85546,61,15.637521
Shape_Route_10,22.24227,-97.85523,62,15.767023
Shape_Route_10,22.24072,-97.85773,63,16.076592
Shape_Route_10,22.2405,-97.85797,64,16.111306
Shape_Route_10,22.24019,-97.85823,65,16.154848
Shape_Route_10,22.23669,-97.85909,66,16.552335
Shape_Route_10,22.23627,-97.85902,67,16.599389
Shape_Route_10,22.23588,-97.85872,68,16.652494
Shape_Route_10,22.23455,-97.85713,69,16.872803
Shape_Route_10,22.23417,-97.85709,70,16.915074
Shape_Route_10,22.23377,-97.85718,71,16.960318
Shape_Route_10,22.23169,-97.85915,72,17.267325
Shape_Route_10,22.23123,-97.85954,73,17.332204
Shape_Route_10,22.23071,-97.85977,74,17.394462
Shape_Route_10,22.22634,-97.85876,75,17.88933
Shape_Route_10,22.22591,-97.85857,76,17.940805
Shape_Route_10,22.22561,-97.85823,77,17.989088
Shape_Route_10,22.22543,-97.85778,78,18.039571
Shape_Route_10,22.22195,-97.85945,79,18.461541
Shape_Route_10,22.22036,-97.85585,80,18.872254
Shape_Route_10,22.21738,-97.85744,81,19.240632
Shape_Route_10,22.214,-97.85924,82,19.658302
Shape_Route_10,22.21357,-97.85838,83,19.758926
Shape_Route_10,22.21653,-97.8569,84,20.120394
Shape_Route_10,22.21919,-97.8554,85,20.453002
Shape_Route_10,22.22167,-97.85404,86,20.761276
Shape_Route_10,22.22187,-97.85484,87,20.846659
Shape_Route_10,22.22185,-97.85557,88,20.921938
Shape_Route_10,22.22207,-97.85629,89,21.000048
Shape_Route_10,22.22255,-97.85668,90,21.06668
Shape_Route_10,22.22309,-97.85681,91,21.127946
Shape_Route_10,22.22408,-97.85623,92,21.252792
Shape_Route_10,22.22459,-97.8561,93,21.310821
Shape_Route_10,22.22505,-97.85623,94,21.36348
Shape_Route_10,22.22539,-97.85666,95,21.421629
Shape_Route_10,22.22555,-97.85726,96,21.48596
Shape_Route_10,22.22563,-97.85801,97,21.563772
Shape_Route_10,22.22597,-97.85847,98,21.624311
Shape_Route_10,22.23073,-97.85962,99,22.164447
Shape_Route_10,22.23119,-97.85947,100,22.217668
Shape_Route_10,22.23169,-97.85915,101,22.282103
Shape_Route_10,22.23377,-97.85718,102,22.58911
Shape_Route_10,22.23415,-97.85705,103,22.633262
Shape_Route_10,22.23455,-97.85713,104,22.678306
Shape_Route_10,22.23602,-97.85864,105,22.903486
Shape_Route_10,22.23629,-97.85883,106,22.93922
Shape_Route_10,22.23659,-97.85892,107,22.973704
Shape_Route_10,22.24023,-97.85823,108,23.382908
Shape_Route_10,22.2405,-97.85797,109,23.423052
Shape_Route_10,22.24066,-97.85771,110,23.455174
Shape_Route_10,22.24207,-97.85514,111,23.762621
Shape_Route_10,22.24233,-97.85505,112,23.792863
Shape_Route_10,22.24317,-97.85533,113,23.890233
Shape_Route_10,22.24533,-97.85525,114,24.129505
Shape_Route_10,22.24662,-97.85758,115,24.408893
Shape_Route_10,22.24918,-97.85793,116,24.694592
Shape_Route_10,22.25222,-97.85829,117,25.033184
Shape_Route_10,22.25564,-97.85778,118,25.415437
Shape_Route_10,22.25722,-97.85694,119,25.610604
Shape_Route_10,22.25812,-97.85689,120,25.710374
Shape_Route_10,22.25848,-97.85683,121,25.750706
Shape_Route_10,22.26035,-97.85611,122,25.970625
Shape_Route_10,22.26064,-97.85716,123,26.083489
Shape_Route_10,22.26077,-97.85811,124,26.182438
Shape_Route_10,22.26105,-97.85918,125,26.296974
Shape_Route_10,22.2636,-97.85836,126,26.591656
Shape_Route_10,22.26627,-97.85748,127,26.900844
Shape_Route_10,22.26716,-97.86015,128,27.193083
Shape_Route_10,22.26746,-97.86192,129,27.37847
Shape_Route_10,22.26861,-97.86401,130,27.628648
Shape_Route_10,22.26903,-97.86363,131,27.689437
Shape_Route_10,22.27033,-97.86322,132,27.83943
Shape_Route_10,22.2708,-97.86299,133,27.896606
Shape_Route_10,22.27136,-97.86248,134,27.977878
Shape_Route_10,22.27186,-97.86134,135,28.107734
Shape_Route_10,22.27189,-97.86031,136,28.213917
Shape_Route_10,22.27135,-97.85849,137,28.41075
Shape_Route_10,22.27093,-97.85733,138,28.539003
Shape_Route_10,22.27164,-97.85703,139,28.623466
Shape_Route_10,22.27118,-97.8557,140,28.769667
Shape_Route_10,22.2711,-97.8555,141,28.792098
Shape_Route_10,22.27393,-97.85442,142,29.12458
Shape_Route_10,22.2735,-97.85385,143,29.200182
Shape_Route_10,22.27307,-97.85244,144,29.353069
Shape_Route_10,22.27389,-97.85201,145,29.454085
Shape_Route_10,22.27789,-97.85055,146,29.921775
Shape_Route_10,22.27854,-97.85468,147,30.353356
Shape_Route_10,22.28028,-97.85404,148,30.556963
Shape_Route_10,22.28166,-97.85386,149,30.710863
Shape_Route_10,22.28255,-97.85402,150,30.810764
Shape_Route_10,22.28322,-97.85422,151,30.887748
Shape_Route_10,22.28361,-97.85424,152,30.930973
Shape_Route_10,22.28373,-97.84937,153,31.432916
Shape_Route_10,22.28701,-97.85079,154,31.824406
Shape_Route_10,22.29406,-97.85369,155,32.660138
Shape_Route_10,22.29351,-97.85518,156,32.82528
Shape_Route_10,22.29864,-97.85733,157,33.434882
Shape_Route_10,22.29923,-97.85555,158,33.629545
Shape_Route_10,22.29909,-97.85516,159,33.672608
Shape_Route_10,22.29677,-97.85424,160,33.946383
Shape_Route_10,22.29773,-97.85166,161,34.232641
Shape_Route_10,22.30268,-97.85368,162,34.818833
Shape_Route_10,22.30169,-97.85628,163,35.108238
Shape_Route_10,22.30495,-97.85763,164,35.495018
Shape_Route_10,22.30353,-97.86156,165,35.929325
Shape_Route_10,22.30732,-97.86316,166,36.380124
Shape_Route_10,22.30711,-97.86375,167,36.445198
Shape_Route_10,22.30719,-97.86906,168,36.992276
Shape_Route_10,22.31084,-97.86885,169,37.396942
Shape_Route_10,22.31094,-97.87372,170,37.89873
Shape_Route_10,22.31094,-97.87655,171,38.190252
Shape_Route_10,22.31066,-97.88035,172,38.582921
Shape_Route_10,22.31048,-97.88215,173,38.76941
Shape_Route_10,22.31124,-97.88219,174,38.853649
Shape_Route_10,22.31117,-97.88722,175,39.371852
Shape_Route_11_A,22.21716,-97.85316,1,0.0
Shape_Route_11_A,22.21678,-97.85241,2,0.088016
Shape_Route_11_A,22.21227,-97.85492,3,0.650367
Shape_Route_11_A,22.21245,-97.85588,4,0.751314
Shape_Route_11_A,22.21994,-97.85177,5,1.682479
Shape_Route_11_A,22.22634,-97.84838,6,2.472492
Shape_Route_11_A,22.22986,-97.84651,7,2.907247
Shape_Route_11_A,22.23117,-97.84691,8,3.058021
Shape_Route_11_A,22.2338,-97.8485,9,3.392136
Shape_Route_11_A,22.23632,-97.84937,10,3.685178
Shape_Route_11_A,22.23711,-97.84996,11,3.7917
Shape_Route_11_A,22.23782,-97.85232,12,4.047321
Shape_Route_11_A,22.23911,-97.85352,13,4.236244
Shape_Route_11_A,22.24202,-97.85482,14,4.585156
Shape_Route_11_A,22.2433,-97.85536,15,4.737399
Shape_Route_11_A,22.24738,-97.85506,16,5.190146
Shape_Route_11_A,22.24819,-97.85455,17,5.294088
Shape_Route_11_A,22.2505,-97.85491,18,5.552502
Shape_Route_11_A,22.25166,-97.85419,19,5.700818
Shape_Route_11_A,22.25887,-97.85161,20,6.542143
Shape_Route_11_A,22.26556,-97.84903,21,7.329057
Shape_Route_11_A,22.27148,-97.84687,22,8.021215
Shape_Route_11_A,22.27446,-97.84557,23,8.377285
Shape_Route_11_A,22.27464,-97.84518,24,8.42214
Shape_Route_11_A,22.27522,-97.84546,25,8.492535
Shape_Route_11_A,22.27645,-97.84428,26,8.675089
Shape_Route_11_A,22.27687,-97.84265,27,8.849357
Shape_Route_11_A,22.27702,-97.83394,28,9.746967
Shape_Route_11_A,22.27718,-97.83143,29,10.006197
Shape_Route_11_A,22.27938,-97.82507,30,10.70531
Shape_Route_11_A,22.27832,-97.82787,31,11.016766
Shape_Route_11_A,22.28063,-97.82896,32,11.29608
Shape_Route_11_A,22.28132,-97.82915,33,11.374938
Shape_Route_11_A,22.28404,-97.83047,34,11.705357
Shape_Route_11_A,22.28522,-97.83101,35,11.847349
Shape_Route_11_A,22.28524,-97.83087,36,11.861942
Shape_Route_11_A,22.28132,-97.82915,37,12.330713
Shape_Route_11_A,22.28296,-97.82603,38,12.699909
Shape_Route_11_A,22.28555,-97.82141,39,13.255612
Shape_Route_11_A,22.28715,-97.82243,40,13.461576
Shape_Route_11_A,22.28734,-97.82199,41,13.511552
Shape_Route_11_A,22.28771,-97.82145,42,13.580642
Shape_Route_11_A,22.28831,-97.82059,43,13.691382
Shape_Route_11_A,22.28771,-97.82145,44,13.802122
Shape_Route_11_A,22.28734,-97.82199,45,13.871211
Shape_Route_11_A,22.28715,-97.82243,46,13.921187
Shape_Route_11_A,22.28555,-97.82141,47,14.127152
Shape_Route_11_A,22.28296,-97.82603,48,14.682854
Shape_Route_11_A,22.28132,-97.82915,49,15.052051
Shape_Route_11_A,22.28524,-97.83087,50,15.520821
Shape_Route_11_A,22.28522,-97.83101,51,15.535415
Shape_Route_11_A,22.28404,-97.83047,52,15.677407
Shape_Route_11_A,22.28132,-97.82915,53,16.007826
Shape_Route_11_A,22.28063,-97.82896,54,16.086684
Shape_Route_11_A,22.27832,-97.82787,55,16.365997
Shape_Route_11_A,22.27938,-97.82507,56,16.677453
Shape_Route_11_A,22.27718,-97.83143,57,17.376566
Shape_Route_11_A,22.27702,-97.83394,58,17.635796
Shape_Route_11_A,22.27687,-97.84265,59,18.533406
Shape_Route_11_A,22.27645,-97.84428,60,18.707675
Shape_Route_11_A,22.27522,-97.84546,61,18.890229
Shape_Route_11_A,22.27464,-97.84518,62,18.960624
Shape_Route_11_A,22.27446,-97.84557,63,19.005478
Shape_Route_11_A,22.27148,-97.84687,64,19.361548
Shape_Route_11_A,22.26556,-97.84903,65,20.053707
Shape_Route_11_A,22.25887,-97.85161,66,20.840621
Shape_Route_11_A,22.25166,-97.85419,67,21.681945
Shape_Route_11_A,22.2505,-97.85491,68,21.830262
Shape_Route_11_A,22.24819,-97.85455,69,22.088676
Shape_Route_11_A,22.24738,-97.85506,70,22.192618
Shape_Route_11_A,22.2433,-97.85536,71,22.645365
Shape_Route_11_A,22.24202,-97.85482,72,22.797608
Shape_Route_11_A,22.23911,-97.85352,73,23.14652
Shape_Route_11_A,22.23782,-97.85232,74,23.335443
Shape_Route_11_A,22.23711,-97.84996,75,23.591064
Shape_Route_11_A,22.23632,-97.84937,76,23.697586
Shape_Route_11_A,22.2338,-97.8485,77,23.990627
Shape_Route_11_A,22.23117,-97.84691,78,24.324742
Shape_Route_11_A,22.22986,-97.84651,79,24.475517
Shape_Route_11_A,22.22634,-97.84838,80,24.910272
Shape_Route_11_A,22.21994,-97.85177,81,25.700284
Shape_Route_11_A,22.21245,-97.85588,82,26.63145
Shape_Route_11_A,22.21227,-97.85492,83,26.732397
Shape_Route_11_A,22.21678,-97.85241,84,27.294748
Shape_Route_12,22.23164,-97.89575,1,0.0
Shape_Route_12,22.23067,-97.89559,2,0.108645
Shape_Route_12,22.22969,-97.89527,3,0.22204
Shape_Route_12,22.22683,-97.89455,4,0.547242
Shape_Route_12,22.22727,-97.89301,5,0.713279
Shape_Route_12,22.22799,-97.89185,6,0.856977
Shape_Route_12,22.22825,-97.89119,7,0.930843
Shape_Route_12,22.22828,-97.89039,8,1.013367
Shape_Route_12,22.22808,-97.88967,9,1.090811
Shape_Route_12,22.22795,-97.88955,10,1.109788
Shape_Route_12,22.2276,-97.88952,11,1.148658
Shape_Route_12,22.22741,-97.88968,12,1.175387
Shape_Route_12,22.22726,-97.89008,13,1.219834
Shape_Route_12,22.22745,-97.89118,14,1.335148
Shape_Route_12,22.22743,-97.89179,15,1.398061
Shape_Route_12,22.22709,-97.8933,16,1.558187
Shape_Route_12,22.22675,-97.89459,17,1.696376
Shape_Route_12,22.22658,-97.89543,18,1.784978
Shape_Route_12,22.2262,-97.89515,19,1.835995
Shape_Route_12,22.22581,-97.89477,20,1.894289
Shape_Route_12,22.22503,-97.8942,21,1.998732
Shape_Route_12,22.22484,-97.89377,22,2.047792
Shape_Route_12,22.22468,-97.89194,23,2.237247
Shape_Route_12,22.22444,-97.8908,24,2.357718
Shape_Route_12,22.22392,-97.88936,25,2.516918
Shape_Route_12,22.22334,-97.88883,26,2.601223
Shape_Route_12,22.22375,-97.88895,27,2.648268
Shape_Route_12,22.22292,-97.88671,28,2.896769
Shape_Route_12,22.22325,-97.88547,29,3.029701
Shape_Route_12,22.21755,-97.8705,30,4.696816
Shape_Route_12,22.21697,-97.87078,31,4.767215
Shape_Route_12,22.21603,-97.86827,32,5.046092
Shape_Route_12,22.2156,-97.86778,33,5.115499
Shape_Route_12,22.21499,-97.86616,34,5.29563
Shape_Route_12,22.21472,-97.86474,35,5.445027
Shape_Route_12,22.21446,-97.86405,36,5.521757
Shape_Route_12,22.21619,-97.86323,37,5.731105
Shape_Route_12,22.21508,-97.86068,38,6.021269
Shape_Route_12,22.21503,-97.86049,39,6.041622
Shape_Route_12,22.21435,-97.86011,40,6.126484
Shape_Route_12,22.2137,-97.85939,41,6.229861
Shape_Route_12,22.21342,-97.85897,42,6.283109
Shape_Route_12,22.21328,-97.85855,43,6.329095
Shape_Route_12,22.21294,-97.85767,44,6.427308
Shape_Route_12,22.2127,-97.85777,45,6.455807
Shape_Route_12,22.21205,-97.85604,46,6.648114
Shape_Route_12,22.21248,-97.85584,47,6.699991
Shape_Route_12,22.21402,-97.85923,48,7.088815
Shape_Route_12,22.21561,-97.85839,49,7.284985
Shape_Route_12,22.21711,-97.86179,50,7.672812
Shape_Route_12,22.21415,-97.86319,51,8.030877
Shape_Route_12,22.21446,-97.86405,52,8.125939
Shape_Route_12,22.21415,-97.86319,53,8.221001
Shape_Route_12,22.21711,-97.86179,54,8.579066
Shape_Route_12,22.21561,-97.85839,55,8.966893
Shape_Route_12,22.21402,-97.85923,56,9.163063
Shape_Route_12,22.21248,-97.85584,57,9.551887
Shape_Route_12,22.21205,-97.85604,58,9.603764
Shape_Route_12,22.2127,-97.85777,59,9.796071
Shape_Route_12,22.21294,-97.85767,60,9.82457
Shape_Route_12,22.21328,-97.85855,61,9.922783
Shape_Route_12,22.21342,-97.85897,62,9.968769
Shape_Route_12,22.2137,-97.85939,63,10.022017
Shape_Route_12,22.21435,-97.86011,64,10.125394
Shape_Route_12,22.21503,-97.86049,65,10.210256
Shape_Route_12,22.21508,-97.86068,66,10.230609
Shape_Route_12,22.21619,-97.86323,67,10.520773
Shape_Route_12,22.21446,-97.86405,68,10.730121
Shape_Route_12,22.21472,-97.86474,69,10.806851
Shape_Route_12,22.21499,-97.86616,70,10.956248
Shape_Route_12,22.2156,-97.86778,71,11.136379
Shape_Route_12,22.21603,-97.86827,72,11.205786
Shape_Route_12,22.21697,-97.87078,73,11.484663
Shape_Route_12,22.21755,-97.8705,74,11.555062
Shape_Route_12,22.22325,-97.88547,75,13.222176
Shape_Route_12,22.22292,-97.88671,76,13.355109
Shape_Route_12,22.22375,-97.88895,77,13.603609
Shape_Route_12,22.22334,-97.88883,78,13.650654
Shape_Route_12,22.22392,-97.88936,79,13.734959
Shape_Route_12,22.22444,-97.8908,80,13.894159
Shape_Route_12,22.22468,-97.89194,81,14.01463
Shape_Route_12,22.22484,-97.89377,82,14.204086
Shape_Route_12,22.22503,-97.8942,83,14.253145
Shape_Route_12,22.22581,-97.89477,84,14.357588
Shape_Route_12,22.2262,-97.89515,85,14.415883
Shape_Route_12,22.22658,-97.89543,86,14.466899
Shape_Route_12,22.22675,-97.89459,87,14.555502
Shape_Route_12,22.22709,-97.8933,88,14.693691
Shape_Route_12,22.22743,-97.89179,89,14.853816
Shape_Route_12,22.22745,-97.89118,90,14.916729
Shape_Route_12,22.22726,-97.89008,91,15.032043
Shape_Route_12,22.22741,-97.88968,92,15.076491
Shape_Route_12,22.2276,-97.88952,93,15.103219
Shape_Route_12,22.22795,-97.88955,94,15.14209
Shape_Route_12,22.22808,-97.88967,95,15.161067
Shape_Route_12,22.22828,-97.89039,96,15.238511
Shape_Route_12,22.22825,-97.89119,97,15.321035
Shape_Route_12,22.22799,-97.89185,98,15.394901
Shape_Route_12,22.22727,-97.89301,99,15.538598
Shape_Route_12,22.22683,-97.89455,100,15.704636
Shape_Route_12,22.22969,-97.89527,101,16.029838
Shape_Route_12,22.23067,-97.89558,102,16.142938
Shape_Route_11_B,22.43424,-98.07474,1,0.0
Shape_Route_11_B,22.43523,-98.07414,2,0.125795
Shape_Route_11_B,22.44391,-98.06723,3,1.321222
Shape_Route_11_B,22.44729,-98.06457,4,1.78484
Shape_Route_11_B,22.4507,-98.06285,5,2.201777
Shape_Route_11_B,22.44816,-98.05482,6,3.074632
Shape_Route_11_B,22.43527,-98.01648,7,7.270347
Shape_Route_11_B,22.44094,-98.01569,8,7.903293
Shape_Route_11_B,22.44112,-98.01629,9,7.968176
Shape_Route_11_B,22.47372,-98.01157,10,11.609735
Shape_Route_11_B,22.47985,-98.01058,11,12.295968
Shape_Route_11_B,22.47592,-98.00129,12,13.346132
Shape_Route_11_B,22.47194,-97.99221,13,14.379046
Shape_Route_11_B,22.47015,-97.99052,14,14.642685
Shape_Route_11_B,22.4527,-97.97852,15,16.935427
Shape_Route_11_B,22.44225,-97.97116,16,18.318198
Shape_Route_11_B,22.42648,-97.94944,17,21.15456
Shape_Route_11_B,22.42357,-97.94586,18,21.644008
Shape_Route_11_B,22.41968,-97.9429,19,22.171535
Shape_Route_11_B,22.41841,-97.94258,20,22.31594
Shape_Route_11_B,22.41605,-97.94161,21,22.595638
Shape_Route_11_B,22.40579,-97.93721,22,23.818471
Shape_Route_11_B,22.39694,-97.93803,23,24.801864
Shape_Route_11_B,22.39621,-97.9376,24,24.89401
Shape_Route_11_B,22.39532,-97.93333,25,25.344502
Shape_Route_11_B,22.39163,-97.92949,26,25.912977
Shape_Route_11_B,22.39044,-97.92372,27,26.521438
Shape_Route_11_B,22.39018,-97.92297,28,26.603842
Shape_Route_11_B,22.38887,-97.92198,29,26.781102
Shape_Route_11_B,22.38736,-97.92052,30,27.005912
Shape_Route_11_B,22.38671,-97.91897,31,27.180965
Shape_Route_11_B,22.37516,-97.90704,32,28.954025
Shape_Route_11_B,22.36952,-97.90138,33,29.808137
Shape_Route_11_B,22.35428,-97.88735,34,32.029364
Shape_Route_11_B,22.35093,-97.88273,35,32.632609
Shape_Route_11_B,22.34916,-97.87964,36,33.00632
Shape_Route_11_B,22.34579,-97.87636,37,33.509606
Shape_Route_11_B,22.33595,-97.87323,38,34.645676
Shape_Route_11_B,22.33515,-97.87325,39,34.734267
Shape_Route_11_B,22.33124,-97.87389,40,35.172129
Shape_Route_11_B,22.30629,-97.88177,41,38.051098
Shape_Route_11_B,22.30468,-97.88166,42,38.229699
Shape_Route_11_B,22.29114,-97.87329,43,39.959007
Shape_Route_11_B,22.28814,-97.87295,44,40.292974
Shape_Route_11_B,22.28483,-97.87402,45,40.675642
Shape_Route_11_B,22.28352,-97.87355,46,40.828541
Shape_Route_11_B,22.28209,-97.87284,47,41.002938
Shape_Route_11_B,22.27792,-97.87321,48,41.466162
Shape_Route_11_B,22.27282,-97.87464,49,42.049683
Shape_Route_11_B,22.26984,-97.8737,50,42.393517
Shape_Route_11_B,22.26698,-97.87381,51,42.710345
Shape_Route_11_B,22.26537,-97.8746,52,42.906295
Shape_Route_11_B,22.25947,-97.87621,53,43.580212
Shape_Route_11_B,22.25737,-97.8767,54,43.818119
Shape_Route_11_B,22.25397,-97.87619,55,44.198177
Shape_Route_11_B,22.24795,-97.87396,56,44.903148
Shape_Route_11_B,22.24289,-97.87136,57,45.524117
Shape_Route_11_B,22.23214,-97.86685,58,46.801779
Shape_Route_11_B,22.2239,-97.86366,59,47.771458
Shape_Route_11_B,22.22255,-97.86331,60,47.925206
Shape_Route_11_B,22.22066,-97.86327,61,48.134484
Shape_Route_11_B,22.21939,-97.86265,62,48.288926
Shape_Route_11_B,22.2179,-97.85928,63,48.67348
Shape_Route_11_B,22.21457,-97.86092,64,49.07905
Shape_Route_11_B,22.21565,-97.86345,65,49.365948
Shape_Route_11_B,22.21748,-97.86262,66,49.585868
Shape_Route_11_B,22.21561,-97.85838,67,50.069483
Shape_Route_11_B,22.21478,-97.85884,68,50.172884
Shape_Route_11_B,22.21514,-97.85962,69,50.262624
Shape_Route_11_B,22.21842,-97.85801,70,50.661873
Shape_Route_11_B,22.22066,-97.86327,71,51.258088
Shape_Route_11_B,22.22255,-97.86331,72,51.467366
Shape_Route_11_B,22.2239,-97.86366,73,51.621114
Shape_Route_11_B,22.23214,-97.86685,74,52.590793
Shape_Route_11_B,22.24289,-97.87136,75,53.868455
Shape_Route_11_B,22.24795,-97.87396,76,54.489425
Shape_Route_11_B,22.25397,-97.87619,77,55.194396
Shape_Route_11_B,22.25737,-97.8767,78,55.574453
Shape_Route_11_B,22.25947,-97.87621,79,55.81236
Shape_Route_11_B,22.26537,-97.8746,80,56.486277
Shape_Route_11_B,22.26698,-97.87381,81,56.682227
Shape_Route_11_B,22.26984,-97.8737,82,56.999055
Shape_Route_11_B,22.27282,-97.87464,83,57.342889
Shape_Route_11_B,22.27792,-97.87321,84,57.92641
Shape_Route_11_B,22.28209,-97.87284,85,58.389634
Shape_Route_11_B,22.28352,-97.87355,86,58.564031
Shape_Route_11_B,22.28483,-97.87402,87,58.71693
Shape_Route_11_B,22.28814,-97.87295,88,59.099598
Shape_Route_11_B,22.29114,-97.87329,89,59.433565
Shape_Route_11_B,22.30468,-97.88166,90,61.162873
Shape_Route_11_B,22.30629,-97.88177,91,61.341474
Shape_Route_11_B,22.33124,-97.87389,92,64.220443
Shape_Route_11_B,22.33515,-97.87325,93,64.658305
Shape_Route_11_B,22.33595,-97.87323,94,64.746896
Shape_Route_11_B,22.34579,-97.87636,95,65.882966
Shape_Route_11_B,22.34916,-97.87964,96,66.386252
Shape_Route_11_B,22.35093,-97.88273,97,66.759963
Shape_Route_11_B,22.35428,-97.88735,98,67.363208
Shape_Route_11_B,22.36952,-97.90138,99,69.584435
Shape_Route_11_B,22.37516,-97.90704,100,70.438547
Shape_Route_11_B,22.38671,-97.91897,101,72.211607
Shape_Route_11_B,22.38736,-97.92052,102,72.38666
Shape_Route_11_B,22.38887,-97.92198,103,72.61147
Shape_Route_11_B,22.39018,-97.92297,104,72.78873
Shape_Route_11_B,22.39044,-97.92372,105,72.871134
Shape_Route_11_B,22.39163,-97.92949,106,73.479595
Shape_Route_11_B,22.39532,-97.93333,107,74.04807
Shape_Route_11_B,22.39621,-97.9376,108,74.498562
Shape_Route_11_B,22.39694,-97.93803,109,74.590708
Shape_Route_11_B,22.40579,-97.93721,110,75.574102
Shape_Route_11_B,22.41605,-97.94161,111,76.796934
Shape_Route_11_B,22.41841,-97.94258,112,77.076632
Shape_Route_11_B,22.41968,-97.9429,113,77.221038
Shape_Route_11_B,22.42357,-97.94586,114,77.748564
Shape_Route_11_B,22.42648,-97.94944,115,78.238012
Shape_Route_11_B,22.44225,-97.97116,116,81.074374
Shape_Route_11_B,22.4527,-97.97852,117,82.457145
Shape_Route_11_B,22.47015,-97.99052,118,84.749887
Shape_Route_11_B,22.47194,-97.99221,119,85.013526
Shape_Route_11_B,22.47592,-98.00129,120,86.04644
Shape_Route_11_B,22.47985,-98.01058,121,87.096604
Shape_Route_11_B,22.47372,-98.01157,122,87.782837
Shape_Route_11_B,22.44112,-98.01629,123,91.424396
Shape_Route_11_B,22.44094,-98.01569,124,91.489279
Shape_Route_11_B,22.43527,-98.01648,125,92.122225
Shape_Route_11_B,22.44816,-98.05482,126,96.31794
Shape_Route_11_B,22.4507,-98.06285,127,97.190795
Shape_Route_11_B,22.44729,-98.06457,128,97.607732
Shape_Route_11_B,22.44391,-98.06723,129,98.07135
Shape_Route_11_B,22.43523,-98.07414,130,99.266777
Shape_Route_13,22.218,-97.85496,1,0.0
Shape_Route_13,22.21717,-97.85541,2,0.102932
Shape_Route_13,22.22063,-97.86321,3,0.993534
Shape_Route_13,22.22171,-97.86321,4,1.113099
Shape_Route_13,22.22353,-97.86345,5,1.3161
Shape_Route_13,22.22632,-97.86454,6,1.644774
Shape_Route_13,22.22948,-97.86576,7,2.016524
Shape_Route_13,22.23819,-97.8693,8,3.047509
Shape_Route_13,22.24329,-97.87146,9,3.654421
Shape_Route_13,22.24811,-97.87394,10,4.246085
Shape_Route_13,22.24964,-97.87462,11,4.429392
Shape_Route_13,22.25391,-97.87612,12,4.926747
Shape_Route_13,22.25729,-97.87657,13,5.303802
Shape_Route_13,22.25961,-97.87608,14,5.56556
Shape_Route_13,22.26527,-97.87449,15,6.213234
Shape_Route_13,22.26718,-97.87359,16,6.444129
Shape_Route_13,22.27035,-97.8737,17,6.795257
Shape_Route_13,22.27216,-97.87458,18,7.0152
Shape_Route_13,22.27562,-97.87396,19,7.40354
Shape_Route_13,22.27967,-97.87297,20,7.863365
Shape_Route_13,22.28241,-97.87299,21,8.166713
Shape_Route_13,22.28447,-97.87385,22,8.41138
Shape_Route_13,22.28624,-97.8737,23,8.607943
Shape_Route_13,22.28826,-97.87282,24,8.849253
Shape_Route_13,22.28953,-97.87203,25,9.011712
Shape_Route_13,22.29057,-97.87259,26,9.140496
Shape_Route_13,22.29166,-97.87368,27,9.305337
Shape_Route_13,22.30446,-97.88166,28,10.943609
Shape_Route_13,22.30559,-97.8817,29,11.068777
Shape_Route_13,22.30861,-97.88102,30,11.410376
Shape_Route_13,22.30902,-97.87388,31,12.147287
Shape_Route_13,22.30887,-97.87097,32,12.447514
Shape_Route_13,22.30872,-97.86898,33,12.653182
Shape_Route_13,22.31026,-97.86889,34,12.823925
Shape_Route_13,22.31019,-97.86409,35,13.318445
Shape_Route_13,22.31589,-97.86511,36,13.958173
Shape_Route_13,22.31549,-97.86216,37,14.265257
Shape_Route_13,22.31527,-97.86195,38,14.297832
Shape_Route_13,22.31617,-97.85897,39,14.620563
Shape_Route_13,22.32143,-97.86077,40,15.231698
Shape_Route_13,22.32163,-97.8604,41,15.275775
Shape_Route_13,22.32217,-97.86055,42,15.337522
Shape_Route_13,22.32739,-97.86267,43,15.955303
Shape_Route_13,22.3277,-97.86173,44,16.058025
Shape_Route_13,22.32855,-97.86211,45,16.159943
Shape_Route_13,22.3277,-97.86173,46,16.261861
Shape_Route_13,22.32739,-97.86267,47,16.364583
Shape_Route_13,22.32217,-97.86055,48,16.982364
Shape_Route_13,22.32163,-97.8604,49,17.044112
Shape_Route_13,22.32143,-97.86077,50,17.088188
Shape_Route_13,22.31617,-97.85897,51,17.699323
Shape_Route_13,22.31527,-97.86195,52,18.022054
Shape_Route_13,22.31549,-97.86216,53,18.054629
Shape_Route_13,22.31589,-97.86511,54,18.361713
Shape_Route_13,22.31019,-97.86409,55,19.001442
Shape_Route_13,22.31026,-97.86889,56,19.495961
Shape_Route_13,22.3108,-97.86894,57,19.555965
Shape_Route_13,22.3109,-97.87359,58,20.035097
Shape_Route_13,22.31097,-97.8752,59,20.201126
Shape_Route_13,22.31062,-97.88039,60,20.737158
Shape_Route_13,22.30861,-97.88102,61,20.968952
Shape_Route_13,22.30559,-97.8817,62,21.310551
Shape_Route_13,22.30446,-97.88166,63,21.435719
Shape_Route_13,22.29166,-97.87368,64,23.073991
Shape_Route_13,22.29057,-97.87259,65,23.238832
Shape_Route_13,22.28953,-97.87203,66,23.367616
Shape_Route_13,22.28826,-97.87282,67,23.530075
Shape_Route_13,22.28624,-97.8737,68,23.771385
Shape_Route_13,22.28447,-97.87385,69,23.967948
Shape_Route_13,22.28241,-97.87299,70,24.212615
Shape_Route_13,22.27967,-97.87297,71,24.515962
Shape_Route_13,22.27562,-97.87396,72,24.975788
Shape_Route_13,22.27216,-97.87458,73,25.364128
Shape_Route_13,22.27035,-97.8737,74,25.584071
Shape_Route_13,22.26718,-97.87359,75,25.935199
Shape_Route_13,22.26527,-97.87449,76,26.166094
Shape_Route_13,22.25961,-97.87608,77,26.813768
Shape_Route_13,22.25729,-97.87657,78,27.075526
Shape_Route_13,22.25391,-97.87612,79,27.452581
Shape_Route_13,22.24964,-97.87462,80,27.949936
Shape_Route_13,22.24811,-97.87394,81,28.133243
Shape_Route_13,22.24329,-97.87146,82,28.724907
Shape_Route_13,22.23819,-97.8693,83,29.331819
Shape_Route_13,22.22948,-97.86576,84,30.362804
Shape_Route_13,22.22632,-97.86454,85,30.734554
Shape_Route_13,22.22353,-97.86345,86,31.063228
Shape_Route_13,22.22171,-97.86321,87,31.266229
Shape_Route_13,22.22063,-97.86321,88,31.385794
Shape_Route_13,22.21951,-97.86273,89,31.519294
Shape_Route_13,22.21635,-97.85587,90,32.308228
Shape_Route_13,22.21717,-97.85541,91,32.410646
Shape_Route_14,22.21719,-97.85542,1,0.0
Shape_Route_14,22.22062,-97.86321,2,0.888247
Shape_Route_14,22.22118,-97.86322,3,0.950252
Shape_Route_14,22.22356,-97.8634,4,1.214389
Shape_Route_14,22.22787,-97.86514,5,1.724132
Shape_Route_14,22.23288,-97.86709,6,2.314072
Shape_Route_14,22.23856,-97.86949,7,2.989795
Shape_Route_14,22.24557,-97.87252,8,3.826329
Shape_Route_14,22.2476,-97.87368,9,4.080884
Shape_Route_14,22.25081,-97.87505,10,4.463275
Shape_Route_14,22.25518,-97.8764,11,4.966675
Shape_Route_14,22.25713,-97.8766,12,5.183536
Shape_Route_14,22.25953,-97.87617,13,5.452905
Shape_Route_14,22.26058,-97.87572,14,5.578056
Shape_Route_14,22.26549,-97.87439,15,6.138643
Shape_Route_14,22.26819,-97.87361,16,6.448172
Shape_Route_14,22.27069,-97.87376,17,6.725374
Shape_Route_14,22.2727,-97.87462,18,6.964892
Shape_Route_14,22.27436,-97.87419,19,7.153933
Shape_Route_14,22.27546,-97.87385,20,7.280651
Shape_Route_14,22.27595,-97.87561,21,7.469936
Shape_Route_14,22.27558,-97.87565,22,7.511105
Shape_Route_14,22.27434,-97.87687,23,7.697243
Shape_Route_14,22.275,-97.87891,24,7.919778
Shape_Route_14,22.27617,-97.88035,25,8.116735
Shape_Route_14,22.2778,-97.87939,26,8.322521
Shape_Route_14,22.27955,-97.87891,27,8.522473
Shape_Route_14,22.28078,-97.87868,28,8.66069
Shape_Route_14,22.28221,-97.87921,29,8.828156
Shape_Route_14,22.28301,-97.87968,30,8.929097
Shape_Route_14,22.28328,-97.87993,31,8.968555
Shape_Route_14,22.28359,-97.88054,32,9.040164
Shape_Route_14,22.28398,-97.88109,33,9.111405
Shape_Route_14,22.28453,-97.8812,34,9.173341
Shape_Route_14,22.28503,-97.88116,35,9.228848
Shape_Route_14,22.28529,-97.88096,36,9.264247
Shape_Route_14,22.28723,-97.88072,37,9.48044
Shape_Route_14,22.2873,-97.88207,38,9.619744
Shape_Route_14,22.28707,-97.88353,39,9.772306
Shape_Route_14,22.28617,-97.88359,40,9.872134
Shape_Route_14,22.28556,-97.88337,41,9.943369
Shape_Route_14,22.28507,-97.88281,42,10.022562
Shape_Route_14,22.28427,-97.88343,43,10.131762
Shape_Route_14,22.28574,-97.88427,44,10.316084
Shape_Route_14,22.28674,-97.88465,45,10.433511
Shape_Route_14,22.28689,-97.88456,46,10.45253
Shape_Route_14,22.288,-97.88482,47,10.578302
Shape_Route_14,22.28893,-97.88485,48,10.681307
Shape_Route_14,22.2889,-97.88532,49,10.729843
Shape_Route_14,22.28951,-97.88551,50,10.800155
Shape_Route_14,22.29016,-97.88632,51,10.910348
Shape_Route_14,22.28982,-97.8875,52,11.037613
Shape_Route_14,22.28976,-97.88787,53,11.076307
Shape_Route_14,22.289,-97.8871,54,11.191947
Shape_Route_14,22.28701,-97.88646,55,11.421911
Shape_Route_14,22.28741,-97.88802,56,11.588624
Shape_Route_14,22.2878,-97.88863,57,11.664874
Shape_Route_14,22.28889,-97.88848,58,11.786531
Shape_Route_14,22.28983,-97.88921,59,11.914929
Shape_Route_14,22.29004,-97.89134,60,12.135603
Shape_Route_14,22.28801,-97.8909,61,12.364866
Shape_Route_14,22.2878,-97.88863,62,12.599892
Shape_Route_14,22.28801,-97.8909,63,12.834918
Shape_Route_14,22.29004,-97.89134,64,13.064181
Shape_Route_14,22.28983,-97.88921,65,13.284855
Shape_Route_14,22.28889,-97.88848,66,13.413253
Shape_Route_14,22.2878,-97.88863,67,13.53491
Shape_Route_14,22.28741,-97.88802,68,13.61116
Shape_Route_14,22.28701,-97.88646,69,13.777873
Shape_Route_14,22.289,-97.8871,70,14.007837
Shape_Route_14,22.28648,-97.88612,71,14.30453
Shape_Route_14,22.28689,-97.88456,72,14.471541
Shape_Route_14,22.28674,-97.88465,73,14.490561
Shape_Route_14,22.28574,-97.88427,74,14.607988
Shape_Route_14,22.28427,-97.88343,75,14.79231
Shape_Route_14,22.28507,-97.88281,76,14.901509
Shape_Route_14,22.28556,-97.88337,77,14.980703
Shape_Route_14,22.28617,-97.88359,78,15.051937
Shape_Route_14,22.28707,-97.88353,79,15.151766
Shape_Route_14,22.2873,-97.88207,80,15.304328
Shape_Route_14,22.28723,-97.88072,81,15.443632
Shape_Route_14,22.28529,-97.88096,82,15.659824
Shape_Route_14,22.28503,-97.88116,83,15.695224
Shape_Route_14,22.28453,-97.8812,84,15.750731
Shape_Route_14,22.28398,-97.88109,85,15.812666
Shape_Route_14,22.28359,-97.88054,86,15.883908
Shape_Route_14,22.28328,-97.87993,87,15.955517
Shape_Route_14,22.28301,-97.87968,88,15.994975
Shape_Route_14,22.28221,-97.87921,89,16.095916
Shape_Route_14,22.28078,-97.87868,90,16.263381
Shape_Route_14,22.27955,-97.87891,91,16.401599
Shape_Route_14,22.2778,-97.87939,92,16.601551
Shape_Route_14,22.27617,-97.88035,93,16.807337
Shape_Route_14,22.275,-97.87891,94,17.004294
Shape_Route_14,22.27434,-97.87687,95,17.226829
Shape_Route_14,22.27558,-97.87565,96,17.412967
Shape_Route_14,22.27595,-97.87561,97,17.454136
Shape_Route_14,22.27546,-97.87385,98,17.643421
Shape_Route_14,22.27436,-97.87419,99,17.770139
Shape_Route_14,22.2727,-97.87462,100,17.95918
Shape_Route_14,22.27069,-97.87376,101,18.198698
Shape_Route_14,22.26819,-97.87361,102,18.4759
Shape_Route_14,22.26549,-97.87439,103,18.785429
Shape_Route_14,22.26058,-97.87572,104,19.346016
Shape_Route_14,22.25953,-97.87617,105,19.471167
Shape_Route_14,22.25713,-97.8766,106,19.740535
Shape_Route_14,22.25518,-97.8764,107,19.957397
Shape_Route_14,22.25081,-97.87505,108,20.460796
Shape_Route_14,22.2476,-97.87368,109,20.843188
Shape_Route_14,22.24557,-97.87252,110,21.097743
Shape_Route_14,22.23856,-97.86949,111,21.934277
Shape_Route_14,22.23288,-97.86709,112,22.61
Shape_Route_14,22.22787,-97.86514,113,23.199939
Shape_Route_14,22.22356,-97.8634,114,23.709683
Shape_Route_14,22.22161,-97.86324,115,23.926192
Shape_Route_14,22.21877,-97.85668,116,24.671908
Shape_Route_14,22.21711,-97.85763,117,24.880145
Shape_Route_14,22.21681,-97.85673,118,24.978684
Shape_Route_14,22.21764,-97.85617,119,25.087199
Shape_Route_15,22.24795,-97.83747,1,0.0
Shape_Route_15,22.25002,-97.8413,2,0.456416
Shape_Route_15,22.25214,-97.83996,3,0.728731
Shape_Route_15,22.25501,-97.84534,4,1.367755
Shape_Route_15,22.2559,-97.8448,5,1.480914
Shape_Route_15,22.25716,-97.84332,6,1.687602
Shape_Route_15,22.25802,-97.84417,7,1.816976
Shape_Route_15,22.25859,-97.84456,8,1.891791
Shape_Route_15,22.26167,-97.85044,9,2.587077
Shape_Route_15,22.26211,-97.85212,10,2.76692
Shape_Route_15,22.26286,-97.85183,11,2.855166
Shape_Route_15,22.26485,-97.85801,12,3.529025
Shape_Route_15,22.26977,-97.85613,13,4.107135
Shape_Route_15,22.27046,-97.85818,14,4.331759
Shape_Route_15,22.27498,-97.85643,15,4.863659
Shape_Route_15,22.27536,-97.85605,16,4.92113
Shape_Route_15,22.2747,-97.85529,17,5.028234
Shape_Route_15,22.27507,-97.85512,18,5.072784
Shape_Route_15,22.27675,-97.85629,19,5.294428
Shape_Route_15,22.27841,-97.85947,20,5.670103
Shape_Route_15,22.28109,-97.86259,21,6.107564
Shape_Route_15,22.28337,-97.86443,22,6.423245
Shape_Route_15,22.28528,-97.86623,23,6.704504
Shape_Route_15,22.28699,-97.86874,24,7.024996
Shape_Route_15,22.28779,-97.86987,25,7.171278
Shape_Route_15,22.28895,-97.87111,26,7.352423
Shape_Route_15,22.2902,-97.87223,27,7.532604
Shape_Route_15,22.29135,-97.87334,28,7.703739
Shape_Route_15,22.3013,-97.87961,29,8.980711
Shape_Route_15,22.30129,-97.885,30,9.53598
Shape_Route_15,22.3033,-97.88873,31,9.980017
Shape_Route_15,22.30639,-97.88823,32,10.325961
Shape_Route_15,22.30987,-97.8875,33,10.718495
Shape_Route_15,22.31346,-97.88672,34,11.123978
Shape_Route_15,22.31542,-97.88628,35,11.345649
Shape_Route_15,22.31734,-97.88547,36,11.573998
Shape_Route_15,22.31727,-97.88247,37,11.883115
Shape_Route_15,22.3231,-97.88267,38,12.528874
Shape_Route_15,22.32358,-97.88685,39,12.962689
Shape_Route_15,22.31866,-97.88887,40,13.545761
Shape_Route_15,22.31926,-97.88252,41,14.203209
Shape_Route_15,22.31866,-97.88887,42,14.860656
Shape_Route_15,22.32358,-97.88685,43,15.443728
Shape_Route_15,22.3231,-97.88267,44,15.877544
Shape_Route_15,22.31788,-97.88252,45,16.455648
Shape_Route_15,22.31782,-97.88565,46,16.778126
Shape_Route_15,22.31727,-97.88574,47,16.839717
Shape_Route_15,22.31542,-97.88628,48,17.051946
Shape_Route_15,22.31346,-97.88672,49,17.273617
Shape_Route_15,22.30987,-97.8875,50,17.6791
Shape_Route_15,22.30639,-97.88823,51,18.071635
Shape_Route_15,22.3033,-97.88873,52,18.417579
Shape_Route_15,22.30129,-97.885,53,18.861615
Shape_Route_15,22.3013,-97.87961,54,19.416885
Shape_Route_15,22.29135,-97.87334,55,20.693856
Shape_Route_15,22.2902,-97.87223,56,20.864991
Shape_Route_15,22.28895,-97.87111,57,21.045173
Shape_Route_15,22.28779,-97.86987,58,21.226318
Shape_Route_15,22.28699,-97.86874,59,21.372599
Shape_Route_15,22.28528,-97.86623,60,21.693091
Shape_Route_15,22.28337,-97.86443,61,21.97435
Shape_Route_15,22.28109,-97.86259,62,22.290031
Shape_Route_15,22.27841,-97.85947,63,22.727492
Shape_Route_15,22.27736,-97.85847,64,22.882828
Shape_Route_15,22.27615,-97.85705,65,23.081201
Shape_Route_15,22.27556,-97.85638,66,23.176239
Shape_Route_15,22.275,-97.85653,67,23.240134
Shape_Route_15,22.27046,-97.85818,68,23.770727
Shape_Route_15,22.26977,-97.85613,69,23.995351
Shape_Route_15,22.26485,-97.85801,70,24.573461
Shape_Route_15,22.26286,-97.85183,71,25.24732
Shape_Route_15,22.26211,-97.85212,72,25.335566
Shape_Route_15,22.26167,-97.85044,73,25.515409
Shape_Route_15,22.25859,-97.84456,74,26.210695
Shape_Route_15,22.25802,-97.84417,75,26.28551
Shape_Route_15,22.25716,-97.84332,76,26.414884
Shape_Route_15,22.2559,-97.8448,77,26.621572
Shape_Route_15,22.25501,-97.84534,78,26.734731
Shape_Route_15,22.25176,-97.83918,79,27.464423
Shape_Route_15,22.2503,-97.8401,80,27.651814
Shape_Route_15,22.24868,-97.83707,81,28.011918
Shape_Route_16,22.32935,-97.8467,1,0.0
Shape_Route_16,22.32893,-97.84656,2,0.048683
Shape_Route_16,22.32882,-97.84676,3,0.072613
Shape_Route_16,22.32873,-97.847,4,0.099265
Shape_Route_16,22.32877,-97.84727,5,0.127425
Shape_Route_16,22.32857,-97.84741,6,0.153849
Shape_Route_16,22.3263,-97.84662,7,0.418005
Shape_Route_16,22.32541,-97.84915,8,0.696604
Shape_Route_16,22.32285,-97.85378,9,1.251365
Shape_Route_16,22.31764,-97.85135,10,1.88013
Shape_Route_16,22.31893,-97.84804,11,2.249784
Shape_Route_16,22.31849,-97.84549,12,2.51693
Shape_Route_16,22.31805,-97.84496,13,2.590097
Shape_Route_16,22.31644,-97.84425,14,2.78276
Shape_Route_16,22.31404,-97.8435,15,3.059467
Shape_Route_16,22.31125,-97.84712,16,3.543679
Shape_Route_16,22.31163,-97.84747,17,3.599084
Shape_Route_16,22.31088,-97.84847,18,3.731394
Shape_Route_16,22.31362,-97.85085,19,4.121425
Shape_Route_16,22.31346,-97.85111,20,4.153535
Shape_Route_16,22.31744,-97.85247,21,4.615893
Shape_Route_16,22.3182,-97.8531,22,4.722151
Shape_Route_16,22.31856,-97.8533,23,4.767016
Shape_Route_16,22.32109,-97.85507,24,5.101221
Shape_Route_16,22.32007,-97.85896,25,5.517519
Shape_Route_16,22.31519,-97.85729,26,6.084505
Shape_Route_16,22.31485,-97.85858,27,6.222615
Shape_Route_16,22.31125,-97.85734,28,6.641136
Shape_Route_16,22.31133,-97.85709,29,6.66837
Shape_Route_16,22.30935,-97.85643,30,6.897875
Shape_Route_16,22.30611,-97.85505,31,7.283716
Shape_Route_16,22.30509,-97.85769,32,7.57819
Shape_Route_16,22.30495,-97.85763,33,7.594877
Shape_Route_16,22.30356,-97.86158,34,8.029919
Shape_Route_16,22.30735,-97.8632,35,8.481476
Shape_Route_16,22.30708,-97.86378,36,8.548284
Shape_Route_16,22.30714,-97.86594,37,8.770895
Shape_Route_16,22.30718,-97.86783,38,8.965642
Shape_Route_16,22.30719,-97.86905,39,9.091325
Shape_Route_16,22.30875,-97.86903,40,9.264043
Shape_Route_16,22.309,-97.87391,41,9.767508
Shape_Route_16,22.30859,-97.88111,42,10.510588
Shape_Route_16,22.30655,-97.88176,43,10.74615
Shape_Route_16,22.30554,-97.88184,44,10.858269
Shape_Route_16,22.30407,-97.88154,45,11.023918
Shape_Route_16,22.29848,-97.87795,46,11.744866
Shape_Route_16,22.29538,-97.87608,47,12.138436
Shape_Route_16,22.29124,-97.87342,48,12.672449
Shape_Route_16,22.28902,-97.873,49,12.922001
Shape_Route_16,22.28806,-97.87306,50,13.028461
Shape_Route_16,22.28638,-97.87362,51,13.223194
Shape_Route_16,22.28509,-97.87405,52,13.372722
Shape_Route_16,22.28405,-97.87392,53,13.488635
Shape_Route_16,22.28265,-97.87314,54,13.663223
Shape_Route_16,22.28078,-97.87302,55,13.870616
Shape_Route_16,22.27773,-97.87335,56,14.209983
Shape_Route_16,22.27498,-97.87423,57,14.527646
Shape_Route_16,22.27293,-97.87483,58,14.762868
Shape_Route_16,22.27083,-97.87415,59,15.005684
Shape_Route_16,22.26959,-97.87378,60,15.148158
Shape_Route_16,22.26774,-97.87385,61,15.353094
Shape_Route_16,22.26094,-97.87578,62,16.131735
Shape_Route_16,22.25733,-97.87664,63,16.541098
Shape_Route_16,22.25385,-97.87619,64,16.929142
Shape_Route_16,22.24817,-97.87411,65,17.593494
Shape_Route_16,22.24239,-97.8711,66,18.304613
Shape_Route_16,22.23161,-97.86668,67,19.582033
Shape_Route_16,22.22589,-97.86441,68,20.257123
Shape_Route_16,22.22394,-97.86365,69,20.486777
Shape_Route_16,22.22212,-97.86325,70,20.69244
Shape_Route_16,22.2206,-97.86327,71,20.860729
Shape_Route_16,22.2183,-97.85796,72,21.464406
Shape_Route_16,22.21594,-97.85924,73,21.757102
Shape_Route_16,22.21633,-97.86009,74,21.854782
Shape_Route_16,22.21794,-97.85928,75,22.051609
Shape_Route_16,22.21943,-97.86267,76,22.438025
Shape_Route_16,22.2206,-97.86327,77,22.581561
Shape_Route_16,22.21943,-97.86267,78,22.725097
Shape_Route_16,22.21794,-97.85928,79,23.111514
Shape_Route_16,22.21633,-97.86009,80,23.308341
Shape_Route_16,22.21594,-97.85924,81,23.40602
Shape_Route_16,22.2183,-97.85796,82,23.698717
Shape_Route_16,22.2206,-97.86327,83,24.302394
Shape_Route_16,22.22212,-97.86325,84,24.470682
Shape_Route_16,22.22394,-97.86365,85,24.676345
Shape_Route_16,22.22589,-97.86441,86,24.905999
Shape_Route_16,22.23161,-97.86668,87,25.58109
Shape_Route_16,22.24239,-97.8711,88,26.85851
Shape_Route_16,22.24817,-97.87411,89,27.569629
Shape_Route_16,22.25385,-97.87619,90,28.23398
Shape_Route_16,22.25733,-97.87664,91,28.622024
Shape_Route_16,22.26094,-97.87578,92,29.031387
Shape_Route_16,22.26774,-97.87385,93,29.810028
Shape_Route_16,22.26959,-97.87378,94,30.014965
Shape_Route_16,22.27083,-97.87415,95,30.157439
Shape_Route_16,22.27293,-97.87483,96,30.400255
Shape_Route_16,22.27498,-97.87423,97,30.635476
Shape_Route_16,22.27773,-97.87335,98,30.953139
Shape_Route_16,22.28078,-97.87302,99,31.292507
Shape_Route_16,22.28265,-97.87314,100,31.4999
Shape_Route_16,22.28405,-97.87392,101,31.674488
Shape_Route_16,22.28509,-97.87405,102,31.790401
Shape_Route_16,22.28638,-97.87362,103,31.939928
Shape_Route_16,22.28806,-97.87306,104,32.134662
Shape_Route_16,22.28902,-97.873,105,32.241121
Shape_Route_16,22.29124,-97.87342,106,32.490674
Shape_Route_16,22.29538,-97.87608,107,33.024686
Shape_Route_16,22.29848,-97.87795,108,33.418256
Shape_Route_16,22.30407,-97.88154,109,34.139204
Shape_Route_16,22.30554,-97.88184,110,34.304854
Shape_Route_16,22.30655,-97.88176,111,34.416972
Shape_Route_16,22.31062,-97.88024,112,34.893986
Shape_Route_16,22.31103,-97.87524,113,35.411039
Shape_Route_16,22.31078,-97.86892,114,36.06266
Shape_Route_16,22.30719,-97.86905,115,36.46033
Shape_Route_16,22.30718,-97.86783,116,36.586012
Shape_Route_16,22.30714,-97.86594,117,36.78076
Shape_Route_16,22.30708,-97.86378,118,37.003371
Shape_Route_16,22.30735,-97.8632,119,37.070179
Shape_Route_16,22.30356,-97.86158,120,37.521736
Shape_Route_16,22.30495,-97.85763,121,37.956778
Shape_Route_16,22.30509,-97.85769,122,37.973465
Shape_Route_16,22.30611,-97.85505,123,38.267939
Shape_Route_16,22.30935,-97.85643,124,38.65378
Shape_Route_16,22.31133,-97.85709,125,38.883285
Shape_Route_16,22.31125,-97.85734,126,38.910519
Shape_Route_16,22.31485,-97.85858,127,39.32904
Shape_Route_16,22.31519,-97.85729,128,39.46715
Shape_Route_16,22.32007,-97.85896,129,40.034136
Shape_Route_16,22.32109,-97.85507,130,40.450434
Shape_Route_16,22.31856,-97.8533,131,40.784639
Shape_Route_16,22.3182,-97.8531,132,40.829504
Shape_Route_16,22.31744,-97.85247,133,40.935762
Shape_Route_16,22.31346,-97.85111,134,41.39812
Shape_Route_16,22.31362,-97.85085,135,41.43023
Shape_Route_16,22.31088,-97.84847,136,41.820261
Shape_Route_16,22.31163,-97.84747,137,41.952571
Shape_Route_16,22.31125,-97.84712,138,42.007976
Shape_Route_16,22.31404,-97.8435,139,42.492188
Shape_Route_16,22.31644,-97.84425,140,42.768895
Shape_Route_16,22.31805,-97.84496,141,42.961558
Shape_Route_16,22.31849,-97.84549,142,43.034725
Shape_Route_16,22.31893,-97.84804,143,43.30187
Shape_Route_16,22.31764,-97.85135,144,43.671525
Shape_Route_16,22.32285,-97.85378,145,44.30029
Shape_Route_16,22.32541,-97.84915,146,44.855051
Shape_Route_16,22.3263,-97.84662,147,45.13365
Shape_Route_16,22.32857,-97.84741,148,45.397806
Shape_Route_16,22.32877,-97.84727,149,45.424229
Shape_Route_16,22.32873,-97.847,150,45.45239
Shape_Route_16,22.32882,-97.84676,151,45.479042
Shape_Route_16,22.32894,-97.84659,152,45.501021
Shape_Route_16,22.3291,-97.84665,153,45.519782
Shape_Route_17,22.32544,-97.84907,1,0.0
Shape_Route_17,22.32435,-97.85089,2,0.222945
Shape_Route_17,22.32278,-97.85395,3,0.582883
Shape_Route_17,22.32285,-97.85372,4,0.607809
Shape_Route_17,22.31485,-97.85001,5,1.572414
Shape_Route_17,22.31474,-97.85019,6,1.594597
Shape_Route_17,22.31441,-97.84988,7,1.64312
Shape_Route_17,22.31366,-97.85087,8,1.774627
Shape_Route_17,22.3135,-97.85113,9,1.806738
Shape_Route_17,22.30623,-97.84869,10,2.64993
Shape_Route_17,22.30573,-97.84901,11,2.714357
Shape_Route_17,22.30511,-97.84883,12,2.785457
Shape_Route_17,22.30442,-97.84853,13,2.867861
Shape_Route_17,22.30356,-97.84818,14,2.96967
Shape_Route_17,22.30417,-97.84651,15,3.154489
Shape_Route_17,22.30348,-97.8462,16,3.237286
Shape_Route_17,22.30349,-97.84599,17,3.258948
Shape_Route_17,22.30079,-97.84593,18,3.557927
Shape_Route_17,22.30083,-97.84443,19,3.71252
Shape_Route_17,22.30077,-97.84425,20,3.732217
Shape_Route_17,22.29806,-97.84442,21,4.032751
Shape_Route_17,22.2964,-97.84471,22,4.218941
Shape_Route_17,22.29624,-97.84481,23,4.239432
Shape_Route_17,22.29615,-97.84604,24,4.366542
Shape_Route_17,22.28927,-97.84543,25,5.13081
Shape_Route_17,22.28923,-97.84603,26,5.192786
Shape_Route_17,22.28827,-97.84592,27,5.299669
Shape_Route_17,22.2885,-97.84696,28,5.409803
Shape_Route_17,22.2885,-97.84711,29,5.425257
Shape_Route_17,22.28637,-97.84794,30,5.676095
Shape_Route_17,22.28519,-97.84436,31,6.067395
Shape_Route_17,22.2813,-97.84584,32,6.524254
Shape_Route_17,22.28012,-97.84226,33,6.915567
Shape_Route_17,22.27944,-97.84013,34,7.147585
Shape_Route_17,22.27695,-97.84112,35,7.441519
Shape_Route_17,22.27688,-97.84154,36,7.485483
Shape_Route_17,22.27684,-97.84294,37,7.629804
Shape_Route_17,22.27669,-97.84374,38,7.71389
Shape_Route_17,22.27634,-97.84437,39,7.789489
Shape_Route_17,22.27513,-97.84548,40,7.96563
Shape_Route_17,22.27499,-97.84572,41,7.994815
Shape_Route_17,22.27455,-97.8456,42,8.045072
Shape_Route_17,22.26987,-97.8475,43,8.598945
Shape_Route_17,22.26961,-97.84755,44,8.628186
Shape_Route_17,22.26831,-97.84597,45,8.845488
Shape_Route_17,22.266,-97.84378,46,9.186556
Shape_Route_17,22.26104,-97.84569,47,9.76988
Shape_Route_17,22.25987,-97.84312,48,10.064696
Shape_Route_17,22.25885,-97.84371,49,10.192946
Shape_Route_17,22.251,-97.83601,50,11.36978
Shape_Route_17,22.25081,-97.83576,51,11.40304
Shape_Route_17,22.2503,-97.83556,52,11.463146
Shape_Route_17,22.24986,-97.83611,53,11.537883
Shape_Route_17,22.25292,-97.83911,54,11.996523
Shape_Route_17,22.25346,-97.83843,55,12.088636
Shape_Route_17,22.25292,-97.83911,56,12.180749
Shape_Route_17,22.24986,-97.83611,57,12.639388
Shape_Route_17,22.2503,-97.83556,58,12.714125
Shape_Route_17,22.25081,-97.83576,59,12.774232
Shape_Route_17,22.251,-97.83601,60,12.807492
Shape_Route_17,22.25885,-97.84371,61,13.984325
Shape_Route_17,22.25987,-97.84312,62,14.112576
Shape_Route_17,22.26104,-97.84569,63,14.407392
Shape_Route_17,22.266,-97.84378,64,14.990716
Shape_Route_17,22.26831,-97.84597,65,15.331784
Shape_Route_17,22.26961,-97.84755,66,15.549085
Shape_Route_17,22.26987,-97.8475,67,15.578327
Shape_Route_17,22.27455,-97.8456,68,16.1322
Shape_Route_17,22.27499,-97.84572,69,16.182457
Shape_Route_17,22.27513,-97.84548,70,16.211642
Shape_Route_17,22.27634,-97.84437,71,16.387783
Shape_Route_17,22.27669,-97.84374,72,16.463382
Shape_Route_17,22.27684,-97.84294,73,16.547468
Shape_Route_17,22.27688,-97.84154,74,16.691788
Shape_Route_17,22.27695,-97.84112,75,16.735753
Shape_Route_17,22.27944,-97.84013,76,17.029686
Shape_Route_17,22.28012,-97.84226,77,17.261704
Shape_Route_17,22.2813,-97.84584,78,17.653018
Shape_Route_17,22.28519,-97.84436,79,18.109876
Shape_Route_17,22.28637,-97.84794,80,18.501177
Shape_Route_17,22.2885,-97.84711,81,18.752014
Shape_Route_17,22.2885,-97.84696,82,18.767469
Shape_Route_17,22.28827,-97.84592,83,18.877603
Shape_Route_17,22.28923,-97.84603,84,18.984486
Shape_Route_17,22.28927,-97.84543,85,19.046461
Shape_Route_17,22.29615,-97.84604,86,19.81073
Shape_Route_17,22.29624,-97.84481,87,19.937839
Shape_Route_17,22.2964,-97.84471,88,19.958331
Shape_Route_17,22.29806,-97.84442,89,20.144521
Shape_Route_17,22.30077,-97.84425,90,20.445054
Shape_Route_17,22.30083,-97.84443,91,20.464752
Shape_Route_17,22.30079,-97.84593,92,20.619345
Shape_Route_17,22.30349,-97.84599,93,20.918324
Shape_Route_17,22.30348,-97.8462,94,20.939986
Shape_Route_17,22.30417,-97.84651,95,21.022783
Shape_Route_17,22.30356,-97.84818,96,21.207602
Shape_Route_17,22.30442,-97.84853,97,21.30941
Shape_Route_17,22.30511,-97.84883,98,21.391815
Shape_Route_17,22.30573,-97.84901,99,21.462915
Shape_Route_17,22.30623,-97.84869,100,21.527342
Shape_Route_17,22.3135,-97.85113,101,22.370534
Shape_Route_17,22.31366,-97.85087,102,22.402644
Shape_Route_17,22.31441,-97.84988,103,22.534152
Shape_Route_17,22.31474,-97.85019,104,22.582675
Shape_Route_17,22.31485,-97.85001,105,22.604858
Shape_Route_17,22.32285,-97.85372,106,23.569463
Shape_Route_17,22.32278,-97.85395,107,23.594389
Shape_Route_17,22.32435,-97.85089,108,23.954326
Shape_Route_18,22.28212,-97.89284,1,0.0
Shape_Route_18,22.28158,-97.89297,2,0.061264
Shape_Route_18,22.28041,-97.89289,3,0.191054
Shape_Route_18,22.27822,-97.89276,4,0.433873
Shape_Route_18,22.27682,-97.89266,5,0.589206
Shape_Route_18,22.27696,-97.89193,6,0.666002
Shape_Route_18,22.27719,-97.89116,7,0.749326
Shape_Route_18,22.27655,-97.8905,8,0.847533
Shape_Route_18,22.27702,-97.88977,9,0.938993
Shape_Route_18,22.2773,-97.8892,10,1.005402
Shape_Route_18,22.27727,-97.88773,11,1.1569
Shape_Route_18,22.27734,-97.88702,12,1.230465
Shape_Route_18,22.27758,-97.88621,13,1.318051
Shape_Route_18,22.27814,-97.88504,14,1.45361
Shape_Route_18,22.27852,-97.88449,15,1.524188
Shape_Route_18,22.27878,-97.88423,16,1.563509
Shape_Route_18,22.27894,-97.88381,17,1.610269
Shape_Route_18,22.27899,-97.88333,18,1.660034
Shape_Route_18,22.27889,-97.88256,19,1.740139
Shape_Route_18,22.27896,-97.88147,20,1.852714
Shape_Route_18,22.27883,-97.88082,21,1.921216
Shape_Route_18,22.27858,-97.88026,22,1.98521
Shape_Route_18,22.27787,-97.87937,23,2.105989
Shape_Route_18,22.27908,-97.88306,24,2.509096
Shape_Route_18,22.28037,-97.88295,25,2.652358
Shape_Route_18,22.28164,-97.88251,26,2.800086
Shape_Route_18,22.2823,-97.88236,27,2.874769
Shape_Route_18,22.28332,-97.88278,28,2.995699
Shape_Route_18,22.28422,-97.88251,29,3.099147
Shape_Route_18,22.28505,-97.88109,30,3.271913
Shape_Route_18,22.28722,-97.88074,31,3.51484
Shape_Route_18,22.28568,-97.87434,32,4.195912
Shape_Route_18,22.28562,-97.87346,33,4.286822
Shape_Route_18,22.28535,-97.87243,34,4.397072
Shape_Route_18,22.28592,-97.87191,35,4.479851
Shape_Route_18,22.28663,-97.87134,36,4.57797
Shape_Route_18,22.28304,-97.86634,37,5.228619
Shape_Route_18,22.28172,-97.86753,38,5.419377
Shape_Route_18,22.2806,-97.8686,39,5.585294
Shape_Route_18,22.27987,-97.86915,40,5.683999
Shape_Route_18,22.27941,-97.86846,41,5.771451
Shape_Route_18,22.27953,-97.86837,42,5.787652
Shape_Route_18,22.27828,-97.86728,43,5.965876
Shape_Route_18,22.28022,-97.86485,44,6.295748
Shape_Route_18,22.28146,-97.86314,45,6.519103
Shape_Route_18,22.28046,-97.86221,46,6.665521
Shape_Route_18,22.27961,-97.86117,47,6.808131
Shape_Route_18,22.2784,-97.85966,48,7.013437
Shape_Route_18,22.27724,-97.85824,49,7.208114
Shape_Route_18,22.27563,-97.85639,50,7.469085
Shape_Route_18,22.27304,-97.85732,51,7.771409
Shape_Route_18,22.26919,-97.85881,52,8.224445
Shape_Route_18,22.26622,-97.85964,53,8.564191
Shape_Route_18,22.26421,-97.86022,54,8.794601
Shape_Route_18,22.26325,-97.86061,55,8.908226
Shape_Route_18,22.2609,-97.86178,56,9.194969
Shape_Route_18,22.25723,-97.86395,57,9.658741
Shape_Route_18,22.25521,-97.86476,58,9.897442
Shape_Route_18,22.25439,-97.8648,59,9.988316
Shape_Route_18,22.25165,-97.86646,60,10.336569
Shape_Route_18,22.2509,-97.86682,61,10.427512
Shape_Route_18,22.24942,-97.86723,62,10.59672
Shape_Route_18,22.24702,-97.86764,63,10.865758
Shape_Route_18,22.24508,-97.86709,64,11.087885
Shape_Route_18,22.24345,-97.86698,65,11.268695
Shape_Route_18,22.24152,-97.86692,66,11.482451
Shape_Route_18,22.23797,-97.8664,67,11.879101
Shape_Route_18,22.23455,-97.86527,68,12.27523
Shape_Route_18,22.22975,-97.86412,69,12.819686
Shape_Route_18,22.22737,-97.86499,70,13.098012
Shape_Route_18,22.22351,-97.86352,71,13.551411
Shape_Route_18,22.22158,-97.86334,72,13.765881
Shape_Route_18,22.22146,-97.86284,73,13.819104
Shape_Route_18,22.21913,-97.85754,74,14.423255
Shape_Route_18,22.21749,-97.85842,75,14.626215
Shape_Route_18,22.21562,-97.85418,76,15.10983
Shape_Route_18,22.21447,-97.85163,77,15.401899
Shape_Route_18,22.21287,-97.85249,78,15.599977
Shape_Route_18,22.21131,-97.84904,79,15.995335
Shape_Route_18,22.21297,-97.84818,80,16.199376
Shape_Route_18,22.21224,-97.84868,81,16.29523
Shape_Route_18,22.21373,-97.85206,82,16.680729
Shape_Route_18,22.21488,-97.85462,83,16.973727
Shape_Route_18,22.21723,-97.85331,84,17.266848
Shape_Route_18,22.21913,-97.85754,85,17.750961
Shape_Route_18,22.22146,-97.86284,86,18.355112
Shape_Route_18,22.22162,-97.86327,87,18.402843
Shape_Route_18,22.22351,-97.86352,88,18.613662
Shape_Route_18,22.22953,-97.86577,89,19.319321
Shape_Route_18,22.23025,-97.8642,90,19.499709
Shape_Route_18,22.23038,-97.86417,91,19.514429
Shape_Route_18,22.23067,-97.86279,92,19.660245
Shape_Route_18,22.23351,-97.86356,93,19.984518
Shape_Route_18,22.23832,-97.86354,94,20.517027
Shape_Route_18,22.24193,-97.86361,95,20.916748
Shape_Route_18,22.2462,-97.86374,96,21.389661
Shape_Route_18,22.24914,-97.86385,97,21.71534
Shape_Route_18,22.25069,-97.86355,98,21.889701
Shape_Route_18,22.25119,-97.86329,99,21.951199
Shape_Route_18,22.25274,-97.86336,100,22.122948
Shape_Route_18,22.25314,-97.86477,101,22.274852
Shape_Route_18,22.25439,-97.8648,102,22.413272
Shape_Route_18,22.25521,-97.86476,103,22.504146
Shape_Route_18,22.25723,-97.86395,104,22.742847
Shape_Route_18,22.2609,-97.86178,105,23.206619
Shape_Route_18,22.26325,-97.86061,106,23.493363
Shape_Route_18,22.26421,-97.86022,107,23.606987
Shape_Route_18,22.26622,-97.85964,108,23.837397
Shape_Route_18,22.26919,-97.85881,109,24.177143
Shape_Route_18,22.27304,-97.85732,110,24.63018
Shape_Route_18,22.27543,-97.85618,111,24.919675
Shape_Route_18,22.27478,-97.85536,112,25.030658
Shape_Route_18,22.27504,-97.85503,113,25.075208
Shape_Route_18,22.27671,-97.85622,114,25.297056
Shape_Route_18,22.27791,-97.85865,115,25.580497
Shape_Route_18,22.27851,-97.85963,116,25.701361
Shape_Route_18,22.27961,-97.86117,117,25.901381
Shape_Route_18,22.28046,-97.86221,118,26.043991
Shape_Route_18,22.28146,-97.86314,119,26.190408
Shape_Route_18,22.28022,-97.86485,120,26.413764
Shape_Route_18,22.27828,-97.86728,121,26.743636
Shape_Route_18,22.27953,-97.86837,122,26.921859
Shape_Route_18,22.27941,-97.86846,123,26.938061
Shape_Route_18,22.27987,-97.86915,124,27.025512
Shape_Route_18,22.2806,-97.8686,125,27.124218
Shape_Route_18,22.28172,-97.86753,126,27.290135
Shape_Route_18,22.28243,-97.86695,127,27.388875
Shape_Route_18,22.28596,-97.87192,128,28.03303
Shape_Route_18,22.28592,-97.87191,129,28.037576
Shape_Route_18,22.28535,-97.87243,130,28.120356
Shape_Route_18,22.28562,-97.87346,131,28.230606
Shape_Route_18,22.28568,-97.87434,132,28.321516
Shape_Route_18,22.28722,-97.88074,133,29.002587
Shape_Route_18,22.28505,-97.88109,134,29.245515
Shape_Route_18,22.28422,-97.88251,135,29.418281
Shape_Route_18,22.28332,-97.88278,136,29.521729
Shape_Route_18,22.2823,-97.88236,137,29.642658
Shape_Route_18,22.28164,-97.88251,138,29.717342
Shape_Route_18,22.28037,-97.88295,139,29.865069
Shape_Route_18,22.27908,-97.88306,140,30.008331
Shape_Route_18,22.27787,-97.87937,141,30.411439
Shape_Route_18,22.27858,-97.88026,142,30.532218
Shape_Route_18,22.27883,-97.88082,143,30.596212
Shape_Route_18,22.27896,-97.88147,144,30.664714
Shape_Route_18,22.27889,-97.88256,145,30.777288
Shape_Route_18,22.27899,-97.88333,146,30.857394
Shape_Route_18,22.27894,-97.88381,147,30.907159
Shape_Route_18,22.27878,-97.88423,148,30.953919
Shape_Route_18,22.27852,-97.88449,149,30.99324
Shape_Route_18,22.27814,-97.88504,150,31.063818
Shape_Route_18,22.27758,-97.88621,151,31.199376
Shape_Route_18,22.27734,-97.88702,152,31.286963
Shape_Route_18,22.27727,-97.88773,153,31.360527
Shape_Route_18,22.2773,-97.8892,154,31.512026
Shape_Route_18,22.27702,-97.88977,155,31.578435
Shape_Route_18,22.27655,-97.8905,156,31.669895
Shape_Route_18,22.27719,-97.89116,157,31.768102
Shape_Route_18,22.27696,-97.89193,158,31.851425
Shape_Route_18,22.27682,-97.89266,159,31.928222
Shape_Route_18,22.27822,-97.89276,160,32.083554
Shape_Route_18,22.28041,-97.89289,161,32.326374
Shape_Route_18,22.28158,-97.89297,162,32.456164
Shape_Route_21,22.27556,-97.83318,1,0.0
Shape_Route_21,22.27535,-97.83386,2,0.073823
Shape_Route_21,22.27419,-97.83798,3,0.517344
Shape_Route_21,22.26908,-97.8363,4,1.108961
Shape_Route_21,22.26781,-97.83876,5,1.398831
Shape_Route_21,22.26907,-97.83935,6,1.550997
Shape_Route_21,22.26857,-97.84065,7,1.69594
Shape_Route_21,22.26827,-97.8414,8,1.780057
Shape_Route_21,22.26722,-97.84089,9,1.907629
Shape_Route_21,22.26686,-97.84065,10,1.954534
Shape_Route_21,22.26724,-97.83983,11,2.048924
Shape_Route_21,22.26657,-97.83948,12,2.131402
Shape_Route_21,22.26657,-97.83931,13,2.14892
Shape_Route_21,22.26731,-97.8377,14,2.333948
Shape_Route_21,22.26685,-97.83744,15,2.391491
Shape_Route_21,22.26564,-97.83634,16,2.56697
Shape_Route_21,22.26518,-97.83589,17,2.635845
Shape_Route_21,22.26361,-97.83814,18,2.925617
Shape_Route_21,22.26268,-97.83938,19,3.089715
Shape_Route_21,22.26224,-97.83999,20,3.16924
Shape_Route_21,22.261,-97.83877,21,3.355387
Shape_Route_21,22.26047,-97.8394,22,3.442895
Shape_Route_21,22.26077,-97.8397,23,3.488269
Shape_Route_21,22.26252,-97.84044,24,3.696477
Shape_Route_21,22.26318,-97.8409,25,3.783574
Shape_Route_21,22.26388,-97.84163,26,3.891576
Shape_Route_21,22.26465,-97.84233,27,4.003245
Shape_Route_21,22.26411,-97.84251,28,4.065839
Shape_Route_21,22.26614,-97.84872,29,4.744071
Shape_Route_21,22.2638,-97.84975,30,5.024029
Shape_Route_21,22.26517,-97.85432,31,5.518772
Shape_Route_21,22.25964,-97.85643,32,6.168455
Shape_Route_21,22.25862,-97.85341,33,6.499519
Shape_Route_21,22.25678,-97.85407,34,6.714278
Shape_Route_21,22.2554,-97.85464,35,6.877958
Shape_Route_21,22.25473,-97.85482,36,6.954417
Shape_Route_21,22.25315,-97.85491,37,7.129582
Shape_Route_21,22.25219,-97.85821,38,7.485883
Shape_Route_21,22.24958,-97.85802,39,7.775495
Shape_Route_21,22.24662,-97.85763,40,8.105647
Shape_Route_21,22.24641,-97.85741,41,8.138121
Shape_Route_21,22.2441,-97.85831,42,8.410158
Shape_Route_21,22.24188,-97.85887,43,8.662616
Shape_Route_21,22.23735,-97.8601,44,9.179898
Shape_Route_21,22.23518,-97.86065,45,9.426731
Shape_Route_21,22.23361,-97.86104,46,9.605131
Shape_Route_21,22.23049,-97.86105,47,9.950541
Shape_Route_21,22.2298,-97.86126,48,10.029937
Shape_Route_21,22.22877,-97.86144,49,10.145465
Shape_Route_21,22.22858,-97.86137,50,10.167703
Shape_Route_21,22.22771,-97.86182,51,10.274605
Shape_Route_21,22.22668,-97.85925,52,10.563004
Shape_Route_21,22.22727,-97.85897,53,10.634413
Shape_Route_21,22.22731,-97.85882,54,10.650496
Shape_Route_21,22.22618,-97.8586,55,10.777635
Shape_Route_21,22.22551,-97.85792,56,10.879686
Shape_Route_21,22.22549,-97.85699,57,10.975571
Shape_Route_21,22.22514,-97.85642,58,11.04595
Shape_Route_21,22.22459,-97.85614,59,11.113333
Shape_Route_21,22.22316,-97.85676,60,11.284058
Shape_Route_21,22.2223,-97.8565,61,11.382967
Shape_Route_21,22.22181,-97.85568,62,11.483401
Shape_Route_21,22.2217,-97.85404,63,11.652885
Shape_Route_21,22.21753,-97.8563,64,12.169985
Shape_Route_21,22.21716,-97.85539,65,12.272342
Shape_Route_21,22.22134,-97.85327,66,12.784105
Shape_Route_21,22.2217,-97.85404,67,12.872919
Shape_Route_21,22.22181,-97.85568,68,13.042404
Shape_Route_21,22.2223,-97.8565,69,13.142838
Shape_Route_21,22.22316,-97.85676,70,13.241746
Shape_Route_21,22.22459,-97.85614,71,13.412471
Shape_Route_21,22.22514,-97.85642,72,13.479854
Shape_Route_21,22.22549,-97.85699,73,13.550234
Shape_Route_21,22.22551,-97.85792,74,13.646119
Shape_Route_21,22.22618,-97.8586,75,13.74817
Shape_Route_21,22.22731,-97.85882,76,13.875309
Shape_Route_21,22.22727,-97.85897,77,13.891391
Shape_Route_21,22.22789,-97.85902,78,13.960223
Shape_Route_21,22.22952,-97.85945,79,14.146041
Shape_Route_21,22.2296,-97.86029,80,14.233072
Shape_Route_21,22.22956,-97.8599,81,14.273513
Shape_Route_21,22.2297,-97.86076,82,14.3635
Shape_Route_21,22.2298,-97.86126,83,14.416211
Shape_Route_21,22.23049,-97.86105,84,14.495607
Shape_Route_21,22.23361,-97.86104,85,14.841017
Shape_Route_21,22.23518,-97.86065,86,15.019416
Shape_Route_21,22.23735,-97.8601,87,15.26625
Shape_Route_21,22.24188,-97.85887,88,15.783532
Shape_Route_21,22.2441,-97.85831,89,16.03599
Shape_Route_21,22.24641,-97.85741,90,16.308027
Shape_Route_21,22.24662,-97.85763,91,16.340501
Shape_Route_21,22.24958,-97.85802,92,16.670653
Shape_Route_21,22.25219,-97.85821,93,16.960265
Shape_Route_21,22.25315,-97.85491,94,17.316565
Shape_Route_21,22.25473,-97.85482,95,17.49173
Shape_Route_21,22.2554,-97.85464,96,17.568189
Shape_Route_21,22.25678,-97.85407,97,17.73187
Shape_Route_21,22.25862,-97.85341,98,17.946628
Shape_Route_21,22.25911,-97.85492,99,18.111419
Shape_Route_21,22.26479,-97.8528,100,18.777111
Shape_Route_21,22.2638,-97.84975,101,19.109965
Shape_Route_21,22.26614,-97.84872,102,19.389923
Shape_Route_21,22.26411,-97.84251,103,20.068155
Shape_Route_21,22.26465,-97.84233,104,20.130749
Shape_Route_21,22.26388,-97.84163,105,20.242418
Shape_Route_21,22.26318,-97.8409,106,20.35042
Shape_Route_21,22.26252,-97.84044,107,20.437517
Shape_Route_21,22.26224,-97.83999,108,20.493296
Shape_Route_21,22.26268,-97.83938,109,20.57282
Shape_Route_21,22.26361,-97.83814,110,20.736918
Shape_Route_21,22.26518,-97.83589,111,21.02669
Shape_Route_21,22.26564,-97.83634,112,21.095565
Shape_Route_21,22.26685,-97.83744,113,21.271044
Shape_Route_21,22.26731,-97.8377,114,21.328588
Shape_Route_21,22.26657,-97.83931,115,21.513615
Shape_Route_21,22.26657,-97.83948,116,21.531133
Shape_Route_21,22.26724,-97.83983,117,21.613611
Shape_Route_21,22.26686,-97.84065,118,21.708002
Shape_Route_21,22.26722,-97.84089,119,21.754906
Shape_Route_21,22.26827,-97.8414,120,21.882478
Shape_Route_21,22.26857,-97.84065,121,21.966595
Shape_Route_21,22.26907,-97.83935,122,22.111538
Shape_Route_21,22.26781,-97.83876,123,22.263705
Shape_Route_21,22.26909,-97.8363,124,22.554113
Shape_Route_21,22.26826,-97.83603,125,22.650121
Shape_Route_21,22.26847,-97.83532,126,22.726888
Shape_Route_21,22.27437,-97.83726,127,23.409977
Shape_Route_21,22.27535,-97.83386,128,23.776725
Shape_Route_23,22.32382,-97.85912,1,0.0
Shape_Route_23,22.32213,-97.8584,2,0.201261
Shape_Route_23,22.32232,-97.85795,3,0.252162
Shape_Route_23,22.32275,-97.85668,4,0.391369
Shape_Route_23,22.32186,-97.85633,5,0.496289
Shape_Route_23,22.32187,-97.85588,6,0.542654
Shape_Route_23,22.31783,-97.85448,7,1.012593
Shape_Route_23,22.31759,-97.85541,8,1.112006
Shape_Route_23,22.31728,-97.85537,9,1.146572
Shape_Route_23,22.31646,-97.85503,10,1.243875
Shape_Route_23,22.31598,-97.85491,11,1.298434
Shape_Route_23,22.31414,-97.85428,12,1.512227
Shape_Route_23,22.31052,-97.85301,13,1.933807
Shape_Route_23,22.30737,-97.85166,14,2.309247
Shape_Route_23,22.30615,-97.8551,15,2.688486
Shape_Route_23,22.30261,-97.85367,16,3.107169
Shape_Route_23,22.30172,-97.85629,17,3.394499
Shape_Route_23,22.30494,-97.85764,18,3.77715
Shape_Route_23,22.30263,-97.86419,19,4.49875
Shape_Route_23,22.30335,-97.86909,20,5.00979
Shape_Route_23,22.31071,-97.86892,21,5.824794
Shape_Route_23,22.31098,-97.87512,22,6.464165
Shape_Route_23,22.3106,-97.88053,23,7.023043
Shape_Route_23,22.30615,-97.88185,24,7.534116
Shape_Route_23,22.30487,-97.88178,25,7.676006
Shape_Route_23,22.30082,-97.87954,26,8.180271
Shape_Route_23,22.2963,-97.87667,27,8.761496
Shape_Route_23,22.29225,-97.8741,28,9.282205
Shape_Route_23,22.29119,-97.87341,29,9.419408
Shape_Route_23,22.29002,-97.87316,30,9.551473
Shape_Route_23,22.28944,-97.87272,31,9.630073
Shape_Route_23,22.2881,-97.87052,32,9.900965
Shape_Route_23,22.28608,-97.86763,33,10.273347
Shape_Route_23,22.2842,-97.8653,34,10.591071
Shape_Route_23,22.28142,-97.8631,35,10.973304
Shape_Route_23,22.27932,-97.86077,36,11.307496
Shape_Route_23,22.27559,-97.85633,37,11.923785
Shape_Route_23,22.27115,-97.85806,38,12.446655
Shape_Route_23,22.26901,-97.8589,39,12.698888
Shape_Route_23,22.26695,-97.85949,40,12.934912
Shape_Route_23,22.26534,-97.85993,41,13.118828
Shape_Route_23,22.26336,-97.86056,42,13.347442
Shape_Route_23,22.26212,-97.86129,43,13.50398
Shape_Route_23,22.26032,-97.86214,44,13.721656
Shape_Route_23,22.25927,-97.86285,45,13.859008
Shape_Route_23,22.25826,-97.86345,46,13.98678
Shape_Route_23,22.25726,-97.86395,47,14.108891
Shape_Route_23,22.25623,-97.8644,48,14.23199
Shape_Route_23,22.25511,-97.86473,49,14.360562
Shape_Route_23,22.25456,-97.86474,50,14.42146
Shape_Route_23,22.25319,-97.86563,51,14.598705
Shape_Route_23,22.25087,-97.86685,52,14.884669
Shape_Route_23,22.24938,-97.86724,53,15.05445
Shape_Route_23,22.24753,-97.86758,54,15.262236
Shape_Route_23,22.24705,-97.86766,55,15.316011
Shape_Route_23,22.24523,-97.86712,56,15.525044
Shape_Route_23,22.2444,-97.86699,57,15.617903
Shape_Route_23,22.24272,-97.86707,58,15.804075
Shape_Route_23,22.23717,-97.8663,59,16.423608
Shape_Route_23,22.23353,-97.86505,60,16.846678
Shape_Route_23,22.23022,-97.86413,61,17.225191
Shape_Route_23,22.23357,-97.865,62,17.606749
Shape_Route_23,22.23371,-97.86097,63,18.022404
Shape_Route_23,22.23166,-97.86114,64,18.25003
Shape_Route_23,22.22883,-97.86147,65,18.565175
Shape_Route_23,22.22787,-97.85906,66,18.83536
Shape_Route_23,22.22581,-97.85847,67,19.071387
Shape_Route_23,22.22541,-97.85724,68,19.20568
Shape_Route_23,22.22523,-97.85658,69,19.276568
Shape_Route_23,22.22461,-97.85616,70,19.357719
Shape_Route_23,22.22336,-97.85664,71,19.504683
Shape_Route_23,22.22245,-97.85666,72,19.605448
Shape_Route_23,22.22195,-97.85613,73,19.683221
Shape_Route_23,22.22178,-97.85472,74,19.829773
Shape_Route_23,22.22126,-97.85324,75,19.992828
Shape_Route_23,22.21718,-97.85541,76,20.496868
Shape_Route_23,22.21833,-97.85802,77,20.794511
Shape_Route_23,22.22195,-97.85613,78,21.240117
Shape_Route_23,22.21833,-97.85802,79,21.685723
Shape_Route_23,22.21718,-97.85541,80,21.983366
Shape_Route_23,22.22126,-97.85324,81,22.487406
Shape_Route_23,22.22178,-97.85472,82,22.650461
Shape_Route_23,22.22195,-97.85613,83,22.797014
Shape_Route_23,22.22245,-97.85666,84,22.874786
Shape_Route_23,22.22336,-97.85664,85,22.975552
Shape_Route_23,22.22461,-97.85616,86,23.122515
Shape_Route_23,22.22523,-97.85658,87,23.203666
Shape_Route_23,22.22541,-97.85724,88,23.274554
Shape_Route_23,22.22581,-97.85847,89,23.408847
Shape_Route_23,22.22787,-97.85906,90,23.644874
Shape_Route_23,22.22883,-97.86147,91,23.915059
Shape_Route_23,22.23047,-97.86105,92,24.10171
Shape_Route_23,22.23166,-97.86114,93,24.233779
Shape_Route_23,22.2325,-97.86107,94,24.327053
Shape_Route_23,22.23256,-97.8619,95,24.412858
Shape_Route_23,22.23221,-97.86313,96,24.545422
Shape_Route_23,22.23304,-97.86347,97,24.643765
Shape_Route_23,22.23352,-97.86361,98,24.69883
Shape_Route_23,22.23365,-97.86343,99,24.72231
Shape_Route_23,22.24041,-97.86363,100,25.470979
Shape_Route_23,22.24117,-97.86358,101,25.555275
Shape_Route_23,22.24118,-97.86419,102,25.618153
Shape_Route_23,22.24152,-97.8645,103,25.667525
Shape_Route_23,22.24124,-97.86623,104,25.848498
Shape_Route_23,22.24443,-97.86643,105,26.202257
Shape_Route_23,22.24689,-97.8665,106,26.474695
Shape_Route_23,22.24761,-97.86649,107,26.554411
Shape_Route_23,22.24994,-97.86601,108,26.817061
Shape_Route_23,22.25074,-97.86331,109,27.109068
Shape_Route_23,22.25279,-97.8633,110,27.336022
Shape_Route_23,22.25308,-97.8648,111,27.493902
Shape_Route_23,22.25456,-97.86474,112,27.657867
Shape_Route_23,22.25511,-97.86473,113,27.718765
Shape_Route_23,22.25623,-97.8644,114,27.847337
Shape_Route_23,22.25726,-97.86395,115,27.970435
Shape_Route_23,22.25826,-97.86345,116,28.092547
Shape_Route_23,22.25927,-97.86285,117,28.220318
Shape_Route_23,22.26032,-97.86214,118,28.357671
Shape_Route_23,22.26212,-97.86129,119,28.575347
Shape_Route_23,22.26336,-97.86056,120,28.731884
Shape_Route_23,22.26534,-97.85993,121,28.960498
Shape_Route_23,22.26695,-97.85949,122,29.144415
Shape_Route_23,22.26901,-97.8589,123,29.380439
Shape_Route_23,22.27115,-97.85806,124,29.632671
Shape_Route_23,22.27559,-97.85633,125,30.155542
Shape_Route_23,22.27932,-97.86077,126,30.771831
Shape_Route_23,22.28142,-97.8631,127,31.106023
Shape_Route_23,22.2842,-97.8653,128,31.488256
Shape_Route_23,22.28608,-97.86763,129,31.805979
Shape_Route_23,22.2881,-97.87052,130,32.178361
Shape_Route_23,22.28944,-97.87272,131,32.449254
Shape_Route_23,22.29002,-97.87316,132,32.527854
Shape_Route_23,22.29119,-97.87341,133,32.659919
Shape_Route_23,22.29225,-97.8741,134,32.797122
Shape_Route_23,22.2963,-97.87667,135,33.317831
Shape_Route_23,22.30082,-97.87954,136,33.899055
Shape_Route_23,22.30487,-97.88178,137,34.403321
Shape_Route_23,22.30615,-97.88185,138,34.545211
Shape_Route_23,22.3106,-97.88053,139,35.056284
Shape_Route_23,22.31098,-97.87512,140,35.615162
Shape_Route_23,22.31071,-97.86892,141,36.254532
Shape_Route_23,22.30335,-97.86909,142,37.069537
Shape_Route_23,22.30263,-97.86419,143,37.580577
Shape_Route_23,22.30494,-97.85764,144,38.302176
Shape_Route_23,22.30172,-97.85629,145,38.684827
Shape_Route_23,22.30261,-97.85367,146,38.972158
Shape_Route_23,22.30615,-97.8551,147,39.390841
Shape_Route_23,22.30737,-97.85166,148,39.77008
Shape_Route_23,22.31052,-97.85301,149,40.14552
Shape_Route_23,22.31414,-97.85428,150,40.5671
Shape_Route_23,22.31598,-97.85491,151,40.780892
Shape_Route_23,22.31646,-97.85503,152,40.835452
Shape_Route_23,22.31728,-97.85537,153,40.932755
Shape_Route_23,22.31759,-97.85541,154,40.967321
Shape_Route_23,22.31783,-97.85448,155,41.066734
Shape_Route_23,22.32187,-97.85588,156,41.536673
Shape_Route_23,22.32186,-97.85633,157,41.583038
Shape_Route_23,22.32275,-97.85668,158,41.687957
Shape_Route_23,22.32232,-97.85795,159,41.827165
Shape_Route_23,22.32213,-97.8584,160,41.878066
Shape_Route_20,22.34033,-97.87235,1,0.0
Shape_Route_20,22.34168,-97.86866,2,0.408364
Shape_Route_20,22.33168,-97.86452,3,1.594729
Shape_Route_20,22.32222,-97.86064,4,2.715696
Shape_Route_20,22.32178,-97.86033,5,2.773941
Shape_Route_20,22.32155,-97.86046,6,2.80271
Shape_Route_20,22.32141,-97.86076,7,2.837281
Shape_Route_20,22.31616,-97.85897,8,3.447048
Shape_Route_20,22.31121,-97.85737,9,4.019307
Shape_Route_20,22.31131,-97.85708,10,4.051166
Shape_Route_20,22.30612,-97.8551,11,4.660875
Shape_Route_20,22.30508,-97.85768,12,4.950523
Shape_Route_20,22.30259,-97.85666,13,5.245536
Shape_Route_20,22.29833,-97.85483,14,5.753442
Shape_Route_20,22.29266,-97.85255,15,6.423672
Shape_Route_20,22.29225,-97.85296,16,6.485676
Shape_Route_20,22.28677,-97.85078,17,7.132602
Shape_Route_20,22.27466,-97.84563,18,8.574478
Shape_Route_20,22.26978,-97.84761,19,9.151977
Shape_Route_20,22.26467,-97.84222,20,9.94477
Shape_Route_20,22.26382,-97.84136,21,10.074033
Shape_Route_20,22.26243,-97.84031,22,10.26215
Shape_Route_20,22.26078,-97.83982,23,10.45167
Shape_Route_20,22.25318,-97.83235,24,11.592077
Shape_Route_20,22.25036,-97.83559,25,12.049197
Shape_Route_20,22.24892,-97.83497,26,12.220946
Shape_Route_20,22.24724,-97.8343,27,12.419341
Shape_Route_20,22.24728,-97.83457,28,12.447518
Shape_Route_20,22.24723,-97.83431,29,12.474879
Shape_Route_20,22.24724,-97.8343,30,12.476391
Shape_Route_20,22.24892,-97.83497,31,12.674786
Shape_Route_20,22.24939,-97.83519,32,12.731545
Shape_Route_20,22.24958,-97.83494,33,12.764805
Shape_Route_20,22.25315,-97.83098,34,13.332922
Shape_Route_20,22.261,-97.83871,35,14.511836
Shape_Route_20,22.26256,-97.84035,36,14.753472
Shape_Route_20,22.26382,-97.84136,37,14.927514
Shape_Route_20,22.26467,-97.84222,38,15.056777
Shape_Route_20,22.26978,-97.84761,39,15.849571
Shape_Route_20,22.27466,-97.84563,40,16.42707
Shape_Route_20,22.28677,-97.85078,41,17.868945
Shape_Route_20,22.29225,-97.85296,42,18.515871
Shape_Route_20,22.29266,-97.85255,43,18.577876
Shape_Route_20,22.29833,-97.85483,44,19.248105
Shape_Route_20,22.30259,-97.85666,45,19.756011
Shape_Route_20,22.30508,-97.85768,46,20.051024
Shape_Route_20,22.30612,-97.8551,47,20.340672
Shape_Route_20,22.31131,-97.85708,48,20.950382
Shape_Route_20,22.31121,-97.85737,49,20.98224
Shape_Route_20,22.31616,-97.85897,50,21.554499
Shape_Route_20,22.32141,-97.86076,51,22.164266
Shape_Route_20,22.32155,-97.86046,52,22.198837
Shape_Route_20,22.32178,-97.86033,53,22.227606
Shape_Route_20,22.32222,-97.86064,54,22.285851
Shape_Route_20,22.33168,-97.86452,55,23.406819
Shape_Route_20,22.34168,-97.86866,56,24.593183
Shape_Route_19,22.34806,-97.85031,1,0.0
Shape_Route_19,22.34865,-97.85049,2,0.067898
Shape_Route_19,22.34887,-97.84929,3,0.193857
Shape_Route_19,22.35397,-97.85031,4,0.768165
Shape_Route_19,22.35379,-97.85137,5,0.879129
Shape_Route_19,22.35473,-97.85159,6,0.985634
Shape_Route_19,22.35415,-97.85489,7,1.331481
Shape_Route_19,22.34808,-97.85369,8,2.014758
Shape_Route_19,22.34795,-97.85475,9,2.124867
Shape_Route_19,22.34749,-97.85467,10,2.176455
Shape_Route_19,22.34743,-97.85477,11,2.18871
Shape_Route_19,22.34694,-97.85783,12,2.508481
Shape_Route_19,22.3463,-97.8618,13,2.923428
Shape_Route_19,22.34598,-97.86358,14,3.110135
Shape_Route_19,22.34574,-97.86376,15,3.142532
Shape_Route_19,22.34277,-97.86449,16,3.479825
Shape_Route_19,22.34293,-97.86532,17,3.567121
Shape_Route_19,22.34206,-97.86767,18,3.827605
Shape_Route_19,22.33192,-97.86346,19,5.031025
Shape_Route_19,22.33155,-97.86447,20,5.142826
Shape_Route_19,22.3273,-97.86276,21,5.645224
Shape_Route_19,22.32666,-97.86464,22,5.85142
Shape_Route_19,22.33089,-97.86638,23,6.352842
Shape_Route_19,22.33027,-97.86814,24,6.546677
Shape_Route_19,22.33126,-97.86861,25,6.666493
Shape_Route_19,22.32965,-97.87336,26,7.187187
Shape_Route_19,22.32759,-97.87265,27,7.426686
Shape_Route_19,22.32722,-97.87247,28,7.471648
Shape_Route_19,22.32629,-97.8721,29,7.581434
Shape_Route_19,22.32379,-97.87015,30,7.923406
Shape_Route_19,22.31681,-97.86846,31,8.715518
Shape_Route_19,22.3106,-97.86894,32,9.404796
Shape_Route_19,22.31099,-97.87512,33,10.04287
Shape_Route_19,22.31056,-97.88061,34,10.610403
Shape_Route_19,22.30599,-97.88194,35,11.134563
Shape_Route_19,22.3044,-97.8817,36,11.312316
Shape_Route_19,22.29485,-97.87576,37,12.533903
Shape_Route_19,22.29092,-97.87329,38,13.03794
Shape_Route_19,22.28848,-97.87293,39,13.310603
Shape_Route_19,22.28525,-97.87394,40,13.683024
Shape_Route_19,22.28352,-97.87366,41,13.87671
Shape_Route_19,22.28199,-97.87293,42,14.062041
Shape_Route_19,22.27548,-97.874,43,14.791135
Shape_Route_19,22.27272,-97.87475,44,15.106311
Shape_Route_19,22.26982,-97.87383,45,15.441067
Shape_Route_19,22.26765,-97.87374,46,15.681482
Shape_Route_19,22.26459,-97.87477,47,16.036486
Shape_Route_19,22.25911,-97.87625,48,16.662041
Shape_Route_19,22.25685,-97.8767,49,16.916502
Shape_Route_19,22.24928,-97.87456,50,17.783091
Shape_Route_19,22.24088,-97.87046,51,18.804532
Shape_Route_19,22.22354,-97.8635,52,20.853862
Shape_Route_19,22.22161,-97.8633,53,21.06852
Shape_Route_19,22.21873,-97.85666,54,21.823581
Shape_Route_19,22.21793,-97.85716,55,21.926052
Shape_Route_19,22.22061,-97.86318,56,22.61387
Shape_Route_19,22.22161,-97.8633,57,22.725266
Shape_Route_19,22.21796,-97.85716,58,23.476165
Shape_Route_19,22.22061,-97.86318,59,24.162557
Shape_Route_19,22.22161,-97.86328,60,24.273744
Shape_Route_19,22.22354,-97.8635,61,24.48861
Shape_Route_19,22.24088,-97.87046,62,26.53794
Shape_Route_19,22.24928,-97.87456,63,27.559381
Shape_Route_19,22.25685,-97.8767,64,28.42597
Shape_Route_19,22.25911,-97.87625,65,28.680431
Shape_Route_19,22.26459,-97.87477,66,29.305986
Shape_Route_19,22.26765,-97.87374,67,29.660989
Shape_Route_19,22.26982,-97.87383,68,29.901405
Shape_Route_19,22.27272,-97.87475,69,30.236161
Shape_Route_19,22.27548,-97.874,70,30.551336
Shape_Route_19,22.28199,-97.87293,71,31.28043
Shape_Route_19,22.28352,-97.87366,72,31.465762
Shape_Route_19,22.28525,-97.87394,73,31.659448
Shape_Route_19,22.28848,-97.87293,74,32.031869
Shape_Route_19,22.29092,-97.87329,75,32.304532
Shape_Route_19,22.29485,-97.87576,76,32.808569
Shape_Route_19,22.3044,-97.8817,77,34.030155
Shape_Route_19,22.30599,-97.88194,78,34.207909
Shape_Route_19,22.30859,-97.88127,79,34.50391
Shape_Route_19,22.30897,-97.87494,80,35.157337
Shape_Route_19,22.30875,-97.86913,81,35.756338
Shape_Route_19,22.31681,-97.86846,82,36.651316
Shape_Route_19,22.32379,-97.87015,83,37.443429
Shape_Route_19,22.32629,-97.8721,84,37.7854
Shape_Route_19,22.32722,-97.87247,85,37.895186
Shape_Route_19,22.32759,-97.87265,86,37.940149
Shape_Route_19,22.32965,-97.87336,87,38.179647
Shape_Route_19,22.33126,-97.86861,88,38.700341
Shape_Route_19,22.33027,-97.86814,89,38.820158
Shape_Route_19,22.33089,-97.86638,90,39.013993
Shape_Route_19,22.32666,-97.86464,91,39.515414
Shape_Route_19,22.3273,-97.86276,92,39.72161
Shape_Route_19,22.33155,-97.86447,93,40.224009
Shape_Route_19,22.33192,-97.86346,94,40.335809
Shape_Route_19,22.34206,-97.86767,95,41.539229
Shape_Route_19,22.34293,-97.86532,96,41.799714
Shape_Route_19,22.34277,-97.86449,97,41.88701
Shape_Route_19,22.34574,-97.86376,98,42.224302
Shape_Route_19,22.34598,-97.86358,99,42.2567
Shape_Route_19,22.3463,-97.8618,100,42.443407
Shape_Route_19,22.34694,-97.85783,101,42.858354
Shape_Route_19,22.34743,-97.85477,102,43.178124
Shape_Route_19,22.34749,-97.85467,103,43.190379
Shape_Route_19,22.34795,-97.85475,104,43.241968
Shape_Route_19,22.34808,-97.85369,105,43.352076
Shape_Route_19,22.35415,-97.85489,106,44.035353
Shape_Route_19,22.35473,-97.85159,107,44.381201
Shape_Route_19,22.35379,-97.85137,108,44.487706
Shape_Route_19,22.35397,-97.85031,109,44.598669
Shape_Route_19,22.34887,-97.84929,110,45.172978
Shape_Route_19,22.34865,-97.85049,111,45.298936
Shape_Route_24,22.32197,-97.86577,1,0.0
Shape_Route_24,22.32162,-97.86956,2,0.392302
Shape_Route_24,22.3171,-97.86848,3,0.904923
Shape_Route_24,22.31683,-97.8685,4,0.934885
Shape_Route_24,22.31681,-97.86987,5,1.076022
Shape_Route_24,22.31716,-97.8702,6,1.127567
Shape_Route_24,22.31722,-97.87259,7,1.373844
Shape_Route_24,22.31781,-97.8746,8,1.590946
Shape_Route_24,22.31782,-97.87829,9,1.971041
Shape_Route_24,22.31782,-97.88562,10,2.726076
Shape_Route_24,22.31619,-97.88606,11,2.912135
Shape_Route_24,22.31115,-97.8874,12,3.486924
Shape_Route_24,22.31111,-97.8905,13,3.806289
Shape_Route_24,22.30902,-97.89205,14,4.087412
Shape_Route_24,22.30636,-97.89353,15,4.419021
Shape_Route_24,22.30598,-97.89365,16,4.462868
Shape_Route_24,22.30525,-97.89259,17,4.598718
Shape_Route_24,22.30128,-97.89614,18,5.17048
Shape_Route_24,22.29919,-97.89323,19,5.549171
Shape_Route_24,22.29998,-97.8928,20,5.647209
Shape_Route_24,22.30009,-97.89274,21,5.660866
Shape_Route_24,22.30043,-97.89198,22,5.747738
Shape_Route_24,22.30028,-97.8913,23,5.819732
Shape_Route_24,22.30168,-97.89042,24,5.999289
Shape_Route_24,22.30119,-97.88944,25,6.113898
Shape_Route_24,22.30159,-97.88925,26,6.162314
Shape_Route_24,22.30054,-97.88712,27,6.410631
Shape_Route_24,22.29918,-97.88779,28,6.576261
Shape_Route_24,22.29808,-97.88974,29,6.811179
Shape_Route_24,22.29742,-97.88942,30,6.891339
Shape_Route_24,22.29718,-97.88987,31,6.944773
Shape_Route_24,22.29562,-97.88688,32,7.297919
Shape_Route_24,22.29509,-97.88205,33,7.798966
Shape_Route_24,22.2945,-97.88028,34,7.992662
Shape_Route_24,22.29414,-97.87991,35,8.047811
Shape_Route_24,22.29043,-97.87322,36,8.850149
Shape_Route_24,22.28894,-97.873,37,9.016654
Shape_Route_24,22.28804,-97.87308,38,9.116632
Shape_Route_24,22.28566,-97.87392,39,9.393967
Shape_Route_24,22.28438,-97.87397,40,9.535767
Shape_Route_24,22.28233,-97.87306,41,9.781323
Shape_Route_24,22.27857,-97.87315,42,10.19769
Shape_Route_24,22.27537,-97.87402,43,10.563121
Shape_Route_24,22.27259,-97.87472,44,10.879228
Shape_Route_24,22.26981,-97.87372,45,11.203787
Shape_Route_24,22.26719,-97.87383,46,11.494064
Shape_Route_24,22.26476,-97.87483,47,11.782144
Shape_Route_24,22.2587,-97.87641,48,12.472508
Shape_Route_24,22.25709,-97.87663,49,12.652183
Shape_Route_24,22.25312,-97.8759,50,13.098085
Shape_Route_24,22.23929,-97.86986,51,14.750873
Shape_Route_24,22.22744,-97.86501,52,16.154771
Shape_Route_24,22.22348,-97.8634,53,16.623531
Shape_Route_24,22.22156,-97.86321,54,16.836991
Shape_Route_24,22.21839,-97.85582,55,17.675695
Shape_Route_24,22.21917,-97.85548,56,17.768888
Shape_Route_24,22.22271,-97.86334,57,18.668888
Shape_Route_24,22.22348,-97.8634,58,18.754357
Shape_Route_24,22.22744,-97.86501,59,19.223118
Shape_Route_24,22.23929,-97.86986,60,20.627016
Shape_Route_24,22.25312,-97.8759,61,22.279804
Shape_Route_24,22.25709,-97.87663,62,22.725706
Shape_Route_24,22.2587,-97.87641,63,22.905381
Shape_Route_24,22.26476,-97.87483,64,23.595745
Shape_Route_24,22.26719,-97.87383,65,23.883825
Shape_Route_24,22.26981,-97.87372,66,24.174101
Shape_Route_24,22.27259,-97.87472,67,24.498661
Shape_Route_24,22.27537,-97.87402,68,24.814768
Shape_Route_24,22.27857,-97.87315,69,25.180199
Shape_Route_24,22.28233,-97.87306,70,25.596565
Shape_Route_24,22.28438,-97.87397,71,25.842122
Shape_Route_24,22.28566,-97.87392,72,25.983922
Shape_Route_24,22.28804,-97.87308,73,26.261257
Shape_Route_24,22.28945,-97.87206,74,26.449433
Shape_Route_24,22.29039,-97.87255,75,26.565098
Shape_Route_24,22.29129,-97.87335,76,26.694407
Shape_Route_24,22.29628,-97.87656,77,27.338263
Shape_Route_24,22.29441,-97.87999,78,27.747809
Shape_Route_24,22.2945,-97.88028,79,27.779304
Shape_Route_24,22.29509,-97.88205,80,27.973
Shape_Route_24,22.29562,-97.88688,81,28.474046
Shape_Route_24,22.29718,-97.88987,82,28.827193
Shape_Route_24,22.29742,-97.88942,83,28.880626
Shape_Route_24,22.29808,-97.88974,84,28.960786
Shape_Route_24,22.29918,-97.88779,85,29.195704
Shape_Route_24,22.30054,-97.88712,86,29.361334
Shape_Route_24,22.30159,-97.88925,87,29.609652
Shape_Route_24,22.30119,-97.88944,88,29.658068
Shape_Route_24,22.30168,-97.89042,89,29.772677
Shape_Route_24,22.30028,-97.8913,90,29.952234
Shape_Route_24,22.30043,-97.89198,91,30.024228
Shape_Route_24,22.30009,-97.89274,92,30.1111
Shape_Route_24,22.29998,-97.8928,93,30.124757
Shape_Route_24,22.29919,-97.89323,94,30.222795
Shape_Route_24,22.30128,-97.89614,95,30.601486
Shape_Route_24,22.30525,-97.89259,96,31.173248
Shape_Route_24,22.30598,-97.89365,97,31.309097
Shape_Route_24,22.30636,-97.89353,98,31.352945
Shape_Route_24,22.30902,-97.89205,99,31.684554
Shape_Route_24,22.31111,-97.8905,100,31.965677
Shape_Route_24,22.31115,-97.8874,101,32.285041
Shape_Route_24,22.31619,-97.88606,102,32.859831
Shape_Route_24,22.31733,-97.88548,103,32.999465
Shape_Route_24,22.31731,-97.87837,104,33.731844
Shape_Route_24,22.31737,-97.87456,105,34.124356
Shape_Route_24,22.31722,-97.87259,106,34.327958
Shape_Route_24,22.31716,-97.8702,107,34.574234
Shape_Route_24,22.31681,-97.86987,108,34.625779
Shape_Route_24,22.31683,-97.8685,109,34.766916
Shape_Route_24,22.3171,-97.86848,110,34.796878
Shape_Route_24,22.32164,-97.86956,111,35.311661
Shape_Route_24,22.32196,-97.86578,112,35.702623
Shape_Route_22,22.33074,-97.86413,1,0.0
Shape_Route_22,22.32222,-97.86065,2,1.009052
Shape_Route_22,22.32185,-97.8604,3,1.057436
Shape_Route_22,22.32157,-97.86057,4,1.093039
Shape_Route_22,22.32137,-97.86079,5,1.124721
Shape_Route_22,22.31123,-97.85736,6,2.3016
Shape_Route_22,22.31133,-97.85707,7,2.333459
Shape_Route_22,22.30935,-97.85642,8,2.562661
Shape_Route_22,22.30613,-97.8551,9,2.944199
Shape_Route_22,22.30508,-97.85769,10,3.235233
Shape_Route_22,22.3017,-97.85626,11,3.637383
Shape_Route_22,22.30007,-97.85554,12,3.832489
Shape_Route_22,22.29611,-97.85396,13,4.300139
Shape_Route_22,22.29266,-97.85253,14,4.709513
Shape_Route_22,22.29226,-97.85292,15,4.769309
Shape_Route_22,22.27996,-97.84792,16,6.225216
Shape_Route_22,22.27453,-97.84561,17,6.871771
Shape_Route_22,22.26374,-97.84977,18,8.140903
Shape_Route_22,22.25117,-97.85441,19,9.612366
Shape_Route_22,22.25034,-97.85492,20,9.718224
Shape_Route_22,22.24793,-97.85456,21,9.987598
Shape_Route_22,22.24702,-97.85512,22,10.103703
Shape_Route_22,22.24456,-97.85527,23,10.376484
Shape_Route_22,22.24239,-97.85525,24,10.61673
Shape_Route_22,22.24054,-97.85383,25,10.868454
Shape_Route_22,22.2383,-97.85291,26,11.13395
Shape_Route_22,22.23709,-97.84986,27,11.475653
Shape_Route_22,22.23437,-97.84855,28,11.805664
Shape_Route_22,22.2319,-97.84748,29,12.100516
Shape_Route_22,22.2304,-97.84662,30,12.288755
Shape_Route_22,22.21206,-97.85608,31,14.541159
Shape_Route_22,22.21173,-97.85521,32,14.637999
Shape_Route_22,22.21681,-97.85239,33,15.27108
Shape_Route_22,22.21725,-97.85338,34,15.38416
Shape_Route_22,22.21172,-97.85526,35,16.026316
Shape_Route_22,22.21681,-97.85239,36,16.662761
Shape_Route_22,22.217,-97.85279,37,16.709049
Shape_Route_22,22.21722,-97.85331,38,16.767925
Shape_Route_22,22.2304,-97.84662,39,18.381799
Shape_Route_22,22.2319,-97.84748,40,18.570038
Shape_Route_22,22.23437,-97.84855,41,18.86489
Shape_Route_22,22.23709,-97.84986,42,19.194901
Shape_Route_22,22.2383,-97.85291,43,19.536604
Shape_Route_22,22.24054,-97.85383,44,19.8021
Shape_Route_22,22.24239,-97.85525,45,20.053825
Shape_Route_22,22.24456,-97.85527,46,20.294071
Shape_Route_22,22.24702,-97.85512,47,20.566852
Shape_Route_22,22.24793,-97.85456,48,20.682956
Shape_Route_22,22.25034,-97.85492,49,20.95233
Shape_Route_22,22.25117,-97.85441,50,21.058188
Shape_Route_22,22.26374,-97.84977,51,22.529652
Shape_Route_22,22.27453,-97.84561,52,23.798784
Shape_Route_22,22.27996,-97.84792,53,24.445338
Shape_Route_22,22.29226,-97.85292,54,25.901246
Shape_Route_22,22.29266,-97.85253,55,25.961041
Shape_Route_22,22.29611,-97.85396,56,26.370415
Shape_Route_22,22.30007,-97.85554,57,26.838066
Shape_Route_22,22.3017,-97.85626,58,27.033171
Shape_Route_22,22.30508,-97.85769,59,27.435321
Shape_Route_22,22.30613,-97.8551,60,27.726356
Shape_Route_22,22.30935,-97.85642,61,28.107893
Shape_Route_22,22.31133,-97.85707,62,28.337096
Shape_Route_22,22.31123,-97.85736,63,28.368954
Shape_Route_22,22.32137,-97.86079,64,29.545833
Shape_Route_22,22.32157,-97.86057,65,29.577515
Shape_Route_22,22.32185,-97.8604,66,29.613118
Shape_Route_22,22.33073,-97.86414,67,30.668995
Shape_Route_25,22.24048,-97.83373,1,0.0
Shape_Route_25,22.24096,-97.83429,2,0.078454
Shape_Route_25,22.24187,-97.83352,3,0.206702
Shape_Route_25,22.24242,-97.83306,4,0.283871
Shape_Route_25,22.24296,-97.83356,5,0.362799
Shape_Route_25,22.24439,-97.83185,6,0.5997
Shape_Route_25,22.24559,-97.83304,7,0.780506
Shape_Route_25,22.24754,-97.83671,8,1.216009
Shape_Route_25,22.24539,-97.83803,9,1.490166
Shape_Route_25,22.2508,-97.84795,10,2.675029
Shape_Route_25,22.25291,-97.84667,11,2.943296
Shape_Route_25,22.25463,-97.85,12,3.335757
Shape_Route_25,22.2535,-97.8537,13,3.737054
Shape_Route_25,22.25143,-97.85446,14,3.979235
Shape_Route_25,22.25057,-97.85494,15,4.086528
Shape_Route_25,22.24809,-97.85468,16,4.362389
Shape_Route_25,22.24717,-97.85516,17,4.475618
Shape_Route_25,22.24541,-97.85528,18,4.670857
Shape_Route_25,22.24653,-97.85749,19,4.930182
Shape_Route_25,22.2522,-97.85821,20,5.562269
Shape_Route_25,22.2507,-97.8633,21,6.112479
Shape_Route_25,22.25273,-97.86333,22,6.337238
Shape_Route_25,22.25305,-97.86478,23,6.490809
Shape_Route_25,22.2551,-97.86469,24,6.71795
Shape_Route_25,22.25732,-97.86385,25,6.978521
Shape_Route_25,22.26036,-97.86198,26,7.366339
Shape_Route_25,22.26295,-97.86081,27,7.67739
Shape_Route_25,22.26391,-97.86018,28,7.801929
Shape_Route_25,22.26692,-97.85943,29,8.144006
Shape_Route_25,22.26984,-97.85856,30,8.479475
Shape_Route_25,22.27515,-97.85633,31,9.11065
Shape_Route_25,22.27534,-97.8561,32,9.142337
Shape_Route_25,22.27473,-97.85535,33,9.244966
Shape_Route_25,22.27491,-97.8551,34,9.277534
Shape_Route_25,22.27659,-97.85611,35,9.49066
Shape_Route_25,22.27693,-97.85654,36,9.548796
Shape_Route_25,22.27837,-97.85944,37,9.887469
Shape_Route_25,22.28059,-97.86196,38,10.244991
Shape_Route_25,22.28174,-97.86313,39,10.420323
Shape_Route_25,22.28463,-97.86551,40,10.823432
Shape_Route_25,22.28865,-97.87087,41,11.532682
Shape_Route_25,22.28908,-97.87197,42,11.655604
Shape_Route_25,22.28944,-97.87268,43,11.738906
Shape_Route_25,22.28987,-97.87298,44,11.795665
Shape_Route_25,22.29025,-97.87293,45,11.838048
Shape_Route_25,22.29026,-97.87264,46,11.867946
Shape_Route_25,22.28994,-97.8722,47,11.925479
Shape_Route_25,22.28946,-97.87213,48,11.979106
Shape_Route_25,22.28832,-97.87271,49,12.118746
Shape_Route_25,22.28728,-97.87332,50,12.249918
Shape_Route_25,22.28565,-97.87378,51,12.436493
Shape_Route_25,22.28442,-97.87394,52,12.573658
Shape_Route_25,22.28243,-97.87299,53,12.814732
Shape_Route_25,22.27957,-97.87301,54,13.131364
Shape_Route_25,22.27777,-97.87328,55,13.332572
Shape_Route_25,22.27555,-97.87405,56,13.590832
Shape_Route_25,22.27658,-97.87771,57,13.98481
Shape_Route_25,22.27796,-97.8794,58,14.216461
Shape_Route_25,22.27899,-97.88082,59,14.401958
Shape_Route_25,22.27906,-97.88354,60,14.68232
Shape_Route_25,22.27899,-97.88419,61,14.749739
Shape_Route_25,22.27817,-97.88513,62,14.882485
Shape_Route_25,22.27755,-97.88656,63,15.045029
Shape_Route_25,22.27735,-97.88862,64,15.258434
Shape_Route_25,22.27743,-97.88908,65,15.306651
Shape_Route_25,22.27852,-97.88946,66,15.433515
Shape_Route_25,22.27817,-97.89136,67,15.633079
Shape_Route_25,22.27964,-97.89162,68,15.798009
Shape_Route_25,22.27964,-97.88933,69,16.033957
Shape_Route_25,22.27974,-97.88645,70,16.330901
Shape_Route_25,22.27988,-97.88643,71,16.346537
Shape_Route_25,22.27899,-97.88419,72,16.597485
Shape_Route_25,22.27988,-97.88643,73,16.848434
Shape_Route_25,22.27974,-97.88645,74,16.864069
Shape_Route_25,22.27964,-97.88933,75,17.161014
Shape_Route_25,22.27964,-97.89162,76,17.396961
Shape_Route_25,22.27817,-97.89136,77,17.561892
Shape_Route_25,22.27852,-97.88946,78,17.761456
Shape_Route_25,22.27743,-97.88908,79,17.88832
Shape_Route_25,22.27735,-97.88862,80,17.936537
Shape_Route_25,22.27755,-97.88656,81,18.149942
Shape_Route_25,22.27817,-97.88513,82,18.312486
Shape_Route_25,22.27899,-97.88419,83,18.445232
Shape_Route_25,22.27906,-97.88354,84,18.512651
Shape_Route_25,22.27899,-97.88082,85,18.793012
Shape_Route_25,22.27796,-97.8794,86,18.978509
Shape_Route_25,22.27658,-97.87771,87,19.210161
Shape_Route_25,22.27555,-97.87405,88,19.604139
Shape_Route_25,22.27777,-97.87328,89,19.862399
Shape_Route_25,22.27957,-97.87301,90,20.063606
Shape_Route_25,22.28243,-97.87299,91,20.380239
Shape_Route_25,22.28442,-97.87394,92,20.621313
Shape_Route_25,22.28565,-97.87378,93,20.758478
Shape_Route_25,22.28728,-97.87332,94,20.945052
Shape_Route_25,22.28832,-97.87271,95,21.076225
Shape_Route_25,22.28847,-97.87223,96,21.128392
Shape_Route_25,22.28851,-97.87202,97,21.150477
Shape_Route_25,22.28857,-97.87138,98,21.216748
Shape_Route_25,22.28841,-97.87085,99,21.274154
Shape_Route_25,22.28854,-97.87118,100,21.311074
Shape_Route_25,22.28858,-97.87147,101,21.341279
Shape_Route_25,22.28855,-97.87181,102,21.376465
Shape_Route_25,22.28854,-97.87116,103,21.443442
Shape_Route_25,22.28831,-97.87072,104,21.495437
Shape_Route_25,22.28823,-97.87065,105,21.506858
Shape_Route_25,22.28805,-97.87044,106,21.536273
Shape_Route_25,22.28771,-97.86996,107,21.598422
Shape_Route_25,22.28463,-97.86551,108,22.169802
Shape_Route_25,22.28174,-97.86313,109,22.572912
Shape_Route_25,22.28059,-97.86196,110,22.748243
Shape_Route_25,22.27837,-97.85944,111,23.105765
Shape_Route_25,22.27754,-97.85883,112,23.217092
Shape_Route_25,22.27697,-97.85804,113,23.320087
Shape_Route_25,22.27647,-97.85744,114,23.403069
Shape_Route_25,22.27607,-97.85698,115,23.467935
Shape_Route_25,22.27569,-97.85651,116,23.532083
Shape_Route_25,22.27534,-97.8561,117,23.589408
Shape_Route_25,22.27515,-97.85633,118,23.621095
Shape_Route_25,22.26984,-97.85856,119,24.25227
Shape_Route_25,22.26692,-97.85943,120,24.587739
Shape_Route_25,22.26391,-97.86018,121,24.929816
Shape_Route_25,22.26295,-97.86081,122,25.054355
Shape_Route_25,22.26036,-97.86198,123,25.365406
Shape_Route_25,22.25732,-97.86385,124,25.753224
Shape_Route_25,22.2551,-97.86469,125,26.013795
Shape_Route_25,22.2495,-97.86724,126,26.687156
Shape_Route_25,22.25032,-97.86447,127,26.986709
Shape_Route_25,22.2507,-97.8633,128,27.114413
Shape_Route_25,22.2522,-97.85821,129,27.664624
Shape_Route_25,22.24653,-97.85749,130,28.29671
Shape_Route_25,22.24541,-97.85528,131,28.556036
Shape_Route_25,22.24717,-97.85516,132,28.751275
Shape_Route_25,22.24809,-97.85468,133,28.864504
Shape_Route_25,22.25057,-97.85494,134,29.140365
Shape_Route_25,22.25143,-97.85446,135,29.247658
Shape_Route_25,22.2535,-97.8537,136,29.489839
Shape_Route_25,22.25413,-97.85175,137,29.702554
Shape_Route_25,22.25171,-97.8475,138,30.21598
Shape_Route_25,22.24937,-97.84887,139,30.511014
Shape_Route_25,22.24399,-97.83886,140,31.702234
Shape_Route_25,22.24612,-97.83754,141,31.974472
Shape_Route_25,22.244,-97.83359,142,32.444374
Shape_Route_25,22.24343,-97.83306,143,32.527836
Shape_Route_25,22.24296,-97.83356,144,32.601068
Shape_Route_25,22.24242,-97.83306,145,32.679995
Shape_Route_25,22.2422,-97.83289,146,32.709998
Shape_Route_25,22.24055,-97.83369,147,32.910413
Shape_Route_26,22.32306,-97.88267,1,0.0
Shape_Route_26,22.32326,-97.88444,2,0.183653
Shape_Route_26,22.31969,-97.88436,3,0.578968
Shape_Route_26,22.31908,-97.88434,4,0.646532
Shape_Route_26,22.31781,-97.88425,5,0.787437
Shape_Route_26,22.31786,-97.88557,6,0.923517
Shape_Route_26,22.31779,-97.88572,7,0.940803
Shape_Route_26,22.31678,-97.88584,8,1.053299
Shape_Route_26,22.31622,-97.88607,9,1.119669
Shape_Route_26,22.3147,-97.88671,10,1.300398
Shape_Route_26,22.31362,-97.88694,11,1.422288
Shape_Route_26,22.31197,-97.88716,12,1.606356
Shape_Route_26,22.31118,-97.88735,13,1.695979
Shape_Route_26,22.30696,-97.88822,14,2.171686
Shape_Route_26,22.30671,-97.89112,15,2.471706
Shape_Route_26,22.30523,-97.89138,16,2.637728
Shape_Route_26,22.30471,-97.8919,17,2.716364
Shape_Route_26,22.30525,-97.89261,18,2.810828
Shape_Route_26,22.30196,-97.89551,19,3.281904
Shape_Route_26,22.30028,-97.89332,20,3.574294
Shape_Route_26,22.30002,-97.89287,21,3.628861
Shape_Route_26,22.3004,-97.89209,22,3.719562
Shape_Route_26,22.30038,-97.89183,23,3.746438
Shape_Route_26,22.30187,-97.89082,24,3.941467
Shape_Route_26,22.30227,-97.89053,25,3.994885
Shape_Route_26,22.30224,-97.89041,26,4.007686
Shape_Route_26,22.3025,-97.89029,27,4.039012
Shape_Route_26,22.30204,-97.88921,28,4.161372
Shape_Route_26,22.3,-97.89032,29,4.414515
Shape_Route_26,22.29987,-97.88973,30,4.476977
Shape_Route_26,22.29891,-97.89022,31,4.594636
Shape_Route_26,22.29806,-97.88975,32,4.700464
Shape_Route_26,22.29848,-97.88905,33,4.786269
Shape_Route_26,22.29916,-97.8878,34,4.935434
Shape_Route_26,22.30193,-97.88612,35,5.287563
Shape_Route_26,22.30309,-97.88542,36,5.434846
Shape_Route_26,22.30324,-97.88533,37,5.453865
Shape_Route_26,22.30287,-97.88409,38,5.588013
Shape_Route_26,22.30134,-97.88505,39,5.784154
Shape_Route_26,22.30127,-97.88494,40,5.797882
Shape_Route_26,22.30126,-97.88404,41,5.890605
Shape_Route_26,22.30042,-97.88398,42,5.983805
Shape_Route_26,22.30008,-97.88397,43,6.02146
Shape_Route_26,22.29882,-97.88477,44,6.18348
Shape_Route_26,22.29874,-97.88492,45,6.201291
Shape_Route_26,22.29848,-97.88466,46,6.24061
Shape_Route_26,22.29691,-97.88691,47,6.530334
Shape_Route_26,22.29625,-97.88634,48,6.624074
Shape_Route_26,22.29547,-97.88612,49,6.713351
Shape_Route_26,22.29518,-97.88318,50,7.017934
Shape_Route_26,22.29511,-97.88205,51,7.134608
Shape_Route_26,22.29484,-97.88112,52,7.234973
Shape_Route_26,22.29456,-97.88054,53,7.302289
Shape_Route_26,22.29444,-97.88017,54,7.342656
Shape_Route_26,22.29406,-97.87975,55,7.403006
Shape_Route_26,22.29294,-97.87776,56,7.642603
Shape_Route_26,22.29214,-97.87639,57,7.809233
Shape_Route_26,22.28726,-97.88085,58,8.51847
Shape_Route_26,22.28736,-97.88121,59,8.557177
Shape_Route_26,22.28722,-97.88074,60,8.60802
Shape_Route_26,22.2852,-97.88103,61,8.833638
Shape_Route_26,22.28512,-97.88123,62,8.856066
Shape_Route_26,22.28429,-97.88254,63,9.019346
Shape_Route_26,22.28347,-97.88286,64,9.115928
Shape_Route_26,22.28335,-97.88301,65,9.136308
Shape_Route_26,22.28273,-97.88261,66,9.216369
Shape_Route_26,22.28272,-97.88148,67,9.3328
Shape_Route_26,22.28069,-97.88155,68,9.557653
Shape_Route_26,22.28015,-97.88155,69,9.617436
Shape_Route_26,22.27893,-97.88196,70,9.758951
Shape_Route_26,22.27896,-97.8815,71,9.806464
Shape_Route_26,22.27881,-97.8808,72,9.880475
Shape_Route_26,22.27793,-97.87943,73,10.051988
Shape_Route_26,22.27683,-97.87833,74,10.218349
Shape_Route_26,22.27646,-97.87784,75,10.283364
Shape_Route_26,22.27604,-97.87636,76,10.44279
Shape_Route_26,22.27545,-97.87405,77,10.689605
Shape_Route_26,22.27435,-97.87439,78,10.816323
Shape_Route_26,22.27332,-97.87468,79,10.934203
Shape_Route_26,22.27248,-97.87476,80,11.027562
Shape_Route_26,22.27075,-97.87403,81,11.233328
Shape_Route_26,22.26944,-97.87376,82,11.381
Shape_Route_26,22.26735,-97.87384,83,11.612527
Shape_Route_26,22.26559,-97.87447,84,11.817903
Shape_Route_26,22.26336,-97.87519,85,12.075689
Shape_Route_26,22.25956,-97.87619,86,12.508816
Shape_Route_26,22.25907,-97.87561,87,12.589531
Shape_Route_26,22.25724,-97.87392,88,12.856692
Shape_Route_26,22.25619,-97.87355,89,12.979029
Shape_Route_26,22.25522,-97.87353,90,13.086435
Shape_Route_26,22.25378,-97.87309,91,13.252178
Shape_Route_26,22.25348,-97.87414,92,13.365366
Shape_Route_26,22.24953,-97.87267,93,13.828159
Shape_Route_26,22.24734,-97.87142,94,14.102708
Shape_Route_26,22.24942,-97.86723,95,14.592081
Shape_Route_26,22.24706,-97.86765,96,14.856913
Shape_Route_26,22.24521,-97.8671,97,15.069421
Shape_Route_26,22.2444,-97.86699,98,15.159808
Shape_Route_26,22.24345,-97.86702,99,15.265026
Shape_Route_26,22.24233,-97.86704,100,15.389036
Shape_Route_26,22.24124,-97.8669,101,15.510568
Shape_Route_26,22.23798,-97.86641,102,15.874991
Shape_Route_26,22.23637,-97.86596,103,16.059166
Shape_Route_26,22.23537,-97.86564,104,16.174683
Shape_Route_26,22.23569,-97.86479,105,16.269181
Shape_Route_26,22.23579,-97.86441,106,16.309881
Shape_Route_26,22.23616,-97.8641,107,16.361831
Shape_Route_26,22.23621,-97.8603,108,16.753523
Shape_Route_26,22.23623,-97.85905,109,16.882375
Shape_Route_26,22.23624,-97.85891,110,16.896847
Shape_Route_26,22.23473,-97.85727,111,17.134579
Shape_Route_26,22.23423,-97.85712,112,17.192052
Shape_Route_26,22.23371,-97.85724,113,17.250934
Shape_Route_26,22.23279,-97.85814,114,17.388696
Shape_Route_26,22.23213,-97.85878,115,17.487135
Shape_Route_26,22.23154,-97.85929,116,17.570977
Shape_Route_26,22.23083,-97.85965,117,17.657898
Shape_Route_26,22.23014,-97.8597,118,17.73446
Shape_Route_26,22.22923,-97.85948,119,17.837724
Shape_Route_26,22.22813,-97.85911,120,17.965335
Shape_Route_26,22.22661,-97.85881,121,18.136429
Shape_Route_26,22.22589,-97.85851,122,18.221926
Shape_Route_26,22.22552,-97.85786,123,18.300454
Shape_Route_26,22.2255,-97.85772,124,18.315054
Shape_Route_26,22.2219,-97.85944,125,18.751256
Shape_Route_26,22.21957,-97.85416,126,19.353542
Shape_Route_26,22.218,-97.85499,127,19.54727
Shape_Route_26,22.21723,-97.85329,128,19.74214
Shape_Route_26,22.22062,-97.85145,129,20.162644
Shape_Route_26,22.2218,-97.85424,130,20.478511
Shape_Route_26,22.22185,-97.85581,131,20.640437
Shape_Route_26,22.22253,-97.85666,132,20.755953
Shape_Route_26,22.22305,-97.85676,133,20.814436
Shape_Route_26,22.22456,-97.85616,134,20.992679
Shape_Route_26,22.22541,-97.85676,135,21.105284
Shape_Route_26,22.2255,-97.85772,136,21.204736
Shape_Route_26,22.22354,-97.85867,137,21.442795
Shape_Route_26,22.22532,-97.863,138,21.930679
Shape_Route_26,22.22874,-97.86141,139,22.343247
Shape_Route_26,22.22969,-97.86134,140,22.448667
Shape_Route_26,22.23049,-97.86104,141,22.542476
Shape_Route_26,22.23254,-97.86108,142,22.769465
Shape_Route_26,22.2322,-97.86325,143,22.99627
Shape_Route_26,22.2335,-97.86352,144,23.142856
Shape_Route_26,22.23415,-97.8634,145,23.215872
Shape_Route_26,22.24117,-97.86364,146,23.993435
Shape_Route_26,22.24152,-97.86462,147,24.101614
Shape_Route_26,22.24124,-97.86621,148,24.26839
Shape_Route_26,22.24687,-97.86648,149,24.892296
Shape_Route_26,22.24838,-97.86632,150,25.060277
Shape_Route_26,22.24994,-97.86601,151,25.235911
Shape_Route_26,22.24783,-97.87051,152,25.755177
Shape_Route_26,22.24992,-97.87174,153,26.019004
Shape_Route_26,22.25378,-97.87309,154,26.468412
Shape_Route_26,22.25522,-97.87353,155,26.634155
Shape_Route_26,22.25619,-97.87355,156,26.741561
Shape_Route_26,22.25724,-97.87392,157,26.863898
Shape_Route_26,22.25907,-97.87561,158,27.131059
Shape_Route_26,22.25956,-97.87619,159,27.211774
Shape_Route_26,22.26336,-97.87519,160,27.644901
Shape_Route_26,22.26559,-97.87447,161,27.902687
Shape_Route_26,22.26735,-97.87384,162,28.108063
Shape_Route_26,22.26944,-97.87376,163,28.33959
Shape_Route_26,22.27075,-97.87403,164,28.487262
Shape_Route_26,22.27248,-97.87476,165,28.693028
Shape_Route_26,22.27332,-97.87468,166,28.786387
Shape_Route_26,22.27435,-97.87439,167,28.904267
Shape_Route_26,22.27545,-97.87405,168,29.030985
Shape_Route_26,22.27604,-97.87636,169,29.2778
Shape_Route_26,22.27646,-97.87784,170,29.437226
Shape_Route_26,22.27683,-97.87833,171,29.502241
Shape_Route_26,22.27793,-97.87943,172,29.668602
Shape_Route_26,22.27881,-97.8808,173,29.840115
Shape_Route_26,22.27896,-97.8815,174,29.914126
Shape_Route_26,22.27893,-97.88196,175,29.961639
Shape_Route_26,22.28015,-97.88155,176,30.103154
Shape_Route_26,22.28069,-97.88155,177,30.162937
Shape_Route_26,22.28272,-97.88148,178,30.38779
Shape_Route_26,22.28273,-97.88261,179,30.504221
Shape_Route_26,22.28335,-97.88301,180,30.584282
Shape_Route_26,22.28347,-97.88286,181,30.604662
Shape_Route_26,22.28429,-97.88254,182,30.701244
Shape_Route_26,22.28512,-97.88123,183,30.864524
Shape_Route_26,22.2852,-97.88103,184,30.886952
Shape_Route_26,22.28722,-97.88074,185,31.11257
Shape_Route_26,22.28736,-97.88121,186,31.163413
Shape_Route_26,22.28726,-97.88085,187,31.20212
Shape_Route_26,22.29214,-97.87639,188,31.911357
Shape_Route_26,22.29294,-97.87776,189,32.077987
Shape_Route_26,22.29406,-97.87975,190,32.317584
Shape_Route_26,22.29444,-97.88017,191,32.377934
Shape_Route_26,22.29456,-97.88054,192,32.418301
Shape_Route_26,22.29484,-97.88112,193,32.485617
Shape_Route_26,22.29511,-97.88205,194,32.585982
Shape_Route_26,22.29518,-97.88318,195,32.702656
Shape_Route_26,22.29547,-97.88612,196,33.007239
Shape_Route_26,22.29625,-97.88634,197,33.096516
Shape_Route_26,22.29691,-97.88691,198,33.190256
Shape_Route_26,22.29848,-97.88466,199,33.47998
Shape_Route_26,22.29874,-97.88492,200,33.519299
Shape_Route_26,22.29882,-97.88477,201,33.53711
Shape_Route_26,22.30008,-97.88397,202,33.69913
Shape_Route_26,22.30042,-97.88398,203,33.736785
Shape_Route_26,22.30126,-97.88404,204,33.829985
Shape_Route_26,22.30127,-97.88494,205,33.922708
Shape_Route_26,22.30134,-97.88505,206,33.936436
Shape_Route_26,22.30287,-97.88409,207,34.132577
Shape_Route_26,22.30324,-97.88533,208,34.266725
Shape_Route_26,22.30309,-97.88542,209,34.285744
Shape_Route_26,22.30193,-97.88612,210,34.433027
Shape_Route_26,22.29916,-97.8878,211,34.785156
Shape_Route_26,22.29848,-97.88905,212,34.934321
Shape_Route_26,22.29806,-97.88975,213,35.020126
Shape_Route_26,22.29891,-97.89022,214,35.125954
Shape_Route_26,22.29987,-97.88973,215,35.243613
Shape_Route_26,22.3,-97.89032,216,35.306075
Shape_Route_26,22.30204,-97.88921,217,35.559218
Shape_Route_26,22.3025,-97.89029,218,35.681578
Shape_Route_26,22.30224,-97.89041,219,35.712904
Shape_Route_26,22.30227,-97.89053,220,35.725705
Shape_Route_26,22.30187,-97.89082,221,35.779123
Shape_Route_26,22.30038,-97.89183,222,35.974152
Shape_Route_26,22.3004,-97.89209,223,36.001028
Shape_Route_26,22.30002,-97.89287,224,36.091729
Shape_Route_26,22.30028,-97.89332,225,36.146296
Shape_Route_26,22.30196,-97.89551,226,36.438686
Shape_Route_26,22.30525,-97.89261,227,36.909762
Shape_Route_26,22.30471,-97.8919,228,37.004226
Shape_Route_26,22.30523,-97.89138,229,37.082862
Shape_Route_26,22.30671,-97.89112,230,37.248884
Shape_Route_26,22.30696,-97.88822,231,37.548904
Shape_Route_26,22.31118,-97.88735,232,38.024611
Shape_Route_26,22.31197,-97.88716,233,38.114234
Shape_Route_26,22.31362,-97.88694,234,38.298302
Shape_Route_26,22.3147,-97.88671,235,38.420192
Shape_Route_26,22.31622,-97.88607,236,38.600921
Shape_Route_26,22.31678,-97.88584,237,38.667291
Shape_Route_26,22.31733,-97.8855,238,38.737534
Shape_Route_26,22.31735,-97.88479,239,38.810702
Shape_Route_26,22.31735,-97.88337,240,38.956971
Shape_Route_26,22.31737,-97.88248,241,39.048673
Shape_Route_26,22.31788,-97.88249,242,39.105144
Shape_Route_26,22.32307,-97.88269,243,39.68009
Shape_Route_27,22.21367,-97.85939,1,0.0
Shape_Route_27,22.21431,-97.86009,2,0.101128
Shape_Route_27,22.2141,-97.86036,3,0.137393
Shape_Route_27,22.21457,-97.86093,4,0.215877
Shape_Route_27,22.21604,-97.86434,5,0.603231
Shape_Route_27,22.21672,-97.8659,6,0.780787
Shape_Route_27,22.21718,-97.86629,7,0.845668
Shape_Route_27,22.21777,-97.86689,8,0.935621
Shape_Route_27,22.21863,-97.86789,9,1.075942
Shape_Route_27,22.21897,-97.86825,10,1.128799
Shape_Route_27,22.21932,-97.86851,11,1.175912
Shape_Route_27,22.21994,-97.86882,12,1.251624
Shape_Route_27,22.22051,-97.86915,13,1.323312
Shape_Route_27,22.22104,-97.86965,14,1.401408
Shape_Route_27,22.22135,-97.86991,15,1.444952
Shape_Route_27,22.22176,-97.87008,16,1.493607
Shape_Route_27,22.22407,-97.87048,17,1.752644
Shape_Route_27,22.22678,-97.87193,18,2.087827
Shape_Route_27,22.22629,-97.87421,19,2.329014
Shape_Route_27,22.22562,-97.8769,20,2.616032
Shape_Route_27,22.22444,-97.88157,21,3.1148
Shape_Route_27,22.22437,-97.88256,22,3.217138
Shape_Route_27,22.22446,-97.88364,23,3.328903
Shape_Route_27,22.22498,-97.88525,24,3.504554
Shape_Route_27,22.22555,-97.88669,25,3.665838
Shape_Route_27,22.2273,-97.89026,26,4.081694
Shape_Route_27,22.22747,-97.89121,27,4.181404
Shape_Route_27,22.2273,-97.89243,28,4.308553
Shape_Route_27,22.22628,-97.89657,29,4.749961
Shape_Route_27,22.22551,-97.89947,30,5.06079
Shape_Route_27,22.2248,-97.90213,31,5.34601
Shape_Route_27,22.2244,-97.90376,32,5.519758
Shape_Route_27,22.22383,-97.90708,33,5.867733
Shape_Route_27,22.22358,-97.90953,34,6.121778
Shape_Route_27,22.22066,-97.92213,35,7.460151
Shape_Route_27,22.21945,-97.92723,36,8.00264
Shape_Route_27,22.21965,-97.92728,37,8.025373
Shape_Route_27,22.22088,-97.92214,38,8.572404
Shape_Route_27,22.22335,-97.92296,39,8.858612
Shape_Route_27,22.22428,-97.92318,40,8.964036
Shape_Route_27,22.22487,-97.92006,41,9.292191
Shape_Route_27,22.22529,-97.9184,42,9.469497
Shape_Route_27,22.22516,-97.91798,43,9.515117
Shape_Route_27,22.2252,-97.91741,44,9.574036
Shape_Route_27,22.22587,-97.91393,45,9.940318
Shape_Route_27,22.22685,-97.90979,46,10.380613
Shape_Route_27,22.22729,-97.90554,47,10.821368
Shape_Route_27,22.22713,-97.90538,48,10.84557
Shape_Route_27,22.22723,-97.90431,49,10.956411
Shape_Route_27,22.22614,-97.90417,50,11.077941
Shape_Route_27,22.2244,-97.90376,51,11.275151
Shape_Route_27,22.2248,-97.90213,52,11.448899
Shape_Route_27,22.22551,-97.89947,53,11.734119
Shape_Route_27,22.22628,-97.89657,54,12.044948
Shape_Route_27,22.22752,-97.89254,55,12.482426
Shape_Route_27,22.22817,-97.89147,56,12.614112
Shape_Route_27,22.22821,-97.89017,57,12.748179
Shape_Route_27,22.22781,-97.88921,58,12.856584
Shape_Route_27,22.22671,-97.88788,59,13.039949
Shape_Route_27,22.22563,-97.88663,60,13.21572
Shape_Route_27,22.22498,-97.88525,61,13.375128
Shape_Route_27,22.22446,-97.88364,62,13.550779
Shape_Route_27,22.22437,-97.88256,63,13.662545
Shape_Route_27,22.22444,-97.88157,64,13.764882
Shape_Route_27,22.22562,-97.8769,65,14.26365
Shape_Route_27,22.22629,-97.87421,66,14.550668
Shape_Route_27,22.22678,-97.87193,67,14.791855
Shape_Route_27,22.22681,-97.8713,68,14.856876
Shape_Route_27,22.22628,-97.87065,69,14.945935
Shape_Route_27,22.22568,-97.87041,70,15.016816
Shape_Route_27,22.22485,-97.86955,71,15.144491
Shape_Route_27,22.22267,-97.86906,72,15.391062
Shape_Route_27,22.22206,-97.86874,73,15.466219
Shape_Route_27,22.22117,-97.86758,74,15.621154
Shape_Route_27,22.22127,-97.86562,75,15.823489
Shape_Route_27,22.22242,-97.86516,76,15.959345
Shape_Route_27,22.22343,-97.86455,77,16.087626
Shape_Route_27,22.22353,-97.86347,78,16.199497
Shape_Route_27,22.22087,-97.8633,79,16.494501
Shape_Route_27,22.21949,-97.86272,80,16.658559
Shape_Route_27,22.21793,-97.85928,81,17.052974
Shape_Route_27,22.21351,-97.86148,82,17.592298
Shape_Route_27,22.21288,-97.85982,83,17.777085
Shape_Route_27,22.21366,-97.85938,84,17.874624
Shape_Route_27,22.21431,-97.86009,85,17.977263
Shape_Route_28,22.28276,-97.89299,1,0.0
Shape_Route_28,22.28214,-97.89295,2,0.068762
Shape_Route_28,22.28218,-97.89188,3,0.179095
Shape_Route_28,22.2823,-97.89188,4,0.19238
Shape_Route_28,22.28212,-97.89033,5,0.353318
Shape_Route_28,22.28225,-97.89031,6,0.367857
Shape_Route_28,22.28209,-97.88856,7,0.549031
Shape_Route_28,22.28347,-97.88848,8,0.70203
Shape_Route_28,22.28361,-97.89011,9,0.870684
Shape_Route_28,22.2873,-97.89098,10,1.288914
Shape_Route_28,22.28601,-97.8891,11,1.529565
Shape_Route_28,22.28599,-97.88837,12,1.604809
Shape_Route_28,22.28615,-97.88731,13,1.715448
Shape_Route_28,22.28622,-97.88698,14,1.750319
Shape_Route_28,22.28634,-97.88714,15,1.771491
Shape_Route_28,22.28659,-97.88817,16,1.88116
Shape_Route_28,22.28676,-97.88857,17,1.926466
Shape_Route_28,22.2874,-97.88945,18,2.041532
Shape_Route_28,22.28784,-97.88914,19,2.099781
Shape_Route_28,22.28782,-97.8886,20,2.15546
Shape_Route_28,22.28744,-97.88805,21,2.226035
Shape_Route_28,22.28702,-97.88647,22,2.39533
Shape_Route_28,22.28641,-97.88624,23,2.466899
Shape_Route_28,22.28677,-97.885,24,2.600727
Shape_Route_28,22.28685,-97.88446,25,2.657063
Shape_Route_28,22.28721,-97.883,26,2.812675
Shape_Route_28,22.28737,-97.88169,27,2.9488
Shape_Route_28,22.28733,-97.88114,28,3.005638
Shape_Route_28,22.28723,-97.88078,29,3.044346
Shape_Route_28,22.2865,-97.87763,30,3.378798
Shape_Route_28,22.28584,-97.87502,31,3.657455
Shape_Route_28,22.28567,-97.8739,32,3.774373
Shape_Route_28,22.28461,-97.87395,33,3.891837
Shape_Route_28,22.28264,-97.87311,34,4.126477
Shape_Route_28,22.28049,-97.87299,35,4.36482
Shape_Route_28,22.27619,-97.87376,36,4.847431
Shape_Route_28,22.27272,-97.87469,37,5.24336
Shape_Route_28,22.27035,-97.87383,38,5.520298
Shape_Route_28,22.26702,-97.87374,39,5.889072
Shape_Route_28,22.26507,-97.87475,40,6.128731
Shape_Route_28,22.25941,-97.87623,41,6.77363
Shape_Route_28,22.25687,-97.87664,42,7.057984
Shape_Route_28,22.25498,-97.87632,43,7.269805
Shape_Route_28,22.25006,-97.8749,44,7.833802
Shape_Route_28,22.24654,-97.8731,45,8.265393
Shape_Route_28,22.22634,-97.86454,46,10.669428
Shape_Route_28,22.22326,-97.8635,47,11.026861
Shape_Route_28,22.22081,-97.86325,48,11.299317
Shape_Route_28,22.21944,-97.86272,49,11.460526
Shape_Route_28,22.21714,-97.8575,50,12.055808
Shape_Route_28,22.214,-97.8592,51,12.445103
Shape_Route_28,22.21422,-97.85967,52,12.499329
Shape_Route_28,22.21475,-97.8599,53,12.562613
Shape_Route_28,22.21518,-97.85963,54,12.617757
Shape_Route_28,22.21836,-97.85799,55,13.008293
Shape_Route_28,22.22024,-97.86233,56,13.501701
Shape_Route_28,22.22081,-97.86325,57,13.61561
Shape_Route_28,22.22326,-97.8635,58,13.888065
Shape_Route_28,22.22634,-97.86454,59,14.245498
Shape_Route_28,22.24654,-97.8731,60,16.649533
Shape_Route_28,22.25006,-97.8749,61,17.081124
Shape_Route_28,22.25498,-97.87632,62,17.645122
Shape_Route_28,22.25687,-97.87664,63,17.856942
Shape_Route_28,22.25941,-97.87623,64,18.141296
Shape_Route_28,22.26507,-97.87475,65,18.786196
Shape_Route_28,22.26702,-97.87374,66,19.025854
Shape_Route_28,22.27035,-97.87383,67,19.394628
Shape_Route_28,22.27272,-97.87469,68,19.671567
Shape_Route_28,22.27619,-97.87376,69,20.067495
Shape_Route_28,22.28049,-97.87299,70,20.550106
Shape_Route_28,22.28264,-97.87311,71,20.78845
Shape_Route_28,22.28461,-97.87395,72,21.023089
Shape_Route_28,22.28567,-97.8739,73,21.140553
Shape_Route_28,22.28584,-97.87502,74,21.257471
Shape_Route_28,22.2865,-97.87763,75,21.536129
Shape_Route_28,22.28723,-97.88078,76,21.870581
Shape_Route_28,22.28733,-97.88114,77,21.909288
Shape_Route_28,22.28737,-97.88169,78,21.966127
Shape_Route_28,22.28721,-97.883,79,22.102251
Shape_Route_28,22.28685,-97.88446,80,22.257863
Shape_Route_28,22.28677,-97.885,81,22.3142
Shape_Route_28,22.28641,-97.88624,82,22.448028
Shape_Route_28,22.28702,-97.88647,83,22.519596
Shape_Route_28,22.28744,-97.88805,84,22.688892
Shape_Route_28,22.28782,-97.8886,85,22.759466
Shape_Route_28,22.28784,-97.88914,86,22.815145
Shape_Route_28,22.2874,-97.88945,87,22.873394
Shape_Route_28,22.28676,-97.88857,88,22.98846
Shape_Route_28,22.28659,-97.88817,89,23.033766
Shape_Route_28,22.28634,-97.88714,90,23.143436
Shape_Route_28,22.28622,-97.88698,91,23.164607
Shape_Route_28,22.28615,-97.88731,92,23.199479
Shape_Route_28,22.28599,-97.88837,93,23.310117
Shape_Route_28,22.28601,-97.8891,94,23.385361
Shape_Route_28,22.2873,-97.89098,95,23.626012
Shape_Route_28,22.28361,-97.89011,96,24.044242
Shape_Route_28,22.28347,-97.88848,97,24.212896
Shape_Route_28,22.28209,-97.88856,98,24.365895
Shape_Route_28,22.28225,-97.89031,99,24.547069
Shape_Route_28,22.28212,-97.89033,100,24.561608
Shape_Route_28,22.2823,-97.89188,101,24.722546
Shape_Route_28,22.28218,-97.89188,102,24.735831
Shape_Route_28,22.28217,-97.89289,103,24.839899
Shape_Route_28,22.28272,-97.89299,104,24.901654
Shape_Route_30,22.33406,-97.88224,1,0.0
Shape_Route_30,22.33071,-97.88378,2,0.403368
Shape_Route_30,22.32959,-97.88368,3,0.527788
Shape_Route_30,22.32965,-97.88319,4,0.578692
Shape_Route_30,22.32632,-97.88312,5,0.947422
Shape_Route_30,22.32637,-97.88112,6,1.153496
Shape_Route_30,22.32307,-97.88095,7,1.519254
Shape_Route_30,22.32339,-97.87652,8,1.976927
Shape_Route_30,22.3178,-97.87828,9,2.621795
Shape_Route_30,22.31492,-97.87914,10,2.952713
Shape_Route_30,22.31252,-97.87988,11,3.229131
Shape_Route_30,22.31003,-97.88074,12,3.51868
Shape_Route_30,22.30842,-97.88122,13,3.703652
Shape_Route_30,22.30664,-97.8818,14,3.909572
Shape_Route_30,22.30497,-97.88186,15,4.094558
Shape_Route_30,22.30176,-97.88008,16,4.494451
Shape_Route_30,22.29654,-97.87677,17,5.165453
Shape_Route_30,22.2913,-97.87342,18,5.840468
Shape_Route_30,22.28978,-97.8731,19,6.011943
Shape_Route_30,22.28875,-97.87292,20,6.127471
Shape_Route_30,22.28764,-97.87316,21,6.25282
Shape_Route_30,22.28477,-97.87406,22,6.583807
Shape_Route_30,22.28261,-97.87307,23,6.843783
Shape_Route_30,22.27897,-97.87311,24,7.246782
Shape_Route_30,22.27551,-97.87391,25,7.638601
Shape_Route_30,22.27336,-97.87468,26,7.889498
Shape_Route_30,22.27232,-97.87458,27,8.005095
Shape_Route_30,22.27019,-97.87372,28,8.257003
Shape_Route_30,22.2669,-97.87381,29,8.621351
Shape_Route_30,22.26533,-97.87458,30,8.812416
Shape_Route_30,22.25963,-97.87612,31,9.463099
Shape_Route_30,22.25733,-97.87662,32,9.722888
Shape_Route_30,22.25397,-97.87621,33,10.097258
Shape_Route_30,22.24698,-97.87336,34,10.924969
Shape_Route_30,22.23923,-97.86979,35,11.858516
Shape_Route_30,22.23165,-97.86662,36,12.759041
Shape_Route_30,22.22416,-97.8637,37,13.641174
Shape_Route_30,22.22116,-97.86316,38,13.977929
Shape_Route_30,22.22054,-97.86325,39,14.047192
Shape_Route_30,22.21939,-97.86258,40,14.192031
Shape_Route_30,22.21791,-97.85926,41,14.571456
Shape_Route_30,22.21633,-97.86007,42,14.76528
Shape_Route_30,22.2156,-97.85837,43,14.958257
Shape_Route_30,22.2148,-97.85881,44,15.057761
Shape_Route_30,22.21553,-97.86046,45,15.24607
Shape_Route_30,22.21505,-97.8607,46,15.304687
Shape_Route_30,22.21348,-97.86146,47,15.495338
Shape_Route_30,22.21285,-97.85978,48,15.682035
Shape_Route_30,22.21367,-97.85937,49,15.782172
Shape_Route_30,22.21501,-97.8605,50,15.970787
Shape_Route_30,22.21545,-97.86152,51,16.086666
Shape_Route_30,22.21673,-97.86091,52,16.241696
Shape_Route_30,22.21633,-97.86007,53,16.338951
Shape_Route_30,22.21327,-97.86079,54,16.685752
Shape_Route_30,22.21391,-97.86044,55,16.765262
Shape_Route_30,22.21437,-97.86014,56,16.824842
Shape_Route_30,22.21514,-97.86068,57,16.926651
Shape_Route_30,22.21545,-97.86152,58,17.019793
Shape_Route_30,22.2159,-97.86133,59,17.073324
Shape_Route_30,22.21673,-97.86093,60,17.174038
Shape_Route_30,22.21594,-97.85919,61,17.373586
Shape_Route_30,22.21837,-97.858,62,17.669253
Shape_Route_30,22.22024,-97.86234,63,18.162195
Shape_Route_30,22.22063,-97.86324,64,18.264521
Shape_Route_30,22.22116,-97.86316,65,18.323772
Shape_Route_30,22.22416,-97.8637,66,18.660528
Shape_Route_30,22.23165,-97.86662,67,19.542661
Shape_Route_30,22.23923,-97.86979,68,20.443186
Shape_Route_30,22.24698,-97.87336,69,21.376733
Shape_Route_30,22.25397,-97.87621,70,22.204443
Shape_Route_30,22.25733,-97.87662,71,22.578813
Shape_Route_30,22.25963,-97.87612,72,22.838602
Shape_Route_30,22.26533,-97.87458,73,23.489285
Shape_Route_30,22.2669,-97.87381,74,23.68035
Shape_Route_30,22.27019,-97.87372,75,24.044698
Shape_Route_30,22.27232,-97.87458,76,24.296607
Shape_Route_30,22.27336,-97.87468,77,24.412203
Shape_Route_30,22.27551,-97.87391,78,24.663101
Shape_Route_30,22.27897,-97.87311,79,25.054919
Shape_Route_30,22.28261,-97.87307,80,25.457918
Shape_Route_30,22.28477,-97.87406,81,25.717894
Shape_Route_30,22.28764,-97.87316,82,26.048881
Shape_Route_30,22.28875,-97.87292,83,26.17423
Shape_Route_30,22.28978,-97.8731,84,26.289758
Shape_Route_30,22.2913,-97.87342,85,26.461234
Shape_Route_30,22.29654,-97.87677,86,27.136248
Shape_Route_30,22.30176,-97.88008,87,27.80725
Shape_Route_30,22.30497,-97.88186,88,28.207144
Shape_Route_30,22.30664,-97.8818,89,28.39213
Shape_Route_30,22.30842,-97.88122,90,28.598049
Shape_Route_30,22.31003,-97.88074,91,28.783021
Shape_Route_30,22.31252,-97.87988,92,29.07257
Shape_Route_30,22.31492,-97.87914,93,29.348988
Shape_Route_30,22.3178,-97.87828,94,29.679907
Shape_Route_30,22.32339,-97.87652,95,30.324774
Shape_Route_30,22.32307,-97.88095,96,30.782448
Shape_Route_30,22.32637,-97.88112,97,31.148205
Shape_Route_30,22.32632,-97.88312,98,31.354279
Shape_Route_30,22.32965,-97.88319,99,31.723009
Shape_Route_30,22.32959,-97.88368,100,31.773913
Shape_Route_30,22.33071,-97.88378,101,31.898334
Shape_Route_32,22.297,-97.83832,1,0.0
Shape_Route_32,22.29565,-97.83794,2,0.1545
Shape_Route_32,22.29473,-97.8376,3,0.262208
Shape_Route_32,22.29291,-97.83703,4,0.472083
Shape_Route_32,22.29178,-97.83665,5,0.603167
Shape_Route_32,22.29065,-97.83642,6,0.730494
Shape_Route_32,22.28872,-97.83633,7,0.944364
Shape_Route_32,22.28876,-97.83527,8,1.053665
Shape_Route_32,22.28887,-97.83489,9,1.094666
Shape_Route_32,22.27701,-97.83452,10,2.408234
Shape_Route_32,22.27698,-97.83356,11,2.507206
Shape_Route_32,22.27669,-97.83358,12,2.539378
Shape_Route_32,22.27665,-97.83425,13,2.608555
Shape_Route_32,22.27534,-97.83382,14,2.760201
Shape_Route_32,22.27464,-97.83361,15,2.840662
Shape_Route_32,22.26526,-97.82447,16,4.242589
Shape_Route_32,22.26264,-97.82746,17,4.665752
Shape_Route_32,22.25445,-97.83726,18,6.022963
Shape_Route_32,22.24946,-97.83518,19,6.615531
Shape_Route_32,22.24612,-97.83759,20,7.060971
Shape_Route_32,22.24485,-97.8352,21,7.34459
Shape_Route_32,22.24415,-97.83564,22,7.434379
Shape_Route_32,22.24532,-97.83785,23,7.696399
Shape_Route_32,22.246,-97.8374,24,7.78482
Shape_Route_32,22.24532,-97.83785,25,7.873241
Shape_Route_32,22.24415,-97.83564,26,8.135261
Shape_Route_32,22.24485,-97.8352,27,8.22505
Shape_Route_32,22.24612,-97.83759,28,8.508669
Shape_Route_32,22.24946,-97.83518,29,8.954109
Shape_Route_32,22.25445,-97.83726,30,9.546677
Shape_Route_32,22.26264,-97.82746,31,10.903887
Shape_Route_32,22.26526,-97.82447,32,11.327051
Shape_Route_32,22.27464,-97.83361,33,12.728978
Shape_Route_32,22.27534,-97.83382,34,12.809439
Shape_Route_32,22.27665,-97.83425,35,12.961085
Shape_Route_32,22.27669,-97.83358,36,13.030262
Shape_Route_32,22.27698,-97.83356,37,13.062434
Shape_Route_32,22.27701,-97.83452,38,13.161406
Shape_Route_32,22.28887,-97.83489,39,14.474974
Shape_Route_32,22.28876,-97.83527,40,14.515975
Shape_Route_32,22.28872,-97.83633,41,14.625276
Shape_Route_32,22.29065,-97.83642,42,14.839146
Shape_Route_32,22.29178,-97.83665,43,14.966473
Shape_Route_32,22.29291,-97.83703,44,15.097557
Shape_Route_32,22.29473,-97.8376,45,15.307432
Shape_Route_32,22.29565,-97.83794,46,15.41514
Shape_Route_31,22.3249,-97.89684,1,0.0
Shape_Route_31,22.32439,-97.89431,2,0.266638
Shape_Route_31,22.32102,-97.89533,3,0.654235
Shape_Route_31,22.31956,-97.89579,4,0.822671
Shape_Route_31,22.31861,-97.89622,5,0.936789
Shape_Route_31,22.31824,-97.89622,6,0.977751
Shape_Route_31,22.31824,-97.8959,7,1.010713
Shape_Route_31,22.31711,-97.89537,8,1.147206
Shape_Route_31,22.31725,-97.89493,9,1.195106
Shape_Route_31,22.31672,-97.89281,10,1.421225
Shape_Route_31,22.31628,-97.89054,11,1.66007
Shape_Route_31,22.31892,-97.88992,12,1.959236
Shape_Route_31,22.31868,-97.88888,13,2.069607
Shape_Route_31,22.32348,-97.88685,14,2.640665
Shape_Route_31,22.32324,-97.88518,15,2.814719
Shape_Route_31,22.319,-97.88522,16,3.28414
Shape_Route_31,22.31929,-97.8825,17,3.566148
Shape_Route_31,22.30968,-97.88208,18,4.630934
Shape_Route_31,22.3097,-97.88087,19,4.755599
Shape_Route_31,22.30861,-97.88118,20,4.880425
Shape_Route_31,22.30778,-97.88146,21,4.976733
Shape_Route_31,22.30634,-97.88183,22,5.140646
Shape_Route_31,22.3055,-97.88187,23,5.233733
Shape_Route_31,22.30463,-97.88173,24,5.331123
Shape_Route_31,22.30351,-97.8812,25,5.466604
Shape_Route_31,22.30005,-97.87896,26,5.913794
Shape_Route_31,22.29808,-97.87773,27,6.166028
Shape_Route_31,22.29118,-97.87336,28,7.052716
Shape_Route_31,22.28883,-97.87297,29,7.315965
Shape_Route_31,22.28699,-97.87338,30,7.524002
Shape_Route_31,22.28531,-97.87394,31,7.718735
Shape_Route_31,22.28388,-97.87368,32,7.879298
Shape_Route_31,22.28215,-97.87291,33,8.086605
Shape_Route_31,22.2781,-97.8731,34,8.5354
Shape_Route_31,22.2728,-97.87471,35,9.145153
Shape_Route_31,22.26992,-97.87368,36,9.481192
Shape_Route_31,22.26704,-97.87381,37,9.800313
Shape_Route_31,22.26406,-97.87503,38,10.153363
Shape_Route_31,22.25935,-97.87621,39,10.688788
Shape_Route_31,22.25727,-97.87649,40,10.920861
Shape_Route_31,22.25502,-97.8766,41,11.170211
Shape_Route_31,22.24893,-97.87443,42,11.880541
Shape_Route_31,22.24654,-97.87308,43,12.179482
Shape_Route_31,22.23492,-97.86784,44,13.574667
Shape_Route_31,22.2234,-97.86347,45,14.927223
Shape_Route_31,22.22156,-97.86328,46,15.131864
Shape_Route_31,22.218,-97.85497,47,16.074767
Shape_Route_31,22.21637,-97.85588,48,16.278146
Shape_Route_31,22.21372,-97.84991,49,16.9599
Shape_Route_31,22.21039,-97.85164,50,17.369427
Shape_Route_31,22.21006,-97.85079,51,17.464361
Shape_Route_31,22.20985,-97.84978,52,17.571042
Shape_Route_31,22.20995,-97.84902,53,17.650166
Shape_Route_31,22.2102,-97.84865,54,17.697291
Shape_Route_31,22.21094,-97.84821,55,17.790933
Shape_Route_31,22.21079,-97.84776,56,17.840205
Shape_Route_31,22.21104,-97.84712,57,17.91175
Shape_Route_31,22.2113,-97.84665,58,17.968105
Shape_Route_31,22.21185,-97.84783,59,18.104134
Shape_Route_31,22.21094,-97.84821,60,18.212226
Shape_Route_31,22.21185,-97.84783,61,18.320318
Shape_Route_31,22.2113,-97.84665,62,18.456347
Shape_Route_31,22.21104,-97.84712,63,18.512703
Shape_Route_31,22.21079,-97.84776,64,18.584248
Shape_Route_31,22.21094,-97.84821,65,18.633519
Shape_Route_31,22.21184,-97.84783,66,18.74058
Shape_Route_31,22.21212,-97.84847,67,18.813474
Shape_Route_31,22.21225,-97.84872,68,18.842991
Shape_Route_31,22.21238,-97.84915,69,18.889595
Shape_Route_31,22.2126,-97.84949,70,18.932276
Shape_Route_31,22.21371,-97.85206,71,19.224314
Shape_Route_31,22.21527,-97.85127,72,19.415255
Shape_Route_31,22.21681,-97.85458,73,19.79668
Shape_Route_31,22.21753,-97.85626,74,19.987319
Shape_Route_31,22.22071,-97.86334,75,20.797596
Shape_Route_31,22.22156,-97.86328,76,20.8919
Shape_Route_31,22.2234,-97.86347,77,21.096542
Shape_Route_31,22.23492,-97.86784,78,22.449098
Shape_Route_31,22.24654,-97.87308,79,23.844283
Shape_Route_31,22.24893,-97.87443,80,24.143223
Shape_Route_31,22.25502,-97.8766,81,24.853554
Shape_Route_31,22.25727,-97.87649,82,25.102904
Shape_Route_31,22.25935,-97.87621,83,25.334977
Shape_Route_31,22.26406,-97.87503,84,25.870401
Shape_Route_31,22.26704,-97.87381,85,26.223452
Shape_Route_31,22.26992,-97.87368,86,26.542572
Shape_Route_31,22.2728,-97.87471,87,26.878611
Shape_Route_31,22.2781,-97.8731,88,27.488364
Shape_Route_31,22.28215,-97.87291,89,27.93716
Shape_Route_31,22.28388,-97.87368,90,28.144466
Shape_Route_31,22.28531,-97.87394,91,28.305029
Shape_Route_31,22.28699,-97.87338,92,28.499763
Shape_Route_31,22.28883,-97.87297,93,28.7078
Shape_Route_31,22.29118,-97.87336,94,28.971049
Shape_Route_31,22.29808,-97.87773,95,29.857737
Shape_Route_31,22.30005,-97.87896,96,30.109971
Shape_Route_31,22.30351,-97.8812,97,30.55716
Shape_Route_31,22.30463,-97.88173,98,30.692642
Shape_Route_31,22.3055,-97.88187,99,30.790032
Shape_Route_31,22.30634,-97.88183,100,30.883118
Shape_Route_31,22.30778,-97.88146,101,31.047031
Shape_Route_31,22.30861,-97.88118,102,31.14334
Shape_Route_31,22.30875,-97.87874,103,31.395169
Shape_Route_31,22.31071,-97.8788,104,31.612245
Shape_Route_31,22.31053,-97.88215,105,31.957909
Shape_Route_31,22.31929,-97.8825,106,32.928384
Shape_Route_31,22.319,-97.88522,107,33.210391
Shape_Route_31,22.32324,-97.88518,108,33.679813
Shape_Route_31,22.32348,-97.88685,109,33.853866
Shape_Route_31,22.31868,-97.88888,110,34.424924
Shape_Route_31,22.31892,-97.88992,111,34.535295
Shape_Route_31,22.31628,-97.89054,112,34.834461
Shape_Route_31,22.31672,-97.89281,113,35.073307
Shape_Route_31,22.31725,-97.89493,114,35.299426
Shape_Route_31,22.31711,-97.89537,115,35.347325
Shape_Route_31,22.31824,-97.8959,116,35.483819
Shape_Route_31,22.31824,-97.89622,117,35.51678
Shape_Route_31,22.31861,-97.89622,118,35.557742
Shape_Route_31,22.31956,-97.89579,119,35.671861
Shape_Route_31,22.32102,-97.89533,120,35.840296
Shape_Route_31,22.32439,-97.89431,121,36.227893
Shape_Route_29,22.29794,-97.89121,1,0.0
Shape_Route_29,22.29555,-97.89252,2,0.297023
Shape_Route_29,22.2941,-97.89116,3,0.510095
Shape_Route_29,22.29345,-97.89074,4,0.594062
Shape_Route_29,22.29263,-97.89049,5,0.688426
Shape_Route_29,22.29058,-97.88863,6,0.985457
Shape_Route_29,22.28888,-97.88701,7,1.237006
Shape_Route_29,22.28528,-97.88589,8,1.651923
Shape_Route_29,22.28496,-97.8871,9,1.781526
Shape_Route_29,22.28387,-97.88671,10,1.908711
Shape_Route_29,22.28356,-97.88787,11,2.033057
Shape_Route_29,22.28085,-97.88648,12,2.365505
Shape_Route_29,22.27973,-97.88646,13,2.489514
Shape_Route_29,22.27963,-97.88936,14,2.788518
Shape_Route_29,22.27966,-97.89163,15,3.022428
Shape_Route_29,22.27818,-97.89142,16,3.187698
Shape_Route_29,22.27854,-97.88946,17,3.393541
Shape_Route_29,22.27742,-97.88907,18,3.523883
Shape_Route_29,22.27727,-97.88972,19,3.592884
Shape_Route_29,22.27666,-97.89065,20,3.710113
Shape_Route_29,22.27604,-97.88988,21,3.815022
Shape_Route_29,22.27578,-97.88904,22,3.906233
Shape_Route_29,22.27554,-97.88786,23,4.030686
Shape_Route_29,22.27727,-97.88733,24,4.229844
Shape_Route_29,22.27767,-97.88605,25,4.368965
Shape_Route_29,22.27816,-97.88499,26,4.490912
Shape_Route_29,22.27893,-97.884,27,4.623847
Shape_Route_29,22.279,-97.88354,28,4.671872
Shape_Route_29,22.27891,-97.88225,29,4.80516
Shape_Route_29,22.27891,-97.88106,30,4.927771
Shape_Route_29,22.27782,-97.87925,31,5.149901
Shape_Route_29,22.27639,-97.87768,32,5.376244
Shape_Route_29,22.27545,-97.8741,33,5.759515
Shape_Route_29,22.27302,-97.87473,34,6.036257
Shape_Route_29,22.26988,-97.87381,35,6.396574
Shape_Route_29,22.26692,-97.87383,36,6.724276
Shape_Route_29,22.26422,-97.87497,37,7.045442
Shape_Route_29,22.25933,-97.87621,38,7.601679
Shape_Route_29,22.25709,-97.87657,39,7.852424
Shape_Route_29,22.25441,-97.87632,40,8.150238
Shape_Route_29,22.24839,-97.87417,41,8.852564
Shape_Route_29,22.24424,-97.87183,42,9.371447
Shape_Route_29,22.23675,-97.86868,43,10.261937
Shape_Route_29,22.22398,-97.86359,44,11.76988
Shape_Route_29,22.22227,-97.86331,45,11.961378
Shape_Route_29,22.22054,-97.86316,46,12.153525
Shape_Route_29,22.21937,-97.86265,47,12.293315
Shape_Route_29,22.21715,-97.85755,48,12.873634
Shape_Route_29,22.21401,-97.85922,49,13.261547
Shape_Route_29,22.21359,-97.85832,50,13.365321
Shape_Route_29,22.21483,-97.85768,51,13.517629
Shape_Route_29,22.21554,-97.85731,52,13.604996
Shape_Route_29,22.21671,-97.85671,53,13.748533
Shape_Route_29,22.21715,-97.85755,54,13.847882
Shape_Route_29,22.21937,-97.86265,55,14.428202
Shape_Route_29,22.22054,-97.86316,56,14.567992
Shape_Route_29,22.22227,-97.86331,57,14.760139
Shape_Route_29,22.22398,-97.86359,58,14.951637
Shape_Route_29,22.23675,-97.86868,59,16.45958
Shape_Route_29,22.24424,-97.87183,60,17.35007
Shape_Route_29,22.24839,-97.87417,61,17.868953
Shape_Route_29,22.25441,-97.87632,62,18.571279
Shape_Route_29,22.25709,-97.87657,63,18.869092
Shape_Route_29,22.25933,-97.87621,64,19.119837
Shape_Route_29,22.26422,-97.87497,65,19.676075
Shape_Route_29,22.26692,-97.87383,66,19.99724
Shape_Route_29,22.26988,-97.87381,67,20.324943
Shape_Route_29,22.27302,-97.87473,68,20.68526
Shape_Route_29,22.27545,-97.8741,69,20.962002
Shape_Route_29,22.27639,-97.87768,70,21.345273
Shape_Route_29,22.27782,-97.87925,71,21.571616
Shape_Route_29,22.27891,-97.88106,72,21.793745
Shape_Route_29,22.27891,-97.88225,73,21.916357
Shape_Route_29,22.279,-97.88354,74,22.049644
Shape_Route_29,22.27893,-97.884,75,22.09767
Shape_Route_29,22.27816,-97.88499,76,22.230604
Shape_Route_29,22.27767,-97.88605,77,22.352552
Shape_Route_29,22.27727,-97.88733,78,22.491673
Shape_Route_29,22.27742,-97.88907,79,22.671723
Shape_Route_29,22.27854,-97.88946,80,22.802064
Shape_Route_29,22.27818,-97.89142,81,23.007907
Shape_Route_29,22.27966,-97.89163,82,23.173177
Shape_Route_29,22.27963,-97.88936,83,23.407088
Shape_Route_29,22.27973,-97.88646,84,23.706091
Shape_Route_29,22.28085,-97.88648,85,23.830101
Shape_Route_29,22.28304,-97.88763,86,24.099955
Shape_Route_29,22.28371,-97.88534,87,24.347281
Shape_Route_29,22.28528,-97.88589,88,24.530097
Shape_Route_29,22.28888,-97.88701,89,24.945014
Shape_Route_29,22.29058,-97.88863,90,25.196563
Shape_Route_29,22.29263,-97.89049,91,25.493595
Shape_Route_29,22.29345,-97.89074,92,25.587958
Shape_Route_29,22.2941,-97.89116,93,25.671925
Shape_Route_29,22.29554,-97.89252,94,25.884165
Shape_Route_29,22.29792,-97.89126,95,26.177889
Shape_Route_33,22.29805,-97.89903,1,0.0
Shape_Route_33,22.30066,-97.89673,2,0.373675
Shape_Route_33,22.30526,-97.8926,3,1.037269
Shape_Route_33,22.30472,-97.8919,4,1.130938
Shape_Route_33,22.30533,-97.89126,5,1.225316
Shape_Route_33,22.30433,-97.88997,6,1.398279
Shape_Route_33,22.30396,-97.88931,7,1.477655
Shape_Route_33,22.30349,-97.88899,8,1.539251
Shape_Route_33,22.30203,-97.88927,9,1.703438
Shape_Route_33,22.30254,-97.89025,10,1.819111
Shape_Route_33,22.30227,-97.89047,11,1.856623
Shape_Route_33,22.30041,-97.89184,12,2.106264
Shape_Route_33,22.2997,-97.88909,13,2.400268
Shape_Route_33,22.2997,-97.88841,14,2.470321
Shape_Route_33,22.29939,-97.88765,15,2.555807
Shape_Route_33,22.30306,-97.88551,16,3.018063
Shape_Route_33,22.30323,-97.88529,17,3.047523
Shape_Route_33,22.30287,-97.88415,18,3.17154
Shape_Route_33,22.30133,-97.88505,19,3.365611
Shape_Route_33,22.30127,-97.88402,20,3.471927
Shape_Route_33,22.30011,-97.88396,21,3.600497
Shape_Route_33,22.29872,-97.88492,22,3.783422
Shape_Route_33,22.29846,-97.88469,23,3.820704
Shape_Route_33,22.25422,-97.82415,24,11.751607
Shape_Route_33,22.25365,-97.82355,25,11.839955
Shape_Route_33,22.25416,-97.8229,26,11.927563
Shape_Route_33,22.25478,-97.82351,27,12.020639
Shape_Route_33,22.25117,-97.82785,28,12.620448
Shape_Route_33,22.25055,-97.82722,29,12.71493
Shape_Route_33,22.24997,-97.82654,30,12.809978
Shape_Route_33,22.24933,-97.82592,31,12.905387
Shape_Route_33,22.24911,-97.82568,32,12.9401
Shape_Route_33,22.24872,-97.82552,33,12.986319
Shape_Route_33,22.24826,-97.82605,34,13.060998
Shape_Route_33,22.24548,-97.82939,35,13.522745
Shape_Route_33,22.24443,-97.83064,36,13.696265
Shape_Route_33,22.24449,-97.83075,37,13.709404
Shape_Route_33,22.24395,-97.83136,38,13.796159
Shape_Route_33,22.245,-97.83244,39,13.957099
Shape_Route_33,22.244,-97.83363,40,14.12232
Shape_Route_33,22.24608,-97.83751,41,14.583761
Shape_Route_33,22.24328,-97.83932,42,14.945545
Shape_Route_33,22.25136,-97.85445,43,16.743192
Shape_Route_33,22.25096,-97.85473,44,16.796047
Shape_Route_33,22.2504,-97.85492,45,16.861062
Shape_Route_33,22.24822,-97.85459,46,17.104791
Shape_Route_33,22.24745,-97.8551,47,17.204938
Shape_Route_33,22.24535,-97.85523,48,17.437811
Shape_Route_33,22.24658,-97.85756,49,17.713862
Shape_Route_33,22.25219,-97.8582,50,18.338428
Shape_Route_33,22.25349,-97.85361,51,18.832859
Shape_Route_33,22.26379,-97.84973,52,20.041226
Shape_Route_33,22.26576,-97.85593,53,20.716311
Shape_Route_33,22.26718,-97.85535,54,20.884494
Shape_Route_33,22.26863,-97.85392,55,21.102398
Shape_Route_33,22.27295,-97.85211,56,21.615738
Shape_Route_33,22.27387,-97.85426,57,21.859565
Shape_Route_33,22.27565,-97.85547,58,22.092755
Shape_Route_33,22.2768,-97.85635,59,22.249058
Shape_Route_33,22.27802,-97.8589,60,22.544484
Shape_Route_33,22.27994,-97.86149,61,22.885654
Shape_Route_33,22.28296,-97.86433,62,23.329959
Shape_Route_33,22.2842,-97.86541,63,23.506672
Shape_Route_33,22.28517,-97.86638,64,23.653369
Shape_Route_33,22.2889,-97.87108,65,24.28977
Shape_Route_33,22.28981,-97.87195,66,24.424617
Shape_Route_33,22.29049,-97.87262,67,24.526755
Shape_Route_33,22.29118,-97.87336,68,24.63468
Shape_Route_33,22.29627,-97.87655,69,25.287019
Shape_Route_33,22.29447,-97.8798,70,25.676657
Shape_Route_33,22.29447,-97.88027,71,25.725078
Shape_Route_33,22.29509,-97.88181,72,25.897945
Shape_Route_33,22.29525,-97.8839,73,26.113989
Shape_Route_33,22.29561,-97.8868,74,26.415401
Shape_Route_33,22.29716,-97.88984,75,26.772516
Shape_Route_33,22.29817,-97.88808,76,26.985538
Shape_Route_33,22.29691,-97.88691,77,27.169892
Shape_Route_33,22.29846,-97.88469,78,27.455816
Shape_Route_33,22.29872,-97.88492,79,27.493098
Shape_Route_33,22.30011,-97.88396,80,27.676022
Shape_Route_33,22.30127,-97.88402,81,27.804592
Shape_Route_33,22.30133,-97.88505,82,27.910909
Shape_Route_33,22.30287,-97.88415,83,28.104979
Shape_Route_33,22.30323,-97.88529,84,28.228997
Shape_Route_33,22.30306,-97.88551,85,28.258456
Shape_Route_33,22.29939,-97.88765,86,28.720712
Shape_Route_33,22.2997,-97.88841,87,28.806198
Shape_Route_33,22.2997,-97.88909,88,28.876251
Shape_Route_33,22.30041,-97.89184,89,29.170256
Shape_Route_33,22.30227,-97.89047,90,29.419897
Shape_Route_33,22.30254,-97.89025,91,29.457408
Shape_Route_33,22.30203,-97.88927,92,29.573081
Shape_Route_33,22.30349,-97.88899,93,29.737268
Shape_Route_33,22.30396,-97.88931,94,29.798865
Shape_Route_33,22.30433,-97.88997,95,29.878241
Shape_Route_33,22.30533,-97.89126,96,30.051203
Shape_Route_33,22.30472,-97.8919,97,30.145582
Shape_Route_33,22.30526,-97.8926,98,30.239251
Shape_Route_33,22.30066,-97.89673,99,30.902845
Shape_Route_34,22.29964,-97.84274,1,0.0
Shape_Route_34,22.29483,-97.84246,2,0.533293
Shape_Route_34,22.29609,-97.83805,3,1.00856
Shape_Route_34,22.29336,-97.83715,4,1.324701
Shape_Route_34,22.29199,-97.83671,5,1.483002
Shape_Route_34,22.29065,-97.83644,6,1.633939
Shape_Route_34,22.2887,-97.83632,7,1.850176
Shape_Route_34,22.28879,-97.83529,8,1.956763
Shape_Route_34,22.28842,-97.83489,9,2.014869
Shape_Route_34,22.27705,-97.83455,10,3.274123
Shape_Route_34,22.27692,-97.83889,11,3.721538
Shape_Route_34,22.26092,-97.83365,12,5.573353
Shape_Route_34,22.26081,-97.83373,13,5.588059
Shape_Route_34,22.25899,-97.83195,14,5.860538
Shape_Route_34,22.25843,-97.83262,15,5.953332
Shape_Route_34,22.2554,-97.82961,16,6.410216
Shape_Route_34,22.25038,-97.83545,17,7.229413
Shape_Route_34,22.25112,-97.83575,18,7.316977
Shape_Route_34,22.25101,-97.83605,19,7.350206
Shape_Route_34,22.2505,-97.8367,20,7.437814
Shape_Route_34,22.24978,-97.83733,21,7.54062
Shape_Route_34,22.24907,-97.83781,22,7.633494
Shape_Route_34,22.24272,-97.84184,23,8.450018
Shape_Route_34,22.24229,-97.84101,24,8.547914
Shape_Route_34,22.23888,-97.84312,25,8.983586
Shape_Route_34,22.23845,-97.84226,26,9.084197
Shape_Route_34,22.23772,-97.84267,27,9.175395
Shape_Route_34,22.23529,-97.84357,28,9.459961
Shape_Route_34,22.22879,-97.84599,29,10.221569
Shape_Route_34,22.21775,-97.85011,30,11.515466
Shape_Route_34,22.21696,-97.84827,31,11.724328
Shape_Route_34,22.21293,-97.85034,32,12.218883
Shape_Route_34,22.21598,-97.85712,33,12.995076
Shape_Route_34,22.21674,-97.85667,34,13.091154
Shape_Route_34,22.21447,-97.85162,35,13.669203
Shape_Route_34,22.21775,-97.85011,36,14.06428
Shape_Route_34,22.21447,-97.85162,37,14.459357
Shape_Route_34,22.21674,-97.85667,38,15.037407
Shape_Route_34,22.21598,-97.85712,39,15.133485
Shape_Route_34,22.21293,-97.85034,40,15.909678
Shape_Route_34,22.21696,-97.84827,41,16.404233
Shape_Route_34,22.21775,-97.85011,42,16.613095
Shape_Route_34,22.22879,-97.84599,43,17.906992
Shape_Route_34,22.23529,-97.84357,44,18.6686
Shape_Route_34,22.23772,-97.84267,45,18.953165
Shape_Route_34,22.23845,-97.84226,46,19.044363
Shape_Route_34,22.23888,-97.84312,47,19.144974
Shape_Route_34,22.24229,-97.84101,48,19.580646
Shape_Route_34,22.24588,-97.83882,49,20.037707
Shape_Route_34,22.24537,-97.83796,50,20.142796
Shape_Route_34,22.24892,-97.83576,51,20.596523
Shape_Route_34,22.24946,-97.83517,52,20.681794
Shape_Route_34,22.24955,-97.83503,53,20.699329
Shape_Route_34,22.24985,-97.8352,54,20.736879
Shape_Route_34,22.25038,-97.83545,55,20.800962
Shape_Route_34,22.2554,-97.82961,56,21.620159
Shape_Route_34,22.25843,-97.83262,57,22.077043
Shape_Route_34,22.25899,-97.83195,58,22.169837
Shape_Route_34,22.26081,-97.83373,59,22.442316
Shape_Route_34,22.2614,-97.83437,60,22.535139
Shape_Route_34,22.26221,-97.83336,61,22.672522
Shape_Route_34,22.27484,-97.83737,62,24.130557
Shape_Route_34,22.27635,-97.83793,63,24.307406
Shape_Route_34,22.27623,-97.83866,64,24.383788
Shape_Route_34,22.27687,-97.83887,65,24.457872
Shape_Route_34,22.27705,-97.83455,66,24.90344
Shape_Route_34,22.28842,-97.83489,67,26.162695
Shape_Route_34,22.28879,-97.83529,68,26.220801
Shape_Route_34,22.2887,-97.83632,69,26.327387
Shape_Route_34,22.29065,-97.83644,70,26.543625
Shape_Route_34,22.29199,-97.83671,71,26.694561
Shape_Route_34,22.29336,-97.83715,72,26.852863
Shape_Route_34,22.29609,-97.83805,73,27.169003
Shape_Route_34,22.29483,-97.84246,74,27.64427
Shape_Route_35,22.32494,-97.89697,1,0.0
Shape_Route_35,22.32441,-97.89429,2,0.282209
Shape_Route_35,22.31954,-97.89579,3,0.843059
Shape_Route_35,22.31854,-97.89624,4,0.963079
Shape_Route_35,22.31825,-97.8962,5,0.995447
Shape_Route_35,22.31822,-97.89589,6,1.027551
Shape_Route_35,22.31714,-97.89532,7,1.160754
Shape_Route_35,22.31726,-97.89492,8,1.204045
Shape_Route_35,22.31661,-97.89231,9,1.482356
Shape_Route_35,22.31631,-97.89055,10,1.666665
Shape_Route_35,22.31781,-97.8902,11,1.836596
Shape_Route_35,22.3189,-97.88992,12,1.960666
Shape_Route_35,22.31869,-97.88887,13,2.071292
Shape_Route_35,22.31926,-97.88252,14,2.728412
Shape_Route_35,22.32296,-97.8827,15,3.138453
Shape_Route_35,22.32319,-97.87962,16,3.45672
Shape_Route_35,22.32331,-97.878,17,3.624112
Shape_Route_35,22.32337,-97.87654,18,3.774642
Shape_Route_35,22.31897,-97.8779,19,4.281503
Shape_Route_35,22.3178,-97.87829,20,4.417118
Shape_Route_35,22.31726,-97.87842,21,4.478382
Shape_Route_35,22.30855,-97.88104,22,5.479709
Shape_Route_35,22.30542,-97.88179,23,5.834735
Shape_Route_35,22.30121,-97.87958,24,6.353449
Shape_Route_35,22.29112,-97.87338,25,7.64022
Shape_Route_35,22.28806,-97.87295,26,7.981872
Shape_Route_35,22.28479,-97.874,27,8.359707
Shape_Route_35,22.28225,-97.87306,28,8.657117
Shape_Route_35,22.2755,-97.87404,29,9.411188
Shape_Route_35,22.27258,-97.87475,30,9.74263
Shape_Route_35,22.27009,-97.87378,31,10.035854
Shape_Route_35,22.26702,-97.87376,32,10.375734
Shape_Route_35,22.25948,-97.87613,33,11.245464
Shape_Route_35,22.25725,-97.8766,34,11.497048
Shape_Route_35,22.25518,-97.87644,35,11.726806
Shape_Route_35,22.25522,-97.86833,36,12.562572
Shape_Route_35,22.24952,-97.86835,37,13.193611
Shape_Route_35,22.24896,-97.868,38,13.265337
Shape_Route_35,22.2495,-97.8671,39,13.375685
Shape_Route_35,22.24939,-97.86724,40,13.394565
Shape_Route_35,22.24706,-97.86767,41,13.656294
Shape_Route_35,22.24604,-97.86735,42,13.773933
Shape_Route_35,22.2463,-97.86015,43,14.516517
Shape_Route_35,22.24606,-97.86013,44,14.543167
Shape_Route_35,22.24575,-97.8575,45,14.816378
Shape_Route_35,22.2446,-97.8581,46,14.957915
Shape_Route_35,22.24351,-97.85854,47,15.086826
Shape_Route_35,22.24279,-97.85871,48,15.168438
Shape_Route_35,22.24086,-97.85734,49,15.424543
Shape_Route_35,22.24225,-97.85509,50,15.702849
Shape_Route_35,22.24318,-97.85534,51,15.808983
Shape_Route_35,22.24686,-97.85513,52,16.216964
Shape_Route_35,22.2476,-97.85498,53,16.300334
Shape_Route_35,22.24817,-97.85456,54,16.376856
Shape_Route_35,22.25053,-97.85486,55,16.639951
Shape_Route_35,22.25138,-97.85442,56,16.744408
Shape_Route_35,22.25218,-97.85409,57,16.83928
Shape_Route_35,22.24396,-97.83881,58,18.65805
Shape_Route_35,22.2461,-97.83746,59,18.9328
Shape_Route_35,22.24441,-97.8344,60,19.29949
Shape_Route_35,22.2437,-97.83489,61,19.392918
Shape_Route_35,22.24494,-97.83718,62,19.66595
Shape_Route_35,22.24711,-97.83588,63,19.941022
Shape_Route_35,22.24752,-97.8366,64,20.028007
Shape_Route_35,22.2461,-97.83746,65,20.208477
Shape_Route_35,22.24752,-97.8366,66,20.388947
Shape_Route_35,22.24711,-97.83588,67,20.475932
Shape_Route_35,22.24494,-97.83718,68,20.751004
Shape_Route_35,22.2437,-97.83489,69,21.024036
Shape_Route_35,22.24441,-97.8344,70,21.117464
Shape_Route_35,22.2461,-97.83746,71,21.484154
Shape_Route_35,22.24396,-97.83881,72,21.758903
Shape_Route_35,22.25218,-97.85409,73,23.577674
Shape_Route_35,22.25138,-97.85442,74,23.672546
Shape_Route_35,22.25053,-97.85486,75,23.777003
Shape_Route_35,22.24817,-97.85456,76,24.040098
Shape_Route_35,22.2476,-97.85498,77,24.11662
Shape_Route_35,22.24686,-97.85513,78,24.19999
Shape_Route_35,22.24318,-97.85534,79,24.607971
Shape_Route_35,22.24225,-97.85509,80,24.714105
Shape_Route_35,22.24086,-97.85734,81,24.99241
Shape_Route_35,22.24279,-97.85871,82,25.248515
Shape_Route_35,22.24351,-97.85854,83,25.330128
Shape_Route_35,22.2446,-97.8581,84,25.459039
Shape_Route_35,22.24577,-97.8575,85,25.602571
Shape_Route_35,22.24655,-97.85755,86,25.689077
Shape_Route_35,22.24702,-97.85916,87,25.862969
Shape_Route_35,22.24706,-97.86379,88,26.340151
Shape_Route_35,22.24704,-97.86382,89,26.343954
Shape_Route_35,22.24869,-97.86386,90,26.526669
Shape_Route_35,22.25014,-97.86358,91,26.689768
Shape_Route_35,22.25023,-97.86357,92,26.699785
Shape_Route_35,22.25065,-97.86355,93,26.746328
Shape_Route_35,22.25031,-97.86464,94,26.864798
Shape_Route_35,22.2495,-97.8671,95,27.133709
Shape_Route_35,22.24896,-97.868,96,27.244057
Shape_Route_35,22.24952,-97.86835,97,27.315783
Shape_Route_35,22.25522,-97.86833,98,27.946822
Shape_Route_35,22.25518,-97.87644,99,28.782588
Shape_Route_35,22.25725,-97.8766,100,29.012346
Shape_Route_35,22.25948,-97.87613,101,29.26393
Shape_Route_35,22.26702,-97.87376,102,30.13366
Shape_Route_35,22.27009,-97.87378,103,30.47354
Shape_Route_35,22.27258,-97.87475,104,30.766764
Shape_Route_35,22.2755,-97.87404,105,31.098206
Shape_Route_35,22.28225,-97.87306,106,31.852277
Shape_Route_35,22.28479,-97.874,107,32.149687
Shape_Route_35,22.28806,-97.87295,108,32.527522
Shape_Route_35,22.2897,-97.8721,109,32.7291
Shape_Route_35,22.29118,-97.87321,110,32.928911
Shape_Route_35,22.30121,-97.87958,111,34.218742
Shape_Route_35,22.30542,-97.88179,112,34.737456
Shape_Route_35,22.30855,-97.88104,113,35.092482
Shape_Route_35,22.31726,-97.87842,114,36.093809
Shape_Route_35,22.3178,-97.87829,115,36.155073
Shape_Route_35,22.31897,-97.8779,116,36.290688
Shape_Route_35,22.32337,-97.87654,117,36.797549
Shape_Route_35,22.32331,-97.878,118,36.948079
Shape_Route_35,22.32319,-97.87962,119,37.115471
Shape_Route_35,22.32296,-97.8827,120,37.433738
Shape_Route_35,22.31926,-97.88252,121,37.843779
Shape_Route_35,22.31869,-97.88887,122,38.500899
Shape_Route_35,22.3189,-97.88992,123,38.611525
Shape_Route_35,22.31781,-97.8902,124,38.735595
Shape_Route_35,22.31631,-97.89055,125,38.905526
Shape_Route_35,22.31661,-97.89231,126,39.089835
Shape_Route_35,22.31726,-97.89492,127,39.368146
Shape_Route_35,22.31714,-97.89532,128,39.411437
Shape_Route_35,22.31822,-97.89589,129,39.54464
Shape_Route_35,22.31825,-97.8962,130,39.576744
Shape_Route_35,22.31854,-97.89624,131,39.609112
Shape_Route_35,22.31954,-97.89579,132,39.729132
Shape_Route_35,22.32441,-97.89429,133,40.289982
Shape_Route_40,22.21202,-97.85396,1,0.0
Shape_Route_40,22.21184,-97.85291,2,0.110058
Shape_Route_40,22.21212,-97.85282,3,0.142415
Shape_Route_40,22.21097,-97.85031,4,0.430784
Shape_Route_40,22.21336,-97.84906,5,0.725085
Shape_Route_40,22.21296,-97.8482,6,0.824182
Shape_Route_40,22.21458,-97.84736,7,1.023338
Shape_Route_40,22.21498,-97.84821,8,1.121513
Shape_Route_40,22.22385,-97.84358,9,2.21333
Shape_Route_40,22.22858,-97.84114,10,2.794246
Shape_Route_40,22.23017,-97.84038,11,2.986916
Shape_Route_40,22.23025,-97.84021,12,3.00655
Shape_Route_40,22.22697,-97.84196,13,3.412007
Shape_Route_40,22.22865,-97.84602,14,3.869954
Shape_Route_40,22.23123,-97.84512,15,4.170268
Shape_Route_40,22.23329,-97.84427,16,4.414576
Shape_Route_40,22.23736,-97.84282,17,4.889298
Shape_Route_40,22.23846,-97.84222,18,5.025879
Shape_Route_40,22.24076,-97.84071,19,5.324302
Shape_Route_40,22.24433,-97.83861,20,5.774913
Shape_Route_40,22.24798,-97.83629,21,6.244439
Shape_Route_40,22.24908,-97.83553,22,6.389233
Shape_Route_40,22.24954,-97.83509,23,6.457421
Shape_Route_40,22.25458,-97.83716,24,7.054784
Shape_Route_40,22.25951,-97.8314,25,7.861153
Shape_Route_40,22.26032,-97.83034,26,8.002481
Shape_Route_40,22.26267,-97.8274,27,8.401823
Shape_Route_40,22.26529,-97.82451,28,8.817543
Shape_Route_40,22.26951,-97.82855,29,9.443305
Shape_Route_40,22.27175,-97.82581,30,9.819087
Shape_Route_40,22.27194,-97.82573,31,9.84168
Shape_Route_40,22.27284,-97.82474,32,9.984277
Shape_Route_40,22.27779,-97.82967,33,10.731515
Shape_Route_40,22.27838,-97.82793,34,10.922327
Shape_Route_40,22.28074,-97.82902,35,11.206718
Shape_Route_40,22.28137,-97.82915,36,11.277739
Shape_Route_40,22.28296,-97.826,37,11.646959
Shape_Route_40,22.2844,-97.82347,38,11.952518
Shape_Route_40,22.28156,-97.82161,39,12.320736
Shape_Route_40,22.28632,-97.81555,40,13.137778
Shape_Route_40,22.29157,-97.81788,41,13.76663
Shape_Route_40,22.29165,-97.8182,42,13.800768
Shape_Route_40,22.29202,-97.81828,43,13.842551
Shape_Route_40,22.29215,-97.81854,44,13.87296
Shape_Route_40,22.29358,-97.8192,45,14.045261
Shape_Route_40,22.29364,-97.82159,46,14.291582
Shape_Route_40,22.29386,-97.82173,47,14.319888
Shape_Route_40,22.2947,-97.82178,48,14.413028
Shape_Route_40,22.2948,-97.82038,49,14.557687
Shape_Route_40,22.29507,-97.82006,50,14.602188
Shape_Route_40,22.29508,-97.81961,51,14.648563
Shape_Route_40,22.29579,-97.81964,52,14.727228
Shape_Route_40,22.29587,-97.81953,53,14.741611
Shape_Route_40,22.29597,-97.81955,54,14.752872
Shape_Route_40,22.29601,-97.81965,55,14.764086
Shape_Route_40,22.29662,-97.81976,56,14.832563
Shape_Route_40,22.29642,-97.82147,57,15.01012
Shape_Route_40,22.29662,-97.81976,58,15.187676
Shape_Route_40,22.29601,-97.81965,59,15.256154
Shape_Route_40,22.29597,-97.81955,60,15.267368
Shape_Route_40,22.29587,-97.81953,61,15.278629
Shape_Route_40,22.29579,-97.81964,62,15.293012
Shape_Route_40,22.29508,-97.81961,63,15.371677
Shape_Route_40,22.29507,-97.82006,64,15.418051
Shape_Route_40,22.2948,-97.82038,65,15.462553
Shape_Route_40,22.2947,-97.82178,66,15.607212
Shape_Route_40,22.29386,-97.82173,67,15.700351
Shape_Route_40,22.29364,-97.82159,68,15.728658
Shape_Route_40,22.29358,-97.8192,69,15.974979
Shape_Route_40,22.29215,-97.81854,70,16.14728
Shape_Route_40,22.29202,-97.81828,71,16.177688
Shape_Route_40,22.29165,-97.8182,72,16.219472
Shape_Route_40,22.29157,-97.81788,73,16.25361
Shape_Route_40,22.28632,-97.81555,74,16.882462
Shape_Route_40,22.29263,-97.80737,75,17.977127
Shape_Route_40,22.28632,-97.81555,76,19.071793
Shape_Route_40,22.29157,-97.81788,77,19.700645
Shape_Route_40,22.29165,-97.8182,78,19.734783
Shape_Route_40,22.29202,-97.81828,79,19.776567
Shape_Route_40,22.29215,-97.81854,80,19.806975
Shape_Route_40,22.29358,-97.8192,81,19.979276
Shape_Route_40,22.29364,-97.82159,82,20.225597
Shape_Route_40,22.29386,-97.82173,83,20.253904
Shape_Route_40,22.2947,-97.82178,84,20.347043
Shape_Route_40,22.2948,-97.82038,85,20.491702
Shape_Route_40,22.29507,-97.82006,86,20.536204
Shape_Route_40,22.29508,-97.81961,87,20.582578
Shape_Route_40,22.29579,-97.81964,88,20.661243
Shape_Route_40,22.29587,-97.81953,89,20.675626
Shape_Route_40,22.29597,-97.81955,90,20.686887
Shape_Route_40,22.29601,-97.81965,91,20.698101
Shape_Route_40,22.29662,-97.81976,92,20.766579
Shape_Route_40,22.29642,-97.82147,93,20.944135
Shape_Route_40,22.29662,-97.81976,94,21.121692
Shape_Route_40,22.29601,-97.81965,95,21.190169
Shape_Route_40,22.29597,-97.81955,96,21.201383
Shape_Route_40,22.29587,-97.81953,97,21.212644
Shape_Route_40,22.29579,-97.81964,98,21.227027
Shape_Route_40,22.29508,-97.81961,99,21.305692
Shape_Route_40,22.29507,-97.82006,100,21.352066
Shape_Route_40,22.2948,-97.82038,101,21.396568
Shape_Route_40,22.2947,-97.82178,102,21.541227
Shape_Route_40,22.29386,-97.82173,103,21.634366
Shape_Route_40,22.29364,-97.82159,104,21.662673
Shape_Route_40,22.29358,-97.8192,105,21.908994
Shape_Route_40,22.29215,-97.81854,106,22.081295
Shape_Route_40,22.29202,-97.81828,107,22.111703
Shape_Route_40,22.29165,-97.8182,108,22.153487
Shape_Route_40,22.29157,-97.81788,109,22.187625
Shape_Route_40,22.28632,-97.81555,110,22.816477
Shape_Route_40,22.28156,-97.82161,111,23.633519
Shape_Route_40,22.2844,-97.82347,112,24.001737
Shape_Route_40,22.28296,-97.826,113,24.307296
Shape_Route_40,22.28137,-97.82915,114,24.676516
Shape_Route_40,22.28074,-97.82902,115,24.747537
Shape_Route_40,22.27838,-97.82793,116,25.031928
Shape_Route_40,22.27779,-97.82967,117,25.22274
Shape_Route_40,22.27284,-97.82474,118,25.969978
Shape_Route_40,22.27194,-97.82573,119,26.112575
Shape_Route_40,22.27175,-97.82581,120,26.135168
Shape_Route_40,22.26951,-97.82855,121,26.51095
Shape_Route_40,22.26529,-97.82451,122,27.136712
Shape_Route_40,22.26267,-97.8274,123,27.552432
Shape_Route_40,22.26032,-97.83034,124,27.951774
Shape_Route_40,22.25951,-97.8314,125,28.093102
Shape_Route_40,22.25458,-97.83716,126,28.899471
Shape_Route_40,22.24954,-97.83509,127,29.496834
Shape_Route_40,22.24908,-97.83553,128,29.565022
Shape_Route_40,22.24798,-97.83629,129,29.709816
Shape_Route_40,22.24433,-97.83861,130,30.179342
Shape_Route_40,22.24076,-97.84071,131,30.629953
Shape_Route_40,22.23846,-97.84222,132,30.928376
Shape_Route_40,22.23736,-97.84282,133,31.064957
Shape_Route_40,22.23473,-97.84385,134,31.37487
Shape_Route_40,22.23341,-97.83988,135,31.809365
Shape_Route_40,22.21538,-97.84908,136,34.019246
Shape_Route_40,22.21291,-97.85035,137,34.322418
Shape_Route_40,22.2137,-97.85202,138,34.51551
Shape_Route_40,22.21525,-97.85125,139,34.704576
Shape_Route_40,22.21722,-97.85541,140,35.18567
Shape_Route_40,22.21319,-97.85761,141,35.686151
Shape_Route_40,22.21188,-97.85304,142,36.179064
Shape_Route_37,22.26511,-97.78697,1,0.0
Shape_Route_37,22.264,-97.78684,2,0.123617
Shape_Route_37,22.26275,-97.79578,3,1.055211
Shape_Route_37,22.2635,-97.79587,4,1.13876
Shape_Route_37,22.26316,-97.7987,5,1.432807
Shape_Route_37,22.26115,-97.80303,6,1.931422
Shape_Route_37,22.25325,-97.81868,7,3.766085
Shape_Route_37,22.25332,-97.81965,8,3.866349
Shape_Route_37,22.25534,-97.82158,9,4.165633
Shape_Route_37,22.2511,-97.82651,10,4.85735
Shape_Route_37,22.25055,-97.82728,11,4.957373
Shape_Route_37,22.2456,-97.83308,12,5.768305
Shape_Route_37,22.24754,-97.83669,13,6.197894
Shape_Route_37,22.24016,-97.84125,14,7.140446
Shape_Route_37,22.23997,-97.8413,15,7.162103
Shape_Route_37,22.23954,-97.84154,16,7.21575
Shape_Route_37,22.2382,-97.83901,17,7.515752
Shape_Route_37,22.23708,-97.83978,18,7.662968
Shape_Route_37,22.2344,-97.84083,19,7.978788
Shape_Route_37,22.2338,-97.84105,20,8.048977
Shape_Route_37,22.23355,-97.84026,21,8.134977
Shape_Route_37,22.23337,-97.83989,22,8.178005
Shape_Route_37,22.23308,-97.839,23,8.275193
Shape_Route_37,22.23018,-97.84029,24,8.622691
Shape_Route_37,22.23009,-97.8404,25,8.637785
Shape_Route_37,22.22778,-97.84152,26,8.91837
Shape_Route_37,22.22773,-97.84085,27,8.987651
Shape_Route_37,22.2274,-97.84067,28,9.028626
Shape_Route_37,22.22606,-97.84034,29,9.180825
Shape_Route_37,22.21759,-97.84474,30,10.22245
Shape_Route_37,22.21771,-97.84521,31,10.272686
Shape_Route_37,22.21047,-97.84845,32,11.141015
Shape_Route_37,22.21022,-97.8487,33,11.178833
Shape_Route_37,22.2121,-97.85287,34,11.656434
Shape_Route_37,22.21188,-97.8531,35,11.690424
Shape_Route_37,22.21241,-97.85587,36,11.981934
Shape_Route_37,22.21324,-97.85755,37,12.177982
Shape_Route_37,22.21719,-97.85542,38,12.667305
Shape_Route_37,22.21528,-97.85128,39,13.143575
Shape_Route_37,22.21369,-97.85204,40,13.336248
Shape_Route_37,22.21295,-97.85033,41,13.530628
Shape_Route_37,22.23341,-97.83986,42,16.039681
Shape_Route_37,22.21295,-97.85033,43,18.548735
Shape_Route_37,22.21369,-97.85204,44,18.743115
Shape_Route_37,22.21528,-97.85128,45,18.935787
Shape_Route_37,22.21719,-97.85542,46,19.412058
Shape_Route_37,22.21324,-97.85755,47,19.901381
Shape_Route_37,22.21241,-97.85587,48,20.097429
Shape_Route_37,22.21188,-97.8531,49,20.388939
Shape_Route_37,22.2121,-97.85287,50,20.422929
Shape_Route_37,22.21022,-97.8487,51,20.90053
Shape_Route_37,22.21047,-97.84845,52,20.938348
Shape_Route_37,22.21771,-97.84521,53,21.806677
Shape_Route_37,22.21759,-97.84474,54,21.856913
Shape_Route_37,22.22606,-97.84034,55,22.898538
Shape_Route_37,22.2274,-97.84067,56,23.050737
Shape_Route_37,22.22773,-97.84085,57,23.091712
Shape_Route_37,22.22778,-97.84152,58,23.160993
Shape_Route_37,22.23009,-97.8404,59,23.441578
Shape_Route_37,22.23018,-97.84029,60,23.456672
Shape_Route_37,22.23308,-97.839,61,23.80417
Shape_Route_37,22.23337,-97.83989,62,23.901358
Shape_Route_37,22.23355,-97.84026,63,23.944386
Shape_Route_37,22.23412,-97.84199,64,24.133532
Shape_Route_37,22.23595,-97.8413,65,24.348249
Shape_Route_37,22.23753,-97.84058,66,24.538259
Shape_Route_37,22.2379,-97.84134,67,24.626653
Shape_Route_37,22.23844,-97.84224,68,24.737008
Shape_Route_37,22.23954,-97.84154,69,24.878554
Shape_Route_37,22.23997,-97.8413,70,24.932201
Shape_Route_37,22.24016,-97.84125,71,24.953858
Shape_Route_37,22.24754,-97.83669,72,25.89641
Shape_Route_37,22.2456,-97.83308,73,26.325999
Shape_Route_37,22.25055,-97.82728,74,27.136931
Shape_Route_37,22.2511,-97.82651,75,27.236954
Shape_Route_37,22.25534,-97.82158,76,27.92867
Shape_Route_37,22.25332,-97.81965,77,28.227955
Shape_Route_37,22.25325,-97.81868,78,28.328219
Shape_Route_37,22.26115,-97.80303,79,30.162882
Shape_Route_37,22.26316,-97.7987,80,30.661497
Shape_Route_37,22.264,-97.79744,81,30.821206
Shape_Route_37,22.26418,-97.79712,82,30.859736
Shape_Route_37,22.27317,-97.80242,83,31.995017
Shape_Route_37,22.27417,-97.80021,84,32.248223
Shape_Route_37,22.27516,-97.79396,85,32.901486
Shape_Route_37,22.27008,-97.79019,86,33.585017
Shape_Route_37,22.26471,-97.78688,87,34.270428
Shape_Route_39,22.27841,-97.79647,1,0.0
Shape_Route_39,22.27542,-97.79418,2,0.406515
Shape_Route_39,22.27521,-97.7943,3,0.432848
Shape_Route_39,22.27497,-97.79482,4,0.492655
Shape_Route_39,22.27427,-97.79969,5,1.000411
Shape_Route_39,22.27391,-97.80132,6,1.173032
Shape_Route_39,22.27067,-97.80755,7,1.908401
Shape_Route_39,22.26735,-97.81405,8,2.672413
Shape_Route_39,22.2616,-97.82091,9,3.623701
Shape_Route_39,22.26797,-97.82711,10,4.575288
Shape_Route_39,22.27469,-97.83363,11,5.577709
Shape_Route_39,22.27661,-97.83423,12,5.799079
Shape_Route_39,22.2767,-97.83354,13,5.87087
Shape_Route_39,22.27709,-97.83365,14,5.915509
Shape_Route_39,22.27692,-97.84162,15,6.736933
Shape_Route_39,22.27671,-97.84356,16,6.938173
Shape_Route_39,22.27625,-97.84451,17,7.048514
Shape_Route_39,22.27511,-97.84551,18,7.211442
Shape_Route_39,22.27498,-97.84578,19,7.242764
Shape_Route_39,22.27438,-97.84555,20,7.313291
Shape_Route_39,22.26938,-97.84763,21,7.906879
Shape_Route_39,22.26356,-97.84973,22,8.586572
Shape_Route_39,22.25695,-97.85231,23,9.365156
Shape_Route_39,22.25135,-97.85437,24,10.020463
Shape_Route_39,22.25051,-97.8549,25,10.128312
Shape_Route_39,22.24807,-97.85467,26,10.399479
Shape_Route_39,22.247,-97.85514,27,10.527457
Shape_Route_39,22.24321,-97.85544,28,10.948179
Shape_Route_39,22.24203,-97.85492,29,11.089381
Shape_Route_39,22.24021,-97.85389,30,11.317123
Shape_Route_39,22.23902,-97.85357,31,11.452932
Shape_Route_39,22.23834,-97.8531,32,11.542452
Shape_Route_39,22.23774,-97.8522,33,11.656542
Shape_Route_39,22.23733,-97.85063,34,11.824601
Shape_Route_39,22.23697,-97.8498,35,11.918974
Shape_Route_39,22.23657,-97.84949,36,11.973581
Shape_Route_39,22.23326,-97.84834,37,12.358718
Shape_Route_39,22.23063,-97.84664,38,12.698538
Shape_Route_39,22.22986,-97.84664,39,12.783784
Shape_Route_39,22.22898,-97.84688,40,12.884299
Shape_Route_39,22.22503,-97.84913,41,13.379288
Shape_Route_39,22.2209,-97.85137,42,13.891504
Shape_Route_39,22.21556,-97.85424,43,14.552576
Shape_Route_39,22.2124,-97.85585,44,14.939784
Shape_Route_39,22.21317,-97.85546,45,15.034034
Shape_Route_39,22.21245,-97.85588,46,15.124743
Shape_Route_39,22.21226,-97.85494,47,15.223898
Shape_Route_39,22.21682,-97.85242,48,15.791641
Shape_Route_39,22.21729,-97.85334,49,15.899812
Shape_Route_39,22.2203,-97.85164,50,16.276309
Shape_Route_39,22.22424,-97.84939,51,16.770324
Shape_Route_39,22.22898,-97.84688,52,17.355392
Shape_Route_39,22.22984,-97.8466,53,17.454879
Shape_Route_39,22.23063,-97.84664,54,17.542436
Shape_Route_39,22.23339,-97.84823,55,17.889165
Shape_Route_39,22.23661,-97.84941,56,18.265822
Shape_Route_39,22.23707,-97.84977,57,18.328831
Shape_Route_39,22.23737,-97.85029,58,18.391882
Shape_Route_39,22.23794,-97.85224,59,18.602534
Shape_Route_39,22.23846,-97.85291,60,18.692437
Shape_Route_39,22.23915,-97.8534,61,18.78401
Shape_Route_39,22.24009,-97.85372,62,18.893177
Shape_Route_39,22.24106,-97.85424,63,19.013195
Shape_Route_39,22.24203,-97.85492,64,19.141427
Shape_Route_39,22.24321,-97.85544,65,19.282629
Shape_Route_39,22.247,-97.85514,66,19.703351
Shape_Route_39,22.24797,-97.85456,67,19.826253
Shape_Route_39,22.25047,-97.85488,68,20.104982
Shape_Route_39,22.25135,-97.85437,69,20.215678
Shape_Route_39,22.25405,-97.8534,70,20.530863
Shape_Route_39,22.25695,-97.85231,71,20.871001
Shape_Route_39,22.26027,-97.85098,72,21.263276
Shape_Route_39,22.26352,-97.84982,73,21.642416
Shape_Route_39,22.2696,-97.84763,74,22.352348
Shape_Route_39,22.27438,-97.84555,75,22.923291
Shape_Route_39,22.27498,-97.84578,76,22.993817
Shape_Route_39,22.27511,-97.84551,77,23.02514
Shape_Route_39,22.27625,-97.84451,78,23.188068
Shape_Route_39,22.27671,-97.84356,79,23.298408
Shape_Route_39,22.27686,-97.84269,80,23.389576
Shape_Route_39,22.27688,-97.84158,81,23.503969
Shape_Route_39,22.27709,-97.83365,82,24.321387
Shape_Route_39,22.2767,-97.83354,83,24.366026
Shape_Route_39,22.27661,-97.83423,84,24.437817
Shape_Route_39,22.27469,-97.83363,85,24.659188
Shape_Route_39,22.26805,-97.82707,86,25.657838
Shape_Route_39,22.2616,-97.82091,87,26.613263
Shape_Route_39,22.26735,-97.81405,88,27.564552
Shape_Route_39,22.27067,-97.80755,89,28.328563
Shape_Route_39,22.27391,-97.80132,90,29.063933
Shape_Route_39,22.27427,-97.79969,91,29.236553
Shape_Route_39,22.27497,-97.79482,92,29.744309
Shape_Route_39,22.2751,-97.79426,93,29.80378
Shape_Route_39,22.2752,-97.79407,94,29.826271
Shape_Route_39,22.27526,-97.79388,95,29.846945
Shape_Route_39,22.27544,-97.79392,96,29.867294
Shape_Route_39,22.27556,-97.79416,97,29.895367
Shape_Route_39,22.27851,-97.79658,98,30.306272
Shape_Route_36,22.21361,-97.85836,1,0.0
Shape_Route_36,22.21243,-97.85577,2,0.297233
Shape_Route_36,22.21185,-97.853,3,0.589907
Shape_Route_36,22.21212,-97.85285,4,0.623561
Shape_Route_36,22.21054,-97.84946,5,1.014352
Shape_Route_36,22.21458,-97.84739,6,1.509908
Shape_Route_36,22.21499,-97.84822,7,1.606761
Shape_Route_36,22.2199,-97.84563,8,2.212363
Shape_Route_36,22.22694,-97.84197,9,3.078256
Shape_Route_36,22.2274,-97.84295,10,3.191379
Shape_Route_36,22.23053,-97.84133,11,3.57603
Shape_Route_36,22.23337,-97.83988,12,3.924155
Shape_Route_36,22.23324,-97.8395,13,3.965882
Shape_Route_36,22.23377,-97.83921,14,4.031732
Shape_Route_36,22.23448,-97.83879,15,4.121467
Shape_Route_36,22.23624,-97.83814,16,4.32751
Shape_Route_36,22.23679,-97.83775,17,4.400471
Shape_Route_36,22.23723,-97.83721,18,4.474434
Shape_Route_36,22.23842,-97.83642,19,4.629308
Shape_Route_36,22.2403,-97.83527,20,4.868823
Shape_Route_36,22.24124,-97.83711,21,5.085138
Shape_Route_36,22.2407,-97.83947,22,5.335608
Shape_Route_36,22.2412,-97.8404,23,5.446293
Shape_Route_36,22.24673,-97.83695,24,6.154275
Shape_Route_36,22.24636,-97.83627,25,6.235448
Shape_Route_36,22.24855,-97.83488,26,6.517059
Shape_Route_36,22.24942,-97.83506,27,6.615146
Shape_Route_36,22.25311,-97.83086,28,7.210322
Shape_Route_36,22.26225,-97.83997,29,8.59063
Shape_Route_36,22.26519,-97.83586,30,9.124777
Shape_Route_36,22.26687,-97.83747,31,9.374009
Shape_Route_36,22.26812,-97.83812,32,9.527753
Shape_Route_36,22.26687,-97.84064,33,9.821998
Shape_Route_36,22.26824,-97.84136,34,9.990843
Shape_Route_36,22.26781,-97.84251,35,10.118548
Shape_Route_36,22.26818,-97.84277,36,10.167494
Shape_Route_36,22.26838,-97.84263,37,10.193921
Shape_Route_36,22.26902,-97.84051,38,10.423576
Shape_Route_36,22.27236,-97.84194,39,10.821622
Shape_Route_36,22.27163,-97.84406,40,11.054539
Shape_Route_36,22.28382,-97.84907,41,12.499442
Shape_Route_36,22.28359,-97.85424,42,13.032726
Shape_Route_36,22.28252,-97.85403,43,13.153145
Shape_Route_36,22.28165,-97.85381,44,13.252093
Shape_Route_36,22.2803,-97.85402,45,13.403108
Shape_Route_36,22.27818,-97.85482,46,13.651864
Shape_Route_36,22.27521,-97.85253,47,14.056571
Shape_Route_36,22.27461,-97.85272,48,14.125821
Shape_Route_36,22.27385,-97.85202,49,14.236644
Shape_Route_36,22.27301,-97.8521,50,14.330004
Shape_Route_36,22.27344,-97.85355,51,14.486812
Shape_Route_36,22.27425,-97.85451,52,14.620327
Shape_Route_36,22.27673,-97.85623,53,14.947116
Shape_Route_36,22.27814,-97.85917,54,15.287897
Shape_Route_36,22.28106,-97.86254,55,15.762312
Shape_Route_36,22.28475,-97.86559,56,16.277711
Shape_Route_36,22.2883,-97.87065,57,16.930586
Shape_Route_36,22.29112,-97.87303,58,17.327565
Shape_Route_36,22.29595,-97.87628,59,17.958467
Shape_Route_36,22.30434,-97.88153,60,19.033301
Shape_Route_36,22.30597,-97.88179,61,19.215732
Shape_Route_36,22.30927,-97.88097,62,19.590708
Shape_Route_36,22.33134,-97.87394,63,22.139091
Shape_Route_36,22.33587,-97.87308,64,22.648365
Shape_Route_36,22.34428,-97.87574,65,23.618894
Shape_Route_36,22.34646,-97.87694,66,23.890041
Shape_Route_36,22.34908,-97.87986,67,24.307848
Shape_Route_36,22.35047,-97.88192,68,24.569928
Shape_Route_36,22.35143,-97.88393,69,24.802612
Shape_Route_36,22.3696,-97.90123,70,27.489623
Shape_Route_36,22.37212,-97.90247,71,27.796437
Shape_Route_36,22.37415,-97.90441,72,28.097116
Shape_Route_36,22.37542,-97.90698,73,28.396766
Shape_Route_36,22.37814,-97.91013,74,28.839336
Shape_Route_36,22.38687,-97.919,75,30.16903
Shape_Route_36,22.39069,-97.92176,76,30.678529
Shape_Route_36,22.39256,-97.92114,77,30.89517
Shape_Route_36,22.39452,-97.92174,78,31.120779
Shape_Route_36,22.40119,-97.92651,79,32.007572
Shape_Route_36,22.40472,-97.92934,80,32.49501
Shape_Route_36,22.4194,-97.94243,81,34.606123
Shape_Route_36,22.42491,-97.94728,82,35.394349
Shape_Route_36,22.42745,-97.95084,83,35.856224
Shape_Route_36,22.42932,-97.95324,84,36.178521
Shape_Route_36,22.43362,-97.95923,85,36.957418
Shape_Route_36,22.43952,-97.96756,86,38.035188
Shape_Route_36,22.43932,-97.96762,87,38.058174
Shape_Route_36,22.43382,-97.95985,88,39.063264
Shape_Route_36,22.43525,-97.97204,89,40.327781
Shape_Route_36,22.42215,-97.97453,90,41.800513
Shape_Route_36,22.42193,-97.97308,91,41.951731
Shape_Route_36,22.43503,-97.97054,92,43.425368
Shape_Route_36,22.42193,-97.97308,93,44.899005
Shape_Route_36,22.42215,-97.97453,94,45.050223
Shape_Route_36,22.43525,-97.97204,95,46.522955
Shape_Route_36,22.43382,-97.95985,96,47.787472
Shape_Route_36,22.43932,-97.96762,97,48.792562
Shape_Route_36,22.43952,-97.96756,98,48.815548
Shape_Route_36,22.43362,-97.95923,99,49.893318
Shape_Route_36,22.42932,-97.95324,100,50.672215
Shape_Route_36,22.42745,-97.95084,101,50.994512
Shape_Route_36,22.42491,-97.94728,102,51.456387
Shape_Route_36,22.4196,-97.9429,103,52.19721
Shape_Route_36,22.41123,-97.93973,104,53.179607
Shape_Route_36,22.40615,-97.93724,105,53.797657
Shape_Route_36,22.39718,-97.93814,106,54.795019
Shape_Route_36,22.39635,-97.93762,107,54.901363
Shape_Route_36,22.39548,-97.93385,108,55.301246
Shape_Route_36,22.39488,-97.93282,109,55.42637
Shape_Route_36,22.39214,-97.93011,110,55.8385
Shape_Route_36,22.39095,-97.92492,111,56.388815
Shape_Route_36,22.39044,-97.9235,112,56.54553
Shape_Route_36,22.38853,-97.92183,113,56.81806
Shape_Route_36,22.38722,-97.92016,114,57.04299
Shape_Route_36,22.38687,-97.919,115,57.168546
Shape_Route_36,22.37814,-97.91013,116,58.49824
Shape_Route_36,22.37542,-97.90698,117,58.940809
Shape_Route_36,22.37415,-97.90441,118,59.240459
Shape_Route_36,22.37212,-97.90247,119,59.541138
Shape_Route_36,22.3696,-97.90123,120,59.847952
Shape_Route_36,22.35143,-97.88393,121,62.534964
Shape_Route_36,22.35047,-97.88192,122,62.767648
Shape_Route_36,22.34908,-97.87986,123,63.029728
Shape_Route_36,22.34646,-97.87694,124,63.447534
Shape_Route_36,22.34428,-97.87574,125,63.718681
Shape_Route_36,22.33587,-97.87308,126,64.68921
Shape_Route_36,22.33134,-97.87394,127,65.198484
Shape_Route_36,22.30927,-97.88097,128,67.746867
Shape_Route_36,22.30597,-97.88179,129,68.121843
Shape_Route_36,22.30434,-97.88153,130,68.304274
Shape_Route_36,22.29595,-97.87628,131,69.379108
Shape_Route_36,22.29112,-97.87303,132,70.01001
Shape_Route_36,22.2883,-97.87065,133,70.406989
Shape_Route_36,22.28475,-97.86559,134,71.059864
Shape_Route_36,22.28106,-97.86254,135,71.575263
Shape_Route_36,22.27814,-97.85917,136,72.049678
Shape_Route_36,22.27673,-97.85623,137,72.39046
Shape_Route_36,22.27425,-97.85451,138,72.717248
Shape_Route_36,22.27344,-97.85355,139,72.850763
Shape_Route_36,22.27301,-97.8521,140,73.007571
Shape_Route_36,22.27385,-97.85202,141,73.100931
Shape_Route_36,22.27453,-97.85268,142,73.202381
Shape_Route_36,22.27529,-97.8525,143,73.28854
Shape_Route_36,22.27587,-97.85212,144,73.363747
Shape_Route_36,22.27644,-97.85171,145,73.439687
Shape_Route_36,22.27713,-97.85119,146,73.532993
Shape_Route_36,22.27728,-97.85228,147,73.646524
Shape_Route_36,22.27775,-97.85219,148,73.699377
Shape_Route_36,22.27915,-97.85195,149,73.85633
Shape_Route_36,22.27993,-97.85167,150,73.947375
Shape_Route_36,22.28031,-97.8541,151,74.201259
Shape_Route_36,22.28165,-97.85381,152,74.352588
Shape_Route_36,22.28252,-97.85403,153,74.451536
Shape_Route_36,22.28359,-97.85424,154,74.571954
Shape_Route_36,22.28382,-97.84907,155,75.105238
Shape_Route_36,22.27448,-97.8452,156,76.213481
Shape_Route_36,22.275,-97.84401,157,76.34894
Shape_Route_36,22.27522,-97.84295,158,76.460843
Shape_Route_36,22.27236,-97.84194,159,76.794136
Shape_Route_36,22.26902,-97.84051,160,77.192182
Shape_Route_36,22.26838,-97.84263,161,77.421837
Shape_Route_36,22.26818,-97.84277,162,77.448264
Shape_Route_36,22.26781,-97.84251,163,77.49721
Shape_Route_36,22.26824,-97.84136,164,77.624915
Shape_Route_36,22.26687,-97.84064,165,77.79376
Shape_Route_36,22.26812,-97.83812,166,78.088005
Shape_Route_36,22.26687,-97.83747,167,78.241749
Shape_Route_36,22.26519,-97.83586,168,78.490981
Shape_Route_36,22.26225,-97.83997,169,79.025128
Shape_Route_36,22.25311,-97.83086,170,80.405436
Shape_Route_36,22.24942,-97.83506,171,81.000612
Shape_Route_36,22.24855,-97.83488,172,81.098699
Shape_Route_36,22.24636,-97.83627,173,81.38031
Shape_Route_36,22.24673,-97.83695,174,81.461483
Shape_Route_36,22.2412,-97.8404,175,82.169465
Shape_Route_36,22.2407,-97.83947,176,82.28015
Shape_Route_36,22.24124,-97.83711,177,82.53062
Shape_Route_36,22.2403,-97.83527,178,82.746935
Shape_Route_36,22.23842,-97.83642,179,82.98645
Shape_Route_36,22.23723,-97.83721,180,83.141324
Shape_Route_36,22.23679,-97.83775,181,83.215287
Shape_Route_36,22.23624,-97.83814,182,83.288248
Shape_Route_36,22.23448,-97.83879,183,83.494291
Shape_Route_36,22.23377,-97.83921,184,83.584026
Shape_Route_36,22.23324,-97.8395,185,83.649876
Shape_Route_36,22.23337,-97.83988,186,83.691603
Shape_Route_36,22.23053,-97.84133,187,84.039728
Shape_Route_36,22.2274,-97.84295,188,84.424379
Shape_Route_36,22.22694,-97.84197,189,84.537502
Shape_Route_36,22.2199,-97.84563,190,85.403395
Shape_Route_36,22.21499,-97.84822,191,86.008997
Shape_Route_36,22.21295,-97.85037,192,86.325423
Shape_Route_36,22.21369,-97.85201,193,86.513284
Shape_Route_36,22.21466,-97.85158,194,86.629459
Shape_Route_36,22.2153,-97.85117,195,86.71196
Shape_Route_36,22.21725,-97.8554,196,87.198509
Shape_Route_36,22.21315,-97.85758,197,87.704993
Shape_Route_36,22.21232,-97.85529,198,87.958309
Shape_Route_36,22.21206,-97.85377,199,88.117619
Shape_Route_36,22.2119,-97.85308,200,88.19092
Shape_Route_38,22.28067,-97.88154,1,0.0
Shape_Route_38,22.28097,-97.88068,2,0.094629
Shape_Route_38,22.28259,-97.88,3,0.287175
Shape_Route_38,22.28279,-97.87994,4,0.310163
Shape_Route_38,22.28304,-97.87965,5,0.350891
Shape_Route_38,22.28333,-97.87996,6,0.396178
Shape_Route_38,22.28359,-97.88052,7,0.460657
Shape_Route_38,22.28294,-97.88166,8,0.598404
Shape_Route_38,22.28273,-97.8819,9,0.632344
Shape_Route_38,22.28277,-97.88256,10,0.700489
Shape_Route_38,22.28563,-97.88434,11,1.066392
Shape_Route_38,22.28676,-97.88472,12,1.197475
Shape_Route_38,22.28737,-97.88169,13,1.516873
Shape_Route_38,22.28726,-97.88079,14,1.610395
Shape_Route_38,22.29216,-97.87637,15,2.318663
Shape_Route_38,22.29416,-97.87992,16,2.746201
Shape_Route_38,22.29448,-97.87983,17,2.782821
Shape_Route_38,22.29624,-97.87649,18,3.178254
Shape_Route_38,22.3049,-97.88179,19,4.281561
Shape_Route_38,22.30696,-97.88175,20,4.509657
Shape_Route_38,22.31113,-97.88029,21,4.995192
Shape_Route_38,22.31731,-97.87825,22,5.710914
Shape_Route_38,22.31735,-97.87464,23,6.082794
Shape_Route_38,22.31717,-97.87297,24,6.255966
Shape_Route_38,22.31723,-97.87027,25,6.534164
Shape_Route_38,22.31673,-97.86977,26,6.609773
Shape_Route_38,22.31677,-97.86836,27,6.755081
Shape_Route_38,22.31401,-97.86855,28,7.061263
Shape_Route_38,22.31406,-97.86475,29,7.452738
Shape_Route_38,22.30864,-97.86384,30,8.060058
Shape_Route_38,22.30812,-97.86378,31,8.117958
Shape_Route_38,22.30782,-97.86387,32,8.15244
Shape_Route_38,22.30601,-97.86363,33,8.354343
Shape_Route_38,22.30493,-97.86313,34,8.484531
Shape_Route_38,22.30574,-97.8609,35,8.731139
Shape_Route_38,22.30401,-97.86021,36,8.93543
Shape_Route_38,22.30495,-97.85758,37,9.225663
Shape_Route_38,22.30514,-97.85771,38,9.250599
Shape_Route_38,22.30616,-97.85509,39,9.543171
Shape_Route_38,22.29936,-97.85227,40,10.350102
Shape_Route_38,22.29842,-97.85487,41,10.637462
Shape_Route_38,22.28882,-97.85091,42,11.775884
Shape_Route_38,22.28714,-97.8504,43,11.969155
Shape_Route_38,22.2859,-97.84648,44,12.395727
Shape_Route_38,22.28201,-97.84799,45,12.853626
Shape_Route_38,22.27944,-97.84015,46,13.710059
Shape_Route_38,22.27687,-97.84109,47,14.010615
Shape_Route_38,22.27696,-97.8342,48,14.720614
Shape_Route_38,22.27666,-97.83425,49,14.754224
Shape_Route_38,22.27666,-97.83503,50,14.834593
Shape_Route_38,22.27696,-97.8342,51,14.926337
Shape_Route_38,22.27696,-97.83355,52,14.993312
Shape_Route_38,22.27666,-97.83354,53,15.026541
Shape_Route_38,22.27666,-97.83425,54,15.099698
Shape_Route_38,22.27469,-97.83364,55,15.326671
Shape_Route_38,22.26523,-97.82443,56,16.740005
Shape_Route_38,22.26414,-97.82577,57,16.923387
Shape_Route_38,22.26054,-97.82214,58,17.469987
Shape_Route_38,22.25733,-97.82589,59,17.994992
Shape_Route_38,22.25415,-97.8229,60,18.462846
Shape_Route_38,22.25362,-97.82353,61,18.550357
Shape_Route_38,22.25421,-97.82415,62,18.641729
Shape_Route_38,22.25477,-97.8235,63,18.733002
Shape_Route_38,22.25421,-97.82415,64,18.824275
Shape_Route_38,22.25362,-97.82353,65,18.915647
Shape_Route_38,22.25415,-97.8229,66,19.003158
Shape_Route_38,22.25733,-97.82589,67,19.471012
Shape_Route_38,22.26054,-97.82214,68,19.996017
Shape_Route_38,22.26414,-97.82577,69,20.542617
Shape_Route_38,22.26523,-97.82443,70,20.725999
Shape_Route_38,22.27469,-97.83364,71,22.139333
Shape_Route_38,22.27666,-97.83425,72,22.366306
Shape_Route_38,22.27666,-97.83354,73,22.439463
Shape_Route_38,22.27696,-97.83355,74,22.472692
Shape_Route_38,22.27696,-97.8342,75,22.539667
Shape_Route_38,22.27666,-97.83503,76,22.631411
Shape_Route_38,22.27666,-97.83425,77,22.71178
Shape_Route_38,22.27696,-97.8342,78,22.74539
Shape_Route_38,22.27687,-97.84109,79,23.455389
Shape_Route_38,22.27944,-97.84015,80,23.755945
Shape_Route_38,22.28201,-97.84799,81,24.612378
Shape_Route_38,22.2859,-97.84648,82,25.070277
Shape_Route_38,22.28714,-97.8504,83,25.496849
Shape_Route_38,22.28882,-97.85091,84,25.69012
Shape_Route_38,22.29842,-97.85487,85,26.828542
Shape_Route_38,22.29936,-97.85227,86,27.115902
Shape_Route_38,22.30616,-97.85509,87,27.922833
Shape_Route_38,22.30514,-97.85771,88,28.215405
Shape_Route_38,22.30495,-97.85758,89,28.240341
Shape_Route_38,22.30401,-97.86021,90,28.530574
Shape_Route_38,22.30574,-97.8609,91,28.734865
Shape_Route_38,22.30493,-97.86313,92,28.981473
Shape_Route_38,22.30601,-97.86363,93,29.111661
Shape_Route_38,22.30782,-97.86387,94,29.313564
Shape_Route_38,22.30812,-97.86378,95,29.348046
Shape_Route_38,22.30864,-97.86384,96,29.405946
Shape_Route_38,22.31406,-97.86475,97,30.013266
Shape_Route_38,22.31401,-97.86855,98,30.404741
Shape_Route_38,22.31677,-97.86836,99,30.710923
Shape_Route_38,22.31673,-97.86977,100,30.856231
Shape_Route_38,22.31723,-97.87027,101,30.93184
Shape_Route_38,22.31717,-97.87297,102,31.210038
Shape_Route_38,22.31762,-97.87389,103,31.317101
Shape_Route_38,22.31782,-97.87499,104,31.432552
Shape_Route_38,22.31778,-97.87636,105,31.57374
Shape_Route_38,22.31981,-97.87649,106,31.798877
Shape_Route_38,22.31969,-97.87754,107,31.907845
Shape_Route_38,22.31113,-97.88029,108,32.896941
Shape_Route_38,22.30696,-97.88175,109,33.382476
Shape_Route_38,22.3049,-97.88179,110,33.610572
Shape_Route_38,22.29624,-97.87649,111,34.713879
Shape_Route_38,22.29448,-97.87983,112,35.109312
Shape_Route_38,22.29416,-97.87992,113,35.145932
Shape_Route_38,22.29216,-97.87637,114,35.57347
Shape_Route_38,22.28726,-97.88079,115,36.281738
Shape_Route_38,22.28737,-97.88169,116,36.37526
Shape_Route_38,22.28676,-97.88472,117,36.694657
Shape_Route_38,22.28563,-97.88434,118,36.825741
Shape_Route_38,22.28277,-97.88256,119,37.191643
Shape_Route_38,22.28273,-97.8819,120,37.259788
Shape_Route_38,22.28294,-97.88166,121,37.293729
Shape_Route_38,22.28359,-97.88052,122,37.431476
Shape_Route_38,22.28333,-97.87996,123,37.495955
Shape_Route_38,22.28304,-97.87965,124,37.541242
Shape_Route_38,22.28279,-97.87994,125,37.58197
Shape_Route_38,22.28259,-97.88,126,37.604958
Shape_Route_38,22.28097,-97.88068,127,37.797504
Shape_Route_41,22.28783,-97.89228,1,0.0
Shape_Route_41,22.2873,-97.89092,2,0.151907
Shape_Route_41,22.28361,-97.8901,3,0.569064
Shape_Route_41,22.28221,-97.8903,4,0.725418
Shape_Route_41,22.28195,-97.88758,5,1.00714
Shape_Route_41,22.28202,-97.88708,6,1.059236
Shape_Route_41,22.28357,-97.88786,7,1.248719
Shape_Route_41,22.28386,-97.88669,8,1.373468
Shape_Route_41,22.28498,-97.88708,9,1.503809
Shape_Route_41,22.28538,-97.88578,10,1.644878
Shape_Route_41,22.28648,-97.88614,11,1.77218
Shape_Route_41,22.28737,-97.8817,12,2.240119
Shape_Route_41,22.28562,-97.87363,13,3.093838
Shape_Route_41,22.28812,-97.87298,14,3.378596
Shape_Route_41,22.28847,-97.87234,15,3.455076
Shape_Route_41,22.28857,-97.87117,16,3.576126
Shape_Route_41,22.28672,-97.86847,17,3.921568
Shape_Route_41,22.28525,-97.86636,18,4.193127
Shape_Route_41,22.27909,-97.86055,19,5.100554
Shape_Route_41,22.27758,-97.85872,20,5.352544
Shape_Route_41,22.27538,-97.85623,21,5.706303
Shape_Route_41,22.27351,-97.85396,22,6.018661
Shape_Route_41,22.27282,-97.85106,23,6.327086
Shape_Route_41,22.2627,-97.84047,24,7.891067
Shape_Route_41,22.2607,-97.83967,25,8.127334
Shape_Route_41,22.25985,-97.83878,26,8.258737
Shape_Route_41,22.25658,-97.84273,27,8.803483
Shape_Route_41,22.25602,-97.8434,28,8.896278
Shape_Route_41,22.25232,-97.83968,29,9.45731
Shape_Route_41,22.24859,-97.84223,30,9.946783
Shape_Route_41,22.24444,-97.83443,31,10.872681
Shape_Route_41,22.24181,-97.83605,32,11.208319
Shape_Route_41,22.24304,-97.83836,33,11.482586
Shape_Route_41,22.24124,-97.83534,34,11.852164
Shape_Route_41,22.24304,-97.83836,35,12.221742
Shape_Route_41,22.24083,-97.8397,36,12.502695
Shape_Route_41,22.24124,-97.84047,37,12.594118
Shape_Route_41,22.23841,-97.84226,38,12.957705
Shape_Route_41,22.23751,-97.84056,39,13.159266
Shape_Route_41,22.23716,-97.84072,40,13.201377
Shape_Route_41,22.23747,-97.84164,41,13.302218
Shape_Route_41,22.24075,-97.83959,42,13.722337
Shape_Route_41,22.24083,-97.8397,43,13.736724
Shape_Route_41,22.24075,-97.83959,44,13.75111
Shape_Route_41,22.23747,-97.84164,45,14.171229
Shape_Route_41,22.23716,-97.84072,46,14.27207
Shape_Route_41,22.23751,-97.84056,47,14.314181
Shape_Route_41,22.23841,-97.84226,48,14.515743
Shape_Route_41,22.24124,-97.84047,49,14.87933
Shape_Route_41,22.24083,-97.8397,50,14.970753
Shape_Route_41,22.24304,-97.83836,51,15.251706
Shape_Route_41,22.24181,-97.83605,52,15.525973
Shape_Route_41,22.24382,-97.83484,53,15.781059
Shape_Route_41,22.24412,-97.83561,54,15.867086
Shape_Route_41,22.24624,-97.83439,55,16.133347
Shape_Route_41,22.25,-97.84126,56,16.954662
Shape_Route_41,22.25232,-97.83968,57,17.258771
Shape_Route_41,22.25602,-97.8434,58,17.819803
Shape_Route_41,22.25658,-97.84273,59,17.912598
Shape_Route_41,22.26039,-97.83824,60,18.538702
Shape_Route_41,22.2627,-97.84047,61,18.882518
Shape_Route_41,22.26779,-97.84548,62,19.64676
Shape_Route_41,22.27282,-97.85106,63,20.447195
Shape_Route_41,22.27351,-97.85396,64,20.755619
Shape_Route_41,22.27478,-97.85482,65,20.921814
Shape_Route_41,22.27655,-97.85608,66,21.156875
Shape_Route_41,22.27794,-97.85876,67,21.472996
Shape_Route_41,22.27909,-97.86055,68,21.697106
Shape_Route_41,22.28525,-97.86636,69,22.604532
Shape_Route_41,22.28672,-97.86847,70,22.876092
Shape_Route_41,22.28868,-97.87089,71,23.20662
Shape_Route_41,22.28927,-97.87228,72,23.364021
Shape_Route_41,22.2896,-97.87283,73,23.431443
Shape_Route_41,22.29,-97.87306,74,23.481667
Shape_Route_41,22.29022,-97.87302,75,23.506369
Shape_Route_41,22.29031,-97.87267,76,23.54378
Shape_Route_41,22.28989,-97.87225,77,23.607297
Shape_Route_41,22.28942,-97.87217,78,23.659979
Shape_Route_41,22.28766,-97.8732,79,23.881849
Shape_Route_41,22.28562,-97.87363,80,24.111998
Shape_Route_41,22.28737,-97.8817,81,24.965718
Shape_Route_41,22.28648,-97.88614,82,25.433656
Shape_Route_41,22.28538,-97.88578,83,25.560958
Shape_Route_41,22.28498,-97.88708,84,25.702028
Shape_Route_41,22.28339,-97.88656,85,25.886026
Shape_Route_41,22.28304,-97.88767,86,26.006777
Shape_Route_41,22.28202,-97.88708,87,26.135021
Shape_Route_41,22.28195,-97.88758,88,26.187117
Shape_Route_41,22.28221,-97.8903,89,26.468839
Shape_Route_41,22.28361,-97.8901,90,26.625193
Shape_Route_41,22.2873,-97.89092,91,27.042349
Shape_Route_42,22.31387,-97.88942,1,0.0
Shape_Route_42,22.31331,-97.8896,2,0.06471
Shape_Route_42,22.31187,-97.88986,3,0.226364
Shape_Route_42,22.31207,-97.88214,4,1.021911
Shape_Route_42,22.30843,-97.88207,5,1.424954
Shape_Route_42,22.30862,-97.88062,6,1.575797
Shape_Route_42,22.30884,-97.87649,7,2.001937
Shape_Route_42,22.30899,-97.87381,8,2.27851
Shape_Route_42,22.30875,-97.86899,9,2.775744
Shape_Route_42,22.30719,-97.86904,10,2.948526
Shape_Route_42,22.3071,-97.86378,11,3.490474
Shape_Route_42,22.30734,-97.86315,12,3.560601
Shape_Route_42,22.30355,-97.86153,13,4.012158
Shape_Route_42,22.30496,-97.85761,14,4.445104
Shape_Route_42,22.30172,-97.85618,15,4.832874
Shape_Route_42,22.30265,-97.85368,16,5.110238
Shape_Route_42,22.29772,-97.85167,17,5.693994
Shape_Route_42,22.29678,-97.85424,18,5.978479
Shape_Route_42,22.29934,-97.85525,19,6.280391
Shape_Route_42,22.29865,-97.85735,20,6.509825
Shape_Route_42,22.2935,-97.85517,21,7.122616
Shape_Route_42,22.29411,-97.85368,22,7.290321
Shape_Route_42,22.29223,-97.85294,23,7.511977
Shape_Route_42,22.28714,-97.85398,24,8.085583
Shape_Route_42,22.28568,-97.85422,25,8.249098
Shape_Route_42,22.28359,-97.8542,26,8.480489
Shape_Route_42,22.28248,-97.85397,27,8.60564
Shape_Route_42,22.28027,-97.85404,28,8.850413
Shape_Route_42,22.27815,-97.85483,29,9.09883
Shape_Route_42,22.27854,-97.85466,30,9.145424
Shape_Route_42,22.27789,-97.85042,31,9.588184
Shape_Route_42,22.27386,-97.85201,32,10.063469
Shape_Route_42,22.27297,-97.85206,33,10.162135
Shape_Route_42,22.27034,-97.85316,34,10.474582
Shape_Route_42,22.27116,-97.85564,35,10.745771
Shape_Route_42,22.26252,-97.85876,36,11.754878
Shape_Route_42,22.26107,-97.85917,37,11.920872
Shape_Route_42,22.26077,-97.85813,38,12.033071
Shape_Route_42,22.26061,-97.85702,39,12.148818
Shape_Route_42,22.26031,-97.8561,40,12.249272
Shape_Route_42,22.25895,-97.85667,41,12.410888
Shape_Route_42,22.25822,-97.85688,42,12.494552
Shape_Route_42,22.25722,-97.85692,43,12.605337
Shape_Route_42,22.25566,-97.85775,44,12.798063
Shape_Route_42,22.25526,-97.85808,45,12.853897
Shape_Route_42,22.25213,-97.85821,46,13.200673
Shape_Route_42,22.2465,-97.85752,47,13.828004
Shape_Route_42,22.24531,-97.85516,48,14.104613
Shape_Route_42,22.2434,-97.85535,49,14.316971
Shape_Route_42,22.24205,-97.85495,50,14.472008
Shape_Route_42,22.24037,-97.85806,51,14.842588
Shape_Route_42,22.23659,-97.85896,52,15.271222
Shape_Route_42,22.2349,-97.85746,53,15.513928
Shape_Route_42,22.23389,-97.85692,54,15.63883
Shape_Route_42,22.23113,-97.85947,55,16.04187
Shape_Route_42,22.23002,-97.85967,56,16.166473
Shape_Route_42,22.22585,-97.85855,57,16.64234
Shape_Route_42,22.22551,-97.85758,58,16.749173
Shape_Route_42,22.2219,-97.85942,59,17.191548
Shape_Route_42,22.22031,-97.85585,60,17.599469
Shape_Route_42,22.21404,-97.85919,61,18.3743
Shape_Route_42,22.21357,-97.85832,62,18.477984
Shape_Route_42,22.2217,-97.85403,63,19.480807
Shape_Route_42,22.2218,-97.85445,64,19.525492
Shape_Route_42,22.22185,-97.85572,65,19.656517
Shape_Route_42,22.22224,-97.85645,66,19.743271
Shape_Route_42,22.22277,-97.85671,67,19.807777
Shape_Route_42,22.22426,-97.85608,68,19.985054
Shape_Route_42,22.22483,-97.85626,69,20.050828
Shape_Route_42,22.22545,-97.85668,70,20.131979
Shape_Route_42,22.22551,-97.85758,71,20.224984
Shape_Route_42,22.22545,-97.85668,72,20.317988
Shape_Route_42,22.22483,-97.85626,73,20.399139
Shape_Route_42,22.22426,-97.85608,74,20.464914
Shape_Route_42,22.22277,-97.85671,75,20.64219
Shape_Route_42,22.22224,-97.85645,76,20.706696
Shape_Route_42,22.22185,-97.85572,77,20.79345
Shape_Route_42,22.2218,-97.85445,78,20.924475
Shape_Route_42,22.2217,-97.85403,79,20.969161
Shape_Route_42,22.21357,-97.85832,80,21.971984
Shape_Route_42,22.21404,-97.85919,81,22.075667
Shape_Route_42,22.22031,-97.85585,82,22.850498
Shape_Route_42,22.2219,-97.85942,83,23.25842
Shape_Route_42,22.22551,-97.85758,84,23.700794
Shape_Route_42,22.22585,-97.85855,85,23.807627
Shape_Route_42,22.23002,-97.85967,86,24.283494
Shape_Route_42,22.23113,-97.85947,87,24.408097
Shape_Route_42,22.23389,-97.85692,88,24.811137
Shape_Route_42,22.2349,-97.85746,89,24.936039
Shape_Route_42,22.23659,-97.85896,90,25.178745
Shape_Route_42,22.24037,-97.85806,91,25.607379
Shape_Route_42,22.24205,-97.85495,92,25.977959
Shape_Route_42,22.2434,-97.85535,93,26.132996
Shape_Route_42,22.24531,-97.85516,94,26.345354
Shape_Route_42,22.2465,-97.85752,95,26.621963
Shape_Route_42,22.25213,-97.85821,96,27.249294
Shape_Route_42,22.25526,-97.85808,97,27.59607
Shape_Route_42,22.25566,-97.85775,98,27.651905
Shape_Route_42,22.25722,-97.85692,99,27.84463
Shape_Route_42,22.25822,-97.85688,100,27.955415
Shape_Route_42,22.25895,-97.85667,101,28.039079
Shape_Route_42,22.26031,-97.8561,102,28.200695
Shape_Route_42,22.26061,-97.85702,103,28.301149
Shape_Route_42,22.26077,-97.85813,104,28.416897
Shape_Route_42,22.26107,-97.85917,105,28.529096
Shape_Route_42,22.26252,-97.85876,106,28.69509
Shape_Route_42,22.27116,-97.85564,107,29.704196
Shape_Route_42,22.27034,-97.85316,108,29.975385
Shape_Route_42,22.27297,-97.85206,109,30.287832
Shape_Route_42,22.27386,-97.85201,110,30.386498
Shape_Route_42,22.27789,-97.85042,111,30.861783
Shape_Route_42,22.27854,-97.85466,112,31.304543
Shape_Route_42,22.27815,-97.85483,113,31.351137
Shape_Route_42,22.28027,-97.85404,114,31.599554
Shape_Route_42,22.28248,-97.85397,115,31.844327
Shape_Route_42,22.28359,-97.8542,116,31.969478
Shape_Route_42,22.28568,-97.85422,117,32.200869
Shape_Route_42,22.28714,-97.85398,118,32.364384
Shape_Route_42,22.29223,-97.85294,119,32.93799
Shape_Route_42,22.29411,-97.85368,120,33.159646
Shape_Route_42,22.2935,-97.85517,121,33.327351
Shape_Route_42,22.29865,-97.85735,122,33.940143
Shape_Route_42,22.29934,-97.85525,123,34.169576
Shape_Route_42,22.29678,-97.85424,124,34.471488
Shape_Route_42,22.29772,-97.85167,125,34.755973
Shape_Route_42,22.30265,-97.85368,126,35.339729
Shape_Route_42,22.30172,-97.85618,127,35.617093
Shape_Route_42,22.30496,-97.85761,128,36.004863
Shape_Route_42,22.30355,-97.86153,129,36.437809
Shape_Route_42,22.30734,-97.86315,130,36.889366
Shape_Route_42,22.3071,-97.86378,131,36.959494
Shape_Route_42,22.30719,-97.86904,132,37.501441
Shape_Route_42,22.31082,-97.86887,133,37.903695
Shape_Route_42,22.31088,-97.87366,134,38.397166
Shape_Route_42,22.31092,-97.87593,135,38.631043
Shape_Route_42,22.31082,-97.87818,136,38.863083
Shape_Route_42,22.31062,-97.8805,137,39.103093
Shape_Route_42,22.31052,-97.88222,138,39.280619
Shape_Route_42,22.31207,-97.88214,139,39.452414
Shape_Route_42,22.31187,-97.88986,140,40.247962
Shape_Route_42,22.31331,-97.8896,141,40.409616
Shape_Route_43,22.28339,-97.88272,1,0.0
Shape_Route_43,22.28423,-97.88253,2,0.095033
Shape_Route_43,22.28511,-97.88102,3,0.278595
Shape_Route_43,22.28721,-97.88076,4,0.51262
Shape_Route_43,22.2874,-97.88072,5,0.534055
Shape_Route_43,22.29216,-97.87641,6,1.223166
Shape_Route_43,22.29042,-97.87323,7,1.603223
Shape_Route_43,22.28979,-97.8731,8,1.674244
Shape_Route_43,22.28908,-97.87228,9,1.789638
Shape_Route_43,22.28849,-97.87107,10,1.930377
Shape_Route_43,22.28493,-97.86589,11,2.593822
Shape_Route_43,22.2813,-97.86291,12,3.099561
Shape_Route_43,22.27728,-97.85832,13,3.74897
Shape_Route_43,22.27487,-97.8555,14,4.14345
Shape_Route_43,22.27349,-97.8538,15,4.375882
Shape_Route_43,22.27274,-97.85078,16,4.697949
Shape_Route_43,22.26963,-97.84748,17,5.181861
Shape_Route_43,22.25367,-97.85356,18,7.056566
Shape_Route_43,22.25132,-97.85445,19,7.332425
Shape_Route_43,22.25057,-97.85489,20,7.427031
Shape_Route_43,22.24806,-97.85459,21,7.706624
Shape_Route_43,22.24716,-97.85518,22,7.823349
Shape_Route_43,22.24322,-97.85544,23,8.260363
Shape_Route_43,22.24229,-97.85512,24,8.368474
Shape_Route_43,22.24082,-97.85409,25,8.562777
Shape_Route_43,22.239,-97.85335,26,8.778218
Shape_Route_43,22.2379,-97.85248,27,8.929447
Shape_Route_43,22.23711,-97.84971,28,9.228036
Shape_Route_43,22.23175,-97.8475,29,9.863649
Shape_Route_43,22.23051,-97.84666,30,10.025949
Shape_Route_43,22.22932,-97.84671,31,10.157793
Shape_Route_43,22.21566,-97.85415,32,11.853404
Shape_Route_43,22.21204,-97.85606,33,12.299919
Shape_Route_43,22.21236,-97.85688,34,12.391572
Shape_Route_43,22.21286,-97.85673,35,12.449045
Shape_Route_43,22.21247,-97.85587,36,12.547652
Shape_Route_43,22.21231,-97.8549,37,12.6492
Shape_Route_43,22.2129,-97.85458,38,12.722375
Shape_Route_43,22.21676,-97.85244,39,13.203287
Shape_Route_43,22.21727,-97.85342,40,13.319014
Shape_Route_43,22.21782,-97.85297,41,13.395559
Shape_Route_43,22.22932,-97.84671,42,14.822883
Shape_Route_43,22.23051,-97.84666,43,14.954727
Shape_Route_43,22.23175,-97.8475,44,15.117027
Shape_Route_43,22.23711,-97.84971,45,15.752641
Shape_Route_43,22.2379,-97.85248,46,16.051229
Shape_Route_43,22.239,-97.85335,47,16.202459
Shape_Route_43,22.24082,-97.85409,48,16.417899
Shape_Route_43,22.24229,-97.85512,49,16.612202
Shape_Route_43,22.24322,-97.85544,50,16.720314
Shape_Route_43,22.24716,-97.85518,51,17.157327
Shape_Route_43,22.24806,-97.85459,52,17.274052
Shape_Route_43,22.25057,-97.85489,53,17.553645
Shape_Route_43,22.25132,-97.85445,54,17.648251
Shape_Route_43,22.25367,-97.85356,55,17.92411
Shape_Route_43,22.26963,-97.84748,56,19.798815
Shape_Route_43,22.27274,-97.85078,57,20.282727
Shape_Route_43,22.27349,-97.8538,58,20.604794
Shape_Route_43,22.27487,-97.8555,59,20.837226
Shape_Route_43,22.27728,-97.85832,60,21.231706
Shape_Route_43,22.2813,-97.86291,61,21.881115
Shape_Route_43,22.28493,-97.86589,62,22.386854
Shape_Route_43,22.28849,-97.87107,63,23.0503
Shape_Route_43,22.28908,-97.87228,64,23.191039
Shape_Route_43,22.28886,-97.87239,65,23.217902
Shape_Route_43,22.28852,-97.87265,66,23.264101
Shape_Route_43,22.28799,-97.87301,67,23.333517
Shape_Route_43,22.28568,-97.87378,68,23.601275
Shape_Route_43,22.2874,-97.88072,69,24.341219
Shape_Route_43,22.28743,-97.8814,70,24.411357
Shape_Route_43,22.28739,-97.88187,71,24.459982
Shape_Route_43,22.28681,-97.88464,72,24.752506
Shape_Route_43,22.28546,-97.88428,73,24.906495
Shape_Route_43,22.28336,-97.88297,74,25.175321
Shape_Route_47,22.33138,-97.88127,1,0.0
Shape_Route_47,22.32638,-97.8811,2,0.55382
Shape_Route_47,22.32618,-97.88565,3,1.022992
Shape_Route_47,22.32344,-97.88685,4,1.350548
Shape_Route_47,22.323,-97.88263,5,1.787938
Shape_Route_47,22.32342,-97.8763,6,2.441598
Shape_Route_47,22.30601,-97.88177,7,4.449704
Shape_Route_47,22.30456,-97.88153,8,4.612124
Shape_Route_47,22.29118,-97.87325,9,6.321455
Shape_Route_47,22.28957,-97.87312,10,6.500198
Shape_Route_47,22.28785,-97.87022,11,6.854499
Shape_Route_47,22.28495,-97.86591,12,7.402461
Shape_Route_47,22.28137,-97.86291,13,7.905078
Shape_Route_47,22.27641,-97.85737,14,8.697137
Shape_Route_47,22.27387,-97.85437,15,9.115019
Shape_Route_47,22.27291,-97.85218,16,9.364451
Shape_Route_47,22.27268,-97.85065,17,9.524146
Shape_Route_47,22.26966,-97.84737,18,9.999552
Shape_Route_47,22.26021,-97.85111,19,11.114477
Shape_Route_47,22.25185,-97.85419,20,12.092914
Shape_Route_47,22.25063,-97.85479,21,12.241459
Shape_Route_47,22.24809,-97.85458,22,12.52349
Shape_Route_47,22.24714,-97.85516,23,12.644462
Shape_Route_47,22.24309,-97.85535,24,13.093258
Shape_Route_47,22.24195,-97.85484,25,13.229974
Shape_Route_47,22.23856,-97.85316,26,13.643291
Shape_Route_47,22.23715,-97.84999,27,14.005384
Shape_Route_47,22.23647,-97.84934,28,14.106158
Shape_Route_47,22.23236,-97.84776,29,14.589433
Shape_Route_47,22.23053,-97.84662,30,14.823638
Shape_Route_47,22.22916,-97.84683,31,14.976845
Shape_Route_47,22.21562,-97.85422,32,16.658277
Shape_Route_47,22.21202,-97.85602,33,17.097901
Shape_Route_47,22.2127,-97.85777,34,17.293376
Shape_Route_47,22.21269,-97.85776,35,17.294889
Shape_Route_47,22.21403,-97.85712,36,17.457246
Shape_Route_47,22.21365,-97.85626,37,17.555373
Shape_Route_47,22.21279,-97.85675,38,17.663151
Shape_Route_47,22.21248,-97.85585,39,17.762071
Shape_Route_47,22.21228,-97.85484,40,17.868514
Shape_Route_47,22.21679,-97.85244,41,18.425739
Shape_Route_47,22.21717,-97.85338,42,18.531373
Shape_Route_47,22.22916,-97.84683,43,20.0206
Shape_Route_47,22.23053,-97.84662,44,20.173807
Shape_Route_47,22.23236,-97.84776,45,20.408012
Shape_Route_47,22.23647,-97.84934,46,20.891287
Shape_Route_47,22.23715,-97.84999,47,20.992061
Shape_Route_47,22.23856,-97.85316,48,21.354154
Shape_Route_47,22.24195,-97.85484,49,21.767471
Shape_Route_47,22.24309,-97.85535,50,21.904187
Shape_Route_47,22.24714,-97.85516,51,22.352983
Shape_Route_47,22.24809,-97.85458,52,22.473955
Shape_Route_47,22.25063,-97.85479,53,22.755986
Shape_Route_47,22.25185,-97.85419,54,22.904531
Shape_Route_47,22.26021,-97.85111,55,23.882968
Shape_Route_47,22.26966,-97.84737,56,24.997893
Shape_Route_47,22.27268,-97.85065,57,25.473299
Shape_Route_47,22.27291,-97.85218,58,25.632994
Shape_Route_47,22.27387,-97.85437,59,25.882426
Shape_Route_47,22.27641,-97.85737,60,26.300308
Shape_Route_47,22.28137,-97.86291,61,27.092367
Shape_Route_47,22.28495,-97.86591,62,27.594984
Shape_Route_47,22.28785,-97.87022,63,28.142946
Shape_Route_47,22.28957,-97.87312,64,28.497247
Shape_Route_47,22.29118,-97.87325,65,28.67599
Shape_Route_47,22.30456,-97.88153,66,30.385321
Shape_Route_47,22.30601,-97.88177,67,30.547741
Shape_Route_47,22.32342,-97.8763,68,32.555847
Shape_Route_47,22.323,-97.88263,69,33.209507
Shape_Route_47,22.32344,-97.88685,70,33.646897
Shape_Route_47,22.32618,-97.88565,71,33.974453
Shape_Route_47,22.32638,-97.88106,72,34.447741
Shape_Route_47,22.33146,-97.8813,73,35.010683
Shape_Route_44,22.26411,-97.82899,1,0.0
Shape_Route_44,22.26297,-97.83041,2,0.193237
Shape_Route_44,22.2609,-97.82836,3,0.504917
Shape_Route_44,22.26033,-97.82907,4,0.601537
Shape_Route_44,22.25911,-97.82788,5,0.783967
Shape_Route_44,22.25274,-97.83538,6,1.830248
Shape_Route_44,22.25151,-97.83418,7,2.014195
Shape_Route_44,22.24985,-97.83608,8,2.282736
Shape_Route_44,22.25109,-97.83729,9,2.468196
Shape_Route_44,22.25191,-97.83625,10,2.608654
Shape_Route_44,22.25488,-97.83747,11,2.960678
Shape_Route_44,22.25883,-97.84137,12,3.554612
Shape_Route_44,22.25609,-97.84462,13,4.006482
Shape_Route_44,22.25587,-97.84478,14,4.035895
Shape_Route_44,22.25341,-97.84638,15,4.354263
Shape_Route_44,22.24656,-97.85068,16,5.232601
Shape_Route_44,22.24663,-97.85087,17,5.25366
Shape_Route_44,22.24605,-97.85153,18,5.3472
Shape_Route_44,22.24407,-97.85277,19,5.600935
Shape_Route_44,22.24373,-97.85206,20,5.683222
Shape_Route_44,22.24218,-97.85281,21,5.871426
Shape_Route_44,22.24121,-97.85328,22,5.989232
Shape_Route_44,22.24041,-97.85389,23,6.097844
Shape_Route_44,22.23866,-97.85338,24,6.298587
Shape_Route_44,22.2377,-97.85175,25,6.497379
Shape_Route_44,22.23721,-97.85014,26,6.671958
Shape_Route_44,22.23665,-97.84943,27,6.767866
Shape_Route_44,22.23288,-97.84797,28,7.211536
Shape_Route_44,22.23038,-97.8466,29,7.522247
Shape_Route_44,22.22829,-97.84737,30,7.76686
Shape_Route_44,22.21331,-97.85542,31,9.621274
Shape_Route_44,22.21246,-97.85585,32,9.725293
Shape_Route_44,22.21252,-97.85582,33,9.73262
Shape_Route_44,22.21228,-97.85484,34,9.837078
Shape_Route_44,22.21685,-97.85248,35,10.398464
Shape_Route_44,22.21717,-97.85334,36,10.49393
Shape_Route_44,22.22829,-97.84737,37,11.870238
Shape_Route_44,22.23038,-97.8466,38,12.114852
Shape_Route_44,22.23288,-97.84797,39,12.425563
Shape_Route_44,22.23665,-97.84943,40,12.869232
Shape_Route_44,22.23721,-97.85014,41,12.965141
Shape_Route_44,22.2377,-97.85175,42,13.139719
Shape_Route_44,22.23866,-97.85338,43,13.338511
Shape_Route_44,22.24041,-97.85389,44,13.539255
Shape_Route_44,22.24121,-97.85328,45,13.647866
Shape_Route_44,22.24218,-97.85281,46,13.765673
Shape_Route_44,22.24373,-97.85206,47,13.953877
Shape_Route_44,22.24407,-97.85277,48,14.036164
Shape_Route_44,22.24605,-97.85153,49,14.289899
Shape_Route_44,22.24663,-97.85087,50,14.383438
Shape_Route_44,22.24656,-97.85068,51,14.404497
Shape_Route_44,22.25341,-97.84638,52,15.282836
Shape_Route_44,22.25587,-97.84478,53,15.601204
Shape_Route_44,22.25609,-97.84462,54,15.630616
Shape_Route_44,22.25883,-97.84137,55,16.082486
Shape_Route_44,22.25488,-97.83747,56,16.67642
Shape_Route_44,22.25191,-97.83625,57,17.028444
Shape_Route_44,22.2513,-97.83599,58,17.101098
Shape_Route_44,22.25033,-97.83555,59,17.217667
Shape_Route_44,22.25151,-97.83418,60,17.41002
Shape_Route_44,22.25274,-97.83538,61,17.593967
Shape_Route_44,22.25911,-97.82788,62,18.640248
Shape_Route_44,22.26033,-97.82907,63,18.822678
Shape_Route_44,22.26099,-97.8284,64,18.923207
Shape_Route_44,22.26296,-97.83039,65,19.222571
Shape_Route_44,22.26415,-97.82899,66,19.417941
Shape_Route_45,22.29167,-97.83783,1,0.0
Shape_Route_45,22.29303,-97.83829,2,0.157847
Shape_Route_45,22.29246,-97.84026,3,0.370392
Shape_Route_45,22.29469,-97.84105,4,0.630344
Shape_Route_45,22.2948,-97.84102,5,0.642909
Shape_Route_45,22.29522,-97.84118,6,0.692242
Shape_Route_45,22.29465,-97.84323,7,0.912667
Shape_Route_45,22.29499,-97.84323,8,0.950309
Shape_Route_45,22.29487,-97.84473,9,1.105415
Shape_Route_45,22.29207,-97.84447,10,1.416556
Shape_Route_45,22.29146,-97.85205,11,2.20041
Shape_Route_45,22.29427,-97.85317,12,2.532213
Shape_Route_45,22.29354,-97.85519,13,2.755464
Shape_Route_45,22.29909,-97.85752,14,3.415123
Shape_Route_45,22.29984,-97.85542,15,3.646853
Shape_Route_45,22.29679,-97.8542,16,4.007148
Shape_Route_45,22.29775,-97.85166,17,4.289584
Shape_Route_45,22.30611,-97.85511,18,5.281009
Shape_Route_45,22.3051,-97.8577,19,5.570303
Shape_Route_45,22.3049,-97.85767,20,5.592659
Shape_Route_45,22.30358,-97.86156,21,6.019209
Shape_Route_45,22.30733,-97.86316,22,6.46589
Shape_Route_45,22.3071,-97.86378,23,6.534647
Shape_Route_45,22.30721,-97.86906,24,7.0787
Shape_Route_45,22.3107,-97.86892,25,7.465343
Shape_Route_45,22.31099,-97.87518,26,8.110994
Shape_Route_45,22.31059,-97.88043,27,8.653614
Shape_Route_45,22.30748,-97.88145,28,9.013593
Shape_Route_45,22.30567,-97.88173,29,9.21604
Shape_Route_45,22.30438,-97.88157,30,9.359802
Shape_Route_45,22.29622,-97.87649,31,10.403821
Shape_Route_45,22.2911,-97.87327,32,11.060587
Shape_Route_45,22.28941,-97.87299,33,11.249895
Shape_Route_45,22.28787,-97.87299,34,11.420386
Shape_Route_45,22.2854,-97.87394,35,11.710825
Shape_Route_45,22.28391,-97.87374,36,11.877062
Shape_Route_45,22.28209,-97.87288,37,12.097174
Shape_Route_45,22.27659,-97.87351,38,12.709519
Shape_Route_45,22.2728,-97.87473,39,13.147529
Shape_Route_45,22.26916,-97.87368,40,13.564778
Shape_Route_45,22.2669,-97.87381,41,13.815336
Shape_Route_45,22.26455,-97.87488,42,14.097899
Shape_Route_45,22.25955,-97.87604,43,14.664198
Shape_Route_45,22.25717,-97.87664,44,14.93484
Shape_Route_45,22.25393,-97.87628,45,15.295447
Shape_Route_45,22.24819,-97.87411,46,15.969111
Shape_Route_45,22.24406,-97.8719,47,16.479922
Shape_Route_45,22.23427,-97.86758,48,17.651639
Shape_Route_45,22.22553,-97.86437,49,18.674229
Shape_Route_45,22.22348,-97.86342,50,18.921404
Shape_Route_45,22.22132,-97.86327,51,19.161032
Shape_Route_45,22.22058,-97.86323,52,19.243059
Shape_Route_45,22.21945,-97.86271,53,19.379158
Shape_Route_45,22.21673,-97.85666,54,20.071686
Shape_Route_45,22.21754,-97.85629,55,20.169133
Shape_Route_45,22.22023,-97.86233,56,20.859291
Shape_Route_45,22.22058,-97.86323,57,20.959828
Shape_Route_45,22.22132,-97.86327,58,21.041855
Shape_Route_45,22.22348,-97.86342,59,21.281483
Shape_Route_45,22.22553,-97.86437,60,21.528658
Shape_Route_45,22.23427,-97.86758,61,22.551248
Shape_Route_45,22.24406,-97.8719,62,23.722965
Shape_Route_45,22.24819,-97.87411,63,24.233776
Shape_Route_45,22.25393,-97.87628,64,24.90744
Shape_Route_45,22.25717,-97.87664,65,25.268046
Shape_Route_45,22.25955,-97.87604,66,25.538688
Shape_Route_45,22.26455,-97.87488,67,26.104987
Shape_Route_45,22.2669,-97.87381,68,26.38755
Shape_Route_45,22.26916,-97.87368,69,26.638109
Shape_Route_45,22.2728,-97.87473,70,27.055358
Shape_Route_45,22.27659,-97.87351,71,27.493367
Shape_Route_45,22.28209,-97.87288,72,28.105713
Shape_Route_45,22.28391,-97.87374,73,28.325824
Shape_Route_45,22.2854,-97.87394,74,28.492062
Shape_Route_45,22.28787,-97.87299,75,28.7825
Shape_Route_45,22.28941,-97.87299,76,28.952991
Shape_Route_45,22.2911,-97.87327,77,29.142299
Shape_Route_45,22.29622,-97.87649,78,29.799066
Shape_Route_45,22.30438,-97.88157,79,30.843085
Shape_Route_45,22.30567,-97.88173,80,30.986847
Shape_Route_45,22.30748,-97.88145,81,31.189294
Shape_Route_45,22.30861,-97.88106,82,31.320687
Shape_Route_45,22.30893,-97.87509,83,31.936694
Shape_Route_45,22.30875,-97.86902,84,32.5623
Shape_Route_45,22.30721,-97.86906,85,32.732842
Shape_Route_45,22.3071,-97.86378,86,33.276894
Shape_Route_45,22.30733,-97.86316,87,33.345652
Shape_Route_45,22.30358,-97.86156,88,33.792333
Shape_Route_45,22.3049,-97.85767,89,34.218882
Shape_Route_45,22.3051,-97.8577,90,34.241239
Shape_Route_45,22.30611,-97.85511,91,34.530533
Shape_Route_45,22.29775,-97.85166,92,35.521957
Shape_Route_45,22.29679,-97.8542,93,35.804393
Shape_Route_45,22.29984,-97.85542,94,36.164689
Shape_Route_45,22.29909,-97.85752,95,36.396418
Shape_Route_45,22.29354,-97.85519,96,37.056078
Shape_Route_45,22.29427,-97.85317,97,37.279329
Shape_Route_45,22.29257,-97.85258,98,37.477107
Shape_Route_45,22.29222,-97.85293,99,37.530038
Shape_Route_45,22.28706,-97.85083,100,38.140896
Shape_Route_45,22.28723,-97.85048,101,38.181572
Shape_Route_45,22.28882,-97.85099,102,38.365274
Shape_Route_45,22.2915,-97.85205,103,38.681435
Shape_Route_45,22.29207,-97.84447,104,39.46492
Shape_Route_45,22.29487,-97.84473,105,39.776061
Shape_Route_45,22.29499,-97.84323,106,39.931167
Shape_Route_45,22.29465,-97.84323,107,39.968808
Shape_Route_45,22.29522,-97.84118,108,40.189234
Shape_Route_45,22.2948,-97.84102,109,40.238567
Shape_Route_45,22.29469,-97.84105,110,40.251131
Shape_Route_45,22.29113,-97.83984,111,40.664502
Shape_Route_45,22.29169,-97.83783,112,40.880668
Shape_Route_45,22.29303,-97.83829,113,41.036404
Shape_Route_48,22.329,-97.84984,1,0.0
Shape_Route_48,22.32883,-97.84999,2,0.02435
Shape_Route_48,22.32817,-97.84989,3,0.098141
Shape_Route_48,22.32543,-97.84908,4,0.412749
Shape_Route_48,22.32432,-97.85087,5,0.634323
Shape_Route_48,22.32287,-97.8538,6,0.976158
Shape_Route_48,22.31485,-97.85003,7,1.945257
Shape_Route_48,22.31391,-97.85127,8,2.110015
Shape_Route_48,22.30819,-97.84936,9,2.773134
Shape_Route_48,22.30508,-97.85768,10,3.696792
Shape_Route_48,22.30198,-97.85642,11,4.063716
Shape_Route_48,22.29863,-97.85498,12,4.463161
Shape_Route_48,22.29258,-97.85251,13,5.179661
Shape_Route_48,22.28889,-97.85096,14,5.61828
Shape_Route_48,22.28716,-97.85041,15,5.818014
Shape_Route_48,22.27499,-97.84544,16,7.259375
Shape_Route_48,22.27461,-97.84526,17,7.305351
Shape_Route_48,22.27446,-97.84555,18,7.339537
Shape_Route_48,22.26345,-97.84982,19,8.635425
Shape_Route_48,22.2554,-97.85292,20,9.582154
Shape_Route_48,22.25181,-97.85422,21,10.00157
Shape_Route_48,22.25102,-97.85457,22,10.096175
Shape_Route_48,22.25055,-97.85488,23,10.157233
Shape_Route_48,22.24816,-97.8546,24,10.423395
Shape_Route_48,22.2472,-97.85516,25,10.544334
Shape_Route_48,22.24291,-97.85537,26,11.019766
Shape_Route_48,22.24217,-97.85501,27,11.1097
Shape_Route_48,22.24061,-97.85397,28,11.312963
Shape_Route_48,22.23893,-97.8534,29,11.50801
Shape_Route_48,22.23832,-97.8529,30,11.592958
Shape_Route_48,22.23773,-97.85201,31,11.705566
Shape_Route_48,22.23703,-97.84977,32,11.949093
Shape_Route_48,22.23487,-97.84873,33,12.211148
Shape_Route_48,22.23336,-97.84827,34,12.384911
Shape_Route_48,22.23062,-97.84667,35,12.730182
Shape_Route_48,22.22975,-97.84658,36,12.826944
Shape_Route_48,22.21207,-97.85603,37,15.013253
Shape_Route_48,22.2127,-97.85777,38,15.205703
Shape_Route_48,22.21269,-97.85777,39,15.20681
Shape_Route_48,22.21407,-97.8571,40,15.374473
Shape_Route_48,22.21289,-97.85464,41,15.659729
Shape_Route_48,22.2168,-97.85242,42,16.149365
Shape_Route_48,22.21727,-97.85329,43,16.253047
Shape_Route_48,22.22975,-97.84658,44,17.798134
Shape_Route_48,22.23062,-97.84667,45,17.894896
Shape_Route_48,22.23336,-97.84827,46,18.240167
Shape_Route_48,22.23487,-97.84873,47,18.41393
Shape_Route_48,22.23703,-97.84977,48,18.675985
Shape_Route_48,22.23773,-97.85201,49,18.919512
Shape_Route_48,22.23832,-97.8529,50,19.03212
Shape_Route_48,22.23893,-97.8534,51,19.117068
Shape_Route_48,22.24061,-97.85397,52,19.312116
Shape_Route_48,22.24217,-97.85501,53,19.515378
Shape_Route_48,22.24291,-97.85537,54,19.605313
Shape_Route_48,22.2472,-97.85516,55,20.080744
Shape_Route_48,22.24816,-97.8546,56,20.201683
Shape_Route_48,22.25055,-97.85488,57,20.467845
Shape_Route_48,22.25102,-97.85457,58,20.528903
Shape_Route_48,22.25181,-97.85422,59,20.623508
Shape_Route_48,22.2554,-97.85292,60,21.042924
Shape_Route_48,22.26345,-97.84982,61,21.989654
Shape_Route_48,22.27446,-97.84555,62,23.285541
Shape_Route_48,22.27461,-97.84526,63,23.319727
Shape_Route_48,22.27499,-97.84544,64,23.365703
Shape_Route_48,22.28716,-97.85041,65,24.807064
Shape_Route_48,22.28889,-97.85096,66,25.006798
Shape_Route_48,22.29258,-97.85251,67,25.445417
Shape_Route_48,22.29863,-97.85498,68,26.161917
Shape_Route_48,22.30198,-97.85642,69,26.561362
Shape_Route_48,22.30508,-97.85768,70,26.928286
Shape_Route_48,22.30819,-97.84936,71,27.851944
Shape_Route_48,22.31391,-97.85127,72,28.515063
Shape_Route_48,22.31485,-97.85003,73,28.679822
Shape_Route_48,22.32287,-97.8538,74,29.64892
Shape_Route_48,22.32432,-97.85087,75,29.990755
Shape_Route_48,22.32543,-97.84908,76,30.212329
Shape_Route_48,22.32817,-97.84989,77,30.526938
Shape_Route_48,22.32883,-97.84999,78,30.600728
Shape_Route_46,22.29699,-97.83834,1,0.0
Shape_Route_46,22.292,-97.83673,2,0.576805
Shape_Route_46,22.29067,-97.83641,3,0.727694
Shape_Route_46,22.28871,-97.83632,4,0.944883
Shape_Route_46,22.28879,-97.83529,5,1.051372
Shape_Route_46,22.28835,-97.83488,6,1.115849
Shape_Route_46,22.28681,-97.83488,7,1.286341
Shape_Route_46,22.28691,-97.83359,8,1.419711
Shape_Route_46,22.28616,-97.83298,9,1.523847
Shape_Route_46,22.28687,-97.83173,10,1.674727
Shape_Route_46,22.2813,-97.82914,11,2.346644
Shape_Route_46,22.27832,-97.82792,12,2.699695
Shape_Route_46,22.27738,-97.83076,13,3.010275
Shape_Route_46,22.27702,-97.83452,14,3.39974
Shape_Route_46,22.27689,-97.84308,15,4.281858
Shape_Route_46,22.27643,-97.84428,16,4.41558
Shape_Route_46,22.27518,-97.84557,17,4.607461
Shape_Route_46,22.2747,-97.84563,18,4.66096
Shape_Route_46,22.25173,-97.85428,19,7.355634
Shape_Route_46,22.25047,-97.85497,20,7.512205
Shape_Route_46,22.24817,-97.85454,21,7.770662
Shape_Route_46,22.2471,-97.85516,22,7.905254
Shape_Route_46,22.24293,-97.85537,23,8.367415
Shape_Route_46,22.2416,-97.85454,24,8.537702
Shape_Route_46,22.23832,-97.85295,25,8.936089
Shape_Route_46,22.23703,-97.84975,26,9.295492
Shape_Route_46,22.23339,-97.84832,27,9.724578
Shape_Route_46,22.23061,-97.8466,28,10.079755
Shape_Route_46,22.22958,-97.84668,29,10.194082
Shape_Route_46,22.21204,-97.85602,30,12.361467
Shape_Route_46,22.21214,-97.85606,31,12.37328
Shape_Route_46,22.21262,-97.85782,32,12.562331
Shape_Route_46,22.21329,-97.85761,33,12.639599
Shape_Route_46,22.21244,-97.85582,34,12.846729
Shape_Route_46,22.21233,-97.85488,35,12.94439
Shape_Route_46,22.21681,-97.85248,36,13.498641
Shape_Route_46,22.21729,-97.85334,37,13.601998
Shape_Route_46,22.22958,-97.84668,38,15.125976
Shape_Route_46,22.23061,-97.8466,39,15.240303
Shape_Route_46,22.23339,-97.84832,40,15.59548
Shape_Route_46,22.23703,-97.84975,41,16.024566
Shape_Route_46,22.23832,-97.85295,42,16.383969
Shape_Route_46,22.2416,-97.85454,43,16.782356
Shape_Route_46,22.24293,-97.85537,44,16.952643
Shape_Route_46,22.2471,-97.85516,45,17.414804
Shape_Route_46,22.24817,-97.85454,46,17.549396
Shape_Route_46,22.25047,-97.85497,47,17.807853
Shape_Route_46,22.25173,-97.85428,48,17.964424
Shape_Route_46,22.2747,-97.84563,49,20.659098
Shape_Route_46,22.27518,-97.84557,50,20.712597
Shape_Route_46,22.27643,-97.84428,51,20.904478
Shape_Route_46,22.27689,-97.84308,52,21.0382
Shape_Route_46,22.27702,-97.83452,53,21.920318
Shape_Route_46,22.27738,-97.83076,54,22.309783
Shape_Route_46,22.27832,-97.82792,55,22.620362
Shape_Route_46,22.2813,-97.82914,56,22.973414
Shape_Route_46,22.28687,-97.83173,57,23.64533
Shape_Route_46,22.28616,-97.83298,58,23.796211
Shape_Route_46,22.28691,-97.83359,59,23.900347
Shape_Route_46,22.28681,-97.83488,60,24.033717
Shape_Route_46,22.28835,-97.83488,61,24.204209
Shape_Route_46,22.28879,-97.83529,62,24.268686
Shape_Route_46,22.28871,-97.83632,63,24.375175
Shape_Route_46,22.29067,-97.83641,64,24.592364
Shape_Route_46,22.29204,-97.83671,65,24.747153
Shape_Route_46,22.297,-97.83835,66,25.321679
Shape_Route_50,22.3263,-97.84665,1,0.0
Shape_Route_50,22.32544,-97.84914,2,0.273575
Shape_Route_50,22.32432,-97.85089,3,0.492358
Shape_Route_50,22.32285,-97.85381,4,0.834333
Shape_Route_50,22.31481,-97.85002,5,1.806286
Shape_Route_50,22.31393,-97.85127,6,1.967752
Shape_Route_50,22.30816,-97.84934,7,2.636768
Shape_Route_50,22.30355,-97.86156,8,3.995145
Shape_Route_50,22.30733,-97.86318,9,4.445673
Shape_Route_50,22.3071,-97.8638,10,4.514431
Shape_Route_50,22.3072,-97.86905,11,5.05537
Shape_Route_50,22.31068,-97.86892,12,5.440869
Shape_Route_50,22.311,-97.87514,13,6.08258
Shape_Route_50,22.3106,-97.88043,14,6.629306
Shape_Route_50,22.30599,-97.88181,15,7.159101
Shape_Route_50,22.30472,-97.88164,16,7.300786
Shape_Route_50,22.30329,-97.88099,17,7.472678
Shape_Route_50,22.29215,-97.87394,18,8.903941
Shape_Route_50,22.2911,-97.87331,19,9.037078
Shape_Route_50,22.28963,-97.87308,20,9.201536
Shape_Route_50,22.28832,-97.87299,21,9.34686
Shape_Route_50,22.28644,-97.87349,22,9.561272
Shape_Route_50,22.28489,-97.87398,23,9.740142
Shape_Route_50,22.28288,-97.87325,24,9.975033
Shape_Route_50,22.28123,-97.87288,25,10.161637
Shape_Route_50,22.27673,-97.87344,26,10.663154
Shape_Route_50,22.27278,-97.87475,27,11.120809
Shape_Route_50,22.27017,-97.87376,28,11.427235
Shape_Route_50,22.26712,-97.87374,29,11.764901
Shape_Route_50,22.26513,-97.87469,30,12.00598
Shape_Route_50,22.2578,-97.87664,31,12.841977
Shape_Route_50,22.25564,-97.87657,32,13.081215
Shape_Route_50,22.24825,-97.87413,33,13.937116
Shape_Route_50,22.24622,-97.87293,34,14.193632
Shape_Route_50,22.24323,-97.87147,35,14.557242
Shape_Route_50,22.23437,-97.86769,36,15.612649
Shape_Route_50,22.22537,-97.86424,37,16.670572
Shape_Route_50,22.2234,-97.86341,38,16.904846
Shape_Route_50,22.22159,-97.86328,39,17.105675
Shape_Route_50,22.21837,-97.85578,40,17.956993
Shape_Route_50,22.21994,-97.85502,41,18.147644
Shape_Route_50,22.21916,-97.85542,42,18.243335
Shape_Route_50,22.22262,-97.86334,43,19.145109
Shape_Route_50,22.21916,-97.85542,44,20.046884
Shape_Route_50,22.21994,-97.85502,45,20.142575
Shape_Route_50,22.21837,-97.85578,46,20.333225
Shape_Route_50,22.22159,-97.86328,47,21.184544
Shape_Route_50,22.2234,-97.86341,48,21.385373
Shape_Route_50,22.22537,-97.86424,49,21.619647
Shape_Route_50,22.23437,-97.86769,50,22.67757
Shape_Route_50,22.24323,-97.87147,51,23.732976
Shape_Route_50,22.24622,-97.87293,52,24.096587
Shape_Route_50,22.24825,-97.87413,53,24.353103
Shape_Route_50,22.25564,-97.87657,54,25.209004
Shape_Route_50,22.2578,-97.87664,55,25.448242
Shape_Route_50,22.26513,-97.87469,56,26.284239
Shape_Route_50,22.26712,-97.87374,57,26.525318
Shape_Route_50,22.27017,-97.87376,58,26.862984
Shape_Route_50,22.27278,-97.87475,59,27.16941
Shape_Route_50,22.27673,-97.87344,60,27.627065
Shape_Route_50,22.28123,-97.87288,61,28.128582
Shape_Route_50,22.28288,-97.87325,62,28.315186
Shape_Route_50,22.28489,-97.87398,63,28.550077
Shape_Route_50,22.28644,-97.87349,64,28.728947
Shape_Route_50,22.28832,-97.87299,65,28.943359
Shape_Route_50,22.28963,-97.87308,66,29.088683
Shape_Route_50,22.2911,-97.87331,67,29.253141
Shape_Route_50,22.29215,-97.87394,68,29.386278
Shape_Route_50,22.30329,-97.88099,69,30.817541
Shape_Route_50,22.30472,-97.88164,70,30.989432
Shape_Route_50,22.30599,-97.88181,71,31.131118
Shape_Route_50,22.30863,-97.88099,72,31.43535
Shape_Route_50,22.30899,-97.87501,73,32.052655
Shape_Route_50,22.30877,-97.86904,74,32.668125
Shape_Route_50,22.3072,-97.86905,75,32.841941
Shape_Route_50,22.3071,-97.8638,76,33.38288
Shape_Route_50,22.30733,-97.86318,77,33.451637
Shape_Route_50,22.30355,-97.86156,78,33.902166
Shape_Route_50,22.30816,-97.84934,79,35.260542
Shape_Route_50,22.31393,-97.85127,80,35.929559
Shape_Route_50,22.31481,-97.85002,81,36.091025
Shape_Route_50,22.32285,-97.85381,82,37.062977
Shape_Route_50,22.32432,-97.85089,83,37.404952
Shape_Route_50,22.32544,-97.84914,84,37.623735
Shape_Route_49,22.2987,-97.89967,1,0.0
Shape_Route_49,22.2993,-97.89902,2,0.09432
Shape_Route_49,22.29994,-97.89967,3,0.191809
Shape_Route_49,22.29935,-97.90034,4,0.286838
Shape_Route_49,22.29805,-97.89901,5,0.485549
Shape_Route_49,22.30064,-97.89679,6,0.85232
Shape_Route_49,22.30127,-97.89614,7,0.949007
Shape_Route_49,22.2996,-97.89387,8,1.247114
Shape_Route_49,22.29791,-97.89119,9,1.58063
Shape_Route_49,22.29571,-97.88707,10,2.069993
Shape_Route_49,22.29533,-97.88546,11,2.241111
Shape_Route_49,22.29505,-97.88183,12,2.616366
Shape_Route_49,22.29442,-97.88014,13,2.803925
Shape_Route_49,22.29341,-97.87866,14,2.993005
Shape_Route_49,22.29043,-97.87329,15,3.63715
Shape_Route_49,22.28824,-97.87293,16,3.882421
Shape_Route_49,22.28501,-97.87402,17,4.257229
Shape_Route_49,22.28219,-97.87293,18,4.589011
Shape_Route_49,22.2781,-97.87314,19,5.042325
Shape_Route_49,22.27278,-97.87466,20,5.65176
Shape_Route_49,22.27002,-97.87374,21,5.971681
Shape_Route_49,22.26652,-97.874,22,6.360085
Shape_Route_49,22.2641,-97.87512,23,6.651799
Shape_Route_49,22.25911,-97.87625,24,7.21637
Shape_Route_49,22.25735,-97.87662,25,7.414911
Shape_Route_49,22.25516,-97.87651,26,7.657626
Shape_Route_49,22.24869,-97.87437,27,8.407088
Shape_Route_49,22.24565,-97.87265,28,8.787466
Shape_Route_49,22.23858,-97.86956,29,9.632477
Shape_Route_49,22.23522,-97.86797,30,10.038953
Shape_Route_49,22.22642,-97.8646,31,11.073251
Shape_Route_49,22.22326,-97.8634,32,11.44431
Shape_Route_49,22.22154,-97.86327,33,11.635198
Shape_Route_49,22.21839,-97.8558,34,12.480483
Shape_Route_49,22.21998,-97.85495,35,12.677109
Shape_Route_49,22.21912,-97.85543,36,12.784407
Shape_Route_49,22.22263,-97.86334,37,13.687616
Shape_Route_49,22.21912,-97.85543,38,14.590825
Shape_Route_49,22.21998,-97.85495,39,14.698123
Shape_Route_49,22.21839,-97.8558,40,14.894749
Shape_Route_49,22.22154,-97.86327,41,15.740034
Shape_Route_49,22.22326,-97.8634,42,15.930922
Shape_Route_49,22.22642,-97.8646,43,16.301981
Shape_Route_49,22.23522,-97.86797,44,17.336279
Shape_Route_49,22.23858,-97.86956,45,17.742755
Shape_Route_49,22.24565,-97.87265,46,18.587765
Shape_Route_49,22.24869,-97.87437,47,18.968144
Shape_Route_49,22.25516,-97.87651,48,19.717606
Shape_Route_49,22.25735,-97.87662,49,19.960321
Shape_Route_49,22.25911,-97.87625,50,20.158862
Shape_Route_49,22.2641,-97.87512,51,20.723433
Shape_Route_49,22.26652,-97.874,52,21.015147
Shape_Route_49,22.27002,-97.87374,53,21.40355
Shape_Route_49,22.27278,-97.87466,54,21.723472
Shape_Route_49,22.2781,-97.87314,55,22.332907
Shape_Route_49,22.28219,-97.87293,56,22.786221
Shape_Route_49,22.28501,-97.87402,57,23.118003
Shape_Route_49,22.28824,-97.87293,58,23.49281
Shape_Route_49,22.28973,-97.87203,59,23.682041
Shape_Route_49,22.29112,-97.87321,60,23.878153
Shape_Route_49,22.29442,-97.87531,61,24.302747
Shape_Route_49,22.29626,-97.87662,62,24.547102
Shape_Route_49,22.2944,-97.88003,63,24.95431
Shape_Route_49,22.29505,-97.88183,64,25.153225
Shape_Route_49,22.29533,-97.88546,65,25.528479
Shape_Route_49,22.29571,-97.88707,66,25.699597
Shape_Route_49,22.29791,-97.89119,67,26.18896
Shape_Route_49,22.2996,-97.89387,68,26.522476
Shape_Route_49,22.30127,-97.89614,69,26.820583
Shape_Route_49,22.30064,-97.89679,70,26.91727
Shape_Route_49,22.29806,-97.89903,71,27.284467
Shape_Route_49,22.29937,-97.90035,72,27.483276
Shape_Route_49,22.29994,-97.89968,73,27.576797
Shape_Route_49,22.2993,-97.899,74,27.676434
Shape_Route_49,22.29872,-97.89969,75,27.772225
Shape_Route_51,22.33503,-97.85731,1,0.0
Shape_Route_51,22.33276,-97.86384,2,0.717976
Shape_Route_51,22.34204,-97.86768,3,1.818851
Shape_Route_51,22.34167,-97.86865,4,1.926822
Shape_Route_51,22.33157,-97.86443,5,3.126485
Shape_Route_51,22.33025,-97.86815,6,3.536557
Shape_Route_51,22.33128,-97.86859,7,3.659263
Shape_Route_51,22.32964,-97.87324,8,4.17146
Shape_Route_51,22.3274,-97.87256,9,4.429148
Shape_Route_51,22.32646,-97.87216,10,4.541073
Shape_Route_51,22.32448,-97.8707,11,4.806902
Shape_Route_51,22.32367,-97.87007,12,4.917592
Shape_Route_51,22.32157,-97.86956,13,5.155942
Shape_Route_51,22.31702,-97.86845,14,5.67248
Shape_Route_51,22.30719,-97.86906,15,6.76256
Shape_Route_51,22.3071,-97.86376,16,7.308628
Shape_Route_51,22.30734,-97.86315,17,7.376853
Shape_Route_51,22.30625,-97.86266,18,7.507658
Shape_Route_51,22.30354,-97.86156,19,7.828366
Shape_Route_51,22.30497,-97.85761,20,8.264994
Shape_Route_51,22.29716,-97.8544,21,9.190713
Shape_Route_51,22.29252,-97.85246,22,9.741915
Shape_Route_51,22.28578,-97.84984,23,10.535418
Shape_Route_51,22.27471,-97.84531,24,11.846839
Shape_Route_51,22.27431,-97.84568,25,11.905273
Shape_Route_51,22.2551,-97.85304,26,14.163175
Shape_Route_51,22.25157,-97.85426,27,14.573702
Shape_Route_51,22.25059,-97.85492,28,14.701754
Shape_Route_51,22.24797,-97.85462,29,14.993453
Shape_Route_51,22.247,-97.8552,30,15.116355
Shape_Route_51,22.24327,-97.85537,31,15.529669
Shape_Route_51,22.24225,-97.85512,32,15.645493
Shape_Route_51,22.24078,-97.85402,33,15.843829
Shape_Route_51,22.23878,-97.85323,34,16.079742
Shape_Route_51,22.23804,-97.85261,35,16.18364
Shape_Route_51,22.23709,-97.84982,36,16.489824
Shape_Route_51,22.23492,-97.84879,37,16.752471
Shape_Route_51,22.2325,-97.8478,38,17.039159
Shape_Route_51,22.23073,-97.84666,39,17.267642
Shape_Route_51,22.22928,-97.84679,40,17.428727
Shape_Route_51,22.21206,-97.85604,41,19.560264
Shape_Route_51,22.2127,-97.85777,42,19.752159
Shape_Route_51,22.21218,-97.85799,43,19.814033
Shape_Route_51,22.2127,-97.85777,44,19.875907
Shape_Route_51,22.21242,-97.85694,45,19.966909
Shape_Route_51,22.21283,-97.85672,46,20.01765
Shape_Route_51,22.21244,-97.85582,47,20.11998
Shape_Route_51,22.21233,-97.8549,48,20.215596
Shape_Route_51,22.2168,-97.85241,49,20.773067
Shape_Route_51,22.21723,-97.8533,50,20.876424
Shape_Route_51,22.22928,-97.84679,51,22.369717
Shape_Route_51,22.23073,-97.84666,52,22.530803
Shape_Route_51,22.23234,-97.84776,53,22.742047
Shape_Route_51,22.23329,-97.84819,54,22.856177
Shape_Route_51,22.23492,-97.84879,55,23.046934
Shape_Route_51,22.23709,-97.84982,56,23.309581
Shape_Route_51,22.23804,-97.85261,57,23.615765
Shape_Route_51,22.23878,-97.85323,58,23.719664
Shape_Route_51,22.24078,-97.85402,59,23.955576
Shape_Route_51,22.24225,-97.85512,60,24.153912
Shape_Route_51,22.24327,-97.85537,61,24.269737
Shape_Route_51,22.247,-97.8552,62,24.68305
Shape_Route_51,22.24797,-97.85462,63,24.805953
Shape_Route_51,22.25059,-97.85492,64,25.097652
Shape_Route_51,22.25157,-97.85426,65,25.225704
Shape_Route_51,22.2551,-97.85304,66,25.636231
Shape_Route_51,22.27431,-97.84568,67,27.894133
Shape_Route_51,22.2745,-97.84563,68,27.915789
Shape_Route_51,22.28578,-97.84984,69,29.23778
Shape_Route_51,22.29219,-97.85295,70,30.016409
Shape_Route_51,22.29263,-97.85256,71,30.079554
Shape_Route_51,22.29716,-97.8544,72,30.615696
Shape_Route_51,22.30497,-97.85761,73,31.541415
Shape_Route_51,22.30354,-97.86156,74,31.978043
Shape_Route_51,22.30625,-97.86266,75,32.298751
Shape_Route_51,22.30734,-97.86315,76,32.429556
Shape_Route_51,22.3071,-97.86376,77,32.497781
Shape_Route_51,22.30719,-97.86906,78,33.043849
Shape_Route_51,22.31702,-97.86845,79,34.133929
Shape_Route_51,22.32157,-97.86956,80,34.650467
Shape_Route_51,22.32367,-97.87007,81,34.888817
Shape_Route_51,22.32448,-97.8707,82,34.999507
Shape_Route_51,22.32646,-97.87216,83,35.265336
Shape_Route_51,22.3274,-97.87256,84,35.377261
Shape_Route_51,22.32964,-97.87324,85,35.634949
Shape_Route_51,22.33128,-97.86859,86,36.147146
Shape_Route_51,22.33025,-97.86815,87,36.269852
Shape_Route_51,22.33157,-97.86443,88,36.679924
Shape_Route_51,22.34167,-97.86865,89,37.879587
Shape_Route_51,22.34204,-97.86768,90,37.987558
Shape_Route_51,22.33281,-97.86387,91,39.082157
Shape_Route_51,22.33513,-97.85737,92,39.799204
Shape_Route_52,22.32151,-97.85188,1,0.0
Shape_Route_52,22.32196,-97.8508,2,0.121891
Shape_Route_52,22.32391,-97.85175,3,0.358916
Shape_Route_52,22.32287,-97.85378,4,0.597616
Shape_Route_52,22.31484,-97.85004,5,1.566496
Shape_Route_52,22.31397,-97.85128,6,1.726472
Shape_Route_52,22.30624,-97.8487,7,2.622575
Shape_Route_52,22.30566,-97.84903,8,2.695231
Shape_Route_52,22.30501,-97.8488,9,2.770992
Shape_Route_52,22.30442,-97.84854,10,2.841589
Shape_Route_52,22.30353,-97.84818,11,2.946868
Shape_Route_52,22.30416,-97.8465,12,3.133463
Shape_Route_52,22.30348,-97.8462,13,3.214842
Shape_Route_52,22.30348,-97.846,14,3.235446
Shape_Route_52,22.30075,-97.84593,15,3.537769
Shape_Route_52,22.30084,-97.84442,16,3.693647
Shape_Route_52,22.30076,-97.84423,17,3.715132
Shape_Route_52,22.29761,-97.8445,18,4.064974
Shape_Route_52,22.29624,-97.84476,19,4.218993
Shape_Route_52,22.29618,-97.84541,20,4.286286
Shape_Route_52,22.29066,-97.84487,21,4.899929
Shape_Route_52,22.29085,-97.84262,22,5.132693
Shape_Route_52,22.28826,-97.84234,23,5.420877
Shape_Route_52,22.28498,-97.84368,24,5.809364
Shape_Route_52,22.28451,-97.84221,25,5.969509
Shape_Route_52,22.27725,-97.84506,26,6.82522
Shape_Route_52,22.277,-97.84431,27,6.907305
Shape_Route_52,22.27615,-97.84458,28,7.005434
Shape_Route_52,22.27556,-97.84515,29,7.093274
Shape_Route_52,22.2751,-97.84549,30,7.155086
Shape_Route_52,22.27464,-97.84527,31,7.21083
Shape_Route_52,22.27432,-97.84566,32,7.264401
Shape_Route_52,22.26735,-97.84832,33,8.083276
Shape_Route_52,22.25939,-97.85144,34,9.021335
Shape_Route_52,22.25489,-97.85312,35,9.548748
Shape_Route_52,22.25238,-97.85399,36,9.840732
Shape_Route_52,22.25135,-97.8544,37,9.962339
Shape_Route_52,22.25054,-97.8549,38,10.065763
Shape_Route_52,22.24807,-97.85462,39,10.340731
Shape_Route_52,22.24712,-97.85506,40,10.455263
Shape_Route_52,22.24423,-97.85532,41,10.77633
Shape_Route_52,22.24309,-97.85539,42,10.902743
Shape_Route_52,22.24213,-97.855,43,11.01637
Shape_Route_52,22.24067,-97.85397,44,11.209747
Shape_Route_52,22.23886,-97.85335,45,11.42007
Shape_Route_52,22.23819,-97.85284,46,11.510981
Shape_Route_52,22.23773,-97.85194,47,11.6168
Shape_Route_52,22.23713,-97.84984,48,11.843202
Shape_Route_52,22.23662,-97.84949,49,11.910204
Shape_Route_52,22.23474,-97.84872,50,12.132953
Shape_Route_52,22.23365,-97.84842,51,12.257523
Shape_Route_52,22.23157,-97.8473,52,12.515112
Shape_Route_52,22.23099,-97.84676,53,12.600088
Shape_Route_52,22.23012,-97.84659,54,12.697985
Shape_Route_52,22.22919,-97.8468,55,12.803194
Shape_Route_52,22.21248,-97.85585,56,14.875023
Shape_Route_52,22.21228,-97.85486,57,14.979451
Shape_Route_52,22.21683,-97.85239,58,15.543865
Shape_Route_52,22.21719,-97.85323,59,15.639185
Shape_Route_52,22.21683,-97.85239,60,15.734505
Shape_Route_52,22.21228,-97.85486,61,16.298919
Shape_Route_52,22.21248,-97.85585,62,16.403347
Shape_Route_52,22.22919,-97.8468,63,18.475176
Shape_Route_52,22.23012,-97.84659,64,18.580385
Shape_Route_52,22.23099,-97.84676,65,18.678282
Shape_Route_52,22.23157,-97.8473,66,18.763258
Shape_Route_52,22.23365,-97.84842,67,19.020846
Shape_Route_52,22.23474,-97.84872,68,19.145417
Shape_Route_52,22.23662,-97.84949,69,19.368166
Shape_Route_52,22.23713,-97.84984,70,19.435167
Shape_Route_52,22.23773,-97.85194,71,19.66157
Shape_Route_52,22.23819,-97.85284,72,19.767389
Shape_Route_52,22.23886,-97.85335,73,19.858299
Shape_Route_52,22.24067,-97.85397,74,20.068623
Shape_Route_52,22.24213,-97.855,75,20.262
Shape_Route_52,22.24309,-97.85539,76,20.375626
Shape_Route_52,22.24423,-97.85532,77,20.50204
Shape_Route_52,22.24712,-97.85506,78,20.823107
Shape_Route_52,22.24807,-97.85462,79,20.937639
Shape_Route_52,22.25054,-97.8549,80,21.212607
Shape_Route_52,22.25135,-97.8544,81,21.316031
Shape_Route_52,22.25238,-97.85399,82,21.437637
Shape_Route_52,22.25489,-97.85312,83,21.729622
Shape_Route_52,22.25939,-97.85144,84,22.257035
Shape_Route_52,22.26735,-97.84832,85,23.195093
Shape_Route_52,22.27432,-97.84566,86,24.013968
Shape_Route_52,22.27464,-97.84527,87,24.06754
Shape_Route_52,22.2751,-97.84549,88,24.123283
Shape_Route_52,22.2754,-97.84561,89,24.158723
Shape_Route_52,22.27565,-97.84571,90,24.188256
Shape_Route_52,22.27649,-97.84541,91,24.286255
Shape_Route_52,22.27725,-97.84506,92,24.377796
Shape_Route_52,22.28451,-97.84221,93,25.233507
Shape_Route_52,22.28498,-97.84368,94,25.393653
Shape_Route_52,22.28826,-97.84234,95,25.782139
Shape_Route_52,22.29085,-97.84262,96,26.070324
Shape_Route_52,22.29066,-97.84487,97,26.303087
Shape_Route_52,22.29618,-97.84541,98,26.91673
Shape_Route_52,22.29624,-97.84476,99,26.984024
Shape_Route_52,22.29761,-97.8445,100,27.138043
Shape_Route_52,22.30076,-97.84423,101,27.487885
Shape_Route_52,22.30084,-97.84442,102,27.509369
Shape_Route_52,22.30075,-97.84593,103,27.665248
Shape_Route_52,22.30348,-97.846,104,27.96757
Shape_Route_52,22.30348,-97.8462,105,27.988174
Shape_Route_52,22.30416,-97.8465,106,28.069553
Shape_Route_52,22.30353,-97.84818,107,28.256148
Shape_Route_52,22.30442,-97.84854,108,28.361428
Shape_Route_52,22.30501,-97.8488,109,28.432024
Shape_Route_52,22.30566,-97.84903,110,28.507786
Shape_Route_52,22.30624,-97.8487,111,28.580441
Shape_Route_52,22.31397,-97.85128,112,29.476544
Shape_Route_52,22.31484,-97.85004,113,29.636521
Shape_Route_52,22.32287,-97.85378,114,30.6054
Shape_Route_52,22.32391,-97.85175,115,30.844101
Shape_Route_52,22.322,-97.85084,116,31.075399
Shape_Route_52,22.32154,-97.8519,117,31.195877
Shape_Route_55,22.33587,-97.88145,1,0.0
Shape_Route_55,22.32971,-97.88123,2,0.682342
Shape_Route_55,22.32981,-97.87814,3,1.000796
Shape_Route_55,22.32947,-97.87443,4,1.384767
Shape_Route_55,22.31878,-97.87795,5,2.622535
Shape_Route_55,22.31322,-97.87975,6,3.265393
Shape_Route_55,22.30693,-97.88157,7,3.986546
Shape_Route_55,22.30552,-97.88181,8,4.14459
Shape_Route_55,22.30415,-97.88149,9,4.299801
Shape_Route_55,22.29118,-97.87331,10,5.964714
Shape_Route_55,22.28806,-97.87303,11,6.311327
Shape_Route_55,22.28532,-97.87402,12,6.631357
Shape_Route_55,22.28403,-97.87378,13,6.776296
Shape_Route_55,22.28221,-97.8728,14,7.001669
Shape_Route_55,22.27867,-97.87312,15,7.39496
Shape_Route_55,22.27325,-97.87462,16,8.014584
Shape_Route_55,22.27172,-97.87449,17,8.184496
Shape_Route_55,22.26968,-97.8737,18,8.424563
Shape_Route_55,22.26704,-97.87378,19,8.716948
Shape_Route_55,22.26525,-97.87464,20,8.934027
Shape_Route_55,22.25723,-97.87672,21,9.84741
Shape_Route_55,22.25294,-97.87589,22,10.329987
Shape_Route_55,22.24843,-97.87424,23,10.85744
Shape_Route_55,22.23977,-97.87005,24,11.908931
Shape_Route_55,22.22646,-97.86467,25,13.483333
Shape_Route_55,22.22373,-97.86354,26,13.807232
Shape_Route_55,22.22156,-97.86325,27,14.049321
Shape_Route_55,22.21722,-97.85329,28,15.182854
Shape_Route_55,22.21406,-97.855,29,15.57459
Shape_Route_55,22.21094,-97.8482,30,16.356044
Shape_Route_55,22.2104,-97.84848,31,16.42243
Shape_Route_55,22.21002,-97.84889,32,16.482063
Shape_Route_55,22.20984,-97.84974,33,16.571924
Shape_Route_55,22.20997,-97.85059,34,16.660721
Shape_Route_55,22.21038,-97.8516,35,16.774302
Shape_Route_55,22.2114,-97.85431,36,17.075622
Shape_Route_55,22.21162,-97.85428,37,17.100174
Shape_Route_55,22.21143,-97.85329,38,17.204373
Shape_Route_55,22.21109,-97.85239,39,17.304494
Shape_Route_55,22.21483,-97.85043,40,17.765209
Shape_Route_55,22.21644,-97.85378,41,18.15382
Shape_Route_55,22.21727,-97.85334,42,18.256291
Shape_Route_55,22.22165,-97.86327,43,19.388913
Shape_Route_55,22.22373,-97.86354,44,19.620861
Shape_Route_55,22.22646,-97.86467,45,19.94476
Shape_Route_55,22.23977,-97.87005,46,21.519162
Shape_Route_55,22.24843,-97.87424,47,22.570653
Shape_Route_55,22.25294,-97.87589,48,23.098106
Shape_Route_55,22.25723,-97.87672,49,23.580683
Shape_Route_55,22.26525,-97.87464,50,24.494066
Shape_Route_55,22.26704,-97.87378,51,24.711145
Shape_Route_55,22.26968,-97.8737,52,25.00353
Shape_Route_55,22.27172,-97.87449,53,25.243597
Shape_Route_55,22.27325,-97.87462,54,25.413509
Shape_Route_55,22.27867,-97.87312,55,26.033133
Shape_Route_55,22.28221,-97.8728,56,26.426424
Shape_Route_55,22.28403,-97.87378,57,26.651797
Shape_Route_55,22.28532,-97.87402,58,26.796736
Shape_Route_55,22.28806,-97.87303,59,27.116766
Shape_Route_55,22.29118,-97.87331,60,27.463379
Shape_Route_55,22.30415,-97.88149,61,29.128292
Shape_Route_55,22.30552,-97.88181,62,29.283503
Shape_Route_55,22.30693,-97.88157,63,29.441548
Shape_Route_55,22.31322,-97.87975,64,30.1627
Shape_Route_55,22.31878,-97.87795,65,30.805558
Shape_Route_55,22.32947,-97.87443,66,32.043326
Shape_Route_55,22.32981,-97.87814,67,32.427297
Shape_Route_55,22.32975,-97.88119,68,32.741509
Shape_Route_55,22.33575,-97.88157,69,33.406913
Shape_Route_53,22.41537,-97.94129,1,0.0
Shape_Route_53,22.40567,-97.93724,2,1.15195
Shape_Route_53,22.39718,-97.93805,3,2.09555
Shape_Route_53,22.39639,-97.93788,4,2.184743
Shape_Route_53,22.39603,-97.93728,5,2.258253
Shape_Route_53,22.39542,-97.93357,6,2.646112
Shape_Route_53,22.39349,-97.93153,7,2.94571
Shape_Route_53,22.39169,-97.92957,8,3.229305
Shape_Route_53,22.39048,-97.92402,9,3.816176
Shape_Route_53,22.39046,-97.92365,10,3.854332
Shape_Route_53,22.39015,-97.92285,11,3.943558
Shape_Route_53,22.38972,-97.9225,12,4.003262
Shape_Route_53,22.38906,-97.92213,13,4.085662
Shape_Route_53,22.38855,-97.92185,14,4.149057
Shape_Route_53,22.38722,-97.92013,15,4.379355
Shape_Route_53,22.38673,-97.91887,16,4.519963
Shape_Route_53,22.37762,-97.90964,17,5.905694
Shape_Route_53,22.37321,-97.90522,18,6.573134
Shape_Route_53,22.36829,-97.90007,19,7.333316
Shape_Route_53,22.35772,-97.89042,20,8.868489
Shape_Route_53,22.35405,-97.88707,21,9.401489
Shape_Route_53,22.35176,-97.88421,22,9.7901
Shape_Route_53,22.35083,-97.88269,23,9.977457
Shape_Route_53,22.34928,-97.87988,24,10.31389
Shape_Route_53,22.34638,-97.87687,25,10.760171
Shape_Route_53,22.34478,-97.87587,26,10.965067
Shape_Route_53,22.33749,-97.87387,27,11.798006
Shape_Route_53,22.33549,-97.87316,28,12.031186
Shape_Route_53,22.33215,-97.8737,29,12.405114
Shape_Route_53,22.31409,-97.87941,30,14.489222
Shape_Route_53,22.30873,-97.8811,31,15.107629
Shape_Route_53,22.30605,-97.88179,32,15.412722
Shape_Route_53,22.30474,-97.88164,33,15.558571
Shape_Route_53,22.29505,-97.87589,34,16.784015
Shape_Route_53,22.29124,-97.87336,35,17.279852
Shape_Route_53,22.28916,-97.87299,36,17.513259
Shape_Route_53,22.28771,-97.87303,37,17.673839
Shape_Route_53,22.2854,-97.87387,38,17.943822
Shape_Route_53,22.28403,-97.87383,39,18.095548
Shape_Route_53,22.28252,-97.87297,40,18.284749
Shape_Route_53,22.27873,-97.8731,41,18.704547
Shape_Route_53,22.275,-97.87413,42,19.130908
Shape_Route_53,22.2726,-97.87473,43,19.403705
Shape_Route_53,22.27008,-97.8737,44,19.702195
Shape_Route_53,22.2671,-97.87376,45,20.032163
Shape_Route_53,22.26517,-97.8746,46,20.262696
Shape_Route_53,22.25741,-97.87666,47,21.147627
Shape_Route_53,22.25375,-97.8761,48,21.556907
Shape_Route_53,22.24799,-97.87402,49,22.229647
Shape_Route_53,22.24444,-97.872,50,22.674391
Shape_Route_53,22.23947,-97.86999,51,23.262313
Shape_Route_53,22.23612,-97.86833,52,23.670745
Shape_Route_53,22.23014,-97.866,53,24.374989
Shape_Route_53,22.22358,-97.8635,54,25.145592
Shape_Route_53,22.2206,-97.86324,55,25.476588
Shape_Route_53,22.21941,-97.86267,56,25.620838
Shape_Route_53,22.21714,-97.85752,57,26.208178
Shape_Route_53,22.21478,-97.85882,58,26.50181
Shape_Route_53,22.21515,-97.85968,59,26.599467
Shape_Route_53,22.21837,-97.85797,60,26.997145
Shape_Route_53,22.2206,-97.86324,61,27.593838
Shape_Route_53,22.21837,-97.85797,62,28.190532
Shape_Route_53,22.21515,-97.85968,63,28.58821
Shape_Route_53,22.21478,-97.85882,64,28.685866
Shape_Route_53,22.21714,-97.85752,65,28.979499
Shape_Route_53,22.21941,-97.86267,66,29.566838
Shape_Route_53,22.2206,-97.86324,67,29.711089
Shape_Route_53,22.22358,-97.8635,68,30.042085
Shape_Route_53,22.23014,-97.866,69,30.812688
Shape_Route_53,22.23612,-97.86833,70,31.516932
Shape_Route_53,22.23947,-97.86999,71,31.925363
Shape_Route_53,22.24444,-97.872,72,32.513286
Shape_Route_53,22.24799,-97.87402,73,32.95803
Shape_Route_53,22.25375,-97.8761,74,33.63077
Shape_Route_53,22.25741,-97.87666,75,34.04005
Shape_Route_53,22.26517,-97.8746,76,34.924981
Shape_Route_53,22.2671,-97.87376,77,35.155514
Shape_Route_53,22.27008,-97.8737,78,35.485482
Shape_Route_53,22.2726,-97.87473,79,35.783972
Shape_Route_53,22.275,-97.87413,80,36.056769
Shape_Route_53,22.27873,-97.8731,81,36.48313
Shape_Route_53,22.28252,-97.87297,82,36.902928
Shape_Route_53,22.28403,-97.87383,83,37.092128
Shape_Route_53,22.2854,-97.87387,84,37.243855
Shape_Route_53,22.28771,-97.87303,85,37.513838
Shape_Route_53,22.28916,-97.87299,86,37.674418
Shape_Route_53,22.29124,-97.87336,87,37.907825
Shape_Route_53,22.29505,-97.87589,88,38.403661
Shape_Route_53,22.30474,-97.88164,89,39.629106
Shape_Route_53,22.30605,-97.88179,90,39.774954
Shape_Route_53,22.30873,-97.8811,91,40.080048
Shape_Route_53,22.31409,-97.87941,92,40.698455
Shape_Route_53,22.33215,-97.8737,93,42.782563
Shape_Route_53,22.33549,-97.87316,94,43.15649
Shape_Route_53,22.33749,-97.87387,95,43.389671
Shape_Route_53,22.34478,-97.87587,96,44.222609
Shape_Route_53,22.34638,-97.87687,97,44.427506
Shape_Route_53,22.34928,-97.87988,98,44.873787
Shape_Route_53,22.35083,-97.88269,99,45.21022
Shape_Route_53,22.35176,-97.88421,100,45.397577
Shape_Route_53,22.35405,-97.88707,101,45.786188
Shape_Route_53,22.35772,-97.89042,102,46.319188
Shape_Route_53,22.36829,-97.90007,103,47.85436
Shape_Route_53,22.37321,-97.90522,104,48.614543
Shape_Route_53,22.37762,-97.90964,105,49.281983
Shape_Route_53,22.38673,-97.91887,106,50.667713
Shape_Route_53,22.38722,-97.92013,107,50.808321
Shape_Route_53,22.38855,-97.92185,108,51.03862
Shape_Route_53,22.38906,-97.92213,109,51.102014
Shape_Route_53,22.38972,-97.9225,110,51.184415
Shape_Route_53,22.39015,-97.92285,111,51.244119
Shape_Route_53,22.39046,-97.92365,112,51.333345
Shape_Route_53,22.39048,-97.92402,113,51.371501
Shape_Route_53,22.39169,-97.92957,114,51.958372
Shape_Route_53,22.39349,-97.93153,115,52.241966
Shape_Route_53,22.39542,-97.93357,116,52.541565
Shape_Route_53,22.39603,-97.93728,117,52.929424
Shape_Route_53,22.39639,-97.93788,118,53.002934
Shape_Route_53,22.39718,-97.93805,119,53.092127
Shape_Route_53,22.40567,-97.93723,120,54.035819
Shape_Route_54,22.41542,-97.94125,1,0.0
Shape_Route_54,22.40778,-97.93802,2,0.90881
Shape_Route_54,22.40592,-97.93728,3,1.128365
Shape_Route_54,22.39721,-97.93806,4,2.095967
Shape_Route_54,22.39663,-97.93788,5,2.162798
Shape_Route_54,22.39611,-97.93739,6,2.23934
Shape_Route_54,22.39548,-97.93379,7,2.616455
Shape_Route_54,22.39505,-97.93306,8,2.705416
Shape_Route_54,22.39188,-97.92982,9,3.189586
Shape_Route_54,22.39145,-97.92889,10,3.296511
Shape_Route_54,22.39087,-97.92526,11,3.675699
Shape_Route_54,22.39055,-97.92417,12,3.793376
Shape_Route_54,22.39041,-97.92357,13,3.857061
Shape_Route_54,22.38999,-97.92274,14,3.954343
Shape_Route_54,22.38934,-97.92227,15,4.041059
Shape_Route_54,22.38872,-97.92198,16,4.11591
Shape_Route_54,22.38786,-97.92117,17,4.242476
Shape_Route_54,22.38713,-97.92014,18,4.375804
Shape_Route_54,22.38666,-97.91899,19,4.505131
Shape_Route_54,22.37595,-97.90797,20,6.14622
Shape_Route_54,22.37194,-97.90398,21,6.751086
Shape_Route_54,22.36817,-97.89981,22,7.349884
Shape_Route_54,22.35913,-97.89175,23,8.650052
Shape_Route_54,22.35194,-97.88475,24,9.723938
Shape_Route_54,22.34964,-97.88037,25,10.241908
Shape_Route_54,22.34551,-97.87612,26,10.874857
Shape_Route_54,22.33757,-97.87376,27,11.78687
Shape_Route_54,22.33543,-97.87312,28,12.032785
Shape_Route_54,22.31048,-97.88044,29,14.896023
Shape_Route_54,22.3105,-97.88215,30,15.072187
Shape_Route_54,22.30845,-97.88211,31,15.299176
Shape_Route_54,22.30863,-97.88089,32,15.426422
Shape_Route_54,22.30905,-97.87387,33,16.151066
Shape_Route_54,22.30875,-97.86894,34,16.660005
Shape_Route_54,22.31677,-97.86842,35,17.549504
Shape_Route_54,22.32364,-97.87007,36,18.328832
Shape_Route_54,22.32535,-97.87127,37,18.554921
Shape_Route_54,22.32632,-97.87216,38,18.696115
Shape_Route_54,22.32966,-97.87326,39,19.082851
Shape_Route_54,22.33115,-97.86898,40,19.553531
Shape_Route_54,22.3301,-97.86852,41,19.67906
Shape_Route_54,22.33191,-97.86349,42,20.234537
Shape_Route_54,22.3235,-97.85999,43,21.232956
Shape_Route_54,22.32318,-97.86095,44,21.337994
Shape_Route_54,22.32216,-97.86052,45,21.459292
Shape_Route_54,22.32172,-97.86035,46,21.511056
Shape_Route_54,22.32153,-97.86049,47,21.536559
Shape_Route_54,22.3214,-97.86076,48,21.567874
Shape_Route_54,22.313,-97.85792,49,22.542759
Shape_Route_54,22.31226,-97.86057,50,22.827765
Shape_Route_54,22.31386,-97.86133,51,23.021429
Shape_Route_54,22.315,-97.86182,52,23.157356
Shape_Route_54,22.31544,-97.86217,53,23.217959
Shape_Route_54,22.31563,-97.86259,54,23.266065
Shape_Route_54,22.31605,-97.86753,55,23.777045
Shape_Route_54,22.31587,-97.86808,56,23.837102
Shape_Route_54,22.31543,-97.8685,57,23.902252
Shape_Route_54,22.31587,-97.86808,58,23.967402
Shape_Route_54,22.31605,-97.86753,59,24.027459
Shape_Route_54,22.31563,-97.86259,60,24.538439
Shape_Route_54,22.31544,-97.86217,61,24.586545
Shape_Route_54,22.315,-97.86182,62,24.647148
Shape_Route_54,22.31386,-97.86133,63,24.783075
Shape_Route_54,22.31226,-97.86057,64,24.976739
Shape_Route_54,22.313,-97.85792,65,25.261745
Shape_Route_54,22.3214,-97.86076,66,26.23663
Shape_Route_54,22.32153,-97.86049,67,26.267945
Shape_Route_54,22.32172,-97.86035,68,26.293448
Shape_Route_54,22.32216,-97.86052,69,26.345211
Shape_Route_54,22.32318,-97.86095,70,26.46651
Shape_Route_54,22.3235,-97.85999,71,26.571548
Shape_Route_54,22.33191,-97.86349,72,27.569967
Shape_Route_54,22.3301,-97.86852,73,28.125444
Shape_Route_54,22.33115,-97.86898,74,28.250973
Shape_Route_54,22.32966,-97.87326,75,28.721653
Shape_Route_54,22.32632,-97.87216,76,29.108389
Shape_Route_54,22.32535,-97.87127,77,29.249583
Shape_Route_54,22.32364,-97.87007,78,29.475672
Shape_Route_54,22.31677,-97.86842,79,30.255
Shape_Route_54,22.31072,-97.86898,80,30.927268
Shape_Route_54,22.31101,-97.87527,81,31.576006
Shape_Route_54,22.31094,-97.8758,82,31.631149
Shape_Route_54,22.31095,-97.87647,83,31.700176
Shape_Route_54,22.31066,-97.88007,84,32.072404
Shape_Route_54,22.31048,-97.88044,85,32.115413
Shape_Route_54,22.33543,-97.87312,86,34.978651
Shape_Route_54,22.33757,-97.87376,87,35.224566
Shape_Route_54,22.34551,-97.87612,88,36.136579
Shape_Route_54,22.34964,-97.88037,89,36.769528
Shape_Route_54,22.35194,-97.88475,90,37.287498
Shape_Route_54,22.35913,-97.89175,91,38.361384
Shape_Route_54,22.36817,-97.89981,92,39.661552
Shape_Route_54,22.37194,-97.90398,93,40.260351
Shape_Route_54,22.37595,-97.90797,94,40.865216
Shape_Route_54,22.38666,-97.91899,95,42.506306
Shape_Route_54,22.38713,-97.92014,96,42.635632
Shape_Route_54,22.38786,-97.92117,97,42.76896
Shape_Route_54,22.38872,-97.92198,98,42.895526
Shape_Route_54,22.38934,-97.92227,99,42.970378
Shape_Route_54,22.38999,-97.92274,100,43.057093
Shape_Route_54,22.39041,-97.92357,101,43.154375
Shape_Route_54,22.39055,-97.92417,102,43.218061
Shape_Route_54,22.39087,-97.92526,103,43.335737
Shape_Route_54,22.39145,-97.92889,104,43.714925
Shape_Route_54,22.39188,-97.92982,105,43.82185
Shape_Route_54,22.39505,-97.93306,106,44.30602
Shape_Route_54,22.39548,-97.93379,107,44.394981
Shape_Route_54,22.39611,-97.93739,108,44.772096
Shape_Route_54,22.39663,-97.93788,109,44.848638
Shape_Route_54,22.39721,-97.93806,110,44.915469
Shape_Route_54,22.40592,-97.93728,111,45.883072
Shape_Route_54,22.40778,-97.93802,112,46.102626
Shape_Route_56,22.23843,-97.87378,1,0.0
Shape_Route_56,22.23787,-97.87344,2,0.071214
Shape_Route_56,22.23557,-97.87314,3,0.327712
Shape_Route_56,22.23489,-97.87264,4,0.418943
Shape_Route_56,22.23429,-97.87232,5,0.493105
Shape_Route_56,22.23367,-97.8722,6,0.562849
Shape_Route_56,22.23287,-97.87232,7,0.652274
Shape_Route_56,22.23242,-97.87273,8,0.717601
Shape_Route_56,22.23184,-97.87258,9,0.783647
Shape_Route_56,22.23143,-97.87219,10,0.844277
Shape_Route_56,22.23113,-97.87157,11,0.916296
Shape_Route_56,22.23053,-97.87075,12,1.023792
Shape_Route_56,22.22815,-97.86984,13,1.303473
Shape_Route_56,22.22768,-97.86818,14,1.48231
Shape_Route_56,22.2236,-97.86652,15,1.965319
Shape_Route_56,22.22388,-97.86593,16,2.033578
Shape_Route_56,22.22338,-97.86447,17,2.193926
Shape_Route_56,22.22353,-97.86345,18,2.300367
Shape_Route_56,22.22093,-97.8632,19,2.589358
Shape_Route_56,22.22047,-97.86318,20,2.640325
Shape_Route_56,22.21941,-97.86269,21,2.768084
Shape_Route_56,22.21714,-97.85758,22,3.351699
Shape_Route_56,22.21477,-97.85884,23,3.644465
Shape_Route_56,22.21517,-97.85964,24,3.738068
Shape_Route_56,22.21837,-97.85797,25,4.131943
Shape_Route_56,22.22063,-97.86318,26,4.724406
Shape_Route_56,22.21837,-97.85797,27,5.316869
Shape_Route_56,22.21517,-97.85964,28,5.710745
Shape_Route_56,22.21477,-97.85884,29,5.804348
Shape_Route_56,22.21714,-97.85758,30,6.097113
Shape_Route_56,22.21941,-97.86269,31,6.680729
Shape_Route_56,22.22047,-97.86318,32,6.808487
Shape_Route_56,22.22093,-97.8632,33,6.859455
Shape_Route_56,22.22353,-97.86345,34,7.148446
Shape_Route_56,22.22338,-97.86447,35,7.254887
Shape_Route_56,22.22388,-97.86593,36,7.415235
Shape_Route_56,22.2236,-97.86652,37,7.483494
Shape_Route_56,22.22768,-97.86818,38,7.966503
Shape_Route_56,22.22815,-97.86984,39,8.14534
Shape_Route_56,22.23053,-97.87075,40,8.42502
Shape_Route_56,22.23113,-97.87157,41,8.532517
Shape_Route_56,22.23143,-97.87219,42,8.604535
Shape_Route_56,22.23184,-97.87258,43,8.665166
Shape_Route_56,22.23242,-97.87273,44,8.731211
Shape_Route_56,22.23287,-97.87232,45,8.796539
Shape_Route_56,22.23367,-97.8722,46,8.885964
Shape_Route_56,22.23429,-97.87232,47,8.955708
Shape_Route_56,22.23489,-97.87264,48,9.02987
Shape_Route_56,22.23557,-97.87314,49,9.1211
Shape_Route_56,22.23787,-97.87344,50,9.377598
Shape_Route_58,22.30294,-97.86651,1,0.0
Shape_Route_58,22.30257,-97.86419,2,0.242486
Shape_Route_58,22.30272,-97.86408,3,0.26259
Shape_Route_58,22.30496,-97.85761,4,0.973749
Shape_Route_58,22.2925,-97.8525,5,2.450224
Shape_Route_58,22.29219,-97.85291,6,2.504649
Shape_Route_58,22.2806,-97.84818,7,3.877196
Shape_Route_58,22.26423,-97.84146,8,5.817278
Shape_Route_58,22.25985,-97.84316,9,6.332858
Shape_Route_58,22.2588,-97.8437,10,6.461735
Shape_Route_58,22.25099,-97.83604,11,7.632519
Shape_Route_58,22.25046,-97.83668,12,7.720797
Shape_Route_58,22.24978,-97.83736,13,7.823649
Shape_Route_58,22.2494,-97.83662,14,7.910745
Shape_Route_58,22.24992,-97.83609,15,7.990102
Shape_Route_58,22.25295,-97.8391,16,8.446993
Shape_Route_58,22.2533,-97.83865,17,8.507425
Shape_Route_58,22.25339,-97.83855,18,8.52176
Shape_Route_58,22.25343,-97.83847,19,8.531118
Shape_Route_58,22.2588,-97.8437,20,9.333566
Shape_Route_58,22.25985,-97.84316,21,9.462443
Shape_Route_58,22.26423,-97.84146,22,9.978022
Shape_Route_58,22.27933,-97.84731,23,11.755087
Shape_Route_58,22.29146,-97.85199,24,13.181932
Shape_Route_58,22.2925,-97.8525,25,13.308492
Shape_Route_58,22.30496,-97.85761,26,14.784966
Shape_Route_58,22.30261,-97.86425,27,15.516805
Shape_Route_58,22.30295,-97.86653,28,15.754682
Shape_Route_57,22.31784,-97.88248,1,0.0
Shape_Route_57,22.31782,-97.88565,2,0.326537
Shape_Route_57,22.31719,-97.88565,3,0.396283
Shape_Route_57,22.31457,-97.88675,4,0.707685
Shape_Route_57,22.31118,-97.88726,5,1.086645
Shape_Route_57,22.31111,-97.89051,6,1.42152
Shape_Route_57,22.30905,-97.89197,7,1.694704
Shape_Route_57,22.30636,-97.8935,8,2.031644
Shape_Route_57,22.306,-97.89363,9,2.073689
Shape_Route_57,22.30524,-97.89259,10,2.209913
Shape_Route_57,22.30129,-97.89614,11,2.779975
Shape_Route_57,22.29918,-97.89325,12,3.1584
Shape_Route_57,22.29995,-97.89283,13,3.253997
Shape_Route_57,22.30005,-97.89281,14,3.265258
Shape_Route_57,22.30039,-97.89205,15,3.352131
Shape_Route_57,22.30049,-97.89173,16,3.386906
Shape_Route_57,22.3023,-97.89054,17,3.621813
Shape_Route_57,22.30226,-97.8904,18,3.6369
Shape_Route_57,22.30254,-97.89024,19,3.672008
Shape_Route_57,22.30204,-97.88922,20,3.790774
Shape_Route_57,22.30347,-97.88896,21,3.951336
Shape_Route_57,22.30323,-97.88863,22,3.994483
Shape_Route_57,22.30196,-97.88617,23,4.284295
Shape_Route_57,22.29915,-97.8878,24,4.637812
Shape_Route_57,22.29807,-97.88977,25,4.873362
Shape_Route_57,22.29742,-97.88944,26,4.952949
Shape_Route_57,22.29717,-97.88989,27,5.006942
Shape_Route_57,22.29633,-97.88825,28,5.199799
Shape_Route_57,22.29546,-97.88642,29,5.411507
Shape_Route_57,22.29511,-97.88202,30,5.86646
Shape_Route_57,22.29445,-97.88024,31,6.063862
Shape_Route_57,22.29453,-97.87959,32,6.13141
Shape_Route_57,22.2963,-97.87653,33,6.502597
Shape_Route_57,22.29197,-97.87381,34,7.057862
Shape_Route_57,22.29104,-97.8733,35,7.173453
Shape_Route_57,22.28965,-97.87304,36,7.329651
Shape_Route_57,22.28887,-97.87294,37,7.416616
Shape_Route_57,22.28715,-97.87338,38,7.612356
Shape_Route_57,22.28543,-97.87392,39,7.810736
Shape_Route_57,22.28384,-97.87383,40,7.987006
Shape_Route_57,22.2826,-97.87303,41,8.147129
Shape_Route_57,22.28022,-97.87295,42,8.410743
Shape_Route_57,22.27774,-97.87329,43,8.687525
Shape_Route_57,22.27278,-97.87464,44,9.253982
Shape_Route_57,22.26948,-97.87366,45,9.633018
Shape_Route_57,22.26702,-97.87372,46,9.90543
Shape_Route_57,22.26457,-97.87494,47,10.204382
Shape_Route_57,22.25743,-97.87664,48,11.014015
Shape_Route_57,22.25498,-97.87653,49,11.285486
Shape_Route_57,22.24797,-97.87402,50,12.10352
Shape_Route_57,22.24333,-97.87155,51,12.676818
Shape_Route_57,22.23532,-97.86801,52,13.63571
Shape_Route_57,22.22642,-97.86458,53,14.682514
Shape_Route_57,22.2234,-97.86344,54,15.036899
Shape_Route_57,22.2215,-97.86321,55,15.248576
Shape_Route_57,22.21837,-97.85581,56,16.086375
Shape_Route_57,22.21916,-97.85541,57,16.183067
Shape_Route_57,22.21996,-97.8572,58,16.387733
Shape_Route_57,22.22264,-97.86336,59,17.08859
Shape_Route_57,22.2234,-97.86344,60,17.173131
Shape_Route_57,22.22642,-97.86458,61,17.527516
Shape_Route_57,22.23532,-97.86801,62,18.57432
Shape_Route_57,22.24333,-97.87155,63,19.533212
Shape_Route_57,22.24797,-97.87402,64,20.10651
Shape_Route_57,22.25498,-97.87653,65,20.924544
Shape_Route_57,22.25743,-97.87664,66,21.196015
Shape_Route_57,22.26457,-97.87494,67,22.005649
Shape_Route_57,22.26702,-97.87372,68,22.304601
Shape_Route_57,22.26948,-97.87366,69,22.577013
Shape_Route_57,22.27278,-97.87464,70,22.956048
Shape_Route_57,22.27774,-97.87329,71,23.522505
Shape_Route_57,22.28022,-97.87295,72,23.799287
Shape_Route_57,22.2826,-97.87303,73,24.062901
Shape_Route_57,22.28384,-97.87383,74,24.223024
Shape_Route_57,22.28543,-97.87392,75,24.399294
Shape_Route_57,22.28715,-97.87338,76,24.597674
Shape_Route_57,22.28887,-97.87294,77,24.793414
Shape_Route_57,22.28965,-97.87304,78,24.880379
Shape_Route_57,22.29104,-97.8733,79,25.036578
Shape_Route_57,22.29197,-97.87381,80,25.152169
Shape_Route_57,22.2963,-97.87653,81,25.707433
Shape_Route_57,22.29453,-97.87959,82,26.07862
Shape_Route_57,22.29445,-97.88024,83,26.146169
Shape_Route_57,22.29511,-97.88202,84,26.34357
Shape_Route_57,22.29546,-97.88642,85,26.798523
Shape_Route_57,22.29633,-97.88825,86,27.010231
Shape_Route_57,22.29717,-97.88989,87,27.203088
Shape_Route_57,22.29742,-97.88944,88,27.257081
Shape_Route_57,22.29807,-97.88977,89,27.336668
Shape_Route_57,22.29915,-97.8878,90,27.572219
Shape_Route_57,22.30196,-97.88617,91,27.925735
Shape_Route_57,22.30323,-97.88863,92,28.215547
Shape_Route_57,22.30347,-97.88896,93,28.258694
Shape_Route_57,22.30204,-97.88922,94,28.419256
Shape_Route_57,22.30254,-97.89024,95,28.538022
Shape_Route_57,22.30226,-97.8904,96,28.57313
Shape_Route_57,22.3023,-97.89054,97,28.588217
Shape_Route_57,22.30049,-97.89173,98,28.823124
Shape_Route_57,22.30039,-97.89205,99,28.857899
Shape_Route_57,22.30005,-97.89281,100,28.944772
Shape_Route_57,22.29995,-97.89283,101,28.956033
Shape_Route_57,22.29918,-97.89325,102,29.05163
Shape_Route_57,22.30129,-97.89614,103,29.430055
Shape_Route_57,22.30524,-97.89259,104,30.000117
Shape_Route_57,22.306,-97.89363,105,30.136341
Shape_Route_57,22.30636,-97.8935,106,30.178386
Shape_Route_57,22.30905,-97.89197,107,30.515326
Shape_Route_57,22.31111,-97.89051,108,30.788511
Shape_Route_57,22.31118,-97.88726,109,31.123386
Shape_Route_57,22.31457,-97.88675,110,31.502345
Shape_Route_57,22.31719,-97.88565,111,31.813747
Shape_Route_57,22.31736,-97.8847,112,31.913397
Shape_Route_57,22.31739,-97.88426,113,31.958841
Shape_Route_57,22.31781,-97.88423,114,32.005441
Shape_Route_59,22.24762,-97.8727,1,0.0
Shape_Route_59,22.24809,-97.87185,2,0.101887
Shape_Route_59,22.24736,-97.87145,3,0.19261
Shape_Route_59,22.2494,-97.86721,4,0.684487
Shape_Route_59,22.24993,-97.86597,5,0.825104
Shape_Route_59,22.25062,-97.86357,6,1.083966
Shape_Route_59,22.25355,-97.85357,7,2.164361
Shape_Route_59,22.25409,-97.85168,8,2.368101
Shape_Route_59,22.24485,-97.83523,9,4.348114
Shape_Route_59,22.24626,-97.83433,10,4.529692
Shape_Route_59,22.24694,-97.83553,11,4.674475
Shape_Route_59,22.25461,-97.85003,12,6.393202
Shape_Route_59,22.25355,-97.85357,13,6.776422
Shape_Route_59,22.25062,-97.86357,14,7.856817
Shape_Route_59,22.24993,-97.86597,15,8.11568
Shape_Route_59,22.24696,-97.87233,16,8.848973
Shape_Route_59,22.24762,-97.87269,17,8.93092
Shape_Route_60,22.25862,-97.87522,1,0.0
Shape_Route_60,22.2595,-97.87606,2,0.130323
Shape_Route_60,22.26075,-97.87565,3,0.275014
Shape_Route_60,22.26043,-97.87432,4,0.416573
Shape_Route_60,22.2591,-97.87461,5,0.566816
Shape_Route_60,22.25854,-97.87516,6,0.650816
Shape_Route_60,22.25725,-97.87396,7,0.839727
Shape_Route_60,22.25618,-97.87357,8,0.964816
Shape_Route_60,22.25522,-97.8736,9,1.071141
Shape_Route_60,22.25523,-97.86465,10,1.993461
Shape_Route_60,22.25728,-97.86387,11,2.234226
Shape_Route_60,22.26026,-97.86207,12,2.612707
Shape_Route_60,22.26219,-97.8612,13,2.84442
Shape_Route_60,22.26337,-97.86049,14,2.994149
Shape_Route_60,22.2632,-97.86012,15,3.036668
Shape_Route_60,22.26274,-97.85934,16,3.13182
Shape_Route_60,22.26248,-97.85873,17,3.200956
Shape_Route_60,22.26215,-97.85767,18,3.316134
Shape_Route_60,22.26217,-97.85677,19,3.408903
Shape_Route_60,22.26173,-97.85563,20,3.536077
Shape_Route_60,22.26129,-97.85415,21,3.696179
Shape_Route_60,22.25721,-97.8557,22,4.175279
Shape_Route_60,22.25723,-97.85488,23,4.259811
Shape_Route_60,22.25463,-97.85002,24,4.837468
Shape_Route_60,22.25406,-97.85165,25,5.016908
Shape_Route_60,22.25027,-97.84526,26,5.797744
Shape_Route_60,22.24485,-97.83521,27,6.994746
Shape_Route_60,22.24628,-97.83435,28,7.176181
Shape_Route_60,22.24746,-97.83656,29,7.438748
Shape_Route_60,22.25171,-97.84432,30,8.366618
Shape_Route_60,22.25316,-97.84703,31,8.688746
Shape_Route_60,22.25463,-97.85002,32,9.037214
Shape_Route_60,22.25603,-97.85263,33,9.347643
Shape_Route_60,22.25684,-97.8541,34,9.523682
Shape_Route_60,22.26078,-97.85262,35,9.985768
Shape_Route_60,22.26173,-97.85563,36,10.31329
Shape_Route_60,22.26217,-97.85677,37,10.440464
Shape_Route_60,22.26215,-97.85767,38,10.533233
Shape_Route_60,22.26248,-97.85873,39,10.648411
Shape_Route_60,22.26274,-97.85934,40,10.717547
Shape_Route_60,22.2632,-97.86012,41,10.812699
Shape_Route_60,22.26337,-97.86049,42,10.855218
Shape_Route_60,22.26219,-97.8612,43,11.004947
Shape_Route_60,22.26026,-97.86207,44,11.23666
Shape_Route_60,22.25728,-97.86387,45,11.615141
Shape_Route_60,22.25523,-97.86465,46,11.855906
Shape_Route_60,22.25522,-97.8736,47,12.778226
Shape_Route_60,22.25618,-97.87357,48,12.884551
Shape_Route_60,22.25725,-97.87396,49,13.00964
Shape_Route_60,22.25864,-97.87523,50,13.211651
Shape_Route_60,22.2591,-97.87461,51,13.293354
Shape_Route_60,22.26043,-97.87432,52,13.443598
Shape_Route_60,22.26075,-97.87565,53,13.585157
Shape_Route_60,22.25951,-97.87609,54,13.729728
Shape_Route_60,22.25865,-97.87523,55,13.8598
Shape_Route_64,22.26404,-97.78687,1,0.0
Shape_Route_64,22.26272,-97.79573,2,0.924635
Shape_Route_64,22.26346,-97.79589,3,1.008203
Shape_Route_64,22.26318,-97.79898,4,1.328129
Shape_Route_64,22.25857,-97.80813,5,2.400306
Shape_Route_64,22.25329,-97.81862,6,3.62926
Shape_Route_64,22.25318,-97.81913,7,3.683211
Shape_Route_64,22.2535,-97.81978,8,3.758988
Shape_Route_64,22.25533,-97.82157,9,4.032985
Shape_Route_64,22.24563,-97.83309,10,5.633832
Shape_Route_64,22.24671,-97.83509,11,5.87212
Shape_Route_64,22.24456,-97.83641,12,6.146278
Shape_Route_64,22.24493,-97.83719,13,6.2365
Shape_Route_64,22.24639,-97.83633,14,6.420841
Shape_Route_64,22.246,-97.83561,15,6.506692
Shape_Route_64,22.24445,-97.83308,16,6.818835
Shape_Route_64,22.24497,-97.83246,17,6.904842
Shape_Route_64,22.24598,-97.83129,18,7.069288
Shape_Route_64,22.25391,-97.82194,19,8.372843
Shape_Route_64,22.25337,-97.81983,20,8.598358
Shape_Route_64,22.25318,-97.81913,21,8.673501
Shape_Route_64,22.25329,-97.81862,22,8.727452
Shape_Route_64,22.25857,-97.80813,23,9.956406
Shape_Route_64,22.26318,-97.79898,24,11.028583
Shape_Route_64,22.26346,-97.79589,25,11.348509
Shape_Route_64,22.26273,-97.79579,26,11.429982
Shape_Route_64,22.2641,-97.7869,27,12.358557
Shape_Route_63,22.27737,-97.8891,1,0.0
Shape_Route_63,22.2773,-97.88733,2,0.182538
Shape_Route_63,22.27823,-97.88505,3,0.43903
Shape_Route_63,22.27892,-97.88409,4,0.564006
Shape_Route_63,22.27903,-97.88361,5,0.61494
Shape_Route_63,22.27894,-97.88218,6,0.762616
Shape_Route_63,22.27898,-97.88113,7,0.870893
Shape_Route_63,22.27846,-97.88006,8,0.995265
Shape_Route_63,22.27657,-97.87787,9,1.302995
Shape_Route_63,22.27548,-97.87396,10,1.723554
Shape_Route_63,22.27296,-97.87466,11,2.011711
Shape_Route_63,22.27106,-97.87413,12,2.22903
Shape_Route_63,22.26957,-97.87375,13,2.398569
Shape_Route_63,22.26702,-97.87382,14,2.680966
Shape_Route_63,22.26534,-97.87456,15,2.88198
Shape_Route_63,22.25951,-97.87616,16,3.548133
Shape_Route_63,22.25728,-97.87661,17,3.799329
Shape_Route_63,22.25516,-97.87642,18,4.034845
Shape_Route_63,22.25325,-97.87592,19,4.252484
Shape_Route_63,22.24803,-97.874,20,4.863314
Shape_Route_63,22.24652,-97.87306,21,5.056524
Shape_Route_63,22.24823,-97.86962,22,5.458423
Shape_Route_63,22.24936,-97.8672,23,5.737438
Shape_Route_63,22.25,-97.86574,24,5.903749
Shape_Route_63,22.25063,-97.86338,25,6.156764
Shape_Route_63,22.25212,-97.85814,26,6.721407
Shape_Route_63,22.2466,-97.85758,27,7.335236
Shape_Route_63,22.24642,-97.85739,28,7.363174
Shape_Route_63,22.24533,-97.85525,29,7.614576
Shape_Route_63,22.24743,-97.85505,30,7.847976
Shape_Route_63,22.24816,-97.85459,31,7.941671
Shape_Route_63,22.25054,-97.8549,32,8.207087
Shape_Route_63,22.25181,-97.85418,33,8.366065
Shape_Route_63,22.25353,-97.85366,34,8.56388
Shape_Route_63,22.25228,-97.85819,35,9.050796
Shape_Route_63,22.25063,-97.86338,36,9.615987
Shape_Route_63,22.25,-97.86574,37,9.869003
Shape_Route_63,22.24936,-97.8672,38,10.035313
Shape_Route_63,22.24823,-97.86962,39,10.314328
Shape_Route_63,22.24652,-97.87306,40,10.716227
Shape_Route_63,22.24803,-97.874,41,10.909437
Shape_Route_63,22.25325,-97.87592,42,11.520267
Shape_Route_63,22.25516,-97.87642,43,11.737907
Shape_Route_63,22.25728,-97.87661,44,11.973422
Shape_Route_63,22.25951,-97.87616,45,12.224618
Shape_Route_63,22.26534,-97.87456,46,12.890771
Shape_Route_63,22.26702,-97.87382,47,13.091785
Shape_Route_63,22.26957,-97.87375,48,13.374183
Shape_Route_63,22.27106,-97.87413,49,13.543721
Shape_Route_63,22.27296,-97.87466,50,13.76104
Shape_Route_63,22.27548,-97.87396,51,14.049198
Shape_Route_63,22.27657,-97.87787,52,14.469756
Shape_Route_63,22.27846,-97.88006,53,14.777486
Shape_Route_63,22.27898,-97.88113,54,14.901859
Shape_Route_63,22.27894,-97.88218,55,15.010136
Shape_Route_63,22.27903,-97.88361,56,15.157812
Shape_Route_63,22.27892,-97.88409,57,15.208746
Shape_Route_63,22.27823,-97.88505,58,15.333722
Shape_Route_63,22.27742,-97.8868,59,15.535101
Shape_Route_63,22.27737,-97.88913,60,15.775238
Shape_Route_61,22.24977,-97.83735,1,0.0
Shape_Route_61,22.25019,-97.83808,2,0.088441
Shape_Route_61,22.23971,-97.8448,3,1.439656
Shape_Route_61,22.24025,-97.84555,4,1.537375
Shape_Route_61,22.24061,-97.8464,5,1.633619
Shape_Route_61,22.23915,-97.84722,6,1.816014
Shape_Route_61,22.23609,-97.84822,7,2.170114
Shape_Route_61,22.23554,-97.8465,8,2.357555
Shape_Route_61,22.2343,-97.84699,9,2.503829
Shape_Route_61,22.23349,-97.84425,10,2.800132
Shape_Route_61,22.22762,-97.8464,11,3.486736
Shape_Route_61,22.21695,-97.85043,12,4.738905
Shape_Route_61,22.21522,-97.85122,13,4.947023
Shape_Route_61,22.21563,-97.85211,14,5.049381
Shape_Route_61,22.21251,-97.85375,15,5.433942
Shape_Route_61,22.21252,-97.85377,16,5.436282
Shape_Route_61,22.21293,-97.85459,17,5.532227
Shape_Route_61,22.21368,-97.85423,18,5.623174
Shape_Route_61,22.21292,-97.85251,19,5.819428
Shape_Route_61,22.21695,-97.85043,20,6.314428
Shape_Route_61,22.22762,-97.8464,21,7.566597
Shape_Route_61,22.23349,-97.84425,22,8.253201
Shape_Route_61,22.2343,-97.84699,23,8.549504
Shape_Route_61,22.23554,-97.8465,24,8.695778
Shape_Route_61,22.23609,-97.84822,25,8.883219
Shape_Route_61,22.23915,-97.84722,26,9.237319
Shape_Route_61,22.24061,-97.8464,27,9.419714
Shape_Route_61,22.24025,-97.84555,28,9.515958
Shape_Route_61,22.23971,-97.8448,29,9.613677
Shape_Route_61,22.24321,-97.84266,30,10.059531
Shape_Route_61,22.24356,-97.84328,31,10.13426
Shape_Route_61,22.24849,-97.8402,32,10.765647
Shape_Route_61,22.24763,-97.83868,33,10.948961
Shape_Route_61,22.24981,-97.83732,34,11.228053
Shape_Route_61,22.25021,-97.8381,35,11.319828
Shape_Route_62,22.24986,-97.83605,1,0.0
Shape_Route_62,22.25292,-97.83907,2,0.460031
Shape_Route_62,22.2521,-97.84001,3,0.592792
Shape_Route_62,22.24999,-97.84131,4,0.86208
Shape_Route_62,22.25087,-97.84284,5,1.047426
Shape_Route_62,22.24443,-97.84678,6,1.867911
Shape_Route_62,22.24505,-97.84799,7,2.010257
Shape_Route_62,22.2446,-97.84712,8,2.112831
Shape_Route_62,22.24192,-97.84877,9,2.454807
Shape_Route_62,22.2393,-97.85012,10,2.776508
Shape_Route_62,22.23751,-97.85103,11,2.99575
Shape_Route_62,22.23706,-97.84982,12,3.130043
Shape_Route_62,22.23502,-97.84885,13,3.377027
Shape_Route_62,22.23342,-97.84833,14,3.562091
Shape_Route_62,22.23201,-97.84753,15,3.738629
Shape_Route_62,22.23105,-97.84681,16,3.868254
Shape_Route_62,22.22981,-97.84662,17,4.006923
Shape_Route_62,22.21835,-97.85263,18,5.418802
Shape_Route_62,22.21722,-97.85332,19,5.562708
Shape_Route_62,22.21723,-97.85331,20,5.564221
Shape_Route_62,22.21246,-97.85587,21,6.154563
Shape_Route_62,22.21226,-97.85495,22,6.25195
Shape_Route_62,22.21295,-97.85449,23,6.34186
Shape_Route_62,22.21677,-97.8525,24,6.81189
Shape_Route_62,22.21723,-97.85331,25,6.90969
Shape_Route_62,22.22981,-97.84662,26,8.463769
Shape_Route_62,22.23105,-97.84681,27,8.602437
Shape_Route_62,22.23201,-97.84753,28,8.732062
Shape_Route_62,22.23342,-97.84833,29,8.908601
Shape_Route_62,22.23502,-97.84885,30,9.093665
Shape_Route_62,22.23706,-97.84982,31,9.340649
Shape_Route_62,22.23751,-97.85103,32,9.474941
Shape_Route_62,22.2393,-97.85012,33,9.694183
Shape_Route_62,22.24192,-97.84877,34,10.015884
Shape_Route_62,22.2446,-97.84712,35,10.357861
Shape_Route_62,22.24505,-97.84799,36,10.460434
Shape_Route_62,22.24443,-97.84678,37,10.60278
Shape_Route_62,22.24943,-97.84373,38,11.239344
Shape_Route_62,22.24864,-97.84223,39,11.416957
Shape_Route_62,22.24999,-97.84131,40,11.593951
Shape_Route_62,22.2521,-97.84001,41,11.863239
Shape_Route_62,22.25293,-97.83915,42,11.990904
Shape_Route_62,22.24988,-97.83616,43,12.448031
Shape_Route_65,22.2134,-97.85795,1,0.0
Shape_Route_65,22.21284,-97.85669,2,0.143923
Shape_Route_65,22.2168,-97.85458,3,0.633316
Shape_Route_65,22.22062,-97.86322,4,1.61923
Shape_Route_65,22.22101,-97.86329,5,1.663005
Shape_Route_65,22.2235,-97.86342,6,1.938993
Shape_Route_65,22.22666,-97.86475,7,2.314731
Shape_Route_65,22.24477,-97.87216,8,4.460184
Shape_Route_65,22.24708,-97.87344,9,4.747938
Shape_Route_65,22.24946,-97.87473,10,5.043062
Shape_Route_65,22.2552,-97.87645,11,5.702783
Shape_Route_65,22.25524,-97.87359,12,5.997545
Shape_Route_65,22.25619,-97.87358,13,6.102723
Shape_Route_65,22.25723,-97.87399,14,6.225367
Shape_Route_65,22.25725,-97.87666,15,6.500521
Shape_Route_65,22.2552,-97.87645,16,6.728501
Shape_Route_65,22.24946,-97.87473,17,7.388222
Shape_Route_65,22.24708,-97.87344,18,7.683346
Shape_Route_65,22.24477,-97.87216,19,7.9711
Shape_Route_65,22.22666,-97.86475,20,10.116553
Shape_Route_65,22.2235,-97.86342,21,10.492291
Shape_Route_65,22.22101,-97.86329,22,10.768279
Shape_Route_65,22.21949,-97.86278,23,10.944575
Shape_Route_65,22.21717,-97.85754,24,11.542669
Shape_Route_65,22.21399,-97.8593,25,11.938718
Shape_Route_65,22.21284,-97.85669,26,12.236368
Shape_Route_66,22.27616,-97.83785,1,0.0
Shape_Route_66,22.2679,-97.83514,2,0.956144
Shape_Route_66,22.26221,-97.83334,3,1.61282
Shape_Route_66,22.26087,-97.835,4,1.839248
Shape_Route_66,22.25843,-97.8326,5,2.205497
Shape_Route_66,22.25447,-97.8373,6,2.858792
Shape_Route_66,22.24948,-97.8352,7,3.452108
Shape_Route_66,22.24858,-97.83483,8,3.558793
Shape_Route_66,22.24819,-97.83468,9,3.604654
Shape_Route_66,22.24667,-97.83411,10,3.78289
Shape_Route_66,22.24487,-97.83524,11,4.013701
Shape_Route_66,22.24604,-97.83747,12,4.277514
Shape_Route_66,22.24948,-97.8352,13,4.724468
Shape_Route_66,22.25447,-97.8373,14,5.317785
Shape_Route_66,22.25843,-97.8326,15,5.97108
Shape_Route_66,22.26087,-97.835,16,6.337328
Shape_Route_66,22.26181,-97.83394,17,6.488197
Shape_Route_66,22.27605,-97.83855,18,8.134711
Shape_Route_67,22.25045,-97.85804,1,0.0
Shape_Route_67,22.24652,-97.85752,2,0.438372
Shape_Route_67,22.24533,-97.8552,3,0.711363
Shape_Route_67,22.24708,-97.8551,4,0.905376
Shape_Route_67,22.24817,-97.85458,5,1.037413
Shape_Route_67,22.2503,-97.85484,6,1.274739
Shape_Route_67,22.24976,-97.85385,7,1.39299
Shape_Route_67,22.24809,-97.85363,8,1.579258
Shape_Route_67,22.24653,-97.85063,9,1.933401
Shape_Route_67,22.24721,-97.85021,10,2.02024
Shape_Route_67,22.24388,-97.84402,11,2.757044
Shape_Route_67,22.24535,-97.84318,12,2.941379
Shape_Route_67,22.24747,-97.84182,13,3.214748
Shape_Route_67,22.24819,-97.8414,14,3.305452
Shape_Route_67,22.24733,-97.83988,15,3.488766
Shape_Route_67,22.2481,-97.83944,16,3.585322
Shape_Route_67,22.24723,-97.83794,17,3.767461
Shape_Route_67,22.24444,-97.83972,18,4.126708
Shape_Route_67,22.24601,-97.84276,19,4.484996
Shape_Route_67,22.24535,-97.84318,20,4.569923
Shape_Route_67,22.24388,-97.84402,21,4.754258
Shape_Route_67,22.24721,-97.85021,22,5.491062
Shape_Route_67,22.24653,-97.85063,23,5.577901
Shape_Route_67,22.24809,-97.85363,24,5.932043
Shape_Route_67,22.24976,-97.85385,25,6.118311
Shape_Route_67,22.2503,-97.85484,26,6.236562
Shape_Route_67,22.24817,-97.85458,27,6.473889
Shape_Route_67,22.24708,-97.8551,28,6.605925
Shape_Route_67,22.24536,-97.85525,29,6.79697
Shape_Route_67,22.24655,-97.85751,30,7.064562
Shape_Route_67,22.25043,-97.8581,31,7.498393
Shape_Route_68,22.2109,-97.85025,1,0.0
Shape_Route_68,22.2121,-97.85285,2,0.299139
Shape_Route_68,22.21188,-97.85304,3,0.330393
Shape_Route_68,22.21231,-97.8549,4,0.527951
Shape_Route_68,22.21249,-97.85588,5,0.630921
Shape_Route_68,22.21321,-97.85754,6,0.819694
Shape_Route_68,22.21719,-97.85541,7,1.311987
Shape_Route_68,22.21524,-97.85122,8,1.794845
Shape_Route_68,22.21369,-97.85203,9,1.985678
Shape_Route_68,22.21294,-97.85033,10,2.179596
Shape_Route_68,22.21949,-97.84699,11,2.982318
Shape_Route_68,22.22268,-97.84539,12,3.37209
Shape_Route_68,22.23204,-97.84053,13,4.523052
Shape_Route_68,22.2327,-97.84026,14,4.60124
Shape_Route_68,22.23339,-97.83986,15,4.688045
Shape_Route_68,22.23354,-97.84029,16,4.735373
Shape_Route_68,22.23469,-97.84379,17,5.117921
Shape_Route_68,22.23775,-97.84269,18,5.475157
Shape_Route_68,22.23848,-97.84226,19,5.567329
Shape_Route_68,22.24041,-97.84098,20,5.818441
Shape_Route_68,22.24748,-97.83663,21,6.720454
Shape_Route_68,22.2463,-97.83435,22,6.989302
Shape_Route_68,22.2456,-97.83482,23,7.080692
Shape_Route_68,22.24673,-97.83702,24,7.339647
Shape_Route_68,22.24041,-97.84098,25,8.149658
Shape_Route_68,22.23848,-97.84226,26,8.400771
Shape_Route_68,22.23775,-97.84269,27,8.492942
Shape_Route_68,22.23529,-97.84361,28,8.78132
Shape_Route_68,22.23442,-97.84084,29,9.082628
Shape_Route_68,22.23383,-97.84106,30,9.15177
Shape_Route_68,22.23339,-97.83986,31,9.2847
Shape_Route_68,22.2327,-97.84026,32,9.371504
Shape_Route_68,22.23204,-97.84053,33,9.449692
Shape_Route_68,22.2274,-97.84298,34,10.022095
Shape_Route_68,22.22699,-97.84201,35,10.131897
Shape_Route_68,22.22225,-97.84443,36,10.712925
Shape_Route_68,22.21914,-97.84605,37,11.095585
Shape_Route_68,22.21497,-97.84826,38,11.610387
Shape_Route_68,22.2146,-97.84737,39,11.71086
Shape_Route_68,22.21306,-97.84821,40,11.902079
Shape_Route_68,22.21335,-97.84904,41,11.993464
Shape_Route_68,22.21095,-97.85031,42,12.289666
Shape_Route_68,22.2121,-97.8528,43,12.576187
Shape_Route_68,22.21188,-97.85304,44,12.610904
Shape_Route_69,22.24888,-97.83447,1,0.0
Shape_Route_69,22.25024,-97.83287,2,0.223292
Shape_Route_69,22.25332,-97.83598,3,0.691259
Shape_Route_69,22.25446,-97.83708,4,0.860902
Shape_Route_69,22.25457,-97.83716,5,0.875608
Shape_Route_69,22.25899,-97.83194,6,1.602809
Shape_Route_69,22.26031,-97.83035,7,1.82236
Shape_Route_69,22.26089,-97.82952,8,1.929312
Shape_Route_69,22.26144,-97.82894,9,2.014634
Shape_Route_69,22.2653,-97.82448,10,2.642204
Shape_Route_69,22.27204,-97.83099,11,3.64559
Shape_Route_69,22.2725,-97.83046,12,3.720262
Shape_Route_69,22.27295,-97.82994,13,3.793425
Shape_Route_69,22.27528,-97.82724,14,4.172819
Shape_Route_69,22.27777,-97.82968,15,4.545915
Shape_Route_69,22.27837,-97.82793,16,4.738076
Shape_Route_69,22.28061,-97.82896,17,5.00782
Shape_Route_69,22.28406,-97.83042,18,5.418324
Shape_Route_69,22.28061,-97.82896,19,5.828828
Shape_Route_69,22.27837,-97.82793,20,6.098572
Shape_Route_69,22.27777,-97.82968,21,6.290733
Shape_Route_69,22.27528,-97.82724,22,6.663829
Shape_Route_69,22.27295,-97.82994,23,7.043223
Shape_Route_69,22.2725,-97.83046,24,7.116386
Shape_Route_69,22.27204,-97.83099,25,7.191058
Shape_Route_69,22.2653,-97.82448,26,8.194444
Shape_Route_69,22.26144,-97.82894,27,8.822014
Shape_Route_69,22.26089,-97.82952,28,8.907336
Shape_Route_69,22.26031,-97.83035,29,9.014288
Shape_Route_69,22.25899,-97.83194,30,9.233839
Shape_Route_69,22.25457,-97.83716,31,9.96104
Shape_Route_69,22.25446,-97.83708,32,9.975746
Shape_Route_69,22.25332,-97.83598,33,10.14539
Shape_Route_69,22.2509,-97.83356,34,10.511418
Shape_Route_69,22.24953,-97.83507,35,10.728721
Shape_Route_69,22.24931,-97.835,36,10.754123
Shape_Route_69,22.24926,-97.83487,37,10.768619
Shape_Route_69,22.24888,-97.83445,38,10.82898
Shape_Route_71,22.24048,-97.83374,1,0.0
Shape_Route_71,22.24095,-97.83427,2,0.07544
Shape_Route_71,22.24037,-97.83481,3,0.160414
Shape_Route_71,22.23973,-97.83536,4,0.251153
Shape_Route_71,22.23965,-97.83552,5,0.269871
Shape_Route_71,22.2397,-97.83563,6,0.282487
Shape_Route_71,22.23733,-97.83715,7,0.588078
Shape_Route_71,22.23675,-97.83782,8,0.682373
Shape_Route_71,22.23575,-97.83834,9,0.805373
Shape_Route_71,22.23506,-97.83858,10,0.885667
Shape_Route_71,22.23443,-97.83885,11,0.96076
Shape_Route_71,22.23326,-97.83948,12,1.105654
Shape_Route_71,22.23338,-97.83992,13,1.15291
Shape_Route_71,22.22734,-97.84297,14,1.891801
Shape_Route_71,22.21793,-97.8478,15,3.046419
Shape_Route_71,22.21291,-97.85032,16,3.659887
Shape_Route_71,22.2137,-97.85205,17,3.858513
Shape_Route_71,22.21525,-97.85123,18,4.0498
Shape_Route_71,22.21718,-97.85542,19,4.531672
Shape_Route_71,22.21322,-97.85755,20,5.021984
Shape_Route_71,22.21248,-97.85589,21,5.211703
Shape_Route_71,22.21184,-97.85304,22,5.513916
Shape_Route_71,22.21216,-97.85291,23,5.551793
Shape_Route_71,22.21095,-97.85031,24,5.851425
Shape_Route_71,22.21335,-97.84909,25,6.145385
Shape_Route_71,22.21295,-97.84825,26,6.242642
Shape_Route_71,22.21458,-97.84741,27,6.442796
Shape_Route_71,22.21498,-97.84827,28,6.541892
Shape_Route_71,22.22702,-97.84205,29,8.021002
Shape_Route_71,22.2274,-97.84295,30,8.122862
Shape_Route_71,22.23338,-97.83992,31,8.854866
Shape_Route_71,22.23326,-97.83948,32,8.902122
Shape_Route_71,22.23443,-97.83885,33,9.047016
Shape_Route_71,22.23506,-97.83858,34,9.122109
Shape_Route_71,22.23575,-97.83834,35,9.202403
Shape_Route_71,22.23675,-97.83782,36,9.325403
Shape_Route_71,22.23733,-97.83715,37,9.419698
Shape_Route_71,22.2397,-97.83563,38,9.725289
Shape_Route_71,22.23965,-97.83552,39,9.737905
Shape_Route_71,22.23973,-97.83536,40,9.756623
Shape_Route_71,22.24037,-97.83481,41,9.847362
Shape_Route_71,22.24092,-97.83428,42,9.929163
Shape_Route_71,22.24052,-97.83372,43,10.00191
Shape_Route_70,22.30506,-97.85761,1,0.0
Shape_Route_70,22.29508,-97.8535,2,1.183229
Shape_Route_70,22.29251,-97.8525,3,1.485829
Shape_Route_70,22.29213,-97.85299,4,1.551543
Shape_Route_70,22.27452,-97.84555,5,3.646418
Shape_Route_70,22.27182,-97.84677,6,3.970691
Shape_Route_70,22.26737,-97.84836,7,4.489874
Shape_Route_70,22.25733,-97.85213,8,5.667326
Shape_Route_70,22.25352,-97.85359,9,6.115156
Shape_Route_70,22.25131,-97.85443,10,6.374685
Shape_Route_70,22.2505,-97.85486,11,6.47471
Shape_Route_70,22.24801,-97.85464,12,6.751305
Shape_Route_70,22.24704,-97.85513,13,6.869973
Shape_Route_70,22.24314,-97.85536,14,7.302386
Shape_Route_70,22.2421,-97.85505,15,7.421873
Shape_Route_70,22.24044,-97.85388,16,7.641677
Shape_Route_70,22.23902,-97.85341,17,7.806177
Shape_Route_70,22.23805,-97.85264,18,7.939706
Shape_Route_70,22.2371,-97.84988,19,8.242988
Shape_Route_70,22.23609,-97.84923,20,8.373337
Shape_Route_70,22.23284,-97.84798,21,8.75551
Shape_Route_70,22.23007,-97.84664,22,9.091839
Shape_Route_70,22.22661,-97.84815,23,9.505302
Shape_Route_70,22.21331,-97.8554,24,11.156515
Shape_Route_70,22.21242,-97.85582,25,11.264138
Shape_Route_70,22.21228,-97.8549,26,11.360233
Shape_Route_70,22.2126,-97.85475,27,11.398887
Shape_Route_70,22.2144,-97.85379,28,11.621381
Shape_Route_70,22.21679,-97.85246,29,11.919383
Shape_Route_70,22.21721,-97.85331,30,12.018575
Shape_Route_70,22.22661,-97.84815,31,13.187276
Shape_Route_70,22.23007,-97.84664,32,13.600739
Shape_Route_70,22.23284,-97.84798,33,13.937068
Shape_Route_70,22.23609,-97.84923,34,14.319241
Shape_Route_70,22.2371,-97.84988,35,14.44959
Shape_Route_70,22.23805,-97.85264,36,14.752872
Shape_Route_70,22.23902,-97.85341,37,14.886401
Shape_Route_70,22.24044,-97.85388,38,15.050901
Shape_Route_70,22.2421,-97.85505,39,15.270705
Shape_Route_70,22.24314,-97.85536,40,15.390192
Shape_Route_70,22.24704,-97.85513,41,15.822605
Shape_Route_70,22.24801,-97.85464,42,15.941273
Shape_Route_70,22.2505,-97.85486,43,16.217868
Shape_Route_70,22.25131,-97.85443,44,16.317894
Shape_Route_70,22.25352,-97.85359,45,16.577422
Shape_Route_70,22.25733,-97.85213,46,17.025253
Shape_Route_70,22.26737,-97.84836,47,18.202704
Shape_Route_70,22.27182,-97.84677,48,18.721888
Shape_Route_70,22.27466,-97.84529,49,19.071333
Shape_Route_70,22.29184,-97.85216,50,21.100757
Shape_Route_70,22.29251,-97.8525,51,21.182787
Shape_Route_70,22.30511,-97.85765,52,22.675212
Shape_Route_72,22.25163,-97.86009,1,0.0
Shape_Route_72,22.24873,-97.85983,2,0.32217
Shape_Route_72,22.24709,-97.86003,3,0.504898
Shape_Route_72,22.24623,-97.86016,4,0.601045
Shape_Route_72,22.24619,-97.86292,5,0.885523
Shape_Route_72,22.23364,-97.86251,6,2.275551
Shape_Route_72,22.23371,-97.86097,7,2.434465
Shape_Route_72,22.23165,-97.86111,8,2.66298
Shape_Route_72,22.23049,-97.86103,9,2.791666
Shape_Route_72,22.22912,-97.86139,10,2.947808
Shape_Route_72,22.22869,-97.8614,11,2.995424
Shape_Route_72,22.22838,-97.86048,12,3.09627
Shape_Route_72,22.22582,-97.86171,13,3.406746
Shape_Route_72,22.22433,-97.85827,14,3.797815
Shape_Route_72,22.2219,-97.85942,15,4.091793
Shape_Route_72,22.2203,-97.85584,16,4.501123
Shape_Route_72,22.21398,-97.85924,17,5.283667
Shape_Route_72,22.21287,-97.85671,18,5.571969
Shape_Route_72,22.21683,-97.8546,19,6.061362
Shape_Route_72,22.2207,-97.86327,20,7.052451
Shape_Route_72,22.22414,-97.86357,21,7.434539
Shape_Route_72,22.22529,-97.86293,22,7.577929
Shape_Route_72,22.22618,-97.86258,23,7.682855
Shape_Route_72,22.22751,-97.86203,24,7.840633
Shape_Route_72,22.22869,-97.8614,25,7.986517
Shape_Route_72,22.22938,-97.86273,26,8.143449
Shape_Route_72,22.23012,-97.86256,27,8.227226
Shape_Route_72,22.23331,-97.86351,28,8.593707
Shape_Route_72,22.23514,-97.86344,29,8.796431
Shape_Route_72,22.23828,-97.86353,30,9.144178
Shape_Route_72,22.24613,-97.86379,31,10.013649
Shape_Route_72,22.24922,-97.86381,32,10.355743
Shape_Route_72,22.25059,-97.86364,33,10.508422
Shape_Route_72,22.25167,-97.86007,34,10.895271
Shape_Route_73,22.2494,-97.85797,1,0.0
Shape_Route_73,22.24653,-97.85755,2,0.320668
Shape_Route_73,22.24536,-97.85527,3,0.58898
Shape_Route_73,22.2427,-97.85529,4,0.883471
Shape_Route_73,22.24214,-97.85518,5,0.946496
Shape_Route_73,22.24029,-97.85815,6,1.314793
Shape_Route_73,22.23664,-97.859,7,1.728265
Shape_Route_73,22.23617,-97.85883,8,1.783168
Shape_Route_73,22.23464,-97.85713,9,2.026871
Shape_Route_73,22.23398,-97.85711,10,2.099967
Shape_Route_73,22.23355,-97.85724,11,2.149421
Shape_Route_73,22.23186,-97.85893,12,2.405051
Shape_Route_73,22.23112,-97.85951,13,2.506467
Shape_Route_73,22.23047,-97.85968,14,2.58053
Shape_Route_73,22.22603,-97.85858,15,3.08498
Shape_Route_73,22.22551,-97.85773,16,3.189814
Shape_Route_73,22.22188,-97.85944,17,3.628638
Shape_Route_73,22.22031,-97.85581,18,4.041209
Shape_Route_73,22.21398,-97.85922,19,4.825205
Shape_Route_73,22.21359,-97.85835,20,4.92474
Shape_Route_73,22.21406,-97.85809,21,4.983269
Shape_Route_73,22.21478,-97.85773,22,5.071194
Shape_Route_73,22.21683,-97.85668,23,5.322634
Shape_Route_73,22.22166,-97.854,24,5.924498
Shape_Route_73,22.22189,-97.85595,25,6.127105
Shape_Route_73,22.22255,-97.85668,26,6.23199
Shape_Route_73,22.22348,-97.85671,27,6.334994
Shape_Route_73,22.22436,-97.85621,28,6.44521
Shape_Route_73,22.22493,-97.85617,29,6.508448
Shape_Route_73,22.22545,-97.85692,30,6.604834
Shape_Route_73,22.22551,-97.85773,31,6.688588
Shape_Route_73,22.22603,-97.85858,32,6.793422
Shape_Route_73,22.23047,-97.85968,33,7.297872
Shape_Route_73,22.23112,-97.85951,34,7.371935
Shape_Route_73,22.23186,-97.85893,35,7.473351
Shape_Route_73,22.23355,-97.85724,36,7.728981
Shape_Route_73,22.23398,-97.85711,37,7.778435
Shape_Route_73,22.23464,-97.85713,38,7.851531
Shape_Route_73,22.23617,-97.85883,39,8.095234
Shape_Route_73,22.23664,-97.859,40,8.150137
Shape_Route_73,22.24029,-97.85815,41,8.563609
Shape_Route_73,22.24214,-97.85518,42,8.931906
Shape_Route_73,22.2427,-97.85529,43,8.994931
Shape_Route_73,22.24536,-97.85527,44,9.289422
Shape_Route_73,22.24653,-97.85755,45,9.557734
Shape_Route_74,22.20913,-97.84481,1,0.0
Shape_Route_74,22.20978,-97.84525,2,0.085063
Shape_Route_74,22.20993,-97.84478,3,0.13628
Shape_Route_74,22.21063,-97.84381,4,0.262788
Shape_Route_74,22.2118,-97.84196,5,0.493325
Shape_Route_74,22.21185,-97.84202,6,0.501625
Shape_Route_74,22.21001,-97.84485,7,0.857438
Shape_Route_74,22.20984,-97.84529,8,0.906546
Shape_Route_74,22.21114,-97.84623,9,1.080048
Shape_Route_74,22.21185,-97.84785,10,1.264619
Shape_Route_74,22.21483,-97.85458,11,2.03282
Shape_Route_74,22.21251,-97.85579,12,2.318348
Shape_Route_74,22.21287,-97.85667,13,2.417431
Shape_Route_74,22.2124,-97.85694,14,2.476439
Shape_Route_74,22.21201,-97.85602,15,2.580643
Shape_Route_74,22.2111,-97.85349,16,2.860229
Shape_Route_74,22.21043,-97.85173,17,3.056236
Shape_Route_74,22.21004,-97.85082,18,3.159503
Shape_Route_74,22.20989,-97.84988,19,3.257817
Shape_Route_74,22.20998,-97.84901,20,3.348054
Shape_Route_74,22.21057,-97.8484,21,3.438721
Shape_Route_74,22.21096,-97.84826,22,3.484246
Shape_Route_74,22.21082,-97.84763,23,3.551013
Shape_Route_74,22.21131,-97.84664,24,3.66659
Shape_Route_74,22.21114,-97.84623,25,3.712855
Shape_Route_74,22.20984,-97.84529,26,3.886357
Shape_Route_74,22.20972,-97.8452,27,3.902561
Shape_Route_74,22.20918,-97.84479,28,3.975775
Shape_Route_75,22.22644,-97.89533,1,0.0
Shape_Route_75,22.22491,-97.894,2,0.217906
Shape_Route_75,22.22467,-97.89207,3,0.418605
Shape_Route_75,22.22448,-97.89072,4,0.559336
Shape_Route_75,22.22293,-97.88681,5,0.997369
Shape_Route_75,22.22328,-97.88531,6,1.156763
Shape_Route_75,22.21754,-97.87049,7,2.811273
Shape_Route_75,22.21697,-97.87076,8,2.880241
Shape_Route_75,22.21599,-97.8682,9,3.16556
Shape_Route_75,22.21561,-97.86779,10,3.225192
Shape_Route_75,22.215,-97.86615,11,3.407235
Shape_Route_75,22.21474,-97.86477,12,3.552372
Shape_Route_75,22.21444,-97.86402,13,3.636515
Shape_Route_75,22.21188,-97.85723,14,4.391653
Shape_Route_75,22.2124,-97.85693,15,4.457002
Shape_Route_75,22.2127,-97.85778,16,4.550707
Shape_Route_75,22.21292,-97.85769,17,4.57677
Shape_Route_75,22.21347,-97.85904,18,4.72867
Shape_Route_75,22.21431,-97.8601,19,4.872153
Shape_Route_75,22.21414,-97.86034,20,4.903238
Shape_Route_75,22.21459,-97.86094,21,4.982656
Shape_Route_75,22.21565,-97.86344,22,5.265822
Shape_Route_75,22.21446,-97.86406,23,5.412248
Shape_Route_75,22.21474,-97.86477,24,5.49173
Shape_Route_75,22.215,-97.86615,25,5.636867
Shape_Route_75,22.21561,-97.86779,26,5.81891
Shape_Route_75,22.21599,-97.8682,27,5.878542
Shape_Route_75,22.21697,-97.87076,28,6.163861
Shape_Route_75,22.21754,-97.87049,29,6.232829
Shape_Route_75,22.22328,-97.88531,30,7.887339
Shape_Route_75,22.22293,-97.88681,31,8.046733
Shape_Route_75,22.22448,-97.89072,32,8.484766
Shape_Route_75,22.22467,-97.89207,33,8.625497
Shape_Route_75,22.22491,-97.894,34,8.826196
Shape_Route_76,22.22684,-97.87153,1,0.0
Shape_Route_76,22.2268,-97.87129,2,0.025131
Shape_Route_76,22.22665,-97.87118,3,0.045238
Shape_Route_76,22.22615,-97.8706,4,0.126712
Shape_Route_76,22.2213,-97.86899,5,0.688705
Shape_Route_76,22.22053,-97.86874,6,0.77776
Shape_Route_76,22.22004,-97.8685,7,0.837381
Shape_Route_76,22.22008,-97.86839,8,0.849554
Shape_Route_76,22.21561,-97.85839,9,1.992986
Shape_Route_76,22.21402,-97.85923,10,2.189156
Shape_Route_76,22.21322,-97.85752,11,2.386427
Shape_Route_76,22.21299,-97.85719,12,2.428918
Shape_Route_76,22.21283,-97.85726,13,2.448045
Shape_Route_76,22.21287,-97.85753,14,2.476228
Shape_Route_76,22.21283,-97.85726,15,2.50441
Shape_Route_76,22.21304,-97.85795,16,2.579241
Shape_Route_76,22.21329,-97.85871,17,2.66233
Shape_Route_76,22.21393,-97.85975,18,2.790834
Shape_Route_76,22.21448,-97.86025,19,2.870609
Shape_Route_76,22.21504,-97.86048,20,2.936984
Shape_Route_76,22.21659,-97.86413,21,3.350515
Shape_Route_76,22.21789,-97.86344,22,3.511051
Shape_Route_76,22.22008,-97.86839,23,4.075965
Shape_Route_76,22.22004,-97.8685,24,4.088138
Shape_Route_76,22.22053,-97.86874,25,4.147759
Shape_Route_76,22.2213,-97.86899,26,4.236814
Shape_Route_76,22.22454,-97.87005,27,4.611778
Shape_Route_76,22.22436,-97.87063,28,4.674795
Shape_Route_76,22.22623,-97.87167,29,4.907925
Shape_Route_76,22.22686,-97.87157,30,4.978429
Shape_Route_76,22.2268,-97.87129,31,5.008044
Shape_Route_77,22.27927,-97.86078,1,0.0
Shape_Route_77,22.27546,-97.85626,2,0.628343
Shape_Route_77,22.26979,-97.85852,3,1.297864
Shape_Route_77,22.26905,-97.85639,4,1.532136
Shape_Route_77,22.26482,-97.85798,5,2.028267
Shape_Route_77,22.26332,-97.85334,6,2.534419
Shape_Route_77,22.26264,-97.85363,7,2.615415
Shape_Route_77,22.26164,-97.8505,8,2.956426
Shape_Route_77,22.26169,-97.85036,9,2.971878
Shape_Route_77,22.25861,-97.84453,10,3.662678
Shape_Route_77,22.25801,-97.84415,11,3.739787
Shape_Route_77,22.25715,-97.84327,12,3.871273
Shape_Route_77,22.25602,-97.84471,13,4.065365
Shape_Route_77,22.25564,-97.84498,14,4.115803
Shape_Route_77,22.25502,-97.84534,15,4.193827
Shape_Route_77,22.25299,-97.84148,16,4.650711
Shape_Route_77,22.25213,-97.83995,17,4.834902
Shape_Route_77,22.25185,-97.83932,18,4.906848
Shape_Route_77,22.25171,-97.83911,19,4.933467
Shape_Route_77,22.25101,-97.8396,20,5.025964
Shape_Route_77,22.25031,-97.84005,21,5.116276
Shape_Route_77,22.24907,-97.83777,22,5.38841
Shape_Route_77,22.24976,-97.83732,23,5.477775
Shape_Route_77,22.25051,-97.83665,24,5.585765
Shape_Route_77,22.24986,-97.83607,25,5.679313
Shape_Route_77,22.24941,-97.83662,26,5.754777
Shape_Route_77,22.24869,-97.83701,27,5.844047
Shape_Route_77,22.24792,-97.83748,28,5.942093
Shape_Route_77,22.24878,-97.83901,29,6.126288
Shape_Route_77,22.24933,-97.84006,30,6.250454
Shape_Route_77,22.25001,-97.84132,31,6.40055
Shape_Route_77,22.25078,-97.84085,32,6.498596
Shape_Route_77,22.25213,-97.83995,33,6.674494
Shape_Route_77,22.25299,-97.84148,34,6.858684
Shape_Route_77,22.25502,-97.84534,35,7.315569
Shape_Route_77,22.25564,-97.84498,36,7.393593
Shape_Route_77,22.25602,-97.84471,37,7.444031
Shape_Route_77,22.25715,-97.84327,38,7.638122
Shape_Route_77,22.25801,-97.84415,39,7.769609
Shape_Route_77,22.25861,-97.84453,40,7.846718
Shape_Route_77,22.26169,-97.85036,41,8.537517
Shape_Route_77,22.26164,-97.8505,42,8.55297
Shape_Route_77,22.26217,-97.85211,43,8.728947
Shape_Route_77,22.26288,-97.85183,44,8.812679
Shape_Route_77,22.26482,-97.85798,45,9.48182
Shape_Route_77,22.26982,-97.85615,46,10.066601
Shape_Route_77,22.27049,-97.85825,47,10.295349
Shape_Route_77,22.27542,-97.85632,48,10.876243
Shape_Route_77,22.27456,-97.85507,49,11.036411
Shape_Route_77,22.2747,-97.85482,50,11.066474
Shape_Route_77,22.27675,-97.85634,51,11.342222
Shape_Route_77,22.27798,-97.85885,52,11.634502
Shape_Route_77,22.27931,-97.86055,53,11.863329
Shape_Route_78,22.30493,-97.85762,1,0.0
Shape_Route_78,22.30354,-97.86156,2,0.434079
Shape_Route_78,22.30732,-97.86318,3,0.884607
Shape_Route_78,22.30709,-97.86376,4,0.949555
Shape_Route_78,22.3072,-97.86904,5,1.493608
Shape_Route_78,22.31068,-97.86887,6,1.879272
Shape_Route_78,22.31097,-97.87518,7,2.530068
Shape_Route_78,22.31056,-97.88042,8,3.071753
Shape_Route_78,22.30567,-97.88181,9,3.631733
Shape_Route_78,22.30389,-97.88125,10,3.837064
Shape_Route_78,22.29122,-97.87342,11,5.455146
Shape_Route_78,22.28908,-97.87299,12,5.696168
Shape_Route_78,22.28566,-97.8737,13,6.081792
Shape_Route_78,22.28441,-97.87387,14,6.221281
Shape_Route_78,22.28219,-97.87297,15,6.483965
Shape_Route_78,22.27847,-97.87312,16,6.896089
Shape_Route_78,22.27289,-97.87471,17,7.535196
Shape_Route_78,22.27006,-97.87376,18,7.863436
Shape_Route_78,22.26704,-97.87376,19,8.197774
Shape_Route_78,22.26283,-97.87542,20,8.694252
Shape_Route_78,22.25786,-97.87651,21,9.255818
Shape_Route_78,22.25629,-97.87649,22,9.429642
Shape_Route_78,22.25379,-97.87617,23,9.708369
Shape_Route_78,22.24795,-97.87396,24,10.393844
Shape_Route_78,22.24333,-97.87153,25,10.963334
Shape_Route_78,22.23421,-97.86758,26,12.051974
Shape_Route_78,22.22686,-97.86482,27,12.91397
Shape_Route_78,22.2239,-97.86361,28,13.264597
Shape_Route_78,22.22217,-97.86334,29,13.458133
Shape_Route_78,22.22066,-97.86325,30,13.625559
Shape_Route_78,22.21943,-97.86269,31,13.773459
Shape_Route_78,22.21794,-97.85926,32,14.163608
Shape_Route_78,22.21637,-97.86007,33,14.356434
Shape_Route_78,22.21595,-97.85918,34,14.459287
Shape_Route_78,22.21599,-97.85919,35,14.463833
Shape_Route_78,22.2184,-97.85797,36,14.758792
Shape_Route_78,22.21915,-97.85982,37,14.966781
Shape_Route_78,22.22024,-97.86233,38,15.252266
Shape_Route_78,22.22066,-97.86325,39,15.357883
Shape_Route_78,22.22217,-97.86334,40,15.525309
Shape_Route_78,22.2239,-97.86361,41,15.718845
Shape_Route_78,22.22686,-97.86482,42,16.069472
Shape_Route_78,22.23421,-97.86758,43,16.931468
Shape_Route_78,22.24333,-97.87153,44,18.020108
Shape_Route_78,22.24795,-97.87396,45,18.589598
Shape_Route_78,22.25379,-97.87617,46,19.275073
Shape_Route_78,22.25629,-97.87649,47,19.5538
Shape_Route_78,22.25786,-97.87651,48,19.727624
Shape_Route_78,22.26283,-97.87542,49,20.28919
Shape_Route_78,22.26704,-97.87376,50,20.785668
Shape_Route_78,22.27006,-97.87376,51,21.120006
Shape_Route_78,22.27289,-97.87471,52,21.448246
Shape_Route_78,22.27847,-97.87312,53,22.087352
Shape_Route_78,22.28219,-97.87297,54,22.499477
Shape_Route_78,22.28441,-97.87387,55,22.76216
Shape_Route_78,22.28566,-97.8737,56,22.90165
Shape_Route_78,22.28908,-97.87299,57,23.287274
Shape_Route_78,22.29122,-97.87342,58,23.528296
Shape_Route_78,22.30389,-97.88125,59,25.146378
Shape_Route_78,22.30567,-97.88181,60,25.351709
Shape_Route_78,22.30859,-97.88111,61,25.682922
Shape_Route_78,22.30904,-97.87382,62,26.435537
Shape_Route_78,22.30877,-97.869,63,26.932959
Shape_Route_78,22.3072,-97.86904,64,27.10682
Shape_Route_78,22.30709,-97.86376,65,27.650873
Shape_Route_78,22.30732,-97.86318,66,27.715821
Shape_Route_78,22.30357,-97.86156,67,28.163266
Shape_Route_78,22.30492,-97.85766,68,28.59193
Shape_Route_79,22.32617,-97.84712,1,0.0
Shape_Route_79,22.32547,-97.84906,2,0.214324
Shape_Route_79,22.3243,-97.85095,3,0.448153
Shape_Route_79,22.32285,-97.85379,4,0.781833
Shape_Route_79,22.31977,-97.85238,5,1.15246
Shape_Route_79,22.31724,-97.85113,6,1.460732
Shape_Route_79,22.31486,-97.85002,7,1.747959
Shape_Route_79,22.31393,-97.85127,8,1.912824
Shape_Route_79,22.30622,-97.8487,9,2.806507
Shape_Route_79,22.30571,-97.84903,10,2.872413
Shape_Route_79,22.30518,-97.84878,11,2.936492
Shape_Route_79,22.30475,-97.8487,12,2.984805
Shape_Route_79,22.30357,-97.84818,13,3.125999
Shape_Route_79,22.30418,-97.8465,14,3.311778
Shape_Route_79,22.30349,-97.84621,15,3.393801
Shape_Route_79,22.30346,-97.846,16,3.415689
Shape_Route_79,22.30077,-97.84592,17,3.713611
Shape_Route_79,22.30083,-97.84442,18,3.868283
Shape_Route_79,22.30079,-97.84422,19,3.889358
Shape_Route_79,22.29784,-97.84444,20,4.216736
Shape_Route_79,22.29625,-97.84475,21,4.395638
Shape_Route_79,22.29615,-97.84604,22,4.528998
Shape_Route_79,22.28927,-97.84543,23,5.293266
Shape_Route_79,22.28903,-97.84854,24,5.614784
Shape_Route_79,22.28842,-97.84848,25,5.682599
Shape_Route_79,22.28827,-97.84806,26,5.728948
Shape_Route_79,22.28659,-97.84867,27,5.92527
Shape_Route_79,22.28519,-97.84439,28,6.392687
Shape_Route_79,22.28127,-97.84586,29,6.852337
Shape_Route_79,22.27944,-97.84012,30,7.477496
Shape_Route_79,22.27688,-97.84115,31,7.78013
Shape_Route_79,22.27681,-97.84337,32,8.009005
Shape_Route_79,22.27663,-97.84389,33,8.06617
Shape_Route_79,22.27593,-97.84484,34,8.191019
Shape_Route_79,22.27512,-97.84551,35,8.304189
Shape_Route_79,22.275,-97.84576,36,8.333173
Shape_Route_79,22.27064,-97.84406,37,8.846666
Shape_Route_79,22.26761,-97.84521,38,9.202429
Shape_Route_79,22.26527,-97.84612,39,9.477937
Shape_Route_79,22.26359,-97.84675,40,9.674932
Shape_Route_79,22.26187,-97.8474,41,9.876788
Shape_Route_79,22.26024,-97.84398,42,10.272729
Shape_Route_79,22.25986,-97.84311,43,10.371762
Shape_Route_79,22.25883,-97.84371,44,10.501477
Shape_Route_79,22.25345,-97.83841,45,11.309603
Shape_Route_79,22.25292,-97.83909,46,11.401001
Shape_Route_79,22.24988,-97.83609,47,11.858007
Shape_Route_79,22.25035,-97.83558,48,11.931966
Shape_Route_79,22.25078,-97.83578,49,11.983842
Shape_Route_79,22.251,-97.83602,50,12.018554
Shape_Route_79,22.25288,-97.83783,51,12.298042
Shape_Route_79,22.25345,-97.83841,52,12.38496
Shape_Route_79,22.25883,-97.84371,53,13.193086
Shape_Route_79,22.25986,-97.84311,54,13.3228
Shape_Route_79,22.26024,-97.84398,55,13.421833
Shape_Route_79,22.26187,-97.8474,56,13.817774
Shape_Route_79,22.26359,-97.84675,57,14.01963
Shape_Route_79,22.26527,-97.84612,58,14.216626
Shape_Route_79,22.26761,-97.84521,59,14.492133
Shape_Route_79,22.27064,-97.84406,60,14.847897
Shape_Route_79,22.275,-97.84576,61,15.36139
Shape_Route_79,22.27512,-97.84551,62,15.390374
Shape_Route_79,22.27593,-97.84484,63,15.503543
Shape_Route_79,22.27663,-97.84389,64,15.628393
Shape_Route_79,22.27681,-97.84337,65,15.685558
Shape_Route_79,22.27688,-97.84115,66,15.914432
Shape_Route_79,22.27944,-97.84012,67,16.217067
Shape_Route_79,22.28127,-97.84586,68,16.842225
Shape_Route_79,22.28519,-97.84439,69,17.301875
Shape_Route_79,22.28659,-97.84867,70,17.769292
Shape_Route_79,22.28827,-97.84806,71,17.965615
Shape_Route_79,22.28842,-97.84848,72,18.011964
Shape_Route_79,22.28903,-97.84854,73,18.079779
Shape_Route_79,22.28927,-97.84543,74,18.401296
Shape_Route_79,22.29615,-97.84604,75,19.165565
Shape_Route_79,22.29625,-97.84475,76,19.298925
Shape_Route_79,22.29784,-97.84444,77,19.477826
Shape_Route_79,22.30079,-97.84422,78,19.805205
Shape_Route_79,22.30083,-97.84442,79,19.826279
Shape_Route_79,22.30077,-97.84592,80,19.980952
Shape_Route_79,22.30346,-97.846,81,20.278874
Shape_Route_79,22.30349,-97.84621,82,20.300761
Shape_Route_79,22.30418,-97.8465,83,20.382785
Shape_Route_79,22.30357,-97.84818,84,20.568563
Shape_Route_79,22.30475,-97.8487,85,20.709757
Shape_Route_79,22.30518,-97.84878,86,20.75807
Shape_Route_79,22.30571,-97.84903,87,20.822149
Shape_Route_79,22.30622,-97.8487,88,20.888055
Shape_Route_79,22.31393,-97.85127,89,21.781738
Shape_Route_79,22.31486,-97.85002,90,21.946603
Shape_Route_79,22.31724,-97.85113,91,22.233831
Shape_Route_79,22.31977,-97.85238,92,22.542103
Shape_Route_79,22.32285,-97.85379,93,22.91273
Shape_Route_79,22.3243,-97.85095,94,23.24641
Shape_Route_79,22.32547,-97.84906,95,23.480238
Shape_Route_80,22.27867,-97.86687,1,0.0
Shape_Route_80,22.28151,-97.86302,2,0.506174
Shape_Route_80,22.27923,-97.86057,3,0.863156
Shape_Route_80,22.2755,-97.8563,4,1.466557
Shape_Route_80,22.26954,-97.85861,5,2.167999
Shape_Route_80,22.26686,-97.85943,6,2.476495
Shape_Route_80,22.26338,-97.86042,7,2.875038
Shape_Route_80,22.26124,-97.86162,8,3.142284
Shape_Route_80,22.25882,-97.86312,9,3.451591
Shape_Route_80,22.25731,-97.86379,10,3.632457
Shape_Route_80,22.25522,-97.86469,11,3.881734
Shape_Route_80,22.25435,-97.86477,12,3.978402
Shape_Route_80,22.25314,-97.86559,13,4.136786
Shape_Route_80,22.25113,-97.86677,14,4.390368
Shape_Route_80,22.24942,-97.86724,15,4.585777
Shape_Route_80,22.24702,-97.86767,16,4.855147
Shape_Route_80,22.24438,-97.86696,17,5.156436
Shape_Route_80,22.24272,-97.86707,18,5.340561
Shape_Route_80,22.23778,-97.86636,19,5.892331
Shape_Route_80,22.23548,-97.8657,20,6.155889
Shape_Route_80,22.23351,-97.86503,21,6.384655
Shape_Route_80,22.23181,-97.86467,22,6.576481
Shape_Route_80,22.2303,-97.86411,23,6.753334
Shape_Route_80,22.22734,-97.86495,24,7.092274
Shape_Route_80,22.22356,-97.8635,25,7.536638
Shape_Route_80,22.22159,-97.86325,26,7.756249
Shape_Route_80,22.21837,-97.8558,27,8.60289
Shape_Route_80,22.21914,-97.85541,28,8.697139
Shape_Route_80,22.21954,-97.85626,29,8.795312
Shape_Route_80,22.21993,-97.85718,30,8.89951
Shape_Route_80,22.22041,-97.85827,31,9.023799
Shape_Route_80,22.22263,-97.86334,32,9.601307
Shape_Route_80,22.22356,-97.8635,33,9.705578
Shape_Route_80,22.22734,-97.86495,34,10.149942
Shape_Route_80,22.2295,-97.86574,35,10.402554
Shape_Route_80,22.23024,-97.86417,36,10.583932
Shape_Route_80,22.23036,-97.86419,37,10.597376
Shape_Route_80,22.23066,-97.86279,38,10.745447
Shape_Route_80,22.2335,-97.86354,39,11.069221
Shape_Route_80,22.2338,-97.86341,40,11.105035
Shape_Route_80,22.23832,-97.86356,41,11.605673
Shape_Route_80,22.24117,-97.86361,42,11.921233
Shape_Route_80,22.24118,-97.86422,43,11.984111
Shape_Route_80,22.24144,-97.86432,44,12.014685
Shape_Route_80,22.24126,-97.8663,45,12.21972
Shape_Route_80,22.24273,-97.86638,46,12.382669
Shape_Route_80,22.24441,-97.86641,47,12.568684
Shape_Route_80,22.24687,-97.86651,48,12.841221
Shape_Route_80,22.24793,-97.86644,49,12.958793
Shape_Route_80,22.24991,-97.86599,50,13.182847
Shape_Route_80,22.25079,-97.86327,51,13.479606
Shape_Route_80,22.25276,-97.86334,52,13.697821
Shape_Route_80,22.25302,-97.86473,53,13.84393
Shape_Route_80,22.25435,-97.86477,54,13.991229
Shape_Route_80,22.25522,-97.86469,55,14.087897
Shape_Route_80,22.25731,-97.86379,56,14.337174
Shape_Route_80,22.25882,-97.86312,57,14.51804
Shape_Route_80,22.26124,-97.86162,58,14.827347
Shape_Route_80,22.26338,-97.86042,59,15.094593
Shape_Route_80,22.26686,-97.85943,60,15.493136
Shape_Route_80,22.26954,-97.85861,61,15.801632
Shape_Route_80,22.27546,-97.8563,62,16.498911
Shape_Route_80,22.27421,-97.85456,63,16.725393
Shape_Route_80,22.27667,-97.8561,64,17.040592
Shape_Route_80,22.27923,-97.86057,65,17.581378
Shape_Route_80,22.28153,-97.86306,66,17.942843
Shape_Route_80,22.27836,-97.86735,67,18.507238
Shape_Route_81,22.22638,-97.83941,1,0.0
Shape_Route_81,22.22679,-97.84048,2,0.119265
Shape_Route_81,22.22605,-97.8403,3,0.203264
Shape_Route_81,22.22387,-97.84149,4,0.47399
Shape_Route_81,22.2235,-97.84061,5,0.573517
Shape_Route_81,22.22272,-97.84104,6,0.670581
Shape_Route_81,22.22235,-97.84017,7,0.76917
Shape_Route_81,22.2145,-97.84428,8,1.735997
Shape_Route_81,22.21402,-97.84554,9,1.876332
Shape_Route_81,22.21381,-97.84572,10,1.906078
Shape_Route_81,22.21457,-97.84736,11,2.094914
Shape_Route_81,22.21055,-97.84945,12,2.589367
Shape_Route_81,22.21211,-97.85287,13,2.981947
Shape_Route_81,22.21184,-97.85304,14,3.016597
Shape_Route_81,22.21227,-97.85484,15,3.208158
Shape_Route_81,22.21245,-97.8558,16,3.309105
Shape_Route_81,22.2132,-97.85753,17,3.505822
Shape_Route_81,22.21561,-97.8563,18,3.801223
Shape_Route_81,22.21444,-97.8537,19,4.098895
Shape_Route_81,22.21371,-97.85205,20,4.287206
Shape_Route_81,22.21306,-97.85058,21,4.454957
Shape_Route_81,22.21218,-97.84866,22,4.675557
Shape_Route_81,22.21457,-97.84736,23,4.97215
Shape_Route_81,22.21381,-97.84572,24,5.160987
Shape_Route_81,22.21402,-97.84554,25,5.190732
Shape_Route_81,22.2145,-97.84428,26,5.331067
Shape_Route_81,22.22235,-97.84017,27,6.297894
Shape_Route_81,22.22272,-97.84104,28,6.396484
Shape_Route_81,22.2235,-97.84061,29,6.493547
Shape_Route_81,22.22387,-97.84149,30,6.593075
Shape_Route_81,22.22605,-97.8403,31,6.863801
Shape_Route_81,22.22673,-97.84045,32,6.940654
Shape_Route_81,22.22637,-97.83938,33,7.057924
Shape_Route_82,22.23841,-97.87379,1,0.0
Shape_Route_82,22.238,-97.8735,2,0.054347
Shape_Route_82,22.23561,-97.87315,3,0.321386
Shape_Route_82,22.23449,-97.87242,4,0.466421
Shape_Route_82,22.23398,-97.87219,5,0.527656
Shape_Route_82,22.23289,-97.87234,6,0.649314
Shape_Route_82,22.23244,-97.87268,7,0.710223
Shape_Route_82,22.23215,-97.87272,8,0.742592
Shape_Route_82,22.23164,-97.87245,9,0.805538
Shape_Route_82,22.23141,-97.87216,10,0.844804
Shape_Route_82,22.23056,-97.87079,11,1.014492
Shape_Route_82,22.22967,-97.87042,12,1.120145
Shape_Route_82,22.22817,-97.86985,13,1.296293
Shape_Route_82,22.22781,-97.86857,14,1.434114
Shape_Route_82,22.22771,-97.86821,15,1.472836
Shape_Route_82,22.22361,-97.86651,16,1.959386
Shape_Route_82,22.22257,-97.866,17,2.085955
Shape_Route_82,22.22325,-97.8654,18,2.183383
Shape_Route_82,22.22352,-97.86493,19,2.240308
Shape_Route_82,22.22342,-97.86448,20,2.287995
Shape_Route_82,22.22354,-97.8635,21,2.389879
Shape_Route_82,22.22078,-97.86322,22,2.696792
Shape_Route_82,22.22354,-97.8635,23,3.003706
Shape_Route_82,22.22078,-97.86322,24,3.310619
Shape_Route_82,22.2198,-97.86288,25,3.424633
Shape_Route_82,22.21941,-97.86268,26,3.472478
Shape_Route_82,22.21714,-97.85753,27,4.059818
Shape_Route_82,22.21478,-97.85882,28,4.352981
Shape_Route_82,22.2152,-97.85966,29,4.451265
Shape_Route_82,22.21836,-97.85801,30,4.840256
Shape_Route_82,22.22023,-97.8623,31,5.328526
Shape_Route_82,22.22043,-97.86276,32,5.380857
Shape_Route_82,22.22066,-97.86325,33,5.43742
Shape_Route_82,22.22068,-97.86327,34,5.440446
Shape_Route_82,22.2226,-97.8633,35,5.653027
Shape_Route_82,22.22342,-97.86294,36,5.751099
Shape_Route_82,22.22354,-97.8635,37,5.81033
Shape_Route_82,22.22342,-97.86448,38,5.912214
Shape_Route_82,22.22353,-97.86506,39,5.973226
Shape_Route_82,22.22384,-97.86591,40,6.067322
Shape_Route_82,22.22361,-97.86651,41,6.134204
Shape_Route_82,22.22771,-97.86821,42,6.620754
Shape_Route_82,22.22781,-97.86857,43,6.659476
Shape_Route_82,22.22817,-97.86985,44,6.797297
Shape_Route_82,22.22967,-97.87042,45,6.973445
Shape_Route_82,22.23056,-97.87079,46,7.079098
Shape_Route_82,22.23141,-97.87216,47,7.248786
Shape_Route_82,22.23164,-97.87245,48,7.288052
Shape_Route_82,22.23215,-97.87272,49,7.350998
Shape_Route_82,22.23244,-97.87268,50,7.383367
Shape_Route_82,22.23289,-97.87234,51,7.444276
Shape_Route_82,22.23398,-97.87219,52,7.565934
Shape_Route_82,22.23449,-97.87242,53,7.627169
Shape_Route_82,22.23561,-97.87315,54,7.772204
Shape_Route_82,22.238,-97.8735,55,8.039243
Shape_Route_83,22.27516,-97.79428,1,0.0
Shape_Route_83,22.27471,-97.79583,2,0.167302
Shape_Route_83,22.27411,-97.80002,3,0.604123
Shape_Route_83,22.27387,-97.80131,4,0.739675
Shape_Route_83,22.26974,-97.80937,5,1.68774
Shape_Route_83,22.26712,-97.81433,6,2.275413
Shape_Route_83,22.25192,-97.83226,7,4.774565
Shape_Route_83,22.24916,-97.83544,8,5.222635
Shape_Route_83,22.23957,-97.84151,9,6.454932
Shape_Route_83,22.23778,-97.84267,10,6.686372
Shape_Route_83,22.2301,-97.8455,11,7.585255
Shape_Route_83,22.22154,-97.84866,12,8.587331
Shape_Route_83,22.21693,-97.85043,13,9.129328
Shape_Route_83,22.21526,-97.85123,14,9.331768
Shape_Route_83,22.21641,-97.85375,15,9.621055
Shape_Route_83,22.21246,-97.85588,16,10.110379
Shape_Route_83,22.21188,-97.85306,17,10.408084
Shape_Route_83,22.21526,-97.85123,18,10.827138
Shape_Route_83,22.21693,-97.85043,19,11.029579
Shape_Route_83,22.22154,-97.84866,20,11.571575
Shape_Route_83,22.2301,-97.8455,21,12.573651
Shape_Route_83,22.23778,-97.84267,22,13.472535
Shape_Route_83,22.23957,-97.84151,23,13.703974
Shape_Route_83,22.24916,-97.83544,24,14.936272
Shape_Route_83,22.25192,-97.83226,25,15.384341
Shape_Route_83,22.26712,-97.81433,26,17.883493
Shape_Route_83,22.26974,-97.80937,27,18.471166
Shape_Route_83,22.27387,-97.80131,28,19.419231
Shape_Route_83,22.27411,-97.80002,29,19.554783
Shape_Route_83,22.27472,-97.79594,30,19.980579
Shape_Route_83,22.27515,-97.79423,31,20.163095
Shape_Route_84,22.2217,-97.91772,1,0.0
Shape_Route_84,22.22258,-97.91407,2,0.388633
Shape_Route_84,22.22374,-97.90915,3,0.911767
Shape_Route_84,22.22436,-97.90376,4,1.471561
Shape_Route_84,22.22661,-97.89539,5,2.369523
Shape_Route_84,22.22617,-97.89512,6,2.425624
Shape_Route_84,22.22501,-97.89416,7,2.587744
Shape_Route_84,22.22481,-97.89362,8,2.647646
Shape_Route_84,22.22471,-97.89188,9,2.827336
Shape_Route_84,22.22381,-97.8891,10,3.130711
Shape_Route_84,22.22351,-97.88901,11,3.165194
Shape_Route_84,22.22295,-97.88679,12,3.402271
Shape_Route_84,22.22324,-97.88549,13,3.540061
Shape_Route_84,22.21793,-97.87148,14,5.099242
Shape_Route_84,22.21731,-97.8718,15,5.175395
Shape_Route_84,22.21603,-97.8683,16,5.563008
Shape_Route_84,22.21563,-97.86785,17,5.627138
Shape_Route_84,22.21498,-97.8662,18,5.811819
Shape_Route_84,22.21471,-97.86471,19,5.968293
Shape_Route_84,22.21191,-97.8573,20,6.792642
Shape_Route_84,22.21287,-97.85664,21,6.918833
Shape_Route_84,22.21239,-97.85696,22,6.981379
Shape_Route_84,22.21256,-97.8574,23,7.030486
Shape_Route_84,22.21279,-97.85731,24,7.057586
Shape_Route_84,22.21297,-97.85721,25,7.080022
Shape_Route_84,22.21305,-97.85718,26,7.089403
Shape_Route_84,22.21325,-97.85754,27,7.132616
Shape_Route_84,22.21347,-97.85808,28,7.193377
Shape_Route_84,22.21423,-97.85967,29,7.377613
Shape_Route_84,22.21467,-97.8599,30,7.431788
Shape_Route_84,22.21437,-97.86009,31,7.470345
Shape_Route_84,22.2141,-97.8604,32,7.514102
Shape_Route_84,22.21453,-97.86089,33,7.58351
Shape_Route_84,22.21568,-97.86346,34,7.877434
Shape_Route_84,22.21447,-97.86405,35,8.024551
Shape_Route_84,22.21476,-97.8648,36,8.108263
Shape_Route_84,22.21498,-97.8662,37,8.254619
Shape_Route_84,22.21563,-97.86785,38,8.4393
Shape_Route_84,22.21603,-97.8683,39,8.50343
Shape_Route_84,22.21731,-97.8718,40,8.891044
Shape_Route_84,22.21793,-97.87148,41,8.967197
Shape_Route_84,22.22324,-97.88549,42,10.526377
Shape_Route_84,22.22295,-97.88679,43,10.664168
Shape_Route_84,22.22351,-97.88901,44,10.901244
Shape_Route_84,22.22381,-97.8891,45,10.935728
Shape_Route_84,22.22471,-97.89188,46,11.239103
Shape_Route_84,22.22481,-97.89362,47,11.418793
Shape_Route_84,22.22501,-97.89416,48,11.478695
Shape_Route_84,22.22617,-97.89512,49,11.640815
Shape_Route_84,22.22661,-97.89539,50,11.696915
Shape_Route_84,22.22436,-97.90376,51,12.594878
Shape_Route_84,22.22374,-97.90915,52,13.154671
Shape_Route_84,22.22179,-97.91769,53,14.061015
Shape_Route_85,22.26962,-97.84325,1,0.0
Shape_Route_85,22.2716,-97.84402,2,0.233121
Shape_Route_85,22.27237,-97.84191,3,0.466652
Shape_Route_85,22.26987,-97.84091,4,0.761984
Shape_Route_85,22.27061,-97.83886,5,0.988551
Shape_Route_85,22.27031,-97.83871,6,1.025184
Shape_Route_85,22.27099,-97.83692,7,1.224402
Shape_Route_85,22.26902,-97.83631,8,1.451376
Shape_Route_85,22.26809,-97.83814,9,1.666223
Shape_Route_85,22.26703,-97.83754,10,1.798865
Shape_Route_85,22.26648,-97.83715,11,1.871822
Shape_Route_85,22.26518,-97.83585,12,2.06844
Shape_Route_85,22.2636,-97.83813,13,2.361351
Shape_Route_85,22.26315,-97.83876,14,2.443183
Shape_Route_85,22.26238,-97.83798,15,2.560347
Shape_Route_85,22.26241,-97.83778,16,2.581223
Shape_Route_85,22.26206,-97.83745,17,2.632777
Shape_Route_85,22.26045,-97.83939,18,2.900613
Shape_Route_85,22.2525,-97.83154,19,4.096047
Shape_Route_85,22.24949,-97.83513,20,4.593968
Shape_Route_85,22.24824,-97.83618,21,4.76964
Shape_Route_85,22.2475,-97.8366,22,4.862296
Shape_Route_85,22.24676,-97.83705,23,4.956437
Shape_Route_85,22.24642,-97.83629,24,5.043337
Shape_Route_85,22.24711,-97.83589,25,5.13014
Shape_Route_85,22.24781,-97.83544,26,5.220453
Shape_Route_85,22.24865,-97.83487,27,5.330448
Shape_Route_85,22.24949,-97.83513,28,5.427227
Shape_Route_85,22.25304,-97.83086,29,6.017234
Shape_Route_85,22.26101,-97.83876,30,7.217785
Shape_Route_85,22.26225,-97.83998,31,7.403933
Shape_Route_85,22.26262,-97.83949,32,7.468952
Shape_Route_85,22.26294,-97.83908,33,7.524089
Shape_Route_85,22.26315,-97.83876,34,7.564436
Shape_Route_85,22.2636,-97.83813,35,7.646269
Shape_Route_85,22.26518,-97.83585,36,7.93918
Shape_Route_85,22.26648,-97.83715,37,8.135798
Shape_Route_85,22.26703,-97.83754,38,8.208755
Shape_Route_85,22.26809,-97.83814,39,8.341397
Shape_Route_85,22.26902,-97.83631,40,8.556244
Shape_Route_85,22.27099,-97.83692,41,8.783218
Shape_Route_85,22.27031,-97.83871,42,8.982435
Shape_Route_85,22.27061,-97.83886,43,9.019069
Shape_Route_85,22.26987,-97.84091,44,9.245636
Shape_Route_85,22.27237,-97.84191,45,9.540967
Shape_Route_85,22.2716,-97.84402,46,9.774498
Shape_Route_86,22.27757,-97.88632,1,0.0
Shape_Route_86,22.27838,-97.8847,2,0.18948
Shape_Route_86,22.27902,-97.88389,3,0.298958
Shape_Route_86,22.27899,-97.88127,4,0.568929
Shape_Route_86,22.27843,-97.87981,5,0.731634
Shape_Route_86,22.27695,-97.87836,6,0.95337
Shape_Route_86,22.27639,-97.87726,7,1.082558
Shape_Route_86,22.27548,-97.87387,8,1.446092
Shape_Route_86,22.27276,-97.87473,9,1.759986
Shape_Route_86,22.26954,-97.87363,10,2.134051
Shape_Route_86,22.26692,-97.87381,11,2.424699
Shape_Route_86,22.26507,-97.87471,12,2.649527
Shape_Route_86,22.25719,-97.87662,13,3.543832
Shape_Route_86,22.25494,-97.87645,14,3.79354
Shape_Route_86,22.24895,-97.87445,15,4.487972
Shape_Route_86,22.24654,-97.87323,16,4.782918
Shape_Route_86,22.23675,-97.86866,17,5.964663
Shape_Route_86,22.22539,-97.86419,18,7.304038
Shape_Route_86,22.22344,-97.86344,19,7.533343
Shape_Route_86,22.2206,-97.86325,20,7.848362
Shape_Route_86,22.21935,-97.86263,21,8.000791
Shape_Route_86,22.21713,-97.85754,22,8.580178
Shape_Route_86,22.21285,-97.8598,23,9.108181
Shape_Route_86,22.21251,-97.85886,24,9.212134
Shape_Route_86,22.21442,-97.85796,25,9.443043
Shape_Route_86,22.21517,-97.85966,26,9.636958
Shape_Route_86,22.2148,-97.85882,27,9.732747
Shape_Route_86,22.21517,-97.85968,28,9.830404
Shape_Route_86,22.21601,-97.85928,29,9.93213
Shape_Route_86,22.21675,-97.8588,30,10.027836
Shape_Route_86,22.21837,-97.85801,31,10.224805
Shape_Route_86,22.21875,-97.8589,32,10.325731
Shape_Route_86,22.22023,-97.8623,33,10.712608
Shape_Route_86,22.2206,-97.86325,34,10.818754
Shape_Route_86,22.22344,-97.86344,35,11.133774
Shape_Route_86,22.22539,-97.86419,36,11.363078
Shape_Route_86,22.23675,-97.86866,37,12.702453
Shape_Route_86,22.24654,-97.87323,38,13.884198
Shape_Route_86,22.24895,-97.87445,39,14.179145
Shape_Route_86,22.25494,-97.87645,40,14.873576
Shape_Route_86,22.25719,-97.87662,41,15.123284
Shape_Route_86,22.26507,-97.87471,42,16.01759
Shape_Route_86,22.26692,-97.87381,43,16.242418
Shape_Route_86,22.26954,-97.87363,44,16.533065
Shape_Route_86,22.27276,-97.87473,45,16.907131
Shape_Route_86,22.27548,-97.87387,46,17.221024
Shape_Route_86,22.27639,-97.87726,47,17.584558
Shape_Route_86,22.27695,-97.87836,48,17.713746
Shape_Route_86,22.27843,-97.87981,49,17.935482
Shape_Route_86,22.27899,-97.88127,50,18.098188
Shape_Route_86,22.27902,-97.88389,51,18.368159
Shape_Route_86,22.27939,-97.88522,52,18.511186
Shape_Route_86,22.27873,-97.88537,53,18.585869
Shape_Route_86,22.27818,-97.88515,54,18.650841
Shape_Route_86,22.27901,-97.88388,55,18.810735
Shape_Route_87,22.29698,-97.83835,1,0.0
Shape_Route_87,22.29202,-97.83673,2,0.573923
Shape_Route_87,22.29064,-97.83641,3,0.730219
Shape_Route_87,22.28871,-97.83635,4,0.943978
Shape_Route_87,22.28876,-97.83524,5,1.058474
Shape_Route_87,22.28836,-97.83487,6,1.116906
Shape_Route_87,22.27706,-97.83456,7,2.368331
Shape_Route_87,22.27708,-97.83361,8,2.466242
Shape_Route_87,22.27697,-97.83362,9,2.478463
Shape_Route_87,22.27669,-97.83359,10,2.509616
Shape_Route_87,22.27666,-97.83427,11,2.57976
Shape_Route_87,22.27537,-97.83386,12,2.728692
Shape_Route_87,22.27468,-97.83363,13,2.808674
Shape_Route_87,22.26526,-97.82447,14,4.215266
Shape_Route_87,22.26264,-97.82747,15,4.63918
Shape_Route_87,22.26074,-97.82972,16,4.952238
Shape_Route_87,22.25948,-97.83139,17,5.173767
Shape_Route_87,22.25457,-97.83714,18,5.977879
Shape_Route_87,22.25439,-97.83706,19,5.999445
Shape_Route_87,22.25087,-97.83349,20,6.535373
Shape_Route_87,22.24889,-97.83565,21,6.847788
Shape_Route_87,22.24613,-97.83753,22,7.209595
Shape_Route_87,22.24525,-97.836,23,7.394946
Shape_Route_87,22.2446,-97.83644,24,7.480003
Shape_Route_87,22.24535,-97.83794,25,7.655482
Shape_Route_87,22.24889,-97.83565,26,8.112967
Shape_Route_87,22.25087,-97.83349,27,8.425381
Shape_Route_87,22.25248,-97.8316,28,8.689404
Shape_Route_87,22.25311,-97.83094,29,8.786825
Shape_Route_87,22.25682,-97.83457,30,9.342378
Shape_Route_87,22.25948,-97.83139,31,9.78296
Shape_Route_87,22.26074,-97.82972,32,10.004488
Shape_Route_87,22.26264,-97.82747,33,10.317546
Shape_Route_87,22.26526,-97.82447,34,10.74146
Shape_Route_87,22.27468,-97.83363,35,12.148053
Shape_Route_87,22.27537,-97.83386,36,12.228034
Shape_Route_87,22.27666,-97.83427,37,12.376966
Shape_Route_87,22.27669,-97.83359,38,12.447111
Shape_Route_87,22.27697,-97.83362,39,12.478263
Shape_Route_87,22.27708,-97.83361,40,12.490485
Shape_Route_87,22.27706,-97.83456,41,12.588395
Shape_Route_87,22.28836,-97.83487,42,13.839821
Shape_Route_87,22.28876,-97.83524,43,13.898252
Shape_Route_87,22.28871,-97.83635,44,14.012748
Shape_Route_87,22.29064,-97.83641,45,14.226507
Shape_Route_87,22.29202,-97.83673,46,14.382803
Shape_Route_88,22.42347,-97.91973,1,0.0
Shape_Route_88,22.42379,-97.92237,2,0.274027
Shape_Route_88,22.42469,-97.92224,3,0.374559
Shape_Route_88,22.42502,-97.92518,4,0.67936
Shape_Route_88,22.42563,-97.92957,5,1.136222
Shape_Route_88,22.42575,-97.93107,6,1.291181
Shape_Route_88,22.4271,-97.93356,7,1.587859
Shape_Route_88,22.41905,-97.93476,8,2.487578
Shape_Route_88,22.41864,-97.93453,9,2.538772
Shape_Route_88,22.41806,-97.93457,10,2.603114
Shape_Route_88,22.41793,-97.93335,11,2.729512
Shape_Route_88,22.41439,-97.93392,12,3.125786
Shape_Route_88,22.41434,-97.93363,13,3.156146
Shape_Route_88,22.41343,-97.93378,14,3.258066
Shape_Route_88,22.41224,-97.93146,15,3.530804
Shape_Route_88,22.40863,-97.93831,16,4.341305
Shape_Route_88,22.40571,-97.93717,17,4.685213
Shape_Route_88,22.39721,-97.93804,18,5.630481
Shape_Route_88,22.39692,-97.93688,19,5.754139
Shape_Route_88,22.39779,-97.9367,20,5.852221
Shape_Route_88,22.39792,-97.93735,21,5.920666
Shape_Route_88,22.39801,-97.93797,22,5.985265
Shape_Route_88,22.40571,-97.93717,23,6.841684
Shape_Route_88,22.40863,-97.93831,24,7.185592
Shape_Route_88,22.41224,-97.93146,25,7.996093
Shape_Route_88,22.41343,-97.93378,26,8.268831
Shape_Route_88,22.41434,-97.93363,27,8.370751
Shape_Route_88,22.41439,-97.93392,28,8.401111
Shape_Route_88,22.41793,-97.93335,29,8.797385
Shape_Route_88,22.41806,-97.93457,30,8.923783
Shape_Route_88,22.41864,-97.93453,31,8.988125
Shape_Route_88,22.41905,-97.93476,32,9.039319
Shape_Route_88,22.4271,-97.93356,33,9.939038
Shape_Route_88,22.42575,-97.93107,34,10.235716
Shape_Route_88,22.42563,-97.92957,35,10.390674
Shape_Route_88,22.42502,-97.92518,36,10.847537
Shape_Route_88,22.42469,-97.92224,37,11.152337
Shape_Route_88,22.42379,-97.92237,38,11.25287
Shape_Route_88A,22.41537,-97.90939,1,0.0
Shape_Route_88A,22.41686,-97.91201,2,0.316133
Shape_Route_88A,22.41571,-97.91274,3,0.463969
Shape_Route_88A,22.41566,-97.91306,4,0.497369
Shape_Route_88A,22.41577,-97.91434,5,0.629685
Shape_Route_88A,22.41587,-97.91507,6,0.705638
Shape_Route_88A,22.41658,-97.91595,7,0.825568
Shape_Route_88A,22.41508,-97.91627,8,0.994866
Shape_Route_88A,22.41411,-97.91647,9,1.104209
Shape_Route_88A,22.41404,-97.91565,10,1.18897
Shape_Route_88A,22.41321,-97.91579,11,1.281982
Shape_Route_88A,22.41348,-97.9188,12,1.593254
Shape_Route_88A,22.41232,-97.91893,13,1.722371
Shape_Route_88A,22.41199,-97.9195,14,1.791489
Shape_Route_88A,22.41191,-97.91991,15,1.834612
Shape_Route_88A,22.41211,-97.92128,16,1.977362
Shape_Route_88A,22.41546,-97.92084,17,2.35099
Shape_Route_88A,22.41568,-97.92232,18,2.505266
Shape_Route_88A,22.41767,-97.9221,19,2.726737
Shape_Route_88A,22.41788,-97.92401,20,2.924705
Shape_Route_88A,22.41849,-97.93112,21,3.659654
Shape_Route_88A,22.41803,-97.93156,22,3.727805
Shape_Route_88A,22.41758,-97.93173,23,3.780607
Shape_Route_88A,22.41235,-97.93169,24,4.359626
Shape_Route_88A,22.41213,-97.93179,25,4.386067
Shape_Route_88A,22.4106,-97.93462,26,4.723041
Shape_Route_88A,22.40797,-97.93247,27,5.088768
Shape_Route_88A,22.4106,-97.93462,28,5.454494
Shape_Route_88A,22.40853,-97.93833,29,5.899872
Shape_Route_88A,22.40577,-97.93726,30,6.224672
Shape_Route_88A,22.39722,-97.93805,31,7.174711
Shape_Route_88A,22.39694,-97.93689,32,7.298086
Shape_Route_88A,22.39775,-97.9367,33,7.389868
Shape_Route_88A,22.39778,-97.93669,34,7.393345
Shape_Route_88A,22.39796,-97.93762,35,7.491136
Shape_Route_88A,22.39803,-97.93793,36,7.523977
Shape_Route_88A,22.40577,-97.93726,37,8.383627
Shape_Route_88A,22.40853,-97.93833,38,8.708426
Shape_Route_88A,22.4106,-97.93462,39,9.153805
Shape_Route_88A,22.40797,-97.93247,40,9.519531
Shape_Route_88A,22.4106,-97.93462,41,9.885257
Shape_Route_88A,22.41213,-97.93179,42,10.222231
Shape_Route_88A,22.41235,-97.93169,43,10.248673
Shape_Route_88A,22.41758,-97.93173,44,10.827691
Shape_Route_88A,22.41803,-97.93156,45,10.880494
Shape_Route_88A,22.41849,-97.93112,46,10.948645
Shape_Route_88A,22.41788,-97.92401,47,11.683593
Shape_Route_88A,22.41767,-97.9221,48,11.881562
Shape_Route_88A,22.41568,-97.92232,49,12.103033
Shape_Route_88A,22.41546,-97.92084,50,12.257308
Shape_Route_88A,22.41211,-97.92128,51,12.630937
Shape_Route_88A,22.41191,-97.91991,52,12.773686
Shape_Route_88A,22.41199,-97.9195,53,12.816809
Shape_Route_88A,22.41232,-97.91893,54,12.885927
Shape_Route_88A,22.41348,-97.9188,55,13.015045
Shape_Route_88A,22.41321,-97.91579,56,13.326317
Shape_Route_88A,22.41404,-97.91565,57,13.419328
Shape_Route_88A,22.41411,-97.91647,58,13.504089
Shape_Route_88A,22.41508,-97.91627,59,13.613432
Shape_Route_88A,22.41658,-97.91595,60,13.78273
Shape_Route_88A,22.41587,-97.91507,61,13.902661
Shape_Route_88A,22.41577,-97.91434,62,13.978613
Shape_Route_88A,22.41566,-97.91306,63,14.110929
Shape_Route_88A,22.41571,-97.91274,64,14.14433
Shape_Route_88A,22.41686,-97.91201,65,14.292165
Shape_Route_89A,22.41213,-97.92128,1,0.0
Shape_Route_89A,22.41225,-97.92228,2,0.103789
Shape_Route_89A,22.40937,-97.92268,3,0.425277
Shape_Route_89A,22.40925,-97.92171,4,0.526007
Shape_Route_89A,22.40031,-97.92292,5,1.523546
Shape_Route_89A,22.39947,-97.92318,6,1.620316
Shape_Route_89A,22.39746,-97.92904,7,2.263309
Shape_Route_89A,22.39713,-97.92962,8,2.333308
Shape_Route_89A,22.39464,-97.93185,9,2.692047
Shape_Route_89A,22.39449,-97.93247,10,2.758
Shape_Route_89A,22.3953,-97.93337,11,2.886941
Shape_Route_89A,22.39558,-97.93419,12,2.97687
Shape_Route_89A,22.39574,-97.9353,13,3.092506
Shape_Route_89A,22.39745,-97.93493,14,3.28561
Shape_Route_89A,22.39762,-97.93578,15,3.375115
Shape_Route_89A,22.3967,-97.93599,16,3.479236
Shape_Route_89A,22.39691,-97.93692,17,3.577758
Shape_Route_89A,22.39676,-97.936,18,3.673914
Shape_Route_89A,22.39652,-97.93462,19,3.818443
Shape_Route_89A,22.3962,-97.93316,20,3.972864
Shape_Route_89A,22.39533,-97.93338,21,4.071807
Shape_Route_89A,22.39505,-97.933,22,4.12172
Shape_Route_89A,22.39481,-97.93268,23,4.164043
Shape_Route_89A,22.39457,-97.93251,24,4.195859
Shape_Route_89A,22.39449,-97.93247,25,4.205626
Shape_Route_89A,22.39464,-97.93185,26,4.271579
Shape_Route_89A,22.39713,-97.92962,27,4.630317
Shape_Route_89A,22.39748,-97.92838,28,4.763722
Shape_Route_89A,22.39765,-97.92749,29,4.857257
Shape_Route_89A,22.39733,-97.92525,30,5.090562
Shape_Route_89A,22.39764,-97.924,31,5.223743
Shape_Route_89A,22.39839,-97.92278,32,5.374302
Shape_Route_89A,22.39937,-97.92175,33,5.526006
Shape_Route_89A,22.39962,-97.92197,34,5.561768
Shape_Route_89A,22.39976,-97.92234,35,5.60289
Shape_Route_89A,22.39953,-97.92322,36,5.696992
Shape_Route_89A,22.40031,-97.92292,37,5.788701
Shape_Route_89A,22.40925,-97.92171,38,6.786241
Shape_Route_89A,22.40937,-97.92268,39,6.88697
Shape_Route_89A,22.41225,-97.92228,40,7.208458
Shape_Route_90,22.5211,-97.90462,1,0.0
Shape_Route_90,22.51961,-97.90432,2,0.16782
Shape_Route_90,22.51761,-97.90393,3,0.392845
Shape_Route_90,22.47457,-97.90381,4,5.157825
Shape_Route_90,22.43844,-97.89514,5,9.256058
Shape_Route_90,22.42361,-97.88587,6,11.154973
Shape_Route_90,22.42111,-97.88479,7,11.453237
Shape_Route_90,22.41916,-97.88496,8,11.669829
Shape_Route_90,22.40754,-97.88934,9,13.032992
Shape_Route_90,22.40488,-97.89333,10,13.538388
Shape_Route_90,22.40373,-97.90981,11,15.239642
Shape_Route_90,22.40016,-97.92093,12,16.45068
Shape_Route_90,22.39754,-97.92865,13,17.296694
Shape_Route_90,22.39433,-97.932,14,17.791898
Shape_Route_90,22.39536,-97.93363,15,17.994781
Shape_Route_90,22.39572,-97.93526,16,18.167253
Shape_Route_90,22.39745,-97.93493,17,18.361767
Shape_Route_90,22.39763,-97.9358,18,18.45352
Shape_Route_90,22.3959,-97.93617,19,18.648796
Shape_Route_90,22.39579,-97.93582,20,18.686829
Shape_Route_90,22.39574,-97.93552,21,18.718206
Shape_Route_90,22.39572,-97.93526,22,18.745063
Shape_Route_90,22.39536,-97.93363,23,18.917536
Shape_Route_90,22.39433,-97.932,24,19.120418
Shape_Route_90,22.39649,-97.93018,25,19.424208
Shape_Route_90,22.39754,-97.92865,26,19.619966
Shape_Route_90,22.39742,-97.9264,27,19.851976
Shape_Route_90,22.39736,-97.925,28,19.996254
Shape_Route_90,22.39772,-97.92365,29,20.140833
Shape_Route_90,22.40016,-97.92093,30,20.529903
Shape_Route_90,22.40397,-97.90975,31,21.755667
Shape_Route_90,22.40488,-97.89333,32,23.448972
Shape_Route_90,22.40464,-97.88868,33,23.928389
Shape_Route_90,22.40381,-97.88874,34,24.020485
Shape_Route_90,22.40337,-97.88958,35,24.119734
Shape_Route_90,22.40331,-97.89011,36,24.174696
Shape_Route_90,22.40371,-97.89069,37,24.249033
Shape_Route_90,22.41916,-97.88496,38,26.058336
Shape_Route_90,22.42111,-97.88479,39,26.274928
Shape_Route_90,22.42361,-97.88587,40,26.573192
Shape_Route_90,22.43844,-97.89514,41,28.472108
Shape_Route_90,22.47457,-97.90381,42,32.570341
Shape_Route_90,22.51761,-97.90393,43,37.335321
Shape_Route_90,22.52108,-97.90471,44,37.727774
Shape_Route_90A,22.3976,-97.93581,1,0.0
Shape_Route_90A,22.39594,-97.93617,2,0.187475
Shape_Route_90A,22.39615,-97.93733,3,0.309135
Shape_Route_90A,22.39649,-97.93785,4,0.374576
Shape_Route_90A,22.39722,-97.93801,5,0.457054
Shape_Route_90A,22.4011,-97.93762,6,0.888473
Shape_Route_90A,22.40378,-97.93731,7,1.186881
Shape_Route_90A,22.4058,-97.93728,8,1.410532
Shape_Route_90A,22.40845,-97.93826,9,1.720768
Shape_Route_90A,22.4146,-97.94089,10,2.453469
Shape_Route_90A,22.41755,-97.94211,11,2.803368
Shape_Route_90A,22.41781,-97.94218,12,2.83304
Shape_Route_90A,22.41809,-97.94213,13,2.864463
Shape_Route_90A,22.41816,-97.94173,14,2.906358
Shape_Route_90A,22.41355,-97.93763,15,3.568607
Shape_Route_90A,22.41367,-97.93745,16,3.591406
Shape_Route_90A,22.41929,-97.94244,17,4.398203
Shape_Route_90A,22.42016,-97.94324,18,4.52492
Shape_Route_90A,22.42158,-97.94421,19,4.71115
Shape_Route_90A,22.42207,-97.94455,20,4.775706
Shape_Route_90A,22.42956,-97.94348,21,5.612189
Shape_Route_90A,22.4364,-97.94249,22,6.376257
Shape_Route_90A,22.43989,-97.942,23,6.765905
Shape_Route_90A,22.44257,-97.94219,24,7.063247
Shape_Route_90A,22.44921,-97.93575,25,8.052996
Shape_Route_90A,22.45282,-97.93251,26,8.57347
Shape_Route_90A,22.45401,-97.93196,27,8.716857
Shape_Route_90A,22.45286,-97.92955,28,8.995628
Shape_Route_90A,22.4529,-97.9126,29,10.739883
Shape_Route_90A,22.45302,-97.90795,30,11.218579
Shape_Route_90A,22.45278,-97.89855,31,12.186261
Shape_Route_90A,22.46973,-97.90269,32,14.11054
Shape_Route_90A,22.47461,-97.90376,33,14.661907
Shape_Route_90A,22.50324,-97.90393,34,17.831583
Shape_Route_90A,22.51844,-97.90404,35,19.514418
Shape_Route_90A,22.52104,-97.90473,36,19.810886
Shape_Route_90A,22.51844,-97.90404,37,20.107353
Shape_Route_90A,22.50324,-97.90393,38,21.790188
Shape_Route_90A,22.47461,-97.90376,39,24.959864
Shape_Route_90A,22.46973,-97.90269,40,25.511231
Shape_Route_90A,22.45278,-97.89855,41,27.43551
Shape_Route_90A,22.45302,-97.90795,42,28.403192
Shape_Route_90A,22.4529,-97.9126,43,28.881888
Shape_Route_90A,22.45286,-97.92955,44,30.626143
Shape_Route_90A,22.45401,-97.93196,45,30.904915
Shape_Route_90A,22.45282,-97.93251,46,31.048301
Shape_Route_90A,22.44921,-97.93575,47,31.568775
Shape_Route_90A,22.44257,-97.94219,48,32.558524
Shape_Route_90A,22.43989,-97.942,49,32.855866
Shape_Route_90A,22.4364,-97.94249,50,33.245515
Shape_Route_90A,22.42956,-97.94348,51,34.009582
Shape_Route_90A,22.42207,-97.94455,52,34.846066
Shape_Route_90A,22.42158,-97.94421,53,34.910621
Shape_Route_90A,22.42016,-97.94324,54,35.096851
Shape_Route_90A,22.41927,-97.94303,55,35.197724
Shape_Route_90A,22.41831,-97.94256,56,35.314496
Shape_Route_90A,22.41747,-97.94221,57,35.414225
Shape_Route_90A,22.4146,-97.94089,58,35.759788
Shape_Route_90A,22.40845,-97.93826,59,36.49249
Shape_Route_90A,22.4058,-97.93728,60,36.802725
Shape_Route_90A,22.40378,-97.93731,61,37.026376
Shape_Route_90A,22.4011,-97.93762,62,37.324785
Shape_Route_90A,22.39722,-97.93801,63,37.756203
Shape_Route_90A,22.39649,-97.93785,64,37.838681
Shape_Route_90A,22.39615,-97.93733,65,37.904122
Shape_Route_90A,22.39577,-97.93524,66,38.123356
Shape_Route_90A,22.39746,-97.93498,67,38.312357
Shape_Route_90A,22.3976,-97.93579,68,38.397171
Shape_Route_91,22.39691,-97.93689,1,0.0
Shape_Route_91,22.39673,-97.93596,2,0.097792
Shape_Route_91,22.39276,-97.93672,3,0.544212
Shape_Route_91,22.39312,-97.93865,4,0.746861
Shape_Route_91,22.39024,-97.93919,5,1.07051
Shape_Route_91,22.39055,-97.94151,6,1.311809
Shape_Route_91,22.39084,-97.94352,7,1.521216
Shape_Route_91,22.39059,-97.94411,8,1.587965
Shape_Route_91,22.38932,-97.94428,9,1.729649
Shape_Route_91,22.3896,-97.9477,10,2.083105
Shape_Route_91,22.38794,-97.94792,11,2.26827
Shape_Route_91,22.38805,-97.94897,12,2.377054
Shape_Route_91,22.3875,-97.949,13,2.438021
Shape_Route_91,22.3874,-97.9479,14,2.551809
Shape_Route_91,22.38567,-97.94803,15,2.7438
Shape_Route_91,22.38567,-97.94746,16,2.802484
Shape_Route_91,22.38578,-97.94703,17,2.848399
Shape_Route_91,22.38578,-97.94711,18,2.856635
Shape_Route_91,22.38619,-97.94719,19,2.902766
Shape_Route_91,22.38782,-97.94699,20,3.08439
Shape_Route_91,22.38774,-97.946,21,3.186698
Shape_Route_91,22.38767,-97.94524,22,3.265325
Shape_Route_91,22.3876,-97.94448,23,3.343952
Shape_Route_91,22.38798,-97.94447,24,3.386033
Shape_Route_91,22.38861,-97.94435,25,3.456865
Shape_Route_91,22.38932,-97.94428,26,3.535796
Shape_Route_91,22.39059,-97.94411,27,3.67748
Shape_Route_91,22.39084,-97.94352,28,3.744229
Shape_Route_91,22.39055,-97.94151,29,3.953636
Shape_Route_91,22.39018,-97.93829,30,4.28766
Shape_Route_91,22.39184,-97.93791,31,4.475552
Shape_Route_91,22.39168,-97.93695,32,4.575959
Shape_Route_91,22.39178,-97.93602,33,4.672341
Shape_Route_91,22.39266,-97.9358,34,4.772362
Shape_Route_91,22.39494,-97.93536,35,5.028808
Shape_Route_91,22.39529,-97.93728,36,5.230229
Shape_Route_91,22.39694,-97.9369,37,5.417039
Shape_Route_91A,22.39692,-97.93691,1,0.0
Shape_Route_91A,22.39677,-97.93593,2,0.102245
Shape_Route_91A,22.39276,-97.93671,3,0.553387
Shape_Route_91A,22.39312,-97.93864,4,0.756037
Shape_Route_91A,22.39024,-97.93919,5,1.079864
Shape_Route_91A,22.39064,-97.94177,6,1.349143
Shape_Route_91A,22.39089,-97.94352,7,1.531421
Shape_Route_91A,22.39068,-97.94404,8,1.589785
Shape_Route_91A,22.3904,-97.94413,9,1.622138
Shape_Route_91A,22.39091,-97.9491,10,2.136909
Shape_Route_91A,22.39044,-97.94943,11,2.199051
Shape_Route_91A,22.39155,-97.95112,12,2.412058
Shape_Route_91A,22.39243,-97.95043,13,2.532628
Shape_Route_91A,22.39482,-97.95019,14,2.798369
Shape_Route_91A,22.39542,-97.94923,15,2.917447
Shape_Route_91A,22.39534,-97.94864,16,2.978828
Shape_Route_91A,22.39452,-97.94752,17,3.125577
Shape_Route_91A,22.39256,-97.94772,18,3.343538
Shape_Route_91A,22.39285,-97.95037,19,3.618236
Shape_Route_91A,22.39256,-97.94772,20,3.892934
Shape_Route_91A,22.39452,-97.94752,21,4.110895
Shape_Route_91A,22.39534,-97.94864,22,4.257645
Shape_Route_91A,22.39542,-97.94923,23,4.319026
Shape_Route_91A,22.39482,-97.95019,24,4.438103
Shape_Route_91A,22.39243,-97.95043,25,4.703845
Shape_Route_91A,22.39155,-97.95112,26,4.824415
Shape_Route_91A,22.39044,-97.94943,27,5.037422
Shape_Route_91A,22.39091,-97.9491,28,5.099563
Shape_Route_91A,22.3904,-97.94413,29,5.614334
Shape_Route_91A,22.39068,-97.94404,30,5.646687
Shape_Route_91A,22.39089,-97.94352,31,5.705052
Shape_Route_91A,22.39064,-97.94177,32,5.887329
Shape_Route_91A,22.39022,-97.93829,33,6.248603
Shape_Route_91A,22.39183,-97.93792,34,6.430868
Shape_Route_91A,22.3917,-97.93688,35,6.538899
Shape_Route_91A,22.39175,-97.93601,36,6.628636
Shape_Route_91A,22.39496,-97.93539,37,6.989695
Shape_Route_91A,22.39525,-97.93726,38,7.184866
Shape_Route_91A,22.39692,-97.93689,39,7.373631
Shape_Route_91A,22.39677,-97.93593,40,7.473845
Shape_Route_92,22.21472,-97.85989,1,0.0
Shape_Route_92,22.21835,-97.85798,2,0.447507
Shape_Route_92,22.22062,-97.86323,3,1.044176
Shape_Route_92,22.22172,-97.86329,4,1.166111
Shape_Route_92,22.22315,-97.86331,5,1.324437
Shape_Route_92,22.22464,-97.86401,6,1.504481
Shape_Route_92,22.22773,-97.86515,7,1.866187
Shape_Route_92,22.23207,-97.8668,8,2.375869
Shape_Route_92,22.23703,-97.86879,9,2.962035
Shape_Route_92,22.24085,-97.87058,10,3.423426
Shape_Route_92,22.24496,-97.87235,11,3.91364
Shape_Route_92,22.24653,-97.87312,12,4.10471
Shape_Route_92,22.24859,-97.87425,13,4.360781
Shape_Route_92,22.25078,-97.87509,14,4.618222
Shape_Route_92,22.25362,-97.87603,15,4.947217
Shape_Route_92,22.25513,-97.8764,16,5.118679
Shape_Route_92,22.2572,-97.8766,17,5.348769
Shape_Route_92,22.2596,-97.87619,18,5.617806
Shape_Route_92,22.26207,-97.87547,19,5.901142
Shape_Route_92,22.26518,-97.87462,20,6.25641
Shape_Route_92,22.26728,-97.87389,21,6.500763
Shape_Route_92,22.27051,-97.87385,22,6.858374
Shape_Route_92,22.27271,-97.87472,23,7.117905
Shape_Route_92,22.27736,-97.87339,24,7.650626
Shape_Route_92,22.28036,-97.87304,25,7.984703
Shape_Route_92,22.28229,-97.87292,26,8.198727
Shape_Route_92,22.28484,-97.87404,27,8.503707
Shape_Route_92,22.28648,-97.87352,28,8.693008
Shape_Route_92,22.28845,-97.8727,29,8.926895
Shape_Route_92,22.28942,-97.87204,30,9.054
Shape_Route_92,22.29027,-97.87225,31,9.150558
Shape_Route_92,22.29123,-97.87325,32,9.298578
Shape_Route_92,22.29425,-97.87528,33,9.692941
Shape_Route_92,22.30128,-97.87964,34,10.591536
Shape_Route_92,22.30496,-97.88173,35,11.052336
Shape_Route_92,22.30704,-97.88151,36,11.283722
Shape_Route_92,22.32545,-97.87578,37,13.405609
Shape_Route_92,22.33144,-97.87387,38,14.09732
Shape_Route_92,22.33525,-97.87323,39,14.52424
Shape_Route_92,22.33916,-97.87441,40,14.973849
Shape_Route_92,22.34559,-97.87617,41,15.708422
Shape_Route_92,22.34795,-97.87838,42,16.054925
Shape_Route_92,22.3501,-97.88119,43,16.429622
Shape_Route_92,22.35141,-97.88376,44,16.731417
Shape_Route_92,22.35424,-97.88722,45,17.205884
Shape_Route_92,22.3572,-97.89007,46,17.645794
Shape_Route_92,22.36954,-97.90136,47,19.439641
Shape_Route_92,22.38647,-97.91878,48,22.033847
Shape_Route_92,22.38774,-97.92104,49,22.305705
Shape_Route_92,22.38855,-97.92179,50,22.424041
Shape_Route_92,22.38976,-97.92243,51,22.573326
Shape_Route_92,22.3906,-97.92382,52,22.74399
Shape_Route_92,22.39085,-97.92593,53,22.962974
Shape_Route_92,22.39177,-97.92962,54,23.356279
Shape_Route_92,22.39429,-97.93215,55,23.737949
Shape_Route_92,22.39563,-97.93428,56,24.002696
Shape_Route_92,22.39578,-97.93525,57,24.103926
Shape_Route_92,22.3966,-97.93509,58,24.196189
Shape_Route_92,22.39645,-97.93402,59,24.307586
Shape_Route_92,22.39563,-97.93428,60,24.40223
Shape_Route_92,22.39429,-97.93215,61,24.666977
Shape_Route_92,22.39177,-97.92962,62,25.048647
Shape_Route_92,22.39085,-97.92593,63,25.441952
Shape_Route_92,22.3906,-97.92382,64,25.660936
Shape_Route_92,22.38976,-97.92243,65,25.8316
Shape_Route_92,22.38855,-97.92179,66,25.980885
Shape_Route_92,22.38774,-97.92104,67,26.099221
Shape_Route_92,22.38647,-97.91878,68,26.371079
Shape_Route_92,22.36954,-97.90136,69,28.965285
Shape_Route_92,22.3572,-97.89007,70,30.759132
Shape_Route_92,22.35424,-97.88722,71,31.199042
Shape_Route_92,22.35141,-97.88376,72,31.673509
Shape_Route_92,22.3501,-97.88119,73,31.975304
Shape_Route_92,22.34795,-97.87838,74,32.350001
Shape_Route_92,22.34559,-97.87617,75,32.696504
Shape_Route_92,22.33916,-97.87441,76,33.431077
Shape_Route_92,22.33525,-97.87323,77,33.880686
Shape_Route_92,22.33144,-97.87387,78,34.307606
Shape_Route_92,22.32545,-97.87578,79,34.999317
Shape_Route_92,22.30704,-97.88151,80,37.121204
Shape_Route_92,22.30496,-97.88173,81,37.35259
Shape_Route_92,22.30128,-97.87964,82,37.81339
Shape_Route_92,22.29425,-97.87528,83,38.711985
Shape_Route_92,22.29123,-97.87325,84,39.106348
Shape_Route_92,22.29027,-97.87225,85,39.254368
Shape_Route_92,22.28942,-97.87204,86,39.350926
Shape_Route_92,22.28845,-97.8727,87,39.478031
Shape_Route_92,22.28648,-97.87352,88,39.711918
Shape_Route_92,22.28484,-97.87404,89,39.901219
Shape_Route_92,22.28229,-97.87292,90,40.206199
Shape_Route_92,22.28036,-97.87304,91,40.420223
Shape_Route_92,22.27736,-97.87339,92,40.7543
Shape_Route_92,22.27271,-97.87472,93,41.287021
Shape_Route_92,22.27051,-97.87385,94,41.546552
Shape_Route_92,22.26728,-97.87389,95,41.904163
Shape_Route_92,22.26518,-97.87462,96,42.148516
Shape_Route_92,22.26207,-97.87547,97,42.503785
Shape_Route_92,22.2596,-97.87619,98,42.78712
Shape_Route_92,22.2572,-97.8766,99,43.056157
Shape_Route_92,22.25513,-97.8764,100,43.286247
Shape_Route_92,22.25362,-97.87603,101,43.457709
Shape_Route_92,22.25078,-97.87509,102,43.786704
Shape_Route_92,22.24859,-97.87425,103,44.044145
Shape_Route_92,22.24653,-97.87312,104,44.300216
Shape_Route_92,22.24496,-97.87235,105,44.491286
Shape_Route_92,22.24085,-97.87058,106,44.9815
Shape_Route_92,22.23703,-97.86879,107,45.442891
Shape_Route_92,22.23207,-97.8668,108,46.029057
Shape_Route_92,22.22773,-97.86515,109,46.538739
Shape_Route_92,22.22464,-97.86401,110,46.900445
Shape_Route_92,22.22315,-97.86331,111,47.080489
Shape_Route_92,22.22172,-97.86329,112,47.238815
Shape_Route_92,22.22062,-97.86323,113,47.36075
Shape_Route_92,22.21946,-97.86276,114,47.498006
Shape_Route_92,22.21716,-97.85752,115,48.095152
Shape_Route_92,22.21397,-97.85918,116,48.487582
Shape_Route_92,22.21422,-97.85969,117,48.546995
Shape_Route_92,22.21478,-97.85991,118,48.613009
Shape_Route_92,22.21836,-97.858,119,49.055552
Shape_Route_93,22.39588,-97.93617,1,0.0
Shape_Route_93,22.39556,-97.93421,2,0.204863
Shape_Route_93,22.3951,-97.93299,3,0.340391
Shape_Route_93,22.3941,-97.93203,4,0.488795
Shape_Route_93,22.39561,-97.93073,5,0.702936
Shape_Route_93,22.39714,-97.92957,6,0.910183
Shape_Route_93,22.39761,-97.92785,7,1.094738
Shape_Route_93,22.39731,-97.92595,8,1.293135
Shape_Route_93,22.39761,-97.92402,9,1.494579
Shape_Route_93,22.3985,-97.92261,10,1.670015
Shape_Route_93,22.39976,-97.92138,11,1.858406
Shape_Route_93,22.40028,-97.92028,12,1.985439
Shape_Route_93,22.40163,-97.91649,13,2.403242
Shape_Route_93,22.40341,-97.91161,14,2.942872
Shape_Route_93,22.40405,-97.90874,15,3.246693
Shape_Route_93,22.4048,-97.89091,16,5.084025
Shape_Route_93,22.40458,-97.88861,17,5.322041
Shape_Route_93,22.40403,-97.88856,18,5.383148
Shape_Route_93,22.40379,-97.88876,19,5.416762
Shape_Route_93,22.40349,-97.88937,20,5.487799
Shape_Route_93,22.40331,-97.89001,21,5.55663
Shape_Route_93,22.40358,-97.89047,22,5.612629
Shape_Route_93,22.40392,-97.89045,23,5.650327
Shape_Route_93,22.40964,-97.88846,24,6.315894
Shape_Route_93,22.41603,-97.88606,25,7.065223
Shape_Route_93,22.41892,-97.88496,26,7.404618
Shape_Route_93,22.42154,-97.88484,27,7.69494
Shape_Route_93,22.42472,-97.8866,28,8.090871
Shape_Route_93,22.42813,-97.88874,29,8.527948
Shape_Route_93,22.43555,-97.89338,30,9.478142
Shape_Route_93,22.4386,-97.89526,31,9.867313
Shape_Route_93,22.45276,-97.89857,32,11.471544
Shape_Route_93,22.45284,-97.9034,33,11.968659
Shape_Route_93,22.45276,-97.89857,34,12.465775
Shape_Route_93,22.4386,-97.89526,35,14.070006
Shape_Route_93,22.43555,-97.89338,36,14.459177
Shape_Route_93,22.42813,-97.88874,37,15.409371
Shape_Route_93,22.42472,-97.8866,38,15.846448
Shape_Route_93,22.42154,-97.88484,39,16.242379
Shape_Route_93,22.41892,-97.88496,40,16.532701
Shape_Route_93,22.41603,-97.88606,41,16.872096
Shape_Route_93,22.40964,-97.88846,42,17.621425
Shape_Route_93,22.40763,-97.88925,43,17.858345
Shape_Route_93,22.4064,-97.89102,44,18.085812
Shape_Route_93,22.40484,-97.89318,45,18.367359
Shape_Route_93,22.40405,-97.90874,46,19.97152
Shape_Route_93,22.40341,-97.91161,47,20.275342
Shape_Route_93,22.40163,-97.91649,48,20.814971
Shape_Route_93,22.40028,-97.92028,49,21.232775
Shape_Route_93,22.40018,-97.92116,50,21.32404
Shape_Route_93,22.39964,-97.92275,51,21.498298
Shape_Route_93,22.39919,-97.92421,52,21.656639
Shape_Route_93,22.39897,-97.92516,53,21.757424
Shape_Route_93,22.39841,-97.92619,54,21.880252
Shape_Route_93,22.39815,-97.92698,55,21.966522
Shape_Route_93,22.39784,-97.92803,56,22.079933
Shape_Route_93,22.39714,-97.92957,57,22.256397
Shape_Route_93,22.39561,-97.93073,58,22.463644
Shape_Route_93,22.3941,-97.93203,59,22.677786
Shape_Route_93,22.3951,-97.93299,60,22.82619
Shape_Route_93,22.39556,-97.93421,61,22.961717
Shape_Route_95,22.39714,-97.93781,1,0.0
Shape_Route_95,22.39691,-97.9369,2,0.09708
Shape_Route_95,22.3978,-97.9367,3,0.197738
Shape_Route_95,22.39801,-97.93791,4,0.324453
Shape_Route_95,22.40071,-97.93766,5,0.62447
Shape_Route_95,22.40345,-97.93739,6,0.92908
Shape_Route_95,22.40558,-97.93724,7,1.165393
Shape_Route_95,22.40867,-97.93829,8,1.524149
Shape_Route_95,22.41774,-97.94222,9,2.606694
Shape_Route_95,22.41803,-97.94217,10,2.63921
Shape_Route_95,22.41814,-97.94182,11,2.677238
Shape_Route_95,22.41213,-97.93627,12,3.554196
Shape_Route_95,22.41226,-97.93611,13,3.576068
Shape_Route_95,22.41938,-97.94261,14,4.609975
Shape_Route_95,22.42206,-97.94456,15,4.968185
Shape_Route_95,22.42388,-97.94612,16,5.225826
Shape_Route_95,22.42596,-97.94858,17,5.568074
Shape_Route_95,22.42786,-97.95123,18,5.912511
Shape_Route_95,22.42937,-97.95333,19,6.185752
Shape_Route_95,22.43559,-97.96204,20,7.316131
Shape_Route_95,22.43954,-97.96756,21,8.033039
Shape_Route_95,22.43934,-97.96764,22,8.056662
Shape_Route_95,22.43542,-97.96215,23,8.769099
Shape_Route_95,22.43418,-97.96324,24,8.946382
Shape_Route_95,22.43418,-97.96365,25,8.988579
Shape_Route_95,22.43151,-97.96404,26,9.286881
Shape_Route_95,22.43198,-97.96781,27,9.678362
Shape_Route_95,22.42938,-97.96821,28,9.96913
Shape_Route_95,22.42931,-97.96821,29,9.976879
Shape_Route_95,22.42879,-97.96392,30,10.422151
Shape_Route_95,22.43145,-97.96354,31,10.719219
Shape_Route_95,22.43151,-97.96404,32,10.771106
Shape_Route_95,22.43418,-97.96365,33,11.069407
Shape_Route_95,22.43418,-97.96324,34,11.111604
Shape_Route_95,22.43542,-97.96215,35,11.288887
Shape_Route_95,22.43934,-97.96764,36,12.001324
Shape_Route_95,22.43954,-97.96756,37,12.024947
Shape_Route_95,22.43559,-97.96204,38,12.741855
Shape_Route_95,22.4311,-97.95625,39,13.517859
Shape_Route_95,22.42841,-97.95646,40,13.816446
Shape_Route_95,22.4292,-97.95588,41,13.922335
Shape_Route_95,22.43084,-97.95575,42,14.104388
Shape_Route_95,22.42926,-97.9535,43,14.394599
Shape_Route_95,22.42466,-97.95482,44,14.921665
Shape_Route_95,22.42319,-97.95163,45,15.288118
Shape_Route_95,22.42194,-97.95185,46,15.428343
Shape_Route_95,22.42194,-97.94705,47,15.922395
Shape_Route_95,22.42198,-97.94461,48,16.173578
Shape_Route_95,22.41938,-97.94299,49,16.506228
Shape_Route_95,22.40867,-97.93829,50,17.78681
Shape_Route_95,22.40558,-97.93724,51,18.145567
Shape_Route_95,22.40345,-97.93739,52,18.381879
Shape_Route_95,22.40071,-97.93766,53,18.686489
Shape_Route_95,22.39801,-97.93791,54,18.986506
Shape_Route_95,22.39718,-97.93799,55,19.078762
Shape_Route_95,22.39691,-97.9369,56,19.194886
Shape_Route_94,22.40589,-98.02262,1,0.0
Shape_Route_94,22.4067,-98.02229,2,0.09589
Shape_Route_94,22.40653,-98.02064,3,0.266775
Shape_Route_94,22.40488,-98.02116,4,0.45712
Shape_Route_94,22.40559,-98.02384,5,0.743973
Shape_Route_94,22.40724,-98.02362,6,0.928035
Shape_Route_94,22.41077,-98.02285,7,1.326782
Shape_Route_94,22.41264,-98.0215,8,1.576114
Shape_Route_94,22.41432,-98.02019,9,1.805837
Shape_Route_94,22.41682,-98.0197,10,2.087159
Shape_Route_94,22.43122,-98.0176,11,3.695907
Shape_Route_94,22.4315,-98.0171,12,3.755981
Shape_Route_94,22.4409,-98.01564,13,4.807408
Shape_Route_94,22.44112,-98.01633,14,4.882478
Shape_Route_94,22.4552,-98.01423,15,6.456129
Shape_Route_94,22.47997,-98.01058,16,9.223926
Shape_Route_94,22.47184,-97.99197,17,11.339633
Shape_Route_94,22.45835,-97.98234,18,13.131893
Shape_Route_94,22.44407,-97.97253,19,15.007616
Shape_Route_94,22.44201,-97.97107,20,15.280719
Shape_Route_94,22.42533,-97.94788,21,18.298366
Shape_Route_94,22.42305,-97.94539,22,18.658082
Shape_Route_94,22.4196,-97.94297,23,19.114068
Shape_Route_94,22.41859,-97.94271,24,19.229041
Shape_Route_94,22.4168,-97.94185,25,19.446081
Shape_Route_94,22.40619,-97.93734,26,20.709104
Shape_Route_94,22.40246,-97.93749,27,21.122333
Shape_Route_94,22.39716,-97.93806,28,21.712011
Shape_Route_94,22.39627,-97.93774,29,21.815902
Shape_Route_94,22.39604,-97.93706,30,21.890393
Shape_Route_94,22.3978,-97.93672,31,22.088357
Shape_Route_94,22.398,-97.93795,32,22.216902
Shape_Route_94,22.40246,-97.93749,33,22.712924
Shape_Route_94,22.40619,-97.93734,34,23.126153
Shape_Route_94,22.4168,-97.94185,35,24.389176
Shape_Route_94,22.41785,-97.94221,36,24.511183
Shape_Route_94,22.41819,-97.94181,37,24.566968
Shape_Route_94,22.41355,-97.93762,38,25.237699
Shape_Route_94,22.4137,-97.93746,39,25.261087
Shape_Route_94,22.41827,-97.94155,40,25.91927
Shape_Route_94,22.42025,-97.94338,41,26.208285
Shape_Route_94,22.42305,-97.94539,42,26.580965
Shape_Route_94,22.42533,-97.94788,43,26.94068
Shape_Route_94,22.44201,-97.97107,44,29.958328
Shape_Route_94,22.44407,-97.97253,45,30.231431
Shape_Route_94,22.45835,-97.98234,46,32.107153
Shape_Route_94,22.47184,-97.99197,47,33.899413
Shape_Route_94,22.47997,-98.01058,48,36.01512
Shape_Route_94,22.4552,-98.01423,49,38.782917
Shape_Route_94,22.44112,-98.01633,50,40.356568
Shape_Route_94,22.4409,-98.01564,51,40.431638
Shape_Route_94,22.4315,-98.0171,52,41.483065
Shape_Route_94,22.43122,-98.0176,53,41.54314
Shape_Route_94,22.41682,-98.0197,54,43.151888
Shape_Route_94,22.41432,-98.02019,55,43.433209
Shape_Route_94,22.41264,-98.0215,56,43.662932
Shape_Route_94,22.41077,-98.02285,57,43.912265
Shape_Route_94,22.40724,-98.02362,58,44.311011
Shape_Route_94,22.40559,-98.02384,59,44.495074
Shape_Route_94,22.40488,-98.02116,60,44.781926
Shape_Route_94,22.40653,-98.02064,61,44.972271
Shape_Route_94,22.4067,-98.02229,62,45.143157
Shape_Route_95A,22.39713,-97.93781,1,0.0
Shape_Route_95A,22.39689,-97.93686,2,0.101344
Shape_Route_95A,22.39778,-97.93667,3,0.201797
Shape_Route_95A,22.39802,-97.93795,4,0.336219
Shape_Route_95A,22.40347,-97.93744,5,0.941856
Shape_Route_95A,22.40554,-97.93724,6,1.171945
Shape_Route_95A,22.41761,-97.94223,7,2.603511
Shape_Route_95A,22.41796,-97.9422,8,2.642382
Shape_Route_95A,22.41815,-97.94201,9,2.671103
Shape_Route_95A,22.41813,-97.94169,10,2.704115
Shape_Route_95A,22.41352,-97.93763,11,3.363748
Shape_Route_95A,22.41368,-97.93744,12,3.390135
Shape_Route_95A,22.41898,-97.94216,13,4.151921
Shape_Route_95A,22.42083,-97.9438,14,4.417329
Shape_Route_95A,22.42422,-97.94657,15,4.888643
Shape_Route_95A,22.42767,-97.95114,16,5.49455
Shape_Route_95A,22.43933,-97.96731,17,7.600695
Shape_Route_95A,22.43949,-97.96757,18,7.632784
Shape_Route_95A,22.43936,-97.96764,19,7.648878
Shape_Route_95A,22.4354,-97.9622,20,8.359963
Shape_Route_95A,22.43416,-97.96323,21,8.533405
Shape_Route_95A,22.43417,-97.96364,22,8.575616
Shape_Route_95A,22.43155,-97.96404,23,8.868576
Shape_Route_95A,22.43197,-97.96786,24,9.26447
Shape_Route_95A,22.43372,-97.96756,25,9.460653
Shape_Route_95A,22.43383,-97.96835,26,9.542865
Shape_Route_95A,22.43372,-97.96756,27,9.625077
Shape_Route_95A,22.43197,-97.96786,28,9.82126
Shape_Route_95A,22.42927,-97.96822,29,10.122457
Shape_Route_95A,22.42898,-97.96586,30,10.367465
Shape_Route_95A,22.42815,-97.96599,31,10.460321
Shape_Route_95A,22.42785,-97.96395,32,10.672894
Shape_Route_95A,22.43055,-97.96371,33,10.972823
Shape_Route_95A,22.43148,-97.96356,34,11.076932
Shape_Route_95A,22.43155,-97.96404,35,11.126938
Shape_Route_95A,22.43417,-97.96364,36,11.419898
Shape_Route_95A,22.43416,-97.96323,37,11.462109
Shape_Route_95A,22.4354,-97.9622,38,11.635551
Shape_Route_95A,22.43106,-97.9561,39,12.426116
Shape_Route_95A,22.42864,-97.9565,40,12.697173
Shape_Route_95A,22.42902,-97.95598,41,12.765247
Shape_Route_95A,22.43082,-97.95564,42,12.96757
Shape_Route_95A,22.42938,-97.95337,43,13.25041
Shape_Route_95A,22.42448,-97.9547,44,13.809882
Shape_Route_95A,22.42321,-97.95168,45,14.151038
Shape_Route_95A,22.41678,-97.9526,46,14.869159
Shape_Route_95A,22.41615,-97.9453,47,15.62379
Shape_Route_95A,22.41591,-97.94528,48,15.650439
Shape_Route_95A,22.41549,-97.94136,49,16.056604
Shape_Route_95A,22.40554,-97.93724,50,17.236967
Shape_Route_95A,22.40347,-97.93744,51,17.467055
Shape_Route_95A,22.39802,-97.93795,52,18.072692
Shape_Route_95A,22.39778,-97.93667,53,18.207115
Shape_Route_95A,22.39689,-97.93686,54,18.307568
Shape_Route_96,22.39716,-97.938,1,0.0
Shape_Route_96,22.40152,-97.9376,2,0.484439
Shape_Route_96,22.40423,-97.93731,3,0.785939
Shape_Route_96,22.40573,-97.93731,4,0.952001
Shape_Route_96,22.41758,-97.94217,5,2.356037
Shape_Route_96,22.4179,-97.94218,6,2.391478
Shape_Route_96,22.41813,-97.942,7,2.422968
Shape_Route_96,22.41812,-97.94167,8,2.456953
Shape_Route_96,22.41354,-97.93763,9,3.112713
Shape_Route_96,22.41368,-97.93745,10,3.136869
Shape_Route_96,22.41521,-97.93884,11,3.358593
Shape_Route_96,22.41809,-97.94136,12,3.769617
Shape_Route_96,22.41964,-97.9428,13,3.996365
Shape_Route_96,22.42186,-97.94455,14,4.301075
Shape_Route_96,22.42422,-97.94651,15,4.631166
Shape_Route_96,22.42769,-97.95118,16,5.246478
Shape_Route_96,22.4315,-97.95638,17,5.927906
Shape_Route_96,22.4363,-97.96346,18,6.829754
Shape_Route_96,22.44181,-97.9708,19,7.800689
Shape_Route_96,22.45302,-97.97867,20,9.282603
Shape_Route_96,22.45482,-97.97904,21,9.485481
Shape_Route_96,22.46034,-97.98296,22,10.217707
Shape_Route_96,22.46063,-97.9838,23,10.309911
Shape_Route_96,22.47196,-97.99212,24,11.828518
Shape_Route_96,22.49028,-98.03461,25,16.647548
Shape_Route_96,22.49646,-98.05469,26,18.823575
Shape_Route_96,22.50225,-98.07281,27,20.794665
Shape_Route_96,22.50265,-98.08602,28,22.154229
Shape_Route_96,22.50122,-98.08579,29,22.314295
Shape_Route_96,22.50098,-98.08699,30,22.440561
Shape_Route_96,22.49922,-98.08677,31,22.636711
Shape_Route_96,22.50161,-98.07913,32,23.465951
Shape_Route_96,22.50225,-98.07278,33,24.122976
Shape_Route_96,22.50245,-98.0725,34,24.159305
Shape_Route_96,22.50146,-98.0798,35,24.918176
Shape_Route_96,22.49924,-98.08658,36,25.657644
Shape_Route_96,22.50102,-98.0868,37,25.855994
Shape_Route_96,22.50122,-98.08577,38,25.964234
Shape_Route_96,22.50253,-98.08594,39,26.110308
Shape_Route_96,22.50245,-98.08443,40,26.265886
Shape_Route_96,22.50249,-98.07255,41,27.487926
Shape_Route_96,22.49797,-98.06002,42,28.870569
Shape_Route_96,22.4902,-98.03427,43,31.655678
Shape_Route_96,22.47196,-97.99187,44,36.462585
Shape_Route_96,22.45462,-97.97998,45,38.738962
Shape_Route_96,22.45181,-97.97792,46,39.115408
Shape_Route_96,22.44181,-97.9708,47,40.44299
Shape_Route_96,22.4363,-97.96346,48,41.413925
Shape_Route_96,22.4315,-97.95638,49,42.315773
Shape_Route_96,22.42769,-97.95118,50,42.997201
Shape_Route_96,22.42422,-97.94651,51,43.612513
Shape_Route_96,22.42186,-97.94455,52,43.942604
Shape_Route_96,22.41985,-97.94323,53,44.203325
Shape_Route_96,22.41758,-97.94217,54,44.477295
Shape_Route_96,22.40573,-97.93731,55,45.881331
Shape_Route_96,22.40423,-97.93731,56,46.047393
Shape_Route_96,22.40152,-97.9376,57,46.348892
Shape_Route_95B,22.39715,-97.93787,1,0.0
Shape_Route_95B,22.3969,-97.93687,2,0.106602
Shape_Route_95B,22.39779,-97.93669,3,0.206859
Shape_Route_95B,22.39808,-97.93799,4,0.344485
Shape_Route_95B,22.40175,-97.93756,5,0.753187
Shape_Route_95B,22.40474,-97.93714,6,1.087015
Shape_Route_95B,22.41545,-97.94125,7,2.345915
Shape_Route_95B,22.41585,-97.94528,8,2.763089
Shape_Route_95B,22.41615,-97.94528,9,2.796302
Shape_Route_95B,22.41674,-97.9526,10,3.552587
Shape_Route_95B,22.41387,-97.95314,11,3.875143
Shape_Route_95B,22.41272,-97.95421,12,4.043486
Shape_Route_95B,22.41147,-97.95608,13,4.280555
Shape_Route_95B,22.41095,-97.95633,14,4.343613
Shape_Route_95B,22.4126,-97.95936,15,4.70506
Shape_Route_95B,22.41285,-97.96067,16,4.842715
Shape_Route_95B,22.41529,-97.96438,17,5.310477
Shape_Route_95B,22.41591,-97.96541,18,5.436776
Shape_Route_95B,22.41456,-97.96586,19,5.593244
Shape_Route_95B,22.41583,-97.96848,20,5.897375
Shape_Route_95B,22.41742,-97.96786,21,6.084611
Shape_Route_95B,22.41591,-97.96541,22,6.387167
Shape_Route_95B,22.41742,-97.96786,23,6.689724
Shape_Route_95B,22.41583,-97.96848,24,6.876959
Shape_Route_95B,22.41456,-97.96586,25,7.181091
Shape_Route_95B,22.41591,-97.96541,26,7.337559
Shape_Route_95B,22.41529,-97.96438,27,7.463858
Shape_Route_95B,22.41285,-97.96067,28,7.93162
Shape_Route_95B,22.4126,-97.95936,29,8.069274
Shape_Route_95B,22.41095,-97.95633,30,8.430722
Shape_Route_95B,22.40986,-97.95479,31,8.629947
Shape_Route_95B,22.40889,-97.95404,32,8.762204
Shape_Route_95B,22.4078,-97.95243,33,8.967211
Shape_Route_95B,22.40643,-97.95007,34,9.253603
Shape_Route_95B,22.40635,-97.94895,35,9.369235
Shape_Route_95B,22.40129,-97.93878,36,10.556595
Shape_Route_95B,22.40069,-97.93766,37,10.689657
Shape_Route_95B,22.39808,-97.93799,38,10.980595
Shape_Route_95B,22.39722,-97.93803,39,11.075892
Shape_Route_95B,22.3969,-97.93687,40,11.200454
Shape_Route_97,22.39801,-97.93795,1,0.0
Shape_Route_97,22.39704,-97.93798,2,0.107431
Shape_Route_97,22.39624,-97.93762,3,0.203439
Shape_Route_97,22.39548,-97.93432,4,0.553428
Shape_Route_97,22.39504,-97.93306,5,0.691987
Shape_Route_97,22.39198,-97.92991,6,1.16095
Shape_Route_97,22.39155,-97.92909,7,1.257866
Shape_Route_97,22.3907,-97.92464,8,1.725562
Shape_Route_97,22.39047,-97.92387,9,1.808824
Shape_Route_97,22.39021,-97.923,10,1.902903
Shape_Route_97,22.38952,-97.92232,11,2.006519
Shape_Route_97,22.38859,-97.9219,12,2.118189
Shape_Route_97,22.38822,-97.92131,13,2.191453
Shape_Route_97,22.38726,-97.9202,14,2.347513
Shape_Route_97,22.38659,-97.91861,15,2.527232
Shape_Route_97,22.38264,-97.91475,16,3.118133
Shape_Route_97,22.37591,-97.90795,17,4.140534
Shape_Route_97,22.37395,-97.90606,18,4.432002
Shape_Route_97,22.3695,-97.90132,19,5.125477
Shape_Route_97,22.35428,-97.88737,20,7.339669
Shape_Route_97,22.34962,-97.88044,21,8.220274
Shape_Route_97,22.34557,-97.87621,22,8.845418
Shape_Route_97,22.3395,-97.87434,23,9.544473
Shape_Route_97,22.33541,-97.87319,24,10.012507
Shape_Route_97,22.32807,-97.87479,25,10.841652
Shape_Route_97,22.31058,-97.88042,26,12.862923
Shape_Route_97,22.30641,-97.88173,27,13.343896
Shape_Route_97,22.30496,-97.88173,28,13.504423
Shape_Route_97,22.30119,-97.87964,29,13.974055
Shape_Route_97,22.29116,-97.87338,30,15.258157
Shape_Route_97,22.29009,-97.87319,31,15.378222
Shape_Route_97,22.28914,-97.87239,32,15.511843
Shape_Route_97,22.2881,-97.87033,33,15.7533
Shape_Route_97,22.28415,-97.86516,34,16.442474
Shape_Route_97,22.28052,-97.86216,35,16.949468
Shape_Route_97,22.2754,-97.85621,36,17.784418
Shape_Route_97,22.26908,-97.85887,37,18.535866
Shape_Route_97,22.2638,-97.86027,38,19.137946
Shape_Route_97,22.26259,-97.861,39,19.291579
Shape_Route_97,22.26106,-97.86171,40,19.476089
Shape_Route_97,22.25718,-97.86397,41,19.96471
Shape_Route_97,22.25518,-97.86471,42,20.19889
Shape_Route_97,22.25446,-97.8648,43,20.279138
Shape_Route_97,22.25318,-97.86564,44,20.445193
Shape_Route_97,22.25279,-97.86333,45,20.687132
Shape_Route_97,22.25071,-97.86329,46,20.917442
Shape_Route_97,22.25222,-97.85819,47,21.468969
Shape_Route_97,22.24941,-97.85794,48,21.781125
Shape_Route_97,22.25222,-97.85819,49,22.09328
Shape_Route_97,22.25071,-97.86329,50,22.644808
Shape_Route_97,22.25279,-97.86333,51,22.875118
Shape_Route_97,22.25305,-97.8648,52,23.029318
Shape_Route_97,22.25446,-97.8648,53,23.185416
Shape_Route_97,22.25518,-97.86471,54,23.265664
Shape_Route_97,22.25718,-97.86397,55,23.499844
Shape_Route_97,22.26106,-97.86171,56,23.988465
Shape_Route_97,22.26259,-97.861,57,24.172975
Shape_Route_97,22.2638,-97.86027,58,24.326608
Shape_Route_97,22.26908,-97.85887,59,24.928688
Shape_Route_97,22.2754,-97.85628,60,25.677535
Shape_Route_97,22.2743,-97.85452,61,25.895978
Shape_Route_97,22.27655,-97.85608,62,26.192432
Shape_Route_97,22.27806,-97.85913,63,26.54839
Shape_Route_97,22.28052,-97.86216,64,26.962682
Shape_Route_97,22.28415,-97.86516,65,27.469676
Shape_Route_97,22.2881,-97.87033,66,28.15885
Shape_Route_97,22.28969,-97.87185,67,28.394454
Shape_Route_97,22.29053,-97.87267,68,28.520094
Shape_Route_97,22.29116,-97.87338,69,28.621164
Shape_Route_97,22.30119,-97.87964,70,29.905267
Shape_Route_97,22.30496,-97.88173,71,30.374899
Shape_Route_97,22.30641,-97.88173,72,30.535426
Shape_Route_97,22.31058,-97.88042,73,31.016399
Shape_Route_97,22.32807,-97.87479,74,33.03767
Shape_Route_97,22.33541,-97.87319,75,33.866815
Shape_Route_97,22.3395,-97.87434,76,34.334849
Shape_Route_97,22.34557,-97.87621,77,35.033904
Shape_Route_97,22.34962,-97.88044,78,35.659048
Shape_Route_97,22.35428,-97.88737,79,36.539653
Shape_Route_97,22.3695,-97.90132,80,38.753845
Shape_Route_97,22.37395,-97.90606,81,39.44732
Shape_Route_97,22.37591,-97.90795,82,39.738788
Shape_Route_97,22.38264,-97.91475,83,40.761189
Shape_Route_97,22.38659,-97.91861,84,41.35209
Shape_Route_97,22.38726,-97.9202,85,41.531808
Shape_Route_97,22.38822,-97.92131,86,41.687869
Shape_Route_97,22.38859,-97.9219,87,41.761133
Shape_Route_97,22.38952,-97.92232,88,41.872803
Shape_Route_97,22.39021,-97.923,89,41.976418
Shape_Route_97,22.39047,-97.92387,90,42.070498
Shape_Route_97,22.3907,-97.92464,91,42.153759
Shape_Route_97,22.39155,-97.92909,92,42.621456
Shape_Route_97,22.39198,-97.92991,93,42.718372
Shape_Route_97,22.39504,-97.93306,94,43.187335
Shape_Route_97,22.39548,-97.93432,95,43.325894
Shape_Route_97,22.39603,-97.93711,96,43.6195
Shape_Route_97,22.39688,-97.93693,97,43.715408
Shape_Route_97,22.39704,-97.93798,98,43.824944
Shape_Route_98,22.39552,-97.93425,1,0.0
Shape_Route_98,22.39525,-97.93338,2,0.094421
Shape_Route_98,22.39188,-97.92986,3,0.614529
Shape_Route_98,22.39139,-97.92849,4,0.765643
Shape_Route_98,22.39064,-97.92454,5,1.18069
Shape_Route_98,22.39031,-97.92328,6,1.315455
Shape_Route_98,22.38959,-97.92232,7,1.442427
Shape_Route_98,22.38846,-97.92175,8,1.580607
Shape_Route_98,22.38718,-97.92012,9,1.800248
Shape_Route_98,22.38637,-97.91842,10,1.996906
Shape_Route_98,22.38173,-97.91379,11,2.697695
Shape_Route_98,22.38122,-97.91442,12,2.78369
Shape_Route_98,22.37924,-97.91496,13,3.009833
Shape_Route_98,22.37942,-97.91541,14,3.060269
Shape_Route_98,22.37844,-97.91565,15,3.171542
Shape_Route_98,22.3765,-97.91533,16,3.388828
Shape_Route_98,22.3766,-97.91468,17,3.456663
Shape_Route_98,22.37676,-97.91424,18,3.505306
Shape_Route_98,22.37653,-97.914,19,3.540788
Shape_Route_98,22.37668,-97.91371,20,3.574954
Shape_Route_98,22.37637,-97.91327,21,3.631789
Shape_Route_98,22.37693,-97.91262,22,3.723017
Shape_Route_98,22.37567,-97.91121,23,3.924349
Shape_Route_98,22.37541,-97.91106,24,3.957015
Shape_Route_98,22.37395,-97.90949,25,4.185613
Shape_Route_98,22.37332,-97.90885,26,4.281566
Shape_Route_98,22.37259,-97.90988,27,4.414903
Shape_Route_98,22.36992,-97.90719,28,4.819985
Shape_Route_98,22.3679,-97.90962,29,5.155569
Shape_Route_98,22.36708,-97.91061,30,5.292071
Shape_Route_98,22.36659,-97.9101,31,5.367572
Shape_Route_98,22.36448,-97.91341,32,5.78077
Shape_Route_98,22.36173,-97.91751,33,6.301277
Shape_Route_98,22.36306,-97.9154,34,6.563741
Shape_Route_98,22.36127,-97.9141,35,6.802885
Shape_Route_98,22.36004,-97.91336,36,6.958927
Shape_Route_98,22.35909,-97.91031,37,7.290141
Shape_Route_98,22.36214,-97.90918,38,7.647288
Shape_Route_98,22.36213,-97.90891,39,7.675112
Shape_Route_98,22.36272,-97.90938,40,7.756406
Shape_Route_98,22.36363,-97.91032,41,7.896115
Shape_Route_98,22.36485,-97.90846,42,8.130475
Shape_Route_98,22.36723,-97.90465,43,8.603059
Shape_Route_98,22.36936,-97.90133,44,9.018356
Shape_Route_98,22.36723,-97.90465,45,9.433652
Shape_Route_98,22.36485,-97.90846,46,9.906236
Shape_Route_98,22.36363,-97.91032,47,10.140596
Shape_Route_98,22.36272,-97.90938,48,10.280305
Shape_Route_98,22.36213,-97.90891,49,10.361599
Shape_Route_98,22.36214,-97.90918,50,10.389423
Shape_Route_98,22.35909,-97.91031,51,10.74657
Shape_Route_98,22.36004,-97.91336,52,11.077784
Shape_Route_98,22.36127,-97.9141,53,11.233826
Shape_Route_98,22.36306,-97.9154,54,11.47297
Shape_Route_98,22.36173,-97.91751,55,11.735434
Shape_Route_98,22.36448,-97.91341,56,12.255941
Shape_Route_98,22.36659,-97.9101,57,12.669139
Shape_Route_98,22.36708,-97.91061,58,12.74464
Shape_Route_98,22.3679,-97.90962,59,12.881142
Shape_Route_98,22.36992,-97.90719,60,13.216726
Shape_Route_98,22.37259,-97.90988,61,13.621808
Shape_Route_98,22.37332,-97.90885,62,13.755145
Shape_Route_98,22.37395,-97.90949,63,13.851098
Shape_Route_98,22.37541,-97.91106,64,14.079696
Shape_Route_98,22.37567,-97.91121,65,14.112362
Shape_Route_98,22.37693,-97.91262,66,14.313694
Shape_Route_98,22.37637,-97.91327,67,14.404922
Shape_Route_98,22.37668,-97.91371,68,14.461757
Shape_Route_98,22.37653,-97.914,69,14.495923
Shape_Route_98,22.37676,-97.91424,70,14.531405
Shape_Route_98,22.3766,-97.91468,71,14.580048
Shape_Route_98,22.3765,-97.91533,72,14.647883
Shape_Route_98,22.37844,-97.91565,73,14.865169
Shape_Route_98,22.37942,-97.91541,74,14.976442
Shape_Route_98,22.37924,-97.91496,75,15.026878
Shape_Route_98,22.38122,-97.91442,76,15.253021
Shape_Route_98,22.38173,-97.91379,77,15.339016
Shape_Route_98,22.38637,-97.91842,78,16.039805
Shape_Route_98,22.38718,-97.92012,79,16.236463
Shape_Route_98,22.38846,-97.92175,80,16.456104
Shape_Route_98,22.38959,-97.92232,81,16.594284
Shape_Route_98,22.39031,-97.92328,82,16.721256
Shape_Route_98,22.39064,-97.92454,83,16.856021
Shape_Route_98,22.39139,-97.92849,84,17.271068
Shape_Route_98,22.3922,-97.9302,85,17.468636
Shape_Route_98,22.39472,-97.93262,86,17.84267
Shape_Route_98,22.39533,-97.93335,87,17.943706
Shape_Route_98,22.39556,-97.9343,88,18.044766
Shape_Route_98,22.39364,-97.93465,89,18.260358
Shape_Route_98,22.3935,-97.93374,90,18.355315
Shape_Route_98,22.39534,-97.93333,91,18.563344
Shape_Route_99,22.39489,-97.93537,1,0.0
Shape_Route_99,22.39569,-97.93524,2,0.089572
Shape_Route_99,22.39556,-97.93426,3,0.191481
Shape_Route_99,22.39524,-97.93328,4,0.298409
Shape_Route_99,22.39369,-97.93168,5,0.536269
Shape_Route_99,22.39201,-97.92997,6,0.792362
Shape_Route_99,22.39164,-97.92933,7,0.869945
Shape_Route_99,22.39211,-97.92918,8,0.924221
Shape_Route_99,22.39581,-97.92787,9,1.35547
Shape_Route_99,22.39538,-97.92658,10,1.496547
Shape_Route_99,22.39458,-97.92691,11,1.591406
Shape_Route_99,22.39431,-97.9265,12,1.643127
Shape_Route_99,22.39324,-97.92539,13,1.807719
Shape_Route_99,22.39358,-97.92513,14,1.853907
Shape_Route_99,22.39384,-97.92542,15,1.895378
Shape_Route_99,22.39435,-97.92508,16,1.961809
Shape_Route_99,22.39561,-97.9242,17,2.128138
Shape_Route_99,22.39494,-97.92372,18,2.217265
Shape_Route_99,22.39446,-97.92355,19,2.273213
Shape_Route_99,22.3937,-97.92297,20,2.376385
Shape_Route_99,22.39342,-97.92267,21,2.420143
Shape_Route_99,22.3937,-97.92297,22,2.463901
Shape_Route_99,22.39446,-97.92355,23,2.567074
Shape_Route_99,22.39494,-97.92372,24,2.623022
Shape_Route_99,22.39561,-97.9242,25,2.712149
Shape_Route_99,22.39435,-97.92508,26,2.878478
Shape_Route_99,22.39384,-97.92542,27,2.944909
Shape_Route_99,22.39358,-97.92513,28,2.98638
Shape_Route_99,22.39324,-97.92539,29,3.032568
Shape_Route_99,22.39431,-97.9265,30,3.19716
Shape_Route_99,22.39455,-97.92695,31,3.250565
Shape_Route_99,22.39538,-97.92658,32,3.350035
Shape_Route_99,22.39577,-97.9279,33,3.49262
Shape_Route_99,22.39581,-97.92787,34,3.498019
Shape_Route_99,22.39759,-97.9272,35,3.706802
Shape_Route_99,22.39733,-97.92605,36,3.828639
Shape_Route_99,22.39731,-97.92493,37,3.94396
Shape_Route_99,22.39768,-97.92382,38,4.065351
Shape_Route_99,22.39862,-97.92253,39,4.234068
Shape_Route_99,22.39903,-97.92208,40,4.298924
Shape_Route_99,22.39879,-97.92075,41,4.438396
Shape_Route_99,22.39691,-97.92102,42,4.648375
Shape_Route_99,22.39879,-97.92075,43,4.858355
Shape_Route_99,22.39971,-97.92064,44,4.960834
Shape_Route_99,22.40007,-97.9208,45,5.003958
Shape_Route_99,22.40063,-97.91943,46,5.158017
Shape_Route_99,22.40152,-97.91681,47,5.445164
Shape_Route_99,22.40228,-97.91714,48,5.535901
Shape_Route_99,22.40266,-97.91597,49,5.66348
Shape_Route_99,22.40542,-97.91549,50,5.973005
Shape_Route_99,22.40266,-97.91597,51,6.28253
Shape_Route_99,22.40228,-97.91714,52,6.410109
Shape_Route_99,22.40152,-97.91681,53,6.500847
Shape_Route_99,22.40063,-97.91943,54,6.787994
Shape_Route_99,22.40001,-97.92128,55,6.990432
Shape_Route_99,22.39961,-97.92288,56,7.160993
Shape_Route_99,22.39769,-97.92823,57,7.751345
Shape_Route_99,22.3971,-97.9295,58,7.897495
Shape_Route_99,22.39632,-97.92875,59,8.013332
Shape_Route_99,22.39581,-97.92787,60,8.120079
Shape_Route_99,22.39577,-97.9279,61,8.125478
Shape_Route_99,22.39581,-97.92787,62,8.130877
Shape_Route_99,22.39211,-97.92918,63,8.562127
Shape_Route_99,22.39164,-97.92933,64,8.616403
Shape_Route_99,22.39201,-97.92997,65,8.693986
Shape_Route_99,22.39369,-97.93168,66,8.950078
Shape_Route_99,22.39524,-97.93328,67,9.187938
Shape_Route_99,22.39556,-97.93426,68,9.294866
Shape_Route_99,22.39478,-97.93441,69,9.382588
Shape_Route_99,22.39492,-97.93537,70,9.482626
Shape_Route_99,22.39566,-97.9353,71,9.564866
Shape_Route_100A,22.39286,-97.95039,1,0.0
Shape_Route_100A,22.39259,-97.9477,2,0.278542
Shape_Route_100A,22.39456,-97.94756,3,0.497111
Shape_Route_100A,22.39516,-97.94834,4,0.601323
Shape_Route_100A,22.39544,-97.94911,5,0.686438
Shape_Route_100A,22.39478,-97.95021,6,0.821206
Shape_Route_100A,22.39243,-97.95044,7,1.082443
Shape_Route_100A,22.39156,-97.95111,8,1.20091
Shape_Route_100A,22.39125,-97.95062,9,1.261923
Shape_Route_100A,22.39031,-97.95147,10,1.39789
Shape_Route_100A,22.38728,-97.95004,11,1.764218
Shape_Route_100A,22.38679,-97.94792,12,1.989119
Shape_Route_100A,22.3867,-97.94709,13,2.07515
Shape_Route_100A,22.38726,-97.94706,14,2.137223
Shape_Route_100A,22.38702,-97.94519,15,2.33157
Shape_Route_100A,22.38763,-97.94509,16,2.399882
Shape_Route_100A,22.3876,-97.94453,17,2.457631
Shape_Route_100A,22.38874,-97.94435,18,2.585191
Shape_Route_100A,22.38843,-97.94335,19,2.693713
Shape_Route_100A,22.38849,-97.94251,20,2.780447
Shape_Route_100A,22.38853,-97.94184,21,2.849568
Shape_Route_100A,22.39229,-97.94139,22,3.268398
Shape_Route_100A,22.39617,-97.94086,23,3.701395
Shape_Route_100A,22.39851,-97.94075,24,3.960698
Shape_Route_100A,22.3993,-97.94063,25,4.049025
Shape_Route_100A,22.39899,-97.93784,26,4.338284
Shape_Route_100A,22.39722,-97.93801,27,4.535017
Shape_Route_100A,22.39641,-97.93779,28,4.627506
Shape_Route_100A,22.39593,-97.9367,29,4.751665
Shape_Route_100A,22.39536,-97.93344,30,5.093154
Shape_Route_100A,22.39171,-97.92962,31,5.657017
Shape_Route_100A,22.39044,-97.9238,32,6.272467
Shape_Route_100A,22.38998,-97.92264,33,6.402295
Shape_Route_100A,22.38845,-97.92176,34,6.594386
Shape_Route_100A,22.38702,-97.91992,35,6.841263
Shape_Route_100A,22.38546,-97.91747,36,7.146962
Shape_Route_100A,22.38069,-97.91264,37,7.872329
Shape_Route_100A,22.37462,-97.90664,38,8.785138
Shape_Route_100A,22.37085,-97.90275,39,9.363607
Shape_Route_100A,22.36837,-97.90031,40,9.735767
Shape_Route_100A,22.35422,-97.8872,41,11.803731
Shape_Route_100A,22.35105,-97.88316,42,12.348023
Shape_Route_100A,22.34942,-97.88007,43,12.713844
Shape_Route_100A,22.34629,-97.87677,44,13.199202
Shape_Route_100A,22.34474,-97.87585,45,13.39522
Shape_Route_100A,22.34101,-97.87479,46,13.822351
Shape_Route_100A,22.33527,-97.87316,47,14.479621
Shape_Route_100A,22.33106,-97.87385,48,14.951092
Shape_Route_100A,22.31395,-97.87939,49,16.929403
Shape_Route_100A,22.31006,-97.88061,50,17.378021
Shape_Route_100A,22.30619,-97.88181,51,17.823939
Shape_Route_100A,22.30484,-97.88175,52,17.973523
Shape_Route_100A,22.2911,-97.87325,53,19.728702
Shape_Route_100A,22.28985,-97.87314,54,19.867551
Shape_Route_100A,22.28916,-97.87218,55,19.992522
Shape_Route_100A,22.28799,-97.8702,56,20.234166
Shape_Route_100A,22.28532,-97.86649,57,20.717364
Shape_Route_100A,22.28348,-97.86454,58,21.003477
Shape_Route_100A,22.28062,-97.86224,59,21.398964
Shape_Route_100A,22.27536,-97.85608,60,22.26033
Shape_Route_100A,22.26904,-97.85885,61,23.015986
Shape_Route_100A,22.26525,-97.85988,62,23.448786
Shape_Route_100A,22.26032,-97.86205,63,24.03861
Shape_Route_100A,22.25717,-97.86394,64,24.438043
Shape_Route_100A,22.25524,-97.86464,65,24.663558
Shape_Route_100A,22.25437,-97.8648,66,24.761275
Shape_Route_100A,22.25322,-97.86559,67,24.912394
Shape_Route_100A,22.25081,-97.86683,68,25.208224
Shape_Route_100A,22.24932,-97.86728,69,25.379574
Shape_Route_100A,22.24692,-97.86767,70,25.648296
Shape_Route_100A,22.24452,-97.86696,71,25.923887
Shape_Route_100A,22.23862,-97.86651,72,26.578708
Shape_Route_100A,22.22996,-97.86415,73,27.567813
Shape_Route_100A,22.22742,-97.86501,74,27.862651
Shape_Route_100A,22.22352,-97.86349,75,28.321959
Shape_Route_100A,22.2206,-97.86327,76,28.64602
Shape_Route_100A,22.21941,-97.86265,77,28.792445
Shape_Route_100A,22.21798,-97.85932,78,29.170448
Shape_Route_100A,22.21456,-97.86102,79,29.587655
Shape_Route_100A,22.21564,-97.86353,80,29.872681
Shape_Route_100A,22.21748,-97.86263,81,30.096515
Shape_Route_100A,22.21568,-97.85842,82,30.574051
Shape_Route_100A,22.21484,-97.85879,83,30.674563
Shape_Route_100A,22.21516,-97.85958,84,30.76337
Shape_Route_100A,22.21842,-97.85806,85,31.156821
Shape_Route_100A,22.21987,-97.86149,86,31.545118
Shape_Route_100A,22.22072,-97.86329,87,31.753157
Shape_Route_100A,22.22352,-97.86349,88,32.063824
Shape_Route_100A,22.22742,-97.86501,89,32.523131
Shape_Route_100A,22.2296,-97.86578,90,32.777189
Shape_Route_100A,22.2377,-97.86911,91,33.73736
Shape_Route_100A,22.24658,-97.87299,92,34.798661
Shape_Route_100A,22.24821,-97.87419,93,35.017425
Shape_Route_100A,22.25038,-97.87505,94,35.273488
Shape_Route_100A,22.25637,-97.87655,95,35.954406
Shape_Route_100A,22.26475,-97.87492,96,36.897221
Shape_Route_100A,22.26718,-97.87376,97,37.191602
Shape_Route_100A,22.27015,-97.87394,98,37.520927
Shape_Route_100A,22.27238,-97.87458,99,37.776462
Shape_Route_100A,22.27403,-97.87441,100,37.959968
Shape_Route_100A,22.28004,-97.87291,101,38.643039
Shape_Route_100A,22.28231,-97.87273,102,38.89503
Shape_Route_100A,22.28457,-97.87406,103,39.180299
Shape_Route_100A,22.28916,-97.87218,104,39.724114
Shape_Route_100A,22.28997,-97.87211,105,39.814078
Shape_Route_100A,22.2911,-97.87325,106,39.985672
Shape_Route_100A,22.30484,-97.88175,107,41.740851
Shape_Route_100A,22.30619,-97.88181,108,41.890435
Shape_Route_100A,22.31006,-97.88061,109,42.336353
Shape_Route_100A,22.31395,-97.87939,110,42.784971
Shape_Route_100A,22.33106,-97.87385,111,44.763282
Shape_Route_100A,22.33527,-97.87316,112,45.234753
Shape_Route_100A,22.34101,-97.87479,113,45.892023
Shape_Route_100A,22.34474,-97.87585,114,46.319154
Shape_Route_100A,22.34629,-97.87677,115,46.515173
Shape_Route_100A,22.34942,-97.88007,116,47.00053
Shape_Route_100A,22.35105,-97.88316,117,47.366351
Shape_Route_100A,22.35422,-97.8872,118,47.910644
Shape_Route_100A,22.36837,-97.90031,119,49.978607
Shape_Route_100A,22.37085,-97.90275,120,50.350768
Shape_Route_100A,22.37462,-97.90664,121,50.929236
Shape_Route_100A,22.38069,-97.91264,122,51.842046
Shape_Route_100A,22.38546,-97.91747,123,52.567413
Shape_Route_100A,22.38702,-97.91992,124,52.873111
Shape_Route_100A,22.38845,-97.92176,125,53.119988
Shape_Route_100A,22.38998,-97.92264,126,53.312079
Shape_Route_100A,22.39044,-97.9238,127,53.441908
Shape_Route_100A,22.39171,-97.92962,128,54.057357
Shape_Route_100A,22.39536,-97.93344,129,54.62122
Shape_Route_100A,22.39593,-97.9367,130,54.96271
Shape_Route_100A,22.39641,-97.93779,131,55.086868
Shape_Route_100A,22.39722,-97.93801,132,55.179358
Shape_Route_100A,22.39899,-97.93784,133,55.37609
Shape_Route_100A,22.3993,-97.94063,134,55.665349
Shape_Route_100A,22.39851,-97.94075,135,55.753676
Shape_Route_100A,22.39617,-97.94086,136,56.012979
Shape_Route_100A,22.39229,-97.94139,137,56.445976
Shape_Route_100A,22.38853,-97.94184,138,56.864807
Shape_Route_100A,22.38849,-97.94251,139,56.933927
Shape_Route_100A,22.38843,-97.94335,140,57.020662
Shape_Route_100A,22.38874,-97.94435,141,57.129183
Shape_Route_100A,22.3876,-97.94453,142,57.256743
Shape_Route_100A,22.38763,-97.94509,143,57.314492
Shape_Route_100A,22.38702,-97.94519,144,57.382804
Shape_Route_100A,22.38726,-97.94706,145,57.577152
Shape_Route_100A,22.3867,-97.94709,146,57.639225
Shape_Route_100A,22.38679,-97.94792,147,57.725255
Shape_Route_100A,22.38728,-97.95004,148,57.950156
Shape_Route_100A,22.39031,-97.95147,149,58.316484
Shape_Route_100A,22.39125,-97.95062,150,58.452451
Shape_Route_100A,22.39156,-97.95111,151,58.513464
Shape_Route_100A,22.39243,-97.95044,152,58.631931
Shape_Route_100A,22.39478,-97.95021,153,58.893168
Shape_Route_100A,22.39544,-97.94911,154,59.027937
Shape_Route_100A,22.39516,-97.94834,155,59.113051
Shape_Route_100A,22.39456,-97.94756,156,59.217264
Shape_Route_100A,22.39258,-97.94773,157,59.437162
Shape_Route_100A,22.39268,-97.94902,158,59.570427
Shape_Route_100A,22.3929,-97.95035,159,59.709498
Shape_Route_100,22.39286,-97.95037,1,0.0
Shape_Route_100,22.39262,-97.94771,2,0.275131
Shape_Route_100,22.39448,-97.9475,3,0.482178
Shape_Route_100,22.39515,-97.94826,4,0.589989
Shape_Route_100,22.39545,-97.94917,5,0.689384
Shape_Route_100,22.39481,-97.95021,6,0.817771
Shape_Route_100,22.39266,-97.95041,7,1.05668
Shape_Route_100,22.39239,-97.95043,8,1.086642
Shape_Route_100,22.39081,-97.9517,9,1.305024
Shape_Route_100,22.38777,-97.95029,10,1.671546
Shape_Route_100,22.38722,-97.94702,11,2.013664
Shape_Route_100,22.38784,-97.94696,12,2.08258
Shape_Route_100,22.38761,-97.94449,13,2.338145
Shape_Route_100,22.38858,-97.9444,14,2.44593
Shape_Route_100,22.38836,-97.94288,15,2.604302
Shape_Route_100,22.38858,-97.94246,16,2.653929
Shape_Route_100,22.38852,-97.94182,17,2.720153
Shape_Route_100,22.39112,-97.94156,18,3.009234
Shape_Route_100,22.39756,-97.94073,19,3.727293
Shape_Route_100,22.39846,-97.94079,20,3.827121
Shape_Route_100,22.39936,-97.94061,21,3.928467
Shape_Route_100,22.39898,-97.93781,22,4.219766
Shape_Route_100,22.39709,-97.938,23,4.429915
Shape_Route_100,22.39644,-97.93777,24,4.505671
Shape_Route_100,22.39601,-97.93703,25,4.595502
Shape_Route_100,22.39547,-97.93386,26,4.927276
Shape_Route_100,22.39513,-97.93316,27,5.008577
Shape_Route_100,22.3923,-97.93033,28,5.43641
Shape_Route_100,22.39181,-97.92973,29,5.518619
Shape_Route_100,22.3906,-97.92443,30,6.080461
Shape_Route_100,22.39044,-97.9237,31,6.157675
Shape_Route_100,22.39019,-97.92293,32,6.24164
Shape_Route_100,22.38964,-97.92244,33,6.320712
Shape_Route_100,22.38892,-97.9221,34,6.407769
Shape_Route_100,22.38828,-97.92158,35,6.496574
Shape_Route_100,22.38734,-97.92037,36,6.658895
Shape_Route_100,22.38696,-97.91906,37,6.800174
Shape_Route_100,22.3804,-97.9123,38,7.806073
Shape_Route_100,22.37583,-97.9078,39,8.492106
Shape_Route_100,22.37177,-97.90378,40,9.103134
Shape_Route_100,22.36804,-97.89994,41,9.67485
Shape_Route_100,22.35704,-97.88986,42,11.274974
Shape_Route_100,22.35399,-97.88698,43,11.724389
Shape_Route_100,22.35117,-97.88344,44,12.204353
Shape_Route_100,22.34952,-97.88022,45,12.582941
Shape_Route_100,22.34779,-97.87816,46,12.868753
Shape_Route_100,22.34583,-97.87649,47,13.145634
Shape_Route_100,22.34456,-97.8758,48,13.303172
Shape_Route_100,22.33636,-97.87336,49,14.245124
Shape_Route_100,22.33523,-97.87314,50,14.372261
Shape_Route_100,22.32602,-97.87557,51,15.422158
Shape_Route_100,22.30857,-97.8811,52,17.436251
Shape_Route_100,22.30651,-97.88175,53,17.673937
Shape_Route_100,22.30448,-97.88155,54,17.899617
Shape_Route_100,22.29108,-97.87331,55,19.608818
Shape_Route_100,22.28822,-97.87295,56,19.927609
Shape_Route_100,22.28525,-97.87406,57,20.275733
Shape_Route_100,22.28247,-97.87295,58,20.604064
Shape_Route_100,22.27907,-97.87308,59,20.98071
Shape_Route_100,22.27536,-97.874,60,21.402234
Shape_Route_100,22.27266,-97.87473,61,21.710465
Shape_Route_100,22.27,-97.87368,62,22.024194
Shape_Route_100,22.2669,-97.87378,63,22.367544
Shape_Route_100,22.26543,-97.87458,64,22.549972
Shape_Route_100,22.25949,-97.87615,65,23.227186
Shape_Route_100,22.25729,-97.87664,66,23.475922
Shape_Route_100,22.25377,-97.87612,67,23.869281
Shape_Route_100,22.24887,-97.87437,68,24.440942
Shape_Route_100,22.24648,-97.87308,69,24.737055
Shape_Route_100,22.24114,-97.87057,70,25.382353
Shape_Route_100,22.23441,-97.86769,71,26.184367
Shape_Route_100,22.22589,-97.86434,72,27.18881
Shape_Route_100,22.22316,-97.86336,73,27.507476
Shape_Route_100,22.22064,-97.86321,74,27.786888
Shape_Route_100,22.21943,-97.86271,75,27.930417
Shape_Route_100,22.21794,-97.85924,76,28.324307
Shape_Route_100,22.21634,-97.86004,77,28.519694
Shape_Route_100,22.21459,-97.86099,78,28.736776
Shape_Route_100,22.21568,-97.86349,79,29.021334
Shape_Route_100,22.21748,-97.86267,80,29.237794
Shape_Route_100,22.21563,-97.85842,81,29.721398
Shape_Route_100,22.21473,-97.85881,82,29.82884
Shape_Route_100,22.21519,-97.85968,83,29.931972
Shape_Route_100,22.21663,-97.85885,84,30.112899
Shape_Route_100,22.2184,-97.85799,85,30.327972
Shape_Route_100,22.22026,-97.86228,86,30.815773
Shape_Route_100,22.22064,-97.86321,87,30.92046
Shape_Route_100,22.22316,-97.86336,88,31.199872
Shape_Route_100,22.22589,-97.86434,89,31.518538
Shape_Route_100,22.22738,-97.86503,90,31.698171
Shape_Route_100,22.2298,-97.86413,91,31.98169
Shape_Route_100,22.23486,-97.8655,92,32.559394
Shape_Route_100,22.23882,-97.86662,93,33.01274
Shape_Route_100,22.24279,-97.86713,94,33.455382
Shape_Route_100,22.24487,-97.86707,95,33.685738
Shape_Route_100,22.24702,-97.86764,96,33.930902
Shape_Route_100,22.25014,-97.86716,97,34.279835
Shape_Route_100,22.25316,-97.8655,98,34.655398
Shape_Route_100,22.25457,-97.86475,99,34.829583
Shape_Route_100,22.2556,-97.86462,100,34.944397
Shape_Route_100,22.25943,-97.86263,101,35.415396
Shape_Route_100,22.2632,-97.86068,102,35.878621
Shape_Route_100,22.27546,-97.8563,103,37.308978
Shape_Route_100,22.27399,-97.85443,104,37.561191
Shape_Route_100,22.27419,-97.85434,105,37.585196
Shape_Route_100,22.27627,-97.85589,106,37.865434
Shape_Route_100,22.27704,-97.85681,107,37.99292
Shape_Route_100,22.27816,-97.85926,108,38.274167
Shape_Route_100,22.28112,-97.86282,109,38.766032
Shape_Route_100,22.28479,-97.86577,110,39.27344
Shape_Route_100,22.28846,-97.8707,111,39.923884
Shape_Route_100,22.29108,-97.87331,112,40.319409
Shape_Route_100,22.30448,-97.88155,113,42.028609
Shape_Route_100,22.30651,-97.88175,114,42.25429
Shape_Route_100,22.30857,-97.8811,115,42.491975
Shape_Route_100,22.32602,-97.87557,116,44.506069
Shape_Route_100,22.33523,-97.87314,117,45.555966
Shape_Route_100,22.33636,-97.87336,118,45.683102
Shape_Route_100,22.34456,-97.8758,119,46.625055
Shape_Route_100,22.34583,-97.87649,120,46.782593
Shape_Route_100,22.34779,-97.87816,121,47.059474
Shape_Route_100,22.34952,-97.88022,122,47.345286
Shape_Route_100,22.35117,-97.88344,123,47.723874
Shape_Route_100,22.35399,-97.88698,124,48.203838
Shape_Route_100,22.35704,-97.88986,125,48.653252
Shape_Route_100,22.36804,-97.89994,126,50.253377
Shape_Route_100,22.37177,-97.90378,127,50.825092
Shape_Route_100,22.37583,-97.9078,128,51.436121
Shape_Route_100,22.3804,-97.9123,129,52.122154
Shape_Route_100,22.38696,-97.91906,130,53.128053
Shape_Route_100,22.38734,-97.92037,131,53.269331
Shape_Route_100,22.38828,-97.92158,132,53.431653
Shape_Route_100,22.38892,-97.9221,133,53.520457
Shape_Route_100,22.38964,-97.92244,134,53.607514
Shape_Route_100,22.39019,-97.92293,135,53.686586
Shape_Route_100,22.39044,-97.9237,136,53.770552
Shape_Route_100,22.3906,-97.92443,137,53.847765
Shape_Route_100,22.39181,-97.92973,138,54.409608
Shape_Route_100,22.3923,-97.93033,139,54.491817
Shape_Route_100,22.39513,-97.93316,140,54.91965
Shape_Route_100,22.39547,-97.93386,141,55.000951
Shape_Route_100,22.39601,-97.93703,142,55.332725
Shape_Route_100,22.39644,-97.93777,143,55.422556
Shape_Route_100,22.39709,-97.938,144,55.498311
Shape_Route_100,22.39898,-97.93781,145,55.708461
Shape_Route_100,22.39936,-97.94061,146,55.99976
Shape_Route_100,22.39846,-97.94079,147,56.101105
Shape_Route_100,22.39756,-97.94073,148,56.200933
Shape_Route_100,22.39112,-97.94156,149,56.918992
Shape_Route_100,22.38852,-97.94182,150,57.208074
Shape_Route_100,22.38858,-97.94246,151,57.274297
Shape_Route_100,22.38836,-97.94288,152,57.323925
Shape_Route_100,22.38858,-97.9444,153,57.482297
Shape_Route_100,22.38761,-97.94449,154,57.590082
Shape_Route_100,22.38784,-97.94696,155,57.845647
Shape_Route_100,22.38722,-97.94702,156,57.914563
Shape_Route_100,22.38777,-97.95029,157,58.256681
Shape_Route_100,22.39081,-97.9517,158,58.623202
Shape_Route_100,22.39239,-97.95043,159,58.841584
Shape_Route_100,22.39266,-97.95041,160,58.871546
Shape_Route_100,22.39481,-97.95021,161,59.110456
Shape_Route_100,22.39545,-97.94917,162,59.238842
Shape_Route_100,22.39515,-97.94826,163,59.338237
Shape_Route_100,22.39448,-97.9475,164,59.446049
Shape_Route_100,22.39262,-97.94771,165,59.653096
Shape_Route_101,22.346,-97.84852,1,0.0
Shape_Route_101,22.34411,-97.84819,2,0.211984
Shape_Route_101,22.34396,-97.84914,3,0.311222
Shape_Route_101,22.34819,-97.84988,4,0.785685
Shape_Route_101,22.34806,-97.85037,5,0.83816
Shape_Route_101,22.34864,-97.8505,6,0.903752
Shape_Route_101,22.34887,-97.84928,7,1.031948
Shape_Route_101,22.35399,-97.85031,8,1.608622
Shape_Route_101,22.35383,-97.8514,9,1.72226
Shape_Route_101,22.35473,-97.85159,10,1.823802
Shape_Route_101,22.35416,-97.85488,11,2.168433
Shape_Route_101,22.3477,-97.85359,12,2.895852
Shape_Route_101,22.34745,-97.85476,13,3.019482
Shape_Route_101,22.34639,-97.86116,14,3.688955
Shape_Route_101,22.34594,-97.86364,15,3.949174
Shape_Route_101,22.34275,-97.86455,16,4.31456
Shape_Route_101,22.34292,-97.86531,17,4.395062
Shape_Route_101,22.34171,-97.86867,18,4.766128
Shape_Route_101,22.3397,-97.87428,19,5.385271
Shape_Route_101,22.34567,-97.87624,20,6.076341
Shape_Route_101,22.34783,-97.87817,21,6.387291
Shape_Route_101,22.34767,-97.87828,22,6.408317
Shape_Route_101,22.34566,-97.87639,23,6.703957
Shape_Route_101,22.33883,-97.87439,24,7.487651
Shape_Route_101,22.33769,-97.87406,25,7.618356
Shape_Route_101,22.33659,-97.87352,26,7.752234
Shape_Route_101,22.33525,-97.87323,27,7.903561
Shape_Route_101,22.33138,-97.87383,28,8.336438
Shape_Route_101,22.31062,-97.88044,29,10.733478
Shape_Route_101,22.30671,-97.88162,30,11.183091
Shape_Route_101,22.30502,-97.88173,31,11.370531
Shape_Route_101,22.29565,-97.87606,32,12.561019
Shape_Route_101,22.29106,-97.87325,33,13.14585
Shape_Route_101,22.28896,-97.87301,34,13.379648
Shape_Route_101,22.28707,-97.87327,35,13.590595
Shape_Route_101,22.28473,-97.87398,36,13.859782
Shape_Route_101,22.28256,-97.8731,37,14.116559
Shape_Route_101,22.28086,-97.87288,38,14.306123
Shape_Route_101,22.27645,-97.87366,39,14.800917
Shape_Route_101,22.27282,-97.87473,40,15.217636
Shape_Route_101,22.2697,-97.87363,41,15.581167
Shape_Route_101,22.26666,-97.87391,42,15.918954
Shape_Route_101,22.26527,-97.87469,43,16.092564
Shape_Route_101,22.25749,-97.8766,44,16.976073
Shape_Route_101,22.25516,-97.87645,45,17.234485
Shape_Route_101,22.24847,-97.87426,46,18.008743
Shape_Route_101,22.24448,-97.87209,47,18.503853
Shape_Route_101,22.23703,-97.86887,48,19.392888
Shape_Route_101,22.22368,-97.86346,49,20.972529
Shape_Route_101,22.22072,-97.86323,50,21.30108
Shape_Route_101,22.21973,-97.86295,51,21.414417
Shape_Route_101,22.21937,-97.86267,52,21.463625
Shape_Route_101,22.21794,-97.85928,53,21.847253
Shape_Route_101,22.21456,-97.86097,54,22.26001
Shape_Route_101,22.21564,-97.86344,55,22.541298
Shape_Route_101,22.2174,-97.86261,56,22.754101
Shape_Route_101,22.21564,-97.85834,57,23.235455
Shape_Route_101,22.2148,-97.85883,58,23.341282
Shape_Route_101,22.21514,-97.85962,59,23.430995
Shape_Route_101,22.21836,-97.85799,60,23.825087
Shape_Route_101,22.21877,-97.85892,61,23.931154
Shape_Route_101,22.22064,-97.86327,62,24.425031
Shape_Route_101,22.22368,-97.86346,63,24.762152
Shape_Route_101,22.22952,-97.86572,64,25.44937
Shape_Route_101,22.23026,-97.86417,65,25.628911
Shape_Route_101,22.23073,-97.86273,66,25.786189
Shape_Route_101,22.23351,-97.86357,67,26.105903
Shape_Route_101,22.23522,-97.86344,68,26.295687
Shape_Route_101,22.23705,-97.86361,69,26.499039
Shape_Route_101,22.24116,-97.86357,70,26.954067
Shape_Route_101,22.2412,-97.86417,71,27.016064
Shape_Route_101,22.2415,-97.86434,72,27.053614
Shape_Route_101,22.24124,-97.86627,73,27.254597
Shape_Route_101,22.24356,-97.86645,74,27.512108
Shape_Route_101,22.24767,-97.86645,75,27.967118
Shape_Route_101,22.2499,-97.86597,76,28.218904
Shape_Route_101,22.25093,-97.86256,77,28.588363
Shape_Route_101,22.25262,-97.86262,78,28.775562
Shape_Route_101,22.25411,-97.86218,79,28.946636
Shape_Route_101,22.25848,-97.85982,80,29.48812
Shape_Route_101,22.25963,-97.86033,81,29.625855
Shape_Route_101,22.26034,-97.86188,82,29.803875
Shape_Route_101,22.26281,-97.86089,83,30.095735
Shape_Route_101,22.26475,-97.86003,84,30.328074
Shape_Route_101,22.26682,-97.85952,85,30.563189
Shape_Route_101,22.27544,-97.85626,86,31.574892
Shape_Route_101,22.27407,-97.85456,87,31.806596
Shape_Route_101,22.27639,-97.85591,88,32.098689
Shape_Route_101,22.27802,-97.85904,89,32.468248
Shape_Route_101,22.28036,-97.86201,90,32.869191
Shape_Route_101,22.28461,-97.86548,91,33.460126
Shape_Route_101,22.28898,-97.87127,92,34.228187
Shape_Route_101,22.29106,-97.87325,93,34.535822
Shape_Route_101,22.29565,-97.87606,94,35.120653
Shape_Route_101,22.30502,-97.88173,95,36.311141
Shape_Route_101,22.30671,-97.88162,96,36.498581
Shape_Route_101,22.31062,-97.88044,97,36.948193
Shape_Route_101,22.33138,-97.87383,98,39.345233
Shape_Route_101,22.33525,-97.87323,99,39.77811
Shape_Route_101,22.33659,-97.87352,100,39.929437
Shape_Route_101,22.33773,-97.87376,101,40.058043
Shape_Route_101,22.33886,-97.87415,102,40.189435
Shape_Route_101,22.3397,-97.87428,103,40.283389
Shape_Route_101,22.34171,-97.86867,104,40.902532
Shape_Route_101,22.34292,-97.86531,105,41.273597
Shape_Route_101,22.34275,-97.86455,106,41.354099
Shape_Route_101,22.34594,-97.86364,107,41.719486
Shape_Route_101,22.34639,-97.86116,108,41.979704
Shape_Route_101,22.34745,-97.85476,109,42.649177
Shape_Route_101,22.3477,-97.85359,110,42.772808
Shape_Route_101,22.35416,-97.85488,111,43.500227
Shape_Route_101,22.35473,-97.85159,112,43.844858
Shape_Route_101,22.35383,-97.8514,113,43.9464
Shape_Route_101,22.35399,-97.85031,114,44.060038
Shape_Route_101,22.34887,-97.84928,115,44.636712
Shape_Route_101,22.34864,-97.8505,116,44.764907
Shape_Route_101,22.34806,-97.85037,117,44.8305
Shape_Route_101,22.34819,-97.84988,118,44.882975
Shape_Route_101,22.34396,-97.84914,119,45.357438
Shape_Route_101,22.34418,-97.84819,120,45.458263
Shape_Route_101,22.34601,-97.84855,121,45.664226
Shape_Route_102,22.36271,-97.90113,1,0.0
Shape_Route_102,22.35977,-97.90155,2,0.328343
Shape_Route_102,22.3588,-97.90084,3,0.458257
Shape_Route_102,22.3586,-97.90082,4,0.480494
Shape_Route_102,22.35984,-97.90848,5,1.281139
Shape_Route_102,22.3601,-97.90856,6,1.311079
Shape_Route_102,22.36041,-97.90981,7,1.444293
Shape_Route_102,22.36217,-97.9092,8,1.649014
Shape_Route_102,22.36213,-97.90889,9,1.681242
Shape_Route_102,22.36272,-97.90937,10,1.763153
Shape_Route_102,22.36365,-97.91035,11,1.907319
Shape_Route_102,22.36421,-97.90943,12,2.020535
Shape_Route_102,22.36491,-97.90839,13,2.152724
Shape_Route_102,22.36557,-97.90728,14,2.288381
Shape_Route_102,22.36721,-97.90467,15,2.612713
Shape_Route_102,22.36839,-97.9029,16,2.836951
Shape_Route_102,22.36937,-97.90137,17,3.028237
Shape_Route_102,22.36268,-97.89492,18,4.02305
Shape_Route_102,22.35418,-97.88722,19,5.253595
Shape_Route_102,22.35145,-97.88383,20,5.715352
Shape_Route_102,22.3496,-97.88044,21,6.120105
Shape_Route_102,22.34861,-97.87913,22,6.293923
Shape_Route_102,22.34583,-97.8764,23,6.710777
Shape_Route_102,22.33761,-97.87385,24,7.657941
Shape_Route_102,22.33525,-97.87323,25,7.926905
Shape_Route_102,22.33116,-97.87389,26,8.384778
Shape_Route_102,22.30613,-97.88177,27,11.272246
Shape_Route_102,22.305,-97.88175,28,11.397363
Shape_Route_102,22.30393,-97.88125,29,11.526535
Shape_Route_102,22.29122,-97.87338,30,13.15051
Shape_Route_102,22.28888,-97.87295,31,13.413329
Shape_Route_102,22.28793,-97.87299,32,13.518582
Shape_Route_102,22.28481,-97.87402,33,13.879926
Shape_Route_102,22.28231,-97.87293,34,14.178614
Shape_Route_102,22.27843,-97.87314,35,14.608706
Shape_Route_102,22.27274,-97.87471,36,15.259076
Shape_Route_102,22.27027,-97.87381,37,15.547822
Shape_Route_102,22.26698,-97.87378,38,15.912064
Shape_Route_102,22.26483,-97.87484,39,16.173952
Shape_Route_102,22.25731,-97.8766,40,17.026001
Shape_Route_102,22.25401,-97.87619,41,17.393772
Shape_Route_102,22.24801,-97.87398,42,18.095979
Shape_Route_102,22.24646,-97.87303,43,18.293541
Shape_Route_102,22.23762,-97.86911,44,19.352308
Shape_Route_102,22.2328,-97.867,45,19.928533
Shape_Route_102,22.22597,-97.86443,46,20.729725
Shape_Route_102,22.22386,-97.86357,47,20.979572
Shape_Route_102,22.22229,-97.86329,48,21.155763
Shape_Route_102,22.22066,-97.86321,49,21.336405
Shape_Route_102,22.21945,-97.86269,50,21.480687
Shape_Route_102,22.21792,-97.85926,51,21.872729
Shape_Route_102,22.21458,-97.86095,52,22.281476
Shape_Route_102,22.21566,-97.86342,53,22.562764
Shape_Route_102,22.21746,-97.86261,54,22.778823
Shape_Route_102,22.21562,-97.85836,55,23.26196
Shape_Route_102,22.21482,-97.85881,56,23.361938
Shape_Route_102,22.21518,-97.85964,57,23.456324
Shape_Route_102,22.21643,-97.85902,58,23.608754
Shape_Route_102,22.21834,-97.85804,59,23.843097
Shape_Route_102,22.22066,-97.86321,60,24.434679
Shape_Route_102,22.22229,-97.86329,61,24.615321
Shape_Route_102,22.22386,-97.86357,62,24.791512
Shape_Route_102,22.22597,-97.86443,63,25.041359
Shape_Route_102,22.2328,-97.867,64,25.84255
Shape_Route_102,22.24013,-97.87014,65,26.716191
Shape_Route_102,22.24134,-97.86627,66,27.136939
Shape_Route_102,22.24539,-97.86645,67,27.58569
Shape_Route_102,22.24783,-97.86638,68,27.855914
Shape_Route_102,22.24996,-97.86593,69,28.096239
Shape_Route_102,22.25095,-97.86261,70,28.455511
Shape_Route_102,22.25286,-97.86261,71,28.666963
Shape_Route_102,22.2551,-97.86166,72,28.933575
Shape_Route_102,22.25858,-97.85988,73,29.360279
Shape_Route_102,22.25967,-97.86037,74,29.49109
Shape_Route_102,22.26038,-97.86201,75,29.677475
Shape_Route_102,22.26346,-97.86042,76,30.05578
Shape_Route_102,22.26674,-97.85952,77,30.430559
Shape_Route_102,22.27139,-97.85797,78,30.969561
Shape_Route_102,22.27536,-97.85634,79,31.440072
Shape_Route_102,22.27432,-97.85471,80,31.643701
Shape_Route_102,22.27643,-97.85604,81,31.914527
Shape_Route_102,22.27726,-97.85741,82,32.08296
Shape_Route_102,22.27818,-97.85926,83,32.299082
Shape_Route_102,22.27941,-97.8608,84,32.508176
Shape_Route_102,22.28135,-97.86295,85,32.816723
Shape_Route_102,22.28453,-97.86548,86,33.254777
Shape_Route_102,22.28771,-97.8699,87,33.830383
Shape_Route_102,22.29122,-97.87338,88,34.359105
Shape_Route_102,22.30393,-97.88125,89,35.98308
Shape_Route_102,22.305,-97.88175,90,36.112252
Shape_Route_102,22.30613,-97.88177,91,36.237369
Shape_Route_102,22.33116,-97.87389,92,39.124837
Shape_Route_102,22.33525,-97.87323,93,39.582711
Shape_Route_102,22.33761,-97.87385,94,39.851674
Shape_Route_102,22.34583,-97.8764,95,40.798839
Shape_Route_102,22.34861,-97.87913,96,41.215693
Shape_Route_102,22.3496,-97.88044,97,41.389511
Shape_Route_102,22.35145,-97.88383,98,41.794264
Shape_Route_102,22.35418,-97.88722,99,42.25602
Shape_Route_102,22.36268,-97.89492,100,43.486565
Shape_Route_102,22.36937,-97.90137,101,44.481379
Shape_Route_102,22.36839,-97.9029,102,44.672664
Shape_Route_102,22.36721,-97.90467,103,44.896902
Shape_Route_102,22.36557,-97.90728,104,45.221235
Shape_Route_102,22.36491,-97.90839,105,45.356891
Shape_Route_102,22.36421,-97.90943,106,45.48908
Shape_Route_102,22.36365,-97.91035,107,45.602297
Shape_Route_102,22.36272,-97.90937,108,45.746463
Shape_Route_102,22.36213,-97.90889,109,45.828374
Shape_Route_102,22.36217,-97.9092,110,45.860601
Shape_Route_102,22.36041,-97.90981,111,46.065322
Shape_Route_102,22.3601,-97.90856,112,46.198536
Shape_Route_102,22.35984,-97.90848,113,46.228476
Shape_Route_102,22.3586,-97.90082,114,47.029122
Shape_Route_102,22.3588,-97.90084,115,47.051359
Shape_Route_102,22.35972,-97.90157,116,47.177947
Shape_Route_102,22.36268,-97.90119,117,47.507972
Shape_Route_101A,22.346,-97.8485,1,0.0
Shape_Route_101A,22.34414,-97.84819,2,0.208381
Shape_Route_101A,22.34396,-97.84916,3,0.310247
Shape_Route_101A,22.34634,-97.84956,4,0.576937
Shape_Route_101A,22.34818,-97.84989,5,0.783459
Shape_Route_101A,22.3481,-97.85036,6,0.832666
Shape_Route_101A,22.34868,-97.8505,7,0.898476
Shape_Route_101A,22.34888,-97.84929,8,1.025039
Shape_Route_101A,22.35398,-97.85032,9,1.599537
Shape_Route_101A,22.35382,-97.85139,10,1.711141
Shape_Route_101A,22.35472,-97.85161,11,1.813323
Shape_Route_101A,22.35414,-97.85487,12,2.155124
Shape_Route_101A,22.34772,-97.85363,13,2.877261
Shape_Route_101A,22.34749,-97.85468,14,2.988353
Shape_Route_101A,22.34597,-97.86357,15,3.919232
Shape_Route_101A,22.34575,-97.86374,16,3.949227
Shape_Route_101A,22.34278,-97.86449,17,4.286985
Shape_Route_101A,22.34293,-97.8653,18,4.372042
Shape_Route_101A,22.34205,-97.8677,19,4.637722
Shape_Route_101A,22.3417,-97.86861,20,4.739136
Shape_Route_101A,22.3397,-97.87433,21,5.368473
Shape_Route_101A,22.3442,-97.87571,22,5.88654
Shape_Route_101A,22.34543,-97.87613,23,6.029417
Shape_Route_101A,22.34596,-97.87645,24,6.096714
Shape_Route_101A,22.34674,-97.87711,25,6.206608
Shape_Route_101A,22.34783,-97.87817,26,6.369331
Shape_Route_101A,22.34771,-97.87824,27,6.384446
Shape_Route_101A,22.34656,-97.87716,28,6.553502
Shape_Route_101A,22.3458,-97.87649,29,6.662315
Shape_Route_101A,22.34542,-97.87627,30,6.710098
Shape_Route_101A,22.3443,-97.8759,31,6.839815
Shape_Route_101A,22.33964,-97.87454,32,7.374394
Shape_Route_101A,22.33741,-97.87385,33,7.631299
Shape_Route_101A,22.33527,-97.87319,34,7.877775
Shape_Route_101A,22.33132,-97.87387,35,8.320648
Shape_Route_101A,22.31137,-97.88014,36,10.621774
Shape_Route_101A,22.30595,-97.88179,37,11.245422
Shape_Route_101A,22.3046,-97.88173,38,11.395006
Shape_Route_101A,22.29096,-97.87327,39,13.138537
Shape_Route_101A,22.28965,-97.87303,40,13.285657
Shape_Route_101A,22.28884,-97.87164,41,13.454625
Shape_Route_101A,22.28779,-97.87012,42,13.649655
Shape_Route_101A,22.28463,-97.86557,43,14.234589
Shape_Route_101A,22.28169,-97.86316,44,14.643973
Shape_Route_101A,22.2805,-97.86209,45,14.815759
Shape_Route_101A,22.27546,-97.85626,46,15.635621
Shape_Route_101A,22.26849,-97.85904,47,16.458714
Shape_Route_101A,22.26626,-97.85962,48,16.712725
Shape_Route_101A,22.26378,-97.86035,49,16.9974
Shape_Route_101A,22.26303,-97.86072,50,17.088767
Shape_Route_101A,22.26019,-97.86211,51,17.434269
Shape_Route_101A,22.25713,-97.86396,52,17.822995
Shape_Route_101A,22.2552,-97.86467,53,18.048842
Shape_Route_101A,22.25433,-97.86475,54,18.14551
Shape_Route_101A,22.25312,-97.86565,55,18.308442
Shape_Route_101A,22.25095,-97.86679,56,18.575866
Shape_Route_101A,22.24944,-97.86722,57,18.748809
Shape_Route_101A,22.24698,-97.86763,58,19.024409
Shape_Route_101A,22.24438,-97.86696,59,19.320416
Shape_Route_101A,22.24271,-97.86705,60,19.505531
Shape_Route_101A,22.23719,-97.86623,61,20.122454
Shape_Route_101A,22.23433,-97.8652,62,20.456402
Shape_Route_101A,22.23002,-97.86413,63,20.946132
Shape_Route_101A,22.22742,-97.8649,64,21.244713
Shape_Route_101A,22.22366,-97.86349,65,21.685616
Shape_Route_101A,22.22066,-97.86321,66,22.018991
Shape_Route_101A,22.21943,-97.86271,67,22.164589
Shape_Route_101A,22.21792,-97.85926,68,22.557544
Shape_Route_101A,22.21458,-97.86095,69,22.966291
Shape_Route_101A,22.21566,-97.86349,70,23.254127
Shape_Route_101A,22.21748,-97.86258,71,23.47638
Shape_Route_101A,22.21564,-97.85834,72,23.958582
Shape_Route_101A,22.21482,-97.85885,73,24.063486
Shape_Route_101A,22.21516,-97.8596,74,24.149474
Shape_Route_101A,22.21842,-97.85801,75,24.545854
Shape_Route_101A,22.22066,-97.86321,76,25.13645
Shape_Route_101A,22.22366,-97.86349,77,25.469825
Shape_Route_101A,22.22742,-97.8649,78,25.910728
Shape_Route_101A,22.2295,-97.86576,79,26.157472
Shape_Route_101A,22.23026,-97.86419,80,26.33986
Shape_Route_101A,22.23073,-97.86278,81,26.494224
Shape_Route_101A,22.23349,-97.86364,82,26.812375
Shape_Route_101A,22.23377,-97.86342,83,26.850781
Shape_Route_101A,22.23822,-97.86355,84,27.343614
Shape_Route_101A,22.24118,-97.86359,85,27.671335
Shape_Route_101A,22.2412,-97.86417,86,27.731153
Shape_Route_101A,22.2415,-97.86432,87,27.767787
Shape_Route_101A,22.24128,-97.86625,88,27.968183
Shape_Route_101A,22.24609,-97.86649,89,28.501263
Shape_Route_101A,22.24758,-97.86651,90,28.66623
Shape_Route_101A,22.24994,-97.86602,91,28.932337
Shape_Route_101A,22.25095,-97.8625,92,29.311936
Shape_Route_101A,22.25262,-97.86267,93,29.497647
Shape_Route_101A,22.25459,-97.86194,94,29.728352
Shape_Route_101A,22.25528,-97.86151,95,29.816663
Shape_Route_101A,22.25723,-97.86057,96,30.053282
Shape_Route_101A,22.25891,-97.85992,97,30.250966
Shape_Route_101A,22.25983,-97.86059,98,30.374013
Shape_Route_101A,22.2604,-97.86201,99,30.53337
Shape_Route_101A,22.26303,-97.86072,100,30.853443
Shape_Route_101A,22.26378,-97.86035,101,30.94481
Shape_Route_101A,22.26626,-97.85962,102,31.229485
Shape_Route_101A,22.26849,-97.85904,103,31.483496
Shape_Route_101A,22.27538,-97.85628,104,32.29757
Shape_Route_101A,22.27442,-97.85462,105,32.498944
Shape_Route_101A,22.27675,-97.85617,106,32.802334
Shape_Route_101A,22.2781,-97.85919,107,33.147536
Shape_Route_101A,22.2805,-97.86209,108,33.547385
Shape_Route_101A,22.28169,-97.86316,109,33.719171
Shape_Route_101A,22.28463,-97.86557,110,34.128556
Shape_Route_101A,22.28779,-97.87012,111,34.713489
Shape_Route_101A,22.28884,-97.87164,112,34.90852
Shape_Route_101A,22.28965,-97.87303,113,35.077487
Shape_Route_101A,22.29096,-97.87327,114,35.224608
Shape_Route_101A,22.3046,-97.88173,115,36.968138
Shape_Route_101A,22.30595,-97.88179,116,37.117722
Shape_Route_101A,22.31137,-97.88014,117,37.74137
Shape_Route_101A,22.33132,-97.87387,118,40.042496
Shape_Route_101A,22.33527,-97.87319,119,40.485369
Shape_Route_101A,22.33741,-97.87385,120,40.731845
Shape_Route_101A,22.3393,-97.87423,121,40.944714
Shape_Route_101A,22.3397,-97.87433,122,40.990179
Shape_Route_101A,22.3417,-97.86861,123,41.619517
Shape_Route_101A,22.34205,-97.8677,124,41.720931
Shape_Route_101A,22.34293,-97.8653,125,41.986611
Shape_Route_101A,22.34278,-97.86449,126,42.071668
Shape_Route_101A,22.34575,-97.86374,127,42.409425
Shape_Route_101A,22.34597,-97.86357,128,42.439421
Shape_Route_101A,22.34749,-97.85468,129,43.370299
Shape_Route_101A,22.34772,-97.85363,130,43.481391
Shape_Route_101A,22.35414,-97.85487,131,44.203529
Shape_Route_101A,22.35472,-97.85161,132,44.545329
Shape_Route_101A,22.35382,-97.85139,133,44.647512
Shape_Route_101A,22.35398,-97.85032,134,44.759116
Shape_Route_101A,22.34888,-97.84929,135,45.333613
Shape_Route_101A,22.34868,-97.8505,136,45.460176
Shape_Route_101A,22.3481,-97.85036,137,45.525987
Shape_Route_101A,22.34818,-97.84989,138,45.575193
Shape_Route_101A,22.34634,-97.84956,139,45.781715
Shape_Route_101A,22.34396,-97.84916,140,46.048405
Shape_Route_101A,22.34414,-97.84819,141,46.150272
Shape_Route_101A,22.34601,-97.84851,142,46.359906
Shape_Route_103,22.38375,-97.87861,1,0.0
Shape_Route_103,22.38581,-97.87838,2,0.229288
Shape_Route_103,22.38661,-97.88396,3,0.810568
Shape_Route_103,22.38996,-97.88511,4,1.199885
Shape_Route_103,22.39135,-97.88481,5,1.356839
Shape_Route_103,22.3922,-97.88436,6,1.461728
Shape_Route_103,22.39589,-97.88389,7,1.873101
Shape_Route_103,22.39556,-97.88825,8,2.323442
Shape_Route_103,22.3955,-97.89327,9,2.840288
Shape_Route_103,22.39589,-97.89456,10,2.979934
Shape_Route_103,22.39704,-97.90005,11,3.55928
Shape_Route_103,22.39663,-97.90114,12,3.680325
Shape_Route_103,22.38744,-97.91222,13,5.208826
Shape_Route_103,22.38633,-97.91344,14,5.384546
Shape_Route_103,22.38446,-97.91428,15,5.608908
Shape_Route_103,22.38335,-97.91526,16,5.767909
Shape_Route_103,22.37121,-97.90316,17,7.600514
Shape_Route_103,22.36028,-97.89269,18,9.221165
Shape_Route_103,22.35422,-97.88718,19,10.099826
Shape_Route_103,22.35164,-97.88402,20,10.532816
Shape_Route_103,22.35061,-97.88213,21,10.758395
Shape_Route_103,22.34944,-97.88001,22,11.012251
Shape_Route_103,22.34724,-97.87765,23,11.35633
Shape_Route_103,22.34567,-97.87625,24,11.582159
Shape_Route_103,22.33781,-97.87385,25,12.486756
Shape_Route_103,22.33531,-97.87325,26,12.770343
Shape_Route_103,22.3312,-97.87391,27,13.230406
Shape_Route_103,22.32261,-97.87668,28,14.223271
Shape_Route_103,22.31689,-97.87866,29,14.888556
Shape_Route_103,22.31056,-97.88052,30,15.61506
Shape_Route_103,22.30861,-97.88112,31,15.839615
Shape_Route_103,22.30611,-97.88173,32,16.12343
Shape_Route_103,22.30502,-97.88168,33,16.244212
Shape_Route_103,22.30129,-97.87973,34,16.703423
Shape_Route_103,22.29585,-97.87625,35,17.404308
Shape_Route_103,22.29108,-97.87331,36,18.013085
Shape_Route_103,22.28808,-97.87295,37,18.347275
Shape_Route_103,22.28511,-97.87404,38,18.694728
Shape_Route_103,22.28247,-97.87291,39,19.009333
Shape_Route_103,22.27959,-97.87306,40,19.328547
Shape_Route_103,22.2754,-97.87394,41,19.801193
Shape_Route_103,22.27278,-97.87466,42,20.100586
Shape_Route_103,22.26978,-97.8737,43,20.447128
Shape_Route_103,22.26696,-97.87385,44,20.759707
Shape_Route_103,22.26553,-97.87449,45,20.931206
Shape_Route_103,22.26114,-97.87565,46,21.431698
Shape_Route_103,22.25727,-97.8766,47,21.871179
Shape_Route_103,22.25518,-97.87651,48,22.102744
Shape_Route_103,22.24793,-97.87396,49,22.947301
Shape_Route_103,22.24257,-97.87121,50,23.604902
Shape_Route_103,22.23723,-97.86904,51,24.236971
Shape_Route_103,22.23286,-97.86716,52,24.758125
Shape_Route_103,22.22706,-97.86475,53,25.446603
Shape_Route_103,22.2234,-97.86346,54,25.873053
Shape_Route_103,22.22209,-97.86336,55,26.018446
Shape_Route_103,22.22056,-97.86321,56,26.188533
Shape_Route_103,22.21939,-97.86265,57,26.330341
Shape_Route_103,22.2179,-97.85926,58,26.716758
Shape_Route_103,22.21458,-97.86097,59,27.124389
Shape_Route_103,22.21566,-97.86344,60,27.405678
Shape_Route_103,22.2175,-97.86261,61,27.626618
Shape_Route_103,22.21566,-97.85829,62,28.116307
Shape_Route_103,22.21478,-97.85876,63,28.225112
Shape_Route_103,22.21514,-97.85958,64,28.318564
Shape_Route_103,22.21836,-97.85804,65,28.708791
Shape_Route_103,22.22064,-97.86326,66,29.303126
Shape_Route_103,22.22209,-97.86336,67,29.463983
Shape_Route_103,22.2234,-97.86346,68,29.609376
Shape_Route_103,22.22698,-97.86488,69,30.031872
Shape_Route_103,22.23159,-97.86664,70,30.573516
Shape_Route_103,22.23584,-97.86831,71,31.07452
Shape_Route_103,22.24012,-97.87018,72,31.586047
Shape_Route_103,22.24084,-97.86808,73,31.816691
Shape_Route_103,22.24126,-97.86629,74,32.006943
Shape_Route_103,22.24543,-97.86647,75,32.468968
Shape_Route_103,22.2476,-97.86649,76,32.709213
Shape_Route_103,22.24992,-97.86604,77,32.970209
Shape_Route_103,22.25079,-97.86323,78,33.275393
Shape_Route_103,22.25278,-97.86331,79,33.495857
Shape_Route_103,22.25306,-97.86473,80,33.645441
Shape_Route_103,22.25522,-97.86469,81,33.884606
Shape_Route_103,22.25725,-97.86381,82,34.126951
Shape_Route_103,22.26249,-97.86108,83,34.771678
Shape_Route_103,22.2636,-97.86044,84,34.911143
Shape_Route_103,22.26652,-97.8596,85,35.245799
Shape_Route_103,22.27079,-97.8581,86,35.743151
Shape_Route_103,22.27548,-97.85643,87,36.290146
Shape_Route_103,22.27474,-97.85531,88,36.431672
Shape_Route_103,22.27484,-97.85514,89,36.452393
Shape_Route_103,22.27502,-97.85513,90,36.472348
Shape_Route_103,22.27643,-97.856,91,36.652356
Shape_Route_103,22.27688,-97.85656,92,36.728588
Shape_Route_103,22.27802,-97.85883,93,36.994359
Shape_Route_103,22.28119,-97.86295,94,37.545146
Shape_Route_103,22.28481,-97.86578,95,38.040759
Shape_Route_103,22.2881,-97.8705,96,38.648337
Shape_Route_103,22.29108,-97.87331,97,39.087262
Shape_Route_103,22.30129,-97.87973,98,40.396882
Shape_Route_103,22.30502,-97.88168,99,40.856093
Shape_Route_103,22.30611,-97.88173,100,40.976875
Shape_Route_103,22.30861,-97.88112,101,41.260689
Shape_Route_103,22.31056,-97.88052,102,41.485244
Shape_Route_103,22.31705,-97.87849,103,42.233553
Shape_Route_103,22.32324,-97.8766,104,42.945955
Shape_Route_103,22.3312,-97.87391,105,43.869727
Shape_Route_103,22.33531,-97.87325,106,44.32979
Shape_Route_103,22.33781,-97.87385,107,44.613377
Shape_Route_103,22.34567,-97.87625,108,45.517974
Shape_Route_103,22.34724,-97.87765,109,45.743803
Shape_Route_103,22.34944,-97.88001,110,46.087882
Shape_Route_103,22.35061,-97.88213,111,46.341738
Shape_Route_103,22.35164,-97.88402,112,46.567316
Shape_Route_103,22.35422,-97.88718,113,47.000306
Shape_Route_103,22.36028,-97.89269,114,47.878968
Shape_Route_103,22.36954,-97.90127,115,49.232302
Shape_Route_103,22.37147,-97.90219,116,49.466027
Shape_Route_103,22.37357,-97.90368,117,49.744573
Shape_Route_103,22.37571,-97.90769,118,50.220601
Shape_Route_103,22.38335,-97.91526,119,51.370763
Shape_Route_103,22.38446,-97.91428,120,51.529764
Shape_Route_103,22.38633,-97.91344,121,51.754126
Shape_Route_103,22.38744,-97.91222,122,51.929846
Shape_Route_103,22.39187,-97.90698,123,52.658927
Shape_Route_103,22.39663,-97.90114,124,53.458409
Shape_Route_103,22.39704,-97.90005,125,53.579455
Shape_Route_103,22.39589,-97.89456,126,54.158801
Shape_Route_103,22.3955,-97.89327,127,54.298447
Shape_Route_103,22.39556,-97.88825,128,54.815292
Shape_Route_103,22.39589,-97.88389,129,55.265633
Shape_Route_103,22.3922,-97.88436,130,55.677006
Shape_Route_103,22.39135,-97.88481,131,55.781895
Shape_Route_103,22.38996,-97.88511,132,55.93885
Shape_Route_103,22.38661,-97.88396,133,56.328166
Shape_Route_103,22.38536,-97.88364,134,56.47042
Shape_Route_103,22.38433,-97.88368,135,56.584525
Shape_Route_103,22.38377,-97.8787,136,57.100988
Shape_Route_104,22.36042,-97.90976,1,0.0
Shape_Route_104,22.35906,-97.9103,2,0.160503
Shape_Route_104,22.35997,-97.9134,3,0.495244
Shape_Route_104,22.36227,-97.91482,4,0.788871
Shape_Route_104,22.36095,-97.91696,5,1.053285
Shape_Route_104,22.36171,-97.9175,6,1.154137
Shape_Route_104,22.36418,-97.91378,7,1.624781
Shape_Route_104,22.36478,-97.91292,8,1.73548
Shape_Route_104,22.36562,-97.91364,9,1.854411
Shape_Route_104,22.36745,-97.91093,10,2.199248
Shape_Route_104,22.36846,-97.91202,11,2.357676
Shape_Route_104,22.3693,-97.91096,12,2.501067
Shape_Route_104,22.36966,-97.91058,13,2.556918
Shape_Route_104,22.37134,-97.90865,14,2.829102
Shape_Route_104,22.37201,-97.90931,15,2.929701
Shape_Route_104,22.37412,-97.90615,16,3.330239
Shape_Route_104,22.36859,-97.90044,17,4.17905
Shape_Route_104,22.35567,-97.88855,18,6.061855
Shape_Route_104,22.35329,-97.8861,19,6.426656
Shape_Route_104,22.35109,-97.8834,20,6.796294
Shape_Route_104,22.34902,-97.87954,21,7.255133
Shape_Route_104,22.34585,-97.87638,22,7.733745
Shape_Route_104,22.33591,-97.87316,23,8.883076
Shape_Route_104,22.3317,-97.87381,24,9.353944
Shape_Route_104,22.31024,-97.88054,25,11.828819
Shape_Route_104,22.30625,-97.88179,26,12.288931
Shape_Route_104,22.30512,-97.88175,27,12.414099
Shape_Route_104,22.30371,-97.88123,28,12.579134
Shape_Route_104,22.29112,-97.87329,29,14.19525
Shape_Route_104,22.28828,-97.87295,30,14.511607
Shape_Route_104,22.28509,-97.874,31,14.880965
Shape_Route_104,22.28217,-97.87291,32,15.223184
Shape_Route_104,22.2781,-97.87314,33,15.67439
Shape_Route_104,22.27289,-97.87473,34,16.273995
Shape_Route_104,22.27047,-97.87387,35,16.556183
Shape_Route_104,22.26706,-97.87376,36,16.933867
Shape_Route_104,22.26436,-97.87497,37,17.257741
Shape_Route_104,22.25766,-97.87655,38,18.017143
Shape_Route_104,22.25584,-97.87653,39,18.218642
Shape_Route_104,22.25361,-97.8761,40,18.469466
Shape_Route_104,22.24754,-97.87374,41,19.18412
Shape_Route_104,22.24648,-97.8731,42,19.318736
Shape_Route_104,22.233,-97.86713,43,20.932942
Shape_Route_104,22.22342,-97.86342,44,22.060355
Shape_Route_104,22.22066,-97.86327,45,22.366299
Shape_Route_104,22.21943,-97.86269,46,22.515016
Shape_Route_104,22.21788,-97.85926,47,22.90802
Shape_Route_104,22.21456,-97.86095,48,23.314765
Shape_Route_104,22.21568,-97.86349,49,23.604468
Shape_Route_104,22.2175,-97.86261,50,23.825434
Shape_Route_104,22.21566,-97.85838,51,24.306702
Shape_Route_104,22.21476,-97.85883,52,24.416608
Shape_Route_104,22.21514,-97.85958,53,24.504624
Shape_Route_104,22.21838,-97.85799,54,24.898989
Shape_Route_104,22.22066,-97.86327,55,25.498929
Shape_Route_104,22.22342,-97.86342,56,25.804873
Shape_Route_104,22.22952,-97.86574,57,26.521279
Shape_Route_104,22.23038,-97.86417,58,26.709031
Shape_Route_104,22.23063,-97.86282,59,26.850902
Shape_Route_104,22.23345,-97.86359,60,27.173028
Shape_Route_104,22.23379,-97.86342,61,27.214547
Shape_Route_104,22.23784,-97.86349,62,27.662972
Shape_Route_104,22.24867,-97.86385,63,28.862514
Shape_Route_104,22.25053,-97.86368,64,29.069175
Shape_Route_104,22.25097,-97.86256,65,29.194456
Shape_Route_104,22.25268,-97.86265,66,29.383994
Shape_Route_104,22.25395,-97.86216,67,29.533386
Shape_Route_104,22.25518,-97.86153,68,29.684243
Shape_Route_104,22.25876,-97.85992,69,30.113904
Shape_Route_104,22.25961,-97.86035,70,30.217917
Shape_Route_104,22.26036,-97.86203,71,30.409922
Shape_Route_104,22.26285,-97.86102,72,30.704579
Shape_Route_104,22.26698,-97.85947,73,31.188899
Shape_Route_104,22.27448,-97.85673,74,32.065902
Shape_Route_104,22.2754,-97.85626,75,32.178681
Shape_Route_104,22.27432,-97.85471,76,32.378188
Shape_Route_104,22.27639,-97.85591,77,32.638584
Shape_Route_104,22.27766,-97.85827,78,32.919472
Shape_Route_104,22.27977,-97.86132,79,33.31104
Shape_Route_104,22.28401,-97.86497,80,33.912513
Shape_Route_104,22.28854,-97.8711,81,34.718983
Shape_Route_104,22.29112,-97.87329,82,35.082977
Shape_Route_104,22.30371,-97.88123,83,36.699094
Shape_Route_104,22.30512,-97.88175,84,36.864128
Shape_Route_104,22.30625,-97.88179,85,36.989297
Shape_Route_104,22.31024,-97.88054,86,37.449408
Shape_Route_104,22.3317,-97.87381,87,39.924284
Shape_Route_104,22.33591,-97.87316,88,40.395152
Shape_Route_104,22.34585,-97.87638,89,41.544482
Shape_Route_104,22.34902,-97.87954,90,42.023094
Shape_Route_104,22.35109,-97.8834,91,42.481934
Shape_Route_104,22.35329,-97.8861,92,42.851571
Shape_Route_104,22.35567,-97.88855,93,43.216373
Shape_Route_104,22.36859,-97.90044,94,45.099177
Shape_Route_104,22.37412,-97.90615,95,45.947988
Shape_Route_104,22.37201,-97.90931,96,46.348527
Shape_Route_104,22.37134,-97.90865,97,46.449126
Shape_Route_104,22.36966,-97.91058,98,46.721309
Shape_Route_104,22.3693,-97.91096,99,46.777161
Shape_Route_104,22.36846,-97.91202,100,46.920552
Shape_Route_104,22.36745,-97.91093,101,47.07898
Shape_Route_104,22.36562,-97.91364,102,47.423816
Shape_Route_104,22.36478,-97.91292,103,47.542747
Shape_Route_104,22.36418,-97.91378,104,47.653446
Shape_Route_104,22.36171,-97.9175,105,48.12409
Shape_Route_104,22.36095,-97.91696,106,48.224943
Shape_Route_104,22.36227,-97.91482,107,48.489357
Shape_Route_104,22.35997,-97.9134,108,48.782983
Shape_Route_104,22.35906,-97.9103,109,49.117724
Shape_Route_103A,22.38375,-97.87861,1,0.0
Shape_Route_103A,22.38581,-97.87838,2,0.229288
Shape_Route_103A,22.38661,-97.88396,3,0.810568
Shape_Route_103A,22.38996,-97.88511,4,1.199885
Shape_Route_103A,22.39135,-97.88481,5,1.356839
Shape_Route_103A,22.3922,-97.88436,6,1.461728
Shape_Route_103A,22.39589,-97.88389,7,1.873101
Shape_Route_103A,22.39556,-97.88825,8,2.323442
Shape_Route_103A,22.3955,-97.89327,9,2.840288
Shape_Route_103A,22.39589,-97.89456,10,2.979934
Shape_Route_103A,22.39704,-97.90005,11,3.55928
Shape_Route_103A,22.39663,-97.90114,12,3.680325
Shape_Route_103A,22.38744,-97.91222,13,5.208826
Shape_Route_103A,22.38633,-97.91344,14,5.384546
Shape_Route_103A,22.38446,-97.91428,15,5.608908
Shape_Route_103A,22.38335,-97.91526,16,5.767909
Shape_Route_103A,22.37121,-97.90316,17,7.600514
Shape_Route_103A,22.36028,-97.89269,18,9.221165
Shape_Route_103A,22.35422,-97.88718,19,10.099826
Shape_Route_103A,22.35164,-97.88402,20,10.532816
Shape_Route_103A,22.35061,-97.88213,21,10.758395
Shape_Route_103A,22.34944,-97.88001,22,11.012251
Shape_Route_103A,22.34724,-97.87765,23,11.35633
Shape_Route_103A,22.34567,-97.87625,24,11.582159
Shape_Route_103A,22.33781,-97.87385,25,12.486756
Shape_Route_103A,22.33531,-97.87325,26,12.770343
Shape_Route_103A,22.3312,-97.87391,27,13.230406
Shape_Route_103A,22.31056,-97.88052,28,15.614711
Shape_Route_103A,22.30861,-97.88112,29,15.839266
Shape_Route_103A,22.30611,-97.88173,30,16.12308
Shape_Route_103A,22.30502,-97.88168,31,16.243862
Shape_Route_103A,22.30129,-97.87973,32,16.703074
Shape_Route_103A,22.29108,-97.87331,33,18.012693
Shape_Route_103A,22.28808,-97.87295,34,18.346883
Shape_Route_103A,22.28511,-97.87404,35,18.694336
Shape_Route_103A,22.28247,-97.87291,36,19.008941
Shape_Route_103A,22.27959,-97.87306,37,19.328155
Shape_Route_103A,22.2754,-97.87394,38,19.800801
Shape_Route_103A,22.27278,-97.87466,39,20.100193
Shape_Route_103A,22.26978,-97.8737,40,20.446736
Shape_Route_103A,22.26696,-97.87385,41,20.759315
Shape_Route_103A,22.26553,-97.87449,42,20.930814
Shape_Route_103A,22.25727,-97.8766,43,21.870755
Shape_Route_103A,22.25518,-97.87651,44,22.10232
Shape_Route_103A,22.24793,-97.87396,45,22.946877
Shape_Route_103A,22.24257,-97.87121,46,23.604478
Shape_Route_103A,22.2234,-97.86346,47,25.872093
Shape_Route_103A,22.22209,-97.86336,48,26.017486
Shape_Route_103A,22.22056,-97.86321,49,26.187573
Shape_Route_103A,22.21834,-97.85799,50,26.779117
Shape_Route_103A,22.21514,-97.85958,51,27.169458
Shape_Route_103A,22.2148,-97.85885,52,27.253597
Shape_Route_103A,22.21568,-97.85838,53,27.362402
Shape_Route_103A,22.2175,-97.86261,54,27.842737
Shape_Route_103A,22.21568,-97.86355,55,28.066313
Shape_Route_103A,22.21458,-97.86097,56,28.35882
Shape_Route_103A,22.21794,-97.85928,57,28.76957
Shape_Route_103A,22.21941,-97.86265,58,29.153179
Shape_Route_103A,22.22056,-97.86321,59,29.292968
Shape_Route_103A,22.22209,-97.86336,60,29.463055
Shape_Route_103A,22.2234,-97.86346,61,29.608448
Shape_Route_103A,22.22734,-97.86509,62,30.075875
Shape_Route_103A,22.22891,-97.86441,63,30.263286
Shape_Route_103A,22.22974,-97.86415,64,30.359002
Shape_Route_103A,22.23061,-97.8643,65,30.456551
Shape_Route_103A,22.23733,-97.86625,66,31.227178
Shape_Route_103A,22.24424,-97.86698,67,31.99586
Shape_Route_103A,22.24708,-97.86769,68,32.318673
Shape_Route_103A,22.24944,-97.86728,69,32.583338
Shape_Route_103A,22.25087,-97.86681,70,32.748895
Shape_Route_103A,22.25367,-97.86531,71,33.095283
Shape_Route_103A,22.25737,-97.86381,72,33.533099
Shape_Route_103A,22.26336,-97.86059,73,34.274626
Shape_Route_103A,22.26706,-97.85939,74,34.702504
Shape_Route_103A,22.27123,-97.85797,75,35.186792
Shape_Route_103A,22.2754,-97.8563,76,35.679474
Shape_Route_103A,22.28,-97.86158,77,36.424669
Shape_Route_103A,22.28485,-97.86578,78,37.114279
Shape_Route_103A,22.28878,-97.87115,79,37.818128
Shape_Route_103A,22.29108,-97.87331,80,38.156299
Shape_Route_103A,22.30129,-97.87973,81,39.465918
Shape_Route_103A,22.30502,-97.88168,82,39.925129
Shape_Route_103A,22.30611,-97.88173,83,40.045911
Shape_Route_103A,22.30861,-97.88112,84,40.329726
Shape_Route_103A,22.31056,-97.88052,85,40.554281
Shape_Route_103A,22.3312,-97.87391,86,42.938586
Shape_Route_103A,22.33531,-97.87325,87,43.398649
Shape_Route_103A,22.33781,-97.87385,88,43.682236
Shape_Route_103A,22.34567,-97.87625,89,44.586833
Shape_Route_103A,22.34724,-97.87765,90,44.812662
Shape_Route_103A,22.34944,-97.88001,91,45.156741
Shape_Route_103A,22.35061,-97.88213,92,45.410597
Shape_Route_103A,22.35164,-97.88402,93,45.636176
Shape_Route_103A,22.35422,-97.88718,94,46.069165
Shape_Route_103A,22.36028,-97.89269,95,46.947827
Shape_Route_103A,22.37121,-97.90316,96,48.568478
Shape_Route_103A,22.38335,-97.91526,97,50.401083
Shape_Route_103A,22.38446,-97.91428,98,50.560084
Shape_Route_103A,22.38633,-97.91344,99,50.784446
Shape_Route_103A,22.38744,-97.91222,100,50.960166
Shape_Route_103A,22.39663,-97.90114,101,52.488666
Shape_Route_103A,22.39704,-97.90005,102,52.609712
Shape_Route_103A,22.39589,-97.89456,103,53.189058
Shape_Route_103A,22.3955,-97.89327,104,53.328704
Shape_Route_103A,22.39556,-97.88825,105,53.845549
Shape_Route_103A,22.39589,-97.88389,106,54.29589
Shape_Route_103A,22.3922,-97.88436,107,54.707263
Shape_Route_103A,22.39135,-97.88481,108,54.812152
Shape_Route_103A,22.38996,-97.88511,109,54.969107
Shape_Route_103A,22.38661,-97.88396,110,55.358423
Shape_Route_103A,22.38581,-97.87838,111,55.939704
Shape_Route_103B,22.41553,-97.93369,1,0.0
Shape_Route_103B,22.41569,-97.93496,2,0.131919
Shape_Route_103B,22.41861,-97.93455,3,0.45793
Shape_Route_103B,22.41902,-97.93479,4,0.509607
Shape_Route_103B,22.42708,-97.93352,5,1.411439
Shape_Route_103B,22.42563,-97.93082,6,1.732368
Shape_Route_103B,22.42565,-97.92979,7,1.838405
Shape_Route_103B,22.42503,-97.92516,8,2.319868
Shape_Route_103B,22.41625,-97.92644,9,3.300776
Shape_Route_103B,22.41603,-97.92436,10,3.516257
Shape_Route_103B,22.41545,-97.92082,11,3.886254
Shape_Route_103B,22.4121,-97.92127,12,4.260009
Shape_Route_103B,22.41224,-97.92234,13,4.371235
Shape_Route_103B,22.40938,-97.9227,14,4.690022
Shape_Route_103B,22.40926,-97.9217,15,4.793813
Shape_Route_103B,22.40769,-97.92195,16,4.96952
Shape_Route_103B,22.40748,-97.91954,17,5.21869
Shape_Route_103B,22.40658,-97.91965,18,5.318969
Shape_Route_103B,22.40659,-97.91913,19,5.372509
Shape_Route_103B,22.4062,-97.9151,20,5.789598
Shape_Route_103B,22.40537,-97.91516,21,5.881694
Shape_Route_103B,22.40542,-97.91548,22,5.915097
Shape_Route_103B,22.40545,-97.91601,23,5.969756
Shape_Route_103B,22.40243,-97.91651,24,6.308035
Shape_Route_103B,22.40171,-97.91655,25,6.387851
Shape_Route_103B,22.4026,-97.91348,26,6.71889
Shape_Route_103B,22.40379,-97.91033,27,7.068899
Shape_Route_103B,22.40073,-97.90958,28,7.416354
Shape_Route_103B,22.3994,-97.90936,29,7.565328
Shape_Route_103B,22.39938,-97.90994,30,7.625078
Shape_Route_103B,22.39936,-97.90949,31,7.671456
Shape_Route_103B,22.39781,-97.9098,32,7.845997
Shape_Route_103B,22.39775,-97.91025,33,7.892796
Shape_Route_103B,22.39543,-97.91056,34,8.151615
Shape_Route_103B,22.39458,-97.91078,35,8.248405
Shape_Route_103B,22.39387,-97.91068,36,8.327679
Shape_Route_103B,22.39333,-97.91051,37,8.389971
Shape_Route_103B,22.39289,-97.91018,38,8.44936
Shape_Route_103B,22.39208,-97.91115,39,8.583575
Shape_Route_103B,22.39289,-97.91417,40,8.907159
Shape_Route_103B,22.39178,-97.91438,41,9.031933
Shape_Route_103B,22.39064,-97.91449,42,9.158647
Shape_Route_103B,22.38949,-97.91431,43,9.287304
Shape_Route_103B,22.38903,-97.91407,44,9.343907
Shape_Route_103B,22.38718,-97.91241,45,9.610656
Shape_Route_103B,22.38653,-97.9131,46,9.711774
Shape_Route_103B,22.38448,-97.91426,47,9.968231
Shape_Route_103B,22.38357,-97.91477,48,10.081838
Shape_Route_103B,22.38325,-97.91543,49,10.15847
Shape_Route_103B,22.37466,-97.90664,50,11.471267
Shape_Route_103B,22.3681,-97.89999,51,12.469407
Shape_Route_103B,22.3544,-97.88739,52,14.465362
Shape_Route_103B,22.35182,-97.88415,53,14.904577
Shape_Route_103B,22.35119,-97.88336,54,15.011737
Shape_Route_103B,22.34956,-97.88039,55,15.36686
Shape_Route_103B,22.34785,-97.87829,56,15.65428
Shape_Route_103B,22.34573,-97.8763,57,15.965866
Shape_Route_103B,22.33739,-97.87372,58,16.926652
Shape_Route_103B,22.33521,-97.87321,59,17.173647
Shape_Route_103B,22.33144,-97.87387,60,17.596519
Shape_Route_103B,22.30607,-97.88179,61,20.521275
Shape_Route_103B,22.3047,-97.8817,62,20.673229
Shape_Route_103B,22.30355,-97.8811,63,20.814754
Shape_Route_103B,22.29118,-97.87329,64,22.403087
Shape_Route_103B,22.28836,-97.87295,65,22.717244
Shape_Route_103B,22.28556,-97.87387,66,23.041395
Shape_Route_103B,22.28407,-97.87389,67,23.206363
Shape_Route_103B,22.28221,-97.87288,68,23.437081
Shape_Route_103B,22.27959,-97.87299,69,23.727358
Shape_Route_103B,22.27728,-97.87327,70,23.984716
Shape_Route_103B,22.27268,-97.87471,71,24.515148
Shape_Route_103B,22.27008,-97.87372,72,24.820531
Shape_Route_103B,22.26688,-97.87385,73,25.17505
Shape_Route_103B,22.26493,-97.87486,74,25.414708
Shape_Route_103B,22.25749,-97.87664,75,26.258551
Shape_Route_103B,22.25564,-97.87649,76,26.463943
Shape_Route_103B,22.25252,-97.87578,77,26.817016
Shape_Route_103B,22.24646,-97.87312,78,27.54175
Shape_Route_103B,22.24203,-97.87097,79,28.079917
Shape_Route_103B,22.23633,-97.86853,80,28.759215
Shape_Route_103B,22.22313,-97.86336,81,30.314683
Shape_Route_103B,22.22066,-97.86318,82,30.58876
Shape_Route_103B,22.21941,-97.86271,83,30.73538
Shape_Route_103B,22.21788,-97.85924,84,31.131144
Shape_Route_103B,22.21456,-97.86097,85,31.539672
Shape_Route_103B,22.21566,-97.86351,86,31.828435
Shape_Route_103B,22.2175,-97.86258,87,32.053567
Shape_Route_103B,22.21562,-97.85836,88,32.535796
Shape_Route_103B,22.21478,-97.85881,89,32.639718
Shape_Route_103B,22.21518,-97.85964,90,32.736057
Shape_Route_103B,22.21635,-97.85909,91,32.87745
Shape_Route_103B,22.21762,-97.85838,92,33.035957
Shape_Route_103B,22.2184,-97.85801,93,33.130356
Shape_Route_103B,22.21949,-97.86063,94,33.426157
Shape_Route_103B,22.22013,-97.86198,95,33.582313
Shape_Route_103B,22.2203,-97.86241,96,33.630467
Shape_Route_103B,22.2204,-97.86276,97,33.668204
Shape_Route_103B,22.22066,-97.86318,98,33.720193
Shape_Route_103B,22.22313,-97.86336,99,33.99427
Shape_Route_103B,22.23633,-97.86853,100,35.549738
Shape_Route_103B,22.24013,-97.8702,101,36.004275
Shape_Route_103B,22.24048,-97.86917,102,36.117281
Shape_Route_103B,22.24122,-97.86685,103,36.370033
Shape_Route_103B,22.24128,-97.86625,104,36.432226
Shape_Route_103B,22.24684,-97.86653,105,37.048438
Shape_Route_103B,22.24758,-97.86653,106,37.130362
Shape_Route_103B,22.24998,-97.86595,107,37.402702
Shape_Route_103B,22.25077,-97.86325,108,37.694375
Shape_Route_103B,22.2528,-97.86334,109,37.919304
Shape_Route_103B,22.25308,-97.86475,110,38.06788
Shape_Route_103B,22.25524,-97.86471,111,38.307045
Shape_Route_103B,22.25727,-97.86392,112,38.546074
Shape_Route_103B,22.26031,-97.86205,113,38.933891
Shape_Route_103B,22.26253,-97.86102,114,39.201603
Shape_Route_103B,22.26483,-97.85994,115,39.479491
Shape_Route_103B,22.26839,-97.85902,116,39.884855
Shape_Route_103B,22.27182,-97.8578,117,40.284853
Shape_Route_103B,22.27536,-97.85634,118,40.704643
Shape_Route_103B,22.2744,-97.85475,119,40.899928
Shape_Route_103B,22.27643,-97.85604,120,41.161031
Shape_Route_103B,22.27802,-97.85879,121,41.494607
Shape_Route_103B,22.28076,-97.86231,122,41.967424
Shape_Route_103B,22.28453,-97.86531,123,42.486789
Shape_Route_103B,22.28711,-97.869,124,42.96231
Shape_Route_103B,22.2887,-97.8711,125,43.241231
Shape_Route_103B,22.29118,-97.87329,126,43.596604
Shape_Route_103B,22.30355,-97.8811,127,45.184937
Shape_Route_103B,22.3047,-97.8817,128,45.326462
Shape_Route_103B,22.30607,-97.88179,129,45.478415
Shape_Route_103B,22.33144,-97.87387,130,48.403172
Shape_Route_103B,22.33521,-97.87321,131,48.826044
Shape_Route_103B,22.33739,-97.87372,132,49.073039
Shape_Route_103B,22.34573,-97.8763,133,50.033825
Shape_Route_103B,22.34785,-97.87829,134,50.345411
Shape_Route_103B,22.34956,-97.88039,135,50.632831
Shape_Route_103B,22.35119,-97.88336,136,50.987954
Shape_Route_103B,22.35182,-97.88415,137,51.095114
Shape_Route_103B,22.3544,-97.88739,138,51.534329
Shape_Route_103B,22.3681,-97.89999,139,53.530284
Shape_Route_103B,22.37466,-97.90664,140,54.528424
Shape_Route_103B,22.38325,-97.91543,141,55.841221
Shape_Route_103B,22.38357,-97.91477,142,55.917853
Shape_Route_103B,22.38448,-97.91426,143,56.03146
Shape_Route_103B,22.38653,-97.9131,144,56.287917
Shape_Route_103B,22.38718,-97.91241,145,56.389035
Shape_Route_103B,22.38903,-97.91407,146,56.655784
Shape_Route_103B,22.38949,-97.91431,147,56.712387
Shape_Route_103B,22.39064,-97.91449,148,56.841044
Shape_Route_103B,22.39178,-97.91438,149,56.967758
Shape_Route_103B,22.39289,-97.91417,150,57.092532
Shape_Route_103B,22.39208,-97.91115,151,57.416116
Shape_Route_103B,22.39289,-97.91018,152,57.550331
Shape_Route_103B,22.39333,-97.91051,153,57.60972
Shape_Route_103B,22.39387,-97.91068,154,57.672012
Shape_Route_103B,22.39458,-97.91078,155,57.751286
Shape_Route_103B,22.39543,-97.91056,156,57.848075
Shape_Route_103B,22.39775,-97.91025,157,58.106894
Shape_Route_103B,22.39781,-97.9098,158,58.153694
Shape_Route_103B,22.39936,-97.90949,159,58.328235
Shape_Route_103B,22.39938,-97.90994,160,58.374613
Shape_Route_103B,22.3994,-97.90936,161,58.434363
Shape_Route_103B,22.40073,-97.90958,162,58.583337
Shape_Route_103B,22.40379,-97.91033,163,58.930792
Shape_Route_103B,22.4026,-97.91348,164,59.280801
Shape_Route_103B,22.40171,-97.91655,165,59.61184
Shape_Route_103B,22.40243,-97.91651,166,59.691656
Shape_Route_103B,22.40545,-97.91601,167,60.029935
Shape_Route_103B,22.40542,-97.91548,168,60.084594
Shape_Route_103B,22.40537,-97.91516,169,60.117997
Shape_Route_103B,22.4062,-97.9151,170,60.210093
Shape_Route_103B,22.40659,-97.91913,171,60.627181
Shape_Route_103B,22.40658,-97.91965,172,60.680722
Shape_Route_103B,22.40748,-97.91954,173,60.781001
Shape_Route_103B,22.40769,-97.92195,174,61.03017
Shape_Route_103B,22.40926,-97.9217,175,61.205877
Shape_Route_103B,22.40938,-97.9227,176,61.309669
Shape_Route_103B,22.41224,-97.92234,177,61.628456
Shape_Route_103B,22.4121,-97.92127,178,61.739682
Shape_Route_103B,22.41545,-97.92082,179,62.113437
Shape_Route_103B,22.41603,-97.92436,180,62.483434
Shape_Route_103B,22.41625,-97.92644,181,62.698914
Shape_Route_103B,22.42503,-97.92516,182,63.679823
Shape_Route_103B,22.42565,-97.92979,183,64.161286
Shape_Route_103B,22.42563,-97.93082,184,64.267323
Shape_Route_103B,22.42708,-97.93352,185,64.588252
Shape_Route_103B,22.41902,-97.93479,186,65.490084
Shape_Route_103B,22.41861,-97.93455,187,65.541761
Shape_Route_103B,22.41565,-97.93498,188,65.872433
Shape_Route_103B,22.41553,-97.93374,189,66.000759
Shape_Route_104A,22.36036,-97.90979,1,0.0
Shape_Route_104A,22.35908,-97.91028,2,0.150422
Shape_Route_104A,22.36,-97.91337,3,0.484517
Shape_Route_104A,22.36015,-97.91337,4,0.501123
Shape_Route_104A,22.36128,-97.91414,5,0.649234
Shape_Route_104A,22.36229,-97.91483,6,0.781714
Shape_Route_104A,22.36095,-97.91694,7,1.044801
Shape_Route_104A,22.36175,-97.91752,8,1.151623
Shape_Route_104A,22.36362,-97.91462,9,1.514986
Shape_Route_104A,22.36417,-97.91374,10,1.624158
Shape_Route_104A,22.3648,-97.91292,11,1.733675
Shape_Route_104A,22.36565,-97.91366,12,1.854759
Shape_Route_104A,22.36746,-97.91094,13,2.199136
Shape_Route_104A,22.36847,-97.91205,14,2.35903
Shape_Route_104A,22.36911,-97.91119,15,2.472439
Shape_Route_104A,22.37133,-97.90862,16,2.833591
Shape_Route_104A,22.37202,-97.90924,17,2.933143
Shape_Route_104A,22.37413,-97.90615,18,3.327849
Shape_Route_104A,22.36922,-97.90118,19,4.074412
Shape_Route_104A,22.3652,-97.89726,20,4.675239
Shape_Route_104A,22.35432,-97.88726,21,6.259925
Shape_Route_104A,22.35162,-97.88411,22,6.701034
Shape_Route_104A,22.3496,-97.88046,23,7.138413
Shape_Route_104A,22.34597,-97.87645,24,7.714645
Shape_Route_104A,22.34492,-97.87597,25,7.840964
Shape_Route_104A,22.33602,-97.87331,26,8.863649
Shape_Route_104A,22.33438,-97.87323,27,9.045399
Shape_Route_104A,22.30609,-97.88187,28,12.301334
Shape_Route_104A,22.30434,-97.88149,29,12.498989
Shape_Route_104A,22.29082,-97.87327,30,14.218718
Shape_Route_104A,22.28965,-97.87301,31,14.350987
Shape_Route_104A,22.2888,-97.87157,32,14.526674
Shape_Route_104A,22.28777,-97.86995,33,14.728813
Shape_Route_104A,22.28382,-97.86488,34,15.410056
Shape_Route_104A,22.28068,-97.86241,35,15.84088
Shape_Route_104A,22.27776,-97.85879,36,16.334461
Shape_Route_104A,22.27534,-97.85619,37,16.713337
Shape_Route_104A,22.26829,-97.85904,38,17.547251
Shape_Route_104A,22.26336,-97.86042,39,18.111265
Shape_Route_104A,22.26003,-97.86226,40,18.525825
Shape_Route_104A,22.25719,-97.86396,41,18.885748
Shape_Route_104A,22.25516,-97.86469,42,19.122742
Shape_Route_104A,22.26036,-97.86192,43,19.76531
Shape_Route_104A,22.25959,-97.86033,44,19.950007
Shape_Route_104A,22.2585,-97.85982,45,20.081627
Shape_Route_104A,22.25385,-97.86228,46,20.655455
Shape_Route_104A,22.2524,-97.86267,47,20.820937
Shape_Route_104A,22.25087,-97.86252,48,20.991024
Shape_Route_104A,22.24992,-97.86597,49,21.361797
Shape_Route_104A,22.2493,-97.8672,50,21.505947
Shape_Route_104A,22.2469,-97.86771,51,21.776795
Shape_Route_104A,22.24468,-97.86696,52,22.034434
Shape_Route_104A,22.24269,-97.86707,53,22.255035
Shape_Route_104A,22.23749,-97.86627,54,22.83659
Shape_Route_104A,22.23413,-97.8652,55,23.224572
Shape_Route_104A,22.22988,-97.86413,56,23.707833
Shape_Route_104A,22.22728,-97.86495,57,24.007825
Shape_Route_104A,22.22398,-97.86364,58,24.397315
Shape_Route_104A,22.22197,-97.86336,59,24.621702
Shape_Route_104A,22.22042,-97.86323,60,24.793821
Shape_Route_104A,22.21939,-97.86263,61,24.923543
Shape_Route_104A,22.2179,-97.85924,62,25.309959
Shape_Route_104A,22.21456,-97.86095,63,25.719589
Shape_Route_104A,22.2156,-97.86349,64,26.005614
Shape_Route_104A,22.21746,-97.86261,65,26.230625
Shape_Route_104A,22.21558,-97.85836,66,26.715645
Shape_Route_104A,22.2148,-97.85885,67,26.815685
Shape_Route_104A,22.21516,-97.85962,68,26.904503
Shape_Route_104A,22.21836,-97.85801,69,27.295714
Shape_Route_104A,22.22066,-97.86321,70,27.88913
Shape_Route_104A,22.22197,-97.86336,71,28.034979
Shape_Route_104A,22.22398,-97.86364,72,28.259365
Shape_Route_104A,22.22728,-97.86495,73,28.648855
Shape_Route_104A,22.22988,-97.86591,74,28.953228
Shape_Route_104A,22.24076,-97.87054,75,30.248814
Shape_Route_104A,22.25002,-97.87484,76,31.365652
Shape_Route_104A,22.25443,-97.87642,77,31.88031
Shape_Route_104A,22.25804,-97.87655,78,32.280189
Shape_Route_104A,22.26444,-97.87501,79,33.006274
Shape_Route_104A,22.26694,-97.87389,80,33.306142
Shape_Route_104A,22.27023,-97.87394,81,33.670408
Shape_Route_104A,22.27293,-97.87479,82,33.981887
Shape_Route_104A,22.27845,-97.87308,83,34.617889
Shape_Route_104A,22.28254,-97.87308,84,35.070686
Shape_Route_104A,22.28455,-97.87402,85,35.313372
Shape_Route_104A,22.28632,-97.87363,86,35.513403
Shape_Route_104A,22.28789,-97.87306,87,35.696868
Shape_Route_104A,22.28977,-97.87194,88,35.934847
Shape_Route_104A,22.29102,-97.87316,89,36.121794
Shape_Route_104A,22.30434,-97.88149,90,37.827958
Shape_Route_104A,22.30609,-97.88187,91,38.025612
Shape_Route_104A,22.33438,-97.87323,92,41.281548
Shape_Route_104A,22.33602,-97.87331,93,41.463297
Shape_Route_104A,22.34492,-97.87597,94,42.485983
Shape_Route_104A,22.34597,-97.87645,95,42.612302
Shape_Route_104A,22.3496,-97.88046,96,43.188534
Shape_Route_104A,22.35162,-97.88411,97,43.625913
Shape_Route_104A,22.35432,-97.88726,98,44.067022
Shape_Route_104A,22.3652,-97.89726,99,45.651708
Shape_Route_104A,22.36922,-97.90118,100,46.252535
Shape_Route_104A,22.37413,-97.90615,101,46.999098
Shape_Route_104A,22.37202,-97.90924,102,47.393804
Shape_Route_104A,22.37133,-97.90862,103,47.493356
Shape_Route_104A,22.36911,-97.91119,104,47.854507
Shape_Route_104A,22.36847,-97.91205,105,47.967917
Shape_Route_104A,22.36746,-97.91094,106,48.12781
Shape_Route_104A,22.36565,-97.91366,107,48.472188
Shape_Route_104A,22.3648,-97.91292,108,48.593272
Shape_Route_104A,22.36417,-97.91374,109,48.702789
Shape_Route_104A,22.36362,-97.91462,110,48.811961
Shape_Route_104A,22.36175,-97.91752,111,49.175323
Shape_Route_104A,22.36095,-97.91694,112,49.282146
Shape_Route_104A,22.36229,-97.91483,113,49.545233
Shape_Route_104A,22.36128,-97.91414,114,49.677713
Shape_Route_104A,22.36015,-97.91337,115,49.825824
Shape_Route_104A,22.36,-97.91337,116,49.84243
Shape_Route_104A,22.35909,-97.91031,117,50.173245
Shape_Route_104A,22.36046,-97.90979,118,50.33409
Shape_Route_105,22.3653,-97.87205,1,0.0
Shape_Route_105,22.36563,-97.87211,2,0.037053
Shape_Route_105,22.36595,-97.87233,3,0.079104
Shape_Route_105,22.36813,-97.87423,4,0.389787
Shape_Route_105,22.36919,-97.8727,5,0.586234
Shape_Route_105,22.3703,-97.87366,6,0.743944
Shape_Route_105,22.36925,-97.87511,7,0.933165
Shape_Route_105,22.36983,-97.8756,8,1.014827
Shape_Route_105,22.36976,-97.87579,9,1.03587
Shape_Route_105,22.37236,-97.878,10,1.402799
Shape_Route_105,22.37233,-97.87813,11,1.416591
Shape_Route_105,22.37391,-97.87981,12,1.662599
Shape_Route_105,22.37208,-97.88183,13,1.952954
Shape_Route_105,22.37027,-97.8802,14,2.21434
Shape_Route_105,22.37002,-97.88049,15,2.255054
Shape_Route_105,22.36776,-97.87826,16,2.594652
Shape_Route_105,22.36684,-97.87964,17,2.769483
Shape_Route_105,22.36687,-97.88001,18,2.807727
Shape_Route_105,22.36695,-97.88031,19,2.839862
Shape_Route_105,22.37018,-97.88257,20,3.266506
Shape_Route_105,22.36897,-97.8846,21,3.514773
Shape_Route_105,22.37017,-97.884,22,3.661286
Shape_Route_105,22.37117,-97.88494,23,3.808339
Shape_Route_105,22.37156,-97.88545,24,3.876323
Shape_Route_105,22.37128,-97.88563,25,3.91244
Shape_Route_105,22.36814,-97.88599,26,4.262037
Shape_Route_105,22.36763,-97.88648,27,4.337758
Shape_Route_105,22.36738,-97.88698,28,4.39621
Shape_Route_105,22.36181,-97.88778,29,5.018337
Shape_Route_105,22.36108,-97.88176,30,5.643486
Shape_Route_105,22.35891,-97.88209,31,5.886116
Shape_Route_105,22.35898,-97.88244,32,5.922982
Shape_Route_105,22.35422,-97.88724,33,6.645496
Shape_Route_105,22.35319,-97.88593,34,6.822136
Shape_Route_105,22.35132,-97.88357,35,7.141393
Shape_Route_105,22.35072,-97.88241,36,7.278078
Shape_Route_105,22.34973,-97.88065,37,7.489889
Shape_Route_105,22.34883,-97.87933,38,7.658432
Shape_Route_105,22.34575,-97.87635,39,8.117184
Shape_Route_105,22.34246,-97.87527,40,8.498021
Shape_Route_105,22.3388,-97.87442,41,8.912565
Shape_Route_105,22.33715,-97.87385,42,9.104436
Shape_Route_105,22.33577,-97.87324,43,9.269627
Shape_Route_105,22.33112,-97.87391,44,9.789028
Shape_Route_105,22.30597,-97.88179,45,12.689248
Shape_Route_105,22.3046,-97.88168,46,12.841341
Shape_Route_105,22.29104,-97.87325,47,14.575657
Shape_Route_105,22.28941,-97.87299,48,14.758089
Shape_Route_105,22.288,-97.87293,49,14.91431
Shape_Route_105,22.28501,-97.87396,50,15.261922
Shape_Route_105,22.28241,-97.87286,51,15.571272
Shape_Route_105,22.27708,-97.87336,52,16.163591
Shape_Route_105,22.27276,-97.87477,53,16.66343
Shape_Route_105,22.27015,-97.87378,54,16.969856
Shape_Route_105,22.26698,-97.87383,55,17.320839
Shape_Route_105,22.26523,-97.87464,56,17.531792
Shape_Route_105,22.25727,-97.8766,57,18.435876
Shape_Route_105,22.25399,-97.87621,58,18.801215
Shape_Route_105,22.24791,-97.87398,59,19.512469
Shape_Route_105,22.24652,-97.87312,60,19.690051
Shape_Route_105,22.22744,-97.86501,61,21.961724
Shape_Route_105,22.22394,-97.86364,62,22.374131
Shape_Route_105,22.22227,-97.86331,63,22.562116
Shape_Route_105,22.22062,-97.86316,64,22.745437
Shape_Route_105,22.21949,-97.86261,65,22.882784
Shape_Route_105,22.21794,-97.85924,66,23.270232
Shape_Route_105,22.2145,-97.861,67,23.692073
Shape_Route_105,22.21566,-97.86349,68,23.979081
Shape_Route_105,22.21746,-97.86263,69,24.197184
Shape_Route_105,22.21562,-97.85829,70,24.688748
Shape_Route_105,22.21474,-97.85881,71,24.799944
Shape_Route_105,22.21508,-97.85952,72,24.882244
Shape_Route_105,22.21524,-97.85964,73,24.903849
Shape_Route_105,22.2184,-97.85797,74,25.293746
Shape_Route_105,22.22064,-97.86323,75,25.889961
Shape_Route_105,22.22227,-97.86331,76,26.070603
Shape_Route_105,22.22394,-97.86364,77,26.258588
Shape_Route_105,22.2295,-97.8658,78,26.91315
Shape_Route_105,22.23036,-97.86419,79,27.104467
Shape_Route_105,22.23069,-97.86284,80,27.248329
Shape_Route_105,22.23337,-97.86355,81,27.553917
Shape_Route_105,22.23697,-97.86346,82,27.952574
Shape_Route_105,22.24114,-97.8637,83,28.414888
Shape_Route_105,22.24118,-97.86426,84,28.472773
Shape_Route_105,22.24144,-97.86441,85,28.505446
Shape_Route_105,22.2413,-97.86623,86,28.693659
Shape_Route_105,22.24682,-97.86655,87,29.305656
Shape_Route_105,22.24992,-97.866,88,29.6535
Shape_Route_105,22.25073,-97.86334,89,29.941924
Shape_Route_105,22.2528,-97.86336,90,30.171099
Shape_Route_105,22.25306,-97.8648,91,30.322263
Shape_Route_105,22.25522,-97.86469,92,30.561661
Shape_Route_105,22.25725,-97.86394,93,30.799318
Shape_Route_105,22.26328,-97.86063,94,31.548981
Shape_Route_105,22.26698,-97.85952,95,31.974272
Shape_Route_105,22.27536,-97.85634,96,32.958175
Shape_Route_105,22.27425,-97.85462,97,33.173838
Shape_Route_105,22.27627,-97.85582,98,33.429375
Shape_Route_105,22.27687,-97.8566,99,33.533642
Shape_Route_105,22.27845,-97.85947,100,33.877217
Shape_Route_105,22.281,-97.86256,101,34.30273
Shape_Route_105,22.28437,-97.86535,102,34.773716
Shape_Route_105,22.28826,-97.87067,103,35.47078
Shape_Route_105,22.29104,-97.87325,104,35.877445
Shape_Route_105,22.3046,-97.88168,105,37.611761
Shape_Route_105,22.30597,-97.88179,106,37.763854
Shape_Route_105,22.33112,-97.87391,107,40.664074
Shape_Route_105,22.33577,-97.87324,108,41.183474
Shape_Route_105,22.33715,-97.87385,109,41.348666
Shape_Route_105,22.3388,-97.87442,110,41.540537
Shape_Route_105,22.34246,-97.87527,111,41.955081
Shape_Route_105,22.34575,-97.87635,112,42.335917
Shape_Route_105,22.34883,-97.87933,113,42.79467
Shape_Route_105,22.34973,-97.88065,114,42.963213
Shape_Route_105,22.35072,-97.88241,115,43.175024
Shape_Route_105,22.35132,-97.88357,116,43.311708
Shape_Route_105,22.35319,-97.88593,117,43.630966
Shape_Route_105,22.35422,-97.88724,118,43.807606
Shape_Route_105,22.35898,-97.88244,119,44.53012
Shape_Route_105,22.35891,-97.88209,120,44.566986
Shape_Route_105,22.36108,-97.88176,121,44.809616
Shape_Route_105,22.36181,-97.88778,122,45.434765
Shape_Route_105,22.36738,-97.88698,123,46.056892
Shape_Route_105,22.36763,-97.88648,124,46.115344
Shape_Route_105,22.36814,-97.88599,125,46.191065
Shape_Route_105,22.37128,-97.88563,126,46.540662
Shape_Route_105,22.37156,-97.88545,127,46.576779
Shape_Route_105,22.37117,-97.88494,128,46.644763
Shape_Route_105,22.37017,-97.884,129,46.791816
Shape_Route_105,22.36897,-97.8846,130,46.938329
Shape_Route_105,22.37018,-97.88257,131,47.186596
Shape_Route_105,22.36695,-97.88031,132,47.613239
Shape_Route_105,22.36687,-97.88001,133,47.645375
Shape_Route_105,22.36684,-97.87964,134,47.683619
Shape_Route_105,22.36776,-97.87826,135,47.85845
Shape_Route_105,22.37002,-97.88049,136,48.198048
Shape_Route_105,22.37027,-97.8802,137,48.238762
Shape_Route_105,22.37208,-97.88183,138,48.500148
Shape_Route_105,22.37391,-97.87981,139,48.790503
Shape_Route_105,22.37233,-97.87813,140,49.036511
Shape_Route_105,22.37236,-97.878,141,49.050303
Shape_Route_105,22.36976,-97.87579,142,49.417232
Shape_Route_105,22.36983,-97.8756,143,49.438275
Shape_Route_105,22.36925,-97.87511,144,49.519937
Shape_Route_105,22.3703,-97.87366,145,49.709158
Shape_Route_105,22.36919,-97.8727,146,49.866868
Shape_Route_105,22.36813,-97.87423,147,50.063315
Shape_Route_105,22.36595,-97.87233,148,50.373998
Shape_Route_105,22.36563,-97.87211,149,50.416049
Shape_Route_105A,22.3653,-97.87205,1,0.0
Shape_Route_105A,22.36563,-97.87211,2,0.037053
Shape_Route_105A,22.36595,-97.87233,3,0.079104
Shape_Route_105A,22.36813,-97.87423,4,0.389787
Shape_Route_105A,22.36919,-97.8727,5,0.586234
Shape_Route_105A,22.3703,-97.87366,6,0.743944
Shape_Route_105A,22.36925,-97.87511,7,0.933165
Shape_Route_105A,22.36983,-97.8756,8,1.014827
Shape_Route_105A,22.36976,-97.87579,9,1.03587
Shape_Route_105A,22.37236,-97.878,10,1.402799
Shape_Route_105A,22.37233,-97.87813,11,1.416591
Shape_Route_105A,22.37391,-97.87981,12,1.662599
Shape_Route_105A,22.37208,-97.88183,13,1.952954
Shape_Route_105A,22.37027,-97.8802,14,2.21434
Shape_Route_105A,22.37002,-97.88049,15,2.255054
Shape_Route_105A,22.36776,-97.87826,16,2.594652
Shape_Route_105A,22.36684,-97.87964,17,2.769483
Shape_Route_105A,22.36687,-97.88001,18,2.807727
Shape_Route_105A,22.36695,-97.88031,19,2.839862
Shape_Route_105A,22.37018,-97.88257,20,3.266506
Shape_Route_105A,22.36897,-97.8846,21,3.514773
Shape_Route_105A,22.37017,-97.884,22,3.661286
Shape_Route_105A,22.37117,-97.88494,23,3.808339
Shape_Route_105A,22.37156,-97.88545,24,3.876323
Shape_Route_105A,22.37128,-97.88563,25,3.91244
Shape_Route_105A,22.36814,-97.88599,26,4.262037
Shape_Route_105A,22.36763,-97.88648,27,4.337758
Shape_Route_105A,22.36738,-97.88698,28,4.39621
Shape_Route_105A,22.36181,-97.88778,29,5.018337
Shape_Route_105A,22.36108,-97.88176,30,5.643486
Shape_Route_105A,22.35891,-97.88209,31,5.886116
Shape_Route_105A,22.35898,-97.88244,32,5.922982
Shape_Route_105A,22.35422,-97.88724,33,6.645496
Shape_Route_105A,22.35319,-97.88593,34,6.822136
Shape_Route_105A,22.35132,-97.88357,35,7.141393
Shape_Route_105A,22.35072,-97.88241,36,7.278078
Shape_Route_105A,22.34973,-97.88065,37,7.489889
Shape_Route_105A,22.34883,-97.87933,38,7.658432
Shape_Route_105A,22.34575,-97.87635,39,8.117184
Shape_Route_105A,22.34246,-97.87527,40,8.498021
Shape_Route_105A,22.3388,-97.87442,41,8.912565
Shape_Route_105A,22.33715,-97.87385,42,9.104436
Shape_Route_105A,22.33577,-97.87324,43,9.269627
Shape_Route_105A,22.33112,-97.87391,44,9.789028
Shape_Route_105A,22.30597,-97.88179,45,12.689248
Shape_Route_105A,22.3046,-97.88168,46,12.841341
Shape_Route_105A,22.29104,-97.87325,47,14.575657
Shape_Route_105A,22.28953,-97.87295,48,14.745659
Shape_Route_105A,22.28521,-97.866,49,15.606741
Shape_Route_105A,22.2808,-97.86239,50,16.220506
Shape_Route_105A,22.27544,-97.85634,51,17.08115
Shape_Route_105A,22.26745,-97.85952,52,18.024451
Shape_Route_105A,22.26559,-97.85977,53,18.231974
Shape_Route_105A,22.26384,-97.86046,54,18.438349
Shape_Route_105A,22.26094,-97.86183,55,18.789072
Shape_Route_105A,22.25764,-97.86389,56,19.211606
Shape_Route_105A,22.25534,-97.86467,57,19.47862
Shape_Route_105A,22.25343,-97.86531,58,19.70012
Shape_Route_105A,22.25133,-97.86655,59,19.965412
Shape_Route_105A,22.2493,-97.86733,60,20.204093
Shape_Route_105A,22.24704,-97.86765,61,20.456457
Shape_Route_105A,22.2447,-97.86711,62,20.721424
Shape_Route_105A,22.23969,-97.86677,63,21.277176
Shape_Route_105A,22.23608,-97.86591,64,21.686542
Shape_Route_105A,22.23286,-97.86488,65,22.058493
Shape_Route_105A,22.22972,-97.86415,66,22.414166
Shape_Route_105A,22.22744,-97.86501,67,22.681691
Shape_Route_105A,22.22394,-97.86364,68,23.094098
Shape_Route_105A,22.22227,-97.86331,69,23.282083
Shape_Route_105A,22.22062,-97.86316,70,23.465404
Shape_Route_105A,22.21949,-97.86261,71,23.602751
Shape_Route_105A,22.21794,-97.85924,72,23.9902
Shape_Route_105A,22.2145,-97.861,73,24.41204
Shape_Route_105A,22.21566,-97.86349,74,24.699048
Shape_Route_105A,22.21746,-97.86263,75,24.917151
Shape_Route_105A,22.21562,-97.85829,76,25.408716
Shape_Route_105A,22.21474,-97.85881,77,25.519911
Shape_Route_105A,22.21508,-97.85952,78,25.602212
Shape_Route_105A,22.21832,-97.85806,79,25.991198
Shape_Route_105A,22.22062,-97.86316,80,26.57532
Shape_Route_105A,22.22227,-97.86331,81,26.758641
Shape_Route_105A,22.22394,-97.86364,82,26.946626
Shape_Route_105A,22.22744,-97.86501,83,27.359033
Shape_Route_105A,22.2295,-97.86576,84,27.599836
Shape_Route_105A,22.23276,-97.86713,85,27.987384
Shape_Route_105A,22.23616,-97.86838,86,28.385228
Shape_Route_105A,22.24023,-97.87027,87,28.876112
Shape_Route_105A,22.2465,-97.87306,88,29.627449
Shape_Route_105A,22.24781,-97.87391,89,29.796879
Shape_Route_105A,22.25095,-97.87522,90,30.169797
Shape_Route_105A,22.25566,-97.87651,91,30.70791
Shape_Route_105A,22.26193,-97.87565,92,31.407682
Shape_Route_105A,22.26821,-97.87351,93,32.137062
Shape_Route_105A,22.27222,-97.87462,94,32.595498
Shape_Route_105A,22.27679,-97.87363,95,33.111615
Shape_Route_105A,22.28207,-97.87286,96,33.701514
Shape_Route_105A,22.28481,-97.87402,97,34.027551
Shape_Route_105A,22.28783,-97.87316,98,34.373431
Shape_Route_105A,22.28971,-97.87196,99,34.615514
Shape_Route_105A,22.29104,-97.87325,100,34.813867
Shape_Route_105A,22.3046,-97.88168,101,36.548182
Shape_Route_105A,22.30597,-97.88179,102,36.700275
Shape_Route_105A,22.33112,-97.87391,103,39.600495
Shape_Route_105A,22.33577,-97.87324,104,40.119896
Shape_Route_105A,22.33715,-97.87385,105,40.285087
Shape_Route_105A,22.3388,-97.87442,106,40.476959
Shape_Route_105A,22.34246,-97.87527,107,40.891502
Shape_Route_105A,22.34575,-97.87635,108,41.272339
Shape_Route_105A,22.34883,-97.87933,109,41.731091
Shape_Route_105A,22.34973,-97.88065,110,41.899634
Shape_Route_105A,22.35072,-97.88241,111,42.111445
Shape_Route_105A,22.35132,-97.88357,112,42.24813
Shape_Route_105A,22.35319,-97.88593,113,42.567387
Shape_Route_105A,22.35422,-97.88724,114,42.744027
Shape_Route_105A,22.35898,-97.88244,115,43.466542
Shape_Route_105A,22.35891,-97.88209,116,43.503407
Shape_Route_105A,22.36108,-97.88176,117,43.746037
Shape_Route_105A,22.36181,-97.88778,118,44.371186
Shape_Route_105A,22.36738,-97.88698,119,44.993313
Shape_Route_105A,22.36763,-97.88648,120,45.051765
Shape_Route_105A,22.36814,-97.88599,121,45.127486
Shape_Route_105A,22.37128,-97.88563,122,45.477083
Shape_Route_105A,22.37156,-97.88545,123,45.5132
Shape_Route_105A,22.37117,-97.88494,124,45.581184
Shape_Route_105A,22.37017,-97.884,125,45.728237
Shape_Route_105A,22.36897,-97.8846,126,45.874751
Shape_Route_105A,22.37018,-97.88257,127,46.123017
Shape_Route_105A,22.36695,-97.88031,128,46.549661
Shape_Route_105A,22.36687,-97.88001,129,46.581796
Shape_Route_105A,22.36684,-97.87964,130,46.62004
Shape_Route_105A,22.36776,-97.87826,131,46.794871
Shape_Route_105A,22.37002,-97.88049,132,47.134469
Shape_Route_105A,22.37027,-97.8802,133,47.175184
Shape_Route_105A,22.37208,-97.88183,134,47.43657
Shape_Route_105A,22.37391,-97.87981,135,47.726924
Shape_Route_105A,22.37233,-97.87813,136,47.972933
Shape_Route_105A,22.37236,-97.878,137,47.986724
Shape_Route_105A,22.36976,-97.87579,138,48.353653
Shape_Route_105A,22.36983,-97.8756,139,48.374696
Shape_Route_105A,22.36925,-97.87511,140,48.456358
Shape_Route_105A,22.3703,-97.87366,141,48.645579
Shape_Route_105A,22.36919,-97.8727,142,48.80329
Shape_Route_105A,22.36813,-97.87423,143,48.999736
Shape_Route_105A,22.36595,-97.87233,144,49.31042
Shape_Route_105A,22.36563,-97.87211,145,49.35247
Shape_Route_106,22.44614,-97.88471,1,0.0
Shape_Route_106,22.44372,-97.89647,2,1.239549
Shape_Route_106,22.43789,-97.89479,3,1.907743
Shape_Route_106,22.42238,-97.88514,4,3.891407
Shape_Route_106,22.42089,-97.88484,5,4.05923
Shape_Route_106,22.41922,-97.88488,6,4.244161
Shape_Route_106,22.38587,-97.89689,7,8.137819
Shape_Route_106,22.38258,-97.89977,8,8.607485
Shape_Route_106,22.38075,-97.90089,9,8.8406
Shape_Route_106,22.37675,-97.90187,10,9.294785
Shape_Route_106,22.37439,-97.90348,11,9.604208
Shape_Route_106,22.37403,-97.90432,12,9.699439
Shape_Route_106,22.37543,-97.90703,13,10.018627
Shape_Route_106,22.37592,-97.90773,14,10.108835
Shape_Route_106,22.37802,-97.90999,15,10.437768
Shape_Route_106,22.37819,-97.91013,16,10.461474
Shape_Route_106,22.3788,-97.91073,17,10.553
Shape_Route_106,22.3787,-97.91084,18,10.568837
Shape_Route_106,22.37793,-97.91007,19,10.685251
Shape_Route_106,22.37722,-97.90942,20,10.788485
Shape_Route_106,22.37539,-97.90745,21,11.075169
Shape_Route_106,22.37263,-97.90462,22,11.497391
Shape_Route_106,22.3697,-97.90157,23,11.948883
Shape_Route_106,22.36167,-97.89404,24,13.128501
Shape_Route_106,22.3543,-97.88722,25,14.205048
Shape_Route_106,22.35123,-97.88353,26,14.714866
Shape_Route_106,22.34986,-97.88076,27,15.037941
Shape_Route_106,22.34773,-97.87821,28,15.390885
Shape_Route_106,22.34587,-97.87638,29,15.670027
Shape_Route_106,22.33833,-97.87413,30,16.536339
Shape_Route_106,22.33634,-97.87331,31,16.772283
Shape_Route_106,22.33527,-97.87321,32,16.891188
Shape_Route_106,22.33126,-97.87391,33,17.340947
Shape_Route_106,22.32554,-97.87589,34,18.00623
Shape_Route_106,22.31653,-97.8784,35,19.036676
Shape_Route_106,22.31109,-97.88031,36,19.670253
Shape_Route_106,22.30665,-97.88166,37,20.181092
Shape_Route_106,22.30482,-97.88168,38,20.383698
Shape_Route_106,22.29605,-97.87632,39,21.500647
Shape_Route_106,22.29108,-97.87327,40,22.134271
Shape_Route_106,22.28892,-97.87297,41,22.37539
Shape_Route_106,22.28777,-97.87308,42,22.503208
Shape_Route_106,22.28489,-97.87398,43,22.835258
Shape_Route_106,22.28286,-97.87323,44,23.072909
Shape_Route_106,22.28127,-97.87291,45,23.251996
Shape_Route_106,22.27798,-97.87314,46,23.616997
Shape_Route_106,22.27286,-97.87475,47,24.207599
Shape_Route_106,22.27063,-97.87389,48,24.4699
Shape_Route_106,22.26704,-97.87374,49,24.867642
Shape_Route_106,22.26531,-97.87458,50,25.077818
Shape_Route_106,22.25828,-97.87655,51,25.882134
Shape_Route_106,22.25526,-97.87651,52,26.216497
Shape_Route_106,22.25085,-97.87505,53,26.727376
Shape_Route_106,22.24656,-97.87316,54,27.240702
Shape_Route_106,22.23306,-97.86716,55,28.858135
Shape_Route_106,22.22368,-97.86346,56,29.964389
Shape_Route_106,22.22062,-97.86327,57,30.30372
Shape_Route_106,22.21947,-97.86278,58,30.440687
Shape_Route_106,22.21798,-97.85926,59,30.839262
Shape_Route_106,22.21454,-97.86095,60,31.25805
Shape_Route_106,22.21566,-97.86346,61,31.544962
Shape_Route_106,22.21746,-97.86265,62,31.761021
Shape_Route_106,22.21564,-97.85842,63,32.241356
Shape_Route_106,22.2148,-97.85879,64,32.341868
Shape_Route_106,22.21522,-97.85973,65,32.449344
Shape_Route_106,22.21834,-97.85804,66,32.836197
Shape_Route_106,22.22062,-97.86327,67,33.431465
Shape_Route_106,22.22368,-97.86346,68,33.770796
Shape_Route_106,22.2295,-97.86589,69,34.462086
Shape_Route_106,22.23032,-97.86417,70,34.66126
Shape_Route_106,22.23073,-97.8628,71,34.809582
Shape_Route_106,22.23353,-97.86357,72,35.129563
Shape_Route_106,22.23441,-97.86342,73,35.228205
Shape_Route_106,22.24334,-97.86376,74,36.217448
Shape_Route_106,22.24914,-97.86383,75,36.859595
Shape_Route_106,22.25053,-97.86355,76,37.016162
Shape_Route_106,22.25077,-97.86327,77,37.055387
Shape_Route_106,22.25284,-97.86338,78,37.284833
Shape_Route_106,22.25304,-97.86471,79,37.423672
Shape_Route_106,22.2552,-97.86469,80,37.662811
Shape_Route_106,22.2634,-97.86055,81,38.665868
Shape_Route_106,22.26781,-97.85934,82,39.169762
Shape_Route_106,22.27552,-97.85626,83,40.080417
Shape_Route_106,22.27428,-97.85471,84,40.291017
Shape_Route_106,22.27659,-97.85613,85,40.585651
Shape_Route_106,22.27826,-97.85934,86,40.964565
Shape_Route_106,22.28135,-97.86303,87,41.47601
Shape_Route_106,22.28465,-97.86548,88,41.920073
Shape_Route_106,22.28753,-97.86977,89,42.46507
Shape_Route_106,22.29108,-97.87327,90,42.998446
Shape_Route_106,22.29605,-97.87632,91,43.63207
Shape_Route_106,22.30482,-97.88168,92,44.749019
Shape_Route_106,22.30665,-97.88166,93,44.951625
Shape_Route_106,22.31109,-97.88031,94,45.462464
Shape_Route_106,22.31653,-97.8784,95,46.096041
Shape_Route_106,22.32554,-97.87589,96,47.126487
Shape_Route_106,22.33126,-97.87391,97,47.79177
Shape_Route_106,22.33527,-97.87321,98,48.241528
Shape_Route_106,22.33634,-97.87331,99,48.360434
Shape_Route_106,22.33833,-97.87413,100,48.596377
Shape_Route_106,22.34587,-97.87638,101,49.462689
Shape_Route_106,22.34773,-97.87821,102,49.741832
Shape_Route_106,22.34986,-97.88076,103,50.094776
Shape_Route_106,22.35123,-97.88353,104,50.417851
Shape_Route_106,22.3543,-97.88722,105,50.927668
Shape_Route_106,22.36167,-97.89404,106,52.004216
Shape_Route_106,22.36956,-97.90116,107,53.144608
Shape_Route_106,22.37118,-97.90189,108,53.33907
Shape_Route_106,22.3727,-97.9029,109,53.536889
Shape_Route_106,22.37403,-97.90432,110,53.744392
Shape_Route_106,22.37439,-97.90348,111,53.839623
Shape_Route_106,22.37675,-97.90187,112,54.149047
Shape_Route_106,22.38075,-97.90089,113,54.603231
Shape_Route_106,22.38258,-97.89977,114,54.836347
Shape_Route_106,22.38587,-97.89689,115,55.306013
Shape_Route_106,22.41922,-97.88488,116,59.199671
Shape_Route_106,22.42089,-97.88484,117,59.384602
Shape_Route_106,22.42238,-97.88514,118,59.552425
Shape_Route_106,22.43789,-97.89479,119,61.536089
Shape_Route_106,22.44372,-97.89642,120,62.202969
Shape_Route_106,22.44618,-97.88484,121,63.425418
Shape_Route_106A,22.44614,-97.88471,1,0.0
Shape_Route_106A,22.44372,-97.89647,2,1.239549
Shape_Route_106A,22.43789,-97.89479,3,1.907743
Shape_Route_106A,22.42238,-97.88514,4,3.891407
Shape_Route_106A,22.42089,-97.88484,5,4.05923
Shape_Route_106A,22.41922,-97.88488,6,4.244161
Shape_Route_106A,22.38587,-97.89689,7,8.137819
Shape_Route_106A,22.38258,-97.89977,8,8.607485
Shape_Route_106A,22.38075,-97.90089,9,8.8406
Shape_Route_106A,22.37675,-97.90187,10,9.294785
Shape_Route_106A,22.37439,-97.90348,11,9.604208
Shape_Route_106A,22.37371,-97.90391,12,9.691545
Shape_Route_106A,22.37233,-97.90262,13,9.893988
Shape_Route_106A,22.37085,-97.90172,14,10.082227
Shape_Route_106A,22.36937,-97.90099,15,10.262495
Shape_Route_106A,22.36167,-97.89404,16,11.375522
Shape_Route_106A,22.3543,-97.88722,17,12.452069
Shape_Route_106A,22.35123,-97.88353,18,12.961887
Shape_Route_106A,22.34986,-97.88076,19,13.284962
Shape_Route_106A,22.34773,-97.87821,20,13.637906
Shape_Route_106A,22.34587,-97.87638,21,13.917049
Shape_Route_106A,22.33833,-97.87413,22,14.783361
Shape_Route_106A,22.33634,-97.87331,23,15.019304
Shape_Route_106A,22.33527,-97.87321,24,15.138209
Shape_Route_106A,22.33126,-97.87391,25,15.587968
Shape_Route_106A,22.32554,-97.87589,26,16.253251
Shape_Route_106A,22.31653,-97.8784,27,17.283697
Shape_Route_106A,22.31109,-97.88031,28,17.917274
Shape_Route_106A,22.30665,-97.88166,29,18.428113
Shape_Route_106A,22.30482,-97.88168,30,18.630719
Shape_Route_106A,22.29605,-97.87632,31,19.747668
Shape_Route_106A,22.29108,-97.87327,32,20.381292
Shape_Route_106A,22.28739,-97.86939,33,20.952852
Shape_Route_106A,22.28457,-97.86548,34,21.462512
Shape_Route_106A,22.28147,-97.86312,35,21.883117
Shape_Route_106A,22.27957,-97.86089,36,22.194626
Shape_Route_106A,22.27639,-97.85591,37,22.816907
Shape_Route_106A,22.27436,-97.85467,38,23.075426
Shape_Route_106A,22.27528,-97.85638,39,23.278942
Shape_Route_106A,22.26682,-97.85952,40,24.269848
Shape_Route_106A,22.26384,-97.86029,41,24.609166
Shape_Route_106A,22.26156,-97.86145,42,24.888454
Shape_Route_106A,22.25721,-97.86389,43,25.431725
Shape_Route_106A,22.2552,-97.86469,44,25.669029
Shape_Route_106A,22.2531,-97.86477,45,25.901662
Shape_Route_106A,22.25274,-97.86334,46,26.054324
Shape_Route_106A,22.25075,-97.86331,47,26.274655
Shape_Route_106A,22.24988,-97.86604,48,26.572028
Shape_Route_106A,22.24758,-97.86645,49,26.830139
Shape_Route_106A,22.24535,-97.86649,50,27.077052
Shape_Route_106A,22.2413,-97.86627,51,27.525992
Shape_Route_106A,22.24146,-97.86441,52,27.718505
Shape_Route_106A,22.24118,-97.86417,53,27.758163
Shape_Route_106A,22.2412,-97.86368,54,27.808712
Shape_Route_106A,22.23063,-97.8628,55,28.982405
Shape_Route_106A,22.2304,-97.86409,56,29.117782
Shape_Route_106A,22.22948,-97.86578,57,29.319564
Shape_Route_106A,22.22368,-97.86346,58,30.004752
Shape_Route_106A,22.22062,-97.86327,59,30.344083
Shape_Route_106A,22.21947,-97.86278,60,30.48105
Shape_Route_106A,22.21798,-97.85926,61,30.879625
Shape_Route_106A,22.21754,-97.85842,62,30.978974
Shape_Route_106A,22.21522,-97.85973,63,31.269151
Shape_Route_106A,22.2152,-97.8596,64,31.282733
Shape_Route_106A,22.21482,-97.85881,65,31.374393
Shape_Route_106A,22.21564,-97.85847,66,31.471704
Shape_Route_106A,22.2175,-97.86265,67,31.949258
Shape_Route_106A,22.21568,-97.86346,68,32.167361
Shape_Route_106A,22.21462,-97.86097,69,32.449589
Shape_Route_106A,22.21798,-97.85932,70,32.858607
Shape_Route_106A,22.21947,-97.86278,71,33.251561
Shape_Route_106A,22.22062,-97.86327,72,33.388528
Shape_Route_106A,22.22368,-97.86346,73,33.727859
Shape_Route_106A,22.22738,-97.86501,74,34.167532
Shape_Route_106A,22.22889,-97.86439,75,34.3465
Shape_Route_106A,22.2304,-97.86409,76,34.516504
Shape_Route_106A,22.23558,-97.86574,77,35.114656
Shape_Route_106A,22.23759,-97.86638,78,35.34675
Shape_Route_106A,22.24096,-97.86688,79,35.723377
Shape_Route_106A,22.24227,-97.86707,80,35.869721
Shape_Route_106A,22.2436,-97.86696,81,36.017398
Shape_Route_106A,22.24517,-97.86705,82,36.191457
Shape_Route_106A,22.24706,-97.86773,83,36.412119
Shape_Route_106A,22.24942,-97.86728,84,36.677474
Shape_Route_106A,22.25135,-97.86662,85,36.901705
Shape_Route_106A,22.25324,-97.86563,86,37.134492
Shape_Route_106A,22.25423,-97.86484,87,37.271021
Shape_Route_106A,22.2552,-97.86469,88,37.379515
Shape_Route_106A,22.25721,-97.86389,89,37.616819
Shape_Route_106A,22.26156,-97.86145,90,38.16009
Shape_Route_106A,22.26384,-97.86029,91,38.439378
Shape_Route_106A,22.26682,-97.85952,92,38.778696
Shape_Route_106A,22.27528,-97.85638,93,39.769602
Shape_Route_106A,22.27635,-97.85733,94,39.92327
Shape_Route_106A,22.27957,-97.86089,95,40.434766
Shape_Route_106A,22.28147,-97.86312,96,40.746275
Shape_Route_106A,22.28457,-97.86548,97,41.16688
Shape_Route_106A,22.28739,-97.86939,98,41.67654
Shape_Route_106A,22.29108,-97.87327,99,42.2481
Shape_Route_106A,22.29605,-97.87632,100,42.881724
Shape_Route_106A,22.30482,-97.88168,101,43.998673
Shape_Route_106A,22.30665,-97.88166,102,44.20128
Shape_Route_106A,22.31109,-97.88031,103,44.712118
Shape_Route_106A,22.31653,-97.8784,104,45.345695
Shape_Route_106A,22.32554,-97.87589,105,46.376141
Shape_Route_106A,22.33126,-97.87391,106,47.041424
Shape_Route_106A,22.33527,-97.87321,107,47.491183
Shape_Route_106A,22.33634,-97.87331,108,47.610088
Shape_Route_106A,22.33833,-97.87413,109,47.846032
Shape_Route_106A,22.34587,-97.87638,110,48.712344
Shape_Route_106A,22.34773,-97.87821,111,48.991486
Shape_Route_106A,22.34986,-97.88076,112,49.34443
Shape_Route_106A,22.35123,-97.88353,113,49.667505
Shape_Route_106A,22.3543,-97.88722,114,50.177323
Shape_Route_106A,22.36167,-97.89404,115,51.25387
Shape_Route_106A,22.36937,-97.90099,116,52.366898
Shape_Route_106A,22.37036,-97.90224,117,52.535949
Shape_Route_106A,22.37185,-97.90376,118,52.763338
Shape_Route_106A,22.37425,-97.90621,119,53.129717
Shape_Route_106A,22.37649,-97.90865,120,53.482724
Shape_Route_106A,22.37869,-97.91063,121,53.800342
Shape_Route_106A,22.37581,-97.90747,122,54.255882
Shape_Route_106A,22.3742,-97.90445,123,54.614294
Shape_Route_106A,22.37453,-97.90363,124,54.70629
Shape_Route_106A,22.3755,-97.90261,125,54.856496
Shape_Route_106A,22.37675,-97.90187,126,55.01447
Shape_Route_106A,22.38075,-97.90089,127,55.468655
Shape_Route_106A,22.38258,-97.89977,128,55.70177
Shape_Route_106A,22.38587,-97.89689,129,56.171436
Shape_Route_106A,22.41922,-97.88488,130,60.065094
Shape_Route_106A,22.42089,-97.88484,131,60.250025
Shape_Route_106A,22.42238,-97.88514,132,60.417848
Shape_Route_106A,22.43789,-97.89479,133,62.401512
Shape_Route_106A,22.44372,-97.89629,134,63.065154
Shape_Route_106A,22.4461,-97.88501,135,64.255533
Shape_Route_107,22.42194,-97.97305,1,0.0
Shape_Route_107,22.43303,-97.97082,2,1.249011
Shape_Route_107,22.43507,-97.97062,3,1.47579
Shape_Route_107,22.43376,-97.95985,4,2.593663
Shape_Route_107,22.42523,-97.94773,5,4.158212
Shape_Route_107,22.42005,-97.9432,6,4.897307
Shape_Route_107,22.41938,-97.9429,7,4.977652
Shape_Route_107,22.41726,-97.94206,8,5.227772
Shape_Route_107,22.40643,-97.93749,9,6.51572
Shape_Route_107,22.40462,-97.93715,10,6.719135
Shape_Route_107,22.397,-97.93799,11,7.567149
Shape_Route_107,22.39617,-97.93758,12,7.668267
Shape_Route_107,22.39561,-97.93449,13,7.992358
Shape_Route_107,22.39506,-97.93273,14,8.183504
Shape_Route_107,22.39177,-97.92968,15,8.664394
Shape_Route_107,22.3906,-97.92436,16,9.227201
Shape_Route_107,22.39042,-97.92355,17,9.312939
Shape_Route_107,22.38988,-97.92252,18,9.43467
Shape_Route_107,22.38885,-97.92194,19,9.563388
Shape_Route_107,22.3873,-97.9205,20,9.790158
Shape_Route_107,22.38685,-97.919,21,9.952426
Shape_Route_107,22.3798,-97.91192,22,11.020376
Shape_Route_107,22.37639,-97.90842,23,11.542276
Shape_Route_107,22.37181,-97.90372,24,12.243192
Shape_Route_107,22.36442,-97.89647,25,13.350731
Shape_Route_107,22.35871,-97.89134,26,14.174541
Shape_Route_107,22.3542,-97.88718,27,14.832425
Shape_Route_107,22.35135,-97.8837,28,15.309901
Shape_Route_107,22.3499,-97.88085,29,15.644431
Shape_Route_107,22.34769,-97.87812,30,16.01713
Shape_Route_107,22.34567,-97.87623,31,16.313604
Shape_Route_107,22.33628,-97.87331,32,17.395786
Shape_Route_107,22.33426,-97.87336,33,17.619477
Shape_Route_107,22.33124,-97.87394,34,17.959113
Shape_Route_107,22.30661,-97.88173,35,20.801479
Shape_Route_107,22.30494,-97.88164,36,20.986594
Shape_Route_107,22.30393,-97.88127,37,21.104727
Shape_Route_107,22.29124,-97.87338,38,22.727815
Shape_Route_107,22.28834,-97.87295,39,23.051912
Shape_Route_107,22.2857,-97.87378,40,23.356435
Shape_Route_107,22.28409,-97.87389,41,23.535035
Shape_Route_107,22.28237,-97.87293,42,23.74961
Shape_Route_107,22.27943,-97.87297,43,24.075118
Shape_Route_107,22.27546,-97.87398,44,24.526782
Shape_Route_107,22.27276,-97.87466,45,24.833796
Shape_Route_107,22.27009,-97.8737,46,25.145499
Shape_Route_107,22.26724,-97.87366,47,25.461044
Shape_Route_107,22.26444,-97.87486,48,25.794779
Shape_Route_107,22.25745,-97.87657,49,26.588436
Shape_Route_107,22.255,-97.87647,50,26.859866
Shape_Route_107,22.24841,-97.87421,51,27.625704
Shape_Route_107,22.24603,-97.87284,52,27.924633
Shape_Route_107,22.23526,-97.86801,53,29.216698
Shape_Route_107,22.2238,-97.86355,54,30.566124
Shape_Route_107,22.22068,-97.86321,55,30.913306
Shape_Route_107,22.21943,-97.86267,56,31.062466
Shape_Route_107,22.2179,-97.85924,57,31.454508
Shape_Route_107,22.21456,-97.86097,58,31.865028
Shape_Route_107,22.2157,-97.86346,59,32.151052
Shape_Route_107,22.21748,-97.86258,60,32.367988
Shape_Route_107,22.21558,-97.85836,61,32.851177
Shape_Route_107,22.21474,-97.85883,62,32.956035
Shape_Route_107,22.21514,-97.85958,63,33.045131
Shape_Route_107,22.21518,-97.85967,64,33.055411
Shape_Route_107,22.21838,-97.85806,65,33.446623
Shape_Route_107,22.22068,-97.86321,66,34.035387
Shape_Route_107,22.2238,-97.86355,67,34.382568
Shape_Route_107,22.23526,-97.86801,68,35.731994
Shape_Route_107,22.23909,-97.86984,69,36.196062
Shape_Route_107,22.23983,-97.86763,70,36.438118
Shape_Route_107,22.24084,-97.86806,71,36.558396
Shape_Route_107,22.24126,-97.86692,72,36.684753
Shape_Route_107,22.24132,-97.86621,73,36.758229
Shape_Route_107,22.24686,-97.86653,74,37.372437
Shape_Route_107,22.24992,-97.866,75,37.715579
Shape_Route_107,22.25089,-97.86254,76,38.087972
Shape_Route_107,22.25256,-97.86265,77,38.273202
Shape_Route_107,22.25365,-97.86237,78,38.397276
Shape_Route_107,22.25824,-97.86005,79,38.95886
Shape_Route_107,22.25945,-97.8602,80,39.093706
Shape_Route_107,22.26031,-97.86194,81,39.296722
Shape_Route_107,22.26428,-97.8602,82,39.771401
Shape_Route_107,22.26948,-97.8587,83,40.367474
Shape_Route_107,22.27544,-97.85638,84,41.069267
Shape_Route_107,22.2744,-97.85462,85,41.284078
Shape_Route_107,22.27643,-97.85604,86,41.552248
Shape_Route_107,22.27746,-97.8575,87,41.741015
Shape_Route_107,22.27869,-97.85994,88,42.026933
Shape_Route_107,22.28171,-97.86321,89,42.50159
Shape_Route_107,22.28461,-97.86548,90,42.898802
Shape_Route_107,22.28783,-97.87025,91,43.50593
Shape_Route_107,22.29124,-97.87338,92,44.002426
Shape_Route_107,22.30393,-97.88127,93,45.625514
Shape_Route_107,22.30494,-97.88164,94,45.743647
Shape_Route_107,22.30661,-97.88173,95,45.928763
Shape_Route_107,22.33124,-97.87394,96,48.771128
Shape_Route_107,22.33426,-97.87336,97,49.110764
Shape_Route_107,22.33628,-97.87331,98,49.334456
Shape_Route_107,22.34567,-97.87623,99,50.416637
Shape_Route_107,22.34769,-97.87812,100,50.713111
Shape_Route_107,22.3499,-97.88085,101,51.08581
Shape_Route_107,22.35135,-97.8837,102,51.42034
Shape_Route_107,22.3542,-97.88718,103,51.897816
Shape_Route_107,22.35871,-97.89134,104,52.555701
Shape_Route_107,22.36442,-97.89647,105,53.37951
Shape_Route_107,22.37181,-97.90372,106,54.487049
Shape_Route_107,22.37639,-97.90842,107,55.187965
Shape_Route_107,22.3798,-97.91192,108,55.709865
Shape_Route_107,22.38685,-97.919,109,56.777815
Shape_Route_107,22.3873,-97.9205,110,56.940083
Shape_Route_107,22.38885,-97.92194,111,57.166853
Shape_Route_107,22.38988,-97.92252,112,57.295571
Shape_Route_107,22.39042,-97.92355,113,57.417302
Shape_Route_107,22.3906,-97.92436,114,57.50304
Shape_Route_107,22.39177,-97.92968,115,58.065847
Shape_Route_107,22.39506,-97.93273,116,58.546737
Shape_Route_107,22.39561,-97.93449,117,58.737883
Shape_Route_107,22.39617,-97.93758,118,59.061975
Shape_Route_107,22.397,-97.93799,119,59.163092
Shape_Route_107,22.40462,-97.93715,120,60.011106
Shape_Route_107,22.40643,-97.93749,121,60.214521
Shape_Route_107,22.41726,-97.94206,122,61.502469
Shape_Route_107,22.41938,-97.9429,123,61.752589
Shape_Route_107,22.42005,-97.9432,124,61.832934
Shape_Route_107,22.42523,-97.94773,125,62.572029
Shape_Route_107,22.43376,-97.95985,126,64.136578
Shape_Route_107,22.43531,-97.972,127,65.398748
Shape_Route_107,22.42224,-97.97455,128,66.869299
Shape_Route_107A,22.42194,-97.97305,1,0.0
Shape_Route_107A,22.43303,-97.97082,2,1.249011
Shape_Route_107A,22.43507,-97.97062,3,1.47579
Shape_Route_107A,22.43376,-97.95985,4,2.593663
Shape_Route_107A,22.42523,-97.94773,5,4.158212
Shape_Route_107A,22.42005,-97.9432,6,4.897307
Shape_Route_107A,22.41938,-97.9429,7,4.977652
Shape_Route_107A,22.41726,-97.94206,8,5.227772
Shape_Route_107A,22.40643,-97.93749,9,6.51572
Shape_Route_107A,22.40462,-97.93715,10,6.719135
Shape_Route_107A,22.397,-97.93799,11,7.567149
Shape_Route_107A,22.39617,-97.93758,12,7.668267
Shape_Route_107A,22.39561,-97.93449,13,7.992358
Shape_Route_107A,22.39506,-97.93273,14,8.183504
Shape_Route_107A,22.39177,-97.92968,15,8.664394
Shape_Route_107A,22.3906,-97.92436,16,9.227201
Shape_Route_107A,22.39042,-97.92355,17,9.312939
Shape_Route_107A,22.38988,-97.92252,18,9.43467
Shape_Route_107A,22.38885,-97.92194,19,9.563388
Shape_Route_107A,22.3873,-97.9205,20,9.790158
Shape_Route_107A,22.38685,-97.919,21,9.952426
Shape_Route_107A,22.3798,-97.91192,22,11.020376
Shape_Route_107A,22.37639,-97.90842,23,11.542276
Shape_Route_107A,22.37181,-97.90372,24,12.243192
Shape_Route_107A,22.36442,-97.89647,25,13.350731
Shape_Route_107A,22.35871,-97.89134,26,14.174541
Shape_Route_107A,22.3542,-97.88718,27,14.832425
Shape_Route_107A,22.35135,-97.8837,28,15.309901
Shape_Route_107A,22.3499,-97.88085,29,15.644431
Shape_Route_107A,22.34769,-97.87812,30,16.01713
Shape_Route_107A,22.34567,-97.87623,31,16.313604
Shape_Route_107A,22.33628,-97.87331,32,17.395786
Shape_Route_107A,22.33426,-97.87336,33,17.619477
Shape_Route_107A,22.33124,-97.87394,34,17.959113
Shape_Route_107A,22.30661,-97.88173,35,20.801479
Shape_Route_107A,22.30494,-97.88164,36,20.986594
Shape_Route_107A,22.30393,-97.88127,37,21.104727
Shape_Route_107A,22.29124,-97.87338,38,22.727815
Shape_Route_107A,22.28834,-97.87295,39,23.051912
Shape_Route_107A,22.2857,-97.87378,40,23.356435
Shape_Route_107A,22.28409,-97.87389,41,23.535035
Shape_Route_107A,22.28237,-97.87293,42,23.74961
Shape_Route_107A,22.27943,-97.87297,43,24.075118
Shape_Route_107A,22.27546,-97.87398,44,24.526782
Shape_Route_107A,22.27276,-97.87466,45,24.833796
Shape_Route_107A,22.27009,-97.8737,46,25.145499
Shape_Route_107A,22.26724,-97.87366,47,25.461044
Shape_Route_107A,22.26444,-97.87486,48,25.794779
Shape_Route_107A,22.25745,-97.87657,49,26.588436
Shape_Route_107A,22.255,-97.87647,50,26.859866
Shape_Route_107A,22.24841,-97.87421,51,27.625704
Shape_Route_107A,22.24603,-97.87284,52,27.924633
Shape_Route_107A,22.23526,-97.86801,53,29.216698
Shape_Route_107A,22.2238,-97.86355,54,30.566124
Shape_Route_107A,22.22066,-97.86316,55,30.916063
Shape_Route_107A,22.2184,-97.85799,56,31.504791
Shape_Route_107A,22.21514,-97.85958,57,31.901171
Shape_Route_107A,22.21474,-97.85883,58,31.990267
Shape_Route_107A,22.21558,-97.85836,59,32.095126
Shape_Route_107A,22.21748,-97.86258,60,32.578314
Shape_Route_107A,22.2157,-97.86346,61,32.79525
Shape_Route_107A,22.21456,-97.86097,62,33.081274
Shape_Route_107A,22.2179,-97.85924,63,33.491795
Shape_Route_107A,22.21943,-97.86267,64,33.883837
Shape_Route_107A,22.22068,-97.86321,65,34.032996
Shape_Route_107A,22.2238,-97.86355,66,34.380178
Shape_Route_107A,22.22742,-97.86499,67,34.807543
Shape_Route_107A,22.23016,-97.86415,68,35.122996
Shape_Route_107A,22.23494,-97.86548,69,35.669647
Shape_Route_107A,22.23711,-97.86621,70,35.921389
Shape_Route_107A,22.23939,-97.8667,71,36.178806
Shape_Route_107A,22.24521,-97.86705,72,36.824135
Shape_Route_107A,22.24698,-97.86767,73,37.030242
Shape_Route_107A,22.24954,-97.86718,74,37.318119
Shape_Route_107A,22.25097,-97.86265,75,37.811076
Shape_Route_107A,22.25331,-97.86261,76,38.070166
Shape_Route_107A,22.25733,-97.8605,77,38.565491
Shape_Route_107A,22.25836,-97.85994,78,38.693292
Shape_Route_107A,22.25939,-97.86012,79,38.808821
Shape_Route_107A,22.26042,-97.86209,80,39.041661
Shape_Route_107A,22.26487,-97.86012,81,39.574499
Shape_Route_107A,22.26976,-97.85861,82,40.13778
Shape_Route_107A,22.2754,-97.8563,83,40.806006
Shape_Route_107A,22.27921,-97.86061,84,41.418484
Shape_Route_107A,22.28324,-97.86458,85,42.02377
Shape_Route_107A,22.28584,-97.86741,86,42.43349
Shape_Route_107A,22.28757,-97.86969,87,42.73658
Shape_Route_107A,22.28914,-97.87235,88,43.061105
Shape_Route_107A,22.28991,-97.8731,89,43.17616
Shape_Route_107A,22.29124,-97.87338,90,43.326201
Shape_Route_107A,22.30393,-97.88127,91,44.949289
Shape_Route_107A,22.30494,-97.88164,92,45.067423
Shape_Route_107A,22.30661,-97.88173,93,45.252538
Shape_Route_107A,22.33124,-97.87394,94,48.094904
Shape_Route_107A,22.33426,-97.87336,95,48.434539
Shape_Route_107A,22.33628,-97.87331,96,48.658231
Shape_Route_107A,22.34567,-97.87623,97,49.740412
Shape_Route_107A,22.34769,-97.87812,98,50.036886
Shape_Route_107A,22.3499,-97.88085,99,50.409585
Shape_Route_107A,22.35135,-97.8837,100,50.744116
Shape_Route_107A,22.3542,-97.88718,101,51.221591
Shape_Route_107A,22.35871,-97.89134,102,51.879476
Shape_Route_107A,22.36442,-97.89647,103,52.703285
Shape_Route_107A,22.37181,-97.90372,104,53.810824
Shape_Route_107A,22.37639,-97.90842,105,54.51174
Shape_Route_107A,22.3798,-97.91192,106,55.03364
Shape_Route_107A,22.38685,-97.919,107,56.10159
Shape_Route_107A,22.3873,-97.9205,108,56.263858
Shape_Route_107A,22.38885,-97.92194,109,56.490628
Shape_Route_107A,22.38988,-97.92252,110,56.619346
Shape_Route_107A,22.39042,-97.92355,111,56.741077
Shape_Route_107A,22.3906,-97.92436,112,56.826816
Shape_Route_107A,22.39177,-97.92968,113,57.389622
Shape_Route_107A,22.39506,-97.93273,114,57.870513
Shape_Route_107A,22.39561,-97.93449,115,58.061658
Shape_Route_107A,22.39617,-97.93758,116,58.38575
Shape_Route_107A,22.397,-97.93799,117,58.486868
Shape_Route_107A,22.40462,-97.93715,118,59.334881
Shape_Route_107A,22.40643,-97.93749,119,59.538296
Shape_Route_107A,22.41726,-97.94206,120,60.826244
Shape_Route_107A,22.41938,-97.9429,121,61.076364
Shape_Route_107A,22.42005,-97.9432,122,61.156709
Shape_Route_107A,22.42523,-97.94773,123,61.895805
Shape_Route_107A,22.43376,-97.95985,124,63.460353
Shape_Route_107A,22.43507,-97.97062,125,64.578226
Shape_Route_107A,22.43303,-97.97082,126,64.805005
Shape_Route_108,22.54366,-98.15705,1,0.0
Shape_Route_108,22.54251,-98.14997,2,0.739103
Shape_Route_108,22.54322,-98.14952,3,0.830314
Shape_Route_108,22.54352,-98.14965,4,0.866114
Shape_Route_108,22.54352,-98.14917,5,0.915474
Shape_Route_108,22.54746,-98.14864,6,1.355039
Shape_Route_108,22.54756,-98.14838,7,1.383976
Shape_Route_108,22.55184,-98.14786,8,1.860797
Shape_Route_108,22.54752,-98.1434,9,2.523398
Shape_Route_108,22.54138,-98.13889,10,3.346264
Shape_Route_108,22.5201,-98.12275,11,6.228089
Shape_Route_108,22.50457,-98.11105,12,8.326659
Shape_Route_108,22.50037,-98.1078,13,8.899326
Shape_Route_108,22.49936,-98.10576,14,9.137102
Shape_Route_108,22.4983,-98.10349,15,9.398437
Shape_Route_108,22.49743,-98.10089,16,9.682706
Shape_Route_108,22.49739,-98.09937,17,9.839128
Shape_Route_108,22.49848,-98.091,18,10.708544
Shape_Route_108,22.49922,-98.08639,19,11.189786
Shape_Route_108,22.50148,-98.0795,20,11.941397
Shape_Route_108,22.50213,-98.07414,21,12.497431
Shape_Route_108,22.50221,-98.07255,22,12.661226
Shape_Route_108,22.49369,-98.0456,23,15.589592
Shape_Route_108,22.49016,-98.03427,24,16.818917
Shape_Route_108,22.47188,-97.99204,25,21.611828
Shape_Route_108,22.45617,-97.98088,26,23.695928
Shape_Route_108,22.44209,-97.97105,27,25.554156
Shape_Route_108,22.42745,-97.95078,28,28.195908
Shape_Route_108,22.42436,-97.94663,29,28.743146
Shape_Route_108,22.41936,-97.94294,30,29.414455
Shape_Route_108,22.40714,-97.93788,31,30.864106
Shape_Route_108,22.40484,-97.93724,32,31.127118
Shape_Route_108,22.39663,-97.93801,33,32.039479
Shape_Route_108,22.39528,-97.9335,34,32.527233
Shape_Route_108,22.39429,-97.93213,35,32.705851
Shape_Route_108,22.39183,-97.92973,36,33.07357
Shape_Route_108,22.39083,-97.92488,37,33.585007
Shape_Route_108,22.39036,-97.92333,38,33.752851
Shape_Route_108,22.38976,-97.92256,39,33.856274
Shape_Route_108,22.38808,-97.92146,40,34.074029
Shape_Route_108,22.38683,-97.91906,41,34.357232
Shape_Route_108,22.38121,-97.91325,42,35.220322
Shape_Route_108,22.37498,-97.9069,43,36.17067
Shape_Route_108,22.36631,-97.89823,44,37.48149
Shape_Route_108,22.3569,-97.88979,45,38.838181
Shape_Route_108,22.35424,-97.88722,46,39.234114
Shape_Route_108,22.35133,-97.88359,47,39.727601
Shape_Route_108,22.34918,-97.87977,48,40.187398
Shape_Route_108,22.34571,-97.87634,49,40.709275
Shape_Route_108,22.33626,-97.87333,50,41.800436
Shape_Route_108,22.33309,-97.87351,51,42.151872
Shape_Route_108,22.30645,-97.88175,52,45.220851
Shape_Route_108,22.30419,-97.88162,53,45.47141
Shape_Route_108,22.29116,-97.87329,54,47.149903
Shape_Route_108,22.28802,-97.87299,55,47.498898
Shape_Route_108,22.28558,-97.87385,56,47.783187
Shape_Route_108,22.28401,-97.87385,57,47.956999
Shape_Route_108,22.28205,-97.87284,58,48.19765
Shape_Route_108,22.27804,-97.87314,59,48.642665
Shape_Route_108,22.27284,-97.87475,60,49.241772
Shape_Route_108,22.27,-97.87372,61,49.573613
Shape_Route_108,22.26708,-97.87374,62,49.896887
Shape_Route_108,22.26539,-97.87464,63,50.105707
Shape_Route_108,22.25731,-97.87666,64,51.024126
Shape_Route_108,22.25314,-97.87589,65,51.492547
Shape_Route_108,22.2475,-97.87376,66,52.1544
Shape_Route_108,22.24626,-97.87295,67,52.315066
Shape_Route_108,22.23335,-97.86722,68,53.861506
Shape_Route_108,22.22388,-97.86364,69,54.97295
Shape_Route_108,22.22241,-97.86329,70,55.139641
Shape_Route_108,22.22066,-97.86321,71,55.333555
Shape_Route_108,22.21943,-97.86263,72,55.482272
Shape_Route_108,22.21792,-97.85926,73,55.86778
Shape_Route_108,22.21454,-97.86093,74,56.279671
Shape_Route_108,22.21567,-97.86346,75,56.56892
Shape_Route_108,22.21749,-97.86261,76,56.788635
Shape_Route_108,22.21562,-97.85838,77,57.271318
Shape_Route_108,22.21476,-97.85882,78,57.376778
Shape_Route_108,22.21517,-97.85963,79,57.471815
Shape_Route_108,22.21832,-97.85799,80,57.85936
Shape_Route_108,22.22066,-97.86321,81,58.456546
Shape_Route_108,22.22241,-97.86329,82,58.65046
Shape_Route_108,22.22388,-97.86364,83,58.817151
Shape_Route_108,22.23335,-97.86722,84,59.928595
Shape_Route_108,22.23902,-97.86977,85,60.609108
Shape_Route_108,22.23987,-97.86758,86,60.853649
Shape_Route_108,22.24086,-97.86799,87,60.971113
Shape_Route_108,22.24122,-97.8669,88,61.090312
Shape_Route_108,22.24128,-97.86623,89,61.159683
Shape_Route_108,22.24746,-97.86649,90,61.844382
Shape_Route_108,22.24994,-97.86602,91,62.123178
Shape_Route_108,22.25079,-97.86325,92,62.423754
Shape_Route_108,22.25276,-97.86336,93,62.642143
Shape_Route_108,22.25306,-97.86475,94,62.789188
Shape_Route_108,22.25524,-97.86473,95,63.030541
Shape_Route_108,22.25725,-97.86385,96,63.270834
Shape_Route_108,22.26181,-97.86132,97,63.839011
Shape_Route_108,22.26372,-97.86046,98,64.068284
Shape_Route_108,22.26694,-97.85939,99,64.441427
Shape_Route_108,22.27077,-97.85825,100,64.881412
Shape_Route_108,22.2754,-97.85643,101,65.427221
Shape_Route_108,22.27436,-97.85458,102,65.649916
Shape_Route_108,22.27659,-97.8561,103,65.942284
Shape_Route_108,22.27792,-97.85883,104,66.259781
Shape_Route_108,22.28032,-97.86175,105,66.661172
Shape_Route_108,22.28358,-97.8648,106,67.139722
Shape_Route_108,22.28612,-97.86754,107,67.53818
Shape_Route_108,22.28834,-97.87085,108,67.95854
Shape_Route_108,22.29116,-97.87329,109,68.359367
Shape_Route_108,22.30419,-97.88162,110,70.03786
Shape_Route_108,22.30645,-97.88175,111,70.288419
Shape_Route_108,22.33309,-97.87351,112,73.357398
Shape_Route_108,22.33626,-97.87333,113,73.708834
Shape_Route_108,22.34571,-97.87634,114,74.799996
Shape_Route_108,22.34918,-97.87977,115,75.321872
Shape_Route_108,22.35133,-97.88359,116,75.781669
Shape_Route_108,22.35424,-97.88722,117,76.275156
Shape_Route_108,22.3569,-97.88979,118,76.671089
Shape_Route_108,22.36631,-97.89823,119,78.02778
Shape_Route_108,22.37498,-97.9069,120,79.3386
Shape_Route_108,22.38121,-97.91325,121,80.288949
Shape_Route_108,22.38683,-97.91906,122,81.152038
Shape_Route_108,22.38808,-97.92146,123,81.435241
Shape_Route_108,22.38992,-97.922,124,81.646394
Shape_Route_108,22.39165,-97.92151,125,81.844451
Shape_Route_108,22.39349,-97.92123,126,82.050184
Shape_Route_108,22.3977,-97.92421,127,82.60817
Shape_Route_108,22.40321,-97.92792,128,83.327869
Shape_Route_108,22.40805,-97.93251,129,84.042266
Shape_Route_108,22.41896,-97.94209,130,85.601512
Shape_Route_108,22.42436,-97.94663,131,86.360297
Shape_Route_108,22.42745,-97.95078,132,86.907535
Shape_Route_108,22.44209,-97.97105,133,89.549287
Shape_Route_108,22.45617,-97.98088,134,91.407515
Shape_Route_108,22.47188,-97.99204,135,93.491615
Shape_Route_108,22.49016,-98.03427,136,98.284525
Shape_Route_108,22.49369,-98.0456,137,99.51385
Shape_Route_108,22.50221,-98.07255,138,102.442217
Shape_Route_108,22.50213,-98.07414,139,102.606012
Shape_Route_108,22.50148,-98.0795,140,103.162046
Shape_Route_108,22.49922,-98.08639,141,103.913657
Shape_Route_108,22.49848,-98.091,142,104.394898
Shape_Route_108,22.49739,-98.09937,143,105.264315
Shape_Route_108,22.49743,-98.10089,144,105.420737
Shape_Route_108,22.4983,-98.10349,145,105.705006
Shape_Route_108,22.49936,-98.10576,146,105.966341
Shape_Route_108,22.50037,-98.1078,147,106.204116
Shape_Route_108,22.50457,-98.11105,148,106.776784
Shape_Route_108,22.5201,-98.12275,149,108.875354
Shape_Route_108,22.54138,-98.13889,150,111.757178
Shape_Route_108,22.54752,-98.1434,151,112.580044
Shape_Route_108,22.55184,-98.14786,152,113.242646
Shape_Route_108,22.54756,-98.14838,153,113.719467
Shape_Route_108,22.54746,-98.14864,154,113.748404
Shape_Route_108,22.54352,-98.14917,155,114.187969
Shape_Route_108,22.54352,-98.14965,156,114.237329
Shape_Route_108,22.54322,-98.14952,157,114.273129
Shape_Route_108,22.54251,-98.14997,158,114.364339
Shape_Route_108A,22.54366,-98.15707,1,0.0
Shape_Route_108A,22.54249,-98.14982,2,0.756706
Shape_Route_108A,22.5432,-98.14949,3,0.842318
Shape_Route_108A,22.54344,-98.14969,4,0.875917
Shape_Route_108A,22.54356,-98.14913,5,0.935016
Shape_Route_108A,22.54746,-98.14864,6,1.369691
Shape_Route_108A,22.54752,-98.1484,7,1.395249
Shape_Route_108A,22.55186,-98.14791,8,1.878339
Shape_Route_108A,22.5477,-98.14366,9,2.513218
Shape_Route_108A,22.52584,-98.12709,10,5.472958
Shape_Route_108A,22.50427,-98.11081,11,8.38944
Shape_Route_108A,22.50255,-98.1095,12,8.622709
Shape_Route_108A,22.50086,-98.10827,13,8.848565
Shape_Route_108A,22.49969,-98.10675,14,9.051601
Shape_Route_108A,22.49832,-98.10358,15,9.411233
Shape_Route_108A,22.49729,-98.10038,16,9.759599
Shape_Route_108A,22.49898,-98.08716,17,11.132317
Shape_Route_108A,22.5014,-98.07976,18,11.939295
Shape_Route_108A,22.50227,-98.0727,19,12.671882
Shape_Route_108A,22.49047,-98.03547,20,16.718386
Shape_Route_108A,22.48916,-98.03169,21,17.133417
Shape_Route_108A,22.47989,-98.01045,22,19.547564
Shape_Route_108A,22.47203,-97.99217,23,21.619865
Shape_Route_108A,22.47053,-97.99075,24,21.84105
Shape_Route_108A,22.44233,-97.97127,25,25.55112
Shape_Route_108A,22.42743,-97.95073,26,28.232479
Shape_Route_108A,22.42458,-97.947,27,28.729407
Shape_Route_108A,22.42184,-97.94442,28,29.13256
Shape_Route_108A,22.4191,-97.94284,29,29.476743
Shape_Route_108A,22.41698,-97.94204,30,29.72547
Shape_Route_108A,22.40859,-97.93831,31,30.730536
Shape_Route_108A,22.40585,-97.93726,32,31.052557
Shape_Route_108A,22.3971,-97.93805,33,32.024657
Shape_Route_108A,22.39641,-97.93777,34,32.106303
Shape_Route_108A,22.39605,-97.93724,35,32.173871
Shape_Route_108A,22.3954,-97.9335,36,32.565561
Shape_Route_108A,22.39413,-97.93204,37,32.771375
Shape_Route_108A,22.39181,-97.92966,38,33.126343
Shape_Route_108A,22.39048,-97.9237,39,33.75735
Shape_Route_108A,22.39016,-97.9229,40,33.847008
Shape_Route_108A,22.3895,-97.9223,41,33.942687
Shape_Route_108A,22.38841,-97.92155,42,34.085948
Shape_Route_108A,22.38738,-97.92052,43,34.241664
Shape_Route_108A,22.38645,-97.91852,44,34.471879
Shape_Route_108A,22.37619,-97.90827,45,36.022332
Shape_Route_108A,22.37262,-97.90466,46,36.564888
Shape_Route_108A,22.36599,-97.89786,47,37.579286
Shape_Route_108A,22.35424,-97.88722,48,39.280052
Shape_Route_108A,22.35158,-97.88389,49,39.732068
Shape_Route_108A,22.3495,-97.88024,50,40.17288
Shape_Route_108A,22.34781,-97.87823,51,40.451903
Shape_Route_108A,22.34555,-97.87621,52,40.777291
Shape_Route_108A,22.33567,-97.87316,53,41.915306
Shape_Route_108A,22.33138,-97.87394,54,42.396994
Shape_Route_108A,22.30669,-97.88162,55,45.242562
Shape_Route_108A,22.30492,-97.8817,56,45.438689
Shape_Route_108A,22.30369,-97.88112,57,45.587392
Shape_Route_108A,22.29118,-97.87329,58,47.190143
Shape_Route_108A,22.28979,-97.87312,59,47.345021
Shape_Route_108A,22.28912,-97.87224,60,47.462162
Shape_Route_108A,22.28802,-97.87037,61,47.690085
Shape_Route_108A,22.28463,-97.86546,62,48.319975
Shape_Route_108A,22.28215,-97.86353,63,48.658979
Shape_Route_108A,22.28004,-97.86149,64,48.973217
Shape_Route_108A,22.2755,-97.85623,65,49.712376
Shape_Route_108A,22.26771,-97.85915,66,50.625775
Shape_Route_108A,22.264,-97.86033,67,51.054124
Shape_Route_108A,22.2633,-97.86048,68,51.133146
Shape_Route_108A,22.2611,-97.86164,69,51.404456
Shape_Route_108A,22.25721,-97.86385,70,51.891621
Shape_Route_108A,22.25514,-97.86469,71,52.136591
Shape_Route_108A,22.25437,-97.86477,72,52.222234
Shape_Route_108A,22.25318,-97.86565,73,52.382172
Shape_Route_108A,22.25047,-97.867,74,52.712879
Shape_Route_108A,22.24936,-97.86718,75,52.837157
Shape_Route_108A,22.24698,-97.86765,76,53.105057
Shape_Route_108A,22.2445,-97.86694,77,53.389196
Shape_Route_108A,22.24255,-97.86707,78,53.605492
Shape_Route_108A,22.23719,-97.86615,79,54.206414
Shape_Route_108A,22.23351,-97.86505,80,54.6293
Shape_Route_108A,22.23004,-97.86411,81,55.025485
Shape_Route_108A,22.22926,-97.86428,82,55.113597
Shape_Route_108A,22.22732,-97.86495,83,55.3392
Shape_Route_108A,22.22386,-97.86361,84,55.74639
Shape_Route_108A,22.22215,-97.86329,85,55.938552
Shape_Route_108A,22.22068,-97.86321,86,56.101501
Shape_Route_108A,22.21945,-97.86273,87,56.246382
Shape_Route_108A,22.21796,-97.85924,88,56.642145
Shape_Route_108A,22.21456,-97.86097,89,57.058658
Shape_Route_108A,22.21567,-97.86346,90,57.343232
Shape_Route_108A,22.21748,-97.86261,91,57.561932
Shape_Route_108A,22.21561,-97.85837,92,58.045547
Shape_Route_108A,22.21478,-97.85881,93,58.148019
Shape_Route_108A,22.21516,-97.85964,94,58.24336
Shape_Route_108A,22.21834,-97.85801,95,58.633451
Shape_Route_108A,22.21879,-97.85892,96,58.739662
Shape_Route_108A,22.22062,-97.86327,97,59.231699
Shape_Route_108A,22.22215,-97.86329,98,59.401095
Shape_Route_108A,22.22386,-97.86361,99,59.593257
Shape_Route_108A,22.22732,-97.86495,100,60.000447
Shape_Route_108A,22.23774,-97.86911,101,61.231128
Shape_Route_108A,22.24479,-97.87226,102,62.076445
Shape_Route_108A,22.24809,-97.87402,103,62.48433
Shape_Route_108A,22.25244,-97.87569,104,62.995737
Shape_Route_108A,22.25476,-97.8764,105,63.262798
Shape_Route_108A,22.25709,-97.8766,106,63.521569
Shape_Route_108A,22.26301,-97.87529,107,64.190718
Shape_Route_108A,22.26884,-97.87359,108,64.859495
Shape_Route_108A,22.27329,-97.87471,109,65.365483
Shape_Route_108A,22.27869,-97.87308,110,65.98645
Shape_Route_108A,22.28243,-97.87291,111,66.400869
Shape_Route_108A,22.28521,-97.87419,112,66.735704
Shape_Route_108A,22.28808,-97.87293,113,67.078933
Shape_Route_108A,22.28979,-97.87312,114,67.269254
Shape_Route_108A,22.29118,-97.87329,115,67.424132
Shape_Route_108A,22.30369,-97.88112,116,69.026883
Shape_Route_108A,22.30492,-97.8817,117,69.175586
Shape_Route_108A,22.30669,-97.88162,118,69.371713
Shape_Route_108A,22.33138,-97.87394,119,72.217281
Shape_Route_108A,22.33567,-97.87316,120,72.698969
Shape_Route_108A,22.34555,-97.87621,121,73.836984
Shape_Route_108A,22.34781,-97.87823,122,74.162373
Shape_Route_108A,22.3495,-97.88024,123,74.441395
Shape_Route_108A,22.35158,-97.88389,124,74.882208
Shape_Route_108A,22.35424,-97.88722,125,75.334224
Shape_Route_108A,22.36599,-97.89786,126,77.034989
Shape_Route_108A,22.37262,-97.90466,127,78.049388
Shape_Route_108A,22.37619,-97.90827,128,78.591943
Shape_Route_108A,22.38645,-97.91852,129,80.142396
Shape_Route_108A,22.38738,-97.92052,130,80.372611
Shape_Route_108A,22.38841,-97.92155,131,80.528327
Shape_Route_108A,22.3895,-97.9223,132,80.671589
Shape_Route_108A,22.39016,-97.9229,133,80.767268
Shape_Route_108A,22.39048,-97.9237,134,80.856925
Shape_Route_108A,22.39181,-97.92966,135,81.487932
Shape_Route_108A,22.39413,-97.93204,136,81.8429
Shape_Route_108A,22.3954,-97.9335,137,82.048714
Shape_Route_108A,22.39605,-97.93724,138,82.440404
Shape_Route_108A,22.39641,-97.93777,139,82.507972
Shape_Route_108A,22.3971,-97.93805,140,82.589618
Shape_Route_108A,22.40585,-97.93726,141,83.561719
Shape_Route_108A,22.40859,-97.93831,142,83.88374
Shape_Route_108A,22.41698,-97.94204,143,84.888805
Shape_Route_108A,22.4191,-97.94284,144,85.137532
Shape_Route_108A,22.42184,-97.94442,145,85.481716
Shape_Route_108A,22.42458,-97.947,146,85.884869
Shape_Route_108A,22.42743,-97.95073,147,86.381796
Shape_Route_108A,22.44233,-97.97127,148,89.063156
Shape_Route_108A,22.47053,-97.99075,149,92.773226
Shape_Route_108A,22.47203,-97.99217,150,92.99441
Shape_Route_108A,22.47989,-98.01045,151,95.066712
Shape_Route_108A,22.48916,-98.03169,152,97.480859
Shape_Route_108A,22.49047,-98.03547,153,97.89589
Shape_Route_108A,22.50227,-98.0727,154,101.942393
Shape_Route_108A,22.5014,-98.07976,155,102.67498
Shape_Route_108A,22.49898,-98.08716,156,103.481959
Shape_Route_108A,22.49729,-98.10038,157,104.854677
Shape_Route_108A,22.49832,-98.10358,158,105.203043
Shape_Route_108A,22.49969,-98.10675,159,105.562674
Shape_Route_108A,22.50086,-98.10827,160,105.76571
Shape_Route_108A,22.50255,-98.1095,161,105.991566
Shape_Route_108A,22.50427,-98.11081,162,106.224835
Shape_Route_108A,22.52584,-98.12709,163,109.141317
Shape_Route_108A,22.5477,-98.14366,164,112.101057
Shape_Route_108A,22.55186,-98.14791,165,112.735937
Shape_Route_108A,22.54752,-98.1484,166,113.219027
Shape_Route_108A,22.54746,-98.14864,167,113.244584
Shape_Route_108A,22.54356,-98.14913,168,113.67926
Shape_Route_108A,22.54344,-98.14969,169,113.738358
Shape_Route_108A,22.5432,-98.14949,170,113.771957
Shape_Route_108A,22.54249,-98.14982,171,113.85757
Shape_Route_109,22.43547,-97.89333,1,0.0
Shape_Route_109,22.42414,-97.88619,2,1.453757
Shape_Route_109,22.4221,-97.88503,3,1.709223
Shape_Route_109,22.42005,-97.88473,4,1.938269
Shape_Route_109,22.41406,-97.88677,5,2.633871
Shape_Route_109,22.38571,-97.897,6,5.944451
Shape_Route_109,22.38167,-97.90044,7,6.514962
Shape_Route_109,22.37689,-97.90181,8,7.062626
Shape_Route_109,22.37448,-97.90342,9,7.376738
Shape_Route_109,22.37319,-97.90411,10,7.536247
Shape_Route_109,22.37155,-97.90355,11,7.726745
Shape_Route_109,22.36625,-97.89818,12,8.532985
Shape_Route_109,22.36258,-97.89492,13,9.06002
Shape_Route_109,22.35913,-97.89166,14,9.568521
Shape_Route_109,22.35418,-97.88724,15,10.2809
Shape_Route_109,22.35139,-97.88372,16,10.75714
Shape_Route_109,22.35093,-97.88267,17,10.876663
Shape_Route_109,22.3494,-97.88012,18,11.189157
Shape_Route_109,22.34629,-97.8767,19,11.681696
Shape_Route_109,22.34472,-97.87589,20,11.874491
Shape_Route_109,22.33525,-97.87319,21,12.959155
Shape_Route_109,22.33142,-97.87391,22,13.389606
Shape_Route_109,22.32368,-97.87634,23,14.282297
Shape_Route_109,22.31816,-97.87814,24,14.920916
Shape_Route_109,22.31097,-97.88042,25,15.750834
Shape_Route_109,22.30875,-97.88102,26,16.00426
Shape_Route_109,22.30615,-97.88181,27,16.303384
Shape_Route_109,22.3049,-97.8817,28,16.442233
Shape_Route_109,22.30399,-97.88142,29,16.547025
Shape_Route_109,22.2911,-97.87327,30,18.202737
Shape_Route_109,22.28957,-97.87312,31,18.372824
Shape_Route_109,22.2881,-97.87299,32,18.536116
Shape_Route_109,22.28558,-97.87389,33,18.830107
Shape_Route_109,22.28435,-97.87385,34,18.96634
Shape_Route_109,22.28233,-97.87299,35,19.206885
Shape_Route_109,22.27937,-97.87306,36,19.534661
Shape_Route_109,22.27546,-97.874,37,19.978233
Shape_Route_109,22.27258,-97.87479,38,20.307299
Shape_Route_109,22.27031,-97.87381,39,20.578135
Shape_Route_109,22.26702,-97.87374,40,20.942436
Shape_Route_109,22.26537,-97.8746,41,21.145465
Shape_Route_109,22.25745,-97.87657,42,22.045466
Shape_Route_109,22.25514,-97.87642,43,22.301667
Shape_Route_109,22.24883,-97.8743,44,23.0336
Shape_Route_109,22.24331,-97.87155,45,23.707228
Shape_Route_109,22.23353,-97.8673,46,24.875198
Shape_Route_109,22.22793,-97.86509,47,25.535683
Shape_Route_109,22.22344,-97.86338,48,26.063085
Shape_Route_109,22.22064,-97.86321,49,26.373562
Shape_Route_109,22.21943,-97.86267,50,26.518623
Shape_Route_109,22.21792,-97.85926,51,26.90785
Shape_Route_109,22.21454,-97.86095,52,27.320607
Shape_Route_109,22.21568,-97.86346,53,27.608483
Shape_Route_109,22.21749,-97.86262,54,27.826771
Shape_Route_109,22.21562,-97.85836,55,28.31225
Shape_Route_109,22.21476,-97.85879,56,28.417271
Shape_Route_109,22.21519,-97.85967,57,28.519716
Shape_Route_109,22.21836,-97.85804,58,28.908808
Shape_Route_109,22.22064,-97.86321,59,29.498481
Shape_Route_109,22.22344,-97.86338,60,29.808957
Shape_Route_109,22.22656,-97.86464,61,30.177975
Shape_Route_109,22.23107,-97.86636,62,30.707807
Shape_Route_109,22.23353,-97.8673,63,30.996868
Shape_Route_109,22.23902,-97.86979,64,31.656615
Shape_Route_109,22.23983,-97.86767,65,31.892796
Shape_Route_109,22.24082,-97.86801,66,32.007862
Shape_Route_109,22.24124,-97.8669,67,32.13135
Shape_Route_109,22.2413,-97.86627,68,32.196619
Shape_Route_109,22.24374,-97.86634,69,32.466842
Shape_Route_109,22.24686,-97.86649,70,32.812597
Shape_Route_109,22.2499,-97.86606,71,33.152054
Shape_Route_109,22.2507,-97.8633,72,33.449959
Shape_Route_109,22.25276,-97.86334,73,33.678055
Shape_Route_109,22.25305,-97.86477,74,33.82888
Shape_Route_109,22.2552,-97.86475,75,34.066911
Shape_Route_109,22.2579,-97.86355,76,34.390393
Shape_Route_109,22.26023,-97.86222,77,34.682494
Shape_Route_109,22.26336,-97.86044,78,35.074564
Shape_Route_109,22.26817,-97.85909,79,35.624942
Shape_Route_109,22.27186,-97.85771,80,36.057498
Shape_Route_109,22.27542,-97.85632,81,36.476838
Shape_Route_109,22.27478,-97.8554,82,36.595186
Shape_Route_109,22.27486,-97.8552,83,36.617617
Shape_Route_109,22.27504,-97.85512,84,36.639182
Shape_Route_109,22.27665,-97.85613,85,36.84558
Shape_Route_109,22.27798,-97.859,86,37.175925
Shape_Route_109,22.28127,-97.86291,87,37.719032
Shape_Route_109,22.28461,-97.86552,88,38.176243
Shape_Route_109,22.28812,-97.87042,89,38.813321
Shape_Route_109,22.2911,-97.87327,90,39.254975
Shape_Route_109,22.29613,-97.87647,91,39.90211
Shape_Route_109,22.30109,-97.87956,92,40.536823
Shape_Route_109,22.30399,-97.88142,93,40.91071
Shape_Route_109,22.3049,-97.8817,94,41.015502
Shape_Route_109,22.30615,-97.88181,95,41.154351
Shape_Route_109,22.30843,-97.88114,96,41.416032
Shape_Route_109,22.31026,-97.88054,97,41.627846
Shape_Route_109,22.31713,-97.87836,98,42.420872
Shape_Route_109,22.3234,-97.87642,99,43.143206
Shape_Route_109,22.33142,-97.87391,100,44.067963
Shape_Route_109,22.33525,-97.87319,101,44.498414
Shape_Route_109,22.33595,-97.87325,102,44.576156
Shape_Route_109,22.34472,-97.87589,103,45.584425
Shape_Route_109,22.34629,-97.8767,104,45.77722
Shape_Route_109,22.3494,-97.88012,105,46.269759
Shape_Route_109,22.35093,-97.88267,106,46.582253
Shape_Route_109,22.35139,-97.88372,107,46.701776
Shape_Route_109,22.35418,-97.88724,108,47.178016
Shape_Route_109,22.35952,-97.89222,109,47.960634
Shape_Route_109,22.36625,-97.89818,110,48.925919
Shape_Route_109,22.37155,-97.90355,111,49.732159
Shape_Route_109,22.37319,-97.90411,112,49.922657
Shape_Route_109,22.37448,-97.90342,113,50.082166
Shape_Route_109,22.37689,-97.90181,114,50.396278
Shape_Route_109,22.38167,-97.90044,115,50.943942
Shape_Route_109,22.38571,-97.897,116,51.514453
Shape_Route_109,22.41406,-97.88677,117,54.825033
Shape_Route_109,22.42005,-97.88473,118,55.520635
Shape_Route_109,22.4221,-97.88503,119,55.749681
Shape_Route_109,22.42414,-97.88619,120,56.005147
Shape_Route_109A,22.43547,-97.89333,1,0.0
Shape_Route_109A,22.42414,-97.88619,2,1.453757
Shape_Route_109A,22.4221,-97.88503,3,1.709223
Shape_Route_109A,22.42005,-97.88473,4,1.938269
Shape_Route_109A,22.41406,-97.88677,5,2.633871
Shape_Route_109A,22.38571,-97.897,6,5.944451
Shape_Route_109A,22.38167,-97.90044,7,6.514962
Shape_Route_109A,22.37689,-97.90181,8,7.062626
Shape_Route_109A,22.37448,-97.90342,9,7.376738
Shape_Route_109A,22.37319,-97.90411,10,7.536247
Shape_Route_109A,22.37155,-97.90355,11,7.726745
Shape_Route_109A,22.36625,-97.89818,12,8.532985
Shape_Route_109A,22.35418,-97.88724,13,10.280747
Shape_Route_109A,22.35139,-97.88372,14,10.756987
Shape_Route_109A,22.35093,-97.88267,15,10.87651
Shape_Route_109A,22.3494,-97.88012,16,11.189004
Shape_Route_109A,22.34629,-97.8767,17,11.681543
Shape_Route_109A,22.34472,-97.87589,18,11.874338
Shape_Route_109A,22.33525,-97.87319,19,12.959002
Shape_Route_109A,22.33142,-97.87391,20,13.389453
Shape_Route_109A,22.30615,-97.88181,21,16.303004
Shape_Route_109A,22.3049,-97.8817,22,16.441852
Shape_Route_109A,22.30399,-97.88142,23,16.546645
Shape_Route_109A,22.2911,-97.87327,24,18.202356
Shape_Route_109A,22.28957,-97.87312,25,18.372444
Shape_Route_109A,22.2881,-97.87299,26,18.535735
Shape_Route_109A,22.28558,-97.87389,27,18.829726
Shape_Route_109A,22.28435,-97.87385,28,18.96596
Shape_Route_109A,22.28233,-97.87299,29,19.206505
Shape_Route_109A,22.27937,-97.87306,30,19.53428
Shape_Route_109A,22.27546,-97.874,31,19.977852
Shape_Route_109A,22.27258,-97.87479,32,20.306919
Shape_Route_109A,22.27031,-97.87381,33,20.577755
Shape_Route_109A,22.26702,-97.87374,34,20.942056
Shape_Route_109A,22.26537,-97.8746,35,21.145085
Shape_Route_109A,22.25745,-97.87657,36,22.045085
Shape_Route_109A,22.25514,-97.87642,37,22.301287
Shape_Route_109A,22.24883,-97.8743,38,23.03322
Shape_Route_109A,22.24331,-97.87155,39,23.706847
Shape_Route_109A,22.23353,-97.8673,40,24.874817
Shape_Route_109A,22.22344,-97.86338,41,26.062686
Shape_Route_109A,22.22064,-97.86321,42,26.373162
Shape_Route_109A,22.2184,-97.85799,43,26.96563
Shape_Route_109A,22.21519,-97.85967,44,27.360951
Shape_Route_109A,22.21476,-97.85879,45,27.463396
Shape_Route_109A,22.21562,-97.85836,46,27.568417
Shape_Route_109A,22.21749,-97.86262,47,28.053896
Shape_Route_109A,22.21568,-97.86346,48,28.272184
Shape_Route_109A,22.21454,-97.86095,49,28.56006
Shape_Route_109A,22.21792,-97.85926,50,28.972817
Shape_Route_109A,22.21943,-97.86267,51,29.362044
Shape_Route_109A,22.22064,-97.86321,52,29.507105
Shape_Route_109A,22.22344,-97.86338,53,29.817582
Shape_Route_109A,22.2275,-97.86509,54,30.300379
Shape_Route_109A,22.2298,-97.86406,55,30.576252
Shape_Route_109A,22.23445,-97.86531,56,31.106921
Shape_Route_109A,22.23721,-97.86627,57,31.428095
Shape_Route_109A,22.24275,-97.86709,58,32.047212
Shape_Route_109A,22.24442,-97.867,59,32.232327
Shape_Route_109A,22.24573,-97.86726,60,32.379809
Shape_Route_109A,22.24706,-97.86765,61,32.532438
Shape_Route_109A,22.24948,-97.8672,62,32.804336
Shape_Route_109A,22.25121,-97.86673,63,33.00189
Shape_Route_109A,22.25445,-97.8648,64,33.412037
Shape_Route_109A,22.25526,-97.86475,65,33.501859
Shape_Route_109A,22.25752,-97.86376,66,33.77206
Shape_Route_109A,22.26339,-97.86047,67,34.505038
Shape_Route_109A,22.26714,-97.85939,68,34.934852
Shape_Route_109A,22.27544,-97.85638,69,35.904666
Shape_Route_109A,22.27754,-97.85857,70,36.228656
Shape_Route_109A,22.28135,-97.86286,71,36.839636
Shape_Route_109A,22.28469,-97.86574,72,37.313743
Shape_Route_109A,22.28822,-97.87054,73,37.944058
Shape_Route_109A,22.28957,-97.87291,74,38.230343
Shape_Route_109A,22.2911,-97.87327,75,38.40374
Shape_Route_109A,22.30399,-97.88142,76,40.059451
Shape_Route_109A,22.3049,-97.8817,77,40.164244
Shape_Route_109A,22.30615,-97.88181,78,40.303092
Shape_Route_109A,22.33142,-97.87391,79,43.216643
Shape_Route_109A,22.33525,-97.87319,80,43.647094
Shape_Route_109A,22.34472,-97.87589,81,44.731758
Shape_Route_109A,22.34629,-97.8767,82,44.924552
Shape_Route_109A,22.3494,-97.88012,83,45.417092
Shape_Route_109A,22.35093,-97.88267,84,45.729586
Shape_Route_109A,22.35139,-97.88372,85,45.849109
Shape_Route_109A,22.35418,-97.88724,86,46.325349
Shape_Route_109A,22.36625,-97.89818,87,48.073111
Shape_Route_109A,22.37155,-97.90355,88,48.879351
Shape_Route_109A,22.37319,-97.90411,89,49.069849
Shape_Route_109A,22.37448,-97.90342,90,49.229358
Shape_Route_109A,22.37689,-97.90181,91,49.54347
Shape_Route_109A,22.38167,-97.90044,92,50.091134
Shape_Route_109A,22.38571,-97.897,93,50.661645
Shape_Route_109A,22.41406,-97.88677,94,53.972225
Shape_Route_109A,22.42005,-97.88473,95,54.667826
Shape_Route_109A,22.4221,-97.88503,96,54.896872
Shape_Route_109A,22.42414,-97.88619,97,55.152338
Shape_Route_110,22.44731,-97.96668,1,0.0
Shape_Route_110,22.44449,-97.967,2,0.313927
Shape_Route_110,22.44094,-97.96749,3,0.710161
Shape_Route_110,22.43979,-97.96751,4,0.837491
Shape_Route_110,22.43916,-97.9673,5,0.910508
Shape_Route_110,22.42747,-97.95082,6,3.043967
Shape_Route_110,22.42438,-97.94678,7,3.582415
Shape_Route_110,22.41992,-97.94294,8,4.21488
Shape_Route_110,22.41793,-97.94249,9,4.440005
Shape_Route_110,22.41041,-97.9391,10,5.3427
Shape_Route_110,22.40565,-97.93724,11,5.903374
Shape_Route_110,22.39688,-97.93799,12,6.877346
Shape_Route_110,22.39605,-97.93721,13,6.999376
Shape_Route_110,22.3954,-97.93342,14,7.396126
Shape_Route_110,22.39256,-97.93058,15,7.825471
Shape_Route_110,22.39159,-97.92936,16,7.990719
Shape_Route_110,22.39054,-97.92404,17,8.550618
Shape_Route_110,22.3903,-97.92318,18,8.643057
Shape_Route_110,22.38982,-97.92249,19,8.731771
Shape_Route_110,22.38881,-97.922,20,8.854439
Shape_Route_110,22.38756,-97.92084,21,9.037231
Shape_Route_110,22.38657,-97.9187,22,9.283308
Shape_Route_110,22.37468,-97.90668,23,11.090039
Shape_Route_110,22.37099,-97.90288,24,11.655702
Shape_Route_110,22.36772,-97.89971,25,12.143142
Shape_Route_110,22.3542,-97.8872,26,14.11794
Shape_Route_110,22.35121,-97.88353,27,14.620345
Shape_Route_110,22.34922,-97.87977,28,15.065846
Shape_Route_110,22.34652,-97.87692,29,15.484767
Shape_Route_110,22.34525,-97.87606,30,15.650938
Shape_Route_110,22.33652,-97.87353,31,16.651935
Shape_Route_110,22.33521,-97.87314,32,16.802423
Shape_Route_110,22.3314,-97.87391,33,17.231615
Shape_Route_110,22.31058,-97.88042,34,19.632127
Shape_Route_110,22.3105,-97.88213,35,19.808499
Shape_Route_110,22.30841,-97.88205,36,20.040026
Shape_Route_110,22.30903,-97.87402,37,20.870063
Shape_Route_110,22.30875,-97.86898,38,21.390173
Shape_Route_110,22.30718,-97.86905,39,21.564135
Shape_Route_110,22.30717,-97.86644,40,21.833005
Shape_Route_110,22.30712,-97.86493,41,21.988656
Shape_Route_110,22.30709,-97.86373,42,22.112318
Shape_Route_110,22.30734,-97.86316,43,22.177232
Shape_Route_110,22.30355,-97.86156,44,22.628032
Shape_Route_110,22.30493,-97.85764,45,23.059791
Shape_Route_110,22.30509,-97.85761,46,23.077772
Shape_Route_110,22.30614,-97.85506,47,23.365034
Shape_Route_110,22.30711,-97.85248,48,23.651688
Shape_Route_110,22.30821,-97.84936,49,23.995391
Shape_Route_110,22.30987,-97.84994,50,24.188637
Shape_Route_110,22.31737,-97.85242,51,25.057369
Shape_Route_110,22.31792,-97.85287,52,25.133895
Shape_Route_110,22.32109,-97.85506,53,25.551091
Shape_Route_110,22.32189,-97.85568,54,25.660282
Shape_Route_110,22.32194,-97.85546,55,25.683609
Shape_Route_110,22.32214,-97.85531,56,25.710609
Shape_Route_110,22.32368,-97.8564,57,25.914748
Shape_Route_110,22.32393,-97.85604,58,25.96102
Shape_Route_110,22.32491,-97.8537,59,26.225338
Shape_Route_110,22.32511,-97.85218,60,26.383459
Shape_Route_110,22.32525,-97.85114,61,26.491696
Shape_Route_110,22.32589,-97.85132,62,26.564936
Shape_Route_110,22.32637,-97.84933,63,26.776684
Shape_Route_110,22.32772,-97.84972,64,26.931446
Shape_Route_110,22.32842,-97.84784,65,27.140017
Shape_Route_110,22.32772,-97.84972,66,27.348589
Shape_Route_110,22.32637,-97.84933,67,27.503351
Shape_Route_110,22.32589,-97.85132,68,27.715099
Shape_Route_110,22.32525,-97.85114,69,27.788339
Shape_Route_110,22.32511,-97.85218,70,27.896576
Shape_Route_110,22.32491,-97.8537,71,28.054697
Shape_Route_110,22.32393,-97.85604,72,28.319015
Shape_Route_110,22.32368,-97.8564,73,28.365287
Shape_Route_110,22.32214,-97.85531,74,28.569426
Shape_Route_110,22.32194,-97.85546,75,28.596426
Shape_Route_110,22.32189,-97.85568,76,28.619753
Shape_Route_110,22.32109,-97.85506,77,28.728944
Shape_Route_110,22.31792,-97.85287,78,29.14614
Shape_Route_110,22.31737,-97.85242,79,29.222666
Shape_Route_110,22.30987,-97.84994,80,30.091397
Shape_Route_110,22.30821,-97.84936,81,30.284643
Shape_Route_110,22.30711,-97.85248,82,30.628347
Shape_Route_110,22.30614,-97.85506,83,30.915001
Shape_Route_110,22.30509,-97.85761,84,31.202262
Shape_Route_110,22.30493,-97.85764,85,31.220243
Shape_Route_110,22.30355,-97.86156,86,31.652003
Shape_Route_110,22.30734,-97.86316,87,32.102803
Shape_Route_110,22.30709,-97.86373,88,32.167717
Shape_Route_110,22.30712,-97.86493,89,32.291379
Shape_Route_110,22.30717,-97.86644,90,32.44703
Shape_Route_110,22.30718,-97.86905,91,32.7159
Shape_Route_110,22.31076,-97.86887,92,33.11267
Shape_Route_110,22.31101,-97.87447,93,33.690199
Shape_Route_110,22.31074,-97.87801,94,34.056082
Shape_Route_110,22.31064,-97.87977,95,34.23772
Shape_Route_110,22.31058,-97.88042,96,34.305006
Shape_Route_110,22.3314,-97.87391,97,36.705518
Shape_Route_110,22.33521,-97.87314,98,37.134709
Shape_Route_110,22.33652,-97.87353,99,37.285198
Shape_Route_110,22.34525,-97.87606,100,38.286195
Shape_Route_110,22.34652,-97.87692,101,38.452366
Shape_Route_110,22.34922,-97.87977,102,38.871287
Shape_Route_110,22.35121,-97.88353,103,39.316788
Shape_Route_110,22.3542,-97.8872,104,39.819193
Shape_Route_110,22.36772,-97.89971,105,41.793991
Shape_Route_110,22.37099,-97.90288,106,42.281431
Shape_Route_110,22.37468,-97.90668,107,42.847093
Shape_Route_110,22.38657,-97.9187,108,44.653825
Shape_Route_110,22.38756,-97.92084,109,44.899902
Shape_Route_110,22.38881,-97.922,110,45.082694
Shape_Route_110,22.38982,-97.92249,111,45.205362
Shape_Route_110,22.3903,-97.92318,112,45.294076
Shape_Route_110,22.39054,-97.92404,113,45.386515
Shape_Route_110,22.39159,-97.92936,114,45.946414
Shape_Route_110,22.39256,-97.93058,115,46.111662
Shape_Route_110,22.3954,-97.93342,116,46.541007
Shape_Route_110,22.39605,-97.93721,117,46.937757
Shape_Route_110,22.39688,-97.93799,118,47.059787
Shape_Route_110,22.40565,-97.93724,119,48.033759
Shape_Route_110,22.41041,-97.9391,120,48.594433
Shape_Route_110,22.4167,-97.94178,121,49.343437
Shape_Route_110,22.41704,-97.94133,122,49.403122
Shape_Route_110,22.41712,-97.94084,123,49.45433
Shape_Route_110,22.41992,-97.94294,124,49.832234
Shape_Route_110,22.42438,-97.94678,125,50.464699
Shape_Route_110,22.42747,-97.95082,126,51.003147
Shape_Route_110,22.43916,-97.9673,127,53.136606
Shape_Route_110,22.43979,-97.96751,128,53.209624
Shape_Route_110,22.44094,-97.96749,129,53.336954
Shape_Route_110,22.44449,-97.967,130,53.733187
Shape_Route_111A,22.43424,-98.07474,1,0.0
Shape_Route_111A,22.43523,-98.07414,2,0.125795
Shape_Route_111A,22.44391,-98.06723,3,1.321222
Shape_Route_111A,22.44729,-98.06457,4,1.78484
Shape_Route_111A,22.4507,-98.06285,5,2.201777
Shape_Route_111A,22.44816,-98.05482,6,3.074632
Shape_Route_111A,22.43527,-98.01648,7,7.270347
Shape_Route_111A,22.44094,-98.01569,8,7.903293
Shape_Route_111A,22.44112,-98.01629,9,7.968176
Shape_Route_111A,22.47372,-98.01157,10,11.609735
Shape_Route_111A,22.47985,-98.01058,11,12.295968
Shape_Route_111A,22.47592,-98.00129,12,13.346132
Shape_Route_111A,22.47194,-97.99221,13,14.379046
Shape_Route_111A,22.47015,-97.99052,14,14.642685
Shape_Route_111A,22.4527,-97.97852,15,16.935427
Shape_Route_111A,22.44225,-97.97116,16,18.318198
Shape_Route_111A,22.42648,-97.94944,17,21.15456
Shape_Route_111A,22.42357,-97.94586,18,21.644008
Shape_Route_111A,22.41968,-97.9429,19,22.171535
Shape_Route_111A,22.41841,-97.94258,20,22.31594
Shape_Route_111A,22.41605,-97.94161,21,22.595638
Shape_Route_111A,22.40579,-97.93721,22,23.818471
Shape_Route_111A,22.39694,-97.93803,23,24.801864
Shape_Route_111A,22.39621,-97.9376,24,24.89401
Shape_Route_111A,22.39532,-97.93333,25,25.344502
Shape_Route_111A,22.39163,-97.92949,26,25.912977
Shape_Route_111A,22.39044,-97.92372,27,26.521438
Shape_Route_111A,22.39018,-97.92297,28,26.603842
Shape_Route_111A,22.38887,-97.92198,29,26.781102
Shape_Route_111A,22.38736,-97.92052,30,27.005912
Shape_Route_111A,22.38671,-97.91897,31,27.180965
Shape_Route_111A,22.37516,-97.90704,32,28.954025
Shape_Route_111A,22.36952,-97.90138,33,29.808137
Shape_Route_111A,22.35428,-97.88735,34,32.029364
Shape_Route_111A,22.35093,-97.88273,35,32.632609
Shape_Route_111A,22.34916,-97.87964,36,33.00632
Shape_Route_111A,22.34579,-97.87636,37,33.509606
Shape_Route_111A,22.33595,-97.87323,38,34.645676
Shape_Route_111A,22.33515,-97.87325,39,34.734267
Shape_Route_111A,22.33124,-97.87389,40,35.172129
Shape_Route_111A,22.30629,-97.88177,41,38.051098
Shape_Route_111A,22.30468,-97.88166,42,38.229699
Shape_Route_111A,22.29114,-97.87329,43,39.959007
Shape_Route_111A,22.28973,-97.87303,44,40.117388
Shape_Route_111A,22.2888,-97.87147,45,40.30826
Shape_Route_111A,22.28673,-97.86853,46,40.688086
Shape_Route_111A,22.28421,-97.86518,47,41.131891
Shape_Route_111A,22.28092,-97.86265,48,41.579791
Shape_Route_111A,22.27548,-97.8563,49,42.469055
Shape_Route_111A,22.26702,-97.85952,50,43.462683
Shape_Route_111A,22.26344,-97.8605,51,43.871682
Shape_Route_111A,22.26265,-97.86106,52,43.976463
Shape_Route_111A,22.25741,-97.86389,53,44.625753
Shape_Route_111A,22.25538,-97.86462,54,44.862747
Shape_Route_111A,22.25449,-97.8648,55,44.963008
Shape_Route_111A,22.25314,-97.86557,56,45.132223
Shape_Route_111A,22.25141,-97.86664,57,45.353223
Shape_Route_111A,22.24948,-97.86716,58,45.573507
Shape_Route_111A,22.24712,-97.86767,59,45.840012
Shape_Route_111A,22.24573,-97.8672,60,46.00134
Shape_Route_111A,22.24442,-97.86698,61,46.148129
Shape_Route_111A,22.24118,-97.86688,62,46.50697
Shape_Route_111A,22.23802,-97.86647,63,46.85935
Shape_Route_111A,22.23409,-97.86516,64,47.3149
Shape_Route_111A,22.23188,-97.86471,65,47.563922
Shape_Route_111A,22.22972,-97.86411,66,47.810918
Shape_Route_111A,22.22746,-97.86497,67,48.076356
Shape_Route_111A,22.2239,-97.86366,68,48.492965
Shape_Route_111A,22.22255,-97.86331,69,48.646713
Shape_Route_111A,22.22066,-97.86327,70,48.855991
Shape_Route_111A,22.21939,-97.86265,71,49.010433
Shape_Route_111A,22.2179,-97.85928,72,49.394986
Shape_Route_111A,22.21457,-97.86092,73,49.800556
Shape_Route_111A,22.21565,-97.86345,74,50.087455
Shape_Route_111A,22.21748,-97.86262,75,50.307375
Shape_Route_111A,22.21561,-97.85838,76,50.79099
Shape_Route_111A,22.21478,-97.85884,77,50.89439
Shape_Route_111A,22.21514,-97.85962,78,50.98413
Shape_Route_111A,22.21838,-97.85797,79,51.381105
Shape_Route_111A,22.22066,-97.86327,80,51.982916
Shape_Route_111A,22.22255,-97.86331,81,52.192194
Shape_Route_111A,22.2239,-97.86366,82,52.345942
Shape_Route_111A,22.22746,-97.86497,83,52.762551
Shape_Route_111A,22.23329,-97.8672,84,53.447682
Shape_Route_111A,22.23907,-97.86982,85,54.142217
Shape_Route_111A,22.23987,-97.86761,86,54.386602
Shape_Route_111A,22.24085,-97.86801,87,54.502664
Shape_Route_111A,22.24123,-97.86691,88,54.623587
Shape_Route_111A,22.24128,-97.86624,89,54.69286
Shape_Route_111A,22.24442,-97.86646,90,55.041222
Shape_Route_111A,22.24737,-97.86651,91,55.367851
Shape_Route_111A,22.24993,-97.866,92,55.656096
Shape_Route_111A,22.25072,-97.8633,93,55.947769
Shape_Route_111A,22.25276,-97.86336,94,56.173698
Shape_Route_111A,22.2531,-97.86475,95,56.321806
Shape_Route_111A,22.25449,-97.8648,96,56.475777
Shape_Route_111A,22.25538,-97.86462,97,56.576038
Shape_Route_111A,22.25741,-97.86389,98,56.813032
Shape_Route_111A,22.26265,-97.86106,99,57.462322
Shape_Route_111A,22.26344,-97.8605,100,57.567103
Shape_Route_111A,22.26702,-97.85952,101,57.976102
Shape_Route_111A,22.27548,-97.8563,102,58.96973
Shape_Route_111A,22.28092,-97.86265,103,59.858994
Shape_Route_111A,22.28421,-97.86518,104,60.306894
Shape_Route_111A,22.28673,-97.86853,105,60.750699
Shape_Route_111A,22.2888,-97.87147,106,61.130525
Shape_Route_111A,22.28973,-97.87303,107,61.321397
Shape_Route_111A,22.29114,-97.87329,108,61.479778
Shape_Route_111A,22.30468,-97.88166,109,63.209086
Shape_Route_111A,22.30629,-97.88177,110,63.387687
Shape_Route_111A,22.33124,-97.87389,111,66.266656
Shape_Route_111A,22.33515,-97.87325,112,66.704518
Shape_Route_111A,22.33595,-97.87323,113,66.793109
Shape_Route_111A,22.34579,-97.87636,114,67.929179
Shape_Route_111A,22.34916,-97.87964,115,68.432465
Shape_Route_111A,22.35093,-97.88273,116,68.806176
Shape_Route_111A,22.35428,-97.88735,117,69.409421
Shape_Route_111A,22.36952,-97.90138,118,71.630648
Shape_Route_111A,22.37516,-97.90704,119,72.48476
Shape_Route_111A,22.38671,-97.91897,120,74.25782
Shape_Route_111A,22.38736,-97.92052,121,74.432873
Shape_Route_111A,22.38887,-97.92198,122,74.657683
Shape_Route_111A,22.39018,-97.92297,123,74.834943
Shape_Route_111A,22.39044,-97.92372,124,74.917347
Shape_Route_111A,22.39163,-97.92949,125,75.525808
Shape_Route_111A,22.39532,-97.93333,126,76.094283
Shape_Route_111A,22.39621,-97.9376,127,76.544775
Shape_Route_111A,22.39694,-97.93803,128,76.636921
Shape_Route_111A,22.40579,-97.93721,129,77.620314
Shape_Route_111A,22.41605,-97.94161,130,78.843147
Shape_Route_111A,22.41841,-97.94258,131,79.122845
Shape_Route_111A,22.41968,-97.9429,132,79.26725
Shape_Route_111A,22.42357,-97.94586,133,79.794777
Shape_Route_111A,22.42648,-97.94944,134,80.284225
Shape_Route_111A,22.44225,-97.97116,135,83.120587
Shape_Route_111A,22.4527,-97.97852,136,84.503358
Shape_Route_111A,22.47015,-97.99052,137,86.7961
Shape_Route_111A,22.47194,-97.99221,138,87.059739
Shape_Route_111A,22.47592,-98.00129,139,88.092653
Shape_Route_111A,22.47985,-98.01058,140,89.142817
Shape_Route_111A,22.47372,-98.01157,141,89.82905
Shape_Route_111A,22.44112,-98.01629,142,93.470609
Shape_Route_111A,22.44094,-98.01569,143,93.535492
Shape_Route_111A,22.43527,-98.01648,144,94.168438
Shape_Route_111A,22.44816,-98.05482,145,98.364153
Shape_Route_111A,22.4507,-98.06285,146,99.237008
Shape_Route_111A,22.44729,-98.06457,147,99.653945
Shape_Route_111A,22.44391,-98.06723,148,100.117563
Shape_Route_111A,22.43523,-98.07414,149,101.31299
Shape_Route_112,22.42503,-97.95361,1,0.0
Shape_Route_112,22.42406,-97.95399,2,0.114287
Shape_Route_112,22.42313,-97.95163,3,0.378112
Shape_Route_112,22.42767,-97.95097,4,0.885295
Shape_Route_112,22.43555,-97.96221,5,2.334185
Shape_Route_112,22.44197,-97.97114,6,3.495979
Shape_Route_112,22.45288,-97.97848,7,4.920538
Shape_Route_112,22.45403,-97.97785,8,5.063406
Shape_Route_112,22.45671,-97.97612,9,5.409412
Shape_Route_112,22.45803,-97.97616,10,5.555603
Shape_Route_112,22.46283,-97.97135,11,6.281792
Shape_Route_112,22.45803,-97.97616,12,7.00798
Shape_Route_112,22.45671,-97.97612,13,7.154171
Shape_Route_112,22.45403,-97.97785,14,7.500177
Shape_Route_112,22.45288,-97.97848,15,7.643045
Shape_Route_112,22.44197,-97.97114,16,9.067604
Shape_Route_112,22.43555,-97.96221,17,10.229399
Shape_Route_112,22.42767,-97.95097,18,11.678288
Shape_Route_112,22.42313,-97.95163,19,12.185471
Shape_Route_112,22.42406,-97.95399,20,12.449296
Shape_Route_113,22.44727,-97.96659,1,0.0
Shape_Route_113,22.44072,-97.96768,2,0.733759
Shape_Route_113,22.44009,-97.96764,3,0.803626
Shape_Route_113,22.43923,-97.9674,4,0.901986
Shape_Route_113,22.42745,-97.95078,5,3.052944
Shape_Route_113,22.42487,-97.94726,6,3.514289
Shape_Route_113,22.4214,-97.94414,7,4.01499
Shape_Route_113,22.41922,-97.94299,8,4.283798
Shape_Route_113,22.41726,-97.94215,9,4.517377
Shape_Route_113,22.40591,-97.93721,10,5.872903
Shape_Route_113,22.40337,-97.93741,11,6.154854
Shape_Route_113,22.39716,-97.93801,12,6.845118
Shape_Route_113,22.39637,-97.93779,13,6.935462
Shape_Route_113,22.39601,-97.93693,14,7.032553
Shape_Route_113,22.39526,-97.93324,15,7.421398
Shape_Route_113,22.39171,-97.92968,16,7.95878
Shape_Route_113,22.39065,-97.92443,17,8.511865
Shape_Route_113,22.39032,-97.92337,18,8.626947
Shape_Route_113,22.38992,-97.92262,19,8.715958
Shape_Route_113,22.38879,-97.92192,20,8.860331
Shape_Route_113,22.38748,-97.92071,21,9.051516
Shape_Route_113,22.38667,-97.91874,22,9.273275
Shape_Route_113,22.36996,-97.90183,23,11.813665
Shape_Route_113,22.35416,-97.88715,24,14.12554
Shape_Route_113,22.35115,-97.88329,25,14.644245
Shape_Route_113,22.35083,-97.88261,26,14.722723
Shape_Route_113,22.34865,-97.87913,27,15.154793
Shape_Route_113,22.34599,-97.87651,28,15.554198
Shape_Route_113,22.33964,-97.87447,29,16.287923
Shape_Route_113,22.33902,-97.87457,30,16.35733
Shape_Route_113,22.33831,-97.87501,31,16.448061
Shape_Route_113,22.33782,-97.87593,32,16.557243
Shape_Route_113,22.33765,-97.87624,33,16.594305
Shape_Route_113,22.33796,-97.87506,34,16.720588
Shape_Route_113,22.3382,-97.87417,35,16.816024
Shape_Route_113,22.33908,-97.87412,36,16.913584
Shape_Route_113,22.33965,-97.8743,37,16.979354
Shape_Route_113,22.34204,-97.86769,38,17.709728
Shape_Route_113,22.33698,-97.8656,39,18.309848
Shape_Route_113,22.33359,-97.86417,40,18.713017
Shape_Route_113,22.3235,-97.85997,41,19.910912
Shape_Route_113,22.32384,-97.85912,42,20.006213
Shape_Route_113,22.3221,-97.8584,43,20.21263
Shape_Route_113,22.32231,-97.85794,44,20.265408
Shape_Route_113,22.32276,-97.85663,45,20.409246
Shape_Route_113,22.32248,-97.85561,46,20.518787
Shape_Route_113,22.32322,-97.8542,47,20.685535
Shape_Route_113,22.32278,-97.85394,48,20.741123
Shape_Route_113,22.32394,-97.85175,49,21.000694
Shape_Route_113,22.3244,-97.85079,50,21.11192
Shape_Route_113,22.32546,-97.84908,51,21.323567
Shape_Route_113,22.32618,-97.84709,52,21.543494
Shape_Route_113,22.32839,-97.84787,53,21.801015
Shape_Route_113,22.32618,-97.84709,54,22.058536
Shape_Route_113,22.32546,-97.84908,55,22.278463
Shape_Route_113,22.3244,-97.85079,56,22.49011
Shape_Route_113,22.32394,-97.85175,57,22.601336
Shape_Route_113,22.32278,-97.85394,58,22.860907
Shape_Route_113,22.32322,-97.8542,59,22.916495
Shape_Route_113,22.32248,-97.85561,60,23.083243
Shape_Route_113,22.32276,-97.85663,61,23.192784
Shape_Route_113,22.32231,-97.85794,62,23.336622
Shape_Route_113,22.3221,-97.8584,63,23.3894
Shape_Route_113,22.32384,-97.85912,64,23.595817
Shape_Route_113,22.3235,-97.85997,65,23.691118
Shape_Route_113,22.33359,-97.86417,66,24.889013
Shape_Route_113,22.33698,-97.8656,67,25.292182
Shape_Route_113,22.34204,-97.86769,68,25.892302
Shape_Route_113,22.33968,-97.87435,69,26.626289
Shape_Route_113,22.34599,-97.87651,70,27.359426
Shape_Route_113,22.34865,-97.87913,71,27.758832
Shape_Route_113,22.35083,-97.88261,72,28.190901
Shape_Route_113,22.35115,-97.88329,73,28.26938
Shape_Route_113,22.35416,-97.88715,74,28.788084
Shape_Route_113,22.36996,-97.90183,75,31.099959
Shape_Route_113,22.38667,-97.91874,76,33.640349
Shape_Route_113,22.38748,-97.92071,77,33.862108
Shape_Route_113,22.38879,-97.92192,78,34.053293
Shape_Route_113,22.38992,-97.92262,79,34.197666
Shape_Route_113,22.39032,-97.92337,80,34.286677
Shape_Route_113,22.39065,-97.92443,81,34.401759
Shape_Route_113,22.39171,-97.92968,82,34.954844
Shape_Route_113,22.39526,-97.93324,83,35.492227
Shape_Route_113,22.39601,-97.93693,84,35.881071
Shape_Route_113,22.39637,-97.93779,85,35.978162
Shape_Route_113,22.39716,-97.93801,86,36.068506
Shape_Route_113,22.40337,-97.93741,87,36.758771
Shape_Route_113,22.40591,-97.93721,88,37.040721
Shape_Route_113,22.41726,-97.94215,89,38.396248
Shape_Route_113,22.41922,-97.94299,90,38.629827
Shape_Route_113,22.4214,-97.94414,91,38.898634
Shape_Route_113,22.42487,-97.94726,92,39.399335
Shape_Route_113,22.42745,-97.95078,93,39.86068
Shape_Route_113,22.43923,-97.9674,94,42.011638
Shape_Route_113,22.44009,-97.96764,95,42.109998
Shape_Route_113,22.44737,-97.96668,96,42.921981
Shape_Route_114,22.5432,-98.06821,1,0.0
Shape_Route_114,22.50213,-98.07441,2,4.591177
Shape_Route_114,22.50221,-98.07231,3,4.807375
Shape_Route_114,22.4901,-98.03395,4,8.974986
Shape_Route_114,22.47993,-98.01045,5,11.641947
Shape_Route_114,22.47188,-97.99197,6,13.741783
Shape_Route_114,22.47065,-97.99092,7,13.915604
Shape_Route_114,22.44239,-97.97122,8,17.643526
Shape_Route_114,22.44167,-97.9706,9,17.745627
Shape_Route_114,22.42466,-97.94696,10,20.822268
Shape_Route_114,22.42329,-97.9456,11,21.028661
Shape_Route_114,22.41964,-97.94301,12,21.512759
Shape_Route_114,22.41809,-97.94249,13,21.692509
Shape_Route_114,22.41502,-97.94112,14,22.060476
Shape_Route_114,22.40561,-97.93719,15,23.178026
Shape_Route_114,22.39702,-97.93801,16,24.132745
Shape_Route_114,22.39629,-97.93769,17,24.220018
Shape_Route_114,22.39534,-97.93342,18,24.672009
Shape_Route_114,22.39431,-97.93213,19,24.84705
Shape_Route_114,22.39188,-97.92981,20,25.206797
Shape_Route_114,22.39064,-97.92451,21,25.76944
Shape_Route_114,22.39036,-97.92342,22,25.88586
Shape_Route_114,22.39002,-97.92273,23,25.966253
Shape_Route_114,22.38879,-97.92198,24,26.122792
Shape_Route_114,22.38752,-97.9208,25,26.308606
Shape_Route_114,22.38661,-97.91874,26,26.543403
Shape_Route_114,22.37482,-97.90683,27,28.33431
Shape_Route_114,22.35422,-97.88724,28,31.379019
Shape_Route_114,22.35117,-97.88351,29,31.89045
Shape_Route_114,22.34952,-97.88005,30,32.290864
Shape_Route_114,22.34617,-97.87664,31,32.801621
Shape_Route_114,22.3446,-97.87591,32,32.990996
Shape_Route_114,22.33523,-97.87319,33,34.065499
Shape_Route_114,22.33118,-97.87398,34,34.521193
Shape_Route_114,22.30569,-97.88185,35,37.457284
Shape_Route_114,22.3044,-97.88155,36,37.603403
Shape_Route_114,22.29118,-97.87331,37,39.295336
Shape_Route_114,22.28918,-97.87306,38,39.518246
Shape_Route_114,22.28761,-97.87306,39,39.692058
Shape_Route_114,22.28479,-97.87409,40,40.021798
Shape_Route_114,22.28213,-97.87293,41,40.339611
Shape_Route_114,22.27959,-97.87306,42,40.621129
Shape_Route_114,22.27786,-97.87321,43,40.813277
Shape_Route_114,22.27286,-97.87466,44,41.386626
Shape_Route_114,22.27049,-97.87389,45,41.660737
Shape_Route_114,22.2672,-97.87378,46,42.025143
Shape_Route_114,22.26531,-97.87451,47,42.247492
Shape_Route_114,22.25739,-97.8766,48,43.150362
Shape_Route_114,22.25512,-97.87647,49,43.402025
Shape_Route_114,22.25369,-97.87612,50,43.564394
Shape_Route_114,22.24779,-97.87391,51,44.256138
Shape_Route_114,22.2464,-97.87303,52,44.434758
Shape_Route_114,22.2235,-97.86344,53,47.155832
Shape_Route_114,22.22223,-97.86327,54,47.297519
Shape_Route_114,22.22062,-97.86327,55,47.475759
Shape_Route_114,22.21941,-97.86265,56,47.624179
Shape_Route_114,22.21796,-97.85926,57,48.008726
Shape_Route_114,22.21452,-97.861,58,48.429684
Shape_Route_114,22.21562,-97.86344,59,48.709134
Shape_Route_114,22.2175,-97.86263,60,48.933388
Shape_Route_114,22.2156,-97.8584,61,49.417505
Shape_Route_114,22.21478,-97.85879,62,49.516789
Shape_Route_114,22.21518,-97.85958,63,49.609485
Shape_Route_114,22.2152,-97.85969,64,49.621038
Shape_Route_114,22.21836,-97.85801,65,50.011392
Shape_Route_114,22.22066,-97.86327,66,50.610399
Shape_Route_114,22.22223,-97.86327,67,50.784211
Shape_Route_114,22.2235,-97.86344,68,50.925897
Shape_Route_114,22.23498,-97.86793,69,52.27846
Shape_Route_114,22.23913,-97.86969,70,52.772411
Shape_Route_114,22.23985,-97.86763,71,52.999192
Shape_Route_114,22.24086,-97.86801,72,53.117668
Shape_Route_114,22.24124,-97.86688,73,53.241494
Shape_Route_114,22.2413,-97.8663,74,53.301638
Shape_Route_114,22.24758,-97.86647,75,53.997105
Shape_Route_114,22.24992,-97.86604,76,54.259925
Shape_Route_114,22.25075,-97.86331,77,54.555893
Shape_Route_114,22.25278,-97.86329,78,54.78064
Shape_Route_114,22.25314,-97.8648,79,54.941275
Shape_Route_114,22.25516,-97.86471,80,55.165098
Shape_Route_114,22.25719,-97.86404,81,55.400202
Shape_Route_114,22.25923,-97.86288,82,55.655732
Shape_Route_114,22.26328,-97.8605,83,56.166794
Shape_Route_114,22.26694,-97.85939,84,56.587821
Shape_Route_114,22.27552,-97.85634,85,57.588341
Shape_Route_114,22.28084,-97.86265,86,58.465604
Shape_Route_114,22.28453,-97.86531,87,58.957535
Shape_Route_114,22.28961,-97.87301,88,59.929983
Shape_Route_114,22.29118,-97.87331,89,60.106522
Shape_Route_114,22.3044,-97.88155,90,61.798455
Shape_Route_114,22.30569,-97.88185,91,61.944575
Shape_Route_114,22.33118,-97.87398,92,64.880666
Shape_Route_114,22.33523,-97.87319,93,65.33636
Shape_Route_114,22.3446,-97.87591,94,66.410862
Shape_Route_114,22.34617,-97.87664,95,66.600237
Shape_Route_114,22.34952,-97.88005,96,67.110994
Shape_Route_114,22.35117,-97.88351,97,67.511408
Shape_Route_114,22.35422,-97.88724,98,68.022839
Shape_Route_114,22.37482,-97.90683,99,71.067548
Shape_Route_114,22.38661,-97.91874,100,72.858455
Shape_Route_114,22.38752,-97.9208,101,73.093252
Shape_Route_114,22.38879,-97.92198,102,73.279066
Shape_Route_114,22.39002,-97.92273,103,73.435605
Shape_Route_114,22.39036,-97.92342,104,73.515998
Shape_Route_114,22.39064,-97.92451,105,73.632418
Shape_Route_114,22.39188,-97.92981,106,74.195062
Shape_Route_114,22.39431,-97.93213,107,74.554808
Shape_Route_114,22.39534,-97.93342,108,74.729849
Shape_Route_114,22.39629,-97.93769,109,75.18184
Shape_Route_114,22.39702,-97.93801,110,75.269113
Shape_Route_114,22.40561,-97.93719,111,76.223832
Shape_Route_114,22.41502,-97.94112,112,77.341382
Shape_Route_114,22.41809,-97.94249,113,77.709349
Shape_Route_114,22.41964,-97.94301,114,77.8891
Shape_Route_114,22.42329,-97.9456,115,78.373197
Shape_Route_114,22.42466,-97.94696,116,78.57959
Shape_Route_114,22.44167,-97.9706,117,81.656231
Shape_Route_114,22.44239,-97.97122,118,81.758333
Shape_Route_114,22.47065,-97.99092,119,85.486255
Shape_Route_114,22.47188,-97.99197,120,85.660075
Shape_Route_114,22.47993,-98.01045,121,87.759911
Shape_Route_114,22.4901,-98.03395,122,90.426873
Shape_Route_114,22.50221,-98.07231,123,94.594484
Shape_Route_114,22.50213,-98.07439,124,94.808626
Shape_Route_114,22.51652,-98.07218,125,96.417813
Shape_Route_114,22.52374,-98.07117,126,97.223829
Shape_Route_114,22.54324,-98.06826,127,99.403237
Shape_Route_114A,22.5432,-98.06821,1,0.0
Shape_Route_114A,22.50213,-98.07441,2,4.591177
Shape_Route_114A,22.50221,-98.07231,3,4.807375
Shape_Route_114A,22.4901,-98.03395,4,8.974986
Shape_Route_114A,22.47993,-98.01045,5,11.641947
Shape_Route_114A,22.47188,-97.99197,6,13.741783
Shape_Route_114A,22.47065,-97.99092,7,13.915604
Shape_Route_114A,22.44239,-97.97122,8,17.643526
Shape_Route_114A,22.44167,-97.9706,9,17.745627
Shape_Route_114A,22.42466,-97.94696,10,20.822268
Shape_Route_114A,22.42329,-97.9456,11,21.028661
Shape_Route_114A,22.41964,-97.94301,12,21.512759
Shape_Route_114A,22.41809,-97.94249,13,21.692509
Shape_Route_114A,22.41502,-97.94112,14,22.060476
Shape_Route_114A,22.40561,-97.93719,15,23.178026
Shape_Route_114A,22.39702,-97.93801,16,24.132745
Shape_Route_114A,22.39629,-97.93769,17,24.220018
Shape_Route_114A,22.39534,-97.93342,18,24.672009
Shape_Route_114A,22.39431,-97.93213,19,24.84705
Shape_Route_114A,22.39188,-97.92981,20,25.206797
Shape_Route_114A,22.39064,-97.92451,21,25.76944
Shape_Route_114A,22.39036,-97.92342,22,25.88586
Shape_Route_114A,22.39002,-97.92273,23,25.966253
Shape_Route_114A,22.38879,-97.92198,24,26.122792
Shape_Route_114A,22.38752,-97.9208,25,26.308606
Shape_Route_114A,22.38661,-97.91874,26,26.543403
Shape_Route_114A,22.37482,-97.90683,27,28.33431
Shape_Route_114A,22.35422,-97.88724,28,31.379019
Shape_Route_114A,22.35117,-97.88351,29,31.89045
Shape_Route_114A,22.34952,-97.88005,30,32.290864
Shape_Route_114A,22.34617,-97.87664,31,32.801621
Shape_Route_114A,22.3446,-97.87591,32,32.990996
Shape_Route_114A,22.33523,-97.87319,33,34.065499
Shape_Route_114A,22.33118,-97.87398,34,34.521193
Shape_Route_114A,22.30569,-97.88185,35,37.457284
Shape_Route_114A,22.3044,-97.88155,36,37.603403
Shape_Route_114A,22.29118,-97.87331,37,39.295336
Shape_Route_114A,22.28918,-97.87306,38,39.518246
Shape_Route_114A,22.28761,-97.87306,39,39.692058
Shape_Route_114A,22.28479,-97.87409,40,40.021798
Shape_Route_114A,22.28213,-97.87293,41,40.339611
Shape_Route_114A,22.27959,-97.87306,42,40.621129
Shape_Route_114A,22.27786,-97.87321,43,40.813277
Shape_Route_114A,22.27286,-97.87466,44,41.386626
Shape_Route_114A,22.27049,-97.87389,45,41.660737
Shape_Route_114A,22.2672,-97.87378,46,42.025143
Shape_Route_114A,22.26531,-97.87451,47,42.247492
Shape_Route_114A,22.25739,-97.8766,48,43.150362
Shape_Route_114A,22.25512,-97.87647,49,43.402025
Shape_Route_114A,22.25369,-97.87612,50,43.564394
Shape_Route_114A,22.24779,-97.87391,51,44.256138
Shape_Route_114A,22.2464,-97.87303,52,44.434758
Shape_Route_114A,22.2235,-97.86344,53,47.155832
Shape_Route_114A,22.22223,-97.86327,54,47.297519
Shape_Route_114A,22.22062,-97.86327,55,47.475759
Shape_Route_114A,22.21838,-97.85799,56,48.073848
Shape_Route_114A,22.21518,-97.85958,57,48.46419
Shape_Route_114A,22.21484,-97.85879,58,48.553903
Shape_Route_114A,22.21566,-97.85842,59,48.65237
Shape_Route_114A,22.21748,-97.86263,60,49.130835
Shape_Route_114A,22.21572,-97.86344,61,49.342816
Shape_Route_114A,22.21486,-97.86097,62,49.614647
Shape_Route_114A,22.21874,-97.85892,63,50.093358
Shape_Route_114A,22.22062,-97.86327,64,50.5877
Shape_Route_114A,22.22223,-97.86327,65,50.76594
Shape_Route_114A,22.2235,-97.86344,66,50.907626
Shape_Route_114A,22.22738,-97.86501,67,51.366645
Shape_Route_114A,22.22978,-97.86409,68,51.648758
Shape_Route_114A,22.23461,-97.86537,69,52.199512
Shape_Route_114A,22.2381,-97.86647,70,52.602172
Shape_Route_114A,22.24275,-97.86705,71,53.120423
Shape_Route_114A,22.24446,-97.86694,72,53.310073
Shape_Route_114A,22.24706,-97.86765,73,53.607068
Shape_Route_114A,22.24944,-97.8673,74,53.873011
Shape_Route_114A,22.25123,-97.86673,75,54.079701
Shape_Route_114A,22.25453,-97.86477,76,54.497157
Shape_Route_114A,22.2559,-97.86456,77,54.650363
Shape_Route_114A,22.25741,-97.86389,78,54.83123
Shape_Route_114A,22.26328,-97.86055,79,55.566605
Shape_Route_114A,22.2669,-97.85941,80,55.984232
Shape_Route_114A,22.27017,-97.85842,81,56.360347
Shape_Route_114A,22.27552,-97.8563,82,56.991637
Shape_Route_114A,22.281,-97.86273,83,57.889968
Shape_Route_114A,22.28489,-97.86591,84,58.431091
Shape_Route_114A,22.28846,-97.87089,85,59.078752
Shape_Route_114A,22.28953,-97.87303,86,59.329038
Shape_Route_114A,22.29118,-97.87331,87,59.513971
Shape_Route_114A,22.3044,-97.88155,88,61.205904
Shape_Route_114A,22.30569,-97.88185,89,61.352023
Shape_Route_114A,22.33118,-97.87398,90,64.288114
Shape_Route_114A,22.33523,-97.87319,91,64.743808
Shape_Route_114A,22.3446,-97.87591,92,65.81831
Shape_Route_114A,22.34617,-97.87664,93,66.007686
Shape_Route_114A,22.34952,-97.88005,94,66.518443
Shape_Route_114A,22.35117,-97.88351,95,66.918857
Shape_Route_114A,22.35422,-97.88724,96,67.430287
Shape_Route_114A,22.37482,-97.90683,97,70.474997
Shape_Route_114A,22.38661,-97.91874,98,72.265904
Shape_Route_114A,22.38752,-97.9208,99,72.500701
Shape_Route_114A,22.38879,-97.92198,100,72.686514
Shape_Route_114A,22.39002,-97.92273,101,72.843054
Shape_Route_114A,22.39036,-97.92342,102,72.923447
Shape_Route_114A,22.39064,-97.92451,103,73.039867
Shape_Route_114A,22.39188,-97.92981,104,73.60251
Shape_Route_114A,22.39431,-97.93213,105,73.962257
Shape_Route_114A,22.39534,-97.93342,106,74.137297
Shape_Route_114A,22.39629,-97.93769,107,74.589288
Shape_Route_114A,22.39702,-97.93801,108,74.676561
Shape_Route_114A,22.40561,-97.93719,109,75.63128
Shape_Route_114A,22.41502,-97.94112,110,76.748831
Shape_Route_114A,22.41809,-97.94249,111,77.116797
Shape_Route_114A,22.41964,-97.94301,112,77.296548
Shape_Route_114A,22.42329,-97.9456,113,77.780646
Shape_Route_114A,22.42466,-97.94696,114,77.987039
Shape_Route_114A,22.44167,-97.9706,115,81.063679
Shape_Route_114A,22.44239,-97.97122,116,81.165781
Shape_Route_114A,22.47065,-97.99092,117,84.893703
Shape_Route_114A,22.47188,-97.99197,118,85.067524
Shape_Route_114A,22.47993,-98.01045,119,87.16736
Shape_Route_114A,22.4901,-98.03395,120,89.834321
Shape_Route_114A,22.50225,-98.0725,121,94.021863
Shape_Route_114A,22.50217,-98.07461,122,94.239089
Shape_Route_114A,22.52271,-98.07132,123,96.53802
Shape_Route_114A,22.54326,-98.06826,124,98.834686
Shape_Route_115,22.39347,-97.93375,1,0.0
Shape_Route_115,22.39525,-97.93341,2,0.200144
Shape_Route_115,22.39392,-97.9319,3,0.41426
Shape_Route_115,22.39188,-97.92979,4,0.727615
Shape_Route_115,22.39144,-97.92849,5,0.87004
Shape_Route_115,22.39059,-97.92437,6,1.304511
Shape_Route_115,22.39041,-97.92355,7,1.391251
Shape_Route_115,22.38986,-97.9226,8,1.50646
Shape_Route_115,22.38883,-97.92198,9,1.63714
Shape_Route_115,22.38779,-97.92106,10,1.786229
Shape_Route_115,22.38703,-97.91987,11,1.934853
Shape_Route_115,22.38671,-97.91895,12,2.03598
Shape_Route_115,22.38322,-97.91538,13,2.56925
Shape_Route_115,22.38333,-97.91522,14,2.589736
Shape_Route_115,22.38348,-97.91522,15,2.606342
Shape_Route_115,22.38369,-97.91471,16,2.663767
Shape_Route_115,22.38459,-97.91426,17,2.773649
Shape_Route_115,22.3865,-97.9133,18,3.007061
Shape_Route_115,22.38723,-97.91247,19,3.124677
Shape_Route_115,22.38913,-97.91416,20,3.397658
Shape_Route_115,22.39006,-97.91448,21,3.505759
Shape_Route_115,22.39069,-97.9145,22,3.575535
Shape_Route_115,22.39289,-97.91418,23,3.821312
Shape_Route_115,22.3922,-97.91151,24,4.106606
Shape_Route_115,22.39545,-97.91102,25,4.469928
Shape_Route_115,22.39565,-97.91224,26,4.597461
Shape_Route_115,22.39879,-97.9118,27,4.948025
Shape_Route_115,22.39853,-97.91006,28,5.129449
Shape_Route_115,22.39535,-97.91057,29,5.485395
Shape_Route_115,22.3942,-97.91075,30,5.614052
Shape_Route_115,22.39337,-97.91053,31,5.70869
Shape_Route_115,22.39225,-97.90969,32,5.859862
Shape_Route_115,22.39052,-97.91177,33,6.147155
Shape_Route_115,22.38927,-97.91051,34,6.336833
Shape_Route_115,22.3894,-97.9099,35,6.401262
Shape_Route_115,22.3921,-97.90669,36,6.846866
Shape_Route_115,22.39541,-97.90272,37,7.395798
Shape_Route_115,22.39634,-97.90164,38,7.547332
Shape_Route_115,22.39676,-97.90098,39,7.629664
Shape_Route_115,22.39698,-97.90007,40,7.726461
Shape_Route_115,22.39689,-97.89878,41,7.859636
Shape_Route_115,22.39552,-97.89348,42,8.42595
Shape_Route_115,22.39563,-97.88805,43,8.985094
Shape_Route_115,22.39591,-97.88389,44,9.414481
Shape_Route_115,22.39212,-97.88441,45,9.837471
Shape_Route_115,22.39113,-97.88488,46,9.957279
Shape_Route_115,22.38994,-97.88507,47,10.090467
Shape_Route_115,22.38689,-97.88417,48,10.440613
Shape_Route_115,22.38341,-97.88473,49,10.830171
Shape_Route_115,22.38298,-97.88402,50,10.917406
Shape_Route_115,22.37564,-97.88492,51,11.735278
Shape_Route_115,22.3752,-97.88454,52,11.797758
Shape_Route_115,22.37359,-97.87273,53,13.026764
Shape_Route_115,22.3721,-97.87325,54,13.200193
Shape_Route_115,22.37125,-97.87357,55,13.299898
Shape_Route_115,22.37046,-97.8746,56,13.437365
Shape_Route_115,22.37115,-97.87557,57,13.563107
Shape_Route_115,22.37254,-97.8766,58,13.75
Shape_Route_115,22.37278,-97.87855,59,13.952534
Shape_Route_115,22.37392,-97.87984,60,14.135758
Shape_Route_115,22.37176,-97.88222,61,14.478158
Shape_Route_115,22.37117,-97.88278,62,14.565286
Shape_Route_115,22.37017,-97.88398,63,14.731189
Shape_Route_115,22.37134,-97.88509,64,14.903934
Shape_Route_115,22.37153,-97.88547,65,14.948357
Shape_Route_115,22.37123,-97.88569,66,14.98856
Shape_Route_115,22.36819,-97.88597,67,15.326348
Shape_Route_115,22.36771,-97.8864,68,15.395516
Shape_Route_115,22.36736,-97.88698,69,15.466708
Shape_Route_115,22.36179,-97.88776,70,16.088565
Shape_Route_115,22.36119,-97.88273,71,16.610766
Shape_Route_115,22.36325,-97.8825,72,16.840053
Shape_Route_115,22.36474,-97.88328,73,17.023524
Shape_Route_115,22.36485,-97.88312,74,17.044011
Shape_Route_115,22.36539,-97.88346,75,17.113291
Shape_Route_115,22.36628,-97.88195,76,17.297368
Shape_Route_115,22.36747,-97.8828,77,17.455536
Shape_Route_115,22.36917,-97.88004,78,17.796399
Shape_Route_115,22.36953,-97.87942,79,17.871659
Shape_Route_115,22.3681,-97.87807,80,18.08234
Shape_Route_115,22.36983,-97.87563,81,18.398261
Shape_Route_115,22.36955,-97.87538,82,18.438555
Shape_Route_115,22.3706,-97.8739,83,18.630222
Shape_Route_115,22.36943,-97.87291,84,18.795053
Shape_Route_115,22.36743,-97.87577,85,19.163498
Shape_Route_115,22.36492,-97.87373,86,19.511842
Shape_Route_115,22.36416,-97.87478,87,19.648843
Shape_Route_115,22.36772,-97.87826,88,20.181517
Shape_Route_115,22.36416,-97.87478,89,20.714191
Shape_Route_115,22.36492,-97.87373,90,20.851192
Shape_Route_115,22.36743,-97.87577,91,21.199535
Shape_Route_115,22.36943,-97.87291,92,21.56798
Shape_Route_115,22.3706,-97.8739,93,21.732812
Shape_Route_115,22.36955,-97.87538,94,21.924479
Shape_Route_115,22.36983,-97.87563,95,21.964773
Shape_Route_115,22.3681,-97.87807,96,22.280694
Shape_Route_115,22.36953,-97.87942,97,22.491375
Shape_Route_115,22.36917,-97.88004,98,22.566635
Shape_Route_115,22.36747,-97.8828,99,22.907498
Shape_Route_115,22.36628,-97.88195,100,23.065666
Shape_Route_115,22.36539,-97.88346,101,23.249742
Shape_Route_115,22.36485,-97.88312,102,23.319022
Shape_Route_115,22.36474,-97.88328,103,23.33951
Shape_Route_115,22.36325,-97.8825,104,23.522981
Shape_Route_115,22.36119,-97.88273,105,23.752268
Shape_Route_115,22.36179,-97.88776,106,24.274469
Shape_Route_115,22.36736,-97.88698,107,24.896326
Shape_Route_115,22.36771,-97.8864,108,24.967517
Shape_Route_115,22.36819,-97.88597,109,25.036686
Shape_Route_115,22.37123,-97.88569,110,25.374474
Shape_Route_115,22.37153,-97.88547,111,25.414677
Shape_Route_115,22.37134,-97.88509,112,25.4591
Shape_Route_115,22.37017,-97.88398,113,25.631845
Shape_Route_115,22.37117,-97.88278,114,25.797748
Shape_Route_115,22.37176,-97.88222,115,25.884876
Shape_Route_115,22.37392,-97.87984,116,26.227276
Shape_Route_115,22.37278,-97.87855,117,26.4105
Shape_Route_115,22.37254,-97.8766,118,26.613034
Shape_Route_115,22.37115,-97.87557,119,26.799927
Shape_Route_115,22.37046,-97.8746,120,26.925669
Shape_Route_115,22.37125,-97.87357,121,27.063136
Shape_Route_115,22.3721,-97.87325,122,27.162841
Shape_Route_115,22.37359,-97.87273,123,27.33627
Shape_Route_115,22.3752,-97.88454,124,28.565276
Shape_Route_115,22.37564,-97.88492,125,28.627756
Shape_Route_115,22.38298,-97.88402,126,29.445628
Shape_Route_115,22.38341,-97.88473,127,29.532862
Shape_Route_115,22.38689,-97.88417,128,29.922421
Shape_Route_115,22.38994,-97.88507,129,30.272567
Shape_Route_115,22.39113,-97.88488,130,30.405755
Shape_Route_115,22.39212,-97.88441,131,30.525563
Shape_Route_115,22.39591,-97.88389,132,30.948553
Shape_Route_115,22.39563,-97.88805,133,31.37794
Shape_Route_115,22.39552,-97.89348,134,31.937084
Shape_Route_115,22.39689,-97.89878,135,32.503398
Shape_Route_115,22.39698,-97.90007,136,32.636573
Shape_Route_115,22.39676,-97.90098,137,32.73337
Shape_Route_115,22.39634,-97.90164,138,32.815702
Shape_Route_115,22.39541,-97.90272,139,32.967236
Shape_Route_115,22.3921,-97.90669,140,33.516168
Shape_Route_115,22.3894,-97.9099,141,33.961772
Shape_Route_115,22.38927,-97.91051,142,34.026201
Shape_Route_115,22.39052,-97.91177,143,34.215879
Shape_Route_115,22.39225,-97.90969,144,34.503172
Shape_Route_115,22.39337,-97.91053,145,34.654344
Shape_Route_115,22.3942,-97.91075,146,34.748982
Shape_Route_115,22.39535,-97.91057,147,34.877639
Shape_Route_115,22.39853,-97.91006,148,35.233585
Shape_Route_115,22.39879,-97.9118,149,35.415009
Shape_Route_115,22.39565,-97.91224,150,35.765573
Shape_Route_115,22.39545,-97.91102,151,35.893106
Shape_Route_115,22.3922,-97.91151,152,36.256428
Shape_Route_115,22.39289,-97.91418,153,36.541722
Shape_Route_115,22.39069,-97.9145,154,36.787498
Shape_Route_115,22.39006,-97.91448,155,36.857275
Shape_Route_115,22.38913,-97.91416,156,36.965376
Shape_Route_115,22.38723,-97.91247,157,37.238357
Shape_Route_115,22.3865,-97.9133,158,37.355973
Shape_Route_115,22.38459,-97.91426,159,37.589385
Shape_Route_115,22.38369,-97.91471,160,37.699267
Shape_Route_115,22.38348,-97.91522,161,37.756692
Shape_Route_115,22.38333,-97.91522,162,37.773298
Shape_Route_115,22.38322,-97.91538,163,37.793784
Shape_Route_115,22.38671,-97.91895,164,38.327054
Shape_Route_115,22.38703,-97.91987,165,38.428181
Shape_Route_115,22.38779,-97.92106,166,38.576805
Shape_Route_115,22.38883,-97.92198,167,38.725894
Shape_Route_115,22.38986,-97.9226,168,38.856573
Shape_Route_115,22.39041,-97.92355,169,38.971783
Shape_Route_115,22.39059,-97.92437,170,39.058523
Shape_Route_115,22.39144,-97.92849,171,39.492994
Shape_Route_115,22.39188,-97.92979,172,39.635419
Shape_Route_115,22.39392,-97.9319,173,39.948774
Shape_Route_115,22.39525,-97.93331,174,40.155536
Shape_Route_115,22.39557,-97.93428,175,40.261493
Shape_Route_115,22.39364,-97.93464,176,40.47835
Shape_Route_115,22.39348,-97.93376,177,40.57066
Shape_Route_116,22.39214,-97.94817,1,0.0
Shape_Route_116,22.39202,-97.94642,2,0.180651
Shape_Route_116,22.39058,-97.94657,3,0.340816
Shape_Route_116,22.3904,-97.94407,4,0.598963
Shape_Route_116,22.39072,-97.94397,5,0.635855
Shape_Route_116,22.39083,-97.9432,6,0.716057
Shape_Route_116,22.3906,-97.94159,7,0.883752
Shape_Route_116,22.3947,-97.94108,8,1.34068
Shape_Route_116,22.39603,-97.9409,9,1.489083
Shape_Route_116,22.39757,-97.9407,10,1.660811
Shape_Route_116,22.39835,-97.9408,11,1.747774
Shape_Route_116,22.40075,-97.9404,12,2.016645
Shape_Route_116,22.40195,-97.94021,13,2.150926
Shape_Route_116,22.39933,-97.94063,14,2.444185
Shape_Route_116,22.39901,-97.9378,15,2.737665
Shape_Route_116,22.40583,-97.9373,16,3.494444
Shape_Route_116,22.4166,-97.94196,17,4.77964
Shape_Route_116,22.4167,-97.9417,18,4.808602
Shape_Route_116,22.40867,-97.93822,19,5.767043
Shape_Route_116,22.41063,-97.93443,20,6.213458
Shape_Route_116,22.41226,-97.93155,21,6.560516
Shape_Route_116,22.41345,-97.93376,22,6.823396
Shape_Route_116,22.41436,-97.93367,23,6.924565
Shape_Route_116,22.41446,-97.93387,24,6.94794
Shape_Route_116,22.41551,-97.93378,25,7.064552
Shape_Route_116,22.41565,-97.93496,26,7.186997
Shape_Route_116,22.41861,-97.93447,27,7.518552
Shape_Route_116,22.4191,-97.93479,28,7.582016
Shape_Route_116,22.42706,-97.93352,29,8.472895
Shape_Route_116,22.42567,-97.93082,30,8.790554
Shape_Route_116,22.42501,-97.92511,31,9.382784
Shape_Route_116,22.41623,-97.92646,32,10.364686
Shape_Route_116,22.41605,-97.92435,33,10.582786
Shape_Route_116,22.41545,-97.9208,34,10.954186
Shape_Route_116,22.41212,-97.92128,35,11.326142
Shape_Route_116,22.41227,-97.92229,36,11.431424
Shape_Route_116,22.40938,-97.92271,37,11.75428
Shape_Route_116,22.40926,-97.9217,38,11.859092
Shape_Route_116,22.40136,-97.92278,39,12.740726
Shape_Route_116,22.40032,-97.92291,40,12.856637
Shape_Route_116,22.39949,-97.92312,41,12.951034
Shape_Route_116,22.39735,-97.92912,42,13.612585
Shape_Route_116,22.39411,-97.93202,43,14.079266
Shape_Route_116,22.39198,-97.9299,44,14.400575
Shape_Route_116,22.39165,-97.93033,45,14.457972
Shape_Route_116,22.39355,-97.94119,46,15.59562
Shape_Route_116,22.3906,-97.94159,47,15.924793
Shape_Route_116,22.39083,-97.9432,48,16.092488
Shape_Route_116,22.39072,-97.94397,49,16.17269
Shape_Route_116,22.3904,-97.94407,50,16.209582
Shape_Route_116,22.39058,-97.94657,51,16.46773
Shape_Route_116,22.39105,-97.94151,52,16.991252
Shape_Route_116,22.3906,-97.94159,53,17.041747
Shape_Route_116,22.39225,-97.94133,54,17.226365
Shape_Route_116,22.39171,-97.937,55,17.676129
Shape_Route_116,22.39139,-97.93363,56,18.024876
Shape_Route_116,22.39206,-97.93314,57,18.114578
Shape_Route_116,22.39165,-97.93033,58,18.407408
Shape_Route_116,22.39198,-97.9299,59,18.464805
Shape_Route_116,22.39411,-97.93202,60,18.786114
Shape_Route_116,22.39735,-97.92912,61,19.252796
Shape_Route_116,22.39949,-97.92312,62,19.914346
Shape_Route_116,22.40032,-97.92291,63,20.008743
Shape_Route_116,22.40136,-97.92278,64,20.124655
Shape_Route_116,22.40926,-97.9217,65,21.006288
Shape_Route_116,22.40938,-97.92271,66,21.111101
Shape_Route_116,22.41227,-97.92229,67,21.433956
Shape_Route_116,22.41212,-97.92128,68,21.539239
Shape_Route_116,22.41545,-97.9208,69,21.911194
Shape_Route_116,22.41605,-97.92435,70,22.282594
Shape_Route_116,22.41623,-97.92646,71,22.500694
Shape_Route_116,22.42501,-97.92511,72,23.482596
Shape_Route_116,22.42567,-97.93082,73,24.074826
Shape_Route_116,22.42706,-97.93352,74,24.392485
Shape_Route_116,22.4191,-97.93479,75,25.283365
Shape_Route_116,22.41861,-97.93447,76,25.346828
Shape_Route_116,22.41565,-97.93496,77,25.678383
Shape_Route_116,22.41551,-97.93378,78,25.800828
Shape_Route_116,22.41446,-97.93387,79,25.91744
Shape_Route_116,22.41436,-97.93367,80,25.940815
Shape_Route_116,22.41345,-97.93376,81,26.041984
Shape_Route_116,22.41226,-97.93155,82,26.304865
Shape_Route_116,22.41063,-97.93443,83,26.651923
Shape_Route_116,22.40867,-97.93822,84,27.098337
Shape_Route_116,22.4167,-97.9417,85,28.056778
Shape_Route_116,22.4166,-97.94196,86,28.08574
Shape_Route_116,22.40583,-97.9373,87,29.370936
Shape_Route_116,22.39901,-97.9378,88,30.127716
Shape_Route_116,22.39933,-97.94063,89,30.421195
Shape_Route_116,22.40195,-97.94021,90,30.714454
Shape_Route_116,22.40075,-97.9404,91,30.848736
Shape_Route_116,22.39835,-97.9408,92,31.117606
Shape_Route_116,22.39757,-97.9407,93,31.204569
Shape_Route_116,22.39603,-97.9409,94,31.376298
Shape_Route_116,22.3947,-97.94108,95,31.5247
Shape_Route_116,22.39265,-97.9414,96,31.754029
Shape_Route_116,22.3906,-97.94159,97,31.981821
Shape_Route_116,22.39,-97.94172,98,32.049581
Shape_Route_116,22.38905,-97.94189,99,32.156199
Shape_Route_116,22.38675,-97.94215,100,32.412229
Shape_Route_116,22.38726,-97.94705,101,32.919851
Shape_Route_116,22.38778,-97.95022,102,33.25125
Shape_Route_116,22.3903,-97.95153,103,33.561122
Shape_Route_116,22.39228,-97.94998,104,33.832253
Shape_Route_118,22.36914,-97.87267,1,0.0
Shape_Route_118,22.37028,-97.87367,2,0.162884
Shape_Route_118,22.36729,-97.87786,3,0.706681
Shape_Route_118,22.36776,-97.8783,4,0.775674
Shape_Route_118,22.36475,-97.88326,5,1.385506
Shape_Route_118,22.36324,-97.88252,6,1.569224
Shape_Route_118,22.36119,-97.88278,7,1.797751
Shape_Route_118,22.36106,-97.88178,8,1.901727
Shape_Route_118,22.35891,-97.88208,9,2.141747
Shape_Route_118,22.35898,-97.88243,10,2.178613
Shape_Route_118,22.35424,-97.88722,11,2.898808
Shape_Route_118,22.35139,-97.88364,12,3.38406
Shape_Route_118,22.34988,-97.88093,13,3.709379
Shape_Route_118,22.34845,-97.87891,14,3.970795
Shape_Route_118,22.34658,-97.87698,15,4.257788
Shape_Route_118,22.34426,-97.87576,16,4.543717
Shape_Route_118,22.33976,-97.87437,17,5.062067
Shape_Route_118,22.33575,-97.87323,18,5.521274
Shape_Route_118,22.33344,-97.87346,19,5.778106
Shape_Route_118,22.33114,-97.87391,20,6.03692
Shape_Route_118,22.32713,-97.87522,21,6.500914
Shape_Route_118,22.32352,-97.87638,22,6.91805
Shape_Route_118,22.31745,-97.87823,23,7.616548
Shape_Route_118,22.31415,-97.8793,24,7.998149
Shape_Route_118,22.31058,-97.88042,25,8.409873
Shape_Route_118,22.30839,-97.88114,26,8.663416
Shape_Route_118,22.30673,-97.88162,27,8.853727
Shape_Route_118,22.30577,-97.88175,28,8.960848
Shape_Route_118,22.30486,-97.8817,29,9.061724
Shape_Route_118,22.30149,-97.87977,30,9.484482
Shape_Route_118,22.29966,-97.87864,31,9.718141
Shape_Route_118,22.29628,-97.87651,32,10.15193
Shape_Route_118,22.29111,-97.87333,33,10.811423
Shape_Route_118,22.28973,-97.87304,34,10.967094
Shape_Route_118,22.28904,-97.87216,35,11.085649
Shape_Route_118,22.28827,-97.87071,36,11.25765
Shape_Route_118,22.28747,-97.86964,37,11.399061
Shape_Route_118,22.28752,-97.86948,38,11.41645
Shape_Route_118,22.28832,-97.87054,39,11.557059
Shape_Route_118,22.28896,-97.87112,40,11.649747
Shape_Route_118,22.28989,-97.87224,41,11.804393
Shape_Route_118,22.29111,-97.87333,42,11.980044
Shape_Route_118,22.29648,-97.87675,43,12.671116
Shape_Route_118,22.29966,-97.87864,44,13.073425
Shape_Route_118,22.30174,-97.87994,45,13.339811
Shape_Route_118,22.30486,-97.8817,46,13.729915
Shape_Route_118,22.30579,-97.88183,47,13.833741
Shape_Route_118,22.30673,-97.88162,48,13.940031
Shape_Route_118,22.30974,-97.88067,49,14.287336
Shape_Route_118,22.31332,-97.87949,50,14.701893
Shape_Route_118,22.31759,-97.87823,51,15.192112
Shape_Route_118,22.32352,-97.87642,52,15.874574
Shape_Route_118,22.32912,-97.8746,53,16.522264
Shape_Route_118,22.33114,-97.87391,54,16.756917
Shape_Route_118,22.33575,-97.87323,55,17.272068
Shape_Route_118,22.34426,-97.87576,56,18.24957
Shape_Route_118,22.34658,-97.87698,57,18.535499
Shape_Route_118,22.34988,-97.88093,58,19.08226
Shape_Route_118,22.35139,-97.88364,59,19.407579
Shape_Route_118,22.35424,-97.88722,60,19.892832
Shape_Route_118,22.35898,-97.88243,61,20.613027
Shape_Route_118,22.35891,-97.88208,62,20.649892
Shape_Route_118,22.36106,-97.88178,63,20.889913
Shape_Route_118,22.36119,-97.88278,64,20.993888
Shape_Route_118,22.36324,-97.88252,65,21.222415
Shape_Route_118,22.36475,-97.88326,66,21.406133
Shape_Route_118,22.36776,-97.8783,67,22.015965
Shape_Route_118,22.36729,-97.87786,68,22.084959
Shape_Route_118,22.36416,-97.87484,69,22.550556
Shape_Route_118,22.36493,-97.87374,70,22.692319
Shape_Route_118,22.36717,-97.87558,71,23.004402
Shape_Route_118,22.36919,-97.87271,72,23.375003
Shape_Route_118,22.37028,-97.87367,73,23.530994
Shape_Route_117,22.39762,-97.93582,1,0.0
Shape_Route_117,22.39587,-97.93616,2,0.196875
Shape_Route_117,22.39558,-97.93417,3,0.404241
Shape_Route_117,22.39525,-97.9333,4,0.500969
Shape_Route_117,22.39194,-97.92985,5,1.011292
Shape_Route_117,22.39164,-97.92939,6,1.069135
Shape_Route_117,22.39071,-97.92469,7,1.563836
Shape_Route_117,22.39047,-97.92378,8,1.661217
Shape_Route_117,22.39023,-97.923,9,1.745801
Shape_Route_117,22.38965,-97.92239,10,1.835617
Shape_Route_117,22.3886,-97.92187,11,1.963596
Shape_Route_117,22.38759,-97.92078,12,2.122012
Shape_Route_117,22.38659,-97.91885,13,2.349473
Shape_Route_117,22.38319,-97.9154,14,2.867014
Shape_Route_117,22.38332,-97.91522,15,2.890478
Shape_Route_117,22.38353,-97.91495,16,2.926717
Shape_Route_117,22.38574,-97.9137,17,3.203165
Shape_Route_117,22.3873,-97.91228,18,3.42944
Shape_Route_117,22.38564,-97.91062,19,3.680402
Shape_Route_117,22.38514,-97.90998,20,3.766459
Shape_Route_117,22.388,-97.90658,21,4.23846
Shape_Route_117,22.38946,-97.90692,22,4.403841
Shape_Route_117,22.39061,-97.90704,23,4.531754
Shape_Route_117,22.39061,-97.90725,24,4.553374
Shape_Route_117,22.39139,-97.90746,25,4.642392
Shape_Route_117,22.3964,-97.90162,26,5.460383
Shape_Route_117,22.39685,-97.90068,27,5.569225
Shape_Route_117,22.39701,-97.89979,28,5.662544
Shape_Route_117,22.39688,-97.89875,29,5.770573
Shape_Route_117,22.39548,-97.89344,30,6.338775
Shape_Route_117,22.39561,-97.88814,31,6.884593
Shape_Route_117,22.39591,-97.88387,32,7.325437
Shape_Route_117,22.39214,-97.88436,33,7.745849
Shape_Route_117,22.39137,-97.88481,34,7.842871
Shape_Route_117,22.39002,-97.88505,35,7.994357
Shape_Route_117,22.38724,-97.88421,36,8.314048
Shape_Route_117,22.38607,-97.88385,37,8.448776
Shape_Route_117,22.38546,-97.87836,38,9.018026
Shape_Route_117,22.38585,-97.8784,39,9.061399
Shape_Route_117,22.38657,-97.88398,40,9.641396
Shape_Route_117,22.38585,-97.8784,41,10.221394
Shape_Route_117,22.38546,-97.87836,42,10.264766
Shape_Route_117,22.38607,-97.88385,43,10.834016
Shape_Route_117,22.38724,-97.88421,44,10.968744
Shape_Route_117,22.39002,-97.88505,45,11.288436
Shape_Route_117,22.39137,-97.88481,46,11.439922
Shape_Route_117,22.39214,-97.88436,47,11.536944
Shape_Route_117,22.39591,-97.88387,48,11.957356
Shape_Route_117,22.39561,-97.88814,49,12.3982
Shape_Route_117,22.39548,-97.89344,50,12.944018
Shape_Route_117,22.39688,-97.89875,51,13.51222
Shape_Route_117,22.39701,-97.89979,52,13.620248
Shape_Route_117,22.39685,-97.90068,53,13.713568
Shape_Route_117,22.3964,-97.90162,54,13.82241
Shape_Route_117,22.39139,-97.90746,55,14.640401
Shape_Route_117,22.39075,-97.90828,56,14.750614
Shape_Route_117,22.39056,-97.90848,57,14.780049
Shape_Route_117,22.39034,-97.90874,58,14.816239
Shape_Route_117,22.38996,-97.90919,59,14.878818
Shape_Route_117,22.38934,-97.91003,60,14.989227
Shape_Route_117,22.38871,-97.9107,61,15.087322
Shape_Route_117,22.38736,-97.91233,62,15.312042
Shape_Route_117,22.38574,-97.9137,63,15.540208
Shape_Route_117,22.38353,-97.91495,64,15.816656
Shape_Route_117,22.38332,-97.91522,65,15.852895
Shape_Route_117,22.38319,-97.9154,66,15.87636
Shape_Route_117,22.38659,-97.91885,67,16.3939
Shape_Route_117,22.38759,-97.92078,68,16.621361
Shape_Route_117,22.3886,-97.92187,69,16.779778
Shape_Route_117,22.38965,-97.92239,70,16.907756
Shape_Route_117,22.39023,-97.923,71,16.997573
Shape_Route_117,22.39047,-97.92378,72,17.082156
Shape_Route_117,22.39071,-97.92469,73,17.179537
Shape_Route_117,22.39164,-97.92939,74,17.674239
Shape_Route_117,22.39194,-97.92985,75,17.732081
Shape_Route_117,22.39525,-97.9333,76,18.242404
Shape_Route_117,22.39558,-97.93417,77,18.339133
Shape_Route_117,22.39567,-97.93522,78,18.447686
Shape_Route_117,22.39745,-97.93497,79,18.646419
Shape_Route_117,22.39759,-97.93579,80,18.732246
Shape_Route_119,22.38372,-97.87866,1,0.0
Shape_Route_119,22.38582,-97.87837,2,0.234399
Shape_Route_119,22.38658,-97.88401,3,0.821135
Shape_Route_119,22.38996,-97.88507,4,1.210921
Shape_Route_119,22.39065,-97.88501,5,1.28756
Shape_Route_119,22.39216,-97.88434,6,1.468403
Shape_Route_119,22.39587,-97.88393,7,1.881298
Shape_Route_119,22.39546,-97.89348,8,2.865505
Shape_Route_119,22.38583,-97.89694,9,3.989568
Shape_Route_119,22.38194,-97.90054,10,4.557761
Shape_Route_119,22.3779,-97.90153,11,5.016492
Shape_Route_119,22.37665,-97.90189,12,5.159756
Shape_Route_119,22.3754,-97.90252,13,5.31259
Shape_Route_119,22.37353,-97.904,14,5.569652
Shape_Route_119,22.37268,-97.904,15,5.663754
Shape_Route_119,22.37194,-97.90378,16,5.748752
Shape_Route_119,22.36833,-97.9002,17,6.292451
Shape_Route_119,22.36266,-97.89483,18,7.128983
Shape_Route_119,22.35865,-97.89119,19,7.709999
Shape_Route_119,22.35409,-97.88707,20,8.369437
Shape_Route_119,22.35123,-97.88351,21,8.85385
Shape_Route_119,22.34956,-97.8802,22,9.241632
Shape_Route_119,22.34573,-97.87634,23,9.822847
Shape_Route_119,22.33648,-97.87344,24,10.88957
Shape_Route_119,22.33414,-97.87342,25,11.148637
Shape_Route_119,22.32916,-97.87471,26,11.715751
Shape_Route_119,22.32376,-97.8763,27,12.335604
Shape_Route_119,22.31753,-97.87823,28,13.053398
Shape_Route_119,22.31411,-97.87934,29,13.448908
Shape_Route_119,22.31078,-97.88037,30,13.832532
Shape_Route_119,22.30841,-97.88117,31,14.107548
Shape_Route_119,22.30587,-97.88177,32,14.39546
Shape_Route_119,22.30295,-97.88078,33,14.734434
Shape_Route_119,22.30121,-97.8796,34,14.962215
Shape_Route_119,22.29616,-97.87651,35,15.605568
Shape_Route_119,22.29124,-97.87333,36,16.241189
Shape_Route_119,22.28965,-97.87297,37,16.42108
Shape_Route_119,22.28797,-97.87037,38,16.74719
Shape_Route_119,22.28731,-97.86956,39,16.858111
Shape_Route_119,22.28745,-97.86962,40,16.874797
Shape_Route_119,22.28797,-97.8704,41,16.973652
Shape_Route_119,22.28979,-97.87192,42,17.228842
Shape_Route_119,22.29124,-97.87333,43,17.445341
Shape_Route_119,22.2962,-97.87655,44,18.086882
Shape_Route_119,22.30002,-97.87883,45,18.570639
Shape_Route_119,22.30295,-97.88078,46,18.952181
Shape_Route_119,22.3045,-97.88157,47,19.1421
Shape_Route_119,22.30587,-97.88177,48,19.295163
Shape_Route_119,22.30841,-97.88117,49,19.583075
Shape_Route_119,22.31058,-97.8805,50,19.83303
Shape_Route_119,22.31308,-97.87964,51,20.123633
Shape_Route_119,22.31753,-97.87831,52,20.63498
Shape_Route_119,22.3207,-97.87733,53,21.000156
Shape_Route_119,22.32376,-97.8763,54,21.355148
Shape_Route_119,22.32864,-97.87479,55,21.917349
Shape_Route_119,22.33414,-97.87342,56,22.542383
Shape_Route_119,22.33648,-97.87344,57,22.80145
Shape_Route_119,22.3415,-97.87497,58,23.379117
Shape_Route_119,22.34573,-97.87634,59,23.868209
Shape_Route_119,22.34956,-97.8802,60,24.449424
Shape_Route_119,22.35123,-97.88351,61,24.837206
Shape_Route_119,22.35409,-97.88707,62,25.321619
Shape_Route_119,22.36278,-97.89514,63,26.592896
Shape_Route_119,22.37194,-97.90378,64,27.941919
Shape_Route_119,22.37353,-97.904,65,28.119397
Shape_Route_119,22.3754,-97.90252,66,28.376459
Shape_Route_119,22.3779,-97.90153,67,28.671405
Shape_Route_119,22.38194,-97.90054,68,29.130135
Shape_Route_119,22.38583,-97.89694,69,29.698329
Shape_Route_119,22.39546,-97.89348,70,30.822391
Shape_Route_119,22.39587,-97.88393,71,31.806599
Shape_Route_119,22.39216,-97.88434,72,32.219494
Shape_Route_119,22.39065,-97.88501,73,32.400336
Shape_Route_119,22.38996,-97.88507,74,32.476975
Shape_Route_119,22.38658,-97.88401,75,32.866762
Shape_Route_119,22.38437,-97.88432,76,33.113502
Shape_Route_119,22.38373,-97.8787,77,33.696445
Shape_Route_FRACC,22.34021,-97.88832,1,0.0
Shape_Route_FRACC,22.34009,-97.88799,2,0.036491
Shape_Route_FRACC,22.33976,-97.88789,3,0.074449
Shape_Route_FRACC,22.33949,-97.88819,4,0.117438
Shape_Route_FRACC,22.33898,-97.88796,5,0.178667
Shape_Route_FRACC,22.33871,-97.88742,6,0.241806
Shape_Route_FRACC,22.33825,-97.88685,7,0.319522
Shape_Route_FRACC,22.33827,-97.88625,8,0.381356
Shape_Route_FRACC,22.33863,-97.8861,9,0.4241
Shape_Route_FRACC,22.33896,-97.8864,10,0.471947
Shape_Route_FRACC,22.33912,-97.8864,11,0.489661
Shape_Route_FRACC,22.33943,-97.88681,12,0.544075
Shape_Route_FRACC,22.33985,-97.8868,13,0.590584
Shape_Route_FRACC,22.34009,-97.88706,14,0.628306
Shape_Route_FRACC,22.34052,-97.88826,15,0.760745
Shape_Route_FRACC,22.34083,-97.88837,16,0.796886
Shape_Route_FRACC,22.34114,-97.8883,17,0.831955
Shape_Route_FRACC,22.34133,-97.8886,18,0.869332
Shape_Route_FRACC,22.34197,-97.88962,19,0.996042
Shape_Route_FRACC,22.34197,-97.88985,20,1.019729
Shape_Route_FRACC,22.34149,-97.88943,21,1.088248
Shape_Route_FRACC,22.34098,-97.88869,22,1.183096
Shape_Route_FRACC,22.34043,-97.88889,23,1.247375
Shape_Route_FRACC,22.34033,-97.88866,24,1.273522
Shape_Route_FRACC,22.34006,-97.88863,25,1.303573
Shape_Route_FRACC,22.33836,-97.88935,26,1.505859
Shape_Route_FRACC,22.33804,-97.88915,27,1.546838
Shape_Route_FRACC,22.33774,-97.88925,28,1.581611
Shape_Route_FRACC,22.33573,-97.88857,29,1.814896
Shape_Route_FRACC,22.33538,-97.88798,30,1.886965
Shape_Route_FRACC,22.3347,-97.88747,31,1.97876
Shape_Route_FRACC,22.33449,-97.88718,32,2.01661
Shape_Route_FRACC,22.33366,-97.88519,33,2.241223
Shape_Route_FRACC,22.33437,-97.88452,34,2.345819
Shape_Route_FRACC,22.33496,-97.88371,35,2.451773
Shape_Route_FRACC,22.33525,-97.88309,36,2.523245
Shape_Route_FRACC,22.33505,-97.88289,37,2.553487
Shape_Route_FRACC,22.33667,-97.8799,38,2.909855
Shape_Route_FRACC,22.33778,-97.87612,39,3.318099
Shape_Route_FRACC,22.33778,-97.87525,40,3.407702
Shape_Route_FRACC,22.33753,-97.87426,41,3.513354
Shape_Route_FRACC,22.33683,-97.8736,42,3.616437
Shape_Route_FRACC,22.33563,-97.8732,43,3.755529
Shape_Route_FRACC,22.33316,-97.87351,44,4.030838
Shape_Route_FRACC,22.33066,-97.87418,45,4.316083
Shape_Route_FRACC,22.30853,-97.8811,46,6.867648
Shape_Route_FRACC,22.30609,-97.88179,47,7.146972
Shape_Route_FRACC,22.30474,-97.8816,48,7.297704
Shape_Route_FRACC,22.29104,-97.87323,49,9.042389
Shape_Route_FRACC,22.28999,-97.87319,50,9.158706
Shape_Route_FRACC,22.289,-97.87196,51,9.326251
Shape_Route_FRACC,22.28799,-97.8704,52,9.522044
Shape_Route_FRACC,22.28479,-97.86585,53,10.109636
Shape_Route_FRACC,22.28119,-97.86282,54,10.6159
Shape_Route_FRACC,22.27708,-97.85816,55,11.277394
Shape_Route_FRACC,22.27361,-97.854,56,11.852989
Shape_Route_FRACC,22.27266,-97.85063,57,12.215811
Shape_Route_FRACC,22.27436,-97.85471,58,12.676418
Shape_Route_FRACC,22.27667,-97.85613,59,12.971052
Shape_Route_FRACC,22.27798,-97.85889,60,13.290279
Shape_Route_FRACC,22.27818,-97.85941,61,13.348252
Shape_Route_FRACC,22.27798,-97.85889,62,13.406226
Shape_Route_FRACC,22.27667,-97.85613,63,13.725453
Shape_Route_FRACC,22.27436,-97.85471,64,14.020087
Shape_Route_FRACC,22.27266,-97.85063,65,14.480693
Shape_Route_FRACC,22.27361,-97.854,66,14.843515
Shape_Route_FRACC,22.27708,-97.85816,67,15.41911
Shape_Route_FRACC,22.28119,-97.86282,68,16.080604
Shape_Route_FRACC,22.28479,-97.86585,69,16.586869
Shape_Route_FRACC,22.28799,-97.8704,70,17.174461
Shape_Route_FRACC,22.289,-97.87196,71,17.370253
Shape_Route_FRACC,22.28999,-97.87319,72,17.537798
Shape_Route_FRACC,22.29104,-97.87323,73,17.654115
Shape_Route_FRACC,22.30474,-97.8816,74,19.3988
Shape_Route_FRACC,22.30609,-97.88179,75,19.549533
Shape_Route_FRACC,22.30853,-97.8811,76,19.828856
Shape_Route_FRACC,22.33066,-97.87418,77,22.380421
Shape_Route_FRACC,22.33316,-97.87351,78,22.665666
Shape_Route_FRACC,22.33563,-97.8732,79,22.940975
Shape_Route_FRACC,22.33683,-97.8736,80,23.080067
Shape_Route_FRACC,22.33753,-97.87426,81,23.183151
Shape_Route_FRACC,22.33778,-97.87525,82,23.288802
Shape_Route_FRACC,22.33778,-97.87612,83,23.378405
Shape_Route_FRACC,22.33667,-97.8799,84,23.786649
Shape_Route_FRACC,22.33505,-97.88289,85,24.143017
Shape_Route_FRACC,22.33525,-97.88309,86,24.173259
Shape_Route_FRACC,22.33496,-97.88371,87,24.244732
Shape_Route_FRACC,22.33437,-97.88452,88,24.350685
Shape_Route_FRACC,22.33366,-97.88519,89,24.455281
Shape_Route_FRACC,22.33449,-97.88718,90,24.679895
Shape_Route_FRACC,22.3347,-97.88747,91,24.717744
Shape_Route_FRACC,22.33538,-97.88798,92,24.80954
Shape_Route_FRACC,22.33573,-97.88857,93,24.881608
Shape_Route_FRACC,22.33774,-97.88925,94,25.114893
Shape_Route_FRACC,22.33804,-97.88915,95,25.149666
Shape_Route_FRACC,22.33836,-97.88935,96,25.190646
Shape_Route_FRACC,22.34006,-97.88863,97,25.392932
Shape_Route_FRACC,22.34033,-97.88866,98,25.422982
Shape_Route_FRACC,22.34043,-97.88889,99,25.449129
Shape_Route_FRACC,22.34098,-97.88869,100,25.513408
Shape_Route_FRACC,22.34149,-97.88943,101,25.608256
Shape_Route_FRACC,22.34197,-97.88985,102,25.676775
Shape_Route_FRACC,22.34197,-97.88962,103,25.700463
Shape_Route_FRACC,22.34133,-97.8886,104,25.827172
Shape_Route_FRACC,22.34114,-97.8883,105,25.864549
Shape_Route_FRACC,22.34083,-97.88837,106,25.899618
Shape_Route_FRACC,22.34052,-97.88826,107,25.935759
Shape_Route_FRACC,22.34009,-97.88706,108,26.068198
Shape_Route_FRACC,22.33985,-97.8868,109,26.105921
Shape_Route_FRACC,22.33943,-97.88681,110,26.15243
Shape_Route_FRACC,22.33912,-97.8864,111,26.206843
Shape_Route_FRACC,22.33896,-97.8864,112,26.224557
Shape_Route_FRACC,22.33863,-97.8861,113,26.272404
Shape_Route_FRACC,22.33827,-97.88625,114,26.315149
Shape_Route_FRACC,22.33825,-97.88685,115,26.376983
Shape_Route_FRACC,22.33871,-97.88742,116,26.454698
Shape_Route_FRACC,22.33898,-97.88796,117,26.517837
Shape_Route_FRACC,22.33949,-97.88819,118,26.579066
Shape_Route_FRACC,22.33976,-97.88789,119,26.622056
Shape_Route_FRACC,22.34009,-97.88799,120,26.660014
Shape_Route_120,22.40345,-97.9102,1,0.0
Shape_Route_120,22.39994,-97.90936,2,0.398093
Shape_Route_120,22.3993,-97.9093,3,0.469215
Shape_Route_120,22.3993,-97.90996,4,0.537159
Shape_Route_120,22.39774,-97.91022,5,0.711926
Shape_Route_120,22.39541,-97.91057,6,0.972381
Shape_Route_120,22.39466,-97.91075,7,1.057455
Shape_Route_120,22.39401,-97.91067,8,1.129886
Shape_Route_120,22.39343,-97.91055,9,1.195274
Shape_Route_120,22.39288,-97.91016,10,1.26821
Shape_Route_120,22.39207,-97.91116,11,1.404739
Shape_Route_120,22.39289,-97.91416,12,1.726656
Shape_Route_120,22.39216,-97.91426,13,1.808126
Shape_Route_120,22.39146,-97.91444,14,1.887806
Shape_Route_120,22.39047,-97.91448,15,1.997485
Shape_Route_120,22.38949,-97.91432,16,2.107223
Shape_Route_120,22.38898,-97.91402,17,2.171579
Shape_Route_120,22.38729,-97.91244,18,2.419502
Shape_Route_120,22.38634,-97.91332,19,2.558318
Shape_Route_120,22.38432,-97.91432,20,2.80451
Shape_Route_120,22.38354,-97.91487,21,2.907773
Shape_Route_120,22.38315,-97.91516,22,2.960267
Shape_Route_120,22.37889,-97.91076,23,3.614216
Shape_Route_120,22.37528,-97.90709,24,4.164226
Shape_Route_120,22.36839,-97.90022,25,5.204522
Shape_Route_120,22.36204,-97.89432,26,6.13366
Shape_Route_120,22.35857,-97.89127,27,6.629866
Shape_Route_120,22.3541,-97.88709,28,7.285746
Shape_Route_120,22.35153,-97.88391,29,7.719559
Shape_Route_120,22.35006,-97.88097,30,8.063293
Shape_Route_120,22.34918,-97.87977,31,8.220656
Shape_Route_120,22.34823,-97.87876,32,8.368576
Shape_Route_120,22.34702,-97.87748,33,8.556515
Shape_Route_120,22.34575,-97.87636,34,8.738374
Shape_Route_120,22.34013,-97.87462,35,9.38585
Shape_Route_120,22.33547,-97.87316,36,9.923221
Shape_Route_120,22.3314,-97.87387,37,10.379702
Shape_Route_120,22.32362,-97.87634,38,11.277803
Shape_Route_120,22.31751,-97.87823,39,11.98169
Shape_Route_120,22.31352,-97.87947,40,12.441513
Shape_Route_120,22.31036,-97.88048,41,12.806495
Shape_Route_120,22.30738,-97.88142,42,13.150323
Shape_Route_120,22.30655,-97.88173,43,13.247602
Shape_Route_120,22.30573,-97.88179,44,13.338592
Shape_Route_120,22.30498,-97.8817,45,13.42214
Shape_Route_120,22.30432,-97.88151,46,13.497783
Shape_Route_120,22.30121,-97.87958,47,13.89537
Shape_Route_120,22.29638,-97.8767,48,14.50689
Shape_Route_120,22.291,-97.87325,49,15.200493
Shape_Route_120,22.28985,-97.87306,50,15.329303
Shape_Route_120,22.28943,-97.87265,51,15.392123
Shape_Route_120,22.28912,-97.87218,52,15.451475
Shape_Route_120,22.28739,-97.86954,53,15.784135
Shape_Route_120,22.28932,-97.87139,54,16.070461
Shape_Route_120,22.2902,-97.87226,55,16.202845
Shape_Route_120,22.29115,-97.87322,56,16.347218
Shape_Route_120,22.29616,-97.8766,57,17.002118
Shape_Route_120,22.30137,-97.87969,58,17.660922
Shape_Route_120,22.30432,-97.88151,59,18.037503
Shape_Route_120,22.30573,-97.88179,60,18.196245
Shape_Route_120,22.30738,-97.88142,61,18.382848
Shape_Route_120,22.31086,-97.88037,62,18.783008
Shape_Route_120,22.31431,-97.87921,63,19.183207
Shape_Route_120,22.31764,-97.87827,64,19.56437
Shape_Route_120,22.323,-97.8766,65,20.182198
Shape_Route_120,22.3314,-97.87387,66,21.153734
Shape_Route_120,22.33547,-97.87316,67,21.610214
Shape_Route_120,22.34047,-97.87471,68,22.186318
Shape_Route_120,22.34575,-97.87636,69,22.795061
Shape_Route_120,22.34823,-97.87876,70,23.164482
Shape_Route_120,22.35006,-97.88097,71,23.469185
Shape_Route_120,22.35153,-97.88391,72,23.812919
Shape_Route_120,22.3541,-97.88709,73,24.246732
Shape_Route_120,22.35786,-97.8905,74,24.791329
Shape_Route_120,22.36171,-97.89411,75,25.356892
Shape_Route_120,22.36839,-97.90022,76,26.327841
Shape_Route_120,22.37528,-97.90709,77,27.368137
Shape_Route_120,22.37897,-97.91106,78,27.946035
Shape_Route_120,22.38315,-97.91516,79,28.572407
Shape_Route_120,22.38354,-97.91487,80,28.624902
Shape_Route_120,22.38432,-97.91432,81,28.728165
Shape_Route_120,22.38634,-97.91332,82,28.974357
Shape_Route_120,22.38729,-97.91244,83,29.113172
Shape_Route_120,22.38898,-97.91402,84,29.361095
Shape_Route_120,22.38949,-97.91432,85,29.425452
Shape_Route_120,22.39047,-97.91448,86,29.53519
Shape_Route_120,22.39146,-97.91444,87,29.644868
Shape_Route_120,22.39216,-97.91426,88,29.724549
Shape_Route_120,22.39289,-97.91416,89,29.806019
Shape_Route_120,22.39207,-97.91116,90,30.127935
Shape_Route_120,22.39288,-97.91016,91,30.264465
Shape_Route_120,22.39343,-97.91055,92,30.3374
Shape_Route_120,22.39401,-97.91067,93,30.402789
Shape_Route_120,22.39466,-97.91075,94,30.475219
Shape_Route_120,22.39541,-97.91057,95,30.560293
Shape_Route_120,22.39774,-97.91022,96,30.820749
Shape_Route_120,22.3993,-97.90996,97,30.995516
Shape_Route_120,22.3993,-97.9093,98,31.06346
Shape_Route_120,22.40311,-97.91022,99,31.495762
