{
"type": "FeatureCollection",
"name": "routes_clean",
"crs": { "type": "name", "properties": { "name": "urn:ogc:def:crs:EPSG::32614" } },
"features": [
{ "type": "Feature", "properties": { "route_name": "2_42 Caseta", "route_name_short": "42 Caseta", "route_type": 3, "agency_id": "Red_de_Transporte_Merida", "route_id": "2_42 Caseta", "shape_id": "Shape_2_42 Caseta" }, "geometry": { "type": "LineString", "coordinates": [ [ 1478265.739026906900108, 2346761.13931427244097 ], [ 1478081.314636676805094, 2346779.407738869078457 ], [ 1478067.90295663359575, 2346667.558115547522902 ], [ 1478209.540658687939867, 2346642.273423751816154 ], [ 1478704.637613418279216, 2346520.092810411937535 ], [ 1478958.065712502691895, 2346457.671534009277821 ], [ 1479078.708120034541935, 2346431.151094227097929 ], [ 1479005.550629877485335, 2346064.478027054574341 ], [ 1478971.197511211037636, 2345807.795001607388258 ], [ 1478976.293054137844592, 2345703.767460880801082 ], [ 1478980.456098467577249, 2345633.33923219749704 ], [ 1478985.52278402261436, 2345601.106102761812508 ], [ 1478999.320943616097793, 2345563.780000819358975 ], [ 1479025.206409270409495, 2345500.244783903006464 ], [ 1479056.217640210874379, 2345421.307077172212303 ], [ 1479086.839611041825265, 2345331.128132124897093 ], [ 1479135.314419542904943, 2345242.004347017966211 ], [ 1479170.137371124699712, 2345152.073547575622797 ], [ 1479208.316278842277825, 2345041.026455566287041 ], [ 1479266.278721858747303, 2344862.71750494511798 ], [ 1479346.250590794486925, 2344632.983452445827425 ], [ 1479383.842506713699549, 2344514.048363443929702 ], [ 1479445.742583796847612, 2344340.458570505026728 ], [ 1479490.884726250777021, 2344218.603909136261791 ], [ 1479519.27555649029091, 2344130.53572565689683 ], [ 1479718.204953363863751, 2343528.651716019492596 ], [ 1479743.801434708759189, 2343541.382684324402362 ], [ 1479967.479534727986902, 2343804.77304506348446 ], [ 1479979.818463402800262, 2343809.989858185406774 ], [ 1479987.956291747512296, 2343814.958317333366722 ], [ 1479987.229285318171605, 2343827.25557728484273 ], [ 1480141.677781724836677, 2344013.638749230187386 ], [ 1480291.664656029548496, 2344186.298871730919927 ], [ 1480458.11348368274048, 2344383.49469382641837 ], [ 1480471.0391691531986, 2344396.599842455703765 ], [ 1480498.602170907892287, 2344411.692893437575549 ], [ 1480536.212699532741681, 2344417.283779662568122 ], [ 1480784.072173327440396, 2344431.95111644687131 ], [ 1480787.346884669968858, 2344447.85105721373111 ], [ 1480503.977633871603757, 2344427.716947366017848 ], [ 1480465.978328332072124, 2344410.884558077901602 ], [ 1480447.801415296038613, 2344397.46873208321631 ], [ 1480436.124387692427263, 2344381.071914845146239 ], [ 1480406.601019695866853, 2344345.669658218510449 ], [ 1480237.984588993247598, 2344149.468453025911003 ], [ 1479990.042440596502274, 2343850.980532903689891 ], [ 1479972.128918774658814, 2343833.093895000871271 ], [ 1479502.04089374281466, 2344225.994209503754973 ], [ 1479490.224023752380162, 2344229.783119889907539 ], [ 1479377.454313438385725, 2344568.64014969393611 ], [ 1479283.485217932844535, 2344839.054438866209239 ], [ 1479231.110939651262015, 2344994.135519281029701 ], [ 1479184.582490847446024, 2345139.465539569035172 ], [ 1479151.140011278446764, 2345223.868860252667218 ], [ 1479108.114110225345939, 2345309.949282579589635 ], [ 1479068.562207877170295, 2345408.574950360227376 ], [ 1479035.707830416038632, 2345500.865511433687061 ], [ 1479039.372633550548926, 2345528.005715562961996 ], [ 1479056.47659885790199, 2345595.203916922677308 ], [ 1479116.51835541240871, 2345791.706104318145663 ], [ 1479112.53046474000439, 2345912.626794561743736 ], [ 1478877.018742721527815, 2345957.038046243134886 ], [ 1478920.425990901887417, 2346220.986645285505801 ], [ 1478951.383733588736504, 2346428.109209951013327 ], [ 1478975.599261685740203, 2346588.83907789317891 ], [ 1478282.870038249297068, 2346756.542754566296935 ] ] } },
{ "type": "Feature", "properties": { "route_name": "6_42 Sur IMSS", "route_name_short": "42 Sur IMSS", "route_type": 3, "agency_id": "Red_de_Transporte_Merida", "route_id": "6_42 Sur IMSS", "shape_id": "Shape_6_42 Sur IMSS" }, "geometry": { "type": "LineString", "coordinates": [ [ 1478238.107618195470423, 2346765.115344465244561 ], [ 1478079.280617155600339, 2346778.165763279888779 ], [ 1478068.952999890316278, 2346667.62015621829778 ], [ 1478372.253492387477309, 2346599.164662383962423 ], [ 1479078.840340747963637, 2346428.915273873135448 ], [ 1479010.272400524001569, 2346073.731725700665265 ], [ 1478970.999259450938553, 2345811.148726000916213 ], [ 1478973.987383113475516, 2345724.945643727201968 ], [ 1478973.810631883097813, 2345674.453549158293754 ], [ 1478979.214857957791537, 2345618.682276935316622 ], [ 1478981.322245983872563, 2345600.857813643291593 ], [ 1478985.4638221191708, 2345584.275401478167623 ], [ 1479009.638316503725946, 2345531.857216080185026 ], [ 1479025.338565320242196, 2345498.008964747190475 ], [ 1479039.8565474152565, 2345466.33445092337206 ], [ 1479057.333865834865719, 2345420.251239245291799 ], [ 1479068.701459792209789, 2345388.390486282296479 ], [ 1479090.188305821269751, 2345327.96061516366899 ], [ 1479097.282163032796234, 2345314.918113693594933 ], [ 1479133.214097020449117, 2345241.880201289895922 ], [ 1479139.323912068735808, 2345227.657705537509173 ], [ 1479172.766324366442859, 2345143.254388051573187 ], [ 1479207.001797696575522, 2345045.436039241030812 ], [ 1479238.15292844735086, 2344946.313476011157036 ], [ 1479271.206300890538841, 2344850.668720562011003 ], [ 1479292.429363618604839, 2344794.71022893441841 ], [ 1479310.567961767548695, 2344737.447578484192491 ], [ 1479332.650076540419832, 2344666.956108296755701 ], [ 1479386.735797978937626, 2344500.757482467684895 ], [ 1479452.836797216208652, 2344327.415950324386358 ], [ 1479524.467565240105614, 2344114.015175272710621 ], [ 1479589.466976112220436, 2343905.831216962076724 ], [ 1479681.404584677889943, 2343634.172694654669613 ], [ 1479758.163071397691965, 2343405.367930312175304 ], [ 1479829.399695724248886, 2343198.673045471776277 ], [ 1479852.40776597103104, 2343112.52963122818619 ], [ 1479882.503865090198815, 2343031.292334558442235 ], [ 1479913.914637849433348, 2342945.645318055991083 ], [ 1479924.629343851935118, 2342907.014223035890609 ], [ 1479945.596365205477923, 2342837.577524531167001 ], [ 1479969.5823257509619, 2342770.562843343708664 ], [ 1480020.513884163228795, 2342622.124344768468291 ], [ 1479720.404822299722582, 2342331.790042536798865 ], [ 1479743.783001454547048, 2342310.73426920035854 ], [ 1480037.20051900902763, 2342589.45519887143746 ], [ 1480022.674079542281106, 2342639.079550200607628 ], [ 1479959.257333731045946, 2342820.435373953543603 ], [ 1479921.531171522801742, 2342941.608045570086688 ], [ 1479854.369614945957437, 2343132.838569343090057 ], [ 1479806.193454992957413, 2343288.170188917312771 ], [ 1479725.887275360524654, 2343523.496551637537777 ], [ 1479642.952712257858366, 2343767.641698985826224 ], [ 1479551.272835885174572, 2344052.777056395076215 ], [ 1479472.217230835929513, 2344284.810179197229445 ], [ 1479407.621849738527089, 2344468.337189552374184 ], [ 1479335.793708984274417, 2344685.091068884823471 ], [ 1479267.123671280685812, 2344884.082043859641999 ], [ 1479193.982086243806407, 2345105.244732107967138 ], [ 1479149.891614316264167, 2345227.160524638835341 ], [ 1479098.78777682594955, 2345325.10346098523587 ], [ 1479054.697844626381993, 2345447.019014335237443 ], [ 1479034.988081390969455, 2345495.213889387436211 ], [ 1479039.835191917140037, 2345520.180346342734993 ], [ 1479038.843993618153036, 2345536.948994536884129 ], [ 1479094.759366791229695, 2345714.136041539721191 ], [ 1479113.169699310325086, 2345794.873582012485713 ], [ 1478994.762775908922777, 2345801.335345252417028 ], [ 1478865.253331790678203, 2345835.186915372963995 ], [ 1478920.815150265814736, 2346232.227796303573996 ], [ 1478979.997872008010745, 2346585.73374177981168 ], [ 1478415.123865804634988, 2346729.583566250745207 ], [ 1478356.181983525166288, 2346746.292210541199893 ], [ 1478238.107618195470423, 2346765.115344465244561 ] ] } },
{ "type": "Feature", "properties": { "route_name": "11_50 Penal Paso Texas", "route_name_short": "50 Penal Paso Texas", "route_type": 3, "agency_id": "Red_de_Transporte_Merida", "route_id": "11_50 Penal Paso Texas", "shape_id": "Shape_11_50 Penal Paso Texas" }, "geometry": { "type": "LineString", "coordinates": [ [ 1478226.696249423548579, 2346744.248673158697784 ], [ 1478231.807370823808014, 2346764.743021834176034 ], [ 1478080.462760279420763, 2346775.992033204995096 ], [ 1478074.335315538104624, 2346665.694586473982781 ], [ 1478331.360431356355548, 2346613.574888622853905 ], [ 1478579.268695837352425, 2346555.310348852071911 ], [ 1478503.72119810571894, 2346068.470086224842817 ], [ 1478471.579899837495759, 2345845.576249505393207 ], [ 1478441.741156769450754, 2345601.504869368392974 ], [ 1478403.438976353034377, 2345340.107244316488504 ], [ 1478382.769433840177953, 2345136.963302394375205 ], [ 1478371.644845061004162, 2345039.831999360118061 ], [ 1478377.262505114544183, 2344926.862582061439753 ], [ 1478403.943185977172107, 2344831.963894550688565 ], [ 1478445.740608540829271, 2344677.380878316238523 ], [ 1478478.34444033075124, 2344535.716343616135418 ], [ 1478538.091075039468706, 2344291.327293871901929 ], [ 1478558.206595561467111, 2344200.527678493410349 ], [ 1478570.382360343122855, 2344101.406637520994991 ], [ 1478561.252229796722531, 2343916.89292259234935 ], [ 1478556.327438837848604, 2343714.678913823794574 ], [ 1478553.182837204774842, 2343482.281684939749539 ], [ 1478551.709185336716473, 2342917.932354086544365 ], [ 1478542.08940495364368, 2342813.037985811475664 ], [ 1478541.916893628193066, 2342726.64979539019987 ], [ 1478548.304766370449215, 2342171.739861008711159 ], [ 1478546.411378598771989, 2342132.365500241518021 ], [ 1478551.346472584176809, 2341834.260386350564659 ], [ 1478411.314199666492641, 2341849.559481889940798 ], [ 1478049.464611409697682, 2341837.198903867509216 ], [ 1477941.476216848939657, 2341827.46807853737846 ], [ 1477825.476751125184819, 2341828.483519152738154 ], [ 1477726.414917952846736, 2341828.254330426454544 ], [ 1477690.801545177353546, 2341663.50001455610618 ], [ 1477337.015286808600649, 2341729.032422279939055 ], [ 1477312.202200322644785, 2341720.840335181448609 ], [ 1477216.07695292821154, 2341438.106825192924589 ], [ 1477106.573959087952971, 2341454.093543452676386 ], [ 1476906.53628891473636, 2341521.959351877681911 ], [ 1476710.310180441942066, 2341578.833774115424603 ], [ 1476650.92298732814379, 2341405.956881938502192 ], [ 1476519.498643472790718, 2341400.465922820847481 ], [ 1476403.369336029980332, 2341403.728006620425731 ], [ 1476181.417998709948733, 2341414.225937415845692 ], [ 1475993.275937998434529, 2341423.349953965749592 ], [ 1475869.663317569997162, 2341446.366071914788336 ], [ 1475822.031729308422655, 2341091.349800093565136 ], [ 1475954.312171363737434, 2341064.355062986258417 ], [ 1476208.173228885512799, 2341031.051290901377797 ], [ 1476311.700076585169882, 2341027.0454012574628 ], [ 1476524.138165309093893, 2341017.108757566194981 ], [ 1476532.863984566647559, 2341065.856351113878191 ], [ 1476610.041036397218704, 2341276.795493511483073 ], [ 1476756.112848686054349, 2341230.427364725153893 ], [ 1476917.025149991735816, 2341164.742393917869776 ], [ 1476993.048919222783297, 2341144.53934131283313 ], [ 1477030.19110765052028, 2341247.682569619268179 ], [ 1477152.367999156005681, 2341213.371355895418674 ], [ 1477215.687818161211908, 2341408.918472543824464 ], [ 1477244.104436482768506, 2341463.314081494696438 ], [ 1477462.328132145572454, 2341408.86173192365095 ], [ 1477499.789225129876286, 2341542.31384784122929 ], [ 1477288.197960572317243, 2341591.546885166317225 ], [ 1477283.993476595729589, 2341609.247254777234048 ], [ 1477306.038193240296096, 2341682.337720481213182 ], [ 1477313.519106651190668, 2341698.482875898946077 ], [ 1477316.732790458016098, 2341715.498441562522203 ], [ 1477337.476218906231225, 2341721.207307703793049 ], [ 1477477.046751771122217, 2341695.776484803296626 ], [ 1477581.429745016153902, 2341677.247483739163727 ], [ 1477700.781686731381342, 2341655.113976802676916 ], [ 1477739.414311349159107, 2341822.289802406448871 ], [ 1477792.063326269388199, 2341823.148999468423426 ], [ 1477830.0734395631589, 2341822.023824417497963 ], [ 1477924.081513935467228, 2341818.590400214772671 ], [ 1478056.293915222631767, 2341828.627292650286108 ], [ 1478066.665636884048581, 2341831.482255917508155 ], [ 1478175.115657367976382, 2341833.38867510156706 ], [ 1478413.876387157011777, 2341841.858078107237816 ], [ 1478427.728846537880599, 2341839.309623344801366 ], [ 1478569.07537754997611, 2341819.600968075916171 ], [ 1478561.581343496683985, 2342357.618621065281332 ], [ 1478557.169047278119251, 2342646.780664528720081 ], [ 1478553.576759221730754, 2342814.837602183688432 ], [ 1478456.421448861714453, 2342818.079419671557844 ], [ 1478453.955743992235512, 2342949.183369627222419 ], [ 1478458.313797589857131, 2343089.664329221006483 ], [ 1478456.633408310357481, 2343225.301868901588023 ], [ 1478461.974455290706828, 2343366.962779438123107 ], [ 1478465.483592522097751, 2343486.079822972882539 ], [ 1478368.068425433244556, 2343493.792164996266365 ], [ 1478385.973886198829859, 2343761.834895767271519 ], [ 1478396.151497323997319, 2343964.358009439427406 ], [ 1478404.64020469551906, 2344106.204868211876601 ], [ 1478295.681863426230848, 2344095.285912856925279 ], [ 1478302.520980308298022, 2344265.079769110307097 ], [ 1478310.991705818101764, 2344460.771268350072205 ], [ 1478327.322609902126715, 2344701.798714387696236 ], [ 1478343.075313080567867, 2344899.042488986626267 ], [ 1478261.624702420085669, 2344886.380384773481637 ], [ 1478279.687329812906682, 2345044.497638955712318 ], [ 1478251.086600293405354, 2345189.763281975407153 ], [ 1478269.855060183443129, 2345389.428736195433885 ], [ 1478278.231005509849638, 2345461.718123545404524 ], [ 1478317.134524863213301, 2345695.105453630909324 ], [ 1478356.028681407915428, 2345946.441697623115033 ], [ 1478397.019926911219954, 2346197.902651057112962 ], [ 1478414.889189147856086, 2346323.478234217502177 ], [ 1478433.543502848129719, 2346453.587596929632127 ], [ 1478192.133923252113163, 2346508.873278285376728 ], [ 1478223.222759832860902, 2346731.703668307512999 ] ] } },
{ "type": "Feature", "properties": { "route_name": "13_50 Sur Villa Magna", "route_name_short": "50 Sur Villa Magna", "route_type": 3, "agency_id": "Red_de_Transporte_Merida", "route_id": "13_50 Sur Villa Magna", "shape_id": "Shape_13_50 Sur Villa Magna" }, "geometry": { "type": "LineString", "coordinates": [ [ 1478011.172202265821397, 2346914.365058105904609 ], [ 1478097.802882537711412, 2346910.50973424455151 ], [ 1478071.971030943328515, 2346670.042052664328367 ], [ 1478337.726817515213042, 2346612.829333475325257 ], [ 1478576.448906211648136, 2346549.534644601400942 ], [ 1478526.899883751757443, 2346211.186848429497331 ], [ 1478464.308597221039236, 2345808.127255876548588 ], [ 1478419.092987270094454, 2345431.897395132109523 ], [ 1478398.147597999311984, 2345269.121583953499794 ], [ 1478378.78551464015618, 2345079.516502605285496 ], [ 1478373.223156098276377, 2345030.95085862185806 ], [ 1478372.119269427610561, 2344996.11005881568417 ], [ 1478380.346975448541343, 2344928.166527222841978 ], [ 1478400.192458681296557, 2344859.787256558425725 ], [ 1478440.417661455459893, 2344696.137065309099853 ], [ 1478504.641081400681287, 2344411.627984493970871 ], [ 1478548.016824789345264, 2344248.163292282726616 ], [ 1478565.767878603655845, 2344161.711230913642794 ], [ 1478571.432580267079175, 2344101.468645629938692 ], [ 1479025.981815744657069, 2344131.678338697180152 ], [ 1479028.186212566681206, 2344022.992866774089634 ], [ 1479024.802676941966638, 2343937.535386255476624 ], [ 1479029.449401604477316, 2343787.487225498072803 ], [ 1479030.782178612891585, 2343729.231803544797003 ], [ 1479039.550958552863449, 2343616.446843814104795 ], [ 1479024.091240284498781, 2343521.301835860125721 ], [ 1479016.097152955830097, 2343478.201009322423488 ], [ 1478951.244439017027617, 2343469.884213070385158 ], [ 1478962.388149670790881, 2343316.854652227368206 ], [ 1478975.181391576305032, 2343135.877286543138325 ], [ 1478989.744514904916286, 2342960.613410512916744 ], [ 1479091.492036161012948, 2342968.864149427041411 ], [ 1479122.274067644262686, 2342572.439000063575804 ], [ 1479119.002217425499111, 2342538.591567089781165 ], [ 1479136.808430486591533, 2342272.652038162108511 ], [ 1479155.515479662455618, 2342062.856075173709542 ], [ 1479170.938547346740961, 2341855.109842006582767 ], [ 1479071.178176686866209, 2341759.478165487758815 ], [ 1479016.460107719991356, 2342543.75664523942396 ], [ 1479000.786836388986558, 2342916.393033406697214 ], [ 1478987.526631426997483, 2343123.144472577143461 ], [ 1478966.241696222219616, 2343376.537961686961353 ], [ 1478959.190426010172814, 2343460.257145293056965 ], [ 1479028.244276794604957, 2343468.822043615859002 ], [ 1479046.248663089238107, 2343610.111532027833164 ], [ 1479042.011001112405211, 2343717.555065393447876 ], [ 1479031.698399785207585, 2343927.846388406120241 ], [ 1479036.390004980377853, 2344026.842884153593332 ], [ 1479031.688864546827972, 2344142.111763363238424 ], [ 1478294.565664804307744, 2344096.3418163289316 ], [ 1478304.742038922850043, 2344298.86456826608628 ], [ 1478314.130707739619538, 2344496.853880871087313 ], [ 1478323.655862953979522, 2344674.659219336230308 ], [ 1478342.943286455702037, 2344901.278277750592679 ], [ 1478261.82272439962253, 2344883.026707170996815 ], [ 1478277.388985097873956, 2345047.727290903683752 ], [ 1478251.482695770915598, 2345183.05592940794304 ], [ 1478257.494929613545537, 2345259.692756459116936 ], [ 1478276.004989801906049, 2345445.881558174267411 ], [ 1478315.886305115651339, 2345698.397101297043264 ], [ 1478355.969276799354702, 2345929.611247163265944 ], [ 1478394.985820619855076, 2346196.660656803287566 ], [ 1478433.477435518056154, 2346454.705492342356592 ], [ 1478475.380314123351127, 2346708.4655646616593 ], [ 1478352.113943334203213, 2346743.808180162217468 ], [ 1478257.206559949088842, 2346762.878653674386442 ], [ 1478171.228409846778959, 2346773.502861623652279 ], [ 1477943.951516742818058, 2346785.875051219016314 ], [ 1477963.590805300977081, 2346917.162604360375553 ], [ 1477996.405788145028055, 2346914.614344790577888 ] ] } },
{ "type": "Feature", "properties": { "route_name": "16_Zazil-Ha", "route_name_short": "Zazil-Ha", "route_type": 3, "agency_id": "Red_de_Transporte_Merida", "route_id": "16_Zazil-Ha", "shape_id": "Shape_16_Zazil-Ha" }, "geometry": { "type": "LineString", "coordinates": [ [ 1478222.833330729510635, 2346720.462712058331817 ], [ 1478230.823392803082243, 2346763.563077729661018 ], [ 1478076.916331496322528, 2346782.513223322108388 ], [ 1478071.185185060370713, 2346665.508463781327009 ], [ 1478333.526603518519551, 2346612.581107983365655 ], [ 1478249.064520817250013, 2346080.346606407314539 ], [ 1478194.721128300065175, 2345715.919482239987701 ], [ 1478170.876757218502462, 2345584.383546262048185 ], [ 1478128.171946356538683, 2345326.09387772437185 ], [ 1478129.270241636782885, 2345182.569991439580917 ], [ 1478139.885261173825711, 2345038.486260028090328 ], [ 1478162.519418643787503, 2344869.311019058804959 ], [ 1477994.043398868525401, 2344831.320536972954869 ], [ 1477972.155548434704542, 2344505.833983554504812 ], [ 1477964.57817084947601, 2344384.234586240258068 ], [ 1477946.545354190748185, 2344100.482235011179 ], [ 1478060.891117231920362, 2344091.524762821383774 ], [ 1478054.874833831097931, 2344014.888608338776976 ], [ 1478050.628929360769689, 2343943.965866041835397 ], [ 1478039.001174627803266, 2343748.0900096767582 ], [ 1478026.133783580269665, 2343519.609670686069876 ], [ 1478023.935765912290663, 2343396.084369176998734 ], [ 1478135.003698878921568, 2343389.175376682076603 ], [ 1478134.237115006661043, 2343312.849005784839392 ], [ 1478136.875102048972622, 2343268.133377288468182 ], [ 1478132.774182802531868, 2343141.130188041366637 ], [ 1478130.688134624157101, 2343087.161656538955867 ], [ 1478133.23669875995256, 2342883.147957428824157 ], [ 1478338.113905977457762, 2342876.16321666399017 ], [ 1478331.04033857723698, 2342817.41303384443745 ], [ 1478268.41347926761955, 2342824.936429124325514 ], [ 1478251.632642447017133, 2342734.203863758128136 ], [ 1478242.641528192907572, 2342725.821032555773854 ], [ 1478239.099721365608275, 2342714.394288720563054 ], [ 1478229.011103021912277, 2342635.274443702306598 ], [ 1478178.128219497855753, 2342407.917253613937646 ], [ 1478158.985437124967575, 2342303.584659622516483 ], [ 1478137.284344347659498, 2342189.005371084436774 ], [ 1478107.118174172705039, 2342057.100528666749597 ], [ 1478056.096217197366059, 2341831.980962255969644 ], [ 1478244.967015942558646, 2341542.478901206981391 ], [ 1478144.065215741982684, 2341537.652521518990397 ], [ 1478027.997232080437243, 2341539.785266629885882 ], [ 1477863.217537452466786, 2341545.778715639840811 ], [ 1477861.270412273472175, 2341435.730744349770248 ], [ 1478014.365234054625034, 2341431.291659687645733 ], [ 1478144.154734706506133, 2341428.845497808884829 ], [ 1478146.782638019416481, 2341420.026187309529632 ], [ 1478249.130943366326392, 2341418.206851629074663 ], [ 1478249.154837285168469, 2341310.517459692899138 ], [ 1478372.643763165455312, 2341307.701165656093508 ], [ 1478594.347484307829291, 2341301.702589010354131 ], [ 1478618.783322485629469, 2341244.810423695016652 ], [ 1478686.18433003895916, 2341067.054691995028406 ], [ 1478783.212736287619919, 2340815.885456500109285 ], [ 1478908.676143232733011, 2340815.431290122680366 ], [ 1478898.334329154575244, 2340955.046127985231578 ], [ 1478903.059035733342171, 2340964.299155726097524 ], [ 1478922.687525323592126, 2340971.065773184876889 ], [ 1479590.332129615126178, 2341142.830058196559548 ], [ 1479512.554752822034061, 2341067.565191687084734 ], [ 1478896.571968766162172, 2340913.435672625433654 ], [ 1478893.811825735494494, 2340924.4908721386455 ], [ 1478754.759635630529374, 2340923.021692503709346 ], [ 1478605.572275632293895, 2341307.973436209373176 ], [ 1478575.212247219402343, 2341429.580009148921818 ], [ 1478566.062057551695034, 2341531.123252725694329 ], [ 1478436.403597898315638, 2341531.330074850469828 ], [ 1478443.522336987312883, 2341410.596995660103858 ], [ 1478458.491432592272758, 2341406.992454890627414 ], [ 1478456.741208128863946, 2341311.537487167399377 ], [ 1478361.612599038286135, 2341316.02509652171284 ], [ 1478254.077303315280005, 2341316.416520294733346 ], [ 1478255.956422985997051, 2341427.583450462203473 ], [ 1478152.689560726983473, 2341427.10502326535061 ], [ 1478152.294199433643371, 2341433.812377277296036 ], [ 1477970.772771265357733, 2341437.696706628426909 ], [ 1477868.359520085155964, 2341440.635558696929365 ], [ 1477871.097118050558493, 2341537.268920326139778 ], [ 1477934.514410512521863, 2341534.275648215319961 ], [ 1478035.745154580567032, 2341533.511292899027467 ], [ 1478154.898429990746081, 2341532.682225658558309 ], [ 1478257.048374705482274, 2341534.216898858547211 ], [ 1478252.451449531130493, 2341540.676573324017227 ], [ 1478123.602819888852537, 2341741.731370230671018 ], [ 1478066.533836649963632, 2341833.71803612774238 ], [ 1478102.731689759530127, 2342006.361957180779427 ], [ 1478233.937618430238217, 2342623.225414200685918 ], [ 1478246.583701717667282, 2342712.592166820541024 ], [ 1478256.295423524919897, 2342726.626420449465513 ], [ 1478273.994671765016392, 2342819.65674212295562 ], [ 1478352.771706643747166, 2342806.355400132481009 ], [ 1478351.767707814928144, 2342876.96873306017369 ], [ 1478353.528638454619795, 2342918.578737990465015 ], [ 1478353.518702939152718, 2342954.475337470881641 ], [ 1478363.367337272502482, 2343180.535730939824134 ], [ 1478371.448693150421605, 2343382.93452861905098 ], [ 1478033.190189295681193, 2343399.995635436382145 ], [ 1478033.947135691065341, 2343512.218165269121528 ], [ 1478049.503466615686193, 2343748.709665395319462 ], [ 1478048.620359897613525, 2343852.98312226915732 ], [ 1478063.799008388537914, 2344024.389476555399597 ], [ 1478065.690968704409897, 2344063.763474638108164 ], [ 1478070.931404528208077, 2344099.969739997759461 ], [ 1477955.733343215193599, 2344105.511495878454298 ], [ 1477975.784184854943305, 2344444.350240775384009 ], [ 1478000.87225466221571, 2344822.749383262358606 ], [ 1477878.927455729804933, 2344799.846664662938565 ], [ 1477891.094592429697514, 2344932.93465735623613 ], [ 1477952.901487021474168, 2345206.932196222711354 ], [ 1478013.78605768783018, 2345478.633054229896516 ], [ 1478053.89345551142469, 2345655.999921833630651 ], [ 1478091.430398643482476, 2345859.016654687467963 ], [ 1478127.955199266783893, 2346132.646947326138616 ], [ 1478155.059291446115822, 2346315.978178509045392 ], [ 1478183.687706177122891, 2346455.649978463537991 ], [ 1478221.849348130170256, 2346719.282769818790257 ] ] } },
{ "type": "Feature", "properties": { "route_name": "17_58 Emiliano Zapata Azul y Rojo", "route_name_short": "58 Emiliano Zapata Azul y Rojo", "route_type": 3, "agency_id": "Red_de_Transporte_Merida", "route_id": "17_58 Emiliano Zapata Azul y Rojo", "shape_id": "Shape_17_58 Emiliano Zapata Azul y Rojo" }, "geometry": { "type": "LineString", "coordinates": [ [ 1478232.791348690632731, 2346765.922966053243726 ], [ 1478079.346670424100012, 2346777.047876175027341 ], [ 1478045.918737241532654, 2346486.77307191491127 ], [ 1478038.990955190267414, 2346407.838650026358664 ], [ 1478002.593413935508579, 2346149.921255299821496 ], [ 1477965.208663522498682, 2345890.824543704744428 ], [ 1477917.061640733852983, 2345617.631766823120415 ], [ 1477895.51888281898573, 2345464.919373985845596 ], [ 1477884.020104027818888, 2345302.704182423651218 ], [ 1477843.067423861473799, 2345086.02697184914723 ], [ 1477783.473479528911412, 2345078.022331515792757 ], [ 1477742.429951060563326, 2344934.256291495170444 ], [ 1477738.932160513941199, 2344779.245072598569095 ], [ 1477880.763855616562068, 2344804.442163359373808 ], [ 1477864.1085112511646, 2344533.110860037617385 ], [ 1477848.018048463389277, 2344341.459410557057709 ], [ 1477839.287655172636732, 2344114.345698148012161 ], [ 1477833.397339505143464, 2344053.422350632492453 ], [ 1477822.949992974288762, 2343855.373802844900638 ], [ 1477588.08823822857812, 2343870.686500753741711 ], [ 1477572.698868861887604, 2343470.430454876739532 ], [ 1477574.408274081535637, 2343459.313605679664761 ], [ 1477575.133357773069292, 2343447.016949966549873 ], [ 1477581.698445594869554, 2343442.917007511015981 ], [ 1477597.913428854197264, 2343436.020792000927031 ], [ 1477752.571561902295798, 2343404.75750067550689 ], [ 1478026.102213830687106, 2343395.090391966514289 ], [ 1478026.7762349487748, 2343330.067013918887824 ], [ 1477991.835670346161351, 2343154.130520673003048 ], [ 1477950.525869876611978, 2342978.940664047840983 ], [ 1477894.927713567856699, 2342706.436409610323608 ], [ 1475732.616094514727592, 2343166.853814136236906 ], [ 1475698.857928001787513, 2342791.339262939989567 ], [ 1475572.565346582792699, 2342806.343184665311128 ], [ 1475364.221099843969569, 2342854.659303312189877 ], [ 1474974.960543157532811, 2342198.017988722305745 ], [ 1474990.342794508906081, 2341739.032959070987999 ], [ 1475110.336844942066818, 2341759.545091453474015 ], [ 1475185.236417911946774, 2341740.391923590097576 ], [ 1475234.456782886758447, 2341942.945480476599187 ], [ 1475270.160208551213145, 2342034.779520938172936 ], [ 1475168.215206268243492, 2342083.749129874166101 ], [ 1475217.898946935776621, 2342188.74352073809132 ], [ 1475282.089512231759727, 2342280.009352866560221 ], [ 1475307.231249887961894, 2342264.662270840723068 ], [ 1475440.068970235995948, 2342496.812655833549798 ], [ 1475644.216719631105661, 2342448.248502464499325 ], [ 1475672.626022394979373, 2342574.4287438262254 ], [ 1475684.890294821700081, 2342670.495090443175286 ], [ 1476037.125659264624119, 2342612.701585788745433 ], [ 1476029.191077663097531, 2342550.540325069334358 ], [ 1476248.444206453859806, 2342478.193876863922924 ], [ 1477359.303477178793401, 2342245.230236814823002 ], [ 1477406.51738583156839, 2342803.281709929928184 ], [ 1477556.978392895311117, 2342771.766838070005178 ], [ 1477900.772414338309318, 2342696.685087795369327 ], [ 1477995.843632906675339, 2343139.783823864068836 ], [ 1478032.813992097508162, 2343334.910291998181492 ], [ 1478030.95779500505887, 2343402.107499901670963 ], [ 1477754.276484604459256, 2343411.588668945711106 ], [ 1477588.852353300666437, 2343446.704141907393932 ], [ 1477585.240221044747159, 2343454.343501819763333 ], [ 1477582.480573776876554, 2343465.398423970676959 ], [ 1477600.229238569736481, 2343879.254926604684442 ], [ 1477600.780007059685886, 2344030.725944863632321 ], [ 1477621.761892695212737, 2344353.911035524215549 ], [ 1477647.402103989152238, 2344669.51926575275138 ], [ 1477656.695523639209569, 2344762.052829175721854 ], [ 1477670.624273345340043, 2344936.74934491282329 ], [ 1477890.176409945357591, 2344930.636903732549399 ], [ 1477919.139399009291083, 2345082.664980152621865 ], [ 1477991.307372918119654, 2345377.467036715708673 ], [ 1478056.251569571439177, 2345669.600612869020551 ], [ 1478083.768494445364922, 2345810.327264900319278 ], [ 1478106.753858965821564, 2345956.395504149608314 ], [ 1478135.682391469366848, 2346180.218591946177185 ], [ 1478143.924629796762019, 2346254.743663433939219 ], [ 1478190.23196760751307, 2346505.395519810263067 ], [ 1478231.021582011599094, 2346760.209405994042754 ] ] } },
{ "type": "Feature", "properties": { "route_name": "19_5A Avenida", "route_name_short": "5A Avenida", "route_type": 3, "agency_id": "Red_de_Transporte_Merida", "route_id": "19_5A Avenida", "shape_id": "Shape_19_5A Avenida" }, "geometry": { "type": "LineString", "coordinates": [ [ 1478100.998245010850951, 2346963.422741365619004 ], [ 1478035.576621988322586, 2346412.124099019914865 ], [ 1478427.688267258927226, 2346320.869202886708081 ], [ 1478843.894098976161331, 2346232.167452771682292 ], [ 1479415.879086912143975, 2346093.230335865169764 ], [ 1479622.718067497014999, 2346034.79016003664583 ], [ 1479610.719814951065928, 2346006.034487679600716 ], [ 1479634.028990802820772, 2345986.098537442740053 ], [ 1479613.066343890503049, 2345895.111656040884554 ], [ 1479771.065539463888854, 2345860.707032976672053 ], [ 1479807.870222216239199, 2345897.661604304332286 ], [ 1479835.190130161587149, 2345863.379112869035453 ], [ 1480042.769033041317016, 2346059.645291992463171 ], [ 1480168.002146357670426, 2345920.095016424078494 ], [ 1480298.223237473517656, 2345785.3274080818519 ], [ 1480093.592827959218994, 2345592.598514151759446 ], [ 1480279.837883845902979, 2345383.73717341106385 ], [ 1480353.192884328309447, 2345444.171284310985357 ], [ 1480474.950077816378325, 2345310.02373428735882 ], [ 1480512.451791546307504, 2345264.003480462357402 ], [ 1480543.710100713651627, 2345234.441584125161171 ], [ 1480670.994447449687868, 2345078.183928375598043 ], [ 1480592.535916144959629, 2344979.303354260977358 ], [ 1480515.134888723259792, 2344862.536421096883714 ], [ 1480391.953542734030634, 2344949.482951143290848 ], [ 1480436.227666529361159, 2345020.536210845690221 ], [ 1480338.723866579588503, 2345083.199429157190025 ], [ 1480266.756378278601915, 2345141.764639449305832 ], [ 1480289.910339560825378, 2345177.912186049856246 ], [ 1480170.502750653307885, 2345201.136637618765235 ], [ 1480221.730536881368607, 2345421.807008814997971 ], [ 1479355.707890599034727, 2345596.067743318155408 ], [ 1479332.274213904049248, 2345600.291231699753553 ], [ 1479327.603435955010355, 2345625.817026291508228 ], [ 1479367.94651639717631, 2345834.61865862691775 ], [ 1479125.13188050291501, 2345913.37186021823436 ], [ 1478989.064731613500044, 2345933.372715382836759 ], [ 1478754.340199616272002, 2345982.31912757223472 ], [ 1478498.543655053246766, 2346049.093515497166663 ], [ 1478135.768012275453657, 2346125.255944245029241 ], [ 1478237.168734210776165, 2346816.662426427938044 ], [ 1478183.470788791310042, 2346851.630045366939157 ], [ 1478161.802537520416081, 2346879.516169858630747 ], [ 1478160.41522882739082, 2346902.991836701054126 ], [ 1478180.396787599660456, 2346992.794375472236425 ], [ 1478237.362468196544796, 2346991.673938707448542 ], [ 1478242.055502927396446, 2347072.720609094016254 ], [ 1478115.583581060636789, 2347091.04713807720691 ], [ 1478105.845049266237766, 2346988.388570932205766 ] ] } },
{ "type": "Feature", "properties": { "route_name": "26_65 Periferico-Kanasín", "route_name_short": "65 Periferico-Kanasín", "route_type": 3, "agency_id": "Red_de_Transporte_Merida", "route_id": "26_65 Periferico-Kanasín", "shape_id": "Shape_26_65 Periferico-Kanasín" }, "geometry": { "type": "LineString", "coordinates": [ [ 1478369.585698107257485, 2347196.926037230528891 ], [ 1478684.159794878214598, 2347151.582400362472981 ], [ 1478809.716086914064363, 2347130.96217540698126 ], [ 1478942.226630104472861, 2347117.484956714324653 ], [ 1479110.315080483909696, 2347090.407817256636918 ], [ 1479233.575262194732204, 2347073.019870894495398 ], [ 1479286.672923365375027, 2347066.064996426459402 ], [ 1479338.13363424083218, 2347051.160598684102297 ], [ 1479452.349923957372084, 2347008.558523308951408 ], [ 1479586.518272226210684, 2346967.137740432284772 ], [ 1479732.825350458733737, 2346934.289075843989849 ], [ 1479787.305289755575359, 2346921.80804605036974 ], [ 1479860.091089994879439, 2346920.507404035422951 ], [ 1480017.827568954788148, 2346872.631408479530364 ], [ 1480002.442851261002943, 2346794.312943576369435 ], [ 1480208.825580874225125, 2346725.759003885090351 ], [ 1480661.247989359311759, 2346577.542862305417657 ], [ 1480696.563687738962471, 2346692.943745673634112 ], [ 1480736.078930613351986, 2346808.593768502119929 ], [ 1480770.089290251024067, 2346785.927591268904507 ], [ 1481097.070231192512438, 2346798.572484398726374 ], [ 1481205.430613717297092, 2346801.629450985696167 ], [ 1481344.708594338037074, 2346798.666726459283382 ], [ 1481349.454997576773167, 2346647.492862657643855 ], [ 1481511.816915411967784, 2346681.79994031181559 ], [ 1481820.611453475663438, 2346716.939582456368953 ], [ 1482035.359002989716828, 2346738.652628565672785 ], [ 1482198.782948454841971, 2346755.079550976399332 ], [ 1482398.896049177739769, 2346774.80734466155991 ], [ 1482619.946410502539948, 2346796.902386902831495 ], [ 1482685.707701172214001, 2346807.537583493161947 ], [ 1482742.94684785278514, 2346801.960064434446394 ], [ 1482834.919473902788013, 2346779.371917004697025 ], [ 1482919.088708638679236, 2346746.223364992067218 ], [ 1483099.96429236466065, 2346681.793475038837641 ], [ 1483444.918924160301685, 2346551.93974534003064 ], [ 1483761.64633059874177, 2346436.120808543637395 ], [ 1483816.867446923628449, 2346411.352771353907883 ], [ 1483832.500365756917745, 2346396.574134933296591 ], [ 1483850.233727016020566, 2346381.920308279339224 ], [ 1483872.500124706421047, 2346361.926003747154027 ], [ 1483885.833415548782796, 2346350.376633206848055 ], [ 1483907.568419048795477, 2346339.32650972250849 ], [ 1483937.040795631241053, 2346339.955876051448286 ], [ 1483950.294931206619367, 2346347.475312750786543 ], [ 1483964.26707265060395, 2346360.647285594604909 ], [ 1483968.388648325344548, 2346379.965715353377163 ], [ 1483962.99187703919597, 2346399.840472408104688 ], [ 1483954.577364672441036, 2346417.291949803475291 ], [ 1483950.537297416478395, 2346467.540523470845073 ], [ 1483975.322195622837171, 2346777.555648967158049 ], [ 1483991.07498065312393, 2346778.491974553558975 ], [ 1484026.196322482777759, 2346772.725781887769699 ], [ 1484287.48125734180212, 2346720.940044525079429 ], [ 1484407.948642100673169, 2346697.809303723275661 ], [ 1484531.76682233531028, 2346671.512549079488963 ], [ 1484707.511657763505355, 2346640.450964190531522 ], [ 1484796.075994804035872, 2346622.156894071027637 ], [ 1484892.258308101911098, 2346599.828365245833993 ], [ 1485025.598078514449298, 2346572.978878487832844 ], [ 1485010.142337153665721, 2346443.028967286925763 ], [ 1485002.447437364375219, 2346377.495035459753126 ], [ 1484992.585355349816382, 2346312.954231850337237 ], [ 1484990.498751303646713, 2346294.878075413405895 ], [ 1484985.222592152655125, 2346241.830138063523918 ], [ 1484980.863554844167084, 2346191.080780107993633 ], [ 1485244.452356298919767, 2346154.027175767347217 ], [ 1485499.708594713360071, 2346115.359156684484333 ], [ 1485546.99951310781762, 2346489.561928027775139 ], [ 1485666.276237924117595, 2346486.56394249945879 ], [ 1485674.545095523819327, 2346489.300243215635419 ], [ 1486128.617270268499851, 2346474.822634984273463 ], [ 1486137.285709033254534, 2346470.850758430548012 ], [ 1486140.969213420525193, 2346462.093836072366685 ], [ 1486140.851214749272913, 2346446.378273462876678 ], [ 1486117.68488903529942, 2345968.132940628100187 ], [ 1486107.840430922573432, 2345726.309173022396863 ], [ 1486093.459792194887996, 2345489.825836921576411 ], [ 1486087.490645541809499, 2345483.860336164012551 ], [ 1486085.855895109474659, 2345475.90878807194531 ], [ 1486091.573401047615334, 2345468.394902102649212 ], [ 1486098.075008733663708, 2345465.415827258955687 ], [ 1486109.695123372599483, 2345464.985519059002399 ], [ 1486114.680510543519631, 2345469.770430923439562 ], [ 1486116.315250877290964, 2345477.721987065859139 ], [ 1486115.915901246946305, 2345484.430421049240977 ], [ 1486109.214618555735797, 2345490.76370384870097 ], [ 1486115.923936229664832, 2345555.119080464355648 ], [ 1486131.664487751200795, 2345892.666864241473377 ], [ 1486145.330403974745423, 2346194.186508691404015 ], [ 1486151.747448346344754, 2346369.606583156157285 ], [ 1486158.372709526447579, 2346453.032018274534494 ], [ 1486149.904026290401816, 2346453.649672371800989 ], [ 1486148.321038382593542, 2346462.531699546147138 ], [ 1486145.421425200998783, 2346475.823463267181069 ], [ 1486137.736653126310557, 2346480.97595941554755 ], [ 1486103.928600377868861, 2346482.328546056058258 ], [ 1485670.077869958477095, 2346493.522399014793336 ], [ 1485658.525158072821796, 2346492.834657118655741 ], [ 1485540.365297701209784, 2346494.777134751435369 ], [ 1485519.638469771714881, 2346311.77637389022857 ], [ 1485495.108313091099262, 2346121.817495297640562 ], [ 1485239.918727087788284, 2346159.367488645017147 ], [ 1484986.965534884482622, 2346194.809742595534772 ], [ 1484996.401158076245338, 2346301.96119581349194 ], [ 1485014.623297366313636, 2346420.855478284414858 ], [ 1485031.633355448488146, 2346577.82596518099308 ], [ 1484885.491420246427879, 2346607.279817144852132 ], [ 1484719.914714502636343, 2346644.554661793634295 ], [ 1484572.924360427539796, 2346670.594202852807939 ], [ 1484415.167092215502635, 2346700.482497952878475 ], [ 1484394.041453378740698, 2346860.792176273651421 ], [ 1484380.079090966843069, 2347095.578792068641633 ], [ 1484366.585263033397496, 2347145.265637720469385 ], [ 1484362.662227927707136, 2347211.229457856621593 ], [ 1484108.629092388320714, 2347141.14634456159547 ], [ 1484025.878796625416726, 2347114.90901128295809 ], [ 1483914.906888811383396, 2347084.750644888263196 ], [ 1483487.555296441540122, 2346969.596473782788962 ], [ 1483493.312174691352993, 2346996.865503064822406 ], [ 1483511.060315156821162, 2347052.895992827601731 ], [ 1483533.853172975126654, 2347396.448036154732108 ], [ 1483311.598263658350334, 2347412.411908336449414 ], [ 1483291.079430020879954, 2347190.168136689811945 ], [ 1483295.600347564555705, 2346918.924376071896404 ], [ 1482786.576835580402985, 2346830.354758653789759 ], [ 1482754.221250028116629, 2346825.068067833781242 ], [ 1482670.275566176511347, 2346818.962751747574657 ], [ 1482195.953011793084443, 2346767.252731926739216 ], [ 1481876.390435271896422, 2346735.954539489466697 ], [ 1481733.118845204357058, 2346717.360278978012502 ], [ 1481535.240758956409991, 2346695.52959526097402 ], [ 1481434.173689951887354, 2346676.074834289494902 ], [ 1481368.744694751920179, 2346659.855249025858939 ], [ 1481214.263859173748642, 2346617.041769156232476 ], [ 1480984.183697491884232, 2346551.800191498361528 ], [ 1480668.85396730597131, 2346466.928370352834463 ], [ 1480458.66095210518688, 2346528.52227672887966 ], [ 1480069.463566371938214, 2346641.22170669818297 ], [ 1479646.267215649131685, 2346776.595865243580192 ], [ 1479293.906993909738958, 2346890.366017141845077 ], [ 1478929.821358574088663, 2346970.914998592343181 ], [ 1478713.100632397457957, 2347000.727591050323099 ], [ 1478524.211471959482878, 2347023.213521850761026 ], [ 1478245.205568201374263, 2347072.90679534804076 ], [ 1478261.426823138725013, 2347208.481177307665348 ], [ 1478368.53568112407811, 2347196.863963997457176 ] ] } },
{ "type": "Feature", "properties": { "route_name": "20_60 Penal Directo", "route_name_short": "60 Penal Directo", "route_type": 3, "agency_id": "Red_de_Transporte_Merida", "route_id": "20_60 Penal Directo", "shape_id": "Shape_20_60 Penal Directo" }, "geometry": { "type": "LineString", "coordinates": [ [ 1477810.921204855665565, 2346790.355790344532579 ], [ 1477796.391818123869598, 2346679.562959453091025 ], [ 1477772.628635183442384, 2346511.014103593770415 ], [ 1477730.846017487812787, 2346255.024533441290259 ], [ 1477701.901083648204803, 2346067.100376433227211 ], [ 1477674.652716919779778, 2345903.955871799495071 ], [ 1477665.807711862027645, 2345857.440909731201828 ], [ 1477656.607211789581925, 2345691.996952096465975 ], [ 1477658.130746327340603, 2345648.3377127754502 ], [ 1477633.80331551656127, 2345578.473503836896271 ], [ 1477626.205625546630472, 2345528.667041023261845 ], [ 1477607.188592165475711, 2345475.943049883935601 ], [ 1477564.123156155692413, 2345295.039792128372937 ], [ 1477535.868239109171554, 2345184.560754507780075 ], [ 1477521.182462395867333, 2345129.849267517682165 ], [ 1477497.617914713919163, 2345136.311135566327721 ], [ 1477446.999846030957997, 2344958.328948238864541 ], [ 1477415.850865390151739, 2344861.14124756352976 ], [ 1477468.824771977495402, 2344838.465937602333724 ], [ 1477431.890343605307862, 2344535.654203513637185 ], [ 1477417.49040354648605, 2344386.73210864327848 ], [ 1477399.468087219167501, 2344281.345268026459962 ], [ 1477360.13024248695001, 2344108.517679299693555 ], [ 1477344.497219462413341, 2343891.096267626620829 ], [ 1477592.025354776997119, 2343875.405771018005908 ], [ 1477591.89817323628813, 2343859.69354059221223 ], [ 1477584.92249355930835, 2343674.19076009048149 ], [ 1477575.392592965159565, 2343460.493411800358444 ], [ 1477578.218150987289846, 2343448.320612210314721 ], [ 1477585.046907942276448, 2343439.749158730264753 ], [ 1477751.521318117156625, 2343404.695562423206866 ], [ 1478025.051962535828352, 2343395.028436490800232 ], [ 1478026.97406539414078, 2343326.713349308818579 ], [ 1477966.525327169103548, 2343047.190764924045652 ], [ 1477898.399437209358439, 2342736.928973034955561 ], [ 1477872.044822324067354, 2342594.031783449463546 ], [ 1477830.078733393922448, 2342394.126065994147211 ], [ 1477798.99310567160137, 2342259.924893711693585 ], [ 1477764.371789477998391, 2342078.401466755196452 ], [ 1477764.778657945338637, 2342017.850066912360489 ], [ 1477741.565999491140246, 2341893.087799680884928 ], [ 1477687.321138438768685, 2341668.903751188423485 ], [ 1477338.06562712136656, 2341729.094291866291314 ], [ 1477312.136354691581801, 2341721.95820812182501 ], [ 1477270.210372872650623, 2341592.730968652293086 ], [ 1477223.294837405905128, 2341458.723343335092068 ], [ 1477600.98299351753667, 2341381.133193084504455 ], [ 1477569.096284764818847, 2341278.296532576903701 ], [ 1477442.060754225589335, 2341305.588292929809541 ], [ 1477321.591579667758197, 2341328.780502100009471 ], [ 1477289.834815134759992, 2341223.709356614854187 ], [ 1477228.493825003970414, 2340958.730204417835921 ], [ 1477067.908983351429924, 2341000.876414250582457 ], [ 1476900.177536559291184, 2340448.083089383784682 ], [ 1476614.784790830919519, 2340533.369275101460516 ], [ 1476574.879980515222996, 2340423.336175053846091 ], [ 1476866.707820842508227, 2340336.183750543277711 ], [ 1476748.768493124982342, 2339957.952414313331246 ], [ 1476757.369263054337353, 2339955.093131705187261 ], [ 1476883.448726698523387, 2340338.290495038963854 ], [ 1477028.477137801703066, 2340829.172390737105161 ], [ 1477073.426642101258039, 2340978.766391869168729 ], [ 1477107.154940253589302, 2341086.195792950689793 ], [ 1477238.263135188259184, 2341455.117841194849461 ], [ 1477462.393978308420628, 2341407.74385534459725 ], [ 1477497.556807139888406, 2341544.425852095708251 ], [ 1477291.217323679476976, 2341593.968219495378435 ], [ 1477284.586037846747786, 2341599.186403346713632 ], [ 1477282.811449537053704, 2341611.421136349905282 ], [ 1477322.116186190862209, 2341713.572035661432892 ], [ 1477340.890631427522749, 2341716.921421783976257 ], [ 1477706.033457910176367, 2341655.423432174138725 ], [ 1477772.73161218687892, 2341972.326375141274184 ], [ 1477778.502713462105021, 2341999.588903712108731 ], [ 1477771.995367444120347, 2342038.467200715094805 ], [ 1477777.107512462418526, 2342076.908572546206415 ], [ 1477823.533679998945445, 2342308.485779327806085 ], [ 1477872.05758026894182, 2342540.187520795501769 ], [ 1477924.181999975582585, 2342800.146806379780173 ], [ 1477964.834163715597242, 2342986.51515566278249 ], [ 1478015.379322891123593, 2343237.408951526507735 ], [ 1478036.030702438205481, 2343333.97826716536656 ], [ 1478036.209050181787461, 2343402.417280742898583 ], [ 1477758.477458394831046, 2343411.836423763539642 ], [ 1477591.084662473294884, 2343444.59224348468706 ], [ 1477583.72856230661273, 2343462.106718995142728 ], [ 1477594.56310355453752, 2343707.290507416240871 ], [ 1477598.84466965845786, 2343902.730366019997746 ], [ 1477604.048088627401739, 2344082.520004628691822 ], [ 1477624.440798626746982, 2344397.818060984369367 ], [ 1477647.336144912522286, 2344670.637144395615906 ], [ 1477676.711084632668644, 2344994.318929358851165 ], [ 1477684.348392174579203, 2345132.747695422265679 ], [ 1477730.025205169338733, 2345358.676719604060054 ], [ 1477737.743525663856417, 2345442.143697804305702 ], [ 1477798.832282308954746, 2345692.541026670020074 ], [ 1477839.125908996444196, 2345902.44930211128667 ], [ 1477846.974085054825991, 2345983.68092130497098 ], [ 1477874.45940865855664, 2346214.147474025376141 ], [ 1477929.95783712528646, 2346648.190512451343238 ], [ 1477960.506780914030969, 2346915.858599608764052 ], [ 1477830.69351137150079, 2346919.407009858638048 ], [ 1477810.789133890997618, 2346792.591552274767309 ] ] } },
{ "type": "Feature", "properties": { "route_name": "21_60 Penal Periférico", "route_name_short": "60 Penal Periférico", "route_type": 3, "agency_id": "Red_de_Transporte_Merida", "route_id": "21_60 Penal Periférico", "shape_id": "Shape_21_60 Penal Periférico" }, "geometry": { "type": "LineString", "coordinates": [ [ 1477890.069682150846347, 2346788.300734246149659 ], [ 1477813.939220311120152, 2346792.777634618803859 ], [ 1477715.395788882859051, 2346141.934455503243953 ], [ 1477659.848875797819346, 2345815.583465130534023 ], [ 1477652.610555575229228, 2345670.44732066616416 ], [ 1477534.55424510454759, 2345188.970288175623864 ], [ 1477487.639072843827307, 2345144.696445349603891 ], [ 1477501.686494742054492, 2345138.794748579151928 ], [ 1477410.995847102021798, 2344854.124242431484163 ], [ 1477468.758819804526865, 2344839.583812054712325 ], [ 1477413.299251592718065, 2344350.588509018067271 ], [ 1477375.600955050904304, 2344185.709732437040657 ], [ 1477352.542427841108292, 2344004.868335948325694 ], [ 1477344.826791971921921, 2343885.506906383205205 ], [ 1477592.152528425911441, 2343891.118001741822809 ], [ 1477574.737858026754111, 2343453.724216752219945 ], [ 1477588.984188149450347, 2343444.46838566660881 ], [ 1477753.621805709321052, 2343404.819438995793462 ], [ 1477988.947773855179548, 2343399.629314934369177 ], [ 1478025.970322804292664, 2343397.326168244704604 ], [ 1478027.760546818375587, 2343331.24685609061271 ], [ 1477893.877421611221507, 2342706.374479861930013 ], [ 1477077.435772714205086, 2342879.238130913116038 ], [ 1477052.732504970161244, 2342654.555056243669242 ], [ 1476287.583256732206792, 2342815.892745193094015 ], [ 1476263.451425945386291, 2342652.944078011903912 ], [ 1476251.266015890520066, 2342483.968575102742761 ], [ 1476028.272391051985323, 2342548.242832167074084 ], [ 1476017.914900150150061, 2342437.70533839892596 ], [ 1476004.331663466757163, 2342399.889492097776383 ], [ 1475906.140572276897728, 2341686.313368902541697 ], [ 1475851.097811960149556, 2341296.087422681972384 ], [ 1475820.391119829844683, 2341083.401411415543407 ], [ 1475791.586952846962959, 2340856.245650220196694 ], [ 1475705.352799769490957, 2340297.057145932223648 ], [ 1475633.678705124184489, 2339705.077088647987694 ], [ 1475341.857312301173806, 2339935.828339859843254 ], [ 1475216.792857784312218, 2339732.18869570735842 ], [ 1475330.303278651554137, 2339665.945325803011656 ], [ 1475292.684485709993169, 2339570.636369358282536 ], [ 1475307.911993813700974, 2339257.459333271719515 ], [ 1475032.630065397592261, 2339242.419883497525007 ], [ 1475033.154986632522196, 2339233.477303012739867 ], [ 1474926.929293238092214, 2339229.485649307724088 ], [ 1474902.428965190891176, 2338964.455302778165787 ], [ 1475011.873261998873204, 2338967.513259851373732 ], [ 1475044.184328017756343, 2339225.151322259102017 ], [ 1475426.34989405144006, 2339250.953715642448515 ], [ 1475438.036293701268733, 2339267.343589776661247 ], [ 1475562.186450425069779, 2339271.269569576717913 ], [ 1475540.126006290083751, 2339090.503625578247011 ], [ 1475543.670608931453899, 2339012.193537688814104 ], [ 1475849.355895687360317, 2339209.618993126787245 ], [ 1475890.257712338585407, 2339249.038003320805728 ], [ 1476218.475091505795717, 2338865.630243679508567 ], [ 1476495.732794180279598, 2339062.520630673971027 ], [ 1476552.587893354240805, 2339117.46186034893617 ], [ 1476533.34386549750343, 2339247.571832081303 ], [ 1476558.683689845725894, 2339300.660703734960407 ], [ 1476758.918699339730665, 2339480.69312144536525 ], [ 1476936.512501704506576, 2339507.964031213428825 ], [ 1476970.34332815813832, 2339291.215835622511804 ], [ 1476987.151115919696167, 2339292.204400861170143 ], [ 1477132.504700006684288, 2339383.762895868159831 ], [ 1477100.834329430479556, 2339635.412707303185016 ], [ 1477009.575229206588119, 2339627.800478278659284 ], [ 1476922.78114951774478, 2339615.964474103879184 ], [ 1476796.710348087362945, 2339788.02601671544835 ], [ 1476571.660560680320486, 2339653.644351141061634 ], [ 1476566.341304597910494, 2339672.400851479265839 ], [ 1477486.476079819258302, 2340247.025100884959102 ], [ 1478385.607460859231651, 2340873.213801883161068 ], [ 1478407.270950958132744, 2340881.221420904621482 ], [ 1478658.214340395759791, 2341076.623343832790852 ], [ 1478632.134734084829688, 2341143.514790668152273 ], [ 1478279.193058357574046, 2340836.653750769328326 ], [ 1477597.345701843034476, 2340369.093495853245258 ], [ 1476897.083107840735465, 2339909.468638675753027 ], [ 1476836.027477132156491, 2339890.172727608587593 ], [ 1476759.21670200699009, 2339852.002727929502726 ], [ 1476735.316362333949655, 2339882.005357187706977 ], [ 1476972.895125680137426, 2340645.301031463313848 ], [ 1477177.039121137466282, 2341295.589692316483706 ], [ 1477235.767430362291634, 2341461.701356870122254 ], [ 1477462.328132145572454, 2341408.86173192365095 ], [ 1477497.36253307829611, 2341529.831572304014117 ], [ 1477607.064195821993053, 2341510.493801867589355 ], [ 1477634.044285289710388, 2341517.692140483763069 ], [ 1477660.629190538078547, 2341531.597817833535373 ], [ 1477676.117673374246806, 2341554.945618026889861 ], [ 1477822.936526588397101, 2342336.494800311978906 ], [ 1477902.539056116249412, 2342720.346479419153184 ], [ 1477911.58738839905709, 2342763.507387882098556 ], [ 1477950.864611463155597, 2342937.454976452980191 ], [ 1478003.840701337903738, 2343182.883035771083087 ], [ 1478036.294479294214398, 2343329.506713510490954 ], [ 1478033.585865442641079, 2343393.288305593654513 ] ] } },
{ "type": "Feature", "properties": { "route_name": "65_82 García Gineres Tanlum", "route_name_short": "82 García Gineres Tanlum", "route_type": 3, "agency_id": "Red_de_Transporte_Merida", "route_id": "65_82 García Gineres Tanlum", "shape_id": "Shape_65_82 García Gineres Tanlum" }, "geometry": { "type": "LineString", "coordinates": [ [ 1478180.342429555952549, 2347617.630818650592119 ], [ 1477927.216303799767047, 2347639.687771911732852 ], [ 1477628.937071603024378, 2347677.028650816064328 ], [ 1477596.944636338856071, 2347416.007792242337018 ], [ 1477195.239737264346331, 2347456.22198935970664 ], [ 1476941.657458163797855, 2347486.11926009086892 ], [ 1476864.35624613892287, 2347474.825092501472682 ], [ 1476795.190823101438582, 2347468.498584031593055 ], [ 1476594.368073255755007, 2347514.97601439896971 ], [ 1476649.466840286273509, 2347795.299935728311539 ], [ 1476699.066020626341924, 2348025.94332382734865 ], [ 1476712.102770644240081, 2348090.652869567740709 ], [ 1476731.618294845800847, 2348206.223897086456418 ], [ 1476738.48700383794494, 2348268.325896238908172 ], [ 1476767.173908662982285, 2348424.821951663587242 ], [ 1476808.353174866642803, 2348690.866558893118054 ], [ 1476813.457434384152293, 2348729.307774130254984 ], [ 1476848.30114926234819, 2348906.360178732313216 ], [ 1476828.076130179222673, 2348945.548723296262324 ], [ 1476819.076192799489945, 2348973.061017071828246 ], [ 1476832.221678333124146, 2349089.378680455498397 ], [ 1476835.97024708148092, 2349239.915826690848917 ], [ 1476847.668316504918039, 2349362.878772988449782 ], [ 1476868.257552125956863, 2349567.134013793431222 ], [ 1476878.118527795188129, 2349685.501689694821835 ], [ 1476783.825904766563326, 2349694.512481070123613 ], [ 1476800.544463704107329, 2349892.93010723637417 ], [ 1476809.626238191965967, 2349988.816452074795961 ], [ 1476826.01203689025715, 2350192.823673031292856 ], [ 1476835.94416930153966, 2350292.125800866167992 ], [ 1477027.474840194918215, 2350277.647733537945896 ], [ 1477041.052688433788717, 2350439.985182341188192 ], [ 1476767.83084334875457, 2350624.627920032478869 ], [ 1476730.222770544234663, 2350654.935779281426221 ], [ 1476697.929680608678609, 2350684.436085760127753 ], [ 1476682.895248739281669, 2350707.104294152930379 ], [ 1476669.439228073228151, 2350720.891735044308007 ], [ 1476448.001681508729234, 2350885.040314852725714 ], [ 1476364.324279467109591, 2350946.278107466641814 ], [ 1476285.896162695251405, 2351007.826253793668002 ], [ 1475915.558327685110271, 2351285.448061026632786 ], [ 1475655.312823581974953, 2351411.411903368774801 ], [ 1475307.409346477594227, 2351577.069929370190948 ], [ 1475156.35859536472708, 2351655.64408985665068 ], [ 1475097.499442299362272, 2351689.18520904192701 ], [ 1474998.543544557876885, 2351759.618902713060379 ], [ 1474989.354461534647271, 2351772.536887452937663 ], [ 1474977.148468991974369, 2351783.03333070455119 ], [ 1474732.510216563474387, 2351983.958376057446003 ], [ 1474591.951146579813212, 2352099.048370844684541 ], [ 1474547.525662737898529, 2352137.928952590096742 ], [ 1474618.218168067280203, 2352403.457827633246779 ], [ 1474185.401457956526428, 2352759.285386506933719 ], [ 1474113.52590953046456, 2352495.934052634984255 ], [ 1473949.550126429181546, 2352633.198971297591925 ], [ 1473885.338568547740579, 2352811.122404135297984 ], [ 1473880.348944243742153, 2352824.288145198486745 ], [ 1473875.293369011022151, 2352838.571672094985843 ], [ 1473853.642990293214098, 2352848.511007616762072 ], [ 1473743.957626003306359, 2352868.959798926953226 ], [ 1473729.720132665941492, 2352878.214905017521232 ], [ 1473718.433430091477931, 2352891.009123483672738 ], [ 1473715.801208178512752, 2352917.774013428483158 ], [ 1474192.778226174879819, 2354489.368241571355611 ], [ 1474230.303694956470281, 2354638.526890237815678 ], [ 1474410.70057798968628, 2355221.252589967567474 ], [ 1474494.419734368333593, 2355461.758862706366926 ], [ 1474590.959418092854321, 2355770.327383146155626 ], [ 1474614.153357993345708, 2355823.297475744504482 ], [ 1474642.536037768702954, 2355859.748830138705671 ], [ 1474727.633835406973958, 2355934.327420410234481 ], [ 1474790.512844356708229, 2355975.062853196170181 ], [ 1474834.709917408181354, 2355993.380998807959259 ], [ 1474891.697674631606787, 2356009.090735708363354 ], [ 1475031.254686139756814, 2356035.293995404150337 ], [ 1475095.596776968799531, 2356033.492041296325624 ], [ 1475445.870236680377275, 2356093.480480390135199 ], [ 1475788.732623864430934, 2356154.160151136107743 ], [ 1475798.091597052756697, 2356191.731974197551608 ], [ 1475778.531342917820439, 2356219.739230517297983 ], [ 1475225.418220677413046, 2356117.451067286077887 ], [ 1475163.646835607942194, 2356093.604758949019015 ], [ 1474859.943724704207852, 2356029.646827428136021 ], [ 1474756.007641327567399, 2355988.726091582328081 ], [ 1474689.195640858728439, 2355943.271355285774916 ], [ 1474639.56978614628315, 2355892.103056862484664 ], [ 1474595.322648078203201, 2355839.009668734390289 ], [ 1474565.113567374646664, 2355780.01629128260538 ], [ 1474394.159166863886639, 2355251.682628626469523 ], [ 1474345.528079663403332, 2355165.802706266287714 ], [ 1474260.247532915556803, 2354880.338876768015325 ], [ 1474156.878178644925356, 2354544.454038938041776 ], [ 1474044.987123605329543, 2354174.418151839636266 ], [ 1474021.40392944123596, 2354092.264078460168093 ], [ 1473966.17043570545502, 2353921.871695947833359 ], [ 1473870.120539776980877, 2353604.373808310832828 ], [ 1473806.953294402221218, 2353407.716743482276797 ], [ 1473779.29996081860736, 2353323.080650636460632 ], [ 1473615.29004734614864, 2353389.676697252783924 ], [ 1473605.316917879274115, 2353398.061626429203898 ], [ 1473592.261253043543547, 2353405.143006502650678 ], [ 1473581.238647853024304, 2353413.466018279083073 ], [ 1473563.985019295476377, 2353420.299719932954758 ], [ 1473544.896215996006504, 2353422.538474067579955 ], [ 1473522.592990261968225, 2353425.709268277976662 ], [ 1473498.256741645280272, 2353427.638474371284246 ], [ 1473423.407330985646695, 2353446.777698216028512 ], [ 1473288.204453107435256, 2353489.276942235883325 ], [ 1473276.52823785925284, 2353490.831526882946491 ], [ 1473270.363188127288595, 2353488.224549957551062 ], [ 1473264.461866372497752, 2353481.146483913995326 ], [ 1473210.524558609584346, 2353324.297618151176721 ], [ 1473129.186164590995759, 2353328.473921640776098 ], [ 1473150.930296906270087, 2353441.922085422091186 ], [ 1473251.752373750088736, 2353428.800381378736347 ], [ 1473269.907095685135573, 2353478.102686712518334 ], [ 1473271.742338228970766, 2353482.697588821407408 ], [ 1473275.808417765423656, 2353485.180755146313459 ], [ 1473282.105336070759222, 2353485.552187080029398 ], [ 1473290.699030636809766, 2353482.694112607743591 ], [ 1473300.342217142228037, 2353479.897947901859879 ], [ 1473363.778592536691576, 2353457.84172290796414 ], [ 1473443.155459392350167, 2353433.361051931977272 ], [ 1473494.454436028841883, 2353420.684133390430361 ], [ 1473551.654847625177354, 2353415.085542892571539 ], [ 1473563.463125812355429, 2353411.295559046790004 ], [ 1473576.386862642597407, 2353406.449723629280925 ], [ 1473588.393014749977738, 2353399.306411227211356 ], [ 1473612.471309477463365, 2353383.902019084431231 ], [ 1473774.316262284992263, 2353318.299845943693072 ], [ 1473801.14767944556661, 2353309.788121772464365 ], [ 1473520.152071351185441, 2352377.927162847016007 ], [ 1473287.664298669900745, 2351640.749286407139152 ], [ 1473265.706029275199398, 2351566.547490357887 ], [ 1473247.414583958685398, 2351519.481646831147373 ], [ 1473222.039149357005954, 2351467.511812443379313 ], [ 1473194.300802207784727, 2351419.889476500451565 ], [ 1472718.864012321457267, 2350514.760711421258748 ], [ 1472673.408957833424211, 2350463.854467371013016 ], [ 1472546.895306253340095, 2350233.202924762386829 ], [ 1472524.460251289885491, 2350220.666265041101724 ], [ 1472518.099232967710122, 2350203.467467064969242 ], [ 1472519.151724441442639, 2350185.583334990311414 ], [ 1472527.815090200863779, 2350163.660585278179497 ], [ 1472547.696063079871237, 2350148.006144148297608 ], [ 1472561.539275982417166, 2350145.455945385619998 ], [ 1472578.268413831014186, 2350147.562124768272042 ], [ 1472597.4887550114654, 2350161.031257389578968 ], [ 1472609.950473924633116, 2350181.954068484250456 ], [ 1472608.503162905573845, 2350206.544795331079513 ], [ 1472722.094712550751865, 2350424.098348189610988 ], [ 1472721.367725687799975, 2350454.339734545443207 ], [ 1473161.923394676297903, 2351290.113286822102964 ], [ 1473264.476193595910445, 2351498.053978751413524 ], [ 1473334.492259202059358, 2351686.132248282432556 ], [ 1473676.6114730425179, 2352796.564670072402805 ], [ 1473710.246106683742255, 2352851.267517074476928 ], [ 1473728.742123791947961, 2352859.08873958978802 ], [ 1473744.617084939964116, 2352857.781955489888787 ], [ 1473851.021985848899931, 2352839.382935131900012 ], [ 1473861.979079644661397, 2352832.177687376271933 ], [ 1473868.540150566026568, 2352828.078097812365741 ], [ 1473942.598935365909711, 2352626.058750378433615 ], [ 1474141.354049261892214, 2352452.708745168056339 ], [ 1474512.031035982770845, 2352150.415975795593113 ], [ 1474758.043366659199819, 2351943.962636989541352 ], [ 1474963.833153479034081, 2351776.638643637299538 ], [ 1474980.435681237373501, 2351763.036637156736106 ], [ 1475093.630861500278115, 2351683.348223386798054 ], [ 1475175.456771514611319, 2351635.45921985199675 ], [ 1475599.607078817207366, 2351427.190773801878095 ], [ 1475918.252120577730238, 2351275.511585939209908 ], [ 1475941.390251722652465, 2351329.600345237180591 ], [ 1476096.480581443291157, 2351343.251687661744654 ], [ 1476135.921129022026435, 2351317.538895473815501 ], [ 1476237.484960788860917, 2351310.080372362397611 ], [ 1476488.976182256359607, 2351118.543372760061175 ], [ 1476546.395526564214379, 2351091.650275971740484 ], [ 1476678.749902117531747, 2351044.508754370734096 ], [ 1476655.884782200213522, 2350967.999099679291248 ], [ 1476639.259200237691402, 2350875.032068564556539 ], [ 1476720.823698211461306, 2350849.566415566019714 ], [ 1476672.339177654124796, 2350689.653921956662089 ], [ 1476525.990864337421954, 2350617.063710944261402 ], [ 1476355.563465151935816, 2350541.930767359677702 ], [ 1476345.131995453964919, 2350540.192640002351254 ], [ 1476341.604501557070762, 2350332.46092481026426 ], [ 1476452.490502307657152, 2350327.795181337278336 ], [ 1476467.114121491089463, 2350347.729045508895069 ], [ 1476671.407750338548794, 2350562.840189644601196 ], [ 1476722.566653664922342, 2350606.247525901533663 ], [ 1476757.201107622589916, 2350626.243061649147421 ], [ 1476772.822866139933467, 2350611.461892076767981 ], [ 1476809.609861546661705, 2350505.947443284094334 ], [ 1476834.115091679850593, 2350429.994457366876304 ], [ 1476838.652109012007713, 2350406.705643446650356 ], [ 1476825.39515485917218, 2350256.727628781925887 ], [ 1476801.352726363576949, 2350004.032128939870745 ], [ 1476797.366210610140115, 2349964.534919409547001 ], [ 1476791.624712693504989, 2349883.428898144047707 ], [ 1476774.905985274352133, 2349685.011328528635204 ], [ 1476755.136673945002258, 2349395.551486707758158 ], [ 1476730.511028559645638, 2349099.074798808898777 ], [ 1476720.772017160430551, 2348996.419800343923271 ], [ 1476671.314928313717246, 2348763.539186907466501 ], [ 1476647.878847438143566, 2348607.353370476979762 ], [ 1476623.649517488200217, 2348464.582015134394169 ], [ 1476897.037805585190654, 2348420.152228695340455 ], [ 1476817.857832478825003, 2347976.869467837736011 ], [ 1477165.100549328606576, 2347877.347421678714454 ], [ 1477423.09061785787344, 2347808.454285852611065 ], [ 1477436.000115193426609, 2347857.453200646210462 ], [ 1477649.425759846810251, 2347811.731032903771847 ], [ 1477939.435381261166185, 2347771.659206128679216 ], [ 1478196.30447494215332, 2347739.728453788440675 ] ] } },
{ "type": "Feature", "properties": { "route_name": "62_50 Xmatkuil", "route_name_short": "50 Xmatkuil", "route_type": 3, "agency_id": "Red_de_Transporte_Merida", "route_id": "62_50 Xmatkuil", "shape_id": "Shape_62_50 Xmatkuil" }, "geometry": { "type": "LineString", "coordinates": [ [ 1478227.409017450176179, 2346767.848479613661766 ], [ 1478083.414709584787488, 2346779.531827630009502 ], [ 1478065.604723180644214, 2346670.787695011589676 ], [ 1478326.044099994702265, 2346614.382501722779125 ], [ 1478574.282699205679819, 2346550.528402946423739 ], [ 1478552.479679289273918, 2346420.232195321004838 ], [ 1478501.759995535947382, 2346048.161776315886527 ], [ 1478442.765013044234365, 2345673.360416495241225 ], [ 1478424.78655855730176, 2345478.227385260164738 ], [ 1478397.355254831258208, 2345282.536328536458313 ], [ 1478373.745155001292005, 2345039.956037564203143 ], [ 1478373.109539681579918, 2344979.341633821371943 ], [ 1478388.952433845959604, 2344907.36063363077119 ], [ 1478413.994927847292274, 2344804.512622625101358 ], [ 1478453.956077861599624, 2344645.333952765911818 ], [ 1478496.095575417159125, 2344449.264455016702414 ], [ 1478537.761035783449188, 2344296.916790076065809 ], [ 1478569.788322114851326, 2344111.467738431878388 ], [ 1478553.995106984628364, 2343825.599007278680801 ], [ 1478555.761494742240757, 2343634.998026967048645 ], [ 1478549.442683476489037, 2343259.945637665688992 ], [ 1478544.190007949480787, 2342813.16193351848051 ], [ 1478548.308147134957835, 2342403.950822018552572 ], [ 1478549.232703196583316, 2342138.14087595557794 ], [ 1478551.280539589934051, 2341835.378287536557764 ], [ 1478553.782672012923285, 2341542.738799897022545 ], [ 1478567.340839341748506, 2341402.192899267189205 ], [ 1478584.230389442527667, 2341330.272539003286511 ], [ 1478649.657828339375556, 2341168.105657542590052 ], [ 1478759.892724627861753, 2340871.721870916895568 ], [ 1478786.368281639879569, 2340798.122818503063172 ], [ 1478820.131094006821513, 2340726.075197227299213 ], [ 1478844.369901928119361, 2340672.536467131227255 ], [ 1478879.196059497538954, 2340546.705233410000801 ], [ 1478883.818360498175025, 2340432.55457696178928 ], [ 1478882.25296886311844, 2340387.590448290109634 ], [ 1478848.538549486547709, 2340244.25660856300965 ], [ 1478792.196548243518919, 2339984.044768746942282 ], [ 1478712.102151740575209, 2339625.960534880869091 ], [ 1478646.428238521097228, 2339362.958113766275346 ], [ 1478573.998275720281526, 2339035.617510231211782 ], [ 1478476.230790814850479, 2338619.287988657131791 ], [ 1478376.15949192782864, 2338170.294649790972471 ], [ 1478292.613543384708464, 2337816.506068540737033 ], [ 1478239.910657176282257, 2337583.441981144249439 ], [ 1478233.217761250212789, 2337535.933917947579175 ], [ 1478227.77091730828397, 2337503.082170200999826 ], [ 1478230.467779585858807, 2337457.248405273538083 ], [ 1478232.83923307666555, 2337381.107786627486348 ], [ 1478288.028002300998196, 2337070.259984431788325 ], [ 1478323.704097483772784, 2336858.101160495076329 ], [ 1478384.673740650061518, 2336502.721802042797208 ], [ 1478435.655712276697159, 2336209.573463550768793 ], [ 1478487.162819129880518, 2335907.481403975281864 ], [ 1478528.158128208480775, 2335658.615720324218273 ], [ 1478552.727643755730242, 2335527.69158674031496 ], [ 1478555.751600747928023, 2335476.267935829702765 ], [ 1478557.334254076704383, 2335359.696816237643361 ], [ 1478560.029323906172067, 2335313.862683950457722 ], [ 1478582.818784061819315, 2335302.863232459872961 ], [ 1478745.361421786248684, 2335318.030586160253733 ], [ 1478807.423489360604435, 2335320.558858656324446 ], [ 1478799.738033966626972, 2335343.664184841327369 ], [ 1478594.705075280973688, 2335315.90165281901136 ], [ 1478578.614696155535057, 2335320.564370239153504 ], [ 1478573.88570359768346, 2335329.26047037448734 ], [ 1478565.009207803755999, 2335516.074326494708657 ], [ 1478544.838761772960424, 2335661.840218936558813 ], [ 1478466.397488673683256, 2336099.204599065240473 ], [ 1478403.260415743570775, 2336473.527349052019417 ], [ 1478324.025036751292646, 2336942.252658660523593 ], [ 1478249.651239887345582, 2337364.14869518764317 ], [ 1478243.535844328813255, 2337450.164957377593964 ], [ 1478240.837128255050629, 2337513.946906809695065 ], [ 1478258.883937513455749, 2337619.333265223540366 ], [ 1478346.043859091820195, 2337983.429390277713537 ], [ 1478411.33871771581471, 2338289.030197476968169 ], [ 1478500.256719527766109, 2338658.843279643915594 ], [ 1478581.816049146698788, 2339010.277008962351829 ], [ 1478648.608231554739177, 2339290.170500049833208 ], [ 1478702.727339675184339, 2339552.491889143828303 ], [ 1478772.007224655011669, 2339825.804042522329837 ], [ 1478810.454012442845851, 2339960.44148853328079 ], [ 1478847.112500742776319, 2340161.159773701336235 ], [ 1478894.99037171760574, 2340386.097845089156181 ], [ 1478897.194027944467962, 2340509.625375225674361 ], [ 1478884.373997574904934, 2340584.029821350704879 ], [ 1478873.07002813462168, 2340632.722321655601263 ], [ 1478775.192023828625679, 2340862.527857362758368 ], [ 1478695.17234699241817, 2341093.385899864137173 ], [ 1478593.613711000187322, 2341349.896275719627738 ], [ 1478569.033016351284459, 2341462.869301804807037 ], [ 1478567.968205312732607, 2341784.760168490000069 ], [ 1478563.612559473142028, 2342126.64941180543974 ], [ 1478560.916967887431383, 2342386.746012392919511 ], [ 1478558.194119338644668, 2342736.584555719979107 ], [ 1478553.646639217622578, 2343027.982427014037967 ], [ 1478457.344922873657197, 2343034.639417159371078 ], [ 1478466.335914602736011, 2343489.495503302197903 ], [ 1478371.285158287268132, 2343492.860208846628666 ], [ 1478406.938614989165217, 2344102.975174453575164 ], [ 1478294.499679521890357, 2344097.459710137918591 ], [ 1478347.275966154877096, 2344899.290544173680246 ], [ 1478260.970583703136072, 2344879.611021589953452 ], [ 1478278.835217538056895, 2345041.081947261933237 ], [ 1478250.954568227753043, 2345191.999066146090627 ], [ 1478273.844987213844433, 2345428.927102544344962 ], [ 1478293.68709153868258, 2345556.861615752801299 ], [ 1478386.34814344951883, 2346128.842396503314376 ], [ 1478468.617465425748378, 2346715.918431893456727 ], [ 1478230.823392803082243, 2346763.563077729661018 ] ] } },
{ "type": "Feature", "properties": { "route_name": "40_60 Emiliano Zapata Azul y Rojo", "route_name_short": "60 Emiliano Zapata Azul y Rojo", "route_type": 3, "agency_id": "Red_de_Transporte_Merida", "route_id": "40_60 Emiliano Zapata Azul y Rojo", "shape_id": "Shape_40_60 Emiliano Zapata Azul y Rojo" }, "geometry": { "type": "LineString", "coordinates": [ [ 1478084.58319087815471, 2346813.254578344058245 ], [ 1478016.985275252023712, 2346280.89855485688895 ], [ 1477968.292916126083583, 2345892.128472679760307 ], [ 1477918.309767000842839, 2345614.340118802152574 ], [ 1477899.323341612704098, 2345471.874675029888749 ], [ 1477889.259126818040386, 2345338.910425854381174 ], [ 1477845.431642194278538, 2345081.679413275327533 ], [ 1477800.077739169122651, 2345082.367704459000379 ], [ 1477782.68726476887241, 2345073.488823297433555 ], [ 1477778.36029657558538, 2345057.528573867864907 ], [ 1477744.398295126855373, 2344936.616005334071815 ], [ 1477734.86347471177578, 2344776.761423857416958 ], [ 1477782.906774411909282, 2344784.083722117356956 ], [ 1477767.93855675519444, 2344573.428602302912623 ], [ 1477750.01971484394744, 2344573.493025245610625 ], [ 1477731.477843548636883, 2344226.893074771855026 ], [ 1477726.454682426527143, 2344115.541354902554303 ], [ 1477719.315945510286838, 2344057.909900713711977 ], [ 1477715.10267271194607, 2343861.351526467595249 ], [ 1477591.7616310804151, 2343879.877282625064254 ], [ 1477577.5589816540014, 2343459.499390838202089 ], [ 1477579.400221274234354, 2343446.146784694399685 ], [ 1477587.213299782713875, 2343438.755137722939253 ], [ 1477748.238732917234302, 2343406.745511653833091 ], [ 1477832.785751650808379, 2343402.757706353906542 ], [ 1478026.168159299064428, 2343393.972503824159503 ], [ 1478027.760546818375587, 2343331.24685609061271 ], [ 1477998.061882581561804, 2343191.516394084785134 ], [ 1477966.591257890220731, 2343046.072877910919487 ], [ 1477949.409666420193389, 2342979.996610549744219 ], [ 1477936.890404068864882, 2342906.342963830102235 ], [ 1477896.039561041863635, 2342723.328553800005466 ], [ 1477892.827129675773904, 2342706.312550182454288 ], [ 1477417.675078326370567, 2342810.669873353093863 ], [ 1477195.727509829448536, 2342857.042842367198318 ], [ 1476922.51404397841543, 2342914.980502230115235 ], [ 1476613.201098883990198, 2342977.525879673659801 ], [ 1476300.478975908830762, 2343044.361902843695134 ], [ 1476102.109510878100991, 2343084.282347434200346 ], [ 1476088.803941865451634, 2342952.258107461500913 ], [ 1476049.977558813523501, 2342716.655765114817768 ], [ 1476030.109763883519918, 2342552.837818127591163 ], [ 1476016.991745182778686, 2342471.302429214119911 ], [ 1476010.170598934870213, 2342426.032487515360117 ], [ 1476000.788383030099794, 2342388.463861529249698 ], [ 1475976.061341870576143, 2342217.630335769150406 ], [ 1475946.021460742689669, 2341993.76420950749889 ], [ 1475910.466473338659853, 2341756.11373013490811 ], [ 1475884.422627854160964, 2341571.743535994086415 ], [ 1475861.985365006141365, 2341415.628475064411759 ], [ 1475637.934644385008141, 2341461.904055367223918 ], [ 1475635.442201487254351, 2341432.593332502990961 ], [ 1475630.847847388125956, 2341421.106218195520341 ], [ 1475621.460717071779072, 2341419.432609992101789 ], [ 1475590.804377159103751, 2341420.995323840063065 ], [ 1475318.179194287396967, 2341468.905651015229523 ], [ 1475303.54597789933905, 2341359.241738762706518 ], [ 1475299.214186361059546, 2341343.283505720086396 ], [ 1475123.418006143532693, 2341339.682521185372025 ], [ 1475127.557990646455437, 2341215.418978943489492 ], [ 1475200.686145479790866, 2341226.446193459443748 ], [ 1475237.118860368151218, 2341234.195586025714874 ], [ 1475574.603158525656909, 2341212.528906591702253 ], [ 1475537.459984814282507, 2340983.76306314021349 ], [ 1475548.16582133853808, 2340873.34452763479203 ], [ 1475537.143178148893639, 2340738.093375309370458 ], [ 1475531.433771238895133, 2340691.768388943281025 ], [ 1475313.220344251953065, 2340728.299969355110079 ], [ 1475177.330556108150631, 2340744.99312542239204 ], [ 1475093.762084927409887, 2340750.178892209660262 ], [ 1475033.826719576958567, 2340747.779821939300746 ], [ 1475034.156269967323169, 2340634.509657274466008 ], [ 1475183.634850821923465, 2340637.681927529163659 ], [ 1475410.251196178141981, 2340601.642057127319276 ], [ 1475520.14671241864562, 2340578.93575007095933 ], [ 1475688.536039206665009, 2340547.329154027160257 ], [ 1475750.771853421116248, 2340528.553117636125535 ], [ 1475866.321094037499279, 2341377.74544591223821 ], [ 1475927.267809298355132, 2341792.996689115185291 ], [ 1475982.759667089208961, 2342193.346781803295016 ], [ 1476015.360532617894933, 2342391.56476619746536 ], [ 1476020.80478402832523, 2342424.414829049725085 ], [ 1476027.689437226159498, 2342486.514237942174077 ], [ 1476037.731547148898244, 2342494.957195329945534 ], [ 1476064.31000948138535, 2342544.755078002344817 ], [ 1476395.990096966270357, 2343015.212237329687923 ], [ 1476829.235717858653516, 2342924.068142739124596 ], [ 1477170.521162462886423, 2342855.557527623139322 ], [ 1477899.590290713123977, 2342698.858929350972176 ], [ 1477963.322386380517855, 2342994.278423262760043 ], [ 1478025.278860671212897, 2343283.985784640535712 ], [ 1478034.914502776227891, 2343335.03420097893104 ], [ 1478030.825902888551354, 2343404.343276392668486 ], [ 1477756.376971454825252, 2343411.712546217720956 ], [ 1477593.119219183921814, 2343445.833979793824255 ], [ 1477587.142941010184586, 2343457.820993882603943 ], [ 1477590.737209665123373, 2343521.973554961849004 ], [ 1477598.208782120142132, 2343824.169201626442373 ], [ 1477604.128416382707655, 2344027.558144016657025 ], [ 1477618.179434714838862, 2344253.862298188731074 ], [ 1477633.400424979627132, 2344513.888885405380279 ], [ 1477656.629561084322631, 2344763.170707968529314 ], [ 1477680.752568170893937, 2345086.54278955468908 ], [ 1477731.009337618481368, 2345359.85658579878509 ], [ 1477738.469402551883832, 2345429.847015539649874 ], [ 1477787.298857275862247, 2345638.014754431787878 ], [ 1477822.546691762749106, 2345826.311100605875254 ], [ 1477873.613684112206101, 2346192.78366773808375 ], [ 1477927.923794140573591, 2346646.948566199745983 ], [ 1477962.54078065417707, 2346917.100564140360802 ], [ 1478093.734885454643518, 2346908.025765427388251 ], [ 1478084.318971742875874, 2346817.726127131376415 ] ] } },
{ "type": "Feature", "properties": { "route_name": "70_66 Ibrica", "route_name_short": "66 Ibrica", "route_type": 3, "agency_id": "Red_de_Transporte_Merida", "route_id": "70_66 Ibrica", "shape_id": "Shape_70_66 Ibrica" }, "geometry": { "type": "LineString", "coordinates": [ [ 1478428.599774406291544, 2347161.151776312850416 ], [ 1478468.57090095570311, 2347465.280049193184823 ], [ 1477747.506878352724016, 2347542.690280051436275 ], [ 1477795.922223398461938, 2347917.983503152616322 ], [ 1477832.025741496123374, 2348216.268914388027042 ], [ 1477855.5412912289612, 2348477.9137705815956 ], [ 1477844.417107768822461, 2348559.146622231695801 ], [ 1477790.26713624317199, 2348744.405382656492293 ], [ 1477710.815673304488882, 2349019.032486746553332 ], [ 1477445.452715617837384, 2349016.805714466143399 ], [ 1477242.607068346813321, 2349062.026752748060971 ], [ 1477128.751819097902626, 2349081.0988654429093 ], [ 1477162.2617332409136, 2349458.871848699171096 ], [ 1477224.096621478442103, 2350177.096096566878259 ], [ 1477224.543705806601793, 2350205.166880226228386 ], [ 1477273.852561423089355, 2350279.876286321785301 ], [ 1477407.946688659023494, 2350470.656818878371269 ], [ 1477542.888517320854589, 2350664.855401427019387 ], [ 1477454.111645960249007, 2350812.165774509776384 ], [ 1477365.137464144499972, 2350962.829613199923187 ], [ 1477269.998213030630723, 2351110.884959033224732 ], [ 1477175.579274133080617, 2351264.591604897752404 ], [ 1477133.292396533302963, 2351338.370729078538716 ], [ 1477086.806908670347184, 2351411.901425310410559 ], [ 1477040.586227514315397, 2351480.960650209337473 ], [ 1477000.730184546671808, 2351549.274564691819251 ], [ 1476964.816975262947381, 2351604.360429640393704 ], [ 1476940.384462095797062, 2351661.247168845962733 ], [ 1476825.959610035875812, 2351672.427082068286836 ], [ 1476823.430588302202523, 2351750.801121602300555 ], [ 1476692.368361841421574, 2351704.909407360944897 ], [ 1476688.459648818941787, 2351788.810395819600672 ], [ 1476686.385644565802068, 2351877.306949377059937 ], [ 1476532.80280886311084, 2351873.832756146788597 ], [ 1476560.625349391717464, 2352436.357757777906954 ], [ 1476568.962006941437721, 2352704.951735476497561 ], [ 1476578.124438795959577, 2352888.340966753661633 ], [ 1476351.789724118076265, 2352904.116685182787478 ], [ 1476147.109826655127108, 2352909.958385785575956 ], [ 1476148.944624779745936, 2353199.478229939937592 ], [ 1475981.715324438875541, 2353231.0920774564147 ], [ 1475859.428431423613802, 2353250.782200603745878 ], [ 1475713.65531221870333, 2353275.814825482666492 ], [ 1475642.409551664255559, 2353287.306798787321895 ], [ 1475574.312690976075828, 2353298.985179082490504 ], [ 1475569.65188228036277, 2353306.561767326202244 ], [ 1475565.255410817451775, 2353309.667053445708007 ], [ 1475553.578141612932086, 2353311.220185554586351 ], [ 1475544.594724873779342, 2353302.83699245704338 ], [ 1475499.001331768231466, 2353307.99384588142857 ], [ 1475209.824269839096814, 2353353.718415430746973 ], [ 1475089.6407585949637, 2353373.537488914094865 ], [ 1474860.087041477672756, 2353444.102789216674864 ], [ 1474857.591746618039906, 2353450.685633631423116 ], [ 1474851.881829979363829, 2353458.200270095840096 ], [ 1474846.568153214640915, 2353459.00805252790451 ], [ 1474838.039857557974756, 2353460.747631021775305 ], [ 1474828.79222874622792, 2353456.836166052613407 ], [ 1474825.973835667129606, 2353451.06111177476123 ], [ 1474471.445133427623659, 2353569.210924193263054 ], [ 1474452.052716081030667, 2353505.250498774927109 ], [ 1474444.316730829421431, 2353493.576654473785311 ], [ 1474430.818390214815736, 2353454.641775005497038 ], [ 1474397.273379249498248, 2353344.977964801248163 ], [ 1474251.370599201414734, 2353390.204393007792532 ], [ 1474205.566224980633706, 2353256.262304353062063 ], [ 1474055.466011549346149, 2353301.242697875481099 ], [ 1474150.480989429168403, 2353582.787006535567343 ], [ 1474459.472040690947324, 2353486.619783391710371 ], [ 1474461.36631880979985, 2353508.043931286782026 ], [ 1474491.240218411199749, 2353608.517830259632319 ], [ 1474514.632136347703636, 2353676.079774469602853 ], [ 1474555.514225885272026, 2353804.12521234061569 ], [ 1474697.477486391784623, 2354253.342893176712096 ], [ 1474778.379580194596201, 2354506.021941697690636 ], [ 1475212.078494859859347, 2354366.767466310877353 ], [ 1475051.8481230516918, 2353870.468526837881655 ], [ 1475578.923993587028235, 2353701.9599942965433 ], [ 1475553.512058845954016, 2353312.338010735809803 ], [ 1475544.594724873779342, 2353302.83699245704338 ], [ 1475544.205986556131393, 2353291.59669678285718 ], [ 1475547.817224960774183, 2353283.958058730233461 ], [ 1475557.461478263139725, 2353281.162997222039849 ], [ 1475567.890962961595505, 2353282.901288969442248 ], [ 1475573.85788727295585, 2353288.862700471654534 ], [ 1475597.212477008346468, 2353285.756457870360464 ], [ 1475629.029642779147252, 2353282.028822530992329 ], [ 1475972.731951330089942, 2353222.708586860448122 ], [ 1476140.944726466666907, 2353192.274543232284486 ], [ 1476139.308055982459337, 2352899.401240976061672 ], [ 1476352.384843753185123, 2352894.056092471815646 ], [ 1476318.017192182131112, 2351854.402089760638773 ], [ 1476694.328414736548439, 2351867.680865539703518 ], [ 1476871.252665718551725, 2351903.946766111534089 ], [ 1476945.17005101731047, 2351669.382646467071027 ], [ 1476987.918709832709283, 2351587.778681959491223 ], [ 1477043.991528300801292, 2351494.623359235934913 ], [ 1477156.923673642333597, 2351312.846099050715566 ], [ 1477235.125043964246288, 2351183.980999107006937 ], [ 1477307.417214789194986, 2351065.983948193490505 ], [ 1477409.516816605813801, 2350907.122526494320482 ], [ 1477535.721683490788564, 2350696.963155046105385 ], [ 1477616.754229495301843, 2350555.925170761998743 ], [ 1477547.642498802393675, 2350459.85001731896773 ], [ 1477453.327221873216331, 2350522.699520018883049 ], [ 1477278.646689462475479, 2350270.063811600208282 ], [ 1477043.416623034980148, 2350435.637878207489848 ], [ 1476960.94250299455598, 2349478.383098231162876 ], [ 1477264.955545398406684, 2349450.359044056851417 ], [ 1477226.991163066821173, 2349058.860306178685278 ], [ 1477239.853859714930877, 2349055.133410130161792 ], [ 1477206.300801247823983, 2348945.460543781053275 ], [ 1477441.627717582974583, 2348903.280145378783345 ], [ 1477697.029854520224035, 2348877.994280104059726 ], [ 1477694.073615017347038, 2348571.572474343702197 ], [ 1477690.982780459802598, 2348427.801511803641915 ], [ 1477696.76767944637686, 2348240.80571485683322 ], [ 1477665.18527418281883, 2347955.128412896767259 ], [ 1477572.577070928644389, 2347293.416434592567384 ], [ 1478410.213333604857326, 2347186.988032871391624 ] ] } },
{ "type": "Feature", "properties": { "route_name": "67_Polígono 108-López Mateos", "route_name_short": "Polígono 108-López Mateos", "route_type": 3, "agency_id": "Red_de_Transporte_Merida", "route_id": "67_Polígono 108-López Mateos", "shape_id": "Shape_67_Polígono 108-López Mateos" }, "geometry": { "type": "LineString", "coordinates": [ [ 1479091.736911948304623, 2347101.648832309059799 ], [ 1479177.57400735700503, 2347681.101656761951745 ], [ 1479243.590642917901278, 2348363.715425911359489 ], [ 1479361.394419874995947, 2348349.375062595587224 ], [ 1479514.094231992028654, 2348368.51326796784997 ], [ 1479661.090379071887583, 2348377.218585721217096 ], [ 1479716.672821777639911, 2348381.632445408962667 ], [ 1479716.379575067665428, 2348439.951033885590732 ], [ 1479722.556091152597219, 2348549.135915793012828 ], [ 1479958.94096746109426, 2348542.946360642556101 ], [ 1480111.130704159382731, 2348535.136169366072863 ], [ 1480176.427966163493693, 2348535.640043150167912 ], [ 1480440.513327674008906, 2348524.367292240262032 ], [ 1480469.571215506410226, 2348549.649011669214815 ], [ 1480494.69418011023663, 2348570.210076242219657 ], [ 1480501.116234763991088, 2348586.29696292988956 ], [ 1480508.180185789242387, 2348627.103059682063758 ], [ 1480495.580434035742655, 2348626.356110584922135 ], [ 1480450.232536651426926, 2348627.033444528467953 ], [ 1480351.922035318799317, 2348632.424571380950511 ], [ 1480103.654793458990753, 2348643.513378104194999 ], [ 1480111.271114419680089, 2348870.580146266613156 ], [ 1480115.374199415557086, 2348925.794417170807719 ], [ 1480189.589420530479401, 2348935.802488668356091 ], [ 1480186.988853306509554, 2349121.877386915963143 ], [ 1480097.213962378911674, 2349125.530849646311253 ], [ 1480107.71776064648293, 2349232.730111119803041 ], [ 1480334.126750118099153, 2349216.983792204875499 ], [ 1480353.483737614471465, 2349441.383141707628965 ], [ 1480518.99588762037456, 2349422.029576396103948 ], [ 1480763.199101128149778, 2349390.516978167463094 ], [ 1480863.75902234762907, 2349560.277508134488016 ], [ 1480961.431904616765678, 2349725.380770219955593 ], [ 1480975.931772244861349, 2349729.606872019357979 ], [ 1480985.127235471503809, 2349716.689887159969658 ], [ 1481009.1543163144961, 2349702.409267054870725 ], [ 1481031.932491754647344, 2349691.420216479804367 ], [ 1481267.815186854917556, 2349640.350085212849081 ], [ 1481290.792832922656089, 2349626.007407954894006 ], [ 1481383.753829731140286, 2349568.699182656127959 ], [ 1481399.382113899569958, 2349553.920297264121473 ], [ 1481398.344052012078464, 2349535.90826580952853 ], [ 1481397.571429956471547, 2349513.424390954896808 ], [ 1481403.231195410713553, 2349489.078545270022005 ], [ 1481421.943023239262402, 2349475.604581814259291 ], [ 1481444.522859896533191, 2349467.969746982678771 ], [ 1481460.006638019345701, 2349473.376515482086688 ], [ 1481481.060062813339755, 2349491.454875301104039 ], [ 1481486.430594853591174, 2349507.480343278497458 ], [ 1481494.938973898766562, 2349541.642559251748025 ], [ 1481493.092581289820373, 2349554.99578686337918 ], [ 1481490.914330592378974, 2349573.938829958904535 ], [ 1481499.700104616815224, 2349585.679464374203235 ], [ 1481594.025928917806596, 2349647.375092184171081 ], [ 1481696.128597954288125, 2349755.53170988149941 ], [ 1481851.406786634819582, 2349926.309510176535696 ], [ 1482002.481902199797332, 2350096.840528685133904 ], [ 1482167.269042264670134, 2350267.067305181641132 ], [ 1482310.7223640170414, 2350264.373687739018351 ], [ 1482428.845217733643949, 2350262.419376187026501 ], [ 1482647.495639170520008, 2350270.930285726673901 ], [ 1482673.018412405392155, 2349841.622228282503784 ], [ 1482888.938326957635581, 2349825.288540925830603 ], [ 1483272.536862632725388, 2349806.588610275182873 ], [ 1483273.943743526469916, 2349853.794590685050935 ], [ 1483284.953303200658411, 2350040.694853308610618 ], [ 1483292.7641320603434, 2350121.94068278837949 ], [ 1483293.291550889378414, 2350201.631295767612755 ], [ 1483283.186297893757001, 2350282.93326369067654 ], [ 1484105.017585296649486, 2350354.287984050344676 ], [ 1484110.600251223193482, 2350349.010471585672349 ], [ 1484108.86358634615317, 2350307.393548296764493 ], [ 1483822.823502549435943, 2350280.266223503276706 ], [ 1483817.707055545412004, 2350118.39691090490669 ], [ 1483798.029706303030252, 2349864.78105154633522 ], [ 1483644.148067441536114, 2349847.769959602039307 ], [ 1483612.853567422833294, 2350161.18155877571553 ], [ 1483452.875209466554224, 2350140.44227434322238 ], [ 1483464.951302276924253, 2350220.82043029461056 ], [ 1483462.171683145221323, 2350249.82616331987083 ], [ 1483277.846376501955092, 2350231.005368708167225 ], [ 1483278.806039289338514, 2350179.452266563661397 ], [ 1483281.015108120627701, 2350124.60761408181861 ], [ 1482882.419454576447606, 2350112.119574622716755 ], [ 1482705.759854551404715, 2350283.370101291686296 ], [ 1482375.618100801482797, 2350271.596752434968948 ], [ 1482131.758141010068357, 2350279.542053246870637 ], [ 1481586.452899657655507, 2349686.192175124306232 ], [ 1481551.231751413550228, 2349658.297064055688679 ], [ 1481510.628045181976631, 2349632.326322753448039 ], [ 1481453.237152304966003, 2349587.408690727315843 ], [ 1481430.337539077270776, 2349582.683541372884065 ], [ 1481412.753999610897154, 2349577.152106645517051 ], [ 1481284.14961471548304, 2349649.172929685097188 ], [ 1481068.281787060666829, 2349700.308710005600005 ], [ 1481008.291862233076245, 2349716.942644638475031 ], [ 1480972.637790503911674, 2349749.605387434829026 ], [ 1480953.098879881203175, 2349723.764398168772459 ], [ 1480757.087309479247779, 2349404.738875721115619 ], [ 1480539.79556299187243, 2349426.62875366769731 ], [ 1480342.321612155996263, 2349451.939947373233736 ], [ 1480329.166152033489197, 2349282.879820773843676 ], [ 1480321.977816565427929, 2349119.782996842637658 ], [ 1479843.17607806972228, 2349145.252743744757026 ], [ 1479839.171781099401414, 2348910.548606975004077 ], [ 1480094.043913979548961, 2348930.139518078882247 ], [ 1480093.809308611322194, 2348880.763841954991221 ], [ 1480088.888993890956044, 2348643.760226885788143 ], [ 1479576.743917596526444, 2348662.780216976068914 ], [ 1479572.56161852972582, 2348377.584834179375321 ], [ 1479505.42966881301254, 2348372.487536470871419 ], [ 1479526.78576430445537, 2348189.770570943597704 ], [ 1479458.603129183175042, 2348184.611597008537501 ], [ 1479454.824207785073668, 2347999.284860801883042 ], [ 1479390.642314977478236, 2347997.728883067145944 ], [ 1479331.710473923478276, 2347996.483929286245257 ], [ 1479317.61883183196187, 2347825.131374642718583 ], [ 1479314.371252645272762, 2347755.385622646659613 ], [ 1479324.80513673950918, 2347757.125018816906959 ], [ 1479320.83824369404465, 2347681.727541767992079 ], [ 1479315.605435071280226, 2347645.51924741268158 ], [ 1479307.662258818279952, 2347512.673161880578846 ], [ 1478478.165640544146299, 2347588.124081692658365 ], [ 1478447.336744541767985, 2347396.716294478159398 ], [ 1478441.132898586103693, 2347323.432294582016766 ], [ 1478144.157415412832052, 2347356.357270773500204 ], [ 1478135.807546164374799, 2347230.222883218899369 ], [ 1479089.835224672220647, 2347098.170868407003582 ] ] } },
{ "type": "Feature", "properties": { "route_name": "71_Itzimná Díaz Ordaz", "route_name_short": "Itzimná Díaz Ordaz", "route_type": 3, "agency_id": "Red_de_Transporte_Merida", "route_id": "71_Itzimná Díaz Ordaz", "shape_id": "Shape_71_Itzimná Díaz Ordaz" }, "geometry": { "type": "LineString", "coordinates": [ [ 1478302.369170106481761, 2347549.684549600351602 ], [ 1478340.362402235390618, 2347869.400476237293333 ], [ 1478380.879266147967428, 2348110.740445108152926 ], [ 1478415.937057769391686, 2348373.072586757130921 ], [ 1478351.816463594324887, 2348388.350526713766158 ], [ 1478401.628842492587864, 2348810.852133206557482 ], [ 1478434.165519712027162, 2349115.665146824903786 ], [ 1478480.05572979291901, 2349479.60346616525203 ], [ 1478521.930037095211446, 2349857.889006963465363 ], [ 1478538.330571769736707, 2349865.590790175367147 ], [ 1478549.86988758482039, 2349884.222943648695946 ], [ 1478550.125562637345865, 2349897.699845620896667 ], [ 1478545.264355483464897, 2349908.630191263277084 ], [ 1478774.993553274311125, 2350156.692806180100888 ], [ 1478988.593938092002645, 2350125.592814065515995 ], [ 1479185.531157459598035, 2350091.26421733899042 ], [ 1479243.133498409995809, 2350345.968262679409236 ], [ 1479269.405336208641529, 2350418.200791200622916 ], [ 1479355.190467805368826, 2350606.144553708843887 ], [ 1479399.231196522712708, 2350698.50225565303117 ], [ 1479411.047877341974527, 2350801.290391411632299 ], [ 1479610.467748680151999, 2350778.335497534368187 ], [ 1479622.349186943843961, 2350880.006412422284484 ], [ 1479807.856797470711172, 2350860.716628885362297 ], [ 1479827.096642140299082, 2351051.451349545735866 ], [ 1479851.782840872881934, 2351239.143874131608754 ], [ 1479872.721191028365865, 2351436.711181945633143 ], [ 1480167.547103815479204, 2351403.719757677521557 ], [ 1480607.726127702509984, 2351353.557848583906889 ], [ 1480687.3909448585473, 2351342.5809361403808 ], [ 1480802.078579247929156, 2351451.482021487317979 ], [ 1480907.250119037227705, 2351560.941333826631308 ], [ 1481218.171449605375528, 2351877.835178033914417 ], [ 1481678.03954497538507, 2352347.200251300353557 ], [ 1481832.629374024923891, 2352511.217598428484052 ], [ 1481851.112182788085192, 2352536.999093896709383 ], [ 1481864.080158933298662, 2352566.940349002834409 ], [ 1481875.518766023218632, 2352622.594943799544126 ], [ 1481879.195807580836117, 2352702.470300523564219 ], [ 1481884.378078412730247, 2352703.900456363335252 ], [ 1481888.311110537033528, 2352708.622087159194052 ], [ 1481890.994900842895731, 2352716.635192578658462 ], [ 1481890.462935061194003, 2352725.578954707365483 ], [ 1481887.831464849412441, 2352734.397839891258627 ], [ 1481880.0177380903624, 2352741.786563371773809 ], [ 1481873.519749425817281, 2352744.765846093650907 ], [ 1481867.154753750190139, 2352745.509190995711833 ], [ 1481856.856737214373425, 2352741.5309131690301 ], [ 1481847.674961539916694, 2352736.49711017915979 ], [ 1481655.581749721430242, 2352795.75399259198457 ], [ 1481495.904507185798138, 2352681.921317129395902 ], [ 1481497.566189027391374, 2352653.972285157535225 ], [ 1481625.502480424242094, 2352663.822902163956314 ], [ 1481625.817982626147568, 2352764.814206211362034 ], [ 1481653.097342187771574, 2352784.387070241849869 ], [ 1481846.306883959798142, 2352724.074577126652002 ], [ 1481850.121065206360072, 2352713.082190358545631 ], [ 1481855.968260191613808, 2352703.332642841152847 ], [ 1481861.49712604470551, 2352681.22299338132143 ], [ 1481863.558379085268825, 2352646.565933943726122 ], [ 1481861.42056932207197, 2352611.659137621987611 ], [ 1481852.067366229137406, 2352574.079381287563592 ], [ 1481832.349425195949152, 2352533.639409213326871 ], [ 1481745.554566686507314, 2352434.236631056759506 ], [ 1481526.701773807872087, 2352217.036445159465075 ], [ 1481344.306695358129218, 2352024.44642088888213 ], [ 1481265.853408214170486, 2352263.237594882491976 ], [ 1481238.559507368132472, 2352261.61556780943647 ], [ 1481203.386060025542974, 2352534.391612013336271 ], [ 1481205.179688659496605, 2352592.837205021642148 ], [ 1481155.110929989721626, 2352602.202393172308803 ], [ 1481129.624637589557096, 2352463.815761191304773 ], [ 1481205.033469704445451, 2352258.501335819251835 ], [ 1481227.0780497090891, 2352171.180992212612182 ], [ 1481149.314477779902518, 2352097.002300000749528 ], [ 1481172.980062770890072, 2352035.581998072564602 ], [ 1481140.808012771420181, 2351974.20975528145209 ], [ 1480819.96501975832507, 2352054.998704426456243 ], [ 1480518.02865583030507, 2351551.293365436606109 ], [ 1480368.083812765777111, 2351574.926989287603647 ], [ 1480362.925041773123667, 2351537.59891948942095 ], [ 1480168.757347237551585, 2351560.853158001322299 ], [ 1480151.335852972231805, 2351410.610867945477366 ], [ 1479867.074362869374454, 2351443.10734975291416 ], [ 1479798.99417546344921, 2350868.044034997466952 ], [ 1479608.237635892583057, 2350887.022651090752333 ], [ 1479594.776086898054928, 2350794.232888154685497 ], [ 1479320.157343548256904, 2350823.948841128963977 ], [ 1479175.925994813907892, 2350840.080810703802854 ], [ 1479161.554918401408941, 2350727.045583349186927 ], [ 1479167.863952111452818, 2350709.47009985242039 ], [ 1479150.485358942300081, 2350576.063760153017938 ], [ 1479100.670017226599157, 2350243.293265547603369 ], [ 1478808.56892017647624, 2350319.101912298239768 ], [ 1478768.429709780961275, 2350160.79136688541621 ], [ 1478542.833753113867715, 2349914.095363694243133 ], [ 1478526.755141537170857, 2349918.752555096056312 ], [ 1478512.189647639170289, 2349915.646645181346685 ], [ 1478500.906050295569003, 2349910.49141081282869 ], [ 1478493.954191286116838, 2349903.348995239939541 ], [ 1478489.631437291624025, 2349887.387727623805404 ], [ 1478493.707458562450483, 2349871.92365142237395 ], [ 1478507.232131549622864, 2349857.018912626430392 ], [ 1478463.531123775057495, 2349456.189251110423356 ], [ 1478405.960249850526452, 2348951.334186721593142 ], [ 1478340.399362467695028, 2348385.431623178999871 ], [ 1478274.509717566426843, 2348394.996157475281507 ], [ 1478165.826177469221875, 2347488.888040328398347 ], [ 1478293.081223048502579, 2347475.096707730554044 ], [ 1478297.721498547121882, 2347521.364794473163784 ] ] } },
{ "type": "Feature", "properties": { "route_name": "73_Caucel R1, R2, R3 Y R5", "route_name_short": "Caucel R1, R2, R3 Y R5", "route_type": 3, "agency_id": "Red_de_Transporte_Merida", "route_id": "73_Caucel R1, R2, R3 Y R5", "shape_id": "Shape_73_Caucel R1, R2, R3 Y R5" }, "geometry": { "type": "LineString", "coordinates": [ [ 1476243.96788286510855, 2348078.724058945197612 ], [ 1475746.876163591630757, 2348379.182554540690035 ], [ 1475680.85560110444203, 2348408.939573027193546 ], [ 1474053.371303198393434, 2349335.980799597688019 ], [ 1473162.219891420099884, 2349854.418350824154913 ], [ 1472781.659337665885687, 2350074.289088773075491 ], [ 1472647.613307389430702, 2350150.521782615687698 ], [ 1472621.694331136532128, 2350179.280367515515536 ], [ 1472603.909722516778857, 2350213.004236107226461 ], [ 1472586.062280970625579, 2350229.89991997089237 ], [ 1472548.863091117702425, 2350235.561996621079743 ], [ 1472529.116593087092042, 2350231.034968181047589 ], [ 1472492.572475214023143, 2350243.465481771621853 ], [ 1472437.460460603237152, 2350267.141264730598778 ], [ 1470453.880956426728517, 2351436.971150851808488 ], [ 1469925.159093242604285, 2351742.37746841320768 ], [ 1469406.562166119925678, 2352055.1151940128766 ], [ 1469342.608033522963524, 2352104.072471510153264 ], [ 1469234.115473673213273, 2352230.043968757148832 ], [ 1469226.178640243830159, 2352239.671808969695121 ], [ 1469214.306434222962707, 2352244.582465026527643 ], [ 1468898.287301477044821, 2352264.163969237357378 ], [ 1468876.904624137561768, 2352269.638149359729141 ], [ 1468853.291875054128468, 2352277.224516083486378 ], [ 1468297.812587377149612, 2352483.514369541313499 ], [ 1467745.17450686590746, 2352695.590070224832743 ], [ 1467739.271307787625119, 2352688.514995314180851 ], [ 1468356.842048410559073, 2352446.602912958245724 ], [ 1468812.100848723668605, 2352279.293193385470659 ], [ 1468892.515350154135376, 2352254.853008005302399 ], [ 1469207.681984599679708, 2352231.856669020839036 ], [ 1469220.406802820274606, 2352230.360665924847126 ], [ 1469231.557651105104014, 2352219.799982680939138 ], [ 1469296.495801592478529, 2352136.132761056534946 ], [ 1469347.068926682230085, 2352081.903623897116631 ], [ 1469408.530411031562835, 2352039.529203108977526 ], [ 1469715.251663631293923, 2351855.662624571472406 ], [ 1469930.210625089937821, 2351728.09397436119616 ], [ 1470145.960472081322223, 2351605.059262771625072 ], [ 1470576.555210736114532, 2351338.752221560105681 ], [ 1470881.732546239160001, 2351163.776980298105627 ], [ 1471125.774979723151773, 2351025.58733773464337 ], [ 1471529.769789948128164, 2350782.402207041624933 ], [ 1471741.284945014864206, 2350660.249437611550093 ], [ 1472106.853747046086937, 2350443.972187592182308 ], [ 1472444.090145455673337, 2350243.977232861798257 ], [ 1472488.771258099004626, 2350218.565948198549449 ], [ 1472513.508649692172185, 2350191.981014855671674 ], [ 1472520.924987485166639, 2350173.349767606705427 ], [ 1472540.282509669894353, 2350148.691480579786003 ], [ 1472567.837370748165995, 2350145.826600726693869 ], [ 1472592.898189143743366, 2350149.544766786042601 ], [ 1472632.394341838546097, 2350140.652983621228486 ], [ 1472656.013712023384869, 2350133.070071230176836 ], [ 1472985.654792234534398, 2349937.119584441650659 ], [ 1473310.514006406534463, 2349750.985260676592588 ], [ 1473644.306866430677474, 2349556.406738669611514 ], [ 1473786.959938670974225, 2349477.319669429212809 ], [ 1473924.563442166661844, 2349394.570685696322471 ], [ 1474201.54564666794613, 2349234.787190525326878 ], [ 1474413.895388648612425, 2349117.185757108032703 ], [ 1474745.554206977598369, 2348923.613150523975492 ], [ 1475003.785952357109636, 2348778.434172892943025 ], [ 1475291.489836008287966, 2348615.926025964785367 ], [ 1475584.384096243884414, 2348454.848058386240155 ], [ 1475691.359505935572088, 2348391.611656906548887 ], [ 1475797.088187007699162, 2348331.667181659955531 ], [ 1476018.92082014400512, 2348196.687112750951201 ], [ 1476096.299693492706865, 2348153.018439651001245 ], [ 1476148.217544498387724, 2348112.334413027856499 ], [ 1476126.947373313363642, 2347705.01180752273649 ], [ 1476330.51285922434181, 2347683.370658953208476 ], [ 1476752.28203894989565, 2347642.08071338897571 ], [ 1477069.650002591777593, 2347602.487214219756424 ], [ 1477357.946702586254105, 2347573.521175292320549 ], [ 1477320.456902123987675, 2347441.181634611915797 ], [ 1477297.005599607713521, 2347320.889217258896679 ], [ 1477578.810980579350144, 2347294.90645950473845 ], [ 1477569.664385676849633, 2347182.188581238035113 ], [ 1477537.402060398599133, 2346925.640189006924629 ], [ 1477828.725550271570683, 2346917.047183798626065 ], [ 1477823.567890268517658, 2346843.82662737602368 ], [ 1477656.805745750665665, 2346848.559238007292151 ], [ 1477694.363380554132164, 2347158.145009902771562 ], [ 1477434.862359974533319, 2347198.905561830382794 ], [ 1477457.026390890125185, 2347430.177963913418353 ], [ 1477186.905984902055934, 2347454.608087775763124 ], [ 1476946.97326937620528, 2347485.311346265021712 ], [ 1476852.938655949663371, 2347471.907555447425693 ], [ 1476794.074875783640891, 2347469.554461969994009 ], [ 1476659.404875966254622, 2347501.988360922317952 ], [ 1476592.33414443815127, 2347513.73422638932243 ], [ 1476658.832596865016967, 2347850.818527850322425 ], [ 1476260.244249526411295, 2348070.710701249539852 ] ] } },
{ "type": "Feature", "properties": { "route_name": "74_66 Amapola", "route_name_short": "66 Amapola", "route_type": 3, "agency_id": "Red_de_Transporte_Merida", "route_id": "74_66 Amapola", "shape_id": "Shape_74_66 Amapola" }, "geometry": { "type": "LineString", "coordinates": [ [ 1477829.841612169519067, 2346915.991334144957364 ], [ 1477805.353935444261879, 2346759.738818536046892 ], [ 1477648.827232006937265, 2346769.563611958641559 ], [ 1477648.22665161662735, 2346797.572560302913189 ], [ 1477516.703486376907676, 2346812.240456362720579 ], [ 1477482.600707400590181, 2346551.097358918748796 ], [ 1477448.531288058264181, 2346378.576742694713175 ], [ 1477370.291950896847993, 2346204.570969255175442 ], [ 1477346.42173335282132, 2346144.830120614729822 ], [ 1477195.268257740419358, 2345956.427042305469513 ], [ 1477108.535057809203863, 2345854.837788315489888 ], [ 1476896.100047150626779, 2345579.814951101783663 ], [ 1476796.441420567687601, 2345447.179578821640462 ], [ 1476722.171856410801411, 2345348.573214950971305 ], [ 1476667.914581488352269, 2345267.97367303352803 ], [ 1476639.970704064704478, 2345205.752044124994427 ], [ 1476495.840424183756113, 2344933.646927056834102 ], [ 1476325.128788631409407, 2344629.69232516689226 ], [ 1476187.479885026346892, 2344372.559093474876136 ], [ 1476027.580822116695344, 2344081.588842033874243 ], [ 1475940.771016348153353, 2343927.288491472601891 ], [ 1475792.632188715040684, 2343919.688172571826726 ], [ 1475780.553935557138175, 2343927.950782251078635 ], [ 1475765.785878426861018, 2343928.203067988157272 ], [ 1475695.754203061107546, 2343918.471802343148738 ], [ 1475660.967358034104109, 2343918.667451991233975 ], [ 1475641.603910422883928, 2343925.379579206928611 ], [ 1475625.783117313869298, 2343943.517315216828138 ], [ 1475617.11603614105843, 2343965.44126097438857 ], [ 1475597.739417084027082, 2344061.889075663406402 ], [ 1475456.790951578179374, 2344701.936652842909098 ], [ 1475355.576611299533397, 2345168.214081627782434 ], [ 1475341.656357173342258, 2345207.775687417946756 ], [ 1475296.9275945618283, 2345412.65658031636849 ], [ 1475304.136930185835809, 2345469.166139376349747 ], [ 1475265.739617270417511, 2345494.947593244258314 ], [ 1475070.651483037043363, 2345336.519148991908878 ], [ 1475021.499189397552982, 2345312.313533360138535 ], [ 1474932.844823083374649, 2345243.158831032924354 ], [ 1475282.873180934693664, 2345078.684232760220766 ], [ 1475348.297965311445296, 2345130.769365143496543 ], [ 1475510.726588265970349, 2344376.452769898343831 ], [ 1475579.686846958938986, 2344082.138814902398735 ], [ 1475601.361094057559967, 2343982.461162431165576 ], [ 1475606.156530741369352, 2343954.700796111952513 ], [ 1475617.055503521114588, 2343930.664813043083996 ], [ 1475639.308836224488914, 2343910.662296688649803 ], [ 1475669.173888838849962, 2343904.568335165735334 ], [ 1475728.048658781684935, 2343906.912404902279377 ], [ 1475780.819962401175871, 2343905.532226034905761 ], [ 1475793.15867028478533, 2343910.745477947406471 ], [ 1475831.88306039525196, 2343915.268758148420602 ], [ 1475948.582917633000761, 2343919.896460697520524 ], [ 1476147.986578584881499, 2344273.764426539186388 ], [ 1476255.586016775574535, 2344486.500534078571945 ], [ 1476380.30919901188463, 2344712.586813765577972 ], [ 1476570.962096612900496, 2345053.61401826236397 ], [ 1476680.124772313050926, 2345257.476190495770425 ], [ 1476735.888994303066283, 2345348.260341576300561 ], [ 1476898.925511138280854, 2345567.642357451375574 ], [ 1477087.676034671720117, 2345815.467298254370689 ], [ 1477306.014185316395015, 2346079.626253182534128 ], [ 1477363.810833104420453, 2346153.70891170296818 ], [ 1477380.479796388652176, 2346156.936386466026306 ], [ 1477400.496901574078947, 2346156.996219513937831 ], [ 1477429.706373488996178, 2346144.137497575487942 ], [ 1477440.927088974742219, 2346150.408719630911946 ], [ 1477443.549342714715749, 2346159.537666583899409 ], [ 1477443.80750638153404, 2346173.014130662661046 ], [ 1477439.733447596663609, 2346188.478386865928769 ], [ 1477450.096216882579029, 2346209.28197995107621 ], [ 1477532.931073500774801, 2346376.829213645774871 ], [ 1477594.007547168061137, 2346448.863745319657028 ], [ 1477644.435403769602999, 2346754.721127499360591 ], [ 1477668.264192157890648, 2346922.151579567231238 ], [ 1477829.709530899068341, 2346918.227096771355718 ] ] } },
{ "type": "Feature", "properties": { "route_name": "82_Brisas, Brisas Normal, Conalep y SCT", "route_name_short": "Brisas, Brisas Normal, Conalep y SCT", "route_type": 3, "agency_id": "Red_de_Transporte_Merida", "route_id": "82_Brisas, Brisas Normal, Conalep y SCT", "shape_id": "Shape_82_Brisas, Brisas Normal, Conalep y SCT" }, "geometry": { "type": "LineString", "coordinates": [ [ 1478863.537710971198976, 2347414.599232987500727 ], [ 1478902.48128231195733, 2347646.875476662069559 ], [ 1479039.775429599918425, 2347641.536586465779692 ], [ 1479173.523229000158608, 2347642.719844365026802 ], [ 1479220.655001987004653, 2348163.79379564570263 ], [ 1479367.45339535176754, 2348175.84950850205496 ], [ 1479521.60204594116658, 2348188.341791030019522 ], [ 1479673.717352137435228, 2348199.593293593265116 ], [ 1479845.849098906386644, 2348210.909989414270967 ], [ 1479831.451358430087566, 2348382.821859621442854 ], [ 1479834.580962945707142, 2348543.43167189694941 ], [ 1480179.710397064685822, 2348533.590843468904495 ], [ 1480177.682647246401757, 2348638.925524797290564 ], [ 1480105.820978214964271, 2348642.519887456204742 ], [ 1480107.249781914055347, 2348902.875722551718354 ], [ 1480155.822819295106456, 2348883.317365763708949 ], [ 1480235.165824774187058, 2348877.923401139676571 ], [ 1480341.874262585770339, 2348873.030115922447294 ], [ 1480524.445569851668552, 2348868.147783366497606 ], [ 1480529.112066794652492, 2348967.149193447548896 ], [ 1480619.01079551060684, 2348979.211134444922209 ], [ 1480623.719489120645449, 2349006.41536011826247 ], [ 1480595.051687985658646, 2349098.952813128940761 ], [ 1480644.676649591187015, 2349186.036432911641896 ], [ 1480712.459490825887769, 2349304.48817144613713 ], [ 1480837.997653857339174, 2349514.995651919860393 ], [ 1480870.710551225114614, 2349567.4212517272681 ], [ 1480902.37326378794387, 2349619.784703362267464 ], [ 1480960.514663617592305, 2349723.082565314602107 ], [ 1481038.724549764301628, 2349843.278460657224059 ], [ 1481078.320749749429524, 2349903.966852937359363 ], [ 1481118.568354709539562, 2349971.425502865109593 ], [ 1481270.491849838756025, 2350056.73296931385994 ], [ 1481417.363845293642953, 2350138.376841639634222 ], [ 1481839.992489089025185, 2350384.495201602112502 ], [ 1482345.194355100393295, 2350677.049956689123064 ], [ 1482599.956640560412779, 2350822.342611562926322 ], [ 1482566.589667259715497, 2350692.45715556666255 ], [ 1482591.150019875261933, 2350669.234906629193574 ], [ 1482603.203191793523729, 2350696.878229821100831 ], [ 1482619.004349281545728, 2350714.646986023988575 ], [ 1482836.61574942804873, 2350953.100824248045683 ], [ 1482863.765634933486581, 2350974.910997417289764 ], [ 1483180.967521199025214, 2351150.85840656934306 ], [ 1483191.732518749544397, 2351147.011216690763831 ], [ 1483203.34780184738338, 2351146.580518426839262 ], [ 1483215.029626260045916, 2351145.031826252583414 ], [ 1483231.286531013902277, 2350924.972880315966904 ], [ 1483247.438271269202232, 2350671.248786950483918 ], [ 1483270.52046206058003, 2350283.301683754194528 ], [ 1483279.789477944839746, 2350180.632733264937997 ], [ 1483274.781895706895739, 2350123.1148421918042 ], [ 1482881.236545503605157, 2350114.293128470890224 ], [ 1482705.042303242487833, 2350277.717719578649849 ], [ 1482425.363167579751462, 2350267.822066117078066 ], [ 1482043.432525494368747, 2350276.537329185288399 ], [ 1481937.059347055852413, 2350275.826544567011297 ], [ 1481855.794580901507288, 2350402.26279000332579 ], [ 1481507.353210201021284, 2350202.059691650327295 ], [ 1481120.004587650299072, 2349982.729686368722469 ], [ 1481101.902530584717169, 2349968.192496235482395 ], [ 1481076.993676625657827, 2349926.325924148783088 ], [ 1481060.604951256420463, 2349900.671602827496827 ], [ 1480978.207544763805345, 2349762.276679609902203 ], [ 1480902.295529562514275, 2349638.85214566718787 ], [ 1480832.935706439893693, 2349529.279820681083947 ], [ 1480773.477235112339258, 2349430.392508219927549 ], [ 1480646.235236073378474, 2349213.053900792263448 ], [ 1480584.021814392181113, 2349107.273722625337541 ], [ 1480320.010485325474292, 2349117.422630079556257 ], [ 1480131.928166317287832, 2349126.466625567525625 ], [ 1480131.378299995325506, 2348940.205274041742086 ], [ 1480098.044942301698029, 2348933.742223319131881 ], [ 1480092.958120124181733, 2348877.347820767201483 ], [ 1480087.971520335646346, 2348641.462143624667078 ], [ 1479722.498634226620197, 2348656.829737448133528 ], [ 1479708.953424910781905, 2348209.532984447665513 ], [ 1479156.209456753451377, 2348166.710110928863287 ], [ 1479139.286236641928554, 2348150.00285875890404 ], [ 1479122.420466283103451, 2348150.126433040946722 ], [ 1479104.637059689033777, 2348147.952060580719262 ], [ 1479050.48993858974427, 2347745.378237949684262 ], [ 1479040.428563660476357, 2347648.306164782959968 ], [ 1479035.980578870279714, 2347616.631966293789446 ], [ 1479019.213508195243776, 2347543.84333884017542 ], [ 1478986.199410331435502, 2347407.271699730772525 ], [ 1478962.708624152932316, 2347252.19284048769623 ], [ 1478584.669359851162881, 2347301.630606924649328 ], [ 1478441.198993207653984, 2347322.314399575348943 ], [ 1478406.072060175705701, 2347043.15266678808257 ], [ 1478114.665694270282984, 2347088.749308351427317 ], [ 1478095.834942537359893, 2346908.149862257298082 ], [ 1478162.184975641779602, 2346908.705386385321617 ], [ 1478178.032470404170454, 2346997.141820431686938 ], [ 1478232.112334532663226, 2346991.363641369622201 ], [ 1478294.586411742959172, 2347485.281882672570646 ], [ 1478853.037556864321232, 2347413.978132939897478 ] ] } },
{ "type": "Feature", "properties": { "route_name": "85_Ibérica (F.U.T.V.)", "route_name_short": "Ibérica (F.U.T.V.)", "route_type": 3, "agency_id": "Red_de_Transporte_Merida", "route_id": "85_Ibérica (F.U.T.V.)", "shape_id": "Shape_85_Ibérica (F.U.T.V.)" }, "geometry": { "type": "LineString", "coordinates": [ [ 1477757.832966662477702, 2347653.235134368762374 ], [ 1477838.104993079788983, 2348273.839411698747426 ], [ 1477851.702045216690749, 2348400.283419983461499 ], [ 1477854.704665107186884, 2348438.601723928935826 ], [ 1477854.079751458484679, 2348520.455315262079239 ], [ 1477841.259797782171518, 2348576.90856217732653 ], [ 1477810.64228978799656, 2348667.084944099187851 ], [ 1477709.699692254886031, 2349020.088286931160837 ], [ 1477453.851734583033249, 2349017.302196515724063 ], [ 1477128.817878765054047, 2349079.981001567095518 ], [ 1477173.963959170971066, 2349563.888175449799746 ], [ 1477229.147307965904474, 2350180.760068815201521 ], [ 1477240.026235159486532, 2350210.569486893713474 ], [ 1477260.221038303105161, 2350243.173368187155575 ], [ 1477387.29787541506812, 2350427.929616776295006 ], [ 1477551.939662169665098, 2350672.121608438901603 ], [ 1477471.569210750982165, 2350801.980769648216665 ], [ 1477258.16982528893277, 2351150.56920630345121 ], [ 1477143.855735535733402, 2351337.873854042496532 ], [ 1477021.013546222820878, 2351526.917235024739057 ], [ 1476983.323142997920513, 2351594.237454323563725 ], [ 1476950.683034219779074, 2351665.221688465680927 ], [ 1476824.843799593159929, 2351673.482850186061114 ], [ 1476826.447405310580507, 2351753.223099168390036 ], [ 1476690.401210738345981, 2351702.549544435925782 ], [ 1476683.368850567843765, 2351874.884995918720961 ], [ 1476608.643646013922989, 2351873.830820166971534 ], [ 1476537.85284925554879, 2351877.496669754851609 ], [ 1476577.074831330450252, 2352888.278864952269942 ], [ 1476370.947044880595058, 2352900.76289913803339 ], [ 1476147.175937433261424, 2352908.840546824969351 ], [ 1476151.308547777589411, 2353052.668853815644979 ], [ 1476151.109898265916854, 2353198.484555510804057 ], [ 1475873.271101444493979, 2353248.235552289523184 ], [ 1475578.510914846556261, 2353299.233370855916291 ], [ 1475562.304995588026941, 2353306.127435132395476 ], [ 1475554.495530531741679, 2353313.517882780637592 ], [ 1475560.08513913769275, 2353432.751939676702023 ], [ 1474971.660749891074374, 2353623.438943184912205 ], [ 1475159.998189099598676, 2354214.499142142012715 ], [ 1475107.317834033165127, 2354232.697531941346824 ], [ 1475166.017743794713169, 2354397.695838948246092 ], [ 1475094.11690932745114, 2354420.366232636850327 ], [ 1475219.353912411257625, 2354813.644324723631144 ], [ 1475065.126834958326072, 2354857.245171051938087 ], [ 1474686.758331110468134, 2353668.300066646188498 ], [ 1474622.998718432616442, 2353499.64307512762025 ], [ 1475081.119639970827848, 2353357.329922823701054 ], [ 1475563.824901034589857, 2353280.417450692504644 ], [ 1475574.643109535099939, 2353293.396050741430372 ], [ 1475853.395439588231966, 2353245.938484420999885 ], [ 1476140.944726466666907, 2353192.274543232284486 ], [ 1476143.242432838771492, 2353046.58303328929469 ], [ 1476139.109726035501808, 2352902.754757332149893 ], [ 1476343.855785571038723, 2352895.795081502292305 ], [ 1476347.327500253450125, 2352765.876889856532216 ], [ 1476345.352307801833376, 2352639.001818435732275 ], [ 1476338.648079689824954, 2352378.358468072488904 ], [ 1476316.769255258608609, 2351857.693561201915145 ], [ 1476420.554199433885515, 2351866.073448246810585 ], [ 1476536.084033698076382, 2351871.783279704861343 ], [ 1476631.347906382754445, 2351863.955972485244274 ], [ 1476726.27331057516858, 2351879.666166314855218 ], [ 1476867.053954145405442, 2351903.698383204638958 ], [ 1476940.905145273543894, 2351670.252126087900251 ], [ 1476962.585324118379503, 2351606.47195794666186 ], [ 1477070.788345128763467, 2351433.389290100894868 ], [ 1477119.240912287030369, 2351362.218520554248244 ], [ 1477160.279592943843454, 2351291.730898870155215 ], [ 1477247.672467004973441, 2351149.948192767798901 ], [ 1477363.170229889452457, 2350960.469669754151255 ], [ 1477438.612967093475163, 2350842.658760230056942 ], [ 1477521.024877953343093, 2350696.093648977577686 ], [ 1477538.491011607460678, 2350667.960587644018233 ], [ 1477550.63375946553424, 2350658.582922431640327 ], [ 1477559.371063231490552, 2350635.542355046607554 ], [ 1477610.257117999251932, 2350558.906135450582951 ], [ 1477593.468998038675636, 2350539.964310573879629 ], [ 1477546.063666203059256, 2350468.730894329492003 ], [ 1477447.681561736855656, 2350529.09625005768612 ], [ 1477272.017402235884219, 2350275.280659509822726 ], [ 1477223.303420494077727, 2350190.510480244178325 ], [ 1477173.728560981340706, 2349656.981220886576921 ], [ 1477278.388750882819295, 2349650.828833488747478 ], [ 1477223.907621330581605, 2349057.556299254763871 ], [ 1477239.919926127884537, 2349054.015543702989817 ], [ 1477208.334492013324052, 2348946.702495458070189 ], [ 1477420.365736865438521, 2348906.510504153557122 ], [ 1477699.129639564082026, 2348878.118425416760147 ], [ 1477705.128819052129984, 2348812.287819867953658 ], [ 1477698.830852903425694, 2348651.500343868508935 ], [ 1477690.806502114515752, 2348537.7258409881033 ], [ 1477691.114935887046158, 2348425.565757523290813 ], [ 1477696.173026842530817, 2348250.866611318662763 ], [ 1477665.970978673314676, 2347959.661967776250094 ], [ 1477611.399297402473167, 2347545.866168583277613 ], [ 1478165.958339512813836, 2347486.652263111900538 ], [ 1478113.61567679233849, 2347088.687254147138447 ], [ 1477695.479421958094463, 2347157.089160957373679 ], [ 1477755.086348928511143, 2347628.393611975945532 ] ] } },
{ "type": "Feature", "properties": { "route_name": "86_Itzimná Aguilas (F.U.T.V.)", "route_name_short": "Itzimná Aguilas (F.U.T.V.)", "route_type": 3, "agency_id": "Red_de_Transporte_Merida", "route_id": "86_Itzimná Aguilas (F.U.T.V.)", "shape_id": "Shape_86_Itzimná Aguilas (F.U.T.V.)" }, "geometry": { "type": "LineString", "coordinates": [ [ 1478169.820591332856566, 2347510.438264528755099 ], [ 1478166.156582354567945, 2347483.298597270157188 ], [ 1478293.147312296321616, 2347473.978816207963973 ], [ 1478353.312268231529742, 2347971.128417660947889 ], [ 1478415.937057769391686, 2348373.072586757130921 ], [ 1478352.601917823310941, 2348392.884197991807014 ], [ 1478417.376926993019879, 2348954.253295510075986 ], [ 1478478.873528693336993, 2349481.777117185760289 ], [ 1478523.178422486875206, 2349854.597471533343196 ], [ 1478542.728513385169208, 2349862.485709144733846 ], [ 1478553.08561756205745, 2349883.291505700908601 ], [ 1478553.341290479293093, 2349896.768408743664622 ], [ 1478548.281535968650132, 2349911.052441564854234 ], [ 1478778.341681264573708, 2350153.525625500828028 ], [ 1478983.609583631157875, 2350120.810259323101491 ], [ 1479182.315370214637369, 2350092.195532379671931 ], [ 1479253.677996668498963, 2350381.370028560981154 ], [ 1479275.826712792739272, 2350434.287045429460704 ], [ 1479306.307604924309999, 2350488.819789960980415 ], [ 1479350.670181459980085, 2350593.536393682472408 ], [ 1479399.231196522712708, 2350698.50225565303117 ], [ 1479409.014519883319736, 2350800.048015162348747 ], [ 1479597.737362099811435, 2350779.824424780439585 ], [ 1479796.042632477823645, 2350757.927213720977306 ], [ 1479816.001645117998123, 2350954.313683724030852 ], [ 1479837.141420211177319, 2351148.526815232355148 ], [ 1479872.721191028365865, 2351436.711181945633143 ], [ 1480112.493556964211166, 2351408.306051903404295 ], [ 1480340.654148954432458, 2351380.336599760688841 ], [ 1480518.945146006066352, 2351358.384552127681673 ], [ 1480604.510339701781049, 2351354.488826449494809 ], [ 1480669.278696267167106, 2351345.993173224385828 ], [ 1480687.656429620459676, 2351338.109161498956382 ], [ 1480804.908397665247321, 2351439.309285337571055 ], [ 1481053.40332037396729, 2351707.615001060068607 ], [ 1481290.753881964832544, 2351950.584030237048864 ], [ 1481740.85139389638789, 2352407.030894075985998 ], [ 1481789.949354694457725, 2352467.168389415834099 ], [ 1481829.613051750697196, 2352508.79437327478081 ], [ 1481853.078733731759712, 2352539.359895064961165 ], [ 1481870.431140870321542, 2352584.146927385125309 ], [ 1481877.219330983702093, 2352629.427633522544056 ], [ 1481878.639797145500779, 2352658.682160422205925 ], [ 1481877.110450918320566, 2352684.395470551215112 ], [ 1481886.211604794021696, 2352708.497211878653616 ], [ 1481891.64567870600149, 2352723.405452450737357 ], [ 1481885.266491167247295, 2352742.0987543114461 ], [ 1481874.104031402617693, 2352752.654072904027998 ], [ 1481868.841104489285499, 2352770.291837797965854 ], [ 1481868.627222189679742, 2353039.541171750985086 ], [ 1481883.560765264090151, 2353071.843454606831074 ], [ 1481906.30787950870581, 2353096.757122528739274 ], [ 1482217.744599584490061, 2353439.527398415841162 ], [ 1482601.135373213328421, 2353865.130817086901516 ], [ 1482702.411380227655172, 2353968.772432986181229 ], [ 1482751.433152263518423, 2354030.034044144675136 ], [ 1482899.801829720847309, 2353926.676502180285752 ], [ 1483038.775789534905925, 2353839.589161829091609 ], [ 1483222.379140786360949, 2354028.922268972266465 ], [ 1482965.677613715175539, 2354288.507156496401876 ], [ 1482740.60328262578696, 2354034.998727008700371 ], [ 1482597.571226964239031, 2353889.601476951967925 ], [ 1482487.829976217355579, 2353786.578909445088357 ], [ 1482336.943466408643872, 2353613.791656212881207 ], [ 1482281.354301086161286, 2353556.629387607332319 ], [ 1482249.094552193768322, 2353532.270365599542856 ], [ 1482175.874230717774481, 2353452.74250394385308 ], [ 1482069.158251222223043, 2353334.198227868415415 ], [ 1482014.76454917085357, 2353256.914093198720366 ], [ 1481856.319967884803191, 2353087.051850094925612 ], [ 1481840.403185807401314, 2353053.569194493349642 ], [ 1481837.083089996594936, 2353020.835883399937302 ], [ 1481838.550878129433841, 2352907.60882110055536 ], [ 1481849.532497644424438, 2352793.825725960545242 ], [ 1481848.525231465231627, 2352739.91345389187336 ], [ 1481847.356634812895209, 2352724.137012567836791 ], [ 1481851.370295081287622, 2352709.790717659052461 ], [ 1481859.383489413186908, 2352699.048071422614157 ], [ 1481859.929556006100029, 2352672.154366245493293 ], [ 1481862.80277946498245, 2352606.131722692865878 ], [ 1481854.166887479368597, 2352574.204245392233133 ], [ 1481831.565605776384473, 2352529.105103398207575 ], [ 1481763.386717586778104, 2352453.247712200973183 ], [ 1481600.331040872260928, 2352289.850192057900131 ], [ 1481343.057601455133408, 2352027.737909981049597 ], [ 1481020.407505969516933, 2351695.557992325164378 ], [ 1480898.254174037138, 2351570.504104439169168 ], [ 1480787.44767864793539, 2351449.49137382209301 ], [ 1480724.230507237371057, 2351396.374830092769116 ], [ 1480669.785419990308583, 2351372.948461895808578 ], [ 1480615.792753274552524, 2351359.646132036112249 ], [ 1480510.015829546842724, 2351366.829544385895133 ], [ 1480347.803693738300353, 2351384.126543779391795 ], [ 1480058.091928020119667, 2351419.662377649452537 ], [ 1479868.124145826557651, 2351443.169625994283706 ], [ 1479842.986612092936411, 2351245.35326217347756 ], [ 1479817.084749404340982, 2351007.105156035162508 ], [ 1479789.324203227646649, 2350800.159290712792426 ], [ 1479785.732410247670487, 2350771.899931829422712 ], [ 1479411.169937182916328, 2350817.003430013079196 ], [ 1479178.025603140238672, 2350840.205244279466569 ], [ 1479163.985783440526575, 2350721.580463211517781 ], [ 1479163.542360493913293, 2350693.508306907489896 ], [ 1479149.43553854431957, 2350576.001551755703986 ], [ 1479100.670017226599157, 2350243.293265547603369 ], [ 1478809.552536399103701, 2350320.281993802171201 ], [ 1478774.199095248244703, 2350170.107614810578525 ], [ 1478758.593371728667989, 2350148.990631855558604 ], [ 1478542.70139025291428, 2349916.331154875922948 ], [ 1478525.705294768791646, 2349918.690403210930526 ], [ 1478507.006593855796382, 2349914.217996723484248 ], [ 1478492.904344360809773, 2349903.286845843307674 ], [ 1478487.465564805082977, 2349888.381324603222311 ], [ 1478493.905988715821877, 2349868.569967914838344 ], [ 1478509.398009425960481, 2349856.025316124781966 ], [ 1478459.07568626338616, 2349442.463843102566898 ], [ 1478403.53809538949281, 2348938.851004026830196 ], [ 1478339.217181279789656, 2348387.605305796954781 ], [ 1478275.62577194115147, 2348393.940364378970116 ], [ 1478247.760323501192033, 2348188.124767592642456 ], [ 1478226.126580625073984, 2347983.799918196164072 ], [ 1478179.556787735084072, 2347613.097191592212766 ], [ 1478167.647202571853995, 2347529.380303047131747 ] ] } },
{ "type": "Feature", "properties": { "route_name": "87_Lindavista R-1", "route_name_short": "Lindavista R-1", "route_type": 3, "agency_id": "Red_de_Transporte_Merida", "route_id": "87_Lindavista R-1", "shape_id": "Shape_87_Lindavista R-1" }, "geometry": { "type": "LineString", "coordinates": [ [ 1478000.794622971443459, 2347107.821255902759731 ], [ 1477575.964372796937823, 2347182.560712893959135 ], [ 1477121.551213271217421, 2347240.979268271941692 ], [ 1477118.628779925405979, 2347344.008823198731989 ], [ 1477157.873959166463464, 2347339.595563737209886 ], [ 1477253.816624515457079, 2347713.200629349332303 ], [ 1477346.878858167678118, 2348046.254618820734322 ], [ 1477423.347712310031056, 2348339.068437750916928 ], [ 1477529.759632548782974, 2348731.248596255201846 ], [ 1477635.450399277266115, 2349099.832019259687513 ], [ 1477750.110579040367156, 2349494.750179010443389 ], [ 1477833.307281624525785, 2349798.067300727590919 ], [ 1477862.0082309669815, 2349882.777810686733574 ], [ 1476772.360287150368094, 2350619.286875213496387 ], [ 1476697.73144118161872, 2350687.789644708391279 ], [ 1476688.540476676542312, 2350700.70744694955647 ], [ 1476675.150526085402817, 2350713.377034715376794 ], [ 1476058.822141746524721, 2351178.373811166733503 ], [ 1475925.599980802740902, 2351275.945720669347793 ], [ 1475357.806209364440292, 2351544.151125363539904 ], [ 1475246.978221317520365, 2351601.544224135112017 ], [ 1475127.358003261033446, 2351665.148827623575926 ], [ 1475042.905156466877088, 2351721.856522956863046 ], [ 1474956.479400669690222, 2351794.151824063621461 ], [ 1474572.266455872915685, 2352111.346841147169471 ], [ 1474489.779031190089881, 2351992.065242323093116 ], [ 1474413.390012380667031, 2351876.509555535856634 ], [ 1474348.408014147076756, 2351781.818190978374332 ], [ 1474264.542817653622478, 2351650.119399143848568 ], [ 1474178.451732369372621, 2351716.828537672292441 ], [ 1474187.238923464436084, 2351728.563759753480554 ], [ 1474080.150897097308189, 2351811.981313436757773 ], [ 1474073.397023954894394, 2351801.487779535353184 ], [ 1474015.982016449328512, 2351846.333366321865469 ], [ 1473989.538683116901666, 2351866.085532107390463 ], [ 1473982.252059413818642, 2351882.480927866883576 ], [ 1473984.675623851828277, 2351894.962353785522282 ], [ 1474106.133428340312093, 2352014.29529232904315 ], [ 1474215.378655835753307, 2352162.073178753722459 ], [ 1474039.392723804805428, 2352306.482070626225322 ], [ 1473865.820156790316105, 2352070.785330765414983 ], [ 1473819.653800979023799, 2352014.222000596579164 ], [ 1473735.848665050696582, 2351899.355690457392484 ], [ 1473705.283477052580565, 2351881.849898753222078 ], [ 1473675.599754822440445, 2351760.080882743466645 ], [ 1473634.660231648012996, 2351775.613728853408247 ], [ 1473518.686141196638346, 2351741.856292589567602 ], [ 1473542.209161530248821, 2351342.808707442134619 ], [ 1473679.899213198572397, 2351383.453557611908764 ], [ 1473794.469139637192711, 2351762.603464369662106 ], [ 1474076.751789214322343, 2351548.185622880235314 ], [ 1474086.108137222705409, 2351407.405622448306531 ], [ 1474038.296346809482202, 2351360.840377413667738 ], [ 1474046.181336537469178, 2351316.43819501856342 ], [ 1474055.080122010782361, 2351165.536225522402674 ], [ 1474067.349523939192295, 2350921.733620512764901 ], [ 1474192.721881357952952, 2350921.27463345695287 ], [ 1473974.503210803959519, 2350727.817840492352843 ], [ 1474960.797879097051919, 2350436.019512135069817 ], [ 1474883.133148251101375, 2350163.35042228968814 ], [ 1475120.402549465186894, 2350087.612088235095143 ], [ 1475150.652994764270261, 2350074.814745306503028 ], [ 1475152.494215846527368, 2350061.462866776622832 ], [ 1475165.55294503364712, 2350054.381415843963623 ], [ 1475179.853752464754507, 2350061.95549728628248 ], [ 1475179.980097448453307, 2350077.66690218495205 ], [ 1475171.054419016465545, 2350086.113920257426798 ], [ 1475232.855463975574821, 2350306.251200183760375 ], [ 1475365.72834286140278, 2350268.102885187603533 ], [ 1475581.328566834097728, 2350256.151599317789078 ], [ 1475666.754455415997654, 2350254.46456317557022 ], [ 1475784.729305025655776, 2350236.752146644052118 ], [ 1475902.770785373169929, 2350217.922624682541937 ], [ 1476039.378586211008951, 2350205.799003086984158 ], [ 1476024.944836624898016, 2350022.103446812368929 ], [ 1476208.141249707899988, 2350006.001282171346247 ], [ 1476210.980323189869523, 2349957.934062273707241 ], [ 1476232.114718817640096, 2349938.990991520695388 ], [ 1476216.135671566240489, 2349674.437890095170587 ], [ 1476204.719856321811676, 2349671.520233218558133 ], [ 1476198.883133579976857, 2349663.323356279172003 ], [ 1476191.078821476083249, 2349652.766807867679745 ], [ 1476192.920788229908794, 2349639.414697701111436 ], [ 1476195.944585400167853, 2349623.888897497206926 ], [ 1476209.136394779663533, 2349614.572262807283551 ], [ 1476222.064163563307375, 2349609.727004115935415 ], [ 1476235.579645909136161, 2349612.768651912920177 ], [ 1476246.665428900858387, 2349621.275532821193337 ], [ 1476254.073639034759253, 2349638.539176383521408 ], [ 1477737.57047181436792, 2349510.835338928271085 ], [ 1477646.571775844320655, 2349179.014439639635384 ], [ 1477524.899282022845, 2348742.179095549043268 ], [ 1477411.437281214632094, 2348754.543066402431577 ], [ 1477380.261812399607152, 2348604.62635930115357 ], [ 1477336.559201872907579, 2348434.899668874684721 ], [ 1477279.807081185514107, 2348236.358342960011214 ], [ 1477239.765481481328607, 2348093.771682493388653 ], [ 1477205.553492371924222, 2347977.330457916483283 ], [ 1477170.086163203464821, 2347882.128951811231673 ], [ 1477063.086213989648968, 2347606.586666887160391 ], [ 1478166.942251777509227, 2347487.832219323609024 ], [ 1478117.485419105505571, 2347094.524910230189562 ], [ 1477999.678551526740193, 2347108.877093567047268 ] ] } },
{ "type": "Feature", "properties": { "route_name": "87_Lindavista R-2", "route_name_short": "Lindavista R-2", "route_type": 3, "agency_id": "Red_de_Transporte_Merida", "route_id": "87_Lindavista R-2", "shape_id": "Shape_87_Lindavista R-2" }, "geometry": { "type": "LineString", "coordinates": [ [ 1478030.657427399419248, 2347101.733410671819001 ], [ 1477566.382330501452088, 2347184.238266587257385 ], [ 1477115.515325424959883, 2347236.135842989198864 ], [ 1477121.580690900795162, 2347347.548408997710794 ], [ 1477158.989944638917223, 2347338.539697411935776 ], [ 1477226.688229273539037, 2347601.665223372168839 ], [ 1477253.750598437152803, 2347714.318496984895319 ], [ 1477261.483495834283531, 2347743.941197460517287 ], [ 1477288.287377819884568, 2347843.118285547941923 ], [ 1477422.429905698867515, 2348336.770654144696891 ], [ 1477538.6140201468952, 2348741.867983880918473 ], [ 1477696.514535978902131, 2349314.338238315656781 ], [ 1476555.06737078144215, 2349411.776193061377853 ], [ 1476599.166506931651384, 2349913.561293899081647 ], [ 1476246.745722915045917, 2349940.976918613538146 ], [ 1476275.921668145339936, 2349999.909190997947007 ], [ 1476114.704137108754367, 2350018.43049279646948 ], [ 1475846.014773782808334, 2350037.337568809278309 ], [ 1475663.090876570902765, 2350031.024841543287039 ], [ 1475438.237394857220352, 2350039.065165107604116 ], [ 1475432.105513406451792, 2349928.774878503289074 ], [ 1475258.756560383364558, 2349938.736114603932947 ], [ 1475259.080771646928042, 2349951.094085650052875 ], [ 1475253.958290862152353, 2349966.495800363831222 ], [ 1475181.953259326517582, 2350062.079379881732166 ], [ 1475180.046055387938395, 2350076.549083368852735 ], [ 1475173.022006773389876, 2350088.473440243862569 ], [ 1475250.41976815322414, 2350365.616884031333029 ], [ 1473982.307585146976635, 2350738.373009126633406 ], [ 1474241.980526505503803, 2350961.195094622671604 ], [ 1474227.021435234695673, 2350964.799635219853371 ], [ 1474244.363455445738509, 2351117.24982383241877 ], [ 1474059.552353979088366, 2351125.419485675636679 ], [ 1474044.933935190085322, 2351319.729671507142484 ], [ 1474021.369584722910076, 2351594.273141551762819 ], [ 1473690.142644676379859, 2351834.968603622168303 ], [ 1473701.414641614072025, 2351876.013409442733973 ], [ 1473726.011819811072201, 2351887.558899842202663 ], [ 1473748.768374924082309, 2351912.455965195782483 ], [ 1474038.672886428190395, 2352300.83118917606771 ], [ 1474216.494206994306296, 2352161.017315419856459 ], [ 1474105.347604178357869, 2352009.762198498472571 ], [ 1473981.460873608011752, 2351895.894412416033447 ], [ 1473983.631326025351882, 2351876.953886005561799 ], [ 1473996.165993052069098, 2351860.868041376117617 ], [ 1474016.245748832589015, 2351841.862201572861522 ], [ 1474071.231860001105815, 2351802.481744097080082 ], [ 1474081.332383845001459, 2351809.807642810512334 ], [ 1474184.090058309957385, 2351728.378001603297889 ], [ 1474178.781433132244274, 2351711.239562844857574 ], [ 1474266.77396343043074, 2351648.007650203071535 ], [ 1474578.90005324780941, 2352088.18273109709844 ], [ 1474746.035621617222205, 2351951.105719073675573 ], [ 1474916.1910037137568, 2351816.450822960585356 ], [ 1475022.103957547340542, 2351735.210610616020858 ], [ 1475102.490054739406332, 2351676.019325032364577 ], [ 1475187.068956892937422, 2351635.023191156797111 ], [ 1475376.178612613584846, 2351536.262384312227368 ], [ 1475460.495253460016102, 2351499.73838227847591 ], [ 1475438.544716113246977, 2351425.529977882280946 ], [ 1475538.283790743444115, 2351377.577886348124593 ], [ 1475794.827445806469768, 2350975.447523867711425 ], [ 1475780.870855809189379, 2350569.67817301582545 ], [ 1476349.331003902014345, 2350540.440752007532865 ], [ 1476562.989113926887512, 2350632.711444680579007 ], [ 1476580.842261671088636, 2350615.818554242141545 ], [ 1476647.65973803261295, 2350554.705961764324456 ], [ 1476452.417379254475236, 2350346.860620548482984 ], [ 1476238.340792413800955, 2349958.428363014478236 ], [ 1476216.069655599072576, 2349675.555732770357281 ], [ 1476205.769660489633679, 2349671.582230285741389 ], [ 1476196.849538830574602, 2349662.081521267537028 ], [ 1476190.161043432774022, 2349650.469128017313778 ], [ 1476192.069021865725517, 2349635.999175813980401 ], [ 1476193.844971472630277, 2349623.764907088130713 ], [ 1476205.986971137113869, 2349614.386275466065854 ], [ 1476228.363015262875706, 2349610.098984890151769 ], [ 1476246.797461623325944, 2349619.039846001192927 ], [ 1476256.173254098277539, 2349638.663175246678293 ], [ 1476775.07321414956823, 2349593.03701906837523 ], [ 1477739.670177884865552, 2349510.959521302487701 ], [ 1477522.667336290236562, 2348744.290725558996201 ], [ 1477411.305143505334854, 2348756.778807479888201 ], [ 1477382.295554226264358, 2348605.86832028022036 ], [ 1477241.535158629762009, 2348099.485065327957273 ], [ 1477161.369394791312516, 2347851.326451298315078 ], [ 1477064.400211292319, 2347602.177213400136679 ], [ 1478161.626204907894135, 2347488.639770509209484 ], [ 1478117.947877721395344, 2347086.699695818126202 ], [ 1478032.757456527557224, 2347101.857509194407612 ] ] } },
{ "type": "Feature", "properties": { "route_name": "90_Pensiones Chenku (FUTV)", "route_name_short": "Pensiones Chenku (FUTV)", "route_type": 3, "agency_id": "Red_de_Transporte_Merida", "route_id": "90_Pensiones Chenku (FUTV)", "shape_id": "Shape_90_Pensiones Chenku (FUTV)" }, "geometry": { "type": "LineString", "coordinates": [ [ 1475734.48209634097293, 2349820.989551018923521 ], [ 1475721.998426120495424, 2349675.549916527234018 ], [ 1476178.289519859710708, 2349637.428926021326333 ], [ 1476198.308251869399101, 2349619.54151897225529 ], [ 1476213.731709647458047, 2349608.113190937321633 ], [ 1476190.565130422124639, 2349054.849258243571967 ], [ 1476899.849770746659487, 2348978.954526514746249 ], [ 1476939.869943914702162, 2348997.023553987033665 ], [ 1476985.476526194484904, 2348991.865759306121618 ], [ 1477430.145064623095095, 2348901.479653007816523 ], [ 1477571.233720637392253, 2348885.140492512378842 ], [ 1477755.889965806156397, 2348880.352574496064335 ], [ 1477864.095253137405962, 2348885.62892906460911 ], [ 1478024.282695232424885, 2348867.0572065776214 ], [ 1477992.186528768390417, 2348429.903354486450553 ], [ 1477968.819647832307965, 2348130.125300510320812 ], [ 1477957.3955057435669, 2347984.73900648066774 ], [ 1477955.134012551046908, 2347898.227516449987888 ], [ 1477923.736024520359933, 2347645.091018730774522 ], [ 1477904.034195743734017, 2347514.921099587809294 ], [ 1478163.79227203479968, 2347487.646016722079366 ], [ 1478131.40929805720225, 2347233.328311129938811 ], [ 1478262.344678674126044, 2347210.77902598073706 ], [ 1478304.380562770413235, 2347604.771635425277054 ], [ 1478046.788993895053864, 2347631.050152339972556 ], [ 1478090.938400573562831, 2347989.268378473352641 ], [ 1478105.775651787873358, 2348130.369922479614615 ], [ 1478131.313948995433748, 2348411.207157121039927 ], [ 1477855.563822071067989, 2348424.069272455759346 ], [ 1477690.850624913349748, 2348430.037266073748469 ], [ 1477599.962856335099787, 2348434.761157484725118 ], [ 1477456.176141260657459, 2348461.038355465512723 ], [ 1477527.065152063500136, 2348741.18533880263567 ], [ 1477409.205357425613329, 2348756.654705118387938 ], [ 1477239.689351170323789, 2348808.334153219591826 ], [ 1477097.882065850310028, 2348819.024878002237529 ], [ 1476974.312880193814635, 2348842.011775215156376 ], [ 1476838.350724230986089, 2348842.953926304820925 ], [ 1476518.187535197939724, 2348876.766959193628281 ], [ 1476198.160386885050684, 2348908.349893507547677 ], [ 1476227.313206591643393, 2349610.036987922620028 ], [ 1476245.417571397032589, 2349624.56706454185769 ], [ 1476253.611516325501725, 2349646.364081282168627 ], [ 1476243.958731740480289, 2349667.107110640499741 ], [ 1476230.634882307378575, 2349678.659395570866764 ], [ 1476239.892361398320645, 2349842.980503836181015 ], [ 1476224.211474583251402, 2349840.932614896446466 ], [ 1476211.936454713810235, 2349674.189899297896773 ], [ 1476196.849538830574602, 2349662.081521267537028 ], [ 1476177.299332851078361, 2349654.196553351823241 ], [ 1475819.761135712265968, 2349679.077406098134816 ], [ 1475843.915230387821794, 2350037.213602421339601 ], [ 1475883.625519821653143, 2350363.739071660209447 ], [ 1475397.119063218589872, 2350378.762324630748481 ], [ 1475537.713035067543387, 2350780.78664234559983 ], [ 1475545.972396836616099, 2350801.465365341398865 ], [ 1475542.948894518660381, 2350816.990971455350518 ], [ 1475531.461681341286749, 2350833.138535453006625 ], [ 1475372.603588718920946, 2351079.511091259773821 ], [ 1475222.479146154597402, 2351124.490006314124912 ], [ 1475204.568488236516714, 2351124.554334005340934 ], [ 1474959.326588630210608, 2351139.242403137031943 ], [ 1474731.9971416387707, 2351153.869047747924924 ], [ 1474530.25716215511784, 2351163.278032998554409 ], [ 1474362.10768030048348, 2351174.670656155794859 ], [ 1474369.742110010236502, 2351313.08878016890958 ], [ 1474379.354177714791149, 2351417.972983108367771 ], [ 1474387.284245448652655, 2351444.239699879195541 ], [ 1474470.568323663435876, 2351550.105750718154013 ], [ 1474583.817212463822216, 2351701.487218785565346 ], [ 1474640.605694833211601, 2351774.384039883967489 ], [ 1474844.295550925424322, 2351606.93434754665941 ], [ 1474857.287202412029728, 2351600.970992079470307 ], [ 1474906.818582612089813, 2351600.529716291464865 ], [ 1474912.132809484843165, 2351599.721717308275402 ], [ 1474914.759998262859881, 2351590.903148631099612 ], [ 1474937.204705627635121, 2351567.550544942729175 ], [ 1474864.994940639007837, 2351506.081008497159928 ], [ 1474659.711019452661276, 2351325.710304019507021 ], [ 1474501.185306435450912, 2351191.848619169089943 ], [ 1474503.614365105051547, 2351186.383458097930998 ], [ 1474563.824325860477984, 2351237.046922435052693 ], [ 1474945.46993775293231, 2351570.281880092807114 ], [ 1474928.669384186621755, 2351587.237420396879315 ], [ 1474910.687242107465863, 2351606.366624779067934 ], [ 1474852.560754419770092, 2351609.665638709906489 ], [ 1474728.666839787270874, 2351710.03617564542219 ], [ 1474636.92901781341061, 2351783.140633930917829 ], [ 1474508.926223654765636, 2351614.062275276985019 ], [ 1474379.150867921300232, 2351439.273101928178221 ], [ 1474371.742875949246809, 2351422.010714985430241 ], [ 1474355.551274001132697, 2351160.823648249264807 ], [ 1474905.07317555625923, 2351130.431820634286851 ], [ 1475186.202067089267075, 2351114.496348070446402 ], [ 1475209.559135247487575, 2351111.388387016486377 ], [ 1475229.833156541921198, 2351106.976723349653184 ], [ 1475374.77530991146341, 2351060.570086530409753 ], [ 1475524.641727305483073, 2350823.762046051677316 ], [ 1475351.33806623890996, 2350726.03589299460873 ], [ 1475334.938555629458278, 2350718.337468091864139 ], [ 1475328.250424379482865, 2350706.725478616077453 ], [ 1475325.761146858800203, 2350695.361360997427255 ], [ 1475310.309487435733899, 2350600.225052300374955 ], [ 1475301.725735773798078, 2350567.188609015662223 ], [ 1475258.272361685521901, 2350428.896319307852536 ], [ 1475239.466412242967635, 2350354.875021290499717 ], [ 1475394.695644933264703, 2350366.280377146787941 ], [ 1475790.659756990615278, 2350350.397061556577682 ], [ 1475785.647054372355342, 2350239.04979602759704 ], [ 1475733.432313584722579, 2349820.927580368239433 ] ] } },
{ "type": "Feature", "properties": { "route_name": "91_49 Petronila", "route_name_short": "49 Petronila", "route_type": 3, "agency_id": "Red_de_Transporte_Merida", "route_id": "91_49 Petronila", "shape_id": "Shape_91_49 Petronila" }, "geometry": { "type": "LineString", "coordinates": [ [ 1478032.691396414302289, 2347102.975395018234849 ], [ 1477573.864376998506486, 2347182.436668733600527 ], [ 1477435.978375885635614, 2347197.849703265354037 ], [ 1477442.17388414288871, 2347307.027485713828355 ], [ 1477455.586741217412055, 2347418.87519823666662 ], [ 1477487.376383657101542, 2347701.196523434482515 ], [ 1477513.835477627813816, 2347841.859865205362439 ], [ 1477545.199128301115707, 2348024.319067212287337 ], [ 1477569.643155114259571, 2348109.896852559410036 ], [ 1477611.8766382872127, 2348179.699437199160457 ], [ 1477533.844186505535617, 2348198.645351146347821 ], [ 1477386.18656857451424, 2348219.08638387080282 ], [ 1477131.953002006979659, 2348260.154945142101496 ], [ 1476880.806100058835, 2348302.530731701292098 ], [ 1476606.696346327662468, 2348341.310278041753918 ], [ 1476301.615207384340465, 2348387.239373373333365 ], [ 1476240.452016918454319, 2348406.064023169223219 ], [ 1476176.661487731849775, 2348433.707653799559921 ], [ 1476182.12289514974691, 2348591.07314670458436 ], [ 1476152.396575412014499, 2348594.927267567254603 ], [ 1475938.739803873933852, 2348609.239503593184054 ], [ 1475957.248193099163473, 2349009.667882421985269 ], [ 1475977.975249150302261, 2349033.325907153543085 ], [ 1475992.194082743953913, 2349292.163755036424845 ], [ 1475998.372555527836084, 2349455.179884489160031 ], [ 1476018.384998934576288, 2349455.239647892303765 ], [ 1476032.420269808033481, 2349663.589321628212929 ], [ 1475779.539047694765031, 2349682.311661428771913 ], [ 1475573.180566051276401, 2349698.174503376241773 ], [ 1475428.106713179964572, 2349710.925672117155045 ], [ 1475314.334640807705, 2349710.942588849458843 ], [ 1475185.536320487502962, 2349715.682306918315589 ], [ 1475173.461216733325273, 2349723.943600489757955 ], [ 1475159.682253638282418, 2349725.374123175628483 ], [ 1475141.8307482060045, 2349742.268319196999073 ], [ 1474970.412704882211983, 2349880.221367184072733 ], [ 1474845.988091508159414, 2349971.591880012769252 ], [ 1474586.609896026318893, 2350047.152077642269433 ], [ 1474690.158790191635489, 2350220.391342860180885 ], [ 1474952.751102947164327, 2350143.901592921931297 ], [ 1474841.992033461574465, 2349950.04388039233163 ], [ 1474735.291876564268023, 2349776.618040046654642 ], [ 1474595.476301755290478, 2349521.601419385056943 ], [ 1474444.418437224347144, 2349600.187932230532169 ], [ 1474382.328829614445567, 2349420.42345445137471 ], [ 1474511.930425974074751, 2349348.422870194073766 ], [ 1474404.311262315604836, 2349136.811243986245245 ], [ 1474586.413398913107812, 2349032.010212470311671 ], [ 1474621.829950365703553, 2349092.425677335821092 ], [ 1474700.655829599592835, 2349256.35275992192328 ], [ 1474844.937300384044647, 2349507.146333232987672 ], [ 1474887.694751920178533, 2349585.943420709110796 ], [ 1474949.408396706916392, 2349682.684393562376499 ], [ 1474965.281708520371467, 2349699.324472303967923 ], [ 1474985.683737634215504, 2349710.623185573145747 ], [ 1475014.747657106956467, 2349717.946048320271075 ], [ 1475070.649324723752216, 2349716.756745694205165 ], [ 1475132.195618185214698, 2349709.17036472633481 ], [ 1475157.91777996183373, 2349701.714139746967703 ], [ 1475173.796313238330185, 2349700.407471301965415 ], [ 1475187.245567553211004, 2349704.566047696396708 ], [ 1475206.009651063708588, 2349707.916487220674753 ], [ 1475409.870259437710047, 2349698.632370887324214 ], [ 1476025.929699632804841, 2349648.623524197377264 ], [ 1476006.17710256553255, 2349465.736256138887256 ], [ 1475987.346478020539507, 2349463.502804982475936 ], [ 1475980.921934167388827, 2349251.115948186255991 ], [ 1475971.67037396132946, 2349050.901476235128939 ], [ 1475968.328757947776467, 2349036.121724031865597 ], [ 1475962.425598802510649, 2349029.042905801907182 ], [ 1476327.023415126372129, 2348545.782906965352595 ], [ 1476322.967725737020373, 2348507.404290129430592 ], [ 1477314.604735674569383, 2348360.68727742601186 ], [ 1477229.411513983039185, 2348055.019932725466788 ], [ 1477180.381030338816345, 2347904.050559028983116 ], [ 1477121.833461107220501, 2347753.641495985910296 ], [ 1477063.152223812183365, 2347605.46880352916196 ], [ 1478163.726191143970937, 2347488.763905281201005 ], [ 1478114.533563706325367, 2347090.985083756037056 ], [ 1478047.589785137912259, 2347100.490434227511287 ] ] } },
{ "type": "Feature", "properties": { "route_name": "92_Serapio Rendón R-1", "route_name_short": "Serapio Rendón R-1", "route_type": 3, "agency_id": "Red_de_Transporte_Merida", "route_id": "92_Serapio Rendón R-1", "shape_id": "Shape_92_Serapio Rendón R-1" }, "geometry": { "type": "LineString", "coordinates": [ [ 1478120.158909059129655, 2347138.432809706777334 ], [ 1478068.952999890316278, 2346667.62015621829778 ], [ 1478190.309507113415748, 2346646.746000543236732 ], [ 1478327.226283197756857, 2346612.208771807607263 ], [ 1478576.250666179694235, 2346552.888340434990823 ], [ 1478505.042396252742037, 2346046.1121402871795 ], [ 1478434.462884114123881, 2345582.004338246770203 ], [ 1478395.387031906750053, 2345280.176484440453351 ], [ 1478372.305039128288627, 2345028.653049819171429 ], [ 1478379.956977989757434, 2344916.92555844783783 ], [ 1478405.977508609183133, 2344833.205822270363569 ], [ 1478433.450413540471345, 2344724.892303805332631 ], [ 1478478.410451572854072, 2344534.598445896990597 ], [ 1478532.047949400730431, 2344304.432030087802559 ], [ 1478557.882449440192431, 2344188.168771423399448 ], [ 1478569.200132302474231, 2344103.580429650843143 ], [ 1478560.333993750624359, 2343914.595119779463857 ], [ 1478555.079220938496292, 2343717.970616493374109 ], [ 1478556.531566511141136, 2343479.113958728965372 ], [ 1478716.578503005672246, 2343445.933109716512263 ], [ 1478869.917500703595579, 2343454.985970392357558 ], [ 1478889.100888166576624, 2343201.468956663273275 ], [ 1478906.902604313567281, 2342953.479326593223959 ], [ 1479498.8801552769728, 2342995.166122576221824 ], [ 1479877.846794141689315, 2343020.920634410344064 ], [ 1479877.318318203557283, 2343029.864080319181085 ], [ 1479362.927674013655633, 2342994.989035226870328 ], [ 1479277.761831352952868, 2343259.19526279810816 ], [ 1479262.397499916376546, 2343269.505986429750919 ], [ 1478897.948054175358266, 2343247.985260840505362 ], [ 1478875.559062876272947, 2343466.537112306803465 ], [ 1478718.151081285905093, 2343455.000343065708876 ], [ 1478556.987967947032303, 2343489.237052276264876 ], [ 1478366.688313380815089, 2343499.319664504844695 ], [ 1478405.954392307437956, 2344101.795280463062227 ], [ 1478294.565664804307744, 2344096.3418163289316 ], [ 1478320.876394054386765, 2344543.245559263974428 ], [ 1478344.125476315384731, 2344899.104502680245787 ], [ 1478259.656392896547914, 2344884.020583668723702 ], [ 1478276.542927619535476, 2345026.363302237354219 ], [ 1478275.354694258188829, 2345046.485371885821223 ], [ 1478255.419202314922586, 2345187.775558585766703 ], [ 1478265.924865482375026, 2345366.760784628335387 ], [ 1478274.492683927994221, 2345453.644782234914601 ], [ 1478311.441060870420188, 2345648.775581608526409 ], [ 1478357.144824517890811, 2345945.385844537522644 ], [ 1478413.706991175189614, 2346325.65197019604966 ], [ 1478449.318220695015043, 2346561.090945041738451 ], [ 1478476.298208811786026, 2346710.763424859847873 ], [ 1478357.628455432830378, 2346739.646910743787885 ], [ 1478279.653843208216131, 2346757.47447669878602 ], [ 1478227.409017450176179, 2346767.848479613661766 ], [ 1478236.11869624722749, 2346816.600371245294809 ], [ 1478187.935177911072969, 2346847.406698434147984 ], [ 1478166.465101273264736, 2346871.939155160915107 ], [ 1478161.333133886102587, 2346905.289667010307312 ], [ 1478178.098537119105458, 2346996.023931215982884 ], [ 1478232.046264296630397, 2346992.481531821191311 ], [ 1478258.159098302479833, 2347174.634118230082095 ], [ 1478275.679412178928033, 2347341.695770822931081 ], [ 1478148.555647298227996, 2347353.251857895869762 ], [ 1478120.944654366001487, 2347142.966416847892106 ] ] } },
{ "type": "Feature", "properties": { "route_name": "94_Mulsay", "route_name_short": "Mulsay", "route_type": 3, "agency_id": "Red_de_Transporte_Merida", "route_id": "94_Mulsay", "shape_id": "Shape_94_Mulsay" }, "geometry": { "type": "LineString", "coordinates": [ [ 1478132.598568369634449, 2347213.206326934508979 ], [ 1478113.417481121141464, 2347092.04091717954725 ], [ 1477579.246430215192959, 2347180.51102881738916 ], [ 1477278.863280903780833, 2347217.737028607167304 ], [ 1476978.153921176679432, 2347260.557171146851033 ], [ 1476832.003498447593302, 2347273.243082422763109 ], [ 1476844.166524755535647, 2347406.327973147854209 ], [ 1476866.456168814795092, 2347474.949060622602701 ], [ 1476818.421926064882427, 2347467.626431921962649 ], [ 1476772.877724754624069, 2347471.668458924628794 ], [ 1476722.605907756835222, 2347484.405545566696674 ], [ 1476659.404875966254622, 2347501.988360922317952 ], [ 1476606.181449931813404, 2347511.186251638457179 ], [ 1476526.973282411694527, 2347514.363773805089295 ], [ 1476442.839906960027292, 2347529.590166192967445 ], [ 1476304.945751519408077, 2347598.853386905044317 ], [ 1476326.247159011662006, 2347684.240685643162578 ], [ 1476357.997145721688867, 2347931.775325657334179 ], [ 1476386.85005114111118, 2347996.295688128098845 ], [ 1476174.135288529796526, 2348119.47250366024673 ], [ 1475245.743407995905727, 2348659.218362445011735 ], [ 1474297.281821568962187, 2349201.169835953041911 ], [ 1474277.27413974236697, 2349183.165604502893984 ], [ 1474244.677095247898251, 2349128.525845863856375 ], [ 1474133.829622177407146, 2348953.743299970403314 ], [ 1474058.731176977977157, 2348815.840158058796078 ], [ 1473955.227300432510674, 2348641.493274956475943 ], [ 1473918.559930977411568, 2348584.372130011674017 ], [ 1473885.831573734991252, 2348514.023142217192799 ], [ 1473879.535975003615022, 2348495.70576295722276 ], [ 1473896.435005414765328, 2348298.16592313721776 ], [ 1473919.246827687136829, 2348053.864166777115315 ], [ 1473936.79911285196431, 2347863.092631690669805 ], [ 1473953.531115849269554, 2347865.199336626566947 ], [ 1473891.149829430971295, 2348495.267982181161642 ], [ 1473894.756714617367834, 2348505.57537601981312 ], [ 1473902.167933431221172, 2348522.836799304932356 ], [ 1473912.399462531320751, 2348545.872652656398714 ], [ 1474057.750891997013241, 2348796.713981975801289 ], [ 1474154.755866086808965, 2348974.044626666698605 ], [ 1474243.565489459550008, 2349111.635158184915781 ], [ 1474293.218557999003679, 2349180.740135409403592 ], [ 1475208.537437288090587, 2348664.876289840787649 ], [ 1476091.836256045149639, 2348157.241995942313224 ], [ 1476106.540319981519133, 2348140.161915518343449 ], [ 1476148.019654466304928, 2348115.687939504161477 ], [ 1476146.266141468891874, 2348056.132537870667875 ], [ 1476133.528898177202791, 2347861.321013173554093 ], [ 1476129.047229446936399, 2347705.13569288700819 ], [ 1476314.565959256608039, 2347685.794879037421197 ], [ 1476614.799306782893836, 2347650.791556796990335 ], [ 1477069.5839924197644, 2347603.60507772769779 ], [ 1477361.096604965161532, 2347573.707229745108634 ], [ 1477611.267206981312484, 2347548.101920397486538 ], [ 1477903.90206750924699, 2347517.156864804215729 ], [ 1478164.842265258543193, 2347487.708084187004715 ], [ 1478129.514608595520258, 2347211.902263720519841 ] ] } },
{ "type": "Feature", "properties": { "route_name": "92_Serapio Rendón R2 F.U.T.V", "route_name_short": "Serapio Rendón R2 F.U.T.V", "route_type": 3, "agency_id": "Red_de_Transporte_Merida", "route_id": "92_Serapio Rendón R2 F.U.T.V", "shape_id": "Shape_92_Serapio Rendón R2 F.U.T.V" }, "geometry": { "type": "LineString", "coordinates": [ [ 1478117.214116427116096, 2347116.944720161147416 ], [ 1478067.969005722785369, 2346666.440228628925979 ], [ 1478206.324455765075982, 2346643.205166990403086 ], [ 1478330.376443257089704, 2346612.394939586520195 ], [ 1478572.182572271442041, 2346550.404262952506542 ], [ 1478522.838643825845793, 2346190.754399911966175 ], [ 1478505.167651790194213, 2346061.824755832087249 ], [ 1478465.953150461660698, 2345798.128230996895581 ], [ 1478402.863743002992123, 2345296.323236520867795 ], [ 1478381.725502519868314, 2345118.95293650822714 ], [ 1478372.496940996032208, 2345043.247703318018466 ], [ 1478371.003093502018601, 2344997.165935846511275 ], [ 1478379.560879450058565, 2344923.632929695304483 ], [ 1478421.616260885260999, 2344782.52679403219372 ], [ 1478443.244168501347303, 2344683.964230129960924 ], [ 1478500.69241886283271, 2344442.805114258080721 ], [ 1478527.841206914512441, 2344322.132382318843156 ], [ 1478562.017299595754594, 2344189.534709688741714 ], [ 1478570.574523319955915, 2344116.001347199082375 ], [ 1478562.434456980787218, 2343914.719125362578779 ], [ 1478554.869991378393024, 2343757.22111239284277 ], [ 1478550.09804387902841, 2343480.977811087388545 ], [ 1478715.462243789806962, 2343446.989012732170522 ], [ 1478869.851496202405542, 2343456.103877783287317 ], [ 1478871.507384510478005, 2343410.207662993110716 ], [ 1478900.308913967106491, 2343047.321636157575995 ], [ 1478903.602990045677871, 2343009.374752417672426 ], [ 1478905.918294064234942, 2342952.299417459405959 ], [ 1479427.326800669543445, 2342993.183438383974135 ], [ 1479880.865640711970627, 2343023.342689297161996 ], [ 1479879.352901114150882, 2343031.106140246149153 ], [ 1478912.742470416473225, 2342961.676692500710487 ], [ 1478876.873351994436234, 2343462.127493730280548 ], [ 1478715.000286614056677, 2343454.814339733216912 ], [ 1478542.218365385662764, 2343489.487073888070881 ], [ 1478367.804538445081562, 2343498.263748543802649 ], [ 1478403.655982220545411, 2344105.024974341038615 ], [ 1478296.666091417660937, 2344096.465797123499215 ], [ 1478301.063500445801765, 2344307.621730940416455 ], [ 1478347.407993244705722, 2344897.054755210410804 ], [ 1478263.659018892562017, 2344887.622293760534376 ], [ 1478279.687329812906682, 2345044.497638955712318 ], [ 1478255.815299187321216, 2345181.068205416668206 ], [ 1478259.444634695770219, 2345315.897456273902208 ], [ 1478273.05268609453924, 2345442.341811763588339 ], [ 1478310.58904872322455, 2345645.359871688298881 ], [ 1478357.864688125671819, 2345951.037355629261583 ], [ 1478434.461434164084494, 2346455.885446458123624 ], [ 1478477.216103109531105, 2346713.061285213567317 ], [ 1478352.312155401799828, 2346740.454500074964017 ], [ 1478231.873434026027098, 2346763.625131237320602 ], [ 1478240.120651904726401, 2346820.202264646068215 ], [ 1478210.257156821433455, 2346826.289968225173652 ], [ 1478188.919149814639241, 2346848.586640874389559 ], [ 1478164.034725920762867, 2346877.404496016446501 ], [ 1478164.08684672601521, 2346912.183158868458122 ], [ 1478179.346762330271304, 2346992.732319481670856 ], [ 1478231.260518175549805, 2346987.947910813614726 ], [ 1478277.059837407432497, 2347336.16838555270806 ], [ 1478147.373494567815214, 2347355.425571410916746 ], [ 1478118.065932953264564, 2347120.360438600648195 ] ] } },
{ "type": "Feature", "properties": { "route_name": "99_Santa Gertrudis COPO R-3", "route_name_short": "Santa Gertrudis COPO R-3", "route_type": 3, "agency_id": "Red_de_Transporte_Merida", "route_id": "99_Santa Gertrudis COPO R-3", "shape_id": "Shape_99_Santa Gertrudis COPO R-3" }, "geometry": { "type": "LineString", "coordinates": [ [ 1478330.762493054149672, 2347604.087856692261994 ], [ 1478308.316142492927611, 2347609.491520612966269 ], [ 1478324.673954477999359, 2347724.882295187097043 ], [ 1478635.038502462208271, 2347679.29341524746269 ], [ 1478646.33436944289133, 2347808.969712007790804 ], [ 1478668.063184501603246, 2347940.385107401292771 ], [ 1478703.837551299715415, 2348065.900790068786591 ], [ 1478679.026912920642644, 2348075.651127030607313 ], [ 1478728.193131852895021, 2348330.968040069565177 ], [ 1478752.727144435979426, 2348628.5790956155397 ], [ 1478787.434649100527167, 2348914.452978330198675 ], [ 1478830.919892604462802, 2349354.536751796957105 ], [ 1478912.688180935801938, 2349343.67239613365382 ], [ 1478970.110573173966259, 2349334.732288476079702 ], [ 1478998.391561093274504, 2349337.528690646868199 ], [ 1479018.859913926571608, 2349347.715308519080281 ], [ 1479042.146945964545012, 2349363.678010398987681 ], [ 1479050.603016181848943, 2349381.006165019702166 ], [ 1479059.645550031214952, 2349406.221858324483037 ], [ 1479077.428109270520508, 2349532.919750098139048 ], [ 1479086.773108021356165, 2349606.392102252226323 ], [ 1479102.681967645417899, 2349675.765958128497005 ], [ 1479120.78435743553564, 2349814.823353663552552 ], [ 1479148.587655308656394, 2350092.441041644196957 ], [ 1479191.045342795085162, 2350087.103569326922297 ], [ 1479208.833507138770074, 2350195.853587470017374 ], [ 1479191.628655588254333, 2350219.514581668656319 ], [ 1478945.397288190666586, 2350285.699056665413082 ], [ 1478949.849874584935606, 2350423.947593832854182 ], [ 1478535.870890770107508, 2350440.935834613163024 ], [ 1478546.965371013619006, 2350680.539553475566208 ], [ 1478568.158305208897218, 2350927.472622029017657 ], [ 1478627.557632333831862, 2351489.657450340688229 ], [ 1478656.187116370769218, 2351682.063544396311045 ], [ 1478668.732964765746146, 2351772.552818175870925 ], [ 1478840.446250602602959, 2351754.683845987077802 ], [ 1478849.465052842162549, 2351815.797144831623882 ], [ 1478812.393105595139787, 2351819.208975237328559 ], [ 1478852.80897328350693, 2352043.726678650826216 ], [ 1478935.268286193255335, 2352500.713611661456525 ], [ 1478983.244774703402072, 2352792.992054219823331 ], [ 1479258.776826966553926, 2352924.885500479023904 ], [ 1479279.571310760919005, 2352929.484737414401025 ], [ 1479309.414892312604934, 2352941.351971439551562 ], [ 1479336.893789526773617, 2352957.566361625213176 ], [ 1479358.008282774826512, 2352974.525036218576133 ], [ 1479372.746717712841928, 2353010.176847939379513 ], [ 1479395.944651809521019, 2353151.784530783072114 ], [ 1479430.218194482382387, 2353408.478620268870145 ], [ 1479455.554886054713279, 2353584.991391481366009 ], [ 1479467.951438014395535, 2353589.092785540036857 ], [ 1479473.652025940129533, 2353599.527844780124724 ], [ 1479468.856262718793005, 2353609.339852167293429 ], [ 1479460.061043752357364, 2353615.548896082676947 ], [ 1479497.212403630837798, 2353876.902589758858085 ], [ 1479538.625310820527375, 2354137.388263844884932 ], [ 1479589.297609463101253, 2354472.467428314965218 ], [ 1479616.604477687738836, 2354633.393417342565954 ], [ 1480121.578697436023504, 2355104.292540655937046 ], [ 1480258.190138699254021, 2355233.576502335257828 ], [ 1480277.411372460890561, 2355317.738592885434628 ], [ 1480969.736313773784786, 2355099.755298652220517 ], [ 1481010.152304631192237, 2355093.184450982604176 ], [ 1481049.186232901643962, 2355092.140990995801985 ], [ 1481976.401346694678068, 2354804.019485559314489 ], [ 1482286.667591175530106, 2354705.81410876987502 ], [ 1482300.261982932686806, 2354689.79460468981415 ], [ 1482330.650602515786886, 2354674.775345320347697 ], [ 1482519.383127339649945, 2354618.700195469427854 ], [ 1482684.575198621721938, 2354551.126443693879992 ], [ 1482733.408315404783934, 2354527.108886078931391 ], [ 1482769.712306256173179, 2354501.22294549504295 ], [ 1482900.700466370210052, 2354388.977936228271574 ], [ 1482973.126168184215203, 2354322.609900287352502 ], [ 1482992.303076263749972, 2354301.313340005464852 ], [ 1483027.392564331647009, 2354313.501995978411287 ], [ 1483042.588453553151339, 2354341.334720333572477 ], [ 1483005.617327947169542, 2354378.400322787463665 ], [ 1482826.628088874742389, 2354536.029003690462559 ], [ 1482704.004124023253098, 2354613.991560099180788 ], [ 1482560.737654875498265, 2354667.163726143073291 ], [ 1482087.195254045072943, 2354818.470297940541059 ], [ 1481419.697381128324196, 2355025.557053302414715 ], [ 1481093.239226517733186, 2355130.663011902011931 ], [ 1480522.953180677490309, 2355315.51067569013685 ], [ 1480572.134048805106431, 2355586.567877968773246 ], [ 1480347.876343053067103, 2355638.300054335966706 ], [ 1480333.501224783249199, 2355649.785951384808868 ], [ 1480311.8398657143116, 2355500.408989008050412 ], [ 1480288.050445609958842, 2355386.806046009995043 ], [ 1479710.512905749492347, 2355570.119577199686319 ], [ 1479696.351180870085955, 2355560.303054986987263 ], [ 1479682.920201580971479, 2355538.189455415587872 ], [ 1479687.397397646680474, 2355516.018200196325779 ], [ 1479700.988098178524524, 2355499.997840510681272 ], [ 1479721.393992990022525, 2355493.357411981094629 ], [ 1479726.934155515860766, 2355453.299440454691648 ], [ 1479709.464744616765529, 2355304.175016324035823 ], [ 1479591.200294185429811, 2354564.572926502674818 ], [ 1479529.245273004984483, 2354135.709443267900497 ], [ 1479458.552655747393146, 2353711.938724487554282 ], [ 1479443.134198119398206, 2353616.787853484041989 ], [ 1479435.068916454911232, 2353610.699857364874333 ], [ 1479433.566852853866294, 2353600.51403010264039 ], [ 1479436.329677375266328, 2353589.459500782191753 ], [ 1479446.174525547772646, 2353583.312745758797973 ], [ 1479353.399977318942547, 2352998.932255116757005 ], [ 1479333.467855896567926, 2352979.800033120438457 ], [ 1479260.3455865024589, 2352933.953329477924854 ], [ 1479167.080268473830074, 2352890.277730621863157 ], [ 1479109.4259332716465, 2352867.786428152583539 ], [ 1479050.226207501254976, 2352480.606545008718967 ], [ 1478990.202322454657406, 2352142.740357379429042 ], [ 1478938.681929396465421, 2351839.034807815216482 ], [ 1478940.59314176812768, 2351824.564290635287762 ], [ 1478944.338754274649546, 2351814.689839059021324 ], [ 1478936.049180120695382, 2351741.279413881711662 ], [ 1478841.495987701462582, 2351754.746064307168126 ], [ 1478830.199448912870139, 2351660.964805747848004 ], [ 1478737.944426330039278, 2351671.20292243687436 ], [ 1478704.117334975162521, 2351388.7424396276474 ], [ 1478675.052194971358404, 2351150.31590241054073 ], [ 1478659.298422155436128, 2351042.809624229092151 ], [ 1478645.398237158777192, 2350904.002328763250262 ], [ 1478612.523777645546943, 2350907.664129647426307 ], [ 1478585.948069371283054, 2350911.699072348419577 ], [ 1478583.318779539782554, 2350920.517877824604511 ], [ 1478569.141873985761777, 2350928.652697568759322 ], [ 1478552.014279256109148, 2350933.247300638817251 ], [ 1478539.880378788802773, 2350924.675892475992441 ], [ 1478534.574858495267108, 2350907.534404244739562 ], [ 1478545.148514160420746, 2350889.08978855330497 ], [ 1478540.571890032384545, 2350735.129893784411252 ], [ 1478519.802030708640814, 2350427.644351001828909 ], [ 1478520.528919249307364, 2350290.826050078496337 ], [ 1478587.282161176437512, 2350248.7842430123128 ], [ 1478769.413342738989741, 2350161.971441017929465 ], [ 1479135.856986517785117, 2350093.930511263664812 ], [ 1479118.276303111109883, 2349963.878356807399541 ], [ 1479097.81968984217383, 2349811.219432288315147 ], [ 1479090.310209578368813, 2349742.342996005434543 ], [ 1479081.637192595982924, 2349639.742806476540864 ], [ 1479117.796562511008233, 2349634.031617898028344 ], [ 1479108.64093389455229, 2349575.154180059209466 ], [ 1479035.741210804320872, 2349187.171859629452229 ], [ 1478903.673988007707521, 2348463.630432487465441 ], [ 1478825.386270064394921, 2348041.681232100818306 ], [ 1478747.377708523068577, 2347561.416908738203347 ], [ 1478619.922971433028579, 2347578.558386007323861 ], [ 1478355.242755393730476, 2347599.926274653989822 ] ] } },
{ "type": "Feature", "properties": { "route_name": "121_Pensiones", "route_name_short": "Pensiones", "route_type": 3, "agency_id": "Red_de_Transporte_Merida", "route_id": "121_Pensiones", "shape_id": "Shape_121_Pensiones" }, "geometry": { "type": "LineString", "coordinates": [ [ 1477383.809730385430157, 2348758.519107959698886 ], [ 1477230.306441233493388, 2348806.657915550749749 ], [ 1476985.141859871800989, 2348837.042729158420116 ], [ 1476837.10275330580771, 2348846.245481737423688 ], [ 1476515.037946567637846, 2348876.580968167167157 ], [ 1476198.09439570014365, 2348909.467736280057579 ], [ 1476232.694280311930925, 2349608.111287255771458 ], [ 1476256.437324145575985, 2349634.191800777800381 ], [ 1476233.388191205449402, 2349685.552450907882303 ], [ 1476237.079650329425931, 2349819.257786284200847 ], [ 1476242.949345152359456, 2349916.074338721111417 ], [ 1476250.740152284037322, 2349962.525974579155445 ], [ 1476272.184736023657024, 2349991.836246008519083 ], [ 1476249.346910719294101, 2350003.948182405438274 ], [ 1476208.009198433253914, 2350008.23696671705693 ], [ 1476238.390578270889819, 2350349.919772120658308 ], [ 1476051.460697830654681, 2350357.947228654287755 ], [ 1475842.751229691784829, 2350360.203529161866754 ], [ 1475605.105928333941847, 2350370.849480485543609 ], [ 1475384.456220775377005, 2350379.136595680378377 ], [ 1475354.469746130518615, 2350387.46208167495206 ], [ 1475264.312712425831705, 2350415.792251514270902 ], [ 1475312.222978068049997, 2350567.808229675516486 ], [ 1475339.605426666326821, 2350692.813464939128608 ], [ 1475349.442712152376771, 2350704.611364115495235 ], [ 1475354.949139384320006, 2350718.397043397184461 ], [ 1475341.038881693268195, 2350722.062741382513195 ], [ 1475307.316034420393407, 2350722.315439030062407 ], [ 1474976.046283855102956, 2350766.700787986628711 ], [ 1474893.83404803276062, 2350785.405208622571081 ], [ 1474809.588730498217046, 2350802.868276652414352 ], [ 1474604.810842615552247, 2350863.697075503412634 ], [ 1474236.098174752201885, 2350882.330288891214877 ], [ 1474206.509472789242864, 2350883.950465464964509 ], [ 1474166.74866667878814, 2350897.309363301843405 ], [ 1474151.79450785368681, 2350882.96737257996574 ], [ 1474061.673591650323942, 2350803.622684023808688 ], [ 1473987.490088377613574, 2350739.800208855886012 ], [ 1473886.166181821841747, 2350850.481173398904502 ], [ 1473758.067430296912789, 2350736.371665738523006 ], [ 1473624.903184951283038, 2351208.59650419279933 ], [ 1473762.792304866947234, 2351245.888310892507434 ], [ 1473875.212843685410917, 2350839.740419928450137 ], [ 1473972.469745656009763, 2350726.57628819020465 ], [ 1474241.476955892052501, 2350648.215536269824952 ], [ 1474589.028953244211152, 2350541.96144591178745 ], [ 1474960.600016748532653, 2350439.372952902223915 ], [ 1474880.835848416900262, 2350166.580008733551949 ], [ 1475148.421579590067267, 2350076.926502278540283 ], [ 1475156.693227035691962, 2350061.710625186096877 ], [ 1475175.786653290968388, 2350059.472095460165292 ], [ 1475179.980097448453307, 2350077.66690218495205 ], [ 1475170.004667386878282, 2350086.051979018840939 ], [ 1475246.028713120613247, 2350350.775456407573074 ], [ 1475397.712899663485587, 2350368.701912506483495 ], [ 1475766.317487813532352, 2350352.324861234985292 ], [ 1476237.149547890061513, 2350335.263784629292786 ], [ 1476435.694211282767355, 2350326.802719773259014 ], [ 1476266.59897439321503, 2350015.062925050035119 ], [ 1476250.33733251481317, 2349987.180533926002681 ], [ 1476234.339723630808294, 2349954.826809263322502 ], [ 1476230.345268188277259, 2349933.277766518760473 ], [ 1476231.929856677073985, 2349906.449537976644933 ], [ 1476212.920243146829307, 2349675.369739498011768 ], [ 1476195.799734278814867, 2349662.019525010604411 ], [ 1476190.035422657150775, 2349634.757343185134232 ], [ 1476212.417846274096519, 2349612.522565505933017 ], [ 1476189.713272282620892, 2349051.433750205207616 ], [ 1476404.812241515610367, 2349030.481783537659794 ], [ 1476717.820523526985198, 2348992.880197714548558 ], [ 1476903.785069432109594, 2348983.674058753065765 ], [ 1476936.918478556443006, 2348993.483894258271903 ], [ 1476981.277057172497734, 2348991.617640200536698 ], [ 1477053.79095717612654, 2348976.832156943157315 ], [ 1477148.81485532480292, 2348955.524701706599444 ], [ 1477422.465504327323288, 2348906.634615488816053 ], [ 1477699.129639564082026, 2348878.118425416760147 ], [ 1477863.177563925273716, 2348883.331084102857858 ], [ 1478025.266482690349221, 2348868.237184343859553 ], [ 1477994.029635209590197, 2348416.550826113671064 ], [ 1477967.894420790020376, 2348145.775671796407551 ], [ 1477953.166247585089877, 2347895.867620782926679 ], [ 1477940.617499548941851, 2347769.485499850474298 ], [ 1478194.204519171267748, 2347739.604302201420069 ], [ 1478133.905740823829547, 2347226.745100900996476 ], [ 1478263.526850242866203, 2347208.605310728773475 ], [ 1478267.117648034822196, 2347254.811248647514731 ], [ 1478276.655988627811894, 2347360.824063896201551 ] ] } },
{ "type": "Feature", "properties": { "route_name": "112_Mulsay Juan Pablo II", "route_name_short": "Mulsay Juan Pablo II", "route_type": 3, "agency_id": "Red_de_Transporte_Merida", "route_id": "112_Mulsay Juan Pablo II", "shape_id": "Shape_112_Mulsay Juan Pablo II" }, "geometry": { "type": "LineString", "coordinates": [ [ 1478124.21976135391742, 2347158.865071908105165 ], [ 1478111.053185942349955, 2347096.38835931988433 ], [ 1477565.464394714683294, 2347181.940494841895998 ], [ 1476965.554188190959394, 2347259.813345551025122 ], [ 1476861.40276229265146, 2347274.978461171500385 ], [ 1476828.919562028255314, 2347271.939293945208192 ], [ 1476842.990432896418497, 2347390.553992836736143 ], [ 1476865.670176702085882, 2347470.415640769992024 ], [ 1476788.891063626389951, 2347468.126708815805614 ], [ 1476610.249307655263692, 2347513.669831946957856 ], [ 1476439.690065436298028, 2347529.404291276820004 ], [ 1476301.729975747875869, 2347599.785379225388169 ], [ 1476326.445045532193035, 2347680.887146124616265 ], [ 1476357.277085577137768, 2347926.124127372633666 ], [ 1476382.386484751477838, 2348000.519212731625885 ], [ 1476143.484714513644576, 2348138.976760216988623 ], [ 1476127.509198879590258, 2347802.635717773810029 ], [ 1475809.63768780650571, 2347815.292725374456495 ], [ 1475814.907140135299414, 2347743.813227197155356 ], [ 1474522.124791533686221, 2347780.906690788920969 ], [ 1474519.062388349790126, 2347671.923007821664214 ], [ 1474500.885075433645397, 2347676.460780599620193 ], [ 1474483.30031247716397, 2347670.938328333664685 ], [ 1474266.161424504127353, 2347708.626070457976311 ], [ 1474115.956575911957771, 2347736.796888731885701 ], [ 1473969.297258293256164, 2347758.447509915102273 ], [ 1473832.021883686073124, 2347781.773226660210639 ], [ 1473813.31883991882205, 2347795.253935038577765 ], [ 1473789.629691173322499, 2347803.954518386628479 ], [ 1473768.369265924207866, 2347807.18977314978838 ], [ 1473712.068709895713255, 2347815.092640429735184 ], [ 1473657.73914111382328, 2347807.408463476225734 ], [ 1473617.449803408700973, 2347811.767306612338871 ], [ 1473555.637169764377177, 2347823.832872545812279 ], [ 1473503.733833611709997, 2347828.630155376158655 ], [ 1473383.45626386674121, 2347849.59417521674186 ], [ 1473336.605244276113808, 2347858.05411223275587 ], [ 1473271.841181894298643, 2347866.581939784344286 ], [ 1473240.148535960819572, 2347868.082378020044416 ], [ 1473220.267239342443645, 2347865.791135806124657 ], [ 1473203.403969762381166, 2347865.920748410746455 ], [ 1472979.454892560839653, 2347894.248492231592536 ], [ 1472876.503325882833451, 2347907.261504679918289 ], [ 1472846.017951692687348, 2347655.34469778649509 ], [ 1472831.331986900884658, 2347528.858451975975186 ], [ 1472813.430006193229929, 2347403.304917826782912 ], [ 1472811.987426966428757, 2347392.003804544918239 ], [ 1472807.988221161533147, 2347352.511637425050139 ], [ 1472774.281216329196468, 2347101.528510273434222 ], [ 1472761.690588253550231, 2346993.112175488378853 ], [ 1472278.411653322633356, 2347060.050621453206986 ], [ 1472285.100653007626534, 2347143.442979610990733 ], [ 1472294.284066939260811, 2347202.306446418166161 ], [ 1472350.511972805485129, 2347303.190780769567937 ], [ 1472335.616910059005022, 2347305.680381503421813 ], [ 1472285.228421645704657, 2347212.990518616512418 ], [ 1472267.453252917621285, 2347067.258104036562145 ], [ 1472258.135740302037448, 2347064.467480121180415 ], [ 1472253.871379274874926, 2347047.392771462909877 ], [ 1472265.28944553527981, 2347032.360995488241315 ], [ 1472249.426300438586622, 2346585.027792478911579 ], [ 1472261.106533122714609, 2346583.470619139261544 ], [ 1472261.434254496591166, 2346595.827588751446456 ], [ 1472450.287128106225282, 2346573.27273591933772 ], [ 1472514.112358314916492, 2347011.089075182564557 ], [ 1472771.009494827594608, 2346977.957129098009318 ], [ 1472807.010161326499656, 2347279.548200590070337 ], [ 1472832.38843912887387, 2347457.136176850181073 ], [ 1472850.023670182097703, 2347623.052905939519405 ], [ 1472871.858927086926997, 2347771.270739298779517 ], [ 1472889.824421778786927, 2347895.706937083974481 ], [ 1473198.48352529364638, 2347860.023075039964169 ], [ 1473224.992675964022055, 2347857.095972806680948 ], [ 1473249.925938081927598, 2347863.049357390962541 ], [ 1473348.745463678147644, 2347848.673556450288743 ], [ 1473527.685727547388524, 2347815.458111095242202 ], [ 1473659.315279362956062, 2347798.527965056244284 ], [ 1473707.414248147513717, 2347786.777226383332163 ], [ 1473745.340877151349559, 2347786.766131895594299 ], [ 1473805.185945675941184, 2347772.341985222417861 ], [ 1473828.217195154167712, 2347774.819298821035773 ], [ 1473946.397522720741108, 2347753.734419052954763 ], [ 1474128.229166879784316, 2347725.181094844359905 ], [ 1474355.144837242085487, 2347682.45922795124352 ], [ 1474469.128554318100214, 2347661.130188629031181 ], [ 1474493.276011949405074, 2347662.552422584034503 ], [ 1474542.097685934510082, 2347656.454552488401532 ], [ 1474677.014447199646384, 2347637.481374280527234 ], [ 1474847.62476743105799, 2347638.559176992159337 ], [ 1475145.603859946830198, 2347641.536402037832886 ], [ 1475363.07138925883919, 2347634.163936446420848 ], [ 1475635.531718684826046, 2347623.306413294281811 ], [ 1475798.401579921599478, 2347630.667484263889492 ], [ 1475817.822740183677524, 2347640.786651151254773 ], [ 1476135.433748033363372, 2347632.599841059185565 ], [ 1476144.075977022526786, 2347700.413686465471983 ], [ 1476595.702383851166815, 2347653.029621724970639 ], [ 1476751.298080910695717, 2347640.900876170489937 ], [ 1477074.833783914335072, 2347603.915080385748297 ], [ 1477470.365993539337069, 2347561.091639213263988 ], [ 1477905.084180680802092, 2347514.983151125721633 ], [ 1478166.024420490255579, 2347485.534374500159174 ], [ 1478141.939653808251023, 2347322.57237572548911 ], [ 1478124.21976135391742, 2347158.865071908105165 ] ] } },
{ "type": "Feature", "properties": { "route_name": "115_San Lucas", "route_name_short": "San Lucas", "route_type": 3, "agency_id": "Red_de_Transporte_Merida", "route_id": "115_San Lucas", "shape_id": "Shape_115_San Lucas" }, "geometry": { "type": "LineString", "coordinates": [ [ 1478297.985862322617322, 2347516.893228067550808 ], [ 1478340.494611422065645, 2347867.16469155671075 ], [ 1478397.623089651111513, 2348237.372769683599472 ], [ 1478417.053126038517803, 2348372.01679891301319 ], [ 1478353.064768201671541, 2348385.05895206425339 ], [ 1478400.446652446407825, 2348813.02580341277644 ], [ 1478471.48442199616693, 2349428.614713120274246 ], [ 1478485.322582422988489, 2349444.017254190985113 ], [ 1478506.187780474312603, 2349447.495804151985794 ], [ 1478553.705714142881334, 2349427.872051801532507 ], [ 1478658.001380002591759, 2349374.589309158734977 ], [ 1478687.076199570205063, 2349363.970400939695537 ], [ 1478713.323365011718124, 2349365.524127456359565 ], [ 1478979.559632177930325, 2349335.29178149998188 ], [ 1479007.708234390243888, 2349340.32401379942894 ], [ 1479032.045179162640125, 2349356.348861783277243 ], [ 1479051.454311883542687, 2349384.422059670090675 ], [ 1479093.658808456733823, 2349614.652721942868084 ], [ 1479340.349659038241953, 2349807.637357536703348 ], [ 1479568.158132487442344, 2349963.610101070720702 ], [ 1479894.443500609369949, 2350253.317682390566915 ], [ 1479900.920123020652682, 2350286.235534053295851 ], [ 1479926.614784951554611, 2350332.633366283494979 ], [ 1480104.151621631113812, 2350589.9714698898606 ], [ 1480294.389608124736696, 2350881.723783335182816 ], [ 1480355.873834894038737, 2350981.852978208102286 ], [ 1480430.353040082845837, 2351076.022707475814968 ], [ 1480522.881854048930109, 2351061.320410220418125 ], [ 1480539.304543944308534, 2351033.126285493373871 ], [ 1480555.703648389549926, 2351040.83088220981881 ], [ 1480509.331454281695187, 2351112.122558180708438 ], [ 1480459.381015795050189, 2351137.204882232937962 ], [ 1480441.655060620512813, 2351151.859122631140053 ], [ 1480420.447955331765115, 2351171.91614341782406 ], [ 1480397.672049281653017, 2351182.905066123232245 ], [ 1480255.99066096637398, 2351209.275243010837585 ], [ 1480342.753746838308871, 2351380.461209826637059 ], [ 1480368.282882789382711, 2351571.573180701117963 ], [ 1480516.194534901529551, 2351546.696965903043747 ], [ 1480715.511725466232747, 2351862.561658885795623 ], [ 1480822.197360189631581, 2352052.887517482042313 ], [ 1480968.937902483623475, 2352012.240715618245304 ], [ 1481143.23968336218968, 2351968.744729602709413 ], [ 1481180.714022819651291, 2352047.260543841402978 ], [ 1481168.502213531173766, 2352057.753957909531891 ], [ 1481153.712850333191454, 2352093.897938638925552 ], [ 1481235.476215473841876, 2352171.680048339534551 ], [ 1481203.319356800522655, 2352269.61850176518783 ], [ 1481168.079766293521971, 2352366.251770378090441 ], [ 1481223.58402068214491, 2352371.794070614036173 ], [ 1481205.352666846243665, 2352536.752300349064171 ], [ 1481211.94326552329585, 2352585.385868558194488 ], [ 1481210.361958696041256, 2352594.267115611582994 ], [ 1481200.582047161180526, 2352599.295368921943009 ], [ 1481153.928304903209209, 2352604.375912141054869 ], [ 1481063.703860252164304, 2352615.842452426906675 ], [ 1480913.764663285110146, 2352639.467695619445294 ], [ 1480895.653508464340121, 2352642.879146426916122 ], [ 1480884.89048962504603, 2352646.727214899845421 ], [ 1480879.309708873741329, 2352652.005092463921756 ], [ 1480888.35873585101217, 2352659.27412381535396 ], [ 1480888.810634218156338, 2352669.398022558540106 ], [ 1480887.096643700264394, 2352680.515123212244362 ], [ 1480881.383015524363145, 2352688.028890303336084 ], [ 1480876.067946282681078, 2352688.834975023753941 ], [ 1480962.344776284415275, 2353133.745284164324403 ], [ 1480975.459336135536432, 2353143.499940375797451 ], [ 1481071.540996078401804, 2353104.334890736732632 ], [ 1481537.370999146718532, 2352852.673920042347163 ], [ 1481539.15196621697396, 2352840.438755614217371 ], [ 1481547.164874678011984, 2352829.6960647883825 ], [ 1481560.027620520442724, 2352825.973246081732213 ], [ 1481573.607726932037622, 2352827.902670023962855 ], [ 1481581.540278981905431, 2352836.227778421249241 ], [ 1481585.14091889699921, 2352846.539132769219577 ], [ 1481580.210707983234897, 2352858.587040077894926 ], [ 1481609.298080198001117, 2353166.600213401485234 ], [ 1481614.960540851578116, 2353390.198769904207438 ], [ 1481617.948102165246382, 2353428.521719308570027 ], [ 1481628.283487543463707, 2353467.281755773816258 ], [ 1481651.533280611038208, 2353519.151175864040852 ], [ 1481783.169097862672061, 2353732.294535215012729 ], [ 1481882.652750057866797, 2353866.114006714895368 ], [ 1481949.321762804873288, 2353931.787820560391992 ], [ 1482013.440115101402625, 2353987.212928730528802 ], [ 1482082.422247529029846, 2354031.708652990870178 ], [ 1482137.758353676181287, 2354075.392457148525864 ], [ 1482170.068018321413547, 2354116.583758578635752 ], [ 1482175.434217013418674, 2354132.610369788017124 ], [ 1482246.320065916515887, 2354251.268678804859519 ], [ 1482219.464012207463384, 2354277.71812533121556 ], [ 1482203.555187180172652, 2354314.91684587765485 ], [ 1482185.362788995495066, 2354337.394372537266463 ], [ 1482143.028395324014127, 2354358.434478969313204 ], [ 1481981.653964486438781, 2354415.021194107830524 ], [ 1481975.238194886827841, 2354398.932193436194211 ], [ 1482173.09974338626489, 2354331.054524047765881 ], [ 1482194.640791909769177, 2354305.410552730318159 ], [ 1482203.519409347791225, 2354280.134582835715264 ], [ 1482214.297663672827184, 2354258.337532574310899 ], [ 1482231.174217583611608, 2354240.269398301374167 ], [ 1482174.568950191838667, 2354147.144055243581533 ], [ 1482138.726264275144786, 2354094.523009223863482 ], [ 1482102.801603401545435, 2354060.970179849304259 ], [ 1482006.543184464564547, 2353996.899810086935759 ], [ 1481948.390239319298416, 2353947.439411222934723 ], [ 1481868.02378238318488, 2353864.121511948760599 ], [ 1481773.322822618298233, 2353738.44022769248113 ], [ 1481642.603692403528839, 2353527.595346241258085 ], [ 1481611.170125216478482, 2353453.922685216646641 ], [ 1481603.480313914828002, 2353388.393999293446541 ], [ 1481602.288031711475924, 2353319.886063020210713 ], [ 1481599.850632795598358, 2353166.038333602715284 ], [ 1481565.168106026947498, 2352881.252780371811241 ], [ 1481554.352290260838345, 2352868.268562676850706 ], [ 1481528.759821204934269, 2352873.478265733923763 ], [ 1481204.310415090294555, 2353050.522555095609277 ], [ 1481065.295686445664614, 2353120.792181515134871 ], [ 1480974.661975796334445, 2353156.915328467730433 ], [ 1480972.097445878200233, 2353164.616190245375037 ], [ 1480963.301163900177926, 2353170.824760891031474 ], [ 1480954.837119574658573, 2353171.443590936716646 ], [ 1480948.804704088717699, 2353166.597461257595569 ], [ 1480941.005108723882586, 2353156.03681713482365 ], [ 1480944.818655913230032, 2353145.044499217066914 ], [ 1480950.665163933765143, 2353135.294905284419656 ], [ 1480862.487901339773089, 2352686.906193948350847 ], [ 1480855.006954893004149, 2352688.705488990526646 ], [ 1480848.974281976465136, 2352683.859478692524135 ], [ 1480846.22363775386475, 2352676.96468938048929 ], [ 1480847.020715163554996, 2352663.549332630820572 ], [ 1480851.883864025585353, 2352652.619347287341952 ], [ 1480861.66355515178293, 2352647.590945014730096 ], [ 1480873.210596001474187, 2352648.277023075614125 ], [ 1480887.52135283802636, 2352637.908379922620952 ], [ 1480951.302470991853625, 2352628.235424229409546 ], [ 1481154.326956280507147, 2352597.668191256467253 ], [ 1481124.575197537429631, 2352460.149988919962198 ], [ 1481163.229594162199646, 2352359.232133715413511 ], [ 1481192.423114611767232, 2352275.702405675780028 ], [ 1481222.746100763324648, 2352173.167376493103802 ], [ 1481140.783440291183069, 2352098.739210185594857 ], [ 1481167.46547173615545, 2352039.741941392421722 ], [ 1481136.21036022901535, 2351980.667991898488253 ], [ 1480820.616372871678323, 2352061.768734506797045 ], [ 1480697.279612003127113, 2351850.260093909222633 ], [ 1480571.440975986653939, 2351645.336641513742507 ], [ 1479995.306781760416925, 2351714.352878163103014 ], [ 1479942.993790635373443, 2351228.848381889984012 ], [ 1480165.640946961008012, 2351205.036040300503373 ], [ 1480386.721218667225912, 2351172.158298395108432 ], [ 1480408.513653505593538, 2351159.989116730168462 ], [ 1480421.322213332634419, 2351139.433646127581596 ], [ 1480424.417048244504258, 2351122.789187802933156 ], [ 1480419.179677857318893, 2351104.52836347790435 ], [ 1480414.992106139892712, 2351086.329847919289023 ], [ 1480350.226687273010612, 2350988.249116807244718 ], [ 1480285.261342691257596, 2350893.522752735763788 ], [ 1480160.057854124810547, 2350695.377335696015507 ], [ 1480025.203109998255968, 2350500.027497744653374 ], [ 1479988.22598474053666, 2350448.472729515749961 ], [ 1479888.443703536875546, 2350301.201762638520449 ], [ 1479882.420386955374852, 2350278.407504215836525 ], [ 1479883.480921724811196, 2350260.520688526332378 ], [ 1479710.072945151478052, 2350111.130588156636804 ], [ 1479543.944873728789389, 2349963.29698388138786 ], [ 1479109.321807072032243, 2349652.600789906457067 ], [ 1479061.98114367807284, 2349331.19769170274958 ], [ 1478983.589026039931923, 2348893.531381186563522 ], [ 1478436.341378989396617, 2348954.253583856858313 ], [ 1478437.779742792947218, 2348965.556766053661704 ], [ 1478434.034721787087619, 2348975.431443482637405 ], [ 1478425.304761064238846, 2348980.523935691453516 ], [ 1478409.357768600340933, 2348982.94579622708261 ], [ 1478339.084940187633038, 2348389.841089722700417 ], [ 1478275.62577194115147, 2348393.940364378970116 ], [ 1478162.808359619230032, 2347486.466060787905008 ], [ 1478290.981228546239436, 2347474.972557098604739 ], [ 1478294.645058760885149, 2347502.112331789918244 ] ] } },
{ "type": "Feature", "properties": { "route_name": "114_Carranza", "route_name_short": "Carranza", "route_type": 3, "agency_id": "Red_de_Transporte_Merida", "route_id": "114_Carranza", "shape_id": "Shape_114_Carranza" }, "geometry": { "type": "LineString", "coordinates": [ [ 1478294.975509395357221, 2347496.522874064277858 ], [ 1478413.837171973194927, 2348372.948375147767365 ], [ 1478352.080948932562023, 2348383.878957685548812 ], [ 1478418.492976117413491, 2348953.197522759903222 ], [ 1478471.48442199616693, 2349428.614713120274246 ], [ 1478480.337852366268635, 2349439.234990616794676 ], [ 1478493.589264927431941, 2349446.750144384801388 ], [ 1478508.419862666167319, 2349445.384291504975408 ], [ 1478650.652186087798327, 2349374.154284592252225 ], [ 1478695.541465790243819, 2349363.349689298775047 ], [ 1478709.123817594721913, 2349365.275528324302286 ], [ 1478920.368381618754938, 2349338.518009748309851 ], [ 1479063.816143904579803, 2349335.793666142039001 ], [ 1479509.921492499299347, 2349310.611978307366371 ], [ 1479552.940093529876322, 2349953.733463729266077 ], [ 1479726.48358953371644, 2350100.884858953766525 ], [ 1479545.611352229723707, 2350148.500165365170687 ], [ 1479619.506905738264322, 2350359.299978018738329 ], [ 1479717.932600705418736, 2350582.773972638882697 ], [ 1479824.894026062684134, 2350573.41012093052268 ], [ 1479928.054291694890708, 2350557.090309930965304 ], [ 1479980.435650224098936, 2350526.540921323467046 ], [ 1480034.331196426181123, 2350488.228378127794713 ], [ 1480166.953725373605266, 2350685.689603898208588 ], [ 1480294.455938404425979, 2350880.605848357547075 ], [ 1480360.338485601358116, 2350977.63041661074385 ], [ 1480432.651718410197645, 2351072.793499647174031 ], [ 1480544.143748833332211, 2351058.09483339311555 ], [ 1480518.592599284369498, 2351098.087813091464341 ], [ 1480493.904108639340848, 2351123.547572234179825 ], [ 1480471.061709942296147, 2351135.654379459097981 ], [ 1480458.264848968479782, 2351138.260514387860894 ], [ 1480447.302234998904169, 2351145.463022088166326 ], [ 1480433.908259058836848, 2351158.130612581036985 ], [ 1480421.497769630048424, 2351171.978448266163468 ], [ 1480409.551730478648096, 2351178.000723220873624 ], [ 1480391.041440366767347, 2351188.120930496137589 ], [ 1480022.911193580599502, 2351231.345674035139382 ], [ 1479669.616145327221602, 2351273.213515493087471 ], [ 1479688.644493689294904, 2351485.250459227245301 ], [ 1479700.522753175813705, 2351586.921880274545401 ], [ 1479709.00855158129707, 2351656.980225594248623 ], [ 1479719.81521169305779, 2351687.911363940220326 ], [ 1479842.277714555617422, 2351949.838497694581747 ], [ 1479897.247458030236885, 2352070.895721143111587 ], [ 1479940.801627031294629, 2352189.032302024308592 ], [ 1479946.967355269240215, 2352191.641954075545073 ], [ 1479955.099860832560807, 2352196.612063317559659 ], [ 1479959.81775892036967, 2352205.866979975719005 ], [ 1479963.154168592533097, 2352220.649230723734945 ], [ 1480025.837117030285299, 2352282.706645431928337 ], [ 1480060.719758734572679, 2352316.189455828163773 ], [ 1480099.282350480090827, 2352340.915901121217757 ], [ 1480189.48078770050779, 2352365.342294449917972 ], [ 1480259.016391989309341, 2352382.933096433058381 ], [ 1480273.978151662275195, 2352379.333919820375741 ], [ 1480286.508575834333897, 2352381.19976948434487 ], [ 1480295.757047119550407, 2352385.114515094086528 ], [ 1480300.474695838987827, 2352394.369626004248857 ], [ 1480300.46238473476842, 2352412.318899548612535 ], [ 1480310.760567273246124, 2352416.295990337152034 ], [ 1480846.236676919739693, 2352659.015177285764366 ], [ 1480850.701287969946861, 2352654.792870472185314 ], [ 1480858.381516164867207, 2352649.639727625064552 ], [ 1480866.912209746893495, 2352647.902797645889223 ], [ 1480877.343096068128943, 2352649.644455187022686 ], [ 1480885.275968971429393, 2352657.969059756491333 ], [ 1480887.760904078837484, 2352669.335649948567152 ], [ 1480888.279225568752736, 2352678.341601380612701 ], [ 1480878.233829319942743, 2352687.841772694606334 ], [ 1480960.17892666417174, 2353134.738454804755747 ], [ 1480971.127636034041643, 2353145.486278071068227 ], [ 1480982.740803257329389, 2353145.054622480180115 ], [ 1481073.640409887768328, 2353104.459681567270309 ], [ 1481217.45229879906401, 2353024.378076023422182 ], [ 1481474.226370997726917, 2352887.06440462404862 ], [ 1481515.84451263723895, 2352860.369249516632408 ], [ 1481532.587652453454211, 2352844.536092842463404 ], [ 1481537.584296854678541, 2352831.370221689343452 ], [ 1481548.679940935689956, 2352821.932747236918658 ], [ 1481559.31026506004855, 2352820.321013476233929 ], [ 1481571.774161373265088, 2352823.3059775182046 ], [ 1481592.118049641605467, 2352817.784195828251541 ], [ 1481614.893838700139895, 2352806.797459458000958 ], [ 1481641.417219075839967, 2352785.936333434656262 ], [ 1481834.826118030818179, 2352722.269822834990919 ], [ 1481844.805814913241193, 2352713.887983572203666 ], [ 1481852.885495618451387, 2352702.027367234695703 ], [ 1481863.715487042441964, 2352697.061875099781901 ], [ 1481874.213018306531012, 2352697.686236942652613 ], [ 1481884.444573156069964, 2352702.782486229669303 ], [ 1481894.277149876346812, 2352714.586566439829767 ], [ 1481895.578702174359933, 2352728.127087695524096 ], [ 1481890.515244804788381, 2352742.410946973133832 ], [ 1481880.735009746626019, 2352747.43885154556483 ], [ 1481871.871541118947789, 2352754.76513684540987 ], [ 1481875.989855240564793, 2352774.082815311849117 ], [ 1481878.474133202806115, 2352785.449830871541053 ], [ 1481877.538498067297041, 2352889.733232631348073 ], [ 1481876.455205551348627, 2353014.202538501936942 ], [ 1481880.307276253588498, 2353037.992129254620522 ], [ 1481889.607488298555836, 2353058.740048465784639 ], [ 1481905.27255095820874, 2353078.744699942879379 ], [ 1482151.221066136378795, 2353353.666873081121594 ], [ 1482401.359710097778589, 2353628.845942832529545 ], [ 1482562.210010087583214, 2353811.203062410932034 ], [ 1482576.424239121843129, 2353837.85436270525679 ], [ 1482647.874388769036159, 2353911.670475395862013 ], [ 1482503.025599354179576, 2354044.409792971331626 ], [ 1482403.945206554839388, 2354133.874992735683918 ], [ 1482338.819050519261509, 2354183.850230347365141 ], [ 1482250.651853300631046, 2354249.282723143231124 ], [ 1482240.539214727701619, 2354259.899999142158777 ], [ 1482224.712315728422254, 2354278.030619306489825 ], [ 1482216.432762125972658, 2354293.244801520369947 ], [ 1482206.704160860273987, 2354315.104341817088425 ], [ 1482195.209091790486127, 2354331.249000057112426 ], [ 1482185.229657320771366, 2354339.630324344150722 ], [ 1482174.20057831145823, 2354347.94915308104828 ], [ 1482143.944921511691064, 2354360.732924651820213 ], [ 1481990.184241616167128, 2354413.285148268565536 ], [ 1481822.513601812534034, 2354469.498048071749508 ], [ 1481900.403479597065598, 2354682.813711600843817 ], [ 1482060.459288445767015, 2354630.636745003052056 ], [ 1481975.570961541030556, 2354393.342338154558092 ], [ 1482170.150468855863437, 2354327.513106682337821 ], [ 1482187.093489815946668, 2354308.326998210512102 ], [ 1482196.888624687679112, 2354285.349479164928198 ], [ 1482204.118495563976467, 2354270.072795492131263 ], [ 1482212.131774998735636, 2354259.330513683147728 ], [ 1482238.854693347355351, 2354235.117002998013049 ], [ 1482389.649204802932218, 2354126.292019685264677 ], [ 1482617.166916118003428, 2353914.329460319597274 ], [ 1482558.763587997993454, 2353851.388007792178541 ], [ 1482538.302257691975683, 2353841.193954930640757 ], [ 1482491.829063110053539, 2353790.182873571757227 ], [ 1482437.423909582197666, 2353730.846168893855065 ], [ 1482270.53952850215137, 2353543.644301578868181 ], [ 1482236.246863381471485, 2353518.042378258891404 ], [ 1482204.319690909702331, 2353488.093615595251322 ], [ 1482109.735056944191456, 2353378.124426149763167 ], [ 1482046.611352905631065, 2353305.930186478421092 ], [ 1482032.262559706578031, 2353281.515814707614481 ], [ 1482004.999059215188026, 2353243.991802204400301 ], [ 1481862.485324883367866, 2353089.662461428903043 ], [ 1481849.185718857916072, 2353065.310878412798047 ], [ 1481841.134712449740618, 2353041.271536614745855 ], [ 1481836.764870632905513, 2353008.475784091744572 ], [ 1481839.895043130964041, 2352867.299499016720802 ], [ 1481840.630892073735595, 2352766.370098192710429 ], [ 1481840.127233124570921, 2352739.413968499284238 ], [ 1481716.87973703071475, 2352774.717072145547718 ], [ 1481652.43252554628998, 2352795.566717925015837 ], [ 1481620.195073134033009, 2352823.941456921864301 ], [ 1481587.040954703465104, 2352850.017866103444248 ], [ 1481585.459385725203902, 2352858.899149680975825 ], [ 1481579.612397110555321, 2352868.648707524407655 ], [ 1481570.749168700538576, 2352875.975073888897896 ], [ 1481560.185350420186296, 2352876.468824109993875 ], [ 1481548.704756769584492, 2352874.664235866628587 ], [ 1481539.656013422179967, 2352867.394684731028974 ], [ 1481317.535181711893529, 2352988.817417418584228 ], [ 1481081.506444469559938, 2353113.902459466364235 ], [ 1481070.344858063850552, 2353124.458012812770903 ], [ 1480977.47884323913604, 2353162.692245468497276 ], [ 1480970.715510681271553, 2353170.143544288352132 ], [ 1480963.101824168115854, 2353174.178607053589076 ], [ 1480953.65452809096314, 2353173.617098420858383 ], [ 1480947.555668149143457, 2353169.88891734695062 ], [ 1480631.093589524039999, 2353301.41600050078705 ], [ 1480620.849312535021454, 2353314.269944199826568 ], [ 1480613.235829970100895, 2353318.305106102954596 ], [ 1480605.821632631588727, 2353318.98644867958501 ], [ 1480596.640205590054393, 2353313.953352371696383 ], [ 1480590.674244758673012, 2353307.989431964233518 ], [ 1480585.890811245888472, 2353299.852004578337073 ], [ 1480587.471891675842926, 2353290.970853480044752 ], [ 1480591.218762661796063, 2353281.096499723847955 ], [ 1480470.923720106482506, 2352965.431636235211045 ], [ 1480464.625516793224961, 2352965.057517487090081 ], [ 1480457.476830996805802, 2352961.267236872576177 ], [ 1480453.543650119099766, 2352956.546079153195024 ], [ 1480452.958784694550559, 2352948.658166849520057 ], [ 1480456.572723903926089, 2352941.019661467056721 ], [ 1480454.021259886678308, 2352930.771171354688704 ], [ 1480356.986170066520572, 2352649.025632332544774 ], [ 1480354.380622083786875, 2352621.945837360806763 ], [ 1480348.426718239905313, 2352598.032843227498233 ], [ 1480336.705528643913567, 2352564.802370098885149 ], [ 1480276.704525887966156, 2352422.127025896683335 ], [ 1480265.223867118824273, 2352420.323497976642102 ], [ 1480259.323737181024626, 2352413.241942139342427 ], [ 1480256.639169541420415, 2352405.229433468542993 ], [ 1480122.098893886897713, 2352364.707736501935869 ], [ 1480091.005166944116354, 2352356.130717373918742 ], [ 1480065.359162165084854, 2352344.5115403290838 ], [ 1480040.243997482582927, 2352323.948991500306875 ], [ 1479952.644970267079771, 2352237.97533581033349 ], [ 1479933.882454080972821, 2352234.618063879199326 ], [ 1479922.667115869466215, 2352228.343135194387287 ], [ 1479916.048783492762595, 2352215.6098603149876 ], [ 1479915.795195013750345, 2352202.132456595078111 ], [ 1479921.57463762909174, 2352193.500545446295291 ], [ 1479926.038965529762208, 2352189.278037887532264 ], [ 1479888.517813374986872, 2352075.986995949409902 ], [ 1479826.211363117676228, 2351936.544749073684216 ], [ 1479711.284472921397537, 2351689.649024754296988 ], [ 1479701.461253452114761, 2351659.898089636582881 ], [ 1479674.223987143486738, 2351461.95807182462886 ], [ 1479651.316635852213949, 2351262.031579771544784 ], [ 1480023.508096109610051, 2351221.284317170269787 ], [ 1480376.874828962609172, 2351178.305197262670845 ], [ 1480396.235886541195214, 2351171.601088009309024 ], [ 1480411.663097853772342, 2351160.176028284709901 ], [ 1480426.173211516346782, 2351146.452794150914997 ], [ 1480439.567183448933065, 2351133.785196200944483 ], [ 1480452.563084053806961, 2351127.825231541879475 ], [ 1480467.393236458301544, 2351126.461641368921846 ], [ 1480478.223172787576914, 2351121.495016478002071 ], [ 1480490.567392774391919, 2351108.765128741040826 ], [ 1480519.135220661293715, 2351071.194944781716913 ], [ 1480541.337844566674903, 2351034.368844002950937 ], [ 1480554.521116441581398, 2351043.004453717265278 ], [ 1480518.592599284369498, 2351098.087813091464341 ], [ 1480493.904108639340848, 2351123.547572234179825 ], [ 1480480.510071841068566, 2351136.215146515518427 ], [ 1480454.210039275931194, 2351117.826091169845313 ], [ 1480414.605732419760898, 2351075.08816980663687 ], [ 1480170.34606262575835, 2350717.303090173285455 ], [ 1480141.149576885392889, 2350712.20555754750967 ], [ 1480126.904877478256822, 2350721.457365615293384 ], [ 1480018.263398651964962, 2350794.665458462201059 ], [ 1479998.836031797807664, 2350802.48804434761405 ], [ 1479975.739836455788463, 2350801.118154427036643 ], [ 1479849.384849905967712, 2350764.456050557550043 ], [ 1479814.4754287826363, 2350766.873272072058171 ], [ 1479689.403099339921027, 2350779.650152085814625 ], [ 1479589.322799940826371, 2350584.123954026494175 ], [ 1479492.730416945181787, 2350365.247517209965736 ], [ 1479400.536622607149184, 2350018.743740824516863 ], [ 1479533.644929592497647, 2349959.321050991304219 ], [ 1479660.225768776144832, 2349956.72634610440582 ], [ 1479638.457544890698045, 2349577.37373777013272 ], [ 1479616.050914518069476, 2349155.354078924283385 ], [ 1479035.410248094704002, 2349192.761396311223507 ], [ 1478983.655205893097445, 2348892.413474837318063 ], [ 1478683.418103826465085, 2348927.367557045537978 ], [ 1478468.103163235355169, 2348951.645691458135843 ], [ 1478435.225328241009265, 2348955.309355845209211 ], [ 1478431.612598971696571, 2348962.948246701154858 ], [ 1478424.453290349803865, 2348977.1081334031187 ], [ 1478413.689671466127038, 2348980.958493529353291 ], [ 1478406.869490111246705, 2348971.580502990167588 ], [ 1478354.116493947803974, 2348527.590203344356269 ], [ 1478319.257728819269687, 2348261.90474146977067 ], [ 1478253.499911960214376, 2348269.233767650555819 ], [ 1478213.308237762888893, 2347879.836600842420012 ], [ 1478163.79227203479968, 2347487.646016722079366 ], [ 1478292.229493221500888, 2347471.680957877077162 ], [ 1478294.388142570853233, 2347488.635557310655713 ] ] } },
{ "type": "Feature", "properties": { "route_name": "100_52 Norte Villas la Hacienda R-1", "route_name_short": "52 Norte Villas la Hacienda R-1", "route_type": 3, "agency_id": "Red_de_Transporte_Merida", "route_id": "100_52 Norte Villas la Hacienda R-1", "shape_id": "Shape_100_52 Norte Villas la Hacienda R-1" }, "geometry": { "type": "LineString", "coordinates": [ [ 1478724.079279925208539, 2347563.404283675830811 ], [ 1478184.938888241071254, 2347611.171772535890341 ], [ 1478168.711831802269444, 2347493.545798107050359 ], [ 1478288.550788905005902, 2347480.437863843981177 ], [ 1478303.462761364178732, 2347602.47377274138853 ], [ 1478318.10966742830351, 2347728.981361937243491 ], [ 1478481.790398601442575, 2347705.006148661952466 ], [ 1478627.357961561065167, 2347684.448195215314627 ], [ 1478643.374793343711644, 2347823.378190330695361 ], [ 1478665.500327530317008, 2347948.08618338778615 ], [ 1478698.389297324698418, 2348068.943909328430891 ], [ 1478676.794708094093949, 2348077.762696520425379 ], [ 1478728.110226816730574, 2348367.983019483741373 ], [ 1478750.742450322024524, 2348662.11613210150972 ], [ 1478783.565812845248729, 2348908.614896901883185 ], [ 1478815.839072668459266, 2349199.954560005571693 ], [ 1478831.903599377255887, 2349355.716811575461179 ], [ 1479007.708234390243888, 2349340.32401379942894 ], [ 1479035.26106346771121, 2349355.417465151753277 ], [ 1479044.114339576568455, 2349366.038167214021087 ], [ 1479051.851509055122733, 2349377.714614219032228 ], [ 1479062.208742346614599, 2349398.520850115455687 ], [ 1479069.529971971642226, 2349452.802167934831232 ], [ 1479080.908796001691371, 2349527.516742056701332 ], [ 1479085.496159766800702, 2349539.006713135633618 ], [ 1479092.760268105193973, 2349576.457296878565103 ], [ 1479097.659701016033068, 2349618.255170101765543 ], [ 1479099.806690264958888, 2349653.159058603458107 ], [ 1479100.91327330423519, 2349670.052050423342735 ], [ 1479110.12535750772804, 2349745.76031330274418 ], [ 1479113.917980767320842, 2349770.665231456980109 ], [ 1479116.793137807631865, 2349793.272151316516101 ], [ 1479113.700147263938561, 2349809.916409210767597 ], [ 1479125.04870464745909, 2349938.47740874113515 ], [ 1479144.255794565891847, 2350094.428076162468642 ], [ 1479182.646521555725485, 2350086.605981937143952 ], [ 1479206.081378751667216, 2350188.959516713861376 ], [ 1479197.871402956079692, 2350203.056937705725431 ], [ 1479189.793905863072723, 2350214.918536989483982 ], [ 1479098.570336342789233, 2350243.168871984817088 ], [ 1478949.927725863875821, 2350280.358285917900503 ], [ 1478953.065574950072914, 2350423.016264762263745 ], [ 1478826.292112528346479, 2350428.968549432698637 ], [ 1478538.30150416912511, 2350435.470690407324582 ], [ 1478543.267443802207708, 2350600.671627002302557 ], [ 1478562.134094319771975, 2350904.679456848651171 ], [ 1478620.070606975350529, 2351384.884530080948025 ], [ 1478620.004374957177788, 2351386.00242644874379 ], [ 1478669.130447833798826, 2351765.845434817951173 ], [ 1478669.064200730761513, 2351766.963332050479949 ], [ 1478705.496414240682498, 2352076.50231816759333 ], [ 1478730.364481712458655, 2352296.732408269308507 ], [ 1478732.156381700187922, 2352373.122846031095833 ], [ 1478727.671254338696599, 2352413.242726601660252 ], [ 1478720.368389180861413, 2352447.58642654074356 ], [ 1478713.993325861170888, 2352466.279549821745604 ], [ 1478686.923926924355328, 2352531.984379421919584 ], [ 1478675.300479334080592, 2352550.366349197924137 ], [ 1478657.964749680366367, 2352576.262455645948648 ], [ 1478636.364079162478447, 2352603.027548172976822 ], [ 1478527.77581682940945, 2352728.965545055922121 ], [ 1478436.325401097303256, 2352832.361181239131838 ], [ 1478379.015988827683032, 2352892.90779932634905 ], [ 1478335.882466599345207, 2352945.320143542718142 ], [ 1478242.467422021087259, 2353046.355697175953537 ], [ 1478145.761577577097341, 2353167.388828257098794 ], [ 1478533.143385730218142, 2353295.804139649495482 ], [ 1478533.143385730218142, 2353295.804139649495482 ], [ 1478840.044176897034049, 2353395.898401566781104 ], [ 1478840.044176897034049, 2353395.898401566781104 ], [ 1479212.274491945980117, 2353513.338557351846248 ], [ 1479212.274491945980117, 2353513.338557351846248 ], [ 1479431.413280699867755, 2353583.55842087417841 ], [ 1479441.644206074532121, 2353588.653101705480367 ], [ 1479448.207439688267186, 2353584.555266134440899 ], [ 1479458.770148906856775, 2353584.060389335732907 ], [ 1479467.885080305393785, 2353590.210699787829071 ], [ 1479476.867289045127109, 2353598.596846812404692 ], [ 1479644.966458922252059, 2353570.432765825651586 ], [ 1479787.941799191059545, 2353539.656425693072379 ], [ 1480096.071256324648857, 2353477.180088561028242 ], [ 1480096.071256324648857, 2353477.180088561028242 ], [ 1480151.251126722665504, 2353470.360607420094311 ], [ 1480212.609093720559031, 2353448.201996647752821 ], [ 1480330.143841870129108, 2353402.455542656127363 ], [ 1480336.906733137089759, 2353395.004136281553656 ], [ 1480339.404537924332544, 2353388.421241802629083 ], [ 1480348.067545395810157, 2353384.44835062418133 ], [ 1480348.067545395810157, 2353384.44835062418133 ], [ 1480356.531323179602623, 2353383.829266390297562 ], [ 1480363.812607717700303, 2353385.383698859717697 ], [ 1480365.64629943924956, 2353389.980152759701014 ], [ 1480583.45932329306379, 2353305.316966164391488 ], [ 1480591.272072285879403, 2353297.927970921620727 ], [ 1480596.068629562389106, 2353288.11598715139553 ], [ 1480600.599489041371271, 2353282.775763990823179 ], [ 1480608.013700237264857, 2353282.094412765465677 ], [ 1480615.162208174355328, 2353285.884827317669988 ], [ 1480624.675789573229849, 2353285.328225241042674 ], [ 1480724.037004267331213, 2353244.113060836214572 ], [ 1480941.005108723882586, 2353156.03681713482365 ], [ 1480944.685766898561269, 2353147.280395850539207 ], [ 1480950.332940689055249, 2353140.884647554252297 ], [ 1480954.664636754896492, 2353138.898305005393922 ], [ 1480961.162183503154665, 2353135.918792513664812 ], [ 1480969.227570933056995, 2353142.00765168434009 ], [ 1480975.326443046098575, 2353145.735838413704187 ], [ 1481072.657154871150851, 2353103.27933484595269 ], [ 1481310.785317957401276, 2352978.31895051850006 ], [ 1481354.23644643323496, 2352956.22023420734331 ], [ 1481520.893756859004498, 2352864.035223816987127 ], [ 1481534.288270401069894, 2352851.368701782077551 ], [ 1481541.31791312340647, 2352839.445630885660648 ], [ 1481548.081659575924277, 2352831.994408411439508 ], [ 1481556.74545684736222, 2352828.021912591997534 ], [ 1481566.259566439781338, 2352827.465727864764631 ], [ 1481577.474287178833038, 2352833.742167874239385 ], [ 1481582.457059246953577, 2352838.526125978678465 ], [ 1481584.157661244273186, 2352845.358747885096818 ], [ 1481582.376657993532717, 2352857.593920602928847 ], [ 1481581.844825293635949, 2352866.537625411525369 ], [ 1481610.547267853282392, 2353163.308754207100719 ], [ 1481610.547267853282392, 2353163.308754207100719 ], [ 1481613.250564348651096, 2353312.684670218732208 ], [ 1481613.977336150594056, 2353389.018369056284428 ], [ 1481617.615606528706849, 2353434.111536950338632 ], [ 1481634.766850218642503, 2353482.252369637135416 ], [ 1481653.499661901500076, 2353521.511990611907095 ], [ 1481653.499661901500076, 2353521.511990611907095 ], [ 1481790.967891603708267, 2353742.855897821020335 ], [ 1481678.046962037682533, 2353834.866475943475962 ], [ 1481650.142228545155376, 2353861.254280082881451 ], [ 1481483.181211153045297, 2354011.755629159044474 ], [ 1481483.181211153045297, 2354011.755629159044474 ], [ 1481475.012354613747448, 2353972.002591170370579 ], [ 1481451.511857190169394, 2353906.655410891864449 ], [ 1481388.24716158118099, 2353766.018786920234561 ], [ 1481644.503568835090846, 2353531.074123923201114 ], [ 1481644.503568835090846, 2353531.074123923201114 ], [ 1481619.287402302958071, 2353476.84390812413767 ], [ 1481611.887325704563409, 2353459.574940929654986 ], [ 1481606.268408039584756, 2353430.070825700182468 ], [ 1481601.314413045533001, 2353389.38708934886381 ], [ 1481603.803200348978862, 2353312.122754906769842 ], [ 1481599.584673758363351, 2353170.510186782106757 ], [ 1481599.584673758363351, 2353170.510186782106757 ], [ 1481564.517242568079382, 2352874.482582952361554 ], [ 1481552.053390003973618, 2352871.49760937364772 ], [ 1481543.921425852924585, 2352866.526400544680655 ], [ 1481543.921425852924585, 2352866.526400544680655 ], [ 1481217.505120567278937, 2353041.209798460826278 ], [ 1481217.505120567278937, 2353041.209798460826278 ], [ 1481074.942396007943898, 2353117.999888624530286 ], [ 1480976.827824977226555, 2353155.922160489019006 ], [ 1480971.047745383810252, 2353164.553799786604941 ], [ 1480965.533457012847066, 2353168.713643651455641 ], [ 1480965.533457012847066, 2353168.713643651455641 ], [ 1480956.019711256027222, 2353169.270083417184651 ], [ 1480945.854940268211067, 2353163.056449436582625 ], [ 1480629.326362033141777, 2353295.701551509089768 ], [ 1480625.778746584197506, 2353302.222081856802106 ], [ 1480619.998913143295795, 2353310.853750169742852 ], [ 1480615.534475308842957, 2353315.076026973314583 ], [ 1480607.004167659441009, 2353316.812938679475337 ], [ 1480595.72337595699355, 2353311.655101782176644 ], [ 1480585.09371101600118, 2353313.267284434754401 ], [ 1480371.612258535344154, 2353395.943973002023995 ], [ 1480366.948685407172889, 2353403.520086744334549 ], [ 1480360.969793795607984, 2353415.505581686738878 ], [ 1480351.456361361779273, 2353416.0623002438806 ], [ 1480344.307916689664125, 2353412.271999407559633 ], [ 1480335.976978491991758, 2353410.655215452425182 ], [ 1480335.976978491991758, 2353410.655215452425182 ], [ 1480222.840107043972239, 2353453.297216047532856 ], [ 1480173.094789034221321, 2353475.023671140428632 ], [ 1480147.371741073206067, 2353482.470799465663731 ], [ 1480107.019918149104342, 2353487.927217485383153 ], [ 1480107.019918149104342, 2353487.927217485383153 ], [ 1479737.998707347316667, 2353564.737604673020542 ], [ 1479737.998707347316667, 2353564.737604673020542 ], [ 1479470.038613625569269, 2353607.166328967548907 ], [ 1479470.038613625569269, 2353607.166328967548907 ], [ 1479465.375569499563426, 2353614.742507380899042 ], [ 1479458.945052420254797, 2353616.60450522089377 ], [ 1479452.580895325634629, 2353617.348591080401093 ], [ 1479445.299821, 2353615.794547644909471 ], [ 1479439.26744906976819, 2353610.949070701841265 ], [ 1479435.666120346169919, 2353600.638635927345604 ], [ 1479435.666120346169919, 2353600.638635927345604 ], [ 1479194.883322835899889, 2353522.403155480977148 ], [ 1479194.883322835899889, 2353522.403155480977148 ], [ 1478897.232074249070138, 2353426.21468107169494 ], [ 1478897.232074249070138, 2353426.21468107169494 ], [ 1478568.554711377248168, 2353320.34037003852427 ], [ 1478568.554711377248168, 2353320.34037003852427 ], [ 1478115.709445249289274, 2353176.825829941313714 ], [ 1478586.809234211919829, 2352639.353739648126066 ], [ 1478651.876131386728957, 2352554.586836799513549 ], [ 1478664.482957494910806, 2352537.384985499549657 ], [ 1478690.425653918879107, 2352490.684411475434899 ], [ 1478701.46333874296397, 2352464.414919876027852 ], [ 1478706.921237341593951, 2352443.423774741590023 ], [ 1478714.224069800926372, 2352409.080079400911927 ], [ 1478719.748237637337297, 2352386.971027745399624 ], [ 1478719.901997740846127, 2352348.838044214062393 ], [ 1478709.865978790447116, 2352233.816875701770186 ], [ 1478555.551270295400172, 2350944.674969631712884 ], [ 1478532.17359164939262, 2350610.110982852987945 ], [ 1478527.423582677263767, 2350281.137961843051016 ], [ 1478762.915707086212933, 2350164.952102093491703 ], [ 1478940.821207690984011, 2350131.737718338612467 ], [ 1479076.923197488766164, 2350110.632210052572191 ], [ 1479138.874084387673065, 2350096.352915764320642 ], [ 1479095.228502557380125, 2349748.243456289637834 ], [ 1479086.101546403486282, 2349635.519895929843187 ], [ 1479094.566789511824027, 2349634.899434481747448 ], [ 1479108.8016216091346, 2349643.595337865874171 ], [ 1479107.184320131316781, 2349599.748171948362142 ], [ 1479102.47405146015808, 2349572.545281009748578 ], [ 1479076.443841306027025, 2349407.216636986471713 ], [ 1479065.982138314982876, 2349334.800101561006159 ], [ 1479000.748941291123629, 2348959.613093480933458 ], [ 1478915.206128702033311, 2348500.211212785448879 ], [ 1478868.276542601874098, 2348242.780828265938908 ], [ 1478796.011325276922435, 2347843.625509996432811 ], [ 1478752.693847926333547, 2347560.609540732111782 ] ] } },
{ "type": "Feature", "properties": { "route_name": "128_67 Mulsay R-1", "route_name_short": "67 Mulsay R-1", "route_type": 3, "agency_id": "Red_de_Transporte_Merida", "route_id": "128_67 Mulsay R-1", "shape_id": "Shape_128_67 Mulsay R-1" }, "geometry": { "type": "LineString", "coordinates": [ [ 1477930.413523928029463, 2346658.313497959170491 ], [ 1477986.814164477866143, 2347112.604068908840418 ], [ 1477569.730416811536998, 2347181.070706038270146 ], [ 1477514.801494125276804, 2346808.762815858237445 ], [ 1477039.847505458630621, 2346840.174538827035576 ], [ 1476691.956078655086458, 2346861.147736454382539 ], [ 1476580.849193806760013, 2346869.17466214671731 ], [ 1476508.333786621456966, 2346866.018083900213242 ], [ 1476446.582174485549331, 2346859.009845624212176 ], [ 1476418.232447562273592, 2346857.337442565243691 ], [ 1476379.646609411109239, 2346850.57431923924014 ], [ 1476306.086465590633452, 2346829.409246 ], [ 1476212.510575926396996, 2346808.185816830489784 ], [ 1476110.20991690736264, 2346774.109471659176052 ], [ 1476045.774549439083785, 2346741.144907038658857 ], [ 1475988.293472297256812, 2346715.321087854914367 ], [ 1475953.577978278743103, 2346714.395971404388547 ], [ 1475934.28277989779599, 2346719.988692632876337 ], [ 1475914.723983916454017, 2346730.052781908307225 ], [ 1475878.097399340942502, 2346761.545077764429152 ], [ 1475847.441320474958047, 2346798.99798983335495 ], [ 1475291.567509296583012, 2346666.403980155941099 ], [ 1474982.165832239668816, 2346588.7275535101071 ], [ 1474640.609628926962614, 2346502.434745336417109 ], [ 1474644.223224985413253, 2346476.848774102982134 ], [ 1474107.898736812639982, 2346370.129775068722665 ], [ 1474157.209715927019715, 2346158.792717451695353 ], [ 1473850.294423186220229, 2346092.506230108439922 ], [ 1473821.945133943343535, 2346090.838828613515943 ], [ 1473838.83661972777918, 2345839.459401935804635 ], [ 1473399.022921644151211, 2345829.3030621483922 ], [ 1473421.779882069677114, 2346015.712146691512316 ], [ 1473384.44102199957706, 2346005.665546811651438 ], [ 1473379.252638546284288, 2346058.077783073298633 ], [ 1473049.042602834291756, 2345993.803309598937631 ], [ 1472846.795562685467303, 2345957.243343848269433 ], [ 1472850.926366894040257, 2346030.39181510778144 ], [ 1472744.816308376844972, 2346007.333188679069281 ], [ 1472636.080457864329219, 2346011.040000316686928 ], [ 1472511.017003587447107, 2345018.915579164400697 ], [ 1472491.065495546674356, 2344838.286184431985021 ], [ 1472361.914127927739173, 2344884.542483111377805 ], [ 1472344.785877317655832, 2344889.145182330161333 ], [ 1472331.201313844881952, 2344887.226238571573049 ], [ 1472321.422835643403232, 2344874.314620275050402 ], [ 1472312.23512965766713, 2344869.288940330501646 ], [ 1472301.538186122197658, 2344872.025938204489648 ], [ 1472287.297597819939256, 2344881.284601394087076 ], [ 1472161.16707736486569, 2344947.908150813542306 ], [ 1472148.76380607043393, 2344943.815457158256322 ], [ 1471960.024229048052803, 2344892.362971493974328 ], [ 1471813.218919912818819, 2344844.494561191648245 ], [ 1471497.099804969737306, 2344773.239115799311548 ], [ 1471488.175451571121812, 2344781.688440100289881 ], [ 1471474.459928094409406, 2344782.005738226231188 ], [ 1471460.087670817039907, 2344775.555050024297088 ], [ 1471455.165392535272986, 2344769.658508811146021 ], [ 1471198.306351196952164, 2344711.978920537512749 ], [ 1470979.314409825950861, 2344673.346693623345345 ], [ 1470235.647025500424206, 2344526.597064090427011 ], [ 1470129.203269886318594, 2344509.148735464084893 ], [ 1470055.044284364907071, 2344480.1328837685287 ], [ 1470019.023705756524578, 2344519.520856291987002 ], [ 1470004.981366557069123, 2344525.427951032295823 ], [ 1469884.791280851699412, 2344706.809252691455185 ], [ 1469842.343883621040732, 2344766.008528519421816 ], [ 1469825.616061270935461, 2344799.796715635340661 ], [ 1469805.084090811898932, 2344844.577495233621448 ], [ 1469792.621588437817991, 2344877.493827469646931 ], [ 1469786.589658836135641, 2344908.543553289491683 ], [ 1469783.838428770657629, 2344937.542277054395527 ], [ 1469786.732491210103035, 2344978.086806024424732 ], [ 1469796.64888775604777, 2345024.650134535506368 ], [ 1469815.095551511039957, 2345069.469874754082412 ], [ 1469853.6900066267699, 2345130.049311221577227 ], [ 1469907.577665644232184, 2345217.319807644467801 ], [ 1470892.066368607804179, 2346790.237453995272517 ], [ 1470908.865595408482477, 2346827.113159606233239 ], [ 1470919.562317150412127, 2346860.26620807684958 ], [ 1470932.161949492525309, 2346896.895634294953197 ], [ 1470937.21583806257695, 2346936.447125184815377 ], [ 1470940.694565404672176, 2346966.933646734338254 ], [ 1470948.50560713885352, 2347049.266667428426445 ], [ 1470964.122625258285552, 2347070.371246505528688 ], [ 1470979.610504578333348, 2347165.492123337462544 ], [ 1470989.719666216522455, 2347352.266582786105573 ], [ 1471016.297626117477193, 2347635.341706183739007 ], [ 1471036.441208685748279, 2347686.994913937523961 ], [ 1471084.601310561411083, 2347817.681610060855746 ], [ 1471095.230488150846213, 2347851.95291527826339 ], [ 1471099.757655989611521, 2347900.446574805304408 ], [ 1471099.626332514919341, 2347938.572563910856843 ], [ 1471093.589879882521927, 2347987.567689303308725 ], [ 1471087.094164031557739, 2348026.441631678957492 ], [ 1471073.381218641065061, 2348062.648711868561804 ], [ 1471057.306275595910847, 2348103.203430019319057 ], [ 1471027.518709378549829, 2348144.074697706848383 ], [ 1470957.38066001329571, 2348226.318693039473146 ], [ 1470810.283002594485879, 2348381.433651731349528 ], [ 1470725.122244637459517, 2348432.513481653761119 ], [ 1470640.946126535534859, 2348466.827787220943719 ], [ 1470623.100519661325961, 2348465.78041423484683 ], [ 1470608.863327903440222, 2348457.093874256126583 ], [ 1470604.467384742572904, 2348442.255525258835405 ], [ 1470604.335997469024733, 2348426.54589389776811 ], [ 1470612.930541577050462, 2348405.740540168248117 ], [ 1470823.601358357351273, 2348208.371767316479236 ], [ 1470860.736597956623882, 2348167.931699219625443 ], [ 1470889.67066406738013, 2348123.645527756772935 ], [ 1470907.057401229161769, 2348096.626731113530695 ], [ 1470926.674883695784956, 2348049.550526516977698 ], [ 1470946.882877814816311, 2347992.414786595851183 ], [ 1470961.316727525088936, 2347872.131891888100654 ], [ 1470902.314554526237771, 2347100.392065464984626 ], [ 1470905.856899673352018, 2347075.925331712234765 ], [ 1470917.20714011695236, 2347044.065676866099238 ], [ 1470906.835854208096862, 2346933.543278418947011 ], [ 1470893.644634423078969, 2346871.083065090700984 ], [ 1470877.96089360723272, 2346833.151230999734253 ], [ 1470859.061918295221403, 2346796.152414767537266 ], [ 1470848.759220555657521, 2346774.238277934957296 ], [ 1469914.280714074615389, 2345282.761378161143512 ], [ 1469891.771389005705714, 2345271.349414244759828 ], [ 1469879.630418290384114, 2345262.787712137214839 ], [ 1469871.885498315561563, 2345251.118844177573919 ], [ 1469844.778174218954518, 2345210.277869093231857 ], [ 1469808.21845259424299, 2345150.939037535805255 ], [ 1469785.310475426027551, 2345110.344182825647295 ], [ 1469768.30934985820204, 2345076.824419396929443 ], [ 1469744.083447526674718, 2345004.749735108111054 ], [ 1469738.301222477573901, 2344959.550060712732375 ], [ 1469742.426435929257423, 2344907.079689453821629 ], [ 1469748.981715796981007, 2344867.088389226235449 ], [ 1469757.375166356097907, 2344831.690803334116936 ], [ 1469769.44500024872832, 2344805.480656543746591 ], [ 1469789.126266231760383, 2344775.229951900430024 ], [ 1469824.161321832798421, 2344734.662746624089777 ], [ 1469838.661414008121938, 2344720.931688104756176 ], [ 1471596.5365029736422, 2341907.823012248147279 ], [ 1471612.676572119351476, 2341866.148384094238281 ], [ 1471612.804735843092203, 2341845.967501506675035 ], [ 1471608.928514181636274, 2341822.187363797333091 ], [ 1471602.297263483516872, 2341809.461649551987648 ], [ 1471584.441191178746521, 2341790.470680077094585 ], [ 1471416.591911230701953, 2341687.551143501419574 ], [ 1471386.398059399332851, 2341681.296988826710731 ], [ 1471365.986283949110657, 2341687.952879799064249 ], [ 1471347.478595173917711, 2341698.084973412565887 ], [ 1471331.990626108366996, 2341710.637009391561151 ], [ 1471190.659189629834145, 2341982.754089304246008 ], [ 1471187.64269874128513, 2341998.279388742521405 ], [ 1471194.931562249781564, 2342017.772731561679393 ], [ 1471224.669634734746069, 2342049.796130430418998 ], [ 1471665.446871080901474, 2342314.506183612160385 ], [ 1472089.937023870646954, 2342587.252061366569251 ], [ 1472933.699132237350568, 2343131.366746610030532 ], [ 1473002.287997177336365, 2343183.621593237388879 ], [ 1473040.947344085201621, 2343225.147306088823825 ], [ 1473079.672522412845865, 2343283.501454428303987 ], [ 1473122.663507304619998, 2343340.984589650761336 ], [ 1473220.983646300155669, 2343479.108570765703917 ], [ 1473258.722765245009214, 2343518.338071415666491 ], [ 1473310.441444243537262, 2343552.780380085576326 ], [ 1473414.403280418831855, 2343630.669661421794444 ], [ 1474452.857545098755509, 2344428.622003282885998 ], [ 1475482.164976824540645, 2345237.362063591368496 ], [ 1475526.393058551009744, 2345273.617958885151893 ], [ 1475629.608596018282697, 2345381.772746874485165 ], [ 1475696.798598125111312, 2345457.520226327702403 ], [ 1475729.145730822114274, 2345498.685800988227129 ], [ 1475757.358311180956662, 2345538.486209203489125 ], [ 1475807.025387345114723, 2345607.593719011172652 ], [ 1475877.026526984758675, 2345725.011974836699665 ], [ 1475924.061231545638293, 2345820.886511989869177 ], [ 1475996.08184788422659, 2345993.389577134978026 ], [ 1476029.916830682894215, 2346116.530204221606255 ], [ 1476058.439252407290041, 2346222.532081598415971 ], [ 1476071.676517128478736, 2346301.833326195366681 ], [ 1476080.067765304353088, 2346338.223305724095553 ], [ 1476091.365898077841848, 2346557.62635632045567 ], [ 1476097.044926909264177, 2346675.742715637199581 ], [ 1476184.250830565346405, 2346715.658885845914483 ], [ 1476300.531534455949441, 2346744.951444921083748 ], [ 1476419.175931921694428, 2346769.897450627293438 ], [ 1476517.819931901525706, 2346740.942622586153448 ], [ 1476651.83488183375448, 2346719.683814235962927 ], [ 1476790.507020235294476, 2346708.79645612789318 ], [ 1476868.537552025634795, 2346707.792386270128191 ], [ 1476937.970239780377597, 2346709.646500977221876 ], [ 1476985.484715052880347, 2346707.963746848050505 ], [ 1477140.304618542548269, 2346691.301544313784689 ], [ 1477249.38054886739701, 2346682.035891726147383 ], [ 1477515.637034295592457, 2346669.712359096854925 ], [ 1477622.944455249002203, 2346654.735594456549734 ], [ 1477626.418378067901358, 2346667.280287791509181 ], [ 1477794.892472830601037, 2346651.429872389417142 ], [ 1477796.46430485509336, 2346660.49696393404156 ], [ 1477931.205995676573366, 2346644.898892390541732 ] ] } },
{ "type": "Feature", "properties": { "route_name": "124_Chichí Suárez, Sitpach", "route_name_short": "Chichí Suárez, Sitpach", "route_type": 3, "agency_id": "Red_de_Transporte_Merida", "route_id": "124_Chichí Suárez, Sitpach", "shape_id": "Shape_124_Chichí Suárez, Sitpach" }, "geometry": { "type": "LineString", "coordinates": [ [ 1478135.39683724520728, 2347272.826749394182116 ], [ 1478130.689642876386642, 2347227.676812350749969 ], [ 1478261.492902022786438, 2347207.363286329898983 ], [ 1478341.081851632567123, 2347875.052026399411261 ], [ 1478380.225995226763189, 2348103.970989614259452 ], [ 1478432.348691417369992, 2348505.29465509345755 ], [ 1478577.711203640326858, 2348488.092766993679106 ], [ 1478738.104557746089995, 2348466.172310754656792 ], [ 1478893.968418181408197, 2348449.594187253620476 ], [ 1479358.653388934209943, 2348449.056023768149316 ], [ 1479370.557568588294089, 2348781.824116718489677 ], [ 1479380.38561780937016, 2348811.573873896151781 ], [ 1479402.491193311288953, 2348829.710560552310199 ], [ 1479436.278462030226365, 2348846.295472834259272 ], [ 1479452.812637199182063, 2348851.76207969058305 ], [ 1479479.846194389741868, 2348857.85056556109339 ], [ 1479512.39430564083159, 2348859.778370238374919 ], [ 1479616.073530480265617, 2348870.40703358175233 ], [ 1479889.446577780414373, 2348897.821598312351853 ], [ 1479950.211021118797362, 2348903.665948421228677 ], [ 1479975.542266560951248, 2348902.923328811302781 ], [ 1480016.88777096150443, 2348898.642344092484564 ], [ 1480062.631906278431416, 2348891.256556650158018 ], [ 1480088.095762877725065, 2348888.278233842458576 ], [ 1480123.406765092629939, 2348879.152401212137192 ], [ 1480192.260370225645602, 2348855.186778631992638 ], [ 1480334.632239567348734, 2348799.679540740791708 ], [ 1480397.187005445593968, 2348775.341074671130627 ], [ 1480497.35262986808084, 2348738.648194302804768 ], [ 1480612.748878014739603, 2348693.883745630737394 ], [ 1480675.251587360166013, 2348759.292904443107545 ], [ 1480655.304259172640741, 2348864.688275285996497 ], [ 1480640.861068937694654, 2348983.872487494722009 ], [ 1480622.216223096475005, 2348996.229340240824968 ], [ 1480588.873794141691178, 2349114.292696769349277 ], [ 1480831.300120649393648, 2349521.32960407063365 ], [ 1480978.207544763805345, 2349762.276679609902203 ], [ 1481106.367593853035942, 2349963.969952290412039 ], [ 1481120.469097272492945, 2349974.904004923533648 ], [ 1481244.708761616144329, 2350047.349012568593025 ], [ 1481452.517279989784583, 2350167.389961348846555 ], [ 1481859.07712413999252, 2350400.213979980908334 ], [ 1482127.228482238482684, 2350550.778910780325532 ], [ 1482348.211111876647919, 2350679.473168114200234 ], [ 1482597.923342077061534, 2350821.099752725102007 ], [ 1482613.871179781854153, 2350818.682327603455633 ], [ 1482628.370213777758181, 2350822.910409354139119 ], [ 1482641.752865044400096, 2350828.194056939799339 ], [ 1482654.603596884291619, 2350842.421631201170385 ], [ 1482672.371305687818676, 2350862.551376393064857 ], [ 1482984.977572743082419, 2351044.951599378138781 ], [ 1483187.000692815054208, 2351155.705298882443458 ], [ 1483202.231379405362532, 2351147.636037415824831 ], [ 1483215.879901635926217, 2351148.448314650915563 ], [ 1483223.680153314955533, 2351159.010200534481555 ], [ 1483227.08123572729528, 2351172.676161182112992 ], [ 1483479.704887106548995, 2351194.445006003603339 ], [ 1483803.722563833231106, 2351220.469310199376196 ], [ 1484237.065408945549279, 2351250.769198382738978 ], [ 1484255.246865187305957, 2351246.242453383747488 ], [ 1484254.279429618269205, 2351227.110915394034237 ], [ 1484278.376578909810632, 2351211.716681530233473 ], [ 1484302.324660411570221, 2351216.509498342406005 ], [ 1484315.174116547685117, 2351230.7390375896357 ], [ 1484316.99154466483742, 2351253.287244523875415 ], [ 1484515.941372190136462, 2351274.118477365002036 ], [ 1484569.353614626452327, 2351279.545691690407693 ], [ 1484757.221644403412938, 2351291.865461680106819 ], [ 1484974.621473470702767, 2351303.704135006759316 ], [ 1484966.5052679204382, 2351422.153972639236599 ], [ 1485174.704989449121058, 2351446.911728570237756 ], [ 1485852.828297889558598, 2352142.643162429332733 ], [ 1486444.298756380798295, 2352753.583865982014686 ], [ 1487760.351063868496567, 2354108.111590176355094 ], [ 1487793.321347820572555, 2354138.138292899820954 ], [ 1487807.863544445484877, 2354159.206984440796077 ], [ 1487816.575452316086739, 2354172.071833787020296 ], [ 1487911.697541352827102, 2354466.15138793271035 ], [ 1487936.028193871024996, 2354640.414720661006868 ], [ 1488256.837802106514573, 2354631.578898660838604 ], [ 1488316.340968778822571, 2354640.754605032037944 ], [ 1488422.660279993899167, 2354624.682468188460916 ], [ 1488843.295969453640282, 2354602.762873979285359 ], [ 1488863.510438236873597, 2354599.486074364744127 ], [ 1489026.165409118868411, 2354557.618578142486513 ], [ 1489380.937259332742542, 2354580.015196139458567 ], [ 1489769.752260594861582, 2354614.561738365795463 ], [ 1490257.053375718649477, 2354658.396378708537668 ], [ 1490559.090726732974872, 2354716.930290209595114 ], [ 1490574.086612193845212, 2354835.661957969423383 ], [ 1490661.981853485573083, 2355477.231151572428644 ], [ 1490660.327447744552046, 2355487.231611527968198 ], [ 1490654.742568551562726, 2355492.507107178680599 ], [ 1490643.774354830384254, 2355499.703590808436275 ], [ 1490634.502676701638848, 2355513.735234213061631 ], [ 1490620.847370116505772, 2355565.658488142304122 ], [ 1490624.441925239982083, 2355575.974293242674321 ], [ 1490621.939269454684108, 2355582.557166234590113 ], [ 1490618.386824604589492, 2355589.076967907138169 ], [ 1490611.038296451093629, 2355588.635473332367837 ], [ 1490603.824125467333943, 2355585.957644748035818 ], [ 1490602.060435097664595, 2355580.240661850199103 ], [ 1490605.545694317901507, 2355574.839027328416705 ], [ 1490613.095762399956584, 2355571.926010216586292 ], [ 1490615.598413491854444, 2355565.343136726878583 ], [ 1490632.806152183329687, 2355506.900077832862735 ], [ 1490638.659729368053377, 2355497.151901317294687 ], [ 1490643.060448022093624, 2355494.049672275781631 ], [ 1490648.443787307944149, 2355492.128683826886117 ], [ 1490652.911688074003905, 2355487.908286194782704 ], [ 1490655.145639294059947, 2355485.798087488394231 ], [ 1490657.513947914820164, 2355481.451548833865672 ], [ 1490657.06875383737497, 2355471.324948210269213 ], [ 1490655.237868510186672, 2355466.726127732545137 ], [ 1490555.672603387385607, 2354721.213828837499022 ], [ 1490569.589170673396438, 2354717.56074209837243 ], [ 1490661.682314143748954, 2354745.535481065977365 ], [ 1490714.998251885175705, 2354770.059552155900747 ], [ 1490960.646830280777067, 2354890.303718060255051 ], [ 1491182.213975595775992, 2355007.983606229070574 ], [ 1491283.191274998243898, 2355063.430210439953953 ], [ 1491374.719543450511992, 2355118.309727659914643 ], [ 1491581.046928869560361, 2355244.059314609039575 ], [ 1491623.862575125880539, 2355267.956236648838967 ], [ 1491669.114011041354388, 2355286.388611902482808 ], [ 1491998.011792975943536, 2355371.260151669383049 ], [ 1492383.129488829523325, 2355467.378646852914244 ], [ 1492392.618414599914104, 2355572.319917610380799 ], [ 1492495.125696054426953, 2355567.267001356929541 ], [ 1492499.513042487204075, 2355616.910691631957889 ], [ 1492419.456357643008232, 2355616.581113691441715 ], [ 1492397.234925454948097, 2355600.654279721900821 ], [ 1492385.646406322484836, 2355583.122911799699068 ], [ 1492384.219725838396698, 2355571.814444896299392 ], [ 1492377.543799587525427, 2355472.653791346121579 ], [ 1492165.933094358537346, 2355417.274547742214054 ], [ 1492015.388186075724661, 2355380.161188324447721 ], [ 1491676.974764881189913, 2355295.839208842255175 ], [ 1491630.673522787634283, 2355277.343670366797596 ], [ 1491495.348145420663059, 2355197.384138720110059 ], [ 1491242.138539671897888, 2355045.251685881055892 ], [ 1490973.488615835551172, 2354904.541832309681922 ] ] } },
{ "type": "Feature", "properties": { "route_name": "126_63 Periferico-San Camilo", "route_name_short": "63 Periferico-San Camilo", "route_type": 3, "agency_id": "Red_de_Transporte_Merida", "route_id": "126_63 Periferico-San Camilo", "shape_id": "Shape_126_63 Periferico-San Camilo" }, "geometry": { "type": "LineString", "coordinates": [ [ 1478413.260729492176324, 2347117.616502250079066 ], [ 1478405.734323779586703, 2347066.690520778298378 ], [ 1478247.496671214234084, 2347087.625562023371458 ], [ 1478263.46077118255198, 2347209.723201751708984 ], [ 1478558.868620607070625, 2347167.731848276220262 ], [ 1478810.633891597390175, 2347133.260082351509482 ], [ 1478944.525070346659049, 2347114.255452694371343 ], [ 1479217.560005586128682, 2347076.559649287257344 ], [ 1479327.368542238138616, 2347055.010948535520583 ], [ 1479466.199121687095612, 2347006.012564147356898 ], [ 1479546.739755420712754, 2346980.48929863749072 ], [ 1479616.317007620818913, 2346962.170303199440241 ], [ 1479733.809248271863908, 2346935.469154528807849 ], [ 1479792.555641759652644, 2346922.118831906002015 ], [ 1479864.357558005023748, 2346919.638123255223036 ], [ 1480112.35283294133842, 2346842.328806363511831 ], [ 1480244.341687012463808, 2346837.804013694636524 ], [ 1480285.693994609173387, 2346958.047998352441937 ], [ 1480438.315228814957663, 2346907.628773357253522 ], [ 1480737.327735664788634, 2346805.302139730192721 ], [ 1480771.205630249809474, 2346784.871859055943787 ], [ 1480987.79252640530467, 2346793.218094245065004 ], [ 1480985.897709296550602, 2346896.318749410565943 ], [ 1481097.805029696086422, 2346892.854229918681085 ], [ 1481653.910589015344158, 2346915.727129357401282 ], [ 1481628.059514351654798, 2347120.623708222527057 ], [ 1481606.087448858655989, 2347313.409314998425543 ], [ 1481888.120822435244918, 2347302.092037864029408 ], [ 1482141.870228664716706, 2347287.97877894481644 ], [ 1482424.240361516131088, 2347271.080241956748068 ], [ 1482548.61865022033453, 2347270.610265953466296 ], [ 1482532.259767561685294, 2347492.903006496373564 ], [ 1482506.690432002069429, 2347746.062828056514263 ], [ 1482510.094168543815613, 2347759.728090231772512 ], [ 1482540.655222163768485, 2347795.200703049078584 ], [ 1482549.309320321772248, 2347809.177767484914511 ], [ 1482551.862071264535189, 2347819.426735210232437 ], [ 1482549.351425913162529, 2347843.960130799096078 ], [ 1482537.075798502657562, 2347944.204951385501772 ], [ 1482690.320505128242075, 2347954.428051590453833 ], [ 1482809.323964009992778, 2347937.935902242083102 ], [ 1482824.913409768138081, 2347888.374646565876901 ], [ 1482830.574761918745935, 2347864.028257448691875 ], [ 1482825.868043097201735, 2347836.822125112172216 ], [ 1482818.355458529433236, 2347785.888614622410387 ], [ 1482840.216162134893239, 2347683.968637922313064 ], [ 1482851.605143669992685, 2347634.157804477028549 ], [ 1482861.811207197606564, 2347586.520575137343258 ], [ 1482873.266575171612203, 2347535.591711350250989 ], [ 1482888.814186333678663, 2347451.247666346374899 ], [ 1483031.248083412414417, 2347537.121970321051776 ], [ 1483094.429018589202315, 2347573.411706928629428 ], [ 1483149.87308874540031, 2347598.022648463025689 ], [ 1483192.064167513279244, 2347615.114709706045687 ], [ 1483280.260855182772502, 2347638.306394690647721 ], [ 1483420.697433717316017, 2347669.091001125983894 ], [ 1483615.075502600986511, 2347714.302955113817006 ], [ 1483978.376281779725105, 2347789.75741831632331 ], [ 1483990.393011187436059, 2347782.618187169078737 ], [ 1484003.326903183944523, 2347777.77745304396376 ], [ 1484021.311959100421518, 2347776.603039580862969 ], [ 1484036.930826012045145, 2347779.775834962259978 ], [ 1484051.233611676376313, 2347787.358288597781211 ], [ 1484062.319529639091343, 2347795.871425212360919 ], [ 1484062.704742475878447, 2347807.11411269614473 ], [ 1484062.039829723304138, 2347818.294347347691655 ], [ 1484182.723529144190252, 2347844.545817639678717 ], [ 1484287.721888160565868, 2347868.74323843466118 ], [ 1484497.918137643719092, 2347913.786316383164376 ], [ 1484637.304551599081606, 2347944.520445514936 ], [ 1484634.425733187468722, 2347851.223473943769932 ], [ 1484697.951633447315544, 2347863.97983143478632 ], [ 1484705.441231831908226, 2347773.543728928081691 ], [ 1484789.770732510834932, 2347790.904342018067837 ], [ 1484870.099316054489464, 2347804.661304185166955 ], [ 1484859.576781730400398, 2347910.625260876957327 ], [ 1484852.818057256517932, 2347988.763159585185349 ], [ 1484940.097285053925589, 2348009.666686837561429 ], [ 1484927.540051681455225, 2348114.387668879702687 ], [ 1484927.768841620068997, 2348234.455903883092105 ], [ 1484772.070915690157562, 2348247.627134033013135 ], [ 1484638.891956074163318, 2348254.285964309237897 ], [ 1484635.587338199838996, 2348362.922995830420405 ], [ 1484219.730330164544284, 2348444.764353540260345 ], [ 1484228.178267252864316, 2348550.73359363572672 ], [ 1484337.933251287788153, 2348530.33693462330848 ], [ 1484330.018124085385352, 2348415.423131499905139 ], [ 1484629.486374022439122, 2348359.193866943009198 ], [ 1484632.857483808184043, 2348249.438813956920058 ], [ 1484750.151678685098886, 2348244.078373041935265 ], [ 1484921.734393764752895, 2348229.608619007281959 ], [ 1484922.940200395416468, 2348120.845863643568009 ], [ 1484933.53027224028483, 2348013.763776573818177 ], [ 1484845.400596040533856, 2347989.443646339233965 ], [ 1484864.382784742396325, 2347812.17507603764534 ], [ 1484711.342868585139513, 2347780.626919530332088 ], [ 1484704.969891280401498, 2347870.007488878443837 ], [ 1484641.377477016067132, 2347858.369130153208971 ], [ 1484641.172388514038175, 2347950.360601966734976 ], [ 1484356.098909141030163, 2347888.5187539733015 ], [ 1484064.791242777602747, 2347825.189848126843572 ], [ 1484051.591375642456114, 2347834.502620365004987 ], [ 1484040.691235104342923, 2347840.586232926230878 ], [ 1484029.073435892816633, 2347841.017284278292209 ], [ 1484016.538500525522977, 2347839.149847819004208 ], [ 1484004.136542718624696, 2347835.046377619262785 ], [ 1483996.068031548056751, 2347828.95667149219662 ], [ 1483987.148855542298406, 2347819.450457986909896 ], [ 1483984.59687240072526, 2347809.200918197166175 ], [ 1483636.263978245435283, 2347730.148008603602648 ], [ 1483404.480624075047672, 2347675.980943488422781 ], [ 1483233.072230247780681, 2347634.380525482352823 ], [ 1483192.715722148073837, 2347621.885123828891665 ], [ 1483162.661038167774677, 2347613.367751982063055 ], [ 1483084.446668059565127, 2347581.794254037085921 ], [ 1482934.994558150647208, 2347489.892632767558098 ], [ 1482895.15666038589552, 2347486.404523183126003 ], [ 1482871.594174830708653, 2347581.491930674761534 ], [ 1482860.790447622537613, 2347639.191130347549915 ], [ 1482852.032870206981897, 2347680.182746027130634 ], [ 1482840.245411473326385, 2347736.701541716698557 ], [ 1482831.487814511638135, 2347777.693130551371723 ], [ 1482837.153383490629494, 2347841.980229980777949 ], [ 1482839.759905961807817, 2347869.06162102567032 ], [ 1482831.799135758308694, 2347896.637244533281773 ], [ 1482816.143250875174999, 2347947.316494025755674 ], [ 1482694.97326648212038, 2347964.801824215333909 ], [ 1482667.671269004233181, 2347963.180244098883122 ], [ 1482525.126634459942579, 2347950.226937955711037 ], [ 1482535.712504172464833, 2347825.19932556245476 ], [ 1482537.426465751603246, 2347814.081796823069453 ], [ 1482533.690846674609929, 2347806.006456961855292 ], [ 1482522.737410109722987, 2347795.258662821725011 ], [ 1482503.715210356283933, 2347778.422120679169893 ], [ 1482489.877015212550759, 2347763.015357774216682 ], [ 1482489.237260995199904, 2347738.294933429453522 ], [ 1482515.434262035880238, 2347527.805776930879802 ], [ 1482533.054180972278118, 2347284.271332211792469 ], [ 1482392.79162489855662, 2347286.042353581171483 ], [ 1482251.015066421125084, 2347295.578085124492645 ], [ 1482128.472825450822711, 2347300.646734965965152 ], [ 1482016.498427805490792, 2347305.221360841766 ], [ 1481844.204552108421922, 2347314.071403571870178 ], [ 1481756.516005635261536, 2347317.844634717330337 ], [ 1481600.0412858792115, 2347326.513507407158613 ], [ 1481371.509298496181145, 2347324.179300052579492 ], [ 1481345.058314718073234, 2347325.976493718568236 ], [ 1481346.702040275093168, 2347209.397170076612383 ], [ 1481221.277372804004699, 2347209.813951873220503 ], [ 1480919.760422200895846, 2347212.134683449752629 ], [ 1480699.300451502203941, 2347215.897903157863766 ], [ 1480486.391090134158731, 2347216.745611678343266 ], [ 1480300.784662845078856, 2347219.213115988764912 ], [ 1479923.367694430984557, 2347168.816127826925367 ], [ 1479840.810291684698313, 2347157.197196699213237 ], [ 1479756.805832523386925, 2347152.224107645917684 ], [ 1479459.417256097076461, 2347191.835599659476429 ], [ 1479141.883382185362279, 2347233.625163376331329 ], [ 1478739.62474484462291, 2347282.748884630855173 ], [ 1478442.315098664490506, 2347321.258585586212575 ], [ 1478414.178579660132527, 2347119.914365402422845 ] ] } },
{ "type": "Feature", "properties": { "route_name": "141_Chuburná Inn", "route_name_short": "Chuburná Inn", "route_type": 3, "agency_id": "Red_de_Transporte_Merida", "route_id": "141_Chuburná Inn", "shape_id": "Shape_141_Chuburná Inn" }, "geometry": { "type": "LineString", "coordinates": [ [ 1478145.20020354562439, 2347374.367608315311372 ], [ 1478144.289566348772496, 2347354.121494370047003 ], [ 1478021.036090950015932, 2347371.51614855742082 ], [ 1478080.351402724394575, 2347883.193869985640049 ], [ 1478084.257077678572387, 2347959.706731021869928 ], [ 1478118.313853364204988, 2348274.701088442467153 ], [ 1478169.970862067071721, 2348844.263770568184555 ], [ 1478204.933303944766521, 2349161.557786443736404 ], [ 1478246.320702508324757, 2349619.458355157636106 ], [ 1478225.711878644069657, 2349629.456851057242602 ], [ 1478197.354720880743116, 2349788.196582611184567 ], [ 1478098.973874847404659, 2350240.069434751756489 ], [ 1478035.513742059934884, 2350529.103361841291189 ], [ 1478030.842537975171581, 2350554.62827513134107 ], [ 1478036.801582659361884, 2350578.538786079268903 ], [ 1478038.892272017896175, 2350596.61133625684306 ], [ 1478037.70123964571394, 2350616.733241226058453 ], [ 1478028.641239300603047, 2350627.414971790742129 ], [ 1478021.596825726795942, 2350675.235399763565511 ], [ 1477999.780327868647873, 2350741.252015478443354 ], [ 1477972.375192175153643, 2350830.495559617411345 ], [ 1477859.136328434105963, 2351337.575595982838422 ], [ 1477716.960106980521232, 2351977.555922695901245 ], [ 1477700.628310884814709, 2351968.736376071348786 ], [ 1477719.90952020091936, 2351856.576773938722908 ], [ 1477504.97666488494724, 2351857.314246931113303 ], [ 1477140.517469682265073, 2351875.006846270523965 ], [ 1477182.69083157600835, 2352034.551297328900546 ], [ 1477189.213406912982464, 2352244.709900099318475 ], [ 1477199.650267166551203, 2352495.484468762762845 ], [ 1477192.873397085815668, 2352663.350332294590771 ], [ 1476755.679667457938194, 2352682.346221658401191 ], [ 1476758.667684899177402, 2352471.630893804132938 ], [ 1476554.765327050350606, 2352482.003281607292593 ], [ 1476573.471652244217694, 2352877.969820302445441 ], [ 1476575.628387523116544, 2352894.923855635337532 ], [ 1476533.362397519405931, 2352932.806555496994406 ], [ 1476493.451764279510826, 2352984.289743578061461 ], [ 1476431.672562540508807, 2353084.958227584604174 ], [ 1476413.887087519513443, 2353100.732352002523839 ], [ 1476390.405394820729271, 2353230.588706986512989 ], [ 1476363.91577066690661, 2353340.075378159061074 ], [ 1476348.252498004585505, 2353444.593755076173693 ], [ 1476331.755392147228122, 2353509.801274091005325 ], [ 1476310.812920140568167, 2353543.336566583253443 ], [ 1476312.727330546826124, 2353653.381928114686161 ], [ 1476230.267107582185417, 2353658.59858452482149 ], [ 1476224.740562250604853, 2353556.192043017596006 ], [ 1476117.090832125628367, 2353559.919152859598398 ], [ 1476105.008223961340263, 2353586.126366566400975 ], [ 1476092.016847756691277, 2353592.088326522149146 ], [ 1476129.681125149596483, 2355020.063887491822243 ], [ 1475952.776784511748701, 2355019.688078023027629 ], [ 1475946.598001064965501, 2354785.998653338290751 ], [ 1475346.883178857853636, 2354776.317540410440415 ], [ 1475286.923729572677985, 2354792.962437056470662 ], [ 1475375.60332222096622, 2355074.153250679839402 ], [ 1475443.919594635721296, 2355272.254636592231691 ], [ 1475451.719777232035995, 2355282.81174495164305 ], [ 1475462.866636189632118, 2355290.201667471323162 ], [ 1475468.567946980707347, 2355300.634610199835151 ], [ 1475465.278608456952497, 2355320.631221273448318 ], [ 1475458.254546881187707, 2355332.554711539298296 ], [ 1475467.558264122344553, 2355353.296423437539488 ], [ 1475665.728201713413, 2355955.059445605613291 ], [ 1475723.160815516952425, 2356123.355910623446107 ], [ 1475736.859385784249753, 2356140.993125966750085 ], [ 1475759.813332677586004, 2356144.595650328323245 ], [ 1475779.48677789978683, 2356150.247469077352434 ], [ 1475788.534065099665895, 2356157.513637066818774 ], [ 1475797.174596887780353, 2356189.434181777294725 ], [ 1475791.001088679302484, 2356204.77311062021181 ], [ 1475776.234033292625099, 2356222.96844706684351 ], [ 1475720.133651326410472, 2356387.908673587720841 ], [ 1475671.379055997822434, 2356553.283617136534303 ], [ 1475485.90188802825287, 2357160.380794215016067 ], [ 1475430.190431160852313, 2357336.560057966038585 ], [ 1475437.439583441708237, 2357391.9546356247738 ], [ 1475093.10375488223508, 2357321.08793099783361 ], [ 1475076.702733437763527, 2357331.334286733996123 ], [ 1475004.896327559370548, 2357690.523238448426127 ], [ 1475004.678522395901382, 2357729.770825102459639 ], [ 1475019.017872573109344, 2357772.12376816989854 ], [ 1475049.748022470623255, 2357822.177650835365057 ], [ 1475083.304536459501833, 2357860.060001419857144 ], [ 1475130.679956073174253, 2357931.291061470750719 ], [ 1475176.058821866754442, 2358054.00398279260844 ], [ 1475182.863856750074774, 2358081.328645006287843 ], [ 1475187.437961707357317, 2358110.764659179840237 ], [ 1475184.127653773874044, 2358166.655340095516294 ], [ 1475151.32214402849786, 2358311.659509062767029 ], [ 1475121.210905591957271, 2358446.727521343622357 ], [ 1475061.080114310141653, 2358555.339125849772245 ], [ 1475073.527979706879705, 2358576.267635034862906 ], [ 1475080.928426098078489, 2358593.531986872665584 ], [ 1475079.869014348136261, 2358611.416961520910263 ], [ 1475055.329895426752046, 2358634.641517737414688 ], [ 1475029.940279970178381, 2358654.450506577733904 ], [ 1475019.183452832978219, 2358658.300274655688554 ], [ 1475006.526868272572756, 2358658.672327950596809 ], [ 1474987.320408376399428, 2358645.195671269204468 ], [ 1474959.068371433764696, 2358624.452918012160808 ], [ 1474909.037870316766202, 2358615.881145108025521 ], [ 1474773.502820012159646, 2358593.272258998360485 ], [ 1474654.480523935519159, 2358594.076694594230503 ], [ 1474347.578397597186267, 2358602.82926411787048 ], [ 1474305.733961423160508, 2358616.056437393650413 ], [ 1474256.290077951969579, 2358615.373405392281711 ], [ 1474176.684641289291903, 2358608.418678562622517 ], [ 1474095.57626668503508, 2358591.280088379513472 ], [ 1474033.873159137554467, 2358584.263789562042803 ], [ 1473956.044629796873778, 2358565.07665507402271 ], [ 1474100.920327309286222, 2358910.160092751961201 ], [ 1474110.164287710096687, 2358914.072308086324483 ], [ 1474119.994301565689966, 2358925.871148019097745 ], [ 1474121.23256413731724, 2358940.526595488190651 ], [ 1474122.867769781965762, 2358948.475310499314219 ], [ 1474115.911246228031814, 2358959.280621023382992 ], [ 1474103.642795900115743, 2358970.893239926081151 ], [ 1474088.822314634919167, 2358972.259482427500188 ], [ 1474076.298618165310472, 2358970.396561489906162 ], [ 1474062.007389488629997, 2358962.820527212694287 ], [ 1473757.218345266766846, 2359096.213472002185881 ], [ 1473546.086354498751462, 2359070.262089694850147 ], [ 1473520.312038451433182, 2359078.832588221412152 ], [ 1473471.685364391189069, 2359420.313644660171121 ], [ 1473475.220514992717654, 2359431.739650195464492 ], [ 1473471.213506928877905, 2359446.08450963627547 ], [ 1473464.455952567979693, 2359453.536524448543787 ], [ 1473432.88396088546142, 2359649.085319194942713 ], [ 1473384.377896569203585, 2360006.276293674018234 ], [ 1473367.574430004227906, 2360041.175919501576573 ], [ 1473368.094371613115072, 2360050.180163575336337 ], [ 1473383.953457406722009, 2360066.822181210387498 ], [ 1473372.272237293189391, 2360086.321296201553196 ], [ 1473350.96023826720193, 2360090.668629304040223 ], [ 1473339.099009258672595, 2360077.628254563547671 ], [ 1473335.498004616005346, 2360067.320024760905653 ], [ 1473343.63513621641323, 2360054.341297304723412 ], [ 1473357.934401399455965, 2360043.970557446591556 ], [ 1473350.864645913243294, 2360021.118548019323498 ], [ 1473409.28384099714458, 2359638.715557313524187 ], [ 1473436.262300708563998, 2359449.625200587790459 ], [ 1473431.678029402624816, 2359438.137147910892963 ], [ 1473433.586779576959088, 2359423.668163615744561 ], [ 1473444.805265087168664, 2359411.993301920127124 ], [ 1473454.556253381073475, 2359318.348591747693717 ], [ 1473496.446454618591815, 2359072.934105448890477 ], [ 1473486.616311321267858, 2359061.135771791916341 ], [ 1473486.625070311594754, 2359043.189322731457651 ], [ 1473493.779417790472507, 2359029.030601747799665 ], [ 1473502.370862050447613, 2359026.173743737395853 ], [ 1473522.568936461117119, 2359022.881766721606255 ], [ 1473535.744873603340238, 2359031.512977884616703 ], [ 1473575.233020261861384, 2359004.685023195110261 ], [ 1473635.232392293401062, 2359004.869372671004385 ], [ 1473704.722929987357929, 2358506.462850731331855 ], [ 1473073.099708107765764, 2358522.954932736698538 ], [ 1473010.604802206624299, 2358529.355847922619432 ], [ 1472844.581983395852149, 2358506.083297308068722 ], [ 1472711.611506639514118, 2358475.792306440416723 ], [ 1472559.675377543084323, 2358481.396697168238461 ], [ 1472525.772484757006168, 2358485.002000192180276 ], [ 1472517.834143695421517, 2358494.627902012318373 ], [ 1472499.470395567826927, 2358502.516238399315625 ], [ 1472484.129422523081303, 2358494.880019474774599 ], [ 1472477.511761996662244, 2358482.150891670957208 ], [ 1472480.534500451292843, 2358466.626322037074715 ], [ 1472505.325213326141238, 2358456.874327975325286 ], [ 1472527.614054716657847, 2358471.650945777073503 ], [ 1472970.636351566761732, 2358457.449992116075009 ], [ 1473087.795956492191181, 2358505.876925050280988 ], [ 1473714.174197968561202, 2358489.074841625988483 ], [ 1473832.53287226241082, 2358499.441257644910365 ], [ 1473946.090901786461473, 2358537.566978090908378 ], [ 1474022.473546514753252, 2358563.398651500232518 ], [ 1474109.943209204822779, 2358579.791530904825777 ], [ 1474222.791726511670277, 2358594.32179939141497 ], [ 1474279.059994309674948, 2358586.434949412941933 ], [ 1474510.089145151432604, 2358578.797769396100193 ], [ 1474658.7532291659154, 2358575.260437298566103 ], [ 1474784.600392874330282, 2358565.886320924852043 ], [ 1474970.100103019271046, 2358598.184797811787575 ], [ 1475015.755549476481974, 2358573.967399354558438 ], [ 1475040.304763945983723, 2358532.795666713733226 ], [ 1475087.824558013118804, 2358459.332512493710965 ], [ 1475104.102575803175569, 2358433.375088484492153 ], [ 1475135.660100028384477, 2358291.662363342475146 ], [ 1475164.788064999505877, 2358155.41427953960374 ], [ 1475172.096628247061744, 2358103.125629908870906 ], [ 1475169.62096799351275, 2358073.813915061298758 ], [ 1475158.48653815779835, 2358048.476332494523376 ], [ 1475136.018932948121801, 2358001.154669344425201 ], [ 1475116.708764450391755, 2357936.072364726103842 ], [ 1475071.365638514980674, 2357866.083433759398758 ], [ 1475004.583367344923317, 2357784.729872634168714 ], [ 1474985.933869889937341, 2357708.469941823743284 ], [ 1475052.767707734368742, 2357326.552177607081831 ], [ 1475054.80957158934325, 2357309.847125498577952 ], [ 1475064.981036849785596, 2357298.110239349771291 ], [ 1475081.703451068140566, 2357300.221908663399518 ], [ 1475406.301761354086921, 2357366.554070925340056 ], [ 1475403.570775441126898, 2357323.766251327004284 ], [ 1475527.538454134948552, 2356937.376361472066492 ], [ 1475640.28604227444157, 2356562.659958748612553 ], [ 1475690.222045815782622, 2356395.111537623219192 ], [ 1475721.032626641914248, 2356301.587462100200355 ], [ 1475743.051205421565101, 2356214.273222306743264 ], [ 1475722.129930403549224, 2356211.912771791219711 ], [ 1475707.703443208243698, 2356206.571645072195679 ], [ 1475694.997651611687616, 2356172.167046178597957 ], [ 1475700.584937869338319, 2356148.941198545973748 ], [ 1475708.072439794428647, 2356129.193082191981375 ], [ 1475587.513371384469792, 2355764.22065407782793 ], [ 1475439.100395421497524, 2355335.908361784182489 ], [ 1475429.069132392294705, 2355327.462715250439942 ], [ 1475423.367821096908301, 2355317.029791932087392 ], [ 1475424.425986394286156, 2355299.144657376687974 ], [ 1475430.598999539390206, 2355283.805605503264815 ], [ 1475266.133002084447071, 2354788.367659927345812 ], [ 1475330.488569037523121, 2354768.617509223055094 ], [ 1475365.649531872477382, 2354761.723266841843724 ], [ 1475393.918759135063738, 2354764.517033903393894 ], [ 1475957.688100505620241, 2354776.559246598277241 ], [ 1475960.718436304479837, 2355010.062387062702328 ], [ 1476120.89772785641253, 2355008.326380717102438 ], [ 1476083.884956911206245, 2353587.120273557491601 ], [ 1476098.190393379423767, 2353576.749045780394226 ], [ 1476104.76071100262925, 2353554.702737619634718 ], [ 1476120.834650227800012, 2353550.04487932426855 ], [ 1476233.798373143654317, 2353545.510407991241664 ], [ 1476238.473771051969379, 2353644.501351526472718 ], [ 1476299.546166783198714, 2353644.749687668401748 ], [ 1476305.110835588537157, 2353532.903381623793393 ], [ 1476329.153219236526638, 2353464.777058972977102 ], [ 1476405.754907055525109, 2353095.764202134683728 ], [ 1476763.353433569893241, 2353086.636675933375955 ], [ 1476758.885982620297, 2352699.362450130749494 ], [ 1476780.746545617235824, 2352258.679783191997558 ], [ 1477639.738742705434561, 2352232.117901931982487 ], [ 1477811.437279628124088, 2351467.123742107767612 ], [ 1477925.346421680878848, 2350930.917220325674862 ], [ 1477949.544837132096291, 2350824.656984008848667 ], [ 1477974.907521502813324, 2350752.119541944470257 ], [ 1477996.062233169097453, 2350697.281764257699251 ], [ 1478003.296200335025787, 2350664.055970718152821 ], [ 1478011.579951266990975, 2350630.892306527122855 ], [ 1478005.612056905869395, 2350624.930072310380638 ], [ 1477999.057531833648682, 2350611.080527257174253 ], [ 1478007.332383748609573, 2350595.865117416717112 ], [ 1478012.590202552266419, 2350578.22753245709464 ], [ 1478012.665224698837847, 2350559.161385253537446 ], [ 1477818.471195256803185, 2350511.771202236413956 ], [ 1477897.84069493226707, 2350149.641117675695568 ], [ 1477893.592260360252112, 2350114.614115483593196 ], [ 1477944.356821767054498, 2350022.265230883844197 ], [ 1477990.39465307421051, 2349796.142801354173571 ], [ 1478016.980975179001689, 2349489.22174043674022 ], [ 1478043.589662068989128, 2349128.455637050792575 ], [ 1477995.277858730405569, 2348413.259253847412765 ], [ 1477940.48535066540353, 2347771.721266397740692 ], [ 1478195.254497045185417, 2347739.666377960238606 ], [ 1478157.249834575457498, 2347437.900323268957436 ] ] } },
{ "type": "Feature", "properties": { "route_name": "140_Francisco de Montejo R-1", "route_name_short": "Francisco de Montejo R-1", "route_type": 3, "agency_id": "Red_de_Transporte_Merida", "route_id": "140_Francisco de Montejo R-1", "shape_id": "Shape_140_Francisco de Montejo R-1" }, "geometry": { "type": "LineString", "coordinates": [ [ 1475875.190756153780967, 2355885.572589239571244 ], [ 1475864.469585426850244, 2355942.147025339771062 ], [ 1475770.553671243600547, 2355927.612723867408931 ], [ 1475668.677849436178803, 2355958.59928522258997 ], [ 1475699.78148476802744, 2356055.788827380165458 ], [ 1475716.609327895566821, 2356109.507089940831065 ], [ 1475734.959176673553884, 2356137.515384565573186 ], [ 1475789.914374535903335, 2356151.986627106554806 ], [ 1475798.1577850417234, 2356190.614145360421389 ], [ 1475780.431527165696025, 2356223.216984452679753 ], [ 1475732.622585330158472, 2356337.047838052734733 ], [ 1475694.248488256242126, 2356469.38514384906739 ], [ 1475668.080794208683074, 2356466.713961302302778 ], [ 1475742.190798583673313, 2356228.804980501066893 ], [ 1475734.722405300941318, 2356212.658342251554132 ], [ 1475702.787489015376195, 2356200.671865666285157 ], [ 1475694.865290796617046, 2356174.402699179947376 ], [ 1475708.337159340269864, 2356124.721774858422577 ], [ 1475647.82244114484638, 2355955.12123456876725 ], [ 1475712.44008769094944, 2355930.902837136760354 ], [ 1475553.641336642671376, 2355429.059540648013353 ], [ 1475497.969467974733561, 2355266.478684475179762 ], [ 1475213.31825165823102, 2354381.423186966218054 ], [ 1475148.895699834451079, 2354402.292136610485613 ], [ 1475144.375298121245578, 2354389.685929676052183 ], [ 1475210.045629998669028, 2354365.525546992197633 ], [ 1475048.633539078291506, 2353871.400254501961172 ], [ 1475580.105716871097684, 2353699.786401501391083 ], [ 1475614.626422756351531, 2354238.01727193268016 ], [ 1475649.970337631180882, 2354263.664265507366508 ], [ 1475771.71202008286491, 2354270.86564806336537 ], [ 1475853.895012444350868, 2354288.066713587846607 ], [ 1476103.345778993796557, 2354308.435407861601561 ], [ 1476481.688937498023733, 2354339.803321411833167 ], [ 1476806.78574316110462, 2354096.557716263923794 ], [ 1476845.89293600153178, 2354076.437967114150524 ], [ 1476909.245162888430059, 2353735.80451416131109 ], [ 1476818.355554939713329, 2353420.814278128091246 ], [ 1476781.939587832428515, 2353306.481675963848829 ], [ 1476770.078323528636247, 2353150.975490367971361 ], [ 1476762.480669732671231, 2352994.600033129565418 ], [ 1476756.927728267852217, 2352679.054770728573203 ], [ 1476773.002175090368837, 2352264.952213880605996 ], [ 1477216.703170317225158, 2352242.971577195916325 ], [ 1477638.622875071130693, 2352233.173622000962496 ], [ 1477947.83337064832449, 2350835.773660292383283 ], [ 1478001.45239894837141, 2350677.408426392357796 ], [ 1478013.092911022715271, 2350623.129262326285243 ], [ 1477999.917686446337029, 2350596.54805182479322 ], [ 1478012.656368378782645, 2350577.109649414662272 ], [ 1478008.077908325241879, 2350547.671880964655429 ], [ 1477816.5700646082405, 2350508.293323532212526 ], [ 1477889.491307734511793, 2350183.922710574232042 ], [ 1477890.442805603612214, 2350114.427766855806112 ], [ 1477941.926450854167342, 2350027.730405562091619 ], [ 1477984.814748076023534, 2349801.421644432004541 ], [ 1478020.53561085043475, 2349464.752510746475309 ], [ 1478042.870392502751201, 2349122.804112503770739 ], [ 1478003.153082598466426, 2348565.166925979312509 ], [ 1477969.590314518194646, 2348170.555327819660306 ], [ 1477944.685228511225432, 2347771.969508159440011 ], [ 1478194.336700517451391, 2347737.368524023331702 ], [ 1478144.17180914292112, 2347320.460723167750984 ] ] } },
{ "type": "Feature", "properties": { "route_name": "133_49 Petrolina R1", "route_name_short": "49 Petrolina R1", "route_type": 3, "agency_id": "Red_de_Transporte_Merida", "route_id": "133_49 Petrolina R1", "shape_id": "Shape_133_49 Petrolina R1" }, "geometry": { "type": "LineString", "coordinates": [ [ 1478115.649646430741996, 2347089.929250352084637 ], [ 1477570.84644585987553, 2347180.014852559193969 ], [ 1477434.928382476791739, 2347197.787689718417823 ], [ 1477441.189923817059025, 2347305.847596840467304 ], [ 1477489.410267029888928, 2347702.438455677125603 ], [ 1477539.963267479557544, 2347988.1128129218705 ], [ 1477567.873575746081769, 2348104.183389815501869 ], [ 1477610.826703259255737, 2348179.637387678958476 ], [ 1477541.19371009292081, 2348199.079668104182929 ], [ 1477390.452327002305537, 2348218.216658427380025 ], [ 1477277.575147488620132, 2348238.470019293483347 ], [ 1476998.930752323009074, 2348282.585132784210145 ], [ 1476601.446849601808935, 2348341.000332362949848 ], [ 1476453.861282659927383, 2348360.330755201168358 ], [ 1476300.565318605396897, 2348387.177402465604246 ], [ 1476227.58947486570105, 2348409.791793208569288 ], [ 1476172.39598237699829, 2348434.577640389092267 ], [ 1476180.875081534730271, 2348594.364706091117114 ], [ 1475938.805768215330318, 2348608.121666531078517 ], [ 1475952.328879294916987, 2349003.768874990753829 ], [ 1475958.688091541174799, 2349020.970184213947505 ], [ 1475975.485528233461082, 2349021.961631895508617 ], [ 1475980.596923981560394, 2349042.45450878655538 ], [ 1475986.530717510730028, 2349156.099744270090014 ], [ 1475992.793973099905998, 2349264.155835387296975 ], [ 1475999.488362833857536, 2349454.124025022611022 ], [ 1476017.401181317400187, 2349454.059829966165125 ], [ 1476032.35426665423438, 2349664.707160125486553 ], [ 1475909.851644031703472, 2349669.813459718134254 ], [ 1475758.345241241157055, 2349684.425770224072039 ], [ 1475649.029170663096011, 2349698.16428627865389 ], [ 1475435.389224482234567, 2349712.477136811707169 ], [ 1475194.984302875120193, 2349716.239705770276487 ], [ 1475178.841985411243513, 2349722.017624960280955 ], [ 1475155.351265040691942, 2349727.36203476274386 ], [ 1475075.547342746984214, 2349794.4434310561046 ], [ 1474843.822658058255911, 2349972.5858562188223 ], [ 1474585.626073189545423, 2350045.972369489260018 ], [ 1474686.025795246707276, 2350219.025880516506732 ], [ 1474945.402906285831705, 2350143.468093384988606 ], [ 1474739.359081164235249, 2349779.101280983537436 ], [ 1474567.343920601531863, 2349462.736676392611116 ], [ 1474395.521880380343646, 2349125.076415725518018 ], [ 1474579.855386306066066, 2349018.163402361795306 ], [ 1474621.632280898280442, 2349095.779097614809871 ], [ 1474680.784821098670363, 2349218.165414758492261 ], [ 1474763.615195721853524, 2349367.747422946151346 ], [ 1474868.479095825925469, 2349554.524297919590026 ], [ 1474947.440712904091924, 2349680.324932231102139 ], [ 1474964.363800578285009, 2349697.026925639715046 ], [ 1474982.86409057630226, 2349704.848353110719472 ], [ 1474997.231220266316086, 2349711.30430946033448 ], [ 1475011.796149586560205, 2349714.406836899463087 ], [ 1475074.062401515431702, 2349712.471256145741791 ], [ 1475142.759311382193118, 2349708.671843135263771 ], [ 1475156.933948868187144, 2349700.534390465822071 ], [ 1475167.497655222192407, 2349700.035881973337382 ], [ 1475179.17708809254691, 2349698.481492878403515 ], [ 1475192.428502842085436, 2349705.993531532585621 ], [ 1475444.710985258454457, 2349697.323178431019187 ], [ 1475731.842450853902847, 2349669.400625542737544 ], [ 1476024.879898515064269, 2349648.561539220623672 ], [ 1476007.358905546367168, 2349463.562559207901359 ], [ 1475989.314113885164261, 2349465.862436194904149 ], [ 1475980.789960194146261, 2349253.351623377762735 ], [ 1475967.416703574359417, 2349015.876718655228615 ], [ 1476324.791679298970848, 2348547.894645793363452 ], [ 1476320.735988114960492, 2348509.516031274106354 ], [ 1477313.686919751111418, 2348358.389505224768072 ], [ 1477200.832047330914065, 2347968.077436455059797 ], [ 1477065.384159629698843, 2347603.357076837681234 ], [ 1478164.776184294605628, 2347488.825972770340741 ], [ 1478115.649646430741996, 2347089.929250352084637 ] ] } },
{ "type": "Feature", "properties": { "route_name": "132_79 Aviación", "route_name_short": "79 Aviación", "route_type": 3, "agency_id": "Red_de_Transporte_Merida", "route_id": "132_79 Aviación", "shape_id": "Shape_132_79 Aviación" }, "geometry": { "type": "LineString", "coordinates": [ [ 1477152.122731511015445, 2346258.999567536171526 ], [ 1476896.231341456295922, 2346274.186637015547603 ], [ 1476862.762018635869026, 2346269.968366667628288 ], [ 1476719.23161592008546, 2346273.839736587833613 ], [ 1476563.88282980537042, 2346299.450011611916125 ], [ 1476413.917125338222831, 2346323.135463887825608 ], [ 1476273.995862594805658, 2346337.31872644694522 ], [ 1475977.755206680623814, 2346340.0436957385391 ], [ 1475932.820481770671904, 2346530.331190975848585 ], [ 1475661.872137455269694, 2346443.692151008639485 ], [ 1475648.419812186155468, 2346439.534206041600555 ], [ 1475639.49685810576193, 2346430.034633650910109 ], [ 1475627.358024408342317, 2346421.467266089748591 ], [ 1475602.557316335383803, 2346395.328049150295556 ], [ 1475590.81367606157437, 2346380.053742547985166 ], [ 1475585.304140015039593, 2346366.268527964595705 ], [ 1475579.728719297097996, 2346353.601149340160191 ], [ 1475567.004787337500602, 2346319.200022955425084 ], [ 1475554.149037756957114, 2346287.034587744157761 ], [ 1475541.622536571230739, 2346249.280035146977752 ], [ 1475515.585097265429795, 2346172.591335147153586 ], [ 1475506.01076626451686, 2346138.375960399862379 ], [ 1475496.633934754878283, 2346100.807121797930449 ], [ 1475482.270356071181595, 2346058.457691709976643 ], [ 1475474.989740277407691, 2346038.959735000506043 ], [ 1475454.658705875743181, 2345972.702988224569708 ], [ 1475434.327387791126966, 2345906.446333969943225 ], [ 1475403.634072334039956, 2345801.441468170844018 ], [ 1475369.789948270656168, 2345696.251289921812713 ], [ 1475326.761254054959863, 2345568.086471279617399 ], [ 1475302.688777219504118, 2345493.758281593210995 ], [ 1475297.573330973275006, 2345473.26643584202975 ], [ 1475291.147636198438704, 2345439.237039256840944 ], [ 1475288.721529439324513, 2345426.755475194659084 ], [ 1475288.592987278942019, 2345411.044102720916271 ], [ 1475314.010315088788047, 2345301.492413648404181 ], [ 1475320.777541780844331, 2345258.14455446973443 ], [ 1475338.838278523180634, 2345184.054031285457313 ], [ 1475343.044595631305128, 2345148.407265736721456 ], [ 1475343.439500646665692, 2345141.700311091728508 ], [ 1473435.536661454942077, 2343665.559851221740246 ], [ 1473470.781394484918565, 2343657.534914007876068 ], [ 1473502.678887870162725, 2343652.678372245281935 ], [ 1473517.774473523721099, 2343646.835091628599912 ], [ 1473530.244893637951463, 2343631.864512518979609 ], [ 1473566.803090945351869, 2343583.5377436731942 ], [ 1473569.297240930143744, 2343576.954376332461834 ], [ 1473657.31333233229816, 2343459.864659311249852 ], [ 1473648.256002115551382, 2343452.602828863076866 ], [ 1473568.642547216499224, 2343444.562184593174607 ], [ 1473575.79768354119733, 2343322.723444307222962 ], [ 1473618.394264618400484, 2343315.130190855823457 ], [ 1473582.558560100384057, 2343225.537657977547497 ], [ 1473543.374896553577855, 2343139.113730734214187 ], [ 1473529.066491594538093, 2343113.597508648410439 ], [ 1473467.500702725723386, 2343049.414283602498472 ], [ 1473410.856890855357051, 2342973.182461717166007 ], [ 1473363.992041613673791, 2342891.916935114189982 ], [ 1473309.709800006821752, 2342811.338027429301292 ], [ 1473268.686593302059919, 2342774.159674975089729 ], [ 1473243.745943975634873, 2342804.101523314137012 ], [ 1473185.661959643475711, 2342913.977076625917107 ], [ 1473188.222011701669544, 2342924.221983670722693 ], [ 1472975.883886953350157, 2342699.774560173042119 ], [ 1473050.573102505411953, 2342612.183776721358299 ], [ 1473126.845358049497008, 2342695.172969622071832 ], [ 1473192.94252525200136, 2342754.011520912405103 ], [ 1473261.856365418760106, 2342639.163187672849745 ], [ 1473324.014339573215693, 2342657.392410162370652 ], [ 1473354.994902111589909, 2342668.183800996746868 ], [ 1473470.449254575185478, 2342676.08229177352041 ], [ 1473469.990927484817803, 2342737.745393731165677 ], [ 1473659.417004962218925, 2342706.2438596165739 ], [ 1473663.747262358898297, 2342524.792075605597347 ], [ 1473765.878896171227098, 2342508.355452075134963 ], [ 1473771.655167783843353, 2342535.614083663094789 ], [ 1473762.13832975178957, 2342805.371827107388526 ], [ 1473689.150773380417377, 2342810.059185149613768 ], [ 1473575.403530838433653, 2342826.935068910941482 ], [ 1473644.715351353399456, 2343046.359956551343203 ], [ 1473750.125827475683764, 2343027.873925779946148 ], [ 1473739.620725497137755, 2343314.398397261276841 ], [ 1473758.260467423824593, 2343337.926143184769899 ], [ 1473575.335408488288522, 2343581.79557669442147 ], [ 1473524.00955698126927, 2343648.322921887040138 ], [ 1473522.302140919025987, 2343713.277819550130516 ], [ 1474446.754177005030215, 2344424.898067317903042 ], [ 1474793.520487108267844, 2344692.064127360470593 ], [ 1475363.390877091092989, 2345142.875057274010032 ], [ 1475344.94123872811906, 2345187.778483071830124 ], [ 1475328.519854394951835, 2345269.817446921952069 ], [ 1475318.207486891187727, 2345319.686767363455147 ], [ 1475308.092571913730353, 2345366.202597129624337 ], [ 1475298.043470960808918, 2345411.600587712135166 ], [ 1475299.024587264982983, 2345430.72726997314021 ], [ 1475310.302422397304326, 2345489.719824451953173 ], [ 1475312.991786719998345, 2345497.730102953501046 ], [ 1475375.56682765041478, 2345687.617900174111128 ], [ 1475418.528588932240382, 2345816.90095548518002 ], [ 1475458.730678587220609, 2345957.238966792356223 ], [ 1475492.507105369586498, 2346063.547609475906938 ], [ 1475504.115754271158949, 2346099.004499754868448 ], [ 1475526.740046112332493, 2346179.978829998057336 ], [ 1475567.8610784932971, 2346304.668231456540525 ], [ 1475598.756525154458359, 2346370.426392368972301 ], [ 1475612.336675182450563, 2346390.295781946275383 ], [ 1475636.873880056664348, 2346420.906342850066721 ], [ 1475648.880957204848528, 2346431.709382851608098 ], [ 1475659.117418685927987, 2346436.799515129532665 ], [ 1475704.592623532284051, 2346451.818502293433994 ], [ 1475833.931634878739715, 2346491.971798471175134 ], [ 1475923.89769225101918, 2346520.831383031327277 ], [ 1476036.177255278918892, 2346546.520259418990463 ], [ 1476144.520461388397962, 2346567.490990238729864 ], [ 1476312.176762660266832, 2346636.829957408364862 ], [ 1476447.307396975811571, 2346614.513368139974773 ], [ 1476529.806483078747988, 2346591.336323048919439 ], [ 1476635.796777754556388, 2346580.762889428529888 ], [ 1476777.026358285918832, 2346580.121528201270849 ], [ 1476921.34606175031513, 2346562.837367041967809 ], [ 1477064.418664579279721, 2346548.845944529399276 ], [ 1477143.500559194479138, 2346547.904819543939084 ], [ 1477217.860386722488329, 2346537.711205390747637 ], [ 1477362.770682438276708, 2346528.317588690668344 ], [ 1477383.32751533947885, 2346679.848164458293468 ], [ 1477393.191209675977007, 2346816.164583875797689 ], [ 1477410.740492246113718, 2346929.377815629355609 ], [ 1478095.57070865528658, 2346912.621411819942296 ], [ 1478080.264600255526602, 2346779.34569459175691 ], [ 1477816.105313902255148, 2346791.783808774780482 ], [ 1477805.419969561044127, 2346758.620937674771994 ], [ 1477648.893255807692185, 2346768.445734677836299 ], [ 1477649.078601722139865, 2346800.988209217321128 ], [ 1477520.903566998429596, 2346812.488493048585951 ], [ 1477381.575019670417532, 2346816.600445598829538 ], [ 1477247.101146672386676, 2346827.730693340767175 ], [ 1477247.124912022147328, 2346755.939170042052865 ], [ 1477237.962297833990306, 2346679.118284676223993 ], [ 1477221.724787152837962, 2346561.496342883910984 ], [ 1477197.158015034627169, 2346424.312961444724351 ], [ 1477165.773335381876677, 2346259.805206677410752 ] ] } },
{ "type": "Feature", "properties": { "route_name": "142_Chuburna 21", "route_name_short": "Chuburna 21", "route_type": 3, "agency_id": "Red_de_Transporte_Merida", "route_id": "142_Chuburna 21", "shape_id": "Shape_142_Chuburna 21" }, "geometry": { "type": "LineString", "coordinates": [ [ 1478145.273492096923292, 2347355.301445450168103 ], [ 1478022.218223313335329, 2347369.342433158308268 ], [ 1478082.0548085719347, 2347890.025332831311971 ], [ 1478105.775651787873358, 2348130.369922479614615 ], [ 1478146.603571329265833, 2348562.432152117136866 ], [ 1478174.691406531259418, 2348853.517384700942785 ], [ 1478199.245703576598316, 2349115.227473082952201 ], [ 1478237.469354150816798, 2349466.369343709666282 ], [ 1478249.35511532262899, 2349585.983809303026646 ], [ 1478260.498093812726438, 2349611.322889760602266 ], [ 1478230.762713016476482, 2349633.121144672390074 ], [ 1478201.562725941417739, 2349770.496759489644319 ], [ 1478110.737864469876513, 2350201.502638839650899 ], [ 1478032.298190526897088, 2350530.034838154446334 ], [ 1478030.511705827433616, 2350560.217692473903298 ], [ 1478033.784540702821687, 2350576.116607835516334 ], [ 1478038.759935566689819, 2350598.84710351144895 ], [ 1478040.065494496840984, 2350612.385983172804117 ], [ 1478033.038900959305465, 2350624.309873424004763 ], [ 1478026.343156608752906, 2350630.64434614777565 ], [ 1478019.175328649347648, 2350662.752269831486046 ], [ 1478012.073666687356308, 2350693.742303448729217 ], [ 1478001.888825964415446, 2350723.428031493443996 ], [ 1477986.379991067107767, 2350771.869197469204664 ], [ 1477569.647566441912204, 2352650.883105117827654 ], [ 1476757.911208406556398, 2352680.234731823671609 ], [ 1476770.836737082339823, 2352265.94587031705305 ], [ 1476557.617307534441352, 2352273.52464801678434 ], [ 1476466.752786205615848, 2352278.246207292191684 ], [ 1476425.684475314803421, 2352278.060856167692691 ], [ 1476340.1346495305188, 2352281.975617859978229 ], [ 1476142.596562220947817, 2352291.608427874743938 ], [ 1476021.095712842885405, 2352297.886145424563438 ], [ 1475909.306313092587516, 2352300.251766988541931 ], [ 1475890.413006301037967, 2352299.134982799179852 ], [ 1475677.412378547713161, 2352267.476566343102604 ], [ 1475590.822034385520965, 2352253.385824047960341 ], [ 1475541.753958308370784, 2352245.999535503331572 ], [ 1475507.90185898123309, 2352248.486253569368273 ], [ 1475307.998078844044358, 2352280.423235982190818 ], [ 1475150.799919642042369, 2352320.493157928809524 ], [ 1474931.339660122059286, 2352558.795067416038364 ], [ 1474774.951745697297156, 2352727.91087730973959 ], [ 1474567.184943165397272, 2352946.712806604336947 ], [ 1474528.338519056327641, 2352980.313412623014301 ], [ 1474510.753698488231748, 2352992.735477672889829 ], [ 1474296.199940823018551, 2353130.37507929187268 ], [ 1474124.429215304087847, 2353239.133993112016469 ], [ 1473863.236775466008112, 2353399.821646357420832 ], [ 1474404.940261388430372, 2355193.991294568870217 ], [ 1474604.328755704686046, 2355793.552084302529693 ], [ 1474645.618043387075886, 2355861.052790281362832 ], [ 1474681.544448917265981, 2355894.585229920223355 ], [ 1474726.782790911151096, 2355930.911946850363165 ], [ 1474778.317141268169507, 2355967.611246816813946 ], [ 1474827.496597765479237, 2355990.710910608991981 ], [ 1474891.63155398494564, 2356010.20854405220598 ], [ 1475018.860676661133766, 2356031.195586553309113 ], [ 1475122.88036534213461, 2356035.106294460128993 ], [ 1475774.173702209256589, 2356151.054635304491967 ], [ 1475788.732623864430934, 2356154.160151136107743 ], [ 1475792.334456914803013, 2356164.469143408816308 ], [ 1475799.339537139981985, 2356188.440622471738607 ], [ 1475786.406462700804695, 2356211.231543751899153 ], [ 1475765.806486906018108, 2356221.229280346538872 ], [ 1475287.784881577827036, 2356131.237319096457213 ], [ 1475203.513822235632688, 2356113.91143146622926 ], [ 1475102.320662079378963, 2356097.828251252882183 ], [ 1474780.646552133373916, 2356035.051982805598527 ], [ 1474728.971875842195004, 2356018.535133936908096 ], [ 1474663.465484641958028, 2355986.618237486574799 ], [ 1474621.90418498381041, 2355941.535426220856607 ], [ 1474591.687366211786866, 2355900.488760045263916 ], [ 1474569.675157553516328, 2355845.345125937368721 ], [ 1474550.876925742020831, 2355789.26991424523294 ], [ 1474529.260797107592225, 2355727.41964922612533 ], [ 1474159.498292786069214, 2354553.582345168106258 ], [ 1473974.625801687128842, 2353939.196174996439368 ], [ 1473875.757723719347268, 2353615.923355275765061 ], [ 1473779.168035987764597, 2353325.316220306791365 ], [ 1473616.405501634813845, 2353388.620840679854155 ], [ 1473583.469548637978733, 2353411.354303556028754 ], [ 1473556.572585726622492, 2353420.984047579113394 ], [ 1473499.438130267895758, 2353425.464835515245795 ], [ 1473277.577723843278363, 2353490.893432221375406 ], [ 1473266.231176877394319, 2353486.859158056788146 ], [ 1473211.376282097771764, 2353327.712830911856145 ], [ 1473196.749279959825799, 2353325.728507502935827 ], [ 1473126.823506344342604, 2353332.821218284778297 ], [ 1473149.946734141791239, 2353440.742418961133808 ], [ 1473250.571025053970516, 2353430.974024780094624 ], [ 1473269.907095685135573, 2353478.102686712518334 ], [ 1473277.973323677200824, 2353484.186792168300599 ], [ 1473484.811137395445257, 2353423.480212786234915 ], [ 1473554.869290826143697, 2353414.153526654932648 ], [ 1473572.056965480325744, 2353408.437594681978226 ], [ 1473596.069273764733225, 2353394.15097081894055 ], [ 1473609.322805831208825, 2353383.716246910393238 ], [ 1473773.398676379118115, 2353316.002343674190342 ], [ 1473443.117301286198199, 2352219.716611276380718 ], [ 1473437.347112744115293, 2352210.403085445985198 ], [ 1473320.317574460525066, 2352212.476639745756984 ], [ 1473313.690677224192768, 2352217.69425950711593 ], [ 1473303.260889312718064, 2352215.957730402238667 ], [ 1473298.40842125331983, 2352208.941708091180772 ], [ 1473302.150187545688823, 2352199.067359599750489 ], [ 1473308.579396112821996, 2352197.203058512881398 ], [ 1473318.877404369879514, 2352201.175136693287641 ], [ 1473434.725633741356432, 2352201.275213296990842 ], [ 1473437.559500569012016, 2352153.210768156219274 ], [ 1473367.101848396938294, 2351919.116306153126061 ], [ 1473281.234916312620044, 2351642.613678986672312 ], [ 1473252.851582951145247, 2351552.330074840690941 ], [ 1473208.855231131194159, 2351458.883342217188329 ], [ 1473023.474216691218317, 2351119.317636280786246 ], [ 1472845.427175387041643, 2350798.135794587898999 ], [ 1472848.648916336940601, 2350761.3113485830836 ], [ 1472701.6151487310417, 2350485.7043576403521 ], [ 1472657.864486386766657, 2350441.628359585534781 ], [ 1472544.401250883005559, 2350239.785923914052546 ], [ 1472519.148910569492728, 2350203.529241455253214 ], [ 1472517.775948813417926, 2350173.164446569047868 ], [ 1472539.430170024745166, 2350145.276429942343384 ], [ 1472577.416080800583586, 2350144.147069140337408 ], [ 1472599.917045256122947, 2350155.566013682167977 ], [ 1472606.801430216757581, 2350181.76872970117256 ], [ 1472619.260182392783463, 2350220.637508341111243 ], [ 1472711.861231067217886, 2350419.009372230153531 ], [ 1472719.926414097193629, 2350443.038520861417055 ], [ 1472722.677425601053983, 2350467.876474656164646 ], [ 1473253.988675151020288, 2351461.54295777156949 ], [ 1473391.261112067615613, 2351848.754158469382674 ], [ 1473860.286166587844491, 2353396.282464877236634 ], [ 1473921.697521128226072, 2353355.039712666533887 ], [ 1473968.607855179114267, 2353327.523030749056488 ], [ 1474047.27396526443772, 2353279.447118541691452 ], [ 1474146.871344577055424, 2353215.78162277629599 ], [ 1474314.246356102870777, 2353110.12832917785272 ], [ 1474464.171136361546814, 2353014.662361843511462 ], [ 1474518.892569140996784, 2352979.755660646595061 ], [ 1474552.227186404634267, 2352950.316382372751832 ], [ 1474650.924723504576832, 2352848.461053994018584 ], [ 1474730.592524920124561, 2352765.672690452076495 ], [ 1474844.058875414542854, 2352645.620597593486309 ], [ 1475047.898197727743536, 2352422.099989178590477 ], [ 1475135.775290040299296, 2352325.214301156811416 ], [ 1475153.361310250125825, 2352312.792433134280145 ], [ 1475292.385929990792647, 2352277.257526595611125 ], [ 1475401.949214094784111, 2352259.052218249533325 ], [ 1475516.959306458942592, 2352237.804142577573657 ], [ 1475625.591727687511593, 2352253.196952214930207 ], [ 1475774.961500111967325, 2352274.363345474936068 ], [ 1475900.256109456531703, 2352292.98636965919286 ], [ 1475922.298314890824258, 2352294.289296717848629 ], [ 1476124.884954674867913, 2352288.317758470773697 ], [ 1476361.590202888008207, 2352275.392148546874523 ], [ 1476776.349533267784864, 2352261.784948975779116 ], [ 1477078.204955713357776, 2352251.601501639932394 ], [ 1477641.838095246814191, 2352232.242208807729185 ], [ 1477836.156217290088534, 2351369.869067252147943 ], [ 1477911.275528485188261, 2350990.661382501479238 ], [ 1477950.263764871750027, 2350830.308529102709144 ], [ 1477969.97162483795546, 2350782.115942528471351 ], [ 1477978.056860125157982, 2350752.305954981129616 ], [ 1477995.466716472990811, 2350707.342707429081202 ], [ 1478012.298901753732935, 2350636.543858440592885 ], [ 1478006.72801220882684, 2350623.874325808137655 ], [ 1477998.991365884430707, 2350612.19840996619314 ], [ 1477999.719189677387476, 2350599.901700036134571 ], [ 1478002.348094777204096, 2350591.082908513024449 ], [ 1478010.292122188722715, 2350581.456910347566009 ], [ 1478013.516521396581084, 2350562.577169652562588 ], [ 1478007.813249713275582, 2350552.14341278327629 ], [ 1477993.314638825831935, 2350547.919886617921293 ], [ 1477913.208376328460872, 2350530.839113751426339 ], [ 1477819.78558868682012, 2350507.361809036694467 ], [ 1477836.493009095080197, 2350420.850584319327027 ], [ 1477882.985479658469558, 2350204.851849201135337 ], [ 1477892.516968943644315, 2350168.396618467755616 ], [ 1477896.667085404507816, 2350133.866553395520896 ], [ 1477894.774365680990741, 2350112.440470505971462 ], [ 1477940.678193656494841, 2350031.021933685988188 ], [ 1477986.385307133197784, 2349810.488936830312014 ], [ 1477997.512549743521959, 2349729.256153261289001 ], [ 1478017.89857125421986, 2349491.51961671654135 ], [ 1478030.388956577284262, 2349298.187774458900094 ], [ 1478042.994551407638937, 2349138.516599432099611 ], [ 1478012.738443887792528, 2348705.957923776935786 ], [ 1477992.781411879230291, 2348419.842398284003139 ], [ 1477959.935877466341481, 2348030.88256822898984 ], [ 1477952.512759765610099, 2347889.098255810793489 ], [ 1477943.767408340238035, 2347769.671680925413966 ], [ 1478198.536612734664232, 2347737.616827280726284 ], [ 1478148.027040732791647, 2347362.194964239839464 ] ] } },
{ "type": "Feature", "properties": { "route_name": "169_77 SAMBULÁ", "route_name_short": "77 SAMBULÁ", "route_type": 3, "agency_id": "Red_de_Transporte_Merida", "route_id": "169_77 SAMBULÁ", "shape_id": "Shape_169_77 SAMBULÁ" }, "geometry": { "type": "LineString", "coordinates": [ [ 1477830.759552124887705, 2346918.289128525182605 ], [ 1477766.149255140684545, 2346460.151340925134718 ], [ 1477711.333599956240505, 2346121.50260794442147 ], [ 1477444.659590557683259, 2346176.429738026112318 ], [ 1477304.000868171919137, 2346220.849726470652968 ], [ 1477164.987189685925841, 2346255.271767728030682 ], [ 1477028.343942742794752, 2346267.399426209274679 ], [ 1476888.881069746334106, 2346273.752947972621769 ], [ 1476862.762018635869026, 2346269.968366667628288 ], [ 1476812.096398407593369, 2346271.466108419001102 ], [ 1476723.497699728701264, 2346272.96965861832723 ], [ 1476412.86710171867162, 2346323.073537707794458 ], [ 1476249.779511237051338, 2346337.012484869919717 ], [ 1476063.003927777986974, 2346341.704196081031114 ], [ 1476050.03472378058359, 2346239.984235417097807 ], [ 1476034.104054718045518, 2346170.619844226166606 ], [ 1476024.069372300058603, 2346144.228635374456644 ], [ 1475991.675692198332399, 2346032.39019505539909 ], [ 1475943.077620944706723, 2345891.553957882802933 ], [ 1475910.999574024230242, 2345827.96879757521674 ], [ 1475864.228336198721081, 2345727.622969325631857 ], [ 1475800.787171867676079, 2345624.051911250688136 ], [ 1475720.15257194172591, 2345508.251416676212102 ], [ 1475624.978361242683604, 2345567.703991379588842 ], [ 1475520.091167987557128, 2345631.071488137356937 ], [ 1475529.596952320542186, 2345684.351710001938045 ], [ 1475307.113624593708664, 2345704.898700988851488 ], [ 1475147.439581064507365, 2345714.564611699897796 ], [ 1475203.381551709026098, 2345927.616471299901605 ], [ 1475093.060730514582247, 2345940.18853101786226 ], [ 1475078.166217079851776, 2345924.729406710714102 ], [ 1475028.849077261984348, 2345724.407360511366278 ], [ 1474831.702004005433992, 2345744.208324728533626 ], [ 1474825.138675809372216, 2345748.308717149775475 ], [ 1474820.280586633365601, 2345759.239611596800387 ], [ 1474813.911875274963677, 2345777.933388095814735 ], [ 1474784.031143045518547, 2345909.655096158385277 ], [ 1474760.982554359827191, 2345996.911459855735302 ], [ 1475172.124600487761199, 2346028.971926514990628 ], [ 1475157.931139030028135, 2346126.845461898017675 ], [ 1474904.946496980497614, 2346110.825962969101965 ], [ 1474741.673329666722566, 2346092.239698453340679 ], [ 1474648.42113956483081, 2346083.385140020865947 ], [ 1474562.782210172154009, 2346070.492518360260874 ], [ 1474481.34331400715746, 2346057.847569185309112 ], [ 1474341.762792942114174, 2346030.56488054106012 ], [ 1474412.480023410636932, 2345741.96925810072571 ], [ 1474259.378195624798536, 2345711.649586282670498 ], [ 1474228.38440089370124, 2345862.373175920452923 ], [ 1473860.039052970241755, 2345783.501784124411643 ], [ 1473857.146616358309984, 2345832.684612201992422 ], [ 1473836.736640041694045, 2345839.335903157945722 ], [ 1473846.660818673670292, 2345688.495840018149465 ], [ 1473800.787824725732207, 2345698.136511636897922 ], [ 1473745.136340510565788, 2345712.810568216722459 ], [ 1473711.076422070618719, 2345718.659431835170835 ], [ 1473646.435325370635837, 2345724.953606677707285 ], [ 1473533.363432683516294, 2345730.644057193771005 ], [ 1473466.622785502113402, 2345736.815423772204667 ], [ 1473433.088916179724038, 2345733.722538005094975 ], [ 1473394.370839649811387, 2345729.203350617084652 ], [ 1473390.366739896126091, 2345743.549348513130099 ], [ 1473337.013430434977636, 2345754.994651462417096 ], [ 1473273.094765722984448, 2345766.940754962619394 ], [ 1473168.88195230346173, 2345801.19499714160338 ], [ 1473034.219731926452368, 2345851.606511129532009 ], [ 1472992.948696774663404, 2345729.166877622250468 ], [ 1473118.81746866600588, 2345684.967746241949499 ], [ 1473158.513577237725258, 2345798.342392518185079 ], [ 1473261.87346042227, 2345760.673042805399746 ], [ 1473383.213955950923264, 2345739.763979135081172 ], [ 1473386.168062261771411, 2345725.356263966299593 ], [ 1473398.046424239873886, 2345720.446256794501096 ], [ 1473458.617136049084365, 2345729.614946240093559 ], [ 1473486.113943258300424, 2345727.866402504965663 ], [ 1473536.973390436731279, 2345723.004749147687107 ], [ 1473655.426751341670752, 2345715.387400386389345 ], [ 1473737.983549870550632, 2345709.02502125967294 ], [ 1473754.127849378623068, 2345703.24438968161121 ], [ 1473849.155214789556339, 2345681.912584048695862 ], [ 1473857.701858210144565, 2345518.653271173126996 ], [ 1473875.617775229271501, 2345518.58511343318969 ], [ 1473868.977225736249238, 2345649.428523172158748 ], [ 1474077.203029465395957, 2345691.959728504996747 ], [ 1474086.784575993660837, 2345690.279986586421728 ], [ 1474092.560598783195019, 2345681.646419713739306 ], [ 1474094.268096167361364, 2345670.530211598146707 ], [ 1474421.208974226377904, 2345736.874507760163397 ], [ 1474348.457397768739611, 2346024.228784909471869 ], [ 1474474.519662010949105, 2346048.472555674612522 ], [ 1474566.458534861449152, 2346061.735463434830308 ], [ 1474648.815934244310483, 2346076.678283953107893 ], [ 1474760.836496111471206, 2346088.88110520504415 ], [ 1474906.391400824068114, 2346104.180896275676787 ], [ 1475148.941938765347004, 2346118.464150871150196 ], [ 1475161.031997333280742, 2346038.413925015833229 ], [ 1474749.169309573248029, 2346000.702774910256267 ], [ 1474772.612648754380643, 2345906.739547794219106 ], [ 1474795.071775222430006, 2345811.59663266595453 ], [ 1474811.159411785192788, 2345753.094256557989866 ], [ 1474830.391573035391048, 2345730.67093944363296 ], [ 1474914.985639030346647, 2345725.555626622401178 ], [ 1475035.807382891885936, 2345713.600113636348397 ], [ 1475087.748005913570523, 2345923.050247916951776 ], [ 1475097.787391397170722, 2345931.49330290639773 ], [ 1475193.210524223744869, 2345921.408976638223976 ], [ 1475135.168318143580109, 2345708.233553814701736 ], [ 1475403.065341802779585, 2345685.872383516747504 ], [ 1475518.507409705314785, 2345675.846518385689706 ], [ 1475510.772447793744504, 2345628.279167252127081 ], [ 1475619.007294516544789, 2345561.743692978285253 ], [ 1475715.165695999283344, 2345503.470774602610618 ], [ 1475554.079913743771613, 2345322.360319000203162 ], [ 1475571.542692667338997, 2345294.224416073877364 ], [ 1475622.334249844076112, 2345326.380460168235004 ], [ 1476159.502917319070548, 2345687.817137178499252 ], [ 1476127.918662497540936, 2345758.867733223829418 ], [ 1476096.190156623721123, 2345885.996091370470822 ], [ 1476051.655058139236644, 2346051.629820089321584 ], [ 1476154.755991420708597, 2346054.342449246905744 ], [ 1476242.633885406190529, 2346047.184323115739971 ], [ 1476399.753434512298554, 2346027.283426979091018 ], [ 1476524.19071081886068, 2346007.699837253894657 ], [ 1476567.50634713517502, 2346005.767421059310436 ], [ 1476636.875481467926875, 2346008.736967245582491 ], [ 1476699.289983280003071, 2346004.566114977933466 ], [ 1476763.084375065984204, 2345994.868134413845837 ], [ 1476829.699394594412297, 2345990.945494538638741 ], [ 1476964.441620759665966, 2345975.337886506225914 ], [ 1476987.237083005718887, 2346124.754381103441119 ], [ 1477045.760537811554968, 2346400.794523714575917 ], [ 1477337.484680780209601, 2346385.48222232889384 ], [ 1477385.823584410361946, 2346673.264930935576558 ], [ 1477392.273208546452224, 2346813.866839890833944 ], [ 1477412.972537594148889, 2346927.266082603018731 ], [ 1477821.243321795715019, 2346918.848726334050298 ] ] } },
{ "type": "Feature", "properties": { "route_name": "145_Tapetes", "route_name_short": "Tapetes", "route_type": 3, "agency_id": "Red_de_Transporte_Merida", "route_id": "145_Tapetes", "shape_id": "Shape_145_Tapetes" }, "geometry": { "type": "LineString", "coordinates": [ [ 1478147.168050974374637, 2347376.727511742152274 ], [ 1478147.505645883502439, 2347353.189794859848917 ], [ 1478022.086088006850332, 2347371.57820396637544 ], [ 1478033.784339905716479, 2347494.54475541273132 ], [ 1478089.690167221706361, 2347992.559962702449411 ], [ 1478191.813457076437771, 2349009.338560479693115 ], [ 1478246.536287412978709, 2349580.207987064961344 ], [ 1478259.448234072886407, 2349611.260762668214738 ], [ 1478229.646703940816224, 2349634.176907564979047 ], [ 1478200.901186559582129, 2349781.675638339016587 ], [ 1478099.692883091745898, 2350245.720993700902909 ], [ 1478032.033527504885569, 2350534.506372231524438 ], [ 1478032.743625513045117, 2350558.106198193039745 ], [ 1478035.685623049270362, 2350579.594532514922321 ], [ 1478040.008231361862272, 2350595.555590393953025 ], [ 1478037.899745715316385, 2350613.379590448457748 ], [ 1478035.204648102167994, 2350623.316266194917262 ], [ 1478027.459113653982058, 2350629.588600646238774 ], [ 1478009.899000207427889, 2350712.68417445756495 ], [ 1477987.826789675746113, 2350765.224042243789881 ], [ 1477917.471886735409498, 2351063.945021266117692 ], [ 1477853.481437611393631, 2351361.920352960471064 ], [ 1477752.2041344656609, 2351827.078590867575258 ], [ 1477592.53227525530383, 2352549.033437385689467 ], [ 1477447.138271684059873, 2353189.939825656358153 ], [ 1477302.253020953852683, 2353857.796447868924588 ], [ 1477437.371901638805866, 2353888.236828928813338 ], [ 1477457.247410238953307, 2353890.536169065162539 ], [ 1477477.321618671528995, 2353889.481929136440158 ], [ 1477497.518143890425563, 2353904.140065352898091 ], [ 1477494.868787963641807, 2353948.854826161172241 ], [ 1477461.206407806370407, 2353965.930812792852521 ], [ 1477440.923454396426678, 2353988.286706367973238 ], [ 1477335.184200744144619, 2354208.623516826890409 ], [ 1477240.389939076732844, 2354333.134629633743316 ], [ 1477223.755590979009867, 2354400.578083128202707 ], [ 1477171.845001915935427, 2354441.252231095917523 ], [ 1477141.791445731185377, 2354575.20762596745044 ], [ 1477147.293762509012595, 2354588.995037315879017 ], [ 1477147.28358133812435, 2354606.942988540045917 ], [ 1477132.514015633845702, 2354625.138258880469948 ], [ 1477126.52774470159784, 2354655.071758855134249 ], [ 1477112.710894418880343, 2354728.290876640938222 ], [ 1477122.202181332744658, 2354763.62854624260217 ], [ 1477055.985841889632866, 2355045.759903458412737 ], [ 1477003.952738021267578, 2355301.808409496210515 ], [ 1476945.699320225045085, 2355538.417603245470673 ], [ 1477434.920018865726888, 2355813.090516215655953 ], [ 1477580.294477270450443, 2355883.410755520686507 ], [ 1477565.177314023952931, 2356138.284971306566149 ], [ 1477753.090860222000629, 2356148.310398659668863 ], [ 1477743.474163768347353, 2356310.402015880215913 ], [ 1477754.553479289868847, 2356318.912022770848125 ], [ 1477988.591753543820232, 2356208.278047189582139 ], [ 1478230.565313724335283, 2356105.96961139049381 ], [ 1478450.305450715357438, 2356005.708842888940126 ], [ 1478819.269815505016595, 2355822.319675128441304 ], [ 1478837.389096280559897, 2355800.958828451111913 ], [ 1478864.621811192948371, 2355785.748367199208587 ], [ 1478901.831007823348045, 2355762.155639826320112 ], [ 1478942.839935431955382, 2355745.519658993929625 ], [ 1479121.436926920665428, 2355682.084912086371332 ], [ 1479368.20031929621473, 2355605.87310351151973 ], [ 1479534.593348642112687, 2355552.9348553144373 ], [ 1479771.651554987998679, 2355480.637954911217093 ], [ 1479790.064384089317173, 2355507.535202106460929 ], [ 1479790.037360892165452, 2355543.433400057721883 ], [ 1479348.459863831754774, 2355689.961395083926618 ], [ 1479079.459320445312187, 2355768.217633969616145 ], [ 1478941.805837437976152, 2355816.134385897777975 ], [ 1478820.613232404459268, 2355870.638566264882684 ], [ 1478713.064783784560859, 2355925.953402124810964 ], [ 1478594.636922592297196, 2355969.404316601809114 ], [ 1478564.72107650176622, 2355976.602835272904485 ], [ 1478250.94478918868117, 2356135.224810873623937 ], [ 1478147.001734882360324, 2356200.85196518432349 ], [ 1478075.019000546773896, 2356242.574359639082104 ], [ 1478015.243810231797397, 2356273.803198350127786 ], [ 1477758.173279416747391, 2356399.897019703872502 ], [ 1477749.777984907152131, 2356399.398894861806184 ], [ 1477741.515345376450568, 2356396.665028525516391 ], [ 1477730.303447421640158, 2356390.390757170505822 ], [ 1477724.47125362418592, 2356382.192067314870656 ], [ 1477718.904350692406297, 2356369.521892020478845 ], [ 1477718.650827170116827, 2356356.0451600831002 ], [ 1477727.323206697590649, 2356334.123544425237924 ], [ 1477733.046315571758896, 2356308.661519659217447 ], [ 1477742.066028018947691, 2356156.630794994533062 ], [ 1477557.101977173704654, 2356150.145802871789783 ], [ 1477568.938180472236127, 2355897.320646164473146 ], [ 1477589.136536667589098, 2355485.69564097514376 ], [ 1477475.131499315379187, 2355490.153659590985626 ], [ 1477350.831096693407744, 2355490.63666352070868 ], [ 1477529.861121810507029, 2354691.313280826900154 ], [ 1477148.266861738404259, 2354608.123030768707395 ], [ 1477127.266465674620122, 2354624.82735439017415 ], [ 1477110.672996803419665, 2354620.478892296552658 ], [ 1477100.906409439630806, 2354607.560645254328847 ], [ 1477101.966053141281009, 2354589.674892090260983 ], [ 1477110.041140822228044, 2354577.813683835789561 ], [ 1477117.917553563835099, 2354569.306054919492453 ], [ 1477222.800987883005291, 2354114.466105917468667 ], [ 1477211.00108883716166, 2354100.305674044881016 ], [ 1477207.92863424308598, 2354081.053323443979025 ], [ 1477216.202533485833555, 2354065.83845526073128 ], [ 1477227.095333540579304, 2354059.753005631268024 ], [ 1477568.115942304721102, 2352570.023402788676322 ], [ 1477905.744049271102995, 2351030.718656566925347 ], [ 1477940.79792938916944, 2350865.645764925982803 ], [ 1477971.815431771334261, 2350768.763496937695891 ], [ 1477997.830957275815308, 2350702.99545262940228 ], [ 1478011.381448944797739, 2350634.24595546675846 ], [ 1478002.528858297504485, 2350623.625780823174864 ], [ 1478000.041154971346259, 2350612.260545595083386 ], [ 1478001.099807735066861, 2350594.37442158581689 ], [ 1478011.606576721416786, 2350577.047513863537461 ], [ 1478012.012422468047589, 2350552.391951919533312 ], [ 1477815.255672079278156, 2350512.702716618776321 ], [ 1477878.248547005467117, 2350231.494621425401419 ], [ 1477888.441493999678642, 2350183.86059281276539 ], [ 1477897.386180451605469, 2350139.518073982093483 ], [ 1477892.154055556748062, 2350103.311077002901584 ], [ 1477938.71083188476041, 2350028.661935937125236 ], [ 1477988.162690658122301, 2349798.254338528960943 ], [ 1478043.391292118001729, 2349131.809291197918355 ], [ 1478008.569976267870516, 2348633.916630914434791 ], [ 1477989.514681026805192, 2348385.995480863377452 ], [ 1477966.587578835897148, 2348132.236925618257374 ], [ 1477958.562888968968764, 2348018.461713638622314 ], [ 1477954.15013014501892, 2347897.047568559180945 ], [ 1477941.799618034623563, 2347767.311793536879122 ], [ 1477906.266294046770781, 2347512.809437410440296 ], [ 1478163.85835289536044, 2347486.528128160629421 ], [ 1478152.476895809639245, 2347393.868220138829201 ] ] } },
{ "type": "Feature", "properties": { "route_name": "148_Francisco de Montejo R-2 Dzityá", "route_name_short": "Francisco de Montejo R-2 Dzityá", "route_type": 3, "agency_id": "Red_de_Transporte_Merida", "route_id": "148_Francisco de Montejo R-2 Dzityá", "shape_id": "Shape_148_Francisco de Montejo R-2 Dzityá" }, "geometry": { "type": "LineString", "coordinates": [ [ 1478146.000321238767356, 2347343.004674830473959 ], [ 1478133.053943759761751, 2347223.329377894289792 ], [ 1478264.709022006951272, 2347206.431595439556986 ], [ 1478271.611558183562011, 2347339.211705493275076 ], [ 1478153.475274000316858, 2347359.15161618636921 ], [ 1478022.871813821140677, 2347376.111801127437502 ], [ 1478156.915084168780595, 2348690.92695099581033 ], [ 1478236.419485710794106, 2349466.307221743743867 ], [ 1478246.470136419637129, 2349581.325876114424318 ], [ 1478259.712845085654408, 2349606.789205352310091 ], [ 1478227.480837599607185, 2349635.170544828288257 ], [ 1478168.542910090181977, 2349936.813054203055799 ], [ 1478097.915290368720889, 2350257.95559830032289 ], [ 1478037.481000613886863, 2350531.46340094646439 ], [ 1478035.667828743346035, 2350615.491081445943564 ], [ 1478026.532752631697804, 2350645.238967278972268 ], [ 1477985.065532489446923, 2350776.278587837237865 ], [ 1477804.298910517711192, 2351569.906348075252026 ], [ 1477694.340364969801158, 2352074.934490208514035 ], [ 1477592.664671216160059, 2352546.797693102620542 ], [ 1477301.269675923977047, 2353856.616410630755126 ], [ 1477417.761307246750221, 2353881.466045530512929 ], [ 1477440.454367738682777, 2353889.541243258398026 ], [ 1477466.825960707385093, 2353888.860085832420737 ], [ 1477489.330470249056816, 2353882.340882527176291 ], [ 1477494.170748187229037, 2353907.307113617658615 ], [ 1477482.681607512291521, 2353923.453285988885909 ], [ 1477457.802952689817175, 2353952.26765371253714 ], [ 1477444.469523487612605, 2353981.766054376028478 ], [ 1477410.511932619381696, 2354057.157731396146119 ], [ 1477354.030075997114182, 2354174.964630172587931 ], [ 1477247.4818797246553, 2354320.093357848469168 ], [ 1477223.556900968309492, 2354403.931670596357435 ], [ 1477172.1761399297975, 2354435.662924655713141 ], [ 1477147.171473623719066, 2354573.282807616051286 ], [ 1477151.55804447690025, 2354588.125901583116502 ], [ 1477156.143295891350135, 2354599.615417548455298 ], [ 1477144.85340302111581, 2354612.407928349915892 ], [ 1477121.101866116048768, 2354622.218551268335432 ], [ 1477099.072299780324101, 2354602.964850144926459 ], [ 1476690.142672354355454, 2354607.908934716600925 ], [ 1476273.937624218408018, 2354611.310184445697814 ], [ 1476268.974656623089686, 2354695.148231824859977 ], [ 1476110.559883628971875, 2354702.597445625811815 ], [ 1476104.981730333063751, 2354316.38448170106858 ], [ 1475819.649728806689382, 2354297.258156187366694 ], [ 1475748.945172140840441, 2354281.857999771367759 ], [ 1475568.498083682497963, 2354270.06279815454036 ], [ 1475540.946814426919445, 2354272.920251034665853 ], [ 1475176.909039588179439, 2354391.609439196996391 ], [ 1475163.588344877352938, 2354403.160818624310195 ], [ 1475152.895330692641437, 2354405.893776134122163 ], [ 1475139.384342226665467, 2354402.851520340424031 ], [ 1475091.753623487893492, 2354424.713398207444698 ], [ 1475483.827492218464613, 2355612.258366886060685 ], [ 1475006.265400166623294, 2355763.480449504218996 ], [ 1474630.178106921724975, 2354572.41770858457312 ], [ 1474288.793659558752552, 2354682.363370223902166 ], [ 1474281.704587830230594, 2354695.404915262944996 ], [ 1474270.608722591307014, 2354722.791796050500125 ], [ 1474248.167260582093149, 2354746.143291751854122 ], [ 1474219.179449201095849, 2354737.700580956414342 ], [ 1474145.539358521113172, 2354522.47213120572269 ], [ 1474154.33798539172858, 2354498.314604805782437 ], [ 1474172.251505776308477, 2354480.303922501858324 ], [ 1474192.455068369861692, 2354477.01052452577278 ], [ 1474210.09756674664095, 2354481.417725042439997 ], [ 1474259.878891302272677, 2354654.856114834547043 ], [ 1474271.943828763440251, 2354664.542451627086848 ], [ 1474289.652161460369825, 2354667.832028284668922 ], [ 1474620.674468115670606, 2354555.030472784303129 ], [ 1474461.483459373703226, 2354058.805394856724888 ], [ 1474930.347510315477848, 2353912.643397112842649 ], [ 1475086.381982846651226, 2354408.691735273692757 ], [ 1475139.194010155741125, 2354388.257877361029387 ], [ 1475144.904001637361944, 2354380.743408320471644 ], [ 1475154.679726512636989, 2354375.712761042173952 ], [ 1475164.976223697187379, 2354379.68669077148661 ], [ 1475549.284939735196531, 2354256.587376998737454 ], [ 1475753.804421904264018, 2354270.928044182714075 ], [ 1475844.383385058958083, 2354288.62573229521513 ], [ 1476112.791320258751512, 2354308.994374486617744 ], [ 1476119.05571373924613, 2354505.671770562417805 ], [ 1476275.761148501653224, 2354509.338176604826003 ], [ 1476276.565977411810309, 2354602.491709695197642 ], [ 1476695.853574697393924, 2354600.394744611810893 ], [ 1477068.315469717141241, 2354588.803083189763129 ], [ 1477109.190310989506543, 2354574.397926144767553 ], [ 1477222.999650987563655, 2354111.112517920788378 ], [ 1477211.851974657736719, 2354103.721434249542654 ], [ 1477205.233569365926087, 2354090.989739733748138 ], [ 1477208.193510155426338, 2354076.581874041818082 ], [ 1477214.169656445737928, 2354064.596248168032616 ], [ 1477226.24444356514141, 2354056.337244424503297 ], [ 1477584.220222741598263, 2352511.522083681076765 ], [ 1477799.86281838780269, 2351520.284708758816123 ], [ 1477906.480934601277113, 2351000.473748150747269 ], [ 1477947.643795610405505, 2350821.179064409807324 ], [ 1477967.880992854014039, 2350764.043418731540442 ], [ 1477991.920356733724475, 2350713.863589360378683 ], [ 1478007.835080984514207, 2350640.766842336393893 ], [ 1477999.644158207811415, 2350618.967841949313879 ], [ 1477994.205579238943756, 2350604.062554677017033 ], [ 1477999.066392637323588, 2350593.132268441375345 ], [ 1478006.225287976674736, 2350578.972602935973555 ], [ 1478004.333047543186694, 2350557.546423516701907 ], [ 1477816.239312410354614, 2350513.882716578897089 ], [ 1477886.134916479699314, 2350205.038203228730708 ], [ 1477896.204074774403125, 2350141.691718192771077 ], [ 1477896.022614678367972, 2350109.148944799322635 ], [ 1477939.429936651606113, 2350034.313461715355515 ], [ 1477990.923773976741359, 2349787.199736814945936 ], [ 1478045.821679284330457, 2349126.344069802202284 ], [ 1478024.547150618862361, 2348862.585668746847659 ], [ 1477966.323229197412729, 2348136.708460106514394 ], [ 1477939.244375578593463, 2347757.064663833938539 ], [ 1477875.847819278249517, 2347260.853622143622488 ], [ 1478006.58355834055692, 2347241.65622532274574 ], [ 1478021.498563486151397, 2347363.690950858872384 ], [ 1478142.387789609376341, 2347350.643704389687628 ] ] } },
{ "type": "Feature", "properties": { "route_name": "190_Dzityá, Xcanatún, Las Américas", "route_name_short": "Dzityá, Xcanatún, Las Américas", "route_type": 3, "agency_id": "Red_de_Transporte_Merida", "route_id": "190_Dzityá, Xcanatún, Las Américas", "shape_id": "Shape_190_Dzityá, Xcanatún, Las Américas" }, "geometry": { "type": "LineString", "coordinates": [ [ 1478172.684216525871307, 2347568.940892034675926 ], [ 1478163.85835289536044, 2347486.528128160629421 ], [ 1478289.997320356313139, 2347473.792590435128659 ], [ 1478307.53053066576831, 2347604.95787385944277 ], [ 1478052.038899641716853, 2347631.360470997169614 ], [ 1478079.499698772327974, 2347879.778138851746917 ], [ 1478103.741847141645849, 2348129.127876033075154 ], [ 1478131.446163191460073, 2348408.971382712945342 ], [ 1478157.502176587935537, 2348698.814261643216014 ], [ 1478206.9669428630732, 2349162.799899483565241 ], [ 1478222.111042049247772, 2349334.20971889141947 ], [ 1478238.386928698513657, 2349468.667243626900017 ], [ 1478256.497112631099299, 2349607.720714037306607 ], [ 1478228.729149223770946, 2349631.879004658199847 ], [ 1478167.228446873370558, 2349941.222472808789462 ], [ 1478100.156012951396406, 2350237.895796878729016 ], [ 1478096.005371542647481, 2350272.425972473341972 ], [ 1478030.983732633758336, 2350534.444236512761563 ], [ 1478039.487784564495087, 2350586.550383497960865 ], [ 1478039.611221389845014, 2350602.262892288155854 ], [ 1478039.999325720127672, 2350613.503866817336529 ], [ 1478036.254437387920916, 2350623.378404422197491 ], [ 1478028.575070837279782, 2350628.532855164725333 ], [ 1478023.639150721952319, 2350658.529290080070496 ], [ 1477997.48225657385774, 2350744.481385592836887 ], [ 1477964.025247918674722, 2350864.777059602551162 ], [ 1477773.972671386320144, 2351726.284072259906679 ], [ 1477301.269675923977047, 2353856.616410630755126 ], [ 1477392.637980934698135, 2353878.855862994212657 ], [ 1477441.570161749375984, 2353888.485557805746794 ], [ 1477464.528137471526861, 2353892.089322973042727 ], [ 1477478.371184592368081, 2353889.544113845564425 ], [ 1477499.484807936940342, 2353906.500176390167326 ], [ 1477492.306021739495918, 2353956.555534145794809 ], [ 1477465.669582248432562, 2353961.70808241982013 ], [ 1477449.916016792878509, 2353978.723375908564776 ], [ 1477421.679956229636446, 2354028.652847858611494 ], [ 1477383.845272168517113, 2354116.154471863992512 ], [ 1477343.193314287345856, 2354197.880150254350156 ], [ 1477246.49857623456046, 2354318.913314048200846 ], [ 1477226.771710907109082, 2354403.000352382194251 ], [ 1477173.877819786313921, 2354442.494450496509671 ], [ 1477147.171473623719066, 2354573.282807616051286 ], [ 1477151.75673680473119, 2354584.772319407202303 ], [ 1477151.812784504611045, 2354601.602411765605211 ], [ 1477148.068167965393513, 2354611.476612659636885 ], [ 1477139.009769503958523, 2354622.157765313051641 ], [ 1477127.332695956807584, 2354623.709494244772941 ], [ 1477112.573328767204657, 2354623.956830977462232 ], [ 1477102.541832688497379, 2354615.510019755456597 ], [ 1477097.824106133077294, 2354606.256250278558582 ], [ 1476690.142672354355454, 2354607.908934716600925 ], [ 1476267.839202438946813, 2354607.583910071756691 ], [ 1476271.232322218827903, 2354514.678887973539531 ], [ 1476261.985367599409074, 2354510.766261836513877 ], [ 1476108.296163336373866, 2354509.521991502959281 ], [ 1476104.650973954703659, 2354321.973667002283037 ], [ 1475784.363578910008073, 2354288.44020436052233 ], [ 1475547.442106205970049, 2354269.939199837855995 ], [ 1475161.687664086930454, 2354399.683273734990507 ], [ 1475283.973700681235641, 2354789.422782476991415 ], [ 1475446.406513378489763, 2355283.619118405040354 ], [ 1475465.031624627765268, 2355289.208027092274278 ], [ 1475468.634085109923035, 2355299.516788267996162 ], [ 1475468.691433903761208, 2355316.346208676230162 ], [ 1475458.585238625993952, 2355326.965603135991842 ], [ 1475549.230467102723196, 2355592.572306854184717 ], [ 1475718.443365841638297, 2356114.102653459180146 ], [ 1475737.057932461844757, 2356137.639643529430032 ], [ 1475785.518303498392925, 2356155.091580173466355 ], [ 1475795.217841551406309, 2356169.126860193908215 ], [ 1475801.372101474553347, 2356189.682721170596778 ], [ 1475788.505211610579863, 2356211.355813023634255 ], [ 1475774.2014738060534, 2356221.726350517012179 ], [ 1475692.868185361614451, 2356474.912140043452382 ], [ 1475578.087235338054597, 2356848.386770437471569 ], [ 1475431.24959774222225, 2357318.674942366313189 ], [ 1475429.59464659774676, 2357346.620435237884521 ], [ 1475433.384729231474921, 2357371.523172155488282 ], [ 1475443.801523795351386, 2357391.209667783696204 ], [ 1475265.829381770687178, 2357355.992408019024879 ], [ 1475094.219215417513624, 2357320.032236877828836 ], [ 1475074.802685182075948, 2357327.856617722194642 ], [ 1475036.470188043313101, 2357512.916009262669832 ], [ 1475014.04721911251545, 2357624.883057578466833 ], [ 1475004.952882323414087, 2357707.352507188916206 ], [ 1475013.185624089557678, 2357763.92635292885825 ], [ 1475034.085142543539405, 2357802.180839803535491 ], [ 1475088.352218246553093, 2357863.724091171287 ], [ 1475107.748609486967325, 2357891.794218618888408 ], [ 1475123.401419449131936, 2357929.738301238045096 ], [ 1475176.777047464624047, 2358059.655191835481673 ], [ 1475184.962335184914991, 2358081.452930690255016 ], [ 1475183.505832439754158, 2358106.044830174650997 ], [ 1475182.161599783459678, 2358164.295423208270222 ], [ 1475157.306682138703763, 2358281.7271488904953 ], [ 1475128.056199461221695, 2358402.263630373869091 ], [ 1475102.702010187786072, 2358474.796262367628515 ], [ 1475064.691205555340275, 2358547.700892592314631 ], [ 1475071.628205743152648, 2358572.789906631223857 ], [ 1475079.094869832042605, 2358588.936445287428796 ], [ 1475077.90303587121889, 2358609.05704103037715 ], [ 1475067.533233442809433, 2358624.147049082443118 ], [ 1475052.04986953525804, 2358636.690693145617843 ], [ 1475035.38490808615461, 2358651.407814538106322 ], [ 1475014.986660925671458, 2358658.051688250619918 ], [ 1474993.284553590696305, 2358651.157583237159997 ], [ 1474978.407286052126437, 2358635.693906257860363 ], [ 1474949.890403800643981, 2358619.422410821076483 ], [ 1474787.539527649525553, 2358587.373120435513556 ], [ 1474483.916002044919878, 2358594.074061200022697 ], [ 1474341.54794061370194, 2358597.985475647263229 ], [ 1474295.506774231791496, 2358610.964270120020956 ], [ 1474256.620864666067064, 2358609.784444425720721 ], [ 1474222.914741925895214, 2358610.032973682042211 ], [ 1474184.227359208511189, 2358605.499948101118207 ], [ 1474096.625445855315775, 2358591.342174132820219 ], [ 1474011.32036359095946, 2358573.955718371085823 ], [ 1473947.197245971765369, 2358554.45790618378669 ], [ 1473867.865447644609958, 2358525.087080491706729 ], [ 1473809.706646363483742, 2358511.551261587068439 ], [ 1473768.788755847606808, 2358509.130765228066593 ], [ 1473372.647723356727511, 2358513.744383559096605 ], [ 1473068.837002985877916, 2358523.8246253230609 ], [ 1473012.570974179310724, 2358531.71540503622964 ], [ 1472972.901269618887454, 2358526.005608811043203 ], [ 1472824.78018765617162, 2358502.669729115907103 ], [ 1472757.113700432237238, 2358489.697688085027039 ], [ 1472704.201396589633077, 2358476.476107801310718 ], [ 1472521.443828066345304, 2358486.989577760919929 ], [ 1472508.325797530356795, 2358495.187819989863783 ], [ 1472495.603985013440251, 2358496.679553530178964 ], [ 1472484.459586360957474, 2358489.291259110439569 ], [ 1472480.85729552898556, 2358478.983573083765805 ], [ 1472485.912298403214663, 2358464.700712847523391 ], [ 1472495.750817656284198, 2358458.552013786509633 ], [ 1472510.438886339776218, 2358459.419735155533999 ], [ 1472520.402091423748061, 2358468.981567729264498 ], [ 1472965.324489484541118, 2358458.257705505937338 ], [ 1473079.336608296725899, 2358506.498542140703648 ], [ 1473768.665268284967169, 2358493.419766023755074 ], [ 1473815.812143438961357, 2358497.330419938080013 ], [ 1473883.347485662903637, 2358512.542653948999941 ], [ 1474001.820660263299942, 2358556.568126617465168 ], [ 1474077.550920012407005, 2358575.631310780998319 ], [ 1474198.726695662597194, 2358591.775865479372442 ], [ 1474282.406021396629512, 2358583.267863483168185 ], [ 1474340.375843664165586, 2358582.21215496212244 ], [ 1474521.762589189223945, 2358577.245409489609301 ], [ 1474652.458063689060509, 2358574.887709547299892 ], [ 1474783.220235143788159, 2358571.4132125582546 ], [ 1474958.294077875558287, 2358601.97247171914205 ], [ 1474986.169148349203169, 2358593.527892854064703 ], [ 1475008.146296571707353, 2358578.003627404104918 ], [ 1475031.70236379513517, 2358553.599041168577969 ], [ 1475095.500095145776868, 2358454.178480514790863 ], [ 1475124.806519834790379, 2358350.471393916755915 ], [ 1475165.694831194821745, 2358175.659203454386443 ], [ 1475171.225931299850345, 2358135.604358912911266 ], [ 1475170.33919130731374, 2358079.46512339124456 ], [ 1475095.280169486999512, 2357906.760121927596629 ], [ 1475037.610568055184558, 2357831.554544290993363 ], [ 1475006.946606948040426, 2357780.382881378754973 ], [ 1474993.136693403124809, 2357729.087481729220599 ], [ 1474992.645705882459879, 2357666.241664453875273 ], [ 1475005.407547311158851, 2357592.963180509861559 ], [ 1475053.164739875355735, 2357319.845310764852911 ], [ 1475058.420631259679794, 2357302.208792467135936 ], [ 1475072.259870567824692, 2357299.662861431948841 ], [ 1475086.751364398514852, 2357303.885928645730019 ], [ 1475405.970773758599535, 2357372.14316661702469 ], [ 1475404.345434513408691, 2357346.246910030022264 ], [ 1475408.231322103878483, 2357316.190069101285189 ], [ 1475487.596010989742354, 2357060.646160810720176 ], [ 1475555.200592868495733, 2356843.666300159413368 ], [ 1475645.145323337055743, 2356551.730244303587824 ], [ 1475742.587910059373826, 2356222.098015228286386 ], [ 1475715.24760134704411, 2356203.653071729466319 ], [ 1475702.399931641295552, 2356189.431470280978829 ], [ 1475695.063831974053755, 2356171.049219674896449 ], [ 1475698.15528550837189, 2356154.406076657120138 ], [ 1475707.089241933077574, 2356128.013127943035215 ], [ 1475582.60633780201897, 2355740.373683479148895 ], [ 1475452.535671848338097, 2355358.016242077108473 ], [ 1475447.694184497464448, 2355333.051622040104121 ], [ 1475432.151262500323355, 2355328.766804957762361 ], [ 1475425.466666539665312, 2355317.153969688806683 ], [ 1475423.244292434304953, 2355301.318210784811527 ], [ 1475434.532158196205273, 2355288.525244487915188 ], [ 1475430.078653322532773, 2355274.800948590971529 ], [ 1475361.440194858238101, 2355064.341585254762322 ], [ 1475250.027573481202126, 2354722.355026737321168 ], [ 1475144.507474179379642, 2354387.45029935054481 ], [ 1475551.317815865157172, 2354257.829342150595039 ], [ 1475767.646279597887769, 2354268.381650264840573 ], [ 1475827.922056753654033, 2354282.043147455435246 ], [ 1475923.095891584642231, 2354293.282674930989742 ], [ 1476111.741815583780408, 2354308.932266808114946 ], [ 1476114.00672559440136, 2354502.007694703061134 ], [ 1476277.207656940910965, 2354502.693254703190178 ], [ 1476276.565977411810309, 2354602.491709695197642 ], [ 1476479.978373473510146, 2354599.951242089271545 ], [ 1476670.46697013033554, 2354602.256655219942331 ], [ 1476689.953769034240395, 2354593.314730057958513 ], [ 1476746.891667251475155, 2354592.199626079760492 ], [ 1476852.371710320468992, 2354589.472689867950976 ], [ 1476961.719035806367174, 2354592.584362328052521 ], [ 1477070.348265952663496, 2354590.04529427504167 ], [ 1477112.405076957307756, 2354573.466601509600878 ], [ 1477184.066511646145955, 2354288.291741614695638 ], [ 1477218.669028535019606, 2354113.099547847639769 ], [ 1477207.521353403106332, 2354105.70846728188917 ], [ 1477203.985365842003375, 2354094.281154222786427 ], [ 1477202.813337588217109, 2354078.506738753523678 ], [ 1477209.905245722969994, 2354065.465422301087528 ], [ 1477227.293992465827614, 2354056.399417230393738 ], [ 1477358.531500806566328, 2353512.254091492854059 ], [ 1477728.571883023716509, 2351852.602465740870684 ], [ 1477944.873621232574806, 2350850.181841808836907 ], [ 1477990.407393821515143, 2350721.626628824044019 ], [ 1478012.695906927343458, 2350629.836560424417257 ], [ 1477999.247160366270691, 2350625.675138222053647 ], [ 1477998.859033896122128, 2350614.434175379108638 ], [ 1477998.735565354581922, 2350598.721682028379291 ], [ 1478008.258705199928954, 2350580.214756457600743 ], [ 1478005.382840265054256, 2350557.608558111358434 ], [ 1477812.957639552652836, 2350515.93210970563814 ], [ 1477893.906008448917419, 2350144.921125885564834 ], [ 1477894.708222183864564, 2350113.558351169340312 ], [ 1477941.860306763555855, 2350028.848287356551737 ], [ 1477987.633568531600758, 2349807.197402505204082 ], [ 1478017.113240281585604, 2349486.985972692258656 ], [ 1478025.850652971304953, 2349321.477029632311314 ], [ 1478043.912188665941358, 2349140.814470198471099 ], [ 1478036.677456381730735, 2349031.572359583340585 ], [ 1477995.21176076028496, 2348414.377137940376997 ], [ 1477976.175372996367514, 2348273.027630039025098 ], [ 1477965.089906802168116, 2348104.103623188566417 ], [ 1477956.169335745275021, 2347934.185983866453171 ], [ 1477941.535320094320923, 2347771.783326734788716 ], [ 1478195.45276923943311, 2347736.312710619065911 ], [ 1478174.123350244481117, 2347580.243919725995511 ] ] } },
{ "type": "Feature", "properties": { "route_name": "Caucel R2_Caucel R2 (Herradura)", "route_name_short": "Caucel R2 (Herradura)", "route_type": 3, "agency_id": "Red_de_Transporte_Merida", "route_id": "Caucel R2_Caucel R2 (Herradura)", "shape_id": "Shape_Caucel R2_Caucel R2 (Herradura)" }, "geometry": { "type": "LineString", "coordinates": [ [ 1477675.984552074689418, 2346987.670733737293631 ], [ 1477700.267159343231469, 2347165.224454964511096 ], [ 1477437.814271697774529, 2347202.445219285320491 ], [ 1477458.076369990129024, 2347430.239984724204987 ], [ 1477194.32179459463805, 2347453.924251805990934 ], [ 1476948.023232109844685, 2347485.373335839714855 ], [ 1476930.10787160275504, 2347485.43738282378763 ], [ 1476902.808859624201432, 2347483.825705972034484 ], [ 1476858.056478651240468, 2347474.453189786989242 ], [ 1476825.44170323619619, 2347473.649589863605797 ], [ 1476809.82427657302469, 2347470.484160160180181 ], [ 1476764.280095397029072, 2347474.526206529699266 ], [ 1476686.24757177522406, 2347493.476978111080825 ], [ 1476638.075902855023742, 2347506.338212020229548 ], [ 1476595.418025223072618, 2347515.037982166279107 ], [ 1476616.767232490703464, 2347653.151208144146949 ], [ 1476662.312343546422198, 2347845.415198812726885 ], [ 1476229.791349259903654, 2348086.861343679018319 ], [ 1476174.069323236355558, 2348120.590346407145262 ], [ 1475775.491847753059119, 2348358.436224443372339 ], [ 1475134.572787241311744, 2348722.208640136756003 ], [ 1474549.859242132166401, 2349062.384646443184465 ], [ 1474408.444558460032567, 2349138.176519847474992 ], [ 1474106.588408262468874, 2349308.831114339176565 ], [ 1473633.344884065445513, 2349581.559301164001226 ], [ 1473299.618416630197316, 2349775.020017973147333 ], [ 1472649.77846414828673, 2350149.527584137395024 ], [ 1472617.821626865305007, 2350191.390392401721328 ], [ 1472611.389052100013942, 2350211.201177717652172 ], [ 1472588.685020099859685, 2350239.027336985804141 ], [ 1472562.114174579735845, 2350243.07166041014716 ], [ 1472533.970275855157524, 2350238.050399285275489 ], [ 1472505.431694583036005, 2350239.735739710275084 ], [ 1472474.399117400404066, 2350248.004124526400119 ], [ 1471156.410242835292593, 2351024.02365355938673 ], [ 1471137.581511712167412, 2351039.740528787020594 ], [ 1471137.776832018746063, 2351054.332678896840662 ], [ 1471129.641158145852387, 2351067.313444235827774 ], [ 1471113.305938966572285, 2351076.447378467768431 ], [ 1471101.760488452389836, 2351075.768613933119923 ], [ 1471090.675014183390886, 2351067.265780605375767 ], [ 1471078.408524375176057, 2351060.936705613508821 ], [ 1471074.080514596775174, 2351044.980039307847619 ], [ 1471078.017781008500606, 2351031.752448066603392 ], [ 1471083.72568487515673, 2351024.236887057777494 ], [ 1471031.913239449262619, 2350902.302883828990161 ], [ 1470922.971218497492373, 2350659.245598330628127 ], [ 1470837.047066518804058, 2350472.500393649097532 ], [ 1470816.582379791187122, 2350426.43481562146917 ], [ 1470783.523118881508708, 2350361.684123465791345 ], [ 1470761.220414979849011, 2350328.969682679045945 ], [ 1470727.568694339133799, 2350292.223868129309267 ], [ 1470687.750361546408385, 2350252.872795621864498 ], [ 1470653.704382090829313, 2350222.833551517687738 ], [ 1470604.700854003429413, 2350196.402156461030245 ], [ 1470536.869513982674107, 2350167.743602682370692 ], [ 1470466.479305174434558, 2350146.78611559746787 ], [ 1470420.558157662395388, 2350139.603109510149807 ], [ 1470354.759720993228257, 2350130.131476408801973 ], [ 1470305.689734672196209, 2350122.763921034056693 ], [ 1470244.286389898508787, 2350128.131110588088632 ], [ 1470209.714381121564656, 2350124.979754558764398 ], [ 1470161.169453889597207, 2350108.67101588472724 ], [ 1470119.643787776585668, 2350098.382299898192286 ], [ 1470115.838767780456692, 2350109.374484261032194 ], [ 1470103.702382640214637, 2350118.75602037133649 ], [ 1470094.058938816189766, 2350121.554574266076088 ], [ 1470080.217013532062992, 2350124.10666671814397 ], [ 1470068.802400366635993, 2350121.193486150819808 ], [ 1469957.606194494757801, 2350400.661962103098631 ], [ 1469821.286598726175725, 2350731.367610167246312 ], [ 1469792.488974886480719, 2350719.58315536333248 ], [ 1468788.194084578659385, 2350837.859132434707135 ], [ 1468003.350983987329528, 2350932.036893209908158 ], [ 1467965.044394175522029, 2350938.764050354715437 ], [ 1467679.589890462113544, 2351047.645258679054677 ], [ 1467526.579891531495377, 2350657.378957896493375 ], [ 1467663.142809144686908, 2350609.303305404726416 ], [ 1467940.148628331720829, 2350572.820515025407076 ], [ 1468714.247902770526707, 2350482.488588474690914 ], [ 1468689.373319995589554, 2350278.036308127455413 ], [ 1468674.35040591750294, 2350264.818967141676694 ], [ 1468667.396489763399586, 2350257.682234370149672 ], [ 1468663.72234301129356, 2350248.494751028250903 ], [ 1468664.246505674440414, 2350239.553383691236377 ], [ 1468667.000865751644596, 2350228.49973102658987 ], [ 1468678.217391135869548, 2350216.820634985342622 ], [ 1468687.0071637108922, 2350210.606839251238853 ], [ 1468707.080258339643478, 2350209.540563683025539 ], [ 1468719.282104221405461, 2350216.984967939089984 ], [ 1468723.087289609946311, 2350223.937128046527505 ], [ 1468729.910165180452168, 2350233.309232396539301 ], [ 1468730.173449348891154, 2350246.782834094949067 ], [ 1468724.139252232387662, 2350259.887237709015608 ], [ 1468713.710173791274428, 2350276.098525295499712 ], [ 1468810.900495601817966, 2351097.14003489445895 ], [ 1468819.952903157565743, 2351104.400114835239947 ], [ 1468834.384056664071977, 2351109.732659379020333 ], [ 1469262.658125673420727, 2351061.959512553177774 ], [ 1469646.858257050393149, 2351011.608623245265335 ], [ 1469668.374237625859678, 2351003.89930602395907 ], [ 1469674.015685684978962, 2350997.501206709537655 ], [ 1469680.575469266623259, 2350993.400106808170676 ], [ 1469694.350926239974797, 2350991.965686485636979 ], [ 1469704.912106117233634, 2350991.464128519874066 ], [ 1469744.20472857542336, 2351003.864761038683355 ], [ 1469753.322653798619285, 2351010.007789907511324 ], [ 1469763.162036603782326, 2351021.800921109504998 ], [ 1469770.902292497456074, 2351033.470825178083032 ], [ 1470565.014161622617394, 2351284.238496277015656 ], [ 1470577.477512995712459, 2351287.214044187217951 ], [ 1470585.546939569991082, 2351275.35093529894948 ], [ 1470596.896425321931019, 2351261.437431081663817 ], [ 1470616.445380355697125, 2351251.370498144999146 ], [ 1470636.584135062992573, 2351249.189262953586876 ], [ 1470652.327590827364475, 2351250.114471145905554 ], [ 1470671.809494788758457, 2351259.11043367208913 ], [ 1470693.193444540025666, 2351271.58294391259551 ], [ 1471052.561373444739729, 2351070.633083036635071 ], [ 1471072.570966676808894, 2351052.74241081206128 ], [ 1471074.080514596775174, 2351044.980039307847619 ], [ 1471076.968192507047206, 2351031.69074523402378 ], [ 1471083.791393473278731, 2351023.119161877315491 ], [ 1471091.532772534526885, 2351016.844732580706477 ], [ 1471104.390690756961703, 2351013.114275249186903 ], [ 1471115.870475637726486, 2351014.910750317387283 ], [ 1471131.351489536697045, 2351020.307236172724515 ], [ 1471551.682369005400687, 2350767.98842893447727 ], [ 1471559.424088310450315, 2350761.71410010708496 ], [ 1471560.933836317621171, 2350753.951673951931298 ], [ 1471564.542821793816984, 2350746.312701057642698 ], [ 1471571.169201723765582, 2350741.094381587114185 ], [ 1471579.763358989031985, 2350738.234991413075477 ], [ 1471589.275672855088487, 2350737.672806301154196 ], [ 1471598.590785189531744, 2350740.463837434537709 ], [ 1471628.769000731408596, 2350728.77942161494866 ], [ 1472103.57327107922174, 2350446.022423116490245 ], [ 1472464.757501585874707, 2350232.855560325551778 ], [ 1472487.853140863589942, 2350216.268660296685994 ], [ 1472507.73401855211705, 2350200.614210944622755 ], [ 1472511.017414382658899, 2350180.618113043252379 ], [ 1472522.764028514735401, 2350159.998441130388528 ], [ 1472538.380488184280694, 2350145.214655713178217 ], [ 1472559.768820779630914, 2350139.743598063010722 ], [ 1472580.6309129006695, 2350143.214639759156853 ], [ 1472595.194908484816551, 2350146.315042450558394 ], [ 1472623.996866742614657, 2350140.158745020162314 ], [ 1472837.4338797647506, 2350021.490297012031078 ], [ 1473347.65282520186156, 2349728.495866042096168 ], [ 1473956.191989645594731, 2349376.243948489893228 ], [ 1474446.118152797222137, 2349088.7992979651317 ], [ 1474972.484104712959379, 2348791.170762144494802 ], [ 1475400.364521102979779, 2348556.165913813747466 ], [ 1475694.970712444745004, 2348383.972631691023707 ], [ 1476042.287763517117128, 2348175.631243566516787 ], [ 1476087.114448111504316, 2348147.989512217231095 ], [ 1476152.158812236739323, 2348099.106169016566128 ], [ 1476122.681712263729423, 2347705.881879467982799 ], [ 1477075.949752890970558, 2347602.859217471908778 ], [ 1477357.028792629484087, 2347571.223417109344155 ], [ 1477297.725496338214725, 2347326.540569592267275 ], [ 1477441.189923817059025, 2347305.847596840467304 ], [ 1477579.728900709189475, 2347297.204235406126827 ], [ 1477563.562491365242749, 2347178.462826881092042 ], [ 1477531.30004225531593, 2346921.914487486705184 ], [ 1477669.512298650573939, 2346918.859968146774918 ], [ 1477677.03456499055028, 2346987.732757410034537 ] ] } },
{ "type": "Feature", "properties": { "route_name": "182_Alemán, Pinoa, Tulias R1", "route_name_short": "Alemán, Pinoa, Tulias R1", "route_type": 3, "agency_id": "Red_de_Transporte_Merida", "route_id": "182_Alemán, Pinoa, Tulias R1", "shape_id": "Shape_182_Alemán, Pinoa, Tulias R1" }, "geometry": { "type": "LineString", "coordinates": [ [ 1478407.114771625958383, 2347061.163121121004224 ], [ 1478245.330555342603475, 2347088.619327440857887 ], [ 1478283.917812893167138, 2347416.221460822969675 ], [ 1478308.778802828397602, 2347601.666278098709881 ], [ 1478338.071837327443063, 2347854.681611858308315 ], [ 1478354.362235303269699, 2347971.190509432926774 ], [ 1478380.813151321839541, 2348111.8583382088691 ], [ 1478414.820989640895277, 2348374.128374620340765 ], [ 1478429.918169738724828, 2348510.759904520586133 ], [ 1478675.430232403799891, 2348474.80372472666204 ], [ 1478894.034578258171678, 2348448.476282654330134 ], [ 1478906.369337649084628, 2348453.693567544221878 ], [ 1479364.23415793851018, 2348443.777288467623293 ], [ 1479373.22419312200509, 2348701.20986059634015 ], [ 1479371.408900973852724, 2348785.240039887838066 ], [ 1479373.56567335408181, 2348802.195302527397871 ], [ 1479383.005798434140161, 2348820.703734435606748 ], [ 1479407.277438733959571, 2348837.846876561641693 ], [ 1479422.695473385509104, 2348844.369181904476136 ], [ 1479441.329525441164151, 2348849.960139734204859 ], [ 1479456.747547916369513, 2348856.482486204709858 ], [ 1479472.496623875806108, 2348857.415263973642141 ], [ 1479493.29675930691883, 2348862.012745805550367 ], [ 1479498.383795639500022, 2349167.454640749376267 ], [ 1479511.756398795172572, 2349315.208050068467855 ], [ 1479738.878751390613616, 2349305.106199059169739 ], [ 1480001.180354414042085, 2349288.117447592783719 ], [ 1480007.795087859034538, 2349425.37608459033072 ], [ 1480144.263327192049474, 2349469.365452147554606 ], [ 1480213.812394309556112, 2349486.951173266861588 ], [ 1480309.211654081009328, 2349512.801228816621006 ], [ 1480353.894091430585831, 2349523.303852688986808 ], [ 1480394.951881086686626, 2349559.3946727165021 ], [ 1480456.013290543342009, 2349613.500092484522611 ], [ 1480611.975097831338644, 2349755.131988011300564 ], [ 1480616.108420076780021, 2349756.499056878965348 ], [ 1480628.839976729359478, 2349755.0105542819947 ], [ 1480716.722023584879935, 2349836.511959234252572 ], [ 1480923.703619803767651, 2350023.80769858462736 ], [ 1480934.987137337680906, 2350028.964892186690122 ], [ 1480946.524367205798626, 2350047.599811759777367 ], [ 1480986.459154926706105, 2350191.32802969077602 ], [ 1481001.574787819059566, 2350256.172978394199163 ], [ 1481023.707554292166606, 2350327.044003761839122 ], [ 1481070.313221295364201, 2350500.338379790075123 ], [ 1481093.283490075264126, 2350592.575538326986134 ], [ 1481108.795859784586355, 2350650.713193910662085 ], [ 1481139.488061527255923, 2350772.578458331525326 ], [ 1481172.996984341647476, 2350900.220783895347267 ], [ 1481212.957720560953021, 2350901.472031695302576 ], [ 1481223.389843890443444, 2350903.213478879537433 ], [ 1481233.755573093425483, 2350906.072889886330813 ], [ 1481241.689619555836543, 2350914.397390198428184 ], [ 1481477.515318929217756, 2351201.028387838508934 ], [ 1481659.511549687711522, 2351418.27437803382054 ], [ 1481683.764042829861864, 2351453.373152924701571 ], [ 1481808.001700654858723, 2351596.509483044035733 ], [ 1481827.842363059986383, 2351564.03128101490438 ], [ 1481842.354019550373778, 2351550.308941158466041 ], [ 1481858.633069090545177, 2351542.301268411334604 ], [ 1482302.200135532999411, 2351382.43376389471814 ], [ 1482469.633862199261785, 2351330.684646636713296 ], [ 1482956.711509293876588, 2351024.196651794482023 ], [ 1483183.067292111925781, 2351150.983368979301304 ], [ 1483189.632746887393296, 2351146.886253371834755 ], [ 1483199.480936272069812, 2351140.740582377184182 ], [ 1483209.979802910005674, 2351141.365406478755176 ], [ 1483218.17928637098521, 2351145.219276074785739 ], [ 1483226.896349605172873, 2351158.079651108477265 ], [ 1483228.530352794798091, 2351166.030633865855634 ], [ 1483227.931504609063268, 2351176.092651824932545 ], [ 1483225.365963170770556, 2351183.793695898260921 ], [ 1483217.617541804909706, 2351190.064314357470721 ], [ 1483210.068741148337722, 2351192.980929409153759 ], [ 1483201.603136535733938, 2351193.59906044555828 ], [ 1483191.303915875963867, 2351189.62022508867085 ], [ 1483046.452368451282382, 2351463.733312319032848 ], [ 1483015.119732656981796, 2351583.039950649254024 ], [ 1483006.639634441817179, 2351601.608524963725358 ], [ 1482992.326196971815079, 2351611.976235776674002 ], [ 1482974.345661140047014, 2351613.150065165013075 ], [ 1482950.199103722348809, 2351611.713052554056048 ], [ 1482980.304894757457078, 2351707.749011828098446 ], [ 1483359.681476577185094, 2351511.548667338676751 ], [ 1483355.230834149755538, 2351497.820103554520756 ], [ 1483372.361511619761586, 2351493.23010439099744 ], [ 1483415.339571206364781, 2351496.910753146745265 ], [ 1483525.442822857992724, 2351505.710166050121188 ], [ 1483533.185660004150122, 2351428.755100130103528 ], [ 1483654.771763707511127, 2351439.360844118986279 ], [ 1483645.12831164826639, 2351512.837003571446985 ], [ 1483759.165197183843702, 2351526.360181008931249 ], [ 1483745.56126212188974, 2351701.700746383983642 ], [ 1484085.31884094234556, 2351728.672618053853512 ], [ 1484100.17306914483197, 2351479.353814506437629 ], [ 1483993.417644078843296, 2351467.38414394017309 ], [ 1484002.243866339791566, 2351354.589255096856505 ], [ 1484117.399227615445852, 2351367.059063873253763 ], [ 1484101.676543767796829, 2351560.226679710671306 ], [ 1483767.231273755896837, 2351532.450475368648767 ], [ 1483640.662506278138608, 2351517.058968853205442 ], [ 1483648.139612232800573, 2351444.575789802707732 ], [ 1483466.910356648266315, 2351427.053074702154845 ], [ 1483325.044334357604384, 2351420.851339335553348 ], [ 1483237.114312408491969, 2351181.127026455942541 ], [ 1483215.58431254257448, 2351188.821343850344419 ], [ 1483210.002203001640737, 2351194.09893097076565 ], [ 1483200.553253328893334, 2351193.536576939746737 ], [ 1483190.254032676341012, 2351189.55774234328419 ], [ 1483190.120959259569645, 2351191.793744562193751 ], [ 1483118.877775678643957, 2351326.676843636203557 ], [ 1483046.452368451282382, 2351463.733312319032848 ], [ 1483015.119732656981796, 2351583.039950649254024 ], [ 1483006.639634441817179, 2351601.608524963725358 ], [ 1482991.209809621330351, 2351613.031751342117786 ], [ 1482973.295810568612069, 2351613.087585597764701 ], [ 1482950.132570271845907, 2351612.831047866493464 ], [ 1482834.282216274179518, 2351328.815197369083762 ], [ 1482102.830739686731249, 2351581.501701893284917 ], [ 1482167.490743172354996, 2351716.612409017980099 ], [ 1482175.025037055369467, 2351731.645562501624227 ], [ 1482192.858074501156807, 2351750.656984433997422 ], [ 1482210.83802659669891, 2351749.482398895546794 ], [ 1482222.452563961269334, 2351749.051199903711677 ], [ 1482232.08643488958478, 2351764.209275794681162 ], [ 1482226.039454916026443, 2351777.312840679660439 ], [ 1482208.643925242591649, 2351786.375680460128933 ], [ 1482190.664012296125293, 2351787.550252373330295 ], [ 1482169.919612213037908, 2351799.77975039742887 ], [ 1482055.483666460495442, 2351970.239251433871686 ], [ 1481721.34391735936515, 2351742.817316146567464 ], [ 1481804.254137429175898, 2351606.383991553913802 ], [ 1481687.883652243996039, 2351472.690548493526876 ], [ 1481667.365441915811971, 2351445.667079824022949 ], [ 1481611.511427433695644, 2351375.032986054662615 ], [ 1481477.900949908886105, 2351212.270379681605846 ], [ 1481362.773644608212635, 2351075.289878705982119 ], [ 1481243.125362721271813, 2350925.701658900827169 ], [ 1481232.240956720197573, 2350913.836234716698527 ], [ 1481218.792073521763086, 2350909.671818304806948 ], [ 1481187.097370595671237, 2350911.155235471203923 ], [ 1481167.083827396854758, 2350911.088603368960321 ], [ 1481127.686366458190605, 2350758.414924404583871 ], [ 1481109.622181076090783, 2350690.028584620915353 ], [ 1481092.607579268049449, 2350621.704661382362247 ], [ 1481057.129456181079149, 2350491.702433545142412 ], [ 1480985.254973131697625, 2350424.609708002768457 ], [ 1481032.52338546840474, 2350391.51515337638557 ], [ 1481016.94371614092961, 2350334.495735556352884 ], [ 1480998.280547894071788, 2350276.171468039508909 ], [ 1480892.698862687218934, 2350173.422400718089193 ], [ 1480939.194645831361413, 2350117.843752149492502 ], [ 1480946.091173008549958, 2350108.156068238429725 ], [ 1480954.755744135007262, 2350104.182760908268392 ], [ 1480941.793979703681543, 2350056.294174761045724 ], [ 1480930.455799259012565, 2350034.305407698266208 ], [ 1480920.08949323091656, 2350031.446423913817853 ], [ 1480891.101974082179368, 2350005.044638031162322 ], [ 1480814.173567492282018, 2349934.288419937714934 ], [ 1480560.900654437020421, 2350207.583985914010555 ], [ 1480360.871786300092936, 2350027.436934117693454 ], [ 1480604.161512702470645, 2349762.52162039745599 ], [ 1480481.388259131461382, 2349647.539340648800135 ], [ 1480405.307616053614765, 2349580.20245551597327 ], [ 1480356.182039788458496, 2349538.023814886342734 ], [ 1480345.030703379074112, 2349530.63134289579466 ], [ 1480320.164140856591985, 2349523.54747525556013 ], [ 1480253.764901242218912, 2349506.147963090799749 ], [ 1480200.815706500085071, 2349492.911792440805584 ], [ 1480119.91643265937455, 2349471.287650870159268 ], [ 1480009.364790463121608, 2349434.443988886196166 ], [ 1479987.449106016196311, 2349430.901219033170491 ], [ 1479966.384550304617733, 2349430.774498572573066 ], [ 1479624.093811347149312, 2349446.388472380116582 ], [ 1479609.906326019903645, 2348867.798022153787315 ], [ 1479599.057807294186205, 2348659.614486551843584 ], [ 1479362.610814015846699, 2348666.926306779496372 ], [ 1479356.090124236186966, 2348456.75709382770583 ], [ 1478902.557877471204847, 2348464.686197939794511 ], [ 1478879.395196823403239, 2348321.966119055636227 ], [ 1478849.865560160484165, 2348179.991377263795584 ], [ 1478824.336295631248504, 2348041.619108417071402 ], [ 1478781.798857987625524, 2347781.084900418762118 ], [ 1478749.543837861390784, 2347560.423220223747194 ], [ 1478707.793572406983003, 2347286.475448247976601 ], [ 1478440.215076957829297, 2347321.134423617273569 ], [ 1478408.296966837020591, 2347058.989404542837292 ] ] } },
{ "type": "Feature", "properties": { "route_name": "Circuito Aviación,_Circuito Aviación, Pacaptún (azul y rojo)", "route_name_short": "Circuito Aviación, Pacaptún (azul y rojo)", "route_type": 3, "agency_id": "Red_de_Transporte_Merida", "route_id": "Circuito Aviación,_Circuito Aviación, Pacaptún (azul y rojo)", "shape_id": "Shape_Circuito Aviación,_Circuito Aviación, Pacaptún (azul y rojo)" }, "geometry": { "type": "LineString", "coordinates": [ [ 1471974.146153434878215, 2342477.278928839601576 ], [ 1472303.192219617078081, 2342688.360146687366068 ], [ 1472291.511050770524889, 2342707.864069463685155 ], [ 1472461.249340176582336, 2342814.275085950735956 ], [ 1472910.726544073782861, 2343109.82952795503661 ], [ 1472936.258560227695853, 2343123.665588051546365 ], [ 1473007.60428923368454, 2343182.811967285815626 ], [ 1473066.938813789514825, 2343249.105289919767529 ], [ 1473162.241024444811046, 2343384.808047492057085 ], [ 1473221.377381291240454, 2343472.401899373624474 ], [ 1473258.263276909710839, 2343508.216402868274599 ], [ 1474729.471480809152126, 2344634.455261786468327 ], [ 1475072.292840324342251, 2344896.912232832517475 ], [ 1475292.126418245723471, 2345082.594113269820809 ], [ 1475344.492575430544093, 2345123.815098313614726 ], [ 1475386.330962864682078, 2344932.224111348856241 ], [ 1475437.497095765080303, 2344689.583721704315394 ], [ 1475469.08599984808825, 2344564.690997731871903 ], [ 1475541.794473627116531, 2344224.608183033764362 ], [ 1475598.937045076861978, 2343952.032427698839456 ], [ 1475611.01775812683627, 2343925.822592756710947 ], [ 1475649.352463486138731, 2343901.158141992986202 ], [ 1475793.15867028478533, 2343910.745477947406471 ], [ 1476154.744961684104055, 2343926.428417980205268 ], [ 1476545.014679587446153, 2343956.148257658816874 ], [ 1477074.043739966116846, 2343991.813463042490184 ], [ 1477299.769026112509891, 2344006.243513713125139 ], [ 1477588.507285182364285, 2344024.393228883389384 ], [ 1477717.088567368686199, 2344042.073714267462492 ], [ 1477908.159782428527251, 2344054.468013692181557 ], [ 1478174.648982772836462, 2344074.68079856550321 ], [ 1478211.274445998249575, 2344079.085998749360442 ], [ 1478275.535387858981267, 2344079.513505288399756 ], [ 1478918.924555634148419, 2344124.232917809858918 ], [ 1479508.362988187000155, 2344172.520191768649966 ], [ 1479560.018874410074204, 2344011.786332330666482 ], [ 1479633.112240110523999, 2344094.634343698155135 ], [ 1479977.850096168462187, 2343807.629811810329556 ], [ 1479992.216283122077584, 2343832.037767739035189 ], [ 1480163.263094803318381, 2344040.71764525026083 ], [ 1480345.857953349128366, 2344250.084382788743824 ], [ 1480465.920207571238279, 2344394.053272022865713 ], [ 1480505.035953341051936, 2344409.82984083564952 ], [ 1480587.741095165722072, 2344419.210855864454061 ], [ 1480961.433181496802717, 2344444.692680475767702 ], [ 1481297.053603942738846, 2344472.416168954689056 ], [ 1481322.979226074181497, 2344479.560795619152486 ], [ 1481345.877451453590766, 2344502.232568256556988 ], [ 1481362.067747515859082, 2344549.18861298635602 ], [ 1481362.80082849576138, 2344785.949753510765731 ], [ 1481358.991700673708692, 2345295.0603715647012 ], [ 1481358.441541822161525, 2345588.962209241930395 ], [ 1481360.868751533096656, 2346543.833625542465597 ], [ 1481360.022543987259269, 2346646.997403541114181 ], [ 1481433.587505217408761, 2346668.186830810271204 ], [ 1481530.719245691783726, 2346682.920653404202312 ], [ 1482097.118260683026165, 2346745.682157612405717 ], [ 1482354.524574767798185, 2346776.661892488598824 ], [ 1482607.145529699046165, 2346799.508344125933945 ], [ 1482704.809525248361751, 2346805.305726200342178 ], [ 1482719.300783721264452, 2346827.482716637197882 ], [ 1482697.70798320742324, 2346924.930962356738746 ], [ 1482675.065010965336114, 2347022.316798048559576 ], [ 1482574.716530453413725, 2347008.506139864679426 ], [ 1482555.290952868526801, 2347104.960840581450611 ], [ 1482542.16604883922264, 2347201.789521588012576 ], [ 1482542.275199789088219, 2347235.453872091136873 ], [ 1482546.584786195773631, 2347269.367592204827815 ], [ 1482534.649338545277715, 2347452.655417075380683 ], [ 1482517.529017681488767, 2347634.513435258995742 ], [ 1482501.826252079103142, 2347756.993298360612243 ], [ 1482542.357064284384251, 2347802.033345058560371 ], [ 1482551.99484910373576, 2347817.190757645759732 ], [ 1482550.534286252222955, 2347841.786510353442281 ], [ 1482524.564062184421346, 2348101.654200677759945 ], [ 1482517.321864707861096, 2348134.882026117295027 ], [ 1482489.742431473918259, 2348155.682733122259378 ], [ 1482460.062958216760308, 2348176.358738644048572 ], [ 1482454.601246451493353, 2348197.351040387526155 ], [ 1482441.334190356079489, 2348402.998114792164415 ], [ 1482403.724240786395967, 2348503.981840848457068 ], [ 1482391.389416019897908, 2348498.76153485942632 ], [ 1482428.932875806931406, 2348398.895792422350496 ], [ 1482444.312096195528284, 2348175.423351130913943 ], [ 1482504.00304069602862, 2348128.481384735554457 ], [ 1482525.579185699345544, 2347960.351188932079822 ], [ 1482536.285732191987336, 2347851.03777080308646 ], [ 1482531.844114590669051, 2347819.359961989801377 ], [ 1482522.604637600015849, 2347797.494639073032886 ], [ 1482511.783959342166781, 2347784.510881575755775 ], [ 1482494.010971445357427, 2347764.382750337477773 ], [ 1482488.77258494310081, 2347746.120845165103674 ], [ 1482516.29716636473313, 2347513.271930866874754 ], [ 1482535.287156589794904, 2347282.160038370639086 ], [ 1482539.632187560666353, 2347262.223264793399721 ], [ 1482535.509891466237605, 2347242.905748197808862 ], [ 1482535.06888984167017, 2347214.831347063183784 ], [ 1482546.148145249811932, 2347134.710178651846945 ], [ 1482572.03068035049364, 2347000.493199223186821 ], [ 1482601.758500295458362, 2346908.015772385988384 ], [ 1482619.868402150226757, 2346815.970569727942348 ], [ 1482195.953011793084443, 2346767.252731926739216 ], [ 1481805.180220277281478, 2346728.365339750424027 ], [ 1481455.894979041069746, 2346682.972049901261926 ], [ 1481346.957116625737399, 2346654.076134577393532 ], [ 1481341.504649557173252, 2346194.900096130557358 ], [ 1481343.142667536623776, 2345598.152746281120926 ], [ 1481352.106593243312091, 2344646.202649434097111 ], [ 1481348.480552311055362, 2344547.262084923218936 ], [ 1481335.895440717227757, 2344510.616516742389649 ], [ 1481309.846432245802134, 2344487.758179531432688 ], [ 1481271.450057196896523, 2344477.63135975273326 ], [ 1480579.529388090595603, 2344433.309139219112694 ], [ 1480495.840229929424822, 2344422.748055087868124 ], [ 1480465.060364381875843, 2344408.586534614209086 ], [ 1480435.074138572905213, 2344381.009780558757484 ], [ 1480351.291971737518907, 2344282.939543610904366 ], [ 1479977.57855455041863, 2343830.0505526131019 ], [ 1479535.464079895522445, 2344195.436621733941138 ], [ 1479505.535741474712268, 2344184.693188364151865 ], [ 1479386.337228114716709, 2344168.674314769916236 ], [ 1479026.43772009992972, 2344141.801571379415691 ], [ 1478295.681863426230848, 2344095.285912856925279 ], [ 1478178.387991426512599, 2344082.753965810872614 ], [ 1477710.457634056918323, 2344047.29140556929633 ], [ 1477569.010280930902809, 2344033.339154084213078 ], [ 1477353.983629487454891, 2344016.170915673021227 ], [ 1477075.485121968667954, 2344003.115943039301783 ], [ 1476625.153915918897837, 2343973.20925345364958 ], [ 1476197.077740937005728, 2343941.260606443975121 ], [ 1475837.920784587739035, 2343920.111081644892693 ], [ 1475655.255958876106888, 2343926.183200474828482 ], [ 1475634.644966566935182, 2343936.187013178132474 ], [ 1475626.241073636105284, 2343953.639628399629146 ], [ 1475612.581118926871568, 2344006.677438951097429 ], [ 1475591.759492537239566, 2344109.770407405216247 ], [ 1475362.21219006832689, 2345127.101831780746579 ], [ 1475356.300619042944163, 2345155.917995052412152 ], [ 1475339.17339476570487, 2345142.570824949070811 ], [ 1474674.540101797319949, 2344618.885303902439773 ], [ 1473342.601417931728065, 2343597.29083196260035 ], [ 1473198.931205779779702, 2343495.760017728898674 ], [ 1473155.744206134229898, 2343441.62974874349311 ], [ 1473030.184068183181807, 2343246.948100386187434 ], [ 1472987.586629847064614, 2343200.704791805706918 ], [ 1472927.333361520664766, 2343150.060754766687751 ], [ 1472839.841692208545282, 2343096.69724835222587 ], [ 1472689.470343949506059, 2343001.510667202062905 ], [ 1472275.630878633353859, 2342745.067395558580756 ], [ 1472261.453083801548928, 2342735.263335951603949 ], [ 1472289.474701934959739, 2342688.677469468209893 ], [ 1471969.552478480851278, 2342483.739249646663666 ] ] } },
{ "type": "Feature", "properties": { "route_name": "Caucel R3_Caucel R3 (Arboledas)", "route_name_short": "Caucel R3 (Arboledas)", "route_type": 3, "agency_id": "Red_de_Transporte_Merida", "route_id": "Caucel R3_Caucel R3 (Arboledas)", "shape_id": "Shape_Caucel R3_Caucel R3 (Arboledas)" }, "geometry": { "type": "LineString", "coordinates": [ [ 1477674.465799552388489, 2347013.38192150881514 ], [ 1477694.231302752858028, 2347160.380766020156443 ], [ 1477434.862359974533319, 2347198.905561830382794 ], [ 1477441.777725549880415, 2347313.734718907624483 ], [ 1477458.20843236008659, 2347428.004239746835083 ], [ 1477190.121910947375, 2347453.676234071142972 ], [ 1477023.428686560597271, 2347475.242558452766389 ], [ 1476986.085909008048475, 2347483.133559576701373 ], [ 1476936.473643263336271, 2347484.691454299725592 ], [ 1476815.14006677037105, 2347469.676205201074481 ], [ 1476745.116903384681791, 2347477.882045939099044 ], [ 1476591.152242489391938, 2347515.907964163459837 ], [ 1476657.914644405944273, 2347848.520839673001319 ], [ 1476226.707598573761061, 2348085.557623639237136 ], [ 1476176.23509400896728, 2348119.596415903884917 ], [ 1476056.91489326255396, 2348195.563767519779503 ], [ 1472649.77846414828673, 2350149.527584137395024 ], [ 1472625.567036838736385, 2350167.170341411139816 ], [ 1472612.902157433098182, 2350185.492689097300172 ], [ 1472606.403803633060306, 2350206.42123502632603 ], [ 1472599.250497946981341, 2350220.581436830572784 ], [ 1472585.930708144325763, 2350232.135439490899444 ], [ 1472564.476667926413938, 2350238.724179830867797 ], [ 1472546.763738547451794, 2350235.438442500308156 ], [ 1472530.232051808619872, 2350229.978985472582281 ], [ 1472504.513581847306341, 2350237.438449483830482 ], [ 1472463.376152156852186, 2350256.32845699088648 ], [ 1471653.959927771706134, 2350730.260974856559187 ], [ 1471636.37712644925341, 2350742.686123101506382 ], [ 1471614.332929789321497, 2350759.335307262372226 ], [ 1471605.410086698364466, 2350767.783363685943186 ], [ 1471597.602606291882694, 2350775.175414056517184 ], [ 1471591.041956900153309, 2350779.275984305422753 ], [ 1471580.414313083281741, 2350780.894166861195117 ], [ 1471572.148845250951126, 2350778.164866111706942 ], [ 1471566.637824081350118, 2350782.327171262353659 ], [ 1471158.64085214631632, 2351021.911615333054215 ], [ 1471136.531922231893986, 2351039.678821939509362 ], [ 1471138.171110733877867, 2351047.626320546492934 ], [ 1471136.530103929340839, 2351057.624150747433305 ], [ 1471129.641158145852387, 2351067.313444235827774 ], [ 1471117.635710245463997, 2351074.458752169739455 ], [ 1471104.90924741467461, 2351075.953730707988143 ], [ 1471092.445634221192449, 2351072.977816632483155 ], [ 1471081.097316544037312, 2351068.945892483461648 ], [ 1470693.19196893600747, 2351289.528087044134736 ], [ 1470691.681086831260473, 2351315.235558196436614 ], [ 1470689.646160876844078, 2351331.939614091534168 ], [ 1470679.08338140626438, 2351350.385616383049637 ], [ 1470661.436482750810683, 2351363.928961001802236 ], [ 1470638.870283331023529, 2351371.575320979580283 ], [ 1470622.99557344103232, 2351372.885509221348912 ], [ 1470606.399751923279837, 2351368.545459567103535 ], [ 1470581.277518610469997, 2351348.00232333317399 ], [ 1470572.948135671205819, 2351328.446087775286287 ], [ 1470573.146552861202508, 2351307.147855053655803 ], [ 1469770.639447547495365, 2351055.886353405658156 ], [ 1469756.076928127091378, 2351052.788293591700494 ], [ 1469746.237229778897017, 2351058.939897090662271 ], [ 1469735.544841735390946, 2351061.676801896188408 ], [ 1469725.114929728442803, 2351059.942934572696686 ], [ 1469678.606824695132673, 2351044.875615797005594 ], [ 1469661.289330961182714, 2351034.886651363223791 ], [ 1468841.534652266185731, 2351131.460963929072022 ], [ 1468827.235225828364491, 2351141.837402631063014 ], [ 1468820.348048003390431, 2351151.527100045233965 ], [ 1468808.344374650157988, 2351158.67364552943036 ], [ 1468794.897239694837481, 2351154.52034267084673 ], [ 1468782.630738141480833, 2351148.193265995010734 ], [ 1468775.939625967759639, 2351136.585627606138587 ], [ 1468774.496126335114241, 2351125.285783197265118 ], [ 1468775.020563339814544, 2351116.344400281086564 ], [ 1468783.022791619878262, 2351105.598573862109333 ], [ 1468788.073110343888402, 2351091.315054121892899 ], [ 1468719.761000999715179, 2350532.15846283081919 ], [ 1467951.895455043297261, 2350623.975846975576133 ], [ 1467988.461245909333229, 2350934.52881701476872 ], [ 1468739.25965935876593, 2350846.204564085230231 ], [ 1468753.362519754562527, 2350839.180991960689425 ], [ 1468778.944830430205911, 2350833.952153370250016 ], [ 1468796.590435192454606, 2350838.351545688696206 ], [ 1468903.643358409404755, 2350826.685826261527836 ], [ 1469801.869550988078117, 2350721.255369161255658 ], [ 1470048.072414946742356, 2350115.490380965173244 ], [ 1470040.200322038494051, 2350106.055854020640254 ], [ 1470034.755508190020919, 2350091.156049499753863 ], [ 1470030.62273413548246, 2350071.847054908052087 ], [ 1470035.149370098486543, 2350048.56014791270718 ], [ 1470046.236098310910165, 2350039.116945774760097 ], [ 1470058.241249592974782, 2350031.970763748046011 ], [ 1470068.934348938753828, 2350029.233784498646855 ], [ 1470081.661100506782532, 2350027.737741569057107 ], [ 1470095.043820854276419, 2350033.009542757645249 ], [ 1470105.146429313579574, 2350040.331917749717832 ], [ 1470117.085832560900599, 2350052.248351424001157 ], [ 1470121.677831776440144, 2350063.733476736582816 ], [ 1470125.154580828733742, 2350076.274692016188055 ], [ 1470131.124261520802975, 2350082.232922155875713 ], [ 1470207.877930580172688, 2350102.440762825775892 ], [ 1470241.465982612222433, 2350104.412763493601233 ], [ 1470294.209866963792592, 2350103.023323911242187 ], [ 1470331.078132872935385, 2350102.944979763124138 ], [ 1470443.847492979839444, 2350119.6610187869519 ], [ 1470520.79817925975658, 2350136.51737001305446 ], [ 1470569.211847604485229, 2350155.062749187462032 ], [ 1470620.380451636388898, 2350180.499558507930487 ], [ 1470664.004569728393108, 2350208.85814320249483 ], [ 1470734.261395325884223, 2350267.942388731520623 ], [ 1470768.76581500377506, 2350308.103022783529013 ], [ 1470795.988344406709075, 2350346.714400297030807 ], [ 1470819.93051077472046, 2350387.376301551703364 ], [ 1470864.729997845599428, 2350485.342807688284665 ], [ 1471060.77629816532135, 2350912.972215677145869 ], [ 1471094.027952961158007, 2350992.316476965788752 ], [ 1471106.358451827894896, 2351015.473134967964143 ], [ 1471113.705584223847836, 2351015.905066579114646 ], [ 1471121.970886278199032, 2351018.634158937260509 ], [ 1471128.071294815279543, 2351022.357570868451148 ], [ 1471346.139636142412201, 2350896.101460839621723 ], [ 1471553.913068937603384, 2350765.87641027988866 ], [ 1471560.605172075331211, 2350759.54035477200523 ], [ 1471566.444860835559666, 2350749.789363868534565 ], [ 1471572.087354839779437, 2350743.391581663861871 ], [ 1471581.665397464530542, 2350741.711656819563359 ], [ 1471592.161595434648916, 2350742.328938928432763 ], [ 1471606.201068552210927, 2350736.424992746207863 ], [ 1471641.890361631289124, 2350720.578289142809808 ], [ 1472436.479327129665762, 2350248.015865566208959 ], [ 1472487.59002345521003, 2350220.739690448157489 ], [ 1472516.591903902590275, 2350193.284094697795808 ], [ 1472520.138428273145109, 2350168.816960654221475 ], [ 1472527.160091226454824, 2350156.892260534223169 ], [ 1472540.216728871222585, 2350149.809239353518933 ], [ 1472558.390228900359944, 2350145.270618643146008 ], [ 1472579.318096520379186, 2350147.623901610262692 ], [ 1472592.898189143743366, 2350149.544766786042601 ], [ 1472640.923393067438155, 2350138.911704494152218 ], [ 1474338.36779307667166, 2349147.506941743660718 ], [ 1476052.588846231810749, 2348179.604257125407457 ], [ 1476088.950403748080134, 2348152.584777917247266 ], [ 1476103.984269747510552, 2348129.915488888975233 ], [ 1476150.059005348943174, 2348098.982260883785784 ], [ 1476124.847517269430682, 2347704.887922432739288 ], [ 1477087.631319946143776, 2347601.305502024013549 ], [ 1477612.449272989761084, 2347545.928202181588858 ], [ 1477535.566117105307057, 2346921.044664360117167 ], [ 1477670.496285897446796, 2346920.039867348503321 ], [ 1477674.399766474496573, 2347014.499799210112542 ] ] } },
{ "type": "Feature", "properties": { "route_name": "Circuito Poniente_Circuito Poniente Plazas", "route_name_short": "Circuito Poniente Plazas", "route_type": 3, "agency_id": "Red_de_Transporte_Merida", "route_id": "Circuito Poniente_Circuito Poniente Plazas", "shape_id": "Shape_Circuito Poniente_Circuito Poniente Plazas" }, "geometry": { "type": "LineString", "coordinates": [ [ 1478340.232852112967521, 2349456.745023650117218 ], [ 1478420.750911244656891, 2349449.170151654165238 ], [ 1478438.995734960306436, 2349443.519066501408815 ], [ 1478455.405470242025331, 2349433.272150040604174 ], [ 1478476.667644133791327, 2349430.043288534041494 ], [ 1478491.820329779293388, 2349441.036395023111254 ], [ 1478510.784274750156328, 2349441.036988581065089 ], [ 1478566.114564099814743, 2349414.022956184577197 ], [ 1478646.38647540146485, 2349375.023598958738148 ], [ 1478675.461277781520039, 2349364.404673882294446 ], [ 1478701.973136137472466, 2349361.486783707048744 ], [ 1478845.097948262002319, 2349346.401577876880765 ], [ 1478940.581131292041391, 2349335.227489280048758 ], [ 1478991.307066483888775, 2349332.62189519405365 ], [ 1479006.72453366778791, 2349339.143939128611237 ], [ 1479069.396628623828292, 2349330.514984991401434 ], [ 1479113.143065171781927, 2349623.659526575356722 ], [ 1479310.641638868954033, 2349775.587695816066116 ], [ 1479460.06175646558404, 2349885.406327746808529 ], [ 1479609.148890295065939, 2350000.816685907542706 ], [ 1479904.743246747646481, 2350257.293944653589278 ], [ 1479900.920123020652682, 2350286.235534053295851 ], [ 1479981.362837751396, 2350404.313206772785634 ], [ 1480192.326328221708536, 2350719.728861738927662 ], [ 1480366.173069302923977, 2350985.82975009130314 ], [ 1480415.14816824067384, 2351048.195365466177464 ], [ 1480431.933624713681638, 2351067.141506628599018 ], [ 1480525.578664487693459, 2351051.383566258940846 ], [ 1480539.171840643975884, 2351035.362166443839669 ], [ 1480554.388410461135209, 2351045.240335351321846 ], [ 1480500.534782947273925, 2351118.331725631374866 ], [ 1480484.974748548585922, 2351131.992621457669884 ], [ 1480464.895502380328253, 2351133.044660442508757 ], [ 1480434.794265381991863, 2351107.698792767245322 ], [ 1480410.273762878030539, 2351077.074837371706963 ], [ 1480396.505085197743028, 2351060.551498910412192 ], [ 1479892.311704509425908, 2350307.040389100555331 ], [ 1479883.348355298629031, 2350262.756540519651026 ], [ 1479545.779608350247145, 2349967.893094281665981 ], [ 1479080.331945998594165, 2349626.203549162019044 ], [ 1479052.759701016359031, 2349397.961295127402991 ], [ 1479040.302669229917228, 2349377.030727497301996 ], [ 1479025.348623931175098, 2349362.683284430764616 ], [ 1479004.095180485397577, 2349347.962855350226164 ], [ 1478976.797908897977322, 2349346.346508228685707 ], [ 1478952.517951731802896, 2349347.152512123342603 ], [ 1478696.780962265562266, 2349378.006680180318654 ], [ 1478661.473016354255378, 2349387.134781495202333 ], [ 1478513.726643656846136, 2349462.525554359890521 ], [ 1478443.499937632586807, 2349492.023435666225851 ], [ 1478386.65724039869383, 2349526.800804222468287 ], [ 1478251.96691185887903, 2349613.061653261072934 ], [ 1476804.058879724005237, 2350599.847309975419194 ], [ 1476771.244446657365188, 2350620.342672735452652 ], [ 1476746.240969935432076, 2350633.447479814291 ], [ 1476717.640756589593366, 2350618.295700073707849 ], [ 1476696.454881793353707, 2350602.460498971864581 ], [ 1476459.890768322860822, 2350363.006730795837939 ], [ 1476443.821086354088038, 2350349.717926029115915 ], [ 1476415.696605053730309, 2350290.846890493296087 ], [ 1476233.025833677733317, 2349959.236174755729735 ], [ 1476222.012474102433771, 2349753.306870481465012 ], [ 1476214.88136307708919, 2349695.676900546066463 ], [ 1476208.588995858095586, 2349677.357434440869838 ], [ 1476199.404821077594534, 2349672.328091213013977 ], [ 1476194.48587304726243, 2349666.428897594567388 ], [ 1476190.418684145668522, 2349663.945228956174105 ], [ 1476181.234499162063003, 2349658.915900853462517 ], [ 1476172.968089864123613, 2349656.184257950168103 ], [ 1476163.453839887864888, 2349656.744150695856661 ], [ 1476034.32186053134501, 2349667.066809 ], [ 1476034.428776505868882, 2349736.620744647458196 ], [ 1476096.664898185990751, 2349824.426098057068884 ], [ 1476101.907438457012177, 2349842.683502741158009 ], [ 1476116.282073565060273, 2350009.54977145511657 ], [ 1476135.217473926721141, 2350259.694436695426702 ], [ 1476145.74751964956522, 2350348.933971465565264 ], [ 1475402.367756397463381, 2350379.072140980511904 ], [ 1475238.938647170783952, 2350363.817581112496555 ], [ 1475202.43585868133232, 2350232.666436829138547 ], [ 1475159.309281785506755, 2350088.786025445442647 ], [ 1475029.321861992590129, 2350131.593410859815776 ], [ 1474678.084323917049915, 2350228.652753087226301 ], [ 1474569.159820617875084, 2350039.392909093759954 ], [ 1474846.581478332635015, 2349961.531578354537487 ], [ 1474564.326385926222429, 2349460.315405361820012 ], [ 1474511.864535784814507, 2349349.540674288291484 ], [ 1474395.719506479334086, 2349121.723010934889317 ], [ 1474494.80842855013907, 2349066.991824806202203 ], [ 1474580.905191478785127, 2349018.225279011297971 ], [ 1474578.1554211077746, 2348993.386045016348362 ], [ 1474577.900537529261783, 2348961.963730490766466 ], [ 1474567.651013734051958, 2348742.630414705723524 ], [ 1474559.108252743259072, 2348512.181057655252516 ], [ 1474553.430031882831827, 2348376.122379359789193 ], [ 1474544.737175531219691, 2348219.695835372898728 ], [ 1474534.097812806488946, 2347953.229654718190432 ], [ 1474525.581865228246897, 2347883.183567827567458 ], [ 1474517.1901392233558, 2347846.795359530020505 ], [ 1474511.64732183306478, 2347672.607942156959325 ], [ 1474504.166419166373089, 2347674.410684538073838 ], [ 1474490.517861008876935, 2347673.606795781292021 ], [ 1474484.547711701132357, 2347667.646751282270998 ], [ 1474462.371843838132918, 2347650.637105407658964 ], [ 1474451.678896393161267, 2347635.425477249082178 ], [ 1474392.70437013101764, 2347545.582958167418838 ], [ 1474336.944580245530233, 2347454.80856942711398 ], [ 1475339.366216796450317, 2346856.545153766404837 ], [ 1475388.24934897525236, 2346885.225027719978243 ], [ 1475513.245523032732308, 2346373.239521207753569 ], [ 1475558.99997575674206, 2346311.998069880530238 ], [ 1475476.171466353815049, 2346036.785937651526183 ], [ 1475398.058135964442044, 2345788.77428582822904 ], [ 1475298.228432975709438, 2345480.035216584336013 ], [ 1475289.379752531647682, 2345415.577231608796865 ], [ 1475318.542723890161142, 2345278.203577528242022 ], [ 1475329.973973829764873, 2345209.331216390710324 ], [ 1475340.944452090188861, 2345148.283609399106354 ], [ 1474991.046925788978115, 2344862.966616509482265 ], [ 1474586.73289662366733, 2344553.149700932670385 ], [ 1474202.421911616809666, 2344261.350204423535615 ], [ 1473841.791852040216327, 2343978.808597182389349 ], [ 1473413.549953556386754, 2343645.200838399585336 ], [ 1473206.150826823199168, 2343498.427124422043562 ], [ 1473169.855407538358122, 2343452.552791852504015 ], [ 1473029.00272797816433, 2343249.122016324661672 ], [ 1473016.400596118997782, 2343230.436411361210048 ], [ 1472951.487185527104884, 2343169.424107900820673 ], [ 1472873.315745750674978, 2343118.850518671795726 ], [ 1472634.664150972152129, 2342965.76890316978097 ], [ 1472283.047454055864364, 2342744.380643798038363 ], [ 1472269.1318008529488, 2342730.105546835344285 ], [ 1472295.841151700122282, 2342687.929141722153872 ], [ 1472135.421264530392364, 2342584.310270497109741 ], [ 1472125.775118566583842, 2342605.055131010245532 ], [ 1472543.03357544215396, 2342875.151925972662866 ], [ 1472908.429491722490638, 2343113.059599725995213 ], [ 1472986.207354691578075, 2343170.340023838914931 ], [ 1473026.310515224933624, 2343205.220656953752041 ], [ 1473052.761743982788175, 2343239.300204980652779 ], [ 1473199.521413485053927, 2343449.807818449568003 ], [ 1473220.91802369710058, 2343480.226349323987961 ], [ 1473264.629745997488499, 2343525.414674913976341 ], [ 1473463.824227848323062, 2343668.342727649025619 ], [ 1473666.231316410936415, 2343828.288088650908321 ], [ 1473998.253483535721898, 2344077.735342838801444 ], [ 1474259.125958599150181, 2344282.63045493606478 ], [ 1474551.625178671441972, 2344505.096073757857084 ], [ 1474812.551395911723375, 2344708.887387198396027 ], [ 1475132.139506683219224, 2344954.276048463303596 ], [ 1475350.332293891115114, 2345132.010847485624254 ], [ 1475361.554006202612072, 2345138.280093849170953 ], [ 1475323.724151221103966, 2345297.577587585430592 ], [ 1475303.691783468704671, 2345387.255772985052317 ], [ 1475304.140071786940098, 2345451.219110964797437 ], [ 1475316.862848503515124, 2345503.566568597219884 ], [ 1475370.843324170913547, 2345678.366073358803988 ], [ 1475474.144546122290194, 2345999.650172699708492 ], [ 1475571.665880403947085, 2346311.622699963860214 ], [ 1475520.463773468974978, 2346375.908270151820034 ], [ 1475469.622071576304734, 2346595.010908121243119 ], [ 1475392.511039811652154, 2346902.301788799464703 ], [ 1475339.428127688355744, 2346873.374393265228719 ], [ 1475012.324094987241551, 2347060.494443111121655 ], [ 1474541.435892736306414, 2347345.709245287813246 ], [ 1474356.366093475138769, 2347464.925611095502973 ], [ 1474463.882576155941933, 2347642.87431143829599 ], [ 1474482.974624996539205, 2347658.580641910899431 ], [ 1474494.325901679228991, 2347662.614259667228907 ], [ 1474501.543454891070724, 2347665.282731101848185 ], [ 1474522.804611223051324, 2347662.048276001121849 ], [ 1474530.377643667161465, 2347855.423965480644256 ], [ 1474544.40270409733057, 2347939.254805459175259 ], [ 1474549.435798111837357, 2348032.65117146493867 ], [ 1474554.712741073220968, 2348211.310080652590841 ], [ 1474566.988102069590241, 2348485.724893148988485 ], [ 1474578.157609263435006, 2348707.355576696339995 ], [ 1474586.175873579923064, 2348928.800801438745111 ], [ 1474586.228793883696198, 2348981.523311743047088 ], [ 1474589.044448941480368, 2349005.244744752068073 ], [ 1474599.47225782321766, 2349024.928101968951523 ], [ 1474407.658271525753662, 2349133.643443786539137 ], [ 1474169.978251416701823, 2349269.94247940601781 ], [ 1474246.644614201039076, 2349416.913463772740215 ], [ 1474327.705844562267885, 2349560.779450332280248 ], [ 1474490.938438136130571, 2349847.458406323567033 ], [ 1474587.85738569078967, 2350043.860564463306218 ], [ 1474689.438703783322126, 2350214.74039124744013 ], [ 1475143.304732352029532, 2350074.381169213913381 ], [ 1475149.344957688823342, 2350061.277048691175878 ], [ 1475154.98945527151227, 2350054.879836313426495 ], [ 1475166.734611183404922, 2350052.207718944642693 ], [ 1475177.034278185805306, 2350056.180580123793334 ], [ 1475183.920850704424083, 2350064.438900584354997 ], [ 1475183.591061252169311, 2350070.027995125856251 ], [ 1475182.079602302983403, 2350077.790785585995764 ], [ 1475176.237219509668648, 2350087.541446204297245 ], [ 1475250.359601801726967, 2350348.787627364043146 ], [ 1475395.94332858780399, 2350362.98886919207871 ], [ 1475783.311505551682785, 2350349.963150141760707 ], [ 1476060.981193396262825, 2350339.440009056590497 ], [ 1476234.330447625834495, 2350329.488524290733039 ], [ 1476231.406508902087808, 2350254.158965797629207 ], [ 1476381.207160883117467, 2350232.721694408915937 ], [ 1476233.025833677733317, 2349959.236174755729735 ], [ 1476209.638799748849124, 2349677.419431902468204 ], [ 1476199.404821077594534, 2349672.328091213013977 ], [ 1476190.418684145668522, 2349663.945228956174105 ], [ 1476185.697770186699927, 2349654.692514284979552 ], [ 1476185.110057135112584, 2349646.805625066161156 ], [ 1476185.572147366125137, 2349638.980731096118689 ], [ 1476188.26587410736829, 2349629.044142656493932 ], [ 1476191.877383041661233, 2349621.40523264138028 ], [ 1476198.638316758908331, 2349613.952307410538197 ], [ 1476207.366846068296582, 2349608.859058604575694 ], [ 1476217.996957628522068, 2349607.243332786485553 ], [ 1476226.461441778810695, 2349606.621462162584066 ], [ 1476235.777691903524101, 2349609.415122421924025 ], [ 1476243.912100206594914, 2349614.382477711420506 ], [ 1476251.914471325697377, 2349621.585525953676552 ], [ 1476255.717602829681709, 2349628.54058339074254 ], [ 1476259.322676862357184, 2349638.849174056667835 ], [ 1478330.850160978967324, 2349455.067980354186147 ] ] } },
{ "type": "Feature", "properties": { "route_name": "Circuito Colonias_Circuito Colonias y Hospitales", "route_name_short": "Circuito Colonias y Hospitales", "route_type": 3, "agency_id": "Red_de_Transporte_Merida", "route_id": "Circuito Colonias_Circuito Colonias y Hospitales", "shape_id": "Shape_Circuito Colonias_Circuito Colonias y Hospitales" }, "geometry": { "type": "LineString", "coordinates": [ [ 1476208.15900399023667, 2349595.444948199670762 ], [ 1476075.045439256820828, 2346477.021394167095423 ], [ 1476063.267539851367474, 2346337.232830508612096 ], [ 1476047.807245495263487, 2346224.148757688235492 ], [ 1476000.528763381764293, 2346060.955122034996748 ], [ 1475945.76656916225329, 2345899.564487091265619 ], [ 1475809.117958325427026, 2345643.611952400766313 ], [ 1475706.241994421929121, 2345493.971358463168144 ], [ 1475523.828804986784235, 2345299.266201515682042 ], [ 1475567.869117176393047, 2345285.034384282771498 ], [ 1475783.631734893191606, 2345432.349438208620995 ], [ 1476052.413284204900265, 2345609.714902042411268 ], [ 1476176.303845690796152, 2345688.807449547573924 ], [ 1476284.512881627073511, 2345747.907516506500542 ], [ 1476494.760832436382771, 2345863.503441364038736 ], [ 1476738.867214584257454, 2345994.561383224092424 ], [ 1476814.278282813262194, 2345984.427041953895241 ], [ 1476786.113088829442859, 2345783.094514244701713 ], [ 1476760.366265860386193, 2345612.192217564210296 ], [ 1476897.023150244029239, 2345564.16489841369912 ], [ 1476978.878739691805094, 2345516.270891476422548 ], [ 1477128.980913410894573, 2345508.299358111806214 ], [ 1477417.504473046865314, 2345493.914215851575136 ], [ 1477397.50800794409588, 2345422.062976420857012 ], [ 1477351.775648899376392, 2345375.615610336419195 ], [ 1477347.514512689318508, 2345358.537729768548161 ], [ 1477279.821084625087678, 2345219.932301297783852 ], [ 1477265.464416686911136, 2345159.632011069450527 ], [ 1477210.978495144983754, 2344957.866524140816182 ], [ 1477202.201248793629929, 2344892.286856004968286 ], [ 1477176.207327605225146, 2344654.063087064307183 ], [ 1477166.345271940808743, 2344463.904816553462297 ], [ 1477159.0646095527336, 2344444.405649008695036 ], [ 1477152.667769773397595, 2344302.687385224271566 ], [ 1477076.660037244437262, 2344304.936332293320447 ], [ 1477073.983956509735435, 2344243.082209310494363 ], [ 1477065.708125705365092, 2343990.200321542099118 ], [ 1477207.483860402368009, 2343998.558683943003416 ], [ 1477197.675325833959505, 2343843.178273373749107 ], [ 1477154.485269638244063, 2343842.875597442965955 ], [ 1477150.099321484565735, 2343792.138169358950108 ], [ 1477193.55310724535957, 2343787.969306122977287 ], [ 1477336.908516417024657, 2343787.447028016671538 ], [ 1477358.839086171006784, 2344023.187792617361993 ], [ 1477218.245060354005545, 2344012.65422233287245 ], [ 1477074.369033710099757, 2344004.171898963861167 ], [ 1477083.290600966196507, 2344299.718510217964649 ], [ 1477161.662373442202806, 2344293.121957955881953 ], [ 1477166.618049275595695, 2344423.537721246946603 ], [ 1477176.324090656358749, 2344455.519222809933126 ], [ 1477189.647364497417584, 2344712.065302078612149 ], [ 1477211.190908423624933, 2344900.669403878971934 ], [ 1477219.379543446702883, 2344958.362068762071431 ], [ 1477244.096370136830956, 2345057.413081862032413 ], [ 1477286.781294395681471, 2345209.125324924942106 ], [ 1477359.065710644703358, 2345359.219311695080251 ], [ 1477382.487335382029414, 2345390.8889763308689 ], [ 1477402.038259565364569, 2345416.721479911357164 ], [ 1477433.844315291848034, 2345502.730849152430892 ], [ 1477134.753873725421727, 2345517.613998956978321 ], [ 1476978.219340172130615, 2345527.449519577436149 ], [ 1476897.611683229915798, 2345572.05186301516369 ], [ 1476771.587478844914585, 2345618.462747093290091 ], [ 1476797.263305411674082, 2345808.430643439758569 ], [ 1476824.317230333341286, 2345992.871491174213588 ], [ 1476733.155384951503947, 2346002.076688785105944 ], [ 1476297.175111137330532, 2345765.479974343441427 ], [ 1476118.752461477648467, 2345664.102414553985 ], [ 1475946.237242940347642, 2345551.858613185584545 ], [ 1475800.033967765513808, 2345457.993520148098469 ], [ 1475576.398005932103842, 2345301.240635390393436 ], [ 1475566.420695282518864, 2345309.626661341637373 ], [ 1475649.951424144674093, 2345394.188134987372905 ], [ 1475735.709505523554981, 2345494.585634577088058 ], [ 1475857.544422595761716, 2345680.116929215844721 ], [ 1475948.595400670077652, 2345869.44471808988601 ], [ 1476036.019310990348458, 2346120.255107048433274 ], [ 1476059.880300689954311, 2346233.834297651425004 ], [ 1476087.527256760746241, 2346426.157848061062396 ], [ 1476100.760033385595307, 2346773.552211205009371 ], [ 1476123.007831925991923, 2347253.843135531526059 ], [ 1476140.794290493242443, 2347702.463540525641292 ], [ 1476182.260662071174011, 2348570.890011253766716 ], [ 1476204.68722767662257, 2349011.935179639607668 ], [ 1476236.893516174051911, 2349608.359276723116636 ], [ 1476248.111335588153452, 2349614.630470681469887 ], [ 1476260.900626456364989, 2349629.96842406084761 ], [ 1476254.984932964434847, 2349658.784359909594059 ], [ 1476243.43058984936215, 2349676.049857092089951 ], [ 1476228.469256710959598, 2349679.653240920975804 ], [ 1476206.489388139452785, 2349677.233439724426717 ], [ 1476191.468488438986242, 2349664.007224917411804 ], [ 1476175.001685970230028, 2349657.426089068409055 ], [ 1475818.64535261457786, 2349680.133267173543572 ], [ 1475879.36697080777958, 2350346.661584994755685 ], [ 1476453.606322855455801, 2350326.739363114815205 ], [ 1476582.280926839448512, 2350466.71014596009627 ], [ 1476660.521137292264029, 2350550.979129083454609 ], [ 1476725.517687862971798, 2350609.787248304113746 ], [ 1476767.434346766676754, 2350631.335047706961632 ], [ 1476805.878851681482047, 2350640.338344136252999 ], [ 1476869.062596824485809, 2350640.708490614313632 ], [ 1477075.997726083733141, 2350650.700699563603848 ], [ 1477337.587869654409587, 2350662.806514587718993 ], [ 1477604.428389261942357, 2350675.227118 ], [ 1477817.79782144469209, 2350683.365739444736391 ], [ 1477855.069399895146489, 2350676.597148967441171 ], [ 1477882.363721972797066, 2350678.212500179186463 ], [ 1477896.862187491264194, 2350682.435964945238084 ], [ 1477910.046219739597291, 2350691.068835882935673 ], [ 1477920.866024201968685, 2350704.048980409745127 ], [ 1477927.354358827229589, 2350719.016365641728044 ], [ 1477935.545242318185046, 2350740.815314418170601 ], [ 1477940.132477484177798, 2350752.30480195581913 ], [ 1477949.0511494865641, 2350761.807074741460383 ], [ 1477959.284261075081304, 2350766.899966632016003 ], [ 1477972.666702967137098, 2350772.179280781187117 ], [ 1477990.248253393685445, 2350777.707165270578116 ], [ 1478082.685948798898607, 2350800.006094459444284 ], [ 1478352.584218100178987, 2350867.58926856983453 ], [ 1478442.856032810173929, 2350890.884138451889157 ], [ 1478528.994884616229683, 2350912.812991473358124 ], [ 1478532.607713824603707, 2350905.174260321538895 ], [ 1478537.535174337215722, 2350893.12612666003406 ], [ 1478547.512931235600263, 2350884.74256361881271 ], [ 1478556.176064156461507, 2350880.768405586946756 ], [ 1478563.392140773590654, 2350883.439444434829056 ], [ 1478574.60871943901293, 2350889.712891292758286 ], [ 1478582.609720670618117, 2350896.917704214341938 ], [ 1478599.538723337929696, 2350895.676802934147418 ], [ 1478625.982033514417708, 2350893.877663968130946 ], [ 1478653.475156082306057, 2350892.140748930629343 ], [ 1478720.40650386409834, 2350882.643725367728621 ], [ 1478899.675911431200802, 2350861.85329775698483 ], [ 1479177.638328039553016, 2350828.963932774960995 ], [ 1479295.4257615392562, 2350814.630062522832304 ], [ 1479470.433861325494945, 2350794.714178502094001 ], [ 1479686.651350814150646, 2350772.755881272722036 ], [ 1479794.860222334507853, 2350760.100806661415845 ], [ 1479811.922598020639271, 2350756.625188912265003 ], [ 1479828.786104164551944, 2350756.503358924295753 ], [ 1479847.682975137140602, 2350757.623985776212066 ], [ 1479885.012647065334022, 2350767.69078625831753 ], [ 1479970.954842389794067, 2350792.981327037326992 ], [ 1479991.885084118461236, 2350795.344598013907671 ], [ 1480015.975923334946856, 2350779.94557757396251 ], [ 1480111.223656887188554, 2350719.405322883278131 ], [ 1480121.07005740259774, 2350713.258201195392758 ], [ 1480130.463452065829188, 2350696.987425833474845 ], [ 1480134.276099493727088, 2350685.994934536051005 ], [ 1480138.685566869098693, 2350664.941058225929737 ], [ 1480147.029144506435841, 2350648.60800147568807 ], [ 1480325.372793225105852, 2350448.276242490392178 ], [ 1480636.228882622439414, 2350109.962407205253839 ], [ 1480953.606566056376323, 2349750.719823633786291 ], [ 1480953.883442733669654, 2349728.298503987956792 ], [ 1480856.995155821088701, 2349567.729395625647157 ], [ 1480754.40171215031296, 2349396.726405273191631 ], [ 1480637.448746529873461, 2349201.31403576862067 ], [ 1480583.369633739814162, 2349100.503802764229476 ], [ 1480621.431441156659275, 2348991.6953025306575 ], [ 1480093.381348378024995, 2348941.318835112266243 ], [ 1480094.19671044498682, 2348892.0053855990991 ], [ 1480543.760782451368868, 2348720.084034142550081 ], [ 1480515.331215282902122, 2348630.892609247006476 ], [ 1480535.092447580536827, 2348617.479815354570746 ], [ 1480612.881446630461141, 2348691.64785813447088 ], [ 1480877.220888939220458, 2348587.281651616562158 ], [ 1481009.884273915551603, 2348535.689729117322713 ], [ 1481161.12841613823548, 2348472.859830382280052 ], [ 1481190.274379847804084, 2348461.12603969220072 ], [ 1481248.710222162073478, 2348417.473019737750292 ], [ 1481273.402167715597898, 2348392.012360946275294 ], [ 1481290.346150173339993, 2348372.823436413891613 ], [ 1481316.364636747399345, 2348325.003586045932025 ], [ 1481330.634006336098537, 2348279.852405779995024 ], [ 1481339.586946442956105, 2348235.507720900233835 ], [ 1481342.107066647615284, 2348193.02521254401654 ], [ 1481340.371738059911877, 2348133.461851876229048 ], [ 1481343.154596821870655, 2347766.767538920044899 ], [ 1481695.609202994732186, 2347847.136051279958338 ], [ 1481709.803495010826737, 2347607.890606049913913 ], [ 1481698.385319883003831, 2347604.969401200767606 ], [ 1481689.332588263321668, 2347597.700920651201159 ], [ 1481672.46506614331156, 2347597.822166488040239 ], [ 1481643.914095258805901, 2347599.494140147231519 ], [ 1481608.277913701022044, 2347596.258254915475845 ], [ 1481582.225038968026638, 2347591.347113524097949 ], [ 1481345.582856592256576, 2347548.142352067865431 ], [ 1481349.855277699418366, 2347316.163907651323825 ], [ 1481386.939723620191216, 2347312.75347917014733 ], [ 1481570.119132879655808, 2347315.763591743540019 ], [ 1481717.927781518083066, 2347311.067962495610118 ], [ 1482128.086159565486014, 2347289.40462458319962 ], [ 1482443.275158054661006, 2347269.966300445143133 ], [ 1482509.764306116383523, 2347268.303643248043954 ], [ 1482545.601039833389223, 2347268.187260961625725 ], [ 1482584.322669366374612, 2347272.729948176536709 ], [ 1482613.062234534882009, 2347285.655534116085619 ], [ 1482655.574110805755481, 2347315.1059625511989 ], [ 1482699.72140483930707, 2347352.507214793004096 ], [ 1482787.043882090365514, 2347408.179680124856532 ], [ 1482827.002457717200741, 2347427.381748333573341 ], [ 1482902.332878911402076, 2347454.294460192788392 ], [ 1482862.305379936238751, 2347631.427529939450324 ], [ 1482828.271130537614226, 2347778.624005938414484 ], [ 1482837.684654634678736, 2347833.036267422605306 ], [ 1482840.87640296947211, 2347868.0060018831864 ], [ 1482836.530759835150093, 2347887.942788594868034 ], [ 1482815.026758790481836, 2347948.372112120501697 ], [ 1482679.222112226532772, 2347963.866291552316397 ], [ 1482520.926339626312256, 2347949.977506010793149 ], [ 1482535.845280176494271, 2347822.963348746765405 ], [ 1482531.325131467077881, 2347810.353700334671885 ], [ 1482519.520773365627974, 2347796.189589039422572 ], [ 1482500.631342025473714, 2347777.117076138500124 ], [ 1482489.092461836058646, 2347758.48105716984719 ], [ 1482503.877800706308335, 2347633.702895652968436 ], [ 1482528.263516837963834, 2347382.716674183961004 ], [ 1482535.486270044930279, 2347278.806072059087455 ], [ 1482382.29049707413651, 2347285.419028528500348 ], [ 1482221.479331130161881, 2347296.069002596195787 ], [ 1481981.513397398870438, 2347308.755072817672044 ], [ 1481958.09761858638376, 2347596.818938432727009 ], [ 1481965.116481523495167, 2347602.845007832627743 ], [ 1481970.886228929972276, 2347612.162694954313338 ], [ 1481969.239059101557359, 2347622.162160941865295 ], [ 1481961.291408604476601, 2347631.787741183303297 ], [ 1481952.691742885857821, 2347634.643156940117478 ], [ 1481943.307370541617274, 2347632.964363137725741 ], [ 1481925.588706377428025, 2347629.66910515120253 ], [ 1481911.152959220344201, 2347624.32485185097903 ], [ 1481887.26649729674682, 2347618.419831621926278 ], [ 1481754.105650990735739, 2347607.153241421561688 ], [ 1481717.485649206675589, 2347602.736839895602316 ], [ 1481700.063513325760141, 2347860.863195139914751 ], [ 1481656.292718388140202, 2347852.656685590278357 ], [ 1481357.844527460867539, 2347785.589097695890814 ], [ 1481352.795227297116071, 2348208.243884464260191 ], [ 1481344.229091461747885, 2348263.830479487776756 ], [ 1481334.690342246554792, 2348300.287146994844079 ], [ 1481320.885199330979958, 2348337.612600584514439 ], [ 1481311.490236238110811, 2348353.883675799239427 ], [ 1481297.563617165433243, 2348375.495385999791324 ], [ 1481279.436969606904313, 2348396.85793427284807 ], [ 1481254.546055341605097, 2348425.672460999339819 ], [ 1481207.991871974430978, 2348464.420820389408618 ], [ 1481165.582662006374449, 2348486.586730257607996 ], [ 1481131.905187563737854, 2348503.66118614282459 ], [ 1481036.06792200030759, 2348538.364603377878666 ], [ 1480887.124104415997863, 2348597.965893807355314 ], [ 1480544.147949997568503, 2348731.325706586241722 ], [ 1480504.897697577718645, 2348629.152204125188291 ], [ 1480101.621105187572539, 2348642.271004767157137 ], [ 1480105.55755712557584, 2348878.094536695629358 ], [ 1480112.224348278250545, 2348925.607731762807816 ], [ 1480366.832743937615305, 2348949.674758849665523 ], [ 1480638.042663698317483, 2348978.095976153388619 ], [ 1480628.051911660004407, 2349004.428525483701378 ], [ 1480597.483069520443678, 2349093.487624963279814 ], [ 1480596.687519603874534, 2349106.902942303102463 ], [ 1480677.512808173662052, 2349254.174640881363302 ], [ 1480729.302772469352931, 2349340.26548330578953 ], [ 1480836.549772781785578, 2349521.641052131075412 ], [ 1480792.88326328760013, 2349565.047643192578107 ], [ 1480756.30114165879786, 2349613.362050362396985 ], [ 1480854.712954441551119, 2349854.796383862849325 ], [ 1480868.54929897445254, 2349870.201916325837374 ], [ 1480849.307769942097366, 2349892.619731215760112 ], [ 1480246.953029393684119, 2350562.542358948849142 ], [ 1480149.90223488304764, 2350671.21573512069881 ], [ 1480138.464267159346491, 2350704.193211248610169 ], [ 1480130.187013072427362, 2350719.408327184151858 ], [ 1480113.776344718877226, 2350729.653522567357868 ], [ 1480005.134996053762734, 2350802.861656470224261 ], [ 1479990.23849240061827, 2350805.343682929407805 ], [ 1479973.507570816203952, 2350803.229476016946137 ], [ 1479950.809216722613201, 2350795.15205835737288 ], [ 1479894.781616548774764, 2350780.610577913466841 ], [ 1479863.81722569023259, 2350769.79936941107735 ], [ 1479840.853651104494929, 2350766.193838543258607 ], [ 1479824.973679279442877, 2350767.495833243243396 ], [ 1479802.794769132044166, 2350768.424310356844217 ], [ 1479712.565453589428216, 2350779.901704854331911 ], [ 1479430.397896284703165, 2350812.534026544075459 ], [ 1478681.488324763253331, 2350899.409247828181833 ], [ 1478596.512133108451962, 2350911.202986983116716 ], [ 1478584.633424389176071, 2350916.108475166838616 ], [ 1478573.473436317639425, 2350926.665627237875015 ], [ 1478568.943230436183512, 2350932.0063840970397 ], [ 1478557.263191762845963, 2350933.558197016827762 ], [ 1478550.964496822096407, 2350933.185121568851173 ], [ 1478542.698663680814207, 2350930.451901683118194 ], [ 1478536.731030823662877, 2350924.489358454477042 ], [ 1478525.382057222537696, 2350920.451722127385437 ], [ 1478003.167485141661018, 2350790.811690384056419 ], [ 1477957.638970070518553, 2350776.898764702025801 ], [ 1477946.42225583200343, 2350770.625853846780956 ], [ 1477937.371257444610819, 2350763.359343511518091 ], [ 1477930.287476545199752, 2350758.45287286164239 ], [ 1477926.617687922902405, 2350749.261286253575236 ], [ 1477918.49296876648441, 2350726.344463893212378 ], [ 1477913.77337855566293, 2350717.090752710588276 ], [ 1477906.755731712095439, 2350711.066422292031348 ], [ 1477893.571719937957823, 2350702.433548165485263 ], [ 1477878.089654530398548, 2350697.030069628730416 ], [ 1477851.911305126268417, 2350694.358962150290608 ], [ 1477814.97054711333476, 2350695.538151141721755 ], [ 1477455.484489307971671, 2350682.12020627874881 ], [ 1477106.76346277911216, 2350664.859539675991982 ], [ 1476794.720428785309196, 2350650.896300935186446 ], [ 1476740.793945833109319, 2350636.490763184148818 ], [ 1476730.891111458418891, 2350625.809526479337364 ], [ 1476698.620472939219326, 2350601.466749912127852 ], [ 1476683.60095590678975, 2350588.23959718644619 ], [ 1476454.186649025883526, 2350352.57391871791333 ], [ 1476425.387643954250962, 2350340.776479110121727 ], [ 1476341.729636836796999, 2350348.172778766136616 ], [ 1476168.842229725793004, 2350350.298214425798506 ], [ 1475788.883919564308599, 2350362.631231524515897 ], [ 1475783.349527944345027, 2350242.279324570670724 ], [ 1475772.757553287316114, 2350136.211359323468059 ], [ 1475750.101964691653848, 2350002.509795586578548 ], [ 1475736.69552605249919, 2349872.719662403687835 ], [ 1475722.98223539092578, 2349676.729714235756546 ], [ 1476172.188721485901624, 2349633.703435262199491 ], [ 1476186.166261224076152, 2349628.920152971055359 ], [ 1476206.31703784246929, 2349608.797063012607396 ] ] } },
{ "type": "Feature", "properties": { "route_name": "Circuito Metropolitano_Circuito Metropolitano Ruta 1", "route_name_short": "Circuito Metropolitano Ruta 1", "route_type": 3, "agency_id": "Red_de_Transporte_Merida", "route_id": "Circuito Metropolitano_Circuito Metropolitano Ruta 1", "shape_id": "Shape_Circuito Metropolitano_Circuito Metropolitano Ruta 1" }, "geometry": { "type": "LineString", "coordinates": [ [ 1475347.445344135165215, 2345127.35405941400677 ], [ 1475547.766272868495435, 2344230.568245789501816 ], [ 1475569.687515232246369, 2344234.102107276208699 ], [ 1476008.094861424528062, 2344036.694286101032048 ], [ 1476250.53290802333504, 2344482.837644771207124 ], [ 1477629.35188151197508, 2344439.613250239286572 ], [ 1477628.81922748289071, 2344466.504287904594094 ], [ 1477746.048149003414437, 2344462.203141644131392 ], [ 1477738.534967265557498, 2344339.486635693348944 ], [ 1478145.298733324278146, 2344321.984746284782887 ], [ 1478335.918094822438434, 2344306.313954756595194 ], [ 1478533.626217179000378, 2344295.550847806036472 ], [ 1478559.586840546224266, 2344195.000189341139048 ], [ 1478575.633460186887532, 2344101.71667875116691 ], [ 1479142.557425486156717, 2344138.564973046537489 ], [ 1479160.947975476272404, 2343738.041729041840881 ], [ 1479150.577460777945817, 2343735.185538912657648 ], [ 1479153.507693431805819, 2343614.20272162090987 ], [ 1479149.679819151991978, 2343482.724466453772038 ], [ 1478872.870292811188847, 2343458.525725799612701 ], [ 1478910.905835708603263, 2342957.081055611837655 ], [ 1479886.837271245429292, 2343029.304732711985707 ], [ 1479721.355809817556292, 2343528.837917141150683 ], [ 1479972.598725508898497, 2343807.319359849207103 ], [ 1480241.83017260604538, 2343585.406356160528958 ], [ 1480254.044440473429859, 2343574.910090460907668 ], [ 1480274.198378917528316, 2343572.73622872075066 ], [ 1480281.873609082773328, 2343585.530395354144275 ], [ 1480290.510807015001774, 2343653.352043202146888 ], [ 1480711.811960319057107, 2343676.026425510179251 ], [ 1480725.476535205729306, 2343801.361545317806304 ], [ 1480730.217012306209654, 2343917.193897015415132 ], [ 1481170.875975467730314, 2343951.125053860712796 ], [ 1480956.115713702980429, 2344445.499788377899677 ], [ 1481303.421395412879065, 2344471.671357557177544 ], [ 1481325.145959063433111, 2344478.567219773307443 ], [ 1481337.806356666143984, 2344496.145190429873765 ], [ 1481353.617514201207086, 2344513.909770132508129 ], [ 1481358.661180241499096, 2344535.524258956778795 ], [ 1481360.554035709938034, 2344556.952161120716482 ], [ 1481356.274912500288337, 2345589.955724695697427 ], [ 1481371.441325166495517, 2345583.001120223663747 ], [ 1481957.0051573747769, 2345251.965219400823116 ], [ 1482100.142858720151708, 2345184.160632976330817 ], [ 1482227.706675301771611, 2345147.96883085463196 ], [ 1482412.218141989549622, 2345608.79913021158427 ], [ 1482322.879842909984291, 2346368.648914885241538 ], [ 1482324.228355568367988, 2346416.971472414210439 ], [ 1482311.935227723326534, 2346553.116329369135201 ], [ 1482310.076874415390193, 2346691.002235278487206 ], [ 1482311.601349502801895, 2346771.870964339468628 ], [ 1482685.707701172214001, 2346807.537583493161947 ], [ 1482733.429104506736621, 2346802.516973931342363 ], [ 1482783.649143834365532, 2346790.913210304453969 ], [ 1482855.403469240060076, 2346771.61257552774623 ], [ 1482937.339735380373895, 2346740.575383159331977 ], [ 1483035.493655276950449, 2346702.647846584673971 ], [ 1483232.52166228974238, 2346632.446354147512466 ], [ 1483556.66230025771074, 2346515.943316060584038 ], [ 1483560.439574516378343, 2346558.802131985779852 ], [ 1483640.977225197479129, 2347207.593070467468351 ], [ 1483669.333829190814868, 2347386.548669494688511 ], [ 1483721.443039843346924, 2347750.919198189862072 ], [ 1483205.051354633178562, 2347627.105854684486985 ], [ 1483116.987521931529045, 2347601.678626507986337 ], [ 1483049.871945595368743, 2347560.66721179196611 ], [ 1482867.280700560193509, 2347458.944275077432394 ], [ 1482771.877534600906074, 2347415.132589416578412 ], [ 1482627.154563070740551, 2347314.5405178302899 ], [ 1482590.677875519264489, 2347289.936213959939778 ], [ 1482570.991139144171029, 2347284.279701539315283 ], [ 1482529.970202276017517, 2347282.966318548191339 ], [ 1482184.526524348184466, 2347297.241711787879467 ], [ 1481959.195948752807453, 2347311.918540695682168 ], [ 1481642.376473835669458, 2347323.415047672111541 ], [ 1481357.924492831807584, 2347322.251853792462498 ], [ 1481356.739015225786716, 2347768.695118335075676 ], [ 1481551.110235262662172, 2347813.88142819982022 ], [ 1481704.993405830580741, 2347848.814745384734124 ], [ 1481873.135901915375143, 2347856.548172704409808 ], [ 1481894.734279659576714, 2347847.732704100199044 ], [ 1481916.984676378080621, 2347845.687415805645287 ], [ 1481936.217590583954006, 2347841.219251985196024 ], [ 1481952.620552145410329, 2347848.924193909857422 ], [ 1481976.573017621180043, 2347853.711474203504622 ], [ 1481995.142448404803872, 2347860.423135808203369 ], [ 1482229.24137899139896, 2347875.440619956701994 ], [ 1482252.276577170705423, 2347877.930039063561708 ], [ 1482324.707673480268568, 2347918.13174301572144 ], [ 1482538.192264821613207, 2347943.149321775417775 ], [ 1482517.720242376439273, 2348128.174099446740001 ], [ 1482500.707800085423514, 2348148.480435539968312 ], [ 1482484.29294874239713, 2348158.724889689125121 ], [ 1482471.028296461794525, 2348169.156432168092579 ], [ 1482460.781046299263835, 2348182.011030602734536 ], [ 1482448.003461706917733, 2348343.931950934696943 ], [ 1482439.553752112202346, 2348415.233594499528408 ], [ 1482424.496472353115678, 2348455.850688668899238 ], [ 1482403.989840861409903, 2348499.509901176672429 ], [ 1482845.660272703040391, 2348621.112902933266014 ], [ 1483191.523010187316686, 2348723.571088918019086 ], [ 1483298.348002580460161, 2348752.360855447594076 ], [ 1483298.745903968345374, 2348834.287383295129985 ], [ 1483287.513233851175755, 2348934.595684060826898 ], [ 1483277.263933765236288, 2349036.08438458526507 ], [ 1483276.982771139126271, 2349147.141445908695459 ], [ 1483274.961020146496594, 2349216.582597232423723 ], [ 1483279.385873117949814, 2349266.21186555037275 ], [ 1483298.186891376273707, 2349481.624039906077087 ], [ 1483311.53658574167639, 2349700.078218599781394 ], [ 1483304.61019623093307, 2349745.666603988967836 ], [ 1483282.399647125508636, 2349782.492144420742989 ], [ 1483268.203969076275826, 2349808.574806690681726 ], [ 1483276.162636443041265, 2349869.63400984974578 ], [ 1483285.447149584535509, 2349996.967775238212198 ], [ 1483295.619490016717464, 2350162.501148879528046 ], [ 1483286.830302801914513, 2350239.393575868569314 ], [ 1483271.745288595557213, 2350475.229895126540214 ], [ 1483255.180853511672467, 2350753.612688843626529 ], [ 1483232.404232084285468, 2351083.235996393486857 ], [ 1483228.811230684630573, 2351143.608109238091856 ], [ 1483226.230966156348586, 2351169.259670732077211 ], [ 1483223.983384287916124, 2351189.321220573503524 ], [ 1483209.93566482514143, 2351195.216932530980557 ], [ 1483189.987885721959174, 2351194.029746770393103 ], [ 1483100.616041910136119, 2351350.273124021012336 ], [ 1483042.437822779407725, 2351478.07983928360045 ], [ 1483024.331745491363108, 2351552.173405857291073 ], [ 1483007.756023610010743, 2351600.553009735886008 ], [ 1482994.49243568116799, 2351610.983201032504439 ], [ 1482978.478528218809515, 2351614.517980081029236 ], [ 1482728.296574977925047, 2351587.289357878733426 ], [ 1482236.817639525514096, 2351755.515188988298178 ], [ 1482230.504697810625657, 2351773.09066965430975 ], [ 1482219.40808378951624, 2351782.528119333554059 ], [ 1482205.427976814797148, 2351787.306354135740548 ], [ 1482188.564373188652098, 2351787.425384920556098 ], [ 1482169.919612213037908, 2351799.77975039742887 ], [ 1482055.483666460495442, 2351970.239251433871686 ], [ 1481319.58213774766773, 2351465.390454282052815 ], [ 1481011.032243187073618, 2351214.830320301000029 ], [ 1480715.602777092717588, 2350956.083885318599641 ], [ 1480646.801881182473153, 2350908.246625830885023 ], [ 1480506.966405853629112, 2351116.469699063338339 ], [ 1480503.087074519367889, 2351128.580108063295484 ], [ 1480501.89273171685636, 2351148.703020205721259 ], [ 1480740.375881992978975, 2351390.602118032984436 ], [ 1480907.515690589789301, 2351556.469539652112871 ], [ 1481156.538327401969582, 2351815.834528759587556 ], [ 1481415.200294252019376, 2352072.41401245445013 ], [ 1481538.980319123249501, 2352205.425284405704588 ], [ 1481689.70620470540598, 2352363.600760286673903 ], [ 1481797.098271746188402, 2352470.959273084066808 ], [ 1481850.846233227755874, 2352541.470971817616373 ], [ 1481870.882488495670259, 2352594.271090012975037 ], [ 1481877.789519854821265, 2352655.265814596787095 ], [ 1481879.010477736825123, 2352687.874253517016768 ], [ 1481878.079560231650248, 2352703.525833578780293 ], [ 1481887.06187222385779, 2352711.913560059852898 ], [ 1481887.513166309799999, 2352722.037729624658823 ], [ 1481885.798458210192621, 2352733.154993225820363 ], [ 1481874.635994983371347, 2352743.710313922259957 ], [ 1481862.955753949470818, 2352745.259442405775189 ], [ 1481846.558718258980662, 2352737.55264364881441 ], [ 1481830.546502282842994, 2352741.087990454398096 ], [ 1481658.79745633713901, 2352794.823302976321429 ], [ 1481587.173912744037807, 2352847.781939654611051 ], [ 1481580.077750222291797, 2352860.822966193314642 ], [ 1481570.098306061234325, 2352869.204875456634909 ], [ 1481555.202591963578016, 2352871.684870492201298 ], [ 1481537.490069431718439, 2352868.387808203697205 ], [ 1481084.854923107661307, 2353110.735793826635927 ], [ 1480985.757014827802777, 2353147.477693347726017 ], [ 1480978.794333050958812, 2353158.28283995995298 ], [ 1480969.665810574311763, 2353170.081153777893633 ], [ 1480952.804166170302778, 2353170.200863473117352 ], [ 1480940.539996082894504, 2353163.862454649992287 ], [ 1480626.110884341411293, 2353296.632377265021205 ], [ 1480618.683520970167592, 2353315.263141576200724 ], [ 1480607.004167659441009, 2353316.812938679475337 ], [ 1480594.607268580701202, 2353312.710671935696155 ], [ 1480538.496147925499827, 2353335.180118680931628 ], [ 1480370.429761670762673, 2353398.117485221475363 ], [ 1480367.865528831258416, 2353405.818314394447953 ], [ 1480356.771118028089404, 2353415.256151662673801 ], [ 1480340.042830180609599, 2353413.140508286189288 ], [ 1480137.858408274129033, 2353483.027621150016785 ], [ 1479934.320156935136765, 2353522.545524788089097 ], [ 1479742.19728231523186, 2353564.986891074106097 ], [ 1479466.823352885898203, 2353608.097327438183129 ], [ 1479460.977961037773639, 2353617.847029183059931 ], [ 1479486.620255347108468, 2353824.668449624441564 ], [ 1479522.95581445004791, 2354028.759644043631852 ], [ 1479572.646662534214556, 2354362.65822628326714 ], [ 1479614.638133311644197, 2354631.032902430277318 ], [ 1479635.140965386293828, 2354764.630373543128371 ], [ 1479190.795642318436876, 2354815.649406168144196 ], [ 1479123.359021676471457, 2354816.132823152467608 ], [ 1479123.396194395376369, 2354762.286417208611965 ], [ 1478469.167029056698084, 2354676.341046441812068 ], [ 1478236.379900354193524, 2354641.217149422504008 ], [ 1478133.326503871008754, 2354638.470405336935073 ], [ 1478013.160523362923414, 2354622.369573413860053 ], [ 1477873.782712454441935, 2354592.790701791644096 ], [ 1477565.497272524982691, 2354552.07909308699891 ], [ 1477586.530204508919269, 2354481.530693335458636 ], [ 1477238.4489676496014, 2354401.448627706617117 ], [ 1477221.457847958430648, 2354403.807308044284582 ], [ 1477199.540121763013303, 2354418.213764904532582 ], [ 1477176.308005071245134, 2354437.029501985292882 ], [ 1477144.354081344325095, 2354567.506962977815419 ], [ 1477148.022296828450635, 2354576.698570312932134 ], [ 1477154.044271376915276, 2354599.491053798235953 ], [ 1477149.902264604112133, 2354616.072418925818056 ], [ 1477139.926817682106048, 2354624.45566762983799 ], [ 1477124.968755260575563, 2354628.05657335370779 ], [ 1477113.55660904198885, 2354625.136870605871081 ], [ 1477101.691007413901389, 2354612.094262185972184 ], [ 1477095.271621368825436, 2354596.008980663027614 ], [ 1477098.032915657153353, 2354584.954741767607629 ], [ 1477107.289967566728592, 2354570.919990522321314 ], [ 1477119.496890070848167, 2354560.425353677012026 ], [ 1477223.651869375724345, 2354117.881868014112115 ], [ 1477209.554224022198468, 2354106.950675412546843 ], [ 1477204.968692484078929, 2354095.461188825778663 ], [ 1477205.961978322826326, 2354078.693254543468356 ], [ 1477213.838561292272061, 2354070.185560634825379 ], [ 1477221.781371027231216, 2354060.56000460870564 ], [ 1477236.872374036349356, 2354054.723249542526901 ], [ 1477252.655500223394483, 2353983.863906341139227 ], [ 1477286.595599820837379, 2353819.850001648999751 ], [ 1477322.955932126846164, 2353668.318945706821978 ], [ 1477369.454030545894057, 2353452.324481218587607 ], [ 1477412.528570069465786, 2353258.56272649159655 ], [ 1477493.731318096863106, 2352918.982518895994872 ], [ 1477568.900806586723775, 2352574.557046459056437 ], [ 1477665.441260024672374, 2352136.043792097829282 ], [ 1477729.753957533510402, 2351850.428863814100623 ], [ 1477137.302263779565692, 2351875.93837162014097 ], [ 1477179.541799462400377, 2352034.364940317347646 ], [ 1477186.607306867372245, 2352075.1670898552984 ], [ 1477187.440852513536811, 2352114.478664419148117 ], [ 1477188.296065021771938, 2352242.412049071397632 ], [ 1477199.45175812439993, 2352498.838058402296156 ], [ 1477204.020118751330301, 2352546.223242975305766 ], [ 1477199.634444421390072, 2352655.898105318192393 ], [ 1477174.590180126950145, 2353132.294023428112268 ], [ 1477044.56220603780821, 2353140.300590243656188 ], [ 1476931.85326469829306, 2353656.375328067690134 ], [ 1476909.973229896277189, 2353723.508100556675345 ], [ 1476837.29805133282207, 2354079.294339960440993 ], [ 1476889.718379120808095, 2354065.571868151426315 ], [ 1476880.915273098740727, 2354089.729617972392589 ], [ 1476843.585703192511573, 2354097.615045285783708 ], [ 1476801.263756008818746, 2354118.66619081934914 ], [ 1476757.296705018728971, 2354149.715924532152712 ], [ 1476627.164782733190805, 2354248.578954051714391 ], [ 1476486.340895074186847, 2354350.174594641663134 ], [ 1475984.288916613906622, 2354309.242586415726691 ], [ 1475730.90534745529294, 2354284.156072645448148 ], [ 1475550.590585267869756, 2354270.125411562155932 ], [ 1475149.614729823544621, 2354407.943261243868619 ], [ 1475140.301639998797327, 2354405.149198131635785 ], [ 1475134.665672533446923, 2354393.598763590678573 ], [ 1475136.376021657139063, 2354382.482661006040871 ], [ 1475140.185321730095893, 2354371.490651454310864 ], [ 1474841.386555349454284, 2353457.58021867275238 ], [ 1474831.023359006503597, 2353454.724556834436953 ], [ 1474825.122420558240265, 2353447.645682604983449 ], [ 1474820.403078057803214, 2353438.393198634963483 ], [ 1474831.822881851345301, 2353423.363910333253443 ], [ 1474770.755585168721154, 2353244.769912987947464 ], [ 1474734.453581487294286, 2352967.807659306097776 ], [ 1474716.750103536993265, 2352768.220371516421437 ], [ 1474644.360292927827686, 2352495.858995240181684 ], [ 1474552.905643010046333, 2352136.003111274447292 ], [ 1474326.19304865738377, 2352318.918834381271154 ], [ 1474214.526930036954582, 2352158.65786016266793 ], [ 1474299.501341702416539, 2352093.005594198592007 ], [ 1474393.011084228288382, 2352007.666682032868266 ], [ 1474464.732007638318464, 2351952.449439697433263 ], [ 1474269.197460716590285, 2351660.489185986574739 ], [ 1474051.48024336155504, 2351369.469638764858246 ], [ 1474036.856258450075984, 2351349.538656397257 ], [ 1474018.621879951562732, 2351337.246545680332929 ], [ 1473995.271096407901496, 2351322.409397394396365 ], [ 1473968.178128268569708, 2351317.44672730891034 ], [ 1473491.735117718577385, 2351180.557619225699455 ], [ 1473309.370018260087818, 2351129.431195041164756 ], [ 1473523.241487270686775, 2350556.526957251597196 ], [ 1474679.793338215211406, 2350217.536593090277165 ], [ 1474721.524031310575083, 2350206.537557531148195 ], [ 1474918.565874661318958, 2350151.980223712511361 ], [ 1475144.15661761816591, 2350077.796562458854169 ], [ 1475151.048729472327977, 2350068.107836366165429 ], [ 1475158.99060071608983, 2350058.481049762107432 ], [ 1475169.686002782778814, 2350055.74699548445642 ], [ 1475226.856810266152024, 2349979.478891950566322 ], [ 1475241.498644989915192, 2349945.569774602074176 ], [ 1475244.917328309267759, 2349923.337251791264862 ], [ 1475236.788587291259319, 2349900.423373302444816 ], [ 1475228.005773040466011, 2349870.740648159291595 ], [ 1475181.59562739985995, 2349728.910337681416422 ], [ 1475167.096621589269489, 2349724.689826498739421 ], [ 1475152.856043891748413, 2349733.945082972757518 ], [ 1474856.617466144263744, 2349969.975436240900308 ], [ 1474612.461040728027001, 2349555.131837117485702 ], [ 1474403.12971651670523, 2349138.984979182016104 ], [ 1473660.905308587942272, 2349560.749385117553174 ], [ 1473621.336827864404768, 2349588.703659370075911 ], [ 1473564.997610615566373, 2349490.044331606011838 ], [ 1473563.296614638529718, 2349465.267648010049015 ], [ 1473585.265150438994169, 2349181.659917827695608 ], [ 1473675.109740250278264, 2347923.961557712871581 ], [ 1473664.759230718947947, 2347813.429905030410737 ], [ 1473661.283429803792387, 2347800.88711095880717 ], [ 1473701.836001458577812, 2347792.057211231905967 ], [ 1473706.438343741931021, 2347731.758515081368387 ], [ 1473764.941561372485012, 2347006.123204755131155 ], [ 1473784.606935536488891, 2346653.957907096948475 ], [ 1473881.090376765932888, 2345228.397769837174565 ], [ 1474202.679852425120771, 2345081.302282228134573 ], [ 1474963.683917511254549, 2344826.583946906961501 ], [ 1475340.226465350482613, 2345124.68561373418197 ] ] } },
{ "type": "Feature", "properties": { "route_name": "F3_Acim (F.U.T.V.)", "route_name_short": "Acim (F.U.T.V.)", "route_type": 3, "agency_id": "Red_de_Transporte_Merida", "route_id": "F3_Acim (F.U.T.V.)", "shape_id": "Shape_F3_Acim (F.U.T.V.)" }, "geometry": { "type": "LineString", "coordinates": [ [ 1469826.585722826886922, 2341216.577840883750468 ], [ 1469796.125334065407515, 2341196.853309973608702 ], [ 1469646.146671800408512, 2341419.12111312802881 ], [ 1469323.566783144138753, 2341457.469737727195024 ], [ 1469184.325221183244139, 2341351.765014863107353 ], [ 1469086.861992279067636, 2341360.65195080684498 ], [ 1469086.143933085724711, 2341372.946497776079923 ], [ 1469076.828794327098876, 2341388.103428596630692 ], [ 1469060.358424183446914, 2341399.477966971695423 ], [ 1469037.255046427017078, 2341398.128652867395431 ], [ 1469017.361643466865644, 2341377.901396016124636 ], [ 1468909.332311551086605, 2341387.293648556340486 ], [ 1468906.644609425682575, 2341397.230140197556466 ], [ 1468940.015262715052813, 2341691.888964081648737 ], [ 1468951.285341419279575, 2341841.706122334115207 ], [ 1468962.146287299226969, 2341944.396681522019207 ], [ 1468955.64972757268697, 2341947.381687730085105 ], [ 1468943.330117403529584, 2341797.50313404854387 ], [ 1468934.106135903391987, 2341684.814873714931309 ], [ 1468905.606202264083549, 2341433.057287101633847 ], [ 1468902.705075325910002, 2341392.514119718689471 ], [ 1468902.699183382559568, 2341374.569886312820017 ], [ 1469017.029498253483325, 2341365.545536579098552 ], [ 1469022.274492660304531, 2341347.907901485916227 ], [ 1469039.990831449162215, 2341333.241591623984277 ], [ 1469061.189811897696927, 2341331.115153924096376 ], [ 1469077.665962594328448, 2341337.684897200204432 ], [ 1469089.419252071529627, 2341352.950815726071596 ], [ 1469210.11663863575086, 2341343.177992874756455 ], [ 1469570.242269123205915, 2341311.506255711894482 ], [ 1469670.06891546305269, 2341298.273842754308134 ], [ 1469718.241294049657881, 2341285.387737111188471 ], [ 1469785.487778470152989, 2341180.530359801836312 ], [ 1469527.099600231274962, 2341021.878467432688922 ], [ 1469216.77958511817269, 2340832.162371184676886 ], [ 1469227.47147963475436, 2340811.478232580702752 ], [ 1469816.86272041592747, 2341184.60701614106074 ], [ 1471108.81144565413706, 2341976.840836996678263 ], [ 1471621.665030203294009, 2342288.38818535534665 ], [ 1472946.957395083969459, 2343138.874496213160455 ], [ 1473025.32597839506343, 2343204.041251207701862 ], [ 1473236.079287855653092, 2343491.211129376199096 ], [ 1473878.282944065518677, 2343985.439415797125548 ], [ 1474827.776541837491095, 2344718.756659025792032 ], [ 1475177.287444615969434, 2344992.827870888169855 ], [ 1475526.458892403636128, 2345272.500129021704197 ], [ 1475635.579757405910641, 2345387.733024000190198 ], [ 1475730.393353613791987, 2345495.394159650895745 ], [ 1475809.257222150452435, 2345605.481785830110312 ], [ 1475854.328401861013845, 2345681.049143151845783 ], [ 1475903.006376195233315, 2345766.924848726484925 ], [ 1475937.312503634719178, 2345846.345325759612024 ], [ 1476002.575536852935329, 2346008.354740489739925 ], [ 1476042.903934993781149, 2346146.460629834327847 ], [ 1476070.630917286267504, 2346283.824053410906345 ], [ 1476086.024898970965296, 2346398.02607834758237 ], [ 1476094.581811603158712, 2346556.694249131716788 ], [ 1476098.160835752263665, 2346674.686788524501026 ], [ 1476183.332683210726827, 2346713.361276709940284 ], [ 1476314.967719296691939, 2346750.289853156078607 ], [ 1476427.707776144612581, 2346768.157256288453937 ], [ 1476538.033717179205269, 2346737.648151147179306 ], [ 1476721.79480519448407, 2346712.594194819685072 ], [ 1476942.236262393882498, 2346708.776518112514168 ], [ 1477092.657912491355091, 2346695.21961528621614 ], [ 1477383.525524329394102, 2346676.494550609961152 ], [ 1477624.780446088407189, 2346659.331125552766025 ], [ 1477628.518442397471517, 2346667.404312727972865 ], [ 1477792.924457898363471, 2346649.070065685082227 ], [ 1477793.380224616266787, 2346659.193014284130186 ], [ 1477929.171952193137258, 2346643.656946115661412 ], [ 1477959.456756263040006, 2346915.796559619251639 ], [ 1478093.668827175395563, 2346909.143652773462236 ], [ 1478082.628887010039762, 2346774.998234503902495 ], [ 1477818.139335855841637, 2346793.025745372287929 ], [ 1477809.686127362539992, 2346757.751161848194897 ], [ 1477647.909253275953233, 2346767.265841067768633 ], [ 1477650.260675583500415, 2346798.81447188463062 ], [ 1477524.251677601598203, 2346809.32089806580916 ], [ 1477251.499191980808973, 2346824.625058112666011 ], [ 1477037.615523747634143, 2346842.286307045724243 ], [ 1476714.137930775526911, 2346860.213147866539657 ], [ 1476551.515353310387582, 2346866.322219456546009 ], [ 1476499.147660647984594, 2346860.989169586449862 ], [ 1476449.666199914179742, 2346860.313521140255034 ], [ 1476386.012484710663557, 2346849.828095794655383 ], [ 1476211.394660882186145, 2346809.241735792718828 ], [ 1476086.45572499698028, 2346765.978322848677635 ], [ 1476073.09076027199626, 2346420.819777407217771 ], [ 1476057.037780296523124, 2346317.796201889868826 ], [ 1476038.69088425883092, 2346200.055098931770772 ], [ 1476012.659404646372423, 2346105.417410668917 ], [ 1475972.853470338042825, 2345976.316343610174954 ], [ 1475931.531229867599905, 2345872.925920742563903 ], [ 1475889.54946134891361, 2345780.714190497528762 ], [ 1475805.839845704380423, 2345627.714767330791801 ], [ 1475766.21241585444659, 2345567.050736868754029 ], [ 1475678.029204480350018, 2345454.171116044279188 ], [ 1475550.863878867588937, 2345323.292611415497959 ], [ 1475374.675351053010672, 2345165.97354497667402 ], [ 1475281.230803311802447, 2345088.682829829398543 ], [ 1474931.591818076558411, 2344816.843590332195163 ], [ 1474071.888025047723204, 2344151.605921286158264 ], [ 1473273.227694973815233, 2343540.50070670619607 ], [ 1473213.042332700453699, 2343506.683126966003329 ], [ 1473140.516966240946203, 2343413.816784701775759 ], [ 1473015.612864145077765, 2343225.903683707583696 ], [ 1472944.792160736164078, 2343157.815004089381546 ], [ 1472441.299217599444091, 2342848.996501228772104 ], [ 1472064.800735124386847, 2342602.60257912427187 ], [ 1471617.074032196775079, 2342312.793972707353532 ], [ 1471436.299613858573139, 2342196.777203502133489 ], [ 1471157.652200943790376, 2342024.562664590775967 ] ] } },
{ "type": "Feature", "properties": { "route_name": "F1_Caucel (F.U.T.V.)", "route_name_short": "Caucel (F.U.T.V.)", "route_type": 3, "agency_id": "Red_de_Transporte_Merida", "route_id": "F1_Caucel (F.U.T.V.)", "shape_id": "Shape_F1_Caucel (F.U.T.V.)" }, "geometry": { "type": "LineString", "coordinates": [ [ 1477796.135154405608773, 2346844.449646024499089 ], [ 1477658.707707488909364, 2346852.03690832387656 ], [ 1477692.329414380714297, 2347156.903073813766241 ], [ 1477568.482325690565631, 2347184.362309880554676 ], [ 1477433.944411491742358, 2347196.607804150786251 ], [ 1477454.992463739588857, 2347428.936050081625581 ], [ 1477182.706102177267894, 2347454.360071868635714 ], [ 1476954.323008990846574, 2347485.745274729561061 ], [ 1476880.105668395292014, 2347475.75486011011526 ], [ 1476829.839514660649002, 2347470.543941936921328 ], [ 1476785.411250074626878, 2347473.530057721305639 ], [ 1476722.80385653488338, 2347481.051978541072458 ], [ 1476591.218217493500561, 2347514.790111508686095 ], [ 1476660.014508887194097, 2347848.644800187088549 ], [ 1476224.607786202104762, 2348085.433706649113446 ], [ 1476177.284996781963855, 2348119.658372128847986 ], [ 1475201.18371578771621, 2348682.389966963790357 ], [ 1472645.448150981683284, 2350151.515981271397322 ], [ 1472608.832098493818194, 2350200.955993868876249 ], [ 1472585.79913519974798, 2350234.370959002524614 ], [ 1472552.143688578158617, 2350233.511810342781246 ], [ 1472512.058652555104345, 2350234.517597294878215 ], [ 1472470.003085686825216, 2350251.110305737704039 ], [ 1470714.643061846494675, 2351282.937777573708445 ], [ 1470694.044460422359407, 2351292.942920291330665 ], [ 1470691.943850066279992, 2351310.764693731907755 ], [ 1470690.761411764193326, 2351330.883583543822169 ], [ 1470674.622385646682233, 2351354.609738623723388 ], [ 1470653.82682614447549, 2351367.968032155651599 ], [ 1470630.539526294218376, 2351369.964142602402717 ], [ 1470606.399751923279837, 2351368.545459567103535 ], [ 1470584.360501628834754, 2351349.305074176285416 ], [ 1470571.308802603278309, 2351320.498738419730216 ], [ 1470585.61262198863551, 2351274.233221564441919 ], [ 1470072.410374849103391, 2350131.499274368863553 ], [ 1470055.682209169492126, 2350111.45087085198611 ], [ 1470035.542695156764239, 2350095.688470254652202 ], [ 1470029.57311034668237, 2350071.785443133208901 ], [ 1470032.000493989093229, 2350048.375313670840114 ], [ 1469578.79028750397265, 2349048.284186181146652 ], [ 1469598.07684847060591, 2349024.741429162211716 ], [ 1469630.879134711809456, 2349022.178985062986612 ], [ 1470084.809984301915392, 2350027.922583801671863 ], [ 1470111.509808236267418, 2350039.583909951150417 ], [ 1470124.498640877893195, 2350069.50684971595183 ], [ 1470118.266089542070404, 2350103.909201310016215 ], [ 1470129.549257708247751, 2350127.002708244603127 ], [ 1470379.799013816285878, 2350690.141030578874052 ], [ 1470639.4700842872262, 2351253.845163246616721 ], [ 1470682.566432476509362, 2351273.201537060085684 ], [ 1472404.789104596478865, 2350267.461914617568254 ], [ 1472485.490672055631876, 2350220.616144916042686 ], [ 1472514.360986687475815, 2350195.396063145715743 ], [ 1472543.431554734241217, 2350148.876804101280868 ], [ 1472578.465763687388971, 2350144.208845843095332 ], [ 1472604.707843113224953, 2350145.753285738173872 ], [ 1472645.516857607290149, 2350132.452260443940759 ], [ 1475798.401851559057832, 2348327.257782775908709 ], [ 1475815.083828633651137, 2348276.642589718103409 ], [ 1475814.775023417547345, 2348210.442610538098961 ], [ 1475808.243111352436244, 2347874.661811180878431 ], [ 1475807.142275056336075, 2347821.875882869120687 ], [ 1475813.710463677998632, 2347799.82881471561268 ], [ 1475815.002597552491352, 2347635.011713387910277 ], [ 1475989.817907700780779, 2347636.34881869982928 ], [ 1476077.68747305450961, 2347629.193171521648765 ], [ 1476112.274484110763296, 2347614.40758368326351 ], [ 1476137.86857716110535, 2347609.187095491215587 ], [ 1476145.059955362696201, 2347701.593472456093878 ], [ 1477070.699960918631405, 2347602.549214589875191 ], [ 1477362.212601576466113, 2347572.651377830188721 ], [ 1477296.807548718526959, 2347324.242823898792267 ], [ 1477582.026988546364009, 2347293.974659887608141 ], [ 1477533.069965458940715, 2346927.627885773777962 ], [ 1477829.775571549544111, 2346917.109215459786355 ], [ 1477822.385788632556796, 2346846.000360345467925 ] ] } },
{ "type": "Feature", "properties": { "route_name": "F15_San Pedro Noh-Pat R2", "route_name_short": "San Pedro Noh-Pat R2", "route_type": 3, "agency_id": "Red_de_Transporte_Merida", "route_id": "F15_San Pedro Noh-Pat R2", "shape_id": "Shape_F15_San Pedro Noh-Pat R2" }, "geometry": { "type": "LineString", "coordinates": [ [ 1478801.410860907286406, 2346754.663725923746824 ], [ 1479364.581991251558065, 2346621.942928889300674 ], [ 1479793.654177173506469, 2346547.488391097169369 ], [ 1479977.067418962949887, 2346475.327671610284597 ], [ 1480102.387158169876784, 2346423.287968614138663 ], [ 1480138.695346823427826, 2346397.391076148487628 ], [ 1480189.683109002187848, 2346283.736818872392178 ], [ 1480220.304162929998711, 2346211.507205739151686 ], [ 1480527.496047622989863, 2346042.344415156170726 ], [ 1481870.004795824643224, 2345297.294028738513589 ], [ 1481922.403741501970217, 2345266.742783465888351 ], [ 1481983.271061025094241, 2345235.571683926507831 ], [ 1482192.518332589417696, 2345154.857876949477941 ], [ 1482362.103288285899907, 2345103.207538412418216 ], [ 1482632.867865160107613, 2345016.047876832075417 ], [ 1482765.8860656125471, 2344976.816642420366406 ], [ 1482884.400429202709347, 2344933.359940518625081 ], [ 1482907.318430956453085, 2344920.134369077626616 ], [ 1482917.367841195315123, 2344910.633132201619446 ], [ 1482942.253819812089205, 2344899.768197264056653 ], [ 1482961.689462263602763, 2344891.945743217598647 ], [ 1482984.66298019234091, 2344895.552550796419382 ], [ 1483019.63188816094771, 2344927.919490187894553 ], [ 1483117.981973277870566, 2345011.168777031823993 ], [ 1483212.583175445906818, 2345104.294101003557444 ], [ 1483251.608219822868705, 2345157.097659349441528 ], [ 1483514.886858481448144, 2345391.506331764627248 ], [ 1483601.679107680451125, 2345474.074623475782573 ], [ 1483678.487037109443918, 2345565.02649880759418 ], [ 1483777.179786903550848, 2345713.377097209915519 ], [ 1483825.616417731856927, 2345820.596844541374594 ], [ 1483884.9694134502206, 2345992.417682467959821 ], [ 1483900.976060864748433, 2346006.832271630875766 ], [ 1483911.121102956822142, 2346048.947825560346246 ], [ 1483920.775764172896743, 2346134.791043552104384 ], [ 1483941.320863785222173, 2346321.13673053542152 ], [ 1483937.89169642329216, 2346343.372348600067198 ], [ 1483954.16358773317188, 2346353.315058007370681 ], [ 1484013.905696641420946, 2346341.157747556921095 ], [ 1484056.192973437719047, 2346321.231404473539442 ], [ 1484317.3768512357492, 2346147.140954743139446 ], [ 1484635.187656176974997, 2345924.80714826984331 ], [ 1485063.940306108444929, 2345627.16693235328421 ], [ 1485069.790164901409298, 2345617.416808083187789 ], [ 1485347.099671815522015, 2345420.729005778208375 ], [ 1485358.29295218270272, 2345462.909212490078062 ], [ 1485361.031018120702356, 2345487.75632733758539 ], [ 1485377.143090364523232, 2345535.839249461423606 ], [ 1485390.821848679333925, 2345589.387541061267257 ], [ 1485400.842063209041953, 2345704.428948742803186 ], [ 1485413.095339224673808, 2345817.359294467139989 ], [ 1485442.251272444613278, 2345805.629837399348617 ], [ 1485491.562286826316267, 2345791.733599822968245 ], [ 1485534.43865278782323, 2345779.698616951238364 ], [ 1485613.557287467177957, 2345760.844206085894257 ], [ 1485728.533733630087227, 2345723.927651215810329 ], [ 1485779.894009683979675, 2345693.323603473138064 ], [ 1485842.223371407017112, 2345655.518295351881534 ], [ 1485882.629691419191658, 2345614.164169492200017 ], [ 1485952.340803086291999, 2345540.893424323759973 ], [ 1486059.109016322996467, 2345429.435327738989145 ], [ 1486090.922414449043572, 2345461.623948314227164 ], [ 1486106.544152712449431, 2345464.797946308739483 ], [ 1486112.579863770399243, 2345469.645381473936141 ], [ 1486115.331486040726304, 2345476.541389686521143 ], [ 1486114.799020452657714, 2345485.485968137625605 ], [ 1486113.415906448382884, 2345491.013804307207465 ], [ 1486135.554748843889683, 2345951.244392851833254 ], [ 1486157.056082645896822, 2346457.441756132990122 ], [ 1486175.043713801773265, 2346456.269014166668057 ], [ 1486198.283462021965533, 2346685.427380874287337 ], [ 1486185.5727349515073, 2346810.338767553213984 ], [ 1485847.862858699401841, 2346782.370465989690274 ], [ 1485860.074820415582508, 2346701.189473693724722 ], [ 1485570.779544707620516, 2346709.77150707365945 ], [ 1485564.256029558368027, 2346660.01423117890954 ], [ 1486123.679891399107873, 2346646.20038800733164 ], [ 1486135.499008205719292, 2346642.416212126147002 ], [ 1486140.232770821079612, 2346633.721859749406576 ], [ 1486139.079872964415699, 2346599.992030717432499 ], [ 1486123.099614340346307, 2346478.982166958972812 ], [ 1486132.685127848293632, 2346477.308984445873648 ], [ 1486141.420158365741372, 2346472.219037889037281 ], [ 1486144.452948249410838, 2346456.691129946615547 ], [ 1486129.760955565609038, 2346207.845821227412671 ], [ 1486117.832914274651557, 2345947.945106582250446 ], [ 1486093.459792194887996, 2345489.825836921576411 ], [ 1486087.424089109525084, 2345484.978407831862569 ], [ 1486085.722782930359244, 2345478.144931341055781 ], [ 1486050.625351553084329, 2345448.004892609082162 ], [ 1485929.138426935765892, 2345576.539357477799058 ], [ 1485867.312035719398409, 2345641.303161086048931 ], [ 1485847.208712593186647, 2345660.303120751399547 ], [ 1485827.571247498970479, 2345671.47662748163566 ], [ 1485770.626563759753481, 2345707.358368121553212 ], [ 1485724.917065771995112, 2345731.566573920659721 ], [ 1485612.107798039913177, 2345767.490069161169231 ], [ 1485451.371220186818391, 2345811.782537203282118 ], [ 1485406.194952816236764, 2345827.046864873263985 ], [ 1485383.056793244555593, 2345613.609871408902109 ], [ 1485380.65143424551934, 2345583.17245232174173 ], [ 1485371.744711593026295, 2345555.714325587730855 ], [ 1485364.154273969586939, 2345523.84647430665791 ], [ 1485356.231241741683334, 2345497.568913085386157 ], [ 1485338.855431374162436, 2345470.729086402803659 ], [ 1485114.886050992878154, 2345621.220775925088674 ], [ 1485085.012536877533421, 2345627.298130019102246 ], [ 1484783.407692529726774, 2345842.738517432939261 ], [ 1484371.284269852796569, 2346126.783728899434209 ], [ 1484067.014457258861512, 2346334.216242018155754 ], [ 1484013.959270894993097, 2346357.990510786417872 ], [ 1483975.009271254763007, 2346392.700838664546609 ], [ 1483953.460716017521918, 2346418.347561031579971 ], [ 1483928.442230565473437, 2346431.446411028970033 ], [ 1483910.389409740222618, 2346433.739523618016392 ], [ 1483888.467965393327177, 2346430.192923154681921 ], [ 1483870.228621442336589, 2346417.889411325100809 ], [ 1483861.773281690664589, 2346400.557468747720122 ], [ 1483861.71957895020023, 2346383.72476706886664 ], [ 1483870.665438694180921, 2346357.32911548903212 ], [ 1483873.72133223619312, 2346305.900190133601427 ], [ 1483857.575592983048409, 2346116.450426565948874 ], [ 1483852.121489117387682, 2346030.856958065181971 ], [ 1483837.480656214989722, 2345940.229917434044182 ], [ 1483745.008293186780065, 2345722.685857941862196 ], [ 1483672.813225226476789, 2345607.323995606973767 ], [ 1483576.328197537688538, 2345492.764514049980789 ], [ 1483429.054299861658365, 2345346.020237118937075 ], [ 1483383.771900101099163, 2345327.624770273454487 ], [ 1483322.360413525020704, 2345279.101427453570068 ], [ 1483143.839796356391162, 2345126.01921748323366 ], [ 1482942.552642966154963, 2344948.029110023751855 ], [ 1482925.228550930507481, 2344938.025875651277602 ], [ 1482911.508634231518954, 2344938.333883593790233 ], [ 1482895.356555831618607, 2344944.107284413650632 ], [ 1482654.525560508947819, 2345024.063955914229155 ], [ 1482345.089982391567901, 2345123.515143554657698 ], [ 1482161.18937180377543, 2345185.535920509602875 ], [ 1482021.798355001956224, 2345243.465049852617085 ], [ 1481954.762076885439456, 2345272.026549079921097 ], [ 1481877.147565886378288, 2345319.033549377694726 ], [ 1481773.930731538217515, 2345371.25467740604654 ], [ 1481625.535917229251936, 2345456.699431406334043 ], [ 1481353.899935140274465, 2345612.252757782582194 ], [ 1481039.667159010190517, 2345775.381688063032925 ], [ 1480708.167235419852659, 2345963.293972603511065 ], [ 1480404.452364024240524, 2346127.051594517659396 ], [ 1480254.040595412719995, 2346211.260702662169933 ], [ 1480132.72929840022698, 2346248.953433211892843 ], [ 1480038.002679614815861, 2346282.611063392832875 ], [ 1479760.854682046920061, 2346371.661908111069351 ], [ 1479553.554941494017839, 2346437.924370846711099 ], [ 1479279.308984798612073, 2346513.690396683756262 ], [ 1479007.762509572319686, 2346579.522925167810172 ], [ 1478739.171942098531872, 2346648.898941318038851 ], [ 1478478.332232104614377, 2346712.005456941202283 ], [ 1478532.876094873761758, 2347019.238565078936517 ], [ 1478403.972004724200815, 2347043.028523473534733 ], [ 1478372.213039406575263, 2346867.272212988696992 ], [ 1478798.194591173902154, 2346755.595360572915524 ] ] } }
]
}
