{
"type": "FeatureCollection",
"name": "colima",
"crs": { "type": "name", "properties": { "name": "urn:ogc:def:crs:EPSG::32614" } },
"features": [
{ "type": "Feature", "properties": { "route_name": "1_", "route_name_short": "", "route_type": 3 }, "geometry": { "type": "LineString", "coordinates": [ [ 4695.093469076324254, 2133300.020036113448441 ], [ 4722.222117976751179, 2133289.291556332726032 ], [ 4896.67766054806998, 2133189.076198479626328 ], [ 5091.820603840635158, 2133073.868727864697576 ], [ 5134.486623967532068, 2133052.727444713935256 ], [ 5166.614341575244907, 2133031.871895685791969 ], [ 5165.109472515585367, 2133015.258703330997378 ], [ 5171.041622611752246, 2133000.664483554195613 ], [ 5183.507299439632334, 2132993.66505713481456 ], [ 5190.854114677931648, 2132992.355688150506467 ], [ 5191.097697571909521, 2132923.512675154954195 ], [ 5192.874666558927856, 2132911.251609330065548 ], [ 5205.190096066682599, 2132898.704965263139457 ], [ 5236.23427273822017, 2132876.768727628514171 ], [ 5245.598643631732557, 2132872.073933565057814 ], [ 5246.351876312226523, 2132860.95088675385341 ], [ 5231.71994247433031, 2132826.929173740558326 ], [ 5192.699063974432647, 2132788.017006382811815 ], [ 5162.409508683776949, 2132759.970920379739255 ], [ 5136.455548898898996, 2132736.248427859973162 ], [ 5102.583301056874916, 2132692.755769684445113 ], [ 5085.029987106157932, 2132667.695379130076617 ], [ 5066.03187355393311, 2132628.240692229010165 ], [ 5023.850055617338512, 2132550.555032549891621 ], [ 4967.245865696808323, 2132446.613892883528024 ], [ 4950.535561488126405, 2132413.758810616564006 ], [ 5083.92686287232209, 2132393.489650040399283 ], [ 5165.858647849352565, 2132381.277255408465862 ], [ 5198.318398875941057, 2132372.625989111606032 ], [ 5218.221819333324675, 2132367.645730063319206 ], [ 5260.106376941082999, 2132356.518740364350379 ], [ 5387.174634112860076, 2132336.423240350559354 ], [ 5459.651707385608461, 2132325.578566744923592 ], [ 5476.874183245701715, 2132338.435359555762261 ], [ 5516.82616903341841, 2132411.741010044235736 ], [ 5542.086419623577967, 2132448.80590337747708 ], [ 5570.390653704875149, 2132442.488327477127314 ], [ 5588.276360514573753, 2132440.89387106243521 ], [ 5628.473459394066595, 2132445.357013951055706 ], [ 5662.167145306419116, 2132443.334728034213185 ], [ 5702.093935460667126, 2132437.813036258798093 ], [ 5752.829600222525187, 2132441.991220332216471 ], [ 5767.613730863435194, 2132442.701388250105083 ], [ 5774.570465673401486, 2132426.969558474607766 ], [ 5781.617281314102001, 2132414.566061833873391 ], [ 5800.46678635844728, 2132409.614977804943919 ], [ 5853.943788511620369, 2132398.175721298903227 ], [ 5872.883360814244952, 2132396.553044130094349 ], [ 5864.218921647930983, 2132310.187683583237231 ], [ 5854.377223440562375, 2132258.272026967257261 ], [ 5839.172743995615747, 2132242.029572466388345 ], [ 5833.663238294597249, 2132233.296601347625256 ], [ 5803.644406477222219, 2132215.234464618377388 ], [ 5781.362884833477437, 2132210.286064433865249 ], [ 5757.967425854760222, 2132203.14732000278309 ], [ 5737.493410020542797, 2132187.047504583839327 ], [ 5688.720811768667772, 2132099.546866141725332 ], [ 5648.679201910679694, 2132022.912532633170485 ], [ 5913.700052465603221, 2131878.071111306082457 ], [ 5993.630782319698483, 2132025.793380947783589 ], [ 6063.625567747862078, 2132157.130631877109408 ], [ 6102.311213915119879, 2132222.699539720080793 ], [ 6127.660230101144407, 2132263.093341967556626 ], [ 6127.236335186928045, 2132286.420043273363262 ], [ 6154.373556621256284, 2132509.956630787346512 ], [ 6170.499922102142591, 2132638.309476257767528 ], [ 6115.819821098993998, 2132644.229232322890311 ], [ 6019.165816552180331, 2132657.946043885778636 ], [ 5938.349588148470502, 2132672.345147217623889 ], [ 5875.118615150975529, 2132674.055995020084083 ], [ 5879.027547258650884, 2132740.565458345692605 ], [ 5874.478832883120049, 2132767.334642058238387 ], [ 5867.822456277150195, 2132794.160866281948984 ], [ 5875.5865924351383, 2132847.24296141974628 ], [ 5879.135378666222095, 2132900.439126551616937 ], [ 6036.24696578073781, 2132899.518848350737244 ], [ 6110.979178717767354, 2132894.166508115362376 ], [ 6119.406333247374278, 2132932.797333934810013 ], [ 6179.887599275272805, 2133024.422451679594815 ], [ 6198.702818693825975, 2133057.221052589360625 ], [ 6261.171005736105144, 2133144.351513826753944 ], [ 6353.261576496763155, 2133273.980677661951631 ], [ 6411.003269539796747, 2133342.364922692533582 ], [ 6421.177447513560764, 2133367.62550166156143 ], [ 6445.497063665417954, 2133448.015936105977744 ], [ 6452.745883568713907, 2133521.096202671993524 ], [ 6467.371249894844368, 2133593.977008031215519 ], [ 6319.056935923174024, 2133607.980137942358851 ], [ 6165.503611231280956, 2133623.236513763200492 ], [ 6106.611363701871596, 2133629.271004565060139 ], [ 5973.953632716147695, 2133637.302127236034721 ], [ 5739.227905377047136, 2133653.649193847086281 ], [ 5453.046143139246851, 2133678.055078531615436 ], [ 5369.916387621837202, 2133684.748773111496121 ], [ 5282.42104572505923, 2133686.009864643681794 ], [ 5168.851314446423203, 2133697.970660476014018 ], [ 5064.735675860021729, 2133708.565553555265069 ], [ 4973.205442589416634, 2133716.599175858777016 ], [ 4780.660650987527333, 2133732.925179650541395 ], [ 4634.452962652721908, 2133746.885298859793693 ], [ 4683.83124765905086, 2133817.712964717764407 ], [ 4782.586802851816174, 2133959.36845375597477 ], [ 4885.706636246235576, 2134106.457057438325137 ], [ 4980.093853545258753, 2134242.68006146280095 ], [ 5039.61577983997995, 2134337.658781329169869 ], [ 5121.087772751634475, 2134269.943055535666645 ], [ 5166.460641169163864, 2134232.073704508133233 ], [ 5241.851559477858245, 2134173.405789704993367 ], [ 5298.301975438836962, 2134232.939856420271099 ], [ 5338.554583598102909, 2134278.4796909741126 ], [ 5373.117136731743813, 2134308.630120220128447 ], [ 5438.32759143889416, 2134380.139831764623523 ], [ 5372.48122581129428, 2134440.768784174695611 ], [ 5245.787749534705654, 2134551.899764251895249 ], [ 5219.112396650307346, 2134579.269590730313212 ], [ 5322.768310774874408, 2134707.469958864152431 ], [ 5270.231121787568554, 2134753.305323405656964 ], [ 5471.280122427386232, 2134895.518931603059173 ], [ 5618.407028874091338, 2134993.674755470827222 ], [ 5361.566928717074916, 2135204.926941018085927 ], [ 5343.984858419978991, 2135217.616725546307862 ], [ 5332.845433305657934, 2135234.572849162388593 ], [ 5200.861308595689479, 2135150.44203496677801 ], [ 5120.146840828878339, 2135090.456896471790969 ], [ 4982.620881556998938, 2134996.485080174170434 ], [ 4927.9778770628036, 2135042.379010389558971 ], [ 4873.606199121742975, 2135098.258262921590358 ], [ 4766.398896930855699, 2135188.880585008766502 ], [ 4649.829726101597771, 2135284.199192293919623 ], [ 4463.086613391002174, 2135435.829247728455812 ], [ 4072.330157376534771, 2135762.883186206221581 ], [ 3986.925919938948937, 2135840.705881996080279 ], [ 3812.445208146236837, 2135977.578045345842838 ], [ 3632.098031690111384, 2136131.266671721823514 ], [ 3421.71111739682965, 2136304.651225103996694 ], [ 3203.38257762248395, 2136496.020487961359322 ], [ 2976.750293553923257, 2136692.06120939552784 ], [ 2864.504708625841886, 2136790.60904089268297 ], [ 2832.694827143277507, 2136861.426135924644768 ], [ 2836.073440860607661, 2136907.966829073149711 ], [ 2836.381958223588299, 2136957.922203818336129 ], [ 2836.448341802111827, 2136999.001735216472298 ], [ 2827.183385622105561, 2137045.887407951522619 ], [ 2813.31041380908573, 2137078.464845254085958 ], [ 2791.008442850899883, 2137111.272316800430417 ], [ 2766.841521010966972, 2137153.013194190338254 ], [ 2703.841873626981396, 2137201.365540379658341 ], [ 2598.522239891870413, 2137283.072508919518441 ], [ 2507.772420511639211, 2137357.720586650073528 ], [ 2427.438291238213424, 2137427.643570298328996 ], [ 2254.370995498029515, 2137576.712387121282518 ], [ 2027.398523657408077, 2137759.456452844198793 ], [ 1996.761064875172451, 2137795.824329811148345 ], [ 1841.004788787802681, 2137922.219072110019624 ], [ 1768.861495145771187, 2137983.039616040885448 ], [ 1709.140438623027876, 2137996.88702560774982 ], [ 1672.325304625032004, 2138000.114959163125604 ], [ 1641.649584769445937, 2137996.513015917036682 ], [ 1598.178865867783315, 2137987.709623376373202 ], [ 1545.8845491813845, 2137964.713546058163047 ], [ 1519.544558974215761, 2137965.434438180644065 ], [ 1501.481524387723766, 2137960.377180484589189 ], [ 1496.841978035285138, 2137944.959568480029702 ], [ 1398.604573032062035, 2137899.904445400461555 ], [ 1268.636787262454163, 2137851.277202766854316 ], [ 1232.722906765993685, 2137848.929620697628707 ], [ 1102.470218062982894, 2137866.931213223841041 ], [ 918.574558229767717, 2137889.734607850667089 ], [ 895.57751240406651, 2137897.026796297635883 ], [ 864.80992851278279, 2137890.097568698227406 ], [ 837.952697093947791, 2137871.957836266607046 ], [ 736.640924845996778, 2137714.845670118462294 ], [ 691.495918778411578, 2137645.021311574149877 ], [ 610.950621556316037, 2137476.236678283661604 ], [ 545.672364942263812, 2137325.909345160704106 ], [ 475.003358246583957, 2137171.28842161828652 ], [ 400.98992947966326, 2137010.097132432740182 ], [ 323.44941760005895, 2136835.678419574629515 ], [ 287.480293392029125, 2136754.499152316246182 ], [ 261.541773817909416, 2136693.031056650914252 ], [ 207.526538648991846, 2136569.043145310599357 ], [ 144.503016876522452, 2136424.205674674361944 ], [ 55.447971849527676, 2136214.571591860149056 ], [ 2.727858472208027, 2136099.430923352949321 ], [ -9.532620880694594, 2136075.339518094900995 ], [ -79.489723876933567, 2135908.485209879931062 ], [ -156.196320920658763, 2135726.271115536335856 ], [ -182.977682901895605, 2135672.598560297396034 ], [ -207.864699670870323, 2135611.10158607037738 ], [ -283.397600817203056, 2135433.296671042218804 ], [ -316.361582397948951, 2135346.483161841519177 ], [ -361.069561456562951, 2135254.440068795345724 ], [ -387.46779173926916, 2135176.329237781930715 ], [ -408.859557255113032, 2135126.950230068992823 ], [ -428.44822806090815, 2135066.418215299956501 ], [ -488.816456692176871, 2134864.879711679648608 ], [ -501.443330204347149, 2134827.474100898951292 ], [ -515.641550165193621, 2134771.235573195852339 ], [ -522.542806904064491, 2134750.328183161094785 ], [ -504.749756631092168, 2134745.398594641592354 ], [ -463.403370763524435, 2134868.623903789091855 ], [ -404.454503858985845, 2135056.877118221484125 ], [ -397.249020881368779, 2135088.879683227278292 ], [ -346.510803440178279, 2135208.516202073078603 ], [ -309.148867519048508, 2135301.871205737348646 ], [ -261.603230851818807, 2135420.484932384919375 ], [ -220.989301119057927, 2135517.081764720380306 ], [ -180.345244874537457, 2135614.78811506787315 ], [ -122.677933252416551, 2135756.441533146891743 ], [ -51.849050736869685, 2135916.609884246252477 ], [ 166.904686519701499, 2136433.584479451645166 ], [ 330.966227953846101, 2136802.161977478768677 ], [ 399.438535539840814, 2136953.512133168056607 ], [ 466.076429323409684, 2137114.905665943399072 ], [ 541.386031103611458, 2137284.944191914051771 ], [ 661.242747403739486, 2137541.478557154070586 ], [ 714.493292791885324, 2137637.728921184316278 ], [ 723.500116578768939, 2137658.578513102605939 ], [ 818.064796935534105, 2137800.330868811346591 ], [ 853.148799017304555, 2137849.33462301781401 ], [ 864.049805440823548, 2137862.35994811495766 ], [ 875.882793960103299, 2137870.918385022785515 ], [ 898.191093591041863, 2137876.96910175262019 ], [ 911.979267040034756, 2137879.922292487695813 ], [ 929.860278456006199, 2137878.321997739374638 ], [ 1012.76127159135649, 2137863.83696501981467 ], [ 1190.274642430536915, 2137838.988723630551249 ], [ 1248.07134455582127, 2137831.854351022746414 ], [ 1265.982730186078697, 2137831.36390211712569 ], [ 1280.885174820024986, 2137836.507515403442085 ], [ 1324.538833685510326, 2137851.96726323151961 ], [ 1508.938595239305869, 2137924.64257425069809 ], [ 1526.789101457514334, 2137921.933368112426251 ], [ 1541.630623901844956, 2137924.858167815487832 ], [ 1549.370204374135938, 2137937.970286769326776 ], [ 1561.14199479384115, 2137944.31009161286056 ], [ 1568.760102226398885, 2137952.984228291083127 ], [ 1593.357236310315784, 2137965.635029340162873 ], [ 1638.995923649519682, 2137976.599754358176142 ], [ 1663.289379907306284, 2137978.155678791925311 ], [ 1696.011597571428865, 2137979.481021364219487 ], [ 1749.471839760139119, 2137968.025505949743092 ], [ 1822.941883784835227, 2137917.161507465410978 ], [ 1897.041118553141132, 2137850.7361906375736 ], [ 1986.76293743570568, 2137777.222238963004202 ], [ 1999.163519071356859, 2137768.000630793627352 ], [ 2029.922370251559187, 2137736.070733474101871 ], [ 2141.285868852050044, 2137644.201118183322251 ], [ 2288.67817405477399, 2137520.2592245740816 ], [ 2484.471536983910482, 2137353.915629793889821 ], [ 2653.540251916856505, 2137212.731338149867952 ], [ 2710.157415468594991, 2137162.332356428727508 ], [ 2743.207455873140134, 2137137.003561136778444 ], [ 2780.199627661029808, 2137101.574504257645458 ], [ 2795.186702774488367, 2137071.187235463876277 ], [ 2807.255118349043187, 2137049.762088641058654 ], [ 2816.73192915180698, 2137010.642760096117854 ], [ 2813.952773672994226, 2136947.431097286287695 ], [ 2810.69516725698486, 2136905.328319153748453 ], [ 2813.94107776961755, 2136869.709940809290856 ], [ 2826.155280695180409, 2136814.97167881205678 ], [ 2866.697151609172579, 2136755.019446640275419 ], [ 2955.556160392297897, 2136688.19801597064361 ], [ 3034.781588538142387, 2136616.088354867883027 ], [ 3256.419277046108618, 2136430.177571866195649 ], [ 3463.672533609555103, 2136257.986001909710467 ], [ 3645.070851528493222, 2136104.26641257526353 ], [ 3699.586882804171182, 2136053.929301539901644 ], [ 3855.129943065810949, 2135918.681302406359464 ], [ 3972.805358560406603, 2135825.546016691718251 ], [ 4119.110363455838524, 2135699.434875252190977 ], [ 4305.848219271923881, 2135547.800036187283695 ], [ 4421.239781843440142, 2135448.069233077112585 ], [ 4470.491266236931551, 2135397.878539559431374 ], [ 4577.786448760365602, 2135310.58224301924929 ], [ 4730.331430776743218, 2135180.977789646480232 ], [ 4795.330053685058374, 2135128.140220189467072 ], [ 4867.373805751034524, 2135062.898723340127617 ], [ 4930.235647813067771, 2135009.009574962314218 ], [ 4967.657927146821748, 2134989.119273392483592 ], [ 5001.557791214552708, 2134956.00141243590042 ], [ 5096.393705014430452, 2134875.709188456647098 ], [ 5246.958626216510311, 2134750.605696380138397 ], [ 5308.859099216293544, 2134700.075279184151441 ], [ 5211.675980414729565, 2134577.250739681534469 ], [ 5432.998661075078417, 2134378.063752411399037 ], [ 5244.169672446674667, 2134181.114796790294349 ], [ 5035.581302134087309, 2134344.429840789176524 ], [ 4955.43572586402297, 2134227.805249965749681 ], [ 4873.061278100532945, 2134106.80016144644469 ], [ 4833.680155365902465, 2134054.575690902303904 ], [ 4735.828622176428325, 2133907.344239143654704 ], [ 4661.340127794537693, 2133805.000088351313025 ], [ 4615.183360789960716, 2133736.305563660804182 ], [ 4747.812131019367371, 2133727.154854828491807 ], [ 4860.237960715196095, 2133711.891572345979512 ], [ 5066.482256292365491, 2133695.194978675339371 ], [ 5121.972728145192377, 2133680.367128641344607 ], [ 5181.858922076702584, 2133672.081894108094275 ], [ 5311.356088251806796, 2133664.130586939398199 ], [ 5353.357739492901601, 2133657.44094130396843 ], [ 5343.181992890720721, 2133632.180655957199633 ], [ 5316.145378309709486, 2133607.377327596303076 ], [ 5277.27627272735117, 2133574.012609662022442 ], [ 5268.274485614267178, 2133553.161570005584508 ], [ 5260.662765677261632, 2133389.048745473846793 ], [ 5259.187991123413667, 2133373.545014805160463 ], [ 5254.641967988049146, 2133361.455313912127167 ], [ 5230.976850717386696, 2133344.332468856591731 ], [ 5140.860807505378034, 2133326.790333568118513 ], [ 5124.752725070400629, 2133316.124333520885557 ], [ 5113.252066910034046, 2133280.907578915823251 ], [ 5093.11503228941001, 2133082.715770749840885 ], [ 5070.261460768640973, 2133095.548213367816061 ], [ 4900.019683219259605, 2133195.647182383574545 ], [ 4719.30143027426675, 2133298.252974288072437 ], [ 4694.400860505469609, 2133313.362101054284722 ], [ 4687.776623952202499, 2133341.298653659410775 ], [ 4670.072296483092941, 2133349.550941985566169 ], [ 4654.234795205236878, 2133348.870407717768103 ], [ 4647.761309870693367, 2133343.494697266258299 ], [ 4637.76507246971596, 2133324.891295318026096 ], [ 4640.505085479351692, 2133309.273114114068449 ], [ 4647.76147049543215, 2133304.635120341088623 ], [ 4663.358183323405683, 2133296.440006270539016 ], [ 4677.178376276919153, 2133300.506113630719483 ], [ 4696.147297957330011, 2133299.991443870589137 ] ] } },
{ "type": "Feature", "properties": { "route_name": "3_", "route_name_short": "", "route_type": 3 }, "geometry": { "type": "LineString", "coordinates": [ [ 1151.790378091856837, 2134660.054151966702193 ], [ 1792.459173092851415, 2134602.575568810570985 ], [ 1814.497891559847631, 2134598.642790255136788 ], [ 1781.05721433047438, 2134300.880207997746766 ], [ 1752.922599044046365, 2134042.94413683982566 ], [ 1743.977037234406453, 2134024.312956244219095 ], [ 1742.620289942016825, 2134013.246811314020306 ], [ 1749.663862384681124, 2134000.840998599305749 ], [ 1769.565400721097831, 2133995.856381002347916 ], [ 1831.704665753233712, 2133954.188597154803574 ], [ 2035.675894394866191, 2133815.384234928060323 ], [ 2395.84556853439426, 2133564.624024280812591 ], [ 2785.19974482228281, 2133300.86519263824448 ], [ 2971.510184760612901, 2133171.438319613691419 ], [ 3100.074840452871285, 2133090.217948325909674 ], [ 3106.065865677432157, 2133077.841635448392481 ], [ 3114.31559755152557, 2133070.955338542815298 ], [ 3126.992140575079247, 2133071.720648447051644 ], [ 3138.795975172193721, 2133079.171492778230458 ], [ 3139.30925617396133, 2133098.032558097038418 ], [ 3124.796758709999267, 2133107.309876245446503 ], [ 3121.997511022316758, 2133120.709614219609648 ], [ 3070.004084074287675, 2133574.015795780811459 ], [ 3041.178578801162075, 2133793.529371814336628 ], [ 3018.224127809109632, 2133996.228854125831276 ], [ 3008.56226238765521, 2134028.690661693457514 ], [ 3077.671246618556324, 2134126.735556234139949 ], [ 3288.630200897925533, 2133973.32279818225652 ], [ 3475.68672121927375, 2133832.776846554130316 ], [ 3545.907380236953031, 2133933.013363617472351 ], [ 3690.845511006831657, 2133833.586315819993615 ], [ 3962.77371544734342, 2134177.043590406887233 ], [ 3974.335219398548361, 2134175.619023453909904 ], [ 3983.909781181951985, 2134178.689613841939718 ], [ 3990.564241366519127, 2134190.721861661877483 ], [ 3987.734623060619924, 2134203.011911168228835 ], [ 3995.473019077326171, 2134216.124978511594236 ], [ 4278.681988898606505, 2134587.034565568901598 ], [ 4296.475321989273652, 2134582.10996761592105 ], [ 4315.563573996478226, 2134586.032449707388878 ], [ 4333.899486968410201, 2134601.0781917469576 ], [ 4343.624453475000337, 2134609.696213557850569 ], [ 4384.059061933192424, 2134623.031325421761721 ], [ 4578.283006943587679, 2134707.688296483363956 ], [ 4779.098719616420567, 2134841.019965305924416 ], [ 4983.102524943416938, 2134975.376861534547061 ], [ 5287.272122883005068, 2134720.645462351385504 ], [ 5575.101008890138473, 2134485.238546912092716 ], [ 5864.925912121660076, 2134790.479071272071451 ], [ 5617.443523451685905, 2134997.031654814258218 ], [ 5344.105223450111225, 2135222.054524029605091 ], [ 5783.461294486303814, 2135481.046570591628551 ], [ 6007.4690078747808, 2135614.869115642271936 ], [ 6192.759771164273843, 2135720.875546060502529 ], [ 6359.592852430185303, 2135846.257333164103329 ], [ 6645.30019795591943, 2136039.478558336850256 ], [ 6811.676617789431475, 2136148.221679232083261 ], [ 6993.221754192258231, 2136272.098947349004447 ], [ 7136.053977780393325, 2136368.157952857669443 ], [ 7124.854162121308036, 2136382.893931915517896 ], [ 6867.362934018485248, 2136218.881028714589775 ], [ 6764.443062337057199, 2136156.161128625273705 ], [ 6739.518943047965877, 2136131.29988167155534 ], [ 6642.76978266070364, 2136062.862232980318367 ], [ 6184.690988038899377, 2135734.417121795006096 ], [ 5973.721245939552318, 2135614.673179837875068 ], [ 5755.101907111122273, 2135485.145976196974516 ], [ 5321.013894127623644, 2135226.011636666022241 ], [ 5186.801812736608554, 2135137.500251731835306 ], [ 4847.110506575671025, 2134899.128415580373257 ], [ 4568.197479817608837, 2134724.616348796524107 ], [ 4352.506651512405369, 2134626.109094655141234 ], [ 4336.790732410270721, 2134629.866922936402261 ], [ 4319.449621576175559, 2134651.433411096222699 ], [ 4291.058511442854069, 2134654.425405480433255 ], [ 4282.477729002130218, 2134649.107163030654192 ], [ 4274.138122763426509, 2134652.664619149174541 ], [ 3701.980140543368179, 2135134.542960670311004 ], [ 3414.271055840828922, 2135373.315538119059056 ], [ 3155.559303353191353, 2135592.429342955350876 ], [ 2824.879052894946653, 2135879.018722482956946 ], [ 2788.513786382914986, 2135898.88561177207157 ], [ 2748.836179361387622, 2135913.291402341332287 ], [ 2708.855991090589669, 2135916.602478491142392 ], [ 2685.613992866477929, 2135915.015832174103707 ], [ 2640.002067397232167, 2135905.156986758578569 ], [ 2603.540464721561875, 2135882.83521058736369 ], [ 2567.738960021757521, 2135846.061458802781999 ], [ 2368.775413564639166, 2135510.625153428409249 ], [ 2142.67451514134882, 2135147.061884343624115 ], [ 1979.448354212858249, 2134885.042118290439248 ], [ 1899.6384044578881, 2134742.879962354432791 ], [ 1827.028775469982065, 2134632.720485920552164 ], [ 1809.925772978400346, 2134624.304970304016024 ], [ 1153.450936518318485, 2134682.215321631636471 ], [ 1150.857934605563059, 2134664.52096388163045 ] ] } },
{ "type": "Feature", "properties": { "route_name": "4_", "route_name_short": "", "route_type": 3 }, "geometry": { "type": "LineString", "coordinates": [ [ 2172.276675103465095, 2135188.445803206879646 ], [ 1885.06044412497431, 2135406.137979885563254 ], [ 2034.42220272438135, 2135585.26113494252786 ], [ 1860.638410713465419, 2135708.811916247941554 ], [ 1787.643876938673202, 2135623.090922544244677 ], [ 1433.190834005072247, 2135888.153925244696438 ], [ 1064.35983185749501, 2136166.943924610968679 ], [ 864.764214490889572, 2135578.378616262692958 ], [ 775.819925636344124, 2135295.457159789279103 ], [ 652.788507526565809, 2135000.144641845487058 ], [ 462.498489467077889, 2135098.623541647568345 ], [ 587.995544266828801, 2135368.33013047138229 ], [ 171.507367126352619, 2135562.94713872903958 ], [ 120.420754946884699, 2135584.333717423956841 ], [ -2.104594222735614, 2135307.885308352299035 ], [ -93.423000299022533, 2135092.760768412612379 ], [ -110.598760239081457, 2135043.266005692537874 ], [ -271.646219314308837, 2135054.344444658141583 ], [ -407.007098428322934, 2135079.15421304339543 ], [ -300.524516691977624, 2135347.159053761977702 ], [ -204.714888417103793, 2135572.152898660395294 ], [ -169.370174738578498, 2135668.89424900803715 ], [ -74.920955152600072, 2135882.821859130170196 ], [ 9.343213550455403, 2136071.490777102299035 ], [ 351.073601685347967, 2135919.997844579163939 ], [ 506.590339626243804, 2135861.329880892299116 ], [ 699.26199983432889, 2135811.639019873458892 ], [ 940.891939757100772, 2135778.3756946134381 ], [ 971.602051338762976, 2135783.086824344005436 ], [ 1151.365301341284066, 2135762.623100064694881 ], [ 1240.264807155705057, 2135735.763862400781363 ], [ 1064.173466427542735, 2135350.855158752761781 ], [ 1311.70516518317163, 2135147.556895115878433 ], [ 1521.222730002598837, 2134980.832549664657563 ], [ 1527.211845782585442, 2134968.455320335924625 ], [ 1512.914481147890911, 2134831.165908796712756 ], [ 1507.8890760653303, 2134685.85085815936327 ], [ 1482.02207045967225, 2134665.461536052171141 ], [ 1474.342346515390091, 2134654.568154757842422 ], [ 1439.597520064737182, 2134656.627956882119179 ], [ 1338.524368319252972, 2134662.721356635913253 ], [ 1178.620658946689218, 2134677.085781628731638 ], [ 1178.044265108648688, 2134656.005302116740495 ], [ 1461.090461435320321, 2134632.723802608903497 ], [ 1664.229946766979992, 2134618.291250830050558 ], [ 1807.151651739142835, 2134599.953713256400079 ], [ 1819.736549806490075, 2134597.389421147294343 ], [ 1847.407763923984021, 2134606.626698943786323 ], [ 1965.008151639078278, 2134587.871550855692476 ], [ 2042.776573748851661, 2134577.976549836341292 ], [ 2134.81951262120856, 2134588.788315061014146 ], [ 2237.551438284688629, 2134604.860433815047145 ], [ 2353.690541459189262, 2134687.185982677154243 ], [ 2425.95807166089071, 2134746.281782804057002 ], [ 2447.7598148015677, 2134772.334561364259571 ], [ 2481.606868780683726, 2134814.713463346473873 ], [ 2768.052851606102195, 2134568.187961279414594 ], [ 3054.627200367685873, 2134326.106630431488156 ], [ 3414.790885591704864, 2134036.507016145158559 ], [ 3546.870644168346189, 2133929.656286327634007 ], [ 3687.623736096080393, 2133831.453351079951972 ], [ 3703.189542314619757, 2133822.147751204669476 ], [ 3849.729543260880746, 2133820.3840382383205 ], [ 3857.858417022158392, 2133809.060193606652319 ], [ 3869.329690794693306, 2133804.30721248080954 ], [ 3883.089541777328122, 2133806.153744615614414 ], [ 3892.815097206097562, 2133814.771662561222911 ], [ 3900.161605313420296, 2133813.461680945940316 ], [ 4204.921951933705714, 2133774.092302903532982 ], [ 4539.459981855878141, 2133743.912394868675619 ], [ 4837.114491712651215, 2133714.739432999398559 ], [ 5071.691093127126805, 2133692.833196400664747 ], [ 5117.727440902555827, 2133679.371967766899616 ], [ 5354.381472376233432, 2133656.302934097591788 ], [ 5350.799135982233565, 2133640.856331842485815 ], [ 5273.061050468182657, 2133574.126858643256128 ], [ 5259.90823521418497, 2133439.031090448610485 ], [ 5256.779672521050088, 2133362.507642044685781 ], [ 5226.791642795142252, 2133345.556166477501392 ], [ 5136.61544594715815, 2133325.795150582212955 ], [ 5117.045131751801819, 2133304.120347114745528 ], [ 5111.987711606663652, 2133273.169989326503128 ], [ 5093.175180338905193, 2133084.934673070441931 ], [ 5034.219383421645034, 2133127.61278159217909 ], [ 5011.576458699826617, 2133148.211485106032342 ], [ 4997.755301508877892, 2133183.004522288683802 ], [ 5001.276798490667716, 2133235.091636111959815 ], [ 5110.478214096045122, 2133411.994223074521869 ], [ 5178.703200999822002, 2133477.870928769465536 ], [ 5250.269552468904294, 2133550.318790417164564 ], [ 5325.81001313298475, 2133613.776979867368937 ], [ 5397.226484466809779, 2133641.818702984601259 ], [ 5790.052765508706216, 2133622.296014987397939 ], [ 6176.788089093985036, 2134079.244408688973635 ], [ 6425.449725198035594, 2134032.548007781151682 ], [ 6544.978776003641542, 2134007.11053451243788 ], [ 6663.184280542482156, 2133971.717504496686161 ], [ 6809.811744400067255, 2133934.446977599989623 ], [ 7158.013235550548416, 2133863.977136883884668 ], [ 7190.320435361762065, 2133849.781876513268799 ], [ 7252.078579557710327, 2133793.712811328470707 ], [ 7184.28851539484458, 2133704.503874446265399 ], [ 7108.157491802063305, 2133618.850983851589262 ], [ 7048.911206578486599, 2133572.710782201960683 ], [ 6985.02994562825188, 2133511.152551806531847 ], [ 7088.396144085098058, 2133472.83337434893474 ], [ 6996.812323594873305, 2133205.518877130467445 ], [ 7110.658579591137823, 2133164.696800197474658 ], [ 7061.990028932166751, 2133041.664327574428171 ], [ 6840.469287056650501, 2133117.591657512355596 ], [ 6685.948526791238692, 2133136.199417439289391 ], [ 6590.291386581608094, 2133147.666364746633917 ], [ 6488.28136911400361, 2133158.195322735235095 ], [ 6279.322224176838063, 2133191.601324023213238 ], [ 6205.925945677270647, 2133090.333179141860455 ], [ 6139.905737648077775, 2132988.865622573532164 ], [ 5527.569396305654664, 2133003.218311038799584 ], [ 5525.277069572010078, 2133074.337017296813428 ], [ 5540.041912077344023, 2133424.779253815766424 ], [ 5652.557014522375539, 2133451.708836702164263 ], [ 5717.828331180964597, 2133525.43881057575345 ], [ 5775.722564310010057, 2133599.36863863049075 ], [ 5819.226175092568155, 2133648.152274206280708 ], [ 5559.299278131569736, 2133668.514832753688097 ], [ 5179.479545923531987, 2133701.013315286487341 ], [ 4718.606695624126587, 2133739.050091732759029 ], [ 4244.214194396976382, 2133784.127772705163807 ], [ 4021.409911694063339, 2133812.386853834148496 ], [ 3902.691432295949198, 2133828.936912809032947 ], [ 3883.000819111592136, 2133841.68530439119786 ], [ 3871.499410035496112, 2133845.328815363813192 ], [ 3856.625454045133665, 2133841.292013181373477 ], [ 3692.237817997403909, 2133962.341964734252542 ], [ 3448.038026906549931, 2134134.418399654794484 ], [ 3257.132653444597963, 2134288.393848693463951 ], [ 3063.310740565182641, 2134451.333942611701787 ], [ 2795.283306316705421, 2134677.365892420522869 ], [ 2537.557851144229062, 2134894.240052216220647 ], [ 2171.222922914370429, 2135188.474565900396556 ] ] } },
{ "type": "Feature", "properties": { "route_name": "5_", "route_name_short": "", "route_type": 3 }, "geometry": { "type": "LineString", "coordinates": [ [ 2330.383701783372089, 2134451.325608046725392 ], [ 2473.169900379434694, 2134311.973836194723845 ], [ 2554.0050791168469, 2134259.806079287081957 ], [ 2665.335925362946, 2134165.726326626259834 ], [ 3032.486811584152747, 2133900.35473098885268 ], [ 3258.682260292291176, 2133725.431766212917864 ], [ 3491.446193673589732, 2133559.216362746898085 ], [ 3608.175514653499704, 2133469.438990978058428 ], [ 3747.049498448963277, 2133651.081081000622362 ], [ 3860.838887563673779, 2133802.317454223986715 ], [ 3878.87430138286436, 2133806.268328212201595 ], [ 3895.946367491444107, 2133813.576260967645794 ], [ 4088.310965271375608, 2133790.583812175318599 ], [ 4336.406787316896953, 2133761.638754460960627 ], [ 4691.960528921918012, 2133728.67046147538349 ], [ 5059.045476520259399, 2133693.176107367500663 ], [ 5115.64991961279884, 2133680.538564602844417 ], [ 5170.267109311011154, 2133672.396155773196369 ], [ 5351.250139998097438, 2133657.498059015255421 ], [ 5349.414600411895663, 2133628.680957260075957 ], [ 5267.190608178381808, 2133552.080683001782745 ], [ 5261.713783932558727, 2133466.738764364738017 ], [ 5258.013900289544836, 2133369.135777846444398 ], [ 5235.252267034607939, 2133346.437121262773871 ], [ 5135.621774516126607, 2133328.042619317304343 ], [ 5116.864676482102368, 2133297.463640971574932 ], [ 5111.235822308750357, 2133245.433712841011584 ], [ 5092.994736371270847, 2133078.277966112364084 ], [ 5020.880484494904522, 2133141.29762712540105 ], [ 5001.72998028161237, 2133174.014611267019063 ], [ 4999.290435576811433, 2133200.727186685428023 ], [ 4996.941155014850665, 2133230.768121893517673 ], [ 5130.319152863929048, 2133443.654056362342089 ], [ 5146.306834022863768, 2133449.882233709096909 ], [ 5247.017915435542818, 2133547.076131897978485 ], [ 5346.343396820127964, 2133632.094979059416801 ], [ 5410.172717612644192, 2133652.570512496866286 ], [ 5636.498893495765515, 2133637.55694881407544 ], [ 6018.636173319013324, 2133612.777459570672363 ], [ 6466.801287741167471, 2133572.897739338222891 ], [ 6730.792597276449669, 2133546.887510272674263 ], [ 6943.088222674268764, 2133520.057108222041279 ], [ 7118.746298780315556, 2133464.242182950489223 ], [ 7456.305393311136868, 2133350.76888653729111 ], [ 7707.120488537824713, 2133266.287261983379722 ], [ 7715.065464404644445, 2133287.167324403766543 ], [ 7322.162906298646703, 2133421.002776684239507 ], [ 6952.027971088711638, 2133538.689689802471548 ], [ 6969.577786656620447, 2133563.75113333389163 ], [ 6986.538508771045599, 2133723.167360339779407 ], [ 6992.556592818000354, 2133750.760762345977128 ], [ 7022.446891781059094, 2133803.244805814232677 ], [ 7039.806822830694728, 2133899.366603390779346 ], [ 6852.172194426646456, 2133941.0739193726331 ], [ 6520.378464651934337, 2134033.311418217606843 ], [ 6165.556964274612255, 2134092.871364023070782 ], [ 6108.025932661432307, 2134032.254245424177498 ], [ 6035.894590458774474, 2133938.724807190708816 ], [ 5797.066452779341489, 2133647.642010715790093 ], [ 5212.027018674998544, 2133695.689892251510173 ], [ 5084.818051156005822, 2133710.241521124262363 ], [ 4673.4738053426845, 2133746.936540491413325 ], [ 4244.214194396976382, 2133784.127772705163807 ], [ 3899.560164761729538, 2133830.132313755806535 ], [ 3873.607025927572977, 2133845.271521581336856 ], [ 3853.464028841000982, 2133841.377956741023809 ], [ 3753.356302674219478, 2133921.819831681903452 ], [ 3653.688334121950902, 2133785.744071999564767 ], [ 3017.555486912431661, 2134242.733551285229623 ], [ 2906.229828445473686, 2134104.757728328928351 ], [ 2623.746783311362378, 2134342.288164827506989 ], [ 2277.267932226823177, 2134630.424334621522576 ], [ 2394.551230387936812, 2134716.049770360812545 ], [ 2550.566102660552133, 2134907.208996197674423 ], [ 2701.399944960663561, 2135101.840951125137508 ], [ 2754.848560515965801, 2135167.002034151926637 ], [ 2661.297668845276348, 2135332.76786103611812 ], [ 2567.718503169191536, 2135497.425088698510081 ], [ 2473.208682738884818, 2135666.549885394982994 ], [ 2421.745682946988381, 2135790.088368583004922 ], [ 2385.277736524818465, 2135922.100407034624368 ], [ 2325.460230597411282, 2136125.810112283565104 ], [ 2265.705230902938638, 2136331.739324731286615 ], [ 2217.505400044261478, 2136497.382181986700743 ], [ 2219.013595630705822, 2136513.995720628183335 ], [ 2215.041310321015771, 2136522.98673167778179 ], [ 2197.462177767942194, 2136535.680325200781226 ], [ 2026.098352390923537, 2136824.603066961281002 ], [ 2042.99466187262442, 2136864.112830593716353 ], [ 2027.462675551942084, 2136874.530127360019833 ], [ 2050.635237016365863, 2136989.370035740546882 ], [ 1966.025101204053499, 2137057.191244475077838 ], [ 1861.426662126730662, 2137126.669780285097659 ], [ 1639.466875964775681, 2137261.537054834421724 ], [ 1585.644684850121848, 2137144.204461490735412 ], [ 1481.411243446054868, 2136957.190036314539611 ], [ 1298.912564023397863, 2137069.885701367165893 ], [ 1131.947217739070766, 2137172.165455585345626 ], [ 904.148180523014162, 2136708.731811560690403 ], [ 400.644303849840071, 2136959.030793800484389 ], [ 453.66485193738481, 2137085.266671867109835 ], [ 191.884502491913736, 2137229.018127143848687 ], [ 141.578177747607697, 2137124.915127046406269 ], [ 128.234105162555352, 2137099.743194291368127 ], [ 42.729775976622477, 2136981.061001298949122 ], [ -53.860398955119308, 2136842.69682840956375 ], [ -71.176053892064374, 2136826.516715154517442 ], [ -220.446418457315303, 2136805.07528586871922 ], [ -315.644055430660956, 2136794.364316052291542 ], [ -355.532025902997702, 2136801.011203033849597 ], [ -723.25193577009486, 2137042.066065791528672 ], [ -654.431131716235541, 2137129.00386002054438 ], [ -634.6723446539836, 2137157.330321718007326 ], [ -621.205163141654339, 2137186.940015224274248 ], [ -562.495199622004293, 2137289.70075314398855 ], [ -547.944038643210661, 2137320.39102859608829 ], [ -533.684518072463106, 2137378.848284402862191 ], [ -522.050556248868816, 2137418.501570096705109 ], [ -583.21034300030442, 2137456.823813338298351 ], [ -571.515294595330488, 2137498.696127050090581 ], [ -553.589825072092935, 2137537.066165308002383 ], [ -485.398061695101205, 2137639.566276465542614 ], [ -421.199848977208603, 2137596.719348998274654 ], [ -399.243063653295394, 2137628.316552464384586 ], [ -474.817860980518162, 2137679.248489890713245 ], [ -566.233644147810992, 2137537.413582433015108 ], [ -596.755440997134428, 2137462.747801396530122 ], [ -528.463952767720912, 2137415.346693655941635 ], [ -540.250343824911397, 2137370.145801895763725 ], [ -554.47940280509647, 2137312.798066889867187 ], [ -578.848898218246177, 2137270.163594152778387 ], [ -644.185902231954969, 2137156.481359093915671 ], [ -660.509298752760515, 2137138.053751653525978 ], [ -739.897425902541727, 2137050.296009432990104 ], [ -1023.20344420481706, 2136679.448930151294917 ], [ -757.722520591516513, 2136516.702087724581361 ], [ -892.996563673426863, 2136237.276598121039569 ], [ -807.687967823294457, 2136194.959737200289965 ], [ -671.727263043518178, 2136461.042411010246724 ], [ -417.770819694560487, 2136300.839353428222239 ], [ -340.020805609179661, 2136252.070229635108262 ], [ 8.259055060858373, 2136070.410162623506039 ], [ 175.851558047928847, 2136452.215027886908501 ], [ 257.943654375732876, 2136638.722789933905005 ], [ 344.462189112149645, 2136832.881588915362954 ], [ 788.577947675425094, 2136608.635779591277242 ], [ 1202.297264813038055, 2136390.78691440820694 ], [ 1350.027312995516695, 2136664.327018154785037 ], [ 1491.492543250904419, 2136940.259333029389381 ], [ 2207.99201559094945, 2136496.531689545605332 ], [ 2395.893395014514681, 2135847.419787626713514 ], [ 2454.695823599118739, 2135683.709686039946973 ], [ 2521.00249441456981, 2135563.097407208289951 ], [ 2779.770632742962334, 2135114.138272947631776 ], [ 2829.22686770092696, 2135032.848226653877646 ], [ 2858.359842957637738, 2134941.009294744115323 ], [ 2514.494992075429764, 2134667.25585196679458 ], [ 2327.161796822736505, 2134449.192870155442506 ] ] } },
{ "type": "Feature", "properties": { "route_name": "7_", "route_name_short": "", "route_type": 3 }, "geometry": { "type": "LineString", "coordinates": [ [ 2279.811761184420902, 2133641.068036887794733 ], [ 2397.396834633429535, 2133930.983505313750356 ], [ 2479.563563845702447, 2134159.687322836834937 ], [ 2496.520134640741162, 2134201.416704219765961 ], [ 2685.657756294705905, 2134408.329230139963329 ], [ 2699.0848755495972, 2134397.970513239968568 ], [ 2758.887808405677788, 2134464.069171986076981 ], [ 2742.511035655043088, 2134482.280370652209967 ], [ 3081.268510020105168, 2134878.31008924683556 ], [ 3462.466994956252165, 2135323.150256601627916 ], [ 3532.654107367328834, 2135422.27612825576216 ], [ 3494.602846843947191, 2135457.731211349368095 ], [ 3974.507000239158515, 2136043.116102050058544 ], [ 4428.039330116123892, 2136590.363478190731257 ], [ 4465.584823623183183, 2136691.488472390919924 ], [ 4426.270741799206007, 2136719.204265323001891 ], [ 4410.888619650970213, 2136735.166514822281897 ], [ 4404.870923334790859, 2136785.292869497090578 ], [ 4378.532616768323351, 2136824.869069783017039 ], [ 4147.799677457893267, 2136986.585989837534726 ], [ 3849.159433713881299, 2137171.251441417727619 ], [ 3761.383599411696196, 2136929.377523431554437 ], [ 3665.029906699550338, 2136721.04593861894682 ], [ 3651.389015962660778, 2136684.777760745026171 ], [ 3624.722280408546794, 2136131.467505428474396 ], [ 3372.374239013297483, 2136351.517550365068018 ], [ 3122.078945787565317, 2136569.296073592733592 ], [ 2903.786824646638706, 2136761.779847252648324 ], [ 2844.702950639126357, 2136837.782097987364978 ], [ 2838.665046269365121, 2136925.661025621462613 ], [ 2835.636873814160936, 2137007.906328284647316 ], [ 2820.473941065662075, 2137070.497230532113463 ], [ 2788.029200055985712, 2137118.015460103284568 ], [ 2289.405680743744597, 2137546.886925915256143 ], [ 2510.720037206832785, 2137851.729144332930446 ], [ 2343.235814549319912, 2138204.943647256586701 ], [ 2259.92799245857168, 2138281.611707187257707 ], [ 2122.17291467927862, 2138102.174852217081934 ], [ 1525.205887968360912, 2138595.946102648973465 ], [ 1479.183263185550459, 2138609.419788722880185 ], [ 1398.028497318504378, 2138610.531701859086752 ], [ 1392.245044174429495, 2138476.340035275090486 ], [ 1457.627227849792689, 2138476.77042134013027 ], [ 1484.534049214678816, 2138458.268463971093297 ], [ 2123.671936850761995, 2137925.59315156750381 ], [ 2202.502536592830438, 2138032.249557559378445 ], [ 2302.274918003648054, 2137940.697452264372259 ], [ 2090.000382793135941, 2137696.67754915356636 ], [ 2571.848395069304388, 2137271.587331032380462 ], [ 2704.108166763267945, 2137172.490241036750376 ], [ 2792.177172849013004, 2137076.82089478103444 ], [ 2821.757942804135382, 2137001.623169573489577 ], [ 2814.909745089651551, 2136905.2133280467242 ], [ 2820.287426342023537, 2136831.786366045009345 ], [ 2857.456409191479906, 2136764.153975558932871 ], [ 3360.4513538464671, 2136339.629130594898015 ], [ 3846.760823811287992, 2135921.129637392237782 ], [ 3407.015824152855203, 2135377.954282704740763 ], [ 2993.845417167292908, 2135733.403502579312772 ], [ 2676.317093867401127, 2135303.490307190455496 ], [ 2843.223391941515729, 2135004.709134807344526 ], [ 2859.534554067009594, 2134945.418491072487086 ], [ 2846.617312900023535, 2134935.777819814160466 ], [ 2637.136216798680834, 2134756.067301056347787 ], [ 2517.747090762190055, 2134670.498092643916607 ], [ 2414.27926134376321, 2134550.075552492868155 ], [ 2328.366905801231042, 2134454.711551176849753 ], [ 2475.18674214190105, 2134308.587918996345252 ], [ 2422.214256261067931, 2134222.317991939838976 ], [ 2377.298574457759969, 2134044.783036856912076 ], [ 2245.463741496903822, 2133696.409899551887065 ], [ 1999.039661985705607, 2133864.127383024431765 ], [ 1667.902687626658008, 2134096.340318075381219 ], [ 1634.621552637079731, 2134036.181559265125543 ], [ 1572.179862064775079, 2134066.75523991510272 ], [ 1508.710691197600681, 2133905.27148715313524 ], [ 1279.375850486278068, 2133964.832619115710258 ], [ 1226.919955231889617, 2133781.951981587335467 ], [ 944.292428355314769, 2133859.628562543541193 ], [ 905.640082643658388, 2133757.424710698891431 ], [ 812.975752900936641, 2133685.566557862795889 ], [ 757.764155099866912, 2133594.918956407811493 ], [ 719.899541401362512, 2133521.56225795019418 ], [ 930.748197951470502, 2133441.404265529941767 ], [ 1003.412567491817754, 2133630.394482073839754 ], [ 1318.471032851317432, 2133542.951164161320776 ], [ 1202.799375265894923, 2133285.184965666849166 ], [ 1487.998699093819596, 2133224.099514588713646 ], [ 1655.875590881623793, 2133655.871753565967083 ], [ 1689.659286898095161, 2133657.170042934827507 ], [ 1838.027633744990453, 2133954.015999924857169 ], [ 2258.104684072488453, 2133657.204309520777315 ] ] } },
{ "type": "Feature", "properties": { "route_name": "9_", "route_name_short": "", "route_type": 3 }, "geometry": { "type": "LineString", "coordinates": [ [ 2543.436821392737329, 2134258.983885502442718 ], [ 2620.73661612556316, 2134347.921749136876315 ], [ 2276.244418207323179, 2134631.562569777015597 ], [ 2391.23858354089316, 2134710.588579448871315 ], [ 2465.285895791079383, 2134796.283347459044307 ], [ 2720.942188036453445, 2135122.403939542360604 ], [ 2927.32767292112112, 2135382.14040702348575 ], [ 2957.618364593712613, 2135410.182662264909595 ], [ 3033.163270090415608, 2135473.631568084936589 ], [ 3140.176799613633193, 2135608.392679632641375 ], [ 2996.915820957685355, 2135729.988902739714831 ], [ 2845.499324752949178, 2135861.80186166940257 ], [ 2769.849714675394353, 2135910.497680058237165 ], [ 2688.835630511399359, 2135917.148568831849843 ], [ 2613.175160732411314, 2135888.123905899003148 ], [ 2569.967457395745441, 2135850.441894670017064 ], [ 2523.428471093007829, 2135883.910651644226164 ], [ 2477.906863197684288, 2136070.574662386439741 ], [ 2526.891611524275504, 2136088.113157452549785 ], [ 2600.370464075531345, 2136423.642134824302047 ], [ 2733.452467142720707, 2136740.889808264560997 ], [ 2598.02161436266033, 2136801.211511240806431 ], [ 2672.831384639954194, 2136992.363527789711952 ], [ 2506.907743301126175, 2137055.739354390185326 ], [ 2489.783497064607218, 2137085.075016058981419 ], [ 2588.258602995832916, 2137293.345517168752849 ], [ 2289.22380325384438, 2137540.23000055924058 ], [ 2485.729747492296156, 2137824.65390845714137 ], [ 2515.904142793093342, 2137887.117557222023606 ], [ 2520.466017520753667, 2137976.928293003700674 ], [ 2531.554471560753882, 2138035.4719925718382 ], [ 2570.073341741866898, 2138133.237680628430098 ], [ 2610.515364220598713, 2138378.622326604090631 ], [ 2662.735258794215042, 2138669.207922467961907 ], [ 2715.85814276651945, 2138799.883875170722604 ], [ 2775.453178688767366, 2138935.934583799447864 ], [ 2800.805526197538711, 2138976.323596630711108 ], [ 2441.129707765358035, 2139124.940563446376473 ], [ 2050.559828944446053, 2139338.809927530121058 ], [ 1986.32917097187601, 2139226.204081704374403 ], [ 1580.235418657422997, 2139450.50311431242153 ], [ 1376.228908879042137, 2139508.276948341168463 ], [ 1333.015046842047013, 2139547.212333719711751 ], [ 1224.331754662736785, 2139582.390462827403098 ], [ 1299.408098651736509, 2139821.275437671225518 ], [ 1386.270489308517426, 2139797.798669848591089 ], [ 1444.111053630243987, 2139754.021194272208959 ], [ 1539.523346393369138, 2139734.752353919669986 ], [ 1664.312087943893857, 2139710.238227137364447 ], [ 1721.027717655175366, 2139856.358721566386521 ], [ 1794.760142799466848, 2140046.426302960608155 ], [ 1835.571337678004056, 2140150.789831626228988 ], [ 1899.608357513905503, 2140333.350539952982217 ], [ 1936.144152423250489, 2140435.610442457720637 ], [ 2012.983951198984869, 2140546.759763579349965 ], [ 1709.826153743371833, 2140756.031781390774995 ], [ 1632.429810957575683, 2140816.999945036601275 ], [ 1478.315992939460557, 2140886.733383347745985 ], [ 1518.429150578391273, 2140965.577793147880584 ], [ 1670.070608167035971, 2140882.588338281493634 ], [ 1627.97285227640532, 2140808.23943178076297 ], [ 1729.263897814555094, 2140734.402991083916277 ], [ 1999.19805303128669, 2140543.806226217187941 ], [ 2120.62880457128631, 2140473.86263628071174 ], [ 2040.376735437952448, 2140315.062449160497636 ], [ 2371.664075565990061, 2140131.677007231395692 ], [ 2277.046286362048704, 2139794.507513548713177 ], [ 2181.529526738275308, 2139617.248512017540634 ], [ 1905.55106502014678, 2139780.245769783854485 ], [ 1805.937673523789272, 2139607.541231183335185 ], [ 2101.99599473195849, 2139446.214236906729639 ], [ 2483.445855129801203, 2139245.918578154407442 ], [ 2834.630412232188974, 2139095.313203907106072 ], [ 2782.834997533878777, 2138974.593819476664066 ], [ 2702.761109389888588, 2138783.586962445639074 ], [ 2659.665549038909376, 2138672.622712279204279 ], [ 2645.537927540892269, 2138618.603352981153876 ], [ 2600.851468770648353, 2138372.224429699126631 ], [ 2571.103714322845917, 2138170.96015733294189 ], [ 2549.328046665061265, 2138107.156832399312407 ], [ 2533.214169317681808, 2138057.632913668174297 ], [ 2439.438072849821765, 2138021.333680090028793 ], [ 2402.12269796943292, 2138083.420485606882721 ], [ 2080.517910788243171, 2137696.936750778928399 ], [ 2587.471045905258507, 2137264.498937916941941 ], [ 2656.519425566191785, 2137205.988157781306654 ], [ 2515.152862927934621, 2136855.658184271771461 ], [ 2513.891868673672434, 2136693.587178344838321 ], [ 2487.603140124119818, 2136464.470381060615182 ], [ 3163.36568162869662, 2136188.447707345243543 ], [ 3097.560001888254192, 2135979.284133487846702 ], [ 3180.59018187969923, 2135969.249168384354562 ], [ 2979.481841422093567, 2135709.368377478327602 ], [ 3132.438010242185555, 2135595.279951175674796 ], [ 3420.230880065413658, 2135359.829709121957421 ], [ 3196.665256942855194, 2135127.204534287098795 ], [ 3132.352613615454175, 2135088.985667591448873 ], [ 3077.942396082973573, 2135027.180875088553876 ], [ 2941.41649449832039, 2134854.362870014738292 ], [ 2851.916341904026922, 2134936.743697910103947 ], [ 2654.662014447327238, 2134780.016215923707932 ], [ 2520.87816898629535, 2134669.302402172703296 ], [ 2490.192391682241578, 2134626.837182238698006 ], [ 2326.259320504323114, 2134454.769039555918425 ], [ 2477.233836663654074, 2134306.311485344544053 ], [ 2541.298971736512613, 2134257.931861572433263 ] ] } },
{ "type": "Feature", "properties": { "route_name": "9A_", "route_name_short": "", "route_type": 3 }, "geometry": { "type": "LineString", "coordinates": [ [ 1792.792453532980289, 2134614.779975656885654 ], [ 1807.454624532605521, 2134611.04862679541111 ], [ 1817.62896785303019, 2134597.446972100995481 ], [ 1825.035800565499812, 2134598.355035973247141 ], [ 1837.86306194937788, 2134604.666684854775667 ], [ 1847.46835366304731, 2134608.845680694561452 ], [ 1996.561264365329407, 2134584.789593805093318 ], [ 2043.769798065361101, 2134575.728810599073768 ], [ 2174.923973756376654, 2134589.914564732927829 ], [ 2322.97688833711436, 2134450.417332238983363 ], [ 2478.408643438189756, 2134310.720684323459864 ], [ 2419.294875380641315, 2134231.280069579835981 ], [ 2417.938528253696859, 2134220.213967591989785 ], [ 2409.260956687270664, 2134172.707313732244074 ], [ 2359.136569437338039, 2133997.53499312652275 ], [ 2332.659844484296627, 2133916.094084873795509 ], [ 2239.982754751399625, 2133688.78719688160345 ], [ 1983.323020182899199, 2133867.887189285829663 ], [ 1775.198012744251173, 2134009.026425188407302 ], [ 1767.221768471645191, 2134025.898961752187461 ], [ 1767.494386623788159, 2134035.884384779259562 ], [ 1773.382090597471688, 2134135.652300123590976 ], [ 1803.381886486429721, 2134384.654850781429559 ], [ 1825.695744351134636, 2134583.902876297477633 ], [ 1827.113086269644555, 2134597.1879947418347 ], [ 1839.007738343731035, 2134607.96638335287571 ], [ 1836.240211805445142, 2134622.476090156938881 ], [ 1826.907589610258583, 2134628.282521379180253 ], [ 1819.531065728398971, 2134628.483950688038021 ], [ 1804.687122894567437, 2134625.558344130404294 ], [ 1737.335474154097028, 2134630.728652143850923 ], [ 1550.063780859520193, 2134646.947518793400377 ], [ 1283.818084431579337, 2134667.547746647614986 ], [ 1130.267450346495025, 2134682.849268294405192 ], [ 957.809120371588506, 2134700.89000756572932 ], [ 778.967216383491177, 2134716.886462182272226 ], [ 675.421688163245562, 2134709.727258626837283 ], [ 594.998807189171202, 2134699.714946968480945 ], [ 578.472101119463332, 2134712.381084507796913 ], [ 569.261266545508988, 2134722.626282101031393 ], [ 560.171943574910983, 2134737.309512247797102 ], [ 576.109742305648979, 2134780.176358334720135 ], [ 602.017621854145546, 2134840.535656054504216 ], [ 644.947127851250116, 2134944.842456746380776 ], [ 735.263159229012672, 2135162.216714484617114 ], [ 788.556203692103736, 2135298.4395374013111 ], [ 840.28783464274602, 2135454.691103076096624 ], [ 922.747559387760703, 2135693.376619169488549 ], [ 988.124631930899341, 2135885.895596500020474 ], [ 1055.851196670904756, 2136087.23286552913487 ], [ 1081.938879694847856, 2136154.249150115530938 ], [ 1145.704572493617889, 2136287.964510866440833 ], [ 1205.519072802038863, 2136392.91941092396155 ], [ 1341.263965170306619, 2136652.353174093645066 ], [ 1422.431915346242022, 2136805.57840148312971 ], [ 1492.606907317996956, 2136942.449501629918814 ], [ 1571.63516971108038, 2137094.623016608413309 ], [ 1599.402786083694082, 2137146.048772053327411 ], [ 1649.790832734550349, 2137253.482389048673213 ], [ 1668.894738189759664, 2137335.123898789752275 ], [ 1674.019701257813722, 2137368.293464456684887 ], [ 1678.038896283775102, 2137438.133996319025755 ], [ 1678.957961801672354, 2137510.279980001505464 ], [ 1665.338881723233499, 2137590.59594907052815 ], [ 1618.347098772064783, 2137722.900020498782396 ], [ 1564.223889628949109, 2137864.282178884372115 ], [ 1540.668115420732647, 2137928.215492784976959 ], [ 1546.300494352006353, 2137941.385280265007168 ], [ 1556.025811584317125, 2137950.001744192093611 ], [ 1636.919087854446843, 2137977.76690947310999 ], [ 1678.161166470439639, 2137982.190069445874542 ], [ 1716.9924649145687, 2137975.576021485030651 ], [ 1756.755960253882222, 2137964.495262734591961 ], [ 1784.747818029834889, 2137947.074664590414613 ], [ 1814.60413727699779, 2137920.720535800326616 ], [ 1901.895959946268704, 2138028.254987773951143 ], [ 2036.606324879918247, 2138173.354178147390485 ], [ 2164.303621214814484, 2138331.969400424510241 ], [ 2176.499533334979787, 2138353.842351021245122 ], [ 2195.146197009657044, 2138418.841370816808194 ], [ 2245.900928932067472, 2138578.449959175661206 ], [ 2291.11442639271263, 2138728.217126534320414 ], [ 2325.571780737896916, 2138831.644975597970188 ], [ 2335.265941414574627, 2138839.152184791862965 ], [ 2346.529233873181511, 2138865.491889315657318 ], [ 2370.806853518646676, 2138943.660712778568268 ], [ 2408.060288770822808, 2139033.688298248685896 ], [ 2442.213556161848828, 2139126.021252240985632 ], [ 2170.044680658960715, 2139274.473678576759994 ], [ 2035.992778036510572, 2139345.870412638876587 ], [ 1976.097543373703957, 2139237.587266314774752 ], [ 1843.129613317141775, 2139310.066188758704811 ], [ 1572.921600145171396, 2139452.924075885210186 ], [ 1390.947679918957874, 2139506.763348049949855 ], [ 1369.097517657151911, 2139517.355002221651375 ], [ 1338.221795642690267, 2139544.848995071835816 ], [ 1221.140815815306269, 2139581.367585023399442 ], [ 1241.65482889249688, 2139637.432425415609032 ], [ 1254.307696023315657, 2139675.947359740268439 ], [ 1260.578702686005272, 2139712.416533401701599 ], [ 1292.993997833924368, 2139702.645457883365452 ], [ 1321.94476019468857, 2139681.866052788682282 ], [ 1350.176510408287868, 2139673.320079282391816 ], [ 1364.7735403314, 2139667.368427325505763 ], [ 1390.65511088189669, 2139650.00426355144009 ], [ 1418.795725241710898, 2139638.129916629288346 ], [ 1457.25864182098303, 2139618.200510284397751 ], [ 1495.934378060046583, 2139606.037693045567721 ], [ 1536.656377068371512, 2139591.598260262981057 ], [ 1587.163840237772092, 2139587.994222629349679 ], [ 1617.442007710458711, 2139577.172022646293044 ], [ 1652.835195562453009, 2139676.132342364639044 ], [ 1675.393961768189911, 2139729.920657909009606 ], [ 1685.604623580700718, 2139756.288917854893953 ], [ 1705.093929421098437, 2139813.49227079609409 ], [ 1744.852349867112935, 2139917.884656445123255 ], [ 1773.498428967024665, 2140001.485105338972062 ], [ 1791.751624655677006, 2140052.060321520548314 ], [ 1855.394243383139838, 2140220.197606014087796 ], [ 1894.158791550027672, 2140326.837801295798272 ], [ 1938.433326763508376, 2140442.209716140292585 ], [ 2007.747108974843286, 2140548.013463646639138 ], [ 1718.101651902892627, 2140750.253408072516322 ], [ 1628.064062306482811, 2140811.567924724426121 ], [ 1478.376820304198191, 2140888.952382327057421 ], [ 1517.406137334357481, 2140966.716167657170445 ], [ 1671.154438582540024, 2140883.668969969265163 ], [ 1623.698311249958351, 2140806.135904901660979 ], [ 1700.345234478649218, 2140756.29153808625415 ], [ 1786.230332777893636, 2140697.311912783887237 ], [ 1998.326869238459039, 2140550.492026570718735 ], [ 2099.893936925916933, 2140486.64373992010951 ], [ 2121.530411046231166, 2140468.286344612017274 ], [ 2096.025628158007748, 2140422.350886109285057 ], [ 2041.43019216216635, 2140315.033612507861108 ], [ 2173.397389654768631, 2140244.802411682438105 ], [ 2294.921879481174983, 2140178.18906196160242 ], [ 2375.968969688226935, 2140134.890212163329124 ], [ 2324.730412788630929, 2139957.530431947670877 ], [ 2272.619912345893681, 2139786.856354048475623 ], [ 2219.04793399607297, 2139678.400115742813796 ], [ 2183.697219783207402, 2139619.40985364234075 ], [ 1966.64409712026827, 2139739.712208344601095 ], [ 1898.085525057453196, 2139777.119153169449419 ], [ 1811.265924927138258, 2139609.616015644744039 ], [ 2068.890899901161902, 2139469.326397454366088 ], [ 2472.039178503968287, 2139252.892269560135901 ], [ 2414.844347435398959, 2139089.018659505527467 ], [ 2344.399847366381437, 2138903.3008754812181 ], [ 2321.660931911785156, 2138842.855060257017612 ], [ 2317.02214392129099, 2138827.43743270682171 ], [ 2296.086880437273066, 2138755.839127785526216 ], [ 2256.808487526897807, 2138630.336708472110331 ], [ 2234.789073818130419, 2138557.657696079462767 ], [ 2188.764143593958579, 2138416.795212178025395 ], [ 2170.238785960769746, 2138356.234151563607156 ], [ 2161.294574935513083, 2138337.603260261472315 ], [ 2143.679112185549457, 2138310.326887800358236 ], [ 2026.161530165409204, 2138176.970746313687414 ], [ 1934.516927047458012, 2138257.199522397480905 ], [ 1675.807244269235525, 2138474.12896375823766 ], [ 1582.119199372129515, 2138556.636871611233801 ], [ 1501.399214374134317, 2138612.14250539150089 ], [ 1397.005317094677594, 2138611.670052690431476 ], [ 1394.443333212693688, 2138479.610831128899008 ], [ 1395.325466224341653, 2138396.311868031509221 ], [ 1395.275649507355411, 2138317.479756488464773 ], [ 1397.018262288707774, 2138304.108075331896544 ], [ 1405.021618314553052, 2138288.344312898349017 ], [ 1433.91439808398718, 2138265.346647780854255 ], [ 1595.774139272223692, 2138131.007629516534507 ], [ 1644.780014678253792, 2137995.317031297367066 ], [ 1543.686255779524799, 2137961.442725761327893 ], [ 1522.796456676209345, 2137968.676420111674815 ], [ 1504.703059545019642, 2137962.509662891738117 ], [ 1502.079617010138463, 2137943.705884492490441 ], [ 1505.808154959755484, 2137925.838581324089319 ], [ 1519.44425154448254, 2137923.244714916683733 ], [ 1527.660512964532245, 2137915.247551199048758 ], [ 1585.186912014323752, 2137782.654658774379641 ], [ 1640.932258389831986, 2137623.463087545242161 ], [ 1653.566951304965187, 2137584.256036259233952 ], [ 1658.796012394595891, 2137544.141271241009235 ], [ 1667.177371925674379, 2137465.078903282061219 ], [ 1657.851030818768777, 2137355.411827982868999 ], [ 1640.975739028712269, 2137278.150661393534392 ], [ 1631.575477373960894, 2137242.877380216959864 ], [ 1591.246761307527777, 2137156.264804425183684 ], [ 1547.00666136003565, 2137080.862492608372122 ], [ 1447.017596811929252, 2136894.842318548820913 ], [ 1375.758109525660984, 2136756.890612869057804 ], [ 1254.68360587360803, 2136532.585996676236391 ], [ 1159.025988911860622, 2136350.88882977841422 ], [ 1084.450135090388358, 2136207.476362965069711 ], [ 1065.231343464576639, 2136160.258077491540462 ], [ 1028.749147548223846, 2136060.216317612212151 ], [ 976.989147266605869, 2135902.855375553946942 ], [ 918.632864953542594, 2135735.681931802537292 ], [ 854.399765707494225, 2135546.462611151393503 ], [ 818.787566029990558, 2135439.734927657991648 ], [ 775.191353566537146, 2135311.019063219428062 ], [ 754.462056094431318, 2135247.187030658591539 ], [ 724.938037971965969, 2135170.271705588325858 ], [ 678.696000268275384, 2135060.503933465108275 ], [ 623.780279981787317, 2134942.090910328086466 ], [ 606.940722827741411, 2134904.800452271476388 ], [ 562.623017369769514, 2134788.317955237813294 ], [ 523.461824031895958, 2134706.114755261689425 ], [ 516.470715892792214, 2134681.878716451581568 ], [ 550.22278019512305, 2134682.064991950057447 ], [ 716.276930164138321, 2134699.726388155482709 ], [ 781.794634297722951, 2134704.5954101360403 ], [ 878.652954054472502, 2134698.614168746862561 ], [ 1141.586143915017601, 2134672.546796943526715 ], [ 1404.610104495659471, 2134649.811857051216066 ], [ 1616.05860499717528, 2134630.710347951389849 ], [ 1793.8462438347633, 2134614.751198487356305 ] ] } },
{ "type": "Feature", "properties": { "route_name": "10_", "route_name_short": "", "route_type": 3 }, "geometry": { "type": "LineString", "coordinates": [ [ 827.107946745643858, 2134703.355480772908777 ], [ 1097.508775854308624, 2134680.414107493124902 ], [ 1476.116431709204335, 2134642.306113811675459 ], [ 1801.192477829870768, 2134613.440268584527075 ], [ 1810.464509861601982, 2134605.414841575548053 ], [ 1814.285814778413624, 2134590.876351422164589 ], [ 1797.944146310444921, 2134455.863714156672359 ], [ 1780.033699978084769, 2134302.018473318312317 ], [ 1750.663490879582241, 2134037.454222896136343 ], [ 1743.946745013643522, 2134023.203464521560818 ], [ 1743.552947523014154, 2134008.780072162393481 ], [ 1753.818585383705795, 2133998.506928950082511 ], [ 1770.588936982967425, 2133994.718119123950601 ], [ 2040.793706817261409, 2133809.693031599279493 ], [ 2362.757780205167364, 2133588.84253881406039 ], [ 2755.302824526792392, 2133326.106140283867717 ], [ 2950.82568706269376, 2133186.435335798654705 ], [ 3096.913255585299339, 2133090.303994088433683 ], [ 3102.90427889599232, 2133077.927679690998048 ], [ 3112.147483760141768, 2133068.793750699609518 ], [ 3125.938278242421802, 2133071.749328510835767 ], [ 3138.765782308182679, 2133078.062018350698054 ], [ 3140.151765735587105, 2133090.237557528540492 ], [ 3135.184393726289272, 2133101.475700683426112 ], [ 3121.846538568555843, 2133115.162240947131068 ], [ 3052.582427593122702, 2133708.836182914208621 ], [ 3031.550250193860848, 2133865.960967539343983 ], [ 3148.718686149164569, 2134024.874203608836979 ], [ 3210.869705744320527, 2134099.792633406817913 ], [ 3651.671223104640376, 2133789.129796058405191 ], [ 3755.644922287261579, 2133928.41932810517028 ], [ 3953.048346655908972, 2134168.425682813860476 ], [ 3970.210546346148476, 2134179.062000764068216 ], [ 3980.748419475625269, 2134178.775548364967108 ], [ 3989.299348837463185, 2134182.984250985551625 ], [ 3988.758250527142081, 2134201.873801306821406 ], [ 3994.419234169530682, 2134216.153623105958104 ], [ 4138.704697920766193, 2134403.200766353402287 ], [ 4284.944255182461347, 2134584.643845374695957 ], [ 4306.10988405480748, 2134587.399590995162725 ], [ 4323.09060839691665, 2134591.379342213273048 ], [ 4339.379279699758627, 2134608.701270853169262 ], [ 4439.517399242613465, 2134645.95090727834031 ], [ 4576.205639276653528, 2134708.854989345185459 ], [ 4782.29005517513724, 2134842.043599833268672 ], [ 4984.065924864262342, 2134972.019903192762285 ], [ 5254.154253635671921, 2134743.748942558187991 ], [ 5616.23944841773482, 2134991.512984404340386 ], [ 5344.075132170051802, 2135220.9450744073838 ], [ 5712.775064437475521, 2135440.772564198356122 ], [ 5918.510598592984024, 2135561.766501103993505 ], [ 6115.633372199314181, 2135676.333836941514164 ], [ 6426.091128951113205, 2135887.756724991369992 ], [ 6582.927582952193916, 2135994.536219784524292 ], [ 6734.343744692683686, 2136095.912043960765004 ], [ 6762.248713832523208, 2136114.031167953275144 ], [ 6781.364308270683978, 2136119.065185496583581 ], [ 6793.314536170160864, 2136132.064800554420799 ], [ 6789.610276619147044, 2136151.03919281437993 ], [ 6777.176759633701295, 2136159.147322318982333 ], [ 6715.768482284445781, 2136110.847878592088819 ], [ 6659.898299804888666, 2136072.390911212656647 ], [ 6551.378176999744028, 2135997.610648544505239 ], [ 6355.678604346583597, 2135857.465828881599009 ], [ 6194.414385808864608, 2135743.035807004198432 ], [ 6025.109311111737043, 2135643.257873241323978 ], [ 5298.554960425826721, 2135214.407896224875003 ], [ 5124.482130733376835, 2135094.780342610087246 ], [ 4954.56152470537927, 2134972.820645616389811 ], [ 4697.960189984238241, 2134804.363298668991774 ], [ 4615.285463531326968, 2134749.984208473470062 ], [ 4539.324420578719582, 2134709.856632590293884 ], [ 4381.229342880717013, 2134635.321275008376688 ], [ 4343.022841903439257, 2134626.366759816650301 ], [ 4322.520453754230402, 2134648.019132960122079 ], [ 4301.535775844415184, 2134651.920154207386076 ], [ 4281.333531073585618, 2134645.807410997338593 ], [ 3499.887699556886218, 2135303.25644952384755 ], [ 2982.55703700275626, 2135744.814230607356876 ], [ 2783.245270880928729, 2135899.0292933951132 ], [ 2738.299151269253343, 2135913.578791963867843 ], [ 2658.096636762260459, 2135911.325225492473692 ], [ 2601.372515010647476, 2135880.673738623969257 ], [ 2566.594441038148943, 2135842.761757779866457 ], [ 2495.015431047067977, 2135731.463168165646493 ], [ 2353.296514596731868, 2135484.400085728615522 ], [ 2254.099884208000731, 2135327.222316129598767 ], [ 2206.396539396140724, 2135240.80956610199064 ], [ 2148.155283965053968, 2135154.684479421935976 ], [ 1977.431683392147534, 2134888.428126732353121 ], [ 1909.728304176358506, 2134764.810815394856036 ], [ 1826.968182509823237, 2134630.501503649633378 ], [ 1811.100751999823842, 2134628.714159294962883 ], [ 1593.208604205341544, 2134643.548124134074897 ], [ 1312.270514054573141, 2134666.769970681518316 ], [ 1080.830102324252948, 2134687.532208715565503 ], [ 823.105267312435899, 2134711.237340690102428 ] ] } },
{ "type": "Feature", "properties": { "route_name": "13_", "route_name_short": "", "route_type": 3 }, "geometry": { "type": "LineString", "coordinates": [ [ 2963.21066718630027, 2133951.094507094938308 ], [ 3008.199679752986412, 2134015.376942308619618 ], [ 3015.096617959672585, 2134036.284803082235157 ], [ 3107.392763613257557, 2134172.55874465405941 ], [ 3020.656439177691936, 2134240.428493829909712 ], [ 2903.068412149616051, 2134104.843847080599517 ], [ 2625.703157090407331, 2134336.683306819759309 ], [ 2450.521173496905249, 2134486.909856759477407 ], [ 2199.117943924095016, 2134703.616613532416523 ], [ 1982.639961786102504, 2134886.065298320259899 ], [ 1974.778896780509967, 2134868.514855418819934 ], [ 1827.059071972791571, 2134633.82997705694288 ], [ 1799.418175096914638, 2134625.702228156849742 ], [ 1429.059594829217531, 2134656.915941820945591 ], [ 1182.866173918126151, 2134678.080026759300381 ], [ 1175.997346336487681, 2134658.281926764175296 ], [ 1294.833560243016109, 2134646.150416738819331 ], [ 1527.388488386932295, 2134627.58125236723572 ], [ 1531.277418994170148, 2134654.122746870853007 ], [ 1515.023075124714524, 2134676.77333817537874 ], [ 1516.501292412343901, 2134692.277472558431327 ], [ 1536.187782983412035, 2134988.195852324832231 ], [ 1485.553601172228809, 2135026.220324612222612 ], [ 1430.916831392038148, 2135072.12667416408658 ], [ 1312.251211582391988, 2135167.527852804400027 ], [ 1189.432419117598329, 2135265.264367058407515 ], [ 1068.661678943724837, 2135360.725349807646126 ], [ 1241.439936185313854, 2135740.173034236766398 ], [ 1111.505615235830192, 2135770.37565750349313 ], [ 989.515515943698119, 2135782.596554979216307 ], [ 951.824056496785488, 2135792.510812531691045 ], [ 922.34989650384523, 2135794.427891932893544 ], [ 706.009772779187188, 2135826.998959663789719 ], [ 530.015658149903174, 2135869.570863123983145 ], [ 254.353664272697642, 2135969.283184046391398 ], [ -174.335970817541238, 2136179.791928544640541 ], [ -347.031421092164237, 2136265.586904180701822 ], [ -528.355966526200064, 2136382.710861586034298 ], [ -780.050648515229113, 2136548.405656433664262 ], [ -966.181273265334312, 2136682.322900105733424 ], [ -1029.694829481421039, 2136711.827977809123695 ], [ -1295.048938857042231, 2136879.018101348076016 ], [ -1565.300733111798763, 2137059.672611899208277 ], [ -1577.532731594110373, 2137113.307276323437691 ], [ -1515.991396760684438, 2137203.774333424400538 ], [ -1399.476640326844063, 2137376.006413185037673 ], [ -1507.195488208031747, 2137446.704049050342292 ], [ -1628.078630437608808, 2137269.04088391456753 ], [ -1710.2821145473863, 2137155.82512547634542 ], [ -1738.365081184543669, 2137169.922929597087204 ], [ -1819.208241025276948, 2137221.00589251331985 ], [ -1883.497682456334587, 2137260.529540588147938 ], [ -1994.988652611442376, 2137309.126607428304851 ], [ -2113.885521576565225, 2137356.818222230765969 ], [ -2203.431790540809743, 2137398.149763086810708 ], [ -2409.001056743378285, 2137514.856242014560848 ], [ -2652.421194606344216, 2137673.694571630097926 ], [ -2734.313881938694976, 2137724.811759303789586 ], [ -2765.403349004744086, 2137744.54650648124516 ], [ -2851.479512682068162, 2137796.890246234368533 ], [ -2938.241270857921336, 2137862.578204949386418 ], [ -2744.233186658355407, 2138205.885963214095682 ], [ -2799.46351920143934, 2138229.618630530312657 ], [ -2931.21996266557835, 2138002.294289764948189 ], [ -3003.702882717479952, 2137897.697759706061333 ], [ -2920.13311312411679, 2137830.987122968304902 ], [ -2875.867002949700691, 2137792.011529644485563 ], [ -2818.834173574461602, 2137757.125257097184658 ], [ -2747.019157511647791, 2137722.941626385319978 ], [ -2695.346143445873167, 2137684.872604921460152 ], [ -2407.260888209275436, 2137501.483598828315735 ], [ -2204.974825385084841, 2137380.426146019250154 ], [ -2132.073338916175999, 2137347.326032266486436 ], [ -2254.604381886310875, 2136995.380304635968059 ], [ -2278.06390250538243, 2136909.416896069888026 ], [ -1932.938810713647399, 2136728.909264092333615 ], [ -1720.590196389937773, 2137126.128791072871536 ], [ -1522.54199876304483, 2137004.087407670449466 ], [ -1402.481016627221834, 2136921.947059378027916 ], [ -1274.982105750881601, 2136841.823920424096286 ], [ -1010.83346401603194, 2136669.115590604953468 ], [ -952.649263399594929, 2136637.536379987373948 ], [ -885.225441064278129, 2136596.820575205143541 ], [ -772.322088673477992, 2136522.655005970504135 ], [ -520.413682101818267, 2136364.727060103788972 ], [ -422.107541738252621, 2136296.516985506750643 ], [ -324.367220931802876, 2136246.088817168492824 ], [ -222.533336980442982, 2136191.10756954504177 ], [ 11.511530153744388, 2136073.652006169781089 ], [ 240.503081181261223, 2135964.111124209593982 ], [ 566.136541384388693, 2135840.822893846780062 ], [ 699.201233303523622, 2135809.420009025372565 ], [ 928.307868742267601, 2135780.940803716890514 ], [ 1010.438356655475218, 2135776.472281839232892 ], [ 1149.19712679379154, 2135760.461758625227958 ], [ 1236.080226202437188, 2135736.988656728994101 ], [ 1542.093666969332844, 2135628.691295153461397 ], [ 2126.201898386760149, 2135123.084615242667496 ], [ 2587.755175177124329, 2134724.104489775374532 ], [ 2519.824391255853698, 2134669.331137966364622 ], [ 2466.52509889745852, 2134609.717675162944943 ], [ 2394.645381080743391, 2134526.184235192835331 ], [ 2324.091208193043713, 2134452.607558032032102 ], [ 2416.784257628489286, 2134371.247456447221339 ], [ 2478.378391545149498, 2134309.611201187595725 ], [ 2957.881164806021843, 2133949.019057895056903 ] ] } },
{ "type": "Feature", "properties": { "route_name": "11_", "route_name_short": "", "route_type": 3 }, "geometry": { "type": "LineString", "coordinates": [ [ 1549.009440708148759, 2134145.110634971875697 ], [ 1731.331135009590071, 2134024.658229152671993 ], [ 1745.660599534865469, 2134008.722527890466154 ], [ 1753.848876624775585, 2133999.616420538164675 ], [ 1771.642763458134141, 2133994.689348704181612 ], [ 1906.217616191832349, 2133902.190539254341274 ], [ 2270.629741542739794, 2133652.421518778428435 ], [ 2233.765351597161498, 2133576.815370901022106 ], [ 2173.771378354169428, 2133465.199729823041707 ], [ 2160.066124310542364, 2133426.712594999466091 ], [ 2150.742407263023779, 2133278.185122922062874 ], [ 2146.178937979624607, 2133149.513445481192321 ], [ 2151.801330806745682, 2133084.962081298232079 ], [ 2406.682920853956603, 2133033.601569786202163 ], [ 2441.490985892887693, 2133033.763286194298416 ], [ 2459.471611144079361, 2133074.35464047268033 ], [ 2491.33386073744623, 2133121.22955821454525 ], [ 2548.311531239305623, 2133199.619005300104618 ], [ 2675.425614383537322, 2133374.914759618230164 ], [ 3098.900197120150551, 2133085.808730551507324 ], [ 3108.113200743624475, 2133075.565323343500495 ], [ 3119.584910075296648, 2133070.811935528647155 ], [ 3134.369176566659007, 2133071.519889720715582 ], [ 3138.013850461051334, 2133089.185442229732871 ], [ 3131.089726514765061, 2133106.028319094330072 ], [ 3120.732289677544031, 2133112.971972538158298 ], [ 3087.063852777646389, 2133425.881796395871788 ], [ 3068.289079060137738, 2133588.496358443517238 ], [ 3045.420575937896501, 2133755.663716899696738 ], [ 3140.788114504131954, 2133888.52354718092829 ], [ 3226.700364172051195, 2134022.751230649184436 ], [ 3260.546154022158589, 2134065.131448484957218 ], [ 3649.442904582014307, 2133784.749238822609186 ], [ 3688.617205463757273, 2133829.205756947398186 ], [ 3709.512410926981829, 2133821.975813956931233 ], [ 3852.860811530263163, 2133819.188628431409597 ], [ 3857.858417022158392, 2133809.060193606652319 ], [ 3871.467470851843245, 2133805.359385686926544 ], [ 3887.515891273098532, 2133813.805423957295716 ], [ 3896.970019031025004, 2133812.438149988651276 ], [ 4153.466207299672533, 2133782.151863729115576 ], [ 4691.990637188602705, 2133729.779917839448899 ], [ 5064.344568708911538, 2133694.142678638920188 ], [ 5128.2955362489447, 2133680.195694887079298 ], [ 5269.234155348443892, 2133666.382537887897342 ], [ 5353.357739492901601, 2133657.44094130396843 ], [ 5349.835535974532831, 2133644.213236067444086 ], [ 5341.014255676825996, 2133630.0188770275563 ], [ 5274.054715134785511, 2133571.879397624637932 ], [ 5268.274485614267178, 2133553.161570005584508 ], [ 5264.813708344066981, 2133503.293471313547343 ], [ 5257.923695354664233, 2133365.807429665699601 ], [ 5223.600114459637552, 2133344.532403277233243 ], [ 5137.759492712910287, 2133329.094935932662338 ], [ 5124.57227151870029, 2133309.467627878766507 ], [ 5115.54017040488543, 2133287.507149544078857 ], [ 5092.001047834171914, 2133080.525434889364988 ], [ 5006.427611873543356, 2133152.792154879774898 ], [ 4997.905708391394001, 2133188.551784098614007 ], [ 4999.892068893474061, 2133222.916233858093619 ], [ 5129.175106041540857, 2133440.354272419586778 ], [ 5288.024815344193485, 2133581.493135758675635 ], [ 5398.671117102785502, 2133656.212969849351794 ], [ 5800.801000921230298, 2133629.776789149269462 ], [ 5980.532974678790197, 2133841.410767146386206 ], [ 6156.015950643108226, 2134052.050254564732313 ], [ 6477.979456465865951, 2134454.131448242813349 ], [ 6805.018462103791535, 2134849.416261616628617 ], [ 6787.285341299080756, 2134856.557195741217583 ], [ 6572.471753093821462, 2134594.797398875467479 ], [ 6360.81368536723312, 2134332.953291246667504 ], [ 6077.439398471091408, 2133993.112984518520534 ], [ 5801.251591573760379, 2133646.418436083011329 ], [ 5440.460699069080874, 2133680.616617326624691 ], [ 5256.226433738076594, 2133692.271213624160737 ], [ 5074.219879803189542, 2133708.308370681945235 ], [ 4300.969074159802403, 2133777.034828612580895 ], [ 4329.755749524221756, 2133905.045386134646833 ], [ 4350.954790191259235, 2134025.490039770491421 ], [ 4368.510268291342072, 2134128.269167318940163 ], [ 4506.738726497045718, 2134247.756011371966451 ], [ 4635.8122884920449, 2134340.845403245184571 ], [ 4343.473739195906091, 2134604.14890806004405 ], [ 4337.814345415274147, 2134628.728831640444696 ], [ 4324.567675869097002, 2134645.742947970051318 ], [ 4300.572458666865714, 2134655.277171636465937 ], [ 4278.172261979954783, 2134645.893311953637749 ], [ 4158.710758311382961, 2134751.285869916900992 ], [ 3974.041112465027254, 2134901.753777039702982 ], [ 3769.957022712624166, 2135074.958300646394491 ], [ 3565.816273161792196, 2135245.947049279231578 ], [ 3098.904969292110763, 2135641.716032649856061 ], [ 2851.579528843343724, 2135852.753630702849478 ], [ 2795.859450733172707, 2135897.574979671277106 ], [ 2749.859622228250373, 2135912.15318274917081 ], [ 2673.030079636373557, 2135917.579708441160619 ], [ 2617.511054892151151, 2135892.44685177737847 ], [ 2574.182292110519484, 2135850.326902354136109 ], [ 2303.910337188397534, 2135413.577580336946994 ], [ 2084.341873036639299, 2135057.608408624306321 ], [ 1870.997980827698484, 2134698.138955525122583 ], [ 1822.722729878209066, 2134629.507114659063518 ], [ 1802.609841693774797, 2134626.725388980936259 ], [ 824.067988360184245, 2134707.879996559116989 ], [ 752.440094855963252, 2134710.95038726972416 ], [ 517.676404034544248, 2134687.397398788947612 ], [ 488.73044615983963, 2134516.087407230399549 ], [ 465.904008564655669, 2134375.699316698592156 ], [ 450.321030049701221, 2134307.284923644270748 ], [ 412.82021419913508, 2134247.242959648370743 ], [ 540.090543502708897, 2134234.876230080612004 ], [ 682.266207982611377, 2134227.654230839107186 ], [ 1093.826339766208548, 2134198.63187408586964 ], [ 1152.840434508980252, 2134197.018483812920749 ], [ 1212.036455365188885, 2134202.062275208998471 ], [ 1234.106056994816754, 2134199.238378150388598 ], [ 1226.72171458118828, 2134160.578773755580187 ], [ 1215.21303586353315, 2134125.362877569627017 ], [ 1181.634588006243575, 2134092.970884684938937 ], [ 1132.187899598036893, 2134058.792046295944601 ], [ 1111.073193030722905, 2134019.397438755724579 ], [ 1270.103580429509748, 2133972.858289500232786 ], [ 1462.432860090921167, 2133909.866547164041549 ], [ 1507.919910927594174, 2134030.75950733339414 ], [ 1530.723897310090251, 2134093.42497290391475 ], [ 1532.421072233875748, 2134155.55665544513613 ], [ 1550.063261352537666, 2134145.081849779933691 ] ] } },
{ "type": "Feature", "properties": { "route_name": "13A_", "route_name_short": "", "route_type": 3 }, "geometry": { "type": "LineString", "coordinates": [ [ 3018.548846985155251, 2134240.485896534286439 ], [ 2907.344079160771798, 2134106.947977955918759 ], [ 2724.660211427835748, 2134252.933899458963424 ], [ 2555.738923458382487, 2134400.767782019451261 ], [ 2483.455816701520234, 2134457.143726339563727 ], [ 2396.904257378890179, 2134531.674174162559211 ], [ 2157.844792290823534, 2134736.94198600994423 ], [ 1978.48545546020614, 2134888.399356705136597 ], [ 1912.859351167164277, 2134763.615008347667754 ], [ 1827.089368490909692, 2134634.939468194264919 ], [ 1812.063649308343884, 2134625.356909072492272 ], [ 1726.79757252294803, 2134631.016461384948343 ], [ 1420.689897044096142, 2134659.365326221100986 ], [ 1179.704790208779741, 2134678.16646701330319 ], [ 1177.293834351585247, 2134667.129104792140424 ], [ 1391.934260639478453, 2134649.047966603189707 ], [ 1531.96743426984176, 2134640.780017971526831 ], [ 1530.193312677438371, 2134653.042045048903674 ], [ 1528.29793511837488, 2134660.866094055119902 ], [ 1517.07002368720714, 2134674.496760389767587 ], [ 1515.204972423030995, 2134683.430307570844889 ], [ 1523.626861583557911, 2134798.673802664037794 ], [ 1535.103691245720256, 2134987.115154384635389 ], [ 1442.174692241766024, 2135059.605376724153757 ], [ 1270.8590909956838, 2135196.417843368835747 ], [ 1066.52381192042958, 2135359.673506795894355 ], [ 1113.665015844104346, 2135463.865266918670386 ], [ 1241.439936185313854, 2135740.173034236766398 ], [ 1035.758312069636304, 2135776.889699420891702 ], [ 964.317018013563938, 2135786.617211818229407 ], [ 916.118606010568328, 2135797.9294588631019 ], [ 665.035671739431564, 2135832.562407820485532 ], [ 509.062558196194004, 2135874.586238259915262 ], [ 389.970519612717908, 2135915.600887341890484 ], [ 192.883050946460571, 2135996.506205508951098 ], [ 92.911328846239485, 2136042.55071514705196 ], [ 1.430689658678602, 2136090.58371165767312 ], [ -158.712740745046176, 2136172.701168374624103 ], [ -245.977398395421915, 2136220.620058901142329 ], [ -312.684909983654507, 2136249.099243717268109 ], [ -346.00815254508052, 2136264.448463403619826 ], [ -385.501400693086907, 2136285.518899045884609 ], [ -508.609515434014611, 2136372.175433205906302 ], [ -660.04496589169139, 2136464.052598383743316 ], [ -870.382024606573395, 2136599.743743130471557 ], [ -1005.259920787939336, 2136680.066024733241647 ], [ -1224.831689380225725, 2136824.899359571747482 ], [ -1473.476354280719534, 2136986.081478379666805 ], [ -1565.270192575815599, 2137060.7821453534998 ], [ -1576.295789683761541, 2137119.935473221354187 ], [ -1421.527243308781181, 2137341.081363908015192 ], [ -1399.537710891861934, 2137373.787349851801991 ], [ -1506.050190288107842, 2137450.003642924595624 ], [ -1632.323902584379539, 2137268.047389368992299 ], [ -1707.151599194505252, 2137154.628551146946847 ], [ -1805.693665434780996, 2137213.971415227279067 ], [ -1913.687769021897111, 2137274.685731310397387 ], [ -1997.126590375206433, 2137308.075131988152862 ], [ -2124.300028257246595, 2137361.546778253279626 ], [ -2235.759455485269427, 2137411.255142958369106 ], [ -2370.657541503605898, 2137490.480714293196797 ], [ -2545.852134235203266, 2137599.689303914550692 ], [ -2738.375446399324574, 2137730.47581959888339 ], [ -2852.655700689763762, 2137792.481136093381792 ], [ -2866.108318795042578, 2137801.735677763354033 ], [ -2935.049643145001028, 2137863.600475121755153 ], [ -2841.763308123045135, 2138034.24656429188326 ], [ -2778.642081164754927, 2138143.543401008937508 ], [ -2746.309839047899004, 2138207.053685329854488 ], [ -2799.524786930880509, 2138227.399532329756767 ], [ -2917.932703211845364, 2138025.245712959207594 ], [ -3001.595557573833503, 2137897.639564253855497 ], [ -2875.928266458329745, 2137789.792430179193616 ], [ -2808.481253383157309, 2137750.177114489953965 ], [ -2729.474239989824127, 2137709.132689719554037 ], [ -2551.426592874631751, 2137588.739184570498765 ], [ -2447.742302335042041, 2137524.807796667795628 ], [ -2357.449254928564187, 2137472.350302142556757 ], [ -2239.226367359922733, 2137400.246866003144532 ], [ -2128.973448330187239, 2137345.019831466954201 ], [ -2153.027349465759471, 2137275.728618870023638 ], [ -2241.943287445348687, 2137033.894795313011855 ], [ -2256.681210388022009, 2136996.547931649722159 ], [ -2264.318456928129308, 2136949.011891297064722 ], [ -2278.002739143325016, 2136911.635979948099703 ], [ -2221.8974314724328, 2136881.219683819916099 ], [ -1931.885094390891027, 2136728.880243665073067 ], [ -1853.786267182440497, 2136884.403189807198942 ], [ -1724.743856059387326, 2137128.463915748987347 ], [ -1567.087395322567318, 2137033.072812324855477 ], [ -1372.473249517264776, 2136901.134751690085977 ], [ -1205.635259713628329, 2136794.391455942764878 ], [ -1017.094708640768658, 2136671.508442424237728 ], [ -951.595554564904887, 2136637.507417548447847 ], [ -730.752714680042118, 2136500.416096156463027 ], [ -549.46079866780201, 2136382.180044487584382 ], [ -412.745880876958836, 2136291.818566006142646 ], [ -291.165732704335824, 2136226.301578448154032 ], [ -143.485220614995342, 2136151.186719418969005 ], [ 61.390709645755123, 2136046.746107209473848 ], [ 144.593929099151865, 2136004.492181070148945 ], [ 347.973214046272915, 2135922.303497111890465 ], [ 501.32166537293233, 2135861.474220876581967 ], [ 674.093891120748594, 2135816.76960541587323 ], [ 817.939113903441466, 2135793.955127540510148 ], [ 933.515801566129085, 2135778.577587413601577 ], [ 883.051497870648745, 2135630.063774648122489 ], [ 823.154436986078508, 2135445.167069467250258 ], [ 761.14911028125789, 2135260.328010439872742 ], [ 670.833574045216665, 2135042.953783205710351 ], [ 628.238420581445098, 2134950.85155995329842 ], [ 602.178815385093912, 2134884.94474366446957 ], [ 548.164252110815141, 2134760.955355506390333 ], [ 522.225760386674665, 2134699.486566312145442 ], [ 519.632124788186047, 2134681.792160879354924 ], [ 706.823101239744574, 2134701.095460773445666 ], [ 790.255380431655794, 2134705.474220607895404 ], [ 947.058700782828964, 2134693.411765150725842 ], [ 1161.638592118630186, 2134673.108809917699546 ], [ 1441.401902468409389, 2134645.475403030402958 ], [ 1671.848935238434933, 2134626.965703415684402 ], [ 1803.300058358930983, 2134613.382715312764049 ], [ 1814.649375430075452, 2134604.190246576443315 ], [ 1825.066096663067583, 2134599.464527110103518 ], [ 1839.038033737742808, 2134609.075874329078943 ], [ 1884.199531390855554, 2134602.291177557315677 ], [ 2044.793305023515131, 2134574.590559968724847 ], [ 2171.762613311293535, 2134590.000829288735986 ], [ 2303.439057659823447, 2134468.71525188209489 ], [ 2414.767435152374674, 2134374.633384245913476 ], [ 2480.425486224587075, 2134307.334767953958362 ], [ 2551.867230457311962, 2134258.754054280463606 ], [ 2668.346149962570053, 2134160.092760403174907 ], [ 2846.245387396775186, 2134032.001595662906766 ], [ 2958.995412814663723, 2133951.209311083890498 ], [ 2996.245188100088853, 2134002.378915152512491 ], [ 3009.132628878869582, 2134010.910336838103831 ], [ 3011.512182367558125, 2134020.838228159118444 ], [ 3008.532047084881924, 2134027.581185076385736 ], [ 3107.362552128208335, 2134171.449269118718803 ], [ 3017.495050873199943, 2134240.514597977045923 ] ] } },
{ "type": "Feature", "properties": { "route_name": "15_", "route_name_short": "", "route_type": 3 }, "geometry": { "type": "LineString", "coordinates": [ [ 3015.327022373036016, 2134238.353047693613917 ], [ 2907.374301837116946, 2134108.057455834466964 ], [ 2618.417318871885072, 2134340.212830517441034 ], [ 2483.425562874996103, 2134456.034243166446686 ], [ 2279.405767377465963, 2134631.476321749854833 ], [ 2072.137592251878232, 2134803.679404450580478 ], [ 1978.424873112468049, 2134886.180377713404596 ], [ 1910.84267114684917, 2134767.00102349743247 ], [ 1829.227242263848893, 2134635.991408475209028 ], [ 1815.194720499683172, 2134624.161089409608394 ], [ 1787.826488885562867, 2134626.018778413068503 ], [ 1570.085818934836425, 2134646.400488192681223 ], [ 1276.47185774607351, 2134668.858897319063544 ], [ 1130.328129766858183, 2134685.068267311435193 ], [ 1064.090750900213607, 2134692.431327475700527 ], [ 923.09454607142834, 2134704.060324418824166 ], [ 775.775461890385486, 2134715.863470309879631 ], [ 673.25335368339438, 2134707.565934968646616 ], [ 590.783603370189667, 2134699.830338001716882 ], [ 579.434780530806165, 2134709.02371740154922 ], [ 565.137190951849334, 2134726.070199209265411 ], [ 559.087769055389799, 2134736.228856029454619 ], [ 586.444398410385475, 2134810.982883782591671 ], [ 711.524218009493779, 2135104.01872873865068 ], [ 786.327195930178277, 2135294.059209786821157 ], [ 841.371957820374519, 2135455.771763353608549 ], [ 940.102375679765828, 2135749.528629547916353 ], [ 1060.643002695054747, 2136108.198034670203924 ], [ 1098.685833215655293, 2136188.211109636351466 ], [ 1120.103023631614633, 2136238.700233006384224 ], [ 1147.842339360737242, 2136289.016338631976396 ], [ 1204.404655033198651, 2136390.729245693422854 ], [ 1273.558878096228, 2136528.738511526957154 ], [ 1360.117534307879396, 2136686.257517778780311 ], [ 1424.508897470659576, 2136804.411250113043934 ], [ 1490.40853133413475, 2136939.178661144804209 ], [ 1570.490470629825722, 2137091.323351238854229 ], [ 1420.352436966379173, 2137192.029511162545532 ], [ 1190.300490087480284, 2137339.338336507789791 ], [ 1137.2635647378047, 2137366.328162604011595 ], [ 986.228013482876122, 2137472.615323518402874 ], [ 797.597797847934999, 2137592.148096195887774 ], [ 691.860862900095526, 2137658.335392488632351 ], [ 573.846139130415395, 2137738.184228470548987 ], [ 392.504805996257346, 2137854.19167061522603 ], [ 297.995042557711713, 2137906.749879295006394 ], [ 102.046140559890773, 2137989.851369778625667 ], [ -105.33883255085675, 2138078.821199187543243 ], [ -267.965576511865947, 2138146.577916742768139 ], [ -491.030004037427716, 2138240.425187931396067 ], [ -761.047374540008605, 2138352.222319843713194 ], [ -797.404890970850829, 2138372.098363374825567 ], [ -844.237363130610902, 2138394.483336120843887 ], [ -977.542161799909081, 2138454.779053113888949 ], [ -975.038113980088383, 2138469.144932789728045 ], [ -976.717948915902525, 2138484.736290605738759 ], [ -931.796126142900903, 2138584.543764076195657 ], [ -881.148861230700277, 2138700.849215493537486 ], [ -866.002837912470568, 2138791.482544055674225 ], [ -880.539320316165686, 2138799.655031736008823 ], [ -893.41082079365151, 2138753.373773251194507 ], [ -895.807523653958924, 2138704.583593822550029 ], [ -948.71471198508516, 2138582.788503831252456 ], [ -986.108786553435493, 2138488.325766757130623 ], [ -1005.56207703409018, 2138471.095127513166517 ], [ -1003.912789268128108, 2138454.3942343541421 ], [ -996.995468646695372, 2138437.54839906655252 ], [ -829.196179872320499, 2138366.31052015395835 ], [ -738.508730562054552, 2138328.284901881590486 ], [ -733.118652944627684, 2138332.578139415476471 ], [ -674.696245478116907, 2138309.874865770339966 ], [ -504.787922214833088, 2138238.582585776690394 ], [ -203.494896680873353, 2138113.717105905059725 ], [ 21.557240383233875, 2138015.378125948831439 ], [ 232.165015681704972, 2137928.542334798257798 ], [ 298.774703276110813, 2137896.735368265304714 ], [ 409.929444035922643, 2137835.948209740687162 ], [ 571.525944488239475, 2137730.475447586271912 ], [ 665.76346195716178, 2137667.933479361701757 ], [ 811.89257308334345, 2137575.101294978521764 ], [ 962.146363887994085, 2137478.826659117825329 ], [ 1078.056859028525651, 2137399.038814764004201 ], [ 1182.773121471982449, 2137333.99276668811217 ], [ 1288.331096326233819, 2137261.152153183240443 ], [ 1447.920473141071852, 2137159.075641214381903 ], [ 1550.319367982854601, 2137086.323503125458956 ], [ 1488.188489111198578, 2136973.659535128623247 ], [ 1406.778667800535914, 2136811.558302159886807 ], [ 1341.303153287386522, 2136692.323943286668509 ], [ 1255.889094457903411, 2136538.104659691918641 ], [ 1185.681042219046503, 2136400.124272888991982 ], [ 1124.50907524197828, 2136284.103247829247266 ], [ 1081.228281100164168, 2136205.3438776191324 ], [ 1070.023142517544329, 2136181.223243807908148 ], [ 1048.119908358319663, 2136112.982112371828407 ], [ 996.511947014543694, 2135961.168688589707017 ], [ 935.926954136928543, 2135789.614929174538702 ], [ 867.86471529409755, 2135576.073079764377326 ], [ 819.962802212743554, 2135444.144098329823464 ], [ 775.039498929108959, 2135305.471542319748551 ], [ 729.426470957114361, 2135180.141862946096808 ], [ 639.38375739561161, 2134972.753184877336025 ], [ 623.689156485081185, 2134938.762393080629408 ], [ 605.492059692274779, 2134890.405724730808288 ], [ 552.652829377446324, 2134770.825509808026254 ], [ 527.980798129923642, 2134717.094415777828544 ], [ 518.547944910940714, 2134680.711505839135498 ], [ 649.766070144774858, 2134697.105447623878717 ], [ 779.656676457030699, 2134703.543580309022218 ], [ 883.921940458531026, 2134698.470013504382223 ], [ 1105.93913966207765, 2134680.183563079684973 ], [ 1293.089922288723756, 2134659.522000210825354 ], [ 1556.113712078309618, 2134636.789320461452007 ], [ 1800.138687548576854, 2134613.469045311678201 ], [ 1812.481200278853066, 2134602.028815716039389 ], [ 1820.790340765728615, 2134597.360645762179047 ], [ 1837.802471168572083, 2134602.447702880017459 ], [ 1852.707008673576638, 2134607.592320854775608 ], [ 2022.754576793173328, 2134578.523043743334711 ], [ 2055.422043279628269, 2134577.63140720454976 ], [ 2169.685314604081213, 2134591.167826310731471 ], [ 2326.198793795192614, 2134452.550069457385689 ], [ 2411.666560566343833, 2134376.938566749449819 ], [ 2480.455737958371174, 2134308.44425106421113 ], [ 2535.187897833646275, 2134265.870615209918469 ], [ 2550.813429366098717, 2134258.782782968599349 ], [ 2666.299015714554116, 2134162.369163390714675 ], [ 2781.155182858521584, 2134081.517977249808609 ], [ 2957.971816406818107, 2133952.347489404026419 ], [ 2996.184756814618595, 2134000.159961658995599 ], [ 3010.216653334151488, 2134011.991114464588463 ], [ 3008.380970798141789, 2134022.033801994286478 ], [ 3006.515076288487762, 2134030.967013610061258 ], [ 3081.104564626410138, 2134136.634749352000654 ], [ 3106.308753167453688, 2134171.477964530233294 ], [ 3017.525268885307014, 2134241.624074631370604 ] ] } },
{ "type": "Feature", "properties": { "route_name": "14_", "route_name_short": "", "route_type": 3 }, "geometry": { "type": "LineString", "coordinates": [ [ 5260.506771414133254, 2134744.686922882217914 ], [ 5616.419875918363687, 2134998.169661823660135 ], [ 5349.343678853474557, 2135220.80217794328928 ], [ 5606.474356493912637, 2135370.376919730100781 ], [ 6186.287516278971452, 2135715.499567729886621 ], [ 6619.141961229033768, 2136007.989310597535223 ], [ 7143.609311570064165, 2136374.615095979068428 ], [ 7130.152258129208349, 2136383.860905716661364 ], [ 6823.263530062569771, 2136186.766764174215496 ], [ 6778.74070696963463, 2136177.979179190006107 ], [ 6737.075614544562995, 2136196.870514966547489 ], [ 6550.239468899846543, 2136384.008107273839414 ], [ 6344.321862715005409, 2136567.224425000604242 ], [ 6099.694125864421949, 2136800.344506709370762 ], [ 5995.415056944417302, 2136881.999427558388561 ], [ 5730.657709585560951, 2137033.513018722180277 ], [ 5440.587755567918066, 2137184.608351445756853 ], [ 4916.058527262939606, 2137476.422780167777091 ], [ 4087.01454683591146, 2137929.764615073334426 ], [ 3141.884307806263678, 2138455.160430772230029 ], [ 2489.65085164149059, 2138817.167403107974678 ], [ 2335.577269038651139, 2138889.107940788846463 ], [ 2269.50784894800745, 2138902.017419171053916 ], [ 1784.277161521313246, 2139162.893407506868243 ], [ 1690.55317983176792, 2139205.430801764596254 ], [ 1517.896356151148211, 2139214.599807654041797 ], [ 1263.134206914284732, 2139151.627678350545466 ], [ 1053.580496569164097, 2139084.088388408534229 ], [ 1177.935695919499267, 2138774.227775929030031 ], [ 1397.991772551089525, 2138224.137626624666154 ], [ 1545.805537323874887, 2137884.772114843130112 ], [ 1632.451394837873522, 2137660.335865778848529 ], [ 1666.4965747440001, 2137517.282810093369335 ], [ 1665.551748840487562, 2137328.553388721775264 ], [ 1576.912011008651461, 2137133.340081262402236 ], [ 1495.199862486275379, 2136960.143798775970936 ], [ 1133.629233370069414, 2137156.574742737226188 ], [ 1102.39538908272516, 2137094.140936746727675 ], [ 790.888767803320661, 2136462.007981746923178 ], [ 510.025104961183388, 2135871.228847218677402 ], [ 16.274169618322048, 2136093.507657946553081 ], [ -264.700841452751774, 2136230.01669683214277 ], [ -525.255745683272835, 2136380.405017158482224 ], [ -974.946409799391404, 2136670.349825724028051 ], [ -1313.6492581757484, 2136892.854213242419064 ], [ -1501.284885672968812, 2137010.164610481355339 ], [ -1723.67455078905914, 2137167.297655615024269 ], [ -1980.35936312621925, 2137304.282016206998378 ], [ -2187.993578965193592, 2137384.399602896068245 ], [ -2413.093367654073518, 2137519.410651625599712 ], [ -2539.468874635000248, 2137601.733992014545947 ], [ -2438.093446003447752, 2137759.944026130251586 ], [ -2560.129826103511732, 2137846.589857391547412 ], [ -2603.942202974285465, 2137825.590907079633325 ], [ -2665.177070110396016, 2137822.839094475377351 ], [ -2741.597698094730731, 2137728.34396439185366 ], [ -2929.095293478341773, 2137850.111311068758368 ], [ -2735.957204399281181, 2138200.105529407039285 ], [ -2802.563173083763104, 2138231.924999945797026 ], [ -3013.001995467056986, 2137904.616951048374176 ], [ -2920.715176746074576, 2137809.905667470302433 ], [ -2704.706703071598895, 2137689.572491971775889 ], [ -2511.34329346974846, 2137550.99060659809038 ], [ -2233.240729536977597, 2137387.867626377847046 ], [ -2161.026003632345237, 2137368.11091327201575 ], [ -1991.201901648833882, 2137293.476939057931304 ], [ -2123.820532135956455, 2137072.834000385832042 ], [ -1823.213110503857024, 2136922.424488794524223 ], [ -1708.60244582843734, 2137140.233606063295156 ], [ -1472.392125117068645, 2136987.162013506051153 ], [ -1288.344498125021346, 2136854.405544921290129 ], [ -941.058466880873311, 2136637.217796537559479 ], [ -490.038620850071311, 2136357.230883170850575 ], [ -233.850300267746206, 2136201.411283116322011 ], [ 42.940830066043418, 2136066.12797469412908 ], [ 433.269211638951674, 2137033.639700859319419 ], [ 710.096312200359534, 2137631.187398087698966 ], [ 1113.303292515454814, 2137376.977261795196682 ], [ 1572.892684005491901, 2137063.499489867594093 ], [ 1641.769540280336514, 2137191.523584111593664 ], [ 1690.249041852890514, 2137383.394099486526102 ], [ 1687.88115767861018, 2137566.662464684341103 ], [ 1653.441417208814528, 2137695.292031869292259 ], [ 1555.539991616387852, 2137932.249798715114594 ], [ 1364.376776057935786, 2138382.725032517220825 ], [ 1190.953589183860458, 2138826.056817794684321 ], [ 1093.341358846402727, 2139073.00554366176948 ], [ 1306.085923451930285, 2139141.56819224357605 ], [ 1542.63409871107433, 2139193.936402963474393 ], [ 1714.055308512237389, 2139178.139545306097716 ], [ 1828.394553777121473, 2139118.383218712639064 ], [ 2303.15221884654602, 2138860.015817881561816 ], [ 2392.21765776979737, 2138839.816023300401866 ], [ 2510.926221565168817, 2138785.497199697885662 ], [ 3099.923948356765322, 2138462.96730031631887 ], [ 3358.293526138702873, 2138310.468869431409985 ], [ 4119.580877866304945, 2137886.686950238887221 ], [ 4958.079669110709801, 2137431.980095441453159 ], [ 5488.841978150769137, 2137136.667394368909299 ], [ 6008.209644910879433, 2136848.344827360007912 ], [ 6162.522447470750194, 2136706.490556268487126 ], [ 6385.927682756213471, 2136507.254163335543126 ], [ 6580.076307563460432, 2136317.695691350847483 ], [ 6717.479716411558911, 2136174.085614916402847 ], [ 6703.758133601106238, 2136095.629430916160345 ], [ 6487.92145278461976, 2135951.587634828872979 ], [ 6171.956815354991704, 2135731.431254251860082 ], [ 5701.455109262955375, 2135451.071747892070562 ], [ 5360.663124298618641, 2135249.362075008451939 ], [ 5157.719345883349888, 2135114.973648902960122 ], [ 4966.513867368572392, 2134985.819509834516793 ], [ 5255.207991776405834, 2134743.720364077016711 ] ] } },
{ "type": "Feature", "properties": { "route_name": "17_", "route_name_short": "", "route_type": 3 }, "geometry": { "type": "LineString", "coordinates": [ [ 1834.327180617779959, 2133972.992404778022319 ], [ 1694.662211061979178, 2133685.901754514314234 ], [ 1676.861668074969202, 2133651.967835068702698 ], [ 1663.010192153509706, 2133646.794406666886061 ], [ 1655.905882833583746, 2133656.981246097013354 ], [ 1384.959381857363041, 2133737.662159205414355 ], [ 1463.395772892865352, 2133906.509275006595999 ], [ 1280.520643733965699, 2133968.132312352303416 ], [ 1223.879698499687947, 2133786.476370468270034 ], [ 939.417607603594661, 2133874.19616215210408 ], [ 913.714836834697053, 2133782.741524690296501 ], [ 900.52252298546955, 2133763.116306805983186 ], [ 817.555302420805674, 2133698.765302102547139 ], [ 791.655855192104355, 2133677.266983981244266 ], [ 767.499912529718131, 2133642.397002981044352 ], [ 712.340385139395948, 2133515.107012768276036 ], [ 918.283766085049137, 2133448.407019689213485 ], [ 933.037932933832053, 2133448.003648194484413 ], [ 942.886740361340344, 2133461.058355521410704 ], [ 991.850466128264088, 2133631.820897527504712 ], [ 1300.282630910573062, 2133533.455145474523306 ], [ 1273.080299737048335, 2133464.247852745000273 ], [ 1240.517546926916111, 2133391.856032586656511 ], [ 1195.452565001905896, 2133286.496023675892502 ], [ 1480.773055854253471, 2133229.848425471689552 ], [ 1429.282267233065795, 2133043.610053927171975 ], [ 1254.548954071942717, 2132708.622926380950958 ], [ 1460.345025866117794, 2132597.523022786714137 ], [ 1616.887435100274161, 2132536.624064576812088 ], [ 1789.198323030082975, 2132396.464131304528564 ], [ 1988.151405405893456, 2132653.072020694147795 ], [ 2198.692110699310433, 2132909.364826523233205 ], [ 1924.123075541807339, 2133012.339408126659691 ], [ 1924.340372161474079, 2133058.966691312845796 ], [ 1923.982627601071727, 2133084.513686331920326 ], [ 1937.567408901522867, 2133118.562846031505615 ], [ 1966.415473733504768, 2133132.209983586799353 ], [ 1995.05164310359396, 2133138.090740154497325 ], [ 2064.304653468483593, 2133125.09874065965414 ], [ 2135.57468085270375, 2133108.72108982456848 ], [ 2145.271314359211829, 2133116.228855801746249 ], [ 2163.378975113620982, 2133432.17380515486002 ], [ 2171.663674537907355, 2133465.257210472598672 ], [ 2280.477347149222624, 2133665.476708300411701 ], [ 2002.98252091644099, 2133854.026964738033712 ], [ 1773.150942010048311, 2134011.302948779426515 ], [ 1766.319398445368279, 2134031.475190129131079 ], [ 1766.780145107535645, 2134086.978535455651581 ], [ 1775.459435145952739, 2134134.485264595132321 ], [ 1791.474125876906328, 2134296.15450759511441 ], [ 1824.732840423297603, 2134587.260124621912837 ], [ 1827.113086269644555, 2134597.1879947418347 ], [ 1844.276688710961025, 2134607.822511933743954 ], [ 1886.276818647573236, 2134601.124143776949495 ], [ 2042.776573748851661, 2134577.976549836341292 ], [ 2171.792888166790362, 2134591.110316274687648 ], [ 2415.700204663327895, 2134370.166710483841598 ], [ 2510.380663907912094, 2134284.311869762372226 ], [ 2685.988706338393968, 2134149.619193430058658 ], [ 2960.019009354698937, 2133950.071132849436253 ], [ 3003.772935245127883, 2134007.725402573123574 ], [ 3010.820955444243737, 2134034.180646277498454 ], [ 3118.323494200652931, 2134186.694974137004465 ], [ 3154.276978445181157, 2134229.017599640414119 ], [ 3224.619619892502669, 2134333.69087279541418 ], [ 3330.73300140054198, 2134474.03018767433241 ], [ 3428.384553549345583, 2134613.489757608622313 ], [ 3519.380080095434096, 2134740.917425273451954 ], [ 3728.435802541323937, 2135021.683788624126464 ], [ 3759.14797154138796, 2135065.259775391314179 ], [ 3853.016156517551281, 2134988.316829501185566 ], [ 4030.809856052102987, 2135205.538650220260024 ], [ 4211.700438948289957, 2135420.456428430043161 ], [ 4314.066736881795805, 2135539.80465344293043 ], [ 5253.130605040001683, 2134744.886971480678767 ], [ 5618.376957775733899, 2134992.565309258643538 ], [ 5348.259878535347525, 2135219.721307543106377 ], [ 5724.546103532076813, 2135447.115069265943021 ], [ 6107.143883780343458, 2135674.343282162211835 ], [ 6156.424163828778546, 2135702.985345095861703 ], [ 6499.271372679446358, 2135942.398398655001074 ], [ 6629.105188867542893, 2136025.483630354050547 ], [ 6751.59224268514663, 2136109.878524848725647 ], [ 6836.480538918345701, 2136168.645267655141652 ], [ 6960.952741596964188, 2136248.546412938740104 ], [ 7137.167596622370183, 2136370.348320781253278 ], [ 7124.884162548230961, 2136384.003361218608916 ], [ 6929.463904811360408, 2136253.839137055911124 ], [ 6907.247654074686579, 2136251.109374225139618 ], [ 6801.017135647998657, 2136182.92767582135275 ], [ 6763.146308858704288, 2136186.17285015899688 ], [ 6727.049638449854683, 2136216.016007400583476 ], [ 6582.964417649316601, 2136346.483975391834974 ], [ 6388.275303903501481, 2136516.072597060818225 ], [ 6180.373737800866365, 2136703.786314350552857 ], [ 6042.587702266871929, 2136832.979566484224051 ], [ 5971.302457083540503, 2136887.094167768023908 ], [ 5874.670972319727298, 2136939.675936897285283 ], [ 5607.657439092465211, 2137085.701629849616438 ], [ 5333.483218106790446, 2137239.698587679304183 ], [ 4985.47290785133373, 2137431.235729488078505 ], [ 4979.752773120359052, 2137414.737042106222361 ], [ 5330.954315632523503, 2137224.223484022542834 ], [ 5633.154535543173552, 2137053.922416890971363 ], [ 5900.138629455701448, 2136906.787804916035384 ], [ 5978.9191980525502, 2136856.910687050316483 ], [ 6060.590328613645397, 2136796.963351470418274 ], [ 6212.886919785465579, 2136658.495131736621261 ], [ 6406.098735310719348, 2136473.400326476432383 ], [ 6595.820692538574804, 2136315.048997805453837 ], [ 6718.713485291518737, 2136180.713706610258669 ], [ 6713.598276541335508, 2136147.544735321309417 ], [ 6711.944201871578116, 2136125.384567028842866 ], [ 6699.573590501327999, 2136096.852913342416286 ], [ 6517.964272518525831, 2135970.758877742104232 ], [ 6123.549999250739347, 2135696.103986501228064 ], [ 5707.897548308887053, 2135455.338160554878414 ], [ 5287.807194750814233, 2135206.927567301783711 ], [ 4983.764938052103389, 2134999.784843973815441 ], [ 4699.082247132551856, 2135234.009359884541482 ], [ 4486.779261791671161, 2135415.200420897454023 ], [ 3985.781678651750553, 2135837.406149483751506 ], [ 3789.595295777602587, 2135602.921855368185788 ], [ 3599.99834315595217, 2135378.251729904208332 ], [ 3594.30692751321476, 2135362.86255549127236 ], [ 3528.932351062307134, 2135208.090804986190051 ], [ 3201.903625204577111, 2134506.405414832755923 ], [ 3143.753451933560427, 2134384.74584375647828 ], [ 3069.920388082857244, 2134306.815037572290748 ], [ 2910.505494924378581, 2134106.861859865486622 ], [ 2397.927784493542276, 2134530.535948791075498 ], [ 2321.983622541767545, 2134452.665046851616353 ], [ 2433.191165778553113, 2134354.145401793066412 ], [ 2478.408643438189756, 2134310.720684323459864 ], [ 2420.348679765302222, 2134231.251333636697382 ], [ 2404.410388894262724, 2134149.523095181211829 ], [ 2377.903657214774285, 2134066.972720241174102 ], [ 2332.720353982760571, 2133918.313054099678993 ], [ 2287.420717221801169, 2133804.076130322180688 ], [ 2242.18120130157331, 2133692.058174977544695 ], [ 2033.029011148959398, 2133834.331791878212243 ], [ 1837.458375559654087, 2133971.796615041326731 ] ] } },
{ "type": "Feature", "properties": { "route_name": "19_", "route_name_short": "", "route_type": 3 }, "geometry": { "type": "LineString", "coordinates": [ [ 1820.820637106604408, 2134598.470136949792504 ], [ 1843.253193796903361, 2134608.960777020547539 ], [ 2041.722784543177113, 2134578.005312121473253 ], [ 2171.792888166790362, 2134591.110316274687648 ], [ 2419.794364805507939, 2134365.61382356332615 ], [ 2645.676503618073184, 2134179.58580713532865 ], [ 2753.246525506896432, 2134102.263887993525714 ], [ 2966.221024575235788, 2133945.461019406095147 ], [ 3002.477403187309392, 2133998.878288487903774 ], [ 3010.035363880684599, 2134005.334254950284958 ], [ 3013.831304702907801, 2134028.547166193369776 ], [ 3076.557019384228624, 2134124.545301043894142 ], [ 3164.529194401984569, 2134063.304151384625584 ], [ 3225.555952203285415, 2134019.451495163142681 ], [ 3483.033234061847907, 2133831.466689380817115 ], [ 3511.760399105201941, 2133879.538011958356947 ], [ 3551.085873148636892, 2133929.541619519237429 ], [ 3686.600095988251269, 2133832.591476923786104 ], [ 3799.595293899823446, 2133760.681220133788884 ], [ 3823.561554164334666, 2133750.0370854428038 ], [ 3862.886189053708222, 2133800.041227758396417 ], [ 3891.670812978059985, 2133811.471910082735121 ], [ 3979.97971270326525, 2133801.299663013312966 ], [ 4268.059993068221956, 2133769.046424502506852 ], [ 4633.067926623974927, 2133734.709872653707862 ], [ 4995.93772487482056, 2133699.328605606220663 ], [ 5082.199021708569489, 2133691.437992309220135 ], [ 5147.023320066102315, 2133670.805799534078687 ], [ 5241.925565143406857, 2133670.453566169831902 ], [ 5356.519138645322528, 2133657.355265196878463 ], [ 5350.588668600365054, 2133633.090192525647581 ], [ 5301.964830621727742, 2133589.997432335745543 ], [ 5268.605262134515215, 2133565.365513388533145 ], [ 5258.164242148632184, 2133374.683024820871651 ], [ 5238.443793908401858, 2133347.460886275395751 ], [ 5132.370083696965594, 2133324.79996847640723 ], [ 5114.305891513067763, 2133280.879011107608676 ], [ 5090.977285473665688, 2133081.663452593144029 ], [ 5032.232028157275636, 2133132.107730253599584 ], [ 5009.829753742727917, 2133161.582055661827326 ], [ 4997.965871249791235, 2133190.770688825752586 ], [ 5004.76918440888403, 2133247.209890715312213 ], [ 5133.420443669776432, 2133441.34944795165211 ], [ 5177.709538414201234, 2133480.118396232835948 ], [ 5325.539402368303854, 2133603.791941099800169 ], [ 5395.148948440270033, 2133642.985263167880476 ], [ 5443.86422736174427, 2133650.547322292346507 ], [ 5620.511631663597655, 2133631.328416471835226 ], [ 5799.536930401343852, 2133622.039219771977514 ], [ 6004.64709534496069, 2133875.175901672802866 ], [ 6092.915666359825991, 2133980.481334291398525 ], [ 6181.153262910898775, 2134084.677537495270371 ], [ 6458.11180426395731, 2134421.361453190911561 ], [ 6710.135307236807421, 2134733.185789206530899 ], [ 6799.719904456229415, 2134848.44928076909855 ], [ 6790.416479376377538, 2134855.362290139310062 ], [ 6708.537882707023527, 2134752.103140598163009 ], [ 6445.857065310061444, 2134436.126182092353702 ], [ 6195.089405132108368, 2134132.041212797164917 ], [ 6062.176114947767928, 2133974.651803088374436 ], [ 5945.187557247409131, 2133821.272731983102858 ], [ 5799.204081589588895, 2133648.694388000294566 ], [ 5557.19168521638494, 2133668.571926920674741 ], [ 5406.709116181591526, 2133680.420930593740195 ], [ 5276.128323604702018, 2133687.290694737806916 ], [ 5033.181830179819372, 2133711.64177027111873 ], [ 4675.551302413921803, 2133745.769885478075594 ], [ 4267.367803784960415, 2133782.388584946282208 ], [ 3969.984383788949344, 2133821.556437423918396 ], [ 3899.590322808478959, 2133831.241779619362205 ], [ 3873.546706258144695, 2133843.052589218132198 ], [ 3856.625454045133665, 2133841.292013181373477 ], [ 3750.074213445594069, 2133917.467925473582 ], [ 3655.826134739269037, 2133786.796223287004977 ], [ 3475.571271178487223, 2133906.059268966782838 ], [ 3409.033116210252047, 2133941.1784692350775 ], [ 3258.438547743775416, 2134065.188818892929703 ], [ 3122.897641138697509, 2134161.033567206468433 ], [ 3028.18409844848793, 2134245.774968941230327 ], [ 2906.320496622705832, 2134108.086162000428885 ], [ 2781.440093757701106, 2134208.084771462716162 ], [ 2630.941892042115796, 2134335.430199293419719 ], [ 2486.344905963225756, 2134447.072172859683633 ], [ 2401.961374618695118, 2134523.764079791959375 ], [ 2271.126850096101407, 2134637.253746864851564 ], [ 1980.411253477679566, 2134881.684880016371608 ], [ 1909.788891172443982, 2134767.029795866925269 ], [ 1825.944690086005721, 2134631.639770254027098 ], [ 1815.346206112764776, 2134629.708545774687082 ], [ 1431.197500952344853, 2134657.967840231023729 ], [ 1082.968035613244865, 2134688.584070206154138 ], [ 781.044449979846831, 2134715.719284173101187 ], [ 624.657082431716844, 2134704.454765131231397 ], [ 527.434016398328822, 2134697.123294370248914 ], [ 313.310013172565959, 2134618.600983643904328 ], [ 90.175491847505327, 2134519.231038314290345 ], [ -335.653616511204746, 2134335.481880552135408 ], [ -476.524863354978152, 2134274.944714237935841 ], [ -611.013312569702975, 2134216.453996560070664 ], [ -760.652520767529495, 2134143.945151837076992 ], [ -928.360987499996554, 2134066.381408288143575 ], [ -1391.83265216415748, 2133857.035895186010748 ], [ -1417.643862614175305, 2133838.868750379420817 ], [ -1449.839365563879255, 2133818.656296948436648 ], [ -1471.618084707937669, 2133793.716205691918731 ], [ -1488.066480102017522, 2133770.850407022982836 ], [ -1515.219302976911422, 2133703.864002272952348 ], [ -1523.450111806276254, 2133672.999841502401978 ], [ -1550.833874472940806, 2133635.999727940652519 ], [ -1582.158914429543074, 2133609.101250642444938 ], [ -1574.002165269048419, 2133598.883795734029263 ], [ -1560.60642638290301, 2133587.41202516015619 ], [ -1605.71955606964184, 2133480.945826655253768 ], [ -1663.218762900971342, 2133345.950362093746662 ], [ -1789.781700544932391, 2133077.387589056044817 ], [ -1681.301449281163514, 2133033.322920967359096 ], [ -1580.198307936370838, 2132989.461671864613891 ], [ -1531.334154975716956, 2132963.691364109516144 ], [ -1572.401983735209797, 2132889.314391357358545 ], [ -1638.05877425626386, 2132764.535926031414419 ], [ -1591.301861160201952, 2132738.82348395511508 ], [ -1527.936098739388399, 2132857.00277417851612 ], [ -1484.394915201410186, 2132944.636286765802652 ], [ -1584.200668237579521, 2132997.344194215256721 ], [ -1684.280316087475512, 2133040.066987542901188 ], [ -1646.069053674989846, 2133125.625934483017772 ], [ -1655.158034367952496, 2133140.31046354630962 ], [ -1737.503062837990001, 2133175.88428921205923 ], [ -1637.759346391947474, 2133389.665557846426964 ], [ -1600.419568216078915, 2133481.910563294310123 ], [ -1553.015769265359268, 2133594.976038376800716 ], [ -1529.481698038929608, 2133645.406357548665255 ], [ -1498.113250184862409, 2133712.276944742538035 ], [ -1472.197286182024982, 2133772.635132716037333 ], [ -1457.91764229699038, 2133793.339790058322251 ], [ -1439.513960348383989, 2133810.600046387407929 ], [ -1388.975828367169015, 2133845.853748476132751 ], [ -1321.575932844658382, 2133880.644372857641429 ], [ -1105.921527142461855, 2133975.765002622734755 ], [ -896.714817179716192, 2134066.623132360633463 ], [ -580.573571267828811, 2134211.177520003635436 ], [ -466.534218182088807, 2134254.684345127083361 ], [ -363.84436019876739, 2134307.38577047502622 ], [ 78.127477062807884, 2134502.905981575604528 ], [ 317.342921290022787, 2134611.828477353788912 ], [ 512.164371979713906, 2134678.665604002773762 ], [ 659.311010208970401, 2134699.064860549289733 ], [ 788.117423414078075, 2134704.422389924526215 ], [ 953.290429099404719, 2134689.910298308823258 ], [ 1018.595463899953756, 2134687.013655777554959 ], [ 1066.796983165841084, 2134675.702362593729049 ], [ 1119.183376483037136, 2134663.166442326735705 ], [ 1171.691152786137536, 2134655.068684139754623 ], [ 1448.475257311598398, 2134634.178862288594246 ], [ 1673.532238850311842, 2134611.375233373604715 ], [ 1813.413803801347967, 2134597.562074745539576 ] ] } },
{ "type": "Feature", "properties": { "route_name": "20_", "route_name_short": "", "route_type": 3 }, "geometry": { "type": "LineString", "coordinates": [ [ 2809.794387467380147, 2135867.216719345189631 ], [ 3115.941343453538138, 2135609.053073038812727 ], [ 3584.84060649597086, 2135208.789560634642839 ], [ 3963.443315949582029, 2134899.821394948288798 ], [ 4265.466888146474957, 2134644.017997189424932 ], [ 4266.790557305503171, 2134615.114715792704374 ], [ 4277.989989003690425, 2134600.376741029322147 ], [ 4294.488384301541373, 2134586.605078138411045 ], [ 4317.821813453629147, 2134591.522495185956359 ], [ 4355.185644552810118, 2134608.271831931080669 ], [ 4581.534643481078092, 2134710.930820264853537 ], [ 4989.364675863762386, 2134972.986372203100473 ], [ 5250.029570253449492, 2134747.191608349792659 ], [ 5615.215800541860517, 2134992.650991421658546 ], [ 5340.883912559482269, 2135219.921363364439458 ], [ 6103.922760093235411, 2135672.210023891180754 ], [ 6467.151212513446808, 2135924.393655760679394 ], [ 6673.115290502028074, 2136054.269281059503555 ], [ 6796.745600327965803, 2136141.964176324661821 ], [ 6283.570930942893028, 2136621.05197472916916 ], [ 5999.659552599245217, 2136882.994618710130453 ], [ 5598.927665643393993, 2137113.695122512057424 ], [ 5270.449251750076655, 2137286.931196850724518 ], [ 4997.273375425720587, 2137438.687004569917917 ], [ 4983.575216198863927, 2137400.199607604648918 ], [ 5301.995934029866476, 2137244.994602131657302 ], [ 5651.998922928585671, 2137048.970085080247372 ], [ 6047.555009003495798, 2136821.742345102597028 ], [ 6334.328424160310533, 2136548.620817669201642 ], [ 6717.449694340117276, 2136172.976180934347212 ], [ 6708.42302218277473, 2136112.156894278246909 ], [ 6437.588819519558456, 2135922.973462287802249 ], [ 6094.680118272663094, 2135681.342425834853202 ], [ 5297.501250089379027, 2135214.436478252988309 ], [ 4986.715351179882418, 2134991.93287588423118 ], [ 4765.550720265891869, 2134846.939146113116294 ], [ 4540.408302334370092, 2134710.937471996061504 ], [ 4349.375524555216543, 2134627.304443533997983 ], [ 4328.662121687608305, 2134641.190579032991081 ], [ 4317.37225563073298, 2134652.600135513115674 ], [ 4271.970314863778185, 2134650.502963440027088 ], [ 3917.503259119752329, 2134955.47479614103213 ], [ 3530.804881951480638, 2135276.878020375967026 ], [ 3076.176799486915115, 2135658.989928202703595 ], [ 2759.312687682628166, 2135910.785057149361819 ], [ 2693.080707037297543, 2135918.143082250840962 ], [ 2626.031501163553912, 2135895.545333112124354 ], [ 2569.155908780405298, 2135859.346507604699582 ], [ 2465.323842706391588, 2135686.750614548102021 ], [ 2395.088051525584888, 2135895.185167137999088 ], [ 2329.22068473167019, 2136109.052757199853659 ], [ 2204.62577628379222, 2136527.712460941169411 ], [ 2107.807300903426949, 2136689.132389545440674 ], [ 2013.515077271964401, 2136827.167559911962599 ], [ 1637.88524746109033, 2137049.508219196926802 ], [ 1553.662423796660732, 2137092.894009874202311 ], [ 1189.835096513095777, 2136397.789931489154696 ], [ 545.024847746128216, 2136725.232263689860702 ], [ 195.051346787193324, 2135998.667453283444047 ], [ -1.669634115241934, 2136092.88944021333009 ], [ -285.535578056471422, 2135432.24497023364529 ], [ -421.577545313979499, 2135086.216077455785125 ], [ -526.282631868030876, 2134729.334053519647568 ], [ -711.132939265109599, 2134795.476294808089733 ], [ -935.113088794867508, 2134896.006054415833205 ], [ -1149.302230107423384, 2135007.373813996557146 ], [ -1348.10914568422595, 2135102.776775148231536 ], [ -1548.468017251172569, 2134643.039790655951947 ], [ -1349.168113343941513, 2134565.388055629562587 ], [ -1276.94134430977283, 2134545.637617346830666 ], [ -1167.543108211655635, 2134573.72243866790086 ], [ -1095.412747795518953, 2134627.259367883671075 ], [ -1101.235301638836972, 2134684.047821654006839 ], [ -1085.628470400173683, 2134714.709320365916938 ], [ -1049.432855480583385, 2134727.039530251640826 ], [ -1001.566513908444904, 2134703.517706624697894 ], [ -946.384249793132767, 2134677.574429844040424 ], [ -743.051296099205501, 2134593.156907654833049 ], [ -577.228528881503735, 2134525.316180637571961 ], [ -508.611320137453731, 2134719.966389069799334 ], [ -407.372370297031011, 2135065.839994546957314 ], [ -280.533020883391146, 2135037.932915952987969 ], [ -116.14150101254927, 2135033.424839003942907 ], [ 84.510567072953563, 2135505.373212659731507 ], [ 291.527745511615649, 2135940.50564497243613 ], [ 500.450307792809326, 2135868.16013612318784 ], [ 899.720764705911279, 2136701.080709998030216 ], [ 1124.146368091285694, 2137156.834380209445953 ], [ 1861.643344586365856, 2136710.293351944535971 ], [ 2196.613697481458075, 2136504.614661868195981 ], [ 2265.462865014676936, 2136322.863428505603224 ], [ 2371.488696097338106, 2135919.145833477377892 ], [ 2471.973324205668177, 2135659.921732147689909 ], [ 2557.196119135653134, 2135807.488283613696694 ], [ 2635.242450371675659, 2135885.301284881308675 ], [ 2722.130469196010381, 2135900.696112391538918 ], [ 2775.506252723454963, 2135885.916682491078973 ] ] } },
{ "type": "Feature", "properties": { "route_name": "22_", "route_name_short": "", "route_type": 3 }, "geometry": { "type": "LineString", "coordinates": [ [ 7692.12141537462594, 2133296.667886463459581 ], [ 7738.468130485445727, 2133411.9918656591326 ], [ 7839.357903145020828, 2133594.679073675069958 ], [ 7743.21874005056452, 2133627.247779622673988 ], [ 7586.170637373463251, 2133669.231839259620756 ], [ 7319.280079552379902, 2133783.016690730117261 ], [ 7271.435772700409871, 2133807.623244481626898 ], [ 7253.641556209826376, 2133812.544603240210563 ], [ 7188.632320969889406, 2133865.370762350503355 ], [ 7156.2053104416118, 2133875.128323378972709 ], [ 7137.417326904076617, 2133882.297129145823419 ], [ 6847.957138046156615, 2133941.187822740990669 ], [ 6753.837989200197626, 2133970.377277291379869 ], [ 6626.05859412899008, 2134002.6977848703973 ], [ 6536.1849081843975, 2134032.883983599953353 ], [ 6370.230432813288644, 2134057.356847733724862 ], [ 6184.614785030775238, 2134095.686377468518913 ], [ 6094.021092042909004, 2134099.248448744416237 ], [ 6069.874592115054838, 2134103.232782967854291 ], [ 6034.677265535108745, 2134127.50085707847029 ], [ 5665.334243876684923, 2134429.500980423763394 ], [ 5266.106438945804257, 2134756.747985413298011 ], [ 5617.413452243781649, 2134995.922208590433002 ], [ 5329.654214735957794, 2135233.5491404524073 ], [ 5205.196564441430382, 2135154.765493034850806 ], [ 5130.95495938626118, 2135100.156060847453773 ], [ 4974.311506748839747, 2135001.151677460409701 ], [ 4651.696080674941186, 2135275.266288419719785 ], [ 4264.003664926218335, 2135598.900304030627012 ], [ 3904.351377734506968, 2135906.238989468663931 ], [ 3706.362034824152943, 2136070.399235196877271 ], [ 3475.414046818565112, 2136263.217649603262544 ], [ 3351.754301286302507, 2136368.733838083222508 ], [ 3193.148364616557956, 2136507.402450390160084 ], [ 2877.778448032680899, 2136774.702662887983024 ], [ 2857.49235765018966, 2136804.124008837621659 ], [ 2835.674152700754348, 2136854.683014567475766 ], [ 2830.502519751607906, 2136897.015755479224026 ], [ 2837.072354068630375, 2136944.579689299222082 ], [ 2833.226882790448144, 2136996.869016946759075 ], [ 2834.976765950093977, 2137022.358325116802007 ], [ 2821.224844397278503, 2137059.373672222252935 ], [ 2809.519714964204468, 2137094.112580329645425 ], [ 2795.283524892234709, 2137113.376272941473871 ], [ 2708.898042872606311, 2137193.455375332850963 ], [ 2599.484995273465756, 2137279.715292831882834 ], [ 2434.601509672997054, 2137419.675733553711325 ], [ 2280.916141056688502, 2137544.898243819363415 ], [ 2102.825637403875589, 2137702.9888940830715 ], [ 2024.328705487656407, 2137762.871338771656156 ], [ 1848.288938423618674, 2137918.688873566687107 ], [ 1757.423704561311752, 2137988.904135330114514 ], [ 1717.781685548252426, 2138004.42288348916918 ], [ 1686.23454587784363, 2138007.506665288470685 ], [ 1643.99965181882726, 2138005.331321115139872 ], [ 1546.036372938775457, 2137970.261029695160687 ], [ 1535.561111893795896, 2137972.768376275897026 ], [ 1522.917921528278384, 2137973.114408135879785 ], [ 1507.985327962203883, 2137966.861140062101185 ], [ 1496.963447764981538, 2137949.397557681892067 ], [ 1513.122638099943288, 2137923.417731494642794 ], [ 1522.453230814950075, 2137917.610722576733679 ], [ 1532.685608168074396, 2137906.227400532923639 ], [ 1569.422148398531135, 2137823.057819462381303 ], [ 1641.144734539731871, 2137631.229555084835738 ], [ 1655.218910495983437, 2137567.555961552541703 ], [ 1661.59266636002576, 2137530.740862096659839 ], [ 1665.403966736223083, 2137477.340990887023509 ], [ 1664.931539090815932, 2137382.976278631947935 ], [ 1658.813618776155636, 2137352.054522584192455 ], [ 1634.107635236170609, 2137258.352671898435801 ], [ 1572.576020749867894, 2137129.017387727741152 ], [ 1441.476091647695284, 2136885.000977907795459 ], [ 1315.76317581278272, 2136645.278615845832974 ], [ 1249.081206452916376, 2136520.525671100243926 ], [ 1182.489594916813076, 2136399.101279644761235 ], [ 1118.095766203710809, 2136280.947772017680109 ], [ 1094.723003052873537, 2136236.063840753398836 ], [ 1051.584713258140255, 2136123.990607515908778 ], [ 989.855565286241472, 2135949.137211877387017 ], [ 931.104647876753006, 2135767.540245430078357 ], [ 744.492203793372028, 2135229.694570805411786 ], [ 673.123372901056428, 2135049.55311929481104 ], [ 645.260157408250961, 2134994.799053053371608 ], [ 632.635809358558618, 2134957.393198467325419 ], [ 611.186253067862708, 2134905.794560206122696 ], [ 569.219174568715971, 2134798.130409133154899 ], [ 532.256754527159501, 2134719.198022701311857 ], [ 516.349207776132971, 2134677.440689004026353 ], [ 578.857684073329438, 2134687.943101076874882 ], [ 662.472410552494694, 2134698.978329112287611 ], [ 773.333886375825386, 2134703.716603390872478 ], [ 842.884553484909702, 2134701.813471007626504 ], [ 980.74984086852055, 2134691.379825681913644 ], [ 1068.904575532709714, 2134675.644722688943148 ], [ 1106.628843324084301, 2134666.840747910551727 ], [ 1178.074601489759516, 2134657.114801035262644 ], [ 1392.654500125965569, 2134636.814706068020314 ], [ 1477.951156997121871, 2134632.263064336497337 ], [ 1558.971960471826605, 2134625.60800378350541 ], [ 1814.649375430075452, 2134604.190246576443315 ], [ 1781.989846495038364, 2134296.413468413520604 ], [ 1765.345349778130185, 2134150.30586914671585 ], [ 1748.55584232264664, 2134037.511767333839089 ], [ 1743.764992007345427, 2134016.546514194924384 ], [ 1746.472091427713167, 2133999.817822421435267 ], [ 1777.814273733180016, 2133988.969270995352417 ], [ 2059.42974535562098, 2133796.97113219788298 ], [ 2276.831763966882136, 2133647.811156974639744 ], [ 2419.630301912897266, 2133547.321030392777175 ], [ 2592.598851170158014, 2133431.576339333318174 ], [ 2670.126135195139796, 2133373.948830536101013 ], [ 2830.783703586377669, 2133270.755896157585084 ], [ 3018.02776835707482, 2133136.863040145020932 ], [ 3089.445635753276292, 2133087.176344614010304 ], [ 3096.399932735890616, 2133071.442920259200037 ], [ 3105.673333997896407, 2133063.418462861329317 ], [ 3136.174972834996879, 2133060.367786157876253 ], [ 3150.657325816515367, 2133049.981012787669897 ], [ 3304.966495135449804, 2132945.85610090335831 ], [ 3341.429346524935681, 2132929.320147753693163 ], [ 3441.607077086810023, 2132928.816115863621235 ], [ 3621.637112086988054, 2132917.259342879056931 ], [ 3648.225005851709284, 2132925.418872334063053 ], [ 3672.224286562181078, 2132954.744266684167087 ], [ 3815.647061857103836, 2133148.477051579859108 ], [ 3907.667525873926934, 2133274.76939089410007 ], [ 4085.653373789566103, 2133537.511601220350713 ], [ 4165.475694082502741, 2133641.930136418435723 ], [ 4247.01398152980255, 2133770.728358930442482 ], [ 4546.776383436284959, 2133741.49323119269684 ], [ 4747.691711793304421, 2133722.717032036278397 ], [ 5048.537547399522737, 2133694.571325354743749 ], [ 5099.90306184644578, 2133683.186067135073245 ], [ 5142.898353385913651, 2133674.248436541762203 ], [ 5310.212079503340647, 2133660.830801367294043 ], [ 5435.463897051697131, 2133651.885199488606304 ], [ 5802.728357521176804, 2133623.0630655689165 ], [ 6066.780424327356741, 2133599.261777353938669 ], [ 6281.604091539687943, 2133587.898445039056242 ], [ 6425.673455949639902, 2133572.899588664062321 ], [ 6549.81074411951704, 2133561.771487089339644 ], [ 6648.687022665166296, 2133552.437255348078907 ], [ 6751.80840339459246, 2133544.099105241242796 ], [ 6840.056809579778928, 2133531.722424483858049 ], [ 6949.380978360248264, 2133518.776889529079199 ], [ 7098.93402481317753, 2133472.548816933762282 ], [ 7340.262769147462677, 2133388.31751593388617 ], [ 7455.311471542809159, 2133353.016166449058801 ], [ 7687.307868599309586, 2133274.593151461798698 ], [ 7706.006860809167847, 2133264.096838992554694 ], [ 7715.065464404644445, 2133287.167324403766543 ], [ 7694.438429745670874, 2133304.376992200966924 ] ] } },
{ "type": "Feature", "properties": { "route_name": "21_", "route_name_short": "", "route_type": 3 }, "geometry": { "type": "LineString", "coordinates": [ [ 1751.565855537599418, 2134031.877992579713464 ], [ 1742.650582090602256, 2134014.356303045526147 ], [ 1753.848876624775585, 2133999.616420538164675 ], [ 1770.679807515291031, 2133998.046593279577792 ], [ 2524.22403550229501, 2133476.741501315962523 ], [ 3097.876530712121166, 2133086.946887341793627 ], [ 3109.979369463631883, 2133066.632163004484028 ], [ 3140.481001720880158, 2133063.581492417026311 ], [ 3219.004790504463017, 2133003.709435977507383 ], [ 3334.112629127863329, 2132931.739753782283515 ], [ 3434.290356338198762, 2132931.23567889817059 ], [ 3614.350542183907237, 2132920.788296324666589 ], [ 3639.673452973016538, 2132921.210184861440212 ], [ 3676.409576417005155, 2132953.520211298950016 ], [ 3933.202214389923029, 2133321.817744489759207 ], [ 4106.21854953939328, 2133556.937968924641609 ], [ 4250.235675378295127, 2133772.86140971397981 ], [ 4644.65977582486812, 2133734.395260277204216 ], [ 5049.561262939532753, 2133693.433296388480812 ], [ 5156.657929820823483, 2133676.095917904283851 ], [ 5353.327672582177911, 2133656.331492848228663 ], [ 5880.739259190100711, 2133622.061281454283744 ], [ 6353.171893475227989, 2133582.631991736125201 ], [ 6787.577243873907719, 2133540.91207920294255 ], [ 6909.426964482932817, 2133523.186881359666586 ], [ 7004.872116357029881, 2133503.955202374141663 ], [ 7364.260408341244329, 2133378.788007579278201 ], [ 7672.674460478418041, 2133279.42870443733409 ], [ 7708.293951486120932, 2133270.696525573730469 ], [ 7719.340462332416791, 2133289.272495568729937 ], [ 7689.049801531422418, 2133300.081404963042587 ], [ 7759.477274274395313, 2133448.062794598285109 ], [ 7841.555189704813529, 2133597.95050228619948 ], [ 7696.128205526270904, 2133640.730375768616796 ], [ 7545.522590504668187, 2133686.981984303798527 ], [ 7277.428899195278063, 2133795.248863878194243 ], [ 7228.89035542687634, 2133833.197115251328796 ], [ 7187.758307684678584, 2133872.055778795853257 ], [ 7086.022605475678574, 2133892.567091963253915 ], [ 6919.283337095228489, 2133927.047868147026747 ], [ 6779.912213719740976, 2133959.680366127751768 ], [ 6485.724294493207708, 2134038.689564079511911 ], [ 6191.901063072029501, 2134092.158448252361268 ], [ 6073.999561541131698, 2134099.790370578411967 ], [ 5686.018504820647649, 2134414.507193999830633 ], [ 5271.314947766251862, 2134754.386195901315659 ], [ 5166.06076565902913, 2134839.400844260118902 ], [ 4996.981643265986349, 2134981.661824821028858 ], [ 5194.870354421203956, 2135123.95813791686669 ], [ 5263.60229984781472, 2135169.835079017095268 ], [ 5345.068659144686535, 2135218.697595775593072 ], [ 5619.460747863806318, 2134993.646194859407842 ], [ 5527.036302498076111, 2134929.535795839969069 ], [ 5273.392333899624646, 2134753.219590567518026 ], [ 5127.885279302950948, 2134870.413727989420295 ], [ 4985.782062540529296, 2134996.399288000538945 ], [ 4563.035655998857692, 2135349.842688784003258 ], [ 4031.08776768669486, 2135797.313606317155063 ], [ 3755.851499970071018, 2136029.081528874114156 ], [ 3476.346836206037551, 2136258.751058391761035 ], [ 3202.51036210131133, 2136502.706063629128039 ], [ 2910.738704576215241, 2136746.04594966955483 ], [ 2866.551477118278854, 2136788.332594092469662 ], [ 2837.297145959862974, 2136836.87383433803916 ], [ 2832.640079041593708, 2136898.067742954473943 ], [ 2835.576331038493663, 2137005.687366927508265 ], [ 2817.524951378989499, 2137078.349845799617469 ], [ 2760.338067653065082, 2137146.528827126137912 ], [ 2613.811706079693977, 2137263.779820129740983 ], [ 2341.715444253524765, 2137493.273014325182885 ], [ 2077.031361016794108, 2137723.679718167055398 ], [ 1788.485256761545315, 2137968.068585002794862 ], [ 1742.734075184271205, 2137991.526651674881577 ], [ 1664.04832859756425, 2138005.893062194809318 ], [ 1550.129311381955631, 2137965.707703557796776 ], [ 1513.31406043889001, 2137968.935949359089136 ], [ 1500.184985218918882, 2137951.530039824079722 ], [ 1504.997486220265273, 2137934.743395641911775 ], [ 1521.551455932320096, 2137923.187043216079473 ], [ 1542.583997647627257, 2137882.639623352326453 ], [ 1606.727002858184278, 2137722.107631785329431 ], [ 1638.764314755797386, 2137621.301746864803135 ], [ 1655.058468109578826, 2137523.147332828026265 ], [ 1663.804042771167587, 2137457.398902943357825 ], [ 1656.714929346053395, 2137390.973309525754303 ], [ 1644.531180794467218, 2137292.487636380363256 ], [ 1625.912743949273136, 2137228.598045323509723 ], [ 1595.673789518070407, 2137163.915986838750541 ], [ 1538.213237425428815, 2137067.77912708837539 ], [ 1321.27443613705691, 2136654.010449170600623 ], [ 1068.60503750940552, 2136167.938068319577724 ], [ 901.247607642435469, 2135678.420421818271279 ], [ 771.240418901666999, 2135282.25848935963586 ], [ 556.057230131293181, 2134779.615008666645736 ], [ 509.094094716245309, 2134682.080681602004915 ], [ 804.015474064217415, 2134707.318359357304871 ], [ 1035.456201020802837, 2134686.552496423013508 ], [ 1152.874512061942369, 2134661.134836328215897 ], [ 1424.328963475069031, 2134638.169706179760396 ], [ 1803.239463101432193, 2134611.163732500281185 ], [ 1815.612275887862779, 2134600.832997052930295 ], [ 1782.565436827717349, 2134317.493806031532586 ], [ 1748.55584232264664, 2134037.511767333839089 ] ] } },
{ "type": "Feature", "properties": { "route_name": "24_", "route_name_short": "", "route_type": 3 }, "geometry": { "type": "LineString", "coordinates": [ [ 1908.644230521807913, 2134763.730097553227097 ], [ 2094.242570745351259, 2134647.632019774988294 ], [ 2134.674046359548811, 2134622.101695517078042 ], [ 2265.356767674267758, 2134503.063460842706263 ], [ 2332.370235748298001, 2134446.830180345103145 ], [ 2484.610431461536791, 2134306.110351704061031 ], [ 2605.424909199879039, 2134211.771503082942218 ], [ 2729.401985316129867, 2134117.347588825505227 ], [ 2958.995412814663723, 2133951.209311083890498 ], [ 2964.475998862180859, 2133958.832145919092 ], [ 3004.014657979889307, 2134016.601215871982276 ], [ 3006.605722765787505, 2134034.295443543232977 ], [ 3078.51356114941882, 2134118.94052882771939 ], [ 3108.235082871979102, 2134164.763720642309636 ], [ 3121.061937528429553, 2134171.076234348118305 ], [ 3163.881968911737204, 2134233.197261038701981 ], [ 3251.702694079896901, 2134166.409103866200894 ], [ 3347.682660184218548, 2134089.406815649475902 ], [ 3544.763029606547207, 2133929.713620099704713 ], [ 3688.617205463757273, 2133829.205756947398186 ], [ 3713.75782566255657, 2133822.970658423379064 ], [ 3750.699524303665385, 2133785.326658491976559 ], [ 3800.34747843851801, 2133749.557900221087039 ], [ 3848.099096283200197, 2133721.612879002466798 ], [ 4045.669634230609518, 2133579.678406963590533 ], [ 4296.144573844445404, 2133405.222315010149032 ], [ 4495.889345022616908, 2133265.455965303815901 ], [ 4515.460501562338322, 2133248.27064055018127 ], [ 4580.256158159463666, 2133304.246415689587593 ], [ 4613.436700415448286, 2133322.220646406523883 ], [ 4639.511466582014691, 2133311.520623108837754 ], [ 4644.599982752057258, 2133304.720905831083655 ], [ 4648.724986513203476, 2133301.278155528008938 ], [ 4658.119139406422619, 2133297.692433830350637 ], [ 4667.573501239763573, 2133296.325630507431924 ], [ 4673.926580531173386, 2133297.263524990063161 ], [ 4679.255931931606028, 2133299.339470894541591 ], [ 4695.063367545371875, 2133298.910580076277256 ], [ 4702.349866764910985, 2133295.382067902013659 ], [ 4717.916501369269099, 2133286.077551814727485 ], [ 4732.549715779721737, 2133281.23946466576308 ], [ 4745.015079890494235, 2133274.239658129401505 ], [ 4822.908743277890608, 2133229.936381382402033 ], [ 4943.348008127533831, 2133160.053872351069003 ], [ 5000.436512919433881, 2133126.308162395376712 ], [ 5041.988351894775406, 2133102.976280772127211 ], [ 5141.71313367417315, 2133046.980247702915221 ], [ 5164.476596016203985, 2133030.819568624719977 ], [ 5162.098298712749965, 2133020.8916393565014 ], [ 5162.911587753333151, 2133011.987475442700088 ], [ 5167.910170557675883, 2133001.859616714529693 ], [ 5172.005258883058559, 2132997.307572198100388 ], [ 5185.52477904263651, 2132990.279587099328637 ], [ 5187.844436335843056, 2132959.129308831878006 ], [ 5188.990008992550429, 2132923.569792750757188 ], [ 5191.730625471915118, 2132907.95181822264567 ], [ 5246.6207442258019, 2132909.795206810813397 ], [ 5246.50049619411584, 2132905.357409934513271 ], [ 5241.111023890669458, 2132901.06239007320255 ], [ 5237.829239423619583, 2132896.710259748622775 ], [ 5235.511111795029137, 2132889.001225874759257 ], [ 5236.354521528468467, 2132881.206524915527552 ], [ 5240.299348886182997, 2132871.107259673532099 ], [ 5243.370704004133586, 2132867.693246609531343 ], [ 5241.715626980527304, 2132845.532816861756146 ], [ 5232.563360843574628, 2132819.134473338723183 ], [ 5229.191379865515046, 2132811.453993066214025 ], [ 5208.446719068277162, 2132785.369760603643954 ], [ 5192.30824019346619, 2132773.594159297645092 ], [ 5172.857856500078924, 2132756.35699055949226 ], [ 5131.096070494968444, 2132733.06287463568151 ], [ 5102.703571170277428, 2132697.193572827149183 ], [ 5067.356355199357495, 2132638.197190575301647 ], [ 5012.679892206273507, 2132527.542185021564364 ], [ 4948.548098396509886, 2132418.253752630203962 ], [ 4943.038131533598062, 2132409.520964752417058 ], [ 5147.972814832814038, 2132382.872118990402669 ], [ 5267.423405229055788, 2132354.100012529175729 ], [ 5464.861004527076147, 2132323.216997482813895 ], [ 5483.167390693677589, 2132337.154706541448832 ], [ 5541.846123693976551, 2132439.930340191349387 ], [ 5573.221870766079519, 2132430.198840696364641 ], [ 5596.436994915711693, 2132430.680633859708905 ], [ 5657.561293550999835, 2132429.026057559531182 ], [ 5714.349982477608137, 2132423.048002000898123 ], [ 5750.301532265963033, 2132426.516059750225395 ], [ 5770.324980801320635, 2132425.974190720357001 ], [ 5798.902568706020247, 2132390.782975359819829 ], [ 5788.850514640507754, 2132331.101221511140466 ], [ 5734.205463049816899, 2132260.413330301642418 ], [ 5681.214402933255769, 2132211.885863235220313 ], [ 5607.211258877243381, 2132088.429706072900444 ], [ 5472.059520266426262, 2131848.941436380613595 ], [ 5540.83635778381722, 2131818.213108188938349 ], [ 5657.260443340055645, 2132028.231587803456932 ], [ 5927.310677356668748, 2131874.372249556239694 ], [ 6076.572097359225154, 2132167.883043823298067 ], [ 6128.594106453063432, 2132258.627092662267387 ], [ 6165.080671112518758, 2132632.904778502415866 ], [ 5975.957998076453805, 2132659.114900137297809 ], [ 5926.487093425123021, 2132662.673817273695022 ], [ 5879.063835664244834, 2132663.956957709509879 ], [ 5835.952196388388984, 2132590.736497798003256 ], [ 5803.045547498157248, 2132543.886018172372133 ], [ 5786.15683121769689, 2132504.373870332259685 ], [ 5778.239384299842641, 2132484.603537126909941 ], [ 5777.972241639799904, 2132435.759543641936034 ], [ 5757.978829461091664, 2132437.410849489737302 ], [ 5684.148187033715658, 2132437.188491353299469 ], [ 5668.340194814023562, 2132437.616357760969549 ], [ 5649.460691770887934, 2132441.458148016128689 ], [ 5623.114031600707676, 2132442.171317874453962 ], [ 5583.970789039391093, 2132437.679655101150274 ], [ 5548.409622692503035, 2132448.63471049349755 ], [ 5536.997307919431478, 2132455.605238582007587 ], [ 5514.838582378753927, 2132416.235859599430114 ], [ 5475.910427085065749, 2132341.792232607956976 ], [ 5462.963533710164484, 2132331.040191777981818 ], [ 5282.327928451646585, 2132359.24760273238644 ], [ 5219.395917327667121, 2132372.054976800456643 ], [ 5193.199304333189502, 2132378.315993497613817 ], [ 5071.49080065934686, 2132401.598508490249515 ], [ 5022.139023760100827, 2132409.597555440850556 ], [ 4976.852408215228934, 2132411.935225546360016 ], [ 4999.222944145498332, 2132459.070376444607973 ], [ 5033.576864596747328, 2132520.314209200441837 ], [ 5098.128827887296211, 2132645.135067608673126 ], [ 5123.510143071645871, 2132686.637311578262597 ], [ 5148.560644362936728, 2132715.935613802168518 ], [ 5149.434111521812156, 2132709.250353866256773 ], [ 5153.58941099664662, 2132706.917220427189022 ], [ 5187.220992383081466, 2132741.534342021681368 ], [ 5222.779786098282784, 2132769.437691485974938 ], [ 5255.507572865695693, 2132809.630685905460268 ], [ 5258.276593128859531, 2132833.981457505375147 ], [ 5260.62477113789646, 2132842.799942283891141 ], [ 5272.908470460097305, 2132868.003179672639817 ], [ 5281.669894621009007, 2132879.978691903874278 ], [ 5282.93415632576216, 2132887.716280401684344 ], [ 5278.959254056448117, 2132896.706083350814879 ], [ 5274.834055627987254, 2132900.148643712513149 ], [ 5280.854779239278287, 2132927.742097023874521 ], [ 5286.965676734515, 2132958.663895294070244 ], [ 5277.990456946601626, 2133016.64077806705609 ], [ 5220.059426725783851, 2133019.320840425323695 ], [ 5219.155915470910259, 2133024.896646863780916 ], [ 5216.174795456172433, 2133031.639020368456841 ], [ 5210.062232326250523, 2133039.576521718874574 ], [ 5203.829408129793592, 2133043.076227073092014 ], [ 5196.542748880339786, 2133046.604495065752417 ], [ 5188.081984117918182, 2133045.723527065943927 ], [ 5183.86663503118325, 2133045.837769490666687 ], [ 5173.177918806963135, 2133040.576128938701004 ], [ 5171.010106087371241, 2133038.414351209998131 ], [ 5144.061372713535093, 2133055.798725742381066 ], [ 5083.780877971439622, 2133088.520127676893026 ], [ 5004.892493749677669, 2133135.069491327740252 ], [ 4984.116618013300467, 2133146.735473148524761 ], [ 4895.864529489364941, 2133197.980406339745969 ], [ 4831.489854324550834, 2133235.254983383696526 ], [ 4763.984013190085534, 2133273.72506509302184 ], [ 4734.868067013216205, 2133288.948473952244967 ], [ 4715.29681791679468, 2133306.133528785314411 ], [ 4697.11055283958558, 2133335.494036887772381 ], [ 4695.123307659581769, 2133339.989046494942158 ], [ 4692.112339767278172, 2133345.622105648275465 ], [ 4684.916172933299094, 2133352.47899554669857 ], [ 4676.605978699866682, 2133357.145570999011397 ], [ 4673.474604920484126, 2133358.340809846762568 ], [ 4644.599697962112259, 2133382.440064100548625 ], [ 4640.324186567275319, 2133380.335536129772663 ], [ 4600.278867673245259, 2133342.562645710539073 ], [ 4565.984289134794381, 2133322.398128666914999 ], [ 4502.39302227832377, 2133271.941096158698201 ], [ 4471.109111742174719, 2133246.143602556549013 ], [ 4450.604399423173163, 2133228.935757385101169 ], [ 4387.464915337914135, 2133272.840274543967098 ], [ 4324.355832323723007, 2133317.854539154097438 ], [ 4281.962119336938486, 2133348.983209121041 ], [ 4267.419377540063579, 2133357.150078520644456 ], [ 4237.460879965452477, 2133380.169249715283513 ], [ 4183.625990766391624, 2133417.160351464059204 ], [ 4125.606129063875414, 2133455.375632526353002 ], [ 4039.796365571091883, 2133518.772421577014029 ], [ 3925.986245466978289, 2133599.584999474231154 ], [ 3754.188815861882176, 2133719.724809052422643 ], [ 3667.387917929445393, 2133785.371512964367867 ], [ 3556.651731581136119, 2133862.772756054997444 ], [ 3473.886245433881413, 2133921.649204292800277 ], [ 3355.956087023252621, 2134005.909579076804221 ], [ 3208.973532032687217, 2134107.616330410353839 ], [ 3097.346981586480979, 2133958.544745865277946 ], [ 3033.309817538771313, 2134008.031323663890362 ], [ 3021.838770676171407, 2134012.784906265325844 ], [ 3015.666988434270024, 2134018.50447967229411 ], [ 3009.736931978317443, 2134033.099868895020336 ], [ 2909.633025192364585, 2134113.54743295814842 ], [ 2793.152829362777993, 2134212.206830539740622 ], [ 2738.420070243591908, 2134254.779523062054068 ], [ 2706.417520954215433, 2134280.078373183030635 ], [ 2627.089629536203574, 2134348.858876676298678 ], [ 2539.331982628384139, 2134417.869711357168853 ], [ 2482.492787971277721, 2134460.500911112874746 ], [ 2434.144664094259497, 2134505.121404876932502 ], [ 2368.3060768674477, 2134565.763489107135683 ], [ 2283.863049279199913, 2134640.237210670951754 ], [ 2151.734069732716307, 2134744.880944323260337 ], [ 2070.484307173115667, 2134820.379256749060005 ], [ 2002.419313476013485, 2134876.642770984210074 ], [ 2049.91220394463744, 2134955.288968490902334 ], [ 2106.349705436499789, 2135052.566382595337927 ], [ 2150.377727615123149, 2135120.204073153901845 ], [ 2195.489502798300236, 2135188.922526586800814 ], [ 2255.208105848752894, 2135290.551743486896157 ], [ 2323.658843437617179, 2135403.045818807091564 ], [ 2398.340426745417062, 2135512.038994528818876 ], [ 2471.700868343294133, 2135649.936375118326396 ], [ 2483.685343570890836, 2135664.043406247161329 ], [ 2444.291585917351767, 2135766.156576377805322 ], [ 2408.483456264075357, 2135883.716456252615899 ], [ 2363.198933165287599, 2136040.396139402873814 ], [ 2338.013716140354518, 2136122.136467514093965 ], [ 2316.050473343231715, 2136206.00955697381869 ], [ 2269.532792059704661, 2136356.061722763348371 ], [ 2240.861252718721516, 2136464.545192275196314 ], [ 2227.200586877472233, 2136504.889604802709073 ], [ 2230.543416395201348, 2136511.46020091837272 ], [ 2230.816123236727435, 2136521.445589065551758 ], [ 2223.652512707340065, 2136529.413439917378128 ], [ 2214.320957550604362, 2136535.219874727074057 ], [ 2162.856529613200109, 2136619.899248207453638 ], [ 2084.095578721782658, 2136747.516719410661608 ], [ 2051.772875751834363, 2136799.474500412587076 ], [ 2039.64433707180433, 2136818.68132176855579 ], [ 2032.389990492141806, 2136823.320824030321091 ], [ 2044.920071344648022, 2136857.398306896910071 ], [ 2047.2396062676562, 2136865.107153691351414 ], [ 2042.092593209410552, 2136869.689072775188833 ], [ 2049.900096817233134, 2136923.881331813521683 ], [ 2060.118081556633115, 2136989.110900986008346 ], [ 1995.13299918564735, 2137041.961522303521633 ], [ 1937.281170805275906, 2137085.734921529889107 ], [ 1874.07038856681902, 2137126.324115478433669 ], [ 1802.58240240503801, 2137172.691533698234707 ], [ 1729.048144205473363, 2137221.335931874811649 ], [ 1662.616584322531708, 2137259.793526502326131 ], [ 1664.905942104116548, 2137266.392857604660094 ], [ 1682.054247047752142, 2137353.63947734888643 ], [ 1685.731044859392568, 2137372.414429441094398 ], [ 1688.596987817727495, 2137400.094157229643315 ], [ 1689.242836511519272, 2137462.254677848890424 ], [ 1687.326255824300461, 2137507.830421998165548 ], [ 1681.854302015621215, 2137539.069202577695251 ], [ 1675.54121652757749, 2137578.103276589419693 ], [ 1665.377935121126939, 2137630.566594661213458 ], [ 1659.511523271619808, 2137647.381965012755245 ], [ 1642.90527979208855, 2137695.580286844167858 ], [ 1624.283002725685947, 2137747.164787418209016 ], [ 1594.678362160397228, 2137821.256379920989275 ], [ 1571.000946369546, 2137880.751630184240639 ], [ 1561.31506285694195, 2137912.105859022121876 ], [ 1552.379187916463707, 2137932.336300800554454 ], [ 1555.813264870608691, 2137942.235268034040928 ], [ 1577.128175366902724, 2137950.534570061136037 ], [ 1587.907069552573375, 2137959.122213664464653 ], [ 1649.562257253506687, 2137977.420956194400787 ], [ 1672.862825435877312, 2137981.224712370429188 ], [ 1694.927645067567937, 2137978.400352846365422 ], [ 1712.778078372997697, 2137975.691322530154139 ], [ 1738.935872879577801, 2137968.313740599900484 ], [ 1759.795343923091423, 2137959.970818276517093 ], [ 1792.903453150298446, 2137936.858656023163348 ], [ 1820.773992112430278, 2137915.000157254282385 ], [ 1838.208150581864174, 2137935.619442674797028 ], [ 1893.79255970439408, 2138001.82887268345803 ], [ 1920.019408439053223, 2138035.531586017925292 ], [ 1954.917605353461113, 2138077.879749108105898 ], [ 2040.941999801143538, 2138177.676905754487962 ], [ 1981.169341214175802, 2138228.165564113296568 ], [ 1938.94365380727686, 2138264.850703772623092 ], [ 1892.594876244838815, 2138304.979734901338816 ], [ 1854.49277462932514, 2138338.221393454819918 ], [ 1806.067569977079984, 2138379.517868891824037 ], [ 1725.649834540963639, 2138446.117125545628369 ], [ 1666.902070826035924, 2138495.468889106065035 ], [ 1616.431286989361979, 2138539.042724934406579 ], [ 1586.515686169906985, 2138563.178489989135414 ], [ 1532.732705788046587, 2138601.291680613998324 ], [ 1503.627848386764526, 2138616.522804406005889 ], [ 1463.622855310502928, 2138618.728487919550389 ], [ 1411.907124491059221, 2138616.81362544093281 ], [ 1393.966161189542618, 2138616.194604686461389 ], [ 1391.869702926254831, 2138539.639176022727042 ], [ 1392.731157085276209, 2138494.092017822898924 ], [ 1345.29007602087222, 2138494.280860216356814 ], [ 1320.004360019054729, 2138494.973359805066139 ], [ 1309.053208722209092, 2138518.590265725273639 ], [ 1287.890631197893526, 2138515.838894039392471 ], [ 1283.676347700587939, 2138515.954322610516101 ], [ 1250.8940795083181, 2138512.41092488868162 ], [ 1215.7007085106452, 2138497.830294834449887 ], [ 1194.386095323599875, 2138489.531516297254711 ], [ 1183.637595206906553, 2138482.053630521520972 ], [ 1169.48519790393766, 2138465.786326346918941 ], [ 1152.921663568471558, 2138438.481738068629056 ], [ 1127.716676923504565, 2138403.641557769384235 ], [ 1045.851972903532442, 2138455.849709193687886 ], [ 999.564575918659102, 2138382.72557674953714 ], [ 942.376108983415179, 2138296.576173774432391 ], [ 804.990223522123415, 2138092.708361361641437 ], [ 697.083395052293781, 2137925.78429609304294 ], [ 567.28102087933803, 2137729.481493226252496 ], [ 829.500284661306068, 2137563.515422556083649 ], [ 965.003343511663843, 2137467.645038561429828 ], [ 846.225292656163219, 2137288.803740472532809 ], [ 993.59448907582555, 2137202.602077858056873 ], [ 1012.08387999329716, 2137223.192066686227918 ], [ 1125.291153825121, 2137160.134035019204021 ], [ 1291.233317821810488, 2137058.992574580013752 ], [ 1443.661656334646977, 2136964.884781149215996 ], [ 1488.210154661501292, 2136935.907820756547153 ], [ 1507.054624673444778, 2136930.950996087864041 ], [ 1568.340467936475761, 2136897.075124004855752 ], [ 1643.051035057578702, 2136852.839455815032125 ], [ 1810.893153835088015, 2136743.879932779353112 ], [ 2078.37384719302645, 2136576.684130375273526 ], [ 2172.621588153007906, 2136514.152484948281199 ], [ 2202.905448861944024, 2136503.332505320664495 ], [ 2217.740948775550351, 2136467.397237163968384 ], [ 2280.3224146507564, 2136249.176955518778414 ], [ 2347.871689768333454, 2136019.718591291457415 ], [ 2402.906013784988318, 2135833.904660707339644 ], [ 2427.099091763258912, 2135754.412322573829442 ], [ 2459.540587689552922, 2135668.03314338857308 ], [ 2379.676039474317804, 2135523.651423440780491 ], [ 2342.335294602555223, 2135469.154851370956749 ], [ 2303.910337188397534, 2135413.577580336946994 ], [ 2230.009063857374713, 2135294.570441839750856 ], [ 2174.656734725984279, 2135198.373664218001068 ], [ 2147.192384571011644, 2135158.041706053540111 ], [ 2053.503855610091705, 2135009.596380043774843 ], [ 1979.478645299328491, 2134886.151607773266733 ], [ 1907.560156742867548, 2134762.6493797483854 ] ] } },
{ "type": "Feature", "properties": { "route_name": "27A_", "route_name_short": "", "route_type": 3 }, "geometry": { "type": "LineString", "coordinates": [ [ 3493.82872675958788, 2138215.728361087851226 ], [ 4107.749941893853247, 2137878.126756966114044 ], [ 4043.76535962568596, 2137696.671211286447942 ], [ 3972.404796599992551, 2137515.41645445022732 ], [ 3858.373864952183794, 2137199.868098045233637 ], [ 3804.533405977243092, 2137042.562549774069339 ], [ 3744.672700764087494, 2136896.523834005463868 ], [ 3720.70328085165238, 2136829.44874337175861 ], [ 3654.070426930731628, 2136705.800311779603362 ], [ 3645.788397110649385, 2136672.717064446769655 ], [ 3647.189035998191684, 2136530.56133201578632 ], [ 3641.335210686433129, 2136393.044356424827129 ], [ 3630.591211863909848, 2136114.653302997816354 ], [ 3841.733931496273726, 2135930.148757699411362 ], [ 3996.406441903149243, 2135801.587913465220481 ], [ 4379.002662615210284, 2135484.74611294362694 ], [ 4874.659525739494711, 2135059.370124506298453 ], [ 4977.954323151323479, 2134979.957663445733488 ], [ 5111.808391293452587, 2134860.857477415818721 ], [ 5255.238081206742208, 2134744.829814430791885 ], [ 5617.353309872676618, 2134993.703316142316908 ], [ 5343.021422798978165, 2135220.973653884138912 ], [ 5533.860294990416151, 2135336.817243105731905 ], [ 5758.805474422930274, 2135466.171177755575627 ], [ 5980.676178137073293, 2135598.941152429208159 ], [ 6193.843487785023171, 2135721.956449238117784 ], [ 6348.845974225725513, 2135838.776556178927422 ], [ 6345.925309782265685, 2135847.737649354618043 ], [ 6322.534494611260016, 2135840.599243958480656 ], [ 6180.506360757804941, 2135735.640711822547019 ], [ 5728.278535827528685, 2135468.10884782159701 ], [ 5339.288052647258155, 2135238.839167392347008 ], [ 4984.758445307670627, 2134997.5373390680179 ], [ 4334.117271590628661, 2135540.369905748870224 ], [ 4099.122703397704754, 2135739.948749775066972 ], [ 3865.186787333979737, 2135939.503119048196822 ], [ 3637.245588696387131, 2136126.685338790994138 ], [ 3654.338439709681552, 2136676.925377109088004 ], [ 3659.429302287055179, 2136708.98524222895503 ], [ 3711.428162851545494, 2136798.613135974854231 ], [ 3757.195441147428937, 2136891.741635918151587 ], [ 3814.016018737049308, 2137042.304323486052454 ], [ 3870.144884822366294, 2137206.209311693441123 ], [ 3998.838978055049665, 2137556.887701950035989 ], [ 4132.106542585243005, 2137920.764863103628159 ], [ 3507.772161201632116, 2138263.09102318668738 ], [ 3099.53650880116038, 2138487.404579056892544 ], [ 2679.780994773667771, 2138714.265070798806846 ], [ 2739.224901971640065, 2138844.768358154222369 ], [ 2799.752001633634791, 2138976.352371909655631 ], [ 2671.411180342547596, 2139025.381043335422873 ], [ 2434.929897162423003, 2139129.551300267223269 ], [ 2037.046291049744468, 2139345.841588280629367 ], [ 1974.020861314667854, 2139238.754411820322275 ], [ 1573.914341322495602, 2139450.676228508353233 ], [ 1463.184083707805257, 2139488.129404869861901 ], [ 1373.220367287460249, 2139513.911042044870555 ], [ 1334.098959210619796, 2139548.292966292239726 ], [ 1226.438774272101, 2139582.33271387591958 ], [ 1255.482834937458392, 2139680.356491145212203 ], [ 1259.494791879493278, 2139711.335906233172864 ], [ 1293.986686312186066, 2139700.397583999205381 ], [ 1323.99095656874124, 2139679.589311527088284 ], [ 1365.796641574299429, 2139666.230059845838696 ], [ 1391.678214643325191, 2139648.865898119751364 ], [ 1423.040139283926692, 2139639.123960521537811 ], [ 1456.205137095996179, 2139618.229371804278344 ], [ 1496.927097256644629, 2139603.789837171789259 ], [ 1540.900787886697799, 2139592.592332476750016 ], [ 1581.957091016462073, 2139590.357485968619585 ], [ 1617.472392797702923, 2139578.281519595999271 ], [ 1661.090828926477116, 2139708.105786392930895 ], [ 1704.040439238073304, 2139813.521120468620211 ], [ 1782.473125845310278, 2140021.225237307604402 ], [ 1855.303102216217667, 2140216.869122409261763 ], [ 1916.746886116219684, 2140381.735602242872119 ], [ 1937.349497283459641, 2140441.129066712688655 ], [ 2006.54178453667555, 2140542.494840537197888 ], [ 1914.577781485626474, 2140610.522136425599456 ], [ 1626.797805398586206, 2140803.830308181233704 ], [ 1478.376820304198191, 2140888.952382327057421 ], [ 1519.482576309295837, 2140965.548917775508016 ], [ 1671.21524229249917, 2140885.887964332476258 ], [ 1630.110122350452002, 2140809.2911955146119 ], [ 1910.546315052604768, 2140617.294493005145341 ], [ 2013.915892039251048, 2140542.292950904928148 ], [ 2119.362781293515582, 2140466.125029554124922 ], [ 2041.43019216216635, 2140315.033612507861108 ], [ 2377.022432524245232, 2140134.86139731714502 ], [ 2278.61568970954977, 2139813.340013848152012 ], [ 2237.360557276173495, 2139731.194536964874715 ], [ 2183.879327000933699, 2139626.066794918384403 ], [ 1903.383344541711267, 2139778.084457736462355 ], [ 1811.448167665686924, 2139616.272983575705439 ], [ 2479.322785191878211, 2139249.362226511817425 ], [ 2625.146983145095874, 2139184.30953318066895 ], [ 2836.676840138621628, 2139093.036690248642117 ], [ 2745.492642095778137, 2138881.237412481568754 ], [ 2660.779708145128097, 2138674.812900569755584 ], [ 2907.918145720963366, 2138535.936904619913548 ], [ 3142.568512975180056, 2138402.957469135522842 ], [ 3323.374865089717787, 2138305.869756704661995 ], [ 3491.782107060658745, 2138218.004759021569043 ] ] } },
{ "type": "Feature", "properties": { "route_name": "24A_", "route_name_short": "", "route_type": 3 }, "geometry": { "type": "LineString", "coordinates": [ [ 2003.128774384967983, 2134979.882807814050466 ], [ 2228.90785071614664, 2134790.51843603188172 ], [ 2456.677969233191106, 2134596.662517822347581 ], [ 2326.138267146598082, 2134450.331099360249937 ], [ 2476.301045358937699, 2134310.77815160760656 ], [ 2569.328165857295971, 2134241.623445876408368 ], [ 2739.758656619815156, 2134110.403547061607242 ], [ 2959.9283582320204, 2133946.742701418697834 ], [ 3009.283704086672515, 2134016.457719837781042 ], [ 3014.012594898929819, 2134035.204025529325008 ], [ 3076.647657360357698, 2134127.873728657606989 ], [ 3222.424735640059225, 2134020.647029232233763 ], [ 3474.572539558750577, 2133830.586574421264231 ], [ 3543.739403536368627, 2133930.851757247466594 ], [ 3714.660791256290395, 2133817.394662375096232 ], [ 3826.391223554266617, 2133737.747006811667234 ], [ 3932.883614537364338, 2133659.352925488725305 ], [ 4092.277730960864574, 2133548.434452542569488 ], [ 4210.334139173268341, 2133468.618118000682443 ], [ 4429.739035989739932, 2133314.993450847454369 ], [ 4506.216891906864475, 2133257.40372705180198 ], [ 4602.115553107927553, 2133332.520334710832685 ], [ 4619.88009808328934, 2133326.486891608685255 ], [ 4639.481361493351869, 2133310.411166402511299 ], [ 4656.041584274964407, 2133298.859079220332205 ], [ 4677.088068436365575, 2133297.177744877990335 ], [ 4695.15367218333995, 2133302.23894819105044 ], [ 4720.144559496140573, 2133290.458193322177976 ], [ 4785.572712314664386, 2133253.154542849399149 ], [ 4875.901893492206, 2133200.742332624737173 ], [ 4942.264089979871642, 2133158.972995487973094 ], [ 5165.530434424232226, 2133030.791006998158991 ], [ 5170.017850625095889, 2133001.80249466560781 ], [ 5189.770207628316712, 2132991.27479786798358 ], [ 5188.717881057062186, 2132952.444049854297191 ], [ 5190.947369635512587, 2132917.965425716713071 ], [ 5247.824898632243276, 2132915.313897533807904 ], [ 5252.853625264833681, 2132906.295528391841799 ], [ 5240.780340156925377, 2132888.85844802390784 ], [ 5241.0225170024205, 2132858.874762693420053 ], [ 5238.433836430602241, 2132841.18068446777761 ], [ 5226.270323854521848, 2132820.41525381244719 ], [ 5179.662004146433901, 2132773.93684455472976 ], [ 5131.005871431261767, 2132729.734523218125105 ], [ 5101.499374733190052, 2132691.674879802856594 ], [ 5080.483793299936224, 2132655.60566466068849 ], [ 5018.129660475126002, 2132534.056076085194945 ], [ 4944.182227274286561, 2132412.820755753200501 ], [ 5097.446874701941852, 2132386.46169592672959 ], [ 5176.247115717793349, 2132375.444477821234614 ], [ 5453.32845477614319, 2132325.749780924990773 ], [ 5464.951124111190438, 2132326.545336181297898 ], [ 5482.173594295047224, 2132339.402132948394865 ], [ 5542.056382579787169, 2132447.696457977406681 ], [ 5568.19281322992174, 2132439.21705357497558 ], [ 5603.000465222168714, 2132439.385018578730524 ], [ 5634.73659431131091, 2132442.966962712351233 ], [ 5665.238654866756406, 2132439.920820560771972 ], [ 5696.734523996827193, 2132434.627321049571037 ], [ 5748.494043108366895, 2132437.667529283091426 ], [ 5770.625209764577448, 2132437.068617490120232 ], [ 5779.599615399842151, 2132417.951425714418292 ], [ 5798.329033158428501, 2132408.562569370958954 ], [ 5875.051124799996614, 2132398.714902015402913 ], [ 5862.74483621789841, 2132294.684014642611146 ], [ 5853.413394961680751, 2132261.628863554913551 ], [ 5832.609362361312378, 2132233.325114079751074 ], [ 5804.608231313643046, 2132211.877624071203172 ], [ 5782.386743955314159, 2132209.148106649983674 ], [ 5748.302393264777493, 2132196.747315999586135 ], [ 5728.672090084699448, 2132172.85288886539638 ], [ 5667.706199282722082, 2132063.477104464545846 ], [ 5604.541845969681162, 2131950.830083188135177 ], [ 5532.555268363677897, 2131823.988529946655035 ], [ 5537.7947577162995, 2131822.736461454536766 ], [ 5604.271615447592922, 2131940.845084303058684 ], [ 5651.840873258130159, 2132022.826970835682005 ], [ 5911.682279354485217, 2131881.456440333742648 ], [ 6003.565794997673947, 2132042.17847103998065 ], [ 6057.996167176170275, 2132143.959855891298503 ], [ 6100.203467718616594, 2132222.756533908192068 ], [ 6126.516363709990401, 2132259.793523070868105 ], [ 6149.651961107621901, 2132452.351337644737214 ], [ 6173.691468102333602, 2132639.333419280592352 ], [ 5965.56957542366581, 2132664.94720525527373 ], [ 5907.817974768637214, 2132674.281470641028136 ], [ 5875.088594941771589, 2132672.946553421206772 ], [ 5861.721895329363178, 2132646.66214745817706 ], [ 5831.28335622115992, 2132613.067925861570984 ], [ 5820.988066735269967, 2132583.369648823048919 ], [ 5800.03408663283335, 2132549.518785864114761 ], [ 5771.252658399345819, 2132499.225927824620157 ], [ 5767.703800652117934, 2132446.029716406948864 ], [ 5714.77035049139522, 2132438.580208763014525 ], [ 5645.365349429310299, 2132446.010029302444309 ], [ 5613.689297354198061, 2132444.646957495715469 ], [ 5578.851625770505052, 2132443.369529491756111 ], [ 5560.002160540316254, 2132448.320862604770809 ], [ 5538.021137406292837, 2132454.467260446865112 ], [ 5482.383867887023371, 2132347.168255219701678 ], [ 5471.484652396175079, 2132334.140249087009579 ], [ 5455.556367612269241, 2132330.13049467233941 ], [ 5197.38475041667698, 2132377.092338151298463 ], [ 4967.457732580485754, 2132415.52066550264135 ], [ 5021.924158494919538, 2132518.40949886944145 ], [ 5076.329958321526647, 2132619.079465219751 ], [ 5114.025412968592718, 2132686.89435042720288 ], [ 5154.2207711423398, 2132730.215674467384815 ], [ 5223.50126290199114, 2132796.064477400388569 ], [ 5243.131918930041138, 2132819.958375656045973 ], [ 5265.230943328584544, 2132857.108564556576312 ], [ 5276.280427345307544, 2132875.683661978226155 ], [ 5276.671204905840568, 2132890.106496989261359 ], [ 5270.799040197045542, 2132906.919552150648087 ], [ 5272.029844122007489, 2132991.266226900275797 ], [ 5272.570957731513772, 2133011.236308474559337 ], [ 5218.945457615598571, 2133017.130499507300556 ], [ 5209.851769034285098, 2133031.810373536776751 ], [ 5196.452547447523102, 2133043.276145346462727 ], [ 5170.980037499335594, 2133037.304901004768908 ], [ 5156.527000557573047, 2133048.799269935116172 ], [ 4962.377180644602049, 2133161.758417820557952 ], [ 4706.77588866231963, 2133303.033892513252795 ], [ 4688.619733071071096, 2133333.503867487888783 ], [ 4677.449080600170419, 2133349.350782972294837 ], [ 4649.326924309018068, 2133362.326864282600582 ], [ 4631.803266848553903, 2133377.235939376987517 ], [ 4503.627532174286898, 2133278.569242930505425 ], [ 4450.273131668451242, 2133216.731709524523467 ], [ 4173.057568050164264, 2133416.337125912308693 ], [ 4034.406661839864682, 2133514.477731172926724 ], [ 3889.4945051248651, 2133615.010514926165342 ], [ 3658.836717157741077, 2133781.162904041819274 ], [ 3509.833873277588282, 2133886.252171757165343 ], [ 3260.606555106234737, 2134067.350395758636296 ], [ 3017.404396927449852, 2134237.186168019659817 ], [ 2909.391244633821771, 2134104.671610129531473 ], [ 2730.952770704752766, 2134251.652108990121633 ], [ 2621.729923704871908, 2134345.674060447141528 ], [ 2483.395309063431341, 2134454.924759993329644 ], [ 1992.965651226462796, 2134878.011178912129253 ], [ 2062.442552151333075, 2134989.366683379746974 ], [ 2138.75612132565584, 2135119.410982647910714 ], [ 2230.996132254251279, 2135253.461911582387984 ], [ 2311.946612031955738, 2135398.92420253995806 ], [ 2381.42018452193588, 2135510.280092381872237 ], [ 2469.956701455870643, 2135663.307687520049512 ], [ 2374.716588441107888, 2135960.139274881687015 ], [ 2303.315301080525387, 2136203.026312019210309 ], [ 2235.017174654174596, 2136443.608807075768709 ], [ 2217.566002616717014, 2136499.601157420314848 ], [ 2218.952992793812882, 2136511.776745209470391 ], [ 2216.064682912605349, 2136521.848466495517641 ], [ 2207.665589646436274, 2136523.188175425399095 ], [ 2198.455245593679138, 2136533.432570649310946 ], [ 2039.159266450558789, 2136800.929480909835547 ], [ 2023.96071567106992, 2136823.551161466632038 ], [ 2039.742738313274458, 2136860.870736159849912 ], [ 2031.677301063900813, 2136874.414956321939826 ], [ 2050.574599086423405, 2136987.151055661961436 ], [ 1983.603527950472198, 2137044.49727393919602 ], [ 1905.012442908424418, 2137101.051171267405152 ], [ 1653.073139906395227, 2137257.833910180255771 ], [ 1676.551834172161762, 2137383.768751875963062 ], [ 1678.927612181287259, 2137509.170485170558095 ], [ 1655.500792929320596, 2137616.402572681196034 ], [ 1613.261177663342096, 2137729.701133753173053 ], [ 1557.516632872866467, 2137888.892931967042387 ], [ 1538.530547517584637, 2137927.163665609899908 ], [ 1548.559517132176552, 2137946.875094614923 ], [ 1592.273275625251699, 2137964.554365375079215 ], [ 1648.599735883995891, 2137980.778271820861846 ], [ 1702.333177295629866, 2137979.308064038865268 ], [ 1768.254470315470826, 2137960.849734668619931 ], [ 1812.527287982753478, 2137921.887666970491409 ], [ 2029.322272905497812, 2138176.884317119140178 ], [ 1936.654427325411234, 2138258.251382418908179 ], [ 1799.564004262676463, 2138373.033857439644635 ], [ 1677.944745204702485, 2138475.180791398044676 ], [ 1578.958505306451116, 2138556.723393351305276 ], [ 1513.89008076878963, 2138606.248871467076242 ], [ 1470.937034664850216, 2138616.307556161191314 ], [ 1397.005317094677594, 2138611.670052690431476 ], [ 1396.287901309900917, 2138392.954522414132953 ], [ 1391.760059743071906, 2138343.113622694276273 ], [ 1374.872404959693085, 2138342.465711656957865 ], [ 1341.056006084894761, 2138416.673602720256895 ], [ 1297.403156701126136, 2138516.688683418557048 ], [ 1265.58329935639631, 2138509.787902336101979 ], [ 1211.304057587578427, 2138491.288732720073313 ], [ 1181.469657127861865, 2138479.892353035043925 ], [ 1146.417823035502806, 2138431.997911314014345 ], [ 1121.182419040647801, 2138396.048233303707093 ], [ 1042.478420163155533, 2138448.169798776507378 ], [ 934.636108538950793, 2138283.464243662543595 ], [ 779.419209189072717, 2138044.554344426374882 ], [ 594.777601527690422, 2137770.920600738376379 ], [ 572.54914968367666, 2137729.337051035370678 ], [ 739.233033214462921, 2137617.064735301304609 ], [ 956.726222044148017, 2137473.423454890027642 ], [ 846.225292656163219, 2137288.803740472532809 ], [ 992.571225050720386, 2137203.740437772125006 ], [ 1009.105248634587042, 2137229.935651630628854 ], [ 1243.52440128987655, 2137088.056678328197449 ], [ 1474.725049242319074, 2136944.049028207547963 ], [ 1342.599690459901467, 2136701.171099540777504 ], [ 1182.519957775715739, 2136400.210779673419893 ], [ 1414.276757135114167, 2136276.175246134866029 ], [ 1626.319145848799963, 2136163.78563119051978 ], [ 1971.480134107870981, 2135983.363607473671436 ], [ 1869.401634582434781, 2135720.786023541819304 ], [ 1784.30079556821147, 2135616.520340674556792 ], [ 1684.082877300097607, 2135499.344050191342831 ], [ 1560.704014502174687, 2135345.050007145386189 ], [ 1613.080901973182335, 2135293.654045269358903 ], [ 1646.134019298129715, 2135268.323729791212827 ], [ 2002.105299092363566, 2134981.021066874731332 ] ] } },
{ "type": "Feature", "properties": { "route_name": "28_", "route_name_short": "", "route_type": 3 }, "geometry": { "type": "LineString", "coordinates": [ [ 2170.739101392100565, 2134591.139071262441576 ], [ 2483.465877757000271, 2134302.810635685455054 ], [ 2557.015250615833793, 2134254.172483122441918 ], [ 2761.404902871872764, 2134092.048853618558496 ], [ 2962.035985935421195, 2133946.685299524571747 ], [ 3012.8983565911185, 2134033.013771444093436 ], [ 3076.708082753291819, 2134130.092680402100086 ], [ 3319.549945869483054, 2133946.944480109028518 ], [ 3205.031023763760459, 2133769.083269479684532 ], [ 3603.779159250494558, 2133462.896805963944644 ], [ 3874.636652844958007, 2133262.343593429774046 ], [ 3816.431038307666313, 2133177.32317822240293 ], [ 3651.086723599582911, 2132953.098282196559012 ], [ 3640.878117156680673, 2132926.728878141380847 ], [ 3616.570273864897899, 2132730.86863007536158 ], [ 3621.385642052220646, 2132675.223326739389449 ], [ 3623.913981862715445, 2132651.838552510365844 ], [ 3629.603980840358417, 2132628.367844600696117 ], [ 3640.684036471589934, 2132609.191792485769838 ], [ 3681.182392794464249, 2132585.885356863494962 ], [ 3744.625100478588138, 2132553.073254910763353 ], [ 3620.139995571167674, 2132396.574912253767252 ], [ 3426.001122396090068, 2132160.919217656832188 ], [ 3438.369976034446154, 2131995.149756733793765 ], [ 3534.608372644754127, 2132004.747190713416785 ], [ 3520.345111019152682, 2132256.060114054009318 ], [ 3633.900934254750609, 2132398.421497276984155 ], [ 3705.624768787936773, 2132359.83292652759701 ], [ 3997.671638738596812, 2132200.901191755197942 ], [ 4094.451784763135947, 2132385.910788743756711 ], [ 4101.829462426831014, 2132424.570286066737026 ], [ 4109.061645514855627, 2132807.420733966864645 ], [ 3999.51990073453635, 2132812.616454821079969 ], [ 4017.768000272219069, 2132863.19377774046734 ], [ 4165.824115719995461, 2133072.346582853235304 ], [ 3966.199019642488565, 2133216.554455156903714 ], [ 3896.948222244973294, 2133268.398975832853466 ], [ 3977.164469126844779, 2133387.240206197369844 ], [ 4061.293673206469975, 2133494.872404030989856 ], [ 3249.165727927698754, 2134073.213305200915784 ], [ 3018.579064932710025, 2134241.595373175106943 ], [ 2910.445050004636869, 2134104.642904186155647 ], [ 2394.736162045155652, 2134529.512688036076725 ], [ 2322.044149767549243, 2134454.884017051197588 ], [ 2349.800529204600025, 2134428.589788640849292 ], [ 2483.617135305015836, 2134308.358051040675491 ], [ 2421.493246671219822, 2134234.551049046218395 ], [ 2413.990504001441877, 2134191.453596010338515 ], [ 2403.2960715952795, 2134147.332863141782582 ], [ 2331.696785191248637, 2133919.451275689993054 ], [ 2241.127363410021644, 2133692.086914251092821 ], [ 1988.501350606733467, 2133864.414941487833858 ], [ 1776.25183833198389, 2134008.997654849663377 ], [ 1765.326156146707945, 2134033.722944280132651 ], [ 1767.228134605800733, 2134064.759934109635651 ], [ 1796.386109471088275, 2134321.557715168222785 ], [ 1825.968407419975847, 2134593.888296388089657 ], [ 1843.22289866139181, 2134607.851286094635725 ], [ 1840.455368905793875, 2134622.360991506371647 ], [ 1824.860604575893376, 2134630.559054623823613 ], [ 1802.579543811036274, 2134625.615897557232529 ], [ 1571.078985748405103, 2134644.152709309477359 ], [ 1329.191863655112684, 2134668.528081750031561 ], [ 1085.105968609510455, 2134689.635931893251836 ], [ 776.798897814529482, 2134714.725129195488989 ], [ 603.520330420986284, 2134702.812685345765203 ], [ 478.473041974182706, 2134680.69841176783666 ], [ 165.999609143240377, 2134553.794964903499931 ], [ -73.157075241557322, 2134447.093105059117079 ], [ -305.902891101140995, 2134343.548927163239568 ], [ -784.172166504722554, 2134132.376638561487198 ], [ -919.716942947474308, 2134073.91665565315634 ], [ -969.625772592262365, 2134215.192092114128172 ], [ -1010.810605854552705, 2134328.469305749516934 ], [ -1009.543510266346857, 2134336.207044734153897 ], [ -931.303222777729388, 2134381.804430093150586 ], [ -868.091191991814412, 2134417.82135044131428 ], [ -823.160074107639957, 2134441.015902258455753 ], [ -808.040944954380393, 2134453.925210612826049 ], [ -794.603150500508491, 2134482.425691363867372 ], [ -742.746771370235365, 2134604.252126928884536 ], [ -1047.203321943292394, 2134731.419746707193553 ], [ -1067.134489967022091, 2134735.298254615627229 ], [ -1089.447576845064759, 2134729.248941646888852 ], [ -1119.929842339712195, 2134694.554591466672719 ], [ -1169.655400437361095, 2134650.395599839743227 ], [ -1213.776757550309412, 2134618.296737975440919 ], [ -1247.926065237727016, 2134603.689818176440895 ], [ -1284.840624653676059, 2134603.593684551306069 ], [ -1306.06968024012167, 2134598.625157302245498 ], [ -1316.285856400150806, 2134572.257075594738126 ], [ -1337.362522437004372, 2134572.836220087017864 ], [ -1417.623421051597688, 2134607.242526875343174 ], [ -1476.953131652669981, 2134482.291148519609123 ], [ -1503.892118704156019, 2134423.071647199802101 ], [ -1526.646340194391087, 2134362.626753414981067 ], [ -1581.395802108105272, 2134250.873919702135026 ], [ -1705.370869044156279, 2134306.469583513680845 ], [ -1652.972361288091633, 2134409.403872136957943 ], [ -1612.227569088689052, 2134510.437821460422128 ], [ -1540.633664626569953, 2134659.479968776926398 ], [ -1383.460903143102769, 2135006.036098269745708 ], [ -1343.267084825085476, 2135087.098536409437656 ], [ -989.11891736893449, 2134926.358605813700706 ], [ -954.020721368433442, 2134898.746011462528259 ], [ -672.476851698418614, 2134782.201397460419685 ], [ -742.198623018572107, 2134624.22352171363309 ], [ -802.193151476036292, 2134474.861511660739779 ], [ -809.935431047866587, 2134461.749720524065197 ], [ -819.815842409036122, 2134447.586259964853525 ], [ -849.810501356958412, 2134430.643849344924092 ], [ -911.907685696089175, 2134396.817000336945057 ], [ -1007.253037106071133, 2134342.806322908494622 ], [ -1016.5243626612355, 2134350.833422353025526 ], [ -1027.001852211717051, 2134353.341839524917305 ], [ -1035.645854441041593, 2134345.806660628411919 ], [ -1031.735144696373027, 2134334.595659187529236 ], [ -1025.533947839983739, 2134329.983937440440059 ], [ -973.366068596951663, 2134194.197923831641674 ], [ -927.581228986848146, 2134056.366766647901386 ], [ -742.889287159545347, 2134137.905931797809899 ], [ -550.670276309479959, 2134224.791834741365165 ], [ -210.115039609954692, 2134375.343588684685528 ], [ -13.59563108504517, 2134465.446987139992416 ], [ 173.254729706794024, 2134549.154828838538378 ], [ 476.061640773434192, 2134669.661046747118235 ], [ 605.41532839438878, 2134694.988450458738953 ], [ 777.609802830324043, 2134705.820261920336634 ], [ 1061.8010966166039, 2134685.831966385710984 ], [ 1341.47346333268797, 2134654.868465829174966 ], [ 1591.912325737415813, 2134634.700961678754538 ], [ 1805.49853145214729, 2134616.653636434115469 ], [ 1814.619078625517432, 2134603.080755311530083 ], [ 1819.797142632480245, 2134599.608403547201306 ], [ 1830.304754617915023, 2134598.211161133367568 ], [ 1842.138813416298945, 2134606.770569378975779 ], [ 1882.031366351002362, 2134600.129740261472762 ], [ 1959.799778808548581, 2134590.234365080483258 ], [ 2043.830362942593638, 2134577.94778761267662 ], [ 2166.523954173317179, 2134591.254091824404895 ] ] } },
{ "type": "Feature", "properties": { "route_name": "29_", "route_name_short": "", "route_type": 3 }, "geometry": { "type": "LineString", "coordinates": [ [ 1929.361035041161813, 2134595.506599690765142 ], [ 2048.045519596198574, 2134577.832739332690835 ], [ 2167.608016125159338, 2134592.334823629818857 ], [ 2408.505172331933863, 2134377.024781927932054 ], [ 2478.378391545149498, 2134309.611201187595725 ], [ 2550.813429366098717, 2134258.782782968599349 ], [ 2959.98879229882732, 2133948.961655705235898 ], [ 3018.288256653991994, 2134037.308182945940644 ], [ 3108.416351076972205, 2134171.420573768671602 ], [ 3016.531909023295157, 2134243.871729481965303 ], [ 2905.23646859114524, 2134107.005390323232859 ], [ 2697.926661653036717, 2134278.089174072723836 ], [ 2486.465920101094525, 2134451.510105391032994 ], [ 2346.479214108025189, 2134577.461959856562316 ], [ 2275.311711993301287, 2134636.02926235832274 ], [ 1980.562708510959055, 2134887.232327363919467 ], [ 1908.523056513455231, 2134759.292136564850807 ], [ 1827.089368490909692, 2134634.939468194264919 ], [ 1805.74091241840506, 2134625.529567509889603 ], [ 1337.500901667459402, 2134663.859657797031105 ], [ 1032.507233455136884, 2134694.405467403121293 ], [ 773.698228496767115, 2134717.030648996587843 ], [ 605.658303635020275, 2134703.864496911410242 ], [ 589.912039905320853, 2134706.516221899073571 ], [ 574.317647428193595, 2134714.715492406859994 ], [ 559.057393763796426, 2134735.119349641725421 ], [ 567.254114899260458, 2134764.874070125631988 ], [ 606.384662842086982, 2134845.967789777554572 ], [ 767.887695169833023, 2135236.826506183482707 ], [ 830.916347849590238, 2135420.527239591814578 ], [ 892.951192280626856, 2135606.47578494483605 ], [ 965.319128889183048, 2135823.230785689782351 ], [ 1074.077057859511115, 2136136.69900140305981 ], [ 1159.077700430818368, 2136314.246484872419387 ], [ 1254.553246688621584, 2136489.286693375557661 ], [ 1466.885421486687846, 2136888.747136095538735 ], [ 1555.761109111015685, 2137053.975180444773287 ], [ 1623.978999596380163, 2137196.451502849813551 ], [ 1652.140890582173597, 2137262.300709694623947 ], [ 1669.198214507254306, 2137346.218847150914371 ], [ 1677.137011411832646, 2137443.710290818009526 ], [ 1679.89018773852149, 2137505.813179447315633 ], [ 1668.256928976392373, 2137581.633519848808646 ], [ 1646.989540738402866, 2137652.165841277688742 ], [ 1571.265147935133427, 2137851.875892682000995 ], [ 1541.600259547820315, 2137923.748671065084636 ], [ 1548.589881416526623, 2137947.984591298270971 ], [ 1535.378919365757611, 2137966.11139515042305 ], [ 1519.908956042316277, 2137978.748402711004019 ], [ 1459.466194330132566, 2138120.304277792107314 ], [ 1320.298272284620907, 2138467.207010807003826 ], [ 1109.811677227145992, 2138981.50657771108672 ], [ 1084.578522505995352, 2139061.032017070334405 ], [ 1085.369179450266529, 2139089.879094643052667 ], [ 1071.977265973750036, 2139101.349522111471742 ], [ 1055.546400318795349, 2139117.344611203763634 ], [ 1004.522947318095248, 2139217.563342453911901 ], [ 747.491462235630024, 2139725.376015131361783 ], [ 741.505266096908599, 2139737.754023473709822 ], [ 741.992324395745527, 2139755.506144133862108 ], [ 749.762598159664776, 2139769.727409231942147 ], [ 760.632493512588553, 2139781.64294800395146 ], [ 757.270824335922953, 2139812.824771632440388 ], [ 744.72011941857636, 2139816.500154205597937 ], [ 719.375169836392161, 2139814.974885806441307 ], [ 705.375188190373592, 2139804.255599890369922 ], [ 695.528317696531303, 2139791.201672573108226 ], [ 740.592042267904617, 2139704.468797496519983 ], [ 733.357766171218827, 2139671.35699580097571 ], [ 725.496135398570914, 2139653.807203702628613 ], [ 651.890420259092934, 2139622.516497710254043 ], [ 623.293280967220198, 2139617.749498966149986 ], [ 37.933043704309966, 2139648.256595462560654 ], [ 6.053036023571622, 2139639.139303137082607 ], [ -8.97064516833052, 2139629.558904313482344 ], [ -32.009222062421031, 2139596.881296895910054 ], [ -44.299193192215171, 2139571.68083676090464 ], [ -52.910330360697117, 2139565.255321011412889 ], [ -69.797258135396987, 2139564.608986313454807 ], [ -95.830557356879581, 2139576.427914747502655 ], [ -138.415337612910662, 2139599.805319141596556 ], [ -152.964994193636812, 2139569.115215711761266 ], [ -160.76660118077416, 2139553.784641799982637 ], [ -173.530931714631151, 2139549.694026924204081 ], [ -195.319611760962289, 2139562.506804966367781 ], [ -384.804580522177275, 2139649.882483197376132 ], [ -345.460100198455621, 2139738.739779090043157 ], [ -327.611255191848613, 2139736.02829738939181 ], [ -123.713257063238416, 2139636.043013244401664 ], [ -147.270452492753975, 2139584.503698376938701 ], [ -80.57644308777526, 2139556.022345032077283 ], [ -55.413714884372894, 2139550.889497370924801 ], [ -26.480693394609261, 2139567.860179838258773 ], [ -6.206379430077504, 2139615.048351027071476 ], [ 7.824754550529178, 2139626.876732499338686 ], [ 23.871464270167053, 2139635.318682640790939 ], [ 52.377525940071791, 2139636.756225090008229 ], [ 407.200499429483898, 2139619.239267451688647 ], [ 646.287950936006382, 2139610.456445261370391 ], [ 733.711151213909034, 2139645.809417442884296 ], [ 756.888423380616587, 2139645.17354821972549 ], [ 776.418156824016478, 2139626.872299603652209 ], [ 1008.726042825670447, 2139178.586291432380676 ], [ 1042.569388512172736, 2139105.486616535577923 ], [ 1044.250690420274623, 2139089.895810103509575 ], [ 1047.947845775110181, 2139070.918737957254052 ], [ 1066.516255229013041, 2139055.97539997799322 ], [ 1163.409171892795712, 2138821.259862462989986 ], [ 1394.749530052067712, 2138259.756973746232688 ], [ 1503.740561256650835, 2137965.866991889663041 ], [ 1503.163585255912039, 2137944.786544563714415 ], [ 1506.983223295595963, 2137930.247733290772885 ], [ 1525.735499265603721, 2137921.962203611619771 ], [ 1570.354311717150267, 2137818.591002429369837 ], [ 1643.191262335167266, 2137628.952914385125041 ], [ 1664.632132541155443, 2137526.216414561960846 ], [ 1666.843526656099129, 2137452.874458945356309 ], [ 1663.695816146675497, 2137376.348129588644952 ], [ 1636.002475501969457, 2137250.528564517851919 ], [ 1603.595589235657826, 2137183.685155971907079 ], [ 1558.210880865168292, 2137104.983173727057874 ], [ 1474.785756067896727, 2136946.268021999392658 ], [ 1352.416697370237671, 2136713.116109406109899 ], [ 1077.733130985288881, 2136193.225882352329791 ], [ 886.54678880632855, 2135642.181779529899359 ], [ 765.607142211752944, 2135269.088663872797042 ], [ 655.290930087852757, 2135014.510516015812755 ], [ 597.386528431728948, 2134863.97952832467854 ], [ 534.637745233892929, 2134729.125879856292158 ], [ 514.24160126876086, 2134677.498392924200743 ], [ 622.336885607568547, 2134696.745917981490493 ], [ 803.92439431528328, 2134703.989849060773849 ], [ 1047.047956006543245, 2134686.235458481125534 ], [ 1078.32805513869971, 2134673.166345907840878 ], [ 1123.428901169507299, 2134664.160675121005625 ], [ 1444.260082624736242, 2134634.294052307959646 ], [ 1802.034184511983767, 2134605.64505198970437 ], [ 1815.521385850617662, 2134597.504523300565779 ], [ 1830.244163114519324, 2134595.992178986314684 ], [ 1843.192603540956043, 2134606.741795169189572 ], [ 1927.2231658953242, 2134594.454647993203253 ] ] } },
{ "type": "Feature", "properties": { "route_name": "A_", "route_name_short": "", "route_type": 3 }, "geometry": { "type": "LineString", "coordinates": [ [ 1831.20706707064528, 2134592.634931047912687 ], [ 1834.671395377372392, 2134603.643517487682402 ], [ 1848.461553990026005, 2134606.597925040870905 ], [ 1974.522544691979419, 2134588.72214073035866 ], [ 2053.314465145231225, 2134577.688930362928659 ], [ 2168.69207794952672, 2134593.415555470623076 ], [ 2413.592611840635072, 2134370.224186564330012 ], [ 2479.492694304208271, 2134311.801433895714581 ], [ 2419.173858365276828, 2134226.842134429141879 ], [ 2419.834360221400857, 2134212.390109500382096 ], [ 2385.522389145568013, 2134075.647440734319389 ], [ 2234.41099265642697, 2133677.836037996225059 ], [ 2269.575901727657765, 2133652.450255893170834 ], [ 2180.306289689615369, 2133472.793692292179912 ], [ 2167.024657789501362, 2133449.839364551007748 ], [ 2158.982012201508041, 2133425.631849228404462 ], [ 2151.044968424015678, 2133289.279986539855599 ], [ 2147.616087289818097, 2133086.186514501459897 ], [ 2294.553470196202397, 2133059.974263922777027 ], [ 2413.905387854378205, 2133259.907414025161415 ], [ 2545.05908696266124, 2133467.291256600990891 ], [ 2830.662845534970984, 2133266.317983234766871 ], [ 3098.900197120150551, 2133085.808730551507324 ], [ 3113.231540719454642, 2133069.874544603284448 ], [ 3118.799873451585881, 2133041.965594736393541 ], [ 3136.248655901814345, 2132830.534524686634541 ], [ 3150.199694443494081, 2132529.26488713407889 ], [ 3166.685236003482714, 2132282.33098518056795 ], [ 3176.186968238791451, 2132050.021052817814052 ], [ 3191.772004566329997, 2131808.663484925869852 ], [ 3038.589218583831098, 2131799.506126835942268 ], [ 3010.1932766258833, 2131802.49915430508554 ], [ 2951.507354817353189, 2131855.169353907927871 ], [ 2894.627732526685577, 2131896.687697113491595 ], [ 2804.294294319814071, 2131949.109433824662119 ], [ 2795.530682438635267, 2131937.134653852321208 ], [ 2876.590102200047113, 2131892.73732967255637 ], [ 2940.756701740436256, 2131847.689769750460982 ], [ 3009.861284513201099, 2131790.29492816189304 ], [ 3065.750156049383804, 2131789.884965850040317 ], [ 3190.416367776400875, 2131797.597415378782898 ], [ 3193.125625619664788, 2131780.869342286139727 ], [ 3210.248692173743621, 2131557.234856360591948 ], [ 3212.29444101190893, 2131516.098406846635044 ], [ 3206.361062132753432, 2131491.833286250010133 ], [ 3196.332518612791318, 2131472.120675964280963 ], [ 3180.04055782611249, 2131454.798947535455227 ], [ 3181.635658193845302, 2131435.880597619805485 ], [ 3189.946648999582976, 2131431.213462873827666 ], [ 3204.370237414143048, 2131418.608098330907524 ], [ 3219.485855179606006, 2131392.660428525414318 ], [ 3224.965079499816056, 2131361.423288634046912 ], [ 3228.302974098187406, 2131251.413633002899587 ], [ 3234.383912401623093, 2131203.505782335065305 ], [ 3229.444233014946803, 2131176.993051745463163 ], [ 3210.863228950242046, 2131153.07171402964741 ], [ 3202.882236224890221, 2131131.082821037620306 ], [ 3224.893508969573304, 2131087.183112629689276 ], [ 3243.714291382639203, 2131081.120086311362684 ], [ 3264.884271189221181, 2131083.875562128145248 ], [ 3288.222495382011402, 2131088.792713323608041 ], [ 3297.197048033587635, 2131108.53403641982004 ], [ 3304.033488458720967, 2131127.223178029991686 ], [ 3294.157147150195669, 2131151.917995891068131 ], [ 3265.188756525865756, 2131172.69058505166322 ], [ 3253.05377996887546, 2131191.895380009897053 ], [ 3246.671201075951103, 2131228.708493147045374 ], [ 3245.168024692800827, 2131289.815398444887251 ], [ 3232.495291038125288, 2131405.630263329483569 ], [ 3229.485948331886902, 2131450.123763238545507 ], [ 3209.538044257322326, 2131802.628910758066922 ], [ 3186.071187109278981, 2132180.766912127379328 ], [ 3163.450077401823364, 2132551.110306893009692 ], [ 3133.792641031730454, 2133011.579589739907533 ], [ 3126.841173383989371, 2133066.173275636509061 ], [ 3137.681727580958977, 2133076.981223376002163 ], [ 3141.205626815033611, 2133090.208878048229963 ], [ 3136.298640985332895, 2133103.665969716850668 ], [ 3121.81634412315907, 2133114.052766293752939 ], [ 3119.258659889979754, 2133136.328303103800863 ], [ 3061.24788043636363, 2133639.761764367111027 ], [ 3044.245916407380719, 2133751.254506495781243 ], [ 3020.331748278229497, 2133996.171457698568702 ], [ 3012.414916728041135, 2134015.262146390043199 ], [ 3008.713339128124062, 2134034.238044787663966 ], [ 3105.285165810317267, 2134172.616135564167053 ], [ 3019.632860970916227, 2134241.56667177984491 ], [ 2907.374301837116946, 2134108.057455834466964 ], [ 2589.66718553530518, 2134368.754224667791277 ], [ 2278.382253332412802, 2134632.614556772634387 ], [ 2360.073744129156694, 2134689.232479356694967 ], [ 2429.210179865011014, 2134749.524008370470256 ], [ 2792.006751028005965, 2135214.842414825689048 ], [ 2925.220210498548113, 2135382.197850049007684 ], [ 2943.738442213623784, 2135403.899158346932381 ], [ 2980.049057353287935, 2135420.674333432223648 ], [ 3046.231256886734627, 2135488.819654461927712 ], [ 3108.319030871149153, 2135561.517866965848953 ], [ 3136.65287497418467, 2135595.165102349128574 ], [ 3183.193468567915261, 2135561.698329238686711 ], [ 3540.556931178434752, 2135247.744923417922109 ], [ 3853.136870828515384, 2134992.75469828536734 ], [ 4085.12528319976991, 2135264.017051672562957 ], [ 4314.036578013619874, 2135538.695191364735365 ], [ 4910.756896479113493, 2135029.523182345088571 ], [ 4975.937197235587519, 2134983.343220147769898 ], [ 5073.633023087459151, 2134891.870505353435874 ], [ 5255.26817065209616, 2134745.939264786429703 ], [ 5616.389804630656727, 2134997.060215585399419 ], [ 5342.931148855073843, 2135217.645304985810071 ], [ 5643.142175276472699, 2135400.470198456663638 ], [ 5890.60378489253344, 2135543.64829956414178 ], [ 6104.97643355751643, 2135672.181482671294361 ], [ 6354.084238352719694, 2135837.524472855962813 ], [ 6340.596928496321198, 2135845.661421127617359 ], [ 6059.337864633533172, 2135661.20495478855446 ], [ 5545.059078430989757, 2135360.939387844875455 ], [ 5280.310838511388283, 2135202.689845004118979 ], [ 4988.97335290996125, 2134997.422950067557395 ], [ 4213.548767643864267, 2135643.573143539950252 ], [ 3721.804817393072881, 2136056.655329947825521 ], [ 3615.601697727455758, 2136145.039374196436256 ], [ 2901.497940026863944, 2136755.180450326763093 ], [ 2874.768821920908522, 2136780.336290428414941 ], [ 2857.462090704240836, 2136803.014528556726873 ], [ 2837.327414652740117, 2136837.983314882032573 ], [ 2830.890229102631565, 2136872.578434589318931 ], [ 2832.682000380940735, 2136976.898364405147731 ], [ 2832.536502337374259, 2137010.211533336434513 ], [ 2824.022477195365354, 2137045.973654511850327 ], [ 2808.28443539905129, 2137087.484444410074502 ], [ 2779.84235260746209, 2137127.121329155284911 ], [ 2641.775019056454767, 2137245.251485574059188 ], [ 2499.525226509314962, 2137364.607668616808951 ], [ 2048.106653893482871, 2137745.566491281613708 ], [ 1779.184994760958944, 2137974.984939217101783 ], [ 1749.957479231467005, 2137985.777414704672992 ], [ 1700.833097604569048, 2138001.555614122189581 ], [ 1652.337341659702361, 2138001.772198602557182 ], [ 1596.102032961673103, 2137988.876784008461982 ], [ 1547.99174807331292, 2137964.655876346863806 ], [ 1524.873289661249146, 2137967.509250642731786 ], [ 1504.672692360822111, 2137961.40016567427665 ], [ 1498.91881322505651, 2137943.792396320495754 ], [ 1508.006458764779381, 2137929.109399440698326 ], [ 1526.6676406901679, 2137917.495380410458893 ], [ 1619.6954171701218, 2137695.10497375484556 ], [ 1645.957521888194606, 2137614.443001016043127 ], [ 1662.828395357355475, 2137537.369009787682444 ], [ 1664.653841471124906, 2137488.464762446004897 ], [ 1665.213260354124941, 2137431.822876263409853 ], [ 1662.824275799037423, 2137383.033919708803296 ], [ 1656.402866902819369, 2137341.017213672865182 ], [ 1633.986241357575636, 2137253.914691105484962 ], [ 1603.504541657224763, 2137180.356669432017952 ], [ 1564.623826647119131, 2137108.138724267017096 ], [ 1482.525608410127461, 2136959.380204375367612 ], [ 1130.863189116178546, 2137171.084803085308522 ], [ 1018.185532894276548, 2136945.441338825505227 ], [ 903.033730706083588, 2136706.541660247836262 ], [ 380.898305843991693, 2136969.565271572675556 ], [ 0.468252085323911, 2136093.941153747029603 ], [ -166.990336244809441, 2136178.480034032836556 ], [ -268.854838056140579, 2136232.351401200052351 ], [ -347.061875107174274, 2136264.477385902311653 ], [ -521.101805851154495, 2136378.070239317137748 ], [ -766.779170243593398, 2136532.495965585112572 ], [ -1003.901208321971353, 2136691.132323222234845 ], [ -1667.814040951430798, 2137128.006805212702602 ], [ -1886.597610664262902, 2137262.835689372383058 ], [ -1975.27436070604017, 2137297.479632100556046 ], [ -2021.147310859698337, 2137316.509651990607381 ], [ -2233.621507305710111, 2137412.306590986438096 ], [ -2421.522782362124417, 2137519.643122444394976 ], [ -2373.736275140021462, 2137608.2666648006998 ], [ -2295.866208583058324, 2137717.158005201257765 ], [ -2416.071475998149253, 2137793.7586441161111 ], [ -2548.982547036313917, 2137600.886051905807108 ], [ -2737.291155223967507, 2137731.556287430226803 ], [ -2842.364071446238086, 2137783.313868022058159 ], [ -2940.348598408163525, 2137862.636392138432711 ], [ -2845.016166652727406, 2138031.005186566151679 ], [ -2744.2638167940313, 2138204.776414796244353 ], [ -2797.356237889092881, 2138229.560450079385191 ], [ -2896.840983723115642, 2138063.527184444013983 ], [ -3001.564916492672637, 2137898.749115575104952 ], [ -2903.795245378219988, 2137811.659306251443923 ], [ -2811.642259181884583, 2137750.264368389267474 ], [ -2751.233835035352968, 2137723.057949366047978 ], [ -2689.146593066107016, 2137680.259953624103218 ], [ -2510.075376652355772, 2137558.728358068037778 ], [ -2334.971977425680961, 2137446.191623499616981 ], [ -2211.358088086068165, 2137378.38133260468021 ], [ -2030.188231794163585, 2137294.551135660614818 ], [ -1926.943297616613563, 2137252.843294539488852 ], [ -1832.463660348556004, 2137199.163405100349337 ], [ -1706.021830413781572, 2137119.065399246755987 ], [ -1576.387396068312228, 2137039.991045298520476 ], [ -1410.788486712554004, 2136926.617125284392387 ], [ -1104.080852297367528, 2136729.418241193983704 ], [ -826.200563758262433, 2136557.446243087295443 ], [ -556.74542175361421, 2136385.711159125436097 ], [ -399.230243260448333, 2136284.785410706419498 ], [ -336.92054243379971, 2136249.764427735935897 ], [ -276.53539346245816, 2136221.458651723805815 ], [ -221.479611788294278, 2136191.078655214048922 ], [ 36.405463291739579, 2136058.534765175543725 ], [ 306.249597549031023, 2135938.991802179254591 ], [ 502.405796298058704, 2135862.554860575590283 ], [ 582.935522019048221, 2135838.142061980441213 ], [ 691.885853166982997, 2135811.841013652738184 ], [ 934.539167202892713, 2135777.439242817927152 ], [ 831.381076544814277, 2135476.031263372860849 ], [ 781.969492921489291, 2135327.488555089570582 ], [ 727.349300068919547, 2135181.309059921186417 ], [ 516.44033884088276, 2134680.769209589343518 ], [ 685.777477933210321, 2134702.781801504548639 ], [ 807.116147877415642, 2134705.012845939025283 ], [ 961.811853744613472, 2134693.008190721273422 ], [ 1074.234242265287321, 2134677.719624352175742 ], [ 1119.213716558588203, 2134664.275941955856979 ], [ 1375.763467049051542, 2134636.166027742438018 ], [ 1340.541977524349932, 2134196.32947214320302 ], [ 1333.969140200177208, 2134148.765103676822037 ], [ 1250.392093993024901, 2133869.026314254384488 ], [ 1417.703123120067175, 2133816.710965659935027 ], [ 1430.864458971249405, 2133835.226928106043488 ], [ 1459.9311899250024, 2133895.500686157494783 ], [ 1475.055492067767773, 2133947.272717881482095 ], [ 1529.427623230963945, 2134084.577803892083466 ], [ 1534.498405747348443, 2134154.389588615857065 ], [ 1741.657340850564651, 2134016.604058889206499 ], [ 1745.539432108169422, 2134004.284561124630272 ], [ 1753.848876624775585, 2133999.616420538164675 ], [ 1763.363604545651469, 2134000.466971151996404 ], [ 1770.019755944027565, 2134012.498752010986209 ], [ 1764.393496519478504, 2134038.189681519754231 ], [ 1772.025350970565341, 2134124.586157707497478 ], [ 1828.045693742460571, 2134592.721255394630134 ] ] } },
{ "type": "Feature", "properties": { "route_name": "Cardona_", "route_name_short": "", "route_type": 3 }, "geometry": { "type": "LineString", "coordinates": [ [ 2910.445050004636869, 2134104.642904186155647 ], [ 3008.471616524911951, 2134025.362231842242181 ], [ 3075.593855482351501, 2134127.902425284031779 ], [ 3112.722180284152273, 2134174.634219397325069 ], [ 3158.673414145188872, 2134235.559676277451217 ], [ 3346.568468295852654, 2134087.21655084239319 ], [ 3544.853573143889662, 2133933.042030572425574 ], [ 3688.768059978203382, 2133834.753098827321082 ], [ 3699.094976968714036, 2133826.700250254478306 ], [ 3849.669221444113646, 2133818.165105339605361 ], [ 3857.82825677387882, 2133807.95072726206854 ], [ 3866.168259661062621, 2133804.393152403645217 ], [ 3883.059383109095506, 2133805.04427857324481 ], [ 3894.952874177717604, 2133815.823837941978127 ], [ 3965.25653766898904, 2133802.810095595661551 ], [ 4081.957968760165386, 2133789.646151825319976 ], [ 4392.198277229035739, 2133757.903115104883909 ], [ 4801.315282016934361, 2133716.820963096804917 ], [ 5073.768611264647916, 2133691.666593631263822 ], [ 5103.997937987791374, 2133678.633966735564172 ], [ 5166.112061436811928, 2133674.729335964657366 ], [ 5383.887861770810559, 2133655.503313965629786 ], [ 5581.851684614317492, 2133644.588452600874007 ], [ 5876.554113637597766, 2133623.284835481084883 ], [ 6056.572741184500046, 2133611.750788995996118 ], [ 6261.732097820786294, 2133593.987224043812603 ], [ 6382.678042786137667, 2133581.834016056731343 ], [ 6614.151883102895226, 2133562.252678941935301 ], [ 6862.156379911059048, 2133530.015112963039428 ], [ 6950.344862848927733, 2133515.420136603992432 ], [ 7144.881316961545963, 2133455.764857972040772 ], [ 7403.011128743703011, 2133368.86041905079037 ], [ 7630.792081776016857, 2133290.550335357431322 ], [ 7769.839462875621393, 2133245.722183298319578 ], [ 7799.076443735393696, 2133234.941850394010544 ], [ 7809.704104153322987, 2133237.985991769004613 ], [ 7821.109436771192122, 2133269.875031345058233 ], [ 7886.989800656563602, 2133249.225147128105164 ], [ 7907.706753214355558, 2133235.3440046380274 ], [ 7919.873782191134524, 2133217.252457540947944 ], [ 7918.34152605489362, 2133199.530177989508957 ], [ 7906.99617584963562, 2133169.859943623188883 ], [ 7893.004928145732265, 2133120.276995034422725 ], [ 7896.651948466314934, 2133099.084434421733022 ], [ 7900.627919133403338, 2133090.095473684370518 ], [ 7936.128196563164238, 2133076.926175396423787 ], [ 7947.33129610971082, 2133062.191332465503365 ], [ 7954.349108143302146, 2133048.679519385099411 ], [ 7983.952550291782245, 2132855.813230901956558 ], [ 8002.674865466775373, 2132728.743443598039448 ], [ 8013.123386616294738, 2132725.131261333357543 ], [ 8140.964178709662519, 2132733.899721771944314 ], [ 8194.678970270208083, 2132731.342716346960515 ], [ 8272.601634515973274, 2132727.02374777244404 ], [ 8328.423999701859429, 2132724.410387015901506 ], [ 8385.120944333844818, 2132715.112356793601066 ], [ 8450.457473574671894, 2132713.353451180737466 ], [ 8618.431804553838447, 2132724.375514826737344 ], [ 8886.994767146767117, 2132750.45674791559577 ], [ 9166.690450045454782, 2132798.446529077831656 ], [ 9185.688678722595796, 2132799.046051708515733 ], [ 9205.621423379459884, 2132795.17965955613181 ], [ 9212.84893003210891, 2132789.434375565499067 ], [ 9216.706309090892319, 2132776.008252453058958 ], [ 9215.235049790528137, 2132760.504946215078235 ], [ 9217.680825131188612, 2132733.794323857873678 ], [ 9226.061831302940845, 2132692.491541564464569 ], [ 9233.021047201589681, 2132676.761659506242722 ], [ 9247.535820228455123, 2132667.489946223795414 ], [ 9273.731927241082303, 2132661.234936695080251 ], [ 9314.740963643882424, 2132656.802328965160996 ], [ 9364.150641978369094, 2132651.033903686795384 ], [ 9479.741486593324225, 2132635.71635554311797 ], [ 9603.226524946279824, 2132600.204025225248188 ], [ 9642.913684030179866, 2132585.815926685463637 ], [ 9749.389296354318503, 2132545.210500652901828 ], [ 9916.241848993988242, 2132475.230609632562846 ], [ 9990.258608098083641, 2132443.269295829813927 ], [ 9949.731596960162278, 2132347.770025052595884 ], [ 10019.65273658989463, 2132320.359633106738329 ], [ 10055.118645011272747, 2132423.76608719304204 ], [ 9896.636281005106866, 2132491.299451197497547 ], [ 9631.560132443613838, 2132595.002374113537371 ], [ 9484.075910868879873, 2132640.040723545942456 ], [ 9341.175558578572236, 2132659.422628855332732 ], [ 9282.341260616609361, 2132667.664792323950678 ], [ 9255.061542305513285, 2132672.838709820061922 ], [ 9243.588929351826664, 2132677.587846102658659 ], [ 9234.343197817099281, 2132686.71795467287302 ], [ 9229.551230875018518, 2132704.609996038489044 ], [ 9222.711304003547411, 2132724.77749102236703 ], [ 9217.193563195760362, 2132754.90128781599924 ], [ 9222.909843899600673, 2132771.400701033417135 ], [ 9222.243678959144745, 2132785.851251898799092 ], [ 9217.302681570698041, 2132798.19629563158378 ], [ 9198.483380998950452, 2132804.253154596779495 ], [ 9173.192182210914325, 2132804.932983019854873 ], [ 9100.092210894508753, 2132792.465440366882831 ], [ 8937.995176712633111, 2132764.628041357267648 ], [ 8834.214883490523789, 2132748.545743349473923 ], [ 8614.335974628746044, 2132728.926584105473012 ], [ 8454.881779525603633, 2132721.005859196651727 ], [ 8392.617122416384518, 2132719.351406215690076 ], [ 8361.092275816132315, 2132723.530799427535385 ], [ 8325.411912849289365, 2132730.042574699502438 ], [ 8202.234965354262386, 2132737.800524455029517 ], [ 8148.550080333079677, 2132741.466926455963403 ], [ 8015.410370712168515, 2132731.730973268859088 ], [ 8007.069491627567913, 2132735.286367934197187 ], [ 8005.290661813283805, 2132747.546735683456063 ], [ 7990.00637616275344, 2132845.658103832043707 ], [ 7961.337033838499337, 2133034.058294318150729 ], [ 7959.737712287926115, 2133052.975186217576265 ], [ 7952.689999562629964, 2133065.377579506020993 ], [ 7943.564598484605085, 2133078.94619807600975 ], [ 7926.883207119710278, 2133086.057136015966535 ], [ 7905.986627297534142, 2133093.281707145273685 ], [ 7898.909065135230776, 2133104.574715164955705 ], [ 7899.387524926743936, 2133122.325402065645903 ], [ 7905.493819688970689, 2133153.247080174274743 ], [ 7924.75399622094119, 2133202.688004925381392 ], [ 7928.244312904949766, 2133214.806386771146208 ], [ 7919.148936052399222, 2133229.484457734972239 ], [ 7905.778601851256099, 2133242.057323619257659 ], [ 7866.242968508857302, 2133261.996901768259704 ], [ 7772.9641148513183, 2133283.38562003383413 ], [ 7718.226836881192867, 2133287.082072423305362 ], [ 7484.093066792411264, 2133364.452143095433712 ], [ 7439.139342531445436, 2133378.987848423887044 ], [ 7414.177712735719979, 2133391.873957784380764 ], [ 7281.39456720801536, 2133434.315735846757889 ], [ 7075.475845702982042, 2133502.04843432828784 ], [ 6998.034968111023773, 2133524.124152359552681 ], [ 6945.615349910687655, 2133535.532191109843552 ], [ 6796.337299562233966, 2133552.888030563481152 ], [ 6587.173231270106044, 2133578.525372774805874 ], [ 6403.270106070151087, 2133602.371843177359551 ], [ 6185.495627559372224, 2133621.585370271001011 ], [ 5951.793948562757578, 2133636.791674675885588 ], [ 5746.604470030288212, 2133653.449440401047468 ], [ 5488.785066268814262, 2133673.75596147403121 ], [ 5372.023983484366909, 2133684.691656858194619 ], [ 5283.534987954772078, 2133688.200200020335615 ], [ 5224.672609907458536, 2133695.347087108064443 ], [ 5093.218368322355673, 2133708.903471421916038 ], [ 4894.35089375131065, 2133725.399688334204257 ], [ 4623.975149291451089, 2133749.390231690835208 ], [ 4385.213290340325329, 2133772.526407009456307 ], [ 4237.951627555419691, 2133786.518445004243404 ], [ 4053.98750680097146, 2133808.170717817731202 ], [ 3898.506356282101478, 2133830.160958919208497 ], [ 3885.017957912699785, 2133838.299613908398896 ], [ 3877.82225756830303, 2133845.15693475259468 ], [ 3862.015137931855861, 2133845.586640421301126 ], [ 3855.511323911137879, 2133839.101728186011314 ], [ 3815.257362819975242, 2133871.284111828543246 ], [ 3605.257384661294054, 2134021.332467203959823 ], [ 3441.805818256456405, 2134137.918866457417607 ], [ 3308.76512827485567, 2134248.127952464856207 ], [ 3140.380604818754364, 2134377.065605165902525 ], [ 3074.226201176119503, 2134310.028668940998614 ], [ 3014.243007934186608, 2134237.272272606380284 ], [ 2910.445050004636869, 2134104.642904186155647 ] ] } },
{ "type": "Feature", "properties": { "route_name": "B_", "route_name_short": "", "route_type": 3 }, "geometry": { "type": "LineString", "coordinates": [ [ 3113.560746384493541, 2133043.218470816966146 ], [ 3156.998490142519586, 2132430.263677001930773 ], [ 3192.856109264364932, 2131809.744297923520207 ], [ 3022.840522507322021, 2131802.155114149209112 ], [ 3007.242734901374206, 2131810.351491740439087 ], [ 2926.695908390160184, 2131873.609176822938025 ], [ 2805.348225729423575, 2131949.080749675631523 ], [ 2796.584614654129837, 2131937.105969351250678 ], [ 2914.921503416902851, 2131867.267760202288628 ], [ 2996.461909625562839, 2131801.762399165891111 ], [ 3017.178488686506171, 2131787.875287941657007 ], [ 3193.517833386256825, 2131795.292490129824728 ], [ 3198.723217018472496, 2131715.209831366781145 ], [ 3206.968035504454747, 2131591.743130367714912 ], [ 3213.800860703049693, 2131532.711839270312339 ], [ 3213.980043343733996, 2131500.508482332341373 ], [ 3209.794399489299394, 2131501.732574136462063 ], [ 3199.554709597374313, 2131474.253655438777059 ], [ 3183.383415543357842, 2131461.369816461578012 ], [ 3185.851482915517408, 2131435.76597518241033 ], [ 3208.555901708663441, 2131417.384009561967105 ], [ 3223.188937162980437, 2131373.684788309969008 ], [ 3224.390350092551671, 2131301.483136273454875 ], [ 3233.36010191612877, 2131204.643904088065028 ], [ 3227.275975069438573, 2131174.831406925339252 ], [ 3208.483852482750081, 2131143.143764231353998 ], [ 3209.687037063180469, 2131109.80229555349797 ], [ 3222.906186794338282, 2131091.678298565559089 ], [ 3233.295158294436987, 2131085.844452822115272 ], [ 3248.984170760028064, 2131080.976849278900772 ], [ 3264.914425917144399, 2131084.985033713746816 ], [ 3281.838338349480182, 2131086.745642175432295 ], [ 3292.709773514361586, 2131098.663374818861485 ], [ 3299.455760477110744, 2131114.024102856405079 ], [ 3302.257228873029817, 2131139.484650411177427 ], [ 3290.182496794324834, 2131160.908349286299199 ], [ 3261.003031409985851, 2131173.914647241588682 ], [ 3251.187099411152303, 2131200.828451638575643 ], [ 3244.864848818921018, 2131239.860511128325015 ], [ 3229.636760853463784, 2131455.671124509070069 ], [ 3220.520360604394227, 2131624.683433534577489 ], [ 3185.226257518050261, 2132149.701660973485559 ], [ 3159.149066562706139, 2132625.617084292694926 ], [ 3141.520783606742043, 2132869.251418310683221 ], [ 3126.871366792009212, 2133067.282750198151916 ], [ 3137.711920494446531, 2133078.090697815641761 ], [ 3138.104429745522793, 2133092.51386556122452 ], [ 3132.143586797988974, 2133105.99963888572529 ], [ 3119.587846062495373, 2133109.672229463700205 ], [ 3102.514712494274136, 2133102.364808400161564 ], [ 3083.877378360426519, 2133115.085317688528448 ], [ 2829.159430969681125, 2133288.564947914797813 ], [ 2682.081196077750064, 2133386.946781185921282 ], [ 2547.529599668632727, 2133480.547600124496967 ], [ 2418.392986415012274, 2133269.777868044096977 ], [ 2305.697076417447533, 2133081.876674139872193 ], [ 2147.288298013852909, 2133112.842922264244407 ], [ 2161.392298361344729, 2133436.669231503736228 ], [ 2177.17499294236768, 2133473.989398695062846 ], [ 2279.423508216626942, 2133665.505445014219731 ], [ 2036.099693664174993, 2133830.917068291455507 ], [ 1778.389779378368985, 2134010.049605657812208 ], [ 1770.352951941953506, 2134024.703157471492887 ], [ 1757.767636928707361, 2134027.267395242583007 ], [ 1744.098206269089133, 2134028.750923139043152 ], [ 1532.875680735742208, 2134172.19907061336562 ], [ 1533.043688401812688, 2134101.133861881680787 ], [ 1477.254080095270183, 2133950.543628723826259 ], [ 1463.456387929560151, 2133908.728265010286123 ], [ 1418.75696447014343, 2133816.682177127804607 ], [ 1079.889824358397163, 2133920.320336592849344 ], [ 1113.362843814247753, 2134025.996816635131836 ], [ 1136.524542802770156, 2134063.114809965714812 ], [ 1194.523142737802118, 2134101.501206221058965 ], [ 1226.388131606974639, 2134148.374295728746802 ], [ 1230.853613768122159, 2134195.996296933386475 ], [ 1338.282739131012931, 2134190.839584717992693 ], [ 1357.022953321342357, 2134413.502824652474374 ], [ 1374.739996666787192, 2134637.304325940553099 ], [ 1532.596824619977269, 2134625.218300182837993 ], [ 1531.125845015223604, 2134648.575273433234543 ], [ 1523.271503647556528, 2134669.886018706485629 ], [ 1504.515488154429477, 2134678.170777092222124 ], [ 1485.304715987062082, 2134669.813129785005003 ], [ 1472.143806984066032, 2134651.297260994557291 ], [ 1382.601737774908543, 2134654.854659053962678 ], [ 833.703956137003843, 2134713.168004109989852 ], [ 782.067886167322285, 2134714.580943428445607 ], [ 743.016637715278193, 2134713.428946101106703 ], [ 593.975378877075855, 2134700.853300580754876 ], [ 572.331543544249143, 2134719.211215453222394 ], [ 563.272591058455873, 2134735.003949428442866 ], [ 562.61366920825094, 2134749.456381967756897 ], [ 614.156067523348611, 2134860.189424654003233 ], [ 683.175210551416967, 2135031.512564193923026 ], [ 755.385128324327525, 2135203.85866994317621 ], [ 858.453743105521426, 2135501.938261133618653 ], [ 911.238383333897218, 2135658.160948621574789 ], [ 957.062354204826988, 2135791.257105156313628 ], [ 657.781075126724318, 2135837.202441129367799 ], [ 515.384962104435544, 2135874.413032131735235 ], [ 416.192237354291137, 2135910.440988428425044 ], [ 196.074660886952188, 2135997.529054060578346 ], [ 76.264626167656388, 2136050.779620908666402 ], [ -10.818445921700913, 2136105.354200791567564 ], [ -206.057681669364683, 2136215.083225100766867 ], [ -262.288910448725801, 2136241.054034766275436 ], [ -324.933703832502943, 2136263.870026325341314 ], [ -410.930695106624626, 2136319.527616285253316 ], [ -694.774054891488049, 2136504.979518578387797 ], [ -934.126300455944147, 2136659.234538700897247 ], [ -995.471557482436765, 2136690.900596088729799 ], [ -1454.418240466504358, 2136988.888135118409991 ], [ -1499.986904417804908, 2137019.011872505303472 ], [ -1910.435020960343536, 2137277.927265446633101 ], [ -1980.420502323133405, 2137302.062938981223851 ], [ -2026.446300773182884, 2137315.545279782731086 ], [ -2205.416813415067736, 2137402.646018507890403 ], [ -2427.753043129923753, 2137523.146110588219017 ], [ -2270.561153967049904, 2137755.323754457756877 ], [ -2389.834941765409894, 2137827.457025637850165 ], [ -2549.852566969871987, 2137607.572393547277898 ], [ -2737.199288009782322, 2137734.884931494947523 ], [ -2868.840475124074146, 2137817.356638979166746 ], [ -2938.302544159872923, 2137860.359103885944933 ], [ -2745.317458187579177, 2138204.805501588620245 ], [ -2796.302597250265535, 2138229.531359945889562 ], [ -3000.511254005657975, 2137898.720017929095775 ], [ -2895.427182139479555, 2137809.207481293939054 ], [ -2796.265997069538571, 2137734.29442210495472 ], [ -2706.875284291629214, 2137687.411552310921252 ], [ -2504.776392376807053, 2137559.692580231931061 ], [ -2375.361796119657811, 2137472.844242053106427 ], [ -2230.949847972544376, 2137394.466783720534295 ], [ -2163.25569505506428, 2137363.730834007728845 ], [ -2054.056096906715538, 2137308.533395912963897 ], [ -1915.108234251325484, 2137261.400304193608463 ], [ -1503.697633643285371, 2136999.127282101660967 ], [ -1427.999157928396016, 2136952.629241151735187 ], [ -973.296469684282783, 2136653.649006496183574 ], [ -666.306303468823899, 2136466.445303533226252 ], [ -518.994369369349442, 2136378.012371261138469 ], [ -377.132538566831499, 2136283.068463466595858 ], [ -349.199774397187866, 2136263.425712780095637 ], [ -253.292569964425638, 2136223.041507378686219 ], [ -116.088336148415692, 2136150.435099329799414 ], [ 14.764004111057147, 2136076.893850043416023 ], [ 178.293642571079545, 2136464.361871795728803 ], [ 341.240305563784204, 2136830.749237971846014 ], [ 544.092790711380076, 2136729.699172141961753 ], [ 699.390768814191688, 2137009.690581602510065 ], [ 780.442465875530615, 2137158.475843513384461 ], [ 857.6938316685264, 2137284.04819241957739 ], [ 989.440659755608067, 2137204.936512280721217 ], [ 1006.937178016174585, 2137227.774359384551644 ], [ 1022.589987758547068, 2137221.794004871044308 ], [ 1489.233462109288666, 2136934.769499148707837 ], [ 1550.553549349482637, 2137056.338286035694182 ], [ 1614.912536354560871, 2137173.382665391080081 ], [ 1650.753429917618632, 2137250.125084418337792 ], [ 1662.898221519542858, 2137308.640120265539736 ], [ 1675.255420016299468, 2137374.921613429673016 ], [ 1678.008547713572625, 2137437.024501525331289 ], [ 1678.745514777081553, 2137502.513516192790121 ], [ 1671.894740724528674, 2137560.437824803870171 ], [ 1652.73452691239072, 2137630.912483000662178 ], [ 1624.183076568180695, 2137704.975126202218235 ], [ 1540.637750956346281, 2137927.105996020603925 ], [ 1550.666718025517184, 2137946.817425677087158 ], [ 1605.037905700912233, 2137968.646367176901549 ], [ 1634.811892786237877, 2137977.824569213669747 ], [ 1662.326856280094944, 2137981.512993140611798 ], [ 1705.493966997019015, 2137979.221586205530912 ], [ 1747.334294012165628, 2137966.973658068105578 ], [ 1791.971252527611796, 2137941.325451360549778 ], [ 1836.24416501581436, 2137902.363463740330189 ], [ 2185.651167234638706, 2137608.568781889975071 ], [ 2394.715481741994154, 2137426.316710168030113 ], [ 2635.961717305530328, 2137225.42459896299988 ], [ 2719.488689014920965, 2137156.526134653948247 ], [ 2762.711740244471002, 2137117.596043278928846 ], [ 2794.223892468551639, 2137074.544430088251829 ], [ 2808.999107997573446, 2137036.39081661356613 ], [ 2815.405837496684399, 2137000.686180784367025 ], [ 2812.747772533737589, 2136941.912441029213369 ], [ 2810.755709996330552, 2136907.547280968632549 ], [ 2813.971348388935439, 2136870.819421654567122 ], [ 2821.492423044575844, 2136837.305023344233632 ], [ 2835.274905586615205, 2136801.399202216416597 ], [ 2864.801707415317651, 2136762.843293342273682 ], [ 2893.638154016574845, 2136737.62995977466926 ], [ 3072.980421357147861, 2136586.178926520515233 ], [ 3279.116165647457819, 2136411.794236254878342 ], [ 3472.732501499005593, 2136242.195073046721518 ], [ 3958.295149014797062, 2135834.823087700642645 ], [ 4296.42520467506256, 2135550.276757185347378 ], [ 4379.002662615210284, 2135484.74611294362694 ], [ 4460.315936969243921, 2135411.478388657793403 ], [ 4624.14880355464993, 2135270.463144148234278 ], [ 4923.190810458501801, 2135021.413780527189374 ], [ 4980.091888968250714, 2134981.009922269266099 ], [ 5090.041208077629562, 2134874.771273209713399 ], [ 5258.42938461934682, 2134745.853529634419829 ], [ 5617.353309872676618, 2134993.703316142316908 ], [ 5341.967713414691389, 2135221.002233422826976 ], [ 5837.047676171932835, 2135512.902098631020635 ], [ 6117.770769407972693, 2135677.38619656348601 ], [ 6198.118259183131158, 2135724.061182656791061 ], [ 6279.93954863678664, 2135786.240044448524714 ], [ 6355.22801624587737, 2135840.824258137959987 ], [ 6348.09270945598837, 2135849.899466770235449 ], [ 6211.633633148856461, 2135755.892500396352261 ], [ 6087.244300595193636, 2135679.323338434565812 ], [ 5810.795721329865046, 2135516.944317090790719 ], [ 5279.136747608368751, 2135198.280626427847892 ], [ 5135.169835698034149, 2135100.041700416244566 ], [ 4984.788555072795134, 2134998.646792806684971 ], [ 4310.334468194690999, 2135557.670620796270669 ], [ 3850.428329139307607, 2135009.482695589307696 ], [ 3629.758563548675738, 2135193.133218314498663 ], [ 3412.224027569929603, 2135375.591869940981269 ], [ 3265.075553861795925, 2135199.731174815446138 ], [ 3206.451140174351167, 2135138.040963704232126 ], [ 3105.404462931794114, 2135067.513808312360197 ], [ 3020.038050013477914, 2134953.258049141149968 ], [ 2935.003227684472222, 2134851.206719854846597 ], [ 2882.621978348179255, 2134902.597762387245893 ], [ 2857.336323799274396, 2134942.147493550553918 ], [ 2676.130616766400635, 2134793.864893423393369 ], [ 2515.54876999364933, 2134667.227115891408175 ], [ 2402.263973537250422, 2134534.858921724837273 ], [ 2325.11473760282388, 2134451.469328652601689 ], [ 2407.481633475690614, 2134378.163004470057786 ], [ 2484.549928586580791, 2134303.891385587863624 ], [ 2557.075743144901935, 2134256.391447440721095 ], [ 2582.725144983967766, 2134230.155176155734807 ], [ 2675.692549113067798, 2134158.782236746512353 ], [ 2956.857568292878568, 2133950.157236263621598 ], [ 3105.315377439721487, 2134173.725611124187708 ], [ 3018.579064932710025, 2134241.595373175106943 ], [ 2907.404524528479669, 2134109.16693371348083 ], [ 3001.004308342991862, 2134022.234697742387652 ], [ 3017.824030334595591, 2133904.084913210943341 ], [ 3041.950083880568855, 2133666.9343311493285 ], [ 3060.878697485954035, 2133548.727375763002783 ], [ 3084.88939705665689, 2133345.999577450565994 ], [ 3114.439324217208195, 2133114.25353395100683 ], [ 3104.682824850489851, 2133104.526394535321742 ], [ 3102.091977903910447, 2133086.832160177640617 ], [ 3112.117289433313999, 2133067.684275961946696 ], [ 3113.651328025676776, 2133046.546894931700081 ] ] } }
]
}
