{
"type": "FeatureCollection",
"name": "tampico",
"crs": { "type": "name", "properties": { "name": "urn:ogc:def:crs:EPSG::32614" } },
"features": [
{ "type": "Feature", "properties": { "route_name": "1_Mirador - Aviación por Boulevard", "route_name_short": "Mirador - Aviación por Boulevard", "route_type": 3 }, "geometry": { "type": "LineString", "coordinates": [ [ 618098.532136608147994, 2457141.016401755623519 ], [ 617928.009421673370525, 2456788.773729789070785 ], [ 618031.257910618558526, 2456767.411396764218807 ], [ 618192.677449580281973, 2457096.337052741087973 ], [ 618283.067960229003802, 2457275.266471232753247 ], [ 618187.959659811807796, 2457311.081056436523795 ], [ 618233.724387446301989, 2457393.35380364023149 ], [ 618392.987052405485883, 2457733.337131776381284 ], [ 618626.518122676876374, 2458201.204983795061707 ], [ 618834.579170181881636, 2458627.920058492571115 ], [ 618868.653015587246045, 2458755.497928507160395 ], [ 618849.32500717358198, 2458857.205426519270986 ], [ 618728.36812044121325, 2459040.065940161701292 ], [ 618671.81126519665122, 2459158.097120005171746 ], [ 618613.753245754516684, 2459338.115566350985318 ], [ 618535.092196986777708, 2459516.870515833143145 ], [ 618236.341467078891583, 2459633.064683123957366 ], [ 618164.58264012762811, 2459717.768795262090862 ], [ 618107.562867570668459, 2459897.79668292729184 ], [ 617958.268747909693047, 2460150.196147452574223 ], [ 617960.012891665333882, 2460464.629982538055629 ], [ 617982.358988171210513, 2460644.151724198833108 ], [ 618023.882779266336001, 2460740.785041888710111 ], [ 617998.294879255467094, 2460989.692421295680106 ], [ 618042.867194307618774, 2461091.88453792501241 ], [ 618128.616397237638012, 2461336.099755961913615 ], [ 618222.589879469713196, 2461582.592272251844406 ], [ 618317.288078608224168, 2461868.947339639998972 ], [ 618516.792293883860111, 2462466.093555814120919 ], [ 618739.438996085780673, 2463134.275722775608301 ], [ 618407.187689193408005, 2463463.882363980636001 ], [ 618092.24434422259219, 2463551.167521661613137 ], [ 617974.814981876639649, 2463682.024597720708698 ], [ 617838.171030353638344, 2463901.306557136122137 ], [ 617551.621449397178367, 2464050.815596658736467 ], [ 617144.044244361575693, 2464400.913717764895409 ], [ 616908.725486357696354, 2464727.958124782890081 ], [ 616706.500214295578189, 2464902.471823360305279 ], [ 616570.697097010212019, 2465013.27266911836341 ], [ 616339.545120122726075, 2465337.034663530532271 ], [ 616267.544018268235959, 2465320.996858375146985 ], [ 616212.866747438558377, 2465330.552413248922676 ], [ 616070.526123438263312, 2465490.021501172333956 ], [ 615671.964800544199534, 2466161.285234207287431 ], [ 615245.204434447688982, 2466888.811642562970519 ], [ 615199.041819578502327, 2467001.39508465025574 ], [ 615191.335391752305441, 2467207.261044226121157 ], [ 615498.891308527556248, 2468240.267128075007349 ], [ 615467.998128912993707, 2468238.930420272983611 ], [ 615175.982095072395168, 2467193.861931009683758 ], [ 615179.469385509961285, 2467001.250077165663242 ], [ 614486.576883689966053, 2466944.098288759123534 ], [ 614571.463991406955756, 2467447.351998024154454 ], [ 614613.929624532349408, 2467695.65806729067117 ], [ 614325.572350748698227, 2467684.677492124028504 ], [ 614428.116709398222156, 2468168.13268797006458 ], [ 614445.236176993814297, 2468221.400128588080406 ], [ 614437.870956537080929, 2468242.381011521443725 ], [ 614456.207885389216244, 2468270.193864762317389 ], [ 614434.669445564271882, 2468397.35311068687588 ], [ 614434.669445564271882, 2468397.35311068687588 ], [ 614456.207885389216244, 2468270.193864762317389 ], [ 614437.870956537080929, 2468242.381011521443725 ], [ 614445.236176993814297, 2468221.400128588080406 ], [ 614428.116709398222156, 2468168.13268797006458 ], [ 614325.572350748698227, 2467684.677492124028504 ], [ 614613.929624532349408, 2467695.65806729067117 ], [ 614571.463991406955756, 2467447.351998024154454 ], [ 614466.792509495513514, 2466972.737491185311228 ], [ 614206.6636510216631, 2467043.893771099392325 ], [ 614394.223585878033191, 2466894.705687235109508 ], [ 614422.782161706942134, 2466933.664682724047452 ], [ 614459.964652145048603, 2466920.653038661461323 ], [ 614467.993795224232599, 2466949.497017242480069 ], [ 615196.940551094012335, 2467006.915081209968776 ], [ 615200.770490451715887, 2467185.188689934555441 ], [ 615327.255146532668732, 2467632.293450783938169 ], [ 615497.828347826842219, 2468244.68769042706117 ], [ 615477.22741621255409, 2468244.534582565072924 ], [ 615307.716350278351456, 2467627.720033175311983 ], [ 615166.711057373206131, 2467193.79324885411188 ], [ 615177.433732454897836, 2466997.913657824043185 ], [ 615228.771488737431355, 2466882.047172060701996 ], [ 615386.227937278454192, 2466626.364534895867109 ], [ 615671.964800544199534, 2466161.285234207287431 ], [ 616062.309052263270132, 2465486.638857796322554 ], [ 616088.058833319926634, 2465349.548783219885081 ], [ 616146.281166475499049, 2465279.127963820006698 ], [ 616270.456558391219005, 2465206.985790356993675 ], [ 616371.909563003107905, 2465142.424411924555898 ], [ 616558.408558211056516, 2465003.21658107964322 ], [ 616706.500214295578189, 2464902.471823360305279 ], [ 616908.725486357696354, 2464727.958124782890081 ], [ 617144.044244361575693, 2464400.913717764895409 ], [ 617551.621449397178367, 2464050.815596658736467 ], [ 617740.656979895895347, 2463851.855603084899485 ], [ 617963.715895682340488, 2463650.941171428188682 ], [ 618092.24434422259219, 2463551.167521661613137 ], [ 618407.187689193408005, 2463463.882363980636001 ], [ 618739.438996085780673, 2463134.275722775608301 ], [ 618516.792293883860111, 2462466.093555814120919 ], [ 618265.767098154872656, 2461732.380747351795435 ], [ 618128.616397237638012, 2461336.099755961913615 ], [ 618042.867194307618774, 2461091.88453792501241 ], [ 617998.294879255467094, 2460989.692421295680106 ], [ 618023.882779266336001, 2460740.785041888710111 ], [ 617982.358988171210513, 2460644.151724198833108 ], [ 617960.012891665333882, 2460464.629982538055629 ], [ 617958.268747909693047, 2460150.196147452574223 ], [ 618107.562867570668459, 2459897.79668292729184 ], [ 618164.58264012762811, 2459717.768795262090862 ], [ 618236.341467078891583, 2459633.064683123957366 ], [ 618535.092196986777708, 2459516.870515833143145 ], [ 618671.81126519665122, 2459158.097120005171746 ], [ 618728.36812044121325, 2459040.065940161701292 ], [ 618849.32500717358198, 2458857.205426519270986 ], [ 618868.653015587246045, 2458755.497928507160395 ], [ 618834.579170181881636, 2458627.920058492571115 ], [ 618626.518122676876374, 2458201.204983795061707 ], [ 618392.987052405485883, 2457733.337131776381284 ], [ 618233.724387446301989, 2457393.35380364023149 ], [ 618187.959659811807796, 2457311.081056436523795 ], [ 618283.067960229003802, 2457275.266471232753247 ], [ 618192.677449580281973, 2457096.337052741087973 ], [ 618031.257910618558526, 2456767.411396764218807 ], [ 617928.009421673370525, 2456788.773729789070785 ] ] } },
{ "type": "Feature", "properties": { "route_name": "4_Colosio - Águila Madero - Golfo", "route_name_short": "Colosio - Águila Madero - Golfo", "route_type": 3 }, "geometry": { "type": "LineString", "coordinates": [ [ 613305.943254836136475, 2469210.555712467525154 ], [ 613305.523308766190894, 2469268.122318830341101 ], [ 613874.928759584552608, 2469154.932820768561214 ], [ 613792.651783210341819, 2468856.517114404123276 ], [ 613730.55845259281341, 2468614.712435556575656 ], [ 613681.943862968939357, 2468501.43146749958396 ], [ 613682.194961779285222, 2468467.112911880947649 ], [ 613715.10719944932498, 2468473.996411645319313 ], [ 613770.638884046347812, 2468345.978213945403695 ], [ 613818.961323111434467, 2468358.510311217978597 ], [ 614040.857471998897381, 2468300.353337968699634 ], [ 614458.610454425681382, 2468223.712859061546624 ], [ 614673.751639223308302, 2468383.616173173766583 ], [ 614777.43354204040952, 2468431.987584410700947 ], [ 614769.724798231967725, 2468359.968277554959059 ], [ 614598.462093916605227, 2467697.758240045513958 ], [ 614239.037477785605006, 2467685.148338285274804 ], [ 614307.238662786316127, 2467796.36083881277591 ], [ 614341.442821475910023, 2467767.827551693189889 ], [ 614328.670734758721665, 2467683.593171736691147 ], [ 614462.589357775868848, 2467683.47169898590073 ], [ 614598.462093916605227, 2467697.758240045513958 ], [ 614960.036783934570849, 2467698.214136869646609 ], [ 615141.290118041099049, 2467705.091372798196971 ], [ 615128.540526652592234, 2467896.527626546099782 ], [ 615396.152948237839155, 2467926.19023304246366 ], [ 615269.196986309136264, 2467543.293654507957399 ], [ 615176.121522630332038, 2467175.042038581334054 ], [ 615181.513239006046206, 2467003.47944453265518 ], [ 615241.412095199804753, 2466844.499010364990681 ], [ 615389.540194764151238, 2466596.497053137049079 ], [ 615638.834259303170256, 2466183.181151443626732 ], [ 615787.971799585968256, 2465939.618480154778808 ], [ 615947.548039961722679, 2465678.421033608727157 ], [ 616058.122063040966168, 2465495.464539133477956 ], [ 616083.946132102399133, 2465348.410984503105283 ], [ 616100.382716571097262, 2465216.787024528719485 ], [ 616085.614469327963889, 2465124.786372031550854 ], [ 616036.304170143557712, 2464967.208439396228641 ], [ 615990.981874132645316, 2464827.374277515336871 ], [ 616010.574818574008532, 2464686.916930831968784 ], [ 616096.304985713562928, 2464520.38206161512062 ], [ 616089.748558380291797, 2464156.092969497665763 ], [ 616052.436683739069849, 2463908.928682825993747 ], [ 615931.260826467187144, 2463438.610593569464982 ], [ 616035.692075083265081, 2463113.897605771198869 ], [ 616011.853763241320848, 2462717.374299381859601 ], [ 615782.373689786763862, 2461981.653443448711187 ], [ 615752.465901073650457, 2461568.479755758773535 ], [ 615963.702723841415718, 2460879.214205600786954 ], [ 616113.608562373439781, 2460539.34050018992275 ], [ 616587.798101799795404, 2460800.835486449301243 ], [ 616818.815870442078449, 2460916.597183832433075 ], [ 617344.111660849652253, 2461094.358922327402979 ], [ 618499.680282782530412, 2461464.020643267314881 ], [ 619961.220855380874127, 2460634.894137450493872 ], [ 619823.92377191525884, 2460395.807149770203978 ], [ 619984.319437739206478, 2460311.792002951726317 ], [ 619868.51751478004735, 2460091.691296322271228 ], [ 619710.079561465186998, 2460189.008184444159269 ], [ 619564.529539714218117, 2459949.860677724704146 ], [ 619480.694130238611251, 2459995.717289615422487 ], [ 619406.493970977491699, 2459860.080419051460922 ], [ 619378.111274294555187, 2459797.864462380297482 ], [ 619556.158112283912487, 2459697.37306275870651 ], [ 619464.605803882936016, 2459539.460633577778935 ], [ 619343.554887498030439, 2459195.327213821932673 ], [ 619519.224546726676635, 2459136.887457865756005 ], [ 619650.517563204048201, 2459085.859094026498497 ], [ 619555.475832702592015, 2459113.915678723715246 ], [ 619429.71565724699758, 2458846.136933200992644 ], [ 619528.130591065506451, 2458781.570426998194307 ], [ 619512.848361679119989, 2458758.203884883318096 ], [ 619391.190109872142784, 2458492.671397633850574 ], [ 619223.753860743367113, 2458147.07801205618307 ], [ 619056.36047980026342, 2457794.844584978651255 ], [ 619323.207482376950793, 2457677.313172951340675 ], [ 619153.740594433853403, 2457326.170311313588172 ], [ 619027.521354703698307, 2457386.099051231518388 ], [ 619162.907834832789376, 2457745.837226640433073 ], [ 619162.907834832789376, 2457745.837226640433073 ], [ 619027.521354703698307, 2457386.099051231518388 ], [ 619153.740594433853403, 2457326.170311313588172 ], [ 619323.207482376950793, 2457677.313172951340675 ], [ 619056.36047980026342, 2457794.844584978651255 ], [ 619223.753860743367113, 2458147.07801205618307 ], [ 619391.190109872142784, 2458492.671397633850574 ], [ 619512.848361679119989, 2458758.203884883318096 ], [ 619528.130591065506451, 2458781.570426998194307 ], [ 619429.71565724699758, 2458846.136933200992644 ], [ 619555.475832702592015, 2459113.915678723715246 ], [ 619559.581518971826881, 2459116.161377359647304 ], [ 619519.224546726676635, 2459136.887457865756005 ], [ 619436.57673455006443, 2459161.718325957655907 ], [ 619566.723494875361212, 2459529.171781841199845 ], [ 619395.990807852009311, 2459616.433694162871689 ], [ 619579.04292394593358, 2459938.90073498012498 ], [ 619564.529539714218117, 2459949.860677724704146 ], [ 619710.079561465186998, 2460189.008184444159269 ], [ 619868.51751478004735, 2460091.691296322271228 ], [ 619984.319437739206478, 2460311.792002951726317 ], [ 620057.814856844255701, 2460270.286977271549404 ], [ 620109.777996124699712, 2460348.185719355940819 ], [ 618323.926272160839289, 2461401.793953262269497 ], [ 617344.111660849652253, 2461094.358922327402979 ], [ 616818.815870442078449, 2460916.597183832433075 ], [ 616587.798101799795404, 2460800.835486449301243 ], [ 616113.608562373439781, 2460539.34050018992275 ], [ 615963.702723841415718, 2460879.214205600786954 ], [ 615752.465901073650457, 2461568.479755758773535 ], [ 615782.373689786763862, 2461981.653443448711187 ], [ 616011.853763241320848, 2462717.374299381859601 ], [ 616035.692075083265081, 2463113.897605771198869 ], [ 615931.260826467187144, 2463438.610593569464982 ], [ 616052.436683739069849, 2463908.928682825993747 ], [ 616089.748558380291797, 2464156.092969497665763 ], [ 616096.304985713562928, 2464520.38206161512062 ], [ 616010.574818574008532, 2464686.916930831968784 ], [ 615990.981874132645316, 2464827.374277515336871 ], [ 616036.304170143557712, 2464967.208439396228641 ], [ 616085.614469327963889, 2465124.786372031550854 ], [ 616100.382716571097262, 2465216.787024528719485 ], [ 616083.946132102399133, 2465348.410984503105283 ], [ 616058.122063040966168, 2465495.464539133477956 ], [ 615947.548039961722679, 2465678.421033608727157 ], [ 615787.971799585968256, 2465939.618480154778808 ], [ 615638.834259303170256, 2466183.181151443626732 ], [ 615389.540194764151238, 2466596.497053137049079 ], [ 615241.412095199804753, 2466844.499010364990681 ], [ 615181.513239006046206, 2467003.47944453265518 ], [ 615176.121522630332038, 2467175.042038581334054 ], [ 615255.785317895002663, 2467407.019191611092538 ], [ 615567.708633925416507, 2467435.905802172608674 ], [ 615556.799934052512981, 2467656.140612186398357 ], [ 615134.661779139190912, 2467626.437197839375585 ], [ 615141.290118041099049, 2467705.091372798196971 ], [ 614960.036783934570849, 2467698.214136869646609 ], [ 614598.462093916605227, 2467697.758240045513958 ], [ 614462.589357775868848, 2467683.47169898590073 ], [ 614328.670734758721665, 2467683.593171736691147 ], [ 614341.442821475910023, 2467767.827551693189889 ], [ 614307.238662786316127, 2467796.36083881277591 ], [ 614239.037477785605006, 2467685.148338285274804 ], [ 614598.462093916605227, 2467697.758240045513958 ], [ 614769.724798231967725, 2468359.968277554959059 ], [ 614777.43354204040952, 2468431.987584410700947 ], [ 614673.751639223308302, 2468383.616173173766583 ], [ 614458.610454425681382, 2468223.712859061546624 ], [ 614040.857471998897381, 2468300.353337968699634 ], [ 613818.961323111434467, 2468358.510311217978597 ], [ 613770.638884046347812, 2468345.978213945403695 ], [ 613715.10719944932498, 2468473.996411645319313 ], [ 613682.194961779285222, 2468467.112911880947649 ], [ 613681.943862968939357, 2468501.43146749958396 ], [ 613730.55845259281341, 2468614.712435556575656 ], [ 613792.651783210341819, 2468856.517114404123276 ], [ 613874.928759584552608, 2469154.932820768561214 ], [ 613305.523308766190894, 2469268.122318830341101 ] ] } },
{ "type": "Feature", "properties": { "route_name": "3_Madero - Revolución Verde - Central de Abastos", "route_name_short": "Madero - Revolución Verde - Central de Abastos", "route_type": 3 }, "geometry": { "type": "LineString", "coordinates": [ [ 614921.604720487608574, 2470525.501004918944091 ], [ 615001.924694299697876, 2470666.6996891326271 ], [ 614973.038729035761207, 2470673.128404778894037 ], [ 614829.753840384306386, 2470689.78161145048216 ], [ 614803.091527753742412, 2470674.084761955309659 ], [ 614650.505980402464047, 2470416.106163249816746 ], [ 614666.167087411042303, 2470387.436833429615945 ], [ 614822.810487688053399, 2470375.309251764789224 ], [ 614909.254191867541522, 2470524.302459437865764 ], [ 615031.146316623082384, 2470336.995378407184035 ], [ 615177.77409629849717, 2470425.54480013018474 ], [ 615365.505568711203523, 2470526.579420376569033 ], [ 615646.015397579176351, 2470616.129078278783709 ], [ 615842.509577990625985, 2470646.379364003892988 ], [ 615953.112858894164674, 2470592.956283380743116 ], [ 616021.664953509462066, 2470515.970068662893027 ], [ 616027.021710381610319, 2470212.659116888884455 ], [ 615958.131867281743325, 2469920.971930076368153 ], [ 615988.947275321930647, 2469932.273286374751478 ], [ 616115.817652774043381, 2469494.802042338531464 ], [ 616156.822572552016936, 2469383.289586834609509 ], [ 616375.439449518918991, 2469074.932480742689222 ], [ 616544.880556740914471, 2468320.03974884795025 ], [ 616530.533380963839591, 2468035.402432494796813 ], [ 616509.064985900186002, 2467601.250827975571156 ], [ 616996.290569439064711, 2467606.017656951677054 ], [ 617031.86728523822967, 2467395.932584409601986 ], [ 617019.906009670579806, 2467342.70076262159273 ], [ 617052.343050631927326, 2467139.23484066221863 ], [ 617171.083134734886698, 2466830.135582195129246 ], [ 617673.349873125436716, 2467028.782095535192639 ], [ 617943.451333153177984, 2466324.484320970252156 ], [ 618207.125019714236259, 2465655.56958976527676 ], [ 618435.419917370192707, 2465035.102735930122435 ], [ 618687.572310394025408, 2464395.999505260493606 ], [ 618968.426337137585506, 2463644.192445585969836 ], [ 619179.51096976606641, 2463125.458609866909683 ], [ 619152.822289347648621, 2463111.968934555072337 ], [ 619384.133803441654891, 2462510.357953434344381 ], [ 619343.119817730970681, 2462483.47276548948139 ], [ 619221.376052172388881, 2462098.369242575950921 ], [ 619200.210538106621243, 2462036.208492916543037 ], [ 619140.191578975296579, 2461933.894308483693749 ], [ 619692.978851888328791, 2461342.498130040243268 ], [ 619619.257445955183357, 2461279.933351495303214 ], [ 619811.452274960232899, 2461079.913023038301617 ], [ 619728.693227581097744, 2460986.278902510646731 ], [ 619678.876647813012823, 2460897.326616966165602 ], [ 619761.668962282128632, 2460852.570361448451877 ], [ 619804.322485290002078, 2460934.825141470413655 ], [ 619872.781554083572701, 2461011.742858238983899 ], [ 619934.094330970547162, 2460945.787030494771898 ], [ 619966.27117435913533, 2460916.14226792473346 ], [ 619984.78690779581666, 2460920.713248850777745 ], [ 620001.343796257162467, 2460911.983693377114832 ], [ 620012.782060737838037, 2460898.786257614847273 ], [ 620023.027866818476468, 2460906.614995748270303 ], [ 619990.424860972911119, 2460991.612540715839714 ], [ 619964.19281292159576, 2461052.302451425697654 ], [ 619950.710661836201325, 2461063.269943360704929 ], [ 619692.978851888328791, 2461342.498130040243268 ], [ 619877.960244148387574, 2461142.423213322181255 ], [ 619950.710661836201325, 2461063.269943360704929 ], [ 619963.162276762188412, 2461052.294521255418658 ], [ 619990.424860972911119, 2460991.612540715839714 ], [ 620021.988798244739883, 2460907.714120030403137 ], [ 620010.729489595163614, 2460897.663334002718329 ], [ 619998.235117739415728, 2460914.174012667499483 ], [ 619983.756362873944454, 2460920.705317721702158 ], [ 619974.489977976307273, 2460919.52688284451142 ], [ 619966.27117435913533, 2460916.14226792473346 ], [ 619934.094330970547162, 2460945.787030494771898 ], [ 619872.781554083572701, 2461011.742858238983899 ], [ 619940.320133762434125, 2461074.261231984011829 ], [ 619874.877167398808524, 2461141.292381518054754 ], [ 619512.166620041476563, 2461537.071387734729797 ], [ 619323.047140782349743, 2461740.43991178739816 ], [ 619140.191578975296579, 2461933.894308483693749 ], [ 619200.210538106621243, 2462036.208492916543037 ], [ 619221.376052172388881, 2462098.369242575950921 ], [ 619354.420728836790659, 2462487.987829940393567 ], [ 619395.858892324264161, 2462459.520144780166447 ], [ 619170.889623631490394, 2463040.144170154351741 ], [ 618940.530466306139715, 2463653.9434446496889 ], [ 618615.983119866577908, 2464460.774050293955952 ], [ 618381.64386116201058, 2465061.264490831643343 ], [ 618161.025500370305963, 2465620.898588675074279 ], [ 618207.125019714236259, 2465655.56958976527676 ], [ 617947.639223515056074, 2466315.659100962802768 ], [ 617673.349873125436716, 2467028.782095535192639 ], [ 617171.083134734886698, 2466830.135582195129246 ], [ 617052.343050631927326, 2467139.23484066221863 ], [ 617019.906009670579806, 2467342.70076262159273 ], [ 617031.86728523822967, 2467395.932584409601986 ], [ 616996.290569439064711, 2467606.017656951677054 ], [ 616509.064985900186002, 2467601.250827975571156 ], [ 616530.533380963839591, 2468035.402432494796813 ], [ 616544.880556740914471, 2468320.03974884795025 ], [ 616462.845291133504361, 2468682.559921005740762 ], [ 616375.439449518918991, 2469074.932480742689222 ], [ 616156.822572552016936, 2469383.289586834609509 ], [ 616115.817652774043381, 2469494.802042338531464 ], [ 615988.947275321930647, 2469932.273286374751478 ], [ 615958.131867281743325, 2469920.971930076368153 ], [ 616027.021710381610319, 2470212.659116888884455 ], [ 616021.664953509462066, 2470515.970068662893027 ], [ 615953.112858894164674, 2470592.956283380743116 ], [ 615842.509577990625985, 2470646.379364003892988 ], [ 615646.015397579176351, 2470616.129078278783709 ], [ 615365.505568711203523, 2470526.579420376569033 ], [ 615177.77409629849717, 2470425.54480013018474 ], [ 615031.146316623082384, 2470336.995378407184035 ], [ 614909.254191867541522, 2470524.302459437865764 ], [ 614822.810487688053399, 2470375.309251764789224 ], [ 614666.167087411042303, 2470387.436833429615945 ], [ 614650.505980402464047, 2470416.106163249816746 ], [ 614803.091527753742412, 2470674.084761955309659 ], [ 614829.753840384306386, 2470689.78161145048216 ], [ 614973.038729035761207, 2470673.128404778894037 ], [ 615001.924694299697876, 2470666.6996891326271 ] ] } },
{ "type": "Feature", "properties": { "route_name": "2_Tampico - Bosque Central de Abastos - Casa Blanca", "route_name_short": "Tampico - Bosque Central de Abastos - Casa Blanca", "route_type": 3 }, "geometry": { "type": "LineString", "coordinates": [ [ 614915.384381841984577, 2470530.990538085345179 ], [ 614995.778193689067848, 2470662.225683741271496 ], [ 614968.894593897508457, 2470676.419060237240046 ], [ 614834.886872335802764, 2470692.033818637020886 ], [ 614814.330169794848189, 2470686.346167811658233 ], [ 614650.391515195486136, 2470431.604933656286448 ], [ 614650.595916871912777, 2470403.928558111190796 ], [ 614670.245808780891821, 2470393.002537961583585 ], [ 614803.217764641391113, 2470378.485696688760072 ], [ 614816.598316750722006, 2470379.691769294906408 ], [ 614909.270581687102094, 2470522.088347791694105 ], [ 615030.141018667374738, 2470333.666579441167414 ], [ 615184.95054665277712, 2470430.026516284327954 ], [ 615200.330318483174779, 2470300.607909596059471 ], [ 615405.241187727893703, 2470307.665381540544331 ], [ 615410.718691813992336, 2470125.031640425790101 ], [ 615202.723856506636366, 2470116.844221462029964 ], [ 615222.96812075516209, 2469748.324521881062537 ], [ 615549.38701698067598, 2469760.714062862563878 ], [ 615899.849809085717425, 2469725.683803159743547 ], [ 615786.387323546456173, 2469332.917449014727026 ], [ 615629.633808985818177, 2468804.761816482059658 ], [ 615525.393882114090957, 2468416.495580267161131 ], [ 615442.138021380756982, 2468114.741345952264965 ], [ 615327.66916467458941, 2467715.330104998778552 ], [ 615258.218943700194359, 2467495.606347280554473 ], [ 615176.979403460281901, 2467198.297772751189768 ], [ 615173.165605423506349, 2467017.810074615757912 ], [ 615233.097146005602553, 2466854.401402974501252 ], [ 615390.447129011503421, 2466613.110482613090426 ], [ 615507.353856511646882, 2466408.055282793473452 ], [ 615726.448714551748708, 2466038.800881554372609 ], [ 616004.911695271846838, 2465584.743956031743437 ], [ 616060.298139838851057, 2465479.981170620303601 ], [ 616082.692887375829741, 2465378.293720641639084 ], [ 616113.073748829774559, 2465310.986437089275569 ], [ 616090.674894229276106, 2465137.002378674224019 ], [ 616035.224377311766148, 2464973.843069856520742 ], [ 616004.829289043555036, 2464766.586257263086736 ], [ 616049.981495187501423, 2464652.890198695007712 ], [ 616108.627236351720057, 2464526.009542151354253 ], [ 616097.693892999668606, 2464196.008284174837172 ], [ 616068.327823502244428, 2463988.75924012158066 ], [ 615933.37100870499853, 2463431.983635126147419 ], [ 616003.700242747552693, 2463258.6908706612885 ], [ 616040.127049007336609, 2463071.860418684314936 ], [ 616028.290574751561508, 2462862.528241774067283 ], [ 615958.791389813064598, 2462647.231257372070104 ], [ 615843.371819529565983, 2462232.313494771253318 ], [ 615765.834496960509568, 2461849.784616757184267 ], [ 615745.567687775357626, 2461664.746951619628817 ], [ 615778.274910996551625, 2461423.640266970265657 ], [ 615914.353906199568883, 2461001.73622438730672 ], [ 616103.121631614514627, 2460563.618795393034816 ], [ 616264.28704519092571, 2460234.901258191559464 ], [ 616399.693892430048436, 2459905.992902210913599 ], [ 616561.359712245757692, 2459511.962314686272293 ], [ 616724.36198089888785, 2459078.087231577839702 ], [ 616944.989491663407534, 2458520.64909080369398 ], [ 617053.591863179579377, 2458195.973157234024256 ], [ 617143.063615921069868, 2457948.651922632474452 ], [ 617161.749202083796263, 2457793.796902228146791 ], [ 617720.303962715202942, 2457538.934655465651304 ], [ 618186.87023092713207, 2457318.822595286183059 ], [ 618010.183569947257638, 2456964.31788192037493 ], [ 618247.116952300188132, 2456849.863215183839202 ], [ 618718.907659820630215, 2456624.269709464628249 ], [ 618696.599646336399019, 2456575.387205474544317 ], [ 618635.187162071699277, 2456517.350813291501254 ], [ 618552.796250629238784, 2456506.761302601080388 ], [ 618446.444279337534681, 2456529.203893237281591 ], [ 617813.664498594240285, 2456777.946837933734059 ], [ 617862.358211181708612, 2456882.382559477817267 ], [ 617892.964829538483173, 2456924.68375062989071 ], [ 617970.626224243198521, 2456878.771510814316571 ], [ 618057.515163159114309, 2456839.572045243345201 ], [ 618102.226172843133099, 2456925.15762235596776 ], [ 618234.277795989648439, 2457184.113792438060045 ], [ 617873.263317799661309, 2457349.665530948434025 ], [ 617968.792832867940888, 2457530.84608554514125 ], [ 617610.864858195418492, 2457698.640920877922326 ], [ 617192.962624103180133, 2457892.563872872851789 ], [ 617152.664209308917634, 2457905.546718501020223 ], [ 617143.063615921069868, 2457948.651922632474452 ], [ 617053.591863179579377, 2458195.973157234024256 ], [ 616891.371042286395095, 2458660.850232722237706 ], [ 616737.959300527814776, 2459051.618344843853265 ], [ 616597.961226138868369, 2459441.380873494315892 ], [ 616399.693892430048436, 2459905.992902210913599 ], [ 616161.715242949314415, 2460445.594583604484797 ], [ 616107.309805587981828, 2460554.793114135973155 ], [ 615986.060476926737465, 2460783.062102928757668 ], [ 615914.353906199568883, 2461001.73622438730672 ], [ 615778.274910996551625, 2461423.640266970265657 ], [ 615753.943108439794742, 2461647.095420903991908 ], [ 615765.834496960509568, 2461849.784616757184267 ], [ 615847.682916304911487, 2462206.882029792293906 ], [ 615950.844676049309783, 2462607.316133072134107 ], [ 616032.601862981216982, 2462837.096804535482079 ], [ 616040.127049007336609, 2463071.860418684314936 ], [ 615998.614315953687765, 2463249.796097687911242 ], [ 615933.37100870499853, 2463431.983635126147419 ], [ 616017.356586177367717, 2463776.920892441179603 ], [ 616090.598849311470985, 2464042.066697679460049 ], [ 616097.693892999668606, 2464196.008284174837172 ], [ 616117.776006748550572, 2464542.684491781052202 ], [ 616027.990607361425646, 2464700.332114012911916 ], [ 615996.422038709861226, 2464788.66585917212069 ], [ 616035.224377311766148, 2464973.843069856520742 ], [ 616090.674894229276106, 2465137.002378674224019 ], [ 616193.713774514850229, 2465273.946525250095874 ], [ 616204.757100212504156, 2465312.778009288478643 ], [ 616169.19984706141986, 2465383.367828883696347 ], [ 616070.60871348856017, 2465478.950973194558173 ], [ 616004.911695271846838, 2465584.743956031743437 ], [ 615726.448714551748708, 2466038.800881554372609 ], [ 615507.353856511646882, 2466408.055282793473452 ], [ 615233.097146005602553, 2466854.401402974501252 ], [ 615173.165605423506349, 2467017.810074615757912 ], [ 615176.979403460281901, 2467198.297772751189768 ], [ 615258.218943700194359, 2467495.606347280554473 ], [ 615327.66916467458941, 2467715.330104998778552 ], [ 615442.138021380756982, 2468114.741345952264965 ], [ 615525.393882114090957, 2468416.495580267161131 ], [ 615629.633808985818177, 2468804.761816482059658 ], [ 615786.387323546456173, 2469332.917449014727026 ], [ 615899.849809085717425, 2469725.683803159743547 ], [ 615549.38701698067598, 2469760.714062862563878 ], [ 615222.96812075516209, 2469748.324521881062537 ], [ 615202.723856506636366, 2470116.844221462029964 ], [ 615410.718691813992336, 2470125.031640425790101 ], [ 615405.241187727893703, 2470307.665381540544331 ], [ 615200.330318483174779, 2470300.607909596059471 ], [ 615184.95054665277712, 2470430.026516284327954 ], [ 615030.141018667374738, 2470333.666579441167414 ], [ 614909.270581687102094, 2470522.088347791694105 ], [ 614816.598316750722006, 2470379.691769294906408 ], [ 614803.217764641391113, 2470378.485696688760072 ], [ 614670.245808780891821, 2470393.002537961583585 ], [ 614650.595916871912777, 2470403.928558111190796 ], [ 614650.391515195486136, 2470431.604933656286448 ], [ 614814.330169794848189, 2470686.346167811658233 ], [ 614834.886872335802764, 2470692.033818637020886 ], [ 614968.894593897508457, 2470676.419060237240046 ], [ 614995.778193689067848, 2470662.225683741271496 ] ] } },
{ "type": "Feature", "properties": { "route_name": "5_Madero - Blanco Palmas - Albañiles", "route_name_short": "Madero - Blanco Palmas - Albañiles", "route_type": 3 }, "geometry": { "type": "LineString", "coordinates": [ [ 617372.844107613083906, 2469169.899848914239556 ], [ 617414.738312459550798, 2469078.325187895912677 ], [ 617209.290282713714987, 2469003.703458307310939 ], [ 617164.307157668401487, 2469095.255312784109265 ], [ 617166.634363043354824, 2469059.844930311199278 ], [ 617081.36153053783346, 2469030.416773185133934 ], [ 617001.472174345515668, 2469243.489466502796859 ], [ 616923.878162924316712, 2469425.580356219783425 ], [ 616710.608601019484922, 2469980.858640815131366 ], [ 616670.813893319573253, 2470068.022236200515181 ], [ 616682.076556818676181, 2470076.963851646054536 ], [ 616747.372173949726857, 2469885.922484898474067 ], [ 616518.301710765808821, 2469803.38199481042102 ], [ 616475.235197594389319, 2469914.878162395209074 ], [ 616043.852497755666263, 2469752.22299723001197 ], [ 615990.907908974564634, 2469945.573369176592678 ], [ 615978.738872669287957, 2469920.018716659862548 ], [ 616104.289399178815074, 2469521.286723882425576 ], [ 616151.556797108380124, 2469398.749880046583712 ], [ 616369.077023780322634, 2469099.241455978248268 ], [ 616427.54373964923434, 2468857.220269761048257 ], [ 615925.847172831068747, 2468864.539526797365397 ], [ 616029.296383826411329, 2468391.465248494874686 ], [ 616135.588942044181749, 2468365.688505555968732 ], [ 616090.950367635465227, 2467446.447376524098217 ], [ 615991.928486111224629, 2467463.422038969118148 ], [ 615245.467889049788937, 2467409.156925200484693 ], [ 615180.906330079771578, 2467085.401317743584514 ], [ 615273.592611959786154, 2466811.524157558102161 ], [ 615533.363013860071078, 2466373.927960028406233 ], [ 616059.19358458626084, 2465489.936960376333445 ], [ 616099.492888053529896, 2465197.959444304462522 ], [ 616022.474707091110758, 2464887.393152826 ], [ 615996.933602932025678, 2464720.028652251232415 ], [ 616106.996058283257298, 2464468.427482455037534 ], [ 616002.025141619495116, 2463760.199982029385865 ], [ 615929.101197562180459, 2463451.879852122627199 ], [ 616044.067151609342545, 2463096.246222696267068 ], [ 616007.633175238966942, 2462730.628196365199983 ], [ 615907.483756252215244, 2462479.675793814472854 ], [ 615791.582039746455848, 2461990.578737322241068 ], [ 616025.331685399869457, 2461737.682198419701308 ], [ 617057.939447611221112, 2461736.54717699624598 ], [ 617407.278741451213136, 2462422.265048902481794 ], [ 617587.318576848483644, 2462325.089511329773813 ], [ 617792.644969464628957, 2462291.212745678145438 ], [ 618216.296227469458245, 2462140.531935068313032 ], [ 618067.118171750684269, 2461699.875263572204858 ], [ 620120.592916437890381, 2460549.765462812967598 ], [ 620074.839586117770523, 2460468.593074508477002 ], [ 619917.502594461780973, 2460557.059258396737278 ], [ 619839.869608202017844, 2460600.74730997858569 ], [ 619782.600160586996935, 2460542.736907188780606 ], [ 618320.826344274100848, 2461402.877539006061852 ], [ 618485.270051328116097, 2461461.696856419090182 ], [ 618485.270051328116097, 2461461.696856419090182 ], [ 618320.826344274100848, 2461402.877539006061852 ], [ 619782.600160586996935, 2460542.736907188780606 ], [ 619839.869608202017844, 2460600.74730997858569 ], [ 619917.502594461780973, 2460557.059258396737278 ], [ 620074.839586117770523, 2460468.593074508477002 ], [ 620120.592916437890381, 2460549.765462812967598 ], [ 618482.161706811981276, 2461463.887464514002204 ], [ 617993.651820168364793, 2461739.175079368054867 ], [ 617904.979886819375679, 2461745.146679313853383 ], [ 618062.355246149934828, 2462192.506418512202799 ], [ 617792.644969464628957, 2462291.212745678145438 ], [ 617587.318576848483644, 2462325.089511329773813 ], [ 617407.278741451213136, 2462422.265048902481794 ], [ 616976.090646604658104, 2461520.045593815855682 ], [ 616078.562388752121478, 2461508.906902863178402 ], [ 615775.580730598652735, 2461508.867591544054449 ], [ 615747.135334994993173, 2461731.185101520270109 ], [ 615791.582039746455848, 2461990.578737322241068 ], [ 615907.483756252215244, 2462479.675793814472854 ], [ 616007.633175238966942, 2462730.628196365199983 ], [ 616044.067151609342545, 2463096.246222696267068 ], [ 615929.101197562180459, 2463451.879852122627199 ], [ 616002.025141619495116, 2463760.199982029385865 ], [ 616106.996058283257298, 2464468.427482455037534 ], [ 615996.933602932025678, 2464720.028652251232415 ], [ 616022.474707091110758, 2464887.393152826 ], [ 616099.492888053529896, 2465197.959444304462522 ], [ 616059.19358458626084, 2465489.936960376333445 ], [ 615533.363013860071078, 2466373.927960028406233 ], [ 615273.592611959786154, 2466811.524157558102161 ], [ 615180.906330079771578, 2467085.401317743584514 ], [ 615325.047122447518632, 2467652.205126852262765 ], [ 615992.36948067008052, 2467680.420213085133582 ], [ 616104.706698747817427, 2467673.509134424384683 ], [ 616135.588942044181749, 2468365.688505555968732 ], [ 616029.296383826411329, 2468391.465248494874686 ], [ 615925.847172831068747, 2468864.539526797365397 ], [ 616427.54373964923434, 2468857.220269761048257 ], [ 616369.077023780322634, 2469099.241455978248268 ], [ 616151.556797108380124, 2469398.749880046583712 ], [ 616104.289399178815074, 2469521.286723882425576 ], [ 615978.738872669287957, 2469920.018716659862548 ], [ 615990.907908974564634, 2469945.573369176592678 ], [ 616043.852497755666263, 2469752.22299723001197 ], [ 616475.235197594389319, 2469914.878162395209074 ], [ 616518.301710765808821, 2469803.38199481042102 ], [ 616747.372173949726857, 2469885.922484898474067 ], [ 616682.076556818676181, 2470076.963851646054536 ], [ 616670.813893319573253, 2470068.022236200515181 ], [ 616710.608601019484922, 2469980.858640815131366 ], [ 616923.878162924316712, 2469425.580356219783425 ], [ 617001.472174345515668, 2469243.489466502796859 ], [ 617081.36153053783346, 2469030.416773185133934 ], [ 617166.634363043354824, 2469059.844930311199278 ], [ 617164.307157668401487, 2469095.255312784109265 ], [ 617209.290282713714987, 2469003.703458307310939 ], [ 617414.738312459550798, 2469078.325187895912677 ] ] } },
{ "type": "Feature", "properties": { "route_name": "6_Madero - Revolución Verde - Las Torres", "route_name_short": "Madero - Revolución Verde - Las Torres", "route_type": 3 }, "geometry": { "type": "LineString", "coordinates": [ [ 615283.816607404733077, 2468905.153480526059866 ], [ 615281.817143031745218, 2469035.77831794321537 ], [ 615072.876129575073719, 2469014.300998074002564 ], [ 615148.736788608250208, 2467395.15472660632804 ], [ 615262.946776023018174, 2467413.714974259957671 ], [ 615382.455263768322766, 2467828.66242160089314 ], [ 615640.863846645341255, 2467849.403948217164725 ], [ 615660.392970907501876, 2467439.916490595787764 ], [ 615993.980424905777909, 2467464.544467135798186 ], [ 616095.012896341271698, 2467454.227535823825747 ], [ 616185.645224173204042, 2467457.118924259673804 ], [ 616497.940126218018122, 2467436.206778801977634 ], [ 616482.301434593973681, 2467048.598231299780309 ], [ 616494.178684188402258, 2466838.334835298359394 ], [ 616985.168257624143735, 2466756.772945095319301 ], [ 617666.164072685060091, 2467025.406343920622021 ], [ 618207.091372932773083, 2465659.997824526391923 ], [ 618161.117991193197668, 2465608.720945009961724 ], [ 619320.064563479856588, 2462668.1857017762959 ], [ 619274.441226253053173, 2462570.409510280471295 ], [ 619356.583383866818622, 2462474.718922881875187 ], [ 619216.27454807353206, 2462091.687479287851602 ], [ 619045.659730455372483, 2461762.675230783876032 ], [ 618803.188748763408512, 2461395.475434712599963 ], [ 619365.205925405374728, 2461079.811139005701989 ], [ 619452.610153537127189, 2461239.906147973611951 ], [ 619492.427120638662018, 2461288.924683853983879 ], [ 619562.043881118297577, 2461349.243108879774809 ], [ 619964.201565491035581, 2460917.233465960249305 ], [ 619938.880802920786664, 2460859.468244860880077 ], [ 618856.201224143384025, 2461471.163724835496396 ], [ 618856.201224143384025, 2461471.163724835496396 ], [ 619938.880802920786664, 2460859.468244860880077 ], [ 619964.201565491035581, 2460917.233465960249305 ], [ 619562.043881118297577, 2461349.243108879774809 ], [ 619492.427120638662018, 2461288.924683853983879 ], [ 619452.610153537127189, 2461239.906147973611951 ], [ 619365.205925405374728, 2461079.811139005701989 ], [ 618803.188748763408512, 2461395.475434712599963 ], [ 619045.659730455372483, 2461762.675230783876032 ], [ 619216.27454807353206, 2462091.687479287851602 ], [ 619356.583383866818622, 2462474.718922881875187 ], [ 619354.251103428658098, 2462510.128989752847701 ], [ 619364.275573226157576, 2462546.740852026734501 ], [ 619320.064563479856588, 2462668.1857017762959 ], [ 618161.117991193197668, 2465608.720945009961724 ], [ 618207.091372932773083, 2465659.997824526391923 ], [ 617666.164072685060091, 2467025.406343920622021 ], [ 616985.168257624143735, 2466756.772945095319301 ], [ 616494.178684188402258, 2466838.334835298359394 ], [ 616482.301434593973681, 2467048.598231299780309 ], [ 616497.940126218018122, 2467436.206778801977634 ], [ 616500.409367736661807, 2467656.541886226274073 ], [ 616015.07267757342197, 2467675.054071455262601 ], [ 615652.56497442885302, 2467661.281342438887805 ], [ 615321.041771948686801, 2467636.675807863008231 ], [ 615382.455263768322766, 2467828.66242160089314 ], [ 615473.156590120284818, 2468237.861636991612613 ], [ 615321.805437369039282, 2468227.880742108915001 ], [ 615104.66234128177166, 2468199.700018135365099 ], [ 615072.876129575073719, 2469014.300998074002564 ], [ 615281.899302735342644, 2469024.707767979241908 ], [ 615280.685523676453158, 2468910.665823583025485 ] ] } },
{ "type": "Feature", "properties": { "route_name": "8_Seguro Social - Lomas de Infonavit", "route_name_short": "Seguro Social - Lomas de Infonavit", "route_type": 3 }, "geometry": { "type": "LineString", "coordinates": [ [ 617649.526144158095121, 2461183.015827628783882 ], [ 617720.152060709311627, 2460564.671869966667145 ], [ 617967.511622822145, 2460427.044795073568821 ], [ 617975.605777020798996, 2460583.209279762580991 ], [ 617984.503871433436871, 2460633.096799618098885 ], [ 618007.779391775373369, 2460689.735832853242755 ], [ 618029.102577145444229, 2460731.967629287857562 ], [ 618010.317906046286225, 2460898.999921095557511 ], [ 617998.294879255467094, 2460989.692421295680106 ], [ 618055.174841590574943, 2461099.727552027441561 ], [ 618133.743785998085514, 2461339.459965236485004 ], [ 617458.258104589767754, 2461127.324866768438369 ], [ 617102.58688046305906, 2461006.18796808226034 ], [ 616849.648967141285539, 2460927.899363783188164 ], [ 616724.379577789339237, 2460866.069856767076999 ], [ 616480.062562692910433, 2460736.924959519412369 ], [ 616126.948110409546643, 2460547.189598483033478 ], [ 616022.442493993323296, 2460741.262683128938079 ], [ 615932.037520667538047, 2460979.725552935153246 ], [ 615850.827461418113671, 2461229.328283592127264 ], [ 615807.482565852813423, 2461376.251592051237822 ], [ 615774.402218866744079, 2461528.786787418648601 ], [ 615760.761800844338723, 2461700.287272985558957 ], [ 615785.158458826248534, 2461884.248552470933646 ], [ 615847.343853575875983, 2462113.88231868064031 ], [ 615916.139030509628356, 2462424.384688609745353 ], [ 616003.577474104473367, 2462721.741108144167811 ], [ 616052.880069357925095, 2462881.53231296222657 ], [ 616053.447889971313998, 2463081.923670819029212 ], [ 616018.216256456216797, 2463246.620776012539864 ], [ 615950.961427870788611, 2463422.150597548577935 ], [ 615976.283359593129717, 2463619.405023069120944 ], [ 616026.81117190187797, 2463752.634877590462565 ], [ 615837.854378995252773, 2463805.476425351575017 ], [ 615630.270683675887994, 2463869.252962641883641 ], [ 615569.193205460906029, 2463907.548349454533309 ], [ 615474.677401486434974, 2464008.701204187702388 ], [ 615308.931334760622121, 2464128.147694683633745 ], [ 615145.02880510292016, 2464138.005641204304993 ], [ 615005.886881192913279, 2464143.619765839073807 ], [ 614920.648446655250154, 2464105.348613293841481 ], [ 614706.331377954338677, 2463965.379577530547976 ], [ 614600.329864644329064, 2463947.99234895221889 ], [ 614446.745829658815637, 2463955.71945804124698 ], [ 614288.693013147334568, 2463870.418372462037951 ], [ 614288.693013147334568, 2463870.418372462037951 ], [ 614446.745829658815637, 2463955.71945804124698 ], [ 614600.329864644329064, 2463947.99234895221889 ], [ 614706.331377954338677, 2463965.379577530547976 ], [ 614920.648446655250154, 2464105.348613293841481 ], [ 615005.886881192913279, 2464143.619765839073807 ], [ 615145.02880510292016, 2464138.005641204304993 ], [ 615308.931334760622121, 2464128.147694683633745 ], [ 615474.677401486434974, 2464008.701204187702388 ], [ 615569.193205460906029, 2463907.548349454533309 ], [ 615630.270683675887994, 2463869.252962641883641 ], [ 615837.854378995252773, 2463805.476425351575017 ], [ 616026.81117190187797, 2463752.634877590462565 ], [ 615976.283359593129717, 2463619.405023069120944 ], [ 615950.961427870788611, 2463422.150597548577935 ], [ 616018.216256456216797, 2463246.620776012539864 ], [ 616053.447889971313998, 2463081.923670819029212 ], [ 616052.880069357925095, 2462881.53231296222657 ], [ 616003.577474104473367, 2462721.741108144167811 ], [ 615916.139030509628356, 2462424.384688609745353 ], [ 615847.343853575875983, 2462113.88231868064031 ], [ 615785.158458826248534, 2461884.248552470933646 ], [ 615760.761800844338723, 2461700.287272985558957 ], [ 615774.402218866744079, 2461528.786787418648601 ], [ 615807.482565852813423, 2461376.251592051237822 ], [ 615850.827461418113671, 2461229.328283592127264 ], [ 615932.037520667538047, 2460979.725552935153246 ], [ 616022.442493993323296, 2460741.262683128938079 ], [ 616126.948110409546643, 2460547.189598483033478 ], [ 616480.062562692910433, 2460736.924959519412369 ], [ 616724.379577789339237, 2460866.069856767076999 ], [ 616849.648967141285539, 2460927.899363783188164 ], [ 617102.58688046305906, 2461006.18796808226034 ], [ 617458.258104589767754, 2461127.324866768438369 ], [ 618133.743785998085514, 2461339.459965236485004 ], [ 618055.174841590574943, 2461099.727552027441561 ], [ 617998.294879255467094, 2460989.692421295680106 ], [ 618010.317906046286225, 2460898.999921095557511 ], [ 618029.102577145444229, 2460731.967629287857562 ], [ 618007.779391775373369, 2460689.735832853242755 ], [ 617984.503871433436871, 2460633.096799618098885 ], [ 617975.605777020798996, 2460583.209279762580991 ], [ 617967.511622822145, 2460427.044795073568821 ], [ 617728.513571402872913, 2460549.235397309064865 ], [ 617637.168252459843643, 2461181.815449947491288 ] ] } },
{ "type": "Feature", "properties": { "route_name": "7_Tampico - Playa por Boulevard", "route_name_short": "Tampico - Playa por Boulevard", "route_type": 3 }, "geometry": { "type": "LineString", "coordinates": [ [ 618198.259059800999239, 2457312.266123568173498 ], [ 618281.03993994789198, 2457270.822660728357732 ], [ 618025.089760878589004, 2456765.15056576859206 ], [ 617926.978610043879598, 2456788.765947046224028 ], [ 618192.007359887938946, 2457321.075700709596276 ], [ 618606.231769971433096, 2458157.873353852424771 ], [ 618769.592096054926515, 2458498.999918965157121 ], [ 618859.714125748141669, 2458711.145188611932099 ], [ 618847.322671144036576, 2458849.440361254382879 ], [ 618715.848525561857969, 2459059.898774321656674 ], [ 618660.305647487170063, 2459180.151937077753246 ], [ 618588.411876722238958, 2459417.635284647811204 ], [ 618526.830308344564401, 2459519.021973675116897 ], [ 618299.528604197897948, 2459591.47335965745151 ], [ 618161.373379242024384, 2459733.244094113819301 ], [ 618076.150199234718457, 2459962.878630122169852 ], [ 617980.380111827631481, 2460088.36497495463118 ], [ 617946.354557777754962, 2460226.496955926995724 ], [ 617967.595371605711989, 2460415.974277511704713 ], [ 617976.217527008382604, 2460638.569677489344031 ], [ 618029.973898591008037, 2460753.009424504823983 ], [ 617996.200294309877791, 2460994.105031413491815 ], [ 618046.009075274225324, 2461085.265631523448974 ], [ 618132.60420311440248, 2461353.843848248012364 ], [ 618223.343257468775846, 2461619.13286630064249 ], [ 618928.098491831449792, 2463662.705470497254282 ], [ 618971.229833636665717, 2463681.856046521104872 ], [ 618944.043028971878812, 2463733.683125547599047 ], [ 619027.685904060374014, 2463845.034632915630937 ], [ 619135.372730617993511, 2463911.178552466444671 ], [ 619431.95920160075184, 2463933.379075868986547 ], [ 619713.243199063115753, 2463935.539349960628897 ], [ 620021.248098778654821, 2463946.767690397333354 ], [ 620333.382818897487596, 2463956.926934383343905 ], [ 620752.664774344535545, 2464101.885872810613364 ], [ 620646.71320299920626, 2464344.633047031238675 ], [ 621015.100817540893331, 2464540.133504013996571 ], [ 621050.027996291057207, 2464553.690679110120982 ], [ 621269.513362958328798, 2464683.826607414055616 ], [ 621410.374126199982129, 2464457.962420813273638 ], [ 622256.766754448181018, 2465187.547710590064526 ], [ 622843.230727068032138, 2465683.736726285889745 ], [ 622864.795791801065207, 2465692.764148899354041 ], [ 622895.702934813220054, 2465693.008274374064058 ], [ 622913.015807463787496, 2465718.60928697604686 ], [ 622904.564004615647718, 2465745.113890405744314 ], [ 622878.720692332601175, 2465755.981145402416587 ], [ 622853.061014767270535, 2465743.599939735606313 ], [ 622846.05918274470605, 2465716.973274892661721 ], [ 622634.344904485507868, 2465519.339202413335443 ], [ 622542.241604340146296, 2465440.006623804569244 ], [ 622024.301957854186185, 2465006.36689859488979 ], [ 621868.024255547788925, 2465358.318655839655548 ], [ 621780.814520113402978, 2465574.634495196398348 ], [ 621744.712718299473636, 2465579.887626547366381 ], [ 621733.06820934463758, 2465619.653405351098627 ], [ 621746.253398206667043, 2465646.327847440727055 ], [ 621710.36830021138303, 2465623.904345828574151 ], [ 621643.117226127302274, 2465791.663009933661669 ], [ 621569.884550139773637, 2465802.16189429955557 ], [ 621398.84102228609845, 2465804.147560361772776 ], [ 621378.081016875687055, 2465823.913994223345071 ], [ 621369.113662963733077, 2465916.84336305828765 ], [ 621519.413172117434442, 2465932.409540981054306 ], [ 621549.038625987363048, 2465964.747941380366683 ], [ 621596.419908445794135, 2465966.225390600040555 ], [ 621588.602636644616723, 2466043.663801042828709 ], [ 621631.758954214630648, 2466058.393979899119586 ], [ 621614.409996313625015, 2466168.97194508370012 ], [ 621614.409996313625015, 2466168.97194508370012 ], [ 621631.758954214630648, 2466058.393979899119586 ], [ 621588.602636644616723, 2466043.663801042828709 ], [ 621596.419908445794135, 2465966.225390600040555 ], [ 621549.038625987363048, 2465964.747941380366683 ], [ 621519.413172117434442, 2465932.409540981054306 ], [ 621369.113662963733077, 2465916.84336305828765 ], [ 621378.081016875687055, 2465823.913994223345071 ], [ 621398.84102228609845, 2465804.147560361772776 ], [ 621569.884550139773637, 2465802.16189429955557 ], [ 621643.117226127302274, 2465791.663009933661669 ], [ 621710.36830021138303, 2465623.904345828574151 ], [ 621746.253398206667043, 2465646.327847440727055 ], [ 621733.06820934463758, 2465619.653405351098627 ], [ 621744.712718299473636, 2465579.887626547366381 ], [ 621780.814520113402978, 2465574.634495196398348 ], [ 621868.024255547788925, 2465358.318655839655548 ], [ 622024.301957854186185, 2465006.36689859488979 ], [ 622542.241604340146296, 2465440.006623804569244 ], [ 622634.344904485507868, 2465519.339202413335443 ], [ 622846.05918274470605, 2465716.973274892661721 ], [ 622853.061014767270535, 2465743.599939735606313 ], [ 622878.720692332601175, 2465755.981145402416587 ], [ 622904.564004615647718, 2465745.113890405744314 ], [ 622913.015807463787496, 2465718.60928697604686 ], [ 622895.702934813220054, 2465693.008274374064058 ], [ 622864.795791801065207, 2465692.764148899354041 ], [ 622843.230727068032138, 2465683.736726285889745 ], [ 622256.766754448181018, 2465187.547710590064526 ], [ 621410.374126199982129, 2464457.962420813273638 ], [ 621269.513362958328798, 2464683.826607414055616 ], [ 621050.027996291057207, 2464553.690679110120982 ], [ 621015.100817540893331, 2464540.133504013996571 ], [ 620646.71320299920626, 2464344.633047031238675 ], [ 620752.664774344535545, 2464101.885872810613364 ], [ 620333.382818897487596, 2463956.926934383343905 ], [ 620021.248098778654821, 2463946.767690397333354 ], [ 619713.243199063115753, 2463935.539349960628897 ], [ 619431.95920160075184, 2463933.379075868986547 ], [ 619135.372730617993511, 2463911.178552466444671 ], [ 619027.685904060374014, 2463845.034632915630937 ], [ 618944.043028971878812, 2463733.683125547599047 ], [ 618971.229833636665717, 2463681.856046521104872 ], [ 618928.098491831449792, 2463662.705470497254282 ], [ 618223.343257468775846, 2461619.13286630064249 ], [ 618132.60420311440248, 2461353.843848248012364 ], [ 618046.009075274225324, 2461085.265631523448974 ], [ 617996.200294309877791, 2460994.105031413491815 ], [ 618029.973898591008037, 2460753.009424504823983 ], [ 617976.217527008382604, 2460638.569677489344031 ], [ 617967.595371605711989, 2460415.974277511704713 ], [ 617946.354557777754962, 2460226.496955926995724 ], [ 617980.380111827631481, 2460088.36497495463118 ], [ 618076.150199234718457, 2459962.878630122169852 ], [ 618161.373379242024384, 2459733.244094113819301 ], [ 618299.528604197897948, 2459591.47335965745151 ], [ 618526.830308344564401, 2459519.021973675116897 ], [ 618588.411876722238958, 2459417.635284647811204 ], [ 618660.305647487170063, 2459180.151937077753246 ], [ 618715.848525561857969, 2459059.898774321656674 ], [ 618847.322671144036576, 2458849.440361254382879 ], [ 618859.714125748141669, 2458711.145188611932099 ], [ 618769.592096054926515, 2458498.999918965157121 ], [ 618606.231769971433096, 2458157.873353852424771 ], [ 618192.007359887938946, 2457321.075700709596276 ], [ 617926.978610043879598, 2456788.765947046224028 ], [ 618025.089760878589004, 2456765.15056576859206 ], [ 618281.03993994789198, 2457270.822660728357732 ] ] } },
{ "type": "Feature", "properties": { "route_name": "10_Enrique Cárdenas - Central Camionera - Tampico", "route_name_short": "Enrique Cárdenas - Central Camionera - Tampico", "route_type": 3 }, "geometry": { "type": "LineString", "coordinates": [ [ 614654.554060106049292, 2467914.05877695325762 ], [ 614614.984195548808202, 2467692.344508261885494 ], [ 615133.057667974731885, 2467703.923275112640113 ], [ 615150.780591189162806, 2467397.384092996828258 ], [ 615251.607457363046706, 2467414.738012634217739 ], [ 615996.040624470915645, 2467464.559840601868927 ], [ 616493.794824416167103, 2467439.497068224474788 ], [ 616488.916631119558588, 2467265.642935737036169 ], [ 617035.974425744498149, 2467260.894826827570796 ], [ 617096.576182618620805, 2467284.600708555895835 ], [ 617264.559197777183726, 2466866.268121643457562 ], [ 617668.215961901703849, 2467026.528995298780501 ], [ 617810.018477690056898, 2466666.680868570227176 ], [ 618077.027416105382144, 2466778.311282981652766 ], [ 618289.286264536553062, 2466231.898189688101411 ], [ 618024.304228204768151, 2466123.601365477778018 ], [ 617927.578894587466493, 2466379.720080813392997 ], [ 617887.284493457525969, 2466394.914303929079324 ], [ 617704.407488699653186, 2466328.208962137345225 ], [ 617930.202047034399584, 2465761.965849315747619 ], [ 618083.242422008188441, 2465824.018497281242162 ], [ 618387.943369649816304, 2465045.812699751928449 ], [ 618537.00704933272209, 2464683.81116106081754 ], [ 618035.356110786786303, 2464666.713170506060123 ], [ 618037.744129547383636, 2464623.553574040066451 ], [ 618058.91261556756217, 2464549.537039961200207 ], [ 618076.144819880835712, 2464451.134016566444188 ], [ 618058.758001905633137, 2464298.219515576958656 ], [ 618304.208775996230543, 2464269.083573171403259 ], [ 618263.067450771573931, 2464123.738116598688066 ], [ 618440.561813723412342, 2464088.552471927832812 ], [ 618420.350978597532958, 2464036.364017726387829 ], [ 618273.285952611360699, 2463592.39786412846297 ], [ 618248.333909774431959, 2463485.924833511002362 ], [ 618132.937560768332332, 2463212.69762467732653 ], [ 617916.028137214481831, 2463280.802310889586806 ], [ 617895.353442054591142, 2463289.502734804991633 ], [ 617881.573309814091772, 2463204.150310742668808 ], [ 617607.734863096731715, 2463306.149070979561657 ], [ 617419.755017947405577, 2463364.514933502301574 ], [ 617313.651369998930022, 2463360.39393801940605 ], [ 617196.605132946046069, 2463304.1568688810803 ], [ 617144.522132878541015, 2463241.766538974829018 ], [ 617121.214615027420223, 2463189.556815627031028 ], [ 617080.050632966333069, 2463045.32233846699819 ], [ 617041.24499173311051, 2462998.531858841422945 ], [ 617257.556754622142762, 2462872.840504593681544 ], [ 617440.189334154361859, 2462841.002910289447755 ], [ 617716.053525993367657, 2462744.551780275534838 ], [ 617545.242543845553882, 2462165.347337463404983 ], [ 617655.735328199574724, 2462135.182020433247089 ], [ 617753.737568409880623, 2462121.529814983718097 ], [ 617862.178591418196447, 2462090.243302947841585 ], [ 617789.550225957296789, 2461882.663346246816218 ], [ 617783.668598752235994, 2461842.762706154026091 ], [ 617779.269211009843275, 2461743.089004147332162 ], [ 617694.029464053339325, 2461567.520771845243871 ], [ 617644.331767577095889, 2461188.512199687771499 ], [ 617722.17975189560093, 2460569.115635961759835 ], [ 617963.380962467286736, 2460428.12066209455952 ], [ 617943.338155504316092, 2460216.510110219009221 ], [ 617968.004611975047737, 2460089.37847739411518 ], [ 617711.65129019797314, 2459915.838934714905918 ], [ 617687.100550122791901, 2459891.297176915686578 ], [ 617660.563676171004772, 2459856.776460725814104 ], [ 617574.851793155772611, 2459468.640694639645517 ], [ 617582.41667014779523, 2459422.198987558018416 ], [ 617613.661262175766751, 2459379.257120163645595 ], [ 617778.644505795673467, 2459233.255739999003708 ], [ 617783.084678993211128, 2459191.218968783505261 ], [ 617774.143062758375891, 2459146.86695838952437 ], [ 617572.839032433461398, 2458915.069482054561377 ], [ 617533.026457609608769, 2458863.842428731266409 ], [ 617509.754462000681087, 2458806.097371026873589 ], [ 617617.498721886659041, 2458323.10136883566156 ], [ 617637.440968983457424, 2458275.645873903762549 ], [ 617672.735572601901367, 2458242.698576020076871 ], [ 617719.26802663912531, 2458223.12143555469811 ], [ 617550.039415216539055, 2457836.571622031275183 ], [ 617922.435946819721721, 2457663.349282281473279 ], [ 617761.034147998085245, 2457332.21211022650823 ], [ 617578.311811174382456, 2456956.632192770484835 ], [ 617578.311811174382456, 2456956.632192770484835 ], [ 617667.319216115982272, 2456909.696810686495155 ], [ 617817.405967570492066, 2457238.53292727144435 ], [ 617969.79850322753191, 2457534.175018166191876 ], [ 618107.905350394779816, 2457809.782896914053708 ], [ 618025.27839390875306, 2457831.300272651948035 ], [ 617950.050882227136753, 2457828.517516562715173 ], [ 617875.653498998261057, 2457852.312068383209407 ], [ 617835.053508497425355, 2457905.146922818850726 ], [ 617821.202742092777044, 2457964.826401189900935 ], [ 617880.157694156980142, 2458074.875528166536242 ], [ 617893.130735696176998, 2458131.436206710059196 ], [ 617879.346774297417141, 2458182.259258755948395 ], [ 617834.741697794757783, 2458219.564277415629476 ], [ 617772.765044514671899, 2458236.810322572477162 ], [ 617695.394605745212175, 2458245.083635655231774 ], [ 617647.698030389030464, 2458282.365847832523286 ], [ 617525.197945103049278, 2458808.427894121967256 ], [ 617540.274526388850063, 2458859.468575888313353 ], [ 617572.839032433461398, 2458915.069482054561377 ], [ 617774.143062758375891, 2459146.86695838952437 ], [ 617787.224004094372503, 2459189.035991424228996 ], [ 617778.644505795673467, 2459233.255739999003708 ], [ 617621.789529047673568, 2459394.817974918521941 ], [ 617601.98207740066573, 2459424.560688277706504 ], [ 617592.456011119531468, 2459457.70225589023903 ], [ 617660.530272313626483, 2459861.204661760013551 ], [ 617687.100550122791901, 2459891.297176915686578 ], [ 617713.76262877159752, 2459909.212187809869647 ], [ 617977.447441523312591, 2460067.307610775344074 ], [ 617986.505050181876868, 2460096.161112975329161 ], [ 617956.945096731651574, 2460188.935152510181069 ], [ 617963.380962467286736, 2460428.12066209455952 ], [ 617722.17975189560093, 2460569.115635961759835 ], [ 617683.970994736184366, 2460852.248503881506622 ], [ 617644.331767577095889, 2461188.512199687771499 ], [ 617694.029464053339325, 2461567.520771845243871 ], [ 617779.269211009843275, 2461743.089004147332162 ], [ 617783.668598752235994, 2461842.762706154026091 ], [ 617789.550225957296789, 2461882.663346246816218 ], [ 617862.178591418196447, 2462090.243302947841585 ], [ 617753.737568409880623, 2462121.529814983718097 ], [ 617655.735328199574724, 2462135.182020433247089 ], [ 617545.242543845553882, 2462165.347337463404983 ], [ 617627.608613763470203, 2462448.283546908292919 ], [ 617716.053525993367657, 2462744.551780275534838 ], [ 617440.189334154361859, 2462841.002910289447755 ], [ 617257.556754622142762, 2462872.840504593681544 ], [ 617041.24499173311051, 2462998.531858841422945 ], [ 617080.050632966333069, 2463045.32233846699819 ], [ 617121.214615027420223, 2463189.556815627031028 ], [ 617144.522132878541015, 2463241.766538974829018 ], [ 617196.605132946046069, 2463304.1568688810803 ], [ 617313.651369998930022, 2463360.39393801940605 ], [ 617419.755017947405577, 2463364.514933502301574 ], [ 617607.734863096731715, 2463306.149070979561657 ], [ 617727.610437403083779, 2463260.555853676516563 ], [ 617757.92760730732698, 2463339.39043350610882 ], [ 617895.353442054591142, 2463289.502734804991633 ], [ 617916.028137214481831, 2463280.802310889586806 ], [ 618024.93497706821654, 2463594.941986157093197 ], [ 618084.026607606676407, 2463547.783844684250653 ], [ 618229.669578829663806, 2463501.282796975690871 ], [ 618273.285952611360699, 2463592.39786412846297 ], [ 618420.350978597532958, 2464036.364017726387829 ], [ 617994.277838648646139, 2464105.091752142179757 ], [ 618058.758001905633137, 2464298.219515576958656 ], [ 618076.144819880835712, 2464451.134016566444188 ], [ 618058.91261556756217, 2464549.537039961200207 ], [ 618037.744129547383636, 2464623.553574040066451 ], [ 618035.356110786786303, 2464666.713170506060123 ], [ 618537.00704933272209, 2464683.81116106081754 ], [ 618387.943369649816304, 2465045.812699751928449 ], [ 618083.242422008188441, 2465824.018497281242162 ], [ 617930.202047034399584, 2465761.965849315747619 ], [ 617704.407488699653186, 2466328.208962137345225 ], [ 617887.284493457525969, 2466394.914303929079324 ], [ 617927.578894587466493, 2466379.720080813392997 ], [ 618024.304228204768151, 2466123.601365477778018 ], [ 618289.286264536553062, 2466231.898189688101411 ], [ 618077.027416105382144, 2466778.311282981652766 ], [ 617810.018477690056898, 2466666.680868570227176 ], [ 617668.215961901703849, 2467026.528995298780501 ], [ 617264.559197777183726, 2466866.268121643457562 ], [ 617096.576182618620805, 2467284.600708555895835 ], [ 617035.974425744498149, 2467260.894826827570796 ], [ 616488.916631119558588, 2467265.642935737036169 ], [ 616507.520408922689967, 2467669.88061237661168 ], [ 616005.785379593377002, 2467677.198986591305584 ], [ 615714.271222048439085, 2467675.025996245443821 ], [ 615323.069089653436095, 2467641.119306853041053 ], [ 615137.801241793902591, 2467619.817771164234728 ], [ 615133.057667974731885, 2467703.923275112640113 ], [ 614614.984195548808202, 2467692.344508261885494 ] ] } },
{ "type": "Feature", "properties": { "route_name": "11_Puerto Alegre - Candelario Garza Tampico", "route_name_short": "Puerto Alegre - Candelario Garza Tampico", "route_type": 3 }, "geometry": { "type": "LineString", "coordinates": [ [ 618202.390551169402897, 2457311.190284225158393 ], [ 618280.017544214730151, 2457269.707804416771978 ], [ 618025.064665381796658, 2456768.471708345692605 ], [ 617925.956156636006199, 2456787.6511170854792 ], [ 618343.33616832329426, 2457620.035167932510376 ], [ 618687.376469581038691, 2458331.200075074564666 ], [ 618877.151484038680792, 2458722.349171669688076 ], [ 618834.819643047754653, 2458867.059005251619965 ], [ 618668.72771281725727, 2459156.966551081743091 ], [ 618576.940206705825403, 2459435.261946577578783 ], [ 618515.468112937989645, 2459522.256998226512223 ], [ 618271.642904893262312, 2459599.011720402166247 ], [ 618146.886034038267098, 2459740.884162079542875 ], [ 618010.468373665353283, 2460062.021857079584152 ], [ 617953.744485632400028, 2460203.303436934016645 ], [ 617981.244663889752701, 2460655.214446949306875 ], [ 618033.12421423511114, 2460745.283462816849351 ], [ 617994.088952597929165, 2461000.731746823526919 ], [ 618067.314784759306349, 2461129.711633695755154 ], [ 618327.130519312224351, 2461929.913578227162361 ], [ 618587.355540517601185, 2462672.554854203481227 ], [ 618804.928327583009377, 2463329.628576224669814 ], [ 618936.358286627917551, 2463660.554313064087182 ], [ 618976.390088603598997, 2463680.788351607508957 ], [ 618947.049525546608493, 2463744.777322276029736 ], [ 619067.590119103784673, 2463881.874820393510163 ], [ 619235.18051005131565, 2463929.656579437665641 ], [ 620132.482648972189054, 2463953.161222469061613 ], [ 620390.962303154286928, 2463972.87187417736277 ], [ 621044.368112143245526, 2464221.507118075620383 ], [ 620756.78612173453439, 2464101.917840199545026 ], [ 620642.497541610500775, 2464356.778806788381189 ], [ 620622.329537487821653, 2464433.014497252181172 ], [ 620483.997094352147542, 2464733.082482300233096 ], [ 620427.350372058106586, 2464863.285398809239268 ], [ 620441.757233123644255, 2464865.611148266121745 ], [ 620622.329537487821653, 2464433.014497252181172 ], [ 620942.377065719338134, 2464617.067478533834219 ], [ 621416.140585105516948, 2464907.503650758415461 ], [ 621309.670677763759159, 2465083.814731360413134 ], [ 621354.838679716805927, 2465105.202453348319978 ], [ 621410.153795821825042, 2465146.597895415965468 ], [ 621498.238356069778092, 2465213.713479959405959 ], [ 621498.238356069778092, 2465213.713479959405959 ], [ 621410.153795821825042, 2465146.597895415965468 ], [ 621354.838679716805927, 2465105.202453348319978 ], [ 621309.670677763759159, 2465083.814731360413134 ], [ 621416.140585105516948, 2464907.503650758415461 ], [ 620942.377065719338134, 2464617.067478533834219 ], [ 620622.329537487821653, 2464433.014497252181172 ], [ 620441.757233123644255, 2464865.611148266121745 ], [ 620427.350372058106586, 2464863.285398809239268 ], [ 620483.997094352147542, 2464733.082482300233096 ], [ 620622.329537487821653, 2464433.014497252181172 ], [ 620642.497541610500775, 2464356.778806788381189 ], [ 620756.78612173453439, 2464101.917840199545026 ], [ 621044.368112143245526, 2464221.507118075620383 ], [ 620390.962303154286928, 2463972.87187417736277 ], [ 620132.482648972189054, 2463953.161222469061613 ], [ 619235.18051005131565, 2463929.656579437665641 ], [ 619067.590119103784673, 2463881.874820393510163 ], [ 618947.049525546608493, 2463744.777322276029736 ], [ 618976.390088603598997, 2463680.788351607508957 ], [ 618936.358286627917551, 2463660.554313064087182 ], [ 618804.928327583009377, 2463329.628576224669814 ], [ 618587.355540517601185, 2462672.554854203481227 ], [ 618327.130519312224351, 2461929.913578227162361 ], [ 618067.314784759306349, 2461129.711633695755154 ], [ 617994.088952597929165, 2461000.731746823526919 ], [ 618033.12421423511114, 2460745.283462816849351 ], [ 617981.244663889752701, 2460655.214446949306875 ], [ 617953.744485632400028, 2460203.303436934016645 ], [ 618010.468373665353283, 2460062.021857079584152 ], [ 618146.886034038267098, 2459740.884162079542875 ], [ 618271.642904893262312, 2459599.011720402166247 ], [ 618515.468112937989645, 2459522.256998226512223 ], [ 618576.940206705825403, 2459435.261946577578783 ], [ 618668.72771281725727, 2459156.966551081743091 ], [ 618834.819643047754653, 2458867.059005251619965 ], [ 618877.151484038680792, 2458722.349171669688076 ], [ 618687.376469581038691, 2458331.200075074564666 ], [ 618343.33616832329426, 2457620.035167932510376 ], [ 617925.956156636006199, 2456787.6511170854792 ], [ 618025.064665381796658, 2456768.471708345692605 ], [ 618280.017544214730151, 2457269.707804416771978 ] ] } },
{ "type": "Feature", "properties": { "route_name": "9_Santa Elena - Colonias - Tampico", "route_name_short": "Santa Elena - Colonias - Tampico", "route_type": 3 }, "geometry": { "type": "LineString", "coordinates": [ [ 618703.105198245379142, 2469648.324623049702495 ], [ 618782.266038223169744, 2469398.718612064607441 ], [ 618533.737591493409127, 2469301.606799633707851 ], [ 618351.344977054744959, 2469176.217608455102891 ], [ 617889.688244018703699, 2468930.24634053837508 ], [ 617877.512956988881342, 2468905.797186985611916 ], [ 617853.822731320280582, 2468905.617441148497164 ], [ 618183.053393048932776, 2468415.447461421601474 ], [ 618196.587118644965813, 2468396.729263642802835 ], [ 618589.156516622519121, 2467168.595542031805962 ], [ 618558.649493194767274, 2467116.327952982857823 ], [ 618573.518809263478033, 2467057.76368405437097 ], [ 618606.077924995566718, 2466976.084721814841032 ], [ 618774.521934925811365, 2467042.691051378846169 ], [ 618844.852662599878386, 2466871.623867599759251 ], [ 618866.468836173065938, 2466874.003356599248946 ], [ 618877.003582794335671, 2466574.052620440721512 ], [ 619031.486353884101845, 2466580.769955150783062 ], [ 619049.041576176183298, 2466575.368704770691693 ], [ 619010.354189657256939, 2466111.186576898675412 ], [ 619001.353439250378869, 2466075.689674088731408 ], [ 618989.024905530153774, 2466071.166852556634694 ], [ 618931.367509336560033, 2466066.297382329590619 ], [ 618943.842545824008994, 2465916.93078964902088 ], [ 618770.876996657578275, 2465901.216549437493086 ], [ 618801.04298567713704, 2465593.666166332084686 ], [ 619211.842834094772115, 2465631.129452168010175 ], [ 619226.457501302007586, 2465471.815256161149591 ], [ 619259.562428792472929, 2465185.323299766052514 ], [ 619124.236288710148074, 2464827.792384707834572 ], [ 618423.859499228768982, 2465064.907068093307316 ], [ 618384.852568205795251, 2465045.789185954257846 ], [ 618713.616818179842085, 2464223.486951517406851 ], [ 618430.15896212880034, 2463424.20070170937106 ], [ 618357.612623762222938, 2463207.760716780088842 ], [ 618269.767776685999706, 2462970.169788185507059 ], [ 618090.091396459611133, 2463019.733989892993122 ], [ 617956.232368461205624, 2462870.365837180521339 ], [ 617874.143022716743872, 2462688.177113824989647 ], [ 618205.815716197248548, 2462571.121498485095799 ], [ 617912.184899713960476, 2461746.308307195082307 ], [ 617781.288345520733856, 2461748.639844171702862 ], [ 617689.907483180286363, 2461567.489645742345601 ], [ 617667.604331948328763, 2461518.608170510735363 ], [ 617648.512333823135123, 2461180.793946466874331 ], [ 617125.192015342996456, 2461015.214685603044927 ], [ 617131.722696235287003, 2461243.32900425279513 ], [ 616893.300224425387569, 2461291.359317132737488 ], [ 616820.11559010471683, 2461155.743027614429593 ], [ 616760.293336156755686, 2461024.655688194558024 ], [ 616739.273972982424311, 2460941.464932357892394 ], [ 616728.485155487782322, 2460868.314817116595805 ], [ 616684.041296966257505, 2460610.025328154210001 ], [ 616731.684281895984896, 2460440.994005351793021 ], [ 616753.223927930695936, 2460317.158884509000927 ], [ 616753.928418457740918, 2460223.059775984380394 ], [ 616747.302750221337192, 2460144.405345939099789 ], [ 616820.572275412152521, 2459581.434950553346425 ], [ 616963.349963260930963, 2459096.48352928692475 ], [ 617065.191440287744626, 2458710.865953164640814 ], [ 617003.921657899976708, 2458496.734384070150554 ], [ 617086.618200609460473, 2458465.24838695069775 ], [ 617048.132433095714077, 2458374.176765395328403 ], [ 617666.59707395429723, 2458099.834961706306785 ], [ 617551.103498871088959, 2457832.151192890014499 ], [ 617922.477753131417558, 2457657.814040671102703 ], [ 617579.35094496270176, 2456955.53290644614026 ], [ 617934.194291511899792, 2456788.820427682250738 ], [ 617848.302821215707809, 2456832.456541815306991 ], [ 618058.374592677690089, 2457271.351918243337423 ], [ 617161.532601254060864, 2457685.29862167313695 ], [ 617163.261796921142377, 2457729.595945501700044 ], [ 617155.565335397375748, 2457931.031994986813515 ], [ 617121.543629306717776, 2458069.165327086579055 ], [ 617222.920120563241653, 2458295.776608817279339 ], [ 617346.510995502816513, 2458583.446845178026706 ], [ 617301.958285830798559, 2458614.111006427090615 ], [ 617207.874577480833977, 2458652.152984719723463 ], [ 617212.795197422616184, 2458683.189023358281702 ], [ 617229.028352232999168, 2458717.631370923481882 ], [ 617115.80403794941958, 2459108.698199755977839 ], [ 617131.014559195144102, 2459142.025687736459076 ], [ 617078.203663536347449, 2460822.224172395654023 ], [ 617102.578564802533947, 2461007.295018230564892 ], [ 617125.192015342996456, 2461015.214685603044927 ], [ 617125.192015342996456, 2461015.214685603044927 ], [ 617102.578564802533947, 2461007.295018230564892 ], [ 617078.203663536347449, 2460822.224172395654023 ], [ 617131.014559195144102, 2459142.025687736459076 ], [ 617127.43211225757841, 2459070.036623981315643 ], [ 617229.028352232999168, 2458717.631370923481882 ], [ 617212.795197422616184, 2458683.189023358281702 ], [ 617207.874577480833977, 2458652.152984719723463 ], [ 617301.958285830798559, 2458614.111006427090615 ], [ 617346.510995502816513, 2458583.446845178026706 ], [ 617222.920120563241653, 2458295.776608817279339 ], [ 617121.543629306717776, 2458069.165327086579055 ], [ 617155.565335397375748, 2457931.031994986813515 ], [ 617163.261796921142377, 2457729.595945501700044 ], [ 617161.532601254060864, 2457685.29862167313695 ], [ 618058.374592677690089, 2457271.351918243337423 ], [ 617848.302821215707809, 2456832.456541815306991 ], [ 618058.357853809488006, 2457273.566014686599374 ], [ 617166.744506310671568, 2457677.587972556706518 ], [ 617161.766355558764189, 2457928.864314207807183 ], [ 617125.61669024429284, 2458075.838541225064546 ], [ 617325.049567657755688, 2458558.9290632288903 ], [ 617223.384766756091267, 2458645.626818707678467 ], [ 617135.760488470084965, 2459059.02804107312113 ], [ 617074.098118807654828, 2460819.979118370916694 ], [ 617125.192015342996456, 2461015.214685603044927 ], [ 617648.512333823135123, 2461180.793946466874331 ], [ 617667.604331948328763, 2461518.608170510735363 ], [ 617689.907483180286363, 2461567.489645742345601 ], [ 617781.288345520733856, 2461748.639844171702862 ], [ 617912.184899713960476, 2461746.308307195082307 ], [ 618205.815716197248548, 2462571.121498485095799 ], [ 617874.143022716743872, 2462688.177113824989647 ], [ 617956.232368461205624, 2462870.365837180521339 ], [ 618090.091396459611133, 2463019.733989892993122 ], [ 618269.767776685999706, 2462970.169788185507059 ], [ 618357.612623762222938, 2463207.760716780088842 ], [ 618430.15896212880034, 2463424.20070170937106 ], [ 618713.616818179842085, 2464223.486951517406851 ], [ 618384.852568205795251, 2465045.789185954257846 ], [ 618423.859499228768982, 2465064.907068093307316 ], [ 619124.236288710148074, 2464827.792384707834572 ], [ 619259.562428792472929, 2465185.323299766052514 ], [ 619226.457501302007586, 2465471.815256161149591 ], [ 619211.842834094772115, 2465631.129452168010175 ], [ 618801.04298567713704, 2465593.666166332084686 ], [ 618770.876996657578275, 2465901.216549437493086 ], [ 618943.842545824008994, 2465916.93078964902088 ], [ 618931.367509336560033, 2466066.297382329590619 ], [ 618989.024905530153774, 2466071.166852556634694 ], [ 619001.353439250378869, 2466075.689674088731408 ], [ 619010.354189657256939, 2466111.186576898675412 ], [ 619049.041576176183298, 2466575.368704770691693 ], [ 619031.486353884101845, 2466580.769955150783062 ], [ 618877.003582794335671, 2466574.052620440721512 ], [ 618866.468836173065938, 2466874.003356599248946 ], [ 618844.852662599878386, 2466871.623867599759251 ], [ 618774.521934925811365, 2467042.691051378846169 ], [ 618606.077924995566718, 2466976.084721814841032 ], [ 618573.518809263478033, 2467057.76368405437097 ], [ 618558.649493194767274, 2467116.327952982857823 ], [ 618589.156516622519121, 2467168.595542031805962 ], [ 618196.587118644965813, 2468396.729263642802835 ], [ 618183.053393048932776, 2468415.447461421601474 ], [ 617853.822731320280582, 2468905.617441148497164 ], [ 617877.512956988881342, 2468905.797186985611916 ], [ 617889.688244018703699, 2468930.24634053837508 ], [ 618351.344977054744959, 2469176.217608455102891 ], [ 618533.737591493409127, 2469301.606799633707851 ], [ 618782.266038223169744, 2469398.718612064607441 ] ] } },
{ "type": "Feature", "properties": { "route_name": "11_Tampico - Colonias - El Fuerte - Penal por Av. Hidalgo y Ayuntamiento", "route_name_short": "Tampico - Colonias - El Fuerte - Penal por Av. Hidalgo y Ayuntamiento", "route_type": 3 }, "geometry": { "type": "LineString", "coordinates": [ [ 595215.576904473360628, 2481185.929325955919921 ], [ 595276.648917841725051, 2481295.905203563626856 ], [ 595981.80306107015349, 2482261.204525020904839 ], [ 596253.201105095795356, 2482637.083095176145434 ], [ 596427.837674825219437, 2483015.683612382039428 ], [ 597255.907428180216812, 2482739.682302819564939 ], [ 601210.589793226565234, 2481338.071306919213384 ], [ 601287.77536560560111, 2481966.293562214821577 ], [ 601225.899036805029027, 2481985.815372507087886 ], [ 601687.84637066477444, 2485597.955505384597927 ], [ 601785.2222960870713, 2486277.244525637011975 ], [ 602743.886625569546595, 2485848.51698105642572 ], [ 603681.037282693549059, 2485414.166642644908279 ], [ 603856.251220445614308, 2485217.175468042492867 ], [ 605104.074971453170292, 2483293.741152990143746 ], [ 605869.364930487121455, 2482142.051983512938023 ], [ 608116.783827957231551, 2480411.717259341385216 ], [ 608487.504969556350261, 2480092.147400795016438 ], [ 608795.190784964594059, 2479663.645637523382902 ], [ 608829.117083575110883, 2479523.281936022918671 ], [ 608930.797749961493537, 2479262.720920089166611 ], [ 609391.721511262934655, 2478130.083104020915926 ], [ 609314.234164020046592, 2477149.74705378850922 ], [ 609359.070996614755131, 2477069.245140627492219 ], [ 609799.342332556378096, 2476973.829734889790416 ], [ 610197.559569356846623, 2476568.137073105666786 ], [ 610792.511958991992287, 2476440.637505206745118 ], [ 610869.929752360563725, 2476412.406873715110123 ], [ 610972.888829392497428, 2476268.11315660784021 ], [ 611124.395686338539235, 2476102.026188415009528 ], [ 611284.487272344296798, 2476031.21374817378819 ], [ 612521.991743371007033, 2474761.440105092711747 ], [ 613109.306263516424224, 2474141.303779453970492 ], [ 614566.371937953750603, 2472464.75745825143531 ], [ 615044.873793156933971, 2472097.414493433665484 ], [ 615364.5361257661134, 2471903.828287284821272 ], [ 615705.094070098595694, 2471533.264786356594414 ], [ 616035.574950376641937, 2470446.325442573055625 ], [ 616034.177119246916845, 2470357.745356377679855 ], [ 615971.496240536333062, 2469924.393099524546415 ], [ 615180.381420421763323, 2467156.252673341426998 ], [ 615193.033295052475296, 2466978.101191734429449 ], [ 616066.438235072768293, 2465485.562546945177019 ], [ 616103.94429789937567, 2465153.708092119544744 ], [ 615996.438540992909111, 2464786.451755644287914 ], [ 616045.942891853861511, 2464641.788953715004027 ], [ 616120.274316704482771, 2464484.026121104601771 ], [ 616085.595799726666883, 2464022.101364160887897 ], [ 615942.462977564311586, 2463456.407774708699435 ], [ 616041.775424992898479, 2463127.228264983277768 ], [ 616032.79977726819925, 2462810.527616596315056 ], [ 615952.724238746799529, 2462631.686551045626402 ], [ 615791.680753939319402, 2461977.294163089711219 ], [ 615742.914758802740835, 2461744.439057588577271 ], [ 615798.265616308199242, 2461368.43335772305727 ], [ 616033.028056641574949, 2460703.699776340741664 ], [ 616305.148363943444565, 2460145.530142639763653 ], [ 616778.850944141275249, 2458958.927185908425599 ], [ 617114.478054796229117, 2458049.184355642646551 ], [ 617151.675011291983537, 2457900.003750838339329 ], [ 617157.368065090966411, 2457690.80291431164369 ], [ 617222.330107928486541, 2457550.687697761692107 ], [ 617570.938112759147771, 2457388.349404328037053 ], [ 617404.663175081601366, 2457018.431069135665894 ], [ 617142.975332667585462, 2457136.033688410185277 ], [ 617227.009802724118344, 2457339.265088995918632 ], [ 617665.617711314931512, 2457135.534372369758785 ], [ 617618.893485852982849, 2457043.292299168650061 ], [ 617538.191625164472498, 2457082.540658221580088 ], [ 617538.191625164472498, 2457082.540658221580088 ], [ 617701.412124296883121, 2457446.902067907620221 ], [ 617157.368065090966411, 2457690.80291431164369 ], [ 617151.675011291983537, 2457900.003750838339329 ], [ 617114.478054796229117, 2458049.184355642646551 ], [ 616778.850944141275249, 2458958.927185908425599 ], [ 616305.148363943444565, 2460145.530142639763653 ], [ 616033.028056641574949, 2460703.699776340741664 ], [ 615798.265616308199242, 2461368.43335772305727 ], [ 615742.914758802740835, 2461744.439057588577271 ], [ 615791.680753939319402, 2461977.294163089711219 ], [ 615952.724238746799529, 2462631.686551045626402 ], [ 616032.79977726819925, 2462810.527616596315056 ], [ 616041.775424992898479, 2463127.228264983277768 ], [ 615942.462977564311586, 2463456.407774708699435 ], [ 616085.595799726666883, 2464022.101364160887897 ], [ 616120.274316704482771, 2464484.026121104601771 ], [ 616045.942891853861511, 2464641.788953715004027 ], [ 615996.438540992909111, 2464786.451755644287914 ], [ 616103.94429789937567, 2465153.708092119544744 ], [ 616066.438235072768293, 2465485.562546945177019 ], [ 615193.033295052475296, 2466978.101191734429449 ], [ 615180.381420421763323, 2467156.252673341426998 ], [ 615971.496240536333062, 2469924.393099524546415 ], [ 616034.177119246916845, 2470357.745356377679855 ], [ 616035.574950376641937, 2470446.325442573055625 ], [ 615705.094070098595694, 2471533.264786356594414 ], [ 615364.5361257661134, 2471903.828287284821272 ], [ 615044.873793156933971, 2472097.414493433665484 ], [ 614566.371937953750603, 2472464.75745825143531 ], [ 613109.306263516424224, 2474141.303779453970492 ], [ 612521.991743371007033, 2474761.440105092711747 ], [ 611284.487272344296798, 2476031.21374817378819 ], [ 611124.395686338539235, 2476102.026188415009528 ], [ 610972.888829392497428, 2476268.11315660784021 ], [ 610869.929752360563725, 2476412.406873715110123 ], [ 610792.511958991992287, 2476440.637505206745118 ], [ 610197.559569356846623, 2476568.137073105666786 ], [ 609799.342332556378096, 2476973.829734889790416 ], [ 609359.070996614755131, 2477069.245140627492219 ], [ 609314.234164020046592, 2477149.74705378850922 ], [ 609391.721511262934655, 2478130.083104020915926 ], [ 608930.797749961493537, 2479262.720920089166611 ], [ 608829.117083575110883, 2479523.281936022918671 ], [ 608795.190784964594059, 2479663.645637523382902 ], [ 608487.504969556350261, 2480092.147400795016438 ], [ 608116.783827957231551, 2480411.717259341385216 ], [ 605869.364930487121455, 2482142.051983512938023 ], [ 605104.074971453170292, 2483293.741152990143746 ], [ 603856.251220445614308, 2485217.175468042492867 ], [ 603681.037282693549059, 2485414.166642644908279 ], [ 602743.886625569546595, 2485848.51698105642572 ], [ 601785.2222960870713, 2486277.244525637011975 ], [ 601687.84637066477444, 2485597.955505384597927 ], [ 601225.899036805029027, 2481985.815372507087886 ], [ 601287.77536560560111, 2481966.293562214821577 ], [ 601210.589793226565234, 2481338.071306919213384 ], [ 597255.907428180216812, 2482739.682302819564939 ], [ 596427.837674825219437, 2483015.683612382039428 ], [ 596253.201105095795356, 2482637.083095176145434 ], [ 595981.80306107015349, 2482261.204525020904839 ], [ 595276.648917841725051, 2481295.905203563626856 ] ] } },
{ "type": "Feature", "properties": { "route_name": "12_Morelos - Moralillo", "route_name_short": "Morelos - Moralillo", "route_type": 3 }, "geometry": { "type": "LineString", "coordinates": [ [ 613800.643650376005098, 2458881.567969202063978 ], [ 613817.917451234883629, 2458774.305466745980084 ], [ 613851.690332344733179, 2458666.056245021522045 ], [ 613928.210163311101496, 2458349.984703314490616 ], [ 614086.581448188982904, 2458399.853819048032165 ], [ 614205.558717251406051, 2458480.435051410458982 ], [ 614273.373447463964112, 2458509.716004024725407 ], [ 614355.804096744046547, 2458513.641067285556346 ], [ 614430.175914105027914, 2458492.044187498744577 ], [ 614442.649707977194339, 2458477.743353375699371 ], [ 614446.025895600556396, 2458439.019623374100775 ], [ 614429.689029611414298, 2458417.864947530440986 ], [ 614388.582984120817855, 2458400.957138678524643 ], [ 614275.05257850990165, 2458421.160378066357225 ], [ 614212.196509025292471, 2458418.486094079911709 ], [ 614056.836942481575534, 2458379.708662189543247 ], [ 613924.152018290013075, 2458341.098301796708256 ], [ 613837.710711365332827, 2458321.646956576500088 ], [ 613866.877154440968297, 2458279.790007043629885 ], [ 613906.358869304647669, 2458236.901280659250915 ], [ 613965.739454011549242, 2458150.981113723944873 ], [ 614010.213612348772585, 2458130.271027678158134 ], [ 614198.963439549785107, 2458113.937182874418795 ], [ 614316.659323632251471, 2458088.228298851288855 ], [ 614465.50444664969109, 2458031.749883098062128 ], [ 614520.603607719065621, 2457967.942240860313177 ], [ 614507.901988768018782, 2458013.240137379616499 ], [ 614739.458824557019398, 2457923.051080034580082 ], [ 614867.000222542206757, 2457960.523321497254074 ], [ 616414.703549500787631, 2457340.937865922693163 ], [ 616386.320530426688492, 2457276.514184970408678 ], [ 616645.822388716507703, 2457174.382455392740667 ], [ 616696.686441263649613, 2457127.156891657039523 ], [ 616864.179073913022876, 2457060.875857992563397 ], [ 617010.775295630213805, 2457032.08162392443046 ], [ 617082.115787581773475, 2457003.831492425408214 ], [ 617165.204123797593638, 2457195.984276930335909 ], [ 617428.97773051308468, 2457075.076422413811088 ], [ 617448.604391748551279, 2457069.688466194085777 ], [ 617488.340787116787396, 2456994.703934851568192 ], [ 617563.099810788175091, 2456923.304402589332312 ], [ 617606.626891480293125, 2456892.633040579501539 ], [ 617650.037400205852464, 2456877.46044616214931 ], [ 617741.031987851602025, 2456840.504409265238792 ], [ 617730.92418028251268, 2456813.857583337463439 ], [ 617909.797448861994781, 2456743.244715011678636 ], [ 617930.054327906575054, 2456791.003390077967197 ], [ 617579.325942100840621, 2456958.85404612403363 ], [ 617664.586923360824585, 2457135.526605905499309 ], [ 617312.871706260833889, 2457298.94687778968364 ], [ 617171.021627688664012, 2456970.177905983291566 ], [ 617082.115787581773475, 2457003.831492425408214 ], [ 617082.115787581773475, 2457003.831492425408214 ], [ 617171.021627688664012, 2456970.177905983291566 ], [ 617312.871706260833889, 2457298.94687778968364 ], [ 617664.586923360824585, 2457135.526605905499309 ], [ 617579.325942100840621, 2456958.85404612403363 ], [ 617930.054327906575054, 2456791.003390077967197 ], [ 617909.797448861994781, 2456743.244715011678636 ], [ 617730.92418028251268, 2456813.857583337463439 ], [ 617741.031987851602025, 2456840.504409265238792 ], [ 617650.037400205852464, 2456877.46044616214931 ], [ 617606.626891480293125, 2456892.633040579501539 ], [ 617563.099810788175091, 2456923.304402589332312 ], [ 617488.340787116787396, 2456994.703934851568192 ], [ 617448.604391748551279, 2457069.688466194085777 ], [ 617428.97773051308468, 2457075.076422413811088 ], [ 617165.204123797593638, 2457195.984276930335909 ], [ 617082.115787581773475, 2457003.831492425408214 ], [ 617010.775295630213805, 2457032.08162392443046 ], [ 616864.179073913022876, 2457060.875857992563397 ], [ 616696.686441263649613, 2457127.156891657039523 ], [ 616645.822388716507703, 2457174.382455392740667 ], [ 616386.320530426688492, 2457276.514184970408678 ], [ 616414.703549500787631, 2457340.937865922693163 ], [ 614867.000222542206757, 2457960.523321497254074 ], [ 614739.458824557019398, 2457923.051080034580082 ], [ 614507.901988768018782, 2458013.240137379616499 ], [ 614520.603607719065621, 2457967.942240860313177 ], [ 614465.50444664969109, 2458031.749883098062128 ], [ 614316.659323632251471, 2458088.228298851288855 ], [ 614198.963439549785107, 2458113.937182874418795 ], [ 614010.213612348772585, 2458130.271027678158134 ], [ 613965.739454011549242, 2458150.981113723944873 ], [ 613906.358869304647669, 2458236.901280659250915 ], [ 613866.877154440968297, 2458279.790007043629885 ], [ 613837.710711365332827, 2458321.646956576500088 ], [ 613924.152018290013075, 2458341.098301796708256 ], [ 614056.836942481575534, 2458379.708662189543247 ], [ 614212.196509025292471, 2458418.486094079911709 ], [ 614275.05257850990165, 2458421.160378066357225 ], [ 614388.582984120817855, 2458400.957138678524643 ], [ 614429.689029611414298, 2458417.864947530440986 ], [ 614446.025895600556396, 2458439.019623374100775 ], [ 614442.649707977194339, 2458477.743353375699371 ], [ 614430.175914105027914, 2458492.044187498744577 ], [ 614355.804096744046547, 2458513.641067285556346 ], [ 614273.373447463964112, 2458509.716004024725407 ], [ 614205.558717251406051, 2458480.435051410458982 ], [ 614086.581448188982904, 2458399.853819048032165 ], [ 613928.210163311101496, 2458349.984703314490616 ], [ 613851.690332344733179, 2458666.056245021522045 ], [ 613818.948119632899761, 2458774.312984035350382 ] ] } },
{ "type": "Feature", "properties": { "route_name": "13_Col - Primavera - Natividad Garza Leal", "route_name_short": "Col - Primavera - Natividad Garza Leal", "route_type": 3 }, "geometry": { "type": "LineString", "coordinates": [ [ 618016.147748368908651, 2457402.778993543237448 ], [ 617970.457209554617293, 2457310.543501529376954 ], [ 617163.577486467082053, 2457687.528184185735881 ], [ 617162.680250093806535, 2457807.089194969739765 ], [ 617136.430656138574705, 2458008.386033839546144 ], [ 617021.765718544251285, 2458316.409392912406474 ], [ 616893.399243967956863, 2458665.293859830591828 ], [ 616521.335879251360893, 2459626.802614191547036 ], [ 616294.512306620250456, 2460189.735169827006757 ], [ 616034.957331351935863, 2460721.427866481710225 ], [ 615963.620380577282049, 2460890.284675447735935 ], [ 615805.528484875336289, 2461361.844666539225727 ], [ 615756.376751608797349, 2461735.682174767367542 ], [ 615804.961586307850666, 2461992.892381306272 ], [ 615964.141263354802504, 2462620.700430644676089 ], [ 616055.303794650826603, 2462832.837484890595078 ], [ 616041.354762187809683, 2463183.687810884788632 ], [ 615949.189185260096565, 2463383.388504866044968 ], [ 616010.218412854010239, 2463766.903697669506073 ], [ 616108.878749737632461, 2464216.019735433161259 ], [ 616104.555604410241358, 2464519.336490015033633 ], [ 616014.250337099074386, 2464746.728442834690213 ], [ 616028.243635966908187, 2464942.79183977516368 ], [ 616117.238456059363671, 2465167.092660832684487 ], [ 616197.578469183528796, 2465308.295939395204186 ], [ 616139.025452065980062, 2465422.998689767438918 ], [ 616025.82991480990313, 2465542.82960096700117 ], [ 615193.213739728555083, 2466953.746041634120047 ], [ 615188.166400361224078, 2467078.812426654621959 ], [ 615255.736069108592346, 2467413.661509469617158 ], [ 615990.890125577105209, 2467464.521407449152321 ], [ 616290.773496947716922, 2467450.155222505796701 ], [ 616495.888216472929344, 2467435.08428270695731 ], [ 616503.881333735422231, 2467605.640448761638254 ], [ 616998.384088058723137, 2467601.604932902380824 ], [ 616888.56845067255199, 2468231.837416835594922 ], [ 617192.767738809692673, 2468189.843757132999599 ], [ 617214.582611195277423, 2468165.651606530882418 ], [ 617520.786164168152027, 2468267.605390280019492 ], [ 617330.979441563249566, 2468848.517727548722178 ], [ 617368.922605704865418, 2468870.946818488650024 ], [ 617353.020838242257014, 2468930.611352975014597 ], [ 617130.301536026177928, 2469506.848665794823319 ], [ 617226.859464976354502, 2469541.898048283997923 ], [ 617187.010690395138226, 2469635.702822956256568 ], [ 617187.010690395138226, 2469635.702822956256568 ], [ 617226.859464976354502, 2469541.898048283997923 ], [ 617130.301536026177928, 2469506.848665794823319 ], [ 617353.020838242257014, 2468930.611352975014597 ], [ 617368.922605704865418, 2468870.946818488650024 ], [ 617330.979441563249566, 2468848.517727548722178 ], [ 617520.786164168152027, 2468267.605390280019492 ], [ 617214.582611195277423, 2468165.651606530882418 ], [ 617192.767738809692673, 2468189.843757132999599 ], [ 616888.56845067255199, 2468231.837416835594922 ], [ 616998.384088058723137, 2467601.604932902380824 ], [ 616503.881333735422231, 2467605.640448761638254 ], [ 616498.282810141914524, 2467665.382897142786533 ], [ 616019.209548122482374, 2467672.870716142933816 ], [ 615853.307965649641119, 2467679.383064053487033 ], [ 615318.981599173625, 2467636.660522857215255 ], [ 615255.736069108592346, 2467413.661509469617158 ], [ 615188.166400361224078, 2467078.812426654621959 ], [ 615193.213739728555083, 2466953.746041634120047 ], [ 616025.82991480990313, 2465542.82960096700117 ], [ 616139.025452065980062, 2465422.998689767438918 ], [ 616197.578469183528796, 2465308.295939395204186 ], [ 616117.238456059363671, 2465167.092660832684487 ], [ 616028.243635966908187, 2464942.79183977516368 ], [ 616014.250337099074386, 2464746.728442834690213 ], [ 616104.555604410241358, 2464519.336490015033633 ], [ 616108.878749737632461, 2464216.019735433161259 ], [ 616010.218412854010239, 2463766.903697669506073 ], [ 615949.189185260096565, 2463383.388504866044968 ], [ 616041.354762187809683, 2463183.687810884788632 ], [ 616055.303794650826603, 2462832.837484890595078 ], [ 615964.141263354802504, 2462620.700430644676089 ], [ 615804.961586307850666, 2461992.892381306272 ], [ 615756.376751608797349, 2461735.682174767367542 ], [ 615805.528484875336289, 2461361.844666539225727 ], [ 615963.620380577282049, 2460890.284675447735935 ], [ 616034.957331351935863, 2460721.427866481710225 ], [ 616294.512306620250456, 2460189.735169827006757 ], [ 616521.335879251360893, 2459626.802614191547036 ], [ 616893.399243967956863, 2458665.293859830591828 ], [ 617021.765718544251285, 2458316.409392912406474 ], [ 617136.430656138574705, 2458008.386033839546144 ], [ 617162.680250093806535, 2457807.089194969739765 ], [ 617163.577486467082053, 2457687.528184185735881 ], [ 617213.984306540573016, 2457563.910347778350115 ], [ 617923.726962207932957, 2457219.407441060990095 ], [ 617970.457209554617293, 2457310.543501529376954 ] ] } },
{ "type": "Feature", "properties": { "route_name": "14_Tampico Cañada", "route_name_short": "Tampico Cañada", "route_type": 3 }, "geometry": { "type": "LineString", "coordinates": [ [ 617969.409705688245595, 2457312.749810475390404 ], [ 617163.585794017300941, 2457686.42113786097616 ], [ 617162.089819735265337, 2457748.407998947426677 ], [ 617141.559378288453445, 2458011.745845505036414 ], [ 616958.637400300707668, 2458487.538093481678516 ], [ 616753.502016058773734, 2459040.663548253010958 ], [ 616501.44818674819544, 2459667.617093716748059 ], [ 616183.390098128700629, 2460441.327627864200622 ], [ 616062.17180445115082, 2460665.167897627223283 ], [ 615918.344310292275622, 2461019.479626439046115 ], [ 615775.630070229875855, 2461502.22530813049525 ], [ 615753.416876762290485, 2461717.946453897282481 ], [ 615795.753245043451898, 2461983.967079102993011 ], [ 615841.259893970564008, 2462100.551775362342596 ], [ 615974.264153068419546, 2462645.132218399550766 ], [ 616052.409923229482956, 2462944.63414343399927 ], [ 616034.892029808368534, 2463221.281447786837816 ], [ 615944.622617552406155, 2463443.138517463114113 ], [ 615987.559534564381465, 2463627.238795076496899 ], [ 616021.684190649422817, 2463749.275337323080748 ], [ 615839.93977139191702, 2463802.170606032013893 ], [ 615836.123135795816779, 2463761.179089112207294 ], [ 615711.441235598293133, 2463622.970270629506558 ], [ 615500.70722923357971, 2463694.474980105645955 ], [ 615351.377568263211288, 2463822.899825186003 ], [ 615448.952061148127541, 2464004.08197581069544 ], [ 615496.970480557531118, 2464198.182476853486151 ], [ 615519.657232231111266, 2464334.525445429608226 ], [ 615463.876729720504954, 2464492.4284399417229 ], [ 615414.796154702431522, 2464580.633298693690449 ], [ 615388.817333168466575, 2464610.332673193886876 ], [ 615325.715539169497788, 2464644.185415762476623 ], [ 615268.730129806092009, 2464686.940582362934947 ], [ 615256.946125835180283, 2464747.744387156330049 ], [ 615260.657297597150318, 2464803.127397947013378 ], [ 615281.049566804431379, 2464832.063314600847661 ], [ 615304.184809004073031, 2465047.014220069162548 ], [ 615165.042665132787079, 2465053.733621346764266 ], [ 615014.813355008489452, 2465027.159010375849903 ], [ 615009.368148655630648, 2464927.478877664078027 ], [ 615032.53313785023056, 2464860.116390645503998 ], [ 615090.629388538771309, 2464806.297532719559968 ], [ 615027.40702161565423, 2464717.261350431479514 ], [ 614939.661722396383993, 2464879.358172184322029 ], [ 614899.694173658033833, 2464989.773977524600923 ], [ 614908.843899971107021, 2465006.448179872240871 ], [ 614881.149967600824311, 2465129.132865245919675 ], [ 614877.299124710378237, 2465232.065632537472993 ], [ 614828.902150189271197, 2465228.387072268407792 ], [ 614808.829231571638957, 2465295.772631858941168 ], [ 614724.849226414575242, 2465367.115302318707108 ], [ 614603.558752886252478, 2465328.579740345478058 ], [ 614565.488886063569225, 2465321.65672866627574 ], [ 614645.437103219795972, 2465238.105322860646993 ], [ 614712.996726718731225, 2465018.288560176733881 ], [ 614551.95052589266561, 2465061.386560865677893 ], [ 614488.787336776149459, 2465104.098937415052205 ], [ 614503.353161701466888, 2465224.880911309272051 ], [ 614427.380086557939649, 2465328.390190315432847 ], [ 614207.769081759732217, 2465350.025922370608896 ], [ 614254.749560897937045, 2465125.62802918208763 ], [ 614488.787336776149459, 2465104.098937415052205 ], [ 614488.787336776149459, 2465104.098937415052205 ], [ 614254.749560897937045, 2465125.62802918208763 ], [ 614207.769081759732217, 2465350.025922370608896 ], [ 614427.380086557939649, 2465328.390190315432847 ], [ 614503.353161701466888, 2465224.880911309272051 ], [ 614488.787336776149459, 2465104.098937415052205 ], [ 614551.95052589266561, 2465061.386560865677893 ], [ 614712.996726718731225, 2465018.288560176733881 ], [ 614645.437103219795972, 2465238.105322860646993 ], [ 614748.458146237535402, 2464959.873233782593161 ], [ 614908.843899971107021, 2465006.448179872240871 ], [ 614899.694173658033833, 2464989.773977524600923 ], [ 614939.661722396383993, 2464879.358172184322029 ], [ 615027.40702161565423, 2464717.261350431479514 ], [ 615090.629388538771309, 2464806.297532719559968 ], [ 615032.53313785023056, 2464860.116390645503998 ], [ 615009.368148655630648, 2464927.478877664078027 ], [ 615014.813355008489452, 2465027.159010375849903 ], [ 615165.042665132787079, 2465053.733621346764266 ], [ 615304.184809004073031, 2465047.014220069162548 ], [ 615281.049566804431379, 2464832.063314600847661 ], [ 615260.657297597150318, 2464803.127397947013378 ], [ 615256.946125835180283, 2464747.744387156330049 ], [ 615268.730129806092009, 2464686.940582362934947 ], [ 615325.715539169497788, 2464644.185415762476623 ], [ 615388.817333168466575, 2464610.332673193886876 ], [ 615414.796154702431522, 2464580.633298693690449 ], [ 615463.876729720504954, 2464492.4284399417229 ], [ 615519.657232231111266, 2464334.525445429608226 ], [ 615496.970480557531118, 2464198.182476853486151 ], [ 615448.952061148127541, 2464004.08197581069544 ], [ 615351.377568263211288, 2463822.899825186003 ], [ 615500.70722923357971, 2463694.474980105645955 ], [ 615711.441235598293133, 2463622.970270629506558 ], [ 615836.123135795816779, 2463761.179089112207294 ], [ 615839.93977139191702, 2463802.170606032013893 ], [ 616021.684190649422817, 2463749.275337323080748 ], [ 615987.559534564381465, 2463627.238795076496899 ], [ 615944.622617552406155, 2463443.138517463114113 ], [ 616034.892029808368534, 2463221.281447786837816 ], [ 616052.409923229482956, 2462944.63414343399927 ], [ 615974.264153068419546, 2462645.132218399550766 ], [ 615841.259893970564008, 2462100.551775362342596 ], [ 615795.753245043451898, 2461983.967079102993011 ], [ 615753.416876762290485, 2461717.946453897282481 ], [ 615775.630070229875855, 2461502.22530813049525 ], [ 615918.344310292275622, 2461019.479626439046115 ], [ 616062.17180445115082, 2460665.167897627223283 ], [ 616183.390098128700629, 2460441.327627864200622 ], [ 616501.44818674819544, 2459667.617093716748059 ], [ 616753.502016058773734, 2459040.663548253010958 ], [ 616958.637400300707668, 2458487.538093481678516 ], [ 617141.559378288453445, 2458011.745845505036414 ], [ 617159.671100754872896, 2457795.995524848345667 ], [ 617838.211815601214767, 2457486.682728029321879 ], [ 617741.674791398807429, 2457302.174147670622915 ], [ 617834.695356888114475, 2457269.662475967314094 ], [ 617891.725320867262781, 2457361.983123873826116 ] ] } },
{ "type": "Feature", "properties": { "route_name": "15_Madero - UAT - Niños Héroes", "route_name_short": "Madero - UAT - Niños Héroes", "route_type": 3 }, "geometry": { "type": "LineString", "coordinates": [ [ 619793.512569555314258, 2460732.13865059427917 ], [ 619397.054550157859921, 2460958.271694104187191 ], [ 619533.34743407194037, 2461194.025926232337952 ], [ 618976.499919424648397, 2461507.509387266356498 ], [ 619031.39461466006469, 2461606.462248765397817 ], [ 619182.841437473311089, 2461747.116911159362644 ], [ 619094.52240804489702, 2461841.654155631549656 ], [ 619053.851558336988091, 2461904.449294754303992 ], [ 618445.339643439394422, 2462240.804936800152063 ], [ 618271.853830785490572, 2462288.200302724260837 ], [ 618301.106426064390689, 2462371.456291437149048 ], [ 617662.628757577389479, 2462586.937567813321948 ], [ 617852.228202518541366, 2463133.07266535051167 ], [ 617640.420887821237557, 2463207.86248841881752 ], [ 617816.952725532930344, 2463709.614426405634731 ], [ 617855.787756538135, 2463751.978838372975588 ], [ 617934.64786223648116, 2463679.506081713363528 ], [ 617951.853631029254757, 2463720.599817304406315 ], [ 617829.894787384313531, 2463905.67239601816982 ], [ 617500.859527072054334, 2464086.967285596765578 ], [ 617177.164047008845955, 2464381.234893161803484 ], [ 616985.690426575951278, 2464632.217288334388286 ], [ 616798.651365763624199, 2464842.271762699820101 ], [ 616538.634559436119162, 2465029.639258125331253 ], [ 616421.552293924381956, 2465117.332096596714109 ], [ 616292.8407508127857, 2465244.794974078424275 ], [ 616176.419780494295992, 2465382.314622451551259 ], [ 616061.113653499167413, 2465508.772228262852877 ], [ 615406.987111660186201, 2466605.483431120403111 ], [ 614851.742121654446237, 2466600.265514694619924 ], [ 614465.85694676626008, 2466819.94938246300444 ], [ 614514.844290467444807, 2467162.407260888256133 ], [ 614587.202901052311063, 2467548.215155960060656 ], [ 614664.617850303417072, 2467946.239282177295536 ], [ 614708.339039019774646, 2468163.556002808269113 ], [ 614790.202857811935246, 2468376.726247814018279 ], [ 615099.271107773529366, 2468371.262810758315027 ], [ 615073.889721716986969, 2469016.522737136576325 ], [ 614642.960188217461109, 2469066.477829487994313 ], [ 614438.914537376258522, 2468520.273826087825 ], [ 615092.489021395333111, 2468591.528376047499478 ], [ 615092.489021395333111, 2468591.528376047499478 ], [ 614438.914537376258522, 2468520.273826087825 ], [ 614642.960188217461109, 2469066.477829487994313 ], [ 615073.889721716986969, 2469016.522737136576325 ], [ 615093.620706282090396, 2468438.754940326325595 ], [ 614771.269704375765286, 2468429.727826569229364 ], [ 614762.449128446751274, 2468368.77144492790103 ], [ 614708.339039019774646, 2468163.556002808269113 ], [ 614664.617850303417072, 2467946.239282177295536 ], [ 614587.202901052311063, 2467548.215155960060656 ], [ 614514.844290467444807, 2467162.407260888256133 ], [ 614465.85694676626008, 2466819.94938246300444 ], [ 614851.742121654446237, 2466600.265514694619924 ], [ 615406.987111660186201, 2466605.483431120403111 ], [ 616061.113653499167413, 2465508.772228262852877 ], [ 616176.419780494295992, 2465382.314622451551259 ], [ 616292.8407508127857, 2465244.794974078424275 ], [ 616421.552293924381956, 2465117.332096596714109 ], [ 616538.634559436119162, 2465029.639258125331253 ], [ 616798.651365763624199, 2464842.271762699820101 ], [ 616985.690426575951278, 2464632.217288334388286 ], [ 617177.164047008845955, 2464381.234893161803484 ], [ 617500.859527072054334, 2464086.967285596765578 ], [ 617604.770416676066816, 2463971.504482075572014 ], [ 617752.091236481792293, 2463838.656651258934289 ], [ 617821.618625929462723, 2463773.862618891056627 ], [ 617806.632435084320605, 2463711.750578187871724 ], [ 617640.420887821237557, 2463207.86248841881752 ], [ 617852.228202518541366, 2463133.07266535051167 ], [ 617662.628757577389479, 2462586.937567813321948 ], [ 618301.106426064390689, 2462371.456291437149048 ], [ 618271.853830785490572, 2462288.200302724260837 ], [ 618445.339643439394422, 2462240.804936800152063 ], [ 619053.851558336988091, 2461904.449294754303992 ], [ 619094.52240804489702, 2461841.654155631549656 ], [ 619182.841437473311089, 2461747.116911159362644 ], [ 619031.39461466006469, 2461606.462248765397817 ], [ 618976.499919424648397, 2461507.509387266356498 ], [ 619614.051225589588284, 2461152.574331372510642 ], [ 619520.481803581351414, 2460990.216860682237893 ], [ 619834.113703762879595, 2460813.270600157324225 ] ] } },
{ "type": "Feature", "properties": { "route_name": "16_Ejido Contadero - Germinal - Águila", "route_name_short": "Ejido Contadero - Germinal - Águila", "route_type": 3 }, "geometry": { "type": "LineString", "coordinates": [ [ 618773.503734567086212, 2469736.326150269247591 ], [ 618788.278814888792112, 2469689.939709906466305 ], [ 618767.772739771055058, 2469677.60443634679541 ], [ 618743.129854421713389, 2469667.451818789821118 ], [ 618715.287030704086646, 2469671.667464039288461 ], [ 618701.036810071673244, 2469649.415942379739136 ], [ 618784.325997981010005, 2469398.734366819728166 ], [ 618524.493065809365362, 2469298.214865836314857 ], [ 618049.763824095949531, 2469011.175059977918863 ], [ 618304.446793096489273, 2468436.299541842192411 ], [ 618644.300396049278788, 2468581.710389731451869 ], [ 618907.331851075286977, 2468535.007543274201453 ], [ 618962.296800818992779, 2468486.714614857453853 ], [ 619036.795174236758612, 2468309.037388427648693 ], [ 619116.0857697337633, 2468043.933997356332839 ], [ 618745.560233984957449, 2467732.209833750501275 ], [ 618709.185771177755669, 2467774.002808623481542 ], [ 618606.81064548518043, 2467690.186725575476885 ], [ 618359.33861188031733, 2467991.652771059423685 ], [ 618332.691614368231967, 2467973.735834486782551 ], [ 618189.250494442763738, 2468413.280346382409334 ], [ 618123.718119551194832, 2468496.923575423657894 ], [ 618102.814422777038999, 2468536.621197308879346 ], [ 617918.372406543465331, 2468815.322990973945707 ], [ 617518.5505721650552, 2468699.366678696591407 ], [ 617694.656496699433774, 2468160.423199038021266 ], [ 617562.063698363490403, 2468121.777340363245457 ], [ 617692.809336373466067, 2467724.202530265320092 ], [ 617718.494449918856844, 2467733.254031429998577 ], [ 617788.141273027518764, 2467514.571230254136026 ], [ 617933.016438081278466, 2467156.961639936547726 ], [ 617661.917866010451689, 2467041.98104305146262 ], [ 617668.215961901703849, 2467026.528995298780501 ], [ 617262.473864338709973, 2466869.573756468482316 ], [ 617092.430707301828079, 2467287.890845303423703 ], [ 617032.909079054021277, 2467257.550389343407005 ], [ 616810.35404763603583, 2467262.519264603964984 ], [ 616615.629029268980958, 2467265.485817783977836 ], [ 616489.94674554746598, 2467265.650654647964984 ], [ 616490.71281186118722, 2467438.366853124462068 ], [ 615987.816347202518955, 2467462.284238452557474 ], [ 615246.481575355981477, 2467411.378668033052236 ], [ 615181.198287689243443, 2467185.043670031707734 ], [ 615173.785684304195456, 2467073.170321759302169 ], [ 615205.895224564475939, 2466910.6625931779854 ], [ 615580.313058868981898, 2466294.56462875707075 ], [ 615775.510520595591515, 2465952.811093802098185 ], [ 616052.96265317092184, 2465496.533167267218232 ], [ 616098.066157343098894, 2465251.090280165430158 ], [ 616092.677587622194551, 2465144.767118295188993 ], [ 616036.370207193656825, 2464958.35202275775373 ], [ 615993.13318438117858, 2464815.212065255269408 ], [ 616007.384948227438144, 2464700.178512616548687 ], [ 616088.903014136478305, 2464545.790459225419909 ], [ 616102.810663474490866, 2464338.864021834451705 ], [ 616071.328025322407484, 2464000.959845472127199 ], [ 615982.926865852205083, 2463695.845219209324569 ], [ 615922.795390927931294, 2463468.439579832367599 ], [ 615994.591743646655232, 2463236.480801331344992 ], [ 616033.738517220132053, 2463099.490604836959392 ], [ 616028.051431760424748, 2462894.63267876394093 ], [ 615834.780895703122951, 2462140.359544978477061 ], [ 615749.130514259915799, 2461740.056788007263094 ], [ 615798.364308536052704, 2461355.148792253807187 ], [ 616017.388620614772663, 2460727.939777201972902 ], [ 616332.356459097471088, 2460090.377639687154442 ], [ 616796.811414765426889, 2458900.384840775281191 ], [ 617035.521854685386643, 2458268.906847842037678 ], [ 617115.475558759528212, 2458053.620275055989623 ], [ 617158.21666526759509, 2457852.44716008240357 ], [ 617157.417907770723104, 2457684.160636457614601 ], [ 617706.666103401686996, 2457433.656347981654108 ], [ 617576.694906753720716, 2457171.399249200243503 ], [ 617488.753342064563185, 2457213.914649925194681 ], [ 617570.904771478846669, 2457392.777592554688454 ], [ 617220.235345227760263, 2457555.100406206212938 ], [ 617157.417907770723104, 2457684.160636457614601 ], [ 617157.417907770723104, 2457684.160636457614601 ], [ 617220.235345227760263, 2457555.100406206212938 ], [ 617570.904771478846669, 2457392.777592554688454 ], [ 617488.753342064563185, 2457213.914649925194681 ], [ 617576.694906753720716, 2457171.399249200243503 ], [ 617706.666103401686996, 2457433.656347981654108 ], [ 617157.417907770723104, 2457684.160636457614601 ], [ 617158.21666526759509, 2457852.44716008240357 ], [ 617115.475558759528212, 2458053.620275055989623 ], [ 617035.521854685386643, 2458268.906847842037678 ], [ 616796.811414765426889, 2458900.384840775281191 ], [ 616332.356459097471088, 2460090.377639687154442 ], [ 616017.388620614772663, 2460727.939777201972902 ], [ 615798.364308536052704, 2461355.148792253807187 ], [ 615749.130514259915799, 2461740.056788007263094 ], [ 615834.780895703122951, 2462140.359544978477061 ], [ 616028.051431760424748, 2462894.63267876394093 ], [ 616033.738517220132053, 2463099.490604836959392 ], [ 615994.591743646655232, 2463236.480801331344992 ], [ 615922.795390927931294, 2463468.439579832367599 ], [ 615982.926865852205083, 2463695.845219209324569 ], [ 616071.328025322407484, 2464000.959845472127199 ], [ 616102.810663474490866, 2464338.864021834451705 ], [ 616088.903014136478305, 2464545.790459225419909 ], [ 616007.384948227438144, 2464700.178512616548687 ], [ 615993.13318438117858, 2464815.212065255269408 ], [ 616036.370207193656825, 2464958.35202275775373 ], [ 616092.677587622194551, 2465144.767118295188993 ], [ 616098.066157343098894, 2465251.090280165430158 ], [ 616052.96265317092184, 2465496.533167267218232 ], [ 615775.510520595591515, 2465952.811093802098185 ], [ 615580.313058868981898, 2466294.56462875707075 ], [ 615205.895224564475939, 2466910.6625931779854 ], [ 615173.785684304195456, 2467073.170321759302169 ], [ 615181.198287689243443, 2467185.043670031707734 ], [ 615334.432895230362192, 2467636.775167056359351 ], [ 615849.138116744812578, 2467685.994681865908206 ], [ 616500.359581506811082, 2467663.184225533157587 ], [ 616489.94674554746598, 2467265.650654647964984 ], [ 616615.629029268980958, 2467265.485817783977836 ], [ 616810.35404763603583, 2467262.519264603964984 ], [ 617032.909079054021277, 2467257.550389343407005 ], [ 617092.430707301828079, 2467287.890845303423703 ], [ 617262.473864338709973, 2466869.573756468482316 ], [ 617668.215961901703849, 2467026.528995298780501 ], [ 617661.917866010451689, 2467041.98104305146262 ], [ 617933.016438081278466, 2467156.961639936547726 ], [ 617788.141273027518764, 2467514.571230254136026 ], [ 617718.494449918856844, 2467733.254031429998577 ], [ 617692.809336373466067, 2467724.202530265320092 ], [ 617562.063698363490403, 2468121.777340363245457 ], [ 617694.656496699433774, 2468160.423199038021266 ], [ 617518.5505721650552, 2468699.366678696591407 ], [ 617918.372406543465331, 2468815.322990973945707 ], [ 618102.814422777038999, 2468536.621197308879346 ], [ 618123.718119551194832, 2468496.923575423657894 ], [ 618189.250494442763738, 2468413.280346382409334 ], [ 618332.691614368231967, 2467973.735834486782551 ], [ 618359.33861188031733, 2467991.652771059423685 ], [ 618606.81064548518043, 2467690.186725575476885 ], [ 618709.185771177755669, 2467774.002808623481542 ], [ 618745.560233984957449, 2467732.209833750501275 ], [ 619116.0857697337633, 2468043.933997356332839 ], [ 619036.795174236758612, 2468309.037388427648693 ], [ 618962.296800818992779, 2468486.714614857453853 ], [ 618907.331851075286977, 2468535.007543274201453 ], [ 618644.300396049278788, 2468581.710389731451869 ], [ 618304.446793096489273, 2468436.299541842192411 ], [ 618049.763824095949531, 2469011.175059977918863 ], [ 618524.493065809365362, 2469298.214865836314857 ], [ 618784.325997981010005, 2469398.734366819728166 ], [ 618701.036810071673244, 2469649.415942379739136 ], [ 618715.287030704086646, 2469671.667464039288461 ], [ 618743.129854421713389, 2469667.451818789821118 ], [ 618767.772739771055058, 2469677.60443634679541 ], [ 618785.180464988807216, 2469691.02313954429701 ], [ 618778.865217830985785, 2469708.688911916222423 ] ] } },
{ "type": "Feature", "properties": { "route_name": "17_Maun - Revolución Verde - Madero", "route_name_short": "Maun - Revolución Verde - Madero", "route_type": 3 }, "geometry": { "type": "LineString", "coordinates": [ [ 618532.707605927600525, 2469301.598939135205001 ], [ 618346.169705625856295, 2469179.499558914918453 ], [ 618032.312650562496856, 2469003.292565553914756 ], [ 618055.943844366353005, 2469011.222026575356722 ], [ 618444.826815805397928, 2468128.480646682903171 ], [ 618426.378483735956252, 2468116.161653304938227 ], [ 618458.588945898925886, 2468079.871975177433342 ], [ 618357.244743151357397, 2467996.065328771714121 ], [ 618330.597751290653832, 2467978.148395468946546 ], [ 618588.075722134322859, 2467175.230053510982543 ], [ 618555.533775556948967, 2467119.62557067302987 ], [ 618574.599602594738826, 2467051.129172339104116 ], [ 618606.086370087927207, 2466974.97766046738252 ], [ 618642.867757877102122, 2466880.045463588088751 ], [ 618814.386204625596292, 2466948.889883900992572 ], [ 618846.904495948343538, 2466872.746677237097174 ], [ 618868.52913118340075, 2466874.019107242114842 ], [ 618876.995119936880656, 2466575.159682037308812 ], [ 619031.486353884101845, 2466580.769955150783062 ], [ 619050.080219200230204, 2466574.269529187586159 ], [ 619034.86366757703945, 2466274.121710174717009 ], [ 619006.394330678042024, 2466090.120881409849972 ], [ 618996.227843598113395, 2466072.329082134179771 ], [ 618869.589282955857925, 2466061.39663490280509 ], [ 618938.254532781429589, 2465300.219267628155649 ], [ 618876.473251183051616, 2465295.318635618779808 ], [ 618888.618048622156493, 2465189.127459906041622 ], [ 618781.276739509426989, 2465213.771553251426667 ], [ 618765.822881532250904, 2465213.653592124115676 ], [ 618682.109966867254116, 2464977.197522849775851 ], [ 619051.947054096730426, 2464849.381722675636411 ], [ 618902.755166264832951, 2464417.569943762850016 ], [ 619272.607357057160698, 2464289.758775244001299 ], [ 619492.643401004141197, 2464216.161700036376715 ], [ 619392.755196172278374, 2463939.721140406094491 ], [ 619349.540179844247177, 2463931.639932062476873 ], [ 619205.325975001673214, 2463926.106598616112024 ], [ 619123.025536930887029, 2463908.869830267038196 ], [ 619058.41012319503352, 2463869.626260321121663 ], [ 618945.064927777042612, 2463734.798054829705507 ], [ 618920.454765096190386, 2463719.110355536453426 ], [ 618933.191103050252423, 2463670.494227178860456 ], [ 618741.373183153918944, 2463150.897290552034974 ], [ 618736.440649109892547, 2463122.074528677854687 ], [ 618900.341815315419808, 2462979.399051229003817 ], [ 619127.956429122481495, 2462725.392924406565726 ], [ 618935.337463750038296, 2462174.788921066559851 ], [ 619201.156320445938036, 2462047.28694589715451 ], [ 619141.222054333658889, 2461933.902186919469386 ], [ 619941.376220936421305, 2461070.947987086605281 ], [ 619967.301459958544001, 2461050.112126503605396 ], [ 619988.346739385044202, 2460993.810793160926551 ], [ 619932.041761115775444, 2460944.66411715792492 ], [ 619620.279470507986844, 2461281.048316871747375 ], [ 619689.895804144791327, 2461341.367333360482007 ], [ 619689.895804144791327, 2461341.367333360482007 ], [ 619620.279470507986844, 2461281.048316871747375 ], [ 619932.041761115775444, 2460944.66411715792492 ], [ 619988.346739385044202, 2460993.810793160926551 ], [ 619967.301459958544001, 2461050.112126503605396 ], [ 619941.376220936421305, 2461070.947987086605281 ], [ 619141.222054333658889, 2461933.902186919469386 ], [ 619201.156320445938036, 2462047.28694589715451 ], [ 618935.337463750038296, 2462174.788921066559851 ], [ 619127.956429122481495, 2462725.392924406565726 ], [ 618900.341815315419808, 2462979.399051229003817 ], [ 618736.440649109892547, 2463122.074528677854687 ], [ 618741.373183153918944, 2463150.897290552034974 ], [ 618933.191103050252423, 2463670.494227178860456 ], [ 618920.454765096190386, 2463719.110355536453426 ], [ 618945.064927777042612, 2463734.798054829705507 ], [ 619058.41012319503352, 2463869.626260321121663 ], [ 619123.025536930887029, 2463908.869830267038196 ], [ 619205.325975001673214, 2463926.106598616112024 ], [ 619349.540179844247177, 2463931.639932062476873 ], [ 619392.755196172278374, 2463939.721140406094491 ], [ 619492.643401004141197, 2464216.161700036376715 ], [ 619272.607357057160698, 2464289.758775244001299 ], [ 618902.755166264832951, 2464417.569943762850016 ], [ 619051.947054096730426, 2464849.381722675636411 ], [ 618682.109966867254116, 2464977.197522849775851 ], [ 618765.822881532250904, 2465213.653592124115676 ], [ 618781.276739509426989, 2465213.771553251426667 ], [ 618888.618048622156493, 2465189.127459906041622 ], [ 618876.473251183051616, 2465295.318635618779808 ], [ 618938.254532781429589, 2465300.219267628155649 ], [ 618869.589282955857925, 2466061.39663490280509 ], [ 618996.227843598113395, 2466072.329082134179771 ], [ 619006.394330678042024, 2466090.120881409849972 ], [ 619034.86366757703945, 2466274.121710174717009 ], [ 619050.080219200230204, 2466574.269529187586159 ], [ 619031.486353884101845, 2466580.769955150783062 ], [ 618876.995119936880656, 2466575.159682037308812 ], [ 618868.52913118340075, 2466874.019107242114842 ], [ 618846.904495948343538, 2466872.746677237097174 ], [ 618814.386204625596292, 2466948.889883900992572 ], [ 618642.867757877102122, 2466880.045463588088751 ], [ 618606.086370087927207, 2466974.97766046738252 ], [ 618574.599602594738826, 2467051.129172339104116 ], [ 618555.533775556948967, 2467119.62557067302987 ], [ 618588.075722134322859, 2467175.230053510982543 ], [ 618330.597751290653832, 2467978.148395468946546 ], [ 618357.244743151357397, 2467996.065328771714121 ], [ 618458.588945898925886, 2468079.871975177433342 ], [ 618426.378483735956252, 2468116.161653304938227 ], [ 618444.826815805397928, 2468128.480646682903171 ], [ 618055.943844366353005, 2469011.222026575356722 ], [ 618032.312650562496856, 2469003.292565553914756 ], [ 618346.169705625856295, 2469179.499558914918453 ] ] } },
{ "type": "Feature", "properties": { "route_name": "18_Tampico - Universidad - Echeverría", "route_name_short": "Tampico - Universidad - Echeverría", "route_type": 3 }, "geometry": { "type": "LineString", "coordinates": [ [ 614059.659876113641076, 2464472.111270171590149 ], [ 614046.704079175135121, 2464412.232631158083677 ], [ 614055.895489857415669, 2464282.768622264731675 ], [ 614071.065943612251431, 2464040.423695740755647 ], [ 614082.504824636969715, 2463885.512784337624907 ], [ 614157.605371213401668, 2463901.562728104181588 ], [ 614236.753993504215032, 2463927.606695232912898 ], [ 614305.275868000928313, 2463857.254837442189455 ], [ 614380.107992686796933, 2463909.838392192963511 ], [ 614438.608992882189341, 2463941.267262259498239 ], [ 614590.091762866126373, 2463939.060135459061712 ], [ 614663.188066570204683, 2463947.348054955713451 ], [ 614746.448888324201107, 2463974.532062541693449 ], [ 614866.539792143041268, 2464037.415682788006961 ], [ 614922.897045734338462, 2464079.901718258857727 ], [ 614949.472860291949473, 2464108.882744219619781 ], [ 614992.615422554663382, 2464126.915097529999912 ], [ 615042.029780278680846, 2464132.815723714418709 ], [ 615121.446111384313554, 2464122.331702909432352 ], [ 615233.693489996599965, 2464130.911926288623363 ], [ 615300.770776884397492, 2464117.016153772361577 ], [ 615358.673751286230981, 2464089.767359179444611 ], [ 615450.955249667284079, 2464011.846602431032807 ], [ 615069.774712238810025, 2464142.984758515842259 ], [ 615080.052479519625194, 2464285.877813633996993 ], [ 615124.346198434126563, 2464426.808235548436642 ], [ 615139.260201829951257, 2464499.987787300720811 ], [ 615095.15287873626221, 2464612.586762102786452 ], [ 615122.233636111253873, 2464712.426931640133262 ], [ 615267.852816324913874, 2464805.394911128561944 ], [ 615302.1324959222693, 2465045.891902252566069 ], [ 615962.768512267270125, 2464880.30546235665679 ], [ 616053.481892185402103, 2464874.338987403549254 ], [ 616159.822975673363544, 2464845.240282021462917 ], [ 616212.926002682303078, 2464908.742238794919103 ], [ 616271.064119299175218, 2464987.781626029871404 ], [ 616789.179146324051544, 2464594.206667341757566 ], [ 616667.669701651320793, 2464447.15615724446252 ], [ 616558.355873666936532, 2464322.340347059071064 ], [ 616502.293671785970218, 2464241.101307607721537 ], [ 616573.766741181258112, 2464190.709094936493784 ], [ 616582.940118314814754, 2464204.063167291693389 ], [ 616696.282045440515503, 2464066.52301515545696 ], [ 616945.038182417978533, 2464283.170132445637137 ], [ 617120.188940473366529, 2464421.769431071355939 ], [ 617216.840920513495803, 2464311.785234579350799 ], [ 617324.702616600436158, 2464218.492821088060737 ], [ 617481.291650336235762, 2464085.712490917183459 ], [ 617628.568513227277435, 2463958.398846937343478 ], [ 617820.529636609950103, 2463781.604209963232279 ], [ 617726.874964109621942, 2463494.152176865842193 ], [ 617576.567916528438218, 2463066.776438551023602 ], [ 617493.525168592925183, 2462737.336188855115324 ], [ 617435.438382141059265, 2462514.367884556762874 ], [ 617396.052368655917235, 2462407.787951122969389 ], [ 617277.449253555503674, 2462146.722722550388426 ], [ 617056.89233515993692, 2461738.753538735676557 ], [ 616975.101692970260046, 2461514.502607693430036 ], [ 616971.66096833802294, 2461423.693543330300599 ], [ 616802.870483387261629, 2461119.079118673689663 ], [ 616766.393587411846966, 2461035.772492072544992 ], [ 616725.368674701894633, 2460871.612817158922553 ], [ 616685.104990569408983, 2460605.604845979716629 ], [ 616743.393474135897122, 2460391.261689164675772 ], [ 616756.080750156077556, 2460210.897676057647914 ], [ 616763.863861070014536, 2459997.283675765618682 ], [ 616820.398178196512163, 2459604.682952255010605 ], [ 616939.696451407624409, 2459226.945179162546992 ], [ 617062.207348027965054, 2458696.451144211925566 ], [ 616974.512700171675533, 2458432.301621573977172 ], [ 617129.232167623122223, 2458006.11780307861045 ], [ 617149.388593342737295, 2457792.597038292326033 ], [ 617201.025475007714704, 2457779.69928397750482 ], [ 617749.26546733174473, 2457525.867706619668752 ], [ 617659.926429339102469, 2457343.628164692316204 ], [ 618098.540508391684853, 2457139.909353584516793 ], [ 618362.356654008151963, 2457014.588702135253698 ], [ 618275.049382397788577, 2456836.78936917707324 ], [ 618631.990477967541665, 2456666.786764574702829 ], [ 618719.244374121306464, 2456851.230497824959457 ], [ 618668.31787851639092, 2456770.024223801679909 ], [ 618318.652959228958935, 2456932.331250035669655 ], [ 618053.805060360347852, 2457057.644883530214429 ], [ 618186.87023092713207, 2457318.822595286183059 ], [ 617749.26546733174473, 2457525.867706619668752 ], [ 617201.025475007714704, 2457779.69928397750482 ], [ 617156.57056479062885, 2457797.079366378951818 ], [ 617129.232167623122223, 2458006.11780307861045 ], [ 616892.327099408837967, 2458670.821373689454049 ], [ 617053.546701214741915, 2458751.741659676656127 ], [ 617056.530787736759521, 2458766.156467969994992 ], [ 617198.523329249350354, 2458799.328400008846074 ], [ 617116.801455684588291, 2459113.134127518162131 ], [ 617114.86537943710573, 2459645.639799497555941 ], [ 617104.650561609072611, 2460045.230241121724248 ], [ 617087.703609086456709, 2460517.839677317999303 ], [ 617073.923546324600466, 2460843.227165465243161 ], [ 617103.550885064760223, 2461015.052110237069428 ], [ 617129.928777930093929, 2461070.605911696795374 ], [ 617121.425864466116764, 2461242.144522059243172 ], [ 616975.790966206230223, 2461285.335465644020587 ], [ 616971.66096833802294, 2461423.693543330300599 ], [ 616975.101692970260046, 2461514.502607693430036 ], [ 617056.89233515993692, 2461738.753538735676557 ], [ 617277.449253555503674, 2462146.722722550388426 ], [ 617396.052368655917235, 2462407.787951122969389 ], [ 617435.438382141059265, 2462514.367884556762874 ], [ 617493.525168592925183, 2462737.336188855115324 ], [ 617576.567916528438218, 2463066.776438551023602 ], [ 617726.874964109621942, 2463494.152176865842193 ], [ 617842.334541215212084, 2463759.626846219412982 ], [ 617927.36829395906534, 2463688.307900506071746 ], [ 617961.151973828207701, 2463717.348899576347321 ], [ 617837.140689092222601, 2463901.298758972901851 ], [ 617585.764501229394227, 2464032.252426825929433 ], [ 617484.29073624603916, 2464097.913420212920755 ], [ 617324.702616600436158, 2464218.492821088060737 ], [ 617216.840920513495803, 2464311.785234579350799 ], [ 617120.188940473366529, 2464421.769431071355939 ], [ 616945.038182417978533, 2464283.170132445637137 ], [ 616696.282045440515503, 2464066.52301515545696 ], [ 616582.940118314814754, 2464204.063167291693389 ], [ 616573.766741181258112, 2464190.709094936493784 ], [ 616502.293671785970218, 2464241.101307607721537 ], [ 616558.355873666936532, 2464322.340347059071064 ], [ 616667.669701651320793, 2464447.15615724446252 ], [ 616726.837759091868065, 2464526.204954977147281 ], [ 616211.862665245076641, 2464913.162755138240755 ], [ 616212.926002682303078, 2464908.742238794919103 ], [ 616159.822975673363544, 2464845.240282021462917 ], [ 616053.481892185402103, 2464874.338987403549254 ], [ 615962.768512267270125, 2464880.30546235665679 ], [ 615302.1324959222693, 2465045.891902252566069 ], [ 615267.852816324913874, 2464805.394911128561944 ], [ 615122.233636111253873, 2464712.426931640133262 ], [ 615095.15287873626221, 2464612.586762102786452 ], [ 615139.260201829951257, 2464499.987787300720811 ], [ 615124.346198434126563, 2464426.808235548436642 ], [ 615080.052479519625194, 2464285.877813633996993 ], [ 615069.774712238810025, 2464142.984758515842259 ], [ 615450.955249667284079, 2464011.846602431032807 ], [ 615358.673751286230981, 2464089.767359179444611 ], [ 615300.770776884397492, 2464117.016153772361577 ], [ 615233.693489996599965, 2464130.911926288623363 ], [ 615121.446111384313554, 2464122.331702909432352 ], [ 615042.029780278680846, 2464132.815723714418709 ], [ 614992.615422554663382, 2464126.915097529999912 ], [ 614949.472860291949473, 2464108.882744219619781 ], [ 614922.897045734338462, 2464079.901718258857727 ], [ 614866.539792143041268, 2464037.415682788006961 ], [ 614746.448888324201107, 2463974.532062541693449 ], [ 614663.188066570204683, 2463947.348054955713451 ], [ 614590.091762866126373, 2463939.060135459061712 ], [ 614438.608992882189341, 2463941.267262259498239 ], [ 614380.107992686796933, 2463909.838392192963511 ], [ 614305.275868000928313, 2463857.254837442189455 ], [ 614236.753993504215032, 2463927.606695232912898 ], [ 614157.605371213401668, 2463901.562728104181588 ], [ 614082.504824636969715, 2463885.512784337624907 ], [ 614071.065943612251431, 2464040.423695740755647 ], [ 614055.895489857415669, 2464282.768622264731675 ], [ 614046.704079175135121, 2464412.232631158083677 ] ] } },
{ "type": "Feature", "properties": { "route_name": "19_Nuevo Madero - Serapio Venegas", "route_name_short": "Nuevo Madero - Serapio Venegas", "route_type": 3 }, "geometry": { "type": "LineString", "coordinates": [ [ 618385.889862075913697, 2471804.805991706904024 ], [ 618366.854776102700271, 2471869.981480787973851 ], [ 618490.246530836913735, 2471895.2803103197366 ], [ 618380.896628263173625, 2472459.082562565803528 ], [ 618271.892389054293744, 2472438.322589694987983 ], [ 618248.44389312597923, 2472542.214149308856577 ], [ 617909.108197145862505, 2472475.417087532579899 ], [ 618037.794333955156617, 2471804.367934140376747 ], [ 617928.743035812396556, 2471789.145942037925124 ], [ 617937.368700659484603, 2471738.283562685828656 ], [ 617927.120968215051107, 2471731.562891628593206 ], [ 617612.406616097665392, 2471674.924695160705596 ], [ 617204.10138060641475, 2471600.97884548921138 ], [ 617021.059040745603852, 2471564.169224868062884 ], [ 617002.722438274882734, 2471537.45992923155427 ], [ 616930.022274283110164, 2471208.095757930073887 ], [ 616844.411010149051435, 2471225.164914262946695 ], [ 616603.119329752982594, 2471127.03025015629828 ], [ 617045.154031701735221, 2470007.733620025683194 ], [ 616941.439183452981524, 2469965.988574453163892 ], [ 617121.106965853599831, 2469496.815212241839617 ], [ 616928.006387798930518, 2469424.504313483368605 ], [ 616745.27067361981608, 2469891.442296868190169 ], [ 616564.516329776961356, 2469821.442788880784065 ], [ 616515.286509009310976, 2469930.678352019749582 ], [ 616027.398141522891819, 2469748.778684856370091 ], [ 616102.229471703525633, 2469521.271323909051716 ], [ 616121.075087712844834, 2469480.448796134907752 ], [ 616159.953890992095694, 2469377.777407912537456 ], [ 616362.872188891516998, 2469102.51633277349174 ], [ 616542.737435248913243, 2468331.094872205052525 ], [ 616498.448760951287113, 2467643.241766359191388 ], [ 615861.532142181415111, 2467681.658599824644625 ], [ 615296.368970382376574, 2467629.850085722282529 ], [ 615163.115433666622266, 2467122.911369715817273 ], [ 615189.142424786346965, 2466947.07320030964911 ], [ 615808.913725331192836, 2465894.382706329226494 ], [ 616066.619925953797065, 2465461.207385921850801 ], [ 616105.723952134954743, 2465191.363252025097609 ], [ 616004.33418303122744, 2464833.00936526665464 ], [ 616034.609735986567102, 2464641.704458398744464 ], [ 616111.084220091346651, 2464472.886430928483605 ], [ 616006.212506213691086, 2463751.37428321223706 ], [ 615931.211377403931692, 2463445.252893409691751 ], [ 616028.396886895643547, 2463124.914369839709252 ], [ 616039.460083631449379, 2462884.753666165284812 ], [ 615935.84971949562896, 2462545.206357922405005 ], [ 615787.855033078929409, 2461937.409814152400941 ], [ 615743.342289445456117, 2461686.872592653613538 ], [ 615970.100039641954936, 2460850.476976677775383 ], [ 616399.56170565681532, 2459923.705653743818402 ], [ 617131.268705986207351, 2458009.454410463571548 ], [ 617153.486643775831908, 2457795.949115646071732 ], [ 617840.306765277404338, 2457482.270094495266676 ], [ 617789.436566362739541, 2457393.317410253919661 ], [ 617166.686352048185654, 2457685.337296843528748 ], [ 617153.486643775831908, 2457795.949115646071732 ], [ 617789.411513876984827, 2457396.63855319423601 ], [ 617166.686352048185654, 2457685.337296843528748 ], [ 617155.548129425616935, 2457795.964585107751191 ], [ 617131.268705986207351, 2458009.454410463571548 ], [ 616399.56170565681532, 2459923.705653743818402 ], [ 615970.100039641954936, 2460850.476976677775383 ], [ 615743.342289445456117, 2461686.872592653613538 ], [ 615787.855033078929409, 2461937.409814152400941 ], [ 615935.84971949562896, 2462545.206357922405005 ], [ 616039.460083631449379, 2462884.753666165284812 ], [ 616028.396886895643547, 2463124.914369839709252 ], [ 615931.211377403931692, 2463445.252893409691751 ], [ 616006.212506213691086, 2463751.37428321223706 ], [ 616111.084220091346651, 2464472.886430928483605 ], [ 616034.609735986567102, 2464641.704458398744464 ], [ 616004.33418303122744, 2464833.00936526665464 ], [ 616105.723952134954743, 2465191.363252025097609 ], [ 616066.619925953797065, 2465461.207385921850801 ], [ 615808.913725331192836, 2465894.382706329226494 ], [ 615189.142424786346965, 2466947.07320030964911 ], [ 615163.115433666622266, 2467122.911369715817273 ], [ 615229.999958030879498, 2467411.256485285237432 ], [ 615881.740828438312747, 2467458.171752973459661 ], [ 616480.411782138631679, 2467438.2896614568308 ], [ 616542.737435248913243, 2468331.094872205052525 ], [ 616362.872188891516998, 2469102.51633277349174 ], [ 616159.953890992095694, 2469377.777407912537456 ], [ 616121.075087712844834, 2469480.448796134907752 ], [ 616102.229471703525633, 2469521.271323909051716 ], [ 616027.398141522891819, 2469748.778684856370091 ], [ 616515.286509009310976, 2469930.678352019749582 ], [ 616564.516329776961356, 2469821.442788880784065 ], [ 616745.27067361981608, 2469891.442296868190169 ], [ 616928.006387798930518, 2469424.504313483368605 ], [ 617121.106965853599831, 2469496.815212241839617 ], [ 616941.439183452981524, 2469965.988574453163892 ], [ 617045.154031701735221, 2470007.733620025683194 ], [ 616603.119329752982594, 2471127.03025015629828 ], [ 616844.411010149051435, 2471225.164914262946695 ], [ 616930.022274283110164, 2471208.095757930073887 ], [ 617002.722438274882734, 2471537.45992923155427 ], [ 617021.059040745603852, 2471564.169224868062884 ], [ 617204.10138060641475, 2471600.97884548921138 ], [ 617612.406616097665392, 2471674.924695160705596 ], [ 617927.120968215051107, 2471731.562891628593206 ], [ 617937.368700659484603, 2471738.283562685828656 ], [ 617928.743035812396556, 2471789.145942037925124 ], [ 618037.794333955156617, 2471804.367934140376747 ], [ 617909.108197145862505, 2472475.417087532579899 ], [ 618248.44389312597923, 2472542.214149308856577 ], [ 618271.892389054293744, 2472438.322589694987983 ], [ 618380.896628263173625, 2472459.082562565803528 ], [ 618490.246530836913735, 2471895.2803103197366 ], [ 618366.854776102700271, 2471869.981480787973851 ] ] } },
{ "type": "Feature", "properties": { "route_name": "20_Miramar - Borreguera - Madero", "route_name_short": "Miramar - Borreguera - Madero", "route_type": 3 }, "geometry": { "type": "LineString", "coordinates": [ [ 616122.578751243883744, 2470931.895084716845304 ], [ 616501.479136765701696, 2471084.196225618943572 ], [ 616936.18111347721424, 2469980.341577175073326 ], [ 617343.708965913159773, 2468936.076627312228084 ], [ 617376.007210227893665, 2468887.607199267018586 ], [ 617362.809451312758029, 2468862.043645420577377 ], [ 617332.026176375104114, 2468846.311386615503579 ], [ 617520.794536840636283, 2468266.498330286238343 ], [ 617689.752604133449495, 2467719.750891321804374 ], [ 617719.541306653176434, 2467731.047713467851281 ], [ 617927.857410936965607, 2467158.029629276134074 ], [ 617662.956376939546317, 2467040.881780129857361 ], [ 617770.11785808741115, 2466766.019633319694549 ], [ 617962.212908679270186, 2466295.841426744125783 ], [ 618201.864541125833057, 2465669.922214000951499 ], [ 618159.970047362265177, 2465624.211939533241093 ], [ 618389.175771409529261, 2465019.25113556208089 ], [ 618930.007011926267296, 2463682.648258387111127 ], [ 618730.114807521924376, 2463140.8473681951873 ], [ 619289.829915671958588, 2462579.384319422766566 ], [ 619379.168240177212283, 2462485.963195600546896 ], [ 619488.544578247121535, 2462332.911543237511069 ], [ 619540.438053864752874, 2462150.634254615753889 ], [ 620316.689409750979394, 2461315.193347960244864 ], [ 619985.203997067641467, 2461000.429346024990082 ], [ 620050.325006728060544, 2460841.504875571932644 ], [ 620120.804752242052928, 2460656.050950851291418 ], [ 620092.945449920953251, 2460660.264844529796392 ], [ 620119.782717988360673, 2460654.935953678563237 ], [ 620120.804752242052928, 2460656.050950851291418 ], [ 620050.325006728060544, 2460841.504875571932644 ], [ 620027.252326072542928, 2460893.362036062870175 ], [ 620052.854027434717864, 2460914.594506095629185 ], [ 620457.896320372354239, 2461312.962549911811948 ], [ 619654.632349167135544, 2462175.867473609745502 ], [ 619484.312409429228865, 2462347.27168914815411 ], [ 619379.168240177212283, 2462485.963195600546896 ], [ 619289.829915671958588, 2462579.384319422766566 ], [ 618730.114807521924376, 2463140.8473681951873 ], [ 618930.007011926267296, 2463682.648258387111127 ], [ 618389.175771409529261, 2465019.25113556208089 ], [ 618159.970047362265177, 2465624.211939533241093 ], [ 618201.864541125833057, 2465669.922214000951499 ], [ 617962.212908679270186, 2466295.841426744125783 ], [ 617770.11785808741115, 2466766.019633319694549 ], [ 617662.956376939546317, 2467040.881780129857361 ], [ 617927.857410936965607, 2467158.029629276134074 ], [ 617719.541306653176434, 2467731.047713467851281 ], [ 617689.752604133449495, 2467719.750891321804374 ], [ 617520.794536840636283, 2468266.498330286238343 ], [ 617332.026176375104114, 2468846.311386615503579 ], [ 617362.809451312758029, 2468862.043645420577377 ], [ 617376.007210227893665, 2468887.607199267018586 ], [ 617343.708965913159773, 2468936.076627312228084 ], [ 616936.18111347721424, 2469980.341577175073326 ], [ 616501.479136765701696, 2471084.196225618943572 ] ] } },
{ "type": "Feature", "properties": { "route_name": "21_FOVISSTE - Lucio Blanco", "route_name_short": "FOVISSTE - Lucio Blanco", "route_type": 3 }, "geometry": { "type": "LineString", "coordinates": [ [ 620212.036789805162698, 2463792.134587068576366 ], [ 620142.151994965737686, 2463768.345511170104146 ], [ 619718.632475350052118, 2463636.656776424031705 ], [ 619896.088944445131347, 2463072.280701796989888 ], [ 619643.690016120555811, 2462929.734984644223005 ], [ 619581.824847872718237, 2463068.757594391237944 ], [ 619448.297158231260255, 2463012.376787376590073 ], [ 619371.271324918139726, 2462978.572565749753267 ], [ 619424.713307493249886, 2462862.734232221730053 ], [ 619449.748879773193039, 2462823.069741089362651 ], [ 619533.920298147248104, 2462865.786137859802693 ], [ 619570.554179488448426, 2462791.889983190689236 ], [ 619588.071318375179544, 2462792.024454155471176 ], [ 619753.339156341622584, 2462875.221351801417768 ], [ 619780.521538939676248, 2462824.502602081745863 ], [ 619894.898576049250551, 2462691.420363905373961 ], [ 619941.659905622247607, 2462640.852560971863568 ], [ 619711.148553770268336, 2462465.260968059301376 ], [ 619584.1640160769457, 2462361.323245816864073 ], [ 619521.680337530910037, 2462312.130356677807868 ], [ 619648.449583707842976, 2462175.819995864294469 ], [ 619583.980851872242056, 2462116.647543676197529 ], [ 619552.812094961525872, 2462149.622067802585661 ], [ 619475.072325018933043, 2462342.772337609902024 ], [ 619427.11158234544564, 2462415.474758183583617 ], [ 619351.295486685237847, 2462492.39237937098369 ], [ 619278.512103913002647, 2462577.083414932712913 ], [ 619260.421943341498263, 2462517.160294086206704 ], [ 618618.809782951138914, 2462737.007315664552152 ], [ 618514.647202371270396, 2462477.148435274139047 ], [ 618042.588325685006566, 2462625.239751119632274 ], [ 617829.798192206188105, 2462011.393131315242499 ], [ 618141.855214401031844, 2461900.829900926910341 ], [ 618075.387234637863003, 2461696.61655886285007 ], [ 618017.806276723975316, 2461543.398296039551497 ], [ 617999.818860274041072, 2461469.08529241848737 ], [ 617991.86840527295135, 2461294.100711259990931 ], [ 617652.600994932698086, 2461185.253264293540269 ], [ 617674.361881310702302, 2460896.460557571146637 ], [ 617717.026945351855829, 2460569.076734165195376 ], [ 617739.874838254414499, 2460545.999837315641344 ], [ 617649.053542037727311, 2460289.571009669452906 ], [ 617593.194184770341963, 2460043.370525668840855 ], [ 617470.207627383526415, 2459540.921780492644757 ], [ 617415.331074085552245, 2459300.26539051393047 ], [ 617376.443497774307616, 2459126.156291275750846 ], [ 617378.010996512253769, 2458780.749433017801493 ], [ 617356.941188495489769, 2458704.200327605009079 ], [ 617339.246215503895655, 2458590.034885749220848 ], [ 617346.619205723516643, 2458569.05522273760289 ], [ 617300.961927079828456, 2458472.39340491918847 ], [ 617566.710451785707846, 2458360.360511777922511 ], [ 617595.078134347684681, 2458425.893771511968225 ], [ 617610.505304657272063, 2458430.438458422664553 ], [ 617634.123564949957654, 2458305.512874301057309 ], [ 617704.771214896580204, 2458231.869003350846469 ], [ 617800.644494354957715, 2458230.378030947875232 ], [ 617859.687875345931388, 2458192.074818848166615 ], [ 617889.00784418405965, 2458131.405069220345467 ], [ 617826.297921223915182, 2457972.614637371618301 ], [ 617853.815718097845092, 2457877.61076337331906 ], [ 617938.746160915005021, 2457824.003665494732559 ], [ 618107.880225450964645, 2457813.104043916333467 ], [ 617878.417190043604933, 2457349.704436043743044 ], [ 617972.527127685607411, 2457309.452027925755829 ], [ 617972.527127685607411, 2457309.452027925755829 ], [ 618187.54926333820913, 2457773.850900186225772 ], [ 618107.880225450964645, 2457813.104043916333467 ], [ 617938.746160915005021, 2457824.003665494732559 ], [ 617853.815718097845092, 2457877.61076337331906 ], [ 617826.297921223915182, 2457972.614637371618301 ], [ 617889.00784418405965, 2458131.405069220345467 ], [ 617859.687875345931388, 2458192.074818848166615 ], [ 617800.644494354957715, 2458230.378030947875232 ], [ 617704.771214896580204, 2458231.869003350846469 ], [ 617634.123564949957654, 2458305.512874301057309 ], [ 617610.505304657272063, 2458430.438458422664553 ], [ 617595.078134347684681, 2458425.893771511968225 ], [ 617589.407500021741726, 2458494.491944012697786 ], [ 617543.728406293550506, 2458674.606980962213129 ], [ 617457.084137856145389, 2458682.81151045486331 ], [ 617497.314200874301605, 2458678.685905766673386 ], [ 617408.558651314582676, 2458693.517471414990723 ], [ 617356.941188495489769, 2458704.200327605009079 ], [ 617378.010996512253769, 2458780.749433017801493 ], [ 617376.443497774307616, 2459126.156291275750846 ], [ 617415.331074085552245, 2459300.26539051393047 ], [ 617470.207627383526415, 2459540.921780492644757 ], [ 617593.194184770341963, 2460043.370525668840855 ], [ 617649.053542037727311, 2460289.571009669452906 ], [ 617739.874838254414499, 2460545.999837315641344 ], [ 617717.026945351855829, 2460569.076734165195376 ], [ 617674.361881310702302, 2460896.460557571146637 ], [ 617652.600994932698086, 2461185.253264293540269 ], [ 617991.86840527295135, 2461294.100711259990931 ], [ 617999.818860274041072, 2461469.08529241848737 ], [ 618017.806276723975316, 2461543.398296039551497 ], [ 618075.387234637863003, 2461696.61655886285007 ], [ 618141.855214401031844, 2461900.829900926910341 ], [ 617985.842878447263502, 2461953.896651260089129 ], [ 618199.532339854864404, 2462584.359248179011047 ], [ 618514.647202371270396, 2462477.148435274139047 ], [ 618618.809782951138914, 2462737.007315664552152 ], [ 619260.421943341498263, 2462517.160294086206704 ], [ 619278.512103913002647, 2462577.083414932712913 ], [ 619351.295486685237847, 2462492.39237937098369 ], [ 619427.11158234544564, 2462415.474758183583617 ], [ 619475.072325018933043, 2462342.772337609902024 ], [ 619521.680337530910037, 2462312.130356677807868 ], [ 619584.1640160769457, 2462361.323245816864073 ], [ 619711.148553770268336, 2462465.260968059301376 ], [ 619941.659905622247607, 2462640.852560971863568 ], [ 619894.898576049250551, 2462691.420363905373961 ], [ 619780.521538939676248, 2462824.502602081745863 ], [ 619753.339156341622584, 2462875.221351801417768 ], [ 619588.071318375179544, 2462792.024454155471176 ], [ 619570.554179488448426, 2462791.889983190689236 ], [ 619533.920298147248104, 2462865.786137859802693 ], [ 619449.748879773193039, 2462823.069741089362651 ], [ 619424.713307493249886, 2462862.734232221730053 ], [ 619371.271324918139726, 2462978.572565749753267 ], [ 619448.297158231260255, 2463012.376787376590073 ], [ 619581.824847872718237, 2463068.757594391237944 ], [ 619643.690016120555811, 2462929.734984644223005 ], [ 619896.080422474304214, 2463073.387761949095875 ], [ 619924.608760397997685, 2462981.71595287322998 ], [ 619997.588659100350924, 2463005.527668870985508 ], [ 619792.66542088391725, 2463657.154416458681226 ], [ 620142.151994965737686, 2463768.345511170104146 ] ] } },
{ "type": "Feature", "properties": { "route_name": "22_Tampico - Borreguera por boulevard Zona Conurbada Tampico - Madero - Altamira", "route_name_short": "Tampico - Borreguera por boulevard Zona Conurbada Tampico - Madero - Altamira", "route_type": 3 }, "geometry": { "type": "LineString", "coordinates": [ [ 616977.132582664373331, 2469876.580445221625268 ], [ 617342.678959679207765, 2468936.06884683156386 ], [ 617368.738594154594466, 2468895.302145732566714 ], [ 617351.462602556101047, 2468864.172172909602523 ], [ 617328.969584618811496, 2468841.859807803295553 ], [ 617690.765926594845951, 2467721.972810751758516 ], [ 617720.554624126059934, 2467733.26963509246707 ], [ 617789.171374832862057, 2467514.579036011826247 ], [ 617927.849013447994366, 2467159.136689022183418 ], [ 617661.926244120229967, 2467040.873984156642109 ], [ 617812.070406416896731, 2466667.80353681370616 ], [ 617887.609746697940864, 2466487.915050174109638 ], [ 618053.704237399040721, 2466050.75439328700304 ], [ 618203.924991653999314, 2465669.937869322486222 ], [ 618164.082551524043083, 2465625.350297334138304 ], [ 618689.581772560835816, 2464267.588587608188391 ], [ 618932.177654660190456, 2463668.272240733727813 ], [ 618512.636855461867526, 2462470.490423955023289 ], [ 618045.05399290274363, 2461075.294353276956826 ], [ 617993.192480552475899, 2460983.01110690459609 ], [ 618032.311560182715766, 2460716.492301410529763 ], [ 617975.362869763048366, 2460615.313787498511374 ], [ 617961.964642603299581, 2460342.862089453730732 ], [ 617965.842942074988969, 2460102.647503188811243 ], [ 618113.738125385483727, 2459898.950559577904642 ], [ 618210.43323376099579, 2459651.689287040848285 ], [ 618525.791264118626714, 2459520.121195337269455 ], [ 618663.094508450245485, 2459220.029330230783671 ], [ 618775.455915629165247, 2458947.426531598437577 ], [ 618865.358585547306575, 2458782.043628922197968 ], [ 617905.665833938168362, 2456744.320636977441609 ], [ 617995.622681366512552, 2456708.4652921683155 ], [ 618282.053950240602717, 2457273.044565937947482 ], [ 618179.638032614369877, 2457320.982083943206817 ], [ 617990.47695821034722, 2456707.319310661405325 ], [ 618282.053950240602717, 2457273.044565937947482 ], [ 618240.66345740086399, 2457293.766241936013103 ], [ 618186.878609645180404, 2457317.715546664316207 ], [ 618865.358585547306575, 2458782.043628922197968 ], [ 618775.455915629165247, 2458947.426531598437577 ], [ 618663.094508450245485, 2459220.029330230783671 ], [ 618525.791264118626714, 2459520.121195337269455 ], [ 618210.43323376099579, 2459651.689287040848285 ], [ 618113.738125385483727, 2459898.950559577904642 ], [ 617965.842942074988969, 2460102.647503188811243 ], [ 617961.964642603299581, 2460342.862089453730732 ], [ 617975.362869763048366, 2460615.313787498511374 ], [ 618032.311560182715766, 2460716.492301410529763 ], [ 617993.192480552475899, 2460983.01110690459609 ], [ 618045.05399290274363, 2461075.294353276956826 ], [ 618512.636855461867526, 2462470.490423955023289 ], [ 618932.177654660190456, 2463668.272240733727813 ], [ 618689.581772560835816, 2464267.588587608188391 ], [ 618164.082551524043083, 2465625.350297334138304 ], [ 618203.924991653999314, 2465669.937869322486222 ], [ 618053.704237399040721, 2466050.75439328700304 ], [ 617887.609746697940864, 2466487.915050174109638 ], [ 617812.070406416896731, 2466667.80353681370616 ], [ 617661.926244120229967, 2467040.873984156642109 ], [ 617927.849013447994366, 2467159.136689022183418 ], [ 617789.171374832862057, 2467514.579036011826247 ], [ 617720.554624126059934, 2467733.26963509246707 ], [ 617690.765926594845951, 2467721.972810751758516 ], [ 617328.969584618811496, 2468841.859807803295553 ], [ 617351.462602556101047, 2468864.172172909602523 ], [ 617368.738594154594466, 2468895.302145732566714 ], [ 616976.110979795688763, 2469875.465625768527389 ] ] } },
{ "type": "Feature", "properties": { "route_name": "23_E. Cárdenas González - Universidad", "route_name_short": "E. Cárdenas González - Universidad", "route_type": 3 }, "geometry": { "type": "LineString", "coordinates": [ [ 617498.930100342724472, 2469114.389790806919336 ], [ 617574.505837888922542, 2468927.857628358062357 ], [ 617620.696912442333996, 2468949.242668609600514 ], [ 617751.146873478661291, 2468997.837325492873788 ], [ 617787.944081044057384, 2468899.582161684986204 ], [ 617834.286135558271781, 2468901.040736335795373 ], [ 617981.883975703269243, 2468454.882284526247531 ], [ 617886.29184659384191, 2468427.585722521878779 ], [ 617890.672399221453816, 2468393.298087195493281 ], [ 617926.382843901636079, 2468302.784825797658414 ], [ 617939.146763744065538, 2468249.739703921601176 ], [ 618005.586975572281517, 2468046.533119212370366 ], [ 618139.451779798953794, 2467646.770898257847875 ], [ 618281.167986934073269, 2467299.104253483936191 ], [ 617927.832218459341675, 2467161.350808519870043 ], [ 618078.116414715768769, 2466770.569687863811851 ], [ 617808.963158113183454, 2466669.994240490719676 ], [ 617667.19420654210262, 2467025.414140128996223 ], [ 616994.381297640735283, 2466764.592097541317344 ], [ 616489.011382762691937, 2466840.510357427876443 ], [ 616500.417665429180488, 2467655.434829678852111 ], [ 615861.540394460898824, 2467680.55154493264854 ], [ 615304.576814911328256, 2467634.339428718201816 ], [ 615172.255294964299537, 2467140.69288661936298 ], [ 615180.515916112344712, 2466999.04360395250842 ], [ 615414.592581674223766, 2466552.398434705566615 ], [ 615713.97109323379118, 2466054.207645175978541 ], [ 615982.073444446199574, 2465607.823078825138509 ], [ 616054.034172814222984, 2465491.005588233470917 ], [ 616080.756300376378931, 2465361.672557721380144 ], [ 616126.566053255228326, 2465297.80175658967346 ], [ 616354.329009453300387, 2465151.149864775594324 ], [ 616653.748905828455463, 2464929.754213531967252 ], [ 616895.365057048387825, 2464723.429305415600538 ], [ 617124.343479144969024, 2464417.372223308309913 ], [ 617366.157412785105407, 2464186.698896094691008 ], [ 617826.745241621276364, 2463777.22276956634596 ], [ 617652.208469778066501, 2463284.342636792454869 ], [ 617567.444770136964507, 2463046.779466546140611 ], [ 617508.371793018071912, 2462818.267670262604952 ], [ 617464.377662455081008, 2462639.690156708937138 ], [ 617401.112798830959946, 2462420.004353304859251 ], [ 617326.924572701449506, 2462282.163209005724639 ], [ 617240.83596875728108, 2462082.23454921040684 ], [ 617168.547360627446324, 2461965.443829492665827 ], [ 617107.559580901055597, 2461853.166890434455127 ], [ 617056.867389671504498, 2461742.07469145860523 ], [ 617011.351816369919106, 2461627.700234217103571 ], [ 616978.276269822614267, 2461503.455305687617511 ], [ 616977.70274115470238, 2461442.559800936840475 ], [ 616887.12545934447553, 2461290.205901096109301 ], [ 616763.32687959400937, 2461032.42818832071498 ], [ 616724.371289510978386, 2460867.176905741449445 ], [ 616690.865788165130652, 2460662.110598674044013 ], [ 616683.019025836838409, 2460608.910567601211369 ], [ 616740.177448795409873, 2460407.84427039604634 ], [ 616754.262791353277862, 2460316.05955188209191 ], [ 616747.410483638406731, 2460130.01371986605227 ], [ 616831.367679560557008, 2459516.196321058552712 ], [ 616963.217184808221646, 2459114.196289191488177 ], [ 617060.786369814537466, 2458748.474635762162507 ], [ 616968.337264571571723, 2459118.663110264576972 ], [ 617383.574801498325542, 2459137.281052934937179 ], [ 617367.760700336657465, 2458910.204310419037938 ], [ 617336.104203586350195, 2458596.653925385791808 ], [ 617585.3013890334405, 2458492.246785564348102 ], [ 617647.831535836914554, 2458264.653074687346816 ], [ 617774.943416799069382, 2458221.327195941470563 ], [ 617843.121156273642555, 2458201.913746625185013 ], [ 617886.92967739677988, 2458133.603598470333964 ], [ 617838.499588796519674, 2457994.848967392463237 ], [ 617837.19854495243635, 2457894.0919991414994 ], [ 617892.245677310973406, 2457839.152015800587833 ], [ 618037.72264182229992, 2457821.430346077308059 ], [ 618190.708551036426798, 2457765.017915734089911 ], [ 617970.448846207465976, 2457311.650549561250955 ], [ 617700.456459043547511, 2457436.930870964191854 ], [ 617892.245677310973406, 2457839.152015800587833 ], [ 617892.245677310973406, 2457839.152015800587833 ], [ 617700.456459043547511, 2457436.930870964191854 ], [ 617970.448846207465976, 2457311.650549561250955 ], [ 618190.708551036426798, 2457765.017915734089911 ], [ 618037.72264182229992, 2457821.430346077308059 ], [ 617892.245677310973406, 2457839.152015800587833 ], [ 617837.19854495243635, 2457894.0919991414994 ], [ 617838.499588796519674, 2457994.848967392463237 ], [ 617886.92967739677988, 2458133.603598470333964 ], [ 617843.121156273642555, 2458201.913746625185013 ], [ 617774.943416799069382, 2458221.327195941470563 ], [ 617647.831535836914554, 2458264.653074687346816 ], [ 617585.3013890334405, 2458492.246785564348102 ], [ 617336.104203586350195, 2458596.653925385791808 ], [ 617378.027650228352286, 2458778.535336602013558 ], [ 617367.760700336657465, 2458910.204310419037938 ], [ 617374.275897803949192, 2459003.250643664505333 ], [ 617288.680887509370223, 2459009.249681047163904 ], [ 617162.200277611264028, 2458969.550612903665751 ], [ 617126.467934308340773, 2459061.172504225745797 ], [ 617111.639867917634547, 2459114.202495416160673 ], [ 617130.083632517140359, 2459128.733374887611717 ], [ 617103.852765235118568, 2459876.943333088885993 ], [ 617108.374077888787724, 2459961.117735115345567 ], [ 617045.499195495853201, 2459961.752883860375732 ], [ 617013.268227774300613, 2459999.152817950118333 ], [ 616835.207207593368366, 2459966.818856585770845 ], [ 616811.95012646948453, 2460319.812889046035707 ], [ 616802.696176077239215, 2460592.092831564135849 ], [ 616803.129636040073819, 2460671.808072402141988 ], [ 616850.662907173857093, 2460930.121186510194093 ], [ 617128.242017841897905, 2461020.773164258804172 ], [ 617127.567363020265475, 2461247.726232755929232 ], [ 616972.7492758219596, 2461278.669965168926865 ], [ 616977.70274115470238, 2461442.559800936840475 ], [ 616978.276269822614267, 2461503.455305687617511 ], [ 617011.351816369919106, 2461627.700234217103571 ], [ 617056.867389671504498, 2461742.07469145860523 ], [ 617107.559580901055597, 2461853.166890434455127 ], [ 617168.547360627446324, 2461965.443829492665827 ], [ 617240.83596875728108, 2462082.23454921040684 ], [ 617326.924572701449506, 2462282.163209005724639 ], [ 617401.112798830959946, 2462420.004353304859251 ], [ 617464.377662455081008, 2462639.690156708937138 ], [ 617508.371793018071912, 2462818.267670262604952 ], [ 617567.444770136964507, 2463046.779466546140611 ], [ 617652.208469778066501, 2463284.342636792454869 ], [ 617826.745241621276364, 2463777.22276956634596 ], [ 617366.157412785105407, 2464186.698896094691008 ], [ 617124.343479144969024, 2464417.372223308309913 ], [ 616895.365057048387825, 2464723.429305415600538 ], [ 616653.748905828455463, 2464929.754213531967252 ], [ 616354.329009453300387, 2465151.149864775594324 ], [ 616126.566053255228326, 2465297.80175658967346 ], [ 616080.756300376378931, 2465361.672557721380144 ], [ 616054.034172814222984, 2465491.005588233470917 ], [ 615982.073444446199574, 2465607.823078825138509 ], [ 615713.97109323379118, 2466054.207645175978541 ], [ 615414.592581674223766, 2466552.398434705566615 ], [ 615180.515916112344712, 2466999.04360395250842 ], [ 615172.255294964299537, 2467140.69288661936298 ], [ 615304.576814911328256, 2467634.339428718201816 ], [ 615861.540394460898824, 2467680.55154493264854 ], [ 616500.417665429180488, 2467655.434829678852111 ], [ 616489.011382762691937, 2466840.510357427876443 ], [ 616994.381297640735283, 2466764.592097541317344 ], [ 617667.19420654210262, 2467025.414140128996223 ], [ 617808.963158113183454, 2466669.994240490719676 ], [ 618078.116414715768769, 2466770.569687863811851 ], [ 617927.832218459341675, 2467161.350808519870043 ], [ 618281.167986934073269, 2467299.104253483936191 ], [ 618139.451779798953794, 2467646.770898257847875 ], [ 618005.586975572281517, 2468046.533119212370366 ], [ 617939.146763744065538, 2468249.739703921601176 ], [ 617926.382843901636079, 2468302.784825797658414 ], [ 617890.672399221453816, 2468393.298087195493281 ], [ 617886.29184659384191, 2468427.585722521878779 ], [ 617981.883975703269243, 2468454.882284526247531 ], [ 617834.286135558271781, 2468901.040736335795373 ], [ 617787.944081044057384, 2468899.582161684986204 ], [ 617751.146873478661291, 2468997.837325492873788 ], [ 617620.696912442333996, 2468949.242668609600514 ], [ 617574.505837888922542, 2468927.857628358062357 ] ] } },
{ "type": "Feature", "properties": { "route_name": "25_Madero - Col Echeverría", "route_name_short": "Madero - Col Echeverría", "route_type": 3 }, "geometry": { "type": "LineString", "coordinates": [ [ 620185.31419539754279, 2459908.132676966954023 ], [ 620127.190636766143143, 2459960.826806692406535 ], [ 620205.771088838111609, 2460062.180423550307751 ], [ 620252.709326651412994, 2460123.434045508038253 ], [ 620200.718657644465566, 2460182.817912945989519 ], [ 620375.728355414932594, 2460342.486499930731952 ], [ 620252.064390566200018, 2460474.387260679621249 ], [ 619872.1838533510454, 2460687.35126377036795 ], [ 619737.977684929850511, 2460448.288827526848763 ], [ 618711.088065537041984, 2461039.388549355790019 ], [ 618841.215546357329004, 2461273.982168034184724 ], [ 618496.605602096882649, 2461461.783030845224857 ], [ 618116.267033225973137, 2461333.791937930043787 ], [ 618039.683403027942404, 2461104.038708717562258 ], [ 617990.938700619386509, 2461008.457715363241732 ], [ 618019.810854471405037, 2460734.111524826381356 ], [ 617971.114995221141726, 2460631.888378556352109 ], [ 617960.222253188723698, 2460436.953688251785934 ], [ 617731.530031743226573, 2460559.222201832570136 ], [ 617652.592639538343064, 2461186.360316124279052 ], [ 617129.305817930493504, 2461016.352705977857113 ], [ 617124.525727652246132, 2461241.060700361151248 ], [ 616974.835222959285602, 2461275.364281120244414 ], [ 616982.406568108592182, 2461502.379192375577986 ], [ 617067.122312092222273, 2461748.794401013292372 ], [ 617257.29000357480254, 2462086.78681705892086 ], [ 617375.693801357294433, 2462374.421099194325507 ], [ 617439.810465570073575, 2462481.187369545921683 ], [ 617514.579319884069264, 2462814.993149999063462 ], [ 617601.784473663661629, 2463138.929429383948445 ], [ 617827.113849648972973, 2463728.512332797050476 ], [ 617850.652758838259615, 2463749.725733764935285 ], [ 617928.440571676008403, 2463682.780426142271608 ], [ 617954.048519506119192, 2463702.902537046000361 ], [ 617848.574997431831434, 2463888.099875208921731 ], [ 617803.985488477861509, 2463925.404475039802492 ], [ 617503.983933935523964, 2464082.562395520973951 ], [ 617242.490332813235, 2464326.370921923778951 ], [ 617120.986009790329263, 2464452.774704300798476 ], [ 616873.371617499622516, 2464770.870140808168799 ], [ 616317.814965812605806, 2465211.768197052180767 ], [ 616204.131977267214097, 2465258.524722449481487 ], [ 616130.68702812877018, 2465297.83251331653446 ], [ 616099.424517568550073, 2465345.205129642505199 ], [ 616104.261803040397353, 2465387.311571738217026 ], [ 616134.130434820312075, 2465388.641600436996669 ], [ 616179.72541991842445, 2465353.554323973599821 ], [ 616187.333903516060673, 2465300.469634798355401 ], [ 616128.521660187863745, 2465173.819548849016428 ], [ 616066.535058250883594, 2465058.217214919626713 ], [ 616020.48844475694932, 2464877.414323612116277 ], [ 616005.019076318014413, 2464741.12406711326912 ], [ 616104.539088730351068, 2464521.550593469757587 ], [ 616104.840055686305277, 2464204.918483725283295 ], [ 616078.507314957911149, 2464005.441822168882936 ], [ 616001.003044134937227, 2463759.085255268961191 ], [ 615623.05010480247438, 2463870.306450173258781 ], [ 615447.79038570181001, 2464021.78712571086362 ], [ 615300.639589559286833, 2464134.728940012864769 ], [ 615020.335855022189207, 2464140.405187595635653 ], [ 614953.422471722122282, 2464132.161187971942127 ], [ 614857.242379136616364, 2464040.668411904480308 ], [ 614710.411905717221089, 2463970.945179537404329 ], [ 614498.327346411533654, 2463947.241863424424082 ], [ 614450.867140205809847, 2463955.749754170887172 ], [ 614410.827916440786794, 2464076.130073865875602 ], [ 614215.351507070939988, 2464035.946032083593309 ], [ 614187.36949876404833, 2464198.485321619082242 ], [ 614423.310739313485101, 2464200.2177629978396 ], [ 614719.958938518539071, 2464213.472109984140843 ], [ 614721.90534365340136, 2464228.985963981598616 ], [ 614953.422471722122282, 2464132.161187971942127 ], [ 614953.422471722122282, 2464132.161187971942127 ], [ 614721.90534365340136, 2464228.985963981598616 ], [ 614719.958938518539071, 2464213.472109984140843 ], [ 614423.310739313485101, 2464200.2177629978396 ], [ 614187.36949876404833, 2464198.485321619082242 ], [ 614215.351507070939988, 2464035.946032083593309 ], [ 614410.827916440786794, 2464076.130073865875602 ], [ 614450.867140205809847, 2463955.749754170887172 ], [ 614498.327346411533654, 2463947.241863424424082 ], [ 614710.411905717221089, 2463970.945179537404329 ], [ 614857.242379136616364, 2464040.668411904480308 ], [ 614953.422471722122282, 2464132.161187971942127 ], [ 615020.335855022189207, 2464140.405187595635653 ], [ 615300.639589559286833, 2464134.728940012864769 ], [ 615447.79038570181001, 2464021.78712571086362 ], [ 615623.05010480247438, 2463870.306450173258781 ], [ 616001.003044134937227, 2463759.085255268961191 ], [ 616078.507314957911149, 2464005.441822168882936 ], [ 616104.840055686305277, 2464204.918483725283295 ], [ 616104.539088730351068, 2464521.550593469757587 ], [ 616005.019076318014413, 2464741.12406711326912 ], [ 616020.48844475694932, 2464877.414323612116277 ], [ 616066.535058250883594, 2465058.217214919626713 ], [ 616128.521660187863745, 2465173.819548849016428 ], [ 616177.849772907327861, 2465190.794481010641903 ], [ 616199.451975064934231, 2465195.384241824038327 ], [ 616265.338394946535118, 2465202.519087786786258 ], [ 616320.07408227364067, 2465185.214325413573533 ], [ 616285.968223957228474, 2465199.35190141107887 ], [ 616256.057869989657775, 2465203.55686192587018 ], [ 616221.054165966110304, 2465199.97403321089223 ], [ 616288.028725371463224, 2465199.367300166282803 ], [ 616333.550120938685723, 2465174.243919763248414 ], [ 616340.828105056774803, 2465165.441413074731827 ], [ 616362.612434991169721, 2465145.676230682991445 ], [ 616412.346240698592737, 2465108.406300940085202 ], [ 616873.371617499622516, 2464770.870140808168799 ], [ 617120.986009790329263, 2464452.774704300798476 ], [ 617242.490332813235, 2464326.370921923778951 ], [ 617503.983933935523964, 2464082.562395520973951 ], [ 617567.527847536024638, 2463991.151329032145441 ], [ 617649.401120522525162, 2463928.664061850868165 ], [ 617711.639948516036384, 2463873.778569254558533 ], [ 617759.370636258507147, 2463829.854756732936949 ], [ 617808.115189758478664, 2463788.15298704104498 ], [ 617850.652758838259615, 2463749.725733764935285 ], [ 617827.113849648972973, 2463728.512332797050476 ], [ 617601.784473663661629, 2463138.929429383948445 ], [ 617514.579319884069264, 2462814.993149999063462 ], [ 617439.810465570073575, 2462481.187369545921683 ], [ 617375.693801357294433, 2462374.421099194325507 ], [ 617257.29000357480254, 2462086.78681705892086 ], [ 617067.122312092222273, 2461748.794401013292372 ], [ 616982.406568108592182, 2461502.379192375577986 ], [ 616724.271829892764799, 2460880.461493539158255 ], [ 617009.049568652408198, 2460973.379383876454085 ], [ 617129.305817930493504, 2461016.352705977857113 ], [ 617652.592639538343064, 2461186.360316124279052 ], [ 617731.530031743226573, 2460559.222201832570136 ], [ 617960.222253188723698, 2460436.953688251785934 ], [ 617971.114995221141726, 2460631.888378556352109 ], [ 618019.810854471405037, 2460734.111524826381356 ], [ 617990.938700619386509, 2461008.457715363241732 ], [ 618039.683403027942404, 2461104.038708717562258 ], [ 618116.267033225973137, 2461333.791937930043787 ], [ 618316.687505546724424, 2461405.06035684607923 ], [ 618756.694616368506104, 2461140.483723863493651 ], [ 618617.483513592975214, 2460880.358141290023923 ], [ 619653.629144391859882, 2460292.64437499595806 ], [ 619787.855061685550027, 2460529.491809504572302 ], [ 620196.739496698370203, 2460297.928071484901011 ], [ 620251.847174877650104, 2460235.24686837149784 ], [ 620200.718657644465566, 2460182.817912945989519 ], [ 620252.709326651412994, 2460123.434045508038253 ], [ 620270.417318417690694, 2460099.213877079077065 ], [ 620189.376930619357154, 2459915.913842909038067 ] ] } },
{ "type": "Feature", "properties": { "route_name": "24_Tampico - Tancol - Col del Bosque", "route_name_short": "Tampico - Tancol - Col del Bosque", "route_type": 3 }, "geometry": { "type": "LineString", "coordinates": [ [ 616815.524225143017247, 2468904.417741331271827 ], [ 616425.442237962619402, 2468862.740119833964854 ], [ 616540.436556515633129, 2468363.184088198002428 ], [ 616538.600653539877385, 2468333.278085255529732 ], [ 616397.501261626603082, 2468330.006240955553949 ], [ 616363.219656054745428, 2468368.498646709602326 ], [ 616116.990302837220952, 2468373.299334518611431 ], [ 615909.465087796910666, 2468437.069813692010939 ], [ 615529.374089852441102, 2468435.346148035489023 ], [ 614774.359801012906246, 2468429.750652225222439 ], [ 614730.370760603807867, 2468248.96634382288903 ], [ 614596.459068962489255, 2467689.993689284659922 ], [ 614277.166718927212059, 2467683.214410420507193 ], [ 614119.202997608459555, 2467450.667842999100685 ], [ 613968.907792698359117, 2467155.074194016400725 ], [ 613956.854775455431081, 2467112.915708271786571 ], [ 614066.640123866964132, 2467032.901847465895116 ], [ 613704.160552704939619, 2466590.725032940506935 ], [ 614005.630761626758613, 2466361.546688659116626 ], [ 614049.286580653279088, 2466449.328315693419427 ], [ 614055.378238122910261, 2466461.551181627903134 ], [ 614133.394204609328881, 2466499.765243149828166 ], [ 614203.566919375327416, 2466483.673781489022076 ], [ 614293.081856975215487, 2466639.32670186040923 ], [ 614394.4355663722381, 2466585.82360151829198 ], [ 614413.682670612470247, 2466630.249590249732137 ], [ 614633.961646846146323, 2466515.625286261085421 ], [ 614566.050157631398179, 2466364.557856718078256 ], [ 614366.062826949870214, 2466241.303909482900053 ], [ 614399.565881451475434, 2466168.481097979936749 ], [ 614353.403082194854505, 2466141.571013539098203 ], [ 614662.700896782916971, 2465971.138947415165603 ], [ 615160.719671548344195, 2465916.141146145761013 ], [ 615343.549411668209359, 2465852.176145921926945 ], [ 615381.962593040894717, 2465812.604978420771658 ], [ 616074.236249187379144, 2465407.015601930674165 ], [ 616098.132237984915264, 2465242.233859492465854 ], [ 616090.633598462911323, 2465142.537640853319317 ], [ 616006.056395542458631, 2464878.413851296063513 ], [ 616001.96124110056553, 2464736.672822485212237 ], [ 616097.409596609766595, 2464510.426281070336699 ], [ 616091.241180418175645, 2464094.105784655548632 ], [ 616004.242540817009285, 2463739.181374499108642 ], [ 615934.409617057652213, 2463430.884255934506655 ], [ 616039.739394866395742, 2463123.891761451028287 ], [ 616030.565789330867119, 2462833.76030505169183 ], [ 615929.527119826409034, 2462563.980180751532316 ], [ 615771.704796305508353, 2461891.898359197657555 ], [ 615750.358327274094336, 2461713.495303172152489 ], [ 615828.849436662392691, 2461274.55639411881566 ], [ 616462.71197589521762, 2459748.146768234204501 ], [ 616972.393222060985863, 2458440.035499232355505 ], [ 617141.62583581765648, 2458002.889472299255431 ], [ 617162.804868739214726, 2457790.483498116023839 ], [ 617927.175352619844489, 2457445.284141299780458 ], [ 617927.175352619844489, 2457445.284141299780458 ], [ 617961.569130009389482, 2457531.898621583823115 ], [ 617148.449886455317028, 2457917.693291400559247 ], [ 617141.62583581765648, 2458002.889472299255431 ], [ 616972.393222060985863, 2458440.035499232355505 ], [ 616462.71197589521762, 2459748.146768234204501 ], [ 615828.849436662392691, 2461274.55639411881566 ], [ 615750.358327274094336, 2461713.495303172152489 ], [ 615771.704796305508353, 2461891.898359197657555 ], [ 615929.527119826409034, 2462563.980180751532316 ], [ 616030.565789330867119, 2462833.76030505169183 ], [ 616039.739394866395742, 2463123.891761451028287 ], [ 615934.409617057652213, 2463430.884255934506655 ], [ 616004.242540817009285, 2463739.181374499108642 ], [ 616091.241180418175645, 2464094.105784655548632 ], [ 616097.409596609766595, 2464510.426281070336699 ], [ 616001.96124110056553, 2464736.672822485212237 ], [ 616006.056395542458631, 2464878.413851296063513 ], [ 616090.633598462911323, 2465142.537640853319317 ], [ 616194.553876735153608, 2465299.416435107123107 ], [ 616143.295144294621423, 2465403.102499012835324 ], [ 616060.13297398306895, 2465502.122226189821959 ], [ 615725.31968286447227, 2466052.077847628854215 ], [ 615373.499245437211357, 2465842.434237836394459 ], [ 615343.549411668209359, 2465852.176145921926945 ], [ 615160.719671548344195, 2465916.141146145761013 ], [ 614662.700896782916971, 2465971.138947415165603 ], [ 614353.403082194854505, 2466141.571013539098203 ], [ 614399.565881451475434, 2466168.481097979936749 ], [ 614366.062826949870214, 2466241.303909482900053 ], [ 614566.050157631398179, 2466364.557856718078256 ], [ 614633.961646846146323, 2466515.625286261085421 ], [ 614413.682670612470247, 2466630.249590249732137 ], [ 614394.4355663722381, 2466585.82360151829198 ], [ 614293.081856975215487, 2466639.32670186040923 ], [ 614203.566919375327416, 2466483.673781489022076 ], [ 614133.394204609328881, 2466499.765243149828166 ], [ 614055.378238122910261, 2466461.551181627903134 ], [ 614049.286580653279088, 2466449.328315693419427 ], [ 614005.630761626758613, 2466361.546688659116626 ], [ 613704.160552704939619, 2466590.725032940506935 ], [ 614066.640123866964132, 2467032.901847465895116 ], [ 613956.854775455431081, 2467112.915708271786571 ], [ 613968.907792698359117, 2467155.074194016400725 ], [ 614119.202997608459555, 2467450.667842999100685 ], [ 614277.166718927212059, 2467683.214410420507193 ], [ 614596.459068962489255, 2467689.993689284659922 ], [ 614730.370760603807867, 2468248.96634382288903 ], [ 614789.181000484968536, 2468375.611585375387222 ], [ 615521.553584868903272, 2468378.825081882532686 ], [ 615913.948611563188024, 2468388.390089913737029 ], [ 616116.990302837220952, 2468373.299334518611431 ], [ 616363.219656054745428, 2468368.498646709602326 ], [ 616397.501261626603082, 2468330.006240955553949 ], [ 616538.600653539877385, 2468333.278085255529732 ], [ 616540.436556515633129, 2468363.184088198002428 ], [ 616425.425644251517951, 2468864.954235440585762 ], [ 616814.502543116919696, 2468903.302937088534236 ] ] } },
{ "type": "Feature", "properties": { "route_name": "27_Tampico - Santa Elena", "route_name_short": "Tampico - Santa Elena", "route_type": 3 }, "geometry": { "type": "LineString", "coordinates": [ [ 617563.124809798435308, 2456919.983263169415295 ], [ 617490.435693030711263, 2456990.291258280631155 ], [ 617462.779022547416389, 2456966.833939865231514 ], [ 617403.632380178780295, 2457018.423320247791708 ], [ 617050.911750933853909, 2457178.520580247975886 ], [ 616889.546117060584947, 2457252.595206968486309 ], [ 616848.964729208266363, 2457303.218419547658414 ], [ 616786.629775082226843, 2457368.071405913215131 ], [ 616682.841357451747172, 2457462.506675641518086 ], [ 616645.45269366260618, 2457499.868946145754308 ], [ 616618.363522666273639, 2457538.415326573885977 ], [ 616585.897515638615005, 2457606.813472270034254 ], [ 616551.411600927356631, 2457669.661065236199647 ], [ 616499.436328418902121, 2457727.949786133598536 ], [ 616472.380928148399107, 2457762.068217317108065 ], [ 616454.519733456545509, 2457807.326331048738211 ], [ 616411.383184035657905, 2458062.746152590960264 ], [ 616259.693849565344863, 2458361.641407919116318 ], [ 616025.096906291786581, 2458305.647588475141674 ], [ 615748.38715940900147, 2458229.417165607679635 ], [ 615268.010483551886864, 2458095.224291067104787 ], [ 615166.026637319708243, 2458086.721840512938797 ], [ 615054.635700640967116, 2458095.864345901180059 ], [ 614888.266639897599816, 2458152.208242273423821 ], [ 614739.38021460280288, 2458214.217854829970747 ], [ 614369.99803134764079, 2458405.249339511152357 ], [ 614271.944288985105231, 2458423.351818299852312 ], [ 614146.337410460575484, 2458403.612018302083015 ], [ 613720.453084611683153, 2458287.579291727859527 ], [ 613422.169520217226818, 2458200.162563760764897 ], [ 613148.571774532902054, 2458119.573194608092308 ], [ 612980.886622780235484, 2458074.074865948874503 ], [ 612639.145615239161998, 2458008.50092368805781 ], [ 612386.819621987408027, 2457979.004998421296477 ], [ 611090.41856189223472, 2457646.456310097128153 ], [ 610565.692546704551205, 2457508.774350960273296 ], [ 610560.38205864909105, 2457530.878437936771661 ], [ 611089.214538857806474, 2457670.803647754713893 ], [ 611002.75022134766914, 2457943.639027510769665 ], [ 610979.342563835438341, 2458046.431657579727471 ], [ 610979.342563835438341, 2458046.431657579727471 ], [ 611300.457984394393861, 2458114.036076324991882 ], [ 611471.222980066435412, 2458161.75231133820489 ], [ 611514.615283660474233, 2458147.670094205066562 ], [ 611573.333717211848125, 2458152.518044244963676 ], [ 611931.486644813790917, 2458229.257192854303867 ], [ 612357.415273800492287, 2458340.812322905287147 ], [ 612795.107933680177666, 2458392.681350069586188 ], [ 612811.727007958572358, 2458375.08796386513859 ], [ 612921.930958204437047, 2458386.955826378427446 ], [ 612937.233743414981291, 2458266.393302786163986 ], [ 612980.886622780235484, 2458074.074865948874503 ], [ 613148.571774532902054, 2458119.573194608092308 ], [ 613422.169520217226818, 2458200.162563760764897 ], [ 613720.453084611683153, 2458287.579291727859527 ], [ 614134.821678566397168, 2458427.883968993555754 ], [ 614244.579035370610654, 2458500.648409754503518 ], [ 614378.53600674669724, 2458506.057948463130742 ], [ 614477.806842192076147, 2458462.50179039221257 ], [ 614615.782998051727191, 2458341.733412435278296 ], [ 614745.499358766013756, 2458223.119639654643834 ], [ 614888.266639897599816, 2458152.208242273423821 ], [ 615054.635700640967116, 2458095.864345901180059 ], [ 615166.026637319708243, 2458086.721840512938797 ], [ 615268.010483551886864, 2458095.224291067104787 ], [ 615748.38715940900147, 2458229.417165607679635 ], [ 616025.096906291786581, 2458305.647588475141674 ], [ 616259.693849565344863, 2458361.641407919116318 ], [ 616324.603379820124246, 2458365.446349059231579 ], [ 616392.036591800278984, 2458307.272410293575376 ], [ 616417.268963434849866, 2458241.034188719466329 ], [ 616506.595954871852882, 2458149.810803744010627 ], [ 616558.903079992393032, 2457908.8520048703067 ], [ 616592.390888042282313, 2457841.56855640001595 ], [ 616712.693088779458776, 2457743.934925959445536 ], [ 616914.636245431611314, 2457756.516950004734099 ], [ 616961.09672654280439, 2457884.182369596790522 ], [ 617023.133497517788783, 2457996.465223719365895 ], [ 617134.369198654778302, 2458008.370565635152161 ], [ 617154.10136999131646, 2457714.027683490421623 ], [ 617215.031686330446973, 2457561.703993150498718 ], [ 617570.913106804247946, 2457391.670545495580882 ], [ 617347.820356859592721, 2456900.650366355199367 ], [ 617519.458378878771327, 2456832.193027571775019 ], [ 617564.163944747298956, 2456918.883975817356259 ], [ 617490.435693030711263, 2456990.291258280631155 ] ] } },
{ "type": "Feature", "properties": { "route_name": "26_Tampico - Puertas Coloradas - Divisoria", "route_name_short": "Tampico - Puertas Coloradas - Divisoria", "route_type": 3 }, "geometry": { "type": "LineString", "coordinates": [ [ 615073.922526078415103, 2469012.094519402831793 ], [ 614891.449780233204365, 2469032.886119808536023 ], [ 614902.612879380467348, 2468637.72887262981385 ], [ 614905.172356716240756, 2468570.213844919577241 ], [ 614915.482425774214789, 2468429.686625675763935 ], [ 614779.477250257972628, 2468434.216908207628876 ], [ 614764.084009536774829, 2468426.353410338517278 ], [ 614752.549375626840629, 2468314.449785055126995 ], [ 614729.316195355495438, 2468252.27989649027586 ], [ 614664.635046707349829, 2468083.521350432187319 ], [ 614641.825781466322951, 2467963.784931915812194 ], [ 614620.511550652678125, 2467780.954222132917494 ], [ 614601.584984949440695, 2467693.352818471845239 ], [ 614515.409592252457514, 2467225.516743438318372 ], [ 614216.880760539555922, 2467195.642851348035038 ], [ 614191.301255516358651, 2467031.60272667510435 ], [ 614138.15745859395247, 2466973.642812612466514 ], [ 614064.579878391814418, 2467032.88673224998638 ], [ 613768.509311902336776, 2466666.478983654640615 ], [ 613995.474745573010296, 2466482.147013491950929 ], [ 614042.042978471145034, 2466453.703628190327436 ], [ 614122.086836089845747, 2466496.360934448894113 ], [ 614148.887208557804115, 2466494.34341412037611 ], [ 614251.721336873713881, 2466660.057834478095174 ], [ 614281.270186403300613, 2466704.559342437889427 ], [ 614293.656339078908786, 2466701.329049821943045 ], [ 614305.806497252895497, 2466730.203207066748291 ], [ 614417.436717128148302, 2466680.097153461538255 ], [ 614304.750399586278945, 2466453.418112101964653 ], [ 614365.635787354083732, 2466439.47332180198282 ], [ 614315.938999107573181, 2466332.825459429528564 ], [ 614365.048931710771285, 2466239.082235815003514 ], [ 614436.819156178738922, 2466286.108740053139627 ], [ 614565.036299349972978, 2466362.336168106179684 ], [ 614735.842154290177859, 2466670.265042025595903 ], [ 614807.004418953787535, 2466799.215191665105522 ], [ 614816.153063334408216, 2466815.889415441080928 ], [ 614944.193152046762407, 2466775.872269498184323 ], [ 614846.550473119248636, 2466605.762728046625853 ], [ 614857.939397491747513, 2466598.097064614761621 ], [ 614950.661438070004806, 2466597.675085476599634 ], [ 614957.529794182977639, 2466504.728479039855301 ], [ 614958.838195941760205, 2466467.096357292495668 ], [ 614877.455532874329947, 2466326.998967977240682 ], [ 614862.068363773985766, 2466318.028430463280529 ], [ 614889.065473950002342, 2466289.442951361648738 ], [ 614658.557593172998168, 2466113.925586031749845 ], [ 614717.817045773379505, 2466041.293269476853311 ], [ 614741.118202547891997, 2465955.110545819159597 ], [ 615044.23340865271166, 2465925.243197909090668 ], [ 615160.703279836219735, 2465918.355248006060719 ], [ 615256.73334056744352, 2465889.174463936127722 ], [ 615316.7148501528427, 2465858.619867203757167 ], [ 615354.930919976206496, 2465845.617868958506733 ], [ 615398.511611171998084, 2465803.870835788082331 ], [ 615604.444460803642869, 2465681.403198270127177 ], [ 615746.243099667131901, 2465593.888485661242157 ], [ 615290.766850840183906, 2465050.23613644996658 ], [ 615253.595584390917793, 2465061.03189504519105 ], [ 615302.1324959222693, 2465045.891902252566069 ], [ 615273.911461423500441, 2464822.046445237006992 ], [ 615253.371594991651364, 2464813.037436384242028 ], [ 615119.08547828765586, 2464720.153415107168257 ], [ 615086.787803108454682, 2464629.131552033126354 ], [ 615071.431746236747131, 2464615.732696590013802 ], [ 615113.15080592490267, 2464547.400387973990291 ], [ 615229.5818345034495, 2464547.154804400168359 ], [ 615224.033350718556903, 2464322.370404291432351 ], [ 615224.475847534369677, 2464262.58975071599707 ], [ 615183.232467075111344, 2464127.217163430061191 ], [ 615230.602534993784502, 2464130.889047110918909 ], [ 615302.847814443754032, 2464114.81731742946431 ], [ 615444.72403431951534, 2464018.443056812044233 ], [ 615558.963815220398828, 2463897.50842648698017 ], [ 615609.754370059235953, 2463856.92239083070308 ], [ 615762.590059691108763, 2463811.559323642402887 ], [ 616001.085520439082757, 2463748.01474994700402 ], [ 615966.960701964097098, 2463625.978260313626379 ], [ 615937.929409463657066, 2463511.729591698385775 ], [ 615930.378805371234193, 2463418.676023791078478 ], [ 616007.022270009620115, 2463227.716497477144003 ], [ 616035.92300981876906, 2463082.900210367050022 ], [ 616029.403442510403693, 2462851.46542186383158 ], [ 615965.938392041483894, 2462656.141342714428902 ], [ 615893.584789666580036, 2462408.717358313966542 ], [ 615793.667641967535019, 2461987.272908086888492 ], [ 615853.837726037018001, 2461933.471791154704988 ], [ 616029.494812220102176, 2461732.177645351272076 ], [ 616068.488241605693474, 2461616.221497071441263 ], [ 616071.348928783787414, 2461508.853181875310838 ], [ 616117.878284558421001, 2461349.775993740651757 ], [ 616009.922459023422562, 2461315.758876716718078 ], [ 616164.665459379553795, 2460879.6031698375009 ], [ 616295.29085677373223, 2460638.120066539850086 ], [ 616725.368674701894633, 2460871.612817158922553 ], [ 616684.041296966257505, 2460610.025328154210001 ], [ 616742.255162547109649, 2460405.645603872835636 ], [ 616754.262791353277862, 2460316.05955188209191 ], [ 616751.958421748946421, 2460210.866814181674272 ], [ 616750.825451146578416, 2460086.861987332813442 ], [ 616766.157115657930262, 2459966.301762242801487 ], [ 616819.359265528386459, 2459605.782281948719174 ], [ 616867.072495084139518, 2459427.894975661765784 ], [ 616900.88230973132886, 2459317.437305232975632 ], [ 616988.221211590571329, 2459353.519495843909681 ], [ 617027.302471165894531, 2459364.883703634142876 ], [ 617058.944935236591846, 2459406.084176787640899 ], [ 617450.545201185741462, 2459414.562964996322989 ], [ 617579.358134282520041, 2459417.747486238367856 ], [ 617593.778707629302517, 2459418.963289435021579 ], [ 617764.065001426497474, 2459253.073719454929233 ], [ 617779.942579724127427, 2459197.837926510255784 ], [ 617768.009265435161069, 2459140.177983305882663 ], [ 617676.018367132521234, 2459037.629582228604704 ], [ 617610.606695456197485, 2458964.067016709595919 ], [ 617558.534752438543364, 2458898.355036228895187 ], [ 617522.022541850921698, 2458819.475094054359943 ], [ 617517.444394968450069, 2458743.04993246588856 ], [ 617540.878148912801407, 2458642.479285658802837 ], [ 617579.931054161163047, 2458520.991219033487141 ], [ 617612.119945976533927, 2458352.952839489094913 ], [ 617643.641932189813815, 2458273.478386838920414 ], [ 617710.947160637006164, 2458233.022687243297696 ], [ 617725.393878560862504, 2458230.917415908537805 ], [ 617551.111834444454871, 2457831.044145356863737 ], [ 618097.294894913909957, 2457577.209075161255896 ], [ 618013.055434284149669, 2457402.755622525233775 ], [ 618013.055434284149669, 2457402.755622525233775 ], [ 618188.931785774650052, 2457318.838198341894895 ], [ 618375.749673643265851, 2457695.564577672164887 ], [ 618087.181599553208798, 2457824.018592423759401 ], [ 617925.313049594056793, 2457828.330639597494155 ], [ 617837.131696063559502, 2457902.948386172298342 ], [ 617826.389832823653705, 2457960.437104625627398 ], [ 617886.971479985048063, 2458128.068354515358806 ], [ 617824.417816200642847, 2458221.700569109991193 ], [ 617725.393878560862504, 2458230.917415908537805 ], [ 617629.11094730743207, 2458013.197793712839484 ], [ 617181.325883724726737, 2458206.895531832706183 ], [ 617342.363259152392857, 2458586.736990311648697 ], [ 617348.787290212931111, 2458691.960794934537262 ], [ 617379.041674968670122, 2458780.757185484748334 ], [ 617373.211924595176242, 2459007.671084712259471 ], [ 617149.840605111792684, 2458968.350705087650567 ], [ 617120.932388444780372, 2459112.058024823199958 ], [ 617132.760052474448457, 2459184.108986828476191 ], [ 617102.190479953540489, 2459961.071307481266558 ], [ 617000.901065564132296, 2459999.060039193835109 ], [ 616837.268404544214718, 2459966.834296938497573 ], [ 616804.773876098217443, 2460589.894173627253622 ], [ 616820.010338358813897, 2460757.182100304868072 ], [ 616850.662907173857093, 2460930.121186510194093 ], [ 616388.66622331738472, 2460693.065157013945282 ], [ 616260.183369585545734, 2460923.492428503464907 ], [ 616117.878284558421001, 2461349.775993740651757 ], [ 616071.348928783787414, 2461508.853181875310838 ], [ 616068.488241605693474, 2461616.221497071441263 ], [ 616029.494812220102176, 2461732.177645351272076 ], [ 615853.837726037018001, 2461933.471791154704988 ], [ 615793.667641967535019, 2461987.272908086888492 ], [ 615893.584789666580036, 2462408.717358313966542 ], [ 615965.938392041483894, 2462656.141342714428902 ], [ 616029.403442510403693, 2462851.46542186383158 ], [ 616035.92300981876906, 2463082.900210367050022 ], [ 616007.022270009620115, 2463227.716497477144003 ], [ 615930.378805371234193, 2463418.676023791078478 ], [ 615937.929409463657066, 2463511.729591698385775 ], [ 615966.960701964097098, 2463625.978260313626379 ], [ 616001.085520439082757, 2463748.01474994700402 ], [ 615762.590059691108763, 2463811.559323642402887 ], [ 615609.754370059235953, 2463856.92239083070308 ], [ 615558.963815220398828, 2463897.50842648698017 ], [ 615444.72403431951534, 2464018.443056812044233 ], [ 615302.847814443754032, 2464114.81731742946431 ], [ 615230.602534993784502, 2464130.889047110918909 ], [ 615183.232467075111344, 2464127.217163430061191 ], [ 615224.475847534369677, 2464262.58975071599707 ], [ 615224.033350718556903, 2464322.370404291432351 ], [ 615229.5818345034495, 2464547.154804400168359 ], [ 615113.15080592490267, 2464547.400387973990291 ], [ 615071.431746236747131, 2464615.732696590013802 ], [ 615086.787803108454682, 2464629.131552033126354 ], [ 615119.08547828765586, 2464720.153415107168257 ], [ 615253.371594991651364, 2464813.037436384242028 ], [ 615273.911461423500441, 2464822.046445237006992 ], [ 615302.1324959222693, 2465045.891902252566069 ], [ 615253.595584390917793, 2465061.03189504519105 ], [ 615290.766850840183906, 2465050.23613644996658 ], [ 615746.243099667131901, 2465593.888485661242157 ], [ 615604.444460803642869, 2465681.403198270127177 ], [ 615398.511611171998084, 2465803.870835788082331 ], [ 615354.930919976206496, 2465845.617868958506733 ], [ 615316.7148501528427, 2465858.619867203757167 ], [ 615256.73334056744352, 2465889.174463936127722 ], [ 615160.703279836219735, 2465918.355248006060719 ], [ 615044.23340865271166, 2465925.243197909090668 ], [ 614741.118202547891997, 2465955.110545819159597 ], [ 614717.817045773379505, 2466041.293269476853311 ], [ 614658.557593172998168, 2466113.925586031749845 ], [ 614889.065473950002342, 2466289.442951361648738 ], [ 614862.068363773985766, 2466318.028430463280529 ], [ 614877.455532874329947, 2466326.998967977240682 ], [ 614958.838195941760205, 2466467.096357292495668 ], [ 614957.529794182977639, 2466504.728479039855301 ], [ 614950.661438070004806, 2466597.675085476599634 ], [ 614857.939397491747513, 2466598.097064614761621 ], [ 614846.550473119248636, 2466605.762728046625853 ], [ 614944.193152046762407, 2466775.872269498184323 ], [ 614816.153063334408216, 2466815.889415441080928 ], [ 614807.004418953787535, 2466799.215191665105522 ], [ 614735.842154290177859, 2466670.265042025595903 ], [ 614565.036299349972978, 2466362.336168106179684 ], [ 614436.819156178738922, 2466286.108740053139627 ], [ 614365.048931710771285, 2466239.082235815003514 ], [ 614315.938999107573181, 2466332.825459429528564 ], [ 614365.635787354083732, 2466439.47332180198282 ], [ 614304.750399586278945, 2466453.418112101964653 ], [ 614417.436717128148302, 2466680.097153461538255 ], [ 614305.806497252895497, 2466730.203207066748291 ], [ 614293.656339078908786, 2466701.329049821943045 ], [ 614281.270186403300613, 2466704.559342437889427 ], [ 614251.721336873713881, 2466660.057834478095174 ], [ 614148.887208557804115, 2466494.34341412037611 ], [ 614122.086836089845747, 2466496.360934448894113 ], [ 614042.042978471145034, 2466453.703628190327436 ], [ 613995.474745573010296, 2466482.147013491950929 ], [ 613768.509311902336776, 2466666.478983654640615 ], [ 614064.579878391814418, 2467032.88673224998638 ], [ 614138.15745859395247, 2466973.642812612466514 ], [ 614191.301255516358651, 2467031.60272667510435 ], [ 614216.880760539555922, 2467195.642851348035038 ], [ 614515.409592252457514, 2467225.516743438318372 ], [ 614601.584984949440695, 2467693.352818471845239 ], [ 614620.511550652678125, 2467780.954222132917494 ], [ 614641.825781466322951, 2467963.784931915812194 ], [ 614664.635046707349829, 2468083.521350432187319 ], [ 614729.316195355495438, 2468252.27989649027586 ], [ 614752.549375626840629, 2468314.449785055126995 ], [ 614787.120928793679923, 2468375.596366554498672 ], [ 614860.237112971604802, 2468378.350908262189478 ], [ 615006.502232478116639, 2468379.432813092600554 ], [ 615098.159066012594849, 2468382.325718054547906 ], [ 615096.71080395206809, 2468438.777830177452415 ], [ 615071.854336188407615, 2469013.186313522048295 ] ] } },
{ "type": "Feature", "properties": { "route_name": "29_Águila Echeverría - Panteón", "route_name_short": "Águila Echeverría - Panteón", "route_type": 3 }, "geometry": { "type": "LineString", "coordinates": [ [ 614214.740789010189474, 2466224.692407014314085 ], [ 614081.728251763153821, 2465959.117408957332373 ], [ 614223.01334438950289, 2465799.623572058510035 ], [ 614266.810509842587635, 2465727.983192199841142 ], [ 614293.232680001063272, 2465637.394424444530159 ], [ 614486.522877664887346, 2465411.858387269079685 ], [ 614654.80718110082671, 2465224.889057333115488 ], [ 614773.133910805219784, 2464827.202136123087257 ], [ 614648.732121716253459, 2464790.85772786475718 ], [ 614689.801985004451126, 2464670.485516622662544 ], [ 614570.54202806041576, 2464635.286811627447605 ], [ 614715.96244389761705, 2464336.331637095659971 ], [ 614718.936785305617377, 2464212.357469561509788 ], [ 614420.227942046942189, 2464199.087997200433165 ], [ 614186.322947501088493, 2464200.691856865771115 ], [ 614209.161455974448472, 2464037.007726612035185 ], [ 614410.811644950532354, 2464078.344167384784669 ], [ 614451.905606068321504, 2463954.650281655136496 ], [ 614385.05631113529671, 2463937.552402507513762 ], [ 614289.731472340878099, 2463869.318889487534761 ], [ 614369.571290853666142, 2463801.264587769750506 ], [ 614456.331246252637357, 2463773.117359087336808 ], [ 614578.106868929578923, 2463747.442442234605551 ], [ 614631.304930960875936, 2463939.363523425068706 ], [ 614762.860681006335653, 2463984.616999893449247 ], [ 614871.675072672544047, 2464039.66778906295076 ], [ 614973.047558904043399, 2464125.663461564574391 ], [ 615020.384930895641446, 2464133.762897074688226 ], [ 615153.369611009140499, 2464124.782023432664573 ], [ 615275.977531233918853, 2464125.689424524083734 ], [ 615463.36022383661475, 2464006.403046517632902 ], [ 615626.297321077785455, 2463849.295461176428944 ], [ 615995.933790775598027, 2463747.976370011921972 ], [ 615933.024857331882231, 2463478.479734898079187 ], [ 616030.408177016302943, 2463131.572021369356662 ], [ 616030.788438519230112, 2462803.869968926068395 ], [ 615915.54598168854136, 2462504.092199127189815 ], [ 615791.79591985733714, 2461961.7954933908768 ], [ 615756.541206074296497, 2461713.54122579889372 ], [ 615784.507246810593642, 2461417.043912606313825 ], [ 616011.024128708057106, 2460752.248801142908633 ], [ 616255.596763369976543, 2460294.620333568193018 ], [ 616586.425711587769911, 2459467.865271965507418 ], [ 617121.626689138240181, 2458058.094860435463488 ], [ 617151.907620011712424, 2457869.006447983440012 ], [ 617168.806007669889368, 2457677.603443062398583 ], [ 617222.346730331657454, 2457548.473605128470808 ], [ 617749.88761820027139, 2457306.664515732787549 ], [ 617580.365075825713575, 2456957.754759867675602 ], [ 617673.487351794494316, 2456911.957501026336104 ], [ 617738.423866575118154, 2457049.728516567964107 ], [ 617738.423866575118154, 2457049.728516567964107 ], [ 617775.970479484414682, 2457128.616446306928992 ], [ 617836.840453053009696, 2457258.607556059490889 ], [ 617749.88761820027139, 2457306.664515732787549 ], [ 617222.346730331657454, 2457548.473605128470808 ], [ 617168.806007669889368, 2457677.603443062398583 ], [ 617151.907620011712424, 2457869.006447983440012 ], [ 617121.626689138240181, 2458058.094860435463488 ], [ 616586.425711587769911, 2459467.865271965507418 ], [ 616255.596763369976543, 2460294.620333568193018 ], [ 616011.024128708057106, 2460752.248801142908633 ], [ 615784.507246810593642, 2461417.043912606313825 ], [ 615756.541206074296497, 2461713.54122579889372 ], [ 615791.79591985733714, 2461961.7954933908768 ], [ 615915.54598168854136, 2462504.092199127189815 ], [ 616030.788438519230112, 2462803.869968926068395 ], [ 616030.408177016302943, 2463131.572021369356662 ], [ 615933.024857331882231, 2463478.479734898079187 ], [ 615995.933790775598027, 2463747.976370011921972 ], [ 615626.297321077785455, 2463849.295461176428944 ], [ 615463.36022383661475, 2464006.403046517632902 ], [ 615275.977531233918853, 2464125.689424524083734 ], [ 615153.369611009140499, 2464124.782023432664573 ], [ 615020.384930895641446, 2464133.762897074688226 ], [ 614973.047558904043399, 2464125.663461564574391 ], [ 614871.675072672544047, 2464039.66778906295076 ], [ 614762.860681006335653, 2463984.616999893449247 ], [ 614631.304930960875936, 2463939.363523425068706 ], [ 614451.905606068321504, 2463954.650281655136496 ], [ 614410.811644950532354, 2464078.344167384784669 ], [ 614209.161455974448472, 2464037.007726612035185 ], [ 614186.322947501088493, 2464200.691856865771115 ], [ 614420.227942046942189, 2464199.087997200433165 ], [ 614718.936785305617377, 2464212.357469561509788 ], [ 614715.96244389761705, 2464336.331637095659971 ], [ 614595.692663595778868, 2464577.902359398081899 ], [ 614831.081193688092753, 2464653.813493655063212 ], [ 614773.133910805219784, 2464827.202136123087257 ], [ 614654.80718110082671, 2465224.889057333115488 ], [ 614486.522877664887346, 2465411.858387269079685 ], [ 614293.232680001063272, 2465637.394424444530159 ], [ 614266.810509842587635, 2465727.983192199841142 ], [ 614223.01334438950289, 2465799.623572058510035 ], [ 614081.736370976199396, 2465958.010360787156969 ], [ 614209.606164021417499, 2466222.440484525170177 ] ] } },
{ "type": "Feature", "properties": { "route_name": "28_Unidad Morelos", "route_name_short": "Unidad Morelos", "route_type": 3 }, "geometry": { "type": "LineString", "coordinates": [ [ 614043.686373090255074, 2464542.848996029701084 ], [ 614048.31043787591625, 2464474.242319349199533 ], [ 614158.51923515740782, 2464479.478642604313791 ], [ 614158.421803633333184, 2464492.763201763853431 ], [ 614318.26332808076404, 2464474.008413212839514 ], [ 614320.218213795102201, 2464488.415158289950341 ], [ 614500.649650259176269, 2464472.027681042905897 ], [ 614507.768071124446578, 2464624.860881068278104 ], [ 614339.718033113284037, 2464639.124927422963083 ], [ 614247.084635716397315, 2465046.967138690873981 ], [ 614441.822800061898306, 2464905.581167637370527 ], [ 614517.048425306915306, 2464903.920326091349125 ], [ 614626.126070482074283, 2464922.437101975549012 ], [ 614660.067693002987653, 2464930.436901623848826 ], [ 614643.485608259565197, 2464943.600037381984293 ], [ 614537.164853126974776, 2464970.494853466749191 ], [ 614495.815959661034867, 2464989.011411582585424 ], [ 614404.632262061117217, 2465059.195686576422304 ], [ 614436.211936462437734, 2465108.14063705643639 ], [ 614491.861801428371109, 2465106.335774217732251 ], [ 614548.835314146825112, 2465064.68495383579284 ], [ 614711.958308034576476, 2465019.388014265336096 ], [ 614736.15213669592049, 2464952.032736456487328 ], [ 614863.610543738934211, 2464992.828924923669547 ], [ 614919.17919555620756, 2465002.096062035299838 ], [ 615069.302446286659688, 2465043.061376529280096 ], [ 615204.135064142872579, 2465061.772757651284337 ], [ 615260.831981637747958, 2465057.764160034712404 ], [ 615298.003261670120992, 2465046.96841819351539 ], [ 615623.135072537465021, 2464968.561611232347786 ], [ 615892.578192561166361, 2464897.496412254869938 ], [ 616008.108685488346964, 2464879.536262989044189 ], [ 616003.832016841857694, 2464762.150370861403644 ], [ 616092.002151367603801, 2464544.706460791639984 ], [ 616106.141043983399868, 2464306.782582736574113 ], [ 616030.355063463561237, 2463830.159135527908802 ], [ 615937.393572062137537, 2463445.298918474465609 ], [ 616027.959778181859292, 2463183.588013633154333 ], [ 616039.979646162828431, 2462815.009544684085995 ], [ 615937.515110526699573, 2462598.360043954569846 ], [ 615789.669185034465045, 2461970.636562059167773 ], [ 615749.508734494098462, 2461689.132606797851622 ], [ 615784.038497247966006, 2461480.145602426026016 ], [ 615934.419646283728071, 2460936.566047080792487 ], [ 616122.817633998813108, 2460548.265945946797729 ], [ 617021.7491188372951, 2458318.623486320488155 ], [ 617131.5012856668327, 2457978.457105451729149 ], [ 617159.304955195635557, 2457707.424078583717346 ], [ 617215.073239930556156, 2457556.168761607259512 ], [ 617755.049850843381137, 2457305.596332009416074 ], [ 617582.435009207925759, 2456956.663234112784266 ], [ 617533.804150537936948, 2456980.653589053079486 ], [ 617509.654335449682549, 2457039.148649536073208 ], [ 617537.127506992197596, 2457086.961086725816131 ], [ 617537.127506992197596, 2457086.961086725816131 ], [ 617703.523728833650239, 2457440.275322784669697 ], [ 617254.607740152394399, 2457645.034313099924475 ], [ 617159.304955195635557, 2457707.424078583717346 ], [ 617131.5012856668327, 2457978.457105451729149 ], [ 617021.7491188372951, 2458318.623486320488155 ], [ 616122.817633998813108, 2460548.265945946797729 ], [ 615934.419646283728071, 2460936.566047080792487 ], [ 615784.038497247966006, 2461480.145602426026016 ], [ 615749.508734494098462, 2461689.132606797851622 ], [ 615789.669185034465045, 2461970.636562059167773 ], [ 615937.515110526699573, 2462598.360043954569846 ], [ 616039.979646162828431, 2462815.009544684085995 ], [ 616027.959778181859292, 2463183.588013633154333 ], [ 615937.393572062137537, 2463445.298918474465609 ], [ 616030.355063463561237, 2463830.159135527908802 ], [ 616106.141043983399868, 2464306.782582736574113 ], [ 616092.002151367603801, 2464544.706460791639984 ], [ 616003.832016841857694, 2464762.150370861403644 ], [ 616008.108685488346964, 2464879.536262989044189 ], [ 615892.578192561166361, 2464897.496412254869938 ], [ 615623.135072537465021, 2464968.561611232347786 ], [ 615298.003261670120992, 2465046.96841819351539 ], [ 615260.831981637747958, 2465057.764160034712404 ], [ 615204.135064142872579, 2465061.772757651284337 ], [ 615069.302446286659688, 2465043.061376529280096 ], [ 614919.17919555620756, 2465002.096062035299838 ], [ 614863.610543738934211, 2464992.828924923669547 ], [ 614736.15213669592049, 2464952.032736456487328 ], [ 614711.958308034576476, 2465019.388014265336096 ], [ 614548.835314146825112, 2465064.68495383579284 ], [ 614491.861801428371109, 2465106.335774217732251 ], [ 614436.211936462437734, 2465108.14063705643639 ], [ 614404.632262061117217, 2465059.195686576422304 ], [ 614495.815959661034867, 2464989.011411582585424 ], [ 614537.164853126974776, 2464970.494853466749191 ], [ 614643.485608259565197, 2464943.600037381984293 ], [ 614660.067693002987653, 2464930.436901623848826 ], [ 614626.126070482074283, 2464922.437101975549012 ], [ 614517.048425306915306, 2464903.920326091349125 ], [ 614441.822800061898306, 2464905.581167637370527 ], [ 614247.084635716397315, 2465046.967138690873981 ], [ 614339.718033113284037, 2464639.124927422963083 ], [ 614507.768071124446578, 2464624.860881068278104 ], [ 614500.649650259176269, 2464472.027681042905897 ], [ 614320.218213795102201, 2464488.415158289950341 ], [ 614318.26332808076404, 2464474.008413212839514 ], [ 614158.421803633333184, 2464492.763201763853431 ], [ 614158.51923515740782, 2464479.478642604313791 ], [ 614054.467855242779478, 2464477.6087537095882 ], [ 614043.718818408669904, 2464538.420810570940375 ] ] } },
{ "type": "Feature", "properties": { "route_name": "30_Ganadera por Divisoria", "route_name_short": "Ganadera por Divisoria", "route_type": 3 }, "geometry": { "type": "LineString", "coordinates": [ [ 615109.185509989503771, 2470230.183478163089603 ], [ 614953.324539708439261, 2469858.144780508708209 ], [ 614964.541887888568453, 2469734.230860914569348 ], [ 615014.960060490760952, 2469741.246902864892036 ], [ 615024.90011554164812, 2469372.651003271341324 ], [ 615230.853182402905077, 2469379.713251649402082 ], [ 615251.073399904882535, 2469014.514983086846769 ], [ 615707.097478336654603, 2469053.332878866698593 ], [ 615530.420586872613057, 2468433.139696938917041 ], [ 615444.206355652422644, 2468113.649595776107162 ], [ 615369.954674378968775, 2467847.390574493911117 ], [ 615283.413014280609787, 2467571.076935900375247 ], [ 615235.289976205094717, 2467392.474766003433615 ], [ 615177.004008659161627, 2467194.976615212857723 ], [ 615172.192883462645113, 2467010.053077732678503 ], [ 615358.192052846541628, 2466656.048586450982839 ], [ 615703.471528190304525, 2466080.70026987651363 ], [ 616052.913106325315312, 2465503.175483886618167 ], [ 616087.13596862484701, 2465335.14941189205274 ], [ 616106.531168306362815, 2465221.261358481366187 ], [ 616082.721907633589581, 2465098.194057734217495 ], [ 615992.366937268758193, 2464779.778730033896863 ], [ 616096.148097262252122, 2464541.416044259443879 ], [ 616095.032246718998067, 2464138.418566456995904 ], [ 616015.460871940013021, 2463754.764526245184243 ], [ 615937.896440453943796, 2463516.157792008947581 ], [ 615949.057303695124574, 2463401.101304239127785 ], [ 616039.425966676441021, 2463165.959657717030495 ], [ 616032.865748245967552, 2462801.671220783609897 ], [ 615954.818038755445741, 2462627.273694268427789 ], [ 615800.823286675964482, 2461995.075845623854548 ], [ 615751.191470329649746, 2461740.072095271199942 ], [ 615796.204610810498707, 2461368.418046425096691 ], [ 616095.660456355661154, 2460596.776491618715227 ], [ 616469.975854861200787, 2459741.558352089952677 ], [ 616802.962281638639979, 2458904.859315687790513 ], [ 617110.139216234209016, 2458077.936637320555747 ], [ 617168.290911923861131, 2457746.240317886695266 ], [ 617159.529251635307446, 2457677.533827930688858 ], [ 617229.545422542490996, 2457550.741868761368096 ], [ 617572.991319265915081, 2457389.471973536070436 ], [ 617490.814906574087217, 2457213.930160176940262 ], [ 617666.656840417417698, 2457134.435091895982623 ], [ 617621.969192300806753, 2457045.529682444874197 ], [ 617451.280479162465781, 2457125.06404171930626 ], [ 617426.941119802417234, 2457071.739782284013927 ], [ 617349.906915296684019, 2456897.344718497246504 ], [ 617523.606598640675656, 2456828.902913109399378 ], [ 617565.186413558549248, 2456919.998781479895115 ], [ 617447.59025082946755, 2457067.466621570754796 ], [ 617342.083509748103097, 2457115.386309416033328 ], [ 617403.896289813797921, 2457257.560821009799838 ], [ 617490.814906574087217, 2457213.930160176940262 ], [ 617419.145480014500208, 2456874.615815655793995 ], [ 617454.690818164497614, 2456945.738042939919978 ], [ 617485.231741443509236, 2456996.894764741417021 ], [ 617428.927786020212807, 2457081.718700231518596 ], [ 617342.083509748103097, 2457115.386309416033328 ], [ 617361.294109293492511, 2457165.350557111203671 ], [ 617401.834731587674469, 2457257.545321972575039 ], [ 617581.848833393189125, 2457171.438053731340915 ], [ 617702.484616044908762, 2457441.374600372742862 ], [ 617253.576987063628621, 2457645.026572245173156 ], [ 617160.48523644474335, 2457687.504979475867003 ], [ 617168.290911923861131, 2457746.240317886695266 ], [ 617110.139216234209016, 2458077.936637320555747 ], [ 616802.962281638639979, 2458904.859315687790513 ], [ 616469.975854861200787, 2459741.558352089952677 ], [ 616095.660456355661154, 2460596.776491618715227 ], [ 615796.204610810498707, 2461368.418046425096691 ], [ 615751.191470329649746, 2461740.072095271199942 ], [ 615800.823286675964482, 2461995.075845623854548 ], [ 615954.818038755445741, 2462627.273694268427789 ], [ 616032.865748245967552, 2462801.671220783609897 ], [ 616039.425966676441021, 2463165.959657717030495 ], [ 615949.057303695124574, 2463401.101304239127785 ], [ 615937.896440453943796, 2463516.157792008947581 ], [ 616015.460871940013021, 2463754.764526245184243 ], [ 616095.032246718998067, 2464138.418566456995904 ], [ 616096.148097262252122, 2464541.416044259443879 ], [ 615992.366937268758193, 2464779.778730033896863 ], [ 616082.721907633589581, 2465098.194057734217495 ], [ 616106.531168306362815, 2465221.261358481366187 ], [ 616087.13596862484701, 2465335.14941189205274 ], [ 616052.913106325315312, 2465503.175483886618167 ], [ 615703.471528190304525, 2466080.70026987651363 ], [ 615358.192052846541628, 2466656.048586450982839 ], [ 615172.192883462645113, 2467010.053077732678503 ], [ 615177.004008659161627, 2467194.976615212857723 ], [ 615235.289976205094717, 2467392.474766003433615 ], [ 615283.413014280609787, 2467571.076935900375247 ], [ 615369.954674378968775, 2467847.390574493911117 ], [ 615444.206355652422644, 2468113.649595776107162 ], [ 615530.420586872613057, 2468433.139696938917041 ], [ 615707.097478336654603, 2469053.332878866698593 ], [ 615251.073399904882535, 2469014.514983086846769 ], [ 615230.853182402905077, 2469379.713251649402082 ], [ 615024.90011554164812, 2469372.651003271341324 ], [ 615014.960060490760952, 2469741.246902864892036 ], [ 614964.541887888568453, 2469734.230860914569348 ], [ 614953.324539708439261, 2469858.144780508708209 ] ] } },
{ "type": "Feature", "properties": { "route_name": "31_Tierra Alta - Niños Héroes - Casa Blanca", "route_name_short": "Tierra Alta - Niños Héroes - Casa Blanca", "route_type": 3 }, "geometry": { "type": "LineString", "coordinates": [ [ 613612.932949467911385, 2469205.048428657930344 ], [ 613873.93124235002324, 2469150.497063746210188 ], [ 613771.605503689963371, 2468776.651030102279037 ], [ 613725.408368040574715, 2468614.674736477900296 ], [ 613681.887162778293714, 2468509.180818943306804 ], [ 613682.186861869413406, 2468468.219962041825056 ], [ 613715.147710797726177, 2468468.461160390172154 ], [ 613770.655095576890744, 2468343.764113461133093 ], [ 613815.863111606333405, 2468359.594726583920419 ], [ 614034.660991259268485, 2468302.522083053831011 ], [ 614268.837998629780486, 2468255.529527391307056 ], [ 614330.550096102524549, 2468548.260951339732856 ], [ 614437.868204236729071, 2468522.480343808420002 ], [ 614643.041893718880601, 2469055.40729582356289 ], [ 614815.24670264753513, 2469030.108453874476254 ], [ 614814.59576493408531, 2468560.687322741374373 ], [ 615094.52446321665775, 2468594.864798564929515 ], [ 615145.667920734034851, 2467531.306954537983984 ], [ 615270.292755843955092, 2467534.444868049584329 ], [ 615239.254453769535758, 2467413.53931680181995 ], [ 615211.092624141136184, 2467321.440138723701239 ], [ 615174.159706601290964, 2467161.742145836353302 ], [ 615170.72811769566033, 2467068.719219210091978 ], [ 615185.863395237363875, 2466972.512506974395365 ], [ 615241.379275087383576, 2466848.927219404838979 ], [ 615474.974750046036206, 2466467.598953615408391 ], [ 615603.306079732952639, 2466250.450972331687808 ], [ 616059.19358458626084, 2465489.936960376333445 ], [ 616101.313842859352008, 2465230.079342413693666 ], [ 616060.592944543925114, 2465026.066595050040632 ], [ 616004.284671732340939, 2464839.651676325127482 ], [ 616032.252045853761956, 2464681.54295795597136 ], [ 616113.012683818582445, 2464490.614629481453449 ], [ 616096.780809808988124, 2464042.112796613946557 ], [ 615935.266905874130316, 2463454.139976461417973 ], [ 616043.770212388248183, 2463136.100018326658756 ], [ 616032.750298886792734, 2462817.169913510326296 ], [ 615909.495196964009665, 2462486.333418967667967 ], [ 615791.779467625543475, 2461964.009589046239853 ], [ 615764.637025113916025, 2461733.529314224608243 ], [ 615755.151742290705442, 2461484.359474800527096 ], [ 615983.785271505825222, 2460811.829990514554083 ], [ 616124.878749863244593, 2460548.281295584049076 ], [ 616674.513772612554021, 2459265.92288768151775 ], [ 617134.477185230585746, 2457993.978959518484771 ], [ 617155.589666325831786, 2457790.429352952167392 ], [ 618015.116977005964145, 2457402.771203135605901 ], [ 617922.679459777660668, 2457221.613752895966172 ], [ 618540.284137857262976, 2456932.904707899317145 ], [ 618364.748650939902291, 2456562.905118159484118 ], [ 618452.646050466690212, 2456527.036694962065667 ], [ 618556.936382904066704, 2456504.578498515300453 ], [ 618635.195569533971138, 2456516.24376442283392 ], [ 618673.126090824371204, 2456544.209695033729076 ], [ 618717.860007481416687, 2456626.475973459891975 ], [ 618764.373377732816152, 2456610.222851193044335 ], [ 618830.135700733866543, 2456638.400824890471995 ], [ 618878.365388872334734, 2456667.552759691141546 ], [ 618756.265431105508469, 2456727.515224894974381 ], [ 618717.860007481416687, 2456626.475973459891975 ], [ 618717.860007481416687, 2456626.475973459891975 ], [ 618756.265431105508469, 2456727.515224894974381 ], [ 618878.365388872334734, 2456667.552759691141546 ], [ 618830.135700733866543, 2456638.400824890471995 ], [ 618764.373377732816152, 2456610.222851193044335 ], [ 618717.860007481416687, 2456626.475973459891975 ], [ 618756.273847947013564, 2456726.408175447955728 ], [ 618690.065943615860306, 2456756.904110338073224 ], [ 618664.186207654536702, 2456771.099947259761393 ], [ 618619.751868603285402, 2456785.154902455862612 ], [ 618584.519286937778816, 2456809.243854847736657 ], [ 618318.66973242291715, 2456930.117153011262417 ], [ 618398.793962077819742, 2457103.433893382549286 ], [ 618056.313032346311957, 2457271.336332711391151 ], [ 617882.540287886280566, 2457349.735561345238239 ], [ 617150.111283614183776, 2457696.284005228430033 ], [ 617155.589666325831786, 2457790.429352952167392 ], [ 617134.477185230585746, 2457993.978959518484771 ], [ 616674.513772612554021, 2459265.92288768151775 ], [ 616124.878749863244593, 2460548.281295584049076 ], [ 615983.785271505825222, 2460811.829990514554083 ], [ 615755.151742290705442, 2461484.359474800527096 ], [ 615764.637025113916025, 2461733.529314224608243 ], [ 615791.779467625543475, 2461964.009589046239853 ], [ 615909.495196964009665, 2462486.333418967667967 ], [ 616032.750298886792734, 2462817.169913510326296 ], [ 616043.770212388248183, 2463136.100018326658756 ], [ 615935.266905874130316, 2463454.139976461417973 ], [ 616096.780809808988124, 2464042.112796613946557 ], [ 616113.012683818582445, 2464490.614629481453449 ], [ 616032.252045853761956, 2464681.54295795597136 ], [ 616004.284671732340939, 2464839.651676325127482 ], [ 616060.592944543925114, 2465026.066595050040632 ], [ 616101.313842859352008, 2465230.079342413693666 ], [ 616059.19358458626084, 2465489.936960376333445 ], [ 615603.306079732952639, 2466250.450972331687808 ], [ 615474.974750046036206, 2466467.598953615408391 ], [ 615241.379275087383576, 2466848.927219404838979 ], [ 615185.863395237363875, 2466972.512506974395365 ], [ 615170.72811769566033, 2467068.719219210091978 ], [ 615174.159706601290964, 2467161.742145836353302 ], [ 615211.092624141136184, 2467321.440138723701239 ], [ 615239.254453769535758, 2467413.53931680181995 ], [ 615490.484009145759046, 2467430.903405080083758 ], [ 615482.691339804092422, 2467647.840017878916115 ], [ 615137.760239238734357, 2467625.353035782463849 ], [ 615094.52446321665775, 2468594.864798564929515 ], [ 614814.59576493408531, 2468560.687322741374373 ], [ 614815.24670264753513, 2469030.108453874476254 ], [ 614643.041893718880601, 2469055.40729582356289 ], [ 614437.868204236729071, 2468522.480343808420002 ], [ 614330.550096102524549, 2468548.260951339732856 ], [ 614268.837998629780486, 2468255.529527391307056 ], [ 614034.660991259268485, 2468302.522083053831011 ], [ 613815.863111606333405, 2468359.594726583920419 ], [ 613770.655095576890744, 2468343.764113461133093 ], [ 613715.147710797726177, 2468468.461160390172154 ], [ 613682.186861869413406, 2468468.219962041825056 ], [ 613681.887162778293714, 2468509.180818943306804 ], [ 613725.408368040574715, 2468614.674736477900296 ], [ 613771.605503689963371, 2468776.651030102279037 ], [ 613873.93124235002324, 2469150.497063746210188 ] ] } },
{ "type": "Feature", "properties": { "route_name": "32_Madero - Heriberto Kehoe - Las Flores", "route_name_short": "Madero - Heriberto Kehoe - Las Flores", "route_type": 3 }, "geometry": { "type": "LineString", "coordinates": [ [ 619664.181539803743362, 2466161.595303649548441 ], [ 619704.479213518206961, 2466012.442999908234924 ], [ 619740.290275950916111, 2465910.862782486248761 ], [ 619800.564139763475396, 2465709.829417293891311 ], [ 619840.676435079774819, 2465585.032813784200698 ], [ 619865.335654308320954, 2465460.117236825171858 ], [ 619876.253998060827143, 2465246.5255465824157 ], [ 619985.427253928151913, 2465251.795524694956839 ], [ 620024.483139060786925, 2465264.275157098658383 ], [ 620072.731193822575733, 2463951.593163603451103 ], [ 620171.66993241047021, 2463949.035131700336933 ], [ 620169.857039246708155, 2463916.914430260658264 ], [ 620100.857935253065079, 2463911.953514419961721 ], [ 620146.281965596950613, 2463767.270251167006791 ], [ 620168.517534490441903, 2463689.942910041194409 ], [ 621118.345006908872165, 2462658.813664538320154 ], [ 620812.494754168903455, 2462366.371045883279294 ], [ 619809.623785224044695, 2461451.892347835469991 ], [ 620028.223211868316866, 2460901.119375294540077 ], [ 619782.702210802352056, 2460529.452225604560226 ], [ 620030.09077749797143, 2460390.749954076018184 ], [ 619985.341505196876824, 2460312.906989339273423 ], [ 619756.587556391838007, 2460440.681883546058089 ], [ 619802.385110885952599, 2460516.317971448879689 ], [ 619802.385110885952599, 2460516.317971448879689 ], [ 619756.587556391838007, 2460440.681883546058089 ], [ 619985.341505196876824, 2460312.906989339273423 ], [ 620030.09077749797143, 2460390.749954076018184 ], [ 619782.702210802352056, 2460529.452225604560226 ], [ 620028.223211868316866, 2460901.119375294540077 ], [ 619809.623785224044695, 2461451.892347835469991 ], [ 620812.494754168903455, 2462366.371045883279294 ], [ 621118.345006908872165, 2462658.813664538320154 ], [ 620168.517534490441903, 2463689.942910041194409 ], [ 620146.281965596950613, 2463767.270251167006791 ], [ 620100.857935253065079, 2463911.953514419961721 ], [ 620169.857039246708155, 2463916.914430260658264 ], [ 620171.66993241047021, 2463949.035131700336933 ], [ 620072.731193822575733, 2463951.593163603451103 ], [ 620024.483139060786925, 2465264.275157098658383 ], [ 619985.427253928151913, 2465251.795524694956839 ], [ 619876.253998060827143, 2465246.5255465824157 ], [ 619865.335654308320954, 2465460.117236825171858 ], [ 619840.676435079774819, 2465585.032813784200698 ], [ 619800.564139763475396, 2465709.829417293891311 ], [ 619740.290275950916111, 2465910.862782486248761 ], [ 619704.479213518206961, 2466012.442999908234924 ] ] } },
{ "type": "Feature", "properties": { "route_name": "33_Madero - La Paz", "route_name_short": "Madero - La Paz", "route_type": 3 }, "geometry": { "type": "LineString", "coordinates": [ [ 613409.05456183955539, 2466230.974854584783316 ], [ 613643.883241544128396, 2466521.643780539743602 ], [ 614065.60187913721893, 2467034.001339247450233 ], [ 614138.149331653607078, 2466974.749862153083086 ], [ 614203.581415628665127, 2467042.764020652044564 ], [ 614337.281351128593087, 2466933.035696018021554 ], [ 614405.571338751586154, 2466892.574959881138057 ], [ 614438.918550436384976, 2466840.786187103949487 ], [ 614411.26397966069635, 2466678.9446254321374 ], [ 614309.89451809739694, 2466734.661696966737509 ], [ 614287.451057167723775, 2466704.604769325815141 ], [ 614147.832672248710878, 2466497.656999561935663 ], [ 614431.704699244699441, 2466421.138466320931911 ], [ 614501.755879805539735, 2466421.654069911688566 ], [ 614580.301235554739833, 2466387.912156227510422 ], [ 614797.757675396394916, 2466795.825586828403175 ], [ 614820.281795496819541, 2466814.812791696283966 ], [ 614938.012298115994781, 2466775.826580281369388 ], [ 614846.558649145532399, 2466604.655677109025419 ], [ 614952.713562824763358, 2466598.797366782091558 ], [ 614959.843808001256548, 2466470.425125674344599 ], [ 614862.084715916309506, 2466315.814329200889915 ], [ 614885.991306110983714, 2466287.206020354293287 ], [ 621160.821625177748501, 2461436.873206413816661 ], [ 621223.143254018039443, 2461374.251437451224774 ], [ 621289.687634948524646, 2461431.23267982294783 ], [ 621226.292374924640171, 2461499.381483051460236 ], [ 620782.147727023577318, 2461096.260563415940851 ], [ 620847.603557739639655, 2461028.125975706148893 ], [ 620918.178336878190748, 2460964.459847108926624 ], [ 620982.621942218975164, 2460894.103668917901814 ], [ 621007.544171545770951, 2460869.940285240765661 ], [ 621024.36814286489971, 2460826.89290960598737 ], [ 620970.143885250319727, 2460775.544249711558223 ], [ 620628.31873402162455, 2460465.114975480828434 ], [ 620500.394862406887114, 2460347.877816323190928 ], [ 620489.007112768245861, 2460354.432573075406253 ], [ 620426.603149713948369, 2460294.165823254734278 ], [ 620314.402862034272403, 2460409.547801215201616 ], [ 620192.617149766767398, 2460297.896298956591636 ], [ 619790.980791211477481, 2460525.087333418428898 ], [ 619606.825049769016914, 2460213.679734130389988 ], [ 618040.772608399856836, 2461096.297142504714429 ], [ 618012.253061740426347, 2461051.796573996078223 ], [ 617993.142207577708177, 2460989.653421922121197 ], [ 618028.976870434358716, 2460748.573413845617324 ], [ 617977.063803138094954, 2460662.932620312552899 ], [ 617965.425355675048195, 2460430.350357849150896 ], [ 617724.274307142477483, 2460564.702992040663958 ], [ 617653.631515309214592, 2461185.261042104568332 ], [ 618125.550030389684252, 2461332.755167330615222 ], [ 618516.716499101254158, 2462476.057057053782046 ], [ 617876.195489066303708, 2462689.299762069247663 ], [ 617934.769779007532634, 2462846.953844517935067 ], [ 618080.901720532332547, 2463008.593130939174443 ], [ 618263.772644845535979, 2463488.256315050181001 ], [ 618041.471123601659201, 2463588.424614516086876 ], [ 617915.305000067572109, 2463784.535903664305806 ], [ 617823.670852673007175, 2463911.16088906629011 ], [ 617559.914251014008187, 2464044.235506152268499 ], [ 617291.457158666336909, 2464254.777170435525477 ], [ 616996.334515345864929, 2464586.905509278178215 ], [ 616884.031932925223373, 2464723.344188844319433 ], [ 616783.288608246366493, 2464829.978194512892514 ], [ 616295.972864674520679, 2465239.282808578573167 ], [ 616205.588910430320539, 2465339.354974715504795 ], [ 616136.000853009172715, 2465414.119196225423366 ], [ 616059.19358458626084, 2465489.936960376333445 ], [ 615726.358112051500939, 2466050.978459784761071 ], [ 615393.023876186227426, 2465849.221733633428812 ], [ 615344.604242453118786, 2465848.862630786374211 ], [ 615185.444470306043513, 2465916.324211402796209 ], [ 614970.001812772476114, 2465932.44414475467056 ], [ 614670.950616601970978, 2465970.092652474995703 ], [ 614356.509908956824802, 2466139.379637890029699 ], [ 614536.998712765634991, 2466252.525782577227801 ], [ 614658.557593172998168, 2466113.925586031749845 ], [ 614885.991306110983714, 2466287.206020354293287 ], [ 614862.084715916309506, 2466315.814329200889915 ], [ 614959.843808001256548, 2466470.425125674344599 ], [ 614952.713562824763358, 2466598.797366782091558 ], [ 614846.558649145532399, 2466604.655677109025419 ], [ 614938.012298115994781, 2466775.826580281369388 ], [ 614820.281795496819541, 2466814.812791696283966 ], [ 614797.757675396394916, 2466795.825586828403175 ], [ 614580.301235554739833, 2466387.912156227510422 ], [ 614501.755879805539735, 2466421.654069911688566 ], [ 614431.704699244699441, 2466421.138466320931911 ], [ 614147.832672248710878, 2466497.656999561935663 ], [ 614287.451057167723775, 2466704.604769325815141 ], [ 614309.89451809739694, 2466734.661696966737509 ], [ 614411.26397966069635, 2466678.9446254321374 ], [ 614438.918550436384976, 2466840.786187103949487 ], [ 614405.571338751586154, 2466892.574959881138057 ], [ 614337.281351128593087, 2466933.035696018021554 ], [ 614203.581415628665127, 2467042.764020652044564 ], [ 614138.149331653607078, 2466974.749862153083086 ], [ 614065.60187913721893, 2467034.001339247450233 ], [ 613643.883241544128396, 2466521.643780539743602 ] ] } },
{ "type": "Feature", "properties": { "route_name": "34_Las flores - Madero -", "route_name_short": "Las flores - Madero -", "route_type": 3 }, "geometry": { "type": "LineString", "coordinates": [ [ 619206.594528498244472, 2466450.363118240144104 ], [ 619239.521736684837379, 2465918.087376390583813 ], [ 619692.772104221512564, 2466061.066573358140886 ], [ 619787.817808129359037, 2465759.552056532353163 ], [ 619834.315947414143011, 2465608.233523104339838 ], [ 619863.275165916536935, 2465460.101362713612616 ], [ 619877.301314381416887, 2465244.319358391687274 ], [ 619983.341127565829083, 2465255.100824976805598 ], [ 620024.867413622210734, 2465214.457317397464067 ], [ 620069.606008952017874, 2463955.997571904212236 ], [ 619622.547360730706714, 2463938.163623908068985 ], [ 620176.11421646841336, 2462171.023783252108842 ], [ 620167.964429724495858, 2462158.782546483445913 ], [ 620352.943183594499715, 2461958.713250801898539 ], [ 620284.379730838234536, 2461896.184821196366102 ], [ 620597.15039286063984, 2461563.142733340617269 ], [ 619999.614509729435667, 2461002.754508682060987 ], [ 619968.06789494631812, 2461084.438853130210191 ], [ 619937.245564309996553, 2461072.023330484516919 ], [ 619870.69494016119279, 2461015.048183136153966 ], [ 619806.383572173421271, 2460934.840980158187449 ], [ 619757.521256456151605, 2460855.859868508763611 ], [ 619347.590753185097128, 2460149.694993427488953 ], [ 619433.49460569024086, 2460102.746443396434188 ], [ 619218.924063870334066, 2459723.57711014803499 ], [ 619307.921633730991744, 2459676.651431476697326 ], [ 619266.283884236705489, 2459595.513335707597435 ], [ 619175.582194613991305, 2459325.790357141755521 ], [ 618931.649919275310822, 2458604.302940475288779 ], [ 618516.282223688205704, 2457378.889124174136668 ], [ 618706.609599734889343, 2457292.872826546430588 ], [ 618496.623093053814955, 2456845.111488702241331 ], [ 617795.188051143079065, 2457177.474244480952621 ], [ 617840.938512530294247, 2457261.959812159184366 ], [ 618363.38745204359293, 2457014.596514297183603 ], [ 618516.282223688205704, 2457378.889124174136668 ], [ 618516.282223688205704, 2457378.889124174136668 ], [ 618363.38745204359293, 2457014.596514297183603 ], [ 617840.938512530294247, 2457261.959812159184366 ], [ 617795.188051143079065, 2457177.474244480952621 ], [ 618496.623093053814955, 2456845.111488702241331 ], [ 618706.609599734889343, 2457292.872826546430588 ], [ 618516.282223688205704, 2457378.889124174136668 ], [ 618931.649919275310822, 2458604.302940475288779 ], [ 619175.582194613991305, 2459325.790357141755521 ], [ 619266.283884236705489, 2459595.513335707597435 ], [ 619307.921633730991744, 2459676.651431476697326 ], [ 619218.924063870334066, 2459723.57711014803499 ], [ 619433.49460569024086, 2460102.746443396434188 ], [ 619656.145982489571907, 2460501.909643794875592 ], [ 619745.208715153159574, 2460446.130109857302159 ], [ 619968.911536510800943, 2460840.878203202039003 ], [ 620029.253758219536394, 2460901.127309303265065 ], [ 620043.604690197505988, 2460911.201914170291275 ], [ 620025.829724239883944, 2460944.278766586445272 ], [ 619999.614509729435667, 2461002.754508682060987 ], [ 620597.15039286063984, 2461563.142733340617269 ], [ 620284.379730838234536, 2461896.184821196366102 ], [ 620352.943183594499715, 2461958.713250801898539 ], [ 620167.964429724495858, 2462158.782546483445913 ], [ 620101.511304831830785, 2462223.590593732893467 ], [ 620204.895880676223896, 2462314.065033388789743 ], [ 619780.931165803805925, 2463709.099072540644556 ], [ 619721.945645959349349, 2463875.821454785298556 ], [ 619646.832289121346548, 2463861.958547169342637 ], [ 619624.65057906426955, 2463932.644154616165906 ], [ 620069.606008952017874, 2463955.997571904212236 ], [ 620024.867413622210734, 2465214.457317397464067 ], [ 619983.341127565829083, 2465255.100824976805598 ], [ 619877.301314381416887, 2465244.319358391687274 ], [ 619863.275165916536935, 2465460.101362713612616 ], [ 619834.315947414143011, 2465608.233523104339838 ], [ 619787.817808129359037, 2465759.552056532353163 ], [ 619692.772104221512564, 2466061.066573358140886 ], [ 619239.521736684837379, 2465918.087376390583813 ] ] } },
{ "type": "Feature", "properties": { "route_name": "36_Santa Amalia - Polvorín - Madero -", "route_name_short": "Santa Amalia - Polvorín - Madero -", "route_type": 3 }, "geometry": { "type": "LineString", "coordinates": [ [ 617669.347459861659445, 2456914.140529674012214 ], [ 617937.311803526827134, 2456785.522635604254901 ], [ 618223.332783124293201, 2456723.472457006573677 ], [ 618238.568770496640354, 2456753.479793540202081 ], [ 618589.343118339544162, 2456581.215248737949878 ], [ 618799.322622516308911, 2457030.084711619652808 ], [ 618713.421352885430679, 2457074.82318013953045 ], [ 618976.255817270139232, 2457620.416792527772486 ], [ 619347.555548273143359, 2458402.661123625468463 ], [ 619246.156972013413906, 2458452.813504678197205 ], [ 619410.480050956830382, 2458800.59786752006039 ], [ 619557.520193214062601, 2459116.145582381635904 ], [ 619596.79569625412114, 2459102.054023997858167 ], [ 619626.235102084930986, 2459160.957050366792828 ], [ 619668.919967376976274, 2459239.889895573724061 ], [ 619734.417215310852043, 2459435.245595572516322 ], [ 619774.144795990898274, 2459496.442192619200796 ], [ 619829.425114391488023, 2459545.580039333552122 ], [ 619909.832658924395218, 2459677.945339356549084 ], [ 620026.753250069450587, 2459886.983501041308045 ], [ 619836.320894644828513, 2459989.588676816783845 ], [ 619593.55632881668862, 2459927.940804931800812 ], [ 619497.285584929166362, 2459982.558954303152859 ], [ 619848.139660564484075, 2460597.489505849778652 ], [ 619918.533163219806738, 2460557.067184034734964 ], [ 620059.915383378160186, 2460800.61515346262604 ], [ 620040.623863843502477, 2460896.78635614970699 ], [ 620470.296789795858786, 2461308.629880120046437 ], [ 619523.732747941859998, 2462313.25322460802272 ], [ 619944.742674968903884, 2462641.98342174757272 ], [ 619777.413258590502664, 2462826.692951050121337 ], [ 619709.372571407351643, 2462964.560511690098792 ], [ 619450.770807891967706, 2462824.184701345860958 ], [ 619375.418406540295109, 2462975.282977872062474 ], [ 619257.286069083609618, 2462926.77175386948511 ], [ 619230.181864812038839, 2462967.527811830397695 ], [ 619244.438060727203265, 2462989.779408785514534 ], [ 619462.340732044773176, 2463062.305074771866202 ], [ 619312.160587196587585, 2463430.933254496194422 ], [ 619094.338784801075235, 2463348.445930640213192 ], [ 618567.839894349337555, 2464694.010122590698302 ], [ 618035.372902235132642, 2464664.499056433327496 ], [ 618057.907507197232917, 2464546.208054373040795 ], [ 618081.304746016161516, 2464450.06603852333501 ], [ 618060.801840919186361, 2464300.449257023166865 ], [ 617980.155268852249719, 2464065.12840798869729 ], [ 618218.597617760533467, 2463738.122436160221696 ], [ 618199.525132179260254, 2463671.550434366799891 ], [ 618272.289223617408425, 2463587.961812577210367 ], [ 618264.752569132717326, 2463494.906477653421462 ], [ 618114.987953623523936, 2463541.375942151062191 ], [ 618015.393227539025247, 2463630.29748514899984 ], [ 617836.093590489355847, 2463903.505072047933936 ], [ 617531.995024467003532, 2464057.310124783311039 ], [ 617182.340586552163586, 2464377.952510177623481 ], [ 616865.029616269282997, 2464784.092896134592593 ], [ 616340.770165632362477, 2465173.190784997306764 ], [ 616093.240765812224708, 2465483.548290376085788 ], [ 615754.436947615933605, 2466015.759749229531735 ], [ 615206.703881593886763, 2466940.560637165326625 ], [ 615178.583636718802154, 2467120.811731501482427 ], [ 615260.344804843771271, 2467486.765198717825115 ], [ 615966.263876578304917, 2469935.425216958858073 ], [ 616051.08969155640807, 2470437.584453974384815 ], [ 615770.190692224306986, 2471366.575108998920768 ], [ 615644.811153875780292, 2471606.992443829774857 ], [ 615341.946297048707493, 2471894.803359253332019 ], [ 615128.664712664089166, 2472047.108661451376975 ], [ 614920.888968264916912, 2472151.851395428646356 ], [ 613124.686342135537416, 2474150.272952392231673 ], [ 612994.975873970310204, 2474428.319491562899202 ], [ 612793.592019647709094, 2474651.596447583287954 ], [ 612527.960324993124232, 2474790.268396267201751 ], [ 612201.45451721129939, 2475089.034979465417564 ], [ 611281.271426515653729, 2476048.904402947984636 ], [ 610994.093400786281563, 2476469.7591258790344 ], [ 611056.436529110185802, 2476677.235823267139494 ], [ 610993.112265429459512, 2476893.775276525411755 ], [ 610496.788324182969518, 2477628.666061288677156 ], [ 610202.682229072321206, 2478017.378072763327509 ], [ 608843.784657489741221, 2479632.988709284458309 ], [ 608340.313164536724798, 2480239.467093573417515 ], [ 607971.94320122723002, 2480518.093780013266951 ], [ 607723.489815111039206, 2480723.388276338577271 ], [ 607103.702376096160151, 2481195.133806156460196 ], [ 606241.918636263348162, 2481842.372205669991672 ], [ 606235.896232840837911, 2481820.188776194117963 ], [ 607039.74092060350813, 2481216.832553705666214 ], [ 605784.111917994334362, 2481366.498782701790333 ], [ 605537.758477399242111, 2479914.517624685540795 ], [ 605687.165285226656124, 2479891.182308153249323 ], [ 605938.651040587108582, 2481343.201647475361824 ], [ 605938.651040587108582, 2481343.201647475361824 ], [ 605687.165285226656124, 2479891.182308153249323 ], [ 605537.758477399242111, 2479914.517624685540795 ], [ 605784.111917994334362, 2481366.498782701790333 ], [ 607039.74092060350813, 2481216.832553705666214 ], [ 606235.896232840837911, 2481820.188776194117963 ], [ 606241.918636263348162, 2481842.372205669991672 ], [ 607103.702376096160151, 2481195.133806156460196 ], [ 607723.489815111039206, 2480723.388276338577271 ], [ 607971.94320122723002, 2480518.093780013266951 ], [ 608340.313164536724798, 2480239.467093573417515 ], [ 608795.253110699355602, 2479654.789226606953889 ], [ 609128.070848658913746, 2478730.486604176461697 ], [ 609388.35158896795474, 2478169.915104009211063 ], [ 609302.722711508627981, 2477176.236268139444292 ], [ 609356.902604122064076, 2477084.729288158938289 ], [ 609745.685314567410387, 2476991.162895099259913 ], [ 609852.190017935819924, 2476925.492030469235033 ], [ 610133.330231868545525, 2476624.142465739045292 ], [ 610668.569722359068692, 2476496.213588221464306 ], [ 610815.160714340512641, 2476440.799601302947849 ], [ 610988.601154131349176, 2476230.584054025821388 ], [ 611161.569395501399413, 2476086.793472693301737 ], [ 611281.271426515653729, 2476048.904402947984636 ], [ 612201.45451721129939, 2475089.034979465417564 ], [ 612527.960324993124232, 2474790.268396267201751 ], [ 612793.592019647709094, 2474651.596447583287954 ], [ 612994.975873970310204, 2474428.319491562899202 ], [ 613124.686342135537416, 2474150.272952392231673 ], [ 614920.888968264916912, 2472151.851395428646356 ], [ 615128.664712664089166, 2472047.108661451376975 ], [ 615341.946297048707493, 2471894.803359253332019 ], [ 615644.811153875780292, 2471606.992443829774857 ], [ 615770.190692224306986, 2471366.575108998920768 ], [ 616051.08969155640807, 2470437.584453974384815 ], [ 615966.263876578304917, 2469935.425216958858073 ], [ 615260.344804843771271, 2467486.765198717825115 ], [ 615178.583636718802154, 2467120.811731501482427 ], [ 615206.703881593886763, 2466940.560637165326625 ], [ 615754.436947615933605, 2466015.759749229531735 ], [ 616093.240765812224708, 2465483.548290376085788 ], [ 616340.770165632362477, 2465173.190784997306764 ], [ 616865.029616269282997, 2464784.092896134592593 ], [ 617182.340586552163586, 2464377.952510177623481 ], [ 617531.995024467003532, 2464057.310124783311039 ], [ 617836.093590489355847, 2463903.505072047933936 ], [ 618015.393227539025247, 2463630.29748514899984 ], [ 618114.987953623523936, 2463541.375942151062191 ], [ 618264.752569132717326, 2463494.906477653421462 ], [ 618272.289223617408425, 2463587.961812577210367 ], [ 618203.713793777860701, 2463662.725270295049995 ], [ 618221.621433531632647, 2463747.002356538083404 ], [ 618260.287148884730414, 2463811.508965427521616 ], [ 618302.0519774928689, 2463874.932118820957839 ], [ 618355.04921114386525, 2463951.726242125965655 ], [ 618242.616106076980941, 2463967.478749594651163 ], [ 618251.493946366710588, 2464019.580848886165768 ], [ 618275.04448649531696, 2464174.75667013367638 ], [ 618303.237350498093292, 2464261.32634213520214 ], [ 618052.55092132720165, 2464301.493802791461349 ], [ 618081.304746016161516, 2464450.06603852333501 ], [ 618057.907507197232917, 2464546.208054373040795 ], [ 618035.372902235132642, 2464664.499056433327496 ], [ 618567.839894349337555, 2464694.010122590698302 ], [ 618974.464709808584303, 2463663.059672091156244 ], [ 619096.637311540660448, 2463721.564057931303978 ], [ 619205.668704199837521, 2463746.755120798479766 ], [ 619312.160587196587585, 2463430.933254496194422 ], [ 619462.340732044773176, 2463062.305074771866202 ], [ 619244.438060727203265, 2462989.779408785514534 ], [ 619230.181864812038839, 2462967.527811830397695 ], [ 619257.286069083609618, 2462926.77175386948511 ], [ 619375.418406540295109, 2462975.282977872062474 ], [ 619450.770807891967706, 2462824.184701345860958 ], [ 619709.372571407351643, 2462964.560511690098792 ], [ 619777.413258590502664, 2462826.692951050121337 ], [ 619944.742674968903884, 2462641.98342174757272 ], [ 619523.732747941859998, 2462313.25322460802272 ], [ 620470.296789795858786, 2461308.629880120046437 ], [ 620040.623863843502477, 2460896.78635614970699 ], [ 620059.915383378160186, 2460800.61515346262604 ], [ 619918.533163219806738, 2460557.067184034734964 ], [ 619848.139660564484075, 2460597.489505849778652 ], [ 619497.285584929166362, 2459982.558954303152859 ], [ 619593.55632881668862, 2459927.940804931800812 ], [ 619836.320894644828513, 2459989.588676816783845 ], [ 620026.753250069450587, 2459886.983501041308045 ], [ 619909.832658924395218, 2459677.945339356549084 ], [ 619829.425114391488023, 2459545.580039333552122 ], [ 619774.144795990898274, 2459496.442192619200796 ], [ 619734.417215310852043, 2459435.245595572516322 ], [ 619668.919967376976274, 2459239.889895573724061 ], [ 619626.235102084930986, 2459160.957050366792828 ], [ 619596.79569625412114, 2459102.054023997858167 ], [ 619557.520193214062601, 2459116.145582381635904 ], [ 619410.480050956830382, 2458800.59786752006039 ], [ 619246.156972013413906, 2458452.813504678197205 ], [ 619347.555548273143359, 2458402.661123625468463 ], [ 618976.255817270139232, 2457620.416792527772486 ], [ 618713.421352885430679, 2457074.82318013953045 ], [ 618493.513866848661564, 2456847.302125334274024 ], [ 618323.840523756109178, 2456927.942101761233062 ], [ 618367.351226428989321, 2457035.661689982749522 ], [ 618409.076704002334736, 2457106.833191683981568 ], [ 617971.421079411986284, 2457319.407673023641109 ], [ 617750.133990750415251, 2456863.822332056239247 ], [ 617986.882764022098854, 2456773.718794527929276 ], [ 618143.784052121685818, 2456746.119903022889048 ], [ 618215.044356170808896, 2456728.945282530970871 ] ] } },
{ "type": "Feature", "properties": { "route_name": "35_Madero - Ganadera - Niños Héroes", "route_name_short": "Madero - Ganadera - Niños Héroes", "route_type": 3 }, "geometry": { "type": "LineString", "coordinates": [ [ 613599.510856247623451, 2469209.378697156440467 ], [ 613875.974973537842743, 2469152.726268948987126 ], [ 613725.424575082957745, 2468612.46063557965681 ], [ 613679.883814400294796, 2468501.416394765954465 ], [ 613684.238814794342034, 2468469.342085057403892 ], [ 613716.193942029727623, 2468466.254598468076438 ], [ 613775.780952189932577, 2468347.122974384576082 ], [ 613816.88503657002002, 2468360.709321900736541 ], [ 614086.252328005852178, 2468290.722569616977125 ], [ 614267.783533739042468, 2468258.843107061926275 ], [ 614302.613452462130226, 2468425.16600148472935 ], [ 614330.566388902370818, 2468546.046847468242049 ], [ 614438.890075293020345, 2468523.594982645940036 ], [ 615092.489021395333111, 2468591.528376047499478 ], [ 615070.914551108377054, 2469001.001084881834686 ], [ 615387.964053506148048, 2469028.816633427049965 ], [ 615554.724336402839981, 2469043.341676224954426 ], [ 615705.053983559831977, 2469051.103422075510025 ], [ 615568.598455359344371, 2468562.956227938644588 ], [ 615529.390552665921859, 2468433.13203818211332 ], [ 615516.444547327468172, 2468373.251518405973911 ], [ 615253.72511506266892, 2467407.003916603978723 ], [ 615179.034717591712251, 2467059.923850066959858 ], [ 615410.151521782390773, 2466595.542895491700619 ], [ 616057.182671362999827, 2465483.279273619409651 ], [ 616104.010378991486505, 2465144.851672258693725 ], [ 615998.532100483309478, 2464782.038906555157155 ], [ 616097.47565485665109, 2464501.569867538753897 ], [ 616002.074627905152738, 2463753.557678796816617 ], [ 615931.326758354320191, 2463429.754193855915219 ], [ 616033.326136508723721, 2463154.843098058365285 ], [ 616037.918830587761477, 2462814.994192871730775 ], [ 615799.916227019275539, 2461978.462469757068902 ], [ 615753.318206719355658, 2461731.231023180764169 ], [ 615771.508094901801087, 2461502.194690216332674 ], [ 616607.206294126342982, 2461512.852975429501384 ], [ 616609.865594470291398, 2460881.819590944796801 ], [ 616646.398231738712639, 2460820.094680480659008 ], [ 616738.699358706711791, 2460880.569517130032182 ], [ 616724.363001228892244, 2460868.283954716753215 ], [ 616681.980185947264545, 2460610.009904229547828 ], [ 616715.803183572483249, 2460497.337765082716942 ], [ 617457.59243146085646, 2460531.692672800272703 ], [ 617459.853698023129255, 2460505.13898646319285 ], [ 617731.151427082018927, 2460472.864424377679825 ], [ 617670.27804386173375, 2460345.086838496848941 ], [ 617625.84286137484014, 2460224.076218032743782 ], [ 617608.924028744455427, 2460144.236447977367789 ], [ 617751.727858506375924, 2459931.64103177934885 ], [ 617982.449674238217995, 2460087.273515998385847 ], [ 617955.906136408448219, 2460190.034409084357321 ], [ 617974.466327741509303, 2460597.593158182688057 ], [ 617989.304813319351524, 2460679.631978852208704 ], [ 618032.110424991580658, 2460743.061556604225188 ], [ 617999.21648266678676, 2461004.091904292348772 ], [ 618043.847424980136566, 2461098.534657877869904 ], [ 618077.183993799379095, 2461187.356440059840679 ], [ 619658.807554925209843, 2460289.362744125537574 ], [ 619796.116633456549607, 2460527.341033636126667 ], [ 620112.912380084046163, 2460342.674245333764702 ], [ 620063.018935911008157, 2460263.684304690919816 ], [ 619825.959409991046414, 2460399.144158010836691 ], [ 619958.086578996735625, 2460640.405638554133475 ], [ 619883.537037418107502, 2460685.224306457210332 ], [ 619796.116633456549607, 2460527.341033636126667 ], [ 619796.116633456549607, 2460527.341033636126667 ], [ 619883.537037418107502, 2460685.224306457210332 ], [ 619958.086578996735625, 2460640.405638554133475 ], [ 619825.959409991046414, 2460399.144158010836691 ], [ 620063.018935911008157, 2460263.684304690919816 ], [ 620112.912380084046163, 2460342.674245333764702 ], [ 619796.116633456549607, 2460527.341033636126667 ], [ 619658.807554925209843, 2460289.362744125537574 ], [ 618077.183993799379095, 2461187.356440059840679 ], [ 618043.847424980136566, 2461098.534657877869904 ], [ 617999.21648266678676, 2461004.091904292348772 ], [ 618032.110424991580658, 2460743.061556604225188 ], [ 617989.304813319351524, 2460679.631978852208704 ], [ 617974.466327741509303, 2460597.593158182688057 ], [ 617955.906136408448219, 2460190.034409084357321 ], [ 617982.449674238217995, 2460087.273515998385847 ], [ 617751.727858506375924, 2459931.64103177934885 ], [ 617608.924028744455427, 2460144.236447977367789 ], [ 617625.84286137484014, 2460224.076218032743782 ], [ 617670.27804386173375, 2460345.086838496848941 ], [ 617731.134710499085486, 2460475.078526749741286 ], [ 617725.329943397315219, 2460561.389618898741901 ], [ 617559.017235449049622, 2460612.169197451788932 ], [ 617081.835914988187142, 2460613.007248456124216 ], [ 617078.760870478581637, 2460610.769934539683163 ], [ 617073.267083746031858, 2460793.40218405937776 ], [ 617100.916644478100352, 2460954.141131238546222 ], [ 617101.872339576017112, 2460964.112322686240077 ], [ 617103.584148077759892, 2461010.623909605666995 ], [ 616991.538824857678264, 2460972.140855769161135 ], [ 616738.699358706711791, 2460880.569517130032182 ], [ 616646.398231738712639, 2460820.094680480659008 ], [ 616609.865594470291398, 2460881.819590944796801 ], [ 616607.206294126342982, 2461512.852975429501384 ], [ 615771.508094901801087, 2461502.194690216332674 ], [ 615753.318206719355658, 2461731.231023180764169 ], [ 615799.916227019275539, 2461978.462469757068902 ], [ 616037.918830587761477, 2462814.994192871730775 ], [ 616033.326136508723721, 2463154.843098058365285 ], [ 615931.326758354320191, 2463429.754193855915219 ], [ 616002.074627905152738, 2463753.557678796816617 ], [ 616097.47565485665109, 2464501.569867538753897 ], [ 615998.532100483309478, 2464782.038906555157155 ], [ 616104.010378991486505, 2465144.851672258693725 ], [ 616190.22622927185148, 2465327.061984135303646 ], [ 616074.64704673201777, 2465490.052245327737182 ], [ 615410.151521782390773, 2466595.542895491700619 ], [ 615179.034717591712251, 2467059.923850066959858 ], [ 615253.72511506266892, 2467407.003916603978723 ], [ 615516.444547327468172, 2468373.251518405973911 ], [ 615529.390552665921859, 2468433.13203818211332 ], [ 615568.598455359344371, 2468562.956227938644588 ], [ 615705.053983559831977, 2469051.103422075510025 ], [ 615554.724336402839981, 2469043.341676224954426 ], [ 615387.964053506148048, 2469028.816633427049965 ], [ 615070.914551108377054, 2469001.001084881834686 ], [ 615092.489021395333111, 2468591.528376047499478 ], [ 614438.890075293020345, 2468523.594982645940036 ], [ 614330.566388902370818, 2468546.046847468242049 ], [ 614302.613452462130226, 2468425.16600148472935 ], [ 614267.783533739042468, 2468258.843107061926275 ], [ 614086.252328005852178, 2468290.722569616977125 ], [ 613816.88503657002002, 2468360.709321900736541 ], [ 613775.780952189932577, 2468347.122974384576082 ], [ 613716.193942029727623, 2468466.254598468076438 ], [ 613684.238814794342034, 2468469.342085057403892 ], [ 613679.883814400294796, 2468501.416394765954465 ], [ 613725.424575082957745, 2468612.46063557965681 ], [ 613875.974973537842743, 2469152.726268948987126 ] ] } },
{ "type": "Feature", "properties": { "route_name": "37_Escolleras - Madero", "route_name_short": "Escolleras - Madero", "route_type": 3 }, "geometry": { "type": "LineString", "coordinates": [ [ 624982.622532763169147, 2462672.730030838865787 ], [ 624997.004290524637327, 2462549.952318848576397 ], [ 624076.88265271554701, 2462404.204361663199961 ], [ 624066.947318496298976, 2462487.160829129628837 ], [ 623775.627979948767461, 2462447.200880678836256 ], [ 623331.202291241381317, 2462221.141661109868437 ], [ 621725.35200793936383, 2461333.880023858509958 ], [ 621625.330825951648876, 2461340.849175550974905 ], [ 621424.697965572588146, 2461562.925152244977653 ], [ 620920.29965268727392, 2461089.581663067918271 ], [ 620841.420314976945519, 2461028.078045728150755 ], [ 620247.933552623260766, 2460475.462529356591403 ], [ 619874.244973366730846, 2460687.367109919432551 ], [ 619410.565572862280533, 2459866.754308303818107 ], [ 619405.573530087713152, 2459845.680814980063587 ], [ 619381.203126172767952, 2459797.888125611934811 ], [ 619643.087197611806914, 2459651.540501425974071 ], [ 619564.679193350835703, 2459526.94187340978533 ], [ 619458.734203139320016, 2459229.422225923277438 ], [ 619436.568260186584666, 2459162.825380166992545 ], [ 619518.202365394099616, 2459135.77250854531303 ], [ 619556.48953033844009, 2459116.137684995308518 ], [ 619648.464721992262639, 2459084.736232524737716 ], [ 619517.967879225616343, 2458762.671568430960178 ], [ 619506.706632326589897, 2458752.621256268583238 ], [ 619393.226110771531239, 2458496.008326715324074 ], [ 619462.325608604354784, 2458491.001485799904913 ], [ 619481.15795001166407, 2458454.610737340990454 ], [ 619516.307177791954018, 2458306.525989057030529 ], [ 619069.943542492575943, 2457365.387281673029065 ], [ 619021.395768504356965, 2457378.302552842535079 ], [ 618693.515574067248963, 2456574.256658097729087 ], [ 618667.955120976897888, 2456546.384637771639973 ], [ 618236.523900906904601, 2456751.250091184396297 ], [ 618212.999479963909835, 2456726.715583615005016 ], [ 617927.020401474786922, 2456783.230710619129241 ], [ 617753.151292691589333, 2456873.809068419039249 ], [ 617969.409705688245595, 2457312.749810475390404 ], [ 618397.754776941845194, 2457104.533127547707409 ], [ 618320.748112855479121, 2456927.918674095068127 ], [ 618497.637104756548069, 2456847.333406998775899 ], [ 619559.547587280860171, 2459120.589595324359834 ], [ 619559.547587280860171, 2459120.589595324359834 ], [ 618497.637104756548069, 2456847.333406998775899 ], [ 618320.748112855479121, 2456927.918674095068127 ], [ 618397.754776941845194, 2457104.533127547707409 ], [ 617969.409705688245595, 2457312.749810475390404 ], [ 617753.151292691589333, 2456873.809068419039249 ], [ 617927.020401474786922, 2456783.230710619129241 ], [ 618212.999479963909835, 2456726.715583615005016 ], [ 618236.523900906904601, 2456751.250091184396297 ], [ 618667.955120976897888, 2456546.384637771639973 ], [ 618693.515574067248963, 2456574.256658097729087 ], [ 619021.395768504356965, 2457378.302552842535079 ], [ 619069.943542492575943, 2457365.387281673029065 ], [ 619516.307177791954018, 2458306.525989057030529 ], [ 619481.15795001166407, 2458454.610737340990454 ], [ 619462.325608604354784, 2458491.001485799904913 ], [ 619393.226110771531239, 2458496.008326715324074 ], [ 619506.706632326589897, 2458752.621256268583238 ], [ 619517.967879225616343, 2458762.671568430960178 ], [ 619648.464721992262639, 2459084.736232524737716 ], [ 619556.48953033844009, 2459116.137684995308518 ], [ 619518.202365394099616, 2459135.77250854531303 ], [ 619339.41532433941029, 2459197.509788234252483 ], [ 619408.980096258921549, 2459400.64483242854476 ], [ 619481.846782671753317, 2459576.127625776454806 ], [ 619403.205213234294206, 2459616.488913731649518 ], [ 619309.991351246600971, 2459675.560142401605844 ], [ 619381.203126172767952, 2459797.888125611934811 ], [ 619405.573530087713152, 2459845.680814980063587 ], [ 619410.565572862280533, 2459866.754308303818107 ], [ 619874.244973366730846, 2460687.367109919432551 ], [ 620247.933552623260766, 2460475.462529356591403 ], [ 620841.420314976945519, 2461028.078045728150755 ], [ 620920.29965268727392, 2461089.581663067918271 ], [ 621424.697965572588146, 2461562.925152244977653 ], [ 621625.330825951648876, 2461340.849175550974905 ], [ 621725.35200793936383, 2461333.880023858509958 ], [ 623331.202291241381317, 2462221.141661109868437 ], [ 623775.627979948767461, 2462447.200880678836256 ], [ 623904.725834865006618, 2462541.226859306450933 ], [ 623937.54170476750005, 2462561.416420797817409 ], [ 623383.519975943025202, 2463552.336971888318658 ], [ 623610.355515048955567, 2463664.850015986245126 ], [ 624253.465607565944083, 2463779.575748609378934 ], [ 624646.416433020727709, 2463220.286926710046828 ], [ 624992.251835448550992, 2462628.521484955679625 ] ] } },
{ "type": "Feature", "properties": { "route_name": "39_Playa Sur - Refinería", "route_name_short": "Playa Sur - Refinería", "route_type": 3 }, "geometry": { "type": "LineString", "coordinates": [ [ 623991.977612705202773, 2464137.312655793037266 ], [ 624230.567831354215741, 2463808.178771041799337 ], [ 624218.388899684650823, 2463784.831590971443802 ], [ 624165.021610627300106, 2463757.834489808417857 ], [ 623663.84707938041538, 2463676.346154542639852 ], [ 623496.212228322634473, 2463635.158672301098704 ], [ 622857.118100071325898, 2463271.390572980977595 ], [ 622190.243163465056568, 2462898.575448800809681 ], [ 621488.339037873432972, 2462256.484724209178239 ], [ 620843.983208443736658, 2462956.714932488277555 ], [ 620166.414092006045394, 2463695.46231477567926 ], [ 620102.952789652044885, 2463907.541163645684719 ], [ 620173.969883485231549, 2463918.05330300424248 ], [ 620162.30283872759901, 2463961.141240696422756 ], [ 619341.263486068928614, 2463936.004986400250345 ], [ 619141.554797814576887, 2463911.225858191493899 ], [ 619044.061444655177183, 2463859.552433812990785 ], [ 618941.990774257690646, 2463732.56032556341961 ], [ 618914.281080272747204, 2463717.956082840450108 ], [ 618938.486656613647938, 2463651.713587469886988 ], [ 618728.391584210679866, 2463096.549376823473722 ], [ 618516.910196299431846, 2462450.594776317942888 ], [ 618256.610328475595452, 2461716.811613073106855 ], [ 618049.025211064843461, 2461095.252517291344702 ], [ 617995.111107174889185, 2461001.846599184442312 ], [ 618020.858165452140383, 2460731.905221012886614 ], [ 617973.318503752001561, 2460613.084088821429759 ], [ 617945.575148459756747, 2460193.2776183555834 ], [ 618000.154040991095826, 2460063.050931286532432 ], [ 618107.831116607179865, 2459862.371035492047668 ], [ 618141.808409331017174, 2459730.881669772788882 ], [ 618190.817838056012988, 2459655.969114299863577 ], [ 618284.077583782258444, 2459590.249079516157508 ], [ 618446.230794276576489, 2459546.087697648908943 ], [ 618532.076000649714842, 2459506.883553244173527 ], [ 618564.362201837124303, 2459462.844253075309098 ], [ 618685.672963237273507, 2459097.311165800783783 ], [ 618863.103277392568998, 2458807.490128648467362 ], [ 618863.752555547980592, 2458722.247110771480948 ], [ 618839.757924807374366, 2458624.638144409749657 ], [ 618611.175085302907974, 2458185.588782803621143 ], [ 618383.760661833337508, 2457726.624489807989448 ], [ 618092.406002630945295, 2457133.220295370556414 ], [ 617929.090383889968507, 2456782.139228859916329 ], [ 617968.648228253470734, 2456867.685464211273938 ], [ 617925.956156636006199, 2456787.6511170854792 ], [ 618023.011403883807361, 2456767.349082714412361 ], [ 618278.953222983982414, 2457274.128192243631929 ], [ 618183.727627604035661, 2457325.441482918336987 ], [ 618356.433911773259751, 2457659.990519453305751 ], [ 618585.040721622179262, 2458097.928167731035501 ], [ 618839.757924807374366, 2458624.638144409749657 ], [ 618867.892167396144941, 2458720.064408619422466 ], [ 618863.103277392568998, 2458807.490128648467362 ], [ 618696.900757997762412, 2459111.789085152558982 ], [ 618572.573640765389428, 2459467.335127051454037 ], [ 618535.083785243332386, 2459517.9775680298917 ], [ 618481.238621083088219, 2459550.782005676534027 ], [ 618279.787194054573774, 2459612.358853382524103 ], [ 618210.299005926819518, 2459669.402110956143588 ], [ 618159.219898476731032, 2459745.406046132091433 ], [ 618125.452080466318876, 2459849.219093542080373 ], [ 618071.047469913261011, 2459956.197311579715461 ], [ 618000.154040991095826, 2460063.050931286532432 ], [ 617945.575148459756747, 2460193.2776183555834 ], [ 617973.318503752001561, 2460613.084088821429759 ], [ 618032.278037794400007, 2460720.920510557480156 ], [ 617997.205690899165347, 2460997.433988943230361 ], [ 618049.025211064843461, 2461095.252517291344702 ], [ 618146.72087790328078, 2461394.914170328062028 ], [ 618256.610328475595452, 2461716.811613073106855 ], [ 618390.872795852832496, 2462085.394336435012519 ], [ 618507.669926384463906, 2462446.09600784489885 ], [ 618728.205924047506414, 2463120.904631469864398 ], [ 618938.486656613647938, 2463651.713587469886988 ], [ 618914.281080272747204, 2463717.956082840450108 ], [ 618941.990774257690646, 2463732.56032556341961 ], [ 619044.061444655177183, 2463859.552433812990785 ], [ 619141.554797814576887, 2463911.225858191493899 ], [ 619231.06761361961253, 2463928.51795762963593 ], [ 619345.418804580811411, 2463931.608339329715818 ], [ 620162.30283872759901, 2463961.141240696422756 ], [ 620173.969883485231549, 2463918.05330300424248 ], [ 620102.952789652044885, 2463907.541163645684719 ], [ 620166.414092006045394, 2463695.46231477567926 ], [ 620848.036146422266029, 2462965.60341093223542 ], [ 621488.339037873432972, 2462256.484724209178239 ], [ 622190.243163465056568, 2462898.575448800809681 ], [ 622857.118100071325898, 2463271.390572980977595 ], [ 623496.212228322634473, 2463635.158672301098704 ], [ 623663.84707938041538, 2463676.346154542639852 ], [ 624165.021610627300106, 2463757.834489808417857 ], [ 624222.607529715169221, 2463772.686668976675719 ], [ 624242.096212799544446, 2463783.913598425686359 ], [ 624261.620209223357961, 2463790.71226124279201 ], [ 624257.339707863284275, 2463810.606686034239829 ], [ 624232.504901190055534, 2463823.694236133247614 ], [ 623980.555656810756773, 2464148.293118841480464 ] ] } },
{ "type": "Feature", "properties": { "route_name": "38_Circuito Norte", "route_name_short": "Circuito Norte", "route_type": 3 }, "geometry": { "type": "LineString", "coordinates": [ [ 615225.080045455484651, 2464320.163932389114052 ], [ 615313.440325194736943, 2464354.031544810160995 ], [ 615382.171581248287112, 2464533.89276528172195 ], [ 615388.189194215461612, 2464556.079589025583118 ], [ 615417.862394332769327, 2464583.977368401363492 ], [ 615385.685436748899519, 2464615.845008732285351 ], [ 615327.776108435820788, 2464644.200684085953981 ], [ 615210.856323717860505, 2464571.372608840465546 ], [ 615186.301431675557978, 2464547.941561271902174 ], [ 615118.269506840500981, 2464551.866684202570468 ], [ 614932.539780448423699, 2464867.127369449473917 ], [ 614892.466003496316262, 2464991.93482912145555 ], [ 615204.135064142872579, 2465061.772757651284337 ], [ 615296.948396747116931, 2465050.281935507431626 ], [ 615748.287072675186209, 2465596.117919427808374 ], [ 615380.915963323437609, 2465814.81143996771425 ], [ 615389.92504918074701, 2465850.305859118700027 ], [ 615732.56397912860848, 2466047.703291826881468 ], [ 615179.461184319457971, 2467002.357129450887442 ], [ 615181.8921160728205, 2467230.440456167794764 ], [ 615328.863534215488471, 2467693.196677842643112 ], [ 615533.914038445102051, 2468378.916983324103057 ], [ 615905.724821302108467, 2468386.114507686812431 ], [ 616077.890139536815695, 2468367.471597237978131 ], [ 616355.951338935177773, 2468376.194050875958055 ], [ 616407.868046566611156, 2468321.22694723540917 ], [ 616553.071090830489993, 2468326.743901686277241 ], [ 616535.791619419935159, 2468021.049310794100165 ], [ 616927.174664860009216, 2468029.524738437496126 ], [ 617025.428281037136912, 2467430.204841192346066 ], [ 617032.042310481658205, 2467372.684374206699431 ], [ 617023.021343585802242, 2467339.402853155508637 ], [ 617049.252677208743989, 2467139.211573454085737 ], [ 617101.659443147596903, 2467020.037236304022372 ], [ 617330.702333626453765, 2467111.440837101545185 ], [ 617403.227313933195546, 2466920.456355848349631 ], [ 617673.366630870150402, 2467026.567977718543261 ], [ 617659.815710658440366, 2467047.500745768658817 ], [ 617928.853946518269368, 2467162.465682229027152 ], [ 618225.073050710139796, 2466411.871081931516528 ], [ 617958.016608777223155, 2466305.773702051024884 ], [ 618374.055838016327471, 2465246.096241345163435 ], [ 618428.014263868448325, 2465060.510196247603744 ], [ 618832.927107717841864, 2464926.313619002699852 ], [ 618680.639211525558494, 2464494.480578201357275 ], [ 619490.58275016292464, 2464216.145882858894765 ], [ 619395.914144125767052, 2463930.888365701772273 ], [ 620105.744926930987276, 2463946.312169524375349 ], [ 620100.849395499215461, 2463913.060576138086617 ], [ 620020.482310857158154, 2463912.440840502735227 ], [ 620105.744926930987276, 2463946.312169524375349 ], [ 620172.717367588309571, 2463946.828960606828332 ], [ 620174.004063353873789, 2463913.625055315438658 ], [ 620100.849395499215461, 2463913.060576138086617 ], [ 620165.383730064029805, 2463695.454363147262484 ], [ 621122.49256337468978, 2462655.524521905463189 ], [ 620985.351601395057514, 2462533.781743797473609 ], [ 621362.506342218839563, 2462138.148281768895686 ], [ 620978.839623899431899, 2461779.776493977289647 ], [ 621289.69624960643705, 2461430.125617821700871 ], [ 621225.230121063999832, 2461370.946281188167632 ], [ 621160.830230704159476, 2461435.766144761815667 ], [ 621227.331495895748958, 2461498.282436199951917 ], [ 621227.331495895748958, 2461498.282436199951917 ], [ 621160.830230704159476, 2461435.766144761815667 ], [ 621225.230121063999832, 2461370.946281188167632 ], [ 621289.69624960643705, 2461430.125617821700871 ], [ 620978.839623899431899, 2461779.776493977289647 ], [ 621362.506342218839563, 2462138.148281768895686 ], [ 620985.351601395057514, 2462533.781743797473609 ], [ 621122.49256337468978, 2462655.524521905463189 ], [ 620165.383730064029805, 2463695.454363147262484 ], [ 620100.849395499215461, 2463913.060576138086617 ], [ 620174.004063353873789, 2463913.625055315438658 ], [ 620172.717367588309571, 2463946.828960606828332 ], [ 620105.744926930987276, 2463946.312169524375349 ], [ 620020.482310857158154, 2463912.440840502735227 ], [ 620100.849395499215461, 2463913.060576138086617 ], [ 620105.744926930987276, 2463946.312169524375349 ], [ 619395.914144125767052, 2463930.888365701772273 ], [ 619490.58275016292464, 2464216.145882858894765 ], [ 618680.639211525558494, 2464494.480578201357275 ], [ 618832.927107717841864, 2464926.313619002699852 ], [ 618428.014263868448325, 2465060.510196247603744 ], [ 618374.055838016327471, 2465246.096241345163435 ], [ 617958.016608777223155, 2466305.773702051024884 ], [ 618225.073050710139796, 2466411.871081931516528 ], [ 617928.853946518269368, 2467162.465682229027152 ], [ 617659.815710658440366, 2467047.500745768658817 ], [ 617673.366630870150402, 2467026.567977718543261 ], [ 617403.227313933195546, 2466920.456355848349631 ], [ 617330.702333626453765, 2467111.440837101545185 ], [ 617101.659443147596903, 2467020.037236304022372 ], [ 617049.252677208743989, 2467139.211573454085737 ], [ 617023.021343585802242, 2467339.402853155508637 ], [ 617032.042310481658205, 2467372.684374206699431 ], [ 617025.428281037136912, 2467430.204841192346066 ], [ 616927.174664860009216, 2468029.524738437496126 ], [ 616535.791619419935159, 2468021.049310794100165 ], [ 616553.071090830489993, 2468326.743901686277241 ], [ 616407.868046566611156, 2468321.22694723540917 ], [ 616355.951338935177773, 2468376.194050875958055 ], [ 616077.890139536815695, 2468367.471597237978131 ], [ 615982.754593616584316, 2468416.581479078158736 ], [ 615869.285466588567942, 2468437.877248065080494 ], [ 615728.203692422946915, 2468432.397333113010973 ], [ 615713.139511029468849, 2468657.02987961564213 ], [ 615605.086286466685124, 2468642.940077281557024 ], [ 615328.863534215488471, 2467693.196677842643112 ], [ 615181.8921160728205, 2467230.440456167794764 ], [ 615179.461184319457971, 2467002.357129450887442 ], [ 615732.56397912860848, 2466047.703291826881468 ], [ 615389.92504918074701, 2465850.305859118700027 ], [ 615380.915963323437609, 2465814.81143996771425 ], [ 615748.287072675186209, 2465596.117919427808374 ], [ 615296.948396747116931, 2465050.281935507431626 ], [ 615204.135064142872579, 2465061.772757651284337 ], [ 614892.466003496316262, 2464991.93482912145555 ], [ 614932.539780448423699, 2464867.127369449473917 ], [ 615118.269506840500981, 2464551.866684202570468 ], [ 615186.301431675557978, 2464547.941561271902174 ], [ 615210.856323717860505, 2464571.372608840465546 ], [ 615327.776108435820788, 2464644.200684085953981 ], [ 615385.685436748899519, 2464615.845008732285351 ], [ 615417.862394332769327, 2464583.977368401363492 ], [ 615388.189194215461612, 2464556.079589025583118 ], [ 615382.171581248287112, 2464533.89276528172195 ], [ 615313.440325194736943, 2464354.031544810160995 ] ] } },
{ "type": "Feature", "properties": { "route_name": "40_Playa Norte - Refinería", "route_name_short": "Playa Norte - Refinería", "route_type": 3 }, "geometry": { "type": "LineString", "coordinates": [ [ 618124.232054185122252, 2456741.543583313934505 ], [ 618232.618514413014054, 2456722.435630395077169 ], [ 618241.661215196014382, 2456753.503203356172889 ], [ 618501.361677368870005, 2456628.153391823638231 ], [ 618628.205188708147034, 2456893.716186278034002 ], [ 618717.19116887752898, 2456850.107778087724 ], [ 618802.415017522405833, 2457030.108234981074929 ], [ 618714.460563202621415, 2457073.723965907003731 ], [ 619184.223293092567474, 2458059.313911092467606 ], [ 619431.715106153395027, 2458584.872269911691546 ], [ 619508.700182325090282, 2458761.493473677430302 ], [ 619526.154013695311733, 2458770.484098315704614 ], [ 619348.560861964826472, 2458405.990164226386696 ], [ 618928.675941284978762, 2458588.780647048261017 ], [ 619019.260230378131382, 2458875.107369945850223 ], [ 619105.127047298941761, 2459103.828752010129392 ], [ 619251.129089474095963, 2459555.541197550483048 ], [ 619312.035666598007083, 2459677.790017052553594 ], [ 619465.709913548314944, 2459933.603777909185737 ], [ 619679.104917477932759, 2460330.481992628891021 ], [ 619915.092747740796767, 2460736.394614478573203 ], [ 619992.477866030647419, 2460858.7735321871005 ], [ 620037.429939568042755, 2460910.047247319947928 ], [ 619819.818243279238231, 2461466.363317385315895 ], [ 620409.174622928490862, 2462016.718214598949999 ], [ 620517.711310205981135, 2462107.234542860183865 ], [ 620818.651710919570178, 2462369.740174585487694 ], [ 621114.197452211985365, 2462662.102808205410838 ], [ 620694.282668036059476, 2463126.052064101211727 ], [ 620974.686441068304703, 2463376.22465636767447 ], [ 620982.766117275226861, 2463397.32289847265929 ], [ 621083.999453786527738, 2463497.751452000811696 ], [ 620571.779944312758744, 2464041.806038982234895 ], [ 620750.552580466028303, 2464108.51227188995108 ], [ 620636.22124864673242, 2464368.908597762696445 ], [ 620622.286643215687945, 2464438.549816115293652 ], [ 620945.467975700972602, 2464617.091496404726058 ], [ 621204.893327711848542, 2464778.536672647111118 ], [ 621398.980218666954897, 2464465.623486708849669 ], [ 622019.219996773870662, 2464997.469959573354572 ], [ 621774.615734601160511, 2465576.800247060135007 ], [ 621741.578677494311705, 2465585.398782135918736 ], [ 621733.016234446782619, 2465626.295814883429557 ], [ 621706.117435018881224, 2465640.478129978757352 ], [ 621636.883922066655941, 2465798.257085030432791 ], [ 621390.607852195156738, 2465802.976177067961544 ], [ 621375.99465379328467, 2465827.21912003820762 ], [ 621370.11796811746899, 2465920.172604041174054 ], [ 621514.26208214473445, 2465932.369301199913025 ], [ 621546.995495226699859, 2465962.517704837489873 ], [ 621593.346568205044605, 2465963.987094349227846 ], [ 621589.64150140399579, 2466042.564785767812282 ], [ 621600.9045838448219, 2466051.509921410586685 ], [ 621598.757616923656315, 2466062.564497815910727 ], [ 621588.420905154780485, 2466066.912236919160932 ], [ 621576.560756233287975, 2466134.354829023126513 ], [ 621400.568589135305956, 2466110.837484528776258 ], [ 621576.560756233287975, 2466134.354829023126513 ], [ 621588.420905154780485, 2466066.912236919160932 ], [ 621598.757616923656315, 2466062.564497815910727 ], [ 621600.9045838448219, 2466051.509921410586685 ], [ 621589.64150140399579, 2466042.564785767812282 ], [ 621593.346568205044605, 2465963.987094349227846 ], [ 621546.995495226699859, 2465962.517704837489873 ], [ 621514.26208214473445, 2465932.369301199913025 ], [ 621370.11796811746899, 2465920.172604041174054 ], [ 621375.99465379328467, 2465827.21912003820762 ], [ 621390.607852195156738, 2465802.976177067961544 ], [ 621636.883922066655941, 2465798.257085030432791 ], [ 621706.117435018881224, 2465640.478129978757352 ], [ 621733.016234446782619, 2465626.295814883429557 ], [ 621741.578677494311705, 2465585.398782135918736 ], [ 621774.615734601160511, 2465576.800247060135007 ], [ 622019.219996773870662, 2464997.469959573354572 ], [ 622856.475202854257077, 2465702.662702336441725 ], [ 622856.475202854257077, 2465702.662702336441725 ], [ 622019.219996773870662, 2464997.469959573354572 ], [ 621774.615734601160511, 2465576.800247060135007 ], [ 621741.578677494311705, 2465585.398782135918736 ], [ 621733.016234446782619, 2465626.295814883429557 ], [ 621706.117435018881224, 2465640.478129978757352 ], [ 621636.883922066655941, 2465798.257085030432791 ], [ 621390.607852195156738, 2465802.976177067961544 ], [ 621375.99465379328467, 2465827.21912003820762 ], [ 621370.11796811746899, 2465920.172604041174054 ], [ 621514.26208214473445, 2465932.369301199913025 ], [ 621546.995495226699859, 2465962.517704837489873 ], [ 621593.346568205044605, 2465963.987094349227846 ], [ 621589.64150140399579, 2466042.564785767812282 ], [ 621600.9045838448219, 2466051.509921410586685 ], [ 621598.757616923656315, 2466062.564497815910727 ], [ 621588.420905154780485, 2466066.912236919160932 ], [ 621576.560756233287975, 2466134.354829023126513 ], [ 621400.568589135305956, 2466110.837484528776258 ], [ 621576.560756233287975, 2466134.354829023126513 ], [ 621588.420905154780485, 2466066.912236919160932 ], [ 621598.757616923656315, 2466062.564497815910727 ], [ 621600.9045838448219, 2466051.509921410586685 ], [ 621589.64150140399579, 2466042.564785767812282 ], [ 621593.346568205044605, 2465963.987094349227846 ], [ 621546.995495226699859, 2465962.517704837489873 ], [ 621514.26208214473445, 2465932.369301199913025 ], [ 621370.11796811746899, 2465920.172604041174054 ], [ 621375.99465379328467, 2465827.21912003820762 ], [ 621390.607852195156738, 2465802.976177067961544 ], [ 621636.883922066655941, 2465798.257085030432791 ], [ 621706.117435018881224, 2465640.478129978757352 ], [ 621733.016234446782619, 2465626.295814883429557 ], [ 621741.578677494311705, 2465585.398782135918736 ], [ 621774.615734601160511, 2465576.800247060135007 ], [ 622019.219996773870662, 2464997.469959573354572 ], [ 621398.980218666954897, 2464465.623486708849669 ], [ 621204.893327711848542, 2464778.536672647111118 ], [ 620945.467975700972602, 2464617.091496404726058 ], [ 620622.286643215687945, 2464438.549816115293652 ], [ 620636.22124864673242, 2464368.908597762696445 ], [ 620750.552580466028303, 2464108.51227188995108 ], [ 620571.779944312758744, 2464041.806038982234895 ], [ 621083.999453786527738, 2463497.751452000811696 ], [ 620982.766117275226861, 2463397.32289847265929 ], [ 620974.686441068304703, 2463376.22465636767447 ], [ 620694.282668036059476, 2463126.052064101211727 ], [ 621114.197452211985365, 2462662.102808205410838 ], [ 620818.651710919570178, 2462369.740174585487694 ], [ 620517.711310205981135, 2462107.234542860183865 ], [ 620409.174622928490862, 2462016.718214598949999 ], [ 619819.818243279238231, 2461466.363317385315895 ], [ 620037.429939568042755, 2460910.047247319947928 ], [ 619992.477866030647419, 2460858.7735321871005 ], [ 619915.092747740796767, 2460736.394614478573203 ], [ 619679.104917477932759, 2460330.481992628891021 ], [ 619465.709913548314944, 2459933.603777909185737 ], [ 619312.035666598007083, 2459677.790017052553594 ], [ 619251.129089474095963, 2459555.541197550483048 ], [ 619147.197497208369896, 2459263.574944095220417 ], [ 619557.486262108315714, 2459120.573800323531032 ], [ 618624.445034907432273, 2457117.324512104038149 ], [ 618495.60908104700502, 2456842.889570489991456 ], [ 618322.801333240931854, 2456929.041340991389006 ], [ 618400.872332785511389, 2457101.235425243154168 ], [ 617970.415392783004791, 2457316.078741701319814 ], [ 617747.00818900752347, 2456868.227206170093268 ], [ 618219.184379522688687, 2456726.762393248267472 ] ] } },
{ "type": "Feature", "properties": { "route_name": "41_Unidad Morelos UAT - Madero - Col Árbol Grande", "route_name_short": "Unidad Morelos UAT - Madero - Col Árbol Grande", "route_type": 3 }, "geometry": { "type": "LineString", "coordinates": [ [ 614112.721266502980143, 2465104.657914971932769 ], [ 614253.266164622851647, 2465047.012523056473583 ], [ 614340.748315196949989, 2464639.132496259175241 ], [ 614321.281029291218147, 2464483.994537319522351 ], [ 614601.732546728337184, 2464457.272079526912421 ], [ 614653.190213347552344, 2464465.400780662894249 ], [ 614571.564161845715716, 2464636.401443582959473 ], [ 614691.870704969856888, 2464669.39365269523114 ], [ 614650.776356731075794, 2464793.087003896478564 ], [ 614784.38523990183603, 2464838.356205167248845 ], [ 614746.397622166201472, 2464959.858040320221335 ], [ 615203.104807519586757, 2465061.765130416490138 ], [ 616035.967276422772557, 2464874.208387045189738 ], [ 616100.870058201020584, 2465151.470926105976105 ], [ 616166.517012600088492, 2465190.709871769417077 ], [ 616286.973654611967504, 2465202.680759837850928 ], [ 616566.67555180110503, 2464999.957156820222735 ], [ 616785.282702042371966, 2464838.850088180508465 ], [ 617389.016476098331623, 2464161.4075459362939 ], [ 617578.828084375476465, 2463995.665139281190932 ], [ 617837.224678983679041, 2463754.052579765673727 ], [ 618072.684194219531491, 2463548.80495713558048 ], [ 618372.070893818628974, 2463474.686594113241881 ], [ 619471.828173853573389, 2462362.675678947009146 ], [ 619555.962941718404181, 2462141.896380355581641 ], [ 619648.39669771771878, 2462048.500375955831259 ], [ 619244.131509510800242, 2461683.372696973383427 ], [ 619175.562593105365522, 2461620.849424107000232 ], [ 619562.049308944493532, 2461214.174239185173064 ], [ 619302.425684451824054, 2460799.228999414015561 ], [ 620109.795049495296553, 2460345.971604428254068 ], [ 619945.079862511251122, 2460053.530648846644908 ], [ 619705.965689093340188, 2460187.869485731702298 ], [ 620018.738200322026387, 2459990.991319614462554 ], [ 619705.965689093340188, 2460187.869485731702298 ], [ 619569.741986463428475, 2459942.150792112573981 ], [ 619490.037421665736474, 2459986.931904784869403 ], [ 619307.95550249365624, 2459672.223213577177376 ], [ 619483.925005789729767, 2459573.9293038896285 ], [ 619467.731619797181338, 2459535.056092621292919 ], [ 619372.650606596725993, 2459568.648936218116432 ], [ 619581.146579013904557, 2459933.381260159891099 ], [ 619569.741986463428475, 2459942.150792112573981 ], [ 619569.741986463428475, 2459942.150792112573981 ], [ 619581.146579013904557, 2459933.381260159891099 ], [ 619372.650606596725993, 2459568.648936218116432 ], [ 619467.731619797181338, 2459535.056092621292919 ], [ 619483.925005789729767, 2459573.9293038896285 ], [ 619307.95550249365624, 2459672.223213577177376 ], [ 619490.037421665736474, 2459986.931904784869403 ], [ 619569.741986463428475, 2459942.150792112573981 ], [ 619705.965689093340188, 2460187.869485731702298 ], [ 619705.965689093340188, 2460187.869485731702298 ], [ 619945.079862511251122, 2460053.530648846644908 ], [ 620068.069597716443241, 2460277.008664269931614 ], [ 619988.458814312471077, 2460309.609606402926147 ], [ 620112.382468198891729, 2460545.273722098208964 ], [ 619401.193670189473778, 2460956.089151807129383 ], [ 619562.049308944493532, 2461214.174239185173064 ], [ 619175.562593105365522, 2461620.849424107000232 ], [ 619244.131509510800242, 2461683.372696973383427 ], [ 619703.582802194869146, 2462108.70889839483425 ], [ 619471.828173853573389, 2462362.675678947009146 ], [ 618951.271311802207492, 2462922.217565725557506 ], [ 618372.070893818628974, 2463474.686594113241881 ], [ 618072.684194219531491, 2463548.80495713558048 ], [ 617983.007501653512008, 2463688.72938687261194 ], [ 617851.699542819755152, 2463883.695049626287073 ], [ 617574.405769465956837, 2464035.48799535818398 ], [ 617389.016476098331623, 2464161.4075459362939 ], [ 616785.282702042371966, 2464838.850088180508465 ], [ 616566.67555180110503, 2464999.957156820222735 ], [ 616315.729639538098127, 2465215.073953635059297 ], [ 616172.037292477791198, 2465279.320242532063276 ], [ 616115.10118828213308, 2465315.43002444319427 ], [ 616091.075213995063677, 2465359.535317732021213 ], [ 616095.014444790780544, 2465383.921225778292865 ], [ 616130.998406867380254, 2465394.153795525431633 ], [ 616174.615548607660457, 2465347.98059661872685 ], [ 616183.245993987424299, 2465296.010651553515345 ], [ 616078.584364158450626, 2465100.377420784905553 ], [ 616035.967276422772557, 2464874.208387045189738 ], [ 615203.104807519586757, 2465061.765130416490138 ], [ 614746.397622166201472, 2464959.858040320221335 ], [ 614784.38523990183603, 2464838.356205167248845 ], [ 614650.776356731075794, 2464793.087003896478564 ], [ 614705.647822063416243, 2464617.461091345641762 ], [ 614591.5715160893742, 2464577.872017664834857 ], [ 614653.190213347552344, 2464465.400780662894249 ], [ 614601.732546728337184, 2464457.272079526912421 ], [ 614321.281029291218147, 2464483.994537319522351 ], [ 614340.748315196949989, 2464639.132496259175241 ], [ 614253.266164622851647, 2465047.012523056473583 ] ] } },
{ "type": "Feature", "properties": { "route_name": "44_Obrera por Republica de Cuba", "route_name_short": "Obrera por Republica de Cuba", "route_type": 3 }, "geometry": { "type": "LineString", "coordinates": [ [ 620653.575354171916842, 2462527.887359740678221 ], [ 620508.228996092802845, 2462400.549877995159477 ], [ 620721.246576642035507, 2462173.023501416202635 ], [ 620648.57220805354882, 2462109.354348409920931 ], [ 620772.244749734876677, 2461975.242816410493106 ], [ 620004.817018236382864, 2461264.075754280667752 ], [ 620129.529063002788462, 2461128.860069538932294 ], [ 619935.141907241544686, 2460943.580843008123338 ], [ 619809.391207229113206, 2461079.897182794753462 ], [ 619915.86843680520542, 2461171.49998234026134 ], [ 619787.61724068177864, 2461499.329508994705975 ], [ 619382.370322100352496, 2461933.533500668592751 ], [ 619049.782886131200939, 2461627.637989695183933 ], [ 619033.480973212746903, 2461603.156821186188608 ], [ 618870.678453970351256, 2461329.562801250722259 ], [ 618433.31812499568332, 2460567.858103921636939 ], [ 618413.678568395087495, 2460575.458765055518597 ], [ 618346.148745222133584, 2460510.733311263844371 ], [ 618220.02019816741813, 2460290.567580566275865 ], [ 618293.476984551060013, 2460253.482663409784436 ], [ 618217.483899952610955, 2460081.303475833497941 ], [ 618169.859544737730175, 2459973.552369458135217 ], [ 618107.663461389951408, 2459884.512064982671291 ], [ 618161.692046067095362, 2459691.176139946095645 ], [ 618330.489422656362876, 2459586.172604046296328 ], [ 618496.832630712888204, 2459533.186593821737915 ], [ 618570.47871109796688, 2459471.747669300995767 ], [ 618724.127531599020585, 2459055.533301058690995 ], [ 618867.436816300731152, 2458779.845226003788412 ], [ 618789.835374994319864, 2458547.867077059578151 ], [ 617972.65438836067915, 2456883.215272759553045 ], [ 617929.040233306586742, 2456788.781512601766735 ], [ 617932.082516195368953, 2456795.447145284153521 ], [ 618033.302805817103945, 2456769.641071056481451 ], [ 618272.743385193753056, 2457277.402495448477566 ], [ 618183.828169610467739, 2457312.156899553257972 ], [ 618789.835374994319864, 2458547.867077059578151 ], [ 618867.436816300731152, 2458779.845226003788412 ], [ 618724.127531599020585, 2459055.533301058690995 ], [ 618570.47871109796688, 2459471.747669300995767 ], [ 618496.832630712888204, 2459533.186593821737915 ], [ 618330.489422656362876, 2459586.172604046296328 ], [ 618161.692046067095362, 2459691.176139946095645 ], [ 618107.663461389951408, 2459884.512064982671291 ], [ 618169.859544737730175, 2459973.552369458135217 ], [ 618217.483899952610955, 2460081.303475833497941 ], [ 618293.476984551060013, 2460253.482663409784436 ], [ 618220.02019816741813, 2460290.567580566275865 ], [ 618346.148745222133584, 2460510.733311263844371 ], [ 618413.678568395087495, 2460575.458765055518597 ], [ 618433.31812499568332, 2460567.858103921636939 ], [ 618870.678453970351256, 2461329.562801250722259 ], [ 619033.480973212746903, 2461603.156821186188608 ], [ 619049.782886131200939, 2461627.637989695183933 ], [ 619382.370322100352496, 2461933.533500668592751 ], [ 619787.61724068177864, 2461499.329508994705975 ], [ 619915.86843680520542, 2461171.49998234026134 ], [ 619943.181759423925541, 2461104.175581669900566 ], [ 619989.351717613870278, 2460997.139898556750268 ], [ 620129.529063002788462, 2461128.860069538932294 ], [ 620004.817018236382864, 2461264.075754280667752 ], [ 620772.244749734876677, 2461975.242816410493106 ], [ 620648.57220805354882, 2462109.354348409920931 ], [ 620717.047527326620184, 2462182.95511906221509 ], [ 620510.298456467688084, 2462399.458757729269564 ], [ 620653.541059299255721, 2462532.315606024116278 ] ] } },
{ "type": "Feature", "properties": { "route_name": "43_Aviación por Boulevard", "route_name_short": "Aviación por Boulevard", "route_type": 3 }, "geometry": { "type": "LineString", "coordinates": [ [ 615101.277287210104987, 2464620.381820210255682 ], [ 615120.164888551225886, 2464713.518739505670965 ], [ 615275.015533485333435, 2464812.09062731731683 ], [ 615300.080182555131614, 2465044.76958472141996 ], [ 615304.04535996040795, 2465065.83407463831827 ], [ 615744.16618132928852, 2465596.087260474916548 ], [ 616073.214271765085869, 2465405.900863352231681 ], [ 616087.127708994084969, 2465336.256464554462582 ], [ 616172.19433562818449, 2465258.286239215638489 ], [ 616297.34235220530536, 2465193.901332691777498 ], [ 616833.971626351354644, 2464803.787806066684425 ], [ 617144.019250357523561, 2464404.234880783595145 ], [ 617620.292364271939732, 2463962.764793465379626 ], [ 617912.867865324718878, 2463698.162158587947488 ], [ 618089.186829957645386, 2463546.71585673186928 ], [ 618400.988623329438269, 2463466.049471125937998 ], [ 618743.636537434416823, 2463124.343631576281041 ], [ 618130.551571751944721, 2461352.721175032667816 ], [ 618040.806138871703297, 2461091.86893146391958 ], [ 617996.091366046806797, 2461008.496714291162789 ], [ 618029.110957564204, 2460730.860576994717121 ], [ 617969.062255176599137, 2460630.765732334926724 ], [ 617945.566776001360267, 2460194.384669779334217 ], [ 617979.324394572293386, 2460091.678333005867898 ], [ 618086.707669844850898, 2459929.745109409559518 ], [ 618164.498777882545255, 2459728.839309730101377 ], [ 618255.085734368418343, 2459607.743118667975068 ], [ 618541.233935891301371, 2459522.452764657326043 ], [ 618773.520969282370061, 2458930.805059053469449 ], [ 618861.143100939807482, 2458794.189800958614796 ], [ 618856.993045585462824, 2458662.411347612738609 ], [ 618101.599387269816361, 2457144.360931885428727 ], [ 618101.599387269816361, 2457144.360931885428727 ], [ 617907.744176460197195, 2456742.122105088084936 ], [ 617822.950157605111599, 2456776.909770478494465 ], [ 617837.994736252585426, 2456832.37876873742789 ], [ 617837.994736252585426, 2456832.37876873742789 ], [ 617926.970251747057773, 2456789.872994335368276 ], [ 618027.092830617213622, 2456772.915476869791746 ], [ 618059.585148385027424, 2456838.480580632574856 ], [ 618276.941971223452128, 2457267.47028473066166 ], [ 618175.498167752171867, 2457323.164977723266929 ], [ 618221.422167379874736, 2457384.403760820627213 ], [ 618856.993045585462824, 2458662.411347612738609 ], [ 618861.143100939807482, 2458794.189800958614796 ], [ 618773.520969282370061, 2458930.805059053469449 ], [ 618541.233935891301371, 2459522.452764657326043 ], [ 618255.085734368418343, 2459607.743118667975068 ], [ 618164.498777882545255, 2459728.839309730101377 ], [ 618086.707669844850898, 2459929.745109409559518 ], [ 617979.324394572293386, 2460091.678333005867898 ], [ 617945.566776001360267, 2460194.384669779334217 ], [ 617969.062255176599137, 2460630.765732334926724 ], [ 618029.110957564204, 2460730.860576994717121 ], [ 617996.091366046806797, 2461008.496714291162789 ], [ 618040.806138871703297, 2461091.86893146391958 ], [ 618130.551571751944721, 2461352.721175032667816 ], [ 618743.636537434416823, 2463124.343631576281041 ], [ 618400.988623329438269, 2463466.049471125937998 ], [ 618089.186829957645386, 2463546.71585673186928 ], [ 617912.867865324718878, 2463698.162158587947488 ], [ 617620.292364271939732, 2463962.764793465379626 ], [ 617144.019250357523561, 2464404.234880783595145 ], [ 616833.971626351354644, 2464803.787806066684425 ], [ 616297.34235220530536, 2465193.901332691777498 ], [ 616172.19433562818449, 2465258.286239215638489 ], [ 616161.043444763985462, 2465233.846471414901316 ], [ 616134.537922823801637, 2465196.00673505011946 ], [ 616097.886674078879878, 2465137.056183697190136 ], [ 616020.463685180991888, 2464880.735479423776269 ], [ 615304.04535996040795, 2465065.83407463831827 ], [ 615233.963319777860306, 2465068.636277730576694 ], [ 615185.574056336772628, 2465063.849577792454511 ], [ 614900.667216490488499, 2464997.530928428750485 ], [ 614938.860387566848658, 2464848.353188710287213 ], [ 615075.544704326661304, 2464616.870214978698641 ] ] } },
{ "type": "Feature", "properties": { "route_name": "42_Pedro José Méndez - Carnitas Orta", "route_name_short": "Pedro José Méndez - Carnitas Orta", "route_type": 3 }, "geometry": { "type": "LineString", "coordinates": [ [ 614386.166597023140639, 2467989.5788872432895 ], [ 614368.08173913625069, 2467927.447554807178676 ], [ 614342.47289631026797, 2467767.835129752755165 ], [ 615137.527393019990996, 2467795.846832912880927 ], [ 615147.723087469581515, 2467392.932990849483758 ], [ 615296.931899198330939, 2467415.074120716191828 ], [ 615722.18251822295133, 2467442.590591011568904 ], [ 615998.12560763664078, 2467461.254049375187606 ], [ 616494.833223821944557, 2467438.397731703706086 ], [ 616490.97685997793451, 2467265.658373626880348 ], [ 617032.892410790314898, 2467259.764504302293062 ], [ 617097.589619914186187, 2467286.822583161760122 ], [ 617267.632928627310321, 2466868.505544478539377 ], [ 617670.267850831383839, 2467027.651646960992366 ], [ 617820.294894436723553, 2466670.080094894394279 ], [ 618077.05263611220289, 2466774.990103920921683 ], [ 618288.264495879528113, 2466230.783295049332082 ], [ 618024.29582775675226, 2466124.708424238953739 ], [ 617918.097450084285811, 2466407.326249570585787 ], [ 617702.33875007671304, 2466329.300427181180567 ], [ 617931.240657838527113, 2465760.866601150482893 ], [ 618084.230618751840666, 2465829.561610333621502 ], [ 618162.047320405486971, 2465622.013471974525601 ], [ 618059.179094346240163, 2465057.707587183918804 ], [ 618035.678670350112952, 2464895.889633767306805 ], [ 618039.494067602790892, 2464664.530311152338982 ], [ 618064.122891895356588, 2464541.826715808361769 ], [ 618058.766397903673351, 2464297.112458920106292 ], [ 617979.150106357759796, 2464061.799431450199336 ], [ 617996.338495143456385, 2464105.107370561920106 ], [ 618433.745321807684377, 2464036.465906263329089 ], [ 618273.311178351286799, 2463589.076694978401065 ], [ 618268.907678502611816, 2463490.509554012212902 ], [ 618157.776052554138005, 2463198.493496623821557 ], [ 617901.552495655836537, 2463287.335426859091967 ], [ 617587.293511697906069, 2462328.410670408513397 ], [ 617546.256296025589108, 2462167.569216559641063 ], [ 617653.674413068685681, 2462135.166458907537162 ], [ 617768.189092736574821, 2462118.317683685570955 ], [ 617863.242547603789717, 2462085.822883419692516 ], [ 617805.644477849942632, 2461934.819473874755204 ], [ 617784.615403341711499, 2461853.841024399269372 ], [ 617781.330178752657957, 2461743.104579933919013 ], [ 617697.104229741031304, 2461569.758221956435591 ], [ 617663.432193868909962, 2461525.219365563243628 ], [ 617652.651127223391086, 2461178.610953337978572 ], [ 617728.463421009015292, 2460555.877704948186874 ], [ 617972.672855326207355, 2460425.976725745480508 ], [ 617954.691340166376904, 2460214.381746369879693 ], [ 617997.045502963708714, 2460065.241642257664353 ], [ 617677.933675908832811, 2459876.835539708379656 ], [ 617588.333473638631403, 2459457.671181932557374 ], [ 617744.340652731363662, 2459271.74577012937516 ], [ 617800.839806272066198, 2459160.353851001244038 ], [ 617540.324558340362273, 2458852.826283487025648 ], [ 617520.636480787536129, 2458729.788634918630123 ], [ 617639.552455185214058, 2458269.019120361655951 ], [ 617739.815549694932997, 2458232.133303318638355 ], [ 617553.173317837296054, 2457831.0596675388515 ], [ 617922.477753131417558, 2457657.814040671102703 ], [ 617583.432470382540487, 2456961.099180908408016 ], [ 617673.504033369245008, 2456909.743407514877617 ], [ 618108.91097000206355, 2457813.111841683275998 ], [ 618065.535981021937914, 2457823.854883068241179 ], [ 617934.589736656751484, 2457828.400713863782585 ], [ 617859.019561170367524, 2457871.007379525341094 ], [ 617831.777467811945826, 2457929.478647661395371 ], [ 617895.468095966498367, 2458094.919165718834847 ], [ 617876.438533947104588, 2458157.880833998322487 ], [ 617832.630121942842379, 2458226.191008252557367 ], [ 617739.815549694932997, 2458232.133303318638355 ], [ 617739.815549694932997, 2458232.133303318638355 ], [ 617832.630121942842379, 2458226.191008252557367 ], [ 617876.438533947104588, 2458157.880833998322487 ], [ 617895.468095966498367, 2458094.919165718834847 ], [ 617831.777467811945826, 2457929.478647661395371 ], [ 617859.019561170367524, 2457871.007379525341094 ], [ 617934.589736656751484, 2457828.400713863782585 ], [ 618065.535981021937914, 2457823.854883068241179 ], [ 618108.91097000206355, 2457813.111841683275998 ], [ 617673.504033369245008, 2456909.743407514877617 ], [ 617583.432470382540487, 2456961.099180908408016 ], [ 617922.477753131417558, 2457657.814040671102703 ], [ 617553.173317837296054, 2457831.0596675388515 ], [ 617739.815549694932997, 2458232.133303318638355 ], [ 617639.552455185214058, 2458269.019120361655951 ], [ 617520.636480787536129, 2458729.788634918630123 ], [ 617540.324558340362273, 2458852.826283487025648 ], [ 617800.839806272066198, 2459160.353851001244038 ], [ 617744.340652731363662, 2459271.74577012937516 ], [ 617588.333473638631403, 2459457.671181932557374 ], [ 617677.933675908832811, 2459876.835539708379656 ], [ 617997.045502963708714, 2460065.241642257664353 ], [ 617954.691340166376904, 2460214.381746369879693 ], [ 617972.672855326207355, 2460425.976725745480508 ], [ 617728.463421009015292, 2460555.877704948186874 ], [ 617652.651127223391086, 2461178.610953337978572 ], [ 617663.432193868909962, 2461525.219365563243628 ], [ 617697.104229741031304, 2461569.758221956435591 ], [ 617781.330178752657957, 2461743.104579933919013 ], [ 617784.615403341711499, 2461853.841024399269372 ], [ 617805.644477849942632, 2461934.819473874755204 ], [ 617863.242547603789717, 2462085.822883419692516 ], [ 617768.189092736574821, 2462118.317683685570955 ], [ 617653.674413068685681, 2462135.166458907537162 ], [ 617546.256296025589108, 2462167.569216559641063 ], [ 617587.293511697906069, 2462328.410670408513397 ], [ 617901.552495655836537, 2463287.335426859091967 ], [ 618157.776052554138005, 2463198.493496623821557 ], [ 618268.907678502611816, 2463490.509554012212902 ], [ 618273.311178351286799, 2463589.076694978401065 ], [ 618433.745321807684377, 2464036.465906263329089 ], [ 617996.338495143456385, 2464105.107370561920106 ], [ 617979.150106357759796, 2464061.799431450199336 ], [ 618058.766397903673351, 2464297.112458920106292 ], [ 618064.122891895356588, 2464541.826715808361769 ], [ 618039.494067602790892, 2464664.530311152338982 ], [ 618035.678670350112952, 2464895.889633767306805 ], [ 618059.179094346240163, 2465057.707587183918804 ], [ 618162.047320405486971, 2465622.013471974525601 ], [ 618084.230618751840666, 2465829.561610333621502 ], [ 617931.240657838527113, 2465760.866601150482893 ], [ 617702.33875007671304, 2466329.300427181180567 ], [ 617918.097450084285811, 2466407.326249570585787 ], [ 618024.29582775675226, 2466124.708424238953739 ], [ 618288.264495879528113, 2466230.783295049332082 ], [ 618077.05263611220289, 2466774.990103920921683 ], [ 617820.294894436723553, 2466670.080094894394279 ], [ 617670.267850831383839, 2467027.651646960992366 ], [ 617267.632928627310321, 2466868.505544478539377 ], [ 617097.589619914186187, 2467286.822583161760122 ], [ 617032.892410790314898, 2467259.764504302293062 ], [ 616490.97685997793451, 2467265.658373626880348 ], [ 616505.476829746854492, 2467667.651056744158268 ], [ 616012.015471779624932, 2467670.602784598246217 ], [ 615778.152989817899652, 2467673.28748050192371 ], [ 615546.466157236369327, 2467660.492249205708504 ], [ 615307.65064909378998, 2467636.576460211072117 ], [ 615130.557833085185848, 2467624.192571818828583 ], [ 615137.527393019990996, 2467795.846832912880927 ], [ 614342.47289631026797, 2467767.835129752755165 ], [ 614368.08173913625069, 2467927.447554807178676 ] ] } },
{ "type": "Feature", "properties": { "route_name": "45_E. C. González por Av. Hidalgo", "route_name_short": "E. C. González por Av. Hidalgo", "route_type": 3 }, "geometry": { "type": "LineString", "coordinates": [ [ 619719.202331900130957, 2465571.919166607782245 ], [ 619670.65330735349562, 2465722.115078570786864 ], [ 619468.183374117710628, 2465657.452630845829844 ], [ 619384.900599852204323, 2465903.702671377919614 ], [ 619387.897776309982873, 2465915.904075620695949 ], [ 619371.057559894863516, 2465962.274185191374272 ], [ 619160.348072009161115, 2465897.552396301645786 ], [ 619160.059734708629549, 2465935.19248968269676 ], [ 619005.629810433951207, 2465920.724744879640639 ], [ 619034.787158277234994, 2465610.95259607816115 ], [ 618254.385585809592158, 2465537.466628805268556 ], [ 618136.63703523715958, 2465847.673472953028977 ], [ 617929.146651744027622, 2465765.279213689733297 ], [ 617684.45709504140541, 2466377.878454417921603 ], [ 617900.164825882297009, 2466462.546412347815931 ], [ 618028.408205448300578, 2466125.846752352081239 ], [ 618289.269425093778409, 2466234.112308892887086 ], [ 617926.835682497941889, 2467156.914755655452609 ], [ 617660.879355228156783, 2467043.080306035932153 ], [ 617664.137317769112997, 2467020.962516197003424 ], [ 617264.517451951163821, 2466871.803409779909998 ], [ 617096.567843853030354, 2467285.70776623673737 ], [ 617032.892410790314898, 2467259.764504302293062 ], [ 616488.900040277279913, 2467267.857047832105309 ], [ 616500.42596311820671, 2467654.327773133292794 ], [ 615855.351632231846452, 2467681.612529890611768 ], [ 615314.885893166996539, 2467633.308793460950255 ], [ 615212.368870383128524, 2467288.236191051546484 ], [ 615185.010416355566122, 2467087.645949757192284 ], [ 615202.550542398821563, 2466944.958315004128963 ], [ 615732.580453201313503, 2466045.489186657592654 ], [ 616068.53173269960098, 2465481.149707154836506 ], [ 616098.774254846968688, 2465294.273019311949611 ], [ 616100.046300029149279, 2465123.786927783396095 ], [ 616004.210404546000063, 2464849.615143002942204 ], [ 616026.045581882586703, 2464684.818028460722417 ], [ 616116.153126426273957, 2464483.995376762002707 ], [ 616055.783502912847325, 2463874.633147114887834 ], [ 615933.206175492610782, 2463454.1246347296983 ], [ 616044.397078719106503, 2463051.964229543693364 ], [ 616032.865748245967552, 2462801.671220783609897 ], [ 615924.547991804894991, 2462540.69381537148729 ], [ 615809.132796904188581, 2461986.28072642441839 ], [ 615749.262069967808202, 2461722.3440290116705 ], [ 615789.023986485204659, 2461363.936270618345588 ], [ 616017.372145488625392, 2460730.153871080838144 ], [ 616248.531279543647543, 2460274.639709532726556 ], [ 616701.848761203698814, 2459194.165251589845866 ], [ 617039.943531209835783, 2458229.084081411827356 ], [ 617139.564377578091808, 2458002.874003441073 ], [ 617156.819787157815881, 2457763.867973814252764 ], [ 617161.557523433933966, 2457681.977482727263123 ], [ 617216.095687982626259, 2457557.283545963466167 ], [ 617841.977646716870368, 2457260.860543015878648 ], [ 617841.977646716870368, 2457260.860543015878648 ], [ 617879.439607457839884, 2457350.819265101570636 ], [ 617254.616053998237476, 2457643.927266583777964 ], [ 617161.557523433933966, 2457681.977482727263123 ], [ 617156.819787157815881, 2457763.867973814252764 ], [ 617139.564377578091808, 2458002.874003441073 ], [ 617039.943531209835783, 2458229.084081411827356 ], [ 616701.848761203698814, 2459194.165251589845866 ], [ 616248.531279543647543, 2460274.639709532726556 ], [ 616017.372145488625392, 2460730.153871080838144 ], [ 615789.023986485204659, 2461363.936270618345588 ], [ 615749.262069967808202, 2461722.3440290116705 ], [ 615809.132796904188581, 2461986.28072642441839 ], [ 615924.547991804894991, 2462540.69381537148729 ], [ 616032.865748245967552, 2462801.671220783609897 ], [ 616044.397078719106503, 2463051.964229543693364 ], [ 615933.206175492610782, 2463454.1246347296983 ], [ 616055.783502912847325, 2463874.633147114887834 ], [ 616116.153126426273957, 2464483.995376762002707 ], [ 616026.045581882586703, 2464684.818028460722417 ], [ 616004.210404546000063, 2464849.615143002942204 ], [ 616100.046300029149279, 2465123.786927783396095 ], [ 616098.774254846968688, 2465294.273019311949611 ], [ 616068.53173269960098, 2465481.149707154836506 ], [ 615732.580453201313503, 2466045.489186657592654 ], [ 615202.550542398821563, 2466944.958315004128963 ], [ 615185.010416355566122, 2467087.645949757192284 ], [ 615212.368870383128524, 2467288.236191051546484 ], [ 615251.615665212739259, 2467413.630959663540125 ], [ 615866.322337791323662, 2467453.628354016691446 ], [ 616491.742914846283384, 2467438.374572666827589 ], [ 616488.900040277279913, 2467267.857047832105309 ], [ 617032.892410790314898, 2467259.764504302293062 ], [ 617096.567843853030354, 2467285.70776623673737 ], [ 617264.517451951163821, 2466871.803409779909998 ], [ 617664.137317769112997, 2467020.962516197003424 ], [ 617660.879355228156783, 2467043.080306035932153 ], [ 617926.835682497941889, 2467156.914755655452609 ], [ 618289.269425093778409, 2466234.112308892887086 ], [ 618028.408205448300578, 2466125.846752352081239 ], [ 617900.164825882297009, 2466462.546412347815931 ], [ 617684.45709504140541, 2466377.878454417921603 ], [ 617929.146651744027622, 2465765.279213689733297 ], [ 618136.63703523715958, 2465847.673472953028977 ], [ 618198.849565540323965, 2465659.93520344235003 ], [ 618163.085957146366127, 2465620.914238291792572 ], [ 618383.780191259109415, 2465051.316640321630985 ], [ 618419.696312323911116, 2465070.410999518353492 ], [ 618365.813807317172177, 2465246.033541778102517 ], [ 618254.351927363546565, 2465541.894863505847752 ], [ 619034.787158277234994, 2465610.95259607816115 ], [ 619005.629810433951207, 2465920.724744879640639 ], [ 619160.059734708629549, 2465935.19248968269676 ], [ 619160.348072009161115, 2465897.552396301645786 ], [ 619371.057559894863516, 2465962.274185191374272 ], [ 619387.897776309982873, 2465915.904075620695949 ], [ 619384.900599852204323, 2465903.702671377919614 ], [ 619512.584101937012747, 2465510.545708279125392 ], [ 619719.185293944203295, 2465574.133291955571622 ], [ 619670.65330735349562, 2465722.115078570786864 ] ] } },
{ "type": "Feature", "properties": { "route_name": "47_Cetir 78 Bosques por Boulevard", "route_name_short": "Cetir 78 Bosques por Boulevard", "route_type": 3 }, "geometry": { "type": "LineString", "coordinates": [ [ 615211.288710925029591, 2469934.233475552871823 ], [ 615232.904909751028754, 2469380.83559048967436 ], [ 614764.432203011936508, 2469355.224542908370495 ], [ 614643.074575821985491, 2469050.97908239485696 ], [ 615078.09171221323777, 2469005.482714208308607 ], [ 615729.732594285393134, 2469056.822855302132666 ], [ 615180.61107016063761, 2467125.25520460633561 ], [ 615206.523416855139658, 2466964.915787692181766 ], [ 616070.526123438263312, 2465490.021501172333956 ], [ 616085.248934734147042, 2465311.885933445766568 ], [ 616385.443636340438388, 2465123.704675996210426 ], [ 616831.894448031787761, 2464805.986445350572467 ], [ 617143.960930890403688, 2464411.984261205885559 ], [ 617718.902568816323765, 2463867.190767709631473 ], [ 618030.13713536108844, 2463588.338700806722045 ], [ 618256.593683733372018, 2463483.773316016886383 ], [ 618414.433965221745893, 2463459.508980991784483 ], [ 618754.945563893998042, 2463127.751220606733114 ], [ 618377.527237790869549, 2462078.650232153944671 ], [ 618067.155476020881906, 2461150.745638540480286 ], [ 618006.3464179179864, 2461015.217032672371715 ], [ 618030.116367624374107, 2460734.189535225275904 ], [ 617971.140122980694287, 2460628.567222507670522 ], [ 617954.950907134567387, 2460180.063151332549751 ], [ 618008.465817141812295, 2460054.25690108537674 ], [ 618184.449576092185453, 2459680.277394536882639 ], [ 618512.342573663918301, 2459526.661717692390084 ], [ 618579.90590344753582, 2459451.891231136396527 ], [ 618746.209575633751228, 2458998.131288658361882 ], [ 618865.248964222730137, 2458796.435307711362839 ], [ 618844.759644007193856, 2458644.604323364328593 ], [ 618094.417352544842288, 2457139.878173768986017 ], [ 617911.884149170015007, 2456739.939136451575905 ], [ 617730.92418028251268, 2456813.857583337463439 ], [ 617731.963334232917987, 2456812.758306420408189 ], [ 617796.8163146013394, 2456961.600026018451899 ], [ 617885.782635222538374, 2456920.201096832752228 ], [ 617835.991583244991489, 2456824.61388529278338 ], [ 617929.023516416898929, 2456790.995607192628086 ], [ 618033.302805817103945, 2456769.641071056481451 ], [ 618276.916816472774372, 2457270.791431144811213 ], [ 618179.705058221705258, 2457312.125695142429322 ], [ 618844.759644007193856, 2458644.604323364328593 ], [ 618865.248964222730137, 2458796.435307711362839 ], [ 618746.209575633751228, 2458998.131288658361882 ], [ 618579.90590344753582, 2459451.891231136396527 ], [ 618512.342573663918301, 2459526.661717692390084 ], [ 618184.449576092185453, 2459680.277394536882639 ], [ 618008.465817141812295, 2460054.25690108537674 ], [ 617954.950907134567387, 2460180.063151332549751 ], [ 617971.140122980694287, 2460628.567222507670522 ], [ 618030.116367624374107, 2460734.189535225275904 ], [ 618006.3464179179864, 2461015.217032672371715 ], [ 618067.155476020881906, 2461150.745638540480286 ], [ 618377.527237790869549, 2462078.650232153944671 ], [ 618754.945563893998042, 2463127.751220606733114 ], [ 618414.433965221745893, 2463459.508980991784483 ], [ 618256.593683733372018, 2463483.773316016886383 ], [ 618030.13713536108844, 2463588.338700806722045 ], [ 617718.902568816323765, 2463867.190767709631473 ], [ 617143.960930890403688, 2464411.984261205885559 ], [ 616831.894448031787761, 2464805.986445350572467 ], [ 616385.443636340438388, 2465123.704675996210426 ], [ 616085.248934734147042, 2465311.885933445766568 ], [ 616070.526123438263312, 2465490.021501172333956 ], [ 615206.523416855139658, 2466964.915787692181766 ], [ 615180.61107016063761, 2467125.25520460633561 ], [ 615729.732594285393134, 2469056.822855302132666 ], [ 615078.09171221323777, 2469005.482714208308607 ], [ 614643.074575821985491, 2469050.97908239485696 ], [ 614764.432203011936508, 2469355.224542908370495 ], [ 615237.024791731731966, 2469380.866158421617001 ], [ 615208.133197216200642, 2469943.066996942274272 ] ] } },
{ "type": "Feature", "properties": { "route_name": "46_El Blanco - Kínder - Las Flores", "route_name_short": "El Blanco - Kínder - Las Flores", "route_type": 3 }, "geometry": { "type": "LineString", "coordinates": [ [ 619662.129662730498239, 2466160.472388682421297 ], [ 619832.246951669803821, 2465609.324715222697705 ], [ 619866.34884046507068, 2465462.339299861807376 ], [ 619877.292785411817022, 2465245.426421101205051 ], [ 619983.341127565829083, 2465255.100824976805598 ], [ 620025.957450469955802, 2465206.715822856873274 ], [ 620027.272474906290881, 2465036.228125764522702 ], [ 620160.092199963517487, 2465048.324431232642382 ], [ 620223.580269630998373, 2464965.780084066092968 ], [ 620351.757153720012866, 2465045.377058080397546 ], [ 620623.377009843126871, 2464430.808353845030069 ], [ 620751.634437503293157, 2464101.877881134860218 ], [ 620459.824063952662982, 2463995.547097070608288 ], [ 620072.722655916470103, 2463952.700225293170661 ], [ 619190.858787228236906, 2463931.531459012534469 ], [ 619067.607051421888173, 2463879.660702646709979 ], [ 618935.749446092755534, 2463740.262510739732534 ], [ 618929.973189413431101, 2463687.07649145135656 ], [ 618057.981369303073734, 2461137.39076117053628 ], [ 617987.930886562680826, 2460997.363791736774147 ], [ 618034.171526492456906, 2460743.077159818727523 ], [ 617971.173626610077918, 2460624.139014460146427 ], [ 617953.023698042612523, 2460162.334739310201257 ], [ 618039.676952941110358, 2460015.744066920131445 ], [ 618206.293962282594293, 2459653.872150372248143 ], [ 618537.178699242998846, 2459513.565021542832255 ], [ 618687.624813127564266, 2459111.718522938899696 ], [ 618867.242867266293615, 2458805.307427155785263 ], [ 618859.865896053262986, 2458691.218250920064747 ], [ 617911.86743508069776, 2456742.153230833355337 ], [ 617907.660608722129837, 2456753.192576964851469 ], [ 617725.836886298609897, 2456804.962360771372914 ], [ 617746.924730450497009, 2456879.297675250563771 ], [ 617932.149385537370108, 2456786.590766842942685 ], [ 618029.137725614244118, 2456775.145150636322796 ], [ 618272.776923770783469, 2457272.974300244357437 ], [ 618183.727627604035661, 2457325.441482918336987 ], [ 618859.865896053262986, 2458691.218250920064747 ], [ 618867.242867266293615, 2458805.307427155785263 ], [ 618687.624813127564266, 2459111.718522938899696 ], [ 618537.178699242998846, 2459513.565021542832255 ], [ 618206.293962282594293, 2459653.872150372248143 ], [ 618039.676952941110358, 2460015.744066920131445 ], [ 617953.023698042612523, 2460162.334739310201257 ], [ 617971.173626610077918, 2460624.139014460146427 ], [ 618034.171526492456906, 2460743.077159818727523 ], [ 617987.930886562680826, 2460997.363791736774147 ], [ 618057.981369303073734, 2461137.39076117053628 ], [ 618929.973189413431101, 2463687.07649145135656 ], [ 618935.749446092755534, 2463740.262510739732534 ], [ 619067.607051421888173, 2463879.660702646709979 ], [ 619190.858787228236906, 2463931.531459012534469 ], [ 620072.722655916470103, 2463952.700225293170661 ], [ 620459.824063952662982, 2463995.547097070608288 ], [ 620751.634437503293157, 2464101.877881134860218 ], [ 620623.377009843126871, 2464430.808353845030069 ], [ 620351.757153720012866, 2465045.377058080397546 ], [ 620223.580269630998373, 2464965.780084066092968 ], [ 620160.092199963517487, 2465048.324431232642382 ], [ 620027.272474906290881, 2465036.228125764522702 ], [ 620025.957450469955802, 2465206.715822856873274 ], [ 619983.341127565829083, 2465255.100824976805598 ], [ 619877.292785411817022, 2465245.426421101205051 ], [ 619866.34884046507068, 2465462.339299861807376 ], [ 619834.273310841526836, 2465613.768838266376406 ], [ 619661.090948444092646, 2466161.571526138111949 ] ] } },
{ "type": "Feature", "properties": { "route_name": "49_Tancol", "route_name_short": "Tancol", "route_type": 3 }, "geometry": { "type": "LineString", "coordinates": [ [ 613342.599029849399813, 2466302.452271250542253 ], [ 613409.075659101363271, 2466369.363222190644592 ], [ 613341.598589499131776, 2466439.726069242227823 ], [ 613273.053611479466781, 2466373.907441068440676 ], [ 613411.11490977590438, 2466230.989878294523805 ], [ 613637.718488564714789, 2466519.384517268277705 ], [ 613704.16864734434057, 2466589.617984985001385 ], [ 613939.367539554019459, 2466406.452501549851149 ], [ 614216.825531834503636, 2466221.386390911880881 ], [ 614643.053762615425512, 2465980.958119180053473 ], [ 614809.225544456625357, 2465940.113542405888438 ], [ 615183.416860192548484, 2465911.880750522017479 ], [ 615358.037954727769829, 2465843.426685217767954 ], [ 615511.338619632646441, 2465732.745895725209266 ], [ 616067.024594964459538, 2465406.961802284698933 ], [ 616105.922201132052578, 2465164.793991495855153 ], [ 615996.2900199375581, 2464806.378687581978738 ], [ 616110.919056823826395, 2464495.027464940678328 ], [ 616092.659502799622715, 2464042.082063718233258 ], [ 615940.435216276906431, 2463451.964231961872429 ], [ 616037.505413557053544, 2463147.124455433338881 ], [ 616013.601290498976596, 2462759.457522273994982 ], [ 615900.188391669536941, 2462490.692619364708662 ], [ 615787.855033078929409, 2461937.409814152400941 ], [ 615751.175025509786792, 2461742.286190180107951 ], [ 615764.311083078850061, 2461499.927017090842128 ], [ 615990.16617329698056, 2460785.306862959638238 ], [ 616169.926772281294689, 2460450.084189942572266 ], [ 616494.217331102583557, 2459669.777309087570757 ], [ 616660.867060888791457, 2459299.034104275517166 ], [ 617015.498475940781645, 2458327.433495962992311 ], [ 617141.808592848479748, 2457978.534446413628757 ], [ 617156.637024401687086, 2457788.222994912881404 ], [ 617929.236889207386412, 2457445.299710826482624 ], [ 618015.521782282274216, 2457621.982366477139294 ], [ 617966.764762958860956, 2457526.402317150961608 ], [ 617148.516345074749552, 2457908.836918950546533 ], [ 617148.516345074749552, 2457908.836918950546533 ], [ 617966.764762958860956, 2457526.402317150961608 ], [ 618015.521782282274216, 2457621.982366477139294 ], [ 617929.236889207386412, 2457445.299710826482624 ], [ 617156.637024401687086, 2457788.222994912881404 ], [ 617141.808592848479748, 2457978.534446413628757 ], [ 617015.498475940781645, 2458327.433495962992311 ], [ 616660.867060888791457, 2459299.034104275517166 ], [ 616494.217331102583557, 2459669.777309087570757 ], [ 616169.926772281294689, 2460450.084189942572266 ], [ 615990.16617329698056, 2460785.306862959638238 ], [ 615764.311083078850061, 2461499.927017090842128 ], [ 615751.175025509786792, 2461742.286190180107951 ], [ 615787.855033078929409, 2461937.409814152400941 ], [ 615900.188391669536941, 2462490.692619364708662 ], [ 616013.601290498976596, 2462759.457522273994982 ], [ 616037.505413557053544, 2463147.124455433338881 ], [ 615940.435216276906431, 2463451.964231961872429 ], [ 616092.659502799622715, 2464042.082063718233258 ], [ 616110.919056823826395, 2464495.027464940678328 ], [ 615996.2900199375581, 2464806.378687581978738 ], [ 616105.922201132052578, 2465164.793991495855153 ], [ 616197.413120725541376, 2465330.436998073477298 ], [ 616074.696602564537898, 2465483.409928459208459 ], [ 615855.627415455994196, 2465847.124649120494723 ], [ 615719.154999662656337, 2466049.817755564581603 ], [ 615369.386634188122116, 2465841.296623889822513 ], [ 615183.416860192548484, 2465911.880750522017479 ], [ 614809.225544456625357, 2465940.113542405888438 ], [ 614643.053762615425512, 2465980.958119180053473 ], [ 614216.825531834503636, 2466221.386390911880881 ], [ 613939.367539554019459, 2466406.452501549851149 ], [ 613704.16864734434057, 2466589.617984985001385 ], [ 613637.718488564714789, 2466519.384517268277705 ], [ 613409.046489512897097, 2466232.081901347264647 ], [ 613272.007321190438233, 2466376.114031076896936 ], [ 613340.568429556442425, 2466439.71856135642156 ], [ 613411.135988702648319, 2466369.378246701788157 ], [ 613340.522556352778338, 2466304.651349551044405 ] ] } },
{ "type": "Feature", "properties": { "route_name": "48_Germinal por Boulevard", "route_name_short": "Germinal por Boulevard", "route_type": 3 }, "geometry": { "type": "LineString", "coordinates": [ [ 618450.392774216365069, 2469695.108658573124558 ], [ 618435.086920511326753, 2469676.170732870232314 ], [ 618445.943814090336673, 2469603.183055442757905 ], [ 618531.68606898537837, 2469300.484014760237187 ], [ 618348.254997068666853, 2469176.194064588751644 ], [ 618047.686991297639906, 2469013.373529588803649 ], [ 618442.766689637093805, 2468128.46494462294504 ], [ 618315.831172479316592, 2468023.428132977802306 ], [ 618517.402998187113553, 2467391.687790111172944 ], [ 617662.956376939546317, 2467040.881780129857361 ], [ 617795.353063425631262, 2466698.676316211000085 ], [ 617946.508293837774545, 2466328.935993791092187 ], [ 618206.05273536988534, 2465661.097055342979729 ], [ 618368.845617176848464, 2465253.806464044842869 ], [ 618426.967147406307049, 2465062.716472677886486 ], [ 618949.304750496172346, 2463719.330722025129944 ], [ 618968.172589323949069, 2463677.404195803683251 ], [ 618938.419007648713887, 2463660.570053503848612 ], [ 618507.72887261188589, 2462438.346618405077606 ], [ 618195.05193492770195, 2461544.741420230828226 ], [ 618064.097442240570672, 2461146.294012049213052 ], [ 618028.691256836755201, 2461058.563717278186232 ], [ 617997.138657521805726, 2461006.290409202687442 ], [ 618027.996602403582074, 2460741.923298689071089 ], [ 617971.089867429342121, 2460635.209534617140889 ], [ 617953.040443772915751, 2460160.120636500883847 ], [ 617990.761427834164351, 2460078.479477168060839 ], [ 618099.250954773160629, 2459906.590665127150714 ], [ 618159.404388077091426, 2459721.050914347637445 ], [ 618211.447078599594533, 2459653.911200092174113 ], [ 618303.667906053829938, 2459589.290519866161048 ], [ 618535.117432195460424, 2459513.549359250813723 ], [ 618644.12182586803101, 2459275.240854014642537 ], [ 618692.803379974327981, 2459108.436567087192088 ], [ 618860.01966603170149, 2458806.359524901024997 ], [ 618870.0294334362261, 2458710.116640836000443 ], [ 617910.811549479607493, 2456745.466590869240463 ], [ 617730.92418028251268, 2456813.857583337463439 ], [ 617730.932524773757905, 2456812.750536544714123 ], [ 617798.844514772295952, 2456966.043764049187303 ], [ 618053.408663393114693, 2456837.326784498989582 ], [ 618278.969993135426193, 2457271.914094613399357 ], [ 618188.898270281497389, 2457323.266392861958593 ], [ 618870.0294334362261, 2458710.116640836000443 ], [ 618860.01966603170149, 2458806.359524901024997 ], [ 618692.803379974327981, 2459108.436567087192088 ], [ 618644.12182586803101, 2459275.240854014642537 ], [ 618535.117432195460424, 2459513.549359250813723 ], [ 618303.667906053829938, 2459589.290519866161048 ], [ 618211.447078599594533, 2459653.911200092174113 ], [ 618159.404388077091426, 2459721.050914347637445 ], [ 618099.250954773160629, 2459906.590665127150714 ], [ 617990.761427834164351, 2460078.479477168060839 ], [ 617953.040443772915751, 2460160.120636500883847 ], [ 617971.089867429342121, 2460635.209534617140889 ], [ 618027.996602403582074, 2460741.923298689071089 ], [ 617997.138657521805726, 2461006.290409202687442 ], [ 618028.691256836755201, 2461058.563717278186232 ], [ 618064.097442240570672, 2461146.294012049213052 ], [ 618195.05193492770195, 2461544.741420230828226 ], [ 618507.72887261188589, 2462438.346618405077606 ], [ 618938.419007648713887, 2463660.570053503848612 ], [ 618968.172589323949069, 2463677.404195803683251 ], [ 618949.304750496172346, 2463719.330722025129944 ], [ 618426.967147406307049, 2465062.716472677886486 ], [ 618368.845617176848464, 2465253.806464044842869 ], [ 618206.05273536988534, 2465661.097055342979729 ], [ 617946.508293837774545, 2466328.935993791092187 ], [ 617795.353063425631262, 2466698.676316211000085 ], [ 617662.956376939546317, 2467040.881780129857361 ], [ 618517.402998187113553, 2467391.687790111172944 ], [ 618315.831172479316592, 2468023.428132977802306 ], [ 618442.766689637093805, 2468128.46494462294504 ], [ 618047.686991297639906, 2469013.373529588803649 ], [ 618348.254997068666853, 2469176.194064588751644 ], [ 618531.68606898537837, 2469300.484014760237187 ], [ 618445.943814090336673, 2469603.183055442757905 ], [ 618435.086920511326753, 2469676.170732870232314 ] ] } },
{ "type": "Feature", "properties": { "route_name": "52_Santa Elena - Ampliación. - U. Nacional por Boulevard", "route_name_short": "Santa Elena - Ampliación. - U. Nacional por Boulevard", "route_type": 3 }, "geometry": { "type": "LineString", "coordinates": [ [ 618246.593713927548379, 2468864.317122576758265 ], [ 618357.455649071605876, 2468914.982093843631446 ], [ 618257.961164480773732, 2469130.114133849740028 ], [ 618049.746997740119696, 2469013.389184585772455 ], [ 618441.745064318412915, 2468127.350031403824687 ], [ 618314.75053282675799, 2468030.062661753967404 ], [ 618587.037150939693674, 2467176.329257365781814 ], [ 618553.53260815422982, 2467111.860430402681231 ], [ 618577.774440655950457, 2467040.082128435838968 ], [ 618605.056230064597912, 2466974.969802196137607 ], [ 618642.893099908018485, 2466876.724279597401619 ], [ 618815.424806903814897, 2466947.79069408448413 ], [ 618846.904495948343538, 2466872.746677237097174 ], [ 618867.507446995936334, 2466872.904169956687838 ], [ 618877.028971345396712, 2466570.731435661669821 ], [ 619032.508047361741774, 2466581.884902507066727 ], [ 619052.149030365399085, 2466573.178240278270096 ], [ 619027.00341834849678, 2466224.240863195154816 ], [ 619001.378848663996905, 2466072.368490098509938 ], [ 618934.466577987885103, 2466065.213952820282429 ], [ 618994.7717724716058, 2465454.541794539894909 ], [ 619226.415083619649522, 2465477.350562253501266 ], [ 619257.459484437480569, 2465190.84281234908849 ], [ 619122.18419473641552, 2464826.669552433304489 ], [ 619274.034717530128546, 2464775.797684521880001 ], [ 618986.546271630562842, 2463969.825123015325516 ], [ 619064.033448018366471, 2463942.739421799778938 ], [ 619036.933649799670093, 2463848.426702723372728 ], [ 618978.702911075204611, 2463782.661348361987621 ], [ 618944.059942591236904, 2463731.469008825253695 ], [ 618967.116855093743652, 2463680.717498608864844 ], [ 618927.203416408039629, 2463644.984669384080917 ], [ 618659.006211868487298, 2462871.275057954713702 ], [ 618344.21137568121776, 2461987.613446531817317 ], [ 618174.870050550904125, 2461488.125404430553317 ], [ 618087.321482574450783, 2461209.575562230311334 ], [ 618045.93362853070721, 2461095.229106449522078 ], [ 617995.085970081505366, 2461005.167756770271808 ], [ 618026.010922741959803, 2460731.944225673563778 ], [ 617981.462457724497654, 2460626.43109347904101 ], [ 617957.088091754354537, 2460306.290408631321043 ], [ 617950.828556242049672, 2460180.031972889788449 ], [ 617991.825523572741076, 2460074.059068382717669 ], [ 618099.200661010341719, 2459913.232974099926651 ], [ 618164.616184925078414, 2459713.340589510742575 ], [ 618217.739884457550943, 2459639.566392533481121 ], [ 618310.882300840690732, 2459589.345233628060669 ], [ 618527.818885251763277, 2459524.565065169241279 ], [ 618564.320133722387254, 2459468.379514143802226 ], [ 618645.261917421012186, 2459260.857013078406453 ], [ 618677.09927902801428, 2459140.423481824807823 ], [ 618794.286126208957285, 2458911.03503475850448 ], [ 618850.431569327949546, 2458847.249806156381965 ], [ 618868.686745633836836, 2458751.069719785358757 ], [ 618847.82642772118561, 2458647.94902637694031 ], [ 617929.023516416898929, 2456790.995607192628086 ], [ 618031.241179399541579, 2456769.625491851940751 ], [ 618282.037179643288255, 2457275.258663586806506 ], [ 618195.149967573466711, 2457314.456814574543387 ], [ 618195.149967573466711, 2457314.456814574543387 ], [ 618282.037179643288255, 2457275.258663586806506 ], [ 618031.241179399541579, 2456769.625491851940751 ], [ 617929.023516416898929, 2456790.995607192628086 ], [ 618847.82642772118561, 2458647.94902637694031 ], [ 618868.686745633836836, 2458751.069719785358757 ], [ 618850.431569327949546, 2458847.249806156381965 ], [ 618794.286126208957285, 2458911.03503475850448 ], [ 618677.09927902801428, 2459140.423481824807823 ], [ 618645.261917421012186, 2459260.857013078406453 ], [ 618564.320133722387254, 2459468.379514143802226 ], [ 618527.818885251763277, 2459524.565065169241279 ], [ 618310.882300840690732, 2459589.345233628060669 ], [ 618217.739884457550943, 2459639.566392533481121 ], [ 618164.616184925078414, 2459713.340589510742575 ], [ 618099.200661010341719, 2459913.232974099926651 ], [ 617991.825523572741076, 2460074.059068382717669 ], [ 617950.828556242049672, 2460180.031972889788449 ], [ 617957.088091754354537, 2460306.290408631321043 ], [ 617981.462457724497654, 2460626.43109347904101 ], [ 618026.010922741959803, 2460731.944225673563778 ], [ 617995.085970081505366, 2461005.167756770271808 ], [ 618045.93362853070721, 2461095.229106449522078 ], [ 618087.321482574450783, 2461209.575562230311334 ], [ 618174.870050550904125, 2461488.125404430553317 ], [ 618344.21137568121776, 2461987.613446531817317 ], [ 618659.006211868487298, 2462871.275057954713702 ], [ 618927.203416408039629, 2463644.984669384080917 ], [ 618967.116855093743652, 2463680.717498608864844 ], [ 618944.059942591236904, 2463731.469008825253695 ], [ 618931.441993294400163, 2463764.586313602514565 ], [ 618920.927073657861911, 2463792.18407444935292 ], [ 618951.127176934387535, 2463885.41310579283163 ], [ 618986.546271630562842, 2463969.825123015325516 ], [ 619274.034717530128546, 2464775.797684521880001 ], [ 619122.18419473641552, 2464826.669552433304489 ], [ 619257.459484437480569, 2465190.84281234908849 ], [ 619226.415083619649522, 2465477.350562253501266 ], [ 618994.7717724716058, 2465454.541794539894909 ], [ 618934.466577987885103, 2466065.213952820282429 ], [ 619001.378848663996905, 2466072.368490098509938 ], [ 619027.00341834849678, 2466224.240863195154816 ], [ 619052.149030365399085, 2466573.178240278270096 ], [ 619032.508047361741774, 2466581.884902507066727 ], [ 618877.028971345396712, 2466570.731435661669821 ], [ 618867.507446995936334, 2466872.904169956687838 ], [ 618846.904495948343538, 2466872.746677237097174 ], [ 618815.424806903814897, 2466947.79069408448413 ], [ 618642.893099908018485, 2466876.724279597401619 ], [ 618605.056230064597912, 2466974.969802196137607 ], [ 618577.774440655950457, 2467040.082128435838968 ], [ 618553.53260815422982, 2467111.860430402681231 ], [ 618587.037150939693674, 2467176.329257365781814 ], [ 618314.75053282675799, 2468030.062661753967404 ], [ 618441.745064318412915, 2468127.350031403824687 ], [ 618049.746997740119696, 2469013.389184585772455 ], [ 618257.961164480773732, 2469130.114133849740028 ], [ 618353.301868578069843, 2468919.378955701366067 ], [ 618244.508407014538534, 2468867.622630320023745 ] ] } },
{ "type": "Feature", "properties": { "route_name": "50_Colonia Del Valle", "route_name_short": "Colonia Del Valle", "route_type": 3 }, "geometry": { "type": "LineString", "coordinates": [ [ 618781.236058347509243, 2469398.710734790191054 ], [ 618525.497707039816305, 2469301.543917561881244 ], [ 618346.195010423311032, 2469176.178369020111859 ], [ 618046.673813996836543, 2469011.151577601674944 ], [ 618443.830504329875112, 2468124.044546437449753 ], [ 618315.814315682742745, 2468025.64225663524121 ], [ 618519.488543972023763, 2467388.382312780246139 ], [ 617264.542499457485974, 2466868.482236894778907 ], [ 617094.507614050409757, 2467285.692247961647809 ], [ 617030.832177930045873, 2467259.748994620982558 ], [ 616489.93845005473122, 2467266.757710698526353 ], [ 616500.442558485781774, 2467652.113660047762096 ], [ 615859.463720052037388, 2467682.750297794118524 ], [ 615314.877679999917746, 2467634.415846861898899 ], [ 615176.506993557442911, 2467123.010573250241578 ], [ 615195.060745483380742, 2466982.544665380381048 ], [ 615263.192725023487583, 2466824.732418321538717 ], [ 615998.639552077045664, 2465596.875446339137852 ], [ 616064.410807119915262, 2465481.118964724708349 ], [ 616089.320347115164623, 2465318.558995256666094 ], [ 616099.674607164459303, 2465173.604288976639509 ], [ 616049.714130932581611, 2464965.094208108261228 ], [ 616000.510141110164113, 2464793.124782525002956 ], [ 616077.379897690028884, 2464571.168124886695296 ], [ 616116.863346955506131, 2464388.788934181910008 ], [ 616062.880331878433935, 2463890.18562175380066 ], [ 615931.16192821401637, 2463451.895193297415972 ], [ 616035.320924183004536, 2463163.714850535150617 ], [ 616039.897176853846759, 2462826.080039809923619 ], [ 615943.648205827921629, 2462605.048350491560996 ], [ 615748.74406416201964, 2461792.08801949582994 ], [ 615757.733458884293213, 2461553.019361437298357 ], [ 616015.261629717773758, 2460736.780816214159131 ], [ 616140.600977296591736, 2460512.970921730156988 ], [ 616293.531255392357707, 2460183.08520272700116 ], [ 616690.428824464557692, 2459205.150925553403795 ], [ 617053.475639641284943, 2458211.471810361836106 ], [ 617140.661563412984833, 2457994.025364735163748 ], [ 617155.564744196482934, 2457793.75049224216491 ], [ 617931.315147954272106, 2457443.101184452418238 ], [ 618008.339952895068564, 2457617.499636717140675 ], [ 617967.762070102500729, 2457530.838297879323363 ], [ 617148.524652386084199, 2457907.729872399941087 ], [ 617148.524652386084199, 2457907.729872399941087 ], [ 617967.762070102500729, 2457530.838297879323363 ], [ 618008.339952895068564, 2457617.499636717140675 ], [ 617931.315147954272106, 2457443.101184452418238 ], [ 617155.564744196482934, 2457793.75049224216491 ], [ 617140.661563412984833, 2457994.025364735163748 ], [ 617053.475639641284943, 2458211.471810361836106 ], [ 616690.428824464557692, 2459205.150925553403795 ], [ 616293.531255392357707, 2460183.08520272700116 ], [ 616140.600977296591736, 2460512.970921730156988 ], [ 616015.261629717773758, 2460736.780816214159131 ], [ 615757.733458884293213, 2461553.019361437298357 ], [ 615748.74406416201964, 2461792.08801949582994 ], [ 615943.648205827921629, 2462605.048350491560996 ], [ 616039.897176853846759, 2462826.080039809923619 ], [ 616035.320924183004536, 2463163.714850535150617 ], [ 615931.16192821401637, 2463451.895193297415972 ], [ 616062.880331878433935, 2463890.18562175380066 ], [ 616116.863346955506131, 2464388.788934181910008 ], [ 616077.379897690028884, 2464571.168124886695296 ], [ 616000.510141110164113, 2464793.124782525002956 ], [ 616049.714130932581611, 2464965.094208108261228 ], [ 616099.674607164459303, 2465173.604288976639509 ], [ 616089.320347115164623, 2465318.558995256666094 ], [ 616064.410807119915262, 2465481.118964724708349 ], [ 615998.639552077045664, 2465596.875446339137852 ], [ 615263.192725023487583, 2466824.732418321538717 ], [ 615195.060745483380742, 2466982.544665380381048 ], [ 615176.506993557442911, 2467123.010573250241578 ], [ 615258.809955326258205, 2467415.898528520483524 ], [ 615874.513624640530907, 2467460.332109514158219 ], [ 616489.666116637527011, 2467440.573246165644377 ], [ 616489.93845005473122, 2467266.757710698526353 ], [ 617030.832177930045873, 2467259.748994620982558 ], [ 617094.507614050409757, 2467285.692247961647809 ], [ 617264.542499457485974, 2466868.482236894778907 ], [ 618519.488543972023763, 2467388.382312780246139 ], [ 618315.814315682742745, 2468025.64225663524121 ], [ 618443.830504329875112, 2468124.044546437449753 ], [ 618046.673813996836543, 2469011.151577601674944 ], [ 618346.195010423311032, 2469176.178369020111859 ], [ 618525.497707039816305, 2469301.543917561881244 ] ] } },
{ "type": "Feature", "properties": { "route_name": "53_Altamira", "route_name_short": "Altamira", "route_type": 3 }, "geometry": { "type": "LineString", "coordinates": [ [ 608964.265706592355855, 2479187.673510284163058 ], [ 609388.727327590924688, 2478116.77665629517287 ], [ 609311.987633401178755, 2477176.301702910568565 ], [ 609330.105833096895367, 2477088.968396732583642 ], [ 609392.15401287865825, 2477049.551038796082139 ], [ 609774.557004585163668, 2476984.724995431955904 ], [ 609986.082980227191001, 2476772.555007058661431 ], [ 610189.276461989036761, 2476574.72075745370239 ], [ 610761.59561404818669, 2476444.844727934338152 ], [ 610799.702535358257592, 2476442.903182551730424 ], [ 610882.307429801789112, 2476409.174188610631973 ], [ 610918.68066172208637, 2476361.829024775885046 ], [ 610957.295580156729557, 2476289.036483335774392 ], [ 610986.526276497868821, 2476232.783400106243789 ], [ 611164.657935786875896, 2476086.815645381808281 ], [ 611294.766533606220037, 2476033.501846103463322 ], [ 612252.321202652878128, 2475031.833627379499376 ], [ 612710.950300688040443, 2474546.926385099999607 ], [ 613245.185168280033395, 2474006.120929649099708 ], [ 614247.4290162344696, 2472843.252941760700196 ], [ 614595.393458441481926, 2472439.508152129128575 ], [ 614891.784378583659418, 2472188.170709220692515 ], [ 615049.075058467569761, 2472086.374462507199496 ], [ 615339.722074557677843, 2471916.929218769539148 ], [ 615652.085936951334588, 2471598.189702998381108 ], [ 615756.38983971462585, 2471421.828185965772718 ], [ 615968.387556277099065, 2470616.319921545684338 ], [ 616043.164933407562785, 2470395.454633026383817 ], [ 615990.31246654689312, 2470025.281545715406537 ], [ 615417.077295976225287, 2468021.557515265885741 ], [ 615247.396770453313366, 2467426.885046549141407 ], [ 615178.518024073680863, 2467129.668150950688869 ], [ 615195.044341016444378, 2466984.758769987616688 ], [ 615795.356263348716311, 2465916.424056693445891 ], [ 616059.144035227247514, 2465496.579277046024799 ], [ 616098.980761375278234, 2465266.596703638322651 ], [ 616096.057430465705693, 2465106.043342508375645 ], [ 616011.42231580580119, 2464849.668902005534619 ], [ 616016.673999218037352, 2464698.033526446204633 ], [ 616106.525356770842336, 2464531.52942985156551 ], [ 616096.260705684544519, 2464111.857020504772663 ], [ 615993.213865631259978, 2463698.136071524582803 ], [ 615933.37100870499853, 2463431.983635126147419 ], [ 616041.577467167982832, 2463153.797462629619986 ], [ 616037.852856341050938, 2462823.850588918663561 ], [ 615952.889038671157323, 2462609.545570194255561 ], [ 615747.003781180479564, 2461748.897860596422106 ], [ 615807.721091028070077, 2461344.147224847227335 ], [ 616026.811819754191674, 2460708.081949664279819 ], [ 616237.911954173236154, 2460316.630676479078829 ], [ 616449.165259510860778, 2459767.973585473839194 ], [ 616623.019157779752277, 2459398.390930234454572 ], [ 616868.11564634134993, 2458738.173683537635952 ], [ 617131.23548008990474, 2458013.882596976589411 ], [ 617160.510158426710404, 2457684.183840529993176 ], [ 617220.251967366901226, 2457552.886313573457301 ], [ 617752.988296855590306, 2457305.580786319915205 ], [ 617620.955073667108081, 2457043.307825580239296 ], [ 617531.998547375900671, 2457083.601158460602164 ], [ 617705.576919684419408, 2457441.39791022753343 ], [ 617160.510158426710404, 2457684.183840529993176 ], [ 617160.510158426710404, 2457684.183840529993176 ], [ 617705.576919684419408, 2457441.39791022753343 ], [ 617531.998547375900671, 2457083.601158460602164 ], [ 617620.955073667108081, 2457043.307825580239296 ], [ 617752.988296855590306, 2457305.580786319915205 ], [ 617220.251967366901226, 2457552.886313573457301 ], [ 617160.510158426710404, 2457684.183840529993176 ], [ 617131.23548008990474, 2458013.882596976589411 ], [ 616868.11564634134993, 2458738.173683537635952 ], [ 616623.019157779752277, 2459398.390930234454572 ], [ 616449.165259510860778, 2459767.973585473839194 ], [ 616237.911954173236154, 2460316.630676479078829 ], [ 616026.811819754191674, 2460708.081949664279819 ], [ 615807.721091028070077, 2461344.147224847227335 ], [ 615747.003781180479564, 2461748.897860596422106 ], [ 615952.889038671157323, 2462609.545570194255561 ], [ 616037.852856341050938, 2462823.850588918663561 ], [ 616041.577467167982832, 2463153.797462629619986 ], [ 615933.37100870499853, 2463431.983635126147419 ], [ 615993.213865631259978, 2463698.136071524582803 ], [ 616096.260705684544519, 2464111.857020504772663 ], [ 616106.525356770842336, 2464531.52942985156551 ], [ 616016.673999218037352, 2464698.033526446204633 ], [ 616011.42231580580119, 2464849.668902005534619 ], [ 616096.057430465705693, 2465106.043342508375645 ], [ 616098.980761375278234, 2465266.596703638322651 ], [ 616059.144035227247514, 2465496.579277046024799 ], [ 615795.356263348716311, 2465916.424056693445891 ], [ 615195.044341016444378, 2466984.758769987616688 ], [ 615178.518024073680863, 2467129.668150950688869 ], [ 615247.396770453313366, 2467426.885046549141407 ], [ 615417.077295976225287, 2468021.557515265885741 ], [ 615990.31246654689312, 2470025.281545715406537 ], [ 616043.164933407562785, 2470395.454633026383817 ], [ 615968.387556277099065, 2470616.319921545684338 ], [ 615756.38983971462585, 2471421.828185965772718 ], [ 615652.085936951334588, 2471598.189702998381108 ], [ 615339.722074557677843, 2471916.929218769539148 ], [ 615049.075058467569761, 2472086.374462507199496 ], [ 614891.784378583659418, 2472188.170709220692515 ], [ 614595.393458441481926, 2472439.508152129128575 ], [ 614247.4290162344696, 2472843.252941760700196 ], [ 613245.185168280033395, 2474006.120929649099708 ], [ 612710.950300688040443, 2474546.926385099999607 ], [ 612252.321202652878128, 2475031.833627379499376 ], [ 611294.766533606220037, 2476033.501846103463322 ], [ 611164.657935786875896, 2476086.815645381808281 ], [ 610986.526276497868821, 2476232.783400106243789 ], [ 610957.295580156729557, 2476289.036483335774392 ], [ 610918.68066172208637, 2476361.829024775885046 ], [ 610882.307429801789112, 2476409.174188610631973 ], [ 610799.702535358257592, 2476442.903182551730424 ], [ 610761.59561404818669, 2476444.844727934338152 ], [ 610189.276461989036761, 2476574.72075745370239 ], [ 609986.082980227191001, 2476772.555007058661431 ], [ 609774.557004585163668, 2476984.724995431955904 ], [ 609392.15401287865825, 2477049.551038796082139 ], [ 609330.105833096895367, 2477088.968396732583642 ], [ 609311.987633401178755, 2477176.301702910568565 ], [ 609389.75670100946445, 2478116.783934889826924 ] ] } },
{ "type": "Feature", "properties": { "route_name": "51_Serapio Venegas por Boulevard", "route_name_short": "Serapio Venegas por Boulevard", "route_type": 3 }, "geometry": { "type": "LineString", "coordinates": [ [ 617675.954472352634184, 2470356.817856022622436 ], [ 617005.315747429151088, 2470100.431745769456029 ], [ 616602.106106865103357, 2471124.808390291873366 ], [ 616502.517308622482233, 2471083.096896006260067 ], [ 616945.542254262953065, 2469968.233723639044911 ], [ 616563.503005114383996, 2469819.220938803628087 ], [ 616517.329769835690968, 2469932.907927880994976 ], [ 616039.76579545007553, 2469747.763979449868202 ], [ 616111.65640641131904, 2469500.306528612505645 ], [ 616153.633300070068799, 2469396.551170382183045 ], [ 616305.650650885538198, 2469178.479047613218427 ], [ 616371.211653442936949, 2469089.293367415200919 ], [ 616425.483722178149037, 2468857.204830842558295 ], [ 616543.593109126784839, 2468354.350805092602968 ], [ 616488.916631119558588, 2467265.642935737036169 ], [ 617034.95264366210904, 2467259.780014256481081 ], [ 617097.589619914186187, 2467286.822583161760122 ], [ 617148.974554671673104, 2467166.533575072418898 ], [ 617264.55084861908108, 2466867.375179269351065 ], [ 617670.259472177363932, 2467028.758705862332135 ], [ 618007.493539337767288, 2466166.651589991990477 ], [ 618211.254336627782322, 2465654.493843202944845 ], [ 618486.855526506318711, 2464910.389410224743187 ], [ 618962.936212244792841, 2463688.435418642591685 ], [ 618925.151148520759307, 2463643.861872318666428 ], [ 618182.93778665130958, 2461511.436038576532155 ], [ 618060.176564747234806, 2461119.693524522706866 ], [ 617992.983008972951211, 2461010.687419790774584 ], [ 618026.094724571681581, 2460720.873702882789075 ], [ 617967.13514882302843, 2460613.037306475453079 ], [ 617952.739018433843739, 2460199.974487873725593 ], [ 617979.357892420259304, 2460087.25012744916603 ], [ 618093.955430519185029, 2459925.371523981913924 ], [ 618177.050711985211819, 2459704.577869096305221 ], [ 618241.570112684508786, 2459623.140278602484614 ], [ 618529.913796373293735, 2459520.152517807204276 ], [ 618637.895837686606683, 2459280.729090816807002 ], [ 618741.968960000551306, 2459013.598645317368209 ], [ 618860.957593135186471, 2458818.544949877075851 ], [ 618848.781242874800228, 2458657.920343588571995 ], [ 617909.789091954589821, 2456744.351762201171368 ], [ 617730.92418028251268, 2456813.857583337463439 ], [ 617708.680199630092829, 2456756.120234910398722 ], [ 617708.680199630092829, 2456756.120234910398722 ], [ 617730.92418028251268, 2456813.857583337463439 ], [ 617816.715182363055646, 2456783.505398752167821 ], [ 617839.050601397175342, 2456829.065404428634793 ], [ 617932.149385537370108, 2456786.590766842942685 ], [ 618027.076099947094917, 2456775.129571948666126 ], [ 618280.000773931387812, 2457271.921902046538889 ], [ 618187.901008348912001, 2457318.830396779812872 ], [ 618848.781242874800228, 2458657.920343588571995 ], [ 618860.957593135186471, 2458818.544949877075851 ], [ 618746.226425134344026, 2458995.917184373829514 ], [ 618701.107619844959117, 2459100.74992639478296 ], [ 618637.895837686606683, 2459280.729090816807002 ], [ 618529.913796373293735, 2459520.152517807204276 ], [ 618241.570112684508786, 2459623.140278602484614 ], [ 618177.050711985211819, 2459704.577869096305221 ], [ 618093.955430519185029, 2459925.371523981913924 ], [ 617979.357892420259304, 2460087.25012744916603 ], [ 617952.739018433843739, 2460199.974487873725593 ], [ 617967.13514882302843, 2460613.037306475453079 ], [ 618026.094724571681581, 2460720.873702882789075 ], [ 617992.983008972951211, 2461010.687419790774584 ], [ 618060.176564747234806, 2461119.693524522706866 ], [ 618182.93778665130958, 2461511.436038576532155 ], [ 618925.151148520759307, 2463643.861872318666428 ], [ 618930.142301399726421, 2463664.935326340142637 ], [ 618486.855526506318711, 2464910.389410224743187 ], [ 618161.05072518333327, 2465617.577413115184754 ], [ 618200.859549733810127, 2465666.593210384249687 ], [ 618007.493539337767288, 2466166.651589991990477 ], [ 617670.259472177363932, 2467028.758705862332135 ], [ 617264.55084861908108, 2466867.375179269351065 ], [ 617148.974554671673104, 2467166.533575072418898 ], [ 617097.589619914186187, 2467286.822583161760122 ], [ 617034.95264366210904, 2467259.780014256481081 ], [ 616488.916631119558588, 2467265.642935737036169 ], [ 616543.593109126784839, 2468354.350805092602968 ], [ 616425.483722178149037, 2468857.204830842558295 ], [ 616371.211653442936949, 2469089.293367415200919 ], [ 616305.650650885538198, 2469178.479047613218427 ], [ 616153.633300070068799, 2469396.551170382183045 ], [ 616111.65640641131904, 2469500.306528612505645 ], [ 616039.76579545007553, 2469747.763979449868202 ], [ 616517.329769835690968, 2469932.907927880994976 ], [ 616563.503005114383996, 2469819.220938803628087 ], [ 616945.542254262953065, 2469968.233723639044911 ], [ 616502.517308622482233, 2471083.096896006260067 ], [ 616602.106106865103357, 2471124.808390291873366 ], [ 617002.184250425547361, 2470105.943765565752983 ], [ 617669.691082648001611, 2470367.841645564418286 ] ] } },
{ "type": "Feature", "properties": { "route_name": "55_Bosque", "route_name_short": "Bosque", "route_type": 3 }, "geometry": { "type": "LineString", "coordinates": [ [ 615189.061935146572068, 2470431.164140240754932 ], [ 615216.780230298289098, 2469749.385725213214755 ], [ 615534.951296670245938, 2469762.820887286216021 ], [ 615917.342424598056823, 2469728.028608708642423 ], [ 615563.604778087232262, 2468541.883872258942574 ], [ 615382.770291063468903, 2467924.983755686320364 ], [ 615200.458759330329485, 2467227.256688213441521 ], [ 615176.892456755624153, 2467070.979110816027969 ], [ 615210.980270483181812, 2466919.557176183443516 ], [ 616064.3447385719046, 2465489.975386987905949 ], [ 616095.768348873709328, 2465144.790177648421377 ], [ 615996.03423099918291, 2464840.697293581441045 ], [ 616021.825414753402583, 2464698.071927279699594 ], [ 616124.29639737366233, 2464497.341487465891987 ], [ 616094.249594860128127, 2464105.19934634771198 ], [ 615944.169276556116529, 2463504.026270001195371 ], [ 615958.825213273987174, 2463334.747354822698981 ], [ 616041.907395748188719, 2463109.515466971322894 ], [ 616035.84152177546639, 2462817.192940325476229 ], [ 615948.701436734758317, 2462618.3712845062837 ], [ 615740.968906646594405, 2461728.925087485462427 ], [ 615830.028018019744195, 2461254.63720401423052 ], [ 616003.777373188524507, 2460756.623314801603556 ], [ 616442.733669069944881, 2459801.138830519281328 ], [ 617008.250329042202793, 2458331.807594410143793 ], [ 617126.987973419483751, 2458030.457361594308168 ], [ 617158.681895916815847, 2457790.452557614538819 ], [ 618188.940164638916031, 2457317.731149713974446 ], [ 618015.320840989705175, 2456966.570921893697232 ], [ 618015.320840989705175, 2456966.570921893697232 ], [ 618718.890832206467167, 2456626.483807913959026 ], [ 618690.48197085945867, 2456566.48381686815992 ], [ 618648.537523543811403, 2456524.094884735997766 ], [ 618561.068114220048301, 2456503.502744130324572 ], [ 618473.338224798557349, 2456517.229604950640351 ], [ 618368.880351136671379, 2456561.829314190894365 ], [ 618088.672423481941223, 2456672.633826770354062 ], [ 618091.580752154346555, 2456697.012253509834409 ], [ 618193.790924213360995, 2456676.750213764142245 ], [ 618286.849751196219586, 2456639.812852514442056 ], [ 618485.75007827905938, 2457055.380414645653218 ], [ 618139.085331180132926, 2457230.999175106640905 ], [ 618183.744384641060606, 2457323.227385677862912 ], [ 617156.545642377692275, 2457800.400505700148642 ], [ 617126.987973419483751, 2458030.457361594308168 ], [ 617008.250329042202793, 2458331.807594410143793 ], [ 616442.733669069944881, 2459801.138830519281328 ], [ 616003.777373188524507, 2460756.623314801603556 ], [ 615830.028018019744195, 2461254.63720401423052 ], [ 615740.968906646594405, 2461728.925087485462427 ], [ 615948.701436734758317, 2462618.3712845062837 ], [ 616035.84152177546639, 2462817.192940325476229 ], [ 616041.907395748188719, 2463109.515466971322894 ], [ 615958.825213273987174, 2463334.747354822698981 ], [ 615944.169276556116529, 2463504.026270001195371 ], [ 616094.249594860128127, 2464105.19934634771198 ], [ 616124.29639737366233, 2464497.341487465891987 ], [ 616021.825414753402583, 2464698.071927279699594 ], [ 615996.03423099918291, 2464840.697293581441045 ], [ 616095.768348873709328, 2465144.790177648421377 ], [ 616064.3447385719046, 2465489.975386987905949 ], [ 615210.980270483181812, 2466919.557176183443516 ], [ 615176.892456755624153, 2467070.979110816027969 ], [ 615200.458759330329485, 2467227.256688213441521 ], [ 615382.770291063468903, 2467924.983755686320364 ], [ 615563.604778087232262, 2468541.883872258942574 ], [ 615917.342424598056823, 2469728.028608708642423 ], [ 615534.951296670245938, 2469762.820887286216021 ], [ 615220.867157161934301, 2469753.844516016542912 ], [ 615176.801690572523512, 2470417.787764119915664 ] ] } },
{ "type": "Feature", "properties": { "route_name": "54_Col Nuevo Tampico - Altamira por Carnitas Ortas", "route_name_short": "Col Nuevo Tampico - Altamira por Carnitas Ortas", "route_type": 3 }, "geometry": { "type": "LineString", "coordinates": [ [ 608968.343903065659106, 2479193.237780085764825 ], [ 609306.785679635358974, 2478349.796877346932888 ], [ 609384.414145066868514, 2478144.423816814552993 ], [ 609310.934740772936493, 2477179.615581004414707 ], [ 609329.918151901336387, 2477115.537586846854538 ], [ 609380.767536176950671, 2477058.327406181488186 ], [ 609751.862010414013639, 2476991.206691361032426 ], [ 609827.349587765173055, 2476944.136565008200705 ], [ 610163.389827774022706, 2476595.571560766082257 ], [ 610259.470218667993322, 2476548.649956570006907 ], [ 610633.630529330228455, 2476487.106999410316348 ], [ 610746.097853857441805, 2476452.483623835723847 ], [ 610807.978062296635471, 2476437.426864260341972 ], [ 610893.758703623316251, 2476391.542454974725842 ], [ 610942.660476735909469, 2476319.930675250012428 ], [ 610973.007847985136323, 2476251.507366558536887 ], [ 611057.080384592176415, 2476156.898725572507828 ], [ 611163.699950534617528, 2476076.84477800456807 ], [ 611282.468016801751219, 2476025.663684844505042 ], [ 612425.60382705682423, 2474848.202310009859502 ], [ 612839.647043267032132, 2474407.259580417536199 ], [ 613272.053357678698376, 2473993.031890381127596 ], [ 614109.325228894711472, 2472998.339521064423025 ], [ 614836.028564222040586, 2472207.685965351294726 ], [ 615288.965574228670448, 2471956.408245109952986 ], [ 615730.041167885414325, 2471502.451457379385829 ], [ 615979.650181130738929, 2470625.261032648384571 ], [ 616047.334209233871661, 2470388.843076024204493 ], [ 615313.94615037413314, 2467621.123564053792506 ], [ 615137.784840782405809, 2467622.031877007335424 ], [ 615143.586279181414284, 2467395.116575247142464 ], [ 615269.110963848303072, 2467415.974909918848425 ], [ 615991.895443048444577, 2467467.850258870981634 ], [ 616499.983738828799687, 2467438.436331463977695 ], [ 616546.890825177775696, 2468326.697545252740383 ], [ 616371.236534921568818, 2469085.972193628083915 ], [ 616246.220557005377486, 2469274.353577801492065 ], [ 616153.749212259775959, 2469381.052362327463925 ], [ 616037.689353374415077, 2469749.96270239027217 ], [ 616477.270161627326161, 2469918.21479180874303 ], [ 616525.519642104394734, 2469802.32903575245291 ], [ 617042.072574007092044, 2470006.603267790284008 ], [ 617409.588327421690337, 2469078.286260500084609 ], [ 617310.976169264409691, 2469042.113253339193761 ], [ 617356.119221561588347, 2468929.527636277955025 ], [ 617373.997378334170207, 2468880.949272314552218 ], [ 617359.736144579248503, 2468859.806180491112173 ], [ 617332.034537773346528, 2468845.204326428938657 ], [ 617631.597944399574772, 2467917.485699987504631 ], [ 617359.246873091091402, 2467833.499638642184436 ], [ 617279.624169207992963, 2468010.038118557073176 ], [ 617228.198838812066242, 2468135.862022825051099 ], [ 617191.779428195091896, 2468184.300693788565695 ], [ 617148.358522584312595, 2468205.008609124924988 ], [ 616639.163088832050562, 2468247.677265505772084 ], [ 616582.659857647493482, 2468227.325088220182806 ], [ 616539.763030487694778, 2468178.290053259115666 ], [ 616539.763030487694778, 2468178.290053259115666 ], [ 616582.659857647493482, 2468227.325088220182806 ], [ 616639.163088832050562, 2468247.677265505772084 ], [ 617148.358522584312595, 2468205.008609124924988 ], [ 617191.779428195091896, 2468184.300693788565695 ], [ 617228.198838812066242, 2468135.862022825051099 ], [ 617279.624169207992963, 2468010.038118557073176 ], [ 617359.246873091091402, 2467833.499638642184436 ], [ 617631.597944399574772, 2467917.485699987504631 ], [ 617332.034537773346528, 2468845.204326428938657 ], [ 617359.736144579248503, 2468859.806180491112173 ], [ 617373.997378334170207, 2468880.949272314552218 ], [ 617356.119221561588347, 2468929.527636277955025 ], [ 617310.976169264409691, 2469042.113253339193761 ], [ 617409.588327421690337, 2469078.286260500084609 ], [ 617042.072574007092044, 2470006.603267790284008 ], [ 616525.519642104394734, 2469802.32903575245291 ], [ 616477.270161627326161, 2469918.21479180874303 ], [ 616037.689353374415077, 2469749.96270239027217 ], [ 616153.749212259775959, 2469381.052362327463925 ], [ 616246.220557005377486, 2469274.353577801492065 ], [ 616371.236534921568818, 2469085.972193628083915 ], [ 616546.890825177775696, 2468326.697545252740383 ], [ 616494.228836462483741, 2467656.495562667492777 ], [ 615846.064365111873485, 2467683.757539306767285 ], [ 615791.527604497619905, 2467675.601344359572977 ], [ 615722.503659809357487, 2467676.194402927532792 ], [ 615351.911501477472484, 2467641.3333297399804 ], [ 615313.94615037413314, 2467621.123564053792506 ], [ 616047.334209233871661, 2470388.843076024204493 ], [ 615979.650181130738929, 2470625.261032648384571 ], [ 615730.041167885414325, 2471502.451457379385829 ], [ 615288.965574228670448, 2471956.408245109952986 ], [ 614836.028564222040586, 2472207.685965351294726 ], [ 614109.325228894711472, 2472998.339521064423025 ], [ 613272.053357678698376, 2473993.031890381127596 ], [ 612839.647043267032132, 2474407.259580417536199 ], [ 612425.60382705682423, 2474848.202310009859502 ], [ 611282.468016801751219, 2476025.663684844505042 ], [ 611163.699950534617528, 2476076.84477800456807 ], [ 611057.080384592176415, 2476156.898725572507828 ], [ 610973.007847985136323, 2476251.507366558536887 ], [ 610942.660476735909469, 2476319.930675250012428 ], [ 610893.758703623316251, 2476391.542454974725842 ], [ 610807.978062296635471, 2476437.426864260341972 ], [ 610746.097853857441805, 2476452.483623835723847 ], [ 610633.630529330228455, 2476487.106999410316348 ], [ 610259.470218667993322, 2476548.649956570006907 ], [ 610163.389827774022706, 2476595.571560766082257 ], [ 609827.349587765173055, 2476944.136565008200705 ], [ 609751.862010414013639, 2476991.206691361032426 ], [ 609380.767536176950671, 2477058.327406181488186 ], [ 609329.918151901336387, 2477115.537586846854538 ], [ 609310.934740772936493, 2477179.615581004414707 ], [ 609384.414145066868514, 2478144.423816814552993 ], [ 609306.785679635358974, 2478349.796877346932888 ] ] } },
{ "type": "Feature", "properties": { "route_name": "57_Tancol", "route_name_short": "Tancol", "route_type": 3 }, "geometry": { "type": "LineString", "coordinates": [ [ 615097.773639156483114, 2468434.357245065737516 ], [ 614771.269704375765286, 2468429.727826569229364 ], [ 614771.784871895099059, 2468359.98349397815764 ], [ 614660.621013753814623, 2468069.099270571023226 ], [ 614610.855709798168391, 2467693.421176698058844 ], [ 614276.136638674070127, 2467683.206836936064065 ], [ 614127.419375573983416, 2467454.049494437873363 ], [ 613971.998135791160166, 2467155.096848988439888 ], [ 613958.898780323332176, 2467115.144908165093511 ], [ 614066.648245927761309, 2467031.794798040762544 ], [ 613704.152458062162623, 2466591.83208089787513 ], [ 614003.578542664414272, 2466360.42453697277233 ], [ 614046.220452010282315, 2466445.984505500178784 ], [ 614048.199588857591152, 2466457.070101654622704 ], [ 614126.21559425489977, 2466495.284125228412449 ], [ 614159.099401565268636, 2466506.596572413574904 ], [ 614280.215633055544458, 2466707.872920287307352 ], [ 614294.670210268464871, 2466703.550720849074423 ], [ 614310.924661306198686, 2466734.669269928243011 ], [ 614416.406569993589073, 2466680.089573601726443 ], [ 614442.025256275665015, 2466838.594832433387637 ], [ 614476.215380027890205, 2466812.275869378820062 ], [ 614730.666906669619493, 2466673.548190222587436 ], [ 614565.044454441056587, 2466361.229118194431067 ], [ 614362.980439053964801, 2466240.174134912434965 ], [ 614397.50551950011868, 2466168.465943677350879 ], [ 614351.350856017787009, 2466140.448816419113427 ], [ 614520.985531695885584, 2466048.699705354869366 ], [ 614710.220484346500598, 2465953.775550100021064 ], [ 615163.793879161938094, 2465918.378129029646516 ], [ 615347.711275021662004, 2465846.671445068903267 ], [ 615414.608900281134993, 2465856.024541678838432 ], [ 615728.393787069013342, 2466054.31494719022885 ], [ 616012.181052239378914, 2465577.048361242283136 ], [ 616065.490590214496478, 2465474.484333571977913 ], [ 616093.424796011997387, 2465320.803847681730986 ], [ 616104.371545342495665, 2465234.53061457304284 ], [ 616060.460838620550931, 2465043.779430735856295 ], [ 616006.246194375795312, 2464852.951657976955175 ], [ 616016.830791315762326, 2464676.99954420235008 ], [ 616100.277529710670933, 2464540.339732243213803 ], [ 616110.485230996389873, 2464276.922932699322701 ], [ 616077.501747815404087, 2464002.112987057305872 ], [ 615942.495946985785849, 2463451.979574637953192 ], [ 616046.193917049444281, 2463087.405178144574165 ], [ 616042.040461746626534, 2462815.024896768853068 ], [ 615918.348963764961809, 2462542.861909145954996 ], [ 615749.048291485290974, 2461751.127262549474835 ], [ 615762.398096044431441, 2461479.984860236290842 ], [ 616026.828296057065018, 2460705.867855789605528 ], [ 616285.20404917257838, 2460194.09419525694102 ], [ 616656.661716162925586, 2459310.073747599497437 ], [ 617017.559890573262237, 2458327.448950371239334 ], [ 617137.569374311482534, 2457994.002161820884794 ], [ 617162.854715973138809, 2457783.841219457332045 ], [ 617928.222842620569281, 2457443.07782987318933 ], [ 617968.792832867940888, 2457530.84608554514125 ], [ 617968.792832867940888, 2457530.84608554514125 ], [ 617783.618249676655978, 2457618.017005584668368 ], [ 617146.446567204082385, 2457909.928496289532632 ], [ 617137.569374311482534, 2457994.002161820884794 ], [ 617017.559890573262237, 2458327.448950371239334 ], [ 616656.661716162925586, 2459310.073747599497437 ], [ 616285.20404917257838, 2460194.09419525694102 ], [ 616026.828296057065018, 2460705.867855789605528 ], [ 615762.398096044431441, 2461479.984860236290842 ], [ 615749.048291485290974, 2461751.127262549474835 ], [ 615918.348963764961809, 2462542.861909145954996 ], [ 616042.040461746626534, 2462815.024896768853068 ], [ 616046.193917049444281, 2463087.405178144574165 ], [ 615942.495946985785849, 2463451.979574637953192 ], [ 616077.501747815404087, 2464002.112987057305872 ], [ 616110.485230996389873, 2464276.922932699322701 ], [ 616100.277529710670933, 2464540.339732243213803 ], [ 616016.830791315762326, 2464676.99954420235008 ], [ 616006.246194375795312, 2464852.951657976955175 ], [ 616060.460838620550931, 2465043.779430735856295 ], [ 616104.371545342495665, 2465234.53061457304284 ], [ 616093.424796011997387, 2465320.803847681730986 ], [ 616065.490590214496478, 2465474.484333571977913 ], [ 616012.181052239378914, 2465577.048361242283136 ], [ 615728.393787069013342, 2466054.31494719022885 ], [ 615414.608900281134993, 2465856.024541678838432 ], [ 615347.711275021662004, 2465846.671445068903267 ], [ 615163.793879161938094, 2465918.378129029646516 ], [ 614710.220484346500598, 2465953.775550100021064 ], [ 614520.985531695885584, 2466048.699705354869366 ], [ 614351.350856017787009, 2466140.448816419113427 ], [ 614397.50551950011868, 2466168.465943677350879 ], [ 614362.980439053964801, 2466240.174134912434965 ], [ 614565.044454441056587, 2466361.229118194431067 ], [ 614730.666906669619493, 2466673.548190222587436 ], [ 614476.215380027890205, 2466812.275869378820062 ], [ 614442.025256275665015, 2466838.594832433387637 ], [ 614416.406569993589073, 2466680.089573601726443 ], [ 614310.924661306198686, 2466734.669269928243011 ], [ 614294.670210268464871, 2466703.550720849074423 ], [ 614280.215633055544458, 2466707.872920287307352 ], [ 614159.099401565268636, 2466506.596572413574904 ], [ 614126.21559425489977, 2466495.284125228412449 ], [ 614048.199588857591152, 2466457.070101654622704 ], [ 614046.220452010282315, 2466445.984505500178784 ], [ 614003.578542664414272, 2466360.42453697277233 ], [ 613704.152458062162623, 2466591.83208089787513 ], [ 614066.648245927761309, 2467031.794798040762544 ], [ 613958.898780323332176, 2467115.144908165093511 ], [ 613971.998135791160166, 2467155.096848988439888 ], [ 614127.419375573983416, 2467454.049494437873363 ], [ 614276.136638674070127, 2467683.206836936064065 ], [ 614610.855709798168391, 2467693.421176698058844 ], [ 614660.621013753814623, 2468069.099270571023226 ], [ 614771.784871895099059, 2468359.98349397815764 ], [ 614869.499251761240885, 2468379.526491945143789 ], [ 614914.796268174075522, 2468383.182769718114287 ], [ 614917.542491043917835, 2468429.701861833687872 ] ] } },
{ "type": "Feature", "properties": { "route_name": "56_Bellavista", "route_name_short": "Bellavista", "route_type": 3 }, "geometry": { "type": "LineString", "coordinates": [ [ 616059.420695214997977, 2459649.9296840778552 ], [ 616094.923058599000797, 2459588.195866842288524 ], [ 616127.737041546730325, 2459333.805487447418272 ], [ 616179.829530035611242, 2459258.910042790696025 ], [ 616213.304869193467312, 2459192.732929156627506 ], [ 616226.183927644509822, 2459124.188227292150259 ], [ 616214.475732006831095, 2459035.532465600408614 ], [ 616172.589647723012604, 2458985.400755523238331 ], [ 616188.527668000315316, 2458921.30723948776722 ], [ 616229.06170642527286, 2458876.217730872798711 ], [ 616293.210678190458566, 2458843.48246209602803 ], [ 616378.221077095600776, 2458777.689794758800417 ], [ 616473.97896768397186, 2458514.912674793042243 ], [ 616645.462962388526648, 2458464.159315410070121 ], [ 616819.939061858458444, 2458013.76417263224721 ], [ 616880.519900087150745, 2458045.216662608087063 ], [ 617031.420827770838514, 2457990.991807419341058 ], [ 617136.430656138574705, 2458008.386033839546144 ], [ 617164.359006123035215, 2457720.74730966379866 ], [ 617166.80266039876733, 2457669.838648333214223 ], [ 617218.19044923025649, 2457552.870837018825114 ], [ 617746.803634950425476, 2457305.534150888212025 ], [ 617618.901823266292922, 2457042.185252400580794 ], [ 617536.105047924560495, 2457085.846282288897783 ], [ 617705.576919684419408, 2457441.39791022753343 ], [ 617166.66973651247099, 2457687.551389508880675 ], [ 617166.66973651247099, 2457687.551389508880675 ], [ 617705.576919684419408, 2457441.39791022753343 ], [ 617536.105047924560495, 2457085.846282288897783 ], [ 617618.901823266292922, 2457042.185252400580794 ], [ 617746.803634950425476, 2457305.534150888212025 ], [ 617218.19044923025649, 2457552.870837018825114 ], [ 617166.80266039876733, 2457669.838648333214223 ], [ 617164.359006123035215, 2457720.74730966379866 ], [ 617136.430656138574705, 2458008.386033839546144 ], [ 617031.420827770838514, 2457990.991807419341058 ], [ 616880.519900087150745, 2458045.216662608087063 ], [ 616819.939061858458444, 2458013.76417263224721 ], [ 616645.462962388526648, 2458464.159315410070121 ], [ 616473.97896768397186, 2458514.912674793042243 ], [ 616378.221077095600776, 2458777.689794758800417 ], [ 616293.210678190458566, 2458843.48246209602803 ], [ 616229.06170642527286, 2458876.217730872798711 ], [ 616188.527668000315316, 2458921.30723948776722 ], [ 616172.589647723012604, 2458985.400755523238331 ], [ 616214.475732006831095, 2459035.532465600408614 ], [ 616226.183927644509822, 2459124.188227292150259 ], [ 616213.304869193467312, 2459192.732929156627506 ], [ 616179.829530035611242, 2459258.910042790696025 ], [ 616127.737041546730325, 2459333.805487447418272 ], [ 616094.923058599000797, 2459588.195866842288524 ] ] } },
{ "type": "Feature", "properties": { "route_name": "58_Madero - Rev. Verde", "route_name_short": "Madero - Rev. Verde", "route_type": 3 }, "geometry": { "type": "LineString", "coordinates": [ [ 616755.129078406840563, 2466797.114471673034132 ], [ 616994.431274803704582, 2466757.94975686725229 ], [ 617005.637964982073754, 2466774.64087274344638 ], [ 617670.267850831383839, 2467027.651646960992366 ], [ 618207.150254762615077, 2465652.24841370806098 ], [ 618165.17163962579798, 2465617.608712586574256 ], [ 618662.2533709454583, 2464338.236093974206597 ], [ 619368.516069226898253, 2462531.273619836196303 ], [ 619197.051385026657954, 2462045.041301288176328 ], [ 619142.294849872239865, 2461928.374781753867865 ], [ 619938.293133660103194, 2461069.81714327307418 ], [ 619872.790066489949822, 2461010.635800625197589 ], [ 619803.29194185230881, 2460934.817222228273749 ], [ 619879.875639343401417, 2460893.335244554560632 ], [ 619934.05174837843515, 2460951.322319025173783 ], [ 619934.05174837843515, 2460951.322319025173783 ], [ 619621.284503740724176, 2461284.377396835945547 ], [ 619667.360432811081409, 2461323.480345901567489 ], [ 619677.589108336367644, 2461333.522980542853475 ], [ 619685.799240473890677, 2461338.014509606175125 ], [ 619142.294849872239865, 2461928.374781753867865 ], [ 619197.051385026657954, 2462045.041301288176328 ], [ 619368.516069226898253, 2462531.273619836196303 ], [ 618752.963313733576797, 2464198.32322740694508 ], [ 618260.566991007886827, 2465537.513614064548165 ], [ 618207.150254762615077, 2465652.24841370806098 ], [ 617670.267850831383839, 2467027.651646960992366 ], [ 616988.217061090515926, 2466762.331479950342327 ], [ 616753.060473405872472, 2466798.206057739909738 ] ] } },
{ "type": "Feature", "properties": { "route_name": "60_Madero - Blanco Palmas", "route_name_short": "Madero - Blanco Palmas", "route_type": 3 }, "geometry": { "type": "LineString", "coordinates": [ [ 615894.396378072560765, 2461883.953462824225426 ], [ 615807.113009456777945, 2461980.730170580558479 ], [ 615848.333153652842157, 2462119.425220684614033 ], [ 615985.647149145486765, 2462085.019216829910874 ], [ 615956.859580488409847, 2461937.559382572770119 ], [ 615900.645060094306245, 2461875.143061507027596 ], [ 616025.364652860327624, 2461733.254005740396678 ], [ 616066.435511621180922, 2461615.099100440274924 ], [ 616064.135468942578882, 2461508.799464226700366 ], [ 616986.420536882593296, 2461516.801786329131573 ], [ 617065.094612445682287, 2461744.350715904962271 ], [ 617248.099167712498456, 2462075.646512558683753 ], [ 617336.140235200757161, 2462289.982413621619344 ], [ 617408.317521976307034, 2462421.165761529002339 ], [ 617446.585597680299543, 2462402.633228310383856 ], [ 617527.344011632842012, 2462352.314889303408563 ], [ 617590.418266529333778, 2462324.005789227318019 ], [ 617699.921416475204751, 2462288.297783368267119 ], [ 617792.644969464628957, 2462291.212745678145438 ], [ 617910.484641522052698, 2462243.390921022277325 ], [ 618063.360536013846286, 2462195.835388869047165 ], [ 617907.057606190093793, 2461742.948165375739336 ], [ 617991.540561210131273, 2461745.801795964129269 ], [ 618494.544592842576094, 2461461.767362154554576 ], [ 618327.051412813016213, 2461397.38920642901212 ], [ 618988.749421284999698, 2460982.828017550520599 ], [ 620029.060197405633517, 2460390.742021572310477 ], [ 620116.470637019723654, 2460549.733707332983613 ], [ 620116.470637019723654, 2460549.733707332983613 ], [ 619887.710351372603327, 2460678.613658444490284 ], [ 619084.402225544443354, 2461142.98367340490222 ], [ 618803.905957936774939, 2461301.375749627593905 ], [ 618494.544592842576094, 2461461.767362154554576 ], [ 618224.407341409591027, 2461614.712467628531158 ], [ 618072.245448297820985, 2461703.235458799637854 ], [ 618221.448521991842426, 2462140.571025532670319 ], [ 617910.484641522052698, 2462243.390921022277325 ], [ 617792.644969464628957, 2462291.212745678145438 ], [ 617699.921416475204751, 2462288.297783368267119 ], [ 617590.418266529333778, 2462324.005789227318019 ], [ 617527.344011632842012, 2462352.314889303408563 ], [ 617446.585597680299543, 2462402.633228310383856 ], [ 617408.317521976307034, 2462421.165761529002339 ], [ 617336.140235200757161, 2462289.982413621619344 ], [ 617248.099167712498456, 2462075.646512558683753 ], [ 617065.094612445682287, 2461744.350715904962271 ], [ 616986.420536882593296, 2461516.801786329131573 ], [ 616064.135468942578882, 2461508.799464226700366 ], [ 616066.435511621180922, 2461615.099100440274924 ], [ 616025.364652860327624, 2461733.254005740396678 ], [ 615893.349443042301573, 2461886.159895267337561 ], [ 615956.859580488409847, 2461937.559382572770119 ], [ 615985.647149145486765, 2462085.019216829910874 ], [ 615848.333153652842157, 2462119.425220684614033 ], [ 615804.013395554502495, 2461981.814244445413351 ], [ 615893.341209993581288, 2461887.266943270806223 ] ] } },
{ "type": "Feature", "properties": { "route_name": "61_Obrera - Penal", "route_name_short": "Obrera - Penal", "route_type": 3 }, "geometry": { "type": "LineString", "coordinates": [ [ 619804.330992539878935, 2460933.718084134627134 ], [ 619728.744239983847365, 2460979.636559382081032 ], [ 619045.078392765601166, 2459814.140224571805447 ], [ 618967.32630150730256, 2459873.331392682157457 ], [ 618879.420617068186402, 2459912.517405892722309 ], [ 618796.141740605700761, 2459750.243743788916618 ], [ 618695.657411922700703, 2459410.701053656172007 ], [ 618873.391605190234259, 2459351.162865572609007 ], [ 618823.935472538112663, 2459213.503619560506195 ], [ 619107.019355835393071, 2459125.985552328173071 ], [ 618890.378119945642538, 2458474.455880479421467 ], [ 618483.969428126001731, 2457290.074855446815491 ], [ 618403.989889936055988, 2457097.937723512295634 ], [ 618311.90549305640161, 2457142.631444325204939 ], [ 618145.468864543945529, 2456795.95265039568767 ], [ 618143.39886726019904, 2456797.044104104861617 ], [ 618058.529236196423881, 2456841.793932164087892 ], [ 618095.010550830047578, 2456925.10306121269241 ], [ 618272.945848334347829, 2456842.308999051339924 ], [ 618483.969428126001731, 2457290.074855446815491 ], [ 618890.378119945642538, 2458474.455880479421467 ], [ 619107.019355835393071, 2459125.985552328173071 ], [ 618823.935472538112663, 2459213.503619560506195 ], [ 618873.391605190234259, 2459351.162865572609007 ], [ 618695.657411922700703, 2459410.701053656172007 ], [ 618796.141740605700761, 2459750.243743788916618 ], [ 618879.420617068186402, 2459912.517405892722309 ], [ 618967.32630150730256, 2459873.331392682157457 ], [ 619045.078392765601166, 2459814.140224571805447 ], [ 619262.667229082318954, 2460203.29420632077381 ], [ 619198.474491930566728, 2460241.552619347348809 ], [ 619511.712425149511546, 2460789.760633632075042 ], [ 619669.087112648179755, 2460695.755263944156468 ], [ 619807.388593187439255, 2460938.17007164331153 ], [ 619726.66615567158442, 2460981.834845046512783 ] ] } },
{ "type": "Feature", "properties": { "route_name": "59_Águila - Madero", "route_name_short": "Águila - Madero", "route_type": 3 }, "geometry": { "type": "LineString", "coordinates": [ [ 616163.149223585147411, 2460668.134085915051401 ], [ 616250.35805583698675, 2460720.818175755441189 ], [ 616292.182685796287842, 2460640.311102708801627 ], [ 616727.446328413672745, 2460869.414150400552899 ], [ 616854.793344359844923, 2460929.045033646281809 ], [ 617101.548034308827482, 2461007.287277383264154 ], [ 618129.621739522670396, 2461339.42872557323426 ], [ 618323.934676049975678, 2461400.68689937191084 ], [ 620026.999037228990346, 2460390.726156768854707 ], [ 620118.548832887550816, 2460547.53546947799623 ], [ 620118.548832887550816, 2460547.53546947799623 ], [ 619994.301131329732016, 2460621.863201924599707 ], [ 618493.530920538818464, 2461459.54541907645762 ], [ 618129.621739522670396, 2461339.42872557323426 ], [ 617101.548034308827482, 2461007.287277383264154 ], [ 616854.793344359844923, 2460929.045033646281809 ], [ 616201.824098426382989, 2460595.353087723720819 ], [ 616164.179773711366579, 2460668.141763719730079 ] ] } },
{ "type": "Feature", "properties": { "route_name": "63_Seguro Social - Lomas de Infonavit", "route_name_short": "Seguro Social - Lomas de Infonavit", "route_type": 3 }, "geometry": { "type": "LineString", "coordinates": [ [ 614448.855312874307856, 2463949.092325721401721 ], [ 614631.280478188884445, 2463942.684664932545274 ], [ 614865.435957152047195, 2464047.371512017212808 ], [ 614963.782872962532565, 2464124.4879330242984 ], [ 615013.148171911132522, 2464137.030757253989577 ], [ 615160.557272889185697, 2464128.156519546639174 ], [ 615268.707921012188308, 2464133.385364672169089 ], [ 615379.378636048873886, 2464076.635474214330316 ], [ 615606.57293744571507, 2463869.07698528515175 ], [ 616010.333889161120169, 2463751.404989785514772 ], [ 615940.286856074584648, 2463471.891132348682731 ], [ 615996.462858093902469, 2463261.958297917153686 ], [ 616036.846179566928186, 2463097.299534672405571 ], [ 616031.736383924959227, 2462814.948139070998877 ], [ 615956.870638363063335, 2462628.396083038300276 ], [ 615796.800160174956545, 2461981.760640772525221 ], [ 615752.26306072215084, 2461734.54451174242422 ], [ 615773.585528784082271, 2461499.995904588140547 ], [ 615826.681479607941583, 2461288.932691644877195 ], [ 616028.839960690122098, 2460712.525475341826677 ], [ 616126.956355075351894, 2460546.082551473751664 ], [ 616480.054292245069519, 2460738.032007691450417 ], [ 616728.51002120168414, 2460864.993670159950852 ], [ 616878.43755216349382, 2460936.972056054975837 ], [ 617121.119797167135403, 2461008.541415329556912 ], [ 617659.873128869687207, 2461177.558347490150481 ], [ 617722.196467915433459, 2460566.901533412281424 ], [ 617741.927604723023251, 2460547.1224520127289 ], [ 617963.380962467286736, 2460428.12066209455952 ], [ 617963.380962467286736, 2460428.12066209455952 ], [ 617982.23333621956408, 2460660.757505293469876 ], [ 618029.027153215603903, 2460741.931099987123162 ], [ 617995.085970081505366, 2461005.167756770271808 ], [ 618068.219539007055573, 2461146.325232059694827 ], [ 618120.363913485314697, 2461337.144333784934133 ], [ 617654.58683569310233, 2461195.232286555692554 ], [ 617121.119797167135403, 2461008.541415329556912 ], [ 616878.43755216349382, 2460936.972056054975837 ], [ 616728.51002120168414, 2460864.993670159950852 ], [ 616480.054292245069519, 2460738.032007691450417 ], [ 616126.956355075351894, 2460546.082551473751664 ], [ 616028.839960690122098, 2460712.525475341826677 ], [ 615826.681479607941583, 2461288.932691644877195 ], [ 615773.585528784082271, 2461499.995904588140547 ], [ 615752.26306072215084, 2461734.54451174242422 ], [ 615796.800160174956545, 2461981.760640772525221 ], [ 615956.870638363063335, 2462628.396083038300276 ], [ 616031.736383924959227, 2462814.948139070998877 ], [ 616036.846179566928186, 2463097.299534672405571 ], [ 615996.462858093902469, 2463261.958297917153686 ], [ 615940.286856074584648, 2463471.891132348682731 ], [ 616010.333889161120169, 2463751.404989785514772 ], [ 615606.57293744571507, 2463869.07698528515175 ], [ 615379.378636048873886, 2464076.635474214330316 ], [ 615268.707921012188308, 2464133.385364672169089 ], [ 615160.557272889185697, 2464128.156519546639174 ], [ 615013.148171911132522, 2464137.030757253989577 ], [ 614963.782872962532565, 2464124.4879330242984 ], [ 614865.435957152047195, 2464047.371512017212808 ], [ 614685.790062419953756, 2463956.37139039253816 ], [ 614445.764328656136058, 2463949.069603979587555 ] ] } },
{ "type": "Feature", "properties": { "route_name": "64_Madero - Barra", "route_name_short": "Madero - Barra", "route_type": 3 }, "geometry": { "type": "LineString", "coordinates": [ [ 624993.877403069054708, 2462554.355810877867043 ], [ 624082.061401024926454, 2462400.924181556794792 ], [ 624064.921674323966727, 2462482.716133289504796 ], [ 623746.757633708533831, 2462449.185823085717857 ], [ 622807.914334632456303, 2461931.367443191818893 ], [ 621731.500563085195608, 2461338.35656258976087 ], [ 621679.038970654364675, 2461325.76851414097473 ], [ 621611.778567517059855, 2461360.671779641881585 ], [ 621425.737097295001149, 2461561.826118085999042 ], [ 620246.877366706030443, 2460478.775756178423762 ], [ 620039.842003579717129, 2460596.74990203930065 ], [ 619905.6374616837129, 2460357.685964605305344 ], [ 619824.937337736715563, 2460398.029182223603129 ], [ 619912.32421027449891, 2460560.34080276498571 ], [ 619912.32421027449891, 2460560.34080276498571 ], [ 619986.857379478984512, 2460517.736361989285797 ], [ 620248.915281966794282, 2460348.150868512690067 ], [ 620312.367326499777846, 2460406.210724305361509 ], [ 620432.081642536097206, 2460518.954393112566322 ], [ 621388.832645464572124, 2461404.326262104790658 ], [ 621606.738242695340887, 2461346.23976388387382 ], [ 621679.038970654364675, 2461325.76851414097473 ], [ 621731.500563085195608, 2461338.35656258976087 ], [ 622807.914334632456303, 2461931.367443191818893 ], [ 623746.757633708533831, 2462449.185823085717857 ], [ 624064.921674323966727, 2462482.716133289504796 ], [ 624075.869826017180458, 2462401.982013448141515 ], [ 624990.732753215124831, 2462560.973450894933194 ] ] } },
{ "type": "Feature", "properties": { "route_name": "62_Obrera - Madero", "route_name_short": "Obrera - Madero", "route_type": 3 }, "geometry": { "type": "LineString", "coordinates": [ [ 619938.225020234240219, 2460944.711684880778193 ], [ 619624.401550479466096, 2461281.079950071405619 ], [ 619528.228761228499934, 2461189.558188755996525 ], [ 619396.049444534932263, 2460954.942632959224284 ], [ 619237.631600926164538, 2461051.156819019000977 ], [ 618837.03511156165041, 2460335.113493743818253 ], [ 618711.812426291755401, 2460402.801046551670879 ], [ 618801.852013278519735, 2460353.666430124081671 ], [ 618634.063451850553975, 2460055.681622112169862 ], [ 618497.136286284192465, 2459764.576172410044819 ], [ 618404.854304537759162, 2459565.701674092561007 ], [ 618529.939030516776256, 2459516.831361254677176 ], [ 618631.627765249460936, 2459291.752590851392597 ], [ 618686.568889717455022, 2459115.03183939633891 ], [ 618770.209868225036189, 2458959.564879927784204 ], [ 618845.227589576970786, 2458853.852870939765126 ], [ 618865.856090042856522, 2458716.727551038376987 ], [ 618256.024105627089739, 2457443.342726981732994 ], [ 618185.84783215157222, 2457317.70774524146691 ], [ 618186.87023092713207, 2457318.822595286183059 ], [ 617926.978610043879598, 2456788.765947046224028 ], [ 618021.980590553372167, 2456767.341293764766306 ], [ 618068.820584464119747, 2456844.085946557112038 ], [ 618270.748900295933709, 2457268.530491235200316 ], [ 618186.87023092713207, 2457318.822595286183059 ], [ 618865.856090042856522, 2458716.727551038376987 ], [ 618845.227589576970786, 2458853.852870939765126 ], [ 618770.209868225036189, 2458959.564879927784204 ], [ 618686.568889717455022, 2459115.03183939633891 ], [ 618631.627765249460936, 2459291.752590851392597 ], [ 618529.939030516776256, 2459516.831361254677176 ], [ 618404.854304537759162, 2459565.701674092561007 ], [ 618497.136286284192465, 2459764.576172410044819 ], [ 618634.063451850553975, 2460055.681622112169862 ], [ 618801.852013278519735, 2460353.666430124081671 ], [ 618711.812426291755401, 2460402.801046551670879 ], [ 618837.03511156165041, 2460335.113493743818253 ], [ 619147.13242052833084, 2460891.039570865221322 ], [ 619302.383328944211826, 2460804.764278478454798 ], [ 619396.049444534932263, 2460954.942632959224284 ], [ 619528.228761228499934, 2461189.558188755996525 ], [ 619616.148895363789052, 2461282.123742002993822 ], [ 619926.872013263404369, 2460946.838594628497958 ] ] } },
{ "type": "Feature", "properties": { "route_name": "65_Águila", "route_name_short": "Águila", "route_type": 3 }, "geometry": { "type": "LineString", "coordinates": [ [ 617711.785580604919232, 2456891.21101238951087 ], [ 617842.134675089386292, 2456830.195782927330583 ], [ 618056.321401628782041, 2457270.229284498374909 ], [ 617162.555043934145942, 2457686.413402892649174 ], [ 617155.015819141408429, 2457729.534066800028086 ], [ 617139.54776350967586, 2458005.088096723891795 ], [ 616999.838705113739707, 2458353.886716750916094 ], [ 616221.150508200749755, 2460353.040329567156732 ], [ 616087.333598668104969, 2460607.785578723531216 ], [ 615952.432700495468453, 2460870.273516864981502 ], [ 615770.461155278375372, 2461504.401130347512662 ], [ 616065.149475487414747, 2461511.021233979146928 ], [ 616065.396780124632642, 2461616.198474428150803 ], [ 616065.396780124632642, 2461616.198474428150803 ], [ 616022.289698248845525, 2461731.016894299071282 ], [ 615747.135334994993173, 2461731.185101520270109 ], [ 615770.461155278375372, 2461504.401130347512662 ], [ 615952.432700495468453, 2460870.273516864981502 ], [ 616087.333598668104969, 2460607.785578723531216 ], [ 616221.150508200749755, 2460353.040329567156732 ], [ 616999.838705113739707, 2458353.886716750916094 ], [ 617139.54776350967586, 2458005.088096723891795 ], [ 617155.015819141408429, 2457729.534066800028086 ], [ 617208.847135541960597, 2457561.657566213514656 ], [ 617750.901699573500082, 2457308.886383219156414 ], [ 617572.135347973555326, 2456955.47858626069501 ], [ 617842.134675089386292, 2456830.195782927330583 ] ] } },
{ "type": "Feature", "properties": { "route_name": "67_Central Camionera - Madero", "route_name_short": "Central Camionera - Madero", "route_type": 3 }, "geometry": { "type": "LineString", "coordinates": [ [ 617671.573842449928634, 2460992.758489561267197 ], [ 617728.446704182424583, 2460558.091807504650205 ], [ 617968.533819294651039, 2460428.15964319370687 ], [ 617977.373729882994667, 2460621.97169455839321 ], [ 618030.049323502345942, 2460743.045953662600368 ], [ 618001.470276369713247, 2460978.645296510774642 ], [ 618103.946135329431854, 2460919.637003646232188 ], [ 618103.946135329431854, 2460919.637003646232188 ], [ 618128.018755459575914, 2460734.930973896756768 ], [ 618438.496169300051406, 2460564.576082848478109 ], [ 618481.207830318948254, 2460640.184541387017816 ], [ 619121.940430718706921, 2460276.395648651756346 ], [ 619207.265553665696643, 2460439.794239540118724 ], [ 619345.627348291687667, 2460675.562114364467561 ], [ 619388.300499879522249, 2460755.601505239028484 ], [ 619545.674708632053807, 2460661.594912075903267 ], [ 619590.365560127655044, 2460747.185986058786511 ], [ 619590.365560127655044, 2460747.185986058786511 ], [ 619745.688556370092556, 2460652.058486895170063 ], [ 619564.616852671955712, 2460341.782111774664372 ], [ 619249.990911998320371, 2460513.190836845897138 ], [ 619207.265553665696643, 2460439.794239540118724 ], [ 619121.940430718706921, 2460276.395648651756346 ], [ 618481.207830318948254, 2460640.184541387017816 ], [ 618438.496169300051406, 2460564.576082848478109 ], [ 618128.018755459575914, 2460734.930973896756768 ], [ 618103.946135329431854, 2460919.637003646232188 ], [ 618103.946135329431854, 2460919.637003646232188 ], [ 618001.470276369713247, 2460978.645296510774642 ], [ 618030.049323502345942, 2460743.045953662600368 ], [ 617977.373729882994667, 2460621.97169455839321 ], [ 617963.355838629999198, 2460431.441817359533161 ], [ 617729.452190759009682, 2460561.420742303133011 ], [ 617665.407354690250941, 2460990.497716798912734 ] ] } },
{ "type": "Feature", "properties": { "route_name": "66_Madero - El Blanco", "route_name_short": "Madero - El Blanco", "route_type": 3 }, "geometry": { "type": "LineString", "coordinates": [ [ 619730.350186438648961, 2463854.850686953868717 ], [ 620016.622205098625273, 2462942.568130180239677 ], [ 620206.956787596107461, 2462314.080933486111462 ], [ 620037.044400792219676, 2462164.41617605695501 ], [ 620286.440693524549715, 2461896.200729247648269 ], [ 619805.484729528427124, 2461454.07477948628366 ], [ 620026.145073412102647, 2460903.317623284179717 ], [ 620065.042573097278364, 2460803.976006791461259 ], [ 620080.83339201612398, 2460760.919797769282013 ], [ 620140.871653258451261, 2460593.099511489737779 ], [ 620025.951415332965553, 2460392.932339047081769 ], [ 619795.137093244004063, 2460520.690775270573795 ], [ 620026.145073412102647, 2460903.317623284179717 ], [ 619805.484729528427124, 2461454.07477948628366 ], [ 620286.440693524549715, 2461896.200729247648269 ], [ 620037.044400792219676, 2462164.41617605695501 ], [ 620145.471051796106622, 2462269.321653454564512 ], [ 619658.31927686999552, 2463842.118558991700411 ] ] } },
{ "type": "Feature", "properties": { "route_name": "68_Madero", "route_name_short": "Madero", "route_type": 3 }, "geometry": { "type": "LineString", "coordinates": [ [ 618507.605412952485494, 2456620.450973297469318 ], [ 618238.585530984564684, 2456751.265697376802564 ], [ 618219.184379522688687, 2456726.762393248267472 ], [ 618027.092830617213622, 2456772.915476869791746 ], [ 617925.922723733587191, 2456792.079306232742965 ], [ 617754.207137273158878, 2456870.495699168182909 ], [ 617970.440482856705785, 2457312.75759759452194 ], [ 618403.973103375174105, 2457100.151821398641914 ], [ 618321.778916486422531, 2456927.926483249757439 ], [ 618497.645503720617853, 2456846.226358106359839 ], [ 618836.417954072821885, 2457573.960132947657257 ], [ 618998.648266292409971, 2457928.365598294883966 ], [ 619491.654655465739779, 2458968.394183503463864 ], [ 619518.923156901379116, 2459041.672889285720885 ], [ 619559.564553133561276, 2459118.375486338976771 ], [ 619515.118860858608969, 2459134.641769811045378 ], [ 619153.415227184072137, 2459259.193955646827817 ], [ 619264.19723222637549, 2459598.818739359732717 ], [ 619307.896232120925561, 2459679.972594915423542 ], [ 619438.180189588107169, 2459894.643739932216704 ], [ 619880.479403658653609, 2460680.772306546103209 ], [ 620116.453581135254353, 2460551.94782278733328 ], [ 620116.453581135254353, 2460551.94782278733328 ], [ 620068.613514450262301, 2460474.080748836044222 ], [ 619840.925699523766525, 2460597.434059519786388 ], [ 619438.180189588107169, 2459894.643739932216704 ], [ 619307.896232120925561, 2459679.972594915423542 ], [ 619264.19723222637549, 2459598.818739359732717 ], [ 619171.459603175753728, 2459325.758866385091096 ], [ 619457.68659580196254, 2459231.628443415742368 ], [ 619435.512177870376036, 2459166.138653257861733 ], [ 619559.564553133561276, 2459118.375486338976771 ], [ 619518.923156901379116, 2459041.672889285720885 ], [ 619491.654655465739779, 2458968.394183503463864 ], [ 619243.064854788128287, 2458452.789880475960672 ], [ 619343.390386509825476, 2458408.164863893762231 ], [ 619097.962440741364844, 2457881.516947669908404 ], [ 618933.604783485876396, 2457535.951092235278338 ], [ 618709.315002092160285, 2457072.577739279717207 ], [ 618801.367376795620658, 2457032.314493659418076 ], [ 618716.076214076718315, 2456861.170437997672707 ], [ 618630.275210884166881, 2456892.624795728828758 ], [ 618501.378474160446785, 2456625.93929454497993 ], [ 618243.739606227260083, 2456751.304714047815651 ], [ 618219.184379522688687, 2456726.762393248267472 ] ] } },
{ "type": "Feature", "properties": { "route_name": "69_Madero - Candelario Garza", "route_name_short": "Madero - Candelario Garza", "route_type": 3 }, "geometry": { "type": "LineString", "coordinates": [ [ 620101.886640059528872, 2460837.473491309676319 ], [ 620265.613363084266894, 2460989.304513334762305 ], [ 619942.491614938015118, 2461327.809237240813673 ], [ 619828.164441551314667, 2461453.141998576000333 ], [ 619819.826753667439334, 2461465.256259369663894 ], [ 620353.973661010502838, 2461958.721209519077092 ], [ 620516.689404469798319, 2462106.119512169621885 ], [ 620601.721296016825363, 2462170.990789846982807 ], [ 620661.016705593559891, 2462232.341866183560342 ], [ 621117.280144726508297, 2462663.233905116096139 ], [ 620440.698784631909803, 2463404.192445234861225 ], [ 620494.915004725684412, 2463455.539755849633366 ], [ 620548.109061532770284, 2463505.772235795855522 ], [ 620824.309070183662698, 2463765.874099420383573 ], [ 620570.766751375515014, 2464039.583933148533106 ], [ 620750.561167175183073, 2464107.405208159703761 ], [ 620642.514701573876664, 2464354.564679324161261 ], [ 620489.131424482096918, 2464735.336490008048713 ], [ 620489.131424482096918, 2464735.336490008048713 ], [ 620642.514701573876664, 2464354.564679324161261 ], [ 620750.561167175183073, 2464107.405208159703761 ], [ 620570.766751375515014, 2464039.583933148533106 ], [ 620824.309070183662698, 2463765.874099420383573 ], [ 620548.109061532770284, 2463505.772235795855522 ], [ 620494.915004725684412, 2463455.539755849633366 ], [ 620440.698784631909803, 2463404.192445234861225 ], [ 621117.280144726508297, 2462663.233905116096139 ], [ 620661.016705593559891, 2462232.341866183560342 ], [ 620601.721296016825363, 2462170.990789846982807 ], [ 620516.689404469798319, 2462106.119512169621885 ], [ 620353.973661010502838, 2461958.721209519077092 ], [ 619819.826753667439334, 2461465.256259369663894 ], [ 619828.164441551314667, 2461453.141998576000333 ], [ 619942.491614938015118, 2461327.809237240813673 ], [ 620193.942694250727072, 2461061.821991356089711 ], [ 620039.499555005226284, 2460908.956058730836958 ], [ 620046.900911304401234, 2460884.656328676268458 ], [ 620060.340655121952295, 2460879.22420165175572 ], [ 620103.947741631534882, 2460837.489368745591491 ] ] } },
{ "type": "Feature", "properties": { "route_name": "70_Germinal por Boulevard", "route_name_short": "Germinal por Boulevard", "route_type": 3 }, "geometry": { "type": "LineString", "coordinates": [ [ 617670.184064130531624, 2467038.722236028406769 ], [ 618101.95918301853817, 2465937.08707845909521 ], [ 618207.141843083431013, 2465653.355472392868251 ], [ 618156.98025855072774, 2465610.903763714712113 ], [ 618938.368270773440599, 2463667.212403085082769 ], [ 618814.944977702805772, 2463367.347140917554498 ], [ 618654.867698346730322, 2462873.457773948088288 ], [ 618274.839831500314176, 2461759.020429914351553 ], [ 618127.585885406471789, 2461336.091946293599904 ], [ 618042.875577063066885, 2461090.777485162951052 ], [ 617999.241620627930388, 2461000.770746675785631 ], [ 618024.000100079458207, 2460725.286309947725385 ], [ 617974.315558553207666, 2460617.520094145555049 ], [ 617953.878454366116785, 2460185.590613785665482 ], [ 617986.69767413684167, 2460070.69893074221909 ], [ 618108.66892048495356, 2459887.841023444198072 ], [ 618158.298297251574695, 2459731.006570405792445 ], [ 618238.46984541893471, 2459624.223894398659468 ], [ 618523.721587059437297, 2459521.212586681358516 ], [ 618591.562704282579944, 2459409.909422309603542 ], [ 618723.130560547462665, 2459051.097250322345644 ], [ 618863.575481810607016, 2458745.495205788873136 ], [ 618710.855514189228415, 2458361.270741227082908 ], [ 617974.715999430976808, 2456883.230844912584871 ], [ 617932.166102837072685, 2456784.376672246027738 ], [ 618027.117926595499739, 2456769.594334261026233 ], [ 618027.117926595499739, 2456769.594334261026233 ], [ 618042.312397637986578, 2456805.13670394429937 ], [ 618139.762958559440449, 2457005.153533587697893 ], [ 618274.855254751397297, 2457270.775816762354225 ], [ 618186.886988359619863, 2457316.608498044312 ], [ 618710.855514189228415, 2458361.270741227082908 ], [ 618863.575481810607016, 2458745.495205788873136 ], [ 618723.130560547462665, 2459051.097250322345644 ], [ 618591.562704282579944, 2459409.909422309603542 ], [ 618523.721587059437297, 2459521.212586681358516 ], [ 618238.46984541893471, 2459624.223894398659468 ], [ 618158.298297251574695, 2459731.006570405792445 ], [ 618108.66892048495356, 2459887.841023444198072 ], [ 617986.69767413684167, 2460070.69893074221909 ], [ 617953.878454366116785, 2460185.590613785665482 ], [ 617974.315558553207666, 2460617.520094145555049 ], [ 618024.000100079458207, 2460725.286309947725385 ], [ 617999.241620627930388, 2461000.770746675785631 ], [ 618042.875577063066885, 2461090.777485162951052 ], [ 618127.585885406471789, 2461336.091946293599904 ], [ 618274.839831500314176, 2461759.020429914351553 ], [ 618654.867698346730322, 2462873.457773948088288 ], [ 618814.944977702805772, 2463367.347140917554498 ], [ 618965.039220345905051, 2463682.915870961733162 ], [ 618242.733282955246978, 2465579.448724885005504 ], [ 618207.141843083431013, 2465653.355472392868251 ], [ 617666.021640192484483, 2467044.22634518193081 ] ] } },
{ "type": "Feature", "properties": { "route_name": "71_Galeana por Sección 21", "route_name_short": "Galeana por Sección 21", "route_type": 3 }, "geometry": { "type": "LineString", "coordinates": [ [ 620184.283582932897843, 2459908.124735680874437 ], [ 620129.260380959953181, 2459959.735625056084245 ], [ 620074.101811366388574, 2459895.09778660396114 ], [ 620017.963270663633011, 2459823.809899300336838 ], [ 620001.541526376851834, 2459814.826575689949095 ], [ 619990.162146981456317, 2459820.274644529912621 ], [ 619835.523884783848189, 2459556.698098342865705 ], [ 619766.964323484222405, 2459491.958582018036395 ], [ 619714.220623701461591, 2459380.841699907556176 ], [ 619690.071142043569125, 2459304.265110720414668 ], [ 619662.778490675729699, 2459234.307191282045096 ], [ 619598.840052810264751, 2459104.283933239523321 ], [ 619553.389059247681871, 2459117.22104771528393 ], [ 619244.146308461320587, 2458446.155438146553934 ], [ 618754.239644804620184, 2457400.625047335401177 ], [ 618498.701510367682204, 2456842.913032011128962 ], [ 618319.708922566031106, 2456929.017913522198796 ], [ 618402.933917652117088, 2457101.251055241562426 ], [ 617969.418068965780549, 2457311.642762444447726 ], [ 617753.167985273059458, 2456871.594974572304636 ], [ 617753.167985273059458, 2456871.594974572304636 ], [ 617924.900270485202782, 2456790.964476330671459 ], [ 618219.217894584289752, 2456722.334201261866838 ], [ 618232.350361904711463, 2456757.861168024130166 ], [ 618501.378474160446785, 2456625.93929454497993 ], [ 618625.121176448417827, 2456892.585649359971285 ], [ 618712.045533269178122, 2456848.961554203182459 ], [ 618797.261025859974325, 2457030.069029719568789 ], [ 618708.275792085332796, 2457073.676953841000795 ], [ 619339.242156812804751, 2458411.454499078448862 ], [ 619246.156972013413906, 2458452.813504678197205 ], [ 619553.389059247681871, 2459117.22104771528393 ], [ 619598.840052810264751, 2459104.283933239523321 ], [ 619662.778490675729699, 2459234.307191282045096 ], [ 619690.071142043569125, 2459304.265110720414668 ], [ 619714.220623701461591, 2459380.841699907556176 ], [ 619766.964323484222405, 2459491.958582018036395 ], [ 619835.523884783848189, 2459556.698098342865705 ], [ 619990.162146981456317, 2459820.274644529912621 ], [ 620001.541526376851834, 2459814.826575689949095 ], [ 620017.963270663633011, 2459823.809899300336838 ], [ 620074.101811366388574, 2459895.09778660396114 ], [ 620128.255351579980925, 2459956.406516171991825 ], [ 620186.310686102835461, 2459912.568846917711198 ] ] } },
{ "type": "Feature", "properties": { "route_name": "73_Central Camionera por Perimetral", "route_name_short": "Central Camionera por Perimetral", "route_type": 3 }, "geometry": { "type": "LineString", "coordinates": [ [ 617679.664990331395529, 2460876.572522394359112 ], [ 617725.346659806091338, 2460559.175516351126134 ], [ 617961.294696356286295, 2460431.426225380040705 ], [ 617961.460997780435719, 2460136.934915515128523 ], [ 617973.266442806925625, 2460075.025787198450416 ], [ 617668.725026327883825, 2459867.90916032763198 ], [ 617584.169215973815881, 2459463.175356944557279 ], [ 617602.082219220348634, 2459411.276093406137079 ], [ 617778.569292747764848, 2459243.219188463874161 ], [ 617781.18215623893775, 2459170.169462502468377 ], [ 617768.142959120101295, 2459122.465188538189977 ], [ 617595.371948610176332, 2458934.060176404193044 ], [ 617536.210199995432049, 2458851.688181833829731 ], [ 617519.230642731999978, 2458779.598058263305575 ], [ 617636.310136616928503, 2458288.922685501165688 ], [ 617724.354813386918977, 2458232.016690688673407 ], [ 617551.12850558036007, 2457828.830050295218825 ], [ 617926.600770135526545, 2457657.845181310549378 ], [ 617580.390078896190971, 2456954.433620184659958 ], [ 617670.394943594234064, 2456911.93420228920877 ], [ 617696.803715288289823, 2456964.167347045615315 ], [ 617696.803715288289823, 2456964.167347045615315 ], [ 617733.311625110101886, 2457044.154426787048578 ], [ 617839.83254709164612, 2457271.915462397504598 ], [ 618112.03670475888066, 2457808.70703934552148 ], [ 617910.849203587742522, 2457832.649840123485774 ], [ 617835.053508497425355, 2457905.146922818850726 ], [ 617831.184193745139055, 2458008.079087461810559 ], [ 617881.985066724475473, 2458105.888459691777825 ], [ 617885.631418332108296, 2458169.021376395132393 ], [ 617807.892928024637513, 2458226.004288718104362 ], [ 617724.354813386918977, 2458232.016690688673407 ], [ 617636.310136616928503, 2458288.922685501165688 ], [ 617519.230642731999978, 2458779.598058263305575 ], [ 617536.210199995432049, 2458851.688181833829731 ], [ 617595.371948610176332, 2458934.060176404193044 ], [ 617768.142959120101295, 2459122.465188538189977 ], [ 617781.18215623893775, 2459170.169462502468377 ], [ 617778.569292747764848, 2459243.219188463874161 ], [ 617602.082219220348634, 2459411.276093406137079 ], [ 617584.169215973815881, 2459463.175356944557279 ], [ 617668.725026327883825, 2459867.90916032763198 ], [ 617973.266442806925625, 2460075.025787198450416 ], [ 617961.460997780435719, 2460136.934915515128523 ], [ 617961.294696356286295, 2460431.426225380040705 ], [ 617725.346659806091338, 2460559.175516351126134 ] ] } },
{ "type": "Feature", "properties": { "route_name": "72_Colonias", "route_name_short": "Colonias", "route_type": 3 }, "geometry": { "type": "LineString", "coordinates": [ [ 617459.330335397273302, 2461121.797375353984535 ], [ 617488.543376046116464, 2460800.954458776861429 ], [ 617469.300319234956987, 2460619.242830933537334 ], [ 617456.620241473079659, 2460523.935556289739907 ], [ 617172.218086665961891, 2460517.367408572230488 ], [ 617224.912195560522377, 2459128.338427607435733 ], [ 617383.574801498325542, 2459137.281052934937179 ], [ 617370.86103680729866, 2458909.120518808253109 ], [ 617380.072353428928182, 2458780.764938019681722 ], [ 617344.10833638405893, 2458628.820310091599822 ], [ 617343.435568660264835, 2458581.209500439465046 ], [ 617438.517440790077671, 2458547.604256010148674 ], [ 617313.872225225437433, 2458263.246634498238564 ], [ 617669.680901842773892, 2458100.965318548027426 ], [ 617553.173317837296054, 2457831.0596675388515 ], [ 617923.516868703300133, 2457656.714777407236397 ], [ 617578.328479592106305, 2456954.418099660426378 ], [ 617578.328479592106305, 2456954.418099660426378 ], [ 617840.048000923357904, 2456833.501369916368276 ], [ 618054.234733740449883, 2457273.53484387230128 ], [ 617157.33483656658791, 2457695.231099574826658 ], [ 617123.55524173611775, 2458075.823074046056718 ], [ 617188.5658279589843, 2458203.628556555137038 ], [ 617223.900945842498913, 2458302.42663291329518 ], [ 617279.483630556962453, 2458450.089793819468468 ], [ 617343.435568660264835, 2458581.209500439465046 ], [ 617205.779947925242595, 2458656.565693628042936 ], [ 617222.686261847964488, 2458738.618824640288949 ], [ 617122.120932418620214, 2459091.031850968953222 ], [ 617127.814673334243707, 2459293.675798871088773 ], [ 617115.929245964158326, 2459641.219342978205532 ], [ 617082.608981841593049, 2460510.051639460027218 ], [ 617077.979204814415425, 2460852.114519132301211 ], [ 617094.359266128856689, 2461003.911942988168448 ], [ 617461.358017062884755, 2461126.24111009016633 ] ] } },
{ "type": "Feature", "properties": { "route_name": "77_Madero - Universidad", "route_name_short": "Madero - Universidad", "route_type": 3 }, "geometry": { "type": "LineString", "coordinates": [ [ 617365.168823024607264, 2464181.155854990240186 ], [ 617834.066602085600607, 2463762.885630249977112 ], [ 617605.947834806866013, 2463133.425280761439353 ], [ 617826.040999160846695, 2463053.162040910683572 ], [ 617665.745125499903224, 2462583.639755401294678 ], [ 618145.12326151621528, 2462421.200122172478586 ], [ 618115.811209439300001, 2462345.693836493883282 ], [ 618439.18217150028795, 2462237.436772166751325 ], [ 618453.566434602369554, 2462243.081716469489038 ], [ 619056.926073725568131, 2461906.687025813851506 ], [ 619096.591831134166569, 2461840.562849469482899 ], [ 619188.002343278145418, 2461746.049258653540164 ], [ 619040.567617667140439, 2461619.817756379954517 ], [ 619013.065467287786305, 2461577.537140554282814 ], [ 618976.491468777996488, 2461508.616443044506013 ], [ 619375.986959762987681, 2461286.925392460543662 ], [ 619534.386448621167801, 2461192.926771505270153 ], [ 619599.547385286656208, 2461162.427148420829326 ], [ 619621.3074002743233, 2461147.094399084337056 ], [ 619571.405884586507455, 2461069.213013898581266 ], [ 619525.626010498963296, 2460991.363421578891575 ], [ 619761.643450543284416, 2460855.891532818321139 ], [ 619807.431130553013645, 2460932.634784916881472 ], [ 619875.839119242271408, 2461016.194861159194261 ], [ 619936.163933850941248, 2460944.695828700438142 ], [ 619879.867126883706078, 2460894.442302047275007 ], [ 619840.288503860821947, 2460814.425183918792754 ], [ 619792.507529637077823, 2460728.809561510570347 ], [ 619792.507529637077823, 2460728.809561510570347 ], [ 619634.101802187273279, 2460822.805800324305892 ], [ 619525.427239342243411, 2460882.863975835964084 ], [ 619395.001947139156982, 2460957.148853144608438 ], [ 619442.784261213382706, 2461042.763211039360613 ], [ 619534.386448621167801, 2461192.926771505270153 ], [ 619375.986959762987681, 2461286.925392460543662 ], [ 618976.491468777996488, 2461508.616443044506013 ], [ 619013.065467287786305, 2461577.537140554282814 ], [ 619040.567617667140439, 2461619.817756379954517 ], [ 619188.002343278145418, 2461746.049258653540164 ], [ 619096.591831134166569, 2461840.562849469482899 ], [ 619056.926073725568131, 2461906.687025813851506 ], [ 618453.566434602369554, 2462243.081716469489038 ], [ 618439.18217150028795, 2462237.436772166751325 ], [ 618272.833858300000429, 2462294.850453729741275 ], [ 618301.089614175609313, 2462373.670401426497847 ], [ 617665.745125499903224, 2462583.639755401294678 ], [ 617850.125534342252649, 2463138.592345350887626 ], [ 617633.183097061002627, 2463211.129171495791525 ], [ 617827.918009869987145, 2463758.410624843556434 ], [ 617957.433109927223995, 2463664.179005523212254 ], [ 617983.074608024558984, 2463679.872941137291491 ], [ 617824.743082666420378, 2463905.633408557157964 ], [ 617565.099345596623607, 2464039.846187936142087 ], [ 617388.83282247139141, 2464185.762749700341374 ] ] } },
{ "type": "Feature", "properties": { "route_name": "75_Morelos - Moralillo", "route_name_short": "Morelos - Moralillo", "route_type": 3 }, "geometry": { "type": "LineString", "coordinates": [ [ 613848.130741250934079, 2458306.223595327232033 ], [ 613986.450661485549062, 2458137.847169264685363 ], [ 614185.57226717134472, 2458112.73212307645008 ], [ 614324.872614033403806, 2458092.716843986418098 ], [ 614729.143415901809931, 2457924.082367244642228 ], [ 614883.467385378200561, 2457963.965798846911639 ], [ 616415.74257339828182, 2457339.838506566826254 ], [ 616388.382080099545419, 2457276.529550041537732 ], [ 616653.070942921331152, 2457170.008174726273865 ], [ 616695.647383366944268, 2457128.256233589258045 ], [ 616865.201580347726122, 2457061.990616178605705 ], [ 617007.666329064406455, 2457034.27254559379071 ], [ 617085.224771169014275, 2457001.640584902837873 ], [ 617787.272450873395428, 2456723.499409265816212 ], [ 617817.762695066980086, 2456781.299080225639045 ], [ 617817.762695066980086, 2456781.299080225639045 ], [ 617729.893370899138972, 2456813.849813526496291 ], [ 617738.987062864471227, 2456838.274774527177215 ], [ 617599.369587478227913, 2456898.113941805437207 ], [ 617489.404896013671532, 2456990.283503815066069 ], [ 617464.807314664125443, 2456971.277630279771984 ], [ 617402.584941293578595, 2457020.629663751926273 ], [ 617144.006119027966633, 2457136.041420442983508 ], [ 617081.084992679883726, 2457003.823764871805906 ], [ 617007.666329064406455, 2457034.27254559379071 ], [ 616865.201580347726122, 2457061.990616178605705 ], [ 616695.647383366944268, 2457128.256233589258045 ], [ 616653.070942921331152, 2457170.008174726273865 ], [ 616388.382080099545419, 2457276.529550041537732 ], [ 616415.74257339828182, 2457339.838506566826254 ], [ 614883.467385378200561, 2457963.965798846911639 ], [ 614729.143415901809931, 2457924.082367244642228 ], [ 614324.872614033403806, 2458092.716843986418098 ], [ 614185.57226717134472, 2458112.73212307645008 ], [ 613986.450661485549062, 2458137.847169264685363 ] ] } },
{ "type": "Feature", "properties": { "route_name": "76_Cascajal", "route_name_short": "Cascajal", "route_type": 3 }, "geometry": { "type": "LineString", "coordinates": [ [ 616300.872470537084155, 2458368.590824361890554 ], [ 616325.642333225114271, 2458364.346985799260437 ], [ 616337.1038359120721, 2458347.825814455747604 ], [ 616397.297447184566408, 2458292.919255318120122 ], [ 616567.250625601387583, 2457757.240723520051688 ], [ 616593.655793018289842, 2457672.190687900874764 ], [ 616618.798946339986287, 2457618.130246951710433 ], [ 616630.104151275940239, 2457622.643117501400411 ], [ 617664.586923360824585, 2457135.526605905499309 ], [ 617579.325942100840621, 2456958.85404612403363 ], [ 617756.260402206098661, 2456871.618289337027818 ], [ 617790.469014177913778, 2456846.412711024284363 ], [ 617783.386935076676309, 2456828.64554419182241 ], [ 617755.521719534415752, 2456832.863876015879214 ], [ 617755.521719534415752, 2456832.863876015879214 ], [ 617783.386935076676309, 2456828.64554419182241 ], [ 617712.085941682569683, 2456851.357327185105532 ], [ 617633.536183601245284, 2456878.443266338668764 ], [ 617525.79935316927731, 2456948.487186247017235 ], [ 617473.801382574718446, 2457008.98698257887736 ], [ 617449.62685788446106, 2457070.80326455226168 ], [ 617072.101739395293407, 2457239.570345246698707 ], [ 617142.145911766216159, 2457384.019670248962939 ], [ 616630.104151275940239, 2457622.643117501400411 ], [ 616618.798946339986287, 2457618.130246951710433 ], [ 616593.655793018289842, 2457672.190687900874764 ], [ 616567.250625601387583, 2457757.240723520051688 ], [ 616455.316109839477576, 2458115.107844584621489 ], [ 616395.682956969481893, 2458094.735161368735135 ], [ 616286.945750738261268, 2458300.953578917309642 ], [ 616296.733163427794352, 2458370.774194344412535 ], [ 616325.642333225114271, 2458364.346985799260437 ] ] } },
{ "type": "Feature", "properties": { "route_name": "74_Isleta Pérez", "route_name_short": "Isleta Pérez", "route_type": 3 }, "geometry": { "type": "LineString", "coordinates": [ [ 619069.867889706161804, 2456428.767549940850586 ], [ 619023.962718986906111, 2456500.380146199837327 ], [ 619072.285342424525879, 2456517.355121280066669 ], [ 619171.68495964712929, 2456595.611142880283296 ], [ 619361.398446045699529, 2456726.592167161405087 ], [ 619355.171229169587605, 2456732.080160556826741 ], [ 619065.002007924253121, 2456526.156520868651569 ], [ 619019.788775080349296, 2456506.991029134951532 ], [ 618921.794789126492105, 2456650.169518503826112 ], [ 618754.203794766799547, 2456727.499550509732217 ], [ 618057.970080346800387, 2457052.140811836812645 ], [ 617935.183308716630563, 2456794.363447472918779 ], [ 617844.171234607812949, 2456833.532478886656463 ], [ 617816.731883275322616, 2456781.291304781101644 ], [ 617911.892506209318526, 2456738.832089262083173 ], [ 618173.450911895837635, 2456640.061650521121919 ], [ 618355.437649081228301, 2456567.263015294447541 ], [ 618449.570347699918784, 2456524.799148664344102 ], [ 618546.594455613638274, 2456508.928462076466531 ], [ 618636.201178667368367, 2456519.572739705443382 ], [ 618698.585592613904737, 2456585.366313375066966 ], [ 618712.689057136769406, 2456628.650900629814714 ], [ 618777.74886136688292, 2456613.645891776308417 ], [ 618879.387786028906703, 2456668.667654571589082 ], [ 618921.794789126492105, 2456650.169518503826112 ], [ 619019.788775080349296, 2456506.991029134951532 ], [ 619029.167500733747147, 2456493.777118796017021 ], [ 619071.887376944883727, 2456434.318513915408403 ] ] } },
{ "type": "Feature", "properties": { "route_name": "78_Germinal por Águilas", "route_name_short": "Germinal por Águilas", "route_type": 3 }, "geometry": { "type": "LineString", "coordinates": [ [ 617669.262852833839133, 2467024.322673856280744 ], [ 617264.55084861908108, 2466867.375179269351065 ], [ 617094.515952669200487, 2467284.585190285928547 ], [ 617034.960977942566387, 2467258.672956770751625 ], [ 616490.968564411741681, 2467266.765429680235684 ], [ 616505.593002754379995, 2467652.152264836244285 ], [ 615855.368135906290263, 2467679.398420141078532 ], [ 615315.940619463915937, 2467629.995275446679443 ], [ 615176.769437425769866, 2467087.584896384272724 ], [ 615235.916803399799392, 2466890.957031772471964 ], [ 616052.979168758029118, 2465494.319061738438904 ], [ 616099.046842998825014, 2465257.740282796323299 ], [ 616028.72236094949767, 2464878.582823982462287 ], [ 616012.239289966411889, 2464740.070772498846054 ], [ 616106.797869569505565, 2464494.996722944546491 ], [ 616094.41470544191543, 2464083.058322593569756 ], [ 615935.192729149828665, 2463464.103426503017545 ], [ 616035.411650617723353, 2463151.537301569711417 ], [ 616037.90233704727143, 2462817.208291875664145 ], [ 615870.321163790300488, 2462349.867506947368383 ], [ 615762.090893722837791, 2461798.829808538313955 ], [ 615765.442895279149525, 2461625.038667406421155 ], [ 615800.474662601249292, 2461348.521821061614901 ], [ 616033.028056641574949, 2460703.699776340741664 ], [ 616287.265212815953419, 2460194.109564262442291 ], [ 616701.898443748475984, 2459187.522970176301897 ], [ 616992.457807369763032, 2458375.973568817134947 ], [ 617119.631684749387205, 2458049.223020707257092 ], [ 617148.898477716487832, 2457857.912778984755278 ], [ 617159.429564649122767, 2457690.818383659236133 ], [ 617218.173827383667231, 2457555.084929640870541 ], [ 617572.966312861768529, 2457392.793114725034684 ], [ 617490.781590638216585, 2457218.358346710912883 ], [ 617582.871283383108675, 2457172.552861668169498 ], [ 617581.807156994356774, 2457176.973287863191217 ], [ 617705.551884492742829, 2457444.719052667263895 ], [ 617514.235034989193082, 2457526.311282563023269 ], [ 617254.607740152394399, 2457645.034313099924475 ], [ 617159.429564649122767, 2457690.818383659236133 ], [ 617148.898477716487832, 2457857.912778984755278 ], [ 617119.631684749387205, 2458049.223020707257092 ], [ 616992.457807369763032, 2458375.973568817134947 ], [ 616701.898443748475984, 2459187.522970176301897 ], [ 616287.265212815953419, 2460194.109564262442291 ], [ 616033.028056641574949, 2460703.699776340741664 ], [ 615800.474662601249292, 2461348.521821061614901 ], [ 615765.442895279149525, 2461625.038667406421155 ], [ 615762.090893722837791, 2461798.829808538313955 ], [ 615870.321163790300488, 2462349.867506947368383 ], [ 616037.90233704727143, 2462817.208291875664145 ], [ 616035.411650617723353, 2463151.537301569711417 ], [ 615935.192729149828665, 2463464.103426503017545 ], [ 616094.41470544191543, 2464083.058322593569756 ], [ 616106.797869569505565, 2464494.996722944546491 ], [ 616012.239289966411889, 2464740.070772498846054 ], [ 616028.72236094949767, 2464878.582823982462287 ], [ 616099.046842998825014, 2465257.740282796323299 ], [ 616052.979168758029118, 2465494.319061738438904 ], [ 615235.916803399799392, 2466890.957031772471964 ], [ 615176.769437425769866, 2467087.584896384272724 ], [ 615246.481575355981477, 2467411.378668033052236 ], [ 615997.054201992112212, 2467466.78163741575554 ], [ 616493.786528000840917, 2467440.6041244934313 ], [ 616490.968564411741681, 2467266.765429680235684 ], [ 617034.960977942566387, 2467258.672956770751625 ], [ 617094.515952669200487, 2467284.585190285928547 ], [ 617264.525801123585552, 2466870.696352150291204 ], [ 617665.150695379707031, 2467023.184430017136037 ] ] } },
{ "type": "Feature", "properties": { "route_name": "79_MAUN", "route_name_short": "MAUN", "route_type": 3 }, "geometry": { "type": "LineString", "coordinates": [ [ 618732.93703010759782, 2469383.948740210849792 ], [ 618533.712245164671913, 2469304.9279914945364 ], [ 618340.031919516273774, 2469173.917157395277172 ], [ 618048.733820726629347, 2469011.167232450563461 ], [ 618196.558575360337272, 2468671.296341602690518 ], [ 618327.444950998644345, 2468392.189605044201016 ], [ 618443.78831480932422, 2468129.579857917036861 ], [ 618315.814315682742745, 2468025.64225663524121 ], [ 618587.054039929993451, 2467174.115134293213487 ], [ 618553.490398769034073, 2467117.395737269893289 ], [ 618579.691172423772514, 2467058.917885042261332 ], [ 618588.295341263175942, 2467011.377102749887854 ], [ 618642.859310526167974, 2466881.15252492018044 ], [ 618815.407887109555304, 2466950.004817844368517 ], [ 618845.865886645042337, 2466873.845865189097822 ], [ 618867.524373622960411, 2466870.690046101808548 ], [ 618878.04221313004382, 2466572.953433921094984 ], [ 619032.516521316603757, 2466580.777840483468026 ], [ 619053.15377216169145, 2466576.507313173264265 ], [ 619032.989692896255292, 2466249.750585020519793 ], [ 619002.400579809676856, 2466073.483433227986097 ], [ 618869.589282955857925, 2466061.39663490280509 ], [ 618938.254532781429589, 2465300.219267628155649 ], [ 618618.048844514880329, 2465271.203943037893623 ], [ 618624.745190011220984, 2465203.720450221560895 ], [ 618668.14264470548369, 2465187.444495829753578 ], [ 618606.714448025799356, 2465000.979418525937945 ], [ 619048.856207612436265, 2464849.358078765682876 ], [ 618900.719914653105661, 2464414.233026262372732 ], [ 619493.67372642934788, 2464216.169608728028834 ], [ 619389.723590843495913, 2463931.948018415365368 ], [ 619161.046615105005912, 2463922.446267553139478 ], [ 619107.621182203642093, 2463902.109234995208681 ], [ 619010.330754828057252, 2463823.866623348556459 ], [ 618941.982317592948675, 2463733.667383919935673 ], [ 618916.324883988592774, 2463720.185937246773392 ], [ 619095.17690417857375, 2463238.847164722159505 ], [ 618979.24457809922751, 2462902.503016457427293 ], [ 618887.454286562278867, 2462642.735715528950095 ], [ 618823.955891246907413, 2462456.25491823349148 ], [ 618758.428701887372881, 2462265.33055466786027 ], [ 619112.222968519548886, 2462087.57038129074499 ], [ 619202.195257223094814, 2462046.187771674245596 ], [ 619141.238982268609107, 2461931.688073453493416 ], [ 619691.965337401721627, 2461340.276101880706847 ], [ 619622.340510489768349, 2461281.064133336301893 ], [ 619934.085814459365793, 2460946.894088198430836 ], [ 619934.085814459365793, 2460946.894088198430836 ], [ 619986.24305714329239, 2460999.330219583120197 ], [ 619965.265944682061672, 2461046.7750921016559 ], [ 619940.345686079468578, 2461070.940058367792517 ], [ 619752.220069840666838, 2461277.632889762055129 ], [ 619691.965337401721627, 2461340.276101880706847 ], [ 619141.238982268609107, 2461931.688073453493416 ], [ 619202.195257223094814, 2462046.187771674245596 ], [ 619112.222968519548886, 2462087.57038129074499 ], [ 618758.428701887372881, 2462265.33055466786027 ], [ 618823.955891246907413, 2462456.25491823349148 ], [ 618887.454286562278867, 2462642.735715528950095 ], [ 618979.24457809922751, 2462902.503016457427293 ], [ 619095.17690417857375, 2463238.847164722159505 ], [ 618916.324883988592774, 2463720.185937246773392 ], [ 618941.982317592948675, 2463733.667383919935673 ], [ 619010.330754828057252, 2463823.866623348556459 ], [ 619107.621182203642093, 2463902.109234995208681 ], [ 619161.046615105005912, 2463922.446267553139478 ], [ 619389.723590843495913, 2463931.948018415365368 ], [ 619493.67372642934788, 2464216.169608728028834 ], [ 618900.719914653105661, 2464414.233026262372732 ], [ 619048.856207612436265, 2464849.358078765682876 ], [ 618606.714448025799356, 2465000.979418525937945 ], [ 618668.14264470548369, 2465187.444495829753578 ], [ 618624.745190011220984, 2465203.720450221560895 ], [ 618618.048844514880329, 2465271.203943037893623 ], [ 618938.254532781429589, 2465300.219267628155649 ], [ 618869.589282955857925, 2466061.39663490280509 ], [ 619002.400579809676856, 2466073.483433227986097 ], [ 619032.989692896255292, 2466249.750585020519793 ], [ 619053.15377216169145, 2466576.507313173264265 ], [ 619032.516521316603757, 2466580.777840483468026 ], [ 618878.04221313004382, 2466572.953433921094984 ], [ 618867.524373622960411, 2466870.690046101808548 ], [ 618845.865886645042337, 2466873.845865189097822 ], [ 618815.407887109555304, 2466950.004817844368517 ], [ 618642.859310526167974, 2466881.15252492018044 ], [ 618588.295341263175942, 2467011.377102749887854 ], [ 618579.691172423772514, 2467058.917885042261332 ], [ 618553.490398769034073, 2467117.395737269893289 ], [ 618587.054039929993451, 2467174.115134293213487 ], [ 618315.814315682742745, 2468025.64225663524121 ], [ 618443.78831480932422, 2468129.579857917036861 ], [ 618327.444950998644345, 2468392.189605044201016 ], [ 618196.558575360337272, 2468671.296341602690518 ], [ 618048.733820726629347, 2469011.167232450563461 ], [ 618340.031919516273774, 2469173.917157395277172 ], [ 618533.712245164671913, 2469304.9279914945364 ] ] } },
{ "type": "Feature", "properties": { "route_name": "81_Golfo", "route_name_short": "Golfo", "route_type": 3 }, "geometry": { "type": "LineString", "coordinates": [ [ 619611.892322904081084, 2458342.685979066416621 ], [ 619501.258413178729825, 2458387.230403279419988 ], [ 619520.438519770512357, 2458305.450505123939365 ], [ 619399.629307986120693, 2458063.174239920917898 ], [ 619490.647264042985626, 2458022.907315307762474 ], [ 619446.9863702415023, 2457936.218002364970744 ], [ 619536.974439640180208, 2457895.94342743139714 ], [ 619119.968579641194083, 2457023.67015372402966 ], [ 618990.492688533617184, 2456969.541641970630735 ], [ 618972.115329891908914, 2456946.152234379202127 ], [ 618802.423438784549944, 2457029.001185046508908 ], [ 618590.365541131235659, 2456582.330123397987336 ], [ 618236.515520810964517, 2456752.357139260042459 ], [ 618219.217894584289752, 2456722.334201261866838 ], [ 618033.311171574518085, 2456768.534023506101221 ], [ 617934.202650316874497, 2456787.7133803749457 ], [ 617755.246289418661036, 2456869.39642382832244 ], [ 617755.246289418661036, 2456869.39642382832244 ], [ 617880.021661815000698, 2457137.151276534888893 ], [ 618149.006641099695116, 2457009.65190558321774 ], [ 618319.700535901240073, 2456930.124962034635246 ], [ 618471.774499768391252, 2456859.315451601054519 ], [ 618670.429974161204882, 2456763.39759153034538 ], [ 618802.423438784549944, 2457029.001185046508908 ], [ 618972.115329891908914, 2456946.152234379202127 ], [ 618990.492688533617184, 2456969.541641970630735 ], [ 619119.968579641194083, 2457023.67015372402966 ], [ 619536.974439640180208, 2457895.94342743139714 ], [ 619446.9863702415023, 2457936.218002364970744 ], [ 619490.647264042985626, 2458022.907315307762474 ], [ 619399.629307986120693, 2458063.174239920917898 ], [ 619520.438519770512357, 2458305.450505123939365 ], [ 619504.401402945979498, 2458380.61175727751106 ], [ 619614.992949196952395, 2458341.602621629834175 ] ] } },
{ "type": "Feature", "properties": { "route_name": "80_Universidad", "route_name_short": "Universidad", "route_type": 3 }, "geometry": { "type": "LineString", "coordinates": [ [ 616738.201700242469087, 2464110.014782600104809 ], [ 617132.510943649336696, 2464427.397734425030649 ], [ 617386.838962460868061, 2464176.89077345887199 ], [ 617829.911689596949145, 2463767.282662368845195 ], [ 617596.883280138601549, 2463105.678908661473542 ], [ 617514.629430130822584, 2462808.350829509086907 ], [ 617415.522244216990657, 2462422.327173135709018 ], [ 617293.653202616027556, 2462184.486594494897872 ], [ 617141.099228136939928, 2461915.417343869339675 ], [ 617073.31351667153649, 2461747.733795767184347 ], [ 616982.306860077893361, 2461515.663797554560006 ], [ 616974.78570861951448, 2461419.288542811758816 ], [ 616891.289012481109239, 2461284.70156194223091 ], [ 616771.355502580408938, 2461061.273220940958709 ], [ 616724.338136361679062, 2460871.605101653840393 ], [ 616682.013323158724234, 2460605.581710023805499 ], [ 616757.371093937312253, 2460313.868602783419192 ], [ 616747.410483638406731, 2460130.01371986605227 ], [ 616824.678189807455055, 2459583.679918472655118 ], [ 616894.60721972421743, 2459329.568494679406285 ], [ 616965.295092840911821, 2459111.997646365314722 ], [ 617003.809882721747272, 2458924.077757983002812 ], [ 617062.781293931999244, 2458757.346477349754423 ], [ 616978.660392911639065, 2458429.011380909476429 ], [ 617131.25209304515738, 2458011.668503717519343 ], [ 617158.656973129254766, 2457793.773696928285062 ], [ 617929.253611062536947, 2457443.085614665411413 ], [ 617968.809560977737419, 2457528.631988966371864 ], [ 617880.860406287014484, 2457572.252203995361924 ], [ 617880.860406287014484, 2457572.252203995361924 ], [ 617785.704816788900644, 2457614.71141348592937 ], [ 617672.951865477487445, 2457667.002534988801926 ], [ 617148.516345074749552, 2457908.836918950546533 ], [ 617131.25209304515738, 2458011.668503717519343 ], [ 616978.660392911639065, 2458429.011380909476429 ], [ 616895.444028843892738, 2458667.523393697105348 ], [ 617056.647043383563869, 2458750.657805407419801 ], [ 617054.486038524657488, 2458763.926911141257733 ], [ 617198.531643445137888, 2458798.221352256368846 ], [ 617118.871076846960932, 2459112.042552078608423 ], [ 617132.020280736265704, 2459145.354568933602422 ], [ 617112.804138381150551, 2459645.624324372038245 ], [ 617105.282278910977766, 2459961.094520991668105 ], [ 617042.407397205126472, 2459961.729682195931673 ], [ 617031.885426573920995, 2459990.435614523012191 ], [ 616827.976433793897741, 2459968.978913836181164 ], [ 616818.512729938374832, 2460131.653251023497432 ], [ 616814.027861815644428, 2460317.614231316372752 ], [ 616801.682204503100365, 2460589.871014080476016 ], [ 616808.017000880558044, 2460707.27224118122831 ], [ 616852.748869748786092, 2460926.815486471634358 ], [ 617132.322547404677607, 2461026.339386512991041 ], [ 617123.470258461078629, 2461244.374108827207237 ], [ 616980.012708816211671, 2461272.081797716207802 ], [ 616974.78570861951448, 2461419.288542811758816 ], [ 616982.306860077893361, 2461515.663797554560006 ], [ 617073.31351667153649, 2461747.733795767184347 ], [ 617141.099228136939928, 2461915.417343869339675 ], [ 617293.653202616027556, 2462184.486594494897872 ], [ 617415.522244216990657, 2462422.327173135709018 ], [ 617514.629430130822584, 2462808.350829509086907 ], [ 617596.883280138601549, 2463105.678908661473542 ], [ 617829.945200454676524, 2463762.854440754279494 ], [ 618010.274988987017423, 2463625.830217550508678 ], [ 617849.538302866742015, 2463896.964118965435773 ], [ 617386.838962460868061, 2464176.89077345887199 ], [ 617128.373065712512471, 2464429.580831377301365 ], [ 616689.003375196945854, 2464075.325376894790679 ] ] } },
{ "type": "Feature", "properties": { "route_name": "82_Bellavista", "route_name_short": "Bellavista", "route_type": 3 }, "geometry": { "type": "LineString", "coordinates": [ [ 616058.406551034189761, 2459647.707924708258361 ], [ 616088.632231464842334, 2459602.541442612651736 ], [ 616126.673442749772221, 2459338.225998215842992 ], [ 616202.833490237011574, 2459214.797077306546271 ], [ 616226.958936926210299, 2459158.514317844994366 ], [ 616212.397925448953174, 2459037.731203917879611 ], [ 616177.726469561108388, 2458987.653213988989592 ], [ 616173.842846570187248, 2458955.518207509536296 ], [ 616202.091199669404887, 2458899.266106024384499 ], [ 616232.170204468420707, 2458874.026671088300645 ], [ 616374.073607496451586, 2458780.98018638882786 ], [ 616412.943579611950554, 2458682.737562380731106 ], [ 616472.931751033407636, 2458517.119073867797852 ], [ 616605.158252776716836, 2458478.250541300978512 ], [ 616642.346050365245901, 2458467.45734402583912 ], [ 616820.961504825507291, 2458014.87893175939098 ], [ 616874.39055888610892, 2457900.139630142599344 ], [ 616935.670790400938131, 2457975.881874757353216 ], [ 616983.891126156784594, 2458006.135076059494168 ], [ 617030.356901190360077, 2457995.412265620660037 ], [ 617131.268705986207351, 2458009.454410463571548 ], [ 617162.422123873373494, 2457704.126144204754382 ], [ 617131.268705986207351, 2458009.454410463571548 ], [ 617162.422123873373494, 2457704.126144204754382 ], [ 617198.281953059020452, 2457595.898628357797861 ], [ 617219.221208297996782, 2457552.878575262147933 ], [ 617751.957519864896312, 2457305.573013578075916 ], [ 617751.957519864896312, 2457305.573013578075916 ], [ 617620.955073667108081, 2457043.307825580239296 ], [ 617534.018471537507139, 2457089.151906608138233 ], [ 617701.462192936334759, 2457440.259783090557903 ], [ 617257.708313494338654, 2457643.950489548500627 ], [ 617210.127455704030581, 2457665.735399628989398 ], [ 617159.429564649122767, 2457690.818383659236133 ], [ 617157.351450835820287, 2457693.017006940674037 ], [ 617152.664209308917634, 2457905.546718501020223 ], [ 617189.089241334004328, 2457996.603050595149398 ], [ 617131.268705986207351, 2458009.454410463571548 ], [ 617030.356901190360077, 2457995.412265620660037 ], [ 616970.483361632446758, 2458007.141714824363589 ], [ 616882.614507016842254, 2458040.803913489449769 ], [ 616820.961504825507291, 2458014.87893175939098 ], [ 616642.346050365245901, 2458467.45734402583912 ], [ 616605.158252776716836, 2458478.250541300978512 ], [ 616472.931751033407636, 2458517.119073867797852 ], [ 616412.943579611950554, 2458682.737562380731106 ], [ 616374.073607496451586, 2458780.98018638882786 ], [ 616232.170204468420707, 2458874.026671088300645 ], [ 616202.091199669404887, 2458899.266106024384499 ], [ 616173.842846570187248, 2458955.518207509536296 ], [ 616177.726469561108388, 2458987.653213988989592 ], [ 616212.397925448953174, 2459037.731203917879611 ], [ 616226.958936926210299, 2459158.514317844994366 ], [ 616202.833490237011574, 2459214.797077306546271 ], [ 616126.673442749772221, 2459338.225998215842992 ], [ 616088.632231464842334, 2459602.541442612651736 ] ] } },
{ "type": "Feature", "properties": { "route_name": "84_Moralillo Veracruz.", "route_name_short": "Moralillo Veracruz.", "route_type": 3 }, "geometry": { "type": "LineString", "coordinates": [ [ 611544.150407421635464, 2457764.828481497243047 ], [ 611919.668100730632432, 2457864.939836399629712 ], [ 612425.859299049479887, 2457996.999573743436486 ], [ 612980.918672177591361, 2458069.646722586359829 ], [ 613841.809281820431352, 2458324.998141212388873 ], [ 613869.993486517807469, 2458276.491449368186295 ], [ 613969.878459550091065, 2458148.797138135414571 ], [ 614025.698544944403693, 2458127.062840821687132 ], [ 614205.123420298681594, 2458117.30354429082945 ], [ 614492.392462971620262, 2458019.768973972182721 ], [ 614501.912543646991253, 2457986.625822414178401 ], [ 614731.188598416862078, 2457926.311597694642842 ], [ 614864.946917708497494, 2457959.401112706400454 ], [ 616313.374686180381104, 2457382.252768395002931 ], [ 616280.901231231633574, 2457313.370406796690077 ], [ 616642.730041686911136, 2457174.359357814304531 ], [ 616689.446126474649645, 2457130.424108922481537 ], [ 616860.064195661572739, 2457059.737960286904126 ], [ 617013.875968602485955, 2457030.997747978195548 ], [ 617780.031699393992312, 2456726.76613833848387 ], [ 617847.263659895863384, 2456833.555811328813434 ], [ 617814.678610001690686, 2456780.168707117903978 ], [ 617769.180989691987634, 2456798.64645776944235 ], [ 617778.266283859149553, 2456824.178490542806685 ], [ 617778.266283859149553, 2456824.178490542806685 ], [ 617788.424096728325821, 2456844.183069445192814 ], [ 617791.449728072970174, 2456853.062766920309514 ], [ 617754.173751818016171, 2456874.923886873293668 ], [ 617698.326728516025469, 2456898.859351187478751 ], [ 617533.795819388353266, 2456981.7606355198659 ], [ 617509.720972580369562, 2457030.292277807369828 ], [ 617490.385724308434874, 2456996.933536471799016 ], [ 617458.65582863369491, 2456966.802929994184524 ], [ 617407.788849193486385, 2457014.026131521444768 ], [ 617141.919634436490014, 2457139.347093269228935 ], [ 617082.107488364330493, 2457004.938537714071572 ], [ 617004.557363384752534, 2457036.463467848021537 ], [ 616860.064195661572739, 2457059.737960286904126 ], [ 616689.446126474649645, 2457130.424108922481537 ], [ 616642.730041686911136, 2457174.359357814304531 ], [ 616280.901231231633574, 2457313.370406796690077 ], [ 616313.374686180381104, 2457382.252768395002931 ], [ 614864.946917708497494, 2457959.401112706400454 ], [ 614731.188598416862078, 2457926.311597694642842 ], [ 614501.912543646991253, 2457986.625822414178401 ], [ 614492.392462971620262, 2458019.768973972182721 ], [ 614205.123420298681594, 2458117.30354429082945 ], [ 614025.698544944403693, 2458127.062840821687132 ], [ 613969.878459550091065, 2458148.797138135414571 ], [ 613869.993486517807469, 2458276.491449368186295 ], [ 613841.809281820431352, 2458324.998141212388873 ], [ 612980.918672177591361, 2458069.646722586359829 ], [ 612425.859299049479887, 2457996.999573743436486 ], [ 611547.171406713896431, 2457774.81386074796319 ] ] } },
{ "type": "Feature", "properties": { "route_name": "85_Madero Polvorín", "route_name_short": "Madero Polvorín", "route_type": 3 }, "geometry": { "type": "LineString", "coordinates": [ [ 619179.502498528454453, 2463126.565668136812747 ], [ 619098.485710343695246, 2463345.156274880282581 ], [ 619315.243235685979016, 2463432.063996780198067 ], [ 619420.403159057023004, 2463156.089010477997363 ], [ 619631.004993814043701, 2463239.632486187852919 ], [ 619646.715995543985628, 2463206.539426860865206 ], [ 619830.577108760480769, 2463283.237536360509694 ], [ 619895.10967340064235, 2463065.630409093573689 ], [ 619707.337277986691333, 2462961.223494932521135 ], [ 619770.064137244131416, 2462844.350442229304463 ], [ 619810.718723371857777, 2462783.771206232253462 ], [ 619945.781629788107239, 2462640.884295785799623 ], [ 619712.187502287444659, 2462464.161826954223216 ], [ 619647.652244125492871, 2462413.84549571108073 ], [ 619728.68204111570958, 2462329.219418581575155 ], [ 619749.265535568469204, 2462332.698979353997856 ], [ 619783.568301295046695, 2462294.213310483377427 ], [ 619585.028308885288425, 2462114.441335706040263 ], [ 620400.742988615296781, 2461240.557833466678858 ], [ 620033.350373473134823, 2460904.480219786055386 ], [ 619926.20747830264736, 2460765.265298164449632 ], [ 619883.554061250062659, 2460683.010191954206675 ], [ 619837.808476942125708, 2460600.731468902900815 ], [ 619916.420943042030558, 2460563.693675980903208 ], [ 619916.420943042030558, 2460563.693675980903208 ], [ 619957.056015626643784, 2460640.397710046730936 ], [ 620002.834942599292845, 2460718.248590363655239 ], [ 620060.860686690895818, 2460811.693668071646243 ], [ 620033.350373473134823, 2460904.480219786055386 ], [ 620470.356681607896462, 2461300.880462930072099 ], [ 619649.471543603925966, 2462176.934967055451125 ], [ 619522.702296511037275, 2462313.245319720357656 ], [ 619572.880060990690254, 2462354.59389972826466 ], [ 619614.856488010729663, 2462390.344070795923471 ], [ 619647.652244125492871, 2462413.84549571108073 ], [ 619712.187502287444659, 2462464.161826954223216 ], [ 619945.781629788107239, 2462640.884295785799623 ], [ 619810.718723371857777, 2462783.771206232253462 ], [ 619770.064137244131416, 2462844.350442229304463 ], [ 619707.337277986691333, 2462961.223494932521135 ], [ 619895.10967340064235, 2463065.630409093573689 ], [ 619830.577108760480769, 2463283.237536360509694 ], [ 619646.715995543985628, 2463206.539426860865206 ], [ 619631.004993814043701, 2463239.632486187852919 ], [ 619420.403159057023004, 2463156.089010477997363 ], [ 619315.243235685979016, 2463432.063996780198067 ], [ 619098.485710343695246, 2463345.156274880282581 ] ] } },
{ "type": "Feature", "properties": { "route_name": "83_Tampico - Playa", "route_name_short": "Tampico - Playa", "route_type": 3 }, "geometry": { "type": "LineString", "coordinates": [ [ 624220.493797861039639, 2463779.312666345387697 ], [ 624061.18356651137583, 2463728.2210873067379 ], [ 623629.985372355207801, 2463658.363011442124844 ], [ 623497.277725250576623, 2463630.738561049569398 ], [ 622670.396581779699773, 2463166.955011109355837 ], [ 622161.591070971102454, 2462872.886626537889242 ], [ 620327.040825340547599, 2461175.775488669518381 ], [ 620001.684639549348503, 2460867.701380593702197 ], [ 619384.269558810861781, 2459801.232953953556716 ], [ 619266.233100572484545, 2459602.155661335214972 ], [ 618981.048296282882802, 2458749.711757561191916 ], [ 618662.55579688725993, 2457799.596269273664802 ], [ 618483.986227468121797, 2457287.860756674781442 ], [ 618402.925524435820989, 2457102.358104185201228 ], [ 618142.202806061482988, 2457227.701424350496382 ], [ 617925.947798415785655, 2456788.758164369501173 ], [ 617925.947798415785655, 2456788.758164369501173 ], [ 618217.122746326029301, 2456726.746789765078574 ], [ 618402.925524435820989, 2457102.358104185201228 ], [ 618483.986227468121797, 2457287.860756674781442 ], [ 618662.55579688725993, 2457799.596269273664802 ], [ 618981.048296282882802, 2458749.711757561191916 ], [ 619266.233100572484545, 2459602.155661335214972 ], [ 619384.269558810861781, 2459801.232953953556716 ], [ 620001.684639549348503, 2460867.701380593702197 ], [ 620327.040825340547599, 2461175.775488669518381 ], [ 622161.591070971102454, 2462872.886626537889242 ], [ 622670.396581779699773, 2463166.955011109355837 ], [ 623497.277725250576623, 2463630.738561049569398 ], [ 623629.985372355207801, 2463658.363011442124844 ], [ 624049.840656078071333, 2463729.23785911872983 ], [ 624225.654475477524102, 2463778.246695338282734 ] ] } },
{ "type": "Feature", "properties": { "route_name": "86_Águila Echeverría", "route_name_short": "Águila Echeverría", "route_type": 3 }, "geometry": { "type": "LineString", "coordinates": [ [ 614735.123447032528929, 2463973.34148753201589 ], [ 614901.374697923776694, 2464064.243339618202299 ], [ 614984.307465638848953, 2464135.710602056235075 ], [ 615254.275269451900385, 2464134.385616909712553 ], [ 615405.161315125296824, 2464073.505246933083981 ], [ 615555.774212641292252, 2463910.770079287700355 ], [ 615669.571524800732732, 2463849.616890731267631 ], [ 616019.60700094292406, 2463751.474083565175533 ], [ 615933.239142247708514, 2463449.696434767451137 ], [ 616049.235594837460667, 2463094.070509194396436 ], [ 616032.849255522713065, 2462803.885319728869945 ], [ 615941.636797826853581, 2462598.390718723647296 ], [ 615751.306583673809655, 2461724.57343105552718 ], [ 615770.674949547392316, 2461475.617903055623174 ], [ 615981.707720634294674, 2460814.028751865494996 ], [ 616109.420381121220998, 2460548.16617994941771 ], [ 616588.486972997896373, 2459467.880676473956555 ], [ 617058.612610946875066, 2458213.724551056977361 ], [ 617137.536146859289147, 2457998.43034832784906 ], [ 617159.479408206301741, 2457684.17610577121377 ], [ 617224.424871753901243, 2457546.274989565834403 ], [ 617750.935090637532994, 2457304.458193468395621 ], [ 617521.544983105151914, 2456828.887400833424181 ], [ 617618.724366025999188, 2456791.977191474288702 ], [ 617709.903735621483065, 2457004.122027258388698 ], [ 617534.043466233531944, 2457085.830766824539751 ], [ 617620.938398537458852, 2457045.521919131278992 ], [ 617531.981884555425495, 2457085.815251632127911 ], [ 617572.513423111988232, 2457179.117534419987351 ], [ 617621.374063786119223, 2457261.411593170370907 ], [ 617701.453848171979189, 2457441.366830557119101 ], [ 617609.398661274346523, 2457482.743384952191263 ], [ 617257.708313494338654, 2457643.950489548500627 ], [ 617159.479408206301741, 2457684.17610577121377 ], [ 617137.536146859289147, 2457998.43034832784906 ], [ 617058.612610946875066, 2458213.724551056977361 ], [ 616588.486972997896373, 2459467.880676473956555 ], [ 616109.420381121220998, 2460548.16617994941771 ], [ 615981.707720634294674, 2460814.028751865494996 ], [ 615770.674949547392316, 2461475.617903055623174 ], [ 615751.306583673809655, 2461724.57343105552718 ], [ 615941.636797826853581, 2462598.390718723647296 ], [ 616032.849255522713065, 2462803.885319728869945 ], [ 616049.235594837460667, 2463094.070509194396436 ], [ 615933.239142247708514, 2463449.696434767451137 ], [ 616019.60700094292406, 2463751.474083565175533 ], [ 615669.571524800732732, 2463849.616890731267631 ], [ 615555.774212641292252, 2463910.770079287700355 ], [ 615405.161315125296824, 2464073.505246933083981 ], [ 615254.275269451900385, 2464134.385616909712553 ], [ 614984.307465638848953, 2464135.710602056235075 ], [ 614846.973107270547189, 2464175.659850772004575 ], [ 614832.057343899039552, 2464102.48067963309586 ], [ 614855.173565514734946, 2464041.760257287416607 ], [ 614985.345959742553532, 2464134.611163766123354 ] ] } },
{ "type": "Feature", "properties": { "route_name": "87_Madero - Heriberto Kehoe - Las Flores", "route_name_short": "Madero - Heriberto Kehoe - Las Flores", "route_type": 3 }, "geometry": { "type": "LineString", "coordinates": [ [ 619661.107982632820494, 2466159.357399694621563 ], [ 619832.229897337849252, 2465611.538841275498271 ], [ 619866.374427524046041, 2465459.018111045006663 ], [ 619874.202010066714138, 2465245.40260962722823 ], [ 619988.518029020982794, 2465251.819358323235065 ], [ 620026.979172466672026, 2465207.830832949373871 ], [ 620068.567126921610907, 2463957.096687568817288 ], [ 620166.432760740630329, 2463960.06598810153082 ], [ 620165.496405884623528, 2463947.880354270339012 ], [ 620168.826691950438544, 2463916.906477726530284 ], [ 620098.788700820179656, 2463913.044680295977741 ], [ 620142.134910686057992, 2463770.559634489472955 ], [ 620166.422635585186072, 2463694.355253139510751 ], [ 621118.345006908872165, 2462658.813664538320154 ], [ 620811.464302307227626, 2462366.363055586349219 ], [ 620581.240521122934297, 2462154.225373733788729 ], [ 620410.230760003789328, 2462013.404996355064213 ], [ 619821.887770503526554, 2461465.272103345487267 ], [ 619830.285037501831539, 2461445.408437412232161 ], [ 620201.182055698474869, 2461058.556435274425894 ], [ 619980.273146479856223, 2460837.644262789282948 ], [ 619788.877127266256139, 2460530.606783297844231 ], [ 619947.303761944989674, 2460434.397853072267026 ], [ 619947.303761944989674, 2460434.397853072267026 ], [ 619902.5116679193452, 2460362.090419934596866 ], [ 619747.286868931958452, 2460443.931824561208487 ], [ 619980.273146479856223, 2460837.644262789282948 ], [ 620201.182055698474869, 2461058.556435274425894 ], [ 620394.576939042308368, 2461238.295958211645484 ], [ 620462.052623777301051, 2461308.566166699398309 ], [ 620084.809324757079594, 2461716.398573489394039 ], [ 620410.230760003789328, 2462013.404996355064213 ], [ 620581.240521122934297, 2462154.225373733788729 ], [ 620811.464302307227626, 2462366.363055586349219 ], [ 621118.345006908872165, 2462658.813664538320154 ], [ 620166.422635585186072, 2463694.355253139510751 ], [ 620142.134910686057992, 2463770.559634489472955 ], [ 620098.788700820179656, 2463913.044680295977741 ], [ 620168.826691950438544, 2463916.906477726530284 ], [ 620165.496405884623528, 2463947.880354270339012 ], [ 620166.432760740630329, 2463960.06598810153082 ], [ 620068.567126921610907, 2463957.096687568817288 ], [ 620026.979172466672026, 2465207.830832949373871 ], [ 619988.518029020982794, 2465251.819358323235065 ], [ 619874.202010066714138, 2465245.40260962722823 ], [ 619866.374427524046041, 2465459.018111045006663 ], [ 619832.229897337849252, 2465611.538841275498271 ] ] } },
{ "type": "Feature", "properties": { "route_name": "88_Altamira - Batería 7 Ampliación. Adolfo López Mateos", "route_name_short": "Altamira - Batería 7 Ampliación. Adolfo López Mateos", "route_type": 3 }, "geometry": { "type": "LineString", "coordinates": [ [ 611176.995320451795124, 2480100.187308248598129 ], [ 610905.020165601396002, 2480133.661089630797505 ], [ 610917.685315726906992, 2480233.392257824540138 ], [ 610614.828339233994484, 2480267.756523124407977 ], [ 610162.513652131892741, 2480332.0597536098212 ], [ 610008.034904593834653, 2480344.244748139288276 ], [ 609750.696142462664284, 2480491.875075806397945 ], [ 609633.510967113077641, 2479599.820067604072392 ], [ 609657.506240394781344, 2479554.598773094825447 ], [ 609653.844525625929236, 2479490.36047909874469 ], [ 609779.519223612966016, 2479476.859896865207702 ], [ 609723.630983530078083, 2479084.546598650980741 ], [ 609753.520259295357391, 2479079.223165196832269 ], [ 609738.795503925066441, 2478978.371772952377796 ], [ 609978.533986152266152, 2478848.328852443490177 ], [ 609276.269542837981135, 2478443.685304244514555 ], [ 609395.90162824804429, 2478121.255811829585582 ], [ 609312.993611883022822, 2477179.630122696515173 ], [ 609432.63515303330496, 2477148.369562046602368 ], [ 609450.483911893796176, 2477244.813941461034119 ], [ 609450.483911893796176, 2477244.813941461034119 ], [ 609383.469145429320633, 2477258.732519149780273 ], [ 609319.574080673279241, 2477268.244997607544065 ], [ 609395.90162824804429, 2478121.255811829585582 ], [ 609276.269542837981135, 2478443.685304244514555 ], [ 609978.533986152266152, 2478848.328852443490177 ], [ 609738.795503925066441, 2478978.371772952377796 ], [ 609753.520259295357391, 2479079.223165196832269 ], [ 609723.630983530078083, 2479084.546598650980741 ], [ 609779.519223612966016, 2479476.859896865207702 ], [ 609653.844525625929236, 2479490.36047909874469 ], [ 609657.506240394781344, 2479554.598773094825447 ], [ 609633.510967113077641, 2479599.820067604072392 ], [ 609750.696142462664284, 2480491.875075806397945 ], [ 610008.034904593834653, 2480344.244748139288276 ], [ 610162.513652131892741, 2480332.0597536098212 ], [ 610614.828339233994484, 2480267.756523124407977 ], [ 610917.685315726906992, 2480233.392257824540138 ], [ 610905.020165601396002, 2480133.661089630797505 ] ] } },
{ "type": "Feature", "properties": { "route_name": "88A_Altamira - Batería 7 - Los Presidentes", "route_name_short": "Altamira - Batería 7 - Los Presidentes", "route_type": 3 }, "geometry": { "type": "LineString", "coordinates": [ [ 612247.747953352285549, 2479211.160241037141532 ], [ 611976.874598679598421, 2479374.156717764679343 ], [ 611902.657298920210451, 2479246.300979831255972 ], [ 611869.759577143355273, 2479240.527352056000382 ], [ 611737.920480091474019, 2479251.752355798147619 ], [ 611662.7013131568674, 2479262.280136392451823 ], [ 611571.555441103409976, 2479340.227393813896924 ], [ 611539.815769943757914, 2479173.931096843909472 ], [ 611520.004025740548968, 2479066.398037982173264 ], [ 611604.463890776853077, 2479059.257557540200651 ], [ 611590.716505811782554, 2478967.26778526045382 ], [ 611280.675302345654927, 2478994.925742275081575 ], [ 611268.218099947553128, 2478866.410886947996914 ], [ 611209.809066246612929, 2478829.456009152811021 ], [ 611167.670154451509006, 2478820.296144409570843 ], [ 611026.492798672406934, 2478841.424252374563366 ], [ 611069.119592170929536, 2479212.613309558015317 ], [ 610916.607746243127622, 2479235.8750598304905 ], [ 610937.671743356855586, 2479456.341718579642475 ], [ 610740.911149066523649, 2479478.180529750883579 ], [ 610008.608492217725143, 2479540.486401346046478 ], [ 609963.682355850469321, 2479489.239732833579183 ], [ 609946.538794800173491, 2479439.297862396109849 ], [ 609954.772900042939, 2478860.338099755812436 ], [ 609944.652788684354164, 2478835.909749053884298 ], [ 609654.554212040267885, 2478664.462607078719884 ], [ 609877.930150014231913, 2478374.878362744115293 ], [ 609654.554212040267885, 2478664.462607078719884 ], [ 609274.289047564379871, 2478432.60024972865358 ], [ 609386.590303987730294, 2478127.83260894799605 ], [ 609311.956357294460759, 2477180.729901453945786 ], [ 609431.590060100075789, 2477150.576383088249713 ], [ 609450.51522853737697, 2477240.385741234291345 ], [ 609451.521172739099711, 2477243.71417167596519 ], [ 609355.643233254551888, 2477262.964296276681125 ], [ 609323.676159052294679, 2477270.488184100948274 ], [ 609386.590303987730294, 2478127.83260894799605 ], [ 609274.289047564379871, 2478432.60024972865358 ], [ 609654.554212040267885, 2478664.462607078719884 ], [ 609877.930150014231913, 2478374.878362744115293 ], [ 609654.554212040267885, 2478664.462607078719884 ], [ 609944.652788684354164, 2478835.909749053884298 ], [ 609954.772900042939, 2478860.338099755812436 ], [ 609946.538794800173491, 2479439.297862396109849 ], [ 609963.682355850469321, 2479489.239732833579183 ], [ 610008.608492217725143, 2479540.486401346046478 ], [ 610740.911149066523649, 2479478.180529750883579 ], [ 610937.671743356855586, 2479456.341718579642475 ], [ 610916.607746243127622, 2479235.8750598304905 ], [ 611069.119592170929536, 2479212.613309558015317 ], [ 611026.492798672406934, 2478841.424252374563366 ], [ 611167.670154451509006, 2478820.296144409570843 ], [ 611209.809066246612929, 2478829.456009152811021 ], [ 611268.218099947553128, 2478866.410886947996914 ], [ 611280.675302345654927, 2478994.925742275081575 ], [ 611590.716505811782554, 2478967.26778526045382 ], [ 611604.463890776853077, 2479059.257557540200651 ], [ 611520.004025740548968, 2479066.398037982173264 ], [ 611539.815769943757914, 2479173.931096843909472 ], [ 611571.555441103409976, 2479340.227393813896924 ], [ 611662.7013131568674, 2479262.280136392451823 ], [ 611737.920480091474019, 2479251.752355798147619 ], [ 611869.759577143355273, 2479240.527352056000382 ], [ 611902.657298920210451, 2479246.300979831255972 ], [ 611976.874598679598421, 2479374.156717764679343 ] ] } },
{ "type": "Feature", "properties": { "route_name": "90_Altamira - Ej. Lomas del Real - Barranco", "route_name_short": "Altamira - Ej. Lomas del Real - Barranco", "route_type": 3 }, "geometry": { "type": "LineString", "coordinates": [ [ 612653.196938888635486, 2490919.75898297643289 ], [ 612685.261139322770759, 2490755.030861738137901 ], [ 612726.996582568041049, 2490533.909836666658521 ], [ 612774.223781354725361, 2485769.164120231755078 ], [ 613695.723834146279842, 2481775.875739869661629 ], [ 614661.922652643057518, 2480141.14643537485972 ], [ 614775.137102123815566, 2479865.204725629650056 ], [ 614759.242005344945937, 2479649.196836290415376 ], [ 614317.923846040153876, 2478359.447943642735481 ], [ 613909.373217443237081, 2478061.93946558656171 ], [ 612213.865389016806148, 2477922.23028421914205 ], [ 611072.017388890497386, 2477518.751928557641804 ], [ 610279.374338045250624, 2477223.02042887173593 ], [ 609937.037701189052314, 2476865.203562169801444 ], [ 609768.427411670796573, 2476978.038887041155249 ], [ 609600.344849832355976, 2477016.703596136532724 ], [ 609632.9599763128208, 2477208.463900670409203 ], [ 609543.258138277917169, 2477227.756636211182922 ], [ 609506.524181436514482, 2477035.967427207157016 ], [ 609506.524181436514482, 2477035.967427207157016 ], [ 609542.640965785947628, 2477024.044837440364063 ], [ 609573.56354919471778, 2477018.728190512396395 ], [ 609600.344849832355976, 2477016.703596136532724 ], [ 609768.427411670796573, 2476978.038887041155249 ], [ 609937.037701189052314, 2476865.203562169801444 ], [ 610122.69783289951738, 2477105.658505047671497 ], [ 610279.374338045250624, 2477223.02042887173593 ], [ 610511.092216671211645, 2477211.387978075072169 ], [ 610655.260883031412959, 2477205.775429700501263 ], [ 610793.949669746216387, 2477246.623613476287574 ], [ 611072.017388890497386, 2477518.751928557641804 ], [ 612219.849040606291965, 2477948.844469914212823 ], [ 613909.373217443237081, 2478061.93946558656171 ], [ 614388.236241333885118, 2478038.901690749917179 ], [ 614382.739215978886932, 2477946.969757609535009 ], [ 614296.629559900378808, 2477897.619946840684861 ], [ 614242.120305061573163, 2477890.574625420384109 ], [ 614182.08817318151705, 2477934.416404148563743 ], [ 614759.242005344945937, 2479649.196836290415376 ], [ 614775.137102123815566, 2479865.204725629650056 ], [ 614661.922652643057518, 2480141.14643537485972 ], [ 613695.723834146279842, 2481775.875739869661629 ], [ 612774.223781354725361, 2485769.164120231755078 ], [ 612726.996582568041049, 2490533.909836666658521 ], [ 612643.956395955639891, 2490917.477044131606817 ] ] } },
{ "type": "Feature", "properties": { "route_name": "89A_Altamira - Tampiquito por Soriana", "route_name_short": "Altamira - Tampiquito por Soriana", "route_type": 3 }, "geometry": { "type": "LineString", "coordinates": [ [ 611026.476903481641784, 2478843.63836423587054 ], [ 610923.448669251054525, 2478856.184415224939585 ], [ 610884.561339197796769, 2478537.057205489370972 ], [ 610984.503587253391743, 2478524.488653377164155 ], [ 610867.044296220876276, 2477533.888705802615732 ], [ 610840.945547764189541, 2477440.704450271558017 ], [ 610239.289444383583032, 2477213.877987509127706 ], [ 610179.842246337677352, 2477176.920100372284651 ], [ 609952.235797115135938, 2476899.631820004433393 ], [ 609888.52742060017772, 2476882.572806279174984 ], [ 609795.240235905745067, 2476971.586423496715724 ], [ 609710.605570687912405, 2477001.985266904812306 ], [ 609596.211383477086201, 2477018.888538676314056 ], [ 609632.9599763128208, 2477208.463900670409203 ], [ 609545.324840168002993, 2477226.66415880760178 ], [ 609524.427491411566734, 2477124.662542850710452 ], [ 609428.52522842772305, 2477147.233397561591119 ], [ 609428.52522842772305, 2477147.233397561591119 ], [ 609523.351047780713998, 2477131.297558651771396 ], [ 609665.601960562169552, 2477105.734299008734524 ], [ 609816.151791156851687, 2477071.374352133832872 ], [ 609794.187226768117398, 2476974.900272870436311 ], [ 609833.526303747203201, 2476944.18039307417348 ], [ 609866.657378286356106, 2476917.844967278186232 ], [ 609884.346721366164275, 2476891.399978986009955 ], [ 609888.52742060017772, 2476882.572806279174984 ], [ 609952.235797115135938, 2476899.631820004433393 ], [ 610179.842246337677352, 2477176.920100372284651 ], [ 610307.216436130111106, 2477216.576194543391466 ], [ 610398.701990829897113, 2477236.049363465514034 ], [ 610629.548684507841244, 2477202.270285313017666 ], [ 610757.982819027849473, 2477237.509292230010033 ], [ 610882.979114815825596, 2477321.43762640375644 ], [ 610988.232384073082358, 2477430.688990224152803 ], [ 610965.386610185727477, 2477458.202931533101946 ], [ 610927.186912240926176, 2477473.428614659700543 ], [ 610836.78028362931218, 2477447.31728021427989 ], [ 610867.044296220876276, 2477533.888705802615732 ], [ 610984.503587253391743, 2478524.488653377164155 ], [ 610884.561339197796769, 2478537.057205489370972 ], [ 610923.448669251054525, 2478856.184415224939585 ] ] } },
{ "type": "Feature", "properties": { "route_name": "90A_Altamira - Ej. Lomas del Real - Barranco por Quinta Martha", "route_name_short": "Altamira - Ej. Lomas del Real - Barranco por Quinta Martha", "route_type": 3 }, "geometry": { "type": "LineString", "coordinates": [ [ 609542.252212276798673, 2477224.428199086338282 ], [ 609506.49285163753666, 2477040.395626998972148 ], [ 609386.912903212709352, 2477062.799256641883403 ], [ 609333.115955541608855, 2477100.0607083090581 ], [ 609316.074099240242504, 2477180.758985396008939 ], [ 609353.186821211478673, 2477610.578013127204031 ], [ 609383.001012642402202, 2477907.493103158660233 ], [ 609384.50807598605752, 2478131.139205088838935 ], [ 609281.557082013692707, 2478423.794745578896254 ], [ 609006.038654598640278, 2479102.72074936516583 ], [ 608878.163618967868388, 2479428.416121104266495 ], [ 608870.755946351448074, 2479457.148718759883195 ], [ 608875.684076794655994, 2479488.182396080344915 ], [ 608916.80071512889117, 2479496.221739912871271 ], [ 609342.414686584495939, 2478988.849334558472037 ], [ 609360.848414621665142, 2479002.26497144671157 ], [ 608842.84112063376233, 2479620.803896953351796 ], [ 608759.821808520238847, 2479716.537866529077291 ], [ 608658.878129035118036, 2479873.037068342324346 ], [ 608623.502293659723364, 2479927.036633607000113 ], [ 608623.502293659723364, 2479927.036633607000113 ], [ 608727.798570145154372, 2480756.992892109788954 ], [ 608824.355031189508736, 2481514.934586487244815 ], [ 608872.059754771064036, 2481901.651799747720361 ], [ 608850.415247808792628, 2482198.204553328920156 ], [ 609507.942370153032243, 2482937.976006739772856 ], [ 609838.511661080061458, 2483339.99278426123783 ], [ 609894.170099151087925, 2483472.135634833015501 ], [ 610143.072080934885889, 2483346.591661125421524 ], [ 611887.244464623858221, 2483363.565593738574535 ], [ 612365.647401559748687, 2483380.326579879503697 ], [ 613333.132907800842077, 2483360.829493293073028 ], [ 612893.380500213475898, 2485234.186176857445389 ], [ 612779.335753816179931, 2485773.630025169346482 ], [ 612738.649455610662699, 2488943.045270813629031 ], [ 612715.009273038711399, 2490625.714119952637702 ], [ 612641.93176611023955, 2490913.033681923989207 ], [ 612641.93176611023955, 2490913.033681923989207 ], [ 612715.009273038711399, 2490625.714119952637702 ], [ 612738.649455610662699, 2488943.045270813629031 ], [ 612779.335753816179931, 2485773.630025169346482 ], [ 612893.380500213475898, 2485234.186176857445389 ], [ 613333.132907800842077, 2483360.829493293073028 ], [ 612365.647401559748687, 2483380.326579879503697 ], [ 611887.244464623858221, 2483363.565593738574535 ], [ 610143.072080934885889, 2483346.591661125421524 ], [ 609894.170099151087925, 2483472.135634833015501 ], [ 609838.511661080061458, 2483339.99278426123783 ], [ 609507.942370153032243, 2482937.976006739772856 ], [ 608850.415247808792628, 2482198.204553328920156 ], [ 608872.059754771064036, 2481901.651799747720361 ], [ 608824.355031189508736, 2481514.934586487244815 ], [ 608727.798570145154372, 2480756.992892109788954 ], [ 608623.502293659723364, 2479927.036633607000113 ], [ 608623.502293659723364, 2479927.036633607000113 ], [ 608658.878129035118036, 2479873.037068342324346 ], [ 608759.821808520238847, 2479716.537866529077291 ], [ 608782.12966858188156, 2479618.162376130465418 ], [ 608831.253568072570488, 2479512.225913773756474 ], [ 608867.933132941485383, 2479419.48723227949813 ], [ 609006.038654598640278, 2479102.72074936516583 ], [ 609281.557082013692707, 2478423.794745578896254 ], [ 609384.50807598605752, 2478131.139205088838935 ], [ 609383.001012642402202, 2477907.493103158660233 ], [ 609353.186821211478673, 2477610.578013127204031 ], [ 609316.074099240242504, 2477180.758985396008939 ], [ 609333.115955541608855, 2477100.0607083090581 ], [ 609386.912903212709352, 2477062.799256641883403 ], [ 609602.364548019832, 2477022.253426242619753 ], [ 609627.804961959831417, 2477209.534490584395826 ], [ 609544.311078715603799, 2477224.442771803587675 ] ] } },
{ "type": "Feature", "properties": { "route_name": "91_Altamira - Infonavit", "route_name_short": "Altamira - Infonavit", "route_type": 3 }, "geometry": { "type": "LineString", "coordinates": [ [ 609431.613542541046627, 2477147.255233398638666 ], [ 609527.492308049811982, 2477128.0055479593575 ], [ 609452.36262523313053, 2476687.953370952513069 ], [ 609253.393945238669403, 2476726.403596081770957 ], [ 609200.051743395859376, 2476407.181347604375333 ], [ 608960.969381458126009, 2476439.817062828689814 ], [ 608753.817667294410057, 2476470.466485527809709 ], [ 608693.272588239982724, 2476442.36375036649406 ], [ 608676.758263960015029, 2476301.64590993989259 ], [ 608324.455202780431136, 2476330.17585918540135 ], [ 608303.091867187176831, 2476146.247776615433395 ], [ 608194.909132546046749, 2476157.669562995899469 ], [ 608192.246070966706611, 2476096.760474013630301 ], [ 608305.569010130711831, 2476086.48170170513913 ], [ 608293.524805544526316, 2475894.869192614685744 ], [ 608352.207345545408316, 2475895.279678652063012 ], [ 608396.391395100741647, 2475907.766994908452034 ], [ 608388.155254340963438, 2475907.709345635026693 ], [ 608379.601445493521169, 2475953.040579548571259 ], [ 608398.928517204942182, 2476133.633201712742448 ], [ 608500.911344378022477, 2476125.490681617055088 ], [ 608579.207951340358704, 2476118.289816296193749 ], [ 608657.504650142625906, 2476111.089343851432204 ], [ 608658.238947068923153, 2476153.164344901684672 ], [ 608670.10348160029389, 2476222.994995732791722 ], [ 608676.758263960015029, 2476301.64590993989259 ], [ 608693.272588239982724, 2476442.36375036649406 ], [ 608753.817667294410057, 2476470.466485527809709 ], [ 608960.969381458126009, 2476439.817062828689814 ], [ 609292.752438517287374, 2476401.192846023943275 ], [ 609330.575168391689658, 2476585.239166524261236 ], [ 609429.529998140758835, 2476568.224656269419938 ], [ 609525.193005898967385, 2476579.972204452846199 ], [ 609547.152092167292722, 2476677.552815706003457 ], [ 609590.6617591381073, 2476930.280797728803009 ], [ 609392.733002721448429, 2476967.629366220440716 ], [ 609430.56062228186056, 2477150.56910439953208 ] ] } },
{ "type": "Feature", "properties": { "route_name": "93_Ejido Ricardo Flores Magón - Altamira", "route_name_short": "Ejido Ricardo Flores Magón - Altamira", "route_type": 3 }, "geometry": { "type": "LineString", "coordinates": [ [ 609506.539846316096373, 2477033.753327318932861 ], [ 609708.56236726953648, 2476999.756572495214641 ], [ 609834.516478460282087, 2476949.722951256670058 ], [ 609934.130161204026081, 2476839.719459748826921 ], [ 610066.77127156232018, 2477007.835237314458936 ], [ 610184.98155568994116, 2477178.063795889727771 ], [ 610361.673915397957899, 2477231.356839940417558 ], [ 610557.503865306614898, 2477199.541248586494476 ], [ 610755.947715091519058, 2477234.173398048616946 ], [ 610900.392169014550745, 2477333.740615672431886 ], [ 611026.011294799507596, 2477474.137326085940003 ], [ 611138.83414802106563, 2477532.517006299924105 ], [ 611527.906260354211554, 2477684.776534007396549 ], [ 612028.830960568389855, 2477885.461678791791201 ], [ 612323.753404866438359, 2477958.45539893489331 ], [ 614158.550999333499931, 2478054.91914218897 ], [ 614395.491106073837727, 2478032.312588290311396 ], [ 614401.088306533987634, 2477971.46215241169557 ], [ 614380.696786961751059, 2477944.740410132333636 ], [ 614318.148844151524827, 2477911.064415319822729 ], [ 614252.414327953709289, 2477890.650637600570917 ], [ 614204.841188842430711, 2477920.19173678336665 ], [ 614206.622142873820849, 2477957.847074257209897 ], [ 614406.788986996980384, 2478592.601115566678345 ], [ 614648.589936587959528, 2479301.845162033103406 ], [ 614759.439231068594381, 2479622.627241795416921 ], [ 614769.637305157608353, 2479912.770387076772749 ], [ 614585.876115908729844, 2480263.473636393900961 ], [ 614362.824057009071112, 2480639.351885404903442 ], [ 613879.211637974134646, 2481457.267901674844325 ], [ 613683.243754394352436, 2481793.497895798645914 ], [ 613331.091095251846127, 2483358.600246594287455 ], [ 612834.002529644756578, 2483363.815223157871515 ], [ 612834.002529644756578, 2483363.815223157871515 ], [ 613331.091095251846127, 2483358.600246594287455 ], [ 613683.243754394352436, 2481793.497895798645914 ], [ 613879.211637974134646, 2481457.267901674844325 ], [ 614362.824057009071112, 2480639.351885404903442 ], [ 614585.876115908729844, 2480263.473636393900961 ], [ 614769.637305157608353, 2479912.770387076772749 ], [ 614759.439231068594381, 2479622.627241795416921 ], [ 614648.589936587959528, 2479301.845162033103406 ], [ 614406.788986996980384, 2478592.601115566678345 ], [ 614327.114548658835702, 2478369.479985972400755 ], [ 614145.920754489139654, 2478231.965679597109556 ], [ 613924.84667521819938, 2478057.624912282451987 ], [ 612323.753404866438359, 2477958.45539893489331 ], [ 612028.830960568389855, 2477885.461678791791201 ], [ 611527.906260354211554, 2477684.776534007396549 ], [ 611138.83414802106563, 2477532.517006299924105 ], [ 611048.324888256727718, 2477520.796111071016639 ], [ 610885.075863220146857, 2477459.84148131404072 ], [ 610735.136853669537231, 2477408.947867051698267 ], [ 610637.515679043484852, 2477383.893220173660666 ], [ 610531.927633235347457, 2477321.140583365689963 ], [ 610450.808130354853347, 2477291.776589430868626 ], [ 610342.962545591173694, 2477256.686918755061924 ], [ 610184.98155568994116, 2477178.063795889727771 ], [ 610066.77127156232018, 2477007.835237314458936 ], [ 609934.130161204026081, 2476839.719459748826921 ], [ 609834.516478460282087, 2476949.722951256670058 ], [ 609708.56236726953648, 2476999.756572495214641 ] ] } },
{ "type": "Feature", "properties": { "route_name": "92_Tampico - Altamira", "route_name_short": "Tampico - Altamira", "route_type": 3 }, "geometry": { "type": "LineString", "coordinates": [ [ 617510.710118471877649, 2457035.835266068577766 ], [ 617704.562841766164638, 2457439.176045259926468 ], [ 617161.524293853552081, 2457686.405667991843075 ], [ 617154.426005908753723, 2457808.134361169766635 ], [ 617151.176554640405811, 2457966.426546121947467 ], [ 617077.788225142052397, 2458130.835194828920066 ], [ 616957.722846533171833, 2458472.031715463846922 ], [ 616784.062266277731396, 2458951.216425826773047 ], [ 616574.857143727247603, 2459498.777865715324879 ], [ 616387.219287960673682, 2459920.292223516386002 ], [ 616201.412921024602838, 2460373.928301825653762 ], [ 616120.764762373524718, 2460547.143549588043243 ], [ 616002.615042911376804, 2460774.328398445155472 ], [ 615914.246899536810815, 2461016.127835436724126 ], [ 615815.041552559589036, 2461329.809207635000348 ], [ 615775.67118649254553, 2461496.690071989782155 ], [ 615753.359319298760965, 2461725.69578595738858 ], [ 615793.634736580424942, 2461991.701099545694888 ], [ 615865.794653428485617, 2462265.693509743083268 ], [ 615950.819956611143425, 2462610.637280142400414 ], [ 616024.30913723539561, 2462843.677699276711792 ], [ 616025.767054500989616, 2463201.285459995269775 ], [ 615934.310716462088749, 2463444.168855650816113 ], [ 616067.512075698236004, 2463959.968233548104763 ], [ 616101.096835690666921, 2464292.35249089403078 ], [ 616111.866770748281851, 2464506.105667839758098 ], [ 615994.369735629996285, 2464787.543449704069644 ], [ 616046.590312878601253, 2464969.499367945827544 ], [ 616129.444505204679444, 2465188.218921335414052 ], [ 616196.639166199369356, 2465296.110663631465286 ], [ 616174.30144181009382, 2465390.048608066979796 ], [ 616070.484828280983493, 2465495.556765210349113 ], [ 615858.85820423590485, 2465828.327772291377187 ], [ 615403.913078152458183, 2466603.246390928514302 ], [ 615185.592742576031014, 2467009.045232474803925 ], [ 615206.549194650840946, 2467239.480068691540509 ], [ 615781.617066872422583, 2469281.954452343285084 ], [ 615973.390741234994493, 2469946.549642580095679 ], [ 616036.154188452870585, 2470368.831338094547391 ], [ 615911.392853703931905, 2470800.783328698948026 ], [ 615724.825958213536069, 2471511.269526035524905 ], [ 615495.288607428781688, 2471770.839604761451483 ], [ 615204.143821876030415, 2472006.705603137612343 ], [ 614938.41173138981685, 2472149.766986975446343 ], [ 614579.791582753648981, 2472460.428121036384255 ], [ 614283.894092978676781, 2472785.951551090925932 ], [ 613111.349400518229231, 2474143.532920087687671 ], [ 611304.239082094165497, 2476004.785060829017311 ], [ 611070.559288793010637, 2476143.710090530570596 ], [ 610992.70329587708693, 2476232.82767873769626 ], [ 610925.855396619066596, 2476366.308865098748356 ], [ 610782.090324923396111, 2476458.276674838736653 ], [ 610564.670830992981791, 2476484.400142632890493 ], [ 610184.066036459291354, 2476583.540529393590987 ], [ 609921.627274353057146, 2476860.665693592745811 ], [ 609701.301303107873537, 2477007.454849820584059 ], [ 609601.327262010192499, 2477023.35318671585992 ], [ 609617.155489828553982, 2477114.247951417695731 ], [ 609617.155489828553982, 2477114.247951417695731 ], [ 609727.423391535296105, 2477098.422718146815896 ], [ 609701.301303107873537, 2477007.454849820584059 ], [ 609921.627274353057146, 2476860.665693592745811 ], [ 610184.066036459291354, 2476583.540529393590987 ], [ 610564.670830992981791, 2476484.400142632890493 ], [ 610782.090324923396111, 2476458.276674838736653 ], [ 610925.855396619066596, 2476366.308865098748356 ], [ 610992.70329587708693, 2476232.82767873769626 ], [ 611070.559288793010637, 2476143.710090530570596 ], [ 611304.239082094165497, 2476004.785060829017311 ], [ 613111.349400518229231, 2474143.532920087687671 ], [ 614283.894092978676781, 2472785.951551090925932 ], [ 614579.791582753648981, 2472460.428121036384255 ], [ 614938.41173138981685, 2472149.766986975446343 ], [ 615204.143821876030415, 2472006.705603137612343 ], [ 615495.288607428781688, 2471770.839604761451483 ], [ 615724.825958213536069, 2471511.269526035524905 ], [ 615911.392853703931905, 2470800.783328698948026 ], [ 616036.154188452870585, 2470368.831338094547391 ], [ 615973.390741234994493, 2469946.549642580095679 ], [ 615781.617066872422583, 2469281.954452343285084 ], [ 615206.549194650840946, 2467239.480068691540509 ], [ 615185.592742576031014, 2467009.045232474803925 ], [ 615403.913078152458183, 2466603.246390928514302 ], [ 615858.85820423590485, 2465828.327772291377187 ], [ 616070.484828280983493, 2465495.556765210349113 ], [ 616174.30144181009382, 2465390.048608066979796 ], [ 616196.639166199369356, 2465296.110663631465286 ], [ 616129.444505204679444, 2465188.218921335414052 ], [ 616046.590312878601253, 2464969.499367945827544 ], [ 615994.369735629996285, 2464787.543449704069644 ], [ 616111.866770748281851, 2464506.105667839758098 ], [ 616101.096835690666921, 2464292.35249089403078 ], [ 616067.512075698236004, 2463959.968233548104763 ], [ 615934.310716462088749, 2463444.168855650816113 ], [ 616025.767054500989616, 2463201.285459995269775 ], [ 616024.30913723539561, 2462843.677699276711792 ], [ 615950.819956611143425, 2462610.637280142400414 ], [ 615865.794653428485617, 2462265.693509743083268 ], [ 615793.634736580424942, 2461991.701099545694888 ], [ 615753.359319298760965, 2461725.69578595738858 ], [ 615775.67118649254553, 2461496.690071989782155 ], [ 615815.041552559589036, 2461329.809207635000348 ], [ 615914.246899536810815, 2461016.127835436724126 ], [ 616002.615042911376804, 2460774.328398445155472 ], [ 616120.764762373524718, 2460547.143549588043243 ], [ 616201.412921024602838, 2460373.928301825653762 ], [ 616387.219287960673682, 2459920.292223516386002 ], [ 616574.857143727247603, 2459498.777865715324879 ], [ 616784.062266277731396, 2458951.216425826773047 ], [ 616957.722846533171833, 2458472.031715463846922 ], [ 617077.788225142052397, 2458130.835194828920066 ], [ 617151.176554640405811, 2457966.426546121947467 ], [ 617154.426005908753723, 2457808.134361169766635 ], [ 617161.524293853552081, 2457686.405667991843075 ], [ 617210.933583755861036, 2457558.351902690716088 ], [ 617752.971601031138562, 2457307.794881206937134 ], [ 617584.521612177137285, 2456953.357615480665118 ], [ 617531.742554974392988, 2456980.638074522837996 ], [ 617508.59855283529032, 2457042.462033067829907 ], [ 617702.492960882373154, 2457440.267552903853357 ] ] } },
{ "type": "Feature", "properties": { "route_name": "91A_Altamira - Los Sábalos - Santa Anita", "route_name_short": "Altamira - Los Sábalos - Santa Anita", "route_type": 3 }, "geometry": { "type": "LineString", "coordinates": [ [ 609429.546839133836329, 2477148.34772599581629 ], [ 609530.549288852256723, 2477132.455603863112628 ], [ 609453.392093882779591, 2476687.960649803746492 ], [ 609254.42341077758465, 2476726.410861806478351 ], [ 609200.051743395859376, 2476407.181347604375333 ], [ 608934.132698861765675, 2476449.59213468618691 ], [ 608753.778784096008167, 2476476.001722539309412 ], [ 608700.40901382220909, 2476452.377770757768303 ], [ 608691.361290970118716, 2476421.315398436971009 ], [ 608179.313390973256901, 2476474.191149780061096 ], [ 608145.704027524916455, 2476421.922643424943089 ], [ 607970.864481459138915, 2476543.590361496899277 ], [ 608041.218304927228019, 2476641.505966900382191 ], [ 608064.078439918113872, 2476906.26243440574035 ], [ 608162.441519154119305, 2476973.375500933267176 ], [ 608223.240766170551069, 2476964.943681394681334 ], [ 608339.174203735194169, 2476874.97242044378072 ], [ 608320.103473237948492, 2476657.847177270799875 ], [ 608047.070587359368801, 2476688.045004879124463 ], [ 608047.070587359368801, 2476688.045004879124463 ], [ 608320.103473237948492, 2476657.847177270799875 ], [ 608339.174203735194169, 2476874.97242044378072 ], [ 608223.240766170551069, 2476964.943681394681334 ], [ 608162.441519154119305, 2476973.375500933267176 ], [ 608064.078439918113872, 2476906.26243440574035 ], [ 608041.218304927228019, 2476641.505966900382191 ], [ 607970.864481459138915, 2476543.590361496899277 ], [ 608145.704027524916455, 2476421.922643424943089 ], [ 608179.313390973256901, 2476474.191149780061096 ], [ 608691.361290970118716, 2476421.315398436971009 ], [ 608700.40901382220909, 2476452.377770757768303 ], [ 608753.778784096008167, 2476476.001722539309412 ], [ 608934.132698861765675, 2476449.59213468618691 ], [ 609292.721178778447211, 2476405.621040622703731 ], [ 609329.553511453093961, 2476584.124847168568522 ], [ 609436.720682414597832, 2476570.489695112220943 ], [ 609526.245978672173806, 2476576.658339525572956 ], [ 609587.557724651298486, 2476932.47303200699389 ], [ 609394.823199309292249, 2476963.21571928402409 ], [ 609431.605715063982643, 2477148.3622832945548 ], [ 609530.549288852256723, 2477132.455603863112628 ] ] } },
{ "type": "Feature", "properties": { "route_name": "94_Altamira - Estación Colonias - Ej. 3 de Mayo", "route_name_short": "Altamira - Estación Colonias - Ej. 3 de Mayo", "route_type": 3 }, "geometry": { "type": "LineString", "coordinates": [ [ 600599.863163152476773, 2478081.484341083560139 ], [ 600633.248484963783994, 2478171.374709419440478 ], [ 600803.213299772003666, 2478153.66097425436601 ], [ 600750.87676412507426, 2477970.652280821464956 ], [ 600474.497891453327611, 2478047.457338120322675 ], [ 600495.957082393812016, 2478230.2643534229137 ], [ 600572.675539488554932, 2478621.561183149926364 ], [ 600710.285216556396335, 2478829.480194606818259 ], [ 600843.911113909212872, 2479016.340168093796819 ], [ 600892.540555063867941, 2479293.42714752536267 ], [ 601098.26033383840695, 2480888.96745396964252 ], [ 601149.515746295917779, 2480920.301211574114859 ], [ 601292.949886217829771, 2481961.899164837785065 ], [ 601221.782661238568835, 2481985.788391724228859 ], [ 601427.651215690886602, 2483545.915326185990125 ], [ 601785.134571905015036, 2486290.529038097709417 ], [ 603705.804657234344631, 2485403.262233125511557 ], [ 604706.746783132432029, 2483916.550524535123259 ], [ 605726.999315208871849, 2482342.568626646883786 ], [ 605878.808957928325981, 2482115.546348629519343 ], [ 608278.233673080219887, 2480285.530472970567644 ], [ 608536.283450329909101, 2480034.920343154575676 ], [ 608788.048225007485598, 2479654.738525011576712 ], [ 608815.596215286292136, 2479543.114676730241627 ], [ 608905.509845078457147, 2479345.575750009622425 ], [ 609378.026581336860545, 2478174.270524609368294 ], [ 609365.504956808988936, 2477761.231443411204964 ], [ 609310.973835513112135, 2477174.080332848243415 ], [ 609344.611868494190276, 2477075.785613453947008 ], [ 609414.793965004151687, 2477050.818173111882061 ], [ 609414.793965004151687, 2477050.818173111882061 ], [ 609448.417219668859616, 2477245.906431168317795 ], [ 609321.640760071692057, 2477267.152491175103933 ], [ 609365.504956808988936, 2477761.231443411204964 ], [ 609378.026581336860545, 2478174.270524609368294 ], [ 608905.509845078457147, 2479345.575750009622425 ], [ 608867.636917255236767, 2479461.555180856958032 ], [ 608908.543078100774437, 2479499.484888621605933 ], [ 609343.444001832278445, 2478988.856612497009337 ], [ 609359.79561366722919, 2479005.578848206903785 ], [ 608935.241958487313241, 2479508.529835355933756 ], [ 608745.342009909334593, 2479726.399959188885987 ], [ 608536.283450329909101, 2480034.920343154575676 ], [ 608278.233673080219887, 2480285.530472970567644 ], [ 605878.808957928325981, 2482115.546348629519343 ], [ 605726.999315208871849, 2482342.568626646883786 ], [ 604706.746783132432029, 2483916.550524535123259 ], [ 603705.804657234344631, 2485403.262233125511557 ], [ 601785.134571905015036, 2486290.529038097709417 ], [ 601427.651215690886602, 2483545.915326185990125 ], [ 601221.782661238568835, 2481985.788391724228859 ], [ 601292.949886217829771, 2481961.899164837785065 ], [ 601149.515746295917779, 2480920.301211574114859 ], [ 601098.26033383840695, 2480888.96745396964252 ], [ 600892.540555063867941, 2479293.42714752536267 ], [ 600843.911113909212872, 2479016.340168093796819 ], [ 600710.285216556396335, 2478829.480194606818259 ], [ 600572.675539488554932, 2478621.561183149926364 ], [ 600495.957082393812016, 2478230.2643534229137 ], [ 600474.497891453327611, 2478047.457338120322675 ], [ 600750.87676412507426, 2477970.652280821464956 ], [ 600803.213299772003666, 2478153.66097425436601 ], [ 600633.248484963783994, 2478171.374709419440478 ] ] } },
{ "type": "Feature", "properties": { "route_name": "95B_Altamira El Repecho", "route_name_short": "Altamira El Repecho", "route_type": 3 }, "geometry": { "type": "LineString", "coordinates": [ [ 609330.54093878751155, 2477173.111440067645162 ], [ 609433.680246250354685, 2477146.162741067353636 ], [ 609451.513343499507755, 2477244.821221737656742 ], [ 609317.460483069997281, 2477275.979802887421101 ], [ 609358.854700661380775, 2477682.579933847300708 ], [ 609399.749102207482792, 2478013.89370916550979 ], [ 608968.320498592802323, 2479196.558933772146702 ], [ 608553.201763475546613, 2479237.923317017033696 ], [ 608552.968604439753108, 2479271.134825356304646 ], [ 607799.070461911149323, 2479331.179520309437066 ], [ 607745.702762018423527, 2479013.069277887232602 ], [ 607636.452792100957595, 2478884.991819137241691 ], [ 607444.931853885645978, 2478745.272459348663688 ], [ 607419.598523936117999, 2478687.527271235827357 ], [ 607106.446619768859819, 2478868.026861832011491 ], [ 606971.414659225963987, 2478894.769734895788133 ], [ 606587.677109241718426, 2479162.252031485084444 ], [ 606481.186966336332262, 2479230.158410027157515 ], [ 606435.897559256409295, 2479080.388440085574985 ], [ 606165.255445052869618, 2479219.129239445086569 ], [ 606227.862196870031767, 2479395.587632447481155 ], [ 606481.186966336332262, 2479230.158410027157515 ], [ 606481.186966336332262, 2479230.158410027157515 ], [ 606227.862196870031767, 2479395.587632447481155 ], [ 606165.255445052869618, 2479219.129239445086569 ], [ 606435.897559256409295, 2479080.388440085574985 ], [ 606481.186966336332262, 2479230.158410027157515 ], [ 606587.677109241718426, 2479162.252031485084444 ], [ 606971.414659225963987, 2478894.769734895788133 ], [ 607106.446619768859819, 2478868.026861832011491 ], [ 607419.598523936117999, 2478687.527271235827357 ], [ 607578.954675171524286, 2478567.960905466228724 ], [ 607656.902467847103253, 2478461.114473532885313 ], [ 607823.468284833361395, 2478341.600634849164635 ], [ 608067.45544716482982, 2478191.630286440253258 ], [ 608182.806251415750012, 2478183.579705946613103 ], [ 609233.627140677999705, 2477630.768548286519945 ], [ 609349.389941438101232, 2477565.15985534992069 ], [ 609317.460483069997281, 2477275.979802887421101 ], [ 609314.015228263335302, 2477180.744443288538605 ], [ 609433.680246250354685, 2477146.162741067353636 ] ] } },
{ "type": "Feature", "properties": { "route_name": "95_Altamira - Santa Amalia - Felipe Carrillo Puerto por Colonias Briones", "route_name_short": "Altamira - Santa Amalia - Felipe Carrillo Puerto por Colonias Briones", "route_type": 3 }, "geometry": { "type": "LineString", "coordinates": [ [ 609336.72537584847305, 2477172.0480239931494 ], [ 609430.584104501758702, 2477147.247954717371613 ], [ 609450.476082724635489, 2477245.920991520863026 ], [ 609325.750658803852275, 2477268.288628433831036 ], [ 609349.374295313609764, 2477567.373955746646971 ], [ 609375.024172760546207, 2477870.902213044930249 ], [ 609388.797777730389498, 2478106.813197687268257 ], [ 609278.296961300773546, 2478448.128052704036236 ], [ 608866.693381123477593, 2479449.37036905111745 ], [ 608871.613727440475486, 2479481.511095703579485 ], [ 608907.552789015462622, 2479493.942380995489657 ], [ 609483.514484529616311, 2478832.638356974348426 ], [ 609499.881803457159549, 2478847.14663302898407 ], [ 608825.273365803295746, 2479630.644180649891496 ], [ 608622.48082215001341, 2479925.922349736094475 ], [ 608460.503927533398382, 2480126.278182594571263 ], [ 608205.699560418725014, 2480354.770091560669243 ], [ 607931.487018490210176, 2480563.202450822107494 ], [ 607714.188472789013758, 2480728.858955136500299 ], [ 606812.999976099352352, 2481411.220167785417289 ], [ 606241.903405639110133, 2481844.586301264353096 ], [ 606233.822767226141877, 2481822.388714304193854 ], [ 606801.809476390946656, 2481392.322068321984261 ], [ 606690.58039842674043, 2481254.272924062795937 ], [ 606648.384959623333998, 2481253.981573041528463 ], [ 606610.28748424211517, 2480958.122782088816166 ], [ 606221.930354378186166, 2481007.481632015202194 ], [ 606182.741457498981617, 2480719.366581083741039 ], [ 606182.794708110857755, 2480711.617257084231824 ], [ 606624.715448336326517, 2480657.091094430536032 ], [ 606661.79217152565252, 2480951.83565022284165 ], [ 606610.28748424211517, 2480958.122782088816166 ], [ 606648.384959623333998, 2481253.981573041528463 ], [ 606690.58039842674043, 2481254.272924062795937 ], [ 606801.809476390946656, 2481392.322068321984261 ], [ 606233.822767226141877, 2481822.388714304193854 ], [ 606241.903405639110133, 2481844.586301264353096 ], [ 606812.999976099352352, 2481411.220167785417289 ], [ 607412.33230307570193, 2480918.28653168072924 ], [ 607392.789188677212223, 2480620.340043275151402 ], [ 607451.874721946660429, 2480708.211902591399848 ], [ 607463.99156940204557, 2480889.861062286421657 ], [ 607696.777033058344387, 2480716.559452606830746 ], [ 607564.467627426143736, 2480206.370516035240144 ], [ 607893.927864881814457, 2480045.922655810136348 ], [ 607872.250276956008747, 2479907.383430524263531 ], [ 608366.290561730274931, 2479910.838957614265382 ], [ 608617.396799024543725, 2479917.029777786228806 ], [ 608786.161066341446713, 2479630.368910378310829 ], [ 609278.296961300773546, 2478448.128052704036236 ], [ 609388.797777730389498, 2478106.813197687268257 ], [ 609375.024172760546207, 2477870.902213044930249 ], [ 609349.374295313609764, 2477567.373955746646971 ], [ 609325.750658803852275, 2477268.288628433831036 ], [ 609318.164248102926649, 2477176.345329174771905 ], [ 609430.584104501758702, 2477147.247954717371613 ] ] } },
{ "type": "Feature", "properties": { "route_name": "95A_Altamira - Santa Amalia - Felipe Carrillo Puerto por Colonia México", "route_name_short": "Altamira - Santa Amalia - Felipe Carrillo Puerto por Colonia México", "route_type": 3 }, "geometry": { "type": "LineString", "coordinates": [ [ 609336.733196621527895, 2477170.940974303986877 ], [ 609434.717512063100003, 2477145.062970051076263 ], [ 609453.580036105122417, 2477243.72873242944479 ], [ 609321.625120006967336, 2477269.366590711288154 ], [ 609369.861572890193202, 2477873.079930316191167 ], [ 609388.829088817117736, 2478102.384993895888329 ], [ 608865.765432949759997, 2479434.971454994287342 ], [ 608868.580451367190108, 2479473.739992947783321 ], [ 608887.988664808683097, 2479494.911687984131277 ], [ 608920.941233729943633, 2479492.929589952342212 ], [ 609342.438169225119054, 2478985.528178851585835 ], [ 609361.869900033809245, 2479003.37930261855945 ], [ 608871.902407796354964, 2479586.688226940110326 ], [ 608701.661409644293599, 2479790.304904031101614 ], [ 608413.924248013994657, 2480163.59298138320446 ], [ 607940.896797093562782, 2480542.233191686682403 ], [ 606267.791279580211267, 2481821.515298692509532 ], [ 606240.912365266121924, 2481839.043983104173094 ], [ 606233.807537898886949, 2481824.602809811476618 ], [ 606796.679042497999035, 2481390.072395436000079 ], [ 606691.624846574733965, 2481252.065935296006501 ], [ 606649.421759125427343, 2481252.881629729643464 ], [ 606610.256929455441423, 2480962.550972540862858 ], [ 606216.792103748186491, 2481006.33920796122402 ], [ 606246.334972540498711, 2481200.28470703214407 ], [ 606164.947696520248428, 2481211.903291258495301 ], [ 606246.334972540498711, 2481200.28470703214407 ], [ 606216.792103748186491, 2481006.33920796122402 ], [ 606181.795944798504934, 2480707.181999783031642 ], [ 606181.795944798504934, 2480707.181999783031642 ], [ 606424.906469166860916, 2480676.748579230159521 ], [ 606412.159674703725614, 2480584.771558644715697 ], [ 606622.345860421308316, 2480553.007352438755333 ], [ 606644.983846443239599, 2480852.080592457670718 ], [ 606659.710890555288643, 2480955.142583952285349 ], [ 606610.256929455441423, 2480962.550972540862858 ], [ 606649.421759125427343, 2481252.881629729643464 ], [ 606691.624846574733965, 2481252.065935296006501 ], [ 606796.679042497999035, 2481390.072395436000079 ], [ 607427.800813434179872, 2480913.965661687310785 ], [ 607388.495436977711506, 2480645.773562840186059 ], [ 607441.721319207805209, 2480688.213450873736292 ], [ 607475.327988639939576, 2480887.72570585552603 ], [ 607710.063976564211771, 2480729.937308541033417 ], [ 607576.957074705976993, 2480186.529593023937196 ], [ 607888.766206303029321, 2480048.100833964534104 ], [ 607799.039588901796378, 2479335.607714412733912 ], [ 608550.910015911562368, 2479271.120373226702213 ], [ 608553.15513190580532, 2479244.565618590451777 ], [ 608956.966991784516722, 2479200.907353379298002 ], [ 609388.829088817117736, 2478102.384993895888329 ], [ 609369.861572890193202, 2477873.079930316191167 ], [ 609321.625120006967336, 2477269.366590711288154 ], [ 609453.580036105122417, 2477243.72873242944479 ], [ 609434.717512063100003, 2477145.062970051076263 ] ] } },
{ "type": "Feature", "properties": { "route_name": "96_Altamira Km.40", "route_name_short": "Altamira Km.40", "route_type": 3 }, "geometry": { "type": "LineString", "coordinates": [ [ 609317.150451083201915, 2477174.123958670068532 ], [ 609354.917039523017593, 2477657.088675186038017 ], [ 609382.648809381644242, 2477957.310385754797608 ], [ 609381.474749914952554, 2478123.368013738188893 ], [ 608871.964524603332393, 2479431.693786855787039 ], [ 608870.685787433525547, 2479467.112180565483868 ], [ 608889.033538817777298, 2479492.70483428472653 ], [ 608923.007594053866342, 2479491.837041101418436 ], [ 609342.422514134668745, 2478987.742282654624432 ], [ 609360.840585701516829, 2479003.372023412492126 ], [ 609216.569620498572476, 2479171.739792742300779 ], [ 608954.938698365469463, 2479488.74071215512231 ], [ 608805.514638953143731, 2479659.289868833497167 ], [ 608623.665659337537363, 2479903.7885573040694 ], [ 608420.099654801306315, 2480163.636298644822091 ], [ 607936.764500757213682, 2480544.418537393212318 ], [ 607398.645139390020631, 2480962.47550639230758 ], [ 606666.31837735325098, 2481488.810803863219917 ], [ 605906.746434792294167, 2482093.595933085307479 ], [ 605088.398515726672485, 2483329.061549775768071 ], [ 605048.968646931927651, 2483528.070799325127155 ], [ 604641.45629505335819, 2484136.420024269260466 ], [ 604554.806146907736547, 2484167.938408246729523 ], [ 603690.282239233958535, 2485416.442999484017491 ], [ 599305.559258523280732, 2487415.757923577912152 ], [ 597235.561470666318201, 2488086.728430556599051 ], [ 595367.632955200155266, 2488716.044167949352413 ], [ 594008.543939708964899, 2488751.968862449284643 ], [ 594033.169090127106756, 2488593.808264334220439 ], [ 593909.894930044887587, 2488566.486269469838589 ], [ 593933.713459842954762, 2488371.787376697175205 ], [ 594717.974945830646902, 2488641.181351330596954 ], [ 595370.718845697236247, 2488716.063282009679824 ], [ 595399.383307552314363, 2488738.382338640280068 ], [ 594649.158573805587366, 2488624.152106317691505 ], [ 593953.244296451099217, 2488374.120662804692984 ], [ 593929.41201466799248, 2488571.033590765669942 ], [ 594035.226360362721607, 2488593.820828070864081 ], [ 594016.854053569841199, 2488738.734766834881157 ], [ 594172.230679043568671, 2488730.827759358100593 ], [ 595394.212728452519514, 2488742.77859817026183 ], [ 596686.227597262943164, 2488250.438693948090076 ], [ 599340.593076569610275, 2487407.127111554611474 ], [ 603716.004028502851725, 2485416.615986254997551 ], [ 604952.393122312845662, 2483505.271769757848233 ], [ 605166.487309375312179, 2483195.634537033271044 ], [ 605906.746434792294167, 2482093.595933085307479 ], [ 606666.31837735325098, 2481488.810803863219917 ], [ 607398.645139390020631, 2480962.47550639230758 ], [ 607936.764500757213682, 2480544.418537393212318 ], [ 608420.099654801306315, 2480163.636298644822091 ], [ 608623.665659337537363, 2479903.7885573040694 ], [ 608761.092514235409908, 2479682.226516505237669 ], [ 608871.964524603332393, 2479431.693786855787039 ], [ 609381.474749914952554, 2478123.368013738188893 ], [ 609382.648809381644242, 2477957.310385754797608 ], [ 609354.917039523017593, 2477657.088675186038017 ] ] } },
{ "type": "Feature", "properties": { "route_name": "99_Altamira - Francisco villa - Las Margaritas", "route_name_short": "Altamira - Francisco villa - Las Margaritas", "route_type": 3 }, "geometry": { "type": "LineString", "coordinates": [ [ 609589.671496261726134, 2476924.738258971367031 ], [ 609602.427261915057898, 2477013.397024949081242 ], [ 609703.415124172810465, 2476999.720089720096439 ], [ 609804.55241379654035, 2476965.00984436320141 ], [ 609970.483717902563512, 2476794.586312389932573 ], [ 610147.845278075896204, 2476609.853343992028385 ], [ 610214.023347479989752, 2476569.361381694208831 ], [ 610229.095046282396652, 2476621.502733473666012 ], [ 610361.035938853397965, 2477032.072764497250319 ], [ 610494.174618057440966, 2476985.416970368474722 ], [ 610460.83473816793412, 2476896.610315901227295 ], [ 610503.255887494888157, 2476867.021168371662498 ], [ 610618.372418343904428, 2476749.382741678506136 ], [ 610644.869543163338676, 2476787.213818549644202 ], [ 610614.809364740736783, 2476815.783816596493125 ], [ 610649.407531974022277, 2476872.493657639250159 ], [ 610739.002038832637481, 2477012.630177112761885 ], [ 610788.946577250142582, 2476938.811234705150127 ], [ 610806.827724626753479, 2476885.797961716540158 ], [ 610867.138976047281176, 2476802.089469118509442 ], [ 610898.244998575304635, 2476771.313209601677954 ], [ 610867.138976047281176, 2476802.089469118509442 ], [ 610806.827724626753479, 2476885.797961716540158 ], [ 610788.946577250142582, 2476938.811234705150127 ], [ 610739.002038832637481, 2477012.630177112761885 ], [ 610649.407531974022277, 2476872.493657639250159 ], [ 610614.809364740736783, 2476815.783816596493125 ], [ 610644.869543163338676, 2476787.213818549644202 ], [ 610618.372418343904428, 2476749.382741678506136 ], [ 610503.255887494888157, 2476867.021168371662498 ], [ 610456.740607546176761, 2476893.25977411866188 ], [ 610494.174618057440966, 2476985.416970368474722 ], [ 610357.979167252429761, 2477027.622535915113986 ], [ 610361.035938853397965, 2477032.072764497250319 ], [ 610428.6029967518989, 2477229.620032962411642 ], [ 610547.19367335177958, 2477201.681819919031113 ], [ 610662.506524716387503, 2477200.29168816562742 ], [ 610776.480966951581649, 2477242.070126385428011 ], [ 610908.532401363947429, 2477347.084279219154269 ], [ 610954.531277877627872, 2477392.805549865588546 ], [ 611091.635683196480386, 2477367.218486927449703 ], [ 611065.334729419788346, 2477158.89281479595229 ], [ 611091.635683196480386, 2477367.218486927449703 ], [ 611102.228178886580281, 2477469.148783077951521 ], [ 611085.471345920464955, 2477508.884499628096819 ], [ 611226.056113792816177, 2477571.892610764596611 ], [ 611495.052946723764762, 2477672.361526357941329 ], [ 611460.476380549371243, 2477756.25301738968119 ], [ 611580.613203057087958, 2477799.189218089915812 ], [ 611627.81988030357752, 2478105.093184771481901 ], [ 611627.81988030357752, 2478105.093184771481901 ], [ 611580.613203057087958, 2477799.189218089915812 ], [ 611460.476380549371243, 2477756.25301738968119 ], [ 611495.052946723764762, 2477672.361526357941329 ], [ 611226.056113792816177, 2477571.892610764596611 ], [ 611036.106915882555768, 2477501.887544386554509 ], [ 610871.717181032290682, 2477456.424433834385127 ], [ 610322.492253190372139, 2477239.934356013312936 ], [ 610192.219150359393097, 2477173.686892692465335 ], [ 610270.042252661893144, 2477087.886736260727048 ], [ 610361.035938853397965, 2477032.072764497250319 ], [ 610357.979167252429761, 2477027.622535915113986 ], [ 610361.035938853397965, 2477032.072764497250319 ], [ 610229.095046282396652, 2476621.502733473666012 ], [ 610214.023347479989752, 2476569.361381694208831 ], [ 610147.845278075896204, 2476609.853343992028385 ], [ 609970.483717902563512, 2476794.586312389932573 ], [ 609804.55241379654035, 2476965.00984436320141 ], [ 609703.415124172810465, 2476999.720089720096439 ], [ 609688.585318041383289, 2476913.260728218127042 ], [ 609589.647982247639447, 2476928.059409028384835 ], [ 609596.274093756685033, 2477010.032137538772076 ] ] } },
{ "type": "Feature", "properties": { "route_name": "97_Altamira - Central Camionera", "route_name_short": "Altamira - Central Camionera", "route_type": 3 }, "geometry": { "type": "LineString", "coordinates": [ [ 609321.632940041017719, 2477268.259540942497551 ], [ 609319.30315707065165, 2477160.853905473370105 ], [ 609356.988644951721653, 2477072.551742269657552 ], [ 609697.301200085901655, 2476990.819909690413624 ], [ 609827.357442831387743, 2476943.029514377936721 ], [ 610154.045764585025609, 2476606.576141226105392 ], [ 610238.801784523995593, 2476559.573840016964823 ], [ 610697.593189605511725, 2476468.743365499656647 ], [ 610777.045862829079852, 2476443.848161341156811 ], [ 610866.817496925592422, 2476415.705914833117276 ], [ 610937.370209151180461, 2476339.820739605929703 ], [ 610981.34702007076703, 2476237.174713774118572 ], [ 611042.381453204434365, 2476196.649254472460598 ], [ 611157.419553198618814, 2476091.19212177908048 ], [ 611321.645406755967997, 2476018.195510517805815 ], [ 611722.194331578328274, 2475583.771160274744034 ], [ 612427.695159768103622, 2474843.789034172426909 ], [ 612623.866763913771138, 2474628.219574452377856 ], [ 613115.500313528231345, 2474139.134757825173438 ], [ 614564.312410194077529, 2472464.742245122790337 ], [ 615281.773429586086422, 2471954.140557880047709 ], [ 615720.72314879775513, 2471509.024685316253453 ], [ 615918.320890193339437, 2470838.477167613338679 ], [ 616040.141417277627625, 2470386.575068571604788 ], [ 615881.420779918320477, 2469572.763851372525096 ], [ 615315.924193000420928, 2467632.209382246714085 ], [ 615184.403466029209085, 2467169.567831146996468 ], [ 615185.592742576031014, 2467009.045232474803925 ], [ 615403.987019311753102, 2466593.282919450197369 ], [ 616057.149639142444357, 2465487.707484674174339 ], [ 616077.607768879970536, 2465369.398868140298873 ], [ 616160.812037068535574, 2465264.843948503024876 ], [ 616373.903837787918746, 2465151.296247262507677 ], [ 616909.830612987047061, 2464718.002377041149884 ], [ 617221.942462419741787, 2464318.466353584080935 ], [ 617839.268624317715876, 2463756.282286122441292 ], [ 617570.477465088129975, 2463054.552176975645125 ], [ 617430.62834853772074, 2462468.93988339882344 ], [ 617356.415619125589728, 2462334.419726097024977 ], [ 617284.529116961173713, 2462164.489847349468619 ], [ 617054.872946185292676, 2461733.202804303728044 ], [ 616980.279102512984537, 2461511.22012707637623 ], [ 616971.602812786702998, 2461431.442895466461778 ], [ 616886.103249539388344, 2461289.091123737860471 ], [ 617124.475819006795064, 2461247.703003311995417 ], [ 617130.328030238510109, 2461017.467498921323568 ], [ 617654.636969055514783, 2461188.589975495822728 ], [ 617682.748256559483707, 2460877.702910164371133 ], [ 617682.748256559483707, 2460877.702910164371133 ], [ 617654.636969055514783, 2461188.589975495822728 ], [ 617130.328030238510109, 2461017.467498921323568 ], [ 617124.475819006795064, 2461247.703003311995417 ], [ 616972.774198179831728, 2461275.348814787343144 ], [ 616971.602812786702998, 2461431.442895466461778 ], [ 616980.279102512984537, 2461511.22012707637623 ], [ 617054.872946185292676, 2461733.202804303728044 ], [ 617284.529116961173713, 2462164.489847349468619 ], [ 617356.415619125589728, 2462334.419726097024977 ], [ 617430.62834853772074, 2462468.93988339882344 ], [ 617570.477465088129975, 2463054.552176975645125 ], [ 617832.056168323615566, 2463756.227702948730439 ], [ 618014.320916167576797, 2463635.824954766780138 ], [ 617851.699542819755152, 2463883.695049626287073 ], [ 617536.183207840309478, 2464048.484799215104431 ], [ 617221.942462419741787, 2464318.466353584080935 ], [ 616909.830612987047061, 2464718.002377041149884 ], [ 616373.903837787918746, 2465151.296247262507677 ], [ 616215.990547936526127, 2465326.147286152932793 ], [ 616130.81662068690639, 2465418.508958507794887 ], [ 616057.149639142444357, 2465487.707484674174339 ], [ 615403.987019311753102, 2466593.282919450197369 ], [ 615185.592742576031014, 2467009.045232474803925 ], [ 615184.403466029209085, 2467169.567831146996468 ], [ 615315.924193000420928, 2467632.209382246714085 ], [ 615881.420779918320477, 2469572.763851372525096 ], [ 616040.141417277627625, 2470386.575068571604788 ], [ 615918.320890193339437, 2470838.477167613338679 ], [ 615720.72314879775513, 2471509.024685316253453 ], [ 615281.773429586086422, 2471954.140557880047709 ], [ 614564.312410194077529, 2472464.742245122790337 ], [ 613115.500313528231345, 2474139.134757825173438 ], [ 612623.866763913771138, 2474628.219574452377856 ], [ 612427.695159768103622, 2474843.789034172426909 ], [ 611722.194331578328274, 2475583.771160274744034 ], [ 611321.645406755967997, 2476018.195510517805815 ], [ 611157.419553198618814, 2476091.19212177908048 ], [ 611042.381453204434365, 2476196.649254472460598 ], [ 610981.34702007076703, 2476237.174713774118572 ], [ 610937.370209151180461, 2476339.820739605929703 ], [ 610866.817496925592422, 2476415.705914833117276 ], [ 610777.045862829079852, 2476443.848161341156811 ], [ 610697.593189605511725, 2476468.743365499656647 ], [ 610238.801784523995593, 2476559.573840016964823 ], [ 610154.045764585025609, 2476606.576141226105392 ], [ 609827.357442831387743, 2476943.029514377936721 ], [ 609697.301200085901655, 2476990.819909690413624 ], [ 609409.654568548314273, 2477049.674737606197596 ], [ 609427.519271921366453, 2477143.904969439841807 ], [ 609319.30315707065165, 2477160.853905473370105 ] ] } },
{ "type": "Feature", "properties": { "route_name": "98_Altamira - Brisas - Monte alto", "route_name_short": "Altamira - Brisas - Monte alto", "route_type": 3 }, "geometry": { "type": "LineString", "coordinates": [ [ 609704.475958649651147, 2476995.299184575676918 ], [ 609794.250049095251597, 2476966.043868221808225 ], [ 610159.271920670522377, 2476595.542257926426828 ], [ 610300.696752490708604, 2476542.300987591966987 ], [ 610707.935555001138709, 2476462.174665585625917 ], [ 610837.912502768216655, 2476426.570047514047474 ], [ 610937.314682874595746, 2476347.570108378771693 ], [ 610996.892734364722855, 2476222.893724972382188 ], [ 611165.719240146572702, 2476082.394824642688036 ], [ 611341.381377666955814, 2475993.980974093545228 ], [ 611821.758325030561537, 2475483.742525314446539 ], [ 611757.303715851157904, 2475426.814646209124476 ], [ 611703.288239343324676, 2475207.217038064263761 ], [ 611656.813801713520661, 2475226.809969649650156 ], [ 611632.88590279663913, 2475118.140682789962739 ], [ 611667.380499255843461, 2474903.609873518813401 ], [ 611734.22424119093921, 2474915.162916918285191 ], [ 611779.398533519590273, 2474933.202556408476084 ], [ 611804.292490894324146, 2474907.918639946728945 ], [ 611834.030836888938211, 2474924.739942154847085 ], [ 611879.580743843573146, 2474890.748372199479491 ], [ 611946.056457615690306, 2474953.226797015406191 ], [ 612092.23802762129344, 2474814.787695859093219 ], [ 612107.890309645910747, 2474786.116041155532002 ], [ 612270.709118061931804, 2474625.656641160137951 ], [ 612337.110043991007842, 2474556.389836443588138 ], [ 612231.644685605657287, 2474474.806423945352435 ], [ 612510.759538612910546, 2474181.231446653604507 ], [ 612262.175936468760483, 2473955.792267450131476 ], [ 612160.896692672278732, 2473864.27593952557072 ], [ 612213.802273158216849, 2473810.410433256998658 ], [ 611874.668236224679276, 2473574.358883505221456 ], [ 611454.687312431633472, 2473266.879028083756566 ], [ 611670.893865416641347, 2473415.680203699041158 ], [ 611806.182953571435064, 2473218.482833436690271 ], [ 611883.363778872648254, 2473082.865208590403199 ], [ 612198.188000637339428, 2472979.964685064740479 ], [ 612312.100834879209287, 2473318.45802033925429 ], [ 612339.910775769036263, 2473317.552396086975932 ], [ 612291.041756578022614, 2473382.517890694085509 ], [ 612193.521244167699479, 2473482.558888032566756 ], [ 612384.064380152849481, 2473619.006601529195905 ], [ 612774.456041502882726, 2473885.33464443217963 ], [ 613114.583784880349413, 2474123.628465236164629 ], [ 613114.583784880349413, 2474123.628465236164629 ], [ 612774.456041502882726, 2473885.33464443217963 ], [ 612384.064380152849481, 2473619.006601529195905 ], [ 612193.521244167699479, 2473482.558888032566756 ], [ 612291.041756578022614, 2473382.517890694085509 ], [ 612339.910775769036263, 2473317.552396086975932 ], [ 612312.100834879209287, 2473318.45802033925429 ], [ 612198.188000637339428, 2472979.964685064740479 ], [ 611883.363778872648254, 2473082.865208590403199 ], [ 611806.182953571435064, 2473218.482833436690271 ], [ 611670.893865416641347, 2473415.680203699041158 ], [ 611454.687312431633472, 2473266.879028083756566 ], [ 611874.668236224679276, 2473574.358883505221456 ], [ 612213.802273158216849, 2473810.410433256998658 ], [ 612160.896692672278732, 2473864.27593952557072 ], [ 612262.175936468760483, 2473955.792267450131476 ], [ 612510.759538612910546, 2474181.231446653604507 ], [ 612231.644685605657287, 2474474.806423945352435 ], [ 612337.110043991007842, 2474556.389836443588138 ], [ 612270.709118061931804, 2474625.656641160137951 ], [ 612107.890309645910747, 2474786.116041155532002 ], [ 612092.23802762129344, 2474814.787695859093219 ], [ 611946.056457615690306, 2474953.226797015406191 ], [ 611879.580743843573146, 2474890.748372199479491 ], [ 611834.030836888938211, 2474924.739942154847085 ], [ 611804.292490894324146, 2474907.918639946728945 ], [ 611779.398533519590273, 2474933.202556408476084 ], [ 611734.22424119093921, 2474915.162916918285191 ], [ 611667.380499255843461, 2474903.609873518813401 ], [ 611632.88590279663913, 2475118.140682789962739 ], [ 611656.813801713520661, 2475226.809969649650156 ], [ 611703.288239343324676, 2475207.217038064263761 ], [ 611757.303715851157904, 2475426.814646209124476 ], [ 611821.758325030561537, 2475483.742525314446539 ], [ 611341.381377666955814, 2475993.980974093545228 ], [ 611165.719240146572702, 2476082.394824642688036 ], [ 610996.892734364722855, 2476222.893724972382188 ], [ 610937.314682874595746, 2476347.570108378771693 ], [ 610837.912502768216655, 2476426.570047514047474 ], [ 610707.935555001138709, 2476462.174665585625917 ], [ 610300.696752490708604, 2476542.300987591966987 ], [ 610124.017707776976749, 2476630.718859088607132 ], [ 609872.904829344013706, 2476907.925354225095361 ], [ 609797.275578330853023, 2476974.922180235385895 ], [ 609699.297329739667475, 2476999.69090473279357 ], [ 609664.772525699227117, 2476786.881951405201107 ], [ 609758.563531761406921, 2476772.047214306425303 ], [ 609799.3266262114048, 2476976.043836088385433 ] ] } },
{ "type": "Feature", "properties": { "route_name": "100_Infonavit - Altamira - Tampico por Av. Hidalgo y Ayuntamiento", "route_name_short": "Infonavit - Altamira - Tampico por Av. Hidalgo y Ayuntamiento", "route_type": 3 }, "geometry": { "type": "LineString", "coordinates": [ [ 608047.062860512291081, 2476689.152050805743784 ], [ 608321.086462650448084, 2476664.496660126373172 ], [ 608341.26410409656819, 2476870.558643685653806 ], [ 608262.506867421558127, 2476944.183359685353935 ], [ 608168.594986164011061, 2476976.739804745651782 ], [ 608062.027268015779555, 2476905.141014149412513 ], [ 608043.099532232386991, 2476666.982391850557178 ], [ 608041.249209963716567, 2476637.077783489134163 ], [ 607911.726005745120347, 2476461.252685916610062 ], [ 608059.231418709503487, 2476125.723319685552269 ], [ 608396.304995211190544, 2476067.188816116191447 ], [ 608402.001524380757473, 2476135.868915948551148 ], [ 608656.46737691713497, 2476112.189166253898293 ], [ 608664.979302858468145, 2476219.63772843638435 ], [ 608821.634139125235379, 2476196.381703348364681 ], [ 608864.70188356784638, 2476221.040696834679693 ], [ 608930.63649516471196, 2476214.861811949405819 ], [ 608955.377871909528039, 2476502.882566635031253 ], [ 609035.802555710310116, 2477216.423439159523696 ], [ 609028.924041716498323, 2477316.014338756445795 ], [ 609046.751638465793803, 2477415.77932165376842 ], [ 609335.28629707719665, 2477375.74518917966634 ], [ 609317.2051866739057, 2477166.374611199367791 ], [ 609341.390587098430842, 2477094.583638702984899 ], [ 609417.905776695464738, 2477047.518856178969145 ], [ 609744.663714586291462, 2476990.048545479774475 ], [ 609816.992226561415009, 2476952.919928601942956 ], [ 610110.55579925654456, 2476641.694171272683889 ], [ 610172.710268559399992, 2476587.888138700276613 ], [ 610719.29158273129724, 2476457.827439186628908 ], [ 610794.570936702890322, 2476440.652239845599979 ], [ 610874.039788129855879, 2476413.543416149448603 ], [ 610924.921080334112048, 2476353.016857185401022 ], [ 610960.495150935021229, 2476273.559879684820771 ], [ 611014.537173928925768, 2476203.09224982233718 ], [ 611139.854263099026866, 2476099.922915793489665 ], [ 611275.022729897755198, 2476058.823490941897035 ], [ 611976.226534777088091, 2475337.612593148369342 ], [ 612443.20343157928437, 2474835.044675876386464 ], [ 612860.376708221388981, 2474388.589606639463454 ], [ 613258.772962701041251, 2473978.542345458641648 ], [ 614305.649231626652181, 2472768.398019614629447 ], [ 614604.710430603357963, 2472432.934287248179317 ], [ 614971.561807895428501, 2472123.441804937086999 ], [ 615304.51131112605799, 2471943.238346739206463 ], [ 615518.076373437535949, 2471753.29533682949841 ], [ 615691.673274653148837, 2471537.59319495363161 ], [ 615763.780397027730942, 2471397.52666488988325 ], [ 616021.846985493320972, 2470491.614776949863881 ], [ 616045.439905114588328, 2470366.686505991965532 ], [ 615802.776131896069273, 2469345.217936468310654 ], [ 615247.528091548243538, 2467409.172199125867337 ], [ 615182.261211826000363, 2467180.623092002701014 ], [ 615204.528778279200196, 2466956.044103404972702 ], [ 616064.427324221702293, 2465478.904859172645956 ], [ 616103.878216581535526, 2465162.564512063749135 ], [ 615991.970893676159903, 2464832.917215244378895 ], [ 616108.627236351720057, 2464526.009542151354253 ], [ 616098.040648052701727, 2464149.512129927054048 ], [ 616006.311481837881729, 2463738.089676787611097 ], [ 615933.321558889234439, 2463438.625934951938689 ], [ 616043.704225274268538, 2463144.956417586188763 ], [ 616035.956974211730994, 2462801.694247483741492 ], [ 615954.73563694069162, 2462638.34418489318341 ], [ 615797.847075587837026, 2461979.554202505853027 ], [ 615749.1634032712318, 2461735.628598227165639 ], [ 615805.643632638733834, 2461346.346006686333567 ], [ 615990.01792761485558, 2460805.23370800120756 ], [ 616124.928216947591864, 2460541.639013573527336 ], [ 616388.010320997913368, 2459952.404275937005877 ], [ 616690.39570577442646, 2459209.579113121144474 ], [ 617042.736833418253809, 2458268.960947497282177 ], [ 617146.014589526923373, 2457967.49491849122569 ], [ 617163.569178913254291, 2457688.635230512358248 ], [ 617216.112309551099315, 2457555.069453347474337 ], [ 617575.027854256215505, 2457392.808637167327106 ], [ 617493.898924156324938, 2457215.060472704935819 ], [ 617397.430967561667785, 2457020.590920645277947 ], [ 617138.827276037423871, 2457139.323897757101804 ], [ 617221.855936790117994, 2457339.226399079430848 ], [ 617661.477877943892963, 2457137.717400909401476 ], [ 617622.027555703883991, 2457037.780355020426214 ], [ 617531.96522172074765, 2457088.029344808775932 ], [ 617531.96522172074765, 2457088.029344808775932 ], [ 617616.32022254623007, 2457248.088210064452142 ], [ 617703.490349170053378, 2457444.703512679319829 ], [ 617259.744877193938009, 2457647.287111459765583 ], [ 617163.569178913254291, 2457688.635230512358248 ], [ 617146.014589526923373, 2457967.49491849122569 ], [ 617042.736833418253809, 2458268.960947497282177 ], [ 616970.381602488807403, 2458433.377769857645035 ], [ 617061.135144563391805, 2458701.978649259544909 ], [ 616915.734385636402294, 2459261.086000126320869 ], [ 616797.019928569789045, 2459698.612226861994714 ], [ 616741.168951971107163, 2460137.716769314836711 ], [ 616745.628661652328447, 2460368.029102543834597 ], [ 616685.104990569408983, 2460605.604845979716629 ], [ 616731.985634606448002, 2460951.374359175562859 ], [ 616900.547011603135616, 2461286.985214240849018 ], [ 616976.663931458373554, 2461443.65911738621071 ], [ 616989.20457086712122, 2461557.785858710762113 ], [ 617191.084433397976682, 2461983.327128973323852 ], [ 617388.881003616494127, 2462402.198338546324521 ], [ 617829.945200454676524, 2463762.854440754279494 ], [ 618023.854269720148295, 2463601.576510891318321 ], [ 618032.959693123004399, 2463623.787915226537734 ], [ 617871.510719684301876, 2463852.845685810316354 ], [ 617776.074201457900926, 2463937.371617764700204 ], [ 617522.705340436194092, 2464059.454231813084334 ], [ 617153.441978958435357, 2464384.377688966225833 ], [ 616846.451331724529155, 2464788.381867712829262 ], [ 616335.486474914127029, 2465190.865121679380536 ], [ 616064.427324221702293, 2465478.904859172645956 ], [ 615204.528778279200196, 2466956.044103404972702 ], [ 615182.261211826000363, 2467180.623092002701014 ], [ 615247.528091548243538, 2467409.172199125867337 ], [ 615802.776131896069273, 2469345.217936468310654 ], [ 616045.439905114588328, 2470366.686505991965532 ], [ 616021.846985493320972, 2470491.614776949863881 ], [ 615763.780397027730942, 2471397.52666488988325 ], [ 615691.673274653148837, 2471537.59319495363161 ], [ 615518.076373437535949, 2471753.29533682949841 ], [ 615304.51131112605799, 2471943.238346739206463 ], [ 614971.561807895428501, 2472123.441804937086999 ], [ 614604.710430603357963, 2472432.934287248179317 ], [ 614305.649231626652181, 2472768.398019614629447 ], [ 613258.772962701041251, 2473978.542345458641648 ], [ 612860.376708221388981, 2474388.589606639463454 ], [ 612443.20343157928437, 2474835.044675876386464 ], [ 611976.226534777088091, 2475337.612593148369342 ], [ 611275.022729897755198, 2476058.823490941897035 ], [ 611139.854263099026866, 2476099.922915793489665 ], [ 611014.537173928925768, 2476203.09224982233718 ], [ 610960.495150935021229, 2476273.559879684820771 ], [ 610924.921080334112048, 2476353.016857185401022 ], [ 610874.039788129855879, 2476413.543416149448603 ], [ 610794.570936702890322, 2476440.652239845599979 ], [ 610719.29158273129724, 2476457.827439186628908 ], [ 610172.710268559399992, 2476587.888138700276613 ], [ 610110.55579925654456, 2476641.694171272683889 ], [ 609816.992226561415009, 2476952.919928601942956 ], [ 609744.663714586291462, 2476990.048545479774475 ], [ 609417.905776695464738, 2477047.518856178969145 ], [ 609341.390587098430842, 2477094.583638702984899 ], [ 609317.2051866739057, 2477166.374611199367791 ], [ 609335.28629707719665, 2477375.74518917966634 ], [ 609046.751638465793803, 2477415.77932165376842 ], [ 609028.924041716498323, 2477316.014338756445795 ], [ 609035.802555710310116, 2477216.423439159523696 ], [ 608955.377871909528039, 2476502.882566635031253 ], [ 608930.63649516471196, 2476214.861811949405819 ], [ 608864.70188356784638, 2476221.040696834679693 ], [ 608821.634139125235379, 2476196.381703348364681 ], [ 608664.979302858468145, 2476219.63772843638435 ], [ 608656.46737691713497, 2476112.189166253898293 ], [ 608402.001524380757473, 2476135.868915948551148 ], [ 608396.304995211190544, 2476067.188816116191447 ], [ 608059.231418709503487, 2476125.723319685552269 ], [ 607911.726005745120347, 2476461.252685916610062 ], [ 608041.249209963716567, 2476637.077783489134163 ], [ 608043.099532232386991, 2476666.982391850557178 ], [ 608062.027268015779555, 2476905.141014149412513 ], [ 608168.594986164011061, 2476976.739804745651782 ], [ 608262.506867421558127, 2476944.183359685353935 ], [ 608341.26410409656819, 2476870.558643685653806 ], [ 608321.086462650448084, 2476664.496660126373172 ] ] } },
{ "type": "Feature", "properties": { "route_name": "100A_Infonavit - Altamira - Tampico por Av. Ayuntamiento y Av. Hidalgo", "route_name_short": "Infonavit - Altamira - Tampico por Av. Ayuntamiento y Av. Hidalgo", "route_type": 3 }, "geometry": { "type": "LineString", "coordinates": [ [ 608045.003931155311875, 2476689.137680233456194 ], [ 608322.13916901499033, 2476661.182723962236196 ], [ 608335.025398860569112, 2476879.371787257492542 ], [ 608254.263538449653424, 2476945.232805531937629 ], [ 608174.779398509301245, 2476975.675924766343087 ], [ 608062.050454002688639, 2476901.819875477813184 ], [ 608040.188837094116025, 2476641.49878210015595 ], [ 607971.886234642704949, 2476544.70458698598668 ], [ 608022.569927889737301, 2476510.738071321509778 ], [ 607935.789933745982125, 2476406.065478510223329 ], [ 608085.347622881527059, 2476071.657736478373408 ], [ 608303.982321958523244, 2476018.937507122755051 ], [ 608389.501397520769387, 2476009.571978831663728 ], [ 608392.155969709623605, 2476071.588173289783299 ], [ 608584.860078628524207, 2476046.367889703717083 ], [ 608594.681569341104478, 2476113.969925236422569 ], [ 608652.357126141083427, 2476111.053222925867885 ], [ 608670.00247414491605, 2476237.386605454143137 ], [ 608773.193221534136683, 2476203.791040029842407 ], [ 608859.624443018692546, 2476211.041079332586378 ], [ 608928.569709608796984, 2476215.954373996239156 ], [ 608971.967290410073474, 2476632.530368351843208 ], [ 609023.503887531114742, 2477062.449368043337017 ], [ 609033.00274670671206, 2477321.578594466205686 ], [ 609044.739604616072029, 2477409.122518525458872 ], [ 609332.190208201529458, 2477376.830420583952218 ], [ 609316.074099240242504, 2477180.758985396008939 ], [ 609339.355166568071581, 2477091.247944906353951 ], [ 609451.940079539548606, 2477038.902653271332383 ], [ 609787.986966602504253, 2476978.177611708641052 ], [ 610184.113312249421142, 2476576.898222910240293 ], [ 610784.27604824595619, 2476440.578569390811026 ], [ 610904.061557893175632, 2476390.509144199546427 ], [ 610995.871166534489021, 2476221.77929209638387 ], [ 611186.43670193827711, 2476064.829811763949692 ], [ 611439.910778289427981, 2475893.942654084879905 ], [ 611940.989291727426462, 2475369.464143120218068 ], [ 612563.61027168657165, 2474701.958296181168407 ], [ 612967.171186703722924, 2474287.513256457168609 ], [ 613220.408687956747599, 2474014.796834365464747 ], [ 614581.867468509241007, 2472458.229221583344042 ], [ 615000.494352696929127, 2472110.370847053825855 ], [ 615320.040615732781589, 2471932.282580159604549 ], [ 615662.458456350490451, 2471588.302936425432563 ], [ 615758.482548139290884, 2471417.415314758196473 ], [ 615870.728465750464238, 2471005.296996691264212 ], [ 616043.346989269484766, 2470371.099343264475465 ], [ 615975.764823706587777, 2469904.496827932074666 ], [ 615419.252526323194616, 2468006.074057697784156 ], [ 615296.779557687812485, 2467574.497420007362962 ], [ 615176.342964320327155, 2467145.151621973142028 ], [ 615183.63090523716528, 2466995.745341550558805 ], [ 616070.592195506673306, 2465481.165078779216856 ], [ 616082.957188713364303, 2465342.868034848943353 ], [ 616182.430671263835393, 2465267.219584734644741 ], [ 616387.388225024449639, 2465139.218832410406321 ], [ 616771.830967966117896, 2464846.498964198399335 ], [ 616974.265711464569904, 2464644.309704859275371 ], [ 617213.616608124226332, 2464329.474830807186663 ], [ 617852.69670294993557, 2463751.95544193405658 ], [ 617572.571685010334477, 2463050.139517566654831 ], [ 617469.604911181377247, 2462629.765528242103755 ], [ 617250.110107319196686, 2462082.304331053979695 ], [ 617057.972708477056585, 2461732.118973383214325 ], [ 616987.442723951186053, 2461517.916571537964046 ], [ 616971.677584177814424, 2461421.479442731011659 ], [ 616891.22259880870115, 2461293.557961344718933 ], [ 616765.437686047051102, 2461025.801329839974642 ], [ 616720.298862859373912, 2460860.503750680945814 ], [ 616682.096165939117782, 2460594.511224602349102 ], [ 616757.255053795757703, 2460329.367280486039817 ], [ 616808.522502472391352, 2459676.556160003878176 ], [ 617058.940915655344725, 2458719.675943264737725 ], [ 616972.409815674764104, 2458437.821405795868486 ], [ 617132.31604771851562, 2458007.248051076196134 ], [ 617157.417907770723104, 2457684.160636457614601 ], [ 617222.313485511112958, 2457552.901790400035679 ], [ 617566.748348573688418, 2457397.174737235531211 ], [ 617394.363547572400421, 2457017.24653718015179 ], [ 617134.737345315981656, 2457134.864789008628577 ], [ 617225.979029532987624, 2457339.257350876461715 ], [ 617661.436173953581601, 2457143.252635903656483 ], [ 617623.997428658534773, 2457049.973396425601095 ], [ 617542.298125197179615, 2457084.785783702041954 ], [ 617542.298125197179615, 2457084.785783702041954 ], [ 617696.258286793483421, 2457446.863219782710075 ], [ 617341.498845834983513, 2457604.724059127736837 ], [ 617155.256723611266352, 2457697.429723106324673 ], [ 617132.31604771851562, 2458007.248051076196134 ], [ 616972.409815674764104, 2458437.821405795868486 ], [ 616891.238371610990725, 2458678.562981199007481 ], [ 616541.322916429839097, 2459572.703593881335109 ], [ 616134.120790622429922, 2460552.778560454491526 ], [ 616009.111306838225573, 2460732.306620556861162 ], [ 615918.698266182676889, 2460971.876605482771993 ], [ 615759.194200669415295, 2461633.849121543113142 ], [ 615920.261540768435225, 2462562.804123290348798 ], [ 616037.786881868727505, 2462832.706985048949718 ], [ 616016.790493007516488, 2463161.362581316847354 ], [ 615949.007847875822335, 2463407.743604089133441 ], [ 615965.163819117238745, 2463590.537304974161088 ], [ 616114.755113173276186, 2464257.026747004594654 ], [ 616131.425877475296147, 2464508.465812606737018 ], [ 615992.531953036319464, 2464757.637695419602096 ], [ 616182.430671263835393, 2465267.219584734644741 ], [ 616188.972780777141452, 2465356.944720174185932 ], [ 616070.592195506673306, 2465481.165078779216856 ], [ 615183.63090523716528, 2466995.745341550558805 ], [ 615176.342964320327155, 2467145.151621973142028 ], [ 615296.779557687812485, 2467574.497420007362962 ], [ 615419.252526323194616, 2468006.074057697784156 ], [ 615975.764823706587777, 2469904.496827932074666 ], [ 616043.346989269484766, 2470371.099343264475465 ], [ 615870.728465750464238, 2471005.296996691264212 ], [ 615758.482548139290884, 2471417.415314758196473 ], [ 615662.458456350490451, 2471588.302936425432563 ], [ 615320.040615732781589, 2471932.282580159604549 ], [ 615000.494352696929127, 2472110.370847053825855 ], [ 614581.867468509241007, 2472458.229221583344042 ], [ 613220.408687956747599, 2474014.796834365464747 ], [ 612967.171186703722924, 2474287.513256457168609 ], [ 612563.61027168657165, 2474701.958296181168407 ], [ 611940.989291727426462, 2475369.464143120218068 ], [ 611439.910778289427981, 2475893.942654084879905 ], [ 611186.43670193827711, 2476064.829811763949692 ], [ 610995.871166534489021, 2476221.77929209638387 ], [ 610904.061557893175632, 2476390.509144199546427 ], [ 610784.27604824595619, 2476440.578569390811026 ], [ 610184.113312249421142, 2476576.898222910240293 ], [ 609787.986966602504253, 2476978.177611708641052 ], [ 609451.940079539548606, 2477038.902653271332383 ], [ 609339.355166568071581, 2477091.247944906353951 ], [ 609316.074099240242504, 2477180.758985396008939 ], [ 609332.190208201529458, 2477376.830420583952218 ], [ 609044.739604616072029, 2477409.122518525458872 ], [ 609033.00274670671206, 2477321.578594466205686 ], [ 609023.503887531114742, 2477062.449368043337017 ], [ 608971.967290410073474, 2476632.530368351843208 ], [ 608928.569709608796984, 2476215.954373996239156 ], [ 608859.624443018692546, 2476211.041079332586378 ], [ 608773.193221534136683, 2476203.791040029842407 ], [ 608670.00247414491605, 2476237.386605454143137 ], [ 608652.357126141083427, 2476111.053222925867885 ], [ 608594.681569341104478, 2476113.969925236422569 ], [ 608584.860078628524207, 2476046.367889703717083 ], [ 608392.155969709623605, 2476071.588173289783299 ], [ 608389.501397520769387, 2476009.571978831663728 ], [ 608303.982321958523244, 2476018.937507122755051 ], [ 608085.347622881527059, 2476071.657736478373408 ], [ 607935.789933745982125, 2476406.065478510223329 ], [ 608022.569927889737301, 2476510.738071321509778 ], [ 607971.886234642704949, 2476544.70458698598668 ], [ 608040.188837094116025, 2476641.49878210015595 ], [ 608062.050454002688639, 2476901.819875477813184 ], [ 608174.779398509301245, 2476975.675924766343087 ], [ 608254.263538449653424, 2476945.232805531937629 ], [ 608335.025398860569112, 2476879.371787257492542 ], [ 608319.058513330412097, 2476660.054066992830485 ], [ 608186.179875656031072, 2476670.19586518034339 ], [ 608049.090881870943122, 2476693.594605393707752 ] ] } },
{ "type": "Feature", "properties": { "route_name": "101_Nuevo Madero - Tampico por Av. Hidalgo y Ayuntamiento", "route_name_short": "Nuevo Madero - Tampico por Av. Hidalgo y Ayuntamiento", "route_type": 3 }, "geometry": { "type": "LineString", "coordinates": [ [ 618571.970374497701414, 2471578.157930050510913 ], [ 618607.554279940086417, 2471369.182057009544224 ], [ 618509.845496989437379, 2471351.828561377245933 ], [ 618430.062220606720075, 2471819.535827608313411 ], [ 618379.710947986575775, 2471804.758843315765262 ], [ 618365.833408004138619, 2471868.866557026281953 ], [ 618491.276344169280492, 2471895.288175825029612 ], [ 618380.879728554165922, 2472461.296697255223989 ], [ 618268.76929210324306, 2472442.727300253231078 ], [ 618248.44389312597923, 2472542.214149308856577 ], [ 617910.129553902079351, 2472476.531982300337404 ], [ 618048.412609034101479, 2471762.377794951666147 ], [ 617928.133961147163063, 2471733.784849767107517 ], [ 617269.935136371175759, 2471611.440424961503595 ], [ 617014.913451257045381, 2471559.694373951759189 ], [ 616923.859831005916931, 2471205.83507619984448 ], [ 616845.449198658927344, 2471224.065606752410531 ], [ 616500.424344068160281, 2471087.509676653426141 ], [ 615924.33477459650021, 2470860.664495984092355 ], [ 615717.551094307214953, 2471520.072235547937453 ], [ 615517.013588267145678, 2471757.715904718264937 ], [ 615505.817510511958972, 2471739.918622630182654 ], [ 615702.111900128889829, 2471518.849979773163795 ], [ 615913.725437832414173, 2470764.265771643258631 ], [ 615948.654244928038679, 2470638.31491610314697 ], [ 616005.178320644656196, 2470516.953975898679346 ], [ 616036.154188452870585, 2470368.831338094547391 ], [ 615977.560095504624769, 2469939.938066106289625 ], [ 615313.831167282885872, 2467636.622311539016664 ], [ 615195.488661966752261, 2467202.86336534563452 ], [ 615185.543532591778785, 2467015.687546355184168 ], [ 615777.348440838512033, 2465982.716849809046835 ], [ 616070.625231456244364, 2465476.736867614090443 ], [ 616097.08547068561893, 2465244.440277683082968 ], [ 616071.859762025414966, 2465035.007539825048298 ], [ 616000.642163898330182, 2464775.411954192444682 ], [ 616093.098501618835144, 2464535.857731587253511 ], [ 616117.168898924137466, 2464347.828025819733739 ], [ 616040.443949260050431, 2463859.019241703674197 ], [ 615933.189692093874328, 2463456.338734718505293 ], [ 616049.103616665466689, 2463111.783307218924165 ], [ 616022.75955585797783, 2462775.025283270515501 ], [ 615943.532855456578545, 2462620.547036616597325 ], [ 615753.120865114382468, 2461757.800162313040346 ], [ 615770.494046859093942, 2461499.972941475454718 ], [ 616001.68333934166003, 2460761.036167677957565 ], [ 616228.603787899599411, 2460320.989732204005122 ], [ 616566.612114799558185, 2459498.716255788225681 ], [ 617135.275325655471534, 2458024.983999383170158 ], [ 617161.441219653584994, 2457697.476131245493889 ], [ 617191.124823985854164, 2457588.095146872568876 ], [ 617220.28521160245873, 2457548.45812832377851 ], [ 617570.904771478846669, 2457392.777592554688454 ], [ 617399.517522360896692, 2457017.285279224161059 ], [ 617144.014423124375753, 2457134.93437483208254 ], [ 617228.107062344672158, 2457330.416458589024842 ], [ 617669.715839040931314, 2457138.886579961050302 ], [ 617619.907604775275104, 2457045.514155885670334 ], [ 617538.191625164472498, 2457082.540658221580088 ], [ 617538.191625164472498, 2457082.540658221580088 ], [ 617703.523728833650239, 2457440.275322784669697 ], [ 617607.320455045788549, 2457484.941951964516193 ], [ 617157.384679331677034, 2457688.58882168866694 ], [ 617135.275325655471534, 2458024.983999383170158 ], [ 616897.488813131931238, 2458669.752927863504738 ], [ 617056.63043547666166, 2458752.871900043915957 ], [ 617204.657501562265679, 2458806.017131669446826 ], [ 617115.770799969090149, 2459113.126391381956637 ], [ 617127.748184954514727, 2459302.532184177543968 ], [ 617108.706494034850039, 2459504.990485376678407 ], [ 617109.412989779259078, 2459960.018424382898957 ], [ 617047.543778680963442, 2459963.982449472881854 ], [ 617029.774391389917582, 2459997.062440732959658 ], [ 616831.084813722409308, 2459966.787976697552949 ], [ 616810.610393632203341, 2460223.484231492504478 ], [ 616807.202082510106266, 2460678.481247078627348 ], [ 616854.818237662897445, 2460925.723885465413332 ], [ 617205.373613036004826, 2461042.388010873924941 ], [ 617197.783862705808133, 2461229.433069802820683 ], [ 617241.885888564749621, 2461394.724622927606106 ], [ 617481.438414730597287, 2461880.337505353614688 ], [ 617427.924882441409864, 2462007.252394766081125 ], [ 617267.611262327292934, 2462084.650260032620281 ], [ 617367.56702833448071, 2462358.86026235576719 ], [ 617454.56587891257368, 2462574.296335805673152 ], [ 617505.389120810898021, 2462803.852657119743526 ], [ 617834.083358079311438, 2463760.671519428491592 ], [ 618010.392448802362196, 2463610.331437604501843 ], [ 617869.349460022058338, 2463866.114752904046327 ], [ 617545.489617689396255, 2464044.126589911524206 ], [ 617237.53054192813579, 2464300.869869500864297 ], [ 616876.479087323881686, 2464768.679243766702712 ], [ 616276.331969404011033, 2465247.992943594697863 ], [ 616070.625231456244364, 2465476.736867614090443 ], [ 615777.348440838512033, 2465982.716849809046835 ], [ 615185.543532591778785, 2467015.687546355184168 ], [ 615195.488661966752261, 2467202.86336534563452 ], [ 615313.831167282885872, 2467636.622311539016664 ], [ 615977.560095504624769, 2469939.938066106289625 ], [ 616036.154188452870585, 2470368.831338094547391 ], [ 616005.178320644656196, 2470516.953975898679346 ], [ 615979.517834609141573, 2470642.973972813226283 ], [ 615938.417768068378791, 2470767.771553758066148 ], [ 615924.33477459650021, 2470860.664495984092355 ], [ 616500.424344068160281, 2471087.509676653426141 ], [ 616845.449198658927344, 2471224.065606752410531 ], [ 616923.859831005916931, 2471205.83507619984448 ], [ 617014.913451257045381, 2471559.694373951759189 ], [ 617269.935136371175759, 2471611.440424961503595 ], [ 617928.133961147163063, 2471733.784849767107517 ], [ 618048.412609034101479, 2471762.377794951666147 ], [ 617910.129553902079351, 2472476.531982300337404 ], [ 618248.44389312597923, 2472542.214149308856577 ], [ 618268.76929210324306, 2472442.727300253231078 ], [ 618380.879728554165922, 2472461.296697255223989 ], [ 618491.276344169280492, 2471895.288175825029612 ], [ 618365.833408004138619, 2471868.866557026281953 ], [ 618379.710947986575775, 2471804.758843315765262 ], [ 618430.062220606720075, 2471819.535827608313411 ], [ 618509.845496989437379, 2471351.828561377245933 ], [ 618607.495046633062884, 2471376.931523518636823 ], [ 618568.872410695534199, 2471579.241387327667326 ] ] } },
{ "type": "Feature", "properties": { "route_name": "101A_Nuevo Madero - Tampico por Ayuntamiento y Av. Hidalgo Zona Conurbada Tampico - Madero - Altamira", "route_name_short": "Nuevo Madero - Tampico por Ayuntamiento y Av. Hidalgo Zona Conurbada Tampico - Madero - Altamira", "route_type": 3 }, "geometry": { "type": "LineString", "coordinates": [ [ 618574.030043761013076, 2471578.17367006605491 ], [ 618607.528894258663058, 2471372.503256934229285 ], [ 618507.785798065015115, 2471351.812831248156726 ], [ 618464.58019998902455, 2471614.980088148266077 ], [ 618429.040853288141079, 2471818.420899694785476 ], [ 618380.706977535039186, 2471809.194967438932508 ], [ 618365.799621826852672, 2471873.294823403935879 ], [ 618490.238075319095515, 2471896.387377277947962 ], [ 618379.858402917860076, 2472460.18177003134042 ], [ 618269.807510277023539, 2472441.628085679374635 ], [ 618246.392794398125261, 2472541.091379633639008 ], [ 617911.176159659400582, 2472474.325678828638047 ], [ 618044.276479376945645, 2471764.560583747923374 ], [ 617936.338878570822999, 2471738.275734425522387 ], [ 617022.097221153322607, 2471563.069929213728756 ], [ 617004.773755364585668, 2471538.582523229531944 ], [ 616930.013932684552856, 2471209.202819893602282 ], [ 616846.470715920557268, 2471225.180422827601433 ], [ 616600.038071474875323, 2471125.899975750595331 ], [ 616506.611821040394716, 2471086.449003035202622 ], [ 615919.185402884380892, 2470860.626036481466144 ], [ 615773.346290355199017, 2471357.741686540655792 ], [ 615729.077392635284923, 2471493.587303198873997 ], [ 615695.685277365730144, 2471552.015678460709751 ], [ 615627.073141250642948, 2471637.859619217459112 ], [ 615517.013588267145678, 2471757.715904718264937 ], [ 615509.903800522210076, 2471744.377526161260903 ], [ 615622.072528853313997, 2471617.894184571225196 ], [ 615691.698038051370531, 2471534.272017680574208 ], [ 615714.668004106031731, 2471492.372717103920877 ], [ 615753.69673092965968, 2471368.666302523110062 ], [ 615897.60764220985584, 2470853.822172351181507 ], [ 615970.513505074661225, 2470607.478840553201735 ], [ 616040.257267724489793, 2470371.076248002238572 ], [ 615973.489964919164777, 2469933.264947690535337 ], [ 615344.117601894307882, 2467719.880619911942631 ], [ 615178.600039845099673, 2467118.597626652568579 ], [ 615185.887999835773371, 2466969.191350182052702 ], [ 616068.647356222732924, 2465465.650968244299293 ], [ 616094.455038105719723, 2465320.811534635256976 ], [ 616238.328595710569061, 2465232.209392903372645 ], [ 616395.795881290105172, 2465117.139416818972677 ], [ 616867.18993263063021, 2464770.823720452841371 ], [ 617117.936750230612233, 2464447.216175847221166 ], [ 617229.171319277025759, 2464316.306556933093816 ], [ 617834.066602085600607, 2463762.885630249977112 ], [ 617553.45368431636598, 2462989.103789306245744 ], [ 617495.552602764219046, 2462741.779945909976959 ], [ 617422.401557800476439, 2462466.663644544314593 ], [ 617384.901042684912682, 2462383.347389564383775 ], [ 617244.035634482395835, 2462067.866135706659406 ], [ 617055.94500382989645, 2461727.675289762206376 ], [ 616984.384471468045376, 2461513.465165692381561 ], [ 616976.863330920110457, 2461417.089909651782364 ], [ 616885.122545874677598, 2461282.441096934489906 ], [ 616769.443709646933712, 2461041.330895103979856 ], [ 616726.38263615721371, 2460873.834630707278848 ], [ 616686.168684702715836, 2460601.184363873675466 ], [ 616757.371093937312253, 2460313.868602783419192 ], [ 616749.479945803061128, 2460128.922101429663599 ], [ 616838.565494599286467, 2459518.464447636622936 ], [ 616947.093539133667946, 2459202.644207688979805 ], [ 617060.95245381060522, 2458726.333689521066844 ], [ 616983.747514669434167, 2458437.90638072649017 ], [ 617132.199755907990038, 2458022.746703966986388 ], [ 617163.552563795121387, 2457690.849323169328272 ], [ 617216.112309551099315, 2457555.069453347474337 ], [ 617572.98298380151391, 2457390.579020597971976 ], [ 617401.562468461925164, 2457019.514868834521621 ], [ 617138.843883516965434, 2457137.109806555323303 ], [ 617231.132895520888269, 2457339.296042154543102 ], [ 617669.715839040931314, 2457138.886579961050302 ], [ 617617.829342553392053, 2457047.712723137810826 ], [ 617540.236543330480345, 2457084.770267426967621 ], [ 617540.236543330480345, 2457084.770267426967621 ], [ 617701.412124296883121, 2457446.902067907620221 ], [ 617163.552563795121387, 2457690.849323169328272 ], [ 617132.199755907990038, 2458022.746703966986388 ], [ 616983.747514669434167, 2458437.90638072649017 ], [ 616893.382659862283617, 2458667.507953393273056 ], [ 617054.569076809450053, 2458752.856437937356532 ], [ 617199.504120253841393, 2458805.978427233174443 ], [ 617108.572827996569686, 2459110.858144557103515 ], [ 617131.014559195144102, 2459142.025687736459076 ], [ 617113.917872326914221, 2459634.561576531734318 ], [ 617107.335166143835522, 2459962.217045911122113 ], [ 617047.543778680963442, 2459963.982449472881854 ], [ 617031.835585502558388, 2459997.077906982041895 ], [ 616833.112840068293735, 2459971.23160924622789 ], [ 616804.390152767999098, 2460503.536647166125476 ], [ 616801.093411452835426, 2460668.471485539805144 ], [ 616849.632372327381745, 2460930.113462547771633 ], [ 617211.540136906784028, 2461044.648599756415933 ], [ 617192.631282270536758, 2461229.394331463146955 ], [ 617266.218231549253687, 2461448.049124469980597 ], [ 617309.9548907908611, 2461524.769105328712612 ], [ 617405.195396093535237, 2461741.37356672110036 ], [ 617470.7748325309949, 2461927.863068299368024 ], [ 617400.965971176512539, 2462029.191561072133482 ], [ 617254.16530290839728, 2462091.191761773545295 ], [ 617384.901042684912682, 2462383.347389564383775 ], [ 617422.401557800476439, 2462466.663644544314593 ], [ 617495.552602764219046, 2462741.779945909976959 ], [ 617553.45368431636598, 2462989.103789306245744 ], [ 617832.072923981118947, 2463754.013592153787613 ], [ 618003.916647155769169, 2463649.03153626807034 ], [ 617842.258878971799277, 2463905.765972884371877 ], [ 617529.967794334399514, 2464052.866348317358643 ], [ 617229.171319277025759, 2464316.306556933093816 ], [ 617117.936750230612233, 2464447.216175847221166 ], [ 616867.18993263063021, 2464770.823720452841371 ], [ 616395.795881290105172, 2465117.139416818972677 ], [ 616238.328595710569061, 2465232.209392903372645 ], [ 616094.455038105719723, 2465320.811534635256976 ], [ 616068.647356222732924, 2465465.650968244299293 ], [ 615185.887999835773371, 2466969.191350182052702 ], [ 615178.600039845099673, 2467118.597626652568579 ], [ 615344.117601894307882, 2467719.880619911942631 ], [ 615973.489964919164777, 2469933.264947690535337 ], [ 616040.257267724489793, 2470371.076248002238572 ], [ 615970.513505074661225, 2470607.478840553201735 ], [ 615929.814900584984571, 2470816.420602180995047 ], [ 615919.185402884380892, 2470860.626036481466144 ], [ 616506.611821040394716, 2471086.449003035202622 ], [ 616600.038071474875323, 2471125.899975750595331 ], [ 616846.470715920557268, 2471225.180422827601433 ], [ 616930.013932684552856, 2471209.202819893602282 ], [ 617004.773755364585668, 2471538.582523229531944 ], [ 617022.097221153322607, 2471563.069929213728756 ], [ 617936.338878570822999, 2471738.275734425522387 ], [ 618044.276479376945645, 2471764.560583747923374 ], [ 617911.176159659400582, 2472474.325678828638047 ], [ 618246.392794398125261, 2472541.091379633639008 ], [ 618269.807510277023539, 2472441.628085679374635 ], [ 618379.858402917860076, 2472460.18177003134042 ], [ 618490.238075319095515, 2471896.387377277947962 ], [ 618365.799621826852672, 2471873.294823403935879 ], [ 618380.706977535039186, 2471809.194967438932508 ], [ 618429.040853288141079, 2471818.420899694785476 ], [ 618464.58019998902455, 2471614.980088148266077 ], [ 618507.785798065015115, 2471351.812831248156726 ], [ 618607.528894258663058, 2471372.503256934229285 ], [ 618572.991748908651061, 2471579.272866822779179 ] ] } },
{ "type": "Feature", "properties": { "route_name": "102_Azteca - Tampico - por Av. Hidalgo y Ayuntamiento", "route_name_short": "Azteca - Tampico - por Av. Hidalgo y Ayuntamiento", "route_type": 3 }, "geometry": { "type": "LineString", "coordinates": [ [ 613140.55016892880667, 2473387.58710925001651 ], [ 613099.677048598183319, 2473061.797562278341502 ], [ 613173.570943761384115, 2472954.946742738131434 ], [ 613175.791999358567409, 2472932.820688809733838 ], [ 612386.02552212763112, 2473064.358261540066451 ], [ 612377.579167561489157, 2473093.08191708708182 ], [ 612248.616259161382914, 2473126.468180175870657 ], [ 612310.017374741379172, 2473321.764259207062423 ], [ 612341.970177407143638, 2473317.567318682093173 ], [ 612292.071452940930612, 2473382.525348897092044 ], [ 612190.416152578196488, 2473484.750637196935713 ], [ 612284.698540393845178, 2473547.431439918931574 ], [ 612391.223987727891654, 2473625.701176809147 ], [ 612504.988242527702823, 2473699.595796156208962 ], [ 612772.412822129903361, 2473883.105552399996668 ], [ 612953.71146526990924, 2474015.065113049931824 ], [ 613110.457107278285548, 2474124.705461275298148 ], [ 613780.017764514312148, 2473388.945707230363041 ], [ 614579.840653831604868, 2472453.785777247045189 ], [ 614931.170420381706208, 2472154.141807121224701 ], [ 615281.789883103920147, 2471951.926440839190036 ], [ 615417.509093016618863, 2471843.330700641963631 ], [ 615700.941733368090354, 2471537.662305349018425 ], [ 615970.348086136276834, 2470629.620014902669936 ], [ 616036.154188452870585, 2470368.831338094547391 ], [ 615971.562387976329774, 2469915.536636498291045 ], [ 615180.512649179901928, 2467138.539833937305957 ], [ 615183.499681352754124, 2467013.458178333006799 ], [ 615235.88398416666314, 2466895.385240979492664 ], [ 616057.100090705789626, 2465494.349801295436919 ], [ 616103.333037096075714, 2465235.629979802761227 ], [ 616099.996741393115371, 2465130.429242454934865 ], [ 615996.455043261987157, 2464784.237652122508734 ], [ 616110.819958186242729, 2464508.31208559917286 ], [ 616092.387078727129847, 2464078.614751414395869 ], [ 615935.316356865107082, 2463447.497676492203027 ], [ 616030.086525403778069, 2463174.746966964099556 ], [ 616035.891001475625671, 2462810.550643361639231 ], [ 615928.439029262168333, 2462571.721855265088379 ], [ 615753.268871507956646, 2461737.873307893518358 ], [ 615798.232718786341138, 2461372.861546254716814 ], [ 616030.917531199986115, 2460710.326719618868083 ], [ 616130.097498584189452, 2460539.463294756598771 ], [ 616541.389079959597439, 2459563.847218443173915 ], [ 616762.844224338652566, 2459031.876583572477102 ], [ 617033.394028088659979, 2458277.747764866333455 ], [ 617123.787813061033376, 2458044.825767379719764 ], [ 617153.952480894397013, 2457871.236010710708797 ], [ 617163.552563795121387, 2457690.849323169328272 ], [ 617218.157205522642471, 2457557.299022268038243 ], [ 617572.98298380151391, 2457390.579020597971976 ], [ 617401.562468461925164, 2457019.514868834521621 ], [ 617146.05938750912901, 2457137.163930330891162 ], [ 617228.057197546819225, 2457337.058735026512295 ], [ 617667.670946007361636, 2457136.6569525138475 ], [ 617621.952517010737211, 2457047.743776006158441 ], [ 617536.096716216648929, 2457086.953328888397664 ], [ 617536.096716216648929, 2457086.953328888397664 ], [ 617598.963690990000032, 2457225.815300069749355 ], [ 617698.386578188859858, 2457438.02237914968282 ], [ 617163.552563795121387, 2457690.849323169328272 ], [ 617153.952480894397013, 2457871.236010710708797 ], [ 617123.787813061033376, 2458044.825767379719764 ], [ 617033.394028088659979, 2458277.747764866333455 ], [ 616762.844224338652566, 2459031.876583572477102 ], [ 616433.160701154964045, 2459840.92328025540337 ], [ 616831.001888618338853, 2459977.858458533883095 ], [ 616809.092898472561501, 2460426.074116260744631 ], [ 616814.28323807939887, 2460696.248075343668461 ], [ 616858.89058989007026, 2460932.397079485468566 ], [ 617200.204325190046802, 2461044.563373721670359 ], [ 617198.61461786669679, 2461256.010034174658358 ], [ 617294.6473991824314, 2461504.725848087109625 ], [ 617475.172117096954025, 2461891.361417311709374 ], [ 617423.769652119954117, 2462011.6495426222682 ], [ 617254.181963889161125, 2462088.977658067364246 ], [ 617415.455498481518589, 2462431.183594638481736 ], [ 617505.45592888398096, 2462794.996230114251375 ], [ 617661.281168419285677, 2463310.982001313008368 ], [ 617825.907572828233242, 2463751.752698512747884 ], [ 617994.727310840738937, 2463637.890706356614828 ], [ 617855.921472500776872, 2463870.441579037811607 ], [ 617714.069740774575621, 2463961.259305740706623 ], [ 617522.688626475166529, 2464061.668341688811779 ], [ 617362.991334848920815, 2464196.639084993395954 ], [ 617139.856371509144083, 2464409.739137975964695 ], [ 616876.545596608659253, 2464759.822811259422451 ], [ 616418.527783351019025, 2465108.452546617016196 ], [ 616057.100090705789626, 2465494.349801295436919 ], [ 615235.88398416666314, 2466895.385240979492664 ], [ 615183.499681352754124, 2467013.458178333006799 ], [ 615180.512649179901928, 2467138.539833937305957 ], [ 615971.562387976329774, 2469915.536636498291045 ], [ 616036.154188452870585, 2470368.831338094547391 ], [ 615970.348086136276834, 2470629.620014902669936 ], [ 615700.941733368090354, 2471537.662305349018425 ], [ 615417.509093016618863, 2471843.330700641963631 ], [ 615281.789883103920147, 2471951.926440839190036 ], [ 614931.170420381706208, 2472154.141807121224701 ], [ 614579.840653831604868, 2472453.785777247045189 ], [ 613780.017764514312148, 2473388.945707230363041 ], [ 613110.457107278285548, 2474124.705461275298148 ], [ 612953.71146526990924, 2474015.065113049931824 ], [ 612772.412822129903361, 2473883.105552399996668 ], [ 612504.988242527702823, 2473699.595796156208962 ], [ 612391.223987727891654, 2473625.701176809147 ], [ 612284.698540393845178, 2473547.431439918931574 ], [ 612190.416152578196488, 2473484.750637196935713 ], [ 612292.071452940930612, 2473382.525348897092044 ], [ 612341.970177407143638, 2473317.567318682093173 ], [ 612310.017374741379172, 2473321.764259207062423 ], [ 612248.616259161382914, 2473126.468180175870657 ], [ 612377.579167561489157, 2473093.08191708708182 ], [ 612386.02552212763112, 2473064.358261540066451 ], [ 613175.791999358567409, 2472932.820688809733838 ], [ 613173.570943761384115, 2472954.946742738131434 ], [ 613097.657983102370054, 2473056.247269506566226 ], [ 613134.396214308100753, 2473384.220858748070896 ] ] } },
{ "type": "Feature", "properties": { "route_name": "103A_Pedrera - Arboledas - Tampico por Av. Hidalgo y Ayuntamiento", "route_name_short": "Pedrera - Arboledas - Tampico por Av. Hidalgo y Ayuntamiento", "route_type": 3 }, "geometry": { "type": "LineString", "coordinates": [ [ 615442.082560477894731, 2475733.942212905269116 ], [ 615464.06181945768185, 2475962.173864159267396 ], [ 614888.925080466317013, 2476046.466018242761493 ], [ 614767.780531856697053, 2476416.453927202615887 ], [ 614797.524545502266847, 2476570.564625300467014 ], [ 614843.153599478770047, 2476665.008579288609326 ], [ 614888.507385437609628, 2477073.874014336615801 ], [ 614439.93383589014411, 2477034.01576973637566 ], [ 613923.194200274767354, 2477023.561039136722684 ], [ 613790.076589296804741, 2477065.759528895840049 ], [ 613223.974354660720564, 2477188.926631030626595 ], [ 613112.09647688572295, 2477142.716720290947706 ], [ 611978.82768913730979, 2476117.038558616768569 ], [ 611854.114677868317813, 2475993.24768539564684 ], [ 611769.12902384030167, 2475785.604113555513322 ], [ 611669.120634818566032, 2475661.993300219532102 ], [ 612924.665609088377096, 2474327.059570441953838 ], [ 614011.594768667244352, 2473124.939010873436928 ], [ 614583.926997237605974, 2472458.244437005370855 ], [ 614911.448673802078702, 2472175.030948826577514 ], [ 615106.924049602705054, 2472062.446993461810052 ], [ 615326.202964711003006, 2471934.542629307601601 ], [ 615571.050445352448151, 2471692.798235325142741 ], [ 615716.521264334325679, 2471520.064555291552097 ], [ 615970.182665788684972, 2470651.761189776938409 ], [ 616034.044726410415024, 2470375.458293680567294 ], [ 615969.46944048430305, 2469919.949483284261078 ], [ 615305.639751412905753, 2467629.918856729287654 ], [ 615245.435059447190724, 2467413.58513700356707 ], [ 615184.649529281654395, 2467136.35625674482435 ], [ 615190.694168353453279, 2467015.725706053897738 ], [ 615394.633467178442515, 2466604.284640818834305 ], [ 616064.427324221702293, 2465478.904859172645956 ], [ 616103.993858739617281, 2465147.065777216106653 ], [ 615994.146957482909784, 2464817.43384765740484 ], [ 616112.74841541564092, 2464526.040284997783601 ], [ 616099.671963043627329, 2464207.094165374990553 ], [ 616012.460567974485457, 2463742.563939046580344 ], [ 615940.435216276906431, 2463451.964231961872429 ], [ 616041.824914131779224, 2463120.585965688806027 ], [ 616028.694637207896449, 2462808.282816257793456 ], [ 615963.927001310745254, 2462649.483706973493099 ], [ 615753.301761662936769, 2461733.44511807942763 ], [ 615764.294638174236752, 2461502.141111492179334 ], [ 616033.044533794745803, 2460701.485682444646955 ], [ 616320.871360288234428, 2460110.219929863698781 ], [ 617135.507914921152405, 2457993.986693551298231 ], [ 617146.903456199215725, 2457849.040938190184534 ], [ 617163.63563924387563, 2457679.7788599380292 ], [ 617703.540418643853627, 2457438.061227845028043 ], [ 617542.314789472613484, 2457082.571690478827804 ], [ 617542.314789472613484, 2457082.571690478827804 ], [ 617617.846017258823849, 2457045.498629599343985 ], [ 617665.559323706664145, 2457143.283701431006193 ], [ 617228.023954277159646, 2457341.486919344868511 ], [ 617132.642559305997565, 2457139.277508571743965 ], [ 617399.500878821709193, 2457019.49937152909115 ], [ 617570.904771478846669, 2457392.777592554688454 ], [ 617222.313485511112958, 2457552.901790400035679 ], [ 617163.63563924387563, 2457679.7788599380292 ], [ 617146.903456199215725, 2457849.040938190184534 ], [ 617135.507914921152405, 2457993.986693551298231 ], [ 616964.230586231919006, 2458428.903237502556294 ], [ 617033.014896926702932, 2458603.235005466733128 ], [ 617059.123602720210329, 2458695.320903296582401 ], [ 617042.940996927209198, 2458791.518056948669255 ], [ 616836.388161214767024, 2459533.947677053045481 ], [ 616755.425980730447918, 2460298.354493556078523 ], [ 616679.902506605605595, 2460612.208577676210552 ], [ 616720.199407010455616, 2460873.788338252808899 ], [ 616767.448990911594592, 2461032.45906297583133 ], [ 616919.703232734347694, 2461343.5916170142591 ], [ 617071.202656442415901, 2461754.360619348008186 ], [ 617398.021484943688847, 2462419.981059086043388 ], [ 617518.584040098940022, 2462830.522992809768766 ], [ 617661.414992167497985, 2463293.269130969885737 ], [ 617829.995466633699834, 2463756.212108370848 ], [ 617282.134268992580473, 2464261.349632776807994 ], [ 616845.371182847651653, 2464795.016456629615277 ], [ 616288.860411274596117, 2465225.944272773806006 ], [ 616064.427324221702293, 2465478.904859172645956 ], [ 615394.633467178442515, 2466604.284640818834305 ], [ 615190.694168353453279, 2467015.725706053897738 ], [ 615184.649529281654395, 2467136.35625674482435 ], [ 615245.435059447190724, 2467413.58513700356707 ], [ 615305.639751412905753, 2467629.918856729287654 ], [ 615969.46944048430305, 2469919.949483284261078 ], [ 616034.044726410415024, 2470375.458293680567294 ], [ 615970.182665788684972, 2470651.761189776938409 ], [ 615716.521264334325679, 2471520.064555291552097 ], [ 615571.050445352448151, 2471692.798235325142741 ], [ 615326.202964711003006, 2471934.542629307601601 ], [ 615106.924049602705054, 2472062.446993461810052 ], [ 614911.448673802078702, 2472175.030948826577514 ], [ 614583.926997237605974, 2472458.244437005370855 ], [ 614011.594768667244352, 2473124.939010873436928 ], [ 612924.665609088377096, 2474327.059570441953838 ], [ 611669.120634818566032, 2475661.993300219532102 ], [ 611769.12902384030167, 2475785.604113555513322 ], [ 611854.114677868317813, 2475993.24768539564684 ], [ 611978.82768913730979, 2476117.038558616768569 ], [ 613112.09647688572295, 2477142.716720290947706 ], [ 613223.974354660720564, 2477188.926631030626595 ], [ 613790.076589296804741, 2477065.759528895840049 ], [ 613923.194200274767354, 2477023.561039136722684 ], [ 614439.93383589014411, 2477034.01576973637566 ], [ 614888.507385437609628, 2477073.874014336615801 ], [ 614843.153599478770047, 2476665.008579288609326 ], [ 614797.524545502266847, 2476570.564625300467014 ], [ 614767.780531856697053, 2476416.453927202615887 ], [ 614888.925080466317013, 2476046.466018242761493 ], [ 615464.06181945768185, 2475962.173864159267396 ] ] } },
{ "type": "Feature", "properties": { "route_name": "103_Pedrera - Arboledas - Tampico por Av. Hidalgo y Ayuntamiento", "route_name_short": "Pedrera - Arboledas - Tampico por Av. Hidalgo y Ayuntamiento", "route_type": 3 }, "geometry": { "type": "LineString", "coordinates": [ [ 615442.082560477894731, 2475733.942212905269116 ], [ 615464.06181945768185, 2475962.173864159267396 ], [ 614888.925080466317013, 2476046.466018242761493 ], [ 614767.780531856697053, 2476416.453927202615887 ], [ 614797.524545502266847, 2476570.564625300467014 ], [ 614843.153599478770047, 2476665.008579288609326 ], [ 614888.507385437609628, 2477073.874014336615801 ], [ 614439.93383589014411, 2477034.01576973637566 ], [ 613923.194200274767354, 2477023.561039136722684 ], [ 613790.076589296804741, 2477065.759528895840049 ], [ 613223.974354660720564, 2477188.926631030626595 ], [ 613112.09647688572295, 2477142.716720290947706 ], [ 611978.82768913730979, 2476117.038558616768569 ], [ 611854.114677868317813, 2475993.24768539564684 ], [ 611769.12902384030167, 2475785.604113555513322 ], [ 611669.120634818566032, 2475661.993300219532102 ], [ 612924.665609088377096, 2474327.059570441953838 ], [ 614011.594768667244352, 2473124.939010873436928 ], [ 614583.926997237605974, 2472458.244437005370855 ], [ 614911.448673802078702, 2472175.030948826577514 ], [ 615106.924049602705054, 2472062.446993461810052 ], [ 615326.202964711003006, 2471934.542629307601601 ], [ 615571.050445352448151, 2471692.798235325142741 ], [ 615716.521264334325679, 2471520.064555291552097 ], [ 615970.182665788684972, 2470651.761189776938409 ], [ 616034.044726410415024, 2470375.458293680567294 ], [ 615969.46944048430305, 2469919.949483284261078 ], [ 615691.260695027769543, 2468966.859758848790079 ], [ 615492.028084754594602, 2468332.106728550512344 ], [ 615305.639751412905753, 2467629.918856729287654 ], [ 615245.435059447190724, 2467413.58513700356707 ], [ 615184.649529281654395, 2467136.35625674482435 ], [ 615190.694168353453279, 2467015.725706053897738 ], [ 615394.633467178442515, 2466604.284640818834305 ], [ 615757.609919629641809, 2466004.712223026435822 ], [ 616064.427324221702293, 2465478.904859172645956 ], [ 616103.993858739617281, 2465147.065777216106653 ], [ 615994.146957482909784, 2464817.43384765740484 ], [ 616112.74841541564092, 2464526.040284997783601 ], [ 616099.671963043627329, 2464207.094165374990553 ], [ 616012.460567974485457, 2463742.563939046580344 ], [ 615940.435216276906431, 2463451.964231961872429 ], [ 616041.824914131779224, 2463120.585965688806027 ], [ 616028.694637207896449, 2462808.282816257793456 ], [ 615963.927001310745254, 2462649.483706973493099 ], [ 615848.012153150048107, 2462162.600100109353662 ], [ 615753.301761662936769, 2461733.44511807942763 ], [ 615764.294638174236752, 2461502.141111492179334 ], [ 616033.044533794745803, 2460701.485682444646955 ], [ 616320.871360288234428, 2460110.219929863698781 ], [ 616548.926013554446399, 2459520.726286763325334 ], [ 616746.303966181236319, 2459038.395472563803196 ], [ 616999.506764876190573, 2458398.168585367966443 ], [ 617135.507914921152405, 2457993.986693551298231 ], [ 617146.903456199215725, 2457849.040938190184534 ], [ 617163.63563924387563, 2457679.7788599380292 ], [ 617222.330107928486541, 2457550.687697761692107 ], [ 617572.999654726823792, 2457388.364926476031542 ], [ 617399.500878821709193, 2457019.49937152909115 ], [ 617143.997814928065054, 2457137.148466054815799 ], [ 617228.023954277159646, 2457341.486919344868511 ], [ 617674.853094310965389, 2457141.139508775901049 ], [ 617627.139837169786915, 2457043.354406449012458 ], [ 617542.314789472613484, 2457082.571690478827804 ], [ 617542.314789472613484, 2457082.571690478827804 ], [ 617698.369889109628275, 2457440.236474061850458 ], [ 617158.415429255808704, 2457688.596556322649121 ], [ 617146.903456199215725, 2457849.040938190184534 ], [ 617135.507914921152405, 2457993.986693551298231 ], [ 616986.174012262956239, 2458389.211775740142912 ], [ 616800.950662790681235, 2458898.20160528132692 ], [ 616625.312148184748366, 2459367.409025138244033 ], [ 616429.046542268595658, 2459839.785461176652461 ], [ 616644.877700894256122, 2459921.109896238427609 ], [ 616829.007032102439553, 2459968.986633507534862 ], [ 616806.998592357384041, 2460430.486871568486094 ], [ 616803.137929181102663, 2460670.701023452915251 ], [ 616847.587897164630704, 2460927.883916073013097 ], [ 617136.444664727896452, 2461026.370358675718307 ], [ 617126.545166609343141, 2461246.61143903946504 ], [ 616979.979476990993135, 2461276.509998289868236 ], [ 616982.306860077893361, 2461515.663797554560006 ], [ 617071.302450976567343, 2461741.076007890049368 ], [ 617348.255451940698549, 2462323.28711133543402 ], [ 617413.277820411254652, 2462446.666800881735981 ], [ 617497.396329316776246, 2462770.57887601852417 ], [ 617648.388008422218263, 2463244.457545797340572 ], [ 617816.533891925239004, 2463764.967193162068725 ], [ 617932.553610983653925, 2463683.918696330394596 ], [ 617949.985802550450899, 2463695.121926987543702 ], [ 617950.865208133938722, 2463715.056733805220574 ], [ 617860.042845961870626, 2463870.472776702139527 ], [ 617801.966690943925641, 2463919.853605570737273 ], [ 617567.126567867235281, 2464044.289969286881387 ], [ 617139.989668086520396, 2464392.026268750894815 ], [ 616845.404429060872644, 2464790.58824056899175 ], [ 616356.389517654664814, 2465151.165272298734635 ], [ 616064.427324221702293, 2465478.904859172645956 ], [ 615394.633467178442515, 2466604.284640818834305 ], [ 615190.694168353453279, 2467015.725706053897738 ], [ 615184.649529281654395, 2467136.35625674482435 ], [ 615245.435059447190724, 2467413.58513700356707 ], [ 615305.639751412905753, 2467629.918856729287654 ], [ 615509.407104306854308, 2468349.94976574415341 ], [ 615698.981215833104216, 2469036.665660787839442 ], [ 615969.46944048430305, 2469919.949483284261078 ], [ 616034.044726410415024, 2470375.458293680567294 ], [ 615970.182665788684972, 2470651.761189776938409 ], [ 615716.521264334325679, 2471520.064555291552097 ], [ 615571.050445352448151, 2471692.798235325142741 ], [ 615326.202964711003006, 2471934.542629307601601 ], [ 615106.924049602705054, 2472062.446993461810052 ], [ 614911.448673802078702, 2472175.030948826577514 ], [ 614583.926997237605974, 2472458.244437005370855 ], [ 614011.594768667244352, 2473124.939010873436928 ], [ 613120.616234024637379, 2474143.600556497927755 ], [ 613024.330324670183472, 2474356.571125271264464 ], [ 612869.22153476125095, 2474587.934560235124081 ], [ 612454.625459127710201, 2474821.842220482882112 ], [ 611669.120634818566032, 2475661.993300219532102 ], [ 611769.12902384030167, 2475785.604113555513322 ], [ 611854.114677868317813, 2475993.24768539564684 ], [ 611978.82768913730979, 2476117.038558616768569 ], [ 612514.729141261079349, 2476611.375378168188035 ], [ 613112.09647688572295, 2477142.716720290947706 ], [ 613223.974354660720564, 2477188.926631030626595 ], [ 613790.076589296804741, 2477065.759528895840049 ], [ 613923.194200274767354, 2477023.561039136722684 ], [ 614439.93383589014411, 2477034.01576973637566 ], [ 614888.507385437609628, 2477073.874014336615801 ], [ 614843.153599478770047, 2476665.008579288609326 ], [ 614797.524545502266847, 2476570.564625300467014 ], [ 614767.780531856697053, 2476416.453927202615887 ], [ 614888.925080466317013, 2476046.466018242761493 ], [ 614922.896931832423434, 2475908.327681065537035 ], [ 614919.624957178952172, 2475794.269705353770405 ], [ 615432.800114476238377, 2475736.08727315813303 ] ] } },
{ "type": "Feature", "properties": { "route_name": "104_Lomas de Altamira - Tampico por Av. Hidalgo y Ayuntamiento", "route_name_short": "Lomas de Altamira - Tampico por Av. Hidalgo y Ayuntamiento", "route_type": 3 }, "geometry": { "type": "LineString", "coordinates": [ [ 612253.756810543942265, 2473127.612506250850856 ], [ 612199.241754838149063, 2472976.65098053496331 ], [ 611879.300834287889302, 2473075.086130400188267 ], [ 611731.246324229170568, 2473328.653472538106143 ], [ 611511.941962227690965, 2473180.936329370364547 ], [ 611455.73293088725768, 2473264.672329869121313 ], [ 611836.809587368508801, 2473540.872433701530099 ], [ 611924.882885985309258, 2473607.934642924461514 ], [ 611850.074917981517501, 2473700.391882850788534 ], [ 612127.651127735036425, 2473904.998496370855719 ], [ 612014.60998947173357, 2474015.999287801329046 ], [ 612123.080521872267127, 2474109.780928758904338 ], [ 612161.918701263843104, 2474149.917955162003636 ], [ 612359.291783365420997, 2474337.342452755197883 ], [ 612290.798526384052821, 2474411.022482852917165 ], [ 612614.463449444854632, 2474646.972155365161598 ], [ 613206.845250263693742, 2474039.05428197607398 ], [ 614441.66479923389852, 2472617.726083640009165 ], [ 614695.902916224556975, 2472356.110124928876758 ], [ 614975.746603049454279, 2472114.615872272755951 ], [ 615374.949425208382308, 2471888.406048828735948 ], [ 615702.984880321426317, 2471539.89178221533075 ], [ 616042.81736747873947, 2470441.951097064651549 ], [ 615979.355354300234467, 2469975.379306246526539 ], [ 615303.842371158069, 2467594.477866764180362 ], [ 615178.353991481475532, 2467151.809199938550591 ], [ 615183.401262851548381, 2467026.742806139402092 ], [ 615238.124763018800877, 2466871.045360126066953 ], [ 616066.454752496210858, 2465483.348441371228546 ], [ 616103.828655444900505, 2465169.206827076151967 ], [ 615998.28456078027375, 2464815.250460026785731 ], [ 616112.99616714916192, 2464492.828732912428677 ], [ 616092.659502799622715, 2464042.082063718233258 ], [ 615933.132000087411143, 2463464.088084722403437 ], [ 616023.739278858876787, 2463196.841908080037683 ], [ 616037.885843492578715, 2462819.422390884719789 ], [ 615915.430664520245045, 2462519.590882515534759 ], [ 615758.133458411321044, 2461776.65824013762176 ], [ 615761.690970482071862, 2461575.190921697299927 ], [ 615807.836240053758956, 2461328.648565211333334 ], [ 616056.037944694748148, 2460658.479590568225831 ], [ 616122.86710020492319, 2460541.62366396933794 ], [ 616749.279979321639985, 2459053.917263250797987 ], [ 617139.614219698007219, 2457996.231723624747247 ], [ 617157.368065090966411, 2457690.80291431164369 ], [ 617218.173827383667231, 2457555.084929640870541 ], [ 617573.016325638047419, 2457386.150832359213382 ], [ 617401.579112293547951, 2457017.300776518881321 ], [ 617138.827276037423871, 2457139.323897757101804 ], [ 617228.023954277159646, 2457341.486919344868511 ], [ 617665.576005898299627, 2457141.06960740685463 ], [ 617619.940954727935605, 2457041.085968799889088 ], [ 617542.314789472613484, 2457082.571690478827804 ], [ 617542.314789472613484, 2457082.571690478827804 ], [ 617703.507039009011351, 2457442.489417729433626 ], [ 617157.368065090966411, 2457690.80291431164369 ], [ 617139.614219698007219, 2457996.231723624747247 ], [ 616895.427444431348704, 2458669.737487276550382 ], [ 617056.530787736759521, 2458766.156467969994992 ], [ 617195.464555071317591, 2458794.876987449359149 ], [ 617113.759344614576548, 2459106.468631915282458 ], [ 617130.997937803738751, 2459144.239783708006144 ], [ 617120.417444361606613, 2459592.540159135591239 ], [ 617074.314253994612955, 2460791.195822768379003 ], [ 617090.287031942862086, 2460997.238681576680392 ], [ 617205.340320631745271, 2461046.816212743055075 ], [ 617194.642376152565703, 2461236.052130582742393 ], [ 617244.080133187933825, 2461377.027309877797961 ], [ 617307.97721866692882, 2461513.683080084156245 ], [ 617470.900011183228344, 2461911.25728490576148 ], [ 617425.880636500776745, 2462005.022759719751775 ], [ 617252.137705722474493, 2462086.748046244028956 ], [ 617354.137929267017171, 2462363.187566176056862 ], [ 617510.407562581938691, 2462821.604376897215843 ], [ 617786.460824810084887, 2463654.027811224572361 ], [ 617834.11687002365943, 2463756.243297800421715 ], [ 617994.727310840738937, 2463637.890706356614828 ], [ 617869.349460022058338, 2463866.114752904046327 ], [ 617625.126215510535985, 2464004.871808661613613 ], [ 617309.114357146201655, 2464236.08922443818301 ], [ 616929.522458736086264, 2464702.650675959419459 ], [ 616294.210229673772119, 2465199.413498068694025 ], [ 616066.454752496210858, 2465483.348441371228546 ], [ 615238.124763018800877, 2466871.045360126066953 ], [ 615183.401262851548381, 2467026.742806139402092 ], [ 615178.353991481475532, 2467151.809199938550591 ], [ 615303.842371158069, 2467594.477866764180362 ], [ 615979.355354300234467, 2469975.379306246526539 ], [ 616042.81736747873947, 2470441.951097064651549 ], [ 615702.984880321426317, 2471539.89178221533075 ], [ 615374.949425208382308, 2471888.406048828735948 ], [ 614975.746603049454279, 2472114.615872272755951 ], [ 614695.902916224556975, 2472356.110124928876758 ], [ 614441.66479923389852, 2472617.726083640009165 ], [ 613206.845250263693742, 2474039.05428197607398 ], [ 612614.463449444854632, 2474646.972155365161598 ], [ 612290.798526384052821, 2474411.022482852917165 ], [ 612359.291783365420997, 2474337.342452755197883 ], [ 612161.918701263843104, 2474149.917955162003636 ], [ 612123.080521872267127, 2474109.780928758904338 ], [ 612014.60998947173357, 2474015.999287801329046 ], [ 612127.651127735036425, 2473904.998496370855719 ], [ 611850.074917981517501, 2473700.391882850788534 ], [ 611924.882885985309258, 2473607.934642924461514 ], [ 611836.809587368508801, 2473540.872433701530099 ], [ 611455.73293088725768, 2473264.672329869121313 ], [ 611511.941962227690965, 2473180.936329370364547 ], [ 611731.246324229170568, 2473328.653472538106143 ], [ 611879.300834287889302, 2473075.086130400188267 ], [ 612199.241754838149063, 2472976.65098053496331 ] ] } },
{ "type": "Feature", "properties": { "route_name": "103B_Electricistas - Arboledas - Tampico por H. Ayuntamiento y Av. Hidalgo", "route_name_short": "Electricistas - Arboledas - Tampico por H. Ayuntamiento y Av. Hidalgo", "route_type": 3 }, "geometry": { "type": "LineString", "coordinates": [ [ 609746.409407235914841, 2479210.91865184251219 ], [ 609615.562557945260778, 2479227.704262322746217 ], [ 609655.471239320468158, 2479551.263012223411351 ], [ 609630.446691918186843, 2479596.477010883390903 ], [ 609754.82873242162168, 2480489.690203978214413 ], [ 610033.860158443218097, 2480331.14325665589422 ], [ 610139.854855748475529, 2480334.112483487930149 ], [ 610616.878883210010827, 2480268.878312300890684 ], [ 610492.084108810173348, 2479295.941060653887689 ], [ 610706.352525918628089, 2479273.11722101457417 ], [ 611071.186154669499956, 2479211.521040164399892 ], [ 611027.530076117371209, 2478840.324586070608348 ], [ 610917.280638073687442, 2478855.033064131624997 ], [ 610882.494703721138649, 2478538.149502251762897 ], [ 610985.524994478560984, 2478525.603094758000225 ], [ 610961.038032283307984, 2478351.610788578167558 ], [ 611209.281528552644886, 2478330.144115890841931 ], [ 611198.674731306149624, 2478230.427705160342157 ], [ 611252.194061526912265, 2478231.91961851157248 ], [ 611667.342422535526566, 2478191.733333740383387 ], [ 611661.829389935708605, 2478099.803047348279506 ], [ 611628.849260795162991, 2478105.100612334907055 ], [ 611574.26814556971658, 2478108.0282151713036 ], [ 611525.20909696794115, 2477773.326162047684193 ], [ 611521.665979980141856, 2477693.588463380932808 ], [ 611836.982066748198122, 2477794.397458066232502 ], [ 612160.288734523346648, 2477928.484490694943815 ], [ 612239.950599487870932, 2477590.284715811721981 ], [ 612263.665932416333817, 2477443.210360400844365 ], [ 612203.975262446561828, 2477440.563220048323274 ], [ 612250.315510826185346, 2477438.685053507331759 ], [ 612219.64756591047626, 2477266.859750613104552 ], [ 612173.37100484711118, 2477259.881575104780495 ], [ 612143.319366855779663, 2477002.813153999857605 ], [ 612121.352979997871444, 2476908.54928423743695 ], [ 612132.216989276115783, 2476830.022857271600515 ], [ 612150.151040921220556, 2476770.368603737093508 ], [ 612184.476587105193175, 2476721.904292676597834 ], [ 612085.26687341008801, 2476631.509399634320289 ], [ 611773.716617126367055, 2476718.932955812197179 ], [ 611752.984765326953493, 2476595.893753542564809 ], [ 611742.571394328493625, 2476469.607747125905007 ], [ 611762.021228680154309, 2476342.430201174225658 ], [ 611787.096861552447081, 2476291.684055089950562 ], [ 611959.475046699400991, 2476088.113682481460273 ], [ 611888.958430802449584, 2476015.641662104055285 ], [ 611771.172114285873249, 2475787.8330825897865 ], [ 611719.392561207525432, 2475686.712310470640659 ], [ 611651.698211758048274, 2475650.796576885972172 ], [ 612563.578100899001583, 2474706.386515458114445 ], [ 613253.576128744054586, 2473985.147059746552259 ], [ 614562.154754746821709, 2472478.011719504836947 ], [ 614897.913876351667568, 2472194.858821877744049 ], [ 614979.783698124927469, 2472125.716983317863196 ], [ 615286.971791721065529, 2471947.536470741964877 ], [ 615504.639341252739541, 2471759.838015236891806 ], [ 615711.322579573723488, 2471526.668509795330465 ], [ 615983.918635731562972, 2470605.364755904767662 ], [ 616038.247102472116239, 2470364.418499941937625 ], [ 615973.390741234994493, 2469946.549642580095679 ], [ 615178.501620877534151, 2467131.882255825214088 ], [ 615188.89637287997175, 2466980.284768224693835 ], [ 615251.647835707408376, 2466853.431781783699989 ], [ 616066.405200183857232, 2465489.990758109372109 ], [ 616103.762573732063174, 2465178.063247167505324 ], [ 616011.29027633566875, 2464867.381732223089784 ], [ 616010.45929339248687, 2464702.415654479991645 ], [ 616116.054023813223466, 2464497.279997427016497 ], [ 616106.884174025151879, 2464207.147955322638154 ], [ 616079.942093082470819, 2463951.204004758503288 ], [ 615935.365807729307562, 2463440.855376570951194 ], [ 616039.516696412698366, 2463153.782108603976667 ], [ 616028.760605784947984, 2462799.426420554053038 ], [ 615926.295802616979927, 2462582.777008853852749 ], [ 615748.998957651783712, 2461757.769547338597476 ], [ 615765.977382371434942, 2461553.080592267680913 ], [ 615841.709163669263944, 2461208.225463090464473 ], [ 616120.822471885476261, 2460539.39422066649422 ], [ 616346.051417712005787, 2460050.623887048568577 ], [ 616602.23269253608305, 2459421.48484083591029 ], [ 617146.039511577459052, 2457964.173778653144836 ], [ 617166.644813182414509, 2457690.872528516221792 ], [ 617216.128931105253287, 2457552.855360737070441 ], [ 617575.077867909916677, 2457386.166354768443853 ], [ 617399.517522360896692, 2457017.285279224161059 ], [ 617136.782310970360413, 2457137.094343231990933 ], [ 617231.116273440304212, 2457341.510134332813323 ], [ 617667.670946007361636, 2457136.6569525138475 ], [ 617621.985867576673627, 2457043.315588888712227 ], [ 617536.096716216648929, 2457086.953328888397664 ], [ 617536.096716216648929, 2457086.953328888397664 ], [ 617591.814907783875242, 2457216.904589876998216 ], [ 617663.941083157784306, 2457358.050846578087658 ], [ 617701.428813857608475, 2457444.687972963321954 ], [ 617430.460263147833757, 2457563.322727635968477 ], [ 617290.775580087560229, 2457633.127773236017674 ], [ 617246.311835885397159, 2457651.614667162299156 ], [ 617210.152388001442887, 2457662.414260364603251 ], [ 617166.644813182414509, 2457690.872528516221792 ], [ 617146.039511577459052, 2457964.173778653144836 ], [ 616602.23269253608305, 2459421.48484083591029 ], [ 616426.977067615953274, 2459840.877122486010194 ], [ 616532.839973284397274, 2459880.416491926182061 ], [ 616771.326683685532771, 2459964.126244779676199 ], [ 616833.112840068293735, 2459971.23160924622789 ], [ 616799.6459678679239, 2460586.534428203012794 ], [ 616799.032307465793565, 2460668.45604579243809 ], [ 616856.812924585770816, 2460934.59572933986783 ], [ 617134.400242039351724, 2461024.140771948732436 ], [ 617123.436986295273528, 2461248.802310793660581 ], [ 616977.901836691424251, 2461278.708631553221494 ], [ 616980.22924926970154, 2461517.862429672386497 ], [ 617059.950519621721469, 2461743.204962833784521 ], [ 617250.118437489960343, 2462081.197279221378267 ], [ 617354.404763234546408, 2462327.761888515204191 ], [ 617463.772952522384003, 2462583.222682116553187 ], [ 617555.598038519849069, 2462978.048805377911776 ], [ 617678.437915959628299, 2463358.717694155406207 ], [ 617825.907572828233242, 2463751.752698512747884 ], [ 617990.538764805765823, 2463646.715921324677765 ], [ 617855.921472500776872, 2463870.441579037811607 ], [ 617571.247891838429496, 2464044.321092579048127 ], [ 617206.287733509670943, 2464344.919287476222962 ], [ 616894.06038349645678, 2464759.954351951368153 ], [ 616511.748265568516217, 2465042.723318323493004 ], [ 616294.07784749486018, 2465217.126346955541521 ], [ 616066.405200183857232, 2465489.990758109372109 ], [ 615251.647835707408376, 2466853.431781783699989 ], [ 615188.89637287997175, 2466980.284768224693835 ], [ 615178.501620877534151, 2467131.882255825214088 ], [ 615973.390741234994493, 2469946.549642580095679 ], [ 616038.247102472116239, 2470364.418499941937625 ], [ 615983.918635731562972, 2470605.364755904767662 ], [ 615711.322579573723488, 2471526.668509795330465 ], [ 615504.639341252739541, 2471759.838015236891806 ], [ 615286.971791721065529, 2471947.536470741964877 ], [ 614979.783698124927469, 2472125.716983317863196 ], [ 614897.913876351667568, 2472194.858821877744049 ], [ 614562.154754746821709, 2472478.011719504836947 ], [ 613253.576128744054586, 2473985.147059746552259 ], [ 612563.578100899001583, 2474706.386515458114445 ], [ 611651.698211758048274, 2475650.796576885972172 ], [ 611719.392561207525432, 2475686.712310470640659 ], [ 611771.172114285873249, 2475787.8330825897865 ], [ 611888.958430802449584, 2476015.641662104055285 ], [ 611959.475046699400991, 2476088.113682481460273 ], [ 611787.096861552447081, 2476291.684055089950562 ], [ 611762.021228680154309, 2476342.430201174225658 ], [ 611742.571394328493625, 2476469.607747125905007 ], [ 611752.984765326953493, 2476595.893753542564809 ], [ 611773.716617126367055, 2476718.932955812197179 ], [ 612085.26687341008801, 2476631.509399634320289 ], [ 612184.476587105193175, 2476721.904292676597834 ], [ 612150.151040921220556, 2476770.368603737093508 ], [ 612132.216989276115783, 2476830.022857271600515 ], [ 612121.352979997871444, 2476908.54928423743695 ], [ 612143.319366855779663, 2477002.813153999857605 ], [ 612173.37100484711118, 2477259.881575104780495 ], [ 612219.64756591047626, 2477266.859750613104552 ], [ 612250.315510826185346, 2477438.685053507331759 ], [ 612203.975262446561828, 2477440.563220048323274 ], [ 612263.665932416333817, 2477443.210360400844365 ], [ 612239.950599487870932, 2477590.284715811721981 ], [ 612160.288734523346648, 2477928.484490694943815 ], [ 611836.982066748198122, 2477794.397458066232502 ], [ 611521.665979980141856, 2477693.588463380932808 ], [ 611525.20909696794115, 2477773.326162047684193 ], [ 611574.26814556971658, 2478108.0282151713036 ], [ 611628.849260795162991, 2478105.100612334907055 ], [ 611661.829389935708605, 2478099.803047348279506 ], [ 611667.342422535526566, 2478191.733333740383387 ], [ 611252.194061526912265, 2478231.91961851157248 ], [ 611198.674731306149624, 2478230.427705160342157 ], [ 611209.281528552644886, 2478330.144115890841931 ], [ 610961.038032283307984, 2478351.610788578167558 ], [ 610985.524994478560984, 2478525.603094758000225 ], [ 610882.494703721138649, 2478538.149502251762897 ], [ 610917.280638073687442, 2478855.033064131624997 ], [ 611027.530076117371209, 2478840.324586070608348 ], [ 611071.186154669499956, 2479211.521040164399892 ], [ 610706.352525918628089, 2479273.11722101457417 ], [ 610492.084108810173348, 2479295.941060653887689 ], [ 610616.878883210010827, 2480268.878312300890684 ], [ 610139.854855748475529, 2480334.112483487930149 ], [ 610033.860158443218097, 2480331.14325665589422 ], [ 609754.82873242162168, 2480489.690203978214413 ], [ 609630.446691918186843, 2479596.477010883390903 ], [ 609655.471239320468158, 2479551.263012223411351 ], [ 609613.535348907462321, 2479223.26145749958232 ], [ 609741.262899319524877, 2479210.882125610951334 ] ] } },
{ "type": "Feature", "properties": { "route_name": "105_Zapata - Haciendas - Tampico por Av. Hidalgo y Ayuntamiento", "route_name_short": "Zapata - Haciendas - Tampico por Av. Hidalgo y Ayuntamiento", "route_type": 3 }, "geometry": { "type": "LineString", "coordinates": [ [ 616132.775791643187404, 2473696.45813686074689 ], [ 616126.323982981732115, 2473732.944926816038787 ], [ 616103.405583579209633, 2473768.201247166842222 ], [ 615905.961358700995333, 2474008.076721765100956 ], [ 616062.621398786897771, 2474126.604334628209472 ], [ 615962.85476251563523, 2474248.748397272080183 ], [ 615814.424284205073491, 2474131.390371361747384 ], [ 615763.491479758638889, 2474195.223049056250602 ], [ 615743.985960056073964, 2474187.327491158619523 ], [ 615514.287149126292206, 2474473.465813552960753 ], [ 615500.92667259904556, 2474470.044851674232632 ], [ 615326.646433784277178, 2474643.67224876023829 ], [ 615120.168093600310385, 2474439.533412800170481 ], [ 615289.489251201506704, 2474240.403023434337229 ], [ 615259.835298358113505, 2474212.504386150743812 ], [ 615491.311668581678532, 2473964.017847483512014 ], [ 615349.975618850323372, 2473861.11008232133463 ], [ 615311.852995818480849, 2473864.147789559792727 ], [ 615280.896933305892162, 2473872.774499745573848 ], [ 615045.536698583164252, 2474228.626012953929603 ], [ 614837.510762231308036, 2474093.12150653032586 ], [ 614898.305251153069548, 2474226.426615520380437 ], [ 614800.698263946222141, 2474336.415345841553062 ], [ 614747.866912153665908, 2474379.201765296515077 ], [ 614729.562935912865214, 2474348.066859751008451 ], [ 614695.068513290258124, 2474000.175741860177368 ], [ 614645.03268954064697, 2473943.342436600942165 ], [ 614593.754020206979476, 2473915.285235861316323 ], [ 614515.935769227915443, 2473298.044848328456283 ], [ 615136.420822685933672, 2473221.820525320246816 ], [ 615104.223582408158109, 2472981.336323004681617 ], [ 615068.125486514298245, 2472988.818244232796133 ], [ 614577.748411086620763, 2472458.198791560716927 ], [ 614713.490908259758726, 2472345.169013221748173 ], [ 614958.051502867834643, 2472139.948456059675664 ], [ 615077.999530618195422, 2472074.410701925400645 ], [ 615260.057155092596076, 2471966.157510736957192 ], [ 615396.731779495952651, 2471867.532779298722744 ], [ 615706.15692107914947, 2471528.844229402020574 ], [ 615820.096978417597711, 2471165.451544807292521 ], [ 615910.660597355104983, 2470760.921522500459105 ], [ 615970.72854758775793, 2470578.695314684417099 ], [ 616034.693995468900539, 2470426.390688375104219 ], [ 615969.535586636280641, 2469911.093020343687385 ], [ 615178.583636718802154, 2467120.811731501482427 ], [ 615191.03865100746043, 2466969.229509312193841 ], [ 616070.641749409842305, 2465474.522762039676309 ], [ 616098.774254846968688, 2465294.273019311949611 ], [ 616106.120448097586632, 2465138.224731720983982 ], [ 616002.471675187698565, 2464806.424762610346079 ], [ 616117.949442104203627, 2464519.436404497828335 ], [ 616070.83416426088661, 2463928.993850923143327 ], [ 615929.117680346593261, 2463449.665752165950835 ], [ 616033.276650231215172, 2463161.485397465061396 ], [ 616030.738961143884808, 2462810.512265759985894 ], [ 615948.717916119960137, 2462616.157186450436711 ], [ 615753.301761662936769, 2461733.44511807942763 ], [ 615796.188162349630147, 2461370.632140677422285 ], [ 616030.999915572465397, 2460699.256250160746276 ], [ 616120.773006600094959, 2460546.036502595525235 ], [ 616972.393222060985863, 2458440.035499232355505 ], [ 617116.506284455070272, 2458053.628008011728525 ], [ 617151.907620011712424, 2457869.006447983440012 ], [ 617168.739544471492991, 2457686.459813724737614 ], [ 617226.370029680081643, 2457561.789115565828979 ], [ 617575.027854256215505, 2457392.808637167327106 ], [ 617396.47506669559516, 2457010.619756962172687 ], [ 617138.843883516965434, 2457137.109806555323303 ], [ 617225.995650868280791, 2457337.043258731253445 ], [ 617674.886461283196695, 2457136.711320644710213 ], [ 617622.019218085566536, 2457038.887401791289449 ], [ 617548.549531382857822, 2457075.975961165037006 ], [ 617536.04672589362599, 2457093.595608508214355 ], [ 617705.551884492742829, 2457444.719052667263895 ], [ 617161.507679042057134, 2457688.619760632514954 ], [ 617151.907620011712424, 2457869.006447983440012 ], [ 617116.506284455070272, 2458053.628008011728525 ], [ 616889.259921928518452, 2458667.477073603309691 ], [ 617054.486038524657488, 2458763.926911141257733 ], [ 617193.353318153996952, 2458801.5037931795232 ], [ 617117.948446134570986, 2459097.64319304516539 ], [ 617124.232433809665963, 2459496.250157934613526 ], [ 617096.031815924914554, 2459957.703735681716353 ], [ 617038.284999520052224, 2459961.698747597169131 ], [ 617022.61004919547122, 2459990.366018697153777 ], [ 616835.157450817176141, 2459973.461145737208426 ], [ 616797.601437909761444, 2460584.304891473613679 ], [ 616851.710037129581906, 2460927.914811766240746 ], [ 617125.158746123081073, 2461019.6428864877671 ], [ 617121.375957117415965, 2461248.786824968643486 ], [ 616972.765890730777755, 2461276.455864913295954 ], [ 616982.306860077893361, 2461515.663797554560006 ], [ 617057.906186688458547, 2461740.975380631163716 ], [ 617393.966466271784157, 2462411.093580147251487 ], [ 617505.255503979395144, 2462821.565511383116245 ], [ 617825.907572828233242, 2463751.752698512747884 ], [ 618004.059270644676872, 2463630.211589038837701 ], [ 617878.723131747799926, 2463852.900289291515946 ], [ 617797.853707269066945, 2463918.715367185883224 ], [ 617500.826104936073534, 2464091.39550525136292 ], [ 617180.329973911866546, 2464371.294671471696347 ], [ 616890.072290241136216, 2464742.210534092504531 ], [ 616338.742768114781938, 2465168.747166900429875 ], [ 616070.641749409842305, 2465474.522762039676309 ], [ 615191.03865100746043, 2466969.229509312193841 ], [ 615178.583636718802154, 2467120.811731501482427 ], [ 615969.535586636280641, 2469911.093020343687385 ], [ 616034.693995468900539, 2470426.390688375104219 ], [ 615970.72854758775793, 2470578.695314684417099 ], [ 615910.660597355104983, 2470760.921522500459105 ], [ 615820.096978417597711, 2471165.451544807292521 ], [ 615706.15692107914947, 2471528.844229402020574 ], [ 615396.731779495952651, 2471867.532779298722744 ], [ 615260.057155092596076, 2471966.157510736957192 ], [ 615077.999530618195422, 2472074.410701925400645 ], [ 614958.051502867834643, 2472139.948456059675664 ], [ 614713.490908259758726, 2472345.169013221748173 ], [ 614577.748411086620763, 2472458.198791560716927 ], [ 615068.125486514298245, 2472988.818244232796133 ], [ 615104.223582408158109, 2472981.336323004681617 ], [ 615136.420822685933672, 2473221.820525320246816 ], [ 614515.935769227915443, 2473298.044848328456283 ], [ 614593.754020206979476, 2473915.285235861316323 ], [ 614645.03268954064697, 2473943.342436600942165 ], [ 614695.068513290258124, 2474000.175741860177368 ], [ 614729.562935912865214, 2474348.066859751008451 ], [ 614747.866912153665908, 2474379.201765296515077 ], [ 614800.698263946222141, 2474336.415345841553062 ], [ 614898.305251153069548, 2474226.426615520380437 ], [ 614837.510762231308036, 2474093.12150653032586 ], [ 615045.536698583164252, 2474228.626012953929603 ], [ 615280.896933305892162, 2473872.774499745573848 ], [ 615311.852995818480849, 2473864.147789559792727 ], [ 615349.975618850323372, 2473861.11008232133463 ], [ 615491.311668581678532, 2473964.017847483512014 ], [ 615259.835298358113505, 2474212.504386150743812 ], [ 615289.489251201506704, 2474240.403023434337229 ], [ 615120.168093600310385, 2474439.533412800170481 ], [ 615326.646433784277178, 2474643.67224876023829 ], [ 615500.92667259904556, 2474470.044851674232632 ], [ 615514.287149126292206, 2474473.465813552960753 ], [ 615743.985960056073964, 2474187.327491158619523 ], [ 615763.491479758638889, 2474195.223049056250602 ], [ 615814.424284205073491, 2474131.390371361747384 ], [ 615962.85476251563523, 2474248.748397272080183 ], [ 616062.621398786897771, 2474126.604334628209472 ], [ 615905.961358700995333, 2474008.076721765100956 ], [ 616103.405583579209633, 2473768.201247166842222 ], [ 616126.323982981732115, 2473732.944926816038787 ] ] } },
{ "type": "Feature", "properties": { "route_name": "104A_Lomas de Altamira - Tampico por Ayuntamiento y Av. Hidalgo", "route_name_short": "Lomas de Altamira - Tampico por Ayuntamiento y Av. Hidalgo", "route_type": 3 }, "geometry": { "type": "LineString", "coordinates": [ [ 612250.715758926584385, 2473120.947828991804272 ], [ 612201.285179755184799, 2472978.879986115265638 ], [ 611882.366016562678851, 2473078.429573894944042 ], [ 611882.246193316881545, 2473095.035340857226402 ], [ 611802.056147133000195, 2473219.560183090157807 ], [ 611730.200669435085729, 2473330.860153818503022 ], [ 611514.00137729733251, 2473180.951141196768731 ], [ 611453.641694257850759, 2473269.08572636032477 ], [ 611750.762992004631087, 2473478.253812334965914 ], [ 611840.936312463134527, 2473539.795096463058144 ], [ 611924.866899726679549, 2473610.148746663704515 ], [ 611847.991606094292365, 2473703.698178784456104 ], [ 612126.613457947503775, 2473906.098100339528173 ], [ 612011.51302823878359, 2474017.084015853703022 ], [ 612099.550768323009834, 2474088.575612645130605 ], [ 612362.388709733844735, 2474336.2577954987064 ], [ 612297.997899979352951, 2474412.18176596192643 ], [ 612614.455403317930177, 2474648.079210245981812 ], [ 613130.141662072041072, 2474108.242420221213251 ], [ 613537.02475508779753, 2473666.157306032255292 ], [ 614575.607099993620068, 2472469.254149912390858 ], [ 614902.197017720900476, 2472172.748177712783217 ], [ 615279.730283057899214, 2471951.911135709378868 ], [ 615695.677022552816197, 2471553.12273758277297 ], [ 615745.975862456252798, 2471437.250191059429199 ], [ 616027.277812446234748, 2470454.013269571121782 ], [ 616036.87407455930952, 2470272.517245779279619 ], [ 615170.244263513945043, 2467134.035309703089297 ], [ 615210.824410358793102, 2466940.59116951469332 ], [ 616068.762979054939933, 2465450.152229592204094 ], [ 616096.515522300731391, 2465320.826908744871616 ], [ 616245.573416526895016, 2465227.835056525655091 ], [ 616413.326805753749795, 2465115.056327907834202 ], [ 616938.953067077905871, 2464681.686314021702856 ], [ 617196.051311931107193, 2464335.985278657637537 ], [ 617571.465260303579271, 2464015.537661779671907 ], [ 617841.379596941522323, 2463749.655549409333616 ], [ 617553.62078633136116, 2462966.962714928202331 ], [ 617415.538930615293793, 2462420.113067772705108 ], [ 617228.711979895248078, 2462050.037014410365373 ], [ 617055.895113473874517, 2461734.317595126572996 ], [ 616982.356714157271199, 2461509.021494940854609 ], [ 617263.472761081065983, 2462086.833344284910709 ], [ 617427.958252509939484, 2462002.824185907840729 ], [ 617481.42172302515246, 2461882.551609770860523 ], [ 617231.797317709308118, 2461365.863789403811097 ], [ 617192.814384994097054, 2461205.039217364042997 ], [ 617209.545667244005017, 2461035.776699716690928 ], [ 616854.801642131060362, 2460927.937984251882881 ], [ 616728.559752533794381, 2460858.351376281585544 ], [ 616677.990507760434411, 2460592.266280678566545 ], [ 616757.122435639845207, 2460347.080055318307132 ], [ 616747.435345111065544, 2460126.692575418855995 ], [ 616834.194248925894499, 2459551.64500221516937 ], [ 616947.259495793841779, 2459180.503256593365222 ], [ 617061.068711761501618, 2458710.835027464199811 ], [ 616978.710176130174659, 2458422.369100593961775 ], [ 617116.473062084638514, 2458058.056194580625743 ], [ 617147.003139640321024, 2457835.756380583625287 ], [ 617161.690441185841337, 2457664.264741877559572 ], [ 617224.391626376891509, 2457550.703174849972129 ], [ 617575.061196706374176, 2457388.380448896437883 ], [ 617401.579112293547951, 2457017.300776518881321 ], [ 617138.89370587002486, 2457130.467532983515412 ], [ 617228.057197546819225, 2457337.058735026512295 ], [ 617667.704310875502415, 2457132.228764479979873 ], [ 617617.846017258823849, 2457045.498629599343985 ], [ 617538.174961473909207, 2457084.754751423373818 ], [ 617538.174961473909207, 2457084.754751423373818 ], [ 617701.462192936334759, 2457440.259783090557903 ], [ 617163.552563795121387, 2457690.849323169328272 ], [ 617147.003139640321024, 2457835.756380583625287 ], [ 617116.473062084638514, 2458058.056194580625743 ], [ 616978.710176130174659, 2458422.369100593961775 ], [ 616877.607333805062808, 2458709.45993691496551 ], [ 616391.416038654977456, 2459910.359562977217138 ], [ 615940.635768055566587, 2460932.183841038029641 ], [ 615774.185806284891441, 2461419.181460761930794 ], [ 615757.820980541757308, 2461818.726046666502953 ], [ 615911.243063189904206, 2462528.416606146842241 ], [ 616024.589496000669897, 2462806.038017059210688 ], [ 616016.724520485615358, 2463170.218980251345783 ], [ 615926.916847786516882, 2463468.470260982401669 ], [ 616098.552513189031743, 2464080.874954070430249 ], [ 616095.175604201154783, 2464533.658997436519712 ], [ 615996.669571476522833, 2464755.454306807368994 ], [ 616035.389468470588326, 2464951.702028314117342 ], [ 616092.81799548107665, 2465125.947226880118251 ], [ 616206.65222418482881, 2465334.934457233175635 ], [ 616079.93035537970718, 2465472.377831962425262 ], [ 615210.824410358793102, 2466940.59116951469332 ], [ 615170.244263513945043, 2467134.035309703089297 ], [ 616036.87407455930952, 2470272.517245779279619 ], [ 616027.277812446234748, 2470454.013269571121782 ], [ 615745.975862456252798, 2471437.250191059429199 ], [ 615695.677022552816197, 2471553.12273758277297 ], [ 615279.730283057899214, 2471951.911135709378868 ], [ 614902.197017720900476, 2472172.748177712783217 ], [ 614575.607099993620068, 2472469.254149912390858 ], [ 613537.02475508779753, 2473666.157306032255292 ], [ 613130.141662072041072, 2474108.242420221213251 ], [ 612614.455403317930177, 2474648.079210245981812 ], [ 612297.997899979352951, 2474412.18176596192643 ], [ 612362.388709733844735, 2474336.2577954987064 ], [ 612099.550768323009834, 2474088.575612645130605 ], [ 612011.51302823878359, 2474017.084015853703022 ], [ 612126.613457947503775, 2473906.098100339528173 ], [ 611847.991606094292365, 2473703.698178784456104 ], [ 611924.866899726679549, 2473610.148746663704515 ], [ 611840.936312463134527, 2473539.795096463058144 ], [ 611750.762992004631087, 2473478.253812334965914 ], [ 611453.641694257850759, 2473269.08572636032477 ], [ 611514.00137729733251, 2473180.951141196768731 ], [ 611730.200669435085729, 2473330.860153818503022 ], [ 611802.056147133000195, 2473219.560183090157807 ], [ 611882.246193316881545, 2473095.035340857226402 ], [ 611882.366016562678851, 2473078.429573894944042 ], [ 612198.188000637339428, 2472979.964685064740479 ], [ 612250.635612308979034, 2473132.018350142985582 ] ] } },
{ "type": "Feature", "properties": { "route_name": "105A_Zapata - Haciendas - Tampico por Ayuntamiento y Av. Hidalgo Zona Conurbada Tampico Madero - Altamira", "route_name_short": "Zapata - Haciendas - Tampico por Ayuntamiento y Av. Hidalgo Zona Conurbada Tampico Madero - Altamira", "route_type": 3 }, "geometry": { "type": "LineString", "coordinates": [ [ 616132.775791643187404, 2473696.45813686074689 ], [ 616126.323982981732115, 2473732.944926816038787 ], [ 616103.405583579209633, 2473768.201247166842222 ], [ 615905.961358700995333, 2474008.076721765100956 ], [ 616062.621398786897771, 2474126.604334628209472 ], [ 615962.85476251563523, 2474248.748397272080183 ], [ 615814.424284205073491, 2474131.390371361747384 ], [ 615763.491479758638889, 2474195.223049056250602 ], [ 615743.985960056073964, 2474187.327491158619523 ], [ 615514.287149126292206, 2474473.465813552960753 ], [ 615500.92667259904556, 2474470.044851674232632 ], [ 615326.646433784277178, 2474643.67224876023829 ], [ 615120.168093600310385, 2474439.533412800170481 ], [ 615289.489251201506704, 2474240.403023434337229 ], [ 615259.835298358113505, 2474212.504386150743812 ], [ 615491.311668581678532, 2473964.017847483512014 ], [ 615349.975618850323372, 2473861.11008232133463 ], [ 615311.852995818480849, 2473864.147789559792727 ], [ 615280.896933305892162, 2473872.774499745573848 ], [ 615045.536698583164252, 2474228.626012953929603 ], [ 614837.510762231308036, 2474093.12150653032586 ], [ 614898.305251153069548, 2474226.426615520380437 ], [ 614800.698263946222141, 2474336.415345841553062 ], [ 614747.866912153665908, 2474379.201765296515077 ], [ 614729.562935912865214, 2474348.066859751008451 ], [ 614695.068513290258124, 2474000.175741860177368 ], [ 614645.03268954064697, 2473943.342436600942165 ], [ 614593.754020206979476, 2473915.285235861316323 ], [ 614515.935769227915443, 2473298.044848328456283 ], [ 615136.420822685933672, 2473221.820525320246816 ], [ 615104.223582408158109, 2472981.336323004681617 ], [ 615068.125486514298245, 2472988.818244232796133 ], [ 614577.748411086620763, 2472458.198791560716927 ], [ 614713.490908259758726, 2472345.169013221748173 ], [ 614958.051502867834643, 2472139.948456059675664 ], [ 615077.999530618195422, 2472074.410701925400645 ], [ 615260.057155092596076, 2471966.157510736957192 ], [ 615396.731779495952651, 2471867.532779298722744 ], [ 615706.15692107914947, 2471528.844229402020574 ], [ 615820.096978417597711, 2471165.451544807292521 ], [ 615910.660597355104983, 2470760.921522500459105 ], [ 615970.72854758775793, 2470578.695314684417099 ], [ 616034.693995468900539, 2470426.390688375104219 ], [ 615969.535586636280641, 2469911.093020343687385 ], [ 615178.583636718802154, 2467120.811731501482427 ], [ 615191.03865100746043, 2466969.229509312193841 ], [ 616070.641749409842305, 2465474.522762039676309 ], [ 616102.796102889929898, 2465307.588400579057634 ], [ 616822.405882045975886, 2464834.700243189930916 ], [ 617198.011913644149899, 2464349.285445721354336 ], [ 617825.840553687303327, 2463760.609141571912915 ], [ 617504.862999252043664, 2462873.597022717352957 ], [ 617480.655723056406714, 2462667.490808747708797 ], [ 617411.01671519537922, 2462473.220534751191735 ], [ 617272.263647232321091, 2462151.112152063753456 ], [ 617062.7342847205, 2461784.189069127198309 ], [ 616984.268142834422179, 2461528.963872013613582 ], [ 616919.902526110061444, 2461317.022415800020099 ], [ 616793.861194141674787, 2461083.58404673775658 ], [ 616715.162742774700746, 2460858.251077791675925 ], [ 616684.057865871931426, 2460607.811231037136167 ], [ 616741.647264152066782, 2460349.178418593015522 ], [ 616780.839620369020849, 2459794.809639606624842 ], [ 616872.466173065477051, 2459395.829198570922017 ], [ 616981.294410432805307, 2459040.155458497814834 ], [ 617059.140210549929179, 2458693.106808786280453 ], [ 616972.393222060985863, 2458440.035499232355505 ], [ 617116.506284455070272, 2458053.628008011728525 ], [ 617151.907620011712424, 2457869.006447983440012 ], [ 617168.739544471492991, 2457686.459813724737614 ], [ 617226.370029680081643, 2457561.789115565828979 ], [ 617575.027854256215505, 2457392.808637167327106 ], [ 617396.47506669559516, 2457010.619756962172687 ], [ 617138.843883516965434, 2457137.109806555323303 ], [ 617225.995650868280791, 2457337.043258731253445 ], [ 617674.886461283196695, 2457136.711320644710213 ], [ 617622.019218085566536, 2457038.887401791289449 ], [ 617548.549531382857822, 2457075.975961165037006 ], [ 617548.549531382857822, 2457075.975961165037006 ], [ 617696.341730798594654, 2457435.792745252139866 ], [ 617168.739544471492991, 2457686.459813724737614 ], [ 617151.907620011712424, 2457869.006447983440012 ], [ 617116.506284455070272, 2458053.628008011728525 ], [ 616972.393222060985863, 2458440.035499232355505 ], [ 616893.382659862283617, 2458667.507953393273056 ], [ 616749.478776939213276, 2459027.348138897214085 ], [ 616617.832879825262353, 2459402.780596823897213 ], [ 616419.6802001548931, 2459851.89374427171424 ], [ 616126.9728443963686, 2460543.868457459378988 ], [ 616038.296138526056893, 2460688.239466204773635 ], [ 615900.710140230250545, 2461034.848029500804842 ], [ 615763.899956243229099, 2461555.27937867725268 ], [ 615847.361904959427193, 2462250.056913251522928 ], [ 616062.697417837684043, 2462946.925018089357764 ], [ 615945.018251897068694, 2463390.000118486583233 ], [ 616043.25442788132932, 2463896.68200625339523 ], [ 616118.230238905642182, 2464481.796645360533148 ], [ 615996.455043261987157, 2464784.237652122508734 ], [ 616082.564996743807569, 2465119.228052907157689 ], [ 616204.641349055804312, 2465328.276750647928566 ], [ 616070.641749409842305, 2465474.522762039676309 ], [ 615191.03865100746043, 2466969.229509312193841 ], [ 615178.583636718802154, 2467120.811731501482427 ], [ 615969.535586636280641, 2469911.093020343687385 ], [ 616034.693995468900539, 2470426.390688375104219 ], [ 615970.72854758775793, 2470578.695314684417099 ], [ 615910.660597355104983, 2470760.921522500459105 ], [ 615820.096978417597711, 2471165.451544807292521 ], [ 615706.15692107914947, 2471528.844229402020574 ], [ 615396.731779495952651, 2471867.532779298722744 ], [ 615260.057155092596076, 2471966.157510736957192 ], [ 615077.999530618195422, 2472074.410701925400645 ], [ 614958.051502867834643, 2472139.948456059675664 ], [ 614713.490908259758726, 2472345.169013221748173 ], [ 614577.748411086620763, 2472458.198791560716927 ], [ 615068.125486514298245, 2472988.818244232796133 ], [ 615104.223582408158109, 2472981.336323004681617 ], [ 615136.420822685933672, 2473221.820525320246816 ], [ 614515.935769227915443, 2473298.044848328456283 ], [ 614593.754020206979476, 2473915.285235861316323 ], [ 614645.03268954064697, 2473943.342436600942165 ], [ 614695.068513290258124, 2474000.175741860177368 ], [ 614729.562935912865214, 2474348.066859751008451 ], [ 614747.866912153665908, 2474379.201765296515077 ], [ 614800.698263946222141, 2474336.415345841553062 ], [ 614898.305251153069548, 2474226.426615520380437 ], [ 614837.510762231308036, 2474093.12150653032586 ], [ 615045.536698583164252, 2474228.626012953929603 ], [ 615280.896933305892162, 2473872.774499745573848 ], [ 615311.852995818480849, 2473864.147789559792727 ], [ 615349.975618850323372, 2473861.11008232133463 ], [ 615491.311668581678532, 2473964.017847483512014 ], [ 615259.835298358113505, 2474212.504386150743812 ], [ 615289.489251201506704, 2474240.403023434337229 ], [ 615120.168093600310385, 2474439.533412800170481 ], [ 615326.646433784277178, 2474643.67224876023829 ], [ 615500.92667259904556, 2474470.044851674232632 ], [ 615514.287149126292206, 2474473.465813552960753 ], [ 615743.985960056073964, 2474187.327491158619523 ], [ 615763.491479758638889, 2474195.223049056250602 ], [ 615814.424284205073491, 2474131.390371361747384 ], [ 615962.85476251563523, 2474248.748397272080183 ], [ 616062.621398786897771, 2474126.604334628209472 ], [ 615905.961358700995333, 2474008.076721765100956 ], [ 616103.405583579209633, 2473768.201247166842222 ], [ 616126.323982981732115, 2473732.944926816038787 ] ] } },
{ "type": "Feature", "properties": { "route_name": "106A_Puerto Industrial - Tampico por Av. Hidalgo y Ayuntamiento", "route_name_short": "Puerto Industrial - Tampico por Av. Hidalgo y Ayuntamiento", "route_type": 3 }, "geometry": { "type": "LineString", "coordinates": [ [ 614762.784938535536639, 2482636.258136325050145 ], [ 613554.54980524268467, 2482359.399761714506894 ], [ 613732.192157122073695, 2481715.25228509074077 ], [ 614738.068966127815656, 2480005.534770480357111 ], [ 614770.171564967022277, 2479840.811047933530062 ], [ 614767.426988937077112, 2479655.900360711384565 ], [ 613558.349742537830025, 2475954.724290068261325 ], [ 613264.509242863627151, 2475588.330743595957756 ], [ 613150.679369995603338, 2475384.896424371749163 ], [ 613053.013622251804918, 2474941.337043207604438 ], [ 612889.152504214318469, 2474678.863131124060601 ], [ 612845.427448792150244, 2474603.260853197891265 ], [ 612979.361940245958976, 2474451.45504705561325 ], [ 613073.223931740620174, 2474288.286704822443426 ], [ 613149.583786437171511, 2474124.991070626769215 ], [ 613871.452636210015044, 2473277.798287827055901 ], [ 614579.742511550430208, 2472467.07046487275511 ], [ 614962.244490863406099, 2472130.015462223440409 ], [ 615248.622447944944724, 2471980.465111272409558 ], [ 615512.976758971810341, 2471746.614645721390843 ], [ 615702.968369740410708, 2471542.105900469236076 ], [ 615940.915800573304296, 2470709.112823820207268 ], [ 616027.013030165689997, 2470489.439147643744946 ], [ 616038.197453373810276, 2470371.060851502697915 ], [ 615969.419830722501501, 2469926.591830545570701 ], [ 615770.213036167668179, 2469291.833508330397308 ], [ 615519.10543390235398, 2468292.451835217420012 ], [ 615326.836225801613182, 2467688.753177466336638 ], [ 615191.41741951322183, 2467196.190518659539521 ], [ 615190.858208482386544, 2466993.584659698419273 ], [ 615750.233785349293612, 2466026.79960970627144 ], [ 616068.548250388121232, 2465478.935601580422372 ], [ 616471.33605310076382, 2465073.420025819446892 ], [ 616876.512341994675808, 2464764.251027502119541 ], [ 617122.241219951072708, 2464422.89198997290805 ], [ 617353.584924262715504, 2464214.282053654547781 ], [ 617869.349460022058338, 2463866.114752904046327 ], [ 617998.81519052060321, 2463642.350160798057914 ], [ 617821.85318491468206, 2463742.865068424958736 ], [ 617505.389120810898021, 2462803.852657119743526 ], [ 617428.534101659082808, 2462473.352560757659376 ], [ 617310.904189322842285, 2462220.044142327271402 ], [ 617063.091858367319219, 2461736.585878369864076 ], [ 616982.323478118516505, 2461513.449696677736938 ], [ 616975.82419697358273, 2461280.90726507268846 ], [ 617123.486894522677176, 2461242.160007850732654 ], [ 617128.233700304874219, 2461021.88021449232474 ], [ 616847.621086164144799, 2460923.455718582030386 ], [ 616807.276723479270004, 2460668.517806415446103 ], [ 616805.003795715398155, 2460421.615043182857335 ], [ 616831.035058702458628, 2459973.430265783332288 ], [ 617022.593436836614273, 2459992.580116129014641 ], [ 617047.560394367901608, 2459961.768351976759732 ], [ 617098.043147099670023, 2459964.361503733322024 ], [ 617197.52590902952943, 2458794.892468420322984 ], [ 617064.759606313193217, 2458768.432414098642766 ], [ 616891.337874702760018, 2458665.278419810347259 ], [ 617135.275325655471534, 2458024.983999383170158 ], [ 617157.401293558301404, 2457686.374729070346802 ], [ 617208.863756115315482, 2457559.443473625928164 ], [ 617572.932970939436927, 2457397.221302994992584 ], [ 617659.884722024668008, 2457349.163400901015848 ], [ 617526.786275117192417, 2457091.311697724740952 ], [ 617540.203215321642347, 2457089.198453868273646 ], [ 617621.952517010737211, 2457047.743776006158441 ], [ 617656.315598555840552, 2457138.785617582965642 ], [ 617223.900862098671496, 2457341.455966981127858 ], [ 617141.919634436490014, 2457139.347093269228935 ], [ 617399.467591700493358, 2457023.927556153386831 ], [ 617566.748348573688418, 2457397.174737235531211 ], [ 617208.863756115315482, 2457559.443473625928164 ], [ 617157.401293558301404, 2457686.374729070346802 ], [ 617135.275325655471534, 2458024.983999383170158 ], [ 616972.443002859596163, 2458433.393218937795609 ], [ 617035.092878961935639, 2458601.03636967157945 ], [ 617064.759606313193217, 2458768.432414098642766 ], [ 616890.401713278028183, 2459340.608082442544401 ], [ 616822.774460389395244, 2459562.630576103925705 ], [ 616768.450375673011877, 2459935.319849710911512 ], [ 616747.783402376924641, 2460080.196554396301508 ], [ 616758.017590571660548, 2460227.518831700552255 ], [ 616747.441161288646981, 2460401.255987159907818 ], [ 616675.796852952917106, 2460609.963634091429412 ], [ 616720.215983020840213, 2460871.574240311514586 ], [ 616786.630935444845818, 2461085.744102322496474 ], [ 616887.083952201413922, 2461295.741150690708309 ], [ 616967.671879692701623, 2461405.949805542360991 ], [ 616982.323478118516505, 2461513.449696677736938 ], [ 617063.091858367319219, 2461736.585878369864076 ], [ 617310.904189322842285, 2462220.044142327271402 ], [ 617428.534101659082808, 2462473.352560757659376 ], [ 617505.389120810898021, 2462803.852657119743526 ], [ 617821.85318491468206, 2463742.865068424958736 ], [ 617723.07416441605892, 2463860.579597642179579 ], [ 617353.584924262715504, 2464214.282053654547781 ], [ 617122.241219951072708, 2464422.89198997290805 ], [ 616876.512341994675808, 2464764.251027502119541 ], [ 616471.33605310076382, 2465073.420025819446892 ], [ 616068.548250388121232, 2465478.935601580422372 ], [ 615750.233785349293612, 2466026.79960970627144 ], [ 615190.858208482386544, 2466993.584659698419273 ], [ 615191.41741951322183, 2467196.190518659539521 ], [ 615326.836225801613182, 2467688.753177466336638 ], [ 615519.10543390235398, 2468292.451835217420012 ], [ 615770.213036167668179, 2469291.833508330397308 ], [ 615969.419830722501501, 2469926.591830545570701 ], [ 616038.197453373810276, 2470371.060851502697915 ], [ 616027.013030165689997, 2470489.439147643744946 ], [ 615940.915800573304296, 2470709.112823820207268 ], [ 615702.968369740410708, 2471542.105900469236076 ], [ 615512.976758971810341, 2471746.614645721390843 ], [ 615248.622447944944724, 2471980.465111272409558 ], [ 614962.244490863406099, 2472130.015462223440409 ], [ 614579.742511550430208, 2472467.07046487275511 ], [ 613871.452636210015044, 2473277.798287827055901 ], [ 613149.583786437171511, 2474124.991070626769215 ], [ 613020.078347820788622, 2474233.650418225675821 ], [ 612862.371467147604562, 2474397.46104618255049 ], [ 612608.181175661622547, 2474661.318970283959061 ], [ 612355.15754027327057, 2474907.475362700410187 ], [ 612149.534580640378408, 2475149.550195148680359 ], [ 612477.196316310437396, 2474833.077193917706609 ], [ 612789.433272464666516, 2474657.101744034793228 ], [ 612873.59541830397211, 2474694.249392743222415 ], [ 612977.832709449110553, 2474802.399238899815828 ], [ 613053.013622251804918, 2474941.337043207604438 ], [ 613150.679369995603338, 2475384.896424371749163 ], [ 613264.509242863627151, 2475588.330743595957756 ], [ 613558.349742537830025, 2475954.724290068261325 ], [ 614767.426988937077112, 2479655.900360711384565 ], [ 614770.171564967022277, 2479840.811047933530062 ], [ 614738.068966127815656, 2480005.534770480357111 ], [ 613732.192157122073695, 2481715.25228509074077 ], [ 613573.073653766303323, 2482359.535997437313199 ], [ 614731.945215081563219, 2482631.600405964069068 ] ] } },
{ "type": "Feature", "properties": { "route_name": "107_Santa Amalia - Tampico por Av. Hidalgo y Ayuntamiento", "route_name_short": "Santa Amalia - Tampico por Av. Hidalgo y Ayuntamiento", "route_type": 3 }, "geometry": { "type": "LineString", "coordinates": [ [ 605690.245451604365371, 2479892.310463601257652 ], [ 605911.352762937662192, 2481121.59480769187212 ], [ 605930.387482437537983, 2481347.573374076746404 ], [ 607039.786942648468539, 2481210.190259951166809 ], [ 608293.749632375198416, 2480274.568131397012621 ], [ 608764.024544513900764, 2479704.389266777317971 ], [ 608795.42450537905097, 2479630.434097022749484 ], [ 608883.53613143437542, 2479396.347875851206481 ], [ 609362.398209897335619, 2478200.730585778597742 ], [ 609398.813659623498097, 2478000.601819937583059 ], [ 609318.304997881525196, 2477156.418435716535896 ], [ 609361.161171291139908, 2477064.831489619333297 ], [ 609679.698583135032095, 2477005.08754268521443 ], [ 609861.313669233582914, 2476945.484700602013618 ], [ 610177.88917066983413, 2476583.496567496098578 ], [ 610726.497995315119624, 2476457.878977875690907 ], [ 610810.02911696373485, 2476438.548653414472938 ], [ 610916.494777868036181, 2476379.527116671670228 ], [ 610977.022702530259266, 2476265.92856681579724 ], [ 611126.502380818245001, 2476095.398648112546653 ], [ 611281.287338242284022, 2476046.690296567976475 ], [ 612015.83036907564383, 2475271.472221068106592 ], [ 612378.918533079908229, 2474896.576571060344577 ], [ 612866.522242332110181, 2474393.062821990344673 ], [ 613619.002473626052961, 2473580.402932968456298 ], [ 614151.886336503084749, 2472952.15388357359916 ], [ 614583.943354851799086, 2472456.030322386883199 ], [ 614944.639667191077024, 2472143.17042346065864 ], [ 615239.321370395948179, 2471984.824493186548352 ], [ 615522.278060673968866, 2471742.255419301334769 ], [ 615718.580924281268381, 2471520.07991587324068 ], [ 616027.062677118228748, 2470482.796795402653515 ], [ 616023.584477661992423, 2470259.132478936575353 ], [ 615966.346557522192597, 2469924.354638192802668 ], [ 615184.23942211130634, 2467191.70888140425086 ], [ 615194.880295576876961, 2467006.89981634914875 ], [ 615233.823713640798815, 2466895.369971612468362 ], [ 616057.083574532065541, 2465496.563906846567988 ], [ 616103.779094181489199, 2465175.849142136517912 ], [ 616020.447178779402748, 2464882.949583305045962 ], [ 616010.442789738881402, 2464704.629757879767567 ], [ 616110.770408676937222, 2464514.954395999666303 ], [ 616109.076917119440623, 2464189.450502865947783 ], [ 616008.289693947532214, 2463749.175535267218947 ], [ 615940.451700673438609, 2463449.750131945125759 ], [ 616041.569218881195411, 2463154.904512548819184 ], [ 616048.041462723747827, 2462839.426044592633843 ], [ 615926.699459006427787, 2462528.531612990889698 ], [ 615756.24518702365458, 2461753.394934318959713 ], [ 615768.564622338861227, 2461482.244877884630114 ], [ 616006.885478446609341, 2460754.432223714888096 ], [ 616150.032696806127205, 2460492.006113562732935 ], [ 616656.711382064619102, 2459303.431466069538146 ], [ 617125.899102891562507, 2458038.198954505845904 ], [ 617163.535948662552983, 2457693.063415830954909 ], [ 617220.235345227760263, 2457555.100406206212938 ], [ 617575.061196706374176, 2457388.380448896437883 ], [ 617399.517522360896692, 2457017.285279224161059 ], [ 617141.90302650409285, 2457141.561184491962194 ], [ 617231.132895520888269, 2457339.296042154543102 ], [ 617667.704310875502415, 2457132.228764479979873 ], [ 617619.957629682845436, 2457038.87187526607886 ], [ 617542.314789472613484, 2457082.571690478827804 ], [ 617533.004343905253336, 2457086.930055784992874 ], [ 617696.291664438438602, 2457442.435029956046492 ], [ 617163.535948662552983, 2457693.063415830954909 ], [ 617125.899102891562507, 2458038.198954505845904 ], [ 616656.711382064619102, 2459303.431466069538146 ], [ 616464.938512352528051, 2459726.021219457965344 ], [ 616692.091249322053045, 2459809.644981752149761 ], [ 616646.938902754336596, 2459921.125311164185405 ], [ 616764.079343582619913, 2459968.500427291262895 ], [ 616837.202060976647772, 2459975.690682529471815 ], [ 616799.629382707178593, 2460588.748525882139802 ], [ 616851.710037129581906, 2460927.914811766240746 ], [ 617207.4679629401071, 2461037.975304704159498 ], [ 617194.742252592695877, 2461222.767522653099149 ], [ 617222.689263023785315, 2461343.65302 ], [ 617457.937774622580037, 2461853.589595878962427 ], [ 617441.471114165149629, 2461987.426410137675703 ], [ 617261.453496819129214, 2462081.282575610559434 ], [ 617437.440829939907417, 2462522.132789477705956 ], [ 617587.659889475326054, 2463098.966569061856717 ], [ 617821.719151552417316, 2463760.577954280655831 ], [ 618003.933426443487406, 2463646.817424809094518 ], [ 617855.921472500776872, 2463870.441579037811607 ], [ 617704.629316732636653, 2463983.330303387250751 ], [ 617452.20025587733835, 2464117.599403214640915 ], [ 617112.768576823640615, 2464449.391524537000805 ], [ 616876.479087323881686, 2464768.679243766702712 ], [ 616382.369428015197627, 2465121.467452916316688 ], [ 616057.083574532065541, 2465496.563906846567988 ], [ 615233.823713640798815, 2466895.369971612468362 ], [ 615194.880295576876961, 2467006.89981634914875 ], [ 615184.23942211130634, 2467191.70888140425086 ], [ 615966.346557522192597, 2469924.354638192802668 ], [ 616023.584477661992423, 2470259.132478936575353 ], [ 616027.062677118228748, 2470482.796795402653515 ], [ 615718.580924281268381, 2471520.07991587324068 ], [ 615522.278060673968866, 2471742.255419301334769 ], [ 615239.321370395948179, 2471984.824493186548352 ], [ 614944.639667191077024, 2472143.17042346065864 ], [ 614583.943354851799086, 2472456.030322386883199 ], [ 614151.886336503084749, 2472952.15388357359916 ], [ 613619.002473626052961, 2473580.402932968456298 ], [ 612866.522242332110181, 2474393.062821990344673 ], [ 612378.918533079908229, 2474896.576571060344577 ], [ 612015.83036907564383, 2475271.472221068106592 ], [ 611281.287338242284022, 2476046.690296567976475 ], [ 611126.502380818245001, 2476095.398648112546653 ], [ 610977.022702530259266, 2476265.92856681579724 ], [ 610916.494777868036181, 2476379.527116671670228 ], [ 610810.02911696373485, 2476438.548653414472938 ], [ 610726.497995315119624, 2476457.878977875690907 ], [ 610177.88917066983413, 2476583.496567496098578 ], [ 609861.313669233582914, 2476945.484700602013618 ], [ 609679.698583135032095, 2477005.08754268521443 ], [ 609361.161171291139908, 2477064.831489619333297 ], [ 609318.304997881525196, 2477156.418435716535896 ], [ 609398.813659623498097, 2478000.601819937583059 ], [ 609362.398209897335619, 2478200.730585778597742 ], [ 608883.53613143437542, 2479396.347875851206481 ], [ 608795.42450537905097, 2479630.434097022749484 ], [ 608764.024544513900764, 2479704.389266777317971 ], [ 608293.749632375198416, 2480274.568131397012621 ], [ 607039.786942648468539, 2481210.190259951166809 ], [ 605788.183019581483677, 2481373.169249798171222 ], [ 605535.631967409630306, 2479924.466964483261108 ] ] } },
{ "type": "Feature", "properties": { "route_name": "106_Puerto Industrial - Tampico por Av. Hidalgo y Ayuntamiento", "route_name_short": "Puerto Industrial - Tampico por Av. Hidalgo y Ayuntamiento", "route_type": 3 }, "geometry": { "type": "LineString", "coordinates": [ [ 614762.784938535536639, 2482636.258136325050145 ], [ 613554.54980524268467, 2482359.399761714506894 ], [ 613732.192157122073695, 2481715.25228509074077 ], [ 614738.068966127815656, 2480005.534770480357111 ], [ 614770.171564967022277, 2479840.811047933530062 ], [ 614767.426988937077112, 2479655.900360711384565 ], [ 613558.349742537830025, 2475954.724290068261325 ], [ 613264.509242863627151, 2475588.330743595957756 ], [ 613150.679369995603338, 2475384.896424371749163 ], [ 613053.013622251804918, 2474941.337043207604438 ], [ 612889.152504214318469, 2474678.863131124060601 ], [ 612802.955256074783392, 2474638.379242792259902 ], [ 612522.804267410188913, 2474791.338062254711986 ], [ 612450.338317765505053, 2474845.060476833023131 ], [ 612215.96490600600373, 2475075.854732759296894 ], [ 612201.414426145376638, 2475094.570251289289445 ], [ 612139.150641403859481, 2475161.653257566969842 ], [ 612127.905418628710322, 2475150.50073442934081 ], [ 612207.800404352019541, 2475065.83158160885796 ], [ 612275.293037173338234, 2474987.715592598542571 ], [ 612479.593074012431316, 2474786.595844680443406 ], [ 612773.194821631303057, 2474483.166675099171698 ], [ 613089.597537203575484, 2474161.08801132068038 ], [ 613871.452636210015044, 2473277.798287827055901 ], [ 614579.742511550430208, 2472467.07046487275511 ], [ 614962.244490863406099, 2472130.015462223440409 ], [ 615248.622447944944724, 2471980.465111272409558 ], [ 615512.976758971810341, 2471746.614645721390843 ], [ 615702.968369740410708, 2471542.105900469236076 ], [ 615940.915800573304296, 2470709.112823820207268 ], [ 616027.013030165689997, 2470489.439147643744946 ], [ 616038.197453373810276, 2470371.060851502697915 ], [ 615969.419830722501501, 2469926.591830545570701 ], [ 615770.213036167668179, 2469291.833508330397308 ], [ 615519.10543390235398, 2468292.451835217420012 ], [ 615326.836225801613182, 2467688.753177466336638 ], [ 615191.41741951322183, 2467196.190518659539521 ], [ 615190.858208482386544, 2466993.584659698419273 ], [ 615750.233785349293612, 2466026.79960970627144 ], [ 616068.548250388121232, 2465478.935601580422372 ], [ 616101.239500490599312, 2465240.04281562147662 ], [ 616090.856594553450122, 2465112.64722547121346 ], [ 616000.510141110164113, 2464793.124782525002956 ], [ 616079.456993530504405, 2464568.969388861209154 ], [ 616113.739403302548453, 2464393.194083729293197 ], [ 616092.758565146592446, 2464028.797450364101678 ], [ 615931.095995763433166, 2463460.751593221910298 ], [ 616021.546560969669372, 2463214.539354999549687 ], [ 616039.963152329204604, 2462817.223643699195236 ], [ 615954.834519076044671, 2462625.059596159029752 ], [ 615757.623623481718823, 2461845.295188607182354 ], [ 615764.228858415037394, 2461510.997489146422595 ], [ 615918.311383831896819, 2461023.907814557664096 ], [ 616116.617798579041846, 2460550.433992641046643 ], [ 616746.138305322034284, 2459060.536409568507224 ], [ 617135.275325655471534, 2458024.983999383170158 ], [ 617157.401293558301404, 2457686.374729070346802 ], [ 617208.863756115315482, 2457559.443473625928164 ], [ 617572.932970939436927, 2457397.221302994992584 ], [ 617401.595756110851653, 2457015.086684208828956 ], [ 617141.936242354568094, 2457137.133002050686628 ], [ 617223.934104198589921, 2457337.027782707009465 ], [ 617661.469537152908742, 2457138.824447905644774 ], [ 617624.03077983786352, 2457045.545209276489913 ], [ 617526.786275117192417, 2457091.311697724740952 ], [ 617526.786275117192417, 2457091.311697724740952 ], [ 617698.386578188859858, 2457438.02237914968282 ], [ 617157.401293558301404, 2457686.374729070346802 ], [ 617135.275325655471534, 2458024.983999383170158 ], [ 616879.983761725598015, 2458667.407598058693111 ], [ 617056.580611670739017, 2458759.514183983206749 ], [ 617197.442767749773338, 2458805.962945935782045 ], [ 617115.754180957563221, 2459115.340487203095108 ], [ 617130.482667613076046, 2459212.876761422958225 ], [ 617088.019749025115743, 2460201.208092558663338 ], [ 617075.98462884419132, 2460843.242642596364021 ], [ 617103.683936775312759, 2460997.339307836256921 ], [ 617132.339183089323342, 2461024.125286014284939 ], [ 617119.281656897161156, 2461253.199541360139847 ], [ 616982.057117871125229, 2461274.311365282163024 ], [ 616982.323478118516505, 2461513.449696677736938 ], [ 617402.109867797465995, 2462424.440328767988831 ], [ 617523.109653808060102, 2462913.59087620023638 ], [ 617834.016334018553607, 2463769.52796274702996 ], [ 617994.760866620112211, 2463633.462483597453684 ], [ 617846.514313099440187, 2463888.084277652204037 ], [ 617514.3791376252193, 2464070.462560870219022 ], [ 617131.613927426631562, 2464409.677112188190222 ], [ 616876.445832596393302, 2464773.10746005224064 ], [ 616432.070225217496045, 2465088.625794831197709 ], [ 616068.548250388121232, 2465478.935601580422372 ], [ 615750.233785349293612, 2466026.79960970627144 ], [ 615190.858208482386544, 2466993.584659698419273 ], [ 615191.41741951322183, 2467196.190518659539521 ], [ 615326.836225801613182, 2467688.753177466336638 ], [ 615519.10543390235398, 2468292.451835217420012 ], [ 615770.213036167668179, 2469291.833508330397308 ], [ 615969.419830722501501, 2469926.591830545570701 ], [ 616038.197453373810276, 2470371.060851502697915 ], [ 616027.013030165689997, 2470489.439147643744946 ], [ 615940.915800573304296, 2470709.112823820207268 ], [ 615702.968369740410708, 2471542.105900469236076 ], [ 615512.976758971810341, 2471746.614645721390843 ], [ 615248.622447944944724, 2471980.465111272409558 ], [ 614962.244490863406099, 2472130.015462223440409 ], [ 614579.742511550430208, 2472467.07046487275511 ], [ 613871.452636210015044, 2473277.798287827055901 ], [ 613131.926201578578912, 2474145.897341943811625 ], [ 613055.453557272674516, 2474324.691832963377237 ], [ 612950.233805133146234, 2474492.205933386925608 ], [ 612802.955256074783392, 2474638.379242792259902 ], [ 612889.152504214318469, 2474678.863131124060601 ], [ 613053.013622251804918, 2474941.337043207604438 ], [ 613150.679369995603338, 2475384.896424371749163 ], [ 613264.509242863627151, 2475588.330743595957756 ], [ 613558.349742537830025, 2475954.724290068261325 ], [ 614767.426988937077112, 2479655.900360711384565 ], [ 614770.171564967022277, 2479840.811047933530062 ], [ 614738.068966127815656, 2480005.534770480357111 ], [ 613732.192157122073695, 2481715.25228509074077 ], [ 613559.695318639278412, 2482359.437602740712464 ], [ 614749.37388598092366, 2482640.586980418302119 ] ] } },
{ "type": "Feature", "properties": { "route_name": "108_Cuauhtémoc - Tampico - Universidad Politécnica de Altamira por Av. Hidalgo y Ayuntamiento Zona Conurbada Tampico - Madero - Altamira", "route_name_short": "Cuauhtémoc - Tampico - Universidad Politécnica de Altamira por Av. Hidalgo y Ayuntamiento Zona Conurbada Tampico - Madero - Altamira", "route_type": 3 }, "geometry": { "type": "LineString", "coordinates": [ [ 586676.687376362155192, 2493248.965998918749392 ], [ 587405.453304633498192, 2493125.782717440742999 ], [ 587451.280249805538915, 2493204.644447856582701 ], [ 587437.723218490253203, 2493237.778988267295063 ], [ 587487.082070517237298, 2493238.059939062222838 ], [ 587539.097360860090703, 2493674.536607640329748 ], [ 587565.769552375073545, 2493685.759184393100441 ], [ 587616.537578944582492, 2494159.869344234466553 ], [ 588077.878451948403381, 2493684.258437810931355 ], [ 588545.550273927627131, 2493007.212206739000976 ], [ 590219.094853193499148, 2490661.117135106120259 ], [ 591432.640895700780675, 2488949.012474088929594 ], [ 591769.708897437201813, 2488486.051517757121474 ], [ 591980.218736355658621, 2488375.494127342477441 ], [ 592214.423835035064258, 2488259.54605256440118 ], [ 592482.452086033648811, 2488164.838705647271127 ], [ 592638.835079776472412, 2488161.350332771893591 ], [ 593499.092192543437704, 2488287.21936907665804 ], [ 593972.802150310599245, 2488372.025862060952932 ], [ 594680.003997418913059, 2488626.555887585040182 ], [ 595230.907325990032405, 2488701.91302693169564 ], [ 595394.404775225324556, 2488711.781718020327389 ], [ 598172.584053589729592, 2487786.011196945793927 ], [ 599340.621629945700988, 2487402.69895751401782 ], [ 603698.572770631290041, 2485407.641981847584248 ], [ 604858.616996141034178, 2483676.234477251768112 ], [ 605880.806429992895573, 2482124.416838422883302 ], [ 607978.118459054967389, 2480518.136926508508623 ], [ 608407.640134873217903, 2480179.048381040804088 ], [ 608791.323002003366128, 2479628.19102185824886 ], [ 609321.697403353871778, 2478279.047450398094952 ], [ 609389.37702422728762, 2478024.89143097307533 ], [ 609316.535433811717667, 2477115.443058427423239 ], [ 609781.873080287827179, 2476969.277396813500673 ], [ 609923.686191301210783, 2476860.680314749479294 ], [ 610172.694511529407464, 2476590.102240826003253 ], [ 610672.782628671382554, 2476482.958399103023112 ], [ 610832.725427466444671, 2476432.068459830246866 ], [ 610912.471972585772164, 2476366.212984069250524 ], [ 611027.050001311115921, 2476181.039776416029781 ], [ 611275.126150531228632, 2476044.431799613405019 ], [ 611877.770131083205342, 2475426.577198792248964 ], [ 612536.550955994869582, 2474741.617809689603746 ], [ 613436.246430131490342, 2473788.309280046727508 ], [ 614312.971680424059741, 2472752.952355109155178 ], [ 614579.791582753648981, 2472460.428121036384255 ], [ 614955.983725489117205, 2472141.040250709746033 ], [ 615351.132217926788144, 2471905.942856538109481 ], [ 615707.219772594165988, 2471524.423672515433282 ], [ 616025.019426334300078, 2470480.567282601259649 ], [ 616009.103594596730545, 2470129.491211538203061 ], [ 615182.310424057766795, 2467173.980776981916279 ], [ 615197.555725281359628, 2466923.886159651912749 ], [ 616066.421717635472305, 2465487.776652524713427 ], [ 616099.922403201111592, 2465140.392714553046972 ], [ 616013.334314796258695, 2464869.611196451354772 ], [ 616014.62993721908424, 2464695.804063184186816 ], [ 616120.307351968949661, 2464479.597914215177298 ], [ 616092.709034036612138, 2464035.439757017884403 ], [ 615931.112478897208348, 2463458.537493232637644 ], [ 616039.582681407686323, 2463144.925709348171949 ], [ 616039.930164619814605, 2462821.651841743849218 ], [ 615948.586080643581226, 2462633.869971041101962 ], [ 615747.086002420051955, 2461737.827386134769768 ], [ 615829.863493162556551, 2461276.778145818505436 ], [ 616054.009803374996409, 2460654.036061586346477 ], [ 616138.506875188322738, 2460517.383758231066167 ], [ 616739.714158799964935, 2459092.594500740990043 ], [ 617116.556117903906852, 2458046.9857281986624 ], [ 617153.852789944270626, 2457884.520569049287587 ], [ 617163.552563795121387, 2457690.849323169328272 ], [ 617224.358380942954682, 2457555.13136015413329 ], [ 617572.98298380151391, 2457390.579020597971976 ], [ 617403.657346348743886, 2457015.102181763853878 ], [ 617141.927938397275284, 2457138.24004765925929 ], [ 617228.032265099929646, 2457340.379873264115304 ], [ 617665.609370238729753, 2457136.641419374849647 ], [ 617620.971748782554641, 2457041.093732034787536 ], [ 617537.135838773334399, 2457085.854040123522282 ], [ 617537.135838773334399, 2457085.854040123522282 ], [ 617703.557108439970762, 2457435.847132910043001 ], [ 617163.552563795121387, 2457690.849323169328272 ], [ 617153.852789944270626, 2457884.520569049287587 ], [ 617116.556117903906852, 2458046.9857281986624 ], [ 616739.714158799964935, 2459092.594500740990043 ], [ 616472.210668146028183, 2459718.325757080223411 ], [ 616697.211161870625801, 2459814.111724063754082 ], [ 616654.136549810064025, 2459923.393360858783126 ], [ 616766.173691414995119, 2459964.087666236795485 ], [ 616835.174036423442885, 2459971.247049348894507 ], [ 616803.254032784025185, 2460655.202338304370642 ], [ 616849.632372327381745, 2460930.113462547771633 ], [ 617134.38360606180504, 2461026.354872458148748 ], [ 617121.409228697419167, 2461244.358623023610562 ], [ 616977.918452332378365, 2461276.494531270116568 ], [ 616978.168256527860649, 2461517.846961181145161 ], [ 617067.180523457704112, 2461741.045044429600239 ], [ 617324.091651396593079, 2462247.821311012841761 ], [ 617411.116831823252141, 2462459.935902064666152 ], [ 617518.684264580253512, 2462817.238351525273174 ], [ 617632.948969755670987, 2463242.12668993929401 ], [ 617816.600905903731473, 2463756.110750261228532 ], [ 618008.088420585496351, 2463642.420436024665833 ], [ 617849.60533960245084, 2463888.107674089260399 ], [ 617567.210168476798572, 2464033.21941898483783 ], [ 617264.352039295132272, 2464296.643424986395985 ], [ 616947.395002602599561, 2464655.178944992367178 ], [ 616662.988136353204027, 2464934.251936849672347 ], [ 616320.132011703914031, 2465177.464953771792352 ], [ 616066.421717635472305, 2465487.776652524713427 ], [ 615197.555725281359628, 2466923.886159651912749 ], [ 615182.310424057766795, 2467173.980776981916279 ], [ 616009.103594596730545, 2470129.491211538203061 ], [ 616025.019426334300078, 2470480.567282601259649 ], [ 615707.219772594165988, 2471524.423672515433282 ], [ 615351.132217926788144, 2471905.942856538109481 ], [ 614955.983725489117205, 2472141.040250709746033 ], [ 614579.791582753648981, 2472460.428121036384255 ], [ 614312.971680424059741, 2472752.952355109155178 ], [ 613436.246430131490342, 2473788.309280046727508 ], [ 612536.550955994869582, 2474741.617809689603746 ], [ 611877.770131083205342, 2475426.577198792248964 ], [ 611275.126150531228632, 2476044.431799613405019 ], [ 611027.050001311115921, 2476181.039776416029781 ], [ 610969.99669180624187, 2476384.338937337975949 ], [ 611019.068460518028587, 2476576.220763882622123 ], [ 611046.432702823891304, 2476780.12532514333725 ], [ 610736.317141917999834, 2477243.996915698982775 ], [ 610350.046824071439914, 2477851.254947843495756 ], [ 609873.749812051421031, 2478383.705535827204585 ], [ 608879.122919765883125, 2479584.524863335303962 ], [ 608407.640134873217903, 2480179.048381040804088 ], [ 607978.118459054967389, 2480518.136926508508623 ], [ 605880.806429992895573, 2482124.416838422883302 ], [ 604858.616996141034178, 2483676.234477251768112 ], [ 603698.572770631290041, 2485407.641981847584248 ], [ 599340.621629945700988, 2487402.69895751401782 ], [ 598172.584053589729592, 2487786.011196945793927 ], [ 595394.404775225324556, 2488711.781718020327389 ], [ 595230.907325990032405, 2488701.91302693169564 ], [ 594680.003997418913059, 2488626.555887585040182 ], [ 593972.802150310599245, 2488372.025862060952932 ], [ 593499.092192543437704, 2488287.21936907665804 ], [ 592638.835079776472412, 2488161.350332771893591 ], [ 592482.452086033648811, 2488164.838705647271127 ], [ 592214.423835035064258, 2488259.54605256440118 ], [ 591980.218736355658621, 2488375.494127342477441 ], [ 591769.708897437201813, 2488486.051517757121474 ], [ 591432.640895700780675, 2488949.012474088929594 ], [ 590219.094853193499148, 2490661.117135106120259 ], [ 588545.550273927627131, 2493007.212206739000976 ], [ 588077.878451948403381, 2493684.258437810931355 ], [ 587616.537578944582492, 2494159.869344234466553 ], [ 587565.769552375073545, 2493685.759184393100441 ], [ 587539.097360860090703, 2493674.536607640329748 ], [ 587487.082070517237298, 2493238.059939062222838 ], [ 587437.723218490253203, 2493237.778988267295063 ], [ 587451.280249805538915, 2493204.644447856582701 ], [ 587405.453304633498192, 2493125.782717440742999 ] ] } },
{ "type": "Feature", "properties": { "route_name": "107A_Santa Amalia - Tampico por  Ayuntamiento y Av. Hidalgo", "route_name_short": "Santa Amalia - Tampico por  Ayuntamiento y Av. Hidalgo", "route_type": 3 }, "geometry": { "type": "LineString", "coordinates": [ [ 605690.245451604365371, 2479892.310463601257652 ], [ 605911.352762937662192, 2481121.59480769187212 ], [ 605930.387482437537983, 2481347.573374076746404 ], [ 607039.786942648468539, 2481210.190259951166809 ], [ 608293.749632375198416, 2480274.568131397012621 ], [ 608764.024544513900764, 2479704.389266777317971 ], [ 608795.42450537905097, 2479630.434097022749484 ], [ 608883.53613143437542, 2479396.347875851206481 ], [ 609362.398209897335619, 2478200.730585778597742 ], [ 609398.813659623498097, 2478000.601819937583059 ], [ 609318.304997881525196, 2477156.418435716535896 ], [ 609361.161171291139908, 2477064.831489619333297 ], [ 609679.698583135032095, 2477005.08754268521443 ], [ 609861.313669233582914, 2476945.484700602013618 ], [ 610177.88917066983413, 2476583.496567496098578 ], [ 610726.497995315119624, 2476457.878977875690907 ], [ 610810.02911696373485, 2476438.548653414472938 ], [ 610916.494777868036181, 2476379.527116671670228 ], [ 610977.022702530259266, 2476265.92856681579724 ], [ 611126.502380818245001, 2476095.398648112546653 ], [ 611281.287338242284022, 2476046.690296567976475 ], [ 612015.83036907564383, 2475271.472221068106592 ], [ 612378.918533079908229, 2474896.576571060344577 ], [ 612866.522242332110181, 2474393.062821990344673 ], [ 613619.002473626052961, 2473580.402932968456298 ], [ 614151.886336503084749, 2472952.15388357359916 ], [ 614583.943354851799086, 2472456.030322386883199 ], [ 614944.639667191077024, 2472143.17042346065864 ], [ 615239.321370395948179, 2471984.824493186548352 ], [ 615522.278060673968866, 2471742.255419301334769 ], [ 615718.580924281268381, 2471520.07991587324068 ], [ 616027.062677118228748, 2470482.796795402653515 ], [ 616023.584477661992423, 2470259.132478936575353 ], [ 615966.346557522192597, 2469924.354638192802668 ], [ 615184.23942211130634, 2467191.70888140425086 ], [ 615194.880295576876961, 2467006.89981634914875 ], [ 615233.823713640798815, 2466895.369971612468362 ], [ 616057.083574532065541, 2465496.563906846567988 ], [ 616103.779094181489199, 2465175.849142136517912 ], [ 616020.447178779402748, 2464882.949583305045962 ], [ 616010.442789738881402, 2464704.629757879767567 ], [ 616110.770408676937222, 2464514.954395999666303 ], [ 616109.076917119440623, 2464189.450502865947783 ], [ 616008.289693947532214, 2463749.175535267218947 ], [ 615940.451700673438609, 2463449.750131945125759 ], [ 616041.569218881195411, 2463154.904512548819184 ], [ 616048.041462723747827, 2462839.426044592633843 ], [ 615926.699459006427787, 2462528.531612990889698 ], [ 615756.24518702365458, 2461753.394934318959713 ], [ 615768.564622338861227, 2461482.244877884630114 ], [ 616006.885478446609341, 2460754.432223714888096 ], [ 616150.032696806127205, 2460492.006113562732935 ], [ 616656.711382064619102, 2459303.431466069538146 ], [ 617125.899102891562507, 2458038.198954505845904 ], [ 617168.706312786787748, 2457690.887999088037759 ], [ 617703.490349170053378, 2457444.703512679319829 ], [ 617542.314789472613484, 2457082.571690478827804 ], [ 617542.314789472613484, 2457082.571690478827804 ], [ 617619.957629682845436, 2457038.87187526607886 ], [ 617667.704310875502415, 2457132.228764479979873 ], [ 617231.132895520888269, 2457339.296042154543102 ], [ 617141.90302650409285, 2457141.561184491962194 ], [ 617399.517522360896692, 2457017.285279224161059 ], [ 617575.061196706374176, 2457388.380448896437883 ], [ 617220.235345227760263, 2457555.100406206212938 ], [ 617163.535948662552983, 2457693.063415830954909 ], [ 617125.899102891562507, 2458038.198954505845904 ], [ 616974.471215468132868, 2458437.836855170316994 ], [ 617058.774835012038238, 2458741.816889238543808 ], [ 616917.729308149311692, 2459269.957827442791313 ], [ 616840.693082664511167, 2459509.623504493851215 ], [ 616788.302550456719473, 2459761.6522181998007 ], [ 616747.408008547732607, 2460405.684181077871472 ], [ 616682.046460313373245, 2460601.153515839483589 ], [ 616730.421901388675906, 2460884.935983767732978 ], [ 617196.065567025332712, 2461046.746485368348658 ], [ 617198.240060587297194, 2461305.827317141462117 ], [ 617412.325371782877482, 2461752.498428598046303 ], [ 617469.172867495799437, 2461866.959661779925227 ], [ 617449.764911762438715, 2461980.846228573936969 ], [ 617245.904968958930112, 2462093.343834504950792 ], [ 617445.191876809694804, 2462587.511054444592446 ], [ 617596.699388706823811, 2463130.034096715506166 ], [ 617829.995466633699834, 2463756.212108370848 ], [ 617382.734370713122189, 2464174.645587999373674 ], [ 616970.344229397014715, 2464617.709432820323855 ], [ 616676.614038732019253, 2464903.354843819979578 ], [ 616440.279157662764192, 2465093.115679460577667 ], [ 616164.933021078351885, 2465264.874713910743594 ], [ 616087.02859314950183, 2465349.541096605360508 ], [ 616057.083574532065541, 2465496.563906846567988 ], [ 615233.823713640798815, 2466895.369971612468362 ], [ 615194.880295576876961, 2467006.89981634914875 ], [ 615184.23942211130634, 2467191.70888140425086 ], [ 615966.346557522192597, 2469924.354638192802668 ], [ 616023.584477661992423, 2470259.132478936575353 ], [ 616027.062677118228748, 2470482.796795402653515 ], [ 615718.580924281268381, 2471520.07991587324068 ], [ 615522.278060673968866, 2471742.255419301334769 ], [ 615239.321370395948179, 2471984.824493186548352 ], [ 614944.639667191077024, 2472143.17042346065864 ], [ 614583.943354851799086, 2472456.030322386883199 ], [ 614151.886336503084749, 2472952.15388357359916 ], [ 613619.002473626052961, 2473580.402932968456298 ], [ 612866.522242332110181, 2474393.062821990344673 ], [ 612378.918533079908229, 2474896.576571060344577 ], [ 612015.83036907564383, 2475271.472221068106592 ], [ 611281.287338242284022, 2476046.690296567976475 ], [ 611126.502380818245001, 2476095.398648112546653 ], [ 610977.022702530259266, 2476265.92856681579724 ], [ 610916.494777868036181, 2476379.527116671670228 ], [ 610810.02911696373485, 2476438.548653414472938 ], [ 610726.497995315119624, 2476457.878977875690907 ], [ 610177.88917066983413, 2476583.496567496098578 ], [ 609861.313669233582914, 2476945.484700602013618 ], [ 609679.698583135032095, 2477005.08754268521443 ], [ 609361.161171291139908, 2477064.831489619333297 ], [ 609318.304997881525196, 2477156.418435716535896 ], [ 609398.813659623498097, 2478000.601819937583059 ], [ 609362.398209897335619, 2478200.730585778597742 ], [ 608883.53613143437542, 2479396.347875851206481 ], [ 608795.42450537905097, 2479630.434097022749484 ], [ 608764.024544513900764, 2479704.389266777317971 ], [ 608293.749632375198416, 2480274.568131397012621 ], [ 607039.786942648468539, 2481210.190259951166809 ], [ 605930.387482437537983, 2481347.573374076746404 ], [ 605911.352762937662192, 2481121.59480769187212 ] ] } },
{ "type": "Feature", "properties": { "route_name": "108A_Cuauhtémoc - Tampico - Univ. Politécnica de Altamira por Ayuntamiento y Av. Hidalgo", "route_name_short": "Cuauhtémoc - Tampico - Univ. Politécnica de Altamira por Ayuntamiento y Av. Hidalgo", "route_type": 3 }, "geometry": { "type": "LineString", "coordinates": [ [ 586674.630762487417087, 2493248.954397894907743 ], [ 587420.890652490430512, 2493123.656420717015862 ], [ 587454.377785652759485, 2493202.44796412717551 ], [ 587433.660373658174649, 2493228.899418860673904 ], [ 587491.170095400186256, 2493242.511441275943071 ], [ 587539.097360860090703, 2493674.536607640329748 ], [ 587563.738231912953779, 2493681.319377182051539 ], [ 587611.383709738147445, 2494162.054061521310359 ], [ 588051.028941137832589, 2493704.031583641655743 ], [ 589769.022647442063317, 2491293.936708426568657 ], [ 591457.524712698417716, 2488915.948406136129051 ], [ 591593.405064888997003, 2488726.341423778794706 ], [ 591721.03985232359264, 2488540.007614865433425 ], [ 591878.164940831717104, 2488411.417973094154149 ], [ 592205.152700608596206, 2488261.704667979851365 ], [ 592535.006874884362333, 2488149.655486404430121 ], [ 593893.758117933990434, 2488344.97405208973214 ], [ 594653.313943341141567, 2488617.535220702178776 ], [ 595378.934171753819101, 2488718.32831863919273 ], [ 599216.953303909627721, 2487436.22163250669837 ], [ 599606.749180627404712, 2487293.708752309903502 ], [ 601798.567569581558928, 2486281.761020677164197 ], [ 603685.085773995728232, 2485424.157729770988226 ], [ 603832.303611206938513, 2485259.083870879840106 ], [ 605857.984167196322232, 2482150.83075834158808 ], [ 607983.279978392762132, 2480515.95878298394382 ], [ 608369.387734604999423, 2480203.136447548400611 ], [ 608637.061500408337452, 2479901.668484201189131 ], [ 608801.818280265666544, 2479599.480120717082173 ], [ 608885.812999411136843, 2479365.364937955513597 ], [ 609276.300826435210183, 2478439.257099935784936 ], [ 609386.527682328829542, 2478136.689016754273325 ], [ 609312.050185455358587, 2477167.445305889006704 ], [ 609341.414049594081007, 2477091.262489888351411 ], [ 609396.256141404970549, 2477051.794241997413337 ], [ 609781.778857203898951, 2476982.562003495171666 ], [ 609933.077114498475567, 2476843.033300812821835 ], [ 610179.916609842679463, 2476587.939425495453179 ], [ 610794.539246833766811, 2476445.080449617933482 ], [ 610877.152045583585277, 2476410.244376407470554 ], [ 610939.445066001731902, 2476337.621387580875307 ], [ 611017.522501130355522, 2476217.506079556420445 ], [ 611124.379796652123332, 2476104.240294137969613 ], [ 611331.022502768435515, 2476002.763378694653511 ], [ 612394.523098811740056, 2474874.547511664219201 ], [ 612769.084379763808101, 2474482.02964715147391 ], [ 613474.603661941830069, 2473753.162344267126173 ], [ 614579.791582753648981, 2472460.428121036384255 ], [ 614924.885080226231366, 2472168.487780582159758 ], [ 615302.468166182981804, 2471941.008921522181481 ], [ 615510.851191417430528, 2471755.455782111734152 ], [ 615720.739661667263135, 2471506.810567050240934 ], [ 616043.015977342380211, 2470415.381688759662211 ], [ 615966.230804102146067, 2469939.85344850178808 ], [ 615195.505068106111139, 2467200.64926021033898 ], [ 615188.715932813822292, 2467004.639918779954314 ], [ 615249.472680281498469, 2466868.915242755785584 ], [ 616066.405200183857232, 2465489.990758109372109 ], [ 616085.067226898041554, 2465336.241091596893966 ], [ 616176.282258725143038, 2465262.745218789670616 ], [ 616369.849053552141413, 2465142.40900239860639 ], [ 616878.523021625936963, 2464770.908826313912868 ], [ 617079.432499222457409, 2464497.853888333309442 ], [ 617291.37374583480414, 2464265.847716044634581 ], [ 617837.124140425934456, 2463767.337244780734181 ], [ 617542.770902873482555, 2462902.668065839447081 ], [ 617424.278858728474006, 2462491.034338492900133 ], [ 617409.406359118642285, 2462413.424158264417201 ], [ 617291.708964871941134, 2462168.972351769451052 ], [ 617067.213787016924471, 2461736.616840695496649 ], [ 616982.373332155286334, 2461506.807394080795348 ], [ 616974.769092354690656, 2461421.502643421292305 ], [ 616885.072738320333883, 2461289.083396363072097 ], [ 616748.200582309626043, 2460988.03044968098402 ], [ 616730.571098786313087, 2460865.009101752191782 ], [ 616684.107572503620759, 2460601.168939720373601 ], [ 616759.332779860123992, 2460327.168615851551294 ], [ 616747.55136489472352, 2460111.193901488091797 ], [ 616846.810519555350766, 2459518.526201783213764 ], [ 616963.233782164519653, 2459111.982194185256958 ], [ 617062.997207392938435, 2458728.563246923964471 ], [ 617046.123260386055335, 2458642.082139460835606 ], [ 616978.67698733205907, 2458426.79728746553883 ], [ 617119.664907883503474, 2458044.794834146741778 ], [ 617154.06878635508474, 2457855.737359553109854 ], [ 617163.535948662552983, 2457693.063415830954909 ], [ 617214.034170454018749, 2457557.268069931305945 ], [ 617575.011183009832166, 2457395.022731310222298 ], [ 617399.517522360896692, 2457017.285279224161059 ], [ 617141.927938397275284, 2457138.24004765925929 ], [ 617228.040575919207186, 2457339.272827183362097 ], [ 617666.648499271715991, 2457135.542138902936131 ], [ 617621.985867576673627, 2457043.315588888712227 ], [ 617536.113379628979601, 2457084.739235691726208 ], [ 617536.113379628979601, 2457084.739235691726208 ], [ 617701.478882454102859, 2457438.045688162557781 ], [ 617607.303778527188115, 2457487.156046501360834 ], [ 617157.401293558301404, 2457686.374729070346802 ], [ 617154.06878635508474, 2457855.737359553109854 ], [ 617119.664907883503474, 2458044.794834146741778 ], [ 616978.67698733205907, 2458426.79728746553883 ], [ 616541.289834579918534, 2459577.131781632546335 ], [ 616210.828297267435119, 2460355.177620251197368 ], [ 616026.729438027949072, 2460719.152419118210673 ], [ 615851.049605095409788, 2461199.438012328930199 ], [ 615775.975444103125483, 2461455.729325560852885 ], [ 615753.449766664067283, 2461713.518264178652316 ], [ 615883.56864470988512, 2462369.894010463729501 ], [ 616053.934566684765741, 2463016.607731208205223 ], [ 615934.863051368389279, 2463508.385427969507873 ], [ 616098.354373454116285, 2464107.44418283784762 ], [ 616112.781449163448997, 2464521.612077984958887 ], [ 615978.610330751282163, 2464828.38919006800279 ], [ 616106.054366001510061, 2465147.081151561811566 ], [ 616085.067226898041554, 2465336.241091596893966 ], [ 616066.405200183857232, 2465489.990758109372109 ], [ 615249.472680281498469, 2466868.915242755785584 ], [ 615188.715932813822292, 2467004.639918779954314 ], [ 615195.505068106111139, 2467200.64926021033898 ], [ 615966.230804102146067, 2469939.85344850178808 ], [ 616043.015977342380211, 2470415.381688759662211 ], [ 615720.739661667263135, 2471506.810567050240934 ], [ 615510.851191417430528, 2471755.455782111734152 ], [ 615302.468166182981804, 2471941.008921522181481 ], [ 614924.885080226231366, 2472168.487780582159758 ], [ 614579.791582753648981, 2472460.428121036384255 ], [ 613474.603661941830069, 2473753.162344267126173 ], [ 612769.084379763808101, 2474482.02964715147391 ], [ 612394.523098811740056, 2474874.547511664219201 ], [ 611331.022502768435515, 2476002.763378694653511 ], [ 611124.379796652123332, 2476104.240294137969613 ], [ 611017.522501130355522, 2476217.506079556420445 ], [ 610939.445066001731902, 2476337.621387580875307 ], [ 610877.152045583585277, 2476410.244376407470554 ], [ 610794.539246833766811, 2476445.080449617933482 ], [ 610179.916609842679463, 2476587.939425495453179 ], [ 609933.077114498475567, 2476843.033300812821835 ], [ 609781.778857203898951, 2476982.562003495171666 ], [ 609396.256141404970549, 2477051.794241997413337 ], [ 609341.414049594081007, 2477091.262489888351411 ], [ 609312.050185455358587, 2477167.445305889006704 ], [ 609386.527682328829542, 2478136.689016754273325 ], [ 609276.300826435210183, 2478439.257099935784936 ], [ 608885.812999411136843, 2479365.364937955513597 ], [ 608801.818280265666544, 2479599.480120717082173 ], [ 608637.061500408337452, 2479901.668484201189131 ], [ 608369.387734604999423, 2480203.136447548400611 ], [ 607983.279978392762132, 2480515.95878298394382 ], [ 605857.984167196322232, 2482150.83075834158808 ], [ 603832.303611206938513, 2485259.083870879840106 ], [ 603685.085773995728232, 2485424.157729770988226 ], [ 601798.567569581558928, 2486281.761020677164197 ], [ 599606.749180627404712, 2487293.708752309903502 ], [ 599216.953303909627721, 2487436.22163250669837 ], [ 595378.934171753819101, 2488718.32831863919273 ], [ 594653.313943341141567, 2488617.535220702178776 ], [ 593893.758117933990434, 2488344.97405208973214 ], [ 592535.006874884362333, 2488149.655486404430121 ], [ 592205.152700608596206, 2488261.704667979851365 ], [ 591878.164940831717104, 2488411.417973094154149 ], [ 591721.03985232359264, 2488540.007614865433425 ], [ 591593.405064888997003, 2488726.341423778794706 ], [ 591457.524712698417716, 2488915.948406136129051 ], [ 589769.022647442063317, 2491293.936708426568657 ], [ 588051.028941137832589, 2493704.031583641655743 ], [ 587611.383709738147445, 2494162.054061521310359 ], [ 587563.738231912953779, 2493681.319377182051539 ], [ 587539.097360860090703, 2493674.536607640329748 ], [ 587491.170095400186256, 2493242.511441275943071 ], [ 587433.660373658174649, 2493228.899418860673904 ], [ 587454.377785652759485, 2493202.44796412717551 ], [ 587420.890652490430512, 2493123.656420717015862 ] ] } },
{ "type": "Feature", "properties": { "route_name": "109_Aldama - Lomas del Real - Tampico por Ayuntamiento y Av. Hidalgo", "route_name_short": "Aldama - Lomas del Real - Tampico por Ayuntamiento y Av. Hidalgo", "route_type": 3 }, "geometry": { "type": "LineString", "coordinates": [ [ 613884.422750419122167, 2481448.449306873138994 ], [ 614628.551387453800999, 2480199.576675944961607 ], [ 614749.620972015778534, 2479974.620943653397262 ], [ 614782.184053466073237, 2479747.901509111747146 ], [ 614577.124957633437589, 2479083.211571279447526 ], [ 613547.154802885372192, 2475936.928305145353079 ], [ 613196.265498095541261, 2475487.084214121103287 ], [ 613059.078086217865348, 2474956.880913402419537 ], [ 612895.25757899787277, 2474688.8716428745538 ], [ 612825.254279700806364, 2474545.544019718654454 ], [ 612884.235642510000616, 2474364.406883572693914 ], [ 613441.443406108417548, 2473781.704622210469097 ], [ 613780.099012533435598, 2473377.875143777579069 ], [ 614118.592773052165285, 2472998.407724335324019 ], [ 614577.781124536413699, 2472453.770562394056469 ], [ 614942.547281483188272, 2472147.583393443375826 ], [ 615051.052531228400767, 2472097.460318648256361 ], [ 615314.908066640840843, 2471930.030188279692084 ], [ 615669.667233390500769, 2471588.356675947085023 ], [ 615754.379717514617369, 2471415.170466259121895 ], [ 616040.273817731998861, 2470368.862130798399448 ], [ 615969.287537404103205, 2469944.304756807163358 ], [ 615725.398179256822914, 2469085.575621904339641 ], [ 615544.544693590840325, 2468473.100906335748732 ], [ 615315.603874161373824, 2467675.384465889073908 ], [ 615255.621154783293605, 2467429.160251323133707 ], [ 615176.375770279671997, 2467140.723412185441703 ], [ 615188.73233652615454, 2467002.425814157817513 ], [ 615218.322463548392989, 2466901.897773638367653 ], [ 616068.53173269960098, 2465481.149707154836506 ], [ 616085.248934734147042, 2465311.885933445766568 ], [ 616099.856324568390846, 2465149.249134283512831 ], [ 616009.213227890664712, 2464869.580475869588554 ], [ 616014.349363936227746, 2464733.443821789696813 ], [ 616104.621666988357902, 2464510.480076247826219 ], [ 616099.853601419948973, 2464182.739036262966692 ], [ 616006.229002186330035, 2463749.16018212819472 ], [ 615927.205291197169572, 2463429.723511996213347 ], [ 616030.053535191691481, 2463179.175166624598205 ], [ 616039.979646162828431, 2462815.009544684085995 ], [ 615952.724238746799529, 2462631.686551045626402 ], [ 615756.24518702365458, 2461753.394934318959713 ], [ 615773.601974992780015, 2461497.781810143496841 ], [ 615997.264657168299891, 2460800.859188893344253 ], [ 616285.220558346016333, 2460191.880101251415908 ], [ 616731.319831867818721, 2459112.459657079074532 ], [ 616963.741104850894772, 2458494.218994168099016 ], [ 617143.720523330266587, 2457998.476754836272448 ], [ 617163.569178913254291, 2457688.635230512358248 ], [ 617220.235345227760263, 2457555.100406206212938 ], [ 617572.98298380151391, 2457390.579020597971976 ], [ 617401.595756110851653, 2457015.086684208828956 ], [ 617141.919634436490014, 2457139.347093269228935 ], [ 617227.001491978066042, 2457340.37213507341221 ], [ 617667.670946007361636, 2457136.6569525138475 ], [ 617624.064130960265175, 2457041.117022146005183 ], [ 617532.996012412942946, 2457088.037102376110852 ], [ 617532.996012412942946, 2457088.037102376110852 ], [ 617698.369889109628275, 2457440.236474061850458 ], [ 617163.569178913254291, 2457688.635230512358248 ], [ 617143.720523330266587, 2457998.476754836272448 ], [ 617011.259458202752285, 2458342.901241726707667 ], [ 616830.240387589088641, 2458840.851206038612872 ], [ 616731.319831867818721, 2459112.459657079074532 ], [ 616470.149440522538498, 2459718.310366451274604 ], [ 616687.96881560923066, 2459809.614141563884914 ], [ 616652.108466676319949, 2459918.949754379224032 ], [ 616766.157115657930262, 2459966.301762242801487 ], [ 616831.035058702458628, 2459973.430265783332288 ], [ 616821.797518553794362, 2460243.496019841171801 ], [ 616803.751611776300706, 2460588.779404858127236 ], [ 616845.543421409558505, 2460925.654369897674769 ], [ 617129.305817930493504, 2461016.352705977857113 ], [ 617123.470258461078629, 2461244.374108827207237 ], [ 616975.865735352854244, 2461275.372014388442039 ], [ 616976.140498133026995, 2461513.403291270602494 ], [ 617097.554297233116813, 2461813.235615933779627 ], [ 617232.667250411934219, 2462072.20905951783061 ], [ 617413.478054615086876, 2462420.097536316141486 ], [ 617548.569031293271109, 2462953.639188734348863 ], [ 617687.677841978962533, 2463363.215989063493907 ], [ 617827.918009869987145, 2463758.410624843556434 ], [ 617923.246871466748416, 2463688.276687206234783 ], [ 617943.786900024628267, 2463697.289209595881402 ], [ 617951.878789660870098, 2463717.278650279622525 ], [ 617846.464036888442934, 2463894.726611252874136 ], [ 617549.644376747193746, 2464039.729487524367869 ], [ 617144.044244361575693, 2464400.913717764895409 ], [ 616872.357963451882824, 2464768.648295793682337 ], [ 616364.614993182825856, 2465153.441011467482895 ], [ 616068.53173269960098, 2465481.149707154836506 ], [ 615734.714973742724396, 2466035.541043865028769 ], [ 615412.310427974676713, 2466582.273557699751109 ], [ 615218.322463548392989, 2466901.897773638367653 ], [ 615188.73233652615454, 2467002.425814157817513 ], [ 615176.375770279671997, 2467140.723412185441703 ], [ 615243.522587671759538, 2467393.642910479567945 ], [ 615303.825946680386551, 2467596.691973414737731 ], [ 615522.731774997781031, 2468358.905753016471863 ], [ 615717.38916740519926, 2469054.516661767847836 ], [ 615969.287537404103205, 2469944.304756807163358 ], [ 616040.273817731998861, 2470368.862130798399448 ], [ 616033.51514604059048, 2470446.310046250000596 ], [ 615754.379717514617369, 2471415.170466259121895 ], [ 615669.667233390500769, 2471588.356675947085023 ], [ 615314.908066640840843, 2471930.030188279692084 ], [ 615051.052531228400767, 2472097.460318648256361 ], [ 614942.547281483188272, 2472147.583393443375826 ], [ 614577.781124536413699, 2472453.770562394056469 ], [ 614060.610459918854758, 2473041.158647077158093 ], [ 613441.443406108417548, 2473781.704622210469097 ], [ 612884.235642510000616, 2474364.406883572693914 ], [ 612825.254279700806364, 2474545.544019718654454 ], [ 612895.25757899787277, 2474688.8716428745538 ], [ 613059.078086217865348, 2474956.880913402419537 ], [ 613196.265498095541261, 2475487.084214121103287 ], [ 613547.154802885372192, 2475936.928305145353079 ], [ 614577.124957633437589, 2479083.211571279447526 ], [ 614782.184053466073237, 2479747.901509111747146 ], [ 614749.620972015778534, 2479974.620943653397262 ], [ 614628.551387453800999, 2480199.576675944961607 ] ] } },
{ "type": "Feature", "properties": { "route_name": "109A_Aldama - Lomas del Real - Tampico por Av. Hidalgo y Ayuntamiento", "route_name_short": "Aldama - Lomas del Real - Tampico por Av. Hidalgo y Ayuntamiento", "route_type": 3 }, "geometry": { "type": "LineString", "coordinates": [ [ 613884.422750419122167, 2481448.449306873138994 ], [ 614628.551387453800999, 2480199.576675944961607 ], [ 614749.620972015778534, 2479974.620943653397262 ], [ 614782.184053466073237, 2479747.901509111747146 ], [ 614577.124957633437589, 2479083.211571279447526 ], [ 613547.154802885372192, 2475936.928305145353079 ], [ 613196.265498095541261, 2475487.084214121103287 ], [ 613059.078086217865348, 2474956.880913402419537 ], [ 612895.25757899787277, 2474688.8716428745538 ], [ 612825.254279700806364, 2474545.544019718654454 ], [ 612884.235642510000616, 2474364.406883572693914 ], [ 613441.443406108417548, 2473781.704622210469097 ], [ 614577.781124536413699, 2472453.770562394056469 ], [ 614942.547281483188272, 2472147.583393443375826 ], [ 615051.052531228400767, 2472097.460318648256361 ], [ 615314.908066640840843, 2471930.030188279692084 ], [ 615669.667233390500769, 2471588.356675947085023 ], [ 615754.379717514617369, 2471415.170466259121895 ], [ 616040.273817731998861, 2470368.862130798399448 ], [ 615969.287537404103205, 2469944.304756807163358 ], [ 615176.375770279671997, 2467140.723412185441703 ], [ 615188.73233652615454, 2467002.425814157817513 ], [ 615218.322463548392989, 2466901.897773638367653 ], [ 616068.53173269960098, 2465481.149707154836506 ], [ 616085.248934734147042, 2465311.885933445766568 ], [ 616099.856324568390846, 2465149.249134283512831 ], [ 616009.213227890664712, 2464869.580475869588554 ], [ 616014.349363936227746, 2464733.443821789696813 ], [ 616104.621666988357902, 2464510.480076247826219 ], [ 616099.853601419948973, 2464182.739036262966692 ], [ 616006.229002186330035, 2463749.16018212819472 ], [ 615927.205291197169572, 2463429.723511996213347 ], [ 616030.053535191691481, 2463179.175166624598205 ], [ 616039.979646162828431, 2462815.009544684085995 ], [ 615952.724238746799529, 2462631.686551045626402 ], [ 615756.24518702365458, 2461753.394934318959713 ], [ 615773.601974992780015, 2461497.781810143496841 ], [ 615997.264657168299891, 2460800.859188893344253 ], [ 616285.220558346016333, 2460191.880101251415908 ], [ 616731.319831867818721, 2459112.459657079074532 ], [ 617143.720523330266587, 2457998.476754836272448 ], [ 617163.569178913254291, 2457688.635230512358248 ], [ 617703.490349170053378, 2457444.703512679319829 ], [ 617532.996012412942946, 2457088.037102376110852 ], [ 617532.996012412942946, 2457088.037102376110852 ], [ 617624.064130960265175, 2457041.117022146005183 ], [ 617667.670946007361636, 2457136.6569525138475 ], [ 617227.001491978066042, 2457340.37213507341221 ], [ 617141.919634436490014, 2457139.347093269228935 ], [ 617401.595756110851653, 2457015.086684208828956 ], [ 617572.98298380151391, 2457390.579020597971976 ], [ 617220.235345227760263, 2457555.100406206212938 ], [ 617163.569178913254291, 2457688.635230512358248 ], [ 617143.720523330266587, 2457998.476754836272448 ], [ 616964.097846740623936, 2458446.615984623786062 ], [ 617068.349923609755933, 2458702.032769796438515 ], [ 616935.656831984524615, 2459215.84380487119779 ], [ 616834.426400063792244, 2459520.647667495999485 ], [ 616745.324447724735364, 2460133.319434861652553 ], [ 616753.215639654314145, 2460318.265932901296765 ], [ 616725.335144901648164, 2460463.088688102550805 ], [ 616684.041296966257505, 2460610.025328154210001 ], [ 616728.410558154573664, 2460878.278258057311177 ], [ 616775.411265174625441, 2461070.160492858383805 ], [ 616971.611120733316056, 2461430.33584515703842 ], [ 616976.090646604658104, 2461520.045593815855682 ], [ 617076.230312125757337, 2461771.005090164486319 ], [ 617410.361712130135857, 2462423.395397647749633 ], [ 617518.517223492497578, 2462839.379420438315719 ], [ 617821.719151552417316, 2463760.577954280655831 ], [ 617594.316545565845445, 2463991.353646494913846 ], [ 617149.129121299367398, 2464409.80892220698297 ], [ 616849.625288619892672, 2464777.334533477667719 ], [ 616352.169167298823595, 2465164.419095302931964 ], [ 616106.88403112499509, 2465312.04736185958609 ], [ 616068.53173269960098, 2465481.149707154836506 ], [ 615218.322463548392989, 2466901.897773638367653 ], [ 615188.73233652615454, 2467002.425814157817513 ], [ 615176.375770279671997, 2467140.723412185441703 ], [ 615969.287537404103205, 2469944.304756807163358 ], [ 616040.273817731998861, 2470368.862130798399448 ], [ 615754.379717514617369, 2471415.170466259121895 ], [ 615669.667233390500769, 2471588.356675947085023 ], [ 615314.908066640840843, 2471930.030188279692084 ], [ 615051.052531228400767, 2472097.460318648256361 ], [ 614942.547281483188272, 2472147.583393443375826 ], [ 614577.781124536413699, 2472453.770562394056469 ], [ 613441.443406108417548, 2473781.704622210469097 ], [ 612884.235642510000616, 2474364.406883572693914 ], [ 612825.254279700806364, 2474545.544019718654454 ], [ 612895.25757899787277, 2474688.8716428745538 ], [ 613059.078086217865348, 2474956.880913402419537 ], [ 613196.265498095541261, 2475487.084214121103287 ], [ 613547.154802885372192, 2475936.928305145353079 ], [ 614577.124957633437589, 2479083.211571279447526 ], [ 614782.184053466073237, 2479747.901509111747146 ], [ 614749.620972015778534, 2479974.620943653397262 ], [ 614628.551387453800999, 2480199.576675944961607 ] ] } },
{ "type": "Feature", "properties": { "route_name": "110_Universidad Politécnica de Altamira - Santa Amalia - Germinal Zona Conurbada Tampico - Madero - Altamira", "route_name_short": "Universidad Politécnica de Altamira - Santa Amalia - Germinal Zona Conurbada Tampico - Madero - Altamira", "route_type": 3 }, "geometry": { "type": "LineString", "coordinates": [ [ 606326.542549521313049, 2482705.386248849332333 ], [ 606295.761913379188627, 2482392.971737361513078 ], [ 606248.040973398834467, 2481999.622564788442105 ], [ 606246.858595265774056, 2481872.297893965616822 ], [ 606268.949889090028591, 2481802.702566612046212 ], [ 607973.986150723649189, 2480520.322262687142938 ], [ 608392.186106642126106, 2480181.154206334613264 ], [ 608790.886738376924768, 2479690.185897703748196 ], [ 608838.754664040403441, 2479470.20868456363678 ], [ 609193.559656254481524, 2478640.166108373552561 ], [ 609388.742983200820163, 2478114.562554373405874 ], [ 609318.398830469464883, 2477143.133840315043926 ], [ 609399.344474295736291, 2477051.81607059808448 ], [ 609790.014457067009062, 2476982.620418074075133 ], [ 610084.614276948617771, 2476670.294455143623054 ], [ 610210.974317350308411, 2476563.804138923995197 ], [ 610759.489117198274471, 2476451.472311826888472 ], [ 610848.215328298159875, 2476425.536700686439872 ], [ 610919.630844715517014, 2476372.906926890835166 ], [ 610970.877434373134747, 2476261.456083201803267 ], [ 611091.292443404439837, 2476123.930851606652141 ], [ 611312.395656853565015, 2476015.91479563806206 ], [ 612559.443579371320084, 2474708.570705372374505 ], [ 612953.672923343372531, 2474302.914462875574827 ], [ 613282.714056799537502, 2473943.289635052904487 ], [ 614581.883825829485431, 2472456.015106975100935 ], [ 614962.260900069843046, 2472127.801346427295357 ], [ 615351.099291762104258, 2471910.37109112739563 ], [ 615646.82129260734655, 2471613.650149782653898 ], [ 615736.434849340002984, 2471473.714007108472288 ], [ 616004.206333983922377, 2470509.196868756785989 ], [ 616045.456455828505568, 2470364.472388771828264 ], [ 615969.304074118263088, 2469942.090641006361693 ], [ 615315.924193000420928, 2467632.209382246714085 ], [ 615139.845014431979507, 2467622.047137907706201 ], [ 615149.799692576518282, 2467390.734146369155496 ], [ 615976.460469350684434, 2467465.520858637057245 ], [ 616495.863326818449423, 2467438.405451518949121 ], [ 616489.95504103670828, 2467264.543598599731922 ], [ 616758.823327515390702, 2467265.453511772211641 ], [ 616914.412386466981843, 2467261.087255680002272 ], [ 617038.051327488268726, 2467258.696222206577659 ], [ 617096.559505083714612, 2467286.81482391897589 ], [ 617264.542499457485974, 2466868.482236894778907 ], [ 617667.202584965270944, 2467024.30708124069497 ], [ 617670.158928050543182, 2467042.043412773869932 ], [ 617931.961118796607479, 2467160.275004991330206 ], [ 618196.917200279654935, 2467269.678211409132928 ], [ 618517.386117465561256, 2467393.901913332287222 ], [ 618456.239182682125829, 2467577.218732960987836 ], [ 618194.459660100401379, 2468405.570088532753289 ], [ 618147.644695023423992, 2468466.105970666278154 ], [ 617919.402422508224845, 2468815.330809267703444 ], [ 617854.869538863538764, 2468903.41113212890923 ], [ 617877.4877554733539, 2468909.11837213486433 ], [ 617892.769867118215188, 2468931.376852740067989 ], [ 617779.206320613157004, 2469101.012699589598924 ], [ 617816.076276935753413, 2469128.970444918144494 ], [ 618056.270540105178952, 2469239.292549358680844 ], [ 618212.660271663684398, 2469262.624558423645794 ], [ 618319.660885228659026, 2469278.939083252567798 ], [ 618300.581468036165461, 2469349.649915351066738 ], [ 618505.142415301175788, 2469404.351536348462105 ], [ 618463.833241669926792, 2469553.498726509977132 ], [ 618656.875285831163637, 2469632.471509994007647 ], [ 618656.875285831163637, 2469632.471509994007647 ], [ 618463.833241669926792, 2469553.498726509977132 ], [ 618505.142415301175788, 2469404.351536348462105 ], [ 618300.581468036165461, 2469349.649915351066738 ], [ 618319.660885228659026, 2469278.939083252567798 ], [ 618212.660271663684398, 2469262.624558423645794 ], [ 618056.270540105178952, 2469239.292549358680844 ], [ 617816.076276935753413, 2469128.970444918144494 ], [ 617779.206320613157004, 2469101.012699589598924 ], [ 617892.769867118215188, 2468931.376852740067989 ], [ 617877.4877554733539, 2468909.11837213486433 ], [ 617854.869538863538764, 2468903.41113212890923 ], [ 617919.402422508224845, 2468815.330809267703444 ], [ 618147.644695023423992, 2468466.105970666278154 ], [ 618194.459660100401379, 2468405.570088532753289 ], [ 618456.239182682125829, 2467577.218732960987836 ], [ 618517.386117465561256, 2467393.901913332287222 ], [ 618196.917200279654935, 2467269.678211409132928 ], [ 617931.961118796607479, 2467160.275004991330206 ], [ 617670.158928050543182, 2467042.043412773869932 ], [ 617667.202584965270944, 2467024.30708124069497 ], [ 617264.542499457485974, 2466868.482236894778907 ], [ 617096.559505083714612, 2467286.81482391897589 ], [ 617038.051327488268726, 2467258.696222206577659 ], [ 616914.412386466981843, 2467261.087255680002272 ], [ 616758.823327515390702, 2467265.453511772211641 ], [ 616489.95504103670828, 2467264.543598599731922 ], [ 616505.526618263567798, 2467661.0087173236534 ], [ 615928.47115835302975, 2467684.371958509087563 ], [ 615564.043458613334224, 2467651.766005328390747 ], [ 615382.830523827462457, 2467639.348592221271247 ], [ 615315.924193000420928, 2467632.209382246714085 ], [ 615969.304074118263088, 2469942.090641006361693 ], [ 616045.456455828505568, 2470364.472388771828264 ], [ 616004.206333983922377, 2470509.196868756785989 ], [ 615736.434849340002984, 2471473.714007108472288 ], [ 615646.82129260734655, 2471613.650149782653898 ], [ 615351.099291762104258, 2471910.37109112739563 ], [ 614962.260900069843046, 2472127.801346427295357 ], [ 614581.883825829485431, 2472456.015106975100935 ], [ 613282.714056799537502, 2473943.289635052904487 ], [ 612953.672923343372531, 2474302.914462875574827 ], [ 612559.443579371320084, 2474708.570705372374505 ], [ 611312.395656853565015, 2476015.91479563806206 ], [ 611091.292443404439837, 2476123.930851606652141 ], [ 610970.877434373134747, 2476261.456083201803267 ], [ 610919.630844715517014, 2476372.906926890835166 ], [ 610848.215328298159875, 2476425.536700686439872 ], [ 610759.489117198274471, 2476451.472311826888472 ], [ 610210.974317350308411, 2476563.804138923995197 ], [ 610084.614276948617771, 2476670.294455143623054 ], [ 609790.014457067009062, 2476982.620418074075133 ], [ 609399.344474295736291, 2477051.81607059808448 ], [ 609318.398830469464883, 2477143.133840315043926 ], [ 609388.742983200820163, 2478114.562554373405874 ], [ 609193.559656254481524, 2478640.166108373552561 ], [ 608912.792857324820943, 2479334.555987680796534 ], [ 608958.845709705376066, 2479372.52206650050357 ], [ 609009.218415413983166, 2479381.733979525510222 ], [ 608790.886738376924768, 2479690.185897703748196 ], [ 608392.186106642126106, 2480181.154206334613264 ], [ 607973.986150723649189, 2480520.322262687142938 ], [ 606268.949889090028591, 2481802.702566612046212 ], [ 606246.858595265774056, 2481872.297893965616822 ], [ 606248.040973398834467, 2481999.622564788442105 ], [ 606295.761913379188627, 2482392.971737361513078 ] ] } },
{ "type": "Feature", "properties": { "route_name": "112_Cuauhtémoc - Mariano - Matamoros", "route_name_short": "Cuauhtémoc - Mariano - Matamoros", "route_type": 3 }, "geometry": { "type": "LineString", "coordinates": [ [ 607688.718989147106186, 2480248.198552504647523 ], [ 607650.356294731376693, 2480140.542320652399212 ], [ 607893.974229889805429, 2480039.28035810450092 ], [ 607958.393332373118028, 2480542.355412474833429 ], [ 606795.535092022968456, 2481406.671009388752282 ], [ 605871.635634185746312, 2482111.068771018180996 ], [ 605108.05533766199369, 2483313.696026115678251 ], [ 605172.015782669186592, 2483441.448057770263404 ], [ 605348.00873233936727, 2483739.351001880131662 ], [ 605342.895183203043416, 2483885.453244363889098 ], [ 605834.188748266082257, 2484420.223931325599551 ], [ 605834.188748266082257, 2484420.223931325599551 ], [ 605342.895183203043416, 2483885.453244363889098 ], [ 605348.00873233936727, 2483739.351001880131662 ], [ 605172.015782669186592, 2483441.448057770263404 ], [ 605108.05533766199369, 2483313.696026115678251 ], [ 605871.635634185746312, 2482111.068771018180996 ], [ 606795.535092022968456, 2481406.671009388752282 ], [ 607958.393332373118028, 2480542.355412474833429 ], [ 607893.974229889805429, 2480039.28035810450092 ], [ 607650.356294731376693, 2480140.542320652399212 ] ] } },
{ "type": "Feature", "properties": { "route_name": "111A_Tampico - Colonias - El Fuerte - Penal por Av. Hidalgo y Ayuntamiento", "route_name_short": "Tampico - Colonias - El Fuerte - Penal por Av. Hidalgo y Ayuntamiento", "route_type": 3 }, "geometry": { "type": "LineString", "coordinates": [ [ 595215.576904473360628, 2481185.929325955919921 ], [ 595276.648917841725051, 2481295.905203563626856 ], [ 595981.80306107015349, 2482261.204525020904839 ], [ 596253.201105095795356, 2482637.083095176145434 ], [ 596427.837674825219437, 2483015.683612382039428 ], [ 597255.907428180216812, 2482739.682302819564939 ], [ 601210.589793226565234, 2481338.071306919213384 ], [ 601287.77536560560111, 2481966.293562214821577 ], [ 601225.899036805029027, 2481985.815372507087886 ], [ 601687.84637066477444, 2485597.955505384597927 ], [ 601785.2222960870713, 2486277.244525637011975 ], [ 602743.886625569546595, 2485848.51698105642572 ], [ 603681.037282693549059, 2485414.166642644908279 ], [ 603856.251220445614308, 2485217.175468042492867 ], [ 605104.074971453170292, 2483293.741152990143746 ], [ 605869.364930487121455, 2482142.051983512938023 ], [ 608116.783827957231551, 2480411.717259341385216 ], [ 608487.504969556350261, 2480092.147400795016438 ], [ 608795.190784964594059, 2479663.645637523382902 ], [ 608829.117083575110883, 2479523.281936022918671 ], [ 608930.797749961493537, 2479262.720920089166611 ], [ 609391.721511262934655, 2478130.083104020915926 ], [ 609314.234164020046592, 2477149.74705378850922 ], [ 609359.070996614755131, 2477069.245140627492219 ], [ 609799.342332556378096, 2476973.829734889790416 ], [ 610197.559569356846623, 2476568.137073105666786 ], [ 610792.511958991992287, 2476440.637505206745118 ], [ 610869.929752360563725, 2476412.406873715110123 ], [ 610972.888829392497428, 2476268.11315660784021 ], [ 611124.395686338539235, 2476102.026188415009528 ], [ 611284.487272344296798, 2476031.21374817378819 ], [ 612521.991743371007033, 2474761.440105092711747 ], [ 613109.306263516424224, 2474141.303779453970492 ], [ 614566.371937953750603, 2472464.75745825143531 ], [ 615044.873793156933971, 2472097.414493433665484 ], [ 615364.5361257661134, 2471903.828287284821272 ], [ 615705.094070098595694, 2471533.264786356594414 ], [ 616035.574950376641937, 2470446.325442573055625 ], [ 616034.177119246916845, 2470357.745356377679855 ], [ 615971.496240536333062, 2469924.393099524546415 ], [ 615180.381420421763323, 2467156.252673341426998 ], [ 615193.033295052475296, 2466978.101191734429449 ], [ 616066.438235072768293, 2465485.562546945177019 ], [ 616094.38895722059533, 2465329.667955987621099 ], [ 616255.875903641455807, 2465227.9120271243155 ], [ 616560.485671347007155, 2465001.017907727044076 ], [ 616907.720149807748385, 2464724.629223371855915 ], [ 617171.123865337925963, 2464362.368434737902135 ], [ 617829.928445032914169, 2463765.068551559466869 ], [ 617505.222099628765136, 2462825.99372500134632 ], [ 617407.228685687296093, 2462428.907364888582379 ], [ 617350.182928746915422, 2462341.015471987891942 ], [ 617062.925545861129649, 2461758.726897025946528 ], [ 616989.387382780667394, 2461533.430747842881829 ], [ 616971.577888925792649, 2461434.764046401716769 ], [ 616893.350035537034273, 2461284.717017556075007 ], [ 616784.520126418676227, 2461092.370958414394408 ], [ 616732.532709820079617, 2460878.309121646452695 ], [ 616681.93048002384603, 2460616.652195576112717 ], [ 616731.518537029274739, 2460463.134975267574191 ], [ 616755.276789663825184, 2460318.281364507507533 ], [ 616768.268040373222902, 2459959.674905432388186 ], [ 616813.14237236068584, 2459610.164166049100459 ], [ 616951.415291194105521, 2459176.105967621318996 ], [ 616999.629107269342057, 2458931.796177603304386 ], [ 617063.262943736976013, 2458693.137733765412122 ], [ 616976.499426860944368, 2458442.280491739977151 ], [ 617114.478054796229117, 2458049.184355642646551 ], [ 617151.675011291983537, 2457900.003750838339329 ], [ 617157.368065090966411, 2457690.80291431164369 ], [ 617222.330107928486541, 2457550.687697761692107 ], [ 617570.938112759147771, 2457388.349404328037053 ], [ 617404.663175081601366, 2457018.431069135665894 ], [ 617142.975332667585462, 2457136.033688410185277 ], [ 617227.009802724118344, 2457339.265088995918632 ], [ 617665.617711314931512, 2457135.534372369758785 ], [ 617618.893485852982849, 2457043.292299168650061 ], [ 617538.191625164472498, 2457082.540658221580088 ], [ 617538.191625164472498, 2457082.540658221580088 ], [ 617705.56857462413609, 2457442.504957706201822 ], [ 617157.368065090966411, 2457690.80291431164369 ], [ 617151.675011291983537, 2457900.003750838339329 ], [ 617114.478054796229117, 2458049.184355642646551 ], [ 616976.499426860944368, 2458442.280491739977151 ], [ 616741.825167976552621, 2459085.9676419547759 ], [ 616467.016270422842354, 2459723.822515601757914 ], [ 616694.119337422307581, 2459814.088592764921486 ], [ 616652.083627830492333, 2459922.27089731907472 ], [ 616765.134805164765567, 2459965.186998731922358 ], [ 616834.143438243307173, 2459971.239329263102263 ], [ 616808.866693489369936, 2460318.682681945618242 ], [ 616801.267563372734003, 2460645.223458083812147 ], [ 616851.701739577925764, 2460929.021861152723432 ], [ 617129.289182734908536, 2461018.566806441638619 ], [ 617121.409228697419167, 2461244.358623023610562 ], [ 616977.885221036151052, 2461280.922731841448694 ], [ 616971.577888925792649, 2461434.764046401716769 ], [ 616989.387382780667394, 2461533.430747842881829 ], [ 617062.925545861129649, 2461758.726897025946528 ], [ 617350.182928746915422, 2462341.015471987891942 ], [ 617407.228685687296093, 2462428.907364888582379 ], [ 617505.222099628765136, 2462825.99372500134632 ], [ 617829.928445032914169, 2463765.068551559466869 ], [ 617171.123865337925963, 2464362.368434737902135 ], [ 616907.720149807748385, 2464724.629223371855915 ], [ 616560.485671347007155, 2465001.017907727044076 ], [ 616255.875903641455807, 2465227.9120271243155 ], [ 616094.38895722059533, 2465329.667955987621099 ], [ 616066.438235072768293, 2465485.562546945177019 ], [ 615193.033295052475296, 2466978.101191734429449 ], [ 615180.381420421763323, 2467156.252673341426998 ], [ 615971.496240536333062, 2469924.393099524546415 ], [ 616034.177119246916845, 2470357.745356377679855 ], [ 616035.574950376641937, 2470446.325442573055625 ], [ 615705.094070098595694, 2471533.264786356594414 ], [ 615364.5361257661134, 2471903.828287284821272 ], [ 615044.873793156933971, 2472097.414493433665484 ], [ 614566.371937953750603, 2472464.75745825143531 ], [ 613109.306263516424224, 2474141.303779453970492 ], [ 612521.991743371007033, 2474761.440105092711747 ], [ 611284.487272344296798, 2476031.21374817378819 ], [ 611124.395686338539235, 2476102.026188415009528 ], [ 610972.888829392497428, 2476268.11315660784021 ], [ 610869.929752360563725, 2476412.406873715110123 ], [ 610792.511958991992287, 2476440.637505206745118 ], [ 610197.559569356846623, 2476568.137073105666786 ], [ 609799.342332556378096, 2476973.829734889790416 ], [ 609359.070996614755131, 2477069.245140627492219 ], [ 609314.234164020046592, 2477149.74705378850922 ], [ 609391.721511262934655, 2478130.083104020915926 ], [ 608930.797749961493537, 2479262.720920089166611 ], [ 608829.117083575110883, 2479523.281936022918671 ], [ 608795.190784964594059, 2479663.645637523382902 ], [ 608487.504969556350261, 2480092.147400795016438 ], [ 608116.783827957231551, 2480411.717259341385216 ], [ 605869.364930487121455, 2482142.051983512938023 ], [ 605104.074971453170292, 2483293.741152990143746 ], [ 603856.251220445614308, 2485217.175468042492867 ], [ 603681.037282693549059, 2485414.166642644908279 ], [ 602743.886625569546595, 2485848.51698105642572 ], [ 601785.2222960870713, 2486277.244525637011975 ], [ 601687.84637066477444, 2485597.955505384597927 ], [ 601225.899036805029027, 2481985.815372507087886 ], [ 601287.77536560560111, 2481966.293562214821577 ], [ 601210.589793226565234, 2481338.071306919213384 ], [ 597255.907428180216812, 2482739.682302819564939 ], [ 596427.837674825219437, 2483015.683612382039428 ], [ 596253.201105095795356, 2482637.083095176145434 ], [ 595981.80306107015349, 2482261.204525020904839 ], [ 595276.648917841725051, 2481295.905203563626856 ] ] } },
{ "type": "Feature", "properties": { "route_name": "114_López Mateos - Margaritas - Tampico por Av. Hidalgo y Ayuntamiento", "route_name_short": "López Mateos - Margaritas - Tampico por Av. Hidalgo y Ayuntamiento", "route_type": 3 }, "geometry": { "type": "LineString", "coordinates": [ [ 595812.560437600011937, 2493252.291065271943808 ], [ 595203.134295821655542, 2488701.741275797598064 ], [ 595419.091908102971502, 2488711.934690504800528 ], [ 599373.583762341411784, 2487396.26902936398983 ], [ 601798.538324343971908, 2486286.189191620796919 ], [ 603705.774875749018975, 2485407.690417526755482 ], [ 603814.723177678068168, 2485272.250664580147713 ], [ 605863.084107432165183, 2482157.508315145969391 ], [ 605927.434726386913098, 2482078.238435439299792 ], [ 608373.442562064970843, 2480212.021721958182752 ], [ 608514.482812864240259, 2480061.337816001847386 ], [ 608783.899987924611196, 2479659.137759514618665 ], [ 608838.629972824594006, 2479487.92150461813435 ], [ 608982.036906210938469, 2479149.050032956060022 ], [ 609393.921163707738742, 2478110.170744128059596 ], [ 609316.230485135922208, 2477158.617992688436061 ], [ 609349.743438546778634, 2477078.036077167373151 ], [ 609790.061572204693221, 2476975.978114585857838 ], [ 609923.670467965886928, 2476862.894416293594986 ], [ 610164.419304555864073, 2476595.578886647708714 ], [ 610711.02401655795984, 2476462.196750954724848 ], [ 610823.460021739942022, 2476432.002133493311703 ], [ 610894.764407655457035, 2476394.870986758265644 ], [ 610972.952306069550104, 2476259.256735211703926 ], [ 611095.442257807357237, 2476119.532185812015086 ], [ 611308.245751867652871, 2476020.313406588044018 ], [ 612543.886865585809574, 2474723.957283099647611 ], [ 614577.748411086620763, 2472458.198791560716927 ], [ 614964.353293856489472, 2472123.388378837145865 ], [ 615322.017922848463058, 2471943.368476598057896 ], [ 615675.945227348594926, 2471575.118031804449856 ], [ 615752.419143310398795, 2471401.870392383541912 ], [ 616040.290367725305259, 2470366.648013600613922 ], [ 615962.276417789515108, 2469917.681523226201534 ], [ 615172.632545970729552, 2467089.768476079683751 ], [ 615204.594400618458167, 2466947.187685085460544 ], [ 616064.3447385719046, 2465489.975386987905949 ], [ 616091.752522134920582, 2465268.757000613491982 ], [ 616093.049253261880949, 2465094.949759493116289 ], [ 615989.259603215497918, 2464781.969797929283231 ], [ 616110.968605952220969, 2464488.385154681745917 ], [ 616099.671963043627329, 2464207.094165374990553 ], [ 616085.645327504375018, 2464015.459057715721428 ], [ 615940.36927855014801, 2463460.820632081478834 ], [ 616021.662019837647676, 2463199.040655996184796 ], [ 616035.709575288114138, 2462834.905732457526028 ], [ 615962.047459868714213, 2462625.113286293577403 ], [ 615753.203091029310599, 2461746.729687582701445 ], [ 615768.465949860401452, 2461495.529444246552885 ], [ 615805.709431051160209, 2461337.489629743155092 ], [ 616038.312616312643513, 2460686.025372316595167 ], [ 616130.14696769521106, 2460532.821012727916241 ], [ 617137.486305574188009, 2458005.072628127411008 ], [ 617156.063802766380832, 2457864.609201550949365 ], [ 617157.401293558301404, 2457686.374729070346802 ], [ 617222.313485511112958, 2457552.901790400035679 ], [ 617572.949641907704063, 2457395.007208857219666 ], [ 617396.458423637785017, 2457012.833849234040827 ], [ 617144.031031306483783, 2457132.720283613540232 ], [ 617225.962408183375373, 2457341.471443027257919 ], [ 617663.56447633553762, 2457134.411792510654777 ], [ 617624.047455406282097, 2457043.331115708686411 ], [ 617542.281460907659493, 2457086.999876932241023 ], [ 617530.92609968141187, 2457089.128633896820247 ], [ 617701.462192936334759, 2457440.259783090557903 ], [ 617157.368065090966411, 2457690.80291431164369 ], [ 617156.063802766380832, 2457864.609201550949365 ], [ 617137.486305574188009, 2458005.072628127411008 ], [ 616665.188305263291113, 2459272.495805182494223 ], [ 616480.364645068533719, 2459730.564838837366551 ], [ 616692.07468523515854, 2459811.859076993074268 ], [ 616652.075348208192736, 2459923.377944968640804 ], [ 616768.218312266282737, 2459966.317193465773016 ], [ 616827.943264644593, 2459973.407106533180922 ], [ 616805.215619460213929, 2460668.502365850843489 ], [ 616847.587897164630704, 2460927.883916073013097 ], [ 617128.233700304874219, 2461021.88021449232474 ], [ 617128.606196104432456, 2461246.626925534568727 ], [ 616972.699431010172702, 2461285.312265968415886 ], [ 616980.295720232301392, 2461509.006026220973581 ], [ 617047.651255267788656, 2461734.25567760784179 ], [ 617165.489253475796431, 2461960.992379635106772 ], [ 617407.362167439307086, 2462411.194522361736745 ], [ 617518.684264580253512, 2462817.238351525273174 ], [ 617825.773534317268059, 2463769.465584713034332 ], [ 617171.190530110383406, 2464353.511999873910099 ], [ 616894.06038349645678, 2464759.954351951368153 ], [ 616096.548563245334662, 2465316.398698078002781 ], [ 616064.3447385719046, 2465489.975386987905949 ], [ 615204.594400618458167, 2466947.187685085460544 ], [ 615172.632545970729552, 2467089.768476079683751 ], [ 615962.276417789515108, 2469917.681523226201534 ], [ 616040.290367725305259, 2470366.648013600613922 ], [ 615752.419143310398795, 2471401.870392383541912 ], [ 615675.945227348594926, 2471575.118031804449856 ], [ 615322.017922848463058, 2471943.368476598057896 ], [ 614964.353293856489472, 2472123.388378837145865 ], [ 614577.748411086620763, 2472458.198791560716927 ], [ 612543.886865585809574, 2474723.957283099647611 ], [ 611308.245751867652871, 2476020.313406588044018 ], [ 611095.442257807357237, 2476119.532185812015086 ], [ 610972.952306069550104, 2476259.256735211703926 ], [ 610894.764407655457035, 2476394.870986758265644 ], [ 610823.460021739942022, 2476432.002133493311703 ], [ 610711.02401655795984, 2476462.196750954724848 ], [ 610164.419304555864073, 2476595.578886647708714 ], [ 609923.670467965886928, 2476862.894416293594986 ], [ 609790.061572204693221, 2476975.978114585857838 ], [ 609349.743438546778634, 2477078.036077167373151 ], [ 609316.230485135922208, 2477158.617992688436061 ], [ 609393.921163707738742, 2478110.170744128059596 ], [ 608982.036906210938469, 2479149.050032956060022 ], [ 608838.629972824594006, 2479487.92150461813435 ], [ 608783.899987924611196, 2479659.137759514618665 ], [ 608514.482812864240259, 2480061.337816001847386 ], [ 608373.442562064970843, 2480212.021721958182752 ], [ 605927.434726386913098, 2482078.238435439299792 ], [ 605863.084107432165183, 2482157.508315145969391 ], [ 603814.723177678068168, 2485272.250664580147713 ], [ 603705.774875749018975, 2485407.690417526755482 ], [ 601798.538324343971908, 2486286.189191620796919 ], [ 599373.583762341411784, 2487396.26902936398983 ], [ 595419.091908102971502, 2488711.934690504800528 ], [ 595205.19155726430472, 2488701.753996385727078 ], [ 595422.642316494020633, 2490296.181009725667536 ], [ 595521.560161024564877, 2491096.104249684605747 ], [ 595807.391188312903978, 2493256.687157444190234 ] ] } },
{ "type": "Feature", "properties": { "route_name": "113_Univ. Politécnica de Altamira - Santa Amalia - Santa Elena", "route_name_short": "Univ. Politécnica de Altamira - Santa Amalia - Santa Elena", "route_type": 3 }, "geometry": { "type": "LineString", "coordinates": [ [ 606335.834584111813456, 2482701.021840152330697 ], [ 606228.655482109286822, 2481975.133001375943422 ], [ 606233.251658616354689, 2481905.417299446184188 ], [ 606258.605380444321781, 2481810.381095389369875 ], [ 607978.118459054967389, 2480518.136926508508623 ], [ 608342.402664132532664, 2480235.05331919202581 ], [ 608666.22298979468178, 2479853.160790667403489 ], [ 608786.285705395392142, 2479612.656089631374925 ], [ 608874.272549930610694, 2479396.282642240636051 ], [ 609391.627574193640612, 2478143.367715945933014 ], [ 609373.027999721467495, 2477862.031254291534424 ], [ 609316.121015148470178, 2477174.116687528789043 ], [ 609339.386449259705842, 2477086.819746525492519 ], [ 609428.200223192106932, 2477047.591634860262275 ], [ 609808.65451101528015, 2476967.253158191218972 ], [ 610177.936443808721378, 2476576.854261105880141 ], [ 610719.25199699762743, 2476463.362700564786792 ], [ 610828.639168769004755, 2476427.610770721919835 ], [ 610906.168124394956976, 2476383.881577454973012 ], [ 610979.129314657649957, 2476259.301008875947446 ], [ 611104.739631408127025, 2476115.170455669984221 ], [ 611308.198005647282116, 2476026.955725960433483 ], [ 613062.616730359033681, 2474189.676126522943377 ], [ 614587.065364470123313, 2472451.624916764441878 ], [ 614987.025036797742359, 2472121.342184813227504 ], [ 615057.31338187889196, 2472086.435565313789994 ], [ 615417.476148830377497, 2471847.758935623802245 ], [ 615689.481547550298274, 2471555.290783407632262 ], [ 615904.816765336901881, 2470853.876005969941616 ], [ 615895.030528452596627, 2470785.161458666436374 ], [ 615850.302503784419969, 2470706.222011743113399 ], [ 615755.957688625785522, 2470651.26927133044228 ], [ 615724.171478547272272, 2470632.211227814666927 ], [ 615845.442261557676829, 2470667.436532609164715 ], [ 615936.903757972409949, 2470694.690289983991534 ], [ 615941.325481246807612, 2470792.149926647078246 ], [ 615922.316367915598676, 2470855.113817580975592 ], [ 616601.076248041819781, 2471124.800652492791414 ], [ 616820.532931742025539, 2470566.246355614159256 ], [ 616970.635860154405236, 2470192.061697836499661 ], [ 617411.648321428336203, 2469078.301831253338605 ], [ 617498.913351728348061, 2469116.603912717662752 ], [ 617574.530974836437963, 2468924.536445569247007 ], [ 617621.73530106630642, 2468948.143406482879072 ], [ 617756.288498093839735, 2468998.983426440507174 ], [ 617861.584038143744692, 2468968.782474835868925 ], [ 618006.192509027314372, 2469051.807664465159178 ], [ 618033.342654404812492, 2469003.300391968805343 ], [ 618257.935879074037075, 2469133.435322867706418 ], [ 618356.427458344725892, 2469185.113356234505773 ], [ 618531.660723107983358, 2469303.805206600576639 ], [ 618736.018508736160584, 2469385.079427092336118 ], [ 618653.810769602074288, 2469629.126707192976028 ], [ 618653.810769602074288, 2469629.126707192976028 ], [ 618736.018508736160584, 2469385.079427092336118 ], [ 618531.660723107983358, 2469303.805206600576639 ], [ 618356.427458344725892, 2469185.113356234505773 ], [ 618257.935879074037075, 2469133.435322867706418 ], [ 618033.342654404812492, 2469003.300391968805343 ], [ 618006.192509027314372, 2469051.807664465159178 ], [ 617861.584038143744692, 2468968.782474835868925 ], [ 617756.288498093839735, 2468998.983426440507174 ], [ 617621.73530106630642, 2468948.143406482879072 ], [ 617574.530974836437963, 2468924.536445569247007 ], [ 617498.913351728348061, 2469116.603912717662752 ], [ 617411.648321428336203, 2469078.301831253338605 ], [ 616970.635860154405236, 2470192.061697836499661 ], [ 616820.532931742025539, 2470566.246355614159256 ], [ 616601.076248041819781, 2471124.800652492791414 ], [ 615917.142190298065543, 2470858.39653542265296 ], [ 615689.481547550298274, 2471555.290783407632262 ], [ 615417.476148830377497, 2471847.758935623802245 ], [ 615057.31338187889196, 2472086.435565313789994 ], [ 614987.025036797742359, 2472121.342184813227504 ], [ 614587.065364470123313, 2472451.624916764441878 ], [ 613062.616730359033681, 2474189.676126522943377 ], [ 611308.198005647282116, 2476026.955725960433483 ], [ 611104.739631408127025, 2476115.170455669984221 ], [ 610979.129314657649957, 2476259.301008875947446 ], [ 610906.168124394956976, 2476383.881577454973012 ], [ 610828.639168769004755, 2476427.610770721919835 ], [ 610719.25199699762743, 2476463.362700564786792 ], [ 610177.936443808721378, 2476576.854261105880141 ], [ 609808.65451101528015, 2476967.253158191218972 ], [ 609428.200223192106932, 2477047.591634860262275 ], [ 609339.386449259705842, 2477086.819746525492519 ], [ 609316.121015148470178, 2477174.116687528789043 ], [ 609373.027999721467495, 2477862.031254291534424 ], [ 609391.627574193640612, 2478143.367715945933014 ], [ 608874.272549930610694, 2479396.282642240636051 ], [ 608786.285705395392142, 2479612.656089631374925 ], [ 608666.22298979468178, 2479853.160790667403489 ], [ 608342.402664132532664, 2480235.05331919202581 ], [ 607978.118459054967389, 2480518.136926508508623 ], [ 606258.605380444321781, 2481810.381095389369875 ], [ 606233.251658616354689, 2481905.417299446184188 ], [ 606326.49680354911834, 2482712.028543158899993 ] ] } },
{ "type": "Feature", "properties": { "route_name": "114A_López Mateos - Margaritas - Tampico por Ayuntamiento Av. Hidalgo", "route_name_short": "López Mateos - Margaritas - Tampico por Ayuntamiento Av. Hidalgo", "route_type": 3 }, "geometry": { "type": "LineString", "coordinates": [ [ 595812.560437600011937, 2493252.291065271943808 ], [ 595203.134295821655542, 2488701.741275797598064 ], [ 595419.091908102971502, 2488711.934690504800528 ], [ 599373.583762341411784, 2487396.26902936398983 ], [ 601798.538324343971908, 2486286.189191620796919 ], [ 603705.774875749018975, 2485407.690417526755482 ], [ 603814.723177678068168, 2485272.250664580147713 ], [ 605863.084107432165183, 2482157.508315145969391 ], [ 605927.434726386913098, 2482078.238435439299792 ], [ 608373.442562064970843, 2480212.021721958182752 ], [ 608514.482812864240259, 2480061.337816001847386 ], [ 608783.899987924611196, 2479659.137759514618665 ], [ 608838.629972824594006, 2479487.92150461813435 ], [ 608982.036906210938469, 2479149.050032956060022 ], [ 609393.921163707738742, 2478110.170744128059596 ], [ 609316.230485135922208, 2477158.617992688436061 ], [ 609349.743438546778634, 2477078.036077167373151 ], [ 609790.061572204693221, 2476975.978114585857838 ], [ 609923.670467965886928, 2476862.894416293594986 ], [ 610164.419304555864073, 2476595.578886647708714 ], [ 610711.02401655795984, 2476462.196750954724848 ], [ 610823.460021739942022, 2476432.002133493311703 ], [ 610894.764407655457035, 2476394.870986758265644 ], [ 610972.952306069550104, 2476259.256735211703926 ], [ 611095.442257807357237, 2476119.532185812015086 ], [ 611308.245751867652871, 2476020.313406588044018 ], [ 612543.886865585809574, 2474723.957283099647611 ], [ 614577.748411086620763, 2472458.198791560716927 ], [ 614964.353293856489472, 2472123.388378837145865 ], [ 615322.017922848463058, 2471943.368476598057896 ], [ 615675.945227348594926, 2471575.118031804449856 ], [ 615752.419143310398795, 2471401.870392383541912 ], [ 616040.290367725305259, 2470366.648013600613922 ], [ 615962.276417789515108, 2469917.681523226201534 ], [ 615172.632545970729552, 2467089.768476079683751 ], [ 615204.594400618458167, 2466947.187685085460544 ], [ 616064.3447385719046, 2465489.975386987905949 ], [ 616091.752522134920582, 2465268.757000613491982 ], [ 616093.049253261880949, 2465094.949759493116289 ], [ 615989.259603215497918, 2464781.969797929283231 ], [ 616110.968605952220969, 2464488.385154681745917 ], [ 616099.671963043627329, 2464207.094165374990553 ], [ 616085.645327504375018, 2464015.459057715721428 ], [ 615940.36927855014801, 2463460.820632081478834 ], [ 616021.662019837647676, 2463199.040655996184796 ], [ 616035.709575288114138, 2462834.905732457526028 ], [ 615962.047459868714213, 2462625.113286293577403 ], [ 615753.203091029310599, 2461746.729687582701445 ], [ 615768.465949860401452, 2461495.529444246552885 ], [ 615805.709431051160209, 2461337.489629743155092 ], [ 616038.312616312643513, 2460686.025372316595167 ], [ 616130.14696769521106, 2460532.821012727916241 ], [ 617137.486305574188009, 2458005.072628127411008 ], [ 617156.063802766380832, 2457864.609201550949365 ], [ 617157.401293558301404, 2457686.374729070346802 ], [ 617703.507039009011351, 2457442.489417729433626 ], [ 617542.281460907659493, 2457086.999876932241023 ], [ 617542.281460907659493, 2457086.999876932241023 ], [ 617623.997428658534773, 2457049.973396425601095 ], [ 617661.452855560346507, 2457141.038541901391 ], [ 617225.979029532987624, 2457339.257350876461715 ], [ 617143.947990253800526, 2457143.790739757474512 ], [ 617399.267867774702609, 2457050.496664339676499 ], [ 617607.345469796913676, 2457481.620810167398304 ], [ 617157.401293558301404, 2457686.374729070346802 ], [ 617156.063802766380832, 2457864.609201550949365 ], [ 617137.486305574188009, 2458005.072628127411008 ], [ 616972.443002859596163, 2458433.393218937795609 ], [ 617065.274484180496074, 2458699.795480312779546 ], [ 616929.340194541844539, 2459233.510219796095043 ], [ 616813.076053155935369, 2459619.020547701045871 ], [ 616749.44679655181244, 2460133.350294060539454 ], [ 616759.36593481444288, 2460322.740422184579074 ], [ 616684.041296966257505, 2460610.025328154210001 ], [ 616718.138330648303963, 2460873.772907979320735 ], [ 616775.394679841469042, 2461072.374591570347548 ], [ 616974.636161723406985, 2461439.215448488481343 ], [ 616995.138228552648798, 2461591.043786429800093 ], [ 617062.925545861129649, 2461758.726897025946528 ], [ 617402.209974630735815, 2462411.155697069596499 ], [ 617516.65684796567075, 2462812.794590347446501 ], [ 617615.934060720494017, 2463175.571145180147141 ], [ 617829.894934146665037, 2463769.496773184277117 ], [ 617162.814735113061033, 2464371.162828294560313 ], [ 616831.944311824277975, 2464799.344121403526515 ], [ 616315.91169852449093, 2465190.718785298522562 ], [ 616094.554159010061994, 2465307.526902762707323 ], [ 616064.3447385719046, 2465489.975386987905949 ], [ 615204.594400618458167, 2466947.187685085460544 ], [ 615172.632545970729552, 2467089.768476079683751 ], [ 615962.276417789515108, 2469917.681523226201534 ], [ 616040.290367725305259, 2470366.648013600613922 ], [ 615752.419143310398795, 2471401.870392383541912 ], [ 615675.945227348594926, 2471575.118031804449856 ], [ 615322.017922848463058, 2471943.368476598057896 ], [ 614964.353293856489472, 2472123.388378837145865 ], [ 614577.748411086620763, 2472458.198791560716927 ], [ 612543.886865585809574, 2474723.957283099647611 ], [ 611308.245751867652871, 2476020.313406588044018 ], [ 611095.442257807357237, 2476119.532185812015086 ], [ 610972.952306069550104, 2476259.256735211703926 ], [ 610894.764407655457035, 2476394.870986758265644 ], [ 610823.460021739942022, 2476432.002133493311703 ], [ 610711.02401655795984, 2476462.196750954724848 ], [ 610164.419304555864073, 2476595.578886647708714 ], [ 609923.670467965886928, 2476862.894416293594986 ], [ 609790.061572204693221, 2476975.978114585857838 ], [ 609349.743438546778634, 2477078.036077167373151 ], [ 609316.230485135922208, 2477158.617992688436061 ], [ 609393.921163707738742, 2478110.170744128059596 ], [ 608982.036906210938469, 2479149.050032956060022 ], [ 608838.629972824594006, 2479487.92150461813435 ], [ 608783.899987924611196, 2479659.137759514618665 ], [ 608514.482812864240259, 2480061.337816001847386 ], [ 608373.442562064970843, 2480212.021721958182752 ], [ 605927.434726386913098, 2482078.238435439299792 ], [ 605863.084107432165183, 2482157.508315145969391 ], [ 603814.723177678068168, 2485272.250664580147713 ], [ 603705.774875749018975, 2485407.690417526755482 ], [ 601798.538324343971908, 2486286.189191620796919 ], [ 599373.583762341411784, 2487396.26902936398983 ], [ 595399.520491216680966, 2488716.241709738969803 ], [ 595182.534307790221646, 2488706.042208839207888 ], [ 595506.841108480468392, 2490981.983894152566791 ], [ 595807.377383399172686, 2493258.901233172044158 ] ] } },
{ "type": "Feature", "properties": { "route_name": "115_Altamira - Zapata por Arboledas", "route_name_short": "Altamira - Zapata por Arboledas", "route_type": 3 }, "geometry": { "type": "LineString", "coordinates": [ [ 609757.557616242906079, 2476768.718764180783182 ], [ 609791.161695784772746, 2476966.021961534395814 ], [ 609947.654678878723644, 2476819.887597940862179 ], [ 610166.478258126764558, 2476595.593538615386933 ], [ 610300.657314932439476, 2476547.836244239006191 ], [ 610725.47642537439242, 2476456.764562712982297 ], [ 610810.037040520575829, 2476437.441600937861949 ], [ 610908.274692551465705, 2476377.25401097163558 ], [ 610972.920567758032121, 2476263.684945899061859 ], [ 611068.460565031855367, 2476149.230584728065878 ], [ 611191.576327234623022, 2476065.97382752969861 ], [ 611286.546307286946103, 2476031.228545930236578 ], [ 611656.869874672149308, 2475647.51252749748528 ], [ 611673.254772276734002, 2475659.808886683546007 ], [ 611673.135034403996542, 2475676.414692502003163 ], [ 611725.473974627675489, 2475700.041518802754581 ], [ 611771.084224545862526, 2475800.010677924845368 ], [ 611868.392020030645654, 2476012.171732740011066 ], [ 611953.257932809414342, 2476093.604295306373388 ], [ 611777.751424916321412, 2476302.687708602286875 ], [ 611744.064323120284826, 2476405.405997497495264 ], [ 611741.501953260973096, 2476475.135590979829431 ], [ 611772.68714400450699, 2476718.925522551406175 ], [ 612048.109447553753853, 2476644.525778527837247 ], [ 612095.948390831355937, 2477004.684239646885544 ], [ 611970.194722885964438, 2477025.916295323055238 ], [ 612012.974773566937074, 2477373.85976185137406 ], [ 612192.304340714588761, 2477346.3738017603755 ], [ 612142.354078306350857, 2476993.949243185576051 ], [ 612124.746093217749149, 2476866.503514462150633 ], [ 612148.060017608338967, 2476774.781911962665617 ], [ 612235.434507997357287, 2476651.418337180279195 ], [ 612022.688784403260797, 2476458.346713821403682 ], [ 612153.407116844900884, 2476320.903869149275124 ], [ 612216.102354316273704, 2476335.750625415239483 ], [ 612544.399021662306041, 2476637.054705975577235 ], [ 612950.429226700216532, 2477006.467699497472495 ], [ 613060.858564738300629, 2477110.235917827580124 ], [ 613128.462462291819975, 2477157.228875428438187 ], [ 613221.964055111282505, 2477182.269211932551116 ], [ 613354.835641564568505, 2477173.27773639652878 ], [ 613901.559267587028444, 2477025.61605639802292 ], [ 614460.465725548681803, 2477041.917451959103346 ], [ 614888.490950332023203, 2477076.088141691870987 ], [ 614838.071871055173688, 2476656.113889345433563 ], [ 614790.498693582601845, 2476546.155807587318122 ], [ 614771.914952924475074, 2476414.270328789483756 ], [ 614867.075073331361637, 2476077.303371496498585 ], [ 614812.277943596011028, 2475691.618209081236273 ], [ 614885.729136763489805, 2475644.556616621091962 ], [ 614799.091196468914859, 2474831.286618202924728 ], [ 614838.577324753510766, 2474782.865894082468003 ], [ 616055.88433078234084, 2474613.689129834063351 ], [ 616003.57869181514252, 2474448.335739516187459 ], [ 615971.334559007314965, 2474353.988742147106677 ], [ 615865.93529073568061, 2474265.737469936255366 ], [ 615765.488809322705492, 2474341.378383897710592 ], [ 615658.287090728408657, 2474494.468177880160511 ], [ 615457.310879920609295, 2474519.540371614973992 ], [ 615323.5493300271919, 2474644.756320408545434 ], [ 615080.275444086641073, 2474403.809195260051638 ], [ 615023.100613966584206, 2474338.064517226070166 ], [ 614900.364546825527214, 2474226.441883307415992 ], [ 614785.114258602960035, 2474355.120960530359298 ], [ 614745.832229950581677, 2474375.865336739458144 ], [ 614723.426078939111903, 2474342.485823421739042 ], [ 614697.086875003995374, 2474005.726278662215918 ], [ 614653.204502990469337, 2473952.259842459112406 ], [ 614593.77038992557209, 2473913.071117675397545 ], [ 614518.011540386709385, 2473295.845943587366492 ], [ 615036.448099805274978, 2473233.256770512089133 ], [ 615058.439027077518404, 2473461.486792825162411 ], [ 614976.899078525253572, 2473625.842794371768832 ], [ 614993.283750329632312, 2473638.142657495103776 ], [ 614957.83104859967716, 2473697.664217113517225 ], [ 615112.581532559590414, 2473797.346430310048163 ], [ 615024.081361757940613, 2473928.436857112217695 ], [ 615306.869662216864526, 2474118.748850115109235 ], [ 615370.411668111220933, 2474159.078152450732887 ], [ 615510.59482134366408, 2474001.803729862440377 ], [ 615760.402522433781996, 2474195.199975695926696 ], [ 615786.375422853627242, 2474164.39452171465382 ], [ 615937.894710323191248, 2474281.775396827608347 ], [ 616040.799646128201857, 2474153.01193648763001 ], [ 615747.971656157867983, 2473929.397360092028975 ], [ 615960.103165181586519, 2473653.094732190016657 ], [ 615852.614625093876384, 2473568.149614144582301 ], [ 615491.344665172859095, 2473959.589601514860988 ], [ 615491.344665172859095, 2473959.589601514860988 ], [ 615852.614625093876384, 2473568.149614144582301 ], [ 615960.103165181586519, 2473653.094732190016657 ], [ 615747.971656157867983, 2473929.397360092028975 ], [ 616040.799646128201857, 2474153.01193648763001 ], [ 615937.894710323191248, 2474281.775396827608347 ], [ 615786.375422853627242, 2474164.39452171465382 ], [ 615760.402522433781996, 2474195.199975695926696 ], [ 615510.59482134366408, 2474001.803729862440377 ], [ 615370.411668111220933, 2474159.078152450732887 ], [ 615306.869662216864526, 2474118.748850115109235 ], [ 615024.081361757940613, 2473928.436857112217695 ], [ 615112.581532559590414, 2473797.346430310048163 ], [ 614957.83104859967716, 2473697.664217113517225 ], [ 614993.283750329632312, 2473638.142657495103776 ], [ 614976.899078525253572, 2473625.842794371768832 ], [ 615058.439027077518404, 2473461.486792825162411 ], [ 615036.448099805274978, 2473233.256770512089133 ], [ 614518.011540386709385, 2473295.845943587366492 ], [ 614593.77038992557209, 2473913.071117675397545 ], [ 614653.204502990469337, 2473952.259842459112406 ], [ 614697.086875003995374, 2474005.726278662215918 ], [ 614723.426078939111903, 2474342.485823421739042 ], [ 614745.832229950581677, 2474375.865336739458144 ], [ 614785.114258602960035, 2474355.120960530359298 ], [ 614900.364546825527214, 2474226.441883307415992 ], [ 615023.100613966584206, 2474338.064517226070166 ], [ 615080.275444086641073, 2474403.809195260051638 ], [ 615323.5493300271919, 2474644.756320408545434 ], [ 615457.310879920609295, 2474519.540371614973992 ], [ 615658.287090728408657, 2474494.468177880160511 ], [ 615765.488809322705492, 2474341.378383897710592 ], [ 615865.93529073568061, 2474265.737469936255366 ], [ 615971.334559007314965, 2474353.988742147106677 ], [ 616003.57869181514252, 2474448.335739516187459 ], [ 616055.88433078234084, 2474613.689129834063351 ], [ 614838.577324753510766, 2474782.865894082468003 ], [ 614799.091196468914859, 2474831.286618202924728 ], [ 614885.729136763489805, 2475644.556616621091962 ], [ 614812.277943596011028, 2475691.618209081236273 ], [ 614867.075073331361637, 2476077.303371496498585 ], [ 614771.914952924475074, 2476414.270328789483756 ], [ 614790.498693582601845, 2476546.155807587318122 ], [ 614838.071871055173688, 2476656.113889345433563 ], [ 614888.490950332023203, 2477076.088141691870987 ], [ 614460.465725548681803, 2477041.917451959103346 ], [ 613901.559267587028444, 2477025.61605639802292 ], [ 613354.835641564568505, 2477173.27773639652878 ], [ 613221.964055111282505, 2477182.269211932551116 ], [ 613128.462462291819975, 2477157.228875428438187 ], [ 613060.858564738300629, 2477110.235917827580124 ], [ 612950.429226700216532, 2477006.467699497472495 ], [ 612544.399021662306041, 2476637.054705975577235 ], [ 612216.102354316273704, 2476335.750625415239483 ], [ 612153.407116844900884, 2476320.903869149275124 ], [ 612022.688784403260797, 2476458.346713821403682 ], [ 612235.434507997357287, 2476651.418337180279195 ], [ 612148.060017608338967, 2476774.781911962665617 ], [ 612124.746093217749149, 2476866.503514462150633 ], [ 612142.354078306350857, 2476993.949243185576051 ], [ 612192.304340714588761, 2477346.3738017603755 ], [ 612012.974773566937074, 2477373.85976185137406 ], [ 611970.194722885964438, 2477025.916295323055238 ], [ 612095.948390831355937, 2477004.684239646885544 ], [ 612048.109447553753853, 2476644.525778527837247 ], [ 611772.68714400450699, 2476718.925522551406175 ], [ 611741.501953260973096, 2476475.135590979829431 ], [ 611744.064323120284826, 2476405.405997497495264 ], [ 611777.751424916321412, 2476302.687708602286875 ], [ 611953.257932809414342, 2476093.604295306373388 ], [ 611868.392020030645654, 2476012.171732740011066 ], [ 611771.084224545862526, 2475800.010677924845368 ], [ 611725.473974627675489, 2475700.041518802754581 ], [ 611673.135034403996542, 2475676.414692502003163 ], [ 611673.254772276734002, 2475659.808886683546007 ], [ 611656.869874672149308, 2475647.51252749748528 ], [ 611286.546307286946103, 2476031.228545930236578 ], [ 611191.576327234623022, 2476065.97382752969861 ], [ 611068.460565031855367, 2476149.230584728065878 ], [ 610972.920567758032121, 2476263.684945899061859 ], [ 610908.274692551465705, 2476377.25401097163558 ], [ 610810.037040520575829, 2476437.441600937861949 ], [ 610725.47642537439242, 2476456.764562712982297 ], [ 610300.657314932439476, 2476547.836244239006191 ], [ 610166.478258126764558, 2476595.593538615386933 ], [ 609947.654678878723644, 2476819.887597940862179 ], [ 609801.456206900649704, 2476966.094986222218722 ], [ 609701.34838069754187, 2477000.812547475099564 ], [ 609665.801988362683915, 2476786.889244658872485 ], [ 609756.52030272805132, 2476769.818515118677169 ] ] } },
{ "type": "Feature", "properties": { "route_name": "116_Altamira - Intramunicipal", "route_name_short": "Altamira - Intramunicipal", "route_type": 3 }, "geometry": { "type": "LineString", "coordinates": [ [ 608274.102638571755961, 2476611.027142824605107 ], [ 608454.353080760454759, 2476599.003671574406326 ], [ 608440.027626362047158, 2476439.480773818213493 ], [ 608697.538196637062356, 2476421.358764462638646 ], [ 608707.584296404151246, 2476456.85655857110396 ], [ 608786.768845083424821, 2476469.590889273677021 ], [ 608952.694557454320602, 2476445.294340728782117 ], [ 609002.002181978547014, 2476899.5537069584243 ], [ 609019.495284710312262, 2477046.92168059386313 ], [ 609038.883053114637733, 2477217.552246207371354 ], [ 609027.980406872811727, 2477303.829546380788088 ], [ 609067.284870308823884, 2477569.81153611605987 ], [ 609085.907101313583553, 2477702.795361721888185 ], [ 609044.716202449984848, 2477412.443666293285787 ], [ 609336.292255259933881, 2477379.073611967731267 ], [ 609382.425848848419264, 2478134.445801484864205 ], [ 608894.343585587106645, 2479323.354981949087232 ], [ 608921.027185715502128, 2479334.613991986494511 ], [ 609285.502418770221993, 2478448.178959317039698 ], [ 609674.088078437373042, 2478667.922434244770557 ], [ 609969.254305000999011, 2478850.47708309488371 ], [ 609740.838425939786248, 2478980.60048737609759 ], [ 609749.387303788214922, 2479081.408049700781703 ], [ 609728.722544328426011, 2479092.332488134969026 ], [ 609737.161406208644621, 2479208.638799556065351 ], [ 609615.593949704547413, 2479223.276050849817693 ], [ 609663.705468805157579, 2479551.321416922844946 ], [ 609630.383889341028407, 2479605.333437764085829 ], [ 609754.844457135652192, 2480487.476094488054514 ], [ 610033.828631254960783, 2480335.571477661374956 ], [ 610622.040898554027081, 2480266.701031600125134 ], [ 610490.041334368521348, 2479293.712239928077906 ], [ 610707.36597349063959, 2479275.338701851200312 ], [ 611073.244765216251835, 2479211.535827529616654 ], [ 611026.484851078712381, 2478842.531308304984123 ], [ 610922.403460349538364, 2478858.391143857501447 ], [ 610881.465354163316078, 2478538.142123133409768 ], [ 610985.524994478560984, 2478525.603094758000225 ], [ 610880.623187837656587, 2477650.232641976792365 ], [ 610868.065780961303972, 2477535.003135077655315 ], [ 610847.106223073205911, 2477442.962798827793449 ], [ 610231.140691180597059, 2477201.641757134348154 ], [ 609935.151758692925796, 2476840.833821840584278 ], [ 610155.0752406087704, 2476606.583466516342014 ], [ 610111.067618874600157, 2476569.735860920511186 ], [ 608991.574606533395126, 2476772.163398038595915 ], [ 608952.694557454320602, 2476445.294340728782117 ], [ 608786.768845083424821, 2476469.590889273677021 ], [ 608707.584296404151246, 2476456.85655857110396 ], [ 608697.538196637062356, 2476421.358764462638646 ], [ 608440.027626362047158, 2476439.480773818213493 ], [ 608960.579810430062935, 2476495.169458131305873 ], [ 608952.694557454320602, 2476445.294340728782117 ], [ 608978.175289389910176, 2476628.145657272543758 ], [ 609424.359140631509945, 2476571.509419835638255 ], [ 609771.543985077762045, 2476538.539932248648256 ], [ 609821.462306573521346, 2476613.070057730656117 ], [ 610111.067618874600157, 2476569.735860920511186 ], [ 610155.0752406087704, 2476606.583466516342014 ], [ 609935.151758692925796, 2476840.833821840584278 ], [ 610231.140691180597059, 2477201.641757134348154 ], [ 610847.106223073205911, 2477442.962798827793449 ], [ 610868.065780961303972, 2477535.003135077655315 ], [ 610880.623187837656587, 2477650.232641976792365 ], [ 610985.524994478560984, 2478525.603094758000225 ], [ 610881.465354163316078, 2478538.142123133409768 ], [ 610922.403460349538364, 2478858.391143857501447 ], [ 611026.484851078712381, 2478842.531308304984123 ], [ 611073.244765216251835, 2479211.535827529616654 ], [ 610707.36597349063959, 2479275.338701851200312 ], [ 610490.041334368521348, 2479293.712239928077906 ], [ 610622.040898554027081, 2480266.701031600125134 ], [ 610033.828631254960783, 2480335.571477661374956 ], [ 609754.844457135652192, 2480487.476094488054514 ], [ 609630.383889341028407, 2479605.333437764085829 ], [ 609663.705468805157579, 2479551.321416922844946 ], [ 609615.593949704547413, 2479223.276050849817693 ], [ 609737.161406208644621, 2479208.638799556065351 ], [ 609728.722544328426011, 2479092.332488134969026 ], [ 609749.387303788214922, 2479081.408049700781703 ], [ 609740.838425939786248, 2478980.60048737609759 ], [ 609969.254305000999011, 2478850.47708309488371 ], [ 609674.088078437373042, 2478667.922434244770557 ], [ 609285.502418770221993, 2478448.178959317039698 ], [ 608921.027185715502128, 2479334.613991986494511 ], [ 608894.343585587106645, 2479323.354981949087232 ], [ 609382.425848848419264, 2478134.445801484864205 ], [ 609336.292255259933881, 2477379.073611967731267 ], [ 609044.716202449984848, 2477412.443666293285787 ], [ 609085.907101313583553, 2477702.795361721888185 ], [ 609067.284870308823884, 2477569.81153611605987 ], [ 609027.980406872811727, 2477303.829546380788088 ], [ 609038.883053114637733, 2477217.552246207371354 ], [ 609019.495284710312262, 2477046.92168059386313 ], [ 609002.002181978547014, 2476899.5537069584243 ], [ 608970.657279204926454, 2476672.376855246722698 ], [ 608952.694557454320602, 2476445.294340728782117 ], [ 608939.778655974427238, 2476378.777295484207571 ], [ 608923.017242954694666, 2476273.484633760992438 ], [ 608898.04110248957295, 2476018.67546018678695 ], [ 608393.185476409737021, 2476071.595379927195609 ], [ 608066.430207768455148, 2476126.880658962298185 ], [ 607929.620752041460946, 2476404.915371385868639 ], [ 608087.660303174285218, 2476625.22366443509236 ] ] } },
{ "type": "Feature", "properties": { "route_name": "117_Altamira - San Jacinto - Paseo del Real", "route_name_short": "Altamira - San Jacinto - Paseo del Real", "route_type": 3 }, "geometry": { "type": "LineString", "coordinates": [ [ 609541.2071078812005, 2477226.635013353079557 ], [ 609507.577124626259319, 2477032.653560790698975 ], [ 609712.664467658265494, 2477001.999860778450966 ], [ 609802.485658025601879, 2476966.102289067581296 ], [ 610160.254131474765018, 2476602.191889795940369 ], [ 610207.846475529950112, 2476569.317408081609756 ], [ 610692.437840795726515, 2476469.81361348554492 ], [ 610786.311260289046913, 2476443.914460198022425 ], [ 610866.801641842466779, 2476417.920020019635558 ], [ 610930.0606237903703, 2476354.160789763089269 ], [ 610984.427593513508327, 2476238.303904458414763 ], [ 611097.445678997319192, 2476127.296328655444086 ], [ 611296.936964904074557, 2476018.01790039986372 ], [ 611654.834729999303818, 2475644.176521731540561 ], [ 611673.262754774419591, 2475658.701832973398268 ], [ 611700.89275090652518, 2475682.150424854829907 ], [ 611827.818798756459728, 2475927.738144047558308 ], [ 611972.762684040470049, 2476101.495118320453912 ], [ 612144.993060588021763, 2475918.960709519684315 ], [ 612211.283906839904375, 2475864.085247130598873 ], [ 612559.023157514864579, 2476183.243722739629447 ], [ 612522.845149183878675, 2476344.619570483919233 ], [ 612509.565970764728263, 2476471.841316209174693 ], [ 612487.94664652843494, 2476471.684219189919531 ], [ 612465.700027736951597, 2476557.877579574938864 ], [ 613062.868943657143973, 2477116.893312075641006 ], [ 613159.273051142226905, 2477167.418179933913052 ], [ 613250.764254245441407, 2477185.801284213084728 ], [ 613357.93209229176864, 2477172.193296167533845 ], [ 613905.709691197960638, 2477021.218115508090705 ], [ 614451.216963589075021, 2477039.634813338983804 ], [ 614890.549867033492774, 2477076.103424837812781 ], [ 614843.202876213937998, 2476658.366200928110629 ], [ 614797.508127117645927, 2476572.778750965371728 ], [ 614773.908301433315501, 2476423.142093251924962 ], [ 614862.66955055645667, 2476116.02000840427354 ], [ 614900.69345928542316, 2475986.768674917984754 ], [ 615466.409801830188371, 2475923.441983699332923 ], [ 615461.969733375939541, 2475966.586766591761261 ], [ 614886.898881381261162, 2476042.022491621319205 ], [ 614886.898881381261162, 2476042.022491621319205 ], [ 615461.969733375939541, 2475966.586766591761261 ], [ 615466.409801830188371, 2475923.441983699332923 ], [ 614900.69345928542316, 2475986.768674917984754 ], [ 614862.66955055645667, 2476116.02000840427354 ], [ 614773.908301433315501, 2476423.142093251924962 ], [ 614797.508127117645927, 2476572.778750965371728 ], [ 614843.202876213937998, 2476658.366200928110629 ], [ 614890.549867033492774, 2477076.103424837812781 ], [ 614451.216963589075021, 2477039.634813338983804 ], [ 613905.709691197960638, 2477021.218115508090705 ], [ 613357.93209229176864, 2477172.193296167533845 ], [ 613250.764254245441407, 2477185.801284213084728 ], [ 613159.273051142226905, 2477167.418179933913052 ], [ 613062.868943657143973, 2477116.893312075641006 ], [ 612465.700027736951597, 2476557.877579574938864 ], [ 612381.796518805553205, 2476486.41292408388108 ], [ 612361.359370687045157, 2476465.22940384503454 ], [ 612334.769306069239974, 2476440.679924288298935 ], [ 612288.747223663376644, 2476398.275716632604599 ], [ 612202.766992859425955, 2476329.01129487529397 ], [ 612134.295595942996442, 2476258.767074710689485 ], [ 611967.567079496453516, 2476108.100225274916738 ], [ 611827.818798756459728, 2475927.738144047558308 ], [ 611700.89275090652518, 2475682.150424854829907 ], [ 611673.262754774419591, 2475658.701832973398268 ], [ 611654.834729999303818, 2475644.176521731540561 ], [ 611296.936964904074557, 2476018.01790039986372 ], [ 611097.445678997319192, 2476127.296328655444086 ], [ 610984.427593513508327, 2476238.303904458414763 ], [ 610930.0606237903703, 2476354.160789763089269 ], [ 610866.801641842466779, 2476417.920020019635558 ], [ 610786.311260289046913, 2476443.914460198022425 ], [ 610692.437840795726515, 2476469.81361348554492 ], [ 610207.846475529950112, 2476569.317408081609756 ], [ 610160.254131474765018, 2476602.191889795940369 ], [ 609802.485658025601879, 2476966.102289067581296 ], [ 609712.664467658265494, 2477001.999860778450966 ], [ 609604.501835497445427, 2477011.197504175361246 ], [ 609628.842238205601461, 2477208.434732099995017 ], [ 609544.318914521834813, 2477223.335721536539495 ] ] } },
{ "type": "Feature", "properties": { "route_name": "119_Pedrera - Soriana - Aeropuerto", "route_name_short": "Pedrera - Soriana - Aeropuerto", "route_type": 3 }, "geometry": { "type": "LineString", "coordinates": [ [ 615436.959569814032875, 2475730.582651366945356 ], [ 615465.083098897244781, 2475963.288604550994933 ], [ 614883.802086627460085, 2476043.106639220379293 ], [ 614771.89853935292922, 2476416.484453944023699 ], [ 614777.509243426145986, 2476492.917568267323077 ], [ 614845.245422363397665, 2476660.595601733308285 ], [ 614884.405985973658971, 2477071.629321560263634 ], [ 613901.60814818367362, 2477018.973690066952258 ], [ 613553.23456908413209, 2475950.258306549396366 ], [ 613185.751475681201555, 2475516.899523073341697 ], [ 613087.090511522605084, 2475068.90403405437246 ], [ 613051.035215946147218, 2474930.251453353092074 ], [ 612987.179878413095139, 2474791.396252375096083 ], [ 612836.306009291787632, 2474583.266372600570321 ], [ 612836.991245315992273, 2474489.166670924518257 ], [ 612860.239640778629109, 2474407.40954516408965 ], [ 613231.767267090966925, 2474010.451354696881026 ], [ 613789.301317532779649, 2473386.799611092079431 ], [ 614167.381196631584316, 2472945.625258227344602 ], [ 614595.360740172443911, 2472443.936381409410387 ], [ 614964.304065396892838, 2472130.03072624001652 ], [ 615306.537998470827006, 2471947.681889411527663 ], [ 615707.203261523507535, 2471526.637790753040463 ], [ 616013.508509662933648, 2470504.837903746869415 ], [ 616017.504265656927601, 2470245.801598080433905 ], [ 615888.759954293374904, 2469693.494584420695901 ], [ 615729.452160591841675, 2469094.462766948156059 ], [ 615535.79301644640509, 2468403.287508805282414 ], [ 615424.271279366337694, 2468023.825175719801337 ], [ 615320.910353639977984, 2467654.388662749901414 ], [ 615240.448694823193364, 2467391.405894797295332 ], [ 615180.725894001312554, 2467109.756470623891801 ], [ 615285.10473747679498, 2466787.253017756622285 ], [ 615408.091210501035675, 2466595.527604793198407 ], [ 615730.569488397915848, 2466038.831541032530367 ], [ 616062.234726292197593, 2465496.602332856971771 ], [ 616100.636490721255541, 2465320.857657784130424 ], [ 616369.890448644175194, 2465136.873736533802003 ], [ 616453.887918234337121, 2465064.43251862609759 ], [ 616447.590377257438377, 2465079.885005846619606 ], [ 616366.799683383433148, 2465136.850622796919197 ], [ 616208.696170606650412, 2465337.163952253293246 ], [ 616062.234726292197593, 2465496.602332856971771 ], [ 615726.415768237202428, 2466043.229091801680624 ], [ 615488.391549917520024, 2466464.377243411261588 ], [ 615285.10473747679498, 2466787.253017756622285 ], [ 615202.45211065094918, 2466958.242942419368774 ], [ 615180.725894001312554, 2467109.756470623891801 ], [ 615240.448694823193364, 2467391.405894797295332 ], [ 615307.68349971412681, 2467632.14824668224901 ], [ 615394.216111348476261, 2467909.569127127528191 ], [ 615527.552726904861629, 2468403.22623851429671 ], [ 615625.88454929087311, 2468754.91364937229082 ], [ 615729.452160591841675, 2469094.462766948156059 ], [ 615880.949913365184329, 2469635.866115211043507 ], [ 616017.504265656927601, 2470245.801598080433905 ], [ 616013.508509662933648, 2470504.837903746869415 ], [ 615851.785965798888355, 2471059.404493165202439 ], [ 615707.203261523507535, 2471526.637790753040463 ], [ 615306.537998470827006, 2471947.681889411527663 ], [ 614964.304065396892838, 2472130.03072624001652 ], [ 614595.360740172443911, 2472443.936381409410387 ], [ 613757.283128136419691, 2473399.850030734669417 ], [ 612860.239640778629109, 2474407.40954516408965 ], [ 612836.306009291787632, 2474583.266372600570321 ], [ 612987.179878413095139, 2474791.396252375096083 ], [ 613087.090511522605084, 2475068.90403405437246 ], [ 613185.751475681201555, 2475516.899523073341697 ], [ 613553.23456908413209, 2475950.258306549396366 ], [ 613901.60814818367362, 2477018.973690066952258 ], [ 614884.405985973658971, 2477071.629321560263634 ], [ 614845.245422363397665, 2476660.595601733308285 ], [ 614777.509243426145986, 2476492.917568267323077 ], [ 614771.89853935292922, 2476416.484453944023699 ], [ 614883.802086627460085, 2476043.106639220379293 ], [ 614853.701325033092871, 2475798.209144820924848 ], [ 615432.833120575756766, 2475731.659019244834781 ] ] } },
{ "type": "Feature", "properties": { "route_name": "118_Frac. Haciendas - Soriana - Aeropuerto", "route_name_short": "Frac. Haciendas - Soriana - Aeropuerto", "route_type": 3 }, "geometry": { "type": "LineString", "coordinates": [ [ 616065.751826362800784, 2474121.092151646967977 ], [ 615961.841680677025579, 2474246.52656653476879 ], [ 615532.886195596423931, 2473912.292906650342047 ], [ 615487.193000573664904, 2473963.987158199772239 ], [ 614978.950243147206493, 2473626.965128838084638 ], [ 615056.387845070334151, 2473460.364448759704828 ], [ 615031.299528747331351, 2473233.218570882920176 ], [ 615134.377833980834112, 2473219.591112719848752 ], [ 615105.253313559573144, 2472981.343966898974031 ], [ 615069.155217063147575, 2472988.82588575175032 ], [ 614579.791582753648981, 2472460.428121036384255 ], [ 614950.785569888888858, 2472147.644441101234406 ], [ 615231.099435255746357, 2471982.549179242923856 ], [ 615440.296663605724461, 2471825.786325661931187 ], [ 615640.592844593687914, 2471620.246450109407306 ], [ 615768.147530171554536, 2471364.345624297391623 ], [ 615915.016298116650432, 2470867.237623314373195 ], [ 616035.740448732394725, 2470424.184269208461046 ], [ 616013.963679111562669, 2470168.276729403994977 ], [ 615969.519050119444728, 2469913.307136070914567 ], [ 615837.908711414784193, 2469468.370079124812037 ], [ 615721.410172649659216, 2469067.832028618082404 ], [ 615535.858870326075703, 2468394.431069598067552 ], [ 615428.3586327083176, 2468028.28399514965713 ], [ 615315.924193000420928, 2467632.209382246714085 ], [ 615243.555416435119696, 2467389.21469879290089 ], [ 615195.472255813539959, 2467205.077470486052334 ], [ 615182.868153880699538, 2467098.701210042461753 ], [ 615188.765143908909522, 2466997.997604929376394 ], [ 615390.34855142456945, 2466626.395111135207117 ], [ 615508.260688226553611, 2466424.668720749206841 ], [ 615730.470645764726214, 2466052.11617196816951 ], [ 616062.342085936455987, 2465482.21064669219777 ], [ 616093.358715713606216, 2465329.660269012674689 ], [ 616184.59035846684128, 2465253.950336231384426 ], [ 616334.6134799659485, 2465169.823409708682448 ], [ 616445.513290709699504, 2465082.083693272899836 ], [ 616461.95600727328565, 2465087.742321180645376 ], [ 616352.086388608557172, 2465175.48962692823261 ], [ 616291.802229240420274, 2465245.894327308051288 ], [ 616175.645789140486158, 2465347.988289028871804 ], [ 616062.342085936455987, 2465482.21064669219777 ], [ 615705.581320786150172, 2466074.073281376622617 ], [ 615508.260688226553611, 2466424.668720749206841 ], [ 615372.630601172219031, 2466653.941478538326919 ], [ 615188.765143908909522, 2466997.997604929376394 ], [ 615174.610778449801728, 2467100.854262326378375 ], [ 615195.472255813539959, 2467205.077470486052334 ], [ 615290.861772283096798, 2467539.025872737169266 ], [ 615409.469835860654712, 2467936.253154071047902 ], [ 615535.743625889183022, 2468409.929838264826685 ], [ 615717.290201931144111, 2469067.801335870288312 ], [ 615900.122472899500281, 2469689.150907837320119 ], [ 615969.519050119444728, 2469913.307136070914567 ], [ 616035.740448732394725, 2470424.184269208461046 ], [ 615768.147530171554536, 2471364.345624297391623 ], [ 615640.592844593687914, 2471620.246450109407306 ], [ 615231.099435255746357, 2471982.549179242923856 ], [ 614950.785569888888858, 2472147.644441101234406 ], [ 614579.791582753648981, 2472460.428121036384255 ], [ 615069.155217063147575, 2472988.82588575175032 ], [ 615105.253313559573144, 2472981.343966898974031 ], [ 615134.377833980834112, 2473219.591112719848752 ], [ 615031.299528747331351, 2473233.218570882920176 ], [ 615056.387845070334151, 2473460.364448759704828 ], [ 614978.950243147206493, 2473626.965128838084638 ], [ 615487.193000573664904, 2473963.987158199772239 ], [ 615532.886195596423931, 2473912.292906650342047 ], [ 615846.436458916636184, 2473568.103443601634353 ], [ 615959.065194724709727, 2473654.194091884419322 ], [ 615767.750374310649931, 2473900.759855035692453 ], [ 616061.591740900534205, 2474126.596623766236007 ], [ 615961.841680677025579, 2474246.52656653476879 ] ] } },
{ "type": "Feature", "properties": { "route_name": "120_Fracc. Arboledas - Soriana - Aeropuerto", "route_name_short": "Fracc. Arboledas - Soriana - Aeropuerto", "route_type": 3 }, "geometry": { "type": "LineString", "coordinates": [ [ 612173.943750267382711, 2477890.941546549554914 ], [ 612263.232246772386134, 2477502.991460127756 ], [ 612269.922805990674533, 2477432.184595579281449 ], [ 612201.98062322055921, 2477431.691834631375968 ], [ 612176.467343921307474, 2477258.79690275201574 ], [ 612142.305953269358724, 2477000.591582297813147 ], [ 612124.377210476435721, 2476917.428106388542801 ], [ 612133.134181459550746, 2476845.529102998785675 ], [ 612145.952954789623618, 2476781.409332972485572 ], [ 612186.543558310950175, 2476720.812157763633877 ], [ 612084.245408956077881, 2476630.394889973569661 ], [ 611774.746090250555426, 2476718.940389142371714 ], [ 611765.034825434908271, 2476638.051031146664172 ], [ 611747.063591689104214, 2476560.423405099660158 ], [ 611743.736720749060623, 2476450.795245094690472 ], [ 611760.9917305521667, 2476342.422769761178643 ], [ 611792.284335765871219, 2476286.185946928802878 ], [ 611956.298452658695169, 2476100.268955724779516 ], [ 611866.460939857643098, 2475994.443983858451247 ], [ 611765.122735957615077, 2475770.075635547284037 ], [ 611709.121100708725862, 2475683.31688491627574 ], [ 611679.575724304653704, 2475639.926462668459862 ], [ 612135.989784023724496, 2475171.594387005548924 ], [ 612516.747241388307884, 2474774.687375978101045 ], [ 613229.659425686928444, 2474017.078644040506333 ], [ 613842.320045881439, 2473318.547641917131841 ], [ 614159.208552472526208, 2472936.708153798244894 ], [ 614593.293030049651861, 2472445.028221870772541 ], [ 614922.866520658251829, 2472162.937232377007604 ], [ 615226.832230113912374, 2472002.445633993949741 ], [ 615351.132217926788144, 2471905.942856538109481 ], [ 615455.925047485274263, 2471801.545981377828866 ], [ 615588.738801335333847, 2471668.573355584871024 ], [ 615705.127091722213663, 2471528.836549874860793 ], [ 615888.963604385848157, 2470908.006534494459629 ], [ 616043.181484011001885, 2470393.240515749435872 ], [ 615973.423815852846019, 2469942.121410928666592 ], [ 615725.447665919666179, 2469078.933284572791308 ], [ 615535.809479937423021, 2468401.073398995213211 ], [ 615411.365545375039801, 2467958.409533450379968 ], [ 615309.924353658920154, 2467607.808356013614684 ], [ 615215.54124581371434, 2467277.18856722349301 ], [ 615184.288635433651507, 2467185.066566272638738 ], [ 615178.780473310500383, 2467094.242473660036922 ], [ 615188.666721592773683, 2467011.282232678029686 ], [ 615208.780552065465599, 2466938.36179863056168 ], [ 615410.151521782390773, 2466595.542895491700619 ], [ 615710.814631772576831, 2466063.041073964443058 ], [ 616070.674785274779424, 2465470.094550905749202 ], [ 616091.199113597627729, 2465342.929527356754988 ], [ 616133.786022120155394, 2465296.748528838157654 ], [ 616182.463735863566399, 2465262.791373420041054 ], [ 616455.882159498753026, 2465073.304365341085941 ], [ 616455.882159498753026, 2465073.304365341085941 ], [ 616263.687753936857916, 2465285.54036627849564 ], [ 616173.329065713332966, 2465382.291544969193637 ], [ 616073.641593616572209, 2465486.723400754388422 ], [ 615721.297747302101925, 2466038.762558743357658 ], [ 615398.688364466768689, 2466613.171638108789921 ], [ 615208.780552065465599, 2466938.36179863056168 ], [ 615178.780473310500383, 2467094.242473660036922 ], [ 615215.54124581371434, 2467277.18856722349301 ], [ 615320.844644149416126, 2467663.245090319309384 ], [ 615437.497605193755589, 2468046.065722750034183 ], [ 615531.582325435243547, 2468415.434477040544152 ], [ 615699.179112187121063, 2469010.096314826514572 ], [ 615973.423815852846019, 2469942.121410928666592 ], [ 616043.181484011001885, 2470393.240515749435872 ], [ 615879.41373384417966, 2470945.57732938695699 ], [ 615705.127091722213663, 2471528.836549874860793 ], [ 615455.925047485274263, 2471801.545981377828866 ], [ 615226.832230113912374, 2472002.445633993949741 ], [ 614922.866520658251829, 2472162.937232377007604 ], [ 614593.293030049651861, 2472445.028221870772541 ], [ 614239.076934860437177, 2472858.69104796461761 ], [ 613864.212159469607286, 2473282.173575340304524 ], [ 613229.659425686928444, 2474017.078644040506333 ], [ 612516.747241388307884, 2474774.687375978101045 ], [ 612105.038380951154977, 2475180.227262330707163 ], [ 611679.575724304653704, 2475639.926462668459862 ], [ 611709.121100708725862, 2475683.31688491627574 ], [ 611765.122735957615077, 2475770.075635547284037 ], [ 611866.460939857643098, 2475994.443983858451247 ], [ 611956.298452658695169, 2476100.268955724779516 ], [ 611792.284335765871219, 2476286.185946928802878 ], [ 611760.9917305521667, 2476342.422769761178643 ], [ 611743.736720749060623, 2476450.795245094690472 ], [ 611747.063591689104214, 2476560.423405099660158 ], [ 611765.034825434908271, 2476638.051031146664172 ], [ 611774.746090250555426, 2476718.940389142371714 ], [ 612084.245408956077881, 2476630.394889973569661 ], [ 612186.543558310950175, 2476720.812157763633877 ], [ 612145.952954789623618, 2476781.409332972485572 ], [ 612133.134181459550746, 2476845.529102998785675 ], [ 612124.377210476435721, 2476917.428106388542801 ], [ 612142.305953269358724, 2477000.591582297813147 ], [ 612176.467343921307474, 2477258.79690275201574 ], [ 612201.98062322055921, 2477431.691834631375968 ], [ 612269.922805990674533, 2477432.184595579281449 ], [ 612172.157845415291376, 2477853.286659979261458 ] ] } },
{ "type": "Feature", "properties": { "route_name": "Fracc._Sotavento - Soriana Aeropuerto - AUT", "route_name_short": "Sotavento - Soriana Aeropuerto - AUT", "route_type": 3 }, "geometry": { "type": "LineString", "coordinates": [ [ 614477.977232138044201, 2470906.392021750565618 ], [ 614512.060862414189614, 2470893.358071385882795 ], [ 614522.62910725956317, 2470856.901236321311444 ], [ 614491.953484074911103, 2470826.782807593233883 ], [ 614516.057110823108815, 2470770.497743087355047 ], [ 614571.891065117786638, 2470741.017662752885371 ], [ 614630.970218260306865, 2470690.526541033294052 ], [ 614692.746773198712617, 2470693.197119728196412 ], [ 614707.900475915055722, 2470733.165274210739881 ], [ 614676.734187169466168, 2470769.469806990586221 ], [ 614676.603319035610184, 2470787.1826953869313 ], [ 614634.124956916668452, 2470821.189500380307436 ], [ 614634.811415931791998, 2470867.693437586072832 ], [ 614607.838600656832568, 2470894.06502251746133 ], [ 614483.903287050547078, 2470940.756311489269137 ], [ 614472.32164845103398, 2470974.991463277488947 ], [ 614479.27754089969676, 2471009.363350647501647 ], [ 614448.226621504640207, 2471030.169532382395118 ], [ 614342.65902365243528, 2471100.246758190914989 ], [ 614318.972386603243649, 2471100.072256730403751 ], [ 614362.617827017209493, 2471047.252295745536685 ], [ 614439.243603438371792, 2470991.354252107907087 ], [ 614419.095262141199782, 2470930.314358684699982 ], [ 614442.863796175224707, 2470919.418450666591525 ], [ 614446.173802854144014, 2470889.550745669752359 ], [ 614373.410104871960357, 2470700.804842029232532 ], [ 614394.268793825758621, 2470665.530879758298397 ], [ 614384.214703274541534, 2470632.243345270399004 ], [ 614455.887553037260659, 2470410.241586591117084 ], [ 614516.937478540232405, 2470371.942798412404954 ], [ 614570.018077150220051, 2470297.050626650452614 ], [ 614600.057015198399313, 2470274.022922079544514 ], [ 614805.688505945610814, 2470183.651587374974042 ], [ 614874.111298832809553, 2470262.762934574391693 ], [ 614957.050440505496226, 2470328.696714504156262 ], [ 615020.666803196887486, 2470361.274299062322825 ], [ 615041.428974150447175, 2470339.28580635972321 ], [ 615348.038487258716486, 2470520.914027310907841 ], [ 615736.422839352162555, 2470646.69512578099966 ], [ 615826.023104330291972, 2470647.363454972859472 ], [ 615928.18874943733681, 2470620.448131287936121 ], [ 615996.740601516561583, 2470543.461815044283867 ], [ 616038.929460648098029, 2470410.922660177573562 ], [ 616009.045691296341829, 2470137.240619179327041 ], [ 615942.107520199147984, 2469859.960697116330266 ], [ 615247.560921682044864, 2467404.743987321853638 ], [ 615178.48521766718477, 2467134.096360706724226 ], [ 615199.164857929688878, 2466984.789299765136093 ], [ 616072.702213104465045, 2465474.538133903872222 ], [ 616077.690359487081878, 2465358.328341427259147 ], [ 616205.22836563619785, 2465249.675993543118238 ], [ 616366.78312579728663, 2465139.064729122910649 ], [ 616838.209095170488581, 2464788.31998829357326 ], [ 617153.383655321318656, 2464392.127069395966828 ], [ 617636.945043084444478, 2463940.748243340291083 ], [ 618068.478794223512523, 2463559.84426494454965 ], [ 618416.511546219582669, 2463457.310537919402122 ], [ 617994.693755003856495, 2463642.318929137196392 ], [ 617846.44727812288329, 2463896.940722462255508 ], [ 617560.978020512848161, 2464039.815066325478256 ], [ 617507.233681195648387, 2464061.551682403776795 ], [ 617507.233681195648387, 2464061.551682403776795 ], [ 617560.978020512848161, 2464039.815066325478256 ], [ 617846.44727812288329, 2463896.940722462255508 ], [ 617994.693755003856495, 2463642.318929137196392 ], [ 618416.511546219582669, 2463457.310537919402122 ], [ 618068.478794223512523, 2463559.84426494454965 ], [ 617636.945043084444478, 2463940.748243340291083 ], [ 617153.383655321318656, 2464392.127069395966828 ], [ 616838.209095170488581, 2464788.31998829357326 ], [ 616366.78312579728663, 2465139.064729122910649 ], [ 616205.22836563619785, 2465249.675993543118238 ], [ 616077.690359487081878, 2465358.328341427259147 ], [ 616072.702213104465045, 2465474.538133903872222 ], [ 615199.164857929688878, 2466984.789299765136093 ], [ 615178.48521766718477, 2467134.096360706724226 ], [ 615247.560921682044864, 2467404.743987321853638 ], [ 615942.107520199147984, 2469859.960697116330266 ], [ 616009.045691296341829, 2470137.240619179327041 ], [ 616038.929460648098029, 2470410.922660177573562 ], [ 615996.740601516561583, 2470543.461815044283867 ], [ 615928.18874943733681, 2470620.448131287936121 ], [ 615826.023104330291972, 2470647.363454972859472 ], [ 615736.422839352162555, 2470646.69512578099966 ], [ 615348.038487258716486, 2470520.914027310907841 ], [ 615041.428974150447175, 2470339.28580635972321 ], [ 615020.666803196887486, 2470361.274299062322825 ], [ 614957.050440505496226, 2470328.696714504156262 ], [ 614874.111298832809553, 2470262.762934574391693 ], [ 614805.688505945610814, 2470183.651587374974042 ], [ 614600.057015198399313, 2470274.022922079544514 ], [ 614570.018077150220051, 2470297.050626650452614 ], [ 614516.937478540232405, 2470371.942798412404954 ], [ 614455.887553037260659, 2470410.241586591117084 ], [ 614384.214703274541534, 2470632.243345270399004 ], [ 614394.268793825758621, 2470665.530879758298397 ], [ 614373.410104871960357, 2470700.804842029232532 ], [ 614446.173802854144014, 2470889.550745669752359 ], [ 614442.863796175224707, 2470919.418450666591525 ], [ 614419.095262141199782, 2470930.314358684699982 ], [ 614439.243603438371792, 2470991.354252107907087 ], [ 614362.617827017209493, 2471047.252295745536685 ], [ 614318.972386603243649, 2471100.072256730403751 ], [ 614342.65902365243528, 2471100.246758190914989 ], [ 614448.226621504640207, 2471030.169532382395118 ], [ 614479.27754089969676, 2471009.363350647501647 ], [ 614472.32164845103398, 2470974.991463277488947 ], [ 614483.903287050547078, 2470940.756311489269137 ], [ 614607.838600656832568, 2470894.06502251746133 ], [ 614634.811415931791998, 2470867.693437586072832 ], [ 614634.124956916668452, 2470821.189500380307436 ], [ 614676.603319035610184, 2470787.1826953869313 ], [ 614676.734187169466168, 2470769.469806990586221 ], [ 614707.900475915055722, 2470733.165274210739881 ], [ 614692.746773198712617, 2470693.197119728196412 ], [ 614630.970218260306865, 2470690.526541033294052 ], [ 614571.891065117786638, 2470741.017662752885371 ], [ 614516.057110823108815, 2470770.497743087355047 ], [ 614491.953484074911103, 2470826.782807593233883 ], [ 614522.62910725956317, 2470856.901236321311444 ], [ 614512.060862414189614, 2470893.358071385882795 ] ] } }
]
}
