{
"type": "FeatureCollection",
"name": "torreón",
"crs": { "type": "name", "properties": { "name": "urn:ogc:def:crs:EPSG::32614" } },
"features": [
{ "type": "Feature", "properties": { "route_name": "3_Sur Dalias - Dalias", "route_name_short": "Sur Dalias - Dalias", "route_type": 3 }, "geometry": { "type": "LineString", "coordinates": [ [ 59551.370195427152794, 2827181.162417796440423 ], [ 59077.555945669300854, 2827117.938292013015598 ], [ 58668.578163178637624, 2827064.804970369674265 ], [ 58346.554519043769687, 2827019.915027763694525 ], [ 58055.998121844662819, 2826981.765926282852888 ], [ 57918.17887194379, 2826959.670195838436484 ], [ 57842.676826714887284, 2826932.181358220521361 ], [ 57793.353986336675007, 2826903.826388793531805 ], [ 57707.430219678673893, 2826835.589290598873049 ], [ 57425.994471816520672, 2826586.127585904672742 ], [ 57355.339919906749856, 2826552.927139355801046 ], [ 57293.806415813160129, 2826551.633677336852998 ], [ 57232.971310884633567, 2826571.419725879095495 ], [ 57061.832247438025661, 2826730.361791939008981 ], [ 57058.503323940560222, 2826751.574575238861144 ], [ 57133.649642905686051, 2826829.05066546285525 ], [ 57244.735606848902535, 2826926.438367043621838 ], [ 57245.434155325288884, 2826947.517600849270821 ], [ 57156.034575849131215, 2827048.218019438441843 ], [ 57041.72148368722992, 2827157.519913406576961 ], [ 56927.028930874890648, 2827285.716886545997113 ], [ 56871.108429414511193, 2827331.998071227688342 ], [ 56732.870652069221251, 2827327.699183916673064 ], [ 56706.323440628941171, 2827317.473512337077409 ], [ 56581.826957801356912, 2827180.551349986344576 ], [ 56490.689923820900731, 2827259.101791692897677 ], [ 56481.357664374518208, 2827281.624897908885032 ], [ 56483.248582250496838, 2827308.218047188594937 ], [ 56510.901040587748867, 2827351.726521195378155 ], [ 56744.025942158536054, 2827663.85907098883763 ], [ 56789.837218264583498, 2827707.875897469930351 ], [ 56845.900784102617763, 2827757.105951080098748 ], [ 56949.025555392086972, 2827888.074264457914978 ], [ 57073.352152583538555, 2828050.548860869836062 ], [ 57214.437496921105776, 2828171.37418469414115 ], [ 57218.009746584401, 2828187.915553168393672 ], [ 57188.945728956197854, 2828223.309591435827315 ], [ 57139.708849300455768, 2828258.262079305481166 ], [ 57002.559231032792013, 2828347.221317999064922 ], [ 56794.726766941545065, 2828401.87645619455725 ], [ 56468.154619452310726, 2828492.688144608866423 ], [ 56530.872304857824929, 2828590.564812256488949 ], [ 56300.971759701496921, 2828739.257826719433069 ], [ 56087.896012011740822, 2828878.510871191974729 ], [ 55875.045849270245526, 2829024.424662979785353 ], [ 55754.693862918065861, 2829102.844668101519346 ], [ 55642.803511912061367, 2829193.201807134784758 ], [ 55337.093531944381539, 2829425.519023614004254 ], [ 55409.7370400808868, 2829518.617900369223207 ], [ 55486.554325917910319, 2829616.020719262305647 ], [ 55602.17082327051321, 2829758.780372545588762 ], [ 55606.751846952363849, 2829775.288046507630497 ], [ 55600.074298571271356, 2829786.617222520057112 ], [ 55329.068995707668364, 2829971.132866941858083 ], [ 54967.194244148558937, 2830210.888287294656038 ], [ 54506.701701189682353, 2830515.036880545783788 ], [ 54334.203453467343934, 2830630.757497327867895 ], [ 54244.222444057289977, 2830712.623662568163127 ], [ 54168.378271679161116, 2830765.13984520547092 ], [ 54128.329129494610243, 2830803.131638323422521 ], [ 54093.943933374306653, 2830859.816264526452869 ], [ 54031.860358578211162, 2830901.877140902448446 ], [ 54081.196944296068978, 2831051.283850811887532 ], [ 54206.251546901243273, 2831415.857805954758078 ], [ 54216.868898152490146, 2831673.186555933207273 ], [ 54229.415670873364434, 2831988.207557537127286 ], [ 54234.74707656702958, 2832207.949131019879133 ], [ 54242.987374013173394, 2832424.261370418593287 ], [ 54257.252819488523528, 2832730.339426445774734 ], [ 54272.335410178580787, 2833060.825770591385663 ], [ 54282.688122177904006, 2833370.366933409590274 ], [ 54301.112893783603795, 2833800.705360520165414 ], [ 54318.161872042459436, 2834219.982850158587098 ], [ 54311.56255355628673, 2834233.532145143952221 ], [ 54293.670234745601192, 2834240.795027885586023 ], [ 54127.801311071147211, 2834251.899262589868158 ], [ 53996.872849470877554, 2834132.992946689482778 ], [ 53857.032958698982839, 2834018.828791012987494 ], [ 53524.307615866826382, 2833741.187927876599133 ], [ 53249.614376054552849, 2833902.564606728497893 ], [ 52903.730936540581752, 2834104.101873012725264 ], [ 52948.86384510359494, 2834278.082508081570268 ], [ 52979.872702301829122, 2834361.457322036847472 ], [ 52995.862182131095324, 2834387.578251730185002 ], [ 53034.401736808242276, 2834425.160526283551008 ], [ 53088.258915621903725, 2834498.88295629248023 ], [ 53130.970941630017478, 2834570.75795900542289 ], [ 53155.197048269794323, 2834602.156289054546505 ], [ 53257.991346277238335, 2834693.119803447276354 ], [ 53302.268161416461226, 2834751.613910019397736 ], [ 53330.184136149415281, 2834772.89215560304001 ], [ 53535.626066815399099, 2834830.425633911043406 ], [ 54017.355646687676199, 2834955.346250858157873 ], [ 54078.847211371816229, 2835016.597832656465471 ], [ 54076.125411257438827, 2835025.574682758189738 ], [ 54067.328465626109391, 2835033.644248944707215 ], [ 53856.656395632482599, 2835180.650801185052842 ], [ 53673.570520866953302, 2835308.965305219404399 ], [ 53660.971864758350421, 2835323.826972714625299 ], [ 53447.631009118107613, 2835360.969415086787194 ], [ 53411.285646145697683, 2835478.814446624368429 ], [ 53313.745626330375671, 2835544.287043693009764 ], [ 53281.282118269067723, 2835567.590737112797797 ], [ 53155.1201287972508, 2835620.696353857871145 ], [ 53183.964781799470074, 2835699.700756053440273 ], [ 53203.751658920897171, 2835808.99881643941626 ], [ 53207.216394985443912, 2835852.200947644189 ], [ 53217.092086209857371, 2835876.305536477360874 ], [ 53240.94392705487553, 2835896.608906744513661 ], [ 53246.198709354386665, 2835903.096929630730301 ], [ 53234.123390038730577, 2835903.502169266343117 ], [ 53213.439323318307288, 2835887.535410874523222 ], [ 53203.89875180227682, 2835873.41613468946889 ], [ 53197.153586117085069, 2835852.538670447189361 ], [ 53190.744436371314805, 2835811.656812682747841 ], [ 53174.199741909571458, 2835708.914311770815402 ], [ 53143.081778000516351, 2835622.211117911152542 ], [ 53152.77240416535642, 2835610.778588206972927 ], [ 53282.065071332501248, 2835560.900106665678322 ], [ 53308.565222494595218, 2835540.017936242744327 ], [ 53401.073723141802475, 2835474.714066733140498 ], [ 53440.437967480393127, 2835356.767749799415469 ], [ 53449.234355644730385, 2835348.697681188117713 ], [ 53651.617499994870741, 2835315.254767320584506 ], [ 53664.21615742490394, 2835300.3930908087641 ], [ 53847.339272303623147, 2835173.18793612672016 ], [ 54060.02406941895606, 2835026.113843913655728 ], [ 54011.091523949056864, 2834978.881038495339453 ], [ 53969.051328198343981, 2834956.963969318661839 ], [ 53758.656903093855362, 2834901.811919881496578 ], [ 53650.010977396683302, 2834876.574037071783096 ], [ 53523.958941899181809, 2834843.034692924935371 ], [ 53323.586121761763934, 2834786.442133818753064 ], [ 53296.899789140792564, 2834771.787013628520072 ], [ 53240.174442283110693, 2834702.603229825384915 ], [ 53198.542654277873226, 2834662.90287431422621 ], [ 53142.59804540395271, 2834617.01842020265758 ], [ 53114.197517652646638, 2834581.31725646648556 ], [ 53070.479029415233526, 2834509.476065528579056 ], [ 53017.777079347055405, 2834440.157845230773091 ], [ 52976.926856219535694, 2834393.767325678374618 ], [ 52964.105461101629771, 2834371.983011675532907 ], [ 52929.965598023671191, 2834285.381108369212598 ], [ 52887.105920086731203, 2834119.099311903584749 ], [ 52887.777213707391638, 2834109.080211835447699 ], [ 52901.494696855661459, 2834097.512542820069939 ], [ 53243.24098216969287, 2833892.781799057032913 ], [ 53527.887243595265318, 2833727.739342353772372 ], [ 53548.948091771511827, 2833724.812206043861806 ], [ 53716.859176989644766, 2833864.691046450752765 ], [ 53963.705643097346183, 2834075.235546580515802 ], [ 54055.203376963618211, 2834159.918770578224212 ], [ 54137.159690815256909, 2834230.48251574113965 ], [ 54307.986593701702077, 2834216.991149932611734 ], [ 54291.011539186001755, 2833799.932561225257814 ], [ 54269.604183523333631, 2833370.804559022653848 ], [ 54259.251165624940768, 2833061.263361860066652 ], [ 54246.14415710006142, 2832729.600201051216573 ], [ 54233.928614767559338, 2832424.564273423049599 ], [ 54226.657618965720758, 2832207.108897518832237 ], [ 54217.336927547585219, 2831988.611383994109929 ], [ 54206.765949989669025, 2831672.413585966452956 ], [ 54192.270329942693934, 2831419.657271096948534 ], [ 54067.14115380437579, 2831052.864461088553071 ], [ 54015.568550529016647, 2830896.868290174752474 ], [ 54089.435211999458261, 2830845.527801655232906 ], [ 54129.674951459921431, 2830783.093960863072425 ], [ 54162.93712590431096, 2830753.10393980704248 ], [ 54231.771819134475663, 2830701.932658112142235 ], [ 54324.550464932923205, 2830613.308737851679325 ], [ 54447.715715997095685, 2830529.22435704106465 ], [ 54950.717180690611713, 2830200.330941851250827 ], [ 55319.454110867809504, 2829954.792977426201105 ], [ 55594.449607459711842, 2829769.03362277476117 ], [ 55476.708769142394885, 2829623.012741340789944 ], [ 55320.874748848611489, 2829422.727308003697544 ], [ 55631.507577820913866, 2829186.913763818796724 ], [ 55746.307454881025478, 2829093.1276641539298 ], [ 55866.696416384831537, 2829015.817038152832538 ], [ 56082.603891301958356, 2828870.912135607097298 ], [ 56295.569122601533309, 2828728.330686446744949 ], [ 56515.475597496202681, 2828582.190892672166228 ], [ 56458.160314287233632, 2828495.241472179535776 ], [ 56465.846187963325065, 2828483.879496899433434 ], [ 56787.458181327965576, 2828395.453752805944532 ], [ 57000.251162113097962, 2828338.412627294193953 ], [ 57133.447211468941532, 2828251.80581143591553 ], [ 57181.75087203970179, 2828219.105559004936367 ], [ 57199.100968457001727, 2828195.206471785437316 ], [ 57204.810773440287448, 2828185.02124689379707 ], [ 57061.638191669888329, 2828062.043947471771389 ], [ 56938.134323325473815, 2827893.9888652455993 ], [ 56849.510317667620257, 2827774.756733730901033 ], [ 56826.586517261166591, 2827752.193514447659254 ], [ 56778.835421947645955, 2827710.462300180923194 ], [ 56738.132051490596496, 2827668.49731128057465 ], [ 56627.550517158175353, 2827525.560218090191483 ], [ 56495.871402526623569, 2827354.44683376327157 ], [ 56448.498573851131368, 2827293.822528251912445 ], [ 56446.902286629599985, 2827276.104902765247971 ], [ 56457.499245034356136, 2827261.314420564100146 ], [ 56567.288461987569463, 2827167.705971799325198 ], [ 56852.655148179037496, 2826897.232328598387539 ], [ 56979.912535866431426, 2826783.057179213035852 ], [ 57064.080704349500593, 2826706.963521110825241 ], [ 57143.325460158521309, 2826634.365701287519187 ], [ 57211.678559207415674, 2826567.682675837073475 ], [ 57266.177967414434534, 2826539.221238429192454 ], [ 57328.461223147867713, 2826532.715199135243893 ], [ 57382.343501222960185, 2826546.479406398721039 ], [ 57430.661695841525216, 2826574.866520368959755 ], [ 57718.175737120851409, 2826825.237781763542444 ], [ 57802.982428393443115, 2826890.179990928154439 ], [ 57853.385620866378304, 2826920.720532937906682 ], [ 57911.550096534308977, 2826942.119268453214318 ], [ 57968.303683618432842, 2826951.347850722260773 ], [ 58347.084632600366604, 2827005.459240889642388 ], [ 58671.085732181905769, 2827049.173301891423762 ], [ 59079.057076239725575, 2827102.339998499024659 ], [ 59442.537832109606825, 2827151.432514428626746 ], [ 59562.006806253804825, 2827167.484314144589007 ], [ 59564.276576692820527, 2827175.1838065572083 ], [ 59557.411394472466782, 2827180.963238660246134 ] ] } },
{ "type": "Feature", "properties": { "route_name": "9_Allende - Abastos", "route_name_short": "Allende - Abastos", "route_type": 3 }, "geometry": { "type": "LineString", "coordinates": [ [ 62397.179291544191074, 2832171.877703847363591 ], [ 62240.258059128478635, 2832210.347069654613733 ], [ 62287.364486962149385, 2832417.590762416832149 ], [ 62293.798769233224448, 2832582.857037073466927 ], [ 62280.364523244614247, 2832603.288771430961788 ], [ 62279.640429579012562, 2832673.279595236293972 ], [ 62235.813904149050359, 2832811.321342559996992 ], [ 62238.647428799653426, 2832958.936624415684491 ], [ 62242.7008588622557, 2833020.996480313129723 ], [ 62369.688823665201198, 2833022.378854491282254 ], [ 62376.150797929440159, 2833249.837104088161141 ], [ 62387.157712418527808, 2833431.612031167838722 ], [ 62381.934925210895017, 2833487.312958864960819 ], [ 62360.86561618820997, 2833551.308491493109614 ], [ 62336.455164291954134, 2833697.597439607605338 ], [ 62340.814251941570546, 2833799.628453088924289 ], [ 62340.0324607915245, 2833898.496589047368616 ], [ 62091.257352814718615, 2833838.92533314647153 ], [ 62063.422913826361764, 2833880.93221441982314 ], [ 61802.855414773686789, 2833891.721284446772188 ], [ 61596.347268803103361, 2833769.685607086867094 ], [ 61405.02377835707739, 2833619.387535759713501 ], [ 61329.100889276945964, 2833730.72613282315433 ], [ 61044.493171577167232, 2833562.402529229875654 ], [ 60728.29643806576496, 2833352.921766622923315 ], [ 60708.041327308164909, 2833319.16050014551729 ], [ 60664.364211561623961, 2833308.383676688652486 ], [ 60321.329543723375537, 2833140.888079121243209 ], [ 60278.383982441737317, 2833213.384601370897144 ], [ 60198.862325373687781, 2833368.163689676206559 ], [ 60024.199736024194863, 2833692.678243428934366 ], [ 59890.356386842729989, 2833361.68997828476131 ], [ 59682.36745921371039, 2833775.050789743196219 ], [ 59676.711807678046171, 2834030.682295208331198 ], [ 59266.121327061438933, 2834044.259630103595555 ], [ 58659.290160659526009, 2834064.349453708156943 ], [ 58591.758842727111187, 2833972.18204940110445 ], [ 58593.937521264946554, 2833855.492171575315297 ], [ 58560.695388500811532, 2833764.410025829914957 ], [ 58603.005435310769826, 2833673.04608365893364 ], [ 58612.156078883621376, 2833553.90405162377283 ], [ 58618.048863396397792, 2833153.877264590933919 ], [ 58657.430740126001183, 2833034.84492426738143 ], [ 58690.885068664734717, 2832919.341039102524519 ], [ 58653.822726508311462, 2832865.036176679190248 ], [ 58590.284009650582448, 2832832.710380627773702 ], [ 58477.533237660187297, 2832896.419699942227453 ], [ 58166.726413792464882, 2832577.967351522296667 ], [ 58113.149142845009919, 2832603.066963285207748 ], [ 58047.210303683066741, 2832680.777245013508946 ], [ 57891.818519451306202, 2832825.872628299053758 ], [ 57722.18014890467748, 2832996.98828589823097 ], [ 57502.629590012715198, 2833181.981327170971781 ], [ 57321.43966161145363, 2833369.036698597948998 ], [ 57310.088419940089807, 2833421.61493801092729 ], [ 57263.0447207056568, 2833430.952518044039607 ], [ 57100.282732079911511, 2833596.297187659423798 ], [ 56907.064419798960444, 2833784.870802309829742 ], [ 56712.439165273797698, 2833961.277641598135233 ], [ 56498.208638669981156, 2834153.890413266606629 ], [ 56326.134389778599143, 2833978.579584438353777 ], [ 56156.364207197737414, 2833812.078891643788666 ], [ 55984.170348257117439, 2833633.442884450778365 ], [ 55833.735779974784236, 2833472.964651162270457 ], [ 55621.703894502134062, 2833671.072246048599482 ], [ 55446.063909448508639, 2833842.424147288780659 ], [ 55270.802936667052563, 2833662.787272633519024 ], [ 55090.764470138761681, 2833491.086273265071213 ], [ 55030.094075169763528, 2833424.248888194561005 ], [ 55216.437073602806777, 2833241.427543248981237 ], [ 54807.889276734611485, 2833257.290697088465095 ], [ 54598.248869548900984, 2833255.410025760531425 ], [ 54283.374279616866261, 2833270.380292234010994 ], [ 54170.724454456998501, 2833276.369834838900715 ], [ 53965.47965950879734, 2833285.459135965444148 ], [ 53639.4583197843167, 2833298.596383387222886 ], [ 53261.957336456864141, 2833309.024390128906816 ], [ 53247.771206190460362, 2833096.241146435961127 ], [ 53036.408333570347168, 2833103.327869137749076 ], [ 53034.90039065561723, 2832787.932352873496711 ], [ 53021.501512585091405, 2832478.48930446524173 ], [ 52902.804364809126128, 2832484.691120815929025 ], [ 52784.107136875274591, 2832490.894006840419024 ], [ 52490.756728304899298, 2832487.409539413172752 ], [ 52203.108568425639533, 2832503.733167874626815 ], [ 52169.931727778690401, 2832296.028975630644709 ], [ 52066.47951308946358, 2832306.168823685031384 ], [ 51956.615076513087843, 2832305.417581291869283 ], [ 51641.485771380888764, 2832313.790242243092507 ], [ 51433.349069930904079, 2832297.46584200905636 ], [ 51224.38965577329509, 2832256.735727893188596 ], [ 51021.28107507241657, 2832210.257828101050109 ], [ 50912.343633617449086, 2832177.271813055034727 ], [ 50935.039577647054102, 2832073.207090735901147 ], [ 50956.841534949606284, 2831972.504860581364483 ], [ 51000.3348309523426, 2831767.772198451217264 ], [ 51066.804963667935226, 2831706.664358643814921 ], [ 50806.800620295864064, 2831736.524315207265317 ], [ 50704.611407240910921, 2831754.406790081877261 ], [ 50644.102106428472325, 2831753.113370019476861 ], [ 50606.07490036287345, 2831761.059393628034741 ], [ 50565.847513828193769, 2831763.525883265770972 ], [ 50590.567257959162816, 2831779.354175214190036 ], [ 50709.658100382366683, 2831904.189151987433434 ], [ 50732.065134256030433, 2831911.209488848689944 ], [ 50773.074346445500851, 2831902.05253475997597 ], [ 50792.424135998124257, 2831908.065207140985876 ], [ 50855.546214282221626, 2831957.033686265349388 ], [ 50961.204208733339328, 2831982.354735359083861 ], [ 51056.571568122075405, 2832001.358500637114048 ], [ 51046.661256127408706, 2832096.106258116196841 ], [ 50996.422339735087007, 2832309.952168541960418 ], [ 51202.549342667742167, 2832356.327830917667598 ], [ 51409.456940731965005, 2832396.015634851995856 ], [ 51645.067828918166924, 2832420.301338960416615 ], [ 51960.008166123821866, 2832406.38095374032855 ], [ 52284.044052353594452, 2832393.273332581855357 ], [ 52495.345472828659695, 2832383.957349964417517 ], [ 52498.883562755887397, 2832489.358196988236159 ], [ 52505.44138109596679, 2832594.657682520337403 ], [ 52804.344719081302173, 2832583.516289250925183 ], [ 53132.399526548397262, 2832570.293647072743624 ], [ 53344.628473226330243, 2832558.738066839054227 ], [ 53350.796857271518093, 2832772.900427729822695 ], [ 53359.836550485924818, 2832982.523728908970952 ], [ 53362.510892299353145, 2833092.395481402054429 ], [ 53375.1952855020063, 2833410.747372216545045 ], [ 53649.848086722951848, 2833398.212938997428864 ], [ 53965.839490312617272, 2833386.521926021203399 ], [ 54178.202158261206932, 2833379.415638396982104 ], [ 54282.799447400902864, 2833373.695333265233785 ], [ 54604.865091147134081, 2833362.927077955100685 ], [ 54819.239548009412829, 2833355.763801154214889 ], [ 55109.023271321784705, 2833343.864845855161548 ], [ 55048.475613730493933, 2833401.421178294811398 ], [ 55108.435869903303683, 2833477.167920123785734 ], [ 55283.701297660474665, 2833656.803302320186049 ], [ 55447.373379061289597, 2833821.277321068570018 ], [ 55610.411269139091019, 2833664.784739376977086 ], [ 55834.113542985694949, 2833454.070417511276901 ], [ 56007.917726100888103, 2833620.434056310914457 ], [ 56173.999008641403634, 2833797.052592888940126 ], [ 56333.963815760158468, 2833971.654778248164803 ], [ 56510.700537946657278, 2834135.70372428605333 ], [ 56704.951484460791107, 2833948.198709809686989 ], [ 56896.447004245826975, 2833768.563858618959785 ], [ 57088.880335741385352, 2833586.680202916264534 ], [ 57265.805953518894967, 2833423.086132286582142 ], [ 57271.413359205296729, 2833379.583959414158016 ], [ 57309.399436977284495, 2833370.547339800745249 ], [ 57502.629590012715198, 2833181.981327170971781 ], [ 57714.361866961873602, 2832973.923960162326694 ], [ 57882.392392200708855, 2832815.078762289602309 ], [ 58045.652068423572928, 2832664.169152715243399 ], [ 58113.2361745214439, 2832575.297844407614321 ], [ 58166.726413792464882, 2832577.967351522296667 ], [ 58477.533237660187297, 2832896.419699942227453 ], [ 58590.284009650582448, 2832832.710380627773702 ], [ 58653.822726508311462, 2832865.036176679190248 ], [ 58690.885068664734717, 2832919.341039102524519 ], [ 58657.430740126001183, 2833034.84492426738143 ], [ 58618.048863396397792, 2833153.877264590933919 ], [ 58612.156078883621376, 2833553.90405162377283 ], [ 58603.005435310769826, 2833673.04608365893364 ], [ 58560.695388500811532, 2833764.410025829914957 ], [ 58593.937521264946554, 2833855.492171575315297 ], [ 58591.758842727111187, 2833972.18204940110445 ], [ 58659.290160659526009, 2834064.349453708156943 ], [ 59266.121327061438933, 2834044.259630103595555 ], [ 59676.455125964363106, 2834022.916376856155694 ], [ 59682.36745921371039, 2833775.050789743196219 ], [ 59890.356386842729989, 2833361.68997828476131 ], [ 60008.69898830994498, 2833619.888977503404021 ], [ 60154.598752992926165, 2833339.637902981601655 ], [ 60271.3200397202163, 2833121.436349947936833 ], [ 60321.329543723375537, 2833140.888079121243209 ], [ 60664.364211561623961, 2833308.383676688652486 ], [ 60708.041327308164909, 2833319.16050014551729 ], [ 60728.29643806576496, 2833352.921766622923315 ], [ 61044.493171577167232, 2833562.402529229875654 ], [ 61329.100889276945964, 2833730.72613282315433 ], [ 61405.02377835707739, 2833619.387535759713501 ], [ 61596.347268803103361, 2833769.685607086867094 ], [ 61802.855414773686789, 2833891.721284446772188 ], [ 62063.422913826361764, 2833880.93221441982314 ], [ 62091.257352814718615, 2833838.92533314647153 ], [ 62340.0324607915245, 2833898.496589047368616 ], [ 62340.814251941570546, 2833799.628453088924289 ], [ 62336.455164291954134, 2833697.597439607605338 ], [ 62360.86561618820997, 2833551.308491493109614 ], [ 62381.934925210895017, 2833487.312958864960819 ], [ 62387.157712418527808, 2833431.612031167838722 ], [ 62376.150797929440159, 2833249.837104088161141 ], [ 62369.688823665201198, 2833022.378854491282254 ], [ 62242.7008588622557, 2833020.996480313129723 ], [ 62238.647428799653426, 2832958.936624415684491 ], [ 62235.813904149050359, 2832811.321342559996992 ], [ 62279.640429579012562, 2832673.279595236293972 ], [ 62280.364523244614247, 2832603.288771430961788 ], [ 62293.798769233224448, 2832582.857037073466927 ], [ 62287.364486962149385, 2832417.590762416832149 ], [ 62240.258059128478635, 2832210.347069654613733 ], [ 62397.179291544191074, 2832171.877703847363591 ] ] } },
{ "type": "Feature", "properties": { "route_name": "8_J. Luz Torres - Laguna Sur", "route_name_short": "J. Luz Torres - Laguna Sur", "route_type": 3 }, "geometry": { "type": "LineString", "coordinates": [ [ 58302.860692755202763, 2827405.639794611837715 ], [ 58389.410714204714168, 2827340.582573612220585 ], [ 58538.05211828724714, 2827537.804738982114941 ], [ 58712.483478722395375, 2827753.056429419666529 ], [ 58241.764818949217442, 2828057.38365842634812 ], [ 58082.788201730989385, 2828157.048050285317004 ], [ 57890.574216411099769, 2828287.802566678728908 ], [ 57572.92716297559673, 2828496.01899049570784 ], [ 57370.089164354489185, 2828640.462656898424029 ], [ 56948.771863057743758, 2828913.220799742266536 ], [ 56975.408941316243727, 2829503.207894634455442 ], [ 56992.841393819544464, 2829906.90972159570083 ], [ 57013.135920459171757, 2830336.061842550523579 ], [ 57016.968563083908521, 2830633.591927680186927 ], [ 57029.813261350733228, 2830959.70006997929886 ], [ 57026.538510282407515, 2831134.182851000223309 ], [ 56919.671430892543867, 2831284.340240945108235 ], [ 56580.70985938393278, 2831303.380160303320736 ], [ 56103.734024961828254, 2831323.689619957003742 ], [ 56126.4409999474301, 2831430.669505347963423 ], [ 56133.0140068095061, 2831628.151203323155642 ], [ 56135.451297921070363, 2831701.374759190250188 ], [ 56254.225617011077702, 2831697.421765663195401 ], [ 56259.375096481526271, 2831912.721436199266464 ], [ 56267.553023027081508, 2832218.995793398004025 ], [ 56270.340474184253253, 2832363.290917913429439 ], [ 55882.768050645187031, 2832737.16863328544423 ], [ 55689.437788498413283, 2832922.431993816047907 ], [ 55501.367251496994868, 2833114.187860358506441 ], [ 55323.706791766337119, 2833285.607556925620884 ], [ 55124.76114106568275, 2833483.287055302411318 ], [ 55441.927220010431483, 2833839.230100247543305 ], [ 55606.268587836646475, 2833993.686817344278097 ], [ 55838.910930610261858, 2833779.341225323732942 ], [ 56005.157250697200652, 2833628.300817413255572 ], [ 56177.018219403398689, 2833796.952019334305078 ], [ 56345.551329527283087, 2833986.818393700290471 ], [ 56125.176358558179345, 2834176.310725765302777 ], [ 56135.68366725865053, 2834461.405878720805049 ], [ 56143.52168467809679, 2834696.60933839250356 ], [ 56063.923587526194751, 2834787.006257720757276 ], [ 55877.175524953578133, 2835017.591166006866843 ], [ 55745.350388002640102, 2835173.041911294218153 ], [ 55754.914003390120342, 2835399.303489055018872 ], [ 55757.508262980671134, 2835628.019026698544621 ], [ 55763.875787301396485, 2835818.845253659412265 ], [ 55762.590431180025917, 2835901.079230237286538 ], [ 55768.348897459451109, 2835983.078159090131521 ], [ 55788.756666746630799, 2836051.259939966257662 ], [ 55821.727013444644399, 2836103.472857500892133 ], [ 55753.728032465442084, 2836209.036336698103696 ], [ 55639.098543680796865, 2836366.138249976560473 ], [ 56009.438291946251411, 2836445.966350614093244 ], [ 56009.438291946251411, 2836445.966350614093244 ], [ 55639.098543680796865, 2836366.138249976560473 ], [ 55753.728032465442084, 2836209.036336698103696 ], [ 55821.727013444644399, 2836103.472857500892133 ], [ 55788.756666746630799, 2836051.259939966257662 ], [ 55768.348897459451109, 2835983.078159090131521 ], [ 55762.590431180025917, 2835901.079230237286538 ], [ 55763.875787301396485, 2835818.845253659412265 ], [ 55757.508262980671134, 2835628.019026698544621 ], [ 55754.914003390120342, 2835399.303489055018872 ], [ 55745.350388002640102, 2835173.041911294218153 ], [ 55877.175524953578133, 2835017.591166006866843 ], [ 56063.923587526194751, 2834787.006257720757276 ], [ 56143.52168467809679, 2834696.60933839250356 ], [ 56135.68366725865053, 2834461.405878720805049 ], [ 56125.176358558179345, 2834176.310725765302777 ], [ 56330.122995554818772, 2833977.336076580919325 ], [ 56171.497203757870011, 2833812.685457582119852 ], [ 56002.507686812896281, 2833639.495931880548596 ], [ 55846.510556601104327, 2833795.748163744341582 ], [ 55619.980832081753761, 2834012.111145883798599 ], [ 55441.927220010431483, 2833839.230100247543305 ], [ 55091.585695004963782, 2833485.505374397616833 ], [ 55320.694337972439826, 2833255.719390036538243 ], [ 55496.37931760691572, 2833085.476302604656667 ], [ 55684.63520938961301, 2832899.267686135135591 ], [ 55876.885400045313872, 2832711.818933128379285 ], [ 56259.047280845581554, 2832357.002756095957011 ], [ 56267.553023027081508, 2832218.995793398004025 ], [ 56246.474623703339603, 2831918.704143992625177 ], [ 56244.64780107839033, 2831803.254665885586292 ], [ 56136.651070260151755, 2831797.963733980432153 ], [ 56133.0140068095061, 2831628.151203323155642 ], [ 56126.4409999474301, 2831430.669505347963423 ], [ 56103.734024961828254, 2831323.689619957003742 ], [ 56580.70985938393278, 2831303.380160303320736 ], [ 56919.671430892543867, 2831284.340240945108235 ], [ 57026.538510282407515, 2831134.182851000223309 ], [ 57014.640439396374859, 2830957.982630791608244 ], [ 57016.968563083908521, 2830633.591927680186927 ], [ 56991.885628765739966, 2830333.435428112279624 ], [ 56981.620489874680061, 2829902.839591512922198 ], [ 56975.408941316243727, 2829503.207894634455442 ], [ 56944.744805842405185, 2828913.354449518024921 ], [ 57369.390333422285039, 2828619.383417348377407 ], [ 57566.482045890646987, 2828484.015406490303576 ], [ 57885.996025388943963, 2828271.294476269744337 ], [ 58087.528536049532704, 2828148.006047124508768 ], [ 58241.764818949217442, 2828057.38365842634812 ], [ 58616.397250125533901, 2827803.988741596695036 ], [ 58449.049224060727283, 2827589.614591306075454 ], [ 58302.934062368585728, 2827407.858642425853759 ], [ 58052.880183564440813, 2827588.278735701926053 ] ] } },
{ "type": "Feature", "properties": { "route_name": "11_Independencia - Aeropuerto", "route_name_short": "Independencia - Aeropuerto", "route_type": 3 }, "geometry": { "type": "LineString", "coordinates": [ [ 51059.703425067709759, 2832004.585312901064754 ], [ 50960.0857205435168, 2832457.795739680994302 ], [ 51277.936783522483893, 2832470.41908772662282 ], [ 51429.219075699977111, 2832474.213844311889261 ], [ 51505.382642406097148, 2832491.644747472368181 ], [ 51646.935434915067162, 2832535.756072677206248 ], [ 51927.017885672627017, 2832624.084309874568135 ], [ 52094.140617170545738, 2832679.558501730207354 ], [ 52189.239084327593446, 2832720.792918205726892 ], [ 52405.677431829913985, 2832834.593563306611031 ], [ 52670.834737218450755, 2832928.990160269662738 ], [ 52746.059617573802825, 2832978.670013607013971 ], [ 52824.638422812684439, 2833038.234222064726055 ], [ 52913.019308140443172, 2833119.684502705931664 ], [ 53052.203332408214919, 2833273.849948681425303 ], [ 53201.374520078068599, 2833425.459987306036055 ], [ 53627.816167685028631, 2833793.255799845326692 ], [ 53816.708521472639404, 2833957.979132617358118 ], [ 54134.326179472729564, 2834236.130910464562476 ], [ 54165.227306586399209, 2834226.211001240182668 ], [ 54210.589251250436064, 2834226.914353166241199 ], [ 54308.172188832249958, 2834222.538485479075462 ], [ 54310.815995936456602, 2834241.332085259258747 ], [ 54813.861891996988561, 2834220.068542146123946 ], [ 55115.66633149352856, 2834206.653942032251507 ], [ 55414.525058600294869, 2834195.565918808802962 ], [ 55796.949532351980451, 2834182.808576317038387 ], [ 56157.047690514358692, 2834165.252676883712411 ], [ 56521.429083325434476, 2834155.338733483571559 ], [ 56912.759800494997762, 2834137.874361291062087 ], [ 57074.711434045806527, 2834130.267400314565748 ], [ 57187.535282882221509, 2834129.848663973156363 ], [ 57221.910015331872273, 2834103.160789589863271 ], [ 57436.677120588370599, 2833896.105147168040276 ], [ 57583.814713450963609, 2833745.721927272155881 ], [ 57589.374165892251767, 2833731.098755762912333 ], [ 57602.052065839641728, 2833718.460548577364534 ], [ 57619.087088617321569, 2833715.673620850779116 ], [ 57820.255585458828136, 2833523.516439840663224 ], [ 58034.857445951260161, 2833310.926092376466841 ], [ 58248.680429582251236, 2833105.030169024132192 ], [ 58469.444913463143166, 2832895.576999082230031 ], [ 58552.236973822757136, 2832809.536310973577201 ], [ 58584.715061272494495, 2832786.247815499547869 ], [ 58619.536809735291172, 2832772.87758977105841 ], [ 58644.88184309162898, 2832777.591531052719802 ], [ 58658.553502270951867, 2832794.909097168594599 ], [ 58653.469925551791675, 2832823.954111501574516 ], [ 58636.764389352523722, 2832836.724351596087217 ], [ 58638.248429455561563, 2832851.113555511459708 ], [ 58638.97644158283947, 2832964.37494807690382 ], [ 58640.931522257509641, 2833084.259577541146427 ], [ 58623.264708544884343, 2833159.257731803692877 ], [ 58606.861820783349685, 2833241.988593149464577 ], [ 58610.058797653007787, 2833338.508670310024172 ], [ 58610.394985589548014, 2833652.809693552087992 ], [ 58584.384661457152106, 2833719.199385955464095 ], [ 58551.380659321439452, 2833756.944132430944592 ], [ 58221.303719923074823, 2834072.20280336914584 ], [ 58239.58910834218841, 2834107.137247273698449 ], [ 58331.553474101179745, 2834328.43906639656052 ], [ 58434.718875933554955, 2834583.799805427901447 ], [ 58491.266687128867488, 2834648.564063055906445 ], [ 58551.839207890268881, 2834713.195065644569695 ], [ 58400.422887325636111, 2834855.935222557745874 ], [ 58156.075442355475388, 2834960.666580926626921 ], [ 58318.046402506122831, 2835318.476487085223198 ], [ 58470.967074211570434, 2835646.599616996943951 ], [ 58588.285440614330582, 2835903.711694393306971 ], [ 58708.090717401704751, 2836175.180066409055144 ], [ 58799.304289260180667, 2836374.293903267011046 ], [ 58858.83627402165439, 2836498.934169427026063 ], [ 58883.596142986789346, 2836546.981878023594618 ], [ 58945.690697725804057, 2836688.197016142774373 ], [ 58984.890356400806922, 2836776.860069583635777 ], [ 59068.539670435769949, 2836960.676171319093555 ], [ 59150.211652679601684, 2837145.668599109631032 ], [ 59231.587791011843365, 2837321.78584712324664 ], [ 59319.476477133110166, 2837512.125854107085615 ], [ 59345.790755765279755, 2837576.781981068197638 ], [ 59455.334994821168948, 2837508.73679088242352 ], [ 59856.993765290710144, 2837258.877073446754366 ], [ 60124.291892221430317, 2837087.885315884370357 ], [ 60272.422028978355229, 2836998.5814597052522 ], [ 60346.14147619670257, 2836973.93294116621837 ], [ 60557.462576792982873, 2836968.062876346055418 ], [ 60555.608091271715239, 2836820.411497150547802 ], [ 60717.792819538561162, 2836729.538902344182134 ], [ 60732.225623675563838, 2836709.071347727440298 ], [ 60796.981247530784458, 2836595.87226008111611 ], [ 60822.207994831376709, 2836597.260966760106385 ], [ 60902.114542352675926, 2836637.938234060071409 ], [ 61113.000807395088486, 2836740.932287473697215 ], [ 61146.623742660100106, 2836783.137292654253542 ], [ 61160.489949935872573, 2836776.016333498992026 ], [ 61231.523165555903688, 2836639.290075998753309 ], [ 61391.222212253196631, 2836717.321282674558461 ], [ 61307.840089396457188, 2836876.665810913778841 ], [ 61266.259469104290474, 2836990.208408636040986 ], [ 61214.472410690272227, 2837099.645419958047569 ], [ 61183.429927833552938, 2837166.195313032716513 ], [ 61184.546063548245002, 2837230.574028685223311 ], [ 60959.29178996180417, 2837241.337151031941175 ], [ 60961.889721841318533, 2837259.02127637853846 ], [ 60743.714707164850552, 2837270.665142768062651 ], [ 60254.973709652782418, 2837293.474018782842904 ], [ 60082.931483763793949, 2837299.161577650345862 ], [ 60043.767122023389675, 2837302.677886478602886 ], [ 60007.841187788522802, 2837312.750994390342385 ], [ 59771.804333349340595, 2837423.848090714309365 ], [ 59469.465378562046681, 2837570.464619089849293 ], [ 59356.425690017116722, 2837624.187238910235465 ], [ 59282.79327741486486, 2837468.915413232054561 ], [ 59200.11819142656168, 2837283.955991373863071 ], [ 59117.845643057778943, 2837111.200461852364242 ], [ 59035.915712222398724, 2836918.442166447639465 ], [ 58970.877832179190591, 2836779.54575288714841 ], [ 58917.568472330633085, 2836660.252319330349565 ], [ 58861.203076625184622, 2836539.949604116380215 ], [ 58825.572332463343628, 2836467.828062320128083 ], [ 58717.009929284278769, 2836231.527368654496968 ], [ 58664.48247654561419, 2836105.544448104221374 ], [ 58573.486485025845468, 2835913.087608958594501 ], [ 58456.057470849191304, 2835652.64734053099528 ], [ 58303.246848508191761, 2835327.852628326043487 ], [ 58136.096809997048695, 2834965.772072923835367 ], [ 57985.286117161565926, 2834640.912213859613985 ], [ 57951.365444284048863, 2834559.849480935838073 ], [ 57911.860448874474969, 2834462.312278805766255 ], [ 57904.533652365906164, 2834423.68250297056511 ], [ 57915.431420857261401, 2834387.779827061574906 ], [ 57942.283470762427896, 2834346.905076433904469 ], [ 58069.807940871163737, 2834212.727195990271866 ], [ 58196.930314400582574, 2834066.347187399398535 ], [ 58543.82136879285099, 2833741.645564160309732 ], [ 58576.715132941724733, 2833700.572521581314504 ], [ 58598.061060649983119, 2833645.443777576088905 ], [ 58586.470338662911672, 2833325.962285421323031 ], [ 58584.220364170963876, 2833197.202154544182122 ], [ 58598.706305595696904, 2833147.854042266029865 ], [ 58622.595317896164488, 2833078.202977940440178 ], [ 58619.486679284542333, 2832953.913955256808549 ], [ 58614.622505143866874, 2832837.457581249065697 ], [ 58583.0918908919557, 2832828.50599721679464 ], [ 58553.978314894833602, 2832831.691502653993666 ], [ 58483.718921738152858, 2832900.657366431318223 ], [ 58251.208131836145185, 2833120.495459816884249 ], [ 58047.339218471199274, 2833322.729301352519542 ], [ 57835.314862655417528, 2833521.906058763619512 ], [ 57628.549817233986687, 2833727.576686589047313 ], [ 57625.187284005864058, 2833747.68018521508202 ], [ 57612.398889272182714, 2833756.990064202342182 ], [ 57594.28385330963647, 2833757.591553140897304 ], [ 57444.76503086509183, 2833896.947145644109696 ], [ 57222.131262464157771, 2834109.817428260110319 ], [ 57188.615405491844285, 2834132.034092626068741 ], [ 57081.903559512633365, 2834134.470945577137172 ], [ 56900.867872747418005, 2834143.82325064856559 ], [ 56515.538583828893024, 2834159.977534241508693 ], [ 56147.1687558957492, 2834171.135229717474431 ], [ 55795.121748248988297, 2834188.422957103233784 ], [ 55411.72807365009794, 2834202.323419174645096 ], [ 55113.838821599842049, 2834212.268458412028849 ], [ 54813.040890405827668, 2834225.649486304726452 ], [ 54314.057881014829036, 2834247.887876498978585 ], [ 54173.088932411337737, 2834250.383538218215108 ], [ 54141.255738491367083, 2834262.556057817302644 ], [ 54125.714258125051856, 2834249.747694022022188 ], [ 53815.253031131578609, 2833974.688615086954087 ], [ 53629.640325682063121, 2833817.630491374991834 ], [ 53186.537954713159706, 2833433.732516051735729 ], [ 52890.205001388327219, 2833130.446406854782254 ], [ 52812.112338040256873, 2833055.315436098258942 ], [ 52741.660027763806283, 2832997.700062254443765 ], [ 52664.236020988726523, 2832942.540399964433163 ], [ 52392.965274027839769, 2832846.127796817105263 ], [ 52181.634135871194303, 2832734.377263855654746 ], [ 51904.277727386273909, 2832637.066859250422567 ], [ 51646.5632499922649, 2832554.651267990004271 ], [ 51500.909776819229592, 2832508.456445883028209 ], [ 51434.998501867929008, 2832496.234353963285685 ], [ 51276.483847416879144, 2832487.129260763060302 ], [ 50962.622043927491177, 2832473.260890902020037 ], [ 50842.729020390077494, 2832473.967535799834877 ], [ 50950.988762359658722, 2831978.255740173626691 ], [ 51059.62871267227456, 2832002.366321316920221 ] ] } },
{ "type": "Feature", "properties": { "route_name": "10_Independencia - Antonio Narro", "route_name_short": "Independencia - Antonio Narro", "route_type": 3 }, "geometry": { "type": "LineString", "coordinates": [ [ 60365.263842010870576, 2833159.429767086170614 ], [ 60656.532540077576414, 2833315.305558978114277 ], [ 60689.706861644983292, 2833313.101245934609324 ], [ 60714.84768025262747, 2833342.258983853273094 ], [ 61053.477388725616038, 2833559.885342567227781 ], [ 61301.60061732417671, 2833721.636160993948579 ], [ 61331.754681379359681, 2833719.532718138769269 ], [ 61396.404775709204841, 2833632.998489104676992 ], [ 61515.880622793105431, 2833712.361157800536603 ], [ 61651.711976023740135, 2833798.9607142386958 ], [ 61779.417779365088791, 2833883.607421102002263 ], [ 61895.180177969217766, 2833727.648516703862697 ], [ 62005.412145191745367, 2833801.765877129044384 ], [ 62168.759681477211416, 2833867.474696411285549 ], [ 62331.339962563826703, 2833909.888048002496362 ], [ 62330.599316317006014, 2833703.34274541400373 ], [ 62385.290723414334934, 2833436.115697988308966 ], [ 62379.352090387314092, 2833255.284912439994514 ], [ 62186.668298450764269, 2833186.093864663504064 ], [ 62241.548702032945585, 2833016.591968078631908 ], [ 62229.497788643930107, 2832833.740576991345733 ], [ 62275.724039289401844, 2832676.739972920157015 ], [ 62281.407381125958636, 2832604.365113405045122 ], [ 62212.109645105258096, 2832611.083286698907614 ], [ 61992.635396555357147, 2832616.07228607358411 ], [ 61957.95723888539942, 2832633.870756708551198 ], [ 61935.101067605835851, 2832643.506646280176938 ], [ 61463.335659075819422, 2832727.876777846831828 ], [ 61386.002603816159535, 2832765.960609374567866 ], [ 61147.899743785441387, 2833092.541840274818242 ], [ 60981.26488034700742, 2833355.691239027306437 ], [ 60318.511231476557441, 2833055.463498197495937 ], [ 60019.607514426752459, 2833706.157366709783673 ], [ 59869.270622824085876, 2834004.327896021772176 ], [ 59831.339311095885932, 2833984.479205675888807 ], [ 59989.121041328820866, 2833637.194849196821451 ], [ 59885.800749385263771, 2833376.278559924568981 ], [ 59677.518950553494506, 2833780.76416887389496 ], [ 59684.799255491408985, 2834031.525617100298405 ], [ 59387.066845720808487, 2834045.812072274740785 ], [ 59045.840430953307077, 2834054.880985435564071 ], [ 58711.988163086236455, 2834073.710160756483674 ], [ 58641.704284927400295, 2834050.49369179783389 ], [ 58604.386569760681596, 2833988.423333620186895 ], [ 58584.659624436753802, 2833849.135693010408431 ], [ 58535.917353130702395, 2833746.350033385679126 ], [ 58591.296340024797246, 2833684.540429854765534 ], [ 58603.581921902077738, 2833477.553656132426113 ], [ 58600.065900352958124, 2833188.902809915598482 ], [ 58646.984546307998244, 2833054.071776450611651 ], [ 58679.446848922816571, 2832908.61336236493662 ], [ 58637.09502973605413, 2832846.70918127708137 ], [ 58560.090505773201585, 2832833.710352570284158 ], [ 58480.846590554458089, 2832905.195095037575811 ], [ 58314.939358685398474, 2832732.988618417643011 ], [ 58166.799959927913733, 2832580.186210844665766 ], [ 58113.640727491001599, 2832587.501576161943376 ], [ 58098.677300427050795, 2832622.427759745158255 ], [ 57888.762344992312137, 2832824.863348194863647 ], [ 57732.772467564034741, 2832982.198261993005872 ], [ 57558.965094396437053, 2833149.01245940476656 ], [ 57319.611092090781312, 2833374.650756149087101 ], [ 57320.005190153780859, 2833416.842843253165483 ], [ 57302.221352026856039, 2833427.429609070532024 ], [ 57268.898933998250868, 2833425.204696382861584 ], [ 57162.517460467293859, 2833528.699443216435611 ], [ 57017.098588518274482, 2833670.145155767444521 ], [ 56905.910439253784716, 2833780.46650161081925 ], [ 56731.976260190247558, 2833942.856835527811199 ], [ 56624.449059965438209, 2834041.952833602204919 ], [ 56511.328421787300613, 2834154.564313767943531 ], [ 56148.027271727740299, 2834166.66389957908541 ], [ 55921.777392920921557, 2834179.757497212849557 ], [ 55789.793897235416807, 2834179.715120476204902 ], [ 55711.333320050151087, 2834183.442325098440051 ], [ 55715.077845077437814, 2834265.508353851735592 ], [ 55721.287226600048598, 2834481.885457352735102 ], [ 55731.818577509082388, 2834707.003948621451855 ], [ 55733.00443148391787, 2834893.560112527571619 ], [ 55749.523657583340537, 2835177.34544071322307 ], [ 55754.129813893290702, 2835405.993790663313121 ], [ 55758.366455729934387, 2835623.547631423920393 ], [ 55526.072921684826724, 2835424.711660605389625 ], [ 55288.852024947991595, 2835229.375177864450961 ], [ 55158.314231254975311, 2835121.554864639416337 ], [ 54819.309466685343068, 2834835.215358610730618 ], [ 54671.809099171718117, 2834702.419256918597966 ], [ 54424.127646218345035, 2834496.336387017741799 ], [ 54151.731916489836294, 2834244.434045380912721 ], [ 53873.098403971409425, 2834017.180091476533562 ], [ 53651.109867272432894, 2833826.907699850387871 ], [ 53519.687029499385972, 2833723.571241062600166 ], [ 53268.019893227843568, 2833489.869010514579713 ], [ 53154.035457091056742, 2833395.94699494400993 ], [ 52934.191206407500431, 2833150.074655509088188 ], [ 52829.446132503973786, 2833061.398224148433656 ], [ 52753.738051574095152, 2832997.294762290082872 ], [ 52588.562705343880225, 2832909.536952367052436 ], [ 52385.547067995124962, 2832835.269559781998396 ], [ 52184.504626230860595, 2832729.83787633664906 ], [ 51876.280634970695246, 2832613.571676987223327 ], [ 51758.066884130588733, 2832574.22714422782883 ], [ 51628.929499517893419, 2832539.693913918919861 ], [ 51411.810411859361921, 2832495.90386171778664 ], [ 51173.404099744395353, 2832478.381033637560904 ], [ 50950.580677750869654, 2832474.77724384656176 ], [ 50856.746138090500608, 2832471.273761439602822 ], [ 50941.789107634103857, 2832094.084123834501952 ], [ 51004.660146914597135, 2831776.512594125233591 ], [ 51063.077302430465352, 2831715.675874399486929 ], [ 51024.414923232397996, 2831704.759224429726601 ], [ 50874.839647295186296, 2831722.014294506516308 ], [ 50653.423385722911917, 2831760.574586923699826 ], [ 50653.423385722911917, 2831760.574586923699826 ], [ 50591.723443290335126, 2831783.758250786457211 ], [ 50735.197099464654457, 2831914.43623948469758 ], [ 50805.659518787113484, 2831912.062366269063205 ], [ 50857.634162392816506, 2831959.184868693817407 ], [ 51053.66384976147674, 2832004.788663986138999 ], [ 50992.396045784757007, 2832310.087768383789808 ], [ 50952.033218714932445, 2832458.066975757945329 ], [ 51177.056799693615176, 2832467.150530241429806 ], [ 51404.129836696491111, 2832477.27957673324272 ], [ 51631.837196742068045, 2832536.263878142926842 ], [ 51758.066884130588733, 2832574.22714422782883 ], [ 51876.280634970695246, 2832613.571676987223327 ], [ 52184.504626230860595, 2832729.83787633664906 ], [ 52385.547067995124962, 2832835.269559781998396 ], [ 52588.562705343880225, 2832909.536952367052436 ], [ 52753.738051574095152, 2832997.294762290082872 ], [ 52829.446132503973786, 2833061.398224148433656 ], [ 52934.191206407500431, 2833150.074655509088188 ], [ 53154.035457091056742, 2833395.94699494400993 ], [ 53268.019893227843568, 2833489.869010514579713 ], [ 53519.687029499385972, 2833723.571241062600166 ], [ 53651.109867272432894, 2833826.907699850387871 ], [ 53873.098403971409425, 2834017.180091476533562 ], [ 54151.731916489836294, 2834244.434045380912721 ], [ 54424.127646218345035, 2834496.336387017741799 ], [ 54671.809099171718117, 2834702.419256918597966 ], [ 54819.309466685343068, 2834835.215358610730618 ], [ 55158.314231254975311, 2835121.554864639416337 ], [ 55288.852024947991595, 2835229.375177864450961 ], [ 55526.072921684826724, 2835424.711660605389625 ], [ 55758.366455729934387, 2835623.547631423920393 ], [ 55754.129813893290702, 2835405.993790663313121 ], [ 55749.523657583340537, 2835177.34544071322307 ], [ 55733.00443148391787, 2834893.560112527571619 ], [ 55731.818577509082388, 2834707.003948621451855 ], [ 55721.287226600048598, 2834481.885457352735102 ], [ 55715.077845077437814, 2834265.508353851735592 ], [ 55711.333320050151087, 2834183.442325098440051 ], [ 55789.793897235416807, 2834179.715120476204902 ], [ 55921.777392920921557, 2834179.757497212849557 ], [ 56148.027271727740299, 2834166.66389957908541 ], [ 56511.328421787300613, 2834154.564313767943531 ], [ 56624.449059965438209, 2834041.952833602204919 ], [ 56731.976260190247558, 2833942.856835527811199 ], [ 56905.910439253784716, 2833780.46650161081925 ], [ 57017.098588518274482, 2833670.145155767444521 ], [ 57162.517460467293859, 2833528.699443216435611 ], [ 57268.898933998250868, 2833425.204696382861584 ], [ 57263.951739614305552, 2833397.602478278800845 ], [ 57292.474527039565146, 2833376.662922000978142 ], [ 57319.611092090781312, 2833374.650756149087101 ], [ 57558.965094396437053, 2833149.01245940476656 ], [ 57732.772467564034741, 2832982.198261993005872 ], [ 57888.762344992312137, 2832824.863348194863647 ], [ 58098.677300427050795, 2832622.427759745158255 ], [ 58113.640727491001599, 2832587.501576161943376 ], [ 58166.799959927913733, 2832580.186210844665766 ], [ 58314.939358685398474, 2832732.988618417643011 ], [ 58480.846590554458089, 2832905.195095037575811 ], [ 58560.090505773201585, 2832833.710352570284158 ], [ 58637.09502973605413, 2832846.70918127708137 ], [ 58679.446848922816571, 2832908.61336236493662 ], [ 58646.984546307998244, 2833054.071776450611651 ], [ 58600.065900352958124, 2833188.902809915598482 ], [ 58603.581921902077738, 2833477.553656132426113 ], [ 58591.296340024797246, 2833684.540429854765534 ], [ 58535.917353130702395, 2833746.350033385679126 ], [ 58584.659624436753802, 2833849.135693010408431 ], [ 58604.386569760681596, 2833988.423333620186895 ], [ 58641.704284927400295, 2834050.49369179783389 ], [ 58711.988163086236455, 2834073.710160756483674 ], [ 59045.840430953307077, 2834054.880985435564071 ], [ 59387.066845720808487, 2834045.812072274740785 ], [ 59684.799255491408985, 2834031.525617100298405 ], [ 59677.518950553494506, 2833780.76416887389496 ], [ 59885.800749385263771, 2833376.278559924568981 ], [ 59950.874021409370471, 2833516.289322266355157 ], [ 60003.10036690835841, 2833633.401336732786149 ], [ 60061.795919940224849, 2833519.290323231834918 ], [ 60185.905753341852687, 2833280.852334110066295 ], [ 60318.511231476557441, 2833055.463498197495937 ], [ 60406.142426636535674, 2833054.793947934638709 ], [ 60431.796611796598881, 2833099.483030851464719 ], [ 60391.119321865786333, 2833179.678558213636279 ], [ 60653.476790429616813, 2833314.295692784246057 ], [ 60685.754447097715456, 2833315.45277125062421 ], [ 60714.920824632572476, 2833344.47779726004228 ], [ 60905.306569914508145, 2833465.923097490798682 ], [ 61328.918255684431642, 2833725.17912598606199 ], [ 61401.217454242403619, 2833626.176447740755975 ], [ 61492.296382480068132, 2833699.810129666235298 ], [ 61606.374227139574941, 2833768.245071180164814 ], [ 61734.153635356575251, 2833855.110220926813781 ], [ 61802.818925120169297, 2833890.611887306440622 ], [ 62060.221575331757776, 2833875.484480871353298 ], [ 62086.225674329907633, 2833839.090721096843481 ], [ 62169.766014146793168, 2833867.441624604165554 ], [ 62340.0324607915245, 2833898.496589047368616 ], [ 62329.483644047868438, 2833700.047626907937229 ], [ 62374.890411180094816, 2833487.544321852736175 ], [ 62388.733231591526419, 2833418.233234175946563 ], [ 62373.787259861477651, 2833024.465447487775236 ], [ 62243.743694857053924, 2833022.072815613355488 ], [ 62236.893191149167251, 2832813.507071691099554 ], [ 62280.573987630719785, 2832671.02776145702228 ], [ 62281.553104457154404, 2832608.802679816260934 ], [ 62290.670194670557976, 2832579.62800821242854 ], [ 62282.405137572961394, 2832419.974781823344529 ], [ 62241.483086632972118, 2832216.970371031202376 ] ] } },
{ "type": "Feature", "properties": { "route_name": "12_Independencia - Magdalenas", "route_name_short": "Independencia - Magdalenas", "route_type": 3 }, "geometry": { "type": "LineString", "coordinates": [ [ 56112.594596542126965, 2834252.256337652448565 ], [ 55889.711015513224993, 2834517.364227438345551 ], [ 55724.700183470384218, 2834705.020018827635795 ], [ 55732.49520819861209, 2834999.092563181184232 ], [ 56058.243125147768296, 2835281.450163902714849 ], [ 55776.893303522025235, 2835605.15842410037294 ], [ 55756.390935186704155, 2835624.72423877986148 ], [ 55519.028908553067595, 2835424.946803772822022 ], [ 55160.512168166984338, 2835127.034932099282742 ], [ 54804.961098509258591, 2834827.920065702404827 ], [ 54478.165908602648415, 2834545.621348624117672 ], [ 54312.50699127902044, 2834412.32471469277516 ], [ 54132.870403973385692, 2834252.840309897903353 ], [ 54205.75084123754641, 2834172.651453222613782 ], [ 54181.340271913155448, 2833593.677589533850551 ], [ 54160.578930616029538, 2833063.453075428958982 ], [ 54149.593796084343921, 2832735.050722005777061 ], [ 54137.974380064231809, 2832417.776756362058222 ], [ 54117.984059750742745, 2832000.819108396302909 ], [ 54108.308751458767802, 2831892.293304243590683 ], [ 53909.118979071849026, 2831902.28785877302289 ], [ 53591.041817981051281, 2831912.932982082944363 ], [ 53205.708975928544533, 2831931.392756923101842 ], [ 52791.147146596980747, 2831949.733319095801562 ], [ 52466.132831559632905, 2831963.970261732582003 ], [ 52049.332067862851545, 2831975.744756556116045 ], [ 51726.478292490064632, 2831994.370208081323653 ], [ 51556.14070497720968, 2831993.433496860787272 ], [ 51386.658702791493852, 2831958.036944726482034 ], [ 50972.716420447279233, 2831875.334594468120486 ], [ 50997.651208618015517, 2831777.859344852156937 ], [ 51061.846575126226526, 2831709.052789442706853 ], [ 51019.531248765240889, 2831709.366663789376616 ], [ 50906.044841010065284, 2831720.963355413638055 ], [ 50627.326070047158282, 2831763.675522223580629 ], [ 50568.829979151953012, 2831762.314604559913278 ], [ 50714.728520461765584, 2831905.129067069850862 ], [ 50729.977156630251557, 2831909.058322049211711 ], [ 50763.04565731092589, 2831903.501158591825515 ], [ 50789.404317549080588, 2831908.166939745191485 ], [ 50858.678136203205213, 2831960.260459995362908 ], [ 50966.274565470812377, 2831983.294738879427314 ], [ 51367.165426366729662, 2832067.546197061892599 ], [ 51560.58029964932939, 2832095.47282528784126 ], [ 51647.407601316575892, 2832100.328031631652266 ], [ 51735.98679016972892, 2832097.349682581145316 ], [ 52050.934492602595128, 2832083.432577649131417 ], [ 52475.672763330221642, 2832068.058905385434628 ], [ 52776.675606779579539, 2832059.070015211589634 ], [ 53212.223330538370647, 2832035.582268537487835 ], [ 53581.55949339986546, 2832020.989863182418048 ], [ 53909.551267985720187, 2832005.569493699353188 ], [ 54043.350004488660488, 2831998.872310128528625 ], [ 54225.611977931053843, 2831994.998960953671485 ], [ 54239.596810941176955, 2832413.267675368115306 ], [ 54254.604315239062998, 2832741.535063731018454 ], [ 54268.123964404978324, 2833055.41308025456965 ], [ 54276.329029164335225, 2833270.615927080623806 ], [ 54288.880964225623757, 2833585.637133530341089 ], [ 54312.870081553817727, 2834212.384930330794305 ], [ 54315.641596425848547, 2834385.562813656404614 ], [ 54486.777892480487935, 2834532.004812265280634 ], [ 54811.375020524428692, 2834808.823720940388739 ], [ 55162.975191946490668, 2835110.292186358012259 ], [ 55526.560713653103448, 2835409.145674821455032 ], [ 55747.637397445272654, 2835603.913210474420339 ], [ 55745.147269504901487, 2835408.514870407991111 ], [ 55738.158202068065293, 2835168.839100672863424 ], [ 56142.552322112256661, 2834697.75232563726604 ], [ 56120.83039745251881, 2834257.535316633060575 ], [ 56116.583107007842045, 2834251.012750872876495 ] ] } },
{ "type": "Feature", "properties": { "route_name": "13_Alianza - Merced - Magisterio", "route_name_short": "Alianza - Merced - Magisterio", "route_type": 3 }, "geometry": { "type": "LineString", "coordinates": [ [ 59249.720931048912462, 2828974.773790910374373 ], [ 58912.574406563653611, 2828989.241454788483679 ], [ 59142.906032454338856, 2829280.391645401250571 ], [ 59109.484011599211954, 2829305.92940610460937 ], [ 59253.174230912642088, 2829506.649769319687039 ], [ 59407.037169662478846, 2829710.366985911969095 ], [ 59652.319303289579693, 2830027.683402852620929 ], [ 59143.099711823510006, 2830048.940311387646943 ], [ 58710.017391049594153, 2830056.592199867125601 ], [ 58736.418141602422111, 2830397.794923783279955 ], [ 58769.637009157333523, 2830396.696279159281403 ], [ 58773.301349135406781, 2830446.553694432135671 ], [ 58783.460272727126721, 2830692.778845476917922 ], [ 58761.681813729053829, 2830704.605539367999882 ], [ 58940.219603166799061, 2830984.134261728730053 ], [ 59043.417190634994768, 2831179.525521869771183 ], [ 59059.000999647541903, 2831315.618147853761911 ], [ 59068.866982226318214, 2831339.725882555358112 ], [ 59069.079565794556402, 2831498.539379301480949 ], [ 58803.644852693018038, 2831516.203460555989295 ], [ 58277.145998103078455, 2831531.411325023509562 ], [ 58056.784475061809644, 2831540.933623748831451 ], [ 57717.796221284603234, 2831558.836017017252743 ], [ 57291.874988115450833, 2831568.526226791087538 ], [ 57103.415369422407821, 2831598.107916590757668 ], [ 56880.891739578743, 2831603.278962370939553 ], [ 56240.93825927528087, 2831631.223411534912884 ], [ 56144.381674000935163, 2831636.658247327897698 ], [ 55820.118733256997075, 2831643.012397041544318 ], [ 55347.399631080275867, 2831669.873393457848579 ], [ 55062.53895744914189, 2831679.374981069937348 ], [ 54736.51900877855951, 2831693.589026855770499 ], [ 54209.144843155809212, 2831713.430173361673951 ], [ 53814.786424511752557, 2831733.283760288730264 ], [ 53410.063940667256247, 2831744.610464051831514 ], [ 53088.177997297374532, 2831762.058759587816894 ], [ 52782.248159374925308, 2831774.536855049431324 ], [ 52469.27145100873895, 2831787.258507079444826 ], [ 52086.913188237522263, 2831804.539365786127746 ], [ 51689.529498438991141, 2831824.557898844126612 ], [ 51564.6361043760553, 2831826.535911512561142 ], [ 51350.226770890352782, 2831773.767655903939158 ], [ 51056.701428212632891, 2831705.893744505476207 ], [ 50879.835376718547195, 2831720.735285977367312 ], [ 50617.259880644676741, 2831764.014742317143828 ], [ 50617.259880644676741, 2831764.014742317143828 ], [ 50879.835376718547195, 2831720.735285977367312 ], [ 51056.701428212632891, 2831705.893744505476207 ], [ 51350.226770890352782, 2831773.767655903939158 ], [ 51564.6361043760553, 2831826.535911512561142 ], [ 51689.529498438991141, 2831824.557898844126612 ], [ 52086.913188237522263, 2831804.539365786127746 ], [ 52469.27145100873895, 2831787.258507079444826 ], [ 52782.248159374925308, 2831774.536855049431324 ], [ 53088.177997297374532, 2831762.058759587816894 ], [ 53410.063940667256247, 2831744.610464051831514 ], [ 53814.786424511752557, 2831733.283760288730264 ], [ 54209.144843155809212, 2831713.430173361673951 ], [ 54736.51900877855951, 2831693.589026855770499 ], [ 55062.53895744914189, 2831679.374981069937348 ], [ 55347.399631080275867, 2831669.873393457848579 ], [ 55820.118733256997075, 2831643.012397041544318 ], [ 56144.381674000935163, 2831636.658247327897698 ], [ 56240.93825927528087, 2831631.223411534912884 ], [ 56880.891739578743, 2831603.278962370939553 ], [ 57103.415369422407821, 2831598.107916590757668 ], [ 57291.874988115450833, 2831568.526226791087538 ], [ 57717.796221284603234, 2831558.836017017252743 ], [ 58056.784475061809644, 2831540.933623748831451 ], [ 58277.145998103078455, 2831531.411325023509562 ], [ 58803.644852693018038, 2831516.203460555989295 ], [ 59069.079565794556402, 2831498.539379301480949 ], [ 59068.866982226318214, 2831339.725882555358112 ], [ 59059.000999647541903, 2831315.618147853761911 ], [ 59033.204769400588702, 2831175.420632920227945 ], [ 58923.107640922709834, 2830984.700109982863069 ], [ 58761.681813729053829, 2830704.605539367999882 ], [ 58783.460272727126721, 2830692.778845476917922 ], [ 58773.301349135406781, 2830446.553694432135671 ], [ 58769.637009157333523, 2830396.696279159281403 ], [ 58736.418141602422111, 2830397.794923783279955 ], [ 58709.870629792218097, 2830052.154510186519474 ], [ 59127.633340901287738, 2830038.345019230153412 ], [ 59632.826812909450382, 2830017.220463312231004 ], [ 59407.037169662478846, 2829710.366985911969095 ], [ 59253.174230912642088, 2829506.649769319687039 ], [ 59109.484011599211954, 2829305.92940610460937 ], [ 59142.906032454338856, 2829280.391645401250571 ], [ 58912.574406563653611, 2828989.241454788483679 ], [ 59249.720931048912462, 2828974.773790910374373 ] ] } },
{ "type": "Feature", "properties": { "route_name": "14_Campo Alianza - FOVISSSTE - La Rosita", "route_name_short": "Campo Alianza - FOVISSSTE - La Rosita", "route_type": 3 }, "geometry": { "type": "LineString", "coordinates": [ [ 51097.8267995401402, 2832328.752484373748302 ], [ 51159.134087536658626, 2832024.563693821895868 ], [ 51471.702340483607259, 2832089.576403982006013 ], [ 51634.322033651580568, 2832100.76806523418054 ], [ 51746.201804815500509, 2832101.449228876270354 ], [ 52056.750319631653838, 2832076.572755132336169 ], [ 52478.655250171897933, 2832066.848067527636886 ], [ 52789.835476345208008, 2832060.850069701205939 ], [ 53003.15423198917415, 2832051.475414575543255 ], [ 53315.899951591331046, 2832032.108567791525275 ], [ 53588.456875773321372, 2832016.316069468390197 ], [ 53907.760854757565539, 2832012.293659915681928 ], [ 54119.848778709303588, 2831996.313920057844371 ], [ 54223.450484547531232, 2831990.628401364665478 ], [ 54546.408109597745351, 2831975.392126343213022 ], [ 54758.64375150721753, 2831963.860554356127977 ], [ 55081.563285949232522, 2831947.527927257120609 ], [ 55405.673727284010965, 2831936.716923431959003 ], [ 55612.875515241350513, 2831925.366914635989815 ], [ 55930.797519145649858, 2831910.332258437760174 ], [ 56138.220292711688671, 2831905.647196832578629 ], [ 56137.345221679774113, 2831606.904177991207689 ], [ 56134.087488859309815, 2831418.197566865477711 ], [ 56111.675979973573703, 2831320.093257671222091 ], [ 56368.282756922999397, 2831309.333829693030566 ], [ 56587.719087694771588, 2831302.036454037763178 ], [ 56764.841527032607701, 2831295.038204371929169 ], [ 56901.552891846338753, 2831284.942183698527515 ], [ 56946.112130582507234, 2831261.248575382400304 ], [ 57008.850276961631607, 2831178.086180408019572 ], [ 57045.258532534993719, 2831121.343851432669908 ], [ 57036.601621790498029, 2830951.699999650008976 ], [ 57337.013435046887025, 2830863.981097224168479 ], [ 57621.13827741635032, 2830771.256456860341132 ], [ 57810.593272059981246, 2830710.553136486094445 ], [ 57752.929868884559255, 2830521.43268268648535 ], [ 57718.340556430921424, 2830420.399421639274806 ], [ 57630.369202778209001, 2830137.878387152217329 ], [ 57539.264895233558491, 2829852.129315768368542 ], [ 57595.014088448544499, 2829831.399913194589317 ], [ 57709.744650060834829, 2829735.412917190231383 ], [ 57549.568319237616379, 2829250.924925281200558 ], [ 57503.621554132201709, 2829111.395210555754602 ], [ 57448.14893002633471, 2828927.755206645466387 ], [ 57448.14893002633471, 2828927.755206645466387 ], [ 57503.621554132201709, 2829111.395210555754602 ], [ 57549.568319237616379, 2829250.924925281200558 ], [ 57709.744650060834829, 2829735.412917190231383 ], [ 57595.014088448544499, 2829831.399913194589317 ], [ 57539.264895233558491, 2829852.129315768368542 ], [ 57630.369202778209001, 2830137.878387152217329 ], [ 57718.340556430921424, 2830420.399421639274806 ], [ 57752.929868884559255, 2830521.43268268648535 ], [ 57810.593272059981246, 2830710.553136486094445 ], [ 57621.13827741635032, 2830771.256456860341132 ], [ 57337.013435046887025, 2830863.981097224168479 ], [ 57036.601621790498029, 2830951.699999650008976 ], [ 57045.258532534993719, 2831121.343851432669908 ], [ 57008.850276961631607, 2831178.086180408019572 ], [ 56946.112130582507234, 2831261.248575382400304 ], [ 56901.552891846338753, 2831284.942183698527515 ], [ 56764.841527032607701, 2831295.038204371929169 ], [ 56587.719087694771588, 2831302.036454037763178 ], [ 56368.282756922999397, 2831309.333829693030566 ], [ 56111.675979973573703, 2831320.093257671222091 ], [ 56134.087488859309815, 2831418.197566865477711 ], [ 56137.345221679774113, 2831606.904177991207689 ], [ 56140.751151289325207, 2831800.048608611803502 ], [ 55926.65032468654681, 2831816.062538129277527 ], [ 55616.741543368611019, 2831829.719148676842451 ], [ 55393.359320728981402, 2831839.386953507550061 ], [ 55083.671518269286025, 2831859.712824882473797 ], [ 54770.407999294635374, 2831863.504921131301671 ], [ 54543.146399135701358, 2831877.759389435406774 ], [ 54223.953027437732089, 2831885.094530501402915 ], [ 54116.250015011581127, 2831888.695627232082188 ], [ 53905.839439664501697, 2831894.622601933311671 ], [ 53589.065812918473966, 2831914.109852483030409 ], [ 53318.334104420035146, 2831924.287218431942165 ], [ 53000.255399457411841, 2831934.946535515598953 ], [ 52790.214988511055708, 2831951.986038062721491 ], [ 52483.133034882193897, 2831960.06748399278149 ], [ 52057.459309202677105, 2831977.69320001360029 ], [ 51742.47182112862356, 2831990.500292546581477 ], [ 51630.665736461582128, 2831992.038004161324352 ], [ 51499.211795854324009, 2831978.687063822057098 ], [ 51363.462011002236977, 2831777.765361275523901 ], [ 51075.306116123741958, 2831719.707203801721334 ], [ 51035.637145729037002, 2831708.824411739129573 ], [ 50821.825159675034229, 2831733.79671189095825 ], [ 50708.63788211310748, 2831754.271127976477146 ], [ 50653.311226753692608, 2831757.246088646352291 ], [ 50567.823359494912438, 2831762.348530632909387 ], [ 50710.702091488114092, 2831905.264734065160155 ], [ 50728.970549867139198, 2831909.092237573582679 ], [ 50776.056788565882016, 2831900.841300269588828 ], [ 50808.903590311063454, 2831918.617625754792243 ], [ 50844.249354471045081, 2831950.749675969593227 ], [ 50865.724346150353085, 2831960.023117591161281 ], [ 51055.677041564835235, 2832004.720879985485226 ], [ 50993.477352014742792, 2832312.272861669771373 ], [ 51094.919161382073071, 2832332.182648976799101 ] ] } },
{ "type": "Feature", "properties": { "route_name": "15_Industrial - Lajat", "route_name_short": "Industrial - Lajat", "route_type": 3 }, "geometry": { "type": "LineString", "coordinates": [ [ 50504.855090324184857, 2831777.800037574954331 ], [ 50746.291333076369483, 2831735.230422501917928 ], [ 51048.536422317789402, 2831702.836368151940405 ], [ 51309.738369765225798, 2831768.465440809726715 ], [ 51657.318215405975934, 2831825.64088158076629 ], [ 52278.80102956033079, 2831786.987882231362164 ], [ 52762.676339818804991, 2831761.864531843457371 ], [ 53159.571626584744081, 2831757.44477784819901 ], [ 53587.520674313069321, 2831747.554286192636937 ], [ 54178.947352478455286, 2831714.439714903943241 ], [ 54732.5667860378162, 2831695.94238996040076 ], [ 55077.563563359319232, 2831676.652294209692627 ], [ 55396.647747261507902, 2831666.009954873938113 ], [ 55794.502250968362205, 2831660.525906682480127 ], [ 56131.222441102319863, 2831634.87489804578945 ], [ 56251.788982346304692, 2831624.198283259756863 ], [ 56696.395750435185619, 2831600.525506711564958 ], [ 57076.876323705073446, 2831587.882736417930573 ], [ 57295.299805045302492, 2831580.629786409437656 ], [ 57724.952496445272118, 2831561.930634781718254 ], [ 58052.831795101927128, 2831543.285913720261306 ], [ 58272.972796291171107, 2831527.10697724390775 ], [ 58427.981735324021429, 2831521.973380300682038 ], [ 58808.457366006099619, 2831509.380421419162303 ], [ 59035.003748055547476, 2831504.108640844933689 ], [ 59266.142356922791805, 2831485.36137214070186 ], [ 59252.280319770216011, 2831340.326934595126659 ], [ 59243.854439250135329, 2831207.329774347599596 ], [ 59236.515917550190352, 2830863.277036425191909 ], [ 59239.741249913640786, 2830564.411202776711434 ], [ 59208.627479860500898, 2830141.178918378893286 ], [ 59101.680243780021556, 2830045.866318271961063 ], [ 59449.048999179329257, 2830036.614285355899483 ], [ 59650.013109283987433, 2830018.874534200876951 ], [ 59808.368516254413407, 2829992.547843759413809 ], [ 61013.892820392211434, 2829939.506593890022486 ], [ 61014.914740442880429, 2829970.569821168202907 ], [ 60557.294613219273742, 2829997.849275852553546 ], [ 59667.565500009513926, 2830031.622761621605605 ], [ 59449.048999179329257, 2830036.614285355899483 ], [ 59158.272832761344034, 2830050.660271949600428 ], [ 59229.290631530166138, 2830126.058150036260486 ], [ 59239.741249913640786, 2830564.411202776711434 ], [ 59255.971073634456843, 2830872.629857122898102 ], [ 59251.906964950088877, 2831207.063664532266557 ], [ 59271.404874643892981, 2831339.694916222244501 ], [ 59279.374091359786689, 2831489.366602044552565 ], [ 59035.003748055547476, 2831504.108640844933689 ], [ 58814.790278203727212, 2831518.056002990342677 ], [ 58439.421142004954163, 2831532.701026347465813 ], [ 58290.451654663018417, 2831537.634468481410295 ], [ 58063.117926679144148, 2831549.60891839209944 ], [ 57724.952496445272118, 2831561.930634781718254 ], [ 57295.299805045302492, 2831580.629786409437656 ], [ 57087.38411008293042, 2831600.861686274409294 ], [ 56651.542980021797121, 2831615.344641481991857 ], [ 56251.788982346304692, 2831624.198283259756863 ], [ 56131.222441102319863, 2831634.87489804578945 ], [ 55794.502250968362205, 2831660.525906682480127 ], [ 55396.647747261507902, 2831666.009954873938113 ], [ 55077.563563359319232, 2831676.652294209692627 ], [ 54732.5667860378162, 2831695.94238996040076 ], [ 54153.072942901286297, 2831724.190437927376479 ], [ 53583.642894483113196, 2831752.126964436843991 ], [ 53159.571626584744081, 2831757.44477784819901 ], [ 52762.676339818804991, 2831761.864531843457371 ], [ 52278.80102956033079, 2831786.987882231362164 ], [ 51657.318215405975934, 2831825.64088158076629 ], [ 51309.738369765225798, 2831768.465440809726715 ], [ 51048.536422317789402, 2831702.836368151940405 ], [ 50746.291333076369483, 2831735.230422501917928 ], [ 50504.855090324184857, 2831777.800037574954331 ] ] } },
{ "type": "Feature", "properties": { "route_name": "16_Residencial del Norte - Alianza", "route_name_short": "Residencial del Norte - Alianza", "route_type": 3 }, "geometry": { "type": "LineString", "coordinates": [ [ 59774.781170695961919, 2828790.855643616523594 ], [ 59741.630597796698567, 2828855.254073908086866 ], [ 59692.446787366119679, 2828861.318648579064757 ], [ 59532.44816340750549, 2828990.986340947914869 ], [ 59305.387277426198125, 2829165.074142816942185 ], [ 59454.968995245115366, 2829361.159340887330472 ], [ 59601.453374917502515, 2829555.126447787508368 ], [ 59737.354721506941132, 2829733.894912375602871 ], [ 59575.061702469422016, 2829854.754780048970133 ], [ 59437.255295890674461, 2829679.382513262331486 ], [ 59288.609271526162047, 2829481.045844842679799 ], [ 59253.174230912642088, 2829506.649769319687039 ], [ 59114.804797383840196, 2829650.048573193605989 ], [ 58938.681420857261401, 2829840.233024618122727 ], [ 59131.440032595244702, 2830031.555468830280006 ], [ 59226.033662661444396, 2830149.488935616798699 ], [ 59475.723675304616336, 2830386.691056354437023 ], [ 59789.040963189792819, 2830689.544451917521656 ], [ 60052.235737082315609, 2830939.635641383007169 ], [ 60090.792211418680381, 2831467.017946823500097 ], [ 59698.388709358638152, 2831484.410529330838472 ], [ 59266.87566528597381, 2831507.549742261413485 ], [ 58821.689295786898583, 2831513.385215162765235 ], [ 58290.782380671706051, 2831547.619316975586116 ], [ 58070.200561924255453, 2831550.484850616194308 ], [ 57655.242537174606696, 2831556.468191591557115 ], [ 57288.401218031998724, 2831585.301444238051772 ], [ 57051.14795709005557, 2831602.065265429671854 ], [ 56688.933345224999357, 2831618.544278103858232 ], [ 56282.428980791941285, 2831636.506830194033682 ], [ 56131.148584215086885, 2831632.656002409756184 ], [ 55604.001676175743341, 2831659.098232592456043 ], [ 55081.848983090138063, 2831684.284161871764809 ], [ 54749.826795614266302, 2831699.808866258244962 ], [ 54226.701810484344605, 2831726.171719103120267 ], [ 53804.085218194697518, 2831744.748945058323443 ], [ 53583.345756638271268, 2831743.251190120819956 ], [ 53423.298224195255898, 2831748.610120662488043 ], [ 52780.532647645799443, 2831783.480207776650786 ], [ 52369.692832652712241, 2831792.822326990310103 ], [ 51894.577949271362741, 2831808.779823223128915 ], [ 51583.985432598332409, 2831832.549691877327859 ], [ 51343.813820548413787, 2831762.875930686946958 ], [ 51091.411990630382206, 2831719.165017385035753 ], [ 50673.667914828285575, 2831763.22470755269751 ], [ 50673.667914828285575, 2831763.22470755269751 ], [ 51021.245647058065515, 2831700.422914012800902 ], [ 51343.813820548413787, 2831762.875930686946958 ], [ 51574.478277315443847, 2831819.540456160902977 ], [ 51894.577949271362741, 2831808.779823223128915 ], [ 52369.692832652712241, 2831792.822326990310103 ], [ 52753.765828309580684, 2831766.606294679455459 ], [ 53423.298224195255898, 2831748.610120662488043 ], [ 53583.345756638271268, 2831743.251190120819956 ], [ 53799.464893256896175, 2831727.132154552266002 ], [ 54208.885216054564808, 2831705.663912184070796 ], [ 54749.826795614266302, 2831699.808866258244962 ], [ 55081.848983090138063, 2831684.284161871764809 ], [ 55604.001676175743341, 2831659.098232592456043 ], [ 56131.148584215086885, 2831632.656002409756184 ], [ 56277.812059476680588, 2831618.889658283442259 ], [ 56675.257905004429631, 2831601.228203209117055 ], [ 57050.705741359910462, 2831588.751995033584535 ], [ 57287.848748655349482, 2831568.659889650065452 ], [ 57655.242537174606696, 2831556.468191591557115 ], [ 58052.978863756929059, 2831547.723633015528321 ], [ 58277.145998103078455, 2831531.411325023509562 ], [ 58816.509747166419402, 2831509.114021827466786 ], [ 59260.962971680564806, 2831481.090025865938514 ], [ 59688.890290919574909, 2831471.396651891060174 ], [ 60068.959573296015151, 2831446.636413875967264 ], [ 60035.123924418818206, 2830940.200052436906844 ], [ 59789.040963189792819, 2830689.544451917521656 ], [ 59475.723675304616336, 2830386.691056354437023 ], [ 59226.033662661444396, 2830149.488935616798699 ], [ 59116.486818836478051, 2830036.492046839557588 ], [ 58906.614582749374676, 2829845.735453567933291 ], [ 59114.804797383840196, 2829650.048573193605989 ], [ 59253.174230912642088, 2829506.649769319687039 ], [ 59288.609271526162047, 2829481.045844842679799 ], [ 59437.255295890674461, 2829679.382513262331486 ], [ 59575.061702469422016, 2829854.754780048970133 ], [ 59737.354721506941132, 2829733.894912375602871 ], [ 59601.453374917502515, 2829555.126447787508368 ], [ 59454.968995245115366, 2829361.159340887330472 ], [ 59292.610703069716692, 2829144.39408448478207 ], [ 59520.001331302628387, 2828980.290822500828654 ], [ 59689.389981843356509, 2828860.308850054629147 ], [ 59741.630597796698567, 2828855.254073908086866 ], [ 59774.781170695961919, 2828790.855643616523594 ] ] } },
{ "type": "Feature", "properties": { "route_name": "17_Campo Alianza - Monte Real - Revolución", "route_name_short": "Campo Alianza - Monte Real - Revolución", "route_type": 3 }, "geometry": { "type": "LineString", "coordinates": [ [ 50079.66577503120061, 2831899.883583730086684 ], [ 50058.372910608828533, 2831866.168230326846242 ], [ 50175.918613973248284, 2831825.547166930977255 ], [ 50242.913028568844311, 2831809.958216117694974 ], [ 50331.009148684854154, 2831792.547273117117584 ], [ 50361.207745406485628, 2831791.528976882342249 ], [ 50509.588998225983232, 2831768.754376931115985 ], [ 50740.027342433284502, 2831728.776906270999461 ], [ 50950.744915067916736, 2831701.685984352603555 ], [ 51045.292449135973584, 2831696.281061782501638 ], [ 51274.61756455124123, 2831742.989222619216889 ], [ 51567.096248500340153, 2831809.791994913015515 ], [ 52147.905857653531712, 2831790.272654672153294 ], [ 52464.723762987239752, 2831771.860885360278189 ], [ 52790.898212324129418, 2831762.028757037129253 ], [ 53103.911639787431341, 2831750.424237783066928 ], [ 53500.322609954455402, 2831731.591530548408628 ], [ 54146.477023541927338, 2831707.750369793269783 ], [ 54430.222161543322727, 2831694.934333960525692 ], [ 54710.01453521696385, 2831684.477765945252031 ], [ 55068.393325773708057, 2831673.626181448809803 ], [ 55616.643447741051205, 2831645.348733100108802 ], [ 56223.568180012982339, 2831624.026720989961177 ], [ 56700.422006280743517, 2831600.391663583461195 ], [ 57133.771298582316376, 2831571.554535618051887 ], [ 57289.346235413977411, 2831553.06094084167853 ], [ 57608.38885378674604, 2831541.362609090749174 ], [ 57948.27413397456985, 2831520.095829150173813 ], [ 58166.880436672072392, 2831518.404480509459972 ], [ 58288.452929669118021, 2831507.7132628117688 ], [ 58814.879247998993378, 2831490.287135636433959 ], [ 59263.725948769191746, 2831473.224299407564104 ], [ 60079.848513133067172, 2831440.724116887431592 ], [ 60640.123901317827404, 2831411.147633654531091 ], [ 60994.533286544086877, 2831402.808008232619613 ], [ 61172.579775547492318, 2831393.616316595114768 ], [ 61341.56732446490787, 2831384.724993449170142 ], [ 61479.994074715999886, 2831365.734728381037712 ], [ 61668.25138144462835, 2831360.656374334357679 ], [ 61664.780717271729372, 2831163.084625067189336 ], [ 61653.987285440845881, 2830987.965457545593381 ], [ 61637.355043889256194, 2830543.163876129779965 ], [ 61617.887187444313895, 2830104.008576974272728 ], [ 61737.857487012690399, 2830105.620455088559538 ], [ 61871.132200091553386, 2830113.460061940830201 ], [ 61941.814096340851393, 2830117.802857342176139 ], [ 61989.101850692008156, 2830146.236306887120008 ], [ 62153.835440503316931, 2830160.820022907108068 ], [ 62161.945288094342686, 2829947.321577908936888 ], [ 62137.942887381534092, 2829891.469332249369472 ], [ 62135.540335056895856, 2829818.249557643663138 ], [ 62373.070565474103205, 2829809.347136878408492 ], [ 62363.101890240970533, 2829597.553014000877738 ], [ 62346.148511292762123, 2829264.934628217481077 ], [ 62337.673219069314655, 2829006.447223684284836 ], [ 62190.974170990928542, 2828989.046147136483341 ], [ 61988.286896639037877, 2828954.603631513658911 ], [ 61995.272436759551056, 2828891.071058783680201 ], [ 61990.128661885042675, 2828795.72949671652168 ], [ 61983.844233601761516, 2828634.900844749528915 ], [ 61964.119319395860657, 2828217.968078150879592 ], [ 61982.277423775871284, 2828218.483015081845224 ], [ 62002.899315548478626, 2828632.054527453612536 ], [ 62007.389364060829394, 2828891.784084894694388 ], [ 62004.030192395031918, 2828942.9812185857445 ], [ 62203.73383128939895, 2828978.632428521756083 ], [ 62340.2568408572115, 2828993.035550533328205 ], [ 62351.509287199645769, 2829274.754079392179847 ], [ 62369.287327241094317, 2829601.792503511533141 ], [ 62378.212896482145879, 2829812.510241127107292 ], [ 62141.762176995980553, 2829823.598329217173159 ], [ 62143.085262449108995, 2829894.632349924184382 ], [ 62166.942032569553703, 2829946.047039791475981 ], [ 62162.143178428930696, 2830168.321497824974358 ], [ 61990.254141994460952, 2830150.640830484684557 ], [ 61936.963117224164307, 2830123.5150624839589 ], [ 61869.337531114171725, 2830120.182528483215719 ], [ 61755.261558806698304, 2830113.933540501166135 ], [ 61630.22180278331507, 2830111.377479648217559 ], [ 61645.006776368536521, 2830530.695919374469668 ], [ 61664.986484718101565, 2830985.382796411402524 ], [ 61677.200742215733044, 2831357.0304472791031 ], [ 61946.089144659054, 2831352.637927745468915 ], [ 61952.274055327521637, 2831356.877135218121111 ], [ 61955.621586511202622, 2831366.7624944425188 ], [ 61952.929974036058411, 2831376.846219069324434 ], [ 61944.08990837354213, 2831383.800133810378611 ], [ 61669.527612233767286, 2831399.48524049250409 ], [ 61354.411970823886804, 2831407.625091262627393 ], [ 61000.698065261996817, 2831437.033814043737948 ], [ 60647.973733042832464, 2831435.322434845380485 ], [ 60095.605320128030144, 2831460.195468800608069 ], [ 59263.342716893996112, 2831492.117679833434522 ], [ 58815.576605871028733, 2831511.366166917141527 ], [ 58283.07506568118697, 2831527.8829994071275 ], [ 57950.802102444460616, 2831535.561129149980843 ], [ 57608.9409168412094, 2831558.004118529614061 ], [ 57273.793741843255702, 2831570.237156393006444 ], [ 57104.606163760123309, 2831603.621680016163737 ], [ 56700.864573987142649, 2831613.704973310697824 ], [ 56227.963652962003835, 2831634.987202948424965 ], [ 55617.198020983778406, 2831661.990522745996714 ], [ 55063.73062363860663, 2831684.888685004785657 ], [ 54711.354542086191941, 2831694.429304336197674 ], [ 54422.503151690703817, 2831705.188577802851796 ], [ 54138.795306204934604, 2831719.11427701311186 ], [ 53486.639009746082593, 2831744.267594142816961 ], [ 53101.300870467617642, 2831762.729680438991636 ], [ 52782.210950046079233, 2831773.427375700790435 ], [ 52462.150802241172642, 2831785.276022490113974 ], [ 52149.1732940042275, 2831798.005245083943009 ], [ 51558.335298442689236, 2831818.972585114650428 ], [ 51277.190805508871563, 2831759.563880742993206 ], [ 51078.139216172741726, 2831714.058065491262823 ], [ 51042.646121807745658, 2831707.477686922997236 ], [ 50959.283556117676198, 2831715.838269357569516 ], [ 50726.644876986450981, 2831750.332167463842779 ], [ 50516.710132527747191, 2831770.735866156872362 ], [ 50364.377248301694635, 2831795.865159807726741 ], [ 50296.525777761067729, 2831815.925429308321327 ], [ 50082.64818316756282, 2831898.672185447532684 ] ] } },
{ "type": "Feature", "properties": { "route_name": "18_Mayran - Hidalgo", "route_name_short": "Mayran - Hidalgo", "route_type": 3 }, "geometry": { "type": "LineString", "coordinates": [ [ 62385.335664577840362, 2828585.085608199704438 ], [ 62225.739449174783658, 2828512.577037767972797 ], [ 62067.184386163251474, 2828441.146495495922863 ], [ 61991.460204682138283, 2828436.966906391084194 ], [ 62006.769701097218785, 2828780.745914022438228 ], [ 61993.320426689402666, 2828954.438472099602222 ], [ 61604.157973421562929, 2828888.361257072538137 ], [ 61434.979474454245064, 2828861.71091585047543 ], [ 61349.80390663840808, 2828784.546572041232139 ], [ 61267.372615071770269, 2828576.242147393990308 ], [ 61208.588663585484028, 2828504.874618402216583 ], [ 61132.024998213979416, 2828475.183728932868689 ], [ 60964.904121768719051, 2828480.677975063212216 ], [ 60732.775918050552718, 2828562.723286385647953 ], [ 60404.963804043305572, 2828768.979583648499101 ], [ 60152.924249774194323, 2828919.439451691228896 ], [ 60098.380899532989133, 2828854.599901307374239 ], [ 60032.577535028220154, 2828845.662264700513333 ], [ 60088.566713833191898, 2828923.781326327472925 ], [ 59755.518563859863207, 2829123.565733921248466 ], [ 59457.879250718571711, 2829357.731412982568145 ], [ 59303.30058312258916, 2829162.921784767881036 ], [ 59136.005618658848107, 2829285.062072438653558 ], [ 58936.262203788850456, 2829431.600515911821276 ], [ 58793.6036421021563, 2829445.200688269920647 ], [ 58653.827236386598088, 2829576.434496999718249 ], [ 58443.427699036023114, 2829583.393935662694275 ], [ 58195.85337222495582, 2829593.808558800723404 ], [ 57981.57323242892744, 2829605.346351037267596 ], [ 57851.827201699547004, 2829674.061735232826322 ], [ 57715.784812745871022, 2829735.212735535111278 ], [ 57594.080960309947841, 2829833.65215201722458 ], [ 57493.545909366162959, 2829871.415721949655563 ], [ 57354.045031497778837, 2829919.357866126578301 ], [ 57390.858814550971147, 2830056.968670258298516 ], [ 57441.728597640176304, 2830193.002597400452942 ], [ 57146.100495304213837, 2830303.881318937055767 ], [ 57237.372403625689913, 2830564.078185860533267 ], [ 57331.906737874494866, 2830861.929248317610472 ], [ 57037.75560244458029, 2830956.104326682630926 ], [ 57044.35069223010214, 2831154.693876277655363 ], [ 57060.409077939169947, 2831274.112115485128015 ], [ 57074.084193534625228, 2831291.428553686477244 ], [ 57079.612870338954963, 2831548.918647316284478 ], [ 57034.895585797494277, 2831598.16246389830485 ], [ 56663.474204365746118, 2831610.505301802884787 ], [ 56668.111031151725911, 2831780.283526557963341 ], [ 56250.724043706781231, 2831804.163130169734359 ], [ 55821.931480667379219, 2831818.439737756270915 ], [ 55393.396313675970305, 2831840.496408402919769 ], [ 55084.567023664712906, 2831856.350865786895156 ], [ 54760.453483560879249, 2831867.169402082916349 ], [ 54231.184467582439538, 2831890.406304392963648 ], [ 54119.455225879035424, 2831894.141984371934086 ], [ 53801.564238735765684, 2831910.329402663279325 ], [ 53587.164097098924685, 2831917.505667028483003 ], [ 53211.74844095739536, 2831931.190387143287808 ], [ 52998.465403226902708, 2831941.670888602267951 ], [ 52791.295991640363354, 2831954.171236761845648 ], [ 52376.546885626972653, 2831966.977413008920848 ], [ 52052.538194716675207, 2831981.190739512909204 ], [ 51625.782019857259002, 2831996.645208382979035 ], [ 51498.242522249463946, 2831979.830413583200425 ], [ 51295.467679315130226, 2831943.333332002162933 ], [ 51247.944869270315394, 2832148.200008428655565 ], [ 51225.134807467111386, 2832248.935384876094759 ], [ 51123.767476338602137, 2832231.243538095615804 ], [ 51123.767476338602137, 2832231.243538095615804 ], [ 51139.680174977635033, 2832135.183070254512131 ], [ 51171.437289371038787, 2832030.814056016504765 ], [ 51266.841088303714059, 2832050.928719906136394 ], [ 51488.739638037281111, 2832086.781787460204214 ], [ 51642.26276346220402, 2832097.168802682310343 ], [ 52059.061671633797232, 2832085.381012649275362 ], [ 52376.693115046480671, 2832061.384876243304461 ], [ 52778.242186016577762, 2832045.688735125120729 ], [ 53006.95734629110666, 2832044.683569683227688 ], [ 53212.29768550459994, 2832037.801219591870904 ], [ 53588.53116751316702, 2832018.535013417247683 ], [ 53797.896854274498764, 2832011.526954832486808 ], [ 54121.490892890433315, 2831985.151930532883853 ], [ 54225.537792978051584, 2831992.78002901095897 ], [ 54753.573913941159844, 2831962.919151607900858 ], [ 55086.44798329891637, 2831942.922162480652332 ], [ 55399.338459824735764, 2831928.042658861726522 ], [ 55831.37087331461953, 2831920.308039627503604 ], [ 56249.65158304508077, 2831893.052871110383421 ], [ 56671.393932971521281, 2831879.02394981123507 ], [ 56747.032172039384022, 2831880.951992221642286 ], [ 57034.895585797494277, 2831598.16246389830485 ], [ 57079.612870338954963, 2831548.918647316284478 ], [ 57074.084193534625228, 2831291.428553686477244 ], [ 57060.409077939169947, 2831274.112115485128015 ], [ 57044.35069223010214, 2831154.693876277655363 ], [ 57037.75560244458029, 2830956.104326682630926 ], [ 57331.906737874494866, 2830861.929248317610472 ], [ 57237.372403625689913, 2830564.078185860533267 ], [ 57146.100495304213837, 2830303.881318937055767 ], [ 57441.728597640176304, 2830193.002597400452942 ], [ 57390.858814550971147, 2830056.968670258298516 ], [ 57354.045031497778837, 2829919.357866126578301 ], [ 57493.545909366162959, 2829871.415721949655563 ], [ 57594.080960309947841, 2829833.65215201722458 ], [ 57715.784812745871022, 2829735.212735535111278 ], [ 57851.827201699547004, 2829674.061735232826322 ], [ 57981.57323242892744, 2829605.346351037267596 ], [ 58195.85337222495582, 2829593.808558800723404 ], [ 58443.427699036023114, 2829583.393935662694275 ], [ 58653.827236386598088, 2829576.434496999718249 ], [ 58793.6036421021563, 2829445.200688269920647 ], [ 58936.262203788850456, 2829431.600515911821276 ], [ 59136.005618658848107, 2829285.062072438653558 ], [ 59303.30058312258916, 2829162.921784767881036 ], [ 59457.879250718571711, 2829357.731412982568145 ], [ 59755.518563859863207, 2829123.565733921248466 ], [ 60088.566713833191898, 2828923.781326327472925 ], [ 60032.577535028220154, 2828845.662264700513333 ], [ 60098.380899532989133, 2828854.599901307374239 ], [ 60125.616081923886668, 2828885.910249421838671 ], [ 60350.567532507644501, 2828708.576729944441468 ], [ 60599.029642109642737, 2828510.483425035141408 ], [ 60680.440322543610819, 2828595.542173636611551 ], [ 60964.904121768719051, 2828480.677975063212216 ], [ 61132.024998213979416, 2828475.183728932868689 ], [ 61208.588663585484028, 2828504.874618402216583 ], [ 61267.372615071770269, 2828576.242147393990308 ], [ 61349.80390663840808, 2828784.546572041232139 ], [ 61434.979474454245064, 2828861.71091585047543 ], [ 61604.157973421562929, 2828888.361257072538137 ], [ 61993.320426689402666, 2828954.438472099602222 ], [ 62006.769701097218785, 2828780.745914022438228 ], [ 61991.460204682138283, 2828436.966906391084194 ], [ 62067.184386163251474, 2828441.146495495922863 ], [ 62225.739449174783658, 2828512.577037767972797 ], [ 62385.335664577840362, 2828585.085608199704438 ] ] } },
{ "type": "Feature", "properties": { "route_name": "20_Cementos - Torreón Viejo", "route_name_short": "Cementos - Torreón Viejo", "route_type": 3 }, "geometry": { "type": "LineString", "coordinates": [ [ 57066.669067520066164, 2826754.635840489994735 ], [ 57137.456683481519576, 2826822.260558870155364 ], [ 57267.034703139797784, 2826930.142020161729306 ], [ 57119.390505100600421, 2827098.301492211874574 ], [ 57006.871216400060803, 2827200.880417650565505 ], [ 56928.072615559154656, 2827286.792927178088576 ], [ 56889.871224333124701, 2827320.269100551493466 ], [ 56860.855566054524388, 2827326.78489619679749 ], [ 56729.702735551516525, 2827323.361663678195328 ], [ 56671.218401996651664, 2827261.994794528465718 ], [ 56577.392393246467691, 2827350.62986832857132 ], [ 56555.449378239747602, 2827388.010146554559469 ], [ 56773.88759006827604, 2827682.859988110139966 ], [ 56853.771553693746682, 2827751.291506233625114 ], [ 57029.864216908812523, 2827985.351876620668918 ], [ 57085.507679993228521, 2828052.367017294280231 ], [ 57345.194757328252308, 2828284.768356014043093 ], [ 57559.360991038556676, 2828482.030071234330535 ], [ 57809.82358605414629, 2828710.300682198256254 ], [ 57840.291227968467865, 2828778.151673416141421 ], [ 57959.66910526814172, 2828883.041658847592771 ], [ 58096.181361004360951, 2829018.463177091442049 ], [ 58172.244050291774329, 2829093.690385836176574 ], [ 58170.506436727184337, 2829284.778358124662191 ], [ 58182.215373950602952, 2829577.60039370553568 ], [ 58190.038556092302315, 2829813.908340404741466 ], [ 58198.560274977236986, 2830071.295431765262038 ], [ 58208.662387880496681, 2830376.387932472862303 ], [ 58217.185688569035847, 2830633.775096856523305 ], [ 58244.784639125922695, 2831071.565608315169811 ], [ 58281.172205382608809, 2831531.277962977532297 ], [ 58066.321415846410673, 2831555.055996129754931 ], [ 57659.82076704868814, 2831572.976142901927233 ], [ 57275.610615614976268, 2831594.611355630215257 ], [ 56649.677393495105207, 2831619.849342463538051 ], [ 56169.693555704201572, 2831640.258484357967973 ], [ 55647.543030425556935, 2831665.422070408239961 ], [ 55078.11881675128825, 2831693.29415995022282 ], [ 54741.06395564583363, 2831708.987039325293154 ], [ 54171.33980200951919, 2831728.022532587405294 ], [ 53570.557264112634584, 2831752.565044394228607 ], [ 53177.12979145697318, 2831770.185084963217378 ], [ 52767.446932275022846, 2831783.919081686530262 ], [ 52149.69496881874511, 2831813.538039808627218 ], [ 51579.809779326431453, 2831828.247129789087921 ], [ 51139.320510626537725, 2831735.324374935589731 ], [ 51009.315638406609651, 2831705.267597201745957 ], [ 50686.641802732949145, 2831759.455281147733331 ], [ 50686.641802732949145, 2831759.455281147733331 ], [ 50991.196494043746497, 2831705.877667245455086 ], [ 51142.60007111512823, 2831712.998949815984815 ], [ 51579.362057350575924, 2831814.933241066988558 ], [ 52148.800670772616286, 2831786.910391780547798 ], [ 52770.729101676028222, 2831761.594453135039657 ], [ 53181.56792766507715, 2831752.264832191169262 ], [ 53573.989325115806423, 2831734.678699223324656 ], [ 54191.921659582061693, 2831710.673840316478163 ], [ 54749.678618041507434, 2831695.371023054234684 ], [ 55077.563563359319232, 2831676.652294209692627 ], [ 55630.172534558339976, 2831658.226109944283962 ], [ 56168.955051704891957, 2831618.069535206072032 ], [ 56652.965953480277676, 2831597.526625955011696 ], [ 57281.514736068318598, 2831559.984890058636665 ], [ 57657.034849379269872, 2831549.744814745616168 ], [ 58043.625742685806472, 2831539.148416975047439 ], [ 58055.350581153063104, 2831497.665862649679184 ], [ 58048.687274618889205, 2831235.773747095372528 ], [ 58028.156444409454707, 2831133.163823456503451 ], [ 58006.603898386179935, 2830665.18465501954779 ], [ 57993.153490770666394, 2830411.292066034395248 ], [ 57978.100860191916581, 2830078.59666375303641 ], [ 57980.133926366339438, 2829805.310296975076199 ], [ 57960.432516913220752, 2829606.04654720146209 ], [ 57959.711779994540848, 2829401.711572103668004 ], [ 57952.921847844321746, 2829257.552509443834424 ], [ 57943.016428368980996, 2829080.177269582170993 ], [ 57934.794115812866949, 2828892.750501652248204 ], [ 57824.182991830515675, 2828778.685178624466062 ], [ 57794.722032844845671, 2828710.800866101868451 ], [ 57559.360991038556676, 2828482.030071234330535 ], [ 57330.166202951106243, 2828287.487863639369607 ], [ 57071.412089943536557, 2828052.834519692696631 ], [ 57029.864216908812523, 2827985.351876620668918 ], [ 56853.771553693746682, 2827751.291506233625114 ], [ 56773.88759006827604, 2827682.859988110139966 ], [ 56555.449378239747602, 2827388.010146554559469 ], [ 56577.392393246467691, 2827350.62986832857132 ], [ 56671.218401996651664, 2827261.994794528465718 ], [ 56729.702735551516525, 2827323.361663678195328 ], [ 56860.855566054524388, 2827326.78489619679749 ], [ 56889.871224333124701, 2827320.269100551493466 ], [ 56928.072615559154656, 2827286.792927178088576 ], [ 57006.871216400060803, 2827200.880417650565505 ], [ 57119.390505100600421, 2827098.301492211874574 ], [ 57267.034703139797784, 2826930.142020161729306 ], [ 57137.456683481519576, 2826822.260558870155364 ], [ 57066.669067520066164, 2826754.635840489994735 ] ] } },
{ "type": "Feature", "properties": { "route_name": "19_Julietas - Corregidora", "route_name_short": "Julietas - Corregidora", "route_type": 3 }, "geometry": { "type": "LineString", "coordinates": [ [ 57941.021021375840064, 2827710.819134022574872 ], [ 57682.423000635055359, 2827845.994359680917114 ], [ 57488.450455306563526, 2827984.587239572312683 ], [ 57237.557510049489792, 2828169.496936892159283 ], [ 57202.158203748811502, 2828196.215750518720597 ], [ 57195.662324964243453, 2828213.090973036829382 ], [ 57021.283694610057864, 2828334.382890515495092 ], [ 56685.758534464926925, 2828428.817741867154837 ], [ 56468.080912510748021, 2828490.469260695390403 ], [ 56532.922740928595886, 2828591.607373235747218 ], [ 56314.919263255898841, 2828734.351629492361099 ], [ 56076.33118228072999, 2828894.444843428209424 ], [ 55877.844689673511311, 2829017.667491856962442 ], [ 55974.221126386604737, 2829157.738500488922 ], [ 56035.860209309670608, 2829253.427593292202801 ], [ 56061.951394060975872, 2829280.326652786694467 ], [ 56065.245900722045917, 2829349.078849013894796 ], [ 56135.380283604201395, 2829457.813669287133962 ], [ 56030.991642973618582, 2829531.25810675136745 ], [ 56050.254953060124535, 2829898.250638467725366 ], [ 56066.009455281193368, 2830280.909433876629919 ], [ 56069.513505839800928, 2830507.370672090910375 ], [ 56081.219023491255939, 2830738.001756790559739 ], [ 56091.418940983479843, 2831014.22070596460253 ], [ 56106.679947574681137, 2831321.370216666720808 ], [ 56137.218014927813783, 2831421.425405622925609 ], [ 56140.143367185781244, 2831600.146982274949551 ], [ 56134.260089637537021, 2831695.861024464014918 ], [ 56255.047583354520611, 2831691.841036706231534 ], [ 56264.786704978090711, 2831893.659857493825257 ], [ 56279.594360819959547, 2832217.484349911566824 ], [ 56056.868125924374908, 2832428.153358510229737 ], [ 55815.727957258408424, 2832660.543960003182292 ], [ 55681.04777129762806, 2832791.65073991054669 ], [ 55411.235447441111319, 2832798.426201255526394 ], [ 55113.462878490856383, 2832812.804497506469488 ], [ 54586.061068414303008, 2832830.418258273974061 ], [ 54248.959218542033341, 2832843.908904210198671 ], [ 54163.629608824499883, 2832853.427061991766095 ], [ 53615.161679084354546, 2832874.005500536877662 ], [ 53038.434790186409373, 2832893.332750253845006 ], [ 53024.394860829925165, 2832684.987168790306896 ], [ 52814.963542990735732, 2832689.78998866584152 ], [ 52227.226296553213615, 2832711.741637513041496 ], [ 52174.215695081918966, 2832723.51911106146872 ], [ 51762.61535404418828, 2832589.62461935961619 ], [ 51512.093836051528342, 2832511.412423856556416 ], [ 51526.032670997141395, 2832416.529963029548526 ], [ 51526.032670997141395, 2832416.529963029548526 ], [ 51638.133866505988408, 2832423.866776755079627 ], [ 51648.873902869701851, 2832533.469385221600533 ], [ 51782.373180334980134, 2832577.852840566542 ], [ 52173.880227235087659, 2832713.533738096244633 ], [ 52398.184718792967033, 2832821.516352215781808 ], [ 52794.529262430616654, 2832801.548414736054838 ], [ 53024.089160748932045, 2832796.069963532034308 ], [ 53248.430045274668373, 2832785.216774704866111 ], [ 53623.709986118716188, 2832768.201139968819916 ], [ 54152.910192798764911, 2832743.825462562497705 ], [ 54252.331596099305898, 2832733.836115733254701 ], [ 54582.613150679098908, 2832727.238173135090619 ], [ 55110.31530706002377, 2832718.500539679080248 ], [ 55434.110852329409681, 2832698.811852696817368 ], [ 55649.352614130359143, 2832687.192133774980903 ], [ 55794.139677995233797, 2832677.923619059380144 ], [ 56056.868125924374908, 2832428.153358510229737 ], [ 56269.861472673190292, 2832227.804369470104575 ], [ 56252.671223345329054, 2831892.952377651352435 ], [ 56244.869330512359738, 2831809.911347321700305 ], [ 56140.825011582230218, 2831802.267504357732832 ], [ 56126.051384484395385, 2831600.616031584795564 ], [ 56117.012486792868003, 2831419.876550152897835 ], [ 56088.561297783104237, 2831321.973273056093603 ], [ 56076.393563079473097, 2831016.942113354802132 ], [ 56069.139391394739505, 2830738.403737569693476 ], [ 56056.574680833669845, 2830512.243920403532684 ], [ 56048.711477426404599, 2830275.931606692727655 ], [ 56036.124245152401272, 2829897.610073074232787 ], [ 56026.780203819973394, 2829525.844826211687177 ], [ 56132.101816821086686, 2829450.147987351287156 ], [ 56065.245900722045917, 2829349.078849013894796 ], [ 56061.951394060975872, 2829280.326652786694467 ], [ 56035.860209309670608, 2829253.427593292202801 ], [ 55974.221126386604737, 2829157.738500488922 ], [ 55877.844689673511311, 2829017.667491856962442 ], [ 56071.039058552240022, 2828886.846112236380577 ], [ 56300.566178791981656, 2828727.053945695050061 ], [ 56526.660881584859453, 2828585.151366628240794 ], [ 56468.080912510748021, 2828490.469260695390403 ], [ 56370.896064539207146, 2828325.987118038814515 ], [ 56298.598757740808651, 2828212.879752330482006 ], [ 56412.736897082941141, 2828129.119801403954625 ], [ 56669.085373038542457, 2828078.401893956121057 ], [ 57025.800083394395187, 2827984.376024754252285 ], [ 57087.66851739375852, 2828056.737975638359785 ], [ 57223.535639036505017, 2828172.183165823109448 ], [ 57237.557510049489792, 2828169.496936892159283 ], [ 57488.450455306563526, 2827984.587239572312683 ], [ 57682.423000635055359, 2827845.994359680917114 ], [ 57941.021021375840064, 2827710.819134022574872 ] ] } },
{ "type": "Feature", "properties": { "route_name": "21_Cementos - Merced - Torreón Viejo", "route_name_short": "Cementos - Merced - Torreón Viejo", "route_type": 3 }, "geometry": { "type": "LineString", "coordinates": [ [ 50617.372048924677074, 2831767.343241634778678 ], [ 51041.527443681552541, 2831704.183089428115636 ], [ 51589.801194103201851, 2831825.689649102278054 ], [ 52237.679493521049153, 2831792.811561950482428 ], [ 52769.088014624721836, 2831772.756767037790269 ], [ 53494.766017152694985, 2831746.21690016426146 ], [ 54150.985588248528074, 2831722.038814395200461 ], [ 54736.593099675315898, 2831695.807948699686676 ], [ 55068.578413489100058, 2831679.173470431007445 ], [ 55597.888300099119078, 2831657.080593357328326 ], [ 56241.012097841361538, 2831633.442305116448551 ], [ 57081.049961544456892, 2831592.186764570884407 ], [ 57287.996073525864631, 2831573.097637527156621 ], [ 57676.306630122708157, 2831553.548194675240666 ], [ 58054.624300318420865, 2831536.562619554344565 ], [ 58055.451876825944055, 2831439.908802988473326 ], [ 58047.04175262292847, 2831246.934752798173577 ], [ 58033.395961089117918, 2831169.641582677140832 ], [ 58019.664530431444291, 2830876.885580095462501 ], [ 58006.162804382387549, 2830651.871501169167459 ], [ 57992.704209423740394, 2830336.893599601928145 ], [ 57989.174173887411598, 2830078.229847763199359 ], [ 57983.756452536850702, 2829792.973202423192561 ], [ 57962.04171530919848, 2829593.776141615118831 ], [ 57949.629776842659339, 2829279.874447215348482 ], [ 57944.457562839030288, 2828880.213415852747858 ], [ 58087.98050447460264, 2829014.292084506712854 ], [ 58303.354964121768717, 2828852.785125178750604 ], [ 58496.915786124998704, 2828701.999650030396879 ], [ 58828.972841037029866, 2828472.228496958501637 ], [ 59045.077866196341347, 2828301.827529637608677 ], [ 59284.091497942456044, 2828611.575275802519172 ], [ 59584.017482161230873, 2828385.107372899074107 ], [ 59347.84616926376475, 2828069.708035147748888 ], [ 59419.659006316855084, 2828016.249997091013938 ], [ 59576.281416589918081, 2827997.756305665709078 ], [ 59659.206856312055606, 2827945.043925370555371 ], [ 59653.315810140338726, 2827827.512673216871917 ], [ 59448.27712095080642, 2827569.946962245739996 ], [ 59314.296117280609906, 2827388.892866021953523 ], [ 59300.841006557806395, 2827378.230546398088336 ], [ 59470.189122381445486, 2827592.547271984163672 ], [ 59654.651835967961233, 2827837.464182585477829 ], [ 59659.097116138844285, 2827941.715690059587359 ], [ 59586.312875309027731, 2827996.314858962781727 ], [ 59427.750045794644393, 2828017.093686857260764 ], [ 59346.015605945780408, 2828075.321552931796759 ], [ 59586.104218072141521, 2828387.259783808607608 ], [ 59426.630637280642986, 2828502.472396361641586 ], [ 59268.532652615802363, 2828628.748246761038899 ], [ 59032.392642003658693, 2828314.463347286451608 ], [ 58828.972841037029866, 2828472.228496958501637 ], [ 58661.74453395238379, 2828596.59283251222223 ], [ 58496.532721123541705, 2828720.893138194922358 ], [ 58311.776052240049466, 2828863.612904034554958 ], [ 58116.536579773237463, 2829024.453219179529697 ], [ 58166.277069412404671, 2829096.109171612653881 ], [ 58170.653331795998383, 2829289.216065204236656 ], [ 58186.535990771546494, 2829586.342503713443875 ], [ 58194.469313400273677, 2829825.97872450761497 ], [ 58202.73385833913926, 2830075.59981863386929 ], [ 58214.15118411014555, 2830359.546525319572538 ], [ 58223.298889369470999, 2830635.793941020499915 ], [ 58234.644339959602803, 2830917.52185880439356 ], [ 58244.602103651850484, 2831218.17675809841603 ], [ 58268.804482977953739, 2831279.571247221436352 ], [ 58281.466189425904304, 2831540.153384504839778 ], [ 58054.624300318420865, 2831536.562619554344565 ], [ 57676.306630122708157, 2831553.548194675240666 ], [ 57287.996073525864631, 2831573.097637527156621 ], [ 57081.049961544456892, 2831592.186764570884407 ], [ 56241.012097841361538, 2831633.442305116448551 ], [ 55597.888300099119078, 2831657.080593357328326 ], [ 55068.578413489100058, 2831679.173470431007445 ], [ 54736.593099675315898, 2831695.807948699686676 ], [ 54150.985588248528074, 2831722.038814395200461 ], [ 53494.766017152694985, 2831746.21690016426146 ], [ 52769.088014624721836, 2831772.756767037790269 ], [ 52237.679493521049153, 2831792.811561950482428 ], [ 51589.801194103201851, 2831825.689649102278054 ], [ 51041.527443681552541, 2831704.183089428115636 ], [ 50617.372048924677074, 2831767.343241634778678 ] ] } },
{ "type": "Feature", "properties": { "route_name": "22_Primero de Mayo - Juárez", "route_name_short": "Primero de Mayo - Juárez", "route_type": 3 }, "geometry": { "type": "LineString", "coordinates": [ [ 51941.701772007392719, 2831981.582530713174492 ], [ 51836.159173081163317, 2831989.572496034670621 ], [ 51619.59324102033861, 2831992.410340112168342 ], [ 51393.966166940343101, 2831965.566330174915493 ], [ 50979.725305546133313, 2831873.987822618335485 ], [ 51008.836029859026894, 2831780.815006113611162 ], [ 51064.829078327689786, 2831707.841629809234291 ], [ 50892.921427242923528, 2831720.294565729796886 ], [ 50884.417813833104447, 2831677.261484897695482 ], [ 50986.418833119038027, 2831623.842736766673625 ], [ 51207.112589778611436, 2831234.315755888819695 ], [ 51530.246997851587366, 2831193.456724904477596 ], [ 51770.389128494192846, 2831142.0656006350182 ], [ 51846.372702270979062, 2831153.952034203335643 ], [ 51916.427983971952926, 2831169.370244150981307 ], [ 52043.116701869817916, 2831160.671897946856916 ], [ 52224.204641317541245, 2831061.289681137539446 ], [ 52457.544679771992378, 2830686.917528078425676 ], [ 52640.929049569997005, 2830415.302988185081631 ], [ 52645.96715632325504, 2830355.154819829389453 ], [ 52702.57059421663871, 2830299.942269531078637 ], [ 52704.217068962170742, 2830228.800634347833693 ], [ 52620.148607668466866, 2830096.110432322137058 ], [ 52533.198370485857595, 2830087.918620460666716 ], [ 52436.858521043672226, 2829980.076652820687741 ], [ 52477.10588954994455, 2829767.688475967384875 ], [ 52439.781748954730574, 2829766.718670987058431 ], [ 52425.271668000670616, 2829844.956315523013473 ], [ 52359.046028491924517, 2829913.821372004691511 ], [ 52323.728559292445425, 2830032.743572697974741 ], [ 51741.686735277005937, 2830107.819805073086172 ], [ 51605.442609787452966, 2830042.420593743212521 ], [ 51275.641268065955956, 2830005.744590125512332 ], [ 51442.576605727022979, 2830264.489376644138247 ], [ 51906.483438761322759, 2830483.267851924989372 ], [ 51906.483438761322759, 2830483.267851924989372 ], [ 51442.576605727022979, 2830264.489376644138247 ], [ 51275.641268065955956, 2830005.744590125512332 ], [ 51605.442609787452966, 2830042.420593743212521 ], [ 51741.686735277005937, 2830107.819805073086172 ], [ 52323.728559292445425, 2830032.743572697974741 ], [ 52359.046028491924517, 2829913.821372004691511 ], [ 52425.271668000670616, 2829844.956315523013473 ], [ 52439.781748954730574, 2829766.718670987058431 ], [ 52477.10588954994455, 2829767.688475967384875 ], [ 52436.858521043672226, 2829980.076652820687741 ], [ 52533.198370485857595, 2830087.918620460666716 ], [ 52620.148607668466866, 2830096.110432322137058 ], [ 52704.217068962170742, 2830228.800634347833693 ], [ 52702.57059421663871, 2830299.942269531078637 ], [ 52645.96715632325504, 2830355.154819829389453 ], [ 52640.929049569997005, 2830415.302988185081631 ], [ 52457.544679771992378, 2830686.917528078425676 ], [ 52224.204641317541245, 2831061.289681137539446 ], [ 52043.116701869817916, 2831160.671897946856916 ], [ 51916.427983971952926, 2831169.370244150981307 ], [ 51846.372702270979062, 2831153.952034203335643 ], [ 51770.389128494192846, 2831142.0656006350182 ], [ 51530.246997851587366, 2831193.456724904477596 ], [ 51207.112589778611436, 2831234.315755888819695 ], [ 50986.418833119038027, 2831623.842736766673625 ], [ 50884.417813833104447, 2831677.261484897695482 ], [ 50898.36329946940532, 2831702.339207697659731 ], [ 51054.389374768885318, 2831697.085557019803673 ], [ 51134.360407262283843, 2831707.72253488143906 ], [ 51064.661692697787657, 2832002.196864277590066 ], [ 51362.915084444975946, 2832061.024716079235077 ], [ 51623.398872217163444, 2832105.578373674303293 ], [ 51949.344550516514573, 2832089.067514077294618 ], [ 51941.701772007392719, 2831981.582530713174492 ] ] } },
{ "type": "Feature", "properties": { "route_name": "23_Puente Nazas - Dalias", "route_name_short": "Puente Nazas - Dalias", "route_type": 3 }, "geometry": { "type": "LineString", "coordinates": [ [ 57067.56566037365701, 2826751.274156321305782 ], [ 57137.677321373601444, 2826828.917164461221546 ], [ 57265.094409981858917, 2826932.427619540598243 ], [ 57186.292488343140576, 2827018.338112680241466 ], [ 57113.1284340278944, 2827091.845161881297827 ], [ 56934.187532986921724, 2827288.811425929423422 ], [ 56865.030318770150188, 2827331.089039895683527 ], [ 56726.718889777956065, 2827324.571336568333209 ], [ 56669.388710100320168, 2827267.608819923829287 ], [ 56543.219449140888173, 2827383.97349332459271 ], [ 56729.611264553503133, 2827624.353663572575897 ], [ 56794.724245158489794, 2827703.271090370137244 ], [ 56856.976163652259856, 2827756.738474977668375 ], [ 57064.745570472616237, 2828034.174470525700599 ], [ 57218.50155275920406, 2828172.350083716213703 ], [ 57419.964720945397858, 2828351.150364312808961 ], [ 57585.04539028723957, 2828496.728100818581879 ], [ 57363.864576791471336, 2828635.11575447069481 ], [ 56937.095720734621864, 2828925.825570178218186 ], [ 56556.334480913123116, 2829175.039874584414065 ], [ 56138.252898703329265, 2829453.275446936488152 ], [ 55998.323247572174296, 2829549.004975501913577 ], [ 55712.244617449410725, 2829735.1231653932482 ], [ 55610.741758717456833, 2829774.044503320939839 ], [ 55361.32045912562171, 2829456.921771783381701 ], [ 55081.02745455969125, 2829635.086998734157532 ], [ 54714.334114795550704, 2829881.673067695926875 ], [ 54219.154392810945865, 2830203.648490455001593 ], [ 54442.194433676311746, 2830544.95855067204684 ], [ 54173.114920235413592, 2830756.095908819232136 ], [ 54030.890804657537956, 2830903.020262458361685 ], [ 54084.550658707448747, 2831061.168091837316751 ], [ 54204.423764082370326, 2831421.472428816370666 ], [ 54212.238770585332531, 2831715.548154707998037 ], [ 53895.313257705478463, 2831730.589583018328995 ], [ 53571.006703195860609, 2831735.889266957063228 ], [ 53417.258690407383256, 2831748.812382315751165 ], [ 53097.16295588389039, 2831759.536190129350871 ], [ 52765.061637068982236, 2831772.891806772444397 ], [ 52363.504271012323443, 2831788.58713636174798 ], [ 52047.506715520517901, 2831801.420135687105358 ], [ 51572.241204946418293, 2831812.951212831772864 ], [ 51121.759886375279166, 2831722.586450492497534 ], [ 51104.875099095341284, 2831789.79996609641239 ], [ 51039.428336151409894, 2832090.796035062987357 ], [ 50965.04379205807345, 2832455.407225474715233 ], [ 50894.125248114170972, 2832743.260737543459982 ], [ 50877.76731424825266, 2832826.007952539250255 ], [ 50841.687417443841696, 2832891.647678428795189 ], [ 50762.018738973070867, 2832859.899035220500082 ], [ 50743.605099847889505, 2832881.624089647084475 ], [ 50791.834826930484269, 2832787.805580331478268 ], [ 50856.521857325104065, 2832464.616772798355669 ], [ 50939.215415085898712, 2832077.509472078178078 ], [ 50998.471033157315105, 2831772.277970229741186 ], [ 51088.465025088633411, 2831691.495408065151423 ], [ 51572.241204946418293, 2831812.951212831772864 ], [ 52047.059465625497978, 2831788.106300191953778 ], [ 52369.022443663619924, 2831772.851628579664975 ], [ 52774.495014393876772, 2831753.693059772718698 ], [ 53096.530848649912514, 2831740.675091882701963 ], [ 53418.491597104468383, 2831725.446021575946361 ], [ 53569.40582583489595, 2831718.171415308490396 ], [ 53893.230311431863811, 2831698.448660669382662 ], [ 54208.44014257035451, 2831692.350321661215276 ], [ 54204.423764082370326, 2831421.472428816370666 ], [ 54080.036760843300726, 2831076.868886619340628 ], [ 54030.890804657537956, 2830903.020262458361685 ], [ 54168.791669166705105, 2830747.354755399748683 ], [ 54433.992870838672388, 2830540.789659564383328 ], [ 54219.154392810945865, 2830203.648490455001593 ], [ 54714.334114795550704, 2829881.673067695926875 ], [ 55090.613952746090945, 2829620.328463302925229 ], [ 55349.054765445238445, 2829451.776969522237778 ], [ 55610.187601195124444, 2829757.40273717418313 ], [ 55729.552969321666751, 2829710.112013750243932 ], [ 56008.031676198879723, 2829507.587033664342016 ], [ 56127.558342276839539, 2829434.749664143193513 ], [ 56554.480037897475995, 2829149.556159755215049 ], [ 56918.274352431471925, 2828905.347697956953198 ], [ 57363.643890186503995, 2828628.459152162540704 ], [ 57556.979783651826438, 2828471.002476444002241 ], [ 57402.320351540111005, 2828366.173676675185561 ], [ 57218.50155275920406, 2828172.350083716213703 ], [ 57015.768547439714894, 2827985.819427526090294 ], [ 56841.652504680561833, 2827750.582954069133848 ], [ 56715.551987170358188, 2827625.930915170814842 ], [ 56537.472793577937409, 2827393.049574068747461 ], [ 56665.177049609192181, 2827262.195286368951201 ], [ 56727.357632401923183, 2827313.443539826199412 ], [ 56869.770320600422565, 2827322.046537245623767 ], [ 56934.187532986921724, 2827288.811425929423422 ], [ 57113.1284340278944, 2827091.845161881297827 ], [ 57186.292488343140576, 2827018.338112680241466 ], [ 57263.866915455029812, 2826925.80438714614138 ], [ 57137.677321373601444, 2826828.917164461221546 ], [ 57067.56566037365701, 2826751.274156321305782 ] ] } },
{ "type": "Feature", "properties": { "route_name": "24_Sur Jardines - Ferro - Prados", "route_name_short": "Sur Jardines - Ferro - Prados", "route_type": 3 }, "geometry": { "type": "LineString", "coordinates": [ [ 59336.428208296943922, 2827418.149513590149581 ], [ 59646.633888425596524, 2827838.839165881276131 ], [ 59657.193240938067902, 2827945.110319452825934 ], [ 59585.34265768842306, 2827997.457474532537162 ], [ 59423.832628873176873, 2828020.554790453054011 ], [ 59202.684630583622493, 2828191.114404160995036 ], [ 59057.415763232158497, 2828309.194491895381361 ], [ 58923.204595715273172, 2828395.813712225295603 ], [ 58766.152252845873591, 2828523.172145544085652 ], [ 58619.333676863578148, 2828624.650046808179468 ], [ 58512.457474750059191, 2828714.813340219203383 ], [ 58085.992198702413589, 2828162.495228537358344 ], [ 57569.120579550799448, 2828502.809023485518992 ], [ 57372.176285946799908, 2828642.614769413135946 ], [ 56940.975492138823029, 2828921.254165886901319 ], [ 56557.636080212367233, 2829183.881963533349335 ], [ 56145.300025386502966, 2829453.041092523839325 ], [ 56013.987991185858846, 2829535.155762461014092 ], [ 55725.895434216305148, 2829721.340566636063159 ], [ 55655.037166166177485, 2829772.569571298547089 ], [ 55633.166482479486149, 2829842.160017806570977 ], [ 55721.525073774682824, 2829983.606485733762383 ], [ 55272.869468286342453, 2830280.666013967245817 ], [ 54766.993848700250965, 2830614.085261763539165 ], [ 54511.492643151374068, 2830779.223336375784129 ], [ 54193.654227215389255, 2830978.661097567062825 ], [ 54151.889194372459315, 2831025.595927711110562 ], [ 54090.627549776108935, 2831062.075645030941814 ], [ 54204.052908330224454, 2831410.377772063948214 ], [ 54216.116745139355771, 2831710.975691938307136 ], [ 54103.416493458673358, 2831715.854403021745384 ], [ 53895.016330011596438, 2831721.713832273148 ], [ 53574.212182317744009, 2831741.335530440788716 ], [ 53409.057351274648681, 2831744.644175092689693 ], [ 53101.18932273570681, 2831759.401251432485878 ], [ 52772.070587558613624, 2831771.546008597128093 ], [ 52271.531326250580605, 2831780.567558181937784 ], [ 51937.787239877798129, 2831805.106388100422919 ], [ 51581.561815895896871, 2831820.412994329351932 ], [ 51420.168041964352597, 2831785.854408212471753 ], [ 51121.797233163903002, 2831723.695945459417999 ], [ 51084.003379156580195, 2831888.24884609458968 ], [ 51041.516233360103797, 2832092.947239071130753 ], [ 51021.168987572891638, 2832206.929339109454304 ], [ 50956.916546082182322, 2832453.459464044775814 ], [ 50920.474214190617204, 2832657.955486579332501 ], [ 50903.221504725690465, 2832744.065027166157961 ], [ 50889.023325079062488, 2832801.192025628872216 ], [ 50813.08728383394191, 2832820.412147740833461 ], [ 50741.218074730888475, 2832870.596944971010089 ], [ 50779.460251476324629, 2832809.327038020826876 ], [ 50814.746360280783847, 2832630.416519001591951 ], [ 50848.544111934665125, 2832467.107068510260433 ], [ 50916.818421355157625, 2832190.450162497349083 ], [ 50943.167047773604281, 2832075.154872609768063 ], [ 51002.572204461845104, 2831774.361388479825109 ], [ 51073.291035259782802, 2831689.784715179819614 ], [ 51406.522273920185398, 2831769.652234867680818 ], [ 51594.237269874545746, 2831807.768553053494543 ], [ 51948.337945143517572, 2831789.20151861384511 ], [ 52271.531326250580605, 2831780.567558181937784 ], [ 52772.630662321404088, 2831758.198495943564922 ], [ 53115.730479344609194, 2831742.253099404275417 ], [ 53413.384331198234577, 2831723.395626559387892 ], [ 53576.749092360842042, 2831726.811301214620471 ], [ 53891.588295796362218, 2831709.610697334632277 ], [ 54110.165797799185384, 2831706.743062603287399 ], [ 54206.723690348910168, 2831701.293349085841328 ], [ 54204.052908330224454, 2831410.377772063948214 ], [ 54090.627549776108935, 2831062.075645030941814 ], [ 54151.889194372459315, 2831025.595927711110562 ], [ 54193.654227215389255, 2830978.661097567062825 ], [ 54511.492643151374068, 2830779.223336375784129 ], [ 54762.745047260541469, 2830607.562887535896152 ], [ 55272.869468286342453, 2830280.666013967245817 ], [ 55721.525073774682824, 2829983.606485733762383 ], [ 55628.132939371862449, 2829842.327628368046135 ], [ 55642.476367160328664, 2829758.548950740601867 ], [ 55716.761114885390271, 2829719.423291879240423 ], [ 56011.568559878563974, 2829523.01882383460179 ], [ 56137.920841867337003, 2829443.290434130467474 ], [ 56558.94931121414993, 2829162.73568186769262 ], [ 56940.570466704491992, 2828909.050348887685686 ], [ 57363.423204066697508, 2828621.802549877204001 ], [ 57559.508041576482356, 2828486.467798298690468 ], [ 57941.238401168317068, 2828235.035598957911134 ], [ 57778.857549009146169, 2827988.295499254949391 ], [ 57909.863903680525254, 2827896.217217448167503 ], [ 58076.233342580904718, 2828141.71598842041567 ], [ 58198.948920575901866, 2828073.238384870812297 ], [ 58385.898111001064535, 2827965.986864514183253 ], [ 58670.252803777751978, 2827786.66015659738332 ], [ 58824.203323762805667, 2827687.170337689574808 ], [ 59143.387353014084511, 2827463.391106117516756 ], [ 59300.438391352887265, 2827366.02698578638956 ], [ 59649.434860356966965, 2827832.083105374127626 ], [ 59661.183891749067698, 2827943.868119841907173 ] ] } },
{ "type": "Feature", "properties": { "route_name": "25_Jacarandas - Canal Cuatro", "route_name_short": "Jacarandas - Canal Cuatro", "route_type": 3 }, "geometry": { "type": "LineString", "coordinates": [ [ 55816.387970819429029, 2838146.2134068030864 ], [ 55783.113274299597833, 2838145.103323141112924 ], [ 55753.346139814064372, 2837917.294481529388577 ], [ 55797.29821206635097, 2837815.864210458938032 ], [ 55969.366599439119454, 2837690.164735399652272 ], [ 56023.29564793111058, 2837646.158532116096467 ], [ 56061.948176114470698, 2837597.108949514571577 ], [ 56097.323507238470484, 2837540.394065223634243 ], [ 56130.767654926283285, 2837455.976569179911166 ], [ 56166.365817032055929, 2837405.918688327074051 ], [ 56239.09423025266733, 2837291.31334781460464 ], [ 56260.607330397586338, 2837241.725665150210261 ], [ 56272.850478461652528, 2837155.794584420043975 ], [ 56277.939824779867195, 2837066.770060659851879 ], [ 56257.815798997762613, 2836916.387992569711059 ], [ 56219.298995962890331, 2836697.75677874404937 ], [ 56187.336829723033588, 2836494.456547107547522 ], [ 56161.264142184983939, 2836437.570360875222832 ], [ 56125.277190327527933, 2836385.45756894769147 ], [ 56030.862656461074948, 2836303.083691848441958 ], [ 55956.756460694654379, 2836225.586216305848211 ], [ 55815.689615826064255, 2836103.674319166690111 ], [ 55771.391461519058794, 2836044.064602923579514 ], [ 55762.533587328973226, 2835989.936367153655738 ], [ 55763.6641036188812, 2835933.253423851914704 ], [ 55614.517321906925645, 2835931.567250838503242 ], [ 55537.820180089096539, 2835927.463608144316822 ], [ 55480.093483458738774, 2835918.284143886063248 ], [ 55310.053867485898081, 2835833.99669789802283 ], [ 55072.190438554505818, 2835920.804026909638196 ], [ 54618.315360100707039, 2836054.827097064815462 ], [ 54516.490934468223713, 2836112.659106492530555 ], [ 54426.040116523392498, 2836119.018627727404237 ], [ 54165.601768374617677, 2836193.271122650243342 ], [ 54155.050470295187552, 2836239.163846382405609 ], [ 54108.651875244802795, 2836237.38591835135594 ], [ 53980.559229316189885, 2836262.781124609522521 ], [ 53986.785039184964262, 2836238.136720288079232 ], [ 54055.023690464731771, 2836230.296775375492871 ], [ 54150.65674873359967, 2836198.214559023734182 ], [ 54291.274003784579691, 2836155.741070610936731 ], [ 54276.629302245331928, 2836139.570746723096818 ], [ 54234.964465632627252, 2836128.748105650302023 ], [ 54076.556907451769803, 2835910.799908883403987 ], [ 53990.737576154991984, 2835784.831714880652726 ], [ 53773.778649348940235, 2835473.325415826402605 ], [ 54191.248498598637525, 2835424.908974513877183 ], [ 54259.829096052388195, 2835397.066585551947355 ], [ 54305.22777410747949, 2835368.889821829274297 ], [ 54382.976963258581236, 2835344.073400639463216 ], [ 54388.346478172228672, 2835323.90092688286677 ], [ 54253.218261277943384, 2835199.581189124844968 ], [ 54071.019440428353846, 2835023.524228466674685 ], [ 54001.477143567113671, 2834962.542294475715607 ], [ 53776.7711419245461, 2834901.204979136586189 ], [ 53522.729425452300347, 2834836.411579634528607 ], [ 53321.164094739360735, 2834774.305391142144799 ], [ 53253.965874115063343, 2834693.254824862349778 ], [ 53140.064184473652858, 2834601.553248838055879 ], [ 53115.689142120012548, 2834565.717026457656175 ], [ 53018.373942412843462, 2834427.919801278971136 ], [ 52972.902393512194976, 2834363.91269144276157 ], [ 52891.504996400501113, 2834100.069262987934053 ], [ 52665.469688101264182, 2834179.854829327203333 ], [ 52530.23882864380721, 2834023.339802086353302 ], [ 52364.103526840743143, 2833816.769954206421971 ], [ 52675.063387253438123, 2833565.297456809785217 ], [ 52467.997212945192587, 2833310.116789400111884 ], [ 52361.609723530011252, 2833172.626405064016581 ], [ 52245.975295554322656, 2833029.893456658348441 ], [ 52196.544786222453695, 2832968.242070225067437 ], [ 52190.766706836700905, 2832946.221434438601136 ], [ 52184.653869643167127, 2832704.285888817161322 ], [ 52176.1554651496117, 2832511.302998856175691 ], [ 52171.421889370016288, 2832400.388244932517409 ], [ 52156.104772489517927, 2831974.379612211603671 ], [ 51853.271173725894187, 2831988.997350587975234 ], [ 51625.782019857259002, 2831996.645208382979035 ], [ 51498.429119053471368, 2831985.377871739212424 ], [ 51076.361428769887425, 2831900.724407396279275 ], [ 51037.788751403568313, 2832101.958784241229296 ], [ 50994.334460272162687, 2832307.800974971149117 ], [ 50991.501571895263623, 2832313.450158634688705 ], [ 51210.676581667445134, 2832358.275744820013642 ], [ 51411.619396895170212, 2832400.385867165401578 ], [ 51647.155571899085771, 2832422.452616353984922 ], [ 52064.839000305335503, 2832407.301201405003667 ], [ 52274.015784550923854, 2832394.720854612067342 ], [ 52282.737412361078896, 2832504.390815103892237 ], [ 52288.77363096823683, 2832714.117236390709877 ], [ 52297.942016692424659, 2832897.080812479835004 ], [ 52298.947638886922505, 2832987.016706409864128 ], [ 52247.801942207617685, 2833024.278402929194272 ], [ 52358.217588243132923, 2833161.632978541776538 ], [ 52478.248316102311946, 2833315.326214585453272 ], [ 52679.089226529176813, 2833565.162310235202312 ], [ 52370.179466706584208, 2833817.676561854314059 ], [ 52542.539528906578198, 2834029.591074691619724 ], [ 52665.469688101264182, 2834179.854829327203333 ], [ 52912.490817008365411, 2834094.922055937349796 ], [ 52984.979146098659839, 2834363.507419456262141 ], [ 53043.347571085207164, 2834421.528169554658234 ], [ 53141.743335405015387, 2834561.510738769546151 ], [ 53164.21721226547379, 2834600.7429562327452 ], [ 53264.849857082648668, 2834687.336132394615561 ], [ 53331.861981033987831, 2834762.839363845996559 ], [ 53539.577100502501708, 2834828.071741997729987 ], [ 53800.737598607258406, 2834894.848401138093323 ], [ 54001.814683410630096, 2834942.538121659308672 ], [ 54087.867071699467488, 2835015.185096008237451 ], [ 54269.059400407539215, 2835191.275953054893762 ], [ 54414.43622359825531, 2835320.806426349096 ], [ 54392.219364240649156, 2835349.317644883412868 ], [ 54309.550085032416973, 2835377.630833479110152 ], [ 54268.288066325942054, 2835409.001244190614671 ], [ 54199.818964650679845, 2835440.172004007268697 ], [ 53800.239972985407803, 2835481.324380412697792 ], [ 54001.472113526426256, 2835774.475647498853505 ], [ 54095.638812533346936, 2835909.050024379510432 ], [ 54247.002294490346685, 2836127.234276135917753 ], [ 54280.617141002148855, 2836138.326501891948283 ], [ 54291.274003784579691, 2836155.741070610936731 ], [ 54150.65674873359967, 2836198.214559023734182 ], [ 54055.023690464731771, 2836230.296775375492871 ], [ 53986.785039184964262, 2836238.136720288079232 ], [ 53980.559229316189885, 2836262.781124609522521 ], [ 54108.651875244802795, 2836237.38591835135594 ], [ 54155.050470295187552, 2836239.163846382405609 ], [ 54165.601768374617677, 2836193.271122650243342 ], [ 54426.040116523392498, 2836119.018627727404237 ], [ 54516.490934468223713, 2836112.659106492530555 ], [ 54618.315360100707039, 2836054.827097064815462 ], [ 55072.190438554505818, 2835920.804026909638196 ], [ 55310.948947591299657, 2835830.634708137717098 ], [ 55494.180992424779106, 2835917.813743837177753 ], [ 55616.418711496691685, 2835928.171700974460691 ], [ 55775.590970902529079, 2835928.412659167777747 ], [ 55776.398838107648771, 2835982.809526109602302 ], [ 55786.040753407462034, 2836030.247455400880426 ], [ 55825.418758796236943, 2836093.353460529819131 ], [ 55968.535041472292505, 2836216.307781429961324 ], [ 56042.604191674792673, 2836292.695866395719349 ], [ 56143.314939859556034, 2836382.634654682129622 ], [ 56172.894627869187389, 2836423.854291355237365 ], [ 56191.479925229155924, 2836467.661946929991245 ], [ 56232.231398299627472, 2836692.882789207156748 ], [ 56269.216594602738041, 2836926.003977943677455 ], [ 56288.001373688748572, 2837066.434536698274314 ], [ 56282.98595725663472, 2837157.67794913938269 ], [ 56271.859893579385243, 2837246.903810326941311 ], [ 56233.908508385240566, 2837317.032088804058731 ], [ 56170.76045449153753, 2837416.87895345594734 ], [ 56133.5942507746513, 2837480.317395291291177 ], [ 56106.563690717855934, 2837545.639188981149346 ], [ 56076.107859718205873, 2837598.857814241200686 ], [ 56030.560605567938183, 2837652.580208547413349 ], [ 55977.933935267850757, 2837705.428436479531229 ], [ 55800.835202975547872, 2837831.295805937144905 ], [ 55744.476546642603353, 2837923.144185912329704 ], [ 55781.847811182844453, 2838137.37072846153751 ], [ 55859.30157260625856, 2838405.793253815267235 ], [ 55954.269185503828339, 2838655.859847026877105 ], [ 56027.427147044800222, 2838765.59693393483758 ], [ 56167.956424536532722, 2838841.985876807942986 ], [ 56262.256910151161719, 2838861.052263183984905 ], [ 56277.817031398648396, 2838753.906924092210829 ], [ 56291.840289850835688, 2838691.240455999504775 ], [ 56303.797295644297265, 2838536.455926505848765 ], [ 56315.667602510482538, 2838439.430106151849031 ], [ 56081.917931293719448, 2838316.169343488290906 ], [ 55952.307654209143948, 2838204.984275745227933 ], [ 55861.846724947390612, 2838150.248780493624508 ], [ 55821.418361937801819, 2838146.045409578364342 ] ] } },
{ "type": "Feature", "properties": { "route_name": "26_Jacarandas - Villa Florida", "route_name_short": "Jacarandas - Villa Florida", "route_type": 3 }, "geometry": { "type": "LineString", "coordinates": [ [ 56264.867689602659084, 2838848.747561519965529 ], [ 56182.411047491012141, 2838852.6102907480672 ], [ 56149.804920889786445, 2838871.469724200200289 ], [ 55986.895370928628836, 2838728.07608505571261 ], [ 55932.290236605040263, 2838631.047873234376311 ], [ 55876.196685522038024, 2838519.630449438001961 ], [ 55810.503092995902989, 2838331.895850445143878 ], [ 55766.20078025967814, 2838121.232916981447488 ], [ 55748.669396414770745, 2838018.523874451871961 ], [ 55743.915110047266353, 2837936.491271014790982 ], [ 55760.061000615940429, 2837877.085228295065463 ], [ 55797.372309624392074, 2837818.083123002201319 ], [ 55827.30194618133828, 2837779.320135566405952 ], [ 55868.521211987303104, 2837746.844467427115887 ], [ 55971.452886382001452, 2837692.316478588152677 ], [ 56032.091486325312871, 2837638.090151672717184 ], [ 56082.003012489643879, 2837564.229743042495102 ], [ 56135.465154557256028, 2837445.823653887957335 ], [ 56197.007616199669428, 2837358.24765799799934 ], [ 56249.495697607286274, 2837270.974083767272532 ], [ 56266.355299240967724, 2837202.659976779483259 ], [ 56001.135833136562724, 2837072.671609310433269 ], [ 56001.993908584292512, 2837068.200220674742013 ], [ 56269.225732827209868, 2837198.121506325900555 ], [ 56269.97287781938212, 2837190.321792226750404 ], [ 56277.296436114062089, 2837107.886859617196023 ], [ 56273.367468228796497, 2837020.27377087296918 ], [ 56260.457078141160309, 2836935.181557537056506 ], [ 56219.44698336860165, 2836702.19458421645686 ], [ 56189.230945644900203, 2836521.049829510506243 ], [ 56175.30670991219813, 2836465.979897236451507 ], [ 56146.289316130802035, 2836411.413290575146675 ], [ 56092.264467078843154, 2836362.123476993758231 ], [ 55934.21242291276576, 2836214.120737474411726 ], [ 55824.035647052049171, 2836112.281340619083494 ], [ 55782.083243105269503, 2836062.589541264344007 ], [ 55763.68792656151345, 2835994.340607296675444 ], [ 55757.374069739249535, 2835895.699851052369922 ], [ 55692.34460693039, 2835878.988337848801166 ], [ 55451.152325424947776, 2835835.948447240050882 ], [ 55355.118935220758431, 2835795.838468506466597 ], [ 54995.811945307417773, 2835564.600395964924246 ], [ 54928.17338168702554, 2835530.208100085146725 ], [ 54844.619261910906062, 2835501.90170738613233 ], [ 54619.668420836387668, 2835432.785810203757137 ], [ 54385.661717925977428, 2835333.987163136713207 ], [ 54074.261346277256962, 2835030.07995681790635 ], [ 53993.500740995630622, 2834965.030853622592986 ], [ 53502.490752633544616, 2834833.757904389407486 ], [ 53346.918443260539789, 2834791.213257935829461 ], [ 53306.963405087066349, 2834771.449486174620688 ], [ 53247.21901459316723, 2834702.366935120895505 ], [ 53192.243898019427434, 2834655.339086158201098 ], [ 53139.430030770774465, 2834612.681796138640493 ], [ 53088.034258167608641, 2834522.215777391567826 ], [ 53020.610100916179363, 2834434.509136929642409 ], [ 52975.84599713596981, 2834391.582139331847429 ], [ 52936.152950478892308, 2834289.616376937832683 ], [ 52887.81444942537928, 2834110.189692189451307 ], [ 52886.734619126247708, 2834078.014762172941118 ], [ 52914.696777554578148, 2833920.463502914179116 ], [ 52940.274838161712978, 2833751.885169353336096 ], [ 52939.719176699290983, 2833675.263545419555157 ], [ 52933.385446895845234, 2833606.610888203140348 ], [ 52916.83823731681332, 2833533.857989558950067 ], [ 52833.75376642862102, 2833430.015802931971848 ], [ 52702.396473124623299, 2833268.925329718738794 ], [ 52558.958257696125656, 2833108.241191925015301 ], [ 52333.169632500736043, 2832925.887471001129597 ], [ 52213.581407507648692, 2832845.488521559629589 ], [ 52186.33092989953002, 2832814.192613950464875 ], [ 52177.012927084870171, 2832506.831243359483778 ], [ 52160.351895695494022, 2832190.830711206886917 ], [ 52155.098186548100784, 2831974.413420621771365 ], [ 51634.841330886993092, 2831996.340572976972908 ], [ 51554.015578035730869, 2831990.172731581609696 ], [ 51079.269180368573871, 2831897.294253585860133 ], [ 51035.588775695534423, 2832096.479092612396926 ], [ 50990.457631993282121, 2832312.374562181998044 ], [ 51410.500836016319226, 2832397.091258173808455 ], [ 51641.078911350516137, 2832421.546238149516284 ], [ 51946.997521430661436, 2832409.039699806366116 ], [ 52280.017840940272436, 2832393.408546609338373 ], [ 52282.28979957359843, 2832521.066890206653625 ], [ 52296.63736923201941, 2832888.238741403445601 ], [ 52577.261411650222726, 2833113.180387355852872 ], [ 52714.25083128514234, 2833261.863070394843817 ], [ 52829.98975946684368, 2833407.927517080679536 ], [ 52926.418924172525294, 2833519.09707847237587 ], [ 52944.57097825728124, 2833549.588467286899686 ], [ 52953.66341275832383, 2833610.373466507531703 ], [ 52957.723579778568819, 2833671.327295962721109 ], [ 52958.279133455827832, 2833747.94890516763553 ], [ 52930.948578520212322, 2833924.36107013002038 ], [ 52905.819338995497674, 2834076.263542850036174 ], [ 52907.682134675735142, 2834101.747811399400234 ], [ 52970.405578319856431, 2834349.557000628206879 ], [ 53034.476193342648912, 2834427.379484774544835 ], [ 53092.321678523439914, 2834499.857372099068016 ], [ 53148.972685207147151, 2834596.811470681335777 ], [ 53213.079966060991865, 2834645.754326070658863 ], [ 53319.860056431498379, 2834765.463327654171735 ], [ 53351.280512081808411, 2834771.073932874482125 ], [ 53527.277684509113897, 2834821.819722390267998 ], [ 53745.911575150501449, 2834882.246047587599605 ], [ 53977.476712245785166, 2834937.799629532732069 ], [ 54022.610268937016372, 2834961.834571192506701 ], [ 54076.908843028126284, 2835018.884166044183075 ], [ 54406.460016450029798, 2835323.294760006014258 ], [ 54548.637887965713162, 2835387.40152199473232 ], [ 54633.162817809788976, 2835414.56313172634691 ], [ 54859.342677404230926, 2835490.302424799650908 ], [ 54943.717676056781784, 2835513.027967167552561 ], [ 55011.541664734657388, 2835552.967656273860484 ], [ 55361.829271802736912, 2835785.618082498665899 ], [ 55449.738540222228039, 2835823.778013258241117 ], [ 55778.993253893509973, 2835879.428758198395371 ], [ 56070.761170837271493, 2835898.573816896416247 ], [ 56106.904626208823174, 2835925.135711298324168 ], [ 56170.230935353727546, 2836041.867489458527416 ], [ 56371.280237179948017, 2836361.706146571785212 ], [ 56800.539576599607244, 2837061.570390606299043 ], [ 56905.542517582071014, 2837220.231989980209619 ], [ 57029.789832358306739, 2837442.672357483766973 ], [ 56977.352235926489811, 2837471.074642272666097 ], [ 56942.138149238598999, 2837472.247337910346687 ], [ 56617.666023932455573, 2837407.530993083491921 ], [ 56606.300998273072764, 2837550.076897899154574 ], [ 56429.831224247289356, 2837513.753734103403986 ], [ 56373.788836878025904, 2837977.667283037211746 ], [ 56322.568574010510929, 2838404.768579803872854 ], [ 56294.464165873243473, 2838618.958206449635327 ], [ 56289.686623697692994, 2838656.88100087409839 ], [ 56447.102140380418859, 2838696.056702725123614 ], [ 56650.94879505323479, 2838708.140204177703708 ], [ 56631.451073635194916, 2838908.713225587736815 ], [ 56471.834995083336253, 2838894.044375907629728 ], [ 56418.220118035504129, 2838886.947457105387002 ], [ 56333.647229694761336, 2838857.559269670862705 ], [ 56267.885749766777735, 2838848.64684169087559 ] ] } },
{ "type": "Feature", "properties": { "route_name": "27_Jacarandas - Boulevard - Zona Industrial", "route_name_short": "Jacarandas - Boulevard - Zona Industrial", "route_type": 3 }, "geometry": { "type": "LineString", "coordinates": [ [ 59281.052131899981759, 2837446.760271730367094 ], [ 58627.826738600211684, 2837854.922753888182342 ], [ 58316.922536752827, 2837166.640539494343102 ], [ 57901.88392104342347, 2836649.528977394569665 ], [ 57879.379632452852093, 2836639.169991770759225 ], [ 57853.182357314741239, 2836638.929678148590028 ], [ 57761.415032954653725, 2836696.401297548785806 ], [ 57529.955772774701472, 2836824.04693762306124 ], [ 57191.303462762327399, 2837029.679048956837505 ], [ 56992.539804712636396, 2837140.69850156782195 ], [ 56974.088047219731379, 2837161.305010328069329 ], [ 56953.291586557403207, 2837171.993554509710521 ], [ 56920.421487111307215, 2837183.084195295814425 ], [ 56899.855337943648919, 2837170.440973303746432 ], [ 56892.894809969817288, 2837142.905878577847034 ], [ 56900.35280483571114, 2837124.886698450427502 ], [ 56920.964596895966679, 2837108.650850960053504 ], [ 56948.841108632390387, 2837098.83719465509057 ], [ 57133.103747000626754, 2837006.070523446891457 ], [ 57506.750420288764872, 2836792.609227979555726 ], [ 57759.497906101809349, 2836638.710574275813997 ], [ 57778.283362525107805, 2836628.09037554403767 ], [ 57781.202092830848414, 2836594.673536673653871 ], [ 57770.476767635322176, 2836575.038015163503587 ], [ 57750.953887997253332, 2836563.46947449631989 ], [ 57335.498247222451027, 2836398.464178765192628 ], [ 56970.184140305151232, 2836257.346399405505508 ], [ 56136.492592414084356, 2835936.366668216884136 ], [ 56054.283972756064031, 2835918.004961055703461 ], [ 55951.165903677523602, 2835907.005288155283779 ], [ 55759.46061480732169, 2835897.85160255106166 ], [ 55441.015654831076972, 2835834.065553506836295 ], [ 55406.358275528007653, 2835821.894586600828916 ], [ 55251.299747685610782, 2835733.77521647978574 ], [ 54999.94832123053493, 2835567.79424873739481 ], [ 54921.16646586015122, 2835531.553030738607049 ], [ 54850.805369475972839, 2835506.137696959543973 ], [ 54836.336915524036158, 2835555.492389841470867 ], [ 54772.347322171961423, 2835539.860771550796926 ], [ 54570.512464265455492, 2835679.896522874478251 ], [ 54493.396350788127165, 2835723.573030177503824 ], [ 54427.167752457782626, 2835731.342957551591098 ], [ 53998.564784341317136, 2835777.905194594059139 ], [ 53695.596343083074316, 2835845.815850456710905 ], [ 53452.308149523916654, 2835710.690696928650141 ], [ 53365.248937461583409, 2835638.08166662696749 ], [ 53300.849801676580682, 2835550.273324109613895 ], [ 53407.260418674908578, 2835478.949456468224525 ], [ 53446.475861926039215, 2835356.565258688759059 ], [ 53353.417087297653779, 2835225.288691334426403 ], [ 53226.591883336135652, 2835018.505124168936163 ], [ 53380.530391964653973, 2834922.262242394499481 ], [ 53413.107447072805371, 2834902.287490987218916 ], [ 53513.523459007206839, 2834832.277313130907714 ], [ 53325.450004627055023, 2834781.936724166385829 ], [ 53301.745541525480803, 2834766.070863817352802 ], [ 53234.658801662968472, 2834688.348805360496044 ], [ 53157.096726646763273, 2834628.750005329027772 ], [ 53122.732445803296287, 2834595.470361401792616 ], [ 53076.629011362907477, 2834512.601899540517479 ], [ 53019.492021861427929, 2834431.214469091501087 ], [ 52974.765137760725338, 2834389.396953028161079 ], [ 52935.03484495281009, 2834286.321711873169988 ], [ 52887.6655066346284, 2834105.751770777627826 ], [ 52887.405921152618248, 2834067.995662818197161 ], [ 52940.498194148705807, 2833758.542046688497066 ], [ 52937.073456184822135, 2833656.469929934013635 ], [ 52929.174905224354006, 2833571.208847255446017 ], [ 52908.600434462481644, 2833528.580738940276206 ], [ 52828.758655187557451, 2833431.294150661677122 ], [ 52618.414140232780483, 2833168.446253228466958 ], [ 52511.169380983687006, 2833065.416315375361592 ], [ 52414.099309117184021, 2832995.36731985816732 ], [ 52343.980019595008343, 2832947.739108720328659 ], [ 52302.191672629094683, 2832903.602490485180169 ], [ 52202.174230157630518, 2832835.875105492305011 ], [ 52187.449275666265748, 2832817.487256092950702 ], [ 52182.938727660337463, 2832773.209268168080598 ], [ 52183.386427213961724, 2832696.553302721120417 ], [ 52176.938385582005139, 2832504.612272008322179 ], [ 52164.713577700254973, 2832200.680839740671217 ], [ 52153.010485211678315, 2831972.262066779658198 ], [ 52154.128865247999784, 2831975.556714546866715 ], [ 51742.546419465099461, 2831992.719271214678884 ], [ 51620.749068983655889, 2831996.814452952239662 ], [ 51500.516942362766713, 2831987.529138664714992 ], [ 51288.42149406275712, 2831943.570445625577122 ], [ 51080.313137000659481, 2831898.369860188569874 ], [ 51037.788751403568313, 2832101.958784241229296 ], [ 50991.46420534158824, 2832312.34066193504259 ], [ 51303.058352414576802, 2832378.491974572185427 ], [ 51416.652206812228542, 2832400.216521051246673 ], [ 51639.065795633359812, 2832421.613942893687636 ], [ 51971.229421206517145, 2832410.446800430770963 ], [ 52277.035443027096335, 2832394.6194425704889 ], [ 52297.755683962081093, 2832891.533388137351722 ], [ 52424.9473284361884, 2832988.338619677349925 ], [ 52511.691615033545531, 2833050.959242874290794 ], [ 52629.411049005400855, 2833165.855640474241227 ], [ 52841.544907802017406, 2833421.979257653001696 ], [ 52925.375239945424255, 2833518.021366283297539 ], [ 52945.726326265430544, 2833553.992618421092629 ], [ 52956.158782012935262, 2833654.718872701283544 ], [ 52955.780951244407333, 2833763.582919495180249 ], [ 52909.063115479017142, 2834052.829361085779965 ], [ 52904.66288464772515, 2834101.849137196317315 ], [ 52981.997189771616831, 2834364.718216106295586 ], [ 53037.607049291371368, 2834430.606615267228335 ], [ 53088.333365400205366, 2834501.101913896389306 ], [ 53131.045386453275569, 2834572.976915929932147 ], [ 53246.437509082374163, 2834679.067908133845776 ], [ 53297.982230988680385, 2834743.982581325806677 ], [ 53332.122441192099359, 2834770.605701027438045 ], [ 53541.441041783778928, 2834823.56637209141627 ], [ 53432.414116006693803, 2834907.193714576773345 ], [ 53391.86067603842821, 2834929.657348101958632 ], [ 53240.755134900216945, 2835020.251430702395737 ], [ 53360.200882377859671, 2835217.286078016739339 ], [ 53450.389502009376884, 2835353.101837750989944 ], [ 53657.766968409297988, 2835318.380797348916531 ], [ 53668.352993413631339, 2835303.586588809732348 ], [ 53747.916899820847902, 2835423.099056269042194 ], [ 53809.182706687308382, 2835507.681949047371745 ], [ 53920.159792291466147, 2835662.795995989348739 ], [ 53992.304105781018734, 2835771.450634494423866 ], [ 54427.914107280434109, 2835723.543008434120566 ], [ 54503.162111681478564, 2835714.360570527147502 ], [ 54536.781566699151881, 2835695.464298374019563 ], [ 54561.307475545734633, 2835675.761662972159684 ], [ 54772.198921706934925, 2835535.422915980685502 ], [ 54832.163392942340579, 2835551.189118165522814 ], [ 54852.187369353021495, 2835487.209537043236196 ], [ 54935.444860829913523, 2835506.640288969967514 ], [ 55004.349355966667645, 2835548.765235090628266 ], [ 55256.781413051183335, 2835716.931630144361407 ], [ 55446.608621152408887, 2835820.550445503555238 ], [ 55753.651875701500103, 2835874.72094409679994 ], [ 56045.568026798719075, 2835898.303278534207493 ], [ 56119.660275396250654, 2835884.725716795772314 ], [ 56172.421388296119403, 2835926.283271254505962 ], [ 57000.222694704658352, 2836251.903915616683662 ], [ 57340.086431660340168, 2836384.983565175905824 ], [ 57815.607221391517669, 2836569.095802024938166 ], [ 57883.953438776894473, 2836564.603809554129839 ], [ 58202.380451733595692, 2836386.320391613058746 ], [ 58598.501765009830706, 2836151.047560746781528 ], [ 58636.787055407825392, 2836120.901168653275818 ], [ 58656.309502090502065, 2836132.470981245860457 ], [ 58656.186151815461926, 2836159.130620887503028 ], [ 58528.213770591013599, 2836248.894488530699164 ], [ 58397.678497278422583, 2836322.085147915408015 ], [ 58098.181199202605058, 2836494.181347428355366 ], [ 57915.575989335426129, 2836606.869058865588158 ], [ 57908.226855856657494, 2836628.215726762078702 ], [ 57909.970125332009047, 2836650.371013812255114 ], [ 58078.288724118552636, 2836865.80145235452801 ], [ 58318.787472098192666, 2837162.136011855211109 ], [ 58431.59879085351713, 2837404.956657597329468 ], [ 59123.147154157632031, 2837088.811940058600157 ], [ 59284.033659137261566, 2837445.550860121380538 ] ] } },
{ "type": "Feature", "properties": { "route_name": "28_Sur Panteones - Luisas", "route_name_short": "Sur Panteones - Luisas", "route_type": 3 }, "geometry": { "type": "LineString", "coordinates": [ [ 60936.575227046268992, 2827251.065882981289178 ], [ 60936.90340045542689, 2827261.050476989708841 ], [ 60681.602225653303321, 2827282.771389599423856 ], [ 60405.689453703467734, 2827290.737687095534056 ], [ 60313.62797526223585, 2827280.440286008175462 ], [ 59656.705943176988512, 2827196.570357976481318 ], [ 59444.954020491917618, 2827163.569649133831263 ], [ 59387.37951692356728, 2827159.915366947650909 ], [ 59397.22998936730437, 2827091.842643410898745 ], [ 59388.0041203397559, 2827056.607072333805263 ], [ 59641.671665244444739, 2826862.770377542823553 ], [ 59720.84434521215735, 2826971.222640409134328 ], [ 59570.156334251514636, 2827078.366215511225164 ], [ 59521.295018686389085, 2827094.415183434262872 ], [ 59457.861976928077638, 2827096.506813617888838 ], [ 59448.011213581834454, 2827164.57944874977693 ], [ 59249.566672100801952, 2827137.806526509579271 ], [ 58744.241085180779919, 2827066.748204065021127 ], [ 58506.37657860328909, 2827036.845236397348344 ], [ 58345.547627136227675, 2827019.948313741013408 ], [ 57902.891796936979517, 2826954.622832465451211 ], [ 57803.643366471456829, 2826910.149697101674974 ], [ 57607.717683865106665, 2826746.706853674259037 ], [ 57405.231075623189099, 2826567.934278127271682 ], [ 57359.441173003113363, 2826555.012581355404109 ], [ 57314.952128997771069, 2826550.933128648903221 ], [ 57256.623191975580994, 2826555.086925189010799 ], [ 57153.799259710649494, 2826646.23575329920277 ], [ 57028.443490525300149, 2826513.780416343826801 ], [ 56827.047241284046322, 2826702.605960550252348 ], [ 56664.645039888331667, 2826851.268528388813138 ], [ 56375.964803362381645, 2827112.971345720812678 ], [ 56088.523889109492302, 2827381.305313514079899 ], [ 55849.888648910506163, 2827601.376281663775444 ], [ 55681.577656574547291, 2827753.58333450043574 ], [ 55788.37382513290504, 2827873.315919511951506 ], [ 55796.196720282139722, 2827896.379904190544039 ], [ 55481.221665253688116, 2828184.529757631476969 ], [ 55189.832383378059603, 2828454.132844222243875 ], [ 55047.799648136598989, 2828577.708676603157073 ], [ 54898.610919117170852, 2828698.192997680045664 ], [ 54868.657673977722879, 2828736.955085069872439 ], [ 54858.84057092590956, 2828775.045878561213613 ], [ 54854.908350865822285, 2828838.486360084265471 ], [ 54835.771344289882109, 2828869.113122013397515 ], [ 54545.949721390497871, 2829094.255336489528418 ], [ 54292.165204795077443, 2829281.549135032575577 ], [ 54247.002529527409934, 2829317.488967410288751 ], [ 54221.864155193557963, 2829349.42811988433823 ], [ 54210.443707944883499, 2829399.791101028211415 ], [ 54189.344937866728287, 2829552.661956480238587 ], [ 54150.514468153123744, 2829627.265426393132657 ], [ 54069.395768709946424, 2829733.271037078928202 ], [ 53775.917839295114391, 2829938.565251715946943 ], [ 53729.752101923397277, 2829974.541048098355532 ], [ 53720.649620168027468, 2830003.723918026313186 ], [ 53727.543323108926415, 2830029.039696006570011 ], [ 53733.727130958170164, 2830063.264893673360348 ], [ 53811.505683138384484, 2830279.473588739987463 ], [ 53891.5925361419213, 2830504.490841052029282 ], [ 53960.79473126528319, 2830705.436529986094683 ], [ 54027.574126223451458, 2830894.245491921901703 ], [ 54176.551266284717713, 2831341.322626588866115 ], [ 54201.403948983701412, 2831421.57337125018239 ], [ 54214.14585010666633, 2831682.1632303702645 ], [ 54213.282442610536236, 2831716.623970567248762 ], [ 53888.230045401258394, 2831729.715835077222437 ], [ 53578.164248398214113, 2831738.981793168932199 ], [ 53200.990555321099237, 2831760.499810225330293 ], [ 52781.167146467952989, 2831772.351655177306384 ], [ 52356.681557264935691, 2831795.480572846252471 ], [ 51939.875002071144991, 2831807.257716885302216 ], [ 51609.746723715099506, 2831819.465221385937184 ], [ 51586.669454796123318, 2831822.462726082652807 ], [ 51329.013296821096446, 2831772.259895295836031 ], [ 51115.869576534780208, 2831727.227734664455056 ], [ 51034.95578412420582, 2832107.607948233373463 ], [ 50961.167025812494103, 2832459.980829739011824 ], [ 50898.11403457086999, 2832742.015590705443174 ], [ 50886.302774735318962, 2832810.169751117005944 ], [ 50811.148988542088773, 2832822.698984301183373 ], [ 50787.213428235671017, 2832800.179673802573234 ], [ 50781.545083409175277, 2832781.48779573617503 ], [ 50791.121428174898028, 2832736.734707209281623 ], [ 50816.49776177899912, 2832622.582194572780281 ], [ 50849.102107698039617, 2832453.759177770931274 ], [ 50931.386889681743924, 2832084.437669296748936 ], [ 50991.27736846456537, 2831798.067535860929638 ], [ 51026.878379264438991, 2831747.995672579389066 ], [ 51073.51513742847601, 2831696.441687570419163 ], [ 51326.477451023471076, 2831756.794729858636856 ], [ 51551.773299988766667, 2831803.642823865171522 ], [ 51602.364724042068701, 2831809.716744461096823 ], [ 51935.475795850390568, 2831796.298135454300791 ], [ 52355.079039163130801, 2831777.762630020733923 ], [ 52777.849686892994214, 2831763.577097041532397 ], [ 53204.645178673090413, 2831749.270149332005531 ], [ 53571.753290728956927, 2831728.089265062473714 ], [ 53892.631998423894402, 2831710.686492020264268 ], [ 54185.511245036148466, 2831699.78108977060765 ], [ 54208.551410758052953, 2831695.678719284012914 ], [ 54196.445096309122164, 2831423.960541678126901 ], [ 54174.83473935269285, 2831350.265651048161089 ], [ 54026.005944875301793, 2830907.626404768321663 ], [ 53951.475103167118505, 2830697.973181714769453 ], [ 53883.279423737665638, 2830496.99385504052043 ], [ 53802.556727448420133, 2830283.104977015405893 ], [ 53730.818306285713334, 2830066.694304605480283 ], [ 53720.459209053718951, 2830028.165904766414315 ], [ 53719.420274738920853, 2829997.100772214587778 ], [ 53726.472217659465969, 2829966.875767644960433 ], [ 53769.469413993821945, 2829926.563079749699682 ], [ 54007.571466984925792, 2829753.108251957688481 ], [ 54007.762512025015894, 2829728.66635449975729 ], [ 53834.83205950295087, 2829500.087258115410805 ], [ 54004.064009774650913, 2829376.696518703829497 ], [ 54130.823152769065928, 2829279.162589188665152 ], [ 54237.819091393321287, 2829193.397162257228047 ], [ 54487.688906636554748, 2829009.565265378449112 ], [ 54853.07477806211682, 2828723.035661151632667 ], [ 54898.204062398057431, 2828685.988972631283104 ], [ 55180.327499548555352, 2828441.121260507032275 ], [ 55462.877030512609053, 2828178.476335338782519 ], [ 55785.648466612852644, 2827882.291967769153416 ], [ 56089.745996365498286, 2827600.066676103975624 ], [ 56262.053663852042519, 2827446.62250137841329 ], [ 56448.695052228868008, 2827269.381392072420567 ], [ 56573.256213750166353, 2827165.286562201101333 ], [ 57047.772035411035176, 2826731.938550788909197 ], [ 57149.183219768572599, 2826628.618297534063458 ], [ 57227.385197014140431, 2826554.945054234471172 ], [ 57265.134269248868804, 2826538.145167852751911 ], [ 57306.271789559512399, 2826532.339648847933859 ], [ 57360.867044785583857, 2826537.194959825370461 ], [ 57408.854609528847504, 2826555.597124069463462 ], [ 57616.302454523800407, 2826731.984221962280571 ], [ 57804.099491841741838, 2826893.474949737079442 ], [ 57901.334225694008637, 2826938.014742545317858 ], [ 58356.33004138211254, 2827010.706787640228868 ], [ 58517.195725683064666, 2827028.713275249581784 ], [ 58750.025891361467075, 2827058.782730720471591 ], [ 59258.262516474351287, 2827126.41341020911932 ], [ 59387.910705721122213, 2827145.459781318437308 ], [ 59396.113346610276494, 2827088.547610453795642 ], [ 59454.91452404379379, 2827098.825248477514833 ], [ 59449.622507414140273, 2827152.309496826957911 ], [ 59468.789616688271053, 2827152.788045229855925 ], [ 59658.207706574641634, 2827180.972224516328424 ], [ 60316.173825720848981, 2827265.918599274009466 ], [ 60590.584584090160206, 2827273.54839902697131 ], [ 60937.582073169236537, 2827251.032790077850223 ] ] } },
{ "type": "Feature", "properties": { "route_name": "29_Sur Panteones - Dalias", "route_name_short": "Sur Panteones - Dalias", "route_type": 3 }, "geometry": { "type": "LineString", "coordinates": [ [ 60933.955792385328095, 2827263.368555140681565 ], [ 60596.056733724486548, 2827286.69563357392326 ], [ 60398.605002088705078, 2827289.86021879222244 ], [ 60262.095977620920166, 2827276.583512160927057 ], [ 59981.589873337070458, 2827236.953408926725388 ], [ 59653.53907281497959, 2827192.232280546333641 ], [ 59322.464071660884656, 2827147.618508243467659 ], [ 59054.104839872743469, 2827109.827310965862125 ], [ 58742.190673906065058, 2827065.70529755577445 ], [ 58566.112924699613359, 2827044.866990061011165 ], [ 58365.685463664180133, 2827019.282608701847494 ], [ 57904.86888917820761, 2826953.44676796765998 ], [ 57822.061415293428581, 2826918.425270217005163 ], [ 57793.390706007368863, 2826904.935817010700703 ], [ 57711.274243860098068, 2826829.908817964140326 ], [ 57433.043014898954425, 2826585.894133121706545 ], [ 57400.159646409680136, 2826566.991607651114464 ], [ 57359.257420580892358, 2826549.46542156022042 ], [ 57264.715461784100626, 2826555.929455615580082 ], [ 57212.377058291109279, 2826588.761909605935216 ], [ 57055.041201548301615, 2826738.361496687401086 ], [ 57131.45193615363678, 2826823.570244811940938 ], [ 57261.250590121024288, 2826938.108252656646073 ], [ 57151.404589395271614, 2827060.588678708765656 ], [ 57075.146714163362049, 2827131.977262414526194 ], [ 57009.855106061731931, 2827199.670815020333976 ], [ 56928.330196738650557, 2827294.558983531780541 ], [ 56878.119819003972225, 2827330.654830676503479 ], [ 56836.874349650344811, 2827333.133741110097617 ], [ 56742.976328896998893, 2827328.474514656234533 ], [ 56718.626980651752092, 2827323.729193015024066 ], [ 56575.748737668676767, 2827179.642437119968235 ], [ 56200.045974053733516, 2827521.98660801211372 ], [ 55900.94186494324822, 2827802.931928757112473 ], [ 55628.934389714966528, 2828049.664261021185666 ], [ 55522.400933093740605, 2828149.838675090577453 ], [ 55325.826749050291255, 2828330.760088433977216 ], [ 54989.055016196449287, 2828629.647460824344307 ], [ 54877.20102875190787, 2828721.120582194533199 ], [ 54863.919595932471566, 2828745.998580912593752 ], [ 54851.251110599725507, 2828849.715213206131011 ], [ 54834.83854322967818, 2828871.365608614869416 ], [ 54627.402341442764737, 2829028.227946957573295 ], [ 54460.396730094624218, 2829158.198832855094224 ], [ 54335.108822785317898, 2828997.997690274380147 ], [ 53929.988503609783947, 2829301.422489925287664 ], [ 53855.254090772883501, 2829357.23412676109001 ], [ 53975.623575905920006, 2829520.92781011806801 ], [ 54103.259929091378581, 2829691.043512435164303 ], [ 54054.739630572847091, 2829747.08921658154577 ], [ 53778.93800480797654, 2829938.464262071065605 ], [ 53730.647511652088724, 2829971.178974266164005 ], [ 53723.41004262160277, 2829995.856630862224847 ], [ 53728.550038654648233, 2830029.006028057076037 ], [ 53735.517931521928404, 2830056.540744550991803 ], [ 53841.097921815235168, 2830350.680107183288783 ], [ 53934.075170801195782, 2830629.6910789757967 ], [ 54026.530386862170417, 2830893.169679960701615 ], [ 54081.567848381760996, 2831062.378516015596688 ], [ 54175.80426313233329, 2831349.122536389622837 ], [ 54202.188039399683475, 2831414.882929523475468 ], [ 54206.357512306829449, 2831449.175423402804881 ], [ 54211.417635511083063, 2831721.12913411622867 ], [ 54181.331439380533993, 2831725.467071523889899 ], [ 53899.228250944986939, 2831727.126480583567172 ], [ 53583.420041018049233, 2831745.470133695751429 ], [ 53421.359357826062478, 2831750.896487538237125 ], [ 53090.079630085325334, 2831758.662859354168177 ], [ 52781.092727709910832, 2831770.132696463726461 ], [ 52369.692832652712241, 2831792.822326990310103 ], [ 52043.554857072536834, 2831803.774367609061301 ], [ 51631.966615235956851, 2831820.939565178006887 ], [ 51578.504693714203313, 2831819.405054251197726 ], [ 51439.592170452757273, 2831794.086981652770191 ], [ 51114.750918108620681, 2831723.933133878279477 ], [ 51034.544826825731434, 2832095.403491008095443 ], [ 50962.955924271605909, 2832453.256039051804692 ], [ 50899.083195726328995, 2832740.872180746402591 ], [ 50887.979405012330972, 2832800.116440980229527 ], [ 50813.274229437927715, 2832825.959641840308905 ], [ 50789.226505669765174, 2832800.111831762362272 ], [ 50784.11601450300077, 2832768.072043512947857 ], [ 50784.041233115422074, 2832765.853045418392867 ], [ 50811.951024673588108, 2832637.175262737087905 ], [ 50852.084420088038314, 2832452.547942320816219 ], [ 50936.865924620360602, 2832067.591802222654223 ], [ 50993.477386174490675, 2831803.547228265553713 ], [ 51001.565590553334914, 2831774.395281889941543 ], [ 51074.596457093080971, 2831698.626791251357645 ], [ 51438.100384717341512, 2831779.697445838712156 ], [ 51577.124987250717822, 2831808.343997196760029 ], [ 51629.580349531199317, 2831809.912355449516326 ], [ 52034.160008206148632, 2831794.093327824957669 ], [ 52362.16247346176533, 2831778.635577216744423 ], [ 52764.615109150356147, 2831759.578052701894194 ], [ 53084.67483236384578, 2831747.736772246658802 ], [ 53411.8170245878282, 2831736.776728427037597 ], [ 53582.788625523098744, 2831726.609113380778581 ], [ 53894.904982350359205, 2831718.385425753891468 ], [ 54182.714042571024038, 2831706.538842485751957 ], [ 54206.76078000839334, 2831702.402814983855933 ], [ 54200.021203933865763, 2831440.50158401299268 ], [ 54174.908913453400601, 2831352.484582839533687 ], [ 54070.123965709237382, 2831051.654033828061074 ], [ 54015.049243092827965, 2830881.335752221290022 ], [ 53835.317484200466424, 2830358.648363990243524 ], [ 53730.632782933942508, 2830061.146959793753922 ], [ 53721.651449428347405, 2830033.679581391625106 ], [ 53715.282087685191073, 2829993.907038672361523 ], [ 53730.202273230475839, 2829957.865347707644105 ], [ 53777.337702974153217, 2829920.746430709026754 ], [ 54005.669231853913516, 2829756.503937994595617 ], [ 54005.749041720700916, 2829728.733641623519361 ], [ 53957.02900274755666, 2829658.166006879415363 ], [ 53833.788217551074922, 2829499.011444663163275 ], [ 53907.51488864683779, 2829443.233197542373091 ], [ 54220.067685355490539, 2829205.096974082756788 ], [ 54393.185580611228943, 2829077.139935918152332 ], [ 54550.494186705444008, 2828958.598814403172582 ], [ 54707.916477860009763, 2828843.388341211248189 ], [ 54861.914051141648088, 2828716.076804652344435 ], [ 54978.617149843892548, 2828618.888476471416652 ], [ 55310.354883293155581, 2828320.168497412931174 ], [ 55504.915408134984318, 2828139.313876868691295 ], [ 55615.476239770534448, 2828039.005304021760821 ], [ 55881.627069929498248, 2827798.020813092589378 ], [ 56188.601698627113365, 2827511.260164042003453 ], [ 56569.265437283436768, 2827166.52968831313774 ], [ 56720.567124272405636, 2827321.443491634912789 ], [ 56774.152987257111818, 2827326.329391120001674 ], [ 56835.720242439012509, 2827328.729394423309714 ], [ 56870.924416223948356, 2827326.45088528143242 ], [ 56906.473080272844527, 2827304.169209229759872 ], [ 56928.969111415091902, 2827283.431221429724246 ], [ 57012.544685367902275, 2827189.585727138444781 ], [ 57056.273152510984801, 2827140.377603143919259 ], [ 57148.236781236308161, 2827056.251071415375918 ], [ 57252.225164939591195, 2826939.517991775181144 ], [ 57120.302266101061832, 2826821.718511181883514 ], [ 57044.824810267484281, 2826734.257563687395304 ], [ 57202.983750382671133, 2826579.077313060872257 ], [ 57229.399075582681689, 2826554.878323761280626 ], [ 57257.189024188148323, 2826541.740367236547172 ], [ 57308.285669806820806, 2826532.272930779494345 ], [ 57353.671467633394059, 2826532.990719008259475 ], [ 57396.587624934501946, 2826550.450190985109657 ], [ 57432.491843455121852, 2826569.252663678955287 ], [ 57715.081546635134146, 2826823.118918065913022 ], [ 57807.010058976884466, 2826890.046689342707396 ], [ 57854.319096004182938, 2826918.468355572782457 ], [ 57909.426159730413929, 2826938.857622955460101 ], [ 58372.440320147026796, 2827010.174235810060054 ], [ 58575.961860338225961, 2827037.877771207597107 ], [ 58751.069418308499735, 2827059.858894287608564 ], [ 59061.903537696984131, 2827101.79552922071889 ], [ 59327.242259006889071, 2827139.686541792470962 ], [ 59656.230544810125139, 2827182.148013171739876 ], [ 59994.313605299801566, 2827225.428191506769508 ], [ 60269.603000330156647, 2827259.677278701681644 ], [ 60382.991123768500984, 2827274.825574314687401 ], [ 60766.600499983062036, 2827262.206685227807611 ], [ 60934.59799860190833, 2827252.241468366701156 ], [ 60935.933018944808282, 2827262.192969399970025 ] ] } },
{ "type": "Feature", "properties": { "route_name": "30_Parque Fundadores - Vicente Guerrero", "route_name_short": "Parque Fundadores - Vicente Guerrero", "route_type": 3 }, "geometry": { "type": "LineString", "coordinates": [ [ 50794.069256420247257, 2832764.404340755660087 ], [ 50818.623022410145495, 2832625.84285672288388 ], [ 50858.161185478442349, 2832453.453967896755785 ], [ 50939.439619405253325, 2832084.166454051155597 ], [ 50963.887730753980577, 2831972.267569183371961 ], [ 51064.736404249968473, 2832004.415855767205358 ], [ 51370.185189342184458, 2832067.444590199738741 ], [ 51553.459582677227445, 2832093.490828024689108 ], [ 51741.01969661709154, 2832097.180475988425314 ], [ 51953.259019518620335, 2832085.603751276154071 ], [ 51941.850924232741818, 2831806.080584014765918 ], [ 51934.991350798343774, 2831691.904861266724765 ], [ 51940.732896166446153, 2831652.836057998239994 ], [ 51983.571536433941219, 2831458.128238581586629 ], [ 52039.346369255916215, 2831438.482903545722365 ], [ 52320.761652177141514, 2831235.765924484934658 ], [ 52333.065964616718702, 2831212.027545478660613 ], [ 52367.4034805909032, 2831214.207296420820057 ], [ 52506.428373303788248, 2831272.853832594119012 ], [ 52745.626903613854665, 2831373.681763528846204 ], [ 52914.60084102867404, 2831243.615169188473374 ], [ 53071.795655232272111, 2831122.831769258249551 ], [ 53163.929599243507255, 2831045.326681929640472 ], [ 53168.597517894464545, 2830974.084227797109634 ], [ 53100.724411457835231, 2830783.092586886137724 ], [ 53044.440676943981089, 2830637.252295173238963 ], [ 52908.556065948912874, 2830461.868343913462013 ], [ 52948.269064239459112, 2830413.887267515063286 ], [ 53047.030292614828795, 2830473.889545943588018 ], [ 53319.568599785969127, 2830275.940413802862167 ], [ 53499.413964945124462, 2830138.856703248340636 ], [ 53704.509897135547362, 2829973.163814150262624 ], [ 53595.881624801782891, 2829829.072618807666004 ], [ 53412.505366666591726, 2829589.740124717820436 ], [ 53646.848543691274244, 2829394.190833796281368 ], [ 53873.700407341355458, 2829215.557876375503838 ], [ 54199.198988126008771, 2828972.54668741626665 ], [ 54199.198988126008771, 2828972.54668741626665 ], [ 54271.816235054051504, 2829064.53139918576926 ], [ 54029.299723733216524, 2829227.018982845358551 ], [ 54136.802125732472632, 2829397.808037078939378 ], [ 53908.907337634125724, 2829575.360694711096585 ], [ 53841.020933575578965, 2829504.323205150198191 ], [ 53472.916182635352015, 2829798.754334440454841 ], [ 53521.522869796608575, 2829895.981498881708831 ], [ 53620.831426437420305, 2830032.608932208735496 ], [ 53499.413964945124462, 2830138.856703248340636 ], [ 53319.568599785969127, 2830275.940413802862167 ], [ 53047.030292614828795, 2830473.889545943588018 ], [ 52948.269064239459112, 2830413.887267515063286 ], [ 52908.556065948912874, 2830461.868343913462013 ], [ 53044.440676943981089, 2830637.252295173238963 ], [ 53100.724411457835231, 2830783.092586886137724 ], [ 53168.597517894464545, 2830974.084227797109634 ], [ 53163.929599243507255, 2831045.326681929640472 ], [ 53071.795655232272111, 2831122.831769258249551 ], [ 52914.60084102867404, 2831243.615169188473374 ], [ 52745.626903613854665, 2831373.681763528846204 ], [ 52712.631535338121466, 2831381.452668234705925 ], [ 52519.401367023412604, 2831299.076102911494672 ], [ 52383.582891916623339, 2831245.875542499590665 ], [ 52321.320248161908239, 2831252.408173086121678 ], [ 52055.862325441092253, 2831450.146278515923768 ], [ 51987.075938569789287, 2831472.450117436237633 ], [ 51979.581731081765611, 2831519.3529013232328 ], [ 52042.250983135192655, 2831704.962458107620478 ], [ 52049.445374501578044, 2831799.133533968124539 ], [ 52058.986801457591355, 2832143.141942761372775 ], [ 52066.47951308946358, 2832306.168823685031384 ], [ 51738.339893382042646, 2832317.197830380406231 ], [ 51537.398896472004708, 2832305.072900830768049 ], [ 51328.888261277112179, 2832277.655146867968142 ], [ 51021.355800140532665, 2832212.476820764131844 ], [ 50990.831298988079652, 2832323.469529306516051 ], [ 50970.784206020936836, 2832446.327827945351601 ], [ 50917.043413662526291, 2832645.852740621194243 ], [ 50892.267231136967894, 2832807.747274097520858 ], [ 50803.991061489563435, 2832819.607926222030073 ], [ 50787.808668424084317, 2832787.941263379529119 ] ] } },
{ "type": "Feature", "properties": { "route_name": "31_Polvorera - El Roble", "route_name_short": "Polvorera - El Roble", "route_type": 3 }, "geometry": { "type": "LineString", "coordinates": [ [ 53029.158553705026861, 2835139.535319375805557 ], [ 52999.713289028441068, 2835162.738281939178705 ], [ 52826.027376287616789, 2835150.797857966274023 ], [ 52851.377481470932253, 2834855.602576018776745 ], [ 52770.498929167690221, 2834667.272179664112628 ], [ 52592.89396080741426, 2834388.888717574533075 ], [ 52447.972329152806196, 2834243.807529758661985 ], [ 52659.319439931889065, 2834176.729149101302028 ], [ 52373.236073248961475, 2833818.684609142132103 ], [ 52257.755004571052268, 2833680.390239030588418 ], [ 52043.26271969859954, 2833414.357044529169798 ], [ 51993.57108717225492, 2833344.940035270527005 ], [ 51890.054071680293418, 2833412.843597263097763 ], [ 51736.510371963086072, 2833431.336587758734822 ], [ 51510.350785851711407, 2833447.832137807738036 ], [ 51491.361778574238997, 2833183.002100617624819 ], [ 51489.264580641174689, 2833000.909820940811187 ], [ 51299.032955487433355, 2833007.312660702504218 ], [ 51267.071899252478033, 2832806.231789989862591 ], [ 51507.146328714094125, 2832753.72193665150553 ], [ 51523.398849389748648, 2832727.627906767185777 ], [ 51510.199195952503942, 2832664.759371333289891 ], [ 51502.182853003207128, 2832636.149631370790303 ], [ 51514.405549728835467, 2832520.220633390359581 ], [ 51526.77796615997795, 2832408.729660030920058 ], [ 51543.397794249467552, 2832213.789877341594547 ], [ 51564.864200144889764, 2831983.143395324703306 ], [ 51502.231574576930143, 2831978.585489884018898 ], [ 51297.294197752664331, 2831937.718118476681411 ], [ 51186.641324230644386, 2831913.673356606625021 ], [ 51226.300118846003897, 2831744.615188422147185 ], [ 51060.802605298056733, 2831707.977182112634182 ], [ 50892.958793046651408, 2831721.404062857385725 ], [ 50881.28584784589475, 2831674.034697315655649 ], [ 50966.996131128573325, 2831645.601041173096746 ], [ 51210.020551040885039, 2831230.885659424122423 ], [ 51238.726959616527893, 2831185.489808317273855 ], [ 51005.545794071920682, 2831024.502826740033925 ], [ 50906.888284334447235, 2830967.84331474872306 ], [ 50729.398793575179297, 2830755.001001258380711 ], [ 50611.194866129022557, 2830626.80212101759389 ], [ 50574.537507337343413, 2830555.837664816528559 ], [ 50510.845480223710183, 2830460.23655765177682 ], [ 50445.206205728463829, 2830276.951197260525078 ], [ 50390.717215168813709, 2830125.502232651226223 ], [ 50331.049354062939528, 2830029.765850597526878 ], [ 50537.352230980060995, 2829930.622756627388299 ], [ 50610.656754297786392, 2829892.60983185749501 ], [ 50548.229124835110269, 2829774.750410381238908 ], [ 50512.20103796350304, 2829662.666523766703904 ], [ 50512.20103796350304, 2829662.666523766703904 ], [ 50548.229124835110269, 2829774.750410381238908 ], [ 50610.656754297786392, 2829892.60983185749501 ], [ 50537.352230980060995, 2829930.622756627388299 ], [ 50331.049354062939528, 2830029.765850597526878 ], [ 50390.717215168813709, 2830125.502232651226223 ], [ 50445.206205728463829, 2830276.951197260525078 ], [ 50510.845480223710183, 2830460.23655765177682 ], [ 50574.537507337343413, 2830555.837664816528559 ], [ 50611.194866129022557, 2830626.80212101759389 ], [ 50729.398793575179297, 2830755.001001258380711 ], [ 50906.888284334447235, 2830967.84331474872306 ], [ 51005.545794071920682, 2831024.502826740033925 ], [ 51238.726959616527893, 2831185.489808317273855 ], [ 51212.108520084118936, 2831233.03690370824188 ], [ 50973.967783378669992, 2831643.144788070116192 ], [ 50881.28584784589475, 2831674.034697315655649 ], [ 50895.903919310600031, 2831719.083365794736892 ], [ 50603.204604618076701, 2831765.599163205362856 ], [ 50595.712522835936397, 2831782.513053234666586 ], [ 50660.627720965596382, 2831854.746359211392701 ], [ 50729.977156630251557, 2831909.058322049211711 ], [ 50803.272546772437636, 2831901.03520469693467 ], [ 50857.522045410412829, 2831955.856375704053789 ], [ 50967.019619226688519, 2831975.494363947305828 ], [ 51066.562817926576827, 2831998.800594825763255 ], [ 51370.185189342184458, 2832067.444590199738741 ], [ 51628.282540391082875, 2832100.9711620262824 ], [ 51634.958740119356662, 2832209.599682866130024 ], [ 51645.179770243063103, 2832423.629810820799321 ], [ 51653.496188104094472, 2832521.09572449978441 ], [ 51652.864714445255231, 2832592.204685331787914 ], [ 51653.761292442097329, 2832648.822565242182463 ], [ 51661.853957727376837, 2832739.631534998770803 ], [ 51666.966539330314845, 2832891.631771034561098 ], [ 51486.836295926535968, 2832898.802636330015957 ], [ 51484.415597958024591, 2832946.646294622682035 ], [ 51489.264580641174689, 2833000.909820940811187 ], [ 51491.361778574238997, 2833183.002100617624819 ], [ 51510.350785851711407, 2833447.832137807738036 ], [ 51736.510371963086072, 2833431.336587758734822 ], [ 51890.054071680293418, 2833412.843597263097763 ], [ 51993.57108717225492, 2833344.940035270527005 ], [ 52043.26271969859954, 2833414.357044529169798 ], [ 52257.755004571052268, 2833680.390239030588418 ], [ 52373.236073248961475, 2833818.684609142132103 ], [ 52210.268033193424344, 2833946.3420514697209 ], [ 52305.768157663114835, 2834029.770252932328731 ], [ 52475.480939987872262, 2834222.89011925784871 ], [ 52601.988810066191945, 2834389.69398451410234 ], [ 52770.498929167690221, 2834667.272179664112628 ], [ 52843.290563117829151, 2834794.783828432671726 ], [ 52867.14273415657226, 2834905.056209304369986 ], [ 52853.869554612436332, 2835139.866350683849305 ], [ 52849.506327882467303, 2835309.954961351118982 ], [ 53005.819105458271224, 2835434.662296794820577 ], [ 53154.198210985283367, 2835323.052034003660083 ], [ 53029.158553705026861, 2835139.535319375805557 ] ] } },
{ "type": "Feature", "properties": { "route_name": "34_San Joaquín - Carranza - Cd. Nazas", "route_name_short": "San Joaquín - Carranza - Cd. Nazas", "route_type": 3 }, "geometry": { "type": "LineString", "coordinates": [ [ 61893.529025664436631, 2831899.66506087873131 ], [ 61631.411985907994676, 2831833.870397573336959 ], [ 61629.58773390884744, 2831625.138345872983336 ], [ 61626.06470238766633, 2831395.360886950045824 ], [ 61296.033357843873091, 2831409.545406773686409 ], [ 60818.443071396904998, 2831440.813463578466326 ], [ 60453.858936599513981, 2831446.161441545467824 ], [ 60095.605320128030144, 2831460.195468800608069 ], [ 59549.127588033501524, 2831480.454479590058327 ], [ 59549.852714625478256, 2831776.967760505154729 ], [ 59265.227422225230839, 2831793.036273030098528 ], [ 58824.517134393332526, 2831812.053045151289552 ], [ 58451.610250628902577, 2831839.945450847037137 ], [ 58075.954619109455962, 2831845.726600761059672 ], [ 57768.962487470766064, 2831855.904751321300864 ], [ 57309.233908889757004, 2831878.934665950480849 ], [ 56747.474743447906803, 2831894.265299639198929 ], [ 56606.558890738349874, 2831898.950491900090128 ], [ 56253.446592617197894, 2831916.250762826297432 ], [ 56246.5870656130719, 2831800.968777622096241 ], [ 56029.245129408547655, 2831810.424844225868583 ], [ 55612.752283657086082, 2831830.962782491929829 ], [ 55089.747909622325096, 2831860.620769633445889 ], [ 54763.69545403320808, 2831873.725336589850485 ], [ 54224.101391458476428, 2831889.532394078560174 ], [ 54126.46411800570786, 2831892.796906294766814 ], [ 53805.516276401642244, 2831907.975730646867305 ], [ 53595.142404054757208, 2831915.017129605636001 ], [ 53210.853391603857744, 2831934.552541604731232 ], [ 52790.252199862967245, 2831953.095517488662153 ], [ 52269.923438153404277, 2831972.778723198454827 ], [ 51833.064824840344954, 2831987.455017631407827 ], [ 51628.876407725736499, 2831998.762643383350223 ], [ 51398.067202149366494, 2831967.64985229074955 ], [ 51086.203349381918088, 2831893.72854651324451 ], [ 51042.113980096066371, 2832110.699175788555294 ], [ 50942.534127284539863, 2832086.28374353563413 ], [ 50950.582273269887082, 2832026.031903103925288 ], [ 50842.761876023199875, 2831996.34080905187875 ], [ 50856.478071225690655, 2831954.780784433707595 ], [ 50796.18892414990114, 2831900.163077358156443 ], [ 50741.944293553649914, 2831905.322845576331019 ], [ 50589.224112884548958, 2831769.402599436230958 ], [ 50418.734683120914269, 2831794.032410404179245 ], [ 50415.708134669810534, 2831734.153258035425097 ], [ 50158.644590947544202, 2831731.71471538906917 ], [ 50240.260657443257514, 2831462.378164389170706 ], [ 50175.75300920807058, 2831402.350853341631591 ], [ 50066.128458631457761, 2831319.408805747516453 ], [ 49971.943503891583532, 2831275.934136440046132 ], [ 49867.433385590673424, 2831255.023870967328548 ], [ 49576.389217738760635, 2831231.52610709797591 ], [ 49248.840082916372921, 2831201.492593973409384 ], [ 49211.624773584539071, 2831173.870020522270352 ], [ 48809.292771961307153, 2830869.788750993553549 ], [ 48641.294004536117427, 2830253.430993545334786 ], [ 48641.294004536117427, 2830253.430993545334786 ], [ 48809.292771961307153, 2830869.788750993553549 ], [ 49211.624773584539071, 2831173.870020522270352 ], [ 49248.840082916372921, 2831201.492593973409384 ], [ 49481.365466875256971, 2831312.489704718347639 ], [ 49844.555398534750566, 2831353.543796073645353 ], [ 49935.266961525310762, 2831353.814762569963932 ], [ 50043.17041969980346, 2831385.718594314996153 ], [ 50166.28524234611541, 2831420.442434436641634 ], [ 50240.260657443257514, 2831462.378164389170706 ], [ 50321.023622344364412, 2831526.300631021615118 ], [ 50320.333689685154241, 2831685.163138793315738 ], [ 50411.936825424782, 2831682.074554825667292 ], [ 50418.472838744462933, 2831786.265898688230664 ], [ 50588.999762201099657, 2831762.745599197689444 ], [ 50741.944293553649914, 2831905.322845576331019 ], [ 50796.18892414990114, 2831900.163077358156443 ], [ 50856.478071225690655, 2831954.780784433707595 ], [ 50807.1249459462706, 2832045.303877583704889 ], [ 50891.457141526043415, 2832065.788959797937423 ], [ 50942.534127284539863, 2832086.28374353563413 ], [ 50957.177814112917986, 2831982.490331246517599 ], [ 51006.598660008166917, 2831774.225815603975207 ], [ 51412.565354244317859, 2831859.41952415369451 ], [ 51622.163114715483971, 2831889.024638495407999 ], [ 51836.456494264071807, 2831878.488327605184168 ], [ 52255.274501123174559, 2831866.640020688064396 ], [ 52775.793552163580898, 2831852.504249283578247 ], [ 52989.899113235471305, 2831836.439250888768584 ], [ 52998.251747063943185, 2831815.055490094702691 ], [ 53210.716104449413251, 2831810.156386815942824 ], [ 53573.01245001720963, 2831795.800750263035297 ], [ 53795.39298960135784, 2831786.136144355405122 ], [ 54112.5771816825727, 2831778.858406396117061 ], [ 54222.108796124579385, 2831769.642780968919396 ], [ 54747.54160234745359, 2831752.08796384325251 ], [ 55073.523060554871336, 2831736.764520976692438 ], [ 55600.854465232638177, 2831715.848048813641071 ], [ 56023.611988926539198, 2831701.765878398437053 ], [ 56254.973745379771572, 2831689.622143286745995 ], [ 56262.736690459365491, 2831892.61740442737937 ], [ 56617.335721846320666, 2831889.706767379306257 ], [ 56724.814475748164114, 2831879.469249991234392 ], [ 56884.854637131677009, 2831874.149781530257314 ], [ 57282.511423209914938, 2831863.161991829052567 ], [ 57768.962487470766064, 2831855.904751321300864 ], [ 58075.954619109455962, 2831845.726600761059672 ], [ 58455.122026012977585, 2831824.280159411486238 ], [ 58824.517134393332526, 2831812.053045151289552 ], [ 59265.227422225230839, 2831793.036273030098528 ], [ 59549.852714625478256, 2831776.967760505154729 ], [ 59819.343227732635569, 2831760.294380242470652 ], [ 60183.976723483297974, 2831726.049967869184911 ], [ 60581.623101079021581, 2831715.161286939866841 ], [ 60615.983980831049848, 2831443.04004182247445 ], [ 60653.860375112271868, 2832011.535209451802075 ], [ 60712.967810432775877, 2832031.799808805808425 ], [ 61006.423420886043459, 2832008.806939323898405 ], [ 61256.819105729577132, 2831993.901163612026721 ], [ 61364.512877693399787, 2831990.357714793179184 ], [ 61409.111232854309492, 2831967.789158024359494 ], [ 61405.68676341191167, 2831802.422486611641943 ] ] } },
{ "type": "Feature", "properties": { "route_name": "35_San Joaquín - Allende - Ciudad Nazas", "route_name_short": "San Joaquín - Allende - Ciudad Nazas", "route_type": 3 }, "geometry": { "type": "LineString", "coordinates": [ [ 61921.783489004592411, 2831900.957883961498737 ], [ 61949.844504804117605, 2831712.346003195270896 ], [ 61950.762357447645627, 2831433.557537971064448 ], [ 61948.261762403068133, 2831388.105461504310369 ], [ 61628.041286087885965, 2831394.18531853472814 ], [ 61312.137805645703338, 2831409.015638875775039 ], [ 60846.370202080521267, 2831432.119535387028009 ], [ 60470.07318056456279, 2831448.958870532456785 ], [ 60320.062931391526945, 2831452.793232898693532 ], [ 60092.512515912239905, 2831458.076254734303802 ], [ 59684.113998734450433, 2831479.328721549361944 ], [ 59543.124979492393322, 2831481.763360550161451 ], [ 59557.978159695165232, 2831778.92061800416559 ], [ 59272.309739990509115, 2831793.912811831571162 ], [ 58821.681096413871273, 2831817.700067127589136 ], [ 58455.305715329828672, 2831829.827291047666222 ], [ 58083.970092039264273, 2831844.350298824254423 ], [ 58098.88033428392373, 2832172.608099762350321 ], [ 57808.220726031926461, 2832188.909269401337951 ], [ 57555.73440637497697, 2832201.728635589126498 ], [ 57296.840253636066336, 2832203.65899674128741 ], [ 57265.269960110192187, 2832193.600743449293077 ], [ 57104.154078737599775, 2832196.730754979420453 ], [ 57111.304367352102417, 2832411.961975967977196 ], [ 56798.356828072690405, 2832424.583929059095681 ], [ 56594.184648900234606, 2832435.816127339377999 ], [ 56371.821352001570631, 2832445.435494326986372 ], [ 56282.418605482438579, 2832362.888904817868024 ], [ 56272.399896429153159, 2832334.344788710121065 ], [ 56265.87231374962721, 2832229.04781753057614 ], [ 56263.629395342897624, 2832131.382977894041687 ], [ 56048.195135221467353, 2832137.444173790048808 ], [ 55939.452837183722295, 2832139.954882752615958 ], [ 55947.480471763759851, 2832350.716876753605902 ], [ 55634.453736621711869, 2832361.1471082190983 ], [ 55309.680994081776589, 2832381.972729366738349 ], [ 55107.370265857432969, 2832388.722730255685747 ], [ 54886.046371404489037, 2832399.442713601049036 ], [ 54665.506326006667223, 2832403.476014987565577 ], [ 54682.929729887808207, 2832713.890073870308697 ], [ 54684.771597457875032, 2832829.341409539338201 ], [ 54375.926138199458364, 2832844.10624573007226 ], [ 54158.411568144976627, 2832848.048057750333101 ], [ 54154.811875171842985, 2832740.429729094728827 ], [ 54141.142394919414073, 2832422.113634981215 ], [ 53926.714174082502723, 2832428.176167753525078 ], [ 53608.798243819328491, 2832443.260600096546113 ], [ 53232.576886827533599, 2832462.527995102573186 ], [ 53017.214957567921374, 2832470.857955032493919 ], [ 52811.955292701895814, 2832479.963254431728274 ], [ 52602.52022972604027, 2832484.768939301837236 ], [ 52182.940388838411309, 2832503.299911615904421 ], [ 52167.844068181409966, 2832293.877626426052302 ], [ 51749.076373128045816, 2832306.840147551614791 ], [ 51640.404580351838376, 2832311.605112204793841 ], [ 51432.230511603644118, 2832294.171231106389314 ], [ 51023.219511845032685, 2832207.971041998825967 ], [ 50910.554692524950951, 2832183.996606702916324 ], [ 50938.28355828038184, 2832079.762367666233331 ], [ 50741.172848595597316, 2832031.975281741004437 ], [ 50737.865108934056479, 2832143.162588086444885 ], [ 50588.902540991082788, 2832268.144979206845164 ], [ 50406.01853377034422, 2832403.159576958511025 ], [ 50087.079838016128633, 2832388.371552004478872 ], [ 50122.521837448468432, 2832303.867897793184966 ], [ 50100.330957588041201, 2832243.52444987045601 ], [ 50069.567329396668356, 2832197.910296119283885 ], [ 49883.033777707896661, 2832105.3477314687334 ], [ 49799.963085862342268, 2832062.610683348495513 ], [ 49687.512762066966388, 2832015.312369488645345 ], [ 49552.428719040821306, 2831954.33935045497492 ], [ 49512.849737040989567, 2832035.65238133026287 ], [ 49737.044058100495022, 2832139.157097545918077 ], [ 49841.17275721160695, 2831910.154347321018577 ], [ 49886.957378201652318, 2831923.04879148863256 ], [ 49990.624711354961619, 2831560.771350097842515 ], [ 49821.874231878435239, 2831517.592697008978575 ], [ 49563.392484106239863, 2831324.159315711352974 ], [ 49476.332137701683678, 2831312.659721836447716 ], [ 49244.850870751368348, 2831202.738185165449977 ], [ 48924.932720463431906, 2830951.408395980019122 ], [ 48819.097161510202568, 2830861.68165158201009 ], [ 48770.711441497609485, 2830742.242556401528418 ], [ 48636.92920242017135, 2830243.581558289472014 ], [ 48636.92920242017135, 2830243.581558289472014 ], [ 48770.711441497609485, 2830742.242556401528418 ], [ 48819.097161510202568, 2830861.68165158201009 ], [ 48924.932720463431906, 2830951.408395980019122 ], [ 49244.850870751368348, 2831202.738185165449977 ], [ 49476.332137701683678, 2831312.659721836447716 ], [ 49563.392484106239863, 2831324.159315711352974 ], [ 49848.432244478841312, 2831348.969864954706281 ], [ 49930.495756375137717, 2831361.751151922158897 ], [ 50051.223651390813757, 2831385.446904158219695 ], [ 49990.624711354961619, 2831560.771350097842515 ], [ 49886.957378201652318, 2831923.04879148863256 ], [ 49841.17275721160695, 2831910.154347321018577 ], [ 49780.500407598796301, 2832053.270888729020953 ], [ 49680.466489302052651, 2832015.550339894834906 ], [ 49552.428719040821306, 2831954.33935045497492 ], [ 49505.915919605060481, 2832039.218977379612625 ], [ 49651.140482575632632, 2832102.070459621958435 ], [ 49769.704856968251988, 2832151.383453601505607 ], [ 49812.342039725568611, 2832071.078899714630097 ], [ 49883.033777707896661, 2832105.3477314687334 ], [ 50069.567329396668356, 2832197.910296119283885 ], [ 50100.330957588041201, 2832243.52444987045601 ], [ 50122.521837448468432, 2832303.867897793184966 ], [ 50087.079838016128633, 2832388.371552004478872 ], [ 50406.01853377034422, 2832403.159576958511025 ], [ 50588.902540991082788, 2832268.144979206845164 ], [ 50737.865108934056479, 2832143.162588086444885 ], [ 50778.203424178820569, 2832144.024946379009634 ], [ 50817.303032563766465, 2832048.293264048639685 ], [ 50938.28355828038184, 2832079.762367666233331 ], [ 51040.845876844134182, 2832102.966597558930516 ], [ 50992.209213779773563, 2832304.540284946095198 ], [ 51408.562377702328376, 2832399.377982918638736 ], [ 51645.067828918166924, 2832420.301338960416615 ], [ 51750.644446079968475, 2832413.418833923060447 ], [ 52175.29902646120172, 2832395.815055347513407 ], [ 52497.395817439944949, 2832384.999258131254464 ], [ 52795.334562542790081, 2832375.00162001978606 ], [ 53020.540830363926943, 2832359.673951832577586 ], [ 53225.653193028061651, 2832346.13424433209002 ], [ 53340.65957514353795, 2832350.055659024976194 ], [ 53604.225308109889738, 2832336.784979497548193 ], [ 53924.490986975841224, 2832331.618675403296947 ], [ 54117.59794821520336, 2832320.715923793148249 ], [ 54238.345348287373781, 2832315.567342572379857 ], [ 54261.390142994292546, 2832733.533194452989846 ], [ 54363.719798402104061, 2832720.115331958048046 ], [ 54556.93153488956159, 2832712.546538503374904 ], [ 54560.078733964532148, 2832625.806584694422781 ], [ 54562.410501439590007, 2832514.658454328309745 ], [ 54553.391020309645683, 2832305.037170449737459 ], [ 54880.143806492676958, 2832283.016615012660623 ], [ 55099.826834173640236, 2832283.458574847783893 ], [ 55306.949780472728889, 2832269.884088369552046 ], [ 55625.160335624124855, 2832263.71653284644708 ], [ 55950.156810934480745, 2832249.555766902863979 ], [ 56038.656921984977089, 2832244.387007726822048 ], [ 56090.996082377969287, 2832242.644187574740499 ], [ 56187.548298277892172, 2832237.208321169950068 ], [ 56274.219887093408033, 2832237.655392707791179 ], [ 56272.399896429153159, 2832334.344788710121065 ], [ 56282.418605482438579, 2832362.888904817868024 ], [ 56371.821352001570631, 2832445.435494326986372 ], [ 56594.184648900234606, 2832435.816127339377999 ], [ 56798.356828072690405, 2832424.583929059095681 ], [ 57111.304367352102417, 2832411.961975967977196 ], [ 57104.154078737599775, 2832196.730754979420453 ], [ 57265.269960110192187, 2832193.600743449293077 ], [ 57302.474091467040125, 2832191.254654001910239 ], [ 57556.22546137747122, 2832186.163142964243889 ], [ 57790.66851965978276, 2832176.163603365421295 ], [ 58087.441040045931004, 2832161.880776925012469 ], [ 58072.640868929971475, 2831836.951239911839366 ], [ 58451.022438667656388, 2831822.194628976285458 ], [ 58818.221035033580847, 2831804.486900101881474 ], [ 59269.96667266607983, 2831783.994580041617155 ], [ 59550.676004569686484, 2831771.387432855088264 ], [ 59545.778186073235702, 2831470.56946869706735 ], [ 59681.661352068709675, 2831466.082213552203029 ], [ 60092.439323746075388, 2831455.857433102559298 ], [ 60317.574357440811582, 2831438.437290414702147 ], [ 60474.557390650850721, 2831432.151892682537436 ], [ 60846.370202080521267, 2831432.119535387028009 ], [ 61306.667235558154061, 2831395.868394793476909 ], [ 61640.834388625691645, 2831384.880037552677095 ], [ 61945.629226043703966, 2831369.311893262434751 ], [ 61950.762357447645627, 2831433.557537971064448 ], [ 61960.952427150157746, 2831713.091686898842454 ], [ 61921.783489004592411, 2831900.957883961498737 ] ] } },
{ "type": "Feature", "properties": { "route_name": "36_Latinoamericano - Alianza", "route_name_short": "Latinoamericano - Alianza", "route_type": 3 }, "geometry": { "type": "LineString", "coordinates": [ [ 63796.869805339374579, 2830484.595091715920717 ], [ 63597.860992589208763, 2830623.260829642880708 ], [ 63605.166703254973982, 2830415.346233346033841 ], [ 63605.663700010220055, 2830276.50942877586931 ], [ 63329.178302081360016, 2830295.55090104509145 ], [ 63192.281962500710506, 2830300.032172615639865 ], [ 63187.103869943879545, 2830080.308801109436899 ], [ 63039.09607742773369, 2830084.044442860875279 ], [ 63049.309579188120551, 2830303.603273276705295 ], [ 62761.532826049020514, 2830316.362992241512984 ], [ 62774.189520940592047, 2830518.073164720553905 ], [ 62333.416137992346194, 2830535.858145733829588 ], [ 62091.011517740378622, 2830549.365911574568599 ], [ 62108.956579019024502, 2830819.760077614802867 ], [ 62116.251250750559848, 2831318.174411801155657 ], [ 62120.122016618261114, 2831374.687307405751199 ], [ 61626.137637468229514, 2831397.579680121038109 ], [ 61315.047908612992615, 2831405.58811117708683 ], [ 60857.697769907594193, 2831439.520767246372998 ], [ 60306.977970113570336, 2831453.224649015814066 ], [ 60084.53340910357656, 2831460.560699911788106 ], [ 59561.27936985634733, 2831482.274389299564064 ], [ 59285.56001048075268, 2831493.60469012055546 ], [ 58814.49665192689281, 2831509.180621266830713 ], [ 58562.220173758687451, 2831528.635529341641814 ], [ 58292.244274696160574, 2831530.911223659291863 ], [ 58077.922097399190534, 2831540.233134603127837 ], [ 57726.781635085237212, 2831556.316705089062452 ], [ 57304.9602654207265, 2831568.091830947902054 ], [ 57105.281101628032047, 2831593.603301702067256 ], [ 56905.687146334326826, 2831591.348405319731683 ], [ 56664.333233241806738, 2831606.034067042171955 ], [ 56251.788982346304692, 2831624.198283259756863 ], [ 56129.209305873548146, 2831634.941906286869198 ], [ 55595.653316590469331, 2831650.490965689066797 ], [ 55173.972774804744404, 2831666.771825490519404 ], [ 55068.356308271351736, 2831672.516723654698581 ], [ 54753.445623223378789, 2831687.470361676532775 ], [ 54235.315995482087601, 2831712.555293037556112 ], [ 53799.836133366217837, 2831738.226852010935545 ], [ 53583.197188041987829, 2831738.813302977010608 ], [ 53421.210734830878209, 2831746.458594277966768 ], [ 53101.338053072104231, 2831763.839156774338335 ], [ 52780.309390211943537, 2831776.823331550229341 ], [ 52358.694751716626342, 2831795.412990565877408 ], [ 51933.835396043898072, 2831807.460655447561294 ], [ 51604.900245346245356, 2831825.181914603337646 ], [ 51332.965078598295804, 2831769.905435224529356 ], [ 51087.310823052655905, 2831717.081571577582508 ], [ 51009.315638406609651, 2831705.267597201745957 ], [ 50879.835376718547195, 2831720.735285977367312 ], [ 50643.282422541233245, 2831758.694787894841284 ], [ 50643.282422541233245, 2831758.694787894841284 ], [ 50879.835376718547195, 2831720.735285977367312 ], [ 51009.315638406609651, 2831705.267597201745957 ], [ 51087.310823052655905, 2831717.081571577582508 ], [ 51332.965078598295804, 2831769.905435224529356 ], [ 51604.900245346245356, 2831825.181914603337646 ], [ 51933.835396043898072, 2831807.460655447561294 ], [ 52358.694751716626342, 2831795.412990565877408 ], [ 52780.309390211943537, 2831776.823331550229341 ], [ 53101.338053072104231, 2831763.839156774338335 ], [ 53421.210734830878209, 2831746.458594277966768 ], [ 53583.197188041987829, 2831738.813302977010608 ], [ 53799.836133366217837, 2831738.226852010935545 ], [ 54235.315995482087601, 2831712.555293037556112 ], [ 54753.445623223378789, 2831687.470361676532775 ], [ 55068.356308271351736, 2831672.516723654698581 ], [ 55173.972774804744404, 2831666.771825490519404 ], [ 55595.653316590469331, 2831650.490965689066797 ], [ 56129.209305873548146, 2831634.941906286869198 ], [ 56251.788982346304692, 2831624.198283259756863 ], [ 56664.333233241806738, 2831606.034067042171955 ], [ 56905.687146334326826, 2831591.348405319731683 ], [ 57105.281101628032047, 2831593.603301702067256 ], [ 57304.9602654207265, 2831568.091830947902054 ], [ 57726.781635085237212, 2831556.316705089062452 ], [ 58077.922097399190534, 2831540.233134603127837 ], [ 58292.244274696160574, 2831530.911223659291863 ], [ 58562.220173758687451, 2831528.635529341641814 ], [ 58814.49665192689281, 2831509.180621266830713 ], [ 59285.56001048075268, 2831493.60469012055546 ], [ 59561.27936985634733, 2831482.274389299564064 ], [ 60084.53340910357656, 2831460.560699911788106 ], [ 60306.977970113570336, 2831453.224649015814066 ], [ 60857.697769907594193, 2831439.520767246372998 ], [ 61315.047908612992615, 2831405.58811117708683 ], [ 61626.137637468229514, 2831397.579680121038109 ], [ 62120.122016618261114, 2831374.687307405751199 ], [ 62116.251250750559848, 2831318.174411801155657 ], [ 62108.956579019024502, 2830819.760077614802867 ], [ 62091.011517740378622, 2830549.365911574568599 ], [ 62315.152056191116571, 2830532.015017614234239 ], [ 62774.189520940592047, 2830518.073164720553905 ], [ 62761.532826049020514, 2830316.362992241512984 ], [ 63049.309579188120551, 2830303.603273276705295 ], [ 63039.09607742773369, 2830084.044442860875279 ], [ 63187.103869943879545, 2830080.308801109436899 ], [ 63192.281962500710506, 2830300.032172615639865 ], [ 63329.178302081360016, 2830295.55090104509145 ], [ 63605.663700010220055, 2830276.50942877586931 ], [ 63605.166703254973982, 2830415.346233346033841 ], [ 63597.860992589208763, 2830623.260829642880708 ], [ 63796.869805339374579, 2830484.595091715920717 ] ] } },
{ "type": "Feature", "properties": { "route_name": "37_Puente Nazas - Julietas", "route_name_short": "Puente Nazas - Julietas", "route_type": 3 }, "geometry": { "type": "LineString", "coordinates": [ [ 50749.158160336955916, 2832866.997046140488237 ], [ 50785.346899670490529, 2832774.695116818416864 ], [ 50858.906092090241145, 2832445.653569591231644 ], [ 50939.364884577284101, 2832081.947460057679564 ], [ 51000.633691973460373, 2831776.648167689796537 ], [ 51081.717488213267643, 2831700.608574204612523 ], [ 51574.329035189002752, 2831815.102493072859943 ], [ 52038.85756991058588, 2831783.938873561564833 ], [ 52470.837820224114694, 2831773.877154591027647 ], [ 52777.663639379781671, 2831758.029700143728405 ], [ 53098.618399975181092, 2831742.826575392391533 ], [ 53418.417285867908504, 2831723.22707493416965 ], [ 53576.600522556749638, 2831722.373413878958672 ], [ 53811.061332402925473, 2831712.304878546856344 ], [ 54217.57357994018821, 2831694.266405818983912 ], [ 54208.227672502514906, 2831414.681046145036817 ], [ 54023.250796995009296, 2830885.504376744385809 ], [ 54089.472298571781721, 2830846.637267918325961 ], [ 54191.314464114781003, 2830727.720087356865406 ], [ 54445.06622989429161, 2830540.419841286260635 ], [ 54219.302657461899798, 2830208.086348437238485 ], [ 54717.132143132912461, 2829874.915535428095609 ], [ 55048.397169441450387, 2829653.945864886976779 ], [ 55355.095212685118895, 2829451.575736423023045 ], [ 55610.409263838897459, 2829764.059443615842611 ], [ 55766.025984869280364, 2829685.573637648951262 ], [ 56032.48842713056365, 2829515.658873199019581 ], [ 56129.940767885011155, 2829445.777163533028215 ], [ 56555.180306492780801, 2829170.63555251667276 ], [ 56933.375829721975606, 2828904.846488930750638 ], [ 57373.417460779601242, 2828619.249908805359155 ], [ 57564.725801868946292, 2828491.848150520585477 ], [ 57411.455103144515306, 2828368.092197696212679 ], [ 57219.090135749836918, 2828190.101038597058505 ], [ 57058.594201295636594, 2828031.046526931691915 ], [ 56941.007626617851201, 2827889.450911863241345 ], [ 57157.017870187759399, 2827746.786730569321662 ], [ 57386.554449621646199, 2827555.920645483303815 ], [ 57580.423109058174305, 2827413.998817077372223 ], [ 57760.607381052337587, 2827497.994483567308635 ], [ 57926.830437331052963, 2827677.969524678774178 ], [ 58088.932764426688664, 2827885.848244681488723 ], [ 58226.772699715103954, 2828061.211521050427109 ], [ 58322.539210473303683, 2828183.545907454099506 ], [ 58639.852327189641073, 2828605.09095106087625 ], [ 58639.852327189641073, 2828605.09095106087625 ], [ 58322.539210473303683, 2828183.545907454099506 ], [ 58226.772699715103954, 2828061.211521050427109 ], [ 58043.98700810095761, 2827837.356653888709843 ], [ 57910.883146347303409, 2827652.95256711775437 ], [ 57799.293684821634088, 2827540.028844500426203 ], [ 57672.841572673118208, 2827465.359857722651213 ], [ 57566.018230153771583, 2827435.578232268802822 ], [ 57305.977342579630204, 2827618.566176725551486 ], [ 56961.783266871410888, 2827877.655126641038805 ], [ 57064.708773429389112, 2828033.065034535247833 ], [ 57345.341867327690125, 2828289.206090381834656 ], [ 57572.853639626409858, 2828493.800127195660025 ], [ 57373.417460779601242, 2828619.249908805359155 ], [ 56938.028842472180258, 2828923.573281019926071 ], [ 56555.180306492780801, 2829170.63555251667276 ], [ 56129.940767885011155, 2829445.777163533028215 ], [ 56032.48842713056365, 2829515.658873199019581 ], [ 55766.025984869280364, 2829685.573637648951262 ], [ 55610.409263838897459, 2829764.059443615842611 ], [ 55355.095212685118895, 2829451.575736423023045 ], [ 55048.397169441450387, 2829653.945864886976779 ], [ 54717.132143132912461, 2829874.915535428095609 ], [ 54219.302657461899798, 2830208.086348437238485 ], [ 54445.06622989429161, 2830540.419841286260635 ], [ 54191.314464114781003, 2830727.720087356865406 ], [ 54089.472298571781721, 2830846.637267918325961 ], [ 54023.250796995009296, 2830885.504376744385809 ], [ 54208.227672502514906, 2831414.681046145036817 ], [ 54211.158008924860042, 2831713.362873040139675 ], [ 53803.491238763264846, 2831726.997429701965302 ], [ 53569.962971757980995, 2831734.813493825960904 ], [ 53409.989627451112028, 2831742.391517218202353 ], [ 53097.014224416285288, 2831755.098284643609077 ], [ 52766.851562672120053, 2831766.167409820482135 ], [ 52469.048037763277534, 2831780.601613245904446 ], [ 52039.602999891503714, 2831806.128600909840316 ], [ 51574.329035189002752, 2831815.102493072859943 ], [ 51125.78635226743063, 2831722.45091597456485 ], [ 51103.011273482115939, 2831794.30571868037805 ], [ 51034.320668996486347, 2832088.746514370664954 ], [ 50957.997852109896485, 2832455.644553963560611 ], [ 50912.317759131547064, 2832744.869322815909982 ], [ 50881.195323819934856, 2832808.12032430851832 ], [ 50808.017209694371559, 2832819.472246657125652 ] ] } }
]
}
