{
"type": "FeatureCollection",
"name": "matriz_tampico_modelistica",
"crs": { "type": "name", "properties": { "name": "urn:ogc:def:crs:OGC:1.3:CRS84" } },
"features": [
{ "type": "Feature", "properties": { "CVEGEO": "2800300430699", "POB_TOT_20": 1651.0, "POB_MASC_2": 806.0, "POB_FEM_20": 845.0, "origen": "2800300430699", "viajes_od_totales_salientes": 46.44, "viajes-total_salientes": 366.0, "viajes_od_totales_norm_salientes": 0.21393034825870644, "viajes-total_norm_salientes": 0.27706283118849356, "AE_por_fila_salientes": 0.02031395039669338, "SE_por_fila_salientes": 0.0014469837926747427, "APE_por_fila_salientes": 94.693777588691191, "destino": "2800300430699", "viajes_od_totales_entrantes": 7.94, "viajes-total_entrantes": 311.0, "viajes_od_totales_norm_entrantes": 0.036576377372397273, "viajes-total_norm_entrantes": 0.23542770628311885, "AE_por_fila_entrantes": 0.014203666350765826, "SE_por_fila_entrantes": 0.00076037012218115334, "APE_por_fila_entrantes": 84.136113492564007 }, "geometry": { "type": "MultiPolygon", "coordinates": [ [ [ [ -98.160261, 22.541621 ], [ -98.160113, 22.542966 ], [ -98.159789, 22.542928 ], [ -98.159691, 22.542914 ], [ -98.159394, 22.544664 ], [ -98.159327, 22.545057 ], [ -98.159173, 22.546029 ], [ -98.159009, 22.547063 ], [ -98.158939, 22.547486 ], [ -98.158859, 22.547969 ], [ -98.158821, 22.548202 ], [ -98.158007, 22.548091 ], [ -98.157817, 22.548065 ], [ -98.157768, 22.548059 ], [ -98.157613, 22.548037 ], [ -98.157102, 22.547967 ], [ -98.156594, 22.547898 ], [ -98.156204, 22.547847 ], [ -98.155612, 22.547769 ], [ -98.155516, 22.547757 ], [ -98.15543, 22.547745 ], [ -98.155407, 22.54785 ], [ -98.15489, 22.547795 ], [ -98.154609, 22.548095 ], [ -98.154509, 22.548202 ], [ -98.154397, 22.548084 ], [ -98.154313, 22.547995 ], [ -98.154259, 22.547939 ], [ -98.153455, 22.547064 ], [ -98.153358, 22.546958 ], [ -98.153417, 22.546513 ], [ -98.153451, 22.546262 ], [ -98.153604, 22.545244 ], [ -98.152464, 22.545071 ], [ -98.152638, 22.544043 ], [ -98.1528, 22.54302 ], [ -98.152994, 22.54198 ], [ -98.153168, 22.54091 ], [ -98.153374, 22.540943 ], [ -98.154314, 22.541069 ], [ -98.155412, 22.541206 ], [ -98.155518, 22.541223 ], [ -98.155949, 22.541285 ], [ -98.156478, 22.541353 ], [ -98.156925, 22.541421 ], [ -98.157418, 22.541488 ], [ -98.157509, 22.5415 ], [ -98.157883, 22.541551 ], [ -98.158377, 22.541617 ], [ -98.158608, 22.541659 ], [ -98.158866, 22.541693 ], [ -98.159543, 22.541797 ], [ -98.159863, 22.541846 ], [ -98.159951, 22.541794 ], [ -98.160261, 22.541621 ] ] ] ] } },
{ "type": "Feature", "properties": { "CVEGEO": "2800300430701", "POB_TOT_20": 1157.0, "POB_MASC_2": 581.0, "POB_FEM_20": 576.0, "origen": "2800300430701", "viajes_od_totales_salientes": 15.34, "viajes-total_salientes": 218.0, "viajes_od_totales_norm_salientes": 0.070665192555739817, "viajes-total_norm_salientes": 0.16502649507948525, "AE_por_fila_salientes": 0.0094361302523745423, "SE_por_fila_salientes": 0.00016622443687063377, "APE_por_fila_salientes": 75.741304519336055, "destino": "2800300430701", "viajes_od_totales_entrantes": 63.64, "viajes-total_entrantes": 283.0, "viajes_od_totales_norm_entrantes": 0.2931638105767459, "viajes-total_norm_entrantes": 0.21423164269492809, "AE_por_fila_entrantes": 0.019314895198744519, "SE_por_fila_entrantes": 0.0014837133670153148, "APE_por_fila_entrantes": 98.891296269840709 }, "geometry": { "type": "MultiPolygon", "coordinates": [ [ [ [ -98.153168, 22.54091 ], [ -98.152994, 22.54198 ], [ -98.1528, 22.54302 ], [ -98.152638, 22.544043 ], [ -98.152464, 22.545071 ], [ -98.153604, 22.545244 ], [ -98.153451, 22.546262 ], [ -98.153417, 22.546513 ], [ -98.153358, 22.546958 ], [ -98.15334, 22.546938 ], [ -98.153321, 22.546915 ], [ -98.153234, 22.546922 ], [ -98.153173, 22.546927 ], [ -98.15312, 22.546938 ], [ -98.152814, 22.546998 ], [ -98.152338, 22.547091 ], [ -98.152314, 22.547095 ], [ -98.152294, 22.547092 ], [ -98.152244, 22.547085 ], [ -98.152182, 22.547075 ], [ -98.15218, 22.547075 ], [ -98.152177, 22.547075 ], [ -98.152176, 22.547074 ], [ -98.151826, 22.547021 ], [ -98.151748, 22.547009 ], [ -98.151203, 22.546939 ], [ -98.151384, 22.545902 ], [ -98.151532, 22.545129 ], [ -98.15156, 22.544996 ], [ -98.151461, 22.544899 ], [ -98.151424, 22.544859 ], [ -98.150646, 22.54476 ], [ -98.150279, 22.544712 ], [ -98.149131, 22.544563 ], [ -98.147992, 22.544399 ], [ -98.146966, 22.544259 ], [ -98.146262, 22.544167 ], [ -98.145676, 22.544092 ], [ -98.142355, 22.543679 ], [ -98.140634, 22.543466 ], [ -98.140442, 22.5432 ], [ -98.140415, 22.543162 ], [ -98.140355, 22.543078 ], [ -98.141537, 22.542583 ], [ -98.141715, 22.542508 ], [ -98.141755, 22.542491 ], [ -98.142871, 22.542023 ], [ -98.142838, 22.541929 ], [ -98.142623, 22.541307 ], [ -98.142611, 22.541273 ], [ -98.142573, 22.541163 ], [ -98.143734, 22.540694 ], [ -98.144789, 22.540267 ], [ -98.144822, 22.540253 ], [ -98.145153, 22.54012 ], [ -98.145392, 22.540023 ], [ -98.145892, 22.539821 ], [ -98.145912, 22.539688 ], [ -98.146001, 22.53909 ], [ -98.146015, 22.538994 ], [ -98.146018, 22.538977 ], [ -98.145994, 22.53895 ], [ -98.14568, 22.5386 ], [ -98.145744, 22.538233 ], [ -98.145772, 22.538236 ], [ -98.147117, 22.538371 ], [ -98.147846, 22.538445 ], [ -98.147593, 22.540182 ], [ -98.148473, 22.540296 ], [ -98.148525, 22.540302 ], [ -98.148916, 22.540353 ], [ -98.148995, 22.540363 ], [ -98.149212, 22.540391 ], [ -98.149488, 22.540422 ], [ -98.149769, 22.540455 ], [ -98.149956, 22.540481 ], [ -98.150926, 22.540615 ], [ -98.151561, 22.540696 ], [ -98.152057, 22.54076 ], [ -98.152591, 22.540833 ], [ -98.153168, 22.54091 ] ] ] ] } },
{ "type": "Feature", "properties": { "CVEGEO": "2800300430684", "POB_TOT_20": 1766.0, "POB_MASC_2": 852.0, "POB_FEM_20": 914.0, "origen": "2800300430684", "viajes_od_totales_salientes": 26.56, "viajes-total_salientes": 682.0, "viajes_od_totales_norm_salientes": 0.12235120692832134, "viajes-total_norm_salientes": 0.5162755488266465, "AE_por_fila_salientes": 0.028137452992737511, "SE_por_fila_salientes": 0.0028589134690276603, "APE_por_fila_salientes": 85.02914205650525, "destino": "2800300430684", "viajes_od_totales_entrantes": 21.76, "viajes-total_entrantes": 619.0, "viajes_od_totales_norm_entrantes": 0.10023954302561268, "viajes-total_norm_entrantes": 0.46858440575321725, "AE_por_fila_entrantes": 0.024556324181840304, "SE_por_fila_entrantes": 0.0023267800767779317, "APE_por_fila_entrantes": 83.946354247680958 }, "geometry": { "type": "MultiPolygon", "coordinates": [ [ [ [ -98.140634, 22.543466 ], [ -98.142355, 22.543679 ], [ -98.145676, 22.544092 ], [ -98.146262, 22.544167 ], [ -98.146966, 22.544259 ], [ -98.147992, 22.544399 ], [ -98.149131, 22.544563 ], [ -98.150279, 22.544712 ], [ -98.150646, 22.54476 ], [ -98.151424, 22.544859 ], [ -98.151461, 22.544899 ], [ -98.15156, 22.544996 ], [ -98.151532, 22.545129 ], [ -98.151384, 22.545902 ], [ -98.151203, 22.546939 ], [ -98.151748, 22.547009 ], [ -98.151694, 22.547247 ], [ -98.151674, 22.547336 ], [ -98.151618, 22.547583 ], [ -98.151534, 22.548047 ], [ -98.151015, 22.547988 ], [ -98.150859, 22.548861 ], [ -98.15068, 22.549863 ], [ -98.150513, 22.550817 ], [ -98.150316, 22.551965 ], [ -98.151242, 22.552973 ], [ -98.151274, 22.553011 ], [ -98.15127, 22.553254 ], [ -98.151295, 22.553316 ], [ -98.151547, 22.553513 ], [ -98.151684, 22.553493 ], [ -98.151992, 22.553716 ], [ -98.153286, 22.554032 ], [ -98.154092, 22.554244 ], [ -98.153499, 22.555628 ], [ -98.153321, 22.556043 ], [ -98.152991, 22.556813 ], [ -98.152497, 22.556327 ], [ -98.152449, 22.55628 ], [ -98.152376, 22.556207 ], [ -98.152342, 22.556174 ], [ -98.152097, 22.555933 ], [ -98.151209, 22.555056 ], [ -98.150879, 22.554731 ], [ -98.149993, 22.553857 ], [ -98.149235, 22.553093 ], [ -98.149163, 22.553021 ], [ -98.149079, 22.552937 ], [ -98.148926, 22.552784 ], [ -98.148191, 22.553376 ], [ -98.147996, 22.553533 ], [ -98.145881, 22.551419 ], [ -98.145851, 22.551618 ], [ -98.145776, 22.551611 ], [ -98.144944, 22.551525 ], [ -98.145055, 22.551098 ], [ -98.145166, 22.551006 ], [ -98.145196, 22.550981 ], [ -98.145381, 22.550896 ], [ -98.145425, 22.550734 ], [ -98.145728, 22.549608 ], [ -98.145462, 22.549345 ], [ -98.145201, 22.549085 ], [ -98.145116, 22.549 ], [ -98.144941, 22.548825 ], [ -98.144904, 22.548788 ], [ -98.144817, 22.548699 ], [ -98.144681, 22.548561 ], [ -98.144359, 22.548234 ], [ -98.144235, 22.548109 ], [ -98.144181, 22.548054 ], [ -98.144055, 22.547911 ], [ -98.14397, 22.547815 ], [ -98.143919, 22.547758 ], [ -98.1435, 22.547265 ], [ -98.141278, 22.544319 ], [ -98.141232, 22.544258 ], [ -98.141187, 22.544199 ], [ -98.140634, 22.543466 ] ] ] ] } },
{ "type": "Feature", "properties": { "CVEGEO": "2800300430928", "POB_TOT_20": 743.0, "POB_MASC_2": 354.0, "POB_FEM_20": 389.0, "origen": "2800300430928", "viajes_od_totales_salientes": 7.1, "viajes-total_salientes": 46.0, "viajes_od_totales_norm_salientes": 0.032706836189423251, "viajes-total_norm_salientes": 0.034822104466313397, "AE_por_fila_salientes": 0.0084046675808720998, "SE_por_fila_salientes": 9.5119407631617773e-05, "APE_por_fila_salientes": 94.661859354023534, "destino": "2800300430928", "viajes_od_totales_entrantes": 2.32, "viajes-total_entrantes": 51.0, "viajes_od_totales_norm_entrantes": 0.010687304219642528, "viajes-total_norm_entrantes": 0.038607115821347467, "AE_por_fila_entrantes": 0.0069799529004262346, "SE_por_fila_entrantes": 6.5013816813613541e-05, "APE_por_fila_entrantes": 74.561631390766962 }, "geometry": { "type": "MultiPolygon", "coordinates": [ [ [ [ -98.158866, 22.541693 ], [ -98.158608, 22.541659 ], [ -98.158377, 22.541617 ], [ -98.157883, 22.541551 ], [ -98.157509, 22.5415 ], [ -98.157418, 22.541488 ], [ -98.156925, 22.541421 ], [ -98.156478, 22.541353 ], [ -98.155949, 22.541285 ], [ -98.155518, 22.541223 ], [ -98.155412, 22.541206 ], [ -98.154314, 22.541069 ], [ -98.153374, 22.540943 ], [ -98.153168, 22.54091 ], [ -98.152591, 22.540833 ], [ -98.152057, 22.54076 ], [ -98.151561, 22.540696 ], [ -98.150926, 22.540615 ], [ -98.149956, 22.540481 ], [ -98.149769, 22.540455 ], [ -98.149488, 22.540422 ], [ -98.149572, 22.539868 ], [ -98.149596, 22.539716 ], [ -98.149598, 22.5397 ], [ -98.149668, 22.539242 ], [ -98.150055, 22.539228 ], [ -98.15025, 22.539144 ], [ -98.15038, 22.53913 ], [ -98.150395, 22.539129 ], [ -98.150469, 22.539129 ], [ -98.150541, 22.539129 ], [ -98.150686, 22.539122 ], [ -98.150689, 22.539122 ], [ -98.150721, 22.539121 ], [ -98.150788, 22.539118 ], [ -98.150832, 22.539116 ], [ -98.150977, 22.539102 ], [ -98.151121, 22.53908 ], [ -98.151229, 22.538989 ], [ -98.151256, 22.538959 ], [ -98.151321, 22.538884 ], [ -98.151398, 22.538779 ], [ -98.151403, 22.538772 ], [ -98.151476, 22.538654 ], [ -98.151503, 22.538551 ], [ -98.151509, 22.538528 ], [ -98.15151, 22.538523 ], [ -98.151535, 22.538389 ], [ -98.151618, 22.538278 ], [ -98.15171, 22.538173 ], [ -98.151851, 22.538137 ], [ -98.151908, 22.538126 ], [ -98.152521, 22.5382 ], [ -98.152979, 22.538254 ], [ -98.153763, 22.538363 ], [ -98.154276, 22.538436 ], [ -98.154744, 22.538498 ], [ -98.15526, 22.538564 ], [ -98.155897, 22.538644 ], [ -98.155794, 22.539342 ], [ -98.155772, 22.539522 ], [ -98.156241, 22.53959 ], [ -98.156736, 22.539652 ], [ -98.157212, 22.53972 ], [ -98.15768, 22.539795 ], [ -98.158162, 22.539851 ], [ -98.158657, 22.539913 ], [ -98.159145, 22.539969 ], [ -98.159068, 22.540491 ], [ -98.159012, 22.54081 ], [ -98.158866, 22.541693 ] ] ] ] } },
{ "type": "Feature", "properties": { "CVEGEO": "2800300432360", "POB_TOT_20": null, "POB_MASC_2": null, "POB_FEM_20": null, "origen": "2800300432360", "viajes_od_totales_salientes": 0.0, "viajes-total_salientes": 24.0, "viajes_od_totales_norm_salientes": 0.0, "viajes-total_norm_salientes": 0.018168054504163512, "AE_por_fila_salientes": 0.018168054504163512, "SE_por_fila_salientes": 0.00033007820446625608, "APE_por_fila_salientes": 100.0, "destino": "2800300432360", "viajes_od_totales_entrantes": 0.22, "viajes-total_entrantes": 28.0, "viajes_od_totales_norm_entrantes": 0.0010134512622074811, "viajes-total_norm_entrantes": 0.021196063588190765, "AE_por_fila_entrantes": 0.020182612325983285, "SE_por_fila_entrantes": 0.00040733784030093243, "APE_por_fila_entrantes": 95.218681723656857 }, "geometry": { "type": "MultiPolygon", "coordinates": [ [ [ [ -98.151534, 22.548047 ], [ -98.151618, 22.547583 ], [ -98.151674, 22.547336 ], [ -98.151795, 22.547351 ], [ -98.152029, 22.54738 ], [ -98.151997, 22.547517 ], [ -98.151963, 22.547665 ], [ -98.151866, 22.548086 ], [ -98.151534, 22.548047 ] ] ] ] } },
{ "type": "Feature", "properties": { "CVEGEO": "2800900010067", "POB_TOT_20": 1736.0, "POB_MASC_2": 858.0, "POB_FEM_20": 878.0, "origen": "2800900010067", "viajes_od_totales_salientes": 3.72, "viajes-total_salientes": 1891.0, "viajes_od_totales_norm_salientes": 0.017136539524599224, "viajes-total_norm_salientes": 1.4314912944738833, "AE_por_fila_salientes": 0.014003512425240439, "SE_por_fila_salientes": 0.00044906439185224905, "APE_por_fila_salientes": 97.964630420675832, "destino": "2800900010067", "viajes_od_totales_entrantes": 37.9, "viajes-total_entrantes": 2189.0, "viajes_od_totales_norm_entrantes": 0.17459001289847059, "viajes-total_norm_entrantes": 1.6570779712339136, "AE_por_fila_entrantes": 0.014903476945113675, "SE_por_fila_entrantes": 0.00052098938720327066, "APE_por_fila_entrantes": 86.841476194384541 }, "geometry": { "type": "MultiPolygon", "coordinates": [ [ [ [ -97.80486, 22.294543 ], [ -97.804274, 22.293492 ], [ -97.803379, 22.292201 ], [ -97.802324, 22.290538 ], [ -97.801028, 22.288571 ], [ -97.799865, 22.28692 ], [ -97.798814, 22.285333 ], [ -97.79776, 22.283819 ], [ -97.796531, 22.281999 ], [ -97.795613, 22.280792 ], [ -97.794492, 22.279584 ], [ -97.793731, 22.278526 ], [ -97.79305, 22.27785 ], [ -97.792579, 22.277341 ], [ -97.792357, 22.276813 ], [ -97.793288, 22.275947 ], [ -97.794176, 22.27529 ], [ -97.794408, 22.275111 ], [ -97.79454, 22.275007 ], [ -97.794668, 22.274938 ], [ -97.794811, 22.27488 ], [ -97.795172, 22.274803 ], [ -97.795276, 22.27479 ], [ -97.795912, 22.274705 ], [ -97.796526, 22.274621 ], [ -97.797236, 22.274524 ], [ -97.797521, 22.274486 ], [ -97.797862, 22.274439 ], [ -97.798516, 22.27435 ], [ -97.799235, 22.274251 ], [ -97.799789, 22.274165 ], [ -97.800081, 22.274119 ], [ -97.800601, 22.274031 ], [ -97.801101, 22.273915 ], [ -97.801254, 22.273856 ], [ -97.80249, 22.273226 ], [ -97.803405, 22.27276 ], [ -97.804137, 22.272388 ], [ -97.804952, 22.27376 ], [ -97.805659, 22.275049 ], [ -97.806496, 22.276469 ], [ -97.808814, 22.280466 ], [ -97.809065, 22.280872 ], [ -97.8105, 22.283321 ], [ -97.812199, 22.286222 ], [ -97.813254, 22.288077 ], [ -97.811241, 22.289603 ], [ -97.810534, 22.290139 ], [ -97.809983, 22.290579 ], [ -97.809083, 22.291276 ], [ -97.807152, 22.29277 ], [ -97.806001, 22.293758 ], [ -97.80486, 22.294543 ] ] ] ] } },
{ "type": "Feature", "properties": { "CVEGEO": "2800900010353", "POB_TOT_20": 13.0, "POB_MASC_2": 7.0, "POB_FEM_20": 6.0, "origen": "2800900010353", "viajes_od_totales_salientes": 0.02, "viajes-total_salientes": 117.0, "viajes_od_totales_norm_salientes": 9.2131932927952829e-05, "viajes-total_norm_salientes": 0.088569265707797121, "AE_por_fila_salientes": 0.011059641721858646, "SE_por_fila_salientes": 0.00031817287885968298, "APE_por_fila_salientes": 99.695734291505431, "destino": "2800900010353", "viajes_od_totales_entrantes": 0.54, "viajes-total_entrantes": 252.0, "viajes_od_totales_norm_entrantes": 0.0024875621890547263, "viajes-total_norm_entrantes": 0.19076457229371688, "AE_por_fila_entrantes": 0.018827701010466217, "SE_por_fila_entrantes": 0.0011564503270774661, "APE_por_fila_entrantes": 95.828606103120961 }, "geometry": { "type": "MultiPolygon", "coordinates": [ [ [ [ -97.80486, 22.294543 ], [ -97.806001, 22.293758 ], [ -97.807152, 22.29277 ], [ -97.809083, 22.291276 ], [ -97.809983, 22.290579 ], [ -97.810534, 22.290139 ], [ -97.811241, 22.289603 ], [ -97.813254, 22.288077 ], [ -97.813322, 22.288024 ], [ -97.813699, 22.288344 ], [ -97.814217, 22.288797 ], [ -97.814466, 22.289043 ], [ -97.814611, 22.289178 ], [ -97.814833, 22.289412 ], [ -97.814938, 22.289545 ], [ -97.815053, 22.28971 ], [ -97.815132, 22.289846 ], [ -97.815181, 22.289959 ], [ -97.815232, 22.29011 ], [ -97.81532, 22.29036 ], [ -97.815369, 22.290673 ], [ -97.815409, 22.290934 ], [ -97.815428, 22.291102 ], [ -97.81549, 22.291642 ], [ -97.81551, 22.291963 ], [ -97.815502, 22.292322 ], [ -97.815468, 22.292942 ], [ -97.815395, 22.294296 ], [ -97.815344, 22.29529 ], [ -97.815312, 22.295899 ], [ -97.815293, 22.29634 ], [ -97.815275, 22.296639 ], [ -97.815265, 22.296829 ], [ -97.815261, 22.297113 ], [ -97.815275, 22.297252 ], [ -97.815298, 22.297399 ], [ -97.815338, 22.297514 ], [ -97.815374, 22.297615 ], [ -97.815429, 22.297716 ], [ -97.815494, 22.297835 ], [ -97.815648, 22.298035 ], [ -97.815744, 22.298143 ], [ -97.815979, 22.298414 ], [ -97.816107, 22.298564 ], [ -97.816209, 22.298681 ], [ -97.816337, 22.298839 ], [ -97.81641, 22.298938 ], [ -97.816494, 22.299049 ], [ -97.816555, 22.299158 ], [ -97.816594, 22.299227 ], [ -97.816632, 22.299311 ], [ -97.816737, 22.299574 ], [ -97.816775, 22.299755 ], [ -97.816798, 22.299924 ], [ -97.816828, 22.300249 ], [ -97.81683, 22.300291 ], [ -97.815566, 22.30057 ], [ -97.81479, 22.300804 ], [ -97.814631, 22.300755 ], [ -97.814542, 22.300667 ], [ -97.81449, 22.300647 ], [ -97.814293, 22.300676 ], [ -97.812533, 22.301402 ], [ -97.812453, 22.301504 ], [ -97.812354, 22.301783 ], [ -97.812301, 22.302004 ], [ -97.812192, 22.302082 ], [ -97.809669, 22.303077 ], [ -97.809319, 22.302363 ], [ -97.808583, 22.301116 ], [ -97.807915, 22.299784 ], [ -97.807178, 22.2986 ], [ -97.806639, 22.297572 ], [ -97.805924, 22.296388 ], [ -97.805099, 22.294972 ], [ -97.80486, 22.294543 ] ] ] ] } },
{ "type": "Feature", "properties": { "CVEGEO": "2800900010315", "POB_TOT_20": 56.0, "POB_MASC_2": 35.0, "POB_FEM_20": 21.0, "origen": "2800900010315", "viajes_od_totales_salientes": 0.0, "viajes-total_salientes": 1737.0, "viajes_od_totales_norm_salientes": 0.0, "viajes-total_norm_salientes": 1.3149129447388341, "AE_por_fila_salientes": 0.015653725532605169, "SE_por_fila_salientes": 0.00058693531583280307, "APE_por_fila_salientes": 98.80952380952381, "destino": "2800900010315", "viajes_od_totales_entrantes": 1.42, "viajes-total_entrantes": 1814.0, "viajes_od_totales_norm_entrantes": 0.0065413672378846505, "viajes-total_norm_entrantes": 1.3732021196063589, "AE_por_fila_entrantes": 0.016269770861529455, "SE_por_fila_entrantes": 0.00072057000351963458, "APE_por_fila_entrantes": 98.013363501972933 }, "geometry": { "type": "MultiPolygon", "coordinates": [ [ [ [ -97.809669, 22.303077 ], [ -97.812192, 22.302082 ], [ -97.812301, 22.302004 ], [ -97.812354, 22.301783 ], [ -97.812453, 22.301504 ], [ -97.812533, 22.301402 ], [ -97.814293, 22.300676 ], [ -97.81449, 22.300647 ], [ -97.814542, 22.300667 ], [ -97.814631, 22.300755 ], [ -97.81479, 22.300804 ], [ -97.815566, 22.30057 ], [ -97.81683, 22.300291 ], [ -97.819748, 22.299617 ], [ -97.819789, 22.300172 ], [ -97.819792, 22.30161 ], [ -97.819988, 22.302338 ], [ -97.820589, 22.30455 ], [ -97.82084, 22.305467 ], [ -97.821144, 22.30665 ], [ -97.821285, 22.307203 ], [ -97.822535, 22.306525 ], [ -97.822545, 22.306591 ], [ -97.822733, 22.307813 ], [ -97.823024, 22.309643 ], [ -97.823037, 22.309967 ], [ -97.822856, 22.309597 ], [ -97.822713, 22.309409 ], [ -97.822559, 22.309214 ], [ -97.822349, 22.309001 ], [ -97.822145, 22.308843 ], [ -97.821641, 22.30849 ], [ -97.821424, 22.308273 ], [ -97.816509, 22.309837 ], [ -97.816348, 22.309887 ], [ -97.814655, 22.310419 ], [ -97.813419, 22.310787 ], [ -97.813375, 22.310556 ], [ -97.813287, 22.310302 ], [ -97.813108, 22.310006 ], [ -97.812841, 22.309499 ], [ -97.812396, 22.308548 ], [ -97.811952, 22.307535 ], [ -97.811574, 22.306711 ], [ -97.810723, 22.305089 ], [ -97.809898, 22.303546 ], [ -97.809669, 22.303077 ] ] ] ] } },
{ "type": "Feature", "properties": { "CVEGEO": "2803800011211", "POB_TOT_20": 3060.0, "POB_MASC_2": 1445.0, "POB_FEM_20": 1615.0, "origen": "2803800011211", "viajes_od_totales_salientes": 130.54, "viajes-total_salientes": 6381.0, "viajes_od_totales_norm_salientes": 0.60134512622074809, "viajes-total_norm_salientes": 4.8304314912944735, "AE_por_fila_salientes": 0.028715082405172475, "SE_por_fila_salientes": 0.0022493951306431681, "APE_por_fila_salientes": 90.189877805816252, "destino": "2803800011211", "viajes_od_totales_entrantes": 52.22, "viajes-total_entrantes": 6345.0, "viajes_od_totales_norm_entrantes": 0.24055647687488482, "viajes-total_norm_entrantes": 4.8031794095382283, "AE_por_fila_entrantes": 0.029118574198706747, "SE_por_fila_entrantes": 0.002383940318902429, "APE_por_fila_entrantes": 97.4725852460314 }, "geometry": { "type": "MultiPolygon", "coordinates": [ [ [ [ -97.892374, 22.270587 ], [ -97.892685, 22.271366 ], [ -97.892844, 22.272067 ], [ -97.893001, 22.272841 ], [ -97.893271, 22.274582 ], [ -97.893665, 22.275054 ], [ -97.893826, 22.275232 ], [ -97.893826, 22.275233 ], [ -97.893731, 22.275454 ], [ -97.893543, 22.276003 ], [ -97.893614, 22.276326 ], [ -97.894122, 22.27863 ], [ -97.894176, 22.278873 ], [ -97.894484, 22.278834 ], [ -97.89545, 22.278716 ], [ -97.895298, 22.279288 ], [ -97.895139, 22.279906 ], [ -97.894978, 22.280536 ], [ -97.89488, 22.280681 ], [ -97.894834, 22.280731 ], [ -97.894577, 22.280921 ], [ -97.894662, 22.281351 ], [ -97.894867, 22.282401 ], [ -97.894321, 22.282495 ], [ -97.894014, 22.282549 ], [ -97.893707, 22.282604 ], [ -97.893361, 22.282665 ], [ -97.893372, 22.283022 ], [ -97.893381, 22.283408 ], [ -97.892989, 22.283442 ], [ -97.892973, 22.283159 ], [ -97.892621, 22.283197 ], [ -97.892311, 22.28323 ], [ -97.89242, 22.283969 ], [ -97.892218, 22.28401 ], [ -97.892157, 22.283673 ], [ -97.8921, 22.283265 ], [ -97.892099, 22.283252 ], [ -97.892084, 22.283136 ], [ -97.892033, 22.282758 ], [ -97.891961, 22.282226 ], [ -97.89195, 22.282148 ], [ -97.891898, 22.281752 ], [ -97.891875, 22.281579 ], [ -97.891831, 22.281135 ], [ -97.891823, 22.281032 ], [ -97.89179, 22.280646 ], [ -97.891776, 22.280491 ], [ -97.891738, 22.28012 ], [ -97.891715, 22.279899 ], [ -97.89169, 22.279649 ], [ -97.891683, 22.279582 ], [ -97.891552, 22.279575 ], [ -97.891536, 22.27933 ], [ -97.891512, 22.278958 ], [ -97.891502, 22.278794 ], [ -97.891493, 22.278622 ], [ -97.891473, 22.278247 ], [ -97.891469, 22.278215 ], [ -97.89141, 22.277927 ], [ -97.891396, 22.277862 ], [ -97.891321, 22.277595 ], [ -97.891292, 22.27749 ], [ -97.891223, 22.277267 ], [ -97.891175, 22.277208 ], [ -97.891004, 22.277032 ], [ -97.890844, 22.276867 ], [ -97.890799, 22.27682 ], [ -97.890641, 22.27668 ], [ -97.890561, 22.276604 ], [ -97.890482, 22.276528 ], [ -97.890205, 22.276282 ], [ -97.890076, 22.276166 ], [ -97.889784, 22.275965 ], [ -97.889715, 22.275946 ], [ -97.88927, 22.275821 ], [ -97.889052, 22.27576 ], [ -97.88921, 22.275347 ], [ -97.889356, 22.274977 ], [ -97.889526, 22.274545 ], [ -97.889658, 22.274211 ], [ -97.890288, 22.272611 ], [ -97.889299, 22.271724 ], [ -97.888714, 22.271178 ], [ -97.8895, 22.270366 ], [ -97.889537, 22.270385 ], [ -97.88972, 22.270492 ], [ -97.889788, 22.270532 ], [ -97.889861, 22.270574 ], [ -97.89, 22.270612 ], [ -97.890424, 22.270709 ], [ -97.890568, 22.270726 ], [ -97.891005, 22.270745 ], [ -97.891147, 22.270719 ], [ -97.891584, 22.270699 ], [ -97.891875, 22.270699 ], [ -97.892016, 22.270667 ], [ -97.892352, 22.270592 ], [ -97.892374, 22.270587 ] ] ] ] } },
{ "type": "Feature", "properties": { "CVEGEO": "2803800011404", "POB_TOT_20": 119.0, "POB_MASC_2": 57.0, "POB_FEM_20": 62.0, "origen": "2803800011404", "viajes_od_totales_salientes": 0.26, "viajes-total_salientes": 3871.0, "viajes_od_totales_norm_salientes": 0.0011977151280633867, "viajes-total_norm_salientes": 2.930355791067373, "AE_por_fila_salientes": 0.021225783158980504, "SE_por_fila_salientes": 0.0015030431145876427, "APE_por_fila_salientes": 99.24872967888075, "destino": "2803800011404", "viajes_od_totales_entrantes": 9.86, "viajes-total_entrantes": 4406.0, "viajes_od_totales_norm_entrantes": 0.045421042933480746, "viajes-total_norm_entrantes": 3.3353520060560182, "AE_por_fila_entrantes": 0.021644282652121954, "SE_por_fila_entrantes": 0.00173040511163851, "APE_por_fila_entrantes": 97.720157021469959 }, "geometry": { "type": "MultiPolygon", "coordinates": [ [ [ [ -97.892374, 22.270587 ], [ -97.892352, 22.270592 ], [ -97.892016, 22.270667 ], [ -97.891875, 22.270699 ], [ -97.891584, 22.270699 ], [ -97.891147, 22.270719 ], [ -97.891005, 22.270745 ], [ -97.890568, 22.270726 ], [ -97.890424, 22.270709 ], [ -97.89, 22.270612 ], [ -97.889861, 22.270574 ], [ -97.889788, 22.270532 ], [ -97.88972, 22.270492 ], [ -97.889537, 22.270385 ], [ -97.8895, 22.270366 ], [ -97.889456, 22.270344 ], [ -97.888733, 22.269708 ], [ -97.888699, 22.269678 ], [ -97.888666, 22.269649 ], [ -97.888455, 22.269463 ], [ -97.888357, 22.269382 ], [ -97.888262, 22.269312 ], [ -97.888161, 22.26932 ], [ -97.887882, 22.269397 ], [ -97.887642, 22.269551 ], [ -97.887549, 22.269654 ], [ -97.887415, 22.269707 ], [ -97.887275, 22.269744 ], [ -97.887059, 22.269927 ], [ -97.887003, 22.270052 ], [ -97.886956, 22.27018 ], [ -97.886859, 22.270281 ], [ -97.886695, 22.270505 ], [ -97.886657, 22.270636 ], [ -97.886656, 22.270772 ], [ -97.886652, 22.270824 ], [ -97.886647, 22.270872 ], [ -97.886642, 22.271173 ], [ -97.886657, 22.271308 ], [ -97.886693, 22.271439 ], [ -97.886747, 22.271565 ], [ -97.886792, 22.271693 ], [ -97.886706, 22.271802 ], [ -97.886588, 22.271882 ], [ -97.886462, 22.271949 ], [ -97.886439, 22.272003 ], [ -97.886421, 22.272046 ], [ -97.886284, 22.272253 ], [ -97.886153, 22.27231 ], [ -97.88613, 22.272313 ], [ -97.886058, 22.272317 ], [ -97.885989, 22.272322 ], [ -97.885862, 22.27233 ], [ -97.88572, 22.272357 ], [ -97.885618, 22.272261 ], [ -97.885505, 22.272176 ], [ -97.885557, 22.27205 ], [ -97.885539, 22.271915 ], [ -97.885393, 22.271924 ], [ -97.885284, 22.272014 ], [ -97.88521, 22.27213 ], [ -97.88511, 22.272031 ], [ -97.884966, 22.27205 ], [ -97.884824, 22.272077 ], [ -97.884754, 22.271958 ], [ -97.884735, 22.271923 ], [ -97.884714, 22.27188 ], [ -97.884693, 22.271652 ], [ -97.88469, 22.271381 ], [ -97.884642, 22.271253 ], [ -97.884521, 22.271177 ], [ -97.884241, 22.271104 ], [ -97.884095, 22.271107 ], [ -97.883825, 22.27121 ], [ -97.883705, 22.271287 ], [ -97.883582, 22.271359 ], [ -97.883487, 22.271446 ], [ -97.883374, 22.271549 ], [ -97.883298, 22.271664 ], [ -97.883193, 22.271758 ], [ -97.883053, 22.271791 ], [ -97.882983, 22.271673 ], [ -97.883009, 22.27154 ], [ -97.882927, 22.271428 ], [ -97.882911, 22.271293 ], [ -97.882944, 22.271161 ], [ -97.882996, 22.271035 ], [ -97.883021, 22.270901 ], [ -97.883001, 22.270767 ], [ -97.882933, 22.270647 ], [ -97.882908, 22.270514 ], [ -97.882891, 22.270379 ], [ -97.882858, 22.270247 ], [ -97.882784, 22.27013 ], [ -97.882698, 22.270021 ], [ -97.882785, 22.269763 ], [ -97.882845, 22.269639 ], [ -97.882806, 22.269508 ], [ -97.882781, 22.269374 ], [ -97.882645, 22.269325 ], [ -97.882513, 22.269383 ], [ -97.882281, 22.269219 ], [ -97.882194, 22.269111 ], [ -97.882173, 22.268977 ], [ -97.882185, 22.268707 ], [ -97.882224, 22.268438 ], [ -97.882108, 22.268046 ], [ -97.881981, 22.267979 ], [ -97.881844, 22.268027 ], [ -97.881756, 22.268135 ], [ -97.881664, 22.268239 ], [ -97.881373, 22.26825 ], [ -97.88123, 22.268225 ], [ -97.881085, 22.268209 ], [ -97.880806, 22.268284 ], [ -97.880556, 22.268424 ], [ -97.880207, 22.268669 ], [ -97.879999, 22.268859 ], [ -97.879682, 22.269138 ], [ -97.879582, 22.269236 ], [ -97.879296, 22.269282 ], [ -97.878714, 22.269259 ], [ -97.878423, 22.269245 ], [ -97.878287, 22.269199 ], [ -97.878009, 22.269118 ], [ -97.877872, 22.26907 ], [ -97.877732, 22.269036 ], [ -97.877472, 22.268913 ], [ -97.877326, 22.268914 ], [ -97.877144, 22.269126 ], [ -97.877122, 22.26926 ], [ -97.877168, 22.269528 ], [ -97.877219, 22.269655 ], [ -97.877246, 22.269787 ], [ -97.877201, 22.269916 ], [ -97.877171, 22.270048 ], [ -97.877031, 22.270083 ], [ -97.876889, 22.270056 ], [ -97.876771, 22.269978 ], [ -97.876705, 22.269856 ], [ -97.876601, 22.269762 ], [ -97.876469, 22.269704 ], [ -97.876341, 22.269641 ], [ -97.87634, 22.269506 ], [ -97.876395, 22.26938 ], [ -97.876479, 22.26927 ], [ -97.876495, 22.269223 ], [ -97.876508, 22.269181 ], [ -97.876524, 22.269049 ], [ -97.87645, 22.268952 ], [ -97.876451, 22.268817 ], [ -97.876555, 22.268723 ], [ -97.876696, 22.268689 ], [ -97.876828, 22.268632 ], [ -97.876953, 22.268562 ], [ -97.87707, 22.268482 ], [ -97.877198, 22.268417 ], [ -97.877237, 22.268352 ], [ -97.877236, 22.268285 ], [ -97.877138, 22.268311 ], [ -97.876995, 22.268338 ], [ -97.876853, 22.268367 ], [ -97.876711, 22.268395 ], [ -97.876568, 22.268424 ], [ -97.876428, 22.268443 ], [ -97.876398, 22.26831 ], [ -97.87631, 22.268199 ], [ -97.876067, 22.26805 ], [ -97.875927, 22.268079 ], [ -97.875782, 22.268095 ], [ -97.87574, 22.267967 ], [ -97.8756, 22.267923 ], [ -97.875459, 22.26795 ], [ -97.875319, 22.267919 ], [ -97.875223, 22.267818 ], [ -97.875101, 22.267742 ], [ -97.875075, 22.267611 ], [ -97.875144, 22.267494 ], [ -97.875282, 22.267485 ], [ -97.875583, 22.267487 ], [ -97.875692, 22.267398 ], [ -97.875689, 22.266985 ], [ -97.875677, 22.266853 ], [ -97.875639, 22.266725 ], [ -97.875627, 22.266455 ], [ -97.875667, 22.266336 ], [ -97.875673, 22.266312 ], [ -97.875677, 22.26629 ], [ -97.875764, 22.266238 ], [ -97.875894, 22.26618 ], [ -97.876038, 22.266129 ], [ -97.876176, 22.266173 ], [ -97.876321, 22.266187 ], [ -97.876415, 22.266095 ], [ -97.876524, 22.266147 ], [ -97.876614, 22.266253 ], [ -97.876826, 22.266438 ], [ -97.877051, 22.266611 ], [ -97.877416, 22.266834 ], [ -97.877548, 22.266899 ], [ -97.877662, 22.266958 ], [ -97.877774, 22.267022 ], [ -97.877894, 22.267072 ], [ -97.878046, 22.267127 ], [ -97.8782, 22.267163 ], [ -97.878333, 22.267199 ], [ -97.878447, 22.267222 ], [ -97.878586, 22.267234 ], [ -97.878718, 22.267243 ], [ -97.878855, 22.267216 ], [ -97.878983, 22.267157 ], [ -97.879164, 22.267081 ], [ -97.8793, 22.267001 ], [ -97.879369, 22.266953 ], [ -97.879564, 22.266861 ], [ -97.87968, 22.266798 ], [ -97.879918, 22.266652 ], [ -97.880015, 22.266554 ], [ -97.880127, 22.266479 ], [ -97.880148, 22.266376 ], [ -97.880155, 22.266233 ], [ -97.880109, 22.26611 ], [ -97.880066, 22.266027 ], [ -97.879972, 22.265841 ], [ -97.879861, 22.265676 ], [ -97.879751, 22.265525 ], [ -97.879669, 22.265432 ], [ -97.879589, 22.265398 ], [ -97.879531, 22.265329 ], [ -97.87953, 22.265235 ], [ -97.879561, 22.265131 ], [ -97.879616, 22.265052 ], [ -97.879628, 22.264968 ], [ -97.879563, 22.264907 ], [ -97.879468, 22.264881 ], [ -97.879382, 22.264818 ], [ -97.879333, 22.26473 ], [ -97.879348, 22.264646 ], [ -97.879405, 22.264555 ], [ -97.879464, 22.264418 ], [ -97.879527, 22.264312 ], [ -97.879565, 22.264201 ], [ -97.879685, 22.263922 ], [ -97.879752, 22.26394 ], [ -97.879837, 22.263854 ], [ -97.879882, 22.263774 ], [ -97.879877, 22.263698 ], [ -97.879848, 22.263602 ], [ -97.879836, 22.263528 ], [ -97.879857, 22.263484 ], [ -97.879938, 22.263416 ], [ -97.880013, 22.26328 ], [ -97.88005, 22.263166 ], [ -97.880064, 22.263028 ], [ -97.880029, 22.2627 ], [ -97.879547, 22.262401 ], [ -97.87949, 22.262337 ], [ -97.879461, 22.26225 ], [ -97.879444, 22.262148 ], [ -97.879431, 22.262049 ], [ -97.879386, 22.261971 ], [ -97.879327, 22.261862 ], [ -97.879273, 22.261783 ], [ -97.879179, 22.261698 ], [ -97.879068, 22.26165 ], [ -97.878958, 22.261581 ], [ -97.878882, 22.261523 ], [ -97.878804, 22.261467 ], [ -97.878713, 22.261423 ], [ -97.878586, 22.261412 ], [ -97.878578, 22.261315 ], [ -97.878651, 22.261254 ], [ -97.878798, 22.261246 ], [ -97.879054, 22.261283 ], [ -97.87928, 22.261319 ], [ -97.879518, 22.261307 ], [ -97.879581, 22.261253 ], [ -97.879603, 22.261174 ], [ -97.879638, 22.261043 ], [ -97.879561, 22.260939 ], [ -97.879405, 22.260857 ], [ -97.879234, 22.260795 ], [ -97.878892, 22.260644 ], [ -97.878925, 22.260522 ], [ -97.879052, 22.260529 ], [ -97.879194, 22.260557 ], [ -97.879328, 22.260596 ], [ -97.879466, 22.260596 ], [ -97.879571, 22.260517 ], [ -97.879734, 22.260469 ], [ -97.879892, 22.26043 ], [ -97.880127, 22.260271 ], [ -97.880508, 22.260072 ], [ -97.880863, 22.259835 ], [ -97.881105, 22.259684 ], [ -97.881202, 22.259568 ], [ -97.881303, 22.259457 ], [ -97.881381, 22.259337 ], [ -97.881472, 22.259254 ], [ -97.881547, 22.259157 ], [ -97.881642, 22.259071 ], [ -97.881911, 22.258968 ], [ -97.882099, 22.258942 ], [ -97.882199, 22.258928 ], [ -97.882485, 22.258874 ], [ -97.882591, 22.258782 ], [ -97.882735, 22.258762 ], [ -97.883316, 22.258788 ], [ -97.883898, 22.25881 ], [ -97.884326, 22.258888 ], [ -97.884763, 22.2589 ], [ -97.884924, 22.258879 ], [ -97.885039, 22.258815 ], [ -97.885118, 22.258764 ], [ -97.885187, 22.258721 ], [ -97.8853, 22.258632 ], [ -97.885431, 22.258527 ], [ -97.885538, 22.258341 ], [ -97.885586, 22.258181 ], [ -97.885636, 22.258017 ], [ -97.88564, 22.257849 ], [ -97.885636, 22.257647 ], [ -97.885653, 22.257497 ], [ -97.88568, 22.257314 ], [ -97.885683, 22.257155 ], [ -97.885696, 22.256964 ], [ -97.885661, 22.256765 ], [ -97.885641, 22.256623 ], [ -97.88563, 22.256539 ], [ -97.88559, 22.256376 ], [ -97.885445, 22.256126 ], [ -97.88533, 22.256076 ], [ -97.885192, 22.256119 ], [ -97.885066, 22.256081 ], [ -97.885002, 22.256008 ], [ -97.885027, 22.255892 ], [ -97.88512, 22.255778 ], [ -97.885059, 22.255701 ], [ -97.884864, 22.255644 ], [ -97.884542, 22.255603 ], [ -97.884348, 22.25553 ], [ -97.884175, 22.255492 ], [ -97.883929, 22.255452 ], [ -97.883666, 22.255399 ], [ -97.883429, 22.25533 ], [ -97.883228, 22.255205 ], [ -97.883086, 22.255069 ], [ -97.882924, 22.254903 ], [ -97.882802, 22.254778 ], [ -97.882727, 22.254569 ], [ -97.882672, 22.254418 ], [ -97.882614, 22.254232 ], [ -97.882584, 22.254103 ], [ -97.882562, 22.25401 ], [ -97.88251, 22.253818 ], [ -97.882471, 22.253688 ], [ -97.8824, 22.253486 ], [ -97.882282, 22.253269 ], [ -97.882166, 22.253099 ], [ -97.882051, 22.252947 ], [ -97.881902, 22.252833 ], [ -97.881754, 22.252744 ], [ -97.881593, 22.25272 ], [ -97.881443, 22.252653 ], [ -97.881365, 22.252579 ], [ -97.881363, 22.252575 ], [ -97.881329, 22.252463 ], [ -97.881289, 22.252318 ], [ -97.881253, 22.252201 ], [ -97.881219, 22.252079 ], [ -97.881246, 22.252057 ], [ -97.881275, 22.252034 ], [ -97.881358, 22.251878 ], [ -97.881369, 22.251743 ], [ -97.881363, 22.251608 ], [ -97.881321, 22.251339 ], [ -97.881291, 22.251207 ], [ -97.881228, 22.250942 ], [ -97.881196, 22.25081 ], [ -97.881141, 22.250544 ], [ -97.881118, 22.25041 ], [ -97.881093, 22.250276 ], [ -97.88106, 22.250144 ], [ -97.881002, 22.25002 ], [ -97.880938, 22.249899 ], [ -97.880891, 22.24977 ], [ -97.880856, 22.249639 ], [ -97.880823, 22.249507 ], [ -97.880719, 22.249375 ], [ -97.880774, 22.24924 ], [ -97.880776, 22.249104 ], [ -97.880757, 22.24897 ], [ -97.880657, 22.248872 ], [ -97.880672, 22.248737 ], [ -97.880623, 22.248609 ], [ -97.880524, 22.24851 ], [ -97.880447, 22.248395 ], [ -97.880366, 22.248282 ], [ -97.880251, 22.248183 ], [ -97.880144, 22.248107 ], [ -97.880007, 22.248061 ], [ -97.879885, 22.247987 ], [ -97.879636, 22.247847 ], [ -97.879438, 22.247737 ], [ -97.879206, 22.247574 ], [ -97.879084, 22.2475 ], [ -97.878834, 22.247361 ], [ -97.8786, 22.2472 ], [ -97.878497, 22.247105 ], [ -97.878399, 22.247004 ], [ -97.878211, 22.246798 ], [ -97.878131, 22.246685 ], [ -97.878107, 22.246551 ], [ -97.878104, 22.24628 ], [ -97.878125, 22.246146 ], [ -97.878172, 22.246019 ], [ -97.878265, 22.245914 ], [ -97.878354, 22.245807 ], [ -97.878435, 22.245694 ], [ -97.878486, 22.245568 ], [ -97.878578, 22.245462 ], [ -97.878703, 22.245393 ], [ -97.878827, 22.245323 ], [ -97.878947, 22.245246 ], [ -97.879033, 22.245176 ], [ -97.879105, 22.245088 ], [ -97.879105, 22.245083 ], [ -97.879097, 22.245027 ], [ -97.879065, 22.244773 ], [ -97.878994, 22.244235 ], [ -97.87892, 22.243697 ], [ -97.878961, 22.243568 ], [ -97.879086, 22.243498 ], [ -97.879058, 22.243438 ], [ -97.878807, 22.243497 ], [ -97.878747, 22.243359 ], [ -97.87887, 22.243318 ], [ -97.878978, 22.243288 ], [ -97.878974, 22.243219 ], [ -97.878996, 22.243096 ], [ -97.878963, 22.243003 ], [ -97.87883, 22.243037 ], [ -97.87867, 22.243093 ], [ -97.878646, 22.243032 ], [ -97.878642, 22.242983 ], [ -97.878753, 22.242961 ], [ -97.878874, 22.242915 ], [ -97.878873, 22.24286 ], [ -97.878851, 22.242726 ], [ -97.878826, 22.242617 ], [ -97.878685, 22.242658 ], [ -97.878528, 22.242703 ], [ -97.878472, 22.242615 ], [ -97.878335, 22.242376 ], [ -97.878077, 22.242047 ], [ -97.877851, 22.241877 ], [ -97.877562, 22.24184 ], [ -97.877417, 22.24185 ], [ -97.877272, 22.241856 ], [ -97.876981, 22.241868 ], [ -97.876837, 22.241848 ], [ -97.876351, 22.24155 ], [ -97.876134, 22.24137 ], [ -97.875927, 22.241012 ], [ -97.875951, 22.240879 ], [ -97.875976, 22.240745 ], [ -97.876119, 22.240081 ], [ -97.876164, 22.239813 ], [ -97.876196, 22.239544 ], [ -97.876219, 22.23941 ], [ -97.876294, 22.239295 ], [ -97.876395, 22.239197 ], [ -97.876483, 22.239141 ], [ -97.876471, 22.239081 ], [ -97.876409, 22.238958 ], [ -97.876309, 22.238859 ], [ -97.876194, 22.238776 ], [ -97.876074, 22.238699 ], [ -97.875938, 22.238651 ], [ -97.875799, 22.238612 ], [ -97.875741, 22.238577 ], [ -97.875736, 22.238491 ], [ -97.875856, 22.238414 ], [ -97.875973, 22.238334 ], [ -97.876032, 22.238287 ], [ -97.87602, 22.238204 ], [ -97.875933, 22.238232 ], [ -97.875876, 22.238185 ], [ -97.875797, 22.238071 ], [ -97.875733, 22.237949 ], [ -97.875702, 22.237817 ], [ -97.87568, 22.237683 ], [ -97.875669, 22.237548 ], [ -97.87566, 22.237413 ], [ -97.875671, 22.237278 ], [ -97.875744, 22.237161 ], [ -97.875759, 22.237026 ], [ -97.875725, 22.236894 ], [ -97.875712, 22.236759 ], [ -97.875696, 22.236624 ], [ -97.875691, 22.236489 ], [ -97.875689, 22.236354 ], [ -97.875684, 22.236218 ], [ -97.87567, 22.236083 ], [ -97.875652, 22.235949 ], [ -97.875626, 22.235815 ], [ -97.875541, 22.235705 ], [ -97.875452, 22.235598 ], [ -97.875439, 22.235464 ], [ -97.875489, 22.235337 ], [ -97.875533, 22.235207 ], [ -97.875525, 22.235072 ], [ -97.875496, 22.234939 ], [ -97.87545, 22.23481 ], [ -97.875383, 22.23469 ], [ -97.87534, 22.234561 ], [ -97.875323, 22.234426 ], [ -97.875314, 22.234291 ], [ -97.875309, 22.234156 ], [ -97.875277, 22.234023 ], [ -97.875219, 22.233899 ], [ -97.875144, 22.233782 ], [ -97.875051, 22.233679 ], [ -97.874935, 22.233596 ], [ -97.874789, 22.233611 ], [ -97.874862, 22.233729 ], [ -97.874829, 22.23386 ], [ -97.874718, 22.233945 ], [ -97.874637, 22.233834 ], [ -97.874573, 22.233712 ], [ -97.874499, 22.233595 ], [ -97.874385, 22.233443 ], [ -97.874375, 22.233421 ], [ -97.874365, 22.233396 ], [ -97.874482, 22.233348 ], [ -97.874577, 22.233292 ], [ -97.874588, 22.233157 ], [ -97.874535, 22.23303 ], [ -97.874454, 22.232917 ], [ -97.874315, 22.232958 ], [ -97.874176, 22.232919 ], [ -97.874146, 22.232787 ], [ -97.874125, 22.232653 ], [ -97.874116, 22.232518 ], [ -97.874118, 22.232382 ], [ -97.874133, 22.232247 ], [ -97.87415, 22.232113 ], [ -97.874161, 22.231978 ], [ -97.87422, 22.231854 ], [ -97.874247, 22.231721 ], [ -97.874256, 22.231585 ], [ -97.874244, 22.23145 ], [ -97.874216, 22.231317 ], [ -97.87419, 22.231184 ], [ -97.874181, 22.231133 ], [ -97.874166, 22.23105 ], [ -97.874147, 22.230916 ], [ -97.874081, 22.230795 ], [ -97.873939, 22.230766 ], [ -97.873793, 22.230774 ], [ -97.873651, 22.230805 ], [ -97.873511, 22.23084 ], [ -97.873367, 22.23082 ], [ -97.873239, 22.230756 ], [ -97.87315, 22.230649 ], [ -97.873101, 22.230522 ], [ -97.873057, 22.230393 ], [ -97.873005, 22.230266 ], [ -97.872938, 22.230145 ], [ -97.872847, 22.23004 ], [ -97.872774, 22.229923 ], [ -97.872713, 22.2298 ], [ -97.87268, 22.229668 ], [ -97.872669, 22.229533 ], [ -97.872664, 22.229397 ], [ -97.872664, 22.229262 ], [ -97.872659, 22.229126 ], [ -97.872623, 22.228995 ], [ -97.872607, 22.22886 ], [ -97.872605, 22.228837 ], [ -97.872605, 22.228812 ], [ -97.872707, 22.228716 ], [ -97.872775, 22.228596 ], [ -97.872776, 22.22846 ], [ -97.872686, 22.228353 ], [ -97.872562, 22.228282 ], [ -97.872612, 22.228156 ], [ -97.872725, 22.228071 ], [ -97.872664, 22.227947 ], [ -97.87273, 22.227826 ], [ -97.872674, 22.227701 ], [ -97.872705, 22.227569 ], [ -97.872719, 22.227434 ], [ -97.872679, 22.227303 ], [ -97.872595, 22.227192 ], [ -97.87254, 22.227067 ], [ -97.872567, 22.226935 ], [ -97.872652, 22.226824 ], [ -97.872613, 22.226728 ], [ -97.872585, 22.226661 ], [ -97.872581, 22.226614 ], [ -97.872377, 22.226667 ], [ -97.871968, 22.226762 ], [ -97.871926, 22.226692 ], [ -97.871754, 22.226344 ], [ -97.871619, 22.226137 ], [ -97.871489, 22.225885 ], [ -97.871195, 22.225347 ], [ -97.870884, 22.224807 ], [ -97.8706, 22.224291 ], [ -97.870499, 22.224105 ], [ -97.870435, 22.223841 ], [ -97.870292, 22.223162 ], [ -97.870157, 22.222338 ], [ -97.870046, 22.221713 ], [ -97.870023, 22.221612 ], [ -97.869967, 22.221404 ], [ -97.869942, 22.221363 ], [ -97.869833, 22.221184 ], [ -97.869155, 22.220465 ], [ -97.869005, 22.220235 ], [ -97.86844, 22.219201 ], [ -97.868202, 22.218923 ], [ -97.867844, 22.218578 ], [ -97.866781, 22.217647 ], [ -97.866509, 22.217409 ], [ -97.866062, 22.216869 ], [ -97.865918, 22.216694 ], [ -97.865426, 22.215845 ], [ -97.865458, 22.215828 ], [ -97.865535, 22.215789 ], [ -97.865576, 22.215745 ], [ -97.865592, 22.215728 ], [ -97.865524, 22.21561 ], [ -97.86539, 22.215497 ], [ -97.865309, 22.215428 ], [ -97.865127, 22.215216 ], [ -97.865042, 22.215106 ], [ -97.864947, 22.214985 ], [ -97.864871, 22.214887 ], [ -97.864809, 22.214764 ], [ -97.864791, 22.214708 ], [ -97.864948, 22.214732 ], [ -97.865378, 22.214799 ], [ -97.866054, 22.214904 ], [ -97.867711, 22.215569 ], [ -97.867741, 22.215732 ], [ -97.86778, 22.215868 ], [ -97.867953, 22.216016 ], [ -97.867956, 22.216019 ], [ -97.868266, 22.21621 ], [ -97.868269, 22.216212 ], [ -97.868527, 22.216388 ], [ -97.868531, 22.216391 ], [ -97.86915, 22.216943 ], [ -97.869278, 22.217057 ], [ -97.870296, 22.217995 ], [ -97.871101, 22.21874 ], [ -97.871836, 22.219448 ], [ -97.871852, 22.219471 ], [ -97.8726, 22.220442 ], [ -97.872751, 22.220633 ], [ -97.873186, 22.221369 ], [ -97.873298, 22.221554 ], [ -97.873904, 22.222394 ], [ -97.874637, 22.22334 ], [ -97.874697, 22.223423 ], [ -97.875077, 22.223948 ], [ -97.875186, 22.224201 ], [ -97.875277, 22.224464 ], [ -97.875345, 22.224688 ], [ -97.875677, 22.225793 ], [ -97.875877, 22.225738 ], [ -97.875977, 22.22571 ], [ -97.876502, 22.225565 ], [ -97.87715, 22.225397 ], [ -97.877795, 22.225229 ], [ -97.878388, 22.225074 ], [ -97.879553, 22.224769 ], [ -97.879694, 22.224732 ], [ -97.881039, 22.224378 ], [ -97.881461, 22.224267 ], [ -97.882107, 22.224171 ], [ -97.882306, 22.224166 ], [ -97.883033, 22.224148 ], [ -97.883695, 22.224233 ], [ -97.884332, 22.224378 ], [ -97.884741, 22.224511 ], [ -97.885327, 22.224795 ], [ -97.886659, 22.225448 ], [ -97.887427, 22.22583 ], [ -97.888413, 22.22632 ], [ -97.888833, 22.22653 ], [ -97.889771, 22.227009 ], [ -97.89013, 22.227173 ], [ -97.890326, 22.227215 ], [ -97.890751, 22.227307 ], [ -97.891055, 22.227351 ], [ -97.891237, 22.227377 ], [ -97.891295, 22.22738 ], [ -97.89154, 22.227379 ], [ -97.89191, 22.227359 ], [ -97.892329, 22.227289 ], [ -97.892884, 22.227156 ], [ -97.893131, 22.227095 ], [ -97.893155, 22.227187 ], [ -97.893176, 22.227261 ], [ -97.893412, 22.228088 ], [ -97.893503, 22.228491 ], [ -97.893524, 22.228665 ], [ -97.893545, 22.228788 ], [ -97.893554, 22.228808 ], [ -97.893607, 22.228934 ], [ -97.893674, 22.229102 ], [ -97.893709, 22.229188 ], [ -97.89376, 22.229315 ], [ -97.893795, 22.229447 ], [ -97.893829, 22.229579 ], [ -97.893852, 22.229712 ], [ -97.893823, 22.229845 ], [ -97.893775, 22.229973 ], [ -97.893742, 22.230072 ], [ -97.893689, 22.230232 ], [ -97.893685, 22.230367 ], [ -97.893687, 22.230503 ], [ -97.893689, 22.230638 ], [ -97.893733, 22.230768 ], [ -97.893777, 22.230897 ], [ -97.893835, 22.231021 ], [ -97.893889, 22.231147 ], [ -97.893961, 22.231264 ], [ -97.89403, 22.231384 ], [ -97.894095, 22.231505 ], [ -97.894161, 22.231626 ], [ -97.894222, 22.231749 ], [ -97.894284, 22.231871 ], [ -97.894347, 22.231994 ], [ -97.894404, 22.232118 ], [ -97.894449, 22.232247 ], [ -97.894486, 22.232355 ], [ -97.894508, 22.23241 ], [ -97.894541, 22.232504 ], [ -97.894593, 22.232631 ], [ -97.894635, 22.23276 ], [ -97.8947, 22.232881 ], [ -97.894779, 22.232996 ], [ -97.894763, 22.233048 ], [ -97.894723, 22.233178 ], [ -97.894754, 22.233311 ], [ -97.894815, 22.233434 ], [ -97.89485, 22.233577 ], [ -97.894841, 22.233704 ], [ -97.89484, 22.233739 ], [ -97.894839, 22.233843 ], [ -97.894839, 22.233844 ], [ -97.894827, 22.233976 ], [ -97.894807, 22.23411 ], [ -97.894796, 22.23425 ], [ -97.894776, 22.234381 ], [ -97.894758, 22.234515 ], [ -97.894709, 22.234642 ], [ -97.894709, 22.234643 ], [ -97.894691, 22.234777 ], [ -97.894684, 22.234912 ], [ -97.894608, 22.235028 ], [ -97.894593, 22.235163 ], [ -97.89459, 22.235298 ], [ -97.894575, 22.235433 ], [ -97.894571, 22.235568 ], [ -97.894536, 22.2357 ], [ -97.894524, 22.235835 ], [ -97.894523, 22.235971 ], [ -97.894545, 22.236179 ], [ -97.894609, 22.236301 ], [ -97.894628, 22.236435 ], [ -97.894669, 22.236565 ], [ -97.894669, 22.236566 ], [ -97.894679, 22.236701 ], [ -97.894757, 22.236815 ], [ -97.894809, 22.236942 ], [ -97.89481, 22.237077 ], [ -97.894825, 22.237212 ], [ -97.89487, 22.237341 ], [ -97.894885, 22.237476 ], [ -97.894882, 22.237611 ], [ -97.894883, 22.237724 ], [ -97.894896, 22.237853 ], [ -97.894902, 22.237971 ], [ -97.894867, 22.238152 ], [ -97.894832, 22.238281 ], [ -97.894809, 22.238405 ], [ -97.89477, 22.238539 ], [ -97.894762, 22.238572 ], [ -97.894735, 22.238674 ], [ -97.894704, 22.238766 ], [ -97.894692, 22.238801 ], [ -97.894648, 22.238932 ], [ -97.894632, 22.239066 ], [ -97.894633, 22.239202 ], [ -97.894648, 22.239337 ], [ -97.894748, 22.239435 ], [ -97.894839, 22.239541 ], [ -97.894848, 22.239676 ], [ -97.894831, 22.23981 ], [ -97.894831, 22.239811 ], [ -97.89481, 22.239945 ], [ -97.894742, 22.240064 ], [ -97.894658, 22.240175 ], [ -97.894585, 22.240292 ], [ -97.894475, 22.240381 ], [ -97.894408, 22.240501 ], [ -97.894328, 22.240614 ], [ -97.894219, 22.240704 ], [ -97.894074, 22.240717 ], [ -97.893945, 22.24078 ], [ -97.893916, 22.240912 ], [ -97.893775, 22.240947 ], [ -97.89364, 22.240997 ], [ -97.893552, 22.241105 ], [ -97.893538, 22.241148 ], [ -97.893509, 22.241235 ], [ -97.893442, 22.241355 ], [ -97.893321, 22.24143 ], [ -97.893176, 22.241448 ], [ -97.893037, 22.241488 ], [ -97.892914, 22.241559 ], [ -97.89284, 22.241676 ], [ -97.892761, 22.24179 ], [ -97.892629, 22.241845 ], [ -97.892587, 22.241869 ], [ -97.892505, 22.241916 ], [ -97.89238, 22.241987 ], [ -97.892236, 22.242006 ], [ -97.892093, 22.24203 ], [ -97.891987, 22.242123 ], [ -97.891844, 22.24215 ], [ -97.891712, 22.242207 ], [ -97.891568, 22.242223 ], [ -97.891424, 22.242241 ], [ -97.891297, 22.242308 ], [ -97.891075, 22.243221 ], [ -97.890972, 22.243483 ], [ -97.890819, 22.243868 ], [ -97.890685, 22.244209 ], [ -97.890502, 22.24467 ], [ -97.889587, 22.247149 ], [ -97.888137, 22.251448 ], [ -97.886626, 22.255724 ], [ -97.886478, 22.256415 ], [ -97.886432, 22.257223 ], [ -97.886432, 22.257224 ], [ -97.886499, 22.257973 ], [ -97.886715, 22.258758 ], [ -97.886876, 22.259167 ], [ -97.889865, 22.265499 ], [ -97.892374, 22.270587 ] ] ] ] } },
{ "type": "Feature", "properties": { "CVEGEO": "2803800010444", "POB_TOT_20": 3146.0, "POB_MASC_2": 1556.0, "POB_FEM_20": 1590.0, "origen": "2803800010444", "viajes_od_totales_salientes": 267.64, "viajes-total_salientes": 2599.0, "viajes_od_totales_norm_salientes": 1.2329095264418646, "viajes-total_norm_salientes": 1.967448902346707, "AE_por_fila_salientes": 0.027123199614973281, "SE_por_fila_salientes": 0.0036314157426203457, "APE_por_fila_salientes": 127.98098567885876, "destino": "2803800010444", "viajes_od_totales_entrantes": 38.32, "viajes-total_entrantes": 3113.0, "viajes_od_totales_norm_entrantes": 0.17652478348995762, "viajes-total_norm_entrantes": 2.3565480696442087, "AE_por_fila_entrantes": 0.025108220810515416, "SE_por_fila_entrantes": 0.0019641212125352516, "APE_por_fila_entrantes": 91.489736324803928 }, "geometry": { "type": "MultiPolygon", "coordinates": [ [ [ [ -97.873904, 22.222394 ], [ -97.873298, 22.221554 ], [ -97.873186, 22.221369 ], [ -97.872751, 22.220633 ], [ -97.8726, 22.220442 ], [ -97.871852, 22.219471 ], [ -97.871836, 22.219448 ], [ -97.871101, 22.21874 ], [ -97.870296, 22.217995 ], [ -97.869278, 22.217057 ], [ -97.86915, 22.216943 ], [ -97.868531, 22.216391 ], [ -97.868527, 22.216388 ], [ -97.868269, 22.216212 ], [ -97.868266, 22.21621 ], [ -97.867956, 22.216019 ], [ -97.867953, 22.216016 ], [ -97.86778, 22.215868 ], [ -97.867741, 22.215732 ], [ -97.867711, 22.215569 ], [ -97.866054, 22.214904 ], [ -97.865378, 22.214799 ], [ -97.864948, 22.214732 ], [ -97.864791, 22.214708 ], [ -97.864717, 22.214684 ], [ -97.864763, 22.214648 ], [ -97.864737, 22.21452 ], [ -97.864722, 22.214407 ], [ -97.864723, 22.214362 ], [ -97.864687, 22.214289 ], [ -97.86467, 22.214255 ], [ -97.864657, 22.214222 ], [ -97.86465, 22.21389 ], [ -97.865811, 22.211961 ], [ -97.870105, 22.213415 ], [ -97.870475, 22.213579 ], [ -97.876398, 22.216214 ], [ -97.876088, 22.217635 ], [ -97.876005, 22.217828 ], [ -97.875716, 22.21847 ], [ -97.875676, 22.218493 ], [ -97.875632, 22.218518 ], [ -97.875599, 22.218537 ], [ -97.87552, 22.218719 ], [ -97.875247, 22.219347 ], [ -97.874985, 22.219948 ], [ -97.874724, 22.220538 ], [ -97.87445, 22.221161 ], [ -97.874182, 22.22177 ], [ -97.873928, 22.222338 ], [ -97.873904, 22.222394 ] ] ] ] } },
{ "type": "Feature", "properties": { "CVEGEO": "280380001043A", "POB_TOT_20": 3837.0, "POB_MASC_2": 1879.0, "POB_FEM_20": 1958.0, "origen": "280380001043A", "viajes_od_totales_salientes": 290.98, "viajes-total_salientes": 4160.0, "viajes_od_totales_norm_salientes": 1.3404274921687858, "viajes-total_norm_salientes": 3.1491294473883422, "AE_por_fila_salientes": 0.032185254032952602, "SE_por_fila_salientes": 0.0045376741059474732, "APE_por_fila_salientes": 118.97583951879103, "destino": null, "viajes_od_totales_entrantes": null, "viajes-total_entrantes": null, "viajes_od_totales_norm_entrantes": null, "viajes-total_norm_entrantes": null, "AE_por_fila_entrantes": null, "SE_por_fila_entrantes": null, "APE_por_fila_entrantes": null }, "geometry": { "type": "MultiPolygon", "coordinates": [ [ [ [ -97.87715, 22.225397 ], [ -97.876502, 22.225565 ], [ -97.875977, 22.22571 ], [ -97.875877, 22.225738 ], [ -97.875677, 22.225793 ], [ -97.875345, 22.224688 ], [ -97.875277, 22.224464 ], [ -97.875186, 22.224201 ], [ -97.875077, 22.223948 ], [ -97.874697, 22.223423 ], [ -97.874637, 22.22334 ], [ -97.873904, 22.222394 ], [ -97.873928, 22.222338 ], [ -97.874182, 22.22177 ], [ -97.87445, 22.221161 ], [ -97.874724, 22.220538 ], [ -97.874985, 22.219948 ], [ -97.875247, 22.219347 ], [ -97.87552, 22.218719 ], [ -97.875599, 22.218537 ], [ -97.875632, 22.218518 ], [ -97.875676, 22.218493 ], [ -97.875716, 22.21847 ], [ -97.876005, 22.217828 ], [ -97.876088, 22.217635 ], [ -97.876398, 22.216214 ], [ -97.878649, 22.217152 ], [ -97.877979, 22.218425 ], [ -97.877631, 22.219184 ], [ -97.878591, 22.219531 ], [ -97.878583, 22.21958 ], [ -97.878966, 22.21988 ], [ -97.879147, 22.220251 ], [ -97.879218, 22.220764 ], [ -97.87922, 22.220816 ], [ -97.879193, 22.220919 ], [ -97.878954, 22.221463 ], [ -97.878689, 22.222069 ], [ -97.878421, 22.222679 ], [ -97.878125, 22.223322 ], [ -97.877858, 22.223908 ], [ -97.877569, 22.224523 ], [ -97.877342, 22.224997 ], [ -97.877262, 22.225164 ], [ -97.87715, 22.225397 ] ] ] ] } },
{ "type": "Feature", "properties": { "CVEGEO": "2803800010425", "POB_TOT_20": 3895.0, "POB_MASC_2": 1878.0, "POB_FEM_20": 2017.0, "origen": "2803800010425", "viajes_od_totales_salientes": 122.14, "viajes-total_salientes": 2380.0, "viajes_od_totales_norm_salientes": 0.56264971439100797, "viajes-total_norm_salientes": 1.8016654049962151, "AE_por_fila_salientes": 0.02399542577416185, "SE_por_fila_salientes": 0.0023145555440718898, "APE_por_fila_salientes": 115.29996342986067, "destino": "2803800010425", "viajes_od_totales_entrantes": 109.96, "viajes-total_entrantes": 3044.0, "viajes_od_totales_norm_entrantes": 0.50654136723788468, "viajes-total_norm_entrantes": 2.3043149129447387, "AE_por_fila_entrantes": 0.027352280754710946, "SE_por_fila_entrantes": 0.0026989844583092558, "APE_por_fila_entrantes": 88.699256923746461 }, "geometry": { "type": "MultiPolygon", "coordinates": [ [ [ [ -97.883033, 22.224148 ], [ -97.882306, 22.224166 ], [ -97.882107, 22.224171 ], [ -97.881461, 22.224267 ], [ -97.881039, 22.224378 ], [ -97.879694, 22.224732 ], [ -97.879553, 22.224769 ], [ -97.878388, 22.225074 ], [ -97.877795, 22.225229 ], [ -97.87715, 22.225397 ], [ -97.877262, 22.225164 ], [ -97.877342, 22.224997 ], [ -97.877569, 22.224523 ], [ -97.877858, 22.223908 ], [ -97.878125, 22.223322 ], [ -97.878421, 22.222679 ], [ -97.878689, 22.222069 ], [ -97.878954, 22.221463 ], [ -97.879193, 22.220919 ], [ -97.87922, 22.220816 ], [ -97.879218, 22.220764 ], [ -97.879147, 22.220251 ], [ -97.878966, 22.21988 ], [ -97.878583, 22.21958 ], [ -97.878591, 22.219531 ], [ -97.877631, 22.219184 ], [ -97.877979, 22.218425 ], [ -97.878649, 22.217152 ], [ -97.883073, 22.218994 ], [ -97.894961, 22.222378 ], [ -97.895157, 22.222706 ], [ -97.895999, 22.224114 ], [ -97.89615, 22.224369 ], [ -97.896166, 22.224396 ], [ -97.895574, 22.224449 ], [ -97.895404, 22.224504 ], [ -97.895225, 22.224528 ], [ -97.894679, 22.2246 ], [ -97.89403, 22.224684 ], [ -97.893355, 22.224735 ], [ -97.892654, 22.22469 ], [ -97.892476, 22.224678 ], [ -97.892053, 22.224644 ], [ -97.891744, 22.224618 ], [ -97.891147, 22.224519 ], [ -97.890909, 22.224432 ], [ -97.889889, 22.224045 ], [ -97.888195, 22.223437 ], [ -97.887851, 22.223307 ], [ -97.887016, 22.223005 ], [ -97.886771, 22.222914 ], [ -97.885548, 22.223218 ], [ -97.885309, 22.223277 ], [ -97.885039, 22.223344 ], [ -97.884406, 22.223496 ], [ -97.884312, 22.223513 ], [ -97.883627, 22.223744 ], [ -97.883407, 22.223805 ], [ -97.883317, 22.223925 ], [ -97.883209, 22.223951 ], [ -97.883121, 22.224043 ], [ -97.883033, 22.224148 ] ] ] ] } },
{ "type": "Feature", "properties": { "CVEGEO": "2803800011137", "POB_TOT_20": 2804.0, "POB_MASC_2": 1339.0, "POB_FEM_20": 1465.0, "origen": "2803800011137", "viajes_od_totales_salientes": 53.76, "viajes-total_salientes": 1551.0, "viajes_od_totales_norm_salientes": 0.24765063571033719, "viajes-total_norm_salientes": 1.1741105223315669, "AE_por_fila_salientes": 0.020578740936445367, "SE_por_fila_salientes": 0.003006536526195344, "APE_por_fila_salientes": 90.767484389800458, "destino": "2803800011137", "viajes_od_totales_entrantes": 100.18, "viajes-total_entrantes": 1715.0, "viajes_od_totales_norm_entrantes": 0.46148885203611573, "viajes-total_norm_entrantes": 1.2982588947766842, "AE_por_fila_entrantes": 0.018670367576621695, "SE_por_fila_entrantes": 0.001769501917186736, "APE_por_fila_entrantes": 93.468393950826936 }, "geometry": { "type": "MultiPolygon", "coordinates": [ [ [ [ -97.888833, 22.22653 ], [ -97.888413, 22.22632 ], [ -97.887427, 22.22583 ], [ -97.886659, 22.225448 ], [ -97.885327, 22.224795 ], [ -97.884741, 22.224511 ], [ -97.884332, 22.224378 ], [ -97.883695, 22.224233 ], [ -97.883033, 22.224148 ], [ -97.883121, 22.224043 ], [ -97.883209, 22.223951 ], [ -97.883317, 22.223925 ], [ -97.883407, 22.223805 ], [ -97.883627, 22.223744 ], [ -97.884312, 22.223513 ], [ -97.884406, 22.223496 ], [ -97.885039, 22.223344 ], [ -97.885309, 22.223277 ], [ -97.885548, 22.223218 ], [ -97.886771, 22.222914 ], [ -97.887016, 22.223005 ], [ -97.887851, 22.223307 ], [ -97.888195, 22.223437 ], [ -97.889889, 22.224045 ], [ -97.890909, 22.224432 ], [ -97.891147, 22.224519 ], [ -97.891744, 22.224618 ], [ -97.892053, 22.224644 ], [ -97.892476, 22.224678 ], [ -97.892654, 22.22469 ], [ -97.893355, 22.224735 ], [ -97.89403, 22.224684 ], [ -97.894679, 22.2246 ], [ -97.895225, 22.224528 ], [ -97.895404, 22.224504 ], [ -97.895574, 22.224449 ], [ -97.896166, 22.224396 ], [ -97.896805, 22.225475 ], [ -97.896966, 22.226139 ], [ -97.896529, 22.22625 ], [ -97.89628, 22.226313 ], [ -97.895276, 22.226566 ], [ -97.895029, 22.226151 ], [ -97.894515, 22.226178 ], [ -97.894067, 22.226202 ], [ -97.894246, 22.226787 ], [ -97.893348, 22.227042 ], [ -97.89311, 22.226221 ], [ -97.892338, 22.226159 ], [ -97.891773, 22.226064 ], [ -97.891514, 22.226024 ], [ -97.891136, 22.225949 ], [ -97.890824, 22.225879 ], [ -97.890327, 22.225777 ], [ -97.889249, 22.225542 ], [ -97.889077, 22.225967 ], [ -97.888897, 22.226399 ], [ -97.888878, 22.226437 ], [ -97.888833, 22.22653 ] ] ] ] } },
{ "type": "Feature", "properties": { "CVEGEO": "2803800011122", "POB_TOT_20": 4359.0, "POB_MASC_2": 2164.0, "POB_FEM_20": 2195.0, "origen": "2803800011122", "viajes_od_totales_salientes": 135.68, "viajes-total_salientes": 1062.0, "viajes_od_totales_norm_salientes": 0.62502303298323192, "viajes-total_norm_salientes": 0.80393641180923536, "AE_por_fila_salientes": 0.01524031905700597, "SE_por_fila_salientes": 0.00053855998755711787, "APE_por_fila_salientes": 114.21485149372189, "destino": "2803800011122", "viajes_od_totales_entrantes": 34.98, "viajes-total_entrantes": 1071.0, "viajes_od_totales_norm_entrantes": 0.16113875069098949, "viajes-total_norm_entrantes": 0.81074943224829676, "AE_por_fila_entrantes": 0.016384306005230529, "SE_por_fila_entrantes": 0.0013763881645123006, "APE_por_fila_entrantes": 78.59511885989879 }, "geometry": { "type": "MultiPolygon", "coordinates": [ [ [ [ -97.894779, 22.232996 ], [ -97.8947, 22.232881 ], [ -97.894635, 22.23276 ], [ -97.894593, 22.232631 ], [ -97.894541, 22.232504 ], [ -97.894508, 22.23241 ], [ -97.894486, 22.232355 ], [ -97.894449, 22.232247 ], [ -97.894404, 22.232118 ], [ -97.894347, 22.231994 ], [ -97.894284, 22.231871 ], [ -97.894222, 22.231749 ], [ -97.894161, 22.231626 ], [ -97.894095, 22.231505 ], [ -97.89403, 22.231384 ], [ -97.893961, 22.231264 ], [ -97.893889, 22.231147 ], [ -97.893835, 22.231021 ], [ -97.893777, 22.230897 ], [ -97.893733, 22.230768 ], [ -97.893689, 22.230638 ], [ -97.893687, 22.230503 ], [ -97.893685, 22.230367 ], [ -97.893689, 22.230232 ], [ -97.893742, 22.230072 ], [ -97.893775, 22.229973 ], [ -97.893823, 22.229845 ], [ -97.893852, 22.229712 ], [ -97.893829, 22.229579 ], [ -97.893795, 22.229447 ], [ -97.89376, 22.229315 ], [ -97.893709, 22.229188 ], [ -97.893674, 22.229102 ], [ -97.893607, 22.228934 ], [ -97.893554, 22.228808 ], [ -97.893545, 22.228788 ], [ -97.893524, 22.228665 ], [ -97.893503, 22.228491 ], [ -97.893412, 22.228088 ], [ -97.893176, 22.227261 ], [ -97.893155, 22.227187 ], [ -97.893131, 22.227095 ], [ -97.892884, 22.227156 ], [ -97.892329, 22.227289 ], [ -97.89191, 22.227359 ], [ -97.89154, 22.227379 ], [ -97.891295, 22.22738 ], [ -97.891237, 22.227377 ], [ -97.891055, 22.227351 ], [ -97.890751, 22.227307 ], [ -97.890326, 22.227215 ], [ -97.89013, 22.227173 ], [ -97.889771, 22.227009 ], [ -97.888833, 22.22653 ], [ -97.888878, 22.226437 ], [ -97.888897, 22.226399 ], [ -97.889077, 22.225967 ], [ -97.889249, 22.225542 ], [ -97.890327, 22.225777 ], [ -97.890824, 22.225879 ], [ -97.891136, 22.225949 ], [ -97.891514, 22.226024 ], [ -97.891773, 22.226064 ], [ -97.892338, 22.226159 ], [ -97.89311, 22.226221 ], [ -97.893348, 22.227042 ], [ -97.894246, 22.226787 ], [ -97.894067, 22.226202 ], [ -97.894515, 22.226178 ], [ -97.895029, 22.226151 ], [ -97.895276, 22.226566 ], [ -97.89628, 22.226313 ], [ -97.896529, 22.22625 ], [ -97.896966, 22.226139 ], [ -97.896968, 22.226148 ], [ -97.897832, 22.229707 ], [ -97.897912, 22.23004 ], [ -97.898031, 22.230675 ], [ -97.89804, 22.231399 ], [ -97.898051, 22.231781 ], [ -97.897961, 22.232373 ], [ -97.897961, 22.232374 ], [ -97.897844, 22.232926 ], [ -97.897636, 22.233236 ], [ -97.897082, 22.233223 ], [ -97.896938, 22.233203 ], [ -97.89672, 22.233189 ], [ -97.896503, 22.23318 ], [ -97.896357, 22.233179 ], [ -97.896145, 22.233175 ], [ -97.896066, 22.233167 ], [ -97.895921, 22.233162 ], [ -97.895776, 22.233153 ], [ -97.895631, 22.23314 ], [ -97.895486, 22.233124 ], [ -97.895368, 22.233115 ], [ -97.895197, 22.233098 ], [ -97.895052, 22.233084 ], [ -97.894779, 22.232996 ] ] ] ] } },
{ "type": "Feature", "properties": { "CVEGEO": "2800900010052", "POB_TOT_20": 245.0, "POB_MASC_2": 115.0, "POB_FEM_20": 130.0, "origen": "2800900010052", "viajes_od_totales_salientes": 0.26, "viajes-total_salientes": 1652.0, "viajes_od_totales_norm_salientes": 0.0011977151280633867, "viajes-total_norm_salientes": 1.2505677517032552, "AE_por_fila_salientes": 0.017114658035276599, "SE_por_fila_salientes": 0.0017165053231892773, "APE_por_fila_salientes": 98.580324773667897, "destino": "2800900010052", "viajes_od_totales_entrantes": 9.66, "viajes-total_entrantes": 1699.0, "viajes_od_totales_norm_entrantes": 0.044499723604201215, "viajes-total_norm_entrantes": 1.2861468584405753, "AE_por_fila_entrantes": 0.015328976973288569, "SE_por_fila_entrantes": 0.0013033461877268605, "APE_por_fila_entrantes": 94.682259708904027 }, "geometry": { "type": "MultiPolygon", "coordinates": [ [ [ [ -97.813254, 22.288077 ], [ -97.812199, 22.286222 ], [ -97.8105, 22.283321 ], [ -97.809065, 22.280872 ], [ -97.808814, 22.280466 ], [ -97.806496, 22.276469 ], [ -97.805659, 22.275049 ], [ -97.804952, 22.27376 ], [ -97.804137, 22.272388 ], [ -97.807091, 22.270903 ], [ -97.808047, 22.270444 ], [ -97.808534, 22.270202 ], [ -97.809439, 22.269753 ], [ -97.811141, 22.268907 ], [ -97.812375, 22.268271 ], [ -97.813713, 22.267597 ], [ -97.814177, 22.267358 ], [ -97.815671, 22.26604 ], [ -97.818399, 22.263698 ], [ -97.81891, 22.264565 ], [ -97.819346, 22.265309 ], [ -97.819764, 22.266018 ], [ -97.820188, 22.266735 ], [ -97.820607, 22.267503 ], [ -97.820856, 22.267908 ], [ -97.82107, 22.268277 ], [ -97.821487, 22.269 ], [ -97.821851, 22.269568 ], [ -97.821863, 22.269656 ], [ -97.824371, 22.273912 ], [ -97.826352, 22.276682 ], [ -97.827718, 22.277103 ], [ -97.827666, 22.277262 ], [ -97.827966, 22.278331 ], [ -97.827059, 22.278651 ], [ -97.827041, 22.278658 ], [ -97.827017, 22.278667 ], [ -97.8254, 22.279253 ], [ -97.824295, 22.279672 ], [ -97.823585, 22.280037 ], [ -97.822544, 22.280759 ], [ -97.821596, 22.281492 ], [ -97.821192, 22.281807 ], [ -97.820258, 22.282535 ], [ -97.819746, 22.282944 ], [ -97.818374, 22.284008 ], [ -97.818136, 22.28419 ], [ -97.817154, 22.28494 ], [ -97.815556, 22.286199 ], [ -97.813322, 22.288024 ], [ -97.813254, 22.288077 ] ] ] ] } },
{ "type": "Feature", "properties": { "CVEGEO": "2800900010160", "POB_TOT_20": 1243.0, "POB_MASC_2": 615.0, "POB_FEM_20": 628.0, "origen": "2800900010160", "viajes_od_totales_salientes": 20.02, "viajes-total_salientes": 7284.0, "viajes_od_totales_norm_salientes": 0.092224064860880778, "viajes-total_norm_salientes": 5.5140045420136259, "AE_por_fila_salientes": 0.04235765997775582, "SE_por_fila_salientes": 0.0047438030033218111, "APE_por_fila_salientes": 96.295123265113077, "destino": "2800900010160", "viajes_od_totales_entrantes": 158.34, "viajes-total_entrantes": 8201.0, "viajes_od_totales_norm_entrantes": 0.7294085129906025, "viajes-total_norm_entrantes": 6.2081756245268735, "AE_por_fila_entrantes": 0.041622696509880576, "SE_por_fila_entrantes": 0.004559233145270695, "APE_por_fila_entrantes": 92.857295691650322 }, "geometry": { "type": "MultiPolygon", "coordinates": [ [ [ [ -97.818399, 22.263698 ], [ -97.815671, 22.26604 ], [ -97.814177, 22.267358 ], [ -97.813713, 22.267597 ], [ -97.812375, 22.268271 ], [ -97.811141, 22.268907 ], [ -97.809439, 22.269753 ], [ -97.808534, 22.270202 ], [ -97.808047, 22.270444 ], [ -97.807091, 22.270903 ], [ -97.804137, 22.272388 ], [ -97.803405, 22.27276 ], [ -97.80249, 22.273226 ], [ -97.801925, 22.272245 ], [ -97.801368, 22.271315 ], [ -97.801035, 22.27073 ], [ -97.800588, 22.270008 ], [ -97.800179, 22.269311 ], [ -97.799754, 22.268562 ], [ -97.799338, 22.267856 ], [ -97.798491, 22.266385 ], [ -97.798095, 22.265687 ], [ -97.797671, 22.264963 ], [ -97.797223, 22.264166 ], [ -97.803804, 22.260778 ], [ -97.803666, 22.260741 ], [ -97.803569, 22.260719 ], [ -97.803158, 22.26063 ], [ -97.802759, 22.260488 ], [ -97.802645, 22.260463 ], [ -97.802559, 22.260302 ], [ -97.802215, 22.259735 ], [ -97.801877, 22.259133 ], [ -97.800918, 22.25964 ], [ -97.800654, 22.259184 ], [ -97.800449, 22.25883 ], [ -97.799586, 22.257322 ], [ -97.800341, 22.257003 ], [ -97.811644, 22.251775 ], [ -97.822569, 22.245447 ], [ -97.824815, 22.244146 ], [ -97.826877, 22.242439 ], [ -97.827942, 22.243884 ], [ -97.828252, 22.244304 ], [ -97.828491, 22.244625 ], [ -97.828552, 22.24471 ], [ -97.826508, 22.246178 ], [ -97.826675, 22.246348 ], [ -97.825263, 22.247483 ], [ -97.824185, 22.248366 ], [ -97.821301, 22.250644 ], [ -97.820306, 22.251507 ], [ -97.81975, 22.25203 ], [ -97.819553, 22.252531 ], [ -97.819255, 22.252767 ], [ -97.818688, 22.253086 ], [ -97.81879, 22.253173 ], [ -97.819227, 22.253216 ], [ -97.819293, 22.253222 ], [ -97.819493, 22.253295 ], [ -97.81965, 22.253378 ], [ -97.82039, 22.254089 ], [ -97.82102, 22.254729 ], [ -97.821631, 22.255312 ], [ -97.822224, 22.255882 ], [ -97.822865, 22.256499 ], [ -97.823454, 22.257083 ], [ -97.824057, 22.257649 ], [ -97.824743, 22.258338 ], [ -97.823892, 22.259072 ], [ -97.823105, 22.25975 ], [ -97.822873, 22.25995 ], [ -97.82222, 22.260486 ], [ -97.821527, 22.26107 ], [ -97.820885, 22.261613 ], [ -97.820242, 22.262156 ], [ -97.819569, 22.262719 ], [ -97.818816, 22.263348 ], [ -97.818399, 22.263698 ] ] ] ] } },
{ "type": "Feature", "properties": { "CVEGEO": "2800900010349", "POB_TOT_20": 2.0, "POB_MASC_2": null, "POB_FEM_20": null, "origen": "2800900010349", "viajes_od_totales_salientes": 0.0, "viajes-total_salientes": 84.0, "viajes_od_totales_norm_salientes": 0.0, "viajes-total_norm_salientes": 0.063588190764572297, "AE_por_fila_salientes": 0.0090840272520817562, "SE_por_fila_salientes": 0.00015636145102444174, "APE_por_fila_salientes": 100.0, "destino": "2800900010349", "viajes_od_totales_entrantes": 3.24, "viajes-total_entrantes": 231.0, "viajes_od_totales_norm_entrantes": 0.014925373134328356, "viajes-total_norm_entrantes": 0.17486752460257379, "AE_por_fila_entrantes": 0.011857689630822453, "SE_por_fila_entrantes": 0.0005282443181442105, "APE_por_fila_entrantes": 95.062677942914888 }, "geometry": { "type": "MultiPolygon", "coordinates": [ [ [ [ -97.813322, 22.288024 ], [ -97.815556, 22.286199 ], [ -97.815622, 22.286345 ], [ -97.816344, 22.288043 ], [ -97.816895, 22.289358 ], [ -97.817549, 22.290903 ], [ -97.817829, 22.291588 ], [ -97.817944, 22.291862 ], [ -97.818064, 22.292134 ], [ -97.818408, 22.292927 ], [ -97.818755, 22.293727 ], [ -97.818973, 22.294248 ], [ -97.819102, 22.294684 ], [ -97.819172, 22.295106 ], [ -97.819274, 22.295968 ], [ -97.819371, 22.296763 ], [ -97.819392, 22.296918 ], [ -97.819451, 22.297294 ], [ -97.819473, 22.29743 ], [ -97.819556, 22.297963 ], [ -97.81966, 22.298724 ], [ -97.819748, 22.299617 ], [ -97.81683, 22.300291 ], [ -97.816828, 22.300249 ], [ -97.816798, 22.299924 ], [ -97.816775, 22.299755 ], [ -97.816737, 22.299574 ], [ -97.816632, 22.299311 ], [ -97.816594, 22.299227 ], [ -97.816555, 22.299158 ], [ -97.816494, 22.299049 ], [ -97.81641, 22.298938 ], [ -97.816337, 22.298839 ], [ -97.816209, 22.298681 ], [ -97.816107, 22.298564 ], [ -97.815979, 22.298414 ], [ -97.815744, 22.298143 ], [ -97.815648, 22.298035 ], [ -97.815494, 22.297835 ], [ -97.815429, 22.297716 ], [ -97.815374, 22.297615 ], [ -97.815338, 22.297514 ], [ -97.815298, 22.297399 ], [ -97.815275, 22.297252 ], [ -97.815261, 22.297113 ], [ -97.815265, 22.296829 ], [ -97.815275, 22.296639 ], [ -97.815293, 22.29634 ], [ -97.815312, 22.295899 ], [ -97.815344, 22.29529 ], [ -97.815395, 22.294296 ], [ -97.815468, 22.292942 ], [ -97.815502, 22.292322 ], [ -97.81551, 22.291963 ], [ -97.81549, 22.291642 ], [ -97.815428, 22.291102 ], [ -97.815409, 22.290934 ], [ -97.815369, 22.290673 ], [ -97.81532, 22.29036 ], [ -97.815232, 22.29011 ], [ -97.815181, 22.289959 ], [ -97.815132, 22.289846 ], [ -97.815053, 22.28971 ], [ -97.814938, 22.289545 ], [ -97.814833, 22.289412 ], [ -97.814611, 22.289178 ], [ -97.814466, 22.289043 ], [ -97.814217, 22.288797 ], [ -97.813699, 22.288344 ], [ -97.813322, 22.288024 ] ] ] ] } },
{ "type": "Feature", "properties": { "CVEGEO": "2800900010156", "POB_TOT_20": 2859.0, "POB_MASC_2": 1437.0, "POB_FEM_20": 1422.0, "origen": "2800900010156", "viajes_od_totales_salientes": 24.34, "viajes-total_salientes": 1652.0, "viajes_od_totales_norm_salientes": 0.11212456237331858, "viajes-total_norm_salientes": 1.2505677517032552, "AE_por_fila_salientes": 0.017249139232271764, "SE_por_fila_salientes": 0.00083550751897689746, "APE_por_fila_salientes": 88.032719477398246, "destino": "2800900010156", "viajes_od_totales_entrantes": 28.52, "viajes-total_entrantes": 1954.0, "viajes_od_totales_norm_entrantes": 0.13138013635526072, "viajes-total_norm_entrantes": 1.4791824375473126, "AE_por_fila_entrantes": 0.019185649727270417, "SE_por_fila_entrantes": 0.00099879479934203105, "APE_por_fila_entrantes": 87.491674250578313 }, "geometry": { "type": "MultiPolygon", "coordinates": [ [ [ [ -97.797223, 22.264166 ], [ -97.797671, 22.264963 ], [ -97.798095, 22.265687 ], [ -97.798491, 22.266385 ], [ -97.799338, 22.267856 ], [ -97.799754, 22.268562 ], [ -97.800179, 22.269311 ], [ -97.800588, 22.270008 ], [ -97.801035, 22.27073 ], [ -97.801368, 22.271315 ], [ -97.801925, 22.272245 ], [ -97.80249, 22.273226 ], [ -97.801254, 22.273856 ], [ -97.801101, 22.273915 ], [ -97.800601, 22.274031 ], [ -97.800081, 22.274119 ], [ -97.799789, 22.274165 ], [ -97.799235, 22.274251 ], [ -97.798516, 22.27435 ], [ -97.797862, 22.274439 ], [ -97.797521, 22.274486 ], [ -97.797236, 22.274524 ], [ -97.796526, 22.274621 ], [ -97.795912, 22.274705 ], [ -97.795276, 22.27479 ], [ -97.795172, 22.274803 ], [ -97.794811, 22.27488 ], [ -97.794668, 22.274938 ], [ -97.79454, 22.275007 ], [ -97.794408, 22.275111 ], [ -97.794176, 22.27529 ], [ -97.793288, 22.275947 ], [ -97.792357, 22.276813 ], [ -97.792068, 22.276221 ], [ -97.791868, 22.275757 ], [ -97.791443, 22.275164 ], [ -97.791016, 22.274887 ], [ -97.790724, 22.274527 ], [ -97.790481, 22.273915 ], [ -97.790235, 22.273576 ], [ -97.789966, 22.273258 ], [ -97.789585, 22.272729 ], [ -97.789273, 22.272158 ], [ -97.788917, 22.271545 ], [ -97.788737, 22.271312 ], [ -97.788446, 22.270952 ], [ -97.787998, 22.270422 ], [ -97.787596, 22.269872 ], [ -97.787285, 22.269133 ], [ -97.7871, 22.268973 ], [ -97.786943, 22.26874 ], [ -97.786674, 22.268485 ], [ -97.786496, 22.268147 ], [ -97.786339, 22.267998 ], [ -97.786293, 22.267998 ], [ -97.786226, 22.267913 ], [ -97.785823, 22.267384 ], [ -97.785466, 22.266834 ], [ -97.785288, 22.266412 ], [ -97.785111, 22.265968 ], [ -97.784867, 22.265461 ], [ -97.784754, 22.265376 ], [ -97.784109, 22.264108 ], [ -97.783589, 22.262619 ], [ -97.7846, 22.26236 ], [ -97.791938, 22.260475 ], [ -97.792415, 22.260353 ], [ -97.794761, 22.259361 ], [ -97.795529, 22.261442 ], [ -97.795736, 22.26207 ], [ -97.795804, 22.262452 ], [ -97.795838, 22.262723 ], [ -97.795972, 22.263493 ], [ -97.795745, 22.263524 ], [ -97.795814, 22.264119 ], [ -97.795799, 22.264164 ], [ -97.797258, 22.263948 ], [ -97.797245, 22.264031 ], [ -97.797223, 22.264166 ] ] ] ] } },
{ "type": "Feature", "properties": { "CVEGEO": "2800900010141", "POB_TOT_20": 285.0, "POB_MASC_2": 148.0, "POB_FEM_20": 137.0, "origen": "2800900010141", "viajes_od_totales_salientes": 0.58, "viajes-total_salientes": 390.0, "viajes_od_totales_norm_salientes": 0.002671826054910632, "viajes-total_norm_salientes": 0.2952308856926571, "AE_por_fila_salientes": 0.014627952981887325, "SE_por_fila_salientes": 0.00060858912021792663, "APE_por_fila_salientes": 98.098989462311735, "destino": "2800900010141", "viajes_od_totales_entrantes": 0.46, "viajes-total_entrantes": 388.0, "viajes_od_totales_norm_entrantes": 0.0021190344573429149, "viajes-total_norm_entrantes": 0.29371688115064343, "AE_por_fila_entrantes": 0.012678167247534806, "SE_por_fila_entrantes": 0.00045818488338044658, "APE_por_fila_entrantes": 98.441772680907874 }, "geometry": { "type": "MultiPolygon", "coordinates": [ [ [ [ -97.799586, 22.257322 ], [ -97.800449, 22.25883 ], [ -97.800654, 22.259184 ], [ -97.800918, 22.25964 ], [ -97.801877, 22.259133 ], [ -97.802215, 22.259735 ], [ -97.802559, 22.260302 ], [ -97.802645, 22.260463 ], [ -97.802759, 22.260488 ], [ -97.803158, 22.26063 ], [ -97.803569, 22.260719 ], [ -97.803666, 22.260741 ], [ -97.803804, 22.260778 ], [ -97.797223, 22.264166 ], [ -97.797245, 22.264031 ], [ -97.797258, 22.263948 ], [ -97.795799, 22.264164 ], [ -97.795814, 22.264119 ], [ -97.795745, 22.263524 ], [ -97.795972, 22.263493 ], [ -97.795838, 22.262723 ], [ -97.795804, 22.262452 ], [ -97.795736, 22.26207 ], [ -97.795529, 22.261442 ], [ -97.794761, 22.259361 ], [ -97.799586, 22.257322 ] ] ] ] } },
{ "type": "Feature", "properties": { "CVEGEO": "2800900011120", "POB_TOT_20": 2652.0, "POB_MASC_2": 1269.0, "POB_FEM_20": 1383.0, "origen": "2800900011120", "viajes_od_totales_salientes": 24.28, "viajes-total_salientes": 3108.0, "viajes_od_totales_norm_salientes": 0.11184816657453474, "viajes-total_norm_salientes": 2.3527630582891748, "AE_por_fila_salientes": 0.025794674136318824, "SE_por_fila_salientes": 0.0027801744086221863, "APE_por_fila_salientes": 92.611716056435029, "destino": "2800900011120", "viajes_od_totales_entrantes": 28.84, "viajes-total_entrantes": 3088.0, "viajes_od_totales_norm_entrantes": 0.13285424728210796, "viajes-total_norm_entrantes": 2.3376230128690385, "AE_por_fila_entrantes": 0.023454986867946073, "SE_por_fila_entrantes": 0.002175350120743139, "APE_por_fila_entrantes": 97.114766476649848 }, "geometry": { "type": "MultiPolygon", "coordinates": [ [ [ [ -97.819748, 22.299617 ], [ -97.81966, 22.298724 ], [ -97.819556, 22.297963 ], [ -97.819473, 22.29743 ], [ -97.819451, 22.297294 ], [ -97.819392, 22.296918 ], [ -97.819371, 22.296763 ], [ -97.819274, 22.295968 ], [ -97.819172, 22.295106 ], [ -97.819581, 22.295057 ], [ -97.819591, 22.295139 ], [ -97.819969, 22.295081 ], [ -97.820066, 22.29506 ], [ -97.820108, 22.295035 ], [ -97.820206, 22.294917 ], [ -97.820255, 22.294862 ], [ -97.820347, 22.294799 ], [ -97.820414, 22.29479 ], [ -97.820727, 22.294763 ], [ -97.820759, 22.294757 ], [ -97.821056, 22.29472 ], [ -97.821074, 22.294718 ], [ -97.821345, 22.294687 ], [ -97.821362, 22.294685 ], [ -97.821616, 22.294659 ], [ -97.821753, 22.294679 ], [ -97.821803, 22.294696 ], [ -97.821788, 22.294937 ], [ -97.821769, 22.295268 ], [ -97.821767, 22.295352 ], [ -97.821826, 22.295758 ], [ -97.821835, 22.295834 ], [ -97.821863, 22.295831 ], [ -97.822047, 22.295814 ], [ -97.822105, 22.296324 ], [ -97.822115, 22.296416 ], [ -97.82213, 22.296552 ], [ -97.822143, 22.296672 ], [ -97.822182, 22.297003 ], [ -97.822357, 22.297003 ], [ -97.822387, 22.297035 ], [ -97.822751, 22.297031 ], [ -97.823122, 22.297041 ], [ -97.823678, 22.297045 ], [ -97.824033, 22.297048 ], [ -97.823985, 22.297807 ], [ -97.823607, 22.297801 ], [ -97.823056, 22.297792 ], [ -97.82269, 22.297789 ], [ -97.822666, 22.298527 ], [ -97.822667, 22.298598 ], [ -97.822853, 22.298601 ], [ -97.82285, 22.299199 ], [ -97.822849, 22.299212 ], [ -97.822691, 22.299213 ], [ -97.822667, 22.299212 ], [ -97.822668, 22.299917 ], [ -97.822669, 22.300092 ], [ -97.822641, 22.300093 ], [ -97.822116, 22.300053 ], [ -97.819875, 22.300167 ], [ -97.819789, 22.300172 ], [ -97.819748, 22.299617 ] ] ] ] } },
{ "type": "Feature", "properties": { "CVEGEO": "2803800011264", "POB_TOT_20": 3030.0, "POB_MASC_2": 1473.0, "POB_FEM_20": 1557.0, "origen": "2803800011264", "viajes_od_totales_salientes": 158.62, "viajes-total_salientes": 4554.0, "viajes_od_totales_norm_salientes": 0.73069836005159383, "viajes-total_norm_salientes": 3.4473883421650267, "AE_por_fila_salientes": 0.026113998430474277, "SE_por_fila_salientes": 0.0019879073165274528, "APE_por_fila_salientes": 88.342395635826207, "destino": "2803800011264", "viajes_od_totales_entrantes": 152.16, "viajes-total_entrantes": 4723.0, "viajes_od_totales_norm_entrantes": 0.70093974571586515, "viajes-total_norm_entrantes": 3.5753217259651779, "AE_por_fila_entrantes": 0.026881802419052692, "SE_por_fila_entrantes": 0.002059419566234069, "APE_por_fila_entrantes": 97.116016899504814 }, "geometry": { "type": "MultiPolygon", "coordinates": [ [ [ [ -97.891552, 22.279575 ], [ -97.891683, 22.279582 ], [ -97.89169, 22.279649 ], [ -97.891715, 22.279899 ], [ -97.891738, 22.28012 ], [ -97.891776, 22.280491 ], [ -97.89179, 22.280646 ], [ -97.891823, 22.281032 ], [ -97.891831, 22.281135 ], [ -97.891875, 22.281579 ], [ -97.891898, 22.281752 ], [ -97.89195, 22.282148 ], [ -97.891961, 22.282226 ], [ -97.892033, 22.282758 ], [ -97.892084, 22.283136 ], [ -97.892099, 22.283252 ], [ -97.8921, 22.283265 ], [ -97.892157, 22.283673 ], [ -97.891483, 22.283475 ], [ -97.890243, 22.283101 ], [ -97.890229, 22.283218 ], [ -97.890208, 22.283371 ], [ -97.890183, 22.283545 ], [ -97.889583, 22.283495 ], [ -97.889113, 22.283455 ], [ -97.888519, 22.283402 ], [ -97.887951, 22.283352 ], [ -97.887922, 22.283455 ], [ -97.887688, 22.282967 ], [ -97.887432, 22.282469 ], [ -97.887148, 22.281957 ], [ -97.886881, 22.281462 ], [ -97.886775, 22.28127 ], [ -97.8866, 22.280962 ], [ -97.886463, 22.280724 ], [ -97.886308, 22.280452 ], [ -97.886046, 22.279968 ], [ -97.885801, 22.279531 ], [ -97.885959, 22.279615 ], [ -97.886016, 22.279626 ], [ -97.8865, 22.279714 ], [ -97.886557, 22.279716 ], [ -97.887041, 22.279698 ], [ -97.887535, 22.279675 ], [ -97.888003, 22.279654 ], [ -97.888468, 22.279632 ], [ -97.888875, 22.27961 ], [ -97.88922, 22.279606 ], [ -97.889679, 22.279601 ], [ -97.889759, 22.2796 ], [ -97.890123, 22.279594 ], [ -97.890558, 22.279588 ], [ -97.89105, 22.27958 ], [ -97.891552, 22.279575 ] ] ] ] } },
{ "type": "Feature", "properties": { "CVEGEO": "2803800011226", "POB_TOT_20": 3179.0, "POB_MASC_2": 1511.0, "POB_FEM_20": 1668.0, "origen": "2803800011226", "viajes_od_totales_salientes": 175.94, "viajes-total_salientes": 3200.0, "viajes_od_totales_norm_salientes": 0.81048461396720095, "viajes-total_norm_salientes": 2.4224072672218018, "AE_por_fila_salientes": 0.017621833703253362, "SE_por_fila_salientes": 0.00098328995314994638, "APE_por_fila_salientes": 83.020277243902626, "destino": "2803800011226", "viajes_od_totales_entrantes": 57.4, "viajes-total_entrantes": 3402.0, "viajes_od_totales_norm_entrantes": 0.26441864750322464, "viajes-total_norm_entrantes": 2.5753217259651779, "AE_por_fila_entrantes": 0.021660888320491747, "SE_por_fila_entrantes": 0.0013780910350273336, "APE_por_fila_entrantes": 96.070939210524429 }, "geometry": { "type": "MultiPolygon", "coordinates": [ [ [ [ -97.891552, 22.279575 ], [ -97.89105, 22.27958 ], [ -97.890558, 22.279588 ], [ -97.890123, 22.279594 ], [ -97.889759, 22.2796 ], [ -97.889679, 22.279601 ], [ -97.88922, 22.279606 ], [ -97.888875, 22.27961 ], [ -97.888468, 22.279632 ], [ -97.888003, 22.279654 ], [ -97.887535, 22.279675 ], [ -97.887041, 22.279698 ], [ -97.886557, 22.279716 ], [ -97.886555, 22.279407 ], [ -97.886554, 22.279271 ], [ -97.886557, 22.279161 ], [ -97.886557, 22.279144 ], [ -97.886548, 22.278568 ], [ -97.886483, 22.278137 ], [ -97.886476, 22.278081 ], [ -97.886453, 22.277767 ], [ -97.886354, 22.277587 ], [ -97.886549, 22.277512 ], [ -97.886927, 22.277392 ], [ -97.887363, 22.277313 ], [ -97.887556, 22.276551 ], [ -97.887725, 22.275896 ], [ -97.887845, 22.275433 ], [ -97.888078, 22.275468 ], [ -97.888457, 22.275582 ], [ -97.888753, 22.27567 ], [ -97.889052, 22.27576 ], [ -97.88927, 22.275821 ], [ -97.889715, 22.275946 ], [ -97.889784, 22.275965 ], [ -97.890076, 22.276166 ], [ -97.890205, 22.276282 ], [ -97.890482, 22.276528 ], [ -97.890561, 22.276604 ], [ -97.890641, 22.27668 ], [ -97.890799, 22.27682 ], [ -97.890844, 22.276867 ], [ -97.891004, 22.277032 ], [ -97.891175, 22.277208 ], [ -97.891223, 22.277267 ], [ -97.891292, 22.27749 ], [ -97.891321, 22.277595 ], [ -97.891396, 22.277862 ], [ -97.89141, 22.277927 ], [ -97.891469, 22.278215 ], [ -97.891473, 22.278247 ], [ -97.891493, 22.278622 ], [ -97.891502, 22.278794 ], [ -97.891512, 22.278958 ], [ -97.891536, 22.27933 ], [ -97.891552, 22.279575 ] ] ] ] } },
{ "type": "Feature", "properties": { "CVEGEO": "2803800010020", "POB_TOT_20": 979.0, "POB_MASC_2": 455.0, "POB_FEM_20": 524.0, "origen": "2803800010020", "viajes_od_totales_salientes": 28.64, "viajes-total_salientes": 8695.0, "viajes_od_totales_norm_salientes": 0.13193292795282846, "viajes-total_norm_salientes": 6.5821347464042388, "AE_por_fila_salientes": 0.041884427392541626, "SE_por_fila_salientes": 0.0060222503070739477, "APE_por_fila_salientes": 97.877414760419626, "destino": "2803800010020", "viajes_od_totales_entrantes": 45.46, "viajes-total_entrantes": 8561.0, "viajes_od_totales_norm_entrantes": 0.20941588354523677, "viajes-total_norm_entrantes": 6.480696442089326, "AE_por_fila_entrantes": 0.035835888905966222, "SE_por_fila_entrantes": 0.0048254006766619093, "APE_por_fila_entrantes": 97.87934993707043 }, "geometry": { "type": "MultiPolygon", "coordinates": [ [ [ [ -97.889052, 22.27576 ], [ -97.888753, 22.27567 ], [ -97.888457, 22.275582 ], [ -97.888078, 22.275468 ], [ -97.887845, 22.275433 ], [ -97.88779, 22.275422 ], [ -97.887512, 22.275397 ], [ -97.887291, 22.275386 ], [ -97.887017, 22.275367 ], [ -97.886344, 22.275348 ], [ -97.886123, 22.275379 ], [ -97.885862, 22.275415 ], [ -97.885774, 22.275427 ], [ -97.885558, 22.275462 ], [ -97.88548, 22.275467 ], [ -97.885389, 22.275497 ], [ -97.885095, 22.275643 ], [ -97.884816, 22.275814 ], [ -97.88458, 22.275936 ], [ -97.884302, 22.276001 ], [ -97.883815, 22.275964 ], [ -97.883523, 22.275941 ], [ -97.883403, 22.275914 ], [ -97.883262, 22.275838 ], [ -97.882604, 22.275483 ], [ -97.882267, 22.275296 ], [ -97.88201, 22.275368 ], [ -97.881764, 22.27497 ], [ -97.881698, 22.274863 ], [ -97.881242, 22.274145 ], [ -97.881225, 22.2741 ], [ -97.881213, 22.274044 ], [ -97.881205, 22.273994 ], [ -97.881188, 22.273894 ], [ -97.881185, 22.273835 ], [ -97.881181, 22.27378 ], [ -97.881171, 22.273726 ], [ -97.881147, 22.273666 ], [ -97.880871, 22.273245 ], [ -97.880805, 22.273143 ], [ -97.880724, 22.27306 ], [ -97.880695, 22.273029 ], [ -97.880778, 22.27303 ], [ -97.880856, 22.273015 ], [ -97.880925, 22.272995 ], [ -97.880979, 22.272964 ], [ -97.881029, 22.272923 ], [ -97.88107, 22.272879 ], [ -97.881328, 22.272477 ], [ -97.881728, 22.27211 ], [ -97.881777, 22.272128 ], [ -97.882408, 22.272627 ], [ -97.883211, 22.273404 ], [ -97.883992, 22.272644 ], [ -97.884735, 22.271923 ], [ -97.884754, 22.271958 ], [ -97.884824, 22.272077 ], [ -97.884966, 22.27205 ], [ -97.88511, 22.272031 ], [ -97.88521, 22.27213 ], [ -97.885284, 22.272014 ], [ -97.885393, 22.271924 ], [ -97.885539, 22.271915 ], [ -97.885557, 22.27205 ], [ -97.885505, 22.272176 ], [ -97.885618, 22.272261 ], [ -97.88572, 22.272357 ], [ -97.885862, 22.27233 ], [ -97.885989, 22.272322 ], [ -97.886058, 22.272317 ], [ -97.88613, 22.272313 ], [ -97.886153, 22.27231 ], [ -97.886284, 22.272253 ], [ -97.886421, 22.272046 ], [ -97.886439, 22.272003 ], [ -97.886462, 22.271949 ], [ -97.886588, 22.271882 ], [ -97.886706, 22.271802 ], [ -97.886792, 22.271693 ], [ -97.886747, 22.271565 ], [ -97.886693, 22.271439 ], [ -97.886657, 22.271308 ], [ -97.886642, 22.271173 ], [ -97.886647, 22.270872 ], [ -97.886652, 22.270824 ], [ -97.886656, 22.270772 ], [ -97.886657, 22.270636 ], [ -97.886695, 22.270505 ], [ -97.886859, 22.270281 ], [ -97.886956, 22.27018 ], [ -97.887003, 22.270052 ], [ -97.887059, 22.269927 ], [ -97.887275, 22.269744 ], [ -97.887415, 22.269707 ], [ -97.887549, 22.269654 ], [ -97.887642, 22.269551 ], [ -97.887882, 22.269397 ], [ -97.888161, 22.26932 ], [ -97.888262, 22.269312 ], [ -97.888357, 22.269382 ], [ -97.888455, 22.269463 ], [ -97.888666, 22.269649 ], [ -97.888699, 22.269678 ], [ -97.888733, 22.269708 ], [ -97.889456, 22.270344 ], [ -97.8895, 22.270366 ], [ -97.888714, 22.271178 ], [ -97.889299, 22.271724 ], [ -97.890288, 22.272611 ], [ -97.889658, 22.274211 ], [ -97.889526, 22.274545 ], [ -97.889356, 22.274977 ], [ -97.88921, 22.275347 ], [ -97.889052, 22.27576 ] ] ] ] } },
{ "type": "Feature", "properties": { "CVEGEO": "2800900011008", "POB_TOT_20": 2494.0, "POB_MASC_2": 1241.0, "POB_FEM_20": 1253.0, "origen": "2800900011008", "viajes_od_totales_salientes": 34.26, "viajes-total_salientes": 2320.0, "viajes_od_totales_norm_salientes": 0.1578220011055832, "viajes-total_norm_salientes": 1.7562452687358061, "AE_por_fila_salientes": 0.018667559189799669, "SE_por_fila_salientes": 0.0013162921188000123, "APE_por_fila_salientes": 87.850119206435849, "destino": "2800900011008", "viajes_od_totales_entrantes": 41.4, "viajes-total_entrantes": 2436.0, "viajes_od_totales_norm_entrantes": 0.19071310116086235, "viajes-total_norm_entrantes": 1.8440575321725965, "AE_por_fila_entrantes": 0.016820317036788719, "SE_por_fila_entrantes": 0.0011711087837953415, "APE_por_fila_entrantes": 89.053050372264323 }, "geometry": { "type": "MultiPolygon", "coordinates": [ [ [ [ -97.815556, 22.286199 ], [ -97.817154, 22.28494 ], [ -97.818136, 22.28419 ], [ -97.818374, 22.284008 ], [ -97.819746, 22.282944 ], [ -97.820258, 22.282535 ], [ -97.821192, 22.281807 ], [ -97.821596, 22.281492 ], [ -97.822077, 22.282209 ], [ -97.82371, 22.281815 ], [ -97.823756, 22.281817 ], [ -97.823826, 22.28182 ], [ -97.823944, 22.281842 ], [ -97.824023, 22.281957 ], [ -97.824472, 22.282678 ], [ -97.825016, 22.2835 ], [ -97.825576, 22.284377 ], [ -97.825793, 22.28471 ], [ -97.82529, 22.285071 ], [ -97.825395, 22.285247 ], [ -97.824923, 22.285534 ], [ -97.824869, 22.28557 ], [ -97.824424, 22.285857 ], [ -97.824384, 22.285883 ], [ -97.823971, 22.286153 ], [ -97.823897, 22.286199 ], [ -97.823547, 22.286415 ], [ -97.823408, 22.286501 ], [ -97.823242, 22.286565 ], [ -97.823008, 22.286716 ], [ -97.822878, 22.286796 ], [ -97.822404, 22.287103 ], [ -97.82236, 22.287108 ], [ -97.822234, 22.287184 ], [ -97.822198, 22.287241 ], [ -97.822033, 22.287349 ], [ -97.821786, 22.28751 ], [ -97.821522, 22.287675 ], [ -97.820838, 22.288151 ], [ -97.820602, 22.288315 ], [ -97.820411, 22.287866 ], [ -97.820229, 22.287437 ], [ -97.820132, 22.287213 ], [ -97.820084, 22.287231 ], [ -97.81958, 22.287576 ], [ -97.819657, 22.287784 ], [ -97.819751, 22.287814 ], [ -97.819792, 22.287906 ], [ -97.816981, 22.289318 ], [ -97.816895, 22.289358 ], [ -97.816344, 22.288043 ], [ -97.815622, 22.286345 ], [ -97.815556, 22.286199 ] ] ] ] } },
{ "type": "Feature", "properties": { "CVEGEO": "2800900011116", "POB_TOT_20": 2912.0, "POB_MASC_2": 1407.0, "POB_FEM_20": 1505.0, "origen": "2800900011116", "viajes_od_totales_salientes": 42.04, "viajes-total_salientes": 2056.0, "viajes_od_totales_norm_salientes": 0.19366132301455682, "viajes-total_norm_salientes": 1.5563966691900075, "AE_por_fila_salientes": 0.013670170748857558, "SE_por_fila_salientes": 0.00039823344770915979, "APE_por_fila_salientes": 84.379293013438854, "destino": "2800900011116", "viajes_od_totales_entrantes": 7.38, "viajes-total_entrantes": 1989.0, "viajes_od_totales_norm_entrantes": 0.033996683250414592, "viajes-total_norm_entrantes": 1.5056775170325511, "AE_por_fila_entrantes": 0.014288163434778024, "SE_por_fila_entrantes": 0.00035342201247909343, "APE_por_fila_entrantes": 97.126390551661657 }, "geometry": { "type": "MultiPolygon", "coordinates": [ [ [ [ -97.820838, 22.288151 ], [ -97.821522, 22.287675 ], [ -97.821786, 22.28751 ], [ -97.822033, 22.287349 ], [ -97.822198, 22.287241 ], [ -97.822234, 22.287184 ], [ -97.82236, 22.287108 ], [ -97.822404, 22.287103 ], [ -97.822878, 22.286796 ], [ -97.823008, 22.286716 ], [ -97.823242, 22.286565 ], [ -97.823408, 22.286501 ], [ -97.823547, 22.286415 ], [ -97.823897, 22.286199 ], [ -97.823971, 22.286153 ], [ -97.824384, 22.285883 ], [ -97.824424, 22.285857 ], [ -97.824869, 22.28557 ], [ -97.824923, 22.285534 ], [ -97.825395, 22.285247 ], [ -97.82529, 22.285071 ], [ -97.825793, 22.28471 ], [ -97.825861, 22.284702 ], [ -97.826285, 22.284438 ], [ -97.826697, 22.284206 ], [ -97.826777, 22.284407 ], [ -97.827097, 22.2852 ], [ -97.827433, 22.286016 ], [ -97.827748, 22.28677 ], [ -97.828095, 22.287589 ], [ -97.828948, 22.287167 ], [ -97.829643, 22.286841 ], [ -97.82972, 22.286805 ], [ -97.8298, 22.286767 ], [ -97.83055, 22.286409 ], [ -97.831401, 22.285993 ], [ -97.831579, 22.286385 ], [ -97.83178, 22.286841 ], [ -97.831973, 22.287254 ], [ -97.832164, 22.287676 ], [ -97.832269, 22.287668 ], [ -97.832294, 22.28773 ], [ -97.832407, 22.28805 ], [ -97.832427, 22.288093 ], [ -97.832443, 22.288136 ], [ -97.832598, 22.28852 ], [ -97.832789, 22.288996 ], [ -97.832806, 22.289038 ], [ -97.832822, 22.289078 ], [ -97.832978, 22.289467 ], [ -97.832992, 22.289504 ], [ -97.833005, 22.289536 ], [ -97.833025, 22.289587 ], [ -97.833039, 22.289622 ], [ -97.833052, 22.289653 ], [ -97.83317, 22.289949 ], [ -97.833186, 22.289988 ], [ -97.833201, 22.290026 ], [ -97.833346, 22.290389 ], [ -97.833509, 22.290794 ], [ -97.833689, 22.291244 ], [ -97.833859, 22.291215 ], [ -97.834043, 22.291626 ], [ -97.834237, 22.292044 ], [ -97.834136, 22.292081 ], [ -97.834038, 22.292117 ], [ -97.834726, 22.293714 ], [ -97.83458, 22.293772 ], [ -97.834477, 22.293813 ], [ -97.832452, 22.294753 ], [ -97.832189, 22.294875 ], [ -97.829799, 22.295984 ], [ -97.829089, 22.296312 ], [ -97.82285, 22.299199 ], [ -97.822853, 22.298601 ], [ -97.822667, 22.298598 ], [ -97.822666, 22.298527 ], [ -97.82269, 22.297789 ], [ -97.823056, 22.297792 ], [ -97.823607, 22.297801 ], [ -97.823985, 22.297807 ], [ -97.824033, 22.297048 ], [ -97.823678, 22.297045 ], [ -97.823122, 22.297041 ], [ -97.822751, 22.297031 ], [ -97.822387, 22.297035 ], [ -97.822357, 22.297003 ], [ -97.822182, 22.297003 ], [ -97.822143, 22.296672 ], [ -97.82213, 22.296552 ], [ -97.822115, 22.296416 ], [ -97.822105, 22.296324 ], [ -97.822047, 22.295814 ], [ -97.821863, 22.295831 ], [ -97.821835, 22.295834 ], [ -97.821826, 22.295758 ], [ -97.821767, 22.295352 ], [ -97.821803, 22.295388 ], [ -97.822559, 22.295425 ], [ -97.822567, 22.295448 ], [ -97.822572, 22.295462 ], [ -97.822764, 22.295492 ], [ -97.822806, 22.295296 ], [ -97.822921, 22.295304 ], [ -97.82298, 22.295316 ], [ -97.823021, 22.29512 ], [ -97.823339, 22.295288 ], [ -97.82364, 22.295451 ], [ -97.823814, 22.295546 ], [ -97.824036, 22.29553 ], [ -97.824345, 22.295509 ], [ -97.824584, 22.295494 ], [ -97.824528, 22.294926 ], [ -97.824637, 22.294916 ], [ -97.824564, 22.29414 ], [ -97.82453, 22.293734 ], [ -97.824559, 22.293666 ], [ -97.824553, 22.29352 ], [ -97.824383, 22.29352 ], [ -97.824346, 22.293521 ], [ -97.824307, 22.293521 ], [ -97.824262, 22.293206 ], [ -97.824211, 22.293207 ], [ -97.824225, 22.293168 ], [ -97.824227, 22.293106 ], [ -97.824163, 22.292506 ], [ -97.824124, 22.292202 ], [ -97.824047, 22.29188 ], [ -97.824064, 22.291858 ], [ -97.823981, 22.29161 ], [ -97.823932, 22.291586 ], [ -97.823756, 22.291217 ], [ -97.82377, 22.291186 ], [ -97.823755, 22.290882 ], [ -97.823721, 22.290857 ], [ -97.823728, 22.290507 ], [ -97.823073, 22.290514 ], [ -97.82216, 22.290529 ], [ -97.822116, 22.290489 ], [ -97.821833, 22.290141 ], [ -97.821721, 22.289911 ], [ -97.821673, 22.289908 ], [ -97.821574, 22.289722 ], [ -97.821554, 22.289687 ], [ -97.821631, 22.289637 ], [ -97.821548, 22.289464 ], [ -97.821429, 22.289212 ], [ -97.82125, 22.288863 ], [ -97.821225, 22.288816 ], [ -97.821048, 22.288518 ], [ -97.820838, 22.288151 ] ] ] ] } },
{ "type": "Feature", "properties": { "CVEGEO": "280090001114A", "POB_TOT_20": 2203.0, "POB_MASC_2": 1106.0, "POB_FEM_20": 1097.0, "origen": "280090001114A", "viajes_od_totales_salientes": 26.56, "viajes-total_salientes": 1386.0, "viajes_od_totales_norm_salientes": 0.12235120692832134, "viajes-total_norm_salientes": 1.0492051476154429, "AE_por_fila_salientes": 0.015047087807264362, "SE_por_fila_salientes": 0.00081698442232109572, "APE_por_fila_salientes": 86.596629948536403, "destino": null, "viajes_od_totales_entrantes": null, "viajes-total_entrantes": null, "viajes_od_totales_norm_entrantes": null, "viajes-total_norm_entrantes": null, "AE_por_fila_entrantes": null, "SE_por_fila_entrantes": null, "APE_por_fila_entrantes": null }, "geometry": { "type": "MultiPolygon", "coordinates": [ [ [ [ -97.816895, 22.289358 ], [ -97.816981, 22.289318 ], [ -97.819792, 22.287906 ], [ -97.819751, 22.287814 ], [ -97.819657, 22.287784 ], [ -97.81958, 22.287576 ], [ -97.820084, 22.287231 ], [ -97.820132, 22.287213 ], [ -97.820229, 22.287437 ], [ -97.820411, 22.287866 ], [ -97.820602, 22.288315 ], [ -97.820838, 22.288151 ], [ -97.821048, 22.288518 ], [ -97.821225, 22.288816 ], [ -97.82125, 22.288863 ], [ -97.821429, 22.289212 ], [ -97.821548, 22.289464 ], [ -97.821631, 22.289637 ], [ -97.821554, 22.289687 ], [ -97.821574, 22.289722 ], [ -97.821673, 22.289908 ], [ -97.821721, 22.289911 ], [ -97.821833, 22.290141 ], [ -97.822116, 22.290489 ], [ -97.82216, 22.290529 ], [ -97.822203, 22.290567 ], [ -97.822463, 22.290862 ], [ -97.822749, 22.291209 ], [ -97.82302, 22.291552 ], [ -97.823047, 22.291606 ], [ -97.823082, 22.291746 ], [ -97.823072, 22.291875 ], [ -97.822516, 22.291931 ], [ -97.822476, 22.291935 ], [ -97.822453, 22.291937 ], [ -97.822134, 22.291969 ], [ -97.822135, 22.292005 ], [ -97.822126, 22.292038 ], [ -97.822105, 22.292071 ], [ -97.822071, 22.2921 ], [ -97.822025, 22.292116 ], [ -97.821979, 22.292117 ], [ -97.821948, 22.292273 ], [ -97.821927, 22.292399 ], [ -97.821905, 22.292521 ], [ -97.821888, 22.292657 ], [ -97.82187, 22.292794 ], [ -97.821854, 22.292915 ], [ -97.821846, 22.293009 ], [ -97.82182, 22.293305 ], [ -97.821816, 22.293361 ], [ -97.821808, 22.293603 ], [ -97.82177, 22.293609 ], [ -97.821739, 22.293625 ], [ -97.821716, 22.293644 ], [ -97.821699, 22.293669 ], [ -97.82169, 22.293695 ], [ -97.821657, 22.293687 ], [ -97.821207, 22.293595 ], [ -97.820917, 22.293584 ], [ -97.820823, 22.293571 ], [ -97.820664, 22.29356 ], [ -97.82043, 22.29357 ], [ -97.82019, 22.293588 ], [ -97.819996, 22.293594 ], [ -97.819961, 22.293595 ], [ -97.819716, 22.293603 ], [ -97.819352, 22.293604 ], [ -97.819259, 22.29358 ], [ -97.819229, 22.293602 ], [ -97.819114, 22.293633 ], [ -97.818755, 22.293727 ], [ -97.818408, 22.292927 ], [ -97.818064, 22.292134 ], [ -97.817944, 22.291862 ], [ -97.817829, 22.291588 ], [ -97.817549, 22.290903 ], [ -97.816895, 22.289358 ] ] ] ] } },
{ "type": "Feature", "properties": { "CVEGEO": "2800900010940", "POB_TOT_20": 2693.0, "POB_MASC_2": 1310.0, "POB_FEM_20": 1383.0, "origen": "2800900010940", "viajes_od_totales_salientes": 25.56, "viajes-total_salientes": 2177.0, "viajes_od_totales_norm_salientes": 0.11774461028192371, "viajes-total_norm_salientes": 1.6479939439818319, "AE_por_fila_salientes": 0.018514257407167337, "SE_por_fila_salientes": 0.0014116400379762606, "APE_por_fila_salientes": 88.135435751458317, "destino": "2800900010940", "viajes_od_totales_entrantes": 68.7, "viajes-total_entrantes": 2304.0, "viajes_od_totales_norm_entrantes": 0.31647318960751797, "viajes-total_norm_entrantes": 1.7441332323996972, "AE_por_fila_entrantes": 0.016378165619970728, "SE_por_fila_entrantes": 0.0010083629719431666, "APE_por_fila_entrantes": 90.599772266257077 }, "geometry": { "type": "MultiPolygon", "coordinates": [ [ [ [ -97.834726, 22.293714 ], [ -97.834038, 22.292117 ], [ -97.834136, 22.292081 ], [ -97.834237, 22.292044 ], [ -97.834043, 22.291626 ], [ -97.833859, 22.291215 ], [ -97.833689, 22.291244 ], [ -97.833509, 22.290794 ], [ -97.833346, 22.290389 ], [ -97.833201, 22.290026 ], [ -97.833186, 22.289988 ], [ -97.83317, 22.289949 ], [ -97.833052, 22.289653 ], [ -97.833039, 22.289622 ], [ -97.833025, 22.289587 ], [ -97.833005, 22.289536 ], [ -97.832992, 22.289504 ], [ -97.832978, 22.289467 ], [ -97.832822, 22.289078 ], [ -97.832806, 22.289038 ], [ -97.832789, 22.288996 ], [ -97.832598, 22.28852 ], [ -97.832443, 22.288136 ], [ -97.832427, 22.288093 ], [ -97.83266, 22.287956 ], [ -97.832912, 22.287805 ], [ -97.833268, 22.287598 ], [ -97.833555, 22.287992 ], [ -97.833844, 22.288402 ], [ -97.834119, 22.288782 ], [ -97.834337, 22.289082 ], [ -97.83453, 22.289452 ], [ -97.83475, 22.289881 ], [ -97.834864, 22.290116 ], [ -97.834929, 22.290287 ], [ -97.835132, 22.290765 ], [ -97.83569, 22.290736 ], [ -97.836442, 22.290708 ], [ -97.83719, 22.290681 ], [ -97.837919, 22.290654 ], [ -97.837945, 22.291565 ], [ -97.837947, 22.29162 ], [ -97.837859, 22.291645 ], [ -97.838005, 22.292075 ], [ -97.838161, 22.29254 ], [ -97.838313, 22.292989 ], [ -97.838462, 22.293444 ], [ -97.838611, 22.293878 ], [ -97.838781, 22.294371 ], [ -97.83893, 22.294821 ], [ -97.839081, 22.295277 ], [ -97.839223, 22.295726 ], [ -97.84118, 22.295182 ], [ -97.841333, 22.295641 ], [ -97.841476, 22.296061 ], [ -97.84162, 22.296515 ], [ -97.842104, 22.296385 ], [ -97.842179, 22.296365 ], [ -97.842182, 22.29645 ], [ -97.842182, 22.296504 ], [ -97.842163, 22.296557 ], [ -97.842096, 22.296732 ], [ -97.842036, 22.296713 ], [ -97.841891, 22.296712 ], [ -97.841745, 22.296722 ], [ -97.841603, 22.29675 ], [ -97.841463, 22.296789 ], [ -97.841335, 22.296852 ], [ -97.841225, 22.296941 ], [ -97.841146, 22.29701 ], [ -97.840983, 22.297172 ], [ -97.840865, 22.297251 ], [ -97.840744, 22.297332 ], [ -97.840625, 22.297393 ], [ -97.840475, 22.297432 ], [ -97.840336, 22.297435 ], [ -97.840192, 22.297428 ], [ -97.840052, 22.297391 ], [ -97.839926, 22.297323 ], [ -97.83982, 22.297213 ], [ -97.839715, 22.297084 ], [ -97.839615, 22.296981 ], [ -97.839507, 22.296952 ], [ -97.839363, 22.296969 ], [ -97.839227, 22.297017 ], [ -97.839127, 22.297116 ], [ -97.839067, 22.297209 ], [ -97.838997, 22.297328 ], [ -97.838898, 22.297427 ], [ -97.838802, 22.297481 ], [ -97.838642, 22.297555 ], [ -97.838506, 22.297603 ], [ -97.838366, 22.297641 ], [ -97.838224, 22.297669 ], [ -97.83808, 22.297691 ], [ -97.837935, 22.297698 ], [ -97.837814, 22.297695 ], [ -97.837696, 22.297662 ], [ -97.837675, 22.2976 ], [ -97.83736, 22.297662 ], [ -97.836458, 22.297927 ], [ -97.835562, 22.295731 ], [ -97.834895, 22.294102 ], [ -97.834726, 22.293714 ] ] ] ] } },
{ "type": "Feature", "properties": { "CVEGEO": "2800900010917", "POB_TOT_20": 1135.0, "POB_MASC_2": 565.0, "POB_FEM_20": 570.0, "origen": "2800900010917", "viajes_od_totales_salientes": 0.02, "viajes-total_salientes": 441.0, "viajes_od_totales_norm_salientes": 9.2131932927952829e-05, "viajes-total_norm_salientes": 0.33383800151400456, "AE_por_fila_salientes": 0.0098160549876787229, "SE_por_fila_salientes": 0.00016290382330224449, "APE_por_fila_salientes": 99.948862906135361, "destino": "2800900010917", "viajes_od_totales_entrantes": 1.12, "viajes-total_entrantes": 448.0, "viajes_od_totales_norm_entrantes": 0.0051593882439653583, "viajes-total_norm_entrantes": 0.33913701741105223, "AE_por_fila_entrantes": 0.0095422179762024821, "SE_por_fila_entrantes": 0.00017027695758590377, "APE_por_fila_entrantes": 97.56223195644553 }, "geometry": { "type": "MultiPolygon", "coordinates": [ [ [ [ -97.82285, 22.299199 ], [ -97.829089, 22.296312 ], [ -97.829799, 22.295984 ], [ -97.832189, 22.294875 ], [ -97.832452, 22.294753 ], [ -97.834477, 22.293813 ], [ -97.83458, 22.293772 ], [ -97.834726, 22.293714 ], [ -97.834895, 22.294102 ], [ -97.835562, 22.295731 ], [ -97.836458, 22.297927 ], [ -97.836474, 22.297964 ], [ -97.836442, 22.297974 ], [ -97.836404, 22.297985 ], [ -97.836316, 22.298022 ], [ -97.834749, 22.298642 ], [ -97.832709, 22.29954 ], [ -97.831878, 22.299925 ], [ -97.830916, 22.300372 ], [ -97.830946, 22.301818 ], [ -97.830049, 22.302323 ], [ -97.829289, 22.302751 ], [ -97.829262, 22.302767 ], [ -97.829227, 22.302786 ], [ -97.828943, 22.302947 ], [ -97.828896, 22.302973 ], [ -97.828843, 22.303003 ], [ -97.828866, 22.303037 ], [ -97.827399, 22.303858 ], [ -97.827192, 22.303975 ], [ -97.822545, 22.306591 ], [ -97.822535, 22.306525 ], [ -97.821285, 22.307203 ], [ -97.821144, 22.30665 ], [ -97.82084, 22.305467 ], [ -97.820589, 22.30455 ], [ -97.819988, 22.302338 ], [ -97.819792, 22.30161 ], [ -97.819789, 22.300172 ], [ -97.819875, 22.300167 ], [ -97.822116, 22.300053 ], [ -97.822641, 22.300093 ], [ -97.822669, 22.300092 ], [ -97.822668, 22.299917 ], [ -97.822667, 22.299212 ], [ -97.822691, 22.299213 ], [ -97.822849, 22.299212 ], [ -97.82285, 22.299199 ] ] ] ] } },
{ "type": "Feature", "properties": { "CVEGEO": "2800900011135", "POB_TOT_20": 3379.0, "POB_MASC_2": 1619.0, "POB_FEM_20": 1760.0, "origen": "2800900011135", "viajes_od_totales_salientes": 49.42, "viajes-total_salientes": 2634.0, "viajes_od_totales_norm_salientes": 0.22765800626497143, "viajes-total_norm_salientes": 1.9939439818319455, "AE_por_fila_salientes": 0.01804705207946921, "SE_por_fila_salientes": 0.0013441120100097872, "APE_por_fila_salientes": 88.38732785634771, "destino": "2800900011135", "viajes_od_totales_entrantes": 18.72, "viajes-total_entrantes": 2905.0, "viajes_od_totales_norm_entrantes": 0.086235489220563857, "viajes-total_norm_entrantes": 2.199091597274792, "AE_por_fila_entrantes": 0.021128561080542282, "SE_por_fila_entrantes": 0.0016977320715574412, "APE_por_fila_entrantes": 97.90148673556628 }, "geometry": { "type": "MultiPolygon", "coordinates": [ [ [ [ -97.818755, 22.293727 ], [ -97.819114, 22.293633 ], [ -97.819229, 22.293602 ], [ -97.819259, 22.29358 ], [ -97.819352, 22.293604 ], [ -97.819716, 22.293603 ], [ -97.819961, 22.293595 ], [ -97.819996, 22.293594 ], [ -97.82019, 22.293588 ], [ -97.82043, 22.29357 ], [ -97.820664, 22.29356 ], [ -97.820823, 22.293571 ], [ -97.820917, 22.293584 ], [ -97.821207, 22.293595 ], [ -97.821657, 22.293687 ], [ -97.82169, 22.293695 ], [ -97.821699, 22.293669 ], [ -97.821716, 22.293644 ], [ -97.821739, 22.293625 ], [ -97.82177, 22.293609 ], [ -97.821808, 22.293603 ], [ -97.821816, 22.293361 ], [ -97.82182, 22.293305 ], [ -97.821846, 22.293009 ], [ -97.821854, 22.292915 ], [ -97.82187, 22.292794 ], [ -97.821888, 22.292657 ], [ -97.821905, 22.292521 ], [ -97.821927, 22.292399 ], [ -97.821948, 22.292273 ], [ -97.821979, 22.292117 ], [ -97.822025, 22.292116 ], [ -97.822071, 22.2921 ], [ -97.822105, 22.292071 ], [ -97.822126, 22.292038 ], [ -97.822135, 22.292005 ], [ -97.822134, 22.291969 ], [ -97.822453, 22.291937 ], [ -97.822476, 22.291935 ], [ -97.822516, 22.291931 ], [ -97.823072, 22.291875 ], [ -97.823082, 22.291746 ], [ -97.823047, 22.291606 ], [ -97.82302, 22.291552 ], [ -97.822749, 22.291209 ], [ -97.822463, 22.290862 ], [ -97.822203, 22.290567 ], [ -97.82216, 22.290529 ], [ -97.823073, 22.290514 ], [ -97.823728, 22.290507 ], [ -97.823721, 22.290857 ], [ -97.823755, 22.290882 ], [ -97.82377, 22.291186 ], [ -97.823756, 22.291217 ], [ -97.823932, 22.291586 ], [ -97.823981, 22.29161 ], [ -97.824064, 22.291858 ], [ -97.824047, 22.29188 ], [ -97.824124, 22.292202 ], [ -97.824163, 22.292506 ], [ -97.824227, 22.293106 ], [ -97.824225, 22.293168 ], [ -97.824211, 22.293207 ], [ -97.824262, 22.293206 ], [ -97.824307, 22.293521 ], [ -97.824346, 22.293521 ], [ -97.824383, 22.29352 ], [ -97.824553, 22.29352 ], [ -97.824559, 22.293666 ], [ -97.82453, 22.293734 ], [ -97.824564, 22.29414 ], [ -97.824637, 22.294916 ], [ -97.824528, 22.294926 ], [ -97.824584, 22.295494 ], [ -97.824345, 22.295509 ], [ -97.824036, 22.29553 ], [ -97.823814, 22.295546 ], [ -97.82364, 22.295451 ], [ -97.823339, 22.295288 ], [ -97.823021, 22.29512 ], [ -97.82298, 22.295316 ], [ -97.822921, 22.295304 ], [ -97.822806, 22.295296 ], [ -97.822764, 22.295492 ], [ -97.822572, 22.295462 ], [ -97.822567, 22.295448 ], [ -97.822559, 22.295425 ], [ -97.821803, 22.295388 ], [ -97.821767, 22.295352 ], [ -97.821769, 22.295268 ], [ -97.821788, 22.294937 ], [ -97.821803, 22.294696 ], [ -97.821753, 22.294679 ], [ -97.821616, 22.294659 ], [ -97.821362, 22.294685 ], [ -97.821345, 22.294687 ], [ -97.821074, 22.294718 ], [ -97.821056, 22.29472 ], [ -97.820759, 22.294757 ], [ -97.820727, 22.294763 ], [ -97.820414, 22.29479 ], [ -97.820347, 22.294799 ], [ -97.820255, 22.294862 ], [ -97.820206, 22.294917 ], [ -97.820108, 22.295035 ], [ -97.820066, 22.29506 ], [ -97.819969, 22.295081 ], [ -97.819591, 22.295139 ], [ -97.819581, 22.295057 ], [ -97.819172, 22.295106 ], [ -97.819102, 22.294684 ], [ -97.818973, 22.294248 ], [ -97.818755, 22.293727 ] ] ] ] } },
{ "type": "Feature", "properties": { "CVEGEO": "2800900010993", "POB_TOT_20": 3436.0, "POB_MASC_2": 1677.0, "POB_FEM_20": 1759.0, "origen": "2800900010993", "viajes_od_totales_salientes": 78.72, "viajes-total_salientes": 4514.0, "viajes_od_totales_norm_salientes": 0.36263128800442235, "viajes-total_norm_salientes": 3.4171082513247542, "AE_por_fila_salientes": 0.019619733438717171, "SE_por_fila_salientes": 0.0011449683156918161, "APE_por_fila_salientes": 89.174313128645693, "destino": "2800900010993", "viajes_od_totales_entrantes": 78.02, "viajes-total_entrantes": 5212.0, "viajes_od_totales_norm_entrantes": 0.35940667035194396, "viajes-total_norm_entrantes": 3.9454958364875092, "AE_por_fila_entrantes": 0.020849355617067241, "SE_por_fila_entrantes": 0.0011510676765060558, "APE_por_fila_entrantes": 93.179830889378437 }, "geometry": { "type": "MultiPolygon", "coordinates": [ [ [ [ -97.821596, 22.281492 ], [ -97.822544, 22.280759 ], [ -97.823585, 22.280037 ], [ -97.824295, 22.279672 ], [ -97.8254, 22.279253 ], [ -97.827017, 22.278667 ], [ -97.827041, 22.278658 ], [ -97.827059, 22.278651 ], [ -97.827966, 22.278331 ], [ -97.827995, 22.278322 ], [ -97.828143, 22.278673 ], [ -97.828234, 22.278891 ], [ -97.828326, 22.279111 ], [ -97.828573, 22.279701 ], [ -97.828914, 22.280497 ], [ -97.829252, 22.281288 ], [ -97.829411, 22.281637 ], [ -97.829611, 22.282075 ], [ -97.829968, 22.282859 ], [ -97.830608, 22.284246 ], [ -97.83069, 22.284442 ], [ -97.831061, 22.285252 ], [ -97.831181, 22.285514 ], [ -97.831401, 22.285993 ], [ -97.83055, 22.286409 ], [ -97.8298, 22.286767 ], [ -97.82972, 22.286805 ], [ -97.829643, 22.286841 ], [ -97.828948, 22.287167 ], [ -97.828095, 22.287589 ], [ -97.827748, 22.28677 ], [ -97.827433, 22.286016 ], [ -97.827097, 22.2852 ], [ -97.826777, 22.284407 ], [ -97.826697, 22.284206 ], [ -97.826285, 22.284438 ], [ -97.825861, 22.284702 ], [ -97.825793, 22.28471 ], [ -97.825576, 22.284377 ], [ -97.825016, 22.2835 ], [ -97.824472, 22.282678 ], [ -97.824023, 22.281957 ], [ -97.823944, 22.281842 ], [ -97.823826, 22.28182 ], [ -97.823756, 22.281817 ], [ -97.82371, 22.281815 ], [ -97.822077, 22.282209 ], [ -97.821596, 22.281492 ] ] ] ] } },
{ "type": "Feature", "properties": { "CVEGEO": "280380001011A", "POB_TOT_20": 1466.0, "POB_MASC_2": 663.0, "POB_FEM_20": 803.0, "origen": "280380001011A", "viajes_od_totales_salientes": 338.3, "viajes-total_salientes": 7110.0, "viajes_od_totales_norm_salientes": 1.5584116454763222, "viajes-total_norm_salientes": 5.3822861468584406, "AE_por_fila_salientes": 0.031928556532238826, "SE_por_fila_salientes": 0.0027769912938622487, "APE_por_fila_salientes": 93.74280186345112, "destino": null, "viajes_od_totales_entrantes": null, "viajes-total_entrantes": null, "viajes_od_totales_norm_entrantes": null, "viajes-total_norm_entrantes": null, "AE_por_fila_entrantes": null, "SE_por_fila_entrantes": null, "APE_por_fila_entrantes": null }, "geometry": { "type": "MultiPolygon", "coordinates": [ [ [ [ -97.881363, 22.252575 ], [ -97.880333, 22.252862 ], [ -97.880283, 22.252843 ], [ -97.8791, 22.253205 ], [ -97.878941, 22.253099 ], [ -97.878788, 22.253088 ], [ -97.878656, 22.253125 ], [ -97.877742, 22.253386 ], [ -97.877195, 22.253543 ], [ -97.876963, 22.253652 ], [ -97.876861, 22.253857 ], [ -97.876778, 22.253925 ], [ -97.876229, 22.254085 ], [ -97.875975, 22.2533 ], [ -97.875884, 22.253026 ], [ -97.875682, 22.25242 ], [ -97.875589, 22.252142 ], [ -97.875358, 22.251452 ], [ -97.875333, 22.25138 ], [ -97.875291, 22.251263 ], [ -97.87505, 22.250584 ], [ -97.874956, 22.250322 ], [ -97.874765, 22.249785 ], [ -97.87468, 22.24958 ], [ -97.874376, 22.248848 ], [ -97.874031, 22.248029 ], [ -97.873999, 22.247969 ], [ -97.873849, 22.247682 ], [ -97.873563, 22.247239 ], [ -97.873544, 22.247209 ], [ -97.873136, 22.24649 ], [ -97.87312, 22.246462 ], [ -97.872718, 22.245749 ], [ -97.872704, 22.245722 ], [ -97.873552, 22.245487 ], [ -97.874858, 22.245213 ], [ -97.875173, 22.245165 ], [ -97.87544, 22.245197 ], [ -97.875659, 22.245227 ], [ -97.876059, 22.245288 ], [ -97.87622, 22.245289 ], [ -97.876289, 22.245283 ], [ -97.876669, 22.245234 ], [ -97.876889, 22.245112 ], [ -97.877074, 22.244931 ], [ -97.877158, 22.244672 ], [ -97.877183, 22.244431 ], [ -97.877146, 22.244248 ], [ -97.876936, 22.244082 ], [ -97.876668, 22.243974 ], [ -97.876637, 22.243943 ], [ -97.876561, 22.243846 ], [ -97.876304, 22.243473 ], [ -97.876242, 22.243342 ], [ -97.876185, 22.243267 ], [ -97.876124, 22.243239 ], [ -97.876068, 22.243242 ], [ -97.875997, 22.243293 ], [ -97.875947, 22.243362 ], [ -97.875935, 22.243411 ], [ -97.87594, 22.243666 ], [ -97.875917, 22.243812 ], [ -97.875881, 22.243945 ], [ -97.8758, 22.244033 ], [ -97.875685, 22.244076 ], [ -97.87518, 22.244187 ], [ -97.875139, 22.244019 ], [ -97.875352, 22.244033 ], [ -97.875499, 22.244029 ], [ -97.87561, 22.243984 ], [ -97.875646, 22.243956 ], [ -97.875677, 22.243886 ], [ -97.875577, 22.243368 ], [ -97.875548, 22.242923 ], [ -97.875548, 22.242899 ], [ -97.875633, 22.24252 ], [ -97.875762, 22.24236 ], [ -97.875993, 22.242234 ], [ -97.876201, 22.242235 ], [ -97.876406, 22.242286 ], [ -97.876672, 22.242464 ], [ -97.876709, 22.242492 ], [ -97.876997, 22.24281 ], [ -97.877081, 22.242949 ], [ -97.877258, 22.243121 ], [ -97.877743, 22.243363 ], [ -97.878074, 22.243762 ], [ -97.87813, 22.243877 ], [ -97.878089, 22.244315 ], [ -97.878142, 22.244999 ], [ -97.878139, 22.245189 ], [ -97.87809, 22.24532 ], [ -97.879105, 22.245083 ], [ -97.879105, 22.245088 ], [ -97.879033, 22.245176 ], [ -97.878947, 22.245246 ], [ -97.878827, 22.245323 ], [ -97.878703, 22.245393 ], [ -97.878578, 22.245462 ], [ -97.878486, 22.245568 ], [ -97.878435, 22.245694 ], [ -97.878354, 22.245807 ], [ -97.878265, 22.245914 ], [ -97.878172, 22.246019 ], [ -97.878125, 22.246146 ], [ -97.878104, 22.24628 ], [ -97.878107, 22.246551 ], [ -97.878131, 22.246685 ], [ -97.878211, 22.246798 ], [ -97.878399, 22.247004 ], [ -97.878497, 22.247105 ], [ -97.8786, 22.2472 ], [ -97.878834, 22.247361 ], [ -97.879084, 22.2475 ], [ -97.879206, 22.247574 ], [ -97.879438, 22.247737 ], [ -97.879636, 22.247847 ], [ -97.879885, 22.247987 ], [ -97.880007, 22.248061 ], [ -97.880144, 22.248107 ], [ -97.880251, 22.248183 ], [ -97.880366, 22.248282 ], [ -97.880447, 22.248395 ], [ -97.880524, 22.24851 ], [ -97.880623, 22.248609 ], [ -97.880672, 22.248737 ], [ -97.880657, 22.248872 ], [ -97.880757, 22.24897 ], [ -97.880776, 22.249104 ], [ -97.880774, 22.24924 ], [ -97.880719, 22.249375 ], [ -97.880823, 22.249507 ], [ -97.880856, 22.249639 ], [ -97.880891, 22.24977 ], [ -97.880938, 22.249899 ], [ -97.881002, 22.25002 ], [ -97.88106, 22.250144 ], [ -97.881093, 22.250276 ], [ -97.881118, 22.25041 ], [ -97.881141, 22.250544 ], [ -97.881196, 22.25081 ], [ -97.881228, 22.250942 ], [ -97.881291, 22.251207 ], [ -97.881321, 22.251339 ], [ -97.881363, 22.251608 ], [ -97.881369, 22.251743 ], [ -97.881358, 22.251878 ], [ -97.881275, 22.252034 ], [ -97.881246, 22.252057 ], [ -97.881219, 22.252079 ], [ -97.881253, 22.252201 ], [ -97.881289, 22.252318 ], [ -97.881329, 22.252463 ], [ -97.881363, 22.252575 ] ] ] ] } },
{ "type": "Feature", "properties": { "CVEGEO": "2803800010069", "POB_TOT_20": 1246.0, "POB_MASC_2": 569.0, "POB_FEM_20": 677.0, "origen": "2803800010069", "viajes_od_totales_salientes": 241.44, "viajes-total_salientes": 13220.0, "viajes_od_totales_norm_salientes": 1.1122166943062466, "viajes-total_norm_salientes": 10.007570022710068, "AE_por_fila_salientes": 0.052948531716689416, "SE_por_fila_salientes": 0.010171838494113853, "APE_por_fila_salientes": 94.222283200815298, "destino": "2803800010069", "viajes_od_totales_entrantes": 658.88, "viajes-total_entrantes": 14549.0, "viajes_od_totales_norm_entrantes": 3.0351943983784779, "viajes-total_norm_entrantes": 11.013626040878123, "AE_por_fila_entrantes": 0.0450555319100975, "SE_por_fila_entrantes": 0.0082633691025911695, "APE_por_fila_entrantes": 80.806968879117164 }, "geometry": { "type": "MultiPolygon", "coordinates": [ [ [ [ -97.876229, 22.254085 ], [ -97.876778, 22.253925 ], [ -97.876861, 22.253857 ], [ -97.876963, 22.253652 ], [ -97.877195, 22.253543 ], [ -97.877742, 22.253386 ], [ -97.878656, 22.253125 ], [ -97.878788, 22.253088 ], [ -97.878941, 22.253099 ], [ -97.8791, 22.253205 ], [ -97.880283, 22.252843 ], [ -97.880333, 22.252862 ], [ -97.881363, 22.252575 ], [ -97.881365, 22.252579 ], [ -97.881443, 22.252653 ], [ -97.881593, 22.25272 ], [ -97.881754, 22.252744 ], [ -97.881902, 22.252833 ], [ -97.882051, 22.252947 ], [ -97.882166, 22.253099 ], [ -97.882282, 22.253269 ], [ -97.8824, 22.253486 ], [ -97.882471, 22.253688 ], [ -97.88251, 22.253818 ], [ -97.882562, 22.25401 ], [ -97.882584, 22.254103 ], [ -97.882614, 22.254232 ], [ -97.882672, 22.254418 ], [ -97.882727, 22.254569 ], [ -97.882802, 22.254778 ], [ -97.882924, 22.254903 ], [ -97.883086, 22.255069 ], [ -97.883228, 22.255205 ], [ -97.883429, 22.25533 ], [ -97.883666, 22.255399 ], [ -97.883929, 22.255452 ], [ -97.884175, 22.255492 ], [ -97.884348, 22.25553 ], [ -97.884542, 22.255603 ], [ -97.884864, 22.255644 ], [ -97.885059, 22.255701 ], [ -97.88512, 22.255778 ], [ -97.885027, 22.255892 ], [ -97.885002, 22.256008 ], [ -97.885066, 22.256081 ], [ -97.885192, 22.256119 ], [ -97.88533, 22.256076 ], [ -97.885445, 22.256126 ], [ -97.88559, 22.256376 ], [ -97.88563, 22.256539 ], [ -97.885641, 22.256623 ], [ -97.885661, 22.256765 ], [ -97.885696, 22.256964 ], [ -97.885683, 22.257155 ], [ -97.88568, 22.257314 ], [ -97.885653, 22.257497 ], [ -97.885636, 22.257647 ], [ -97.88564, 22.257849 ], [ -97.885636, 22.258017 ], [ -97.885586, 22.258181 ], [ -97.885538, 22.258341 ], [ -97.885431, 22.258527 ], [ -97.8853, 22.258632 ], [ -97.885187, 22.258721 ], [ -97.885118, 22.258764 ], [ -97.885039, 22.258815 ], [ -97.884924, 22.258879 ], [ -97.884763, 22.2589 ], [ -97.884326, 22.258888 ], [ -97.883898, 22.25881 ], [ -97.883316, 22.258788 ], [ -97.882735, 22.258762 ], [ -97.882591, 22.258782 ], [ -97.882485, 22.258874 ], [ -97.882199, 22.258928 ], [ -97.882099, 22.258942 ], [ -97.881911, 22.258968 ], [ -97.881642, 22.259071 ], [ -97.881547, 22.259157 ], [ -97.881472, 22.259254 ], [ -97.881381, 22.259337 ], [ -97.881303, 22.259457 ], [ -97.881202, 22.259568 ], [ -97.881105, 22.259684 ], [ -97.880863, 22.259835 ], [ -97.880508, 22.260072 ], [ -97.880127, 22.260271 ], [ -97.879892, 22.26043 ], [ -97.879734, 22.260469 ], [ -97.879571, 22.260517 ], [ -97.879466, 22.260596 ], [ -97.879328, 22.260596 ], [ -97.879194, 22.260557 ], [ -97.879052, 22.260529 ], [ -97.878925, 22.260522 ], [ -97.878892, 22.260644 ], [ -97.879234, 22.260795 ], [ -97.879405, 22.260857 ], [ -97.879561, 22.260939 ], [ -97.879638, 22.261043 ], [ -97.879603, 22.261174 ], [ -97.879581, 22.261253 ], [ -97.879518, 22.261307 ], [ -97.87928, 22.261319 ], [ -97.879054, 22.261283 ], [ -97.878798, 22.261246 ], [ -97.878651, 22.261254 ], [ -97.878578, 22.261315 ], [ -97.878586, 22.261412 ], [ -97.878713, 22.261423 ], [ -97.878804, 22.261467 ], [ -97.878882, 22.261523 ], [ -97.878958, 22.261581 ], [ -97.879068, 22.26165 ], [ -97.879179, 22.261698 ], [ -97.879273, 22.261783 ], [ -97.879327, 22.261862 ], [ -97.879386, 22.261971 ], [ -97.879431, 22.262049 ], [ -97.879444, 22.262148 ], [ -97.879461, 22.26225 ], [ -97.87949, 22.262337 ], [ -97.879547, 22.262401 ], [ -97.880029, 22.2627 ], [ -97.880064, 22.263028 ], [ -97.88005, 22.263166 ], [ -97.880013, 22.26328 ], [ -97.879938, 22.263416 ], [ -97.879857, 22.263484 ], [ -97.879836, 22.263528 ], [ -97.879848, 22.263602 ], [ -97.879877, 22.263698 ], [ -97.879882, 22.263774 ], [ -97.879837, 22.263854 ], [ -97.879752, 22.26394 ], [ -97.879685, 22.263922 ], [ -97.879565, 22.264201 ], [ -97.879527, 22.264312 ], [ -97.879464, 22.264418 ], [ -97.879405, 22.264555 ], [ -97.879348, 22.264646 ], [ -97.879333, 22.26473 ], [ -97.879382, 22.264818 ], [ -97.879468, 22.264881 ], [ -97.879563, 22.264907 ], [ -97.879628, 22.264968 ], [ -97.879616, 22.265052 ], [ -97.879561, 22.265131 ], [ -97.87953, 22.265235 ], [ -97.879531, 22.265329 ], [ -97.879589, 22.265398 ], [ -97.879669, 22.265432 ], [ -97.879751, 22.265525 ], [ -97.879861, 22.265676 ], [ -97.879972, 22.265841 ], [ -97.880066, 22.266027 ], [ -97.880109, 22.26611 ], [ -97.880155, 22.266233 ], [ -97.880148, 22.266376 ], [ -97.880127, 22.266479 ], [ -97.880015, 22.266554 ], [ -97.879918, 22.266652 ], [ -97.87968, 22.266798 ], [ -97.879564, 22.266861 ], [ -97.879369, 22.266953 ], [ -97.8793, 22.267001 ], [ -97.879164, 22.267081 ], [ -97.878983, 22.267157 ], [ -97.878855, 22.267216 ], [ -97.878718, 22.267243 ], [ -97.878586, 22.267234 ], [ -97.878447, 22.267222 ], [ -97.878333, 22.267199 ], [ -97.8782, 22.267163 ], [ -97.878046, 22.267127 ], [ -97.877894, 22.267072 ], [ -97.877774, 22.267022 ], [ -97.877662, 22.266958 ], [ -97.877548, 22.266899 ], [ -97.877416, 22.266834 ], [ -97.877051, 22.266611 ], [ -97.876826, 22.266438 ], [ -97.876614, 22.266253 ], [ -97.876524, 22.266147 ], [ -97.876415, 22.266095 ], [ -97.876321, 22.266187 ], [ -97.876176, 22.266173 ], [ -97.876038, 22.266129 ], [ -97.875894, 22.26618 ], [ -97.875764, 22.266238 ], [ -97.875677, 22.26629 ], [ -97.875673, 22.266312 ], [ -97.875667, 22.266336 ], [ -97.875627, 22.266455 ], [ -97.875639, 22.266725 ], [ -97.875677, 22.266853 ], [ -97.875689, 22.266985 ], [ -97.875692, 22.267398 ], [ -97.875583, 22.267487 ], [ -97.875282, 22.267485 ], [ -97.875144, 22.267494 ], [ -97.875075, 22.267611 ], [ -97.875101, 22.267742 ], [ -97.875223, 22.267818 ], [ -97.875319, 22.267919 ], [ -97.875459, 22.26795 ], [ -97.8756, 22.267923 ], [ -97.87574, 22.267967 ], [ -97.875782, 22.268095 ], [ -97.875927, 22.268079 ], [ -97.876067, 22.26805 ], [ -97.87631, 22.268199 ], [ -97.876398, 22.26831 ], [ -97.876428, 22.268443 ], [ -97.876568, 22.268424 ], [ -97.876711, 22.268395 ], [ -97.876853, 22.268367 ], [ -97.876995, 22.268338 ], [ -97.877138, 22.268311 ], [ -97.877236, 22.268285 ], [ -97.877237, 22.268352 ], [ -97.877198, 22.268417 ], [ -97.87707, 22.268482 ], [ -97.876953, 22.268562 ], [ -97.876828, 22.268632 ], [ -97.876696, 22.268689 ], [ -97.876555, 22.268723 ], [ -97.876451, 22.268817 ], [ -97.87645, 22.268952 ], [ -97.876524, 22.269049 ], [ -97.876508, 22.269181 ], [ -97.876495, 22.269223 ], [ -97.876479, 22.26927 ], [ -97.876395, 22.26938 ], [ -97.87634, 22.269506 ], [ -97.876341, 22.269641 ], [ -97.876469, 22.269704 ], [ -97.876601, 22.269762 ], [ -97.876705, 22.269856 ], [ -97.876771, 22.269978 ], [ -97.876889, 22.270056 ], [ -97.877031, 22.270083 ], [ -97.877171, 22.270048 ], [ -97.877201, 22.269916 ], [ -97.877246, 22.269787 ], [ -97.877219, 22.269655 ], [ -97.877168, 22.269528 ], [ -97.877122, 22.26926 ], [ -97.877144, 22.269126 ], [ -97.877326, 22.268914 ], [ -97.877472, 22.268913 ], [ -97.877732, 22.269036 ], [ -97.877872, 22.26907 ], [ -97.878009, 22.269118 ], [ -97.878287, 22.269199 ], [ -97.878423, 22.269245 ], [ -97.878714, 22.269259 ], [ -97.879296, 22.269282 ], [ -97.879582, 22.269236 ], [ -97.879682, 22.269138 ], [ -97.879999, 22.268859 ], [ -97.880207, 22.268669 ], [ -97.880556, 22.268424 ], [ -97.880806, 22.268284 ], [ -97.881085, 22.268209 ], [ -97.88123, 22.268225 ], [ -97.881373, 22.26825 ], [ -97.881664, 22.268239 ], [ -97.881756, 22.268135 ], [ -97.881844, 22.268027 ], [ -97.881981, 22.267979 ], [ -97.882108, 22.268046 ], [ -97.882224, 22.268438 ], [ -97.882185, 22.268707 ], [ -97.882173, 22.268977 ], [ -97.882194, 22.269111 ], [ -97.882281, 22.269219 ], [ -97.882513, 22.269383 ], [ -97.882645, 22.269325 ], [ -97.882781, 22.269374 ], [ -97.882806, 22.269508 ], [ -97.882845, 22.269639 ], [ -97.882785, 22.269763 ], [ -97.882698, 22.270021 ], [ -97.882784, 22.27013 ], [ -97.882858, 22.270247 ], [ -97.882891, 22.270379 ], [ -97.882908, 22.270514 ], [ -97.882933, 22.270647 ], [ -97.883001, 22.270767 ], [ -97.883021, 22.270901 ], [ -97.882996, 22.271035 ], [ -97.882944, 22.271161 ], [ -97.882911, 22.271293 ], [ -97.882927, 22.271428 ], [ -97.883009, 22.27154 ], [ -97.882983, 22.271673 ], [ -97.883053, 22.271791 ], [ -97.883193, 22.271758 ], [ -97.883298, 22.271664 ], [ -97.883374, 22.271549 ], [ -97.883487, 22.271446 ], [ -97.883582, 22.271359 ], [ -97.883705, 22.271287 ], [ -97.883825, 22.27121 ], [ -97.884095, 22.271107 ], [ -97.884241, 22.271104 ], [ -97.884521, 22.271177 ], [ -97.884642, 22.271253 ], [ -97.88469, 22.271381 ], [ -97.884693, 22.271652 ], [ -97.884714, 22.27188 ], [ -97.884735, 22.271923 ], [ -97.883992, 22.272644 ], [ -97.883211, 22.273404 ], [ -97.882408, 22.272627 ], [ -97.881777, 22.272128 ], [ -97.881728, 22.27211 ], [ -97.881328, 22.272477 ], [ -97.88107, 22.272879 ], [ -97.881029, 22.272923 ], [ -97.880979, 22.272964 ], [ -97.880925, 22.272995 ], [ -97.880856, 22.273015 ], [ -97.880778, 22.27303 ], [ -97.880695, 22.273029 ], [ -97.880631, 22.273016 ], [ -97.880556, 22.272983 ], [ -97.880045, 22.272736 ], [ -97.87901, 22.272279 ], [ -97.877439, 22.271649 ], [ -97.87633, 22.271253 ], [ -97.875724, 22.271156 ], [ -97.875305, 22.271089 ], [ -97.873974, 22.270888 ], [ -97.873773, 22.270359 ], [ -97.873684, 22.269935 ], [ -97.873686, 22.269318 ], [ -97.873688, 22.269115 ], [ -97.873702, 22.268148 ], [ -97.87371, 22.267908 ], [ -97.873748, 22.267339 ], [ -97.873833, 22.267054 ], [ -97.873942, 22.266689 ], [ -97.874208, 22.266149 ], [ -97.874463, 22.265634 ], [ -97.874584, 22.265338 ], [ -97.874625, 22.265236 ], [ -97.874791, 22.264618 ], [ -97.874918, 22.264145 ], [ -97.875, 22.26384 ], [ -97.875165, 22.263224 ], [ -97.875296, 22.262738 ], [ -97.875352, 22.262529 ], [ -97.875507, 22.261957 ], [ -97.875692, 22.26131 ], [ -97.875827, 22.260727 ], [ -97.876113, 22.259504 ], [ -97.876167, 22.259251 ], [ -97.876369, 22.25833 ], [ -97.876426, 22.258069 ], [ -97.876533, 22.257663 ], [ -97.876596, 22.257248 ], [ -97.876612, 22.256748 ], [ -97.876518, 22.255798 ], [ -97.876484, 22.255464 ], [ -97.876456, 22.255201 ], [ -97.87642, 22.254931 ], [ -97.876229, 22.254085 ] ] ] ] } },
{ "type": "Feature", "properties": { "CVEGEO": "2803800011071", "POB_TOT_20": 1455.0, "POB_MASC_2": 689.0, "POB_FEM_20": 766.0, "origen": "2803800011071", "viajes_od_totales_salientes": 185.38, "viajes-total_salientes": 13462.0, "viajes_od_totales_norm_salientes": 0.85397088630919471, "viajes-total_norm_salientes": 10.190764572293716, "AE_por_fila_salientes": 0.049929377999917236, "SE_por_fila_salientes": 0.010122304812631227, "APE_por_fila_salientes": 94.948477978577785, "destino": "2803800011071", "viajes_od_totales_entrantes": 784.44, "viajes-total_entrantes": 13998.0, "viajes_od_totales_norm_entrantes": 3.6135986733001659, "viajes-total_norm_entrantes": 10.596517789553369, "AE_por_fila_entrantes": 0.045135502119803064, "SE_por_fila_entrantes": 0.0094189850208242255, "APE_por_fila_entrantes": 86.867973353162768 }, "geometry": { "type": "MultiPolygon", "coordinates": [ [ [ [ -97.873833, 22.267054 ], [ -97.873748, 22.267339 ], [ -97.87371, 22.267908 ], [ -97.873702, 22.268148 ], [ -97.873688, 22.269115 ], [ -97.873686, 22.269318 ], [ -97.873684, 22.269935 ], [ -97.873773, 22.270359 ], [ -97.873974, 22.270888 ], [ -97.874289, 22.271538 ], [ -97.874504, 22.272087 ], [ -97.8746, 22.272409 ], [ -97.874644, 22.272896 ], [ -97.87453, 22.273485 ], [ -97.87442, 22.273871 ], [ -97.874203, 22.274597 ], [ -97.873955, 22.275416 ], [ -97.873565, 22.276712 ], [ -97.873303, 22.277583 ], [ -97.873267, 22.277756 ], [ -97.873126, 22.278427 ], [ -97.873044, 22.279611 ], [ -97.872987, 22.280711 ], [ -97.872971, 22.281059 ], [ -97.872942, 22.281679 ], [ -97.873, 22.282286 ], [ -97.873013, 22.282418 ], [ -97.872858, 22.282439 ], [ -97.871707, 22.282653 ], [ -97.871648, 22.282663 ], [ -97.871582, 22.282676 ], [ -97.870748, 22.28283 ], [ -97.870719, 22.282865 ], [ -97.87065, 22.282882 ], [ -97.869272, 22.281953 ], [ -97.869816, 22.281305 ], [ -97.870085, 22.281022 ], [ -97.870182, 22.280921 ], [ -97.87023, 22.280799 ], [ -97.870263, 22.280679 ], [ -97.870265, 22.280647 ], [ -97.869127, 22.279798 ], [ -97.868516, 22.279335 ], [ -97.868745, 22.279085 ], [ -97.868305, 22.278587 ], [ -97.867756, 22.277963 ], [ -97.868059, 22.277743 ], [ -97.868181, 22.277707 ], [ -97.868223, 22.277691 ], [ -97.868885, 22.277554 ], [ -97.868836, 22.277471 ], [ -97.868555, 22.277107 ], [ -97.868096, 22.276623 ], [ -97.867623, 22.276085 ], [ -97.867202, 22.275596 ], [ -97.866933, 22.275165 ], [ -97.866747, 22.274739 ], [ -97.866915, 22.27447 ], [ -97.867298, 22.273837 ], [ -97.867519, 22.273457 ], [ -97.867673, 22.27311 ], [ -97.867808, 22.2728 ], [ -97.867966, 22.272319 ], [ -97.868032, 22.272118 ], [ -97.868038, 22.271936 ], [ -97.868035, 22.271209 ], [ -97.868071, 22.270597 ], [ -97.868073, 22.269977 ], [ -97.868087, 22.269599 ], [ -97.868119, 22.269214 ], [ -97.86813, 22.268996 ], [ -97.868239, 22.268666 ], [ -97.868338, 22.268367 ], [ -97.86834, 22.2682 ], [ -97.868359, 22.266617 ], [ -97.86915, 22.26611 ], [ -97.869214, 22.266097 ], [ -97.869193, 22.266845 ], [ -97.869161, 22.267968 ], [ -97.869047, 22.268216 ], [ -97.869019, 22.268284 ], [ -97.8699, 22.268289 ], [ -97.870898, 22.268297 ], [ -97.870848, 22.268243 ], [ -97.870872, 22.267034 ], [ -97.871862, 22.267044 ], [ -97.872723, 22.267049 ], [ -97.873833, 22.267054 ] ] ] ] } },
{ "type": "Feature", "properties": { "CVEGEO": "2803800010073", "POB_TOT_20": 1534.0, "POB_MASC_2": 690.0, "POB_FEM_20": 844.0, "origen": "2803800010073", "viajes_od_totales_salientes": 216.54, "viajes-total_salientes": 16156.0, "viajes_od_totales_norm_salientes": 0.99751243781094523, "viajes-total_norm_salientes": 12.230128690386071, "AE_por_fila_salientes": 0.064694964819874315, "SE_por_fila_salientes": 0.016072385683650308, "APE_por_fila_salientes": 95.735651811540507, "destino": "2803800010073", "viajes_od_totales_entrantes": 1438.7, "viajes-total_entrantes": 17514.0, "viajes_od_totales_norm_entrantes": 6.6275105951722866, "viajes-total_norm_entrantes": 13.258137774413322, "AE_por_fila_entrantes": 0.04580893591984575, "SE_por_fila_entrantes": 0.010432809171037951, "APE_por_fila_entrantes": 90.175926434172013 }, "geometry": { "type": "MultiPolygon", "coordinates": [ [ [ [ -97.873833, 22.267054 ], [ -97.872723, 22.267049 ], [ -97.871862, 22.267044 ], [ -97.870872, 22.267034 ], [ -97.870848, 22.268243 ], [ -97.870898, 22.268297 ], [ -97.8699, 22.268289 ], [ -97.869019, 22.268284 ], [ -97.869047, 22.268216 ], [ -97.869161, 22.267968 ], [ -97.869193, 22.266845 ], [ -97.869214, 22.266097 ], [ -97.869227, 22.265471 ], [ -97.869535, 22.263511 ], [ -97.869549, 22.263095 ], [ -97.869543, 22.262885 ], [ -97.869536, 22.262561 ], [ -97.869427, 22.262026 ], [ -97.86937, 22.261794 ], [ -97.869303, 22.26159 ], [ -97.869283, 22.261465 ], [ -97.869272, 22.261402 ], [ -97.869262, 22.260754 ], [ -97.869268, 22.260034 ], [ -97.869274, 22.259238 ], [ -97.869272, 22.258253 ], [ -97.870143, 22.258257 ], [ -97.871042, 22.258261 ], [ -97.871042, 22.257221 ], [ -97.872319, 22.257225 ], [ -97.874, 22.257226 ], [ -97.874311, 22.257229 ], [ -97.874496, 22.25723 ], [ -97.874707, 22.257233 ], [ -97.874898, 22.257235 ], [ -97.875202, 22.257238 ], [ -97.875486, 22.257241 ], [ -97.875542, 22.257242 ], [ -97.876596, 22.257248 ], [ -97.876533, 22.257663 ], [ -97.876426, 22.258069 ], [ -97.876369, 22.25833 ], [ -97.876167, 22.259251 ], [ -97.876113, 22.259504 ], [ -97.875827, 22.260727 ], [ -97.875692, 22.26131 ], [ -97.875507, 22.261957 ], [ -97.875352, 22.262529 ], [ -97.875296, 22.262738 ], [ -97.875165, 22.263224 ], [ -97.875, 22.26384 ], [ -97.874918, 22.264145 ], [ -97.874791, 22.264618 ], [ -97.874625, 22.265236 ], [ -97.874584, 22.265338 ], [ -97.874463, 22.265634 ], [ -97.874208, 22.266149 ], [ -97.873942, 22.266689 ], [ -97.873833, 22.267054 ] ] ] ] } },
{ "type": "Feature", "properties": { "CVEGEO": "2803800010088", "POB_TOT_20": 1916.0, "POB_MASC_2": 880.0, "POB_FEM_20": 1036.0, "origen": "2803800010088", "viajes_od_totales_salientes": 452.96, "viajes-total_salientes": 12720.0, "viajes_od_totales_norm_salientes": 2.0866040169522755, "viajes-total_norm_salientes": 9.6290688872066621, "AE_por_fila_salientes": 0.049779246460720725, "SE_por_fila_salientes": 0.0089217410744527968, "APE_por_fila_salientes": 91.459304897220477, "destino": "2803800010088", "viajes_od_totales_entrantes": 431.24, "viajes-total_entrantes": 13528.0, "viajes_od_totales_norm_entrantes": 1.9865487377925188, "viajes-total_norm_entrantes": 10.240726722180167, "AE_por_fila_entrantes": 0.046612539538884681, "SE_por_fila_entrantes": 0.0099856605810038704, "APE_por_fila_entrantes": 74.286232301836392 }, "geometry": { "type": "MultiPolygon", "coordinates": [ [ [ [ -97.876596, 22.257248 ], [ -97.875542, 22.257242 ], [ -97.875486, 22.257241 ], [ -97.875202, 22.257238 ], [ -97.874898, 22.257235 ], [ -97.874707, 22.257233 ], [ -97.874496, 22.25723 ], [ -97.874311, 22.257229 ], [ -97.874, 22.257226 ], [ -97.872319, 22.257225 ], [ -97.871042, 22.257221 ], [ -97.871042, 22.258261 ], [ -97.870143, 22.258257 ], [ -97.869272, 22.258253 ], [ -97.869267, 22.257215 ], [ -97.869262, 22.256211 ], [ -97.869258, 22.255225 ], [ -97.869256, 22.254621 ], [ -97.869255, 22.254514 ], [ -97.869255, 22.254221 ], [ -97.869255, 22.253436 ], [ -97.869255, 22.253278 ], [ -97.869214, 22.252178 ], [ -97.869183, 22.252027 ], [ -97.870025, 22.252033 ], [ -97.870083, 22.25203 ], [ -97.870412, 22.251948 ], [ -97.870975, 22.25178 ], [ -97.871172, 22.25172 ], [ -97.872263, 22.251403 ], [ -97.872294, 22.251443 ], [ -97.872552, 22.252192 ], [ -97.872785, 22.252124 ], [ -97.873495, 22.251917 ], [ -97.874467, 22.251634 ], [ -97.875333, 22.25138 ], [ -97.875358, 22.251452 ], [ -97.875589, 22.252142 ], [ -97.875682, 22.25242 ], [ -97.875884, 22.253026 ], [ -97.875975, 22.2533 ], [ -97.876229, 22.254085 ], [ -97.87642, 22.254931 ], [ -97.876456, 22.255201 ], [ -97.876484, 22.255464 ], [ -97.876518, 22.255798 ], [ -97.876612, 22.256748 ], [ -97.876596, 22.257248 ] ] ] ] } },
{ "type": "Feature", "properties": { "CVEGEO": "2803800010035", "POB_TOT_20": 1196.0, "POB_MASC_2": 565.0, "POB_FEM_20": 631.0, "origen": "2803800010035", "viajes_od_totales_salientes": 190.3, "viajes-total_salientes": 5444.0, "viajes_od_totales_norm_salientes": 0.87663534180947111, "viajes-total_norm_salientes": 4.12112036336109, "AE_por_fila_salientes": 0.023551880678947524, "SE_por_fila_salientes": 0.0019526719390556494, "APE_por_fila_salientes": 88.594594929099827, "destino": "2803800010035", "viajes_od_totales_entrantes": 654.06, "viajes-total_entrantes": 6075.0, "viajes_od_totales_norm_entrantes": 3.0129906025428412, "viajes-total_norm_entrantes": 4.5987887963663887, "AE_por_fila_entrantes": 0.032974482569968599, "SE_por_fila_entrantes": 0.0040050985979480178, "APE_por_fila_entrantes": 112.531925557473 }, "geometry": { "type": "MultiPolygon", "coordinates": [ [ [ [ -97.873013, 22.282418 ], [ -97.873, 22.282286 ], [ -97.872942, 22.281679 ], [ -97.872971, 22.281059 ], [ -97.872987, 22.280711 ], [ -97.873044, 22.279611 ], [ -97.873126, 22.278427 ], [ -97.873267, 22.277756 ], [ -97.873303, 22.277583 ], [ -97.873565, 22.276712 ], [ -97.873955, 22.275416 ], [ -97.874203, 22.274597 ], [ -97.87442, 22.273871 ], [ -97.87453, 22.273485 ], [ -97.874644, 22.272896 ], [ -97.8746, 22.272409 ], [ -97.874504, 22.272087 ], [ -97.874289, 22.271538 ], [ -97.873974, 22.270888 ], [ -97.875305, 22.271089 ], [ -97.875724, 22.271156 ], [ -97.87633, 22.271253 ], [ -97.877439, 22.271649 ], [ -97.87901, 22.272279 ], [ -97.880045, 22.272736 ], [ -97.880556, 22.272983 ], [ -97.880631, 22.273016 ], [ -97.880695, 22.273029 ], [ -97.880724, 22.27306 ], [ -97.880805, 22.273143 ], [ -97.880871, 22.273245 ], [ -97.881147, 22.273666 ], [ -97.881171, 22.273726 ], [ -97.881181, 22.27378 ], [ -97.881185, 22.273835 ], [ -97.881188, 22.273894 ], [ -97.881205, 22.273994 ], [ -97.881213, 22.274044 ], [ -97.881225, 22.2741 ], [ -97.881242, 22.274145 ], [ -97.881698, 22.274863 ], [ -97.881764, 22.27497 ], [ -97.881303, 22.275429 ], [ -97.88102, 22.275701 ], [ -97.880773, 22.275956 ], [ -97.88046, 22.27627 ], [ -97.880206, 22.276543 ], [ -97.879918, 22.27686 ], [ -97.879774, 22.2771 ], [ -97.879735, 22.277165 ], [ -97.879658, 22.277388 ], [ -97.879468, 22.27793 ], [ -97.879492, 22.277952 ], [ -97.879279, 22.278567 ], [ -97.879193, 22.278814 ], [ -97.879059, 22.27924 ], [ -97.879045, 22.279285 ], [ -97.878923, 22.279699 ], [ -97.878887, 22.279831 ], [ -97.878617, 22.279717 ], [ -97.878423, 22.27961 ], [ -97.878132, 22.27939 ], [ -97.877649, 22.278934 ], [ -97.877169, 22.278542 ], [ -97.877136, 22.278525 ], [ -97.877092, 22.278501 ], [ -97.877026, 22.278495 ], [ -97.87682, 22.278474 ], [ -97.876421, 22.278338 ], [ -97.87622, 22.278981 ], [ -97.876118, 22.279268 ], [ -97.876061, 22.27958 ], [ -97.876039, 22.279699 ], [ -97.876046, 22.279813 ], [ -97.87609, 22.279939 ], [ -97.876162, 22.280055 ], [ -97.876482, 22.280365 ], [ -97.877886, 22.2816 ], [ -97.876467, 22.282626 ], [ -97.876431, 22.282619 ], [ -97.876405, 22.282893 ], [ -97.87635, 22.283325 ], [ -97.876315, 22.283307 ], [ -97.873538, 22.283525 ], [ -97.873154, 22.28279 ], [ -97.873013, 22.282418 ] ] ] ] } },
{ "type": "Feature", "properties": { "CVEGEO": "2803800011014", "POB_TOT_20": 3247.0, "POB_MASC_2": 1486.0, "POB_FEM_20": 1761.0, "origen": "2803800011014", "viajes_od_totales_salientes": 294.42, "viajes-total_salientes": 3784.0, "viajes_od_totales_norm_salientes": 1.3562741846323936, "viajes-total_norm_salientes": 2.8644965934897804, "AE_por_fila_salientes": 0.020550074368115127, "SE_por_fila_salientes": 0.0013400292692120721, "APE_por_fila_salientes": 105.93295506990721, "destino": "2803800011014", "viajes_od_totales_entrantes": 230.6, "viajes-total_entrantes": 3790.0, "viajes_od_totales_norm_entrantes": 1.0622811866592961, "viajes-total_norm_entrantes": 2.8690386071158214, "AE_por_fila_entrantes": 0.017870449965804475, "SE_por_fila_entrantes": 0.00079474687837809328, "APE_por_fila_entrantes": 94.395504605442113 }, "geometry": { "type": "MultiPolygon", "coordinates": [ [ [ [ -97.885801, 22.279531 ], [ -97.886046, 22.279968 ], [ -97.886308, 22.280452 ], [ -97.886463, 22.280724 ], [ -97.8866, 22.280962 ], [ -97.886775, 22.28127 ], [ -97.886881, 22.281462 ], [ -97.887148, 22.281957 ], [ -97.887432, 22.282469 ], [ -97.887688, 22.282967 ], [ -97.887922, 22.283455 ], [ -97.888154, 22.284011 ], [ -97.88839, 22.284586 ], [ -97.888508, 22.285107 ], [ -97.888517, 22.28514 ], [ -97.888668, 22.285666 ], [ -97.888714, 22.285782 ], [ -97.888733, 22.285854 ], [ -97.888635, 22.285979 ], [ -97.88824, 22.286009 ], [ -97.887858, 22.28605 ], [ -97.887519, 22.286118 ], [ -97.887001, 22.286229 ], [ -97.886214, 22.286423 ], [ -97.885061, 22.286692 ], [ -97.884824, 22.286739 ], [ -97.884761, 22.286752 ], [ -97.884611, 22.286233 ], [ -97.884403, 22.285702 ], [ -97.884268, 22.285457 ], [ -97.884122, 22.285208 ], [ -97.884047, 22.285083 ], [ -97.883836, 22.28474 ], [ -97.883816, 22.284706 ], [ -97.883526, 22.284254 ], [ -97.88351, 22.284228 ], [ -97.88322, 22.283776 ], [ -97.883179, 22.283706 ], [ -97.882993, 22.283388 ], [ -97.883437, 22.283127 ], [ -97.883487, 22.283073 ], [ -97.883483, 22.28304 ], [ -97.883472, 22.282947 ], [ -97.883392, 22.282796 ], [ -97.883352, 22.282687 ], [ -97.883356, 22.282603 ], [ -97.883391, 22.282464 ], [ -97.883416, 22.282382 ], [ -97.883525, 22.282097 ], [ -97.883621, 22.281821 ], [ -97.883736, 22.281542 ], [ -97.883777, 22.281406 ], [ -97.883751, 22.281253 ], [ -97.883737, 22.281213 ], [ -97.883453, 22.280455 ], [ -97.883584, 22.280131 ], [ -97.883618, 22.280039 ], [ -97.883703, 22.279834 ], [ -97.883765, 22.27954 ], [ -97.883823, 22.279264 ], [ -97.883763, 22.279015 ], [ -97.883936, 22.278966 ], [ -97.88409, 22.278901 ], [ -97.884709, 22.279128 ], [ -97.885211, 22.279301 ], [ -97.885596, 22.279442 ], [ -97.885713, 22.279486 ], [ -97.885801, 22.279531 ] ] ] ] } },
{ "type": "Feature", "properties": { "CVEGEO": "2803800011387", "POB_TOT_20": 5564.0, "POB_MASC_2": 2689.0, "POB_FEM_20": 2875.0, "origen": "2803800011387", "viajes_od_totales_salientes": 473.88, "viajes-total_salientes": 8008.0, "viajes_od_totales_norm_salientes": 2.1829740187949143, "viajes-total_norm_salientes": 6.0620741862225582, "AE_por_fila_salientes": 0.032678099287044814, "SE_por_fila_salientes": 0.0039891037677260493, "APE_por_fila_salientes": 87.038763990192948, "destino": "2803800011387", "viajes_od_totales_entrantes": 118.36, "viajes-total_entrantes": 7809.0, "viajes_od_totales_norm_entrantes": 0.5452367790676248, "viajes-total_norm_entrantes": 5.9114307342922032, "AE_por_fila_entrantes": 0.034620606162739209, "SE_por_fila_entrantes": 0.0040754325642055741, "APE_por_fila_entrantes": 93.034006354986545 }, "geometry": { "type": "MultiPolygon", "coordinates": [ [ [ [ -97.886214, 22.286423 ], [ -97.887001, 22.286229 ], [ -97.887519, 22.286118 ], [ -97.887858, 22.28605 ], [ -97.88824, 22.286009 ], [ -97.888635, 22.285979 ], [ -97.888733, 22.285854 ], [ -97.888714, 22.285782 ], [ -97.888668, 22.285666 ], [ -97.888517, 22.28514 ], [ -97.888508, 22.285107 ], [ -97.88839, 22.284586 ], [ -97.888154, 22.284011 ], [ -97.887922, 22.283455 ], [ -97.887951, 22.283352 ], [ -97.888519, 22.283402 ], [ -97.889113, 22.283455 ], [ -97.889583, 22.283495 ], [ -97.890183, 22.283545 ], [ -97.890208, 22.283371 ], [ -97.890229, 22.283218 ], [ -97.890243, 22.283101 ], [ -97.891483, 22.283475 ], [ -97.892157, 22.283673 ], [ -97.892218, 22.28401 ], [ -97.892171, 22.283973 ], [ -97.891863, 22.283894 ], [ -97.89176, 22.283879 ], [ -97.891733, 22.283893 ], [ -97.891837, 22.284313 ], [ -97.891955, 22.284906 ], [ -97.892002, 22.285157 ], [ -97.891905, 22.28517 ], [ -97.892031, 22.2859 ], [ -97.89152, 22.285978 ], [ -97.890713, 22.286099 ], [ -97.890768, 22.286376 ], [ -97.890771, 22.286389 ], [ -97.890836, 22.286701 ], [ -97.890887, 22.286947 ], [ -97.890984, 22.287315 ], [ -97.890761, 22.287181 ], [ -97.890955, 22.288044 ], [ -97.891045, 22.288437 ], [ -97.891136, 22.288832 ], [ -97.891224, 22.289214 ], [ -97.891312, 22.289617 ], [ -97.891404, 22.290035 ], [ -97.891418, 22.290123 ], [ -97.890055, 22.290335 ], [ -97.889333, 22.290455 ], [ -97.889191, 22.291029 ], [ -97.889157, 22.291118 ], [ -97.889085, 22.291218 ], [ -97.889016, 22.291269 ], [ -97.887808, 22.289948 ], [ -97.887649, 22.289751 ], [ -97.887351, 22.289411 ], [ -97.887063, 22.289077 ], [ -97.886841, 22.288422 ], [ -97.886704, 22.287988 ], [ -97.88668, 22.287917 ], [ -97.886566, 22.28755 ], [ -97.886451, 22.287188 ], [ -97.886367, 22.286921 ], [ -97.886335, 22.286821 ], [ -97.886214, 22.286423 ] ] ] ] } },
{ "type": "Feature", "properties": { "CVEGEO": "2803800011368", "POB_TOT_20": 2121.0, "POB_MASC_2": 965.0, "POB_FEM_20": 1156.0, "origen": "2803800011368", "viajes_od_totales_salientes": 288.56, "viajes-total_salientes": 4103.0, "viajes_od_totales_norm_salientes": 1.3292795282845034, "viajes-total_norm_salientes": 3.1059803179409537, "AE_por_fila_salientes": 0.020252829360501164, "SE_por_fila_salientes": 0.0013118928195326265, "APE_por_fila_salientes": 91.068210291882352, "destino": "2803800011368", "viajes_od_totales_entrantes": 56.68, "viajes-total_entrantes": 4400.0, "viajes_od_totales_norm_entrantes": 0.26110189791781829, "viajes-total_norm_entrantes": 3.3308099924299772, "AE_por_fila_entrantes": 0.023432886217650068, "SE_por_fila_entrantes": 0.0015734846767702193, "APE_por_fila_entrantes": 95.447997523453694 }, "geometry": { "type": "MultiPolygon", "coordinates": [ [ [ [ -97.883936, 22.278966 ], [ -97.883763, 22.279015 ], [ -97.883597, 22.279039 ], [ -97.883345, 22.27904 ], [ -97.883132, 22.279011 ], [ -97.883116, 22.279008 ], [ -97.883034, 22.278992 ], [ -97.882812, 22.278912 ], [ -97.882732, 22.278908 ], [ -97.882659, 22.278905 ], [ -97.882309, 22.278947 ], [ -97.882175, 22.278966 ], [ -97.882128, 22.278973 ], [ -97.882064, 22.278984 ], [ -97.882, 22.278994 ], [ -97.881812, 22.279025 ], [ -97.881452, 22.278994 ], [ -97.8812, 22.278934 ], [ -97.88116, 22.278921 ], [ -97.88077, 22.27879 ], [ -97.880586, 22.278728 ], [ -97.880357, 22.278621 ], [ -97.880077, 22.278437 ], [ -97.879849, 22.27828 ], [ -97.879492, 22.277952 ], [ -97.879468, 22.27793 ], [ -97.879658, 22.277388 ], [ -97.879735, 22.277165 ], [ -97.879774, 22.2771 ], [ -97.879918, 22.27686 ], [ -97.880206, 22.276543 ], [ -97.88046, 22.27627 ], [ -97.880773, 22.275956 ], [ -97.88102, 22.275701 ], [ -97.881303, 22.275429 ], [ -97.881764, 22.27497 ], [ -97.88201, 22.275368 ], [ -97.882267, 22.275296 ], [ -97.882604, 22.275483 ], [ -97.883262, 22.275838 ], [ -97.883403, 22.275914 ], [ -97.883523, 22.275941 ], [ -97.883815, 22.275964 ], [ -97.884302, 22.276001 ], [ -97.884251, 22.276631 ], [ -97.884107, 22.277694 ], [ -97.88395, 22.27886 ], [ -97.883936, 22.278966 ] ] ] ] } },
{ "type": "Feature", "properties": { "CVEGEO": "2803800011353", "POB_TOT_20": 2716.0, "POB_MASC_2": 1227.0, "POB_FEM_20": 1489.0, "origen": "2803800011353", "viajes_od_totales_salientes": 244.54, "viajes-total_salientes": 3561.0, "viajes_od_totales_norm_salientes": 1.1264971439100793, "viajes-total_norm_salientes": 2.6956850870552613, "AE_por_fila_salientes": 0.022552576547501462, "SE_por_fila_salientes": 0.0021930188201905614, "APE_por_fila_salientes": 90.135324850674081, "destino": "2803800011353", "viajes_od_totales_entrantes": 72.22, "viajes-total_entrantes": 3761.0, "viajes_od_totales_norm_entrantes": 0.33268840980283765, "viajes-total_norm_entrantes": 2.8470855412566238, "AE_por_fila_entrantes": 0.024736788089227035, "SE_por_fila_entrantes": 0.0025004578551426648, "APE_por_fila_entrantes": 92.468026868774643 }, "geometry": { "type": "MultiPolygon", "coordinates": [ [ [ [ -97.885801, 22.279531 ], [ -97.885713, 22.279486 ], [ -97.885596, 22.279442 ], [ -97.885211, 22.279301 ], [ -97.884709, 22.279128 ], [ -97.88409, 22.278901 ], [ -97.883936, 22.278966 ], [ -97.88395, 22.27886 ], [ -97.884107, 22.277694 ], [ -97.884251, 22.276631 ], [ -97.884302, 22.276001 ], [ -97.88458, 22.275936 ], [ -97.884816, 22.275814 ], [ -97.885095, 22.275643 ], [ -97.885389, 22.275497 ], [ -97.88548, 22.275467 ], [ -97.885558, 22.275462 ], [ -97.885774, 22.275427 ], [ -97.885862, 22.275415 ], [ -97.886123, 22.275379 ], [ -97.886344, 22.275348 ], [ -97.887017, 22.275367 ], [ -97.887291, 22.275386 ], [ -97.887512, 22.275397 ], [ -97.88779, 22.275422 ], [ -97.887845, 22.275433 ], [ -97.887725, 22.275896 ], [ -97.887556, 22.276551 ], [ -97.887363, 22.277313 ], [ -97.886927, 22.277392 ], [ -97.886549, 22.277512 ], [ -97.886354, 22.277587 ], [ -97.886453, 22.277767 ], [ -97.886476, 22.278081 ], [ -97.886483, 22.278137 ], [ -97.886548, 22.278568 ], [ -97.886557, 22.279144 ], [ -97.886557, 22.279161 ], [ -97.886554, 22.279271 ], [ -97.886555, 22.279407 ], [ -97.886557, 22.279716 ], [ -97.8865, 22.279714 ], [ -97.886016, 22.279626 ], [ -97.885959, 22.279615 ], [ -97.885801, 22.279531 ] ] ] ] } },
{ "type": "Feature", "properties": { "CVEGEO": "2803800011372", "POB_TOT_20": 3652.0, "POB_MASC_2": 1765.0, "POB_FEM_20": 1887.0, "origen": "2803800011372", "viajes_od_totales_salientes": 240.6, "viajes-total_salientes": 5503.0, "viajes_od_totales_norm_salientes": 1.1083471531232725, "viajes-total_norm_salientes": 4.1657834973504917, "AE_por_fila_salientes": 0.026350975811930775, "SE_por_fila_salientes": 0.0017513351794178535, "APE_por_fila_salientes": 91.096071254583237, "destino": "2803800011372", "viajes_od_totales_entrantes": 19.28, "viajes-total_entrantes": 5323.0, "viajes_od_totales_norm_entrantes": 0.088815183342546525, "viajes-total_norm_entrantes": 4.0295230885692659, "AE_por_fila_entrantes": 0.028764291279027146, "SE_por_fila_entrantes": 0.0021807302635617875, "APE_por_fila_entrantes": 97.67280816545707 }, "geometry": { "type": "MultiPolygon", "coordinates": [ [ [ [ -97.889016, 22.291269 ], [ -97.889085, 22.291218 ], [ -97.889157, 22.291118 ], [ -97.889191, 22.291029 ], [ -97.889333, 22.290455 ], [ -97.890055, 22.290335 ], [ -97.891418, 22.290123 ], [ -97.891404, 22.290035 ], [ -97.891312, 22.289617 ], [ -97.891224, 22.289214 ], [ -97.891136, 22.288832 ], [ -97.891045, 22.288437 ], [ -97.890955, 22.288044 ], [ -97.890761, 22.287181 ], [ -97.890984, 22.287315 ], [ -97.890887, 22.286947 ], [ -97.890836, 22.286701 ], [ -97.890771, 22.286389 ], [ -97.890768, 22.286376 ], [ -97.890713, 22.286099 ], [ -97.89152, 22.285978 ], [ -97.892031, 22.2859 ], [ -97.891905, 22.28517 ], [ -97.892002, 22.285157 ], [ -97.891955, 22.284906 ], [ -97.891837, 22.284313 ], [ -97.891733, 22.283893 ], [ -97.89176, 22.283879 ], [ -97.891863, 22.283894 ], [ -97.892171, 22.283973 ], [ -97.892218, 22.28401 ], [ -97.89242, 22.283969 ], [ -97.892311, 22.28323 ], [ -97.892621, 22.283197 ], [ -97.892973, 22.283159 ], [ -97.892989, 22.283442 ], [ -97.893381, 22.283408 ], [ -97.893372, 22.283022 ], [ -97.893361, 22.282665 ], [ -97.893707, 22.282604 ], [ -97.894014, 22.282549 ], [ -97.894321, 22.282495 ], [ -97.894867, 22.282401 ], [ -97.895874, 22.287352 ], [ -97.895922, 22.288137 ], [ -97.895879, 22.288433 ], [ -97.895817, 22.288861 ], [ -97.895699, 22.28967 ], [ -97.895628, 22.290221 ], [ -97.895588, 22.290532 ], [ -97.895571, 22.291052 ], [ -97.895586, 22.291166 ], [ -97.89498, 22.291253 ], [ -97.894623, 22.291303 ], [ -97.894397, 22.291334 ], [ -97.894473, 22.291567 ], [ -97.894558, 22.291826 ], [ -97.892504, 22.29319 ], [ -97.891451, 22.29389 ], [ -97.891116, 22.29411 ], [ -97.891048, 22.294003 ], [ -97.890929, 22.293793 ], [ -97.89087, 22.29363 ], [ -97.890811, 22.293463 ], [ -97.890557, 22.292996 ], [ -97.890487, 22.292867 ], [ -97.89036, 22.292645 ], [ -97.890144, 22.292345 ], [ -97.889382, 22.29159 ], [ -97.889016, 22.291269 ] ] ] ] } },
{ "type": "Feature", "properties": { "CVEGEO": "2800900011101", "POB_TOT_20": 2395.0, "POB_MASC_2": 1179.0, "POB_FEM_20": 1216.0, "origen": "2800900011101", "viajes_od_totales_salientes": 37.7, "viajes-total_salientes": 2521.0, "viajes_od_totales_norm_salientes": 0.17366869356919107, "viajes-total_norm_salientes": 1.9084027252081757, "AE_por_fila_salientes": 0.017713103991485821, "SE_por_fila_salientes": 0.0009273924120777637, "APE_por_fila_salientes": 89.522353513021116, "destino": "2800900011101", "viajes_od_totales_entrantes": 15.78, "viajes-total_entrantes": 2604.0, "viajes_od_totales_norm_entrantes": 0.07269209508015477, "viajes-total_norm_entrantes": 1.9712339137017412, "AE_por_fila_entrantes": 0.018613155084525355, "SE_por_fila_entrantes": 0.0011160734591613866, "APE_por_fila_entrantes": 96.338471832621693 }, "geometry": { "type": "MultiPolygon", "coordinates": [ [ [ [ -97.841146, 22.29701 ], [ -97.841225, 22.296941 ], [ -97.841335, 22.296852 ], [ -97.841463, 22.296789 ], [ -97.841603, 22.29675 ], [ -97.841745, 22.296722 ], [ -97.841891, 22.296712 ], [ -97.842036, 22.296713 ], [ -97.842096, 22.296732 ], [ -97.842174, 22.296757 ], [ -97.842307, 22.296812 ], [ -97.842433, 22.296879 ], [ -97.842543, 22.296969 ], [ -97.842609, 22.297021 ], [ -97.842662, 22.297047 ], [ -97.842791, 22.297109 ], [ -97.842925, 22.297163 ], [ -97.843114, 22.297247 ], [ -97.843178, 22.297291 ], [ -97.84329, 22.297324 ], [ -97.843411, 22.297338 ], [ -97.843396, 22.297296 ], [ -97.843371, 22.296714 ], [ -97.843841, 22.296676 ], [ -97.844252, 22.296642 ], [ -97.844667, 22.296613 ], [ -97.844706, 22.29635 ], [ -97.844879, 22.296213 ], [ -97.845446, 22.296185 ], [ -97.845479, 22.296747 ], [ -97.84611, 22.296783 ], [ -97.846189, 22.296789 ], [ -97.846704, 22.296813 ], [ -97.847229, 22.296843 ], [ -97.847518, 22.296858 ], [ -97.847596, 22.296862 ], [ -97.847565, 22.297235 ], [ -97.847532, 22.297626 ], [ -97.847501, 22.298009 ], [ -97.847472, 22.298388 ], [ -97.847437, 22.298789 ], [ -97.847441, 22.298886 ], [ -97.847444, 22.299257 ], [ -97.847449, 22.299605 ], [ -97.847449, 22.299639 ], [ -97.847455, 22.30001 ], [ -97.847458, 22.300393 ], [ -97.845913, 22.300412 ], [ -97.844605, 22.300425 ], [ -97.844218, 22.300609 ], [ -97.844222, 22.300557 ], [ -97.843746, 22.300553 ], [ -97.843216, 22.300556 ], [ -97.843138, 22.300569 ], [ -97.842845, 22.300627 ], [ -97.842357, 22.300729 ], [ -97.841851, 22.300835 ], [ -97.841808, 22.300845 ], [ -97.841401, 22.300937 ], [ -97.841365, 22.300396 ], [ -97.841343, 22.300031 ], [ -97.841215, 22.298112 ], [ -97.841146, 22.29701 ] ] ] ] } },
{ "type": "Feature", "properties": { "CVEGEO": "2800900011084", "POB_TOT_20": 3252.0, "POB_MASC_2": 1648.0, "POB_FEM_20": 1604.0, "origen": "2800900011084", "viajes_od_totales_salientes": 37.62, "viajes-total_salientes": 2358.0, "viajes_od_totales_norm_salientes": 0.17330016583747926, "viajes-total_norm_salientes": 1.7850113550340652, "AE_por_fila_salientes": 0.014289189216289461, "SE_por_fila_salientes": 0.00042100706639174084, "APE_por_fila_salientes": 85.254990891421897, "destino": "2800900011084", "viajes_od_totales_entrantes": 20.14, "viajes-total_entrantes": 2427.0, "viajes_od_totales_norm_entrantes": 0.092776856458448506, "viajes-total_norm_entrantes": 1.8372445117335352, "AE_por_fila_entrantes": 0.014298915207172842, "SE_por_fila_entrantes": 0.00039652294925961152, "APE_por_fila_entrantes": 94.6201778041778 }, "geometry": { "type": "MultiPolygon", "coordinates": [ [ [ [ -97.837696, 22.297662 ], [ -97.837814, 22.297695 ], [ -97.837935, 22.297698 ], [ -97.83808, 22.297691 ], [ -97.838224, 22.297669 ], [ -97.838366, 22.297641 ], [ -97.838506, 22.297603 ], [ -97.838642, 22.297555 ], [ -97.838802, 22.297481 ], [ -97.838898, 22.297427 ], [ -97.838997, 22.297328 ], [ -97.839067, 22.297209 ], [ -97.839127, 22.297116 ], [ -97.839227, 22.297017 ], [ -97.839363, 22.296969 ], [ -97.839507, 22.296952 ], [ -97.839615, 22.296981 ], [ -97.839715, 22.297084 ], [ -97.83982, 22.297213 ], [ -97.839926, 22.297323 ], [ -97.840052, 22.297391 ], [ -97.840192, 22.297428 ], [ -97.840336, 22.297435 ], [ -97.840475, 22.297432 ], [ -97.840625, 22.297393 ], [ -97.840744, 22.297332 ], [ -97.840865, 22.297251 ], [ -97.840983, 22.297172 ], [ -97.841146, 22.29701 ], [ -97.841215, 22.298112 ], [ -97.841343, 22.300031 ], [ -97.841365, 22.300396 ], [ -97.841401, 22.300937 ], [ -97.841808, 22.300845 ], [ -97.841851, 22.300835 ], [ -97.842357, 22.300729 ], [ -97.842845, 22.300627 ], [ -97.843138, 22.300569 ], [ -97.843216, 22.300556 ], [ -97.843746, 22.300553 ], [ -97.844222, 22.300557 ], [ -97.844218, 22.300609 ], [ -97.844211, 22.300732 ], [ -97.84432, 22.300838 ], [ -97.844429, 22.300835 ], [ -97.844443, 22.3013 ], [ -97.844464, 22.301757 ], [ -97.844476, 22.302189 ], [ -97.844481, 22.302616 ], [ -97.844493, 22.303077 ], [ -97.84451, 22.303525 ], [ -97.845106, 22.303503 ], [ -97.84546, 22.303488 ], [ -97.845864, 22.304347 ], [ -97.846215, 22.305091 ], [ -97.84627, 22.305217 ], [ -97.846452, 22.305631 ], [ -97.846759, 22.306238 ], [ -97.846998, 22.306793 ], [ -97.847026, 22.306854 ], [ -97.847137, 22.307123 ], [ -97.84706, 22.307152 ], [ -97.846025, 22.307497 ], [ -97.845236, 22.307772 ], [ -97.843336, 22.308404 ], [ -97.842261, 22.30878 ], [ -97.841665, 22.309025 ], [ -97.841498, 22.308549 ], [ -97.841344, 22.308153 ], [ -97.841179, 22.307734 ], [ -97.840998, 22.307284 ], [ -97.84083, 22.306845 ], [ -97.840671, 22.306415 ], [ -97.840515, 22.305972 ], [ -97.840346, 22.305516 ], [ -97.840192, 22.30509 ], [ -97.840039, 22.304638 ], [ -97.83989, 22.304207 ], [ -97.839777, 22.303863 ], [ -97.839728, 22.303715 ], [ -97.839583, 22.303277 ], [ -97.839425, 22.302773 ], [ -97.839226, 22.3022 ], [ -97.83907, 22.301746 ], [ -97.838918, 22.301306 ], [ -97.838759, 22.300847 ], [ -97.838599, 22.300384 ], [ -97.838449, 22.299949 ], [ -97.838198, 22.299222 ], [ -97.83814, 22.299054 ], [ -97.837811, 22.298052 ], [ -97.837778, 22.297935 ], [ -97.837696, 22.297662 ] ] ] ] } },
{ "type": "Feature", "properties": { "CVEGEO": "2800900010902", "POB_TOT_20": 895.0, "POB_MASC_2": 440.0, "POB_FEM_20": 455.0, "origen": "2800900010902", "viajes_od_totales_salientes": 1.16, "viajes-total_salientes": 155.0, "viajes_od_totales_norm_salientes": 0.005343652109821264, "viajes-total_norm_salientes": 0.11733535200605602, "AE_por_fila_salientes": 0.0065877470527196912, "SE_por_fila_salientes": 6.7388272625934929e-05, "APE_por_fila_salientes": 92.171169197475578, "destino": "2800900010902", "viajes_od_totales_entrantes": 1.88, "viajes-total_entrantes": 226.0, "viajes_od_totales_norm_entrantes": 0.0086604016952275646, "viajes-total_norm_entrantes": 0.17108251324753973, "AE_por_fila_entrantes": 0.0081211055776156081, "SE_por_fila_entrantes": 9.6946042773604066e-05, "APE_por_fila_entrantes": 94.789739518895814 }, "geometry": { "type": "MultiPolygon", "coordinates": [ [ [ [ -97.836458, 22.297927 ], [ -97.83736, 22.297662 ], [ -97.837675, 22.2976 ], [ -97.837696, 22.297662 ], [ -97.837778, 22.297935 ], [ -97.837811, 22.298052 ], [ -97.83814, 22.299054 ], [ -97.838198, 22.299222 ], [ -97.838449, 22.299949 ], [ -97.838599, 22.300384 ], [ -97.838759, 22.300847 ], [ -97.838918, 22.301306 ], [ -97.83907, 22.301746 ], [ -97.839226, 22.3022 ], [ -97.839425, 22.302773 ], [ -97.839583, 22.303277 ], [ -97.839728, 22.303715 ], [ -97.839777, 22.303863 ], [ -97.83989, 22.304207 ], [ -97.840039, 22.304638 ], [ -97.840192, 22.30509 ], [ -97.840346, 22.305516 ], [ -97.840515, 22.305972 ], [ -97.840671, 22.306415 ], [ -97.84083, 22.306845 ], [ -97.840998, 22.307284 ], [ -97.841179, 22.307734 ], [ -97.841344, 22.308153 ], [ -97.841498, 22.308549 ], [ -97.841665, 22.309025 ], [ -97.840551, 22.309369 ], [ -97.840413, 22.309328 ], [ -97.838953, 22.30974 ], [ -97.838667, 22.30982 ], [ -97.83449, 22.311008 ], [ -97.834351, 22.311048 ], [ -97.834264, 22.311075 ], [ -97.834198, 22.311092 ], [ -97.834083, 22.311124 ], [ -97.833603, 22.31125 ], [ -97.832594, 22.311496 ], [ -97.832253, 22.311582 ], [ -97.832173, 22.31175 ], [ -97.832231, 22.311987 ], [ -97.832124, 22.312099 ], [ -97.831971, 22.312137 ], [ -97.828354, 22.313504 ], [ -97.828269, 22.313586 ], [ -97.828247, 22.313731 ], [ -97.828145, 22.313905 ], [ -97.824071, 22.315966 ], [ -97.823946, 22.316014 ], [ -97.823895, 22.315604 ], [ -97.823697, 22.314352 ], [ -97.823486, 22.312872 ], [ -97.823334, 22.311866 ], [ -97.823179, 22.310823 ], [ -97.823098, 22.310282 ], [ -97.823037, 22.309967 ], [ -97.823024, 22.309643 ], [ -97.822733, 22.307813 ], [ -97.822545, 22.306591 ], [ -97.827192, 22.303975 ], [ -97.827399, 22.303858 ], [ -97.828866, 22.303037 ], [ -97.828843, 22.303003 ], [ -97.828896, 22.302973 ], [ -97.828943, 22.302947 ], [ -97.829227, 22.302786 ], [ -97.829262, 22.302767 ], [ -97.829289, 22.302751 ], [ -97.830049, 22.302323 ], [ -97.830946, 22.301818 ], [ -97.830916, 22.300372 ], [ -97.831878, 22.299925 ], [ -97.832709, 22.29954 ], [ -97.834749, 22.298642 ], [ -97.836316, 22.298022 ], [ -97.836404, 22.297985 ], [ -97.836442, 22.297974 ], [ -97.836474, 22.297964 ], [ -97.836458, 22.297927 ] ] ] ] } },
{ "type": "Feature", "properties": { "CVEGEO": "2800900011154", "POB_TOT_20": 4054.0, "POB_MASC_2": 2020.0, "POB_FEM_20": 2034.0, "origen": "2800900011154", "viajes_od_totales_salientes": 100.98, "viajes-total_salientes": 3252.0, "viajes_od_totales_norm_salientes": 0.46517412935323382, "viajes-total_norm_salientes": 2.4617713853141558, "AE_por_fila_salientes": 0.018182363872652964, "SE_por_fila_salientes": 0.00089727822645297676, "APE_por_fila_salientes": 80.457396304950279, "destino": "2800900011154", "viajes_od_totales_entrantes": 36.08, "viajes-total_entrantes": 3299.0, "viajes_od_totales_norm_entrantes": 0.1662060070020269, "viajes-total_norm_entrantes": 2.497350492051476, "AE_por_fila_entrantes": 0.019426204042078742, "SE_por_fila_entrantes": 0.00098611307540476386, "APE_por_fila_entrantes": 92.671214407013522 }, "geometry": { "type": "MultiPolygon", "coordinates": [ [ [ [ -97.837919, 22.290654 ], [ -97.83719, 22.290681 ], [ -97.836442, 22.290708 ], [ -97.83569, 22.290736 ], [ -97.835132, 22.290765 ], [ -97.834929, 22.290287 ], [ -97.834864, 22.290116 ], [ -97.834899, 22.289902 ], [ -97.83495, 22.288842 ], [ -97.834923, 22.288304 ], [ -97.834893, 22.287762 ], [ -97.834844, 22.286817 ], [ -97.834789, 22.284882 ], [ -97.835514, 22.284865 ], [ -97.836257, 22.284842 ], [ -97.836242, 22.284177 ], [ -97.83624, 22.283622 ], [ -97.836237, 22.283302 ], [ -97.836236, 22.283261 ], [ -97.836257, 22.283263 ], [ -97.837046, 22.283139 ], [ -97.836977, 22.282723 ], [ -97.836956, 22.282683 ], [ -97.836897, 22.282342 ], [ -97.836891, 22.28229 ], [ -97.836887, 22.282151 ], [ -97.836884, 22.28179 ], [ -97.836912, 22.281558 ], [ -97.836971, 22.281418 ], [ -97.837083, 22.281181 ], [ -97.837345, 22.281343 ], [ -97.83772, 22.28159 ], [ -97.838193, 22.281896 ], [ -97.838355, 22.281995 ], [ -97.839018, 22.282413 ], [ -97.839687, 22.282837 ], [ -97.840061, 22.283079 ], [ -97.840154, 22.283259 ], [ -97.840215, 22.283424 ], [ -97.840255, 22.283574 ], [ -97.840359, 22.283684 ], [ -97.840568, 22.283905 ], [ -97.840591, 22.283927 ], [ -97.840723, 22.284361 ], [ -97.840862, 22.284776 ], [ -97.841092, 22.285533 ], [ -97.841192, 22.285864 ], [ -97.841261, 22.286111 ], [ -97.841328, 22.28642 ], [ -97.841397, 22.286791 ], [ -97.841461, 22.287113 ], [ -97.841464, 22.287131 ], [ -97.84151, 22.287441 ], [ -97.841628, 22.288035 ], [ -97.841687, 22.288161 ], [ -97.841712, 22.288211 ], [ -97.84174, 22.288258 ], [ -97.841775, 22.28831 ], [ -97.841815, 22.288347 ], [ -97.841859, 22.288375 ], [ -97.841907, 22.288392 ], [ -97.841957, 22.288402 ], [ -97.842016, 22.288403 ], [ -97.842086, 22.288386 ], [ -97.842147, 22.288357 ], [ -97.842192, 22.288323 ], [ -97.842346, 22.28808 ], [ -97.842486, 22.289008 ], [ -97.84254, 22.289429 ], [ -97.842594, 22.289849 ], [ -97.841794, 22.289823 ], [ -97.841788, 22.28986 ], [ -97.841814, 22.290033 ], [ -97.841765, 22.290283 ], [ -97.841738, 22.290324 ], [ -97.841718, 22.290913 ], [ -97.841763, 22.291792 ], [ -97.841766, 22.291815 ], [ -97.841785, 22.292182 ], [ -97.841811, 22.29258 ], [ -97.840811, 22.292754 ], [ -97.840746, 22.292774 ], [ -97.840618, 22.292329 ], [ -97.840489, 22.291873 ], [ -97.840364, 22.291432 ], [ -97.840242, 22.290974 ], [ -97.840143, 22.290599 ], [ -97.840118, 22.290571 ], [ -97.839342, 22.290604 ], [ -97.838634, 22.290627 ], [ -97.837919, 22.290654 ] ] ] ] } },
{ "type": "Feature", "properties": { "CVEGEO": "2800900010936", "POB_TOT_20": 2682.0, "POB_MASC_2": 1283.0, "POB_FEM_20": 1399.0, "origen": "2800900010936", "viajes_od_totales_salientes": 31.66, "viajes-total_salientes": 1983.0, "viajes_od_totales_norm_salientes": 0.14584484982494933, "viajes-total_norm_salientes": 1.5011355034065101, "AE_por_fila_salientes": 0.015227984871702932, "SE_por_fila_salientes": 0.00063576040011933325, "APE_por_fila_salientes": 88.418666732039725, "destino": "2800900010936", "viajes_od_totales_entrantes": 17.16, "viajes-total_entrantes": 2184.0, "viajes_od_totales_norm_entrantes": 0.079049198452183528, "viajes-total_norm_entrantes": 1.6532929598788797, "AE_por_fila_entrantes": 0.015617436068675945, "SE_por_fila_entrantes": 0.00067125728034384392, "APE_por_fila_entrantes": 94.597025172374117 }, "geometry": { "type": "MultiPolygon", "coordinates": [ [ [ [ -97.837919, 22.290654 ], [ -97.838634, 22.290627 ], [ -97.839342, 22.290604 ], [ -97.840118, 22.290571 ], [ -97.840143, 22.290599 ], [ -97.840242, 22.290974 ], [ -97.840364, 22.291432 ], [ -97.840489, 22.291873 ], [ -97.840618, 22.292329 ], [ -97.840746, 22.292774 ], [ -97.840811, 22.292754 ], [ -97.841811, 22.29258 ], [ -97.84183, 22.292812 ], [ -97.841869, 22.292832 ], [ -97.842282, 22.292794 ], [ -97.842788, 22.292748 ], [ -97.842932, 22.292927 ], [ -97.84295, 22.293139 ], [ -97.842826, 22.293291 ], [ -97.842835, 22.293417 ], [ -97.843123, 22.293382 ], [ -97.843169, 22.29404 ], [ -97.84322, 22.294608 ], [ -97.843236, 22.294604 ], [ -97.843263, 22.29497 ], [ -97.843297, 22.295387 ], [ -97.843305, 22.295533 ], [ -97.843321, 22.295787 ], [ -97.843346, 22.296182 ], [ -97.843353, 22.296323 ], [ -97.843371, 22.296714 ], [ -97.843396, 22.297296 ], [ -97.843411, 22.297338 ], [ -97.84329, 22.297324 ], [ -97.843178, 22.297291 ], [ -97.843114, 22.297247 ], [ -97.842925, 22.297163 ], [ -97.842791, 22.297109 ], [ -97.842662, 22.297047 ], [ -97.842609, 22.297021 ], [ -97.842543, 22.296969 ], [ -97.842433, 22.296879 ], [ -97.842307, 22.296812 ], [ -97.842174, 22.296757 ], [ -97.842096, 22.296732 ], [ -97.842163, 22.296557 ], [ -97.842182, 22.296504 ], [ -97.842182, 22.29645 ], [ -97.842179, 22.296365 ], [ -97.842104, 22.296385 ], [ -97.84162, 22.296515 ], [ -97.841476, 22.296061 ], [ -97.841333, 22.295641 ], [ -97.84118, 22.295182 ], [ -97.839223, 22.295726 ], [ -97.839081, 22.295277 ], [ -97.83893, 22.294821 ], [ -97.838781, 22.294371 ], [ -97.838611, 22.293878 ], [ -97.838462, 22.293444 ], [ -97.838313, 22.292989 ], [ -97.838161, 22.29254 ], [ -97.838005, 22.292075 ], [ -97.837859, 22.291645 ], [ -97.837947, 22.29162 ], [ -97.837945, 22.291565 ], [ -97.837919, 22.290654 ] ] ] ] } },
{ "type": "Feature", "properties": { "CVEGEO": "2800900010457", "POB_TOT_20": 4062.0, "POB_MASC_2": 1930.0, "POB_FEM_20": 2132.0, "origen": "2800900010457", "viajes_od_totales_salientes": 107.34, "viajes-total_salientes": 5560.0, "viajes_od_totales_norm_salientes": 0.4944720840243228, "viajes-total_norm_salientes": 4.2089326267978802, "AE_por_fila_salientes": 0.027532746391047618, "SE_por_fila_salientes": 0.002056719286602675, "APE_por_fila_salientes": 86.751993345258896, "destino": "2800900010457", "viajes_od_totales_entrantes": 48.18, "viajes-total_entrantes": 5487.0, "viajes_od_totales_norm_entrantes": 0.22194582642343838, "viajes-total_norm_entrantes": 4.1536714610143832, "AE_por_fila_entrantes": 0.02638742036638218, "SE_por_fila_entrantes": 0.0017761119271576841, "APE_por_fila_entrantes": 96.389223458771568 }, "geometry": { "type": "MultiPolygon", "coordinates": [ [ [ [ -97.843371, 22.296714 ], [ -97.843353, 22.296323 ], [ -97.843346, 22.296182 ], [ -97.843321, 22.295787 ], [ -97.843305, 22.295533 ], [ -97.843297, 22.295387 ], [ -97.843263, 22.29497 ], [ -97.843236, 22.294604 ], [ -97.84322, 22.294608 ], [ -97.843169, 22.29404 ], [ -97.843123, 22.293382 ], [ -97.842835, 22.293417 ], [ -97.842826, 22.293291 ], [ -97.84295, 22.293139 ], [ -97.842932, 22.292927 ], [ -97.842788, 22.292748 ], [ -97.842282, 22.292794 ], [ -97.842243, 22.291872 ], [ -97.842746, 22.291926 ], [ -97.842765, 22.292201 ], [ -97.843301, 22.29216 ], [ -97.84391, 22.292114 ], [ -97.844495, 22.292069 ], [ -97.845118, 22.29203 ], [ -97.845683, 22.291986 ], [ -97.846291, 22.291939 ], [ -97.846801, 22.291906 ], [ -97.847312, 22.291871 ], [ -97.847848, 22.291827 ], [ -97.848336, 22.291787 ], [ -97.848837, 22.291746 ], [ -97.849342, 22.291703 ], [ -97.849834, 22.291662 ], [ -97.850343, 22.291619 ], [ -97.850833, 22.291581 ], [ -97.852096, 22.291484 ], [ -97.852642, 22.29281 ], [ -97.852558, 22.293134 ], [ -97.852378, 22.293964 ], [ -97.852278, 22.294225 ], [ -97.851263, 22.29423 ], [ -97.851143, 22.294232 ], [ -97.851072, 22.294231 ], [ -97.850964, 22.29423 ], [ -97.850977, 22.294169 ], [ -97.84991, 22.294167 ], [ -97.849907, 22.294204 ], [ -97.848099, 22.29422 ], [ -97.847946, 22.294612 ], [ -97.847721, 22.295202 ], [ -97.847688, 22.29535 ], [ -97.847542, 22.295969 ], [ -97.847543, 22.296063 ], [ -97.847543, 22.296097 ], [ -97.847537, 22.296312 ], [ -97.847536, 22.296337 ], [ -97.847536, 22.296358 ], [ -97.847512, 22.296718 ], [ -97.847518, 22.296858 ], [ -97.847229, 22.296843 ], [ -97.846704, 22.296813 ], [ -97.846189, 22.296789 ], [ -97.84611, 22.296783 ], [ -97.845479, 22.296747 ], [ -97.845446, 22.296185 ], [ -97.844879, 22.296213 ], [ -97.844706, 22.29635 ], [ -97.844667, 22.296613 ], [ -97.844252, 22.296642 ], [ -97.843841, 22.296676 ], [ -97.843371, 22.296714 ] ] ] ] } },
{ "type": "Feature", "properties": { "CVEGEO": "2800900010974", "POB_TOT_20": 1723.0, "POB_MASC_2": 839.0, "POB_FEM_20": 884.0, "origen": "2800900010974", "viajes_od_totales_salientes": 15.68, "viajes-total_salientes": 1466.0, "viajes_od_totales_norm_salientes": 0.072231435415515022, "viajes-total_norm_salientes": 1.1097653292959879, "AE_por_fila_salientes": 0.013651761761585168, "SE_por_fila_salientes": 0.00048995551684037554, "APE_por_fila_salientes": 90.554587903900284, "destino": "2800900010974", "viajes_od_totales_entrantes": 16.44, "viajes-total_entrantes": 1603.0, "viajes_od_totales_norm_entrantes": 0.075732448866777227, "viajes-total_norm_entrantes": 1.2134746404239212, "AE_por_fila_entrantes": 0.01341255670327238, "SE_por_fila_entrantes": 0.00044698213453925599, "APE_por_fila_entrantes": 92.670413381523659 }, "geometry": { "type": "MultiPolygon", "coordinates": [ [ [ [ -97.831401, 22.285993 ], [ -97.831181, 22.285514 ], [ -97.831703, 22.285314 ], [ -97.831822, 22.285269 ], [ -97.831893, 22.285243 ], [ -97.832375, 22.285072 ], [ -97.832813, 22.28491 ], [ -97.833292, 22.284732 ], [ -97.83377, 22.284553 ], [ -97.833053, 22.282764 ], [ -97.832354, 22.281003 ], [ -97.832478, 22.281003 ], [ -97.833227, 22.281006 ], [ -97.833966, 22.280999 ], [ -97.834683, 22.280986 ], [ -97.834721, 22.282414 ], [ -97.834726, 22.282612 ], [ -97.834734, 22.282899 ], [ -97.834735, 22.282939 ], [ -97.834736, 22.282953 ], [ -97.834736, 22.282973 ], [ -97.834737, 22.282999 ], [ -97.834738, 22.283017 ], [ -97.834789, 22.284882 ], [ -97.834844, 22.286817 ], [ -97.834893, 22.287762 ], [ -97.834923, 22.288304 ], [ -97.83495, 22.288842 ], [ -97.834899, 22.289902 ], [ -97.834864, 22.290116 ], [ -97.83475, 22.289881 ], [ -97.83453, 22.289452 ], [ -97.834337, 22.289082 ], [ -97.834119, 22.288782 ], [ -97.833844, 22.288402 ], [ -97.833555, 22.287992 ], [ -97.833268, 22.287598 ], [ -97.832912, 22.287805 ], [ -97.83266, 22.287956 ], [ -97.832427, 22.288093 ], [ -97.832407, 22.28805 ], [ -97.832294, 22.28773 ], [ -97.832269, 22.287668 ], [ -97.832164, 22.287676 ], [ -97.831973, 22.287254 ], [ -97.83178, 22.286841 ], [ -97.831579, 22.286385 ], [ -97.831401, 22.285993 ] ] ] ] } },
{ "type": "Feature", "properties": { "CVEGEO": "2800900010989", "POB_TOT_20": 3378.0, "POB_MASC_2": 1699.0, "POB_FEM_20": 1679.0, "origen": "2800900010989", "viajes_od_totales_salientes": 90.8, "viajes-total_salientes": 3623.0, "viajes_od_totales_norm_salientes": 0.41827897549290582, "viajes-total_norm_salientes": 2.7426192278576838, "AE_por_fila_salientes": 0.022085962550359606, "SE_por_fila_salientes": 0.0015646723975217183, "APE_por_fila_salientes": 85.369408040986258, "destino": "2800900010989", "viajes_od_totales_entrantes": 66.76, "viajes-total_entrantes": 3794.0, "viajes_od_totales_norm_entrantes": 0.30753639211350653, "viajes-total_norm_entrantes": 2.8720666161998487, "AE_por_fila_entrantes": 0.020706690005826419, "SE_por_fila_entrantes": 0.0015423439519833299, "APE_por_fila_entrantes": 89.066571979233856 }, "geometry": { "type": "MultiPolygon", "coordinates": [ [ [ [ -97.831181, 22.285514 ], [ -97.831061, 22.285252 ], [ -97.83069, 22.284442 ], [ -97.830608, 22.284246 ], [ -97.829968, 22.282859 ], [ -97.829611, 22.282075 ], [ -97.829411, 22.281637 ], [ -97.829252, 22.281288 ], [ -97.828914, 22.280497 ], [ -97.828573, 22.279701 ], [ -97.828326, 22.279111 ], [ -97.828234, 22.278891 ], [ -97.828143, 22.278673 ], [ -97.827995, 22.278322 ], [ -97.828599, 22.278104 ], [ -97.828809, 22.278027 ], [ -97.829597, 22.27774 ], [ -97.829714, 22.277697 ], [ -97.83043, 22.277445 ], [ -97.830938, 22.277287 ], [ -97.830979, 22.277275 ], [ -97.831646, 22.277094 ], [ -97.831652, 22.277093 ], [ -97.8317, 22.277089 ], [ -97.832076, 22.277056 ], [ -97.832424, 22.277027 ], [ -97.832758, 22.277019 ], [ -97.833144, 22.277012 ], [ -97.833528, 22.277005 ], [ -97.833876, 22.276996 ], [ -97.834272, 22.276986 ], [ -97.834579, 22.276977 ], [ -97.834628, 22.279037 ], [ -97.834683, 22.280986 ], [ -97.833966, 22.280999 ], [ -97.833227, 22.281006 ], [ -97.832478, 22.281003 ], [ -97.832354, 22.281003 ], [ -97.833053, 22.282764 ], [ -97.83377, 22.284553 ], [ -97.833292, 22.284732 ], [ -97.832813, 22.28491 ], [ -97.832375, 22.285072 ], [ -97.831893, 22.285243 ], [ -97.831822, 22.285269 ], [ -97.831703, 22.285314 ], [ -97.831181, 22.285514 ] ] ] ] } },
{ "type": "Feature", "properties": { "CVEGEO": "2800900010527", "POB_TOT_20": 3997.0, "POB_MASC_2": 1955.0, "POB_FEM_20": 2042.0, "origen": "2800900010527", "viajes_od_totales_salientes": 85.68, "viajes-total_salientes": 3556.0, "viajes_od_totales_norm_salientes": 0.3946932006633499, "viajes-total_norm_salientes": 2.6919000757002269, "AE_por_fila_salientes": 0.018279427694073036, "SE_por_fila_salientes": 0.0010569842021807771, "APE_por_fila_salientes": 86.22244478809192, "destino": "2800900010527", "viajes_od_totales_entrantes": 96.8, "viajes-total_entrantes": 4044.0, "viajes_od_totales_norm_entrantes": 0.44591855537129166, "viajes-total_norm_entrantes": 3.0613171839515521, "AE_por_fila_entrantes": 0.01729327742001633, "SE_por_fila_entrantes": 0.0009610383012476039, "APE_por_fila_entrantes": 86.170858323055057 }, "geometry": { "type": "MultiPolygon", "coordinates": [ [ [ [ -97.833528, 22.277005 ], [ -97.833144, 22.277012 ], [ -97.832758, 22.277019 ], [ -97.832424, 22.277027 ], [ -97.832076, 22.277056 ], [ -97.8317, 22.277089 ], [ -97.831652, 22.277093 ], [ -97.831646, 22.277094 ], [ -97.830979, 22.277275 ], [ -97.830938, 22.277287 ], [ -97.83043, 22.277445 ], [ -97.829714, 22.277697 ], [ -97.829597, 22.27774 ], [ -97.828809, 22.278027 ], [ -97.828599, 22.278104 ], [ -97.827995, 22.278322 ], [ -97.827966, 22.278331 ], [ -97.827666, 22.277262 ], [ -97.827718, 22.277103 ], [ -97.827833, 22.276881 ], [ -97.827749, 22.276809 ], [ -97.826948, 22.275997 ], [ -97.826703, 22.275741 ], [ -97.826673, 22.275683 ], [ -97.826689, 22.275629 ], [ -97.827143, 22.275245 ], [ -97.825953, 22.274046 ], [ -97.825001, 22.273075 ], [ -97.82465, 22.272743 ], [ -97.824729, 22.272681 ], [ -97.825187, 22.272298 ], [ -97.825407, 22.272114 ], [ -97.825755, 22.271823 ], [ -97.825877, 22.271721 ], [ -97.82626, 22.271403 ], [ -97.826816, 22.270947 ], [ -97.826947, 22.27083 ], [ -97.827428, 22.270434 ], [ -97.827979, 22.269977 ], [ -97.829212, 22.271239 ], [ -97.830411, 22.272477 ], [ -97.831834, 22.27391 ], [ -97.832196, 22.274264 ], [ -97.832285, 22.274352 ], [ -97.833261, 22.275314 ], [ -97.833427, 22.275477 ], [ -97.833118, 22.275565 ], [ -97.833282, 22.275964 ], [ -97.833504, 22.276735 ], [ -97.833528, 22.277005 ] ] ] ] } },
{ "type": "Feature", "properties": { "CVEGEO": "2800900010599", "POB_TOT_20": 3479.0, "POB_MASC_2": 1674.0, "POB_FEM_20": 1805.0, "origen": "2800900010599", "viajes_od_totales_salientes": 80.32, "viajes-total_salientes": 2446.0, "viajes_od_totales_norm_salientes": 0.37000184263865854, "viajes-total_norm_salientes": 1.8516275548826646, "AE_por_fila_salientes": 0.015496724944255731, "SE_por_fila_salientes": 0.00056199203077490799, "APE_por_fila_salientes": 83.949727289813808, "destino": "2800900010599", "viajes_od_totales_entrantes": 58.3, "viajes-total_entrantes": 2696.0, "viajes_od_totales_norm_entrantes": 0.26856458448498249, "viajes-total_norm_entrantes": 2.0408781226343677, "AE_por_fila_entrantes": 0.017649357893472474, "SE_por_fila_entrantes": 0.00073262709975633721, "APE_por_fila_entrantes": 90.370370398573982 }, "geometry": { "type": "MultiPolygon", "coordinates": [ [ [ [ -97.827979, 22.269977 ], [ -97.827428, 22.270434 ], [ -97.826947, 22.27083 ], [ -97.826816, 22.270947 ], [ -97.82626, 22.271403 ], [ -97.825877, 22.271721 ], [ -97.825755, 22.271823 ], [ -97.825407, 22.272114 ], [ -97.825187, 22.272298 ], [ -97.824729, 22.272681 ], [ -97.82465, 22.272743 ], [ -97.825001, 22.273075 ], [ -97.825953, 22.274046 ], [ -97.827143, 22.275245 ], [ -97.826689, 22.275629 ], [ -97.826673, 22.275683 ], [ -97.826703, 22.275741 ], [ -97.826948, 22.275997 ], [ -97.827749, 22.276809 ], [ -97.827833, 22.276881 ], [ -97.827718, 22.277103 ], [ -97.826352, 22.276682 ], [ -97.824371, 22.273912 ], [ -97.821863, 22.269656 ], [ -97.821851, 22.269568 ], [ -97.821487, 22.269 ], [ -97.82107, 22.268277 ], [ -97.820856, 22.267908 ], [ -97.820607, 22.267503 ], [ -97.820188, 22.266735 ], [ -97.819764, 22.266018 ], [ -97.819346, 22.265309 ], [ -97.81891, 22.264565 ], [ -97.818399, 22.263698 ], [ -97.818816, 22.263348 ], [ -97.819569, 22.262719 ], [ -97.820242, 22.262156 ], [ -97.8209, 22.262795 ], [ -97.821528, 22.263411 ], [ -97.822114, 22.263992 ], [ -97.822694, 22.264575 ], [ -97.823312, 22.265196 ], [ -97.823894, 22.265794 ], [ -97.824503, 22.266407 ], [ -97.825006, 22.266917 ], [ -97.825481, 22.267392 ], [ -97.825581, 22.267467 ], [ -97.826565, 22.268526 ], [ -97.827979, 22.269977 ] ] ] ] } },
{ "type": "Feature", "properties": { "CVEGEO": "2803800011048", "POB_TOT_20": 2215.0, "POB_MASC_2": 1035.0, "POB_FEM_20": 1180.0, "origen": "2803800011048", "viajes_od_totales_salientes": 134.74, "viajes-total_salientes": 4196.0, "viajes_od_totales_norm_salientes": 0.62069283213561821, "viajes-total_norm_salientes": 3.1763815291445874, "AE_por_fila_salientes": 0.021058752628080026, "SE_por_fila_salientes": 0.0015072373168725118, "APE_por_fila_salientes": 86.949634056671556, "destino": "2803800011048", "viajes_od_totales_entrantes": 185.44, "viajes-total_entrantes": 4500.0, "viajes_od_totales_norm_entrantes": 0.85424728210797862, "viajes-total_norm_entrantes": 3.4065102195306585, "AE_por_fila_entrantes": 0.019989972829861202, "SE_por_fila_entrantes": 0.0013475327743053174, "APE_por_fila_entrantes": 87.338698489306054 }, "geometry": { "type": "MultiPolygon", "coordinates": [ [ [ [ -97.868059, 22.277743 ], [ -97.867756, 22.277963 ], [ -97.868305, 22.278587 ], [ -97.868745, 22.279085 ], [ -97.868516, 22.279335 ], [ -97.869127, 22.279798 ], [ -97.868593, 22.280462 ], [ -97.868046, 22.281137 ], [ -97.867548, 22.281697 ], [ -97.866967, 22.282377 ], [ -97.866429, 22.282996 ], [ -97.865922, 22.283589 ], [ -97.865367, 22.284231 ], [ -97.865301, 22.284154 ], [ -97.865032, 22.283806 ], [ -97.86473, 22.283426 ], [ -97.864607, 22.283296 ], [ -97.864527, 22.28321 ], [ -97.864171, 22.282776 ], [ -97.863665, 22.282161 ], [ -97.863502, 22.281963 ], [ -97.863305, 22.281723 ], [ -97.863067, 22.281444 ], [ -97.862737, 22.281056 ], [ -97.862415, 22.280738 ], [ -97.862196, 22.28055 ], [ -97.86205, 22.280419 ], [ -97.861529, 22.27998 ], [ -97.861077, 22.279596 ], [ -97.860819, 22.279387 ], [ -97.860942, 22.279227 ], [ -97.861074, 22.279187 ], [ -97.863124, 22.278746 ], [ -97.863541, 22.278656 ], [ -97.863645, 22.27867 ], [ -97.864121, 22.278567 ], [ -97.8644, 22.278507 ], [ -97.864618, 22.278463 ], [ -97.865116, 22.278361 ], [ -97.865289, 22.278386 ], [ -97.865792, 22.278274 ], [ -97.86638, 22.278145 ], [ -97.866994, 22.278013 ], [ -97.867016, 22.277967 ], [ -97.867933, 22.277758 ], [ -97.868059, 22.277743 ] ] ] ] } },
{ "type": "Feature", "properties": { "CVEGEO": "2803800011086", "POB_TOT_20": 2331.0, "POB_MASC_2": 1091.0, "POB_FEM_20": 1240.0, "origen": "2803800011086", "viajes_od_totales_salientes": 145.02, "viajes-total_salientes": 15024.0, "viajes_od_totales_norm_salientes": 0.66804864566058597, "viajes-total_norm_salientes": 11.37320211960636, "AE_por_fila_salientes": 0.05734044014643068, "SE_por_fila_salientes": 0.015018776714331033, "APE_por_fila_salientes": 94.583546017026549, "destino": "2803800011086", "viajes_od_totales_entrantes": 730.7, "viajes-total_entrantes": 15183.0, "viajes_od_totales_norm_entrantes": 3.3660401695227566, "viajes-total_norm_entrantes": 11.493565480696441, "AE_por_fila_entrantes": 0.046908988678877842, "SE_por_fila_entrantes": 0.012489423394006067, "APE_por_fila_entrantes": 81.011741228198645 }, "geometry": { "type": "MultiPolygon", "coordinates": [ [ [ [ -97.868059, 22.277743 ], [ -97.867933, 22.277758 ], [ -97.867016, 22.277967 ], [ -97.866994, 22.278013 ], [ -97.86638, 22.278145 ], [ -97.865792, 22.278274 ], [ -97.865289, 22.278386 ], [ -97.865116, 22.278361 ], [ -97.864618, 22.278463 ], [ -97.8644, 22.278507 ], [ -97.864121, 22.278567 ], [ -97.863645, 22.27867 ], [ -97.863541, 22.278656 ], [ -97.863124, 22.278746 ], [ -97.861074, 22.279187 ], [ -97.860942, 22.279227 ], [ -97.860819, 22.279387 ], [ -97.860413, 22.279059 ], [ -97.860178, 22.27886 ], [ -97.859529, 22.278308 ], [ -97.859524, 22.278207 ], [ -97.858193, 22.277055 ], [ -97.857961, 22.276855 ], [ -97.857345, 22.276321 ], [ -97.856886, 22.275952 ], [ -97.85631, 22.275442 ], [ -97.856853, 22.274013 ], [ -97.856946, 22.27377 ], [ -97.857075, 22.273438 ], [ -97.85725, 22.272984 ], [ -97.857581, 22.272127 ], [ -97.857715, 22.271793 ], [ -97.857969, 22.271143 ], [ -97.857975, 22.271127 ], [ -97.85825, 22.270449 ], [ -97.858506, 22.269775 ], [ -97.858922, 22.26988 ], [ -97.859195, 22.269943 ], [ -97.859473, 22.270003 ], [ -97.859945, 22.270105 ], [ -97.86059, 22.270152 ], [ -97.861247, 22.27021 ], [ -97.861284, 22.270218 ], [ -97.861441, 22.270246 ], [ -97.861563, 22.270266 ], [ -97.861633, 22.270346 ], [ -97.861784, 22.270811 ], [ -97.862237, 22.270773 ], [ -97.862432, 22.270646 ], [ -97.86256, 22.270337 ], [ -97.862644, 22.270091 ], [ -97.863221, 22.270291 ], [ -97.863275, 22.270153 ], [ -97.863384, 22.269696 ], [ -97.863407, 22.269602 ], [ -97.863556, 22.269181 ], [ -97.863634, 22.268989 ], [ -97.863749, 22.268835 ], [ -97.864, 22.268583 ], [ -97.864552, 22.268053 ], [ -97.864902, 22.267763 ], [ -97.864935, 22.267736 ], [ -97.865156, 22.267567 ], [ -97.865701, 22.267141 ], [ -97.86626, 22.266608 ], [ -97.866472, 22.266449 ], [ -97.866561, 22.266386 ], [ -97.866857, 22.266242 ], [ -97.867091, 22.266201 ], [ -97.867126, 22.266194 ], [ -97.867398, 22.266066 ], [ -97.868323, 22.265803 ], [ -97.869227, 22.265471 ], [ -97.869214, 22.266097 ], [ -97.86915, 22.26611 ], [ -97.868359, 22.266617 ], [ -97.86834, 22.2682 ], [ -97.868338, 22.268367 ], [ -97.868239, 22.268666 ], [ -97.86813, 22.268996 ], [ -97.868119, 22.269214 ], [ -97.868087, 22.269599 ], [ -97.868073, 22.269977 ], [ -97.868071, 22.270597 ], [ -97.868035, 22.271209 ], [ -97.868038, 22.271936 ], [ -97.868032, 22.272118 ], [ -97.867966, 22.272319 ], [ -97.867808, 22.2728 ], [ -97.867673, 22.27311 ], [ -97.867519, 22.273457 ], [ -97.867298, 22.273837 ], [ -97.866915, 22.27447 ], [ -97.866747, 22.274739 ], [ -97.866933, 22.275165 ], [ -97.867202, 22.275596 ], [ -97.867623, 22.276085 ], [ -97.868096, 22.276623 ], [ -97.868555, 22.277107 ], [ -97.868836, 22.277471 ], [ -97.868885, 22.277554 ], [ -97.868223, 22.277691 ], [ -97.868181, 22.277707 ], [ -97.868059, 22.277743 ] ] ] ] } },
{ "type": "Feature", "properties": { "CVEGEO": "2803800011090", "POB_TOT_20": 3322.0, "POB_MASC_2": 1562.0, "POB_FEM_20": 1760.0, "origen": "2803800011090", "viajes_od_totales_salientes": 263.42, "viajes-total_salientes": 17789.0, "viajes_od_totales_norm_salientes": 1.2134696885940666, "viajes-total_norm_salientes": 13.466313398940196, "AE_por_fila_salientes": 0.062928742581827152, "SE_por_fila_salientes": 0.015305461071212062, "APE_por_fila_salientes": 93.14006849222379, "destino": "2803800011090", "viajes_od_totales_entrantes": 529.68, "viajes-total_entrantes": 18101.0, "viajes_od_totales_norm_entrantes": 2.4400221116639025, "viajes-total_norm_entrantes": 13.702498107494323, "AE_por_fila_entrantes": 0.055674687545449263, "SE_por_fila_entrantes": 0.013636082609561223, "APE_por_fila_entrantes": 77.588841744293404 }, "geometry": { "type": "MultiPolygon", "coordinates": [ [ [ [ -97.869227, 22.265471 ], [ -97.868323, 22.265803 ], [ -97.867398, 22.266066 ], [ -97.867126, 22.266194 ], [ -97.867091, 22.266201 ], [ -97.866857, 22.266242 ], [ -97.866561, 22.266386 ], [ -97.866472, 22.266449 ], [ -97.86626, 22.266608 ], [ -97.865701, 22.267141 ], [ -97.865156, 22.267567 ], [ -97.864935, 22.267736 ], [ -97.864902, 22.267763 ], [ -97.864552, 22.268053 ], [ -97.864, 22.268583 ], [ -97.863749, 22.268835 ], [ -97.863634, 22.268989 ], [ -97.863556, 22.269181 ], [ -97.863407, 22.269602 ], [ -97.863384, 22.269696 ], [ -97.863275, 22.270153 ], [ -97.863221, 22.270291 ], [ -97.862644, 22.270091 ], [ -97.86256, 22.270337 ], [ -97.862432, 22.270646 ], [ -97.862237, 22.270773 ], [ -97.861784, 22.270811 ], [ -97.861633, 22.270346 ], [ -97.861563, 22.270266 ], [ -97.861441, 22.270246 ], [ -97.861284, 22.270218 ], [ -97.861247, 22.27021 ], [ -97.86059, 22.270152 ], [ -97.859945, 22.270105 ], [ -97.859473, 22.270003 ], [ -97.859195, 22.269943 ], [ -97.858922, 22.26988 ], [ -97.858506, 22.269775 ], [ -97.858522, 22.269732 ], [ -97.858749, 22.269138 ], [ -97.858797, 22.268998 ], [ -97.859017, 22.268317 ], [ -97.859054, 22.268196 ], [ -97.859446, 22.266833 ], [ -97.859648, 22.266116 ], [ -97.859854, 22.265385 ], [ -97.860056, 22.264669 ], [ -97.860272, 22.263987 ], [ -97.860572, 22.263359 ], [ -97.860579, 22.263347 ], [ -97.860809, 22.262875 ], [ -97.861025, 22.262436 ], [ -97.861148, 22.262184 ], [ -97.861655, 22.261149 ], [ -97.862054, 22.260335 ], [ -97.86212, 22.260201 ], [ -97.862357, 22.259807 ], [ -97.862431, 22.259684 ], [ -97.862608, 22.259405 ], [ -97.862722, 22.259225 ], [ -97.86383, 22.259229 ], [ -97.863837, 22.259718 ], [ -97.863844, 22.260151 ], [ -97.864259, 22.260152 ], [ -97.864705, 22.260154 ], [ -97.864705, 22.260322 ], [ -97.864703, 22.260768 ], [ -97.865186, 22.260773 ], [ -97.865613, 22.260777 ], [ -97.865609, 22.259947 ], [ -97.865606, 22.259233 ], [ -97.866506, 22.259234 ], [ -97.86741, 22.259232 ], [ -97.867408, 22.259839 ], [ -97.867396, 22.261884 ], [ -97.868313, 22.261907 ], [ -97.868292, 22.26076 ], [ -97.868831, 22.260757 ], [ -97.869262, 22.260754 ], [ -97.869272, 22.261402 ], [ -97.869283, 22.261465 ], [ -97.869303, 22.26159 ], [ -97.86937, 22.261794 ], [ -97.869427, 22.262026 ], [ -97.869536, 22.262561 ], [ -97.869543, 22.262885 ], [ -97.869549, 22.263095 ], [ -97.869535, 22.263511 ], [ -97.869227, 22.265471 ] ] ] ] } },
{ "type": "Feature", "properties": { "CVEGEO": "2803800011033", "POB_TOT_20": 2482.0, "POB_MASC_2": 1117.0, "POB_FEM_20": 1365.0, "origen": "2803800011033", "viajes_od_totales_salientes": 128.24, "viajes-total_salientes": 5963.0, "viajes_od_totales_norm_salientes": 0.59074995393403351, "viajes-total_norm_salientes": 4.5140045420136259, "AE_por_fila_salientes": 0.026561704876226139, "SE_por_fila_salientes": 0.001960104802268331, "APE_por_fila_salientes": 86.983367281835299, "destino": "2803800011033", "viajes_od_totales_entrantes": 350.8, "viajes-total_entrantes": 6356.0, "viajes_od_totales_norm_entrantes": 1.6159941035562926, "viajes-total_norm_entrantes": 4.8115064345193037, "AE_por_fila_entrantes": 0.022658589101793362, "SE_por_fila_entrantes": 0.0015534471377896941, "APE_por_fila_entrantes": 82.687053286155489 }, "geometry": { "type": "MultiPolygon", "coordinates": [ [ [ [ -97.869127, 22.279798 ], [ -97.870265, 22.280647 ], [ -97.870263, 22.280679 ], [ -97.87023, 22.280799 ], [ -97.870182, 22.280921 ], [ -97.870085, 22.281022 ], [ -97.869816, 22.281305 ], [ -97.869272, 22.281953 ], [ -97.87065, 22.282882 ], [ -97.870719, 22.282865 ], [ -97.870748, 22.28283 ], [ -97.871582, 22.282676 ], [ -97.871648, 22.282663 ], [ -97.871707, 22.282653 ], [ -97.872858, 22.282439 ], [ -97.873013, 22.282418 ], [ -97.873154, 22.28279 ], [ -97.873538, 22.283525 ], [ -97.873864, 22.284174 ], [ -97.873921, 22.284355 ], [ -97.873989, 22.284686 ], [ -97.874005, 22.284999 ], [ -97.873971, 22.28528 ], [ -97.873864, 22.285605 ], [ -97.873572, 22.286443 ], [ -97.873398, 22.286938 ], [ -97.873296, 22.287679 ], [ -97.873089, 22.288256 ], [ -97.873064, 22.288338 ], [ -97.87305, 22.288409 ], [ -97.873039, 22.288512 ], [ -97.873033, 22.288654 ], [ -97.873027, 22.288761 ], [ -97.873031, 22.288864 ], [ -97.873202, 22.290019 ], [ -97.873278, 22.290376 ], [ -97.873361, 22.290768 ], [ -97.873418, 22.290978 ], [ -97.873667, 22.291539 ], [ -97.873746, 22.291835 ], [ -97.873489, 22.291389 ], [ -97.87316, 22.291142 ], [ -97.872992, 22.290933 ], [ -97.872475, 22.29039 ], [ -97.871417, 22.289263 ], [ -97.870707, 22.288515 ], [ -97.870312, 22.288106 ], [ -97.869699, 22.287605 ], [ -97.869539, 22.287461 ], [ -97.869377, 22.287318 ], [ -97.869117, 22.287092 ], [ -97.867906, 22.286217 ], [ -97.867681, 22.286057 ], [ -97.866561, 22.285239 ], [ -97.866174, 22.284959 ], [ -97.865987, 22.284818 ], [ -97.865677, 22.284553 ], [ -97.86541, 22.284281 ], [ -97.865367, 22.284231 ], [ -97.865922, 22.283589 ], [ -97.866429, 22.282996 ], [ -97.866967, 22.282377 ], [ -97.867548, 22.281697 ], [ -97.868046, 22.281137 ], [ -97.868593, 22.280462 ], [ -97.869127, 22.279798 ] ] ] ] } },
{ "type": "Feature", "properties": { "CVEGEO": "2803800010980", "POB_TOT_20": 3151.0, "POB_MASC_2": 1463.0, "POB_FEM_20": 1688.0, "origen": "2803800010980", "viajes_od_totales_salientes": 181.04, "viajes-total_salientes": 5710.0, "viajes_od_totales_norm_salientes": 0.83397825686382898, "viajes-total_norm_salientes": 4.3224829674489023, "AE_por_fila_salientes": 0.025736761091206199, "SE_por_fila_salientes": 0.0021009947718434365, "APE_por_fila_salientes": 90.21733827451034, "destino": "2803800010980", "viajes_od_totales_entrantes": 405.26, "viajes-total_entrantes": 5612.0, "viajes_od_totales_norm_entrantes": 1.8668693569191082, "viajes-total_norm_entrantes": 4.2482967448902347, "AE_por_fila_entrantes": 0.028922180437441197, "SE_por_fila_entrantes": 0.0027482795801476874, "APE_por_fila_entrantes": 113.31972552639411 }, "geometry": { "type": "MultiPolygon", "coordinates": [ [ [ [ -97.873746, 22.291835 ], [ -97.873667, 22.291539 ], [ -97.873418, 22.290978 ], [ -97.873361, 22.290768 ], [ -97.873278, 22.290376 ], [ -97.873202, 22.290019 ], [ -97.873031, 22.288864 ], [ -97.873027, 22.288761 ], [ -97.873033, 22.288654 ], [ -97.873039, 22.288512 ], [ -97.87305, 22.288409 ], [ -97.873064, 22.288338 ], [ -97.873089, 22.288256 ], [ -97.873296, 22.287679 ], [ -97.873398, 22.286938 ], [ -97.873572, 22.286443 ], [ -97.873864, 22.285605 ], [ -97.874401, 22.285668 ], [ -97.875072, 22.285809 ], [ -97.875775, 22.285995 ], [ -97.875846, 22.286014 ], [ -97.876459, 22.286176 ], [ -97.876765, 22.286256 ], [ -97.876875, 22.286286 ], [ -97.877169, 22.286356 ], [ -97.878038, 22.286552 ], [ -97.878221, 22.286593 ], [ -97.878386, 22.28663 ], [ -97.878667, 22.286693 ], [ -97.878777, 22.286718 ], [ -97.878969, 22.286761 ], [ -97.879015, 22.286772 ], [ -97.879804, 22.286958 ], [ -97.879978, 22.286999 ], [ -97.88037, 22.287093 ], [ -97.880768, 22.287182 ], [ -97.881026, 22.287234 ], [ -97.881347, 22.287287 ], [ -97.881722, 22.287306 ], [ -97.881697, 22.287796 ], [ -97.881693, 22.287871 ], [ -97.881617, 22.288257 ], [ -97.881472, 22.289056 ], [ -97.881466, 22.289087 ], [ -97.881369, 22.289608 ], [ -97.881337, 22.28966 ], [ -97.881296, 22.289726 ], [ -97.880908, 22.28994 ], [ -97.88123, 22.290498 ], [ -97.881353, 22.291192 ], [ -97.881354, 22.291257 ], [ -97.881299, 22.292092 ], [ -97.880968, 22.293378 ], [ -97.880463, 22.292978 ], [ -97.880019, 22.292628 ], [ -97.879574, 22.292274 ], [ -97.879115, 22.291909 ], [ -97.878379, 22.29133 ], [ -97.877674, 22.290768 ], [ -97.877103, 22.291392 ], [ -97.87643, 22.292136 ], [ -97.876276, 22.292054 ], [ -97.876008, 22.29191 ], [ -97.875646, 22.292488 ], [ -97.875423, 22.292841 ], [ -97.875333, 22.292983 ], [ -97.874136, 22.292432 ], [ -97.873746, 22.291835 ] ] ] ] } },
{ "type": "Feature", "properties": { "CVEGEO": "2803800011438", "POB_TOT_20": 3389.0, "POB_MASC_2": 1613.0, "POB_FEM_20": 1776.0, "origen": "2803800011438", "viajes_od_totales_salientes": 414.1, "viajes-total_salientes": 6143.0, "viajes_od_totales_norm_salientes": 1.9075916712732632, "viajes-total_norm_salientes": 4.6502649507948526, "AE_por_fila_salientes": 0.027168007559054533, "SE_por_fila_salientes": 0.0023788713844156285, "APE_por_fila_salientes": 103.1729045511191, "destino": "2803800011438", "viajes_od_totales_entrantes": 111.42, "viajes-total_entrantes": 6039.0, "viajes_od_totales_norm_entrantes": 0.51326699834162515, "viajes-total_norm_entrantes": 4.5715367146101435, "AE_por_fila_entrantes": 0.025911246032539449, "SE_por_fila_entrantes": 0.0022165691235600461, "APE_por_fila_entrantes": 94.130385733218219 }, "geometry": { "type": "MultiPolygon", "coordinates": [ [ [ [ -97.881354, 22.291257 ], [ -97.881353, 22.291192 ], [ -97.88123, 22.290498 ], [ -97.880908, 22.28994 ], [ -97.881296, 22.289726 ], [ -97.881337, 22.28966 ], [ -97.881369, 22.289608 ], [ -97.881466, 22.289087 ], [ -97.881472, 22.289056 ], [ -97.881617, 22.288257 ], [ -97.881693, 22.287871 ], [ -97.881697, 22.287796 ], [ -97.881722, 22.287306 ], [ -97.88222, 22.287267 ], [ -97.88309, 22.287114 ], [ -97.883167, 22.287099 ], [ -97.883572, 22.287026 ], [ -97.88462, 22.286782 ], [ -97.884761, 22.286752 ], [ -97.884824, 22.286739 ], [ -97.885061, 22.286692 ], [ -97.886214, 22.286423 ], [ -97.886335, 22.286821 ], [ -97.886367, 22.286921 ], [ -97.886451, 22.287188 ], [ -97.886566, 22.28755 ], [ -97.88668, 22.287917 ], [ -97.886704, 22.287988 ], [ -97.886841, 22.288422 ], [ -97.887063, 22.289077 ], [ -97.887351, 22.289411 ], [ -97.887649, 22.289751 ], [ -97.887808, 22.289948 ], [ -97.887707, 22.289976 ], [ -97.886274, 22.290356 ], [ -97.886068, 22.290187 ], [ -97.886028, 22.290201 ], [ -97.885872, 22.290084 ], [ -97.885532, 22.289828 ], [ -97.885152, 22.290351 ], [ -97.885123, 22.290392 ], [ -97.884328, 22.2915 ], [ -97.883795, 22.292207 ], [ -97.883639, 22.292257 ], [ -97.88322, 22.291983 ], [ -97.882714, 22.29165 ], [ -97.882194, 22.291309 ], [ -97.881673, 22.290968 ], [ -97.881354, 22.291257 ] ] ] ] } },
{ "type": "Feature", "properties": { "CVEGEO": "2803800011423", "POB_TOT_20": 1455.0, "POB_MASC_2": 728.0, "POB_FEM_20": 727.0, "origen": "2803800011423", "viajes_od_totales_salientes": 44.86, "viajes-total_salientes": 7784.0, "viajes_od_totales_norm_salientes": 0.20665192555739817, "viajes-total_norm_salientes": 5.8925056775170326, "AE_por_fila_salientes": 0.031070239081746637, "SE_por_fila_salientes": 0.0033552203688694614, "APE_por_fila_salientes": 96.505636160266576, "destino": "2803800011423", "viajes_od_totales_entrantes": 156.24, "viajes-total_entrantes": 8014.0, "viajes_od_totales_norm_entrantes": 0.71973466003316744, "viajes-total_norm_entrantes": 6.0666161998485997, "AE_por_fila_entrantes": 0.027000841364157972, "SE_por_fila_entrantes": 0.0022628120065677124, "APE_por_fila_entrantes": 93.679260930066945 }, "geometry": { "type": "MultiPolygon", "coordinates": [ [ [ [ -97.87643, 22.292136 ], [ -97.877103, 22.291392 ], [ -97.877674, 22.290768 ], [ -97.878379, 22.29133 ], [ -97.879115, 22.291909 ], [ -97.879574, 22.292274 ], [ -97.880019, 22.292628 ], [ -97.880463, 22.292978 ], [ -97.880968, 22.293378 ], [ -97.881299, 22.292092 ], [ -97.881354, 22.291257 ], [ -97.881673, 22.290968 ], [ -97.882194, 22.291309 ], [ -97.882714, 22.29165 ], [ -97.88322, 22.291983 ], [ -97.883639, 22.292257 ], [ -97.883795, 22.292207 ], [ -97.884328, 22.2915 ], [ -97.885123, 22.290392 ], [ -97.885152, 22.290351 ], [ -97.885532, 22.289828 ], [ -97.885872, 22.290084 ], [ -97.886028, 22.290201 ], [ -97.886068, 22.290187 ], [ -97.886274, 22.290356 ], [ -97.887707, 22.289976 ], [ -97.887808, 22.289948 ], [ -97.889016, 22.291269 ], [ -97.889382, 22.29159 ], [ -97.890144, 22.292345 ], [ -97.89036, 22.292645 ], [ -97.890487, 22.292867 ], [ -97.890557, 22.292996 ], [ -97.890811, 22.293463 ], [ -97.89087, 22.29363 ], [ -97.890929, 22.293793 ], [ -97.891048, 22.294003 ], [ -97.891116, 22.29411 ], [ -97.89114, 22.294143 ], [ -97.891474, 22.294497 ], [ -97.891819, 22.294815 ], [ -97.892475, 22.295536 ], [ -97.892523, 22.295591 ], [ -97.891348, 22.296258 ], [ -97.890834, 22.296592 ], [ -97.890444, 22.296818 ], [ -97.88986, 22.297156 ], [ -97.888871, 22.296615 ], [ -97.888767, 22.296559 ], [ -97.888506, 22.296436 ], [ -97.888131, 22.296264 ], [ -97.887746, 22.296105 ], [ -97.887336, 22.295881 ], [ -97.886877, 22.295664 ], [ -97.886256, 22.29551 ], [ -97.885552, 22.29544 ], [ -97.885078, 22.295399 ], [ -97.884722, 22.295371 ], [ -97.883606, 22.295291 ], [ -97.883004, 22.29518 ], [ -97.882322, 22.295148 ], [ -97.882048, 22.295104 ], [ -97.88182, 22.29506 ], [ -97.881584, 22.295001 ], [ -97.881374, 22.294912 ], [ -97.881168, 22.294828 ], [ -97.880985, 22.294719 ], [ -97.880844, 22.294622 ], [ -97.880678, 22.294508 ], [ -97.880569, 22.294484 ], [ -97.880543, 22.294478 ], [ -97.880316, 22.294427 ], [ -97.88018, 22.294429 ], [ -97.879882, 22.294431 ], [ -97.879801, 22.294448 ], [ -97.879859, 22.294395 ], [ -97.8799, 22.294342 ], [ -97.879925, 22.294303 ], [ -97.879942, 22.294249 ], [ -97.879948, 22.294198 ], [ -97.879939, 22.294151 ], [ -97.87992, 22.2941 ], [ -97.879613, 22.293876 ], [ -97.879127, 22.293602 ], [ -97.878988, 22.293524 ], [ -97.8786, 22.293305 ], [ -97.878219, 22.293097 ], [ -97.878091, 22.293027 ], [ -97.877678, 22.292803 ], [ -97.876882, 22.292378 ], [ -97.876578, 22.292215 ], [ -97.87643, 22.292136 ] ] ] ] } },
{ "type": "Feature", "properties": { "CVEGEO": "2803800011160", "POB_TOT_20": 3759.0, "POB_MASC_2": 1797.0, "POB_FEM_20": 1962.0, "origen": "2803800011160", "viajes_od_totales_salientes": 416.32, "viajes-total_salientes": 6597.0, "viajes_od_totales_norm_salientes": 1.917818315828266, "viajes-total_norm_salientes": 4.9939439818319453, "AE_por_fila_salientes": 0.025850671892894951, "SE_por_fila_salientes": 0.001997564506216412, "APE_por_fila_salientes": 90.685708593020692, "destino": "2803800011160", "viajes_od_totales_entrantes": 143.76, "viajes-total_entrantes": 6801.0, "viajes_od_totales_norm_entrantes": 0.66224433388612491, "viajes-total_norm_entrantes": 5.1483724451173352, "AE_por_fila_entrantes": 0.025228880216727735, "SE_por_fila_entrantes": 0.0018142223267419585, "APE_por_fila_entrantes": 93.339200862073355 }, "geometry": { "type": "MultiPolygon", "coordinates": [ [ [ [ -97.873538, 22.283525 ], [ -97.876315, 22.283307 ], [ -97.87635, 22.283325 ], [ -97.876405, 22.282893 ], [ -97.876431, 22.282619 ], [ -97.876467, 22.282626 ], [ -97.877886, 22.2816 ], [ -97.876482, 22.280365 ], [ -97.876162, 22.280055 ], [ -97.87609, 22.279939 ], [ -97.876046, 22.279813 ], [ -97.876039, 22.279699 ], [ -97.876061, 22.27958 ], [ -97.876118, 22.279268 ], [ -97.87622, 22.278981 ], [ -97.876421, 22.278338 ], [ -97.87682, 22.278474 ], [ -97.877026, 22.278495 ], [ -97.877092, 22.278501 ], [ -97.877136, 22.278525 ], [ -97.877169, 22.278542 ], [ -97.877649, 22.278934 ], [ -97.878132, 22.27939 ], [ -97.878423, 22.27961 ], [ -97.878617, 22.279717 ], [ -97.878887, 22.279831 ], [ -97.878844, 22.279988 ], [ -97.878745, 22.28046 ], [ -97.878719, 22.28068 ], [ -97.878735, 22.281009 ], [ -97.878738, 22.281093 ], [ -97.878767, 22.281176 ], [ -97.878851, 22.28142 ], [ -97.879101, 22.281854 ], [ -97.879273, 22.282157 ], [ -97.879435, 22.282452 ], [ -97.879585, 22.282688 ], [ -97.87973, 22.282992 ], [ -97.879746, 22.283024 ], [ -97.880008, 22.283253 ], [ -97.880289, 22.283401 ], [ -97.88036, 22.283438 ], [ -97.880596, 22.283544 ], [ -97.880982, 22.283721 ], [ -97.881144, 22.283842 ], [ -97.881208, 22.283944 ], [ -97.88127, 22.284041 ], [ -97.881295, 22.284191 ], [ -97.881288, 22.284268 ], [ -97.881268, 22.284491 ], [ -97.881173, 22.284844 ], [ -97.881122, 22.284973 ], [ -97.881074, 22.285092 ], [ -97.880971, 22.285552 ], [ -97.880903, 22.285916 ], [ -97.880853, 22.286311 ], [ -97.880819, 22.286668 ], [ -97.880817, 22.286685 ], [ -97.880785, 22.287008 ], [ -97.880768, 22.287182 ], [ -97.88037, 22.287093 ], [ -97.879978, 22.286999 ], [ -97.879804, 22.286958 ], [ -97.879015, 22.286772 ], [ -97.878969, 22.286761 ], [ -97.878777, 22.286718 ], [ -97.878667, 22.286693 ], [ -97.878386, 22.28663 ], [ -97.878221, 22.286593 ], [ -97.878038, 22.286552 ], [ -97.877169, 22.286356 ], [ -97.876875, 22.286286 ], [ -97.876765, 22.286256 ], [ -97.876459, 22.286176 ], [ -97.875846, 22.286014 ], [ -97.875775, 22.285995 ], [ -97.875072, 22.285809 ], [ -97.874401, 22.285668 ], [ -97.873864, 22.285605 ], [ -97.873971, 22.28528 ], [ -97.874005, 22.284999 ], [ -97.873989, 22.284686 ], [ -97.873921, 22.284355 ], [ -97.873864, 22.284174 ], [ -97.873538, 22.283525 ] ] ] ] } },
{ "type": "Feature", "properties": { "CVEGEO": "2803800011349", "POB_TOT_20": 3135.0, "POB_MASC_2": 1479.0, "POB_FEM_20": 1656.0, "origen": "2803800011349", "viajes_od_totales_salientes": 345.98, "viajes-total_salientes": 3343.0, "viajes_od_totales_norm_salientes": 1.5937903077206561, "viajes-total_norm_salientes": 2.5306585919757758, "AE_por_fila_salientes": 0.025351249332723494, "SE_por_fila_salientes": 0.0024167870532822134, "APE_por_fila_salientes": 103.21832387546905, "destino": "2803800011349", "viajes_od_totales_entrantes": 111.54, "viajes-total_entrantes": 3473.0, "viajes_od_totales_norm_entrantes": 0.51381978993919286, "viajes-total_norm_entrantes": 2.6290688872066617, "AE_por_fila_entrantes": 0.02236688672651679, "SE_por_fila_entrantes": 0.0015467424408876966, "APE_por_fila_entrantes": 92.500648680399038 }, "geometry": { "type": "MultiPolygon", "coordinates": [ [ [ [ -97.878887, 22.279831 ], [ -97.878923, 22.279699 ], [ -97.879045, 22.279285 ], [ -97.879059, 22.27924 ], [ -97.879193, 22.278814 ], [ -97.879279, 22.278567 ], [ -97.879492, 22.277952 ], [ -97.879849, 22.27828 ], [ -97.880077, 22.278437 ], [ -97.880357, 22.278621 ], [ -97.880586, 22.278728 ], [ -97.88077, 22.27879 ], [ -97.88116, 22.278921 ], [ -97.8812, 22.278934 ], [ -97.881452, 22.278994 ], [ -97.881812, 22.279025 ], [ -97.882, 22.278994 ], [ -97.882064, 22.278984 ], [ -97.882128, 22.278973 ], [ -97.882175, 22.278966 ], [ -97.882309, 22.278947 ], [ -97.882659, 22.278905 ], [ -97.882732, 22.278908 ], [ -97.882812, 22.278912 ], [ -97.883034, 22.278992 ], [ -97.883116, 22.279008 ], [ -97.883112, 22.279182 ], [ -97.883104, 22.279531 ], [ -97.883097, 22.279872 ], [ -97.88306, 22.280059 ], [ -97.883016, 22.280243 ], [ -97.882955, 22.280464 ], [ -97.882946, 22.280495 ], [ -97.882504, 22.280532 ], [ -97.88229, 22.280559 ], [ -97.881814, 22.280619 ], [ -97.881604, 22.280653 ], [ -97.881618, 22.28072 ], [ -97.88162, 22.280841 ], [ -97.881622, 22.280944 ], [ -97.881607, 22.281461 ], [ -97.881599, 22.281714 ], [ -97.881593, 22.281916 ], [ -97.881591, 22.281955 ], [ -97.881579, 22.282339 ], [ -97.881568, 22.282674 ], [ -97.881914, 22.282691 ], [ -97.881989, 22.282694 ], [ -97.8818, 22.282887 ], [ -97.881618, 22.282994 ], [ -97.881356, 22.283142 ], [ -97.881289, 22.28318 ], [ -97.881187, 22.283233 ], [ -97.880596, 22.283544 ], [ -97.88036, 22.283438 ], [ -97.880289, 22.283401 ], [ -97.880008, 22.283253 ], [ -97.879746, 22.283024 ], [ -97.87973, 22.282992 ], [ -97.879585, 22.282688 ], [ -97.879435, 22.282452 ], [ -97.879273, 22.282157 ], [ -97.879101, 22.281854 ], [ -97.878851, 22.28142 ], [ -97.878767, 22.281176 ], [ -97.878738, 22.281093 ], [ -97.878735, 22.281009 ], [ -97.878719, 22.28068 ], [ -97.878745, 22.28046 ], [ -97.878844, 22.279988 ], [ -97.878887, 22.279831 ] ] ] ] } },
{ "type": "Feature", "properties": { "CVEGEO": "2803800011334", "POB_TOT_20": 1890.0, "POB_MASC_2": 880.0, "POB_FEM_20": 1010.0, "origen": "2803800011334", "viajes_od_totales_salientes": 143.78, "viajes-total_salientes": 2005.0, "viajes_od_totales_norm_salientes": 0.66233646581905281, "viajes-total_norm_salientes": 1.5177895533686601, "AE_por_fila_salientes": 0.01597008121025802, "SE_por_fila_salientes": 0.00067796550051167084, "APE_por_fila_salientes": 89.35481535269976, "destino": "2803800011334", "viajes_od_totales_entrantes": 41.08, "viajes-total_entrantes": 2105.0, "viajes_od_totales_norm_entrantes": 0.18923899023401508, "viajes-total_norm_entrantes": 1.5934897804693413, "AE_por_fila_entrantes": 0.018694955649094871, "SE_por_fila_entrantes": 0.0011337553812835457, "APE_por_fila_entrantes": 91.918335173480713 }, "geometry": { "type": "MultiPolygon", "coordinates": [ [ [ [ -97.883763, 22.279015 ], [ -97.883823, 22.279264 ], [ -97.883765, 22.27954 ], [ -97.883703, 22.279834 ], [ -97.883618, 22.280039 ], [ -97.883584, 22.280131 ], [ -97.883453, 22.280455 ], [ -97.883737, 22.281213 ], [ -97.883751, 22.281253 ], [ -97.883777, 22.281406 ], [ -97.883736, 22.281542 ], [ -97.883621, 22.281821 ], [ -97.883525, 22.282097 ], [ -97.883416, 22.282382 ], [ -97.883391, 22.282464 ], [ -97.883356, 22.282603 ], [ -97.883352, 22.282687 ], [ -97.883392, 22.282796 ], [ -97.883472, 22.282947 ], [ -97.883483, 22.28304 ], [ -97.883487, 22.283073 ], [ -97.883437, 22.283127 ], [ -97.882993, 22.283388 ], [ -97.882869, 22.283176 ], [ -97.882748, 22.28371 ], [ -97.882739, 22.283741 ], [ -97.882712, 22.283832 ], [ -97.882647, 22.284057 ], [ -97.882599, 22.284181 ], [ -97.882552, 22.284218 ], [ -97.882477, 22.284271 ], [ -97.882221, 22.28437 ], [ -97.882003, 22.284467 ], [ -97.881859, 22.28457 ], [ -97.881728, 22.284668 ], [ -97.881616, 22.284756 ], [ -97.881455, 22.2849 ], [ -97.881304, 22.284998 ], [ -97.881074, 22.285092 ], [ -97.881122, 22.284973 ], [ -97.881173, 22.284844 ], [ -97.881268, 22.284491 ], [ -97.881288, 22.284268 ], [ -97.881295, 22.284191 ], [ -97.88127, 22.284041 ], [ -97.881208, 22.283944 ], [ -97.881144, 22.283842 ], [ -97.880982, 22.283721 ], [ -97.880596, 22.283544 ], [ -97.881187, 22.283233 ], [ -97.881289, 22.28318 ], [ -97.881356, 22.283142 ], [ -97.881618, 22.282994 ], [ -97.8818, 22.282887 ], [ -97.881989, 22.282694 ], [ -97.881914, 22.282691 ], [ -97.881568, 22.282674 ], [ -97.881579, 22.282339 ], [ -97.881591, 22.281955 ], [ -97.881593, 22.281916 ], [ -97.881599, 22.281714 ], [ -97.881607, 22.281461 ], [ -97.881622, 22.280944 ], [ -97.88162, 22.280841 ], [ -97.881618, 22.28072 ], [ -97.881604, 22.280653 ], [ -97.881814, 22.280619 ], [ -97.88229, 22.280559 ], [ -97.882504, 22.280532 ], [ -97.882946, 22.280495 ], [ -97.882955, 22.280464 ], [ -97.883016, 22.280243 ], [ -97.88306, 22.280059 ], [ -97.883097, 22.279872 ], [ -97.883104, 22.279531 ], [ -97.883112, 22.279182 ], [ -97.883116, 22.279008 ], [ -97.883132, 22.279011 ], [ -97.883345, 22.27904 ], [ -97.883597, 22.279039 ], [ -97.883763, 22.279015 ] ] ] ] } },
{ "type": "Feature", "properties": { "CVEGEO": "2803800010745", "POB_TOT_20": null, "POB_MASC_2": null, "POB_FEM_20": null, "origen": "2803800010745", "viajes_od_totales_salientes": 0.26, "viajes-total_salientes": 3222.0, "viajes_od_totales_norm_salientes": 0.0011977151280633867, "viajes-total_norm_salientes": 2.4390613171839517, "AE_por_fila_salientes": 0.019045809391061624, "SE_por_fila_salientes": 0.0011062448350571976, "APE_por_fila_salientes": 99.145343427241372, "destino": "2803800010745", "viajes_od_totales_entrantes": 38.02, "viajes-total_entrantes": 3631.0, "viajes_od_totales_norm_entrantes": 0.17514280449603831, "viajes-total_norm_entrantes": 2.748675246025738, "AE_por_fila_entrantes": 0.017172751117172334, "SE_por_fila_entrantes": 0.0011412727199384357, "APE_por_fila_entrantes": 89.878001128055033 }, "geometry": { "type": "MultiPolygon", "coordinates": [ [ [ [ -97.860819, 22.279387 ], [ -97.861077, 22.279596 ], [ -97.861529, 22.27998 ], [ -97.86205, 22.280419 ], [ -97.862196, 22.28055 ], [ -97.862415, 22.280738 ], [ -97.862737, 22.281056 ], [ -97.863067, 22.281444 ], [ -97.863305, 22.281723 ], [ -97.863502, 22.281963 ], [ -97.863665, 22.282161 ], [ -97.864171, 22.282776 ], [ -97.864527, 22.28321 ], [ -97.864607, 22.283296 ], [ -97.86473, 22.283426 ], [ -97.865032, 22.283806 ], [ -97.865301, 22.284154 ], [ -97.865367, 22.284231 ], [ -97.86541, 22.284281 ], [ -97.865677, 22.284553 ], [ -97.865987, 22.284818 ], [ -97.866174, 22.284959 ], [ -97.866561, 22.285239 ], [ -97.867681, 22.286057 ], [ -97.867906, 22.286217 ], [ -97.869117, 22.287092 ], [ -97.869377, 22.287318 ], [ -97.869539, 22.287461 ], [ -97.869699, 22.287605 ], [ -97.870312, 22.288106 ], [ -97.870707, 22.288515 ], [ -97.871417, 22.289263 ], [ -97.872475, 22.29039 ], [ -97.872992, 22.290933 ], [ -97.87316, 22.291142 ], [ -97.873489, 22.291389 ], [ -97.873746, 22.291835 ], [ -97.874136, 22.292432 ], [ -97.87536, 22.294339 ], [ -97.876572, 22.296227 ], [ -97.877131, 22.29713 ], [ -97.876985, 22.29722 ], [ -97.874913, 22.298544 ], [ -97.876343, 22.30042 ], [ -97.87752, 22.300624 ], [ -97.877609, 22.300661 ], [ -97.877691, 22.300735 ], [ -97.877155, 22.301362 ], [ -97.879816, 22.304909 ], [ -97.879684, 22.304997 ], [ -97.878988, 22.305458 ], [ -97.877931, 22.306159 ], [ -97.877021, 22.306748 ], [ -97.876467, 22.3071 ], [ -97.876418, 22.307133 ], [ -97.876363, 22.307168 ], [ -97.875964, 22.307422 ], [ -97.875925, 22.307456 ], [ -97.87588, 22.307487 ], [ -97.875139, 22.307953 ], [ -97.874732, 22.30751 ], [ -97.874698, 22.307472 ], [ -97.874663, 22.307428 ], [ -97.874312, 22.306955 ], [ -97.873941, 22.306439 ], [ -97.873891, 22.306363 ], [ -97.873843, 22.306279 ], [ -97.873113, 22.305313 ], [ -97.873062, 22.305248 ], [ -97.873012, 22.30518 ], [ -97.87283, 22.30494 ], [ -97.872809, 22.304911 ], [ -97.87279, 22.304887 ], [ -97.872539, 22.304555 ], [ -97.872519, 22.304527 ], [ -97.872499, 22.304501 ], [ -97.872166, 22.304076 ], [ -97.872145, 22.304087 ], [ -97.871934, 22.303801 ], [ -97.871929, 22.303777 ], [ -97.87188, 22.303714 ], [ -97.870372, 22.303475 ], [ -97.870329, 22.303469 ], [ -97.870277, 22.30346 ], [ -97.869901, 22.303401 ], [ -97.869872, 22.303397 ], [ -97.869838, 22.30339 ], [ -97.869539, 22.303343 ], [ -97.869509, 22.303339 ], [ -97.869477, 22.303334 ], [ -97.869201, 22.30329 ], [ -97.869099, 22.303342 ], [ -97.868244, 22.303209 ], [ -97.867258, 22.303055 ], [ -97.866512, 22.30294 ], [ -97.864234, 22.302583 ], [ -97.864197, 22.302577 ], [ -97.86331, 22.302434 ], [ -97.862989, 22.302382 ], [ -97.862475, 22.302297 ], [ -97.861154, 22.302078 ], [ -97.859831, 22.301857 ], [ -97.858972, 22.301706 ], [ -97.858996, 22.301661 ], [ -97.858534, 22.301598 ], [ -97.858508, 22.301598 ], [ -97.858482, 22.301597 ], [ -97.85675, 22.301308 ], [ -97.856475, 22.301268 ], [ -97.85598, 22.300066 ], [ -97.856195, 22.299988 ], [ -97.857696, 22.299463 ], [ -97.85917, 22.298952 ], [ -97.860678, 22.29842 ], [ -97.860708, 22.298362 ], [ -97.860546, 22.297958 ], [ -97.860373, 22.29754 ], [ -97.860178, 22.297069 ], [ -97.860012, 22.296668 ], [ -97.859828, 22.29622 ], [ -97.859658, 22.295808 ], [ -97.859492, 22.295404 ], [ -97.859315, 22.294975 ], [ -97.859135, 22.29454 ], [ -97.858969, 22.294129 ], [ -97.858788, 22.293682 ], [ -97.85862, 22.293269 ], [ -97.85845, 22.292848 ], [ -97.858278, 22.292424 ], [ -97.858097, 22.29198 ], [ -97.857916, 22.291536 ], [ -97.857729, 22.291078 ], [ -97.857544, 22.290635 ], [ -97.857409, 22.290293 ], [ -97.857457, 22.290174 ], [ -97.859876, 22.287793 ], [ -97.856733, 22.283626 ], [ -97.858303, 22.282628 ], [ -97.857951, 22.282135 ], [ -97.857862, 22.28209 ], [ -97.857234, 22.281251 ], [ -97.85645, 22.280204 ], [ -97.855617, 22.279111 ], [ -97.855622, 22.279098 ], [ -97.855581, 22.279044 ], [ -97.854861, 22.278089 ], [ -97.854823, 22.27804 ], [ -97.854426, 22.277539 ], [ -97.854009, 22.277035 ], [ -97.853638, 22.276556 ], [ -97.852733, 22.275357 ], [ -97.853233, 22.274677 ], [ -97.852655, 22.274303 ], [ -97.852045, 22.273914 ], [ -97.852322, 22.273244 ], [ -97.852347, 22.273026 ], [ -97.853031, 22.273194 ], [ -97.853114, 22.273219 ], [ -97.853184, 22.273249 ], [ -97.853836, 22.273532 ], [ -97.85387, 22.273548 ], [ -97.854458, 22.273953 ], [ -97.855612, 22.274913 ], [ -97.856247, 22.275403 ], [ -97.85631, 22.275442 ], [ -97.856886, 22.275952 ], [ -97.857345, 22.276321 ], [ -97.857961, 22.276855 ], [ -97.858193, 22.277055 ], [ -97.859524, 22.278207 ], [ -97.859529, 22.278308 ], [ -97.860178, 22.27886 ], [ -97.860413, 22.279059 ], [ -97.860819, 22.279387 ] ] ] ] } },
{ "type": "Feature", "properties": { "CVEGEO": "2803800010957", "POB_TOT_20": 5029.0, "POB_MASC_2": 2389.0, "POB_FEM_20": 2640.0, "origen": "2803800010957", "viajes_od_totales_salientes": 258.9, "viajes-total_salientes": 13018.0, "viajes_od_totales_norm_salientes": 1.1926478717523492, "viajes-total_norm_salientes": 9.8546555639666913, "AE_por_fila_salientes": 0.043389319392739011, "SE_por_fila_salientes": 0.0063190104365593008, "APE_por_fila_salientes": 90.664346831502044, "destino": "2803800010957", "viajes_od_totales_entrantes": 320.58, "viajes-total_entrantes": 13611.0, "viajes_od_totales_norm_entrantes": 1.4767827529021558, "viajes-total_norm_entrantes": 10.303557910673732, "AE_por_fila_entrantes": 0.040704091582420249, "SE_por_fila_entrantes": 0.0055622007365940043, "APE_por_fila_entrantes": 90.814539990473421 }, "geometry": { "type": "MultiPolygon", "coordinates": [ [ [ [ -97.877131, 22.29713 ], [ -97.876572, 22.296227 ], [ -97.87536, 22.294339 ], [ -97.874136, 22.292432 ], [ -97.875333, 22.292983 ], [ -97.875423, 22.292841 ], [ -97.875646, 22.292488 ], [ -97.876008, 22.29191 ], [ -97.876276, 22.292054 ], [ -97.87643, 22.292136 ], [ -97.876578, 22.292215 ], [ -97.876882, 22.292378 ], [ -97.877678, 22.292803 ], [ -97.878091, 22.293027 ], [ -97.878219, 22.293097 ], [ -97.8786, 22.293305 ], [ -97.878988, 22.293524 ], [ -97.879127, 22.293602 ], [ -97.879613, 22.293876 ], [ -97.87992, 22.2941 ], [ -97.879939, 22.294151 ], [ -97.879948, 22.294198 ], [ -97.879942, 22.294249 ], [ -97.879925, 22.294303 ], [ -97.8799, 22.294342 ], [ -97.879859, 22.294395 ], [ -97.879801, 22.294448 ], [ -97.879882, 22.294431 ], [ -97.88018, 22.294429 ], [ -97.880316, 22.294427 ], [ -97.880543, 22.294478 ], [ -97.880569, 22.294484 ], [ -97.880678, 22.294508 ], [ -97.880844, 22.294622 ], [ -97.880985, 22.294719 ], [ -97.881168, 22.294828 ], [ -97.881374, 22.294912 ], [ -97.881584, 22.295001 ], [ -97.88182, 22.29506 ], [ -97.882048, 22.295104 ], [ -97.882322, 22.295148 ], [ -97.883004, 22.29518 ], [ -97.883606, 22.295291 ], [ -97.884722, 22.295371 ], [ -97.885078, 22.295399 ], [ -97.885552, 22.29544 ], [ -97.885252, 22.295764 ], [ -97.885207, 22.295838 ], [ -97.884822, 22.296195 ], [ -97.884714, 22.296281 ], [ -97.884978, 22.296634 ], [ -97.885026, 22.296694 ], [ -97.885203, 22.296912 ], [ -97.885402, 22.297154 ], [ -97.885174, 22.297313 ], [ -97.884984, 22.297446 ], [ -97.884879, 22.297518 ], [ -97.884809, 22.297567 ], [ -97.884696, 22.297646 ], [ -97.884495, 22.297787 ], [ -97.884221, 22.297978 ], [ -97.884718, 22.29847 ], [ -97.884918, 22.298668 ], [ -97.885388, 22.299126 ], [ -97.885976, 22.2997 ], [ -97.885547, 22.300444 ], [ -97.88505, 22.301308 ], [ -97.884837, 22.301686 ], [ -97.884525, 22.302239 ], [ -97.884392, 22.30247 ], [ -97.884155, 22.30288 ], [ -97.883217, 22.302658 ], [ -97.8832, 22.302235 ], [ -97.883191, 22.301985 ], [ -97.88318, 22.301764 ], [ -97.883154, 22.301201 ], [ -97.882825, 22.301195 ], [ -97.882715, 22.300367 ], [ -97.881844, 22.300351 ], [ -97.880967, 22.300337 ], [ -97.880867, 22.299806 ], [ -97.880814, 22.299512 ], [ -97.880791, 22.299387 ], [ -97.880678, 22.298746 ], [ -97.88018, 22.299085 ], [ -97.879887, 22.299284 ], [ -97.879554, 22.29951 ], [ -97.878891, 22.29996 ], [ -97.878778, 22.299783 ], [ -97.878659, 22.2996 ], [ -97.878644, 22.299576 ], [ -97.877867, 22.298314 ], [ -97.87774, 22.298113 ], [ -97.877131, 22.29713 ] ] ] ] } },
{ "type": "Feature", "properties": { "CVEGEO": "2803800010641", "POB_TOT_20": 5092.0, "POB_MASC_2": 2428.0, "POB_FEM_20": 2664.0, "origen": "2803800010641", "viajes_od_totales_salientes": 381.2, "viajes-total_salientes": 6892.0, "viajes_od_totales_norm_salientes": 1.7560346416067807, "viajes-total_norm_salientes": 5.2172596517789556, "AE_por_fila_salientes": 0.030527831310156663, "SE_por_fila_salientes": 0.0031756462732646365, "APE_por_fila_salientes": 91.222817552809317, "destino": "2803800010641", "viajes_od_totales_entrantes": 373.86, "viajes-total_entrantes": 7303.0, "viajes_od_totales_norm_entrantes": 1.7222222222222221, "viajes-total_norm_entrantes": 5.5283875851627551, "AE_por_fila_entrantes": 0.030740953198651933, "SE_por_fila_entrantes": 0.0029343158806896955, "APE_por_fila_entrantes": 119.47824011020012 }, "geometry": { "type": "MultiPolygon", "coordinates": [ [ [ [ -97.869099, 22.303342 ], [ -97.869201, 22.30329 ], [ -97.869477, 22.303334 ], [ -97.869509, 22.303339 ], [ -97.869539, 22.303343 ], [ -97.869838, 22.30339 ], [ -97.869872, 22.303397 ], [ -97.869901, 22.303401 ], [ -97.870277, 22.30346 ], [ -97.870329, 22.303469 ], [ -97.870372, 22.303475 ], [ -97.87188, 22.303714 ], [ -97.871929, 22.303777 ], [ -97.871934, 22.303801 ], [ -97.872145, 22.304087 ], [ -97.872166, 22.304076 ], [ -97.872499, 22.304501 ], [ -97.872519, 22.304527 ], [ -97.872539, 22.304555 ], [ -97.87279, 22.304887 ], [ -97.872809, 22.304911 ], [ -97.87283, 22.30494 ], [ -97.873012, 22.30518 ], [ -97.873062, 22.305248 ], [ -97.873113, 22.305313 ], [ -97.873843, 22.306279 ], [ -97.873891, 22.306363 ], [ -97.873941, 22.306439 ], [ -97.874312, 22.306955 ], [ -97.874663, 22.307428 ], [ -97.874698, 22.307472 ], [ -97.874732, 22.30751 ], [ -97.875139, 22.307953 ], [ -97.87588, 22.307487 ], [ -97.875925, 22.307456 ], [ -97.87593, 22.307572 ], [ -97.87595, 22.308017 ], [ -97.875035, 22.308058 ], [ -97.875072, 22.308903 ], [ -97.875123, 22.310046 ], [ -97.875162, 22.310948 ], [ -97.875203, 22.311796 ], [ -97.875242, 22.312611 ], [ -97.874365, 22.312668 ], [ -97.873617, 22.312826 ], [ -97.873566, 22.312824 ], [ -97.873522, 22.313442 ], [ -97.872549, 22.31382 ], [ -97.871627, 22.314183 ], [ -97.870645, 22.314567 ], [ -97.869682, 22.31494 ], [ -97.86849, 22.315406 ], [ -97.868525, 22.31463 ], [ -97.868568, 22.31414 ], [ -97.868577, 22.314054 ], [ -97.868617, 22.31365 ], [ -97.868651, 22.313298 ], [ -97.868691, 22.312894 ], [ -97.86872, 22.312598 ], [ -97.868728, 22.312519 ], [ -97.868773, 22.312111 ], [ -97.868814, 22.311739 ], [ -97.868857, 22.311343 ], [ -97.868896, 22.310988 ], [ -97.868934, 22.310646 ], [ -97.868941, 22.310583 ], [ -97.868978, 22.310219 ], [ -97.869009, 22.309461 ], [ -97.869028, 22.309034 ], [ -97.869038, 22.308687 ], [ -97.869041, 22.308301 ], [ -97.869044, 22.307932 ], [ -97.869047, 22.307519 ], [ -97.86905, 22.307152 ], [ -97.869054, 22.306724 ], [ -97.869055, 22.306496 ], [ -97.869061, 22.305816 ], [ -97.869062, 22.305652 ], [ -97.869065, 22.305255 ], [ -97.869066, 22.305242 ], [ -97.869068, 22.305012 ], [ -97.869072, 22.304709 ], [ -97.869074, 22.304557 ], [ -97.869076, 22.304446 ], [ -97.869084, 22.304062 ], [ -97.869085, 22.304023 ], [ -97.869093, 22.303672 ], [ -97.869093, 22.303639 ], [ -97.869099, 22.303342 ] ] ] ] } },
{ "type": "Feature", "properties": { "CVEGEO": "2803800010904", "POB_TOT_20": 2696.0, "POB_MASC_2": 1292.0, "POB_FEM_20": 1404.0, "origen": "2803800010904", "viajes_od_totales_salientes": 144.64, "viajes-total_salientes": 3106.0, "viajes_od_totales_norm_salientes": 0.66629813893495482, "viajes-total_norm_salientes": 2.3512490537471611, "AE_por_fila_salientes": 0.017986731960862066, "SE_por_fila_salientes": 0.0018007032969968525, "APE_por_fila_salientes": 79.054203702634766, "destino": "2803800010904", "viajes_od_totales_entrantes": 157.48, "viajes-total_entrantes": 3056.0, "viajes_od_totales_norm_entrantes": 0.72544683987470049, "viajes-total_norm_entrantes": 2.3133989401968207, "AE_por_fila_entrantes": 0.020346839350985916, "SE_por_fila_entrantes": 0.002462080144305824, "APE_por_fila_entrantes": 91.472690493266953 }, "geometry": { "type": "MultiPolygon", "coordinates": [ [ [ [ -97.856475, 22.301268 ], [ -97.85675, 22.301308 ], [ -97.858482, 22.301597 ], [ -97.858508, 22.301598 ], [ -97.858534, 22.301598 ], [ -97.858996, 22.301661 ], [ -97.858972, 22.301706 ], [ -97.859831, 22.301857 ], [ -97.861154, 22.302078 ], [ -97.861076, 22.302494 ], [ -97.860988, 22.302958 ], [ -97.860799, 22.302924 ], [ -97.861136, 22.303675 ], [ -97.861587, 22.303509 ], [ -97.861946, 22.304462 ], [ -97.862245, 22.30524 ], [ -97.862673, 22.306339 ], [ -97.862274, 22.306479 ], [ -97.86213, 22.30653 ], [ -97.861864, 22.306624 ], [ -97.861425, 22.306778 ], [ -97.860966, 22.306941 ], [ -97.8608, 22.306999 ], [ -97.860504, 22.307103 ], [ -97.86014, 22.307232 ], [ -97.859457, 22.307475 ], [ -97.859355, 22.307511 ], [ -97.859085, 22.307603 ], [ -97.858157, 22.305356 ], [ -97.857898, 22.305461 ], [ -97.85772, 22.305031 ], [ -97.857677, 22.304915 ], [ -97.857391, 22.304215 ], [ -97.857643, 22.304104 ], [ -97.857402, 22.303507 ], [ -97.856475, 22.301268 ] ] ] ] } },
{ "type": "Feature", "properties": { "CVEGEO": "2803800010726", "POB_TOT_20": 5044.0, "POB_MASC_2": 2434.0, "POB_FEM_20": 2610.0, "origen": "2803800010726", "viajes_od_totales_salientes": 238.06, "viajes-total_salientes": 4552.0, "viajes_od_totales_norm_salientes": 1.0966463976414225, "viajes-total_norm_salientes": 3.445874337623013, "AE_por_fila_salientes": 0.02140716224786051, "SE_por_fila_salientes": 0.0011402182630045716, "APE_por_fila_salientes": 102.82897503852938, "destino": "2803800010726", "viajes_od_totales_entrantes": 200.14, "viajes-total_entrantes": 4715.0, "viajes_od_totales_norm_entrantes": 0.92196425281002392, "viajes-total_norm_entrantes": 3.5692657077971233, "AE_por_fila_entrantes": 0.020444620847225536, "SE_por_fila_entrantes": 0.0011263971879744866, "APE_por_fila_entrantes": 86.96724779412483 }, "geometry": { "type": "MultiPolygon", "coordinates": [ [ [ [ -97.85598, 22.300066 ], [ -97.856475, 22.301268 ], [ -97.857402, 22.303507 ], [ -97.857127, 22.303601 ], [ -97.857045, 22.303408 ], [ -97.856147, 22.303745 ], [ -97.855329, 22.304051 ], [ -97.855131, 22.304124 ], [ -97.854943, 22.304194 ], [ -97.854813, 22.304242 ], [ -97.854435, 22.304383 ], [ -97.853557, 22.304716 ], [ -97.852723, 22.305026 ], [ -97.851839, 22.30536 ], [ -97.85101, 22.305669 ], [ -97.85014, 22.305999 ], [ -97.849298, 22.306314 ], [ -97.849025, 22.305695 ], [ -97.849589, 22.304733 ], [ -97.849704, 22.304497 ], [ -97.849584, 22.304137 ], [ -97.84961, 22.304045 ], [ -97.849771, 22.30349 ], [ -97.849905, 22.303026 ], [ -97.849925, 22.302938 ], [ -97.850086, 22.302237 ], [ -97.850234, 22.30172 ], [ -97.850269, 22.301526 ], [ -97.850263, 22.301373 ], [ -97.850247, 22.300965 ], [ -97.85024, 22.300761 ], [ -97.850248, 22.300585 ], [ -97.850263, 22.300268 ], [ -97.850254, 22.300199 ], [ -97.850209, 22.299878 ], [ -97.85021, 22.299827 ], [ -97.850215, 22.299514 ], [ -97.850239, 22.299446 ], [ -97.850241, 22.299442 ], [ -97.850326, 22.299201 ], [ -97.8504, 22.299059 ], [ -97.850585, 22.298706 ], [ -97.850678, 22.298528 ], [ -97.850719, 22.298374 ], [ -97.850821, 22.297998 ], [ -97.850934, 22.297629 ], [ -97.851234, 22.296656 ], [ -97.851534, 22.295882 ], [ -97.851567, 22.295797 ], [ -97.851733, 22.29548 ], [ -97.852234, 22.29435 ], [ -97.852278, 22.294225 ], [ -97.852378, 22.293964 ], [ -97.852558, 22.293134 ], [ -97.852642, 22.29281 ], [ -97.852765, 22.2924 ], [ -97.852819, 22.292376 ], [ -97.853919, 22.295053 ], [ -97.854558, 22.296607 ], [ -97.855628, 22.299211 ], [ -97.85598, 22.300066 ] ] ] ] } },
{ "type": "Feature", "properties": { "CVEGEO": "2803800011245", "POB_TOT_20": 4419.0, "POB_MASC_2": 2119.0, "POB_FEM_20": 2300.0, "origen": "2803800011245", "viajes_od_totales_salientes": 477.5, "viajes-total_salientes": 5079.0, "viajes_od_totales_norm_salientes": 2.1996498986548736, "viajes-total_norm_salientes": 3.8448145344436035, "AE_por_fila_salientes": 0.021400733591797928, "SE_por_fila_salientes": 0.0011320492553317375, "APE_por_fila_salientes": 113.12965964684685, "destino": "2803800011245", "viajes_od_totales_entrantes": 85.46, "viajes-total_entrantes": 5266.0, "viajes_od_totales_norm_entrantes": 0.39367974940114242, "viajes-total_norm_entrantes": 3.9863739591218774, "AE_por_fila_entrantes": 0.02517973618511651, "SE_por_fila_entrantes": 0.0021904224386930073, "APE_por_fila_entrantes": 94.174286321827452 }, "geometry": { "type": "MultiPolygon", "coordinates": [ [ [ [ -97.884155, 22.30288 ], [ -97.884392, 22.30247 ], [ -97.884525, 22.302239 ], [ -97.884837, 22.301686 ], [ -97.88505, 22.301308 ], [ -97.885547, 22.300444 ], [ -97.885976, 22.2997 ], [ -97.885388, 22.299126 ], [ -97.884918, 22.298668 ], [ -97.884718, 22.29847 ], [ -97.884221, 22.297978 ], [ -97.884495, 22.297787 ], [ -97.884696, 22.297646 ], [ -97.884809, 22.297567 ], [ -97.884879, 22.297518 ], [ -97.884984, 22.297446 ], [ -97.885174, 22.297313 ], [ -97.885402, 22.297154 ], [ -97.885203, 22.296912 ], [ -97.885026, 22.296694 ], [ -97.884978, 22.296634 ], [ -97.884714, 22.296281 ], [ -97.884822, 22.296195 ], [ -97.885207, 22.295838 ], [ -97.885252, 22.295764 ], [ -97.885552, 22.29544 ], [ -97.886256, 22.29551 ], [ -97.886877, 22.295664 ], [ -97.887336, 22.295881 ], [ -97.887746, 22.296105 ], [ -97.888131, 22.296264 ], [ -97.888506, 22.296436 ], [ -97.888767, 22.296559 ], [ -97.888871, 22.296615 ], [ -97.88986, 22.297156 ], [ -97.889642, 22.297267 ], [ -97.889402, 22.297411 ], [ -97.889705, 22.298021 ], [ -97.88942, 22.298193 ], [ -97.889136, 22.298365 ], [ -97.889027, 22.298427 ], [ -97.888809, 22.298552 ], [ -97.888428, 22.298768 ], [ -97.888148, 22.298928 ], [ -97.887907, 22.299075 ], [ -97.887736, 22.29928 ], [ -97.88765, 22.299415 ], [ -97.887452, 22.299734 ], [ -97.888212, 22.300085 ], [ -97.888004, 22.300447 ], [ -97.887812, 22.300781 ], [ -97.88862, 22.301209 ], [ -97.88861, 22.301254 ], [ -97.888445, 22.301551 ], [ -97.88809, 22.301378 ], [ -97.887625, 22.302185 ], [ -97.887421, 22.302537 ], [ -97.886825, 22.303563 ], [ -97.886409, 22.30339 ], [ -97.885988, 22.303203 ], [ -97.885575, 22.303019 ], [ -97.885473, 22.303117 ], [ -97.885396, 22.303187 ], [ -97.884534, 22.302974 ], [ -97.884155, 22.30288 ] ] ] ] } },
{ "type": "Feature", "properties": { "CVEGEO": "2803800010603", "POB_TOT_20": 3188.0, "POB_MASC_2": 1499.0, "POB_FEM_20": 1689.0, "origen": "2803800010603", "viajes_od_totales_salientes": 368.54, "viajes-total_salientes": 4443.0, "viajes_od_totales_norm_salientes": 1.6977151280633866, "viajes-total_norm_salientes": 3.3633610900832704, "AE_por_fila_salientes": 0.022751335130556175, "SE_por_fila_salientes": 0.0021531304510875419, "APE_por_fila_salientes": 88.897551759310744, "destino": "2803800010603", "viajes_od_totales_entrantes": 294.42, "viajes-total_entrantes": 4666.0, "viajes_od_totales_norm_entrantes": 1.3562741846323936, "viajes-total_norm_entrantes": 3.5321725965177895, "AE_por_fila_entrantes": 0.017317671373083262, "SE_por_fila_entrantes": 0.00080662494991982187, "APE_por_fila_entrantes": 87.72445232019524 }, "geometry": { "type": "MultiPolygon", "coordinates": [ [ [ [ -97.86849, 22.315406 ], [ -97.869682, 22.31494 ], [ -97.870645, 22.314567 ], [ -97.871627, 22.314183 ], [ -97.872549, 22.31382 ], [ -97.873522, 22.313442 ], [ -97.873566, 22.312824 ], [ -97.873617, 22.312826 ], [ -97.874365, 22.312668 ], [ -97.875242, 22.312611 ], [ -97.876159, 22.312552 ], [ -97.877285, 22.312479 ], [ -97.878168, 22.312424 ], [ -97.878846, 22.312382 ], [ -97.879905, 22.312319 ], [ -97.879876, 22.312412 ], [ -97.87963, 22.313187 ], [ -97.879329, 22.314148 ], [ -97.879301, 22.314235 ], [ -97.879078, 22.314949 ], [ -97.878996, 22.315211 ], [ -97.878746, 22.316008 ], [ -97.878495, 22.316806 ], [ -97.878352, 22.317259 ], [ -97.878337, 22.317309 ], [ -97.878185, 22.31779 ], [ -97.878074, 22.317767 ], [ -97.876921, 22.31776 ], [ -97.87639, 22.317755 ], [ -97.875483, 22.317721 ], [ -97.874611, 22.317672 ], [ -97.874595, 22.317292 ], [ -97.874591, 22.317067 ], [ -97.873511, 22.31714 ], [ -97.873461, 22.31714 ], [ -97.873465, 22.317203 ], [ -97.872536, 22.317242 ], [ -97.871645, 22.31723 ], [ -97.870619, 22.317202 ], [ -97.870127, 22.317175 ], [ -97.869864, 22.316851 ], [ -97.869712, 22.316833 ], [ -97.868483, 22.316834 ], [ -97.868469, 22.316647 ], [ -97.86849, 22.315406 ] ] ] ] } },
{ "type": "Feature", "properties": { "CVEGEO": "2803800010552", "POB_TOT_20": 1913.0, "POB_MASC_2": 900.0, "POB_FEM_20": 1013.0, "origen": "2803800010552", "viajes_od_totales_salientes": 90.46, "viajes-total_salientes": 3705.0, "viajes_od_totales_norm_salientes": 0.41671273263313063, "viajes-total_norm_salientes": 2.804693414080242, "AE_por_fila_salientes": 0.023579472201576, "SE_por_fila_salientes": 0.0017605458867719383, "APE_por_fila_salientes": 89.001317114180424, "destino": "2803800010552", "viajes_od_totales_entrantes": 245.8, "viajes-total_entrantes": 3765.0, "viajes_od_totales_norm_entrantes": 1.1323014556845401, "viajes-total_norm_entrantes": 2.8501135503406512, "AE_por_fila_entrantes": 0.025359201764157242, "SE_por_fila_entrantes": 0.0024022197138834521, "APE_por_fila_entrantes": 95.675861074109648 }, "geometry": { "type": "MultiPolygon", "coordinates": [ [ [ [ -97.868568, 22.31414 ], [ -97.868525, 22.31463 ], [ -97.86849, 22.315406 ], [ -97.868469, 22.316647 ], [ -97.868483, 22.316834 ], [ -97.868487, 22.316895 ], [ -97.868756, 22.317907 ], [ -97.868928, 22.318623 ], [ -97.869108, 22.319498 ], [ -97.869162, 22.319763 ], [ -97.869541, 22.321614 ], [ -97.87005, 22.323508 ], [ -97.870167, 22.32383 ], [ -97.868917, 22.323943 ], [ -97.868003, 22.324027 ], [ -97.867763, 22.324047 ], [ -97.867618, 22.324059 ], [ -97.867166, 22.324098 ], [ -97.867125, 22.324101 ], [ -97.866659, 22.324143 ], [ -97.866372, 22.324168 ], [ -97.866228, 22.324181 ], [ -97.865807, 22.324213 ], [ -97.865089, 22.322465 ], [ -97.864922, 22.322078 ], [ -97.862399, 22.315653 ], [ -97.862351, 22.315538 ], [ -97.862134, 22.315012 ], [ -97.862314, 22.314945 ], [ -97.86274, 22.314787 ], [ -97.863144, 22.314636 ], [ -97.863274, 22.314588 ], [ -97.863514, 22.314503 ], [ -97.864274, 22.314233 ], [ -97.86482, 22.314051 ], [ -97.864883, 22.314398 ], [ -97.864954, 22.314787 ], [ -97.865033, 22.315215 ], [ -97.865103, 22.315562 ], [ -97.865964, 22.315215 ], [ -97.866986, 22.314803 ], [ -97.867692, 22.314522 ], [ -97.867902, 22.314431 ], [ -97.868568, 22.31414 ] ] ] ] } },
{ "type": "Feature", "properties": { "CVEGEO": "2803800010887", "POB_TOT_20": 2003.0, "POB_MASC_2": 936.0, "POB_FEM_20": 1067.0, "origen": "2803800010887", "viajes_od_totales_salientes": 114.4, "viajes-total_salientes": 2325.0, "viajes_od_totales_norm_salientes": 0.52699465634789011, "viajes-total_norm_salientes": 1.7600302800908403, "AE_por_fila_salientes": 0.016763980741649576, "SE_por_fila_salientes": 0.00071345141416844459, "APE_por_fila_salientes": 84.552103875860368, "destino": "2803800010887", "viajes_od_totales_entrantes": 208.3, "viajes-total_entrantes": 2467.0, "viajes_od_totales_norm_entrantes": 0.95955408144462861, "viajes-total_norm_entrantes": 1.8675246025738077, "AE_por_fila_entrantes": 0.021060666371625247, "SE_por_fila_entrantes": 0.0020405177935827524, "APE_por_fila_entrantes": 121.26011520086529 }, "geometry": { "type": "MultiPolygon", "coordinates": [ [ [ [ -97.859085, 22.307603 ], [ -97.859355, 22.307511 ], [ -97.859457, 22.307475 ], [ -97.86014, 22.307232 ], [ -97.860504, 22.307103 ], [ -97.8608, 22.306999 ], [ -97.860966, 22.306941 ], [ -97.861425, 22.306778 ], [ -97.861864, 22.306624 ], [ -97.86213, 22.30653 ], [ -97.862274, 22.306479 ], [ -97.862673, 22.306339 ], [ -97.862787, 22.306299 ], [ -97.863165, 22.306167 ], [ -97.863554, 22.306031 ], [ -97.863634, 22.30645 ], [ -97.863744, 22.307062 ], [ -97.863864, 22.30774 ], [ -97.863896, 22.307932 ], [ -97.863772, 22.308031 ], [ -97.863814, 22.308281 ], [ -97.863834, 22.308399 ], [ -97.863883, 22.308695 ], [ -97.86394, 22.30904 ], [ -97.863961, 22.309171 ], [ -97.86404, 22.309626 ], [ -97.864046, 22.309662 ], [ -97.86412, 22.310095 ], [ -97.862994, 22.310491 ], [ -97.861781, 22.310926 ], [ -97.860804, 22.311278 ], [ -97.860623, 22.311344 ], [ -97.86026, 22.310478 ], [ -97.859381, 22.308329 ], [ -97.859085, 22.307603 ] ] ] ] } },
{ "type": "Feature", "properties": { "CVEGEO": "2803800010694", "POB_TOT_20": 4942.0, "POB_MASC_2": 2374.0, "POB_FEM_20": 2568.0, "origen": "2803800010694", "viajes_od_totales_salientes": 298.82, "viajes-total_salientes": 3492.0, "viajes_od_totales_norm_salientes": 1.3765432098765431, "viajes-total_norm_salientes": 2.6434519303557913, "AE_por_fila_salientes": 0.016324542937524791, "SE_por_fila_salientes": 0.00062025535769876135, "APE_por_fila_salientes": 86.222616974650819, "destino": "2803800010694", "viajes_od_totales_entrantes": 249.86, "viajes-total_entrantes": 3772.0, "viajes_od_totales_norm_entrantes": 1.1510042380689147, "viajes-total_norm_entrantes": 2.8554125662376988, "AE_por_fila_entrantes": 0.016998658000537872, "SE_por_fila_entrantes": 0.00083314616534623442, "APE_por_fila_entrantes": 85.455354300035452 }, "geometry": { "type": "MultiPolygon", "coordinates": [ [ [ [ -97.857402, 22.303507 ], [ -97.857643, 22.304104 ], [ -97.857391, 22.304215 ], [ -97.857677, 22.304915 ], [ -97.85772, 22.305031 ], [ -97.857898, 22.305461 ], [ -97.858157, 22.305356 ], [ -97.859085, 22.307603 ], [ -97.859381, 22.308329 ], [ -97.859115, 22.308421 ], [ -97.858174, 22.308737 ], [ -97.857831, 22.308848 ], [ -97.857355, 22.309004 ], [ -97.856893, 22.309157 ], [ -97.856428, 22.309314 ], [ -97.85596, 22.309472 ], [ -97.85558, 22.3096 ], [ -97.855491, 22.309632 ], [ -97.854997, 22.309805 ], [ -97.854709, 22.309905 ], [ -97.854547, 22.309962 ], [ -97.854403, 22.310011 ], [ -97.854072, 22.310125 ], [ -97.853848, 22.310201 ], [ -97.853023, 22.310489 ], [ -97.852973, 22.310506 ], [ -97.852107, 22.310806 ], [ -97.851236, 22.311089 ], [ -97.850421, 22.311353 ], [ -97.850379, 22.311227 ], [ -97.850219, 22.310752 ], [ -97.850047, 22.310237 ], [ -97.849933, 22.3099 ], [ -97.849887, 22.309759 ], [ -97.849737, 22.309296 ], [ -97.849363, 22.308177 ], [ -97.849084, 22.30741 ], [ -97.849077, 22.307391 ], [ -97.849065, 22.307358 ], [ -97.848884, 22.306863 ], [ -97.848774, 22.306538 ], [ -97.848765, 22.306511 ], [ -97.848697, 22.306269 ], [ -97.849025, 22.305695 ], [ -97.849298, 22.306314 ], [ -97.85014, 22.305999 ], [ -97.85101, 22.305669 ], [ -97.851839, 22.30536 ], [ -97.852723, 22.305026 ], [ -97.853557, 22.304716 ], [ -97.854435, 22.304383 ], [ -97.854813, 22.304242 ], [ -97.854943, 22.304194 ], [ -97.855131, 22.304124 ], [ -97.855329, 22.304051 ], [ -97.856147, 22.303745 ], [ -97.857045, 22.303408 ], [ -97.857127, 22.303601 ], [ -97.857402, 22.303507 ] ] ] ] } },
{ "type": "Feature", "properties": { "CVEGEO": "280090001107A", "POB_TOT_20": 3082.0, "POB_MASC_2": 1462.0, "POB_FEM_20": 1620.0, "origen": "280090001107A", "viajes_od_totales_salientes": 80.3, "viajes-total_salientes": 3569.0, "viajes_od_totales_norm_salientes": 0.36990971070573059, "viajes-total_norm_salientes": 2.7017411052233156, "AE_por_fila_salientes": 0.020812405599280045, "SE_por_fila_salientes": 0.0013914071532673765, "APE_por_fila_salientes": 85.514184577861428, "destino": null, "viajes_od_totales_entrantes": null, "viajes-total_entrantes": null, "viajes_od_totales_norm_entrantes": null, "viajes-total_norm_entrantes": null, "AE_por_fila_entrantes": null, "SE_por_fila_entrantes": null, "APE_por_fila_entrantes": null }, "geometry": { "type": "MultiPolygon", "coordinates": [ [ [ [ -97.850086, 22.302237 ], [ -97.849925, 22.302938 ], [ -97.849905, 22.303026 ], [ -97.849771, 22.30349 ], [ -97.84961, 22.304045 ], [ -97.849584, 22.304137 ], [ -97.849704, 22.304497 ], [ -97.849589, 22.304733 ], [ -97.849025, 22.305695 ], [ -97.848697, 22.306269 ], [ -97.848589, 22.305917 ], [ -97.848176, 22.306058 ], [ -97.847814, 22.30619 ], [ -97.847793, 22.306222 ], [ -97.847994, 22.306798 ], [ -97.847904, 22.306832 ], [ -97.847137, 22.307123 ], [ -97.847026, 22.306854 ], [ -97.846998, 22.306793 ], [ -97.846759, 22.306238 ], [ -97.846452, 22.305631 ], [ -97.84627, 22.305217 ], [ -97.846215, 22.305091 ], [ -97.845864, 22.304347 ], [ -97.84546, 22.303488 ], [ -97.845106, 22.303503 ], [ -97.84451, 22.303525 ], [ -97.844493, 22.303077 ], [ -97.844481, 22.302616 ], [ -97.844476, 22.302189 ], [ -97.844464, 22.301757 ], [ -97.844443, 22.3013 ], [ -97.844429, 22.300835 ], [ -97.84432, 22.300838 ], [ -97.844211, 22.300732 ], [ -97.844218, 22.300609 ], [ -97.844605, 22.300425 ], [ -97.845913, 22.300412 ], [ -97.847458, 22.300393 ], [ -97.847464, 22.300777 ], [ -97.847467, 22.30115 ], [ -97.84747, 22.30154 ], [ -97.848822, 22.301516 ], [ -97.849533, 22.301506 ], [ -97.849598, 22.301893 ], [ -97.849649, 22.302246 ], [ -97.849543, 22.302291 ], [ -97.848834, 22.302604 ], [ -97.848623, 22.302697 ], [ -97.847494, 22.303192 ], [ -97.847374, 22.303243 ], [ -97.847374, 22.303422 ], [ -97.847444, 22.303442 ], [ -97.847501, 22.303429 ], [ -97.848104, 22.303151 ], [ -97.848835, 22.30281 ], [ -97.849605, 22.302463 ], [ -97.849848, 22.302353 ], [ -97.850086, 22.302237 ] ] ] ] } },
{ "type": "Feature", "properties": { "CVEGEO": "2803800010995", "POB_TOT_20": 3162.0, "POB_MASC_2": 1483.0, "POB_FEM_20": 1679.0, "origen": "2803800010995", "viajes_od_totales_salientes": 77.12, "viajes-total_salientes": 2761.0, "viajes_od_totales_norm_salientes": 0.3552607333701861, "viajes-total_norm_salientes": 2.0900832702498109, "AE_por_fila_salientes": 0.019377571880847412, "SE_por_fila_salientes": 0.00093827451168835435, "APE_por_fila_salientes": 94.823002597361139, "destino": "2803800010995", "viajes_od_totales_entrantes": 65.28, "viajes-total_entrantes": 2711.0, "viajes_od_totales_norm_entrantes": 0.300718629076838, "viajes-total_norm_entrantes": 2.05223315669947, "AE_por_fila_entrantes": 0.017435273168661131, "SE_por_fila_entrantes": 0.00081587216744384485, "APE_por_fila_entrantes": 91.108835955360831 }, "geometry": { "type": "MultiPolygon", "coordinates": [ [ [ [ -97.857696, 22.299463 ], [ -97.856195, 22.299988 ], [ -97.85598, 22.300066 ], [ -97.855628, 22.299211 ], [ -97.854558, 22.296607 ], [ -97.853919, 22.295053 ], [ -97.852819, 22.292376 ], [ -97.853, 22.292297 ], [ -97.853032, 22.291865 ], [ -97.853056, 22.29172 ], [ -97.853156, 22.291103 ], [ -97.853297, 22.29026 ], [ -97.85342, 22.289602 ], [ -97.853457, 22.289406 ], [ -97.853904, 22.287474 ], [ -97.85393, 22.287363 ], [ -97.853937, 22.287332 ], [ -97.853979, 22.287155 ], [ -97.854027, 22.286914 ], [ -97.854065, 22.286722 ], [ -97.85412, 22.286443 ], [ -97.854122, 22.28643 ], [ -97.854153, 22.286007 ], [ -97.854197, 22.285465 ], [ -97.854192, 22.284989 ], [ -97.854192, 22.284967 ], [ -97.854219, 22.283805 ], [ -97.854226, 22.283568 ], [ -97.85422, 22.283405 ], [ -97.854184, 22.283264 ], [ -97.854067, 22.282805 ], [ -97.85399, 22.282505 ], [ -97.853971, 22.282423 ], [ -97.853879, 22.282035 ], [ -97.853834, 22.281847 ], [ -97.853843, 22.281693 ], [ -97.85385, 22.281529 ], [ -97.853863, 22.281311 ], [ -97.853869, 22.281277 ], [ -97.854632, 22.281413 ], [ -97.855503, 22.281571 ], [ -97.855885, 22.281651 ], [ -97.856321, 22.281734 ], [ -97.856258, 22.281809 ], [ -97.857862, 22.28209 ], [ -97.857951, 22.282135 ], [ -97.858303, 22.282628 ], [ -97.856733, 22.283626 ], [ -97.859876, 22.287793 ], [ -97.857457, 22.290174 ], [ -97.857409, 22.290293 ], [ -97.856705, 22.290988 ], [ -97.856153, 22.291514 ], [ -97.856211, 22.29165 ], [ -97.856387, 22.292095 ], [ -97.85655, 22.292516 ], [ -97.856726, 22.292973 ], [ -97.856892, 22.293389 ], [ -97.857061, 22.293814 ], [ -97.857227, 22.29423 ], [ -97.857409, 22.294671 ], [ -97.855902, 22.295192 ], [ -97.856253, 22.296044 ], [ -97.85644, 22.296486 ], [ -97.856615, 22.29689 ], [ -97.85679, 22.297311 ], [ -97.856973, 22.297751 ], [ -97.857139, 22.298144 ], [ -97.857333, 22.298604 ], [ -97.857508, 22.299018 ], [ -97.857696, 22.299463 ] ] ] ] } },
{ "type": "Feature", "properties": { "CVEGEO": "2800900010955", "POB_TOT_20": 3061.0, "POB_MASC_2": 1487.0, "POB_FEM_20": 1574.0, "origen": "2800900010955", "viajes_od_totales_salientes": 343.3, "viajes-total_salientes": 6156.0, "viajes_od_totales_norm_salientes": 1.5814446287083104, "viajes-total_norm_salientes": 4.6601059803179412, "AE_por_fila_salientes": 0.023983927522693446, "SE_por_fila_salientes": 0.0015735989329227645, "APE_por_fila_salientes": 79.752908007056135, "destino": "2800900010955", "viajes_od_totales_entrantes": 24.88, "viajes-total_entrantes": 6410.0, "viajes_od_totales_norm_entrantes": 0.11461212456237332, "viajes-total_norm_entrantes": 4.8523845571536715, "AE_por_fila_entrantes": 0.031169555477574332, "SE_por_fila_entrantes": 0.0022903345209309388, "APE_por_fila_entrantes": 96.002786466297977 }, "geometry": { "type": "MultiPolygon", "coordinates": [ [ [ [ -97.853863, 22.281311 ], [ -97.85385, 22.281529 ], [ -97.853843, 22.281693 ], [ -97.853834, 22.281847 ], [ -97.853879, 22.282035 ], [ -97.853971, 22.282423 ], [ -97.85399, 22.282505 ], [ -97.854067, 22.282805 ], [ -97.854184, 22.283264 ], [ -97.85422, 22.283405 ], [ -97.854226, 22.283568 ], [ -97.854219, 22.283805 ], [ -97.854192, 22.284967 ], [ -97.854192, 22.284989 ], [ -97.854197, 22.285465 ], [ -97.854153, 22.286007 ], [ -97.854122, 22.28643 ], [ -97.85412, 22.286443 ], [ -97.854065, 22.286722 ], [ -97.854027, 22.286914 ], [ -97.853979, 22.287155 ], [ -97.853937, 22.287332 ], [ -97.85393, 22.287363 ], [ -97.853904, 22.287474 ], [ -97.853457, 22.289406 ], [ -97.85342, 22.289602 ], [ -97.853297, 22.29026 ], [ -97.853156, 22.291103 ], [ -97.853056, 22.29172 ], [ -97.853032, 22.291865 ], [ -97.853, 22.292297 ], [ -97.852819, 22.292376 ], [ -97.852765, 22.2924 ], [ -97.852642, 22.29281 ], [ -97.852096, 22.291484 ], [ -97.851534, 22.29012 ], [ -97.851224, 22.289373 ], [ -97.851167, 22.289246 ], [ -97.851006, 22.288781 ], [ -97.850695, 22.287841 ], [ -97.850484, 22.287198 ], [ -97.84986, 22.285597 ], [ -97.84944, 22.284519 ], [ -97.849031, 22.283547 ], [ -97.848721, 22.282809 ], [ -97.848199, 22.281534 ], [ -97.848086, 22.281266 ], [ -97.848243, 22.281212 ], [ -97.848387, 22.281164 ], [ -97.849285, 22.280886 ], [ -97.849518, 22.280382 ], [ -97.849656, 22.280003 ], [ -97.849741, 22.280158 ], [ -97.849878, 22.280361 ], [ -97.85004, 22.280545 ], [ -97.85019, 22.280667 ], [ -97.850294, 22.280714 ], [ -97.850689, 22.28087 ], [ -97.850964, 22.280953 ], [ -97.851187, 22.280991 ], [ -97.851487, 22.281017 ], [ -97.852092, 22.281108 ], [ -97.85267, 22.281171 ], [ -97.85328, 22.281244 ], [ -97.853863, 22.281311 ] ] ] ] } },
{ "type": "Feature", "properties": { "CVEGEO": "2800900011099", "POB_TOT_20": 2205.0, "POB_MASC_2": 1121.0, "POB_FEM_20": 1084.0, "origen": "2800900011099", "viajes_od_totales_salientes": 38.52, "viajes-total_salientes": 3522.0, "viajes_od_totales_norm_salientes": 0.17744610281923714, "viajes-total_norm_salientes": 2.6661619984859954, "AE_por_fila_salientes": 0.020100505828146539, "SE_por_fila_salientes": 0.0012319617600764425, "APE_por_fila_salientes": 92.268528611120587, "destino": "2800900011099", "viajes_od_totales_entrantes": 8.28, "viajes-total_entrantes": 3734.0, "viajes_od_totales_norm_entrantes": 0.038142620232172471, "viajes-total_norm_entrantes": 2.82664647993944, "AE_por_fila_entrantes": 0.019500026990959912, "SE_por_fila_entrantes": 0.0010116010429530018, "APE_por_fila_entrantes": 97.185167766907796 }, "geometry": { "type": "MultiPolygon", "coordinates": [ [ [ [ -97.847518, 22.296858 ], [ -97.847512, 22.296718 ], [ -97.847536, 22.296358 ], [ -97.847536, 22.296337 ], [ -97.847537, 22.296312 ], [ -97.847543, 22.296097 ], [ -97.847543, 22.296063 ], [ -97.847542, 22.295969 ], [ -97.847688, 22.29535 ], [ -97.847721, 22.295202 ], [ -97.847946, 22.294612 ], [ -97.848099, 22.29422 ], [ -97.849907, 22.294204 ], [ -97.84991, 22.294167 ], [ -97.850977, 22.294169 ], [ -97.850964, 22.29423 ], [ -97.851072, 22.294231 ], [ -97.851143, 22.294232 ], [ -97.851263, 22.29423 ], [ -97.852278, 22.294225 ], [ -97.852234, 22.29435 ], [ -97.851733, 22.29548 ], [ -97.851567, 22.295797 ], [ -97.851534, 22.295882 ], [ -97.851234, 22.296656 ], [ -97.850934, 22.297629 ], [ -97.850821, 22.297998 ], [ -97.850719, 22.298374 ], [ -97.850678, 22.298528 ], [ -97.850585, 22.298706 ], [ -97.8504, 22.299059 ], [ -97.850326, 22.299201 ], [ -97.850241, 22.299442 ], [ -97.850239, 22.299446 ], [ -97.850215, 22.299514 ], [ -97.85021, 22.299827 ], [ -97.850209, 22.299878 ], [ -97.850254, 22.300199 ], [ -97.850263, 22.300268 ], [ -97.850248, 22.300585 ], [ -97.85024, 22.300761 ], [ -97.850247, 22.300965 ], [ -97.850263, 22.301373 ], [ -97.850269, 22.301526 ], [ -97.850234, 22.30172 ], [ -97.850086, 22.302237 ], [ -97.849848, 22.302353 ], [ -97.849605, 22.302463 ], [ -97.848835, 22.30281 ], [ -97.848104, 22.303151 ], [ -97.847501, 22.303429 ], [ -97.847444, 22.303442 ], [ -97.847374, 22.303422 ], [ -97.847374, 22.303243 ], [ -97.847494, 22.303192 ], [ -97.848623, 22.302697 ], [ -97.848834, 22.302604 ], [ -97.849543, 22.302291 ], [ -97.849649, 22.302246 ], [ -97.849598, 22.301893 ], [ -97.849533, 22.301506 ], [ -97.848822, 22.301516 ], [ -97.84747, 22.30154 ], [ -97.847467, 22.30115 ], [ -97.847464, 22.300777 ], [ -97.847458, 22.300393 ], [ -97.847455, 22.30001 ], [ -97.847449, 22.299639 ], [ -97.847449, 22.299605 ], [ -97.847444, 22.299257 ], [ -97.847441, 22.298886 ], [ -97.847437, 22.298789 ], [ -97.847472, 22.298388 ], [ -97.847501, 22.298009 ], [ -97.847532, 22.297626 ], [ -97.847565, 22.297235 ], [ -97.847596, 22.296862 ], [ -97.847518, 22.296858 ] ] ] ] } },
{ "type": "Feature", "properties": { "CVEGEO": "2800900010480", "POB_TOT_20": 3013.0, "POB_MASC_2": 1375.0, "POB_FEM_20": 1638.0, "origen": "2800900010480", "viajes_od_totales_salientes": 174.22, "viajes-total_salientes": 6725.0, "viajes_od_totales_norm_salientes": 0.80256126773539704, "viajes-total_norm_salientes": 5.0908402725208175, "AE_por_fila_salientes": 0.030949022774810566, "SE_por_fila_salientes": 0.0030048499724043064, "APE_por_fila_salientes": 83.151000682070034, "destino": "2800900010480", "viajes_od_totales_entrantes": 52.8, "viajes-total_entrantes": 7209.0, "viajes_od_totales_norm_entrantes": 0.24322830292979547, "viajes-total_norm_entrantes": 5.4572293716881148, "AE_por_fila_entrantes": 0.034760007125055462, "SE_por_fila_entrantes": 0.0036546542544645265, "APE_por_fila_entrantes": 96.96287130756771 }, "geometry": { "type": "MultiPolygon", "coordinates": [ [ [ [ -97.842346, 22.28808 ], [ -97.842192, 22.288323 ], [ -97.842147, 22.288357 ], [ -97.842086, 22.288386 ], [ -97.842016, 22.288403 ], [ -97.841957, 22.288402 ], [ -97.841907, 22.288392 ], [ -97.841859, 22.288375 ], [ -97.841815, 22.288347 ], [ -97.841775, 22.28831 ], [ -97.84174, 22.288258 ], [ -97.841712, 22.288211 ], [ -97.841687, 22.288161 ], [ -97.841628, 22.288035 ], [ -97.84151, 22.287441 ], [ -97.841464, 22.287131 ], [ -97.841461, 22.287113 ], [ -97.841397, 22.286791 ], [ -97.841328, 22.28642 ], [ -97.841261, 22.286111 ], [ -97.841192, 22.285864 ], [ -97.841092, 22.285533 ], [ -97.840862, 22.284776 ], [ -97.840723, 22.284361 ], [ -97.840591, 22.283927 ], [ -97.840568, 22.283905 ], [ -97.840359, 22.283684 ], [ -97.840255, 22.283574 ], [ -97.840215, 22.283424 ], [ -97.840154, 22.283259 ], [ -97.840061, 22.283079 ], [ -97.839687, 22.282837 ], [ -97.839018, 22.282413 ], [ -97.839398, 22.281467 ], [ -97.840116, 22.281698 ], [ -97.840823, 22.281919 ], [ -97.841544, 22.282149 ], [ -97.842261, 22.282378 ], [ -97.842933, 22.282613 ], [ -97.843645, 22.282844 ], [ -97.844372, 22.283085 ], [ -97.845126, 22.283334 ], [ -97.845826, 22.283563 ], [ -97.846546, 22.283806 ], [ -97.847212, 22.284032 ], [ -97.847954, 22.28427 ], [ -97.848674, 22.284509 ], [ -97.847946, 22.28637 ], [ -97.84783, 22.286678 ], [ -97.847799, 22.286758 ], [ -97.847733, 22.286932 ], [ -97.847633, 22.287196 ], [ -97.84757, 22.287364 ], [ -97.847269, 22.288154 ], [ -97.847246, 22.288215 ], [ -97.847125, 22.288527 ], [ -97.847007, 22.288503 ], [ -97.846473, 22.288396 ], [ -97.846391, 22.288378 ], [ -97.845991, 22.288295 ], [ -97.845644, 22.288226 ], [ -97.845353, 22.288178 ], [ -97.844911, 22.288106 ], [ -97.844737, 22.288078 ], [ -97.844129, 22.287974 ], [ -97.84351, 22.287874 ], [ -97.843417, 22.287859 ], [ -97.842934, 22.287799 ], [ -97.842827, 22.287782 ], [ -97.842541, 22.287737 ], [ -97.842522, 22.28777 ], [ -97.842346, 22.28808 ] ] ] ] } },
{ "type": "Feature", "properties": { "CVEGEO": "2800900010461", "POB_TOT_20": 3362.0, "POB_MASC_2": 1554.0, "POB_FEM_20": 1808.0, "origen": "2800900010461", "viajes_od_totales_salientes": 210.56, "viajes-total_salientes": 8148.0, "viajes_od_totales_norm_salientes": 0.96996498986548729, "viajes-total_norm_salientes": 6.1680545041635124, "AE_por_fila_salientes": 0.03201282388186534, "SE_por_fila_salientes": 0.003110051795478996, "APE_por_fila_salientes": 83.767768510108269, "destino": "2800900010461", "viajes_od_totales_entrantes": 35.74, "viajes-total_entrantes": 8212.0, "viajes_od_totales_norm_entrantes": 0.1646397641422517, "viajes-total_norm_entrantes": 6.2165026495079481, "AE_por_fila_entrantes": 0.035599193443327633, "SE_por_fila_entrantes": 0.0035765030228063635, "APE_por_fila_entrantes": 97.30309493759836 }, "geometry": { "type": "MultiPolygon", "coordinates": [ [ [ [ -97.842346, 22.28808 ], [ -97.842522, 22.28777 ], [ -97.842541, 22.287737 ], [ -97.842827, 22.287782 ], [ -97.842934, 22.287799 ], [ -97.843051, 22.2894 ], [ -97.843649, 22.28936 ], [ -97.844254, 22.289309 ], [ -97.84485, 22.289269 ], [ -97.845444, 22.289218 ], [ -97.846057, 22.28917 ], [ -97.846556, 22.289131 ], [ -97.847058, 22.289091 ], [ -97.847576, 22.289051 ], [ -97.84806, 22.289009 ], [ -97.848566, 22.288972 ], [ -97.84906, 22.288934 ], [ -97.849552, 22.288894 ], [ -97.85007, 22.288853 ], [ -97.850586, 22.288813 ], [ -97.851006, 22.288781 ], [ -97.851167, 22.289246 ], [ -97.851224, 22.289373 ], [ -97.851534, 22.29012 ], [ -97.852096, 22.291484 ], [ -97.850833, 22.291581 ], [ -97.850343, 22.291619 ], [ -97.849834, 22.291662 ], [ -97.849342, 22.291703 ], [ -97.848837, 22.291746 ], [ -97.848336, 22.291787 ], [ -97.847848, 22.291827 ], [ -97.847312, 22.291871 ], [ -97.846801, 22.291906 ], [ -97.846291, 22.291939 ], [ -97.845683, 22.291986 ], [ -97.845118, 22.29203 ], [ -97.844495, 22.292069 ], [ -97.84391, 22.292114 ], [ -97.843301, 22.29216 ], [ -97.842765, 22.292201 ], [ -97.842746, 22.291926 ], [ -97.842243, 22.291872 ], [ -97.842282, 22.292794 ], [ -97.841869, 22.292832 ], [ -97.84183, 22.292812 ], [ -97.841811, 22.29258 ], [ -97.841785, 22.292182 ], [ -97.841766, 22.291815 ], [ -97.841763, 22.291792 ], [ -97.841718, 22.290913 ], [ -97.841738, 22.290324 ], [ -97.841765, 22.290283 ], [ -97.841814, 22.290033 ], [ -97.841788, 22.28986 ], [ -97.841794, 22.289823 ], [ -97.842594, 22.289849 ], [ -97.84254, 22.289429 ], [ -97.842486, 22.289008 ], [ -97.842346, 22.28808 ] ] ] ] } },
{ "type": "Feature", "properties": { "CVEGEO": "2800900010508", "POB_TOT_20": 2507.0, "POB_MASC_2": 1178.0, "POB_FEM_20": 1329.0, "origen": "2800900010508", "viajes_od_totales_salientes": 161.06, "viajes-total_salientes": 9092.0, "viajes_od_totales_norm_salientes": 0.74193845586880414, "viajes-total_norm_salientes": 6.882664647993944, "AE_por_fila_salientes": 0.038252656034218548, "SE_por_fila_salientes": 0.0051291529423824513, "APE_por_fila_salientes": 86.815953531768088, "destino": "2800900010508", "viajes_od_totales_entrantes": 304.56, "viajes-total_entrantes": 9761.0, "viajes_od_totales_norm_entrantes": 1.4029850746268657, "viajes-total_norm_entrantes": 7.3890991672975019, "AE_por_fila_entrantes": 0.038157572228082831, "SE_por_fila_entrantes": 0.0045789539372697776, "APE_por_fila_entrantes": 91.936093873372457 }, "geometry": { "type": "MultiPolygon", "coordinates": [ [ [ [ -97.839018, 22.282413 ], [ -97.838355, 22.281995 ], [ -97.838193, 22.281896 ], [ -97.83772, 22.28159 ], [ -97.837345, 22.281343 ], [ -97.837083, 22.281181 ], [ -97.837151, 22.281035 ], [ -97.837071, 22.280964 ], [ -97.836957, 22.280462 ], [ -97.83693, 22.280251 ], [ -97.836928, 22.280141 ], [ -97.836958, 22.280065 ], [ -97.837109, 22.279794 ], [ -97.837305, 22.279626 ], [ -97.837548, 22.27952 ], [ -97.83776, 22.279439 ], [ -97.838281, 22.279242 ], [ -97.838684, 22.27908 ], [ -97.839007, 22.278951 ], [ -97.839616, 22.278674 ], [ -97.83923, 22.277561 ], [ -97.838992, 22.276896 ], [ -97.83949, 22.276893 ], [ -97.840341, 22.276852 ], [ -97.840093, 22.277542 ], [ -97.840794, 22.27777 ], [ -97.841498, 22.277996 ], [ -97.842221, 22.278227 ], [ -97.842943, 22.278458 ], [ -97.843676, 22.278694 ], [ -97.844375, 22.278915 ], [ -97.845101, 22.27915 ], [ -97.845809, 22.279379 ], [ -97.846513, 22.279607 ], [ -97.847193, 22.279819 ], [ -97.847336, 22.279427 ], [ -97.847774, 22.280497 ], [ -97.848086, 22.281266 ], [ -97.848199, 22.281534 ], [ -97.848721, 22.282809 ], [ -97.849031, 22.283547 ], [ -97.848674, 22.284509 ], [ -97.847954, 22.28427 ], [ -97.847212, 22.284032 ], [ -97.846546, 22.283806 ], [ -97.845826, 22.283563 ], [ -97.845126, 22.283334 ], [ -97.844372, 22.283085 ], [ -97.843645, 22.282844 ], [ -97.842933, 22.282613 ], [ -97.842261, 22.282378 ], [ -97.841544, 22.282149 ], [ -97.840823, 22.281919 ], [ -97.840116, 22.281698 ], [ -97.839398, 22.281467 ], [ -97.839018, 22.282413 ] ] ] ] } },
{ "type": "Feature", "properties": { "CVEGEO": "2800900011169", "POB_TOT_20": 2134.0, "POB_MASC_2": 1002.0, "POB_FEM_20": 1132.0, "origen": "2800900011169", "viajes_od_totales_salientes": 51.12, "viajes-total_salientes": 2801.0, "viajes_od_totales_norm_salientes": 0.23548922056384741, "viajes-total_norm_salientes": 2.1203633610900834, "AE_por_fila_salientes": 0.023707269021198994, "SE_por_fila_salientes": 0.0018627337257992715, "APE_por_fila_salientes": 83.904070563910693, "destino": "2800900011169", "viajes_od_totales_entrantes": 67.16, "viajes-total_entrantes": 2822.0, "viajes_od_totales_norm_entrantes": 0.30937903077206558, "viajes-total_norm_entrantes": 2.1362604087812262, "AE_por_fila_entrantes": 0.021837200896830659, "SE_por_fila_entrantes": 0.0017425399423244953, "APE_por_fila_entrantes": 87.257027643055523 }, "geometry": { "type": "MultiPolygon", "coordinates": [ [ [ [ -97.837083, 22.281181 ], [ -97.836971, 22.281418 ], [ -97.836912, 22.281558 ], [ -97.836884, 22.28179 ], [ -97.836887, 22.282151 ], [ -97.836891, 22.28229 ], [ -97.836897, 22.282342 ], [ -97.836956, 22.282683 ], [ -97.836977, 22.282723 ], [ -97.837046, 22.283139 ], [ -97.836257, 22.283263 ], [ -97.836236, 22.283261 ], [ -97.836237, 22.283302 ], [ -97.83624, 22.283622 ], [ -97.836242, 22.284177 ], [ -97.836257, 22.284842 ], [ -97.835514, 22.284865 ], [ -97.834789, 22.284882 ], [ -97.834738, 22.283017 ], [ -97.834737, 22.282999 ], [ -97.834736, 22.282973 ], [ -97.834736, 22.282953 ], [ -97.834735, 22.282939 ], [ -97.834734, 22.282899 ], [ -97.834726, 22.282612 ], [ -97.834721, 22.282414 ], [ -97.834683, 22.280986 ], [ -97.834628, 22.279037 ], [ -97.834579, 22.276977 ], [ -97.835318, 22.276954 ], [ -97.836057, 22.276938 ], [ -97.836618, 22.276923 ], [ -97.836751, 22.276919 ], [ -97.837372, 22.276912 ], [ -97.83749, 22.276911 ], [ -97.838244, 22.276907 ], [ -97.838777, 22.276903 ], [ -97.838976, 22.276897 ], [ -97.838992, 22.276896 ], [ -97.83923, 22.277561 ], [ -97.839616, 22.278674 ], [ -97.839007, 22.278951 ], [ -97.838684, 22.27908 ], [ -97.838281, 22.279242 ], [ -97.83776, 22.279439 ], [ -97.837548, 22.27952 ], [ -97.837305, 22.279626 ], [ -97.837109, 22.279794 ], [ -97.836958, 22.280065 ], [ -97.836928, 22.280141 ], [ -97.83693, 22.280251 ], [ -97.836957, 22.280462 ], [ -97.837071, 22.280964 ], [ -97.837151, 22.281035 ], [ -97.837083, 22.281181 ] ] ] ] } },
{ "type": "Feature", "properties": { "CVEGEO": "2800900010565", "POB_TOT_20": 4446.0, "POB_MASC_2": 2181.0, "POB_FEM_20": 2265.0, "origen": "2800900010565", "viajes_od_totales_salientes": 173.0, "viajes-total_salientes": 3782.0, "viajes_od_totales_norm_salientes": 0.79694121982679189, "viajes-total_norm_salientes": 2.8629825889477667, "AE_por_fila_salientes": 0.01776516375892865, "SE_por_fila_salientes": 0.00077878702144910787, "APE_por_fila_salientes": 86.365119246125857, "destino": "2800900010565", "viajes_od_totales_entrantes": 122.24, "viajes-total_entrantes": 4121.0, "viajes_od_totales_norm_entrantes": 0.56311037405564768, "viajes-total_norm_entrantes": 3.1196063588190763, "AE_por_fila_entrantes": 0.018588962947805251, "SE_por_fila_entrantes": 0.00074910884660959976, "APE_por_fila_entrantes": 89.330901663018508 }, "geometry": { "type": "MultiPolygon", "coordinates": [ [ [ [ -97.838777, 22.276903 ], [ -97.838244, 22.276907 ], [ -97.83749, 22.276911 ], [ -97.837372, 22.276912 ], [ -97.836751, 22.276919 ], [ -97.836618, 22.276923 ], [ -97.836057, 22.276938 ], [ -97.835318, 22.276954 ], [ -97.834579, 22.276977 ], [ -97.834272, 22.276986 ], [ -97.833876, 22.276996 ], [ -97.833528, 22.277005 ], [ -97.833504, 22.276735 ], [ -97.833282, 22.275964 ], [ -97.833118, 22.275565 ], [ -97.833427, 22.275477 ], [ -97.833808, 22.275373 ], [ -97.834551, 22.275163 ], [ -97.835236, 22.27497 ], [ -97.835934, 22.274776 ], [ -97.835658, 22.273917 ], [ -97.83532, 22.272905 ], [ -97.834867, 22.271516 ], [ -97.834654, 22.270867 ], [ -97.833975, 22.268848 ], [ -97.833686, 22.268031 ], [ -97.83333, 22.266951 ], [ -97.833321, 22.266927 ], [ -97.832687, 22.26501 ], [ -97.832092, 22.263207 ], [ -97.832052, 22.263094 ], [ -97.832685, 22.262645 ], [ -97.833266, 22.262194 ], [ -97.833911, 22.261754 ], [ -97.834175, 22.262542 ], [ -97.834193, 22.262603 ], [ -97.834295, 22.262902 ], [ -97.834406, 22.263243 ], [ -97.834512, 22.263568 ], [ -97.83462, 22.263879 ], [ -97.834733, 22.264234 ], [ -97.834796, 22.264441 ], [ -97.835232, 22.265702 ], [ -97.835382, 22.266129 ], [ -97.835443, 22.266299 ], [ -97.835466, 22.266368 ], [ -97.835688, 22.267043 ], [ -97.836047, 22.268123 ], [ -97.836087, 22.268237 ], [ -97.836358, 22.269087 ], [ -97.836693, 22.270092 ], [ -97.836753, 22.270258 ], [ -97.836808, 22.270423 ], [ -97.83699, 22.270953 ], [ -97.837151, 22.271415 ], [ -97.837298, 22.271867 ], [ -97.83744, 22.272343 ], [ -97.837589, 22.272825 ], [ -97.837726, 22.273251 ], [ -97.837878, 22.273723 ], [ -97.83803, 22.274192 ], [ -97.838168, 22.274625 ], [ -97.838637, 22.275962 ], [ -97.838679, 22.276077 ], [ -97.838826, 22.276505 ], [ -97.838777, 22.276903 ] ] ] ] } },
{ "type": "Feature", "properties": { "CVEGEO": "280090001057A", "POB_TOT_20": 4822.0, "POB_MASC_2": 2333.0, "POB_FEM_20": 2489.0, "origen": "280090001057A", "viajes_od_totales_salientes": 132.0, "viajes-total_salientes": 3939.0, "viajes_od_totales_norm_salientes": 0.60807075732448868, "viajes-total_norm_salientes": 2.9818319454958364, "AE_por_fila_salientes": 0.01969290207149689, "SE_por_fila_salientes": 0.00098853288534445712, "APE_por_fila_salientes": 85.841025480981912, "destino": null, "viajes_od_totales_entrantes": null, "viajes-total_entrantes": null, "viajes_od_totales_norm_entrantes": null, "viajes-total_norm_entrantes": null, "AE_por_fila_entrantes": null, "SE_por_fila_entrantes": null, "APE_por_fila_entrantes": null }, "geometry": { "type": "MultiPolygon", "coordinates": [ [ [ [ -97.832052, 22.263094 ], [ -97.832092, 22.263207 ], [ -97.832687, 22.26501 ], [ -97.833321, 22.266927 ], [ -97.83333, 22.266951 ], [ -97.833686, 22.268031 ], [ -97.833975, 22.268848 ], [ -97.834654, 22.270867 ], [ -97.834867, 22.271516 ], [ -97.83532, 22.272905 ], [ -97.835658, 22.273917 ], [ -97.835934, 22.274776 ], [ -97.835236, 22.27497 ], [ -97.834551, 22.275163 ], [ -97.833808, 22.275373 ], [ -97.833427, 22.275477 ], [ -97.833261, 22.275314 ], [ -97.832285, 22.274352 ], [ -97.832196, 22.274264 ], [ -97.831834, 22.27391 ], [ -97.830411, 22.272477 ], [ -97.829212, 22.271239 ], [ -97.827979, 22.269977 ], [ -97.826565, 22.268526 ], [ -97.825581, 22.267467 ], [ -97.825481, 22.267392 ], [ -97.825006, 22.266917 ], [ -97.825576, 22.266432 ], [ -97.826127, 22.265981 ], [ -97.826329, 22.265803 ], [ -97.826615, 22.265551 ], [ -97.826933, 22.265277 ], [ -97.827799, 22.264508 ], [ -97.828082, 22.264795 ], [ -97.82892, 22.264095 ], [ -97.830286, 22.262966 ], [ -97.830385, 22.263049 ], [ -97.830439, 22.263121 ], [ -97.830436, 22.2632 ], [ -97.831216, 22.262739 ], [ -97.831291, 22.262702 ], [ -97.831465, 22.262618 ], [ -97.831625, 22.262531 ], [ -97.831821, 22.262408 ], [ -97.832052, 22.263094 ] ] ] ] } },
{ "type": "Feature", "properties": { "CVEGEO": "2800900010616", "POB_TOT_20": 2615.0, "POB_MASC_2": 1272.0, "POB_FEM_20": 1343.0, "origen": "2800900010616", "viajes_od_totales_salientes": 56.66, "viajes-total_salientes": 1077.0, "viajes_od_totales_norm_salientes": 0.26100976598489034, "viajes-total_norm_salientes": 0.81529144587433766, "AE_por_fila_salientes": 0.0096882451470224184, "SE_por_fila_salientes": 0.00027054261876280176, "APE_por_fila_salientes": 77.956941884248252, "destino": "2800900010616", "viajes_od_totales_entrantes": 61.8, "viajes-total_entrantes": 1437.0, "viajes_od_totales_norm_entrantes": 0.28468767274737422, "viajes-total_norm_entrantes": 1.0878122634367904, "AE_por_fila_entrantes": 0.013132942465797076, "SE_por_fila_entrantes": 0.0005131702763319112, "APE_por_fila_entrantes": 98.488355405079005 }, "geometry": { "type": "MultiPolygon", "coordinates": [ [ [ [ -97.833911, 22.261754 ], [ -97.833266, 22.262194 ], [ -97.832685, 22.262645 ], [ -97.832052, 22.263094 ], [ -97.831821, 22.262408 ], [ -97.831625, 22.262531 ], [ -97.831465, 22.262618 ], [ -97.831291, 22.262702 ], [ -97.831216, 22.262739 ], [ -97.830436, 22.2632 ], [ -97.830439, 22.263121 ], [ -97.830385, 22.263049 ], [ -97.830286, 22.262966 ], [ -97.82892, 22.264095 ], [ -97.828082, 22.264795 ], [ -97.827799, 22.264508 ], [ -97.826933, 22.265277 ], [ -97.826615, 22.265551 ], [ -97.826329, 22.265803 ], [ -97.826127, 22.265981 ], [ -97.825576, 22.266432 ], [ -97.825006, 22.266917 ], [ -97.824503, 22.266407 ], [ -97.825088, 22.265906 ], [ -97.825809, 22.265296 ], [ -97.825992, 22.265139 ], [ -97.826427, 22.264765 ], [ -97.827311, 22.264017 ], [ -97.82714, 22.263843 ], [ -97.82666, 22.263349 ], [ -97.826125, 22.262799 ], [ -97.826955, 22.262106 ], [ -97.827718, 22.261465 ], [ -97.828341, 22.260928 ], [ -97.829004, 22.260366 ], [ -97.829609, 22.259838 ], [ -97.830141, 22.26042 ], [ -97.830281, 22.260303 ], [ -97.830575, 22.260608 ], [ -97.83089, 22.260933 ], [ -97.831478, 22.261525 ], [ -97.831984, 22.261102 ], [ -97.832473, 22.260695 ], [ -97.833078, 22.260216 ], [ -97.833671, 22.260859 ], [ -97.834097, 22.261285 ], [ -97.834268, 22.261466 ], [ -97.833911, 22.261754 ] ] ] ] } },
{ "type": "Feature", "properties": { "CVEGEO": "2800900011027", "POB_TOT_20": 2698.0, "POB_MASC_2": 1264.0, "POB_FEM_20": 1434.0, "origen": "2800900011027", "viajes_od_totales_salientes": 246.04, "viajes-total_salientes": 2484.0, "viajes_od_totales_norm_salientes": 1.1334070388796758, "viajes-total_norm_salientes": 1.8803936411809234, "AE_por_fila_salientes": 0.018021424851769718, "SE_por_fila_salientes": 0.00099506164883059168, "APE_por_fila_salientes": 111.54609734843601, "destino": "2800900011027", "viajes_od_totales_entrantes": 193.62, "viajes-total_entrantes": 2629.0, "viajes_od_totales_norm_entrantes": 0.89192924267551132, "viajes-total_norm_entrantes": 1.9901589704769114, "AE_por_fila_entrantes": 0.016321712870726413, "SE_por_fila_entrantes": 0.00060229021389102968, "APE_por_fila_entrantes": 92.021099709336056 }, "geometry": { "type": "MultiPolygon", "coordinates": [ [ [ [ -97.829086, 22.240609 ], [ -97.831216, 22.238846 ], [ -97.832112, 22.238104 ], [ -97.83341, 22.235681 ], [ -97.835127, 22.236556 ], [ -97.835137, 22.236561 ], [ -97.83663, 22.237374 ], [ -97.836822, 22.237088 ], [ -97.837117, 22.236625 ], [ -97.83756, 22.235844 ], [ -97.837678, 22.235589 ], [ -97.837772, 22.235616 ], [ -97.83781, 22.235606 ], [ -97.837817, 22.235609 ], [ -97.838267, 22.235763 ], [ -97.838065, 22.236185 ], [ -97.838873, 22.236628 ], [ -97.839738, 22.237111 ], [ -97.840522, 22.237501 ], [ -97.841335, 22.237937 ], [ -97.841635, 22.237478 ], [ -97.842575, 22.237756 ], [ -97.842545, 22.237816 ], [ -97.843461, 22.238321 ], [ -97.844268, 22.238768 ], [ -97.845091, 22.239187 ], [ -97.845117, 22.239201 ], [ -97.845886, 22.23964 ], [ -97.845543, 22.240189 ], [ -97.844713, 22.239756 ], [ -97.843943, 22.239329 ], [ -97.843109, 22.238886 ], [ -97.842208, 22.238404 ], [ -97.841842, 22.238983 ], [ -97.841493, 22.239534 ], [ -97.841159, 22.240098 ], [ -97.840801, 22.240671 ], [ -97.840712, 22.240812 ], [ -97.840447, 22.241234 ], [ -97.839672, 22.240859 ], [ -97.839564, 22.24077 ], [ -97.8395, 22.24072 ], [ -97.83906, 22.240489 ], [ -97.838569, 22.240222 ], [ -97.838016, 22.239921 ], [ -97.837533, 22.23966 ], [ -97.837238, 22.239497 ], [ -97.837155, 22.239626 ], [ -97.836906, 22.240045 ], [ -97.836655, 22.240402 ], [ -97.836581, 22.240517 ], [ -97.836347, 22.240855 ], [ -97.836211, 22.240782 ], [ -97.836013, 22.240676 ], [ -97.835866, 22.240925 ], [ -97.835467, 22.241566 ], [ -97.83602, 22.241841 ], [ -97.836156, 22.241905 ], [ -97.836594, 22.242136 ], [ -97.836675, 22.242179 ], [ -97.836745, 22.242216 ], [ -97.836545, 22.242539 ], [ -97.836398, 22.242778 ], [ -97.836262, 22.243 ], [ -97.836244, 22.243028 ], [ -97.835981, 22.243455 ], [ -97.83558, 22.244098 ], [ -97.835249, 22.243923 ], [ -97.834859, 22.243717 ], [ -97.83388, 22.243199 ], [ -97.833852, 22.243189 ], [ -97.833821, 22.243177 ], [ -97.83353, 22.242894 ], [ -97.833041, 22.242412 ], [ -97.832814, 22.242176 ], [ -97.83261, 22.241963 ], [ -97.832337, 22.241672 ], [ -97.832267, 22.241586 ], [ -97.832205, 22.241519 ], [ -97.831652, 22.242003 ], [ -97.831315, 22.241712 ], [ -97.831447, 22.241568 ], [ -97.831175, 22.241458 ], [ -97.829086, 22.240609 ] ] ] ] } },
{ "type": "Feature", "properties": { "CVEGEO": "2800900010828", "POB_TOT_20": 2325.0, "POB_MASC_2": 1141.0, "POB_FEM_20": 1184.0, "origen": "2800900010828", "viajes_od_totales_salientes": 164.28, "viajes-total_salientes": 1406.0, "viajes_od_totales_norm_salientes": 0.75677169707020453, "viajes-total_norm_salientes": 1.0643451930355792, "AE_por_fila_salientes": 0.015917880037227786, "SE_por_fila_salientes": 0.0012076581827918395, "APE_por_fila_salientes": 99.987358470032376, "destino": "2800900010828", "viajes_od_totales_entrantes": 33.02, "viajes-total_entrantes": 1579.0, "viajes_od_totales_norm_entrantes": 0.15210982126405012, "viajes-total_norm_entrantes": 1.1953065859197578, "AE_por_fila_entrantes": 0.015570100965010563, "SE_por_fila_entrantes": 0.00097469964483090253, "APE_por_fila_entrantes": 88.725803266812733 }, "geometry": { "type": "MultiPolygon", "coordinates": [ [ [ [ -97.829086, 22.240609 ], [ -97.831175, 22.241458 ], [ -97.831447, 22.241568 ], [ -97.831315, 22.241712 ], [ -97.831652, 22.242003 ], [ -97.832205, 22.241519 ], [ -97.832267, 22.241586 ], [ -97.832337, 22.241672 ], [ -97.83261, 22.241963 ], [ -97.832814, 22.242176 ], [ -97.833041, 22.242412 ], [ -97.83353, 22.242894 ], [ -97.833821, 22.243177 ], [ -97.833781, 22.243362 ], [ -97.833734, 22.243577 ], [ -97.833675, 22.24385 ], [ -97.833594, 22.243925 ], [ -97.833044, 22.244404 ], [ -97.832687, 22.244714 ], [ -97.832399, 22.244962 ], [ -97.831725, 22.245531 ], [ -97.831411, 22.245809 ], [ -97.831083, 22.246073 ], [ -97.830789, 22.246338 ], [ -97.83046, 22.246612 ], [ -97.83021, 22.246838 ], [ -97.829826, 22.247157 ], [ -97.829532, 22.247422 ], [ -97.829214, 22.247682 ], [ -97.828567, 22.248252 ], [ -97.827973, 22.247663 ], [ -97.827433, 22.247112 ], [ -97.827101, 22.246781 ], [ -97.826894, 22.246575 ], [ -97.826793, 22.246468 ], [ -97.826675, 22.246348 ], [ -97.826508, 22.246178 ], [ -97.828552, 22.24471 ], [ -97.828491, 22.244625 ], [ -97.828252, 22.244304 ], [ -97.827942, 22.243884 ], [ -97.826877, 22.242439 ], [ -97.829086, 22.240609 ] ] ] ] } },
{ "type": "Feature", "properties": { "CVEGEO": "2800900010851", "POB_TOT_20": 3213.0, "POB_MASC_2": 1487.0, "POB_FEM_20": 1726.0, "origen": "2800900010851", "viajes_od_totales_salientes": 292.32, "viajes-total_salientes": 4534.0, "viajes_od_totales_norm_salientes": 1.3466003316749584, "viajes-total_norm_salientes": 3.4322482967448904, "AE_por_fila_salientes": 0.023629561237509384, "SE_por_fila_salientes": 0.001371788379658785, "APE_por_fila_salientes": 111.76065746352772, "destino": "2800900010851", "viajes_od_totales_entrantes": 111.72, "viajes-total_entrantes": 4577.0, "viajes_od_totales_norm_entrantes": 0.51464897733554449, "viajes-total_norm_entrantes": 3.4647993943981832, "AE_por_fila_entrantes": 0.025025125305705751, "SE_por_fila_entrantes": 0.0015511418879571744, "APE_por_fila_entrantes": 88.808900139431969 }, "geometry": { "type": "MultiPolygon", "coordinates": [ [ [ [ -97.845886, 22.23964 ], [ -97.845117, 22.239201 ], [ -97.845091, 22.239187 ], [ -97.844268, 22.238768 ], [ -97.843461, 22.238321 ], [ -97.842545, 22.237816 ], [ -97.842575, 22.237756 ], [ -97.841635, 22.237478 ], [ -97.841335, 22.237937 ], [ -97.840522, 22.237501 ], [ -97.839738, 22.237111 ], [ -97.838873, 22.236628 ], [ -97.838065, 22.236185 ], [ -97.838267, 22.235763 ], [ -97.837817, 22.235609 ], [ -97.83781, 22.235606 ], [ -97.837772, 22.235616 ], [ -97.837678, 22.235589 ], [ -97.83756, 22.235844 ], [ -97.837117, 22.236625 ], [ -97.836822, 22.237088 ], [ -97.83663, 22.237374 ], [ -97.835137, 22.236561 ], [ -97.835127, 22.236556 ], [ -97.83341, 22.235681 ], [ -97.835432, 22.231909 ], [ -97.83638, 22.23014 ], [ -97.83832, 22.230894 ], [ -97.838508, 22.230965 ], [ -97.838541, 22.230978 ], [ -97.838946, 22.231149 ], [ -97.838978, 22.231163 ], [ -97.838978, 22.231164 ], [ -97.839431, 22.231363 ], [ -97.839472, 22.231381 ], [ -97.839598, 22.231429 ], [ -97.839679, 22.231453 ], [ -97.83959, 22.231669 ], [ -97.839296, 22.232333 ], [ -97.83982, 22.232524 ], [ -97.840199, 22.232656 ], [ -97.840478, 22.232761 ], [ -97.840556, 22.232791 ], [ -97.840867, 22.232894 ], [ -97.841266, 22.233026 ], [ -97.842163, 22.233352 ], [ -97.843021, 22.233658 ], [ -97.844012, 22.234001 ], [ -97.843753, 22.234644 ], [ -97.843532, 22.2353 ], [ -97.843304, 22.235873 ], [ -97.843036, 22.236494 ], [ -97.844052, 22.236794 ], [ -97.844948, 22.237057 ], [ -97.845838, 22.237335 ], [ -97.846706, 22.237582 ], [ -97.84647, 22.238216 ], [ -97.846236, 22.238867 ], [ -97.845886, 22.23964 ] ] ] ] } },
{ "type": "Feature", "properties": { "CVEGEO": "2803800010321", "POB_TOT_20": 1735.0, "POB_MASC_2": 829.0, "POB_FEM_20": 906.0, "origen": "2803800010321", "viajes_od_totales_salientes": 92.64, "viajes-total_salientes": 1373.0, "viajes_od_totales_norm_salientes": 0.4267551133222775, "viajes-total_norm_salientes": 1.0393641180923543, "AE_por_fila_salientes": 0.013850255585058733, "SE_por_fila_salientes": 0.00053156591750209612, "APE_por_fila_salientes": 138.43744244349878, "destino": "2803800010321", "viajes_od_totales_entrantes": 4.12, "viajes-total_entrantes": 1563.0, "viajes_od_totales_norm_entrantes": 0.018979178183158283, "viajes-total_norm_entrantes": 1.1831945495836487, "AE_por_fila_entrantes": 0.013081071588769555, "SE_por_fila_entrantes": 0.00041535857207326848, "APE_por_fila_entrantes": 96.783241041549786 }, "geometry": { "type": "MultiPolygon", "coordinates": [ [ [ [ -97.839679, 22.231453 ], [ -97.839598, 22.231429 ], [ -97.839472, 22.231381 ], [ -97.839431, 22.231363 ], [ -97.838978, 22.231164 ], [ -97.838978, 22.231163 ], [ -97.838946, 22.231149 ], [ -97.838541, 22.230978 ], [ -97.838508, 22.230965 ], [ -97.83832, 22.230894 ], [ -97.83638, 22.23014 ], [ -97.836494, 22.229928 ], [ -97.83688, 22.228369 ], [ -97.837225, 22.226978 ], [ -97.838073, 22.22002 ], [ -97.838213, 22.218873 ], [ -97.838036, 22.216685 ], [ -97.83934, 22.217188 ], [ -97.840941, 22.217875 ], [ -97.841364, 22.218062 ], [ -97.840963, 22.218839 ], [ -97.840532, 22.219647 ], [ -97.840301, 22.22008 ], [ -97.840255, 22.220452 ], [ -97.840989, 22.22077 ], [ -97.841835, 22.22114 ], [ -97.842676, 22.221505 ], [ -97.843396, 22.221817 ], [ -97.843463, 22.221846 ], [ -97.843525, 22.221874 ], [ -97.843402, 22.222169 ], [ -97.843315, 22.222383 ], [ -97.843198, 22.222684 ], [ -97.842857, 22.223515 ], [ -97.842511, 22.22437 ], [ -97.842175, 22.22518 ], [ -97.841838, 22.225936 ], [ -97.841483, 22.226749 ], [ -97.841153, 22.227512 ], [ -97.841099, 22.227609 ], [ -97.84108, 22.2276 ], [ -97.841058, 22.227591 ], [ -97.840807, 22.228164 ], [ -97.840666, 22.228498 ], [ -97.840379, 22.229156 ], [ -97.840046, 22.229942 ], [ -97.839967, 22.230127 ], [ -97.839857, 22.230362 ], [ -97.83989, 22.230384 ], [ -97.840111, 22.230532 ], [ -97.839679, 22.231453 ] ] ] ] } },
{ "type": "Feature", "properties": { "CVEGEO": "2803800010410", "POB_TOT_20": 2221.0, "POB_MASC_2": 1083.0, "POB_FEM_20": 1138.0, "origen": "2803800010410", "viajes_od_totales_salientes": 247.02, "viajes-total_salientes": 1497.0, "viajes_od_totales_norm_salientes": 1.1379215035931454, "viajes-total_norm_salientes": 1.1332323996971991, "AE_por_fila_salientes": 0.018647275241502202, "SE_por_fila_salientes": 0.001913932714815537, "APE_por_fila_salientes": 118.21089139335295, "destino": "2803800010410", "viajes_od_totales_entrantes": 99.94, "viajes-total_entrantes": 1614.0, "viajes_od_totales_norm_entrantes": 0.46038326884098024, "viajes-total_norm_entrantes": 1.2218016654049961, "AE_por_fila_entrantes": 0.017149896069914534, "SE_por_fila_entrantes": 0.0024160837711711711, "APE_por_fila_entrantes": 104.5008249913424 }, "geometry": { "type": "MultiPolygon", "coordinates": [ [ [ [ -97.838036, 22.216685 ], [ -97.837693, 22.212433 ], [ -97.838024, 22.211843 ], [ -97.839683, 22.208886 ], [ -97.840338, 22.208644 ], [ -97.843622, 22.207432 ], [ -97.844547, 22.208817 ], [ -97.844714, 22.209063 ], [ -97.845264, 22.209831 ], [ -97.845544, 22.21025 ], [ -97.845902, 22.210698 ], [ -97.844458, 22.211568 ], [ -97.844611, 22.2119 ], [ -97.84471, 22.211868 ], [ -97.845111, 22.211799 ], [ -97.845382, 22.211815 ], [ -97.845531, 22.211845 ], [ -97.845688, 22.211896 ], [ -97.845888, 22.212021 ], [ -97.846081, 22.212189 ], [ -97.846237, 22.212405 ], [ -97.846467, 22.212694 ], [ -97.846553, 22.212959 ], [ -97.846629, 22.213248 ], [ -97.846724, 22.213523 ], [ -97.846861, 22.213702 ], [ -97.846921, 22.213718 ], [ -97.846953, 22.213726 ], [ -97.846929, 22.213788 ], [ -97.846717, 22.214277 ], [ -97.846396, 22.215133 ], [ -97.846058, 22.215975 ], [ -97.84562, 22.216995 ], [ -97.845564, 22.216971 ], [ -97.845503, 22.216945 ], [ -97.84518, 22.216807 ], [ -97.844294, 22.216428 ], [ -97.843436, 22.216062 ], [ -97.842585, 22.215703 ], [ -97.841951, 22.215431 ], [ -97.84165, 22.215249 ], [ -97.84123, 22.215083 ], [ -97.841012, 22.214986 ], [ -97.8408, 22.214865 ], [ -97.84035, 22.214804 ], [ -97.8401, 22.214999 ], [ -97.839119, 22.215623 ], [ -97.838036, 22.216685 ] ] ] ] } },
{ "type": "Feature", "properties": { "CVEGEO": "280380001036A", "POB_TOT_20": 2269.0, "POB_MASC_2": 1061.0, "POB_FEM_20": 1208.0, "origen": "280380001036A", "viajes_od_totales_salientes": 154.08, "viajes-total_salientes": 1839.0, "viajes_od_totales_norm_salientes": 0.70978441127694858, "viajes-total_norm_salientes": 1.3921271763815291, "AE_por_fila_salientes": 0.018297736044616951, "SE_por_fila_salientes": 0.00087945298229980613, "APE_por_fila_salientes": 116.83272937432271, "destino": null, "viajes_od_totales_entrantes": null, "viajes-total_entrantes": null, "viajes_od_totales_norm_entrantes": null, "viajes-total_norm_entrantes": null, "AE_por_fila_entrantes": null, "SE_por_fila_entrantes": null, "APE_por_fila_entrantes": null }, "geometry": { "type": "MultiPolygon", "coordinates": [ [ [ [ -97.838036, 22.216685 ], [ -97.839119, 22.215623 ], [ -97.8401, 22.214999 ], [ -97.84035, 22.214804 ], [ -97.8408, 22.214865 ], [ -97.841012, 22.214986 ], [ -97.84123, 22.215083 ], [ -97.84165, 22.215249 ], [ -97.841951, 22.215431 ], [ -97.842585, 22.215703 ], [ -97.843436, 22.216062 ], [ -97.844294, 22.216428 ], [ -97.84518, 22.216807 ], [ -97.845503, 22.216945 ], [ -97.845564, 22.216971 ], [ -97.84562, 22.216995 ], [ -97.845262, 22.217827 ], [ -97.844914, 22.218629 ], [ -97.844571, 22.21942 ], [ -97.844222, 22.220246 ], [ -97.843874, 22.22107 ], [ -97.843525, 22.221874 ], [ -97.843463, 22.221846 ], [ -97.843396, 22.221817 ], [ -97.842676, 22.221505 ], [ -97.841835, 22.22114 ], [ -97.840989, 22.22077 ], [ -97.840255, 22.220452 ], [ -97.840301, 22.22008 ], [ -97.840532, 22.219647 ], [ -97.840963, 22.218839 ], [ -97.841364, 22.218062 ], [ -97.840941, 22.217875 ], [ -97.83934, 22.217188 ], [ -97.838036, 22.216685 ] ] ] ] } },
{ "type": "Feature", "properties": { "CVEGEO": "2803800010482", "POB_TOT_20": 2358.0, "POB_MASC_2": 1125.0, "POB_FEM_20": 1233.0, "origen": "2803800010482", "viajes_od_totales_salientes": 226.8, "viajes-total_salientes": 2172.0, "viajes_od_totales_norm_salientes": 1.044776119402985, "viajes-total_norm_salientes": 1.6442089326267979, "AE_por_fila_salientes": 0.025608813722882349, "SE_por_fila_salientes": 0.0031782750810397404, "APE_por_fila_salientes": 106.92123491817753, "destino": "2803800010482", "viajes_od_totales_entrantes": 179.68, "viajes-total_entrantes": 2290.0, "viajes_od_totales_norm_entrantes": 0.82771328542472822, "viajes-total_norm_entrantes": 1.7335352006056017, "AE_por_fila_entrantes": 0.020891019489851698, "SE_por_fila_entrantes": 0.001488379650267689, "APE_por_fila_entrantes": 128.31178697210368 }, "geometry": { "type": "MultiPolygon", "coordinates": [ [ [ [ -97.846953, 22.213726 ], [ -97.846921, 22.213718 ], [ -97.846861, 22.213702 ], [ -97.846724, 22.213523 ], [ -97.846629, 22.213248 ], [ -97.846553, 22.212959 ], [ -97.846467, 22.212694 ], [ -97.846237, 22.212405 ], [ -97.846081, 22.212189 ], [ -97.845888, 22.212021 ], [ -97.845688, 22.211896 ], [ -97.845531, 22.211845 ], [ -97.845382, 22.211815 ], [ -97.845111, 22.211799 ], [ -97.84471, 22.211868 ], [ -97.844611, 22.2119 ], [ -97.844458, 22.211568 ], [ -97.845902, 22.210698 ], [ -97.845544, 22.21025 ], [ -97.845264, 22.209831 ], [ -97.844714, 22.209063 ], [ -97.844547, 22.208817 ], [ -97.843622, 22.207432 ], [ -97.844159, 22.207234 ], [ -97.844888, 22.206965 ], [ -97.845787, 22.207039 ], [ -97.851288, 22.207489 ], [ -97.850371, 22.208663 ], [ -97.849855, 22.209706 ], [ -97.849817, 22.209807 ], [ -97.850395, 22.209889 ], [ -97.850727, 22.210013 ], [ -97.851617, 22.210347 ], [ -97.852525, 22.210676 ], [ -97.852342, 22.211028 ], [ -97.85199, 22.211713 ], [ -97.851601, 22.212473 ], [ -97.851164, 22.213296 ], [ -97.850761, 22.214056 ], [ -97.850339, 22.214837 ], [ -97.850269, 22.214968 ], [ -97.850245, 22.215013 ], [ -97.850185, 22.214986 ], [ -97.849377, 22.214654 ], [ -97.848636, 22.214316 ], [ -97.848538, 22.214273 ], [ -97.848492, 22.214253 ], [ -97.847751, 22.213889 ], [ -97.847708, 22.213868 ], [ -97.847646, 22.213838 ], [ -97.847456, 22.21377 ], [ -97.847275, 22.213708 ], [ -97.847109, 22.213707 ], [ -97.846979, 22.213733 ], [ -97.846953, 22.213726 ] ] ] ] } },
{ "type": "Feature", "properties": { "CVEGEO": "2803800010497", "POB_TOT_20": 1806.0, "POB_MASC_2": 890.0, "POB_FEM_20": 916.0, "origen": "2803800010497", "viajes_od_totales_salientes": 79.9, "viajes-total_salientes": 1909.0, "viajes_od_totales_norm_salientes": 0.36806707204717154, "viajes-total_norm_salientes": 1.4451173353520061, "AE_por_fila_salientes": 0.023383027579364279, "SE_por_fila_salientes": 0.0018446875512121426, "APE_por_fila_salientes": 89.006822066996136, "destino": "2803800010497", "viajes_od_totales_entrantes": 362.68, "viajes-total_entrantes": 2118.0, "viajes_od_totales_norm_entrantes": 1.6707204717154966, "viajes-total_norm_entrantes": 1.6033308099924299, "AE_por_fila_entrantes": 0.027399857664130545, "SE_por_fila_entrantes": 0.0024889119979038814, "APE_por_fila_entrantes": 143.57082563392837 }, "geometry": { "type": "MultiPolygon", "coordinates": [ [ [ [ -97.865811, 22.211961 ], [ -97.86465, 22.21389 ], [ -97.864657, 22.214222 ], [ -97.86467, 22.214255 ], [ -97.864687, 22.214289 ], [ -97.864723, 22.214362 ], [ -97.864722, 22.214407 ], [ -97.864737, 22.21452 ], [ -97.864763, 22.214648 ], [ -97.864717, 22.214684 ], [ -97.864732, 22.215067 ], [ -97.864764, 22.21508 ], [ -97.864592, 22.215408 ], [ -97.864447, 22.215718 ], [ -97.864319, 22.215996 ], [ -97.864054, 22.216543 ], [ -97.863207, 22.216174 ], [ -97.862364, 22.215808 ], [ -97.861507, 22.215435 ], [ -97.860669, 22.215063 ], [ -97.860435, 22.214958 ], [ -97.860331, 22.214696 ], [ -97.860126, 22.214363 ], [ -97.860092, 22.214325 ], [ -97.859708, 22.213922 ], [ -97.85939, 22.213662 ], [ -97.858954, 22.213387 ], [ -97.858531, 22.213231 ], [ -97.858882, 22.212506 ], [ -97.85798, 22.212167 ], [ -97.857662, 22.212045 ], [ -97.857763, 22.21184 ], [ -97.85727, 22.211658 ], [ -97.854564, 22.210649 ], [ -97.853822, 22.210354 ], [ -97.853387, 22.210176 ], [ -97.853183, 22.210099 ], [ -97.852949, 22.210035 ], [ -97.852582, 22.209964 ], [ -97.852224, 22.209905 ], [ -97.851424, 22.209844 ], [ -97.850612, 22.209745 ], [ -97.849855, 22.209706 ], [ -97.850371, 22.208663 ], [ -97.851288, 22.207489 ], [ -97.8514, 22.207521 ], [ -97.854948, 22.208547 ], [ -97.856882, 22.209106 ], [ -97.858725, 22.209638 ], [ -97.860267, 22.210084 ], [ -97.865811, 22.211961 ] ] ] ] } },
{ "type": "Feature", "properties": { "CVEGEO": "2800900010832", "POB_TOT_20": 2942.0, "POB_MASC_2": 1335.0, "POB_FEM_20": 1607.0, "origen": "2800900010832", "viajes_od_totales_salientes": 405.18, "viajes-total_salientes": 3802.0, "viajes_od_totales_norm_salientes": 1.8665008291873963, "viajes-total_norm_salientes": 2.8781226343679029, "AE_por_fila_salientes": 0.025519924894253209, "SE_por_fila_salientes": 0.0022776237864643948, "APE_por_fila_salientes": 103.22697262359021, "destino": "2800900010832", "viajes_od_totales_entrantes": 103.04, "viajes-total_entrantes": 4072.0, "viajes_od_totales_norm_entrantes": 0.47466371844481298, "viajes-total_norm_entrantes": 3.0825132475397425, "AE_por_fila_entrantes": 0.023325452636810438, "SE_por_fila_entrantes": 0.0015761998814165117, "APE_por_fila_entrantes": 91.072006317278706 }, "geometry": { "type": "MultiPolygon", "coordinates": [ [ [ [ -97.840447, 22.241234 ], [ -97.840712, 22.240812 ], [ -97.840801, 22.240671 ], [ -97.841159, 22.240098 ], [ -97.841493, 22.239534 ], [ -97.841842, 22.238983 ], [ -97.842208, 22.238404 ], [ -97.843109, 22.238886 ], [ -97.843943, 22.239329 ], [ -97.844713, 22.239756 ], [ -97.845543, 22.240189 ], [ -97.846346, 22.240606 ], [ -97.847156, 22.24104 ], [ -97.846788, 22.241644 ], [ -97.846446, 22.242213 ], [ -97.846089, 22.242774 ], [ -97.845749, 22.24333 ], [ -97.845348, 22.243955 ], [ -97.845047, 22.243914 ], [ -97.844793, 22.244328 ], [ -97.844353, 22.245029 ], [ -97.843919, 22.245715 ], [ -97.843159, 22.245313 ], [ -97.84239, 22.244899 ], [ -97.841619, 22.244481 ], [ -97.840879, 22.244087 ], [ -97.840116, 22.243671 ], [ -97.839238, 22.243204 ], [ -97.839752, 22.242385 ], [ -97.840098, 22.241811 ], [ -97.840447, 22.241234 ] ] ] ] } },
{ "type": "Feature", "properties": { "CVEGEO": "2800900011012", "POB_TOT_20": 1931.0, "POB_MASC_2": 887.0, "POB_FEM_20": 1044.0, "origen": "2800900011012", "viajes_od_totales_salientes": 258.18, "viajes-total_salientes": 2301.0, "viajes_od_totales_norm_salientes": 1.1893311221669429, "viajes-total_norm_salientes": 1.7418622255866767, "AE_por_fila_salientes": 0.019312088205525092, "SE_por_fila_salientes": 0.0013924666455495983, "APE_por_fila_salientes": 107.40988852900317, "destino": "2800900011012", "viajes_od_totales_entrantes": 148.2, "viajes-total_entrantes": 2452.0, "viajes_od_totales_norm_entrantes": 0.68269762299613046, "viajes-total_norm_entrantes": 1.8561695685087056, "AE_por_fila_entrantes": 0.016761609570787431, "SE_por_fila_entrantes": 0.00092363958784937364, "APE_por_fila_entrantes": 94.29796731468646 }, "geometry": { "type": "MultiPolygon", "coordinates": [ [ [ [ -97.840447, 22.241234 ], [ -97.840098, 22.241811 ], [ -97.839752, 22.242385 ], [ -97.839238, 22.243204 ], [ -97.838792, 22.243922 ], [ -97.838363, 22.244613 ], [ -97.837918, 22.24534 ], [ -97.837162, 22.244944 ], [ -97.836384, 22.244531 ], [ -97.836265, 22.244468 ], [ -97.836056, 22.244356 ], [ -97.83558, 22.244098 ], [ -97.835981, 22.243455 ], [ -97.836244, 22.243028 ], [ -97.836262, 22.243 ], [ -97.836398, 22.242778 ], [ -97.836545, 22.242539 ], [ -97.836745, 22.242216 ], [ -97.836675, 22.242179 ], [ -97.836594, 22.242136 ], [ -97.836156, 22.241905 ], [ -97.83602, 22.241841 ], [ -97.835467, 22.241566 ], [ -97.835866, 22.240925 ], [ -97.836013, 22.240676 ], [ -97.836211, 22.240782 ], [ -97.836347, 22.240855 ], [ -97.836581, 22.240517 ], [ -97.836655, 22.240402 ], [ -97.836906, 22.240045 ], [ -97.837155, 22.239626 ], [ -97.837238, 22.239497 ], [ -97.837533, 22.23966 ], [ -97.838016, 22.239921 ], [ -97.838569, 22.240222 ], [ -97.83906, 22.240489 ], [ -97.8395, 22.24072 ], [ -97.839564, 22.24077 ], [ -97.839672, 22.240859 ], [ -97.840447, 22.241234 ] ] ] ] } },
{ "type": "Feature", "properties": { "CVEGEO": "2800900010809", "POB_TOT_20": 1856.0, "POB_MASC_2": 840.0, "POB_FEM_20": 1016.0, "origen": "2800900010809", "viajes_od_totales_salientes": 118.02, "viajes-total_salientes": 2577.0, "viajes_od_totales_norm_salientes": 0.54367053620784966, "viajes-total_norm_salientes": 1.9507948523845571, "AE_por_fila_salientes": 0.015278066779819466, "SE_por_fila_salientes": 0.00067267109160964881, "APE_por_fila_salientes": 77.309512104107725, "destino": "2800900010809", "viajes_od_totales_entrantes": 1193.28, "viajes-total_entrantes": 2720.0, "viajes_od_totales_norm_entrantes": 5.4969596462133774, "viajes-total_norm_entrantes": 2.0590461771385313, "AE_por_fila_entrantes": 0.055168318434465825, "SE_por_fila_entrantes": 0.015681256867452132, "APE_por_fila_entrantes": 237.34894274886983 }, "geometry": { "type": "MultiPolygon", "coordinates": [ [ [ [ -97.83558, 22.244098 ], [ -97.836056, 22.244356 ], [ -97.836265, 22.244468 ], [ -97.836384, 22.244531 ], [ -97.837162, 22.244944 ], [ -97.837918, 22.24534 ], [ -97.837454, 22.246081 ], [ -97.837036, 22.246757 ], [ -97.836591, 22.247475 ], [ -97.836169, 22.248206 ], [ -97.836151, 22.248237 ], [ -97.835702, 22.248917 ], [ -97.83564, 22.248999 ], [ -97.83535, 22.24933 ], [ -97.835268, 22.249392 ], [ -97.835193, 22.249447 ], [ -97.835127, 22.249497 ], [ -97.835082, 22.24953 ], [ -97.834432, 22.24885 ], [ -97.83384, 22.248248 ], [ -97.833224, 22.247638 ], [ -97.832641, 22.24704 ], [ -97.832023, 22.24641 ], [ -97.831411, 22.245809 ], [ -97.831725, 22.245531 ], [ -97.832399, 22.244962 ], [ -97.832687, 22.244714 ], [ -97.833044, 22.244404 ], [ -97.833594, 22.243925 ], [ -97.833675, 22.24385 ], [ -97.833734, 22.243577 ], [ -97.833781, 22.243362 ], [ -97.833821, 22.243177 ], [ -97.833852, 22.243189 ], [ -97.83388, 22.243199 ], [ -97.834859, 22.243717 ], [ -97.835249, 22.243923 ], [ -97.83558, 22.244098 ] ] ] ] } },
{ "type": "Feature", "properties": { "CVEGEO": "2803800010251", "POB_TOT_20": 1821.0, "POB_MASC_2": 840.0, "POB_FEM_20": 981.0, "origen": "2803800010251", "viajes_od_totales_salientes": 96.04, "viajes-total_salientes": 1558.0, "viajes_od_totales_norm_salientes": 0.44241754192002947, "viajes-total_norm_salientes": 1.1794095382286147, "AE_por_fila_salientes": 0.01310282077151741, "SE_por_fila_salientes": 0.0005785376234563439, "APE_por_fila_salientes": 84.635482638890593, "destino": "2803800010251", "viajes_od_totales_entrantes": 22.86, "viajes-total_entrantes": 1553.0, "viajes_od_totales_norm_entrantes": 0.10530679933665008, "viajes-total_norm_entrantes": 1.1756245268735805, "AE_por_fila_entrantes": 0.01327231675318148, "SE_por_fila_entrantes": 0.0004496822371748032, "APE_por_fila_entrantes": 92.965642789706749 }, "geometry": { "type": "MultiPolygon", "coordinates": [ [ [ [ -97.846706, 22.237582 ], [ -97.845838, 22.237335 ], [ -97.844948, 22.237057 ], [ -97.844052, 22.236794 ], [ -97.843036, 22.236494 ], [ -97.843304, 22.235873 ], [ -97.843532, 22.2353 ], [ -97.843753, 22.234644 ], [ -97.844012, 22.234001 ], [ -97.84424, 22.233453 ], [ -97.84446, 22.23285 ], [ -97.844589, 22.232498 ], [ -97.844686, 22.232232 ], [ -97.844911, 22.231618 ], [ -97.845076, 22.23118 ], [ -97.845277, 22.230572 ], [ -97.845655, 22.229533 ], [ -97.845864, 22.229017 ], [ -97.845898, 22.228892 ], [ -97.846234, 22.229218 ], [ -97.84641, 22.229574 ], [ -97.846562, 22.229867 ], [ -97.846602, 22.230319 ], [ -97.846641, 22.230495 ], [ -97.846706, 22.230791 ], [ -97.84678, 22.230941 ], [ -97.846926, 22.23118 ], [ -97.847588, 22.232274 ], [ -97.847706, 22.232421 ], [ -97.847854, 22.232633 ], [ -97.848013, 22.232895 ], [ -97.848181, 22.233296 ], [ -97.848286, 22.233518 ], [ -97.848365, 22.233786 ], [ -97.848602, 22.234671 ], [ -97.848617, 22.234716 ], [ -97.84866, 22.234839 ], [ -97.848584, 22.234832 ], [ -97.848296, 22.234748 ], [ -97.848301, 22.234719 ], [ -97.848156, 22.234675 ], [ -97.847802, 22.234567 ], [ -97.84757, 22.235191 ], [ -97.847361, 22.235807 ], [ -97.847144, 22.236415 ], [ -97.846938, 22.236967 ], [ -97.846706, 22.237582 ] ] ] ] } },
{ "type": "Feature", "properties": { "CVEGEO": "2803800010247", "POB_TOT_20": 2017.0, "POB_MASC_2": 962.0, "POB_FEM_20": 1055.0, "origen": "2803800010247", "viajes_od_totales_salientes": 93.18, "viajes-total_salientes": 1975.0, "viajes_od_totales_norm_salientes": 0.42924267551133222, "viajes-total_norm_salientes": 1.4950794852384557, "AE_por_fila_salientes": 0.016958581843280227, "SE_por_fila_salientes": 0.00062218615609574478, "APE_por_fila_salientes": 89.616468154680931, "destino": "2803800010247", "viajes_od_totales_entrantes": 114.12, "viajes-total_entrantes": 1976.0, "viajes_od_totales_norm_entrantes": 0.52570480928689889, "viajes-total_norm_entrantes": 1.4958364875094625, "AE_por_fila_entrantes": 0.019642569016767919, "SE_por_fila_entrantes": 0.00082439540842297362, "APE_por_fila_entrantes": 103.52378314413433 }, "geometry": { "type": "MultiPolygon", "coordinates": [ [ [ [ -97.846706, 22.237582 ], [ -97.846938, 22.236967 ], [ -97.847144, 22.236415 ], [ -97.847361, 22.235807 ], [ -97.84757, 22.235191 ], [ -97.847802, 22.234567 ], [ -97.848156, 22.234675 ], [ -97.848301, 22.234719 ], [ -97.848296, 22.234748 ], [ -97.848584, 22.234832 ], [ -97.84866, 22.234839 ], [ -97.848757, 22.235069 ], [ -97.849348, 22.23647 ], [ -97.849512, 22.236749 ], [ -97.849676, 22.236991 ], [ -97.849788, 22.237067 ], [ -97.849999, 22.237211 ], [ -97.850417, 22.23735 ], [ -97.850906, 22.237484 ], [ -97.850671, 22.238085 ], [ -97.850377, 22.23868 ], [ -97.850055, 22.239301 ], [ -97.849722, 22.239946 ], [ -97.849011, 22.241304 ], [ -97.848715, 22.241869 ], [ -97.847962, 22.241467 ], [ -97.847156, 22.24104 ], [ -97.846346, 22.240606 ], [ -97.845543, 22.240189 ], [ -97.845886, 22.23964 ], [ -97.846236, 22.238867 ], [ -97.84647, 22.238216 ], [ -97.846706, 22.237582 ] ] ] ] } },
{ "type": "Feature", "properties": { "CVEGEO": "2803800010317", "POB_TOT_20": 3368.0, "POB_MASC_2": 1602.0, "POB_FEM_20": 1766.0, "origen": "2803800010317", "viajes_od_totales_salientes": 347.08, "viajes-total_salientes": 2645.0, "viajes_od_totales_norm_salientes": 1.5988575640316933, "viajes-total_norm_salientes": 2.0022710068130203, "AE_por_fila_salientes": 0.027341192596492463, "SE_por_fila_salientes": 0.00275955271189146, "APE_por_fila_salientes": 154.07869255120383, "destino": "2803800010317", "viajes_od_totales_entrantes": 155.34, "viajes-total_entrantes": 2750.0, "viajes_od_totales_norm_entrantes": 0.71558872305140953, "viajes-total_norm_entrantes": 2.0817562452687359, "AE_por_fila_entrantes": 0.016315614602881272, "SE_por_fila_entrantes": 0.00066008521182922379, "APE_por_fila_entrantes": 89.683409654396371 }, "geometry": { "type": "MultiPolygon", "coordinates": [ [ [ [ -97.844012, 22.234001 ], [ -97.843021, 22.233658 ], [ -97.842163, 22.233352 ], [ -97.841266, 22.233026 ], [ -97.840867, 22.232894 ], [ -97.840556, 22.232791 ], [ -97.840478, 22.232761 ], [ -97.840199, 22.232656 ], [ -97.83982, 22.232524 ], [ -97.839296, 22.232333 ], [ -97.83959, 22.231669 ], [ -97.839679, 22.231453 ], [ -97.840111, 22.230532 ], [ -97.83989, 22.230384 ], [ -97.839857, 22.230362 ], [ -97.839967, 22.230127 ], [ -97.840046, 22.229942 ], [ -97.840379, 22.229156 ], [ -97.840666, 22.228498 ], [ -97.840807, 22.228164 ], [ -97.841058, 22.227591 ], [ -97.84108, 22.2276 ], [ -97.841099, 22.227609 ], [ -97.841153, 22.227512 ], [ -97.841483, 22.226749 ], [ -97.841901, 22.226927 ], [ -97.842917, 22.227356 ], [ -97.843603, 22.227645 ], [ -97.844422, 22.227992 ], [ -97.845146, 22.228299 ], [ -97.845959, 22.228659 ], [ -97.845932, 22.22876 ], [ -97.845898, 22.228892 ], [ -97.845864, 22.229017 ], [ -97.845655, 22.229533 ], [ -97.845277, 22.230572 ], [ -97.845076, 22.23118 ], [ -97.844911, 22.231618 ], [ -97.844686, 22.232232 ], [ -97.844589, 22.232498 ], [ -97.84446, 22.23285 ], [ -97.84424, 22.233453 ], [ -97.844012, 22.234001 ] ] ] ] } },
{ "type": "Feature", "properties": { "CVEGEO": "2803800010336", "POB_TOT_20": 2935.0, "POB_MASC_2": 1412.0, "POB_FEM_20": 1523.0, "origen": "2803800010336", "viajes_od_totales_salientes": 278.6, "viajes-total_salientes": 1885.0, "viajes_od_totales_norm_salientes": 1.2833978256863829, "viajes-total_norm_salientes": 1.4269492808478426, "AE_por_fila_salientes": 0.019776553772532776, "SE_por_fila_salientes": 0.0015863100369647013, "APE_por_fila_salientes": 140.81532941792722, "destino": "2803800010336", "viajes_od_totales_entrantes": 161.88, "viajes-total_entrantes": 2105.0, "viajes_od_totales_norm_entrantes": 0.74571586511885024, "viajes-total_norm_entrantes": 1.5934897804693413, "AE_por_fila_entrantes": 0.017701888263633992, "SE_por_fila_entrantes": 0.00093326545537131039, "APE_por_fila_entrantes": 103.73688869731591 }, "geometry": { "type": "MultiPolygon", "coordinates": [ [ [ [ -97.841483, 22.226749 ], [ -97.841838, 22.225936 ], [ -97.842175, 22.22518 ], [ -97.842511, 22.22437 ], [ -97.842857, 22.223515 ], [ -97.843543, 22.223805 ], [ -97.844537, 22.224216 ], [ -97.845277, 22.224522 ], [ -97.84613, 22.224865 ], [ -97.847232, 22.225307 ], [ -97.847561, 22.225437 ], [ -97.8486, 22.225856 ], [ -97.848189, 22.226614 ], [ -97.848004, 22.226967 ], [ -97.847753, 22.227451 ], [ -97.847363, 22.228204 ], [ -97.846935, 22.228993 ], [ -97.846714, 22.229395 ], [ -97.846562, 22.229867 ], [ -97.84641, 22.229574 ], [ -97.846234, 22.229218 ], [ -97.845898, 22.228892 ], [ -97.845932, 22.22876 ], [ -97.845959, 22.228659 ], [ -97.845146, 22.228299 ], [ -97.844422, 22.227992 ], [ -97.843603, 22.227645 ], [ -97.842917, 22.227356 ], [ -97.841901, 22.226927 ], [ -97.841483, 22.226749 ] ] ] ] } },
{ "type": "Feature", "properties": { "CVEGEO": "2803800010340", "POB_TOT_20": 3021.0, "POB_MASC_2": 1434.0, "POB_FEM_20": 1587.0, "origen": "2803800010340", "viajes_od_totales_salientes": 270.96, "viajes-total_salientes": 2671.0, "viajes_od_totales_norm_salientes": 1.248203427307905, "viajes-total_norm_salientes": 2.0219530658591975, "AE_por_fila_salientes": 0.024793466393762318, "SE_por_fila_salientes": 0.0023529312022843056, "APE_por_fila_salientes": 127.20300504584905, "destino": "2803800010340", "viajes_od_totales_entrantes": 117.68, "viajes-total_entrantes": 2598.0, "viajes_od_totales_norm_entrantes": 0.54210429334807442, "viajes-total_norm_entrantes": 1.9666919000757002, "AE_por_fila_entrantes": 0.021118320162709182, "SE_por_fila_entrantes": 0.0012780379229212818, "APE_por_fila_entrantes": 102.7323347847462 }, "geometry": { "type": "MultiPolygon", "coordinates": [ [ [ [ -97.842857, 22.223515 ], [ -97.843198, 22.222684 ], [ -97.843315, 22.222383 ], [ -97.843402, 22.222169 ], [ -97.843525, 22.221874 ], [ -97.843874, 22.22107 ], [ -97.844222, 22.220246 ], [ -97.845197, 22.220646 ], [ -97.846145, 22.22104 ], [ -97.846889, 22.221359 ], [ -97.847777, 22.221742 ], [ -97.848002, 22.221838 ], [ -97.848452, 22.22203 ], [ -97.848526, 22.222061 ], [ -97.849264, 22.222377 ], [ -97.850244, 22.2228 ], [ -97.849835, 22.22358 ], [ -97.849407, 22.224367 ], [ -97.849021, 22.22508 ], [ -97.84878, 22.225524 ], [ -97.8486, 22.225856 ], [ -97.847561, 22.225437 ], [ -97.847232, 22.225307 ], [ -97.84613, 22.224865 ], [ -97.845277, 22.224522 ], [ -97.844537, 22.224216 ], [ -97.843543, 22.223805 ], [ -97.842857, 22.223515 ] ] ] ] } },
{ "type": "Feature", "properties": { "CVEGEO": "2803800010355", "POB_TOT_20": 2919.0, "POB_MASC_2": 1400.0, "POB_FEM_20": 1519.0, "origen": "2803800010355", "viajes_od_totales_salientes": 399.28, "viajes-total_salientes": 2902.0, "viajes_od_totales_norm_salientes": 1.8393219089736503, "viajes-total_norm_salientes": 2.1968205904617712, "AE_por_fila_salientes": 0.028642597425857508, "SE_por_fila_salientes": 0.0051574335548048274, "APE_por_fila_salientes": 116.07923258690992, "destino": "2803800010355", "viajes_od_totales_entrantes": 75.52, "viajes-total_entrantes": 2873.0, "viajes_od_totales_norm_entrantes": 0.34789017873594985, "viajes-total_norm_entrantes": 2.1748675246025737, "AE_por_fila_entrantes": 0.018243265449701097, "SE_por_fila_entrantes": 0.0012100998432987532, "APE_por_fila_entrantes": 84.681513653628997 }, "geometry": { "type": "MultiPolygon", "coordinates": [ [ [ [ -97.850244, 22.2228 ], [ -97.849264, 22.222377 ], [ -97.848526, 22.222061 ], [ -97.848452, 22.22203 ], [ -97.848002, 22.221838 ], [ -97.847777, 22.221742 ], [ -97.846889, 22.221359 ], [ -97.846145, 22.22104 ], [ -97.845197, 22.220646 ], [ -97.844222, 22.220246 ], [ -97.844571, 22.21942 ], [ -97.844914, 22.218629 ], [ -97.845262, 22.217827 ], [ -97.84562, 22.216995 ], [ -97.846002, 22.217159 ], [ -97.846848, 22.217523 ], [ -97.847751, 22.217911 ], [ -97.848539, 22.21825 ], [ -97.849689, 22.21874 ], [ -97.85023, 22.218967 ], [ -97.850984, 22.219287 ], [ -97.851895, 22.219677 ], [ -97.851481, 22.220455 ], [ -97.851444, 22.220531 ], [ -97.851078, 22.221212 ], [ -97.850651, 22.222025 ], [ -97.850244, 22.2228 ] ] ] ] } },
{ "type": "Feature", "properties": { "CVEGEO": "2803800010406", "POB_TOT_20": 3078.0, "POB_MASC_2": 1463.0, "POB_FEM_20": 1615.0, "origen": "2803800010406", "viajes_od_totales_salientes": 383.14, "viajes-total_salientes": 3398.0, "viajes_od_totales_norm_salientes": 1.7649714391007922, "viajes-total_norm_salientes": 2.5722937168811506, "AE_por_fila_salientes": 0.02645750921981898, "SE_por_fila_salientes": 0.0050747338496125241, "APE_por_fila_salientes": 107.14531040826976, "destino": "2803800010406", "viajes_od_totales_entrantes": 120.16, "viajes-total_entrantes": 3373.0, "viajes_od_totales_norm_entrantes": 0.55352865303114052, "viajes-total_norm_entrantes": 2.5533686601059804, "AE_por_fila_entrantes": 0.018792546657320473, "SE_por_fila_entrantes": 0.0010800427135092472, "APE_por_fila_entrantes": 90.40394310711757 }, "geometry": { "type": "MultiPolygon", "coordinates": [ [ [ [ -97.84562, 22.216995 ], [ -97.846058, 22.215975 ], [ -97.846396, 22.215133 ], [ -97.846717, 22.214277 ], [ -97.846929, 22.213788 ], [ -97.846953, 22.213726 ], [ -97.846979, 22.213733 ], [ -97.847109, 22.213707 ], [ -97.847275, 22.213708 ], [ -97.847456, 22.21377 ], [ -97.847646, 22.213838 ], [ -97.847708, 22.213868 ], [ -97.847751, 22.213889 ], [ -97.848492, 22.214253 ], [ -97.848538, 22.214273 ], [ -97.848636, 22.214316 ], [ -97.849377, 22.214654 ], [ -97.850185, 22.214986 ], [ -97.850245, 22.215013 ], [ -97.850481, 22.215123 ], [ -97.850697, 22.21533 ], [ -97.850921, 22.215595 ], [ -97.850963, 22.215669 ], [ -97.850992, 22.215719 ], [ -97.851422, 22.216352 ], [ -97.851539, 22.216493 ], [ -97.851606, 22.216567 ], [ -97.851639, 22.216602 ], [ -97.852117, 22.217107 ], [ -97.852167, 22.217155 ], [ -97.852197, 22.217184 ], [ -97.852322, 22.217334 ], [ -97.85245, 22.217502 ], [ -97.852554, 22.217647 ], [ -97.852624, 22.217762 ], [ -97.852716, 22.217918 ], [ -97.852831, 22.217999 ], [ -97.852891, 22.218041 ], [ -97.853105, 22.218133 ], [ -97.85337, 22.218227 ], [ -97.853703, 22.218355 ], [ -97.853935, 22.218444 ], [ -97.853984, 22.218558 ], [ -97.853941, 22.218699 ], [ -97.853728, 22.219056 ], [ -97.853555, 22.219251 ], [ -97.853035, 22.219921 ], [ -97.852922, 22.220151 ], [ -97.852721, 22.22073 ], [ -97.852656, 22.220937 ], [ -97.852626, 22.221027 ], [ -97.852372, 22.220926 ], [ -97.851444, 22.220531 ], [ -97.851481, 22.220455 ], [ -97.851895, 22.219677 ], [ -97.850984, 22.219287 ], [ -97.85023, 22.218967 ], [ -97.849689, 22.21874 ], [ -97.848539, 22.21825 ], [ -97.847751, 22.217911 ], [ -97.846848, 22.217523 ], [ -97.846002, 22.217159 ], [ -97.84562, 22.216995 ] ] ] ] } },
{ "type": "Feature", "properties": { "CVEGEO": "2803800010478", "POB_TOT_20": 1280.0, "POB_MASC_2": 643.0, "POB_FEM_20": 637.0, "origen": "2803800010478", "viajes_od_totales_salientes": 56.42, "viajes-total_salientes": 4110.0, "viajes_od_totales_norm_salientes": 0.25990418278975491, "viajes-total_norm_salientes": 3.1112793338380014, "AE_por_fila_salientes": 0.024923873272673328, "SE_por_fila_salientes": 0.0027043205134420368, "APE_por_fila_salientes": 92.148767065097346, "destino": "2803800010478", "viajes_od_totales_entrantes": 1131.86, "viajes-total_entrantes": 4707.0, "viajes_od_totales_norm_entrantes": 5.2140224801916339, "viajes-total_norm_entrantes": 3.563209689629069, "AE_por_fila_entrantes": 0.044366576425527042, "SE_por_fila_entrantes": 0.010517866246989114, "APE_por_fila_entrantes": 215.36772218568177 }, "geometry": { "type": "MultiPolygon", "coordinates": [ [ [ [ -97.850245, 22.215013 ], [ -97.850269, 22.214968 ], [ -97.850339, 22.214837 ], [ -97.850761, 22.214056 ], [ -97.851164, 22.213296 ], [ -97.851601, 22.212473 ], [ -97.85199, 22.211713 ], [ -97.852342, 22.211028 ], [ -97.852525, 22.210676 ], [ -97.851617, 22.210347 ], [ -97.850727, 22.210013 ], [ -97.850395, 22.209889 ], [ -97.849817, 22.209807 ], [ -97.849855, 22.209706 ], [ -97.850612, 22.209745 ], [ -97.851424, 22.209844 ], [ -97.852224, 22.209905 ], [ -97.852582, 22.209964 ], [ -97.852949, 22.210035 ], [ -97.853183, 22.210099 ], [ -97.853387, 22.210176 ], [ -97.853822, 22.210354 ], [ -97.854564, 22.210649 ], [ -97.85727, 22.211658 ], [ -97.857763, 22.21184 ], [ -97.857662, 22.212045 ], [ -97.857166, 22.211857 ], [ -97.856917, 22.212355 ], [ -97.856041, 22.212012 ], [ -97.855834, 22.212423 ], [ -97.855409, 22.213262 ], [ -97.855, 22.214033 ], [ -97.854585, 22.214818 ], [ -97.854184, 22.215591 ], [ -97.854169, 22.215635 ], [ -97.853769, 22.216367 ], [ -97.853304, 22.217184 ], [ -97.852874, 22.217926 ], [ -97.852831, 22.217999 ], [ -97.852716, 22.217918 ], [ -97.852624, 22.217762 ], [ -97.852554, 22.217647 ], [ -97.85245, 22.217502 ], [ -97.852322, 22.217334 ], [ -97.852197, 22.217184 ], [ -97.852167, 22.217155 ], [ -97.852117, 22.217107 ], [ -97.851639, 22.216602 ], [ -97.851606, 22.216567 ], [ -97.851539, 22.216493 ], [ -97.851422, 22.216352 ], [ -97.850992, 22.215719 ], [ -97.850963, 22.215669 ], [ -97.850921, 22.215595 ], [ -97.850697, 22.21533 ], [ -97.850481, 22.215123 ], [ -97.850245, 22.215013 ] ] ] ] } },
{ "type": "Feature", "properties": { "CVEGEO": "2803800010463", "POB_TOT_20": 1645.0, "POB_MASC_2": 797.0, "POB_FEM_20": 848.0, "origen": "2803800010463", "viajes_od_totales_salientes": 122.12, "viajes-total_salientes": 8180.0, "viajes_od_totales_norm_salientes": 0.56255758245807996, "viajes-total_norm_salientes": 6.1922785768357302, "AE_por_fila_salientes": 0.036594264704719735, "SE_por_fila_salientes": 0.0038764046731187655, "APE_por_fila_salientes": 91.710804474924458, "destino": "2803800010463", "viajes_od_totales_entrantes": 2395.2, "viajes-total_entrantes": 9653.0, "viajes_od_totales_norm_entrantes": 11.033720287451631, "viajes-total_norm_entrantes": 7.3073429220287665, "AE_por_fila_entrantes": 0.067039286105281232, "SE_por_fila_entrantes": 0.020183262006104999, "APE_por_fila_entrantes": 207.85853024414953 }, "geometry": { "type": "MultiPolygon", "coordinates": [ [ [ [ -97.854585, 22.214818 ], [ -97.855, 22.214033 ], [ -97.855409, 22.213262 ], [ -97.855834, 22.212423 ], [ -97.856041, 22.212012 ], [ -97.856917, 22.212355 ], [ -97.857166, 22.211857 ], [ -97.857662, 22.212045 ], [ -97.85798, 22.212167 ], [ -97.858882, 22.212506 ], [ -97.858531, 22.213231 ], [ -97.858954, 22.213387 ], [ -97.85939, 22.213662 ], [ -97.859708, 22.213922 ], [ -97.860092, 22.214325 ], [ -97.860126, 22.214363 ], [ -97.860331, 22.214696 ], [ -97.860435, 22.214958 ], [ -97.860669, 22.215063 ], [ -97.861507, 22.215435 ], [ -97.862364, 22.215808 ], [ -97.863207, 22.216174 ], [ -97.864054, 22.216543 ], [ -97.8638, 22.217046 ], [ -97.863414, 22.217828 ], [ -97.863033, 22.218644 ], [ -97.862201, 22.218265 ], [ -97.861364, 22.217886 ], [ -97.860507, 22.21749 ], [ -97.859663, 22.217108 ], [ -97.858826, 22.216725 ], [ -97.857991, 22.216345 ], [ -97.857114, 22.21595 ], [ -97.856269, 22.215575 ], [ -97.855425, 22.215187 ], [ -97.854585, 22.214818 ] ] ] ] } },
{ "type": "Feature", "properties": { "CVEGEO": "2803800010459", "POB_TOT_20": 3631.0, "POB_MASC_2": 1791.0, "POB_FEM_20": 1840.0, "origen": "2803800010459", "viajes_od_totales_salientes": 574.4, "viajes-total_salientes": 2860.0, "viajes_od_totales_norm_salientes": 2.6460291136908052, "viajes-total_norm_salientes": 2.1650264950794851, "AE_por_fila_salientes": 0.032101147659871987, "SE_por_fila_salientes": 0.0092810354744575236, "APE_por_fila_salientes": 136.10725089177342, "destino": "2803800010459", "viajes_od_totales_entrantes": 89.66, "viajes-total_entrantes": 2862.0, "viajes_od_totales_norm_entrantes": 0.41302745531601254, "viajes-total_norm_entrantes": 2.1665404996214987, "AE_por_fila_entrantes": 0.019106750609084445, "SE_por_fila_entrantes": 0.0013837890362642697, "APE_por_fila_entrantes": 80.031864845770087 }, "geometry": { "type": "MultiPolygon", "coordinates": [ [ [ [ -97.864717, 22.214684 ], [ -97.864791, 22.214708 ], [ -97.864809, 22.214764 ], [ -97.864871, 22.214887 ], [ -97.864947, 22.214985 ], [ -97.865042, 22.215106 ], [ -97.865127, 22.215216 ], [ -97.865309, 22.215428 ], [ -97.86539, 22.215497 ], [ -97.865524, 22.21561 ], [ -97.865592, 22.215728 ], [ -97.865576, 22.215745 ], [ -97.865535, 22.215789 ], [ -97.865458, 22.215828 ], [ -97.865426, 22.215845 ], [ -97.865918, 22.216694 ], [ -97.866062, 22.216869 ], [ -97.866509, 22.217409 ], [ -97.866781, 22.217647 ], [ -97.867844, 22.218578 ], [ -97.868202, 22.218923 ], [ -97.86844, 22.219201 ], [ -97.869005, 22.220235 ], [ -97.869155, 22.220465 ], [ -97.869833, 22.221184 ], [ -97.869942, 22.221363 ], [ -97.869967, 22.221404 ], [ -97.870023, 22.221612 ], [ -97.870046, 22.221713 ], [ -97.870157, 22.222338 ], [ -97.869752, 22.222475 ], [ -97.869586, 22.222531 ], [ -97.86939, 22.222598 ], [ -97.868952, 22.222744 ], [ -97.868872, 22.222384 ], [ -97.8688, 22.222174 ], [ -97.868688, 22.222014 ], [ -97.868582, 22.221923 ], [ -97.868402, 22.221761 ], [ -97.867917, 22.221375 ], [ -97.867847, 22.221321 ], [ -97.867552, 22.221154 ], [ -97.867514, 22.221144 ], [ -97.867474, 22.221133 ], [ -97.867054, 22.221131 ], [ -97.86694, 22.22113 ], [ -97.866586, 22.221128 ], [ -97.866519, 22.221128 ], [ -97.866008, 22.220889 ], [ -97.865219, 22.220549 ], [ -97.864968, 22.220442 ], [ -97.86435, 22.220177 ], [ -97.863531, 22.219814 ], [ -97.862688, 22.219441 ], [ -97.863033, 22.218644 ], [ -97.863414, 22.217828 ], [ -97.8638, 22.217046 ], [ -97.864054, 22.216543 ], [ -97.864319, 22.215996 ], [ -97.864447, 22.215718 ], [ -97.864592, 22.215408 ], [ -97.864764, 22.21508 ], [ -97.864732, 22.215067 ], [ -97.864717, 22.214684 ] ] ] ] } },
{ "type": "Feature", "properties": { "CVEGEO": "2800900010762", "POB_TOT_20": 2307.0, "POB_MASC_2": 1063.0, "POB_FEM_20": 1244.0, "origen": "2800900010762", "viajes_od_totales_salientes": 195.68, "viajes-total_salientes": 1670.0, "viajes_od_totales_norm_salientes": 0.90141883176709048, "viajes-total_norm_salientes": 1.2641937925813778, "AE_por_fila_salientes": 0.015649667266032629, "SE_por_fila_salientes": 0.00094905987789047292, "APE_por_fila_salientes": 97.060171404588388, "destino": "2800900010762", "viajes_od_totales_entrantes": 48.98, "viajes-total_entrantes": 1846.0, "viajes_od_totales_norm_entrantes": 0.22563110374055648, "viajes-total_norm_entrantes": 1.3974261922785769, "AE_por_fila_entrantes": 0.015373281108752508, "SE_por_fila_entrantes": 0.00047170137539884123, "APE_por_fila_entrantes": 93.187013316501563 }, "geometry": { "type": "MultiPolygon", "coordinates": [ [ [ [ -97.831411, 22.245809 ], [ -97.832023, 22.24641 ], [ -97.832641, 22.24704 ], [ -97.833224, 22.247638 ], [ -97.83384, 22.248248 ], [ -97.834432, 22.24885 ], [ -97.835082, 22.24953 ], [ -97.834769, 22.249799 ], [ -97.834145, 22.250336 ], [ -97.833477, 22.250878 ], [ -97.833399, 22.250942 ], [ -97.832844, 22.251412 ], [ -97.832179, 22.251976 ], [ -97.831518, 22.251321 ], [ -97.830945, 22.250728 ], [ -97.830339, 22.250112 ], [ -97.829754, 22.249484 ], [ -97.829165, 22.248858 ], [ -97.828567, 22.248252 ], [ -97.829214, 22.247682 ], [ -97.829532, 22.247422 ], [ -97.829826, 22.247157 ], [ -97.83021, 22.246838 ], [ -97.83046, 22.246612 ], [ -97.830789, 22.246338 ], [ -97.831083, 22.246073 ], [ -97.831411, 22.245809 ] ] ] ] } },
{ "type": "Feature", "properties": { "CVEGEO": "2800900010724", "POB_TOT_20": 3533.0, "POB_MASC_2": 1644.0, "POB_FEM_20": 1889.0, "origen": "2800900010724", "viajes_od_totales_salientes": 511.96, "viajes-total_salientes": 6450.0, "viajes_od_totales_norm_salientes": 2.3583932190897365, "viajes-total_norm_salientes": 4.882664647993944, "AE_por_fila_salientes": 0.029950073884221651, "SE_por_fila_salientes": 0.0034991558475899521, "APE_por_fila_salientes": 93.451245163574058, "destino": "2800900010724", "viajes_od_totales_entrantes": 287.18, "viajes-total_entrantes": 6624.0, "viajes_od_totales_norm_entrantes": 1.3229224249124747, "viajes-total_norm_entrantes": 5.0143830431491292, "AE_por_fila_entrantes": 0.024635953236740196, "SE_por_fila_entrantes": 0.0023074307323128888, "APE_por_fila_entrantes": 82.889362627434764 }, "geometry": { "type": "MultiPolygon", "coordinates": [ [ [ [ -97.835268, 22.249392 ], [ -97.83535, 22.24933 ], [ -97.83564, 22.248999 ], [ -97.835702, 22.248917 ], [ -97.836151, 22.248237 ], [ -97.836169, 22.248206 ], [ -97.836964, 22.24864 ], [ -97.837734, 22.249052 ], [ -97.838491, 22.249453 ], [ -97.839259, 22.249864 ], [ -97.840059, 22.250276 ], [ -97.84082, 22.250682 ], [ -97.841624, 22.25111 ], [ -97.842358, 22.25151 ], [ -97.843142, 22.251927 ], [ -97.843889, 22.252341 ], [ -97.844639, 22.252745 ], [ -97.845429, 22.253156 ], [ -97.846204, 22.253544 ], [ -97.845749, 22.254287 ], [ -97.845261, 22.255053 ], [ -97.84482, 22.255746 ], [ -97.844681, 22.255925 ], [ -97.844557, 22.256062 ], [ -97.843841, 22.256646 ], [ -97.844081, 22.256888 ], [ -97.844187, 22.256995 ], [ -97.84449, 22.257296 ], [ -97.844601, 22.257316 ], [ -97.844115, 22.258047 ], [ -97.843919, 22.257772 ], [ -97.843579, 22.257441 ], [ -97.843264, 22.257134 ], [ -97.842678, 22.256589 ], [ -97.842055, 22.25598 ], [ -97.841446, 22.255387 ], [ -97.840849, 22.254793 ], [ -97.840234, 22.25416 ], [ -97.839664, 22.253551 ], [ -97.839066, 22.25291 ], [ -97.838482, 22.252305 ], [ -97.837878, 22.251687 ], [ -97.837255, 22.251044 ], [ -97.836653, 22.250431 ], [ -97.836047, 22.249822 ], [ -97.835822, 22.249576 ], [ -97.835595, 22.249554 ], [ -97.835458, 22.249499 ], [ -97.835268, 22.249392 ] ] ] ] } },
{ "type": "Feature", "properties": { "CVEGEO": "2800900010705", "POB_TOT_20": 3300.0, "POB_MASC_2": 1532.0, "POB_FEM_20": 1768.0, "origen": "2800900010705", "viajes_od_totales_salientes": 396.26, "viajes-total_salientes": 5252.0, "viajes_od_totales_norm_salientes": 1.8254099871015292, "viajes-total_norm_salientes": 3.9757759273277817, "AE_por_fila_salientes": 0.029746423070114981, "SE_por_fila_salientes": 0.0046934626398905882, "APE_por_fila_salientes": 94.531989184182123, "destino": "2800900010705", "viajes_od_totales_entrantes": 211.26, "viajes-total_entrantes": 5589.0, "viajes_od_totales_norm_entrantes": 0.97318960751796568, "viajes-total_norm_entrantes": 4.2308856926570781, "AE_por_fila_entrantes": 0.025542694512572958, "SE_por_fila_entrantes": 0.0021587332272076051, "APE_por_fila_entrantes": 84.324156308962714 }, "geometry": { "type": "MultiPolygon", "coordinates": [ [ [ [ -97.835268, 22.249392 ], [ -97.835458, 22.249499 ], [ -97.835595, 22.249554 ], [ -97.835822, 22.249576 ], [ -97.836047, 22.249822 ], [ -97.836653, 22.250431 ], [ -97.837255, 22.251044 ], [ -97.837878, 22.251687 ], [ -97.838482, 22.252305 ], [ -97.839066, 22.25291 ], [ -97.839664, 22.253551 ], [ -97.840234, 22.25416 ], [ -97.840849, 22.254793 ], [ -97.841446, 22.255387 ], [ -97.842055, 22.25598 ], [ -97.842678, 22.256589 ], [ -97.843264, 22.257134 ], [ -97.843579, 22.257441 ], [ -97.843919, 22.257772 ], [ -97.843171, 22.25837 ], [ -97.84256, 22.258902 ], [ -97.841911, 22.259441 ], [ -97.8413, 22.258805 ], [ -97.840716, 22.258214 ], [ -97.840126, 22.257615 ], [ -97.839514, 22.257 ], [ -97.838921, 22.256403 ], [ -97.83832, 22.255792 ], [ -97.837728, 22.255171 ], [ -97.837579, 22.255295 ], [ -97.837537, 22.255325 ], [ -97.8375, 22.25535 ], [ -97.83716, 22.254502 ], [ -97.837074, 22.254572 ], [ -97.836526, 22.253936 ], [ -97.835928, 22.253311 ], [ -97.835332, 22.252733 ], [ -97.834718, 22.252149 ], [ -97.834085, 22.251543 ], [ -97.834054, 22.25147 ], [ -97.833477, 22.250878 ], [ -97.834145, 22.250336 ], [ -97.834769, 22.249799 ], [ -97.835082, 22.24953 ], [ -97.835127, 22.249497 ], [ -97.835193, 22.249447 ], [ -97.835268, 22.249392 ] ] ] ] } },
{ "type": "Feature", "properties": { "CVEGEO": "280090001071A", "POB_TOT_20": 3620.0, "POB_MASC_2": 1706.0, "POB_FEM_20": 1914.0, "origen": "280090001071A", "viajes_od_totales_salientes": 400.9, "viajes-total_salientes": 5224.0, "viajes_od_totales_norm_salientes": 1.8467845955408144, "viajes-total_norm_salientes": 3.9545798637395913, "AE_por_fila_salientes": 0.024812093381071054, "SE_por_fila_salientes": 0.0024420168197262803, "APE_por_fila_salientes": 111.01701332640435, "destino": null, "viajes_od_totales_entrantes": null, "viajes-total_entrantes": null, "viajes_od_totales_norm_entrantes": null, "viajes-total_norm_entrantes": null, "AE_por_fila_entrantes": null, "SE_por_fila_entrantes": null, "APE_por_fila_entrantes": null }, "geometry": { "type": "MultiPolygon", "coordinates": [ [ [ [ -97.833477, 22.250878 ], [ -97.834054, 22.25147 ], [ -97.834085, 22.251543 ], [ -97.834718, 22.252149 ], [ -97.835332, 22.252733 ], [ -97.835928, 22.253311 ], [ -97.836526, 22.253936 ], [ -97.837074, 22.254572 ], [ -97.83645, 22.255107 ], [ -97.835822, 22.255651 ], [ -97.835167, 22.25622 ], [ -97.834535, 22.256769 ], [ -97.833849, 22.257371 ], [ -97.83325, 22.257888 ], [ -97.832572, 22.258453 ], [ -97.831898, 22.259004 ], [ -97.8313, 22.25839 ], [ -97.830707, 22.257787 ], [ -97.830111, 22.257169 ], [ -97.829519, 22.25657 ], [ -97.82891, 22.255951 ], [ -97.828272, 22.255288 ], [ -97.828887, 22.254757 ], [ -97.829532, 22.254203 ], [ -97.830231, 22.253603 ], [ -97.830864, 22.253075 ], [ -97.831516, 22.25253 ], [ -97.832179, 22.251976 ], [ -97.832844, 22.251412 ], [ -97.833399, 22.250942 ], [ -97.833477, 22.250878 ] ] ] ] } },
{ "type": "Feature", "properties": { "CVEGEO": "2800900010813", "POB_TOT_20": 3621.0, "POB_MASC_2": 1729.0, "POB_FEM_20": 1892.0, "origen": "2800900010813", "viajes_od_totales_salientes": 356.62, "viajes-total_salientes": 3321.0, "viajes_od_totales_norm_salientes": 1.6428044960383268, "viajes-total_norm_salientes": 2.5140045420136259, "AE_por_fila_salientes": 0.019946286514420486, "SE_por_fila_salientes": 0.0013030763773065302, "APE_por_fila_salientes": 104.28352769350394, "destino": "2800900010813", "viajes_od_totales_entrantes": 130.06, "viajes-total_entrantes": 3510.0, "viajes_od_totales_norm_entrantes": 0.59913395983047724, "viajes-total_norm_entrantes": 2.6570779712339139, "AE_por_fila_entrantes": 0.019299101695847611, "SE_por_fila_entrantes": 0.0012889956302211756, "APE_por_fila_entrantes": 82.82661888198389 }, "geometry": { "type": "MultiPolygon", "coordinates": [ [ [ [ -97.843919, 22.245715 ], [ -97.844353, 22.245029 ], [ -97.844793, 22.244328 ], [ -97.845047, 22.243914 ], [ -97.845348, 22.243955 ], [ -97.845749, 22.24333 ], [ -97.846089, 22.242774 ], [ -97.846446, 22.242213 ], [ -97.846788, 22.241644 ], [ -97.847156, 22.24104 ], [ -97.847962, 22.241467 ], [ -97.848715, 22.241869 ], [ -97.848744, 22.241885 ], [ -97.849593, 22.242345 ], [ -97.850421, 22.242776 ], [ -97.851232, 22.243207 ], [ -97.852022, 22.24364 ], [ -97.851655, 22.24422 ], [ -97.851282, 22.244776 ], [ -97.850909, 22.245315 ], [ -97.850529, 22.245113 ], [ -97.850315, 22.245438 ], [ -97.849861, 22.246113 ], [ -97.849442, 22.246769 ], [ -97.848977, 22.247491 ], [ -97.848512, 22.248191 ], [ -97.847983, 22.247914 ], [ -97.84772, 22.247774 ], [ -97.846945, 22.247351 ], [ -97.846185, 22.246927 ], [ -97.845438, 22.246521 ], [ -97.844683, 22.246118 ], [ -97.843919, 22.245715 ] ] ] ] } },
{ "type": "Feature", "properties": { "CVEGEO": "2800900010758", "POB_TOT_20": 3009.0, "POB_MASC_2": 1374.0, "POB_FEM_20": 1635.0, "origen": "2800900010758", "viajes_od_totales_salientes": 470.6, "viajes-total_salientes": 6400.0, "viajes_od_totales_norm_salientes": 2.1678643817947298, "viajes-total_norm_salientes": 4.8448145344436035, "AE_por_fila_salientes": 0.029394899949218581, "SE_por_fila_salientes": 0.0030168449035742964, "APE_por_fila_salientes": 88.372203045353686, "destino": "2800900010758", "viajes_od_totales_entrantes": 247.46, "viajes-total_entrantes": 6964.0, "viajes_od_totales_norm_entrantes": 1.1399484061175604, "viajes-total_norm_entrantes": 5.2717638152914459, "AE_por_fila_entrantes": 0.028361798230753979, "SE_por_fila_entrantes": 0.0021971945460208249, "APE_por_fila_entrantes": 81.76768024827534 }, "geometry": { "type": "MultiPolygon", "coordinates": [ [ [ [ -97.843919, 22.245715 ], [ -97.844683, 22.246118 ], [ -97.845438, 22.246521 ], [ -97.846185, 22.246927 ], [ -97.846945, 22.247351 ], [ -97.84772, 22.247774 ], [ -97.847983, 22.247914 ], [ -97.848512, 22.248191 ], [ -97.848058, 22.248909 ], [ -97.847597, 22.249618 ], [ -97.847126, 22.250336 ], [ -97.846661, 22.251109 ], [ -97.846262, 22.251756 ], [ -97.845844, 22.252459 ], [ -97.845429, 22.253156 ], [ -97.844639, 22.252745 ], [ -97.843889, 22.252341 ], [ -97.843142, 22.251927 ], [ -97.842358, 22.25151 ], [ -97.841624, 22.25111 ], [ -97.84082, 22.250682 ], [ -97.841234, 22.249978 ], [ -97.841662, 22.249294 ], [ -97.842114, 22.248559 ], [ -97.842545, 22.247868 ], [ -97.843028, 22.247119 ], [ -97.843465, 22.24644 ], [ -97.843919, 22.245715 ] ] ] ] } },
{ "type": "Feature", "properties": { "CVEGEO": "2800900010796", "POB_TOT_20": 2418.0, "POB_MASC_2": 1101.0, "POB_FEM_20": 1317.0, "origen": "2800900010796", "viajes_od_totales_salientes": 382.8, "viajes-total_salientes": 5188.0, "viajes_od_totales_norm_salientes": 1.7634051962410171, "viajes-total_norm_salientes": 3.9273277819833456, "AE_por_fila_salientes": 0.028938356413742539, "SE_por_fila_salientes": 0.0042365868707923172, "APE_por_fila_salientes": 86.374265689465929, "destino": "2800900010796", "viajes_od_totales_entrantes": 747.5, "viajes-total_entrantes": 5790.0, "viajes_od_totales_norm_entrantes": 3.4434309931822371, "viajes-total_norm_entrantes": 4.3830431491294473, "AE_por_fila_entrantes": 0.033334238632658213, "SE_por_fila_entrantes": 0.0030759790034535959, "APE_por_fila_entrantes": 111.60105109560797 }, "geometry": { "type": "MultiPolygon", "coordinates": [ [ [ [ -97.843919, 22.245715 ], [ -97.843465, 22.24644 ], [ -97.843028, 22.247119 ], [ -97.842545, 22.247868 ], [ -97.842114, 22.248559 ], [ -97.841662, 22.249294 ], [ -97.841234, 22.249978 ], [ -97.84082, 22.250682 ], [ -97.840059, 22.250276 ], [ -97.839259, 22.249864 ], [ -97.838491, 22.249453 ], [ -97.837734, 22.249052 ], [ -97.836964, 22.24864 ], [ -97.836169, 22.248206 ], [ -97.836591, 22.247475 ], [ -97.837036, 22.246757 ], [ -97.837454, 22.246081 ], [ -97.837918, 22.24534 ], [ -97.838363, 22.244613 ], [ -97.838792, 22.243922 ], [ -97.839238, 22.243204 ], [ -97.840116, 22.243671 ], [ -97.840879, 22.244087 ], [ -97.841619, 22.244481 ], [ -97.84239, 22.244899 ], [ -97.843159, 22.245313 ], [ -97.843919, 22.245715 ] ] ] ] } },
{ "type": "Feature", "properties": { "CVEGEO": "2803800010393", "POB_TOT_20": 1877.0, "POB_MASC_2": 892.0, "POB_FEM_20": 985.0, "origen": "2803800010393", "viajes_od_totales_salientes": 212.88, "viajes-total_salientes": 6331.0, "viajes_od_totales_norm_salientes": 0.98065229408512988, "viajes-total_norm_salientes": 4.7925813777441331, "AE_por_fila_salientes": 0.032735515472753107, "SE_por_fila_salientes": 0.0036578481286874314, "APE_por_fila_salientes": 93.635440368912754, "destino": "2803800010393", "viajes_od_totales_entrantes": 1117.96, "viajes-total_entrantes": 7745.0, "viajes_od_totales_norm_entrantes": 5.1499907868067067, "viajes-total_norm_entrantes": 5.8629825889477667, "AE_por_fila_entrantes": 0.045703612079906232, "SE_por_fila_entrantes": 0.0063816138235661428, "APE_por_fila_entrantes": 150.17876150703884 }, "geometry": { "type": "MultiPolygon", "coordinates": [ [ [ [ -97.852626, 22.221027 ], [ -97.852656, 22.220937 ], [ -97.852721, 22.22073 ], [ -97.852922, 22.220151 ], [ -97.853035, 22.219921 ], [ -97.853555, 22.219251 ], [ -97.853728, 22.219056 ], [ -97.853941, 22.218699 ], [ -97.853984, 22.218558 ], [ -97.853935, 22.218444 ], [ -97.853703, 22.218355 ], [ -97.85337, 22.218227 ], [ -97.853105, 22.218133 ], [ -97.852891, 22.218041 ], [ -97.852831, 22.217999 ], [ -97.852874, 22.217926 ], [ -97.853304, 22.217184 ], [ -97.853769, 22.216367 ], [ -97.854169, 22.215635 ], [ -97.854184, 22.215591 ], [ -97.854585, 22.214818 ], [ -97.855425, 22.215187 ], [ -97.856269, 22.215575 ], [ -97.857114, 22.21595 ], [ -97.857991, 22.216345 ], [ -97.858826, 22.216725 ], [ -97.858413, 22.217515 ], [ -97.858012, 22.218279 ], [ -97.857585, 22.21912 ], [ -97.857188, 22.219923 ], [ -97.856788, 22.220694 ], [ -97.856339, 22.221556 ], [ -97.856142, 22.221982 ], [ -97.855832, 22.221874 ], [ -97.855476, 22.221823 ], [ -97.855002, 22.221827 ], [ -97.854452, 22.221786 ], [ -97.854045, 22.221664 ], [ -97.853211, 22.221286 ], [ -97.852793, 22.221097 ], [ -97.852626, 22.221027 ] ] ] ] } },
{ "type": "Feature", "properties": { "CVEGEO": "2803800010798", "POB_TOT_20": 345.0, "POB_MASC_2": 283.0, "POB_FEM_20": 62.0, "origen": "2803800010798", "viajes_od_totales_salientes": 3.32, "viajes-total_salientes": 1161.0, "viajes_od_totales_norm_salientes": 0.015293900866040169, "viajes-total_norm_salientes": 0.87887963663890989, "AE_por_fila_salientes": 0.014157143209391309, "SE_por_fila_salientes": 0.0005336884138043205, "APE_por_fila_salientes": 94.907236525531246, "destino": "2803800010798", "viajes_od_totales_entrantes": 21.54, "viajes-total_entrantes": 1260.0, "viajes_od_totales_norm_entrantes": 0.099226091763405189, "viajes-total_norm_entrantes": 0.95382286146858442, "AE_por_fila_entrantes": 0.012225386187080738, "SE_por_fila_entrantes": 0.00041817467485576984, "APE_por_fila_entrantes": 85.504051798911505 }, "geometry": { "type": "MultiPolygon", "coordinates": [ [ [ [ -97.852626, 22.221027 ], [ -97.852793, 22.221097 ], [ -97.853211, 22.221286 ], [ -97.854045, 22.221664 ], [ -97.854452, 22.221786 ], [ -97.855002, 22.221827 ], [ -97.855476, 22.221823 ], [ -97.855832, 22.221874 ], [ -97.856142, 22.221982 ], [ -97.856383, 22.22218 ], [ -97.856569, 22.222465 ], [ -97.856612, 22.222641 ], [ -97.856644, 22.222773 ], [ -97.856613, 22.223131 ], [ -97.856442, 22.223516 ], [ -97.856114, 22.224257 ], [ -97.856108, 22.224317 ], [ -97.856078, 22.224642 ], [ -97.856243, 22.225054 ], [ -97.856691, 22.225348 ], [ -97.857095, 22.225447 ], [ -97.857685, 22.225501 ], [ -97.858164, 22.225671 ], [ -97.858453, 22.225963 ], [ -97.858505, 22.226081 ], [ -97.85862, 22.226378 ], [ -97.85887, 22.227355 ], [ -97.858976, 22.227786 ], [ -97.859204, 22.228647 ], [ -97.859406, 22.229354 ], [ -97.859608, 22.230076 ], [ -97.859621, 22.230713 ], [ -97.8596, 22.230779 ], [ -97.859592, 22.230805 ], [ -97.859521, 22.231025 ], [ -97.859259, 22.231416 ], [ -97.859207, 22.231479 ], [ -97.859086, 22.231627 ], [ -97.85844, 22.23235 ], [ -97.857955, 22.23286 ], [ -97.857171, 22.233621 ], [ -97.857132, 22.233712 ], [ -97.857072, 22.233849 ], [ -97.857049, 22.234103 ], [ -97.857044, 22.234158 ], [ -97.857139, 22.234554 ], [ -97.857259, 22.234756 ], [ -97.857458, 22.234953 ], [ -97.858187, 22.235545 ], [ -97.858473, 22.235778 ], [ -97.858696, 22.236006 ], [ -97.858848, 22.236202 ], [ -97.858933, 22.236581 ], [ -97.858961, 22.236682 ], [ -97.858977, 22.237038 ], [ -97.858828, 22.237617 ], [ -97.858731, 22.238144 ], [ -97.858587, 22.238747 ], [ -97.858483, 22.239298 ], [ -97.858361, 22.239862 ], [ -97.858211, 22.240195 ], [ -97.85807, 22.240409 ], [ -97.857936, 22.240592 ], [ -97.857699, 22.240746 ], [ -97.857385, 22.240968 ], [ -97.856804, 22.241164 ], [ -97.85634, 22.241434 ], [ -97.855778, 22.241758 ], [ -97.855112, 22.242129 ], [ -97.855031, 22.242173 ], [ -97.854955, 22.242026 ], [ -97.854073, 22.240944 ], [ -97.853831, 22.240486 ], [ -97.853805, 22.240414 ], [ -97.853766, 22.240312 ], [ -97.853548, 22.239611 ], [ -97.853463, 22.23925 ], [ -97.853254, 22.238853 ], [ -97.852748, 22.23826 ], [ -97.852319, 22.237956 ], [ -97.85186, 22.237746 ], [ -97.850906, 22.237484 ], [ -97.850417, 22.23735 ], [ -97.849999, 22.237211 ], [ -97.849788, 22.237067 ], [ -97.849676, 22.236991 ], [ -97.849512, 22.236749 ], [ -97.849348, 22.23647 ], [ -97.848757, 22.235069 ], [ -97.84866, 22.234839 ], [ -97.848617, 22.234716 ], [ -97.848602, 22.234671 ], [ -97.848365, 22.233786 ], [ -97.848286, 22.233518 ], [ -97.848181, 22.233296 ], [ -97.848013, 22.232895 ], [ -97.847854, 22.232633 ], [ -97.847706, 22.232421 ], [ -97.847588, 22.232274 ], [ -97.846926, 22.23118 ], [ -97.84678, 22.230941 ], [ -97.846706, 22.230791 ], [ -97.846641, 22.230495 ], [ -97.846602, 22.230319 ], [ -97.846562, 22.229867 ], [ -97.846714, 22.229395 ], [ -97.846935, 22.228993 ], [ -97.847363, 22.228204 ], [ -97.847753, 22.227451 ], [ -97.848004, 22.226967 ], [ -97.848189, 22.226614 ], [ -97.8486, 22.225856 ], [ -97.84878, 22.225524 ], [ -97.849021, 22.22508 ], [ -97.849407, 22.224367 ], [ -97.849835, 22.22358 ], [ -97.850244, 22.2228 ], [ -97.850651, 22.222025 ], [ -97.851078, 22.221212 ], [ -97.851444, 22.220531 ], [ -97.852372, 22.220926 ], [ -97.852626, 22.221027 ] ] ] ] } },
{ "type": "Feature", "properties": { "CVEGEO": "2803800010232", "POB_TOT_20": 2988.0, "POB_MASC_2": 1423.0, "POB_FEM_20": 1565.0, "origen": "2803800010232", "viajes_od_totales_salientes": 291.62, "viajes-total_salientes": 3895.0, "viajes_od_totales_norm_salientes": 1.3433757140224802, "viajes-total_norm_salientes": 2.9485238455715366, "AE_por_fila_salientes": 0.019101354629414435, "SE_por_fila_salientes": 0.00117140125834647, "APE_por_fila_salientes": 108.03461530370393, "destino": "2803800010232", "viajes_od_totales_entrantes": 134.78, "viajes-total_entrantes": 4070.0, "viajes_od_totales_norm_entrantes": 0.62087709600147412, "viajes-total_norm_entrantes": 3.0809992429977289, "AE_por_fila_entrantes": 0.022126358701906396, "SE_por_fila_entrantes": 0.0016251763323426309, "APE_por_fila_entrantes": 88.951818277563504 }, "geometry": { "type": "MultiPolygon", "coordinates": [ [ [ [ -97.850906, 22.237484 ], [ -97.85186, 22.237746 ], [ -97.852319, 22.237956 ], [ -97.852748, 22.23826 ], [ -97.853254, 22.238853 ], [ -97.853463, 22.23925 ], [ -97.853548, 22.239611 ], [ -97.853766, 22.240312 ], [ -97.853805, 22.240414 ], [ -97.853831, 22.240486 ], [ -97.854073, 22.240944 ], [ -97.854955, 22.242026 ], [ -97.855031, 22.242173 ], [ -97.855169, 22.242496 ], [ -97.855303, 22.242813 ], [ -97.855327, 22.243244 ], [ -97.855326, 22.243295 ], [ -97.855325, 22.243652 ], [ -97.855325, 22.244199 ], [ -97.855303, 22.244553 ], [ -97.855243, 22.245351 ], [ -97.853492, 22.244434 ], [ -97.852739, 22.244022 ], [ -97.852022, 22.24364 ], [ -97.851232, 22.243207 ], [ -97.850421, 22.242776 ], [ -97.849593, 22.242345 ], [ -97.848744, 22.241885 ], [ -97.848715, 22.241869 ], [ -97.849011, 22.241304 ], [ -97.849722, 22.239946 ], [ -97.850055, 22.239301 ], [ -97.850377, 22.23868 ], [ -97.850671, 22.238085 ], [ -97.850906, 22.237484 ] ] ] ] } },
{ "type": "Feature", "properties": { "CVEGEO": "2800900010635", "POB_TOT_20": 1766.0, "POB_MASC_2": 807.0, "POB_FEM_20": 959.0, "origen": "2800900010635", "viajes_od_totales_salientes": 242.78, "viajes-total_salientes": 7619.0, "viajes_od_totales_norm_salientes": 1.1183895338124192, "viajes-total_norm_salientes": 5.7676003028009086, "AE_por_fila_salientes": 0.033453327100533913, "SE_por_fila_salientes": 0.0055045911959782489, "APE_por_fila_salientes": 85.731564823344996, "destino": "2800900010635", "viajes_od_totales_entrantes": 153.72, "viajes-total_entrantes": 7984.0, "viajes_od_totales_norm_entrantes": 0.70812603648424544, "viajes-total_norm_entrantes": 6.0439061317183951, "AE_por_fila_entrantes": 0.034303964200853333, "SE_por_fila_entrantes": 0.0066430263695579092, "APE_por_fila_entrantes": 84.834284548664328 }, "geometry": { "type": "MultiPolygon", "coordinates": [ [ [ [ -97.843919, 22.257772 ], [ -97.844115, 22.258047 ], [ -97.843659, 22.258799 ], [ -97.843378, 22.259298 ], [ -97.843245, 22.259528 ], [ -97.84308, 22.259817 ], [ -97.843507, 22.260047 ], [ -97.843569, 22.260072 ], [ -97.843618, 22.260095 ], [ -97.843951, 22.260257 ], [ -97.844185, 22.26037 ], [ -97.844829, 22.260661 ], [ -97.845491, 22.260986 ], [ -97.845663, 22.261073 ], [ -97.846161, 22.261313 ], [ -97.846544, 22.261478 ], [ -97.846842, 22.261605 ], [ -97.847411, 22.261849 ], [ -97.847454, 22.261868 ], [ -97.84815, 22.26217 ], [ -97.84823, 22.262204 ], [ -97.848799, 22.262452 ], [ -97.849112, 22.262587 ], [ -97.849415, 22.262719 ], [ -97.849973, 22.262961 ], [ -97.849699, 22.263679 ], [ -97.849419, 22.264438 ], [ -97.848895, 22.265821 ], [ -97.848787, 22.266106 ], [ -97.848343, 22.267299 ], [ -97.848225, 22.26729 ], [ -97.847448, 22.267042 ], [ -97.84651, 22.266744 ], [ -97.845641, 22.266467 ], [ -97.845675, 22.266377 ], [ -97.846107, 22.265244 ], [ -97.845181, 22.264949 ], [ -97.84429, 22.264665 ], [ -97.843367, 22.264371 ], [ -97.843511, 22.263996 ], [ -97.844015, 22.262682 ], [ -97.843108, 22.262387 ], [ -97.842221, 22.262099 ], [ -97.841871, 22.263051 ], [ -97.84119, 22.262325 ], [ -97.840604, 22.261707 ], [ -97.839992, 22.26106 ], [ -97.840632, 22.260534 ], [ -97.841256, 22.260005 ], [ -97.841911, 22.259441 ], [ -97.84256, 22.258902 ], [ -97.843171, 22.25837 ], [ -97.843919, 22.257772 ] ] ] ] } },
{ "type": "Feature", "properties": { "CVEGEO": "2800900010688", "POB_TOT_20": 2870.0, "POB_MASC_2": 1333.0, "POB_FEM_20": 1537.0, "origen": "2800900010688", "viajes_od_totales_salientes": 220.96, "viajes-total_salientes": 3384.0, "viajes_od_totales_norm_salientes": 1.0178735949880229, "viajes-total_norm_salientes": 2.5616956850870554, "AE_por_fila_salientes": 0.016151823931413661, "SE_por_fila_salientes": 0.00055234806883935569, "APE_por_fila_salientes": 94.469604526446091, "destino": "2800900010688", "viajes_od_totales_entrantes": 95.62, "viajes-total_entrantes": 3944.0, "viajes_od_totales_norm_entrantes": 0.44048277132854247, "viajes-total_norm_entrantes": 2.9856169568508704, "AE_por_fila_entrantes": 0.019560906233464001, "SE_por_fila_entrantes": 0.0008559555544978536, "APE_por_fila_entrantes": 88.456946051357079 }, "geometry": { "type": "MultiPolygon", "coordinates": [ [ [ [ -97.841911, 22.259441 ], [ -97.841256, 22.260005 ], [ -97.840632, 22.260534 ], [ -97.839992, 22.26106 ], [ -97.839968, 22.261085 ], [ -97.83993, 22.261123 ], [ -97.839889, 22.261157 ], [ -97.839351, 22.261638 ], [ -97.839094, 22.26137 ], [ -97.838724, 22.260984 ], [ -97.838116, 22.260385 ], [ -97.837509, 22.25978 ], [ -97.836917, 22.259196 ], [ -97.836329, 22.258623 ], [ -97.836112, 22.258799 ], [ -97.835869, 22.259009 ], [ -97.835653, 22.259186 ], [ -97.835435, 22.259372 ], [ -97.835056, 22.259679 ], [ -97.834714, 22.259981 ], [ -97.834354, 22.260276 ], [ -97.833671, 22.260859 ], [ -97.833078, 22.260216 ], [ -97.832484, 22.259605 ], [ -97.831898, 22.259004 ], [ -97.832572, 22.258453 ], [ -97.83325, 22.257888 ], [ -97.833849, 22.257371 ], [ -97.834535, 22.256769 ], [ -97.835167, 22.25622 ], [ -97.835822, 22.255651 ], [ -97.83645, 22.255107 ], [ -97.837074, 22.254572 ], [ -97.83716, 22.254502 ], [ -97.8375, 22.25535 ], [ -97.837537, 22.255325 ], [ -97.837579, 22.255295 ], [ -97.837728, 22.255171 ], [ -97.83832, 22.255792 ], [ -97.838921, 22.256403 ], [ -97.839514, 22.257 ], [ -97.840126, 22.257615 ], [ -97.840716, 22.258214 ], [ -97.8413, 22.258805 ], [ -97.841911, 22.259441 ] ] ] ] } },
{ "type": "Feature", "properties": { "CVEGEO": "2800900011065", "POB_TOT_20": 1390.0, "POB_MASC_2": 644.0, "POB_FEM_20": 746.0, "origen": "2800900011065", "viajes_od_totales_salientes": 52.7, "viajes-total_salientes": 1356.0, "viajes_od_totales_norm_salientes": 0.24276764326515568, "viajes-total_norm_salientes": 1.0264950794852385, "AE_por_fila_salientes": 0.012791747633734394, "SE_por_fila_salientes": 0.00035371105830263425, "APE_por_fila_salientes": 90.867116656300198, "destino": "2800900011065", "viajes_od_totales_entrantes": 16.42, "viajes-total_entrantes": 1589.0, "viajes_od_totales_norm_entrantes": 0.075640316933849275, "viajes-total_norm_entrantes": 1.2028766086298259, "AE_por_fila_entrantes": 0.013677014669246293, "SE_por_fila_entrantes": 0.00036704801279449075, "APE_por_fila_entrantes": 93.970248202938507 }, "geometry": { "type": "MultiPolygon", "coordinates": [ [ [ [ -97.833671, 22.260859 ], [ -97.834354, 22.260276 ], [ -97.834714, 22.259981 ], [ -97.835056, 22.259679 ], [ -97.835435, 22.259372 ], [ -97.835653, 22.259186 ], [ -97.835869, 22.259009 ], [ -97.836112, 22.258799 ], [ -97.836329, 22.258623 ], [ -97.836917, 22.259196 ], [ -97.837509, 22.25978 ], [ -97.837272, 22.259979 ], [ -97.837026, 22.260181 ], [ -97.836809, 22.260361 ], [ -97.836585, 22.260546 ], [ -97.836537, 22.260585 ], [ -97.836215, 22.260856 ], [ -97.836806, 22.261465 ], [ -97.836455, 22.261755 ], [ -97.836096, 22.26205 ], [ -97.836174, 22.26213 ], [ -97.836398, 22.262365 ], [ -97.836683, 22.262646 ], [ -97.835754, 22.263411 ], [ -97.834733, 22.264234 ], [ -97.83462, 22.263879 ], [ -97.834512, 22.263568 ], [ -97.834406, 22.263243 ], [ -97.834295, 22.262902 ], [ -97.834193, 22.262603 ], [ -97.834175, 22.262542 ], [ -97.833911, 22.261754 ], [ -97.834268, 22.261466 ], [ -97.834097, 22.261285 ], [ -97.833671, 22.260859 ] ] ] ] } },
{ "type": "Feature", "properties": { "CVEGEO": "280090001064A", "POB_TOT_20": 3585.0, "POB_MASC_2": 1708.0, "POB_FEM_20": 1877.0, "origen": "280090001064A", "viajes_od_totales_salientes": 143.12, "viajes-total_salientes": 2870.0, "viajes_od_totales_norm_salientes": 0.65929611203243044, "viajes-total_norm_salientes": 2.1725965177895534, "AE_por_fila_salientes": 0.014769652635460769, "SE_por_fila_salientes": 0.00057349655761451581, "APE_por_fila_salientes": 83.032842645550048, "destino": null, "viajes_od_totales_entrantes": null, "viajes-total_entrantes": null, "viajes_od_totales_norm_entrantes": null, "viajes-total_norm_entrantes": null, "AE_por_fila_entrantes": null, "SE_por_fila_entrantes": null, "APE_por_fila_entrantes": null }, "geometry": { "type": "MultiPolygon", "coordinates": [ [ [ [ -97.831898, 22.259004 ], [ -97.832484, 22.259605 ], [ -97.833078, 22.260216 ], [ -97.832473, 22.260695 ], [ -97.831984, 22.261102 ], [ -97.831478, 22.261525 ], [ -97.83089, 22.260933 ], [ -97.830575, 22.260608 ], [ -97.830281, 22.260303 ], [ -97.830141, 22.26042 ], [ -97.829609, 22.259838 ], [ -97.829004, 22.260366 ], [ -97.828341, 22.260928 ], [ -97.827718, 22.261465 ], [ -97.826955, 22.262106 ], [ -97.826125, 22.262799 ], [ -97.82666, 22.263349 ], [ -97.82714, 22.263843 ], [ -97.827311, 22.264017 ], [ -97.826427, 22.264765 ], [ -97.825992, 22.265139 ], [ -97.825809, 22.265296 ], [ -97.825088, 22.265906 ], [ -97.824503, 22.266407 ], [ -97.823894, 22.265794 ], [ -97.823312, 22.265196 ], [ -97.822694, 22.264575 ], [ -97.822114, 22.263992 ], [ -97.822711, 22.263479 ], [ -97.823371, 22.262914 ], [ -97.824016, 22.262357 ], [ -97.824919, 22.261581 ], [ -97.825729, 22.260896 ], [ -97.826525, 22.260219 ], [ -97.826908, 22.259878 ], [ -97.827138, 22.259689 ], [ -97.827796, 22.259129 ], [ -97.82843, 22.258581 ], [ -97.82904, 22.258069 ], [ -97.82954, 22.257639 ], [ -97.830111, 22.257169 ], [ -97.830707, 22.257787 ], [ -97.8313, 22.25839 ], [ -97.831898, 22.259004 ] ] ] ] } },
{ "type": "Feature", "properties": { "CVEGEO": "2800900010669", "POB_TOT_20": 1663.0, "POB_MASC_2": 729.0, "POB_FEM_20": 934.0, "origen": "2800900010669", "viajes_od_totales_salientes": 271.44, "viajes-total_salientes": 5320.0, "viajes_od_totales_norm_salientes": 1.2504145936981759, "viajes-total_norm_salientes": 4.0272520817562452, "AE_por_fila_salientes": 0.032629709915750066, "SE_por_fila_salientes": 0.004143975459377152, "APE_por_fila_salientes": 108.9276688172895, "destino": "2800900010669", "viajes_od_totales_entrantes": 98.72, "viajes-total_entrantes": 5643.0, "viajes_od_totales_norm_entrantes": 0.45476322093237515, "viajes-total_norm_entrantes": 4.2717638152914459, "AE_por_fila_entrantes": 0.031477988903634159, "SE_por_fila_entrantes": 0.0047408581380523011, "APE_por_fila_entrantes": 85.585394860575235 }, "geometry": { "type": "MultiPolygon", "coordinates": [ [ [ [ -97.844115, 22.258047 ], [ -97.844601, 22.257316 ], [ -97.845094, 22.257586 ], [ -97.845715, 22.257926 ], [ -97.84634, 22.258269 ], [ -97.846931, 22.258593 ], [ -97.847519, 22.258915 ], [ -97.847567, 22.258972 ], [ -97.84762, 22.258882 ], [ -97.848111, 22.258088 ], [ -97.848659, 22.257184 ], [ -97.849311, 22.257526 ], [ -97.849985, 22.257879 ], [ -97.850583, 22.258194 ], [ -97.851198, 22.258519 ], [ -97.850971, 22.25889 ], [ -97.850643, 22.259429 ], [ -97.85008, 22.260349 ], [ -97.849545, 22.261213 ], [ -97.848799, 22.262452 ], [ -97.84823, 22.262204 ], [ -97.84815, 22.26217 ], [ -97.847454, 22.261868 ], [ -97.847411, 22.261849 ], [ -97.846842, 22.261605 ], [ -97.846544, 22.261478 ], [ -97.846161, 22.261313 ], [ -97.845663, 22.261073 ], [ -97.845491, 22.260986 ], [ -97.844829, 22.260661 ], [ -97.844185, 22.26037 ], [ -97.843951, 22.260257 ], [ -97.843618, 22.260095 ], [ -97.843569, 22.260072 ], [ -97.843507, 22.260047 ], [ -97.84308, 22.259817 ], [ -97.843245, 22.259528 ], [ -97.843378, 22.259298 ], [ -97.843659, 22.258799 ], [ -97.844115, 22.258047 ] ] ] ] } },
{ "type": "Feature", "properties": { "CVEGEO": "2800900010692", "POB_TOT_20": 2656.0, "POB_MASC_2": 1248.0, "POB_FEM_20": 1408.0, "origen": "2800900010692", "viajes_od_totales_salientes": 301.08, "viajes-total_salientes": 3849.0, "viajes_od_totales_norm_salientes": 1.3869541182974019, "viajes-total_norm_salientes": 2.9137017411052235, "AE_por_fila_salientes": 0.023045904169672452, "SE_por_fila_salientes": 0.0021131189504657939, "APE_por_fila_salientes": 91.772178059530944, "destino": "2800900010692", "viajes_od_totales_entrantes": 790.32, "viajes-total_entrantes": 4535.0, "viajes_od_totales_norm_entrantes": 3.6406854615809841, "viajes-total_norm_entrantes": 3.433005299015897, "AE_por_fila_entrantes": 0.025759117609027785, "SE_por_fila_entrantes": 0.002744311523937028, "APE_por_fila_entrantes": 127.90288376809795 }, "geometry": { "type": "MultiPolygon", "coordinates": [ [ [ [ -97.844601, 22.257316 ], [ -97.84449, 22.257296 ], [ -97.844187, 22.256995 ], [ -97.844081, 22.256888 ], [ -97.843841, 22.256646 ], [ -97.844557, 22.256062 ], [ -97.844681, 22.255925 ], [ -97.84482, 22.255746 ], [ -97.845261, 22.255053 ], [ -97.845749, 22.254287 ], [ -97.846204, 22.253544 ], [ -97.845429, 22.253156 ], [ -97.845844, 22.252459 ], [ -97.846262, 22.251756 ], [ -97.846661, 22.251109 ], [ -97.847126, 22.250336 ], [ -97.847597, 22.249618 ], [ -97.848374, 22.250018 ], [ -97.849306, 22.250502 ], [ -97.850158, 22.250949 ], [ -97.850938, 22.251363 ], [ -97.851736, 22.251778 ], [ -97.852594, 22.252236 ], [ -97.8521, 22.253022 ], [ -97.852333, 22.25318 ], [ -97.852395, 22.253263 ], [ -97.852433, 22.253338 ], [ -97.852475, 22.253427 ], [ -97.852509, 22.253548 ], [ -97.852563, 22.253804 ], [ -97.853552, 22.253545 ], [ -97.853298, 22.254216 ], [ -97.85311, 22.254714 ], [ -97.852919, 22.25522 ], [ -97.852616, 22.256025 ], [ -97.852384, 22.256627 ], [ -97.852087, 22.257399 ], [ -97.851814, 22.258109 ], [ -97.851585, 22.258723 ], [ -97.851198, 22.258519 ], [ -97.850583, 22.258194 ], [ -97.849985, 22.257879 ], [ -97.849311, 22.257526 ], [ -97.848659, 22.257184 ], [ -97.848111, 22.258088 ], [ -97.84762, 22.258882 ], [ -97.847567, 22.258972 ], [ -97.847519, 22.258915 ], [ -97.846931, 22.258593 ], [ -97.84634, 22.258269 ], [ -97.845715, 22.257926 ], [ -97.845094, 22.257586 ], [ -97.844601, 22.257316 ] ] ] ] } },
{ "type": "Feature", "properties": { "CVEGEO": "2800900010866", "POB_TOT_20": 3536.0, "POB_MASC_2": 1688.0, "POB_FEM_20": 1848.0, "origen": "2800900010866", "viajes_od_totales_salientes": 502.32, "viajes-total_salientes": 7739.0, "viajes_od_totales_norm_salientes": 2.3139856274184631, "viajes-total_norm_salientes": 5.8584405753217261, "AE_por_fila_salientes": 0.027363711765961727, "SE_por_fila_salientes": 0.0030434727485094109, "APE_por_fila_salientes": 79.087453034884803, "destino": "2800900010866", "viajes_od_totales_entrantes": 68.72, "viajes-total_entrantes": 8177.0, "viajes_od_totales_norm_entrantes": 0.31656532154044592, "viajes-total_norm_entrantes": 6.1900075700227104, "AE_por_fila_entrantes": 0.034754096144865465, "SE_por_fila_entrantes": 0.0043357041462513297, "APE_por_fila_entrantes": 94.028722586814581 }, "geometry": { "type": "MultiPolygon", "coordinates": [ [ [ [ -97.840341, 22.276852 ], [ -97.83949, 22.276893 ], [ -97.838992, 22.276896 ], [ -97.838976, 22.276897 ], [ -97.838777, 22.276903 ], [ -97.838826, 22.276505 ], [ -97.838679, 22.276077 ], [ -97.838637, 22.275962 ], [ -97.838168, 22.274625 ], [ -97.83803, 22.274192 ], [ -97.837878, 22.273723 ], [ -97.837726, 22.273251 ], [ -97.837589, 22.272825 ], [ -97.83744, 22.272343 ], [ -97.837298, 22.271867 ], [ -97.839141, 22.271195 ], [ -97.839213, 22.271374 ], [ -97.839611, 22.271237 ], [ -97.841275, 22.270663 ], [ -97.843417, 22.269917 ], [ -97.843585, 22.270324 ], [ -97.843757, 22.270744 ], [ -97.843931, 22.271166 ], [ -97.844095, 22.271565 ], [ -97.844465, 22.272465 ], [ -97.844727, 22.273105 ], [ -97.844984, 22.273739 ], [ -97.845354, 22.274653 ], [ -97.845453, 22.274898 ], [ -97.845267, 22.275315 ], [ -97.845192, 22.27546 ], [ -97.845091, 22.275616 ], [ -97.844946, 22.275813 ], [ -97.844719, 22.276072 ], [ -97.844628, 22.276163 ], [ -97.844455, 22.276274 ], [ -97.844159, 22.276464 ], [ -97.843949, 22.276551 ], [ -97.84362, 22.276657 ], [ -97.843457, 22.276702 ], [ -97.843201, 22.276753 ], [ -97.842767, 22.276803 ], [ -97.841949, 22.276831 ], [ -97.841134, 22.276834 ], [ -97.840341, 22.276852 ] ] ] ] } },
{ "type": "Feature", "properties": { "CVEGEO": "2800900010584", "POB_TOT_20": 2015.0, "POB_MASC_2": 916.0, "POB_FEM_20": 1099.0, "origen": "2800900010584", "viajes_od_totales_salientes": 221.7, "viajes-total_salientes": 7716.0, "viajes_od_totales_norm_salientes": 1.0212824765063571, "viajes-total_norm_salientes": 5.8410295230885696, "AE_por_fila_salientes": 0.034623558042148353, "SE_por_fila_salientes": 0.004097470955886382, "APE_por_fila_salientes": 92.236753038920199, "destino": "2800900010584", "viajes_od_totales_entrantes": 344.14, "viajes-total_entrantes": 8554.0, "viajes_od_totales_norm_entrantes": 1.5853141698912843, "viajes-total_norm_entrantes": 6.4753974261922789, "AE_por_fila_entrantes": 0.031222099104288109, "SE_por_fila_entrantes": 0.0032875375066593816, "APE_por_fila_entrantes": 84.493056898904513 }, "geometry": { "type": "MultiPolygon", "coordinates": [ [ [ [ -97.839992, 22.26106 ], [ -97.840604, 22.261707 ], [ -97.84119, 22.262325 ], [ -97.841871, 22.263051 ], [ -97.842221, 22.262099 ], [ -97.843108, 22.262387 ], [ -97.844015, 22.262682 ], [ -97.843511, 22.263996 ], [ -97.843367, 22.264371 ], [ -97.84429, 22.264665 ], [ -97.845181, 22.264949 ], [ -97.846107, 22.265244 ], [ -97.845675, 22.266377 ], [ -97.845641, 22.266467 ], [ -97.84651, 22.266744 ], [ -97.847448, 22.267042 ], [ -97.848225, 22.26729 ], [ -97.848343, 22.267299 ], [ -97.848198, 22.267683 ], [ -97.847459, 22.269642 ], [ -97.847155, 22.270467 ], [ -97.846973, 22.270936 ], [ -97.846926, 22.271056 ], [ -97.846874, 22.271189 ], [ -97.846592, 22.271917 ], [ -97.846389, 22.272475 ], [ -97.846057, 22.273349 ], [ -97.845891, 22.273784 ], [ -97.845638, 22.274468 ], [ -97.845558, 22.274685 ], [ -97.845453, 22.274898 ], [ -97.845354, 22.274653 ], [ -97.844984, 22.273739 ], [ -97.844727, 22.273105 ], [ -97.844465, 22.272465 ], [ -97.844095, 22.271565 ], [ -97.843931, 22.271166 ], [ -97.843757, 22.270744 ], [ -97.843585, 22.270324 ], [ -97.843417, 22.269917 ], [ -97.843248, 22.269521 ], [ -97.843082, 22.269131 ], [ -97.842893, 22.268689 ], [ -97.842776, 22.268322 ], [ -97.84276, 22.26827 ], [ -97.842603, 22.26785 ], [ -97.842338, 22.267181 ], [ -97.842175, 22.266777 ], [ -97.841866, 22.266009 ], [ -97.841696, 22.26559 ], [ -97.841311, 22.264636 ], [ -97.841155, 22.264256 ], [ -97.841014, 22.263903 ], [ -97.840964, 22.26377 ], [ -97.840608, 22.262927 ], [ -97.840531, 22.262863 ], [ -97.839939, 22.262253 ], [ -97.839351, 22.261638 ], [ -97.839889, 22.261157 ], [ -97.83993, 22.261123 ], [ -97.839968, 22.261085 ], [ -97.839992, 22.26106 ] ] ] ] } },
{ "type": "Feature", "properties": { "CVEGEO": "2800900011031", "POB_TOT_20": 3529.0, "POB_MASC_2": 1680.0, "POB_FEM_20": 1849.0, "origen": "2800900011031", "viajes_od_totales_salientes": 277.5, "viajes-total_salientes": 4851.0, "viajes_od_totales_norm_salientes": 1.2783305693753455, "viajes-total_norm_salientes": 3.6722180166540501, "AE_por_fila_salientes": 0.022182043489082925, "SE_por_fila_salientes": 0.0018174830764428247, "APE_por_fila_salientes": 88.438914840033789, "destino": "2800900011031", "viajes_od_totales_entrantes": 34.84, "viajes-total_entrantes": 5133.0, "viajes_od_totales_norm_entrantes": 0.16049382716049382, "viajes-total_norm_entrantes": 3.8856926570779713, "AE_por_fila_entrantes": 0.024670190926605811, "SE_por_fila_entrantes": 0.0021923953309322787, "APE_por_fila_entrantes": 97.152534731426243 }, "geometry": { "type": "MultiPolygon", "coordinates": [ [ [ [ -97.842175, 22.266777 ], [ -97.842338, 22.267181 ], [ -97.842603, 22.26785 ], [ -97.84276, 22.26827 ], [ -97.842776, 22.268322 ], [ -97.842893, 22.268689 ], [ -97.843082, 22.269131 ], [ -97.843248, 22.269521 ], [ -97.843417, 22.269917 ], [ -97.841275, 22.270663 ], [ -97.839611, 22.271237 ], [ -97.839213, 22.271374 ], [ -97.839141, 22.271195 ], [ -97.837298, 22.271867 ], [ -97.837151, 22.271415 ], [ -97.83699, 22.270953 ], [ -97.836808, 22.270423 ], [ -97.836753, 22.270258 ], [ -97.836693, 22.270092 ], [ -97.836358, 22.269087 ], [ -97.836883, 22.268818 ], [ -97.83732, 22.268594 ], [ -97.837685, 22.268411 ], [ -97.837734, 22.268384 ], [ -97.838169, 22.268161 ], [ -97.83843, 22.268029 ], [ -97.838602, 22.267939 ], [ -97.838821, 22.267828 ], [ -97.839007, 22.267727 ], [ -97.839432, 22.267511 ], [ -97.839462, 22.267496 ], [ -97.839891, 22.267279 ], [ -97.840022, 22.267217 ], [ -97.840342, 22.267044 ], [ -97.84063, 22.2669 ], [ -97.84081, 22.26724 ], [ -97.840859, 22.267334 ], [ -97.841064, 22.267247 ], [ -97.841184, 22.267195 ], [ -97.841237, 22.267173 ], [ -97.841534, 22.267048 ], [ -97.841572, 22.267032 ], [ -97.841873, 22.266905 ], [ -97.842175, 22.266777 ] ] ] ] } },
{ "type": "Feature", "properties": { "CVEGEO": "2800900011046", "POB_TOT_20": 4381.0, "POB_MASC_2": 2057.0, "POB_FEM_20": 2324.0, "origen": "2800900011046", "viajes_od_totales_salientes": 282.14, "viajes-total_salientes": 5343.0, "viajes_od_totales_norm_salientes": 1.2997051778146305, "viajes-total_norm_salientes": 4.0446631339894017, "AE_por_fila_salientes": 0.021816134158711132, "SE_por_fila_salientes": 0.0011790069677998006, "APE_por_fila_salientes": 82.846924659303767, "destino": "2800900011046", "viajes_od_totales_entrantes": 41.72, "viajes-total_entrantes": 5331.0, "viajes_od_totales_norm_entrantes": 0.19218721208770959, "viajes-total_norm_entrantes": 4.0355791067373206, "AE_por_fila_entrantes": 0.027452799247497221, "SE_por_fila_entrantes": 0.0019668239719658463, "APE_por_fila_entrantes": 96.97871462644602 }, "geometry": { "type": "MultiPolygon", "coordinates": [ [ [ [ -97.840964, 22.26377 ], [ -97.841014, 22.263903 ], [ -97.841155, 22.264256 ], [ -97.841311, 22.264636 ], [ -97.841696, 22.26559 ], [ -97.841866, 22.266009 ], [ -97.842175, 22.266777 ], [ -97.841873, 22.266905 ], [ -97.841572, 22.267032 ], [ -97.841534, 22.267048 ], [ -97.841237, 22.267173 ], [ -97.841184, 22.267195 ], [ -97.841064, 22.267247 ], [ -97.840859, 22.267334 ], [ -97.84081, 22.26724 ], [ -97.84063, 22.2669 ], [ -97.840342, 22.267044 ], [ -97.840022, 22.267217 ], [ -97.839891, 22.267279 ], [ -97.839462, 22.267496 ], [ -97.839432, 22.267511 ], [ -97.839007, 22.267727 ], [ -97.838821, 22.267828 ], [ -97.838602, 22.267939 ], [ -97.83843, 22.268029 ], [ -97.838169, 22.268161 ], [ -97.837734, 22.268384 ], [ -97.837685, 22.268411 ], [ -97.83732, 22.268594 ], [ -97.836883, 22.268818 ], [ -97.836358, 22.269087 ], [ -97.836087, 22.268237 ], [ -97.836047, 22.268123 ], [ -97.835688, 22.267043 ], [ -97.835466, 22.266368 ], [ -97.835497, 22.266355 ], [ -97.835848, 22.266195 ], [ -97.835884, 22.266179 ], [ -97.83592, 22.266162 ], [ -97.83628, 22.265999 ], [ -97.836316, 22.265983 ], [ -97.836352, 22.265966 ], [ -97.836513, 22.265893 ], [ -97.836566, 22.265869 ], [ -97.836486, 22.265785 ], [ -97.83654, 22.265761 ], [ -97.836772, 22.265656 ], [ -97.836812, 22.265637 ], [ -97.836849, 22.26562 ], [ -97.83721, 22.265457 ], [ -97.837255, 22.265436 ], [ -97.837289, 22.265421 ], [ -97.837662, 22.265252 ], [ -97.837699, 22.265234 ], [ -97.837749, 22.265211 ], [ -97.837801, 22.265188 ], [ -97.838131, 22.265038 ], [ -97.838172, 22.265019 ], [ -97.83821, 22.265002 ], [ -97.838283, 22.26497 ], [ -97.838336, 22.264945 ], [ -97.838384, 22.264923 ], [ -97.839014, 22.264637 ], [ -97.839061, 22.264616 ], [ -97.839116, 22.264591 ], [ -97.839372, 22.264475 ], [ -97.839421, 22.264453 ], [ -97.839474, 22.264429 ], [ -97.839742, 22.264307 ], [ -97.839787, 22.264286 ], [ -97.839844, 22.26426 ], [ -97.840129, 22.264131 ], [ -97.840177, 22.264108 ], [ -97.840231, 22.264085 ], [ -97.840492, 22.263966 ], [ -97.840541, 22.263944 ], [ -97.840594, 22.26392 ], [ -97.840884, 22.263788 ], [ -97.840934, 22.263766 ], [ -97.840964, 22.26377 ] ] ] ] } },
{ "type": "Feature", "properties": { "CVEGEO": "2800900011050", "POB_TOT_20": 2198.0, "POB_MASC_2": 1015.0, "POB_FEM_20": 1183.0, "origen": "2800900011050", "viajes_od_totales_salientes": 211.2, "viajes-total_salientes": 3143.0, "viajes_od_totales_norm_salientes": 0.97291321171918188, "viajes-total_norm_salientes": 2.3792581377744133, "AE_por_fila_salientes": 0.018088661423874736, "SE_por_fila_salientes": 0.00084940569255718805, "APE_por_fila_salientes": 101.43248624384672, "destino": "2800900011050", "viajes_od_totales_entrantes": 89.7, "viajes-total_entrantes": 3450.0, "viajes_od_totales_norm_entrantes": 0.41321171918186844, "viajes-total_norm_entrantes": 2.6116578349735051, "AE_por_fila_entrantes": 0.020282632256997578, "SE_por_fila_entrantes": 0.0010179713552548146, "APE_por_fila_entrantes": 94.891699687222413 }, "geometry": { "type": "MultiPolygon", "coordinates": [ [ [ [ -97.839351, 22.261638 ], [ -97.839939, 22.262253 ], [ -97.840531, 22.262863 ], [ -97.840608, 22.262927 ], [ -97.840964, 22.26377 ], [ -97.840934, 22.263766 ], [ -97.840884, 22.263788 ], [ -97.840594, 22.26392 ], [ -97.840541, 22.263944 ], [ -97.840492, 22.263966 ], [ -97.840231, 22.264085 ], [ -97.840177, 22.264108 ], [ -97.840129, 22.264131 ], [ -97.839844, 22.26426 ], [ -97.839787, 22.264286 ], [ -97.839742, 22.264307 ], [ -97.839474, 22.264429 ], [ -97.839421, 22.264453 ], [ -97.839372, 22.264475 ], [ -97.839116, 22.264591 ], [ -97.839061, 22.264616 ], [ -97.839014, 22.264637 ], [ -97.838384, 22.264923 ], [ -97.838336, 22.264945 ], [ -97.838283, 22.26497 ], [ -97.83821, 22.265002 ], [ -97.838172, 22.265019 ], [ -97.838131, 22.265038 ], [ -97.837801, 22.265188 ], [ -97.837749, 22.265211 ], [ -97.837699, 22.265234 ], [ -97.837662, 22.265252 ], [ -97.837289, 22.265421 ], [ -97.837255, 22.265436 ], [ -97.83721, 22.265457 ], [ -97.836849, 22.26562 ], [ -97.836812, 22.265637 ], [ -97.836772, 22.265656 ], [ -97.83654, 22.265761 ], [ -97.836486, 22.265785 ], [ -97.836566, 22.265869 ], [ -97.836513, 22.265893 ], [ -97.836352, 22.265966 ], [ -97.836316, 22.265983 ], [ -97.83628, 22.265999 ], [ -97.83592, 22.266162 ], [ -97.835884, 22.266179 ], [ -97.835848, 22.266195 ], [ -97.835497, 22.266355 ], [ -97.835466, 22.266368 ], [ -97.835443, 22.266299 ], [ -97.835382, 22.266129 ], [ -97.835232, 22.265702 ], [ -97.834796, 22.264441 ], [ -97.834733, 22.264234 ], [ -97.835754, 22.263411 ], [ -97.836683, 22.262646 ], [ -97.836398, 22.262365 ], [ -97.836174, 22.26213 ], [ -97.836096, 22.26205 ], [ -97.836455, 22.261755 ], [ -97.836806, 22.261465 ], [ -97.836215, 22.260856 ], [ -97.836537, 22.260585 ], [ -97.836585, 22.260546 ], [ -97.836809, 22.260361 ], [ -97.837026, 22.260181 ], [ -97.837272, 22.259979 ], [ -97.837509, 22.25978 ], [ -97.838116, 22.260385 ], [ -97.838724, 22.260984 ], [ -97.839094, 22.26137 ], [ -97.839351, 22.261638 ] ] ] ] } },
{ "type": "Feature", "properties": { "CVEGEO": "2800900010512", "POB_TOT_20": 3116.0, "POB_MASC_2": 1485.0, "POB_FEM_20": 1631.0, "origen": "2800900010512", "viajes_od_totales_salientes": 281.46, "viajes-total_salientes": 11866.0, "viajes_od_totales_norm_salientes": 1.2965726920950802, "viajes-total_norm_salientes": 8.9825889477668426, "AE_por_fila_salientes": 0.0480275872591358, "SE_por_fila_salientes": 0.007387786239547476, "APE_por_fila_salientes": 86.645189028616201, "destino": "2800900010512", "viajes_od_totales_entrantes": 325.16, "viajes-total_entrantes": 12460.0, "viajes_od_totales_norm_entrantes": 1.497880965542657, "viajes-total_norm_entrantes": 9.4322482967448895, "AE_por_fila_entrantes": 0.04361763001468974, "SE_por_fila_entrantes": 0.0064959421129275954, "APE_por_fila_entrantes": 83.834214792593642 }, "geometry": { "type": "MultiPolygon", "coordinates": [ [ [ [ -97.852045, 22.273914 ], [ -97.852655, 22.274303 ], [ -97.853233, 22.274677 ], [ -97.852733, 22.275357 ], [ -97.853638, 22.276556 ], [ -97.854009, 22.277035 ], [ -97.854426, 22.277539 ], [ -97.854823, 22.27804 ], [ -97.854861, 22.278089 ], [ -97.854689, 22.278485 ], [ -97.85451, 22.278901 ], [ -97.853987, 22.278834 ], [ -97.852909, 22.278695 ], [ -97.852052, 22.278584 ], [ -97.850253, 22.278371 ], [ -97.8503, 22.278243 ], [ -97.850413, 22.277948 ], [ -97.850534, 22.277677 ], [ -97.850666, 22.277375 ], [ -97.850841, 22.276944 ], [ -97.850769, 22.276894 ], [ -97.849905, 22.276605 ], [ -97.849011, 22.276305 ], [ -97.848103, 22.275998 ], [ -97.847235, 22.275711 ], [ -97.846338, 22.275405 ], [ -97.846214, 22.27587 ], [ -97.846146, 22.276149 ], [ -97.84608, 22.276352 ], [ -97.846113, 22.276429 ], [ -97.845964, 22.276814 ], [ -97.845722, 22.277444 ], [ -97.84565, 22.277642 ], [ -97.8454, 22.278328 ], [ -97.845101, 22.27915 ], [ -97.844375, 22.278915 ], [ -97.843676, 22.278694 ], [ -97.842943, 22.278458 ], [ -97.842221, 22.278227 ], [ -97.841498, 22.277996 ], [ -97.840794, 22.27777 ], [ -97.840093, 22.277542 ], [ -97.840341, 22.276852 ], [ -97.841134, 22.276834 ], [ -97.841949, 22.276831 ], [ -97.842767, 22.276803 ], [ -97.843201, 22.276753 ], [ -97.843457, 22.276702 ], [ -97.84362, 22.276657 ], [ -97.843949, 22.276551 ], [ -97.844159, 22.276464 ], [ -97.844455, 22.276274 ], [ -97.844628, 22.276163 ], [ -97.844719, 22.276072 ], [ -97.844946, 22.275813 ], [ -97.845091, 22.275616 ], [ -97.845192, 22.27546 ], [ -97.845267, 22.275315 ], [ -97.845453, 22.274898 ], [ -97.845558, 22.274685 ], [ -97.845638, 22.274468 ], [ -97.845891, 22.273784 ], [ -97.846057, 22.273349 ], [ -97.846389, 22.272475 ], [ -97.846592, 22.271917 ], [ -97.846874, 22.271189 ], [ -97.846926, 22.271056 ], [ -97.846973, 22.270936 ], [ -97.847155, 22.270467 ], [ -97.847459, 22.269642 ], [ -97.84823, 22.270362 ], [ -97.848975, 22.271053 ], [ -97.849738, 22.271744 ], [ -97.850462, 22.272427 ], [ -97.850511, 22.272473 ], [ -97.850741, 22.27272 ], [ -97.851225, 22.273186 ], [ -97.85197, 22.273868 ], [ -97.852045, 22.273914 ] ] ] ] } },
{ "type": "Feature", "properties": { "CVEGEO": "2800900010546", "POB_TOT_20": 2124.0, "POB_MASC_2": 956.0, "POB_FEM_20": 1168.0, "origen": "2800900010546", "viajes_od_totales_salientes": 253.32, "viajes-total_salientes": 12421.0, "viajes_od_totales_norm_salientes": 1.1669430624654504, "viajes-total_norm_salientes": 9.4027252081756245, "AE_por_fila_salientes": 0.051597613098275541, "SE_por_fila_salientes": 0.010710814178150408, "APE_por_fila_salientes": 94.56985983949788, "destino": "2800900010546", "viajes_od_totales_entrantes": 667.24, "viajes-total_entrantes": 13113.0, "viajes_od_totales_norm_entrantes": 3.0737055463423624, "viajes-total_norm_entrantes": 9.926570779712339, "AE_por_fila_entrantes": 0.045062536344825529, "SE_por_fila_entrantes": 0.0083355554995112654, "APE_por_fila_entrantes": 84.01240278704779 }, "geometry": { "type": "MultiPolygon", "coordinates": [ [ [ [ -97.852045, 22.273914 ], [ -97.85197, 22.273868 ], [ -97.851225, 22.273186 ], [ -97.850741, 22.27272 ], [ -97.850511, 22.272473 ], [ -97.850462, 22.272427 ], [ -97.849738, 22.271744 ], [ -97.848975, 22.271053 ], [ -97.84823, 22.270362 ], [ -97.847459, 22.269642 ], [ -97.848198, 22.267683 ], [ -97.848343, 22.267299 ], [ -97.848787, 22.266106 ], [ -97.848895, 22.265821 ], [ -97.849419, 22.264438 ], [ -97.849699, 22.263679 ], [ -97.850479, 22.263944 ], [ -97.851022, 22.264129 ], [ -97.85126, 22.264211 ], [ -97.852728, 22.26469 ], [ -97.852792, 22.264711 ], [ -97.854288, 22.265183 ], [ -97.855879, 22.265695 ], [ -97.855608, 22.266416 ], [ -97.855335, 22.267156 ], [ -97.855311, 22.267188 ], [ -97.855029, 22.267551 ], [ -97.854461, 22.268071 ], [ -97.853931, 22.268647 ], [ -97.853891, 22.268693 ], [ -97.853787, 22.268944 ], [ -97.853469, 22.269675 ], [ -97.853414, 22.269803 ], [ -97.853173, 22.270376 ], [ -97.852941, 22.270893 ], [ -97.852402, 22.272095 ], [ -97.8534, 22.272442 ], [ -97.854147, 22.272702 ], [ -97.854828, 22.272932 ], [ -97.854693, 22.273297 ], [ -97.854603, 22.273547 ], [ -97.854936, 22.273614 ], [ -97.855111, 22.273649 ], [ -97.855289, 22.273684 ], [ -97.855537, 22.273 ], [ -97.85625, 22.273204 ], [ -97.857075, 22.273438 ], [ -97.856946, 22.27377 ], [ -97.856853, 22.274013 ], [ -97.85631, 22.275442 ], [ -97.856247, 22.275403 ], [ -97.855612, 22.274913 ], [ -97.854458, 22.273953 ], [ -97.85387, 22.273548 ], [ -97.853836, 22.273532 ], [ -97.853184, 22.273249 ], [ -97.853114, 22.273219 ], [ -97.853031, 22.273194 ], [ -97.852347, 22.273026 ], [ -97.852322, 22.273244 ], [ -97.852045, 22.273914 ] ] ] ] } },
{ "type": "Feature", "properties": { "CVEGEO": "280090001096A", "POB_TOT_20": 1779.0, "POB_MASC_2": 831.0, "POB_FEM_20": 948.0, "origen": "280090001096A", "viajes_od_totales_salientes": 142.2, "viajes-total_salientes": 5672.0, "viajes_od_totales_norm_salientes": 0.65505804311774463, "viajes-total_norm_salientes": 4.293716881150643, "AE_por_fila_salientes": 0.029660950479308015, "SE_por_fila_salientes": 0.0023542541489198461, "APE_por_fila_salientes": 90.674974828103018, "destino": null, "viajes_od_totales_entrantes": null, "viajes-total_entrantes": null, "viajes_od_totales_norm_entrantes": null, "viajes-total_norm_entrantes": null, "AE_por_fila_entrantes": null, "SE_por_fila_entrantes": null, "APE_por_fila_entrantes": null }, "geometry": { "type": "MultiPolygon", "coordinates": [ [ [ [ -97.854861, 22.278089 ], [ -97.855581, 22.279044 ], [ -97.855622, 22.279098 ], [ -97.855617, 22.279111 ], [ -97.85645, 22.280204 ], [ -97.857234, 22.281251 ], [ -97.857862, 22.28209 ], [ -97.856258, 22.281809 ], [ -97.856321, 22.281734 ], [ -97.855885, 22.281651 ], [ -97.855503, 22.281571 ], [ -97.854632, 22.281413 ], [ -97.853869, 22.281277 ], [ -97.853863, 22.281311 ], [ -97.85328, 22.281244 ], [ -97.85267, 22.281171 ], [ -97.852092, 22.281108 ], [ -97.851487, 22.281017 ], [ -97.851187, 22.280991 ], [ -97.850964, 22.280953 ], [ -97.850689, 22.28087 ], [ -97.850294, 22.280714 ], [ -97.85019, 22.280667 ], [ -97.85004, 22.280545 ], [ -97.849878, 22.280361 ], [ -97.849741, 22.280158 ], [ -97.849656, 22.280003 ], [ -97.849518, 22.280382 ], [ -97.849285, 22.280886 ], [ -97.848387, 22.281164 ], [ -97.848243, 22.281212 ], [ -97.848086, 22.281266 ], [ -97.847774, 22.280497 ], [ -97.847336, 22.279427 ], [ -97.847193, 22.279819 ], [ -97.846513, 22.279607 ], [ -97.845809, 22.279379 ], [ -97.845101, 22.27915 ], [ -97.8454, 22.278328 ], [ -97.84565, 22.277642 ], [ -97.845722, 22.277444 ], [ -97.845964, 22.276814 ], [ -97.846113, 22.276429 ], [ -97.84608, 22.276352 ], [ -97.846146, 22.276149 ], [ -97.846214, 22.27587 ], [ -97.846338, 22.275405 ], [ -97.847235, 22.275711 ], [ -97.848103, 22.275998 ], [ -97.849011, 22.276305 ], [ -97.849905, 22.276605 ], [ -97.850769, 22.276894 ], [ -97.850841, 22.276944 ], [ -97.850666, 22.277375 ], [ -97.850534, 22.277677 ], [ -97.850413, 22.277948 ], [ -97.8503, 22.278243 ], [ -97.850253, 22.278371 ], [ -97.852052, 22.278584 ], [ -97.852909, 22.278695 ], [ -97.853987, 22.278834 ], [ -97.85451, 22.278901 ], [ -97.854689, 22.278485 ], [ -97.854861, 22.278089 ] ] ] ] } },
{ "type": "Feature", "properties": { "CVEGEO": "2803800010158", "POB_TOT_20": 1462.0, "POB_MASC_2": 704.0, "POB_FEM_20": 758.0, "origen": "2803800010158", "viajes_od_totales_salientes": 210.66, "viajes-total_salientes": 6082.0, "viajes_od_totales_norm_salientes": 0.97042564953012711, "viajes-total_norm_salientes": 4.6040878122634368, "AE_por_fila_salientes": 0.028324319587603404, "SE_por_fila_salientes": 0.0027566602409739762, "APE_por_fila_salientes": 89.386558489917647, "destino": "2803800010158", "viajes_od_totales_entrantes": 442.04, "viajes-total_entrantes": 6671.0, "viajes_od_totales_norm_entrantes": 2.0362999815736131, "viajes-total_norm_entrantes": 5.0499621498864498, "AE_por_fila_entrantes": 0.028796911297730442, "SE_por_fila_entrantes": 0.0026017760031254757, "APE_por_fila_entrantes": 112.58758702116845 }, "geometry": { "type": "MultiPolygon", "coordinates": [ [ [ [ -97.874375, 22.233421 ], [ -97.874385, 22.233443 ], [ -97.874499, 22.233595 ], [ -97.874573, 22.233712 ], [ -97.874637, 22.233834 ], [ -97.874718, 22.233945 ], [ -97.874829, 22.23386 ], [ -97.874862, 22.233729 ], [ -97.874789, 22.233611 ], [ -97.874935, 22.233596 ], [ -97.875051, 22.233679 ], [ -97.875144, 22.233782 ], [ -97.875219, 22.233899 ], [ -97.875277, 22.234023 ], [ -97.875309, 22.234156 ], [ -97.875314, 22.234291 ], [ -97.875323, 22.234426 ], [ -97.87534, 22.234561 ], [ -97.875383, 22.23469 ], [ -97.87545, 22.23481 ], [ -97.875496, 22.234939 ], [ -97.875525, 22.235072 ], [ -97.875533, 22.235207 ], [ -97.875489, 22.235337 ], [ -97.875439, 22.235464 ], [ -97.875452, 22.235598 ], [ -97.875541, 22.235705 ], [ -97.875626, 22.235815 ], [ -97.875652, 22.235949 ], [ -97.87567, 22.236083 ], [ -97.875684, 22.236218 ], [ -97.875689, 22.236354 ], [ -97.875691, 22.236489 ], [ -97.875696, 22.236624 ], [ -97.875712, 22.236759 ], [ -97.875725, 22.236894 ], [ -97.875759, 22.237026 ], [ -97.875744, 22.237161 ], [ -97.875671, 22.237278 ], [ -97.87566, 22.237413 ], [ -97.875669, 22.237548 ], [ -97.87568, 22.237683 ], [ -97.875702, 22.237817 ], [ -97.875733, 22.237949 ], [ -97.875797, 22.238071 ], [ -97.875876, 22.238185 ], [ -97.875933, 22.238232 ], [ -97.87602, 22.238204 ], [ -97.876032, 22.238287 ], [ -97.875973, 22.238334 ], [ -97.875856, 22.238414 ], [ -97.875736, 22.238491 ], [ -97.875741, 22.238577 ], [ -97.875799, 22.238612 ], [ -97.875938, 22.238651 ], [ -97.876074, 22.238699 ], [ -97.876194, 22.238776 ], [ -97.876309, 22.238859 ], [ -97.876409, 22.238958 ], [ -97.876471, 22.239081 ], [ -97.876483, 22.239141 ], [ -97.876395, 22.239197 ], [ -97.876294, 22.239295 ], [ -97.876219, 22.23941 ], [ -97.876196, 22.239544 ], [ -97.876164, 22.239813 ], [ -97.876119, 22.240081 ], [ -97.875976, 22.240745 ], [ -97.875951, 22.240879 ], [ -97.875927, 22.241012 ], [ -97.876134, 22.24137 ], [ -97.876351, 22.24155 ], [ -97.876837, 22.241848 ], [ -97.876981, 22.241868 ], [ -97.877272, 22.241856 ], [ -97.877417, 22.24185 ], [ -97.877562, 22.24184 ], [ -97.877851, 22.241877 ], [ -97.878077, 22.242047 ], [ -97.878335, 22.242376 ], [ -97.878472, 22.242615 ], [ -97.878528, 22.242703 ], [ -97.878685, 22.242658 ], [ -97.878826, 22.242617 ], [ -97.878851, 22.242726 ], [ -97.878873, 22.24286 ], [ -97.878874, 22.242915 ], [ -97.878753, 22.242961 ], [ -97.878642, 22.242983 ], [ -97.878646, 22.243032 ], [ -97.87867, 22.243093 ], [ -97.87883, 22.243037 ], [ -97.878963, 22.243003 ], [ -97.878996, 22.243096 ], [ -97.878974, 22.243219 ], [ -97.878978, 22.243288 ], [ -97.87887, 22.243318 ], [ -97.878747, 22.243359 ], [ -97.878807, 22.243497 ], [ -97.879058, 22.243438 ], [ -97.879086, 22.243498 ], [ -97.878961, 22.243568 ], [ -97.87892, 22.243697 ], [ -97.878994, 22.244235 ], [ -97.879065, 22.244773 ], [ -97.879097, 22.245027 ], [ -97.879105, 22.245083 ], [ -97.87809, 22.24532 ], [ -97.878139, 22.245189 ], [ -97.878142, 22.244999 ], [ -97.878089, 22.244315 ], [ -97.87813, 22.243877 ], [ -97.878074, 22.243762 ], [ -97.877743, 22.243363 ], [ -97.877258, 22.243121 ], [ -97.877081, 22.242949 ], [ -97.876997, 22.24281 ], [ -97.876709, 22.242492 ], [ -97.876672, 22.242464 ], [ -97.876406, 22.242286 ], [ -97.876201, 22.242235 ], [ -97.875993, 22.242234 ], [ -97.875762, 22.24236 ], [ -97.875633, 22.24252 ], [ -97.875548, 22.242899 ], [ -97.875548, 22.242923 ], [ -97.875577, 22.243368 ], [ -97.875677, 22.243886 ], [ -97.875646, 22.243956 ], [ -97.87561, 22.243984 ], [ -97.875499, 22.244029 ], [ -97.875352, 22.244033 ], [ -97.875139, 22.244019 ], [ -97.87518, 22.244187 ], [ -97.875685, 22.244076 ], [ -97.8758, 22.244033 ], [ -97.875881, 22.243945 ], [ -97.875917, 22.243812 ], [ -97.87594, 22.243666 ], [ -97.875935, 22.243411 ], [ -97.875947, 22.243362 ], [ -97.875997, 22.243293 ], [ -97.876068, 22.243242 ], [ -97.876124, 22.243239 ], [ -97.876185, 22.243267 ], [ -97.876242, 22.243342 ], [ -97.876304, 22.243473 ], [ -97.876561, 22.243846 ], [ -97.876637, 22.243943 ], [ -97.876668, 22.243974 ], [ -97.876936, 22.244082 ], [ -97.877146, 22.244248 ], [ -97.877183, 22.244431 ], [ -97.877158, 22.244672 ], [ -97.877074, 22.244931 ], [ -97.876889, 22.245112 ], [ -97.876669, 22.245234 ], [ -97.876289, 22.245283 ], [ -97.87622, 22.245289 ], [ -97.876059, 22.245288 ], [ -97.875659, 22.245227 ], [ -97.87544, 22.245197 ], [ -97.875173, 22.245165 ], [ -97.874858, 22.245213 ], [ -97.873552, 22.245487 ], [ -97.872704, 22.245722 ], [ -97.872513, 22.245372 ], [ -97.872343, 22.245042 ], [ -97.872222, 22.244806 ], [ -97.872192, 22.244741 ], [ -97.871989, 22.244293 ], [ -97.871811, 22.243902 ], [ -97.871567, 22.243369 ], [ -97.871402, 22.242979 ], [ -97.871057, 22.242165 ], [ -97.870986, 22.241994 ], [ -97.87065, 22.241184 ], [ -97.870609, 22.241084 ], [ -97.87027, 22.24024 ], [ -97.870199, 22.240063 ], [ -97.869854, 22.239296 ], [ -97.869734, 22.23903 ], [ -97.869627, 22.238792 ], [ -97.869433, 22.238361 ], [ -97.869348, 22.238172 ], [ -97.86916, 22.237754 ], [ -97.868969, 22.237329 ], [ -97.868881, 22.237135 ], [ -97.870857, 22.23633 ], [ -97.873061, 22.235474 ], [ -97.87339, 22.235315 ], [ -97.873534, 22.235216 ], [ -97.873655, 22.235084 ], [ -97.873703, 22.234952 ], [ -97.873717, 22.234902 ], [ -97.873783, 22.234668 ], [ -97.873846, 22.234564 ], [ -97.87398, 22.234505 ], [ -97.874119, 22.234528 ], [ -97.874449, 22.23468 ], [ -97.874856, 22.234852 ], [ -97.874939, 22.234892 ], [ -97.874824, 22.234626 ], [ -97.874717, 22.23442 ], [ -97.874522, 22.234044 ], [ -97.874338, 22.233679 ], [ -97.874235, 22.233477 ], [ -97.874375, 22.233421 ] ] ] ] } },
{ "type": "Feature", "properties": { "CVEGEO": "2803800010266", "POB_TOT_20": 3783.0, "POB_MASC_2": 1843.0, "POB_FEM_20": 1940.0, "origen": "2803800010266", "viajes_od_totales_salientes": 457.36, "viajes-total_salientes": 7967.0, "viajes_od_totales_norm_salientes": 2.1068730421964252, "viajes-total_norm_salientes": 6.0310370931112791, "AE_por_fila_salientes": 0.035174873566735487, "SE_por_fila_salientes": 0.0042661528383402623, "APE_por_fila_salientes": 95.209713139930656, "destino": "2803800010266", "viajes_od_totales_entrantes": 338.26, "viajes-total_entrantes": 9186.0, "viajes_od_totales_norm_entrantes": 1.5582273816104661, "viajes-total_norm_entrantes": 6.9538228614685842, "AE_por_fila_entrantes": 0.035980262137023995, "SE_por_fila_entrantes": 0.0044950111507843712, "APE_por_fila_entrantes": 80.784461836205381 }, "geometry": { "type": "MultiPolygon", "coordinates": [ [ [ [ -97.874375, 22.233421 ], [ -97.874235, 22.233477 ], [ -97.874338, 22.233679 ], [ -97.874522, 22.234044 ], [ -97.874717, 22.23442 ], [ -97.874824, 22.234626 ], [ -97.874939, 22.234892 ], [ -97.874856, 22.234852 ], [ -97.874449, 22.23468 ], [ -97.874119, 22.234528 ], [ -97.87398, 22.234505 ], [ -97.873846, 22.234564 ], [ -97.873783, 22.234668 ], [ -97.873717, 22.234902 ], [ -97.873703, 22.234952 ], [ -97.873655, 22.235084 ], [ -97.873534, 22.235216 ], [ -97.87339, 22.235315 ], [ -97.873061, 22.235474 ], [ -97.870857, 22.23633 ], [ -97.868881, 22.237135 ], [ -97.868582, 22.236468 ], [ -97.868328, 22.235899 ], [ -97.868046, 22.235254 ], [ -97.867785, 22.234653 ], [ -97.867776, 22.234631 ], [ -97.867574, 22.234102 ], [ -97.867476, 22.233847 ], [ -97.867274, 22.233321 ], [ -97.866976, 22.232545 ], [ -97.866491, 22.231281 ], [ -97.86648, 22.231252 ], [ -97.866193, 22.230514 ], [ -97.866069, 22.230198 ], [ -97.865768, 22.229423 ], [ -97.865461, 22.228665 ], [ -97.866262, 22.228319 ], [ -97.867063, 22.227937 ], [ -97.867504, 22.227724 ], [ -97.867726, 22.227666 ], [ -97.868245, 22.22776 ], [ -97.868844, 22.227898 ], [ -97.868983, 22.22793 ], [ -97.869232, 22.22781 ], [ -97.86957, 22.227646 ], [ -97.869762, 22.227552 ], [ -97.870021, 22.227427 ], [ -97.87027, 22.227308 ], [ -97.871048, 22.226933 ], [ -97.871377, 22.226781 ], [ -97.871489, 22.22681 ], [ -97.871524, 22.226816 ], [ -97.87159, 22.226814 ], [ -97.871717, 22.22681 ], [ -97.871968, 22.226762 ], [ -97.872377, 22.226667 ], [ -97.872581, 22.226614 ], [ -97.872585, 22.226661 ], [ -97.872613, 22.226728 ], [ -97.872652, 22.226824 ], [ -97.872567, 22.226935 ], [ -97.87254, 22.227067 ], [ -97.872595, 22.227192 ], [ -97.872679, 22.227303 ], [ -97.872719, 22.227434 ], [ -97.872705, 22.227569 ], [ -97.872674, 22.227701 ], [ -97.87273, 22.227826 ], [ -97.872664, 22.227947 ], [ -97.872725, 22.228071 ], [ -97.872612, 22.228156 ], [ -97.872562, 22.228282 ], [ -97.872686, 22.228353 ], [ -97.872776, 22.22846 ], [ -97.872775, 22.228596 ], [ -97.872707, 22.228716 ], [ -97.872605, 22.228812 ], [ -97.872605, 22.228837 ], [ -97.872607, 22.22886 ], [ -97.872623, 22.228995 ], [ -97.872659, 22.229126 ], [ -97.872664, 22.229262 ], [ -97.872664, 22.229397 ], [ -97.872669, 22.229533 ], [ -97.87268, 22.229668 ], [ -97.872713, 22.2298 ], [ -97.872774, 22.229923 ], [ -97.872847, 22.23004 ], [ -97.872938, 22.230145 ], [ -97.873005, 22.230266 ], [ -97.873057, 22.230393 ], [ -97.873101, 22.230522 ], [ -97.87315, 22.230649 ], [ -97.873239, 22.230756 ], [ -97.873367, 22.23082 ], [ -97.873511, 22.23084 ], [ -97.873651, 22.230805 ], [ -97.873793, 22.230774 ], [ -97.873939, 22.230766 ], [ -97.874081, 22.230795 ], [ -97.874147, 22.230916 ], [ -97.874166, 22.23105 ], [ -97.874181, 22.231133 ], [ -97.87419, 22.231184 ], [ -97.874216, 22.231317 ], [ -97.874244, 22.23145 ], [ -97.874256, 22.231585 ], [ -97.874247, 22.231721 ], [ -97.87422, 22.231854 ], [ -97.874161, 22.231978 ], [ -97.87415, 22.232113 ], [ -97.874133, 22.232247 ], [ -97.874118, 22.232382 ], [ -97.874116, 22.232518 ], [ -97.874125, 22.232653 ], [ -97.874146, 22.232787 ], [ -97.874176, 22.232919 ], [ -97.874315, 22.232958 ], [ -97.874454, 22.232917 ], [ -97.874535, 22.23303 ], [ -97.874588, 22.233157 ], [ -97.874577, 22.233292 ], [ -97.874482, 22.233348 ], [ -97.874365, 22.233396 ], [ -97.874375, 22.233421 ] ] ] ] } },
{ "type": "Feature", "properties": { "CVEGEO": "280380001029A", "POB_TOT_20": 2592.0, "POB_MASC_2": 1217.0, "POB_FEM_20": 1375.0, "origen": "280380001029A", "viajes_od_totales_salientes": 240.62, "viajes-total_salientes": 2098.0, "viajes_od_totales_norm_salientes": 1.1084392850562004, "viajes-total_norm_salientes": 1.5881907645722937, "AE_por_fila_salientes": 0.023194844046741509, "SE_por_fila_salientes": 0.0028922172071425586, "APE_por_fila_salientes": 113.42394495218069, "destino": null, "viajes_od_totales_entrantes": null, "viajes-total_entrantes": null, "viajes_od_totales_norm_entrantes": null, "viajes-total_norm_entrantes": null, "AE_por_fila_entrantes": null, "SE_por_fila_entrantes": null, "APE_por_fila_entrantes": null }, "geometry": { "type": "MultiPolygon", "coordinates": [ [ [ [ -97.871968, 22.226762 ], [ -97.871717, 22.22681 ], [ -97.87159, 22.226814 ], [ -97.871524, 22.226816 ], [ -97.871489, 22.22681 ], [ -97.871377, 22.226781 ], [ -97.871048, 22.226933 ], [ -97.87027, 22.227308 ], [ -97.870021, 22.227427 ], [ -97.869762, 22.227552 ], [ -97.86957, 22.227646 ], [ -97.869232, 22.22781 ], [ -97.868983, 22.22793 ], [ -97.868844, 22.227898 ], [ -97.868245, 22.22776 ], [ -97.867726, 22.227666 ], [ -97.867504, 22.227724 ], [ -97.867063, 22.227937 ], [ -97.866262, 22.228319 ], [ -97.865461, 22.228665 ], [ -97.865145, 22.227795 ], [ -97.865065, 22.227589 ], [ -97.864969, 22.227302 ], [ -97.86491, 22.227143 ], [ -97.864767, 22.22676 ], [ -97.864571, 22.226237 ], [ -97.864478, 22.225989 ], [ -97.86555, 22.225593 ], [ -97.867088, 22.225003 ], [ -97.867805, 22.224387 ], [ -97.868317, 22.22396 ], [ -97.868384, 22.223901 ], [ -97.868428, 22.223852 ], [ -97.868555, 22.22366 ], [ -97.868592, 22.223542 ], [ -97.868628, 22.223306 ], [ -97.868617, 22.223124 ], [ -97.868593, 22.222922 ], [ -97.868571, 22.222874 ], [ -97.868952, 22.222744 ], [ -97.86939, 22.222598 ], [ -97.869586, 22.222531 ], [ -97.869752, 22.222475 ], [ -97.870157, 22.222338 ], [ -97.870292, 22.223162 ], [ -97.870435, 22.223841 ], [ -97.870499, 22.224105 ], [ -97.8706, 22.224291 ], [ -97.870884, 22.224807 ], [ -97.871195, 22.225347 ], [ -97.871489, 22.225885 ], [ -97.871619, 22.226137 ], [ -97.871754, 22.226344 ], [ -97.871926, 22.226692 ], [ -97.871968, 22.226762 ] ] ] ] } },
{ "type": "Feature", "properties": { "CVEGEO": "2803800010143", "POB_TOT_20": 1604.0, "POB_MASC_2": 759.0, "POB_FEM_20": 845.0, "origen": "2803800010143", "viajes_od_totales_salientes": 279.52, "viajes-total_salientes": 7947.0, "viajes_od_totales_norm_salientes": 1.2876358946010686, "viajes-total_norm_salientes": 6.0158970476911433, "AE_por_fila_salientes": 0.040367196765127469, "SE_por_fila_salientes": 0.0083552767984775948, "APE_por_fila_salientes": 87.704864568878605, "destino": "2803800010143", "viajes_od_totales_entrantes": 506.84, "viajes-total_entrantes": 8134.0, "viajes_od_totales_norm_entrantes": 2.3348074442601803, "viajes-total_norm_entrantes": 6.1574564723694172, "AE_por_fila_entrantes": 0.034145921227800427, "SE_por_fila_entrantes": 0.0060231179275985931, "APE_por_fila_entrantes": 82.679711788076531 }, "geometry": { "type": "MultiPolygon", "coordinates": [ [ [ [ -97.872343, 22.245042 ], [ -97.872513, 22.245372 ], [ -97.872704, 22.245722 ], [ -97.872718, 22.245749 ], [ -97.87312, 22.246462 ], [ -97.873136, 22.24649 ], [ -97.873544, 22.247209 ], [ -97.873563, 22.247239 ], [ -97.873849, 22.247682 ], [ -97.873999, 22.247969 ], [ -97.873149, 22.248363 ], [ -97.872244, 22.24879 ], [ -97.871403, 22.249218 ], [ -97.870899, 22.249479 ], [ -97.870513, 22.249655 ], [ -97.869398, 22.249988 ], [ -97.868533, 22.250241 ], [ -97.868338, 22.250298 ], [ -97.867626, 22.250509 ], [ -97.867212, 22.250632 ], [ -97.866899, 22.250725 ], [ -97.867129, 22.249884 ], [ -97.867233, 22.24932 ], [ -97.867299, 22.248942 ], [ -97.86739, 22.248438 ], [ -97.867468, 22.248005 ], [ -97.867539, 22.247467 ], [ -97.867592, 22.247062 ], [ -97.867597, 22.246978 ], [ -97.867599, 22.246929 ], [ -97.867515, 22.24666 ], [ -97.867979, 22.246502 ], [ -97.869376, 22.246041 ], [ -97.87084, 22.245545 ], [ -97.871265, 22.245401 ], [ -97.872343, 22.245042 ] ] ] ] } },
{ "type": "Feature", "properties": { "CVEGEO": "2803800010162", "POB_TOT_20": 1841.0, "POB_MASC_2": 866.0, "POB_FEM_20": 975.0, "origen": "2803800010162", "viajes_od_totales_salientes": 333.28, "viajes-total_salientes": 3418.0, "viajes_od_totales_norm_salientes": 1.5352865303114058, "viajes-total_norm_salientes": 2.5874337623012869, "AE_por_fila_salientes": 0.028288017216417351, "SE_por_fila_salientes": 0.0025419585624936571, "APE_por_fila_salientes": 132.25458637441105, "destino": "2803800010162", "viajes_od_totales_entrantes": 118.24, "viajes-total_entrantes": 3599.0, "viajes_od_totales_norm_entrantes": 0.54468398747005708, "viajes-total_norm_entrantes": 2.7244511733535202, "AE_por_fila_entrantes": 0.022769081291461036, "SE_por_fila_entrantes": 0.0018400524191297131, "APE_por_fila_entrantes": 83.578207946907341 }, "geometry": { "type": "MultiPolygon", "coordinates": [ [ [ [ -97.872343, 22.245042 ], [ -97.871265, 22.245401 ], [ -97.87084, 22.245545 ], [ -97.869376, 22.246041 ], [ -97.867979, 22.246502 ], [ -97.867515, 22.24666 ], [ -97.867395, 22.246279 ], [ -97.867328, 22.246035 ], [ -97.867288, 22.245893 ], [ -97.867182, 22.245508 ], [ -97.867098, 22.245194 ], [ -97.867021, 22.244756 ], [ -97.866987, 22.244616 ], [ -97.866967, 22.244362 ], [ -97.866953, 22.244174 ], [ -97.86695, 22.244125 ], [ -97.866979, 22.243536 ], [ -97.866984, 22.243455 ], [ -97.867712, 22.243194 ], [ -97.86833, 22.242971 ], [ -97.86881, 22.242797 ], [ -97.869891, 22.242404 ], [ -97.870316, 22.242245 ], [ -97.870986, 22.241994 ], [ -97.871057, 22.242165 ], [ -97.871402, 22.242979 ], [ -97.871567, 22.243369 ], [ -97.871811, 22.243902 ], [ -97.871989, 22.244293 ], [ -97.872192, 22.244741 ], [ -97.872222, 22.244806 ], [ -97.872343, 22.245042 ] ] ] ] } },
{ "type": "Feature", "properties": { "CVEGEO": "2803800010209", "POB_TOT_20": 1487.0, "POB_MASC_2": 674.0, "POB_FEM_20": 813.0, "origen": "2803800010209", "viajes_od_totales_salientes": 223.24, "viajes-total_salientes": 4704.0, "viajes_od_totales_norm_salientes": 1.0283766353418096, "viajes-total_norm_salientes": 3.5609386828160483, "AE_por_fila_salientes": 0.025906106533162287, "SE_por_fila_salientes": 0.0019780427382170328, "APE_por_fila_salientes": 95.766723852289743, "destino": "2803800010209", "viajes_od_totales_entrantes": 421.52, "viajes-total_entrantes": 5023.0, "viajes_od_totales_norm_entrantes": 1.9417726183895336, "viajes-total_norm_entrantes": 3.8024224072672217, "AE_por_fila_entrantes": 0.023154825594877568, "SE_por_fila_entrantes": 0.0017396953929222784, "APE_por_fila_entrantes": 82.221495409309142 }, "geometry": { "type": "MultiPolygon", "coordinates": [ [ [ [ -97.870986, 22.241994 ], [ -97.870316, 22.242245 ], [ -97.869891, 22.242404 ], [ -97.86881, 22.242797 ], [ -97.86833, 22.242971 ], [ -97.867712, 22.243194 ], [ -97.866984, 22.243455 ], [ -97.867021, 22.242866 ], [ -97.867011, 22.242719 ], [ -97.866958, 22.242291 ], [ -97.866902, 22.241858 ], [ -97.86689, 22.241762 ], [ -97.866814, 22.241172 ], [ -97.866745, 22.240647 ], [ -97.866676, 22.240116 ], [ -97.866609, 22.239612 ], [ -97.866581, 22.239398 ], [ -97.866546, 22.239133 ], [ -97.866511, 22.238854 ], [ -97.866426, 22.238191 ], [ -97.866393, 22.237948 ], [ -97.866356, 22.237681 ], [ -97.866236, 22.237207 ], [ -97.866078, 22.236703 ], [ -97.865995, 22.236443 ], [ -97.865922, 22.236225 ], [ -97.865602, 22.235383 ], [ -97.865309, 22.23458 ], [ -97.865744, 22.234433 ], [ -97.866185, 22.234285 ], [ -97.866578, 22.23415 ], [ -97.867476, 22.233847 ], [ -97.867574, 22.234102 ], [ -97.867776, 22.234631 ], [ -97.867785, 22.234653 ], [ -97.868046, 22.235254 ], [ -97.868328, 22.235899 ], [ -97.868582, 22.236468 ], [ -97.868881, 22.237135 ], [ -97.868969, 22.237329 ], [ -97.86916, 22.237754 ], [ -97.869348, 22.238172 ], [ -97.869433, 22.238361 ], [ -97.869627, 22.238792 ], [ -97.869734, 22.23903 ], [ -97.869854, 22.239296 ], [ -97.870199, 22.240063 ], [ -97.87027, 22.24024 ], [ -97.870609, 22.241084 ], [ -97.87065, 22.241184 ], [ -97.870986, 22.241994 ] ] ] ] } },
{ "type": "Feature", "properties": { "CVEGEO": "2803800010124", "POB_TOT_20": 992.0, "POB_MASC_2": 434.0, "POB_FEM_20": 558.0, "origen": "2803800010124", "viajes_od_totales_salientes": 207.12, "viajes-total_salientes": 5925.0, "viajes_od_totales_norm_salientes": 0.95411829740187948, "viajes-total_norm_salientes": 4.4852384557153675, "AE_por_fila_salientes": 0.031579920604266447, "SE_por_fila_salientes": 0.0031307699972504622, "APE_por_fila_salientes": 94.098683671091464, "destino": "2803800010124", "viajes_od_totales_entrantes": 460.04, "viajes-total_entrantes": 6554.0, "viajes_od_totales_norm_entrantes": 2.119218721208771, "viajes-total_norm_entrantes": 4.961392884178653, "AE_por_fila_entrantes": 0.028236101548052749, "SE_por_fila_entrantes": 0.0026227284533860986, "APE_por_fila_entrantes": 97.553419907912243 }, "geometry": { "type": "MultiPolygon", "coordinates": [ [ [ [ -97.873999, 22.247969 ], [ -97.874031, 22.248029 ], [ -97.874376, 22.248848 ], [ -97.87468, 22.24958 ], [ -97.874765, 22.249785 ], [ -97.874956, 22.250322 ], [ -97.87505, 22.250584 ], [ -97.875291, 22.251263 ], [ -97.875333, 22.25138 ], [ -97.874467, 22.251634 ], [ -97.873495, 22.251917 ], [ -97.872785, 22.252124 ], [ -97.872552, 22.252192 ], [ -97.872294, 22.251443 ], [ -97.872263, 22.251403 ], [ -97.871172, 22.25172 ], [ -97.870975, 22.25178 ], [ -97.870412, 22.251948 ], [ -97.870083, 22.25203 ], [ -97.870025, 22.252033 ], [ -97.869183, 22.252027 ], [ -97.868312, 22.252011 ], [ -97.868298, 22.253179 ], [ -97.868228, 22.253189 ], [ -97.867697, 22.252999 ], [ -97.867702, 22.252001 ], [ -97.867817, 22.252003 ], [ -97.867813, 22.251027 ], [ -97.867626, 22.250509 ], [ -97.868338, 22.250298 ], [ -97.868533, 22.250241 ], [ -97.869398, 22.249988 ], [ -97.870513, 22.249655 ], [ -97.870899, 22.249479 ], [ -97.871403, 22.249218 ], [ -97.872244, 22.24879 ], [ -97.873149, 22.248363 ], [ -97.873999, 22.247969 ] ] ] ] } },
{ "type": "Feature", "properties": { "CVEGEO": "2800900010781", "POB_TOT_20": 2616.0, "POB_MASC_2": 1219.0, "POB_FEM_20": 1397.0, "origen": "2800900010781", "viajes_od_totales_salientes": 251.76, "viajes-total_salientes": 3696.0, "viajes_od_totales_norm_salientes": 1.1597567716970703, "viajes-total_norm_salientes": 2.7978803936411811, "AE_por_fila_salientes": 0.018158830183761378, "SE_por_fila_salientes": 0.0012579701069681817, "APE_por_fila_salientes": 110.49509703012147, "destino": "2800900010781", "viajes_od_totales_entrantes": 64.52, "viajes-total_entrantes": 3804.0, "viajes_od_totales_norm_entrantes": 0.2972176156255758, "viajes-total_norm_entrantes": 2.8796366389099166, "AE_por_fila_entrantes": 0.019842823383158549, "SE_por_fila_entrantes": 0.0011873030260753099, "APE_por_fila_entrantes": 88.814898084891468 }, "geometry": { "type": "MultiPolygon", "coordinates": [ [ [ [ -97.848512, 22.248191 ], [ -97.848977, 22.247491 ], [ -97.849442, 22.246769 ], [ -97.849861, 22.246113 ], [ -97.850315, 22.245438 ], [ -97.850529, 22.245113 ], [ -97.850909, 22.245315 ], [ -97.851282, 22.244776 ], [ -97.851655, 22.24422 ], [ -97.852022, 22.24364 ], [ -97.852739, 22.244022 ], [ -97.853492, 22.244434 ], [ -97.855243, 22.245351 ], [ -97.855179, 22.246124 ], [ -97.855124, 22.246865 ], [ -97.854887, 22.246743 ], [ -97.854557, 22.246562 ], [ -97.853997, 22.246255 ], [ -97.853508, 22.245989 ], [ -97.852981, 22.246532 ], [ -97.852237, 22.247353 ], [ -97.851935, 22.24808 ], [ -97.851856, 22.248309 ], [ -97.851709, 22.248646 ], [ -97.851567, 22.248858 ], [ -97.851293, 22.249272 ], [ -97.851098, 22.249567 ], [ -97.850878, 22.249893 ], [ -97.850871, 22.249902 ], [ -97.850786, 22.250031 ], [ -97.850782, 22.250037 ], [ -97.850615, 22.250285 ], [ -97.85027, 22.250787 ], [ -97.850158, 22.250949 ], [ -97.849306, 22.250502 ], [ -97.848374, 22.250018 ], [ -97.847597, 22.249618 ], [ -97.848058, 22.248909 ], [ -97.848512, 22.248191 ] ] ] ] } },
{ "type": "Feature", "properties": { "CVEGEO": "2803800010177", "POB_TOT_20": 1496.0, "POB_MASC_2": 693.0, "POB_FEM_20": 803.0, "origen": "2803800010177", "viajes_od_totales_salientes": 168.92, "viajes-total_salientes": 6273.0, "viajes_od_totales_norm_salientes": 0.7781463055094896, "viajes-total_norm_salientes": 4.748675246025738, "AE_por_fila_salientes": 0.029530778612444634, "SE_por_fila_salientes": 0.0024521429339227773, "APE_por_fila_salientes": 88.833713791817672, "destino": "2803800010177", "viajes_od_totales_entrantes": 183.4, "viajes-total_entrantes": 6851.0, "viajes_od_totales_norm_entrantes": 0.84484982494932737, "viajes-total_norm_entrantes": 5.1862225586676756, "AE_por_fila_entrantes": 0.030369555062046426, "SE_por_fila_entrantes": 0.0026345004521440281, "APE_por_fila_entrantes": 87.664135560377503 }, "geometry": { "type": "MultiPolygon", "coordinates": [ [ [ [ -97.867515, 22.24666 ], [ -97.867599, 22.246929 ], [ -97.867597, 22.246978 ], [ -97.867592, 22.247062 ], [ -97.867539, 22.247467 ], [ -97.867468, 22.248005 ], [ -97.86739, 22.248438 ], [ -97.867299, 22.248942 ], [ -97.867233, 22.24932 ], [ -97.866456, 22.249713 ], [ -97.866047, 22.249871 ], [ -97.865507, 22.250043 ], [ -97.863891, 22.250496 ], [ -97.863535, 22.250604 ], [ -97.863537, 22.250595 ], [ -97.863682, 22.249742 ], [ -97.863767, 22.249244 ], [ -97.863819, 22.24882 ], [ -97.863809, 22.248273 ], [ -97.863801, 22.247828 ], [ -97.863792, 22.247496 ], [ -97.863779, 22.246989 ], [ -97.86377, 22.246658 ], [ -97.863765, 22.246482 ], [ -97.863756, 22.246143 ], [ -97.863737, 22.245316 ], [ -97.863717, 22.24448 ], [ -97.863682, 22.243643 ], [ -97.864567, 22.243613 ], [ -97.865441, 22.243584 ], [ -97.866379, 22.243557 ], [ -97.866979, 22.243536 ], [ -97.86695, 22.244125 ], [ -97.866953, 22.244174 ], [ -97.866967, 22.244362 ], [ -97.866987, 22.244616 ], [ -97.867021, 22.244756 ], [ -97.867098, 22.245194 ], [ -97.867182, 22.245508 ], [ -97.867288, 22.245893 ], [ -97.867328, 22.246035 ], [ -97.867395, 22.246279 ], [ -97.867515, 22.24666 ] ] ] ] } },
{ "type": "Feature", "properties": { "CVEGEO": "2803800010196", "POB_TOT_20": 2729.0, "POB_MASC_2": 1279.0, "POB_FEM_20": 1450.0, "origen": "2803800010196", "viajes_od_totales_salientes": 380.66, "viajes-total_salientes": 4166.0, "viajes_od_totales_norm_salientes": 1.7535470794177261, "viajes-total_norm_salientes": 3.1536714610143832, "AE_por_fila_salientes": 0.022241858964164245, "SE_por_fila_salientes": 0.0014895265182068315, "APE_por_fila_salientes": 101.29545809910024, "destino": "2803800010196", "viajes_od_totales_entrantes": 94.84, "viajes-total_entrantes": 4436.0, "viajes_od_totales_norm_entrantes": 0.43688962594435227, "viajes-total_norm_entrantes": 3.3580620741862224, "AE_por_fila_entrantes": 0.025269636102677556, "SE_por_fila_entrantes": 0.0017956420897990058, "APE_por_fila_entrantes": 88.208159183485975 }, "geometry": { "type": "MultiPolygon", "coordinates": [ [ [ [ -97.863682, 22.243643 ], [ -97.863717, 22.24448 ], [ -97.863737, 22.245316 ], [ -97.863049, 22.24534 ], [ -97.86281, 22.245345 ], [ -97.861886, 22.24536 ], [ -97.861039, 22.245383 ], [ -97.860136, 22.245408 ], [ -97.86014, 22.246062 ], [ -97.859725, 22.246001 ], [ -97.859259, 22.245938 ], [ -97.858798, 22.245877 ], [ -97.858361, 22.245819 ], [ -97.857894, 22.245756 ], [ -97.857512, 22.245702 ], [ -97.857432, 22.24599 ], [ -97.857433, 22.246357 ], [ -97.857536, 22.246501 ], [ -97.856946, 22.246221 ], [ -97.85689, 22.246192 ], [ -97.856609, 22.246046 ], [ -97.856528, 22.246003 ], [ -97.855627, 22.245542 ], [ -97.855385, 22.245415 ], [ -97.855243, 22.245351 ], [ -97.855303, 22.244553 ], [ -97.855325, 22.244199 ], [ -97.855325, 22.243652 ], [ -97.855326, 22.243295 ], [ -97.855327, 22.243244 ], [ -97.855303, 22.242813 ], [ -97.855169, 22.242496 ], [ -97.855031, 22.242173 ], [ -97.855112, 22.242129 ], [ -97.855811, 22.242427 ], [ -97.856365, 22.242636 ], [ -97.856455, 22.242645 ], [ -97.857253, 22.242732 ], [ -97.85731, 22.242738 ], [ -97.857806, 22.242691 ], [ -97.857929, 22.242673 ], [ -97.858516, 22.242573 ], [ -97.858604, 22.242701 ], [ -97.858648, 22.242843 ], [ -97.860069, 22.242894 ], [ -97.860519, 22.242886 ], [ -97.860956, 22.242877 ], [ -97.861843, 22.242852 ], [ -97.862744, 22.242829 ], [ -97.863648, 22.242806 ], [ -97.863682, 22.243643 ] ] ] ] } },
{ "type": "Feature", "properties": { "CVEGEO": "2803800010213", "POB_TOT_20": 2219.0, "POB_MASC_2": 1000.0, "POB_FEM_20": 1219.0, "origen": "2803800010213", "viajes_od_totales_salientes": 494.12, "viajes-total_salientes": 3564.0, "viajes_od_totales_norm_salientes": 2.2762115349180023, "viajes-total_norm_salientes": 2.6979560938682816, "AE_por_fila_salientes": 0.027114246591263508, "SE_por_fila_salientes": 0.0020600439228015185, "APE_por_fila_salientes": 189.53909825793758, "destino": "2803800010213", "viajes_od_totales_entrantes": 151.9, "viajes-total_entrantes": 3598.0, "viajes_od_totales_norm_entrantes": 0.69974203058780171, "viajes-total_norm_entrantes": 2.7236941710825131, "AE_por_fila_entrantes": 0.019237008232856647, "SE_por_fila_entrantes": 0.00094196507530363606, "APE_por_fila_entrantes": 75.415725621929909 }, "geometry": { "type": "MultiPolygon", "coordinates": [ [ [ [ -97.866979, 22.243536 ], [ -97.866379, 22.243557 ], [ -97.865441, 22.243584 ], [ -97.864567, 22.243613 ], [ -97.863682, 22.243643 ], [ -97.863648, 22.242806 ], [ -97.863621, 22.24198 ], [ -97.863595, 22.241173 ], [ -97.863568, 22.240287 ], [ -97.863538, 22.239462 ], [ -97.863531, 22.238783 ], [ -97.86353, 22.238657 ], [ -97.863522, 22.238318 ], [ -97.863517, 22.238124 ], [ -97.863512, 22.237808 ], [ -97.863508, 22.237544 ], [ -97.863498, 22.236967 ], [ -97.863498, 22.236936 ], [ -97.864104, 22.236122 ], [ -97.864347, 22.235825 ], [ -97.864747, 22.235289 ], [ -97.865262, 22.234607 ], [ -97.865309, 22.23458 ], [ -97.865602, 22.235383 ], [ -97.865922, 22.236225 ], [ -97.865995, 22.236443 ], [ -97.866078, 22.236703 ], [ -97.866236, 22.237207 ], [ -97.866356, 22.237681 ], [ -97.866393, 22.237948 ], [ -97.866426, 22.238191 ], [ -97.866511, 22.238854 ], [ -97.866546, 22.239133 ], [ -97.866581, 22.239398 ], [ -97.866609, 22.239612 ], [ -97.866676, 22.240116 ], [ -97.866745, 22.240647 ], [ -97.866814, 22.241172 ], [ -97.86689, 22.241762 ], [ -97.866902, 22.241858 ], [ -97.866958, 22.242291 ], [ -97.867011, 22.242719 ], [ -97.867021, 22.242866 ], [ -97.866984, 22.243455 ], [ -97.866979, 22.243536 ] ] ] ] } },
{ "type": "Feature", "properties": { "CVEGEO": "2800900010743", "POB_TOT_20": 3261.0, "POB_MASC_2": 1485.0, "POB_FEM_20": 1776.0, "origen": "2800900010743", "viajes_od_totales_salientes": 456.8, "viajes-total_salientes": 8358.0, "viajes_od_totales_norm_salientes": 2.1042933480744423, "viajes-total_norm_salientes": 6.3270249810749428, "AE_por_fila_salientes": 0.031896824657084696, "SE_por_fila_salientes": 0.0029870326979227137, "APE_por_fila_salientes": 89.270129781182504, "destino": "2800900010743", "viajes_od_totales_entrantes": 691.6, "viajes-total_entrantes": 9267.0, "viajes_od_totales_norm_entrantes": 3.1859222406486087, "viajes-total_norm_entrantes": 7.0151400454201367, "AE_por_fila_entrantes": 0.02949822061922423, "SE_por_fila_entrantes": 0.002365542693376234, "APE_por_fila_entrantes": 87.025241141470673 }, "geometry": { "type": "MultiPolygon", "coordinates": [ [ [ [ -97.855243, 22.245351 ], [ -97.855385, 22.245415 ], [ -97.855627, 22.245542 ], [ -97.856528, 22.246003 ], [ -97.856609, 22.246046 ], [ -97.85689, 22.246192 ], [ -97.856946, 22.246221 ], [ -97.857536, 22.246501 ], [ -97.857569, 22.246687 ], [ -97.857626, 22.247026 ], [ -97.85764, 22.247102 ], [ -97.85773, 22.247652 ], [ -97.857851, 22.248494 ], [ -97.857966, 22.24938 ], [ -97.858049, 22.25034 ], [ -97.85821, 22.252171 ], [ -97.856507, 22.252687 ], [ -97.854877, 22.253187 ], [ -97.85367, 22.253514 ], [ -97.853552, 22.253545 ], [ -97.852563, 22.253804 ], [ -97.852509, 22.253548 ], [ -97.852475, 22.253427 ], [ -97.852433, 22.253338 ], [ -97.852395, 22.253263 ], [ -97.852333, 22.25318 ], [ -97.8521, 22.253022 ], [ -97.852594, 22.252236 ], [ -97.851736, 22.251778 ], [ -97.850938, 22.251363 ], [ -97.850158, 22.250949 ], [ -97.85027, 22.250787 ], [ -97.850615, 22.250285 ], [ -97.850782, 22.250037 ], [ -97.850786, 22.250031 ], [ -97.850871, 22.249902 ], [ -97.850878, 22.249893 ], [ -97.851098, 22.249567 ], [ -97.851293, 22.249272 ], [ -97.851567, 22.248858 ], [ -97.851709, 22.248646 ], [ -97.851856, 22.248309 ], [ -97.851935, 22.24808 ], [ -97.852237, 22.247353 ], [ -97.852981, 22.246532 ], [ -97.853508, 22.245989 ], [ -97.853997, 22.246255 ], [ -97.854557, 22.246562 ], [ -97.854887, 22.246743 ], [ -97.855124, 22.246865 ], [ -97.855179, 22.246124 ], [ -97.855243, 22.245351 ] ] ] ] } },
{ "type": "Feature", "properties": { "CVEGEO": "2803800010228", "POB_TOT_20": 3601.0, "POB_MASC_2": 1629.0, "POB_FEM_20": 1972.0, "origen": "2803800010228", "viajes_od_totales_salientes": 593.66, "viajes-total_salientes": 6533.0, "viajes_od_totales_norm_salientes": 2.7347521651004238, "viajes-total_norm_salientes": 4.9454958364875097, "AE_por_fila_salientes": 0.030285554750839907, "SE_por_fila_salientes": 0.002679482588067912, "APE_por_fila_salientes": 124.38075317484476, "destino": "2803800010228", "viajes_od_totales_entrantes": 151.94, "viajes-total_entrantes": 6848.0, "viajes_od_totales_norm_entrantes": 0.69992629445365762, "viajes-total_norm_entrantes": 5.1839515518546557, "AE_por_fila_entrantes": 0.027334975280712152, "SE_por_fila_entrantes": 0.002627039278206613, "APE_por_fila_entrantes": 83.459883651222839 }, "geometry": { "type": "MultiPolygon", "coordinates": [ [ [ [ -97.863498, 22.236967 ], [ -97.863508, 22.237544 ], [ -97.863512, 22.237808 ], [ -97.863517, 22.238124 ], [ -97.863522, 22.238318 ], [ -97.86353, 22.238657 ], [ -97.863531, 22.238783 ], [ -97.863538, 22.239462 ], [ -97.863568, 22.240287 ], [ -97.863595, 22.241173 ], [ -97.863621, 22.24198 ], [ -97.863648, 22.242806 ], [ -97.862744, 22.242829 ], [ -97.861843, 22.242852 ], [ -97.860956, 22.242877 ], [ -97.860519, 22.242886 ], [ -97.860069, 22.242894 ], [ -97.858648, 22.242843 ], [ -97.858604, 22.242701 ], [ -97.858516, 22.242573 ], [ -97.857929, 22.242673 ], [ -97.857806, 22.242691 ], [ -97.85731, 22.242738 ], [ -97.857253, 22.242732 ], [ -97.856455, 22.242645 ], [ -97.856365, 22.242636 ], [ -97.855811, 22.242427 ], [ -97.855112, 22.242129 ], [ -97.855778, 22.241758 ], [ -97.85634, 22.241434 ], [ -97.856804, 22.241164 ], [ -97.857385, 22.240968 ], [ -97.857699, 22.240746 ], [ -97.857936, 22.240592 ], [ -97.85807, 22.240409 ], [ -97.858211, 22.240195 ], [ -97.858361, 22.239862 ], [ -97.858483, 22.239298 ], [ -97.858587, 22.238747 ], [ -97.858731, 22.238144 ], [ -97.858828, 22.237617 ], [ -97.858977, 22.237038 ], [ -97.860034, 22.237037 ], [ -97.860149, 22.237033 ], [ -97.860789, 22.237027 ], [ -97.861681, 22.237009 ], [ -97.862575, 22.23699 ], [ -97.863498, 22.236967 ] ] ] ] } },
{ "type": "Feature", "properties": { "CVEGEO": "2803800011103", "POB_TOT_20": 2037.0, "POB_MASC_2": 980.0, "POB_FEM_20": 1057.0, "origen": "2803800011103", "viajes_od_totales_salientes": 67.94, "viajes-total_salientes": 2551.0, "viajes_od_totales_norm_salientes": 0.31297217615625572, "viajes-total_norm_salientes": 1.93111279333838, "AE_por_fila_salientes": 0.017819474338122743, "SE_por_fila_salientes": 0.0012044777457370843, "APE_por_fila_salientes": 85.343253437874637, "destino": "2803800011103", "viajes_od_totales_entrantes": 51.36, "viajes-total_entrantes": 2603.0, "viajes_od_totales_norm_entrantes": 0.23659480375898284, "viajes-total_norm_entrantes": 1.9704769114307343, "AE_por_fila_entrantes": 0.019130427806201097, "SE_por_fila_entrantes": 0.001148988122702071, "APE_por_fila_entrantes": 89.902726566155565 }, "geometry": { "type": "MultiPolygon", "coordinates": [ [ [ [ -97.865309, 22.23458 ], [ -97.865262, 22.234607 ], [ -97.864747, 22.235289 ], [ -97.864347, 22.235825 ], [ -97.864104, 22.236122 ], [ -97.863498, 22.236936 ], [ -97.863498, 22.236967 ], [ -97.862575, 22.23699 ], [ -97.861681, 22.237009 ], [ -97.860789, 22.237027 ], [ -97.860149, 22.237033 ], [ -97.860034, 22.237037 ], [ -97.858977, 22.237038 ], [ -97.858961, 22.236682 ], [ -97.858933, 22.236581 ], [ -97.858848, 22.236202 ], [ -97.858696, 22.236006 ], [ -97.858473, 22.235778 ], [ -97.858187, 22.235545 ], [ -97.857458, 22.234953 ], [ -97.857259, 22.234756 ], [ -97.857139, 22.234554 ], [ -97.858183, 22.234551 ], [ -97.858649, 22.234552 ], [ -97.859113, 22.234554 ], [ -97.859562, 22.234554 ], [ -97.86, 22.234539 ], [ -97.86038, 22.234527 ], [ -97.860861, 22.234512 ], [ -97.861609, 22.234493 ], [ -97.862513, 22.234477 ], [ -97.863428, 22.234461 ], [ -97.864324, 22.234446 ], [ -97.864698, 22.23444 ], [ -97.86527, 22.234429 ], [ -97.865309, 22.23458 ] ] ] ] } },
{ "type": "Feature", "properties": { "CVEGEO": "2803800010139", "POB_TOT_20": 702.0, "POB_MASC_2": 328.0, "POB_FEM_20": 374.0, "origen": "2803800010139", "viajes_od_totales_salientes": 116.88, "viajes-total_salientes": 6212.0, "viajes_od_totales_norm_salientes": 0.53841901603095632, "viajes-total_norm_salientes": 4.7024981074943222, "AE_por_fila_salientes": 0.032988980657932925, "SE_por_fila_salientes": 0.0038542690715604811, "APE_por_fila_salientes": 91.168325139093113, "destino": "2803800010139", "viajes_od_totales_entrantes": 534.6, "viajes-total_entrantes": 6603.0, "viajes_od_totales_norm_entrantes": 2.4626865671641789, "viajes-total_norm_entrantes": 4.9984859954579868, "AE_por_fila_entrantes": 0.028917137297899728, "SE_por_fila_entrantes": 0.002782705331536611, "APE_por_fila_entrantes": 106.92919871751137 }, "geometry": { "type": "MultiPolygon", "coordinates": [ [ [ [ -97.867233, 22.24932 ], [ -97.867129, 22.249884 ], [ -97.866899, 22.250725 ], [ -97.867212, 22.250632 ], [ -97.867626, 22.250509 ], [ -97.867813, 22.251027 ], [ -97.867817, 22.252003 ], [ -97.867702, 22.252001 ], [ -97.867697, 22.252999 ], [ -97.868228, 22.253189 ], [ -97.868298, 22.253179 ], [ -97.868312, 22.252011 ], [ -97.869183, 22.252027 ], [ -97.869214, 22.252178 ], [ -97.869255, 22.253278 ], [ -97.869255, 22.253436 ], [ -97.869255, 22.254221 ], [ -97.868316, 22.254218 ], [ -97.867392, 22.25421 ], [ -97.866509, 22.254205 ], [ -97.865612, 22.2542 ], [ -97.864976, 22.254194 ], [ -97.864693, 22.254599 ], [ -97.863319, 22.254755 ], [ -97.863318, 22.254569 ], [ -97.863313, 22.253624 ], [ -97.863309, 22.252859 ], [ -97.863309, 22.252754 ], [ -97.863292, 22.250665 ], [ -97.863535, 22.250604 ], [ -97.863891, 22.250496 ], [ -97.865507, 22.250043 ], [ -97.866047, 22.249871 ], [ -97.866456, 22.249713 ], [ -97.867233, 22.24932 ] ] ] ] } },
{ "type": "Feature", "properties": { "CVEGEO": "2803800010181", "POB_TOT_20": 2158.0, "POB_MASC_2": 1031.0, "POB_FEM_20": 1127.0, "origen": "2803800010181", "viajes_od_totales_salientes": 245.0, "viajes-total_salientes": 5481.0, "viajes_od_totales_norm_salientes": 1.128616178367422, "viajes-total_norm_salientes": 4.1491294473883418, "AE_por_fila_salientes": 0.024217350959923081, "SE_por_fila_salientes": 0.0019343305202726218, "APE_por_fila_salientes": 87.922910857514424, "destino": "2803800010181", "viajes_od_totales_entrantes": 200.96, "viajes-total_entrantes": 5749.0, "viajes_od_totales_norm_entrantes": 0.92574166206007003, "viajes-total_norm_entrantes": 4.3520060560181681, "AE_por_fila_entrantes": 0.024855365741863644, "SE_por_fila_entrantes": 0.0021858683634918821, "APE_por_fila_entrantes": 79.760879433833182 }, "geometry": { "type": "MultiPolygon", "coordinates": [ [ [ [ -97.863737, 22.245316 ], [ -97.863756, 22.246143 ], [ -97.863765, 22.246482 ], [ -97.86377, 22.246658 ], [ -97.863779, 22.246989 ], [ -97.863792, 22.247496 ], [ -97.863801, 22.247828 ], [ -97.863809, 22.248273 ], [ -97.863819, 22.24882 ], [ -97.863767, 22.249244 ], [ -97.863682, 22.249742 ], [ -97.863537, 22.250595 ], [ -97.863535, 22.250604 ], [ -97.863292, 22.250665 ], [ -97.862565, 22.250877 ], [ -97.861243, 22.251272 ], [ -97.860092, 22.251616 ], [ -97.858676, 22.252033 ], [ -97.858484, 22.25209 ], [ -97.85821, 22.252171 ], [ -97.858049, 22.25034 ], [ -97.857966, 22.24938 ], [ -97.857851, 22.248494 ], [ -97.85773, 22.247652 ], [ -97.85764, 22.247102 ], [ -97.857626, 22.247026 ], [ -97.857569, 22.246687 ], [ -97.857536, 22.246501 ], [ -97.857433, 22.246357 ], [ -97.857432, 22.24599 ], [ -97.857512, 22.245702 ], [ -97.857894, 22.245756 ], [ -97.858361, 22.245819 ], [ -97.858798, 22.245877 ], [ -97.859259, 22.245938 ], [ -97.859725, 22.246001 ], [ -97.86014, 22.246062 ], [ -97.860136, 22.245408 ], [ -97.861039, 22.245383 ], [ -97.861886, 22.24536 ], [ -97.86281, 22.245345 ], [ -97.863049, 22.24534 ], [ -97.863737, 22.245316 ] ] ] ] } },
{ "type": "Feature", "properties": { "CVEGEO": "2803800010105", "POB_TOT_20": 4660.0, "POB_MASC_2": 2131.0, "POB_FEM_20": 2529.0, "origen": "2803800010105", "viajes_od_totales_salientes": 789.36, "viajes-total_salientes": 18106.0, "viajes_od_totales_norm_salientes": 3.6362631288004419, "viajes-total_norm_salientes": 13.706283118849356, "AE_por_fila_salientes": 0.055292604707851398, "SE_por_fila_salientes": 0.01041529121398622, "APE_por_fila_salientes": 91.352008893589982, "destino": "2803800010105", "viajes_od_totales_entrantes": 938.06, "viajes-total_entrantes": 19336.0, "viajes_od_totales_norm_entrantes": 4.3212640501197717, "viajes-total_norm_entrantes": 14.637395912187737, "AE_por_fila_entrantes": 0.055124683588533903, "SE_por_fila_entrantes": 0.01144581043253386, "APE_por_fila_entrantes": 78.478493105001007 }, "geometry": { "type": "MultiPolygon", "coordinates": [ [ [ [ -97.85821, 22.252171 ], [ -97.858484, 22.25209 ], [ -97.858676, 22.252033 ], [ -97.860092, 22.251616 ], [ -97.861243, 22.251272 ], [ -97.862565, 22.250877 ], [ -97.863292, 22.250665 ], [ -97.863309, 22.252754 ], [ -97.863309, 22.252859 ], [ -97.863313, 22.253624 ], [ -97.863318, 22.254569 ], [ -97.863319, 22.254755 ], [ -97.864693, 22.254599 ], [ -97.864646, 22.255226 ], [ -97.86471, 22.255231 ], [ -97.864713, 22.256226 ], [ -97.864716, 22.257211 ], [ -97.864713, 22.258248 ], [ -97.864709, 22.258853 ], [ -97.864708, 22.259231 ], [ -97.864705, 22.260154 ], [ -97.864259, 22.260152 ], [ -97.863844, 22.260151 ], [ -97.863837, 22.259718 ], [ -97.86383, 22.259229 ], [ -97.862722, 22.259225 ], [ -97.862608, 22.259405 ], [ -97.862431, 22.259684 ], [ -97.862357, 22.259807 ], [ -97.86212, 22.260201 ], [ -97.862054, 22.260335 ], [ -97.861655, 22.261149 ], [ -97.861148, 22.262184 ], [ -97.861025, 22.262436 ], [ -97.860809, 22.262875 ], [ -97.860579, 22.263347 ], [ -97.860572, 22.263359 ], [ -97.860272, 22.263987 ], [ -97.860056, 22.264669 ], [ -97.859854, 22.265385 ], [ -97.859648, 22.266116 ], [ -97.859446, 22.266833 ], [ -97.85796, 22.266352 ], [ -97.857428, 22.26618 ], [ -97.857689, 22.265489 ], [ -97.857893, 22.264939 ], [ -97.857899, 22.264753 ], [ -97.857276, 22.263765 ], [ -97.857225, 22.263699 ], [ -97.857201, 22.263593 ], [ -97.857442, 22.262831 ], [ -97.857658, 22.262178 ], [ -97.857217, 22.262122 ], [ -97.856746, 22.26207 ], [ -97.856432, 22.261971 ], [ -97.856012, 22.261839 ], [ -97.855592, 22.261699 ], [ -97.855867, 22.260988 ], [ -97.85612, 22.260313 ], [ -97.856397, 22.259623 ], [ -97.856673, 22.258884 ], [ -97.85677, 22.258616 ], [ -97.856831, 22.258423 ], [ -97.856845, 22.258325 ], [ -97.856831, 22.258148 ], [ -97.856813, 22.257941 ], [ -97.856826, 22.257705 ], [ -97.856831, 22.257644 ], [ -97.856938, 22.257222 ], [ -97.857076, 22.256899 ], [ -97.8573, 22.256485 ], [ -97.857418, 22.256273 ], [ -97.85743, 22.256249 ], [ -97.857584, 22.255937 ], [ -97.857723, 22.255658 ], [ -97.857814, 22.25551 ], [ -97.85796, 22.255207 ], [ -97.858049, 22.254407 ], [ -97.858178, 22.253105 ], [ -97.85821, 22.252171 ] ] ] ] } },
{ "type": "Feature", "properties": { "CVEGEO": "2803800010092", "POB_TOT_20": 1141.0, "POB_MASC_2": 485.0, "POB_FEM_20": 656.0, "origen": "2803800010092", "viajes_od_totales_salientes": 166.0, "viajes-total_salientes": 5588.0, "viajes_od_totales_norm_salientes": 0.76469504330200844, "viajes-total_norm_salientes": 4.2301286903860715, "AE_por_fila_salientes": 0.028294014758126824, "SE_por_fila_salientes": 0.0022441441757047819, "APE_por_fila_salientes": 92.643656827201653, "destino": "2803800010092", "viajes_od_totales_entrantes": 184.44, "viajes-total_entrantes": 5753.0, "viajes_od_totales_norm_entrantes": 0.849640685461581, "viajes-total_norm_entrantes": 4.3550340651021955, "AE_por_fila_entrantes": 0.0281860209202878, "SE_por_fila_entrantes": 0.0029047675089104207, "APE_por_fila_entrantes": 78.842641627501095 }, "geometry": { "type": "MultiPolygon", "coordinates": [ [ [ [ -97.864705, 22.260154 ], [ -97.864708, 22.259231 ], [ -97.864709, 22.258853 ], [ -97.864713, 22.258248 ], [ -97.864716, 22.257211 ], [ -97.864713, 22.256226 ], [ -97.86471, 22.255231 ], [ -97.864646, 22.255226 ], [ -97.864693, 22.254599 ], [ -97.864976, 22.254194 ], [ -97.865612, 22.2542 ], [ -97.866509, 22.254205 ], [ -97.867392, 22.25421 ], [ -97.868316, 22.254218 ], [ -97.869255, 22.254221 ], [ -97.869255, 22.254514 ], [ -97.869256, 22.254621 ], [ -97.869258, 22.255225 ], [ -97.869262, 22.256211 ], [ -97.869267, 22.257215 ], [ -97.869272, 22.258253 ], [ -97.869274, 22.259238 ], [ -97.869268, 22.260034 ], [ -97.869262, 22.260754 ], [ -97.868831, 22.260757 ], [ -97.868292, 22.26076 ], [ -97.868313, 22.261907 ], [ -97.867396, 22.261884 ], [ -97.867408, 22.259839 ], [ -97.86741, 22.259232 ], [ -97.866506, 22.259234 ], [ -97.865606, 22.259233 ], [ -97.865609, 22.259947 ], [ -97.865613, 22.260777 ], [ -97.865186, 22.260773 ], [ -97.864703, 22.260768 ], [ -97.864705, 22.260322 ], [ -97.864705, 22.260154 ] ] ] ] } },
{ "type": "Feature", "properties": { "CVEGEO": "2800900010654", "POB_TOT_20": 3890.0, "POB_MASC_2": 1802.0, "POB_FEM_20": 2088.0, "origen": "2800900010654", "viajes_od_totales_salientes": 641.88, "viajes-total_salientes": 7117.0, "viajes_od_totales_norm_salientes": 2.9568822553897181, "viajes-total_norm_salientes": 5.3875851627554878, "AE_por_fila_salientes": 0.030020379038953351, "SE_por_fila_salientes": 0.0032080500441660077, "APE_por_fila_salientes": 87.01818725222283, "destino": "2800900010654", "viajes_od_totales_entrantes": 451.92, "viajes-total_entrantes": 7417.0, "viajes_od_totales_norm_entrantes": 2.0818131564400222, "viajes-total_norm_entrantes": 5.614685844057532, "AE_por_fila_entrantes": 0.028114535194954448, "SE_por_fila_entrantes": 0.0029191527690654419, "APE_por_fila_entrantes": 78.871102798768092 }, "geometry": { "type": "MultiPolygon", "coordinates": [ [ [ [ -97.85821, 22.252171 ], [ -97.858178, 22.253105 ], [ -97.858049, 22.254407 ], [ -97.85796, 22.255207 ], [ -97.857814, 22.25551 ], [ -97.857723, 22.255658 ], [ -97.857584, 22.255937 ], [ -97.85743, 22.256249 ], [ -97.857418, 22.256273 ], [ -97.8573, 22.256485 ], [ -97.857076, 22.256899 ], [ -97.856938, 22.257222 ], [ -97.856831, 22.257644 ], [ -97.856826, 22.257705 ], [ -97.856813, 22.257941 ], [ -97.856831, 22.258148 ], [ -97.856845, 22.258325 ], [ -97.856831, 22.258423 ], [ -97.85677, 22.258616 ], [ -97.856673, 22.258884 ], [ -97.856397, 22.259623 ], [ -97.85612, 22.260313 ], [ -97.855867, 22.260988 ], [ -97.855592, 22.261699 ], [ -97.856012, 22.261839 ], [ -97.856432, 22.261971 ], [ -97.856746, 22.26207 ], [ -97.857217, 22.262122 ], [ -97.857658, 22.262178 ], [ -97.857442, 22.262831 ], [ -97.857201, 22.263593 ], [ -97.857225, 22.263699 ], [ -97.857276, 22.263765 ], [ -97.857899, 22.264753 ], [ -97.857893, 22.264939 ], [ -97.857689, 22.265489 ], [ -97.857428, 22.26618 ], [ -97.857219, 22.266115 ], [ -97.857, 22.266046 ], [ -97.856705, 22.265954 ], [ -97.856429, 22.265868 ], [ -97.856198, 22.265796 ], [ -97.85595, 22.265718 ], [ -97.855879, 22.265695 ], [ -97.854288, 22.265183 ], [ -97.852792, 22.264711 ], [ -97.853053, 22.263999 ], [ -97.85332, 22.263271 ], [ -97.853465, 22.262884 ], [ -97.853574, 22.262598 ], [ -97.853821, 22.261941 ], [ -97.854084, 22.26124 ], [ -97.854359, 22.260519 ], [ -97.854614, 22.259847 ], [ -97.854883, 22.25914 ], [ -97.855155, 22.2584 ], [ -97.855404, 22.257719 ], [ -97.855605, 22.257175 ], [ -97.855757, 22.256803 ], [ -97.855229, 22.256516 ], [ -97.854644, 22.256212 ], [ -97.854377, 22.256076 ], [ -97.853873, 22.255806 ], [ -97.852988, 22.255317 ], [ -97.852919, 22.25522 ], [ -97.85311, 22.254714 ], [ -97.853298, 22.254216 ], [ -97.853552, 22.253545 ], [ -97.85367, 22.253514 ], [ -97.854877, 22.253187 ], [ -97.856507, 22.252687 ], [ -97.85821, 22.252171 ] ] ] ] } },
{ "type": "Feature", "properties": { "CVEGEO": "2803800010389", "POB_TOT_20": 2100.0, "POB_MASC_2": 1010.0, "POB_FEM_20": 1090.0, "origen": "2803800010389", "viajes_od_totales_salientes": 365.28, "viajes-total_salientes": 4194.0, "viajes_od_totales_norm_salientes": 1.6826976229961303, "viajes-total_norm_salientes": 3.1748675246025737, "AE_por_fila_salientes": 0.029789627009033828, "SE_por_fila_salientes": 0.0057727185712875637, "APE_por_fila_salientes": 99.310878339407466, "destino": "2803800010389", "viajes_od_totales_entrantes": 761.34, "viajes-total_entrantes": 4595.0, "viajes_od_totales_norm_entrantes": 3.5071862907683804, "viajes-total_norm_entrantes": 3.4784254352763058, "AE_por_fila_entrantes": 0.028901863315163603, "SE_por_fila_entrantes": 0.0023077616404097185, "APE_por_fila_entrantes": 163.24098736642634 }, "geometry": { "type": "MultiPolygon", "coordinates": [ [ [ [ -97.858826, 22.216725 ], [ -97.859663, 22.217108 ], [ -97.860507, 22.21749 ], [ -97.861364, 22.217886 ], [ -97.862201, 22.218265 ], [ -97.863033, 22.218644 ], [ -97.862688, 22.219441 ], [ -97.862353, 22.220174 ], [ -97.861944, 22.221049 ], [ -97.861571, 22.221892 ], [ -97.861202, 22.222684 ], [ -97.860821, 22.223485 ], [ -97.8599, 22.223095 ], [ -97.859674, 22.222996 ], [ -97.859029, 22.222713 ], [ -97.858154, 22.222331 ], [ -97.857293, 22.221963 ], [ -97.856339, 22.221556 ], [ -97.856788, 22.220694 ], [ -97.857188, 22.219923 ], [ -97.857585, 22.21912 ], [ -97.858012, 22.218279 ], [ -97.858413, 22.217515 ], [ -97.858826, 22.216725 ] ] ] ] } },
{ "type": "Feature", "properties": { "CVEGEO": "2803800010374", "POB_TOT_20": 2518.0, "POB_MASC_2": 1164.0, "POB_FEM_20": 1354.0, "origen": "2803800010374", "viajes_od_totales_salientes": 384.24, "viajes-total_salientes": 3402.0, "viajes_od_totales_norm_salientes": 1.7700386954118297, "viajes-total_norm_salientes": 2.5753217259651779, "AE_por_fila_salientes": 0.021241462486253158, "SE_por_fila_salientes": 0.0026584331346917551, "APE_por_fila_salientes": 106.8026935049931, "destino": "2803800010374", "viajes_od_totales_entrantes": 574.12, "viajes-total_entrantes": 3847.0, "viajes_od_totales_norm_entrantes": 2.6447392666298137, "viajes-total_norm_entrantes": 2.9121877365632098, "AE_por_fila_entrantes": 0.023015404375492654, "SE_por_fila_entrantes": 0.0015109984860539908, "APE_por_fila_entrantes": 129.91741207728882 }, "geometry": { "type": "MultiPolygon", "coordinates": [ [ [ [ -97.862688, 22.219441 ], [ -97.863531, 22.219814 ], [ -97.86435, 22.220177 ], [ -97.864968, 22.220442 ], [ -97.865219, 22.220549 ], [ -97.866008, 22.220889 ], [ -97.866519, 22.221128 ], [ -97.866586, 22.221128 ], [ -97.86694, 22.22113 ], [ -97.867054, 22.221131 ], [ -97.867474, 22.221133 ], [ -97.867514, 22.221144 ], [ -97.867552, 22.221154 ], [ -97.867847, 22.221321 ], [ -97.867917, 22.221375 ], [ -97.868402, 22.221761 ], [ -97.868582, 22.221923 ], [ -97.868688, 22.222014 ], [ -97.8688, 22.222174 ], [ -97.868872, 22.222384 ], [ -97.868952, 22.222744 ], [ -97.868571, 22.222874 ], [ -97.868593, 22.222922 ], [ -97.868617, 22.223124 ], [ -97.868628, 22.223306 ], [ -97.868592, 22.223542 ], [ -97.868555, 22.22366 ], [ -97.868428, 22.223852 ], [ -97.868384, 22.223901 ], [ -97.868317, 22.22396 ], [ -97.867805, 22.224387 ], [ -97.867088, 22.225003 ], [ -97.86555, 22.225593 ], [ -97.864478, 22.225989 ], [ -97.86447, 22.225969 ], [ -97.864363, 22.225699 ], [ -97.864195, 22.225269 ], [ -97.864143, 22.225139 ], [ -97.864033, 22.224857 ], [ -97.864022, 22.224831 ], [ -97.863347, 22.224547 ], [ -97.862484, 22.224184 ], [ -97.861626, 22.223825 ], [ -97.860821, 22.223485 ], [ -97.861202, 22.222684 ], [ -97.861571, 22.221892 ], [ -97.861944, 22.221049 ], [ -97.862353, 22.220174 ], [ -97.862688, 22.219441 ] ] ] ] } },
{ "type": "Feature", "properties": { "CVEGEO": "2803800010302", "POB_TOT_20": 5017.0, "POB_MASC_2": 2366.0, "POB_FEM_20": 2651.0, "origen": "2803800010302", "viajes_od_totales_salientes": 631.26, "viajes-total_salientes": 6534.0, "viajes_od_totales_norm_salientes": 2.9079601990049753, "viajes-total_norm_salientes": 4.9462528387585163, "AE_por_fila_salientes": 0.031890626894755365, "SE_por_fila_salientes": 0.0054548658455644081, "APE_por_fila_salientes": 98.247052913547137, "destino": "2803800010302", "viajes_od_totales_entrantes": 286.52, "viajes-total_entrantes": 7085.0, "viajes_od_totales_norm_entrantes": 1.3198820711258523, "viajes-total_norm_entrantes": 5.36336109008327, "AE_por_fila_entrantes": 0.025590735949155223, "SE_por_fila_entrantes": 0.0024886356459597847, "APE_por_fila_entrantes": 80.575593818709493 }, "geometry": { "type": "MultiPolygon", "coordinates": [ [ [ [ -97.856142, 22.221982 ], [ -97.856339, 22.221556 ], [ -97.857293, 22.221963 ], [ -97.858154, 22.222331 ], [ -97.859029, 22.222713 ], [ -97.859674, 22.222996 ], [ -97.8599, 22.223095 ], [ -97.860821, 22.223485 ], [ -97.861626, 22.223825 ], [ -97.862484, 22.224184 ], [ -97.863347, 22.224547 ], [ -97.864022, 22.224831 ], [ -97.864033, 22.224857 ], [ -97.864143, 22.225139 ], [ -97.864195, 22.225269 ], [ -97.864363, 22.225699 ], [ -97.86447, 22.225969 ], [ -97.864478, 22.225989 ], [ -97.864571, 22.226237 ], [ -97.864767, 22.22676 ], [ -97.86491, 22.227143 ], [ -97.864293, 22.226881 ], [ -97.863919, 22.227646 ], [ -97.863387, 22.227427 ], [ -97.863057, 22.227292 ], [ -97.862669, 22.228095 ], [ -97.862487, 22.228472 ], [ -97.862218, 22.229028 ], [ -97.862107, 22.228986 ], [ -97.861384, 22.228707 ], [ -97.861346, 22.228693 ], [ -97.860472, 22.228357 ], [ -97.859571, 22.228012 ], [ -97.859193, 22.227868 ], [ -97.858976, 22.227786 ], [ -97.85887, 22.227355 ], [ -97.85862, 22.226378 ], [ -97.858505, 22.226081 ], [ -97.858453, 22.225963 ], [ -97.858164, 22.225671 ], [ -97.857685, 22.225501 ], [ -97.857095, 22.225447 ], [ -97.856691, 22.225348 ], [ -97.856243, 22.225054 ], [ -97.856078, 22.224642 ], [ -97.856108, 22.224317 ], [ -97.856114, 22.224257 ], [ -97.856442, 22.223516 ], [ -97.856613, 22.223131 ], [ -97.856644, 22.222773 ], [ -97.856612, 22.222641 ], [ -97.856569, 22.222465 ], [ -97.856383, 22.22218 ], [ -97.856142, 22.221982 ] ] ] ] } },
{ "type": "Feature", "properties": { "CVEGEO": "2803800010285", "POB_TOT_20": 3212.0, "POB_MASC_2": 1542.0, "POB_FEM_20": 1670.0, "origen": "2803800010285", "viajes_od_totales_salientes": 452.98, "viajes-total_salientes": 5138.0, "viajes_od_totales_norm_salientes": 2.0866961488852036, "viajes-total_norm_salientes": 3.8894776684330052, "AE_por_fila_salientes": 0.028465832779358186, "SE_por_fila_salientes": 0.0035311886428200144, "APE_por_fila_salientes": 114.7099327271729, "destino": "2803800010285", "viajes_od_totales_entrantes": 262.88, "viajes-total_entrantes": 5618.0, "viajes_od_totales_norm_entrantes": 1.210982126405012, "viajes-total_norm_entrantes": 4.2528387585162752, "AE_por_fila_entrantes": 0.025516594130356268, "SE_por_fila_entrantes": 0.0017446244382633622, "APE_por_fila_entrantes": 76.363440291035118 }, "geometry": { "type": "MultiPolygon", "coordinates": [ [ [ [ -97.865461, 22.228665 ], [ -97.865768, 22.229423 ], [ -97.866069, 22.230198 ], [ -97.866193, 22.230514 ], [ -97.86648, 22.231252 ], [ -97.866029, 22.231402 ], [ -97.865599, 22.23154 ], [ -97.865158, 22.231684 ], [ -97.864654, 22.231848 ], [ -97.863222, 22.232225 ], [ -97.861911, 22.232522 ], [ -97.861038, 22.232488 ], [ -97.859963, 22.232431 ], [ -97.859528, 22.232408 ], [ -97.8591, 22.232384 ], [ -97.85844, 22.23235 ], [ -97.859086, 22.231627 ], [ -97.859207, 22.231479 ], [ -97.859259, 22.231416 ], [ -97.859521, 22.231025 ], [ -97.859592, 22.230805 ], [ -97.8596, 22.230779 ], [ -97.859621, 22.230713 ], [ -97.859608, 22.230076 ], [ -97.859406, 22.229354 ], [ -97.859204, 22.228647 ], [ -97.858976, 22.227786 ], [ -97.859193, 22.227868 ], [ -97.859571, 22.228012 ], [ -97.860472, 22.228357 ], [ -97.861346, 22.228693 ], [ -97.861384, 22.228707 ], [ -97.862107, 22.228986 ], [ -97.862218, 22.229028 ], [ -97.862487, 22.228472 ], [ -97.862669, 22.228095 ], [ -97.863057, 22.227292 ], [ -97.863387, 22.227427 ], [ -97.863919, 22.227646 ], [ -97.864293, 22.226881 ], [ -97.86491, 22.227143 ], [ -97.864969, 22.227302 ], [ -97.865065, 22.227589 ], [ -97.865145, 22.227795 ], [ -97.865461, 22.228665 ] ] ] ] } },
{ "type": "Feature", "properties": { "CVEGEO": "2803800011118", "POB_TOT_20": 2555.0, "POB_MASC_2": 1219.0, "POB_FEM_20": 1336.0, "origen": "2803800011118", "viajes_od_totales_salientes": 238.84, "viajes-total_salientes": 1967.0, "viajes_od_totales_norm_salientes": 1.1002395430256127, "viajes-total_norm_salientes": 1.4890234670704012, "AE_por_fila_salientes": 0.016135777767192352, "SE_por_fila_salientes": 0.00099449714229263493, "APE_por_fila_salientes": 119.84345187830431, "destino": "2803800011118", "viajes_od_totales_entrantes": 114.06, "viajes-total_entrantes": 2072.0, "viajes_od_totales_norm_entrantes": 0.52542841348811498, "viajes-total_norm_entrantes": 1.5685087055261167, "AE_por_fila_entrantes": 0.01373430976006876, "SE_por_fila_entrantes": 0.00038469863511452076, "APE_por_fila_entrantes": 87.427041019244726 }, "geometry": { "type": "MultiPolygon", "coordinates": [ [ [ [ -97.86648, 22.231252 ], [ -97.866491, 22.231281 ], [ -97.866976, 22.232545 ], [ -97.867274, 22.233321 ], [ -97.867476, 22.233847 ], [ -97.866578, 22.23415 ], [ -97.866185, 22.234285 ], [ -97.865744, 22.234433 ], [ -97.865309, 22.23458 ], [ -97.86527, 22.234429 ], [ -97.864698, 22.23444 ], [ -97.864324, 22.234446 ], [ -97.863428, 22.234461 ], [ -97.862513, 22.234477 ], [ -97.861609, 22.234493 ], [ -97.860861, 22.234512 ], [ -97.86038, 22.234527 ], [ -97.86, 22.234539 ], [ -97.859562, 22.234554 ], [ -97.859113, 22.234554 ], [ -97.858649, 22.234552 ], [ -97.858183, 22.234551 ], [ -97.857139, 22.234554 ], [ -97.857044, 22.234158 ], [ -97.857049, 22.234103 ], [ -97.857072, 22.233849 ], [ -97.857132, 22.233712 ], [ -97.857171, 22.233621 ], [ -97.857955, 22.23286 ], [ -97.85844, 22.23235 ], [ -97.8591, 22.232384 ], [ -97.859528, 22.232408 ], [ -97.859963, 22.232431 ], [ -97.861038, 22.232488 ], [ -97.861911, 22.232522 ], [ -97.863222, 22.232225 ], [ -97.864654, 22.231848 ], [ -97.865158, 22.231684 ], [ -97.865599, 22.23154 ], [ -97.866029, 22.231402 ], [ -97.86648, 22.231252 ] ] ] ] } },
{ "type": "Feature", "properties": { "CVEGEO": "2800900010620", "POB_TOT_20": 2173.0, "POB_MASC_2": 993.0, "POB_FEM_20": 1180.0, "origen": "2800900010620", "viajes_od_totales_salientes": 368.14, "viajes-total_salientes": 7228.0, "viajes_od_totales_norm_salientes": 1.6958724894048278, "viajes-total_norm_salientes": 5.4716124148372449, "AE_por_fila_salientes": 0.033903034636389114, "SE_por_fila_salientes": 0.003920621639085714, "APE_por_fila_salientes": 88.591582228805436, "destino": "2800900010620", "viajes_od_totales_entrantes": 430.46, "viajes-total_entrantes": 7174.0, "viajes_od_totales_norm_entrantes": 1.9829555924083286, "viajes-total_norm_entrantes": 5.4307342922028763, "AE_por_fila_entrantes": 0.025780703813860013, "SE_por_fila_entrantes": 0.0025852496917390414, "APE_por_fila_entrantes": 82.708645369268069 }, "geometry": { "type": "MultiPolygon", "coordinates": [ [ [ [ -97.852919, 22.25522 ], [ -97.852988, 22.255317 ], [ -97.853873, 22.255806 ], [ -97.854377, 22.256076 ], [ -97.854644, 22.256212 ], [ -97.855229, 22.256516 ], [ -97.855757, 22.256803 ], [ -97.855605, 22.257175 ], [ -97.855404, 22.257719 ], [ -97.855155, 22.2584 ], [ -97.854883, 22.25914 ], [ -97.854614, 22.259847 ], [ -97.854359, 22.260519 ], [ -97.854084, 22.26124 ], [ -97.853821, 22.261941 ], [ -97.853574, 22.262598 ], [ -97.853465, 22.262884 ], [ -97.85332, 22.263271 ], [ -97.853053, 22.263999 ], [ -97.852792, 22.264711 ], [ -97.852728, 22.26469 ], [ -97.85126, 22.264211 ], [ -97.851022, 22.264129 ], [ -97.850479, 22.263944 ], [ -97.849699, 22.263679 ], [ -97.849973, 22.262961 ], [ -97.849415, 22.262719 ], [ -97.849112, 22.262587 ], [ -97.848799, 22.262452 ], [ -97.849545, 22.261213 ], [ -97.85008, 22.260349 ], [ -97.850643, 22.259429 ], [ -97.850971, 22.25889 ], [ -97.851198, 22.258519 ], [ -97.851585, 22.258723 ], [ -97.851814, 22.258109 ], [ -97.852087, 22.257399 ], [ -97.852384, 22.256627 ], [ -97.852616, 22.256025 ], [ -97.852919, 22.25522 ] ] ] ] } },
{ "type": "Feature", "properties": { "CVEGEO": "2800900010531", "POB_TOT_20": 1954.0, "POB_MASC_2": 889.0, "POB_FEM_20": 1065.0, "origen": "2800900010531", "viajes_od_totales_salientes": 331.08, "viajes-total_salientes": 9988.0, "viajes_od_totales_norm_salientes": 1.5251520176893312, "viajes-total_norm_salientes": 7.5609386828160483, "AE_por_fila_salientes": 0.038738861077185882, "SE_por_fila_salientes": 0.0052225768722633618, "APE_por_fila_salientes": 92.368176369479244, "destino": "2800900010531", "viajes_od_totales_entrantes": 276.24, "viajes-total_entrantes": 10642.0, "viajes_od_totales_norm_entrantes": 1.2725262576008844, "viajes-total_norm_entrantes": 8.0560181680545035, "AE_por_fila_entrantes": 0.041338725083802298, "SE_por_fila_entrantes": 0.0066850687838818732, "APE_por_fila_entrantes": 82.356089288956611 }, "geometry": { "type": "MultiPolygon", "coordinates": [ [ [ [ -97.859446, 22.266833 ], [ -97.859054, 22.268196 ], [ -97.859017, 22.268317 ], [ -97.858797, 22.268998 ], [ -97.858749, 22.269138 ], [ -97.858522, 22.269732 ], [ -97.858506, 22.269775 ], [ -97.85825, 22.270449 ], [ -97.857975, 22.271127 ], [ -97.857969, 22.271143 ], [ -97.857715, 22.271793 ], [ -97.857581, 22.272127 ], [ -97.85725, 22.272984 ], [ -97.857075, 22.273438 ], [ -97.85625, 22.273204 ], [ -97.855537, 22.273 ], [ -97.855289, 22.273684 ], [ -97.855111, 22.273649 ], [ -97.854936, 22.273614 ], [ -97.854603, 22.273547 ], [ -97.854693, 22.273297 ], [ -97.854828, 22.272932 ], [ -97.854147, 22.272702 ], [ -97.8534, 22.272442 ], [ -97.852402, 22.272095 ], [ -97.852941, 22.270893 ], [ -97.853173, 22.270376 ], [ -97.853414, 22.269803 ], [ -97.853469, 22.269675 ], [ -97.853787, 22.268944 ], [ -97.853891, 22.268693 ], [ -97.853931, 22.268647 ], [ -97.854461, 22.268071 ], [ -97.855029, 22.267551 ], [ -97.855311, 22.267188 ], [ -97.855335, 22.267156 ], [ -97.855608, 22.266416 ], [ -97.855879, 22.265695 ], [ -97.85595, 22.265718 ], [ -97.856198, 22.265796 ], [ -97.856429, 22.265868 ], [ -97.856705, 22.265954 ], [ -97.857, 22.266046 ], [ -97.857219, 22.266115 ], [ -97.857428, 22.26618 ], [ -97.85796, 22.266352 ], [ -97.859446, 22.266833 ] ] ] ] } },
{ "type": "Feature", "properties": { "CVEGEO": "2800900010739", "POB_TOT_20": 4242.0, "POB_MASC_2": 2020.0, "POB_FEM_20": 2222.0, "origen": "2800900010739", "viajes_od_totales_salientes": 207.5, "viajes-total_salientes": 2888.0, "viajes_od_totales_norm_salientes": 0.95586880412751063, "viajes-total_norm_salientes": 2.186222558667676, "AE_por_fila_salientes": 0.017701202392473581, "SE_por_fila_salientes": 0.0010744413166223121, "APE_por_fila_salientes": 105.78686658098789, "destino": "2800900010739", "viajes_od_totales_entrantes": 93.64, "viajes-total_entrantes": 3152.0, "viajes_od_totales_norm_entrantes": 0.43136170996867518, "viajes-total_norm_entrantes": 2.3860711582134746, "AE_por_fila_entrantes": 0.018471543020618542, "SE_por_fila_entrantes": 0.0010514144267989988, "APE_por_fila_entrantes": 97.240153107612102 }, "geometry": { "type": "MultiPolygon", "coordinates": [ [ [ [ -97.824743, 22.258338 ], [ -97.824057, 22.257649 ], [ -97.823454, 22.257083 ], [ -97.822865, 22.256499 ], [ -97.822224, 22.255882 ], [ -97.821631, 22.255312 ], [ -97.82102, 22.254729 ], [ -97.82039, 22.254089 ], [ -97.81965, 22.253378 ], [ -97.819493, 22.253295 ], [ -97.819293, 22.253222 ], [ -97.819227, 22.253216 ], [ -97.81879, 22.253173 ], [ -97.818688, 22.253086 ], [ -97.819255, 22.252767 ], [ -97.819553, 22.252531 ], [ -97.820515, 22.251765 ], [ -97.821237, 22.251301 ], [ -97.821782, 22.251043 ], [ -97.822125, 22.250972 ], [ -97.822255, 22.250893 ], [ -97.822618, 22.250591 ], [ -97.82348, 22.249846 ], [ -97.823842, 22.249559 ], [ -97.823941, 22.249503 ], [ -97.824257, 22.249414 ], [ -97.824426, 22.24938 ], [ -97.824644, 22.249351 ], [ -97.824865, 22.249379 ], [ -97.82508, 22.249428 ], [ -97.825508, 22.249629 ], [ -97.825862, 22.249967 ], [ -97.825836, 22.249989 ], [ -97.824946, 22.250745 ], [ -97.825266, 22.25108 ], [ -97.824914, 22.251382 ], [ -97.824322, 22.251893 ], [ -97.824918, 22.252505 ], [ -97.825495, 22.253078 ], [ -97.826126, 22.253711 ], [ -97.82669, 22.254295 ], [ -97.827257, 22.254914 ], [ -97.82748, 22.255152 ], [ -97.827905, 22.255606 ], [ -97.827265, 22.256159 ], [ -97.826612, 22.256724 ], [ -97.825999, 22.257254 ], [ -97.82533, 22.257832 ], [ -97.824828, 22.258265 ], [ -97.824743, 22.258338 ] ] ] ] } },
{ "type": "Feature", "properties": { "CVEGEO": "2800900010673", "POB_TOT_20": 2840.0, "POB_MASC_2": 1334.0, "POB_FEM_20": 1506.0, "origen": "2800900010673", "viajes_od_totales_salientes": 74.8, "viajes-total_salientes": 1795.0, "viajes_od_totales_norm_salientes": 0.34457342915054356, "viajes-total_norm_salientes": 1.3588190764572294, "AE_por_fila_salientes": 0.014612987553625214, "SE_por_fila_salientes": 0.00054055344376639433, "APE_por_fila_salientes": 81.780359414634262, "destino": "2800900010673", "viajes_od_totales_entrantes": 33.9, "viajes-total_entrantes": 2170.0, "viajes_od_totales_norm_entrantes": 0.15616362631288003, "viajes-total_norm_entrantes": 1.6426949280847842, "AE_por_fila_entrantes": 0.016683949250299937, "SE_por_fila_entrantes": 0.00066185045603592806, "APE_por_fila_entrantes": 92.299143778295473 }, "geometry": { "type": "MultiPolygon", "coordinates": [ [ [ [ -97.824743, 22.258338 ], [ -97.824828, 22.258265 ], [ -97.82533, 22.257832 ], [ -97.825999, 22.257254 ], [ -97.826612, 22.256724 ], [ -97.827265, 22.256159 ], [ -97.827905, 22.255606 ], [ -97.828272, 22.255288 ], [ -97.82891, 22.255951 ], [ -97.829519, 22.25657 ], [ -97.830111, 22.257169 ], [ -97.82954, 22.257639 ], [ -97.82904, 22.258069 ], [ -97.82843, 22.258581 ], [ -97.827796, 22.259129 ], [ -97.827138, 22.259689 ], [ -97.826908, 22.259878 ], [ -97.826525, 22.260219 ], [ -97.825729, 22.260896 ], [ -97.824919, 22.261581 ], [ -97.824016, 22.262357 ], [ -97.823371, 22.262914 ], [ -97.822711, 22.263479 ], [ -97.822114, 22.263992 ], [ -97.821528, 22.263411 ], [ -97.8209, 22.262795 ], [ -97.820242, 22.262156 ], [ -97.820885, 22.261613 ], [ -97.821527, 22.26107 ], [ -97.82222, 22.260486 ], [ -97.822873, 22.25995 ], [ -97.823105, 22.25975 ], [ -97.823892, 22.259072 ], [ -97.824743, 22.258338 ] ] ] ] } },
{ "type": "Feature", "properties": { "CVEGEO": "2800900010777", "POB_TOT_20": 3473.0, "POB_MASC_2": 1640.0, "POB_FEM_20": 1833.0, "origen": "2800900010777", "viajes_od_totales_salientes": 319.06, "viajes-total_salientes": 3113.0, "viajes_od_totales_norm_salientes": 1.4697807259996314, "viajes-total_norm_salientes": 2.3565480696442092, "AE_por_fila_salientes": 0.019561558412183332, "SE_por_fila_salientes": 0.0021272973371708318, "APE_por_fila_salientes": 109.06516632968101, "destino": "2800900010777", "viajes_od_totales_entrantes": 130.62, "viajes-total_entrantes": 3530.0, "viajes_od_totales_norm_entrantes": 0.6017136539524599, "viajes-total_norm_entrantes": 2.6722180166540501, "AE_por_fila_entrantes": 0.017964818574020859, "SE_por_fila_entrantes": 0.0011229318241884774, "APE_por_fila_entrantes": 86.441227686325234 }, "geometry": { "type": "MultiPolygon", "coordinates": [ [ [ [ -97.819553, 22.252531 ], [ -97.81975, 22.25203 ], [ -97.820306, 22.251507 ], [ -97.821301, 22.250644 ], [ -97.824185, 22.248366 ], [ -97.825263, 22.247483 ], [ -97.826675, 22.246348 ], [ -97.826793, 22.246468 ], [ -97.826894, 22.246575 ], [ -97.827101, 22.246781 ], [ -97.827433, 22.247112 ], [ -97.827973, 22.247663 ], [ -97.828567, 22.248252 ], [ -97.829165, 22.248858 ], [ -97.829754, 22.249484 ], [ -97.830339, 22.250112 ], [ -97.830945, 22.250728 ], [ -97.831518, 22.251321 ], [ -97.832179, 22.251976 ], [ -97.831516, 22.25253 ], [ -97.830864, 22.253075 ], [ -97.830231, 22.253603 ], [ -97.829532, 22.254203 ], [ -97.828887, 22.254757 ], [ -97.828272, 22.255288 ], [ -97.827905, 22.255606 ], [ -97.82748, 22.255152 ], [ -97.827257, 22.254914 ], [ -97.82669, 22.254295 ], [ -97.826126, 22.253711 ], [ -97.825495, 22.253078 ], [ -97.824918, 22.252505 ], [ -97.824322, 22.251893 ], [ -97.824914, 22.251382 ], [ -97.825266, 22.25108 ], [ -97.824946, 22.250745 ], [ -97.825836, 22.249989 ], [ -97.825862, 22.249967 ], [ -97.825508, 22.249629 ], [ -97.82508, 22.249428 ], [ -97.824865, 22.249379 ], [ -97.824644, 22.249351 ], [ -97.824426, 22.24938 ], [ -97.824257, 22.249414 ], [ -97.823941, 22.249503 ], [ -97.823842, 22.249559 ], [ -97.82348, 22.249846 ], [ -97.822618, 22.250591 ], [ -97.822255, 22.250893 ], [ -97.822125, 22.250972 ], [ -97.821782, 22.251043 ], [ -97.821237, 22.251301 ], [ -97.820515, 22.251765 ], [ -97.819553, 22.252531 ] ] ] ] } },
{ "type": "Feature", "properties": { "CVEGEO": "2800300011659", "POB_TOT_20": 829.0, "POB_MASC_2": 392.0, "POB_FEM_20": 437.0, "origen": "2800300011659", "viajes_od_totales_salientes": 3.92, "viajes-total_salientes": 255.0, "viajes_od_totales_norm_salientes": 0.018057858853878755, "viajes-total_norm_salientes": 0.1930355791067373, "AE_por_fila_salientes": 0.0079535327387662974, "SE_por_fila_salientes": 0.00011165787476897344, "APE_por_fila_salientes": 86.214132241490304, "destino": "2800300011659", "viajes_od_totales_entrantes": 2.1, "viajes-total_entrantes": 322.0, "viajes_od_totales_norm_entrantes": 0.0096738529574350463, "viajes-total_norm_entrantes": 0.24375473126419381, "AE_por_fila_entrantes": 0.009003110704106105, "SE_por_fila_entrantes": 0.00013604211821591089, "APE_por_fila_entrantes": 90.948298026545075 }, "geometry": { "type": "MultiPolygon", "coordinates": [ [ [ [ -97.913676, 22.417472 ], [ -97.912852, 22.417395 ], [ -97.912696, 22.417392 ], [ -97.912262, 22.417386 ], [ -97.912207, 22.417385 ], [ -97.91216, 22.417383 ], [ -97.911793, 22.417366 ], [ -97.911761, 22.417364 ], [ -97.911718, 22.417362 ], [ -97.911433, 22.417348 ], [ -97.911367, 22.417345 ], [ -97.911263, 22.417343 ], [ -97.910938, 22.417335 ], [ -97.910833, 22.417332 ], [ -97.910772, 22.417331 ], [ -97.910618, 22.417327 ], [ -97.910611, 22.417533 ], [ -97.910612, 22.41798 ], [ -97.910618, 22.418518 ], [ -97.909549, 22.418498 ], [ -97.909492, 22.418734 ], [ -97.90943, 22.418994 ], [ -97.909163, 22.418528 ], [ -97.909099, 22.418418 ], [ -97.908663, 22.418208 ], [ -97.908236, 22.417977 ], [ -97.908171, 22.417937 ], [ -97.907881, 22.417882 ], [ -97.907348, 22.417782 ], [ -97.907312, 22.417775 ], [ -97.907055, 22.419141 ], [ -97.907025, 22.419292 ], [ -97.906997, 22.419288 ], [ -97.906966, 22.419283 ], [ -97.906317, 22.41919 ], [ -97.905963, 22.419139 ], [ -97.905988, 22.418984 ], [ -97.905991, 22.418964 ], [ -97.906092, 22.418321 ], [ -97.90627, 22.417281 ], [ -97.906329, 22.416961 ], [ -97.90637, 22.416743 ], [ -97.906343, 22.416647 ], [ -97.906395, 22.416648 ], [ -97.906755, 22.416695 ], [ -97.90713, 22.416736 ], [ -97.907478, 22.416771 ], [ -97.907554, 22.416778 ], [ -97.907999, 22.416813 ], [ -97.908318, 22.41684 ], [ -97.908438, 22.41685 ], [ -97.908861, 22.416888 ], [ -97.908943, 22.416898 ], [ -97.909305, 22.416923 ], [ -97.909693, 22.416987 ], [ -97.909987, 22.41653 ], [ -97.910127, 22.416298 ], [ -97.910348, 22.415956 ], [ -97.91066, 22.415472 ], [ -97.910802, 22.415481 ], [ -97.911163, 22.414637 ], [ -97.911709, 22.414678 ], [ -97.911951, 22.415079 ], [ -97.912249, 22.415239 ], [ -97.913142, 22.415687 ], [ -97.913216, 22.415728 ], [ -97.913586, 22.415923 ], [ -97.913962, 22.416125 ], [ -97.91428, 22.416295 ], [ -97.914294, 22.416844 ], [ -97.914093, 22.416726 ], [ -97.913729, 22.4173 ], [ -97.913718, 22.417317 ], [ -97.913676, 22.417472 ] ] ] ] } },
{ "type": "Feature", "properties": { "CVEGEO": "2800300011644", "POB_TOT_20": 806.0, "POB_MASC_2": 406.0, "POB_FEM_20": 400.0, "origen": "2800300011644", "viajes_od_totales_salientes": 1.86, "viajes-total_salientes": 306.0, "viajes_od_totales_norm_salientes": 0.0085682697622996122, "viajes-total_norm_salientes": 0.23164269492808479, "AE_por_fila_salientes": 0.020279493196889563, "SE_por_fila_salientes": 0.0023722511030694927, "APE_por_fila_salientes": 85.011878305151626, "destino": "2800300011644", "viajes_od_totales_entrantes": 0.66, "viajes-total_entrantes": 251.0, "viajes_od_totales_norm_entrantes": 0.0030403537866224434, "viajes-total_norm_entrantes": 0.19000757002271007, "AE_por_fila_entrantes": 0.014382093556622124, "SE_por_fila_entrantes": 0.00096479372555278011, "APE_por_fila_entrantes": 96.098482112854697 }, "geometry": { "type": "MultiPolygon", "coordinates": [ [ [ [ -97.913676, 22.417472 ], [ -97.913718, 22.417317 ], [ -97.913729, 22.4173 ], [ -97.914093, 22.416726 ], [ -97.914294, 22.416844 ], [ -97.91428, 22.416295 ], [ -97.913962, 22.416125 ], [ -97.913586, 22.415923 ], [ -97.913216, 22.415728 ], [ -97.913142, 22.415687 ], [ -97.91429, 22.415783 ], [ -97.914294, 22.415694 ], [ -97.914581, 22.415819 ], [ -97.915055, 22.416065 ], [ -97.915099, 22.415859 ], [ -97.915603, 22.415893 ], [ -97.915596, 22.415934 ], [ -97.916101, 22.415999 ], [ -97.916616, 22.416041 ], [ -97.917109, 22.416071 ], [ -97.917601, 22.416105 ], [ -97.918281, 22.41615 ], [ -97.918419, 22.416159 ], [ -97.918445, 22.41616 ], [ -97.918786, 22.416205 ], [ -97.919114, 22.416225 ], [ -97.919158, 22.415789 ], [ -97.919196, 22.415792 ], [ -97.920153, 22.416183 ], [ -97.920224, 22.416211 ], [ -97.92025, 22.416221 ], [ -97.920283, 22.416331 ], [ -97.920452, 22.416455 ], [ -97.920475, 22.416431 ], [ -97.920722, 22.416473 ], [ -97.921148, 22.416532 ], [ -97.921207, 22.416543 ], [ -97.921712, 22.416615 ], [ -97.922213, 22.416707 ], [ -97.922696, 22.416791 ], [ -97.923199, 22.416873 ], [ -97.923681, 22.416925 ], [ -97.9241, 22.416986 ], [ -97.923891, 22.417897 ], [ -97.923567, 22.418753 ], [ -97.923489, 22.418893 ], [ -97.923271, 22.419287 ], [ -97.923133, 22.419535 ], [ -97.923038, 22.419707 ], [ -97.922593, 22.419565 ], [ -97.922154, 22.419425 ], [ -97.921426, 22.419193 ], [ -97.921341, 22.419397 ], [ -97.920832, 22.419199 ], [ -97.92024, 22.418969 ], [ -97.920104, 22.418917 ], [ -97.918851, 22.417831 ], [ -97.918535, 22.417783 ], [ -97.918525, 22.417781 ], [ -97.918472, 22.417772 ], [ -97.918436, 22.417765 ], [ -97.918147, 22.417713 ], [ -97.917975, 22.417707 ], [ -97.917757, 22.417699 ], [ -97.917665, 22.417862 ], [ -97.917628, 22.417927 ], [ -97.916927, 22.417656 ], [ -97.916417, 22.417624 ], [ -97.915472, 22.417565 ], [ -97.915429, 22.417562 ], [ -97.91538, 22.41756 ], [ -97.915355, 22.417559 ], [ -97.915344, 22.417559 ], [ -97.9152, 22.417553 ], [ -97.914351, 22.417518 ], [ -97.91411, 22.417508 ], [ -97.914058, 22.417506 ], [ -97.914031, 22.417505 ], [ -97.91401, 22.417503 ], [ -97.913962, 22.417498 ], [ -97.913676, 22.417472 ] ] ] ] } },
{ "type": "Feature", "properties": { "CVEGEO": "2800300010487", "POB_TOT_20": 730.0, "POB_MASC_2": 364.0, "POB_FEM_20": 366.0, "origen": "2800300010487", "viajes_od_totales_salientes": 16.84, "viajes-total_salientes": 432.0, "viajes_od_totales_norm_salientes": 0.077575087525336289, "viajes-total_norm_salientes": 0.32702498107494321, "AE_por_fila_salientes": 0.011198087561463716, "SE_por_fila_salientes": 0.00029231720874141678, "APE_por_fila_salientes": 92.477804949863383, "destino": "2800300010487", "viajes_od_totales_entrantes": 22.36, "viajes-total_entrantes": 409.0, "viajes_od_totales_norm_entrantes": 0.10300350101345125, "viajes-total_norm_entrantes": 0.30961392884178651, "AE_por_fila_entrantes": 0.011172943889816253, "SE_por_fila_entrantes": 0.00025499120959728553, "APE_por_fila_entrantes": 91.168451750928014 }, "geometry": { "type": "MultiPolygon", "coordinates": [ [ [ [ -97.923038, 22.419707 ], [ -97.923133, 22.419535 ], [ -97.923271, 22.419287 ], [ -97.923489, 22.418893 ], [ -97.923567, 22.418753 ], [ -97.923891, 22.417897 ], [ -97.9241, 22.416986 ], [ -97.924304, 22.416085 ], [ -97.924501, 22.416122 ], [ -97.924968, 22.416176 ], [ -97.925458, 22.416215 ], [ -97.925932, 22.416257 ], [ -97.926406, 22.416294 ], [ -97.926277, 22.417221 ], [ -97.92677, 22.417254 ], [ -97.926629, 22.418145 ], [ -97.92652, 22.419033 ], [ -97.92638, 22.41988 ], [ -97.92626, 22.420729 ], [ -97.925762, 22.420687 ], [ -97.9253, 22.420635 ], [ -97.924819, 22.420596 ], [ -97.924325, 22.420542 ], [ -97.923832, 22.420491 ], [ -97.92396, 22.419646 ], [ -97.923989, 22.419525 ], [ -97.923837, 22.419642 ], [ -97.922808, 22.420122 ], [ -97.923038, 22.419707 ] ] ] ] } },
{ "type": "Feature", "properties": { "CVEGEO": "2800300011907", "POB_TOT_20": 737.0, "POB_MASC_2": 372.0, "POB_FEM_20": 365.0, "origen": "2800300011907", "viajes_od_totales_salientes": 2.18, "viajes-total_salientes": 178.0, "viajes_od_totales_norm_salientes": 0.010042380689146858, "viajes-total_norm_salientes": 0.13474640423921272, "AE_por_fila_salientes": 0.006702319144178734, "SE_por_fila_salientes": 6.7265183154427768e-05, "APE_por_fila_salientes": 94.814017983275861, "destino": "2800300011907", "viajes_od_totales_entrantes": 1.18, "viajes-total_entrantes": 205.0, "viajes_od_totales_norm_entrantes": 0.0054357840427492164, "viajes-total_norm_entrantes": 0.15518546555639667, "AE_por_fila_entrantes": 0.006510855717984672, "SE_por_fila_entrantes": 6.217840950997797e-05, "APE_por_fila_entrantes": 90.839358151348932 }, "geometry": { "type": "MultiPolygon", "coordinates": [ [ [ [ -97.906755, 22.416695 ], [ -97.906395, 22.416648 ], [ -97.906343, 22.416647 ], [ -97.90637, 22.416743 ], [ -97.906329, 22.416961 ], [ -97.90627, 22.417281 ], [ -97.906092, 22.418321 ], [ -97.90562, 22.418266 ], [ -97.905127, 22.418208 ], [ -97.904635, 22.418151 ], [ -97.904129, 22.418092 ], [ -97.90386, 22.418061 ], [ -97.903903, 22.417617 ], [ -97.903922, 22.417428 ], [ -97.903574, 22.417411 ], [ -97.90182, 22.417322 ], [ -97.901612, 22.417312 ], [ -97.901489, 22.41731 ], [ -97.901457, 22.417307 ], [ -97.901491, 22.417116 ], [ -97.901515, 22.416978 ], [ -97.902002, 22.413757 ], [ -97.902169, 22.412699 ], [ -97.903286, 22.412881 ], [ -97.903783, 22.412965 ], [ -97.904305, 22.413057 ], [ -97.904791, 22.413136 ], [ -97.905307, 22.413224 ], [ -97.905681, 22.41329 ], [ -97.905766, 22.4133 ], [ -97.906035, 22.413344 ], [ -97.906251, 22.413382 ], [ -97.906641, 22.413452 ], [ -97.906594, 22.413928 ], [ -97.906554, 22.414412 ], [ -97.906558, 22.414473 ], [ -97.906442, 22.415482 ], [ -97.906956, 22.41554 ], [ -97.906801, 22.416541 ], [ -97.906755, 22.416695 ] ] ] ] } },
{ "type": "Feature", "properties": { "CVEGEO": "2800300011201", "POB_TOT_20": 2.0, "POB_MASC_2": null, "POB_FEM_20": null, "origen": "2800300011201", "viajes_od_totales_salientes": 0.42, "viajes-total_salientes": 1372.0, "viajes_od_totales_norm_salientes": 0.0019347705914870095, "viajes-total_norm_salientes": 1.0386071158213475, "AE_por_fila_salientes": 0.029619209863710302, "SE_por_fila_salientes": 0.006216690046736425, "APE_por_fila_salientes": 95.983749681925474, "destino": "2800300011201", "viajes_od_totales_entrantes": 12.48, "viajes-total_entrantes": 1518.0, "viajes_od_totales_norm_entrantes": 0.05749032614704256, "viajes-total_norm_entrantes": 1.1491294473883422, "AE_por_fila_entrantes": 0.029579827215716458, "SE_por_fila_entrantes": 0.0056024677881709103, "APE_por_fila_entrantes": 89.792415166136706 }, "geometry": { "type": "MultiPolygon", "coordinates": [ [ [ [ -97.902169, 22.412699 ], [ -97.902002, 22.413757 ], [ -97.901934, 22.41375 ], [ -97.898705, 22.413389 ], [ -97.898532, 22.41337 ], [ -97.896476, 22.41314 ], [ -97.896271, 22.413117 ], [ -97.896052, 22.413086 ], [ -97.894093, 22.412847 ], [ -97.887454, 22.412028 ], [ -97.887735, 22.411359 ], [ -97.888569, 22.409357 ], [ -97.888894, 22.408487 ], [ -97.889023, 22.408102 ], [ -97.889344, 22.407711 ], [ -97.889602, 22.407425 ], [ -97.889891, 22.407139 ], [ -97.890259, 22.40688 ], [ -97.892156, 22.405559 ], [ -97.892799, 22.405186 ], [ -97.893629, 22.40488 ], [ -97.894346, 22.404809 ], [ -97.903379, 22.404392 ], [ -97.903301, 22.404935 ], [ -97.902984, 22.407123 ], [ -97.902588, 22.409911 ], [ -97.902361, 22.411373 ], [ -97.902169, 22.412699 ] ] ] ] } },
{ "type": "Feature", "properties": { "CVEGEO": "280030001156A", "POB_TOT_20": null, "POB_MASC_2": null, "POB_FEM_20": null, "origen": "280030001156A", "viajes_od_totales_salientes": 0.08, "viajes-total_salientes": 662.0, "viajes_od_totales_norm_salientes": 0.00036852773171181132, "viajes-total_norm_salientes": 0.50113550340651025, "AE_por_fila_salientes": 0.016692232522493283, "SE_por_fila_salientes": 0.00063884624223034688, "APE_por_fila_salientes": 99.929004668017939, "destino": null, "viajes_od_totales_entrantes": null, "viajes-total_entrantes": null, "viajes_od_totales_norm_entrantes": null, "viajes-total_norm_entrantes": null, "AE_por_fila_entrantes": null, "SE_por_fila_entrantes": null, "APE_por_fila_entrantes": null }, "geometry": { "type": "MultiPolygon", "coordinates": [ [ [ [ -97.887454, 22.412028 ], [ -97.894093, 22.412847 ], [ -97.896052, 22.413086 ], [ -97.896271, 22.413117 ], [ -97.894833, 22.422545 ], [ -97.894675, 22.422525 ], [ -97.893205, 22.422339 ], [ -97.89121, 22.422087 ], [ -97.886422, 22.424619 ], [ -97.886117, 22.424156 ], [ -97.885876, 22.424381 ], [ -97.885774, 22.424517 ], [ -97.885635, 22.424582 ], [ -97.885619, 22.42459 ], [ -97.885442, 22.424673 ], [ -97.885195, 22.424904 ], [ -97.884981, 22.42503 ], [ -97.884868, 22.425038 ], [ -97.884535, 22.425243 ], [ -97.884374, 22.425356 ], [ -97.884187, 22.425542 ], [ -97.884172, 22.425524 ], [ -97.884054, 22.425373 ], [ -97.883981, 22.42528 ], [ -97.884007, 22.425117 ], [ -97.88401, 22.425102 ], [ -97.883987, 22.425079 ], [ -97.883906, 22.424998 ], [ -97.883814, 22.424941 ], [ -97.883741, 22.424896 ], [ -97.883536, 22.424773 ], [ -97.883341, 22.424604 ], [ -97.883167, 22.424372 ], [ -97.883123, 22.424158 ], [ -97.883123, 22.424157 ], [ -97.883098, 22.423919 ], [ -97.883145, 22.423649 ], [ -97.883243, 22.423516 ], [ -97.883328, 22.423488 ], [ -97.883444, 22.423499 ], [ -97.883537, 22.42352 ], [ -97.883703, 22.423694 ], [ -97.883821, 22.423761 ], [ -97.883891, 22.423739 ], [ -97.883949, 22.423688 ], [ -97.883987, 22.423566 ], [ -97.883997, 22.423455 ], [ -97.883971, 22.42328 ], [ -97.883954, 22.423222 ], [ -97.883918, 22.423104 ], [ -97.883713, 22.422788 ], [ -97.883563, 22.422472 ], [ -97.883463, 22.422116 ], [ -97.883241, 22.421354 ], [ -97.883187, 22.42117 ], [ -97.88349, 22.421109 ], [ -97.884463, 22.421154 ], [ -97.884737, 22.421198 ], [ -97.884711, 22.420953 ], [ -97.884714, 22.420572 ], [ -97.884704, 22.420139 ], [ -97.884763, 22.419758 ], [ -97.884851, 22.419404 ], [ -97.884982, 22.418958 ], [ -97.885101, 22.41858 ], [ -97.885944, 22.416245 ], [ -97.886717, 22.414049 ], [ -97.887041, 22.41313 ], [ -97.887454, 22.412028 ] ] ] ] } },
{ "type": "Feature", "properties": { "CVEGEO": "2800300011216", "POB_TOT_20": 1.0, "POB_MASC_2": null, "POB_FEM_20": null, "origen": "2800300011216", "viajes_od_totales_salientes": 0.34, "viajes-total_salientes": 523.0, "viajes_od_totales_norm_salientes": 0.0015662428597751981, "viajes-total_norm_salientes": 0.39591218773656317, "AE_por_fila_salientes": 0.012720836931509289, "SE_por_fila_salientes": 0.00051513185188624118, "APE_por_fila_salientes": 96.089532787461152, "destino": "2800300011216", "viajes_od_totales_entrantes": 47.64, "viajes-total_entrantes": 797.0, "viajes_od_totales_norm_entrantes": 0.21945826423438364, "viajes-total_norm_entrantes": 0.60333080999242994, "AE_por_fila_entrantes": 0.019553484773435988, "SE_por_fila_entrantes": 0.0011544642983873736, "APE_por_fila_entrantes": 113.67217138560237 }, "geometry": { "type": "MultiPolygon", "coordinates": [ [ [ [ -97.889023, 22.408102 ], [ -97.888894, 22.408487 ], [ -97.888569, 22.409357 ], [ -97.887735, 22.411359 ], [ -97.887454, 22.412028 ], [ -97.887041, 22.41313 ], [ -97.886717, 22.414049 ], [ -97.885944, 22.416245 ], [ -97.885101, 22.41858 ], [ -97.882797, 22.418206 ], [ -97.880526, 22.41783 ], [ -97.878924, 22.417582 ], [ -97.87841, 22.41749 ], [ -97.87824, 22.417482 ], [ -97.878137, 22.417519 ], [ -97.877984, 22.417573 ], [ -97.876816, 22.417675 ], [ -97.876559, 22.413533 ], [ -97.879599, 22.413189 ], [ -97.87943, 22.412856 ], [ -97.880158, 22.409247 ], [ -97.880795, 22.405964 ], [ -97.885139, 22.406021 ], [ -97.88839, 22.405805 ], [ -97.888811, 22.406576 ], [ -97.889019, 22.407332 ], [ -97.889023, 22.408102 ] ] ] ] } },
{ "type": "Feature", "properties": { "CVEGEO": "2800301221678", "POB_TOT_20": 5095.0, "POB_MASC_2": 2484.0, "POB_FEM_20": 2611.0, "origen": "2800301221678", "viajes_od_totales_salientes": 259.88, "viajes-total_salientes": 3769.0, "viajes_od_totales_norm_salientes": 1.197162336465819, "viajes-total_norm_salientes": 2.8531415594246781, "AE_por_fila_salientes": 0.021212746161369183, "SE_por_fila_salientes": 0.0015283683558486077, "APE_por_fila_salientes": 123.61816927472454, "destino": "2800301221678", "viajes_od_totales_entrantes": 54.16, "viajes-total_entrantes": 3494.0, "viajes_od_totales_norm_entrantes": 0.24949327436889623, "viajes-total_norm_entrantes": 2.6449659348978045, "AE_por_fila_entrantes": 0.018058805905103722, "SE_por_fila_entrantes": 0.0010918043762113518, "APE_por_fila_entrantes": 90.388749224848581 }, "geometry": { "type": "MultiPolygon", "coordinates": [ [ [ [ -97.908293, 22.395093 ], [ -97.908147, 22.394529 ], [ -97.908049, 22.39415 ], [ -97.908038, 22.394106 ], [ -97.90794, 22.393731 ], [ -97.907926, 22.393678 ], [ -97.907833, 22.393314 ], [ -97.907821, 22.39327 ], [ -97.907724, 22.392893 ], [ -97.907712, 22.392848 ], [ -97.90762, 22.392492 ], [ -97.907368, 22.391515 ], [ -97.907854, 22.391105 ], [ -97.908198, 22.390826 ], [ -97.909224, 22.389942 ], [ -97.909491, 22.389722 ], [ -97.909792, 22.389474 ], [ -97.910994, 22.388469 ], [ -97.911328, 22.388212 ], [ -97.911685, 22.388566 ], [ -97.911964, 22.388847 ], [ -97.912241, 22.389131 ], [ -97.912492, 22.38941 ], [ -97.912779, 22.389702 ], [ -97.912534, 22.389894 ], [ -97.913143, 22.389898 ], [ -97.914382, 22.389909 ], [ -97.914422, 22.390083 ], [ -97.914456, 22.390276 ], [ -97.914466, 22.390532 ], [ -97.914448, 22.390651 ], [ -97.914423, 22.391041 ], [ -97.914368, 22.391428 ], [ -97.914317, 22.391794 ], [ -97.914258, 22.392178 ], [ -97.914199, 22.392578 ], [ -97.914148, 22.392945 ], [ -97.914085, 22.393187 ], [ -97.911636, 22.392463 ], [ -97.911161, 22.395509 ], [ -97.910988, 22.395482 ], [ -97.91055, 22.395433 ], [ -97.909218, 22.395274 ], [ -97.908827, 22.395222 ], [ -97.908424, 22.39517 ], [ -97.908309, 22.395156 ], [ -97.908293, 22.395093 ] ] ] ] } },
{ "type": "Feature", "properties": { "CVEGEO": "2800300011752", "POB_TOT_20": null, "POB_MASC_2": null, "POB_FEM_20": null, "origen": "2800300011752", "viajes_od_totales_salientes": 0.0, "viajes-total_salientes": 54.0, "viajes_od_totales_norm_salientes": 0.0, "viajes-total_norm_salientes": 0.040878122634367908, "AE_por_fila_salientes": 0.010219530658591977, "SE_por_fila_salientes": 0.00021002371864042163, "APE_por_fila_salientes": 100.0, "destino": "2800300011752", "viajes_od_totales_entrantes": 0.12, "viajes-total_entrantes": 73.0, "viajes_od_totales_norm_entrantes": 0.00055279159756771695, "viajes-total_norm_entrantes": 0.055261165783497351, "AE_por_fila_entrantes": 0.013677093546482409, "SE_por_fila_entrantes": 0.00028014642889344051, "APE_por_fila_entrantes": 98.340368862756918 }, "geometry": { "type": "MultiPolygon", "coordinates": [ [ [ [ -97.903298, 22.403726 ], [ -97.903435, 22.40372 ], [ -97.90366, 22.40371 ], [ -97.90631, 22.403591 ], [ -97.906428, 22.404271 ], [ -97.903379, 22.404392 ], [ -97.894346, 22.404809 ], [ -97.893419, 22.404599 ], [ -97.892628, 22.404205 ], [ -97.903297, 22.403726 ], [ -97.903298, 22.403726 ] ] ] ] } },
{ "type": "Feature", "properties": { "CVEGEO": "2800301222074", "POB_TOT_20": 2671.0, "POB_MASC_2": 1301.0, "POB_FEM_20": 1370.0, "origen": "2800301222074", "viajes_od_totales_salientes": 42.66, "viajes-total_salientes": 1378.0, "viajes_od_totales_norm_salientes": 0.19651741293532338, "viajes-total_norm_salientes": 1.0431491294473885, "AE_por_fila_salientes": 0.013093462294424676, "SE_por_fila_salientes": 0.00036877012837999704, "APE_por_fila_salientes": 92.162239605317211, "destino": "2800301222074", "viajes_od_totales_entrantes": 146.14, "viajes-total_entrantes": 1435.0, "viajes_od_totales_norm_entrantes": 0.67320803390455131, "viajes-total_norm_entrantes": 1.0862982588947767, "AE_por_fila_entrantes": 0.018292448440158038, "SE_por_fila_entrantes": 0.0012469542310024845, "APE_por_fila_entrantes": 160.35538668574117 }, "geometry": { "type": "MultiPolygon", "coordinates": [ [ [ [ -97.911328, 22.388212 ], [ -97.910994, 22.388469 ], [ -97.909792, 22.389474 ], [ -97.909491, 22.389722 ], [ -97.909224, 22.389942 ], [ -97.908198, 22.390826 ], [ -97.907854, 22.391105 ], [ -97.907368, 22.391515 ], [ -97.90691, 22.389858 ], [ -97.906173, 22.390343 ], [ -97.905726, 22.388704 ], [ -97.906484, 22.388105 ], [ -97.906348, 22.387621 ], [ -97.906233, 22.387137 ], [ -97.906142, 22.386681 ], [ -97.906046, 22.386198 ], [ -97.905906, 22.385476 ], [ -97.905793, 22.384892 ], [ -97.906152, 22.384802 ], [ -97.906636, 22.38479 ], [ -97.906865, 22.384787 ], [ -97.907053, 22.384801 ], [ -97.907155, 22.384809 ], [ -97.907722, 22.384849 ], [ -97.908297, 22.384895 ], [ -97.908933, 22.384948 ], [ -97.909501, 22.384999 ], [ -97.909861, 22.385127 ], [ -97.909963, 22.385188 ], [ -97.910002, 22.385215 ], [ -97.910321, 22.385418 ], [ -97.91036, 22.385445 ], [ -97.91065, 22.385658 ], [ -97.910706, 22.385705 ], [ -97.910957, 22.385951 ], [ -97.91101, 22.386007 ], [ -97.911237, 22.38624 ], [ -97.911559, 22.386561 ], [ -97.911849, 22.386857 ], [ -97.912066, 22.38709 ], [ -97.912346, 22.387387 ], [ -97.911328, 22.388212 ] ] ] ] } },
{ "type": "Feature", "properties": { "CVEGEO": "2800301221362", "POB_TOT_20": 1520.0, "POB_MASC_2": 775.0, "POB_FEM_20": 745.0, "origen": "2800301221362", "viajes_od_totales_salientes": 69.56, "viajes-total_salientes": 5275.0, "viajes_od_totales_norm_salientes": 0.32043486272341992, "viajes-total_norm_salientes": 3.9931869795609387, "AE_por_fila_salientes": 0.025495031557659247, "SE_por_fila_salientes": 0.001644713086361475, "APE_por_fila_salientes": 92.776623700394509, "destino": "2800301221362", "viajes_od_totales_entrantes": 43.46, "viajes-total_entrantes": 5726.0, "viajes_od_totales_norm_entrantes": 0.2002026902524415, "viajes-total_norm_entrantes": 4.3345950037850116, "AE_por_fila_entrantes": 0.025063531469804418, "SE_por_fila_entrantes": 0.0015696372455766174, "APE_por_fila_entrantes": 90.138874024610786 }, "geometry": { "type": "MultiPolygon", "coordinates": [ [ [ [ -97.88112, 22.350072 ], [ -97.881224, 22.34992 ], [ -97.88162, 22.349344 ], [ -97.88174, 22.349125 ], [ -97.881836, 22.349004 ], [ -97.88195, 22.348727 ], [ -97.882251, 22.348569 ], [ -97.882531, 22.348119 ], [ -97.882587, 22.348158 ], [ -97.882665, 22.348109 ], [ -97.883019, 22.348125 ], [ -97.883133, 22.348062 ], [ -97.883187, 22.347977 ], [ -97.883226, 22.347809 ], [ -97.883356, 22.34751 ], [ -97.88351, 22.347397 ], [ -97.883756, 22.347414 ], [ -97.883843, 22.347448 ], [ -97.88402, 22.347533 ], [ -97.884186, 22.347647 ], [ -97.884308, 22.347795 ], [ -97.884443, 22.348007 ], [ -97.884551, 22.348366 ], [ -97.884606, 22.34839 ], [ -97.884774, 22.348372 ], [ -97.884925, 22.348311 ], [ -97.885066, 22.348189 ], [ -97.885119, 22.348083 ], [ -97.885122, 22.347985 ], [ -97.88511, 22.347887 ], [ -97.885085, 22.347797 ], [ -97.885142, 22.347571 ], [ -97.885386, 22.347079 ], [ -97.88544, 22.346878 ], [ -97.88546, 22.346683 ], [ -97.885456, 22.346529 ], [ -97.88557, 22.346241 ], [ -97.885768, 22.346046 ], [ -97.885898, 22.345973 ], [ -97.886072, 22.345984 ], [ -97.886126, 22.346038 ], [ -97.886459, 22.346322 ], [ -97.886748, 22.346656 ], [ -97.886895, 22.34709 ], [ -97.88688, 22.347876 ], [ -97.886877, 22.347955 ], [ -97.886839, 22.348174 ], [ -97.886774, 22.348378 ], [ -97.886794, 22.348524 ], [ -97.886831, 22.348677 ], [ -97.886988, 22.348683 ], [ -97.887013, 22.348671 ], [ -97.887032, 22.348654 ], [ -97.887046, 22.348637 ], [ -97.887056, 22.348621 ], [ -97.887066, 22.348597 ], [ -97.887073, 22.348573 ], [ -97.887075, 22.348541 ], [ -97.88707, 22.348511 ], [ -97.887677, 22.347941 ], [ -97.888055, 22.347664 ], [ -97.888279, 22.34763 ], [ -97.888493, 22.34765 ], [ -97.888735, 22.34778 ], [ -97.888893, 22.347958 ], [ -97.889137, 22.348324 ], [ -97.889324, 22.349026 ], [ -97.889305, 22.349376 ], [ -97.889287, 22.349675 ], [ -97.889284, 22.349844 ], [ -97.889315, 22.3499 ], [ -97.889291, 22.349972 ], [ -97.889314, 22.350004 ], [ -97.889359, 22.350016 ], [ -97.889414, 22.350015 ], [ -97.889465, 22.35001 ], [ -97.889544, 22.349989 ], [ -97.8896, 22.349948 ], [ -97.88967, 22.349907 ], [ -97.889768, 22.349839 ], [ -97.889843, 22.349813 ], [ -97.889898, 22.349824 ], [ -97.889924, 22.349848 ], [ -97.889944, 22.349884 ], [ -97.889894, 22.349939 ], [ -97.88985, 22.349949 ], [ -97.889824, 22.349963 ], [ -97.8898, 22.349977 ], [ -97.889789, 22.350003 ], [ -97.88975, 22.350186 ], [ -97.890202, 22.350634 ], [ -97.890983, 22.351033 ], [ -97.89107, 22.351132 ], [ -97.891003, 22.351275 ], [ -97.891035, 22.351343 ], [ -97.891499, 22.351597 ], [ -97.891836, 22.351854 ], [ -97.89228, 22.352296 ], [ -97.892382, 22.352521 ], [ -97.89265, 22.352738 ], [ -97.892962, 22.352924 ], [ -97.893056, 22.35297 ], [ -97.893318, 22.35318 ], [ -97.893498, 22.353466 ], [ -97.893548, 22.35375 ], [ -97.893668, 22.353964 ], [ -97.894051, 22.354507 ], [ -97.894232, 22.354577 ], [ -97.894262, 22.354581 ], [ -97.89431, 22.354584 ], [ -97.894342, 22.354582 ], [ -97.894384, 22.354574 ], [ -97.894418, 22.354555 ], [ -97.894466, 22.35453 ], [ -97.894723, 22.354754 ], [ -97.895026, 22.35476 ], [ -97.895079, 22.35474 ], [ -97.895096, 22.354681 ], [ -97.895221, 22.354664 ], [ -97.895389, 22.354744 ], [ -97.895452, 22.35481 ], [ -97.895518, 22.354859 ], [ -97.895597, 22.354907 ], [ -97.895726, 22.354893 ], [ -97.895772, 22.354875 ], [ -97.896368, 22.354667 ], [ -97.896773, 22.354601 ], [ -97.896914, 22.354571 ], [ -97.896948, 22.354509 ], [ -97.89728, 22.354109 ], [ -97.896967, 22.352892 ], [ -97.896848, 22.352773 ], [ -97.896796, 22.352613 ], [ -97.896782, 22.352296 ], [ -97.896821, 22.352011 ], [ -97.896754, 22.351881 ], [ -97.896571, 22.351732 ], [ -97.896467, 22.351584 ], [ -97.896499, 22.351442 ], [ -97.896511, 22.351369 ], [ -97.896471, 22.351362 ], [ -97.896118, 22.35124 ], [ -97.89593, 22.351089 ], [ -97.89584, 22.350975 ], [ -97.895752, 22.350827 ], [ -97.895766, 22.35071 ], [ -97.89572, 22.350617 ], [ -97.895651, 22.350543 ], [ -97.895519, 22.350548 ], [ -97.895369, 22.350434 ], [ -97.894769, 22.350288 ], [ -97.89413, 22.350004 ], [ -97.893606, 22.349629 ], [ -97.89289, 22.349088 ], [ -97.89265, 22.348985 ], [ -97.892368, 22.348826 ], [ -97.892081, 22.348772 ], [ -97.891838, 22.348722 ], [ -97.8918, 22.348678 ], [ -97.891672, 22.348633 ], [ -97.891619, 22.348433 ], [ -97.891654, 22.348117 ], [ -97.891697, 22.347957 ], [ -97.891823, 22.347805 ], [ -97.892023, 22.347699 ], [ -97.892182, 22.347662 ], [ -97.892363, 22.347637 ], [ -97.89255, 22.347638 ], [ -97.892732, 22.347571 ], [ -97.892883, 22.34746 ], [ -97.892968, 22.347246 ], [ -97.892998, 22.347186 ], [ -97.893168, 22.346988 ], [ -97.893361, 22.346808 ], [ -97.893723, 22.34682 ], [ -97.893981, 22.346927 ], [ -97.894312, 22.346998 ], [ -97.895011, 22.347188 ], [ -97.895188, 22.347329 ], [ -97.895297, 22.347449 ], [ -97.895513, 22.347473 ], [ -97.895634, 22.347404 ], [ -97.896006, 22.347078 ], [ -97.896038, 22.346989 ], [ -97.89608, 22.346923 ], [ -97.896127, 22.346874 ], [ -97.89619, 22.346821 ], [ -97.89627, 22.346777 ], [ -97.896424, 22.346595 ], [ -97.896448, 22.346536 ], [ -97.896437, 22.346465 ], [ -97.896406, 22.346394 ], [ -97.896365, 22.346332 ], [ -97.89633, 22.346284 ], [ -97.896287, 22.346269 ], [ -97.895843, 22.346189 ], [ -97.895702, 22.34609 ], [ -97.895646, 22.345984 ], [ -97.895643, 22.345927 ], [ -97.895645, 22.34587 ], [ -97.895658, 22.345798 ], [ -97.895961, 22.345542 ], [ -97.896169, 22.345478 ], [ -97.896716, 22.345222 ], [ -97.896937, 22.345099 ], [ -97.897251, 22.345063 ], [ -97.897685, 22.345047 ], [ -97.897799, 22.345085 ], [ -97.897892, 22.345101 ], [ -97.897986, 22.345109 ], [ -97.89804, 22.345085 ], [ -97.898047, 22.34508 ], [ -97.898054, 22.345074 ], [ -97.898058, 22.345064 ], [ -97.898059, 22.345055 ], [ -97.898058, 22.345045 ], [ -97.898055, 22.345037 ], [ -97.898051, 22.345028 ], [ -97.898044, 22.34502 ], [ -97.898033, 22.345011 ], [ -97.89802, 22.345005 ], [ -97.897931, 22.344952 ], [ -97.897741, 22.344937 ], [ -97.897575, 22.344948 ], [ -97.897504, 22.344908 ], [ -97.897566, 22.34486 ], [ -97.89763, 22.344805 ], [ -97.897717, 22.344753 ], [ -97.897838, 22.344716 ], [ -97.897949, 22.344668 ], [ -97.898017, 22.344623 ], [ -97.89827, 22.344419 ], [ -97.898384, 22.344302 ], [ -97.898402, 22.344258 ], [ -97.898407, 22.344209 ], [ -97.898408, 22.34415 ], [ -97.8984, 22.344072 ], [ -97.898469, 22.344012 ], [ -97.898624, 22.344021 ], [ -97.898659, 22.344051 ], [ -97.898679, 22.344075 ], [ -97.8987, 22.344095 ], [ -97.898721, 22.344124 ], [ -97.898737, 22.344157 ], [ -97.898745, 22.344181 ], [ -97.898877, 22.344192 ], [ -97.898893, 22.344269 ], [ -97.898854, 22.344501 ], [ -97.898649, 22.344541 ], [ -97.898662, 22.344577 ], [ -97.898675, 22.344607 ], [ -97.898685, 22.344642 ], [ -97.898693, 22.344672 ], [ -97.898682, 22.344704 ], [ -97.89875, 22.344778 ], [ -97.898713, 22.344842 ], [ -97.898694, 22.344887 ], [ -97.898683, 22.344938 ], [ -97.898684, 22.344987 ], [ -97.898689, 22.34503 ], [ -97.898694, 22.345046 ], [ -97.898741, 22.345099 ], [ -97.898856, 22.345047 ], [ -97.898913, 22.345036 ], [ -97.898934, 22.345045 ], [ -97.898949, 22.345055 ], [ -97.898965, 22.345064 ], [ -97.898979, 22.34508 ], [ -97.89899, 22.345095 ], [ -97.899, 22.34511 ], [ -97.89901, 22.345127 ], [ -97.899147, 22.345134 ], [ -97.899553, 22.34507 ], [ -97.899715, 22.344996 ], [ -97.900355, 22.344576 ], [ -97.900515, 22.344407 ], [ -97.900676, 22.34402 ], [ -97.900768, 22.343718 ], [ -97.901023, 22.343449 ], [ -97.901041, 22.343328 ], [ -97.901073, 22.343335 ], [ -97.901093, 22.343328 ], [ -97.90111, 22.343319 ], [ -97.901129, 22.343306 ], [ -97.901145, 22.343288 ], [ -97.901151, 22.343272 ], [ -97.901277, 22.342875 ], [ -97.901291, 22.342847 ], [ -97.901326, 22.342846 ], [ -97.901361, 22.342832 ], [ -97.901412, 22.342803 ], [ -97.901476, 22.34279 ], [ -97.901488, 22.34276 ], [ -97.901502, 22.34272 ], [ -97.901529, 22.342681 ], [ -97.90156, 22.342645 ], [ -97.901588, 22.342546 ], [ -97.901692, 22.34238 ], [ -97.901732, 22.342262 ], [ -97.901919, 22.341845 ], [ -97.901861, 22.341563 ], [ -97.901919, 22.341414 ], [ -97.901989, 22.341394 ], [ -97.902083, 22.341446 ], [ -97.902114, 22.341444 ], [ -97.90214, 22.341336 ], [ -97.902188, 22.341226 ], [ -97.902282, 22.34109 ], [ -97.902514, 22.340903 ], [ -97.902533, 22.34079 ], [ -97.90269, 22.34062 ], [ -97.902813, 22.340635 ], [ -97.902862, 22.340697 ], [ -97.90295, 22.340706 ], [ -97.903078, 22.340634 ], [ -97.903136, 22.340543 ], [ -97.903128, 22.340439 ], [ -97.903058, 22.340417 ], [ -97.90303, 22.340287 ], [ -97.90313, 22.340103 ], [ -97.903225, 22.339984 ], [ -97.903228, 22.339957 ], [ -97.903216, 22.339956 ], [ -97.903196, 22.339946 ], [ -97.903174, 22.339935 ], [ -97.90316, 22.339922 ], [ -97.903145, 22.339906 ], [ -97.903127, 22.339882 ], [ -97.90312, 22.339849 ], [ -97.903117, 22.339816 ], [ -97.903125, 22.339784 ], [ -97.903171, 22.339705 ], [ -97.903258, 22.339732 ], [ -97.90326, 22.339574 ], [ -97.903453, 22.339728 ], [ -97.903536, 22.339678 ], [ -97.903642, 22.339635 ], [ -97.903773, 22.339618 ], [ -97.903869, 22.339625 ], [ -97.904008, 22.339648 ], [ -97.904126, 22.339688 ], [ -97.904377, 22.339851 ], [ -97.904378, 22.339951 ], [ -97.904234, 22.340121 ], [ -97.904051, 22.340547 ], [ -97.903999, 22.340572 ], [ -97.903951, 22.340813 ], [ -97.904021, 22.340877 ], [ -97.903987, 22.341035 ], [ -97.9039, 22.341102 ], [ -97.903868, 22.341285 ], [ -97.903699, 22.341614 ], [ -97.903696, 22.341731 ], [ -97.903642, 22.341963 ], [ -97.903565, 22.342209 ], [ -97.903439, 22.342882 ], [ -97.903491, 22.343113 ], [ -97.903393, 22.343741 ], [ -97.903382, 22.343941 ], [ -97.903298, 22.344119 ], [ -97.903299, 22.344163 ], [ -97.903393, 22.344183 ], [ -97.903643, 22.344034 ], [ -97.903907, 22.34382 ], [ -97.904039, 22.343685 ], [ -97.904104, 22.343609 ], [ -97.904158, 22.343523 ], [ -97.904192, 22.343437 ], [ -97.904219, 22.343348 ], [ -97.904322, 22.343238 ], [ -97.904457, 22.3429 ], [ -97.904546, 22.342838 ], [ -97.904548, 22.342748 ], [ -97.904687, 22.342535 ], [ -97.905149, 22.342041 ], [ -97.905319, 22.341802 ], [ -97.905426, 22.341545 ], [ -97.905463, 22.341391 ], [ -97.905464, 22.34133 ], [ -97.905465, 22.341207 ], [ -97.905498, 22.341031 ], [ -97.905557, 22.34093 ], [ -97.90561, 22.340708 ], [ -97.905607, 22.340695 ], [ -97.905602, 22.340684 ], [ -97.90559, 22.34067 ], [ -97.905581, 22.340662 ], [ -97.905566, 22.34065 ], [ -97.905547, 22.340642 ], [ -97.905517, 22.340628 ], [ -97.905509, 22.340553 ], [ -97.905512, 22.340535 ], [ -97.905526, 22.340508 ], [ -97.905546, 22.340486 ], [ -97.905567, 22.340465 ], [ -97.905592, 22.340449 ], [ -97.905619, 22.340434 ], [ -97.905643, 22.340424 ], [ -97.90578, 22.34041 ], [ -97.906077, 22.340405 ], [ -97.906163, 22.34044 ], [ -97.906354, 22.34045 ], [ -97.906874, 22.340536 ], [ -97.907072, 22.340611 ], [ -97.907281, 22.340662 ], [ -97.907751, 22.340713 ], [ -97.907801, 22.340789 ], [ -97.907942, 22.340784 ], [ -97.908006, 22.340842 ], [ -97.908269, 22.340909 ], [ -97.908295, 22.340938 ], [ -97.908305, 22.340956 ], [ -97.908319, 22.340999 ], [ -97.908322, 22.341023 ], [ -97.908323, 22.341042 ], [ -97.90832, 22.341071 ], [ -97.90831, 22.341103 ], [ -97.908254, 22.341131 ], [ -97.908254, 22.34114 ], [ -97.908254, 22.341148 ], [ -97.908253, 22.341158 ], [ -97.908249, 22.341171 ], [ -97.908246, 22.341181 ], [ -97.908231, 22.341196 ], [ -97.908221, 22.341208 ], [ -97.908199, 22.34122 ], [ -97.908174, 22.34123 ], [ -97.908153, 22.341235 ], [ -97.908112, 22.341151 ], [ -97.908166, 22.341033 ], [ -97.908128, 22.341012 ], [ -97.908089, 22.341098 ], [ -97.908029, 22.341123 ], [ -97.907969, 22.341135 ], [ -97.907885, 22.341138 ], [ -97.90788, 22.341189 ], [ -97.907935, 22.341339 ], [ -97.907892, 22.341408 ], [ -97.907853, 22.341469 ], [ -97.907832, 22.341545 ], [ -97.907828, 22.34168 ], [ -97.907839, 22.341727 ], [ -97.907854, 22.341776 ], [ -97.907808, 22.341886 ], [ -97.907669, 22.342085 ], [ -97.90763, 22.342275 ], [ -97.90753, 22.34235 ], [ -97.907516, 22.342381 ], [ -97.907582, 22.342371 ], [ -97.907593, 22.342352 ], [ -97.907603, 22.34234 ], [ -97.907619, 22.342324 ], [ -97.907641, 22.342313 ], [ -97.907659, 22.342305 ], [ -97.907681, 22.342297 ], [ -97.907698, 22.342296 ], [ -97.907715, 22.342297 ], [ -97.907811, 22.342381 ], [ -97.907693, 22.342524 ], [ -97.907678, 22.342613 ], [ -97.907624, 22.342668 ], [ -97.907552, 22.342707 ], [ -97.907489, 22.343257 ], [ -97.907511, 22.34329 ], [ -97.907607, 22.343302 ], [ -97.907666, 22.343353 ], [ -97.907706, 22.343407 ], [ -97.90773, 22.343458 ], [ -97.907743, 22.34349 ], [ -97.907767, 22.343497 ], [ -97.907917, 22.343221 ], [ -97.908036, 22.343105 ], [ -97.90817, 22.342929 ], [ -97.908526, 22.34267 ], [ -97.908582, 22.342532 ], [ -97.908668, 22.342379 ], [ -97.908842, 22.342281 ], [ -97.908983, 22.342236 ], [ -97.909115, 22.342274 ], [ -97.909232, 22.342367 ], [ -97.90942, 22.342638 ], [ -97.909572, 22.342704 ], [ -97.909679, 22.342734 ], [ -97.909859, 22.342711 ], [ -97.909915, 22.342679 ], [ -97.909988, 22.342653 ], [ -97.910061, 22.342613 ], [ -97.910121, 22.342569 ], [ -97.910179, 22.34252 ], [ -97.910235, 22.342184 ], [ -97.910201, 22.342166 ], [ -97.910117, 22.342211 ], [ -97.910118, 22.342218 ], [ -97.910119, 22.342223 ], [ -97.910121, 22.342229 ], [ -97.910123, 22.342237 ], [ -97.910128, 22.342244 ], [ -97.910136, 22.342251 ], [ -97.910146, 22.342256 ], [ -97.910155, 22.34226 ], [ -97.910168, 22.342263 ], [ -97.910185, 22.342267 ], [ -97.910195, 22.342332 ], [ -97.910156, 22.342437 ], [ -97.910102, 22.342478 ], [ -97.910026, 22.342495 ], [ -97.909903, 22.342469 ], [ -97.909866, 22.342457 ], [ -97.909821, 22.34242 ], [ -97.909792, 22.342368 ], [ -97.909783, 22.342257 ], [ -97.909891, 22.342184 ], [ -97.91002, 22.34206 ], [ -97.910043, 22.341862 ], [ -97.910026, 22.34176 ], [ -97.910013, 22.34168 ], [ -97.909982, 22.341604 ], [ -97.909891, 22.341579 ], [ -97.90958, 22.341553 ], [ -97.909566, 22.341428 ], [ -97.909629, 22.341359 ], [ -97.909734, 22.341332 ], [ -97.909767, 22.34129 ], [ -97.909892, 22.341259 ], [ -97.910037, 22.341311 ], [ -97.9102, 22.341348 ], [ -97.910643, 22.341338 ], [ -97.910792, 22.341263 ], [ -97.910903, 22.341259 ], [ -97.911, 22.341274 ], [ -97.911055, 22.341295 ], [ -97.911086, 22.341316 ], [ -97.911269, 22.341223 ], [ -97.911389, 22.341273 ], [ -97.911434, 22.34125 ], [ -97.911489, 22.341231 ], [ -97.911557, 22.341219 ], [ -97.911671, 22.341223 ], [ -97.911925, 22.341098 ], [ -97.912246, 22.34117 ], [ -97.912308, 22.341151 ], [ -97.912313, 22.341139 ], [ -97.912323, 22.341121 ], [ -97.912332, 22.341104 ], [ -97.912351, 22.341086 ], [ -97.912374, 22.341066 ], [ -97.9124, 22.34105 ], [ -97.912424, 22.341055 ], [ -97.912457, 22.341066 ], [ -97.912489, 22.341083 ], [ -97.912536, 22.34112 ], [ -97.912632, 22.341116 ], [ -97.91266, 22.341022 ], [ -97.912741, 22.341048 ], [ -97.912793, 22.341015 ], [ -97.91299, 22.340924 ], [ -97.913136, 22.34089 ], [ -97.913233, 22.340973 ], [ -97.913338, 22.340916 ], [ -97.913392, 22.340838 ], [ -97.913686, 22.340703 ], [ -97.913784, 22.34071 ], [ -97.913858, 22.340615 ], [ -97.914023, 22.340581 ], [ -97.91428, 22.340662 ], [ -97.914321, 22.340829 ], [ -97.914297, 22.341153 ], [ -97.914115, 22.341568 ], [ -97.914039, 22.341847 ], [ -97.913955, 22.341999 ], [ -97.913938, 22.342456 ], [ -97.913935, 22.342512 ], [ -97.913932, 22.342561 ], [ -97.913984, 22.342836 ], [ -97.913872, 22.342951 ], [ -97.913845, 22.343451 ], [ -97.913885, 22.3435 ], [ -97.914524, 22.343554 ], [ -97.914455, 22.343809 ], [ -97.914431, 22.344054 ], [ -97.91433, 22.344188 ], [ -97.914321, 22.34422 ], [ -97.914328, 22.344255 ], [ -97.914343, 22.344319 ], [ -97.914352, 22.344349 ], [ -97.914356, 22.344412 ], [ -97.914348, 22.344443 ], [ -97.914339, 22.344467 ], [ -97.914103, 22.345016 ], [ -97.914058, 22.345165 ], [ -97.914054, 22.345279 ], [ -97.914089, 22.345361 ], [ -97.914098, 22.345389 ], [ -97.914111, 22.345708 ], [ -97.914045, 22.345817 ], [ -97.914004, 22.34592 ], [ -97.913985, 22.345983 ], [ -97.913932, 22.346033 ], [ -97.913934, 22.346041 ], [ -97.91394, 22.346051 ], [ -97.913947, 22.346058 ], [ -97.913956, 22.346064 ], [ -97.913971, 22.34607 ], [ -97.913986, 22.346074 ], [ -97.914, 22.346074 ], [ -97.914008, 22.346073 ], [ -97.914132, 22.346337 ], [ -97.914171, 22.346363 ], [ -97.914211, 22.346401 ], [ -97.914248, 22.346447 ], [ -97.914291, 22.346501 ], [ -97.914328, 22.346579 ], [ -97.914308, 22.34665 ], [ -97.914163, 22.346847 ], [ -97.914114, 22.346989 ], [ -97.91414, 22.347169 ], [ -97.914114, 22.347254 ], [ -97.914087, 22.34729 ], [ -97.914055, 22.347315 ], [ -97.914019, 22.347329 ], [ -97.913984, 22.34734 ], [ -97.913949, 22.347353 ], [ -97.913884, 22.347354 ], [ -97.913844, 22.347355 ], [ -97.913815, 22.347348 ], [ -97.913771, 22.348052 ], [ -97.913757, 22.348075 ], [ -97.913734, 22.348101 ], [ -97.913702, 22.34812 ], [ -97.913667, 22.348134 ], [ -97.913635, 22.348142 ], [ -97.913606, 22.348152 ], [ -97.913588, 22.348159 ], [ -97.913562, 22.348196 ], [ -97.913538, 22.348243 ], [ -97.91352, 22.348295 ], [ -97.913516, 22.348347 ], [ -97.913482, 22.348884 ], [ -97.913408, 22.348984 ], [ -97.913466, 22.349144 ], [ -97.913469, 22.349242 ], [ -97.913424, 22.349297 ], [ -97.913405, 22.349312 ], [ -97.913384, 22.349327 ], [ -97.913348, 22.349341 ], [ -97.913291, 22.349351 ], [ -97.91322, 22.349448 ], [ -97.913222, 22.34951 ], [ -97.913241, 22.349562 ], [ -97.913277, 22.349619 ], [ -97.913328, 22.349673 ], [ -97.913289, 22.349759 ], [ -97.913219, 22.349772 ], [ -97.91317, 22.349785 ], [ -97.913124, 22.349804 ], [ -97.913081, 22.349835 ], [ -97.913072, 22.349844 ], [ -97.913018, 22.349856 ], [ -97.912864, 22.349871 ], [ -97.912719, 22.349873 ], [ -97.912666, 22.349898 ], [ -97.912497, 22.349898 ], [ -97.912467, 22.349881 ], [ -97.912432, 22.349863 ], [ -97.912399, 22.34985 ], [ -97.912378, 22.349847 ], [ -97.912356, 22.349845 ], [ -97.912351, 22.349886 ], [ -97.912264, 22.349885 ], [ -97.912205, 22.349841 ], [ -97.912193, 22.34982 ], [ -97.912183, 22.349795 ], [ -97.912182, 22.349773 ], [ -97.912182, 22.34976 ], [ -97.912142, 22.349765 ], [ -97.912087, 22.34989 ], [ -97.912097, 22.350047 ], [ -97.91213, 22.350114 ], [ -97.912219, 22.350422 ], [ -97.912267, 22.350746 ], [ -97.912214, 22.351081 ], [ -97.912044, 22.351435 ], [ -97.911875, 22.351651 ], [ -97.911753, 22.351872 ], [ -97.911711, 22.351965 ], [ -97.911675, 22.352705 ], [ -97.911623, 22.352934 ], [ -97.911496, 22.353201 ], [ -97.911175, 22.353573 ], [ -97.911083, 22.353757 ], [ -97.910745, 22.354563 ], [ -97.910471, 22.355046 ], [ -97.910295, 22.355247 ], [ -97.910101, 22.355329 ], [ -97.909966, 22.355445 ], [ -97.909942, 22.355672 ], [ -97.909762, 22.355704 ], [ -97.909513, 22.356005 ], [ -97.909505, 22.356073 ], [ -97.909517, 22.356059 ], [ -97.909678, 22.356044 ], [ -97.909693, 22.356061 ], [ -97.909703, 22.356077 ], [ -97.90971, 22.356094 ], [ -97.909716, 22.356115 ], [ -97.909719, 22.356133 ], [ -97.90972, 22.356156 ], [ -97.909717, 22.356172 ], [ -97.909715, 22.356184 ], [ -97.909705, 22.356196 ], [ -97.909699, 22.356206 ], [ -97.909868, 22.356216 ], [ -97.909924, 22.356289 ], [ -97.910093, 22.356395 ], [ -97.910173, 22.356359 ], [ -97.910326, 22.356446 ], [ -97.910907, 22.356481 ], [ -97.910941, 22.356613 ], [ -97.910954, 22.356612 ], [ -97.910966, 22.356555 ], [ -97.911108, 22.356503 ], [ -97.911573, 22.356488 ], [ -97.911643, 22.356504 ], [ -97.911792, 22.356587 ], [ -97.911928, 22.356676 ], [ -97.911996, 22.356795 ], [ -97.912049, 22.356847 ], [ -97.912079, 22.356857 ], [ -97.912126, 22.356863 ], [ -97.91188, 22.357644 ], [ -97.911748, 22.358055 ], [ -97.911584, 22.358493 ], [ -97.910558, 22.358191 ], [ -97.908979, 22.357724 ], [ -97.909115, 22.357062 ], [ -97.907568, 22.356798 ], [ -97.907655, 22.356279 ], [ -97.907667, 22.356213 ], [ -97.907745, 22.355811 ], [ -97.907835, 22.355326 ], [ -97.906287, 22.355096 ], [ -97.906244, 22.355092 ], [ -97.906192, 22.355088 ], [ -97.904755, 22.35487 ], [ -97.904703, 22.354864 ], [ -97.904652, 22.354858 ], [ -97.903249, 22.354624 ], [ -97.903208, 22.354618 ], [ -97.903151, 22.35461 ], [ -97.90165, 22.354374 ], [ -97.900016, 22.354105 ], [ -97.900008, 22.354151 ], [ -97.899952, 22.354539 ], [ -97.899945, 22.354591 ], [ -97.899938, 22.354632 ], [ -97.899877, 22.355054 ], [ -97.899913, 22.355109 ], [ -97.899846, 22.355573 ], [ -97.899703, 22.356577 ], [ -97.899654, 22.357065 ], [ -97.899679, 22.35724 ], [ -97.899744, 22.357362 ], [ -97.900759, 22.358626 ], [ -97.9013, 22.359401 ], [ -97.901455, 22.359683 ], [ -97.90148, 22.360053 ], [ -97.901396, 22.360804 ], [ -97.90124, 22.361838 ], [ -97.901168, 22.362358 ], [ -97.901141, 22.362617 ], [ -97.901062, 22.363166 ], [ -97.900997, 22.363618 ], [ -97.900943, 22.363962 ], [ -97.90091, 22.36421 ], [ -97.90072, 22.365499 ], [ -97.900719, 22.365508 ], [ -97.900634, 22.366059 ], [ -97.900473, 22.367191 ], [ -97.900253, 22.368529 ], [ -97.900194, 22.368483 ], [ -97.89798, 22.36611 ], [ -97.897758, 22.365866 ], [ -97.89467, 22.36246 ], [ -97.894489, 22.36226 ], [ -97.891422, 22.358827 ], [ -97.887773, 22.354852 ], [ -97.887388, 22.354441 ], [ -97.887159, 22.354257 ], [ -97.88563, 22.35302 ], [ -97.885128, 22.352615 ], [ -97.883725, 22.351481 ], [ -97.883113, 22.351104 ], [ -97.8828, 22.350941 ], [ -97.882197, 22.350628 ], [ -97.88112, 22.350072 ] ] ] ] } },
{ "type": "Feature", "properties": { "CVEGEO": "2800301220275", "POB_TOT_20": 73.0, "POB_MASC_2": 39.0, "POB_FEM_20": 34.0, "origen": "2800301220275", "viajes_od_totales_salientes": 3.0, "viajes-total_salientes": 1034.0, "viajes_od_totales_norm_salientes": 0.013819789939192924, "viajes-total_norm_salientes": 0.78274034822104466, "AE_por_fila_salientes": 0.014786933813112533, "SE_por_fila_salientes": 0.00058538807355748058, "APE_por_fila_salientes": 94.489356506972413, "destino": "2800301220275", "viajes_od_totales_entrantes": 281.32, "viajes-total_entrantes": 1236.0, "viajes_od_totales_norm_entrantes": 1.2959277685645845, "viajes-total_norm_entrantes": 0.93565480696442094, "AE_por_fila_entrantes": 0.027157906321701276, "SE_por_fila_entrantes": 0.0029607981062368923, "APE_por_fila_entrantes": 315.90573040479717 }, "geometry": { "type": "MultiPolygon", "coordinates": [ [ [ [ -97.891422, 22.358827 ], [ -97.894489, 22.36226 ], [ -97.89467, 22.36246 ], [ -97.897758, 22.365866 ], [ -97.89798, 22.36611 ], [ -97.900194, 22.368483 ], [ -97.900253, 22.368529 ], [ -97.900663, 22.368844 ], [ -97.901125, 22.3692 ], [ -97.901304, 22.369377 ], [ -97.9019, 22.369966 ], [ -97.902517, 22.370567 ], [ -97.903117, 22.371169 ], [ -97.90369, 22.371734 ], [ -97.904323, 22.372358 ], [ -97.904911, 22.372939 ], [ -97.905525, 22.373546 ], [ -97.90611, 22.374122 ], [ -97.9063, 22.374312 ], [ -97.906706, 22.374716 ], [ -97.907292, 22.375299 ], [ -97.90746, 22.375467 ], [ -97.909344, 22.377353 ], [ -97.907217, 22.375626 ], [ -97.906809, 22.375331 ], [ -97.906659, 22.375252 ], [ -97.906249, 22.375037 ], [ -97.905417, 22.374627 ], [ -97.904558, 22.374152 ], [ -97.904413, 22.374166 ], [ -97.904249, 22.374227 ], [ -97.903969, 22.37433 ], [ -97.903402, 22.374695 ], [ -97.902866, 22.375204 ], [ -97.90267, 22.375343 ], [ -97.902436, 22.375651 ], [ -97.902031, 22.37629 ], [ -97.901763, 22.37688 ], [ -97.901469, 22.378005 ], [ -97.901204, 22.379022 ], [ -97.900972, 22.379905 ], [ -97.90071, 22.38086 ], [ -97.900627, 22.381162 ], [ -97.900577, 22.38132 ], [ -97.900516, 22.381503 ], [ -97.900436, 22.381682 ], [ -97.900345, 22.381854 ], [ -97.900241, 22.382004 ], [ -97.900167, 22.382103 ], [ -97.900045, 22.382251 ], [ -97.899876, 22.382426 ], [ -97.897543, 22.385052 ], [ -97.897307, 22.385317 ], [ -97.897173, 22.385477 ], [ -97.897048, 22.385642 ], [ -97.896895, 22.38589 ], [ -97.896783, 22.386119 ], [ -97.8967, 22.386337 ], [ -97.896605, 22.386578 ], [ -97.895359, 22.386393 ], [ -97.895441, 22.385701 ], [ -97.89539, 22.385695 ], [ -97.890879, 22.385118 ], [ -97.890862, 22.385108 ], [ -97.884578, 22.384181 ], [ -97.884929, 22.382057 ], [ -97.885929, 22.374895 ], [ -97.885995, 22.374906 ], [ -97.891575, 22.375819 ], [ -97.891643, 22.37583 ], [ -97.894522, 22.3632 ], [ -97.893991, 22.362673 ], [ -97.893313, 22.362032 ], [ -97.893256, 22.362022 ], [ -97.8916, 22.361752 ], [ -97.891323, 22.361609 ], [ -97.891284, 22.361586 ], [ -97.891545, 22.361359 ], [ -97.892039, 22.360878 ], [ -97.892086, 22.360836 ], [ -97.891324, 22.360084 ], [ -97.890761, 22.35957 ], [ -97.891422, 22.358827 ] ] ] ] } },
{ "type": "Feature", "properties": { "CVEGEO": "2800301220307", "POB_TOT_20": 2228.0, "POB_MASC_2": 1119.0, "POB_FEM_20": 1109.0, "origen": "2800301220307", "viajes_od_totales_salientes": 50.08, "viajes-total_salientes": 1316.0, "viajes_od_totales_norm_salientes": 0.23069836005159389, "viajes-total_norm_salientes": 0.99621498864496594, "AE_por_fila_salientes": 0.012484231444156772, "SE_por_fila_salientes": 0.00035512768192199224, "APE_por_fila_salientes": 90.444625542291817, "destino": "2800301220307", "viajes_od_totales_entrantes": 136.18, "viajes-total_entrantes": 1412.0, "viajes_od_totales_norm_entrantes": 0.62732633130643078, "viajes-total_norm_entrantes": 1.06888720666162, "AE_por_fila_entrantes": 0.012777426178186696, "SE_por_fila_entrantes": 0.00036405327412110069, "APE_por_fila_entrantes": 94.031332649969826 }, "geometry": { "type": "MultiPolygon", "coordinates": [ [ [ [ -97.8828, 22.350941 ], [ -97.883113, 22.351104 ], [ -97.883725, 22.351481 ], [ -97.885128, 22.352615 ], [ -97.88563, 22.35302 ], [ -97.887159, 22.354257 ], [ -97.887388, 22.354441 ], [ -97.887773, 22.354852 ], [ -97.891422, 22.358827 ], [ -97.890761, 22.35957 ], [ -97.890583, 22.359411 ], [ -97.889838, 22.358726 ], [ -97.88981, 22.35875 ], [ -97.889026, 22.359498 ], [ -97.888221, 22.36017 ], [ -97.888028, 22.360073 ], [ -97.88796, 22.3606 ], [ -97.887127, 22.360084 ], [ -97.88675, 22.35986 ], [ -97.886012, 22.359676 ], [ -97.885854, 22.35965 ], [ -97.885542, 22.359592 ], [ -97.885016, 22.359486 ], [ -97.884934, 22.359469 ], [ -97.88453, 22.359394 ], [ -97.884034, 22.359296 ], [ -97.883623, 22.359209 ], [ -97.883539, 22.359199 ], [ -97.883034, 22.359074 ], [ -97.882411, 22.358927 ], [ -97.88207, 22.358867 ], [ -97.881148, 22.358686 ], [ -97.881128, 22.358682 ], [ -97.880194, 22.358493 ], [ -97.880199, 22.358463 ], [ -97.880262, 22.35805 ], [ -97.880249, 22.358006 ], [ -97.880287, 22.357687 ], [ -97.880293, 22.35765 ], [ -97.880302, 22.357597 ], [ -97.880474, 22.3564 ], [ -97.88047, 22.35633 ], [ -97.880689, 22.356113 ], [ -97.880747, 22.355993 ], [ -97.881545, 22.354669 ], [ -97.881617, 22.354545 ], [ -97.880277, 22.353276 ], [ -97.88194, 22.351824 ], [ -97.8828, 22.350941 ] ] ] ] } },
{ "type": "Feature", "properties": { "CVEGEO": "2800301220311", "POB_TOT_20": null, "POB_MASC_2": null, "POB_FEM_20": null, "origen": "2800301220311", "viajes_od_totales_salientes": 0.02, "viajes-total_salientes": 37.0, "viajes_od_totales_norm_salientes": 9.2131932927952829e-05, "viajes-total_norm_salientes": 0.028009084027252083, "AE_por_fila_salientes": 0.004652825349054022, "SE_por_fila_salientes": 2.228323235689486e-05, "APE_por_fila_salientes": 99.710223134767077, "destino": "2800301220311", "viajes_od_totales_entrantes": 0.92, "viajes-total_entrantes": 29.0, "viajes_od_totales_norm_entrantes": 0.0042380689146858299, "viajes-total_norm_entrantes": 0.021953065859197578, "AE_por_fila_entrantes": 0.0035429993889023494, "SE_por_fila_entrantes": 1.4535062550394257e-05, "APE_por_fila_entrantes": 79.431638105767462 }, "geometry": { "type": "MultiPolygon", "coordinates": [ [ [ [ -97.88112, 22.350072 ], [ -97.882197, 22.350628 ], [ -97.8828, 22.350941 ], [ -97.88194, 22.351824 ], [ -97.880277, 22.353276 ], [ -97.881617, 22.354545 ], [ -97.881545, 22.354669 ], [ -97.880747, 22.355993 ], [ -97.880689, 22.356113 ], [ -97.88047, 22.35633 ], [ -97.880474, 22.3564 ], [ -97.880302, 22.357597 ], [ -97.880293, 22.35765 ], [ -97.880287, 22.357687 ], [ -97.880249, 22.358006 ], [ -97.880262, 22.35805 ], [ -97.880199, 22.358463 ], [ -97.875416, 22.357883 ], [ -97.874676, 22.357418 ], [ -97.874495, 22.357363 ], [ -97.874038, 22.357074 ], [ -97.873864, 22.356923 ], [ -97.873421, 22.356706 ], [ -97.873153, 22.356365 ], [ -97.872992, 22.356214 ], [ -97.87262, 22.355784 ], [ -97.872424, 22.35518 ], [ -97.872347, 22.355057 ], [ -97.872247, 22.35477 ], [ -97.872035, 22.354652 ], [ -97.87167, 22.354553 ], [ -97.871768, 22.353549 ], [ -97.872482, 22.353498 ], [ -97.87315, 22.353502 ], [ -97.874148, 22.35358 ], [ -97.874919, 22.35365 ], [ -97.875195, 22.35362 ], [ -97.875389, 22.353498 ], [ -97.877868, 22.351379 ], [ -97.878222, 22.351056 ], [ -97.878346, 22.350823 ], [ -97.878339, 22.350596 ], [ -97.878297, 22.350399 ], [ -97.877658, 22.348937 ], [ -97.877651, 22.348755 ], [ -97.877681, 22.348449 ], [ -97.87782, 22.348182 ], [ -97.878167, 22.347801 ], [ -97.879416, 22.348947 ], [ -97.880539, 22.349736 ], [ -97.88112, 22.350072 ] ] ] ] } },
{ "type": "Feature", "properties": { "CVEGEO": "2800301220580", "POB_TOT_20": 974.0, "POB_MASC_2": 475.0, "POB_FEM_20": 499.0, "origen": "2800301220580", "viajes_od_totales_salientes": 49.12, "viajes-total_salientes": 714.0, "viajes_od_totales_norm_salientes": 0.22627602727105214, "viajes-total_norm_salientes": 0.54049962149886455, "AE_por_fila_salientes": 0.011804981335459631, "SE_por_fila_salientes": 0.00030959232571678229, "APE_por_fila_salientes": 99.782025765478423, "destino": "2800301220580", "viajes_od_totales_entrantes": 57.42, "viajes-total_entrantes": 609.0, "viajes_od_totales_norm_entrantes": 0.26451077943615259, "viajes-total_norm_entrantes": 0.46101438304314912, "AE_por_fila_entrantes": 0.012501788935715066, "SE_por_fila_entrantes": 0.00030447360122853938, "APE_por_fila_entrantes": 116.53411218253731 }, "geometry": { "type": "MultiPolygon", "coordinates": [ [ [ [ -97.880194, 22.358493 ], [ -97.881128, 22.358682 ], [ -97.881148, 22.358686 ], [ -97.88207, 22.358867 ], [ -97.882411, 22.358927 ], [ -97.883034, 22.359074 ], [ -97.883539, 22.359199 ], [ -97.883623, 22.359209 ], [ -97.884034, 22.359296 ], [ -97.88453, 22.359394 ], [ -97.884934, 22.359469 ], [ -97.885016, 22.359486 ], [ -97.885542, 22.359592 ], [ -97.885854, 22.35965 ], [ -97.886012, 22.359676 ], [ -97.88675, 22.35986 ], [ -97.887127, 22.360084 ], [ -97.88796, 22.3606 ], [ -97.887907, 22.361015 ], [ -97.887876, 22.361239 ], [ -97.887798, 22.361799 ], [ -97.887299, 22.361732 ], [ -97.886795, 22.361662 ], [ -97.886293, 22.361601 ], [ -97.886279, 22.3616 ], [ -97.885776, 22.361533 ], [ -97.885314, 22.361476 ], [ -97.884784, 22.361416 ], [ -97.884632, 22.361405 ], [ -97.884298, 22.361368 ], [ -97.883778, 22.361304 ], [ -97.883269, 22.361235 ], [ -97.882779, 22.361154 ], [ -97.882274, 22.361099 ], [ -97.881787, 22.361032 ], [ -97.881275, 22.36098 ], [ -97.880841, 22.360927 ], [ -97.880789, 22.360921 ], [ -97.880278, 22.360847 ], [ -97.879844, 22.360793 ], [ -97.879926, 22.360269 ], [ -97.880058, 22.359388 ], [ -97.880194, 22.358493 ] ] ] ] } },
{ "type": "Feature", "properties": { "CVEGEO": "2800301221343", "POB_TOT_20": 1965.0, "POB_MASC_2": 1003.0, "POB_FEM_20": 962.0, "origen": "2800301221343", "viajes_od_totales_salientes": 63.94, "viajes-total_salientes": 736.0, "viajes_od_totales_norm_salientes": 0.29454578957066518, "viajes-total_norm_salientes": 0.55715367146101435, "AE_por_fila_salientes": 0.016247074061380651, "SE_por_fila_salientes": 0.00072942151976921449, "APE_por_fila_salientes": 154.57428258082064, "destino": "2800301221343", "viajes_od_totales_entrantes": 34.64, "viajes-total_entrantes": 725.0, "viajes_od_totales_norm_entrantes": 0.15957250783121429, "viajes-total_norm_entrantes": 0.5488266464799394, "AE_por_fila_entrantes": 0.012563352178674507, "SE_por_fila_entrantes": 0.00046150958174585134, "APE_por_fila_entrantes": 93.957196433718451 }, "geometry": { "type": "MultiPolygon", "coordinates": [ [ [ [ -97.908979, 22.357724 ], [ -97.910558, 22.358191 ], [ -97.911584, 22.358493 ], [ -97.911748, 22.358055 ], [ -97.91188, 22.357644 ], [ -97.912126, 22.356863 ], [ -97.912184, 22.356877 ], [ -97.912283, 22.356888 ], [ -97.912233, 22.356794 ], [ -97.912422, 22.356897 ], [ -97.912585, 22.356915 ], [ -97.913131, 22.356859 ], [ -97.913358, 22.356821 ], [ -97.91353, 22.356775 ], [ -97.913638, 22.356835 ], [ -97.913783, 22.356795 ], [ -97.914111, 22.35683 ], [ -97.914404, 22.356961 ], [ -97.914394, 22.357053 ], [ -97.914445, 22.357185 ], [ -97.914469, 22.357234 ], [ -97.914495, 22.357361 ], [ -97.914596, 22.357528 ], [ -97.914712, 22.357662 ], [ -97.914763, 22.357713 ], [ -97.914816, 22.357811 ], [ -97.914809, 22.357884 ], [ -97.914788, 22.357982 ], [ -97.914753, 22.358056 ], [ -97.914855, 22.358081 ], [ -97.914908, 22.358065 ], [ -97.914967, 22.358032 ], [ -97.915018, 22.357979 ], [ -97.915139, 22.357958 ], [ -97.915186, 22.358026 ], [ -97.915178, 22.358115 ], [ -97.91479, 22.358338 ], [ -97.914774, 22.358361 ], [ -97.914764, 22.358387 ], [ -97.91476, 22.358404 ], [ -97.914761, 22.358417 ], [ -97.914761, 22.358433 ], [ -97.914763, 22.358449 ], [ -97.914766, 22.358461 ], [ -97.914772, 22.358476 ], [ -97.914821, 22.358496 ], [ -97.914911, 22.358448 ], [ -97.914958, 22.358389 ], [ -97.915028, 22.358327 ], [ -97.915106, 22.358267 ], [ -97.915324, 22.358225 ], [ -97.915604, 22.357914 ], [ -97.91574, 22.357815 ], [ -97.915935, 22.357417 ], [ -97.915971, 22.357316 ], [ -97.916128, 22.357129 ], [ -97.916138, 22.357117 ], [ -97.916304, 22.357032 ], [ -97.916441, 22.357067 ], [ -97.916514, 22.357095 ], [ -97.916657, 22.357167 ], [ -97.916754, 22.357239 ], [ -97.916812, 22.357253 ], [ -97.916908, 22.357285 ], [ -97.917019, 22.357333 ], [ -97.917108, 22.357447 ], [ -97.917939, 22.357841 ], [ -97.91799, 22.357882 ], [ -97.918066, 22.358036 ], [ -97.918207, 22.358136 ], [ -97.918325, 22.358168 ], [ -97.918377, 22.358192 ], [ -97.917692, 22.358841 ], [ -97.91747, 22.359081 ], [ -97.917427, 22.359106 ], [ -97.917393, 22.359126 ], [ -97.916899, 22.359403 ], [ -97.916496, 22.359682 ], [ -97.917265, 22.360684 ], [ -97.916856, 22.360956 ], [ -97.916442, 22.361222 ], [ -97.916024, 22.361491 ], [ -97.915624, 22.361744 ], [ -97.915218, 22.362019 ], [ -97.914772, 22.36232 ], [ -97.914739, 22.362283 ], [ -97.914509, 22.36273 ], [ -97.914344, 22.362512 ], [ -97.913917, 22.362779 ], [ -97.913563, 22.362993 ], [ -97.913443, 22.362962 ], [ -97.913018, 22.36237 ], [ -97.912821, 22.362032 ], [ -97.912637, 22.361766 ], [ -97.912464, 22.361696 ], [ -97.911663, 22.36145 ], [ -97.910664, 22.361152 ], [ -97.909605, 22.36085 ], [ -97.908258, 22.360483 ], [ -97.90834, 22.360015 ], [ -97.908367, 22.359863 ], [ -97.908494, 22.359886 ], [ -97.908602, 22.359371 ], [ -97.908706, 22.358935 ], [ -97.908807, 22.358494 ], [ -97.908917, 22.357987 ], [ -97.908979, 22.357724 ] ] ] ] } },
{ "type": "Feature", "properties": { "CVEGEO": "2800301221288", "POB_TOT_20": 2161.0, "POB_MASC_2": 1073.0, "POB_FEM_20": 1088.0, "origen": "2800301221288", "viajes_od_totales_salientes": 38.16, "viajes-total_salientes": 909.0, "viajes_od_totales_norm_salientes": 0.175787728026534, "viajes-total_norm_salientes": 0.68811506434519298, "AE_por_fila_salientes": 0.01130946692044537, "SE_por_fila_salientes": 0.00036503631272198379, "APE_por_fila_salientes": 86.89272204879444, "destino": "2800301221288", "viajes_od_totales_entrantes": 21.12, "viajes-total_entrantes": 917.0, "viajes_od_totales_norm_entrantes": 0.097291321171918174, "viajes-total_norm_entrantes": 0.69417108251324755, "AE_por_fila_entrantes": 0.013237299491903443, "SE_por_fila_entrantes": 0.00044896243885216149, "APE_por_fila_entrantes": 89.285893846126697 }, "geometry": { "type": "MultiPolygon", "coordinates": [ [ [ [ -97.920098, 22.36228 ], [ -97.920109, 22.362545 ], [ -97.920062, 22.362654 ], [ -97.9201, 22.362822 ], [ -97.919969, 22.363211 ], [ -97.919995, 22.363248 ], [ -97.920051, 22.363339 ], [ -97.920103, 22.363459 ], [ -97.920115, 22.363645 ], [ -97.92009, 22.363855 ], [ -97.920061, 22.363877 ], [ -97.920042, 22.363895 ], [ -97.920028, 22.36392 ], [ -97.920021, 22.363941 ], [ -97.920019, 22.363957 ], [ -97.920017, 22.363979 ], [ -97.920016, 22.363993 ], [ -97.92002, 22.364006 ], [ -97.920112, 22.364055 ], [ -97.920122, 22.364179 ], [ -97.920119, 22.364702 ], [ -97.920078, 22.3648 ], [ -97.919833, 22.364898 ], [ -97.919646, 22.365002 ], [ -97.919596, 22.365089 ], [ -97.919361, 22.365145 ], [ -97.9193, 22.365238 ], [ -97.919275, 22.365384 ], [ -97.919286, 22.365654 ], [ -97.919376, 22.365674 ], [ -97.919497, 22.365827 ], [ -97.91961, 22.365893 ], [ -97.919646, 22.365973 ], [ -97.919731, 22.365976 ], [ -97.919764, 22.365943 ], [ -97.919799, 22.365901 ], [ -97.919831, 22.365843 ], [ -97.919924, 22.365787 ], [ -97.920086, 22.365768 ], [ -97.920231, 22.365806 ], [ -97.920314, 22.365904 ], [ -97.920302, 22.365997 ], [ -97.920173, 22.366112 ], [ -97.92008, 22.366222 ], [ -97.920041, 22.366267 ], [ -97.919884, 22.366343 ], [ -97.919579, 22.366382 ], [ -97.918293, 22.367233 ], [ -97.918096, 22.367363 ], [ -97.91771, 22.367617 ], [ -97.917333, 22.367866 ], [ -97.916903, 22.36815 ], [ -97.916505, 22.368413 ], [ -97.91616, 22.368642 ], [ -97.916022, 22.368727 ], [ -97.915748, 22.368896 ], [ -97.915375, 22.369127 ], [ -97.915319, 22.369162 ], [ -97.915279, 22.369188 ], [ -97.915208, 22.369236 ], [ -97.915082, 22.369321 ], [ -97.914967, 22.369398 ], [ -97.914543, 22.369685 ], [ -97.914116, 22.369974 ], [ -97.913762, 22.370222 ], [ -97.913676, 22.370283 ], [ -97.913583, 22.37018 ], [ -97.913293, 22.369833 ], [ -97.912962, 22.369492 ], [ -97.912556, 22.369074 ], [ -97.911924, 22.368436 ], [ -97.911777, 22.368279 ], [ -97.911431, 22.367945 ], [ -97.911124, 22.367648 ], [ -97.910913, 22.367435 ], [ -97.910552, 22.367076 ], [ -97.910025, 22.366544 ], [ -97.910361, 22.366332 ], [ -97.910793, 22.366039 ], [ -97.911261, 22.365773 ], [ -97.911681, 22.3655 ], [ -97.912043, 22.36523 ], [ -97.91248, 22.364941 ], [ -97.912886, 22.364682 ], [ -97.913306, 22.364408 ], [ -97.913715, 22.364145 ], [ -97.914138, 22.363871 ], [ -97.914585, 22.364461 ], [ -97.914864, 22.364815 ], [ -97.915159, 22.365197 ], [ -97.915559, 22.364965 ], [ -97.916414, 22.364434 ], [ -97.916818, 22.364184 ], [ -97.917235, 22.363918 ], [ -97.917652, 22.363653 ], [ -97.918045, 22.363413 ], [ -97.918468, 22.363148 ], [ -97.918922, 22.362882 ], [ -97.919344, 22.362614 ], [ -97.919456, 22.362549 ], [ -97.920098, 22.36228 ] ] ] ] } },
{ "type": "Feature", "properties": { "CVEGEO": "2800301221324", "POB_TOT_20": 1085.0, "POB_MASC_2": 543.0, "POB_FEM_20": 542.0, "origen": "2800301221324", "viajes_od_totales_salientes": 16.98, "viajes-total_salientes": 564.0, "viajes_od_totales_norm_salientes": 0.078220011055831942, "viajes-total_norm_salientes": 0.42694928084784256, "AE_por_fila_salientes": 0.010897789681000331, "SE_por_fila_salientes": 0.00035034286325300376, "APE_por_fila_salientes": 84.234474057184556, "destino": "2800301221324", "viajes_od_totales_entrantes": 23.2, "viajes-total_entrantes": 585.0, "viajes_od_totales_norm_entrantes": 0.10687304219642528, "viajes-total_norm_entrantes": 0.44284632853898565, "AE_por_fila_entrantes": 0.012288801510616423, "SE_por_fila_entrantes": 0.00044460440647917896, "APE_por_fila_entrantes": 87.264709915358623 }, "geometry": { "type": "MultiPolygon", "coordinates": [ [ [ [ -97.920098, 22.36228 ], [ -97.919456, 22.362549 ], [ -97.919344, 22.362614 ], [ -97.918922, 22.362882 ], [ -97.918468, 22.363148 ], [ -97.918045, 22.363413 ], [ -97.917652, 22.363653 ], [ -97.917235, 22.363918 ], [ -97.916818, 22.364184 ], [ -97.916414, 22.364434 ], [ -97.915559, 22.364965 ], [ -97.915159, 22.365197 ], [ -97.914864, 22.364815 ], [ -97.914585, 22.364461 ], [ -97.914138, 22.363871 ], [ -97.913443, 22.362962 ], [ -97.913563, 22.362993 ], [ -97.913917, 22.362779 ], [ -97.914344, 22.362512 ], [ -97.914509, 22.36273 ], [ -97.914739, 22.362283 ], [ -97.914772, 22.36232 ], [ -97.915218, 22.362019 ], [ -97.915624, 22.361744 ], [ -97.916024, 22.361491 ], [ -97.916442, 22.361222 ], [ -97.916856, 22.360956 ], [ -97.917265, 22.360684 ], [ -97.916496, 22.359682 ], [ -97.916899, 22.359403 ], [ -97.917393, 22.359126 ], [ -97.917427, 22.359106 ], [ -97.91747, 22.359081 ], [ -97.917692, 22.358841 ], [ -97.918377, 22.358192 ], [ -97.918421, 22.358202 ], [ -97.918578, 22.358265 ], [ -97.918593, 22.358275 ], [ -97.91897, 22.358539 ], [ -97.918972, 22.358626 ], [ -97.918883, 22.358682 ], [ -97.918868, 22.358763 ], [ -97.918881, 22.358775 ], [ -97.918903, 22.358799 ], [ -97.918918, 22.358827 ], [ -97.918934, 22.358858 ], [ -97.918948, 22.358879 ], [ -97.918991, 22.358908 ], [ -97.919026, 22.358908 ], [ -97.919034, 22.35886 ], [ -97.919024, 22.358793 ], [ -97.919008, 22.358732 ], [ -97.919072, 22.358639 ], [ -97.919307, 22.358712 ], [ -97.919407, 22.35881 ], [ -97.919442, 22.358827 ], [ -97.919495, 22.358845 ], [ -97.91954, 22.358847 ], [ -97.919578, 22.35885 ], [ -97.919623, 22.358848 ], [ -97.919674, 22.358833 ], [ -97.919748, 22.359047 ], [ -97.919753, 22.359062 ], [ -97.919957, 22.359882 ], [ -97.919964, 22.359939 ], [ -97.919998, 22.36044 ], [ -97.919997, 22.360494 ], [ -97.920047, 22.360643 ], [ -97.92009, 22.360694 ], [ -97.920126, 22.36076 ], [ -97.920152, 22.360849 ], [ -97.920099, 22.361045 ], [ -97.920063, 22.361477 ], [ -97.920133, 22.361642 ], [ -97.920143, 22.361738 ], [ -97.920048, 22.36184 ], [ -97.920046, 22.361972 ], [ -97.920067, 22.362032 ], [ -97.92009, 22.36213 ], [ -97.920098, 22.36228 ] ] ] ] } },
{ "type": "Feature", "properties": { "CVEGEO": "2800301222322", "POB_TOT_20": 801.0, "POB_MASC_2": 426.0, "POB_FEM_20": 375.0, "origen": "2800301222322", "viajes_od_totales_salientes": 0.0, "viajes-total_salientes": 594.0, "viajes_od_totales_norm_salientes": 0.0, "viajes-total_norm_salientes": 0.44965934897804694, "AE_por_fila_salientes": 0.011241483724451173, "SE_por_fila_salientes": 0.0002323154584906601, "APE_por_fila_salientes": 100.0, "destino": "2800301222322", "viajes_od_totales_entrantes": 0.0, "viajes-total_entrantes": 669.0, "viajes_od_totales_norm_entrantes": 0.0, "viajes-total_norm_entrantes": 0.50643451930355787, "AE_por_fila_entrantes": 0.011009446071816475, "SE_por_fila_entrantes": 0.00026705489391391649, "APE_por_fila_entrantes": 100.0 }, "geometry": { "type": "MultiPolygon", "coordinates": [ [ [ [ -97.913293, 22.369833 ], [ -97.913583, 22.37018 ], [ -97.913217, 22.370436 ], [ -97.911734, 22.371474 ], [ -97.911958, 22.37176 ], [ -97.912174, 22.372037 ], [ -97.912186, 22.372054 ], [ -97.912979, 22.373226 ], [ -97.912636, 22.373448 ], [ -97.912536, 22.373508 ], [ -97.91229, 22.373658 ], [ -97.91194, 22.373877 ], [ -97.911741, 22.37401 ], [ -97.911475, 22.373602 ], [ -97.911215, 22.373243 ], [ -97.910914, 22.37283 ], [ -97.910838, 22.372734 ], [ -97.910598, 22.372435 ], [ -97.910447, 22.372249 ], [ -97.9105, 22.372214 ], [ -97.910678, 22.372067 ], [ -97.910979, 22.371816 ], [ -97.911069, 22.371741 ], [ -97.911903, 22.371018 ], [ -97.912495, 22.3705 ], [ -97.912941, 22.370113 ], [ -97.913293, 22.369833 ] ] ] ] } },
{ "type": "Feature", "properties": { "CVEGEO": "2800301221682", "POB_TOT_20": 4311.0, "POB_MASC_2": 2122.0, "POB_FEM_20": 2189.0, "origen": "2800301221682", "viajes_od_totales_salientes": 108.44, "viajes-total_salientes": 2157.0, "viajes_od_totales_norm_salientes": 0.49953934033536024, "viajes-total_norm_salientes": 1.6328538985616956, "AE_por_fila_salientes": 0.017343304868923888, "SE_por_fila_salientes": 0.00084204548555523418, "APE_por_fila_salientes": 90.536290448456441, "destino": "2800301221682", "viajes_od_totales_entrantes": 107.84, "viajes-total_entrantes": 2420.0, "viajes_od_totales_norm_entrantes": 0.49677538234752161, "viajes-total_norm_entrantes": 1.8319454958364876, "AE_por_fila_entrantes": 0.017474318656038476, "SE_por_fila_entrantes": 0.00077333708644669, "APE_por_fila_entrantes": 88.897102785188892 }, "geometry": { "type": "MultiPolygon", "coordinates": [ [ [ [ -97.914085, 22.393187 ], [ -97.914148, 22.392945 ], [ -97.914199, 22.392578 ], [ -97.914258, 22.392178 ], [ -97.914317, 22.391794 ], [ -97.914368, 22.391428 ], [ -97.914423, 22.391041 ], [ -97.914448, 22.390651 ], [ -97.914466, 22.390532 ], [ -97.914456, 22.390276 ], [ -97.914422, 22.390083 ], [ -97.914382, 22.389909 ], [ -97.913143, 22.389898 ], [ -97.912534, 22.389894 ], [ -97.912779, 22.389702 ], [ -97.912492, 22.38941 ], [ -97.912241, 22.389131 ], [ -97.911964, 22.388847 ], [ -97.911685, 22.388566 ], [ -97.911328, 22.388212 ], [ -97.912346, 22.387387 ], [ -97.912066, 22.38709 ], [ -97.911849, 22.386857 ], [ -97.911559, 22.386561 ], [ -97.911237, 22.38624 ], [ -97.91101, 22.386007 ], [ -97.910957, 22.385951 ], [ -97.910706, 22.385705 ], [ -97.91065, 22.385658 ], [ -97.91036, 22.385445 ], [ -97.910321, 22.385418 ], [ -97.910002, 22.385215 ], [ -97.910045, 22.385118 ], [ -97.910339, 22.384468 ], [ -97.909773, 22.38418 ], [ -97.909532, 22.383995 ], [ -97.90862, 22.383035 ], [ -97.908162, 22.382475 ], [ -97.907956, 22.382049 ], [ -97.907695, 22.380438 ], [ -97.907567, 22.379396 ], [ -97.907901, 22.379348 ], [ -97.907961, 22.37934 ], [ -97.90805, 22.379918 ], [ -97.908125, 22.380625 ], [ -97.908335, 22.382002 ], [ -97.908479, 22.382299 ], [ -97.909286, 22.383249 ], [ -97.909531, 22.383536 ], [ -97.909649, 22.383628 ], [ -97.909949, 22.383871 ], [ -97.910033, 22.383922 ], [ -97.910486, 22.384137 ], [ -97.910865, 22.383305 ], [ -97.911061, 22.38287 ], [ -97.911267, 22.382448 ], [ -97.911533, 22.381852 ], [ -97.911451, 22.381777 ], [ -97.912426, 22.380903 ], [ -97.912663, 22.380693 ], [ -97.914022, 22.382014 ], [ -97.914353, 22.381208 ], [ -97.914379, 22.381229 ], [ -97.914763, 22.381387 ], [ -97.914893, 22.381104 ], [ -97.915394, 22.379756 ], [ -97.91607, 22.380002 ], [ -97.915412, 22.381611 ], [ -97.915221, 22.382073 ], [ -97.914844, 22.38278 ], [ -97.914564, 22.38302 ], [ -97.915122, 22.383552 ], [ -97.914977, 22.383563 ], [ -97.914848, 22.3836 ], [ -97.91475, 22.383688 ], [ -97.914678, 22.383792 ], [ -97.914306, 22.384435 ], [ -97.914066, 22.38485 ], [ -97.91383, 22.385393 ], [ -97.913703, 22.385686 ], [ -97.913617, 22.38587 ], [ -97.913756, 22.38593 ], [ -97.91516, 22.386806 ], [ -97.918769, 22.389576 ], [ -97.918558, 22.389832 ], [ -97.918358, 22.390092 ], [ -97.918233, 22.390277 ], [ -97.917911, 22.390654 ], [ -97.916601, 22.392094 ], [ -97.916502, 22.392189 ], [ -97.91615, 22.392575 ], [ -97.915814, 22.392958 ], [ -97.915546, 22.393224 ], [ -97.914085, 22.393187 ] ] ] ] } },
{ "type": "Feature", "properties": { "CVEGEO": "280030122238A", "POB_TOT_20": 615.0, "POB_MASC_2": 299.0, "POB_FEM_20": 316.0, "origen": "280030122238A", "viajes_od_totales_salientes": 0.0, "viajes-total_salientes": 994.0, "viajes_od_totales_norm_salientes": 0.0, "viajes-total_norm_salientes": 0.75246025738077216, "AE_por_fila_salientes": 0.0163578316821907, "SE_por_fila_salientes": 0.00080135154666728518, "APE_por_fila_salientes": 100.0, "destino": null, "viajes_od_totales_entrantes": null, "viajes-total_entrantes": null, "viajes_od_totales_norm_entrantes": null, "viajes-total_norm_entrantes": null, "AE_por_fila_entrantes": null, "SE_por_fila_entrantes": null, "APE_por_fila_entrantes": null }, "geometry": { "type": "MultiPolygon", "coordinates": [ [ [ [ -97.907567, 22.379396 ], [ -97.907695, 22.380438 ], [ -97.907375, 22.380499 ], [ -97.906566, 22.380661 ], [ -97.906759, 22.381378 ], [ -97.906285, 22.381483 ], [ -97.906529, 22.382447 ], [ -97.906083, 22.382553 ], [ -97.906328, 22.383514 ], [ -97.905864, 22.383612 ], [ -97.9058, 22.383353 ], [ -97.905723, 22.383048 ], [ -97.905644, 22.382733 ], [ -97.905625, 22.382654 ], [ -97.905564, 22.38242 ], [ -97.905486, 22.382125 ], [ -97.905407, 22.381825 ], [ -97.905326, 22.381514 ], [ -97.905247, 22.3812 ], [ -97.904906, 22.381273 ], [ -97.904834, 22.380971 ], [ -97.905169, 22.380895 ], [ -97.905125, 22.380714 ], [ -97.905595, 22.38062 ], [ -97.906056, 22.380531 ], [ -97.906515, 22.380438 ], [ -97.906975, 22.380346 ], [ -97.907341, 22.380272 ], [ -97.907255, 22.379691 ], [ -97.907211, 22.379371 ], [ -97.907567, 22.379396 ] ] ] ] } },
{ "type": "Feature", "properties": { "CVEGEO": "280030122124A", "POB_TOT_20": 996.0, "POB_MASC_2": 485.0, "POB_FEM_20": 511.0, "origen": "280030122124A", "viajes_od_totales_salientes": 26.74, "viajes-total_salientes": 683.0, "viajes_od_totales_norm_salientes": 0.12318039432467293, "viajes-total_norm_salientes": 0.51703255109765334, "AE_por_fila_salientes": 0.012860303586056663, "SE_por_fila_salientes": 0.00045209693755329691, "APE_por_fila_salientes": 112.30548496521178, "destino": null, "viajes_od_totales_entrantes": null, "viajes-total_entrantes": null, "viajes_od_totales_norm_entrantes": null, "viajes-total_norm_entrantes": null, "AE_por_fila_entrantes": null, "SE_por_fila_entrantes": null, "APE_por_fila_entrantes": null }, "geometry": { "type": "MultiPolygon", "coordinates": [ [ [ [ -97.915394, 22.379756 ], [ -97.914893, 22.381104 ], [ -97.914763, 22.381387 ], [ -97.914379, 22.381229 ], [ -97.914353, 22.381208 ], [ -97.914022, 22.382014 ], [ -97.912663, 22.380693 ], [ -97.912621, 22.380647 ], [ -97.911328, 22.379328 ], [ -97.911982, 22.378788 ], [ -97.912813, 22.378111 ], [ -97.912962, 22.377964 ], [ -97.913171, 22.377751 ], [ -97.913267, 22.377523 ], [ -97.913265, 22.377374 ], [ -97.913166, 22.377233 ], [ -97.912752, 22.376872 ], [ -97.913304, 22.376302 ], [ -97.913368, 22.376366 ], [ -97.913673, 22.376649 ], [ -97.913709, 22.37665 ], [ -97.91401, 22.376484 ], [ -97.915135, 22.375865 ], [ -97.915699, 22.375564 ], [ -97.915964, 22.375422 ], [ -97.915886, 22.376386 ], [ -97.915907, 22.377843 ], [ -97.915576, 22.377953 ], [ -97.915646, 22.378495 ], [ -97.915419, 22.379442 ], [ -97.915394, 22.379756 ] ] ] ] } },
{ "type": "Feature", "properties": { "CVEGEO": "2800301221790", "POB_TOT_20": 4711.0, "POB_MASC_2": 2351.0, "POB_FEM_20": 2360.0, "origen": "2800301221790", "viajes_od_totales_salientes": 103.38, "viajes-total_salientes": 3032.0, "viajes_od_totales_norm_salientes": 0.47622996130458817, "viajes-total_norm_salientes": 2.2952308856926571, "AE_por_fila_salientes": 0.019508350449029339, "SE_por_fila_salientes": 0.001296646503685381, "APE_por_fila_salientes": 94.065424700739939, "destino": "2800301221790", "viajes_od_totales_entrantes": 21.8, "viajes-total_entrantes": 3138.0, "viajes_od_totales_norm_entrantes": 0.10042380689146858, "viajes-total_norm_entrantes": 2.3754731264193794, "AE_por_fila_entrantes": 0.018055946980380246, "SE_por_fila_entrantes": 0.0010161788487235708, "APE_por_fila_entrantes": 95.881128177389002 }, "geometry": { "type": "MultiPolygon", "coordinates": [ [ [ [ -97.908309, 22.395156 ], [ -97.908424, 22.39517 ], [ -97.908827, 22.395222 ], [ -97.909218, 22.395274 ], [ -97.91055, 22.395433 ], [ -97.910988, 22.395482 ], [ -97.911161, 22.395509 ], [ -97.912206, 22.395638 ], [ -97.912207, 22.395638 ], [ -97.912416, 22.395663 ], [ -97.912475, 22.395697 ], [ -97.912412, 22.396124 ], [ -97.913609, 22.396287 ], [ -97.913557, 22.396656 ], [ -97.913509, 22.397001 ], [ -97.91345, 22.39742 ], [ -97.913391, 22.397846 ], [ -97.914791, 22.398046 ], [ -97.913779, 22.399756 ], [ -97.913416, 22.399824 ], [ -97.913226, 22.399569 ], [ -97.913168, 22.399601 ], [ -97.913094, 22.399595 ], [ -97.913051, 22.399617 ], [ -97.913035, 22.399625 ], [ -97.912971, 22.399673 ], [ -97.912916, 22.399757 ], [ -97.912916, 22.399783 ], [ -97.912916, 22.399789 ], [ -97.912917, 22.399833 ], [ -97.912917, 22.399834 ], [ -97.912917, 22.399835 ], [ -97.912916, 22.399835 ], [ -97.912916, 22.399834 ], [ -97.912891, 22.39983 ], [ -97.911639, 22.399617 ], [ -97.909948, 22.39936 ], [ -97.909909, 22.399361 ], [ -97.90986, 22.399363 ], [ -97.909536, 22.399376 ], [ -97.909484, 22.399379 ], [ -97.90938, 22.399383 ], [ -97.909369, 22.399383 ], [ -97.909028, 22.398025 ], [ -97.908716, 22.396779 ], [ -97.908619, 22.39639 ], [ -97.908521, 22.396 ], [ -97.908417, 22.395586 ], [ -97.908309, 22.395156 ] ] ] ] } },
{ "type": "Feature", "properties": { "CVEGEO": "2800300012159", "POB_TOT_20": 257.0, "POB_MASC_2": 136.0, "POB_FEM_20": 121.0, "origen": "2800300012159", "viajes_od_totales_salientes": 0.0, "viajes-total_salientes": 178.0, "viajes_od_totales_norm_salientes": 0.0, "viajes-total_norm_salientes": 0.13474640423921272, "AE_por_fila_salientes": 0.012249673112655702, "SE_por_fila_salientes": 0.00041207679882072061, "APE_por_fila_salientes": 100.0, "destino": "2800300012159", "viajes_od_totales_entrantes": 0.22, "viajes-total_entrantes": 184.0, "viajes_od_totales_norm_entrantes": 0.0010134512622074811, "viajes-total_norm_entrantes": 0.13928841786525359, "AE_por_fila_entrantes": 0.011522913883587177, "SE_por_fila_entrantes": 0.00034741193927741659, "APE_por_fila_entrantes": 99.851247875847093 }, "geometry": { "type": "MultiPolygon", "coordinates": [ [ [ [ -97.909369, 22.399383 ], [ -97.90938, 22.399383 ], [ -97.909484, 22.399379 ], [ -97.909536, 22.399376 ], [ -97.90986, 22.399363 ], [ -97.909909, 22.399361 ], [ -97.909948, 22.39936 ], [ -97.911639, 22.399617 ], [ -97.912891, 22.39983 ], [ -97.912916, 22.399834 ], [ -97.912916, 22.399835 ], [ -97.912917, 22.399835 ], [ -97.912938, 22.39989 ], [ -97.912981, 22.399947 ], [ -97.91301, 22.39998 ], [ -97.913052, 22.400011 ], [ -97.913166, 22.400016 ], [ -97.913131, 22.40036 ], [ -97.913132, 22.400385 ], [ -97.913132, 22.400417 ], [ -97.913151, 22.40045 ], [ -97.913166, 22.400473 ], [ -97.913178, 22.400493 ], [ -97.91392, 22.401835 ], [ -97.913563, 22.401958 ], [ -97.911448, 22.402689 ], [ -97.910256, 22.4031 ], [ -97.91014, 22.403124 ], [ -97.910139, 22.403123 ], [ -97.909355, 22.399424 ], [ -97.909348, 22.399391 ], [ -97.909349, 22.39939 ], [ -97.909369, 22.399383 ] ] ] ] } },
{ "type": "Feature", "properties": { "CVEGEO": "2800300011875", "POB_TOT_20": 407.0, "POB_MASC_2": 203.0, "POB_FEM_20": 204.0, "origen": "2800300011875", "viajes_od_totales_salientes": 14.4, "viajes-total_salientes": 696.0, "viajes_od_totales_norm_salientes": 0.06633499170812604, "viajes-total_norm_salientes": 0.52687358062074185, "AE_por_fila_salientes": 0.010662577617608167, "SE_por_fila_salientes": 0.00029261606091988756, "APE_por_fila_salientes": 91.817241695681105, "destino": "2800300011875", "viajes_od_totales_entrantes": 14.04, "viajes-total_entrantes": 656.0, "viajes_od_totales_norm_entrantes": 0.064676616915422883, "viajes-total_norm_entrantes": 0.49659348978046935, "AE_por_fila_entrantes": 0.0099490504260748413, "SE_por_fila_entrantes": 0.0003032183315559079, "APE_por_fila_entrantes": 87.281636672780692 }, "geometry": { "type": "MultiPolygon", "coordinates": [ [ [ [ -97.91014, 22.403124 ], [ -97.910256, 22.4031 ], [ -97.911448, 22.402689 ], [ -97.913563, 22.401958 ], [ -97.91392, 22.401835 ], [ -97.914751, 22.401548 ], [ -97.915083, 22.40137 ], [ -97.915371, 22.401107 ], [ -97.917861, 22.397396 ], [ -97.918401, 22.396582 ], [ -97.919428, 22.39504 ], [ -97.919755, 22.394543 ], [ -97.920261, 22.394069 ], [ -97.921183, 22.393594 ], [ -97.923296, 22.39654 ], [ -97.92332, 22.397195 ], [ -97.923319, 22.397304 ], [ -97.923308, 22.397428 ], [ -97.923279, 22.397553 ], [ -97.923224, 22.397672 ], [ -97.923132, 22.39779 ], [ -97.92267, 22.398296 ], [ -97.922327, 22.398685 ], [ -97.922169, 22.398847 ], [ -97.92208, 22.398943 ], [ -97.921815, 22.399214 ], [ -97.921662, 22.399368 ], [ -97.921486, 22.399523 ], [ -97.921243, 22.399722 ], [ -97.920806, 22.400062 ], [ -97.920391, 22.400325 ], [ -97.921088, 22.400679 ], [ -97.920965, 22.400724 ], [ -97.919874, 22.401119 ], [ -97.919479, 22.401258 ], [ -97.916819, 22.402202 ], [ -97.916518, 22.402304 ], [ -97.915954, 22.402499 ], [ -97.91544, 22.402662 ], [ -97.914217, 22.403085 ], [ -97.914265, 22.402454 ], [ -97.914212, 22.402472 ], [ -97.914024, 22.402536 ], [ -97.913766, 22.402623 ], [ -97.910475, 22.403758 ], [ -97.910317, 22.4038 ], [ -97.909726, 22.403953 ], [ -97.90912, 22.404084 ], [ -97.908534, 22.404166 ], [ -97.907999, 22.404211 ], [ -97.907742, 22.404233 ], [ -97.906428, 22.404271 ], [ -97.90631, 22.403591 ], [ -97.907383, 22.403546 ], [ -97.908081, 22.403518 ], [ -97.909644, 22.403217 ], [ -97.910138, 22.403124 ], [ -97.91014, 22.403124 ] ] ] ] } },
{ "type": "Feature", "properties": { "CVEGEO": "2800300011945", "POB_TOT_20": 1294.0, "POB_MASC_2": 611.0, "POB_FEM_20": 683.0, "origen": "2800300011945", "viajes_od_totales_salientes": 186.28, "viajes-total_salientes": 1760.0, "viajes_od_totales_norm_salientes": 0.85811682329095262, "viajes-total_norm_salientes": 1.3323239969719909, "AE_por_fila_salientes": 0.023574555652153516, "SE_por_fila_salientes": 0.0022013552181837054, "APE_por_fila_salientes": 213.15578863034463, "destino": "2800300011945", "viajes_od_totales_entrantes": 13.72, "viajes-total_entrantes": 1968.0, "viajes_od_totales_norm_entrantes": 0.063202505988575644, "viajes-total_norm_entrantes": 1.4897804693414081, "AE_por_fila_entrantes": 0.020092647371166655, "SE_por_fila_entrantes": 0.0010933500520813413, "APE_por_fila_entrantes": 94.651270172039574 }, "geometry": { "type": "MultiPolygon", "coordinates": [ [ [ [ -97.956345, 22.411161 ], [ -97.956342, 22.411165 ], [ -97.956247, 22.411259 ], [ -97.956011, 22.411496 ], [ -97.955741, 22.411713 ], [ -97.955571, 22.41185 ], [ -97.954325, 22.412816 ], [ -97.953321, 22.413702 ], [ -97.953099, 22.414037 ], [ -97.953027, 22.414238 ], [ -97.952941, 22.414625 ], [ -97.952755, 22.415985 ], [ -97.952404, 22.415938 ], [ -97.951423, 22.415807 ], [ -97.950356, 22.41567 ], [ -97.949254, 22.415568 ], [ -97.948131, 22.415471 ], [ -97.947092, 22.415374 ], [ -97.946066, 22.41529 ], [ -97.945983, 22.415277 ], [ -97.946026, 22.414956 ], [ -97.945645, 22.414913 ], [ -97.945371, 22.41488 ], [ -97.945226, 22.415949 ], [ -97.945213, 22.416076 ], [ -97.945103, 22.416739 ], [ -97.944616, 22.416944 ], [ -97.944145, 22.416891 ], [ -97.943701, 22.41684 ], [ -97.943239, 22.416787 ], [ -97.942779, 22.416729 ], [ -97.94231, 22.416674 ], [ -97.942056, 22.416651 ], [ -97.941852, 22.416632 ], [ -97.941709, 22.41632 ], [ -97.941604, 22.416088 ], [ -97.941335, 22.415491 ], [ -97.940825, 22.414296 ], [ -97.940554, 22.413662 ], [ -97.939915, 22.412257 ], [ -97.939487, 22.411269 ], [ -97.939223, 22.410647 ], [ -97.939007, 22.410133 ], [ -97.939448, 22.409966 ], [ -97.939526, 22.41002 ], [ -97.942655, 22.408887 ], [ -97.942795, 22.408789 ], [ -97.943731, 22.408447 ], [ -97.94444, 22.40849 ], [ -97.944776, 22.408507 ], [ -97.945148, 22.408534 ], [ -97.945538, 22.408562 ], [ -97.946372, 22.408601 ], [ -97.946697, 22.408624 ], [ -97.947248, 22.408725 ], [ -97.947621, 22.408787 ], [ -97.947933, 22.408809 ], [ -97.94926, 22.406851 ], [ -97.956012, 22.410959 ], [ -97.956345, 22.411161 ] ] ] ] } },
{ "type": "Feature", "properties": { "CVEGEO": "2800300011911", "POB_TOT_20": 11855.0, "POB_MASC_2": 5815.0, "POB_FEM_20": 6040.0, "origen": "2800300011911", "viajes_od_totales_salientes": 487.38, "viajes-total_salientes": 5365.0, "viajes_od_totales_norm_salientes": 2.2451630735212826, "viajes-total_norm_salientes": 4.0613171839515516, "AE_por_fila_salientes": 0.030182978270151595, "SE_por_fila_salientes": 0.0062061169937477189, "APE_por_fila_salientes": 95.730725408071265, "destino": "2800300011911", "viajes_od_totales_entrantes": 166.74, "viajes-total_entrantes": 5814.0, "viajes_od_totales_norm_entrantes": 0.76810392482034273, "viajes-total_norm_entrantes": 4.4012112036336113, "AE_por_fila_entrantes": 0.025055912267677713, "SE_por_fila_entrantes": 0.0029344716663843844, "APE_por_fila_entrantes": 91.001785304224455 }, "geometry": { "type": "MultiPolygon", "coordinates": [ [ [ [ -97.956345, 22.411161 ], [ -97.956012, 22.410959 ], [ -97.94926, 22.406851 ], [ -97.948781, 22.406579 ], [ -97.946896, 22.405439 ], [ -97.946047, 22.404998 ], [ -97.944294, 22.404126 ], [ -97.943604, 22.403783 ], [ -97.941889, 22.402925 ], [ -97.94101, 22.402487 ], [ -97.94022, 22.402096 ], [ -97.94028, 22.401717 ], [ -97.940317, 22.401435 ], [ -97.941963, 22.40216 ], [ -97.941982, 22.402045 ], [ -97.942037, 22.401702 ], [ -97.942095, 22.401348 ], [ -97.942119, 22.401188 ], [ -97.942139, 22.401061 ], [ -97.942239, 22.400437 ], [ -97.942247, 22.400399 ], [ -97.942252, 22.400359 ], [ -97.942381, 22.399553 ], [ -97.942547, 22.399587 ], [ -97.942857, 22.399703 ], [ -97.942873, 22.399629 ], [ -97.942883, 22.399597 ], [ -97.94289, 22.399561 ], [ -97.942934, 22.399354 ], [ -97.942956, 22.399294 ], [ -97.942993, 22.399296 ], [ -97.943332, 22.399339 ], [ -97.943545, 22.398967 ], [ -97.94357, 22.398919 ], [ -97.943586, 22.398888 ], [ -97.94371, 22.39863 ], [ -97.943746, 22.398597 ], [ -97.943798, 22.398159 ], [ -97.943851, 22.397757 ], [ -97.943893, 22.397412 ], [ -97.943929, 22.39735 ], [ -97.943968, 22.397039 ], [ -97.943318, 22.39697 ], [ -97.943274, 22.396961 ], [ -97.943232, 22.396956 ], [ -97.942866, 22.396916 ], [ -97.942824, 22.396912 ], [ -97.94278, 22.396907 ], [ -97.942399, 22.396866 ], [ -97.942357, 22.396862 ], [ -97.942313, 22.396857 ], [ -97.942007, 22.396824 ], [ -97.941975, 22.396821 ], [ -97.941942, 22.396817 ], [ -97.941675, 22.396788 ], [ -97.941641, 22.396784 ], [ -97.941611, 22.396782 ], [ -97.941296, 22.396748 ], [ -97.941263, 22.396744 ], [ -97.941226, 22.39674 ], [ -97.94087, 22.396702 ], [ -97.940821, 22.396702 ], [ -97.940832, 22.396586 ], [ -97.940899, 22.395929 ], [ -97.9409, 22.395913 ], [ -97.941063, 22.394709 ], [ -97.941092, 22.394406 ], [ -97.941111, 22.394248 ], [ -97.941131, 22.394091 ], [ -97.941156, 22.393886 ], [ -97.941166, 22.393808 ], [ -97.9412, 22.393517 ], [ -97.941295, 22.392769 ], [ -97.941359, 22.392231 ], [ -97.941399, 22.391943 ], [ -97.941565, 22.390639 ], [ -97.942048, 22.390692 ], [ -97.942097, 22.390673 ], [ -97.943258, 22.390815 ], [ -97.94356, 22.390823 ], [ -97.943699, 22.390816 ], [ -97.943849, 22.390754 ], [ -97.944096, 22.390398 ], [ -97.944642, 22.390448 ], [ -97.944787, 22.38933 ], [ -97.944858, 22.388765 ], [ -97.945793, 22.388853 ], [ -97.946785, 22.388947 ], [ -97.946773, 22.38908 ], [ -97.946717, 22.389496 ], [ -97.946684, 22.389719 ], [ -97.946635, 22.390055 ], [ -97.946631, 22.390095 ], [ -97.94659, 22.390393 ], [ -97.946558, 22.39061 ], [ -97.946555, 22.390647 ], [ -97.946523, 22.390889 ], [ -97.946479, 22.391178 ], [ -97.946443, 22.391516 ], [ -97.946415, 22.391732 ], [ -97.946382, 22.392043 ], [ -97.946933, 22.392054 ], [ -97.947426, 22.39209 ], [ -97.947915, 22.392132 ], [ -97.948096, 22.392151 ], [ -97.948673, 22.39221 ], [ -97.949245, 22.392273 ], [ -97.949856, 22.392336 ], [ -97.950398, 22.392392 ], [ -97.950435, 22.392395 ], [ -97.95042, 22.392635 ], [ -97.950534, 22.392658 ], [ -97.950767, 22.392707 ], [ -97.951603, 22.392875 ], [ -97.95224, 22.392995 ], [ -97.952304, 22.392973 ], [ -97.952448, 22.393009 ], [ -97.952495, 22.393021 ], [ -97.952543, 22.393033 ], [ -97.952849, 22.39311 ], [ -97.952889, 22.393123 ], [ -97.952777, 22.393214 ], [ -97.952133, 22.393741 ], [ -97.951731, 22.393996 ], [ -97.951236, 22.394267 ], [ -97.950672, 22.394682 ], [ -97.950318, 22.394998 ], [ -97.950195, 22.395101 ], [ -97.948983, 22.395904 ], [ -97.948979, 22.395901 ], [ -97.948339, 22.395529 ], [ -97.948102, 22.395392 ], [ -97.948009, 22.395323 ], [ -97.947614, 22.395034 ], [ -97.94703, 22.39458 ], [ -97.946664, 22.394119 ], [ -97.946663, 22.394117 ], [ -97.946642, 22.394062 ], [ -97.946489, 22.393647 ], [ -97.946486, 22.393639 ], [ -97.946468, 22.393544 ], [ -97.946446, 22.393426 ], [ -97.946387, 22.39312 ], [ -97.946386, 22.392964 ], [ -97.946386, 22.392944 ], [ -97.946385, 22.392644 ], [ -97.946183, 22.392714 ], [ -97.946112, 22.392738 ], [ -97.946074, 22.392738 ], [ -97.946057, 22.392739 ], [ -97.94566, 22.39274 ], [ -97.945654, 22.392746 ], [ -97.944992, 22.39346 ], [ -97.94477, 22.393884 ], [ -97.944562, 22.394733 ], [ -97.944538, 22.395122 ], [ -97.944693, 22.395421 ], [ -97.944699, 22.395431 ], [ -97.944873, 22.395536 ], [ -97.945023, 22.395626 ], [ -97.945192, 22.395728 ], [ -97.945203, 22.395742 ], [ -97.945473, 22.396095 ], [ -97.945791, 22.396384 ], [ -97.945792, 22.396385 ], [ -97.946025, 22.396549 ], [ -97.946121, 22.39659 ], [ -97.946623, 22.396806 ], [ -97.946933, 22.396767 ], [ -97.947259, 22.39689 ], [ -97.947373, 22.396933 ], [ -97.947438, 22.396958 ], [ -97.947589, 22.397096 ], [ -97.947655, 22.397157 ], [ -97.947703, 22.397139 ], [ -97.947881, 22.397072 ], [ -97.947923, 22.397057 ], [ -97.948189, 22.397094 ], [ -97.948193, 22.397127 ], [ -97.948211, 22.397278 ], [ -97.948225, 22.397395 ], [ -97.948239, 22.397689 ], [ -97.948112, 22.397916 ], [ -97.948051, 22.398154 ], [ -97.94823, 22.398221 ], [ -97.948291, 22.397988 ], [ -97.948282, 22.39776 ], [ -97.948333, 22.397588 ], [ -97.948349, 22.397533 ], [ -97.94852, 22.397331 ], [ -97.948523, 22.397333 ], [ -97.948603, 22.397363 ], [ -97.948882, 22.39747 ], [ -97.948933, 22.397569 ], [ -97.949005, 22.397709 ], [ -97.94911, 22.398276 ], [ -97.949139, 22.398768 ], [ -97.949088, 22.39903 ], [ -97.949117, 22.399458 ], [ -97.949109, 22.399817 ], [ -97.949004, 22.4001 ], [ -97.948936, 22.400403 ], [ -97.948482, 22.400598 ], [ -97.948453, 22.400924 ], [ -97.948527, 22.401228 ], [ -97.948497, 22.401486 ], [ -97.948359, 22.401794 ], [ -97.948107, 22.402005 ], [ -97.947845, 22.402074 ], [ -97.947822, 22.402071 ], [ -97.947534, 22.402036 ], [ -97.947057, 22.402173 ], [ -97.947056, 22.402178 ], [ -97.946992, 22.402529 ], [ -97.947, 22.402765 ], [ -97.947062, 22.403038 ], [ -97.947203, 22.403286 ], [ -97.947221, 22.403319 ], [ -97.947318, 22.403439 ], [ -97.947402, 22.403471 ], [ -97.947454, 22.403491 ], [ -97.947532, 22.403492 ], [ -97.94766, 22.403494 ], [ -97.947764, 22.403487 ], [ -97.947948, 22.403475 ], [ -97.948145, 22.403434 ], [ -97.948187, 22.403433 ], [ -97.948337, 22.40343 ], [ -97.948512, 22.403441 ], [ -97.948579, 22.403444 ], [ -97.94869, 22.403449 ], [ -97.948888, 22.403394 ], [ -97.948994, 22.403386 ], [ -97.949108, 22.403378 ], [ -97.949343, 22.403355 ], [ -97.949357, 22.403353 ], [ -97.949386, 22.403359 ], [ -97.949514, 22.403386 ], [ -97.94963, 22.403515 ], [ -97.949664, 22.403551 ], [ -97.949673, 22.40356 ], [ -97.949757, 22.403647 ], [ -97.949819, 22.403706 ], [ -97.949923, 22.4038 ], [ -97.949944, 22.403826 ], [ -97.950047, 22.40395 ], [ -97.950203, 22.404003 ], [ -97.950274, 22.404032 ], [ -97.95036, 22.404068 ], [ -97.95043, 22.404097 ], [ -97.950435, 22.404077 ], [ -97.950451, 22.404002 ], [ -97.950491, 22.403876 ], [ -97.950547, 22.403801 ], [ -97.950602, 22.40373 ], [ -97.950657, 22.403658 ], [ -97.950722, 22.403585 ], [ -97.950781, 22.40356 ], [ -97.950793, 22.403564 ], [ -97.950834, 22.403576 ], [ -97.950893, 22.403592 ], [ -97.95096, 22.403615 ], [ -97.951007, 22.403668 ], [ -97.951059, 22.403722 ], [ -97.951122, 22.403769 ], [ -97.951125, 22.403771 ], [ -97.951153, 22.403821 ], [ -97.951159, 22.403879 ], [ -97.951141, 22.403934 ], [ -97.951145, 22.404011 ], [ -97.951151, 22.404089 ], [ -97.951132, 22.404153 ], [ -97.9511, 22.404209 ], [ -97.951068, 22.404247 ], [ -97.951022, 22.404287 ], [ -97.951015, 22.404291 ], [ -97.950977, 22.404306 ], [ -97.950917, 22.404312 ], [ -97.950843, 22.404306 ], [ -97.950765, 22.404283 ], [ -97.950751, 22.404279 ], [ -97.9507, 22.404262 ], [ -97.95069, 22.404274 ], [ -97.950678, 22.404286 ], [ -97.950596, 22.404379 ], [ -97.950532, 22.404544 ], [ -97.950599, 22.404601 ], [ -97.950659, 22.4047 ], [ -97.950768, 22.404748 ], [ -97.950866, 22.404896 ], [ -97.950892, 22.405002 ], [ -97.950863, 22.405044 ], [ -97.950854, 22.405118 ], [ -97.950884, 22.405165 ], [ -97.950843, 22.405241 ], [ -97.950816, 22.405255 ], [ -97.950797, 22.405265 ], [ -97.950794, 22.405282 ], [ -97.950787, 22.405325 ], [ -97.950799, 22.405415 ], [ -97.950828, 22.405475 ], [ -97.95078, 22.405499 ], [ -97.950778, 22.4055 ], [ -97.950702, 22.405562 ], [ -97.950684, 22.405584 ], [ -97.950672, 22.4056 ], [ -97.950667, 22.40568 ], [ -97.950705, 22.40578 ], [ -97.950787, 22.405876 ], [ -97.950834, 22.405956 ], [ -97.950815, 22.406042 ], [ -97.950737, 22.406161 ], [ -97.950686, 22.406225 ], [ -97.950622, 22.406294 ], [ -97.950636, 22.406501 ], [ -97.950701, 22.406615 ], [ -97.950703, 22.406618 ], [ -97.950842, 22.406717 ], [ -97.951031, 22.40682 ], [ -97.951892, 22.407291 ], [ -97.951947, 22.407229 ], [ -97.952011, 22.407177 ], [ -97.952091, 22.40714 ], [ -97.952163, 22.407135 ], [ -97.952204, 22.40708 ], [ -97.952279, 22.406919 ], [ -97.952346, 22.406745 ], [ -97.952552, 22.406584 ], [ -97.952701, 22.406451 ], [ -97.95285, 22.40622 ], [ -97.952891, 22.406072 ], [ -97.952901, 22.406033 ], [ -97.95291, 22.405809 ], [ -97.952884, 22.405598 ], [ -97.952836, 22.405411 ], [ -97.952777, 22.405305 ], [ -97.952717, 22.405231 ], [ -97.952681, 22.405168 ], [ -97.952672, 22.405153 ], [ -97.952693, 22.405086 ], [ -97.952746, 22.405016 ], [ -97.953121, 22.405175 ], [ -97.953152, 22.405188 ], [ -97.953164, 22.405196 ], [ -97.953451, 22.405381 ], [ -97.953485, 22.405403 ], [ -97.953494, 22.405402 ], [ -97.953539, 22.405396 ], [ -97.953893, 22.404902 ], [ -97.95415, 22.405062 ], [ -97.954479, 22.405267 ], [ -97.954479, 22.405268 ], [ -97.954311, 22.405755 ], [ -97.953991, 22.405804 ], [ -97.953837, 22.405912 ], [ -97.952413, 22.407868 ], [ -97.952409, 22.407873 ], [ -97.952742, 22.408074 ], [ -97.953413, 22.408478 ], [ -97.953717, 22.408661 ], [ -97.953743, 22.408683 ], [ -97.953965, 22.408879 ], [ -97.954794, 22.409915 ], [ -97.954798, 22.409919 ], [ -97.955124, 22.41012 ], [ -97.956126, 22.410739 ], [ -97.956456, 22.410943 ], [ -97.956455, 22.410944 ], [ -97.956345, 22.411161 ] ] ] ] } },
{ "type": "Feature", "properties": { "CVEGEO": "2800300010190", "POB_TOT_20": 2377.0, "POB_MASC_2": 1128.0, "POB_FEM_20": 1249.0, "origen": "2800300010190", "viajes_od_totales_salientes": 202.42, "viajes-total_salientes": 4741.0, "viajes_od_totales_norm_salientes": 0.9324672931638105, "viajes-total_norm_salientes": 3.5889477668433005, "AE_por_fila_salientes": 0.023194975305887083, "SE_por_fila_salientes": 0.0024784980101841096, "APE_por_fila_salientes": 92.56406935219961, "destino": "2800300010190", "viajes_od_totales_entrantes": 876.66, "viajes-total_entrantes": 5774.0, "viajes_od_totales_norm_entrantes": 4.0384190160309563, "viajes-total_norm_entrantes": 4.3709311127933388, "AE_por_fila_entrantes": 0.022819107394338733, "SE_por_fila_entrantes": 0.0022923632645228871, "APE_por_fila_entrantes": 104.28049110262347 }, "geometry": { "type": "MultiPolygon", "coordinates": [ [ [ [ -97.941565, 22.390639 ], [ -97.941399, 22.391943 ], [ -97.941359, 22.392231 ], [ -97.941295, 22.392769 ], [ -97.9412, 22.393517 ], [ -97.941166, 22.393808 ], [ -97.941156, 22.393886 ], [ -97.941131, 22.394091 ], [ -97.941111, 22.394248 ], [ -97.941092, 22.394406 ], [ -97.941063, 22.394709 ], [ -97.940818, 22.394668 ], [ -97.940621, 22.394636 ], [ -97.94042, 22.394603 ], [ -97.939898, 22.394516 ], [ -97.939377, 22.394426 ], [ -97.938312, 22.394259 ], [ -97.937417, 22.394132 ], [ -97.936451, 22.393955 ], [ -97.936221, 22.395093 ], [ -97.935359, 22.394924 ], [ -97.934354, 22.394738 ], [ -97.933438, 22.394573 ], [ -97.932748, 22.394432 ], [ -97.932939, 22.393342 ], [ -97.933693, 22.39348 ], [ -97.933948, 22.392314 ], [ -97.934139, 22.391451 ], [ -97.935013, 22.391574 ], [ -97.935323, 22.390008 ], [ -97.93544, 22.389275 ], [ -97.935447, 22.389178 ], [ -97.935484, 22.388778 ], [ -97.935491, 22.388574 ], [ -97.935564, 22.388552 ], [ -97.935627, 22.388392 ], [ -97.935783, 22.388336 ], [ -97.935911, 22.388375 ], [ -97.935992, 22.388281 ], [ -97.936174, 22.388244 ], [ -97.936492, 22.38818 ], [ -97.936714, 22.388102 ], [ -97.937029, 22.387942 ], [ -97.937275, 22.387732 ], [ -97.937451, 22.387671 ], [ -97.937556, 22.38783 ], [ -97.93773, 22.387956 ], [ -97.937865, 22.388084 ], [ -97.93813, 22.388066 ], [ -97.93854, 22.388 ], [ -97.93878, 22.387876 ], [ -97.938971, 22.387424 ], [ -97.93903, 22.387113 ], [ -97.93932, 22.386804 ], [ -97.939426, 22.386561 ], [ -97.939888, 22.38641 ], [ -97.94003, 22.386321 ], [ -97.940185, 22.386322 ], [ -97.94042, 22.386318 ], [ -97.940737, 22.386179 ], [ -97.941266, 22.386096 ], [ -97.941697, 22.385947 ], [ -97.942133, 22.385889 ], [ -97.942122, 22.385987 ], [ -97.942495, 22.385953 ], [ -97.942509, 22.386251 ], [ -97.94214, 22.386216 ], [ -97.942109, 22.386457 ], [ -97.942067, 22.386772 ], [ -97.942027, 22.387055 ], [ -97.941984, 22.387373 ], [ -97.941894, 22.388096 ], [ -97.941832, 22.388566 ], [ -97.941735, 22.389348 ], [ -97.941698, 22.389704 ], [ -97.94157, 22.390604 ], [ -97.941565, 22.390639 ] ] ] ] } },
{ "type": "Feature", "properties": { "CVEGEO": "2800300011926", "POB_TOT_20": 4320.0, "POB_MASC_2": 2116.0, "POB_FEM_20": 2204.0, "origen": "2800300011926", "viajes_od_totales_salientes": 301.68, "viajes-total_salientes": 2698.0, "viajes_od_totales_norm_salientes": 1.3897180762852404, "viajes-total_norm_salientes": 2.0423921271763814, "AE_por_fila_salientes": 0.024892176423453087, "SE_por_fila_salientes": 0.003081871008447958, "APE_por_fila_salientes": 112.61541888191761, "destino": "2800300011926", "viajes_od_totales_entrantes": 67.74, "viajes-total_entrantes": 2820.0, "viajes_od_totales_norm_entrantes": 0.3120508568269762, "viajes-total_norm_entrantes": 2.1347464042392126, "AE_por_fila_entrantes": 0.023267099296184569, "SE_por_fila_entrantes": 0.0034258593004507744, "APE_por_fila_entrantes": 86.781422372099854 }, "geometry": { "type": "MultiPolygon", "coordinates": [ [ [ [ -97.952889, 22.393123 ], [ -97.952849, 22.39311 ], [ -97.952543, 22.393033 ], [ -97.952495, 22.393021 ], [ -97.952448, 22.393009 ], [ -97.952304, 22.392973 ], [ -97.95224, 22.392995 ], [ -97.951603, 22.392875 ], [ -97.950767, 22.392707 ], [ -97.950534, 22.392658 ], [ -97.95042, 22.392635 ], [ -97.950435, 22.392395 ], [ -97.950398, 22.392392 ], [ -97.949856, 22.392336 ], [ -97.949245, 22.392273 ], [ -97.948673, 22.39221 ], [ -97.948096, 22.392151 ], [ -97.947915, 22.392132 ], [ -97.947426, 22.39209 ], [ -97.946933, 22.392054 ], [ -97.946382, 22.392043 ], [ -97.946415, 22.391732 ], [ -97.946443, 22.391516 ], [ -97.946479, 22.391178 ], [ -97.946523, 22.390889 ], [ -97.946555, 22.390647 ], [ -97.946558, 22.39061 ], [ -97.94659, 22.390393 ], [ -97.946631, 22.390095 ], [ -97.946635, 22.390055 ], [ -97.946684, 22.389719 ], [ -97.946717, 22.389496 ], [ -97.946773, 22.38908 ], [ -97.946785, 22.388947 ], [ -97.946826, 22.388654 ], [ -97.947759, 22.388763 ], [ -97.948783, 22.38889 ], [ -97.949707, 22.389005 ], [ -97.949714, 22.38896 ], [ -97.949759, 22.388609 ], [ -97.949765, 22.388565 ], [ -97.94977, 22.38852 ], [ -97.949812, 22.388189 ], [ -97.949817, 22.388161 ], [ -97.949824, 22.3881 ], [ -97.949848, 22.387911 ], [ -97.949007, 22.387823 ], [ -97.948949, 22.387816 ], [ -97.948987, 22.387509 ], [ -97.949108, 22.387056 ], [ -97.95003, 22.387287 ], [ -97.950654, 22.387441 ], [ -97.951109, 22.388394 ], [ -97.951459, 22.387982 ], [ -97.951211, 22.387463 ], [ -97.95099, 22.387043 ], [ -97.949802, 22.386756 ], [ -97.94924, 22.386611 ], [ -97.949362, 22.386165 ], [ -97.949719, 22.386252 ], [ -97.950073, 22.386337 ], [ -97.950433, 22.38643 ], [ -97.95079, 22.386517 ], [ -97.951154, 22.386599 ], [ -97.951186, 22.386643 ], [ -97.951615, 22.386726 ], [ -97.951969, 22.386795 ], [ -97.951944, 22.386932 ], [ -97.951938, 22.386965 ], [ -97.952031, 22.387283 ], [ -97.952064, 22.387595 ], [ -97.952182, 22.387852 ], [ -97.952223, 22.388253 ], [ -97.95275, 22.389112 ], [ -97.953039, 22.389782 ], [ -97.953054, 22.390074 ], [ -97.953035, 22.390337 ], [ -97.952863, 22.390771 ], [ -97.952834, 22.39105 ], [ -97.952957, 22.391279 ], [ -97.953098, 22.391457 ], [ -97.953088, 22.391547 ], [ -97.953063, 22.391771 ], [ -97.953007, 22.391932 ], [ -97.953252, 22.391969 ], [ -97.953317, 22.391785 ], [ -97.953341, 22.391717 ], [ -97.953417, 22.391752 ], [ -97.953596, 22.391835 ], [ -97.953647, 22.391991 ], [ -97.953708, 22.39218 ], [ -97.953684, 22.39247 ], [ -97.953495, 22.39257 ], [ -97.953438, 22.3926 ], [ -97.95343, 22.392608 ], [ -97.952889, 22.393123 ] ] ] ] } },
{ "type": "Feature", "properties": { "CVEGEO": "2800300011856", "POB_TOT_20": 515.0, "POB_MASC_2": 240.0, "POB_FEM_20": 275.0, "origen": "2800300011856", "viajes_od_totales_salientes": 0.32, "viajes-total_salientes": 77.0, "viajes_od_totales_norm_salientes": 0.0014741109268472453, "viajes-total_norm_salientes": 0.058289174867524607, "AE_por_fila_salientes": 0.0094691773234462269, "SE_por_fila_salientes": 0.00024241898492430468, "APE_por_fila_salientes": 94.88060871421844, "destino": "2800300011856", "viajes_od_totales_entrantes": 1.3, "viajes-total_entrantes": 68.0, "viajes_od_totales_norm_entrantes": 0.0059885756403169335, "viajes-total_norm_entrantes": 0.051476154428463282, "AE_por_fila_entrantes": 0.0057301127887352706, "SE_por_fila_entrantes": 4.2591175196008985e-05, "APE_por_fila_entrantes": 85.342619281604911 }, "geometry": { "type": "MultiPolygon", "coordinates": [ [ [ [ -97.922808, 22.420122 ], [ -97.923837, 22.419642 ], [ -97.923989, 22.419525 ], [ -97.92396, 22.419646 ], [ -97.923832, 22.420491 ], [ -97.924325, 22.420542 ], [ -97.924819, 22.420596 ], [ -97.9253, 22.420635 ], [ -97.925762, 22.420687 ], [ -97.92626, 22.420729 ], [ -97.926736, 22.420793 ], [ -97.926678, 22.421238 ], [ -97.926608, 22.421713 ], [ -97.927102, 22.421769 ], [ -97.927548, 22.42181 ], [ -97.927408, 22.42266 ], [ -97.926513, 22.422548 ], [ -97.926481, 22.422702 ], [ -97.926408, 22.42307 ], [ -97.926325, 22.423509 ], [ -97.925846, 22.423442 ], [ -97.925829, 22.42344 ], [ -97.925375, 22.423375 ], [ -97.924885, 22.423325 ], [ -97.924452, 22.423279 ], [ -97.924378, 22.423274 ], [ -97.923903, 22.423236 ], [ -97.923458, 22.423203 ], [ -97.923071, 22.423048 ], [ -97.922952, 22.423067 ], [ -97.92247, 22.422997 ], [ -97.921966, 22.422926 ], [ -97.921521, 22.422868 ], [ -97.921031, 22.422798 ], [ -97.920523, 22.422729 ], [ -97.920402, 22.422712 ], [ -97.920166, 22.422961 ], [ -97.920114, 22.423019 ], [ -97.918576, 22.422822 ], [ -97.918573, 22.421897 ], [ -97.918583, 22.421133 ], [ -97.919234, 22.421219 ], [ -97.919821, 22.421292 ], [ -97.920348, 22.42136 ], [ -97.921494, 22.421535 ], [ -97.921631, 22.421388 ], [ -97.921823, 22.421182 ], [ -97.922025, 22.420966 ], [ -97.922366, 22.420519 ], [ -97.922678, 22.420222 ], [ -97.922808, 22.420122 ] ] ] ] } },
{ "type": "Feature", "properties": { "CVEGEO": "2800300010504", "POB_TOT_20": 1439.0, "POB_MASC_2": 697.0, "POB_FEM_20": 742.0, "origen": "2800300010504", "viajes_od_totales_salientes": 107.94, "viajes-total_salientes": 719.0, "viajes_od_totales_norm_salientes": 0.49723604201216137, "viajes-total_norm_salientes": 0.54428463285389861, "AE_por_fila_salientes": 0.012037585186047381, "SE_por_fila_salientes": 0.00034458749403686479, "APE_por_fila_salientes": 127.39867570756275, "destino": "2800300010504", "viajes_od_totales_entrantes": 76.44, "viajes-total_entrantes": 794.0, "viajes_od_totales_norm_entrantes": 0.35212824765063572, "viajes-total_norm_entrantes": 0.60105980317940955, "AE_por_fila_entrantes": 0.011142869983148642, "SE_por_fila_entrantes": 0.00037326304282595722, "APE_por_fila_entrantes": 108.02664713419239 }, "geometry": { "type": "MultiPolygon", "coordinates": [ [ [ [ -97.92677, 22.417254 ], [ -97.926277, 22.417221 ], [ -97.926406, 22.416294 ], [ -97.925932, 22.416257 ], [ -97.925458, 22.416215 ], [ -97.924968, 22.416176 ], [ -97.924501, 22.416122 ], [ -97.924304, 22.416085 ], [ -97.924415, 22.415203 ], [ -97.924523, 22.414356 ], [ -97.924623, 22.41356 ], [ -97.924878, 22.412301 ], [ -97.925249, 22.412499 ], [ -97.925825, 22.412845 ], [ -97.926419, 22.4122 ], [ -97.927669, 22.410368 ], [ -97.928007, 22.410476 ], [ -97.928693, 22.41081 ], [ -97.930145, 22.41161 ], [ -97.930239, 22.411668 ], [ -97.93084, 22.41201 ], [ -97.931263, 22.412243 ], [ -97.931487, 22.412313 ], [ -97.931668, 22.412406 ], [ -97.931677, 22.4131 ], [ -97.931663, 22.414076 ], [ -97.931674, 22.415066 ], [ -97.93169, 22.415608 ], [ -97.931703, 22.416042 ], [ -97.931707, 22.416448 ], [ -97.931705, 22.416823 ], [ -97.9317, 22.4177 ], [ -97.931543, 22.418088 ], [ -97.931479, 22.418599 ], [ -97.931113, 22.418567 ], [ -97.930982, 22.418561 ], [ -97.930522, 22.418524 ], [ -97.930033, 22.418483 ], [ -97.929536, 22.418429 ], [ -97.929074, 22.418382 ], [ -97.928583, 22.418338 ], [ -97.928111, 22.418284 ], [ -97.92759, 22.418241 ], [ -97.927746, 22.417347 ], [ -97.927242, 22.417296 ], [ -97.92677, 22.417254 ] ] ] ] } },
{ "type": "Feature", "properties": { "CVEGEO": "2800300010472", "POB_TOT_20": 1034.0, "POB_MASC_2": 521.0, "POB_FEM_20": 513.0, "origen": "2800300010472", "viajes_od_totales_salientes": 11.82, "viajes-total_salientes": 312.0, "viajes_od_totales_norm_salientes": 0.054449972360420117, "viajes-total_norm_salientes": 0.23618470855412566, "AE_por_fila_salientes": 0.010444319711027638, "SE_por_fila_salientes": 0.000222296727217535, "APE_por_fila_salientes": 81.321529296776518, "destino": "2800300010472", "viajes_od_totales_entrantes": 5.22, "viajes-total_entrantes": 302.0, "viajes_od_totales_norm_entrantes": 0.024046434494195686, "viajes-total_norm_entrantes": 0.22861468584405753, "AE_por_fila_entrantes": 0.010228412567493092, "SE_por_fila_entrantes": 0.00021743646564352314, "APE_por_fila_entrantes": 89.61043316264454 }, "geometry": { "type": "MultiPolygon", "coordinates": [ [ [ [ -97.92677, 22.417254 ], [ -97.927242, 22.417296 ], [ -97.927746, 22.417347 ], [ -97.92759, 22.418241 ], [ -97.928111, 22.418284 ], [ -97.928583, 22.418338 ], [ -97.929074, 22.418382 ], [ -97.929536, 22.418429 ], [ -97.930033, 22.418483 ], [ -97.929923, 22.419343 ], [ -97.92978, 22.420195 ], [ -97.930261, 22.420239 ], [ -97.930742, 22.420302 ], [ -97.931221, 22.420349 ], [ -97.931698, 22.420378 ], [ -97.93217, 22.420418 ], [ -97.932617, 22.420459 ], [ -97.932554, 22.420951 ], [ -97.93251, 22.421341 ], [ -97.93205, 22.421299 ], [ -97.931578, 22.421262 ], [ -97.931084, 22.421211 ], [ -97.930582, 22.421167 ], [ -97.930124, 22.421117 ], [ -97.929645, 22.421072 ], [ -97.929134, 22.421027 ], [ -97.928665, 22.420976 ], [ -97.928194, 22.420924 ], [ -97.92773, 22.420886 ], [ -97.927236, 22.420831 ], [ -97.926736, 22.420793 ], [ -97.92626, 22.420729 ], [ -97.92638, 22.41988 ], [ -97.92652, 22.419033 ], [ -97.926629, 22.418145 ], [ -97.92677, 22.417254 ] ] ] ] } },
{ "type": "Feature", "properties": { "CVEGEO": "2800300010754", "POB_TOT_20": 726.0, "POB_MASC_2": 359.0, "POB_FEM_20": 367.0, "origen": "2800300010754", "viajes_od_totales_salientes": 0.36, "viajes-total_salientes": 201.0, "viajes_od_totales_norm_salientes": 0.001658374792703151, "viajes-total_norm_salientes": 0.15215745647236942, "AE_por_fila_salientes": 0.0083610600933147934, "SE_por_fila_salientes": 9.910149218562823e-05, "APE_por_fila_salientes": 98.57546863867114, "destino": "2800300010754", "viajes_od_totales_entrantes": 1.34, "viajes-total_entrantes": 217.0, "viajes_od_totales_norm_entrantes": 0.0061728395061728392, "viajes-total_norm_entrantes": 0.16426949280847841, "AE_por_fila_entrantes": 0.0079048326651152793, "SE_por_fila_entrantes": 8.6408108945524169e-05, "APE_por_fila_entrantes": 94.617637364429726 }, "geometry": { "type": "MultiPolygon", "coordinates": [ [ [ [ -97.930582, 22.421167 ], [ -97.931084, 22.421211 ], [ -97.931578, 22.421262 ], [ -97.93205, 22.421299 ], [ -97.93251, 22.421341 ], [ -97.932554, 22.420951 ], [ -97.932617, 22.420459 ], [ -97.932638, 22.42027 ], [ -97.933581, 22.420776 ], [ -97.934162, 22.421123 ], [ -97.934413, 22.421245 ], [ -97.934368, 22.421522 ], [ -97.934332, 22.421716 ], [ -97.934274, 22.422157 ], [ -97.934212, 22.422562 ], [ -97.934208, 22.422588 ], [ -97.934142, 22.423019 ], [ -97.934022, 22.423845 ], [ -97.933922, 22.424574 ], [ -97.933892, 22.424777 ], [ -97.93372, 22.425907 ], [ -97.933621, 22.426565 ], [ -97.933529, 22.427161 ], [ -97.932995, 22.426872 ], [ -97.932174, 22.42645 ], [ -97.931815, 22.426262 ], [ -97.931302, 22.425972 ], [ -97.931111, 22.425879 ], [ -97.930864, 22.425741 ], [ -97.930465, 22.425519 ], [ -97.930407, 22.425485 ], [ -97.929984, 22.425239 ], [ -97.929661, 22.425065 ], [ -97.929769, 22.424544 ], [ -97.929876, 22.423969 ], [ -97.929912, 22.423852 ], [ -97.930119, 22.423025 ], [ -97.930346, 22.422107 ], [ -97.930582, 22.421167 ] ] ] ] } },
{ "type": "Feature", "properties": { "CVEGEO": "2800300011470", "POB_TOT_20": 703.0, "POB_MASC_2": 343.0, "POB_FEM_20": 360.0, "origen": "2800300011470", "viajes_od_totales_salientes": 8.7, "viajes-total_salientes": 433.0, "viajes_od_totales_norm_salientes": 0.040077390823659478, "viajes-total_norm_salientes": 0.32778198334595005, "AE_por_fila_salientes": 0.013399113975826049, "SE_por_fila_salientes": 0.00082643449703012769, "APE_por_fila_salientes": 89.710670863572446, "destino": "2800300011470", "viajes_od_totales_entrantes": 25.7, "viajes-total_entrantes": 434.0, "viajes_od_totales_norm_entrantes": 0.11838953381241939, "viajes-total_norm_entrantes": 0.32853898561695682, "AE_por_fila_entrantes": 0.014459728059349879, "SE_por_fila_entrantes": 0.00082282931250755246, "APE_por_fila_entrantes": 124.97821158076978 }, "geometry": { "type": "MultiPolygon", "coordinates": [ [ [ [ -97.926736, 22.420793 ], [ -97.927236, 22.420831 ], [ -97.92773, 22.420886 ], [ -97.928194, 22.420924 ], [ -97.928665, 22.420976 ], [ -97.929134, 22.421027 ], [ -97.929645, 22.421072 ], [ -97.930124, 22.421117 ], [ -97.930582, 22.421167 ], [ -97.930346, 22.422107 ], [ -97.930119, 22.423025 ], [ -97.929912, 22.423852 ], [ -97.929876, 22.423969 ], [ -97.929769, 22.424544 ], [ -97.929661, 22.425065 ], [ -97.929063, 22.424759 ], [ -97.928948, 22.42559 ], [ -97.928601, 22.425541 ], [ -97.928393, 22.425513 ], [ -97.927677, 22.425411 ], [ -97.927506, 22.425388 ], [ -97.927199, 22.425351 ], [ -97.927038, 22.425327 ], [ -97.926721, 22.42528 ], [ -97.926241, 22.425226 ], [ -97.926076, 22.425206 ], [ -97.925766, 22.425163 ], [ -97.925589, 22.425143 ], [ -97.925259, 22.425094 ], [ -97.925102, 22.425075 ], [ -97.924775, 22.425033 ], [ -97.924646, 22.425019 ], [ -97.924287, 22.424985 ], [ -97.924126, 22.424961 ], [ -97.924265, 22.424128 ], [ -97.924293, 22.423694 ], [ -97.924364, 22.423461 ], [ -97.924378, 22.423274 ], [ -97.924452, 22.423279 ], [ -97.924885, 22.423325 ], [ -97.925375, 22.423375 ], [ -97.925829, 22.42344 ], [ -97.925846, 22.423442 ], [ -97.926325, 22.423509 ], [ -97.926408, 22.42307 ], [ -97.926481, 22.422702 ], [ -97.926513, 22.422548 ], [ -97.927408, 22.42266 ], [ -97.927548, 22.42181 ], [ -97.927102, 22.421769 ], [ -97.926608, 22.421713 ], [ -97.926678, 22.421238 ], [ -97.926736, 22.420793 ] ] ] ] } },
{ "type": "Feature", "properties": { "CVEGEO": "2800300011979", "POB_TOT_20": 854.0, "POB_MASC_2": 419.0, "POB_FEM_20": 435.0, "origen": "2800300011979", "viajes_od_totales_salientes": 21.14, "viajes-total_salientes": 450.0, "viajes_od_totales_norm_salientes": 0.09738345310484614, "viajes-total_norm_salientes": 0.34065102195306585, "AE_por_fila_salientes": 0.0081352527288418418, "SE_por_fila_salientes": 0.00012255499599960783, "APE_por_fila_salientes": 82.308552976955326, "destino": "2800300011979", "viajes_od_totales_entrantes": 13.52, "viajes-total_entrantes": 532.0, "viajes_od_totales_norm_entrantes": 0.062281186659296113, "viajes-total_norm_entrantes": 0.40272520817562452, "AE_por_fila_entrantes": 0.0091256797789862412, "SE_por_fila_entrantes": 0.00020649211860705797, "APE_por_fila_entrantes": 88.558545581464713 }, "geometry": { "type": "MultiPolygon", "coordinates": [ [ [ [ -97.924304, 22.416085 ], [ -97.9241, 22.416986 ], [ -97.923681, 22.416925 ], [ -97.923199, 22.416873 ], [ -97.922696, 22.416791 ], [ -97.922213, 22.416707 ], [ -97.921712, 22.416615 ], [ -97.921838, 22.415685 ], [ -97.922329, 22.415769 ], [ -97.922418, 22.414908 ], [ -97.921939, 22.414836 ], [ -97.921458, 22.414762 ], [ -97.920947, 22.414676 ], [ -97.920456, 22.414603 ], [ -97.91996, 22.414519 ], [ -97.920066, 22.413704 ], [ -97.919567, 22.413623 ], [ -97.919089, 22.413563 ], [ -97.918784, 22.413539 ], [ -97.91828, 22.413486 ], [ -97.918305, 22.41279 ], [ -97.918484, 22.412658 ], [ -97.91887, 22.41269 ], [ -97.918901, 22.412385 ], [ -97.919442, 22.412037 ], [ -97.919527, 22.411997 ], [ -97.919613, 22.411957 ], [ -97.920349, 22.411534 ], [ -97.920716, 22.411323 ], [ -97.920873, 22.41134 ], [ -97.921417, 22.411397 ], [ -97.921878, 22.411467 ], [ -97.922395, 22.411522 ], [ -97.922872, 22.411588 ], [ -97.923355, 22.411646 ], [ -97.922883, 22.411966 ], [ -97.922332, 22.412349 ], [ -97.922974, 22.412452 ], [ -97.923627, 22.412536 ], [ -97.92311, 22.413304 ], [ -97.923159, 22.413313 ], [ -97.923043, 22.414153 ], [ -97.922927, 22.414985 ], [ -97.922826, 22.415843 ], [ -97.923322, 22.415926 ], [ -97.923809, 22.415999 ], [ -97.924304, 22.416085 ] ] ] ] } },
{ "type": "Feature", "properties": { "CVEGEO": "2800300010773", "POB_TOT_20": 813.0, "POB_MASC_2": 411.0, "POB_FEM_20": 402.0, "origen": "2800300010773", "viajes_od_totales_salientes": 10.42, "viajes-total_salientes": 240.0, "viajes_od_totales_norm_salientes": 0.048000737055463427, "viajes-total_norm_salientes": 0.18168054504163511, "AE_por_fila_salientes": 0.0084270186219644917, "SE_por_fila_salientes": 0.00010740946027574605, "APE_por_fila_salientes": 82.232046743632338, "destino": "2800300010773", "viajes_od_totales_entrantes": 2.66, "viajes-total_entrantes": 284.0, "viajes_od_totales_norm_entrantes": 0.012253547079417726, "viajes-total_norm_entrantes": 0.21498864496593489, "AE_por_fila_entrantes": 0.0088145694733268339, "SE_por_fila_entrantes": 0.00010545601326308143, "APE_por_fila_entrantes": 94.533430610197797 }, "geometry": { "type": "MultiPolygon", "coordinates": [ [ [ [ -97.924304, 22.416085 ], [ -97.923809, 22.415999 ], [ -97.923322, 22.415926 ], [ -97.922826, 22.415843 ], [ -97.922927, 22.414985 ], [ -97.923043, 22.414153 ], [ -97.923159, 22.413313 ], [ -97.92311, 22.413304 ], [ -97.923627, 22.412536 ], [ -97.922974, 22.412452 ], [ -97.922332, 22.412349 ], [ -97.922883, 22.411966 ], [ -97.923355, 22.411646 ], [ -97.922872, 22.411588 ], [ -97.922395, 22.411522 ], [ -97.922489, 22.41104 ], [ -97.922542, 22.410617 ], [ -97.922572, 22.410298 ], [ -97.922649, 22.409773 ], [ -97.92314, 22.409842 ], [ -97.923287, 22.409855 ], [ -97.923628, 22.409887 ], [ -97.924116, 22.409943 ], [ -97.924602, 22.409998 ], [ -97.925075, 22.410055 ], [ -97.925586, 22.410125 ], [ -97.925493, 22.410932 ], [ -97.925249, 22.412499 ], [ -97.924878, 22.412301 ], [ -97.924623, 22.41356 ], [ -97.924523, 22.414356 ], [ -97.924415, 22.415203 ], [ -97.924304, 22.416085 ] ] ] ] } },
{ "type": "Feature", "properties": { "CVEGEO": "280030001188A", "POB_TOT_20": 883.0, "POB_MASC_2": 447.0, "POB_FEM_20": 436.0, "origen": "280030001188A", "viajes_od_totales_salientes": 3.02, "viajes-total_salientes": 252.0, "viajes_od_totales_norm_salientes": 0.013911921872120876, "viajes-total_norm_salientes": 0.19076457229371688, "AE_por_fila_salientes": 0.0076892456705041747, "SE_por_fila_salientes": 0.0001184949945324555, "APE_por_fila_salientes": 91.201013623978611, "destino": null, "viajes_od_totales_entrantes": null, "viajes-total_entrantes": null, "viajes_od_totales_norm_entrantes": null, "viajes-total_norm_entrantes": null, "AE_por_fila_entrantes": null, "SE_por_fila_entrantes": null, "APE_por_fila_entrantes": null }, "geometry": { "type": "MultiPolygon", "coordinates": [ [ [ [ -97.913142, 22.415687 ], [ -97.912249, 22.415239 ], [ -97.911951, 22.415079 ], [ -97.911709, 22.414678 ], [ -97.911579, 22.414215 ], [ -97.911517, 22.413842 ], [ -97.911511, 22.413754 ], [ -97.911311, 22.413061 ], [ -97.911395, 22.4129 ], [ -97.912261, 22.412958 ], [ -97.912672, 22.412991 ], [ -97.913247, 22.413042 ], [ -97.91375, 22.413086 ], [ -97.914251, 22.413132 ], [ -97.914734, 22.413181 ], [ -97.915258, 22.413225 ], [ -97.91576, 22.413264 ], [ -97.916258, 22.41331 ], [ -97.916776, 22.413344 ], [ -97.917166, 22.41338 ], [ -97.917526, 22.413399 ], [ -97.917773, 22.413427 ], [ -97.91828, 22.413486 ], [ -97.918784, 22.413539 ], [ -97.919089, 22.413563 ], [ -97.919567, 22.413623 ], [ -97.920066, 22.413704 ], [ -97.91996, 22.414519 ], [ -97.920456, 22.414603 ], [ -97.920947, 22.414676 ], [ -97.921458, 22.414762 ], [ -97.921939, 22.414836 ], [ -97.922418, 22.414908 ], [ -97.922329, 22.415769 ], [ -97.921838, 22.415685 ], [ -97.921712, 22.416615 ], [ -97.921207, 22.416543 ], [ -97.921148, 22.416532 ], [ -97.920722, 22.416473 ], [ -97.920475, 22.416431 ], [ -97.920452, 22.416455 ], [ -97.920283, 22.416331 ], [ -97.92025, 22.416221 ], [ -97.920224, 22.416211 ], [ -97.920153, 22.416183 ], [ -97.919196, 22.415792 ], [ -97.919158, 22.415789 ], [ -97.919114, 22.416225 ], [ -97.918786, 22.416205 ], [ -97.918445, 22.41616 ], [ -97.918419, 22.416159 ], [ -97.918281, 22.41615 ], [ -97.917601, 22.416105 ], [ -97.917109, 22.416071 ], [ -97.916616, 22.416041 ], [ -97.916101, 22.415999 ], [ -97.915596, 22.415934 ], [ -97.915603, 22.415893 ], [ -97.915099, 22.415859 ], [ -97.915055, 22.416065 ], [ -97.914581, 22.415819 ], [ -97.914294, 22.415694 ], [ -97.91429, 22.415783 ], [ -97.913142, 22.415687 ] ] ] ] } },
{ "type": "Feature", "properties": { "CVEGEO": "2800300011894", "POB_TOT_20": 672.0, "POB_MASC_2": 347.0, "POB_FEM_20": 325.0, "origen": "2800300011894", "viajes_od_totales_salientes": 0.86, "viajes-total_salientes": 134.0, "viajes_od_totales_norm_salientes": 0.0039616731159019718, "viajes-total_norm_salientes": 0.10143830431491295, "AE_por_fila_salientes": 0.0074982023999239211, "SE_por_fila_salientes": 9.4900289249298696e-05, "APE_por_fila_salientes": 86.183369713635045, "destino": "2800300011894", "viajes_od_totales_entrantes": 2.48, "viajes-total_entrantes": 145.0, "viajes_od_totales_norm_entrantes": 0.011424359683066151, "viajes-total_norm_entrantes": 0.1097653292959879, "AE_por_fila_entrantes": 0.0070243549723515526, "SE_por_fila_entrantes": 8.7315057458071409e-05, "APE_por_fila_entrantes": 85.846939369271325 }, "geometry": { "type": "MultiPolygon", "coordinates": [ [ [ [ -97.911709, 22.414678 ], [ -97.911163, 22.414637 ], [ -97.910802, 22.415481 ], [ -97.91066, 22.415472 ], [ -97.910348, 22.415956 ], [ -97.910127, 22.416298 ], [ -97.909987, 22.41653 ], [ -97.909693, 22.416987 ], [ -97.909305, 22.416923 ], [ -97.908943, 22.416898 ], [ -97.908861, 22.416888 ], [ -97.908438, 22.41685 ], [ -97.908318, 22.41684 ], [ -97.907999, 22.416813 ], [ -97.907554, 22.416778 ], [ -97.907478, 22.416771 ], [ -97.90713, 22.416736 ], [ -97.906755, 22.416695 ], [ -97.906801, 22.416541 ], [ -97.906956, 22.41554 ], [ -97.906442, 22.415482 ], [ -97.906558, 22.414473 ], [ -97.906554, 22.414412 ], [ -97.906594, 22.413928 ], [ -97.906641, 22.413452 ], [ -97.906837, 22.411931 ], [ -97.90702, 22.410463 ], [ -97.906879, 22.410455 ], [ -97.907007, 22.410307 ], [ -97.907062, 22.410178 ], [ -97.907085, 22.41002 ], [ -97.907123, 22.409902 ], [ -97.907699, 22.409914 ], [ -97.908148, 22.409942 ], [ -97.908635, 22.409967 ], [ -97.909144, 22.410014 ], [ -97.909642, 22.410047 ], [ -97.910096, 22.410082 ], [ -97.910637, 22.410124 ], [ -97.91098, 22.410147 ], [ -97.91148, 22.410196 ], [ -97.911971, 22.410245 ], [ -97.912545, 22.410296 ], [ -97.911752, 22.41208 ], [ -97.911395, 22.4129 ], [ -97.911311, 22.413061 ], [ -97.911511, 22.413754 ], [ -97.911517, 22.413842 ], [ -97.911579, 22.414215 ], [ -97.911709, 22.414678 ] ] ] ] } },
{ "type": "Feature", "properties": { "CVEGEO": "2800300010788", "POB_TOT_20": 294.0, "POB_MASC_2": 145.0, "POB_FEM_20": 149.0, "origen": "2800300010788", "viajes_od_totales_salientes": 0.36, "viajes-total_salientes": 327.0, "viajes_od_totales_norm_salientes": 0.001658374792703151, "viajes-total_norm_salientes": 0.24753974261922784, "AE_por_fila_salientes": 0.012941124622448669, "SE_por_fila_salientes": 0.00030942154739747505, "APE_por_fila_salientes": 98.316243898857152, "destino": "2800300010788", "viajes_od_totales_entrantes": 2.82, "viajes-total_entrantes": 363.0, "viajes_od_totales_norm_entrantes": 0.012990602542841349, "viajes-total_norm_entrantes": 0.27479182437547311, "AE_por_fila_entrantes": 0.013557179058307028, "SE_por_fila_entrantes": 0.00035068115951433326, "APE_por_fila_entrantes": 96.989502226878813 }, "geometry": { "type": "MultiPolygon", "coordinates": [ [ [ [ -97.906641, 22.413452 ], [ -97.906251, 22.413382 ], [ -97.906035, 22.413344 ], [ -97.905766, 22.4133 ], [ -97.905681, 22.41329 ], [ -97.905307, 22.413224 ], [ -97.904791, 22.413136 ], [ -97.904305, 22.413057 ], [ -97.903783, 22.412965 ], [ -97.903286, 22.412881 ], [ -97.902169, 22.412699 ], [ -97.902361, 22.411373 ], [ -97.902588, 22.409911 ], [ -97.90366, 22.410046 ], [ -97.904189, 22.410116 ], [ -97.904704, 22.410184 ], [ -97.905154, 22.410247 ], [ -97.905212, 22.410253 ], [ -97.905707, 22.410314 ], [ -97.906213, 22.410379 ], [ -97.906691, 22.410439 ], [ -97.906879, 22.410455 ], [ -97.90702, 22.410463 ], [ -97.906837, 22.411931 ], [ -97.906641, 22.413452 ] ] ] ] } },
{ "type": "Feature", "properties": { "CVEGEO": "2800300010824", "POB_TOT_20": 1324.0, "POB_MASC_2": 635.0, "POB_FEM_20": 689.0, "origen": "2800300010824", "viajes_od_totales_salientes": 10.28, "viajes-total_salientes": 990.0, "viajes_od_totales_norm_salientes": 0.047355813524967753, "viajes-total_norm_salientes": 0.74943224829674493, "AE_por_fila_salientes": 0.013311652636197937, "SE_por_fila_salientes": 0.00052943601010117987, "APE_por_fila_salientes": 95.404230924190969, "destino": "2800300010824", "viajes_od_totales_entrantes": 31.8, "viajes-total_entrantes": 1152.0, "viajes_od_totales_norm_entrantes": 0.146489773355445, "viajes-total_norm_entrantes": 0.8720666161998486, "AE_por_fila_entrantes": 0.015048447346457675, "SE_por_fila_entrantes": 0.0010167644867838063, "APE_por_fila_entrantes": 91.772887523480264 }, "geometry": { "type": "MultiPolygon", "coordinates": [ [ [ [ -97.902588, 22.409911 ], [ -97.902984, 22.407123 ], [ -97.903301, 22.404935 ], [ -97.903379, 22.404392 ], [ -97.906428, 22.404271 ], [ -97.907742, 22.404233 ], [ -97.907999, 22.404211 ], [ -97.908534, 22.404166 ], [ -97.90912, 22.404084 ], [ -97.909726, 22.403953 ], [ -97.910317, 22.4038 ], [ -97.910475, 22.403758 ], [ -97.913766, 22.402623 ], [ -97.914024, 22.402536 ], [ -97.914212, 22.402472 ], [ -97.914265, 22.402454 ], [ -97.914217, 22.403085 ], [ -97.913983, 22.404354 ], [ -97.914669, 22.404392 ], [ -97.914492, 22.405384 ], [ -97.914468, 22.405848 ], [ -97.914307, 22.406028 ], [ -97.913918, 22.406945 ], [ -97.913865, 22.407078 ], [ -97.913784, 22.407269 ], [ -97.913527, 22.407894 ], [ -97.913185, 22.408777 ], [ -97.91317, 22.408806 ], [ -97.912885, 22.409449 ], [ -97.9128, 22.409672 ], [ -97.912685, 22.409971 ], [ -97.912545, 22.410296 ], [ -97.911971, 22.410245 ], [ -97.91148, 22.410196 ], [ -97.91098, 22.410147 ], [ -97.910637, 22.410124 ], [ -97.910096, 22.410082 ], [ -97.909642, 22.410047 ], [ -97.909144, 22.410014 ], [ -97.908635, 22.409967 ], [ -97.908148, 22.409942 ], [ -97.907699, 22.409914 ], [ -97.907123, 22.409902 ], [ -97.907085, 22.41002 ], [ -97.907062, 22.410178 ], [ -97.907007, 22.410307 ], [ -97.906879, 22.410455 ], [ -97.906691, 22.410439 ], [ -97.906213, 22.410379 ], [ -97.905707, 22.410314 ], [ -97.905212, 22.410253 ], [ -97.905154, 22.410247 ], [ -97.904704, 22.410184 ], [ -97.904189, 22.410116 ], [ -97.90366, 22.410046 ], [ -97.902588, 22.409911 ] ] ] ] } },
{ "type": "Feature", "properties": { "CVEGEO": "2800300010218", "POB_TOT_20": 1257.0, "POB_MASC_2": 614.0, "POB_FEM_20": 643.0, "origen": "2800300010218", "viajes_od_totales_salientes": 87.4, "viajes-total_salientes": 1296.0, "viajes_od_totales_norm_salientes": 0.40261654689515386, "viajes-total_norm_salientes": 0.98107494322482969, "AE_por_fila_salientes": 0.014922018076887976, "SE_por_fila_salientes": 0.00068345987192946437, "APE_por_fila_salientes": 89.678673963206137, "destino": "2800300010218", "viajes_od_totales_entrantes": 157.76, "viajes-total_entrantes": 1476.0, "viajes_od_totales_norm_entrantes": 0.72673668693569182, "viajes-total_norm_entrantes": 1.117335352006056, "AE_por_fila_entrantes": 0.018832196136829099, "SE_por_fila_entrantes": 0.00090586428574872702, "APE_por_fila_entrantes": 120.83577709057855 }, "geometry": { "type": "MultiPolygon", "coordinates": [ [ [ [ -97.939007, 22.410133 ], [ -97.939223, 22.410647 ], [ -97.939487, 22.411269 ], [ -97.939915, 22.412257 ], [ -97.940554, 22.413662 ], [ -97.940825, 22.414296 ], [ -97.941335, 22.415491 ], [ -97.941604, 22.416088 ], [ -97.941709, 22.41632 ], [ -97.941852, 22.416632 ], [ -97.942241, 22.417547 ], [ -97.942356, 22.417816 ], [ -97.942652, 22.41852 ], [ -97.942957, 22.419246 ], [ -97.943314, 22.42002 ], [ -97.943151, 22.419811 ], [ -97.942826, 22.419421 ], [ -97.942251, 22.418781 ], [ -97.941477, 22.417997 ], [ -97.941055, 22.417526 ], [ -97.939419, 22.415814 ], [ -97.936222, 22.412242 ], [ -97.935746, 22.411804 ], [ -97.9356, 22.411664 ], [ -97.93539, 22.411442 ], [ -97.934583, 22.410616 ], [ -97.934278, 22.410273 ], [ -97.932811, 22.408488 ], [ -97.931004, 22.406505 ], [ -97.930887, 22.406386 ], [ -97.931036, 22.405715 ], [ -97.931049, 22.405636 ], [ -97.931118, 22.405177 ], [ -97.931181, 22.404763 ], [ -97.931249, 22.404335 ], [ -97.931322, 22.403876 ], [ -97.931385, 22.403424 ], [ -97.931456, 22.402988 ], [ -97.931528, 22.402556 ], [ -97.931594, 22.402121 ], [ -97.931659, 22.401693 ], [ -97.931734, 22.401271 ], [ -97.93176, 22.40107 ], [ -97.931876, 22.400442 ], [ -97.931938, 22.40003 ], [ -97.932001, 22.399609 ], [ -97.932071, 22.399164 ], [ -97.932131, 22.398746 ], [ -97.932179, 22.398281 ], [ -97.932417, 22.398373 ], [ -97.932489, 22.398403 ], [ -97.932664, 22.39847 ], [ -97.932897, 22.398569 ], [ -97.933333, 22.398774 ], [ -97.935189, 22.39972 ], [ -97.935433, 22.399835 ], [ -97.936321, 22.400258 ], [ -97.936694, 22.400406 ], [ -97.937051, 22.400602 ], [ -97.937514, 22.400856 ], [ -97.93767, 22.400877 ], [ -97.937668, 22.400919 ], [ -97.937387, 22.403505 ], [ -97.937383, 22.40355 ], [ -97.937278, 22.404537 ], [ -97.937241, 22.404859 ], [ -97.937238, 22.405203 ], [ -97.937262, 22.405551 ], [ -97.937294, 22.405911 ], [ -97.937319, 22.405996 ], [ -97.937465, 22.406516 ], [ -97.93751, 22.406671 ], [ -97.937707, 22.407174 ], [ -97.937942, 22.407682 ], [ -97.938126, 22.408098 ], [ -97.93835, 22.408626 ], [ -97.938812, 22.409683 ], [ -97.939007, 22.410133 ] ] ] ] } },
{ "type": "Feature", "properties": { "CVEGEO": "2800300011930", "POB_TOT_20": 618.0, "POB_MASC_2": 309.0, "POB_FEM_20": 309.0, "origen": "2800300011930", "viajes_od_totales_salientes": 17.66, "viajes-total_salientes": 570.0, "viajes_od_totales_norm_salientes": 0.081352496775382338, "viajes-total_norm_salientes": 0.43149129447388346, "AE_por_fila_salientes": 0.012725875140398538, "SE_por_fila_salientes": 0.00038275059913299095, "APE_por_fila_salientes": 99.459300315618137, "destino": "2800300011930", "viajes_od_totales_entrantes": 16.6, "viajes-total_entrantes": 562.0, "viajes_od_totales_norm_entrantes": 0.076469504330200846, "viajes-total_norm_entrantes": 0.42543527630582889, "AE_por_fila_entrantes": 0.013102626484430559, "SE_por_fila_entrantes": 0.00038739294849610964, "APE_por_fila_entrantes": 85.500429923739219 }, "geometry": { "type": "MultiPolygon", "coordinates": [ [ [ [ -97.943314, 22.42002 ], [ -97.942957, 22.419246 ], [ -97.942652, 22.41852 ], [ -97.942356, 22.417816 ], [ -97.942241, 22.417547 ], [ -97.941852, 22.416632 ], [ -97.942056, 22.416651 ], [ -97.94231, 22.416674 ], [ -97.942779, 22.416729 ], [ -97.943239, 22.416787 ], [ -97.943701, 22.41684 ], [ -97.944145, 22.416891 ], [ -97.944616, 22.416944 ], [ -97.945103, 22.416739 ], [ -97.945213, 22.416076 ], [ -97.945226, 22.415949 ], [ -97.945371, 22.41488 ], [ -97.945645, 22.414913 ], [ -97.946026, 22.414956 ], [ -97.945983, 22.415277 ], [ -97.946066, 22.41529 ], [ -97.947092, 22.415374 ], [ -97.948131, 22.415471 ], [ -97.949254, 22.415568 ], [ -97.950356, 22.41567 ], [ -97.951423, 22.415807 ], [ -97.952404, 22.415938 ], [ -97.952755, 22.415985 ], [ -97.952734, 22.416144 ], [ -97.952698, 22.416403 ], [ -97.952637, 22.416855 ], [ -97.952577, 22.417305 ], [ -97.952517, 22.417744 ], [ -97.952263, 22.419488 ], [ -97.9519, 22.41949 ], [ -97.951417, 22.419492 ], [ -97.950356, 22.4195 ], [ -97.949322, 22.419499 ], [ -97.949243, 22.419542 ], [ -97.948164, 22.419517 ], [ -97.947119, 22.419491 ], [ -97.947056, 22.41949 ], [ -97.947018, 22.419477 ], [ -97.946891, 22.419238 ], [ -97.946167, 22.419385 ], [ -97.946117, 22.41942 ], [ -97.944937, 22.419652 ], [ -97.943525, 22.420291 ], [ -97.943314, 22.42002 ] ] ] ] } },
{ "type": "Feature", "properties": { "CVEGEO": "2800300011131", "POB_TOT_20": 3395.0, "POB_MASC_2": 1649.0, "POB_FEM_20": 1746.0, "origen": "2800300011131", "viajes_od_totales_salientes": 34.4, "viajes-total_salientes": 1561.0, "viajes_od_totales_norm_salientes": 0.15846692463607887, "viajes-total_norm_salientes": 1.181680545041635, "AE_por_fila_salientes": 0.018149141832975401, "SE_por_fila_salientes": 0.0011743602550055604, "APE_por_fila_salientes": 90.014781419058721, "destino": "2800300011131", "viajes_od_totales_entrantes": 21.76, "viajes-total_entrantes": 1647.0, "viajes_od_totales_norm_entrantes": 0.10023954302561268, "viajes-total_norm_entrantes": 1.246782740348221, "AE_por_fila_entrantes": 0.017777798808301104, "SE_por_fila_entrantes": 0.0010874036272465286, "APE_por_fila_entrantes": 91.49554461698888 }, "geometry": { "type": "MultiPolygon", "coordinates": [ [ [ [ -97.939419, 22.415814 ], [ -97.941055, 22.417526 ], [ -97.941477, 22.417997 ], [ -97.942251, 22.418781 ], [ -97.942826, 22.419421 ], [ -97.943151, 22.419811 ], [ -97.943314, 22.42002 ], [ -97.943525, 22.420291 ], [ -97.94396, 22.42092 ], [ -97.944567, 22.421843 ], [ -97.943912, 22.426149 ], [ -97.941667, 22.424995 ], [ -97.941229, 22.42477 ], [ -97.939934, 22.424102 ], [ -97.939499, 22.423879 ], [ -97.939225, 22.423736 ], [ -97.93898, 22.423703 ], [ -97.938491, 22.423638 ], [ -97.938304, 22.423611 ], [ -97.938029, 22.423578 ], [ -97.937683, 22.423522 ], [ -97.93776, 22.423093 ], [ -97.937781, 22.422979 ], [ -97.936931, 22.42253 ], [ -97.936045, 22.422406 ], [ -97.936088, 22.422098 ], [ -97.935752, 22.421928 ], [ -97.935295, 22.421678 ], [ -97.934413, 22.421245 ], [ -97.934451, 22.420913 ], [ -97.934551, 22.420241 ], [ -97.934567, 22.420137 ], [ -97.934604, 22.419851 ], [ -97.934624, 22.419717 ], [ -97.934657, 22.419472 ], [ -97.934705, 22.419107 ], [ -97.934516, 22.418705 ], [ -97.934532, 22.418538 ], [ -97.934568, 22.418226 ], [ -97.93458, 22.41816 ], [ -97.934672, 22.417587 ], [ -97.934808, 22.416657 ], [ -97.934934, 22.415735 ], [ -97.935011, 22.415159 ], [ -97.935093, 22.414611 ], [ -97.935345, 22.414608 ], [ -97.93538, 22.414442 ], [ -97.936483, 22.415059 ], [ -97.937144, 22.415439 ], [ -97.93821, 22.41597 ], [ -97.939246, 22.41638 ], [ -97.939315, 22.415924 ], [ -97.939419, 22.415814 ] ] ] ] } },
{ "type": "Feature", "properties": { "CVEGEO": "2800300010523", "POB_TOT_20": 1076.0, "POB_MASC_2": 541.0, "POB_FEM_20": 535.0, "origen": "2800300010523", "viajes_od_totales_salientes": 90.58, "viajes-total_salientes": 871.0, "viajes_od_totales_norm_salientes": 0.41726552423069835, "viajes-total_norm_salientes": 0.65934897804693415, "AE_por_fila_salientes": 0.013188908745663202, "SE_por_fila_salientes": 0.00050379612156075076, "APE_por_fila_salientes": 109.64072171835127, "destino": "2800300010523", "viajes_od_totales_entrantes": 24.3, "viajes-total_entrantes": 910.0, "viajes_od_totales_norm_entrantes": 0.11194029850746268, "viajes-total_norm_entrantes": 0.68887206661619982, "AE_por_fila_entrantes": 0.013969766663056458, "SE_por_fila_entrantes": 0.00058619305169851997, "APE_por_fila_entrantes": 86.703731120528502 }, "geometry": { "type": "MultiPolygon", "coordinates": [ [ [ [ -97.932179, 22.398281 ], [ -97.932131, 22.398746 ], [ -97.932071, 22.399164 ], [ -97.932001, 22.399609 ], [ -97.931938, 22.40003 ], [ -97.931876, 22.400442 ], [ -97.93176, 22.40107 ], [ -97.931734, 22.401271 ], [ -97.931659, 22.401693 ], [ -97.931594, 22.402121 ], [ -97.931528, 22.402556 ], [ -97.931456, 22.402988 ], [ -97.931385, 22.403424 ], [ -97.931322, 22.403876 ], [ -97.931249, 22.404335 ], [ -97.931181, 22.404763 ], [ -97.931118, 22.405177 ], [ -97.931049, 22.405636 ], [ -97.931036, 22.405715 ], [ -97.930887, 22.406386 ], [ -97.930166, 22.405588 ], [ -97.930133, 22.405553 ], [ -97.930093, 22.405514 ], [ -97.929701, 22.40509 ], [ -97.929691, 22.405077 ], [ -97.929366, 22.404724 ], [ -97.929032, 22.40436 ], [ -97.92905, 22.404168 ], [ -97.929074, 22.403923 ], [ -97.929079, 22.403877 ], [ -97.929083, 22.403835 ], [ -97.929106, 22.403603 ], [ -97.929109, 22.403566 ], [ -97.929078, 22.403515 ], [ -97.929113, 22.403117 ], [ -97.928867, 22.403076 ], [ -97.928929, 22.402654 ], [ -97.928981, 22.402237 ], [ -97.929051, 22.401803 ], [ -97.929121, 22.401385 ], [ -97.929198, 22.400956 ], [ -97.929249, 22.400536 ], [ -97.929311, 22.400093 ], [ -97.929386, 22.399681 ], [ -97.929453, 22.399278 ], [ -97.929508, 22.398896 ], [ -97.929396, 22.398765 ], [ -97.929085, 22.398443 ], [ -97.928908, 22.39827 ], [ -97.928722, 22.398068 ], [ -97.928896, 22.398033 ], [ -97.929415, 22.397931 ], [ -97.930302, 22.397909 ], [ -97.930615, 22.397924 ], [ -97.930956, 22.397966 ], [ -97.931221, 22.39801 ], [ -97.931473, 22.398066 ], [ -97.931769, 22.398144 ], [ -97.932179, 22.398281 ] ] ] ] } },
{ "type": "Feature", "properties": { "CVEGEO": "2800300011220", "POB_TOT_20": 747.0, "POB_MASC_2": 387.0, "POB_FEM_20": 360.0, "origen": "2800300011220", "viajes_od_totales_salientes": 63.38, "viajes-total_salientes": 2553.0, "viajes_od_totales_norm_salientes": 0.29196609544868252, "viajes-total_norm_salientes": 1.9326267978803937, "AE_por_fila_salientes": 0.024653416233050018, "SE_por_fila_salientes": 0.0016817015340884242, "APE_por_fila_salientes": 89.808268637739218, "destino": "2800300011220", "viajes_od_totales_entrantes": 356.7, "viajes-total_entrantes": 2587.0, "viajes_od_totales_norm_entrantes": 1.6431730237700386, "viajes-total_norm_entrantes": 1.9583648750946252, "AE_por_fila_entrantes": 0.025185741217618168, "SE_por_fila_entrantes": 0.0020223875955087938, "APE_por_fila_entrantes": 126.36959046896921 }, "geometry": { "type": "MultiPolygon", "coordinates": [ [ [ [ -97.932417, 22.398373 ], [ -97.932179, 22.398281 ], [ -97.931769, 22.398144 ], [ -97.931473, 22.398066 ], [ -97.931221, 22.39801 ], [ -97.930956, 22.397966 ], [ -97.930615, 22.397924 ], [ -97.930302, 22.397909 ], [ -97.929415, 22.397931 ], [ -97.928896, 22.398033 ], [ -97.928722, 22.398068 ], [ -97.928359, 22.397638 ], [ -97.929004, 22.397406 ], [ -97.929286, 22.397256 ], [ -97.929552, 22.397039 ], [ -97.929285, 22.397137 ], [ -97.928829, 22.396983 ], [ -97.928415, 22.396838 ], [ -97.927973, 22.396702 ], [ -97.928276, 22.395919 ], [ -97.928347, 22.395943 ], [ -97.92827, 22.39584 ], [ -97.928504, 22.395255 ], [ -97.928745, 22.394575 ], [ -97.929028, 22.393782 ], [ -97.929302, 22.393017 ], [ -97.929599, 22.392186 ], [ -97.929246, 22.391965 ], [ -97.929319, 22.39171 ], [ -97.92954, 22.391812 ], [ -97.929831, 22.392015 ], [ -97.930257, 22.391749 ], [ -97.930348, 22.391707 ], [ -97.930438, 22.391675 ], [ -97.930534, 22.391651 ], [ -97.930649, 22.391633 ], [ -97.930277, 22.390529 ], [ -97.930693, 22.390686 ], [ -97.930819, 22.391214 ], [ -97.931463, 22.391285 ], [ -97.931565, 22.391242 ], [ -97.931662, 22.391246 ], [ -97.931767, 22.391318 ], [ -97.931806, 22.391386 ], [ -97.932188, 22.39145 ], [ -97.932516, 22.391514 ], [ -97.932684, 22.391487 ], [ -97.932892, 22.391423 ], [ -97.933089, 22.391327 ], [ -97.933164, 22.391347 ], [ -97.933216, 22.3913 ], [ -97.933226, 22.391291 ], [ -97.933201, 22.391183 ], [ -97.933197, 22.391169 ], [ -97.93336, 22.389631 ], [ -97.933394, 22.38936 ], [ -97.933527, 22.389243 ], [ -97.933777, 22.3891 ], [ -97.934556, 22.38876 ], [ -97.935124, 22.388576 ], [ -97.935342, 22.388618 ], [ -97.935491, 22.388574 ], [ -97.935484, 22.388778 ], [ -97.935447, 22.389178 ], [ -97.93544, 22.389275 ], [ -97.935323, 22.390008 ], [ -97.935013, 22.391574 ], [ -97.934139, 22.391451 ], [ -97.933948, 22.392314 ], [ -97.933693, 22.39348 ], [ -97.932939, 22.393342 ], [ -97.932748, 22.394432 ], [ -97.932443, 22.394369 ], [ -97.93223, 22.394341 ], [ -97.932812, 22.394867 ], [ -97.933033, 22.395055 ], [ -97.933303, 22.395216 ], [ -97.933087, 22.396227 ], [ -97.932983, 22.396206 ], [ -97.933249, 22.39654 ], [ -97.932417, 22.398373 ] ] ] ] } },
{ "type": "Feature", "properties": { "CVEGEO": "2800300010716", "POB_TOT_20": 1050.0, "POB_MASC_2": 504.0, "POB_FEM_20": 546.0, "origen": "2800300010716", "viajes_od_totales_salientes": 21.02, "viajes-total_salientes": 928.0, "viajes_od_totales_norm_salientes": 0.096830661507278426, "viajes-total_norm_salientes": 0.70249810749432251, "AE_por_fila_salientes": 0.021630980213823002, "SE_por_fila_salientes": 0.0036874458246824713, "APE_por_fila_salientes": 81.278971720671038, "destino": "2800300010716", "viajes_od_totales_entrantes": 10.76, "viajes-total_entrantes": 937.0, "viajes_od_totales_norm_entrantes": 0.049566979915238618, "viajes-total_norm_entrantes": 0.7093111279333838, "AE_por_fila_entrantes": 0.026389765920725807, "SE_por_fila_entrantes": 0.005344543732804131, "APE_por_fila_entrantes": 82.329459581586235 }, "geometry": { "type": "MultiPolygon", "coordinates": [ [ [ [ -97.943525, 22.420291 ], [ -97.944937, 22.419652 ], [ -97.946117, 22.41942 ], [ -97.946167, 22.419385 ], [ -97.946891, 22.419238 ], [ -97.947018, 22.419477 ], [ -97.947056, 22.41949 ], [ -97.947119, 22.419491 ], [ -97.948164, 22.419517 ], [ -97.949243, 22.419542 ], [ -97.949322, 22.419499 ], [ -97.950356, 22.4195 ], [ -97.951417, 22.419492 ], [ -97.9519, 22.41949 ], [ -97.952263, 22.419488 ], [ -97.95223, 22.419695 ], [ -97.952189, 22.419952 ], [ -97.95211, 22.420448 ], [ -97.952037, 22.420903 ], [ -97.951967, 22.421364 ], [ -97.951856, 22.422007 ], [ -97.951749, 22.422579 ], [ -97.951635, 22.423191 ], [ -97.951285, 22.425667 ], [ -97.951269, 22.425782 ], [ -97.951252, 22.425897 ], [ -97.951011, 22.427597 ], [ -97.950997, 22.427626 ], [ -97.948042, 22.425481 ], [ -97.94749, 22.425044 ], [ -97.947151, 22.424773 ], [ -97.946288, 22.423947 ], [ -97.945616, 22.423212 ], [ -97.944663, 22.421979 ], [ -97.944645, 22.421955 ], [ -97.944567, 22.421843 ], [ -97.94396, 22.42092 ], [ -97.943525, 22.420291 ] ] ] ] } },
{ "type": "Feature", "properties": { "CVEGEO": "2800300011184", "POB_TOT_20": 185.0, "POB_MASC_2": 93.0, "POB_FEM_20": 92.0, "origen": "2800300011184", "viajes_od_totales_salientes": 0.04, "viajes-total_salientes": 125.0, "viajes_od_totales_norm_salientes": 0.00018426386585590566, "viajes-total_norm_salientes": 0.094625283875851632, "AE_por_fila_salientes": 0.013491574287142247, "SE_por_fila_salientes": 0.00030838383168030201, "APE_por_fila_salientes": 99.734371206869824, "destino": "2800300011184", "viajes_od_totales_entrantes": 1.54, "viajes-total_entrantes": 191.0, "viajes_od_totales_norm_entrantes": 0.0070941588354523676, "viajes-total_norm_entrantes": 0.14458743376230129, "AE_por_fila_entrantes": 0.013749327492684893, "SE_por_fila_entrantes": 0.00043354173830849709, "APE_por_fila_entrantes": 93.813263927277191 }, "geometry": { "type": "MultiPolygon", "coordinates": [ [ [ [ -97.943912, 22.426149 ], [ -97.944567, 22.421843 ], [ -97.944645, 22.421955 ], [ -97.944663, 22.421979 ], [ -97.945616, 22.423212 ], [ -97.946288, 22.423947 ], [ -97.947151, 22.424773 ], [ -97.94749, 22.425044 ], [ -97.948042, 22.425481 ], [ -97.950997, 22.427626 ], [ -97.950987, 22.427647 ], [ -97.949992, 22.429726 ], [ -97.94844, 22.43218 ], [ -97.948304, 22.432395 ], [ -97.948279, 22.432381 ], [ -97.947758, 22.432069 ], [ -97.943602, 22.42958 ], [ -97.94355, 22.429549 ], [ -97.943511, 22.429525 ], [ -97.94329, 22.431546 ], [ -97.943184, 22.431533 ], [ -97.940203, 22.431154 ], [ -97.940028, 22.431131 ], [ -97.940027, 22.431131 ], [ -97.940102, 22.431217 ], [ -97.939999, 22.431204 ], [ -97.938443, 22.431013 ], [ -97.938435, 22.431011 ], [ -97.938383, 22.431005 ], [ -97.937819, 22.430935 ], [ -97.937514, 22.430898 ], [ -97.93749, 22.430895 ], [ -97.937489, 22.43073 ], [ -97.937488, 22.430597 ], [ -97.937488, 22.430553 ], [ -97.937435, 22.430528 ], [ -97.937158, 22.430392 ], [ -97.937098, 22.430362 ], [ -97.937078, 22.430353 ], [ -97.937025, 22.430341 ], [ -97.936417, 22.430214 ], [ -97.936082, 22.430144 ], [ -97.936071, 22.430142 ], [ -97.936087, 22.430008 ], [ -97.936162, 22.429416 ], [ -97.936179, 22.429287 ], [ -97.936196, 22.42927 ], [ -97.936272, 22.428631 ], [ -97.936282, 22.428588 ], [ -97.936217, 22.428554 ], [ -97.936316, 22.427957 ], [ -97.936424, 22.42731 ], [ -97.936594, 22.425966 ], [ -97.93708, 22.426224 ], [ -97.93739, 22.426397 ], [ -97.937544, 22.426478 ], [ -97.938261, 22.426856 ], [ -97.938676, 22.427058 ], [ -97.939118, 22.427265 ], [ -97.93955, 22.427465 ], [ -97.939967, 22.427659 ], [ -97.940423, 22.427867 ], [ -97.941304, 22.428271 ], [ -97.942259, 22.428703 ], [ -97.943534, 22.429276 ], [ -97.943676, 22.427516 ], [ -97.943854, 22.426575 ], [ -97.943912, 22.426149 ] ] ] ] } },
{ "type": "Feature", "properties": { "CVEGEO": "2800300010839", "POB_TOT_20": 831.0, "POB_MASC_2": 422.0, "POB_FEM_20": 409.0, "origen": "2800300010839", "viajes_od_totales_salientes": 41.0, "viajes-total_salientes": 450.0, "viajes_od_totales_norm_salientes": 0.1888704625023033, "viajes-total_norm_salientes": 0.34065102195306585, "AE_por_fila_salientes": 0.014744214171698947, "SE_por_fila_salientes": 0.00053269050714429232, "APE_por_fila_salientes": 114.97890374644686, "destino": "2800300010839", "viajes_od_totales_entrantes": 47.3, "viajes-total_entrantes": 572.0, "viajes_od_totales_norm_entrantes": 0.21789202137460845, "viajes-total_norm_entrantes": 0.43300529901589702, "AE_por_fila_entrantes": 0.015044014792998866, "SE_por_fila_entrantes": 0.00071793039914676304, "APE_por_fila_entrantes": 102.16107821222587 }, "geometry": { "type": "MultiPolygon", "coordinates": [ [ [ [ -97.929032, 22.40436 ], [ -97.929366, 22.404724 ], [ -97.929691, 22.405077 ], [ -97.92907, 22.405404 ], [ -97.928478, 22.40565 ], [ -97.928464, 22.405789 ], [ -97.928394, 22.406212 ], [ -97.928278, 22.406381 ], [ -97.928147, 22.406514 ], [ -97.927653, 22.406586 ], [ -97.926895, 22.40648 ], [ -97.926156, 22.406381 ], [ -97.926048, 22.406398 ], [ -97.925569, 22.406395 ], [ -97.925391, 22.406374 ], [ -97.925077, 22.406331 ], [ -97.924601, 22.406277 ], [ -97.924101, 22.406217 ], [ -97.923613, 22.406163 ], [ -97.923127, 22.406117 ], [ -97.92312, 22.406116 ], [ -97.922644, 22.406061 ], [ -97.922165, 22.405998 ], [ -97.921658, 22.405943 ], [ -97.921085, 22.405875 ], [ -97.92119, 22.405331 ], [ -97.921235, 22.405092 ], [ -97.921336, 22.404473 ], [ -97.921376, 22.404252 ], [ -97.921475, 22.403567 ], [ -97.921503, 22.40342 ], [ -97.921991, 22.403471 ], [ -97.92209, 22.402628 ], [ -97.922108, 22.402494 ], [ -97.922211, 22.401786 ], [ -97.922709, 22.401842 ], [ -97.922779, 22.40138 ], [ -97.922847, 22.400878 ], [ -97.922926, 22.400041 ], [ -97.925028, 22.399297 ], [ -97.925161, 22.39925 ], [ -97.925974, 22.400408 ], [ -97.926293, 22.400864 ], [ -97.927007, 22.401805 ], [ -97.927402, 22.40235 ], [ -97.927457, 22.402426 ], [ -97.928368, 22.403617 ], [ -97.929032, 22.40436 ] ] ] ] } },
{ "type": "Feature", "properties": { "CVEGEO": "2800300010542", "POB_TOT_20": 1843.0, "POB_MASC_2": 897.0, "POB_FEM_20": 946.0, "origen": "2800300010542", "viajes_od_totales_salientes": 105.78, "viajes-total_salientes": 1375.0, "viajes_od_totales_norm_salientes": 0.48728579325594251, "viajes-total_norm_salientes": 1.040878122634368, "AE_por_fila_salientes": 0.020135968902158609, "SE_por_fila_salientes": 0.0010848848227330533, "APE_por_fila_salientes": 116.08563390062324, "destino": "2800300010542", "viajes_od_totales_entrantes": 31.6, "viajes-total_entrantes": 1474.0, "viajes_od_totales_norm_entrantes": 0.14556845402616547, "viajes-total_norm_entrantes": 1.1158213474640424, "AE_por_fila_entrantes": 0.013433794142288008, "SE_por_fila_entrantes": 0.00049001956496320747, "APE_por_fila_entrantes": 88.309774132049014 }, "geometry": { "type": "MultiPolygon", "coordinates": [ [ [ [ -97.928722, 22.398068 ], [ -97.928908, 22.39827 ], [ -97.929085, 22.398443 ], [ -97.929396, 22.398765 ], [ -97.929508, 22.398896 ], [ -97.929453, 22.399278 ], [ -97.929386, 22.399681 ], [ -97.929311, 22.400093 ], [ -97.929249, 22.400536 ], [ -97.929198, 22.400956 ], [ -97.929121, 22.401385 ], [ -97.929051, 22.401803 ], [ -97.928981, 22.402237 ], [ -97.928929, 22.402654 ], [ -97.928867, 22.403076 ], [ -97.929113, 22.403117 ], [ -97.929078, 22.403515 ], [ -97.929109, 22.403566 ], [ -97.929106, 22.403603 ], [ -97.929083, 22.403835 ], [ -97.929079, 22.403877 ], [ -97.929074, 22.403923 ], [ -97.92905, 22.404168 ], [ -97.929032, 22.40436 ], [ -97.928368, 22.403617 ], [ -97.927457, 22.402426 ], [ -97.927402, 22.40235 ], [ -97.927007, 22.401805 ], [ -97.926293, 22.400864 ], [ -97.925974, 22.400408 ], [ -97.925161, 22.39925 ], [ -97.925028, 22.399297 ], [ -97.922926, 22.400041 ], [ -97.922085, 22.400343 ], [ -97.921088, 22.400679 ], [ -97.920391, 22.400325 ], [ -97.920806, 22.400062 ], [ -97.921243, 22.399722 ], [ -97.921486, 22.399523 ], [ -97.921662, 22.399368 ], [ -97.921815, 22.399214 ], [ -97.92208, 22.398943 ], [ -97.922169, 22.398847 ], [ -97.922327, 22.398685 ], [ -97.92267, 22.398296 ], [ -97.923132, 22.39779 ], [ -97.923224, 22.397672 ], [ -97.923279, 22.397553 ], [ -97.923308, 22.397428 ], [ -97.923319, 22.397304 ], [ -97.92332, 22.397195 ], [ -97.923296, 22.39654 ], [ -97.921183, 22.393594 ], [ -97.921077, 22.393366 ], [ -97.921037, 22.393083 ], [ -97.921052, 22.392691 ], [ -97.921181, 22.392254 ], [ -97.921356, 22.391841 ], [ -97.921584, 22.391392 ], [ -97.921677, 22.391124 ], [ -97.921777, 22.390825 ], [ -97.921866, 22.390524 ], [ -97.921758, 22.39045 ], [ -97.921561, 22.390283 ], [ -97.921402, 22.390115 ], [ -97.921269, 22.389966 ], [ -97.921168, 22.389817 ], [ -97.921067, 22.389685 ], [ -97.920979, 22.389495 ], [ -97.920702, 22.388923 ], [ -97.920677, 22.388765 ], [ -97.92058, 22.388537 ], [ -97.920439, 22.388293 ], [ -97.920018, 22.387911 ], [ -97.918558, 22.386649 ], [ -97.919563, 22.387116 ], [ -97.92013, 22.387346 ], [ -97.920577, 22.387503 ], [ -97.920818, 22.387588 ], [ -97.92104, 22.387728 ], [ -97.921406, 22.38819 ], [ -97.921606, 22.388525 ], [ -97.921695, 22.388344 ], [ -97.921815, 22.388514 ], [ -97.921871, 22.388625 ], [ -97.921976, 22.388838 ], [ -97.922045, 22.388989 ], [ -97.922115, 22.389121 ], [ -97.922175, 22.389281 ], [ -97.92224, 22.389404 ], [ -97.922335, 22.389542 ], [ -97.922435, 22.389702 ], [ -97.922536, 22.389821 ], [ -97.922621, 22.389925 ], [ -97.922731, 22.390039 ], [ -97.922872, 22.390138 ], [ -97.923039, 22.390238 ], [ -97.923185, 22.390315 ], [ -97.923362, 22.390377 ], [ -97.923554, 22.39043 ], [ -97.923806, 22.39048 ], [ -97.925072, 22.390736 ], [ -97.924567, 22.390754 ], [ -97.92433, 22.390776 ], [ -97.923988, 22.390854 ], [ -97.923926, 22.391309 ], [ -97.923888, 22.391402 ], [ -97.923741, 22.39176 ], [ -97.923375, 22.392644 ], [ -97.923564, 22.392844 ], [ -97.923669, 22.392954 ], [ -97.923842, 22.393131 ], [ -97.923955, 22.393285 ], [ -97.924028, 22.393358 ], [ -97.924192, 22.393522 ], [ -97.924225, 22.393553 ], [ -97.924474, 22.393803 ], [ -97.924751, 22.394105 ], [ -97.925027, 22.394381 ], [ -97.92531, 22.394643 ], [ -97.925606, 22.394914 ], [ -97.926046, 22.395377 ], [ -97.926429, 22.395768 ], [ -97.926801, 22.396121 ], [ -97.926992, 22.396342 ], [ -97.927114, 22.396465 ], [ -97.927468, 22.396798 ], [ -97.927554, 22.396559 ], [ -97.927973, 22.396702 ], [ -97.928415, 22.396838 ], [ -97.928829, 22.396983 ], [ -97.929285, 22.397137 ], [ -97.929552, 22.397039 ], [ -97.929286, 22.397256 ], [ -97.929004, 22.397406 ], [ -97.928359, 22.397638 ], [ -97.928722, 22.398068 ] ] ] ] } },
{ "type": "Feature", "properties": { "CVEGEO": "2800300011235", "POB_TOT_20": 2268.0, "POB_MASC_2": 1075.0, "POB_FEM_20": 1193.0, "origen": "2800300011235", "viajes_od_totales_salientes": 114.5, "viajes-total_salientes": 1357.0, "viajes_od_totales_norm_salientes": 0.52745531601252993, "viajes-total_norm_salientes": 1.0272520817562452, "AE_por_fila_salientes": 0.013991007925338918, "SE_por_fila_salientes": 0.00061339488811259536, "APE_por_fila_salientes": 84.062631219166207, "destino": "2800300011235", "viajes_od_totales_entrantes": 51.88, "viajes-total_entrantes": 1727.0, "viajes_od_totales_norm_entrantes": 0.23899023401510963, "viajes-total_norm_entrantes": 1.307342922028766, "AE_por_fila_entrantes": 0.017884273581981528, "SE_por_fila_entrantes": 0.0011195234811856509, "APE_por_fila_entrantes": 92.759982787642443 }, "geometry": { "type": "MultiPolygon", "coordinates": [ [ [ [ -97.930277, 22.390529 ], [ -97.930649, 22.391633 ], [ -97.930534, 22.391651 ], [ -97.930438, 22.391675 ], [ -97.930348, 22.391707 ], [ -97.930257, 22.391749 ], [ -97.929831, 22.392015 ], [ -97.92954, 22.391812 ], [ -97.929319, 22.39171 ], [ -97.929246, 22.391965 ], [ -97.929599, 22.392186 ], [ -97.929302, 22.393017 ], [ -97.929028, 22.393782 ], [ -97.928745, 22.394575 ], [ -97.928504, 22.395255 ], [ -97.92827, 22.39584 ], [ -97.928347, 22.395943 ], [ -97.928276, 22.395919 ], [ -97.927973, 22.396702 ], [ -97.927554, 22.396559 ], [ -97.927468, 22.396798 ], [ -97.927114, 22.396465 ], [ -97.926992, 22.396342 ], [ -97.926801, 22.396121 ], [ -97.926429, 22.395768 ], [ -97.926046, 22.395377 ], [ -97.925606, 22.394914 ], [ -97.92531, 22.394643 ], [ -97.925027, 22.394381 ], [ -97.924751, 22.394105 ], [ -97.924474, 22.393803 ], [ -97.924225, 22.393553 ], [ -97.924192, 22.393522 ], [ -97.924028, 22.393358 ], [ -97.923955, 22.393285 ], [ -97.923842, 22.393131 ], [ -97.923669, 22.392954 ], [ -97.923564, 22.392844 ], [ -97.923375, 22.392644 ], [ -97.923741, 22.39176 ], [ -97.923888, 22.391402 ], [ -97.923926, 22.391309 ], [ -97.923988, 22.390854 ], [ -97.92433, 22.390776 ], [ -97.924567, 22.390754 ], [ -97.925072, 22.390736 ], [ -97.927327, 22.391192 ], [ -97.927614, 22.391245 ], [ -97.92815, 22.391344 ], [ -97.928381, 22.391408 ], [ -97.928688, 22.391493 ], [ -97.929014, 22.391592 ], [ -97.92916, 22.391442 ], [ -97.929178, 22.390934 ], [ -97.929358, 22.390201 ], [ -97.930277, 22.390529 ] ] ] ] } },
{ "type": "Feature", "properties": { "CVEGEO": "2800300010519", "POB_TOT_20": 662.0, "POB_MASC_2": 329.0, "POB_FEM_20": 333.0, "origen": "2800300010519", "viajes_od_totales_salientes": 40.06, "viajes-total_salientes": 443.0, "viajes_od_totales_norm_salientes": 0.18454026165468951, "viajes-total_norm_salientes": 0.33535200605601817, "AE_por_fila_salientes": 0.011187500731642248, "SE_por_fila_salientes": 0.00029656587993078231, "APE_por_fila_salientes": 84.344765806411814, "destino": "2800300010519", "viajes_od_totales_entrantes": 53.86, "viajes-total_entrantes": 574.0, "viajes_od_totales_norm_entrantes": 0.24811129537497695, "viajes-total_norm_entrantes": 0.43451930355791069, "AE_por_fila_entrantes": 0.011593168696149722, "SE_por_fila_entrantes": 0.00030364159165752831, "APE_por_fila_entrantes": 96.341498902863606 }, "geometry": { "type": "MultiPolygon", "coordinates": [ [ [ [ -97.931668, 22.412406 ], [ -97.931487, 22.412313 ], [ -97.931263, 22.412243 ], [ -97.93084, 22.41201 ], [ -97.930239, 22.411668 ], [ -97.930145, 22.41161 ], [ -97.928693, 22.41081 ], [ -97.928007, 22.410476 ], [ -97.927669, 22.410368 ], [ -97.926419, 22.4122 ], [ -97.925825, 22.412845 ], [ -97.925249, 22.412499 ], [ -97.925493, 22.410932 ], [ -97.925586, 22.410125 ], [ -97.925628, 22.409805 ], [ -97.925709, 22.409261 ], [ -97.925751, 22.408968 ], [ -97.92581, 22.408217 ], [ -97.925938, 22.407267 ], [ -97.926048, 22.406398 ], [ -97.926156, 22.406381 ], [ -97.926895, 22.40648 ], [ -97.927653, 22.406586 ], [ -97.928147, 22.406514 ], [ -97.928278, 22.406381 ], [ -97.928394, 22.406212 ], [ -97.928464, 22.405789 ], [ -97.928478, 22.40565 ], [ -97.92907, 22.405404 ], [ -97.929691, 22.405077 ], [ -97.929701, 22.40509 ], [ -97.930093, 22.405514 ], [ -97.930133, 22.405553 ], [ -97.930166, 22.405588 ], [ -97.930887, 22.406386 ], [ -97.931004, 22.406505 ], [ -97.932811, 22.408488 ], [ -97.934278, 22.410273 ], [ -97.934583, 22.410616 ], [ -97.93539, 22.411442 ], [ -97.9356, 22.411664 ], [ -97.935746, 22.411804 ], [ -97.936222, 22.412242 ], [ -97.939419, 22.415814 ], [ -97.939315, 22.415924 ], [ -97.939246, 22.41638 ], [ -97.93821, 22.41597 ], [ -97.937144, 22.415439 ], [ -97.936483, 22.415059 ], [ -97.93538, 22.414442 ], [ -97.935345, 22.414608 ], [ -97.935093, 22.414611 ], [ -97.933847, 22.414487 ], [ -97.933623, 22.41447 ], [ -97.933731, 22.413546 ], [ -97.933175, 22.41323 ], [ -97.933057, 22.413162 ], [ -97.932832, 22.41305 ], [ -97.931668, 22.412406 ] ] ] ] } },
{ "type": "Feature", "properties": { "CVEGEO": "2800300011860", "POB_TOT_20": 637.0, "POB_MASC_2": 308.0, "POB_FEM_20": 329.0, "origen": "2800300011860", "viajes_od_totales_salientes": 4.54, "viajes-total_salientes": 240.0, "viajes_od_totales_norm_salientes": 0.020913948774645291, "viajes-total_norm_salientes": 0.18168054504163514, "AE_por_fila_salientes": 0.0084613998035257803, "SE_por_fila_salientes": 0.0001380166418126122, "APE_por_fila_salientes": 87.891472289365865, "destino": "2800300011860", "viajes_od_totales_entrantes": 3.64, "viajes-total_entrantes": 200.0, "viajes_od_totales_norm_entrantes": 0.016768011792887415, "viajes-total_norm_entrantes": 0.15140045420136261, "AE_por_fila_entrantes": 0.0075019524855884324, "SE_por_fila_entrantes": 0.00011394840899689882, "APE_por_fila_entrantes": 91.415358284195875 }, "geometry": { "type": "MultiPolygon", "coordinates": [ [ [ [ -97.922926, 22.400041 ], [ -97.922847, 22.400878 ], [ -97.922779, 22.40138 ], [ -97.922709, 22.401842 ], [ -97.922211, 22.401786 ], [ -97.922108, 22.402494 ], [ -97.92209, 22.402628 ], [ -97.921991, 22.403471 ], [ -97.921503, 22.40342 ], [ -97.921475, 22.403567 ], [ -97.921376, 22.404252 ], [ -97.921336, 22.404473 ], [ -97.921235, 22.405092 ], [ -97.92119, 22.405331 ], [ -97.921085, 22.405875 ], [ -97.920615, 22.405823 ], [ -97.920526, 22.405814 ], [ -97.920246, 22.40579 ], [ -97.920289, 22.405833 ], [ -97.920155, 22.405823 ], [ -97.919698, 22.4058 ], [ -97.919654, 22.405796 ], [ -97.919199, 22.405762 ], [ -97.918676, 22.405727 ], [ -97.918184, 22.405678 ], [ -97.917691, 22.405626 ], [ -97.917166, 22.405588 ], [ -97.916674, 22.40555 ], [ -97.916314, 22.405523 ], [ -97.916149, 22.405515 ], [ -97.916018, 22.405504 ], [ -97.91564, 22.405476 ], [ -97.915521, 22.405463 ], [ -97.915153, 22.405431 ], [ -97.915018, 22.405419 ], [ -97.914492, 22.405384 ], [ -97.914669, 22.404392 ], [ -97.913983, 22.404354 ], [ -97.914217, 22.403085 ], [ -97.91544, 22.402662 ], [ -97.915954, 22.402499 ], [ -97.916518, 22.402304 ], [ -97.916819, 22.402202 ], [ -97.919479, 22.401258 ], [ -97.919874, 22.401119 ], [ -97.920965, 22.400724 ], [ -97.921088, 22.400679 ], [ -97.922085, 22.400343 ], [ -97.922926, 22.400041 ] ] ] ] } },
{ "type": "Feature", "properties": { "CVEGEO": "2800300010491", "POB_TOT_20": 1855.0, "POB_MASC_2": 931.0, "POB_FEM_20": 924.0, "origen": "2800300010491", "viajes_od_totales_salientes": 99.66, "viajes-total_salientes": 540.0, "viajes_od_totales_norm_salientes": 0.45909342177998891, "viajes-total_norm_salientes": 0.40878122634367903, "AE_por_fila_salientes": 0.013271442783279888, "SE_por_fila_salientes": 0.00072197578885339908, "APE_por_fila_salientes": 153.14703827665329, "destino": "2800300010491", "viajes_od_totales_entrantes": 62.36, "viajes-total_entrantes": 466.0, "viajes_od_totales_norm_entrantes": 0.28726736686935689, "viajes-total_norm_entrantes": 0.35276305828917487, "AE_por_fila_entrantes": 0.009470079769604102, "SE_por_fila_entrantes": 0.00026531778091735714, "APE_por_fila_entrantes": 128.85453227632399 }, "geometry": { "type": "MultiPolygon", "coordinates": [ [ [ [ -97.930033, 22.418483 ], [ -97.930522, 22.418524 ], [ -97.930982, 22.418561 ], [ -97.931113, 22.418567 ], [ -97.931479, 22.418599 ], [ -97.931543, 22.418088 ], [ -97.9317, 22.4177 ], [ -97.931705, 22.416823 ], [ -97.931707, 22.416448 ], [ -97.931703, 22.416042 ], [ -97.93169, 22.415608 ], [ -97.931674, 22.415066 ], [ -97.931663, 22.414076 ], [ -97.931677, 22.4131 ], [ -97.931668, 22.412406 ], [ -97.932832, 22.41305 ], [ -97.933057, 22.413162 ], [ -97.933175, 22.41323 ], [ -97.933731, 22.413546 ], [ -97.933623, 22.41447 ], [ -97.933847, 22.414487 ], [ -97.935093, 22.414611 ], [ -97.935011, 22.415159 ], [ -97.934934, 22.415735 ], [ -97.934808, 22.416657 ], [ -97.934672, 22.417587 ], [ -97.93458, 22.41816 ], [ -97.934568, 22.418226 ], [ -97.934532, 22.418538 ], [ -97.934516, 22.418705 ], [ -97.934705, 22.419107 ], [ -97.934657, 22.419472 ], [ -97.934624, 22.419717 ], [ -97.934604, 22.419851 ], [ -97.934567, 22.420137 ], [ -97.934551, 22.420241 ], [ -97.934451, 22.420913 ], [ -97.934413, 22.421245 ], [ -97.934162, 22.421123 ], [ -97.933581, 22.420776 ], [ -97.932638, 22.42027 ], [ -97.932617, 22.420459 ], [ -97.93217, 22.420418 ], [ -97.931698, 22.420378 ], [ -97.931221, 22.420349 ], [ -97.930742, 22.420302 ], [ -97.930261, 22.420239 ], [ -97.92978, 22.420195 ], [ -97.929923, 22.419343 ], [ -97.930033, 22.418483 ] ] ] ] } },
{ "type": "Feature", "properties": { "CVEGEO": "280030001074A", "POB_TOT_20": 908.0, "POB_MASC_2": 459.0, "POB_FEM_20": 449.0, "origen": "280030001074A", "viajes_od_totales_salientes": 1.14, "viajes-total_salientes": 340.0, "viajes_od_totales_norm_salientes": 0.0052515201768933107, "viajes-total_norm_salientes": 0.25738077214231642, "AE_por_fila_salientes": 0.0096972789217470434, "SE_por_fila_salientes": 0.00017252751346295595, "APE_por_fila_salientes": 97.333946976249209, "destino": null, "viajes_od_totales_entrantes": null, "viajes-total_entrantes": null, "viajes_od_totales_norm_entrantes": null, "viajes-total_norm_entrantes": null, "AE_por_fila_entrantes": null, "SE_por_fila_entrantes": null, "APE_por_fila_entrantes": null }, "geometry": { "type": "MultiPolygon", "coordinates": [ [ [ [ -97.933892, 22.424777 ], [ -97.933922, 22.424574 ], [ -97.934022, 22.423845 ], [ -97.934142, 22.423019 ], [ -97.934208, 22.422588 ], [ -97.934212, 22.422562 ], [ -97.934274, 22.422157 ], [ -97.934332, 22.421716 ], [ -97.934368, 22.421522 ], [ -97.934413, 22.421245 ], [ -97.935295, 22.421678 ], [ -97.935752, 22.421928 ], [ -97.936088, 22.422098 ], [ -97.936045, 22.422406 ], [ -97.936931, 22.42253 ], [ -97.937781, 22.422979 ], [ -97.93776, 22.423093 ], [ -97.937683, 22.423522 ], [ -97.938029, 22.423578 ], [ -97.938304, 22.423611 ], [ -97.938491, 22.423638 ], [ -97.93898, 22.423703 ], [ -97.939225, 22.423736 ], [ -97.939499, 22.423879 ], [ -97.939934, 22.424102 ], [ -97.941229, 22.42477 ], [ -97.941667, 22.424995 ], [ -97.943912, 22.426149 ], [ -97.943854, 22.426575 ], [ -97.943676, 22.427516 ], [ -97.943534, 22.429276 ], [ -97.942259, 22.428703 ], [ -97.941304, 22.428271 ], [ -97.940423, 22.427867 ], [ -97.939967, 22.427659 ], [ -97.93955, 22.427465 ], [ -97.939118, 22.427265 ], [ -97.938676, 22.427058 ], [ -97.938261, 22.426856 ], [ -97.937544, 22.426478 ], [ -97.93739, 22.426397 ], [ -97.93708, 22.426224 ], [ -97.936594, 22.425966 ], [ -97.936207, 22.425767 ], [ -97.935755, 22.425532 ], [ -97.935306, 22.425294 ], [ -97.934841, 22.425042 ], [ -97.934774, 22.425011 ], [ -97.934384, 22.424803 ], [ -97.934378, 22.424844 ], [ -97.933892, 22.424777 ] ] ] ] } },
{ "type": "Feature", "properties": { "CVEGEO": "2800300010720", "POB_TOT_20": 514.0, "POB_MASC_2": 253.0, "POB_FEM_20": 261.0, "origen": "2800300010720", "viajes_od_totales_salientes": 0.7, "viajes-total_salientes": 200.0, "viajes_od_totales_norm_salientes": 0.0032246176524783491, "viajes-total_norm_salientes": 0.15140045420136261, "AE_por_fila_salientes": 0.0092609897843052656, "SE_por_fila_salientes": 0.00016006423744873799, "APE_por_fila_salientes": 95.960348385721517, "destino": "2800300010720", "viajes_od_totales_entrantes": 2.92, "viajes-total_entrantes": 224.0, "viajes_od_totales_norm_entrantes": 0.013451262207481112, "viajes-total_norm_entrantes": 0.16956850870552612, "AE_por_fila_entrantes": 0.010407816433203, "SE_por_fila_entrantes": 0.00019018651291784289, "APE_por_fila_entrantes": 86.941799248153956 }, "geometry": { "type": "MultiPolygon", "coordinates": [ [ [ [ -97.933529, 22.427161 ], [ -97.933621, 22.426565 ], [ -97.93372, 22.425907 ], [ -97.933892, 22.424777 ], [ -97.934378, 22.424844 ], [ -97.934384, 22.424803 ], [ -97.934774, 22.425011 ], [ -97.934841, 22.425042 ], [ -97.935306, 22.425294 ], [ -97.935755, 22.425532 ], [ -97.936207, 22.425767 ], [ -97.936594, 22.425966 ], [ -97.936424, 22.42731 ], [ -97.936316, 22.427957 ], [ -97.936217, 22.428554 ], [ -97.936282, 22.428588 ], [ -97.936272, 22.428631 ], [ -97.936196, 22.42927 ], [ -97.936179, 22.429287 ], [ -97.936169, 22.429285 ], [ -97.93608, 22.429265 ], [ -97.935832, 22.42921 ], [ -97.935742, 22.429191 ], [ -97.93574, 22.42919 ], [ -97.93575, 22.429059 ], [ -97.935766, 22.428862 ], [ -97.935776, 22.428733 ], [ -97.935778, 22.42871 ], [ -97.935436, 22.428656 ], [ -97.935251, 22.428627 ], [ -97.935239, 22.428625 ], [ -97.935095, 22.428858 ], [ -97.935077, 22.42885 ], [ -97.934303, 22.428473 ], [ -97.93428, 22.428462 ], [ -97.934218, 22.428452 ], [ -97.933816, 22.428389 ], [ -97.933793, 22.428386 ], [ -97.933729, 22.428376 ], [ -97.933717, 22.428374 ], [ -97.933383, 22.428324 ], [ -97.933365, 22.428321 ], [ -97.933387, 22.428168 ], [ -97.933436, 22.427822 ], [ -97.933529, 22.427161 ] ] ] ] } },
{ "type": "Feature", "properties": { "CVEGEO": "2800300011998", "POB_TOT_20": 87.0, "POB_MASC_2": 44.0, "POB_FEM_20": 43.0, "origen": "2800300011998", "viajes_od_totales_salientes": 0.0, "viajes-total_salientes": 5.0, "viajes_od_totales_norm_salientes": 0.0, "viajes-total_norm_salientes": 0.0037850113550340651, "AE_por_fila_salientes": 0.0037850113550340651, "SE_por_fila_salientes": 1.4326310957736809e-05, "APE_por_fila_salientes": 100.0, "destino": "2800300011998", "viajes_od_totales_entrantes": 0.0, "viajes-total_entrantes": 22.0, "viajes_od_totales_norm_entrantes": 0.0, "viajes-total_norm_entrantes": 0.016654049962149888, "AE_por_fila_entrantes": 0.0083270249810749441, "SE_por_fila_entrantes": 8.9969232814587167e-05, "APE_por_fila_entrantes": 100.0 }, "geometry": { "type": "MultiPolygon", "coordinates": [ [ [ [ -97.930465, 22.425519 ], [ -97.930864, 22.425741 ], [ -97.931111, 22.425879 ], [ -97.931302, 22.425972 ], [ -97.931815, 22.426262 ], [ -97.932174, 22.42645 ], [ -97.932995, 22.426872 ], [ -97.933529, 22.427161 ], [ -97.933436, 22.427822 ], [ -97.933387, 22.428168 ], [ -97.933365, 22.428321 ], [ -97.933305, 22.428789 ], [ -97.933228, 22.429383 ], [ -97.932881, 22.429326 ], [ -97.93273, 22.429301 ], [ -97.932627, 22.430048 ], [ -97.932605, 22.43021 ], [ -97.93257, 22.430206 ], [ -97.932495, 22.430195 ], [ -97.932147, 22.430148 ], [ -97.932145, 22.430148 ], [ -97.932165, 22.42999 ], [ -97.932258, 22.429231 ], [ -97.932203, 22.429224 ], [ -97.931766, 22.429176 ], [ -97.931871, 22.428143 ], [ -97.9316, 22.428071 ], [ -97.93145, 22.42814 ], [ -97.930992, 22.428091 ], [ -97.930518, 22.428031 ], [ -97.93065, 22.427257 ], [ -97.930541, 22.427196 ], [ -97.930537, 22.426396 ], [ -97.930537, 22.426317 ], [ -97.930532, 22.425791 ], [ -97.930369, 22.425771 ], [ -97.930385, 22.425601 ], [ -97.930465, 22.425519 ] ] ] ] } },
{ "type": "Feature", "properties": { "CVEGEO": "2800300011983", "POB_TOT_20": 6482.0, "POB_MASC_2": 3196.0, "POB_FEM_20": 3286.0, "origen": "2800300011983", "viajes_od_totales_salientes": 2.26, "viajes-total_salientes": 1670.0, "viajes_od_totales_norm_salientes": 0.010410908420858669, "viajes-total_norm_salientes": 1.2641937925813778, "AE_por_fila_salientes": 0.013628074827831727, "SE_por_fila_salientes": 0.00037380371655702191, "APE_por_fila_salientes": 97.882983084054814, "destino": "2800300011983", "viajes_od_totales_entrantes": 21.88, "viajes-total_entrantes": 1801.0, "viajes_od_totales_norm_entrantes": 0.10079233462318039, "viajes-total_norm_entrantes": 1.3633610900832702, "AE_por_fila_entrantes": 0.01368529985546897, "SE_por_fila_entrantes": 0.00040789651157190207, "APE_por_fila_entrantes": 98.645216396859126 }, "geometry": { "type": "MultiPolygon", "coordinates": [ [ [ [ -97.920716, 22.411323 ], [ -97.920349, 22.411534 ], [ -97.919613, 22.411957 ], [ -97.919527, 22.411997 ], [ -97.919442, 22.412037 ], [ -97.918901, 22.412385 ], [ -97.91887, 22.41269 ], [ -97.918484, 22.412658 ], [ -97.918305, 22.41279 ], [ -97.91828, 22.413486 ], [ -97.917773, 22.413427 ], [ -97.917526, 22.413399 ], [ -97.917166, 22.41338 ], [ -97.916776, 22.413344 ], [ -97.916258, 22.41331 ], [ -97.91576, 22.413264 ], [ -97.915258, 22.413225 ], [ -97.914734, 22.413181 ], [ -97.914251, 22.413132 ], [ -97.91375, 22.413086 ], [ -97.913247, 22.413042 ], [ -97.912672, 22.412991 ], [ -97.912261, 22.412958 ], [ -97.911395, 22.4129 ], [ -97.911752, 22.41208 ], [ -97.912545, 22.410296 ], [ -97.912685, 22.409971 ], [ -97.9128, 22.409672 ], [ -97.912885, 22.409449 ], [ -97.91317, 22.408806 ], [ -97.913185, 22.408777 ], [ -97.914527, 22.408869 ], [ -97.91489, 22.408893 ], [ -97.915436, 22.408939 ], [ -97.915945, 22.408971 ], [ -97.916435, 22.409013 ], [ -97.916957, 22.409047 ], [ -97.917451, 22.409091 ], [ -97.917901, 22.409121 ], [ -97.918448, 22.409168 ], [ -97.918976, 22.409219 ], [ -97.919453, 22.409262 ], [ -97.919545, 22.409268 ], [ -97.919662, 22.40928 ], [ -97.919805, 22.409287 ], [ -97.919793, 22.409415 ], [ -97.920202, 22.409453 ], [ -97.9207, 22.409509 ], [ -97.920617, 22.410356 ], [ -97.920496, 22.41129 ], [ -97.920716, 22.411323 ] ] ] ] } },
{ "type": "Feature", "properties": { "CVEGEO": "2800300010805", "POB_TOT_20": 791.0, "POB_MASC_2": 391.0, "POB_FEM_20": 400.0, "origen": "2800300010805", "viajes_od_totales_salientes": 29.12, "viajes-total_salientes": 262.0, "viajes_od_totales_norm_salientes": 0.13414409434309932, "viajes-total_norm_salientes": 0.198334595003785, "AE_por_fila_salientes": 0.01042334822902085, "SE_por_fila_salientes": 0.00018487735131916277, "APE_por_fila_salientes": 134.42434304685548, "destino": "2800300010805", "viajes_od_totales_entrantes": 44.34, "viajes-total_entrantes": 323.0, "viajes_od_totales_norm_entrantes": 0.20425649530127143, "viajes-total_norm_entrantes": 0.24451173353520061, "AE_por_fila_entrantes": 0.011696624832321164, "SE_por_fila_entrantes": 0.00057369905407115369, "APE_por_fila_entrantes": 200.77357090247912 }, "geometry": { "type": "MultiPolygon", "coordinates": [ [ [ [ -97.920716, 22.411323 ], [ -97.920496, 22.41129 ], [ -97.920617, 22.410356 ], [ -97.9207, 22.409509 ], [ -97.920202, 22.409453 ], [ -97.919793, 22.409415 ], [ -97.919805, 22.409287 ], [ -97.919837, 22.409142 ], [ -97.919952, 22.408464 ], [ -97.919972, 22.408305 ], [ -97.920067, 22.407559 ], [ -97.920355, 22.407582 ], [ -97.920728, 22.407605 ], [ -97.92082, 22.40762 ], [ -97.921262, 22.407694 ], [ -97.921258, 22.406753 ], [ -97.920785, 22.406681 ], [ -97.920755, 22.406097 ], [ -97.921052, 22.406256 ], [ -97.921085, 22.405875 ], [ -97.921658, 22.405943 ], [ -97.922165, 22.405998 ], [ -97.922644, 22.406061 ], [ -97.92312, 22.406116 ], [ -97.923016, 22.406958 ], [ -97.922886, 22.407894 ], [ -97.922806, 22.408623 ], [ -97.922692, 22.409465 ], [ -97.922649, 22.409773 ], [ -97.922572, 22.410298 ], [ -97.922542, 22.410617 ], [ -97.922489, 22.41104 ], [ -97.922395, 22.411522 ], [ -97.921878, 22.411467 ], [ -97.921417, 22.411397 ], [ -97.920873, 22.41134 ], [ -97.920716, 22.411323 ] ] ] ] } },
{ "type": "Feature", "properties": { "CVEGEO": "2800300010792", "POB_TOT_20": 770.0, "POB_MASC_2": 406.0, "POB_FEM_20": 364.0, "origen": "2800300010792", "viajes_od_totales_salientes": 42.46, "viajes-total_salientes": 381.0, "viajes_od_totales_norm_salientes": 0.19559609360604385, "viajes-total_norm_salientes": 0.28841786525359575, "AE_por_fila_salientes": 0.014531171210981847, "SE_por_fila_salientes": 0.00077112019354263974, "APE_por_fila_salientes": 211.72100528829648, "destino": "2800300010792", "viajes_od_totales_entrantes": 10.38, "viajes-total_entrantes": 393.0, "viajes_od_totales_norm_entrantes": 0.047816473189607515, "viajes-total_norm_entrantes": 0.29750189250567749, "AE_por_fila_entrantes": 0.016332630870934808, "SE_por_fila_entrantes": 0.00041767140294086811, "APE_por_fila_entrantes": 135.67276176747302 }, "geometry": { "type": "MultiPolygon", "coordinates": [ [ [ [ -97.922649, 22.409773 ], [ -97.922692, 22.409465 ], [ -97.922806, 22.408623 ], [ -97.922886, 22.407894 ], [ -97.923016, 22.406958 ], [ -97.92312, 22.406116 ], [ -97.923127, 22.406117 ], [ -97.923613, 22.406163 ], [ -97.924101, 22.406217 ], [ -97.924601, 22.406277 ], [ -97.925077, 22.406331 ], [ -97.925391, 22.406374 ], [ -97.925569, 22.406395 ], [ -97.926048, 22.406398 ], [ -97.925938, 22.407267 ], [ -97.92581, 22.408217 ], [ -97.925751, 22.408968 ], [ -97.925709, 22.409261 ], [ -97.925628, 22.409805 ], [ -97.925586, 22.410125 ], [ -97.925075, 22.410055 ], [ -97.924602, 22.409998 ], [ -97.924116, 22.409943 ], [ -97.923628, 22.409887 ], [ -97.923287, 22.409855 ], [ -97.92314, 22.409842 ], [ -97.922649, 22.409773 ] ] ] ] } },
{ "type": "Feature", "properties": { "CVEGEO": "2800301221254", "POB_TOT_20": 1723.0, "POB_MASC_2": 876.0, "POB_FEM_20": 847.0, "origen": "2800301221254", "viajes_od_totales_salientes": 70.2, "viajes-total_salientes": 1251.0, "viajes_od_totales_norm_salientes": 0.32338308457711445, "viajes-total_norm_salientes": 0.94700984102952313, "AE_por_fila_salientes": 0.016084205936421018, "SE_por_fila_salientes": 0.00065603792212920421, "APE_por_fila_salientes": 105.5610354371881, "destino": "2800301221254", "viajes_od_totales_entrantes": 92.02, "viajes-total_entrantes": 1480.0, "viajes_od_totales_norm_entrantes": 0.42389902340151092, "viajes-total_norm_entrantes": 1.1203633610900832, "AE_por_fila_entrantes": 0.011029008377240719, "SE_por_fila_entrantes": 0.00042887579200707023, "APE_por_fila_entrantes": 80.759565927523198 }, "geometry": { "type": "MultiPolygon", "coordinates": [ [ [ [ -97.910447, 22.372249 ], [ -97.910598, 22.372435 ], [ -97.910838, 22.372734 ], [ -97.910914, 22.37283 ], [ -97.911215, 22.373243 ], [ -97.911475, 22.373602 ], [ -97.911741, 22.37401 ], [ -97.912054, 22.374424 ], [ -97.912421, 22.374944 ], [ -97.912939, 22.375687 ], [ -97.91335, 22.376262 ], [ -97.913304, 22.376302 ], [ -97.912752, 22.376872 ], [ -97.913166, 22.377233 ], [ -97.913265, 22.377374 ], [ -97.913267, 22.377523 ], [ -97.913171, 22.377751 ], [ -97.912962, 22.377964 ], [ -97.912813, 22.378111 ], [ -97.911982, 22.378788 ], [ -97.911328, 22.379328 ], [ -97.910689, 22.378703 ], [ -97.910172, 22.378196 ], [ -97.910014, 22.378019 ], [ -97.909344, 22.377353 ], [ -97.90746, 22.375467 ], [ -97.907292, 22.375299 ], [ -97.906706, 22.374716 ], [ -97.9063, 22.374312 ], [ -97.90611, 22.374122 ], [ -97.905525, 22.373546 ], [ -97.906372, 22.372947 ], [ -97.907081, 22.372449 ], [ -97.907493, 22.372189 ], [ -97.907871, 22.371951 ], [ -97.90826, 22.371702 ], [ -97.908676, 22.371425 ], [ -97.908597, 22.37134 ], [ -97.908923, 22.371042 ], [ -97.90927, 22.371387 ], [ -97.909445, 22.371554 ], [ -97.909651, 22.37175 ], [ -97.90997, 22.372079 ], [ -97.910256, 22.372374 ], [ -97.910447, 22.372249 ] ] ] ] } },
{ "type": "Feature", "properties": { "CVEGEO": "2800301222089", "POB_TOT_20": 1028.0, "POB_MASC_2": 530.0, "POB_FEM_20": 498.0, "origen": "2800301222089", "viajes_od_totales_salientes": 17.56, "viajes-total_salientes": 574.0, "viajes_od_totales_norm_salientes": 0.080891837110742576, "viajes-total_norm_salientes": 0.43451930355791069, "AE_por_fila_salientes": 0.011785799213555449, "SE_por_fila_salientes": 0.00026716677807673471, "APE_por_fila_salientes": 112.28989266014979, "destino": "2800301222089", "viajes_od_totales_entrantes": 0.94, "viajes-total_entrantes": 653.0, "viajes_od_totales_norm_entrantes": 0.0043302008476137832, "viajes-total_norm_entrantes": 0.49432248296744891, "AE_por_fila_entrantes": 0.010652006133039894, "SE_por_fila_entrantes": 0.00027433009720388116, "APE_por_fila_entrantes": 98.968816572052177 }, "geometry": { "type": "MultiPolygon", "coordinates": [ [ [ [ -97.909344, 22.377353 ], [ -97.910014, 22.378019 ], [ -97.910172, 22.378196 ], [ -97.909914, 22.378412 ], [ -97.909232, 22.37891 ], [ -97.908783, 22.379139 ], [ -97.908424, 22.379239 ], [ -97.908241, 22.37929 ], [ -97.907961, 22.37934 ], [ -97.907901, 22.379348 ], [ -97.907567, 22.379396 ], [ -97.907211, 22.379371 ], [ -97.907074, 22.379353 ], [ -97.906713, 22.379277 ], [ -97.906615, 22.379256 ], [ -97.906035, 22.379106 ], [ -97.905689, 22.379015 ], [ -97.905641, 22.379002 ], [ -97.905401, 22.37894 ], [ -97.904654, 22.378754 ], [ -97.904269, 22.378659 ], [ -97.904273, 22.378676 ], [ -97.901469, 22.378005 ], [ -97.901763, 22.37688 ], [ -97.902031, 22.37629 ], [ -97.902436, 22.375651 ], [ -97.90267, 22.375343 ], [ -97.902866, 22.375204 ], [ -97.903402, 22.374695 ], [ -97.903969, 22.37433 ], [ -97.904249, 22.374227 ], [ -97.904413, 22.374166 ], [ -97.904558, 22.374152 ], [ -97.905417, 22.374627 ], [ -97.906249, 22.375037 ], [ -97.906659, 22.375252 ], [ -97.906809, 22.375331 ], [ -97.907217, 22.375626 ], [ -97.909344, 22.377353 ] ] ] ] } },
{ "type": "Feature", "properties": { "CVEGEO": "2800301222303", "POB_TOT_20": 627.0, "POB_MASC_2": 299.0, "POB_FEM_20": 328.0, "origen": "2800301222303", "viajes_od_totales_salientes": 0.08, "viajes-total_salientes": 350.0, "viajes_od_totales_norm_salientes": 0.00036852773171181132, "viajes-total_norm_salientes": 0.26495079485238454, "AE_por_fila_salientes": 0.012026466687303306, "SE_por_fila_salientes": 0.00024408565781128283, "APE_por_fila_salientes": 99.890838085733179, "destino": "2800301222303", "viajes_od_totales_entrantes": 0.28, "viajes-total_entrantes": 497.0, "viajes_od_totales_norm_entrantes": 0.0012898470609913396, "viajes-total_norm_entrantes": 0.37623012869038608, "AE_por_fila_entrantes": 0.012498009387646492, "SE_por_fila_entrantes": 0.00029381597511988008, "APE_por_fila_entrantes": 99.577955681715423 }, "geometry": { "type": "MultiPolygon", "coordinates": [ [ [ [ -97.904273, 22.378676 ], [ -97.904269, 22.378659 ], [ -97.904654, 22.378754 ], [ -97.905401, 22.37894 ], [ -97.905641, 22.379002 ], [ -97.905689, 22.379015 ], [ -97.906035, 22.379106 ], [ -97.906615, 22.379256 ], [ -97.906713, 22.379277 ], [ -97.907074, 22.379353 ], [ -97.907211, 22.379371 ], [ -97.907255, 22.379691 ], [ -97.907341, 22.380272 ], [ -97.906975, 22.380346 ], [ -97.906515, 22.380438 ], [ -97.906056, 22.380531 ], [ -97.905595, 22.38062 ], [ -97.905125, 22.380714 ], [ -97.905169, 22.380895 ], [ -97.904834, 22.380971 ], [ -97.904758, 22.38066 ], [ -97.904704, 22.380442 ], [ -97.904682, 22.380353 ], [ -97.904606, 22.380045 ], [ -97.904531, 22.379739 ], [ -97.904454, 22.379425 ], [ -97.904378, 22.379126 ], [ -97.904273, 22.378676 ] ] ] ] } },
{ "type": "Feature", "properties": { "CVEGEO": "280030122131A", "POB_TOT_20": 1308.0, "POB_MASC_2": 655.0, "POB_FEM_20": 653.0, "origen": "280030122131A", "viajes_od_totales_salientes": 41.92, "viajes-total_salientes": 510.0, "viajes_od_totales_norm_salientes": 0.19310853141698914, "viajes-total_norm_salientes": 0.38607115821347465, "AE_por_fila_salientes": 0.01984335588244425, "SE_por_fila_salientes": 0.00096151566566008795, "APE_por_fila_salientes": 127.28769179125892, "destino": null, "viajes_od_totales_entrantes": null, "viajes-total_entrantes": null, "viajes_od_totales_norm_entrantes": null, "viajes-total_norm_entrantes": null, "AE_por_fila_entrantes": null, "SE_por_fila_entrantes": null, "APE_por_fila_entrantes": null }, "geometry": { "type": "MultiPolygon", "coordinates": [ [ [ [ -97.908258, 22.360483 ], [ -97.909605, 22.36085 ], [ -97.910664, 22.361152 ], [ -97.911663, 22.36145 ], [ -97.912464, 22.361696 ], [ -97.912637, 22.361766 ], [ -97.912821, 22.362032 ], [ -97.912561, 22.362195 ], [ -97.912447, 22.362265 ], [ -97.912426, 22.362284 ], [ -97.91196, 22.362582 ], [ -97.911847, 22.36264 ], [ -97.911762, 22.362694 ], [ -97.911514, 22.362848 ], [ -97.911118, 22.363104 ], [ -97.910699, 22.363373 ], [ -97.910293, 22.363643 ], [ -97.909851, 22.363939 ], [ -97.909414, 22.364211 ], [ -97.909029, 22.36448 ], [ -97.908612, 22.364742 ], [ -97.908419, 22.364876 ], [ -97.908378, 22.364899 ], [ -97.907633, 22.364137 ], [ -97.90691, 22.363421 ], [ -97.906168, 22.362662 ], [ -97.905505, 22.361956 ], [ -97.90574, 22.36176 ], [ -97.906051, 22.361517 ], [ -97.906305, 22.361599 ], [ -97.906428, 22.361625 ], [ -97.906799, 22.361703 ], [ -97.907197, 22.361789 ], [ -97.907224, 22.361796 ], [ -97.907561, 22.361862 ], [ -97.907941, 22.361941 ], [ -97.908001, 22.361954 ], [ -97.908098, 22.361395 ], [ -97.908172, 22.360977 ], [ -97.908258, 22.360483 ] ] ] ] } },
{ "type": "Feature", "properties": { "CVEGEO": "2800301221339", "POB_TOT_20": 3041.0, "POB_MASC_2": 1516.0, "POB_FEM_20": 1525.0, "origen": "2800301221339", "viajes_od_totales_salientes": 35.64, "viajes-total_salientes": 1148.0, "viajes_od_totales_norm_salientes": 0.16417910447761194, "viajes-total_norm_salientes": 0.86903860711582137, "AE_por_fila_salientes": 0.012009487381291198, "SE_por_fila_salientes": 0.00036196394611013737, "APE_por_fila_salientes": 85.444425578489941, "destino": "2800301221339", "viajes_od_totales_entrantes": 10.18, "viajes-total_entrantes": 1227.0, "viajes_od_totales_norm_entrantes": 0.046895153860327991, "viajes-total_norm_entrantes": 0.92884178652535954, "AE_por_fila_entrantes": 0.014666321888510052, "SE_por_fila_entrantes": 0.00055815813374299097, "APE_por_fila_entrantes": 96.262001122707488 }, "geometry": { "type": "MultiPolygon", "coordinates": [ [ [ [ -97.908258, 22.360483 ], [ -97.908172, 22.360977 ], [ -97.908098, 22.361395 ], [ -97.908001, 22.361954 ], [ -97.907941, 22.361941 ], [ -97.907561, 22.361862 ], [ -97.907224, 22.361796 ], [ -97.907197, 22.361789 ], [ -97.906799, 22.361703 ], [ -97.906428, 22.361625 ], [ -97.906305, 22.361599 ], [ -97.906051, 22.361517 ], [ -97.90574, 22.36176 ], [ -97.905505, 22.361956 ], [ -97.906168, 22.362662 ], [ -97.90691, 22.363421 ], [ -97.907633, 22.364137 ], [ -97.908378, 22.364899 ], [ -97.907961, 22.365137 ], [ -97.907339, 22.36548 ], [ -97.906026, 22.364259 ], [ -97.904504, 22.362849 ], [ -97.904179, 22.36254 ], [ -97.903822, 22.362206 ], [ -97.903466, 22.361881 ], [ -97.903054, 22.361497 ], [ -97.902743, 22.361205 ], [ -97.902496, 22.36098 ], [ -97.902268, 22.360943 ], [ -97.901674, 22.360845 ], [ -97.901396, 22.360804 ], [ -97.90148, 22.360053 ], [ -97.901455, 22.359683 ], [ -97.9013, 22.359401 ], [ -97.900759, 22.358626 ], [ -97.899744, 22.357362 ], [ -97.899679, 22.35724 ], [ -97.899654, 22.357065 ], [ -97.899703, 22.356577 ], [ -97.899846, 22.355573 ], [ -97.900113, 22.355601 ], [ -97.90004, 22.356111 ], [ -97.901306, 22.356261 ], [ -97.901219, 22.356748 ], [ -97.902718, 22.357006 ], [ -97.904267, 22.357267 ], [ -97.905547, 22.357452 ], [ -97.905593, 22.35746 ], [ -97.905808, 22.357496 ], [ -97.90739, 22.357735 ], [ -97.908917, 22.357987 ], [ -97.908807, 22.358494 ], [ -97.908706, 22.358935 ], [ -97.908602, 22.359371 ], [ -97.908494, 22.359886 ], [ -97.908367, 22.359863 ], [ -97.90834, 22.360015 ], [ -97.908258, 22.360483 ] ] ] ] } },
{ "type": "Feature", "properties": { "CVEGEO": "2800301221305", "POB_TOT_20": 2483.0, "POB_MASC_2": 1171.0, "POB_FEM_20": 1312.0, "origen": "2800301221305", "viajes_od_totales_salientes": 110.2, "viajes-total_salientes": 1598.0, "viajes_od_totales_norm_salientes": 0.50764695043302011, "viajes-total_norm_salientes": 1.2096896290688872, "AE_por_fila_salientes": 0.020181570523751555, "SE_por_fila_salientes": 0.0020001531991947347, "APE_por_fila_salientes": 132.98174250788261, "destino": "2800301221305", "viajes_od_totales_entrantes": 22.32, "viajes-total_entrantes": 1528.0, "viajes_od_totales_norm_entrantes": 0.10281923714759536, "viajes-total_norm_entrantes": 1.1566994700984103, "AE_por_fila_entrantes": 0.015257470542739879, "SE_por_fila_entrantes": 0.00077988328381339324, "APE_por_fila_entrantes": 87.54911678035073 }, "geometry": { "type": "MultiPolygon", "coordinates": [ [ [ [ -97.901396, 22.360804 ], [ -97.901674, 22.360845 ], [ -97.902268, 22.360943 ], [ -97.902496, 22.36098 ], [ -97.902743, 22.361205 ], [ -97.903054, 22.361497 ], [ -97.903466, 22.361881 ], [ -97.903822, 22.362206 ], [ -97.904179, 22.36254 ], [ -97.904504, 22.362849 ], [ -97.906026, 22.364259 ], [ -97.907339, 22.36548 ], [ -97.906794, 22.365833 ], [ -97.905771, 22.366493 ], [ -97.904608, 22.367199 ], [ -97.904484, 22.367288 ], [ -97.904104, 22.367559 ], [ -97.903703, 22.367836 ], [ -97.903279, 22.36809 ], [ -97.902868, 22.368335 ], [ -97.902333, 22.367778 ], [ -97.900634, 22.366059 ], [ -97.900719, 22.365508 ], [ -97.90072, 22.365499 ], [ -97.90091, 22.36421 ], [ -97.900943, 22.363962 ], [ -97.900997, 22.363618 ], [ -97.901062, 22.363166 ], [ -97.901141, 22.362617 ], [ -97.901168, 22.362358 ], [ -97.90124, 22.361838 ], [ -97.901396, 22.360804 ] ] ] ] } },
{ "type": "Feature", "properties": { "CVEGEO": "2800301221292", "POB_TOT_20": 1953.0, "POB_MASC_2": 949.0, "POB_FEM_20": 1004.0, "origen": "2800301221292", "viajes_od_totales_salientes": 48.96, "viajes-total_salientes": 1544.0, "viajes_od_totales_norm_salientes": 0.2255389718076285, "viajes-total_norm_salientes": 1.1688115064345193, "AE_por_fila_salientes": 0.012794713262758743, "SE_por_fila_salientes": 0.00054337144826345431, "APE_por_fila_salientes": 97.953279436016388, "destino": "2800301221292", "viajes_od_totales_entrantes": 112.98, "viajes-total_entrantes": 1770.0, "viajes_od_totales_norm_entrantes": 0.52045328911000555, "viajes-total_norm_entrantes": 1.339894019682059, "AE_por_fila_entrantes": 0.013658936837015658, "SE_por_fila_entrantes": 0.00053221830857395739, "APE_por_fila_entrantes": 106.52866542144912 }, "geometry": { "type": "MultiPolygon", "coordinates": [ [ [ [ -97.912821, 22.362032 ], [ -97.913018, 22.36237 ], [ -97.913443, 22.362962 ], [ -97.914138, 22.363871 ], [ -97.913715, 22.364145 ], [ -97.913306, 22.364408 ], [ -97.912886, 22.364682 ], [ -97.91248, 22.364941 ], [ -97.912043, 22.36523 ], [ -97.911681, 22.3655 ], [ -97.911261, 22.365773 ], [ -97.910793, 22.366039 ], [ -97.910361, 22.366332 ], [ -97.910025, 22.366544 ], [ -97.909616, 22.366143 ], [ -97.909254, 22.366448 ], [ -97.908759, 22.366847 ], [ -97.908578, 22.367003 ], [ -97.908227, 22.367354 ], [ -97.907749, 22.367682 ], [ -97.907174, 22.368025 ], [ -97.906886, 22.367637 ], [ -97.906479, 22.367881 ], [ -97.906196, 22.367487 ], [ -97.90523, 22.368071 ], [ -97.905324, 22.368193 ], [ -97.904961, 22.368444 ], [ -97.904561, 22.36869 ], [ -97.904145, 22.368945 ], [ -97.903754, 22.3692 ], [ -97.903487, 22.368939 ], [ -97.902868, 22.368335 ], [ -97.903279, 22.36809 ], [ -97.903703, 22.367836 ], [ -97.904104, 22.367559 ], [ -97.904484, 22.367288 ], [ -97.904608, 22.367199 ], [ -97.905771, 22.366493 ], [ -97.906794, 22.365833 ], [ -97.907339, 22.36548 ], [ -97.907961, 22.365137 ], [ -97.908378, 22.364899 ], [ -97.908419, 22.364876 ], [ -97.908612, 22.364742 ], [ -97.909029, 22.36448 ], [ -97.909414, 22.364211 ], [ -97.909851, 22.363939 ], [ -97.910293, 22.363643 ], [ -97.910699, 22.363373 ], [ -97.911118, 22.363104 ], [ -97.911514, 22.362848 ], [ -97.911762, 22.362694 ], [ -97.911847, 22.36264 ], [ -97.91196, 22.362582 ], [ -97.912426, 22.362284 ], [ -97.912447, 22.362265 ], [ -97.912561, 22.362195 ], [ -97.912821, 22.362032 ] ] ] ] } },
{ "type": "Feature", "properties": { "CVEGEO": "2800301221269", "POB_TOT_20": 1633.0, "POB_MASC_2": 785.0, "POB_FEM_20": 848.0, "origen": "2800301221269", "viajes_od_totales_salientes": 86.76, "viajes-total_salientes": 1536.0, "viajes_od_totales_norm_salientes": 0.39966832504145938, "viajes-total_norm_salientes": 1.1627554882664648, "AE_por_fila_salientes": 0.014567003290755292, "SE_por_fila_salientes": 0.00051645329404469186, "APE_por_fila_salientes": 91.053494131840168, "destino": "2800301221269", "viajes_od_totales_entrantes": 114.28, "viajes-total_entrantes": 1867.0, "viajes_od_totales_norm_entrantes": 0.5264418647503224, "viajes-total_norm_entrantes": 1.41332323996972, "AE_por_fila_entrantes": 0.016922389854449216, "SE_por_fila_entrantes": 0.0010182882399796677, "APE_por_fila_entrantes": 95.656798234546528 }, "geometry": { "type": "MultiPolygon", "coordinates": [ [ [ [ -97.902868, 22.368335 ], [ -97.903487, 22.368939 ], [ -97.903754, 22.3692 ], [ -97.904145, 22.368945 ], [ -97.904561, 22.36869 ], [ -97.904961, 22.368444 ], [ -97.905324, 22.368193 ], [ -97.90523, 22.368071 ], [ -97.906196, 22.367487 ], [ -97.906479, 22.367881 ], [ -97.906886, 22.367637 ], [ -97.907174, 22.368025 ], [ -97.906425, 22.368484 ], [ -97.906621, 22.368693 ], [ -97.907555, 22.369642 ], [ -97.908151, 22.369146 ], [ -97.908505, 22.36949 ], [ -97.90847, 22.369525 ], [ -97.9088, 22.369838 ], [ -97.909162, 22.370173 ], [ -97.909539, 22.37051 ], [ -97.908923, 22.371042 ], [ -97.908597, 22.37134 ], [ -97.908676, 22.371425 ], [ -97.90826, 22.371702 ], [ -97.907871, 22.371951 ], [ -97.907493, 22.372189 ], [ -97.907081, 22.372449 ], [ -97.906372, 22.372947 ], [ -97.905525, 22.373546 ], [ -97.904911, 22.372939 ], [ -97.904323, 22.372358 ], [ -97.90369, 22.371734 ], [ -97.903117, 22.371169 ], [ -97.902517, 22.370567 ], [ -97.9019, 22.369966 ], [ -97.901304, 22.369377 ], [ -97.901125, 22.3692 ], [ -97.900663, 22.368844 ], [ -97.900253, 22.368529 ], [ -97.900473, 22.367191 ], [ -97.900634, 22.366059 ], [ -97.902333, 22.367778 ], [ -97.902868, 22.368335 ] ] ] ] } },
{ "type": "Feature", "properties": { "CVEGEO": "2800301221273", "POB_TOT_20": 1461.0, "POB_MASC_2": 704.0, "POB_FEM_20": 757.0, "origen": "2800301221273", "viajes_od_totales_salientes": 38.06, "viajes-total_salientes": 1198.0, "viajes_od_totales_norm_salientes": 0.17532706836189421, "viajes-total_norm_salientes": 0.906888720666162, "AE_por_fila_salientes": 0.017673259470165365, "SE_por_fila_salientes": 0.0011144102228265319, "APE_por_fila_salientes": 92.01274704582147, "destino": "2800301221273", "viajes_od_totales_entrantes": 37.82, "viajes-total_entrantes": 1203.0, "viajes_od_totales_norm_entrantes": 0.17422148516675878, "viajes-total_norm_entrantes": 0.91067373202119606, "AE_por_fila_entrantes": 0.01441596630382821, "SE_por_fila_entrantes": 0.00052445402486704998, "APE_por_fila_entrantes": 90.433711315205059 }, "geometry": { "type": "MultiPolygon", "coordinates": [ [ [ [ -97.910025, 22.366544 ], [ -97.910552, 22.367076 ], [ -97.910913, 22.367435 ], [ -97.911124, 22.367648 ], [ -97.911431, 22.367945 ], [ -97.911777, 22.368279 ], [ -97.911924, 22.368436 ], [ -97.912556, 22.369074 ], [ -97.912962, 22.369492 ], [ -97.913293, 22.369833 ], [ -97.912941, 22.370113 ], [ -97.912495, 22.3705 ], [ -97.911903, 22.371018 ], [ -97.911069, 22.371741 ], [ -97.910979, 22.371816 ], [ -97.910678, 22.372067 ], [ -97.9105, 22.372214 ], [ -97.910447, 22.372249 ], [ -97.910256, 22.372374 ], [ -97.90997, 22.372079 ], [ -97.909651, 22.37175 ], [ -97.909445, 22.371554 ], [ -97.90927, 22.371387 ], [ -97.908923, 22.371042 ], [ -97.909539, 22.37051 ], [ -97.909162, 22.370173 ], [ -97.9088, 22.369838 ], [ -97.90847, 22.369525 ], [ -97.908505, 22.36949 ], [ -97.908151, 22.369146 ], [ -97.907555, 22.369642 ], [ -97.906621, 22.368693 ], [ -97.906425, 22.368484 ], [ -97.907174, 22.368025 ], [ -97.907749, 22.367682 ], [ -97.908227, 22.367354 ], [ -97.908578, 22.367003 ], [ -97.908759, 22.366847 ], [ -97.909254, 22.366448 ], [ -97.909616, 22.366143 ], [ -97.910025, 22.366544 ] ] ] ] } },
{ "type": "Feature", "properties": { "CVEGEO": "2800301221502", "POB_TOT_20": 676.0, "POB_MASC_2": 335.0, "POB_FEM_20": 341.0, "origen": "2800301221502", "viajes_od_totales_salientes": 56.9, "viajes-total_salientes": 345.0, "viajes_od_totales_norm_salientes": 0.26211534918002577, "viajes-total_norm_salientes": 0.26116578349735048, "AE_por_fila_salientes": 0.011994310438375755, "SE_por_fila_salientes": 0.00077898781404122199, "APE_por_fila_salientes": 216.92509775521452, "destino": "2800301221502", "viajes_od_totales_entrantes": 1.78, "viajes-total_entrantes": 462.0, "viajes_od_totales_norm_entrantes": 0.0081997420305878008, "viajes-total_norm_entrantes": 0.34973504920514759, "AE_por_fila_entrantes": 0.010349554762865448, "SE_por_fila_entrantes": 0.00021320803824962067, "APE_por_fila_entrantes": 93.624026903128467 }, "geometry": { "type": "MultiPolygon", "coordinates": [ [ [ [ -97.908125, 22.380625 ], [ -97.90805, 22.379918 ], [ -97.907961, 22.37934 ], [ -97.908241, 22.37929 ], [ -97.908424, 22.379239 ], [ -97.908783, 22.379139 ], [ -97.909232, 22.37891 ], [ -97.909914, 22.378412 ], [ -97.910172, 22.378196 ], [ -97.910689, 22.378703 ], [ -97.911328, 22.379328 ], [ -97.912621, 22.380647 ], [ -97.912663, 22.380693 ], [ -97.912426, 22.380903 ], [ -97.911451, 22.381777 ], [ -97.911237, 22.381582 ], [ -97.910805, 22.381983 ], [ -97.910461, 22.382276 ], [ -97.91009, 22.382575 ], [ -97.909787, 22.382257 ], [ -97.909465, 22.381939 ], [ -97.909217, 22.381701 ], [ -97.909144, 22.381628 ], [ -97.908679, 22.381127 ], [ -97.908385, 22.380847 ], [ -97.908125, 22.380625 ] ] ] ] } },
{ "type": "Feature", "properties": { "CVEGEO": "2800301221574", "POB_TOT_20": 484.0, "POB_MASC_2": 228.0, "POB_FEM_20": 256.0, "origen": "2800301221574", "viajes_od_totales_salientes": 54.76, "viajes-total_salientes": 408.0, "viajes_od_totales_norm_salientes": 0.25225723235673486, "viajes-total_norm_salientes": 0.30885692657077973, "AE_por_fila_salientes": 0.014558874730435186, "SE_por_fila_salientes": 0.0013686117637843704, "APE_por_fila_salientes": 211.89849437553198, "destino": "2800301221574", "viajes_od_totales_entrantes": 0.46, "viajes-total_entrantes": 496.0, "viajes_od_totales_norm_entrantes": 0.0021190344573429149, "viajes-total_norm_entrantes": 0.37547312641937924, "AE_por_fila_entrantes": 0.010090651134109091, "SE_por_fila_entrantes": 0.00021068523009403994, "APE_por_fila_entrantes": 96.795941149174979 }, "geometry": { "type": "MultiPolygon", "coordinates": [ [ [ [ -97.911451, 22.381777 ], [ -97.911533, 22.381852 ], [ -97.911267, 22.382448 ], [ -97.911061, 22.38287 ], [ -97.910865, 22.383305 ], [ -97.910486, 22.384137 ], [ -97.910033, 22.383922 ], [ -97.909949, 22.383871 ], [ -97.909649, 22.383628 ], [ -97.909531, 22.383536 ], [ -97.909286, 22.383249 ], [ -97.908479, 22.382299 ], [ -97.908335, 22.382002 ], [ -97.908125, 22.380625 ], [ -97.908385, 22.380847 ], [ -97.908679, 22.381127 ], [ -97.909144, 22.381628 ], [ -97.909217, 22.381701 ], [ -97.909465, 22.381939 ], [ -97.909787, 22.382257 ], [ -97.91009, 22.382575 ], [ -97.910461, 22.382276 ], [ -97.910805, 22.381983 ], [ -97.911237, 22.381582 ], [ -97.911451, 22.381777 ] ] ] ] } },
{ "type": "Feature", "properties": { "CVEGEO": "2800300011964", "POB_TOT_20": 2404.0, "POB_MASC_2": 1172.0, "POB_FEM_20": 1232.0, "origen": "2800300011964", "viajes_od_totales_salientes": 197.18, "viajes-total_salientes": 1260.0, "viajes_od_totales_norm_salientes": 0.90832872673668696, "viajes-total_norm_salientes": 0.95382286146858442, "AE_por_fila_salientes": 0.027422844330138543, "SE_por_fila_salientes": 0.0039827316262221989, "APE_por_fila_salientes": 106.03907673994711, "destino": "2800300011964", "viajes_od_totales_entrantes": 30.02, "viajes-total_entrantes": 1465.0, "viajes_od_totales_norm_entrantes": 0.13829003132485718, "viajes-total_norm_entrantes": 1.1090083270249811, "AE_por_fila_entrantes": 0.020837521131603736, "SE_por_fila_entrantes": 0.0026992314578419482, "APE_por_fila_entrantes": 93.899683980349664 }, "geometry": { "type": "MultiPolygon", "coordinates": [ [ [ [ -97.942133, 22.385889 ], [ -97.942582, 22.385659 ], [ -97.942938, 22.385595 ], [ -97.943289, 22.385642 ], [ -97.943297, 22.385643 ], [ -97.9433, 22.385205 ], [ -97.943301, 22.385137 ], [ -97.943792, 22.385039 ], [ -97.9449, 22.385126 ], [ -97.94562, 22.384944 ], [ -97.946678, 22.384824 ], [ -97.947675, 22.384729 ], [ -97.948603, 22.384523 ], [ -97.948818, 22.384084 ], [ -97.949821, 22.384025 ], [ -97.950309, 22.384022 ], [ -97.9508, 22.383863 ], [ -97.95115, 22.383713 ], [ -97.95139, 22.383669 ], [ -97.952114, 22.383694 ], [ -97.95266, 22.383647 ], [ -97.953075, 22.383548 ], [ -97.953436, 22.383637 ], [ -97.953858, 22.383741 ], [ -97.953765, 22.383843 ], [ -97.953556, 22.384073 ], [ -97.953408, 22.384204 ], [ -97.953282, 22.384314 ], [ -97.953171, 22.384546 ], [ -97.953142, 22.38482 ], [ -97.952992, 22.385158 ], [ -97.9528, 22.385344 ], [ -97.952576, 22.385519 ], [ -97.952295, 22.385845 ], [ -97.952135, 22.386178 ], [ -97.951969, 22.386795 ], [ -97.951615, 22.386726 ], [ -97.951186, 22.386643 ], [ -97.951154, 22.386599 ], [ -97.95079, 22.386517 ], [ -97.950433, 22.38643 ], [ -97.950073, 22.386337 ], [ -97.949719, 22.386252 ], [ -97.949362, 22.386165 ], [ -97.94924, 22.386611 ], [ -97.949802, 22.386756 ], [ -97.95099, 22.387043 ], [ -97.951211, 22.387463 ], [ -97.951459, 22.387982 ], [ -97.951109, 22.388394 ], [ -97.950654, 22.387441 ], [ -97.95003, 22.387287 ], [ -97.949108, 22.387056 ], [ -97.948987, 22.387509 ], [ -97.948418, 22.387441 ], [ -97.947951, 22.387388 ], [ -97.947881, 22.387376 ], [ -97.947444, 22.387319 ], [ -97.947037, 22.387281 ], [ -97.947028, 22.387253 ], [ -97.946032, 22.387153 ], [ -97.945101, 22.387071 ], [ -97.944048, 22.386962 ], [ -97.943052, 22.386858 ], [ -97.942067, 22.386772 ], [ -97.942109, 22.386457 ], [ -97.94214, 22.386216 ], [ -97.942509, 22.386251 ], [ -97.942495, 22.385953 ], [ -97.942122, 22.385987 ], [ -97.942133, 22.385889 ] ] ] ] } },
{ "type": "Feature", "properties": { "CVEGEO": "280030001195A", "POB_TOT_20": 2547.0, "POB_MASC_2": 1216.0, "POB_FEM_20": 1331.0, "origen": "280030001195A", "viajes_od_totales_salientes": 301.18, "viajes-total_salientes": 2112.0, "viajes_od_totales_norm_salientes": 1.3874147779620416, "viajes-total_norm_salientes": 1.5987887963663892, "AE_por_fila_salientes": 0.017725285629771992, "SE_por_fila_salientes": 0.0019804924542355072, "APE_por_fila_salientes": 105.4543927705939, "destino": null, "viajes_od_totales_entrantes": null, "viajes-total_entrantes": null, "viajes_od_totales_norm_entrantes": null, "viajes-total_norm_entrantes": null, "AE_por_fila_entrantes": null, "SE_por_fila_entrantes": null, "APE_por_fila_entrantes": null }, "geometry": { "type": "MultiPolygon", "coordinates": [ [ [ [ -97.942067, 22.386772 ], [ -97.943052, 22.386858 ], [ -97.944048, 22.386962 ], [ -97.945101, 22.387071 ], [ -97.946032, 22.387153 ], [ -97.947028, 22.387253 ], [ -97.947037, 22.387281 ], [ -97.947444, 22.387319 ], [ -97.947881, 22.387376 ], [ -97.947951, 22.387388 ], [ -97.948418, 22.387441 ], [ -97.948987, 22.387509 ], [ -97.948949, 22.387816 ], [ -97.949007, 22.387823 ], [ -97.949848, 22.387911 ], [ -97.949824, 22.3881 ], [ -97.949817, 22.388161 ], [ -97.949812, 22.388189 ], [ -97.94977, 22.38852 ], [ -97.949765, 22.388565 ], [ -97.949759, 22.388609 ], [ -97.949714, 22.38896 ], [ -97.949707, 22.389005 ], [ -97.948783, 22.38889 ], [ -97.947759, 22.388763 ], [ -97.946826, 22.388654 ], [ -97.946785, 22.388947 ], [ -97.945793, 22.388853 ], [ -97.944858, 22.388765 ], [ -97.944787, 22.38933 ], [ -97.944642, 22.390448 ], [ -97.944096, 22.390398 ], [ -97.943849, 22.390754 ], [ -97.943699, 22.390816 ], [ -97.94356, 22.390823 ], [ -97.943258, 22.390815 ], [ -97.942097, 22.390673 ], [ -97.942048, 22.390692 ], [ -97.941565, 22.390639 ], [ -97.94157, 22.390604 ], [ -97.941698, 22.389704 ], [ -97.941735, 22.389348 ], [ -97.941832, 22.388566 ], [ -97.941894, 22.388096 ], [ -97.941984, 22.387373 ], [ -97.942027, 22.387055 ], [ -97.942067, 22.386772 ] ] ] ] } },
{ "type": "Feature", "properties": { "CVEGEO": "280030001149A", "POB_TOT_20": 1768.0, "POB_MASC_2": 836.0, "POB_FEM_20": 932.0, "origen": "280030001149A", "viajes_od_totales_salientes": 255.3, "viajes-total_salientes": 1406.0, "viajes_od_totales_norm_salientes": 1.1760641238253178, "viajes-total_norm_salientes": 1.0643451930355792, "AE_por_fila_salientes": 0.030770326751153123, "SE_por_fila_salientes": 0.0055059040055313599, "APE_por_fila_salientes": 126.57242516511069, "destino": null, "viajes_od_totales_entrantes": null, "viajes-total_entrantes": null, "viajes_od_totales_norm_entrantes": null, "viajes-total_norm_entrantes": null, "AE_por_fila_entrantes": null, "SE_por_fila_entrantes": null, "APE_por_fila_entrantes": null }, "geometry": { "type": "MultiPolygon", "coordinates": [ [ [ [ -97.940821, 22.396702 ], [ -97.94087, 22.396702 ], [ -97.941226, 22.39674 ], [ -97.941263, 22.396744 ], [ -97.941296, 22.396748 ], [ -97.941611, 22.396782 ], [ -97.941641, 22.396784 ], [ -97.941675, 22.396788 ], [ -97.941942, 22.396817 ], [ -97.941975, 22.396821 ], [ -97.942007, 22.396824 ], [ -97.942313, 22.396857 ], [ -97.942357, 22.396862 ], [ -97.942399, 22.396866 ], [ -97.94278, 22.396907 ], [ -97.942824, 22.396912 ], [ -97.942866, 22.396916 ], [ -97.943232, 22.396956 ], [ -97.943274, 22.396961 ], [ -97.943318, 22.39697 ], [ -97.943968, 22.397039 ], [ -97.943929, 22.39735 ], [ -97.943893, 22.397412 ], [ -97.943851, 22.397757 ], [ -97.943798, 22.398159 ], [ -97.943746, 22.398597 ], [ -97.94371, 22.39863 ], [ -97.943586, 22.398888 ], [ -97.94357, 22.398919 ], [ -97.943545, 22.398967 ], [ -97.943332, 22.399339 ], [ -97.942993, 22.399296 ], [ -97.942956, 22.399294 ], [ -97.942934, 22.399354 ], [ -97.94289, 22.399561 ], [ -97.942883, 22.399597 ], [ -97.942873, 22.399629 ], [ -97.942857, 22.399703 ], [ -97.942547, 22.399587 ], [ -97.942381, 22.399553 ], [ -97.942252, 22.400359 ], [ -97.942247, 22.400399 ], [ -97.942239, 22.400437 ], [ -97.942139, 22.401061 ], [ -97.942119, 22.401188 ], [ -97.942095, 22.401348 ], [ -97.942037, 22.401702 ], [ -97.941982, 22.402045 ], [ -97.941963, 22.40216 ], [ -97.940317, 22.401435 ], [ -97.94028, 22.401717 ], [ -97.94022, 22.402096 ], [ -97.93767, 22.400877 ], [ -97.937767, 22.400046 ], [ -97.937859, 22.399052 ], [ -97.938411, 22.399098 ], [ -97.938745, 22.399137 ], [ -97.939078, 22.399178 ], [ -97.939425, 22.399212 ], [ -97.939769, 22.399249 ], [ -97.94011, 22.399296 ], [ -97.9406, 22.399331 ], [ -97.940645, 22.399066 ], [ -97.940689, 22.398698 ], [ -97.940702, 22.398602 ], [ -97.940741, 22.398264 ], [ -97.940692, 22.397774 ], [ -97.940705, 22.397572 ], [ -97.940744, 22.397235 ], [ -97.940784, 22.397055 ], [ -97.940819, 22.396719 ], [ -97.940821, 22.396702 ] ] ] ] } },
{ "type": "Feature", "properties": { "CVEGEO": "2800300010186", "POB_TOT_20": 1467.0, "POB_MASC_2": 701.0, "POB_FEM_20": 766.0, "origen": "2800300010186", "viajes_od_totales_salientes": 134.68, "viajes-total_salientes": 5492.0, "viajes_od_totales_norm_salientes": 0.6204164363368343, "viajes-total_norm_salientes": 4.1574564723694172, "AE_por_fila_salientes": 0.033647785598572053, "SE_por_fila_salientes": 0.0045831571229062694, "APE_por_fila_salientes": 91.277182494281547, "destino": "2800300010186", "viajes_od_totales_entrantes": 1093.76, "viajes-total_entrantes": 6109.0, "viajes_od_totales_norm_entrantes": 5.0385111479638844, "viajes-total_norm_entrantes": 4.6245268735806206, "AE_por_fila_entrantes": 0.040975669893257474, "SE_por_fila_entrantes": 0.0086183773489692181, "APE_por_fila_entrantes": 167.45059392097642 }, "geometry": { "type": "MultiPolygon", "coordinates": [ [ [ [ -97.940705, 22.397572 ], [ -97.940692, 22.397774 ], [ -97.940741, 22.398264 ], [ -97.940702, 22.398602 ], [ -97.940689, 22.398698 ], [ -97.940645, 22.399066 ], [ -97.9406, 22.399331 ], [ -97.94011, 22.399296 ], [ -97.939769, 22.399249 ], [ -97.939425, 22.399212 ], [ -97.939078, 22.399178 ], [ -97.938745, 22.399137 ], [ -97.938411, 22.399098 ], [ -97.937859, 22.399052 ], [ -97.937767, 22.400046 ], [ -97.93767, 22.400877 ], [ -97.937514, 22.400856 ], [ -97.937051, 22.400602 ], [ -97.936694, 22.400406 ], [ -97.936321, 22.400258 ], [ -97.935433, 22.399835 ], [ -97.935189, 22.39972 ], [ -97.933333, 22.398774 ], [ -97.932897, 22.398569 ], [ -97.932664, 22.39847 ], [ -97.932489, 22.398403 ], [ -97.932417, 22.398373 ], [ -97.933249, 22.39654 ], [ -97.932983, 22.396206 ], [ -97.933087, 22.396227 ], [ -97.933303, 22.395216 ], [ -97.933033, 22.395055 ], [ -97.932812, 22.394867 ], [ -97.93223, 22.394341 ], [ -97.932443, 22.394369 ], [ -97.932748, 22.394432 ], [ -97.933438, 22.394573 ], [ -97.934354, 22.394738 ], [ -97.935359, 22.394924 ], [ -97.936221, 22.395093 ], [ -97.936451, 22.393955 ], [ -97.937417, 22.394132 ], [ -97.938312, 22.394259 ], [ -97.939377, 22.394426 ], [ -97.939898, 22.394516 ], [ -97.94042, 22.394603 ], [ -97.940621, 22.394636 ], [ -97.940818, 22.394668 ], [ -97.941063, 22.394709 ], [ -97.9409, 22.395913 ], [ -97.940317, 22.395819 ], [ -97.940183, 22.395784 ], [ -97.939649, 22.395676 ], [ -97.939421, 22.395637 ], [ -97.939119, 22.395584 ], [ -97.939091, 22.395742 ], [ -97.939, 22.396223 ], [ -97.938962, 22.396381 ], [ -97.938777, 22.397278 ], [ -97.939114, 22.397369 ], [ -97.939369, 22.397447 ], [ -97.939501, 22.397495 ], [ -97.939659, 22.397551 ], [ -97.939822, 22.397604 ], [ -97.940032, 22.3976 ], [ -97.940343, 22.397586 ], [ -97.940705, 22.397572 ] ] ] ] } },
{ "type": "Feature", "properties": { "CVEGEO": "2800300010843", "POB_TOT_20": 422.0, "POB_MASC_2": 205.0, "POB_FEM_20": 217.0, "origen": "2800300010843", "viajes_od_totales_salientes": 6.24, "viajes-total_salientes": 313.0, "viajes_od_totales_norm_salientes": 0.028745163073521283, "viajes-total_norm_salientes": 0.23694171082513246, "AE_por_fila_salientes": 0.017349712312634265, "SE_por_fila_salientes": 0.00052918961365040556, "APE_por_fila_salientes": 89.606109080131944, "destino": "2800300010843", "viajes_od_totales_entrantes": 5.3, "viajes-total_entrantes": 348.0, "viajes_od_totales_norm_entrantes": 0.024414962225907499, "viajes-total_norm_entrantes": 0.26343679031037093, "AE_por_fila_entrantes": 0.017072987720318816, "SE_por_fila_entrantes": 0.00044469242264669136, "APE_por_fila_entrantes": 92.948701020059644 }, "geometry": { "type": "MultiPolygon", "coordinates": [ [ [ [ -97.940821, 22.396702 ], [ -97.940819, 22.396719 ], [ -97.940784, 22.397055 ], [ -97.940744, 22.397235 ], [ -97.940705, 22.397572 ], [ -97.940343, 22.397586 ], [ -97.940032, 22.3976 ], [ -97.939822, 22.397604 ], [ -97.939659, 22.397551 ], [ -97.939501, 22.397495 ], [ -97.939369, 22.397447 ], [ -97.939114, 22.397369 ], [ -97.938777, 22.397278 ], [ -97.938962, 22.396381 ], [ -97.939, 22.396223 ], [ -97.939091, 22.395742 ], [ -97.939119, 22.395584 ], [ -97.939421, 22.395637 ], [ -97.939649, 22.395676 ], [ -97.940183, 22.395784 ], [ -97.940317, 22.395819 ], [ -97.9409, 22.395913 ], [ -97.940899, 22.395929 ], [ -97.940832, 22.396586 ], [ -97.940821, 22.396702 ] ] ] ] } },
{ "type": "Feature", "properties": { "CVEGEO": "2800300010237", "POB_TOT_20": 3776.0, "POB_MASC_2": 1868.0, "POB_FEM_20": 1908.0, "origen": "2800300010237", "viajes_od_totales_salientes": 143.12, "viajes-total_salientes": 2322.0, "viajes_od_totales_norm_salientes": 0.65929611203243044, "viajes-total_norm_salientes": 1.7577592732778198, "AE_por_fila_salientes": 0.017247287621431882, "SE_por_fila_salientes": 0.0010089408379105609, "APE_por_fila_salientes": 95.088550720612986, "destino": "2800300010237", "viajes_od_totales_entrantes": 95.76, "viajes-total_entrantes": 2370.0, "viajes_od_totales_norm_entrantes": 0.44112769485903813, "viajes-total_norm_entrantes": 1.794095382286147, "AE_por_fila_entrantes": 0.017239030412875736, "SE_por_fila_entrantes": 0.0016541856572291774, "APE_por_fila_entrantes": 91.00830442824514 }, "geometry": { "type": "MultiPolygon", "coordinates": [ [ [ [ -97.94926, 22.406851 ], [ -97.947933, 22.408809 ], [ -97.947621, 22.408787 ], [ -97.947248, 22.408725 ], [ -97.946697, 22.408624 ], [ -97.946372, 22.408601 ], [ -97.945538, 22.408562 ], [ -97.945148, 22.408534 ], [ -97.944776, 22.408507 ], [ -97.94444, 22.40849 ], [ -97.943731, 22.408447 ], [ -97.942795, 22.408789 ], [ -97.942655, 22.408887 ], [ -97.939526, 22.41002 ], [ -97.939448, 22.409966 ], [ -97.939007, 22.410133 ], [ -97.938812, 22.409683 ], [ -97.93835, 22.408626 ], [ -97.938126, 22.408098 ], [ -97.937942, 22.407682 ], [ -97.937707, 22.407174 ], [ -97.93751, 22.406671 ], [ -97.937465, 22.406516 ], [ -97.937319, 22.405996 ], [ -97.937294, 22.405911 ], [ -97.937262, 22.405551 ], [ -97.937238, 22.405203 ], [ -97.937241, 22.404859 ], [ -97.937278, 22.404537 ], [ -97.937383, 22.40355 ], [ -97.937387, 22.403505 ], [ -97.937668, 22.400919 ], [ -97.93767, 22.400877 ], [ -97.94022, 22.402096 ], [ -97.94101, 22.402487 ], [ -97.941889, 22.402925 ], [ -97.943604, 22.403783 ], [ -97.944294, 22.404126 ], [ -97.946047, 22.404998 ], [ -97.946896, 22.405439 ], [ -97.948781, 22.406579 ], [ -97.94926, 22.406851 ] ] ] ] } },
{ "type": "Feature", "properties": { "CVEGEO": "2800300011095", "POB_TOT_20": 0.0, "POB_MASC_2": 0.0, "POB_FEM_20": 0.0, "origen": "2800300011095", "viajes_od_totales_salientes": 0.14, "viajes-total_salientes": 250.0, "viajes_od_totales_norm_salientes": 0.00064492353049566979, "viajes-total_norm_salientes": 0.18925056775170326, "AE_por_fila_salientes": 0.0075442257688483035, "SE_por_fila_salientes": 0.00012677185046390145, "APE_por_fila_salientes": 95.506469069572574, "destino": "2800300011095", "viajes_od_totales_entrantes": 4.44, "viajes-total_entrantes": 272.0, "viajes_od_totales_norm_entrantes": 0.020453289110005528, "viajes-total_norm_entrantes": 0.20590461771385316, "AE_por_fila_entrantes": 0.0061817109534615866, "SE_por_fila_entrantes": 7.7860806569163919e-05, "APE_por_fila_entrantes": 87.988796057759274 }, "geometry": { "type": "MultiPolygon", "coordinates": [ [ [ [ -97.925072, 22.390736 ], [ -97.923806, 22.39048 ], [ -97.923554, 22.39043 ], [ -97.923362, 22.390377 ], [ -97.923185, 22.390315 ], [ -97.923039, 22.390238 ], [ -97.922872, 22.390138 ], [ -97.922731, 22.390039 ], [ -97.922621, 22.389925 ], [ -97.922536, 22.389821 ], [ -97.922435, 22.389702 ], [ -97.922335, 22.389542 ], [ -97.92224, 22.389404 ], [ -97.922175, 22.389281 ], [ -97.922115, 22.389121 ], [ -97.922045, 22.388989 ], [ -97.921976, 22.388838 ], [ -97.921871, 22.388625 ], [ -97.921815, 22.388514 ], [ -97.921695, 22.388344 ], [ -97.921634, 22.388268 ], [ -97.92158, 22.387615 ], [ -97.92158, 22.387611 ], [ -97.921576, 22.387565 ], [ -97.921851, 22.386828 ], [ -97.923112, 22.385368 ], [ -97.923417, 22.384168 ], [ -97.924912, 22.385276 ], [ -97.926253, 22.386271 ], [ -97.926548, 22.386175 ], [ -97.926742, 22.385918 ], [ -97.926845, 22.385908 ], [ -97.926894, 22.386094 ], [ -97.927112, 22.38616 ], [ -97.927265, 22.386078 ], [ -97.927363, 22.386211 ], [ -97.927221, 22.386404 ], [ -97.927271, 22.38654 ], [ -97.927556, 22.386635 ], [ -97.927797, 22.386786 ], [ -97.9276, 22.386992 ], [ -97.927534, 22.387216 ], [ -97.927785, 22.387425 ], [ -97.927714, 22.38792 ], [ -97.927932, 22.388302 ], [ -97.927884, 22.388326 ], [ -97.927625, 22.388453 ], [ -97.927621, 22.388471 ], [ -97.927545, 22.388798 ], [ -97.927521, 22.38901 ], [ -97.927517, 22.389381 ], [ -97.927629, 22.389597 ], [ -97.927742, 22.389974 ], [ -97.92811, 22.390204 ], [ -97.928123, 22.390212 ], [ -97.928128, 22.389962 ], [ -97.92813, 22.38989 ], [ -97.928415, 22.390132 ], [ -97.92877, 22.390212 ], [ -97.928986, 22.390119 ], [ -97.929358, 22.390201 ], [ -97.929178, 22.390934 ], [ -97.92916, 22.391442 ], [ -97.929014, 22.391592 ], [ -97.928688, 22.391493 ], [ -97.928381, 22.391408 ], [ -97.92815, 22.391344 ], [ -97.927614, 22.391245 ], [ -97.927327, 22.391192 ], [ -97.925072, 22.390736 ] ] ] ] } },
{ "type": "Feature", "properties": { "CVEGEO": "280030001081A", "POB_TOT_20": 1133.0, "POB_MASC_2": 566.0, "POB_FEM_20": 567.0, "origen": "280030001081A", "viajes_od_totales_salientes": 27.56, "viajes-total_salientes": 607.0, "viajes_od_totales_norm_salientes": 0.126957803574719, "viajes-total_norm_salientes": 0.45950037850113551, "AE_por_fila_salientes": 0.010735993338541201, "SE_por_fila_salientes": 0.00036590401360282862, "APE_por_fila_salientes": 92.895105678924097, "destino": null, "viajes_od_totales_entrantes": null, "viajes-total_entrantes": null, "viajes_od_totales_norm_entrantes": null, "viajes-total_norm_entrantes": null, "AE_por_fila_entrantes": null, "SE_por_fila_entrantes": null, "APE_por_fila_entrantes": null }, "geometry": { "type": "MultiPolygon", "coordinates": [ [ [ [ -97.913185, 22.408777 ], [ -97.913527, 22.407894 ], [ -97.913784, 22.407269 ], [ -97.913865, 22.407078 ], [ -97.913918, 22.406945 ], [ -97.914307, 22.406028 ], [ -97.914468, 22.405848 ], [ -97.914492, 22.405384 ], [ -97.915018, 22.405419 ], [ -97.915153, 22.405431 ], [ -97.915521, 22.405463 ], [ -97.91564, 22.405476 ], [ -97.916018, 22.405504 ], [ -97.916149, 22.405515 ], [ -97.916314, 22.405523 ], [ -97.916674, 22.40555 ], [ -97.917166, 22.405588 ], [ -97.917691, 22.405626 ], [ -97.918184, 22.405678 ], [ -97.918676, 22.405727 ], [ -97.919199, 22.405762 ], [ -97.919654, 22.405796 ], [ -97.919698, 22.4058 ], [ -97.920155, 22.405823 ], [ -97.920289, 22.405833 ], [ -97.920246, 22.40579 ], [ -97.920526, 22.405814 ], [ -97.920615, 22.405823 ], [ -97.921085, 22.405875 ], [ -97.921052, 22.406256 ], [ -97.920755, 22.406097 ], [ -97.920785, 22.406681 ], [ -97.921258, 22.406753 ], [ -97.921262, 22.407694 ], [ -97.92082, 22.40762 ], [ -97.920728, 22.407605 ], [ -97.920355, 22.407582 ], [ -97.920067, 22.407559 ], [ -97.919972, 22.408305 ], [ -97.919952, 22.408464 ], [ -97.919837, 22.409142 ], [ -97.919805, 22.409287 ], [ -97.919662, 22.40928 ], [ -97.919545, 22.409268 ], [ -97.919453, 22.409262 ], [ -97.918976, 22.409219 ], [ -97.918448, 22.409168 ], [ -97.917901, 22.409121 ], [ -97.917451, 22.409091 ], [ -97.916957, 22.409047 ], [ -97.916435, 22.409013 ], [ -97.915945, 22.408971 ], [ -97.915436, 22.408939 ], [ -97.91489, 22.408893 ], [ -97.914527, 22.408869 ], [ -97.913185, 22.408777 ] ] ] ] } },
{ "type": "Feature", "properties": { "CVEGEO": "2800300012002", "POB_TOT_20": 370.0, "POB_MASC_2": 179.0, "POB_FEM_20": 191.0, "origen": "2800300012002", "viajes_od_totales_salientes": 0.6, "viajes-total_salientes": 22.0, "viajes_od_totales_norm_salientes": 0.0027639579878385848, "viajes-total_norm_salientes": 0.016654049962149888, "AE_por_fila_salientes": 0.006945045987155651, "SE_por_fila_salientes": 5.8219482639914626e-05, "APE_por_fila_salientes": 89.261210288427151, "destino": "2800300012002", "viajes_od_totales_entrantes": 0.06, "viajes-total_entrantes": 15.0, "viajes_od_totales_norm_entrantes": 0.00027639579878385847, "viajes-total_norm_entrantes": 0.011355034065102194, "AE_por_fila_entrantes": 0.0055393191331591686, "SE_por_fila_entrantes": 3.1678674733511716e-05, "APE_por_fila_entrantes": 97.971561943369579 }, "geometry": { "type": "MultiPolygon", "coordinates": [ [ [ [ -97.930518, 22.428031 ], [ -97.930992, 22.428091 ], [ -97.930862, 22.42902 ], [ -97.93038, 22.428948 ], [ -97.929898, 22.428888 ], [ -97.929396, 22.428813 ], [ -97.928989, 22.428766 ], [ -97.928836, 22.429591 ], [ -97.928806, 22.429752 ], [ -97.928751, 22.429745 ], [ -97.927485, 22.429589 ], [ -97.927481, 22.429589 ], [ -97.927021, 22.429532 ], [ -97.926541, 22.429472 ], [ -97.926054, 22.429412 ], [ -97.925567, 22.429352 ], [ -97.925101, 22.429294 ], [ -97.924927, 22.429273 ], [ -97.924603, 22.429233 ], [ -97.924601, 22.429232 ], [ -97.924101, 22.42917 ], [ -97.923644, 22.429114 ], [ -97.923145, 22.429052 ], [ -97.922654, 22.428991 ], [ -97.922519, 22.428975 ], [ -97.922164, 22.428931 ], [ -97.922189, 22.428769 ], [ -97.922318, 22.427928 ], [ -97.922307, 22.427926 ], [ -97.921841, 22.427868 ], [ -97.921763, 22.427855 ], [ -97.921365, 22.427804 ], [ -97.920896, 22.42774 ], [ -97.920406, 22.427677 ], [ -97.919947, 22.427627 ], [ -97.919893, 22.427546 ], [ -97.920026, 22.426694 ], [ -97.920538, 22.426764 ], [ -97.921021, 22.426817 ], [ -97.921488, 22.426884 ], [ -97.921976, 22.426962 ], [ -97.922461, 22.427023 ], [ -97.922951, 22.427094 ], [ -97.923426, 22.427151 ], [ -97.923924, 22.427215 ], [ -97.924371, 22.427277 ], [ -97.924899, 22.427341 ], [ -97.925375, 22.427381 ], [ -97.925875, 22.427437 ], [ -97.926334, 22.427507 ], [ -97.926815, 22.427579 ], [ -97.927285, 22.427645 ], [ -97.92774, 22.427714 ], [ -97.927777, 22.427735 ], [ -97.928224, 22.427792 ], [ -97.928602, 22.427822 ], [ -97.929162, 22.42788 ], [ -97.929559, 22.427917 ], [ -97.930062, 22.427981 ], [ -97.930518, 22.428031 ] ] ] ] } },
{ "type": "Feature", "properties": { "CVEGEO": "2800300011841", "POB_TOT_20": 1119.0, "POB_MASC_2": 559.0, "POB_FEM_20": 560.0, "origen": "2800300011841", "viajes_od_totales_salientes": 10.04, "viajes-total_salientes": 234.0, "viajes_od_totales_norm_salientes": 0.046250230329832318, "viajes-total_norm_salientes": 0.17713853141559424, "AE_por_fila_salientes": 0.010062734949001255, "SE_por_fila_salientes": 0.00014798613889863062, "APE_por_fila_salientes": 116.11844075154831, "destino": "2800300011841", "viajes_od_totales_entrantes": 4.0, "viajes-total_entrantes": 301.0, "viajes_od_totales_norm_entrantes": 0.018426386585590565, "viajes-total_norm_entrantes": 0.22785768357305072, "AE_por_fila_entrantes": 0.0077819723935459778, "SE_por_fila_entrantes": 8.6368975439466041e-05, "APE_por_fila_entrantes": 90.538198900489618 }, "geometry": { "type": "MultiPolygon", "coordinates": [ [ [ [ -97.918576, 22.422822 ], [ -97.920114, 22.423019 ], [ -97.920166, 22.422961 ], [ -97.920402, 22.422712 ], [ -97.920523, 22.422729 ], [ -97.921031, 22.422798 ], [ -97.921521, 22.422868 ], [ -97.921966, 22.422926 ], [ -97.92247, 22.422997 ], [ -97.922952, 22.423067 ], [ -97.923071, 22.423048 ], [ -97.923458, 22.423203 ], [ -97.923903, 22.423236 ], [ -97.924378, 22.423274 ], [ -97.924364, 22.423461 ], [ -97.924293, 22.423694 ], [ -97.924265, 22.424128 ], [ -97.924126, 22.424961 ], [ -97.924287, 22.424985 ], [ -97.924327, 22.425508 ], [ -97.924796, 22.425564 ], [ -97.925315, 22.425635 ], [ -97.925386, 22.426544 ], [ -97.925525, 22.426562 ], [ -97.925375, 22.427381 ], [ -97.924899, 22.427341 ], [ -97.924371, 22.427277 ], [ -97.923924, 22.427215 ], [ -97.923426, 22.427151 ], [ -97.922951, 22.427094 ], [ -97.922461, 22.427023 ], [ -97.921976, 22.426962 ], [ -97.921488, 22.426884 ], [ -97.921021, 22.426817 ], [ -97.920538, 22.426764 ], [ -97.920026, 22.426694 ], [ -97.919583, 22.426627 ], [ -97.919225, 22.426579 ], [ -97.919069, 22.426553 ], [ -97.9186, 22.42594 ], [ -97.918597, 22.425245 ], [ -97.918596, 22.424776 ], [ -97.918596, 22.424736 ], [ -97.918599, 22.424491 ], [ -97.9186, 22.424367 ], [ -97.918578, 22.422988 ], [ -97.918576, 22.422822 ] ] ] ] } },
{ "type": "Feature", "properties": { "CVEGEO": "2800300012017", "POB_TOT_20": 130.0, "POB_MASC_2": 70.0, "POB_FEM_20": 60.0, "origen": "2800300012017", "viajes_od_totales_salientes": 0.18, "viajes-total_salientes": 44.0, "viajes_od_totales_norm_salientes": 0.00082918739635157537, "viajes-total_norm_salientes": 0.033308099924299776, "AE_por_fila_salientes": 0.016239456263974099, "SE_por_fila_salientes": 0.00027054987972853278, "APE_por_fila_salientes": 97.893545095037638, "destino": "2800300012017", "viajes_od_totales_entrantes": 0.54, "viajes-total_entrantes": 53.0, "viajes_od_totales_norm_entrantes": 0.0024875621890547263, "viajes-total_norm_entrantes": 0.040121120363361087, "AE_por_fila_entrantes": 0.0094083895435765896, "SE_por_fila_entrantes": 0.00010226833495204908, "APE_por_fila_entrantes": 94.626418481557991 }, "geometry": { "type": "MultiPolygon", "coordinates": [ [ [ [ -97.9186, 22.424367 ], [ -97.918599, 22.424491 ], [ -97.918596, 22.424736 ], [ -97.918596, 22.424776 ], [ -97.918597, 22.425245 ], [ -97.9186, 22.42594 ], [ -97.91769, 22.42563 ], [ -97.917594, 22.425718 ], [ -97.91755, 22.425759 ], [ -97.917523, 22.42574 ], [ -97.917422, 22.425667 ], [ -97.91723, 22.425529 ], [ -97.917206, 22.425511 ], [ -97.917176, 22.425498 ], [ -97.917092, 22.425461 ], [ -97.91682, 22.425342 ], [ -97.916792, 22.42533 ], [ -97.916755, 22.425316 ], [ -97.916311, 22.425149 ], [ -97.916299, 22.425145 ], [ -97.916258, 22.425131 ], [ -97.915885, 22.425009 ], [ -97.915873, 22.425005 ], [ -97.915836, 22.424992 ], [ -97.915711, 22.424947 ], [ -97.915575, 22.424898 ], [ -97.915321, 22.424807 ], [ -97.915082, 22.424721 ], [ -97.91525, 22.42473 ], [ -97.915381, 22.424741 ], [ -97.915458, 22.424747 ], [ -97.915643, 22.424141 ], [ -97.916104, 22.424172 ], [ -97.916574, 22.424205 ], [ -97.917111, 22.424257 ], [ -97.917538, 22.424277 ], [ -97.918046, 22.424318 ], [ -97.9186, 22.424367 ] ] ] ] } },
{ "type": "Feature", "properties": { "CVEGEO": "2800300011466", "POB_TOT_20": 670.0, "POB_MASC_2": 340.0, "POB_FEM_20": 330.0, "origen": "2800300011466", "viajes_od_totales_salientes": 15.12, "viajes-total_salientes": 130.0, "viajes_od_totales_norm_salientes": 0.06965174129353234, "viajes-total_norm_salientes": 0.09841029523088568, "AE_por_fila_salientes": 0.010782145441927531, "SE_por_fila_salientes": 0.00030653847014711538, "APE_por_fila_salientes": 130.02762577389441, "destino": "2800300011466", "viajes_od_totales_entrantes": 8.62, "viajes-total_entrantes": 156.0, "viajes_od_totales_norm_entrantes": 0.039708863091947669, "viajes-total_norm_entrantes": 0.11809235427706283, "AE_por_fila_entrantes": 0.008326769252772594, "SE_por_fila_entrantes": 0.00010411725350132237, "APE_por_fila_entrantes": 97.499191286366525 }, "geometry": { "type": "MultiPolygon", "coordinates": [ [ [ [ -97.930465, 22.425519 ], [ -97.930385, 22.425601 ], [ -97.930369, 22.425771 ], [ -97.930532, 22.425791 ], [ -97.930537, 22.426317 ], [ -97.930537, 22.426396 ], [ -97.930541, 22.427196 ], [ -97.93065, 22.427257 ], [ -97.930518, 22.428031 ], [ -97.930062, 22.427981 ], [ -97.929559, 22.427917 ], [ -97.929162, 22.42788 ], [ -97.928602, 22.427822 ], [ -97.928224, 22.427792 ], [ -97.927777, 22.427735 ], [ -97.92774, 22.427714 ], [ -97.927285, 22.427645 ], [ -97.926815, 22.427579 ], [ -97.926334, 22.427507 ], [ -97.925875, 22.427437 ], [ -97.925375, 22.427381 ], [ -97.925525, 22.426562 ], [ -97.925386, 22.426544 ], [ -97.925315, 22.425635 ], [ -97.924796, 22.425564 ], [ -97.924327, 22.425508 ], [ -97.924287, 22.424985 ], [ -97.924646, 22.425019 ], [ -97.924775, 22.425033 ], [ -97.925102, 22.425075 ], [ -97.925259, 22.425094 ], [ -97.925589, 22.425143 ], [ -97.925766, 22.425163 ], [ -97.926076, 22.425206 ], [ -97.926241, 22.425226 ], [ -97.926721, 22.42528 ], [ -97.927038, 22.425327 ], [ -97.927199, 22.425351 ], [ -97.927506, 22.425388 ], [ -97.927677, 22.425411 ], [ -97.928393, 22.425513 ], [ -97.928601, 22.425541 ], [ -97.928948, 22.42559 ], [ -97.929063, 22.424759 ], [ -97.929661, 22.425065 ], [ -97.929984, 22.425239 ], [ -97.930407, 22.425485 ], [ -97.930465, 22.425519 ] ] ] ] } },
{ "type": "Feature", "properties": { "CVEGEO": "2800301220326", "POB_TOT_20": 1.0, "POB_MASC_2": null, "POB_FEM_20": null, "origen": "2800301220326", "viajes_od_totales_salientes": 0.34, "viajes-total_salientes": 713.0, "viajes_od_totales_norm_salientes": 0.0015662428597751981, "viajes-total_norm_salientes": 0.53974261922785771, "AE_por_fila_salientes": 0.016308375041457046, "SE_por_fila_salientes": 0.00057676515611617741, "APE_por_fila_salientes": 96.548622187218839, "destino": "2800301220326", "viajes_od_totales_entrantes": 83.06, "viajes-total_entrantes": 951.0, "viajes_od_totales_norm_entrantes": 0.38262391744978808, "viajes-total_norm_entrantes": 0.71990915972747915, "AE_por_fila_entrantes": 0.019920435814645091, "SE_por_fila_entrantes": 0.0011830145565917014, "APE_por_fila_entrantes": 168.20568703922825 }, "geometry": { "type": "MultiPolygon", "coordinates": [ [ [ [ -97.871768, 22.353549 ], [ -97.87173, 22.353556 ], [ -97.871696, 22.353566 ], [ -97.871599, 22.3536 ], [ -97.871535, 22.353624 ], [ -97.871459, 22.353653 ], [ -97.871373, 22.353687 ], [ -97.871274, 22.353727 ], [ -97.871157, 22.353775 ], [ -97.871018, 22.353834 ], [ -97.870851, 22.353907 ], [ -97.87065, 22.353995 ], [ -97.870124, 22.354233 ], [ -97.869788, 22.354388 ], [ -97.8694, 22.354569 ], [ -97.868969, 22.35477 ], [ -97.868511, 22.354986 ], [ -97.868038, 22.355209 ], [ -97.867565, 22.355433 ], [ -97.867106, 22.355651 ], [ -97.866675, 22.355857 ], [ -97.866285, 22.356044 ], [ -97.865949, 22.356207 ], [ -97.865423, 22.356463 ], [ -97.865225, 22.356561 ], [ -97.865063, 22.356642 ], [ -97.864934, 22.356707 ], [ -97.86475, 22.356802 ], [ -97.864688, 22.356834 ], [ -97.864641, 22.356859 ], [ -97.864607, 22.356877 ], [ -97.864583, 22.356889 ], [ -97.864554, 22.356909 ], [ -97.864552, 22.356929 ], [ -97.864548, 22.356945 ], [ -97.864527, 22.356961 ], [ -97.864083, 22.357171 ], [ -97.863535, 22.357244 ], [ -97.86322, 22.35724 ], [ -97.863204, 22.357239 ], [ -97.86334, 22.356865 ], [ -97.863408, 22.356554 ], [ -97.863746, 22.353663 ], [ -97.86382, 22.353508 ], [ -97.863821, 22.353395 ], [ -97.86375, 22.353191 ], [ -97.863518, 22.353086 ], [ -97.863355, 22.352624 ], [ -97.863295, 22.352434 ], [ -97.863304, 22.352313 ], [ -97.863322, 22.352268 ], [ -97.863337, 22.352221 ], [ -97.863359, 22.352178 ], [ -97.863379, 22.352127 ], [ -97.863408, 22.352082 ], [ -97.863411, 22.352037 ], [ -97.863462, 22.351344 ], [ -97.86345, 22.351294 ], [ -97.863428, 22.351139 ], [ -97.863429, 22.350982 ], [ -97.863515, 22.350782 ], [ -97.863505, 22.35059 ], [ -97.863411, 22.350242 ], [ -97.863315, 22.350128 ], [ -97.86311, 22.350081 ], [ -97.863062, 22.350013 ], [ -97.863102, 22.349973 ], [ -97.863215, 22.349879 ], [ -97.863342, 22.349801 ], [ -97.863417, 22.349532 ], [ -97.863394, 22.349318 ], [ -97.863251, 22.34908 ], [ -97.863046, 22.34901 ], [ -97.862902, 22.348899 ], [ -97.862768, 22.348875 ], [ -97.862647, 22.348963 ], [ -97.862597, 22.349064 ], [ -97.862514, 22.348995 ], [ -97.862527, 22.348851 ], [ -97.862582, 22.348736 ], [ -97.862579, 22.348687 ], [ -97.862544, 22.348553 ], [ -97.862495, 22.3483 ], [ -97.862464, 22.348275 ], [ -97.86243, 22.348254 ], [ -97.862393, 22.348237 ], [ -97.862355, 22.348226 ], [ -97.862314, 22.34822 ], [ -97.862266, 22.348219 ], [ -97.862146, 22.348128 ], [ -97.862134, 22.348038 ], [ -97.862025, 22.348116 ], [ -97.86204, 22.348186 ], [ -97.862065, 22.348252 ], [ -97.862075, 22.348294 ], [ -97.862098, 22.348352 ], [ -97.862123, 22.348405 ], [ -97.862074, 22.348459 ], [ -97.861986, 22.348463 ], [ -97.861939, 22.348262 ], [ -97.861932, 22.348258 ], [ -97.861903, 22.348239 ], [ -97.861854, 22.348261 ], [ -97.861825, 22.348398 ], [ -97.861763, 22.348416 ], [ -97.861782, 22.348261 ], [ -97.861741, 22.348177 ], [ -97.861687, 22.3481 ], [ -97.861623, 22.34803 ], [ -97.861602, 22.348011 ], [ -97.861376, 22.34756 ], [ -97.86127, 22.347255 ], [ -97.861272, 22.346984 ], [ -97.861214, 22.346891 ], [ -97.861163, 22.346777 ], [ -97.861129, 22.346657 ], [ -97.861033, 22.346566 ], [ -97.860857, 22.346494 ], [ -97.86069, 22.346488 ], [ -97.863521, 22.346007 ], [ -97.863688, 22.345909 ], [ -97.863741, 22.345831 ], [ -97.863923, 22.345159 ], [ -97.864566, 22.342759 ], [ -97.865007, 22.342842 ], [ -97.865255, 22.34291 ], [ -97.865513, 22.342971 ], [ -97.866118, 22.343115 ], [ -97.866673, 22.343248 ], [ -97.866823, 22.343301 ], [ -97.867176, 22.343199 ], [ -97.868074, 22.342896 ], [ -97.868527, 22.342755 ], [ -97.869065, 22.342556 ], [ -97.870013, 22.342219 ], [ -97.870899, 22.341897 ], [ -97.87124, 22.342779 ], [ -97.872098, 22.34242 ], [ -97.87248, 22.343322 ], [ -97.873458, 22.34295 ], [ -97.873656, 22.343393 ], [ -97.873837, 22.343476 ], [ -97.875823, 22.344325 ], [ -97.875979, 22.344922 ], [ -97.876098, 22.345378 ], [ -97.876408, 22.34587 ], [ -97.876731, 22.346256 ], [ -97.878167, 22.347801 ], [ -97.87782, 22.348182 ], [ -97.877681, 22.348449 ], [ -97.877651, 22.348755 ], [ -97.877658, 22.348937 ], [ -97.878297, 22.350399 ], [ -97.878339, 22.350596 ], [ -97.878346, 22.350823 ], [ -97.878222, 22.351056 ], [ -97.877868, 22.351379 ], [ -97.875389, 22.353498 ], [ -97.875195, 22.35362 ], [ -97.874919, 22.35365 ], [ -97.874148, 22.35358 ], [ -97.87315, 22.353502 ], [ -97.872482, 22.353498 ], [ -97.871768, 22.353549 ] ] ] ] } },
{ "type": "Feature", "properties": { "CVEGEO": "2800301220862", "POB_TOT_20": 1050.0, "POB_MASC_2": 535.0, "POB_FEM_20": 515.0, "origen": "2800301220862", "viajes_od_totales_salientes": 2.88, "viajes-total_salientes": 432.0, "viajes_od_totales_norm_salientes": 0.013266998341625208, "viajes-total_norm_salientes": 0.32702498107494321, "AE_por_fila_salientes": 0.019609873920832376, "SE_por_fila_salientes": 0.0010101930222967395, "APE_por_fila_salientes": 91.052869813852141, "destino": "2800301220862", "viajes_od_totales_entrantes": 1.0, "viajes-total_entrantes": 455.0, "viajes_od_totales_norm_entrantes": 0.0046065966463976413, "viajes-total_norm_entrantes": 0.34443603330809991, "AE_por_fila_entrantes": 0.016991471833085116, "SE_por_fila_entrantes": 0.00095637336989422956, "APE_por_fila_entrantes": 92.939739496157102 }, "geometry": { "type": "MultiPolygon", "coordinates": [ [ [ [ -97.86069, 22.346488 ], [ -97.860857, 22.346494 ], [ -97.861033, 22.346566 ], [ -97.861129, 22.346657 ], [ -97.861163, 22.346777 ], [ -97.861214, 22.346891 ], [ -97.861272, 22.346984 ], [ -97.86127, 22.347255 ], [ -97.861376, 22.34756 ], [ -97.861602, 22.348011 ], [ -97.861623, 22.34803 ], [ -97.861687, 22.3481 ], [ -97.861741, 22.348177 ], [ -97.861782, 22.348261 ], [ -97.861763, 22.348416 ], [ -97.861825, 22.348398 ], [ -97.861854, 22.348261 ], [ -97.861903, 22.348239 ], [ -97.861932, 22.348258 ], [ -97.861939, 22.348262 ], [ -97.861986, 22.348463 ], [ -97.862074, 22.348459 ], [ -97.862123, 22.348405 ], [ -97.862098, 22.348352 ], [ -97.862075, 22.348294 ], [ -97.862065, 22.348252 ], [ -97.86204, 22.348186 ], [ -97.862025, 22.348116 ], [ -97.862134, 22.348038 ], [ -97.862146, 22.348128 ], [ -97.862266, 22.348219 ], [ -97.862314, 22.34822 ], [ -97.862355, 22.348226 ], [ -97.862393, 22.348237 ], [ -97.86243, 22.348254 ], [ -97.862464, 22.348275 ], [ -97.862495, 22.3483 ], [ -97.862544, 22.348553 ], [ -97.862579, 22.348687 ], [ -97.862582, 22.348736 ], [ -97.862527, 22.348851 ], [ -97.862514, 22.348995 ], [ -97.862597, 22.349064 ], [ -97.862647, 22.348963 ], [ -97.862768, 22.348875 ], [ -97.862902, 22.348899 ], [ -97.863046, 22.34901 ], [ -97.863251, 22.34908 ], [ -97.863394, 22.349318 ], [ -97.863417, 22.349532 ], [ -97.863342, 22.349801 ], [ -97.863215, 22.349879 ], [ -97.863102, 22.349973 ], [ -97.863062, 22.350013 ], [ -97.86311, 22.350081 ], [ -97.863315, 22.350128 ], [ -97.863411, 22.350242 ], [ -97.863505, 22.35059 ], [ -97.863515, 22.350782 ], [ -97.863429, 22.350982 ], [ -97.863428, 22.351139 ], [ -97.86345, 22.351294 ], [ -97.863462, 22.351344 ], [ -97.863411, 22.352037 ], [ -97.863408, 22.352082 ], [ -97.863379, 22.352127 ], [ -97.863359, 22.352178 ], [ -97.863337, 22.352221 ], [ -97.863322, 22.352268 ], [ -97.863304, 22.352313 ], [ -97.863295, 22.352434 ], [ -97.863355, 22.352624 ], [ -97.863518, 22.353086 ], [ -97.86375, 22.353191 ], [ -97.863821, 22.353395 ], [ -97.86382, 22.353508 ], [ -97.863746, 22.353663 ], [ -97.863408, 22.356554 ], [ -97.86334, 22.356865 ], [ -97.863204, 22.357239 ], [ -97.862684, 22.357143 ], [ -97.861891, 22.356823 ], [ -97.859769, 22.355962 ], [ -97.858763, 22.35554 ], [ -97.858491, 22.355422 ], [ -97.857703, 22.355063 ], [ -97.857615, 22.355022 ], [ -97.857538, 22.355012 ], [ -97.857257, 22.354975 ], [ -97.856512, 22.354889 ], [ -97.856189, 22.354841 ], [ -97.854682, 22.354651 ], [ -97.853801, 22.354542 ], [ -97.853773, 22.35438 ], [ -97.852847, 22.354536 ], [ -97.852649, 22.354073 ], [ -97.852435, 22.353641 ], [ -97.852628, 22.353611 ], [ -97.853433, 22.353478 ], [ -97.853295, 22.35299 ], [ -97.853699, 22.352923 ], [ -97.854636, 22.352779 ], [ -97.855515, 22.352643 ], [ -97.855429, 22.352132 ], [ -97.855215, 22.351663 ], [ -97.85511, 22.351174 ], [ -97.855335, 22.351131 ], [ -97.855359, 22.35076 ], [ -97.855353, 22.350694 ], [ -97.855393, 22.350687 ], [ -97.855503, 22.350669 ], [ -97.855525, 22.350236 ], [ -97.855525, 22.350196 ], [ -97.855559, 22.350134 ], [ -97.855657, 22.349719 ], [ -97.855655, 22.349701 ], [ -97.855805, 22.349674 ], [ -97.855853, 22.349639 ], [ -97.855787, 22.349216 ], [ -97.855784, 22.349188 ], [ -97.85594, 22.34915 ], [ -97.855937, 22.348711 ], [ -97.855907, 22.348238 ], [ -97.855904, 22.347756 ], [ -97.85589, 22.347247 ], [ -97.855906, 22.347244 ], [ -97.856122, 22.347213 ], [ -97.857505, 22.346984 ], [ -97.86069, 22.346488 ] ] ] ] } },
{ "type": "Feature", "properties": { "CVEGEO": "280030122117A", "POB_TOT_20": 1391.0, "POB_MASC_2": 697.0, "POB_FEM_20": 694.0, "origen": "280030122117A", "viajes_od_totales_salientes": 3.06, "viajes-total_salientes": 555.0, "viajes_od_totales_norm_salientes": 0.014096185737976783, "viajes-total_norm_salientes": 0.42013626040878121, "AE_por_fila_salientes": 0.014514049935447868, "SE_por_fila_salientes": 0.00066930108776287159, "APE_por_fila_salientes": 92.168247655230331, "destino": null, "viajes_od_totales_entrantes": null, "viajes-total_entrantes": null, "viajes_od_totales_norm_entrantes": null, "viajes-total_norm_entrantes": null, "AE_por_fila_entrantes": null, "SE_por_fila_entrantes": null, "APE_por_fila_entrantes": null }, "geometry": { "type": "MultiPolygon", "coordinates": [ [ [ [ -97.850516, 22.35475 ], [ -97.849959, 22.35466 ], [ -97.849864, 22.354663 ], [ -97.849815, 22.354664 ], [ -97.847688, 22.354505 ], [ -97.846063, 22.348801 ], [ -97.846033, 22.348693 ], [ -97.845095, 22.345396 ], [ -97.845093, 22.34538 ], [ -97.845087, 22.345367 ], [ -97.845077, 22.345357 ], [ -97.845063, 22.345351 ], [ -97.845049, 22.345348 ], [ -97.845032, 22.345345 ], [ -97.845018, 22.345344 ], [ -97.845, 22.345343 ], [ -97.844982, 22.345343 ], [ -97.846644, 22.344383 ], [ -97.846713, 22.344384 ], [ -97.8468, 22.344334 ], [ -97.847239, 22.344077 ], [ -97.849125, 22.343569 ], [ -97.849193, 22.343967 ], [ -97.849255, 22.344398 ], [ -97.849272, 22.344461 ], [ -97.849345, 22.344905 ], [ -97.849416, 22.345357 ], [ -97.849498, 22.345828 ], [ -97.849576, 22.346278 ], [ -97.849662, 22.346748 ], [ -97.849748, 22.347201 ], [ -97.849828, 22.347684 ], [ -97.84986, 22.347775 ], [ -97.849925, 22.3482 ], [ -97.84922, 22.348307 ], [ -97.849326, 22.348865 ], [ -97.84943, 22.349352 ], [ -97.84952, 22.349824 ], [ -97.849615, 22.350277 ], [ -97.849731, 22.350747 ], [ -97.849817, 22.351195 ], [ -97.849906, 22.351669 ], [ -97.849992, 22.352123 ], [ -97.850082, 22.352582 ], [ -97.850167, 22.353043 ], [ -97.850256, 22.353506 ], [ -97.850352, 22.353999 ], [ -97.850452, 22.35444 ], [ -97.850516, 22.35475 ] ] ] ] } },
{ "type": "Feature", "properties": { "CVEGEO": "2800301220881", "POB_TOT_20": 984.0, "POB_MASC_2": 486.0, "POB_FEM_20": 498.0, "origen": "2800301220881", "viajes_od_totales_salientes": 2.14, "viajes-total_salientes": 780.0, "viajes_od_totales_norm_salientes": 0.0098581168232909529, "viajes-total_norm_salientes": 0.59046177138531419, "AE_por_fila_salientes": 0.021503839057852712, "SE_por_fila_salientes": 0.0011659173510394293, "APE_por_fila_salientes": 94.706754902298044, "destino": "2800301220881", "viajes_od_totales_entrantes": 6.38, "viajes-total_entrantes": 808.0, "viajes_od_totales_norm_entrantes": 0.02939008660401695, "viajes-total_norm_entrantes": 0.6116578349735049, "AE_por_fila_entrantes": 0.018930940025997083, "SE_por_fila_entrantes": 0.0008166356242117164, "APE_por_fila_entrantes": 89.57247235330334 }, "geometry": { "type": "MultiPolygon", "coordinates": [ [ [ [ -97.850516, 22.35475 ], [ -97.850452, 22.35444 ], [ -97.850352, 22.353999 ], [ -97.850256, 22.353506 ], [ -97.850167, 22.353043 ], [ -97.850082, 22.352582 ], [ -97.849992, 22.352123 ], [ -97.849906, 22.351669 ], [ -97.849817, 22.351195 ], [ -97.849731, 22.350747 ], [ -97.849615, 22.350277 ], [ -97.84952, 22.349824 ], [ -97.84943, 22.349352 ], [ -97.849326, 22.348865 ], [ -97.84922, 22.348307 ], [ -97.849925, 22.3482 ], [ -97.850405, 22.348102 ], [ -97.850428, 22.348101 ], [ -97.850986, 22.34801 ], [ -97.852066, 22.347858 ], [ -97.852308, 22.348386 ], [ -97.852485, 22.348831 ], [ -97.852626, 22.349269 ], [ -97.852661, 22.3493 ], [ -97.852728, 22.349486 ], [ -97.852962, 22.34967 ], [ -97.853006, 22.349702 ], [ -97.853051, 22.349736 ], [ -97.853283, 22.350087 ], [ -97.853299, 22.350115 ], [ -97.853325, 22.35016 ], [ -97.853393, 22.350508 ], [ -97.853406, 22.35056 ], [ -97.853423, 22.350604 ], [ -97.853609, 22.350927 ], [ -97.853615, 22.350972 ], [ -97.853621, 22.351017 ], [ -97.853645, 22.351392 ], [ -97.853648, 22.35144 ], [ -97.853651, 22.351492 ], [ -97.853595, 22.351832 ], [ -97.8536, 22.35188 ], [ -97.853604, 22.351923 ], [ -97.853608, 22.35197 ], [ -97.853645, 22.35237 ], [ -97.85365, 22.352413 ], [ -97.853654, 22.35246 ], [ -97.85369, 22.352875 ], [ -97.853699, 22.352923 ], [ -97.853295, 22.35299 ], [ -97.853433, 22.353478 ], [ -97.852628, 22.353611 ], [ -97.852435, 22.353641 ], [ -97.852649, 22.354073 ], [ -97.852847, 22.354536 ], [ -97.853773, 22.35438 ], [ -97.853801, 22.354542 ], [ -97.85355, 22.354608 ], [ -97.853259, 22.354798 ], [ -97.853145, 22.355073 ], [ -97.851719, 22.354917 ], [ -97.851084, 22.354837 ], [ -97.850516, 22.35475 ] ] ] ] } },
{ "type": "Feature", "properties": { "CVEGEO": "2800301220896", "POB_TOT_20": 1664.0, "POB_MASC_2": 833.0, "POB_FEM_20": 831.0, "origen": "2800301220896", "viajes_od_totales_salientes": 14.62, "viajes-total_salientes": 216.0, "viajes_od_totales_norm_salientes": 0.067348442970333516, "viajes-total_norm_salientes": 0.16351249053747161, "AE_por_fila_salientes": 0.011189663504110237, "SE_por_fila_salientes": 0.00029895421216546942, "APE_por_fila_salientes": 165.45471791702167, "destino": "2800301220896", "viajes_od_totales_entrantes": 18.86, "viajes-total_entrantes": 286.0, "viajes_od_totales_norm_entrantes": 0.08688041275105951, "viajes-total_norm_entrantes": 0.21650264950794854, "AE_por_fila_entrantes": 0.0073423305989468368, "SE_por_fila_entrantes": 8.9723785572397709e-05, "APE_por_fila_entrantes": 89.240269300136617 }, "geometry": { "type": "MultiPolygon", "coordinates": [ [ [ [ -97.856122, 22.347213 ], [ -97.855906, 22.347244 ], [ -97.85589, 22.347247 ], [ -97.855572, 22.347294 ], [ -97.855218, 22.347339 ], [ -97.854701, 22.347454 ], [ -97.853628, 22.347605 ], [ -97.852066, 22.347858 ], [ -97.850986, 22.34801 ], [ -97.850428, 22.348101 ], [ -97.850405, 22.348102 ], [ -97.849925, 22.3482 ], [ -97.84986, 22.347775 ], [ -97.849828, 22.347684 ], [ -97.849748, 22.347201 ], [ -97.849662, 22.346748 ], [ -97.849576, 22.346278 ], [ -97.849498, 22.345828 ], [ -97.849416, 22.345357 ], [ -97.849345, 22.344905 ], [ -97.849272, 22.344461 ], [ -97.849255, 22.344398 ], [ -97.849193, 22.343967 ], [ -97.849125, 22.343569 ], [ -97.849494, 22.343478 ], [ -97.849963, 22.343347 ], [ -97.85146, 22.342655 ], [ -97.851555, 22.342397 ], [ -97.85158, 22.342174 ], [ -97.85155, 22.341375 ], [ -97.851616, 22.340841 ], [ -97.851699, 22.340727 ], [ -97.851897, 22.340755 ], [ -97.851896, 22.340964 ], [ -97.851923, 22.341155 ], [ -97.851928, 22.341177 ], [ -97.852015, 22.341259 ], [ -97.852304, 22.341261 ], [ -97.852416, 22.3412 ], [ -97.852561, 22.340871 ], [ -97.852615, 22.340675 ], [ -97.853057, 22.340763 ], [ -97.853173, 22.341657 ], [ -97.85316, 22.341858 ], [ -97.853198, 22.341872 ], [ -97.853258, 22.341836 ], [ -97.85332, 22.341724 ], [ -97.853428, 22.341675 ], [ -97.853523, 22.341679 ], [ -97.853616, 22.341696 ], [ -97.853711, 22.341726 ], [ -97.853776, 22.341847 ], [ -97.853783, 22.341932 ], [ -97.853778, 22.342026 ], [ -97.853757, 22.34213 ], [ -97.853742, 22.34221 ], [ -97.853702, 22.342307 ], [ -97.853648, 22.342403 ], [ -97.853576, 22.342465 ], [ -97.853557, 22.34248 ], [ -97.853526, 22.342491 ], [ -97.853484, 22.3425 ], [ -97.853438, 22.3425 ], [ -97.853392, 22.342487 ], [ -97.853344, 22.342459 ], [ -97.853297, 22.342413 ], [ -97.85324, 22.342329 ], [ -97.853227, 22.342253 ], [ -97.853228, 22.342189 ], [ -97.853212, 22.342134 ], [ -97.853206, 22.34209 ], [ -97.853116, 22.342081 ], [ -97.85304, 22.342352 ], [ -97.853029, 22.342413 ], [ -97.852994, 22.342607 ], [ -97.85299, 22.342754 ], [ -97.852994, 22.342803 ], [ -97.853011, 22.342872 ], [ -97.85302, 22.342888 ], [ -97.85309, 22.34304 ], [ -97.853182, 22.343182 ], [ -97.853235, 22.343275 ], [ -97.85326, 22.343295 ], [ -97.85328, 22.343321 ], [ -97.85348, 22.343692 ], [ -97.853493, 22.343721 ], [ -97.853507, 22.343739 ], [ -97.853587, 22.34389 ], [ -97.853676, 22.344123 ], [ -97.853699, 22.344183 ], [ -97.853709, 22.34421 ], [ -97.853833, 22.344604 ], [ -97.853885, 22.344636 ], [ -97.853914, 22.344675 ], [ -97.854107, 22.345045 ], [ -97.854123, 22.34508 ], [ -97.854138, 22.345123 ], [ -97.854259, 22.345423 ], [ -97.854308, 22.345506 ], [ -97.854337, 22.345523 ], [ -97.854737, 22.34574 ], [ -97.854794, 22.345754 ], [ -97.854852, 22.345761 ], [ -97.854912, 22.345761 ], [ -97.85497, 22.345753 ], [ -97.855011, 22.345742 ], [ -97.855167, 22.345619 ], [ -97.855473, 22.345294 ], [ -97.855721, 22.345227 ], [ -97.855734, 22.345223 ], [ -97.855793, 22.345214 ], [ -97.855852, 22.345212 ], [ -97.855912, 22.345218 ], [ -97.85597, 22.345231 ], [ -97.856028, 22.345253 ], [ -97.85611, 22.345331 ], [ -97.856131, 22.345351 ], [ -97.856155, 22.345494 ], [ -97.856153, 22.345723 ], [ -97.856037, 22.346589 ], [ -97.856033, 22.34665 ], [ -97.856122, 22.347213 ] ] ] ] } },
{ "type": "Feature", "properties": { "CVEGEO": "280030122206A", "POB_TOT_20": 3796.0, "POB_MASC_2": 1883.0, "POB_FEM_20": 1913.0, "origen": "280030122206A", "viajes_od_totales_salientes": 48.0, "viajes-total_salientes": 2065.0, "viajes_od_totales_norm_salientes": 0.22111663902708678, "viajes-total_norm_salientes": 1.5632096896290688, "AE_por_fila_salientes": 0.016871277808905166, "SE_por_fila_salientes": 0.00079132116975985124, "APE_por_fila_salientes": 84.187629918398102, "destino": null, "viajes_od_totales_entrantes": null, "viajes-total_entrantes": null, "viajes_od_totales_norm_entrantes": null, "viajes-total_norm_entrantes": null, "AE_por_fila_entrantes": null, "SE_por_fila_entrantes": null, "APE_por_fila_entrantes": null }, "geometry": { "type": "MultiPolygon", "coordinates": [ [ [ [ -97.851727, 22.327261 ], [ -97.849745, 22.327724 ], [ -97.849962, 22.328496 ], [ -97.849972, 22.328812 ], [ -97.849923, 22.328929 ], [ -97.849862, 22.329021 ], [ -97.849563, 22.329174 ], [ -97.849259, 22.329274 ], [ -97.848933, 22.329353 ], [ -97.848217, 22.329545 ], [ -97.847879, 22.328435 ], [ -97.847843, 22.32841 ], [ -97.847407, 22.328571 ], [ -97.847083, 22.328673 ], [ -97.84664, 22.328826 ], [ -97.846572, 22.328865 ], [ -97.846283, 22.328985 ], [ -97.846371, 22.32921 ], [ -97.84452, 22.329808 ], [ -97.844581, 22.329988 ], [ -97.843858, 22.33025 ], [ -97.843463, 22.329729 ], [ -97.843462, 22.329728 ], [ -97.8432, 22.329381 ], [ -97.843175, 22.329348 ], [ -97.843183, 22.329336 ], [ -97.843448, 22.328917 ], [ -97.843781, 22.328379 ], [ -97.84418, 22.327845 ], [ -97.844419, 22.327536 ], [ -97.844717, 22.327099 ], [ -97.844796, 22.326952 ], [ -97.844474, 22.325901 ], [ -97.844344, 22.32552 ], [ -97.844221, 22.325158 ], [ -97.844099, 22.3248 ], [ -97.84395, 22.324364 ], [ -97.844239, 22.324274 ], [ -97.844317, 22.32425 ], [ -97.844688, 22.324135 ], [ -97.844843, 22.32459 ], [ -97.844962, 22.324941 ], [ -97.845084, 22.325299 ], [ -97.845209, 22.325665 ], [ -97.845552, 22.326671 ], [ -97.845773, 22.326565 ], [ -97.845915, 22.326496 ], [ -97.846132, 22.326475 ], [ -97.846378, 22.326452 ], [ -97.846692, 22.326339 ], [ -97.847169, 22.326145 ], [ -97.849074, 22.325465 ], [ -97.849137, 22.325429 ], [ -97.849176, 22.325409 ], [ -97.850692, 22.324453 ], [ -97.85093, 22.324303 ], [ -97.851425, 22.324011 ], [ -97.851787, 22.323889 ], [ -97.852222, 22.323674 ], [ -97.852666, 22.323444 ], [ -97.853544, 22.32492 ], [ -97.852975, 22.325003 ], [ -97.85243, 22.325049 ], [ -97.85114, 22.325156 ], [ -97.851255, 22.325567 ], [ -97.851353, 22.325935 ], [ -97.851474, 22.326359 ], [ -97.851603, 22.326826 ], [ -97.851727, 22.327261 ] ] ] ] } },
{ "type": "Feature", "properties": { "CVEGEO": "280030122067A", "POB_TOT_20": 3755.0, "POB_MASC_2": 1816.0, "POB_FEM_20": 1939.0, "origen": "280030122067A", "viajes_od_totales_salientes": 151.22, "viajes-total_salientes": 2868.0, "viajes_od_totales_norm_salientes": 0.69660954486825133, "viajes-total_norm_salientes": 2.1710825132475398, "AE_por_fila_salientes": 0.018536272907954048, "SE_por_fila_salientes": 0.0011735056568850145, "APE_por_fila_salientes": 96.951570838711348, "destino": null, "viajes_od_totales_entrantes": null, "viajes-total_entrantes": null, "viajes_od_totales_norm_entrantes": null, "viajes-total_norm_entrantes": null, "AE_por_fila_entrantes": null, "SE_por_fila_entrantes": null, "APE_por_fila_entrantes": null }, "geometry": { "type": "MultiPolygon", "coordinates": [ [ [ [ -97.851727, 22.327261 ], [ -97.851603, 22.326826 ], [ -97.851474, 22.326359 ], [ -97.851353, 22.325935 ], [ -97.851255, 22.325567 ], [ -97.85114, 22.325156 ], [ -97.85243, 22.325049 ], [ -97.852975, 22.325003 ], [ -97.853544, 22.32492 ], [ -97.852666, 22.323444 ], [ -97.852776, 22.323389 ], [ -97.853097, 22.323233 ], [ -97.853538, 22.323021 ], [ -97.853824, 22.322881 ], [ -97.853963, 22.322786 ], [ -97.85536, 22.322121 ], [ -97.855554, 22.322005 ], [ -97.855672, 22.321908 ], [ -97.85575, 22.321891 ], [ -97.855832, 22.321873 ], [ -97.856067, 22.321877 ], [ -97.856301, 22.32183 ], [ -97.856801, 22.321851 ], [ -97.85686, 22.321791 ], [ -97.856861, 22.321791 ], [ -97.856972, 22.321707 ], [ -97.857235, 22.321699 ], [ -97.857754, 22.321713 ], [ -97.858261, 22.321725 ], [ -97.858435, 22.321715 ], [ -97.858762, 22.321703 ], [ -97.859004, 22.321705 ], [ -97.859402, 22.321695 ], [ -97.859581, 22.321688 ], [ -97.859305, 22.321802 ], [ -97.859687, 22.322672 ], [ -97.860026, 22.32351 ], [ -97.860376, 22.324353 ], [ -97.860702, 22.32516 ], [ -97.860823, 22.325457 ], [ -97.861044, 22.325986 ], [ -97.861381, 22.326792 ], [ -97.861398, 22.326835 ], [ -97.861418, 22.326885 ], [ -97.861752, 22.327674 ], [ -97.862075, 22.328437 ], [ -97.861446, 22.327784 ], [ -97.861367, 22.327868 ], [ -97.860873, 22.328049 ], [ -97.860459, 22.328195 ], [ -97.860005, 22.328366 ], [ -97.859566, 22.32852 ], [ -97.859233, 22.327675 ], [ -97.85887, 22.326819 ], [ -97.858596, 22.326906 ], [ -97.858597, 22.326913 ], [ -97.858573, 22.326949 ], [ -97.856763, 22.327552 ], [ -97.856037, 22.326171 ], [ -97.855927, 22.326073 ], [ -97.85455, 22.326527 ], [ -97.853668, 22.326912 ], [ -97.852171, 22.327089 ], [ -97.851727, 22.327261 ] ] ] ] } },
{ "type": "Feature", "properties": { "CVEGEO": "2800301221409", "POB_TOT_20": 1185.0, "POB_MASC_2": 585.0, "POB_FEM_20": 600.0, "origen": "2800301221409", "viajes_od_totales_salientes": 27.6, "viajes-total_salientes": 735.0, "viajes_od_totales_norm_salientes": 0.12714206744057491, "viajes-total_norm_salientes": 0.55639666919000752, "AE_por_fila_salientes": 0.01238037073960575, "SE_por_fila_salientes": 0.00043848205726234972, "APE_por_fila_salientes": 92.834962893989967, "destino": "2800301221409", "viajes_od_totales_entrantes": 6.68, "viajes-total_entrantes": 814.0, "viajes_od_totales_norm_entrantes": 0.030772065597936243, "viajes-total_norm_entrantes": 0.6161998485995458, "AE_por_fila_entrantes": 0.011258226596184799, "SE_por_fila_entrantes": 0.00030105395969951606, "APE_por_fila_entrantes": 93.742025414901264 }, "geometry": { "type": "MultiPolygon", "coordinates": [ [ [ [ -97.858573, 22.326949 ], [ -97.858597, 22.326913 ], [ -97.858596, 22.326906 ], [ -97.85887, 22.326819 ], [ -97.859233, 22.327675 ], [ -97.859566, 22.32852 ], [ -97.860005, 22.328366 ], [ -97.860459, 22.328195 ], [ -97.860873, 22.328049 ], [ -97.861367, 22.327868 ], [ -97.861672, 22.328729 ], [ -97.862039, 22.329563 ], [ -97.862381, 22.330423 ], [ -97.862738, 22.331262 ], [ -97.862286, 22.331419 ], [ -97.861836, 22.331567 ], [ -97.861389, 22.331741 ], [ -97.860957, 22.331886 ], [ -97.860688, 22.331983 ], [ -97.860181, 22.332159 ], [ -97.859876, 22.331311 ], [ -97.859506, 22.330482 ], [ -97.859307, 22.330009 ], [ -97.859238, 22.32978 ], [ -97.859282, 22.329519 ], [ -97.859615, 22.329441 ], [ -97.859422, 22.329032 ], [ -97.859303, 22.328718 ], [ -97.85927, 22.328624 ], [ -97.859192, 22.328452 ], [ -97.858933, 22.327759 ], [ -97.858573, 22.326949 ] ] ] ] } },
{ "type": "Feature", "properties": { "CVEGEO": "2800900010391", "POB_TOT_20": 639.0, "POB_MASC_2": 312.0, "POB_FEM_20": 327.0, "origen": "2800900010391", "viajes_od_totales_salientes": 0.72, "viajes-total_salientes": 395.0, "viajes_od_totales_norm_salientes": 0.0033167495854063019, "viajes-total_norm_salientes": 0.29901589704769116, "AE_por_fila_salientes": 0.011373044133164801, "SE_por_fila_salientes": 0.00032461139030139666, "APE_por_fila_salientes": 98.866006643002038, "destino": "2800900010391", "viajes_od_totales_entrantes": 1.08, "viajes-total_entrantes": 457.0, "viajes_od_totales_norm_entrantes": 0.0049751243781094526, "viajes-total_norm_entrantes": 0.34595003785011358, "AE_por_fila_entrantes": 0.011365830449066803, "SE_por_fila_entrantes": 0.00027017121700040607, "APE_por_fila_entrantes": 99.110642603170703 }, "geometry": { "type": "MultiPolygon", "coordinates": [ [ [ [ -97.850692, 22.324453 ], [ -97.849176, 22.325409 ], [ -97.849137, 22.325429 ], [ -97.849074, 22.325465 ], [ -97.847169, 22.326145 ], [ -97.846692, 22.326339 ], [ -97.846378, 22.326452 ], [ -97.846132, 22.326475 ], [ -97.845305, 22.324012 ], [ -97.845189, 22.32367 ], [ -97.845007, 22.323133 ], [ -97.844854, 22.322667 ], [ -97.844786, 22.322461 ], [ -97.844718, 22.322236 ], [ -97.8449, 22.322096 ], [ -97.845204, 22.321847 ], [ -97.845559, 22.321554 ], [ -97.845912, 22.321265 ], [ -97.846259, 22.32098 ], [ -97.846598, 22.320703 ], [ -97.846638, 22.320642 ], [ -97.846889, 22.320427 ], [ -97.846941, 22.320435 ], [ -97.847591, 22.320138 ], [ -97.847602, 22.320171 ], [ -97.84781, 22.320627 ], [ -97.847999, 22.32104 ], [ -97.848182, 22.321441 ], [ -97.848199, 22.321479 ], [ -97.849138, 22.321103 ], [ -97.849346, 22.321542 ], [ -97.849536, 22.321957 ], [ -97.849737, 22.322386 ], [ -97.849947, 22.322832 ], [ -97.85014, 22.323243 ], [ -97.850341, 22.323674 ], [ -97.850541, 22.324119 ], [ -97.850692, 22.324453 ] ] ] ] } },
{ "type": "Feature", "properties": { "CVEGEO": "2800900010423", "POB_TOT_20": 1692.0, "POB_MASC_2": 832.0, "POB_FEM_20": 860.0, "origen": "2800900010423", "viajes_od_totales_salientes": 6.04, "viajes-total_salientes": 700.0, "viajes_od_totales_norm_salientes": 0.027823843744241752, "viajes-total_norm_salientes": 0.52990158970476908, "AE_por_fila_salientes": 0.014766992528250804, "SE_por_fila_salientes": 0.00071245982845315192, "APE_por_fila_salientes": 87.578911421477713, "destino": "2800900010423", "viajes_od_totales_entrantes": 6.52, "viajes-total_entrantes": 684.0, "viajes_od_totales_norm_entrantes": 0.030035010134512621, "viajes-total_norm_entrantes": 0.51778955336866006, "AE_por_fila_entrantes": 0.012193863580853687, "SE_por_fila_entrantes": 0.00039132991967007576, "APE_por_fila_entrantes": 89.236568354192286 }, "geometry": { "type": "MultiPolygon", "coordinates": [ [ [ [ -97.849138, 22.321103 ], [ -97.848199, 22.321479 ], [ -97.848182, 22.321441 ], [ -97.847999, 22.32104 ], [ -97.84781, 22.320627 ], [ -97.847602, 22.320171 ], [ -97.847591, 22.320138 ], [ -97.846941, 22.320435 ], [ -97.846889, 22.320427 ], [ -97.846638, 22.320642 ], [ -97.846598, 22.320703 ], [ -97.846259, 22.32098 ], [ -97.845912, 22.321265 ], [ -97.845559, 22.321554 ], [ -97.845204, 22.321847 ], [ -97.8449, 22.322096 ], [ -97.844718, 22.322236 ], [ -97.844381, 22.321203 ], [ -97.843919, 22.319808 ], [ -97.843674, 22.319096 ], [ -97.843575, 22.318826 ], [ -97.843699, 22.318757 ], [ -97.844611, 22.318214 ], [ -97.844859, 22.318084 ], [ -97.844909, 22.318174 ], [ -97.845026, 22.318302 ], [ -97.84511, 22.318375 ], [ -97.845258, 22.318486 ], [ -97.845348, 22.31854 ], [ -97.845422, 22.318566 ], [ -97.845732, 22.318638 ], [ -97.8463, 22.31875 ], [ -97.846979, 22.318878 ], [ -97.847161, 22.318913 ], [ -97.847335, 22.318947 ], [ -97.847978, 22.31906 ], [ -97.848154, 22.319092 ], [ -97.848304, 22.319366 ], [ -97.848323, 22.319408 ], [ -97.848512, 22.319811 ], [ -97.848723, 22.320257 ], [ -97.848922, 22.320657 ], [ -97.849138, 22.321103 ] ] ] ] } },
{ "type": "Feature", "properties": { "CVEGEO": "280090001089A", "POB_TOT_20": 678.0, "POB_MASC_2": 326.0, "POB_FEM_20": 352.0, "origen": "280090001089A", "viajes_od_totales_salientes": 2.08, "viajes-total_salientes": 425.0, "viajes_od_totales_norm_salientes": 0.0095817210245070939, "viajes-total_norm_salientes": 0.32172596517789553, "AE_por_fila_salientes": 0.0091807130633349537, "SE_por_fila_salientes": 0.00015399429765665978, "APE_por_fila_salientes": 98.0809400471461, "destino": null, "viajes_od_totales_entrantes": null, "viajes-total_entrantes": null, "viajes_od_totales_norm_entrantes": null, "viajes-total_norm_entrantes": null, "AE_por_fila_entrantes": null, "SE_por_fila_entrantes": null, "APE_por_fila_entrantes": null }, "geometry": { "type": "MultiPolygon", "coordinates": [ [ [ [ -97.843575, 22.318826 ], [ -97.843674, 22.319096 ], [ -97.843919, 22.319808 ], [ -97.844381, 22.321203 ], [ -97.844718, 22.322236 ], [ -97.844786, 22.322461 ], [ -97.843372, 22.323163 ], [ -97.843172, 22.323198 ], [ -97.842945, 22.323182 ], [ -97.842651, 22.323135 ], [ -97.835153, 22.323137 ], [ -97.835118, 22.323115 ], [ -97.834891, 22.319338 ], [ -97.834836, 22.317888 ], [ -97.834713, 22.316528 ], [ -97.834423, 22.31411 ], [ -97.834083, 22.311124 ], [ -97.834198, 22.311092 ], [ -97.834264, 22.311075 ], [ -97.834351, 22.311048 ], [ -97.83449, 22.311008 ], [ -97.838667, 22.30982 ], [ -97.838953, 22.30974 ], [ -97.840413, 22.309328 ], [ -97.840551, 22.309369 ], [ -97.841665, 22.309025 ], [ -97.841865, 22.309592 ], [ -97.841934, 22.309789 ], [ -97.842002, 22.309983 ], [ -97.842099, 22.310259 ], [ -97.842179, 22.310488 ], [ -97.842329, 22.310913 ], [ -97.842483, 22.311353 ], [ -97.842498, 22.311396 ], [ -97.842632, 22.311777 ], [ -97.842786, 22.312216 ], [ -97.842855, 22.31241 ], [ -97.842945, 22.312667 ], [ -97.843105, 22.313122 ], [ -97.843111, 22.31314 ], [ -97.843266, 22.313607 ], [ -97.842225, 22.314405 ], [ -97.842383, 22.31488 ], [ -97.842542, 22.315359 ], [ -97.842701, 22.315837 ], [ -97.842858, 22.31631 ], [ -97.843027, 22.316819 ], [ -97.843186, 22.317295 ], [ -97.843116, 22.317379 ], [ -97.843124, 22.317475 ], [ -97.84316, 22.317568 ], [ -97.843575, 22.318826 ] ] ] ] } },
{ "type": "Feature", "properties": { "CVEGEO": "2800900010419", "POB_TOT_20": 2243.0, "POB_MASC_2": 1116.0, "POB_FEM_20": 1127.0, "origen": "2800900010419", "viajes_od_totales_salientes": 53.6, "viajes-total_salientes": 1175.0, "viajes_od_totales_norm_salientes": 0.24691358024691359, "viajes-total_norm_salientes": 0.88947766843300535, "AE_por_fila_salientes": 0.012085969983462085, "SE_por_fila_salientes": 0.00040964247915098207, "APE_por_fila_salientes": 88.409777878694214, "destino": "2800900010419", "viajes_od_totales_entrantes": 26.08, "viajes-total_entrantes": 1206.0, "viajes_od_totales_norm_entrantes": 0.12014004053805048, "viajes-total_norm_entrantes": 0.91294473883421656, "AE_por_fila_entrantes": 0.011398963150373063, "SE_por_fila_entrantes": 0.00030021819453411087, "APE_por_fila_entrantes": 92.231349732198751 }, "geometry": { "type": "MultiPolygon", "coordinates": [ [ [ [ -97.849138, 22.321103 ], [ -97.848922, 22.320657 ], [ -97.848723, 22.320257 ], [ -97.848512, 22.319811 ], [ -97.848323, 22.319408 ], [ -97.848304, 22.319366 ], [ -97.848154, 22.319092 ], [ -97.848075, 22.318943 ], [ -97.847898, 22.318515 ], [ -97.847721, 22.318107 ], [ -97.847514, 22.317642 ], [ -97.847319, 22.317211 ], [ -97.847311, 22.31719 ], [ -97.847348, 22.3169 ], [ -97.847938, 22.316465 ], [ -97.848216, 22.316249 ], [ -97.849093, 22.315574 ], [ -97.84925, 22.315928 ], [ -97.849452, 22.316348 ], [ -97.84966, 22.316785 ], [ -97.849838, 22.317146 ], [ -97.849866, 22.317203 ], [ -97.850062, 22.317613 ], [ -97.85027, 22.318059 ], [ -97.850475, 22.318497 ], [ -97.85069, 22.318932 ], [ -97.850879, 22.319348 ], [ -97.851011, 22.319631 ], [ -97.851064, 22.319735 ], [ -97.851087, 22.319782 ], [ -97.851102, 22.319811 ], [ -97.851313, 22.32023 ], [ -97.851517, 22.32067 ], [ -97.851698, 22.321073 ], [ -97.851915, 22.321497 ], [ -97.852123, 22.32195 ], [ -97.852299, 22.322353 ], [ -97.852513, 22.322795 ], [ -97.852712, 22.323244 ], [ -97.852776, 22.323389 ], [ -97.852666, 22.323444 ], [ -97.852222, 22.323674 ], [ -97.851787, 22.323889 ], [ -97.851425, 22.324011 ], [ -97.85093, 22.324303 ], [ -97.850692, 22.324453 ], [ -97.850541, 22.324119 ], [ -97.850341, 22.323674 ], [ -97.85014, 22.323243 ], [ -97.849947, 22.322832 ], [ -97.849737, 22.322386 ], [ -97.849536, 22.321957 ], [ -97.849346, 22.321542 ], [ -97.849138, 22.321103 ] ] ] ] } },
{ "type": "Feature", "properties": { "CVEGEO": "2800900010404", "POB_TOT_20": 2542.0, "POB_MASC_2": 1269.0, "POB_FEM_20": 1273.0, "origen": "2800900010404", "viajes_od_totales_salientes": 57.66, "viajes-total_salientes": 2125.0, "viajes_od_totales_norm_salientes": 0.26561636263128802, "viajes-total_norm_salientes": 1.6086298258894778, "AE_por_fila_salientes": 0.017853423747558928, "SE_por_fila_salientes": 0.00095603006720428008, "APE_por_fila_salientes": 83.643602089908498, "destino": "2800900010404", "viajes_od_totales_entrantes": 108.34, "viajes-total_entrantes": 2410.0, "viajes_od_totales_norm_entrantes": 0.49907868067072042, "viajes-total_norm_entrantes": 1.8243754731264195, "AE_por_fila_entrantes": 0.022448960923125923, "SE_por_fila_entrantes": 0.0014487417783787446, "APE_por_fila_entrantes": 101.31424078478436 }, "geometry": { "type": "MultiPolygon", "coordinates": [ [ [ [ -97.852776, 22.323389 ], [ -97.852712, 22.323244 ], [ -97.852513, 22.322795 ], [ -97.852299, 22.322353 ], [ -97.852123, 22.32195 ], [ -97.851915, 22.321497 ], [ -97.851698, 22.321073 ], [ -97.851517, 22.32067 ], [ -97.851313, 22.32023 ], [ -97.851102, 22.319811 ], [ -97.851087, 22.319782 ], [ -97.851064, 22.319735 ], [ -97.851011, 22.319631 ], [ -97.850879, 22.319348 ], [ -97.85069, 22.318932 ], [ -97.850475, 22.318497 ], [ -97.85027, 22.318059 ], [ -97.850062, 22.317613 ], [ -97.849866, 22.317203 ], [ -97.849838, 22.317146 ], [ -97.84966, 22.316785 ], [ -97.849452, 22.316348 ], [ -97.84925, 22.315928 ], [ -97.849093, 22.315574 ], [ -97.849263, 22.315451 ], [ -97.849441, 22.315345 ], [ -97.850088, 22.314823 ], [ -97.850234, 22.314717 ], [ -97.851227, 22.313955 ], [ -97.851298, 22.3139 ], [ -97.851424, 22.314248 ], [ -97.851492, 22.314459 ], [ -97.851624, 22.314863 ], [ -97.85165, 22.31495 ], [ -97.851794, 22.315413 ], [ -97.851819, 22.315485 ], [ -97.851947, 22.315869 ], [ -97.852026, 22.316125 ], [ -97.852091, 22.316322 ], [ -97.852227, 22.316736 ], [ -97.852408, 22.317302 ], [ -97.852463, 22.317341 ], [ -97.852658, 22.317617 ], [ -97.852868, 22.317913 ], [ -97.852886, 22.317937 ], [ -97.852934, 22.318002 ], [ -97.852957, 22.318034 ], [ -97.853226, 22.3184 ], [ -97.853267, 22.318457 ], [ -97.853303, 22.318507 ], [ -97.853499, 22.318785 ], [ -97.853523, 22.318819 ], [ -97.853753, 22.319145 ], [ -97.85381, 22.319226 ], [ -97.853957, 22.31944 ], [ -97.85409, 22.319637 ], [ -97.854232, 22.31985 ], [ -97.854341, 22.320001 ], [ -97.85452, 22.320248 ], [ -97.854796, 22.320683 ], [ -97.855048, 22.32111 ], [ -97.855098, 22.321193 ], [ -97.855227, 22.321412 ], [ -97.855293, 22.321524 ], [ -97.855386, 22.321617 ], [ -97.855672, 22.321908 ], [ -97.855554, 22.322005 ], [ -97.85536, 22.322121 ], [ -97.853963, 22.322786 ], [ -97.853824, 22.322881 ], [ -97.853538, 22.323021 ], [ -97.853097, 22.323233 ], [ -97.852776, 22.323389 ] ] ] ] } },
{ "type": "Feature", "properties": { "CVEGEO": "2800900010442", "POB_TOT_20": 3659.0, "POB_MASC_2": 1801.0, "POB_FEM_20": 1858.0, "origen": "2800900010442", "viajes_od_totales_salientes": 47.72, "viajes-total_salientes": 1672.0, "viajes_od_totales_norm_salientes": 0.21982679196609545, "viajes-total_norm_salientes": 1.2657077971233914, "AE_por_fila_salientes": 0.014598367016639224, "SE_por_fila_salientes": 0.00061271161518832839, "APE_por_fila_salientes": 77.994451558792349, "destino": "2800900010442", "viajes_od_totales_entrantes": 33.72, "viajes-total_entrantes": 1899.0, "viajes_od_totales_norm_entrantes": 0.15533443891652846, "viajes-total_norm_entrantes": 1.4375473126419378, "AE_por_fila_entrantes": 0.014315301496771555, "SE_por_fila_entrantes": 0.00054297600526015735, "APE_por_fila_entrantes": 87.687300830234889 }, "geometry": { "type": "MultiPolygon", "coordinates": [ [ [ [ -97.848154, 22.319092 ], [ -97.847978, 22.31906 ], [ -97.847335, 22.318947 ], [ -97.847161, 22.318913 ], [ -97.846979, 22.318878 ], [ -97.8463, 22.31875 ], [ -97.845732, 22.318638 ], [ -97.845422, 22.318566 ], [ -97.845348, 22.31854 ], [ -97.845258, 22.318486 ], [ -97.84511, 22.318375 ], [ -97.845026, 22.318302 ], [ -97.844909, 22.318174 ], [ -97.844859, 22.318084 ], [ -97.844611, 22.318214 ], [ -97.843699, 22.318757 ], [ -97.843575, 22.318826 ], [ -97.84316, 22.317568 ], [ -97.843124, 22.317475 ], [ -97.843116, 22.317379 ], [ -97.843186, 22.317295 ], [ -97.843027, 22.316819 ], [ -97.842858, 22.31631 ], [ -97.842701, 22.315837 ], [ -97.842542, 22.315359 ], [ -97.842383, 22.31488 ], [ -97.842225, 22.314405 ], [ -97.843266, 22.313607 ], [ -97.843111, 22.31314 ], [ -97.843105, 22.313122 ], [ -97.842945, 22.312667 ], [ -97.842855, 22.31241 ], [ -97.842786, 22.312216 ], [ -97.842632, 22.311777 ], [ -97.842498, 22.311396 ], [ -97.842483, 22.311353 ], [ -97.842329, 22.310913 ], [ -97.842179, 22.310488 ], [ -97.842099, 22.310259 ], [ -97.842002, 22.309983 ], [ -97.841934, 22.309789 ], [ -97.841865, 22.309592 ], [ -97.841665, 22.309025 ], [ -97.842261, 22.30878 ], [ -97.843336, 22.308404 ], [ -97.845236, 22.307772 ], [ -97.846025, 22.307497 ], [ -97.84706, 22.307152 ], [ -97.847137, 22.307123 ], [ -97.847904, 22.306832 ], [ -97.847994, 22.306798 ], [ -97.847793, 22.306222 ], [ -97.847814, 22.30619 ], [ -97.848176, 22.306058 ], [ -97.848589, 22.305917 ], [ -97.848697, 22.306269 ], [ -97.848765, 22.306511 ], [ -97.848774, 22.306538 ], [ -97.848884, 22.306863 ], [ -97.849065, 22.307358 ], [ -97.849077, 22.307391 ], [ -97.849084, 22.30741 ], [ -97.849363, 22.308177 ], [ -97.849737, 22.309296 ], [ -97.849586, 22.309405 ], [ -97.848779, 22.309409 ], [ -97.84873, 22.309409 ], [ -97.847841, 22.310137 ], [ -97.847855, 22.310158 ], [ -97.847448, 22.310469 ], [ -97.847472, 22.310499 ], [ -97.846512, 22.31143 ], [ -97.846433, 22.311502 ], [ -97.846587, 22.311712 ], [ -97.846722, 22.311935 ], [ -97.846765, 22.311901 ], [ -97.847018, 22.311706 ], [ -97.847067, 22.311792 ], [ -97.847095, 22.312119 ], [ -97.846667, 22.312468 ], [ -97.846868, 22.312703 ], [ -97.847151, 22.313031 ], [ -97.847159, 22.313092 ], [ -97.847462, 22.313461 ], [ -97.84779, 22.313819 ], [ -97.848175, 22.314258 ], [ -97.84856, 22.314687 ], [ -97.848955, 22.315114 ], [ -97.849263, 22.315451 ], [ -97.849093, 22.315574 ], [ -97.848216, 22.316249 ], [ -97.847938, 22.316465 ], [ -97.847348, 22.3169 ], [ -97.847311, 22.31719 ], [ -97.847319, 22.317211 ], [ -97.847514, 22.317642 ], [ -97.847721, 22.318107 ], [ -97.847898, 22.318515 ], [ -97.848075, 22.318943 ], [ -97.848154, 22.319092 ] ] ] ] } },
{ "type": "Feature", "properties": { "CVEGEO": "2803800011279", "POB_TOT_20": 1899.0, "POB_MASC_2": 909.0, "POB_FEM_20": 990.0, "origen": "2803800011279", "viajes_od_totales_salientes": 23.32, "viajes-total_salientes": 1234.0, "viajes_od_totales_norm_salientes": 0.10742583379399299, "viajes-total_norm_salientes": 0.93414080242240727, "AE_por_fila_salientes": 0.018392128292286848, "SE_por_fila_salientes": 0.0014099610093959633, "APE_por_fila_salientes": 80.688951470830801, "destino": "2803800011279", "viajes_od_totales_entrantes": 17.54, "viajes-total_entrantes": 1486.0, "viajes_od_totales_norm_entrantes": 0.080799705177814624, "viajes-total_norm_entrantes": 1.1249053747161242, "AE_por_fila_entrantes": 0.018983739446151081, "SE_por_fila_entrantes": 0.001402912065752476, "APE_por_fila_entrantes": 89.980650010475316 }, "geometry": { "type": "MultiPolygon", "coordinates": [ [ [ [ -97.855672, 22.321908 ], [ -97.855386, 22.321617 ], [ -97.855293, 22.321524 ], [ -97.855227, 22.321412 ], [ -97.855098, 22.321193 ], [ -97.855048, 22.32111 ], [ -97.854796, 22.320683 ], [ -97.85452, 22.320248 ], [ -97.854341, 22.320001 ], [ -97.854232, 22.31985 ], [ -97.85409, 22.319637 ], [ -97.853957, 22.31944 ], [ -97.85381, 22.319226 ], [ -97.853753, 22.319145 ], [ -97.853523, 22.318819 ], [ -97.853499, 22.318785 ], [ -97.853303, 22.318507 ], [ -97.853267, 22.318457 ], [ -97.853226, 22.3184 ], [ -97.852957, 22.318034 ], [ -97.852934, 22.318002 ], [ -97.852886, 22.317937 ], [ -97.852868, 22.317913 ], [ -97.852658, 22.317617 ], [ -97.852463, 22.317341 ], [ -97.85364, 22.317353 ], [ -97.854316, 22.317347 ], [ -97.855374, 22.317355 ], [ -97.856409, 22.31738 ], [ -97.856936, 22.317404 ], [ -97.857497, 22.317423 ], [ -97.85755, 22.317425 ], [ -97.857511, 22.317464 ], [ -97.857261, 22.31771 ], [ -97.857099, 22.318023 ], [ -97.85706, 22.3182 ], [ -97.857065, 22.318462 ], [ -97.857108, 22.318749 ], [ -97.857149, 22.318983 ], [ -97.857173, 22.319155 ], [ -97.857208, 22.319498 ], [ -97.857259, 22.319973 ], [ -97.857279, 22.320449 ], [ -97.857284, 22.320771 ], [ -97.857193, 22.320982 ], [ -97.85712, 22.321211 ], [ -97.856972, 22.321707 ], [ -97.856861, 22.321791 ], [ -97.85686, 22.321791 ], [ -97.856801, 22.321851 ], [ -97.856301, 22.32183 ], [ -97.856067, 22.321877 ], [ -97.855832, 22.321873 ], [ -97.85575, 22.321891 ], [ -97.855672, 22.321908 ] ] ] ] } },
{ "type": "Feature", "properties": { "CVEGEO": "2803800011300", "POB_TOT_20": 3376.0, "POB_MASC_2": 1611.0, "POB_FEM_20": 1765.0, "origen": "2803800011300", "viajes_od_totales_salientes": 109.04, "viajes-total_salientes": 3053.0, "viajes_od_totales_norm_salientes": 0.50230329832319875, "viajes-total_norm_salientes": 2.3111279333838, "AE_por_fila_salientes": 0.015566858956501547, "SE_por_fila_salientes": 0.00088855604314463466, "APE_por_fila_salientes": 85.820314207563754, "destino": "2803800011300", "viajes_od_totales_entrantes": 104.38, "viajes-total_entrantes": 3392.0, "viajes_od_totales_norm_entrantes": 0.48083655795098579, "viajes-total_norm_entrantes": 2.5677517032551096, "AE_por_fila_entrantes": 0.017391773760599905, "SE_por_fila_entrantes": 0.00083536069346865625, "APE_por_fila_entrantes": 97.57982422292018 }, "geometry": { "type": "MultiPolygon", "coordinates": [ [ [ [ -97.850421, 22.311353 ], [ -97.851236, 22.311089 ], [ -97.852107, 22.310806 ], [ -97.852973, 22.310506 ], [ -97.853023, 22.310489 ], [ -97.853848, 22.310201 ], [ -97.854072, 22.310125 ], [ -97.854403, 22.310011 ], [ -97.854547, 22.309962 ], [ -97.854709, 22.309905 ], [ -97.854997, 22.309805 ], [ -97.855491, 22.309632 ], [ -97.85558, 22.3096 ], [ -97.85596, 22.309472 ], [ -97.856428, 22.309314 ], [ -97.856893, 22.309157 ], [ -97.857355, 22.309004 ], [ -97.857831, 22.308848 ], [ -97.858174, 22.308737 ], [ -97.859115, 22.308421 ], [ -97.859381, 22.308329 ], [ -97.86026, 22.310478 ], [ -97.860099, 22.310517 ], [ -97.85998, 22.310546 ], [ -97.859099, 22.310795 ], [ -97.858547, 22.310941 ], [ -97.858676, 22.311324 ], [ -97.857513, 22.311656 ], [ -97.856232, 22.31202 ], [ -97.856392, 22.312475 ], [ -97.856547, 22.312923 ], [ -97.856703, 22.313375 ], [ -97.856206, 22.313521 ], [ -97.855715, 22.313665 ], [ -97.855224, 22.31381 ], [ -97.854256, 22.314092 ], [ -97.854044, 22.31348 ], [ -97.851424, 22.314248 ], [ -97.851298, 22.3139 ], [ -97.851197, 22.313617 ], [ -97.851132, 22.313438 ], [ -97.850986, 22.312981 ], [ -97.850945, 22.312864 ], [ -97.850766, 22.312362 ], [ -97.850745, 22.312302 ], [ -97.850559, 22.31178 ], [ -97.850536, 22.311707 ], [ -97.850421, 22.311353 ] ] ] ] } },
{ "type": "Feature", "properties": { "CVEGEO": "2800900010438", "POB_TOT_20": 2054.0, "POB_MASC_2": 979.0, "POB_FEM_20": 1075.0, "origen": "2800900010438", "viajes_od_totales_salientes": 28.22, "viajes-total_salientes": 1320.0, "viajes_od_totales_norm_salientes": 0.12999815736134143, "viajes-total_norm_salientes": 0.99924299772899317, "AE_por_fila_salientes": 0.012142682079674928, "SE_por_fila_salientes": 0.00036174708304368428, "APE_por_fila_salientes": 84.58582254445713, "destino": "2800900010438", "viajes_od_totales_entrantes": 45.54, "viajes-total_entrantes": 1533.0, "viajes_od_totales_norm_entrantes": 0.20978441127694858, "viajes-total_norm_entrantes": 1.1604844814534443, "AE_por_fila_entrantes": 0.012449577643785447, "SE_por_fila_entrantes": 0.00032455614643300671, "APE_por_fila_entrantes": 89.663002452678313 }, "geometry": { "type": "MultiPolygon", "coordinates": [ [ [ [ -97.849737, 22.309296 ], [ -97.849887, 22.309759 ], [ -97.849933, 22.3099 ], [ -97.850047, 22.310237 ], [ -97.850219, 22.310752 ], [ -97.850379, 22.311227 ], [ -97.850421, 22.311353 ], [ -97.850536, 22.311707 ], [ -97.850559, 22.31178 ], [ -97.850745, 22.312302 ], [ -97.850766, 22.312362 ], [ -97.850945, 22.312864 ], [ -97.850986, 22.312981 ], [ -97.851132, 22.313438 ], [ -97.851197, 22.313617 ], [ -97.851298, 22.3139 ], [ -97.851227, 22.313955 ], [ -97.850234, 22.314717 ], [ -97.850088, 22.314823 ], [ -97.849441, 22.315345 ], [ -97.849263, 22.315451 ], [ -97.848955, 22.315114 ], [ -97.84856, 22.314687 ], [ -97.848175, 22.314258 ], [ -97.84779, 22.313819 ], [ -97.847462, 22.313461 ], [ -97.847159, 22.313092 ], [ -97.847151, 22.313031 ], [ -97.846868, 22.312703 ], [ -97.846667, 22.312468 ], [ -97.847095, 22.312119 ], [ -97.847067, 22.311792 ], [ -97.847018, 22.311706 ], [ -97.846765, 22.311901 ], [ -97.846722, 22.311935 ], [ -97.846587, 22.311712 ], [ -97.846433, 22.311502 ], [ -97.846512, 22.31143 ], [ -97.847472, 22.310499 ], [ -97.847448, 22.310469 ], [ -97.847855, 22.310158 ], [ -97.847841, 22.310137 ], [ -97.84873, 22.309409 ], [ -97.848779, 22.309409 ], [ -97.849586, 22.309405 ], [ -97.849737, 22.309296 ] ] ] ] } },
{ "type": "Feature", "properties": { "CVEGEO": "2800900010476", "POB_TOT_20": 1487.0, "POB_MASC_2": 703.0, "POB_FEM_20": 784.0, "origen": "2800900010476", "viajes_od_totales_salientes": 60.42, "viajes-total_salientes": 2398.0, "viajes_od_totales_norm_salientes": 0.2783305693753455, "viajes-total_norm_salientes": 1.8152914458743377, "AE_por_fila_salientes": 0.01769733329760597, "SE_por_fila_salientes": 0.00098956180774571159, "APE_por_fila_salientes": 84.720118464137315, "destino": "2800900010476", "viajes_od_totales_entrantes": 15.16, "viajes-total_entrantes": 2727.0, "viajes_od_totales_norm_entrantes": 0.069836005159388245, "viajes-total_norm_entrantes": 2.064345193035579, "AE_por_fila_entrantes": 0.021218182849746713, "SE_por_fila_entrantes": 0.0013093208422489944, "APE_por_fila_entrantes": 96.498186426031737 }, "geometry": { "type": "MultiPolygon", "coordinates": [ [ [ [ -97.849031, 22.283547 ], [ -97.84944, 22.284519 ], [ -97.84986, 22.285597 ], [ -97.850484, 22.287198 ], [ -97.850695, 22.287841 ], [ -97.851006, 22.288781 ], [ -97.850586, 22.288813 ], [ -97.85007, 22.288853 ], [ -97.849552, 22.288894 ], [ -97.84906, 22.288934 ], [ -97.848566, 22.288972 ], [ -97.84806, 22.289009 ], [ -97.847576, 22.289051 ], [ -97.847058, 22.289091 ], [ -97.846556, 22.289131 ], [ -97.846057, 22.28917 ], [ -97.845444, 22.289218 ], [ -97.84485, 22.289269 ], [ -97.844254, 22.289309 ], [ -97.843649, 22.28936 ], [ -97.843051, 22.2894 ], [ -97.842934, 22.287799 ], [ -97.843417, 22.287859 ], [ -97.84351, 22.287874 ], [ -97.844129, 22.287974 ], [ -97.844737, 22.288078 ], [ -97.844911, 22.288106 ], [ -97.845353, 22.288178 ], [ -97.845644, 22.288226 ], [ -97.845991, 22.288295 ], [ -97.846391, 22.288378 ], [ -97.846473, 22.288396 ], [ -97.847007, 22.288503 ], [ -97.847125, 22.288527 ], [ -97.847246, 22.288215 ], [ -97.847269, 22.288154 ], [ -97.84757, 22.287364 ], [ -97.847633, 22.287196 ], [ -97.847733, 22.286932 ], [ -97.847799, 22.286758 ], [ -97.84783, 22.286678 ], [ -97.847946, 22.28637 ], [ -97.848674, 22.284509 ], [ -97.849031, 22.283547 ] ] ] ] } },
{ "type": "Feature", "properties": { "CVEGEO": "2800301220877", "POB_TOT_20": 1269.0, "POB_MASC_2": 637.0, "POB_FEM_20": 632.0, "origen": "2800301220877", "viajes_od_totales_salientes": 20.58, "viajes-total_salientes": 505.0, "viajes_od_totales_norm_salientes": 0.094803758982863459, "viajes-total_norm_salientes": 0.38228614685844059, "AE_por_fila_salientes": 0.013656736643694361, "SE_por_fila_salientes": 0.00051421304268712577, "APE_por_fila_salientes": 86.081217102787136, "destino": "2800301220877", "viajes_od_totales_entrantes": 20.28, "viajes-total_entrantes": 559.0, "viajes_od_totales_norm_entrantes": 0.093421779988944159, "viajes-total_norm_entrantes": 0.4231642694928085, "AE_por_fila_entrantes": 0.013943189016088146, "SE_por_fila_entrantes": 0.00060367276368922327, "APE_por_fila_entrantes": 136.49348696095225 }, "geometry": { "type": "MultiPolygon", "coordinates": [ [ [ [ -97.85589, 22.347247 ], [ -97.855904, 22.347756 ], [ -97.855907, 22.348238 ], [ -97.855937, 22.348711 ], [ -97.85594, 22.34915 ], [ -97.855784, 22.349188 ], [ -97.855787, 22.349216 ], [ -97.855853, 22.349639 ], [ -97.855805, 22.349674 ], [ -97.855655, 22.349701 ], [ -97.855657, 22.349719 ], [ -97.855559, 22.350134 ], [ -97.855525, 22.350196 ], [ -97.855525, 22.350236 ], [ -97.855503, 22.350669 ], [ -97.855393, 22.350687 ], [ -97.855353, 22.350694 ], [ -97.855359, 22.35076 ], [ -97.855335, 22.351131 ], [ -97.85511, 22.351174 ], [ -97.855215, 22.351663 ], [ -97.855429, 22.352132 ], [ -97.855515, 22.352643 ], [ -97.854636, 22.352779 ], [ -97.853699, 22.352923 ], [ -97.85369, 22.352875 ], [ -97.853654, 22.35246 ], [ -97.85365, 22.352413 ], [ -97.853645, 22.35237 ], [ -97.853608, 22.35197 ], [ -97.853604, 22.351923 ], [ -97.8536, 22.35188 ], [ -97.853595, 22.351832 ], [ -97.853651, 22.351492 ], [ -97.853648, 22.35144 ], [ -97.853645, 22.351392 ], [ -97.853621, 22.351017 ], [ -97.853615, 22.350972 ], [ -97.853609, 22.350927 ], [ -97.853423, 22.350604 ], [ -97.853406, 22.35056 ], [ -97.853393, 22.350508 ], [ -97.853325, 22.35016 ], [ -97.853299, 22.350115 ], [ -97.853283, 22.350087 ], [ -97.853051, 22.349736 ], [ -97.853006, 22.349702 ], [ -97.852962, 22.34967 ], [ -97.852728, 22.349486 ], [ -97.852661, 22.3493 ], [ -97.852626, 22.349269 ], [ -97.852485, 22.348831 ], [ -97.852308, 22.348386 ], [ -97.852066, 22.347858 ], [ -97.853628, 22.347605 ], [ -97.854701, 22.347454 ], [ -97.855218, 22.347339 ], [ -97.855572, 22.347294 ], [ -97.85589, 22.347247 ] ] ] ] } },
{ "type": "Feature", "properties": { "CVEGEO": "2803800011141", "POB_TOT_20": 5926.0, "POB_MASC_2": 2875.0, "POB_FEM_20": 3051.0, "origen": "2803800011141", "viajes_od_totales_salientes": 449.88, "viajes-total_salientes": 5473.0, "viajes_od_totales_norm_salientes": 2.0724156992813709, "viajes-total_norm_salientes": 4.143073429220288, "AE_por_fila_salientes": 0.025610846073634327, "SE_por_fila_salientes": 0.0016999267842450132, "APE_por_fila_salientes": 123.2326777090491, "destino": "2803800011141", "viajes_od_totales_entrantes": 75.44, "viajes-total_entrantes": 5914.0, "viajes_od_totales_norm_entrantes": 0.34752165100423804, "viajes-total_norm_entrantes": 4.4769114307342921, "AE_por_fila_entrantes": 0.026339419521555486, "SE_por_fila_entrantes": 0.0020214009375979862, "APE_por_fila_entrantes": 93.061031574156715 }, "geometry": { "type": "MultiPolygon", "coordinates": [ [ [ [ -97.897845, 22.308429 ], [ -97.897831, 22.308524 ], [ -97.89779, 22.308669 ], [ -97.897724, 22.308824 ], [ -97.897693, 22.308958 ], [ -97.897665, 22.309004 ], [ -97.897596, 22.309041 ], [ -97.89753, 22.309025 ], [ -97.897438, 22.308974 ], [ -97.897332, 22.308959 ], [ -97.897229, 22.308977 ], [ -97.89716, 22.309049 ], [ -97.897202, 22.309189 ], [ -97.897211, 22.309389 ], [ -97.89726, 22.309746 ], [ -97.897226, 22.309942 ], [ -97.897249, 22.310108 ], [ -97.897317, 22.310222 ], [ -97.897429, 22.310356 ], [ -97.897535, 22.310396 ], [ -97.897755, 22.31044 ], [ -97.897841, 22.310564 ], [ -97.897916, 22.310753 ], [ -97.897938, 22.310867 ], [ -97.897916, 22.310964 ], [ -97.897875, 22.311069 ], [ -97.897759, 22.311271 ], [ -97.897753, 22.311401 ], [ -97.897733, 22.31155 ], [ -97.897686, 22.311675 ], [ -97.897608, 22.311848 ], [ -97.897487, 22.311981 ], [ -97.897411, 22.312091 ], [ -97.897466, 22.312179 ], [ -97.897535, 22.312293 ], [ -97.897574, 22.312358 ], [ -97.897703, 22.312462 ], [ -97.897844, 22.312689 ], [ -97.89786, 22.312809 ], [ -97.897755, 22.31294 ], [ -97.897731, 22.313135 ], [ -97.897752, 22.313316 ], [ -97.897839, 22.313387 ], [ -97.897944, 22.313531 ], [ -97.897965, 22.313659 ], [ -97.89819, 22.31383 ], [ -97.898343, 22.313828 ], [ -97.898434, 22.313757 ], [ -97.898575, 22.313713 ], [ -97.898777, 22.313748 ], [ -97.89893, 22.313892 ], [ -97.898988, 22.314059 ], [ -97.898974, 22.31421 ], [ -97.898901, 22.314457 ], [ -97.898638, 22.31474 ], [ -97.898664, 22.314852 ], [ -97.898702, 22.314912 ], [ -97.898916, 22.314945 ], [ -97.898961, 22.314992 ], [ -97.898994, 22.314971 ], [ -97.899055, 22.315002 ], [ -97.89908, 22.315093 ], [ -97.89908, 22.315094 ], [ -97.899054, 22.315205 ], [ -97.898955, 22.31532 ], [ -97.898868, 22.315434 ], [ -97.898817, 22.315625 ], [ -97.898861, 22.315968 ], [ -97.898885, 22.316126 ], [ -97.898916, 22.316269 ], [ -97.898924, 22.316406 ], [ -97.898807, 22.316488 ], [ -97.898795, 22.316551 ], [ -97.898833, 22.31663 ], [ -97.898883, 22.316705 ], [ -97.899217, 22.316826 ], [ -97.899445, 22.316897 ], [ -97.899566, 22.316993 ], [ -97.899882, 22.317028 ], [ -97.897983, 22.317234 ], [ -97.89804, 22.317653 ], [ -97.895753, 22.317919 ], [ -97.895972, 22.318198 ], [ -97.895379, 22.318318 ], [ -97.895086, 22.318351 ], [ -97.894757, 22.318346 ], [ -97.894016, 22.318192 ], [ -97.893906, 22.317595 ], [ -97.893938, 22.31696 ], [ -97.893681, 22.316906 ], [ -97.892738, 22.316726 ], [ -97.892179, 22.316604 ], [ -97.891618, 22.316493 ], [ -97.891075, 22.316386 ], [ -97.89047, 22.316276 ], [ -97.889517, 22.316105 ], [ -97.888962, 22.315979 ], [ -97.8888, 22.316306 ], [ -97.888604, 22.316061 ], [ -97.888599, 22.315988 ], [ -97.888611, 22.315239 ], [ -97.888456, 22.315191 ], [ -97.888635, 22.314704 ], [ -97.888679, 22.314192 ], [ -97.888769, 22.313704 ], [ -97.888861, 22.313316 ], [ -97.888861, 22.313265 ], [ -97.889173, 22.312627 ], [ -97.889801, 22.312015 ], [ -97.889828, 22.311893 ], [ -97.889999, 22.311108 ], [ -97.89036, 22.311112 ], [ -97.890615, 22.310742 ], [ -97.89084, 22.31042 ], [ -97.890923, 22.3103 ], [ -97.891488, 22.309558 ], [ -97.891613, 22.309395 ], [ -97.891707, 22.309272 ], [ -97.89199, 22.308903 ], [ -97.892278, 22.308529 ], [ -97.892394, 22.308387 ], [ -97.892526, 22.30814 ], [ -97.892587, 22.308023 ], [ -97.892648, 22.307907 ], [ -97.892724, 22.307759 ], [ -97.892733, 22.307743 ], [ -97.892742, 22.307725 ], [ -97.893674, 22.307914 ], [ -97.894537, 22.308107 ], [ -97.895273, 22.308254 ], [ -97.895774, 22.308374 ], [ -97.896208, 22.308477 ], [ -97.89783, 22.308429 ], [ -97.897845, 22.308429 ] ] ] ] } },
{ "type": "Feature", "properties": { "CVEGEO": "2803800010919", "POB_TOT_20": 3287.0, "POB_MASC_2": 1573.0, "POB_FEM_20": 1714.0, "origen": "2803800010919", "viajes_od_totales_salientes": 86.64, "viajes-total_salientes": 3238.0, "viajes_od_totales_norm_salientes": 0.39911553344389167, "viajes-total_norm_salientes": 2.4511733535200606, "AE_por_fila_salientes": 0.01967202229684276, "SE_por_fila_salientes": 0.0015465336871454489, "APE_por_fila_salientes": 87.479530913353486, "destino": "2803800010919", "viajes_od_totales_entrantes": 56.6, "viajes-total_entrantes": 3134.0, "viajes_od_totales_norm_entrantes": 0.26073337018610648, "viajes-total_norm_entrantes": 2.372445117335352, "AE_por_fila_entrantes": 0.019614837060538154, "SE_por_fila_entrantes": 0.0014294623381827592, "APE_por_fila_entrantes": 94.114549660967299 }, "geometry": { "type": "MultiPolygon", "coordinates": [ [ [ [ -97.897845, 22.308429 ], [ -97.89783, 22.308429 ], [ -97.896208, 22.308477 ], [ -97.895774, 22.308374 ], [ -97.895273, 22.308254 ], [ -97.894537, 22.308107 ], [ -97.893674, 22.307914 ], [ -97.892742, 22.307725 ], [ -97.892753, 22.307704 ], [ -97.892848, 22.307524 ], [ -97.893087, 22.307072 ], [ -97.893193, 22.306856 ], [ -97.893407, 22.30642 ], [ -97.893522, 22.306187 ], [ -97.893598, 22.306011 ], [ -97.893202, 22.305724 ], [ -97.892546, 22.305233 ], [ -97.891846, 22.304714 ], [ -97.892433, 22.304048 ], [ -97.893032, 22.303373 ], [ -97.893742, 22.303898 ], [ -97.894514, 22.304468 ], [ -97.894534, 22.304447 ], [ -97.89509, 22.303798 ], [ -97.895629, 22.303161 ], [ -97.894921, 22.302601 ], [ -97.895543, 22.301923 ], [ -97.896113, 22.30128 ], [ -97.896828, 22.301776 ], [ -97.897345, 22.301133 ], [ -97.897889, 22.300508 ], [ -97.898457, 22.299845 ], [ -97.89903, 22.299287 ], [ -97.89965, 22.299906 ], [ -97.900275, 22.299385 ], [ -97.900358, 22.299343 ], [ -97.900977, 22.298835 ], [ -97.901105, 22.29873 ], [ -97.901516, 22.298396 ], [ -97.901593, 22.298333 ], [ -97.901844, 22.298129 ], [ -97.90229, 22.297758 ], [ -97.902349, 22.297841 ], [ -97.902514, 22.298249 ], [ -97.902589, 22.298767 ], [ -97.902541, 22.299181 ], [ -97.902312, 22.299745 ], [ -97.901921, 22.300151 ], [ -97.901471, 22.300476 ], [ -97.900688, 22.300921 ], [ -97.900198, 22.301288 ], [ -97.899104, 22.302378 ], [ -97.898841, 22.302731 ], [ -97.898561, 22.303108 ], [ -97.898301, 22.303437 ], [ -97.897991, 22.303832 ], [ -97.89771, 22.304236 ], [ -97.897707, 22.30424 ], [ -97.897454, 22.304603 ], [ -97.897238, 22.304926 ], [ -97.897327, 22.305524 ], [ -97.897341, 22.305685 ], [ -97.897367, 22.305815 ], [ -97.897445, 22.305949 ], [ -97.897534, 22.306061 ], [ -97.897566, 22.306166 ], [ -97.89756, 22.306273 ], [ -97.897595, 22.306397 ], [ -97.89755, 22.306513 ], [ -97.897475, 22.306559 ], [ -97.897453, 22.306621 ], [ -97.897443, 22.306721 ], [ -97.897463, 22.30682 ], [ -97.897447, 22.306915 ], [ -97.89754, 22.307219 ], [ -97.897612, 22.307386 ], [ -97.897677, 22.30764 ], [ -97.897731, 22.307847 ], [ -97.897807, 22.307936 ], [ -97.897831, 22.308046 ], [ -97.897851, 22.308207 ], [ -97.897873, 22.308335 ], [ -97.897845, 22.308429 ] ] ] ] } },
{ "type": "Feature", "properties": { "CVEGEO": "2803800010942", "POB_TOT_20": 4566.0, "POB_MASC_2": 2209.0, "POB_FEM_20": 2357.0, "origen": "2803800010942", "viajes_od_totales_salientes": 232.24, "viajes-total_salientes": 6283.0, "viajes_od_totales_norm_salientes": 1.0698360051593883, "viajes-total_norm_salientes": 4.7562452687358059, "AE_por_fila_salientes": 0.028124898645614654, "SE_por_fila_salientes": 0.0031060266601819191, "APE_por_fila_salientes": 94.280860346113514, "destino": "2803800010942", "viajes_od_totales_entrantes": 234.44, "viajes-total_entrantes": 6576.0, "viajes_od_totales_norm_entrantes": 1.0799705177814629, "viajes-total_norm_entrantes": 4.978046934140802, "AE_por_fila_entrantes": 0.026917154680004867, "SE_por_fila_entrantes": 0.0027977467602474902, "APE_por_fila_entrantes": 89.715440724074369 }, "geometry": { "type": "MultiPolygon", "coordinates": [ [ [ [ -97.90229, 22.297758 ], [ -97.901844, 22.298129 ], [ -97.901593, 22.298333 ], [ -97.901516, 22.298396 ], [ -97.901105, 22.29873 ], [ -97.900977, 22.298835 ], [ -97.900358, 22.299343 ], [ -97.900275, 22.299385 ], [ -97.89965, 22.299906 ], [ -97.89903, 22.299287 ], [ -97.898457, 22.299845 ], [ -97.897889, 22.300508 ], [ -97.897345, 22.301133 ], [ -97.896828, 22.301776 ], [ -97.896113, 22.30128 ], [ -97.895543, 22.301923 ], [ -97.894921, 22.302601 ], [ -97.895629, 22.303161 ], [ -97.89509, 22.303798 ], [ -97.894534, 22.304447 ], [ -97.894514, 22.304468 ], [ -97.893742, 22.303898 ], [ -97.893032, 22.303373 ], [ -97.892312, 22.302847 ], [ -97.892903, 22.302193 ], [ -97.893529, 22.3015 ], [ -97.894107, 22.30086 ], [ -97.894691, 22.300218 ], [ -97.89394, 22.299676 ], [ -97.893766, 22.299563 ], [ -97.893224, 22.299211 ], [ -97.892739, 22.298892 ], [ -97.891959, 22.298386 ], [ -97.891523, 22.298103 ], [ -97.891303, 22.297964 ], [ -97.891216, 22.297914 ], [ -97.89078, 22.297664 ], [ -97.88986, 22.297156 ], [ -97.890444, 22.296818 ], [ -97.890834, 22.296592 ], [ -97.891348, 22.296258 ], [ -97.892523, 22.295591 ], [ -97.892475, 22.295536 ], [ -97.891819, 22.294815 ], [ -97.891474, 22.294497 ], [ -97.89114, 22.294143 ], [ -97.891116, 22.29411 ], [ -97.891451, 22.29389 ], [ -97.892504, 22.29319 ], [ -97.894558, 22.291826 ], [ -97.894473, 22.291567 ], [ -97.894397, 22.291334 ], [ -97.894623, 22.291303 ], [ -97.89498, 22.291253 ], [ -97.895586, 22.291166 ], [ -97.895619, 22.291418 ], [ -97.895754, 22.291812 ], [ -97.896016, 22.292246 ], [ -97.89791, 22.29477 ], [ -97.89832, 22.295166 ], [ -97.898868, 22.295545 ], [ -97.899248, 22.295763 ], [ -97.901699, 22.297164 ], [ -97.902057, 22.29743 ], [ -97.90229, 22.297758 ] ] ] ] } },
{ "type": "Feature", "properties": { "CVEGEO": "2800301221377", "POB_TOT_20": 2.0, "POB_MASC_2": null, "POB_FEM_20": null, "origen": "2800301221377", "viajes_od_totales_salientes": 2.52, "viajes-total_salientes": 1095.0, "viajes_od_totales_norm_salientes": 0.011608623548922056, "viajes-total_norm_salientes": 0.82891748675246024, "AE_por_fila_salientes": 0.015135349318584042, "SE_por_fila_salientes": 0.00091642947586278111, "APE_por_fila_salientes": 95.321122956220805, "destino": "2800301221377", "viajes_od_totales_entrantes": 165.34, "viajes-total_entrantes": 1183.0, "viajes_od_totales_norm_entrantes": 0.76165468951538595, "viajes-total_norm_entrantes": 0.89553368660105981, "AE_por_fila_entrantes": 0.019145287786708223, "SE_por_fila_entrantes": 0.0014218033533223492, "APE_por_fila_entrantes": 163.3018234664971 }, "geometry": { "type": "MultiPolygon", "coordinates": [ [ [ [ -97.889052, 22.331482 ], [ -97.887127, 22.334437 ], [ -97.886606, 22.335236 ], [ -97.887122, 22.335255 ], [ -97.887405, 22.335259 ], [ -97.884122, 22.340132 ], [ -97.881988, 22.339918 ], [ -97.882913, 22.341364 ], [ -97.882625, 22.341437 ], [ -97.881687, 22.341686 ], [ -97.881155, 22.341828 ], [ -97.879732, 22.342162 ], [ -97.879373, 22.34226 ], [ -97.875523, 22.343312 ], [ -97.875339, 22.342696 ], [ -97.875001, 22.341565 ], [ -97.874585, 22.340168 ], [ -97.874425, 22.339633 ], [ -97.873979, 22.338197 ], [ -97.875462, 22.337854 ], [ -97.875743, 22.337784 ], [ -97.876754, 22.337586 ], [ -97.878129, 22.337232 ], [ -97.878844, 22.33702 ], [ -97.87944, 22.336848 ], [ -97.879952, 22.336654 ], [ -97.880409, 22.336427 ], [ -97.880861, 22.33618 ], [ -97.881242, 22.33597 ], [ -97.881417, 22.335876 ], [ -97.881758, 22.33568 ], [ -97.881958, 22.335555 ], [ -97.883008, 22.335006 ], [ -97.883641, 22.334619 ], [ -97.884151, 22.334215 ], [ -97.884608, 22.333802 ], [ -97.884813, 22.333557 ], [ -97.885001, 22.333315 ], [ -97.885311, 22.332857 ], [ -97.885582, 22.332401 ], [ -97.886187, 22.331407 ], [ -97.886706, 22.331418 ], [ -97.88902, 22.331481 ], [ -97.889052, 22.331482 ] ] ] ] } },
{ "type": "Feature", "properties": { "CVEGEO": "2800301221381", "POB_TOT_20": 1450.0, "POB_MASC_2": 702.0, "POB_FEM_20": 748.0, "origen": "2800301221381", "viajes_od_totales_salientes": 6.0, "viajes-total_salientes": 1658.0, "viajes_od_totales_norm_salientes": 0.027639579878385848, "viajes-total_norm_salientes": 1.255109765329296, "AE_por_fila_salientes": 0.018320450529118064, "SE_por_fila_salientes": 0.00073970384863543501, "APE_por_fila_salientes": 92.999521219084684, "destino": "2800301221381", "viajes_od_totales_entrantes": 5.94, "viajes-total_entrantes": 1744.0, "viajes_od_totales_norm_entrantes": 0.02736318407960199, "viajes-total_norm_entrantes": 1.320211960635882, "AE_por_fila_entrantes": 0.017470929412922703, "SE_por_fila_entrantes": 0.00072373715925078575, "APE_por_fila_entrantes": 95.150453608246238 }, "geometry": { "type": "MultiPolygon", "coordinates": [ [ [ [ -97.889052, 22.331482 ], [ -97.88902, 22.331481 ], [ -97.886706, 22.331418 ], [ -97.886187, 22.331407 ], [ -97.887854, 22.328852 ], [ -97.887958, 22.328661 ], [ -97.888371, 22.32802 ], [ -97.888678, 22.327544 ], [ -97.888761, 22.327432 ], [ -97.889157, 22.32664 ], [ -97.889851, 22.324789 ], [ -97.890199, 22.323803 ], [ -97.893709, 22.324332 ], [ -97.894084, 22.324415 ], [ -97.894248, 22.324453 ], [ -97.894454, 22.32447 ], [ -97.895147, 22.324596 ], [ -97.895418, 22.324645 ], [ -97.896237, 22.324788 ], [ -97.896474, 22.324826 ], [ -97.896986, 22.324929 ], [ -97.897762, 22.325081 ], [ -97.897847, 22.325096 ], [ -97.898801, 22.325286 ], [ -97.899354, 22.325399 ], [ -97.899291, 22.325825 ], [ -97.89922, 22.326304 ], [ -97.899155, 22.326742 ], [ -97.89864, 22.330227 ], [ -97.898413, 22.330356 ], [ -97.898359, 22.330416 ], [ -97.898237, 22.330523 ], [ -97.89811, 22.330603 ], [ -97.898079, 22.330618 ], [ -97.898035, 22.330629 ], [ -97.897994, 22.330633 ], [ -97.897938, 22.330632 ], [ -97.897888, 22.330621 ], [ -97.89763, 22.330486 ], [ -97.897395, 22.330284 ], [ -97.896901, 22.33001 ], [ -97.896803, 22.329971 ], [ -97.896636, 22.329862 ], [ -97.896511, 22.329828 ], [ -97.896385, 22.32975 ], [ -97.896337, 22.329697 ], [ -97.89632, 22.32966 ], [ -97.896308, 22.329638 ], [ -97.896297, 22.32961 ], [ -97.896289, 22.329586 ], [ -97.896283, 22.329548 ], [ -97.896284, 22.329511 ], [ -97.89626, 22.329461 ], [ -97.896208, 22.329417 ], [ -97.896112, 22.329352 ], [ -97.896083, 22.32931 ], [ -97.896027, 22.329221 ], [ -97.895948, 22.329032 ], [ -97.895953, 22.328915 ], [ -97.89595, 22.328825 ], [ -97.896, 22.32873 ], [ -97.896104, 22.328624 ], [ -97.896097, 22.32848 ], [ -97.896145, 22.328377 ], [ -97.896314, 22.327703 ], [ -97.89621, 22.327631 ], [ -97.896153, 22.327603 ], [ -97.896089, 22.327579 ], [ -97.895931, 22.327544 ], [ -97.89583, 22.327512 ], [ -97.895072, 22.32732 ], [ -97.894988, 22.327363 ], [ -97.894963, 22.327403 ], [ -97.894898, 22.327372 ], [ -97.894607, 22.327434 ], [ -97.894265, 22.327614 ], [ -97.894255, 22.327625 ], [ -97.894118, 22.32778 ], [ -97.894103, 22.327797 ], [ -97.894088, 22.327812 ], [ -97.894076, 22.327821 ], [ -97.894065, 22.327827 ], [ -97.894051, 22.327834 ], [ -97.894038, 22.327836 ], [ -97.894024, 22.32784 ], [ -97.894004, 22.327843 ], [ -97.89399, 22.327843 ], [ -97.893977, 22.327844 ], [ -97.893963, 22.327841 ], [ -97.893956, 22.327853 ], [ -97.893963, 22.327859 ], [ -97.893977, 22.327862 ], [ -97.893999, 22.327865 ], [ -97.894037, 22.327861 ], [ -97.894066, 22.327863 ], [ -97.894098, 22.327867 ], [ -97.894122, 22.327874 ], [ -97.894144, 22.327889 ], [ -97.89416, 22.327909 ], [ -97.894157, 22.327998 ], [ -97.894132, 22.328023 ], [ -97.89405, 22.328027 ], [ -97.893973, 22.328018 ], [ -97.893953, 22.328044 ], [ -97.893907, 22.328074 ], [ -97.893734, 22.328079 ], [ -97.893683, 22.328072 ], [ -97.89361, 22.328107 ], [ -97.893618, 22.328165 ], [ -97.893662, 22.328172 ], [ -97.893702, 22.328178 ], [ -97.893739, 22.328176 ], [ -97.893767, 22.328173 ], [ -97.893798, 22.328167 ], [ -97.893896, 22.328115 ], [ -97.89398, 22.328114 ], [ -97.894, 22.328201 ], [ -97.894009, 22.328208 ], [ -97.894025, 22.328208 ], [ -97.894033, 22.328192 ], [ -97.894049, 22.32816 ], [ -97.894075, 22.328135 ], [ -97.894109, 22.328107 ], [ -97.894166, 22.328093 ], [ -97.894284, 22.328129 ], [ -97.894584, 22.328137 ], [ -97.894593, 22.328152 ], [ -97.894605, 22.328166 ], [ -97.894625, 22.32818 ], [ -97.894643, 22.328192 ], [ -97.89466, 22.328197 ], [ -97.894677, 22.328203 ], [ -97.894697, 22.328206 ], [ -97.894723, 22.328204 ], [ -97.894736, 22.3282 ], [ -97.894748, 22.328195 ], [ -97.89476, 22.328189 ], [ -97.894769, 22.328182 ], [ -97.894776, 22.328173 ], [ -97.894781, 22.328166 ], [ -97.894786, 22.328155 ], [ -97.894789, 22.32814 ], [ -97.894793, 22.328131 ], [ -97.894973, 22.328049 ], [ -97.894992, 22.328039 ], [ -97.895012, 22.328033 ], [ -97.895039, 22.328031 ], [ -97.895063, 22.328033 ], [ -97.895082, 22.328039 ], [ -97.8951, 22.328048 ], [ -97.89511, 22.328057 ], [ -97.895117, 22.328065 ], [ -97.895126, 22.328074 ], [ -97.895133, 22.328084 ], [ -97.895129, 22.328107 ], [ -97.89513, 22.328131 ], [ -97.895133, 22.328155 ], [ -97.895141, 22.328177 ], [ -97.895151, 22.328199 ], [ -97.895165, 22.328219 ], [ -97.895182, 22.328237 ], [ -97.895201, 22.328253 ], [ -97.895222, 22.328266 ], [ -97.895245, 22.328276 ], [ -97.895268, 22.328283 ], [ -97.895319, 22.32851 ], [ -97.895298, 22.328553 ], [ -97.89506, 22.328673 ], [ -97.894934, 22.328779 ], [ -97.894917, 22.328806 ], [ -97.894913, 22.328826 ], [ -97.894925, 22.32884 ], [ -97.894939, 22.328839 ], [ -97.894954, 22.328845 ], [ -97.894957, 22.328839 ], [ -97.894966, 22.328835 ], [ -97.894972, 22.328825 ], [ -97.89498, 22.32882 ], [ -97.894984, 22.328808 ], [ -97.894994, 22.328798 ], [ -97.895008, 22.328771 ], [ -97.895035, 22.328764 ], [ -97.895063, 22.32875 ], [ -97.895098, 22.328752 ], [ -97.895188, 22.328752 ], [ -97.895227, 22.328838 ], [ -97.895213, 22.328849 ], [ -97.895204, 22.328867 ], [ -97.895195, 22.328885 ], [ -97.895189, 22.328908 ], [ -97.895188, 22.328929 ], [ -97.89519, 22.328951 ], [ -97.895192, 22.328963 ], [ -97.895265, 22.328969 ], [ -97.895261, 22.329094 ], [ -97.895252, 22.329112 ], [ -97.895241, 22.329125 ], [ -97.895233, 22.329134 ], [ -97.895219, 22.329143 ], [ -97.895202, 22.329152 ], [ -97.895187, 22.329154 ], [ -97.895174, 22.329156 ], [ -97.895159, 22.329156 ], [ -97.895146, 22.329155 ], [ -97.895134, 22.329154 ], [ -97.895121, 22.329267 ], [ -97.895132, 22.329268 ], [ -97.895143, 22.329269 ], [ -97.895153, 22.329269 ], [ -97.895168, 22.329264 ], [ -97.895178, 22.329261 ], [ -97.895188, 22.329256 ], [ -97.895199, 22.329248 ], [ -97.895226, 22.329165 ], [ -97.895314, 22.329134 ], [ -97.895387, 22.329178 ], [ -97.895384, 22.329206 ], [ -97.89538, 22.329225 ], [ -97.895372, 22.329242 ], [ -97.895363, 22.329252 ], [ -97.895353, 22.329262 ], [ -97.895341, 22.32927 ], [ -97.895326, 22.329272 ], [ -97.895316, 22.329275 ], [ -97.895301, 22.329275 ], [ -97.895259, 22.329433 ], [ -97.895166, 22.329477 ], [ -97.895075, 22.329643 ], [ -97.894974, 22.329629 ], [ -97.894969, 22.329604 ], [ -97.894954, 22.329573 ], [ -97.89494, 22.329557 ], [ -97.89492, 22.329541 ], [ -97.894898, 22.329527 ], [ -97.894666, 22.329418 ], [ -97.894549, 22.329323 ], [ -97.894534, 22.329302 ], [ -97.894521, 22.329278 ], [ -97.894516, 22.329261 ], [ -97.894512, 22.329237 ], [ -97.894516, 22.329207 ], [ -97.894524, 22.329176 ], [ -97.894531, 22.329156 ], [ -97.894464, 22.329068 ], [ -97.894381, 22.329034 ], [ -97.894253, 22.329091 ], [ -97.893714, 22.328919 ], [ -97.893543, 22.328906 ], [ -97.893396, 22.328866 ], [ -97.892751, 22.328524 ], [ -97.892214, 22.328372 ], [ -97.892193, 22.328375 ], [ -97.892028, 22.328397 ], [ -97.891959, 22.328437 ], [ -97.891955, 22.328452 ], [ -97.891944, 22.328481 ], [ -97.891927, 22.328514 ], [ -97.891907, 22.32854 ], [ -97.89188, 22.328561 ], [ -97.891858, 22.328578 ], [ -97.891834, 22.328588 ], [ -97.891797, 22.328561 ], [ -97.89173, 22.328545 ], [ -97.891662, 22.32855 ], [ -97.891621, 22.328609 ], [ -97.891443, 22.329076 ], [ -97.890996, 22.329656 ], [ -97.890379, 22.329654 ], [ -97.889752, 22.330414 ], [ -97.889052, 22.331482 ] ] ] ] } },
{ "type": "Feature", "properties": { "CVEGEO": "2803800010529", "POB_TOT_20": 4998.0, "POB_MASC_2": 2403.0, "POB_FEM_20": 2595.0, "origen": "2803800010529", "viajes_od_totales_salientes": 134.66, "viajes-total_salientes": 5484.0, "viajes_od_totales_norm_salientes": 0.6203243044039064, "viajes-total_norm_salientes": 4.1514004542013625, "AE_por_fila_salientes": 0.029479183034731019, "SE_por_fila_salientes": 0.0045151499453740789, "APE_por_fila_salientes": 91.847119548707695, "destino": "2803800010529", "viajes_od_totales_entrantes": 69.78, "viajes-total_entrantes": 5311.0, "viajes_od_totales_norm_entrantes": 0.3214483139856274, "viajes-total_norm_entrantes": 4.0204390613171839, "AE_por_fila_entrantes": 0.026695697084040956, "SE_por_fila_entrantes": 0.0036419681213893523, "APE_por_fila_entrantes": 91.799907670820915 }, "geometry": { "type": "MultiPolygon", "coordinates": [ [ [ [ -97.894248, 22.324453 ], [ -97.894084, 22.324415 ], [ -97.893709, 22.324332 ], [ -97.890199, 22.323803 ], [ -97.890051, 22.323828 ], [ -97.888017, 22.323586 ], [ -97.88745, 22.323529 ], [ -97.886954, 22.323464 ], [ -97.886936, 22.323446 ], [ -97.886901, 22.323411 ], [ -97.887245, 22.322678 ], [ -97.887427, 22.322224 ], [ -97.887611, 22.321727 ], [ -97.887765, 22.321309 ], [ -97.887814, 22.321172 ], [ -97.887882, 22.320986 ], [ -97.887972, 22.320785 ], [ -97.888282, 22.320064 ], [ -97.88847, 22.319658 ], [ -97.888602, 22.319326 ], [ -97.888693, 22.319131 ], [ -97.888823, 22.318844 ], [ -97.888787, 22.318682 ], [ -97.888878, 22.318374 ], [ -97.888853, 22.318106 ], [ -97.888794, 22.317507 ], [ -97.888763, 22.316979 ], [ -97.88875, 22.316907 ], [ -97.888486, 22.316506 ], [ -97.888692, 22.316485 ], [ -97.88878, 22.316338 ], [ -97.8888, 22.316306 ], [ -97.888962, 22.315979 ], [ -97.889517, 22.316105 ], [ -97.89047, 22.316276 ], [ -97.891075, 22.316386 ], [ -97.891618, 22.316493 ], [ -97.892179, 22.316604 ], [ -97.892738, 22.316726 ], [ -97.893681, 22.316906 ], [ -97.893938, 22.31696 ], [ -97.893906, 22.317595 ], [ -97.894016, 22.318192 ], [ -97.894757, 22.318346 ], [ -97.895086, 22.318351 ], [ -97.895379, 22.318318 ], [ -97.895972, 22.318198 ], [ -97.895753, 22.317919 ], [ -97.89804, 22.317653 ], [ -97.897983, 22.317234 ], [ -97.899882, 22.317028 ], [ -97.900067, 22.317436 ], [ -97.900351, 22.317862 ], [ -97.900445, 22.319279 ], [ -97.899282, 22.319418 ], [ -97.899247, 22.31942 ], [ -97.898738, 22.319456 ], [ -97.898305, 22.319487 ], [ -97.897749, 22.319525 ], [ -97.897265, 22.31956 ], [ -97.89677, 22.319598 ], [ -97.896774, 22.31964 ], [ -97.896512, 22.319667 ], [ -97.895627, 22.319831 ], [ -97.895584, 22.319975 ], [ -97.895557, 22.320074 ], [ -97.895488, 22.320316 ], [ -97.895433, 22.320522 ], [ -97.895392, 22.320666 ], [ -97.895297, 22.321003 ], [ -97.895269, 22.321095 ], [ -97.895163, 22.321482 ], [ -97.895137, 22.321576 ], [ -97.895083, 22.321773 ], [ -97.894984, 22.322145 ], [ -97.894856, 22.322618 ], [ -97.894816, 22.322741 ], [ -97.894791, 22.322812 ], [ -97.89472, 22.323042 ], [ -97.894576, 22.3235 ], [ -97.894421, 22.32395 ], [ -97.894248, 22.324453 ] ] ] ] } },
{ "type": "Feature", "properties": { "CVEGEO": "2803800011391", "POB_TOT_20": 2236.0, "POB_MASC_2": 1114.0, "POB_FEM_20": 1122.0, "origen": "2803800011391", "viajes_od_totales_salientes": 18.98, "viajes-total_salientes": 1286.0, "viajes_od_totales_norm_salientes": 0.087433204348627225, "viajes-total_norm_salientes": 0.97350492051476156, "AE_por_fila_salientes": 0.013292061450182793, "SE_por_fila_salientes": 0.0006013992183052818, "APE_por_fila_salientes": 85.446176454714362, "destino": "2803800011391", "viajes_od_totales_entrantes": 16.08, "viajes-total_entrantes": 1474.0, "viajes_od_totales_norm_entrantes": 0.07407407407407407, "viajes-total_norm_entrantes": 1.1158213474640424, "AE_por_fila_entrantes": 0.013768988716604121, "SE_por_fila_entrantes": 0.00061570847637999499, "APE_por_fila_entrantes": 92.366380609619583 }, "geometry": { "type": "MultiPolygon", "coordinates": [ [ [ [ -97.899354, 22.325399 ], [ -97.898801, 22.325286 ], [ -97.897847, 22.325096 ], [ -97.897762, 22.325081 ], [ -97.896986, 22.324929 ], [ -97.896474, 22.324826 ], [ -97.896237, 22.324788 ], [ -97.895418, 22.324645 ], [ -97.895147, 22.324596 ], [ -97.894454, 22.32447 ], [ -97.894248, 22.324453 ], [ -97.894421, 22.32395 ], [ -97.894576, 22.3235 ], [ -97.89472, 22.323042 ], [ -97.894791, 22.322812 ], [ -97.894816, 22.322741 ], [ -97.894856, 22.322618 ], [ -97.894984, 22.322145 ], [ -97.895083, 22.321773 ], [ -97.895137, 22.321576 ], [ -97.895163, 22.321482 ], [ -97.895269, 22.321095 ], [ -97.895297, 22.321003 ], [ -97.895392, 22.320666 ], [ -97.895433, 22.320522 ], [ -97.895488, 22.320316 ], [ -97.895557, 22.320074 ], [ -97.895584, 22.319975 ], [ -97.895627, 22.319831 ], [ -97.896512, 22.319667 ], [ -97.896774, 22.31964 ], [ -97.89677, 22.319598 ], [ -97.897265, 22.31956 ], [ -97.897749, 22.319525 ], [ -97.898305, 22.319487 ], [ -97.898738, 22.319456 ], [ -97.899247, 22.31942 ], [ -97.899282, 22.319418 ], [ -97.900445, 22.319279 ], [ -97.900259, 22.320795 ], [ -97.899852, 22.321015 ], [ -97.899852, 22.321016 ], [ -97.899864, 22.321332 ], [ -97.899769, 22.322126 ], [ -97.899763, 22.322171 ], [ -97.899821, 22.323518 ], [ -97.899751, 22.323506 ], [ -97.899787, 22.323974 ], [ -97.899807, 22.324449 ], [ -97.899825, 22.324929 ], [ -97.899802, 22.325519 ], [ -97.899354, 22.325399 ] ] ] ] } },
{ "type": "Feature", "properties": { "CVEGEO": "2800301222144", "POB_TOT_20": 224.0, "POB_MASC_2": 109.0, "POB_FEM_20": 115.0, "origen": "2800301222144", "viajes_od_totales_salientes": 1.54, "viajes-total_salientes": 154.0, "viajes_od_totales_norm_salientes": 0.0070941588354523676, "viajes-total_norm_salientes": 0.1165783497350492, "AE_por_fila_salientes": 0.0057623258368208865, "SE_por_fila_salientes": 5.3119137774911845e-05, "APE_por_fila_salientes": 86.065026777036906, "destino": "2800301222144", "viajes_od_totales_entrantes": 0.0, "viajes-total_entrantes": 152.0, "viajes_od_totales_norm_entrantes": 0.0, "viajes-total_norm_entrantes": 0.11506434519303557, "AE_por_fila_entrantes": 0.0060560181680545042, "SE_por_fila_entrantes": 5.5193998005596552e-05, "APE_por_fila_entrantes": 94.736842105263165 }, "geometry": { "type": "MultiPolygon", "coordinates": [ [ [ [ -97.875979, 22.344922 ], [ -97.875823, 22.344325 ], [ -97.875523, 22.343312 ], [ -97.879373, 22.34226 ], [ -97.879732, 22.342162 ], [ -97.881155, 22.341828 ], [ -97.881687, 22.341686 ], [ -97.882625, 22.341437 ], [ -97.882913, 22.341364 ], [ -97.883444, 22.341967 ], [ -97.883512, 22.342063 ], [ -97.883776, 22.342427 ], [ -97.883582, 22.342496 ], [ -97.883363, 22.342573 ], [ -97.883403, 22.342677 ], [ -97.883515, 22.342833 ], [ -97.883535, 22.342855 ], [ -97.883657, 22.343092 ], [ -97.883664, 22.343367 ], [ -97.883572, 22.343688 ], [ -97.883402, 22.343884 ], [ -97.883164, 22.344049 ], [ -97.882916, 22.344245 ], [ -97.882997, 22.344387 ], [ -97.882745, 22.344511 ], [ -97.882613, 22.344336 ], [ -97.882233, 22.344525 ], [ -97.882188, 22.344535 ], [ -97.882149, 22.344545 ], [ -97.881628, 22.345016 ], [ -97.881286, 22.345663 ], [ -97.879279, 22.343435 ], [ -97.876346, 22.344253 ], [ -97.876201, 22.344894 ], [ -97.875979, 22.344922 ] ] ] ] } },
{ "type": "Feature", "properties": { "CVEGEO": "2803800010567", "POB_TOT_20": 3764.0, "POB_MASC_2": 1815.0, "POB_FEM_20": 1949.0, "origen": "2803800010567", "viajes_od_totales_salientes": 91.28, "viajes-total_salientes": 4542.0, "viajes_od_totales_norm_salientes": 0.42049014188317668, "viajes-total_norm_salientes": 3.4383043149129446, "AE_por_fila_salientes": 0.024676291106216264, "SE_por_fila_salientes": 0.0016150664195537701, "APE_por_fila_salientes": 94.517289734553927, "destino": "2803800010567", "viajes_od_totales_entrantes": 95.64, "viajes-total_entrantes": 4535.0, "viajes_od_totales_norm_entrantes": 0.44057490326147042, "viajes-total_norm_entrantes": 3.433005299015897, "AE_por_fila_entrantes": 0.023977002208811504, "SE_por_fila_entrantes": 0.0016097546257374223, "APE_por_fila_entrantes": 100.33007706133913 }, "geometry": { "type": "MultiPolygon", "coordinates": [ [ [ [ -97.856972, 22.321707 ], [ -97.85712, 22.321211 ], [ -97.857193, 22.320982 ], [ -97.857284, 22.320771 ], [ -97.857279, 22.320449 ], [ -97.857259, 22.319973 ], [ -97.857208, 22.319498 ], [ -97.857173, 22.319155 ], [ -97.857149, 22.318983 ], [ -97.857108, 22.318749 ], [ -97.857065, 22.318462 ], [ -97.85706, 22.3182 ], [ -97.857099, 22.318023 ], [ -97.857261, 22.31771 ], [ -97.857511, 22.317464 ], [ -97.85755, 22.317425 ], [ -97.857926, 22.317057 ], [ -97.858261, 22.316687 ], [ -97.858493, 22.316307 ], [ -97.858894, 22.315711 ], [ -97.859034, 22.316149 ], [ -97.859182, 22.316591 ], [ -97.860384, 22.316243 ], [ -97.860386, 22.316242 ], [ -97.862085, 22.31575 ], [ -97.862151, 22.31573 ], [ -97.862399, 22.315653 ], [ -97.864922, 22.322078 ], [ -97.864753, 22.322015 ], [ -97.864698, 22.321869 ], [ -97.864641, 22.321728 ], [ -97.864586, 22.321622 ], [ -97.864491, 22.321569 ], [ -97.864384, 22.321585 ], [ -97.862245, 22.321624 ], [ -97.861475, 22.321634 ], [ -97.860972, 22.321649 ], [ -97.860505, 22.321666 ], [ -97.860076, 22.321686 ], [ -97.85977, 22.321688 ], [ -97.859581, 22.321688 ], [ -97.859402, 22.321695 ], [ -97.859004, 22.321705 ], [ -97.858762, 22.321703 ], [ -97.858435, 22.321715 ], [ -97.858261, 22.321725 ], [ -97.857754, 22.321713 ], [ -97.857235, 22.321699 ], [ -97.856972, 22.321707 ] ] ] ] } },
{ "type": "Feature", "properties": { "CVEGEO": "2803800010834", "POB_TOT_20": 2319.0, "POB_MASC_2": 1086.0, "POB_FEM_20": 1233.0, "origen": "2803800010834", "viajes_od_totales_salientes": 116.28, "viajes-total_salientes": 2605.0, "viajes_od_totales_norm_salientes": 0.53565505804311775, "viajes-total_norm_salientes": 1.971990915972748, "AE_por_fila_salientes": 0.017474640837886149, "SE_por_fila_salientes": 0.00081059583617733375, "APE_por_fila_salientes": 91.284461281281096, "destino": "2803800010834", "viajes_od_totales_entrantes": 92.98, "viajes-total_entrantes": 2627.0, "viajes_od_totales_norm_entrantes": 0.42832135618205264, "viajes-total_norm_entrantes": 1.9886449659348977, "AE_por_fila_entrantes": 0.019777408458664231, "SE_por_fila_entrantes": 0.0010349828781452475, "APE_por_fila_entrantes": 108.06031345077079 }, "geometry": { "type": "MultiPolygon", "coordinates": [ [ [ [ -97.888861, 22.313265 ], [ -97.888861, 22.313316 ], [ -97.888769, 22.313704 ], [ -97.888679, 22.314192 ], [ -97.888635, 22.314704 ], [ -97.888456, 22.315191 ], [ -97.888611, 22.315239 ], [ -97.888599, 22.315988 ], [ -97.888604, 22.316061 ], [ -97.8888, 22.316306 ], [ -97.88878, 22.316338 ], [ -97.888692, 22.316485 ], [ -97.888486, 22.316506 ], [ -97.88875, 22.316907 ], [ -97.888763, 22.316979 ], [ -97.888794, 22.317507 ], [ -97.888853, 22.318106 ], [ -97.888878, 22.318374 ], [ -97.888787, 22.318682 ], [ -97.88855, 22.318703 ], [ -97.88818, 22.318738 ], [ -97.887877, 22.318775 ], [ -97.887419, 22.31882 ], [ -97.887005, 22.318858 ], [ -97.886552, 22.3189 ], [ -97.886104, 22.318938 ], [ -97.885699, 22.318971 ], [ -97.885222, 22.319011 ], [ -97.885128, 22.317967 ], [ -97.885128, 22.317924 ], [ -97.885124, 22.317835 ], [ -97.885637, 22.317859 ], [ -97.885887, 22.317865 ], [ -97.886648, 22.317331 ], [ -97.886669, 22.317207 ], [ -97.886722, 22.317024 ], [ -97.886897, 22.316553 ], [ -97.887111, 22.315983 ], [ -97.88722, 22.315692 ], [ -97.887535, 22.3149 ], [ -97.886654, 22.314619 ], [ -97.886162, 22.314465 ], [ -97.885384, 22.314222 ], [ -97.885354, 22.314218 ], [ -97.884954, 22.314215 ], [ -97.884095, 22.314216 ], [ -97.884072, 22.31361 ], [ -97.88406, 22.313287 ], [ -97.884042, 22.312777 ], [ -97.884007, 22.311995 ], [ -97.884458, 22.311989 ], [ -97.884872, 22.311981 ], [ -97.885299, 22.311974 ], [ -97.885698, 22.311967 ], [ -97.886574, 22.311948 ], [ -97.887138, 22.311936 ], [ -97.886991, 22.312661 ], [ -97.887103, 22.312709 ], [ -97.88748, 22.312821 ], [ -97.88803, 22.312981 ], [ -97.888057, 22.312996 ], [ -97.888662, 22.313197 ], [ -97.888861, 22.313265 ] ] ] ] } },
{ "type": "Feature", "properties": { "CVEGEO": "2803800010618", "POB_TOT_20": 3421.0, "POB_MASC_2": 1648.0, "POB_FEM_20": 1773.0, "origen": "2803800010618", "viajes_od_totales_salientes": 258.64, "viajes-total_salientes": 3757.0, "viajes_od_totales_norm_salientes": 1.1914501566242859, "viajes-total_norm_salientes": 2.8440575321725965, "AE_por_fila_salientes": 0.020344386784197241, "SE_por_fila_salientes": 0.0014373393902119946, "APE_por_fila_salientes": 103.81095750855638, "destino": "2803800010618", "viajes_od_totales_entrantes": 151.52, "viajes-total_entrantes": 4156.0, "viajes_od_totales_norm_entrantes": 0.69799152386217056, "viajes-total_norm_entrantes": 3.1461014383043149, "AE_por_fila_entrantes": 0.022169444107403399, "SE_por_fila_entrantes": 0.001771814742867967, "APE_por_fila_entrantes": 99.120939665466736 }, "geometry": { "type": "MultiPolygon", "coordinates": [ [ [ [ -97.888861, 22.313265 ], [ -97.888662, 22.313197 ], [ -97.888057, 22.312996 ], [ -97.88803, 22.312981 ], [ -97.88748, 22.312821 ], [ -97.887103, 22.312709 ], [ -97.886991, 22.312661 ], [ -97.887138, 22.311936 ], [ -97.887328, 22.311147 ], [ -97.887459, 22.310538 ], [ -97.887602, 22.309877 ], [ -97.887784, 22.308888 ], [ -97.887972, 22.307909 ], [ -97.888163, 22.30692 ], [ -97.888321, 22.306112 ], [ -97.888418, 22.305619 ], [ -97.888472, 22.305342 ], [ -97.888617, 22.304661 ], [ -97.888891, 22.304771 ], [ -97.889388, 22.304948 ], [ -97.889758, 22.30507 ], [ -97.890265, 22.305212 ], [ -97.890811, 22.30537 ], [ -97.891142, 22.305466 ], [ -97.89126, 22.305465 ], [ -97.891291, 22.305318 ], [ -97.891846, 22.304714 ], [ -97.892546, 22.305233 ], [ -97.893202, 22.305724 ], [ -97.893598, 22.306011 ], [ -97.893522, 22.306187 ], [ -97.893407, 22.30642 ], [ -97.893193, 22.306856 ], [ -97.893087, 22.307072 ], [ -97.892848, 22.307524 ], [ -97.892753, 22.307704 ], [ -97.892742, 22.307725 ], [ -97.892733, 22.307743 ], [ -97.892724, 22.307759 ], [ -97.892648, 22.307907 ], [ -97.892587, 22.308023 ], [ -97.892526, 22.30814 ], [ -97.892394, 22.308387 ], [ -97.892278, 22.308529 ], [ -97.89199, 22.308903 ], [ -97.891707, 22.309272 ], [ -97.891613, 22.309395 ], [ -97.891488, 22.309558 ], [ -97.890923, 22.3103 ], [ -97.89084, 22.31042 ], [ -97.890615, 22.310742 ], [ -97.89036, 22.311112 ], [ -97.889999, 22.311108 ], [ -97.889828, 22.311893 ], [ -97.889801, 22.312015 ], [ -97.889173, 22.312627 ], [ -97.888861, 22.313265 ] ] ] ] } },
{ "type": "Feature", "properties": { "CVEGEO": "2803800011315", "POB_TOT_20": 3248.0, "POB_MASC_2": 1560.0, "POB_FEM_20": 1688.0, "origen": "2803800011315", "viajes_od_totales_salientes": 413.58, "viajes-total_salientes": 4584.0, "viajes_od_totales_norm_salientes": 1.9051962410171366, "viajes-total_norm_salientes": 3.4700984102952308, "AE_por_fila_salientes": 0.022231316974015689, "SE_por_fila_salientes": 0.0017150610280551968, "APE_por_fila_salientes": 91.401625093552553, "destino": "2803800011315", "viajes_od_totales_entrantes": 69.74, "viajes-total_entrantes": 4560.0, "viajes_od_totales_norm_entrantes": 0.32126405011977149, "viajes-total_norm_entrantes": 3.4519303557910672, "AE_por_fila_entrantes": 0.025791867623664325, "SE_por_fila_entrantes": 0.0028764477999917502, "APE_por_fila_entrantes": 93.154015327807073 }, "geometry": { "type": "MultiPolygon", "coordinates": [ [ [ [ -97.891846, 22.304714 ], [ -97.891291, 22.305318 ], [ -97.89126, 22.305465 ], [ -97.891142, 22.305466 ], [ -97.890811, 22.30537 ], [ -97.890265, 22.305212 ], [ -97.889758, 22.30507 ], [ -97.889388, 22.304948 ], [ -97.888891, 22.304771 ], [ -97.888617, 22.304661 ], [ -97.888669, 22.304417 ], [ -97.888706, 22.304244 ], [ -97.888749, 22.30404 ], [ -97.888877, 22.303447 ], [ -97.888905, 22.303305 ], [ -97.888236, 22.30296 ], [ -97.888166, 22.302923 ], [ -97.887619, 22.303882 ], [ -97.887242, 22.303731 ], [ -97.887048, 22.303653 ], [ -97.886825, 22.303563 ], [ -97.887421, 22.302537 ], [ -97.887625, 22.302185 ], [ -97.88809, 22.301378 ], [ -97.888445, 22.301551 ], [ -97.88861, 22.301254 ], [ -97.88862, 22.301209 ], [ -97.887812, 22.300781 ], [ -97.888004, 22.300447 ], [ -97.888212, 22.300085 ], [ -97.887452, 22.299734 ], [ -97.88765, 22.299415 ], [ -97.887861, 22.29944 ], [ -97.88836, 22.299598 ], [ -97.888558, 22.299682 ], [ -97.888611, 22.299686 ], [ -97.889179, 22.299712 ], [ -97.889712, 22.299873 ], [ -97.890155, 22.299967 ], [ -97.891005, 22.300169 ], [ -97.89131, 22.300242 ], [ -97.891751, 22.300348 ], [ -97.89181, 22.300362 ], [ -97.89156, 22.300722 ], [ -97.891389, 22.300959 ], [ -97.891244, 22.301159 ], [ -97.890991, 22.3015 ], [ -97.890759, 22.301814 ], [ -97.890454, 22.302232 ], [ -97.890951, 22.302379 ], [ -97.891453, 22.302534 ], [ -97.891869, 22.302669 ], [ -97.892268, 22.302817 ], [ -97.892312, 22.302847 ], [ -97.893032, 22.303373 ], [ -97.892433, 22.304048 ], [ -97.891846, 22.304714 ] ] ] ] } },
{ "type": "Feature", "properties": { "CVEGEO": "2800301220345", "POB_TOT_20": 2758.0, "POB_MASC_2": 1313.0, "POB_FEM_20": 1445.0, "origen": "2800301220345", "viajes_od_totales_salientes": 164.0, "viajes-total_salientes": 2528.0, "viajes_od_totales_norm_salientes": 0.75548185000921309, "viajes-total_norm_salientes": 1.9137017411052233, "AE_por_fila_salientes": 0.019198713056392661, "SE_por_fila_salientes": 0.0011209417033386255, "APE_por_fila_salientes": 91.689860816117445, "destino": "2800301220345", "viajes_od_totales_entrantes": 250.42, "viajes-total_entrantes": 2525.0, "viajes_od_totales_norm_entrantes": 1.1535839321908974, "viajes-total_norm_entrantes": 1.9114307342922028, "AE_por_fila_entrantes": 0.015683116021067946, "SE_por_fila_entrantes": 0.00068847315556490719, "APE_por_fila_entrantes": 96.250462336482514 }, "geometry": { "type": "MultiPolygon", "coordinates": [ [ [ [ -97.881758, 22.33568 ], [ -97.881417, 22.335876 ], [ -97.881242, 22.33597 ], [ -97.880861, 22.33618 ], [ -97.880409, 22.336427 ], [ -97.879952, 22.336654 ], [ -97.87944, 22.336848 ], [ -97.878844, 22.33702 ], [ -97.878129, 22.337232 ], [ -97.876754, 22.337586 ], [ -97.875743, 22.337784 ], [ -97.875462, 22.337854 ], [ -97.873979, 22.338197 ], [ -97.873812, 22.337663 ], [ -97.873531, 22.336765 ], [ -97.873428, 22.336477 ], [ -97.873275, 22.336042 ], [ -97.873216, 22.335605 ], [ -97.873235, 22.335212 ], [ -97.873445, 22.333792 ], [ -97.873616, 22.332642 ], [ -97.873846, 22.331584 ], [ -97.873957, 22.331071 ], [ -97.874452, 22.329503 ], [ -97.875692, 22.329542 ], [ -97.877462, 22.329734 ], [ -97.877735, 22.329767 ], [ -97.878081, 22.329806 ], [ -97.878135, 22.329818 ], [ -97.878736, 22.329807 ], [ -97.879247, 22.329794 ], [ -97.879712, 22.329779 ], [ -97.879823, 22.329776 ], [ -97.880191, 22.329771 ], [ -97.880684, 22.329754 ], [ -97.881224, 22.329739 ], [ -97.881758, 22.329724 ], [ -97.882238, 22.329705 ], [ -97.882728, 22.329691 ], [ -97.883229, 22.329677 ], [ -97.88373, 22.329654 ], [ -97.884221, 22.329638 ], [ -97.883695, 22.33083 ], [ -97.883497, 22.331333 ], [ -97.883433, 22.33148 ], [ -97.883202, 22.331989 ], [ -97.882964, 22.332518 ], [ -97.882735, 22.333029 ], [ -97.882503, 22.333533 ], [ -97.882262, 22.334074 ], [ -97.882025, 22.334583 ], [ -97.881847, 22.334973 ], [ -97.88173, 22.335191 ], [ -97.881758, 22.33568 ] ] ] ] } },
{ "type": "Feature", "properties": { "CVEGEO": "2800301220595", "POB_TOT_20": 641.0, "POB_MASC_2": 285.0, "POB_FEM_20": 356.0, "origen": "2800301220595", "viajes_od_totales_salientes": 40.7, "viajes-total_salientes": 1235.0, "viajes_od_totales_norm_salientes": 0.18748848350838401, "viajes-total_norm_salientes": 0.9348978046934141, "AE_por_fila_salientes": 0.013602108513245486, "SE_por_fila_salientes": 0.00049805358912516872, "APE_por_fila_salientes": 84.047459662954083, "destino": "2800301220595", "viajes_od_totales_entrantes": 230.24, "viajes-total_entrantes": 1216.0, "viajes_od_totales_norm_entrantes": 1.060622811866593, "viajes-total_norm_entrantes": 0.92051476154428458, "AE_por_fila_entrantes": 0.021872807255066129, "SE_por_fila_entrantes": 0.0016400317271858451, "APE_por_fila_entrantes": 135.32134549328941 }, "geometry": { "type": "MultiPolygon", "coordinates": [ [ [ [ -97.873445, 22.333792 ], [ -97.873235, 22.335212 ], [ -97.873216, 22.335605 ], [ -97.873275, 22.336042 ], [ -97.873428, 22.336477 ], [ -97.873531, 22.336765 ], [ -97.873812, 22.337663 ], [ -97.873979, 22.338197 ], [ -97.874425, 22.339633 ], [ -97.874585, 22.340168 ], [ -97.875001, 22.341565 ], [ -97.875339, 22.342696 ], [ -97.875523, 22.343312 ], [ -97.875823, 22.344325 ], [ -97.873837, 22.343476 ], [ -97.873656, 22.343393 ], [ -97.873458, 22.34295 ], [ -97.87248, 22.343322 ], [ -97.872098, 22.34242 ], [ -97.87124, 22.342779 ], [ -97.870899, 22.341897 ], [ -97.870013, 22.342219 ], [ -97.869065, 22.342556 ], [ -97.868701, 22.341703 ], [ -97.868352, 22.340856 ], [ -97.868001, 22.340041 ], [ -97.867641, 22.339159 ], [ -97.868132, 22.338995 ], [ -97.868603, 22.338849 ], [ -97.869484, 22.33847 ], [ -97.870339, 22.338152 ], [ -97.87133, 22.337795 ], [ -97.87149, 22.337737 ], [ -97.870807, 22.336071 ], [ -97.870296, 22.334826 ], [ -97.873445, 22.333792 ] ] ] ] } },
{ "type": "Feature", "properties": { "CVEGEO": "2800301220383", "POB_TOT_20": 3762.0, "POB_MASC_2": 1812.0, "POB_FEM_20": 1950.0, "origen": "2800301220383", "viajes_od_totales_salientes": 96.7, "viajes-total_salientes": 8202.0, "viajes_od_totales_norm_salientes": 0.4454578957066519, "viajes-total_norm_salientes": 6.2089326267978802, "AE_por_fila_salientes": 0.034556029976013168, "SE_por_fila_salientes": 0.0031595022704661128, "APE_por_fila_salientes": 96.031806268844647, "destino": "2800301220383", "viajes_od_totales_entrantes": 613.94, "viajes-total_entrantes": 9632.0, "viajes_od_totales_norm_entrantes": 2.8281739450893677, "viajes-total_norm_entrantes": 7.2914458743376231, "AE_por_fila_entrantes": 0.031439020140130058, "SE_por_fila_entrantes": 0.0027890449065084582, "APE_por_fila_entrantes": 87.602423798654456 }, "geometry": { "type": "MultiPolygon", "coordinates": [ [ [ [ -97.874452, 22.329503 ], [ -97.873957, 22.331071 ], [ -97.873846, 22.331584 ], [ -97.873616, 22.332642 ], [ -97.873445, 22.333792 ], [ -97.870296, 22.334826 ], [ -97.8701, 22.33435 ], [ -97.869421, 22.332696 ], [ -97.869302, 22.332392 ], [ -97.869079, 22.331825 ], [ -97.868738, 22.330959 ], [ -97.867947, 22.329056 ], [ -97.867731, 22.328545 ], [ -97.867254, 22.327408 ], [ -97.866667, 22.326097 ], [ -97.866601, 22.325943 ], [ -97.866274, 22.325135 ], [ -97.866218, 22.325003 ], [ -97.866107, 22.324715 ], [ -97.865996, 22.324428 ], [ -97.865807, 22.324213 ], [ -97.866228, 22.324181 ], [ -97.866372, 22.324168 ], [ -97.866659, 22.324143 ], [ -97.867125, 22.324101 ], [ -97.867166, 22.324098 ], [ -97.867618, 22.324059 ], [ -97.867763, 22.324047 ], [ -97.868003, 22.324027 ], [ -97.868917, 22.323943 ], [ -97.870167, 22.32383 ], [ -97.871025, 22.32379 ], [ -97.872051, 22.323727 ], [ -97.872343, 22.32371 ], [ -97.872774, 22.323685 ], [ -97.872989, 22.323673 ], [ -97.873891, 22.323622 ], [ -97.874539, 22.323581 ], [ -97.874603, 22.323577 ], [ -97.875611, 22.323527 ], [ -97.876224, 22.323496 ], [ -97.876413, 22.323472 ], [ -97.875894, 22.325045 ], [ -97.875695, 22.325658 ], [ -97.874452, 22.329503 ] ] ] ] } },
{ "type": "Feature", "properties": { "CVEGEO": "2800301220364", "POB_TOT_20": 1731.0, "POB_MASC_2": 855.0, "POB_FEM_20": 876.0, "origen": "2800301220364", "viajes_od_totales_salientes": 41.36, "viajes-total_salientes": 4170.0, "viajes_od_totales_norm_salientes": 0.19052883729500644, "viajes-total_norm_salientes": 3.1566994700984106, "AE_por_fila_salientes": 0.020311677308944676, "SE_por_fila_salientes": 0.0030699294491828119, "APE_por_fila_salientes": 95.99125457713177, "destino": "2800301220364", "viajes_od_totales_entrantes": 162.46, "viajes-total_entrantes": 4573.0, "viajes_od_totales_norm_entrantes": 0.74838769117376081, "viajes-total_norm_entrantes": 3.4617713853141558, "AE_por_fila_entrantes": 0.020881506380210087, "SE_por_fila_entrantes": 0.0031450268113166601, "APE_por_fila_entrantes": 96.468560488525199 }, "geometry": { "type": "MultiPolygon", "coordinates": [ [ [ [ -97.881758, 22.33568 ], [ -97.88173, 22.335191 ], [ -97.881847, 22.334973 ], [ -97.882025, 22.334583 ], [ -97.882262, 22.334074 ], [ -97.882503, 22.333533 ], [ -97.882735, 22.333029 ], [ -97.882964, 22.332518 ], [ -97.883202, 22.331989 ], [ -97.883433, 22.33148 ], [ -97.883497, 22.331333 ], [ -97.883695, 22.33083 ], [ -97.884221, 22.329638 ], [ -97.884657, 22.32869 ], [ -97.884697, 22.328603 ], [ -97.884998, 22.327927 ], [ -97.885149, 22.327645 ], [ -97.885356, 22.327139 ], [ -97.885746, 22.326198 ], [ -97.885989, 22.32557 ], [ -97.886079, 22.325356 ], [ -97.886187, 22.325096 ], [ -97.886331, 22.32477 ], [ -97.886434, 22.324551 ], [ -97.886573, 22.324258 ], [ -97.88671, 22.32389 ], [ -97.886825, 22.323566 ], [ -97.886954, 22.323464 ], [ -97.88745, 22.323529 ], [ -97.888017, 22.323586 ], [ -97.890051, 22.323828 ], [ -97.890199, 22.323803 ], [ -97.889851, 22.324789 ], [ -97.889157, 22.32664 ], [ -97.888761, 22.327432 ], [ -97.888678, 22.327544 ], [ -97.888371, 22.32802 ], [ -97.887958, 22.328661 ], [ -97.887854, 22.328852 ], [ -97.886187, 22.331407 ], [ -97.885582, 22.332401 ], [ -97.885311, 22.332857 ], [ -97.885001, 22.333315 ], [ -97.884813, 22.333557 ], [ -97.884608, 22.333802 ], [ -97.884151, 22.334215 ], [ -97.883641, 22.334619 ], [ -97.883008, 22.335006 ], [ -97.881958, 22.335555 ], [ -97.881758, 22.33568 ] ] ] ] } },
{ "type": "Feature", "properties": { "CVEGEO": "2800301220612", "POB_TOT_20": 2671.0, "POB_MASC_2": 1267.0, "POB_FEM_20": 1404.0, "origen": "2800301220612", "viajes_od_totales_salientes": 139.52, "viajes-total_salientes": 1871.0, "viajes_od_totales_norm_salientes": 0.64271236410539889, "viajes-total_norm_salientes": 1.4163512490537471, "AE_por_fila_salientes": 0.014363175111333504, "SE_por_fila_salientes": 0.00076018180279867505, "APE_por_fila_salientes": 92.324554596511888, "destino": "2800301220612", "viajes_od_totales_entrantes": 69.78, "viajes-total_entrantes": 1896.0, "viajes_od_totales_norm_entrantes": 0.3214483139856274, "viajes-total_norm_entrantes": 1.4352763058289175, "AE_por_fila_entrantes": 0.012817402413266144, "SE_por_fila_entrantes": 0.00043223236911607181, "APE_por_fila_entrantes": 87.772936761112163 }, "geometry": { "type": "MultiPolygon", "coordinates": [ [ [ [ -97.870296, 22.334826 ], [ -97.870807, 22.336071 ], [ -97.87149, 22.337737 ], [ -97.87133, 22.337795 ], [ -97.870339, 22.338152 ], [ -97.869484, 22.33847 ], [ -97.868603, 22.338849 ], [ -97.868132, 22.338995 ], [ -97.867641, 22.339159 ], [ -97.867112, 22.339362 ], [ -97.866669, 22.339519 ], [ -97.866218, 22.339665 ], [ -97.865794, 22.339829 ], [ -97.865345, 22.340007 ], [ -97.8649, 22.340171 ], [ -97.864436, 22.340327 ], [ -97.864298, 22.340386 ], [ -97.864347, 22.340669 ], [ -97.864346, 22.340695 ], [ -97.864348, 22.340722 ], [ -97.864335, 22.340854 ], [ -97.864332, 22.340885 ], [ -97.864329, 22.340915 ], [ -97.864314, 22.341071 ], [ -97.864312, 22.341093 ], [ -97.8643, 22.341227 ], [ -97.864395, 22.341313 ], [ -97.864248, 22.342326 ], [ -97.864198, 22.34262 ], [ -97.864566, 22.342759 ], [ -97.863923, 22.345159 ], [ -97.863741, 22.345831 ], [ -97.863688, 22.345909 ], [ -97.863521, 22.346007 ], [ -97.86069, 22.346488 ], [ -97.860623, 22.346177 ], [ -97.860961, 22.346038 ], [ -97.861175, 22.345421 ], [ -97.861369, 22.345137 ], [ -97.861515, 22.34501 ], [ -97.861697, 22.344918 ], [ -97.862056, 22.34522 ], [ -97.862561, 22.345513 ], [ -97.862973, 22.34566 ], [ -97.863185, 22.345728 ], [ -97.863348, 22.345607 ], [ -97.863553, 22.345248 ], [ -97.863565, 22.345021 ], [ -97.863504, 22.344925 ], [ -97.863428, 22.344812 ], [ -97.863394, 22.344706 ], [ -97.863416, 22.344358 ], [ -97.863649, 22.343984 ], [ -97.863923, 22.343395 ], [ -97.863906, 22.343349 ], [ -97.86388, 22.3433 ], [ -97.863847, 22.343255 ], [ -97.863808, 22.343214 ], [ -97.863742, 22.343166 ], [ -97.86367, 22.342943 ], [ -97.863671, 22.342909 ], [ -97.863561, 22.342979 ], [ -97.863448, 22.343174 ], [ -97.863281, 22.343584 ], [ -97.863199, 22.343891 ], [ -97.863089, 22.344029 ], [ -97.862926, 22.344023 ], [ -97.862769, 22.343908 ], [ -97.862581, 22.343779 ], [ -97.862541, 22.343734 ], [ -97.86249, 22.343658 ], [ -97.862487, 22.343542 ], [ -97.862509, 22.343437 ], [ -97.862593, 22.343262 ], [ -97.862532, 22.34326 ], [ -97.862415, 22.343296 ], [ -97.862402, 22.343299 ], [ -97.862391, 22.343299 ], [ -97.862338, 22.343311 ], [ -97.862288, 22.343304 ], [ -97.862268, 22.343298 ], [ -97.862253, 22.34329 ], [ -97.862229, 22.343271 ], [ -97.862235, 22.343239 ], [ -97.862257, 22.343216 ], [ -97.862279, 22.343207 ], [ -97.862302, 22.3432 ], [ -97.862332, 22.343201 ], [ -97.862348, 22.343208 ], [ -97.862359, 22.343211 ], [ -97.862417, 22.343203 ], [ -97.862421, 22.343196 ], [ -97.862436, 22.343186 ], [ -97.862456, 22.343177 ], [ -97.862488, 22.343177 ], [ -97.862526, 22.343178 ], [ -97.862595, 22.343171 ], [ -97.862651, 22.343154 ], [ -97.862672, 22.343088 ], [ -97.862844, 22.342842 ], [ -97.862981, 22.3427 ], [ -97.863242, 22.342524 ], [ -97.863315, 22.34231 ], [ -97.863302, 22.342176 ], [ -97.863308, 22.341993 ], [ -97.863362, 22.341904 ], [ -97.86352, 22.341828 ], [ -97.863437, 22.341718 ], [ -97.863469, 22.341581 ], [ -97.863611, 22.341539 ], [ -97.863832, 22.341375 ], [ -97.863865, 22.341325 ], [ -97.863892, 22.34127 ], [ -97.86391, 22.341211 ], [ -97.863919, 22.341151 ], [ -97.863918, 22.34109 ], [ -97.863916, 22.341068 ], [ -97.863916, 22.34103 ], [ -97.86391, 22.340994 ], [ -97.863899, 22.34096 ], [ -97.863883, 22.340927 ], [ -97.863862, 22.340896 ], [ -97.863836, 22.340869 ], [ -97.863818, 22.340853 ], [ -97.863716, 22.340785 ], [ -97.863524, 22.340765 ], [ -97.863466, 22.340798 ], [ -97.86341, 22.340842 ], [ -97.86336, 22.340892 ], [ -97.863319, 22.340948 ], [ -97.863286, 22.34101 ], [ -97.863275, 22.341038 ], [ -97.86317, 22.341078 ], [ -97.863133, 22.340915 ], [ -97.863116, 22.340777 ], [ -97.863104, 22.340638 ], [ -97.863137, 22.340457 ], [ -97.863194, 22.340348 ], [ -97.863251, 22.340221 ], [ -97.863404, 22.340021 ], [ -97.863444, 22.339518 ], [ -97.863303, 22.3389 ], [ -97.863256, 22.33873 ], [ -97.863225, 22.338664 ], [ -97.863164, 22.338622 ], [ -97.863093, 22.338585 ], [ -97.863032, 22.338563 ], [ -97.862791, 22.33831 ], [ -97.862114, 22.337746 ], [ -97.861931, 22.337561 ], [ -97.86178, 22.337275 ], [ -97.861749, 22.337045 ], [ -97.861882, 22.336896 ], [ -97.861693, 22.336644 ], [ -97.861605, 22.336518 ], [ -97.861598, 22.336505 ], [ -97.861956, 22.336376 ], [ -97.862181, 22.336297 ], [ -97.862443, 22.336207 ], [ -97.862717, 22.336112 ], [ -97.862925, 22.336912 ], [ -97.862936, 22.336987 ], [ -97.863209, 22.337792 ], [ -97.863824, 22.337576 ], [ -97.864266, 22.337418 ], [ -97.864701, 22.337262 ], [ -97.865147, 22.337104 ], [ -97.865615, 22.336941 ], [ -97.866577, 22.3366 ], [ -97.867105, 22.336409 ], [ -97.867534, 22.336263 ], [ -97.867991, 22.336095 ], [ -97.868438, 22.335936 ], [ -97.86888, 22.335787 ], [ -97.868976, 22.335678 ], [ -97.868544, 22.335239 ], [ -97.868322, 22.335014 ], [ -97.867724, 22.33431 ], [ -97.867695, 22.334268 ], [ -97.866992, 22.333546 ], [ -97.867026, 22.333535 ], [ -97.867427, 22.333402 ], [ -97.867485, 22.333385 ], [ -97.867916, 22.333234 ], [ -97.868342, 22.33308 ], [ -97.868783, 22.332928 ], [ -97.869268, 22.332752 ], [ -97.869421, 22.332696 ], [ -97.8701, 22.33435 ], [ -97.870296, 22.334826 ] ] ] ] } },
{ "type": "Feature", "properties": { "CVEGEO": "2803800010815", "POB_TOT_20": 2398.0, "POB_MASC_2": 1157.0, "POB_FEM_20": 1241.0, "origen": "2803800010815", "viajes_od_totales_salientes": 157.94, "viajes-total_salientes": 2758.0, "viajes_od_totales_norm_salientes": 0.72756587433204345, "viajes-total_norm_salientes": 2.0878122634367902, "AE_por_fila_salientes": 0.022062504170798698, "SE_por_fila_salientes": 0.0027501665526132564, "APE_por_fila_salientes": 86.136293774379808, "destino": "2803800010815", "viajes_od_totales_entrantes": 51.62, "viajes-total_entrantes": 2982.0, "viajes_od_totales_norm_entrantes": 0.23779251888704625, "viajes-total_norm_entrantes": 2.2573807721423162, "AE_por_fila_entrantes": 0.020195882532552702, "SE_por_fila_entrantes": 0.0020652924037004609, "APE_por_fila_entrantes": 87.711766298572414 }, "geometry": { "type": "MultiPolygon", "coordinates": [ [ [ [ -97.886954, 22.323464 ], [ -97.886825, 22.323566 ], [ -97.886149, 22.323432 ], [ -97.885624, 22.323362 ], [ -97.885296, 22.323325 ], [ -97.885134, 22.323303 ], [ -97.884656, 22.323229 ], [ -97.884466, 22.323208 ], [ -97.884159, 22.323168 ], [ -97.883919, 22.323133 ], [ -97.883665, 22.323097 ], [ -97.883535, 22.323075 ], [ -97.883529, 22.322654 ], [ -97.883524, 22.322282 ], [ -97.883509, 22.321633 ], [ -97.8835, 22.321204 ], [ -97.883482, 22.320372 ], [ -97.883467, 22.319765 ], [ -97.883453, 22.319165 ], [ -97.883897, 22.319126 ], [ -97.884342, 22.319085 ], [ -97.884785, 22.319048 ], [ -97.885222, 22.319011 ], [ -97.885699, 22.318971 ], [ -97.886104, 22.318938 ], [ -97.886552, 22.3189 ], [ -97.887005, 22.318858 ], [ -97.887419, 22.31882 ], [ -97.887877, 22.318775 ], [ -97.88818, 22.318738 ], [ -97.88855, 22.318703 ], [ -97.888787, 22.318682 ], [ -97.888823, 22.318844 ], [ -97.888693, 22.319131 ], [ -97.888602, 22.319326 ], [ -97.88847, 22.319658 ], [ -97.888282, 22.320064 ], [ -97.887972, 22.320785 ], [ -97.887882, 22.320986 ], [ -97.887814, 22.321172 ], [ -97.887765, 22.321309 ], [ -97.887611, 22.321727 ], [ -97.887427, 22.322224 ], [ -97.887245, 22.322678 ], [ -97.886901, 22.323411 ], [ -97.886936, 22.323446 ], [ -97.886954, 22.323464 ] ] ] ] } },
{ "type": "Feature", "properties": { "CVEGEO": "2800301220379", "POB_TOT_20": 3953.0, "POB_MASC_2": 1926.0, "POB_FEM_20": 2027.0, "origen": "2800301220379", "viajes_od_totales_salientes": 277.98, "viajes-total_salientes": 3231.0, "viajes_od_totales_norm_salientes": 1.2805417357656164, "viajes-total_norm_salientes": 2.445874337623013, "AE_por_fila_salientes": 0.019861762389685369, "SE_por_fila_salientes": 0.0012427887596960024, "APE_por_fila_salientes": 99.24877033750731, "destino": "2800301220379", "viajes_od_totales_entrantes": 197.24, "viajes-total_entrantes": 3826.0, "viajes_od_totales_norm_entrantes": 0.90860512253547077, "viajes-total_norm_entrantes": 2.8962906888720665, "AE_por_fila_entrantes": 0.018473695571588688, "SE_por_fila_entrantes": 0.0012392880447037961, "APE_por_fila_entrantes": 84.47742221713159 }, "geometry": { "type": "MultiPolygon", "coordinates": [ [ [ [ -97.884221, 22.329638 ], [ -97.88373, 22.329654 ], [ -97.883229, 22.329677 ], [ -97.882728, 22.329691 ], [ -97.882238, 22.329705 ], [ -97.881758, 22.329724 ], [ -97.881224, 22.329739 ], [ -97.880684, 22.329754 ], [ -97.880191, 22.329771 ], [ -97.879823, 22.329776 ], [ -97.879712, 22.329779 ], [ -97.879247, 22.329794 ], [ -97.878736, 22.329807 ], [ -97.878135, 22.329818 ], [ -97.878081, 22.329806 ], [ -97.877735, 22.329767 ], [ -97.877462, 22.329734 ], [ -97.875692, 22.329542 ], [ -97.874452, 22.329503 ], [ -97.875695, 22.325658 ], [ -97.876287, 22.327025 ], [ -97.876964, 22.326977 ], [ -97.876959, 22.326626 ], [ -97.876946, 22.325643 ], [ -97.877484, 22.325635 ], [ -97.878035, 22.325608 ], [ -97.878693, 22.325566 ], [ -97.879236, 22.325542 ], [ -97.879682, 22.325516 ], [ -97.8801, 22.325494 ], [ -97.880565, 22.325474 ], [ -97.881062, 22.325446 ], [ -97.881109, 22.326394 ], [ -97.881318, 22.326386 ], [ -97.88165, 22.326374 ], [ -97.881803, 22.326369 ], [ -97.88213, 22.326357 ], [ -97.882316, 22.32635 ], [ -97.882658, 22.326337 ], [ -97.882796, 22.326333 ], [ -97.883142, 22.32632 ], [ -97.883291, 22.326315 ], [ -97.883624, 22.326303 ], [ -97.883779, 22.326297 ], [ -97.884111, 22.326285 ], [ -97.884283, 22.326277 ], [ -97.884594, 22.326267 ], [ -97.884754, 22.326261 ], [ -97.88509, 22.326249 ], [ -97.885222, 22.326244 ], [ -97.885746, 22.326198 ], [ -97.885356, 22.327139 ], [ -97.885149, 22.327645 ], [ -97.884998, 22.327927 ], [ -97.884697, 22.328603 ], [ -97.884657, 22.32869 ], [ -97.884221, 22.329638 ] ] ] ] } },
{ "type": "Feature", "properties": { "CVEGEO": "2800301220400", "POB_TOT_20": 2491.0, "POB_MASC_2": 1228.0, "POB_FEM_20": 1263.0, "origen": "2800301220400", "viajes_od_totales_salientes": 202.14, "viajes-total_salientes": 2639.0, "viajes_od_totales_norm_salientes": 0.93117744610281916, "viajes-total_norm_salientes": 1.9977289931869795, "AE_por_fila_salientes": 0.014636191532217268, "SE_por_fila_salientes": 0.00049408044098155058, "APE_por_fila_salientes": 94.409618181873469, "destino": "2800301220400", "viajes_od_totales_entrantes": 272.7, "viajes-total_entrantes": 3014.0, "viajes_od_totales_norm_entrantes": 1.2562189054726367, "viajes-total_norm_entrantes": 2.2816048448145345, "AE_por_fila_entrantes": 0.014186240293591501, "SE_por_fila_entrantes": 0.00052163053424612328, "APE_por_fila_entrantes": 88.300006503331119 }, "geometry": { "type": "MultiPolygon", "coordinates": [ [ [ [ -97.885746, 22.326198 ], [ -97.885222, 22.326244 ], [ -97.88509, 22.326249 ], [ -97.884754, 22.326261 ], [ -97.884594, 22.326267 ], [ -97.884283, 22.326277 ], [ -97.884111, 22.326285 ], [ -97.883779, 22.326297 ], [ -97.883624, 22.326303 ], [ -97.883291, 22.326315 ], [ -97.883142, 22.32632 ], [ -97.882796, 22.326333 ], [ -97.882658, 22.326337 ], [ -97.882316, 22.32635 ], [ -97.88213, 22.326357 ], [ -97.881803, 22.326369 ], [ -97.88165, 22.326374 ], [ -97.881318, 22.326386 ], [ -97.881109, 22.326394 ], [ -97.881062, 22.325446 ], [ -97.880565, 22.325474 ], [ -97.8801, 22.325494 ], [ -97.879682, 22.325516 ], [ -97.879236, 22.325542 ], [ -97.878693, 22.325566 ], [ -97.878035, 22.325608 ], [ -97.877484, 22.325635 ], [ -97.876946, 22.325643 ], [ -97.876959, 22.326626 ], [ -97.876964, 22.326977 ], [ -97.876287, 22.327025 ], [ -97.875695, 22.325658 ], [ -97.875894, 22.325045 ], [ -97.876413, 22.323472 ], [ -97.877316, 22.323422 ], [ -97.877474, 22.32341 ], [ -97.87799, 22.323367 ], [ -97.878704, 22.323319 ], [ -97.879656, 22.32324 ], [ -97.880663, 22.323175 ], [ -97.880996, 22.323159 ], [ -97.881274, 22.323119 ], [ -97.881609, 22.32309 ], [ -97.881703, 22.323081 ], [ -97.882084, 22.323053 ], [ -97.882198, 22.323042 ], [ -97.882681, 22.323022 ], [ -97.882709, 22.323019 ], [ -97.883148, 22.323022 ], [ -97.883535, 22.323075 ], [ -97.883665, 22.323097 ], [ -97.883919, 22.323133 ], [ -97.884159, 22.323168 ], [ -97.884466, 22.323208 ], [ -97.884656, 22.323229 ], [ -97.885134, 22.323303 ], [ -97.885296, 22.323325 ], [ -97.885624, 22.323362 ], [ -97.886149, 22.323432 ], [ -97.886825, 22.323566 ], [ -97.88671, 22.32389 ], [ -97.886573, 22.324258 ], [ -97.886434, 22.324551 ], [ -97.886331, 22.32477 ], [ -97.886187, 22.325096 ], [ -97.886079, 22.325356 ], [ -97.885989, 22.32557 ], [ -97.885746, 22.326198 ] ] ] ] } },
{ "type": "Feature", "properties": { "CVEGEO": "2803800010548", "POB_TOT_20": 3494.0, "POB_MASC_2": 1708.0, "POB_FEM_20": 1786.0, "origen": "2803800010548", "viajes_od_totales_salientes": 212.4, "viajes-total_salientes": 5770.0, "viajes_od_totales_norm_salientes": 0.97844112769485903, "viajes-total_norm_salientes": 4.3679031037093115, "AE_por_fila_salientes": 0.023625208042609341, "SE_por_fila_salientes": 0.0017686375198427984, "APE_por_fila_salientes": 86.317288052110854, "destino": "2803800010548", "viajes_od_totales_entrantes": 507.08, "viajes-total_entrantes": 6411.0, "viajes_od_totales_norm_entrantes": 2.3359130274553159, "viajes-total_norm_entrantes": 4.8531415594246781, "AE_por_fila_entrantes": 0.027814921543427941, "SE_por_fila_entrantes": 0.0031086702016266152, "APE_por_fila_entrantes": 112.91856047101776 }, "geometry": { "type": "MultiPolygon", "coordinates": [ [ [ [ -97.876413, 22.323472 ], [ -97.876224, 22.323496 ], [ -97.875611, 22.323527 ], [ -97.874603, 22.323577 ], [ -97.874539, 22.323581 ], [ -97.873891, 22.323622 ], [ -97.872989, 22.323673 ], [ -97.872774, 22.323685 ], [ -97.872343, 22.32371 ], [ -97.872051, 22.323727 ], [ -97.871025, 22.32379 ], [ -97.870167, 22.32383 ], [ -97.87005, 22.323508 ], [ -97.869541, 22.321614 ], [ -97.869162, 22.319763 ], [ -97.869108, 22.319498 ], [ -97.868928, 22.318623 ], [ -97.868756, 22.317907 ], [ -97.868487, 22.316895 ], [ -97.868483, 22.316834 ], [ -97.869712, 22.316833 ], [ -97.869864, 22.316851 ], [ -97.870127, 22.317175 ], [ -97.870619, 22.317202 ], [ -97.871645, 22.31723 ], [ -97.872536, 22.317242 ], [ -97.873465, 22.317203 ], [ -97.873461, 22.31714 ], [ -97.873511, 22.31714 ], [ -97.874591, 22.317067 ], [ -97.874595, 22.317292 ], [ -97.874611, 22.317672 ], [ -97.875483, 22.317721 ], [ -97.87639, 22.317755 ], [ -97.876921, 22.31776 ], [ -97.878074, 22.317767 ], [ -97.878185, 22.31779 ], [ -97.878178, 22.317813 ], [ -97.877911, 22.318665 ], [ -97.877597, 22.319662 ], [ -97.877417, 22.32023 ], [ -97.877386, 22.320326 ], [ -97.877291, 22.320621 ], [ -97.876997, 22.321543 ], [ -97.876857, 22.321994 ], [ -97.876698, 22.322502 ], [ -97.876413, 22.323472 ] ] ] ] } },
{ "type": "Feature", "properties": { "CVEGEO": "280380001082A", "POB_TOT_20": 1801.0, "POB_MASC_2": 849.0, "POB_FEM_20": 952.0, "origen": "280380001082A", "viajes_od_totales_salientes": 158.0, "viajes-total_salientes": 4097.0, "viajes_od_totales_norm_salientes": 0.72784227013082736, "viajes-total_norm_salientes": 3.1014383043149127, "AE_por_fila_salientes": 0.018298979057742342, "SE_por_fila_salientes": 0.00087013277090232334, "APE_por_fila_salientes": 104.11522464367175, "destino": null, "viajes_od_totales_entrantes": null, "viajes-total_entrantes": null, "viajes_od_totales_norm_entrantes": null, "viajes-total_norm_entrantes": null, "AE_por_fila_entrantes": null, "SE_por_fila_entrantes": null, "APE_por_fila_entrantes": null }, "geometry": { "type": "MultiPolygon", "coordinates": [ [ [ [ -97.876413, 22.323472 ], [ -97.876698, 22.322502 ], [ -97.876857, 22.321994 ], [ -97.876997, 22.321543 ], [ -97.877291, 22.320621 ], [ -97.877386, 22.320326 ], [ -97.877417, 22.32023 ], [ -97.877597, 22.319662 ], [ -97.878518, 22.319606 ], [ -97.878708, 22.319593 ], [ -97.879547, 22.319537 ], [ -97.880059, 22.319502 ], [ -97.880527, 22.319472 ], [ -97.880616, 22.319466 ], [ -97.88148, 22.319411 ], [ -97.882559, 22.319346 ], [ -97.882536, 22.319244 ], [ -97.883453, 22.319165 ], [ -97.883467, 22.319765 ], [ -97.883482, 22.320372 ], [ -97.8835, 22.321204 ], [ -97.883509, 22.321633 ], [ -97.883524, 22.322282 ], [ -97.883529, 22.322654 ], [ -97.883535, 22.323075 ], [ -97.883148, 22.323022 ], [ -97.882709, 22.323019 ], [ -97.882681, 22.323022 ], [ -97.882198, 22.323042 ], [ -97.882084, 22.323053 ], [ -97.881703, 22.323081 ], [ -97.881609, 22.32309 ], [ -97.881274, 22.323119 ], [ -97.880996, 22.323159 ], [ -97.880663, 22.323175 ], [ -97.879656, 22.32324 ], [ -97.878704, 22.323319 ], [ -97.87799, 22.323367 ], [ -97.877474, 22.32341 ], [ -97.877316, 22.323422 ], [ -97.876413, 22.323472 ] ] ] ] } },
{ "type": "Feature", "properties": { "CVEGEO": "2800301220665", "POB_TOT_20": 3604.0, "POB_MASC_2": 1800.0, "POB_FEM_20": 1804.0, "origen": "2800301220665", "viajes_od_totales_salientes": 175.72, "viajes-total_salientes": 3521.0, "viajes_od_totales_norm_salientes": 0.80947116270499353, "viajes-total_norm_salientes": 2.6654049962149888, "AE_por_fila_salientes": 0.016419714791477455, "SE_por_fila_salientes": 0.00066592262495293716, "APE_por_fila_salientes": 89.360751323802091, "destino": "2800301220665", "viajes_od_totales_entrantes": 84.68, "viajes-total_entrantes": 3891.0, "viajes_od_totales_norm_entrantes": 0.39008660401695228, "viajes-total_norm_entrantes": 2.9454958364875092, "AE_por_fila_entrantes": 0.018513520829541236, "SE_por_fila_entrantes": 0.00077250538605087794, "APE_por_fila_entrantes": 94.188740935577016 }, "geometry": { "type": "MultiPolygon", "coordinates": [ [ [ [ -97.864922, 22.322078 ], [ -97.865089, 22.322465 ], [ -97.865807, 22.324213 ], [ -97.865996, 22.324428 ], [ -97.866107, 22.324715 ], [ -97.866218, 22.325003 ], [ -97.866274, 22.325135 ], [ -97.866601, 22.325943 ], [ -97.86646, 22.325991 ], [ -97.865981, 22.326162 ], [ -97.865539, 22.32632 ], [ -97.865114, 22.326472 ], [ -97.864673, 22.326632 ], [ -97.864232, 22.326794 ], [ -97.863753, 22.326957 ], [ -97.863251, 22.327137 ], [ -97.86361, 22.327996 ], [ -97.863119, 22.328166 ], [ -97.862541, 22.32837 ], [ -97.862145, 22.32851 ], [ -97.862075, 22.328437 ], [ -97.861752, 22.327674 ], [ -97.861418, 22.326885 ], [ -97.861398, 22.326835 ], [ -97.861381, 22.326792 ], [ -97.861044, 22.325986 ], [ -97.860823, 22.325457 ], [ -97.860702, 22.32516 ], [ -97.860376, 22.324353 ], [ -97.860026, 22.32351 ], [ -97.859687, 22.322672 ], [ -97.859305, 22.321802 ], [ -97.859581, 22.321688 ], [ -97.85977, 22.321688 ], [ -97.860076, 22.321686 ], [ -97.860505, 22.321666 ], [ -97.860972, 22.321649 ], [ -97.861475, 22.321634 ], [ -97.862245, 22.321624 ], [ -97.864384, 22.321585 ], [ -97.864491, 22.321569 ], [ -97.864586, 22.321622 ], [ -97.864641, 22.321728 ], [ -97.864698, 22.321869 ], [ -97.864753, 22.322015 ], [ -97.864922, 22.322078 ] ] ] ] } },
{ "type": "Feature", "properties": { "CVEGEO": "2800301220646", "POB_TOT_20": 2091.0, "POB_MASC_2": 1027.0, "POB_FEM_20": 1064.0, "origen": "2800301220646", "viajes_od_totales_salientes": 72.14, "viajes-total_salientes": 1921.0, "viajes_od_totales_norm_salientes": 0.33231988207112584, "viajes-total_norm_salientes": 1.4542013626040877, "AE_por_fila_salientes": 0.017398531560876538, "SE_por_fila_salientes": 0.00079210156710296921, "APE_por_fila_salientes": 77.931250577666859, "destino": "2800301220646", "viajes_od_totales_entrantes": 124.72, "viajes-total_entrantes": 2046.0, "viajes_od_totales_norm_entrantes": 0.57453473373871378, "viajes-total_norm_entrantes": 1.5488266464799394, "AE_por_fila_entrantes": 0.016329881351857013, "SE_por_fila_entrantes": 0.00068079307773416249, "APE_por_fila_entrantes": 84.517767932127114 }, "geometry": { "type": "MultiPolygon", "coordinates": [ [ [ [ -97.862075, 22.328437 ], [ -97.862145, 22.32851 ], [ -97.862541, 22.32837 ], [ -97.863119, 22.328166 ], [ -97.86361, 22.327996 ], [ -97.863251, 22.327137 ], [ -97.863753, 22.326957 ], [ -97.864232, 22.326794 ], [ -97.864861, 22.328269 ], [ -97.865332, 22.329379 ], [ -97.864789, 22.329571 ], [ -97.865103, 22.330347 ], [ -97.865448, 22.331195 ], [ -97.865549, 22.331157 ], [ -97.865983, 22.331004 ], [ -97.866339, 22.331843 ], [ -97.866679, 22.332684 ], [ -97.866278, 22.332831 ], [ -97.866172, 22.33287 ], [ -97.865692, 22.333045 ], [ -97.865187, 22.333231 ], [ -97.864637, 22.333422 ], [ -97.864229, 22.333598 ], [ -97.863783, 22.333765 ], [ -97.863429, 22.332949 ], [ -97.863086, 22.33209 ], [ -97.862738, 22.331262 ], [ -97.862381, 22.330423 ], [ -97.862039, 22.329563 ], [ -97.861672, 22.328729 ], [ -97.861367, 22.327868 ], [ -97.861446, 22.327784 ], [ -97.862075, 22.328437 ] ] ] ] } },
{ "type": "Feature", "properties": { "CVEGEO": "2803800011298", "POB_TOT_20": 2674.0, "POB_MASC_2": 1252.0, "POB_FEM_20": 1422.0, "origen": "2803800011298", "viajes_od_totales_salientes": 101.72, "viajes-total_salientes": 3271.0, "viajes_od_totales_norm_salientes": 0.46858301087156806, "viajes-total_norm_salientes": 2.4761544284632855, "AE_por_fila_salientes": 0.017732603989746021, "SE_por_fila_salientes": 0.00098053582782467973, "APE_por_fila_salientes": 81.870898614356634, "destino": "2803800011298", "viajes_od_totales_entrantes": 103.48, "viajes-total_entrantes": 3469.0, "viajes_od_totales_norm_entrantes": 0.47669062096922793, "viajes-total_norm_entrantes": 2.6260408781226343, "AE_por_fila_entrantes": 0.016622214716694155, "SE_por_fila_entrantes": 0.00076016163066232095, "APE_por_fila_entrantes": 84.796413477204496 }, "geometry": { "type": "MultiPolygon", "coordinates": [ [ [ [ -97.862134, 22.315012 ], [ -97.862351, 22.315538 ], [ -97.862399, 22.315653 ], [ -97.862151, 22.31573 ], [ -97.862085, 22.31575 ], [ -97.860386, 22.316242 ], [ -97.860384, 22.316243 ], [ -97.859182, 22.316591 ], [ -97.859034, 22.316149 ], [ -97.858894, 22.315711 ], [ -97.858886, 22.315686 ], [ -97.858733, 22.31524 ], [ -97.858585, 22.314807 ], [ -97.858428, 22.314353 ], [ -97.858271, 22.313899 ], [ -97.858118, 22.313457 ], [ -97.856857, 22.313825 ], [ -97.856703, 22.313375 ], [ -97.856547, 22.312923 ], [ -97.856392, 22.312475 ], [ -97.856232, 22.31202 ], [ -97.857513, 22.311656 ], [ -97.858676, 22.311324 ], [ -97.858547, 22.310941 ], [ -97.859099, 22.310795 ], [ -97.85998, 22.310546 ], [ -97.860099, 22.310517 ], [ -97.86026, 22.310478 ], [ -97.860623, 22.311344 ], [ -97.862134, 22.315012 ] ] ] ] } },
{ "type": "Feature", "properties": { "CVEGEO": "2803800011283", "POB_TOT_20": 3649.0, "POB_MASC_2": 1738.0, "POB_FEM_20": 1911.0, "origen": "2803800011283", "viajes_od_totales_salientes": 82.8, "viajes-total_salientes": 2315.0, "viajes_od_totales_norm_salientes": 0.38142620232172469, "viajes-total_norm_salientes": 1.7524602573807722, "AE_por_fila_salientes": 0.013658327648411916, "SE_por_fila_salientes": 0.00061693527243953609, "APE_por_fila_salientes": 78.859848640494732, "destino": "2803800011283", "viajes_od_totales_entrantes": 41.5, "viajes-total_entrantes": 2476.0, "viajes_od_totales_norm_entrantes": 0.19117376082550211, "viajes-total_norm_entrantes": 1.874337623012869, "AE_por_fila_entrantes": 0.015314427617660381, "SE_por_fila_entrantes": 0.0005958651633320406, "APE_por_fila_entrantes": 91.925266782472093 }, "geometry": { "type": "MultiPolygon", "coordinates": [ [ [ [ -97.852463, 22.317341 ], [ -97.852408, 22.317302 ], [ -97.852227, 22.316736 ], [ -97.852091, 22.316322 ], [ -97.852026, 22.316125 ], [ -97.851947, 22.315869 ], [ -97.851819, 22.315485 ], [ -97.851794, 22.315413 ], [ -97.85165, 22.31495 ], [ -97.851624, 22.314863 ], [ -97.851492, 22.314459 ], [ -97.851424, 22.314248 ], [ -97.854044, 22.31348 ], [ -97.854256, 22.314092 ], [ -97.855224, 22.31381 ], [ -97.855715, 22.313665 ], [ -97.856206, 22.313521 ], [ -97.856703, 22.313375 ], [ -97.856857, 22.313825 ], [ -97.858118, 22.313457 ], [ -97.858271, 22.313899 ], [ -97.858428, 22.314353 ], [ -97.858585, 22.314807 ], [ -97.858733, 22.31524 ], [ -97.858886, 22.315686 ], [ -97.858894, 22.315711 ], [ -97.858493, 22.316307 ], [ -97.858261, 22.316687 ], [ -97.857926, 22.317057 ], [ -97.85755, 22.317425 ], [ -97.857497, 22.317423 ], [ -97.856936, 22.317404 ], [ -97.856409, 22.31738 ], [ -97.855374, 22.317355 ], [ -97.854316, 22.317347 ], [ -97.85364, 22.317353 ], [ -97.852463, 22.317341 ] ] ] ] } },
{ "type": "Feature", "properties": { "CVEGEO": "2803800010849", "POB_TOT_20": 2116.0, "POB_MASC_2": 1044.0, "POB_FEM_20": 1072.0, "origen": "2803800010849", "viajes_od_totales_salientes": 156.82, "viajes-total_salientes": 2998.0, "viajes_od_totales_norm_salientes": 0.72240648608807811, "viajes-total_norm_salientes": 2.2694928084784256, "AE_por_fila_salientes": 0.018094920583083124, "SE_por_fila_salientes": 0.00073270948535885544, "APE_por_fila_salientes": 90.304550751741857, "destino": "2803800010849", "viajes_od_totales_entrantes": 164.24, "viajes-total_entrantes": 3028.0, "viajes_od_totales_norm_entrantes": 0.75658743320434863, "viajes-total_norm_entrantes": 2.2922028766086298, "AE_por_fila_entrantes": 0.017795244485788737, "SE_por_fila_entrantes": 0.00087427602090439974, "APE_por_fila_entrantes": 97.168255649497326 }, "geometry": { "type": "MultiPolygon", "coordinates": [ [ [ [ -97.884007, 22.311995 ], [ -97.884042, 22.312777 ], [ -97.88406, 22.313287 ], [ -97.884072, 22.31361 ], [ -97.884095, 22.314216 ], [ -97.884954, 22.314215 ], [ -97.885354, 22.314218 ], [ -97.885384, 22.314222 ], [ -97.886162, 22.314465 ], [ -97.886654, 22.314619 ], [ -97.887535, 22.3149 ], [ -97.88722, 22.315692 ], [ -97.887111, 22.315983 ], [ -97.886897, 22.316553 ], [ -97.886722, 22.317024 ], [ -97.886669, 22.317207 ], [ -97.886648, 22.317331 ], [ -97.885887, 22.317865 ], [ -97.885637, 22.317859 ], [ -97.885124, 22.317835 ], [ -97.885128, 22.317924 ], [ -97.885128, 22.317967 ], [ -97.885222, 22.319011 ], [ -97.884785, 22.319048 ], [ -97.884342, 22.319085 ], [ -97.883897, 22.319126 ], [ -97.883453, 22.319165 ], [ -97.882536, 22.319244 ], [ -97.882499, 22.318523 ], [ -97.882488, 22.318156 ], [ -97.882488, 22.31787 ], [ -97.882488, 22.317837 ], [ -97.882466, 22.31731 ], [ -97.882464, 22.317283 ], [ -97.882465, 22.317024 ], [ -97.882443, 22.31654 ], [ -97.882431, 22.316269 ], [ -97.883313, 22.316281 ], [ -97.883283, 22.315444 ], [ -97.883262, 22.315026 ], [ -97.883221, 22.314219 ], [ -97.882345, 22.314221 ], [ -97.882333, 22.313876 ], [ -97.882322, 22.313633 ], [ -97.883186, 22.313621 ], [ -97.88316, 22.312801 ], [ -97.883135, 22.312008 ], [ -97.883361, 22.312005 ], [ -97.884007, 22.311995 ] ] ] ] } },
{ "type": "Feature", "properties": { "CVEGEO": "2803800010622", "POB_TOT_20": 3266.0, "POB_MASC_2": 1529.0, "POB_FEM_20": 1737.0, "origen": "2803800010622", "viajes_od_totales_salientes": 333.5, "viajes-total_salientes": 5031.0, "viajes_od_totales_norm_salientes": 1.5362999815736134, "viajes-total_norm_salientes": 3.8084784254352764, "AE_por_fila_salientes": 0.024396513661707198, "SE_por_fila_salientes": 0.0021353315709745392, "APE_por_fila_salientes": 94.962566931456578, "destino": "2803800010622", "viajes_od_totales_entrantes": 269.78, "viajes-total_entrantes": 5768.0, "viajes_od_totales_norm_entrantes": 1.2427676432651558, "viajes-total_norm_entrantes": 4.3663890991672973, "AE_por_fila_entrantes": 0.02352156135596941, "SE_por_fila_entrantes": 0.002194915831890559, "APE_por_fila_entrantes": 84.665118197010941 }, "geometry": { "type": "MultiPolygon", "coordinates": [ [ [ [ -97.884007, 22.311995 ], [ -97.883361, 22.312005 ], [ -97.883135, 22.312008 ], [ -97.88225, 22.312025 ], [ -97.882254, 22.312117 ], [ -97.881222, 22.31219 ], [ -97.880934, 22.31221 ], [ -97.880215, 22.312261 ], [ -97.879917, 22.312282 ], [ -97.88018, 22.311452 ], [ -97.880222, 22.311322 ], [ -97.880465, 22.310554 ], [ -97.880475, 22.310522 ], [ -97.880728, 22.309694 ], [ -97.881061, 22.308609 ], [ -97.881085, 22.308533 ], [ -97.881318, 22.307788 ], [ -97.881444, 22.30738 ], [ -97.881909, 22.307486 ], [ -97.882346, 22.307482 ], [ -97.882906, 22.307428 ], [ -97.883098, 22.30741 ], [ -97.883952, 22.307336 ], [ -97.884829, 22.307262 ], [ -97.885827, 22.307178 ], [ -97.886824, 22.307094 ], [ -97.887606, 22.307021 ], [ -97.888025, 22.306991 ], [ -97.888163, 22.30692 ], [ -97.887972, 22.307909 ], [ -97.887784, 22.308888 ], [ -97.887602, 22.309877 ], [ -97.887459, 22.310538 ], [ -97.887328, 22.311147 ], [ -97.887138, 22.311936 ], [ -97.886574, 22.311948 ], [ -97.885698, 22.311967 ], [ -97.885299, 22.311974 ], [ -97.884872, 22.311981 ], [ -97.884458, 22.311989 ], [ -97.884007, 22.311995 ] ] ] ] } },
{ "type": "Feature", "properties": { "CVEGEO": "2803800010711", "POB_TOT_20": 2773.0, "POB_MASC_2": 1337.0, "POB_FEM_20": 1436.0, "origen": "2803800010711", "viajes_od_totales_salientes": 234.46, "viajes-total_salientes": 5941.0, "viajes_od_totales_norm_salientes": 1.080062649714391, "viajes-total_norm_salientes": 4.497350492051476, "AE_por_fila_salientes": 0.028443463184760594, "SE_por_fila_salientes": 0.0023669663926649672, "APE_por_fila_salientes": 90.709084488865912, "destino": "2803800010711", "viajes_od_totales_entrantes": 311.58, "viajes-total_entrantes": 6306.0, "viajes_od_totales_norm_entrantes": 1.4353233830845771, "viajes-total_norm_entrantes": 4.7736563209689633, "AE_por_fila_entrantes": 0.026754448893651941, "SE_por_fila_entrantes": 0.0021516019749314649, "APE_por_fila_entrantes": 89.343407541957902 }, "geometry": { "type": "MultiPolygon", "coordinates": [ [ [ [ -97.888163, 22.30692 ], [ -97.888025, 22.306991 ], [ -97.887606, 22.307021 ], [ -97.886824, 22.307094 ], [ -97.885827, 22.307178 ], [ -97.884829, 22.307262 ], [ -97.883952, 22.307336 ], [ -97.883098, 22.30741 ], [ -97.882906, 22.307428 ], [ -97.882346, 22.307482 ], [ -97.881909, 22.307486 ], [ -97.881444, 22.30738 ], [ -97.881665, 22.306595 ], [ -97.881747, 22.306146 ], [ -97.881785, 22.305745 ], [ -97.881706, 22.304884 ], [ -97.881602, 22.304468 ], [ -97.881452, 22.30408 ], [ -97.88111, 22.303474 ], [ -97.882112, 22.303077 ], [ -97.883217, 22.302658 ], [ -97.884155, 22.30288 ], [ -97.884534, 22.302974 ], [ -97.885396, 22.303187 ], [ -97.885473, 22.303117 ], [ -97.885575, 22.303019 ], [ -97.885988, 22.303203 ], [ -97.886409, 22.30339 ], [ -97.886825, 22.303563 ], [ -97.887048, 22.303653 ], [ -97.887242, 22.303731 ], [ -97.887619, 22.303882 ], [ -97.888166, 22.302923 ], [ -97.888236, 22.30296 ], [ -97.888905, 22.303305 ], [ -97.888877, 22.303447 ], [ -97.888749, 22.30404 ], [ -97.888706, 22.304244 ], [ -97.888669, 22.304417 ], [ -97.888617, 22.304661 ], [ -97.888472, 22.305342 ], [ -97.888418, 22.305619 ], [ -97.888321, 22.306112 ], [ -97.888163, 22.30692 ] ] ] ] } },
{ "type": "Feature", "properties": { "CVEGEO": "2803800010590", "POB_TOT_20": 2171.0, "POB_MASC_2": 1047.0, "POB_FEM_20": 1124.0, "origen": "2803800010590", "viajes_od_totales_salientes": 141.36, "viajes-total_salientes": 4431.0, "viajes_od_totales_norm_salientes": 0.65118850193477062, "viajes-total_norm_salientes": 3.3542770628311884, "AE_por_fila_salientes": 0.025111997589133843, "SE_por_fila_salientes": 0.0020277566235104749, "APE_por_fila_salientes": 89.301229249779283, "destino": "2803800010590", "viajes_od_totales_entrantes": 439.68, "viajes-total_entrantes": 4292.0, "viajes_od_totales_norm_entrantes": 2.0254284134881151, "viajes-total_norm_entrantes": 3.2490537471612413, "AE_por_fila_entrantes": 0.022949078397531374, "SE_por_fila_entrantes": 0.0015072846794582432, "APE_por_fila_entrantes": 104.87086984089458 }, "geometry": { "type": "MultiPolygon", "coordinates": [ [ [ [ -97.877597, 22.319662 ], [ -97.877911, 22.318665 ], [ -97.878178, 22.317813 ], [ -97.878185, 22.31779 ], [ -97.878337, 22.317309 ], [ -97.878352, 22.317259 ], [ -97.878495, 22.316806 ], [ -97.878746, 22.316008 ], [ -97.878996, 22.315211 ], [ -97.879078, 22.314949 ], [ -97.879301, 22.314235 ], [ -97.879329, 22.314148 ], [ -97.87963, 22.313187 ], [ -97.879876, 22.312412 ], [ -97.879905, 22.312319 ], [ -97.879917, 22.312282 ], [ -97.880215, 22.312261 ], [ -97.880934, 22.31221 ], [ -97.881222, 22.31219 ], [ -97.882254, 22.312117 ], [ -97.88225, 22.312025 ], [ -97.883135, 22.312008 ], [ -97.88316, 22.312801 ], [ -97.883186, 22.313621 ], [ -97.882322, 22.313633 ], [ -97.882333, 22.313876 ], [ -97.882345, 22.314221 ], [ -97.883221, 22.314219 ], [ -97.883262, 22.315026 ], [ -97.883283, 22.315444 ], [ -97.883313, 22.316281 ], [ -97.882431, 22.316269 ], [ -97.882443, 22.31654 ], [ -97.882465, 22.317024 ], [ -97.882464, 22.317283 ], [ -97.882466, 22.31731 ], [ -97.882488, 22.317837 ], [ -97.882488, 22.31787 ], [ -97.882488, 22.318156 ], [ -97.882499, 22.318523 ], [ -97.882536, 22.319244 ], [ -97.882559, 22.319346 ], [ -97.88148, 22.319411 ], [ -97.880616, 22.319466 ], [ -97.880527, 22.319472 ], [ -97.880059, 22.319502 ], [ -97.879547, 22.319537 ], [ -97.878708, 22.319593 ], [ -97.878518, 22.319606 ], [ -97.877597, 22.319662 ] ] ] ] } },
{ "type": "Feature", "properties": { "CVEGEO": "2803800010868", "POB_TOT_20": 2169.0, "POB_MASC_2": 1067.0, "POB_FEM_20": 1102.0, "origen": "2803800010868", "viajes_od_totales_salientes": 99.48, "viajes-total_salientes": 1602.0, "viajes_od_totales_norm_salientes": 0.45826423438363734, "viajes-total_norm_salientes": 1.2127176381529146, "AE_por_fila_salientes": 0.010840293461263062, "SE_por_fila_salientes": 0.00022271011466550936, "APE_por_fila_salientes": 80.724585044279564, "destino": "2803800010868", "viajes_od_totales_entrantes": 36.46, "viajes-total_entrantes": 1530.0, "viajes_od_totales_norm_entrantes": 0.16795651372765799, "viajes-total_norm_entrantes": 1.158213474640424, "AE_por_fila_entrantes": 0.01338896554121213, "SE_por_fila_entrantes": 0.00033029623157504944, "APE_por_fila_entrantes": 90.038109724090674 }, "geometry": { "type": "MultiPolygon", "coordinates": [ [ [ [ -97.866986, 22.314803 ], [ -97.865964, 22.315215 ], [ -97.865103, 22.315562 ], [ -97.865033, 22.315215 ], [ -97.864954, 22.314787 ], [ -97.864883, 22.314398 ], [ -97.86482, 22.314051 ], [ -97.864274, 22.314233 ], [ -97.863514, 22.314503 ], [ -97.863274, 22.314588 ], [ -97.863144, 22.314636 ], [ -97.86274, 22.314787 ], [ -97.862314, 22.314945 ], [ -97.862134, 22.315012 ], [ -97.860623, 22.311344 ], [ -97.860804, 22.311278 ], [ -97.861781, 22.310926 ], [ -97.862994, 22.310491 ], [ -97.863179, 22.310941 ], [ -97.864205, 22.310581 ], [ -97.864287, 22.311045 ], [ -97.864397, 22.311687 ], [ -97.864482, 22.312147 ], [ -97.86451, 22.31231 ], [ -97.864569, 22.312641 ], [ -97.864631, 22.312993 ], [ -97.865287, 22.31286 ], [ -97.866321, 22.312868 ], [ -97.86631, 22.313277 ], [ -97.866309, 22.313634 ], [ -97.866302, 22.314035 ], [ -97.866295, 22.31441 ], [ -97.866288, 22.314801 ], [ -97.866986, 22.314803 ] ] ] ] } },
{ "type": "Feature", "properties": { "CVEGEO": "2803800010853", "POB_TOT_20": 2302.0, "POB_MASC_2": 1104.0, "POB_FEM_20": 1198.0, "origen": "2803800010853", "viajes_od_totales_salientes": 75.98, "viajes-total_salientes": 2584.0, "viajes_od_totales_norm_salientes": 0.35000921319329276, "viajes-total_norm_salientes": 1.9560938682816049, "AE_por_fila_salientes": 0.017328198376652799, "SE_por_fila_salientes": 0.00084890531532305982, "APE_por_fila_salientes": 86.183517596334255, "destino": "2803800010853", "viajes_od_totales_entrantes": 67.48, "viajes-total_entrantes": 2791.0, "viajes_od_totales_norm_entrantes": 0.31085314169891282, "viajes-total_norm_entrantes": 2.112793338380015, "AE_por_fila_entrantes": 0.01797726478023912, "SE_por_fila_entrantes": 0.0009992547802736083, "APE_por_fila_entrantes": 88.31707195316136 }, "geometry": { "type": "MultiPolygon", "coordinates": [ [ [ [ -97.866986, 22.314803 ], [ -97.866288, 22.314801 ], [ -97.866295, 22.31441 ], [ -97.866302, 22.314035 ], [ -97.866309, 22.313634 ], [ -97.86631, 22.313277 ], [ -97.866321, 22.312868 ], [ -97.865287, 22.31286 ], [ -97.864631, 22.312993 ], [ -97.864569, 22.312641 ], [ -97.86451, 22.31231 ], [ -97.864482, 22.312147 ], [ -97.864397, 22.311687 ], [ -97.864287, 22.311045 ], [ -97.864205, 22.310581 ], [ -97.863179, 22.310941 ], [ -97.862994, 22.310491 ], [ -97.86412, 22.310095 ], [ -97.864127, 22.310134 ], [ -97.865306, 22.310157 ], [ -97.866379, 22.310177 ], [ -97.867773, 22.3102 ], [ -97.868238, 22.310207 ], [ -97.868978, 22.310219 ], [ -97.868941, 22.310583 ], [ -97.868934, 22.310646 ], [ -97.868896, 22.310988 ], [ -97.868857, 22.311343 ], [ -97.868814, 22.311739 ], [ -97.868773, 22.312111 ], [ -97.868728, 22.312519 ], [ -97.86872, 22.312598 ], [ -97.868691, 22.312894 ], [ -97.868651, 22.313298 ], [ -97.868617, 22.31365 ], [ -97.868577, 22.314054 ], [ -97.868568, 22.31414 ], [ -97.867902, 22.314431 ], [ -97.867692, 22.314522 ], [ -97.866986, 22.314803 ] ] ] ] } },
{ "type": "Feature", "properties": { "CVEGEO": "2803800010938", "POB_TOT_20": 1625.0, "POB_MASC_2": 780.0, "POB_FEM_20": 845.0, "origen": "2803800010938", "viajes_od_totales_salientes": 80.48, "viajes-total_salientes": 4974.0, "viajes_od_totales_norm_salientes": 0.37073889810208216, "viajes-total_norm_salientes": 3.7653292959878879, "AE_por_fila_salientes": 0.027852397196581263, "SE_por_fila_salientes": 0.0034583637609547284, "APE_por_fila_salientes": 86.683486116834501, "destino": "2803800010938", "viajes_od_totales_entrantes": 440.08, "viajes-total_entrantes": 5272.0, "viajes_od_totales_norm_entrantes": 2.0272710521466739, "viajes-total_norm_entrantes": 3.9909159727479184, "AE_por_fila_entrantes": 0.027586152563506518, "SE_por_fila_entrantes": 0.00263223404419511, "APE_por_fila_entrantes": 96.24757454168244 }, "geometry": { "type": "MultiPolygon", "coordinates": [ [ [ [ -97.879816, 22.304909 ], [ -97.877155, 22.301362 ], [ -97.877691, 22.300735 ], [ -97.877609, 22.300661 ], [ -97.87752, 22.300624 ], [ -97.876343, 22.30042 ], [ -97.874913, 22.298544 ], [ -97.876985, 22.29722 ], [ -97.877131, 22.29713 ], [ -97.87774, 22.298113 ], [ -97.877867, 22.298314 ], [ -97.878644, 22.299576 ], [ -97.878659, 22.2996 ], [ -97.878778, 22.299783 ], [ -97.878891, 22.29996 ], [ -97.879554, 22.29951 ], [ -97.879887, 22.299284 ], [ -97.88018, 22.299085 ], [ -97.880678, 22.298746 ], [ -97.880791, 22.299387 ], [ -97.880814, 22.299512 ], [ -97.880867, 22.299806 ], [ -97.880967, 22.300337 ], [ -97.881844, 22.300351 ], [ -97.882715, 22.300367 ], [ -97.882825, 22.301195 ], [ -97.883154, 22.301201 ], [ -97.88318, 22.301764 ], [ -97.883191, 22.301985 ], [ -97.8832, 22.302235 ], [ -97.883217, 22.302658 ], [ -97.882112, 22.303077 ], [ -97.88111, 22.303474 ], [ -97.881452, 22.30408 ], [ -97.881293, 22.304114 ], [ -97.880345, 22.304188 ], [ -97.87954, 22.304277 ], [ -97.879881, 22.304867 ], [ -97.879816, 22.304909 ] ] ] ] } },
{ "type": "Feature", "properties": { "CVEGEO": "2803800010637", "POB_TOT_20": 2966.0, "POB_MASC_2": 1431.0, "POB_FEM_20": 1535.0, "origen": "2803800010637", "viajes_od_totales_salientes": 268.28, "viajes-total_salientes": 8092.0, "viajes_od_totales_norm_salientes": 1.2358577482955593, "viajes-total_norm_salientes": 6.1256623769871306, "AE_por_fila_salientes": 0.034893437420584414, "SE_por_fila_salientes": 0.0055043363914345647, "APE_por_fila_salientes": 88.122767803082212, "destino": "2803800010637", "viajes_od_totales_entrantes": 464.22, "viajes-total_entrantes": 8228.0, "viajes_od_totales_norm_entrantes": 2.1384742951907132, "viajes-total_norm_entrantes": 6.2286146858440574, "AE_por_fila_entrantes": 0.030148696002553509, "SE_por_fila_entrantes": 0.0045929249106288388, "APE_por_fila_entrantes": 88.428643171944444 }, "geometry": { "type": "MultiPolygon", "coordinates": [ [ [ [ -97.875925, 22.307456 ], [ -97.875964, 22.307422 ], [ -97.876363, 22.307168 ], [ -97.876418, 22.307133 ], [ -97.876467, 22.3071 ], [ -97.877021, 22.306748 ], [ -97.877931, 22.306159 ], [ -97.878988, 22.305458 ], [ -97.879684, 22.304997 ], [ -97.879816, 22.304909 ], [ -97.879881, 22.304867 ], [ -97.87954, 22.304277 ], [ -97.880345, 22.304188 ], [ -97.881293, 22.304114 ], [ -97.881452, 22.30408 ], [ -97.881602, 22.304468 ], [ -97.881706, 22.304884 ], [ -97.881785, 22.305745 ], [ -97.881747, 22.306146 ], [ -97.881665, 22.306595 ], [ -97.881444, 22.30738 ], [ -97.881318, 22.307788 ], [ -97.881085, 22.308533 ], [ -97.881061, 22.308609 ], [ -97.880728, 22.309694 ], [ -97.880475, 22.310522 ], [ -97.880465, 22.310554 ], [ -97.880222, 22.311322 ], [ -97.88018, 22.311452 ], [ -97.879917, 22.312282 ], [ -97.879905, 22.312319 ], [ -97.878846, 22.312382 ], [ -97.878168, 22.312424 ], [ -97.877285, 22.312479 ], [ -97.876159, 22.312552 ], [ -97.875242, 22.312611 ], [ -97.875203, 22.311796 ], [ -97.875162, 22.310948 ], [ -97.875123, 22.310046 ], [ -97.875072, 22.308903 ], [ -97.875035, 22.308058 ], [ -97.87595, 22.308017 ], [ -97.87593, 22.307572 ], [ -97.875925, 22.307456 ] ] ] ] } },
{ "type": "Feature", "properties": { "CVEGEO": "280380001132A", "POB_TOT_20": 2741.0, "POB_MASC_2": 1290.0, "POB_FEM_20": 1451.0, "origen": "280380001132A", "viajes_od_totales_salientes": 299.52, "viajes-total_salientes": 2526.0, "viajes_od_totales_norm_salientes": 1.3797678275290215, "viajes-total_norm_salientes": 1.9121877365632096, "AE_por_fila_salientes": 0.017446187432470381, "SE_por_fila_salientes": 0.0010005100840677595, "APE_por_fila_salientes": 104.78435051048602, "destino": null, "viajes_od_totales_entrantes": null, "viajes-total_entrantes": null, "viajes_od_totales_norm_entrantes": null, "viajes-total_norm_entrantes": null, "AE_por_fila_entrantes": null, "SE_por_fila_entrantes": null, "APE_por_fila_entrantes": null }, "geometry": { "type": "MultiPolygon", "coordinates": [ [ [ [ -97.88986, 22.297156 ], [ -97.89078, 22.297664 ], [ -97.891216, 22.297914 ], [ -97.891303, 22.297964 ], [ -97.891523, 22.298103 ], [ -97.891959, 22.298386 ], [ -97.892739, 22.298892 ], [ -97.893224, 22.299211 ], [ -97.893766, 22.299563 ], [ -97.89394, 22.299676 ], [ -97.894691, 22.300218 ], [ -97.894107, 22.30086 ], [ -97.893529, 22.3015 ], [ -97.892903, 22.302193 ], [ -97.892312, 22.302847 ], [ -97.892268, 22.302817 ], [ -97.891869, 22.302669 ], [ -97.891453, 22.302534 ], [ -97.890951, 22.302379 ], [ -97.890454, 22.302232 ], [ -97.890759, 22.301814 ], [ -97.890991, 22.3015 ], [ -97.891244, 22.301159 ], [ -97.891389, 22.300959 ], [ -97.89156, 22.300722 ], [ -97.89181, 22.300362 ], [ -97.891751, 22.300348 ], [ -97.89131, 22.300242 ], [ -97.891005, 22.300169 ], [ -97.890155, 22.299967 ], [ -97.889712, 22.299873 ], [ -97.889179, 22.299712 ], [ -97.888611, 22.299686 ], [ -97.888558, 22.299682 ], [ -97.88836, 22.299598 ], [ -97.887861, 22.29944 ], [ -97.88765, 22.299415 ], [ -97.887736, 22.29928 ], [ -97.887907, 22.299075 ], [ -97.888148, 22.298928 ], [ -97.888428, 22.298768 ], [ -97.888809, 22.298552 ], [ -97.889027, 22.298427 ], [ -97.889136, 22.298365 ], [ -97.88942, 22.298193 ], [ -97.889705, 22.298021 ], [ -97.889402, 22.297411 ], [ -97.889642, 22.297267 ], [ -97.88986, 22.297156 ] ] ] ] } },
{ "type": "Feature", "properties": { "CVEGEO": "2803800011156", "POB_TOT_20": 2794.0, "POB_MASC_2": 1349.0, "POB_FEM_20": 1445.0, "origen": "2803800011156", "viajes_od_totales_salientes": 332.04, "viajes-total_salientes": 3101.0, "viajes_od_totales_norm_salientes": 1.5295743504698727, "viajes-total_norm_salientes": 2.3474640423921271, "AE_por_fila_salientes": 0.021528058456971311, "SE_por_fila_salientes": 0.0014508923073601773, "APE_por_fila_salientes": 110.99578272869655, "destino": "2803800011156", "viajes_od_totales_entrantes": 28.94, "viajes-total_entrantes": 2965.0, "viajes_od_totales_norm_entrantes": 0.13331490694674775, "viajes-total_norm_entrantes": 2.2445117335352007, "AE_por_fila_entrantes": 0.019192698423531388, "SE_por_fila_entrantes": 0.00097307751389647825, "APE_por_fila_entrantes": 95.592954084167872 }, "geometry": { "type": "MultiPolygon", "coordinates": [ [ [ [ -97.882993, 22.283388 ], [ -97.883179, 22.283706 ], [ -97.88322, 22.283776 ], [ -97.88351, 22.284228 ], [ -97.883526, 22.284254 ], [ -97.883816, 22.284706 ], [ -97.883836, 22.28474 ], [ -97.884047, 22.285083 ], [ -97.884122, 22.285208 ], [ -97.884268, 22.285457 ], [ -97.884403, 22.285702 ], [ -97.884611, 22.286233 ], [ -97.884761, 22.286752 ], [ -97.88462, 22.286782 ], [ -97.883572, 22.287026 ], [ -97.883167, 22.287099 ], [ -97.88309, 22.287114 ], [ -97.88222, 22.287267 ], [ -97.881722, 22.287306 ], [ -97.881347, 22.287287 ], [ -97.881026, 22.287234 ], [ -97.880768, 22.287182 ], [ -97.880785, 22.287008 ], [ -97.880817, 22.286685 ], [ -97.880819, 22.286668 ], [ -97.880853, 22.286311 ], [ -97.880903, 22.285916 ], [ -97.880971, 22.285552 ], [ -97.881074, 22.285092 ], [ -97.881304, 22.284998 ], [ -97.881455, 22.2849 ], [ -97.881616, 22.284756 ], [ -97.881728, 22.284668 ], [ -97.881859, 22.28457 ], [ -97.882003, 22.284467 ], [ -97.882221, 22.28437 ], [ -97.882477, 22.284271 ], [ -97.882552, 22.284218 ], [ -97.882599, 22.284181 ], [ -97.882647, 22.284057 ], [ -97.882712, 22.283832 ], [ -97.882739, 22.283741 ], [ -97.882748, 22.28371 ], [ -97.882869, 22.283176 ], [ -97.882993, 22.283388 ] ] ] ] } },
{ "type": "Feature", "properties": { "CVEGEO": "2800301222197", "POB_TOT_20": 174.0, "POB_MASC_2": 92.0, "POB_FEM_20": 82.0, "origen": "2800301222197", "viajes_od_totales_salientes": 0.4, "viajes-total_salientes": 207.0, "viajes_od_totales_norm_salientes": 0.0018426386585590566, "viajes-total_norm_salientes": 0.15669947009841029, "AE_por_fila_salientes": 0.0096785519649907024, "SE_por_fila_salientes": 0.00028929415869305186, "APE_por_fila_salientes": 98.231455569375342, "destino": "2800301222197", "viajes_od_totales_entrantes": 0.02, "viajes-total_entrantes": 199.0, "viajes_od_totales_norm_entrantes": 9.2131932927952829e-05, "viajes-total_norm_entrantes": 0.1506434519303558, "AE_por_fila_entrantes": 0.015055131999742784, "SE_por_fila_entrantes": 0.0006996714883500528, "APE_por_fila_entrantes": 99.797156194336964 }, "geometry": { "type": "MultiPolygon", "coordinates": [ [ [ [ -97.883776, 22.342427 ], [ -97.883512, 22.342063 ], [ -97.883444, 22.341967 ], [ -97.883659, 22.341903 ], [ -97.883746, 22.341888 ], [ -97.883852, 22.341869 ], [ -97.883897, 22.341868 ], [ -97.884241, 22.341198 ], [ -97.884301, 22.341081 ], [ -97.88482, 22.340061 ], [ -97.885021, 22.340157 ], [ -97.884712, 22.34076 ], [ -97.885324, 22.341056 ], [ -97.885646, 22.340449 ], [ -97.886703, 22.340943 ], [ -97.886662, 22.341057 ], [ -97.886746, 22.341328 ], [ -97.887123, 22.341221 ], [ -97.887381, 22.341089 ], [ -97.887513, 22.341032 ], [ -97.887657, 22.341014 ], [ -97.887808, 22.341025 ], [ -97.887963, 22.341054 ], [ -97.888119, 22.341096 ], [ -97.888171, 22.341118 ], [ -97.887828, 22.341835 ], [ -97.887013, 22.342206 ], [ -97.886655, 22.342284 ], [ -97.886399, 22.342311 ], [ -97.885818, 22.342192 ], [ -97.88578, 22.342195 ], [ -97.885733, 22.342198 ], [ -97.884888, 22.342113 ], [ -97.883951, 22.342378 ], [ -97.883776, 22.342427 ] ] ] ] } },
{ "type": "Feature", "properties": { "CVEGEO": "2800301222337", "POB_TOT_20": 53.0, "POB_MASC_2": 27.0, "POB_FEM_20": 26.0, "origen": "2800301222337", "viajes_od_totales_salientes": 0.0, "viajes-total_salientes": 232.0, "viajes_od_totales_norm_salientes": 0.0, "viajes-total_norm_salientes": 0.17562452687358063, "AE_por_fila_salientes": 0.01596586607941642, "SE_por_fila_salientes": 0.0008028985617477808, "APE_por_fila_salientes": 100.0, "destino": "2800301222337", "viajes_od_totales_entrantes": 0.14, "viajes-total_entrantes": 192.0, "viajes_od_totales_norm_entrantes": 0.00064492353049566979, "viajes-total_norm_entrantes": 0.1453444360333081, "AE_por_fila_entrantes": 0.011130731730985572, "SE_por_fila_entrantes": 0.00025474802398563656, "APE_por_fila_entrantes": 99.180823092514629 }, "geometry": { "type": "MultiPolygon", "coordinates": [ [ [ [ -97.885021, 22.340157 ], [ -97.88482, 22.340061 ], [ -97.88534, 22.339077 ], [ -97.885418, 22.338929 ], [ -97.885622, 22.338995 ], [ -97.885335, 22.339559 ], [ -97.885674, 22.339717 ], [ -97.885953, 22.339848 ], [ -97.885646, 22.340449 ], [ -97.885021, 22.340157 ] ] ] ] } },
{ "type": "Feature", "properties": { "CVEGEO": "2800301222233", "POB_TOT_20": 29.0, "POB_MASC_2": 14.0, "POB_FEM_20": 15.0, "origen": "2800301222233", "viajes_od_totales_salientes": 0.0, "viajes-total_salientes": 50.0, "viajes_od_totales_norm_salientes": 0.0, "viajes-total_norm_salientes": 0.037850113550340653, "AE_por_fila_salientes": 0.0094625283875851632, "SE_por_fila_salientes": 0.00014183047848159442, "APE_por_fila_salientes": 100.0, "destino": "2800301222233", "viajes_od_totales_entrantes": 0.2, "viajes-total_entrantes": 40.0, "viajes_od_totales_norm_entrantes": 0.00092131932927952832, "viajes-total_norm_entrantes": 0.030280090840272521, "AE_por_fila_entrantes": 0.0073396928777482474, "SE_por_fila_entrantes": 7.0486629912735433e-05, "APE_por_fila_entrantes": 96.196678643817947 }, "geometry": { "type": "MultiPolygon", "coordinates": [ [ [ [ -97.885646, 22.340449 ], [ -97.885324, 22.341056 ], [ -97.884712, 22.34076 ], [ -97.885021, 22.340157 ], [ -97.885646, 22.340449 ] ] ] ] } },
{ "type": "Feature", "properties": { "CVEGEO": "2803800010891", "POB_TOT_20": 3566.0, "POB_MASC_2": 1660.0, "POB_FEM_20": 1906.0, "origen": "2803800010891", "viajes_od_totales_salientes": 369.7, "viajes-total_salientes": 3797.0, "viajes_od_totales_norm_salientes": 1.703058780173208, "viajes-total_norm_salientes": 2.874337623012869, "AE_por_fila_salientes": 0.024096034444350101, "SE_por_fila_salientes": 0.0027647293695062486, "APE_por_fila_salientes": 115.62276693302225, "destino": "2803800010891", "viajes_od_totales_entrantes": 71.9, "viajes-total_entrantes": 3891.0, "viajes_od_totales_norm_entrantes": 0.33121429887599041, "viajes-total_norm_entrantes": 2.9454958364875092, "AE_por_fila_entrantes": 0.019816191599709963, "SE_por_fila_entrantes": 0.001293122266674811, "APE_por_fila_entrantes": 91.660600778766877 }, "geometry": { "type": "MultiPolygon", "coordinates": [ [ [ [ -97.861154, 22.302078 ], [ -97.862475, 22.302297 ], [ -97.862989, 22.302382 ], [ -97.86331, 22.302434 ], [ -97.864197, 22.302577 ], [ -97.864234, 22.302583 ], [ -97.866512, 22.30294 ], [ -97.867258, 22.303055 ], [ -97.868244, 22.303209 ], [ -97.869099, 22.303342 ], [ -97.869093, 22.303639 ], [ -97.869093, 22.303672 ], [ -97.869085, 22.304023 ], [ -97.869084, 22.304062 ], [ -97.869076, 22.304446 ], [ -97.869074, 22.304557 ], [ -97.869072, 22.304709 ], [ -97.869068, 22.305012 ], [ -97.869066, 22.305242 ], [ -97.869065, 22.305255 ], [ -97.869062, 22.305652 ], [ -97.869061, 22.305816 ], [ -97.86866, 22.305813 ], [ -97.86788, 22.305809 ], [ -97.866926, 22.305803 ], [ -97.865972, 22.305798 ], [ -97.864975, 22.305793 ], [ -97.864956, 22.306463 ], [ -97.863634, 22.30645 ], [ -97.863554, 22.306031 ], [ -97.863165, 22.306167 ], [ -97.862787, 22.306299 ], [ -97.862673, 22.306339 ], [ -97.862245, 22.30524 ], [ -97.861946, 22.304462 ], [ -97.861587, 22.303509 ], [ -97.861136, 22.303675 ], [ -97.860799, 22.302924 ], [ -97.860988, 22.302958 ], [ -97.861076, 22.302494 ], [ -97.861154, 22.302078 ] ] ] ] } },
{ "type": "Feature", "properties": { "CVEGEO": "2803800010961", "POB_TOT_20": 2796.0, "POB_MASC_2": 1358.0, "POB_FEM_20": 1438.0, "origen": "2803800010961", "viajes_od_totales_salientes": 76.3, "viajes-total_salientes": 1964.0, "viajes_od_totales_norm_salientes": 0.35148332412014005, "viajes-total_norm_salientes": 1.4867524602573807, "AE_por_fila_salientes": 0.015938595601923872, "SE_por_fila_salientes": 0.00088118476847861475, "APE_por_fila_salientes": 83.654453290895944, "destino": "2803800010961", "viajes_od_totales_entrantes": 75.9, "viajes-total_entrantes": 1949.0, "viajes_od_totales_norm_entrantes": 0.34964068546158095, "viajes-total_norm_entrantes": 1.4753974261922786, "AE_por_fila_entrantes": 0.014732170001075936, "SE_por_fila_entrantes": 0.00061618244636026641, "APE_por_fila_entrantes": 83.460339599189581 }, "geometry": { "type": "MultiPolygon", "coordinates": [ [ [ [ -97.857409, 22.290293 ], [ -97.857544, 22.290635 ], [ -97.857729, 22.291078 ], [ -97.857916, 22.291536 ], [ -97.858097, 22.29198 ], [ -97.858278, 22.292424 ], [ -97.85845, 22.292848 ], [ -97.85862, 22.293269 ], [ -97.858788, 22.293682 ], [ -97.858969, 22.294129 ], [ -97.859135, 22.29454 ], [ -97.859315, 22.294975 ], [ -97.859492, 22.295404 ], [ -97.859658, 22.295808 ], [ -97.859828, 22.29622 ], [ -97.860012, 22.296668 ], [ -97.860178, 22.297069 ], [ -97.860373, 22.29754 ], [ -97.860546, 22.297958 ], [ -97.860708, 22.298362 ], [ -97.860678, 22.29842 ], [ -97.85917, 22.298952 ], [ -97.857696, 22.299463 ], [ -97.857508, 22.299018 ], [ -97.857333, 22.298604 ], [ -97.857139, 22.298144 ], [ -97.856973, 22.297751 ], [ -97.85679, 22.297311 ], [ -97.856615, 22.29689 ], [ -97.85644, 22.296486 ], [ -97.856253, 22.296044 ], [ -97.855902, 22.295192 ], [ -97.857409, 22.294671 ], [ -97.857227, 22.29423 ], [ -97.857061, 22.293814 ], [ -97.856892, 22.293389 ], [ -97.856726, 22.292973 ], [ -97.85655, 22.292516 ], [ -97.856387, 22.292095 ], [ -97.856211, 22.29165 ], [ -97.856153, 22.291514 ], [ -97.856705, 22.290988 ], [ -97.857409, 22.290293 ] ] ] ] } },
{ "type": "Feature", "properties": { "CVEGEO": "2803800010872", "POB_TOT_20": 2673.0, "POB_MASC_2": 1303.0, "POB_FEM_20": 1370.0, "origen": "2803800010872", "viajes_od_totales_salientes": 119.44, "viajes-total_salientes": 2458.0, "viajes_od_totales_norm_salientes": 0.55021190344573434, "viajes-total_norm_salientes": 1.8607115821347464, "AE_por_fila_salientes": 0.018681270209607161, "SE_por_fila_salientes": 0.0011192088850815367, "APE_por_fila_salientes": 89.844973506566262, "destino": "2803800010872", "viajes_od_totales_entrantes": 106.1, "viajes-total_entrantes": 2495.0, "viajes_od_totales_norm_entrantes": 0.48875990418278975, "viajes-total_norm_entrantes": 1.8887206661619984, "AE_por_fila_entrantes": 0.015147646087101941, "SE_por_fila_entrantes": 0.00075449904407647397, "APE_por_fila_entrantes": 81.769891906191731 }, "geometry": { "type": "MultiPolygon", "coordinates": [ [ [ [ -97.869061, 22.305816 ], [ -97.869055, 22.306496 ], [ -97.869054, 22.306724 ], [ -97.86905, 22.307152 ], [ -97.869047, 22.307519 ], [ -97.869044, 22.307932 ], [ -97.869041, 22.308301 ], [ -97.869038, 22.308687 ], [ -97.869028, 22.309034 ], [ -97.869009, 22.309461 ], [ -97.868978, 22.310219 ], [ -97.868238, 22.310207 ], [ -97.867773, 22.3102 ], [ -97.866379, 22.310177 ], [ -97.865306, 22.310157 ], [ -97.864127, 22.310134 ], [ -97.86412, 22.310095 ], [ -97.864046, 22.309662 ], [ -97.86404, 22.309626 ], [ -97.863961, 22.309171 ], [ -97.86394, 22.30904 ], [ -97.863883, 22.308695 ], [ -97.863834, 22.308399 ], [ -97.863814, 22.308281 ], [ -97.863772, 22.308031 ], [ -97.863896, 22.307932 ], [ -97.863864, 22.30774 ], [ -97.863744, 22.307062 ], [ -97.863634, 22.30645 ], [ -97.864956, 22.306463 ], [ -97.864975, 22.305793 ], [ -97.865972, 22.305798 ], [ -97.866926, 22.305803 ], [ -97.86788, 22.305809 ], [ -97.86866, 22.305813 ], [ -97.869061, 22.305816 ] ] ] ] } },
{ "type": "Feature", "properties": { "CVEGEO": "2800301220913", "POB_TOT_20": 2238.0, "POB_MASC_2": 1110.0, "POB_FEM_20": 1128.0, "origen": "2800301220913", "viajes_od_totales_salientes": 30.14, "viajes-total_salientes": 1197.0, "viajes_od_totales_norm_salientes": 0.13884282292242489, "viajes-total_norm_salientes": 0.90613171839515516, "AE_por_fila_salientes": 0.01698264775365237, "SE_por_fila_salientes": 0.00099211927755210789, "APE_por_fila_salientes": 89.488257237903113, "destino": "2800301220913", "viajes_od_totales_entrantes": 10.7, "viajes-total_entrantes": 1091.0, "viajes_od_totales_norm_entrantes": 0.049290584116454761, "viajes-total_norm_entrantes": 0.82588947766843301, "AE_por_fila_entrantes": 0.01725775319004396, "SE_por_fila_entrantes": 0.0008174593227865891, "APE_por_fila_entrantes": 94.569899415657716 }, "geometry": { "type": "MultiPolygon", "coordinates": [ [ [ [ -97.864701, 22.337262 ], [ -97.864266, 22.337418 ], [ -97.863824, 22.337576 ], [ -97.863209, 22.337792 ], [ -97.862936, 22.336987 ], [ -97.862925, 22.336912 ], [ -97.862717, 22.336112 ], [ -97.862443, 22.336207 ], [ -97.862181, 22.336297 ], [ -97.861956, 22.336376 ], [ -97.861598, 22.336505 ], [ -97.861452, 22.336556 ], [ -97.861273, 22.336626 ], [ -97.861228, 22.336779 ], [ -97.861074, 22.337244 ], [ -97.861037, 22.337349 ], [ -97.860903, 22.337636 ], [ -97.860726, 22.337905 ], [ -97.860719, 22.337911 ], [ -97.860479, 22.338093 ], [ -97.860477, 22.338347 ], [ -97.860302, 22.338855 ], [ -97.8602, 22.33915 ], [ -97.860143, 22.339334 ], [ -97.860062, 22.339496 ], [ -97.859832, 22.339721 ], [ -97.859619, 22.339916 ], [ -97.859595, 22.339938 ], [ -97.85949, 22.340082 ], [ -97.859303, 22.340189 ], [ -97.859094, 22.340234 ], [ -97.858907, 22.340245 ], [ -97.858902, 22.340105 ], [ -97.858866, 22.339316 ], [ -97.85872, 22.338828 ], [ -97.858517, 22.338563 ], [ -97.858442, 22.338352 ], [ -97.858002, 22.337812 ], [ -97.857998, 22.337771 ], [ -97.857976, 22.337681 ], [ -97.857766, 22.336847 ], [ -97.857428, 22.336101 ], [ -97.857796, 22.335943 ], [ -97.858259, 22.335786 ], [ -97.858371, 22.335749 ], [ -97.858429, 22.335744 ], [ -97.858464, 22.335737 ], [ -97.858681, 22.335678 ], [ -97.858686, 22.335542 ], [ -97.859492, 22.335322 ], [ -97.859754, 22.335224 ], [ -97.86026, 22.335049 ], [ -97.860757, 22.334875 ], [ -97.861252, 22.334673 ], [ -97.861731, 22.334507 ], [ -97.862034, 22.334404 ], [ -97.862454, 22.334257 ], [ -97.8629, 22.334105 ], [ -97.863299, 22.333939 ], [ -97.863685, 22.334787 ], [ -97.864037, 22.335634 ], [ -97.86441, 22.336469 ], [ -97.864375, 22.336478 ], [ -97.864701, 22.337262 ] ] ] ] } },
{ "type": "Feature", "properties": { "CVEGEO": "2800301222040", "POB_TOT_20": 1940.0, "POB_MASC_2": 948.0, "POB_FEM_20": 992.0, "origen": "2800301222040", "viajes_od_totales_salientes": 40.72, "viajes-total_salientes": 744.0, "viajes_od_totales_norm_salientes": 0.18758061544131194, "viajes-total_norm_salientes": 0.56320968962906892, "AE_por_fila_salientes": 0.012857668328986983, "SE_por_fila_salientes": 0.00054623898308638009, "APE_por_fila_salientes": 77.049942304606489, "destino": "2800301222040", "viajes_od_totales_entrantes": 37.16, "viajes-total_entrantes": 1048.0, "viajes_od_totales_norm_entrantes": 0.17118113138013635, "viajes-total_norm_entrantes": 0.79333838001514001, "AE_por_fila_entrantes": 0.017524237454111174, "SE_por_fila_entrantes": 0.0011317402035460739, "APE_por_fila_entrantes": 88.220770334827236 }, "geometry": { "type": "MultiPolygon", "coordinates": [ [ [ [ -97.863299, 22.333939 ], [ -97.8629, 22.334105 ], [ -97.862454, 22.334257 ], [ -97.862034, 22.334404 ], [ -97.861731, 22.334507 ], [ -97.861252, 22.334673 ], [ -97.860757, 22.334875 ], [ -97.86026, 22.335049 ], [ -97.859754, 22.335224 ], [ -97.859492, 22.335322 ], [ -97.858686, 22.335542 ], [ -97.858681, 22.335678 ], [ -97.858464, 22.335737 ], [ -97.858429, 22.335744 ], [ -97.858371, 22.335749 ], [ -97.858259, 22.335786 ], [ -97.857796, 22.335943 ], [ -97.857428, 22.336101 ], [ -97.857766, 22.336847 ], [ -97.857976, 22.337681 ], [ -97.857723, 22.337559 ], [ -97.856954, 22.335299 ], [ -97.856946, 22.335262 ], [ -97.856911, 22.334784 ], [ -97.856878, 22.334286 ], [ -97.856867, 22.334008 ], [ -97.856868, 22.333899 ], [ -97.856866, 22.333703 ], [ -97.856914, 22.333402 ], [ -97.856933, 22.333302 ], [ -97.856972, 22.333231 ], [ -97.857055, 22.333123 ], [ -97.857128, 22.333008 ], [ -97.857234, 22.332886 ], [ -97.857446, 22.332547 ], [ -97.857629, 22.332309 ], [ -97.858005, 22.332885 ], [ -97.858125, 22.332846 ], [ -97.858327, 22.332775 ], [ -97.858672, 22.333611 ], [ -97.859088, 22.334493 ], [ -97.859324, 22.33442 ], [ -97.859413, 22.33438 ], [ -97.85933, 22.33414 ], [ -97.859574, 22.333482 ], [ -97.859543, 22.333387 ], [ -97.859759, 22.333298 ], [ -97.86008, 22.333207 ], [ -97.859889, 22.332657 ], [ -97.85995, 22.332252 ], [ -97.860005, 22.332221 ], [ -97.860181, 22.332159 ], [ -97.860688, 22.331983 ], [ -97.860957, 22.331886 ], [ -97.861389, 22.331741 ], [ -97.861836, 22.331567 ], [ -97.862286, 22.331419 ], [ -97.862738, 22.331262 ], [ -97.863086, 22.33209 ], [ -97.863429, 22.332949 ], [ -97.863783, 22.333765 ], [ -97.863299, 22.333939 ] ] ] ] } },
{ "type": "Feature", "properties": { "CVEGEO": "2800301221733", "POB_TOT_20": 544.0, "POB_MASC_2": 255.0, "POB_FEM_20": 289.0, "origen": "2800301221733", "viajes_od_totales_salientes": 1.34, "viajes-total_salientes": 388.0, "viajes_od_totales_norm_salientes": 0.0061728395061728392, "viajes-total_norm_salientes": 0.29371688115064343, "AE_por_fila_salientes": 0.013692573411641458, "SE_por_fila_salientes": 0.00044264839692062237, "APE_por_fila_salientes": 98.098038021152078, "destino": "2800301221733", "viajes_od_totales_entrantes": 0.4, "viajes-total_entrantes": 391.0, "viajes_od_totales_norm_entrantes": 0.0018426386585590566, "viajes-total_norm_entrantes": 0.29598788796366388, "AE_por_fila_entrantes": 0.016341402739172492, "SE_por_fila_entrantes": 0.00058629973154570821, "APE_por_fila_entrantes": 99.3313175102803 }, "geometry": { "type": "MultiPolygon", "coordinates": [ [ [ [ -97.860181, 22.332159 ], [ -97.860005, 22.332221 ], [ -97.85995, 22.332252 ], [ -97.859889, 22.332657 ], [ -97.86008, 22.333207 ], [ -97.859759, 22.333298 ], [ -97.859543, 22.333387 ], [ -97.859451, 22.333326 ], [ -97.859258, 22.332888 ], [ -97.85912, 22.332534 ], [ -97.85879, 22.331765 ], [ -97.858724, 22.331628 ], [ -97.858954, 22.331155 ], [ -97.85914, 22.330595 ], [ -97.859208, 22.330097 ], [ -97.859238, 22.32978 ], [ -97.859307, 22.330009 ], [ -97.859506, 22.330482 ], [ -97.859876, 22.331311 ], [ -97.860181, 22.332159 ] ] ] ] } },
{ "type": "Feature", "properties": { "CVEGEO": "2800301222290", "POB_TOT_20": 358.0, "POB_MASC_2": 176.0, "POB_FEM_20": 182.0, "origen": "2800301222290", "viajes_od_totales_salientes": 0.02, "viajes-total_salientes": 30.0, "viajes_od_totales_norm_salientes": 9.2131932927952829e-05, "viajes-total_norm_salientes": 0.022710068130204389, "AE_por_fila_salientes": 0.0056544840493191091, "SE_por_fila_salientes": 3.6181719658541633e-05, "APE_por_fila_salientes": 99.492890485842395, "destino": "2800301222290", "viajes_od_totales_entrantes": 0.06, "viajes-total_entrantes": 27.0, "viajes_od_totales_norm_entrantes": 0.00027639579878385847, "viajes-total_norm_entrantes": 0.020439061317183951, "AE_por_fila_entrantes": 0.0050406663796000234, "SE_por_fila_entrantes": 2.6536935306104116e-05, "APE_por_fila_entrantes": 98.816744466965588 }, "geometry": { "type": "MultiPolygon", "coordinates": [ [ [ [ -97.859192, 22.328452 ], [ -97.85927, 22.328624 ], [ -97.859303, 22.328718 ], [ -97.859422, 22.329032 ], [ -97.859615, 22.329441 ], [ -97.859282, 22.329519 ], [ -97.859238, 22.32978 ], [ -97.859208, 22.330097 ], [ -97.859027, 22.330096 ], [ -97.858853, 22.330061 ], [ -97.858776, 22.329966 ], [ -97.858401, 22.329976 ], [ -97.858339, 22.330004 ], [ -97.858248, 22.330021 ], [ -97.858173, 22.330034 ], [ -97.858048, 22.32994 ], [ -97.857848, 22.329608 ], [ -97.857733, 22.329321 ], [ -97.857752, 22.32925 ], [ -97.857668, 22.329056 ], [ -97.857976, 22.328936 ], [ -97.857978, 22.328936 ], [ -97.857983, 22.328934 ], [ -97.858888, 22.328573 ], [ -97.858903, 22.328567 ], [ -97.859192, 22.328452 ] ] ] ] } },
{ "type": "Feature", "properties": { "CVEGEO": "2800301220909", "POB_TOT_20": 2041.0, "POB_MASC_2": 1002.0, "POB_FEM_20": 1039.0, "origen": "2800301220909", "viajes_od_totales_salientes": 94.48, "viajes-total_salientes": 2022.0, "viajes_od_totales_norm_salientes": 0.43523125115164912, "viajes-total_norm_salientes": 1.530658591975776, "AE_por_fila_salientes": 0.018157473330510491, "SE_por_fila_salientes": 0.0011235879761536825, "APE_por_fila_salientes": 87.436756732022985, "destino": "2800301220909", "viajes_od_totales_entrantes": 75.26, "viajes-total_entrantes": 2127.0, "viajes_od_totales_norm_entrantes": 0.34669246360788647, "viajes-total_norm_entrantes": 1.6101438304314912, "AE_por_fila_entrantes": 0.017546645238838716, "SE_por_fila_entrantes": 0.0010736439334371845, "APE_por_fila_entrantes": 88.89341163443936 }, "geometry": { "type": "MultiPolygon", "coordinates": [ [ [ [ -97.863783, 22.333765 ], [ -97.864229, 22.333598 ], [ -97.864637, 22.333422 ], [ -97.865187, 22.333231 ], [ -97.865692, 22.333045 ], [ -97.866172, 22.33287 ], [ -97.866278, 22.332831 ], [ -97.866679, 22.332684 ], [ -97.867084, 22.332526 ], [ -97.867563, 22.332364 ], [ -97.867995, 22.332211 ], [ -97.868424, 22.332058 ], [ -97.868917, 22.331883 ], [ -97.869079, 22.331825 ], [ -97.869302, 22.332392 ], [ -97.869421, 22.332696 ], [ -97.869268, 22.332752 ], [ -97.868783, 22.332928 ], [ -97.868342, 22.33308 ], [ -97.867916, 22.333234 ], [ -97.867485, 22.333385 ], [ -97.867427, 22.333402 ], [ -97.867026, 22.333535 ], [ -97.866992, 22.333546 ], [ -97.867695, 22.334268 ], [ -97.867724, 22.33431 ], [ -97.868322, 22.335014 ], [ -97.868544, 22.335239 ], [ -97.868976, 22.335678 ], [ -97.86888, 22.335787 ], [ -97.868438, 22.335936 ], [ -97.867991, 22.336095 ], [ -97.867534, 22.336263 ], [ -97.867105, 22.336409 ], [ -97.866577, 22.3366 ], [ -97.865615, 22.336941 ], [ -97.865147, 22.337104 ], [ -97.864701, 22.337262 ], [ -97.864375, 22.336478 ], [ -97.86441, 22.336469 ], [ -97.864037, 22.335634 ], [ -97.863685, 22.334787 ], [ -97.863299, 22.333939 ], [ -97.863783, 22.333765 ] ] ] ] } },
{ "type": "Feature", "properties": { "CVEGEO": "2800301220631", "POB_TOT_20": 1961.0, "POB_MASC_2": 950.0, "POB_FEM_20": 1011.0, "origen": "2800301220631", "viajes_od_totales_salientes": 78.92, "viajes-total_salientes": 1472.0, "viajes_od_totales_norm_salientes": 0.36355260733370187, "viajes-total_norm_salientes": 1.1143073429220287, "AE_por_fila_salientes": 0.013617948418585655, "SE_por_fila_salientes": 0.00048342604570823138, "APE_por_fila_salientes": 104.39158067076414, "destino": "2800301220631", "viajes_od_totales_entrantes": 76.98, "viajes-total_entrantes": 1458.0, "viajes_od_totales_norm_entrantes": 0.35461580983969043, "viajes-total_norm_entrantes": 1.1037093111279335, "AE_por_fila_entrantes": 0.013710998539165431, "SE_por_fila_entrantes": 0.00047492574289553302, "APE_por_fila_entrantes": 88.552729571888676 }, "geometry": { "type": "MultiPolygon", "coordinates": [ [ [ [ -97.866601, 22.325943 ], [ -97.866667, 22.326097 ], [ -97.867254, 22.327408 ], [ -97.867731, 22.328545 ], [ -97.867947, 22.329056 ], [ -97.868738, 22.330959 ], [ -97.869079, 22.331825 ], [ -97.868917, 22.331883 ], [ -97.868424, 22.332058 ], [ -97.867995, 22.332211 ], [ -97.867563, 22.332364 ], [ -97.867084, 22.332526 ], [ -97.866679, 22.332684 ], [ -97.866339, 22.331843 ], [ -97.865983, 22.331004 ], [ -97.865549, 22.331157 ], [ -97.865448, 22.331195 ], [ -97.865103, 22.330347 ], [ -97.864789, 22.329571 ], [ -97.865332, 22.329379 ], [ -97.864861, 22.328269 ], [ -97.864232, 22.326794 ], [ -97.864673, 22.326632 ], [ -97.865114, 22.326472 ], [ -97.865539, 22.32632 ], [ -97.865981, 22.326162 ], [ -97.86646, 22.325991 ], [ -97.866601, 22.325943 ] ] ] ] } },
{ "type": "Feature", "properties": { "CVEGEO": "2800301220608", "POB_TOT_20": 1465.0, "POB_MASC_2": 696.0, "POB_FEM_20": 769.0, "origen": "2800301220608", "viajes_od_totales_salientes": 91.02, "viajes-total_salientes": 1024.0, "viajes_od_totales_norm_salientes": 0.4192924267551133, "viajes-total_norm_salientes": 0.77517032551097653, "AE_por_fila_salientes": 0.019368263741262649, "SE_por_fila_salientes": 0.0012436952096659261, "APE_por_fila_salientes": 124.36322777660587, "destino": "2800301220608", "viajes_od_totales_entrantes": 26.84, "viajes-total_entrantes": 1011.0, "viajes_od_totales_norm_entrantes": 0.12364105398931269, "viajes-total_norm_entrantes": 0.7653292959878879, "AE_por_fila_entrantes": 0.013368505041636987, "SE_por_fila_entrantes": 0.00040046841156482043, "APE_por_fila_entrantes": 87.739019557445559 }, "geometry": { "type": "MultiPolygon", "coordinates": [ [ [ [ -97.869065, 22.342556 ], [ -97.868527, 22.342755 ], [ -97.868074, 22.342896 ], [ -97.867176, 22.343199 ], [ -97.866823, 22.343301 ], [ -97.866673, 22.343248 ], [ -97.866118, 22.343115 ], [ -97.865513, 22.342971 ], [ -97.865255, 22.34291 ], [ -97.865007, 22.342842 ], [ -97.864566, 22.342759 ], [ -97.864198, 22.34262 ], [ -97.864248, 22.342326 ], [ -97.864395, 22.341313 ], [ -97.8643, 22.341227 ], [ -97.864312, 22.341093 ], [ -97.864314, 22.341071 ], [ -97.864329, 22.340915 ], [ -97.864332, 22.340885 ], [ -97.864335, 22.340854 ], [ -97.864348, 22.340722 ], [ -97.864346, 22.340695 ], [ -97.864347, 22.340669 ], [ -97.864298, 22.340386 ], [ -97.864436, 22.340327 ], [ -97.8649, 22.340171 ], [ -97.865345, 22.340007 ], [ -97.865794, 22.339829 ], [ -97.866218, 22.339665 ], [ -97.866669, 22.339519 ], [ -97.867112, 22.339362 ], [ -97.867641, 22.339159 ], [ -97.868001, 22.340041 ], [ -97.868352, 22.340856 ], [ -97.868701, 22.341703 ], [ -97.869065, 22.342556 ] ] ] ] } },
{ "type": "Feature", "properties": { "CVEGEO": "280030122213A", "POB_TOT_20": 1319.0, "POB_MASC_2": 634.0, "POB_FEM_20": 685.0, "origen": "280030122213A", "viajes_od_totales_salientes": 8.62, "viajes-total_salientes": 590.0, "viajes_od_totales_norm_salientes": 0.039708863091947669, "viajes-total_norm_salientes": 0.44663133989401971, "AE_por_fila_salientes": 0.018496476218276003, "SE_por_fila_salientes": 0.00098032533729716848, "APE_por_fila_salientes": 92.907431169622299, "destino": null, "viajes_od_totales_entrantes": null, "viajes-total_entrantes": null, "viajes_od_totales_norm_entrantes": null, "viajes-total_norm_entrantes": null, "AE_por_fila_entrantes": null, "SE_por_fila_entrantes": null, "APE_por_fila_entrantes": null }, "geometry": { "type": "MultiPolygon", "coordinates": [ [ [ [ -97.883949, 22.387796 ], [ -97.883345, 22.387713 ], [ -97.882964, 22.387661 ], [ -97.882583, 22.387608 ], [ -97.8822, 22.387556 ], [ -97.881791, 22.387499 ], [ -97.881459, 22.387454 ], [ -97.879673, 22.387234 ], [ -97.878812, 22.387116 ], [ -97.876124, 22.386764 ], [ -97.875777, 22.386718 ], [ -97.875804, 22.386537 ], [ -97.875892, 22.385953 ], [ -97.875913, 22.38581 ], [ -97.875929, 22.385812 ], [ -97.876237, 22.38585 ], [ -97.876249, 22.385851 ], [ -97.876271, 22.385854 ], [ -97.876538, 22.38589 ], [ -97.876598, 22.385897 ], [ -97.876625, 22.385901 ], [ -97.876973, 22.385946 ], [ -97.877006, 22.38595 ], [ -97.87706, 22.385957 ], [ -97.877334, 22.38599 ], [ -97.877364, 22.385994 ], [ -97.8774, 22.385998 ], [ -97.877746, 22.386041 ], [ -97.877767, 22.386043 ], [ -97.877787, 22.386046 ], [ -97.880038, 22.38634 ], [ -97.880082, 22.386346 ], [ -97.880125, 22.386351 ], [ -97.880889, 22.386449 ], [ -97.880922, 22.386453 ], [ -97.880958, 22.386458 ], [ -97.881799, 22.386574 ], [ -97.883993, 22.38686 ], [ -97.884095, 22.386955 ], [ -97.88411, 22.387082 ], [ -97.884148, 22.387299 ], [ -97.884027, 22.387276 ], [ -97.883983, 22.387597 ], [ -97.883949, 22.387796 ] ] ] ] } },
{ "type": "Feature", "properties": { "CVEGEO": "2800301221822", "POB_TOT_20": 1080.0, "POB_MASC_2": 525.0, "POB_FEM_20": 555.0, "origen": "2800301221822", "viajes_od_totales_salientes": 6.24, "viajes-total_salientes": 850.0, "viajes_od_totales_norm_salientes": 0.02874516307352128, "viajes-total_norm_salientes": 0.64345193035579107, "AE_por_fila_salientes": 0.012912439353285839, "SE_por_fila_salientes": 0.00049620041161425584, "APE_por_fila_salientes": 98.839995537776232, "destino": "2800301221822", "viajes_od_totales_entrantes": 2.5, "viajes-total_entrantes": 922.0, "viajes_od_totales_norm_entrantes": 0.011516491615994103, "viajes-total_norm_entrantes": 0.69795609386828161, "AE_por_fila_entrantes": 0.012480720040950683, "SE_por_fila_entrantes": 0.00051592436740851341, "APE_por_fila_entrantes": 96.64651057666552 }, "geometry": { "type": "MultiPolygon", "coordinates": [ [ [ [ -97.883949, 22.387796 ], [ -97.883983, 22.387597 ], [ -97.884027, 22.387276 ], [ -97.884148, 22.387299 ], [ -97.88411, 22.387082 ], [ -97.884095, 22.386955 ], [ -97.884515, 22.384458 ], [ -97.884562, 22.384231 ], [ -97.884578, 22.384181 ], [ -97.890862, 22.385108 ], [ -97.890879, 22.385118 ], [ -97.89539, 22.385695 ], [ -97.895441, 22.385701 ], [ -97.895359, 22.386393 ], [ -97.896605, 22.386578 ], [ -97.896487, 22.386887 ], [ -97.896283, 22.387467 ], [ -97.89607, 22.388062 ], [ -97.894886, 22.391452 ], [ -97.893371, 22.391243 ], [ -97.891625, 22.390976 ], [ -97.888459, 22.390573 ], [ -97.887967, 22.390494 ], [ -97.887254, 22.390419 ], [ -97.886838, 22.390369 ], [ -97.886329, 22.3903 ], [ -97.886132, 22.390272 ], [ -97.88504, 22.390088 ], [ -97.884711, 22.390034 ], [ -97.884636, 22.389923 ], [ -97.884059, 22.389074 ], [ -97.883982, 22.388952 ], [ -97.883916, 22.388848 ], [ -97.883865, 22.388723 ], [ -97.883862, 22.388554 ], [ -97.883862, 22.388553 ], [ -97.883866, 22.388315 ], [ -97.883949, 22.387796 ] ] ] ] } },
{ "type": "Feature", "properties": { "CVEGEO": "2800301222125", "POB_TOT_20": 3300.0, "POB_MASC_2": 1671.0, "POB_FEM_20": 1629.0, "origen": "2800301222125", "viajes_od_totales_salientes": 40.74, "viajes-total_salientes": 964.0, "viajes_od_totales_norm_salientes": 0.18767274737423989, "viajes-total_norm_salientes": 0.72975018925056778, "AE_por_fila_salientes": 0.012706733304876785, "SE_por_fila_salientes": 0.00046891917858689423, "APE_por_fila_salientes": 97.950983677126047, "destino": "2800301222125", "viajes_od_totales_entrantes": 11.68, "viajes-total_entrantes": 1075.0, "viajes_od_totales_norm_entrantes": 0.053805048829924443, "viajes-total_norm_entrantes": 0.81377744133232399, "AE_por_fila_entrantes": 0.012458563811514747, "SE_por_fila_entrantes": 0.00051722650849954279, "APE_por_fila_entrantes": 96.229660943203669 }, "geometry": { "type": "MultiPolygon", "coordinates": [ [ [ [ -97.884095, 22.386955 ], [ -97.883993, 22.38686 ], [ -97.881799, 22.386574 ], [ -97.880958, 22.386458 ], [ -97.880922, 22.386453 ], [ -97.880889, 22.386449 ], [ -97.880125, 22.386351 ], [ -97.880082, 22.386346 ], [ -97.880038, 22.38634 ], [ -97.877787, 22.386046 ], [ -97.877767, 22.386043 ], [ -97.877746, 22.386041 ], [ -97.8774, 22.385998 ], [ -97.877364, 22.385994 ], [ -97.877334, 22.38599 ], [ -97.87706, 22.385957 ], [ -97.877006, 22.38595 ], [ -97.876973, 22.385946 ], [ -97.876625, 22.385901 ], [ -97.876598, 22.385897 ], [ -97.876538, 22.38589 ], [ -97.876271, 22.385854 ], [ -97.876249, 22.385851 ], [ -97.876237, 22.38585 ], [ -97.875929, 22.385812 ], [ -97.875913, 22.38581 ], [ -97.875976, 22.385388 ], [ -97.876006, 22.385174 ], [ -97.878061, 22.385308 ], [ -97.878312, 22.383514 ], [ -97.878599, 22.383554 ], [ -97.881186, 22.383813 ], [ -97.883651, 22.384133 ], [ -97.884562, 22.384231 ], [ -97.884515, 22.384458 ], [ -97.884095, 22.386955 ] ] ] ] } },
{ "type": "Feature", "properties": { "CVEGEO": "2800301222036", "POB_TOT_20": 1408.0, "POB_MASC_2": 692.0, "POB_FEM_20": 716.0, "origen": "2800301222036", "viajes_od_totales_salientes": 4.28, "viajes-total_salientes": 529.0, "viajes_od_totales_norm_salientes": 0.019716233646581906, "viajes-total_norm_salientes": 0.40045420136260412, "AE_por_fila_salientes": 0.015229518708640888, "SE_por_fila_salientes": 0.00076400907648626628, "APE_por_fila_salientes": 94.062191333439003, "destino": "2800301222036", "viajes_od_totales_entrantes": 8.36, "viajes-total_entrantes": 614.0, "viajes_od_totales_norm_entrantes": 0.03851114796388428, "viajes-total_norm_entrantes": 0.46479939439818319, "AE_por_fila_entrantes": 0.013751233755945126, "SE_por_fila_entrantes": 0.00064179581568833807, "APE_por_fila_entrantes": 93.253696638921653 }, "geometry": { "type": "MultiPolygon", "coordinates": [ [ [ [ -97.882793, 22.372299 ], [ -97.882239, 22.372836 ], [ -97.882044, 22.373025 ], [ -97.881364, 22.373665 ], [ -97.881666, 22.373931 ], [ -97.881982, 22.374209 ], [ -97.8822, 22.3744 ], [ -97.88227, 22.374462 ], [ -97.882594, 22.374747 ], [ -97.88277, 22.374902 ], [ -97.881787, 22.374794 ], [ -97.881391, 22.374744 ], [ -97.880829, 22.374694 ], [ -97.880295, 22.374631 ], [ -97.879751, 22.374573 ], [ -97.879097, 22.374488 ], [ -97.877685, 22.374311 ], [ -97.876488, 22.374152 ], [ -97.874666, 22.373906 ], [ -97.87344, 22.373737 ], [ -97.872749, 22.373656 ], [ -97.872763, 22.373208 ], [ -97.872784, 22.372786 ], [ -97.872829, 22.372792 ], [ -97.873156, 22.372835 ], [ -97.873553, 22.372894 ], [ -97.87444, 22.373012 ], [ -97.87481, 22.373064 ], [ -97.876599, 22.373322 ], [ -97.876645, 22.372942 ], [ -97.8767, 22.372573 ], [ -97.876615, 22.372562 ], [ -97.876265, 22.372145 ], [ -97.876124, 22.371975 ], [ -97.875865, 22.371666 ], [ -97.875617, 22.371369 ], [ -97.875362, 22.371064 ], [ -97.876327, 22.370385 ], [ -97.876579, 22.37069 ], [ -97.876829, 22.370996 ], [ -97.876973, 22.371169 ], [ -97.877088, 22.371309 ], [ -97.877987, 22.372406 ], [ -97.877992, 22.372376 ], [ -97.878065, 22.372309 ], [ -97.878613, 22.372824 ], [ -97.878901, 22.373094 ], [ -97.879193, 22.373369 ], [ -97.879488, 22.373645 ], [ -97.879809, 22.373947 ], [ -97.879989, 22.373771 ], [ -97.880727, 22.373095 ], [ -97.881819, 22.37208 ], [ -97.882237, 22.371718 ], [ -97.882519, 22.372013 ], [ -97.882699, 22.372201 ], [ -97.882793, 22.372299 ] ] ] ] } },
{ "type": "Feature", "properties": { "CVEGEO": "2800301221517", "POB_TOT_20": 3325.0, "POB_MASC_2": 1639.0, "POB_FEM_20": 1686.0, "origen": "2800301221517", "viajes_od_totales_salientes": 37.84, "viajes-total_salientes": 1138.0, "viajes_od_totales_norm_salientes": 0.17431361709968674, "viajes-total_norm_salientes": 0.86146858440575325, "AE_por_fila_salientes": 0.014428177902936892, "SE_por_fila_salientes": 0.00051893603446265799, "APE_por_fila_salientes": 93.504160576591616, "destino": "2800301221517", "viajes_od_totales_entrantes": 27.58, "viajes-total_entrantes": 1377.0, "viajes_od_totales_norm_entrantes": 0.12704993550764695, "viajes-total_norm_entrantes": 1.0423921271763816, "AE_por_fila_entrantes": 0.014302221744823977, "SE_por_fila_entrantes": 0.00055903950620893198, "APE_por_fila_entrantes": 93.592648177231823 }, "geometry": { "type": "MultiPolygon", "coordinates": [ [ [ [ -97.882793, 22.372299 ], [ -97.882699, 22.372201 ], [ -97.882519, 22.372013 ], [ -97.884241, 22.370468 ], [ -97.884548, 22.370793 ], [ -97.884627, 22.370694 ], [ -97.884776, 22.369618 ], [ -97.884991, 22.368174 ], [ -97.884622, 22.368124 ], [ -97.884624, 22.368093 ], [ -97.884618, 22.367882 ], [ -97.884551, 22.367699 ], [ -97.88442, 22.367362 ], [ -97.884263, 22.367031 ], [ -97.884108, 22.366702 ], [ -97.883953, 22.366372 ], [ -97.883811, 22.36604 ], [ -97.883658, 22.36571 ], [ -97.883504, 22.365372 ], [ -97.883334, 22.365051 ], [ -97.883274, 22.364931 ], [ -97.883244, 22.364843 ], [ -97.883252, 22.364754 ], [ -97.882778, 22.363717 ], [ -97.882599, 22.363343 ], [ -97.882567, 22.363285 ], [ -97.882511, 22.363182 ], [ -97.882889, 22.363224 ], [ -97.883009, 22.363241 ], [ -97.883317, 22.363279 ], [ -97.883507, 22.363301 ], [ -97.883683, 22.363322 ], [ -97.883732, 22.362972 ], [ -97.884145, 22.363025 ], [ -97.884561, 22.363075 ], [ -97.884519, 22.363444 ], [ -97.884798, 22.364046 ], [ -97.885157, 22.36383 ], [ -97.885536, 22.363605 ], [ -97.885558, 22.363591 ], [ -97.88573, 22.36363 ], [ -97.886184, 22.36374 ], [ -97.886483, 22.363846 ], [ -97.886484, 22.363908 ], [ -97.887469, 22.364035 ], [ -97.887426, 22.364359 ], [ -97.88741, 22.364573 ], [ -97.887381, 22.364704 ], [ -97.887336, 22.365015 ], [ -97.887276, 22.365343 ], [ -97.887221, 22.365689 ], [ -97.8872, 22.365909 ], [ -97.88718, 22.366018 ], [ -97.88713, 22.366339 ], [ -97.887091, 22.366658 ], [ -97.887073, 22.366866 ], [ -97.887046, 22.366998 ], [ -97.886987, 22.367311 ], [ -97.886975, 22.367406 ], [ -97.886936, 22.367727 ], [ -97.886919, 22.367833 ], [ -97.886872, 22.368204 ], [ -97.886836, 22.368394 ], [ -97.886785, 22.368715 ], [ -97.886737, 22.368966 ], [ -97.886727, 22.369036 ], [ -97.886678, 22.369407 ], [ -97.886204, 22.372923 ], [ -97.885305, 22.372808 ], [ -97.885328, 22.372641 ], [ -97.885026, 22.372622 ], [ -97.884885, 22.372607 ], [ -97.884594, 22.372817 ], [ -97.884333, 22.372577 ], [ -97.884059, 22.372322 ], [ -97.883736, 22.372021 ], [ -97.883418, 22.37175 ], [ -97.882793, 22.372299 ] ] ] ] } },
{ "type": "Feature", "properties": { "CVEGEO": "2800301221108", "POB_TOT_20": 272.0, "POB_MASC_2": 136.0, "POB_FEM_20": 136.0, "origen": "2800301221108", "viajes_od_totales_salientes": 1.4, "viajes-total_salientes": 1262.0, "viajes_od_totales_norm_salientes": 0.0064492353049566973, "viajes-total_norm_salientes": 0.95533686601059797, "AE_por_fila_salientes": 0.012165226034687709, "SE_por_fila_salientes": 0.00050388587282052964, "APE_por_fila_salientes": 97.978512841726541, "destino": "2800301221108", "viajes_od_totales_entrantes": 0.02, "viajes-total_entrantes": 1421.0, "viajes_od_totales_norm_entrantes": 9.2131932927952829e-05, "viajes-total_norm_entrantes": 1.0757002271006812, "AE_por_fila_entrantes": 0.011819869177667619, "SE_por_fila_entrantes": 0.00055041874200862111, "APE_por_fila_entrantes": 98.874350267385097 }, "geometry": { "type": "MultiPolygon", "coordinates": [ [ [ [ -97.886204, 22.372923 ], [ -97.886678, 22.369407 ], [ -97.886727, 22.369036 ], [ -97.886737, 22.368966 ], [ -97.886785, 22.368715 ], [ -97.886836, 22.368394 ], [ -97.886872, 22.368204 ], [ -97.886919, 22.367833 ], [ -97.886936, 22.367727 ], [ -97.88762, 22.367969 ], [ -97.888217, 22.368203 ], [ -97.888708, 22.368305 ], [ -97.889184, 22.368385 ], [ -97.889654, 22.368442 ], [ -97.890127, 22.368503 ], [ -97.890245, 22.367646 ], [ -97.89039, 22.36665 ], [ -97.890452, 22.366221 ], [ -97.890632, 22.365163 ], [ -97.890801, 22.364174 ], [ -97.890804, 22.364151 ], [ -97.891146, 22.361844 ], [ -97.891189, 22.361673 ], [ -97.891284, 22.361586 ], [ -97.891323, 22.361609 ], [ -97.8916, 22.361752 ], [ -97.893256, 22.362022 ], [ -97.893313, 22.362032 ], [ -97.893991, 22.362673 ], [ -97.894522, 22.3632 ], [ -97.891643, 22.37583 ], [ -97.891575, 22.375819 ], [ -97.885995, 22.374906 ], [ -97.885929, 22.374895 ], [ -97.886204, 22.372923 ] ] ] ] } },
{ "type": "Feature", "properties": { "CVEGEO": "2800301222110", "POB_TOT_20": 4147.0, "POB_MASC_2": 2059.0, "POB_FEM_20": 2088.0, "origen": "2800301222110", "viajes_od_totales_salientes": 56.36, "viajes-total_salientes": 2108.0, "viajes_od_totales_norm_salientes": 0.25962778699097105, "viajes-total_norm_salientes": 1.5957607872823618, "AE_por_fila_salientes": 0.017502644295224138, "SE_por_fila_salientes": 0.0012168254424075571, "APE_por_fila_salientes": 89.12426458858566, "destino": "2800301222110", "viajes_od_totales_entrantes": 47.9, "viajes-total_entrantes": 2060.0, "viajes_od_totales_norm_entrantes": 0.22065597936244702, "viajes-total_norm_entrantes": 1.5594246782740349, "AE_por_fila_entrantes": 0.015807452699214557, "SE_por_fila_entrantes": 0.0008301522244542343, "APE_por_fila_entrantes": 93.562058698091107 }, "geometry": { "type": "MultiPolygon", "coordinates": [ [ [ [ -97.87278, 22.364689 ], [ -97.873316, 22.364547 ], [ -97.873436, 22.364515 ], [ -97.873478, 22.364504 ], [ -97.87348, 22.364503 ], [ -97.873704, 22.364454 ], [ -97.873711, 22.364452 ], [ -97.87421, 22.364309 ], [ -97.874549, 22.364201 ], [ -97.874661, 22.364165 ], [ -97.874854, 22.364093 ], [ -97.875109, 22.364361 ], [ -97.875355, 22.364626 ], [ -97.875609, 22.364886 ], [ -97.875871, 22.365158 ], [ -97.876115, 22.365418 ], [ -97.87637, 22.365684 ], [ -97.876609, 22.365952 ], [ -97.876861, 22.36622 ], [ -97.87711, 22.36648 ], [ -97.877368, 22.366743 ], [ -97.877392, 22.366768 ], [ -97.877612, 22.367011 ], [ -97.877869, 22.367279 ], [ -97.878137, 22.367549 ], [ -97.878317, 22.367698 ], [ -97.878191, 22.367832 ], [ -97.87814, 22.367892 ], [ -97.8781, 22.367986 ], [ -97.878102, 22.368075 ], [ -97.878105, 22.368116 ], [ -97.87598, 22.369634 ], [ -97.875812, 22.369754 ], [ -97.875595, 22.369766 ], [ -97.875515, 22.369682 ], [ -97.875348, 22.369499 ], [ -97.875108, 22.369222 ], [ -97.874874, 22.368953 ], [ -97.874638, 22.368675 ], [ -97.8744, 22.368402 ], [ -97.874166, 22.368126 ], [ -97.873931, 22.367842 ], [ -97.873689, 22.367574 ], [ -97.873461, 22.3673 ], [ -97.873225, 22.367017 ], [ -97.872987, 22.366739 ], [ -97.872746, 22.366476 ], [ -97.872508, 22.366201 ], [ -97.872272, 22.365928 ], [ -97.872028, 22.365648 ], [ -97.871802, 22.36538 ], [ -97.872092, 22.365171 ], [ -97.87278, 22.364689 ] ] ] ] } },
{ "type": "Feature", "properties": { "CVEGEO": "2800301222178", "POB_TOT_20": 3450.0, "POB_MASC_2": 1697.0, "POB_FEM_20": 1753.0, "origen": "2800301222178", "viajes_od_totales_salientes": 34.34, "viajes-total_salientes": 931.0, "viajes_od_totales_norm_salientes": 0.15819052883729501, "viajes-total_norm_salientes": 0.7047691143073429, "AE_por_fila_salientes": 0.012790679677471745, "SE_por_fila_salientes": 0.00042320467262496261, "APE_por_fila_salientes": 92.007106985617341, "destino": "2800301222178", "viajes_od_totales_entrantes": 47.62, "viajes-total_entrantes": 929.0, "viajes_od_totales_norm_entrantes": 0.21936613230145569, "viajes-total_norm_entrantes": 0.70325510976532923, "AE_por_fila_entrantes": 0.010827525355388801, "SE_por_fila_entrantes": 0.00031374247503032469, "APE_por_fila_entrantes": 89.446562513744709 }, "geometry": { "type": "MultiPolygon", "coordinates": [ [ [ [ -97.873225, 22.367017 ], [ -97.873461, 22.3673 ], [ -97.873689, 22.367574 ], [ -97.873931, 22.367842 ], [ -97.874166, 22.368126 ], [ -97.8744, 22.368402 ], [ -97.874638, 22.368675 ], [ -97.874874, 22.368953 ], [ -97.875108, 22.369222 ], [ -97.875348, 22.369499 ], [ -97.875515, 22.369682 ], [ -97.874465, 22.370437 ], [ -97.873335, 22.371236 ], [ -97.873133, 22.37107 ], [ -97.873021, 22.370972 ], [ -97.872939, 22.3709 ], [ -97.872868, 22.370837 ], [ -97.872858, 22.370829 ], [ -97.872837, 22.37081 ], [ -97.872652, 22.370649 ], [ -97.87258, 22.370587 ], [ -97.872569, 22.370578 ], [ -97.872367, 22.370396 ], [ -97.872297, 22.370334 ], [ -97.872296, 22.370333 ], [ -97.872071, 22.370151 ], [ -97.872012, 22.370103 ], [ -97.871996, 22.370091 ], [ -97.871976, 22.370076 ], [ -97.871806, 22.369885 ], [ -97.871764, 22.369838 ], [ -97.871752, 22.369825 ], [ -97.871642, 22.369701 ], [ -97.87182, 22.369572 ], [ -97.871705, 22.369432 ], [ -97.87147, 22.369148 ], [ -97.871414, 22.36909 ], [ -97.871261, 22.368909 ], [ -97.871235, 22.368878 ], [ -97.871227, 22.368868 ], [ -97.871167, 22.368792 ], [ -97.871118, 22.36873 ], [ -97.871132, 22.368686 ], [ -97.871169, 22.368568 ], [ -97.871203, 22.36846 ], [ -97.871791, 22.368044 ], [ -97.873225, 22.367017 ] ] ] ] } },
{ "type": "Feature", "properties": { "CVEGEO": "2800301222318", "POB_TOT_20": 1108.0, "POB_MASC_2": 550.0, "POB_FEM_20": 558.0, "origen": "2800301222318", "viajes_od_totales_salientes": 3.68, "viajes-total_salientes": 444.0, "viajes_od_totales_norm_salientes": 0.01695227565874332, "viajes-total_norm_salientes": 0.33610900832702495, "AE_por_fila_salientes": 0.014567307014985353, "SE_por_fila_salientes": 0.00054744420344232149, "APE_por_fila_salientes": 93.15295507899954, "destino": "2800301222318", "viajes_od_totales_entrantes": 0.78, "viajes-total_entrantes": 437.0, "viajes_od_totales_norm_entrantes": 0.0035931453841901604, "viajes-total_norm_entrantes": 0.33080999242997727, "AE_por_fila_entrantes": 0.013088673881831485, "SE_por_fila_entrantes": 0.00039342444973778403, "APE_por_fila_entrantes": 98.905430985291545 }, "geometry": { "type": "MultiPolygon", "coordinates": [ [ [ [ -97.87278, 22.364689 ], [ -97.872092, 22.365171 ], [ -97.871802, 22.36538 ], [ -97.872028, 22.365648 ], [ -97.872272, 22.365928 ], [ -97.872508, 22.366201 ], [ -97.872746, 22.366476 ], [ -97.872987, 22.366739 ], [ -97.873225, 22.367017 ], [ -97.871791, 22.368044 ], [ -97.871203, 22.36846 ], [ -97.871229, 22.368362 ], [ -97.871343, 22.367942 ], [ -97.871356, 22.367894 ], [ -97.871356, 22.367819 ], [ -97.871358, 22.367687 ], [ -97.871346, 22.367486 ], [ -97.871345, 22.367463 ], [ -97.871338, 22.367378 ], [ -97.871311, 22.367057 ], [ -97.87131, 22.367051 ], [ -97.871294, 22.366955 ], [ -97.871244, 22.366662 ], [ -97.871203, 22.366689 ], [ -97.871202, 22.36668 ], [ -97.871189, 22.366575 ], [ -97.871151, 22.366271 ], [ -97.87115, 22.366262 ], [ -97.871132, 22.366161 ], [ -97.871085, 22.36588 ], [ -97.871077, 22.365851 ], [ -97.871052, 22.365752 ], [ -97.870989, 22.365502 ], [ -97.870982, 22.365461 ], [ -97.870966, 22.365359 ], [ -97.870962, 22.365331 ], [ -97.871405, 22.365015 ], [ -97.871438, 22.364992 ], [ -97.871536, 22.364989 ], [ -97.871702, 22.364953 ], [ -97.871864, 22.364917 ], [ -97.872436, 22.364775 ], [ -97.87269, 22.364712 ], [ -97.87278, 22.364689 ] ] ] ] } },
{ "type": "Feature", "properties": { "CVEGEO": "2800301222106", "POB_TOT_20": 3351.0, "POB_MASC_2": 1681.0, "POB_FEM_20": 1670.0, "origen": "2800301222106", "viajes_od_totales_salientes": 23.2, "viajes-total_salientes": 2506.0, "viajes_od_totales_norm_salientes": 0.10687304219642528, "viajes-total_norm_salientes": 1.8970476911430734, "AE_por_fila_salientes": 0.016687645944981663, "SE_por_fila_salientes": 0.00076541193028408633, "APE_por_fila_salientes": 94.404697145091617, "destino": "2800301222106", "viajes_od_totales_entrantes": 21.5, "viajes-total_entrantes": 2654.0, "viajes_od_totales_norm_entrantes": 0.099041827897549284, "viajes-total_norm_entrantes": 2.0090840272520816, "AE_por_fila_entrantes": 0.016465881028918383, "SE_por_fila_entrantes": 0.00071992120879365348, "APE_por_fila_entrantes": 95.62514374562835 }, "geometry": { "type": "MultiPolygon", "coordinates": [ [ [ [ -97.878317, 22.367698 ], [ -97.878137, 22.367549 ], [ -97.877869, 22.367279 ], [ -97.877612, 22.367011 ], [ -97.877392, 22.366768 ], [ -97.877368, 22.366743 ], [ -97.87711, 22.36648 ], [ -97.876861, 22.36622 ], [ -97.876609, 22.365952 ], [ -97.87637, 22.365684 ], [ -97.876115, 22.365418 ], [ -97.875871, 22.365158 ], [ -97.875609, 22.364886 ], [ -97.876329, 22.364442 ], [ -97.876758, 22.364296 ], [ -97.877186, 22.364163 ], [ -97.877629, 22.364019 ], [ -97.878494, 22.363741 ], [ -97.879034, 22.364538 ], [ -97.879689, 22.365524 ], [ -97.880308, 22.366454 ], [ -97.880115, 22.366571 ], [ -97.880542, 22.367165 ], [ -97.880746, 22.367465 ], [ -97.880945, 22.367767 ], [ -97.881152, 22.36807 ], [ -97.882582, 22.367191 ], [ -97.882784, 22.367503 ], [ -97.882982, 22.367797 ], [ -97.883185, 22.368108 ], [ -97.883388, 22.3684 ], [ -97.883591, 22.368699 ], [ -97.883794, 22.369 ], [ -97.884603, 22.368517 ], [ -97.884587, 22.368832 ], [ -97.88451, 22.369038 ], [ -97.884322, 22.369541 ], [ -97.884229, 22.369742 ], [ -97.88394, 22.370143 ], [ -97.882237, 22.371718 ], [ -97.881412, 22.370856 ], [ -97.881155, 22.370588 ], [ -97.880907, 22.370328 ], [ -97.880651, 22.370061 ], [ -97.880579, 22.369986 ], [ -97.880387, 22.369785 ], [ -97.880139, 22.369525 ], [ -97.879882, 22.369257 ], [ -97.879867, 22.369241 ], [ -97.879624, 22.368988 ], [ -97.879372, 22.368724 ], [ -97.879116, 22.368457 ], [ -97.87886, 22.36819 ], [ -97.878386, 22.367693 ], [ -97.878317, 22.367698 ] ] ] ] } },
{ "type": "Feature", "properties": { "CVEGEO": "2800301222093", "POB_TOT_20": 5068.0, "POB_MASC_2": 2515.0, "POB_FEM_20": 2553.0, "origen": "2800301222093", "viajes_od_totales_salientes": 74.56, "viajes-total_salientes": 2466.0, "viajes_od_totales_norm_salientes": 0.34346784595540814, "viajes-total_norm_salientes": 1.8667676003028009, "AE_por_fila_salientes": 0.01734583854822451, "SE_por_fila_salientes": 0.0010883267259767658, "APE_por_fila_salientes": 87.082898126133486, "destino": "2800301222093", "viajes_od_totales_entrantes": 65.02, "viajes-total_entrantes": 2382.0, "viajes_od_totales_norm_entrantes": 0.29952091394877461, "viajes-total_norm_entrantes": 1.8031794095382285, "AE_por_fila_entrantes": 0.01883520182802537, "SE_por_fila_entrantes": 0.0010972547839988684, "APE_por_fila_entrantes": 94.646157740958728 }, "geometry": { "type": "MultiPolygon", "coordinates": [ [ [ [ -97.882237, 22.371718 ], [ -97.881819, 22.37208 ], [ -97.880727, 22.373095 ], [ -97.879989, 22.373771 ], [ -97.879809, 22.373947 ], [ -97.879488, 22.373645 ], [ -97.879193, 22.373369 ], [ -97.878901, 22.373094 ], [ -97.878613, 22.372824 ], [ -97.878065, 22.372309 ], [ -97.877992, 22.372376 ], [ -97.877987, 22.372406 ], [ -97.877088, 22.371309 ], [ -97.876973, 22.371169 ], [ -97.876829, 22.370996 ], [ -97.876579, 22.37069 ], [ -97.876327, 22.370385 ], [ -97.875812, 22.369754 ], [ -97.87598, 22.369634 ], [ -97.878105, 22.368116 ], [ -97.878102, 22.368075 ], [ -97.8781, 22.367986 ], [ -97.87814, 22.367892 ], [ -97.878191, 22.367832 ], [ -97.878317, 22.367698 ], [ -97.878386, 22.367693 ], [ -97.87886, 22.36819 ], [ -97.879116, 22.368457 ], [ -97.879372, 22.368724 ], [ -97.879624, 22.368988 ], [ -97.879867, 22.369241 ], [ -97.879882, 22.369257 ], [ -97.880139, 22.369525 ], [ -97.880387, 22.369785 ], [ -97.880579, 22.369986 ], [ -97.880651, 22.370061 ], [ -97.880907, 22.370328 ], [ -97.881155, 22.370588 ], [ -97.881412, 22.370856 ], [ -97.882237, 22.371718 ] ] ] ] } },
{ "type": "Feature", "properties": { "CVEGEO": "2800301222055", "POB_TOT_20": 3267.0, "POB_MASC_2": 1612.0, "POB_FEM_20": 1655.0, "origen": "2800301222055", "viajes_od_totales_salientes": 99.72, "viajes-total_salientes": 1516.0, "viajes_od_totales_norm_salientes": 0.45936981757877277, "viajes-total_norm_salientes": 1.1476154428463285, "AE_por_fila_salientes": 0.015560359968444251, "SE_por_fila_salientes": 0.00078074668487549065, "APE_por_fila_salientes": 108.19312986213187, "destino": "2800301222055", "viajes_od_totales_entrantes": 32.92, "viajes-total_entrantes": 1592.0, "viajes_od_totales_norm_entrantes": 0.15164916159941036, "viajes-total_norm_entrantes": 1.2051476154428464, "AE_por_fila_entrantes": 0.013947869059140861, "SE_por_fila_entrantes": 0.00058039812022907158, "APE_por_fila_entrantes": 87.075521924305107 }, "geometry": { "type": "MultiPolygon", "coordinates": [ [ [ [ -97.882519, 22.372013 ], [ -97.882237, 22.371718 ], [ -97.88394, 22.370143 ], [ -97.884229, 22.369742 ], [ -97.884322, 22.369541 ], [ -97.88451, 22.369038 ], [ -97.884587, 22.368832 ], [ -97.884603, 22.368517 ], [ -97.883794, 22.369 ], [ -97.883591, 22.368699 ], [ -97.883388, 22.3684 ], [ -97.883185, 22.368108 ], [ -97.882982, 22.367797 ], [ -97.882784, 22.367503 ], [ -97.882582, 22.367191 ], [ -97.881152, 22.36807 ], [ -97.880945, 22.367767 ], [ -97.880746, 22.367465 ], [ -97.880542, 22.367165 ], [ -97.880115, 22.366571 ], [ -97.880308, 22.366454 ], [ -97.879689, 22.365524 ], [ -97.879034, 22.364538 ], [ -97.878494, 22.363741 ], [ -97.878858, 22.363529 ], [ -97.87876, 22.363382 ], [ -97.879093, 22.363106 ], [ -97.879218, 22.363041 ], [ -97.879491, 22.363069 ], [ -97.879582, 22.363079 ], [ -97.879967, 22.363123 ], [ -97.880471, 22.363181 ], [ -97.880696, 22.363205 ], [ -97.880955, 22.363235 ], [ -97.881483, 22.363295 ], [ -97.881824, 22.363334 ], [ -97.881981, 22.36335 ], [ -97.882091, 22.363354 ], [ -97.88219, 22.36335 ], [ -97.882303, 22.363338 ], [ -97.882411, 22.36332 ], [ -97.882567, 22.363285 ], [ -97.882599, 22.363343 ], [ -97.882778, 22.363717 ], [ -97.883252, 22.364754 ], [ -97.883244, 22.364843 ], [ -97.883274, 22.364931 ], [ -97.883334, 22.365051 ], [ -97.883504, 22.365372 ], [ -97.883658, 22.36571 ], [ -97.883811, 22.36604 ], [ -97.883953, 22.366372 ], [ -97.884108, 22.366702 ], [ -97.884263, 22.367031 ], [ -97.88442, 22.367362 ], [ -97.884551, 22.367699 ], [ -97.884618, 22.367882 ], [ -97.884624, 22.368093 ], [ -97.884622, 22.368124 ], [ -97.884991, 22.368174 ], [ -97.884776, 22.369618 ], [ -97.884627, 22.370694 ], [ -97.884548, 22.370793 ], [ -97.884241, 22.370468 ], [ -97.882519, 22.372013 ] ] ] ] } },
{ "type": "Feature", "properties": { "CVEGEO": "280030122028A", "POB_TOT_20": 2166.0, "POB_MASC_2": 1097.0, "POB_FEM_20": 1069.0, "origen": "280030122028A", "viajes_od_totales_salientes": 85.22, "viajes-total_salientes": 1336.0, "viajes_od_totales_norm_salientes": 0.39257416620600699, "viajes-total_norm_salientes": 1.0113550340651023, "AE_por_fila_salientes": 0.016913886351286524, "SE_por_fila_salientes": 0.001174088307221068, "APE_por_fila_salientes": 111.41611841991681, "destino": null, "viajes_od_totales_entrantes": null, "viajes-total_entrantes": null, "viajes_od_totales_norm_entrantes": null, "viajes-total_norm_entrantes": null, "AE_por_fila_entrantes": null, "SE_por_fila_entrantes": null, "APE_por_fila_entrantes": null }, "geometry": { "type": "MultiPolygon", "coordinates": [ [ [ [ -97.890761, 22.35957 ], [ -97.891324, 22.360084 ], [ -97.892086, 22.360836 ], [ -97.892039, 22.360878 ], [ -97.891545, 22.361359 ], [ -97.891284, 22.361586 ], [ -97.891189, 22.361673 ], [ -97.891146, 22.361844 ], [ -97.890804, 22.364151 ], [ -97.890801, 22.364174 ], [ -97.890632, 22.365163 ], [ -97.890452, 22.366221 ], [ -97.89039, 22.36665 ], [ -97.890245, 22.367646 ], [ -97.890127, 22.368503 ], [ -97.889654, 22.368442 ], [ -97.889184, 22.368385 ], [ -97.888708, 22.368305 ], [ -97.888217, 22.368203 ], [ -97.88762, 22.367969 ], [ -97.886936, 22.367727 ], [ -97.886975, 22.367406 ], [ -97.886987, 22.367311 ], [ -97.887046, 22.366998 ], [ -97.887073, 22.366866 ], [ -97.887091, 22.366658 ], [ -97.88713, 22.366339 ], [ -97.88718, 22.366018 ], [ -97.8872, 22.365909 ], [ -97.887221, 22.365689 ], [ -97.887276, 22.365343 ], [ -97.887336, 22.365015 ], [ -97.887381, 22.364704 ], [ -97.88741, 22.364573 ], [ -97.887426, 22.364359 ], [ -97.887469, 22.364035 ], [ -97.887504, 22.363833 ], [ -97.887521, 22.363723 ], [ -97.887548, 22.363514 ], [ -97.887649, 22.362763 ], [ -97.887679, 22.362579 ], [ -97.887764, 22.362045 ], [ -97.887798, 22.361799 ], [ -97.887876, 22.361239 ], [ -97.887907, 22.361015 ], [ -97.88796, 22.3606 ], [ -97.888028, 22.360073 ], [ -97.888221, 22.36017 ], [ -97.889026, 22.359498 ], [ -97.88981, 22.35875 ], [ -97.889838, 22.358726 ], [ -97.890583, 22.359411 ], [ -97.890761, 22.35957 ] ] ] ] } },
{ "type": "Feature", "properties": { "CVEGEO": "2800301220576", "POB_TOT_20": 1426.0, "POB_MASC_2": 684.0, "POB_FEM_20": 742.0, "origen": "2800301220576", "viajes_od_totales_salientes": 30.12, "viajes-total_salientes": 1058.0, "viajes_od_totales_norm_salientes": 0.13875069098949694, "viajes-total_norm_salientes": 0.80090840272520814, "AE_por_fila_salientes": 0.019644261330104131, "SE_por_fila_salientes": 0.0013280202954652255, "APE_por_fila_salientes": 108.61510945153975, "destino": "2800301220576", "viajes_od_totales_entrantes": 66.7, "viajes-total_entrantes": 1062.0, "viajes_od_totales_norm_entrantes": 0.30725999631472267, "viajes-total_norm_entrantes": 0.80393641180923536, "AE_por_fila_entrantes": 0.019444031791956563, "SE_por_fila_entrantes": 0.0011713324710969355, "APE_por_fila_entrantes": 132.36746028911003 }, "geometry": { "type": "MultiPolygon", "coordinates": [ [ [ [ -97.887798, 22.361799 ], [ -97.887764, 22.362045 ], [ -97.887679, 22.362579 ], [ -97.887649, 22.362763 ], [ -97.887548, 22.363514 ], [ -97.887521, 22.363723 ], [ -97.887504, 22.363833 ], [ -97.887469, 22.364035 ], [ -97.886484, 22.363908 ], [ -97.886483, 22.363846 ], [ -97.886184, 22.36374 ], [ -97.88573, 22.36363 ], [ -97.885558, 22.363591 ], [ -97.885536, 22.363605 ], [ -97.885157, 22.36383 ], [ -97.884798, 22.364046 ], [ -97.884519, 22.363444 ], [ -97.884561, 22.363075 ], [ -97.884145, 22.363025 ], [ -97.883732, 22.362972 ], [ -97.883683, 22.363322 ], [ -97.883507, 22.363301 ], [ -97.883317, 22.363279 ], [ -97.883009, 22.363241 ], [ -97.882889, 22.363224 ], [ -97.882511, 22.363182 ], [ -97.882567, 22.363285 ], [ -97.882411, 22.36332 ], [ -97.882303, 22.363338 ], [ -97.88219, 22.36335 ], [ -97.882091, 22.363354 ], [ -97.881981, 22.36335 ], [ -97.881824, 22.363334 ], [ -97.881483, 22.363295 ], [ -97.880955, 22.363235 ], [ -97.880696, 22.363205 ], [ -97.880471, 22.363181 ], [ -97.879967, 22.363123 ], [ -97.879582, 22.363079 ], [ -97.879491, 22.363069 ], [ -97.879524, 22.362805 ], [ -97.879561, 22.36255 ], [ -97.878944, 22.362488 ], [ -97.878979, 22.362067 ], [ -97.879707, 22.361687 ], [ -97.879719, 22.361622 ], [ -97.879844, 22.360793 ], [ -97.880278, 22.360847 ], [ -97.880789, 22.360921 ], [ -97.880841, 22.360927 ], [ -97.881275, 22.36098 ], [ -97.881787, 22.361032 ], [ -97.882274, 22.361099 ], [ -97.882779, 22.361154 ], [ -97.883269, 22.361235 ], [ -97.883778, 22.361304 ], [ -97.884298, 22.361368 ], [ -97.884632, 22.361405 ], [ -97.884784, 22.361416 ], [ -97.885314, 22.361476 ], [ -97.885776, 22.361533 ], [ -97.886279, 22.3616 ], [ -97.886293, 22.361601 ], [ -97.886795, 22.361662 ], [ -97.887299, 22.361732 ], [ -97.887798, 22.361799 ] ] ] ] } },
{ "type": "Feature", "properties": { "CVEGEO": "2800301221358", "POB_TOT_20": 292.0, "POB_MASC_2": 150.0, "POB_FEM_20": 142.0, "origen": "2800301221358", "viajes_od_totales_salientes": 0.08, "viajes-total_salientes": 59.0, "viajes_od_totales_norm_salientes": 0.00036852773171181132, "viajes-total_norm_salientes": 0.044663133989401971, "AE_por_fila_salientes": 0.0073824343762816935, "SE_por_fila_salientes": 6.3091119849268323e-05, "APE_por_fila_salientes": 99.375865213344483, "destino": "2800301221358", "viajes_od_totales_entrantes": 0.0, "viajes-total_entrantes": 51.0, "viajes_od_totales_norm_entrantes": 0.0, "viajes-total_norm_entrantes": 0.038607115821347467, "AE_por_fila_entrantes": 0.0064345193035579111, "SE_por_fila_entrantes": 4.8804965996023402e-05, "APE_por_fila_entrantes": 100.0 }, "geometry": { "type": "MultiPolygon", "coordinates": [ [ [ [ -97.899846, 22.355573 ], [ -97.899913, 22.355109 ], [ -97.899877, 22.355054 ], [ -97.899938, 22.354632 ], [ -97.899945, 22.354591 ], [ -97.899952, 22.354539 ], [ -97.900008, 22.354151 ], [ -97.900016, 22.354105 ], [ -97.90165, 22.354374 ], [ -97.903151, 22.35461 ], [ -97.903208, 22.354618 ], [ -97.903249, 22.354624 ], [ -97.904652, 22.354858 ], [ -97.904703, 22.354864 ], [ -97.904755, 22.35487 ], [ -97.906192, 22.355088 ], [ -97.906244, 22.355092 ], [ -97.906287, 22.355096 ], [ -97.907835, 22.355326 ], [ -97.907745, 22.355811 ], [ -97.907667, 22.356213 ], [ -97.907655, 22.356279 ], [ -97.907568, 22.356798 ], [ -97.909115, 22.357062 ], [ -97.908979, 22.357724 ], [ -97.908917, 22.357987 ], [ -97.90739, 22.357735 ], [ -97.905808, 22.357496 ], [ -97.905593, 22.35746 ], [ -97.905547, 22.357452 ], [ -97.904267, 22.357267 ], [ -97.902718, 22.357006 ], [ -97.901219, 22.356748 ], [ -97.901306, 22.356261 ], [ -97.90004, 22.356111 ], [ -97.900113, 22.355601 ], [ -97.899846, 22.355573 ] ] ] ] } },
{ "type": "Feature", "properties": { "CVEGEO": "2800301221818", "POB_TOT_20": 2042.0, "POB_MASC_2": 1013.0, "POB_FEM_20": 1029.0, "origen": "2800301221818", "viajes_od_totales_salientes": 27.56, "viajes-total_salientes": 1927.0, "viajes_od_totales_norm_salientes": 0.126957803574719, "viajes-total_norm_salientes": 1.4587433762301287, "AE_por_fila_salientes": 0.018137870714503072, "SE_por_fila_salientes": 0.001264244860081111, "APE_por_fila_salientes": 104.30267226409508, "destino": "2800301221818", "viajes_od_totales_entrantes": 137.6, "viajes-total_entrantes": 2142.0, "viajes_od_totales_norm_entrantes": 0.63386769854431546, "viajes-total_norm_entrantes": 1.6214988644965935, "AE_por_fila_entrantes": 0.016594508928632335, "SE_por_fila_entrantes": 0.00089555912468705168, "APE_por_fila_entrantes": 89.750389732242937 }, "geometry": { "type": "MultiPolygon", "coordinates": [ [ [ [ -97.88504, 22.390088 ], [ -97.886132, 22.390272 ], [ -97.886329, 22.3903 ], [ -97.886838, 22.390369 ], [ -97.887254, 22.390419 ], [ -97.887967, 22.390494 ], [ -97.888459, 22.390573 ], [ -97.891625, 22.390976 ], [ -97.893371, 22.391243 ], [ -97.894886, 22.391452 ], [ -97.894228, 22.393332 ], [ -97.893472, 22.395488 ], [ -97.890766, 22.395631 ], [ -97.889996, 22.395673 ], [ -97.888183, 22.395695 ], [ -97.888075, 22.395701 ], [ -97.88741, 22.39574 ], [ -97.887103, 22.395758 ], [ -97.886645, 22.395785 ], [ -97.886426, 22.395798 ], [ -97.886247, 22.395809 ], [ -97.885583, 22.395839 ], [ -97.885332, 22.395863 ], [ -97.885053, 22.395879 ], [ -97.884855, 22.395891 ], [ -97.884533, 22.39591 ], [ -97.883991, 22.395942 ], [ -97.883877, 22.395949 ], [ -97.883914, 22.395651 ], [ -97.883971, 22.395237 ], [ -97.884037, 22.394861 ], [ -97.884064, 22.394667 ], [ -97.88413, 22.394261 ], [ -97.884172, 22.393948 ], [ -97.884187, 22.393842 ], [ -97.884236, 22.393433 ], [ -97.884236, 22.393432 ], [ -97.884284, 22.393059 ], [ -97.884381, 22.392372 ], [ -97.884408, 22.392201 ], [ -97.884422, 22.392168 ], [ -97.884841, 22.391243 ], [ -97.885007, 22.390514 ], [ -97.885007, 22.390513 ], [ -97.88504, 22.390088 ] ] ] ] } },
{ "type": "Feature", "properties": { "CVEGEO": "2800301221803", "POB_TOT_20": 3800.0, "POB_MASC_2": 1886.0, "POB_FEM_20": 1914.0, "origen": "2800301221803", "viajes_od_totales_salientes": 105.84, "viajes-total_salientes": 2769.0, "viajes_od_totales_norm_salientes": 0.48756218905472637, "viajes-total_norm_salientes": 2.0961392884178651, "AE_por_fila_salientes": 0.021019975278667519, "SE_por_fila_salientes": 0.0016537685350308938, "APE_por_fila_salientes": 96.55622447059838, "destino": "2800301221803", "viajes_od_totales_entrantes": 68.94, "viajes-total_entrantes": 2913.0, "viajes_od_totales_norm_entrantes": 0.3175787728026534, "viajes-total_norm_entrantes": 2.2051476154428462, "AE_por_fila_entrantes": 0.020972987140446587, "SE_por_fila_entrantes": 0.0018141444375487851, "APE_por_fila_entrantes": 82.839242483212075 }, "geometry": { "type": "MultiPolygon", "coordinates": [ [ [ [ -97.883877, 22.395949 ], [ -97.883991, 22.395942 ], [ -97.884533, 22.39591 ], [ -97.884855, 22.395891 ], [ -97.885053, 22.395879 ], [ -97.885332, 22.395863 ], [ -97.885583, 22.395839 ], [ -97.886247, 22.395809 ], [ -97.886426, 22.395798 ], [ -97.886645, 22.395785 ], [ -97.887103, 22.395758 ], [ -97.88741, 22.39574 ], [ -97.888075, 22.395701 ], [ -97.888183, 22.395695 ], [ -97.889996, 22.395673 ], [ -97.890766, 22.395631 ], [ -97.893472, 22.395488 ], [ -97.891803, 22.400254 ], [ -97.889384, 22.400304 ], [ -97.88773, 22.400342 ], [ -97.886244, 22.40038 ], [ -97.883207, 22.40047 ], [ -97.883207, 22.400469 ], [ -97.883207, 22.400468 ], [ -97.883309, 22.399735 ], [ -97.883383, 22.3992 ], [ -97.883442, 22.398772 ], [ -97.883538, 22.398109 ], [ -97.883562, 22.397957 ], [ -97.883632, 22.397544 ], [ -97.883714, 22.397054 ], [ -97.883785, 22.396631 ], [ -97.883796, 22.396549 ], [ -97.883877, 22.395949 ] ] ] ] } },
{ "type": "Feature", "properties": { "CVEGEO": "2800301222163", "POB_TOT_20": 637.0, "POB_MASC_2": 332.0, "POB_FEM_20": 305.0, "origen": "2800301222163", "viajes_od_totales_salientes": 0.12, "viajes-total_salientes": 200.0, "viajes_od_totales_norm_salientes": 0.00055279159756771706, "viajes-total_norm_salientes": 0.15140045420136261, "AE_por_fila_salientes": 0.0079393506633576253, "SE_por_fila_salientes": 9.7918474666608312e-05, "APE_por_fila_salientes": 99.447898814661485, "destino": "2800301222163", "viajes_od_totales_entrantes": 0.02, "viajes-total_entrantes": 200.0, "viajes_od_totales_norm_entrantes": 9.2131932927952829e-05, "viajes-total_norm_entrantes": 0.15140045420136261, "AE_por_fila_entrantes": 0.0075654161134217331, "SE_por_fila_entrantes": 8.8049752053045717e-05, "APE_por_fila_entrantes": 99.983553204946233 }, "geometry": { "type": "MultiPolygon", "coordinates": [ [ [ [ -97.905793, 22.384892 ], [ -97.905906, 22.385476 ], [ -97.906046, 22.386198 ], [ -97.906142, 22.386681 ], [ -97.905089, 22.387371 ], [ -97.903602, 22.388607 ], [ -97.90332, 22.388313 ], [ -97.90304, 22.388022 ], [ -97.90276, 22.38773 ], [ -97.902427, 22.387382 ], [ -97.903877, 22.386187 ], [ -97.904705, 22.385534 ], [ -97.905205, 22.385183 ], [ -97.905674, 22.38494 ], [ -97.905793, 22.384892 ] ] ] ] } },
{ "type": "Feature", "properties": { "CVEGEO": "2800900010298", "POB_TOT_20": 159.0, "POB_MASC_2": 79.0, "POB_FEM_20": 80.0, "origen": "2800900010298", "viajes_od_totales_salientes": 0.0, "viajes-total_salientes": 124.0, "viajes_od_totales_norm_salientes": 0.0, "viajes-total_norm_salientes": 0.093868281604844825, "AE_por_fila_salientes": 0.010429809067204981, "SE_por_fila_salientes": 0.00024029998913110544, "APE_por_fila_salientes": 88.888888888888886, "destino": "2800900010298", "viajes_od_totales_entrantes": 0.0, "viajes-total_entrantes": 117.0, "viajes_od_totales_norm_entrantes": 0.0, "viajes-total_norm_entrantes": 0.088569265707797121, "AE_por_fila_entrantes": 0.0098410295230885684, "SE_por_fila_entrantes": 0.00020776334513375648, "APE_por_fila_entrantes": 88.888888888888886 }, "geometry": { "type": "MultiPolygon", "coordinates": [ [ [ [ -97.818263, 22.322245 ], [ -97.818042, 22.321629 ], [ -97.817726, 22.320846 ], [ -97.817618, 22.320578 ], [ -97.817375, 22.319818 ], [ -97.816974, 22.318973 ], [ -97.816553, 22.31798 ], [ -97.816465, 22.317622 ], [ -97.816423, 22.317242 ], [ -97.816334, 22.316989 ], [ -97.816245, 22.316799 ], [ -97.815889, 22.316102 ], [ -97.815465, 22.315362 ], [ -97.815131, 22.314728 ], [ -97.814908, 22.314062 ], [ -97.81471, 22.313429 ], [ -97.81451, 22.312901 ], [ -97.814309, 22.312647 ], [ -97.814064, 22.312161 ], [ -97.813683, 22.311632 ], [ -97.813482, 22.311293 ], [ -97.813416, 22.311124 ], [ -97.813419, 22.310787 ], [ -97.814655, 22.310419 ], [ -97.816348, 22.309887 ], [ -97.816509, 22.309837 ], [ -97.821424, 22.308273 ], [ -97.821641, 22.30849 ], [ -97.822145, 22.308843 ], [ -97.822349, 22.309001 ], [ -97.822559, 22.309214 ], [ -97.822713, 22.309409 ], [ -97.822856, 22.309597 ], [ -97.823037, 22.309967 ], [ -97.823098, 22.310282 ], [ -97.823179, 22.310823 ], [ -97.823334, 22.311866 ], [ -97.823486, 22.312872 ], [ -97.823697, 22.314352 ], [ -97.823895, 22.315604 ], [ -97.823946, 22.316014 ], [ -97.823968, 22.316439 ], [ -97.82399, 22.317118 ], [ -97.823984, 22.318228 ], [ -97.823978, 22.319163 ], [ -97.823977, 22.3193 ], [ -97.823976, 22.319646 ], [ -97.823989, 22.320288 ], [ -97.824022, 22.322007 ], [ -97.823303, 22.322017 ], [ -97.82312, 22.322023 ], [ -97.82283, 22.322025 ], [ -97.822642, 22.322026 ], [ -97.82235, 22.322028 ], [ -97.822166, 22.322029 ], [ -97.821953, 22.32203 ], [ -97.821873, 22.322031 ], [ -97.821447, 22.322033 ], [ -97.821401, 22.322034 ], [ -97.820959, 22.322036 ], [ -97.820926, 22.322036 ], [ -97.820453, 22.322044 ], [ -97.819963, 22.322088 ], [ -97.819473, 22.322125 ], [ -97.818263, 22.322245 ] ] ] ] } },
{ "type": "Feature", "properties": { "CVEGEO": "2800900010264", "POB_TOT_20": 2887.0, "POB_MASC_2": 1428.0, "POB_FEM_20": 1459.0, "origen": "2800900010264", "viajes_od_totales_salientes": 0.0, "viajes-total_salientes": 2879.0, "viajes_od_totales_norm_salientes": 0.0, "viajes-total_norm_salientes": 2.1794095382286147, "AE_por_fila_salientes": 0.019994582919528575, "SE_por_fila_salientes": 0.001115617435428517, "APE_por_fila_salientes": 99.082568807339456, "destino": "2800900010264", "viajes_od_totales_entrantes": 0.0, "viajes-total_entrantes": 2843.0, "viajes_od_totales_norm_entrantes": 0.0, "viajes-total_norm_entrantes": 2.1521574564723696, "AE_por_fila_entrantes": 0.019215691575646156, "SE_por_fila_entrantes": 0.000953861133185, "APE_por_fila_entrantes": 99.107142857142861 }, "geometry": { "type": "MultiPolygon", "coordinates": [ [ [ [ -97.818263, 22.322245 ], [ -97.819473, 22.322125 ], [ -97.819963, 22.322088 ], [ -97.820453, 22.322044 ], [ -97.820926, 22.322036 ], [ -97.820959, 22.322036 ], [ -97.821401, 22.322034 ], [ -97.821447, 22.322033 ], [ -97.821873, 22.322031 ], [ -97.821953, 22.32203 ], [ -97.822166, 22.322029 ], [ -97.82235, 22.322028 ], [ -97.822642, 22.322026 ], [ -97.82283, 22.322025 ], [ -97.82312, 22.322023 ], [ -97.823303, 22.322017 ], [ -97.824022, 22.322007 ], [ -97.823989, 22.320288 ], [ -97.823976, 22.319646 ], [ -97.823977, 22.3193 ], [ -97.824293, 22.319297 ], [ -97.824988, 22.31929 ], [ -97.825002, 22.319325 ], [ -97.825023, 22.319355 ], [ -97.825047, 22.319382 ], [ -97.82508, 22.319406 ], [ -97.825115, 22.319424 ], [ -97.825155, 22.319434 ], [ -97.825199, 22.319438 ], [ -97.825241, 22.319436 ], [ -97.825284, 22.319424 ], [ -97.825317, 22.319408 ], [ -97.825346, 22.319387 ], [ -97.825374, 22.31936 ], [ -97.826297, 22.319387 ], [ -97.82769, 22.319398 ], [ -97.829415, 22.319434 ], [ -97.829441, 22.319454 ], [ -97.829476, 22.319473 ], [ -97.829507, 22.319484 ], [ -97.829538, 22.319488 ], [ -97.829542, 22.319488 ], [ -97.829575, 22.31949 ], [ -97.829578, 22.319489 ], [ -97.829616, 22.319486 ], [ -97.829652, 22.319476 ], [ -97.829679, 22.319462 ], [ -97.829709, 22.319444 ], [ -97.829732, 22.319421 ], [ -97.829754, 22.319396 ], [ -97.829769, 22.319375 ], [ -97.829784, 22.31934 ], [ -97.830561, 22.319336 ], [ -97.830621, 22.319263 ], [ -97.830837, 22.319261 ], [ -97.830777, 22.31945 ], [ -97.834891, 22.319338 ], [ -97.835118, 22.323115 ], [ -97.835153, 22.323137 ], [ -97.83523, 22.324368 ], [ -97.835305, 22.326094 ], [ -97.835135, 22.326098 ], [ -97.83107, 22.326013 ], [ -97.829014, 22.325969 ], [ -97.824183, 22.325868 ], [ -97.823678, 22.325861 ], [ -97.823203, 22.325853 ], [ -97.822721, 22.325845 ], [ -97.819659, 22.325794 ], [ -97.819306, 22.32488 ], [ -97.818796, 22.323634 ], [ -97.818352, 22.322494 ], [ -97.818263, 22.322245 ] ] ] ] } },
{ "type": "Feature", "properties": { "CVEGEO": "2800900010283", "POB_TOT_20": 1556.0, "POB_MASC_2": 779.0, "POB_FEM_20": 777.0, "origen": "2800900010283", "viajes_od_totales_salientes": 0.0, "viajes-total_salientes": 1886.0, "viajes_od_totales_norm_salientes": 0.0, "viajes-total_norm_salientes": 1.4277062831188494, "AE_por_fila_salientes": 0.01929332815025472, "SE_por_fila_salientes": 0.0016692552890842788, "APE_por_fila_salientes": 98.648648648648646, "destino": "2800900010283", "viajes_od_totales_entrantes": 0.0, "viajes-total_entrantes": 2009.0, "viajes_od_totales_norm_entrantes": 0.0, "viajes-total_norm_entrantes": 1.5208175624526874, "AE_por_fila_entrantes": 0.019497661057085735, "SE_por_fila_entrantes": 0.0016837970407542696, "APE_por_fila_entrantes": 98.717948717948715 }, "geometry": { "type": "MultiPolygon", "coordinates": [ [ [ [ -97.834083, 22.311124 ], [ -97.834423, 22.31411 ], [ -97.834713, 22.316528 ], [ -97.834836, 22.317888 ], [ -97.834891, 22.319338 ], [ -97.830777, 22.31945 ], [ -97.830837, 22.319261 ], [ -97.830621, 22.319263 ], [ -97.830561, 22.319336 ], [ -97.829784, 22.31934 ], [ -97.829769, 22.319375 ], [ -97.829754, 22.319396 ], [ -97.829732, 22.319421 ], [ -97.829709, 22.319444 ], [ -97.829679, 22.319462 ], [ -97.829652, 22.319476 ], [ -97.829616, 22.319486 ], [ -97.829578, 22.319489 ], [ -97.829575, 22.31949 ], [ -97.829542, 22.319488 ], [ -97.829538, 22.319488 ], [ -97.829507, 22.319484 ], [ -97.829476, 22.319473 ], [ -97.829441, 22.319454 ], [ -97.829415, 22.319434 ], [ -97.82769, 22.319398 ], [ -97.826297, 22.319387 ], [ -97.825374, 22.31936 ], [ -97.825346, 22.319387 ], [ -97.825317, 22.319408 ], [ -97.825284, 22.319424 ], [ -97.825241, 22.319436 ], [ -97.825199, 22.319438 ], [ -97.825155, 22.319434 ], [ -97.825115, 22.319424 ], [ -97.82508, 22.319406 ], [ -97.825047, 22.319382 ], [ -97.825023, 22.319355 ], [ -97.825002, 22.319325 ], [ -97.824988, 22.31929 ], [ -97.824293, 22.319297 ], [ -97.823977, 22.3193 ], [ -97.823978, 22.319163 ], [ -97.823984, 22.318228 ], [ -97.82399, 22.317118 ], [ -97.823968, 22.316439 ], [ -97.823946, 22.316014 ], [ -97.824071, 22.315966 ], [ -97.828145, 22.313905 ], [ -97.828247, 22.313731 ], [ -97.828269, 22.313586 ], [ -97.828354, 22.313504 ], [ -97.831971, 22.312137 ], [ -97.832124, 22.312099 ], [ -97.832231, 22.311987 ], [ -97.832173, 22.31175 ], [ -97.832253, 22.311582 ], [ -97.832594, 22.311496 ], [ -97.833603, 22.31125 ], [ -97.834083, 22.311124 ] ] ] ] } },
{ "type": "Feature", "properties": { "CVEGEO": "2800300012229", "POB_TOT_20": 0.0, "POB_MASC_2": 0.0, "POB_FEM_20": 0.0, "origen": "2800300012229", "viajes_od_totales_salientes": 0.0, "viajes-total_salientes": 6.0, "viajes_od_totales_norm_salientes": 0.0, "viajes-total_norm_salientes": 0.0045420136260408781, "AE_por_fila_salientes": 0.0045420136260408781, "SE_por_fila_salientes": 2.0629887779141005e-05, "APE_por_fila_salientes": 100.0, "destino": null, "viajes_od_totales_entrantes": null, "viajes-total_entrantes": null, "viajes_od_totales_norm_entrantes": null, "viajes-total_norm_entrantes": null, "AE_por_fila_entrantes": null, "SE_por_fila_entrantes": null, "APE_por_fila_entrantes": null }, "geometry": { "type": "MultiPolygon", "coordinates": [ [ [ [ -97.906997, 22.419288 ], [ -97.907025, 22.419292 ], [ -97.907055, 22.419141 ], [ -97.907312, 22.417775 ], [ -97.907348, 22.417782 ], [ -97.907881, 22.417882 ], [ -97.908171, 22.417937 ], [ -97.908236, 22.417977 ], [ -97.908663, 22.418208 ], [ -97.909099, 22.418418 ], [ -97.909163, 22.418528 ], [ -97.90943, 22.418994 ], [ -97.909429, 22.418999 ], [ -97.909342, 22.41937 ], [ -97.909195, 22.420028 ], [ -97.909054, 22.420644 ], [ -97.909026, 22.420641 ], [ -97.908639, 22.420597 ], [ -97.908602, 22.420593 ], [ -97.908502, 22.421228 ], [ -97.908021, 22.421181 ], [ -97.907035, 22.421103 ], [ -97.907163, 22.420427 ], [ -97.907194, 22.420263 ], [ -97.907316, 22.419671 ], [ -97.907282, 22.419665 ], [ -97.906913, 22.419599 ], [ -97.906997, 22.419288 ] ] ] ] } }
]
}
