shape_id,shape_pt_sequence,shape_pt_lon,shape_pt_lat
shape_74-1,0,-97.84481,22.20913
shape_74-1,1,-97.84525,22.20978
shape_74-1,2,-97.84478,22.20993
shape_74-1,3,-97.84381,22.21063
shape_74-1,4,-97.84196,22.2118
shape_74-1,5,-97.84202,22.21185
shape_74-1,6,-97.84485,22.21001
shape_74-1,7,-97.84529,22.20984
shape_74-1,8,-97.84623,22.21114
shape_74-1,9,-97.84785,22.21185
shape_74-1,10,-97.85458,22.21483
shape_74-1,11,-97.85579,22.21251
shape_74-1,12,-97.85667,22.21287
shape_74-1,13,-97.85694,22.2124
shape_74-1,14,-97.85602,22.21201
shape_74-1,15,-97.85349,22.2111
shape_74-1,16,-97.85173,22.21043
shape_74-1,17,-97.85082,22.21004
shape_74-1,18,-97.84988,22.20989
shape_74-1,19,-97.84901,22.20998
shape_74-1,20,-97.8484,22.21057
shape_74-1,21,-97.84826,22.21096
shape_74-1,22,-97.84763,22.21082
shape_74-1,23,-97.84664,22.21131
shape_74-1,24,-97.84623,22.21114
shape_74-1,25,-97.84529,22.20984
shape_74-1,26,-97.8452,22.20972
shape_74-1,27,-97.84479,22.20918
shape_76-1,0,-97.87153,22.22684
shape_76-1,1,-97.87129,22.2268
shape_76-1,2,-97.87118,22.22665
shape_76-1,3,-97.8706,22.22615
shape_76-1,4,-97.86899,22.2213
shape_76-1,5,-97.86874,22.22053
shape_76-1,6,-97.8685,22.22004
shape_76-1,7,-97.86839,22.22008
shape_76-1,8,-97.85839,22.21561
shape_76-1,9,-97.85923,22.21402
shape_76-1,10,-97.85752,22.21322
shape_76-1,11,-97.85719,22.21299
shape_76-1,12,-97.85726,22.21283
shape_76-1,13,-97.85753,22.21287
shape_76-1,14,-97.85753,22.21287
shape_76-1,15,-97.85726,22.21283
shape_76-1,16,-97.85795,22.21304
shape_76-1,17,-97.85871,22.21329
shape_76-1,18,-97.85975,22.21393
shape_76-1,19,-97.86025,22.21448
shape_76-1,20,-97.86048,22.21504
shape_76-1,21,-97.86413,22.21659
shape_76-1,22,-97.86344,22.21789
shape_76-1,23,-97.86839,22.22008
shape_76-1,24,-97.8685,22.22004
shape_76-1,25,-97.86874,22.22053
shape_76-1,26,-97.86899,22.2213
shape_76-1,27,-97.87005,22.22454
shape_76-1,28,-97.87063,22.22436
shape_76-1,29,-97.87167,22.22623
shape_76-1,30,-97.87157,22.22686
shape_76-1,31,-97.87129,22.2268
shape_81-1,0,-97.83941,22.22638
shape_81-1,1,-97.84048,22.22679
shape_81-1,2,-97.8403,22.22605
shape_81-1,3,-97.84149,22.22387
shape_81-1,4,-97.84061,22.2235
shape_81-1,5,-97.84104,22.22272
shape_81-1,6,-97.84017,22.22235
shape_81-1,7,-97.84428,22.2145
shape_81-1,8,-97.84554,22.21402
shape_81-1,9,-97.84572,22.21381
shape_81-1,10,-97.84736,22.21457
shape_81-1,11,-97.84945,22.21055
shape_81-1,12,-97.85287,22.21211
shape_81-1,13,-97.85304,22.21184
shape_81-1,14,-97.85484,22.21227
shape_81-1,15,-97.8558,22.21245
shape_81-1,16,-97.85753,22.2132
shape_81-1,17,-97.85753,22.2132
shape_81-1,18,-97.8563,22.21561
shape_81-1,19,-97.8537,22.21444
shape_81-1,20,-97.85205,22.21371
shape_81-1,21,-97.85058,22.21306
shape_81-1,22,-97.84866,22.21218
shape_81-1,23,-97.84736,22.21457
shape_81-1,24,-97.84572,22.21381
shape_81-1,25,-97.84554,22.21402
shape_81-1,26,-97.84428,22.2145
shape_81-1,27,-97.84017,22.22235
shape_81-1,28,-97.84104,22.22272
shape_81-1,29,-97.84061,22.2235
shape_81-1,30,-97.84149,22.22387
shape_81-1,31,-97.8403,22.22605
shape_81-1,32,-97.84045,22.22673
shape_81-1,33,-97.83938,22.22637
shape_89A-1,0,-97.92128,22.41213
shape_89A-1,1,-97.92228,22.41225
shape_89A-1,2,-97.92268,22.40937
shape_89A-1,3,-97.92171,22.40925
shape_89A-1,4,-97.92292,22.40031
shape_89A-1,5,-97.92318,22.39947
shape_89A-1,6,-97.92904,22.39746
shape_89A-1,7,-97.92962,22.39713
shape_89A-1,8,-97.93185,22.39464
shape_89A-1,9,-97.93247,22.39449
shape_89A-1,10,-97.93337,22.3953
shape_89A-1,11,-97.93419,22.39558
shape_89A-1,12,-97.9353,22.39574
shape_89A-1,13,-97.93493,22.39745
shape_89A-1,14,-97.93578,22.39762
shape_89A-1,15,-97.93599,22.3967
shape_89A-1,16,-97.93692,22.39691
shape_89A-1,17,-97.93692,22.39691
shape_89A-1,18,-97.936,22.39676
shape_89A-1,19,-97.93462,22.39652
shape_89A-1,20,-97.93316,22.3962
shape_89A-1,21,-97.93338,22.39533
shape_89A-1,22,-97.933,22.39505
shape_89A-1,23,-97.93268,22.39481
shape_89A-1,24,-97.93251,22.39457
shape_89A-1,25,-97.93247,22.39449
shape_89A-1,26,-97.93185,22.39464
shape_89A-1,27,-97.92962,22.39713
shape_89A-1,28,-97.92838,22.39748
shape_89A-1,29,-97.92749,22.39765
shape_89A-1,30,-97.92525,22.39733
shape_89A-1,31,-97.924,22.39764
shape_89A-1,32,-97.92278,22.39839
shape_89A-1,33,-97.92175,22.39937
shape_89A-1,34,-97.92197,22.39962
shape_89A-1,35,-97.92234,22.39976
shape_89A-1,36,-97.92322,22.39953
shape_89A-1,37,-97.92292,22.40031
shape_89A-1,38,-97.92171,22.40925
shape_89A-1,39,-97.92268,22.40937
shape_89A-1,40,-97.92228,22.41225
shape_67-1,0,-97.85804,22.25045
shape_67-1,1,-97.85752,22.24652
shape_67-1,2,-97.8552,22.24533
shape_67-1,3,-97.8551,22.24708
shape_67-1,4,-97.85458,22.24817
shape_67-1,5,-97.85484,22.2503
shape_67-1,6,-97.85385,22.24976
shape_67-1,7,-97.85385,22.24976
shape_67-1,8,-97.85363,22.24809
shape_67-1,9,-97.85063,22.24653
shape_67-1,10,-97.85021,22.24721
shape_67-1,11,-97.84402,22.24388
shape_67-1,12,-97.84318,22.24535
shape_67-1,13,-97.84182,22.24747
shape_67-1,14,-97.8414,22.24819
shape_67-1,15,-97.83988,22.24733
shape_67-1,16,-97.83944,22.2481
shape_67-1,17,-97.83944,22.2481
shape_67-1,18,-97.83794,22.24723
shape_67-1,19,-97.83972,22.24444
shape_67-1,20,-97.84276,22.24601
shape_67-1,21,-97.84318,22.24535
shape_67-1,22,-97.84402,22.24388
shape_67-1,23,-97.85021,22.24721
shape_67-1,24,-97.85063,22.24653
shape_67-1,25,-97.85363,22.24809
shape_67-1,26,-97.85385,22.24976
shape_67-1,27,-97.85385,22.24976
shape_67-1,28,-97.85484,22.2503
shape_67-1,29,-97.85458,22.24817
shape_67-1,30,-97.8551,22.24708
shape_67-1,31,-97.85525,22.24536
shape_67-1,32,-97.85751,22.24655
shape_67-1,33,-97.8581,22.25043
shape_82-1,0,-97.87379,22.23841
shape_82-1,1,-97.8735,22.238
shape_82-1,2,-97.87315,22.23561
shape_82-1,3,-97.87242,22.23449
shape_82-1,4,-97.87219,22.23398
shape_82-1,5,-97.87234,22.23289
shape_82-1,6,-97.87268,22.23244
shape_82-1,7,-97.87272,22.23215
shape_82-1,8,-97.87245,22.23164
shape_82-1,9,-97.87216,22.23141
shape_82-1,10,-97.87079,22.23056
shape_82-1,11,-97.87042,22.22967
shape_82-1,12,-97.86985,22.22817
shape_82-1,13,-97.86857,22.22781
shape_82-1,14,-97.86821,22.22771
shape_82-1,15,-97.86651,22.22361
shape_82-1,16,-97.866,22.22257
shape_82-1,17,-97.8654,22.22325
shape_82-1,18,-97.86493,22.22352
shape_82-1,19,-97.86448,22.22342
shape_82-1,20,-97.8635,22.22354
shape_82-1,21,-97.86322,22.22078
shape_82-1,22,-97.8635,22.22354
shape_82-1,23,-97.86322,22.22078
shape_82-1,24,-97.86288,22.2198
shape_82-1,25,-97.86268,22.21941
shape_82-1,26,-97.85753,22.21714
shape_82-1,27,-97.85753,22.21714
shape_82-1,28,-97.85882,22.21478
shape_82-1,29,-97.85966,22.2152
shape_82-1,30,-97.85801,22.21836
shape_82-1,31,-97.8623,22.22023
shape_82-1,32,-97.86276,22.22043
shape_82-1,33,-97.86325,22.22066
shape_82-1,34,-97.86327,22.22068
shape_82-1,35,-97.8633,22.2226
shape_82-1,36,-97.86294,22.22342
shape_82-1,37,-97.8635,22.22354
shape_82-1,38,-97.86448,22.22342
shape_82-1,39,-97.86506,22.22353
shape_82-1,40,-97.86591,22.22384
shape_82-1,41,-97.86651,22.22361
shape_82-1,42,-97.86821,22.22771
shape_82-1,43,-97.86857,22.22781
shape_82-1,44,-97.86985,22.22817
shape_82-1,45,-97.87042,22.22967
shape_82-1,46,-97.87079,22.23056
shape_82-1,47,-97.87216,22.23141
shape_82-1,48,-97.87245,22.23164
shape_82-1,49,-97.87272,22.23215
shape_82-1,50,-97.87268,22.23244
shape_82-1,51,-97.87234,22.23289
shape_82-1,52,-97.87219,22.23398
shape_82-1,53,-97.87242,22.23449
shape_82-1,54,-97.87315,22.23561
shape_82-1,55,-97.8735,22.238
shape_66-1,0,-97.83785,22.27616
shape_66-1,1,-97.83514,22.2679
shape_66-1,2,-97.83334,22.26221
shape_66-1,3,-97.835,22.26087
shape_66-1,4,-97.8326,22.25843
shape_66-1,5,-97.8373,22.25447
shape_66-1,6,-97.8352,22.24948
shape_66-1,7,-97.83483,22.24858
shape_66-1,8,-97.83468,22.24819
shape_66-1,9,-97.83411,22.24667
shape_66-1,10,-97.83524,22.24487
shape_66-1,11,-97.83747,22.24604
shape_66-1,12,-97.8352,22.24948
shape_66-1,13,-97.8373,22.25447
shape_66-1,14,-97.8326,22.25843
shape_66-1,15,-97.835,22.26087
shape_66-1,16,-97.83394,22.26181
shape_66-1,17,-97.83855,22.27605
shape_75-1,0,-97.89533,22.22644
shape_75-1,1,-97.894,22.22491
shape_75-1,2,-97.89207,22.22467
shape_75-1,3,-97.89072,22.22448
shape_75-1,4,-97.88681,22.22293
shape_75-1,5,-97.88531,22.22328
shape_75-1,6,-97.87049,22.21754
shape_75-1,7,-97.87076,22.21697
shape_75-1,8,-97.8682,22.21599
shape_75-1,9,-97.86779,22.21561
shape_75-1,10,-97.86615,22.215
shape_75-1,11,-97.86477,22.21474
shape_75-1,12,-97.86402,22.21444
shape_75-1,13,-97.85723,22.21188
shape_75-1,14,-97.85693,22.2124
shape_75-1,15,-97.85693,22.2124
shape_75-1,16,-97.85778,22.2127
shape_75-1,17,-97.85769,22.21292
shape_75-1,18,-97.85904,22.21347
shape_75-1,19,-97.8601,22.21431
shape_75-1,20,-97.86034,22.21414
shape_75-1,21,-97.86094,22.21459
shape_75-1,22,-97.86344,22.21565
shape_75-1,23,-97.86406,22.21446
shape_75-1,24,-97.86477,22.21474
shape_75-1,25,-97.86615,22.215
shape_75-1,26,-97.86779,22.21561
shape_75-1,27,-97.8682,22.21599
shape_75-1,28,-97.87076,22.21697
shape_75-1,29,-97.87049,22.21754
shape_75-1,30,-97.88531,22.22328
shape_75-1,31,-97.88681,22.22293
shape_75-1,32,-97.89072,22.22448
shape_75-1,33,-97.89207,22.22467
shape_75-1,34,-97.894,22.22491
shape_59-1,0,-97.8727,22.24762
shape_59-1,1,-97.87185,22.24809
shape_59-1,2,-97.87145,22.24736
shape_59-1,3,-97.86721,22.2494
shape_59-1,4,-97.86597,22.24993
shape_59-1,5,-97.86357,22.25062
shape_59-1,6,-97.85357,22.25355
shape_59-1,7,-97.85168,22.25409
shape_59-1,8,-97.83523,22.24485
shape_59-1,9,-97.83433,22.24626
shape_59-1,10,-97.83433,22.24626
shape_59-1,11,-97.83553,22.24694
shape_59-1,12,-97.85003,22.25461
shape_59-1,13,-97.85357,22.25355
shape_59-1,14,-97.86357,22.25062
shape_59-1,15,-97.86597,22.24993
shape_59-1,16,-97.87233,22.24696
shape_59-1,17,-97.87269,22.24762
shape_56-1,0,-97.87378,22.23843
shape_56-1,1,-97.87344,22.23787
shape_56-1,2,-97.87314,22.23557
shape_56-1,3,-97.87264,22.23489
shape_56-1,4,-97.87232,22.23429
shape_56-1,5,-97.8722,22.23367
shape_56-1,6,-97.87232,22.23287
shape_56-1,7,-97.87273,22.23242
shape_56-1,8,-97.87258,22.23184
shape_56-1,9,-97.87219,22.23143
shape_56-1,10,-97.87157,22.23113
shape_56-1,11,-97.87075,22.23053
shape_56-1,12,-97.86984,22.22815
shape_56-1,13,-97.86818,22.22768
shape_56-1,14,-97.86652,22.2236
shape_56-1,15,-97.86593,22.22388
shape_56-1,16,-97.86447,22.22338
shape_56-1,17,-97.86345,22.22353
shape_56-1,18,-97.8632,22.22093
shape_56-1,19,-97.86318,22.22047
shape_56-1,20,-97.86269,22.21941
shape_56-1,21,-97.85758,22.21714
shape_56-1,22,-97.85884,22.21477
shape_56-1,23,-97.85964,22.21517
shape_56-1,24,-97.85797,22.21837
shape_56-1,25,-97.86318,22.22063
shape_56-1,26,-97.86318,22.22063
shape_56-1,27,-97.85797,22.21837
shape_56-1,28,-97.85964,22.21517
shape_56-1,29,-97.85884,22.21477
shape_56-1,30,-97.85758,22.21714
shape_56-1,31,-97.86269,22.21941
shape_56-1,32,-97.86318,22.22047
shape_56-1,33,-97.8632,22.22093
shape_56-1,34,-97.86345,22.22353
shape_56-1,35,-97.86447,22.22338
shape_56-1,36,-97.86593,22.22388
shape_56-1,37,-97.86652,22.2236
shape_56-1,38,-97.86818,22.22768
shape_56-1,39,-97.86984,22.22815
shape_56-1,40,-97.87075,22.23053
shape_56-1,41,-97.87157,22.23113
shape_56-1,42,-97.87219,22.23143
shape_56-1,43,-97.87258,22.23184
shape_56-1,44,-97.87273,22.23242
shape_56-1,45,-97.87232,22.23287
shape_56-1,46,-97.8722,22.23367
shape_56-1,47,-97.87232,22.23429
shape_56-1,48,-97.87264,22.23489
shape_56-1,49,-97.87314,22.23557
shape_56-1,50,-97.87344,22.23787
shape_73-1,0,-97.85797,22.2494
shape_73-1,1,-97.85755,22.24653
shape_73-1,2,-97.85527,22.24536
shape_73-1,3,-97.85529,22.2427
shape_73-1,4,-97.85518,22.24214
shape_73-1,5,-97.85815,22.24029
shape_73-1,6,-97.859,22.23664
shape_73-1,7,-97.85883,22.23617
shape_73-1,8,-97.85713,22.23464
shape_73-1,9,-97.85711,22.23398
shape_73-1,10,-97.85724,22.23355
shape_73-1,11,-97.85893,22.23186
shape_73-1,12,-97.85951,22.23112
shape_73-1,13,-97.85968,22.23047
shape_73-1,14,-97.85858,22.22603
shape_73-1,15,-97.85773,22.22551
shape_73-1,16,-97.85944,22.22188
shape_73-1,17,-97.85581,22.22031
shape_73-1,18,-97.85922,22.21398
shape_73-1,19,-97.85835,22.21359
shape_73-1,20,-97.85809,22.21406
shape_73-1,21,-97.85809,22.21406
shape_73-1,22,-97.85773,22.21478
shape_73-1,23,-97.85668,22.21683
shape_73-1,24,-97.854,22.22166
shape_73-1,25,-97.85595,22.22189
shape_73-1,26,-97.85668,22.22255
shape_73-1,27,-97.85671,22.22348
shape_73-1,28,-97.85621,22.22436
shape_73-1,29,-97.85617,22.22493
shape_73-1,30,-97.85692,22.22545
shape_73-1,31,-97.85773,22.22551
shape_73-1,32,-97.85858,22.22603
shape_73-1,33,-97.85968,22.23047
shape_73-1,34,-97.85951,22.23112
shape_73-1,35,-97.85893,22.23186
shape_73-1,36,-97.85724,22.23355
shape_73-1,37,-97.85711,22.23398
shape_73-1,38,-97.85713,22.23464
shape_73-1,39,-97.85883,22.23617
shape_73-1,40,-97.859,22.23664
shape_73-1,41,-97.85815,22.24029
shape_73-1,42,-97.85518,22.24214
shape_73-1,43,-97.85529,22.2427
shape_73-1,44,-97.85527,22.24536
shape_73-1,45,-97.85755,22.24653
shape_85-1,0,-97.84325,22.26962
shape_85-1,1,-97.84402,22.2716
shape_85-1,2,-97.84191,22.27237
shape_85-1,3,-97.84091,22.26987
shape_85-1,4,-97.83886,22.27061
shape_85-1,5,-97.83871,22.27031
shape_85-1,6,-97.83692,22.27099
shape_85-1,7,-97.83631,22.26902
shape_85-1,8,-97.83814,22.26809
shape_85-1,9,-97.83754,22.26703
shape_85-1,10,-97.83715,22.26648
shape_85-1,11,-97.83585,22.26518
shape_85-1,12,-97.83813,22.2636
shape_85-1,13,-97.83876,22.26315
shape_85-1,14,-97.83798,22.26238
shape_85-1,15,-97.83778,22.26241
shape_85-1,16,-97.83745,22.26206
shape_85-1,17,-97.83939,22.26045
shape_85-1,18,-97.83154,22.2525
shape_85-1,19,-97.83513,22.24949
shape_85-1,20,-97.83618,22.24824
shape_85-1,21,-97.8366,22.2475
shape_85-1,22,-97.83705,22.24676
shape_85-1,23,-97.83629,22.24642
shape_85-1,24,-97.83629,22.24642
shape_85-1,25,-97.83589,22.24711
shape_85-1,26,-97.83544,22.24781
shape_85-1,27,-97.83487,22.24865
shape_85-1,28,-97.83513,22.24949
shape_85-1,29,-97.83086,22.25304
shape_85-1,30,-97.83876,22.26101
shape_85-1,31,-97.83998,22.26225
shape_85-1,32,-97.83949,22.26262
shape_85-1,33,-97.83908,22.26294
shape_85-1,34,-97.83876,22.26315
shape_85-1,35,-97.83813,22.2636
shape_85-1,36,-97.83585,22.26518
shape_85-1,37,-97.83715,22.26648
shape_85-1,38,-97.83754,22.26703
shape_85-1,39,-97.83814,22.26809
shape_85-1,40,-97.83631,22.26902
shape_85-1,41,-97.83692,22.27099
shape_85-1,42,-97.83871,22.27031
shape_85-1,43,-97.83886,22.27061
shape_85-1,44,-97.84091,22.26987
shape_85-1,45,-97.84191,22.27237
shape_85-1,46,-97.84402,22.2716
shape_71-1,0,-97.83374,22.24048
shape_71-1,1,-97.83427,22.24095
shape_71-1,2,-97.83481,22.24037
shape_71-1,3,-97.83536,22.23973
shape_71-1,4,-97.83552,22.23965
shape_71-1,5,-97.83563,22.2397
shape_71-1,6,-97.83715,22.23733
shape_71-1,7,-97.83782,22.23675
shape_71-1,8,-97.83834,22.23575
shape_71-1,9,-97.83858,22.23506
shape_71-1,10,-97.83885,22.23443
shape_71-1,11,-97.83948,22.23326
shape_71-1,12,-97.83992,22.23338
shape_71-1,13,-97.84297,22.22734
shape_71-1,14,-97.8478,22.21793
shape_71-1,15,-97.85032,22.21291
shape_71-1,16,-97.85205,22.2137
shape_71-1,17,-97.85123,22.21525
shape_71-1,18,-97.85542,22.21718
shape_71-1,19,-97.85755,22.21322
shape_71-1,20,-97.85755,22.21322
shape_71-1,21,-97.85589,22.21248
shape_71-1,22,-97.85304,22.21184
shape_71-1,23,-97.85291,22.21216
shape_71-1,24,-97.85031,22.21095
shape_71-1,25,-97.84909,22.21335
shape_71-1,26,-97.84825,22.21295
shape_71-1,27,-97.84741,22.21458
shape_71-1,28,-97.84827,22.21498
shape_71-1,29,-97.84205,22.22702
shape_71-1,30,-97.84295,22.2274
shape_71-1,31,-97.83992,22.23338
shape_71-1,32,-97.83948,22.23326
shape_71-1,33,-97.83885,22.23443
shape_71-1,34,-97.83858,22.23506
shape_71-1,35,-97.83834,22.23575
shape_71-1,36,-97.83782,22.23675
shape_71-1,37,-97.83715,22.23733
shape_71-1,38,-97.83563,22.2397
shape_71-1,39,-97.83552,22.23965
shape_71-1,40,-97.83536,22.23973
shape_71-1,41,-97.83481,22.24037
shape_71-1,42,-97.83428,22.24092
shape_71-1,43,-97.83372,22.24052
shape_69-1,0,-97.83447,22.24888
shape_69-1,1,-97.83287,22.25024
shape_69-1,2,-97.83598,22.25332
shape_69-1,3,-97.83708,22.25446
shape_69-1,4,-97.83716,22.25457
shape_69-1,5,-97.83194,22.25899
shape_69-1,6,-97.83035,22.26031
shape_69-1,7,-97.82952,22.26089
shape_69-1,8,-97.82894,22.26144
shape_69-1,9,-97.82448,22.2653
shape_69-1,10,-97.83099,22.27204
shape_69-1,11,-97.83046,22.2725
shape_69-1,12,-97.82994,22.27295
shape_69-1,13,-97.82724,22.27528
shape_69-1,14,-97.82968,22.27777
shape_69-1,15,-97.82793,22.27837
shape_69-1,16,-97.82896,22.28061
shape_69-1,17,-97.83042,22.28406
shape_69-1,18,-97.83042,22.28406
shape_69-1,19,-97.82896,22.28061
shape_69-1,20,-97.82793,22.27837
shape_69-1,21,-97.82968,22.27777
shape_69-1,22,-97.82724,22.27528
shape_69-1,23,-97.82994,22.27295
shape_69-1,24,-97.83046,22.2725
shape_69-1,25,-97.83099,22.27204
shape_69-1,26,-97.82448,22.2653
shape_69-1,27,-97.82894,22.26144
shape_69-1,28,-97.82952,22.26089
shape_69-1,29,-97.83035,22.26031
shape_69-1,30,-97.83194,22.25899
shape_69-1,31,-97.83716,22.25457
shape_69-1,32,-97.83708,22.25446
shape_69-1,33,-97.83598,22.25332
shape_69-1,34,-97.83356,22.2509
shape_69-1,35,-97.83507,22.24953
shape_69-1,36,-97.835,22.24931
shape_69-1,37,-97.83487,22.24926
shape_69-1,38,-97.83445,22.24888
shape_72-1,0,-97.86009,22.25163
shape_72-1,1,-97.85983,22.24873
shape_72-1,2,-97.86003,22.24709
shape_72-1,3,-97.86016,22.24623
shape_72-1,4,-97.86292,22.24619
shape_72-1,5,-97.86251,22.23364
shape_72-1,6,-97.86097,22.23371
shape_72-1,7,-97.86111,22.23165
shape_72-1,8,-97.86103,22.23049
shape_72-1,9,-97.86139,22.22912
shape_72-1,10,-97.8614,22.22869
shape_72-1,11,-97.86048,22.22838
shape_72-1,12,-97.86171,22.22582
shape_72-1,13,-97.85827,22.22433
shape_72-1,14,-97.85942,22.2219
shape_72-1,15,-97.85584,22.2203
shape_72-1,16,-97.85924,22.21398
shape_72-1,17,-97.85924,22.21398
shape_72-1,18,-97.85671,22.21287
shape_72-1,19,-97.8546,22.21683
shape_72-1,20,-97.86327,22.2207
shape_72-1,21,-97.86357,22.22414
shape_72-1,22,-97.86293,22.22529
shape_72-1,23,-97.86258,22.22618
shape_72-1,24,-97.86203,22.22751
shape_72-1,25,-97.8614,22.22869
shape_72-1,26,-97.86273,22.22938
shape_72-1,27,-97.86256,22.23012
shape_72-1,28,-97.86351,22.23331
shape_72-1,29,-97.86344,22.23514
shape_72-1,30,-97.86353,22.23828
shape_72-1,31,-97.86379,22.24613
shape_72-1,32,-97.86381,22.24922
shape_72-1,33,-97.86364,22.25059
shape_72-1,34,-97.86007,22.25167
shape_88-1,0,-97.91973,22.42347
shape_88-1,1,-97.92237,22.42379
shape_88-1,2,-97.92224,22.42469
shape_88-1,3,-97.92518,22.42502
shape_88-1,4,-97.92957,22.42563
shape_88-1,5,-97.93107,22.42575
shape_88-1,6,-97.93356,22.4271
shape_88-1,7,-97.93476,22.41905
shape_88-1,8,-97.93453,22.41864
shape_88-1,9,-97.93457,22.41806
shape_88-1,10,-97.93335,22.41793
shape_88-1,11,-97.93392,22.41439
shape_88-1,12,-97.93363,22.41434
shape_88-1,13,-97.93378,22.41343
shape_88-1,14,-97.93146,22.41224
shape_88-1,15,-97.93831,22.40863
shape_88-1,16,-97.93717,22.40571
shape_88-1,17,-97.93804,22.39721
shape_88-1,18,-97.93688,22.39692
shape_88-1,19,-97.9367,22.39779
shape_88-1,20,-97.9367,22.39779
shape_88-1,21,-97.93735,22.39792
shape_88-1,22,-97.93797,22.39801
shape_88-1,23,-97.93717,22.40571
shape_88-1,24,-97.93831,22.40863
shape_88-1,25,-97.93146,22.41224
shape_88-1,26,-97.93378,22.41343
shape_88-1,27,-97.93363,22.41434
shape_88-1,28,-97.93392,22.41439
shape_88-1,29,-97.93335,22.41793
shape_88-1,30,-97.93457,22.41806
shape_88-1,31,-97.93453,22.41864
shape_88-1,32,-97.93476,22.41905
shape_88-1,33,-97.93356,22.4271
shape_88-1,34,-97.93107,22.42575
shape_88-1,35,-97.92957,22.42563
shape_88-1,36,-97.92518,22.42502
shape_88-1,37,-97.92224,22.42469
shape_88-1,38,-97.92237,22.42379
shape_61-1,0,-97.83735,22.24977
shape_61-1,1,-97.83808,22.25019
shape_61-1,2,-97.8448,22.23971
shape_61-1,3,-97.84555,22.24025
shape_61-1,4,-97.8464,22.24061
shape_61-1,5,-97.84722,22.23915
shape_61-1,6,-97.84822,22.23609
shape_61-1,7,-97.8465,22.23554
shape_61-1,8,-97.84699,22.2343
shape_61-1,9,-97.84425,22.23349
shape_61-1,10,-97.8464,22.22762
shape_61-1,11,-97.85043,22.21695
shape_61-1,12,-97.85122,22.21522
shape_61-1,13,-97.85211,22.21563
shape_61-1,14,-97.85375,22.21251
shape_61-1,15,-97.85377,22.21252
shape_61-1,16,-97.85459,22.21293
shape_61-1,17,-97.85423,22.21368
shape_61-1,18,-97.85251,22.21292
shape_61-1,19,-97.85043,22.21695
shape_61-1,20,-97.8464,22.22762
shape_61-1,21,-97.84425,22.23349
shape_61-1,22,-97.84699,22.2343
shape_61-1,23,-97.8465,22.23554
shape_61-1,24,-97.84822,22.23609
shape_61-1,25,-97.84722,22.23915
shape_61-1,26,-97.8464,22.24061
shape_61-1,27,-97.84555,22.24025
shape_61-1,28,-97.8448,22.23971
shape_61-1,29,-97.84266,22.24321
shape_61-1,30,-97.84328,22.24356
shape_61-1,31,-97.8402,22.24849
shape_61-1,32,-97.83868,22.24763
shape_61-1,33,-97.83732,22.24981
shape_61-1,34,-97.8381,22.25021
shape_77-1,0,-97.86078,22.27927
shape_77-1,1,-97.85626,22.27546
shape_77-1,2,-97.85852,22.26979
shape_77-1,3,-97.85639,22.26905
shape_77-1,4,-97.85798,22.26482
shape_77-1,5,-97.85334,22.26332
shape_77-1,6,-97.85363,22.26264
shape_77-1,7,-97.8505,22.26164
shape_77-1,8,-97.85036,22.26169
shape_77-1,9,-97.84453,22.25861
shape_77-1,10,-97.84415,22.25801
shape_77-1,11,-97.84327,22.25715
shape_77-1,12,-97.84471,22.25602
shape_77-1,13,-97.84498,22.25564
shape_77-1,14,-97.84534,22.25502
shape_77-1,15,-97.84148,22.25299
shape_77-1,16,-97.83995,22.25213
shape_77-1,17,-97.83932,22.25185
shape_77-1,18,-97.83911,22.25171
shape_77-1,19,-97.8396,22.25101
shape_77-1,20,-97.84005,22.25031
shape_77-1,21,-97.83777,22.24907
shape_77-1,22,-97.83732,22.24976
shape_77-1,23,-97.83665,22.25051
shape_77-1,24,-97.83607,22.24986
shape_77-1,25,-97.83662,22.24941
shape_77-1,26,-97.83701,22.24869
shape_77-1,27,-97.83748,22.24792
shape_77-1,28,-97.83748,22.24792
shape_77-1,29,-97.83901,22.24878
shape_77-1,30,-97.84006,22.24933
shape_77-1,31,-97.84132,22.25001
shape_77-1,32,-97.84085,22.25078
shape_77-1,33,-97.83995,22.25213
shape_77-1,34,-97.84148,22.25299
shape_77-1,35,-97.84534,22.25502
shape_77-1,36,-97.84498,22.25564
shape_77-1,37,-97.84471,22.25602
shape_77-1,38,-97.84327,22.25715
shape_77-1,39,-97.84415,22.25801
shape_77-1,40,-97.84453,22.25861
shape_77-1,41,-97.85036,22.26169
shape_77-1,42,-97.8505,22.26164
shape_77-1,43,-97.85211,22.26217
shape_77-1,44,-97.85183,22.26288
shape_77-1,45,-97.85798,22.26482
shape_77-1,46,-97.85615,22.26982
shape_77-1,47,-97.85825,22.27049
shape_77-1,48,-97.85632,22.27542
shape_77-1,49,-97.85507,22.27456
shape_77-1,50,-97.85482,22.2747
shape_77-1,51,-97.85634,22.27675
shape_77-1,52,-97.85885,22.27798
shape_77-1,53,-97.86055,22.27931
shape_65-1,0,-97.85795,22.2134
shape_65-1,1,-97.85669,22.21284
shape_65-1,2,-97.85458,22.2168
shape_65-1,3,-97.86322,22.22062
shape_65-1,4,-97.86329,22.22101
shape_65-1,5,-97.86342,22.2235
shape_65-1,6,-97.86475,22.22666
shape_65-1,7,-97.87216,22.24477
shape_65-1,8,-97.87344,22.24708
shape_65-1,9,-97.87473,22.24946
shape_65-1,10,-97.87645,22.2552
shape_65-1,11,-97.87359,22.25524
shape_65-1,12,-97.87358,22.25619
shape_65-1,13,-97.87358,22.25619
shape_65-1,14,-97.87399,22.25723
shape_65-1,15,-97.87666,22.25725
shape_65-1,16,-97.87645,22.2552
shape_65-1,17,-97.87473,22.24946
shape_65-1,18,-97.87344,22.24708
shape_65-1,19,-97.87216,22.24477
shape_65-1,20,-97.86475,22.22666
shape_65-1,21,-97.86342,22.2235
shape_65-1,22,-97.86329,22.22101
shape_65-1,23,-97.86278,22.21949
shape_65-1,24,-97.85754,22.21717
shape_65-1,25,-97.8593,22.21399
shape_65-1,26,-97.85669,22.21284
shape_64-1,0,-97.78687,22.26404
shape_64-1,1,-97.79573,22.26272
shape_64-1,2,-97.79589,22.26346
shape_64-1,3,-97.79898,22.26318
shape_64-1,4,-97.80813,22.25857
shape_64-1,5,-97.81862,22.25329
shape_64-1,6,-97.81913,22.25318
shape_64-1,7,-97.81978,22.2535
shape_64-1,8,-97.82157,22.25533
shape_64-1,9,-97.83309,22.24563
shape_64-1,10,-97.83509,22.24671
shape_64-1,11,-97.83641,22.24456
shape_64-1,12,-97.83719,22.24493
shape_64-1,13,-97.83633,22.24639
shape_64-1,14,-97.83633,22.24639
shape_64-1,15,-97.83561,22.246
shape_64-1,16,-97.83308,22.24445
shape_64-1,17,-97.83246,22.24497
shape_64-1,18,-97.83129,22.24598
shape_64-1,19,-97.82194,22.25391
shape_64-1,20,-97.81983,22.25337
shape_64-1,21,-97.81913,22.25318
shape_64-1,22,-97.81862,22.25329
shape_64-1,23,-97.80813,22.25857
shape_64-1,24,-97.79898,22.26318
shape_64-1,25,-97.79589,22.26346
shape_64-1,26,-97.79579,22.26273
shape_64-1,27,-97.7869,22.2641
shape_62-1,0,-97.83605,22.24986
shape_62-1,1,-97.83907,22.25292
shape_62-1,2,-97.84001,22.2521
shape_62-1,3,-97.84131,22.24999
shape_62-1,4,-97.84284,22.25087
shape_62-1,5,-97.84678,22.24443
shape_62-1,6,-97.84799,22.24505
shape_62-1,7,-97.84712,22.2446
shape_62-1,8,-97.84877,22.24192
shape_62-1,9,-97.85012,22.2393
shape_62-1,10,-97.85103,22.23751
shape_62-1,11,-97.84982,22.23706
shape_62-1,12,-97.84885,22.23502
shape_62-1,13,-97.84833,22.23342
shape_62-1,14,-97.84753,22.23201
shape_62-1,15,-97.84681,22.23105
shape_62-1,16,-97.84662,22.22981
shape_62-1,17,-97.85263,22.21835
shape_62-1,18,-97.85332,22.21722
shape_62-1,19,-97.85331,22.21723
shape_62-1,20,-97.85587,22.21246
shape_62-1,21,-97.85495,22.21226
shape_62-1,22,-97.85449,22.21295
shape_62-1,23,-97.8525,22.21677
shape_62-1,24,-97.85331,22.21723
shape_62-1,25,-97.84662,22.22981
shape_62-1,26,-97.84681,22.23105
shape_62-1,27,-97.84753,22.23201
shape_62-1,28,-97.84833,22.23342
shape_62-1,29,-97.84885,22.23502
shape_62-1,30,-97.84982,22.23706
shape_62-1,31,-97.85103,22.23751
shape_62-1,32,-97.85012,22.2393
shape_62-1,33,-97.84877,22.24192
shape_62-1,34,-97.84712,22.2446
shape_62-1,35,-97.84799,22.24505
shape_62-1,36,-97.84678,22.24443
shape_62-1,37,-97.84373,22.24943
shape_62-1,38,-97.84223,22.24864
shape_62-1,39,-97.84131,22.24999
shape_62-1,40,-97.84001,22.2521
shape_62-1,41,-97.83915,22.25293
shape_62-1,42,-97.83616,22.24988
shape_112-1,0,-97.95361,22.42503
shape_112-1,1,-97.95399,22.42406
shape_112-1,2,-97.95163,22.42313
shape_112-1,3,-97.95097,22.42767
shape_112-1,4,-97.96221,22.43555
shape_112-1,5,-97.97114,22.44197
shape_112-1,6,-97.97848,22.45288
shape_112-1,7,-97.97785,22.45403
shape_112-1,8,-97.97612,22.45671
shape_112-1,9,-97.97616,22.45803
shape_112-1,10,-97.97135,22.46283
shape_112-1,11,-97.97135,22.46283
shape_112-1,12,-97.97616,22.45803
shape_112-1,13,-97.97612,22.45671
shape_112-1,14,-97.97785,22.45403
shape_112-1,15,-97.97848,22.45288
shape_112-1,16,-97.97114,22.44197
shape_112-1,17,-97.96221,22.43555
shape_112-1,18,-97.95097,22.42767
shape_112-1,19,-97.95163,22.42313
shape_112-1,20,-97.95399,22.42406
shape_68-1,0,-97.85025,22.2109
shape_68-1,1,-97.85285,22.2121
shape_68-1,2,-97.85304,22.21188
shape_68-1,3,-97.8549,22.21231
shape_68-1,4,-97.85588,22.21249
shape_68-1,5,-97.85754,22.21321
shape_68-1,6,-97.85541,22.21719
shape_68-1,7,-97.85122,22.21524
shape_68-1,8,-97.85203,22.21369
shape_68-1,9,-97.85033,22.21294
shape_68-1,10,-97.84699,22.21949
shape_68-1,11,-97.84539,22.22268
shape_68-1,12,-97.84053,22.23204
shape_68-1,13,-97.84026,22.2327
shape_68-1,14,-97.83986,22.23339
shape_68-1,15,-97.84029,22.23354
shape_68-1,16,-97.84379,22.23469
shape_68-1,17,-97.84269,22.23775
shape_68-1,18,-97.84226,22.23848
shape_68-1,19,-97.84098,22.24041
shape_68-1,20,-97.83663,22.24748
shape_68-1,21,-97.83435,22.2463
shape_68-1,22,-97.83435,22.2463
shape_68-1,23,-97.83482,22.2456
shape_68-1,24,-97.83702,22.24673
shape_68-1,25,-97.84098,22.24041
shape_68-1,26,-97.84226,22.23848
shape_68-1,27,-97.84269,22.23775
shape_68-1,28,-97.84361,22.23529
shape_68-1,29,-97.84084,22.23442
shape_68-1,30,-97.84106,22.23383
shape_68-1,31,-97.83986,22.23339
shape_68-1,32,-97.84026,22.2327
shape_68-1,33,-97.84053,22.23204
shape_68-1,34,-97.84298,22.2274
shape_68-1,35,-97.84201,22.22699
shape_68-1,36,-97.84443,22.22225
shape_68-1,37,-97.84605,22.21914
shape_68-1,38,-97.84826,22.21497
shape_68-1,39,-97.84737,22.2146
shape_68-1,40,-97.84821,22.21306
shape_68-1,41,-97.84904,22.21335
shape_68-1,42,-97.85031,22.21095
shape_68-1,43,-97.8528,22.2121
shape_68-1,44,-97.85304,22.21188
shape_60-1,0,-97.87522,22.25862
shape_60-1,1,-97.87606,22.2595
shape_60-1,2,-97.87565,22.26075
shape_60-1,3,-97.87432,22.26043
shape_60-1,4,-97.87461,22.2591
shape_60-1,5,-97.87516,22.25854
shape_60-1,6,-97.87396,22.25725
shape_60-1,7,-97.87357,22.25618
shape_60-1,8,-97.8736,22.25522
shape_60-1,9,-97.86465,22.25523
shape_60-1,10,-97.86387,22.25728
shape_60-1,11,-97.86207,22.26026
shape_60-1,12,-97.8612,22.26219
shape_60-1,13,-97.86049,22.26337
shape_60-1,14,-97.86012,22.2632
shape_60-1,15,-97.85934,22.26274
shape_60-1,16,-97.85873,22.26248
shape_60-1,17,-97.85767,22.26215
shape_60-1,18,-97.85677,22.26217
shape_60-1,19,-97.85563,22.26173
shape_60-1,20,-97.85415,22.26129
shape_60-1,21,-97.8557,22.25721
shape_60-1,22,-97.85488,22.25723
shape_60-1,23,-97.85002,22.25463
shape_60-1,24,-97.85165,22.25406
shape_60-1,25,-97.84526,22.25027
shape_60-1,26,-97.83521,22.24485
shape_60-1,27,-97.83435,22.24628
shape_60-1,28,-97.83435,22.24628
shape_60-1,29,-97.83656,22.24746
shape_60-1,30,-97.84432,22.25171
shape_60-1,31,-97.84703,22.25316
shape_60-1,32,-97.85002,22.25463
shape_60-1,33,-97.85263,22.25603
shape_60-1,34,-97.8541,22.25684
shape_60-1,35,-97.85262,22.26078
shape_60-1,36,-97.85563,22.26173
shape_60-1,37,-97.85677,22.26217
shape_60-1,38,-97.85767,22.26215
shape_60-1,39,-97.85873,22.26248
shape_60-1,40,-97.85934,22.26274
shape_60-1,41,-97.86012,22.2632
shape_60-1,42,-97.86049,22.26337
shape_60-1,43,-97.8612,22.26219
shape_60-1,44,-97.86207,22.26026
shape_60-1,45,-97.86387,22.25728
shape_60-1,46,-97.86465,22.25523
shape_60-1,47,-97.8736,22.25522
shape_60-1,48,-97.87357,22.25618
shape_60-1,49,-97.87396,22.25725
shape_60-1,50,-97.87523,22.25864
shape_60-1,51,-97.87461,22.2591
shape_60-1,52,-97.87432,22.26043
shape_60-1,53,-97.87565,22.26075
shape_60-1,54,-97.87609,22.25951
shape_60-1,55,-97.87523,22.25865
shape_84-1,0,-97.91772,22.2217
shape_84-1,1,-97.91407,22.22258
shape_84-1,2,-97.90915,22.22374
shape_84-1,3,-97.90376,22.22436
shape_84-1,4,-97.89539,22.22661
shape_84-1,5,-97.89512,22.22617
shape_84-1,6,-97.89416,22.22501
shape_84-1,7,-97.89362,22.22481
shape_84-1,8,-97.89188,22.22471
shape_84-1,9,-97.8891,22.22381
shape_84-1,10,-97.88901,22.22351
shape_84-1,11,-97.88679,22.22295
shape_84-1,12,-97.88549,22.22324
shape_84-1,13,-97.87148,22.21793
shape_84-1,14,-97.8718,22.21731
shape_84-1,15,-97.8683,22.21603
shape_84-1,16,-97.86785,22.21563
shape_84-1,17,-97.8662,22.21498
shape_84-1,18,-97.86471,22.21471
shape_84-1,19,-97.8573,22.21191
shape_84-1,20,-97.85664,22.21287
shape_84-1,21,-97.85696,22.21239
shape_84-1,22,-97.8574,22.21256
shape_84-1,23,-97.85731,22.21279
shape_84-1,24,-97.85731,22.21279
shape_84-1,25,-97.85721,22.21297
shape_84-1,26,-97.85718,22.21305
shape_84-1,27,-97.85754,22.21325
shape_84-1,28,-97.85808,22.21347
shape_84-1,29,-97.85967,22.21423
shape_84-1,30,-97.8599,22.21467
shape_84-1,31,-97.86009,22.21437
shape_84-1,32,-97.8604,22.2141
shape_84-1,33,-97.86089,22.21453
shape_84-1,34,-97.86346,22.21568
shape_84-1,35,-97.86405,22.21447
shape_84-1,36,-97.8648,22.21476
shape_84-1,37,-97.8662,22.21498
shape_84-1,38,-97.86785,22.21563
shape_84-1,39,-97.8683,22.21603
shape_84-1,40,-97.8718,22.21731
shape_84-1,41,-97.87148,22.21793
shape_84-1,42,-97.88549,22.22324
shape_84-1,43,-97.88679,22.22295
shape_84-1,44,-97.88901,22.22351
shape_84-1,45,-97.8891,22.22381
shape_84-1,46,-97.89188,22.22471
shape_84-1,47,-97.89362,22.22481
shape_84-1,48,-97.89416,22.22501
shape_84-1,49,-97.89512,22.22617
shape_84-1,50,-97.89539,22.22661
shape_84-1,51,-97.90376,22.22436
shape_84-1,52,-97.90915,22.22374
shape_84-1,53,-97.91769,22.22179
shape_88A-1,0,-97.90939,22.41537
shape_88A-1,1,-97.91201,22.41686
shape_88A-1,2,-97.91274,22.41571
shape_88A-1,3,-97.91306,22.41566
shape_88A-1,4,-97.91434,22.41577
shape_88A-1,5,-97.91507,22.41587
shape_88A-1,6,-97.91595,22.41658
shape_88A-1,7,-97.91627,22.41508
shape_88A-1,8,-97.91647,22.41411
shape_88A-1,9,-97.91565,22.41404
shape_88A-1,10,-97.91579,22.41321
shape_88A-1,11,-97.9188,22.41348
shape_88A-1,12,-97.91893,22.41232
shape_88A-1,13,-97.9195,22.41199
shape_88A-1,14,-97.91991,22.41191
shape_88A-1,15,-97.92128,22.41211
shape_88A-1,16,-97.92084,22.41546
shape_88A-1,17,-97.92232,22.41568
shape_88A-1,18,-97.9221,22.41767
shape_88A-1,19,-97.92401,22.41788
shape_88A-1,20,-97.93112,22.41849
shape_88A-1,21,-97.93156,22.41803
shape_88A-1,22,-97.93173,22.41758
shape_88A-1,23,-97.93169,22.41235
shape_88A-1,24,-97.93179,22.41213
shape_88A-1,25,-97.93462,22.4106
shape_88A-1,26,-97.93247,22.40797
shape_88A-1,27,-97.93462,22.4106
shape_88A-1,28,-97.93833,22.40853
shape_88A-1,29,-97.93726,22.40577
shape_88A-1,30,-97.93805,22.39722
shape_88A-1,31,-97.93689,22.39694
shape_88A-1,32,-97.9367,22.39775
shape_88A-1,33,-97.93669,22.39778
shape_88A-1,34,-97.93762,22.39796
shape_88A-1,35,-97.93793,22.39803
shape_88A-1,36,-97.93726,22.40577
shape_88A-1,37,-97.93833,22.40853
shape_88A-1,38,-97.93462,22.4106
shape_88A-1,39,-97.93247,22.40797
shape_88A-1,40,-97.93462,22.4106
shape_88A-1,41,-97.93179,22.41213
shape_88A-1,42,-97.93169,22.41235
shape_88A-1,43,-97.93173,22.41758
shape_88A-1,44,-97.93156,22.41803
shape_88A-1,45,-97.93112,22.41849
shape_88A-1,46,-97.92401,22.41788
shape_88A-1,47,-97.9221,22.41767
shape_88A-1,48,-97.92232,22.41568
shape_88A-1,49,-97.92084,22.41546
shape_88A-1,50,-97.92128,22.41211
shape_88A-1,51,-97.91991,22.41191
shape_88A-1,52,-97.9195,22.41199
shape_88A-1,53,-97.91893,22.41232
shape_88A-1,54,-97.9188,22.41348
shape_88A-1,55,-97.91579,22.41321
shape_88A-1,56,-97.91565,22.41404
shape_88A-1,57,-97.91647,22.41411
shape_88A-1,58,-97.91627,22.41508
shape_88A-1,59,-97.91595,22.41658
shape_88A-1,60,-97.91507,22.41587
shape_88A-1,61,-97.91434,22.41577
shape_88A-1,62,-97.91306,22.41566
shape_88A-1,63,-97.91274,22.41571
shape_88A-1,64,-97.91201,22.41686
shape_87-1,0,-97.83835,22.29698
shape_87-1,1,-97.83673,22.29202
shape_87-1,2,-97.83641,22.29064
shape_87-1,3,-97.83635,22.28871
shape_87-1,4,-97.83524,22.28876
shape_87-1,5,-97.83487,22.28836
shape_87-1,6,-97.83456,22.27706
shape_87-1,7,-97.83361,22.27708
shape_87-1,8,-97.83362,22.27697
shape_87-1,9,-97.83359,22.27669
shape_87-1,10,-97.83427,22.27666
shape_87-1,11,-97.83386,22.27537
shape_87-1,12,-97.83363,22.27468
shape_87-1,13,-97.82447,22.26526
shape_87-1,14,-97.82747,22.26264
shape_87-1,15,-97.82972,22.26074
shape_87-1,16,-97.83139,22.25948
shape_87-1,17,-97.83714,22.25457
shape_87-1,18,-97.83706,22.25439
shape_87-1,19,-97.83349,22.25087
shape_87-1,20,-97.83565,22.24889
shape_87-1,21,-97.83753,22.24613
shape_87-1,22,-97.836,22.24525
shape_87-1,23,-97.836,22.24525
shape_87-1,24,-97.83644,22.2446
shape_87-1,25,-97.83794,22.24535
shape_87-1,26,-97.83565,22.24889
shape_87-1,27,-97.83349,22.25087
shape_87-1,28,-97.8316,22.25248
shape_87-1,29,-97.83094,22.25311
shape_87-1,30,-97.83457,22.25682
shape_87-1,31,-97.83139,22.25948
shape_87-1,32,-97.82972,22.26074
shape_87-1,33,-97.82747,22.26264
shape_87-1,34,-97.82447,22.26526
shape_87-1,35,-97.83363,22.27468
shape_87-1,36,-97.83386,22.27537
shape_87-1,37,-97.83427,22.27666
shape_87-1,38,-97.83359,22.27669
shape_87-1,39,-97.83362,22.27697
shape_87-1,40,-97.83361,22.27708
shape_87-1,41,-97.83456,22.27706
shape_87-1,42,-97.83487,22.28836
shape_87-1,43,-97.83524,22.28876
shape_87-1,44,-97.83635,22.28871
shape_87-1,45,-97.83641,22.29064
shape_87-1,46,-97.83673,22.29202
shape_89-1,0,-97.93564,22.39875
shape_89-1,1,-97.9358,22.39761
shape_89-1,2,-97.93671,22.39781
shape_89-1,3,-97.9365,22.39884
shape_89-1,4,-97.93525,22.39874
shape_89-1,5,-97.93471,22.39807
shape_89-1,6,-97.9341,22.39736
shape_89-1,7,-97.9358,22.39762
shape_89-1,8,-97.93409,22.39734
shape_89-1,9,-97.93403,22.3964
shape_89-1,10,-97.93425,22.39562
shape_89-1,11,-97.93328,22.39532
shape_89-1,12,-97.932,22.39424
shape_89-1,13,-97.92965,22.39702
shape_89-1,14,-97.92838,22.39763
shape_89-1,15,-97.92878,22.39819
shape_89-1,16,-97.93028,22.39961
shape_89-1,17,-97.92939,22.40474
shape_89-1,18,-97.9297,22.40506
shape_89-1,19,-97.92848,22.40557
shape_89-1,20,-97.9285,22.40525
shape_89-1,21,-97.92704,22.4051
shape_89-1,22,-97.92692,22.40641
shape_89-1,23,-97.92613,22.40632
shape_89-1,24,-97.92588,22.40716
shape_89-1,25,-97.92497,22.40712
shape_89-1,26,-97.92395,22.40698
shape_89-1,27,-97.92303,22.40689
shape_89-1,28,-97.92208,22.40676
shape_89-1,29,-97.9225,22.40344
shape_89-1,30,-97.92159,22.40341
shape_89-1,31,-97.92145,22.40357
shape_89-1,32,-97.92006,22.4033
shape_89-1,33,-97.91961,22.40571
shape_89-1,34,-97.91968,22.40657
shape_89-1,35,-97.91513,22.40621
shape_89-1,36,-97.91513,22.40602
shape_89-1,37,-97.91435,22.40603
shape_89-1,38,-97.91323,22.40874
shape_89-1,39,-97.91052,22.40839
shape_89-1,40,-97.90749,22.40808
shape_89-1,41,-97.90738,22.40901
shape_89-1,42,-97.90724,22.40974
shape_89-1,43,-97.90709,22.40989
shape_89-1,44,-97.90708,22.41042
shape_89-1,45,-97.90573,22.41032
shape_89-1,46,-97.90533,22.41322
shape_89-1,47,-97.90665,22.41343
shape_89-1,48,-97.90655,22.41447
shape_89-1,49,-97.90798,22.41457
shape_89-1,50,-97.91039,22.41595
shape_89-1,51,-97.91039,22.41595
shape_89-1,52,-97.90798,22.41457
shape_89-1,53,-97.90655,22.41447
shape_89-1,54,-97.90665,22.41343
shape_89-1,55,-97.90533,22.41322
shape_89-1,56,-97.90573,22.41032
shape_89-1,57,-97.90708,22.41042
shape_89-1,58,-97.90709,22.40989
shape_89-1,59,-97.90724,22.40974
shape_89-1,60,-97.90738,22.40901
shape_89-1,61,-97.90749,22.40808
shape_89-1,62,-97.91052,22.40839
shape_89-1,63,-97.91323,22.40874
shape_89-1,64,-97.91435,22.40603
shape_89-1,65,-97.91513,22.40602
shape_89-1,66,-97.91513,22.40621
shape_89-1,67,-97.91968,22.40657
shape_89-1,68,-97.91987,22.40658
shape_89-1,69,-97.92004,22.40657
shape_89-1,70,-97.92042,22.40657
shape_89-1,71,-97.9209,22.4066
shape_89-1,72,-97.92157,22.4067
shape_89-1,73,-97.92208,22.40676
shape_89-1,74,-97.92303,22.40689
shape_89-1,75,-97.92395,22.40698
shape_89-1,76,-97.92497,22.40712
shape_89-1,77,-97.92588,22.40716
shape_89-1,78,-97.92613,22.40632
shape_89-1,79,-97.92692,22.40641
shape_89-1,80,-97.92704,22.4051
shape_89-1,81,-97.9285,22.40525
shape_89-1,82,-97.92848,22.40557
shape_89-1,83,-97.9297,22.40506
shape_89-1,84,-97.92939,22.40474
shape_89-1,85,-97.93028,22.39961
shape_89-1,86,-97.92878,22.39819
shape_89-1,87,-97.92838,22.39763
shape_89-1,88,-97.92965,22.39702
shape_89-1,89,-97.932,22.39424
shape_89-1,90,-97.93328,22.39532
shape_89-1,91,-97.93425,22.39562
shape_89-1,92,-97.93403,22.3964
shape_89-1,93,-97.93409,22.39732
shape_89-1,94,-97.93669,22.39779
shape_89-1,95,-97.93652,22.39882
shape_89-1,96,-97.93669,22.39779
shape_89-1,97,-97.93763,22.39796
shape_89-1,98,-97.93747,22.39894
shape_89-1,99,-97.93638,22.39881
shape_89-1,100,-97.93529,22.39877
shape_89-1,101,-97.93409,22.39732
shape_32-1,0,-97.83832,22.297
shape_32-1,1,-97.83794,22.29565
shape_32-1,2,-97.8376,22.29473
shape_32-1,3,-97.83703,22.29291
shape_32-1,4,-97.83665,22.29178
shape_32-1,5,-97.83642,22.29065
shape_32-1,6,-97.83633,22.28872
shape_32-1,7,-97.83527,22.28876
shape_32-1,8,-97.83489,22.28887
shape_32-1,9,-97.83452,22.27701
shape_32-1,10,-97.83356,22.27698
shape_32-1,11,-97.83358,22.27669
shape_32-1,12,-97.83425,22.27665
shape_32-1,13,-97.83382,22.27534
shape_32-1,14,-97.83361,22.27464
shape_32-1,15,-97.82447,22.26526
shape_32-1,16,-97.82746,22.26264
shape_32-1,17,-97.83726,22.25445
shape_32-1,18,-97.83518,22.24946
shape_32-1,19,-97.83759,22.24612
shape_32-1,20,-97.8352,22.24485
shape_32-1,21,-97.83564,22.24415
shape_32-1,22,-97.83785,22.24532
shape_32-1,23,-97.8374,22.246
shape_32-1,24,-97.8374,22.246
shape_32-1,25,-97.83785,22.24532
shape_32-1,26,-97.83564,22.24415
shape_32-1,27,-97.8352,22.24485
shape_32-1,28,-97.83759,22.24612
shape_32-1,29,-97.83518,22.24946
shape_32-1,30,-97.83726,22.25445
shape_32-1,31,-97.82746,22.26264
shape_32-1,32,-97.82447,22.26526
shape_32-1,33,-97.83361,22.27464
shape_32-1,34,-97.83382,22.27534
shape_32-1,35,-97.83425,22.27665
shape_32-1,36,-97.83358,22.27669
shape_32-1,37,-97.83356,22.27698
shape_32-1,38,-97.83452,22.27701
shape_32-1,39,-97.83489,22.28887
shape_32-1,40,-97.83527,22.28876
shape_32-1,41,-97.83633,22.28872
shape_32-1,42,-97.83642,22.29065
shape_32-1,43,-97.83665,22.29178
shape_32-1,44,-97.83703,22.29291
shape_32-1,45,-97.8376,22.29473
shape_32-1,46,-97.83794,22.29565
shape_58-1,0,-97.86651,22.30294
shape_58-1,1,-97.86419,22.30257
shape_58-1,2,-97.86408,22.30272
shape_58-1,3,-97.85761,22.30496
shape_58-1,4,-97.8525,22.2925
shape_58-1,5,-97.85291,22.29219
shape_58-1,6,-97.84818,22.2806
shape_58-1,7,-97.84146,22.26423
shape_58-1,8,-97.84316,22.25985
shape_58-1,9,-97.8437,22.2588
shape_58-1,10,-97.83604,22.25099
shape_58-1,11,-97.83668,22.25046
shape_58-1,12,-97.83736,22.24978
shape_58-1,13,-97.83662,22.2494
shape_58-1,14,-97.83609,22.24992
shape_58-1,15,-97.83609,22.24992
shape_58-1,16,-97.8391,22.25295
shape_58-1,17,-97.83865,22.2533
shape_58-1,18,-97.83855,22.25339
shape_58-1,19,-97.83847,22.25343
shape_58-1,20,-97.8437,22.2588
shape_58-1,21,-97.84316,22.25985
shape_58-1,22,-97.84146,22.26423
shape_58-1,23,-97.84731,22.27933
shape_58-1,24,-97.85199,22.29146
shape_58-1,25,-97.8525,22.2925
shape_58-1,26,-97.85761,22.30496
shape_58-1,27,-97.86425,22.30261
shape_58-1,28,-97.86653,22.30295
shape_63-1,0,-97.8891,22.27737
shape_63-1,1,-97.88733,22.2773
shape_63-1,2,-97.88505,22.27823
shape_63-1,3,-97.88409,22.27892
shape_63-1,4,-97.88361,22.27903
shape_63-1,5,-97.88218,22.27894
shape_63-1,6,-97.88113,22.27898
shape_63-1,7,-97.88006,22.27846
shape_63-1,8,-97.87787,22.27657
shape_63-1,9,-97.87396,22.27548
shape_63-1,10,-97.87466,22.27296
shape_63-1,11,-97.87413,22.27106
shape_63-1,12,-97.87375,22.26957
shape_63-1,13,-97.87382,22.26702
shape_63-1,14,-97.87456,22.26534
shape_63-1,15,-97.87616,22.25951
shape_63-1,16,-97.87661,22.25728
shape_63-1,17,-97.87642,22.25516
shape_63-1,18,-97.87592,22.25325
shape_63-1,19,-97.874,22.24803
shape_63-1,20,-97.87306,22.24652
shape_63-1,21,-97.86962,22.24823
shape_63-1,22,-97.8672,22.24936
shape_63-1,23,-97.86574,22.25
shape_63-1,24,-97.86338,22.25063
shape_63-1,25,-97.85814,22.25212
shape_63-1,26,-97.85758,22.2466
shape_63-1,27,-97.85739,22.24642
shape_63-1,28,-97.85525,22.24533
shape_63-1,29,-97.85525,22.24533
shape_63-1,30,-97.85505,22.24743
shape_63-1,31,-97.85459,22.24816
shape_63-1,32,-97.8549,22.25054
shape_63-1,33,-97.85418,22.25181
shape_63-1,34,-97.85366,22.25353
shape_63-1,35,-97.85819,22.25228
shape_63-1,36,-97.86338,22.25063
shape_63-1,37,-97.86574,22.25
shape_63-1,38,-97.8672,22.24936
shape_63-1,39,-97.86962,22.24823
shape_63-1,40,-97.87306,22.24652
shape_63-1,41,-97.874,22.24803
shape_63-1,42,-97.87592,22.25325
shape_63-1,43,-97.87642,22.25516
shape_63-1,44,-97.87661,22.25728
shape_63-1,45,-97.87616,22.25951
shape_63-1,46,-97.87456,22.26534
shape_63-1,47,-97.87382,22.26702
shape_63-1,48,-97.87375,22.26957
shape_63-1,49,-97.87413,22.27106
shape_63-1,50,-97.87466,22.27296
shape_63-1,51,-97.87396,22.27548
shape_63-1,52,-97.87787,22.27657
shape_63-1,53,-97.88006,22.27846
shape_63-1,54,-97.88113,22.27898
shape_63-1,55,-97.88218,22.27894
shape_63-1,56,-97.88361,22.27903
shape_63-1,57,-97.88409,22.27892
shape_63-1,58,-97.88505,22.27823
shape_63-1,59,-97.8868,22.27742
shape_63-1,60,-97.88913,22.27737
shape_12-1,0,-97.89575,22.23164
shape_12-1,1,-97.89559,22.23067
shape_12-1,2,-97.89527,22.22969
shape_12-1,3,-97.89455,22.22683
shape_12-1,4,-97.89301,22.22727
shape_12-1,5,-97.89185,22.22799
shape_12-1,6,-97.89119,22.22825
shape_12-1,7,-97.89039,22.22828
shape_12-1,8,-97.88967,22.22808
shape_12-1,9,-97.88955,22.22795
shape_12-1,10,-97.88952,22.2276
shape_12-1,11,-97.88968,22.22741
shape_12-1,12,-97.89008,22.22726
shape_12-1,13,-97.89118,22.22745
shape_12-1,14,-97.89179,22.22743
shape_12-1,15,-97.8933,22.22709
shape_12-1,16,-97.89459,22.22675
shape_12-1,17,-97.89543,22.22658
shape_12-1,18,-97.89515,22.2262
shape_12-1,19,-97.89477,22.22581
shape_12-1,20,-97.8942,22.22503
shape_12-1,21,-97.89377,22.22484
shape_12-1,22,-97.89194,22.22468
shape_12-1,23,-97.8908,22.22444
shape_12-1,24,-97.88936,22.22392
shape_12-1,25,-97.88883,22.22334
shape_12-1,26,-97.88895,22.22375
shape_12-1,27,-97.88671,22.22292
shape_12-1,28,-97.88547,22.22325
shape_12-1,29,-97.8705,22.21755
shape_12-1,30,-97.87078,22.21697
shape_12-1,31,-97.86827,22.21603
shape_12-1,32,-97.86778,22.2156
shape_12-1,33,-97.86616,22.21499
shape_12-1,34,-97.86474,22.21472
shape_12-1,35,-97.86405,22.21446
shape_12-1,36,-97.86323,22.21619
shape_12-1,37,-97.86068,22.21508
shape_12-1,38,-97.86049,22.21503
shape_12-1,39,-97.86011,22.21435
shape_12-1,40,-97.85939,22.2137
shape_12-1,41,-97.85897,22.21342
shape_12-1,42,-97.85855,22.21328
shape_12-1,43,-97.85767,22.21294
shape_12-1,44,-97.85777,22.2127
shape_12-1,45,-97.85604,22.21205
shape_12-1,46,-97.85584,22.21248
shape_12-1,47,-97.85923,22.21402
shape_12-1,48,-97.85839,22.21561
shape_12-1,49,-97.86179,22.21711
shape_12-1,50,-97.86319,22.21415
shape_12-1,51,-97.86405,22.21446
shape_12-1,52,-97.86405,22.21446
shape_12-1,53,-97.86319,22.21415
shape_12-1,54,-97.86179,22.21711
shape_12-1,55,-97.85839,22.21561
shape_12-1,56,-97.85923,22.21402
shape_12-1,57,-97.85584,22.21248
shape_12-1,58,-97.85604,22.21205
shape_12-1,59,-97.85777,22.2127
shape_12-1,60,-97.85767,22.21294
shape_12-1,61,-97.85855,22.21328
shape_12-1,62,-97.85897,22.21342
shape_12-1,63,-97.85939,22.2137
shape_12-1,64,-97.86011,22.21435
shape_12-1,65,-97.86049,22.21503
shape_12-1,66,-97.86068,22.21508
shape_12-1,67,-97.86323,22.21619
shape_12-1,68,-97.86405,22.21446
shape_12-1,69,-97.86474,22.21472
shape_12-1,70,-97.86616,22.21499
shape_12-1,71,-97.86778,22.2156
shape_12-1,72,-97.86827,22.21603
shape_12-1,73,-97.87078,22.21697
shape_12-1,74,-97.8705,22.21755
shape_12-1,75,-97.88547,22.22325
shape_12-1,76,-97.88671,22.22292
shape_12-1,77,-97.88895,22.22375
shape_12-1,78,-97.88883,22.22334
shape_12-1,79,-97.88936,22.22392
shape_12-1,80,-97.8908,22.22444
shape_12-1,81,-97.89194,22.22468
shape_12-1,82,-97.89377,22.22484
shape_12-1,83,-97.8942,22.22503
shape_12-1,84,-97.89477,22.22581
shape_12-1,85,-97.89515,22.2262
shape_12-1,86,-97.89543,22.22658
shape_12-1,87,-97.89459,22.22675
shape_12-1,88,-97.8933,22.22709
shape_12-1,89,-97.89179,22.22743
shape_12-1,90,-97.89118,22.22745
shape_12-1,91,-97.89008,22.22726
shape_12-1,92,-97.88968,22.22741
shape_12-1,93,-97.88952,22.2276
shape_12-1,94,-97.88955,22.22795
shape_12-1,95,-97.88967,22.22808
shape_12-1,96,-97.89039,22.22828
shape_12-1,97,-97.89119,22.22825
shape_12-1,98,-97.89185,22.22799
shape_12-1,99,-97.89301,22.22727
shape_12-1,100,-97.89455,22.22683
shape_12-1,101,-97.89527,22.22969
shape_12-1,102,-97.89558,22.23067
shape_27-1,0,-97.85939,22.21367
shape_27-1,1,-97.86009,22.21431
shape_27-1,2,-97.86036,22.2141
shape_27-1,3,-97.86093,22.21457
shape_27-1,4,-97.86434,22.21604
shape_27-1,5,-97.8659,22.21672
shape_27-1,6,-97.86629,22.21718
shape_27-1,7,-97.86689,22.21777
shape_27-1,8,-97.86789,22.21863
shape_27-1,9,-97.86825,22.21897
shape_27-1,10,-97.86851,22.21932
shape_27-1,11,-97.86882,22.21994
shape_27-1,12,-97.86915,22.22051
shape_27-1,13,-97.86965,22.22104
shape_27-1,14,-97.86991,22.22135
shape_27-1,15,-97.87008,22.22176
shape_27-1,16,-97.87048,22.22407
shape_27-1,17,-97.87193,22.22678
shape_27-1,18,-97.87421,22.22629
shape_27-1,19,-97.8769,22.22562
shape_27-1,20,-97.88157,22.22444
shape_27-1,21,-97.88256,22.22437
shape_27-1,22,-97.88364,22.22446
shape_27-1,23,-97.88525,22.22498
shape_27-1,24,-97.88669,22.22555
shape_27-1,25,-97.89026,22.2273
shape_27-1,26,-97.89121,22.22747
shape_27-1,27,-97.89243,22.2273
shape_27-1,28,-97.89657,22.22628
shape_27-1,29,-97.89947,22.22551
shape_27-1,30,-97.90213,22.2248
shape_27-1,31,-97.90376,22.2244
shape_27-1,32,-97.90708,22.22383
shape_27-1,33,-97.90953,22.22358
shape_27-1,34,-97.92213,22.22066
shape_27-1,35,-97.92723,22.21945
shape_27-1,36,-97.92728,22.21965
shape_27-1,37,-97.92214,22.22088
shape_27-1,38,-97.92296,22.22335
shape_27-1,39,-97.92318,22.22428
shape_27-1,40,-97.92318,22.22428
shape_27-1,41,-97.92006,22.22487
shape_27-1,42,-97.9184,22.22529
shape_27-1,43,-97.91798,22.22516
shape_27-1,44,-97.91741,22.2252
shape_27-1,45,-97.91393,22.22587
shape_27-1,46,-97.90979,22.22685
shape_27-1,47,-97.90554,22.22729
shape_27-1,48,-97.90538,22.22713
shape_27-1,49,-97.90431,22.22723
shape_27-1,50,-97.90417,22.22614
shape_27-1,51,-97.90376,22.2244
shape_27-1,52,-97.90213,22.2248
shape_27-1,53,-97.89947,22.22551
shape_27-1,54,-97.89657,22.22628
shape_27-1,55,-97.89254,22.22752
shape_27-1,56,-97.89147,22.22817
shape_27-1,57,-97.89017,22.22821
shape_27-1,58,-97.88921,22.22781
shape_27-1,59,-97.88788,22.22671
shape_27-1,60,-97.88663,22.22563
shape_27-1,61,-97.88525,22.22498
shape_27-1,62,-97.88364,22.22446
shape_27-1,63,-97.88256,22.22437
shape_27-1,64,-97.88157,22.22444
shape_27-1,65,-97.8769,22.22562
shape_27-1,66,-97.87421,22.22629
shape_27-1,67,-97.87193,22.22678
shape_27-1,68,-97.8713,22.22681
shape_27-1,69,-97.87065,22.22628
shape_27-1,70,-97.87041,22.22568
shape_27-1,71,-97.86955,22.22485
shape_27-1,72,-97.86906,22.22267
shape_27-1,73,-97.86874,22.22206
shape_27-1,74,-97.86758,22.22117
shape_27-1,75,-97.86562,22.22127
shape_27-1,76,-97.86516,22.22242
shape_27-1,77,-97.86455,22.22343
shape_27-1,78,-97.86347,22.22353
shape_27-1,79,-97.8633,22.22087
shape_27-1,80,-97.86272,22.21949
shape_27-1,81,-97.85928,22.21793
shape_27-1,82,-97.86148,22.21351
shape_27-1,83,-97.85982,22.21288
shape_27-1,84,-97.85938,22.21366
shape_27-1,85,-97.86009,22.21431
shape_80-1,0,-97.86687,22.27867
shape_80-1,1,-97.86302,22.28151
shape_80-1,2,-97.86057,22.27923
shape_80-1,3,-97.8563,22.2755
shape_80-1,4,-97.85861,22.26954
shape_80-1,5,-97.85943,22.26686
shape_80-1,6,-97.86042,22.26338
shape_80-1,7,-97.86162,22.26124
shape_80-1,8,-97.86312,22.25882
shape_80-1,9,-97.86379,22.25731
shape_80-1,10,-97.86469,22.25522
shape_80-1,11,-97.86477,22.25435
shape_80-1,12,-97.86559,22.25314
shape_80-1,13,-97.86677,22.25113
shape_80-1,14,-97.86724,22.24942
shape_80-1,15,-97.86767,22.24702
shape_80-1,16,-97.86696,22.24438
shape_80-1,17,-97.86707,22.24272
shape_80-1,18,-97.86636,22.23778
shape_80-1,19,-97.8657,22.23548
shape_80-1,20,-97.86503,22.23351
shape_80-1,21,-97.86467,22.23181
shape_80-1,22,-97.86411,22.2303
shape_80-1,23,-97.86495,22.22734
shape_80-1,24,-97.8635,22.22356
shape_80-1,25,-97.86325,22.22159
shape_80-1,26,-97.8558,22.21837
shape_80-1,27,-97.85541,22.21914
shape_80-1,28,-97.85626,22.21954
shape_80-1,29,-97.85626,22.21954
shape_80-1,30,-97.85718,22.21993
shape_80-1,31,-97.85827,22.22041
shape_80-1,32,-97.86334,22.22263
shape_80-1,33,-97.8635,22.22356
shape_80-1,34,-97.86495,22.22734
shape_80-1,35,-97.86574,22.2295
shape_80-1,36,-97.86417,22.23024
shape_80-1,37,-97.86419,22.23036
shape_80-1,38,-97.86279,22.23066
shape_80-1,39,-97.86354,22.2335
shape_80-1,40,-97.86341,22.2338
shape_80-1,41,-97.86356,22.23832
shape_80-1,42,-97.86361,22.24117
shape_80-1,43,-97.86422,22.24118
shape_80-1,44,-97.86432,22.24144
shape_80-1,45,-97.8663,22.24126
shape_80-1,46,-97.86638,22.24273
shape_80-1,47,-97.86641,22.24441
shape_80-1,48,-97.86651,22.24687
shape_80-1,49,-97.86644,22.24793
shape_80-1,50,-97.86599,22.24991
shape_80-1,51,-97.86327,22.25079
shape_80-1,52,-97.86334,22.25276
shape_80-1,53,-97.86473,22.25302
shape_80-1,54,-97.86477,22.25435
shape_80-1,55,-97.86469,22.25522
shape_80-1,56,-97.86379,22.25731
shape_80-1,57,-97.86312,22.25882
shape_80-1,58,-97.86162,22.26124
shape_80-1,59,-97.86042,22.26338
shape_80-1,60,-97.85943,22.26686
shape_80-1,61,-97.85861,22.26954
shape_80-1,62,-97.8563,22.27546
shape_80-1,63,-97.85456,22.27421
shape_80-1,64,-97.8561,22.27667
shape_80-1,65,-97.86057,22.27923
shape_80-1,66,-97.86306,22.28153
shape_80-1,67,-97.86735,22.27836
shape_8-1,0,-97.85824,22.25217
shape_8-1,1,-97.8576,22.24658
shape_8-1,2,-97.85521,22.24532
shape_8-1,3,-97.85512,22.24673
shape_8-1,4,-97.85503,22.24718
shape_8-1,5,-97.8548,22.24769
shape_8-1,6,-97.85459,22.24807
shape_8-1,7,-97.85476,22.24958
shape_8-1,8,-97.85487,22.2504
shape_8-1,9,-97.85431,22.25139
shape_8-1,10,-97.85353,22.25355
shape_8-1,11,-97.8601,22.25168
shape_8-1,12,-97.86356,22.25061
shape_8-1,13,-97.86602,22.24992
shape_8-1,14,-97.86724,22.24937
shape_8-1,15,-97.86962,22.24822
shape_8-1,16,-97.87306,22.24653
shape_8-1,17,-97.87406,22.24829
shape_8-1,18,-97.87492,22.25045
shape_8-1,19,-97.87569,22.25271
shape_8-1,20,-97.8761,22.25404
shape_8-1,21,-97.87641,22.25542
shape_8-1,22,-97.87653,22.25697
shape_8-1,23,-97.87628,22.25863
shape_8-1,24,-97.87566,22.2607
shape_8-1,25,-97.87497,22.2635
shape_8-1,26,-97.8741,22.26618
shape_8-1,27,-97.87361,22.26762
shape_8-1,28,-97.87359,22.26943
shape_8-1,29,-97.87392,22.27092
shape_8-1,30,-97.87456,22.27251
shape_8-1,31,-97.8743,22.27429
shape_8-1,32,-97.8738,22.27549
shape_8-1,33,-97.87563,22.27598
shape_8-1,34,-97.87764,22.27657
shape_8-1,35,-97.87823,22.27692
shape_8-1,36,-97.87914,22.27784
shape_8-1,37,-97.88074,22.27893
shape_8-1,38,-97.88233,22.27903
shape_8-1,39,-97.88368,22.27909
shape_8-1,40,-97.88451,22.27875
shape_8-1,41,-97.8866,22.2775
shape_8-1,42,-97.88763,22.27735
shape_8-1,43,-97.88912,22.27743
shape_8-1,44,-97.89066,22.27667
shape_8-1,45,-97.89066,22.27667
shape_8-1,46,-97.88912,22.27743
shape_8-1,47,-97.88763,22.27735
shape_8-1,48,-97.8866,22.2775
shape_8-1,49,-97.88451,22.27875
shape_8-1,50,-97.88368,22.27909
shape_8-1,51,-97.88233,22.27903
shape_8-1,52,-97.88074,22.27893
shape_8-1,53,-97.87914,22.27784
shape_8-1,54,-97.87823,22.27692
shape_8-1,55,-97.87764,22.27657
shape_8-1,56,-97.87563,22.27598
shape_8-1,57,-97.8738,22.27549
shape_8-1,58,-97.8743,22.27429
shape_8-1,59,-97.87456,22.27251
shape_8-1,60,-97.87392,22.27092
shape_8-1,61,-97.87359,22.26943
shape_8-1,62,-97.87361,22.26762
shape_8-1,63,-97.8741,22.26618
shape_8-1,64,-97.87497,22.2635
shape_8-1,65,-97.87566,22.2607
shape_8-1,66,-97.87628,22.25863
shape_8-1,67,-97.87653,22.25697
shape_8-1,68,-97.87641,22.25542
shape_8-1,69,-97.8761,22.25404
shape_8-1,70,-97.87569,22.25271
shape_8-1,71,-97.87492,22.25045
shape_8-1,72,-97.87406,22.24829
shape_8-1,73,-97.87306,22.24653
shape_8-1,74,-97.86962,22.24822
shape_8-1,75,-97.86724,22.24937
shape_8-1,76,-97.86602,22.24992
shape_8-1,77,-97.86356,22.25061
shape_8-1,78,-97.8601,22.25168
shape_8-1,79,-97.85353,22.25355
shape_8-1,80,-97.85431,22.25139
shape_8-1,81,-97.85487,22.2504
shape_8-1,82,-97.85476,22.24958
shape_8-1,83,-97.85459,22.24807
shape_8-1,84,-97.8548,22.24769
shape_8-1,85,-97.85503,22.24718
shape_8-1,86,-97.85512,22.24673
shape_8-1,87,-97.85521,22.24532
shape_8-1,88,-97.85752,22.24644
shape_8-1,89,-97.85836,22.25216
shape_117-1,0,-97.93582,22.39762
shape_117-1,1,-97.93616,22.39587
shape_117-1,2,-97.93417,22.39558
shape_117-1,3,-97.9333,22.39525
shape_117-1,4,-97.92985,22.39194
shape_117-1,5,-97.92939,22.39164
shape_117-1,6,-97.92469,22.39071
shape_117-1,7,-97.92378,22.39047
shape_117-1,8,-97.923,22.39023
shape_117-1,9,-97.92239,22.38965
shape_117-1,10,-97.92187,22.3886
shape_117-1,11,-97.92078,22.38759
shape_117-1,12,-97.91885,22.38659
shape_117-1,13,-97.9154,22.38319
shape_117-1,14,-97.91522,22.38332
shape_117-1,15,-97.91495,22.38353
shape_117-1,16,-97.9137,22.38574
shape_117-1,17,-97.91228,22.3873
shape_117-1,18,-97.91062,22.38564
shape_117-1,19,-97.90998,22.38514
shape_117-1,20,-97.90658,22.388
shape_117-1,21,-97.90692,22.38946
shape_117-1,22,-97.90704,22.39061
shape_117-1,23,-97.90725,22.39061
shape_117-1,24,-97.90746,22.39139
shape_117-1,25,-97.90162,22.3964
shape_117-1,26,-97.90068,22.39685
shape_117-1,27,-97.89979,22.39701
shape_117-1,28,-97.89875,22.39688
shape_117-1,29,-97.89344,22.39548
shape_117-1,30,-97.88814,22.39561
shape_117-1,31,-97.88387,22.39591
shape_117-1,32,-97.88436,22.39214
shape_117-1,33,-97.88481,22.39137
shape_117-1,34,-97.88505,22.39002
shape_117-1,35,-97.88421,22.38724
shape_117-1,36,-97.88385,22.38607
shape_117-1,37,-97.87836,22.38546
shape_117-1,38,-97.8784,22.38585
shape_117-1,39,-97.88398,22.38657
shape_117-1,40,-97.88398,22.38657
shape_117-1,41,-97.8784,22.38585
shape_117-1,42,-97.87836,22.38546
shape_117-1,43,-97.88385,22.38607
shape_117-1,44,-97.88421,22.38724
shape_117-1,45,-97.88505,22.39002
shape_117-1,46,-97.88481,22.39137
shape_117-1,47,-97.88436,22.39214
shape_117-1,48,-97.88387,22.39591
shape_117-1,49,-97.88814,22.39561
shape_117-1,50,-97.89344,22.39548
shape_117-1,51,-97.89875,22.39688
shape_117-1,52,-97.89979,22.39701
shape_117-1,53,-97.90068,22.39685
shape_117-1,54,-97.90162,22.3964
shape_117-1,55,-97.90746,22.39139
shape_117-1,56,-97.90828,22.39075
shape_117-1,57,-97.90848,22.39056
shape_117-1,58,-97.90874,22.39034
shape_117-1,59,-97.90919,22.38996
shape_117-1,60,-97.91003,22.38934
shape_117-1,61,-97.9107,22.38871
shape_117-1,62,-97.91233,22.38736
shape_117-1,63,-97.9137,22.38574
shape_117-1,64,-97.91495,22.38353
shape_117-1,65,-97.91522,22.38332
shape_117-1,66,-97.9154,22.38319
shape_117-1,67,-97.91885,22.38659
shape_117-1,68,-97.92078,22.38759
shape_117-1,69,-97.92187,22.3886
shape_117-1,70,-97.92239,22.38965
shape_117-1,71,-97.923,22.39023
shape_117-1,72,-97.92378,22.39047
shape_117-1,73,-97.92469,22.39071
shape_117-1,74,-97.92939,22.39164
shape_117-1,75,-97.92985,22.39194
shape_117-1,76,-97.9333,22.39525
shape_117-1,77,-97.93417,22.39558
shape_117-1,78,-97.93522,22.39567
shape_117-1,79,-97.93497,22.39745
shape_117-1,80,-97.93579,22.39759
shape_86-1,0,-97.88632,22.27757
shape_86-1,1,-97.8847,22.27838
shape_86-1,2,-97.88389,22.27902
shape_86-1,3,-97.88127,22.27899
shape_86-1,4,-97.87981,22.27843
shape_86-1,5,-97.87836,22.27695
shape_86-1,6,-97.87726,22.27639
shape_86-1,7,-97.87387,22.27548
shape_86-1,8,-97.87473,22.27276
shape_86-1,9,-97.87363,22.26954
shape_86-1,10,-97.87381,22.26692
shape_86-1,11,-97.87471,22.26507
shape_86-1,12,-97.87662,22.25719
shape_86-1,13,-97.87645,22.25494
shape_86-1,14,-97.87445,22.24895
shape_86-1,15,-97.87323,22.24654
shape_86-1,16,-97.86866,22.23675
shape_86-1,17,-97.86419,22.22539
shape_86-1,18,-97.86344,22.22344
shape_86-1,19,-97.86325,22.2206
shape_86-1,20,-97.86263,22.21935
shape_86-1,21,-97.85754,22.21713
shape_86-1,22,-97.8598,22.21285
shape_86-1,23,-97.85886,22.21251
shape_86-1,24,-97.85796,22.21442
shape_86-1,25,-97.85966,22.21517
shape_86-1,26,-97.85882,22.2148
shape_86-1,27,-97.85968,22.21517
shape_86-1,28,-97.85928,22.21601
shape_86-1,29,-97.8588,22.21675
shape_86-1,30,-97.85801,22.21837
shape_86-1,31,-97.8589,22.21875
shape_86-1,32,-97.8623,22.22023
shape_86-1,33,-97.86325,22.2206
shape_86-1,34,-97.86344,22.22344
shape_86-1,35,-97.86419,22.22539
shape_86-1,36,-97.86866,22.23675
shape_86-1,37,-97.87323,22.24654
shape_86-1,38,-97.87445,22.24895
shape_86-1,39,-97.87645,22.25494
shape_86-1,40,-97.87662,22.25719
shape_86-1,41,-97.87471,22.26507
shape_86-1,42,-97.87381,22.26692
shape_86-1,43,-97.87363,22.26954
shape_86-1,44,-97.87473,22.27276
shape_86-1,45,-97.87387,22.27548
shape_86-1,46,-97.87726,22.27639
shape_86-1,47,-97.87836,22.27695
shape_86-1,48,-97.87981,22.27843
shape_86-1,49,-97.88127,22.27899
shape_86-1,50,-97.88389,22.27902
shape_86-1,51,-97.88522,22.27939
shape_86-1,52,-97.88537,22.27873
shape_86-1,53,-97.88515,22.27818
shape_86-1,54,-97.88388,22.27901
shape_44-1,0,-97.82899,22.26411
shape_44-1,1,-97.83041,22.26297
shape_44-1,2,-97.82836,22.2609
shape_44-1,3,-97.82907,22.26033
shape_44-1,4,-97.82788,22.25911
shape_44-1,5,-97.83538,22.25274
shape_44-1,6,-97.83418,22.25151
shape_44-1,7,-97.83608,22.24985
shape_44-1,8,-97.83729,22.25109
shape_44-1,9,-97.83625,22.25191
shape_44-1,10,-97.83747,22.25488
shape_44-1,11,-97.84137,22.25883
shape_44-1,12,-97.84462,22.25609
shape_44-1,13,-97.84478,22.25587
shape_44-1,14,-97.84638,22.25341
shape_44-1,15,-97.85068,22.24656
shape_44-1,16,-97.85087,22.24663
shape_44-1,17,-97.85153,22.24605
shape_44-1,18,-97.85277,22.24407
shape_44-1,19,-97.85206,22.24373
shape_44-1,20,-97.85281,22.24218
shape_44-1,21,-97.85328,22.24121
shape_44-1,22,-97.85389,22.24041
shape_44-1,23,-97.85338,22.23866
shape_44-1,24,-97.85175,22.2377
shape_44-1,25,-97.85014,22.23721
shape_44-1,26,-97.84943,22.23665
shape_44-1,27,-97.84797,22.23288
shape_44-1,28,-97.8466,22.23038
shape_44-1,29,-97.84737,22.22829
shape_44-1,30,-97.85542,22.21331
shape_44-1,31,-97.85585,22.21246
shape_44-1,32,-97.85582,22.21252
shape_44-1,33,-97.85484,22.21228
shape_44-1,34,-97.85248,22.21685
shape_44-1,35,-97.85334,22.21717
shape_44-1,36,-97.84737,22.22829
shape_44-1,37,-97.8466,22.23038
shape_44-1,38,-97.84797,22.23288
shape_44-1,39,-97.84943,22.23665
shape_44-1,40,-97.85014,22.23721
shape_44-1,41,-97.85175,22.2377
shape_44-1,42,-97.85338,22.23866
shape_44-1,43,-97.85389,22.24041
shape_44-1,44,-97.85328,22.24121
shape_44-1,45,-97.85281,22.24218
shape_44-1,46,-97.85206,22.24373
shape_44-1,47,-97.85277,22.24407
shape_44-1,48,-97.85153,22.24605
shape_44-1,49,-97.85087,22.24663
shape_44-1,50,-97.85068,22.24656
shape_44-1,51,-97.84638,22.25341
shape_44-1,52,-97.84478,22.25587
shape_44-1,53,-97.84462,22.25609
shape_44-1,54,-97.84137,22.25883
shape_44-1,55,-97.83747,22.25488
shape_44-1,56,-97.83625,22.25191
shape_44-1,57,-97.83599,22.2513
shape_44-1,58,-97.83555,22.25033
shape_44-1,59,-97.83418,22.25151
shape_44-1,60,-97.83538,22.25274
shape_44-1,61,-97.82788,22.25911
shape_44-1,62,-97.82907,22.26033
shape_44-1,63,-97.8284,22.26099
shape_44-1,64,-97.83039,22.26296
shape_44-1,65,-97.82899,22.26415
shape_83-1,0,-97.79428,22.27516
shape_83-1,1,-97.79583,22.27471
shape_83-1,2,-97.80002,22.27411
shape_83-1,3,-97.80131,22.27387
shape_83-1,4,-97.80937,22.26974
shape_83-1,5,-97.81433,22.26712
shape_83-1,6,-97.83226,22.25192
shape_83-1,7,-97.83544,22.24916
shape_83-1,8,-97.84151,22.23957
shape_83-1,9,-97.84267,22.23778
shape_83-1,10,-97.8455,22.2301
shape_83-1,11,-97.84866,22.22154
shape_83-1,12,-97.85043,22.21693
shape_83-1,13,-97.85123,22.21526
shape_83-1,14,-97.85375,22.21641
shape_83-1,15,-97.85588,22.21246
shape_83-1,16,-97.85588,22.21246
shape_83-1,17,-97.85306,22.21188
shape_83-1,18,-97.85123,22.21526
shape_83-1,19,-97.85043,22.21693
shape_83-1,20,-97.84866,22.22154
shape_83-1,21,-97.8455,22.2301
shape_83-1,22,-97.84267,22.23778
shape_83-1,23,-97.84151,22.23957
shape_83-1,24,-97.83544,22.24916
shape_83-1,25,-97.83226,22.25192
shape_83-1,26,-97.81433,22.26712
shape_83-1,27,-97.80937,22.26974
shape_83-1,28,-97.80131,22.27387
shape_83-1,29,-97.80002,22.27411
shape_83-1,30,-97.79594,22.27472
shape_83-1,31,-97.79423,22.27515
shape_70-1,0,-97.85761,22.30506
shape_70-1,1,-97.8535,22.29508
shape_70-1,2,-97.8525,22.29251
shape_70-1,3,-97.85299,22.29213
shape_70-1,4,-97.84555,22.27452
shape_70-1,5,-97.84677,22.27182
shape_70-1,6,-97.84836,22.26737
shape_70-1,7,-97.85213,22.25733
shape_70-1,8,-97.85359,22.25352
shape_70-1,9,-97.85443,22.25131
shape_70-1,10,-97.85486,22.2505
shape_70-1,11,-97.85464,22.24801
shape_70-1,12,-97.85513,22.24704
shape_70-1,13,-97.85536,22.24314
shape_70-1,14,-97.85505,22.2421
shape_70-1,15,-97.85388,22.24044
shape_70-1,16,-97.85341,22.23902
shape_70-1,17,-97.85264,22.23805
shape_70-1,18,-97.84988,22.2371
shape_70-1,19,-97.84923,22.23609
shape_70-1,20,-97.84798,22.23284
shape_70-1,21,-97.84664,22.23007
shape_70-1,22,-97.84815,22.22661
shape_70-1,23,-97.8554,22.21331
shape_70-1,24,-97.85582,22.21242
shape_70-1,25,-97.8549,22.21228
shape_70-1,26,-97.8549,22.21228
shape_70-1,27,-97.85475,22.2126
shape_70-1,28,-97.85379,22.2144
shape_70-1,29,-97.85246,22.21679
shape_70-1,30,-97.85331,22.21721
shape_70-1,31,-97.84815,22.22661
shape_70-1,32,-97.84664,22.23007
shape_70-1,33,-97.84798,22.23284
shape_70-1,34,-97.84923,22.23609
shape_70-1,35,-97.84988,22.2371
shape_70-1,36,-97.85264,22.23805
shape_70-1,37,-97.85341,22.23902
shape_70-1,38,-97.85388,22.24044
shape_70-1,39,-97.85505,22.2421
shape_70-1,40,-97.85536,22.24314
shape_70-1,41,-97.85513,22.24704
shape_70-1,42,-97.85464,22.24801
shape_70-1,43,-97.85486,22.2505
shape_70-1,44,-97.85443,22.25131
shape_70-1,45,-97.85359,22.25352
shape_70-1,46,-97.85213,22.25733
shape_70-1,47,-97.84836,22.26737
shape_70-1,48,-97.84677,22.27182
shape_70-1,49,-97.84529,22.27466
shape_70-1,50,-97.85216,22.29184
shape_70-1,51,-97.8525,22.29251
shape_70-1,52,-97.85765,22.30511
shape_79-1,0,-97.84712,22.32617
shape_79-1,1,-97.84906,22.32547
shape_79-1,2,-97.85095,22.3243
shape_79-1,3,-97.85379,22.32285
shape_79-1,4,-97.85238,22.31977
shape_79-1,5,-97.85113,22.31724
shape_79-1,6,-97.85002,22.31486
shape_79-1,7,-97.85127,22.31393
shape_79-1,8,-97.8487,22.30622
shape_79-1,9,-97.84903,22.30571
shape_79-1,10,-97.84878,22.30518
shape_79-1,11,-97.8487,22.30475
shape_79-1,12,-97.84818,22.30357
shape_79-1,13,-97.8465,22.30418
shape_79-1,14,-97.84621,22.30349
shape_79-1,15,-97.846,22.30346
shape_79-1,16,-97.84592,22.30077
shape_79-1,17,-97.84442,22.30083
shape_79-1,18,-97.84422,22.30079
shape_79-1,19,-97.84444,22.29784
shape_79-1,20,-97.84475,22.29625
shape_79-1,21,-97.84604,22.29615
shape_79-1,22,-97.84543,22.28927
shape_79-1,23,-97.84854,22.28903
shape_79-1,24,-97.84848,22.28842
shape_79-1,25,-97.84806,22.28827
shape_79-1,26,-97.84867,22.28659
shape_79-1,27,-97.84439,22.28519
shape_79-1,28,-97.84586,22.28127
shape_79-1,29,-97.84012,22.27944
shape_79-1,30,-97.84115,22.27688
shape_79-1,31,-97.84337,22.27681
shape_79-1,32,-97.84389,22.27663
shape_79-1,33,-97.84484,22.27593
shape_79-1,34,-97.84551,22.27512
shape_79-1,35,-97.84576,22.275
shape_79-1,36,-97.84406,22.27064
shape_79-1,37,-97.84521,22.26761
shape_79-1,38,-97.84612,22.26527
shape_79-1,39,-97.84675,22.26359
shape_79-1,40,-97.8474,22.26187
shape_79-1,41,-97.84398,22.26024
shape_79-1,42,-97.84311,22.25986
shape_79-1,43,-97.84371,22.25883
shape_79-1,44,-97.83841,22.25345
shape_79-1,45,-97.83909,22.25292
shape_79-1,46,-97.83609,22.24988
shape_79-1,47,-97.83609,22.24988
shape_79-1,48,-97.83558,22.25035
shape_79-1,49,-97.83578,22.25078
shape_79-1,50,-97.83602,22.251
shape_79-1,51,-97.83783,22.25288
shape_79-1,52,-97.83841,22.25345
shape_79-1,53,-97.84371,22.25883
shape_79-1,54,-97.84311,22.25986
shape_79-1,55,-97.84398,22.26024
shape_79-1,56,-97.8474,22.26187
shape_79-1,57,-97.84675,22.26359
shape_79-1,58,-97.84612,22.26527
shape_79-1,59,-97.84521,22.26761
shape_79-1,60,-97.84406,22.27064
shape_79-1,61,-97.84576,22.275
shape_79-1,62,-97.84551,22.27512
shape_79-1,63,-97.84484,22.27593
shape_79-1,64,-97.84389,22.27663
shape_79-1,65,-97.84337,22.27681
shape_79-1,66,-97.84115,22.27688
shape_79-1,67,-97.84012,22.27944
shape_79-1,68,-97.84586,22.28127
shape_79-1,69,-97.84439,22.28519
shape_79-1,70,-97.84867,22.28659
shape_79-1,71,-97.84806,22.28827
shape_79-1,72,-97.84848,22.28842
shape_79-1,73,-97.84854,22.28903
shape_79-1,74,-97.84543,22.28927
shape_79-1,75,-97.84604,22.29615
shape_79-1,76,-97.84475,22.29625
shape_79-1,77,-97.84444,22.29784
shape_79-1,78,-97.84422,22.30079
shape_79-1,79,-97.84442,22.30083
shape_79-1,80,-97.84592,22.30077
shape_79-1,81,-97.846,22.30346
shape_79-1,82,-97.84621,22.30349
shape_79-1,83,-97.8465,22.30418
shape_79-1,84,-97.84818,22.30357
shape_79-1,85,-97.8487,22.30475
shape_79-1,86,-97.84878,22.30518
shape_79-1,87,-97.84903,22.30571
shape_79-1,88,-97.8487,22.30622
shape_79-1,89,-97.85127,22.31393
shape_79-1,90,-97.85002,22.31486
shape_79-1,91,-97.85113,22.31724
shape_79-1,92,-97.85238,22.31977
shape_79-1,93,-97.85379,22.32285
shape_79-1,94,-97.85095,22.3243
shape_79-1,95,-97.84906,22.32547
shape_118-1,0,-97.87267,22.36914
shape_118-1,1,-97.87367,22.37028
shape_118-1,2,-97.87786,22.36729
shape_118-1,3,-97.8783,22.36776
shape_118-1,4,-97.88326,22.36475
shape_118-1,5,-97.88252,22.36324
shape_118-1,6,-97.88278,22.36119
shape_118-1,7,-97.88178,22.36106
shape_118-1,8,-97.88208,22.35891
shape_118-1,9,-97.88243,22.35898
shape_118-1,10,-97.88722,22.35424
shape_118-1,11,-97.88364,22.35139
shape_118-1,12,-97.88093,22.34988
shape_118-1,13,-97.87891,22.34845
shape_118-1,14,-97.87698,22.34658
shape_118-1,15,-97.87576,22.34426
shape_118-1,16,-97.87437,22.33976
shape_118-1,17,-97.87323,22.33575
shape_118-1,18,-97.87346,22.33344
shape_118-1,19,-97.87391,22.33114
shape_118-1,20,-97.87522,22.32713
shape_118-1,21,-97.87638,22.32352
shape_118-1,22,-97.87823,22.31745
shape_118-1,23,-97.8793,22.31415
shape_118-1,24,-97.88042,22.31058
shape_118-1,25,-97.88114,22.30839
shape_118-1,26,-97.88162,22.30673
shape_118-1,27,-97.88175,22.30577
shape_118-1,28,-97.8817,22.30486
shape_118-1,29,-97.87977,22.30149
shape_118-1,30,-97.87864,22.29966
shape_118-1,31,-97.87651,22.29628
shape_118-1,32,-97.87333,22.29111
shape_118-1,33,-97.87304,22.28973
shape_118-1,34,-97.87216,22.28904
shape_118-1,35,-97.87071,22.28827
shape_118-1,36,-97.86964,22.28747
shape_118-1,37,-97.86948,22.28752
shape_118-1,38,-97.87054,22.28832
shape_118-1,39,-97.87112,22.28896
shape_118-1,40,-97.87224,22.28989
shape_118-1,41,-97.87333,22.29111
shape_118-1,42,-97.87675,22.29648
shape_118-1,43,-97.87864,22.29966
shape_118-1,44,-97.87994,22.30174
shape_118-1,45,-97.8817,22.30486
shape_118-1,46,-97.88183,22.30579
shape_118-1,47,-97.88162,22.30673
shape_118-1,48,-97.88067,22.30974
shape_118-1,49,-97.87949,22.31332
shape_118-1,50,-97.87823,22.31759
shape_118-1,51,-97.87642,22.32352
shape_118-1,52,-97.8746,22.32912
shape_118-1,53,-97.87391,22.33114
shape_118-1,54,-97.87323,22.33575
shape_118-1,55,-97.87576,22.34426
shape_118-1,56,-97.87698,22.34658
shape_118-1,57,-97.88093,22.34988
shape_118-1,58,-97.88364,22.35139
shape_118-1,59,-97.88722,22.35424
shape_118-1,60,-97.88243,22.35898
shape_118-1,61,-97.88208,22.35891
shape_118-1,62,-97.88178,22.36106
shape_118-1,63,-97.88278,22.36119
shape_118-1,64,-97.88252,22.36324
shape_118-1,65,-97.88326,22.36475
shape_118-1,66,-97.8783,22.36776
shape_118-1,67,-97.87786,22.36729
shape_118-1,68,-97.87484,22.36416
shape_118-1,69,-97.87374,22.36493
shape_118-1,70,-97.87558,22.36717
shape_118-1,71,-97.87271,22.36919
shape_118-1,72,-97.87367,22.37028
shape_21-1,0,-97.83318,22.27556
shape_21-1,1,-97.83386,22.27535
shape_21-1,2,-97.83798,22.27419
shape_21-1,3,-97.8363,22.26908
shape_21-1,4,-97.83876,22.26781
shape_21-1,5,-97.83935,22.26907
shape_21-1,6,-97.84065,22.26857
shape_21-1,7,-97.8414,22.26827
shape_21-1,8,-97.84089,22.26722
shape_21-1,9,-97.84065,22.26686
shape_21-1,10,-97.83983,22.26724
shape_21-1,11,-97.83948,22.26657
shape_21-1,12,-97.83931,22.26657
shape_21-1,13,-97.8377,22.26731
shape_21-1,14,-97.83744,22.26685
shape_21-1,15,-97.83634,22.26564
shape_21-1,16,-97.83589,22.26518
shape_21-1,17,-97.83814,22.26361
shape_21-1,18,-97.83938,22.26268
shape_21-1,19,-97.83999,22.26224
shape_21-1,20,-97.83877,22.261
shape_21-1,21,-97.8394,22.26047
shape_21-1,22,-97.8397,22.26077
shape_21-1,23,-97.84044,22.26252
shape_21-1,24,-97.8409,22.26318
shape_21-1,25,-97.84163,22.26388
shape_21-1,26,-97.84233,22.26465
shape_21-1,27,-97.84251,22.26411
shape_21-1,28,-97.84872,22.26614
shape_21-1,29,-97.84975,22.2638
shape_21-1,30,-97.85432,22.26517
shape_21-1,31,-97.85643,22.25964
shape_21-1,32,-97.85341,22.25862
shape_21-1,33,-97.85407,22.25678
shape_21-1,34,-97.85464,22.2554
shape_21-1,35,-97.85482,22.25473
shape_21-1,36,-97.85491,22.25315
shape_21-1,37,-97.85821,22.25219
shape_21-1,38,-97.85802,22.24958
shape_21-1,39,-97.85763,22.24662
shape_21-1,40,-97.85741,22.24641
shape_21-1,41,-97.85831,22.2441
shape_21-1,42,-97.85887,22.24188
shape_21-1,43,-97.8601,22.23735
shape_21-1,44,-97.86065,22.23518
shape_21-1,45,-97.86104,22.23361
shape_21-1,46,-97.86105,22.23049
shape_21-1,47,-97.86126,22.2298
shape_21-1,48,-97.86144,22.22877
shape_21-1,49,-97.86137,22.22858
shape_21-1,50,-97.86182,22.22771
shape_21-1,51,-97.85925,22.22668
shape_21-1,52,-97.85897,22.22727
shape_21-1,53,-97.85882,22.22731
shape_21-1,54,-97.8586,22.22618
shape_21-1,55,-97.85792,22.22551
shape_21-1,56,-97.85699,22.22549
shape_21-1,57,-97.85642,22.22514
shape_21-1,58,-97.85614,22.22459
shape_21-1,59,-97.85676,22.22316
shape_21-1,60,-97.8565,22.2223
shape_21-1,61,-97.85568,22.22181
shape_21-1,62,-97.85404,22.2217
shape_21-1,63,-97.8563,22.21753
shape_21-1,64,-97.85539,22.21716
shape_21-1,65,-97.85539,22.21716
shape_21-1,66,-97.85327,22.22134
shape_21-1,67,-97.85404,22.2217
shape_21-1,68,-97.85568,22.22181
shape_21-1,69,-97.8565,22.2223
shape_21-1,70,-97.85676,22.22316
shape_21-1,71,-97.85614,22.22459
shape_21-1,72,-97.85642,22.22514
shape_21-1,73,-97.85699,22.22549
shape_21-1,74,-97.85792,22.22551
shape_21-1,75,-97.8586,22.22618
shape_21-1,76,-97.85882,22.22731
shape_21-1,77,-97.85897,22.22727
shape_21-1,78,-97.85902,22.22789
shape_21-1,79,-97.85945,22.22952
shape_21-1,80,-97.86029,22.2296
shape_21-1,81,-97.8599,22.22956
shape_21-1,82,-97.86076,22.2297
shape_21-1,83,-97.86126,22.2298
shape_21-1,84,-97.86105,22.23049
shape_21-1,85,-97.86104,22.23361
shape_21-1,86,-97.86065,22.23518
shape_21-1,87,-97.8601,22.23735
shape_21-1,88,-97.85887,22.24188
shape_21-1,89,-97.85831,22.2441
shape_21-1,90,-97.85741,22.24641
shape_21-1,91,-97.85763,22.24662
shape_21-1,92,-97.85802,22.24958
shape_21-1,93,-97.85821,22.25219
shape_21-1,94,-97.85491,22.25315
shape_21-1,95,-97.85482,22.25473
shape_21-1,96,-97.85464,22.2554
shape_21-1,97,-97.85407,22.25678
shape_21-1,98,-97.85341,22.25862
shape_21-1,99,-97.85492,22.25911
shape_21-1,100,-97.8528,22.26479
shape_21-1,101,-97.84975,22.2638
shape_21-1,102,-97.84872,22.26614
shape_21-1,103,-97.84251,22.26411
shape_21-1,104,-97.84233,22.26465
shape_21-1,105,-97.84163,22.26388
shape_21-1,106,-97.8409,22.26318
shape_21-1,107,-97.84044,22.26252
shape_21-1,108,-97.83999,22.26224
shape_21-1,109,-97.83938,22.26268
shape_21-1,110,-97.83814,22.26361
shape_21-1,111,-97.83589,22.26518
shape_21-1,112,-97.83634,22.26564
shape_21-1,113,-97.83744,22.26685
shape_21-1,114,-97.8377,22.26731
shape_21-1,115,-97.83931,22.26657
shape_21-1,116,-97.83948,22.26657
shape_21-1,117,-97.83983,22.26724
shape_21-1,118,-97.84065,22.26686
shape_21-1,119,-97.84089,22.26722
shape_21-1,120,-97.8414,22.26827
shape_21-1,121,-97.84065,22.26857
shape_21-1,122,-97.83935,22.26907
shape_21-1,123,-97.83876,22.26781
shape_21-1,124,-97.8363,22.26909
shape_21-1,125,-97.83603,22.26826
shape_21-1,126,-97.83532,22.26847
shape_21-1,127,-97.83726,22.27437
shape_21-1,128,-97.83386,22.27535
shape_17-1,0,-97.84907,22.32544
shape_17-1,1,-97.85089,22.32435
shape_17-1,2,-97.85395,22.32278
shape_17-1,3,-97.85372,22.32285
shape_17-1,4,-97.85001,22.31485
shape_17-1,5,-97.85019,22.31474
shape_17-1,6,-97.84988,22.31441
shape_17-1,7,-97.85087,22.31366
shape_17-1,8,-97.85113,22.3135
shape_17-1,9,-97.84869,22.30623
shape_17-1,10,-97.84901,22.30573
shape_17-1,11,-97.84883,22.30511
shape_17-1,12,-97.84853,22.30442
shape_17-1,13,-97.84818,22.30356
shape_17-1,14,-97.84651,22.30417
shape_17-1,15,-97.8462,22.30348
shape_17-1,16,-97.84599,22.30349
shape_17-1,17,-97.84593,22.30079
shape_17-1,18,-97.84443,22.30083
shape_17-1,19,-97.84425,22.30077
shape_17-1,20,-97.84442,22.29806
shape_17-1,21,-97.84471,22.2964
shape_17-1,22,-97.84481,22.29624
shape_17-1,23,-97.84604,22.29615
shape_17-1,24,-97.84543,22.28927
shape_17-1,25,-97.84603,22.28923
shape_17-1,26,-97.84592,22.28827
shape_17-1,27,-97.84696,22.2885
shape_17-1,28,-97.84711,22.2885
shape_17-1,29,-97.84794,22.28637
shape_17-1,30,-97.84436,22.28519
shape_17-1,31,-97.84584,22.2813
shape_17-1,32,-97.84226,22.28012
shape_17-1,33,-97.84013,22.27944
shape_17-1,34,-97.84112,22.27695
shape_17-1,35,-97.84154,22.27688
shape_17-1,36,-97.84294,22.27684
shape_17-1,37,-97.84374,22.27669
shape_17-1,38,-97.84437,22.27634
shape_17-1,39,-97.84548,22.27513
shape_17-1,40,-97.84572,22.27499
shape_17-1,41,-97.8456,22.27455
shape_17-1,42,-97.8475,22.26987
shape_17-1,43,-97.84755,22.26961
shape_17-1,44,-97.84597,22.26831
shape_17-1,45,-97.84378,22.266
shape_17-1,46,-97.84569,22.26104
shape_17-1,47,-97.84312,22.25987
shape_17-1,48,-97.84371,22.25885
shape_17-1,49,-97.83601,22.251
shape_17-1,50,-97.83576,22.25081
shape_17-1,51,-97.83556,22.2503
shape_17-1,52,-97.83611,22.24986
shape_17-1,53,-97.83911,22.25292
shape_17-1,54,-97.83843,22.25346
shape_17-1,55,-97.83843,22.25346
shape_17-1,56,-97.83911,22.25292
shape_17-1,57,-97.83611,22.24986
shape_17-1,58,-97.83556,22.2503
shape_17-1,59,-97.83576,22.25081
shape_17-1,60,-97.83601,22.251
shape_17-1,61,-97.84371,22.25885
shape_17-1,62,-97.84312,22.25987
shape_17-1,63,-97.84569,22.26104
shape_17-1,64,-97.84378,22.266
shape_17-1,65,-97.84597,22.26831
shape_17-1,66,-97.84755,22.26961
shape_17-1,67,-97.8475,22.26987
shape_17-1,68,-97.8456,22.27455
shape_17-1,69,-97.84572,22.27499
shape_17-1,70,-97.84548,22.27513
shape_17-1,71,-97.84437,22.27634
shape_17-1,72,-97.84374,22.27669
shape_17-1,73,-97.84294,22.27684
shape_17-1,74,-97.84154,22.27688
shape_17-1,75,-97.84112,22.27695
shape_17-1,76,-97.84013,22.27944
shape_17-1,77,-97.84226,22.28012
shape_17-1,78,-97.84584,22.2813
shape_17-1,79,-97.84436,22.28519
shape_17-1,80,-97.84794,22.28637
shape_17-1,81,-97.84711,22.2885
shape_17-1,82,-97.84696,22.2885
shape_17-1,83,-97.84592,22.28827
shape_17-1,84,-97.84603,22.28923
shape_17-1,85,-97.84543,22.28927
shape_17-1,86,-97.84604,22.29615
shape_17-1,87,-97.84481,22.29624
shape_17-1,88,-97.84471,22.2964
shape_17-1,89,-97.84442,22.29806
shape_17-1,90,-97.84425,22.30077
shape_17-1,91,-97.84443,22.30083
shape_17-1,92,-97.84593,22.30079
shape_17-1,93,-97.84599,22.30349
shape_17-1,94,-97.8462,22.30348
shape_17-1,95,-97.84651,22.30417
shape_17-1,96,-97.84818,22.30356
shape_17-1,97,-97.84853,22.30442
shape_17-1,98,-97.84883,22.30511
shape_17-1,99,-97.84901,22.30573
shape_17-1,100,-97.84869,22.30623
shape_17-1,101,-97.85113,22.3135
shape_17-1,102,-97.85087,22.31366
shape_17-1,103,-97.84988,22.31441
shape_17-1,104,-97.85019,22.31474
shape_17-1,105,-97.85001,22.31485
shape_17-1,106,-97.85372,22.32285
shape_17-1,107,-97.85395,22.32278
shape_17-1,108,-97.85089,22.32435
shape_20-1,0,-97.87235,22.34033
shape_20-1,1,-97.86866,22.34168
shape_20-1,2,-97.86452,22.33168
shape_20-1,3,-97.86064,22.32222
shape_20-1,4,-97.86033,22.32178
shape_20-1,5,-97.86046,22.32155
shape_20-1,6,-97.86076,22.32141
shape_20-1,7,-97.85897,22.31616
shape_20-1,8,-97.85737,22.31121
shape_20-1,9,-97.85708,22.31131
shape_20-1,10,-97.8551,22.30612
shape_20-1,11,-97.85768,22.30508
shape_20-1,12,-97.85666,22.30259
shape_20-1,13,-97.85483,22.29833
shape_20-1,14,-97.85255,22.29266
shape_20-1,15,-97.85296,22.29225
shape_20-1,16,-97.85078,22.28677
shape_20-1,17,-97.84563,22.27466
shape_20-1,18,-97.84761,22.26978
shape_20-1,19,-97.84222,22.26467
shape_20-1,20,-97.84136,22.26382
shape_20-1,21,-97.84031,22.26243
shape_20-1,22,-97.83982,22.26078
shape_20-1,23,-97.83235,22.25318
shape_20-1,24,-97.83559,22.25036
shape_20-1,25,-97.83497,22.24892
shape_20-1,26,-97.8343,22.24724
shape_20-1,27,-97.83457,22.24728
shape_20-1,28,-97.83431,22.24723
shape_20-1,29,-97.8343,22.24724
shape_20-1,30,-97.83497,22.24892
shape_20-1,31,-97.83519,22.24939
shape_20-1,32,-97.83494,22.24958
shape_20-1,33,-97.83098,22.25315
shape_20-1,34,-97.83871,22.261
shape_20-1,35,-97.84035,22.26256
shape_20-1,36,-97.84136,22.26382
shape_20-1,37,-97.84222,22.26467
shape_20-1,38,-97.84761,22.26978
shape_20-1,39,-97.84563,22.27466
shape_20-1,40,-97.85078,22.28677
shape_20-1,41,-97.85296,22.29225
shape_20-1,42,-97.85255,22.29266
shape_20-1,43,-97.85483,22.29833
shape_20-1,44,-97.85666,22.30259
shape_20-1,45,-97.85768,22.30508
shape_20-1,46,-97.8551,22.30612
shape_20-1,47,-97.85708,22.31131
shape_20-1,48,-97.85737,22.31121
shape_20-1,49,-97.85897,22.31616
shape_20-1,50,-97.86076,22.32141
shape_20-1,51,-97.86046,22.32155
shape_20-1,52,-97.86033,22.32178
shape_20-1,53,-97.86064,22.32222
shape_20-1,54,-97.86452,22.33168
shape_20-1,55,-97.86866,22.34168
shape_28-1,0,-97.89299,22.28276
shape_28-1,1,-97.89295,22.28214
shape_28-1,2,-97.89188,22.28218
shape_28-1,3,-97.89188,22.2823
shape_28-1,4,-97.89033,22.28212
shape_28-1,5,-97.89031,22.28225
shape_28-1,6,-97.88856,22.28209
shape_28-1,7,-97.88848,22.28347
shape_28-1,8,-97.89011,22.28361
shape_28-1,9,-97.89098,22.2873
shape_28-1,10,-97.8891,22.28601
shape_28-1,11,-97.88837,22.28599
shape_28-1,12,-97.88731,22.28615
shape_28-1,13,-97.88698,22.28622
shape_28-1,14,-97.88714,22.28634
shape_28-1,15,-97.88817,22.28659
shape_28-1,16,-97.88857,22.28676
shape_28-1,17,-97.88945,22.2874
shape_28-1,18,-97.88914,22.28784
shape_28-1,19,-97.8886,22.28782
shape_28-1,20,-97.88805,22.28744
shape_28-1,21,-97.88647,22.28702
shape_28-1,22,-97.88624,22.28641
shape_28-1,23,-97.885,22.28677
shape_28-1,24,-97.88446,22.28685
shape_28-1,25,-97.883,22.28721
shape_28-1,26,-97.88169,22.28737
shape_28-1,27,-97.88114,22.28733
shape_28-1,28,-97.88078,22.28723
shape_28-1,29,-97.87763,22.2865
shape_28-1,30,-97.87502,22.28584
shape_28-1,31,-97.8739,22.28567
shape_28-1,32,-97.87395,22.28461
shape_28-1,33,-97.87311,22.28264
shape_28-1,34,-97.87299,22.28049
shape_28-1,35,-97.87376,22.27619
shape_28-1,36,-97.87469,22.27272
shape_28-1,37,-97.87383,22.27035
shape_28-1,38,-97.87374,22.26702
shape_28-1,39,-97.87475,22.26507
shape_28-1,40,-97.87623,22.25941
shape_28-1,41,-97.87664,22.25687
shape_28-1,42,-97.87632,22.25498
shape_28-1,43,-97.8749,22.25006
shape_28-1,44,-97.8731,22.24654
shape_28-1,45,-97.86454,22.22634
shape_28-1,46,-97.8635,22.22326
shape_28-1,47,-97.86325,22.22081
shape_28-1,48,-97.86272,22.21944
shape_28-1,49,-97.8575,22.21714
shape_28-1,50,-97.8592,22.214
shape_28-1,51,-97.85967,22.21422
shape_28-1,52,-97.8599,22.21475
shape_28-1,53,-97.85963,22.21518
shape_28-1,54,-97.85963,22.21518
shape_28-1,55,-97.85799,22.21836
shape_28-1,56,-97.86233,22.22024
shape_28-1,57,-97.86325,22.22081
shape_28-1,58,-97.8635,22.22326
shape_28-1,59,-97.86454,22.22634
shape_28-1,60,-97.8731,22.24654
shape_28-1,61,-97.8749,22.25006
shape_28-1,62,-97.87632,22.25498
shape_28-1,63,-97.87664,22.25687
shape_28-1,64,-97.87623,22.25941
shape_28-1,65,-97.87475,22.26507
shape_28-1,66,-97.87374,22.26702
shape_28-1,67,-97.87383,22.27035
shape_28-1,68,-97.87469,22.27272
shape_28-1,69,-97.87376,22.27619
shape_28-1,70,-97.87299,22.28049
shape_28-1,71,-97.87311,22.28264
shape_28-1,72,-97.87395,22.28461
shape_28-1,73,-97.8739,22.28567
shape_28-1,74,-97.87502,22.28584
shape_28-1,75,-97.87763,22.2865
shape_28-1,76,-97.88078,22.28723
shape_28-1,77,-97.88114,22.28733
shape_28-1,78,-97.88169,22.28737
shape_28-1,79,-97.883,22.28721
shape_28-1,80,-97.88446,22.28685
shape_28-1,81,-97.885,22.28677
shape_28-1,82,-97.88624,22.28641
shape_28-1,83,-97.88647,22.28702
shape_28-1,84,-97.88805,22.28744
shape_28-1,85,-97.8886,22.28782
shape_28-1,86,-97.88914,22.28784
shape_28-1,87,-97.88945,22.2874
shape_28-1,88,-97.88857,22.28676
shape_28-1,89,-97.88817,22.28659
shape_28-1,90,-97.88714,22.28634
shape_28-1,91,-97.88698,22.28622
shape_28-1,92,-97.88731,22.28615
shape_28-1,93,-97.88837,22.28599
shape_28-1,94,-97.8891,22.28601
shape_28-1,95,-97.89098,22.2873
shape_28-1,96,-97.89011,22.28361
shape_28-1,97,-97.88848,22.28347
shape_28-1,98,-97.88856,22.28209
shape_28-1,99,-97.89031,22.28225
shape_28-1,100,-97.89033,22.28212
shape_28-1,101,-97.89188,22.2823
shape_28-1,102,-97.89188,22.28218
shape_28-1,103,-97.89289,22.28217
shape_28-1,104,-97.89299,22.28272
shape_14-1,0,-97.85542,22.21719
shape_14-1,1,-97.86321,22.22062
shape_14-1,2,-97.86322,22.22118
shape_14-1,3,-97.8634,22.22356
shape_14-1,4,-97.86514,22.22787
shape_14-1,5,-97.86709,22.23288
shape_14-1,6,-97.86949,22.23856
shape_14-1,7,-97.87252,22.24557
shape_14-1,8,-97.87368,22.2476
shape_14-1,9,-97.87505,22.25081
shape_14-1,10,-97.8764,22.25518
shape_14-1,11,-97.8766,22.25713
shape_14-1,12,-97.87617,22.25953
shape_14-1,13,-97.87572,22.26058
shape_14-1,14,-97.87439,22.26549
shape_14-1,15,-97.87361,22.26819
shape_14-1,16,-97.87376,22.27069
shape_14-1,17,-97.87462,22.2727
shape_14-1,18,-97.87419,22.27436
shape_14-1,19,-97.87385,22.27546
shape_14-1,20,-97.87561,22.27595
shape_14-1,21,-97.87565,22.27558
shape_14-1,22,-97.87687,22.27434
shape_14-1,23,-97.87891,22.275
shape_14-1,24,-97.88035,22.27617
shape_14-1,25,-97.87939,22.2778
shape_14-1,26,-97.87891,22.27955
shape_14-1,27,-97.87868,22.28078
shape_14-1,28,-97.87921,22.28221
shape_14-1,29,-97.87968,22.28301
shape_14-1,30,-97.87993,22.28328
shape_14-1,31,-97.88054,22.28359
shape_14-1,32,-97.88109,22.28398
shape_14-1,33,-97.8812,22.28453
shape_14-1,34,-97.88116,22.28503
shape_14-1,35,-97.88096,22.28529
shape_14-1,36,-97.88072,22.28723
shape_14-1,37,-97.88207,22.2873
shape_14-1,38,-97.88353,22.28707
shape_14-1,39,-97.88359,22.28617
shape_14-1,40,-97.88337,22.28556
shape_14-1,41,-97.88281,22.28507
shape_14-1,42,-97.88343,22.28427
shape_14-1,43,-97.88427,22.28574
shape_14-1,44,-97.88465,22.28674
shape_14-1,45,-97.88456,22.28689
shape_14-1,46,-97.88482,22.288
shape_14-1,47,-97.88485,22.28893
shape_14-1,48,-97.88532,22.2889
shape_14-1,49,-97.88551,22.28951
shape_14-1,50,-97.88632,22.29016
shape_14-1,51,-97.8875,22.28982
shape_14-1,52,-97.88787,22.28976
shape_14-1,53,-97.8871,22.289
shape_14-1,54,-97.88646,22.28701
shape_14-1,55,-97.88802,22.28741
shape_14-1,56,-97.88863,22.2878
shape_14-1,57,-97.88848,22.28889
shape_14-1,58,-97.88921,22.28983
shape_14-1,59,-97.89134,22.29004
shape_14-1,60,-97.8909,22.28801
shape_14-1,61,-97.88863,22.2878
shape_14-1,62,-97.88863,22.2878
shape_14-1,63,-97.8909,22.28801
shape_14-1,64,-97.89134,22.29004
shape_14-1,65,-97.88921,22.28983
shape_14-1,66,-97.88848,22.28889
shape_14-1,67,-97.88863,22.2878
shape_14-1,68,-97.88802,22.28741
shape_14-1,69,-97.88646,22.28701
shape_14-1,70,-97.8871,22.289
shape_14-1,71,-97.88612,22.28648
shape_14-1,72,-97.88456,22.28689
shape_14-1,73,-97.88465,22.28674
shape_14-1,74,-97.88427,22.28574
shape_14-1,75,-97.88343,22.28427
shape_14-1,76,-97.88281,22.28507
shape_14-1,77,-97.88337,22.28556
shape_14-1,78,-97.88359,22.28617
shape_14-1,79,-97.88353,22.28707
shape_14-1,80,-97.88207,22.2873
shape_14-1,81,-97.88072,22.28723
shape_14-1,82,-97.88096,22.28529
shape_14-1,83,-97.88116,22.28503
shape_14-1,84,-97.8812,22.28453
shape_14-1,85,-97.88109,22.28398
shape_14-1,86,-97.88054,22.28359
shape_14-1,87,-97.87993,22.28328
shape_14-1,88,-97.87968,22.28301
shape_14-1,89,-97.87921,22.28221
shape_14-1,90,-97.87868,22.28078
shape_14-1,91,-97.87891,22.27955
shape_14-1,92,-97.87939,22.2778
shape_14-1,93,-97.88035,22.27617
shape_14-1,94,-97.87891,22.275
shape_14-1,95,-97.87687,22.27434
shape_14-1,96,-97.87565,22.27558
shape_14-1,97,-97.87561,22.27595
shape_14-1,98,-97.87385,22.27546
shape_14-1,99,-97.87419,22.27436
shape_14-1,100,-97.87462,22.2727
shape_14-1,101,-97.87376,22.27069
shape_14-1,102,-97.87361,22.26819
shape_14-1,103,-97.87439,22.26549
shape_14-1,104,-97.87572,22.26058
shape_14-1,105,-97.87617,22.25953
shape_14-1,106,-97.8766,22.25713
shape_14-1,107,-97.8764,22.25518
shape_14-1,108,-97.87505,22.25081
shape_14-1,109,-97.87368,22.2476
shape_14-1,110,-97.87252,22.24557
shape_14-1,111,-97.86949,22.23856
shape_14-1,112,-97.86709,22.23288
shape_14-1,113,-97.86514,22.22787
shape_14-1,114,-97.8634,22.22356
shape_14-1,115,-97.86324,22.22161
shape_14-1,116,-97.85668,22.21877
shape_14-1,117,-97.85763,22.21711
shape_14-1,118,-97.85673,22.21681
shape_14-1,119,-97.85617,22.21764
shape_43-1,0,-97.88272,22.28339
shape_43-1,1,-97.88253,22.28423
shape_43-1,2,-97.88102,22.28511
shape_43-1,3,-97.88076,22.28721
shape_43-1,4,-97.88072,22.2874
shape_43-1,5,-97.87641,22.29216
shape_43-1,6,-97.87323,22.29042
shape_43-1,7,-97.8731,22.28979
shape_43-1,8,-97.87228,22.28908
shape_43-1,9,-97.87107,22.28849
shape_43-1,10,-97.86589,22.28493
shape_43-1,11,-97.86291,22.2813
shape_43-1,12,-97.85832,22.27728
shape_43-1,13,-97.8555,22.27487
shape_43-1,14,-97.8538,22.27349
shape_43-1,15,-97.85078,22.27274
shape_43-1,16,-97.84748,22.26963
shape_43-1,17,-97.85356,22.25367
shape_43-1,18,-97.85445,22.25132
shape_43-1,19,-97.85489,22.25057
shape_43-1,20,-97.85459,22.24806
shape_43-1,21,-97.85518,22.24716
shape_43-1,22,-97.85544,22.24322
shape_43-1,23,-97.85512,22.24229
shape_43-1,24,-97.85409,22.24082
shape_43-1,25,-97.85335,22.239
shape_43-1,26,-97.85248,22.2379
shape_43-1,27,-97.84971,22.23711
shape_43-1,28,-97.8475,22.23175
shape_43-1,29,-97.84666,22.23051
shape_43-1,30,-97.84671,22.22932
shape_43-1,31,-97.85415,22.21566
shape_43-1,32,-97.85415,22.21566
shape_43-1,33,-97.85606,22.21204
shape_43-1,34,-97.85688,22.21236
shape_43-1,35,-97.85673,22.21286
shape_43-1,36,-97.85673,22.21286
shape_43-1,37,-97.85587,22.21247
shape_43-1,38,-97.8549,22.21231
shape_43-1,39,-97.85458,22.2129
shape_43-1,40,-97.85244,22.21676
shape_43-1,41,-97.85342,22.21727
shape_43-1,42,-97.85297,22.21782
shape_43-1,43,-97.84671,22.22932
shape_43-1,44,-97.84666,22.23051
shape_43-1,45,-97.8475,22.23175
shape_43-1,46,-97.84971,22.23711
shape_43-1,47,-97.85248,22.2379
shape_43-1,48,-97.85335,22.239
shape_43-1,49,-97.85409,22.24082
shape_43-1,50,-97.85512,22.24229
shape_43-1,51,-97.85544,22.24322
shape_43-1,52,-97.85518,22.24716
shape_43-1,53,-97.85459,22.24806
shape_43-1,54,-97.85489,22.25057
shape_43-1,55,-97.85445,22.25132
shape_43-1,56,-97.85356,22.25367
shape_43-1,57,-97.84748,22.26963
shape_43-1,58,-97.85078,22.27274
shape_43-1,59,-97.8538,22.27349
shape_43-1,60,-97.8555,22.27487
shape_43-1,61,-97.85832,22.27728
shape_43-1,62,-97.86291,22.2813
shape_43-1,63,-97.86589,22.28493
shape_43-1,64,-97.87107,22.28849
shape_43-1,65,-97.87228,22.28908
shape_43-1,66,-97.87239,22.28886
shape_43-1,67,-97.87265,22.28852
shape_43-1,68,-97.87301,22.28799
shape_43-1,69,-97.87378,22.28568
shape_43-1,70,-97.88072,22.2874
shape_43-1,71,-97.8814,22.28743
shape_43-1,72,-97.88187,22.28739
shape_43-1,73,-97.88464,22.28681
shape_43-1,74,-97.88428,22.28546
shape_43-1,75,-97.88297,22.28336
shape_46-1,0,-97.83834,22.29699
shape_46-1,1,-97.83673,22.292
shape_46-1,2,-97.83641,22.29067
shape_46-1,3,-97.83632,22.28871
shape_46-1,4,-97.83529,22.28879
shape_46-1,5,-97.83488,22.28835
shape_46-1,6,-97.83488,22.28681
shape_46-1,7,-97.83359,22.28691
shape_46-1,8,-97.83298,22.28616
shape_46-1,9,-97.83173,22.28687
shape_46-1,10,-97.82914,22.2813
shape_46-1,11,-97.82792,22.27832
shape_46-1,12,-97.83076,22.27738
shape_46-1,13,-97.83452,22.27702
shape_46-1,14,-97.84308,22.27689
shape_46-1,15,-97.84428,22.27643
shape_46-1,16,-97.84557,22.27518
shape_46-1,17,-97.84563,22.2747
shape_46-1,18,-97.85428,22.25173
shape_46-1,19,-97.85497,22.25047
shape_46-1,20,-97.85454,22.24817
shape_46-1,21,-97.85516,22.2471
shape_46-1,22,-97.85537,22.24293
shape_46-1,23,-97.85454,22.2416
shape_46-1,24,-97.85295,22.23832
shape_46-1,25,-97.84975,22.23703
shape_46-1,26,-97.84832,22.23339
shape_46-1,27,-97.8466,22.23061
shape_46-1,28,-97.84668,22.22958
shape_46-1,29,-97.85602,22.21204
shape_46-1,30,-97.85606,22.21214
shape_46-1,31,-97.85782,22.21262
shape_46-1,32,-97.85761,22.21329
shape_46-1,33,-97.85582,22.21244
shape_46-1,34,-97.85488,22.21233
shape_46-1,35,-97.85248,22.21681
shape_46-1,36,-97.85334,22.21729
shape_46-1,37,-97.84668,22.22958
shape_46-1,38,-97.8466,22.23061
shape_46-1,39,-97.84832,22.23339
shape_46-1,40,-97.84975,22.23703
shape_46-1,41,-97.85295,22.23832
shape_46-1,42,-97.85454,22.2416
shape_46-1,43,-97.85537,22.24293
shape_46-1,44,-97.85516,22.2471
shape_46-1,45,-97.85454,22.24817
shape_46-1,46,-97.85497,22.25047
shape_46-1,47,-97.85428,22.25173
shape_46-1,48,-97.84563,22.2747
shape_46-1,49,-97.84557,22.27518
shape_46-1,50,-97.84428,22.27643
shape_46-1,51,-97.84308,22.27689
shape_46-1,52,-97.83452,22.27702
shape_46-1,53,-97.83076,22.27738
shape_46-1,54,-97.82792,22.27832
shape_46-1,55,-97.82914,22.2813
shape_46-1,56,-97.83173,22.28687
shape_46-1,57,-97.83298,22.28616
shape_46-1,58,-97.83359,22.28691
shape_46-1,59,-97.83488,22.28681
shape_46-1,60,-97.83488,22.28835
shape_46-1,61,-97.83529,22.28879
shape_46-1,62,-97.83632,22.28871
shape_46-1,63,-97.83641,22.29067
shape_46-1,64,-97.83671,22.29204
shape_46-1,65,-97.83835,22.297
shape_29-1,0,-97.89121,22.29794
shape_29-1,1,-97.89252,22.29555
shape_29-1,2,-97.89116,22.2941
shape_29-1,3,-97.89074,22.29345
shape_29-1,4,-97.89049,22.29263
shape_29-1,5,-97.88863,22.29058
shape_29-1,6,-97.88701,22.28888
shape_29-1,7,-97.88589,22.28528
shape_29-1,8,-97.8871,22.28496
shape_29-1,9,-97.88671,22.28387
shape_29-1,10,-97.88787,22.28356
shape_29-1,11,-97.88648,22.28085
shape_29-1,12,-97.88646,22.27973
shape_29-1,13,-97.88936,22.27963
shape_29-1,14,-97.89163,22.27966
shape_29-1,15,-97.89142,22.27818
shape_29-1,16,-97.88946,22.27854
shape_29-1,17,-97.88907,22.27742
shape_29-1,18,-97.88972,22.27727
shape_29-1,19,-97.89065,22.27666
shape_29-1,20,-97.88988,22.27604
shape_29-1,21,-97.88904,22.27578
shape_29-1,22,-97.88786,22.27554
shape_29-1,23,-97.88733,22.27727
shape_29-1,24,-97.88605,22.27767
shape_29-1,25,-97.88499,22.27816
shape_29-1,26,-97.884,22.27893
shape_29-1,27,-97.88354,22.279
shape_29-1,28,-97.88225,22.27891
shape_29-1,29,-97.88106,22.27891
shape_29-1,30,-97.87925,22.27782
shape_29-1,31,-97.87768,22.27639
shape_29-1,32,-97.8741,22.27545
shape_29-1,33,-97.87473,22.27302
shape_29-1,34,-97.87381,22.26988
shape_29-1,35,-97.87383,22.26692
shape_29-1,36,-97.87497,22.26422
shape_29-1,37,-97.87621,22.25933
shape_29-1,38,-97.87657,22.25709
shape_29-1,39,-97.87632,22.25441
shape_29-1,40,-97.87417,22.24839
shape_29-1,41,-97.87183,22.24424
shape_29-1,42,-97.86868,22.23675
shape_29-1,43,-97.86359,22.22398
shape_29-1,44,-97.86331,22.22227
shape_29-1,45,-97.86316,22.22054
shape_29-1,46,-97.86265,22.21937
shape_29-1,47,-97.85755,22.21715
shape_29-1,48,-97.85922,22.21401
shape_29-1,49,-97.85832,22.21359
shape_29-1,50,-97.85768,22.21483
shape_29-1,51,-97.85768,22.21483
shape_29-1,52,-97.85731,22.21554
shape_29-1,53,-97.85671,22.21671
shape_29-1,54,-97.85755,22.21715
shape_29-1,55,-97.86265,22.21937
shape_29-1,56,-97.86316,22.22054
shape_29-1,57,-97.86331,22.22227
shape_29-1,58,-97.86359,22.22398
shape_29-1,59,-97.86868,22.23675
shape_29-1,60,-97.87183,22.24424
shape_29-1,61,-97.87417,22.24839
shape_29-1,62,-97.87632,22.25441
shape_29-1,63,-97.87657,22.25709
shape_29-1,64,-97.87621,22.25933
shape_29-1,65,-97.87497,22.26422
shape_29-1,66,-97.87383,22.26692
shape_29-1,67,-97.87381,22.26988
shape_29-1,68,-97.87473,22.27302
shape_29-1,69,-97.8741,22.27545
shape_29-1,70,-97.87768,22.27639
shape_29-1,71,-97.87925,22.27782
shape_29-1,72,-97.88106,22.27891
shape_29-1,73,-97.88225,22.27891
shape_29-1,74,-97.88354,22.279
shape_29-1,75,-97.884,22.27893
shape_29-1,76,-97.88499,22.27816
shape_29-1,77,-97.88605,22.27767
shape_29-1,78,-97.88733,22.27727
shape_29-1,79,-97.88907,22.27742
shape_29-1,80,-97.88946,22.27854
shape_29-1,81,-97.89142,22.27818
shape_29-1,82,-97.89163,22.27966
shape_29-1,83,-97.88936,22.27963
shape_29-1,84,-97.88646,22.27973
shape_29-1,85,-97.88648,22.28085
shape_29-1,86,-97.88763,22.28304
shape_29-1,87,-97.88534,22.28371
shape_29-1,88,-97.88589,22.28528
shape_29-1,89,-97.88701,22.28888
shape_29-1,90,-97.88863,22.29058
shape_29-1,91,-97.89049,22.29263
shape_29-1,92,-97.89074,22.29345
shape_29-1,93,-97.89116,22.2941
shape_29-1,94,-97.89252,22.29554
shape_29-1,95,-97.89126,22.29792
shape_Fracc.-1,0,-97.88832,22.34021
shape_Fracc.-1,1,-97.88799,22.34009
shape_Fracc.-1,2,-97.88789,22.33976
shape_Fracc.-1,3,-97.88819,22.33949
shape_Fracc.-1,4,-97.88796,22.33898
shape_Fracc.-1,5,-97.88742,22.33871
shape_Fracc.-1,6,-97.88685,22.33825
shape_Fracc.-1,7,-97.88625,22.33827
shape_Fracc.-1,8,-97.8861,22.33863
shape_Fracc.-1,9,-97.8864,22.33896
shape_Fracc.-1,10,-97.8864,22.33912
shape_Fracc.-1,11,-97.88681,22.33943
shape_Fracc.-1,12,-97.8868,22.33985
shape_Fracc.-1,13,-97.88706,22.34009
shape_Fracc.-1,14,-97.88826,22.34052
shape_Fracc.-1,15,-97.88837,22.34083
shape_Fracc.-1,16,-97.8883,22.34114
shape_Fracc.-1,17,-97.8886,22.34133
shape_Fracc.-1,18,-97.88962,22.34197
shape_Fracc.-1,19,-97.88985,22.34197
shape_Fracc.-1,20,-97.88943,22.34149
shape_Fracc.-1,21,-97.88869,22.34098
shape_Fracc.-1,22,-97.88889,22.34043
shape_Fracc.-1,23,-97.88866,22.34033
shape_Fracc.-1,24,-97.88863,22.34006
shape_Fracc.-1,25,-97.88935,22.33836
shape_Fracc.-1,26,-97.88915,22.33804
shape_Fracc.-1,27,-97.88925,22.33774
shape_Fracc.-1,28,-97.88857,22.33573
shape_Fracc.-1,29,-97.88798,22.33538
shape_Fracc.-1,30,-97.88747,22.3347
shape_Fracc.-1,31,-97.88718,22.33449
shape_Fracc.-1,32,-97.88519,22.33366
shape_Fracc.-1,33,-97.88452,22.33437
shape_Fracc.-1,34,-97.88371,22.33496
shape_Fracc.-1,35,-97.88309,22.33525
shape_Fracc.-1,36,-97.88289,22.33505
shape_Fracc.-1,37,-97.8799,22.33667
shape_Fracc.-1,38,-97.87612,22.33778
shape_Fracc.-1,39,-97.87525,22.33778
shape_Fracc.-1,40,-97.87426,22.33753
shape_Fracc.-1,41,-97.8736,22.33683
shape_Fracc.-1,42,-97.8732,22.33563
shape_Fracc.-1,43,-97.87351,22.33316
shape_Fracc.-1,44,-97.87418,22.33066
shape_Fracc.-1,45,-97.8811,22.30853
shape_Fracc.-1,46,-97.88179,22.30609
shape_Fracc.-1,47,-97.8816,22.30474
shape_Fracc.-1,48,-97.87323,22.29104
shape_Fracc.-1,49,-97.87319,22.28999
shape_Fracc.-1,50,-97.87196,22.289
shape_Fracc.-1,51,-97.8704,22.28799
shape_Fracc.-1,52,-97.86585,22.28479
shape_Fracc.-1,53,-97.86282,22.28119
shape_Fracc.-1,54,-97.85816,22.27708
shape_Fracc.-1,55,-97.854,22.27361
shape_Fracc.-1,56,-97.85063,22.27266
shape_Fracc.-1,57,-97.85471,22.27436
shape_Fracc.-1,58,-97.85613,22.27667
shape_Fracc.-1,59,-97.85889,22.27798
shape_Fracc.-1,60,-97.85941,22.27818
shape_Fracc.-1,61,-97.85941,22.27818
shape_Fracc.-1,62,-97.85889,22.27798
shape_Fracc.-1,63,-97.85613,22.27667
shape_Fracc.-1,64,-97.85471,22.27436
shape_Fracc.-1,65,-97.85063,22.27266
shape_Fracc.-1,66,-97.854,22.27361
shape_Fracc.-1,67,-97.85816,22.27708
shape_Fracc.-1,68,-97.86282,22.28119
shape_Fracc.-1,69,-97.86585,22.28479
shape_Fracc.-1,70,-97.8704,22.28799
shape_Fracc.-1,71,-97.87196,22.289
shape_Fracc.-1,72,-97.87319,22.28999
shape_Fracc.-1,73,-97.87323,22.29104
shape_Fracc.-1,74,-97.8816,22.30474
shape_Fracc.-1,75,-97.88179,22.30609
shape_Fracc.-1,76,-97.8811,22.30853
shape_Fracc.-1,77,-97.87418,22.33066
shape_Fracc.-1,78,-97.87351,22.33316
shape_Fracc.-1,79,-97.8732,22.33563
shape_Fracc.-1,80,-97.8736,22.33683
shape_Fracc.-1,81,-97.87426,22.33753
shape_Fracc.-1,82,-97.87525,22.33778
shape_Fracc.-1,83,-97.87612,22.33778
shape_Fracc.-1,84,-97.8799,22.33667
shape_Fracc.-1,85,-97.88289,22.33505
shape_Fracc.-1,86,-97.88309,22.33525
shape_Fracc.-1,87,-97.88371,22.33496
shape_Fracc.-1,88,-97.88452,22.33437
shape_Fracc.-1,89,-97.88519,22.33366
shape_Fracc.-1,90,-97.88718,22.33449
shape_Fracc.-1,91,-97.88747,22.3347
shape_Fracc.-1,92,-97.88798,22.33538
shape_Fracc.-1,93,-97.88857,22.33573
shape_Fracc.-1,94,-97.88925,22.33774
shape_Fracc.-1,95,-97.88915,22.33804
shape_Fracc.-1,96,-97.88935,22.33836
shape_Fracc.-1,97,-97.88863,22.34006
shape_Fracc.-1,98,-97.88866,22.34033
shape_Fracc.-1,99,-97.88889,22.34043
shape_Fracc.-1,100,-97.88869,22.34098
shape_Fracc.-1,101,-97.88943,22.34149
shape_Fracc.-1,102,-97.88985,22.34197
shape_Fracc.-1,103,-97.88962,22.34197
shape_Fracc.-1,104,-97.8886,22.34133
shape_Fracc.-1,105,-97.8883,22.34114
shape_Fracc.-1,106,-97.88837,22.34083
shape_Fracc.-1,107,-97.88826,22.34052
shape_Fracc.-1,108,-97.88706,22.34009
shape_Fracc.-1,109,-97.8868,22.33985
shape_Fracc.-1,110,-97.88681,22.33943
shape_Fracc.-1,111,-97.8864,22.33912
shape_Fracc.-1,112,-97.8864,22.33896
shape_Fracc.-1,113,-97.8861,22.33863
shape_Fracc.-1,114,-97.88625,22.33827
shape_Fracc.-1,115,-97.88685,22.33825
shape_Fracc.-1,116,-97.88742,22.33871
shape_Fracc.-1,117,-97.88796,22.33898
shape_Fracc.-1,118,-97.88819,22.33949
shape_Fracc.-1,119,-97.88789,22.33976
shape_Fracc.-1,120,-97.88799,22.34009
shape_41-1,0,-97.89228,22.28783
shape_41-1,1,-97.89092,22.2873
shape_41-1,2,-97.8901,22.28361
shape_41-1,3,-97.8903,22.28221
shape_41-1,4,-97.88758,22.28195
shape_41-1,5,-97.88708,22.28202
shape_41-1,6,-97.88786,22.28357
shape_41-1,7,-97.88669,22.28386
shape_41-1,8,-97.88708,22.28498
shape_41-1,9,-97.88578,22.28538
shape_41-1,10,-97.88614,22.28648
shape_41-1,11,-97.8817,22.28737
shape_41-1,12,-97.87363,22.28562
shape_41-1,13,-97.87298,22.28812
shape_41-1,14,-97.87234,22.28847
shape_41-1,15,-97.87117,22.28857
shape_41-1,16,-97.86847,22.28672
shape_41-1,17,-97.86636,22.28525
shape_41-1,18,-97.86055,22.27909
shape_41-1,19,-97.85872,22.27758
shape_41-1,20,-97.85623,22.27538
shape_41-1,21,-97.85396,22.27351
shape_41-1,22,-97.85106,22.27282
shape_41-1,23,-97.84047,22.2627
shape_41-1,24,-97.83967,22.2607
shape_41-1,25,-97.83878,22.25985
shape_41-1,26,-97.84273,22.25658
shape_41-1,27,-97.8434,22.25602
shape_41-1,28,-97.83968,22.25232
shape_41-1,29,-97.84223,22.24859
shape_41-1,30,-97.83443,22.24444
shape_41-1,31,-97.83605,22.24181
shape_41-1,32,-97.83836,22.24304
shape_41-1,33,-97.83534,22.24124
shape_41-1,34,-97.83836,22.24304
shape_41-1,35,-97.8397,22.24083
shape_41-1,36,-97.84047,22.24124
shape_41-1,37,-97.84226,22.23841
shape_41-1,38,-97.84056,22.23751
shape_41-1,39,-97.84072,22.23716
shape_41-1,40,-97.84164,22.23747
shape_41-1,41,-97.83959,22.24075
shape_41-1,42,-97.8397,22.24083
shape_41-1,43,-97.8397,22.24083
shape_41-1,44,-97.83959,22.24075
shape_41-1,45,-97.84164,22.23747
shape_41-1,46,-97.84072,22.23716
shape_41-1,47,-97.84056,22.23751
shape_41-1,48,-97.84226,22.23841
shape_41-1,49,-97.84047,22.24124
shape_41-1,50,-97.8397,22.24083
shape_41-1,51,-97.83836,22.24304
shape_41-1,52,-97.83836,22.24304
shape_41-1,53,-97.83605,22.24181
shape_41-1,54,-97.83484,22.24382
shape_41-1,55,-97.83561,22.24412
shape_41-1,56,-97.83439,22.24624
shape_41-1,57,-97.84126,22.25
shape_41-1,58,-97.83968,22.25232
shape_41-1,59,-97.8434,22.25602
shape_41-1,60,-97.84273,22.25658
shape_41-1,61,-97.83824,22.26039
shape_41-1,62,-97.84047,22.2627
shape_41-1,63,-97.84548,22.26779
shape_41-1,64,-97.85106,22.27282
shape_41-1,65,-97.85396,22.27351
shape_41-1,66,-97.85482,22.27478
shape_41-1,67,-97.85608,22.27655
shape_41-1,68,-97.85876,22.27794
shape_41-1,69,-97.86055,22.27909
shape_41-1,70,-97.86636,22.28525
shape_41-1,71,-97.86847,22.28672
shape_41-1,72,-97.87089,22.28868
shape_41-1,73,-97.87228,22.28927
shape_41-1,74,-97.87283,22.2896
shape_41-1,75,-97.87306,22.29
shape_41-1,76,-97.87302,22.29022
shape_41-1,77,-97.87267,22.29031
shape_41-1,78,-97.87225,22.28989
shape_41-1,79,-97.87217,22.28942
shape_41-1,80,-97.8732,22.28766
shape_41-1,81,-97.87363,22.28562
shape_41-1,82,-97.8817,22.28737
shape_41-1,83,-97.88614,22.28648
shape_41-1,84,-97.88578,22.28538
shape_41-1,85,-97.88708,22.28498
shape_41-1,86,-97.88656,22.28339
shape_41-1,87,-97.88767,22.28304
shape_41-1,88,-97.88708,22.28202
shape_41-1,89,-97.88758,22.28195
shape_41-1,90,-97.8903,22.28221
shape_41-1,91,-97.8901,22.28361
shape_41-1,92,-97.89092,22.2873
shape_34-1,0,-97.84274,22.29964
shape_34-1,1,-97.84246,22.29483
shape_34-1,2,-97.83805,22.29609
shape_34-1,3,-97.83715,22.29336
shape_34-1,4,-97.83671,22.29199
shape_34-1,5,-97.83644,22.29065
shape_34-1,6,-97.83632,22.2887
shape_34-1,7,-97.83529,22.28879
shape_34-1,8,-97.83489,22.28842
shape_34-1,9,-97.83455,22.27705
shape_34-1,10,-97.83889,22.27692
shape_34-1,11,-97.83365,22.26092
shape_34-1,12,-97.83373,22.26081
shape_34-1,13,-97.83195,22.25899
shape_34-1,14,-97.83262,22.25843
shape_34-1,15,-97.82961,22.2554
shape_34-1,16,-97.83545,22.25038
shape_34-1,17,-97.83575,22.25112
shape_34-1,18,-97.83605,22.25101
shape_34-1,19,-97.8367,22.2505
shape_34-1,20,-97.83733,22.24978
shape_34-1,21,-97.83781,22.24907
shape_34-1,22,-97.84184,22.24272
shape_34-1,23,-97.84101,22.24229
shape_34-1,24,-97.84312,22.23888
shape_34-1,25,-97.84226,22.23845
shape_34-1,26,-97.84267,22.23772
shape_34-1,27,-97.84357,22.23529
shape_34-1,28,-97.84599,22.22879
shape_34-1,29,-97.85011,22.21775
shape_34-1,30,-97.84827,22.21696
shape_34-1,31,-97.85034,22.21293
shape_34-1,32,-97.85712,22.21598
shape_34-1,33,-97.85667,22.21674
shape_34-1,34,-97.85162,22.21447
shape_34-1,35,-97.85011,22.21775
shape_34-1,36,-97.85011,22.21775
shape_34-1,37,-97.85162,22.21447
shape_34-1,38,-97.85667,22.21674
shape_34-1,39,-97.85712,22.21598
shape_34-1,40,-97.85034,22.21293
shape_34-1,41,-97.84827,22.21696
shape_34-1,42,-97.85011,22.21775
shape_34-1,43,-97.84599,22.22879
shape_34-1,44,-97.84357,22.23529
shape_34-1,45,-97.84267,22.23772
shape_34-1,46,-97.84226,22.23845
shape_34-1,47,-97.84312,22.23888
shape_34-1,48,-97.84101,22.24229
shape_34-1,49,-97.83882,22.24588
shape_34-1,50,-97.83796,22.24537
shape_34-1,51,-97.83576,22.24892
shape_34-1,52,-97.83517,22.24946
shape_34-1,53,-97.83503,22.24955
shape_34-1,54,-97.8352,22.24985
shape_34-1,55,-97.83545,22.25038
shape_34-1,56,-97.82961,22.2554
shape_34-1,57,-97.83262,22.25843
shape_34-1,58,-97.83195,22.25899
shape_34-1,59,-97.83373,22.26081
shape_34-1,60,-97.83437,22.2614
shape_34-1,61,-97.83336,22.26221
shape_34-1,62,-97.83737,22.27484
shape_34-1,63,-97.83793,22.27635
shape_34-1,64,-97.83866,22.27623
shape_34-1,65,-97.83887,22.27687
shape_34-1,66,-97.83455,22.27705
shape_34-1,67,-97.83489,22.28842
shape_34-1,68,-97.83529,22.28879
shape_34-1,69,-97.83632,22.2887
shape_34-1,70,-97.83644,22.29065
shape_34-1,71,-97.83671,22.29199
shape_34-1,72,-97.83715,22.29336
shape_34-1,73,-97.83805,22.29609
shape_34-1,74,-97.84246,22.29483
shape_49-1,0,-97.89967,22.2987
shape_49-1,1,-97.89902,22.2993
shape_49-1,2,-97.89967,22.29994
shape_49-1,3,-97.90034,22.29935
shape_49-1,4,-97.89901,22.29805
shape_49-1,5,-97.89679,22.30064
shape_49-1,6,-97.89614,22.30127
shape_49-1,7,-97.89387,22.2996
shape_49-1,8,-97.89119,22.29791
shape_49-1,9,-97.88707,22.29571
shape_49-1,10,-97.88546,22.29533
shape_49-1,11,-97.88183,22.29505
shape_49-1,12,-97.88014,22.29442
shape_49-1,13,-97.87866,22.29341
shape_49-1,14,-97.87329,22.29043
shape_49-1,15,-97.87293,22.28824
shape_49-1,16,-97.87402,22.28501
shape_49-1,17,-97.87293,22.28219
shape_49-1,18,-97.87314,22.2781
shape_49-1,19,-97.87466,22.27278
shape_49-1,20,-97.87374,22.27002
shape_49-1,21,-97.874,22.26652
shape_49-1,22,-97.87512,22.2641
shape_49-1,23,-97.87625,22.25911
shape_49-1,24,-97.87662,22.25735
shape_49-1,25,-97.87651,22.25516
shape_49-1,26,-97.87437,22.24869
shape_49-1,27,-97.87265,22.24565
shape_49-1,28,-97.86956,22.23858
shape_49-1,29,-97.86797,22.23522
shape_49-1,30,-97.8646,22.22642
shape_49-1,31,-97.8634,22.22326
shape_49-1,32,-97.86327,22.22154
shape_49-1,33,-97.8558,22.21839
shape_49-1,34,-97.85495,22.21998
shape_49-1,35,-97.85543,22.21912
shape_49-1,36,-97.86334,22.22263
shape_49-1,37,-97.86334,22.22263
shape_49-1,38,-97.85543,22.21912
shape_49-1,39,-97.85495,22.21998
shape_49-1,40,-97.8558,22.21839
shape_49-1,41,-97.86327,22.22154
shape_49-1,42,-97.8634,22.22326
shape_49-1,43,-97.8646,22.22642
shape_49-1,44,-97.86797,22.23522
shape_49-1,45,-97.86956,22.23858
shape_49-1,46,-97.87265,22.24565
shape_49-1,47,-97.87437,22.24869
shape_49-1,48,-97.87651,22.25516
shape_49-1,49,-97.87662,22.25735
shape_49-1,50,-97.87625,22.25911
shape_49-1,51,-97.87512,22.2641
shape_49-1,52,-97.874,22.26652
shape_49-1,53,-97.87374,22.27002
shape_49-1,54,-97.87466,22.27278
shape_49-1,55,-97.87314,22.2781
shape_49-1,56,-97.87293,22.28219
shape_49-1,57,-97.87402,22.28501
shape_49-1,58,-97.87293,22.28824
shape_49-1,59,-97.87203,22.28973
shape_49-1,60,-97.87321,22.29112
shape_49-1,61,-97.87531,22.29442
shape_49-1,62,-97.87662,22.29626
shape_49-1,63,-97.88003,22.2944
shape_49-1,64,-97.88183,22.29505
shape_49-1,65,-97.88546,22.29533
shape_49-1,66,-97.88707,22.29571
shape_49-1,67,-97.89119,22.29791
shape_49-1,68,-97.89387,22.2996
shape_49-1,69,-97.89614,22.30127
shape_49-1,70,-97.89679,22.30064
shape_49-1,71,-97.89903,22.29806
shape_49-1,72,-97.90035,22.29937
shape_49-1,73,-97.89968,22.29994
shape_49-1,74,-97.899,22.2993
shape_49-1,75,-97.89969,22.29872
shape_15-1,0,-97.83747,22.24795
shape_15-1,1,-97.8413,22.25002
shape_15-1,2,-97.83996,22.25214
shape_15-1,3,-97.84534,22.25501
shape_15-1,4,-97.8448,22.2559
shape_15-1,5,-97.84332,22.25716
shape_15-1,6,-97.84417,22.25802
shape_15-1,7,-97.84456,22.25859
shape_15-1,8,-97.85044,22.26167
shape_15-1,9,-97.85212,22.26211
shape_15-1,10,-97.85183,22.26286
shape_15-1,11,-97.85801,22.26485
shape_15-1,12,-97.85613,22.26977
shape_15-1,13,-97.85818,22.27046
shape_15-1,14,-97.85643,22.27498
shape_15-1,15,-97.85605,22.27536
shape_15-1,16,-97.85529,22.2747
shape_15-1,17,-97.85512,22.27507
shape_15-1,18,-97.85629,22.27675
shape_15-1,19,-97.85947,22.27841
shape_15-1,20,-97.86259,22.28109
shape_15-1,21,-97.86443,22.28337
shape_15-1,22,-97.86623,22.28528
shape_15-1,23,-97.86874,22.28699
shape_15-1,24,-97.86987,22.28779
shape_15-1,25,-97.87111,22.28895
shape_15-1,26,-97.87223,22.2902
shape_15-1,27,-97.87334,22.29135
shape_15-1,28,-97.87961,22.3013
shape_15-1,29,-97.885,22.30129
shape_15-1,30,-97.88873,22.3033
shape_15-1,31,-97.88823,22.30639
shape_15-1,32,-97.8875,22.30987
shape_15-1,33,-97.88672,22.31346
shape_15-1,34,-97.88628,22.31542
shape_15-1,35,-97.88547,22.31734
shape_15-1,36,-97.88247,22.31727
shape_15-1,37,-97.88267,22.3231
shape_15-1,38,-97.88685,22.32358
shape_15-1,39,-97.88887,22.31866
shape_15-1,40,-97.88252,22.31926
shape_15-1,41,-97.88252,22.31926
shape_15-1,42,-97.88887,22.31866
shape_15-1,43,-97.88685,22.32358
shape_15-1,44,-97.88267,22.3231
shape_15-1,45,-97.88252,22.31788
shape_15-1,46,-97.88565,22.31782
shape_15-1,47,-97.88574,22.31727
shape_15-1,48,-97.88628,22.31542
shape_15-1,49,-97.88672,22.31346
shape_15-1,50,-97.8875,22.30987
shape_15-1,51,-97.88823,22.30639
shape_15-1,52,-97.88873,22.3033
shape_15-1,53,-97.885,22.30129
shape_15-1,54,-97.87961,22.3013
shape_15-1,55,-97.87334,22.29135
shape_15-1,56,-97.87223,22.2902
shape_15-1,57,-97.87111,22.28895
shape_15-1,58,-97.86987,22.28779
shape_15-1,59,-97.86874,22.28699
shape_15-1,60,-97.86623,22.28528
shape_15-1,61,-97.86443,22.28337
shape_15-1,62,-97.86259,22.28109
shape_15-1,63,-97.85947,22.27841
shape_15-1,64,-97.85847,22.27736
shape_15-1,65,-97.85705,22.27615
shape_15-1,66,-97.85638,22.27556
shape_15-1,67,-97.85653,22.275
shape_15-1,68,-97.85818,22.27046
shape_15-1,69,-97.85613,22.26977
shape_15-1,70,-97.85801,22.26485
shape_15-1,71,-97.85183,22.26286
shape_15-1,72,-97.85212,22.26211
shape_15-1,73,-97.85044,22.26167
shape_15-1,74,-97.84456,22.25859
shape_15-1,75,-97.84417,22.25802
shape_15-1,76,-97.84332,22.25716
shape_15-1,77,-97.8448,22.2559
shape_15-1,78,-97.84534,22.25501
shape_15-1,79,-97.83918,22.25176
shape_15-1,80,-97.8401,22.2503
shape_15-1,81,-97.83707,22.24868
shape_78-1,0,-97.85762,22.30493
shape_78-1,1,-97.86156,22.30354
shape_78-1,2,-97.86318,22.30732
shape_78-1,3,-97.86376,22.30709
shape_78-1,4,-97.86904,22.3072
shape_78-1,5,-97.86887,22.31068
shape_78-1,6,-97.87518,22.31097
shape_78-1,7,-97.88042,22.31056
shape_78-1,8,-97.88181,22.30567
shape_78-1,9,-97.88125,22.30389
shape_78-1,10,-97.87342,22.29122
shape_78-1,11,-97.87299,22.28908
shape_78-1,12,-97.8737,22.28566
shape_78-1,13,-97.87387,22.28441
shape_78-1,14,-97.87297,22.28219
shape_78-1,15,-97.87312,22.27847
shape_78-1,16,-97.87471,22.27289
shape_78-1,17,-97.87376,22.27006
shape_78-1,18,-97.87376,22.26704
shape_78-1,19,-97.87542,22.26283
shape_78-1,20,-97.87651,22.25786
shape_78-1,21,-97.87649,22.25629
shape_78-1,22,-97.87617,22.25379
shape_78-1,23,-97.87396,22.24795
shape_78-1,24,-97.87153,22.24333
shape_78-1,25,-97.86758,22.23421
shape_78-1,26,-97.86482,22.22686
shape_78-1,27,-97.86361,22.2239
shape_78-1,28,-97.86334,22.22217
shape_78-1,29,-97.86325,22.22066
shape_78-1,30,-97.86269,22.21943
shape_78-1,31,-97.85926,22.21794
shape_78-1,32,-97.86007,22.21637
shape_78-1,33,-97.85918,22.21595
shape_78-1,34,-97.85919,22.21599
shape_78-1,35,-97.85797,22.2184
shape_78-1,36,-97.85982,22.21915
shape_78-1,37,-97.86233,22.22024
shape_78-1,38,-97.86325,22.22066
shape_78-1,39,-97.86334,22.22217
shape_78-1,40,-97.86361,22.2239
shape_78-1,41,-97.86482,22.22686
shape_78-1,42,-97.86758,22.23421
shape_78-1,43,-97.87153,22.24333
shape_78-1,44,-97.87396,22.24795
shape_78-1,45,-97.87617,22.25379
shape_78-1,46,-97.87649,22.25629
shape_78-1,47,-97.87651,22.25786
shape_78-1,48,-97.87542,22.26283
shape_78-1,49,-97.87376,22.26704
shape_78-1,50,-97.87376,22.27006
shape_78-1,51,-97.87471,22.27289
shape_78-1,52,-97.87312,22.27847
shape_78-1,53,-97.87297,22.28219
shape_78-1,54,-97.87387,22.28441
shape_78-1,55,-97.8737,22.28566
shape_78-1,56,-97.87299,22.28908
shape_78-1,57,-97.87342,22.29122
shape_78-1,58,-97.88125,22.30389
shape_78-1,59,-97.88181,22.30567
shape_78-1,60,-97.88111,22.30859
shape_78-1,61,-97.87382,22.30904
shape_78-1,62,-97.869,22.30877
shape_78-1,63,-97.86904,22.3072
shape_78-1,64,-97.86376,22.30709
shape_78-1,65,-97.86318,22.30732
shape_78-1,66,-97.86156,22.30357
shape_78-1,67,-97.85766,22.30492
shape_6-1,0,-97.88064,22.32208
shape_6-1,1,-97.88065,22.32326
shape_6-1,2,-97.88268,22.32308
shape_6-1,3,-97.88206,22.30845
shape_6-1,4,-97.88095,22.30861
shape_6-1,5,-97.87976,22.31235
shape_6-1,6,-97.87725,22.31252
shape_6-1,7,-97.87709,22.30882
shape_6-1,8,-97.87385,22.30902
shape_6-1,9,-97.87287,22.30892
shape_6-1,10,-97.87199,22.30894
shape_6-1,11,-97.86896,22.30873
shape_6-1,12,-97.86914,22.30523
shape_6-1,13,-97.86904,22.30333
shape_6-1,14,-97.86428,22.30256
shape_6-1,15,-97.85765,22.30494
shape_6-1,16,-97.8525,22.29257
shape_6-1,17,-97.85295,22.29211
shape_6-1,18,-97.84192,22.26547
shape_6-1,19,-97.84237,22.26459
shape_6-1,20,-97.84158,22.26372
shape_6-1,21,-97.84297,22.26027
shape_6-1,22,-97.84465,22.25731
shape_6-1,23,-97.84703,22.25401
shape_6-1,24,-97.8416,22.25112
shape_6-1,25,-97.84074,22.25256
shape_6-1,26,-97.84035,22.253
shape_6-1,27,-97.83967,22.25354
shape_6-1,28,-97.8358,22.24961
shape_6-1,29,-97.83605,22.24909
shape_6-1,30,-97.84651,22.25469
shape_6-1,31,-97.84651,22.25469
shape_6-1,32,-97.83605,22.24909
shape_6-1,33,-97.8358,22.24961
shape_6-1,34,-97.83967,22.25354
shape_6-1,35,-97.84035,22.253
shape_6-1,36,-97.84074,22.25256
shape_6-1,37,-97.8416,22.25112
shape_6-1,38,-97.84703,22.25401
shape_6-1,39,-97.84465,22.25731
shape_6-1,40,-97.84297,22.26027
shape_6-1,41,-97.84158,22.26372
shape_6-1,42,-97.8416,22.26404
shape_6-1,43,-97.8415,22.26437
shape_6-1,44,-97.84192,22.26547
shape_6-1,45,-97.85295,22.29211
shape_6-1,46,-97.8525,22.29257
shape_6-1,47,-97.85765,22.30494
shape_6-1,48,-97.86428,22.30256
shape_6-1,49,-97.86904,22.30333
shape_6-1,50,-97.86914,22.30523
shape_6-1,51,-97.86896,22.30873
shape_6-1,52,-97.86892,22.31072
shape_6-1,53,-97.87363,22.31092
shape_6-1,54,-97.87715,22.31082
shape_6-1,55,-97.88037,22.31062
shape_6-1,56,-97.87976,22.31235
shape_6-1,57,-97.87885,22.31604
shape_6-1,58,-97.88032,22.31596
shape_6-1,59,-97.88243,22.31572
shape_6-1,60,-97.88268,22.32308
shape_6-1,61,-97.88065,22.32316
shape_6-1,62,-97.88067,22.32213
shape_3-1,0,-97.88404,22.33674
shape_3-1,1,-97.88325,22.33801
shape_3-1,2,-97.88353,22.33807
shape_3-1,3,-97.88492,22.33823
shape_3-1,4,-97.88518,22.33809
shape_3-1,5,-97.88668,22.33577
shape_3-1,6,-97.88653,22.33551
shape_3-1,7,-97.88501,22.33539
shape_3-1,8,-97.88416,22.33673
shape_3-1,9,-97.88299,22.33503
shape_3-1,10,-97.88156,22.33582
shape_3-1,11,-97.87973,22.33672
shape_3-1,12,-97.877,22.33751
shape_3-1,13,-97.87509,22.33777
shape_3-1,14,-97.87402,22.33728
shape_3-1,15,-97.87336,22.33658
shape_3-1,16,-97.87333,22.33384
shape_3-1,17,-97.87402,22.33121
shape_3-1,18,-97.87372,22.33131
shape_3-1,19,-97.87252,22.32735
shape_3-1,20,-97.87213,22.32634
shape_3-1,21,-97.87003,22.32354
shape_3-1,22,-97.86844,22.31671
shape_3-1,23,-97.8686,22.31414
shape_3-1,24,-97.86884,22.31022
shape_3-1,25,-97.86411,22.31023
shape_3-1,26,-97.86378,22.30833
shape_3-1,27,-97.8639,22.30785
shape_3-1,28,-97.8636,22.30601
shape_3-1,29,-97.86247,22.30321
shape_3-1,30,-97.85758,22.30497
shape_3-1,31,-97.85501,22.29859
shape_3-1,32,-97.8525,22.29253
shape_3-1,33,-97.85033,22.28691
shape_3-1,34,-97.84793,22.28112
shape_3-1,35,-97.84526,22.27431
shape_3-1,36,-97.84325,22.26961
shape_3-1,37,-97.84351,22.26949
shape_3-1,38,-97.84131,22.26404
shape_3-1,39,-97.84171,22.2638
shape_3-1,40,-97.84292,22.26033
shape_3-1,41,-97.84313,22.25977
shape_3-1,42,-97.84372,22.25885
shape_3-1,43,-97.8384,22.25347
shape_3-1,44,-97.83912,22.25291
shape_3-1,45,-97.83727,22.25109
shape_3-1,46,-97.83808,22.25025
shape_3-1,47,-97.83857,22.24945
shape_3-1,48,-97.83777,22.24904
shape_3-1,49,-97.83735,22.24978
shape_3-1,50,-97.83668,22.25047
shape_3-1,51,-97.83609,22.24987
shape_3-1,52,-97.83578,22.2496
shape_3-1,53,-97.8356,22.24964
shape_3-1,54,-97.83544,22.24956
shape_3-1,55,-97.83533,22.24944
shape_3-1,56,-97.83523,22.24951
shape_3-1,57,-97.83554,22.25028
shape_3-1,58,-97.83579,22.25083
shape_3-1,59,-97.83592,22.25093
shape_3-1,60,-97.8384,22.25347
shape_3-1,61,-97.83662,22.25165
shape_3-1,62,-97.83592,22.25093
shape_3-1,63,-97.8358,22.25083
shape_3-1,64,-97.83554,22.25028
shape_3-1,65,-97.83524,22.24952
shape_3-1,66,-97.83535,22.24943
shape_3-1,67,-97.83547,22.24958
shape_3-1,68,-97.83561,22.24964
shape_3-1,69,-97.8357,22.24963
shape_3-1,70,-97.83578,22.2496
shape_3-1,71,-97.83609,22.24987
shape_3-1,72,-97.83668,22.25047
shape_3-1,73,-97.83602,22.25103
shape_3-1,74,-97.83665,22.25164
shape_3-1,75,-97.84014,22.25524
shape_3-1,76,-97.84196,22.25709
shape_3-1,77,-97.84372,22.25885
shape_3-1,78,-97.84313,22.25977
shape_3-1,79,-97.84292,22.26033
shape_3-1,80,-97.8416,22.26384
shape_3-1,81,-97.8412,22.26358
shape_3-1,82,-97.84334,22.26884
shape_3-1,83,-97.84553,22.2744
shape_3-1,84,-97.84862,22.28171
shape_3-1,85,-97.85085,22.28715
shape_3-1,86,-97.85295,22.29222
shape_3-1,87,-97.8525,22.29253
shape_3-1,88,-97.85497,22.29851
shape_3-1,89,-97.85758,22.30497
shape_3-1,90,-97.86247,22.30321
shape_3-1,91,-97.8636,22.30601
shape_3-1,92,-97.8639,22.30785
shape_3-1,93,-97.86378,22.30833
shape_3-1,94,-97.86411,22.31023
shape_3-1,95,-97.86884,22.31022
shape_3-1,96,-97.8686,22.31414
shape_3-1,97,-97.86844,22.31671
shape_3-1,98,-97.86921,22.31999
shape_3-1,99,-97.87003,22.32354
shape_3-1,100,-97.87213,22.32634
shape_3-1,101,-97.87252,22.32735
shape_3-1,102,-97.87372,22.33131
shape_3-1,103,-97.87402,22.33121
shape_3-1,104,-97.87333,22.33384
shape_3-1,105,-97.87336,22.33658
shape_3-1,106,-97.87402,22.33728
shape_3-1,107,-97.87509,22.33777
shape_3-1,108,-97.877,22.33751
shape_3-1,109,-97.87973,22.33672
shape_3-1,110,-97.88156,22.33582
shape_3-1,111,-97.88299,22.33503
shape_3-1,112,-97.88416,22.33673
shape_3-1,113,-97.88501,22.33539
shape_3-1,114,-97.88653,22.33551
shape_3-1,115,-97.88668,22.33577
shape_3-1,116,-97.88518,22.33809
shape_3-1,117,-97.88492,22.33823
shape_3-1,118,-97.88353,22.33807
shape_3-1,119,-97.88325,22.33801
shape_39-1,0,-97.79647,22.27841
shape_39-1,1,-97.79418,22.27542
shape_39-1,2,-97.7943,22.27521
shape_39-1,3,-97.79482,22.27497
shape_39-1,4,-97.79969,22.27427
shape_39-1,5,-97.80132,22.27391
shape_39-1,6,-97.80755,22.27067
shape_39-1,7,-97.81405,22.26735
shape_39-1,8,-97.82091,22.2616
shape_39-1,9,-97.82711,22.26797
shape_39-1,10,-97.83363,22.27469
shape_39-1,11,-97.83423,22.27661
shape_39-1,12,-97.83354,22.2767
shape_39-1,13,-97.83365,22.27709
shape_39-1,14,-97.84162,22.27692
shape_39-1,15,-97.84356,22.27671
shape_39-1,16,-97.84451,22.27625
shape_39-1,17,-97.84551,22.27511
shape_39-1,18,-97.84578,22.27498
shape_39-1,19,-97.84555,22.27438
shape_39-1,20,-97.84763,22.26938
shape_39-1,21,-97.84973,22.26356
shape_39-1,22,-97.85231,22.25695
shape_39-1,23,-97.85437,22.25135
shape_39-1,24,-97.8549,22.25051
shape_39-1,25,-97.85467,22.24807
shape_39-1,26,-97.85514,22.247
shape_39-1,27,-97.85544,22.24321
shape_39-1,28,-97.85492,22.24203
shape_39-1,29,-97.85389,22.24021
shape_39-1,30,-97.85357,22.23902
shape_39-1,31,-97.8531,22.23834
shape_39-1,32,-97.8522,22.23774
shape_39-1,33,-97.85063,22.23733
shape_39-1,34,-97.8498,22.23697
shape_39-1,35,-97.84949,22.23657
shape_39-1,36,-97.84834,22.23326
shape_39-1,37,-97.84664,22.23063
shape_39-1,38,-97.84664,22.22986
shape_39-1,39,-97.84688,22.22898
shape_39-1,40,-97.84913,22.22503
shape_39-1,41,-97.85137,22.2209
shape_39-1,42,-97.85424,22.21556
shape_39-1,43,-97.85585,22.2124
shape_39-1,44,-97.85546,22.21317
shape_39-1,45,-97.85588,22.21245
shape_39-1,46,-97.85494,22.21226
shape_39-1,47,-97.85242,22.21682
shape_39-1,48,-97.85334,22.21729
shape_39-1,49,-97.85164,22.2203
shape_39-1,50,-97.84939,22.22424
shape_39-1,51,-97.84688,22.22898
shape_39-1,52,-97.8466,22.22984
shape_39-1,53,-97.84664,22.23063
shape_39-1,54,-97.84823,22.23339
shape_39-1,55,-97.84941,22.23661
shape_39-1,56,-97.84977,22.23707
shape_39-1,57,-97.85029,22.23737
shape_39-1,58,-97.85224,22.23794
shape_39-1,59,-97.85291,22.23846
shape_39-1,60,-97.8534,22.23915
shape_39-1,61,-97.85372,22.24009
shape_39-1,62,-97.85424,22.24106
shape_39-1,63,-97.85492,22.24203
shape_39-1,64,-97.85544,22.24321
shape_39-1,65,-97.85514,22.247
shape_39-1,66,-97.85456,22.24797
shape_39-1,67,-97.85488,22.25047
shape_39-1,68,-97.85437,22.25135
shape_39-1,69,-97.8534,22.25405
shape_39-1,70,-97.85231,22.25695
shape_39-1,71,-97.85098,22.26027
shape_39-1,72,-97.84982,22.26352
shape_39-1,73,-97.84763,22.2696
shape_39-1,74,-97.84555,22.27438
shape_39-1,75,-97.84578,22.27498
shape_39-1,76,-97.84551,22.27511
shape_39-1,77,-97.84451,22.27625
shape_39-1,78,-97.84356,22.27671
shape_39-1,79,-97.84269,22.27686
shape_39-1,80,-97.84158,22.27688
shape_39-1,81,-97.83365,22.27709
shape_39-1,82,-97.83354,22.2767
shape_39-1,83,-97.83423,22.27661
shape_39-1,84,-97.83363,22.27469
shape_39-1,85,-97.82707,22.26805
shape_39-1,86,-97.82091,22.2616
shape_39-1,87,-97.81405,22.26735
shape_39-1,88,-97.80755,22.27067
shape_39-1,89,-97.80132,22.27391
shape_39-1,90,-97.79969,22.27427
shape_39-1,91,-97.79482,22.27497
shape_39-1,92,-97.79426,22.2751
shape_39-1,93,-97.79407,22.2752
shape_39-1,94,-97.79388,22.27526
shape_39-1,95,-97.79392,22.27544
shape_39-1,96,-97.79416,22.27556
shape_39-1,97,-97.79658,22.27851
shape_48-1,0,-97.84984,22.329
shape_48-1,1,-97.84999,22.32883
shape_48-1,2,-97.84989,22.32817
shape_48-1,3,-97.84908,22.32543
shape_48-1,4,-97.85087,22.32432
shape_48-1,5,-97.8538,22.32287
shape_48-1,6,-97.85003,22.31485
shape_48-1,7,-97.85127,22.31391
shape_48-1,8,-97.84936,22.30819
shape_48-1,9,-97.85768,22.30508
shape_48-1,10,-97.85642,22.30198
shape_48-1,11,-97.85498,22.29863
shape_48-1,12,-97.85251,22.29258
shape_48-1,13,-97.85096,22.28889
shape_48-1,14,-97.85041,22.28716
shape_48-1,15,-97.84544,22.27499
shape_48-1,16,-97.84526,22.27461
shape_48-1,17,-97.84555,22.27446
shape_48-1,18,-97.84982,22.26345
shape_48-1,19,-97.85292,22.2554
shape_48-1,20,-97.85422,22.25181
shape_48-1,21,-97.85457,22.25102
shape_48-1,22,-97.85488,22.25055
shape_48-1,23,-97.8546,22.24816
shape_48-1,24,-97.85516,22.2472
shape_48-1,25,-97.85537,22.24291
shape_48-1,26,-97.85501,22.24217
shape_48-1,27,-97.85397,22.24061
shape_48-1,28,-97.8534,22.23893
shape_48-1,29,-97.8529,22.23832
shape_48-1,30,-97.85201,22.23773
shape_48-1,31,-97.84977,22.23703
shape_48-1,32,-97.84873,22.23487
shape_48-1,33,-97.84827,22.23336
shape_48-1,34,-97.84667,22.23062
shape_48-1,35,-97.84658,22.22975
shape_48-1,36,-97.85603,22.21207
shape_48-1,37,-97.85777,22.2127
shape_48-1,38,-97.85777,22.21269
shape_48-1,39,-97.8571,22.21407
shape_48-1,40,-97.85464,22.21289
shape_48-1,41,-97.85242,22.2168
shape_48-1,42,-97.85329,22.21727
shape_48-1,43,-97.84658,22.22975
shape_48-1,44,-97.84667,22.23062
shape_48-1,45,-97.84827,22.23336
shape_48-1,46,-97.84873,22.23487
shape_48-1,47,-97.84977,22.23703
shape_48-1,48,-97.85201,22.23773
shape_48-1,49,-97.8529,22.23832
shape_48-1,50,-97.8534,22.23893
shape_48-1,51,-97.85397,22.24061
shape_48-1,52,-97.85501,22.24217
shape_48-1,53,-97.85537,22.24291
shape_48-1,54,-97.85516,22.2472
shape_48-1,55,-97.8546,22.24816
shape_48-1,56,-97.85488,22.25055
shape_48-1,57,-97.85457,22.25102
shape_48-1,58,-97.85422,22.25181
shape_48-1,59,-97.85292,22.2554
shape_48-1,60,-97.84982,22.26345
shape_48-1,61,-97.84555,22.27446
shape_48-1,62,-97.84526,22.27461
shape_48-1,63,-97.84544,22.27499
shape_48-1,64,-97.85041,22.28716
shape_48-1,65,-97.85096,22.28889
shape_48-1,66,-97.85251,22.29258
shape_48-1,67,-97.85498,22.29863
shape_48-1,68,-97.85642,22.30198
shape_48-1,69,-97.85768,22.30508
shape_48-1,70,-97.84936,22.30819
shape_48-1,71,-97.85127,22.31391
shape_48-1,72,-97.85003,22.31485
shape_48-1,73,-97.8538,22.32287
shape_48-1,74,-97.85087,22.32432
shape_48-1,75,-97.84908,22.32543
shape_48-1,76,-97.84989,22.32817
shape_48-1,77,-97.84999,22.32883
shape_22-1,0,-97.86413,22.33074
shape_22-1,1,-97.86065,22.32222
shape_22-1,2,-97.8604,22.32185
shape_22-1,3,-97.86057,22.32157
shape_22-1,4,-97.86079,22.32137
shape_22-1,5,-97.85736,22.31123
shape_22-1,6,-97.85707,22.31133
shape_22-1,7,-97.85642,22.30935
shape_22-1,8,-97.8551,22.30613
shape_22-1,9,-97.85769,22.30508
shape_22-1,10,-97.85626,22.3017
shape_22-1,11,-97.85554,22.30007
shape_22-1,12,-97.85396,22.29611
shape_22-1,13,-97.85253,22.29266
shape_22-1,14,-97.85292,22.29226
shape_22-1,15,-97.84792,22.27996
shape_22-1,16,-97.84561,22.27453
shape_22-1,17,-97.84977,22.26374
shape_22-1,18,-97.85441,22.25117
shape_22-1,19,-97.85492,22.25034
shape_22-1,20,-97.85456,22.24793
shape_22-1,21,-97.85512,22.24702
shape_22-1,22,-97.85527,22.24456
shape_22-1,23,-97.85525,22.24239
shape_22-1,24,-97.85383,22.24054
shape_22-1,25,-97.85291,22.2383
shape_22-1,26,-97.84986,22.23709
shape_22-1,27,-97.84855,22.23437
shape_22-1,28,-97.84748,22.2319
shape_22-1,29,-97.84662,22.2304
shape_22-1,30,-97.85608,22.21206
shape_22-1,31,-97.85521,22.21173
shape_22-1,32,-97.85239,22.21681
shape_22-1,33,-97.85338,22.21725
shape_22-1,34,-97.85526,22.21172
shape_22-1,35,-97.85239,22.21681
shape_22-1,36,-97.85279,22.217
shape_22-1,37,-97.85331,22.21722
shape_22-1,38,-97.84662,22.2304
shape_22-1,39,-97.84748,22.2319
shape_22-1,40,-97.84855,22.23437
shape_22-1,41,-97.84986,22.23709
shape_22-1,42,-97.85291,22.2383
shape_22-1,43,-97.85383,22.24054
shape_22-1,44,-97.85525,22.24239
shape_22-1,45,-97.85527,22.24456
shape_22-1,46,-97.85512,22.24702
shape_22-1,47,-97.85456,22.24793
shape_22-1,48,-97.85492,22.25034
shape_22-1,49,-97.85441,22.25117
shape_22-1,50,-97.84977,22.26374
shape_22-1,51,-97.84561,22.27453
shape_22-1,52,-97.84792,22.27996
shape_22-1,53,-97.85292,22.29226
shape_22-1,54,-97.85253,22.29266
shape_22-1,55,-97.85396,22.29611
shape_22-1,56,-97.85554,22.30007
shape_22-1,57,-97.85626,22.3017
shape_22-1,58,-97.85769,22.30508
shape_22-1,59,-97.8551,22.30613
shape_22-1,60,-97.85642,22.30935
shape_22-1,61,-97.85707,22.31133
shape_22-1,62,-97.85736,22.31123
shape_22-1,63,-97.86079,22.32137
shape_22-1,64,-97.86057,22.32157
shape_22-1,65,-97.8604,22.32185
shape_22-1,66,-97.86414,22.33073
shape_33-1,0,-97.89903,22.29805
shape_33-1,1,-97.89673,22.30066
shape_33-1,2,-97.8926,22.30526
shape_33-1,3,-97.8919,22.30472
shape_33-1,4,-97.89126,22.30533
shape_33-1,5,-97.88997,22.30433
shape_33-1,6,-97.88931,22.30396
shape_33-1,7,-97.88899,22.30349
shape_33-1,8,-97.88927,22.30203
shape_33-1,9,-97.89025,22.30254
shape_33-1,10,-97.89047,22.30227
shape_33-1,11,-97.89184,22.30041
shape_33-1,12,-97.88909,22.2997
shape_33-1,13,-97.88841,22.2997
shape_33-1,14,-97.88765,22.29939
shape_33-1,15,-97.88551,22.30306
shape_33-1,16,-97.88529,22.30323
shape_33-1,17,-97.88415,22.30287
shape_33-1,18,-97.88505,22.30133
shape_33-1,19,-97.88402,22.30127
shape_33-1,20,-97.88396,22.30011
shape_33-1,21,-97.88492,22.29872
shape_33-1,22,-97.88469,22.29846
shape_33-1,23,-97.82415,22.25422
shape_33-1,24,-97.82355,22.25365
shape_33-1,25,-97.8229,22.25416
shape_33-1,26,-97.82351,22.25478
shape_33-1,27,-97.82785,22.25117
shape_33-1,28,-97.82722,22.25055
shape_33-1,29,-97.82654,22.24997
shape_33-1,30,-97.82592,22.24933
shape_33-1,31,-97.82568,22.24911
shape_33-1,32,-97.82552,22.24872
shape_33-1,33,-97.82605,22.24826
shape_33-1,34,-97.82939,22.24548
shape_33-1,35,-97.83064,22.24443
shape_33-1,36,-97.83075,22.24449
shape_33-1,37,-97.83136,22.24395
shape_33-1,38,-97.83244,22.245
shape_33-1,39,-97.83363,22.244
shape_33-1,40,-97.83751,22.24608
shape_33-1,41,-97.83932,22.24328
shape_33-1,42,-97.85445,22.25136
shape_33-1,43,-97.85473,22.25096
shape_33-1,44,-97.85492,22.2504
shape_33-1,45,-97.85459,22.24822
shape_33-1,46,-97.8551,22.24745
shape_33-1,47,-97.85523,22.24535
shape_33-1,48,-97.85756,22.24658
shape_33-1,49,-97.8582,22.25219
shape_33-1,50,-97.85361,22.25349
shape_33-1,51,-97.84973,22.26379
shape_33-1,52,-97.85593,22.26576
shape_33-1,53,-97.85535,22.26718
shape_33-1,54,-97.85392,22.26863
shape_33-1,55,-97.85211,22.27295
shape_33-1,56,-97.85426,22.27387
shape_33-1,57,-97.85547,22.27565
shape_33-1,58,-97.85635,22.2768
shape_33-1,59,-97.8589,22.27802
shape_33-1,60,-97.86149,22.27994
shape_33-1,61,-97.86433,22.28296
shape_33-1,62,-97.86541,22.2842
shape_33-1,63,-97.86638,22.28517
shape_33-1,64,-97.87108,22.2889
shape_33-1,65,-97.87195,22.28981
shape_33-1,66,-97.87262,22.29049
shape_33-1,67,-97.87336,22.29118
shape_33-1,68,-97.87655,22.29627
shape_33-1,69,-97.8798,22.29447
shape_33-1,70,-97.88027,22.29447
shape_33-1,71,-97.88181,22.29509
shape_33-1,72,-97.8839,22.29525
shape_33-1,73,-97.8868,22.29561
shape_33-1,74,-97.88984,22.29716
shape_33-1,75,-97.88808,22.29817
shape_33-1,76,-97.88691,22.29691
shape_33-1,77,-97.88469,22.29846
shape_33-1,78,-97.88492,22.29872
shape_33-1,79,-97.88396,22.30011
shape_33-1,80,-97.88402,22.30127
shape_33-1,81,-97.88505,22.30133
shape_33-1,82,-97.88415,22.30287
shape_33-1,83,-97.88529,22.30323
shape_33-1,84,-97.88551,22.30306
shape_33-1,85,-97.88765,22.29939
shape_33-1,86,-97.88841,22.2997
shape_33-1,87,-97.88909,22.2997
shape_33-1,88,-97.89184,22.30041
shape_33-1,89,-97.89047,22.30227
shape_33-1,90,-97.89025,22.30254
shape_33-1,91,-97.88927,22.30203
shape_33-1,92,-97.88899,22.30349
shape_33-1,93,-97.88931,22.30396
shape_33-1,94,-97.88997,22.30433
shape_33-1,95,-97.89126,22.30533
shape_33-1,96,-97.8919,22.30472
shape_33-1,97,-97.8926,22.30526
shape_33-1,98,-97.89673,22.30066
shape_52-1,0,-97.85188,22.32151
shape_52-1,1,-97.8508,22.32196
shape_52-1,2,-97.85175,22.32391
shape_52-1,3,-97.85378,22.32287
shape_52-1,4,-97.85004,22.31484
shape_52-1,5,-97.85128,22.31397
shape_52-1,6,-97.8487,22.30624
shape_52-1,7,-97.84903,22.30566
shape_52-1,8,-97.8488,22.30501
shape_52-1,9,-97.84854,22.30442
shape_52-1,10,-97.84818,22.30353
shape_52-1,11,-97.8465,22.30416
shape_52-1,12,-97.8462,22.30348
shape_52-1,13,-97.846,22.30348
shape_52-1,14,-97.84593,22.30075
shape_52-1,15,-97.84442,22.30084
shape_52-1,16,-97.84423,22.30076
shape_52-1,17,-97.8445,22.29761
shape_52-1,18,-97.84476,22.29624
shape_52-1,19,-97.84541,22.29618
shape_52-1,20,-97.84487,22.29066
shape_52-1,21,-97.84262,22.29085
shape_52-1,22,-97.84234,22.28826
shape_52-1,23,-97.84368,22.28498
shape_52-1,24,-97.84221,22.28451
shape_52-1,25,-97.84506,22.27725
shape_52-1,26,-97.84431,22.277
shape_52-1,27,-97.84458,22.27615
shape_52-1,28,-97.84515,22.27556
shape_52-1,29,-97.84549,22.2751
shape_52-1,30,-97.84527,22.27464
shape_52-1,31,-97.84566,22.27432
shape_52-1,32,-97.84832,22.26735
shape_52-1,33,-97.85144,22.25939
shape_52-1,34,-97.85312,22.25489
shape_52-1,35,-97.85399,22.25238
shape_52-1,36,-97.8544,22.25135
shape_52-1,37,-97.8549,22.25054
shape_52-1,38,-97.85462,22.24807
shape_52-1,39,-97.85506,22.24712
shape_52-1,40,-97.85532,22.24423
shape_52-1,41,-97.85539,22.24309
shape_52-1,42,-97.855,22.24213
shape_52-1,43,-97.85397,22.24067
shape_52-1,44,-97.85335,22.23886
shape_52-1,45,-97.85284,22.23819
shape_52-1,46,-97.85194,22.23773
shape_52-1,47,-97.84984,22.23713
shape_52-1,48,-97.84949,22.23662
shape_52-1,49,-97.84872,22.23474
shape_52-1,50,-97.84842,22.23365
shape_52-1,51,-97.8473,22.23157
shape_52-1,52,-97.84676,22.23099
shape_52-1,53,-97.84659,22.23012
shape_52-1,54,-97.8468,22.22919
shape_52-1,55,-97.85585,22.21248
shape_52-1,56,-97.85486,22.21228
shape_52-1,57,-97.85239,22.21683
shape_52-1,58,-97.85323,22.21719
shape_52-1,59,-97.85323,22.21719
shape_52-1,60,-97.85239,22.21683
shape_52-1,61,-97.85486,22.21228
shape_52-1,62,-97.85585,22.21248
shape_52-1,63,-97.8468,22.22919
shape_52-1,64,-97.84659,22.23012
shape_52-1,65,-97.84676,22.23099
shape_52-1,66,-97.8473,22.23157
shape_52-1,67,-97.84842,22.23365
shape_52-1,68,-97.84872,22.23474
shape_52-1,69,-97.84949,22.23662
shape_52-1,70,-97.84984,22.23713
shape_52-1,71,-97.85194,22.23773
shape_52-1,72,-97.85284,22.23819
shape_52-1,73,-97.85335,22.23886
shape_52-1,74,-97.85397,22.24067
shape_52-1,75,-97.855,22.24213
shape_52-1,76,-97.85539,22.24309
shape_52-1,77,-97.85532,22.24423
shape_52-1,78,-97.85506,22.24712
shape_52-1,79,-97.85462,22.24807
shape_52-1,80,-97.8549,22.25054
shape_52-1,81,-97.8544,22.25135
shape_52-1,82,-97.85399,22.25238
shape_52-1,83,-97.85312,22.25489
shape_52-1,84,-97.85144,22.25939
shape_52-1,85,-97.84832,22.26735
shape_52-1,86,-97.84566,22.27432
shape_52-1,87,-97.84527,22.27464
shape_52-1,88,-97.84549,22.2751
shape_52-1,89,-97.84561,22.2754
shape_52-1,90,-97.84571,22.27565
shape_52-1,91,-97.84541,22.27649
shape_52-1,92,-97.84506,22.27725
shape_52-1,93,-97.84221,22.28451
shape_52-1,94,-97.84368,22.28498
shape_52-1,95,-97.84234,22.28826
shape_52-1,96,-97.84262,22.29085
shape_52-1,97,-97.84487,22.29066
shape_52-1,98,-97.84541,22.29618
shape_52-1,99,-97.84476,22.29624
shape_52-1,100,-97.8445,22.29761
shape_52-1,101,-97.84423,22.30076
shape_52-1,102,-97.84442,22.30084
shape_52-1,103,-97.84593,22.30075
shape_52-1,104,-97.846,22.30348
shape_52-1,105,-97.8462,22.30348
shape_52-1,106,-97.8465,22.30416
shape_52-1,107,-97.84818,22.30353
shape_52-1,108,-97.84854,22.30442
shape_52-1,109,-97.8488,22.30501
shape_52-1,110,-97.84903,22.30566
shape_52-1,111,-97.8487,22.30624
shape_52-1,112,-97.85128,22.31397
shape_52-1,113,-97.85004,22.31484
shape_52-1,114,-97.85378,22.32287
shape_52-1,115,-97.85175,22.32391
shape_52-1,116,-97.85084,22.322
shape_52-1,117,-97.8519,22.32154
shape_120-1,0,-97.9102,22.40345
shape_120-1,1,-97.90936,22.39994
shape_120-1,2,-97.9093,22.3993
shape_120-1,3,-97.90996,22.3993
shape_120-1,4,-97.91022,22.39774
shape_120-1,5,-97.91057,22.39541
shape_120-1,6,-97.91075,22.39466
shape_120-1,7,-97.91067,22.39401
shape_120-1,8,-97.91055,22.39343
shape_120-1,9,-97.91016,22.39288
shape_120-1,10,-97.91116,22.39207
shape_120-1,11,-97.91416,22.39289
shape_120-1,12,-97.91426,22.39216
shape_120-1,13,-97.91444,22.39146
shape_120-1,14,-97.91448,22.39047
shape_120-1,15,-97.91432,22.38949
shape_120-1,16,-97.91402,22.38898
shape_120-1,17,-97.91244,22.38729
shape_120-1,18,-97.91332,22.38634
shape_120-1,19,-97.91432,22.38432
shape_120-1,20,-97.91487,22.38354
shape_120-1,21,-97.91516,22.38315
shape_120-1,22,-97.91076,22.37889
shape_120-1,23,-97.90709,22.37528
shape_120-1,24,-97.90022,22.36839
shape_120-1,25,-97.89432,22.36204
shape_120-1,26,-97.89127,22.35857
shape_120-1,27,-97.88709,22.3541
shape_120-1,28,-97.88391,22.35153
shape_120-1,29,-97.88097,22.35006
shape_120-1,30,-97.87977,22.34918
shape_120-1,31,-97.87876,22.34823
shape_120-1,32,-97.87748,22.34702
shape_120-1,33,-97.87636,22.34575
shape_120-1,34,-97.87462,22.34013
shape_120-1,35,-97.87316,22.33547
shape_120-1,36,-97.87387,22.3314
shape_120-1,37,-97.87634,22.32362
shape_120-1,38,-97.87823,22.31751
shape_120-1,39,-97.87947,22.31352
shape_120-1,40,-97.88048,22.31036
shape_120-1,41,-97.88142,22.30738
shape_120-1,42,-97.88173,22.30655
shape_120-1,43,-97.88179,22.30573
shape_120-1,44,-97.8817,22.30498
shape_120-1,45,-97.88151,22.30432
shape_120-1,46,-97.87958,22.30121
shape_120-1,47,-97.8767,22.29638
shape_120-1,48,-97.87325,22.291
shape_120-1,49,-97.87306,22.28985
shape_120-1,50,-97.87265,22.28943
shape_120-1,51,-97.87218,22.28912
shape_120-1,52,-97.86954,22.28739
shape_120-1,53,-97.86954,22.28739
shape_120-1,54,-97.87139,22.28932
shape_120-1,55,-97.87226,22.2902
shape_120-1,56,-97.87322,22.29115
shape_120-1,57,-97.8766,22.29616
shape_120-1,58,-97.87969,22.30137
shape_120-1,59,-97.88151,22.30432
shape_120-1,60,-97.88179,22.30573
shape_120-1,61,-97.88142,22.30738
shape_120-1,62,-97.88037,22.31086
shape_120-1,63,-97.87921,22.31431
shape_120-1,64,-97.87827,22.31764
shape_120-1,65,-97.8766,22.323
shape_120-1,66,-97.87387,22.3314
shape_120-1,67,-97.87316,22.33547
shape_120-1,68,-97.87471,22.34047
shape_120-1,69,-97.87636,22.34575
shape_120-1,70,-97.87876,22.34823
shape_120-1,71,-97.88097,22.35006
shape_120-1,72,-97.88391,22.35153
shape_120-1,73,-97.88709,22.3541
shape_120-1,74,-97.8905,22.35786
shape_120-1,75,-97.89411,22.36171
shape_120-1,76,-97.90022,22.36839
shape_120-1,77,-97.90709,22.37528
shape_120-1,78,-97.91106,22.37897
shape_120-1,79,-97.91516,22.38315
shape_120-1,80,-97.91487,22.38354
shape_120-1,81,-97.91432,22.38432
shape_120-1,82,-97.91332,22.38634
shape_120-1,83,-97.91244,22.38729
shape_120-1,84,-97.91402,22.38898
shape_120-1,85,-97.91432,22.38949
shape_120-1,86,-97.91448,22.39047
shape_120-1,87,-97.91444,22.39146
shape_120-1,88,-97.91426,22.39216
shape_120-1,89,-97.91416,22.39289
shape_120-1,90,-97.91116,22.39207
shape_120-1,91,-97.91016,22.39288
shape_120-1,92,-97.91055,22.39343
shape_120-1,93,-97.91067,22.39401
shape_120-1,94,-97.91075,22.39466
shape_120-1,95,-97.91057,22.39541
shape_120-1,96,-97.91022,22.39774
shape_120-1,97,-97.90996,22.3993
shape_120-1,98,-97.9093,22.3993
shape_120-1,99,-97.91022,22.40311
shape_30-1,0,-97.88224,22.33406
shape_30-1,1,-97.88378,22.33071
shape_30-1,2,-97.88368,22.32959
shape_30-1,3,-97.88319,22.32965
shape_30-1,4,-97.88312,22.32632
shape_30-1,5,-97.88112,22.32637
shape_30-1,6,-97.88095,22.32307
shape_30-1,7,-97.87652,22.32339
shape_30-1,8,-97.87828,22.3178
shape_30-1,9,-97.87914,22.31492
shape_30-1,10,-97.87988,22.31252
shape_30-1,11,-97.88074,22.31003
shape_30-1,12,-97.88122,22.30842
shape_30-1,13,-97.8818,22.30664
shape_30-1,14,-97.88186,22.30497
shape_30-1,15,-97.88008,22.30176
shape_30-1,16,-97.87677,22.29654
shape_30-1,17,-97.87342,22.2913
shape_30-1,18,-97.8731,22.28978
shape_30-1,19,-97.87292,22.28875
shape_30-1,20,-97.87316,22.28764
shape_30-1,21,-97.87406,22.28477
shape_30-1,22,-97.87307,22.28261
shape_30-1,23,-97.87311,22.27897
shape_30-1,24,-97.87391,22.27551
shape_30-1,25,-97.87468,22.27336
shape_30-1,26,-97.87458,22.27232
shape_30-1,27,-97.87372,22.27019
shape_30-1,28,-97.87381,22.2669
shape_30-1,29,-97.87458,22.26533
shape_30-1,30,-97.87612,22.25963
shape_30-1,31,-97.87662,22.25733
shape_30-1,32,-97.87621,22.25397
shape_30-1,33,-97.87336,22.24698
shape_30-1,34,-97.86979,22.23923
shape_30-1,35,-97.86662,22.23165
shape_30-1,36,-97.8637,22.22416
shape_30-1,37,-97.86316,22.22116
shape_30-1,38,-97.86325,22.22054
shape_30-1,39,-97.86258,22.21939
shape_30-1,40,-97.85926,22.21791
shape_30-1,41,-97.86007,22.21633
shape_30-1,42,-97.85837,22.2156
shape_30-1,43,-97.85881,22.2148
shape_30-1,44,-97.86046,22.21553
shape_30-1,45,-97.8607,22.21505
shape_30-1,46,-97.86146,22.21348
shape_30-1,47,-97.85978,22.21285
shape_30-1,48,-97.85937,22.21367
shape_30-1,49,-97.8605,22.21501
shape_30-1,50,-97.86152,22.21545
shape_30-1,51,-97.86091,22.21673
shape_30-1,52,-97.86007,22.21633
shape_30-1,53,-97.86079,22.21327
shape_30-1,54,-97.86044,22.21391
shape_30-1,55,-97.86014,22.21437
shape_30-1,56,-97.86068,22.21514
shape_30-1,57,-97.86152,22.21545
shape_30-1,58,-97.86133,22.2159
shape_30-1,59,-97.86093,22.21673
shape_30-1,60,-97.85919,22.21594
shape_30-1,61,-97.858,22.21837
shape_30-1,62,-97.86234,22.22024
shape_30-1,63,-97.86324,22.22063
shape_30-1,64,-97.86316,22.22116
shape_30-1,65,-97.8637,22.22416
shape_30-1,66,-97.86662,22.23165
shape_30-1,67,-97.86979,22.23923
shape_30-1,68,-97.87336,22.24698
shape_30-1,69,-97.87621,22.25397
shape_30-1,70,-97.87662,22.25733
shape_30-1,71,-97.87612,22.25963
shape_30-1,72,-97.87458,22.26533
shape_30-1,73,-97.87381,22.2669
shape_30-1,74,-97.87372,22.27019
shape_30-1,75,-97.87458,22.27232
shape_30-1,76,-97.87468,22.27336
shape_30-1,77,-97.87391,22.27551
shape_30-1,78,-97.87311,22.27897
shape_30-1,79,-97.87307,22.28261
shape_30-1,80,-97.87406,22.28477
shape_30-1,81,-97.87316,22.28764
shape_30-1,82,-97.87292,22.28875
shape_30-1,83,-97.8731,22.28978
shape_30-1,84,-97.87342,22.2913
shape_30-1,85,-97.87677,22.29654
shape_30-1,86,-97.88008,22.30176
shape_30-1,87,-97.88186,22.30497
shape_30-1,88,-97.8818,22.30664
shape_30-1,89,-97.88122,22.30842
shape_30-1,90,-97.88074,22.31003
shape_30-1,91,-97.87988,22.31252
shape_30-1,92,-97.87914,22.31492
shape_30-1,93,-97.87828,22.3178
shape_30-1,94,-97.87652,22.32339
shape_30-1,95,-97.88095,22.32307
shape_30-1,96,-97.88112,22.32637
shape_30-1,97,-97.88312,22.32632
shape_30-1,98,-97.88319,22.32965
shape_30-1,99,-97.88368,22.32959
shape_30-1,100,-97.88378,22.33071
shape_57-1,0,-97.88248,22.31784
shape_57-1,1,-97.88565,22.31782
shape_57-1,2,-97.88565,22.31719
shape_57-1,3,-97.88675,22.31457
shape_57-1,4,-97.88726,22.31118
shape_57-1,5,-97.89051,22.31111
shape_57-1,6,-97.89197,22.30905
shape_57-1,7,-97.8935,22.30636
shape_57-1,8,-97.89363,22.306
shape_57-1,9,-97.89259,22.30524
shape_57-1,10,-97.89614,22.30129
shape_57-1,11,-97.89325,22.29918
shape_57-1,12,-97.89283,22.29995
shape_57-1,13,-97.89281,22.30005
shape_57-1,14,-97.89205,22.30039
shape_57-1,15,-97.89173,22.30049
shape_57-1,16,-97.89054,22.3023
shape_57-1,17,-97.8904,22.30226
shape_57-1,18,-97.89024,22.30254
shape_57-1,19,-97.88922,22.30204
shape_57-1,20,-97.88896,22.30347
shape_57-1,21,-97.88863,22.30323
shape_57-1,22,-97.88617,22.30196
shape_57-1,23,-97.8878,22.29915
shape_57-1,24,-97.88977,22.29807
shape_57-1,25,-97.88944,22.29742
shape_57-1,26,-97.88989,22.29717
shape_57-1,27,-97.88825,22.29633
shape_57-1,28,-97.88642,22.29546
shape_57-1,29,-97.88202,22.29511
shape_57-1,30,-97.88024,22.29445
shape_57-1,31,-97.87959,22.29453
shape_57-1,32,-97.87653,22.2963
shape_57-1,33,-97.87381,22.29197
shape_57-1,34,-97.8733,22.29104
shape_57-1,35,-97.87304,22.28965
shape_57-1,36,-97.87294,22.28887
shape_57-1,37,-97.87338,22.28715
shape_57-1,38,-97.87392,22.28543
shape_57-1,39,-97.87383,22.28384
shape_57-1,40,-97.87303,22.2826
shape_57-1,41,-97.87295,22.28022
shape_57-1,42,-97.87329,22.27774
shape_57-1,43,-97.87464,22.27278
shape_57-1,44,-97.87366,22.26948
shape_57-1,45,-97.87372,22.26702
shape_57-1,46,-97.87494,22.26457
shape_57-1,47,-97.87664,22.25743
shape_57-1,48,-97.87653,22.25498
shape_57-1,49,-97.87402,22.24797
shape_57-1,50,-97.87155,22.24333
shape_57-1,51,-97.86801,22.23532
shape_57-1,52,-97.86458,22.22642
shape_57-1,53,-97.86344,22.2234
shape_57-1,54,-97.86321,22.2215
shape_57-1,55,-97.85581,22.21837
shape_57-1,56,-97.85541,22.21916
shape_57-1,57,-97.85541,22.21916
shape_57-1,58,-97.8572,22.21996
shape_57-1,59,-97.86336,22.22264
shape_57-1,60,-97.86344,22.2234
shape_57-1,61,-97.86458,22.22642
shape_57-1,62,-97.86801,22.23532
shape_57-1,63,-97.87155,22.24333
shape_57-1,64,-97.87402,22.24797
shape_57-1,65,-97.87653,22.25498
shape_57-1,66,-97.87664,22.25743
shape_57-1,67,-97.87494,22.26457
shape_57-1,68,-97.87372,22.26702
shape_57-1,69,-97.87366,22.26948
shape_57-1,70,-97.87464,22.27278
shape_57-1,71,-97.87329,22.27774
shape_57-1,72,-97.87295,22.28022
shape_57-1,73,-97.87303,22.2826
shape_57-1,74,-97.87383,22.28384
shape_57-1,75,-97.87392,22.28543
shape_57-1,76,-97.87338,22.28715
shape_57-1,77,-97.87294,22.28887
shape_57-1,78,-97.87304,22.28965
shape_57-1,79,-97.8733,22.29104
shape_57-1,80,-97.87381,22.29197
shape_57-1,81,-97.87653,22.2963
shape_57-1,82,-97.87959,22.29453
shape_57-1,83,-97.88024,22.29445
shape_57-1,84,-97.88202,22.29511
shape_57-1,85,-97.88642,22.29546
shape_57-1,86,-97.88825,22.29633
shape_57-1,87,-97.88989,22.29717
shape_57-1,88,-97.88944,22.29742
shape_57-1,89,-97.88977,22.29807
shape_57-1,90,-97.8878,22.29915
shape_57-1,91,-97.88617,22.30196
shape_57-1,92,-97.88863,22.30323
shape_57-1,93,-97.88896,22.30347
shape_57-1,94,-97.88922,22.30204
shape_57-1,95,-97.89024,22.30254
shape_57-1,96,-97.8904,22.30226
shape_57-1,97,-97.89054,22.3023
shape_57-1,98,-97.89173,22.30049
shape_57-1,99,-97.89205,22.30039
shape_57-1,100,-97.89281,22.30005
shape_57-1,101,-97.89283,22.29995
shape_57-1,102,-97.89325,22.29918
shape_57-1,103,-97.89614,22.30129
shape_57-1,104,-97.89259,22.30524
shape_57-1,105,-97.89363,22.306
shape_57-1,106,-97.8935,22.30636
shape_57-1,107,-97.89197,22.30905
shape_57-1,108,-97.89051,22.31111
shape_57-1,109,-97.88726,22.31118
shape_57-1,110,-97.88675,22.31457
shape_57-1,111,-97.88565,22.31719
shape_57-1,112,-97.8847,22.31736
shape_57-1,113,-97.88426,22.31739
shape_57-1,114,-97.88423,22.31781
shape_18-1,0,-97.89284,22.28212
shape_18-1,1,-97.89297,22.28158
shape_18-1,2,-97.89289,22.28041
shape_18-1,3,-97.89276,22.27822
shape_18-1,4,-97.89266,22.27682
shape_18-1,5,-97.89193,22.27696
shape_18-1,6,-97.89116,22.27719
shape_18-1,7,-97.8905,22.27655
shape_18-1,8,-97.88977,22.27702
shape_18-1,9,-97.8892,22.2773
shape_18-1,10,-97.88773,22.27727
shape_18-1,11,-97.88702,22.27734
shape_18-1,12,-97.88621,22.27758
shape_18-1,13,-97.88504,22.27814
shape_18-1,14,-97.88449,22.27852
shape_18-1,15,-97.88423,22.27878
shape_18-1,16,-97.88381,22.27894
shape_18-1,17,-97.88333,22.27899
shape_18-1,18,-97.88256,22.27889
shape_18-1,19,-97.88147,22.27896
shape_18-1,20,-97.88082,22.27883
shape_18-1,21,-97.88026,22.27858
shape_18-1,22,-97.87937,22.27787
shape_18-1,23,-97.88306,22.27908
shape_18-1,24,-97.88295,22.28037
shape_18-1,25,-97.88251,22.28164
shape_18-1,26,-97.88236,22.2823
shape_18-1,27,-97.88278,22.28332
shape_18-1,28,-97.88251,22.28422
shape_18-1,29,-97.88109,22.28505
shape_18-1,30,-97.88074,22.28722
shape_18-1,31,-97.87434,22.28568
shape_18-1,32,-97.87346,22.28562
shape_18-1,33,-97.87243,22.28535
shape_18-1,34,-97.87191,22.28592
shape_18-1,35,-97.87134,22.28663
shape_18-1,36,-97.86634,22.28304
shape_18-1,37,-97.86753,22.28172
shape_18-1,38,-97.8686,22.2806
shape_18-1,39,-97.86915,22.27987
shape_18-1,40,-97.86846,22.27941
shape_18-1,41,-97.86837,22.27953
shape_18-1,42,-97.86728,22.27828
shape_18-1,43,-97.86485,22.28022
shape_18-1,44,-97.86314,22.28146
shape_18-1,45,-97.86221,22.28046
shape_18-1,46,-97.86117,22.27961
shape_18-1,47,-97.85966,22.2784
shape_18-1,48,-97.85824,22.27724
shape_18-1,49,-97.85639,22.27563
shape_18-1,50,-97.85732,22.27304
shape_18-1,51,-97.85881,22.26919
shape_18-1,52,-97.85964,22.26622
shape_18-1,53,-97.86022,22.26421
shape_18-1,54,-97.86061,22.26325
shape_18-1,55,-97.86178,22.2609
shape_18-1,56,-97.86395,22.25723
shape_18-1,57,-97.86476,22.25521
shape_18-1,58,-97.8648,22.25439
shape_18-1,59,-97.86646,22.25165
shape_18-1,60,-97.86682,22.2509
shape_18-1,61,-97.86723,22.24942
shape_18-1,62,-97.86764,22.24702
shape_18-1,63,-97.86709,22.24508
shape_18-1,64,-97.86698,22.24345
shape_18-1,65,-97.86692,22.24152
shape_18-1,66,-97.8664,22.23797
shape_18-1,67,-97.86527,22.23455
shape_18-1,68,-97.86412,22.22975
shape_18-1,69,-97.86499,22.22737
shape_18-1,70,-97.86352,22.22351
shape_18-1,71,-97.86334,22.22158
shape_18-1,72,-97.86284,22.22146
shape_18-1,73,-97.85754,22.21913
shape_18-1,74,-97.85842,22.21749
shape_18-1,75,-97.85418,22.21562
shape_18-1,76,-97.85163,22.21447
shape_18-1,77,-97.85249,22.21287
shape_18-1,78,-97.84904,22.21131
shape_18-1,79,-97.84818,22.21297
shape_18-1,80,-97.84868,22.21224
shape_18-1,81,-97.85206,22.21373
shape_18-1,82,-97.85462,22.21488
shape_18-1,83,-97.85331,22.21723
shape_18-1,84,-97.85754,22.21913
shape_18-1,85,-97.86284,22.22146
shape_18-1,86,-97.86327,22.22162
shape_18-1,87,-97.86352,22.22351
shape_18-1,88,-97.86577,22.22953
shape_18-1,89,-97.8642,22.23025
shape_18-1,90,-97.86417,22.23038
shape_18-1,91,-97.86279,22.23067
shape_18-1,92,-97.86356,22.23351
shape_18-1,93,-97.86354,22.23832
shape_18-1,94,-97.86361,22.24193
shape_18-1,95,-97.86374,22.2462
shape_18-1,96,-97.86385,22.24914
shape_18-1,97,-97.86355,22.25069
shape_18-1,98,-97.86329,22.25119
shape_18-1,99,-97.86336,22.25274
shape_18-1,100,-97.86477,22.25314
shape_18-1,101,-97.8648,22.25439
shape_18-1,102,-97.86476,22.25521
shape_18-1,103,-97.86395,22.25723
shape_18-1,104,-97.86178,22.2609
shape_18-1,105,-97.86061,22.26325
shape_18-1,106,-97.86022,22.26421
shape_18-1,107,-97.85964,22.26622
shape_18-1,108,-97.85881,22.26919
shape_18-1,109,-97.85732,22.27304
shape_18-1,110,-97.85618,22.27543
shape_18-1,111,-97.85536,22.27478
shape_18-1,112,-97.85503,22.27504
shape_18-1,113,-97.85622,22.27671
shape_18-1,114,-97.85865,22.27791
shape_18-1,115,-97.85963,22.27851
shape_18-1,116,-97.86117,22.27961
shape_18-1,117,-97.86221,22.28046
shape_18-1,118,-97.86314,22.28146
shape_18-1,119,-97.86485,22.28022
shape_18-1,120,-97.86728,22.27828
shape_18-1,121,-97.86837,22.27953
shape_18-1,122,-97.86846,22.27941
shape_18-1,123,-97.86915,22.27987
shape_18-1,124,-97.8686,22.2806
shape_18-1,125,-97.86753,22.28172
shape_18-1,126,-97.86695,22.28243
shape_18-1,127,-97.87192,22.28596
shape_18-1,128,-97.87191,22.28592
shape_18-1,129,-97.87243,22.28535
shape_18-1,130,-97.87346,22.28562
shape_18-1,131,-97.87434,22.28568
shape_18-1,132,-97.88074,22.28722
shape_18-1,133,-97.88109,22.28505
shape_18-1,134,-97.88251,22.28422
shape_18-1,135,-97.88278,22.28332
shape_18-1,136,-97.88236,22.2823
shape_18-1,137,-97.88251,22.28164
shape_18-1,138,-97.88295,22.28037
shape_18-1,139,-97.88306,22.27908
shape_18-1,140,-97.87937,22.27787
shape_18-1,141,-97.88026,22.27858
shape_18-1,142,-97.88082,22.27883
shape_18-1,143,-97.88147,22.27896
shape_18-1,144,-97.88256,22.27889
shape_18-1,145,-97.88333,22.27899
shape_18-1,146,-97.88381,22.27894
shape_18-1,147,-97.88423,22.27878
shape_18-1,148,-97.88449,22.27852
shape_18-1,149,-97.88504,22.27814
shape_18-1,150,-97.88621,22.27758
shape_18-1,151,-97.88702,22.27734
shape_18-1,152,-97.88773,22.27727
shape_18-1,153,-97.8892,22.2773
shape_18-1,154,-97.88977,22.27702
shape_18-1,155,-97.8905,22.27655
shape_18-1,156,-97.89116,22.27719
shape_18-1,157,-97.89193,22.27696
shape_18-1,158,-97.89266,22.27682
shape_18-1,159,-97.89276,22.27822
shape_18-1,160,-97.89289,22.28041
shape_18-1,161,-97.89297,22.28158
shape_25-1,0,-97.83373,22.24048
shape_25-1,1,-97.83429,22.24096
shape_25-1,2,-97.83352,22.24187
shape_25-1,3,-97.83306,22.24242
shape_25-1,4,-97.83356,22.24296
shape_25-1,5,-97.83185,22.24439
shape_25-1,6,-97.83304,22.24559
shape_25-1,7,-97.83671,22.24754
shape_25-1,8,-97.83803,22.24539
shape_25-1,9,-97.84795,22.2508
shape_25-1,10,-97.84667,22.25291
shape_25-1,11,-97.85,22.25463
shape_25-1,12,-97.8537,22.2535
shape_25-1,13,-97.85446,22.25143
shape_25-1,14,-97.85494,22.25057
shape_25-1,15,-97.85468,22.24809
shape_25-1,16,-97.85516,22.24717
shape_25-1,17,-97.85528,22.24541
shape_25-1,18,-97.85749,22.24653
shape_25-1,19,-97.85821,22.2522
shape_25-1,20,-97.8633,22.2507
shape_25-1,21,-97.86333,22.25273
shape_25-1,22,-97.86478,22.25305
shape_25-1,23,-97.86469,22.2551
shape_25-1,24,-97.86385,22.25732
shape_25-1,25,-97.86198,22.26036
shape_25-1,26,-97.86081,22.26295
shape_25-1,27,-97.86018,22.26391
shape_25-1,28,-97.85943,22.26692
shape_25-1,29,-97.85856,22.26984
shape_25-1,30,-97.85633,22.27515
shape_25-1,31,-97.8561,22.27534
shape_25-1,32,-97.85535,22.27473
shape_25-1,33,-97.8551,22.27491
shape_25-1,34,-97.85611,22.27659
shape_25-1,35,-97.85654,22.27693
shape_25-1,36,-97.85944,22.27837
shape_25-1,37,-97.86196,22.28059
shape_25-1,38,-97.86313,22.28174
shape_25-1,39,-97.86551,22.28463
shape_25-1,40,-97.87087,22.28865
shape_25-1,41,-97.87197,22.28908
shape_25-1,42,-97.87268,22.28944
shape_25-1,43,-97.87298,22.28987
shape_25-1,44,-97.87293,22.29025
shape_25-1,45,-97.87264,22.29026
shape_25-1,46,-97.8722,22.28994
shape_25-1,47,-97.87213,22.28946
shape_25-1,48,-97.87271,22.28832
shape_25-1,49,-97.87332,22.28728
shape_25-1,50,-97.87378,22.28565
shape_25-1,51,-97.87394,22.28442
shape_25-1,52,-97.87299,22.28243
shape_25-1,53,-97.87301,22.27957
shape_25-1,54,-97.87328,22.27777
shape_25-1,55,-97.87405,22.27555
shape_25-1,56,-97.87771,22.27658
shape_25-1,57,-97.8794,22.27796
shape_25-1,58,-97.88082,22.27899
shape_25-1,59,-97.88354,22.27906
shape_25-1,60,-97.88419,22.27899
shape_25-1,61,-97.88513,22.27817
shape_25-1,62,-97.88656,22.27755
shape_25-1,63,-97.88862,22.27735
shape_25-1,64,-97.88908,22.27743
shape_25-1,65,-97.88946,22.27852
shape_25-1,66,-97.89136,22.27817
shape_25-1,67,-97.89162,22.27964
shape_25-1,68,-97.88933,22.27964
shape_25-1,69,-97.88645,22.27974
shape_25-1,70,-97.88643,22.27988
shape_25-1,71,-97.88419,22.27899
shape_25-1,72,-97.88419,22.27899
shape_25-1,73,-97.88643,22.27988
shape_25-1,74,-97.88645,22.27974
shape_25-1,75,-97.88933,22.27964
shape_25-1,76,-97.89162,22.27964
shape_25-1,77,-97.89136,22.27817
shape_25-1,78,-97.88946,22.27852
shape_25-1,79,-97.88908,22.27743
shape_25-1,80,-97.88862,22.27735
shape_25-1,81,-97.88656,22.27755
shape_25-1,82,-97.88513,22.27817
shape_25-1,83,-97.88419,22.27899
shape_25-1,84,-97.88354,22.27906
shape_25-1,85,-97.88082,22.27899
shape_25-1,86,-97.8794,22.27796
shape_25-1,87,-97.87771,22.27658
shape_25-1,88,-97.87405,22.27555
shape_25-1,89,-97.87328,22.27777
shape_25-1,90,-97.87301,22.27957
shape_25-1,91,-97.87299,22.28243
shape_25-1,92,-97.87394,22.28442
shape_25-1,93,-97.87378,22.28565
shape_25-1,94,-97.87332,22.28728
shape_25-1,95,-97.87271,22.28832
shape_25-1,96,-97.87223,22.28847
shape_25-1,97,-97.87202,22.28851
shape_25-1,98,-97.87138,22.28857
shape_25-1,99,-97.87085,22.28841
shape_25-1,100,-97.87118,22.28854
shape_25-1,101,-97.87147,22.28858
shape_25-1,102,-97.87181,22.28855
shape_25-1,103,-97.87116,22.28854
shape_25-1,104,-97.87072,22.28831
shape_25-1,105,-97.87065,22.28823
shape_25-1,106,-97.87044,22.28805
shape_25-1,107,-97.86996,22.28771
shape_25-1,108,-97.86551,22.28463
shape_25-1,109,-97.86313,22.28174
shape_25-1,110,-97.86196,22.28059
shape_25-1,111,-97.85944,22.27837
shape_25-1,112,-97.85883,22.27754
shape_25-1,113,-97.85804,22.27697
shape_25-1,114,-97.85744,22.27647
shape_25-1,115,-97.85698,22.27607
shape_25-1,116,-97.85651,22.27569
shape_25-1,117,-97.8561,22.27534
shape_25-1,118,-97.85633,22.27515
shape_25-1,119,-97.85856,22.26984
shape_25-1,120,-97.85943,22.26692
shape_25-1,121,-97.86018,22.26391
shape_25-1,122,-97.86081,22.26295
shape_25-1,123,-97.86198,22.26036
shape_25-1,124,-97.86385,22.25732
shape_25-1,125,-97.86469,22.2551
shape_25-1,126,-97.86724,22.2495
shape_25-1,127,-97.86447,22.25032
shape_25-1,128,-97.8633,22.2507
shape_25-1,129,-97.85821,22.2522
shape_25-1,130,-97.85749,22.24653
shape_25-1,131,-97.85528,22.24541
shape_25-1,132,-97.85516,22.24717
shape_25-1,133,-97.85468,22.24809
shape_25-1,134,-97.85494,22.25057
shape_25-1,135,-97.85446,22.25143
shape_25-1,136,-97.8537,22.2535
shape_25-1,137,-97.85175,22.25413
shape_25-1,138,-97.8475,22.25171
shape_25-1,139,-97.84887,22.24937
shape_25-1,140,-97.83886,22.24399
shape_25-1,141,-97.83754,22.24612
shape_25-1,142,-97.83359,22.244
shape_25-1,143,-97.83306,22.24343
shape_25-1,144,-97.83356,22.24296
shape_25-1,145,-97.83306,22.24242
shape_25-1,146,-97.83289,22.2422
shape_25-1,147,-97.83369,22.24055
shape_7-1,0,-97.8532,22.21717
shape_7-1,1,-97.8524,22.21679
shape_7-1,2,-97.85492,22.21224
shape_7-1,3,-97.85587,22.21246
shape_7-1,4,-97.85326,22.21725
shape_7-1,5,-97.84918,22.22478
shape_7-1,6,-97.84757,22.22785
shape_7-1,7,-97.84668,22.22976
shape_7-1,8,-97.84679,22.23101
shape_7-1,9,-97.84805,22.23292
shape_7-1,10,-97.84858,22.23401
shape_7-1,11,-97.84926,22.23616
shape_7-1,12,-97.84985,22.23708
shape_7-1,13,-97.85205,22.23775
shape_7-1,14,-97.85338,22.23904
shape_7-1,15,-97.85419,22.24112
shape_7-1,16,-97.85511,22.24226
shape_7-1,17,-97.85543,22.24351
shape_7-1,18,-97.85521,22.24522
shape_7-1,19,-97.85511,22.24723
shape_7-1,20,-97.85458,22.24826
shape_7-1,21,-97.85489,22.25044
shape_7-1,22,-97.8544,22.25126
shape_7-1,23,-97.85354,22.25368
shape_7-1,24,-97.85264,22.25607
shape_7-1,25,-97.84565,22.27448
shape_7-1,26,-97.84523,22.27465
shape_7-1,27,-97.84549,22.27512
shape_7-1,28,-97.84467,22.27612
shape_7-1,29,-97.84362,22.27671
shape_7-1,30,-97.84074,22.27689
shape_7-1,31,-97.83801,22.27689
shape_7-1,32,-97.83502,22.27697
shape_7-1,33,-97.83199,22.27704
shape_7-1,34,-97.82791,22.27832
shape_7-1,35,-97.82892,22.28052
shape_7-1,36,-97.82533,22.28226
shape_7-1,37,-97.82499,22.28238
shape_7-1,38,-97.82285,22.28354
shape_7-1,39,-97.8215,22.28149
shape_7-1,40,-97.81323,22.28802
shape_7-1,41,-97.8075,22.29246
shape_7-1,42,-97.80729,22.29254
shape_7-1,43,-97.80699,22.29254
shape_7-1,44,-97.80682,22.29277
shape_7-1,45,-97.8069,22.29301
shape_7-1,46,-97.80715,22.29311
shape_7-1,47,-97.8074,22.293
shape_7-1,48,-97.80747,22.29276
shape_7-1,49,-97.80954,22.29099
shape_7-1,50,-97.81044,22.29028
shape_7-1,51,-97.8155,22.2864
shape_7-1,52,-97.81699,22.28959
shape_7-1,53,-97.81782,22.29155
shape_7-1,54,-97.81817,22.2916
shape_7-1,55,-97.81828,22.29196
shape_7-1,56,-97.81815,22.2922
shape_7-1,57,-97.8185,22.292
shape_7-1,58,-97.81914,22.29352
shape_7-1,59,-97.81985,22.29362
shape_7-1,60,-97.82151,22.29365
shape_7-1,61,-97.82171,22.29383
shape_7-1,62,-97.82179,22.29467
shape_7-1,63,-97.82033,22.2948
shape_7-1,64,-97.82004,22.29509
shape_7-1,65,-97.81958,22.2951
shape_7-1,66,-97.81965,22.2958
shape_7-1,67,-97.81923,22.29593
shape_7-1,68,-97.81939,22.29693
shape_7-1,69,-97.81939,22.29693
shape_7-1,70,-97.81923,22.29593
shape_7-1,71,-97.81965,22.2958
shape_7-1,72,-97.81958,22.2951
shape_7-1,73,-97.82004,22.29509
shape_7-1,74,-97.82033,22.2948
shape_7-1,75,-97.82179,22.29467
shape_7-1,76,-97.82171,22.29383
shape_7-1,77,-97.82151,22.29365
shape_7-1,78,-97.81985,22.29362
shape_7-1,79,-97.81914,22.29352
shape_7-1,80,-97.8185,22.292
shape_7-1,81,-97.81815,22.2922
shape_7-1,82,-97.81828,22.29196
shape_7-1,83,-97.81817,22.2916
shape_7-1,84,-97.81782,22.29155
shape_7-1,85,-97.81699,22.28959
shape_7-1,86,-97.8155,22.2864
shape_7-1,87,-97.81044,22.29028
shape_7-1,88,-97.80954,22.29099
shape_7-1,89,-97.80747,22.29276
shape_7-1,90,-97.8074,22.293
shape_7-1,91,-97.80715,22.29311
shape_7-1,92,-97.8069,22.29301
shape_7-1,93,-97.80682,22.29277
shape_7-1,94,-97.80699,22.29254
shape_7-1,95,-97.80729,22.29254
shape_7-1,96,-97.8075,22.29246
shape_7-1,97,-97.81323,22.28802
shape_7-1,98,-97.8215,22.28149
shape_7-1,99,-97.82285,22.28354
shape_7-1,100,-97.82499,22.28238
shape_7-1,101,-97.82533,22.28226
shape_7-1,102,-97.82892,22.28052
shape_7-1,103,-97.82791,22.27832
shape_7-1,104,-97.83199,22.27704
shape_7-1,105,-97.83502,22.27697
shape_7-1,106,-97.83801,22.27689
shape_7-1,107,-97.84074,22.27689
shape_7-1,108,-97.84362,22.27671
shape_7-1,109,-97.84467,22.27612
shape_7-1,110,-97.84549,22.27512
shape_7-1,111,-97.84523,22.27465
shape_7-1,112,-97.84565,22.27448
shape_7-1,113,-97.85264,22.25607
shape_7-1,114,-97.85354,22.25368
shape_7-1,115,-97.8544,22.25126
shape_7-1,116,-97.85489,22.25044
shape_7-1,117,-97.85458,22.24826
shape_7-1,118,-97.85511,22.24723
shape_7-1,119,-97.85521,22.24522
shape_7-1,120,-97.85543,22.24351
shape_7-1,121,-97.85511,22.24226
shape_7-1,122,-97.85419,22.24112
shape_7-1,123,-97.85338,22.23904
shape_7-1,124,-97.85205,22.23775
shape_7-1,125,-97.84985,22.23708
shape_7-1,126,-97.84926,22.23616
shape_7-1,127,-97.84858,22.23401
shape_7-1,128,-97.84805,22.23292
shape_7-1,129,-97.84679,22.23101
shape_7-1,130,-97.84668,22.22976
shape_7-1,131,-97.84757,22.22785
shape_7-1,132,-97.84918,22.22478
shape_7-1,133,-97.85326,22.21725
shape_7-1,134,-97.85587,22.21246
shape_7-1,135,-97.85492,22.21224
shape_7-1,136,-97.8524,22.21679
shape_55-1,0,-97.88145,22.33587
shape_55-1,1,-97.88123,22.32971
shape_55-1,2,-97.87814,22.32981
shape_55-1,3,-97.87443,22.32947
shape_55-1,4,-97.87795,22.31878
shape_55-1,5,-97.87975,22.31322
shape_55-1,6,-97.88157,22.30693
shape_55-1,7,-97.88181,22.30552
shape_55-1,8,-97.88149,22.30415
shape_55-1,9,-97.87331,22.29118
shape_55-1,10,-97.87303,22.28806
shape_55-1,11,-97.87402,22.28532
shape_55-1,12,-97.87378,22.28403
shape_55-1,13,-97.8728,22.28221
shape_55-1,14,-97.87312,22.27867
shape_55-1,15,-97.87462,22.27325
shape_55-1,16,-97.87449,22.27172
shape_55-1,17,-97.8737,22.26968
shape_55-1,18,-97.87378,22.26704
shape_55-1,19,-97.87464,22.26525
shape_55-1,20,-97.87672,22.25723
shape_55-1,21,-97.87589,22.25294
shape_55-1,22,-97.87424,22.24843
shape_55-1,23,-97.87005,22.23977
shape_55-1,24,-97.86467,22.22646
shape_55-1,25,-97.86354,22.22373
shape_55-1,26,-97.86325,22.22156
shape_55-1,27,-97.85329,22.21722
shape_55-1,28,-97.855,22.21406
shape_55-1,29,-97.855,22.21406
shape_55-1,30,-97.8482,22.21094
shape_55-1,31,-97.84848,22.2104
shape_55-1,32,-97.84889,22.21002
shape_55-1,33,-97.84974,22.20984
shape_55-1,34,-97.85059,22.20997
shape_55-1,35,-97.8516,22.21038
shape_55-1,36,-97.85431,22.2114
shape_55-1,37,-97.85428,22.21162
shape_55-1,38,-97.85329,22.21143
shape_55-1,39,-97.85239,22.21109
shape_55-1,40,-97.85043,22.21483
shape_55-1,41,-97.85378,22.21644
shape_55-1,42,-97.85334,22.21727
shape_55-1,43,-97.86327,22.22165
shape_55-1,44,-97.86354,22.22373
shape_55-1,45,-97.86467,22.22646
shape_55-1,46,-97.87005,22.23977
shape_55-1,47,-97.87424,22.24843
shape_55-1,48,-97.87589,22.25294
shape_55-1,49,-97.87672,22.25723
shape_55-1,50,-97.87464,22.26525
shape_55-1,51,-97.87378,22.26704
shape_55-1,52,-97.8737,22.26968
shape_55-1,53,-97.87449,22.27172
shape_55-1,54,-97.87462,22.27325
shape_55-1,55,-97.87312,22.27867
shape_55-1,56,-97.8728,22.28221
shape_55-1,57,-97.87378,22.28403
shape_55-1,58,-97.87402,22.28532
shape_55-1,59,-97.87303,22.28806
shape_55-1,60,-97.87331,22.29118
shape_55-1,61,-97.88149,22.30415
shape_55-1,62,-97.88181,22.30552
shape_55-1,63,-97.88157,22.30693
shape_55-1,64,-97.87975,22.31322
shape_55-1,65,-97.87795,22.31878
shape_55-1,66,-97.87443,22.32947
shape_55-1,67,-97.87814,22.32981
shape_55-1,68,-97.88119,22.32975
shape_55-1,69,-97.88157,22.33575
shape_119-1,0,-97.87866,22.38372
shape_119-1,1,-97.87837,22.38582
shape_119-1,2,-97.88401,22.38658
shape_119-1,3,-97.88507,22.38996
shape_119-1,4,-97.88501,22.39065
shape_119-1,5,-97.88434,22.39216
shape_119-1,6,-97.88393,22.39587
shape_119-1,7,-97.89348,22.39546
shape_119-1,8,-97.89694,22.38583
shape_119-1,9,-97.90054,22.38194
shape_119-1,10,-97.90153,22.3779
shape_119-1,11,-97.90189,22.37665
shape_119-1,12,-97.90252,22.3754
shape_119-1,13,-97.904,22.37353
shape_119-1,14,-97.904,22.37268
shape_119-1,15,-97.90378,22.37194
shape_119-1,16,-97.9002,22.36833
shape_119-1,17,-97.89483,22.36266
shape_119-1,18,-97.89119,22.35865
shape_119-1,19,-97.88707,22.35409
shape_119-1,20,-97.88351,22.35123
shape_119-1,21,-97.8802,22.34956
shape_119-1,22,-97.87634,22.34573
shape_119-1,23,-97.87344,22.33648
shape_119-1,24,-97.87342,22.33414
shape_119-1,25,-97.87471,22.32916
shape_119-1,26,-97.8763,22.32376
shape_119-1,27,-97.87823,22.31753
shape_119-1,28,-97.87934,22.31411
shape_119-1,29,-97.88037,22.31078
shape_119-1,30,-97.88117,22.30841
shape_119-1,31,-97.88177,22.30587
shape_119-1,32,-97.88078,22.30295
shape_119-1,33,-97.8796,22.30121
shape_119-1,34,-97.87651,22.29616
shape_119-1,35,-97.87333,22.29124
shape_119-1,36,-97.87297,22.28965
shape_119-1,37,-97.87037,22.28797
shape_119-1,38,-97.86956,22.28731
shape_119-1,39,-97.86962,22.28745
shape_119-1,40,-97.8704,22.28797
shape_119-1,41,-97.87192,22.28979
shape_119-1,42,-97.87333,22.29124
shape_119-1,43,-97.87655,22.2962
shape_119-1,44,-97.87883,22.30002
shape_119-1,45,-97.88078,22.30295
shape_119-1,46,-97.88157,22.3045
shape_119-1,47,-97.88177,22.30587
shape_119-1,48,-97.88117,22.30841
shape_119-1,49,-97.8805,22.31058
shape_119-1,50,-97.87964,22.31308
shape_119-1,51,-97.87831,22.31753
shape_119-1,52,-97.87733,22.3207
shape_119-1,53,-97.8763,22.32376
shape_119-1,54,-97.87479,22.32864
shape_119-1,55,-97.87342,22.33414
shape_119-1,56,-97.87344,22.33648
shape_119-1,57,-97.87497,22.3415
shape_119-1,58,-97.87634,22.34573
shape_119-1,59,-97.8802,22.34956
shape_119-1,60,-97.88351,22.35123
shape_119-1,61,-97.88707,22.35409
shape_119-1,62,-97.89514,22.36278
shape_119-1,63,-97.90378,22.37194
shape_119-1,64,-97.904,22.37353
shape_119-1,65,-97.90252,22.3754
shape_119-1,66,-97.90153,22.3779
shape_119-1,67,-97.90054,22.38194
shape_119-1,68,-97.89694,22.38583
shape_119-1,69,-97.89348,22.39546
shape_119-1,70,-97.88393,22.39587
shape_119-1,71,-97.88434,22.39216
shape_119-1,72,-97.88501,22.39065
shape_119-1,73,-97.88507,22.38996
shape_119-1,74,-97.88401,22.38658
shape_119-1,75,-97.88432,22.38437
shape_119-1,76,-97.8787,22.38373
shape_116-1,0,-97.94817,22.39214
shape_116-1,1,-97.94642,22.39202
shape_116-1,2,-97.94657,22.39058
shape_116-1,3,-97.94407,22.3904
shape_116-1,4,-97.94397,22.39072
shape_116-1,5,-97.9432,22.39083
shape_116-1,6,-97.94159,22.3906
shape_116-1,7,-97.94108,22.3947
shape_116-1,8,-97.9409,22.39603
shape_116-1,9,-97.9407,22.39757
shape_116-1,10,-97.9408,22.39835
shape_116-1,11,-97.9404,22.40075
shape_116-1,12,-97.94021,22.40195
shape_116-1,13,-97.94063,22.39933
shape_116-1,14,-97.9378,22.39901
shape_116-1,15,-97.9373,22.40583
shape_116-1,16,-97.94196,22.4166
shape_116-1,17,-97.9417,22.4167
shape_116-1,18,-97.93822,22.40867
shape_116-1,19,-97.93443,22.41063
shape_116-1,20,-97.93155,22.41226
shape_116-1,21,-97.93376,22.41345
shape_116-1,22,-97.93367,22.41436
shape_116-1,23,-97.93387,22.41446
shape_116-1,24,-97.93378,22.41551
shape_116-1,25,-97.93496,22.41565
shape_116-1,26,-97.93447,22.41861
shape_116-1,27,-97.93479,22.4191
shape_116-1,28,-97.93352,22.42706
shape_116-1,29,-97.93082,22.42567
shape_116-1,30,-97.92511,22.42501
shape_116-1,31,-97.92646,22.41623
shape_116-1,32,-97.92435,22.41605
shape_116-1,33,-97.9208,22.41545
shape_116-1,34,-97.92128,22.41212
shape_116-1,35,-97.92229,22.41227
shape_116-1,36,-97.92271,22.40938
shape_116-1,37,-97.9217,22.40926
shape_116-1,38,-97.92278,22.40136
shape_116-1,39,-97.92291,22.40032
shape_116-1,40,-97.92312,22.39949
shape_116-1,41,-97.92912,22.39735
shape_116-1,42,-97.93202,22.39411
shape_116-1,43,-97.9299,22.39198
shape_116-1,44,-97.93033,22.39165
shape_116-1,45,-97.94119,22.39355
shape_116-1,46,-97.94159,22.3906
shape_116-1,47,-97.9432,22.39083
shape_116-1,48,-97.94397,22.39072
shape_116-1,49,-97.94407,22.3904
shape_116-1,50,-97.94657,22.39058
shape_116-1,51,-97.94151,22.39105
shape_116-1,52,-97.94159,22.3906
shape_116-1,53,-97.94133,22.39225
shape_116-1,54,-97.937,22.39171
shape_116-1,55,-97.93363,22.39139
shape_116-1,56,-97.93314,22.39206
shape_116-1,57,-97.93033,22.39165
shape_116-1,58,-97.9299,22.39198
shape_116-1,59,-97.93202,22.39411
shape_116-1,60,-97.92912,22.39735
shape_116-1,61,-97.92312,22.39949
shape_116-1,62,-97.92291,22.40032
shape_116-1,63,-97.92278,22.40136
shape_116-1,64,-97.9217,22.40926
shape_116-1,65,-97.92271,22.40938
shape_116-1,66,-97.92229,22.41227
shape_116-1,67,-97.92128,22.41212
shape_116-1,68,-97.9208,22.41545
shape_116-1,69,-97.92435,22.41605
shape_116-1,70,-97.92646,22.41623
shape_116-1,71,-97.92511,22.42501
shape_116-1,72,-97.93082,22.42567
shape_116-1,73,-97.93352,22.42706
shape_116-1,74,-97.93479,22.4191
shape_116-1,75,-97.93447,22.41861
shape_116-1,76,-97.93496,22.41565
shape_116-1,77,-97.93378,22.41551
shape_116-1,78,-97.93387,22.41446
shape_116-1,79,-97.93367,22.41436
shape_116-1,80,-97.93376,22.41345
shape_116-1,81,-97.93155,22.41226
shape_116-1,82,-97.93443,22.41063
shape_116-1,83,-97.93822,22.40867
shape_116-1,84,-97.9417,22.4167
shape_116-1,85,-97.94196,22.4166
shape_116-1,86,-97.9373,22.40583
shape_116-1,87,-97.9378,22.39901
shape_116-1,88,-97.94063,22.39933
shape_116-1,89,-97.94021,22.40195
shape_116-1,90,-97.9404,22.40075
shape_116-1,91,-97.9408,22.39835
shape_116-1,92,-97.9407,22.39757
shape_116-1,93,-97.9409,22.39603
shape_116-1,94,-97.94108,22.3947
shape_116-1,95,-97.9414,22.39265
shape_116-1,96,-97.94159,22.3906
shape_116-1,97,-97.94172,22.39
shape_116-1,98,-97.94189,22.38905
shape_116-1,99,-97.94215,22.38675
shape_116-1,100,-97.94705,22.38726
shape_116-1,101,-97.95022,22.38778
shape_116-1,102,-97.95153,22.3903
shape_116-1,103,-97.94998,22.39228
shape_37-1,0,-97.78697,22.26511
shape_37-1,1,-97.78684,22.264
shape_37-1,2,-97.79578,22.26275
shape_37-1,3,-97.79587,22.2635
shape_37-1,4,-97.7987,22.26316
shape_37-1,5,-97.80303,22.26115
shape_37-1,6,-97.81868,22.25325
shape_37-1,7,-97.81965,22.25332
shape_37-1,8,-97.82158,22.25534
shape_37-1,9,-97.82651,22.2511
shape_37-1,10,-97.82728,22.25055
shape_37-1,11,-97.83308,22.2456
shape_37-1,12,-97.83669,22.24754
shape_37-1,13,-97.84125,22.24016
shape_37-1,14,-97.8413,22.23997
shape_37-1,15,-97.84154,22.23954
shape_37-1,16,-97.83901,22.2382
shape_37-1,17,-97.83978,22.23708
shape_37-1,18,-97.84083,22.2344
shape_37-1,19,-97.84105,22.2338
shape_37-1,20,-97.84026,22.23355
shape_37-1,21,-97.83989,22.23337
shape_37-1,22,-97.839,22.23308
shape_37-1,23,-97.84029,22.23018
shape_37-1,24,-97.8404,22.23009
shape_37-1,25,-97.84152,22.22778
shape_37-1,26,-97.84085,22.22773
shape_37-1,27,-97.84067,22.2274
shape_37-1,28,-97.84034,22.22606
shape_37-1,29,-97.84474,22.21759
shape_37-1,30,-97.84521,22.21771
shape_37-1,31,-97.84845,22.21047
shape_37-1,32,-97.8487,22.21022
shape_37-1,33,-97.85287,22.2121
shape_37-1,34,-97.8531,22.21188
shape_37-1,35,-97.85587,22.21241
shape_37-1,36,-97.85755,22.21324
shape_37-1,37,-97.85542,22.21719
shape_37-1,38,-97.85128,22.21528
shape_37-1,39,-97.85204,22.21369
shape_37-1,40,-97.85033,22.21295
shape_37-1,41,-97.83986,22.23341
shape_37-1,42,-97.83986,22.23341
shape_37-1,43,-97.85033,22.21295
shape_37-1,44,-97.85204,22.21369
shape_37-1,45,-97.85128,22.21528
shape_37-1,46,-97.85542,22.21719
shape_37-1,47,-97.85755,22.21324
shape_37-1,48,-97.85587,22.21241
shape_37-1,49,-97.8531,22.21188
shape_37-1,50,-97.85287,22.2121
shape_37-1,51,-97.8487,22.21022
shape_37-1,52,-97.84845,22.21047
shape_37-1,53,-97.84521,22.21771
shape_37-1,54,-97.84474,22.21759
shape_37-1,55,-97.84034,22.22606
shape_37-1,56,-97.84067,22.2274
shape_37-1,57,-97.84085,22.22773
shape_37-1,58,-97.84152,22.22778
shape_37-1,59,-97.8404,22.23009
shape_37-1,60,-97.84029,22.23018
shape_37-1,61,-97.839,22.23308
shape_37-1,62,-97.83989,22.23337
shape_37-1,63,-97.84026,22.23355
shape_37-1,64,-97.84199,22.23412
shape_37-1,65,-97.8413,22.23595
shape_37-1,66,-97.84058,22.23753
shape_37-1,67,-97.84134,22.2379
shape_37-1,68,-97.84224,22.23844
shape_37-1,69,-97.84154,22.23954
shape_37-1,70,-97.8413,22.23997
shape_37-1,71,-97.84125,22.24016
shape_37-1,72,-97.83669,22.24754
shape_37-1,73,-97.83308,22.2456
shape_37-1,74,-97.82728,22.25055
shape_37-1,75,-97.82651,22.2511
shape_37-1,76,-97.82158,22.25534
shape_37-1,77,-97.81965,22.25332
shape_37-1,78,-97.81868,22.25325
shape_37-1,79,-97.80303,22.26115
shape_37-1,80,-97.7987,22.26316
shape_37-1,81,-97.79744,22.264
shape_37-1,82,-97.79712,22.26418
shape_37-1,83,-97.80242,22.27317
shape_37-1,84,-97.80021,22.27417
shape_37-1,85,-97.79396,22.27516
shape_37-1,86,-97.79019,22.27008
shape_37-1,87,-97.78688,22.26471
shape_47-1,0,-97.88127,22.33138
shape_47-1,1,-97.8811,22.32638
shape_47-1,2,-97.88565,22.32618
shape_47-1,3,-97.88685,22.32344
shape_47-1,4,-97.88263,22.323
shape_47-1,5,-97.8763,22.32342
shape_47-1,6,-97.88177,22.30601
shape_47-1,7,-97.88153,22.30456
shape_47-1,8,-97.87325,22.29118
shape_47-1,9,-97.87312,22.28957
shape_47-1,10,-97.87022,22.28785
shape_47-1,11,-97.86591,22.28495
shape_47-1,12,-97.86291,22.28137
shape_47-1,13,-97.85737,22.27641
shape_47-1,14,-97.85437,22.27387
shape_47-1,15,-97.85218,22.27291
shape_47-1,16,-97.85065,22.27268
shape_47-1,17,-97.84737,22.26966
shape_47-1,18,-97.85111,22.26021
shape_47-1,19,-97.85419,22.25185
shape_47-1,20,-97.85479,22.25063
shape_47-1,21,-97.85458,22.24809
shape_47-1,22,-97.85516,22.24714
shape_47-1,23,-97.85535,22.24309
shape_47-1,24,-97.85484,22.24195
shape_47-1,25,-97.85316,22.23856
shape_47-1,26,-97.84999,22.23715
shape_47-1,27,-97.84934,22.23647
shape_47-1,28,-97.84776,22.23236
shape_47-1,29,-97.84662,22.23053
shape_47-1,30,-97.84683,22.22916
shape_47-1,31,-97.85422,22.21562
shape_47-1,32,-97.85602,22.21202
shape_47-1,33,-97.85777,22.2127
shape_47-1,34,-97.85776,22.21269
shape_47-1,35,-97.85712,22.21403
shape_47-1,36,-97.85626,22.21365
shape_47-1,37,-97.85675,22.21279
shape_47-1,38,-97.85585,22.21248
shape_47-1,39,-97.85484,22.21228
shape_47-1,40,-97.85244,22.21679
shape_47-1,41,-97.85338,22.21717
shape_47-1,42,-97.84683,22.22916
shape_47-1,43,-97.84662,22.23053
shape_47-1,44,-97.84776,22.23236
shape_47-1,45,-97.84934,22.23647
shape_47-1,46,-97.84999,22.23715
shape_47-1,47,-97.85316,22.23856
shape_47-1,48,-97.85484,22.24195
shape_47-1,49,-97.85535,22.24309
shape_47-1,50,-97.85516,22.24714
shape_47-1,51,-97.85458,22.24809
shape_47-1,52,-97.85479,22.25063
shape_47-1,53,-97.85419,22.25185
shape_47-1,54,-97.85111,22.26021
shape_47-1,55,-97.84737,22.26966
shape_47-1,56,-97.85065,22.27268
shape_47-1,57,-97.85218,22.27291
shape_47-1,58,-97.85437,22.27387
shape_47-1,59,-97.85737,22.27641
shape_47-1,60,-97.86291,22.28137
shape_47-1,61,-97.86591,22.28495
shape_47-1,62,-97.87022,22.28785
shape_47-1,63,-97.87312,22.28957
shape_47-1,64,-97.87325,22.29118
shape_47-1,65,-97.88153,22.30456
shape_47-1,66,-97.88177,22.30601
shape_47-1,67,-97.8763,22.32342
shape_47-1,68,-97.88263,22.323
shape_47-1,69,-97.88685,22.32344
shape_47-1,70,-97.88565,22.32618
shape_47-1,71,-97.88106,22.32638
shape_47-1,72,-97.8813,22.33146
shape_24-1,0,-97.86577,22.32197
shape_24-1,1,-97.86956,22.32162
shape_24-1,2,-97.86848,22.3171
shape_24-1,3,-97.8685,22.31683
shape_24-1,4,-97.86987,22.31681
shape_24-1,5,-97.8702,22.31716
shape_24-1,6,-97.87259,22.31722
shape_24-1,7,-97.8746,22.31781
shape_24-1,8,-97.87829,22.31782
shape_24-1,9,-97.88562,22.31782
shape_24-1,10,-97.88606,22.31619
shape_24-1,11,-97.8874,22.31115
shape_24-1,12,-97.8905,22.31111
shape_24-1,13,-97.89205,22.30902
shape_24-1,14,-97.89353,22.30636
shape_24-1,15,-97.89365,22.30598
shape_24-1,16,-97.89259,22.30525
shape_24-1,17,-97.89614,22.30128
shape_24-1,18,-97.89323,22.29919
shape_24-1,19,-97.8928,22.29998
shape_24-1,20,-97.89274,22.30009
shape_24-1,21,-97.89198,22.30043
shape_24-1,22,-97.8913,22.30028
shape_24-1,23,-97.89042,22.30168
shape_24-1,24,-97.88944,22.30119
shape_24-1,25,-97.88925,22.30159
shape_24-1,26,-97.88712,22.30054
shape_24-1,27,-97.88779,22.29918
shape_24-1,28,-97.88974,22.29808
shape_24-1,29,-97.88942,22.29742
shape_24-1,30,-97.88987,22.29718
shape_24-1,31,-97.88688,22.29562
shape_24-1,32,-97.88205,22.29509
shape_24-1,33,-97.88028,22.2945
shape_24-1,34,-97.87991,22.29414
shape_24-1,35,-97.87322,22.29043
shape_24-1,36,-97.873,22.28894
shape_24-1,37,-97.87308,22.28804
shape_24-1,38,-97.87392,22.28566
shape_24-1,39,-97.87397,22.28438
shape_24-1,40,-97.87306,22.28233
shape_24-1,41,-97.87315,22.27857
shape_24-1,42,-97.87402,22.27537
shape_24-1,43,-97.87472,22.27259
shape_24-1,44,-97.87372,22.26981
shape_24-1,45,-97.87383,22.26719
shape_24-1,46,-97.87483,22.26476
shape_24-1,47,-97.87641,22.2587
shape_24-1,48,-97.87663,22.25709
shape_24-1,49,-97.8759,22.25312
shape_24-1,50,-97.86986,22.23929
shape_24-1,51,-97.86501,22.22744
shape_24-1,52,-97.8634,22.22348
shape_24-1,53,-97.86321,22.22156
shape_24-1,54,-97.85582,22.21839
shape_24-1,55,-97.85582,22.21839
shape_24-1,56,-97.85548,22.21917
shape_24-1,57,-97.86334,22.22271
shape_24-1,58,-97.8634,22.22348
shape_24-1,59,-97.86501,22.22744
shape_24-1,60,-97.86986,22.23929
shape_24-1,61,-97.8759,22.25312
shape_24-1,62,-97.87663,22.25709
shape_24-1,63,-97.87641,22.2587
shape_24-1,64,-97.87483,22.26476
shape_24-1,65,-97.87383,22.26719
shape_24-1,66,-97.87372,22.26981
shape_24-1,67,-97.87472,22.27259
shape_24-1,68,-97.87402,22.27537
shape_24-1,69,-97.87315,22.27857
shape_24-1,70,-97.87306,22.28233
shape_24-1,71,-97.87397,22.28438
shape_24-1,72,-97.87392,22.28566
shape_24-1,73,-97.87308,22.28804
shape_24-1,74,-97.87206,22.28945
shape_24-1,75,-97.87255,22.29039
shape_24-1,76,-97.87335,22.29129
shape_24-1,77,-97.87656,22.29628
shape_24-1,78,-97.87999,22.29441
shape_24-1,79,-97.88028,22.2945
shape_24-1,80,-97.88205,22.29509
shape_24-1,81,-97.88688,22.29562
shape_24-1,82,-97.88987,22.29718
shape_24-1,83,-97.88942,22.29742
shape_24-1,84,-97.88974,22.29808
shape_24-1,85,-97.88779,22.29918
shape_24-1,86,-97.88712,22.30054
shape_24-1,87,-97.88925,22.30159
shape_24-1,88,-97.88944,22.30119
shape_24-1,89,-97.89042,22.30168
shape_24-1,90,-97.8913,22.30028
shape_24-1,91,-97.89198,22.30043
shape_24-1,92,-97.89274,22.30009
shape_24-1,93,-97.8928,22.29998
shape_24-1,94,-97.89323,22.29919
shape_24-1,95,-97.89614,22.30128
shape_24-1,96,-97.89259,22.30525
shape_24-1,97,-97.89365,22.30598
shape_24-1,98,-97.89353,22.30636
shape_24-1,99,-97.89205,22.30902
shape_24-1,100,-97.8905,22.31111
shape_24-1,101,-97.8874,22.31115
shape_24-1,102,-97.88606,22.31619
shape_24-1,103,-97.88548,22.31733
shape_24-1,104,-97.87837,22.31731
shape_24-1,105,-97.87456,22.31737
shape_24-1,106,-97.87259,22.31722
shape_24-1,107,-97.8702,22.31716
shape_24-1,108,-97.86987,22.31681
shape_24-1,109,-97.8685,22.31683
shape_24-1,110,-97.86848,22.3171
shape_24-1,111,-97.86956,22.32164
shape_24-1,112,-97.86578,22.32196
shape_40-1,0,-97.85396,22.21202
shape_40-1,1,-97.85291,22.21184
shape_40-1,2,-97.85282,22.21212
shape_40-1,3,-97.85031,22.21097
shape_40-1,4,-97.84906,22.21336
shape_40-1,5,-97.8482,22.21296
shape_40-1,6,-97.84736,22.21458
shape_40-1,7,-97.84821,22.21498
shape_40-1,8,-97.84358,22.22385
shape_40-1,9,-97.84114,22.22858
shape_40-1,10,-97.84038,22.23017
shape_40-1,11,-97.84021,22.23025
shape_40-1,12,-97.84196,22.22697
shape_40-1,13,-97.84602,22.22865
shape_40-1,14,-97.84512,22.23123
shape_40-1,15,-97.84427,22.23329
shape_40-1,16,-97.84282,22.23736
shape_40-1,17,-97.84222,22.23846
shape_40-1,18,-97.84071,22.24076
shape_40-1,19,-97.83861,22.24433
shape_40-1,20,-97.83629,22.24798
shape_40-1,21,-97.83553,22.24908
shape_40-1,22,-97.83509,22.24954
shape_40-1,23,-97.83716,22.25458
shape_40-1,24,-97.8314,22.25951
shape_40-1,25,-97.83034,22.26032
shape_40-1,26,-97.8274,22.26267
shape_40-1,27,-97.82451,22.26529
shape_40-1,28,-97.82855,22.26951
shape_40-1,29,-97.82581,22.27175
shape_40-1,30,-97.82573,22.27194
shape_40-1,31,-97.82474,22.27284
shape_40-1,32,-97.82967,22.27779
shape_40-1,33,-97.82793,22.27838
shape_40-1,34,-97.82902,22.28074
shape_40-1,35,-97.82915,22.28137
shape_40-1,36,-97.826,22.28296
shape_40-1,37,-97.82347,22.2844
shape_40-1,38,-97.82161,22.28156
shape_40-1,39,-97.81555,22.28632
shape_40-1,40,-97.81788,22.29157
shape_40-1,41,-97.8182,22.29165
shape_40-1,42,-97.81828,22.29202
shape_40-1,43,-97.81854,22.29215
shape_40-1,44,-97.8192,22.29358
shape_40-1,45,-97.82159,22.29364
shape_40-1,46,-97.82173,22.29386
shape_40-1,47,-97.82178,22.2947
shape_40-1,48,-97.82038,22.2948
shape_40-1,49,-97.82006,22.29507
shape_40-1,50,-97.81961,22.29508
shape_40-1,51,-97.81964,22.29579
shape_40-1,52,-97.81953,22.29587
shape_40-1,53,-97.81955,22.29597
shape_40-1,54,-97.81965,22.29601
shape_40-1,55,-97.81976,22.29662
shape_40-1,56,-97.82147,22.29642
shape_40-1,57,-97.81976,22.29662
shape_40-1,58,-97.81965,22.29601
shape_40-1,59,-97.81955,22.29597
shape_40-1,60,-97.81953,22.29587
shape_40-1,61,-97.81964,22.29579
shape_40-1,62,-97.81961,22.29508
shape_40-1,63,-97.82006,22.29507
shape_40-1,64,-97.82038,22.2948
shape_40-1,65,-97.82178,22.2947
shape_40-1,66,-97.82173,22.29386
shape_40-1,67,-97.82159,22.29364
shape_40-1,68,-97.8192,22.29358
shape_40-1,69,-97.81854,22.29215
shape_40-1,70,-97.81828,22.29202
shape_40-1,71,-97.8182,22.29165
shape_40-1,72,-97.81788,22.29157
shape_40-1,73,-97.81555,22.28632
shape_40-1,74,-97.80737,22.29263
shape_40-1,75,-97.80737,22.29263
shape_40-1,76,-97.81555,22.28632
shape_40-1,77,-97.81788,22.29157
shape_40-1,78,-97.8182,22.29165
shape_40-1,79,-97.81828,22.29202
shape_40-1,80,-97.81854,22.29215
shape_40-1,81,-97.8192,22.29358
shape_40-1,82,-97.82159,22.29364
shape_40-1,83,-97.82173,22.29386
shape_40-1,84,-97.82178,22.2947
shape_40-1,85,-97.82038,22.2948
shape_40-1,86,-97.82006,22.29507
shape_40-1,87,-97.81961,22.29508
shape_40-1,88,-97.81964,22.29579
shape_40-1,89,-97.81953,22.29587
shape_40-1,90,-97.81955,22.29597
shape_40-1,91,-97.81965,22.29601
shape_40-1,92,-97.81976,22.29662
shape_40-1,93,-97.82147,22.29642
shape_40-1,94,-97.81976,22.29662
shape_40-1,95,-97.81965,22.29601
shape_40-1,96,-97.81955,22.29597
shape_40-1,97,-97.81953,22.29587
shape_40-1,98,-97.81964,22.29579
shape_40-1,99,-97.81961,22.29508
shape_40-1,100,-97.82006,22.29507
shape_40-1,101,-97.82038,22.2948
shape_40-1,102,-97.82178,22.2947
shape_40-1,103,-97.82173,22.29386
shape_40-1,104,-97.82159,22.29364
shape_40-1,105,-97.8192,22.29358
shape_40-1,106,-97.81854,22.29215
shape_40-1,107,-97.81828,22.29202
shape_40-1,108,-97.8182,22.29165
shape_40-1,109,-97.81788,22.29157
shape_40-1,110,-97.81555,22.28632
shape_40-1,111,-97.82161,22.28156
shape_40-1,112,-97.82347,22.2844
shape_40-1,113,-97.826,22.28296
shape_40-1,114,-97.82915,22.28137
shape_40-1,115,-97.82902,22.28074
shape_40-1,116,-97.82793,22.27838
shape_40-1,117,-97.82967,22.27779
shape_40-1,118,-97.82474,22.27284
shape_40-1,119,-97.82573,22.27194
shape_40-1,120,-97.82581,22.27175
shape_40-1,121,-97.82855,22.26951
shape_40-1,122,-97.82451,22.26529
shape_40-1,123,-97.8274,22.26267
shape_40-1,124,-97.83034,22.26032
shape_40-1,125,-97.8314,22.25951
shape_40-1,126,-97.83716,22.25458
shape_40-1,127,-97.83509,22.24954
shape_40-1,128,-97.83553,22.24908
shape_40-1,129,-97.83629,22.24798
shape_40-1,130,-97.83861,22.24433
shape_40-1,131,-97.84071,22.24076
shape_40-1,132,-97.84222,22.23846
shape_40-1,133,-97.84282,22.23736
shape_40-1,134,-97.84385,22.23473
shape_40-1,135,-97.83988,22.23341
shape_40-1,136,-97.84908,22.21538
shape_40-1,137,-97.85035,22.21291
shape_40-1,138,-97.85202,22.2137
shape_40-1,139,-97.85125,22.21525
shape_40-1,140,-97.85541,22.21722
shape_40-1,141,-97.85761,22.21319
shape_40-1,142,-97.85304,22.21188
shape_31-1,0,-97.89684,22.3249
shape_31-1,1,-97.89431,22.32439
shape_31-1,2,-97.89533,22.32102
shape_31-1,3,-97.89579,22.31956
shape_31-1,4,-97.89622,22.31861
shape_31-1,5,-97.89622,22.31824
shape_31-1,6,-97.8959,22.31824
shape_31-1,7,-97.89537,22.31711
shape_31-1,8,-97.89493,22.31725
shape_31-1,9,-97.89281,22.31672
shape_31-1,10,-97.89054,22.31628
shape_31-1,11,-97.88992,22.31892
shape_31-1,12,-97.88888,22.31868
shape_31-1,13,-97.88685,22.32348
shape_31-1,14,-97.88518,22.32324
shape_31-1,15,-97.88522,22.319
shape_31-1,16,-97.8825,22.31929
shape_31-1,17,-97.88208,22.30968
shape_31-1,18,-97.88087,22.3097
shape_31-1,19,-97.88118,22.30861
shape_31-1,20,-97.88146,22.30778
shape_31-1,21,-97.88183,22.30634
shape_31-1,22,-97.88187,22.3055
shape_31-1,23,-97.88173,22.30463
shape_31-1,24,-97.8812,22.30351
shape_31-1,25,-97.87896,22.30005
shape_31-1,26,-97.87773,22.29808
shape_31-1,27,-97.87336,22.29118
shape_31-1,28,-97.87297,22.28883
shape_31-1,29,-97.87338,22.28699
shape_31-1,30,-97.87394,22.28531
shape_31-1,31,-97.87368,22.28388
shape_31-1,32,-97.87291,22.28215
shape_31-1,33,-97.8731,22.2781
shape_31-1,34,-97.87471,22.2728
shape_31-1,35,-97.87368,22.26992
shape_31-1,36,-97.87381,22.26704
shape_31-1,37,-97.87503,22.26406
shape_31-1,38,-97.87621,22.25935
shape_31-1,39,-97.87649,22.25727
shape_31-1,40,-97.8766,22.25502
shape_31-1,41,-97.87443,22.24893
shape_31-1,42,-97.87308,22.24654
shape_31-1,43,-97.86784,22.23492
shape_31-1,44,-97.86347,22.2234
shape_31-1,45,-97.86328,22.22156
shape_31-1,46,-97.85497,22.218
shape_31-1,47,-97.85588,22.21637
shape_31-1,48,-97.84991,22.21372
shape_31-1,49,-97.85164,22.21039
shape_31-1,50,-97.85079,22.21006
shape_31-1,51,-97.84978,22.20985
shape_31-1,52,-97.84902,22.20995
shape_31-1,53,-97.84865,22.2102
shape_31-1,54,-97.84821,22.21094
shape_31-1,55,-97.84776,22.21079
shape_31-1,56,-97.84712,22.21104
shape_31-1,57,-97.84665,22.2113
shape_31-1,58,-97.84783,22.21185
shape_31-1,59,-97.84821,22.21094
shape_31-1,60,-97.84821,22.21094
shape_31-1,61,-97.84783,22.21185
shape_31-1,62,-97.84665,22.2113
shape_31-1,63,-97.84712,22.21104
shape_31-1,64,-97.84776,22.21079
shape_31-1,65,-97.84821,22.21094
shape_31-1,66,-97.84783,22.21184
shape_31-1,67,-97.84847,22.21212
shape_31-1,68,-97.84872,22.21225
shape_31-1,69,-97.84915,22.21238
shape_31-1,70,-97.84949,22.2126
shape_31-1,71,-97.85206,22.21371
shape_31-1,72,-97.85127,22.21527
shape_31-1,73,-97.85458,22.21681
shape_31-1,74,-97.85626,22.21753
shape_31-1,75,-97.86334,22.22071
shape_31-1,76,-97.86328,22.22156
shape_31-1,77,-97.86347,22.2234
shape_31-1,78,-97.86784,22.23492
shape_31-1,79,-97.87308,22.24654
shape_31-1,80,-97.87443,22.24893
shape_31-1,81,-97.8766,22.25502
shape_31-1,82,-97.87649,22.25727
shape_31-1,83,-97.87621,22.25935
shape_31-1,84,-97.87503,22.26406
shape_31-1,85,-97.87381,22.26704
shape_31-1,86,-97.87368,22.26992
shape_31-1,87,-97.87471,22.2728
shape_31-1,88,-97.8731,22.2781
shape_31-1,89,-97.87291,22.28215
shape_31-1,90,-97.87368,22.28388
shape_31-1,91,-97.87394,22.28531
shape_31-1,92,-97.87338,22.28699
shape_31-1,93,-97.87297,22.28883
shape_31-1,94,-97.87336,22.29118
shape_31-1,95,-97.87773,22.29808
shape_31-1,96,-97.87896,22.30005
shape_31-1,97,-97.8812,22.30351
shape_31-1,98,-97.88173,22.30463
shape_31-1,99,-97.88187,22.3055
shape_31-1,100,-97.88183,22.30634
shape_31-1,101,-97.88146,22.30778
shape_31-1,102,-97.88118,22.30861
shape_31-1,103,-97.87874,22.30875
shape_31-1,104,-97.8788,22.31071
shape_31-1,105,-97.88215,22.31053
shape_31-1,106,-97.8825,22.31929
shape_31-1,107,-97.88522,22.319
shape_31-1,108,-97.88518,22.32324
shape_31-1,109,-97.88685,22.32348
shape_31-1,110,-97.88888,22.31868
shape_31-1,111,-97.88992,22.31892
shape_31-1,112,-97.89054,22.31628
shape_31-1,113,-97.89281,22.31672
shape_31-1,114,-97.89493,22.31725
shape_31-1,115,-97.89537,22.31711
shape_31-1,116,-97.8959,22.31824
shape_31-1,117,-97.89622,22.31824
shape_31-1,118,-97.89622,22.31861
shape_31-1,119,-97.89579,22.31956
shape_31-1,120,-97.89533,22.32102
shape_31-1,121,-97.89431,22.32439
shape_1-1,0,-97.85418,22.21563
shape_1-1,1,-97.85586,22.21246
shape_1-1,2,-97.85486,22.21226
shape_1-1,3,-97.85327,22.21522
shape_1-1,4,-97.85238,22.21683
shape_1-1,5,-97.8533,22.21716
shape_1-1,6,-97.85285,22.2179
shape_1-1,7,-97.85128,22.22096
shape_1-1,8,-97.84898,22.22517
shape_1-1,9,-97.84693,22.22901
shape_1-1,10,-97.84659,22.23016
shape_1-1,11,-97.84677,22.23108
shape_1-1,12,-97.84793,22.23274
shape_1-1,13,-97.84847,22.23381
shape_1-1,14,-97.84902,22.23544
shape_1-1,15,-97.84977,22.23706
shape_1-1,16,-97.85266,22.23813
shape_1-1,17,-97.85335,22.2389
shape_1-1,18,-97.85389,22.24053
shape_1-1,19,-97.85532,22.24282
shape_1-1,20,-97.85528,22.24566
shape_1-1,21,-97.85505,22.24728
shape_1-1,22,-97.85464,22.24815
shape_1-1,23,-97.85487,22.2504
shape_1-1,24,-97.85443,22.25132
shape_1-1,25,-97.85358,22.25352
shape_1-1,26,-97.85265,22.25574
shape_1-1,27,-97.85171,22.25832
shape_1-1,28,-97.84973,22.2637
shape_1-1,29,-97.84752,22.26972
shape_1-1,30,-97.85072,22.27272
shape_1-1,31,-97.85377,22.27353
shape_1-1,32,-97.8549,22.27472
shape_1-1,33,-97.85621,22.27671
shape_1-1,34,-97.85898,22.27808
shape_1-1,35,-97.86291,22.28127
shape_1-1,36,-97.86517,22.28424
shape_1-1,37,-97.86712,22.28583
shape_1-1,38,-97.86843,22.28684
shape_1-1,39,-97.87065,22.28978
shape_1-1,40,-97.87135,22.28964
shape_1-1,41,-97.87188,22.28973
shape_1-1,42,-97.87325,22.29118
shape_1-1,43,-97.87707,22.29727
shape_1-1,44,-97.88116,22.30387
shape_1-1,45,-97.8816,22.30489
shape_1-1,46,-97.88166,22.30675
shape_1-1,47,-97.8786,22.31606
shape_1-1,48,-97.8789,22.31605
shape_1-1,49,-97.88181,22.30663
shape_1-1,50,-97.88179,22.30489
shape_1-1,51,-97.88852,22.30442
shape_1-1,52,-97.88766,22.30896
shape_1-1,53,-97.88723,22.3112
shape_1-1,54,-97.89003,22.31112
shape_1-1,55,-97.889,22.31548
shape_1-1,56,-97.88883,22.31596
shape_1-1,57,-97.8889,22.31615
shape_1-1,58,-97.88872,22.3164
shape_1-1,59,-97.88892,22.31755
shape_1-1,60,-97.88892,22.31755
shape_1-1,61,-97.88872,22.3164
shape_1-1,62,-97.8889,22.31615
shape_1-1,63,-97.88883,22.31596
shape_1-1,64,-97.889,22.31548
shape_1-1,65,-97.89003,22.31112
shape_1-1,66,-97.88723,22.3112
shape_1-1,67,-97.88766,22.30896
shape_1-1,68,-97.88871,22.30468
shape_1-1,69,-97.89123,22.30534
shape_1-1,70,-97.88942,22.30398
shape_1-1,71,-97.88914,22.30433
shape_1-1,72,-97.88878,22.30421
shape_1-1,73,-97.8887,22.30447
shape_1-1,74,-97.88162,22.30494
shape_1-1,75,-97.88157,22.30655
shape_1-1,76,-97.88031,22.31058
shape_1-1,77,-97.87861,22.3161
shape_1-1,78,-97.87881,22.3161
shape_1-1,79,-97.8805,22.31054
shape_1-1,80,-97.8819,22.30663
shape_1-1,81,-97.88181,22.30486
shape_1-1,82,-97.88132,22.30381
shape_1-1,83,-97.87981,22.30149
shape_1-1,84,-97.87707,22.29727
shape_1-1,85,-97.87333,22.29115
shape_1-1,86,-97.87309,22.28991
shape_1-1,87,-97.87253,22.28927
shape_1-1,88,-97.87133,22.28861
shape_1-1,89,-97.87035,22.28802
shape_1-1,90,-97.86855,22.28675
shape_1-1,91,-97.86712,22.28583
shape_1-1,92,-97.86517,22.28424
shape_1-1,93,-97.86291,22.28127
shape_1-1,94,-97.85898,22.27808
shape_1-1,95,-97.85716,22.27627
shape_1-1,96,-97.85501,22.27444
shape_1-1,97,-97.85377,22.27353
shape_1-1,98,-97.85072,22.27272
shape_1-1,99,-97.84752,22.26972
shape_1-1,100,-97.84973,22.2637
shape_1-1,101,-97.85222,22.25709
shape_1-1,102,-97.85358,22.25352
shape_1-1,103,-97.85443,22.25132
shape_1-1,104,-97.85487,22.2504
shape_1-1,105,-97.85464,22.24815
shape_1-1,106,-97.85505,22.24728
shape_1-1,107,-97.85528,22.24566
shape_1-1,108,-97.85532,22.24282
shape_1-1,109,-97.85389,22.24053
shape_1-1,110,-97.85335,22.2389
shape_1-1,111,-97.85266,22.23813
shape_1-1,112,-97.84977,22.23706
shape_1-1,113,-97.84847,22.23381
shape_1-1,114,-97.84793,22.23274
shape_1-1,115,-97.84677,22.23108
shape_1-1,116,-97.84659,22.23016
shape_1-1,117,-97.84693,22.22901
shape_1-1,118,-97.84898,22.22517
shape_1-1,119,-97.85128,22.22096
shape_1-1,120,-97.85285,22.2179
shape_1-1,121,-97.8533,22.21716
shape_1-1,122,-97.85238,22.21683
shape_1-1,123,-97.85327,22.21522
shape_1-1,124,-97.85486,22.21226
shape_1-1,125,-97.85586,22.21246
shape_2-1,0,-97.8841,22.33679
shape_2-1,1,-97.88331,22.33797
shape_2-1,2,-97.88357,22.3381
shape_2-1,3,-97.88487,22.33825
shape_2-1,4,-97.88507,22.3382
shape_2-1,5,-97.88668,22.33591
shape_2-1,6,-97.88668,22.33566
shape_2-1,7,-97.88649,22.33556
shape_2-1,8,-97.8852,22.33542
shape_2-1,9,-97.88507,22.33543
shape_2-1,10,-97.88416,22.33671
shape_2-1,11,-97.883,22.335
shape_2-1,12,-97.88149,22.33586
shape_2-1,13,-97.88135,22.33469
shape_2-1,14,-97.87936,22.33474
shape_2-1,15,-97.87932,22.33309
shape_2-1,16,-97.88134,22.33303
shape_2-1,17,-97.88117,22.3297
shape_2-1,18,-97.878,22.32979
shape_2-1,19,-97.8746,22.32945
shape_2-1,20,-97.87573,22.32591
shape_2-1,21,-97.87729,22.32115
shape_2-1,22,-97.87833,22.31765
shape_2-1,23,-97.87916,22.31493
shape_2-1,24,-97.8803,22.31133
shape_2-1,25,-97.88099,22.30935
shape_2-1,26,-97.8818,22.30667
shape_2-1,27,-97.88185,22.30504
shape_2-1,28,-97.88128,22.30356
shape_2-1,29,-97.87977,22.30137
shape_2-1,30,-97.87865,22.29951
shape_2-1,31,-97.87655,22.29616
shape_2-1,32,-97.87388,22.29204
shape_2-1,33,-97.87335,22.29109
shape_2-1,34,-97.87314,22.29017
shape_2-1,35,-97.87285,22.28956
shape_2-1,36,-97.87308,22.28799
shape_2-1,37,-97.87363,22.28652
shape_2-1,38,-97.87394,22.28465
shape_2-1,39,-97.87351,22.28362
shape_2-1,40,-97.87295,22.28247
shape_2-1,41,-97.87308,22.27949
shape_2-1,42,-97.87338,22.27762
shape_2-1,43,-97.87473,22.2726
shape_2-1,44,-97.87406,22.27103
shape_2-1,45,-97.87372,22.26934
shape_2-1,46,-97.87385,22.26745
shape_2-1,47,-97.87454,22.26551
shape_2-1,48,-97.87569,22.26177
shape_2-1,49,-97.87647,22.25832
shape_2-1,50,-97.87668,22.25665
shape_2-1,51,-97.87638,22.25447
shape_2-1,52,-97.87509,22.25065
shape_2-1,53,-97.87329,22.24668
shape_2-1,54,-97.87175,22.2437
shape_2-1,55,-97.87046,22.24072
shape_2-1,56,-97.86892,22.23715
shape_2-1,57,-97.86737,22.23322
shape_2-1,58,-97.86527,22.22817
shape_2-1,59,-97.86424,22.22523
shape_2-1,60,-97.86339,22.22299
shape_2-1,61,-97.86322,22.22159
shape_2-1,62,-97.85782,22.21925
shape_2-1,63,-97.85331,22.21723
shape_2-1,64,-97.85505,22.21404
shape_2-1,65,-97.85276,22.21299
shape_2-1,66,-97.8482,22.21092
shape_2-1,67,-97.84842,22.21048
shape_2-1,68,-97.84902,22.20996
shape_2-1,69,-97.84982,22.20987
shape_2-1,70,-97.85085,22.21008
shape_2-1,71,-97.85697,22.21237
shape_2-1,72,-97.85649,22.21331
shape_2-1,73,-97.85619,22.21369
shape_2-1,74,-97.85544,22.21327
shape_2-1,75,-97.8546,22.21291
shape_2-1,76,-97.85416,22.21368
shape_2-1,77,-97.85286,22.21601
shape_2-1,78,-97.85635,22.21753
shape_2-1,79,-97.85541,22.21916
shape_2-1,80,-97.85887,22.2207
shape_2-1,81,-97.86291,22.22248
shape_2-1,82,-97.8633,22.2226
shape_2-1,83,-97.86339,22.22299
shape_2-1,84,-97.86424,22.22523
shape_2-1,85,-97.86578,22.22944
shape_2-1,86,-97.86724,22.23298
shape_2-1,87,-97.86857,22.23651
shape_2-1,88,-97.87046,22.24072
shape_2-1,89,-97.87273,22.24561
shape_2-1,90,-97.87325,22.2466
shape_2-1,91,-97.87441,22.24867
shape_2-1,92,-97.87509,22.25065
shape_2-1,93,-97.87638,22.25447
shape_2-1,94,-97.8766,22.25649
shape_2-1,95,-97.87647,22.25832
shape_2-1,96,-97.87565,22.26154
shape_2-1,97,-97.87462,22.26515
shape_2-1,98,-97.87381,22.26722
shape_2-1,99,-97.87372,22.26934
shape_2-1,100,-97.87411,22.27095
shape_2-1,101,-97.87473,22.2726
shape_2-1,102,-97.87389,22.27571
shape_2-1,103,-97.87316,22.2781
shape_2-1,104,-97.87308,22.27949
shape_2-1,105,-97.87286,22.28262
shape_2-1,106,-97.87372,22.28405
shape_2-1,107,-97.87402,22.28485
shape_2-1,108,-97.87363,22.28652
shape_2-1,109,-97.87308,22.28799
shape_2-1,110,-97.87207,22.28922
shape_2-1,111,-97.87196,22.28957
shape_2-1,112,-97.8723,22.29021
shape_2-1,113,-97.87325,22.29108
shape_2-1,114,-97.87388,22.29204
shape_2-1,115,-97.87655,22.29616
shape_2-1,116,-97.87865,22.29951
shape_2-1,117,-97.88128,22.30356
shape_2-1,118,-97.88185,22.30504
shape_2-1,119,-97.8818,22.30667
shape_2-1,120,-97.88099,22.30935
shape_2-1,121,-97.8803,22.31133
shape_2-1,122,-97.87916,22.31493
shape_2-1,123,-97.87833,22.31765
shape_2-1,124,-97.87729,22.32115
shape_2-1,125,-97.87573,22.32591
shape_2-1,126,-97.8746,22.32945
shape_2-1,127,-97.878,22.32979
shape_2-1,128,-97.88117,22.3297
shape_2-1,129,-97.88134,22.33303
shape_2-1,130,-97.87932,22.33309
shape_2-1,131,-97.87936,22.33474
shape_2-1,132,-97.88135,22.33469
shape_2-1,133,-97.88149,22.33586
shape_2-1,134,-97.883,22.335
shape_2-1,135,-97.88416,22.33671
shape_2-1,136,-97.88507,22.33543
shape_2-1,137,-97.8852,22.33542
shape_2-1,138,-97.88649,22.33556
shape_2-1,139,-97.88668,22.33566
shape_2-1,140,-97.88668,22.33591
shape_2-1,141,-97.88507,22.3382
shape_2-1,142,-97.88487,22.33825
shape_2-1,143,-97.88357,22.3381
shape_2-1,144,-97.88331,22.33797
shape_50-1,0,-97.84665,22.3263
shape_50-1,1,-97.84914,22.32544
shape_50-1,2,-97.85089,22.32432
shape_50-1,3,-97.85381,22.32285
shape_50-1,4,-97.85002,22.31481
shape_50-1,5,-97.85127,22.31393
shape_50-1,6,-97.84934,22.30816
shape_50-1,7,-97.86156,22.30355
shape_50-1,8,-97.86318,22.30733
shape_50-1,9,-97.8638,22.3071
shape_50-1,10,-97.86905,22.3072
shape_50-1,11,-97.86892,22.31068
shape_50-1,12,-97.87514,22.311
shape_50-1,13,-97.88043,22.3106
shape_50-1,14,-97.88181,22.30599
shape_50-1,15,-97.88164,22.30472
shape_50-1,16,-97.88099,22.30329
shape_50-1,17,-97.87394,22.29215
shape_50-1,18,-97.87331,22.2911
shape_50-1,19,-97.87308,22.28963
shape_50-1,20,-97.87299,22.28832
shape_50-1,21,-97.87349,22.28644
shape_50-1,22,-97.87398,22.28489
shape_50-1,23,-97.87325,22.28288
shape_50-1,24,-97.87288,22.28123
shape_50-1,25,-97.87344,22.27673
shape_50-1,26,-97.87475,22.27278
shape_50-1,27,-97.87376,22.27017
shape_50-1,28,-97.87374,22.26712
shape_50-1,29,-97.87469,22.26513
shape_50-1,30,-97.87664,22.2578
shape_50-1,31,-97.87657,22.25564
shape_50-1,32,-97.87413,22.24825
shape_50-1,33,-97.87293,22.24622
shape_50-1,34,-97.87147,22.24323
shape_50-1,35,-97.86769,22.23437
shape_50-1,36,-97.86424,22.22537
shape_50-1,37,-97.86341,22.2234
shape_50-1,38,-97.86328,22.22159
shape_50-1,39,-97.85578,22.21837
shape_50-1,40,-97.85502,22.21994
shape_50-1,41,-97.85542,22.21916
shape_50-1,42,-97.86334,22.22262
shape_50-1,43,-97.86334,22.22262
shape_50-1,44,-97.85542,22.21916
shape_50-1,45,-97.85502,22.21994
shape_50-1,46,-97.85578,22.21837
shape_50-1,47,-97.86328,22.22159
shape_50-1,48,-97.86341,22.2234
shape_50-1,49,-97.86424,22.22537
shape_50-1,50,-97.86769,22.23437
shape_50-1,51,-97.87147,22.24323
shape_50-1,52,-97.87293,22.24622
shape_50-1,53,-97.87413,22.24825
shape_50-1,54,-97.87657,22.25564
shape_50-1,55,-97.87664,22.2578
shape_50-1,56,-97.87469,22.26513
shape_50-1,57,-97.87374,22.26712
shape_50-1,58,-97.87376,22.27017
shape_50-1,59,-97.87475,22.27278
shape_50-1,60,-97.87344,22.27673
shape_50-1,61,-97.87288,22.28123
shape_50-1,62,-97.87325,22.28288
shape_50-1,63,-97.87398,22.28489
shape_50-1,64,-97.87349,22.28644
shape_50-1,65,-97.87299,22.28832
shape_50-1,66,-97.87308,22.28963
shape_50-1,67,-97.87331,22.2911
shape_50-1,68,-97.87394,22.29215
shape_50-1,69,-97.88099,22.30329
shape_50-1,70,-97.88164,22.30472
shape_50-1,71,-97.88181,22.30599
shape_50-1,72,-97.88099,22.30863
shape_50-1,73,-97.87501,22.30899
shape_50-1,74,-97.86904,22.30877
shape_50-1,75,-97.86905,22.3072
shape_50-1,76,-97.8638,22.3071
shape_50-1,77,-97.86318,22.30733
shape_50-1,78,-97.86156,22.30355
shape_50-1,79,-97.84934,22.30816
shape_50-1,80,-97.85127,22.31393
shape_50-1,81,-97.85002,22.31481
shape_50-1,82,-97.85381,22.32285
shape_50-1,83,-97.85089,22.32432
shape_50-1,84,-97.84914,22.32544
shape_90-1,0,-97.90462,22.5211
shape_90-1,1,-97.90432,22.51961
shape_90-1,2,-97.90393,22.51761
shape_90-1,3,-97.90381,22.47457
shape_90-1,4,-97.89514,22.43844
shape_90-1,5,-97.88587,22.42361
shape_90-1,6,-97.88479,22.42111
shape_90-1,7,-97.88496,22.41916
shape_90-1,8,-97.88934,22.40754
shape_90-1,9,-97.89333,22.40488
shape_90-1,10,-97.90981,22.40373
shape_90-1,11,-97.92093,22.40016
shape_90-1,12,-97.92865,22.39754
shape_90-1,13,-97.932,22.39433
shape_90-1,14,-97.93363,22.39536
shape_90-1,15,-97.93526,22.39572
shape_90-1,16,-97.93493,22.39745
shape_90-1,17,-97.9358,22.39763
shape_90-1,18,-97.93617,22.3959
shape_90-1,19,-97.93617,22.3959
shape_90-1,20,-97.93582,22.39579
shape_90-1,21,-97.93552,22.39574
shape_90-1,22,-97.93526,22.39572
shape_90-1,23,-97.93363,22.39536
shape_90-1,24,-97.932,22.39433
shape_90-1,25,-97.93018,22.39649
shape_90-1,26,-97.92865,22.39754
shape_90-1,27,-97.9264,22.39742
shape_90-1,28,-97.925,22.39736
shape_90-1,29,-97.92365,22.39772
shape_90-1,30,-97.92093,22.40016
shape_90-1,31,-97.90975,22.40397
shape_90-1,32,-97.89333,22.40488
shape_90-1,33,-97.88868,22.40464
shape_90-1,34,-97.88874,22.40381
shape_90-1,35,-97.88958,22.40337
shape_90-1,36,-97.89011,22.40331
shape_90-1,37,-97.89069,22.40371
shape_90-1,38,-97.88496,22.41916
shape_90-1,39,-97.88479,22.42111
shape_90-1,40,-97.88587,22.42361
shape_90-1,41,-97.89514,22.43844
shape_90-1,42,-97.90381,22.47457
shape_90-1,43,-97.90393,22.51761
shape_90-1,44,-97.90471,22.52108
shape_38-1,0,-97.88154,22.28067
shape_38-1,1,-97.88068,22.28097
shape_38-1,2,-97.88,22.28259
shape_38-1,3,-97.87994,22.28279
shape_38-1,4,-97.87965,22.28304
shape_38-1,5,-97.87996,22.28333
shape_38-1,6,-97.88052,22.28359
shape_38-1,7,-97.88166,22.28294
shape_38-1,8,-97.8819,22.28273
shape_38-1,9,-97.88256,22.28277
shape_38-1,10,-97.88434,22.28563
shape_38-1,11,-97.88472,22.28676
shape_38-1,12,-97.88169,22.28737
shape_38-1,13,-97.88079,22.28726
shape_38-1,14,-97.87637,22.29216
shape_38-1,15,-97.87992,22.29416
shape_38-1,16,-97.87983,22.29448
shape_38-1,17,-97.87649,22.29624
shape_38-1,18,-97.88179,22.3049
shape_38-1,19,-97.88175,22.30696
shape_38-1,20,-97.88029,22.31113
shape_38-1,21,-97.87825,22.31731
shape_38-1,22,-97.87464,22.31735
shape_38-1,23,-97.87297,22.31717
shape_38-1,24,-97.87027,22.31723
shape_38-1,25,-97.86977,22.31673
shape_38-1,26,-97.86836,22.31677
shape_38-1,27,-97.86855,22.31401
shape_38-1,28,-97.86475,22.31406
shape_38-1,29,-97.86384,22.30864
shape_38-1,30,-97.86378,22.30812
shape_38-1,31,-97.86387,22.30782
shape_38-1,32,-97.86363,22.30601
shape_38-1,33,-97.86313,22.30493
shape_38-1,34,-97.8609,22.30574
shape_38-1,35,-97.86021,22.30401
shape_38-1,36,-97.85758,22.30495
shape_38-1,37,-97.85771,22.30514
shape_38-1,38,-97.85509,22.30616
shape_38-1,39,-97.85227,22.29936
shape_38-1,40,-97.85487,22.29842
shape_38-1,41,-97.85091,22.28882
shape_38-1,42,-97.8504,22.28714
shape_38-1,43,-97.84648,22.2859
shape_38-1,44,-97.84799,22.28201
shape_38-1,45,-97.84015,22.27944
shape_38-1,46,-97.84109,22.27687
shape_38-1,47,-97.8342,22.27696
shape_38-1,48,-97.83425,22.27666
shape_38-1,49,-97.83503,22.27666
shape_38-1,50,-97.8342,22.27696
shape_38-1,51,-97.83355,22.27696
shape_38-1,52,-97.83354,22.27666
shape_38-1,53,-97.83425,22.27666
shape_38-1,54,-97.83364,22.27469
shape_38-1,55,-97.82443,22.26523
shape_38-1,56,-97.82577,22.26414
shape_38-1,57,-97.82214,22.26054
shape_38-1,58,-97.82589,22.25733
shape_38-1,59,-97.8229,22.25415
shape_38-1,60,-97.82353,22.25362
shape_38-1,61,-97.82415,22.25421
shape_38-1,62,-97.8235,22.25477
shape_38-1,63,-97.8235,22.25477
shape_38-1,64,-97.82415,22.25421
shape_38-1,65,-97.82353,22.25362
shape_38-1,66,-97.8229,22.25415
shape_38-1,67,-97.82589,22.25733
shape_38-1,68,-97.82214,22.26054
shape_38-1,69,-97.82577,22.26414
shape_38-1,70,-97.82443,22.26523
shape_38-1,71,-97.83364,22.27469
shape_38-1,72,-97.83425,22.27666
shape_38-1,73,-97.83354,22.27666
shape_38-1,74,-97.83355,22.27696
shape_38-1,75,-97.8342,22.27696
shape_38-1,76,-97.83503,22.27666
shape_38-1,77,-97.83425,22.27666
shape_38-1,78,-97.8342,22.27696
shape_38-1,79,-97.84109,22.27687
shape_38-1,80,-97.84015,22.27944
shape_38-1,81,-97.84799,22.28201
shape_38-1,82,-97.84648,22.2859
shape_38-1,83,-97.8504,22.28714
shape_38-1,84,-97.85091,22.28882
shape_38-1,85,-97.85487,22.29842
shape_38-1,86,-97.85227,22.29936
shape_38-1,87,-97.85509,22.30616
shape_38-1,88,-97.85771,22.30514
shape_38-1,89,-97.85758,22.30495
shape_38-1,90,-97.86021,22.30401
shape_38-1,91,-97.8609,22.30574
shape_38-1,92,-97.86313,22.30493
shape_38-1,93,-97.86363,22.30601
shape_38-1,94,-97.86387,22.30782
shape_38-1,95,-97.86378,22.30812
shape_38-1,96,-97.86384,22.30864
shape_38-1,97,-97.86475,22.31406
shape_38-1,98,-97.86855,22.31401
shape_38-1,99,-97.86836,22.31677
shape_38-1,100,-97.86977,22.31673
shape_38-1,101,-97.87027,22.31723
shape_38-1,102,-97.87297,22.31717
shape_38-1,103,-97.87389,22.31762
shape_38-1,104,-97.87499,22.31782
shape_38-1,105,-97.87636,22.31778
shape_38-1,106,-97.87649,22.31981
shape_38-1,107,-97.87754,22.31969
shape_38-1,108,-97.88029,22.31113
shape_38-1,109,-97.88175,22.30696
shape_38-1,110,-97.88179,22.3049
shape_38-1,111,-97.87649,22.29624
shape_38-1,112,-97.87983,22.29448
shape_38-1,113,-97.87992,22.29416
shape_38-1,114,-97.87637,22.29216
shape_38-1,115,-97.88079,22.28726
shape_38-1,116,-97.88169,22.28737
shape_38-1,117,-97.88472,22.28676
shape_38-1,118,-97.88434,22.28563
shape_38-1,119,-97.88256,22.28277
shape_38-1,120,-97.8819,22.28273
shape_38-1,121,-97.88166,22.28294
shape_38-1,122,-97.88052,22.28359
shape_38-1,123,-97.87996,22.28333
shape_38-1,124,-97.87965,22.28304
shape_38-1,125,-97.87994,22.28279
shape_38-1,126,-97.88,22.28259
shape_38-1,127,-97.88068,22.28097
shape_10-1,0,-97.88682,22.31317
shape_10-1,1,-97.88722,22.31117
shape_10-1,2,-97.88219,22.31124
shape_10-1,3,-97.88204,22.30847
shape_10-1,4,-97.88106,22.30862
shape_10-1,5,-97.87383,22.30902
shape_10-1,6,-97.869,22.30876
shape_10-1,7,-97.86906,22.30719
shape_10-1,8,-97.86375,22.30711
shape_10-1,9,-97.86316,22.30732
shape_10-1,10,-97.86156,22.30353
shape_10-1,11,-97.85763,22.30495
shape_10-1,12,-97.85628,22.30169
shape_10-1,13,-97.85368,22.30268
shape_10-1,14,-97.85166,22.29773
shape_10-1,15,-97.85424,22.29677
shape_10-1,16,-97.85516,22.29909
shape_10-1,17,-97.85555,22.29923
shape_10-1,18,-97.85733,22.29864
shape_10-1,19,-97.85518,22.29351
shape_10-1,20,-97.85369,22.29406
shape_10-1,21,-97.85079,22.28701
shape_10-1,22,-97.84937,22.28373
shape_10-1,23,-97.85424,22.28361
shape_10-1,24,-97.85422,22.28322
shape_10-1,25,-97.85402,22.28255
shape_10-1,26,-97.85386,22.28166
shape_10-1,27,-97.85404,22.28028
shape_10-1,28,-97.85166,22.28
shape_10-1,29,-97.85207,22.27869
shape_10-1,30,-97.85035,22.27836
shape_10-1,31,-97.85055,22.27789
shape_10-1,32,-97.85201,22.27389
shape_10-1,33,-97.85226,22.27293
shape_10-1,34,-97.8534,22.27047
shape_10-1,35,-97.8555,22.2711
shape_10-1,36,-97.8557,22.27118
shape_10-1,37,-97.85584,22.27041
shape_10-1,38,-97.85849,22.27135
shape_10-1,39,-97.86031,22.27189
shape_10-1,40,-97.86134,22.27186
shape_10-1,41,-97.86248,22.27136
shape_10-1,42,-97.86299,22.2708
shape_10-1,43,-97.86322,22.27033
shape_10-1,44,-97.86363,22.26903
shape_10-1,45,-97.86401,22.26861
shape_10-1,46,-97.86192,22.26746
shape_10-1,47,-97.86015,22.26716
shape_10-1,48,-97.85748,22.26627
shape_10-1,49,-97.85918,22.26105
shape_10-1,50,-97.85811,22.26077
shape_10-1,51,-97.85716,22.26064
shape_10-1,52,-97.85611,22.26035
shape_10-1,53,-97.85683,22.25848
shape_10-1,54,-97.85689,22.25812
shape_10-1,55,-97.85694,22.25722
shape_10-1,56,-97.85778,22.25564
shape_10-1,57,-97.85829,22.25222
shape_10-1,58,-97.85758,22.24662
shape_10-1,59,-97.85525,22.24533
shape_10-1,60,-97.85546,22.24342
shape_10-1,61,-97.85523,22.24227
shape_10-1,62,-97.85773,22.24072
shape_10-1,63,-97.85797,22.2405
shape_10-1,64,-97.85823,22.24019
shape_10-1,65,-97.85909,22.23669
shape_10-1,66,-97.85902,22.23627
shape_10-1,67,-97.85872,22.23588
shape_10-1,68,-97.85713,22.23455
shape_10-1,69,-97.85709,22.23417
shape_10-1,70,-97.85718,22.23377
shape_10-1,71,-97.85915,22.23169
shape_10-1,72,-97.85954,22.23123
shape_10-1,73,-97.85977,22.23071
shape_10-1,74,-97.85876,22.22634
shape_10-1,75,-97.85857,22.22591
shape_10-1,76,-97.85823,22.22561
shape_10-1,77,-97.85778,22.22543
shape_10-1,78,-97.85945,22.22195
shape_10-1,79,-97.85585,22.22036
shape_10-1,80,-97.85744,22.21738
shape_10-1,81,-97.85924,22.214
shape_10-1,82,-97.85924,22.214
shape_10-1,83,-97.85838,22.21357
shape_10-1,84,-97.8569,22.21653
shape_10-1,85,-97.8554,22.21919
shape_10-1,86,-97.85404,22.22167
shape_10-1,87,-97.85484,22.22187
shape_10-1,88,-97.85557,22.22185
shape_10-1,89,-97.85629,22.22207
shape_10-1,90,-97.85668,22.22255
shape_10-1,91,-97.85681,22.22309
shape_10-1,92,-97.85623,22.22408
shape_10-1,93,-97.8561,22.22459
shape_10-1,94,-97.85623,22.22505
shape_10-1,95,-97.85666,22.22539
shape_10-1,96,-97.85726,22.22555
shape_10-1,97,-97.85801,22.22563
shape_10-1,98,-97.85847,22.22597
shape_10-1,99,-97.85962,22.23073
shape_10-1,100,-97.85947,22.23119
shape_10-1,101,-97.85915,22.23169
shape_10-1,102,-97.85718,22.23377
shape_10-1,103,-97.85705,22.23415
shape_10-1,104,-97.85713,22.23455
shape_10-1,105,-97.85864,22.23602
shape_10-1,106,-97.85883,22.23629
shape_10-1,107,-97.85892,22.23659
shape_10-1,108,-97.85823,22.24023
shape_10-1,109,-97.85797,22.2405
shape_10-1,110,-97.85771,22.24066
shape_10-1,111,-97.85514,22.24207
shape_10-1,112,-97.85505,22.24233
shape_10-1,113,-97.85533,22.24317
shape_10-1,114,-97.85525,22.24533
shape_10-1,115,-97.85758,22.24662
shape_10-1,116,-97.85793,22.24918
shape_10-1,117,-97.85829,22.25222
shape_10-1,118,-97.85778,22.25564
shape_10-1,119,-97.85694,22.25722
shape_10-1,120,-97.85689,22.25812
shape_10-1,121,-97.85683,22.25848
shape_10-1,122,-97.85611,22.26035
shape_10-1,123,-97.85716,22.26064
shape_10-1,124,-97.85811,22.26077
shape_10-1,125,-97.85918,22.26105
shape_10-1,126,-97.85836,22.2636
shape_10-1,127,-97.85748,22.26627
shape_10-1,128,-97.86015,22.26716
shape_10-1,129,-97.86192,22.26746
shape_10-1,130,-97.86401,22.26861
shape_10-1,131,-97.86363,22.26903
shape_10-1,132,-97.86322,22.27033
shape_10-1,133,-97.86299,22.2708
shape_10-1,134,-97.86248,22.27136
shape_10-1,135,-97.86134,22.27186
shape_10-1,136,-97.86031,22.27189
shape_10-1,137,-97.85849,22.27135
shape_10-1,138,-97.85733,22.27093
shape_10-1,139,-97.85703,22.27164
shape_10-1,140,-97.8557,22.27118
shape_10-1,141,-97.8555,22.2711
shape_10-1,142,-97.85442,22.27393
shape_10-1,143,-97.85385,22.2735
shape_10-1,144,-97.85244,22.27307
shape_10-1,145,-97.85201,22.27389
shape_10-1,146,-97.85055,22.27789
shape_10-1,147,-97.85468,22.27854
shape_10-1,148,-97.85404,22.28028
shape_10-1,149,-97.85386,22.28166
shape_10-1,150,-97.85402,22.28255
shape_10-1,151,-97.85422,22.28322
shape_10-1,152,-97.85424,22.28361
shape_10-1,153,-97.84937,22.28373
shape_10-1,154,-97.85079,22.28701
shape_10-1,155,-97.85369,22.29406
shape_10-1,156,-97.85518,22.29351
shape_10-1,157,-97.85733,22.29864
shape_10-1,158,-97.85555,22.29923
shape_10-1,159,-97.85516,22.29909
shape_10-1,160,-97.85424,22.29677
shape_10-1,161,-97.85166,22.29773
shape_10-1,162,-97.85368,22.30268
shape_10-1,163,-97.85628,22.30169
shape_10-1,164,-97.85763,22.30495
shape_10-1,165,-97.86156,22.30353
shape_10-1,166,-97.86316,22.30732
shape_10-1,167,-97.86375,22.30711
shape_10-1,168,-97.86906,22.30719
shape_10-1,169,-97.86885,22.31084
shape_10-1,170,-97.87372,22.31094
shape_10-1,171,-97.87655,22.31094
shape_10-1,172,-97.88035,22.31066
shape_10-1,173,-97.88215,22.31048
shape_10-1,174,-97.88219,22.31124
shape_10-1,175,-97.88722,22.31117
shape_26-1,0,-97.88267,22.32306
shape_26-1,1,-97.88444,22.32326
shape_26-1,2,-97.88436,22.31969
shape_26-1,3,-97.88434,22.31908
shape_26-1,4,-97.88425,22.31781
shape_26-1,5,-97.88557,22.31786
shape_26-1,6,-97.88572,22.31779
shape_26-1,7,-97.88584,22.31678
shape_26-1,8,-97.88607,22.31622
shape_26-1,9,-97.88671,22.3147
shape_26-1,10,-97.88694,22.31362
shape_26-1,11,-97.88716,22.31197
shape_26-1,12,-97.88735,22.31118
shape_26-1,13,-97.88822,22.30696
shape_26-1,14,-97.89112,22.30671
shape_26-1,15,-97.89138,22.30523
shape_26-1,16,-97.8919,22.30471
shape_26-1,17,-97.89261,22.30525
shape_26-1,18,-97.89551,22.30196
shape_26-1,19,-97.89332,22.30028
shape_26-1,20,-97.89287,22.30002
shape_26-1,21,-97.89209,22.3004
shape_26-1,22,-97.89183,22.30038
shape_26-1,23,-97.89082,22.30187
shape_26-1,24,-97.89053,22.30227
shape_26-1,25,-97.89041,22.30224
shape_26-1,26,-97.89029,22.3025
shape_26-1,27,-97.88921,22.30204
shape_26-1,28,-97.89032,22.3
shape_26-1,29,-97.88973,22.29987
shape_26-1,30,-97.89022,22.29891
shape_26-1,31,-97.88975,22.29806
shape_26-1,32,-97.88905,22.29848
shape_26-1,33,-97.8878,22.29916
shape_26-1,34,-97.88612,22.30193
shape_26-1,35,-97.88542,22.30309
shape_26-1,36,-97.88533,22.30324
shape_26-1,37,-97.88409,22.30287
shape_26-1,38,-97.88505,22.30134
shape_26-1,39,-97.88494,22.30127
shape_26-1,40,-97.88404,22.30126
shape_26-1,41,-97.88398,22.30042
shape_26-1,42,-97.88397,22.30008
shape_26-1,43,-97.88477,22.29882
shape_26-1,44,-97.88492,22.29874
shape_26-1,45,-97.88466,22.29848
shape_26-1,46,-97.88691,22.29691
shape_26-1,47,-97.88634,22.29625
shape_26-1,48,-97.88612,22.29547
shape_26-1,49,-97.88318,22.29518
shape_26-1,50,-97.88205,22.29511
shape_26-1,51,-97.88112,22.29484
shape_26-1,52,-97.88054,22.29456
shape_26-1,53,-97.88017,22.29444
shape_26-1,54,-97.87975,22.29406
shape_26-1,55,-97.87776,22.29294
shape_26-1,56,-97.87639,22.29214
shape_26-1,57,-97.88085,22.28726
shape_26-1,58,-97.88121,22.28736
shape_26-1,59,-97.88074,22.28722
shape_26-1,60,-97.88103,22.2852
shape_26-1,61,-97.88123,22.28512
shape_26-1,62,-97.88254,22.28429
shape_26-1,63,-97.88286,22.28347
shape_26-1,64,-97.88301,22.28335
shape_26-1,65,-97.88261,22.28273
shape_26-1,66,-97.88148,22.28272
shape_26-1,67,-97.88155,22.28069
shape_26-1,68,-97.88155,22.28015
shape_26-1,69,-97.88196,22.27893
shape_26-1,70,-97.8815,22.27896
shape_26-1,71,-97.8808,22.27881
shape_26-1,72,-97.87943,22.27793
shape_26-1,73,-97.87833,22.27683
shape_26-1,74,-97.87784,22.27646
shape_26-1,75,-97.87636,22.27604
shape_26-1,76,-97.87405,22.27545
shape_26-1,77,-97.87439,22.27435
shape_26-1,78,-97.87468,22.27332
shape_26-1,79,-97.87476,22.27248
shape_26-1,80,-97.87403,22.27075
shape_26-1,81,-97.87376,22.26944
shape_26-1,82,-97.87384,22.26735
shape_26-1,83,-97.87447,22.26559
shape_26-1,84,-97.87519,22.26336
shape_26-1,85,-97.87619,22.25956
shape_26-1,86,-97.87561,22.25907
shape_26-1,87,-97.87392,22.25724
shape_26-1,88,-97.87355,22.25619
shape_26-1,89,-97.87353,22.25522
shape_26-1,90,-97.87309,22.25378
shape_26-1,91,-97.87414,22.25348
shape_26-1,92,-97.87267,22.24953
shape_26-1,93,-97.87142,22.24734
shape_26-1,94,-97.86723,22.24942
shape_26-1,95,-97.86765,22.24706
shape_26-1,96,-97.8671,22.24521
shape_26-1,97,-97.86699,22.2444
shape_26-1,98,-97.86702,22.24345
shape_26-1,99,-97.86704,22.24233
shape_26-1,100,-97.8669,22.24124
shape_26-1,101,-97.86641,22.23798
shape_26-1,102,-97.86596,22.23637
shape_26-1,103,-97.86564,22.23537
shape_26-1,104,-97.86479,22.23569
shape_26-1,105,-97.86441,22.23579
shape_26-1,106,-97.8641,22.23616
shape_26-1,107,-97.8603,22.23621
shape_26-1,108,-97.85905,22.23623
shape_26-1,109,-97.85891,22.23624
shape_26-1,110,-97.85727,22.23473
shape_26-1,111,-97.85712,22.23423
shape_26-1,112,-97.85724,22.23371
shape_26-1,113,-97.85814,22.23279
shape_26-1,114,-97.85878,22.23213
shape_26-1,115,-97.85929,22.23154
shape_26-1,116,-97.85965,22.23083
shape_26-1,117,-97.8597,22.23014
shape_26-1,118,-97.85948,22.22923
shape_26-1,119,-97.85911,22.22813
shape_26-1,120,-97.85881,22.22661
shape_26-1,121,-97.85851,22.22589
shape_26-1,122,-97.85786,22.22552
shape_26-1,123,-97.85772,22.2255
shape_26-1,124,-97.85944,22.2219
shape_26-1,125,-97.85416,22.21957
shape_26-1,126,-97.85499,22.218
shape_26-1,127,-97.85499,22.218
shape_26-1,128,-97.85329,22.21723
shape_26-1,129,-97.85145,22.22062
shape_26-1,130,-97.85424,22.2218
shape_26-1,131,-97.85581,22.22185
shape_26-1,132,-97.85666,22.22253
shape_26-1,133,-97.85676,22.22305
shape_26-1,134,-97.85616,22.22456
shape_26-1,135,-97.85676,22.22541
shape_26-1,136,-97.85772,22.2255
shape_26-1,137,-97.85867,22.22354
shape_26-1,138,-97.863,22.22532
shape_26-1,139,-97.86141,22.22874
shape_26-1,140,-97.86134,22.22969
shape_26-1,141,-97.86104,22.23049
shape_26-1,142,-97.86108,22.23254
shape_26-1,143,-97.86325,22.2322
shape_26-1,144,-97.86352,22.2335
shape_26-1,145,-97.8634,22.23415
shape_26-1,146,-97.86364,22.24117
shape_26-1,147,-97.86462,22.24152
shape_26-1,148,-97.86621,22.24124
shape_26-1,149,-97.86648,22.24687
shape_26-1,150,-97.86632,22.24838
shape_26-1,151,-97.86601,22.24994
shape_26-1,152,-97.87051,22.24783
shape_26-1,153,-97.87174,22.24992
shape_26-1,154,-97.87309,22.25378
shape_26-1,155,-97.87353,22.25522
shape_26-1,156,-97.87355,22.25619
shape_26-1,157,-97.87392,22.25724
shape_26-1,158,-97.87561,22.25907
shape_26-1,159,-97.87619,22.25956
shape_26-1,160,-97.87519,22.26336
shape_26-1,161,-97.87447,22.26559
shape_26-1,162,-97.87384,22.26735
shape_26-1,163,-97.87376,22.26944
shape_26-1,164,-97.87403,22.27075
shape_26-1,165,-97.87476,22.27248
shape_26-1,166,-97.87468,22.27332
shape_26-1,167,-97.87439,22.27435
shape_26-1,168,-97.87405,22.27545
shape_26-1,169,-97.87636,22.27604
shape_26-1,170,-97.87784,22.27646
shape_26-1,171,-97.87833,22.27683
shape_26-1,172,-97.87943,22.27793
shape_26-1,173,-97.8808,22.27881
shape_26-1,174,-97.8815,22.27896
shape_26-1,175,-97.88196,22.27893
shape_26-1,176,-97.88155,22.28015
shape_26-1,177,-97.88155,22.28069
shape_26-1,178,-97.88148,22.28272
shape_26-1,179,-97.88261,22.28273
shape_26-1,180,-97.88301,22.28335
shape_26-1,181,-97.88286,22.28347
shape_26-1,182,-97.88254,22.28429
shape_26-1,183,-97.88123,22.28512
shape_26-1,184,-97.88103,22.2852
shape_26-1,185,-97.88074,22.28722
shape_26-1,186,-97.88121,22.28736
shape_26-1,187,-97.88085,22.28726
shape_26-1,188,-97.87639,22.29214
shape_26-1,189,-97.87776,22.29294
shape_26-1,190,-97.87975,22.29406
shape_26-1,191,-97.88017,22.29444
shape_26-1,192,-97.88054,22.29456
shape_26-1,193,-97.88112,22.29484
shape_26-1,194,-97.88205,22.29511
shape_26-1,195,-97.88318,22.29518
shape_26-1,196,-97.88612,22.29547
shape_26-1,197,-97.88634,22.29625
shape_26-1,198,-97.88691,22.29691
shape_26-1,199,-97.88466,22.29848
shape_26-1,200,-97.88492,22.29874
shape_26-1,201,-97.88477,22.29882
shape_26-1,202,-97.88397,22.30008
shape_26-1,203,-97.88398,22.30042
shape_26-1,204,-97.88404,22.30126
shape_26-1,205,-97.88494,22.30127
shape_26-1,206,-97.88505,22.30134
shape_26-1,207,-97.88409,22.30287
shape_26-1,208,-97.88533,22.30324
shape_26-1,209,-97.88542,22.30309
shape_26-1,210,-97.88612,22.30193
shape_26-1,211,-97.8878,22.29916
shape_26-1,212,-97.88905,22.29848
shape_26-1,213,-97.88975,22.29806
shape_26-1,214,-97.89022,22.29891
shape_26-1,215,-97.88973,22.29987
shape_26-1,216,-97.89032,22.3
shape_26-1,217,-97.88921,22.30204
shape_26-1,218,-97.89029,22.3025
shape_26-1,219,-97.89041,22.30224
shape_26-1,220,-97.89053,22.30227
shape_26-1,221,-97.89082,22.30187
shape_26-1,222,-97.89183,22.30038
shape_26-1,223,-97.89209,22.3004
shape_26-1,224,-97.89287,22.30002
shape_26-1,225,-97.89332,22.30028
shape_26-1,226,-97.89551,22.30196
shape_26-1,227,-97.89261,22.30525
shape_26-1,228,-97.8919,22.30471
shape_26-1,229,-97.89138,22.30523
shape_26-1,230,-97.89112,22.30671
shape_26-1,231,-97.88822,22.30696
shape_26-1,232,-97.88735,22.31118
shape_26-1,233,-97.88716,22.31197
shape_26-1,234,-97.88694,22.31362
shape_26-1,235,-97.88671,22.3147
shape_26-1,236,-97.88607,22.31622
shape_26-1,237,-97.88584,22.31678
shape_26-1,238,-97.8855,22.31733
shape_26-1,239,-97.88479,22.31735
shape_26-1,240,-97.88337,22.31735
shape_26-1,241,-97.88248,22.31737
shape_26-1,242,-97.88249,22.31788
shape_26-1,243,-97.88269,22.32307
shape_51-1,0,-97.85731,22.33503
shape_51-1,1,-97.86384,22.33276
shape_51-1,2,-97.86768,22.34204
shape_51-1,3,-97.86865,22.34167
shape_51-1,4,-97.86443,22.33157
shape_51-1,5,-97.86815,22.33025
shape_51-1,6,-97.86859,22.33128
shape_51-1,7,-97.87324,22.32964
shape_51-1,8,-97.87256,22.3274
shape_51-1,9,-97.87216,22.32646
shape_51-1,10,-97.8707,22.32448
shape_51-1,11,-97.87007,22.32367
shape_51-1,12,-97.86956,22.32157
shape_51-1,13,-97.86845,22.31702
shape_51-1,14,-97.86906,22.30719
shape_51-1,15,-97.86376,22.3071
shape_51-1,16,-97.86315,22.30734
shape_51-1,17,-97.86266,22.30625
shape_51-1,18,-97.86156,22.30354
shape_51-1,19,-97.85761,22.30497
shape_51-1,20,-97.8544,22.29716
shape_51-1,21,-97.85246,22.29252
shape_51-1,22,-97.84984,22.28578
shape_51-1,23,-97.84531,22.27471
shape_51-1,24,-97.84568,22.27431
shape_51-1,25,-97.85304,22.2551
shape_51-1,26,-97.85426,22.25157
shape_51-1,27,-97.85492,22.25059
shape_51-1,28,-97.85462,22.24797
shape_51-1,29,-97.8552,22.247
shape_51-1,30,-97.85537,22.24327
shape_51-1,31,-97.85512,22.24225
shape_51-1,32,-97.85402,22.24078
shape_51-1,33,-97.85323,22.23878
shape_51-1,34,-97.85261,22.23804
shape_51-1,35,-97.84982,22.23709
shape_51-1,36,-97.84879,22.23492
shape_51-1,37,-97.8478,22.2325
shape_51-1,38,-97.84666,22.23073
shape_51-1,39,-97.84679,22.22928
shape_51-1,40,-97.85604,22.21206
shape_51-1,41,-97.85777,22.2127
shape_51-1,42,-97.85799,22.21218
shape_51-1,43,-97.85799,22.21218
shape_51-1,44,-97.85777,22.2127
shape_51-1,45,-97.85694,22.21242
shape_51-1,46,-97.85672,22.21283
shape_51-1,47,-97.85582,22.21244
shape_51-1,48,-97.8549,22.21233
shape_51-1,49,-97.85241,22.2168
shape_51-1,50,-97.8533,22.21723
shape_51-1,51,-97.84679,22.22928
shape_51-1,52,-97.84666,22.23073
shape_51-1,53,-97.84776,22.23234
shape_51-1,54,-97.84819,22.23329
shape_51-1,55,-97.84879,22.23492
shape_51-1,56,-97.84982,22.23709
shape_51-1,57,-97.85261,22.23804
shape_51-1,58,-97.85323,22.23878
shape_51-1,59,-97.85402,22.24078
shape_51-1,60,-97.85512,22.24225
shape_51-1,61,-97.85537,22.24327
shape_51-1,62,-97.8552,22.247
shape_51-1,63,-97.85462,22.24797
shape_51-1,64,-97.85492,22.25059
shape_51-1,65,-97.85426,22.25157
shape_51-1,66,-97.85304,22.2551
shape_51-1,67,-97.84568,22.27431
shape_51-1,68,-97.84563,22.2745
shape_51-1,69,-97.84984,22.28578
shape_51-1,70,-97.85295,22.29219
shape_51-1,71,-97.85256,22.29263
shape_51-1,72,-97.8544,22.29716
shape_51-1,73,-97.85761,22.30497
shape_51-1,74,-97.86156,22.30354
shape_51-1,75,-97.86266,22.30625
shape_51-1,76,-97.86315,22.30734
shape_51-1,77,-97.86376,22.3071
shape_51-1,78,-97.86906,22.30719
shape_51-1,79,-97.86845,22.31702
shape_51-1,80,-97.86956,22.32157
shape_51-1,81,-97.87007,22.32367
shape_51-1,82,-97.8707,22.32448
shape_51-1,83,-97.87216,22.32646
shape_51-1,84,-97.87256,22.3274
shape_51-1,85,-97.87324,22.32964
shape_51-1,86,-97.86859,22.33128
shape_51-1,87,-97.86815,22.33025
shape_51-1,88,-97.86443,22.33157
shape_51-1,89,-97.86865,22.34167
shape_51-1,90,-97.86768,22.34204
shape_51-1,91,-97.86387,22.33281
shape_51-1,92,-97.85737,22.33513
shape_42-1,0,-97.88942,22.31387
shape_42-1,1,-97.8896,22.31331
shape_42-1,2,-97.88986,22.31187
shape_42-1,3,-97.88214,22.31207
shape_42-1,4,-97.88207,22.30843
shape_42-1,5,-97.88062,22.30862
shape_42-1,6,-97.87649,22.30884
shape_42-1,7,-97.87381,22.30899
shape_42-1,8,-97.86899,22.30875
shape_42-1,9,-97.86904,22.30719
shape_42-1,10,-97.86378,22.3071
shape_42-1,11,-97.86315,22.30734
shape_42-1,12,-97.86153,22.30355
shape_42-1,13,-97.85761,22.30496
shape_42-1,14,-97.85618,22.30172
shape_42-1,15,-97.85368,22.30265
shape_42-1,16,-97.85167,22.29772
shape_42-1,17,-97.85424,22.29678
shape_42-1,18,-97.85525,22.29934
shape_42-1,19,-97.85735,22.29865
shape_42-1,20,-97.85517,22.2935
shape_42-1,21,-97.85368,22.29411
shape_42-1,22,-97.85294,22.29223
shape_42-1,23,-97.85398,22.28714
shape_42-1,24,-97.85422,22.28568
shape_42-1,25,-97.8542,22.28359
shape_42-1,26,-97.85397,22.28248
shape_42-1,27,-97.85404,22.28027
shape_42-1,28,-97.85483,22.27815
shape_42-1,29,-97.85466,22.27854
shape_42-1,30,-97.85042,22.27789
shape_42-1,31,-97.85201,22.27386
shape_42-1,32,-97.85206,22.27297
shape_42-1,33,-97.85316,22.27034
shape_42-1,34,-97.85564,22.27116
shape_42-1,35,-97.85876,22.26252
shape_42-1,36,-97.85917,22.26107
shape_42-1,37,-97.85813,22.26077
shape_42-1,38,-97.85702,22.26061
shape_42-1,39,-97.8561,22.26031
shape_42-1,40,-97.85667,22.25895
shape_42-1,41,-97.85688,22.25822
shape_42-1,42,-97.85692,22.25722
shape_42-1,43,-97.85775,22.25566
shape_42-1,44,-97.85808,22.25526
shape_42-1,45,-97.85821,22.25213
shape_42-1,46,-97.85752,22.2465
shape_42-1,47,-97.85516,22.24531
shape_42-1,48,-97.85535,22.2434
shape_42-1,49,-97.85495,22.24205
shape_42-1,50,-97.85806,22.24037
shape_42-1,51,-97.85896,22.23659
shape_42-1,52,-97.85746,22.2349
shape_42-1,53,-97.85692,22.23389
shape_42-1,54,-97.85947,22.23113
shape_42-1,55,-97.85967,22.23002
shape_42-1,56,-97.85855,22.22585
shape_42-1,57,-97.85758,22.22551
shape_42-1,58,-97.85942,22.2219
shape_42-1,59,-97.85585,22.22031
shape_42-1,60,-97.85919,22.21404
shape_42-1,61,-97.85832,22.21357
shape_42-1,62,-97.85403,22.2217
shape_42-1,63,-97.85445,22.2218
shape_42-1,64,-97.85572,22.22185
shape_42-1,65,-97.85645,22.22224
shape_42-1,66,-97.85671,22.22277
shape_42-1,67,-97.85608,22.22426
shape_42-1,68,-97.85626,22.22483
shape_42-1,69,-97.85668,22.22545
shape_42-1,70,-97.85758,22.22551
shape_42-1,71,-97.85758,22.22551
shape_42-1,72,-97.85668,22.22545
shape_42-1,73,-97.85626,22.22483
shape_42-1,74,-97.85608,22.22426
shape_42-1,75,-97.85671,22.22277
shape_42-1,76,-97.85645,22.22224
shape_42-1,77,-97.85572,22.22185
shape_42-1,78,-97.85445,22.2218
shape_42-1,79,-97.85403,22.2217
shape_42-1,80,-97.85832,22.21357
shape_42-1,81,-97.85919,22.21404
shape_42-1,82,-97.85585,22.22031
shape_42-1,83,-97.85942,22.2219
shape_42-1,84,-97.85758,22.22551
shape_42-1,85,-97.85855,22.22585
shape_42-1,86,-97.85967,22.23002
shape_42-1,87,-97.85947,22.23113
shape_42-1,88,-97.85692,22.23389
shape_42-1,89,-97.85746,22.2349
shape_42-1,90,-97.85896,22.23659
shape_42-1,91,-97.85806,22.24037
shape_42-1,92,-97.85495,22.24205
shape_42-1,93,-97.85535,22.2434
shape_42-1,94,-97.85516,22.24531
shape_42-1,95,-97.85752,22.2465
shape_42-1,96,-97.85821,22.25213
shape_42-1,97,-97.85808,22.25526
shape_42-1,98,-97.85775,22.25566
shape_42-1,99,-97.85692,22.25722
shape_42-1,100,-97.85688,22.25822
shape_42-1,101,-97.85667,22.25895
shape_42-1,102,-97.8561,22.26031
shape_42-1,103,-97.85702,22.26061
shape_42-1,104,-97.85813,22.26077
shape_42-1,105,-97.85917,22.26107
shape_42-1,106,-97.85876,22.26252
shape_42-1,107,-97.85564,22.27116
shape_42-1,108,-97.85316,22.27034
shape_42-1,109,-97.85206,22.27297
shape_42-1,110,-97.85201,22.27386
shape_42-1,111,-97.85042,22.27789
shape_42-1,112,-97.85466,22.27854
shape_42-1,113,-97.85483,22.27815
shape_42-1,114,-97.85404,22.28027
shape_42-1,115,-97.85397,22.28248
shape_42-1,116,-97.8542,22.28359
shape_42-1,117,-97.85422,22.28568
shape_42-1,118,-97.85398,22.28714
shape_42-1,119,-97.85294,22.29223
shape_42-1,120,-97.85368,22.29411
shape_42-1,121,-97.85517,22.2935
shape_42-1,122,-97.85735,22.29865
shape_42-1,123,-97.85525,22.29934
shape_42-1,124,-97.85424,22.29678
shape_42-1,125,-97.85167,22.29772
shape_42-1,126,-97.85368,22.30265
shape_42-1,127,-97.85618,22.30172
shape_42-1,128,-97.85761,22.30496
shape_42-1,129,-97.86153,22.30355
shape_42-1,130,-97.86315,22.30734
shape_42-1,131,-97.86378,22.3071
shape_42-1,132,-97.86904,22.30719
shape_42-1,133,-97.86887,22.31082
shape_42-1,134,-97.87366,22.31088
shape_42-1,135,-97.87593,22.31092
shape_42-1,136,-97.87818,22.31082
shape_42-1,137,-97.8805,22.31062
shape_42-1,138,-97.88222,22.31052
shape_42-1,139,-97.88214,22.31207
shape_42-1,140,-97.88986,22.31187
shape_42-1,141,-97.8896,22.31331
shape_115-1,0,-97.93375,22.39347
shape_115-1,1,-97.93341,22.39525
shape_115-1,2,-97.9319,22.39392
shape_115-1,3,-97.92979,22.39188
shape_115-1,4,-97.92849,22.39144
shape_115-1,5,-97.92437,22.39059
shape_115-1,6,-97.92355,22.39041
shape_115-1,7,-97.9226,22.38986
shape_115-1,8,-97.92198,22.38883
shape_115-1,9,-97.92106,22.38779
shape_115-1,10,-97.91987,22.38703
shape_115-1,11,-97.91895,22.38671
shape_115-1,12,-97.91538,22.38322
shape_115-1,13,-97.91522,22.38333
shape_115-1,14,-97.91522,22.38348
shape_115-1,15,-97.91471,22.38369
shape_115-1,16,-97.91426,22.38459
shape_115-1,17,-97.9133,22.3865
shape_115-1,18,-97.91247,22.38723
shape_115-1,19,-97.91416,22.38913
shape_115-1,20,-97.91448,22.39006
shape_115-1,21,-97.9145,22.39069
shape_115-1,22,-97.91418,22.39289
shape_115-1,23,-97.91151,22.3922
shape_115-1,24,-97.91102,22.39545
shape_115-1,25,-97.91224,22.39565
shape_115-1,26,-97.9118,22.39879
shape_115-1,27,-97.91006,22.39853
shape_115-1,28,-97.91057,22.39535
shape_115-1,29,-97.91075,22.3942
shape_115-1,30,-97.91053,22.39337
shape_115-1,31,-97.90969,22.39225
shape_115-1,32,-97.91177,22.39052
shape_115-1,33,-97.91051,22.38927
shape_115-1,34,-97.9099,22.3894
shape_115-1,35,-97.90669,22.3921
shape_115-1,36,-97.90272,22.39541
shape_115-1,37,-97.90164,22.39634
shape_115-1,38,-97.90098,22.39676
shape_115-1,39,-97.90007,22.39698
shape_115-1,40,-97.89878,22.39689
shape_115-1,41,-97.89348,22.39552
shape_115-1,42,-97.88805,22.39563
shape_115-1,43,-97.88389,22.39591
shape_115-1,44,-97.88441,22.39212
shape_115-1,45,-97.88488,22.39113
shape_115-1,46,-97.88507,22.38994
shape_115-1,47,-97.88417,22.38689
shape_115-1,48,-97.88473,22.38341
shape_115-1,49,-97.88402,22.38298
shape_115-1,50,-97.88492,22.37564
shape_115-1,51,-97.88454,22.3752
shape_115-1,52,-97.87273,22.37359
shape_115-1,53,-97.87325,22.3721
shape_115-1,54,-97.87357,22.37125
shape_115-1,55,-97.8746,22.37046
shape_115-1,56,-97.87557,22.37115
shape_115-1,57,-97.8766,22.37254
shape_115-1,58,-97.87855,22.37278
shape_115-1,59,-97.87984,22.37392
shape_115-1,60,-97.88222,22.37176
shape_115-1,61,-97.88278,22.37117
shape_115-1,62,-97.88398,22.37017
shape_115-1,63,-97.88509,22.37134
shape_115-1,64,-97.88547,22.37153
shape_115-1,65,-97.88569,22.37123
shape_115-1,66,-97.88597,22.36819
shape_115-1,67,-97.8864,22.36771
shape_115-1,68,-97.88698,22.36736
shape_115-1,69,-97.88776,22.36179
shape_115-1,70,-97.88273,22.36119
shape_115-1,71,-97.8825,22.36325
shape_115-1,72,-97.88328,22.36474
shape_115-1,73,-97.88312,22.36485
shape_115-1,74,-97.88346,22.36539
shape_115-1,75,-97.88195,22.36628
shape_115-1,76,-97.8828,22.36747
shape_115-1,77,-97.88004,22.36917
shape_115-1,78,-97.87942,22.36953
shape_115-1,79,-97.87807,22.3681
shape_115-1,80,-97.87563,22.36983
shape_115-1,81,-97.87538,22.36955
shape_115-1,82,-97.8739,22.3706
shape_115-1,83,-97.87291,22.36943
shape_115-1,84,-97.87577,22.36743
shape_115-1,85,-97.87373,22.36492
shape_115-1,86,-97.87478,22.36416
shape_115-1,87,-97.87826,22.36772
shape_115-1,88,-97.87826,22.36772
shape_115-1,89,-97.87478,22.36416
shape_115-1,90,-97.87373,22.36492
shape_115-1,91,-97.87577,22.36743
shape_115-1,92,-97.87291,22.36943
shape_115-1,93,-97.8739,22.3706
shape_115-1,94,-97.87538,22.36955
shape_115-1,95,-97.87563,22.36983
shape_115-1,96,-97.87807,22.3681
shape_115-1,97,-97.87942,22.36953
shape_115-1,98,-97.88004,22.36917
shape_115-1,99,-97.8828,22.36747
shape_115-1,100,-97.88195,22.36628
shape_115-1,101,-97.88346,22.36539
shape_115-1,102,-97.88312,22.36485
shape_115-1,103,-97.88328,22.36474
shape_115-1,104,-97.8825,22.36325
shape_115-1,105,-97.88273,22.36119
shape_115-1,106,-97.88776,22.36179
shape_115-1,107,-97.88698,22.36736
shape_115-1,108,-97.8864,22.36771
shape_115-1,109,-97.88597,22.36819
shape_115-1,110,-97.88569,22.37123
shape_115-1,111,-97.88547,22.37153
shape_115-1,112,-97.88509,22.37134
shape_115-1,113,-97.88398,22.37017
shape_115-1,114,-97.88278,22.37117
shape_115-1,115,-97.88222,22.37176
shape_115-1,116,-97.87984,22.37392
shape_115-1,117,-97.87855,22.37278
shape_115-1,118,-97.8766,22.37254
shape_115-1,119,-97.87557,22.37115
shape_115-1,120,-97.8746,22.37046
shape_115-1,121,-97.87357,22.37125
shape_115-1,122,-97.87325,22.3721
shape_115-1,123,-97.87273,22.37359
shape_115-1,124,-97.88454,22.3752
shape_115-1,125,-97.88492,22.37564
shape_115-1,126,-97.88402,22.38298
shape_115-1,127,-97.88473,22.38341
shape_115-1,128,-97.88417,22.38689
shape_115-1,129,-97.88507,22.38994
shape_115-1,130,-97.88488,22.39113
shape_115-1,131,-97.88441,22.39212
shape_115-1,132,-97.88389,22.39591
shape_115-1,133,-97.88805,22.39563
shape_115-1,134,-97.89348,22.39552
shape_115-1,135,-97.89878,22.39689
shape_115-1,136,-97.90007,22.39698
shape_115-1,137,-97.90098,22.39676
shape_115-1,138,-97.90164,22.39634
shape_115-1,139,-97.90272,22.39541
shape_115-1,140,-97.90669,22.3921
shape_115-1,141,-97.9099,22.3894
shape_115-1,142,-97.91051,22.38927
shape_115-1,143,-97.91177,22.39052
shape_115-1,144,-97.90969,22.39225
shape_115-1,145,-97.91053,22.39337
shape_115-1,146,-97.91075,22.3942
shape_115-1,147,-97.91057,22.39535
shape_115-1,148,-97.91006,22.39853
shape_115-1,149,-97.9118,22.39879
shape_115-1,150,-97.91224,22.39565
shape_115-1,151,-97.91102,22.39545
shape_115-1,152,-97.91151,22.3922
shape_115-1,153,-97.91418,22.39289
shape_115-1,154,-97.9145,22.39069
shape_115-1,155,-97.91448,22.39006
shape_115-1,156,-97.91416,22.38913
shape_115-1,157,-97.91247,22.38723
shape_115-1,158,-97.9133,22.3865
shape_115-1,159,-97.91426,22.38459
shape_115-1,160,-97.91471,22.38369
shape_115-1,161,-97.91522,22.38348
shape_115-1,162,-97.91522,22.38333
shape_115-1,163,-97.91538,22.38322
shape_115-1,164,-97.91895,22.38671
shape_115-1,165,-97.91987,22.38703
shape_115-1,166,-97.92106,22.38779
shape_115-1,167,-97.92198,22.38883
shape_115-1,168,-97.9226,22.38986
shape_115-1,169,-97.92355,22.39041
shape_115-1,170,-97.92437,22.39059
shape_115-1,171,-97.92849,22.39144
shape_115-1,172,-97.92979,22.39188
shape_115-1,173,-97.9319,22.39392
shape_115-1,174,-97.93331,22.39525
shape_115-1,175,-97.93428,22.39557
shape_115-1,176,-97.93464,22.39364
shape_115-1,177,-97.93376,22.39348
shape_45-1,0,-97.83783,22.29167
shape_45-1,1,-97.83829,22.29303
shape_45-1,2,-97.84026,22.29246
shape_45-1,3,-97.84105,22.29469
shape_45-1,4,-97.84102,22.2948
shape_45-1,5,-97.84118,22.29522
shape_45-1,6,-97.84323,22.29465
shape_45-1,7,-97.84323,22.29499
shape_45-1,8,-97.84473,22.29487
shape_45-1,9,-97.84447,22.29207
shape_45-1,10,-97.85205,22.29146
shape_45-1,11,-97.85317,22.29427
shape_45-1,12,-97.85519,22.29354
shape_45-1,13,-97.85752,22.29909
shape_45-1,14,-97.85542,22.29984
shape_45-1,15,-97.8542,22.29679
shape_45-1,16,-97.85166,22.29775
shape_45-1,17,-97.85511,22.30611
shape_45-1,18,-97.8577,22.3051
shape_45-1,19,-97.85767,22.3049
shape_45-1,20,-97.86156,22.30358
shape_45-1,21,-97.86316,22.30733
shape_45-1,22,-97.86378,22.3071
shape_45-1,23,-97.86906,22.30721
shape_45-1,24,-97.86892,22.3107
shape_45-1,25,-97.87518,22.31099
shape_45-1,26,-97.88043,22.31059
shape_45-1,27,-97.88145,22.30748
shape_45-1,28,-97.88173,22.30567
shape_45-1,29,-97.88157,22.30438
shape_45-1,30,-97.87649,22.29622
shape_45-1,31,-97.87327,22.2911
shape_45-1,32,-97.87299,22.28941
shape_45-1,33,-97.87299,22.28787
shape_45-1,34,-97.87394,22.2854
shape_45-1,35,-97.87374,22.28391
shape_45-1,36,-97.87288,22.28209
shape_45-1,37,-97.87351,22.27659
shape_45-1,38,-97.87473,22.2728
shape_45-1,39,-97.87368,22.26916
shape_45-1,40,-97.87381,22.2669
shape_45-1,41,-97.87488,22.26455
shape_45-1,42,-97.87604,22.25955
shape_45-1,43,-97.87664,22.25717
shape_45-1,44,-97.87628,22.25393
shape_45-1,45,-97.87411,22.24819
shape_45-1,46,-97.8719,22.24406
shape_45-1,47,-97.86758,22.23427
shape_45-1,48,-97.86437,22.22553
shape_45-1,49,-97.86342,22.22348
shape_45-1,50,-97.86327,22.22132
shape_45-1,51,-97.86323,22.22058
shape_45-1,52,-97.86271,22.21945
shape_45-1,53,-97.85666,22.21673
shape_45-1,54,-97.85666,22.21673
shape_45-1,55,-97.85629,22.21754
shape_45-1,56,-97.86233,22.22023
shape_45-1,57,-97.86323,22.22058
shape_45-1,58,-97.86327,22.22132
shape_45-1,59,-97.86342,22.22348
shape_45-1,60,-97.86437,22.22553
shape_45-1,61,-97.86758,22.23427
shape_45-1,62,-97.8719,22.24406
shape_45-1,63,-97.87411,22.24819
shape_45-1,64,-97.87628,22.25393
shape_45-1,65,-97.87664,22.25717
shape_45-1,66,-97.87604,22.25955
shape_45-1,67,-97.87488,22.26455
shape_45-1,68,-97.87381,22.2669
shape_45-1,69,-97.87368,22.26916
shape_45-1,70,-97.87473,22.2728
shape_45-1,71,-97.87351,22.27659
shape_45-1,72,-97.87288,22.28209
shape_45-1,73,-97.87374,22.28391
shape_45-1,74,-97.87394,22.2854
shape_45-1,75,-97.87299,22.28787
shape_45-1,76,-97.87299,22.28941
shape_45-1,77,-97.87327,22.2911
shape_45-1,78,-97.87649,22.29622
shape_45-1,79,-97.88157,22.30438
shape_45-1,80,-97.88173,22.30567
shape_45-1,81,-97.88145,22.30748
shape_45-1,82,-97.88106,22.30861
shape_45-1,83,-97.87509,22.30893
shape_45-1,84,-97.86902,22.30875
shape_45-1,85,-97.86906,22.30721
shape_45-1,86,-97.86378,22.3071
shape_45-1,87,-97.86316,22.30733
shape_45-1,88,-97.86156,22.30358
shape_45-1,89,-97.85767,22.3049
shape_45-1,90,-97.8577,22.3051
shape_45-1,91,-97.85511,22.30611
shape_45-1,92,-97.85166,22.29775
shape_45-1,93,-97.8542,22.29679
shape_45-1,94,-97.85542,22.29984
shape_45-1,95,-97.85752,22.29909
shape_45-1,96,-97.85519,22.29354
shape_45-1,97,-97.85317,22.29427
shape_45-1,98,-97.85258,22.29257
shape_45-1,99,-97.85293,22.29222
shape_45-1,100,-97.85083,22.28706
shape_45-1,101,-97.85048,22.28723
shape_45-1,102,-97.85099,22.28882
shape_45-1,103,-97.85205,22.2915
shape_45-1,104,-97.84447,22.29207
shape_45-1,105,-97.84473,22.29487
shape_45-1,106,-97.84323,22.29499
shape_45-1,107,-97.84323,22.29465
shape_45-1,108,-97.84118,22.29522
shape_45-1,109,-97.84102,22.2948
shape_45-1,110,-97.84105,22.29469
shape_45-1,111,-97.83984,22.29113
shape_45-1,112,-97.83783,22.29169
shape_45-1,113,-97.83829,22.29303
shape_23-1,0,-97.85912,22.32382
shape_23-1,1,-97.8584,22.32213
shape_23-1,2,-97.85795,22.32232
shape_23-1,3,-97.85668,22.32275
shape_23-1,4,-97.85633,22.32186
shape_23-1,5,-97.85588,22.32187
shape_23-1,6,-97.85448,22.31783
shape_23-1,7,-97.85541,22.31759
shape_23-1,8,-97.85537,22.31728
shape_23-1,9,-97.85503,22.31646
shape_23-1,10,-97.85491,22.31598
shape_23-1,11,-97.85428,22.31414
shape_23-1,12,-97.85301,22.31052
shape_23-1,13,-97.85166,22.30737
shape_23-1,14,-97.8551,22.30615
shape_23-1,15,-97.85367,22.30261
shape_23-1,16,-97.85629,22.30172
shape_23-1,17,-97.85764,22.30494
shape_23-1,18,-97.86419,22.30263
shape_23-1,19,-97.86909,22.30335
shape_23-1,20,-97.86892,22.31071
shape_23-1,21,-97.87512,22.31098
shape_23-1,22,-97.88053,22.3106
shape_23-1,23,-97.88185,22.30615
shape_23-1,24,-97.88178,22.30487
shape_23-1,25,-97.87954,22.30082
shape_23-1,26,-97.87667,22.2963
shape_23-1,27,-97.8741,22.29225
shape_23-1,28,-97.87341,22.29119
shape_23-1,29,-97.87316,22.29002
shape_23-1,30,-97.87272,22.28944
shape_23-1,31,-97.87052,22.2881
shape_23-1,32,-97.86763,22.28608
shape_23-1,33,-97.8653,22.2842
shape_23-1,34,-97.8631,22.28142
shape_23-1,35,-97.86077,22.27932
shape_23-1,36,-97.85633,22.27559
shape_23-1,37,-97.85806,22.27115
shape_23-1,38,-97.8589,22.26901
shape_23-1,39,-97.85949,22.26695
shape_23-1,40,-97.85993,22.26534
shape_23-1,41,-97.86056,22.26336
shape_23-1,42,-97.86129,22.26212
shape_23-1,43,-97.86214,22.26032
shape_23-1,44,-97.86285,22.25927
shape_23-1,45,-97.86345,22.25826
shape_23-1,46,-97.86395,22.25726
shape_23-1,47,-97.8644,22.25623
shape_23-1,48,-97.86473,22.25511
shape_23-1,49,-97.86474,22.25456
shape_23-1,50,-97.86563,22.25319
shape_23-1,51,-97.86685,22.25087
shape_23-1,52,-97.86724,22.24938
shape_23-1,53,-97.86758,22.24753
shape_23-1,54,-97.86766,22.24705
shape_23-1,55,-97.86712,22.24523
shape_23-1,56,-97.86699,22.2444
shape_23-1,57,-97.86707,22.24272
shape_23-1,58,-97.8663,22.23717
shape_23-1,59,-97.86505,22.23353
shape_23-1,60,-97.86413,22.23022
shape_23-1,61,-97.865,22.23357
shape_23-1,62,-97.86097,22.23371
shape_23-1,63,-97.86114,22.23166
shape_23-1,64,-97.86147,22.22883
shape_23-1,65,-97.85906,22.22787
shape_23-1,66,-97.85847,22.22581
shape_23-1,67,-97.85724,22.22541
shape_23-1,68,-97.85658,22.22523
shape_23-1,69,-97.85616,22.22461
shape_23-1,70,-97.85664,22.22336
shape_23-1,71,-97.85666,22.22245
shape_23-1,72,-97.85613,22.22195
shape_23-1,73,-97.85472,22.22178
shape_23-1,74,-97.85324,22.22126
shape_23-1,75,-97.85541,22.21718
shape_23-1,76,-97.85802,22.21833
shape_23-1,77,-97.85613,22.22195
shape_23-1,78,-97.85613,22.22195
shape_23-1,79,-97.85802,22.21833
shape_23-1,80,-97.85541,22.21718
shape_23-1,81,-97.85324,22.22126
shape_23-1,82,-97.85472,22.22178
shape_23-1,83,-97.85613,22.22195
shape_23-1,84,-97.85666,22.22245
shape_23-1,85,-97.85664,22.22336
shape_23-1,86,-97.85616,22.22461
shape_23-1,87,-97.85658,22.22523
shape_23-1,88,-97.85724,22.22541
shape_23-1,89,-97.85847,22.22581
shape_23-1,90,-97.85906,22.22787
shape_23-1,91,-97.86147,22.22883
shape_23-1,92,-97.86105,22.23047
shape_23-1,93,-97.86114,22.23166
shape_23-1,94,-97.86107,22.2325
shape_23-1,95,-97.8619,22.23256
shape_23-1,96,-97.86313,22.23221
shape_23-1,97,-97.86347,22.23304
shape_23-1,98,-97.86361,22.23352
shape_23-1,99,-97.86343,22.23365
shape_23-1,100,-97.86363,22.24041
shape_23-1,101,-97.86358,22.24117
shape_23-1,102,-97.86419,22.24118
shape_23-1,103,-97.8645,22.24152
shape_23-1,104,-97.86623,22.24124
shape_23-1,105,-97.86643,22.24443
shape_23-1,106,-97.8665,22.24689
shape_23-1,107,-97.86649,22.24761
shape_23-1,108,-97.86601,22.24994
shape_23-1,109,-97.86331,22.25074
shape_23-1,110,-97.8633,22.25279
shape_23-1,111,-97.8648,22.25308
shape_23-1,112,-97.86474,22.25456
shape_23-1,113,-97.86473,22.25511
shape_23-1,114,-97.8644,22.25623
shape_23-1,115,-97.86395,22.25726
shape_23-1,116,-97.86345,22.25826
shape_23-1,117,-97.86285,22.25927
shape_23-1,118,-97.86214,22.26032
shape_23-1,119,-97.86129,22.26212
shape_23-1,120,-97.86056,22.26336
shape_23-1,121,-97.85993,22.26534
shape_23-1,122,-97.85949,22.26695
shape_23-1,123,-97.8589,22.26901
shape_23-1,124,-97.85806,22.27115
shape_23-1,125,-97.85633,22.27559
shape_23-1,126,-97.86077,22.27932
shape_23-1,127,-97.8631,22.28142
shape_23-1,128,-97.8653,22.2842
shape_23-1,129,-97.86763,22.28608
shape_23-1,130,-97.87052,22.2881
shape_23-1,131,-97.87272,22.28944
shape_23-1,132,-97.87316,22.29002
shape_23-1,133,-97.87341,22.29119
shape_23-1,134,-97.8741,22.29225
shape_23-1,135,-97.87667,22.2963
shape_23-1,136,-97.87954,22.30082
shape_23-1,137,-97.88178,22.30487
shape_23-1,138,-97.88185,22.30615
shape_23-1,139,-97.88053,22.3106
shape_23-1,140,-97.87512,22.31098
shape_23-1,141,-97.86892,22.31071
shape_23-1,142,-97.86909,22.30335
shape_23-1,143,-97.86419,22.30263
shape_23-1,144,-97.85764,22.30494
shape_23-1,145,-97.85629,22.30172
shape_23-1,146,-97.85367,22.30261
shape_23-1,147,-97.8551,22.30615
shape_23-1,148,-97.85166,22.30737
shape_23-1,149,-97.85301,22.31052
shape_23-1,150,-97.85428,22.31414
shape_23-1,151,-97.85491,22.31598
shape_23-1,152,-97.85503,22.31646
shape_23-1,153,-97.85537,22.31728
shape_23-1,154,-97.85541,22.31759
shape_23-1,155,-97.85448,22.31783
shape_23-1,156,-97.85588,22.32187
shape_23-1,157,-97.85633,22.32186
shape_23-1,158,-97.85668,22.32275
shape_23-1,159,-97.85795,22.32232
shape_23-1,160,-97.8584,22.32213
shape_5-1,0,-97.86034,22.32433
shape_5-1,1,-97.85994,22.3235
shape_5-1,2,-97.86194,22.32284
shape_5-1,3,-97.86237,22.32367
shape_5-1,4,-97.86235,22.32335
shape_5-1,5,-97.86318,22.32309
shape_5-1,6,-97.86394,22.32502
shape_5-1,7,-97.86468,22.32667
shape_5-1,8,-97.86671,22.3317
shape_5-1,9,-97.86709,22.33249
shape_5-1,10,-97.86698,22.33257
shape_5-1,11,-97.86636,22.33084
shape_5-1,12,-97.86859,22.33011
shape_5-1,13,-97.869,22.33112
shape_5-1,14,-97.8732,22.32968
shape_5-1,15,-97.8737,22.33143
shape_5-1,16,-97.87382,22.3312
shape_5-1,17,-97.87263,22.32759
shape_5-1,18,-97.87218,22.32648
shape_5-1,19,-97.87009,22.32376
shape_5-1,20,-97.86954,22.32157
shape_5-1,21,-97.87441,22.32167
shape_5-1,22,-97.87344,22.31739
shape_5-1,23,-97.87241,22.31715
shape_5-1,24,-97.87291,22.30885
shape_5-1,25,-97.87387,22.30901
shape_5-1,26,-97.88112,22.30857
shape_5-1,27,-97.88177,22.30565
shape_5-1,28,-97.88089,22.30317
shape_5-1,29,-97.8784,22.2992
shape_5-1,30,-97.87336,22.29118
shape_5-1,31,-97.87299,22.28854
shape_5-1,32,-97.87376,22.28574
shape_5-1,33,-97.87402,22.28423
shape_5-1,34,-97.87297,22.28195
shape_5-1,35,-97.87404,22.27556
shape_5-1,36,-97.87477,22.27278
shape_5-1,37,-97.87368,22.26956
shape_5-1,38,-97.87406,22.26626
shape_5-1,39,-97.87505,22.264
shape_5-1,40,-97.87621,22.25959
shape_5-1,41,-97.87396,22.25729
shape_5-1,42,-97.86394,22.25721
shape_5-1,43,-97.8605,22.26338
shape_5-1,44,-97.85876,22.26249
shape_5-1,45,-97.85677,22.26217
shape_5-1,46,-97.85267,22.26078
shape_5-1,47,-97.85415,22.25681
shape_5-1,48,-97.83431,22.24628
shape_5-1,49,-97.83476,22.24555
shape_5-1,50,-97.83628,22.24636
shape_5-1,51,-97.83703,22.24676
shape_5-1,52,-97.83759,22.24624
shape_5-1,53,-97.85171,22.25411
shape_5-1,54,-97.85011,22.25463
shape_5-1,55,-97.85011,22.25463
shape_5-1,56,-97.85171,22.25411
shape_5-1,57,-97.83759,22.24624
shape_5-1,58,-97.83703,22.24676
shape_5-1,59,-97.83628,22.24636
shape_5-1,60,-97.83476,22.24555
shape_5-1,61,-97.83431,22.24628
shape_5-1,62,-97.85014,22.25465
shape_5-1,63,-97.85486,22.25717
shape_5-1,64,-97.85572,22.25723
shape_5-1,65,-97.85416,22.26126
shape_5-1,66,-97.85677,22.26217
shape_5-1,67,-97.85876,22.26249
shape_5-1,68,-97.8605,22.26338
shape_5-1,69,-97.86475,22.25526
shape_5-1,70,-97.87346,22.25522
shape_5-1,71,-97.8764,22.25524
shape_5-1,72,-97.87666,22.25725
shape_5-1,73,-97.87621,22.25959
shape_5-1,74,-97.87505,22.264
shape_5-1,75,-97.87406,22.26626
shape_5-1,76,-97.87368,22.26956
shape_5-1,77,-97.87477,22.27278
shape_5-1,78,-97.87404,22.27556
shape_5-1,79,-97.87297,22.28195
shape_5-1,80,-97.87402,22.28423
shape_5-1,81,-97.87376,22.28574
shape_5-1,82,-97.87299,22.28854
shape_5-1,83,-97.87336,22.29118
shape_5-1,84,-97.8784,22.2992
shape_5-1,85,-97.88089,22.30317
shape_5-1,86,-97.88177,22.30565
shape_5-1,87,-97.88033,22.31076
shape_5-1,88,-97.87385,22.31097
shape_5-1,89,-97.87276,22.3109
shape_5-1,90,-97.87241,22.31715
shape_5-1,91,-97.87344,22.31739
shape_5-1,92,-97.87441,22.32167
shape_5-1,93,-97.86954,22.32157
shape_5-1,94,-97.87009,22.32376
shape_5-1,95,-97.87218,22.32648
shape_5-1,96,-97.87263,22.32759
shape_5-1,97,-97.87382,22.3312
shape_5-1,98,-97.8737,22.33143
shape_5-1,99,-97.8732,22.32968
shape_5-1,100,-97.869,22.33112
shape_5-1,101,-97.86859,22.33011
shape_5-1,102,-97.86636,22.33084
shape_5-1,103,-97.86698,22.33257
shape_5-1,104,-97.86709,22.33249
shape_5-1,105,-97.86671,22.3317
shape_5-1,106,-97.86468,22.32667
shape_5-1,107,-97.86394,22.32502
shape_5-1,108,-97.86318,22.32309
shape_5-1,109,-97.86235,22.32335
shape_5-1,110,-97.86237,22.32367
shape_5-1,111,-97.86194,22.32284
shape_5-1,112,-97.85994,22.3235
shape_113-1,0,-97.96659,22.44727
shape_113-1,1,-97.96768,22.44072
shape_113-1,2,-97.96764,22.44009
shape_113-1,3,-97.9674,22.43923
shape_113-1,4,-97.95078,22.42745
shape_113-1,5,-97.94726,22.42487
shape_113-1,6,-97.94414,22.4214
shape_113-1,7,-97.94299,22.41922
shape_113-1,8,-97.94215,22.41726
shape_113-1,9,-97.93721,22.40591
shape_113-1,10,-97.93741,22.40337
shape_113-1,11,-97.93801,22.39716
shape_113-1,12,-97.93779,22.39637
shape_113-1,13,-97.93693,22.39601
shape_113-1,14,-97.93324,22.39526
shape_113-1,15,-97.92968,22.39171
shape_113-1,16,-97.92443,22.39065
shape_113-1,17,-97.92337,22.39032
shape_113-1,18,-97.92262,22.38992
shape_113-1,19,-97.92192,22.38879
shape_113-1,20,-97.92071,22.38748
shape_113-1,21,-97.91874,22.38667
shape_113-1,22,-97.90183,22.36996
shape_113-1,23,-97.88715,22.35416
shape_113-1,24,-97.88329,22.35115
shape_113-1,25,-97.88261,22.35083
shape_113-1,26,-97.87913,22.34865
shape_113-1,27,-97.87651,22.34599
shape_113-1,28,-97.87447,22.33964
shape_113-1,29,-97.87457,22.33902
shape_113-1,30,-97.87501,22.33831
shape_113-1,31,-97.87593,22.33782
shape_113-1,32,-97.87624,22.33765
shape_113-1,33,-97.87506,22.33796
shape_113-1,34,-97.87417,22.3382
shape_113-1,35,-97.87412,22.33908
shape_113-1,36,-97.8743,22.33965
shape_113-1,37,-97.86769,22.34204
shape_113-1,38,-97.8656,22.33698
shape_113-1,39,-97.86417,22.33359
shape_113-1,40,-97.85997,22.3235
shape_113-1,41,-97.85912,22.32384
shape_113-1,42,-97.8584,22.3221
shape_113-1,43,-97.85794,22.32231
shape_113-1,44,-97.85663,22.32276
shape_113-1,45,-97.85561,22.32248
shape_113-1,46,-97.8542,22.32322
shape_113-1,47,-97.85394,22.32278
shape_113-1,48,-97.85175,22.32394
shape_113-1,49,-97.85079,22.3244
shape_113-1,50,-97.84908,22.32546
shape_113-1,51,-97.84709,22.32618
shape_113-1,52,-97.84787,22.32839
shape_113-1,53,-97.84787,22.32839
shape_113-1,54,-97.84709,22.32618
shape_113-1,55,-97.84908,22.32546
shape_113-1,56,-97.85079,22.3244
shape_113-1,57,-97.85175,22.32394
shape_113-1,58,-97.85394,22.32278
shape_113-1,59,-97.8542,22.32322
shape_113-1,60,-97.85561,22.32248
shape_113-1,61,-97.85663,22.32276
shape_113-1,62,-97.85794,22.32231
shape_113-1,63,-97.8584,22.3221
shape_113-1,64,-97.85912,22.32384
shape_113-1,65,-97.85997,22.3235
shape_113-1,66,-97.86417,22.33359
shape_113-1,67,-97.8656,22.33698
shape_113-1,68,-97.86769,22.34204
shape_113-1,69,-97.87435,22.33968
shape_113-1,70,-97.87651,22.34599
shape_113-1,71,-97.87913,22.34865
shape_113-1,72,-97.88261,22.35083
shape_113-1,73,-97.88329,22.35115
shape_113-1,74,-97.88715,22.35416
shape_113-1,75,-97.90183,22.36996
shape_113-1,76,-97.91874,22.38667
shape_113-1,77,-97.92071,22.38748
shape_113-1,78,-97.92192,22.38879
shape_113-1,79,-97.92262,22.38992
shape_113-1,80,-97.92337,22.39032
shape_113-1,81,-97.92443,22.39065
shape_113-1,82,-97.92968,22.39171
shape_113-1,83,-97.93324,22.39526
shape_113-1,84,-97.93693,22.39601
shape_113-1,85,-97.93779,22.39637
shape_113-1,86,-97.93801,22.39716
shape_113-1,87,-97.93741,22.40337
shape_113-1,88,-97.93721,22.40591
shape_113-1,89,-97.94215,22.41726
shape_113-1,90,-97.94299,22.41922
shape_113-1,91,-97.94414,22.4214
shape_113-1,92,-97.94726,22.42487
shape_113-1,93,-97.95078,22.42745
shape_113-1,94,-97.9674,22.43923
shape_113-1,95,-97.96764,22.44009
shape_113-1,96,-97.96668,22.44737
shape_4-1,0,-97.89982,22.32497
shape_4-1,1,-97.89982,22.32549
shape_4-1,2,-97.8943,22.32443
shape_4-1,3,-97.89512,22.32174
shape_4-1,4,-97.89574,22.31956
shape_4-1,5,-97.89622,22.31854
shape_4-1,6,-97.89622,22.31823
shape_4-1,7,-97.8959,22.31829
shape_4-1,8,-97.89537,22.31713
shape_4-1,9,-97.8949,22.31724
shape_4-1,10,-97.89275,22.3167
shape_4-1,11,-97.8887,22.31598
shape_4-1,12,-97.8866,22.31741
shape_4-1,13,-97.88559,22.31784
shape_4-1,14,-97.88567,22.31719
shape_4-1,15,-97.88738,22.31122
shape_4-1,16,-97.89087,22.31113
shape_4-1,17,-97.8902,22.31213
shape_4-1,18,-97.88987,22.31187
shape_4-1,19,-97.89,22.31111
shape_4-1,20,-97.8887,22.3111
shape_4-1,21,-97.88738,22.31122
shape_4-1,22,-97.88387,22.3112
shape_4-1,23,-97.88211,22.31125
shape_4-1,24,-97.88222,22.31298
shape_4-1,25,-97.87962,22.31323
shape_4-1,26,-97.88088,22.30978
shape_4-1,27,-97.88181,22.30646
shape_4-1,28,-97.88177,22.30491
shape_4-1,29,-97.8812,22.30347
shape_4-1,30,-97.87978,22.30122
shape_4-1,31,-97.87739,22.29747
shape_4-1,32,-97.87596,22.29526
shape_4-1,33,-97.87443,22.29289
shape_4-1,34,-97.87337,22.29123
shape_4-1,35,-97.87313,22.2899
shape_4-1,36,-97.87298,22.28871
shape_4-1,37,-97.87313,22.28788
shape_4-1,38,-97.87362,22.28646
shape_4-1,39,-97.87407,22.2852
shape_4-1,40,-97.87389,22.28393
shape_4-1,41,-97.87307,22.28242
shape_4-1,42,-97.87316,22.27913
shape_4-1,43,-97.87354,22.2769
shape_4-1,44,-97.87475,22.27266
shape_4-1,45,-97.87376,22.26972
shape_4-1,46,-97.87402,22.26614
shape_4-1,47,-97.8763,22.25951
shape_4-1,48,-97.87662,22.25578
shape_4-1,49,-97.87462,22.24954
shape_4-1,50,-97.87319,22.24646
shape_4-1,51,-97.86857,22.24879
shape_4-1,52,-97.86632,22.24982
shape_4-1,53,-97.86121,22.25139
shape_4-1,54,-97.84997,22.25465
shape_4-1,55,-97.83585,22.24706
shape_4-1,56,-97.8372,22.24491
shape_4-1,57,-97.83565,22.24414
shape_4-1,58,-97.83679,22.24216
shape_4-1,59,-97.83832,22.24305
shape_4-1,60,-97.83975,22.2409
shape_4-1,61,-97.84056,22.24132
shape_4-1,62,-97.84129,22.2401
shape_4-1,63,-97.84157,22.23954
shape_4-1,64,-97.83985,22.23862
shape_4-1,65,-97.84075,22.2372
shape_4-1,66,-97.84195,22.2341
shape_4-1,67,-97.84025,22.23356
shape_4-1,68,-97.83898,22.23309
shape_4-1,69,-97.8399,22.23335
shape_4-1,70,-97.84114,22.23094
shape_4-1,71,-97.84019,22.23035
shape_4-1,72,-97.84034,22.23014
shape_4-1,73,-97.84154,22.22775
shape_4-1,74,-97.84319,22.22464
shape_4-1,75,-97.84484,22.22147
shape_4-1,76,-97.84226,22.22039
shape_4-1,77,-97.84393,22.21723
shape_4-1,78,-97.84515,22.21778
shape_4-1,79,-97.84381,22.22102
shape_4-1,80,-97.84381,22.22102
shape_4-1,81,-97.84515,22.21778
shape_4-1,82,-97.84393,22.21723
shape_4-1,83,-97.84226,22.22039
shape_4-1,84,-97.84484,22.22147
shape_4-1,85,-97.84319,22.22464
shape_4-1,86,-97.84154,22.22775
shape_4-1,87,-97.84034,22.23014
shape_4-1,88,-97.84019,22.23035
shape_4-1,89,-97.84114,22.23094
shape_4-1,90,-97.8399,22.23335
shape_4-1,91,-97.83986,22.23337
shape_4-1,92,-97.84025,22.23356
shape_4-1,93,-97.84105,22.23379
shape_4-1,94,-97.83976,22.2371
shape_4-1,95,-97.84141,22.2379
shape_4-1,96,-97.83961,22.2408
shape_4-1,97,-97.83975,22.2409
shape_4-1,98,-97.83832,22.24305
shape_4-1,99,-97.83679,22.24216
shape_4-1,100,-97.83565,22.24414
shape_4-1,101,-97.83494,22.24376
shape_4-1,102,-97.83443,22.24446
shape_4-1,103,-97.85168,22.2541
shape_4-1,104,-97.86121,22.25139
shape_4-1,105,-97.86632,22.24982
shape_4-1,106,-97.86857,22.24879
shape_4-1,107,-97.87319,22.24646
shape_4-1,108,-97.87462,22.24954
shape_4-1,109,-97.87662,22.25578
shape_4-1,110,-97.8763,22.25951
shape_4-1,111,-97.87402,22.26614
shape_4-1,112,-97.87376,22.26972
shape_4-1,113,-97.87475,22.27266
shape_4-1,114,-97.87354,22.2769
shape_4-1,115,-97.87316,22.27913
shape_4-1,116,-97.87307,22.28242
shape_4-1,117,-97.87389,22.28393
shape_4-1,118,-97.87407,22.2852
shape_4-1,119,-97.87362,22.28646
shape_4-1,120,-97.87313,22.28788
shape_4-1,121,-97.87298,22.28871
shape_4-1,122,-97.87313,22.2899
shape_4-1,123,-97.87337,22.29123
shape_4-1,124,-97.87443,22.29289
shape_4-1,125,-97.87596,22.29526
shape_4-1,126,-97.87739,22.29747
shape_4-1,127,-97.87978,22.30122
shape_4-1,128,-97.8812,22.30347
shape_4-1,129,-97.88177,22.30491
shape_4-1,130,-97.88181,22.30646
shape_4-1,131,-97.88102,22.30855
shape_4-1,132,-97.87799,22.30879
shape_4-1,133,-97.87808,22.31078
shape_4-1,134,-97.88218,22.31054
shape_4-1,135,-97.88211,22.31125
shape_4-1,136,-97.88387,22.3112
shape_4-1,137,-97.88738,22.31122
shape_4-1,138,-97.8887,22.3111
shape_4-1,139,-97.89,22.31111
shape_4-1,140,-97.88987,22.31187
shape_4-1,141,-97.8902,22.31213
shape_4-1,142,-97.89087,22.31113
shape_4-1,143,-97.88738,22.31122
shape_4-1,144,-97.88567,22.31719
shape_4-1,145,-97.88559,22.31784
shape_4-1,146,-97.8866,22.31741
shape_4-1,147,-97.8887,22.31598
shape_4-1,148,-97.89275,22.3167
shape_4-1,149,-97.8949,22.31724
shape_4-1,150,-97.89537,22.31713
shape_4-1,151,-97.8959,22.31829
shape_4-1,152,-97.89622,22.31823
shape_4-1,153,-97.89622,22.31854
shape_4-1,154,-97.89574,22.31956
shape_4-1,155,-97.89512,22.32174
shape_4-1,156,-97.8943,22.32443
shape_4-1,157,-97.89982,22.32549
shape_19-1,0,-97.85031,22.34806
shape_19-1,1,-97.85049,22.34865
shape_19-1,2,-97.84929,22.34887
shape_19-1,3,-97.85031,22.35397
shape_19-1,4,-97.85137,22.35379
shape_19-1,5,-97.85159,22.35473
shape_19-1,6,-97.85489,22.35415
shape_19-1,7,-97.85369,22.34808
shape_19-1,8,-97.85475,22.34795
shape_19-1,9,-97.85467,22.34749
shape_19-1,10,-97.85477,22.34743
shape_19-1,11,-97.85783,22.34694
shape_19-1,12,-97.8618,22.3463
shape_19-1,13,-97.86358,22.34598
shape_19-1,14,-97.86376,22.34574
shape_19-1,15,-97.86449,22.34277
shape_19-1,16,-97.86532,22.34293
shape_19-1,17,-97.86767,22.34206
shape_19-1,18,-97.86346,22.33192
shape_19-1,19,-97.86447,22.33155
shape_19-1,20,-97.86276,22.3273
shape_19-1,21,-97.86464,22.32666
shape_19-1,22,-97.86638,22.33089
shape_19-1,23,-97.86814,22.33027
shape_19-1,24,-97.86861,22.33126
shape_19-1,25,-97.87336,22.32965
shape_19-1,26,-97.87265,22.32759
shape_19-1,27,-97.87247,22.32722
shape_19-1,28,-97.8721,22.32629
shape_19-1,29,-97.87015,22.32379
shape_19-1,30,-97.86846,22.31681
shape_19-1,31,-97.86894,22.3106
shape_19-1,32,-97.87512,22.31099
shape_19-1,33,-97.88061,22.31056
shape_19-1,34,-97.88194,22.30599
shape_19-1,35,-97.8817,22.3044
shape_19-1,36,-97.87576,22.29485
shape_19-1,37,-97.87329,22.29092
shape_19-1,38,-97.87293,22.28848
shape_19-1,39,-97.87394,22.28525
shape_19-1,40,-97.87366,22.28352
shape_19-1,41,-97.87293,22.28199
shape_19-1,42,-97.874,22.27548
shape_19-1,43,-97.87475,22.27272
shape_19-1,44,-97.87383,22.26982
shape_19-1,45,-97.87374,22.26765
shape_19-1,46,-97.87477,22.26459
shape_19-1,47,-97.87625,22.25911
shape_19-1,48,-97.8767,22.25685
shape_19-1,49,-97.87456,22.24928
shape_19-1,50,-97.87046,22.24088
shape_19-1,51,-97.8635,22.22354
shape_19-1,52,-97.8633,22.22161
shape_19-1,53,-97.85666,22.21873
shape_19-1,54,-97.85716,22.21793
shape_19-1,55,-97.86318,22.22061
shape_19-1,56,-97.8633,22.22161
shape_19-1,57,-97.85716,22.21796
shape_19-1,58,-97.86318,22.22061
shape_19-1,59,-97.86328,22.22161
shape_19-1,60,-97.8635,22.22354
shape_19-1,61,-97.87046,22.24088
shape_19-1,62,-97.87456,22.24928
shape_19-1,63,-97.8767,22.25685
shape_19-1,64,-97.87625,22.25911
shape_19-1,65,-97.87477,22.26459
shape_19-1,66,-97.87374,22.26765
shape_19-1,67,-97.87383,22.26982
shape_19-1,68,-97.87475,22.27272
shape_19-1,69,-97.874,22.27548
shape_19-1,70,-97.87293,22.28199
shape_19-1,71,-97.87366,22.28352
shape_19-1,72,-97.87394,22.28525
shape_19-1,73,-97.87293,22.28848
shape_19-1,74,-97.87329,22.29092
shape_19-1,75,-97.87576,22.29485
shape_19-1,76,-97.8817,22.3044
shape_19-1,77,-97.88194,22.30599
shape_19-1,78,-97.88127,22.30859
shape_19-1,79,-97.87494,22.30897
shape_19-1,80,-97.86913,22.30875
shape_19-1,81,-97.86846,22.31681
shape_19-1,82,-97.87015,22.32379
shape_19-1,83,-97.8721,22.32629
shape_19-1,84,-97.87247,22.32722
shape_19-1,85,-97.87265,22.32759
shape_19-1,86,-97.87336,22.32965
shape_19-1,87,-97.86861,22.33126
shape_19-1,88,-97.86814,22.33027
shape_19-1,89,-97.86638,22.33089
shape_19-1,90,-97.86464,22.32666
shape_19-1,91,-97.86276,22.3273
shape_19-1,92,-97.86447,22.33155
shape_19-1,93,-97.86346,22.33192
shape_19-1,94,-97.86767,22.34206
shape_19-1,95,-97.86532,22.34293
shape_19-1,96,-97.86449,22.34277
shape_19-1,97,-97.86376,22.34574
shape_19-1,98,-97.86358,22.34598
shape_19-1,99,-97.8618,22.3463
shape_19-1,100,-97.85783,22.34694
shape_19-1,101,-97.85477,22.34743
shape_19-1,102,-97.85467,22.34749
shape_19-1,103,-97.85475,22.34795
shape_19-1,104,-97.85369,22.34808
shape_19-1,105,-97.85489,22.35415
shape_19-1,106,-97.85159,22.35473
shape_19-1,107,-97.85137,22.35379
shape_19-1,108,-97.85031,22.35397
shape_19-1,109,-97.84929,22.34887
shape_19-1,110,-97.85049,22.34865
shape_16-1,0,-97.8467,22.32935
shape_16-1,1,-97.84656,22.32893
shape_16-1,2,-97.84676,22.32882
shape_16-1,3,-97.847,22.32873
shape_16-1,4,-97.84727,22.32877
shape_16-1,5,-97.84741,22.32857
shape_16-1,6,-97.84662,22.3263
shape_16-1,7,-97.84915,22.32541
shape_16-1,8,-97.85378,22.32285
shape_16-1,9,-97.85135,22.31764
shape_16-1,10,-97.84804,22.31893
shape_16-1,11,-97.84549,22.31849
shape_16-1,12,-97.84496,22.31805
shape_16-1,13,-97.84425,22.31644
shape_16-1,14,-97.8435,22.31404
shape_16-1,15,-97.84712,22.31125
shape_16-1,16,-97.84747,22.31163
shape_16-1,17,-97.84847,22.31088
shape_16-1,18,-97.85085,22.31362
shape_16-1,19,-97.85111,22.31346
shape_16-1,20,-97.85247,22.31744
shape_16-1,21,-97.8531,22.3182
shape_16-1,22,-97.8533,22.31856
shape_16-1,23,-97.85507,22.32109
shape_16-1,24,-97.85896,22.32007
shape_16-1,25,-97.85729,22.31519
shape_16-1,26,-97.85858,22.31485
shape_16-1,27,-97.85734,22.31125
shape_16-1,28,-97.85709,22.31133
shape_16-1,29,-97.85643,22.30935
shape_16-1,30,-97.85505,22.30611
shape_16-1,31,-97.85769,22.30509
shape_16-1,32,-97.85763,22.30495
shape_16-1,33,-97.86158,22.30356
shape_16-1,34,-97.8632,22.30735
shape_16-1,35,-97.86378,22.30708
shape_16-1,36,-97.86594,22.30714
shape_16-1,37,-97.86783,22.30718
shape_16-1,38,-97.86905,22.30719
shape_16-1,39,-97.86903,22.30875
shape_16-1,40,-97.87391,22.309
shape_16-1,41,-97.88111,22.30859
shape_16-1,42,-97.88176,22.30655
shape_16-1,43,-97.88184,22.30554
shape_16-1,44,-97.88154,22.30407
shape_16-1,45,-97.87795,22.29848
shape_16-1,46,-97.87608,22.29538
shape_16-1,47,-97.87342,22.29124
shape_16-1,48,-97.873,22.28902
shape_16-1,49,-97.87306,22.28806
shape_16-1,50,-97.87362,22.28638
shape_16-1,51,-97.87405,22.28509
shape_16-1,52,-97.87392,22.28405
shape_16-1,53,-97.87314,22.28265
shape_16-1,54,-97.87302,22.28078
shape_16-1,55,-97.87335,22.27773
shape_16-1,56,-97.87423,22.27498
shape_16-1,57,-97.87483,22.27293
shape_16-1,58,-97.87415,22.27083
shape_16-1,59,-97.87378,22.26959
shape_16-1,60,-97.87385,22.26774
shape_16-1,61,-97.87578,22.26094
shape_16-1,62,-97.87664,22.25733
shape_16-1,63,-97.87619,22.25385
shape_16-1,64,-97.87411,22.24817
shape_16-1,65,-97.8711,22.24239
shape_16-1,66,-97.86668,22.23161
shape_16-1,67,-97.86441,22.22589
shape_16-1,68,-97.86365,22.22394
shape_16-1,69,-97.86325,22.22212
shape_16-1,70,-97.86327,22.2206
shape_16-1,71,-97.85796,22.2183
shape_16-1,72,-97.85924,22.21594
shape_16-1,73,-97.86009,22.21633
shape_16-1,74,-97.85928,22.21794
shape_16-1,75,-97.86267,22.21943
shape_16-1,76,-97.86327,22.2206
shape_16-1,77,-97.86327,22.2206
shape_16-1,78,-97.86267,22.21943
shape_16-1,79,-97.85928,22.21794
shape_16-1,80,-97.86009,22.21633
shape_16-1,81,-97.85924,22.21594
shape_16-1,82,-97.85796,22.2183
shape_16-1,83,-97.86327,22.2206
shape_16-1,84,-97.86325,22.22212
shape_16-1,85,-97.86365,22.22394
shape_16-1,86,-97.86441,22.22589
shape_16-1,87,-97.86668,22.23161
shape_16-1,88,-97.8711,22.24239
shape_16-1,89,-97.87411,22.24817
shape_16-1,90,-97.87619,22.25385
shape_16-1,91,-97.87664,22.25733
shape_16-1,92,-97.87578,22.26094
shape_16-1,93,-97.87385,22.26774
shape_16-1,94,-97.87378,22.26959
shape_16-1,95,-97.87415,22.27083
shape_16-1,96,-97.87483,22.27293
shape_16-1,97,-97.87423,22.27498
shape_16-1,98,-97.87335,22.27773
shape_16-1,99,-97.87302,22.28078
shape_16-1,100,-97.87314,22.28265
shape_16-1,101,-97.87392,22.28405
shape_16-1,102,-97.87405,22.28509
shape_16-1,103,-97.87362,22.28638
shape_16-1,104,-97.87306,22.28806
shape_16-1,105,-97.873,22.28902
shape_16-1,106,-97.87342,22.29124
shape_16-1,107,-97.87608,22.29538
shape_16-1,108,-97.87795,22.29848
shape_16-1,109,-97.88154,22.30407
shape_16-1,110,-97.88184,22.30554
shape_16-1,111,-97.88176,22.30655
shape_16-1,112,-97.88024,22.31062
shape_16-1,113,-97.87524,22.31103
shape_16-1,114,-97.86892,22.31078
shape_16-1,115,-97.86905,22.30719
shape_16-1,116,-97.86783,22.30718
shape_16-1,117,-97.86594,22.30714
shape_16-1,118,-97.86378,22.30708
shape_16-1,119,-97.8632,22.30735
shape_16-1,120,-97.86158,22.30356
shape_16-1,121,-97.85763,22.30495
shape_16-1,122,-97.85769,22.30509
shape_16-1,123,-97.85505,22.30611
shape_16-1,124,-97.85643,22.30935
shape_16-1,125,-97.85709,22.31133
shape_16-1,126,-97.85734,22.31125
shape_16-1,127,-97.85858,22.31485
shape_16-1,128,-97.85729,22.31519
shape_16-1,129,-97.85896,22.32007
shape_16-1,130,-97.85507,22.32109
shape_16-1,131,-97.8533,22.31856
shape_16-1,132,-97.8531,22.3182
shape_16-1,133,-97.85247,22.31744
shape_16-1,134,-97.85111,22.31346
shape_16-1,135,-97.85085,22.31362
shape_16-1,136,-97.84847,22.31088
shape_16-1,137,-97.84747,22.31163
shape_16-1,138,-97.84712,22.31125
shape_16-1,139,-97.8435,22.31404
shape_16-1,140,-97.84425,22.31644
shape_16-1,141,-97.84496,22.31805
shape_16-1,142,-97.84549,22.31849
shape_16-1,143,-97.84804,22.31893
shape_16-1,144,-97.85135,22.31764
shape_16-1,145,-97.85378,22.32285
shape_16-1,146,-97.84915,22.32541
shape_16-1,147,-97.84662,22.3263
shape_16-1,148,-97.84741,22.32857
shape_16-1,149,-97.84727,22.32877
shape_16-1,150,-97.847,22.32873
shape_16-1,151,-97.84676,22.32882
shape_16-1,152,-97.84659,22.32894
shape_16-1,153,-97.84665,22.3291
shape_101-1,0,-97.84852,22.346
shape_101-1,1,-97.84819,22.34411
shape_101-1,2,-97.84914,22.34396
shape_101-1,3,-97.84988,22.34819
shape_101-1,4,-97.85037,22.34806
shape_101-1,5,-97.8505,22.34864
shape_101-1,6,-97.84928,22.34887
shape_101-1,7,-97.85031,22.35399
shape_101-1,8,-97.8514,22.35383
shape_101-1,9,-97.85159,22.35473
shape_101-1,10,-97.85488,22.35416
shape_101-1,11,-97.85359,22.3477
shape_101-1,12,-97.85476,22.34745
shape_101-1,13,-97.86116,22.34639
shape_101-1,14,-97.86364,22.34594
shape_101-1,15,-97.86455,22.34275
shape_101-1,16,-97.86531,22.34292
shape_101-1,17,-97.86867,22.34171
shape_101-1,18,-97.87428,22.3397
shape_101-1,19,-97.87624,22.34567
shape_101-1,20,-97.87817,22.34783
shape_101-1,21,-97.87828,22.34767
shape_101-1,22,-97.87639,22.34566
shape_101-1,23,-97.87439,22.33883
shape_101-1,24,-97.87406,22.33769
shape_101-1,25,-97.87352,22.33659
shape_101-1,26,-97.87323,22.33525
shape_101-1,27,-97.87383,22.33138
shape_101-1,28,-97.88044,22.31062
shape_101-1,29,-97.88162,22.30671
shape_101-1,30,-97.88173,22.30502
shape_101-1,31,-97.87606,22.29565
shape_101-1,32,-97.87325,22.29106
shape_101-1,33,-97.87301,22.28896
shape_101-1,34,-97.87327,22.28707
shape_101-1,35,-97.87398,22.28473
shape_101-1,36,-97.8731,22.28256
shape_101-1,37,-97.87288,22.28086
shape_101-1,38,-97.87366,22.27645
shape_101-1,39,-97.87473,22.27282
shape_101-1,40,-97.87363,22.2697
shape_101-1,41,-97.87391,22.26666
shape_101-1,42,-97.87469,22.26527
shape_101-1,43,-97.8766,22.25749
shape_101-1,44,-97.87645,22.25516
shape_101-1,45,-97.87426,22.24847
shape_101-1,46,-97.87209,22.24448
shape_101-1,47,-97.86887,22.23703
shape_101-1,48,-97.86346,22.22368
shape_101-1,49,-97.86323,22.22072
shape_101-1,50,-97.86295,22.21973
shape_101-1,51,-97.86267,22.21937
shape_101-1,52,-97.85928,22.21794
shape_101-1,53,-97.86097,22.21456
shape_101-1,54,-97.86344,22.21564
shape_101-1,55,-97.86261,22.2174
shape_101-1,56,-97.85834,22.21564
shape_101-1,57,-97.85883,22.2148
shape_101-1,58,-97.85962,22.21514
shape_101-1,59,-97.85962,22.21514
shape_101-1,60,-97.85799,22.21836
shape_101-1,61,-97.85892,22.21877
shape_101-1,62,-97.86327,22.22064
shape_101-1,63,-97.86346,22.22368
shape_101-1,64,-97.86572,22.22952
shape_101-1,65,-97.86417,22.23026
shape_101-1,66,-97.86273,22.23073
shape_101-1,67,-97.86357,22.23351
shape_101-1,68,-97.86344,22.23522
shape_101-1,69,-97.86361,22.23705
shape_101-1,70,-97.86357,22.24116
shape_101-1,71,-97.86417,22.2412
shape_101-1,72,-97.86434,22.2415
shape_101-1,73,-97.86627,22.24124
shape_101-1,74,-97.86645,22.24356
shape_101-1,75,-97.86645,22.24767
shape_101-1,76,-97.86597,22.2499
shape_101-1,77,-97.86256,22.25093
shape_101-1,78,-97.86262,22.25262
shape_101-1,79,-97.86218,22.25411
shape_101-1,80,-97.85982,22.25848
shape_101-1,81,-97.86033,22.25963
shape_101-1,82,-97.86188,22.26034
shape_101-1,83,-97.86089,22.26281
shape_101-1,84,-97.86003,22.26475
shape_101-1,85,-97.85952,22.26682
shape_101-1,86,-97.85626,22.27544
shape_101-1,87,-97.85456,22.27407
shape_101-1,88,-97.85591,22.27639
shape_101-1,89,-97.85904,22.27802
shape_101-1,90,-97.86201,22.28036
shape_101-1,91,-97.86548,22.28461
shape_101-1,92,-97.87127,22.28898
shape_101-1,93,-97.87325,22.29106
shape_101-1,94,-97.87606,22.29565
shape_101-1,95,-97.88173,22.30502
shape_101-1,96,-97.88162,22.30671
shape_101-1,97,-97.88044,22.31062
shape_101-1,98,-97.87383,22.33138
shape_101-1,99,-97.87323,22.33525
shape_101-1,100,-97.87352,22.33659
shape_101-1,101,-97.87376,22.33773
shape_101-1,102,-97.87415,22.33886
shape_101-1,103,-97.87428,22.3397
shape_101-1,104,-97.86867,22.34171
shape_101-1,105,-97.86531,22.34292
shape_101-1,106,-97.86455,22.34275
shape_101-1,107,-97.86364,22.34594
shape_101-1,108,-97.86116,22.34639
shape_101-1,109,-97.85476,22.34745
shape_101-1,110,-97.85359,22.3477
shape_101-1,111,-97.85488,22.35416
shape_101-1,112,-97.85159,22.35473
shape_101-1,113,-97.8514,22.35383
shape_101-1,114,-97.85031,22.35399
shape_101-1,115,-97.84928,22.34887
shape_101-1,116,-97.8505,22.34864
shape_101-1,117,-97.85037,22.34806
shape_101-1,118,-97.84988,22.34819
shape_101-1,119,-97.84914,22.34396
shape_101-1,120,-97.84819,22.34418
shape_101-1,121,-97.84855,22.34601
shape_54-1,0,-97.94125,22.41542
shape_54-1,1,-97.93802,22.40778
shape_54-1,2,-97.93728,22.40592
shape_54-1,3,-97.93806,22.39721
shape_54-1,4,-97.93788,22.39663
shape_54-1,5,-97.93739,22.39611
shape_54-1,6,-97.93379,22.39548
shape_54-1,7,-97.93306,22.39505
shape_54-1,8,-97.92982,22.39188
shape_54-1,9,-97.92889,22.39145
shape_54-1,10,-97.92526,22.39087
shape_54-1,11,-97.92417,22.39055
shape_54-1,12,-97.92357,22.39041
shape_54-1,13,-97.92274,22.38999
shape_54-1,14,-97.92227,22.38934
shape_54-1,15,-97.92198,22.38872
shape_54-1,16,-97.92117,22.38786
shape_54-1,17,-97.92014,22.38713
shape_54-1,18,-97.91899,22.38666
shape_54-1,19,-97.90797,22.37595
shape_54-1,20,-97.90398,22.37194
shape_54-1,21,-97.89981,22.36817
shape_54-1,22,-97.89175,22.35913
shape_54-1,23,-97.88475,22.35194
shape_54-1,24,-97.88037,22.34964
shape_54-1,25,-97.87612,22.34551
shape_54-1,26,-97.87376,22.33757
shape_54-1,27,-97.87312,22.33543
shape_54-1,28,-97.88044,22.31048
shape_54-1,29,-97.88215,22.3105
shape_54-1,30,-97.88211,22.30845
shape_54-1,31,-97.88089,22.30863
shape_54-1,32,-97.87387,22.30905
shape_54-1,33,-97.86894,22.30875
shape_54-1,34,-97.86842,22.31677
shape_54-1,35,-97.87007,22.32364
shape_54-1,36,-97.87127,22.32535
shape_54-1,37,-97.87216,22.32632
shape_54-1,38,-97.87326,22.32966
shape_54-1,39,-97.86898,22.33115
shape_54-1,40,-97.86852,22.3301
shape_54-1,41,-97.86349,22.33191
shape_54-1,42,-97.85999,22.3235
shape_54-1,43,-97.86095,22.32318
shape_54-1,44,-97.86052,22.32216
shape_54-1,45,-97.86035,22.32172
shape_54-1,46,-97.86049,22.32153
shape_54-1,47,-97.86076,22.3214
shape_54-1,48,-97.85792,22.313
shape_54-1,49,-97.86057,22.31226
shape_54-1,50,-97.86133,22.31386
shape_54-1,51,-97.86182,22.315
shape_54-1,52,-97.86217,22.31544
shape_54-1,53,-97.86259,22.31563
shape_54-1,54,-97.86753,22.31605
shape_54-1,55,-97.86808,22.31587
shape_54-1,56,-97.8685,22.31543
shape_54-1,57,-97.8685,22.31543
shape_54-1,58,-97.86808,22.31587
shape_54-1,59,-97.86753,22.31605
shape_54-1,60,-97.86259,22.31563
shape_54-1,61,-97.86217,22.31544
shape_54-1,62,-97.86182,22.315
shape_54-1,63,-97.86133,22.31386
shape_54-1,64,-97.86057,22.31226
shape_54-1,65,-97.85792,22.313
shape_54-1,66,-97.86076,22.3214
shape_54-1,67,-97.86049,22.32153
shape_54-1,68,-97.86035,22.32172
shape_54-1,69,-97.86052,22.32216
shape_54-1,70,-97.86095,22.32318
shape_54-1,71,-97.85999,22.3235
shape_54-1,72,-97.86349,22.33191
shape_54-1,73,-97.86852,22.3301
shape_54-1,74,-97.86898,22.33115
shape_54-1,75,-97.87326,22.32966
shape_54-1,76,-97.87216,22.32632
shape_54-1,77,-97.87127,22.32535
shape_54-1,78,-97.87007,22.32364
shape_54-1,79,-97.86842,22.31677
shape_54-1,80,-97.86898,22.31072
shape_54-1,81,-97.87527,22.31101
shape_54-1,82,-97.8758,22.31094
shape_54-1,83,-97.87647,22.31095
shape_54-1,84,-97.88007,22.31066
shape_54-1,85,-97.88044,22.31048
shape_54-1,86,-97.87312,22.33543
shape_54-1,87,-97.87376,22.33757
shape_54-1,88,-97.87612,22.34551
shape_54-1,89,-97.88037,22.34964
shape_54-1,90,-97.88475,22.35194
shape_54-1,91,-97.89175,22.35913
shape_54-1,92,-97.89981,22.36817
shape_54-1,93,-97.90398,22.37194
shape_54-1,94,-97.90797,22.37595
shape_54-1,95,-97.91899,22.38666
shape_54-1,96,-97.92014,22.38713
shape_54-1,97,-97.92117,22.38786
shape_54-1,98,-97.92198,22.38872
shape_54-1,99,-97.92227,22.38934
shape_54-1,100,-97.92274,22.38999
shape_54-1,101,-97.92357,22.39041
shape_54-1,102,-97.92417,22.39055
shape_54-1,103,-97.92526,22.39087
shape_54-1,104,-97.92889,22.39145
shape_54-1,105,-97.92982,22.39188
shape_54-1,106,-97.93306,22.39505
shape_54-1,107,-97.93379,22.39548
shape_54-1,108,-97.93739,22.39611
shape_54-1,109,-97.93788,22.39663
shape_54-1,110,-97.93806,22.39721
shape_54-1,111,-97.93728,22.40592
shape_54-1,112,-97.93802,22.40778
shape_101A-1,0,-97.8485,22.346
shape_101A-1,1,-97.84819,22.34414
shape_101A-1,2,-97.84916,22.34396
shape_101A-1,3,-97.84956,22.34634
shape_101A-1,4,-97.84989,22.34818
shape_101A-1,5,-97.85036,22.3481
shape_101A-1,6,-97.8505,22.34868
shape_101A-1,7,-97.84929,22.34888
shape_101A-1,8,-97.85032,22.35398
shape_101A-1,9,-97.85139,22.35382
shape_101A-1,10,-97.85161,22.35472
shape_101A-1,11,-97.85487,22.35414
shape_101A-1,12,-97.85363,22.34772
shape_101A-1,13,-97.85468,22.34749
shape_101A-1,14,-97.86357,22.34597
shape_101A-1,15,-97.86374,22.34575
shape_101A-1,16,-97.86449,22.34278
shape_101A-1,17,-97.8653,22.34293
shape_101A-1,18,-97.8677,22.34205
shape_101A-1,19,-97.86861,22.3417
shape_101A-1,20,-97.87433,22.3397
shape_101A-1,21,-97.87571,22.3442
shape_101A-1,22,-97.87613,22.34543
shape_101A-1,23,-97.87645,22.34596
shape_101A-1,24,-97.87711,22.34674
shape_101A-1,25,-97.87817,22.34783
shape_101A-1,26,-97.87824,22.34771
shape_101A-1,27,-97.87716,22.34656
shape_101A-1,28,-97.87649,22.3458
shape_101A-1,29,-97.87627,22.34542
shape_101A-1,30,-97.8759,22.3443
shape_101A-1,31,-97.87454,22.33964
shape_101A-1,32,-97.87385,22.33741
shape_101A-1,33,-97.87319,22.33527
shape_101A-1,34,-97.87387,22.33132
shape_101A-1,35,-97.88014,22.31137
shape_101A-1,36,-97.88179,22.30595
shape_101A-1,37,-97.88173,22.3046
shape_101A-1,38,-97.87327,22.29096
shape_101A-1,39,-97.87303,22.28965
shape_101A-1,40,-97.87164,22.28884
shape_101A-1,41,-97.87012,22.28779
shape_101A-1,42,-97.86557,22.28463
shape_101A-1,43,-97.86316,22.28169
shape_101A-1,44,-97.86209,22.2805
shape_101A-1,45,-97.85626,22.27546
shape_101A-1,46,-97.85904,22.26849
shape_101A-1,47,-97.85962,22.26626
shape_101A-1,48,-97.86035,22.26378
shape_101A-1,49,-97.86072,22.26303
shape_101A-1,50,-97.86211,22.26019
shape_101A-1,51,-97.86396,22.25713
shape_101A-1,52,-97.86467,22.2552
shape_101A-1,53,-97.86475,22.25433
shape_101A-1,54,-97.86565,22.25312
shape_101A-1,55,-97.86679,22.25095
shape_101A-1,56,-97.86722,22.24944
shape_101A-1,57,-97.86763,22.24698
shape_101A-1,58,-97.86696,22.24438
shape_101A-1,59,-97.86705,22.24271
shape_101A-1,60,-97.86623,22.23719
shape_101A-1,61,-97.8652,22.23433
shape_101A-1,62,-97.86413,22.23002
shape_101A-1,63,-97.8649,22.22742
shape_101A-1,64,-97.86349,22.22366
shape_101A-1,65,-97.86321,22.22066
shape_101A-1,66,-97.86271,22.21943
shape_101A-1,67,-97.85926,22.21792
shape_101A-1,68,-97.86095,22.21458
shape_101A-1,69,-97.86349,22.21566
shape_101A-1,70,-97.86258,22.21748
shape_101A-1,71,-97.85834,22.21564
shape_101A-1,72,-97.85885,22.21482
shape_101A-1,73,-97.8596,22.21516
shape_101A-1,74,-97.8596,22.21516
shape_101A-1,75,-97.85801,22.21842
shape_101A-1,76,-97.86321,22.22066
shape_101A-1,77,-97.86349,22.22366
shape_101A-1,78,-97.8649,22.22742
shape_101A-1,79,-97.86576,22.2295
shape_101A-1,80,-97.86419,22.23026
shape_101A-1,81,-97.86278,22.23073
shape_101A-1,82,-97.86364,22.23349
shape_101A-1,83,-97.86342,22.23377
shape_101A-1,84,-97.86355,22.23822
shape_101A-1,85,-97.86359,22.24118
shape_101A-1,86,-97.86417,22.2412
shape_101A-1,87,-97.86432,22.2415
shape_101A-1,88,-97.86625,22.24128
shape_101A-1,89,-97.86649,22.24609
shape_101A-1,90,-97.86651,22.24758
shape_101A-1,91,-97.86602,22.24994
shape_101A-1,92,-97.8625,22.25095
shape_101A-1,93,-97.86267,22.25262
shape_101A-1,94,-97.86194,22.25459
shape_101A-1,95,-97.86151,22.25528
shape_101A-1,96,-97.86057,22.25723
shape_101A-1,97,-97.85992,22.25891
shape_101A-1,98,-97.86059,22.25983
shape_101A-1,99,-97.86201,22.2604
shape_101A-1,100,-97.86072,22.26303
shape_101A-1,101,-97.86035,22.26378
shape_101A-1,102,-97.85962,22.26626
shape_101A-1,103,-97.85904,22.26849
shape_101A-1,104,-97.85628,22.27538
shape_101A-1,105,-97.85462,22.27442
shape_101A-1,106,-97.85617,22.27675
shape_101A-1,107,-97.85919,22.2781
shape_101A-1,108,-97.86209,22.2805
shape_101A-1,109,-97.86316,22.28169
shape_101A-1,110,-97.86557,22.28463
shape_101A-1,111,-97.87012,22.28779
shape_101A-1,112,-97.87164,22.28884
shape_101A-1,113,-97.87303,22.28965
shape_101A-1,114,-97.87327,22.29096
shape_101A-1,115,-97.88173,22.3046
shape_101A-1,116,-97.88179,22.30595
shape_101A-1,117,-97.88014,22.31137
shape_101A-1,118,-97.87387,22.33132
shape_101A-1,119,-97.87319,22.33527
shape_101A-1,120,-97.87385,22.33741
shape_101A-1,121,-97.87423,22.3393
shape_101A-1,122,-97.87433,22.3397
shape_101A-1,123,-97.86861,22.3417
shape_101A-1,124,-97.8677,22.34205
shape_101A-1,125,-97.8653,22.34293
shape_101A-1,126,-97.86449,22.34278
shape_101A-1,127,-97.86374,22.34575
shape_101A-1,128,-97.86357,22.34597
shape_101A-1,129,-97.85468,22.34749
shape_101A-1,130,-97.85363,22.34772
shape_101A-1,131,-97.85487,22.35414
shape_101A-1,132,-97.85161,22.35472
shape_101A-1,133,-97.85139,22.35382
shape_101A-1,134,-97.85032,22.35398
shape_101A-1,135,-97.84929,22.34888
shape_101A-1,136,-97.8505,22.34868
shape_101A-1,137,-97.85036,22.3481
shape_101A-1,138,-97.84989,22.34818
shape_101A-1,139,-97.84956,22.34634
shape_101A-1,140,-97.84916,22.34396
shape_101A-1,141,-97.84819,22.34414
shape_101A-1,142,-97.84851,22.34601
shape_9-1,0,-97.84739,22.32856
shape_9-1,1,-97.84664,22.3263
shape_9-1,2,-97.84906,22.32544
shape_9-1,3,-97.85084,22.32432
shape_9-1,4,-97.85534,22.32213
shape_9-1,5,-97.85546,22.32191
shape_9-1,6,-97.85569,22.32191
shape_9-1,7,-97.85253,22.31746
shape_9-1,8,-97.8524,22.31729
shape_9-1,9,-97.84868,22.30617
shape_9-1,10,-97.84898,22.3057
shape_9-1,11,-97.84884,22.30517
shape_9-1,12,-97.84853,22.30443
shape_9-1,13,-97.84689,22.30502
shape_9-1,14,-97.84622,22.30347
shape_9-1,15,-97.84601,22.30349
shape_9-1,16,-97.84593,22.30078
shape_9-1,17,-97.84443,22.30083
shape_9-1,18,-97.84426,22.30078
shape_9-1,19,-97.84467,22.29659
shape_9-1,20,-97.84476,22.29627
shape_9-1,21,-97.84488,22.29623
shape_9-1,22,-97.84544,22.29619
shape_9-1,23,-97.84533,22.29484
shape_9-1,24,-97.84701,22.29471
shape_9-1,25,-97.84674,22.29193
shape_9-1,26,-97.84275,22.29224
shape_9-1,27,-97.84262,22.2908
shape_9-1,28,-97.84232,22.28821
shape_9-1,29,-97.84366,22.28499
shape_9-1,30,-97.85044,22.28718
shape_9-1,31,-97.85082,22.28701
shape_9-1,32,-97.84769,22.27956
shape_9-1,33,-97.8505,22.27236
shape_9-1,34,-97.85122,22.27041
shape_9-1,35,-97.85209,22.26827
shape_9-1,36,-97.85383,22.26873
shape_9-1,37,-97.85514,22.26739
shape_9-1,38,-97.85595,22.26575
shape_9-1,39,-97.85274,22.26467
shape_9-1,40,-97.85565,22.25724
shape_9-1,41,-97.85692,22.25727
shape_9-1,42,-97.85782,22.25564
shape_9-1,43,-97.85804,22.2552
shape_9-1,44,-97.85825,22.25215
shape_9-1,45,-97.86334,22.25069
shape_9-1,46,-97.86326,22.25275
shape_9-1,47,-97.86557,22.2532
shape_9-1,48,-97.86629,22.25198
shape_9-1,49,-97.86688,22.2508
shape_9-1,50,-97.86709,22.25005
shape_9-1,51,-97.8672,22.24939
shape_9-1,52,-97.86765,22.24706
shape_9-1,53,-97.8672,22.24553
shape_9-1,54,-97.867,22.24441
shape_9-1,55,-97.867,22.24356
shape_9-1,56,-97.86707,22.24285
shape_9-1,57,-97.8664,22.23776
shape_9-1,58,-97.86505,22.23337
shape_9-1,59,-97.86409,22.22988
shape_9-1,60,-97.8647,22.22795
shape_9-1,61,-97.8639,22.22766
shape_9-1,62,-97.86428,22.22684
shape_9-1,63,-97.8583,22.22432
shape_9-1,64,-97.85944,22.22191
shape_9-1,65,-97.85585,22.22031
shape_9-1,66,-97.85923,22.21399
shape_9-1,67,-97.8558,22.21246
shape_9-1,68,-97.85663,22.21286
shape_9-1,69,-97.85456,22.21681
shape_9-1,70,-97.86323,22.22061
shape_9-1,71,-97.86321,22.22101
shape_9-1,72,-97.86327,22.22283
shape_9-1,73,-97.86359,22.22408
shape_9-1,74,-97.86259,22.22612
shape_9-1,75,-97.86137,22.22871
shape_9-1,76,-97.8618,22.22899
shape_9-1,77,-97.86271,22.22934
shape_9-1,78,-97.86266,22.22962
shape_9-1,79,-97.8625,22.22993
shape_9-1,80,-97.86357,22.23347
shape_9-1,81,-97.86342,22.23377
shape_9-1,82,-97.86381,22.24895
shape_9-1,83,-97.86356,22.25062
shape_9-1,84,-97.86334,22.25069
shape_9-1,85,-97.86334,22.25069
shape_9-1,86,-97.86356,22.25062
shape_9-1,87,-97.86381,22.24895
shape_9-1,88,-97.86342,22.23377
shape_9-1,89,-97.86346,22.23312
shape_9-1,90,-97.8625,22.22993
shape_9-1,91,-97.86266,22.22962
shape_9-1,92,-97.86271,22.22934
shape_9-1,93,-97.8618,22.22899
shape_9-1,94,-97.86137,22.22871
shape_9-1,95,-97.86259,22.22612
shape_9-1,96,-97.86359,22.22408
shape_9-1,97,-97.86327,22.22283
shape_9-1,98,-97.86321,22.22101
shape_9-1,99,-97.86323,22.22061
shape_9-1,100,-97.85456,22.21681
shape_9-1,101,-97.85663,22.21286
shape_9-1,102,-97.85456,22.21683
shape_9-1,103,-97.86318,22.22054
shape_9-1,104,-97.86321,22.22281
shape_9-1,105,-97.86355,22.22414
shape_9-1,106,-97.86158,22.22849
shape_9-1,107,-97.86256,22.22928
shape_9-1,108,-97.86338,22.23302
shape_9-1,109,-97.86385,22.24893
shape_9-1,110,-97.86334,22.25069
shape_9-1,111,-97.85825,22.25215
shape_9-1,112,-97.85804,22.2552
shape_9-1,113,-97.85782,22.25564
shape_9-1,114,-97.85692,22.25727
shape_9-1,115,-97.85565,22.25724
shape_9-1,116,-97.85274,22.26467
shape_9-1,117,-97.85595,22.26575
shape_9-1,118,-97.85514,22.26739
shape_9-1,119,-97.85383,22.26873
shape_9-1,120,-97.85209,22.26827
shape_9-1,121,-97.85122,22.27041
shape_9-1,122,-97.8505,22.27236
shape_9-1,123,-97.84769,22.27956
shape_9-1,124,-97.85082,22.28701
shape_9-1,125,-97.85044,22.28718
shape_9-1,126,-97.84366,22.28499
shape_9-1,127,-97.84232,22.28821
shape_9-1,128,-97.84262,22.2908
shape_9-1,129,-97.84275,22.29224
shape_9-1,130,-97.84674,22.29193
shape_9-1,131,-97.84701,22.29471
shape_9-1,132,-97.84533,22.29484
shape_9-1,133,-97.84544,22.29619
shape_9-1,134,-97.84488,22.29623
shape_9-1,135,-97.84476,22.29627
shape_9-1,136,-97.84467,22.29659
shape_9-1,137,-97.84426,22.30078
shape_9-1,138,-97.84443,22.30083
shape_9-1,139,-97.84593,22.30078
shape_9-1,140,-97.84601,22.30349
shape_9-1,141,-97.84622,22.30347
shape_9-1,142,-97.84689,22.30502
shape_9-1,143,-97.84853,22.30443
shape_9-1,144,-97.84884,22.30517
shape_9-1,145,-97.84898,22.3057
shape_9-1,146,-97.84868,22.30617
shape_9-1,147,-97.8524,22.31729
shape_9-1,148,-97.85253,22.31746
shape_9-1,149,-97.85569,22.32191
shape_9-1,150,-97.85546,22.32191
shape_9-1,151,-97.85534,22.32213
shape_9-1,152,-97.85084,22.32432
shape_9-1,153,-97.84906,22.32544
shape_9-1,154,-97.84664,22.3263
shape_104-1,0,-97.90976,22.36042
shape_104-1,1,-97.9103,22.35906
shape_104-1,2,-97.9134,22.35997
shape_104-1,3,-97.91482,22.36227
shape_104-1,4,-97.91696,22.36095
shape_104-1,5,-97.9175,22.36171
shape_104-1,6,-97.91378,22.36418
shape_104-1,7,-97.91292,22.36478
shape_104-1,8,-97.91364,22.36562
shape_104-1,9,-97.91093,22.36745
shape_104-1,10,-97.91202,22.36846
shape_104-1,11,-97.91096,22.3693
shape_104-1,12,-97.91058,22.36966
shape_104-1,13,-97.90865,22.37134
shape_104-1,14,-97.90931,22.37201
shape_104-1,15,-97.90615,22.37412
shape_104-1,16,-97.90044,22.36859
shape_104-1,17,-97.88855,22.35567
shape_104-1,18,-97.8861,22.35329
shape_104-1,19,-97.8834,22.35109
shape_104-1,20,-97.87954,22.34902
shape_104-1,21,-97.87638,22.34585
shape_104-1,22,-97.87316,22.33591
shape_104-1,23,-97.87381,22.3317
shape_104-1,24,-97.88054,22.31024
shape_104-1,25,-97.88179,22.30625
shape_104-1,26,-97.88175,22.30512
shape_104-1,27,-97.88123,22.30371
shape_104-1,28,-97.87329,22.29112
shape_104-1,29,-97.87295,22.28828
shape_104-1,30,-97.874,22.28509
shape_104-1,31,-97.87291,22.28217
shape_104-1,32,-97.87314,22.2781
shape_104-1,33,-97.87473,22.27289
shape_104-1,34,-97.87387,22.27047
shape_104-1,35,-97.87376,22.26706
shape_104-1,36,-97.87497,22.26436
shape_104-1,37,-97.87655,22.25766
shape_104-1,38,-97.87653,22.25584
shape_104-1,39,-97.8761,22.25361
shape_104-1,40,-97.87374,22.24754
shape_104-1,41,-97.8731,22.24648
shape_104-1,42,-97.86713,22.233
shape_104-1,43,-97.86342,22.22342
shape_104-1,44,-97.86327,22.22066
shape_104-1,45,-97.86269,22.21943
shape_104-1,46,-97.85926,22.21788
shape_104-1,47,-97.86095,22.21456
shape_104-1,48,-97.86349,22.21568
shape_104-1,49,-97.86261,22.2175
shape_104-1,50,-97.85838,22.21566
shape_104-1,51,-97.85883,22.21476
shape_104-1,52,-97.85958,22.21514
shape_104-1,53,-97.85958,22.21514
shape_104-1,54,-97.85799,22.21838
shape_104-1,55,-97.86327,22.22066
shape_104-1,56,-97.86342,22.22342
shape_104-1,57,-97.86574,22.22952
shape_104-1,58,-97.86417,22.23038
shape_104-1,59,-97.86282,22.23063
shape_104-1,60,-97.86359,22.23345
shape_104-1,61,-97.86342,22.23379
shape_104-1,62,-97.86349,22.23784
shape_104-1,63,-97.86385,22.24867
shape_104-1,64,-97.86368,22.25053
shape_104-1,65,-97.86256,22.25097
shape_104-1,66,-97.86265,22.25268
shape_104-1,67,-97.86216,22.25395
shape_104-1,68,-97.86153,22.25518
shape_104-1,69,-97.85992,22.25876
shape_104-1,70,-97.86035,22.25961
shape_104-1,71,-97.86203,22.26036
shape_104-1,72,-97.86102,22.26285
shape_104-1,73,-97.85947,22.26698
shape_104-1,74,-97.85673,22.27448
shape_104-1,75,-97.85626,22.2754
shape_104-1,76,-97.85471,22.27432
shape_104-1,77,-97.85591,22.27639
shape_104-1,78,-97.85827,22.27766
shape_104-1,79,-97.86132,22.27977
shape_104-1,80,-97.86497,22.28401
shape_104-1,81,-97.8711,22.28854
shape_104-1,82,-97.87329,22.29112
shape_104-1,83,-97.88123,22.30371
shape_104-1,84,-97.88175,22.30512
shape_104-1,85,-97.88179,22.30625
shape_104-1,86,-97.88054,22.31024
shape_104-1,87,-97.87381,22.3317
shape_104-1,88,-97.87316,22.33591
shape_104-1,89,-97.87638,22.34585
shape_104-1,90,-97.87954,22.34902
shape_104-1,91,-97.8834,22.35109
shape_104-1,92,-97.8861,22.35329
shape_104-1,93,-97.88855,22.35567
shape_104-1,94,-97.90044,22.36859
shape_104-1,95,-97.90615,22.37412
shape_104-1,96,-97.90931,22.37201
shape_104-1,97,-97.90865,22.37134
shape_104-1,98,-97.91058,22.36966
shape_104-1,99,-97.91096,22.3693
shape_104-1,100,-97.91202,22.36846
shape_104-1,101,-97.91093,22.36745
shape_104-1,102,-97.91364,22.36562
shape_104-1,103,-97.91292,22.36478
shape_104-1,104,-97.91378,22.36418
shape_104-1,105,-97.9175,22.36171
shape_104-1,106,-97.91696,22.36095
shape_104-1,107,-97.91482,22.36227
shape_104-1,108,-97.9134,22.35997
shape_104-1,109,-97.9103,22.35906
shape_105A-1,0,-97.87205,22.3653
shape_105A-1,1,-97.87211,22.36563
shape_105A-1,2,-97.87233,22.36595
shape_105A-1,3,-97.87423,22.36813
shape_105A-1,4,-97.8727,22.36919
shape_105A-1,5,-97.87366,22.3703
shape_105A-1,6,-97.87511,22.36925
shape_105A-1,7,-97.8756,22.36983
shape_105A-1,8,-97.87579,22.36976
shape_105A-1,9,-97.878,22.37236
shape_105A-1,10,-97.87813,22.37233
shape_105A-1,11,-97.87981,22.37391
shape_105A-1,12,-97.88183,22.37208
shape_105A-1,13,-97.8802,22.37027
shape_105A-1,14,-97.88049,22.37002
shape_105A-1,15,-97.87826,22.36776
shape_105A-1,16,-97.87964,22.36684
shape_105A-1,17,-97.88001,22.36687
shape_105A-1,18,-97.88031,22.36695
shape_105A-1,19,-97.88257,22.37018
shape_105A-1,20,-97.8846,22.36897
shape_105A-1,21,-97.884,22.37017
shape_105A-1,22,-97.88494,22.37117
shape_105A-1,23,-97.88545,22.37156
shape_105A-1,24,-97.88563,22.37128
shape_105A-1,25,-97.88599,22.36814
shape_105A-1,26,-97.88648,22.36763
shape_105A-1,27,-97.88698,22.36738
shape_105A-1,28,-97.88778,22.36181
shape_105A-1,29,-97.88176,22.36108
shape_105A-1,30,-97.88209,22.35891
shape_105A-1,31,-97.88244,22.35898
shape_105A-1,32,-97.88724,22.35422
shape_105A-1,33,-97.88593,22.35319
shape_105A-1,34,-97.88357,22.35132
shape_105A-1,35,-97.88241,22.35072
shape_105A-1,36,-97.88065,22.34973
shape_105A-1,37,-97.87933,22.34883
shape_105A-1,38,-97.87635,22.34575
shape_105A-1,39,-97.87527,22.34246
shape_105A-1,40,-97.87442,22.3388
shape_105A-1,41,-97.87385,22.33715
shape_105A-1,42,-97.87324,22.33577
shape_105A-1,43,-97.87391,22.33112
shape_105A-1,44,-97.88179,22.30597
shape_105A-1,45,-97.88168,22.3046
shape_105A-1,46,-97.87325,22.29104
shape_105A-1,47,-97.87295,22.28953
shape_105A-1,48,-97.866,22.28521
shape_105A-1,49,-97.86239,22.2808
shape_105A-1,50,-97.85634,22.27544
shape_105A-1,51,-97.85952,22.26745
shape_105A-1,52,-97.85977,22.26559
shape_105A-1,53,-97.86046,22.26384
shape_105A-1,54,-97.86183,22.26094
shape_105A-1,55,-97.86389,22.25764
shape_105A-1,56,-97.86467,22.25534
shape_105A-1,57,-97.86531,22.25343
shape_105A-1,58,-97.86655,22.25133
shape_105A-1,59,-97.86733,22.2493
shape_105A-1,60,-97.86765,22.24704
shape_105A-1,61,-97.86711,22.2447
shape_105A-1,62,-97.86677,22.23969
shape_105A-1,63,-97.86591,22.23608
shape_105A-1,64,-97.86488,22.23286
shape_105A-1,65,-97.86415,22.22972
shape_105A-1,66,-97.86501,22.22744
shape_105A-1,67,-97.86364,22.22394
shape_105A-1,68,-97.86331,22.22227
shape_105A-1,69,-97.86316,22.22062
shape_105A-1,70,-97.86261,22.21949
shape_105A-1,71,-97.85924,22.21794
shape_105A-1,72,-97.861,22.2145
shape_105A-1,73,-97.86349,22.21566
shape_105A-1,74,-97.86263,22.21746
shape_105A-1,75,-97.85829,22.21562
shape_105A-1,76,-97.85881,22.21474
shape_105A-1,77,-97.85952,22.21508
shape_105A-1,78,-97.85952,22.21508
shape_105A-1,79,-97.85806,22.21832
shape_105A-1,80,-97.86316,22.22062
shape_105A-1,81,-97.86331,22.22227
shape_105A-1,82,-97.86364,22.22394
shape_105A-1,83,-97.86501,22.22744
shape_105A-1,84,-97.86576,22.2295
shape_105A-1,85,-97.86713,22.23276
shape_105A-1,86,-97.86838,22.23616
shape_105A-1,87,-97.87027,22.24023
shape_105A-1,88,-97.87306,22.2465
shape_105A-1,89,-97.87391,22.24781
shape_105A-1,90,-97.87522,22.25095
shape_105A-1,91,-97.87651,22.25566
shape_105A-1,92,-97.87565,22.26193
shape_105A-1,93,-97.87351,22.26821
shape_105A-1,94,-97.87462,22.27222
shape_105A-1,95,-97.87363,22.27679
shape_105A-1,96,-97.87286,22.28207
shape_105A-1,97,-97.87402,22.28481
shape_105A-1,98,-97.87316,22.28783
shape_105A-1,99,-97.87196,22.28971
shape_105A-1,100,-97.87325,22.29104
shape_105A-1,101,-97.88168,22.3046
shape_105A-1,102,-97.88179,22.30597
shape_105A-1,103,-97.87391,22.33112
shape_105A-1,104,-97.87324,22.33577
shape_105A-1,105,-97.87385,22.33715
shape_105A-1,106,-97.87442,22.3388
shape_105A-1,107,-97.87527,22.34246
shape_105A-1,108,-97.87635,22.34575
shape_105A-1,109,-97.87933,22.34883
shape_105A-1,110,-97.88065,22.34973
shape_105A-1,111,-97.88241,22.35072
shape_105A-1,112,-97.88357,22.35132
shape_105A-1,113,-97.88593,22.35319
shape_105A-1,114,-97.88724,22.35422
shape_105A-1,115,-97.88244,22.35898
shape_105A-1,116,-97.88209,22.35891
shape_105A-1,117,-97.88176,22.36108
shape_105A-1,118,-97.88778,22.36181
shape_105A-1,119,-97.88698,22.36738
shape_105A-1,120,-97.88648,22.36763
shape_105A-1,121,-97.88599,22.36814
shape_105A-1,122,-97.88563,22.37128
shape_105A-1,123,-97.88545,22.37156
shape_105A-1,124,-97.88494,22.37117
shape_105A-1,125,-97.884,22.37017
shape_105A-1,126,-97.8846,22.36897
shape_105A-1,127,-97.88257,22.37018
shape_105A-1,128,-97.88031,22.36695
shape_105A-1,129,-97.88001,22.36687
shape_105A-1,130,-97.87964,22.36684
shape_105A-1,131,-97.87826,22.36776
shape_105A-1,132,-97.88049,22.37002
shape_105A-1,133,-97.8802,22.37027
shape_105A-1,134,-97.88183,22.37208
shape_105A-1,135,-97.87981,22.37391
shape_105A-1,136,-97.87813,22.37233
shape_105A-1,137,-97.878,22.37236
shape_105A-1,138,-97.87579,22.36976
shape_105A-1,139,-97.8756,22.36983
shape_105A-1,140,-97.87511,22.36925
shape_105A-1,141,-97.87366,22.3703
shape_105A-1,142,-97.8727,22.36919
shape_105A-1,143,-97.87423,22.36813
shape_105A-1,144,-97.87233,22.36595
shape_105A-1,145,-97.87211,22.36563
shape_105-1,0,-97.87205,22.3653
shape_105-1,1,-97.87211,22.36563
shape_105-1,2,-97.87233,22.36595
shape_105-1,3,-97.87423,22.36813
shape_105-1,4,-97.8727,22.36919
shape_105-1,5,-97.87366,22.3703
shape_105-1,6,-97.87511,22.36925
shape_105-1,7,-97.8756,22.36983
shape_105-1,8,-97.87579,22.36976
shape_105-1,9,-97.878,22.37236
shape_105-1,10,-97.87813,22.37233
shape_105-1,11,-97.87981,22.37391
shape_105-1,12,-97.88183,22.37208
shape_105-1,13,-97.8802,22.37027
shape_105-1,14,-97.88049,22.37002
shape_105-1,15,-97.87826,22.36776
shape_105-1,16,-97.87964,22.36684
shape_105-1,17,-97.88001,22.36687
shape_105-1,18,-97.88031,22.36695
shape_105-1,19,-97.88257,22.37018
shape_105-1,20,-97.8846,22.36897
shape_105-1,21,-97.884,22.37017
shape_105-1,22,-97.88494,22.37117
shape_105-1,23,-97.88545,22.37156
shape_105-1,24,-97.88563,22.37128
shape_105-1,25,-97.88599,22.36814
shape_105-1,26,-97.88648,22.36763
shape_105-1,27,-97.88698,22.36738
shape_105-1,28,-97.88778,22.36181
shape_105-1,29,-97.88176,22.36108
shape_105-1,30,-97.88209,22.35891
shape_105-1,31,-97.88244,22.35898
shape_105-1,32,-97.88724,22.35422
shape_105-1,33,-97.88593,22.35319
shape_105-1,34,-97.88357,22.35132
shape_105-1,35,-97.88241,22.35072
shape_105-1,36,-97.88065,22.34973
shape_105-1,37,-97.87933,22.34883
shape_105-1,38,-97.87635,22.34575
shape_105-1,39,-97.87527,22.34246
shape_105-1,40,-97.87442,22.3388
shape_105-1,41,-97.87385,22.33715
shape_105-1,42,-97.87324,22.33577
shape_105-1,43,-97.87391,22.33112
shape_105-1,44,-97.88179,22.30597
shape_105-1,45,-97.88168,22.3046
shape_105-1,46,-97.87325,22.29104
shape_105-1,47,-97.87299,22.28941
shape_105-1,48,-97.87293,22.288
shape_105-1,49,-97.87396,22.28501
shape_105-1,50,-97.87286,22.28241
shape_105-1,51,-97.87336,22.27708
shape_105-1,52,-97.87477,22.27276
shape_105-1,53,-97.87378,22.27015
shape_105-1,54,-97.87383,22.26698
shape_105-1,55,-97.87464,22.26523
shape_105-1,56,-97.8766,22.25727
shape_105-1,57,-97.87621,22.25399
shape_105-1,58,-97.87398,22.24791
shape_105-1,59,-97.87312,22.24652
shape_105-1,60,-97.86501,22.22744
shape_105-1,61,-97.86364,22.22394
shape_105-1,62,-97.86331,22.22227
shape_105-1,63,-97.86316,22.22062
shape_105-1,64,-97.86261,22.21949
shape_105-1,65,-97.85924,22.21794
shape_105-1,66,-97.861,22.2145
shape_105-1,67,-97.86349,22.21566
shape_105-1,68,-97.86263,22.21746
shape_105-1,69,-97.85829,22.21562
shape_105-1,70,-97.85881,22.21474
shape_105-1,71,-97.85952,22.21508
shape_105-1,72,-97.85964,22.21524
shape_105-1,73,-97.85797,22.2184
shape_105-1,74,-97.86323,22.22064
shape_105-1,75,-97.86331,22.22227
shape_105-1,76,-97.86364,22.22394
shape_105-1,77,-97.8658,22.2295
shape_105-1,78,-97.86419,22.23036
shape_105-1,79,-97.86284,22.23069
shape_105-1,80,-97.86355,22.23337
shape_105-1,81,-97.86346,22.23697
shape_105-1,82,-97.8637,22.24114
shape_105-1,83,-97.86426,22.24118
shape_105-1,84,-97.86441,22.24144
shape_105-1,85,-97.86623,22.2413
shape_105-1,86,-97.86655,22.24682
shape_105-1,87,-97.866,22.24992
shape_105-1,88,-97.86334,22.25073
shape_105-1,89,-97.86336,22.2528
shape_105-1,90,-97.8648,22.25306
shape_105-1,91,-97.86469,22.25522
shape_105-1,92,-97.86394,22.25725
shape_105-1,93,-97.86063,22.26328
shape_105-1,94,-97.85952,22.26698
shape_105-1,95,-97.85634,22.27536
shape_105-1,96,-97.85462,22.27425
shape_105-1,97,-97.85582,22.27627
shape_105-1,98,-97.8566,22.27687
shape_105-1,99,-97.85947,22.27845
shape_105-1,100,-97.86256,22.281
shape_105-1,101,-97.86535,22.28437
shape_105-1,102,-97.87067,22.28826
shape_105-1,103,-97.87325,22.29104
shape_105-1,104,-97.88168,22.3046
shape_105-1,105,-97.88179,22.30597
shape_105-1,106,-97.87391,22.33112
shape_105-1,107,-97.87324,22.33577
shape_105-1,108,-97.87385,22.33715
shape_105-1,109,-97.87442,22.3388
shape_105-1,110,-97.87527,22.34246
shape_105-1,111,-97.87635,22.34575
shape_105-1,112,-97.87933,22.34883
shape_105-1,113,-97.88065,22.34973
shape_105-1,114,-97.88241,22.35072
shape_105-1,115,-97.88357,22.35132
shape_105-1,116,-97.88593,22.35319
shape_105-1,117,-97.88724,22.35422
shape_105-1,118,-97.88244,22.35898
shape_105-1,119,-97.88209,22.35891
shape_105-1,120,-97.88176,22.36108
shape_105-1,121,-97.88778,22.36181
shape_105-1,122,-97.88698,22.36738
shape_105-1,123,-97.88648,22.36763
shape_105-1,124,-97.88599,22.36814
shape_105-1,125,-97.88563,22.37128
shape_105-1,126,-97.88545,22.37156
shape_105-1,127,-97.88494,22.37117
shape_105-1,128,-97.884,22.37017
shape_105-1,129,-97.8846,22.36897
shape_105-1,130,-97.88257,22.37018
shape_105-1,131,-97.88031,22.36695
shape_105-1,132,-97.88001,22.36687
shape_105-1,133,-97.87964,22.36684
shape_105-1,134,-97.87826,22.36776
shape_105-1,135,-97.88049,22.37002
shape_105-1,136,-97.8802,22.37027
shape_105-1,137,-97.88183,22.37208
shape_105-1,138,-97.87981,22.37391
shape_105-1,139,-97.87813,22.37233
shape_105-1,140,-97.878,22.37236
shape_105-1,141,-97.87579,22.36976
shape_105-1,142,-97.8756,22.36983
shape_105-1,143,-97.87511,22.36925
shape_105-1,144,-97.87366,22.3703
shape_105-1,145,-97.8727,22.36919
shape_105-1,146,-97.87423,22.36813
shape_105-1,147,-97.87233,22.36595
shape_105-1,148,-97.87211,22.36563
shape_110-1,0,-97.96668,22.44731
shape_110-1,1,-97.967,22.44449
shape_110-1,2,-97.96749,22.44094
shape_110-1,3,-97.96751,22.43979
shape_110-1,4,-97.9673,22.43916
shape_110-1,5,-97.95082,22.42747
shape_110-1,6,-97.94678,22.42438
shape_110-1,7,-97.94294,22.41992
shape_110-1,8,-97.94249,22.41793
shape_110-1,9,-97.9391,22.41041
shape_110-1,10,-97.93724,22.40565
shape_110-1,11,-97.93799,22.39688
shape_110-1,12,-97.93721,22.39605
shape_110-1,13,-97.93342,22.3954
shape_110-1,14,-97.93058,22.39256
shape_110-1,15,-97.92936,22.39159
shape_110-1,16,-97.92404,22.39054
shape_110-1,17,-97.92318,22.3903
shape_110-1,18,-97.92249,22.38982
shape_110-1,19,-97.922,22.38881
shape_110-1,20,-97.92084,22.38756
shape_110-1,21,-97.9187,22.38657
shape_110-1,22,-97.90668,22.37468
shape_110-1,23,-97.90288,22.37099
shape_110-1,24,-97.89971,22.36772
shape_110-1,25,-97.8872,22.3542
shape_110-1,26,-97.88353,22.35121
shape_110-1,27,-97.87977,22.34922
shape_110-1,28,-97.87692,22.34652
shape_110-1,29,-97.87606,22.34525
shape_110-1,30,-97.87353,22.33652
shape_110-1,31,-97.87314,22.33521
shape_110-1,32,-97.87391,22.3314
shape_110-1,33,-97.88042,22.31058
shape_110-1,34,-97.88213,22.3105
shape_110-1,35,-97.88205,22.30841
shape_110-1,36,-97.87402,22.30903
shape_110-1,37,-97.86898,22.30875
shape_110-1,38,-97.86905,22.30718
shape_110-1,39,-97.86644,22.30717
shape_110-1,40,-97.86493,22.30712
shape_110-1,41,-97.86373,22.30709
shape_110-1,42,-97.86316,22.30734
shape_110-1,43,-97.86156,22.30355
shape_110-1,44,-97.85764,22.30493
shape_110-1,45,-97.85761,22.30509
shape_110-1,46,-97.85506,22.30614
shape_110-1,47,-97.85248,22.30711
shape_110-1,48,-97.84936,22.30821
shape_110-1,49,-97.84994,22.30987
shape_110-1,50,-97.85242,22.31737
shape_110-1,51,-97.85287,22.31792
shape_110-1,52,-97.85506,22.32109
shape_110-1,53,-97.85568,22.32189
shape_110-1,54,-97.85546,22.32194
shape_110-1,55,-97.85531,22.32214
shape_110-1,56,-97.8564,22.32368
shape_110-1,57,-97.85604,22.32393
shape_110-1,58,-97.8537,22.32491
shape_110-1,59,-97.85218,22.32511
shape_110-1,60,-97.85114,22.32525
shape_110-1,61,-97.85132,22.32589
shape_110-1,62,-97.84933,22.32637
shape_110-1,63,-97.84972,22.32772
shape_110-1,64,-97.84784,22.32842
shape_110-1,65,-97.84784,22.32842
shape_110-1,66,-97.84972,22.32772
shape_110-1,67,-97.84933,22.32637
shape_110-1,68,-97.85132,22.32589
shape_110-1,69,-97.85114,22.32525
shape_110-1,70,-97.85218,22.32511
shape_110-1,71,-97.8537,22.32491
shape_110-1,72,-97.85604,22.32393
shape_110-1,73,-97.8564,22.32368
shape_110-1,74,-97.85531,22.32214
shape_110-1,75,-97.85546,22.32194
shape_110-1,76,-97.85568,22.32189
shape_110-1,77,-97.85506,22.32109
shape_110-1,78,-97.85287,22.31792
shape_110-1,79,-97.85242,22.31737
shape_110-1,80,-97.84994,22.30987
shape_110-1,81,-97.84936,22.30821
shape_110-1,82,-97.85248,22.30711
shape_110-1,83,-97.85506,22.30614
shape_110-1,84,-97.85761,22.30509
shape_110-1,85,-97.85764,22.30493
shape_110-1,86,-97.86156,22.30355
shape_110-1,87,-97.86316,22.30734
shape_110-1,88,-97.86373,22.30709
shape_110-1,89,-97.86493,22.30712
shape_110-1,90,-97.86644,22.30717
shape_110-1,91,-97.86905,22.30718
shape_110-1,92,-97.86887,22.31076
shape_110-1,93,-97.87447,22.31101
shape_110-1,94,-97.87801,22.31074
shape_110-1,95,-97.87977,22.31064
shape_110-1,96,-97.88042,22.31058
shape_110-1,97,-97.87391,22.3314
shape_110-1,98,-97.87314,22.33521
shape_110-1,99,-97.87353,22.33652
shape_110-1,100,-97.87606,22.34525
shape_110-1,101,-97.87692,22.34652
shape_110-1,102,-97.87977,22.34922
shape_110-1,103,-97.88353,22.35121
shape_110-1,104,-97.8872,22.3542
shape_110-1,105,-97.89971,22.36772
shape_110-1,106,-97.90288,22.37099
shape_110-1,107,-97.90668,22.37468
shape_110-1,108,-97.9187,22.38657
shape_110-1,109,-97.92084,22.38756
shape_110-1,110,-97.922,22.38881
shape_110-1,111,-97.92249,22.38982
shape_110-1,112,-97.92318,22.3903
shape_110-1,113,-97.92404,22.39054
shape_110-1,114,-97.92936,22.39159
shape_110-1,115,-97.93058,22.39256
shape_110-1,116,-97.93342,22.3954
shape_110-1,117,-97.93721,22.39605
shape_110-1,118,-97.93799,22.39688
shape_110-1,119,-97.93724,22.40565
shape_110-1,120,-97.9391,22.41041
shape_110-1,121,-97.94178,22.4167
shape_110-1,122,-97.94133,22.41704
shape_110-1,123,-97.94084,22.41712
shape_110-1,124,-97.94294,22.41992
shape_110-1,125,-97.94678,22.42438
shape_110-1,126,-97.95082,22.42747
shape_110-1,127,-97.9673,22.43916
shape_110-1,128,-97.96751,22.43979
shape_110-1,129,-97.96749,22.44094
shape_110-1,130,-97.967,22.44449
shape_53-1,0,-97.94129,22.41537
shape_53-1,1,-97.93724,22.40567
shape_53-1,2,-97.93805,22.39718
shape_53-1,3,-97.93788,22.39639
shape_53-1,4,-97.93728,22.39603
shape_53-1,5,-97.93357,22.39542
shape_53-1,6,-97.93153,22.39349
shape_53-1,7,-97.92957,22.39169
shape_53-1,8,-97.92402,22.39048
shape_53-1,9,-97.92365,22.39046
shape_53-1,10,-97.92285,22.39015
shape_53-1,11,-97.9225,22.38972
shape_53-1,12,-97.92213,22.38906
shape_53-1,13,-97.92185,22.38855
shape_53-1,14,-97.92013,22.38722
shape_53-1,15,-97.91887,22.38673
shape_53-1,16,-97.90964,22.37762
shape_53-1,17,-97.90522,22.37321
shape_53-1,18,-97.90007,22.36829
shape_53-1,19,-97.89042,22.35772
shape_53-1,20,-97.88707,22.35405
shape_53-1,21,-97.88421,22.35176
shape_53-1,22,-97.88269,22.35083
shape_53-1,23,-97.87988,22.34928
shape_53-1,24,-97.87687,22.34638
shape_53-1,25,-97.87587,22.34478
shape_53-1,26,-97.87387,22.33749
shape_53-1,27,-97.87316,22.33549
shape_53-1,28,-97.8737,22.33215
shape_53-1,29,-97.87941,22.31409
shape_53-1,30,-97.8811,22.30873
shape_53-1,31,-97.88179,22.30605
shape_53-1,32,-97.88164,22.30474
shape_53-1,33,-97.87589,22.29505
shape_53-1,34,-97.87336,22.29124
shape_53-1,35,-97.87299,22.28916
shape_53-1,36,-97.87303,22.28771
shape_53-1,37,-97.87387,22.2854
shape_53-1,38,-97.87383,22.28403
shape_53-1,39,-97.87297,22.28252
shape_53-1,40,-97.8731,22.27873
shape_53-1,41,-97.87413,22.275
shape_53-1,42,-97.87473,22.2726
shape_53-1,43,-97.8737,22.27008
shape_53-1,44,-97.87376,22.2671
shape_53-1,45,-97.8746,22.26517
shape_53-1,46,-97.87666,22.25741
shape_53-1,47,-97.8761,22.25375
shape_53-1,48,-97.87402,22.24799
shape_53-1,49,-97.872,22.24444
shape_53-1,50,-97.86999,22.23947
shape_53-1,51,-97.86833,22.23612
shape_53-1,52,-97.866,22.23014
shape_53-1,53,-97.8635,22.22358
shape_53-1,54,-97.86324,22.2206
shape_53-1,55,-97.86267,22.21941
shape_53-1,56,-97.85752,22.21714
shape_53-1,57,-97.85882,22.21478
shape_53-1,58,-97.85968,22.21515
shape_53-1,59,-97.85797,22.21837
shape_53-1,60,-97.86324,22.2206
shape_53-1,61,-97.86324,22.2206
shape_53-1,62,-97.85797,22.21837
shape_53-1,63,-97.85968,22.21515
shape_53-1,64,-97.85882,22.21478
shape_53-1,65,-97.85752,22.21714
shape_53-1,66,-97.86267,22.21941
shape_53-1,67,-97.86324,22.2206
shape_53-1,68,-97.8635,22.22358
shape_53-1,69,-97.866,22.23014
shape_53-1,70,-97.86833,22.23612
shape_53-1,71,-97.86999,22.23947
shape_53-1,72,-97.872,22.24444
shape_53-1,73,-97.87402,22.24799
shape_53-1,74,-97.8761,22.25375
shape_53-1,75,-97.87666,22.25741
shape_53-1,76,-97.8746,22.26517
shape_53-1,77,-97.87376,22.2671
shape_53-1,78,-97.8737,22.27008
shape_53-1,79,-97.87473,22.2726
shape_53-1,80,-97.87413,22.275
shape_53-1,81,-97.8731,22.27873
shape_53-1,82,-97.87297,22.28252
shape_53-1,83,-97.87383,22.28403
shape_53-1,84,-97.87387,22.2854
shape_53-1,85,-97.87303,22.28771
shape_53-1,86,-97.87299,22.28916
shape_53-1,87,-97.87336,22.29124
shape_53-1,88,-97.87589,22.29505
shape_53-1,89,-97.88164,22.30474
shape_53-1,90,-97.88179,22.30605
shape_53-1,91,-97.8811,22.30873
shape_53-1,92,-97.87941,22.31409
shape_53-1,93,-97.8737,22.33215
shape_53-1,94,-97.87316,22.33549
shape_53-1,95,-97.87387,22.33749
shape_53-1,96,-97.87587,22.34478
shape_53-1,97,-97.87687,22.34638
shape_53-1,98,-97.87988,22.34928
shape_53-1,99,-97.88269,22.35083
shape_53-1,100,-97.88421,22.35176
shape_53-1,101,-97.88707,22.35405
shape_53-1,102,-97.89042,22.35772
shape_53-1,103,-97.90007,22.36829
shape_53-1,104,-97.90522,22.37321
shape_53-1,105,-97.90964,22.37762
shape_53-1,106,-97.91887,22.38673
shape_53-1,107,-97.92013,22.38722
shape_53-1,108,-97.92185,22.38855
shape_53-1,109,-97.92213,22.38906
shape_53-1,110,-97.9225,22.38972
shape_53-1,111,-97.92285,22.39015
shape_53-1,112,-97.92365,22.39046
shape_53-1,113,-97.92402,22.39048
shape_53-1,114,-97.92957,22.39169
shape_53-1,115,-97.93153,22.39349
shape_53-1,116,-97.93357,22.39542
shape_53-1,117,-97.93728,22.39603
shape_53-1,118,-97.93788,22.39639
shape_53-1,119,-97.93805,22.39718
shape_53-1,120,-97.93723,22.40567
shape_109A-1,0,-97.89333,22.43547
shape_109A-1,1,-97.88619,22.42414
shape_109A-1,2,-97.88503,22.4221
shape_109A-1,3,-97.88473,22.42005
shape_109A-1,4,-97.88677,22.41406
shape_109A-1,5,-97.897,22.38571
shape_109A-1,6,-97.90044,22.38167
shape_109A-1,7,-97.90181,22.37689
shape_109A-1,8,-97.90342,22.37448
shape_109A-1,9,-97.90411,22.37319
shape_109A-1,10,-97.90355,22.37155
shape_109A-1,11,-97.89818,22.36625
shape_109A-1,12,-97.88724,22.35418
shape_109A-1,13,-97.88372,22.35139
shape_109A-1,14,-97.88267,22.35093
shape_109A-1,15,-97.88012,22.3494
shape_109A-1,16,-97.8767,22.34629
shape_109A-1,17,-97.87589,22.34472
shape_109A-1,18,-97.87319,22.33525
shape_109A-1,19,-97.87391,22.33142
shape_109A-1,20,-97.88181,22.30615
shape_109A-1,21,-97.8817,22.3049
shape_109A-1,22,-97.88142,22.30399
shape_109A-1,23,-97.87327,22.2911
shape_109A-1,24,-97.87312,22.28957
shape_109A-1,25,-97.87299,22.2881
shape_109A-1,26,-97.87389,22.28558
shape_109A-1,27,-97.87385,22.28435
shape_109A-1,28,-97.87299,22.28233
shape_109A-1,29,-97.87306,22.27937
shape_109A-1,30,-97.874,22.27546
shape_109A-1,31,-97.87479,22.27258
shape_109A-1,32,-97.87381,22.27031
shape_109A-1,33,-97.87374,22.26702
shape_109A-1,34,-97.8746,22.26537
shape_109A-1,35,-97.87657,22.25745
shape_109A-1,36,-97.87642,22.25514
shape_109A-1,37,-97.8743,22.24883
shape_109A-1,38,-97.87155,22.24331
shape_109A-1,39,-97.8673,22.23353
shape_109A-1,40,-97.86338,22.22344
shape_109A-1,41,-97.86321,22.22064
shape_109A-1,42,-97.85799,22.2184
shape_109A-1,43,-97.85967,22.21519
shape_109A-1,44,-97.85967,22.21519
shape_109A-1,45,-97.85879,22.21476
shape_109A-1,46,-97.85836,22.21562
shape_109A-1,47,-97.86262,22.21749
shape_109A-1,48,-97.86346,22.21568
shape_109A-1,49,-97.86095,22.21454
shape_109A-1,50,-97.85926,22.21792
shape_109A-1,51,-97.86267,22.21943
shape_109A-1,52,-97.86321,22.22064
shape_109A-1,53,-97.86338,22.22344
shape_109A-1,54,-97.86509,22.2275
shape_109A-1,55,-97.86406,22.2298
shape_109A-1,56,-97.86531,22.23445
shape_109A-1,57,-97.86627,22.23721
shape_109A-1,58,-97.86709,22.24275
shape_109A-1,59,-97.867,22.24442
shape_109A-1,60,-97.86726,22.24573
shape_109A-1,61,-97.86765,22.24706
shape_109A-1,62,-97.8672,22.24948
shape_109A-1,63,-97.86673,22.25121
shape_109A-1,64,-97.8648,22.25445
shape_109A-1,65,-97.86475,22.25526
shape_109A-1,66,-97.86376,22.25752
shape_109A-1,67,-97.86047,22.26339
shape_109A-1,68,-97.85939,22.26714
shape_109A-1,69,-97.85638,22.27544
shape_109A-1,70,-97.85857,22.27754
shape_109A-1,71,-97.86286,22.28135
shape_109A-1,72,-97.86574,22.28469
shape_109A-1,73,-97.87054,22.28822
shape_109A-1,74,-97.87291,22.28957
shape_109A-1,75,-97.87327,22.2911
shape_109A-1,76,-97.88142,22.30399
shape_109A-1,77,-97.8817,22.3049
shape_109A-1,78,-97.88181,22.30615
shape_109A-1,79,-97.87391,22.33142
shape_109A-1,80,-97.87319,22.33525
shape_109A-1,81,-97.87589,22.34472
shape_109A-1,82,-97.8767,22.34629
shape_109A-1,83,-97.88012,22.3494
shape_109A-1,84,-97.88267,22.35093
shape_109A-1,85,-97.88372,22.35139
shape_109A-1,86,-97.88724,22.35418
shape_109A-1,87,-97.89818,22.36625
shape_109A-1,88,-97.90355,22.37155
shape_109A-1,89,-97.90411,22.37319
shape_109A-1,90,-97.90342,22.37448
shape_109A-1,91,-97.90181,22.37689
shape_109A-1,92,-97.90044,22.38167
shape_109A-1,93,-97.897,22.38571
shape_109A-1,94,-97.88677,22.41406
shape_109A-1,95,-97.88473,22.42005
shape_109A-1,96,-97.88503,22.4221
shape_109A-1,97,-97.88619,22.42414
shape_103A-1,0,-97.87861,22.38375
shape_103A-1,1,-97.87838,22.38581
shape_103A-1,2,-97.88396,22.38661
shape_103A-1,3,-97.88511,22.38996
shape_103A-1,4,-97.88481,22.39135
shape_103A-1,5,-97.88436,22.3922
shape_103A-1,6,-97.88389,22.39589
shape_103A-1,7,-97.88825,22.39556
shape_103A-1,8,-97.89327,22.3955
shape_103A-1,9,-97.89456,22.39589
shape_103A-1,10,-97.90005,22.39704
shape_103A-1,11,-97.90114,22.39663
shape_103A-1,12,-97.91222,22.38744
shape_103A-1,13,-97.91344,22.38633
shape_103A-1,14,-97.91428,22.38446
shape_103A-1,15,-97.91526,22.38335
shape_103A-1,16,-97.90316,22.37121
shape_103A-1,17,-97.89269,22.36028
shape_103A-1,18,-97.88718,22.35422
shape_103A-1,19,-97.88402,22.35164
shape_103A-1,20,-97.88213,22.35061
shape_103A-1,21,-97.88001,22.34944
shape_103A-1,22,-97.87765,22.34724
shape_103A-1,23,-97.87625,22.34567
shape_103A-1,24,-97.87385,22.33781
shape_103A-1,25,-97.87325,22.33531
shape_103A-1,26,-97.87391,22.3312
shape_103A-1,27,-97.88052,22.31056
shape_103A-1,28,-97.88112,22.30861
shape_103A-1,29,-97.88173,22.30611
shape_103A-1,30,-97.88168,22.30502
shape_103A-1,31,-97.87973,22.30129
shape_103A-1,32,-97.87331,22.29108
shape_103A-1,33,-97.87295,22.28808
shape_103A-1,34,-97.87404,22.28511
shape_103A-1,35,-97.87291,22.28247
shape_103A-1,36,-97.87306,22.27959
shape_103A-1,37,-97.87394,22.2754
shape_103A-1,38,-97.87466,22.27278
shape_103A-1,39,-97.8737,22.26978
shape_103A-1,40,-97.87385,22.26696
shape_103A-1,41,-97.87449,22.26553
shape_103A-1,42,-97.8766,22.25727
shape_103A-1,43,-97.87651,22.25518
shape_103A-1,44,-97.87396,22.24793
shape_103A-1,45,-97.87121,22.24257
shape_103A-1,46,-97.86346,22.2234
shape_103A-1,47,-97.86336,22.22209
shape_103A-1,48,-97.86321,22.22056
shape_103A-1,49,-97.85799,22.21834
shape_103A-1,50,-97.85958,22.21514
shape_103A-1,51,-97.85958,22.21514
shape_103A-1,52,-97.85885,22.2148
shape_103A-1,53,-97.85838,22.21568
shape_103A-1,54,-97.86261,22.2175
shape_103A-1,55,-97.86355,22.21568
shape_103A-1,56,-97.86097,22.21458
shape_103A-1,57,-97.85928,22.21794
shape_103A-1,58,-97.86265,22.21941
shape_103A-1,59,-97.86321,22.22056
shape_103A-1,60,-97.86336,22.22209
shape_103A-1,61,-97.86346,22.2234
shape_103A-1,62,-97.86509,22.22734
shape_103A-1,63,-97.86441,22.22891
shape_103A-1,64,-97.86415,22.22974
shape_103A-1,65,-97.8643,22.23061
shape_103A-1,66,-97.86625,22.23733
shape_103A-1,67,-97.86698,22.24424
shape_103A-1,68,-97.86769,22.24708
shape_103A-1,69,-97.86728,22.24944
shape_103A-1,70,-97.86681,22.25087
shape_103A-1,71,-97.86531,22.25367
shape_103A-1,72,-97.86381,22.25737
shape_103A-1,73,-97.86059,22.26336
shape_103A-1,74,-97.85939,22.26706
shape_103A-1,75,-97.85797,22.27123
shape_103A-1,76,-97.8563,22.2754
shape_103A-1,77,-97.86158,22.28
shape_103A-1,78,-97.86578,22.28485
shape_103A-1,79,-97.87115,22.28878
shape_103A-1,80,-97.87331,22.29108
shape_103A-1,81,-97.87973,22.30129
shape_103A-1,82,-97.88168,22.30502
shape_103A-1,83,-97.88173,22.30611
shape_103A-1,84,-97.88112,22.30861
shape_103A-1,85,-97.88052,22.31056
shape_103A-1,86,-97.87391,22.3312
shape_103A-1,87,-97.87325,22.33531
shape_103A-1,88,-97.87385,22.33781
shape_103A-1,89,-97.87625,22.34567
shape_103A-1,90,-97.87765,22.34724
shape_103A-1,91,-97.88001,22.34944
shape_103A-1,92,-97.88213,22.35061
shape_103A-1,93,-97.88402,22.35164
shape_103A-1,94,-97.88718,22.35422
shape_103A-1,95,-97.89269,22.36028
shape_103A-1,96,-97.90316,22.37121
shape_103A-1,97,-97.91526,22.38335
shape_103A-1,98,-97.91428,22.38446
shape_103A-1,99,-97.91344,22.38633
shape_103A-1,100,-97.91222,22.38744
shape_103A-1,101,-97.90114,22.39663
shape_103A-1,102,-97.90005,22.39704
shape_103A-1,103,-97.89456,22.39589
shape_103A-1,104,-97.89327,22.3955
shape_103A-1,105,-97.88825,22.39556
shape_103A-1,106,-97.88389,22.39589
shape_103A-1,107,-97.88436,22.3922
shape_103A-1,108,-97.88481,22.39135
shape_103A-1,109,-97.88511,22.38996
shape_103A-1,110,-97.88396,22.38661
shape_103A-1,111,-97.87838,22.38581
shape_109-1,0,-97.89333,22.43547
shape_109-1,1,-97.88619,22.42414
shape_109-1,2,-97.88503,22.4221
shape_109-1,3,-97.88473,22.42005
shape_109-1,4,-97.88677,22.41406
shape_109-1,5,-97.897,22.38571
shape_109-1,6,-97.90044,22.38167
shape_109-1,7,-97.90181,22.37689
shape_109-1,8,-97.90342,22.37448
shape_109-1,9,-97.90411,22.37319
shape_109-1,10,-97.90355,22.37155
shape_109-1,11,-97.89818,22.36625
shape_109-1,12,-97.89492,22.36258
shape_109-1,13,-97.89166,22.35913
shape_109-1,14,-97.88724,22.35418
shape_109-1,15,-97.88372,22.35139
shape_109-1,16,-97.88267,22.35093
shape_109-1,17,-97.88012,22.3494
shape_109-1,18,-97.8767,22.34629
shape_109-1,19,-97.87589,22.34472
shape_109-1,20,-97.87319,22.33525
shape_109-1,21,-97.87391,22.33142
shape_109-1,22,-97.87634,22.32368
shape_109-1,23,-97.87814,22.31816
shape_109-1,24,-97.88042,22.31097
shape_109-1,25,-97.88102,22.30875
shape_109-1,26,-97.88181,22.30615
shape_109-1,27,-97.8817,22.3049
shape_109-1,28,-97.88142,22.30399
shape_109-1,29,-97.87327,22.2911
shape_109-1,30,-97.87312,22.28957
shape_109-1,31,-97.87299,22.2881
shape_109-1,32,-97.87389,22.28558
shape_109-1,33,-97.87385,22.28435
shape_109-1,34,-97.87299,22.28233
shape_109-1,35,-97.87306,22.27937
shape_109-1,36,-97.874,22.27546
shape_109-1,37,-97.87479,22.27258
shape_109-1,38,-97.87381,22.27031
shape_109-1,39,-97.87374,22.26702
shape_109-1,40,-97.8746,22.26537
shape_109-1,41,-97.87657,22.25745
shape_109-1,42,-97.87642,22.25514
shape_109-1,43,-97.8743,22.24883
shape_109-1,44,-97.87155,22.24331
shape_109-1,45,-97.8673,22.23353
shape_109-1,46,-97.86509,22.22793
shape_109-1,47,-97.86338,22.22344
shape_109-1,48,-97.86321,22.22064
shape_109-1,49,-97.86267,22.21943
shape_109-1,50,-97.85926,22.21792
shape_109-1,51,-97.86095,22.21454
shape_109-1,52,-97.86346,22.21568
shape_109-1,53,-97.86262,22.21749
shape_109-1,54,-97.85836,22.21562
shape_109-1,55,-97.85879,22.21476
shape_109-1,56,-97.85967,22.21519
shape_109-1,57,-97.85967,22.21519
shape_109-1,58,-97.85804,22.21836
shape_109-1,59,-97.86321,22.22064
shape_109-1,60,-97.86338,22.22344
shape_109-1,61,-97.86464,22.22656
shape_109-1,62,-97.86636,22.23107
shape_109-1,63,-97.8673,22.23353
shape_109-1,64,-97.86979,22.23902
shape_109-1,65,-97.86767,22.23983
shape_109-1,66,-97.86801,22.24082
shape_109-1,67,-97.8669,22.24124
shape_109-1,68,-97.86627,22.2413
shape_109-1,69,-97.86634,22.24374
shape_109-1,70,-97.86649,22.24686
shape_109-1,71,-97.86606,22.2499
shape_109-1,72,-97.8633,22.2507
shape_109-1,73,-97.86334,22.25276
shape_109-1,74,-97.86477,22.25305
shape_109-1,75,-97.86475,22.2552
shape_109-1,76,-97.86355,22.2579
shape_109-1,77,-97.86222,22.26023
shape_109-1,78,-97.86044,22.26336
shape_109-1,79,-97.85909,22.26817
shape_109-1,80,-97.85771,22.27186
shape_109-1,81,-97.85632,22.27542
shape_109-1,82,-97.8554,22.27478
shape_109-1,83,-97.8552,22.27486
shape_109-1,84,-97.85512,22.27504
shape_109-1,85,-97.85613,22.27665
shape_109-1,86,-97.859,22.27798
shape_109-1,87,-97.86291,22.28127
shape_109-1,88,-97.86552,22.28461
shape_109-1,89,-97.87042,22.28812
shape_109-1,90,-97.87327,22.2911
shape_109-1,91,-97.87647,22.29613
shape_109-1,92,-97.87956,22.30109
shape_109-1,93,-97.88142,22.30399
shape_109-1,94,-97.8817,22.3049
shape_109-1,95,-97.88181,22.30615
shape_109-1,96,-97.88114,22.30843
shape_109-1,97,-97.88054,22.31026
shape_109-1,98,-97.87836,22.31713
shape_109-1,99,-97.87642,22.3234
shape_109-1,100,-97.87391,22.33142
shape_109-1,101,-97.87319,22.33525
shape_109-1,102,-97.87325,22.33595
shape_109-1,103,-97.87589,22.34472
shape_109-1,104,-97.8767,22.34629
shape_109-1,105,-97.88012,22.3494
shape_109-1,106,-97.88267,22.35093
shape_109-1,107,-97.88372,22.35139
shape_109-1,108,-97.88724,22.35418
shape_109-1,109,-97.89222,22.35952
shape_109-1,110,-97.89818,22.36625
shape_109-1,111,-97.90355,22.37155
shape_109-1,112,-97.90411,22.37319
shape_109-1,113,-97.90342,22.37448
shape_109-1,114,-97.90181,22.37689
shape_109-1,115,-97.90044,22.38167
shape_109-1,116,-97.897,22.38571
shape_109-1,117,-97.88677,22.41406
shape_109-1,118,-97.88473,22.42005
shape_109-1,119,-97.88503,22.4221
shape_109-1,120,-97.88619,22.42414
shape_103-1,0,-97.87861,22.38375
shape_103-1,1,-97.87838,22.38581
shape_103-1,2,-97.88396,22.38661
shape_103-1,3,-97.88511,22.38996
shape_103-1,4,-97.88481,22.39135
shape_103-1,5,-97.88436,22.3922
shape_103-1,6,-97.88389,22.39589
shape_103-1,7,-97.88825,22.39556
shape_103-1,8,-97.89327,22.3955
shape_103-1,9,-97.89456,22.39589
shape_103-1,10,-97.90005,22.39704
shape_103-1,11,-97.90114,22.39663
shape_103-1,12,-97.91222,22.38744
shape_103-1,13,-97.91344,22.38633
shape_103-1,14,-97.91428,22.38446
shape_103-1,15,-97.91526,22.38335
shape_103-1,16,-97.90316,22.37121
shape_103-1,17,-97.89269,22.36028
shape_103-1,18,-97.88718,22.35422
shape_103-1,19,-97.88402,22.35164
shape_103-1,20,-97.88213,22.35061
shape_103-1,21,-97.88001,22.34944
shape_103-1,22,-97.87765,22.34724
shape_103-1,23,-97.87625,22.34567
shape_103-1,24,-97.87385,22.33781
shape_103-1,25,-97.87325,22.33531
shape_103-1,26,-97.87391,22.3312
shape_103-1,27,-97.87668,22.32261
shape_103-1,28,-97.87866,22.31689
shape_103-1,29,-97.88052,22.31056
shape_103-1,30,-97.88112,22.30861
shape_103-1,31,-97.88173,22.30611
shape_103-1,32,-97.88168,22.30502
shape_103-1,33,-97.87973,22.30129
shape_103-1,34,-97.87625,22.29585
shape_103-1,35,-97.87331,22.29108
shape_103-1,36,-97.87295,22.28808
shape_103-1,37,-97.87404,22.28511
shape_103-1,38,-97.87291,22.28247
shape_103-1,39,-97.87306,22.27959
shape_103-1,40,-97.87394,22.2754
shape_103-1,41,-97.87466,22.27278
shape_103-1,42,-97.8737,22.26978
shape_103-1,43,-97.87385,22.26696
shape_103-1,44,-97.87449,22.26553
shape_103-1,45,-97.87565,22.26114
shape_103-1,46,-97.8766,22.25727
shape_103-1,47,-97.87651,22.25518
shape_103-1,48,-97.87396,22.24793
shape_103-1,49,-97.87121,22.24257
shape_103-1,50,-97.86904,22.23723
shape_103-1,51,-97.86716,22.23286
shape_103-1,52,-97.86475,22.22706
shape_103-1,53,-97.86346,22.2234
shape_103-1,54,-97.86336,22.22209
shape_103-1,55,-97.86321,22.22056
shape_103-1,56,-97.86265,22.21939
shape_103-1,57,-97.85926,22.2179
shape_103-1,58,-97.86097,22.21458
shape_103-1,59,-97.86344,22.21566
shape_103-1,60,-97.86261,22.2175
shape_103-1,61,-97.85829,22.21566
shape_103-1,62,-97.85876,22.21478
shape_103-1,63,-97.85958,22.21514
shape_103-1,64,-97.85958,22.21514
shape_103-1,65,-97.85804,22.21836
shape_103-1,66,-97.86326,22.22064
shape_103-1,67,-97.86336,22.22209
shape_103-1,68,-97.86346,22.2234
shape_103-1,69,-97.86488,22.22698
shape_103-1,70,-97.86664,22.23159
shape_103-1,71,-97.86831,22.23584
shape_103-1,72,-97.87018,22.24012
shape_103-1,73,-97.86808,22.24084
shape_103-1,74,-97.86629,22.24126
shape_103-1,75,-97.86647,22.24543
shape_103-1,76,-97.86649,22.2476
shape_103-1,77,-97.86604,22.24992
shape_103-1,78,-97.86323,22.25079
shape_103-1,79,-97.86331,22.25278
shape_103-1,80,-97.86473,22.25306
shape_103-1,81,-97.86469,22.25522
shape_103-1,82,-97.86381,22.25725
shape_103-1,83,-97.86108,22.26249
shape_103-1,84,-97.86044,22.2636
shape_103-1,85,-97.8596,22.26652
shape_103-1,86,-97.8581,22.27079
shape_103-1,87,-97.85643,22.27548
shape_103-1,88,-97.85531,22.27474
shape_103-1,89,-97.85514,22.27484
shape_103-1,90,-97.85513,22.27502
shape_103-1,91,-97.856,22.27643
shape_103-1,92,-97.85656,22.27688
shape_103-1,93,-97.85883,22.27802
shape_103-1,94,-97.86295,22.28119
shape_103-1,95,-97.86578,22.28481
shape_103-1,96,-97.8705,22.2881
shape_103-1,97,-97.87331,22.29108
shape_103-1,98,-97.87973,22.30129
shape_103-1,99,-97.88168,22.30502
shape_103-1,100,-97.88173,22.30611
shape_103-1,101,-97.88112,22.30861
shape_103-1,102,-97.88052,22.31056
shape_103-1,103,-97.87849,22.31705
shape_103-1,104,-97.8766,22.32324
shape_103-1,105,-97.87391,22.3312
shape_103-1,106,-97.87325,22.33531
shape_103-1,107,-97.87385,22.33781
shape_103-1,108,-97.87625,22.34567
shape_103-1,109,-97.87765,22.34724
shape_103-1,110,-97.88001,22.34944
shape_103-1,111,-97.88213,22.35061
shape_103-1,112,-97.88402,22.35164
shape_103-1,113,-97.88718,22.35422
shape_103-1,114,-97.89269,22.36028
shape_103-1,115,-97.90127,22.36954
shape_103-1,116,-97.90219,22.37147
shape_103-1,117,-97.90368,22.37357
shape_103-1,118,-97.90769,22.37571
shape_103-1,119,-97.91526,22.38335
shape_103-1,120,-97.91428,22.38446
shape_103-1,121,-97.91344,22.38633
shape_103-1,122,-97.91222,22.38744
shape_103-1,123,-97.90698,22.39187
shape_103-1,124,-97.90114,22.39663
shape_103-1,125,-97.90005,22.39704
shape_103-1,126,-97.89456,22.39589
shape_103-1,127,-97.89327,22.3955
shape_103-1,128,-97.88825,22.39556
shape_103-1,129,-97.88389,22.39589
shape_103-1,130,-97.88436,22.3922
shape_103-1,131,-97.88481,22.39135
shape_103-1,132,-97.88511,22.38996
shape_103-1,133,-97.88396,22.38661
shape_103-1,134,-97.88364,22.38536
shape_103-1,135,-97.88368,22.38433
shape_103-1,136,-97.8787,22.38377
shape_100-1,0,-97.95037,22.39286
shape_100-1,1,-97.94771,22.39262
shape_100-1,2,-97.9475,22.39448
shape_100-1,3,-97.94826,22.39515
shape_100-1,4,-97.94917,22.39545
shape_100-1,5,-97.95021,22.39481
shape_100-1,6,-97.95041,22.39266
shape_100-1,7,-97.95043,22.39239
shape_100-1,8,-97.9517,22.39081
shape_100-1,9,-97.95029,22.38777
shape_100-1,10,-97.94702,22.38722
shape_100-1,11,-97.94696,22.38784
shape_100-1,12,-97.94449,22.38761
shape_100-1,13,-97.9444,22.38858
shape_100-1,14,-97.94288,22.38836
shape_100-1,15,-97.94246,22.38858
shape_100-1,16,-97.94182,22.38852
shape_100-1,17,-97.94156,22.39112
shape_100-1,18,-97.94073,22.39756
shape_100-1,19,-97.94079,22.39846
shape_100-1,20,-97.94061,22.39936
shape_100-1,21,-97.93781,22.39898
shape_100-1,22,-97.938,22.39709
shape_100-1,23,-97.93777,22.39644
shape_100-1,24,-97.93703,22.39601
shape_100-1,25,-97.93386,22.39547
shape_100-1,26,-97.93316,22.39513
shape_100-1,27,-97.93033,22.3923
shape_100-1,28,-97.92973,22.39181
shape_100-1,29,-97.92443,22.3906
shape_100-1,30,-97.9237,22.39044
shape_100-1,31,-97.92293,22.39019
shape_100-1,32,-97.92244,22.38964
shape_100-1,33,-97.9221,22.38892
shape_100-1,34,-97.92158,22.38828
shape_100-1,35,-97.92037,22.38734
shape_100-1,36,-97.91906,22.38696
shape_100-1,37,-97.9123,22.3804
shape_100-1,38,-97.9078,22.37583
shape_100-1,39,-97.90378,22.37177
shape_100-1,40,-97.89994,22.36804
shape_100-1,41,-97.88986,22.35704
shape_100-1,42,-97.88698,22.35399
shape_100-1,43,-97.88344,22.35117
shape_100-1,44,-97.88022,22.34952
shape_100-1,45,-97.87816,22.34779
shape_100-1,46,-97.87649,22.34583
shape_100-1,47,-97.8758,22.34456
shape_100-1,48,-97.87336,22.33636
shape_100-1,49,-97.87314,22.33523
shape_100-1,50,-97.87557,22.32602
shape_100-1,51,-97.8811,22.30857
shape_100-1,52,-97.88175,22.30651
shape_100-1,53,-97.88155,22.30448
shape_100-1,54,-97.87331,22.29108
shape_100-1,55,-97.87295,22.28822
shape_100-1,56,-97.87406,22.28525
shape_100-1,57,-97.87295,22.28247
shape_100-1,58,-97.87308,22.27907
shape_100-1,59,-97.874,22.27536
shape_100-1,60,-97.87473,22.27266
shape_100-1,61,-97.87368,22.27
shape_100-1,62,-97.87378,22.2669
shape_100-1,63,-97.87458,22.26543
shape_100-1,64,-97.87615,22.25949
shape_100-1,65,-97.87664,22.25729
shape_100-1,66,-97.87612,22.25377
shape_100-1,67,-97.87437,22.24887
shape_100-1,68,-97.87308,22.24648
shape_100-1,69,-97.87057,22.24114
shape_100-1,70,-97.86769,22.23441
shape_100-1,71,-97.86434,22.22589
shape_100-1,72,-97.86336,22.22316
shape_100-1,73,-97.86321,22.22064
shape_100-1,74,-97.86271,22.21943
shape_100-1,75,-97.85924,22.21794
shape_100-1,76,-97.86004,22.21634
shape_100-1,77,-97.86099,22.21459
shape_100-1,78,-97.86349,22.21568
shape_100-1,79,-97.86267,22.21748
shape_100-1,80,-97.85842,22.21563
shape_100-1,81,-97.85881,22.21473
shape_100-1,82,-97.85968,22.21519
shape_100-1,83,-97.85968,22.21519
shape_100-1,84,-97.85885,22.21663
shape_100-1,85,-97.85799,22.2184
shape_100-1,86,-97.86228,22.22026
shape_100-1,87,-97.86321,22.22064
shape_100-1,88,-97.86336,22.22316
shape_100-1,89,-97.86434,22.22589
shape_100-1,90,-97.86503,22.22738
shape_100-1,91,-97.86413,22.2298
shape_100-1,92,-97.8655,22.23486
shape_100-1,93,-97.86662,22.23882
shape_100-1,94,-97.86713,22.24279
shape_100-1,95,-97.86707,22.24487
shape_100-1,96,-97.86764,22.24702
shape_100-1,97,-97.86716,22.25014
shape_100-1,98,-97.8655,22.25316
shape_100-1,99,-97.86475,22.25457
shape_100-1,100,-97.86462,22.2556
shape_100-1,101,-97.86263,22.25943
shape_100-1,102,-97.86068,22.2632
shape_100-1,103,-97.8563,22.27546
shape_100-1,104,-97.85443,22.27399
shape_100-1,105,-97.85434,22.27419
shape_100-1,106,-97.85589,22.27627
shape_100-1,107,-97.85681,22.27704
shape_100-1,108,-97.85926,22.27816
shape_100-1,109,-97.86282,22.28112
shape_100-1,110,-97.86577,22.28479
shape_100-1,111,-97.8707,22.28846
shape_100-1,112,-97.87331,22.29108
shape_100-1,113,-97.88155,22.30448
shape_100-1,114,-97.88175,22.30651
shape_100-1,115,-97.8811,22.30857
shape_100-1,116,-97.87557,22.32602
shape_100-1,117,-97.87314,22.33523
shape_100-1,118,-97.87336,22.33636
shape_100-1,119,-97.8758,22.34456
shape_100-1,120,-97.87649,22.34583
shape_100-1,121,-97.87816,22.34779
shape_100-1,122,-97.88022,22.34952
shape_100-1,123,-97.88344,22.35117
shape_100-1,124,-97.88698,22.35399
shape_100-1,125,-97.88986,22.35704
shape_100-1,126,-97.89994,22.36804
shape_100-1,127,-97.90378,22.37177
shape_100-1,128,-97.9078,22.37583
shape_100-1,129,-97.9123,22.3804
shape_100-1,130,-97.91906,22.38696
shape_100-1,131,-97.92037,22.38734
shape_100-1,132,-97.92158,22.38828
shape_100-1,133,-97.9221,22.38892
shape_100-1,134,-97.92244,22.38964
shape_100-1,135,-97.92293,22.39019
shape_100-1,136,-97.9237,22.39044
shape_100-1,137,-97.92443,22.3906
shape_100-1,138,-97.92973,22.39181
shape_100-1,139,-97.93033,22.3923
shape_100-1,140,-97.93316,22.39513
shape_100-1,141,-97.93386,22.39547
shape_100-1,142,-97.93703,22.39601
shape_100-1,143,-97.93777,22.39644
shape_100-1,144,-97.938,22.39709
shape_100-1,145,-97.93781,22.39898
shape_100-1,146,-97.94061,22.39936
shape_100-1,147,-97.94079,22.39846
shape_100-1,148,-97.94073,22.39756
shape_100-1,149,-97.94156,22.39112
shape_100-1,150,-97.94182,22.38852
shape_100-1,151,-97.94246,22.38858
shape_100-1,152,-97.94288,22.38836
shape_100-1,153,-97.9444,22.38858
shape_100-1,154,-97.94449,22.38761
shape_100-1,155,-97.94696,22.38784
shape_100-1,156,-97.94702,22.38722
shape_100-1,157,-97.95029,22.38777
shape_100-1,158,-97.9517,22.39081
shape_100-1,159,-97.95043,22.39239
shape_100-1,160,-97.95041,22.39266
shape_100-1,161,-97.95021,22.39481
shape_100-1,162,-97.94917,22.39545
shape_100-1,163,-97.94826,22.39515
shape_100-1,164,-97.9475,22.39448
shape_100-1,165,-97.94771,22.39262
shape_100A-1,0,-97.95039,22.39286
shape_100A-1,1,-97.9477,22.39259
shape_100A-1,2,-97.94756,22.39456
shape_100A-1,3,-97.94834,22.39516
shape_100A-1,4,-97.94911,22.39544
shape_100A-1,5,-97.95021,22.39478
shape_100A-1,6,-97.95044,22.39243
shape_100A-1,7,-97.95111,22.39156
shape_100A-1,8,-97.95062,22.39125
shape_100A-1,9,-97.95147,22.39031
shape_100A-1,10,-97.95004,22.38728
shape_100A-1,11,-97.94792,22.38679
shape_100A-1,12,-97.94709,22.3867
shape_100A-1,13,-97.94706,22.38726
shape_100A-1,14,-97.94519,22.38702
shape_100A-1,15,-97.94509,22.38763
shape_100A-1,16,-97.94453,22.3876
shape_100A-1,17,-97.94435,22.38874
shape_100A-1,18,-97.94335,22.38843
shape_100A-1,19,-97.94251,22.38849
shape_100A-1,20,-97.94184,22.38853
shape_100A-1,21,-97.94139,22.39229
shape_100A-1,22,-97.94086,22.39617
shape_100A-1,23,-97.94075,22.39851
shape_100A-1,24,-97.94063,22.3993
shape_100A-1,25,-97.93784,22.39899
shape_100A-1,26,-97.93801,22.39722
shape_100A-1,27,-97.93779,22.39641
shape_100A-1,28,-97.9367,22.39593
shape_100A-1,29,-97.93344,22.39536
shape_100A-1,30,-97.92962,22.39171
shape_100A-1,31,-97.9238,22.39044
shape_100A-1,32,-97.92264,22.38998
shape_100A-1,33,-97.92176,22.38845
shape_100A-1,34,-97.91992,22.38702
shape_100A-1,35,-97.91747,22.38546
shape_100A-1,36,-97.91264,22.38069
shape_100A-1,37,-97.90664,22.37462
shape_100A-1,38,-97.90275,22.37085
shape_100A-1,39,-97.90031,22.36837
shape_100A-1,40,-97.8872,22.35422
shape_100A-1,41,-97.88316,22.35105
shape_100A-1,42,-97.88007,22.34942
shape_100A-1,43,-97.87677,22.34629
shape_100A-1,44,-97.87585,22.34474
shape_100A-1,45,-97.87479,22.34101
shape_100A-1,46,-97.87316,22.33527
shape_100A-1,47,-97.87385,22.33106
shape_100A-1,48,-97.87939,22.31395
shape_100A-1,49,-97.88061,22.31006
shape_100A-1,50,-97.88181,22.30619
shape_100A-1,51,-97.88175,22.30484
shape_100A-1,52,-97.87325,22.2911
shape_100A-1,53,-97.87314,22.28985
shape_100A-1,54,-97.87218,22.28916
shape_100A-1,55,-97.8702,22.28799
shape_100A-1,56,-97.86649,22.28532
shape_100A-1,57,-97.86454,22.28348
shape_100A-1,58,-97.86224,22.28062
shape_100A-1,59,-97.85608,22.27536
shape_100A-1,60,-97.85885,22.26904
shape_100A-1,61,-97.85988,22.26525
shape_100A-1,62,-97.86205,22.26032
shape_100A-1,63,-97.86394,22.25717
shape_100A-1,64,-97.86464,22.25524
shape_100A-1,65,-97.8648,22.25437
shape_100A-1,66,-97.86559,22.25322
shape_100A-1,67,-97.86683,22.25081
shape_100A-1,68,-97.86728,22.24932
shape_100A-1,69,-97.86767,22.24692
shape_100A-1,70,-97.86696,22.24452
shape_100A-1,71,-97.86651,22.23862
shape_100A-1,72,-97.86415,22.22996
shape_100A-1,73,-97.86501,22.22742
shape_100A-1,74,-97.86349,22.22352
shape_100A-1,75,-97.86327,22.2206
shape_100A-1,76,-97.86265,22.21941
shape_100A-1,77,-97.85932,22.21798
shape_100A-1,78,-97.86102,22.21456
shape_100A-1,79,-97.86353,22.21564
shape_100A-1,80,-97.86263,22.21748
shape_100A-1,81,-97.85842,22.21568
shape_100A-1,82,-97.85879,22.21484
shape_100A-1,83,-97.85958,22.21516
shape_100A-1,84,-97.85958,22.21516
shape_100A-1,85,-97.85806,22.21842
shape_100A-1,86,-97.86149,22.21987
shape_100A-1,87,-97.86329,22.22072
shape_100A-1,88,-97.86349,22.22352
shape_100A-1,89,-97.86501,22.22742
shape_100A-1,90,-97.86578,22.2296
shape_100A-1,91,-97.86911,22.2377
shape_100A-1,92,-97.87299,22.24658
shape_100A-1,93,-97.87419,22.24821
shape_100A-1,94,-97.87505,22.25038
shape_100A-1,95,-97.87655,22.25637
shape_100A-1,96,-97.87492,22.26475
shape_100A-1,97,-97.87376,22.26718
shape_100A-1,98,-97.87394,22.27015
shape_100A-1,99,-97.87458,22.27238
shape_100A-1,100,-97.87441,22.27403
shape_100A-1,101,-97.87291,22.28004
shape_100A-1,102,-97.87273,22.28231
shape_100A-1,103,-97.87406,22.28457
shape_100A-1,104,-97.87218,22.28916
shape_100A-1,105,-97.87211,22.28997
shape_100A-1,106,-97.87325,22.2911
shape_100A-1,107,-97.88175,22.30484
shape_100A-1,108,-97.88181,22.30619
shape_100A-1,109,-97.88061,22.31006
shape_100A-1,110,-97.87939,22.31395
shape_100A-1,111,-97.87385,22.33106
shape_100A-1,112,-97.87316,22.33527
shape_100A-1,113,-97.87479,22.34101
shape_100A-1,114,-97.87585,22.34474
shape_100A-1,115,-97.87677,22.34629
shape_100A-1,116,-97.88007,22.34942
shape_100A-1,117,-97.88316,22.35105
shape_100A-1,118,-97.8872,22.35422
shape_100A-1,119,-97.90031,22.36837
shape_100A-1,120,-97.90275,22.37085
shape_100A-1,121,-97.90664,22.37462
shape_100A-1,122,-97.91264,22.38069
shape_100A-1,123,-97.91747,22.38546
shape_100A-1,124,-97.91992,22.38702
shape_100A-1,125,-97.92176,22.38845
shape_100A-1,126,-97.92264,22.38998
shape_100A-1,127,-97.9238,22.39044
shape_100A-1,128,-97.92962,22.39171
shape_100A-1,129,-97.93344,22.39536
shape_100A-1,130,-97.9367,22.39593
shape_100A-1,131,-97.93779,22.39641
shape_100A-1,132,-97.93801,22.39722
shape_100A-1,133,-97.93784,22.39899
shape_100A-1,134,-97.94063,22.3993
shape_100A-1,135,-97.94075,22.39851
shape_100A-1,136,-97.94086,22.39617
shape_100A-1,137,-97.94139,22.39229
shape_100A-1,138,-97.94184,22.38853
shape_100A-1,139,-97.94251,22.38849
shape_100A-1,140,-97.94335,22.38843
shape_100A-1,141,-97.94435,22.38874
shape_100A-1,142,-97.94453,22.3876
shape_100A-1,143,-97.94509,22.38763
shape_100A-1,144,-97.94519,22.38702
shape_100A-1,145,-97.94706,22.38726
shape_100A-1,146,-97.94709,22.3867
shape_100A-1,147,-97.94792,22.38679
shape_100A-1,148,-97.95004,22.38728
shape_100A-1,149,-97.95147,22.39031
shape_100A-1,150,-97.95062,22.39125
shape_100A-1,151,-97.95111,22.39156
shape_100A-1,152,-97.95044,22.39243
shape_100A-1,153,-97.95021,22.39478
shape_100A-1,154,-97.94911,22.39544
shape_100A-1,155,-97.94834,22.39516
shape_100A-1,156,-97.94756,22.39456
shape_100A-1,157,-97.94773,22.39258
shape_100A-1,158,-97.94902,22.39268
shape_100A-1,159,-97.95035,22.3929
shape_106-1,0,-97.88471,22.44614
shape_106-1,1,-97.89647,22.44372
shape_106-1,2,-97.89479,22.43789
shape_106-1,3,-97.88514,22.42238
shape_106-1,4,-97.88484,22.42089
shape_106-1,5,-97.88488,22.41922
shape_106-1,6,-97.89689,22.38587
shape_106-1,7,-97.89977,22.38258
shape_106-1,8,-97.90089,22.38075
shape_106-1,9,-97.90187,22.37675
shape_106-1,10,-97.90348,22.37439
shape_106-1,11,-97.90432,22.37403
shape_106-1,12,-97.90703,22.37543
shape_106-1,13,-97.90773,22.37592
shape_106-1,14,-97.90999,22.37802
shape_106-1,15,-97.91013,22.37819
shape_106-1,16,-97.91073,22.3788
shape_106-1,17,-97.91084,22.3787
shape_106-1,18,-97.91007,22.37793
shape_106-1,19,-97.90942,22.37722
shape_106-1,20,-97.90745,22.37539
shape_106-1,21,-97.90462,22.37263
shape_106-1,22,-97.90157,22.3697
shape_106-1,23,-97.89404,22.36167
shape_106-1,24,-97.88722,22.3543
shape_106-1,25,-97.88353,22.35123
shape_106-1,26,-97.88076,22.34986
shape_106-1,27,-97.87821,22.34773
shape_106-1,28,-97.87638,22.34587
shape_106-1,29,-97.87413,22.33833
shape_106-1,30,-97.87331,22.33634
shape_106-1,31,-97.87321,22.33527
shape_106-1,32,-97.87391,22.33126
shape_106-1,33,-97.87589,22.32554
shape_106-1,34,-97.8784,22.31653
shape_106-1,35,-97.88031,22.31109
shape_106-1,36,-97.88166,22.30665
shape_106-1,37,-97.88168,22.30482
shape_106-1,38,-97.87632,22.29605
shape_106-1,39,-97.87327,22.29108
shape_106-1,40,-97.87297,22.28892
shape_106-1,41,-97.87308,22.28777
shape_106-1,42,-97.87398,22.28489
shape_106-1,43,-97.87323,22.28286
shape_106-1,44,-97.87291,22.28127
shape_106-1,45,-97.87314,22.27798
shape_106-1,46,-97.87475,22.27286
shape_106-1,47,-97.87389,22.27063
shape_106-1,48,-97.87374,22.26704
shape_106-1,49,-97.87458,22.26531
shape_106-1,50,-97.87655,22.25828
shape_106-1,51,-97.87651,22.25526
shape_106-1,52,-97.87505,22.25085
shape_106-1,53,-97.87316,22.24656
shape_106-1,54,-97.86716,22.23306
shape_106-1,55,-97.86346,22.22368
shape_106-1,56,-97.86327,22.22062
shape_106-1,57,-97.86278,22.21947
shape_106-1,58,-97.85926,22.21798
shape_106-1,59,-97.86095,22.21454
shape_106-1,60,-97.86346,22.21566
shape_106-1,61,-97.86265,22.21746
shape_106-1,62,-97.85842,22.21564
shape_106-1,63,-97.85879,22.2148
shape_106-1,64,-97.85973,22.21522
shape_106-1,65,-97.85973,22.21522
shape_106-1,66,-97.85804,22.21834
shape_106-1,67,-97.86327,22.22062
shape_106-1,68,-97.86346,22.22368
shape_106-1,69,-97.86589,22.2295
shape_106-1,70,-97.86417,22.23032
shape_106-1,71,-97.8628,22.23073
shape_106-1,72,-97.86357,22.23353
shape_106-1,73,-97.86342,22.23441
shape_106-1,74,-97.86376,22.24334
shape_106-1,75,-97.86383,22.24914
shape_106-1,76,-97.86355,22.25053
shape_106-1,77,-97.86327,22.25077
shape_106-1,78,-97.86338,22.25284
shape_106-1,79,-97.86471,22.25304
shape_106-1,80,-97.86469,22.2552
shape_106-1,81,-97.86055,22.2634
shape_106-1,82,-97.85934,22.26781
shape_106-1,83,-97.85626,22.27552
shape_106-1,84,-97.85471,22.27428
shape_106-1,85,-97.85613,22.27659
shape_106-1,86,-97.85934,22.27826
shape_106-1,87,-97.86303,22.28135
shape_106-1,88,-97.86548,22.28465
shape_106-1,89,-97.86977,22.28753
shape_106-1,90,-97.87327,22.29108
shape_106-1,91,-97.87632,22.29605
shape_106-1,92,-97.88168,22.30482
shape_106-1,93,-97.88166,22.30665
shape_106-1,94,-97.88031,22.31109
shape_106-1,95,-97.8784,22.31653
shape_106-1,96,-97.87589,22.32554
shape_106-1,97,-97.87391,22.33126
shape_106-1,98,-97.87321,22.33527
shape_106-1,99,-97.87331,22.33634
shape_106-1,100,-97.87413,22.33833
shape_106-1,101,-97.87638,22.34587
shape_106-1,102,-97.87821,22.34773
shape_106-1,103,-97.88076,22.34986
shape_106-1,104,-97.88353,22.35123
shape_106-1,105,-97.88722,22.3543
shape_106-1,106,-97.89404,22.36167
shape_106-1,107,-97.90116,22.36956
shape_106-1,108,-97.90189,22.37118
shape_106-1,109,-97.9029,22.3727
shape_106-1,110,-97.90432,22.37403
shape_106-1,111,-97.90348,22.37439
shape_106-1,112,-97.90187,22.37675
shape_106-1,113,-97.90089,22.38075
shape_106-1,114,-97.89977,22.38258
shape_106-1,115,-97.89689,22.38587
shape_106-1,116,-97.88488,22.41922
shape_106-1,117,-97.88484,22.42089
shape_106-1,118,-97.88514,22.42238
shape_106-1,119,-97.89479,22.43789
shape_106-1,120,-97.89642,22.44372
shape_106-1,121,-97.88484,22.44618
shape_106A-1,0,-97.88471,22.44614
shape_106A-1,1,-97.89647,22.44372
shape_106A-1,2,-97.89479,22.43789
shape_106A-1,3,-97.88514,22.42238
shape_106A-1,4,-97.88484,22.42089
shape_106A-1,5,-97.88488,22.41922
shape_106A-1,6,-97.89689,22.38587
shape_106A-1,7,-97.89977,22.38258
shape_106A-1,8,-97.90089,22.38075
shape_106A-1,9,-97.90187,22.37675
shape_106A-1,10,-97.90348,22.37439
shape_106A-1,11,-97.90391,22.37371
shape_106A-1,12,-97.90262,22.37233
shape_106A-1,13,-97.90172,22.37085
shape_106A-1,14,-97.90099,22.36937
shape_106A-1,15,-97.89404,22.36167
shape_106A-1,16,-97.88722,22.3543
shape_106A-1,17,-97.88353,22.35123
shape_106A-1,18,-97.88076,22.34986
shape_106A-1,19,-97.87821,22.34773
shape_106A-1,20,-97.87638,22.34587
shape_106A-1,21,-97.87413,22.33833
shape_106A-1,22,-97.87331,22.33634
shape_106A-1,23,-97.87321,22.33527
shape_106A-1,24,-97.87391,22.33126
shape_106A-1,25,-97.87589,22.32554
shape_106A-1,26,-97.8784,22.31653
shape_106A-1,27,-97.88031,22.31109
shape_106A-1,28,-97.88166,22.30665
shape_106A-1,29,-97.88168,22.30482
shape_106A-1,30,-97.87632,22.29605
shape_106A-1,31,-97.87327,22.29108
shape_106A-1,32,-97.86939,22.28739
shape_106A-1,33,-97.86548,22.28457
shape_106A-1,34,-97.86312,22.28147
shape_106A-1,35,-97.86089,22.27957
shape_106A-1,36,-97.85591,22.27639
shape_106A-1,37,-97.85467,22.27436
shape_106A-1,38,-97.85638,22.27528
shape_106A-1,39,-97.85952,22.26682
shape_106A-1,40,-97.86029,22.26384
shape_106A-1,41,-97.86145,22.26156
shape_106A-1,42,-97.86389,22.25721
shape_106A-1,43,-97.86469,22.2552
shape_106A-1,44,-97.86477,22.2531
shape_106A-1,45,-97.86334,22.25274
shape_106A-1,46,-97.86331,22.25075
shape_106A-1,47,-97.86604,22.24988
shape_106A-1,48,-97.86645,22.24758
shape_106A-1,49,-97.86649,22.24535
shape_106A-1,50,-97.86627,22.2413
shape_106A-1,51,-97.86441,22.24146
shape_106A-1,52,-97.86417,22.24118
shape_106A-1,53,-97.86368,22.2412
shape_106A-1,54,-97.8628,22.23063
shape_106A-1,55,-97.86409,22.2304
shape_106A-1,56,-97.86578,22.22948
shape_106A-1,57,-97.86346,22.22368
shape_106A-1,58,-97.86327,22.22062
shape_106A-1,59,-97.86278,22.21947
shape_106A-1,60,-97.85926,22.21798
shape_106A-1,61,-97.85842,22.21754
shape_106A-1,62,-97.85973,22.21522
shape_106A-1,63,-97.8596,22.2152
shape_106A-1,64,-97.85881,22.21482
shape_106A-1,65,-97.85847,22.21564
shape_106A-1,66,-97.86265,22.2175
shape_106A-1,67,-97.86346,22.21568
shape_106A-1,68,-97.86097,22.21462
shape_106A-1,69,-97.85932,22.21798
shape_106A-1,70,-97.86278,22.21947
shape_106A-1,71,-97.86327,22.22062
shape_106A-1,72,-97.86346,22.22368
shape_106A-1,73,-97.86501,22.22738
shape_106A-1,74,-97.86439,22.22889
shape_106A-1,75,-97.86409,22.2304
shape_106A-1,76,-97.86574,22.23558
shape_106A-1,77,-97.86638,22.23759
shape_106A-1,78,-97.86688,22.24096
shape_106A-1,79,-97.86707,22.24227
shape_106A-1,80,-97.86696,22.2436
shape_106A-1,81,-97.86705,22.24517
shape_106A-1,82,-97.86773,22.24706
shape_106A-1,83,-97.86728,22.24942
shape_106A-1,84,-97.86662,22.25135
shape_106A-1,85,-97.86563,22.25324
shape_106A-1,86,-97.86484,22.25423
shape_106A-1,87,-97.86469,22.2552
shape_106A-1,88,-97.86389,22.25721
shape_106A-1,89,-97.86145,22.26156
shape_106A-1,90,-97.86029,22.26384
shape_106A-1,91,-97.85952,22.26682
shape_106A-1,92,-97.85638,22.27528
shape_106A-1,93,-97.85733,22.27635
shape_106A-1,94,-97.86089,22.27957
shape_106A-1,95,-97.86312,22.28147
shape_106A-1,96,-97.86548,22.28457
shape_106A-1,97,-97.86939,22.28739
shape_106A-1,98,-97.87327,22.29108
shape_106A-1,99,-97.87632,22.29605
shape_106A-1,100,-97.88168,22.30482
shape_106A-1,101,-97.88166,22.30665
shape_106A-1,102,-97.88031,22.31109
shape_106A-1,103,-97.8784,22.31653
shape_106A-1,104,-97.87589,22.32554
shape_106A-1,105,-97.87391,22.33126
shape_106A-1,106,-97.87321,22.33527
shape_106A-1,107,-97.87331,22.33634
shape_106A-1,108,-97.87413,22.33833
shape_106A-1,109,-97.87638,22.34587
shape_106A-1,110,-97.87821,22.34773
shape_106A-1,111,-97.88076,22.34986
shape_106A-1,112,-97.88353,22.35123
shape_106A-1,113,-97.88722,22.3543
shape_106A-1,114,-97.89404,22.36167
shape_106A-1,115,-97.90099,22.36937
shape_106A-1,116,-97.90224,22.37036
shape_106A-1,117,-97.90376,22.37185
shape_106A-1,118,-97.90621,22.37425
shape_106A-1,119,-97.90865,22.37649
shape_106A-1,120,-97.91063,22.37869
shape_106A-1,121,-97.90747,22.37581
shape_106A-1,122,-97.90445,22.3742
shape_106A-1,123,-97.90363,22.37453
shape_106A-1,124,-97.90261,22.3755
shape_106A-1,125,-97.90187,22.37675
shape_106A-1,126,-97.90089,22.38075
shape_106A-1,127,-97.89977,22.38258
shape_106A-1,128,-97.89689,22.38587
shape_106A-1,129,-97.88488,22.41922
shape_106A-1,130,-97.88484,22.42089
shape_106A-1,131,-97.88514,22.42238
shape_106A-1,132,-97.89479,22.43789
shape_106A-1,133,-97.89629,22.44372
shape_106A-1,134,-97.88501,22.4461
shape_107A-1,0,-97.97305,22.42194
shape_107A-1,1,-97.97082,22.43303
shape_107A-1,2,-97.97062,22.43507
shape_107A-1,3,-97.95985,22.43376
shape_107A-1,4,-97.94773,22.42523
shape_107A-1,5,-97.9432,22.42005
shape_107A-1,6,-97.9429,22.41938
shape_107A-1,7,-97.94206,22.41726
shape_107A-1,8,-97.93749,22.40643
shape_107A-1,9,-97.93715,22.40462
shape_107A-1,10,-97.93799,22.397
shape_107A-1,11,-97.93758,22.39617
shape_107A-1,12,-97.93449,22.39561
shape_107A-1,13,-97.93273,22.39506
shape_107A-1,14,-97.92968,22.39177
shape_107A-1,15,-97.92436,22.3906
shape_107A-1,16,-97.92355,22.39042
shape_107A-1,17,-97.92252,22.38988
shape_107A-1,18,-97.92194,22.38885
shape_107A-1,19,-97.9205,22.3873
shape_107A-1,20,-97.919,22.38685
shape_107A-1,21,-97.91192,22.3798
shape_107A-1,22,-97.90842,22.37639
shape_107A-1,23,-97.90372,22.37181
shape_107A-1,24,-97.89647,22.36442
shape_107A-1,25,-97.89134,22.35871
shape_107A-1,26,-97.88718,22.3542
shape_107A-1,27,-97.8837,22.35135
shape_107A-1,28,-97.88085,22.3499
shape_107A-1,29,-97.87812,22.34769
shape_107A-1,30,-97.87623,22.34567
shape_107A-1,31,-97.87331,22.33628
shape_107A-1,32,-97.87336,22.33426
shape_107A-1,33,-97.87394,22.33124
shape_107A-1,34,-97.88173,22.30661
shape_107A-1,35,-97.88164,22.30494
shape_107A-1,36,-97.88127,22.30393
shape_107A-1,37,-97.87338,22.29124
shape_107A-1,38,-97.87295,22.28834
shape_107A-1,39,-97.87378,22.2857
shape_107A-1,40,-97.87389,22.28409
shape_107A-1,41,-97.87293,22.28237
shape_107A-1,42,-97.87297,22.27943
shape_107A-1,43,-97.87398,22.27546
shape_107A-1,44,-97.87466,22.27276
shape_107A-1,45,-97.8737,22.27009
shape_107A-1,46,-97.87366,22.26724
shape_107A-1,47,-97.87486,22.26444
shape_107A-1,48,-97.87657,22.25745
shape_107A-1,49,-97.87647,22.255
shape_107A-1,50,-97.87421,22.24841
shape_107A-1,51,-97.87284,22.24603
shape_107A-1,52,-97.86801,22.23526
shape_107A-1,53,-97.86355,22.2238
shape_107A-1,54,-97.86316,22.22066
shape_107A-1,55,-97.85799,22.2184
shape_107A-1,56,-97.85958,22.21514
shape_107A-1,57,-97.85958,22.21514
shape_107A-1,58,-97.85883,22.21474
shape_107A-1,59,-97.85836,22.21558
shape_107A-1,60,-97.86258,22.21748
shape_107A-1,61,-97.86346,22.2157
shape_107A-1,62,-97.86097,22.21456
shape_107A-1,63,-97.85924,22.2179
shape_107A-1,64,-97.86267,22.21943
shape_107A-1,65,-97.86321,22.22068
shape_107A-1,66,-97.86355,22.2238
shape_107A-1,67,-97.86499,22.22742
shape_107A-1,68,-97.86415,22.23016
shape_107A-1,69,-97.86548,22.23494
shape_107A-1,70,-97.86621,22.23711
shape_107A-1,71,-97.8667,22.23939
shape_107A-1,72,-97.86705,22.24521
shape_107A-1,73,-97.86767,22.24698
shape_107A-1,74,-97.86718,22.24954
shape_107A-1,75,-97.86265,22.25097
shape_107A-1,76,-97.86261,22.25331
shape_107A-1,77,-97.8605,22.25733
shape_107A-1,78,-97.85994,22.25836
shape_107A-1,79,-97.86012,22.25939
shape_107A-1,80,-97.86209,22.26042
shape_107A-1,81,-97.86012,22.26487
shape_107A-1,82,-97.85861,22.26976
shape_107A-1,83,-97.8563,22.2754
shape_107A-1,84,-97.86061,22.27921
shape_107A-1,85,-97.86458,22.28324
shape_107A-1,86,-97.86741,22.28584
shape_107A-1,87,-97.86969,22.28757
shape_107A-1,88,-97.87235,22.28914
shape_107A-1,89,-97.8731,22.28991
shape_107A-1,90,-97.87338,22.29124
shape_107A-1,91,-97.88127,22.30393
shape_107A-1,92,-97.88164,22.30494
shape_107A-1,93,-97.88173,22.30661
shape_107A-1,94,-97.87394,22.33124
shape_107A-1,95,-97.87336,22.33426
shape_107A-1,96,-97.87331,22.33628
shape_107A-1,97,-97.87623,22.34567
shape_107A-1,98,-97.87812,22.34769
shape_107A-1,99,-97.88085,22.3499
shape_107A-1,100,-97.8837,22.35135
shape_107A-1,101,-97.88718,22.3542
shape_107A-1,102,-97.89134,22.35871
shape_107A-1,103,-97.89647,22.36442
shape_107A-1,104,-97.90372,22.37181
shape_107A-1,105,-97.90842,22.37639
shape_107A-1,106,-97.91192,22.3798
shape_107A-1,107,-97.919,22.38685
shape_107A-1,108,-97.9205,22.3873
shape_107A-1,109,-97.92194,22.38885
shape_107A-1,110,-97.92252,22.38988
shape_107A-1,111,-97.92355,22.39042
shape_107A-1,112,-97.92436,22.3906
shape_107A-1,113,-97.92968,22.39177
shape_107A-1,114,-97.93273,22.39506
shape_107A-1,115,-97.93449,22.39561
shape_107A-1,116,-97.93758,22.39617
shape_107A-1,117,-97.93799,22.397
shape_107A-1,118,-97.93715,22.40462
shape_107A-1,119,-97.93749,22.40643
shape_107A-1,120,-97.94206,22.41726
shape_107A-1,121,-97.9429,22.41938
shape_107A-1,122,-97.9432,22.42005
shape_107A-1,123,-97.94773,22.42523
shape_107A-1,124,-97.95985,22.43376
shape_107A-1,125,-97.97062,22.43507
shape_107A-1,126,-97.97082,22.43303
shape_103B-1,0,-97.93369,22.41553
shape_103B-1,1,-97.93496,22.41569
shape_103B-1,2,-97.93455,22.41861
shape_103B-1,3,-97.93479,22.41902
shape_103B-1,4,-97.93352,22.42708
shape_103B-1,5,-97.93082,22.42563
shape_103B-1,6,-97.92979,22.42565
shape_103B-1,7,-97.92516,22.42503
shape_103B-1,8,-97.92644,22.41625
shape_103B-1,9,-97.92436,22.41603
shape_103B-1,10,-97.92082,22.41545
shape_103B-1,11,-97.92127,22.4121
shape_103B-1,12,-97.92234,22.41224
shape_103B-1,13,-97.9227,22.40938
shape_103B-1,14,-97.9217,22.40926
shape_103B-1,15,-97.92195,22.40769
shape_103B-1,16,-97.91954,22.40748
shape_103B-1,17,-97.91965,22.40658
shape_103B-1,18,-97.91913,22.40659
shape_103B-1,19,-97.9151,22.4062
shape_103B-1,20,-97.91516,22.40537
shape_103B-1,21,-97.91548,22.40542
shape_103B-1,22,-97.91601,22.40545
shape_103B-1,23,-97.91651,22.40243
shape_103B-1,24,-97.91655,22.40171
shape_103B-1,25,-97.91348,22.4026
shape_103B-1,26,-97.91033,22.40379
shape_103B-1,27,-97.90958,22.40073
shape_103B-1,28,-97.90936,22.3994
shape_103B-1,29,-97.90994,22.39938
shape_103B-1,30,-97.90949,22.39936
shape_103B-1,31,-97.9098,22.39781
shape_103B-1,32,-97.91025,22.39775
shape_103B-1,33,-97.91056,22.39543
shape_103B-1,34,-97.91078,22.39458
shape_103B-1,35,-97.91068,22.39387
shape_103B-1,36,-97.91051,22.39333
shape_103B-1,37,-97.91018,22.39289
shape_103B-1,38,-97.91115,22.39208
shape_103B-1,39,-97.91417,22.39289
shape_103B-1,40,-97.91438,22.39178
shape_103B-1,41,-97.91449,22.39064
shape_103B-1,42,-97.91431,22.38949
shape_103B-1,43,-97.91407,22.38903
shape_103B-1,44,-97.91241,22.38718
shape_103B-1,45,-97.9131,22.38653
shape_103B-1,46,-97.91426,22.38448
shape_103B-1,47,-97.91477,22.38357
shape_103B-1,48,-97.91543,22.38325
shape_103B-1,49,-97.90664,22.37466
shape_103B-1,50,-97.89999,22.3681
shape_103B-1,51,-97.88739,22.3544
shape_103B-1,52,-97.88415,22.35182
shape_103B-1,53,-97.88336,22.35119
shape_103B-1,54,-97.88039,22.34956
shape_103B-1,55,-97.87829,22.34785
shape_103B-1,56,-97.8763,22.34573
shape_103B-1,57,-97.87372,22.33739
shape_103B-1,58,-97.87321,22.33521
shape_103B-1,59,-97.87387,22.33144
shape_103B-1,60,-97.88179,22.30607
shape_103B-1,61,-97.8817,22.3047
shape_103B-1,62,-97.8811,22.30355
shape_103B-1,63,-97.87329,22.29118
shape_103B-1,64,-97.87295,22.28836
shape_103B-1,65,-97.87387,22.28556
shape_103B-1,66,-97.87389,22.28407
shape_103B-1,67,-97.87288,22.28221
shape_103B-1,68,-97.87299,22.27959
shape_103B-1,69,-97.87327,22.27728
shape_103B-1,70,-97.87471,22.27268
shape_103B-1,71,-97.87372,22.27008
shape_103B-1,72,-97.87385,22.26688
shape_103B-1,73,-97.87486,22.26493
shape_103B-1,74,-97.87664,22.25749
shape_103B-1,75,-97.87649,22.25564
shape_103B-1,76,-97.87578,22.25252
shape_103B-1,77,-97.87312,22.24646
shape_103B-1,78,-97.87097,22.24203
shape_103B-1,79,-97.86853,22.23633
shape_103B-1,80,-97.86336,22.22313
shape_103B-1,81,-97.86318,22.22066
shape_103B-1,82,-97.86271,22.21941
shape_103B-1,83,-97.85924,22.21788
shape_103B-1,84,-97.86097,22.21456
shape_103B-1,85,-97.86351,22.21566
shape_103B-1,86,-97.86258,22.2175
shape_103B-1,87,-97.85836,22.21562
shape_103B-1,88,-97.85881,22.21478
shape_103B-1,89,-97.85964,22.21518
shape_103B-1,90,-97.85964,22.21518
shape_103B-1,91,-97.85909,22.21635
shape_103B-1,92,-97.85838,22.21762
shape_103B-1,93,-97.85801,22.2184
shape_103B-1,94,-97.86063,22.21949
shape_103B-1,95,-97.86198,22.22013
shape_103B-1,96,-97.86241,22.2203
shape_103B-1,97,-97.86276,22.2204
shape_103B-1,98,-97.86318,22.22066
shape_103B-1,99,-97.86336,22.22313
shape_103B-1,100,-97.86853,22.23633
shape_103B-1,101,-97.8702,22.24013
shape_103B-1,102,-97.86917,22.24048
shape_103B-1,103,-97.86685,22.24122
shape_103B-1,104,-97.86625,22.24128
shape_103B-1,105,-97.86653,22.24684
shape_103B-1,106,-97.86653,22.24758
shape_103B-1,107,-97.86595,22.24998
shape_103B-1,108,-97.86325,22.25077
shape_103B-1,109,-97.86334,22.2528
shape_103B-1,110,-97.86475,22.25308
shape_103B-1,111,-97.86471,22.25524
shape_103B-1,112,-97.86392,22.25727
shape_103B-1,113,-97.86205,22.26031
shape_103B-1,114,-97.86102,22.26253
shape_103B-1,115,-97.85994,22.26483
shape_103B-1,116,-97.85902,22.26839
shape_103B-1,117,-97.8578,22.27182
shape_103B-1,118,-97.85634,22.27536
shape_103B-1,119,-97.85475,22.2744
shape_103B-1,120,-97.85604,22.27643
shape_103B-1,121,-97.85879,22.27802
shape_103B-1,122,-97.86231,22.28076
shape_103B-1,123,-97.86531,22.28453
shape_103B-1,124,-97.869,22.28711
shape_103B-1,125,-97.8711,22.2887
shape_103B-1,126,-97.87329,22.29118
shape_103B-1,127,-97.8811,22.30355
shape_103B-1,128,-97.8817,22.3047
shape_103B-1,129,-97.88179,22.30607
shape_103B-1,130,-97.87387,22.33144
shape_103B-1,131,-97.87321,22.33521
shape_103B-1,132,-97.87372,22.33739
shape_103B-1,133,-97.8763,22.34573
shape_103B-1,134,-97.87829,22.34785
shape_103B-1,135,-97.88039,22.34956
shape_103B-1,136,-97.88336,22.35119
shape_103B-1,137,-97.88415,22.35182
shape_103B-1,138,-97.88739,22.3544
shape_103B-1,139,-97.89999,22.3681
shape_103B-1,140,-97.90664,22.37466
shape_103B-1,141,-97.91543,22.38325
shape_103B-1,142,-97.91477,22.38357
shape_103B-1,143,-97.91426,22.38448
shape_103B-1,144,-97.9131,22.38653
shape_103B-1,145,-97.91241,22.38718
shape_103B-1,146,-97.91407,22.38903
shape_103B-1,147,-97.91431,22.38949
shape_103B-1,148,-97.91449,22.39064
shape_103B-1,149,-97.91438,22.39178
shape_103B-1,150,-97.91417,22.39289
shape_103B-1,151,-97.91115,22.39208
shape_103B-1,152,-97.91018,22.39289
shape_103B-1,153,-97.91051,22.39333
shape_103B-1,154,-97.91068,22.39387
shape_103B-1,155,-97.91078,22.39458
shape_103B-1,156,-97.91056,22.39543
shape_103B-1,157,-97.91025,22.39775
shape_103B-1,158,-97.9098,22.39781
shape_103B-1,159,-97.90949,22.39936
shape_103B-1,160,-97.90994,22.39938
shape_103B-1,161,-97.90936,22.3994
shape_103B-1,162,-97.90958,22.40073
shape_103B-1,163,-97.91033,22.40379
shape_103B-1,164,-97.91348,22.4026
shape_103B-1,165,-97.91655,22.40171
shape_103B-1,166,-97.91651,22.40243
shape_103B-1,167,-97.91601,22.40545
shape_103B-1,168,-97.91548,22.40542
shape_103B-1,169,-97.91516,22.40537
shape_103B-1,170,-97.9151,22.4062
shape_103B-1,171,-97.91913,22.40659
shape_103B-1,172,-97.91965,22.40658
shape_103B-1,173,-97.91954,22.40748
shape_103B-1,174,-97.92195,22.40769
shape_103B-1,175,-97.9217,22.40926
shape_103B-1,176,-97.9227,22.40938
shape_103B-1,177,-97.92234,22.41224
shape_103B-1,178,-97.92127,22.4121
shape_103B-1,179,-97.92082,22.41545
shape_103B-1,180,-97.92436,22.41603
shape_103B-1,181,-97.92644,22.41625
shape_103B-1,182,-97.92516,22.42503
shape_103B-1,183,-97.92979,22.42565
shape_103B-1,184,-97.93082,22.42563
shape_103B-1,185,-97.93352,22.42708
shape_103B-1,186,-97.93479,22.41902
shape_103B-1,187,-97.93455,22.41861
shape_103B-1,188,-97.93498,22.41565
shape_103B-1,189,-97.93374,22.41553
shape_107-1,0,-97.97305,22.42194
shape_107-1,1,-97.97082,22.43303
shape_107-1,2,-97.97062,22.43507
shape_107-1,3,-97.95985,22.43376
shape_107-1,4,-97.94773,22.42523
shape_107-1,5,-97.9432,22.42005
shape_107-1,6,-97.9429,22.41938
shape_107-1,7,-97.94206,22.41726
shape_107-1,8,-97.93749,22.40643
shape_107-1,9,-97.93715,22.40462
shape_107-1,10,-97.93799,22.397
shape_107-1,11,-97.93758,22.39617
shape_107-1,12,-97.93449,22.39561
shape_107-1,13,-97.93273,22.39506
shape_107-1,14,-97.92968,22.39177
shape_107-1,15,-97.92436,22.3906
shape_107-1,16,-97.92355,22.39042
shape_107-1,17,-97.92252,22.38988
shape_107-1,18,-97.92194,22.38885
shape_107-1,19,-97.9205,22.3873
shape_107-1,20,-97.919,22.38685
shape_107-1,21,-97.91192,22.3798
shape_107-1,22,-97.90842,22.37639
shape_107-1,23,-97.90372,22.37181
shape_107-1,24,-97.89647,22.36442
shape_107-1,25,-97.89134,22.35871
shape_107-1,26,-97.88718,22.3542
shape_107-1,27,-97.8837,22.35135
shape_107-1,28,-97.88085,22.3499
shape_107-1,29,-97.87812,22.34769
shape_107-1,30,-97.87623,22.34567
shape_107-1,31,-97.87331,22.33628
shape_107-1,32,-97.87336,22.33426
shape_107-1,33,-97.87394,22.33124
shape_107-1,34,-97.88173,22.30661
shape_107-1,35,-97.88164,22.30494
shape_107-1,36,-97.88127,22.30393
shape_107-1,37,-97.87338,22.29124
shape_107-1,38,-97.87295,22.28834
shape_107-1,39,-97.87378,22.2857
shape_107-1,40,-97.87389,22.28409
shape_107-1,41,-97.87293,22.28237
shape_107-1,42,-97.87297,22.27943
shape_107-1,43,-97.87398,22.27546
shape_107-1,44,-97.87466,22.27276
shape_107-1,45,-97.8737,22.27009
shape_107-1,46,-97.87366,22.26724
shape_107-1,47,-97.87486,22.26444
shape_107-1,48,-97.87657,22.25745
shape_107-1,49,-97.87647,22.255
shape_107-1,50,-97.87421,22.24841
shape_107-1,51,-97.87284,22.24603
shape_107-1,52,-97.86801,22.23526
shape_107-1,53,-97.86355,22.2238
shape_107-1,54,-97.86321,22.22068
shape_107-1,55,-97.86267,22.21943
shape_107-1,56,-97.85924,22.2179
shape_107-1,57,-97.86097,22.21456
shape_107-1,58,-97.86346,22.2157
shape_107-1,59,-97.86258,22.21748
shape_107-1,60,-97.85836,22.21558
shape_107-1,61,-97.85883,22.21474
shape_107-1,62,-97.85958,22.21514
shape_107-1,63,-97.85967,22.21518
shape_107-1,64,-97.85806,22.21838
shape_107-1,65,-97.86321,22.22068
shape_107-1,66,-97.86355,22.2238
shape_107-1,67,-97.86801,22.23526
shape_107-1,68,-97.86984,22.23909
shape_107-1,69,-97.86763,22.23983
shape_107-1,70,-97.86806,22.24084
shape_107-1,71,-97.86692,22.24126
shape_107-1,72,-97.86621,22.24132
shape_107-1,73,-97.86653,22.24686
shape_107-1,74,-97.866,22.24992
shape_107-1,75,-97.86254,22.25089
shape_107-1,76,-97.86265,22.25256
shape_107-1,77,-97.86237,22.25365
shape_107-1,78,-97.86005,22.25824
shape_107-1,79,-97.8602,22.25945
shape_107-1,80,-97.86194,22.26031
shape_107-1,81,-97.8602,22.26428
shape_107-1,82,-97.8587,22.26948
shape_107-1,83,-97.85638,22.27544
shape_107-1,84,-97.85462,22.2744
shape_107-1,85,-97.85604,22.27643
shape_107-1,86,-97.8575,22.27746
shape_107-1,87,-97.85994,22.27869
shape_107-1,88,-97.86321,22.28171
shape_107-1,89,-97.86548,22.28461
shape_107-1,90,-97.87025,22.28783
shape_107-1,91,-97.87338,22.29124
shape_107-1,92,-97.88127,22.30393
shape_107-1,93,-97.88164,22.30494
shape_107-1,94,-97.88173,22.30661
shape_107-1,95,-97.87394,22.33124
shape_107-1,96,-97.87336,22.33426
shape_107-1,97,-97.87331,22.33628
shape_107-1,98,-97.87623,22.34567
shape_107-1,99,-97.87812,22.34769
shape_107-1,100,-97.88085,22.3499
shape_107-1,101,-97.8837,22.35135
shape_107-1,102,-97.88718,22.3542
shape_107-1,103,-97.89134,22.35871
shape_107-1,104,-97.89647,22.36442
shape_107-1,105,-97.90372,22.37181
shape_107-1,106,-97.90842,22.37639
shape_107-1,107,-97.91192,22.3798
shape_107-1,108,-97.919,22.38685
shape_107-1,109,-97.9205,22.3873
shape_107-1,110,-97.92194,22.38885
shape_107-1,111,-97.92252,22.38988
shape_107-1,112,-97.92355,22.39042
shape_107-1,113,-97.92436,22.3906
shape_107-1,114,-97.92968,22.39177
shape_107-1,115,-97.93273,22.39506
shape_107-1,116,-97.93449,22.39561
shape_107-1,117,-97.93758,22.39617
shape_107-1,118,-97.93799,22.397
shape_107-1,119,-97.93715,22.40462
shape_107-1,120,-97.93749,22.40643
shape_107-1,121,-97.94206,22.41726
shape_107-1,122,-97.9429,22.41938
shape_107-1,123,-97.9432,22.42005
shape_107-1,124,-97.94773,22.42523
shape_107-1,125,-97.95985,22.43376
shape_107-1,126,-97.972,22.43531
shape_107-1,127,-97.97455,22.42224
shape_36-1,0,-97.85836,22.21361
shape_36-1,1,-97.85577,22.21243
shape_36-1,2,-97.853,22.21185
shape_36-1,3,-97.85285,22.21212
shape_36-1,4,-97.84946,22.21054
shape_36-1,5,-97.84739,22.21458
shape_36-1,6,-97.84822,22.21499
shape_36-1,7,-97.84563,22.2199
shape_36-1,8,-97.84197,22.22694
shape_36-1,9,-97.84295,22.2274
shape_36-1,10,-97.84133,22.23053
shape_36-1,11,-97.83988,22.23337
shape_36-1,12,-97.8395,22.23324
shape_36-1,13,-97.83921,22.23377
shape_36-1,14,-97.83879,22.23448
shape_36-1,15,-97.83814,22.23624
shape_36-1,16,-97.83775,22.23679
shape_36-1,17,-97.83721,22.23723
shape_36-1,18,-97.83642,22.23842
shape_36-1,19,-97.83527,22.2403
shape_36-1,20,-97.83711,22.24124
shape_36-1,21,-97.83947,22.2407
shape_36-1,22,-97.8404,22.2412
shape_36-1,23,-97.83695,22.24673
shape_36-1,24,-97.83627,22.24636
shape_36-1,25,-97.83488,22.24855
shape_36-1,26,-97.83506,22.24942
shape_36-1,27,-97.83086,22.25311
shape_36-1,28,-97.83997,22.26225
shape_36-1,29,-97.83586,22.26519
shape_36-1,30,-97.83747,22.26687
shape_36-1,31,-97.83812,22.26812
shape_36-1,32,-97.84064,22.26687
shape_36-1,33,-97.84136,22.26824
shape_36-1,34,-97.84251,22.26781
shape_36-1,35,-97.84277,22.26818
shape_36-1,36,-97.84263,22.26838
shape_36-1,37,-97.84051,22.26902
shape_36-1,38,-97.84194,22.27236
shape_36-1,39,-97.84406,22.27163
shape_36-1,40,-97.84907,22.28382
shape_36-1,41,-97.85424,22.28359
shape_36-1,42,-97.85403,22.28252
shape_36-1,43,-97.85381,22.28165
shape_36-1,44,-97.85402,22.2803
shape_36-1,45,-97.85482,22.27818
shape_36-1,46,-97.85253,22.27521
shape_36-1,47,-97.85272,22.27461
shape_36-1,48,-97.85202,22.27385
shape_36-1,49,-97.8521,22.27301
shape_36-1,50,-97.85355,22.27344
shape_36-1,51,-97.85451,22.27425
shape_36-1,52,-97.85623,22.27673
shape_36-1,53,-97.85917,22.27814
shape_36-1,54,-97.86254,22.28106
shape_36-1,55,-97.86559,22.28475
shape_36-1,56,-97.87065,22.2883
shape_36-1,57,-97.87303,22.29112
shape_36-1,58,-97.87628,22.29595
shape_36-1,59,-97.88153,22.30434
shape_36-1,60,-97.88179,22.30597
shape_36-1,61,-97.88097,22.30927
shape_36-1,62,-97.87394,22.33134
shape_36-1,63,-97.87308,22.33587
shape_36-1,64,-97.87574,22.34428
shape_36-1,65,-97.87694,22.34646
shape_36-1,66,-97.87986,22.34908
shape_36-1,67,-97.88192,22.35047
shape_36-1,68,-97.88393,22.35143
shape_36-1,69,-97.90123,22.3696
shape_36-1,70,-97.90247,22.37212
shape_36-1,71,-97.90441,22.37415
shape_36-1,72,-97.90698,22.37542
shape_36-1,73,-97.91013,22.37814
shape_36-1,74,-97.919,22.38687
shape_36-1,75,-97.92176,22.39069
shape_36-1,76,-97.92114,22.39256
shape_36-1,77,-97.92174,22.39452
shape_36-1,78,-97.92651,22.40119
shape_36-1,79,-97.92934,22.40472
shape_36-1,80,-97.94243,22.4194
shape_36-1,81,-97.94728,22.42491
shape_36-1,82,-97.95084,22.42745
shape_36-1,83,-97.95324,22.42932
shape_36-1,84,-97.95923,22.43362
shape_36-1,85,-97.96756,22.43952
shape_36-1,86,-97.96762,22.43932
shape_36-1,87,-97.95985,22.43382
shape_36-1,88,-97.97204,22.43525
shape_36-1,89,-97.97453,22.42215
shape_36-1,90,-97.97308,22.42193
shape_36-1,91,-97.97054,22.43503
shape_36-1,92,-97.97054,22.43503
shape_36-1,93,-97.97308,22.42193
shape_36-1,94,-97.97453,22.42215
shape_36-1,95,-97.97204,22.43525
shape_36-1,96,-97.95985,22.43382
shape_36-1,97,-97.96762,22.43932
shape_36-1,98,-97.96756,22.43952
shape_36-1,99,-97.95923,22.43362
shape_36-1,100,-97.95324,22.42932
shape_36-1,101,-97.95084,22.42745
shape_36-1,102,-97.94728,22.42491
shape_36-1,103,-97.9429,22.4196
shape_36-1,104,-97.93973,22.41123
shape_36-1,105,-97.93724,22.40615
shape_36-1,106,-97.93814,22.39718
shape_36-1,107,-97.93762,22.39635
shape_36-1,108,-97.93385,22.39548
shape_36-1,109,-97.93282,22.39488
shape_36-1,110,-97.93011,22.39214
shape_36-1,111,-97.92492,22.39095
shape_36-1,112,-97.9235,22.39044
shape_36-1,113,-97.92183,22.38853
shape_36-1,114,-97.92016,22.38722
shape_36-1,115,-97.919,22.38687
shape_36-1,116,-97.91013,22.37814
shape_36-1,117,-97.90698,22.37542
shape_36-1,118,-97.90441,22.37415
shape_36-1,119,-97.90247,22.37212
shape_36-1,120,-97.90123,22.3696
shape_36-1,121,-97.88393,22.35143
shape_36-1,122,-97.88192,22.35047
shape_36-1,123,-97.87986,22.34908
shape_36-1,124,-97.87694,22.34646
shape_36-1,125,-97.87574,22.34428
shape_36-1,126,-97.87308,22.33587
shape_36-1,127,-97.87394,22.33134
shape_36-1,128,-97.88097,22.30927
shape_36-1,129,-97.88179,22.30597
shape_36-1,130,-97.88153,22.30434
shape_36-1,131,-97.87628,22.29595
shape_36-1,132,-97.87303,22.29112
shape_36-1,133,-97.87065,22.2883
shape_36-1,134,-97.86559,22.28475
shape_36-1,135,-97.86254,22.28106
shape_36-1,136,-97.85917,22.27814
shape_36-1,137,-97.85623,22.27673
shape_36-1,138,-97.85451,22.27425
shape_36-1,139,-97.85355,22.27344
shape_36-1,140,-97.8521,22.27301
shape_36-1,141,-97.85202,22.27385
shape_36-1,142,-97.85268,22.27453
shape_36-1,143,-97.8525,22.27529
shape_36-1,144,-97.85212,22.27587
shape_36-1,145,-97.85171,22.27644
shape_36-1,146,-97.85119,22.27713
shape_36-1,147,-97.85228,22.27728
shape_36-1,148,-97.85219,22.27775
shape_36-1,149,-97.85195,22.27915
shape_36-1,150,-97.85167,22.27993
shape_36-1,151,-97.8541,22.28031
shape_36-1,152,-97.85381,22.28165
shape_36-1,153,-97.85403,22.28252
shape_36-1,154,-97.85424,22.28359
shape_36-1,155,-97.84907,22.28382
shape_36-1,156,-97.8452,22.27448
shape_36-1,157,-97.84401,22.275
shape_36-1,158,-97.84295,22.27522
shape_36-1,159,-97.84194,22.27236
shape_36-1,160,-97.84051,22.26902
shape_36-1,161,-97.84263,22.26838
shape_36-1,162,-97.84277,22.26818
shape_36-1,163,-97.84251,22.26781
shape_36-1,164,-97.84136,22.26824
shape_36-1,165,-97.84064,22.26687
shape_36-1,166,-97.83812,22.26812
shape_36-1,167,-97.83747,22.26687
shape_36-1,168,-97.83586,22.26519
shape_36-1,169,-97.83997,22.26225
shape_36-1,170,-97.83086,22.25311
shape_36-1,171,-97.83506,22.24942
shape_36-1,172,-97.83488,22.24855
shape_36-1,173,-97.83627,22.24636
shape_36-1,174,-97.83695,22.24673
shape_36-1,175,-97.8404,22.2412
shape_36-1,176,-97.83947,22.2407
shape_36-1,177,-97.83711,22.24124
shape_36-1,178,-97.83527,22.2403
shape_36-1,179,-97.83642,22.23842
shape_36-1,180,-97.83721,22.23723
shape_36-1,181,-97.83775,22.23679
shape_36-1,182,-97.83814,22.23624
shape_36-1,183,-97.83879,22.23448
shape_36-1,184,-97.83921,22.23377
shape_36-1,185,-97.8395,22.23324
shape_36-1,186,-97.83988,22.23337
shape_36-1,187,-97.84133,22.23053
shape_36-1,188,-97.84295,22.2274
shape_36-1,189,-97.84197,22.22694
shape_36-1,190,-97.84563,22.2199
shape_36-1,191,-97.84822,22.21499
shape_36-1,192,-97.85037,22.21295
shape_36-1,193,-97.85201,22.21369
shape_36-1,194,-97.85158,22.21466
shape_36-1,195,-97.85117,22.2153
shape_36-1,196,-97.8554,22.21725
shape_36-1,197,-97.85758,22.21315
shape_36-1,198,-97.85529,22.21232
shape_36-1,199,-97.85377,22.21206
shape_36-1,200,-97.85308,22.2119
shape_114A-1,0,-98.06821,22.5432
shape_114A-1,1,-98.07441,22.50213
shape_114A-1,2,-98.07231,22.50221
shape_114A-1,3,-98.03395,22.4901
shape_114A-1,4,-98.01045,22.47993
shape_114A-1,5,-97.99197,22.47188
shape_114A-1,6,-97.99092,22.47065
shape_114A-1,7,-97.97122,22.44239
shape_114A-1,8,-97.9706,22.44167
shape_114A-1,9,-97.94696,22.42466
shape_114A-1,10,-97.9456,22.42329
shape_114A-1,11,-97.94301,22.41964
shape_114A-1,12,-97.94249,22.41809
shape_114A-1,13,-97.94112,22.41502
shape_114A-1,14,-97.93719,22.40561
shape_114A-1,15,-97.93801,22.39702
shape_114A-1,16,-97.93769,22.39629
shape_114A-1,17,-97.93342,22.39534
shape_114A-1,18,-97.93213,22.39431
shape_114A-1,19,-97.92981,22.39188
shape_114A-1,20,-97.92451,22.39064
shape_114A-1,21,-97.92342,22.39036
shape_114A-1,22,-97.92273,22.39002
shape_114A-1,23,-97.92198,22.38879
shape_114A-1,24,-97.9208,22.38752
shape_114A-1,25,-97.91874,22.38661
shape_114A-1,26,-97.90683,22.37482
shape_114A-1,27,-97.88724,22.35422
shape_114A-1,28,-97.88351,22.35117
shape_114A-1,29,-97.88005,22.34952
shape_114A-1,30,-97.87664,22.34617
shape_114A-1,31,-97.87591,22.3446
shape_114A-1,32,-97.87319,22.33523
shape_114A-1,33,-97.87398,22.33118
shape_114A-1,34,-97.88185,22.30569
shape_114A-1,35,-97.88155,22.3044
shape_114A-1,36,-97.87331,22.29118
shape_114A-1,37,-97.87306,22.28918
shape_114A-1,38,-97.87306,22.28761
shape_114A-1,39,-97.87409,22.28479
shape_114A-1,40,-97.87293,22.28213
shape_114A-1,41,-97.87306,22.27959
shape_114A-1,42,-97.87321,22.27786
shape_114A-1,43,-97.87466,22.27286
shape_114A-1,44,-97.87389,22.27049
shape_114A-1,45,-97.87378,22.2672
shape_114A-1,46,-97.87451,22.26531
shape_114A-1,47,-97.8766,22.25739
shape_114A-1,48,-97.87647,22.25512
shape_114A-1,49,-97.87612,22.25369
shape_114A-1,50,-97.87391,22.24779
shape_114A-1,51,-97.87303,22.2464
shape_114A-1,52,-97.86344,22.2235
shape_114A-1,53,-97.86327,22.22223
shape_114A-1,54,-97.86327,22.22062
shape_114A-1,55,-97.85799,22.21838
shape_114A-1,56,-97.85958,22.21518
shape_114A-1,57,-97.85958,22.21518
shape_114A-1,58,-97.85879,22.21484
shape_114A-1,59,-97.85842,22.21566
shape_114A-1,60,-97.86263,22.21748
shape_114A-1,61,-97.86344,22.21572
shape_114A-1,62,-97.86097,22.21486
shape_114A-1,63,-97.85892,22.21874
shape_114A-1,64,-97.86327,22.22062
shape_114A-1,65,-97.86327,22.22223
shape_114A-1,66,-97.86344,22.2235
shape_114A-1,67,-97.86501,22.22738
shape_114A-1,68,-97.86409,22.22978
shape_114A-1,69,-97.86537,22.23461
shape_114A-1,70,-97.86647,22.2381
shape_114A-1,71,-97.86705,22.24275
shape_114A-1,72,-97.86694,22.24446
shape_114A-1,73,-97.86765,22.24706
shape_114A-1,74,-97.8673,22.24944
shape_114A-1,75,-97.86673,22.25123
shape_114A-1,76,-97.86477,22.25453
shape_114A-1,77,-97.86456,22.2559
shape_114A-1,78,-97.86389,22.25741
shape_114A-1,79,-97.86055,22.26328
shape_114A-1,80,-97.85941,22.2669
shape_114A-1,81,-97.85842,22.27017
shape_114A-1,82,-97.8563,22.27552
shape_114A-1,83,-97.86273,22.281
shape_114A-1,84,-97.86591,22.28489
shape_114A-1,85,-97.87089,22.28846
shape_114A-1,86,-97.87303,22.28953
shape_114A-1,87,-97.87331,22.29118
shape_114A-1,88,-97.88155,22.3044
shape_114A-1,89,-97.88185,22.30569
shape_114A-1,90,-97.87398,22.33118
shape_114A-1,91,-97.87319,22.33523
shape_114A-1,92,-97.87591,22.3446
shape_114A-1,93,-97.87664,22.34617
shape_114A-1,94,-97.88005,22.34952
shape_114A-1,95,-97.88351,22.35117
shape_114A-1,96,-97.88724,22.35422
shape_114A-1,97,-97.90683,22.37482
shape_114A-1,98,-97.91874,22.38661
shape_114A-1,99,-97.9208,22.38752
shape_114A-1,100,-97.92198,22.38879
shape_114A-1,101,-97.92273,22.39002
shape_114A-1,102,-97.92342,22.39036
shape_114A-1,103,-97.92451,22.39064
shape_114A-1,104,-97.92981,22.39188
shape_114A-1,105,-97.93213,22.39431
shape_114A-1,106,-97.93342,22.39534
shape_114A-1,107,-97.93769,22.39629
shape_114A-1,108,-97.93801,22.39702
shape_114A-1,109,-97.93719,22.40561
shape_114A-1,110,-97.94112,22.41502
shape_114A-1,111,-97.94249,22.41809
shape_114A-1,112,-97.94301,22.41964
shape_114A-1,113,-97.9456,22.42329
shape_114A-1,114,-97.94696,22.42466
shape_114A-1,115,-97.9706,22.44167
shape_114A-1,116,-97.97122,22.44239
shape_114A-1,117,-97.99092,22.47065
shape_114A-1,118,-97.99197,22.47188
shape_114A-1,119,-98.01045,22.47993
shape_114A-1,120,-98.03395,22.4901
shape_114A-1,121,-98.0725,22.50225
shape_114A-1,122,-98.07461,22.50217
shape_114A-1,123,-98.07132,22.52271
shape_114A-1,124,-98.06826,22.54326
shape_11-1,0,-98.07474,22.43424
shape_11-1,1,-98.07414,22.43523
shape_11-1,2,-98.06723,22.44391
shape_11-1,3,-98.06457,22.44729
shape_11-1,4,-98.06285,22.4507
shape_11-1,5,-98.05482,22.44816
shape_11-1,6,-98.01648,22.43527
shape_11-1,7,-98.01569,22.44094
shape_11-1,8,-98.01629,22.44112
shape_11-1,9,-98.01157,22.47372
shape_11-1,10,-98.01058,22.47985
shape_11-1,11,-98.00129,22.47592
shape_11-1,12,-97.99221,22.47194
shape_11-1,13,-97.99052,22.47015
shape_11-1,14,-97.97852,22.4527
shape_11-1,15,-97.97116,22.44225
shape_11-1,16,-97.94944,22.42648
shape_11-1,17,-97.94586,22.42357
shape_11-1,18,-97.9429,22.41968
shape_11-1,19,-97.94258,22.41841
shape_11-1,20,-97.94161,22.41605
shape_11-1,21,-97.93721,22.40579
shape_11-1,22,-97.93803,22.39694
shape_11-1,23,-97.9376,22.39621
shape_11-1,24,-97.93333,22.39532
shape_11-1,25,-97.92949,22.39163
shape_11-1,26,-97.92372,22.39044
shape_11-1,27,-97.92297,22.39018
shape_11-1,28,-97.92198,22.38887
shape_11-1,29,-97.92052,22.38736
shape_11-1,30,-97.91897,22.38671
shape_11-1,31,-97.90704,22.37516
shape_11-1,32,-97.90138,22.36952
shape_11-1,33,-97.88735,22.35428
shape_11-1,34,-97.88273,22.35093
shape_11-1,35,-97.87964,22.34916
shape_11-1,36,-97.87636,22.34579
shape_11-1,37,-97.87323,22.33595
shape_11-1,38,-97.87325,22.33515
shape_11-1,39,-97.87389,22.33124
shape_11-1,40,-97.88177,22.30629
shape_11-1,41,-97.88166,22.30468
shape_11-1,42,-97.87329,22.29114
shape_11-1,43,-97.87295,22.28814
shape_11-1,44,-97.87402,22.28483
shape_11-1,45,-97.87355,22.28352
shape_11-1,46,-97.87284,22.28209
shape_11-1,47,-97.87321,22.27792
shape_11-1,48,-97.87464,22.27282
shape_11-1,49,-97.8737,22.26984
shape_11-1,50,-97.87381,22.26698
shape_11-1,51,-97.8746,22.26537
shape_11-1,52,-97.87621,22.25947
shape_11-1,53,-97.8767,22.25737
shape_11-1,54,-97.87619,22.25397
shape_11-1,55,-97.87396,22.24795
shape_11-1,56,-97.87136,22.24289
shape_11-1,57,-97.86685,22.23214
shape_11-1,58,-97.86366,22.2239
shape_11-1,59,-97.86331,22.22255
shape_11-1,60,-97.86327,22.22066
shape_11-1,61,-97.86265,22.21939
shape_11-1,62,-97.85928,22.2179
shape_11-1,63,-97.86092,22.21457
shape_11-1,64,-97.86345,22.21565
shape_11-1,65,-97.86262,22.21748
shape_11-1,66,-97.85838,22.21561
shape_11-1,67,-97.85884,22.21478
shape_11-1,68,-97.85962,22.21514
shape_11-1,69,-97.85962,22.21514
shape_11-1,70,-97.85801,22.21842
shape_11-1,71,-97.86327,22.22066
shape_11-1,72,-97.86331,22.22255
shape_11-1,73,-97.86366,22.2239
shape_11-1,74,-97.86685,22.23214
shape_11-1,75,-97.87136,22.24289
shape_11-1,76,-97.87396,22.24795
shape_11-1,77,-97.87619,22.25397
shape_11-1,78,-97.8767,22.25737
shape_11-1,79,-97.87621,22.25947
shape_11-1,80,-97.8746,22.26537
shape_11-1,81,-97.87381,22.26698
shape_11-1,82,-97.8737,22.26984
shape_11-1,83,-97.87464,22.27282
shape_11-1,84,-97.87321,22.27792
shape_11-1,85,-97.87284,22.28209
shape_11-1,86,-97.87355,22.28352
shape_11-1,87,-97.87402,22.28483
shape_11-1,88,-97.87295,22.28814
shape_11-1,89,-97.87329,22.29114
shape_11-1,90,-97.88166,22.30468
shape_11-1,91,-97.88177,22.30629
shape_11-1,92,-97.87389,22.33124
shape_11-1,93,-97.87325,22.33515
shape_11-1,94,-97.87323,22.33595
shape_11-1,95,-97.87636,22.34579
shape_11-1,96,-97.87964,22.34916
shape_11-1,97,-97.88273,22.35093
shape_11-1,98,-97.88735,22.35428
shape_11-1,99,-97.90138,22.36952
shape_11-1,100,-97.90704,22.37516
shape_11-1,101,-97.91897,22.38671
shape_11-1,102,-97.92052,22.38736
shape_11-1,103,-97.92198,22.38887
shape_11-1,104,-97.92297,22.39018
shape_11-1,105,-97.92372,22.39044
shape_11-1,106,-97.92949,22.39163
shape_11-1,107,-97.93333,22.39532
shape_11-1,108,-97.9376,22.39621
shape_11-1,109,-97.93803,22.39694
shape_11-1,110,-97.93721,22.40579
shape_11-1,111,-97.94161,22.41605
shape_11-1,112,-97.94258,22.41841
shape_11-1,113,-97.9429,22.41968
shape_11-1,114,-97.94586,22.42357
shape_11-1,115,-97.94944,22.42648
shape_11-1,116,-97.97116,22.44225
shape_11-1,117,-97.97852,22.4527
shape_11-1,118,-97.99052,22.47015
shape_11-1,119,-97.99221,22.47194
shape_11-1,120,-98.00129,22.47592
shape_11-1,121,-98.01058,22.47985
shape_11-1,122,-98.01157,22.47372
shape_11-1,123,-98.01629,22.44112
shape_11-1,124,-98.01569,22.44094
shape_11-1,125,-98.01648,22.43527
shape_11-1,126,-98.05482,22.44816
shape_11-1,127,-98.06285,22.4507
shape_11-1,128,-98.06457,22.44729
shape_11-1,129,-98.06723,22.44391
shape_11-1,130,-98.07414,22.43523
shape_114-1,0,-98.06821,22.5432
shape_114-1,1,-98.07441,22.50213
shape_114-1,2,-98.07231,22.50221
shape_114-1,3,-98.03395,22.4901
shape_114-1,4,-98.01045,22.47993
shape_114-1,5,-97.99197,22.47188
shape_114-1,6,-97.99092,22.47065
shape_114-1,7,-97.97122,22.44239
shape_114-1,8,-97.9706,22.44167
shape_114-1,9,-97.94696,22.42466
shape_114-1,10,-97.9456,22.42329
shape_114-1,11,-97.94301,22.41964
shape_114-1,12,-97.94249,22.41809
shape_114-1,13,-97.94112,22.41502
shape_114-1,14,-97.93719,22.40561
shape_114-1,15,-97.93801,22.39702
shape_114-1,16,-97.93769,22.39629
shape_114-1,17,-97.93342,22.39534
shape_114-1,18,-97.93213,22.39431
shape_114-1,19,-97.92981,22.39188
shape_114-1,20,-97.92451,22.39064
shape_114-1,21,-97.92342,22.39036
shape_114-1,22,-97.92273,22.39002
shape_114-1,23,-97.92198,22.38879
shape_114-1,24,-97.9208,22.38752
shape_114-1,25,-97.91874,22.38661
shape_114-1,26,-97.90683,22.37482
shape_114-1,27,-97.88724,22.35422
shape_114-1,28,-97.88351,22.35117
shape_114-1,29,-97.88005,22.34952
shape_114-1,30,-97.87664,22.34617
shape_114-1,31,-97.87591,22.3446
shape_114-1,32,-97.87319,22.33523
shape_114-1,33,-97.87398,22.33118
shape_114-1,34,-97.88185,22.30569
shape_114-1,35,-97.88155,22.3044
shape_114-1,36,-97.87331,22.29118
shape_114-1,37,-97.87306,22.28918
shape_114-1,38,-97.87306,22.28761
shape_114-1,39,-97.87409,22.28479
shape_114-1,40,-97.87293,22.28213
shape_114-1,41,-97.87306,22.27959
shape_114-1,42,-97.87321,22.27786
shape_114-1,43,-97.87466,22.27286
shape_114-1,44,-97.87389,22.27049
shape_114-1,45,-97.87378,22.2672
shape_114-1,46,-97.87451,22.26531
shape_114-1,47,-97.8766,22.25739
shape_114-1,48,-97.87647,22.25512
shape_114-1,49,-97.87612,22.25369
shape_114-1,50,-97.87391,22.24779
shape_114-1,51,-97.87303,22.2464
shape_114-1,52,-97.86344,22.2235
shape_114-1,53,-97.86327,22.22223
shape_114-1,54,-97.86327,22.22062
shape_114-1,55,-97.86265,22.21941
shape_114-1,56,-97.85926,22.21796
shape_114-1,57,-97.861,22.21452
shape_114-1,58,-97.86344,22.21562
shape_114-1,59,-97.86263,22.2175
shape_114-1,60,-97.8584,22.2156
shape_114-1,61,-97.85879,22.21478
shape_114-1,62,-97.85958,22.21518
shape_114-1,63,-97.85969,22.2152
shape_114-1,64,-97.85801,22.21836
shape_114-1,65,-97.86327,22.22066
shape_114-1,66,-97.86327,22.22223
shape_114-1,67,-97.86344,22.2235
shape_114-1,68,-97.86793,22.23498
shape_114-1,69,-97.86969,22.23913
shape_114-1,70,-97.86763,22.23985
shape_114-1,71,-97.86801,22.24086
shape_114-1,72,-97.86688,22.24124
shape_114-1,73,-97.8663,22.2413
shape_114-1,74,-97.86647,22.24758
shape_114-1,75,-97.86604,22.24992
shape_114-1,76,-97.86331,22.25075
shape_114-1,77,-97.86329,22.25278
shape_114-1,78,-97.8648,22.25314
shape_114-1,79,-97.86471,22.25516
shape_114-1,80,-97.86404,22.25719
shape_114-1,81,-97.86288,22.25923
shape_114-1,82,-97.8605,22.26328
shape_114-1,83,-97.85939,22.26694
shape_114-1,84,-97.85634,22.27552
shape_114-1,85,-97.86265,22.28084
shape_114-1,86,-97.86531,22.28453
shape_114-1,87,-97.87301,22.28961
shape_114-1,88,-97.87331,22.29118
shape_114-1,89,-97.88155,22.3044
shape_114-1,90,-97.88185,22.30569
shape_114-1,91,-97.87398,22.33118
shape_114-1,92,-97.87319,22.33523
shape_114-1,93,-97.87591,22.3446
shape_114-1,94,-97.87664,22.34617
shape_114-1,95,-97.88005,22.34952
shape_114-1,96,-97.88351,22.35117
shape_114-1,97,-97.88724,22.35422
shape_114-1,98,-97.90683,22.37482
shape_114-1,99,-97.91874,22.38661
shape_114-1,100,-97.9208,22.38752
shape_114-1,101,-97.92198,22.38879
shape_114-1,102,-97.92273,22.39002
shape_114-1,103,-97.92342,22.39036
shape_114-1,104,-97.92451,22.39064
shape_114-1,105,-97.92981,22.39188
shape_114-1,106,-97.93213,22.39431
shape_114-1,107,-97.93342,22.39534
shape_114-1,108,-97.93769,22.39629
shape_114-1,109,-97.93801,22.39702
shape_114-1,110,-97.93719,22.40561
shape_114-1,111,-97.94112,22.41502
shape_114-1,112,-97.94249,22.41809
shape_114-1,113,-97.94301,22.41964
shape_114-1,114,-97.9456,22.42329
shape_114-1,115,-97.94696,22.42466
shape_114-1,116,-97.9706,22.44167
shape_114-1,117,-97.97122,22.44239
shape_114-1,118,-97.99092,22.47065
shape_114-1,119,-97.99197,22.47188
shape_114-1,120,-98.01045,22.47993
shape_114-1,121,-98.03395,22.4901
shape_114-1,122,-98.07231,22.50221
shape_114-1,123,-98.07439,22.50213
shape_114-1,124,-98.07218,22.51652
shape_114-1,125,-98.07117,22.52374
shape_114-1,126,-98.06826,22.54324
shape_111A-1,0,-98.07474,22.43424
shape_111A-1,1,-98.07414,22.43523
shape_111A-1,2,-98.06723,22.44391
shape_111A-1,3,-98.06457,22.44729
shape_111A-1,4,-98.06285,22.4507
shape_111A-1,5,-98.05482,22.44816
shape_111A-1,6,-98.01648,22.43527
shape_111A-1,7,-98.01569,22.44094
shape_111A-1,8,-98.01629,22.44112
shape_111A-1,9,-98.01157,22.47372
shape_111A-1,10,-98.01058,22.47985
shape_111A-1,11,-98.00129,22.47592
shape_111A-1,12,-97.99221,22.47194
shape_111A-1,13,-97.99052,22.47015
shape_111A-1,14,-97.97852,22.4527
shape_111A-1,15,-97.97116,22.44225
shape_111A-1,16,-97.94944,22.42648
shape_111A-1,17,-97.94586,22.42357
shape_111A-1,18,-97.9429,22.41968
shape_111A-1,19,-97.94258,22.41841
shape_111A-1,20,-97.94161,22.41605
shape_111A-1,21,-97.93721,22.40579
shape_111A-1,22,-97.93803,22.39694
shape_111A-1,23,-97.9376,22.39621
shape_111A-1,24,-97.93333,22.39532
shape_111A-1,25,-97.92949,22.39163
shape_111A-1,26,-97.92372,22.39044
shape_111A-1,27,-97.92297,22.39018
shape_111A-1,28,-97.92198,22.38887
shape_111A-1,29,-97.92052,22.38736
shape_111A-1,30,-97.91897,22.38671
shape_111A-1,31,-97.90704,22.37516
shape_111A-1,32,-97.90138,22.36952
shape_111A-1,33,-97.88735,22.35428
shape_111A-1,34,-97.88273,22.35093
shape_111A-1,35,-97.87964,22.34916
shape_111A-1,36,-97.87636,22.34579
shape_111A-1,37,-97.87323,22.33595
shape_111A-1,38,-97.87325,22.33515
shape_111A-1,39,-97.87389,22.33124
shape_111A-1,40,-97.88177,22.30629
shape_111A-1,41,-97.88166,22.30468
shape_111A-1,42,-97.87329,22.29114
shape_111A-1,43,-97.87303,22.28973
shape_111A-1,44,-97.87147,22.2888
shape_111A-1,45,-97.86853,22.28673
shape_111A-1,46,-97.86518,22.28421
shape_111A-1,47,-97.86265,22.28092
shape_111A-1,48,-97.8563,22.27548
shape_111A-1,49,-97.85952,22.26702
shape_111A-1,50,-97.8605,22.26344
shape_111A-1,51,-97.86106,22.26265
shape_111A-1,52,-97.86389,22.25741
shape_111A-1,53,-97.86462,22.25538
shape_111A-1,54,-97.8648,22.25449
shape_111A-1,55,-97.86557,22.25314
shape_111A-1,56,-97.86664,22.25141
shape_111A-1,57,-97.86716,22.24948
shape_111A-1,58,-97.86767,22.24712
shape_111A-1,59,-97.8672,22.24573
shape_111A-1,60,-97.86698,22.24442
shape_111A-1,61,-97.86688,22.24118
shape_111A-1,62,-97.86647,22.23802
shape_111A-1,63,-97.86516,22.23409
shape_111A-1,64,-97.86471,22.23188
shape_111A-1,65,-97.86411,22.22972
shape_111A-1,66,-97.86497,22.22746
shape_111A-1,67,-97.86366,22.2239
shape_111A-1,68,-97.86331,22.22255
shape_111A-1,69,-97.86327,22.22066
shape_111A-1,70,-97.86265,22.21939
shape_111A-1,71,-97.85928,22.2179
shape_111A-1,72,-97.86092,22.21457
shape_111A-1,73,-97.86345,22.21565
shape_111A-1,74,-97.86262,22.21748
shape_111A-1,75,-97.85838,22.21561
shape_111A-1,76,-97.85884,22.21478
shape_111A-1,77,-97.85962,22.21514
shape_111A-1,78,-97.85962,22.21514
shape_111A-1,79,-97.85797,22.21838
shape_111A-1,80,-97.86327,22.22066
shape_111A-1,81,-97.86331,22.22255
shape_111A-1,82,-97.86366,22.2239
shape_111A-1,83,-97.86497,22.22746
shape_111A-1,84,-97.8672,22.23329
shape_111A-1,85,-97.86982,22.23907
shape_111A-1,86,-97.86761,22.23987
shape_111A-1,87,-97.86801,22.24085
shape_111A-1,88,-97.86691,22.24123
shape_111A-1,89,-97.86624,22.24128
shape_111A-1,90,-97.86646,22.24442
shape_111A-1,91,-97.86651,22.24737
shape_111A-1,92,-97.866,22.24993
shape_111A-1,93,-97.8633,22.25072
shape_111A-1,94,-97.86336,22.25276
shape_111A-1,95,-97.86475,22.2531
shape_111A-1,96,-97.8648,22.25449
shape_111A-1,97,-97.86462,22.25538
shape_111A-1,98,-97.86389,22.25741
shape_111A-1,99,-97.86106,22.26265
shape_111A-1,100,-97.8605,22.26344
shape_111A-1,101,-97.85952,22.26702
shape_111A-1,102,-97.8563,22.27548
shape_111A-1,103,-97.86265,22.28092
shape_111A-1,104,-97.86518,22.28421
shape_111A-1,105,-97.86853,22.28673
shape_111A-1,106,-97.87147,22.2888
shape_111A-1,107,-97.87303,22.28973
shape_111A-1,108,-97.87329,22.29114
shape_111A-1,109,-97.88166,22.30468
shape_111A-1,110,-97.88177,22.30629
shape_111A-1,111,-97.87389,22.33124
shape_111A-1,112,-97.87325,22.33515
shape_111A-1,113,-97.87323,22.33595
shape_111A-1,114,-97.87636,22.34579
shape_111A-1,115,-97.87964,22.34916
shape_111A-1,116,-97.88273,22.35093
shape_111A-1,117,-97.88735,22.35428
shape_111A-1,118,-97.90138,22.36952
shape_111A-1,119,-97.90704,22.37516
shape_111A-1,120,-97.91897,22.38671
shape_111A-1,121,-97.92052,22.38736
shape_111A-1,122,-97.92198,22.38887
shape_111A-1,123,-97.92297,22.39018
shape_111A-1,124,-97.92372,22.39044
shape_111A-1,125,-97.92949,22.39163
shape_111A-1,126,-97.93333,22.39532
shape_111A-1,127,-97.9376,22.39621
shape_111A-1,128,-97.93803,22.39694
shape_111A-1,129,-97.93721,22.40579
shape_111A-1,130,-97.94161,22.41605
shape_111A-1,131,-97.94258,22.41841
shape_111A-1,132,-97.9429,22.41968
shape_111A-1,133,-97.94586,22.42357
shape_111A-1,134,-97.94944,22.42648
shape_111A-1,135,-97.97116,22.44225
shape_111A-1,136,-97.97852,22.4527
shape_111A-1,137,-97.99052,22.47015
shape_111A-1,138,-97.99221,22.47194
shape_111A-1,139,-98.00129,22.47592
shape_111A-1,140,-98.01058,22.47985
shape_111A-1,141,-98.01157,22.47372
shape_111A-1,142,-98.01629,22.44112
shape_111A-1,143,-98.01569,22.44094
shape_111A-1,144,-98.01648,22.43527
shape_111A-1,145,-98.05482,22.44816
shape_111A-1,146,-98.06285,22.4507
shape_111A-1,147,-98.06457,22.44729
shape_111A-1,148,-98.06723,22.44391
shape_111A-1,149,-98.07414,22.43523
shape_108A-1,0,-98.15707,22.54366
shape_108A-1,1,-98.14982,22.54249
shape_108A-1,2,-98.14949,22.5432
shape_108A-1,3,-98.14969,22.54344
shape_108A-1,4,-98.14913,22.54356
shape_108A-1,5,-98.14864,22.54746
shape_108A-1,6,-98.1484,22.54752
shape_108A-1,7,-98.14791,22.55186
shape_108A-1,8,-98.14366,22.5477
shape_108A-1,9,-98.12709,22.52584
shape_108A-1,10,-98.11081,22.50427
shape_108A-1,11,-98.1095,22.50255
shape_108A-1,12,-98.10827,22.50086
shape_108A-1,13,-98.10675,22.49969
shape_108A-1,14,-98.10358,22.49832
shape_108A-1,15,-98.10038,22.49729
shape_108A-1,16,-98.08716,22.49898
shape_108A-1,17,-98.07976,22.5014
shape_108A-1,18,-98.0727,22.50227
shape_108A-1,19,-98.03547,22.49047
shape_108A-1,20,-98.03169,22.48916
shape_108A-1,21,-98.01045,22.47989
shape_108A-1,22,-97.99217,22.47203
shape_108A-1,23,-97.99075,22.47053
shape_108A-1,24,-97.97127,22.44233
shape_108A-1,25,-97.95073,22.42743
shape_108A-1,26,-97.947,22.42458
shape_108A-1,27,-97.94442,22.42184
shape_108A-1,28,-97.94284,22.4191
shape_108A-1,29,-97.94204,22.41698
shape_108A-1,30,-97.93831,22.40859
shape_108A-1,31,-97.93726,22.40585
shape_108A-1,32,-97.93805,22.3971
shape_108A-1,33,-97.93777,22.39641
shape_108A-1,34,-97.93724,22.39605
shape_108A-1,35,-97.9335,22.3954
shape_108A-1,36,-97.93204,22.39413
shape_108A-1,37,-97.92966,22.39181
shape_108A-1,38,-97.9237,22.39048
shape_108A-1,39,-97.9229,22.39016
shape_108A-1,40,-97.9223,22.3895
shape_108A-1,41,-97.92155,22.38841
shape_108A-1,42,-97.92052,22.38738
shape_108A-1,43,-97.91852,22.38645
shape_108A-1,44,-97.90827,22.37619
shape_108A-1,45,-97.90466,22.37262
shape_108A-1,46,-97.89786,22.36599
shape_108A-1,47,-97.88722,22.35424
shape_108A-1,48,-97.88389,22.35158
shape_108A-1,49,-97.88024,22.3495
shape_108A-1,50,-97.87823,22.34781
shape_108A-1,51,-97.87621,22.34555
shape_108A-1,52,-97.87316,22.33567
shape_108A-1,53,-97.87394,22.33138
shape_108A-1,54,-97.88162,22.30669
shape_108A-1,55,-97.8817,22.30492
shape_108A-1,56,-97.88112,22.30369
shape_108A-1,57,-97.87329,22.29118
shape_108A-1,58,-97.87312,22.28979
shape_108A-1,59,-97.87224,22.28912
shape_108A-1,60,-97.87037,22.28802
shape_108A-1,61,-97.86546,22.28463
shape_108A-1,62,-97.86353,22.28215
shape_108A-1,63,-97.86149,22.28004
shape_108A-1,64,-97.85623,22.2755
shape_108A-1,65,-97.85915,22.26771
shape_108A-1,66,-97.86033,22.264
shape_108A-1,67,-97.86048,22.2633
shape_108A-1,68,-97.86164,22.2611
shape_108A-1,69,-97.86385,22.25721
shape_108A-1,70,-97.86469,22.25514
shape_108A-1,71,-97.86477,22.25437
shape_108A-1,72,-97.86565,22.25318
shape_108A-1,73,-97.867,22.25047
shape_108A-1,74,-97.86718,22.24936
shape_108A-1,75,-97.86765,22.24698
shape_108A-1,76,-97.86694,22.2445
shape_108A-1,77,-97.86707,22.24255
shape_108A-1,78,-97.86615,22.23719
shape_108A-1,79,-97.86505,22.23351
shape_108A-1,80,-97.86411,22.23004
shape_108A-1,81,-97.86428,22.22926
shape_108A-1,82,-97.86495,22.22732
shape_108A-1,83,-97.86361,22.22386
shape_108A-1,84,-97.86329,22.22215
shape_108A-1,85,-97.86321,22.22068
shape_108A-1,86,-97.86273,22.21945
shape_108A-1,87,-97.85924,22.21796
shape_108A-1,88,-97.86097,22.21456
shape_108A-1,89,-97.86346,22.21567
shape_108A-1,90,-97.86261,22.21748
shape_108A-1,91,-97.85837,22.21561
shape_108A-1,92,-97.85881,22.21478
shape_108A-1,93,-97.85964,22.21516
shape_108A-1,94,-97.85964,22.21516
shape_108A-1,95,-97.85801,22.21834
shape_108A-1,96,-97.85892,22.21879
shape_108A-1,97,-97.86327,22.22062
shape_108A-1,98,-97.86329,22.22215
shape_108A-1,99,-97.86361,22.22386
shape_108A-1,100,-97.86495,22.22732
shape_108A-1,101,-97.86911,22.23774
shape_108A-1,102,-97.87226,22.24479
shape_108A-1,103,-97.87402,22.24809
shape_108A-1,104,-97.87569,22.25244
shape_108A-1,105,-97.8764,22.25476
shape_108A-1,106,-97.8766,22.25709
shape_108A-1,107,-97.87529,22.26301
shape_108A-1,108,-97.87359,22.26884
shape_108A-1,109,-97.87471,22.27329
shape_108A-1,110,-97.87308,22.27869
shape_108A-1,111,-97.87291,22.28243
shape_108A-1,112,-97.87419,22.28521
shape_108A-1,113,-97.87293,22.28808
shape_108A-1,114,-97.87312,22.28979
shape_108A-1,115,-97.87329,22.29118
shape_108A-1,116,-97.88112,22.30369
shape_108A-1,117,-97.8817,22.30492
shape_108A-1,118,-97.88162,22.30669
shape_108A-1,119,-97.87394,22.33138
shape_108A-1,120,-97.87316,22.33567
shape_108A-1,121,-97.87621,22.34555
shape_108A-1,122,-97.87823,22.34781
shape_108A-1,123,-97.88024,22.3495
shape_108A-1,124,-97.88389,22.35158
shape_108A-1,125,-97.88722,22.35424
shape_108A-1,126,-97.89786,22.36599
shape_108A-1,127,-97.90466,22.37262
shape_108A-1,128,-97.90827,22.37619
shape_108A-1,129,-97.91852,22.38645
shape_108A-1,130,-97.92052,22.38738
shape_108A-1,131,-97.92155,22.38841
shape_108A-1,132,-97.9223,22.3895
shape_108A-1,133,-97.9229,22.39016
shape_108A-1,134,-97.9237,22.39048
shape_108A-1,135,-97.92966,22.39181
shape_108A-1,136,-97.93204,22.39413
shape_108A-1,137,-97.9335,22.3954
shape_108A-1,138,-97.93724,22.39605
shape_108A-1,139,-97.93777,22.39641
shape_108A-1,140,-97.93805,22.3971
shape_108A-1,141,-97.93726,22.40585
shape_108A-1,142,-97.93831,22.40859
shape_108A-1,143,-97.94204,22.41698
shape_108A-1,144,-97.94284,22.4191
shape_108A-1,145,-97.94442,22.42184
shape_108A-1,146,-97.947,22.42458
shape_108A-1,147,-97.95073,22.42743
shape_108A-1,148,-97.97127,22.44233
shape_108A-1,149,-97.99075,22.47053
shape_108A-1,150,-97.99217,22.47203
shape_108A-1,151,-98.01045,22.47989
shape_108A-1,152,-98.03169,22.48916
shape_108A-1,153,-98.03547,22.49047
shape_108A-1,154,-98.0727,22.50227
shape_108A-1,155,-98.07976,22.5014
shape_108A-1,156,-98.08716,22.49898
shape_108A-1,157,-98.10038,22.49729
shape_108A-1,158,-98.10358,22.49832
shape_108A-1,159,-98.10675,22.49969
shape_108A-1,160,-98.10827,22.50086
shape_108A-1,161,-98.1095,22.50255
shape_108A-1,162,-98.11081,22.50427
shape_108A-1,163,-98.12709,22.52584
shape_108A-1,164,-98.14366,22.5477
shape_108A-1,165,-98.14791,22.55186
shape_108A-1,166,-98.1484,22.54752
shape_108A-1,167,-98.14864,22.54746
shape_108A-1,168,-98.14913,22.54356
shape_108A-1,169,-98.14969,22.54344
shape_108A-1,170,-98.14949,22.5432
shape_108A-1,171,-98.14982,22.54249
shape_108-1,0,-98.15705,22.54366
shape_108-1,1,-98.14997,22.54251
shape_108-1,2,-98.14952,22.54322
shape_108-1,3,-98.14965,22.54352
shape_108-1,4,-98.14917,22.54352
shape_108-1,5,-98.14864,22.54746
shape_108-1,6,-98.14838,22.54756
shape_108-1,7,-98.14786,22.55184
shape_108-1,8,-98.1434,22.54752
shape_108-1,9,-98.13889,22.54138
shape_108-1,10,-98.12275,22.5201
shape_108-1,11,-98.11105,22.50457
shape_108-1,12,-98.1078,22.50037
shape_108-1,13,-98.10576,22.49936
shape_108-1,14,-98.10349,22.4983
shape_108-1,15,-98.10089,22.49743
shape_108-1,16,-98.09937,22.49739
shape_108-1,17,-98.091,22.49848
shape_108-1,18,-98.08639,22.49922
shape_108-1,19,-98.0795,22.50148
shape_108-1,20,-98.07414,22.50213
shape_108-1,21,-98.07255,22.50221
shape_108-1,22,-98.0456,22.49369
shape_108-1,23,-98.03427,22.49016
shape_108-1,24,-97.99204,22.47188
shape_108-1,25,-97.98088,22.45617
shape_108-1,26,-97.97105,22.44209
shape_108-1,27,-97.95078,22.42745
shape_108-1,28,-97.94663,22.42436
shape_108-1,29,-97.94294,22.41936
shape_108-1,30,-97.93788,22.40714
shape_108-1,31,-97.93724,22.40484
shape_108-1,32,-97.93801,22.39663
shape_108-1,33,-97.9335,22.39528
shape_108-1,34,-97.93213,22.39429
shape_108-1,35,-97.92973,22.39183
shape_108-1,36,-97.92488,22.39083
shape_108-1,37,-97.92333,22.39036
shape_108-1,38,-97.92256,22.38976
shape_108-1,39,-97.92146,22.38808
shape_108-1,40,-97.91906,22.38683
shape_108-1,41,-97.91325,22.38121
shape_108-1,42,-97.9069,22.37498
shape_108-1,43,-97.89823,22.36631
shape_108-1,44,-97.88979,22.3569
shape_108-1,45,-97.88722,22.35424
shape_108-1,46,-97.88359,22.35133
shape_108-1,47,-97.87977,22.34918
shape_108-1,48,-97.87634,22.34571
shape_108-1,49,-97.87333,22.33626
shape_108-1,50,-97.87351,22.33309
shape_108-1,51,-97.88175,22.30645
shape_108-1,52,-97.88162,22.30419
shape_108-1,53,-97.87329,22.29116
shape_108-1,54,-97.87299,22.28802
shape_108-1,55,-97.87385,22.28558
shape_108-1,56,-97.87385,22.28401
shape_108-1,57,-97.87284,22.28205
shape_108-1,58,-97.87314,22.27804
shape_108-1,59,-97.87475,22.27284
shape_108-1,60,-97.87372,22.27
shape_108-1,61,-97.87374,22.26708
shape_108-1,62,-97.87464,22.26539
shape_108-1,63,-97.87666,22.25731
shape_108-1,64,-97.87589,22.25314
shape_108-1,65,-97.87376,22.2475
shape_108-1,66,-97.87295,22.24626
shape_108-1,67,-97.86722,22.23335
shape_108-1,68,-97.86364,22.22388
shape_108-1,69,-97.86329,22.22241
shape_108-1,70,-97.86321,22.22066
shape_108-1,71,-97.86263,22.21943
shape_108-1,72,-97.85926,22.21792
shape_108-1,73,-97.86093,22.21454
shape_108-1,74,-97.86346,22.21567
shape_108-1,75,-97.86261,22.21749
shape_108-1,76,-97.85838,22.21562
shape_108-1,77,-97.85882,22.21476
shape_108-1,78,-97.85963,22.21517
shape_108-1,79,-97.85963,22.21517
shape_108-1,80,-97.85799,22.21832
shape_108-1,81,-97.86321,22.22066
shape_108-1,82,-97.86329,22.22241
shape_108-1,83,-97.86364,22.22388
shape_108-1,84,-97.86722,22.23335
shape_108-1,85,-97.86977,22.23902
shape_108-1,86,-97.86758,22.23987
shape_108-1,87,-97.86799,22.24086
shape_108-1,88,-97.8669,22.24122
shape_108-1,89,-97.86623,22.24128
shape_108-1,90,-97.86649,22.24746
shape_108-1,91,-97.86602,22.24994
shape_108-1,92,-97.86325,22.25079
shape_108-1,93,-97.86336,22.25276
shape_108-1,94,-97.86475,22.25306
shape_108-1,95,-97.86473,22.25524
shape_108-1,96,-97.86385,22.25725
shape_108-1,97,-97.86132,22.26181
shape_108-1,98,-97.86046,22.26372
shape_108-1,99,-97.85939,22.26694
shape_108-1,100,-97.85825,22.27077
shape_108-1,101,-97.85643,22.2754
shape_108-1,102,-97.85458,22.27436
shape_108-1,103,-97.8561,22.27659
shape_108-1,104,-97.85883,22.27792
shape_108-1,105,-97.86175,22.28032
shape_108-1,106,-97.8648,22.28358
shape_108-1,107,-97.86754,22.28612
shape_108-1,108,-97.87085,22.28834
shape_108-1,109,-97.87329,22.29116
shape_108-1,110,-97.88162,22.30419
shape_108-1,111,-97.88175,22.30645
shape_108-1,112,-97.87351,22.33309
shape_108-1,113,-97.87333,22.33626
shape_108-1,114,-97.87634,22.34571
shape_108-1,115,-97.87977,22.34918
shape_108-1,116,-97.88359,22.35133
shape_108-1,117,-97.88722,22.35424
shape_108-1,118,-97.88979,22.3569
shape_108-1,119,-97.89823,22.36631
shape_108-1,120,-97.9069,22.37498
shape_108-1,121,-97.91325,22.38121
shape_108-1,122,-97.91906,22.38683
shape_108-1,123,-97.92146,22.38808
shape_108-1,124,-97.922,22.38992
shape_108-1,125,-97.92151,22.39165
shape_108-1,126,-97.92123,22.39349
shape_108-1,127,-97.92421,22.3977
shape_108-1,128,-97.92792,22.40321
shape_108-1,129,-97.93251,22.40805
shape_108-1,130,-97.94209,22.41896
shape_108-1,131,-97.94663,22.42436
shape_108-1,132,-97.95078,22.42745
shape_108-1,133,-97.97105,22.44209
shape_108-1,134,-97.98088,22.45617
shape_108-1,135,-97.99204,22.47188
shape_108-1,136,-98.03427,22.49016
shape_108-1,137,-98.0456,22.49369
shape_108-1,138,-98.07255,22.50221
shape_108-1,139,-98.07414,22.50213
shape_108-1,140,-98.0795,22.50148
shape_108-1,141,-98.08639,22.49922
shape_108-1,142,-98.091,22.49848
shape_108-1,143,-98.09937,22.49739
shape_108-1,144,-98.10089,22.49743
shape_108-1,145,-98.10349,22.4983
shape_108-1,146,-98.10576,22.49936
shape_108-1,147,-98.1078,22.50037
shape_108-1,148,-98.11105,22.50457
shape_108-1,149,-98.12275,22.5201
shape_108-1,150,-98.13889,22.54138
shape_108-1,151,-98.1434,22.54752
shape_108-1,152,-98.14786,22.55184
shape_108-1,153,-98.14838,22.54756
shape_108-1,154,-98.14864,22.54746
shape_108-1,155,-98.14917,22.54352
shape_108-1,156,-98.14965,22.54352
shape_108-1,157,-98.14952,22.54322
shape_108-1,158,-98.14997,22.54251
